ax,ay,az,gx,gy,gz,slot,label
-0.9614,-0.2124,-0.3389,4.146,-12.622,-42.561,3,42
-0.9507,-0.2148,-0.3354,3.841,-13.232,-42.927,3,42
-0.9492,-0.2158,-0.3188,3.171,-14.146,-43.537,3,42
-0.9536,-0.2070,-0.3096,2.256,-14.878,-43.598,3,42
-0.9551,-0.1890,-0.3076,2.073,-15.305,-44.207,3,42
-0.9424,-0.1851,-0.3032,1.890,-15.427,-44.573,3,42
-0.9370,-0.1675,-0.2969,1.463,-16.463,-44.817,3,42
-0.9355,-0.1553,-0.2910,1.646,-16.524,-45.305,3,42
0.5010,1.2339,-0.2793,18.049,-111.890,142.744,2,90
0.5073,1.2192,-0.2651,17.500,-114.024,145.793,2,90
0.5146,1.2080,-0.2646,17.195,-116.220,148.659,2,90
0.5303,1.2085,-0.2515,16.463,-118.049,151.524,2,90
0.5322,1.1978,-0.2324,16.280,-120.183,154.024,2,90
0.5493,1.1909,-0.2300,15.488,-122.256,156.646,2,90
0.5498,1.1865,-0.2085,14.634,-124.024,158.720,2,90
0.5542,1.1792,-0.2070,14.146,-126.098,160.976,2,90
-0.9443,-0.1387,-0.2974,1.890,-16.768,-45.793,3,42
-0.9473,-0.1372,-0.3086,2.134,-17.012,-46.220,3,42
-0.9551,-0.1465,-0.3169,2.561,-17.195,-46.585,3,42
-0.9624,-0.1538,-0.3203,3.780,-17.073,-47.073,3,42
-0.9590,-0.1714,-0.3311,3.902,-17.439,-47.927,3,42
-0.9478,-0.1802,-0.3022,4.146,-18.232,-48.293,3,42
-0.9346,-0.1953,-0.2842,3.171,-19.329,-48.902,3,42
-0.9263,-0.1987,-0.2822,2.500,-20.549,-49.329,3,42
0.5630,1.1729,-0.1753,13.232,-128.049,162.744,2,90
0.5635,1.1660,-0.1792,12.378,-130.183,164.390,2,90
0.5640,1.1543,-0.1714,11.402,-131.768,165.854,2,90
0.5635,1.1514,-0.1602,11.402,-133.720,167.317,2,90
0.5732,1.1372,-0.1729,10.915,-135.061,168.720,2,90
0.5698,1.1265,-0.1606,11.341,-136.768,169.939,2,90
0.5767,1.1196,-0.1514,11.646,-137.744,170.732,2,90
0.5815,1.1108,-0.1704,11.585,-138.415,171.402,2,90
-0.9224,-0.1870,-0.2886,1.341,-21.585,-49.817,3,42
-0.9258,-0.1797,-0.3179,0.671,-22.317,-50.427,3,42
-0.9390,-0.1787,-0.3257,0.854,-22.378,-50.549,3,42
-0.9399,-0.1826,-0.3257,0.854,-22.866,-51.159,3,42
-0.9336,-0.1958,-0.3208,1.463,-23.232,-51.220,3,42
-0.9175,-0.2119,-0.3130,2.073,-23.293,-51.829,3,42
-0.9180,-0.2183,-0.3130,1.646,-23.598,-52.317,3,42
-0.9268,-0.2153,-0.2969,1.402,-24.207,-52.500,3,42
0.5801,1.1040,-0.1631,12.134,-139.451,172.073,2,90
0.5938,1.0947,-0.1582,12.134,-140.122,172.439,2,90
0.5967,1.0854,-0.1572,12.317,-140.183,172.683,2,90
0.5938,1.0698,-0.1548,12.439,-140.976,172.622,2,90
0.6016,1.0645,-0.1548,12.073,-140.305,172.134,2,90
0.6074,1.0596,-0.1401,11.890,-140.610,172.134,2,90
0.6138,1.0576,-0.1362,11.524,-140.427,172.195,2,90
0.6230,1.0513,-0.1348,11.220,-139.878,171.768,2,90
-1.5874,-0.6758,1.7886,-114.939,115.854,-8.598,4,42
-1.5332,-0.6548,1.8408,-113.537,108.049,-5.305,4,42
-1.4639,-0.6304,1.8623,-111.220,100.488,-1.159,4,42
-1.3984,-0.5879,1.8203,-108.598,93.415,2.988,4,42
-1.3218,-0.5205,1.7197,-106.159,85.854,6.768,4,42
-1.2456,-0.4307,1.5288,-104.695,79.573,9.939,4,42
-1.2036,-0.3506,1.2373,-104.390,75.793,12.622,4,42
-1.1880,-0.2832,0.8833,-103.354,74.634,13.232,4,42
-0.7637,-0.0967,-0.6558,-40.305,11.829,197.927,1,90
-0.7661,-0.1128,-0.6558,-40.366,12.561,204.146,1,90
-0.7690,-0.1270,-0.6514,-40.976,13.293,210.000,1,90
-0.7720,-0.1343,-0.6494,-40.976,13.780,216.098,1,90
-0.7788,-0.1504,-0.6436,-41.037,14.268,222.195,1,90
-0.7773,-0.1665,-0.6353,-40.793,15.183,227.927,1,90
-0.7910,-0.1875,-0.6265,-40.610,15.854,233.476,1,90
-0.7842,-0.2065,-0.6338,-40.549,16.280,239.268,1,90
0.6816,1.0708,-0.1040,3.598,-138.659,175.610,2,90
0.6846,1.0718,-0.1060,2.622,-138.232,176.402,2,90
0.6812,1.0713,-0.1162,2.500,-138.110,177.073,2,90
0.6816,1.0732,-0.1182,2.561,-137.988,178.232,2,90
0.6724,1.0688,-0.1309,2.988,-137.866,179.268,2,90
0.6704,1.0713,-0.1392,3.659,-137.439,180.183,2,90
0.6636,1.0664,-0.1436,4.451,-137.256,181.341,2,90
0.6577,1.0601,-0.1445,5.427,-136.890,182.256,2,90
-0.8999,-0.4019,-0.3032,-17.683,-30.244,-55.732,3,42
-0.8984,-0.3740,-0.2871,-17.439,-29.878,-55.427,3,42
-0.8765,-0.3345,-0.3076,-19.695,-32.317,-55.488,3,42
-0.8711,-0.3428,-0.3452,-22.500,-35.610,-55.854,3,42
-0.8809,-0.3413,-0.3286,-23.659,-37.195,-55.427,3,42
-0.8823,-0.3262,-0.3110,-24.573,-38.720,-54.939,3,42
-0.8804,-0.3110,-0.3110,-26.707,-40.976,-55.000,3,42
-0.8799,-0.2847,-0.2783,-30.122,-43.720,-55.610,3,42
-0.8721,-0.4004,-0.7236,-37.012,18.476,284.634,1,90
-0.8926,-0.4136,-0.7314,-36.037,19.085,289.146,1,90
-0.9126,-0.4458,-0.7407,-35.488,18.963,293.354,1,90
-0.9238,-0.4639,-0.7505,-35.122,19.390,297.500,1,90
-0.9370,-0.4819,-0.7681,-34.634,19.634,301.159,1,90
-0.9546,-0.5068,-0.7783,-34.146,19.939,305.305,1,90
-0.9727,-0.5415,-0.8018,-33.476,20.610,308.537,1,90
-0.9897,-0.5718,-0.8101,-32.378,21.524,312.073,1,90
0.6777,0.9375,-0.1006,2.256,-127.805,198.110,2,90
0.6880,0.9204,-0.0889,0.732,-126.402,199.878,2,90
0.6992,0.8906,-0.0864,-0.610,-125.732,202.012,2,90
0.7139,0.8789,-0.0864,-2.134,-124.512,204.146,2,90
0.7295,0.8574,-0.0942,-3.476,-122.927,205.976,2,90
0.7446,0.8364,-0.0879,-5.305,-121.646,207.866,2,90
0.7441,0.8257,-0.0947,-7.561,-120.061,209.878,2,90
0.7593,0.8130,-0.0840,-10.061,-118.110,211.402,2,90
-0.8643,-0.3257,-0.2803,-59.146,-69.939,-58.537,3,42
-0.8813,-0.3086,-0.2813,-62.866,-72.866,-58.902,3,42
-0.8999,-0.2871,-0.2842,-66.585,-75.488,-59.756,3,42
-0.9077,-0.2769,-0.2798,-69.512,-78.110,-60.610,3,42
-0.9063,-0.2622,-0.2666,-71.524,-79.573,-61.159,3,42
-0.9072,-0.2466,-0.2759,-73.598,-81.646,-61.585,3,42
-0.9170,-0.2217,-0.2715,-75.793,-83.537,-61.707,3,42
-0.9312,-0.2178,-0.2446,-78.232,-85.122,-61.768,3,42
0.7642,0.8003,-0.0791,-12.378,-115.915,213.293,2,90
0.7656,0.7871,-0.0850,-15.122,-113.963,214.512,2,90
0.7729,0.7773,-0.0781,-17.500,-111.951,216.037,2,90
0.7788,0.7744,-0.0791,-19.878,-109.451,217.439,2,90
0.7808,0.7617,-0.0806,-22.622,-107.195,218.171,2,90
0.7695,0.7651,-0.0879,-24.451,-104.756,219.329,2,90
0.7632,0.7583,-0.0786,-26.524,-102.378,220.061,2,90
0.7563,0.7559,-0.0737,-28.049,-99.817,220.732,2,90
-0.9473,-0.2441,-0.2324,-80.061,-86.159,-61.829,3,42
-0.9556,-0.3008,-0.2231,-80.000,-85.976,-62.439,3,42
-0.9600,-0.3467,-0.2363,-79.695,-85.061,-63.293,3,42
-0.9419,-0.3926,-0.2290,-78.841,-84.756,-63.598,3,42
-0.9229,-0.4155,-0.2075,-77.622,-84.939,-63.902,3,42
-0.8975,-0.4282,-0.1934,-78.902,-86.341,-63.659,3,42
-0.8916,-0.4380,-0.1719,-81.829,-88.476,-63.415,3,42
-0.8979,-0.4541,-0.1553,-85.244,-90.793,-63.659,3,42
0.7461,0.7534,-0.0796,-29.878,-97.683,220.793,2,90
0.7285,0.7563,-0.0698,-30.976,-95.122,221.220,2,90
0.7158,0.7466,-0.0781,-32.134,-93.232,221.402,2,90
0.6963,0.7378,-0.0757,-32.866,-90.793,221.402,2,90
0.6792,0.7397,-0.0708,-33.537,-89.024,221.220,2,90
0.6582,0.7383,-0.0645,-33.415,-86.890,221.037,2,90
0.6426,0.7271,-0.0630,-33.963,-85.061,220.854,2,90
0.6265,0.7236,-0.0630,-34.024,-83.293,220.427,2,90
-0.9023,-0.4297,-0.1694,-88.232,-92.927,-64.146,3,42
-0.9111,-0.3848,-0.1792,-91.037,-94.573,-64.695,3,42
-0.9214,-0.3296,-0.1582,-93.110,-95.915,-65.427,3,42
-0.9424,-0.2866,-0.1646,-94.939,-97.012,-65.488,3,42
-0.9692,-0.2715,-0.1855,-95.671,-96.829,-65.732,3,42
-0.9751,-0.2700,-0.1758,-94.573,-96.037,-66.463,3,42
-0.9736,-0.2495,-0.1675,-92.805,-95.061,-67.134,3,42
-0.9692,-0.2417,-0.1626,-91.646,-94.756,-68.415,3,42
0.5952,0.7202,-0.0635,-33.902,-81.341,220.000,2,90
0.5781,0.7148,-0.0625,-33.476,-79.756,219.390,2,90
0.5571,0.7012,-0.0659,-33.110,-77.805,219.024,2,90
0.5293,0.7036,-0.0781,-32.195,-76.280,218.598,2,90
0.5205,0.6846,-0.0894,-30.915,-74.390,217.927,2,90
0.4937,0.6768,-0.0967,-29.634,-72.561,217.439,2,90
0.4819,0.6719,-0.0996,-27.317,-70.854,216.890,2,90
0.4668,0.6626,-0.1084,-25.488,-68.537,215.915,2,90
-0.9590,-0.2407,-0.1338,-92.683,-95.000,-69.207,3,42
-0.9614,-0.2510,-0.1362,-92.561,-95.122,-70.183,3,42
-0.9614,-0.2593,-0.1450,-93.049,-95.366,-71.463,3,42
-0.9541,-0.2617,-0.1230,-93.293,-95.549,-72.500,3,42
-0.9507,-0.2656,-0.1270,-93.902,-95.549,-73.293,3,42
-0.9497,-0.2715,-0.1245,-94.512,-95.915,-74.329,3,42
-0.9526,-0.2769,-0.0967,-95.671,-95.793,-75.061,3,42
-0.9585,-0.2959,-0.0840,-96.220,-95.610,-75.671,3,42
0.4360,0.6582,-0.1230,-23.780,-66.768,215.305,2,90
0.4199,0.6572,-0.1255,-21.280,-65.305,214.207,2,90
0.3984,0.6479,-0.1401,-19.390,-63.720,213.049,2,90
0.3711,0.6431,-0.1519,-17.134,-62.195,212.012,2,90
0.3521,0.6436,-0.1553,-14.756,-60.976,210.183,2,90
0.3315,0.6299,-0.1748,-12.073,-59.939,208.902,2,90
0.3042,0.6216,-0.1787,-9.695,-58.902,207.561,2,90
0.2866,0.6206,-0.1943,-7.439,-57.927,205.915,2,90
-0.9561,-0.3101,-0.0874,-95.305,-94.817,-75.976,3,42
-0.9565,-0.3115,-0.0791,-93.720,-93.720,-75.915,3,42
-0.9551,-0.3159,-0.0728,-92.866,-93.049,-76.159,3,42
-0.9512,-0.3267,-0.0659,-90.976,-92.073,-76.159,3,42
-0.9409,-0.3496,-0.0723,-88.598,-90.061,-76.524,3,42
-0.9346,-0.3623,-0.0732,-85.732,-88.232,-76.280,3,42
-0.9302,-0.3613,-0.0645,-82.317,-86.098,-76.159,3,42
-0.9224,-0.3677,-0.0596,-79.390,-84.146,-75.671,3,42
0.2578,0.6099,-0.2104,-5.244,-57.500,204.085,2,90
0.2295,0.6006,-0.2144,-2.927,-56.585,202.744,2,90
0.2095,0.5874,-0.2280,-1.280,-55.854,200.915,2,90
0.1792,0.5825,-0.2466,0.793,-55.305,199.207,2,90
0.1597,0.5679,-0.2612,2.439,-54.390,197.744,2,90
0.1387,0.5557,-0.2651,4.146,-53.598,195.854,2,90
0.1240,0.5439,-0.2813,5.366,-52.622,194.634,2,90
0.0991,0.5322,-0.2900,7.195,-51.585,192.683,2,90
-0.9160,-0.3647,-0.0664,-75.671,-82.256,-74.878,3,42
-0.9180,-0.3540,-0.0757,-72.195,-80.305,-74.451,3,42
-0.9141,-0.3521,-0.0728,-68.841,-78.293,-73.476,3,42
-0.9131,-0.3486,-0.0854,-64.695,-76.159,-72.378,3,42
-0.9136,-0.3496,-0.0991,-60.183,-73.720,-71.341,3,42
-0.9067,-0.3770,-0.1226,-55.915,-71.037,-70.305,3,42
-0.8936,-0.4121,-0.1445,-50.671,-68.415,-69.390,3,42
-0.8843,-0.4585,-0.1465,-45.610,-65.610,-68.537,3,42
0.0767,0.5093,-0.3140,7.988,-50.061,191.220,2,90
0.0645,0.5010,-0.3198,8.780,-48.537,189.268,2,90
0.0435,0.4868,-0.3228,9.573,-46.768,187.561,2,90
0.0332,0.4668,-0.3384,10.671,-45.061,185.732,2,90
0.0112,0.4507,-0.3408,11.402,-43.598,183.720,2,90
0.0088,0.4409,-0.3516,11.829,-41.463,181.463,2,90
-0.0005,0.4282,-0.3599,12.317,-39.390,179.817,2,90
-0.0054,0.4170,-0.3701,13.049,-37.195,177.500,2,90
-0.8677,-0.4780,-0.1567,-41.646,-63.476,-67.622,3,42
-0.8442,-0.5239,-0.1748,-39.268,-62.195,-66.585,3,42
-0.8218,-0.5654,-0.1997,-36.524,-61.220,-65.610,3,42
-0.8115,-0.6006,-0.2231,-34.146,-60.061,-64.268,3,42
-0.7910,-0.6294,-0.2383,-33.049,-59.451,-63.110,3,42
-0.7690,-0.6733,-0.2529,-32.988,-59.573,-62.073,3,42
-0.7651,-0.7207,-0.2749,-33.659,-59.634,-60.732,3,42
-0.7578,-0.7622,-0.2988,-35.061,-60.061,-59.207,3,42
-0.6675,-1.4258,-0.7334,48.171,93.720,195.305,1,90
-0.6416,-1.4170,-0.7227,51.402,94.756,191.585,1,90
-0.6313,-1.4102,-0.7075,54.695,96.220,187.866,1,90
-0.6035,-1.4048,-0.6875,57.988,97.134,183.963,1,90
-0.5903,-1.3936,-0.6841,61.829,98.415,180.488,1,90
-0.5659,-1.3774,-0.6685,65.305,99.085,176.829,1,90
-0.5562,-1.3643,-0.6567,68.780,100.000,173.049,1,90
-0.5264,-1.3599,-0.6523,72.561,100.854,169.512,1,90
-1.7393,-0.1714,0.4326,-120.305,-237.805,-173.293,4,42
-1.7368,-0.1309,0.4570,-111.402,-246.707,-169.451,4,42
-1.7324,-0.0718,0.4712,-104.085,-255.976,-166.829,4,42
-1.7432,-0.0107,0.4824,-98.841,-264.268,-164.268,4,42
-1.7578,0.0474,0.4863,-94.390,-271.646,-163.354,4,42
-1.7813,0.0996,0.4834,-92.012,-277.866,-162.866,4,42
-1.7959,0.1494,0.4805,-91.829,-283.537,-163.780,4,42
-1.8066,0.1782,0.4761,-93.415,-288.537,-165.183,4,42
-0.7417,-0.7729,-0.3452,-47.378,-63.415,-41.037,3,42
-0.7461,-0.7783,-0.3325,-46.646,-63.110,-38.110,3,42
-0.7383,-0.7944,-0.3335,-47.378,-62.988,-35.732,3,42
-0.7422,-0.8198,-0.3467,-47.744,-63.110,-33.841,3,42
-0.7397,-0.8462,-0.3481,-48.293,-63.110,-31.890,3,42
-0.7344,-0.8774,-0.3701,-49.268,-63.110,-29.634,3,42
-0.7310,-0.8984,-0.3823,-49.878,-62.744,-27.927,3,42
-0.7319,-0.9180,-0.3687,-50.854,-62.805,-26.037,3,42
-0.0264,0.2603,-0.3618,0.610,-2.317,142.195,2,90
-0.0181,0.2476,-0.3608,-0.305,-1.037,140.000,2,90
-0.0181,0.2329,-0.3608,-0.915,0.183,137.256,2,90
-0.0137,0.2241,-0.3579,-2.134,1.829,134.207,2,90
-0.0117,0.2207,-0.3506,-2.988,3.171,131.646,2,90
-0.0107,0.2070,-0.3706,-3.659,4.634,128.841,2,90
-0.0103,0.2036,-0.3716,-5.061,5.915,125.732,2,90
-0.0093,0.1968,-0.3701,-6.037,7.683,122.866,2,90
-0.7256,-0.9116,-0.3506,-51.585,-62.622,-23.780,3,42
-0.7168,-0.8940,-0.3291,-52.744,-62.805,-21.463,3,42
-0.7261,-0.8779,-0.3047,-54.817,-63.110,-19.085,3,42
-0.7393,-0.8633,-0.2505,-56.829,-63.780,-16.829,3,42
-0.7510,-0.8301,-0.2095,-59.085,-64.390,-14.573,3,42
-0.7734,-0.7856,-0.1543,-62.378,-65.183,-12.134,3,42
-0.7896,-0.7427,-0.0771,-65.122,-66.707,-9.878,3,42
-0.8257,-0.6958,-0.0381,-68.476,-67.622,-8.171,3,42
-0.8433,-0.6606,0.0024,-71.463,-68.902,-6.159,3,42
-0.8735,-0.6167,0.0479,-73.354,-69.634,-4.512,3,42
-0.8877,-0.5830,0.0874,-75.366,-70.061,-3.537,3,42
-0.9170,-0.5361,0.1108,-76.037,-70.366,-1.951,3,42
-0.9297,-0.4932,0.1265,-77.134,-71.098,-1.098,3,42
-0.9395,-0.4653,0.1353,-77.744,-71.037,-0.183,3,42
-0.9536,-0.4429,0.1362,-78.232,-70.488,0.366,3,42
-0.9805,-0.4214,0.1108,-77.927,-69.329,0.610,3,42
-0.1821,-1.3203,-0.3394,142.561,125.061,91.098,1,90
-0.1572,-1.3184,-0.3252,143.171,124.878,88.415,1,90
-0.1265,-1.3198,-0.3091,143.476,124.329,85.854,1,90
-0.1069,-1.3154,-0.2905,143.841,123.720,83.720,1,90
-0.0840,-1.3130,-0.2837,143.537,122.988,81.159,1,90
-0.0581,-1.3179,-0.2637,143.841,122.317,78.659,1,90
-0.0220,-1.3257,-0.2466,143.354,120.915,76.280,1,90
-0.0005,-1.3237,-0.2329,143.171,119.634,74.207,1,90
0.1489,0.2085,-0.3525,-20.732,33.780,62.439,2,90
0.1548,0.2031,-0.3457,-21.707,34.756,58.780,2,90
0.1616,0.2153,-0.3413,-22.134,35.915,54.573,2,90
0.1626,0.2178,-0.3325,-22.195,36.829,50.183,2,90
0.1777,0.2192,-0.3403,-22.500,38.049,46.341,2,90
0.1802,0.2271,-0.3325,-22.683,38.780,42.073,2,90
0.1929,0.2334,-0.3315,-22.988,39.634,38.293,2,90
0.1978,0.2388,-0.3315,-23.110,40.488,34.268,2,90
-1.0298,-0.2998,0.0762,-24.939,-33.293,4.207,3,42
-1.0601,-0.3257,0.0767,-19.878,-30.000,4.756,3,42
-1.0781,-0.3491,0.0581,-15.427,-25.915,4.512,3,42
-1.0864,-0.3701,0.0581,-11.524,-21.463,3.537,3,42
-1.0762,-0.3579,0.0889,-6.829,-17.439,2.317,3,42
-1.0527,-0.3350,0.1167,-2.927,-14.085,1.037,3,42
-1.0366,-0.2993,0.1377,0.122,-10.671,0.427,3,42
-1.0200,-0.2656,0.1543,4.146,-7.256,-0.061,3,42
0.2896,-1.3633,-0.1245,130.122,94.390,55.976,1,90
0.3169,-1.3682,-0.1035,128.110,90.915,54.512,1,90
0.3394,-1.3799,-0.1060,125.610,87.317,53.110,1,90
0.3701,-1.3843,-0.1045,123.049,83.902,52.134,1,90
0.3960,-1.3984,-0.0957,120.244,79.756,50.976,1,90
0.4136,-1.4058,-0.0972,117.134,75.915,49.817,1,90
0.4346,-1.4111,-0.0972,113.902,71.890,48.780,1,90
0.4526,-1.4243,-0.0981,110.793,67.988,47.927,1,90
0.2432,0.2798,-0.3115,-20.122,44.512,-0.976,2,90
0.2441,0.2827,-0.3032,-19.695,44.451,-4.573,2,90
0.2461,0.2842,-0.3042,-19.756,44.512,-8.415,2,90
0.2515,0.2861,-0.3066,-19.207,44.451,-12.134,2,90
0.2578,0.2832,-0.2998,-19.146,44.268,-15.854,2,90
0.2622,0.2856,-0.3081,-18.780,44.085,-19.268,2,90
0.2612,0.2837,-0.3076,-18.841,44.024,-22.927,2,90
0.2686,0.2778,-0.3081,-18.780,43.902,-26.585,2,90
-1.0347,-0.3145,0.1743,30.000,24.024,-2.439,3,42
-1.0293,-0.3232,0.1621,31.524,26.524,-2.744,3,42
-1.0088,-0.3237,0.1655,34.085,29.268,-3.049,3,42
-0.9917,-0.2974,0.1699,36.768,31.829,-3.232,3,42
-0.9800,-0.2749,0.1855,39.695,34.329,-3.049,3,42
-0.9702,-0.2627,0.1929,41.220,35.488,-2.317,3,42
-0.9570,-0.2954,0.1870,42.744,36.768,-1.585,3,42
-0.9561,-0.3262,0.2026,44.329,37.683,-1.037,3,42
0.4707,-1.5410,-0.1743,74.085,31.220,41.280,1,90
0.4648,-1.5571,-0.1909,69.695,27.927,40.671,1,90
0.4478,-1.5776,-0.2139,65.793,25.000,40.061,1,90
0.4424,-1.5830,-0.2261,61.037,21.159,39.024,1,90
0.4287,-1.5996,-0.2349,57.195,17.500,37.927,1,90
0.4189,-1.6138,-0.2480,52.744,14.268,36.890,1,90
0.4102,-1.6216,-0.2456,48.720,11.220,34.817,1,90
0.3994,-1.6357,-0.2715,44.695,7.988,33.293,1,90
0.2666,0.3047,-0.3799,-10.366,45.366,-55.305,2,90
0.2646,0.3228,-0.3770,-9.329,46.037,-58.476,2,90
0.2729,0.3247,-0.3818,-8.537,46.463,-61.768,2,90
0.2646,0.3364,-0.3784,-7.561,46.220,-64.939,2,90
0.2705,0.3389,-0.3765,-6.707,46.402,-67.866,2,90
0.2729,0.3486,-0.3765,-5.793,46.402,-70.915,2,90
0.2847,0.3550,-0.3789,-4.756,46.341,-73.293,2,90
0.2871,0.3608,-0.3765,-4.085,46.098,-76.524,2,90
-0.9146,-0.4971,0.0688,26.098,30.183,-1.159,3,42
-0.9023,-0.5186,0.0410,23.293,28.720,-0.366,3,42
-0.8945,-0.5352,0.0156,21.037,27.683,0.000,3,42
-0.8872,-0.5547,-0.0278,18.354,26.768,0.488,3,42
-0.8633,-0.5674,-0.0693,15.244,24.817,0.976,3,42
-0.8486,-0.5669,-0.1060,12.683,23.476,1.220,3,42
-0.8350,-0.5645,-0.1265,11.280,22.012,2.073,3,42
-0.8257,-0.5806,-0.1523,9.390,20.549,3.598,3,42
0.3213,-1.6445,-0.3589,4.756,-16.890,6.037,1,90
0.3228,-1.6455,-0.3657,0.549,-18.720,2.744,1,90
0.3296,-1.6406,-0.3682,-3.537,-21.098,-0.427,1,90
0.3247,-1.6357,-0.3726,-7.561,-22.988,-4.085,1,90
0.3223,-1.6309,-0.3682,-12.012,-24.756,-7.683,1,90
0.3232,-1.6196,-0.3540,-16.037,-26.768,-11.220,1,90
0.3296,-1.6304,-0.3608,-20.427,-28.780,-14.939,1,90
0.3291,-1.6294,-0.3643,-25.122,-30.854,-18.171,1,90
-0.7129,1.2246,-0.8013,201.768,51.707,26.341,4,42
-0.7256,1.1353,-0.8135,216.220,66.402,42.012,4,42
-0.7085,1.0527,-0.8428,232.805,77.683,58.171,4,42
-0.6675,0.9619,-0.8862,247.378,82.012,73.171,4,42
-0.6025,0.8765,-0.9043,258.049,80.000,85.854,4,42
-0.5308,0.7915,-0.9150,263.780,72.805,95.854,4,42
-0.4702,0.7251,-0.8955,264.207,61.463,103.902,4,42
-0.4365,0.6616,-0.8706,259.329,48.720,110.549,4,42
0.3145,0.3579,-0.3228,0.854,40.732,-99.390,2,90
0.3115,0.3516,-0.3193,1.402,39.390,-102.012,2,90
0.3101,0.3496,-0.3057,1.524,38.110,-104.878,2,90
0.3027,0.3462,-0.3042,1.341,37.012,-107.805,2,90
0.2910,0.3462,-0.3013,1.341,35.671,-110.549,2,90
0.2832,0.3403,-0.3013,1.341,34.329,-113.902,2,90
0.2759,0.3345,-0.2944,0.976,33.476,-116.768,2,90
0.2734,0.3398,-0.2808,0.671,32.378,-119.512,2,90
-0.4346,0.5801,-0.8271,251.707,35.976,115.732,4,42
-0.4565,0.4878,-0.7681,242.012,23.659,120.793,4,42
-0.5112,0.3882,-0.7378,232.439,14.512,125.000,4,42
-0.5835,0.2788,-0.7124,223.963,8.598,129.329,4,42
-0.6665,0.1514,-0.6973,217.866,6.098,131.951,4,42
-0.7617,0.0317,-0.6792,213.598,7.073,133.537,4,42
-0.8525,-0.0854,-0.6733,210.061,10.793,133.537,4,42
-0.9390,-0.1963,-0.6665,206.402,17.134,131.829,4,42
0.3140,-1.6768,-0.3853,-65.732,-49.512,-52.073,1,90
0.3042,-1.6768,-0.3970,-69.878,-51.707,-56.037,1,90
0.2939,-1.6782,-0.4116,-73.902,-53.720,-59.878,1,90
0.2866,-1.6807,-0.4155,-77.744,-55.183,-63.659,1,90
0.2710,-1.6787,-0.4297,-81.707,-56.524,-67.439,1,90
0.2534,-1.6836,-0.4355,-85.366,-57.439,-71.280,1,90
0.2466,-1.6787,-0.4351,-88.841,-58.537,-75.305,1,90
0.2280,-1.6733,-0.4399,-92.378,-59.207,-78.841,1,90
-1.0229,-0.3232,-0.6665,201.341,24.695,128.659,4,42
-1.1255,-0.4497,-0.6611,197.256,32.561,125.549,4,42
-1.1367,-0.5239,-0.6494,193.110,39.512,123.171,4,42
-1.1509,-0.6069,-0.6206,192.988,43.659,119.512,4,42
-1.1787,-0.7246,-0.5850,194.085,45.915,117.500,4,42
-1.2324,-0.8052,-0.5737,197.561,48.780,114.817,4,42
-1.2139,-0.8394,-0.5645,199.207,52.378,111.280,4,42
-1.2070,-0.8545,-0.5732,199.878,58.841,106.646,4,42
0.2163,-1.6699,-0.4526,-97.500,-60.183,-84.390,1,90
0.1982,-1.6621,-0.4453,-100.610,-60.305,-88.171,1,90
0.1899,-1.6577,-0.4468,-102.988,-61.037,-91.524,1,90
0.1763,-1.6494,-0.4497,-106.341,-61.524,-95.366,1,90
0.1602,-1.6362,-0.4546,-109.024,-61.951,-99.146,1,90
0.1553,-1.6279,-0.4497,-111.768,-61.890,-102.683,1,90
0.1426,-1.6167,-0.4507,-113.841,-62.256,-106.098,1,90
0.1353,-1.6055,-0.4429,-116.220,-62.317,-109.573,1,90
0.1758,0.4077,-0.2056,-9.817,23.780,-162.683,2,90
0.1680,0.4253,-0.2051,-8.476,23.659,-164.817,2,90
0.1758,0.4287,-0.2021,-7.134,23.293,-167.378,2,90
0.1685,0.4341,-0.1992,-6.341,23.171,-169.512,2,90
0.1724,0.4399,-0.2017,-5.305,22.805,-172.134,2,90
0.1738,0.4453,-0.1938,-4.146,22.561,-175.000,2,90
0.1753,0.4570,-0.1968,-3.171,22.317,-177.500,2,90
0.1787,0.4629,-0.1885,-2.073,22.195,-180.183,2,90
-0.9990,-0.4585,0.1084,99.573,75.244,1.585,3,42
-0.9741,-0.4648,0.0820,95.427,74.512,0.305,3,42
-0.9312,-0.4805,0.0171,92.622,73.354,-0.488,3,42
-0.9087,-0.4517,-0.0347,93.049,74.878,-1.037,3,42
-0.9063,-0.4058,-0.0322,94.390,75.793,-0.061,3,42
-0.9004,-0.4131,-0.0088,93.720,75.000,1.341,3,42
-0.8896,-0.4375,-0.0347,95.183,75.305,2.622,3,42
-0.8999,-0.4365,-0.0493,98.720,77.317,3.476,3,42
0.0356,-1.4956,-0.4644,-122.744,-61.890,-140.122,1,90
0.0254,-1.4785,-0.4653,-122.317,-61.585,-143.354,1,90
0.0117,-1.4688,-0.4668,-121.768,-61.280,-146.463,1,90
-0.0049,-1.4619,-0.4639,-120.671,-60.427,-149.146,1,90
-0.0239,-1.4512,-0.4692,-119.573,-59.817,-152.012,1,90
-0.0371,-1.4409,-0.4673,-118.171,-59.390,-154.817,1,90
-0.0581,-1.4292,-0.4727,-116.646,-58.963,-157.561,1,90
-0.0718,-1.4165,-0.4771,-115.061,-58.598,-160.427,1,90
-1.4624,-0.1865,-0.3843,211.098,160.305,65.610,4,42
-1.4648,-0.1235,-0.3936,216.646,160.976,67.439,4,42
-1.4600,-0.0986,-0.4092,223.841,161.402,68.902,4,42
-1.4688,-0.0146,-0.4233,230.610,161.463,70.854,4,42
-1.4600,0.0308,-0.4351,237.439,161.402,72.195,4,42
-1.4575,0.0757,-0.4575,244.451,161.220,73.902,4,42
-1.4595,0.1064,-0.4766,250.427,162.500,75.183,4,42
-1.4590,0.1362,-0.4917,256.402,163.598,75.976,4,42
-0.0889,-1.4136,-0.4756,-112.988,-57.744,-163.293,1,90
-0.1128,-1.3984,-0.4658,-111.159,-57.683,-166.463,1,90
-0.1265,-1.3940,-0.4600,-110.183,-57.073,-168.780,1,90
-0.1450,-1.3960,-0.4619,-109.024,-56.341,-170.915,1,90
-0.1606,-1.3833,-0.4688,-106.341,-55.854,-173.110,1,90
-0.1807,-1.3823,-0.4746,-103.841,-55.122,-175.427,1,90
-0.2134,-1.3799,-0.4761,-100.854,-55.000,-178.354,1,90
-0.2295,-1.3726,-0.4604,-98.049,-54.573,-180.732,1,90
0.2808,0.5762,-0.0376,-0.732,27.073,-221.646,2,90
0.2749,0.5737,-0.0244,-2.622,27.805,-224.451,2,90
0.2979,0.5835,-0.0200,-4.390,28.232,-227.073,2,90
0.2988,0.5859,-0.0068,-6.463,29.146,-229.878,2,90
0.2969,0.5991,0.0083,-8.963,29.695,-232.317,2,90
0.3081,0.6011,0.0195,-11.768,30.000,-235.061,2,90
0.3105,0.6025,0.0181,-14.817,30.366,-237.622,2,90
0.3066,0.6104,0.0308,-18.171,30.854,-240.366,2,90
-0.8613,-0.6069,-0.1318,59.268,52.256,18.110,3,42
-0.8467,-0.6069,-0.1719,50.976,47.378,20.549,3,42
-0.8403,-0.7051,-0.1494,48.598,46.098,22.012,3,42
-0.8145,-0.7456,-0.1401,47.378,44.695,21.768,3,42
-0.8296,-0.6528,-0.1504,48.780,46.402,22.195,3,42
-0.8511,-0.5410,-0.1587,42.195,43.415,24.329,3,42
-0.8364,-0.6694,-0.1821,38.293,40.793,26.951,3,42
-0.8394,-0.7173,-0.1812,41.768,41.341,26.829,3,42
0.3159,0.6152,0.0493,-21.829,31.220,-243.049,2,90
0.3169,0.6245,0.0483,-25.915,31.951,-245.976,2,90
0.3062,0.6294,0.0479,-29.451,32.744,-248.902,2,90
0.3101,0.6392,0.0532,-33.963,33.780,-252.134,2,90
0.3184,0.6475,0.0459,-37.805,35.122,-254.695,2,90
0.3062,0.6646,0.0513,-41.829,37.073,-257.561,2,90
0.3164,0.6787,0.0586,-45.915,38.902,-260.732,2,90
0.3149,0.6948,0.0591,-50.000,41.829,-263.232,2,90
-0.8623,-0.5698,-0.1333,46.220,44.329,27.256,3,42
-0.8623,-0.4863,-0.1338,38.659,40.305,29.878,3,42
-0.8369,-0.6655,-0.1577,35.488,37.988,31.951,3,42
-0.8584,-0.6064,-0.1470,42.805,41.768,31.585,3,42
-0.9058,-0.4282,-0.0654,39.817,40.732,32.988,3,42
-0.8867,-0.5361,-0.1147,31.829,36.402,35.976,3,42
-0.9038,-0.6089,-0.1274,36.220,38.659,36.159,3,42
-0.9639,-0.4712,-0.0688,41.524,42.744,35.793,3,42
0.3066,0.7124,0.0786,-53.354,45.183,-266.037,2,90
0.3062,0.7354,0.0737,-56.280,48.110,-268.354,2,90
0.3120,0.7676,0.0918,-58.780,51.768,-270.732,2,90
0.3071,0.8052,0.0952,-60.488,55.732,-272.805,2,90
0.3140,0.8428,0.0991,-61.829,59.573,-275.244,2,90
0.3169,0.8828,0.1113,-62.317,63.110,-277.317,2,90
0.3257,0.9307,0.1172,-62.927,66.646,-278.963,2,90
0.3291,0.9849,0.1343,-62.256,70.061,-280.793,2,90
-0.9604,-0.4478,-0.1191,36.585,40.671,39.634,3,42
-0.9590,-0.5166,-0.1143,39.146,42.134,40.122,3,42
-0.9604,-0.4868,-0.0957,47.317,46.220,40.000,3,42
-0.9609,-0.3726,-0.0654,50.915,49.329,40.549,3,42
-0.9448,-0.3848,-0.1143,49.085,48.780,42.500,3,42
-0.9502,-0.4951,-0.0957,53.659,51.402,43.780,3,42
-0.9424,-0.4766,-0.0835,60.366,55.427,43.841,3,42
-0.9526,-0.3867,-0.0835,61.524,57.500,44.878,3,42
-0.6851,-1.3984,-0.4009,-26.280,-48.476,-242.500,1,90
-0.7031,-1.4019,-0.3994,-24.268,-48.720,-244.878,1,90
-0.7222,-1.4077,-0.3877,-22.439,-49.268,-246.951,1,90
-0.7368,-1.4141,-0.3906,-20.183,-49.573,-249.268,1,90
-0.7568,-1.4180,-0.3804,-18.232,-49.756,-251.524,1,90
-0.7642,-1.4229,-0.3789,-16.463,-49.878,-253.902,1,90
-0.7798,-1.4243,-0.3813,-14.329,-49.939,-256.220,1,90
-0.8042,-1.4336,-0.3691,-11.951,-49.817,-259.756,1,90
-1.6606,-0.1543,0.4165,180.671,178.537,62.683,4,42
-1.6357,-0.1563,0.4531,175.305,178.902,62.317,4,42
-1.6182,-0.1636,0.5137,168.171,178.780,62.317,4,42
-1.6030,-0.1904,0.5576,159.085,177.805,63.110,4,42
-1.5649,-0.2173,0.6074,149.085,175.976,63.110,4,42
-1.5229,-0.2490,0.6602,140.000,173.293,62.439,4,42
-1.4824,-0.2847,0.7212,132.744,169.695,61.280,4,42
-1.4307,-0.3018,0.7749,127.378,165.488,59.939,4,42
-0.8130,-1.4312,-0.3638,-10.427,-49.939,-262.256,1,90
-0.8257,-1.4409,-0.3560,-8.720,-49.695,-264.817,1,90
-0.8398,-1.4375,-0.3452,-7.195,-49.817,-266.890,1,90
-0.8569,-1.4390,-0.3330,-5.488,-49.817,-269.268,1,90
-0.8618,-1.4463,-0.3271,-3.902,-50.122,-271.646,1,90
-0.8721,-1.4473,-0.3154,-2.561,-49.939,-273.780,1,90
-0.8823,-1.4409,-0.2969,-1.585,-50.305,-276.037,1,90
-0.8911,-1.4395,-0.2900,-0.183,-50.610,-277.866,1,90
0.4829,1.5820,0.1436,-13.963,98.902,-267.561,2,90
0.4902,1.5845,0.1470,-11.280,99.024,-264.268,2,90
0.4912,1.5884,0.1411,-9.207,99.268,-261.768,2,90
0.4971,1.5859,0.1426,-7.195,100.000,-258.659,2,90
0.5015,1.5850,0.1475,-5.671,100.793,-255.549,2,90
0.5068,1.5815,0.1460,-4.329,101.646,-252.256,2,90
0.5190,1.5762,0.1514,-3.720,102.927,-249.390,2,90
0.5239,1.5728,0.1494,-3.232,103.841,-245.915,2,90
-0.9204,-0.5791,0.0454,96.524,99.329,81.829,3,42
-0.9380,-0.6006,-0.0718,93.171,100.244,84.878,3,42
-0.9541,-0.6289,-0.1040,91.829,100.305,86.890,3,42
-0.9717,-0.5972,-0.0718,90.732,100.244,88.171,3,42
-0.9761,-0.5220,-0.0762,87.378,100.061,88.963,3,42
-0.9536,-0.4912,-0.1099,81.341,97.805,90.183,3,42
-0.9351,-0.5498,-0.0918,77.500,96.159,91.159,3,42
-0.9370,-0.5479,-0.0415,76.280,95.976,93.049,3,42
0.5347,1.5640,0.1533,-2.866,105.244,-242.500,2,90
0.5479,1.5503,0.1499,-2.805,106.098,-238.780,2,90
0.5713,1.5474,0.1494,-2.805,107.561,-235.366,2,90
0.5835,1.5435,0.1597,-3.110,108.293,-231.707,2,90
0.5947,1.5332,0.1597,-3.537,109.695,-227.988,2,90
0.6108,1.5430,0.1680,-3.780,110.915,-224.451,2,90
0.6167,1.5361,0.1680,-4.756,112.195,-220.732,2,90
0.6328,1.5522,0.1675,-5.183,113.293,-217.073,2,90
-0.9443,-0.4966,-0.0640,73.476,95.183,96.098,3,42
-0.9419,-0.4839,-0.1162,68.110,92.805,97.744,3,42
-0.9414,-0.4727,-0.1177,63.963,89.695,97.439,3,42
-0.9443,-0.4292,-0.1221,58.841,86.707,97.317,3,42
-0.9468,-0.3794,-0.1978,52.744,84.085,97.439,3,42
-0.9600,-0.3887,-0.2495,46.341,80.976,98.537,3,42
-0.9683,-0.4165,-0.2402,43.902,78.841,99.146,3,42
-0.9990,-0.4263,-0.1934,43.598,79.146,99.878,3,42
-0.9971,-1.4297,-0.2158,23.354,-65.000,-310.793,1,90
-1.0034,-1.4346,-0.2241,24.756,-66.098,-312.988,1,90
-1.0073,-1.4370,-0.2251,26.341,-67.012,-314.939,1,90
-1.0117,-1.4365,-0.2188,27.988,-68.293,-316.707,1,90
-1.0132,-1.4404,-0.2090,29.207,-69.634,-318.415,1,90
-1.0205,-1.4331,-0.2124,30.793,-71.341,-320.244,1,90
-1.0273,-1.4287,-0.2153,32.012,-73.841,-322.927,1,90
-1.0308,-1.4214,-0.2153,32.988,-75.671,-324.756,1,90
0.7202,1.6318,0.0933,-23.537,116.646,-169.878,2,90
0.7148,1.6436,0.0869,-24.695,116.341,-163.780,2,90
0.7212,1.6479,0.0713,-25.976,116.341,-157.439,2,90
0.7339,1.6499,0.0601,-28.049,115.671,-151.159,2,90
0.7505,1.6553,0.0474,-30.183,115.183,-144.268,2,90
0.7642,1.6567,0.0327,-32.500,115.000,-137.683,2,90
0.7769,1.6479,0.0225,-34.817,115.000,-130.793,2,90
0.8018,1.6494,0.0088,-37.073,115.000,-123.232,2,90
-1.3291,-0.0151,0.0757,26.402,69.451,116.829,3,42
-1.5308,0.1504,0.1357,26.829,67.256,123.720,3,42
-1.6880,0.4404,0.3657,29.878,64.634,133.293,3,42
-1.6636,0.6841,0.6401,30.915,61.280,143.902,3,42
-1.4292,0.7402,0.7974,32.927,61.220,148.049,3,42
-1.1719,0.6680,0.9395,39.756,64.207,145.610,3,42
-0.8735,0.5630,0.9751,43.537,67.866,139.085,3,42
-0.8999,0.2231,0.7261,41.646,69.512,131.037,3,42
-1.0796,-1.3760,-0.2241,40.183,-89.939,-340.000,1,90
-1.0845,-1.3652,-0.2202,40.915,-91.890,-341.768,1,90
-1.0942,-1.3687,-0.2319,41.341,-93.720,-343.354,1,90
-1.1074,-1.3545,-0.2329,41.707,-95.366,-345.427,1,90
-1.1113,-1.3491,-0.2295,42.622,-96.463,-347.134,1,90
-1.1104,-1.3423,-0.2363,43.110,-98.110,-349.329,1,90
-1.1191,-1.3330,-0.2402,43.476,-99.573,-351.159,1,90
-1.1270,-1.3140,-0.2339,43.841,-101.098,-353.232,1,90
1.0859,1.5630,-0.0439,-41.707,119.817,-52.378,2,90
1.1152,1.5483,-0.0488,-40.671,119.756,-44.817,2,90
1.1528,1.5430,-0.0591,-39.512,119.390,-37.256,2,90
1.1782,1.5347,-0.0669,-37.805,118.415,-30.000,2,90
1.2021,1.5288,-0.0728,-35.915,117.805,-22.134,2,90
1.2178,1.5225,-0.0977,-33.902,116.951,-14.634,2,90
1.2310,1.5234,-0.0747,-31.220,116.402,-7.622,2,90
1.2266,1.5107,-0.1084,-29.512,115.854,-0.244,2,90
-1.1646,-0.0020,-0.1167,104.634,100.732,124.329,3,42
-1.1040,-0.0161,-0.1445,112.866,105.366,123.110,3,42
-0.9507,-0.0659,-0.2539,123.841,110.976,119.573,3,42
-0.7983,-0.1450,-0.3242,128.598,111.646,115.122,3,42
-0.6880,-0.2393,-0.3555,129.573,111.159,111.585,3,42
-0.5112,-0.2925,-0.3921,122.744,107.866,107.744,3,42
-0.3779,-0.2798,-0.4624,112.256,102.012,103.293,3,42
-0.2739,-0.3003,-0.6152,99.451,94.207,98.598,3,42
-1.2036,-1.3101,-0.2207,50.793,-120.305,-370.244,1,90
-1.2109,-1.3223,-0.2129,51.768,-122.378,-372.439,1,90
-1.2192,-1.3345,-0.1982,53.232,-125.244,-374.085,1,90
-1.2324,-1.3296,-0.2065,54.695,-127.744,-376.280,1,90
-1.2549,-1.3394,-0.2065,56.463,-130.122,-378.354,1,90
-1.2534,-1.3462,-0.2026,58.415,-132.683,-380.549,1,90
-1.2705,-1.3433,-0.2183,61.402,-136.402,-383.293,1,90
-1.2803,-1.3521,-0.2212,63.841,-138.171,-385.427,1,90
-2.2705,-0.5596,3.0225,120.976,-150.244,-19.329,4,42
-1.9082,-0.5039,2.4673,112.622,-148.110,-30.244,4,42
-1.7529,-0.3989,1.6523,110.732,-138.720,-31.890,4,42
-1.7358,-0.3667,0.8818,109.329,-126.402,-28.598,4,42
-1.8140,-0.4385,0.3589,113.293,-115.793,-21.402,4,42
-1.9331,-0.3726,0.0728,120.549,-109.573,-11.890,4,42
-2.1357,-0.2231,-0.2021,113.415,-104.451,-3.476,4,42
-2.3745,-0.1582,-0.5562,93.963,-99.939,0.000,4,42
-1.2852,-1.3418,-0.2261,65.915,-140.000,-387.195,1,90
-1.2930,-1.3486,-0.2373,68.110,-140.976,-389.329,1,90
-1.2939,-1.3472,-0.2495,70.122,-142.134,-391.220,1,90
-1.2910,-1.3452,-0.2622,71.524,-142.744,-392.622,1,90
-1.2861,-1.3330,-0.2676,73.415,-143.841,-394.390,1,90
-1.2773,-1.3242,-0.2866,74.146,-144.329,-395.183,1,90
-1.2656,-1.3257,-0.3101,75.610,-145.183,-395.854,1,90
-1.2510,-1.3164,-0.3423,76.463,-146.159,-396.159,1,90
-2.5820,-0.1670,-0.8975,75.244,-97.439,1.220,4,42
-2.6235,-0.2275,-1.0957,58.232,-96.220,2.317,4,42
-2.5186,-0.2515,-1.0508,40.854,-99.390,5.000,4,42
-2.4634,-0.1938,-0.5342,21.159,-116.707,15.000,4,42
-1.6890,-0.3228,-0.2363,-6.707,-147.805,34.695,4,42
-1.1289,-0.9478,-0.0791,-37.744,-125.305,24.329,4,42
-0.5366,-1.1660,0.8633,-68.841,-140.000,19.939,4,42
0.3188,-1.6611,0.9614,-108.476,-148.963,17.317,4,42
-1.2466,-1.3193,-0.3643,77.073,-146.829,-396.098,1,90
-1.2388,-1.3296,-0.3867,77.256,-147.561,-395.671,1,90
-1.2275,-1.3428,-0.4102,77.561,-148.049,-395.122,1,90
-1.2285,-1.3501,-0.4346,76.524,-148.171,-394.207,1,90
-1.2378,-1.3599,-0.4419,74.573,-148.537,-393.049,1,90
-1.2422,-1.3638,-0.4517,71.585,-149.207,-391.463,1,90
-1.2573,-1.3628,-0.4692,68.049,-149.817,-389.634,1,90
-1.2646,-1.3682,-0.5049,63.841,-151.646,-387.317,1,90
0.2368,-1.7788,1.3262,-136.768,-120.305,13.720,4,42
-0.0547,-1.7275,2.0479,-155.610,-118.293,23.293,4,42
-0.1836,-1.7329,2.0464,-183.902,-125.488,28.171,4,42
-0.3730,-1.6880,1.8979,-197.195,-100.244,27.744,4,42
-0.7153,-1.4658,2.1348,-194.024,-76.585,33.780,4,42
-0.8232,-1.3589,2.1470,-196.768,-70.305,39.085,4,42
-0.8301,-1.3042,1.9575,-193.354,-59.573,38.415,4,42
-0.7637,-1.0098,1.7402,-182.927,-42.134,34.939,4,42
-1.2729,-1.3584,-0.5435,60.122,-153.049,-384.451,1,90
-1.2900,-1.3467,-0.5703,55.976,-154.573,-381.890,1,90
-1.3057,-1.3306,-0.6152,52.012,-155.305,-378.720,1,90
-1.3281,-1.3115,-0.6455,47.805,-155.427,-375.854,1,90
-1.3472,-1.2861,-0.6719,43.354,-155.244,-372.683,1,90
-1.3594,-1.2646,-0.7139,38.537,-154.024,-369.207,1,90
-1.3750,-1.2451,-0.7319,34.024,-152.439,-365.488,1,90
-1.3940,-1.2178,-0.7690,29.085,-149.878,-362.012,1,90
-0.9565,-0.7202,1.4932,-167.561,-17.073,36.585,4,42
-1.1855,-0.5132,1.2832,-146.220,-1.280,38.415,4,42
-1.3892,-0.4175,0.9888,-130.854,11.951,34.817,4,42
-1.5908,-0.4331,0.7739,-113.415,21.768,30.122,4,42
-1.7695,-0.5029,0.6289,-95.793,28.354,26.463,4,42
-1.9365,-0.4658,0.7520,-72.561,27.378,26.768,4,42
-2.2827,-0.6299,0.9565,-45.122,26.707,31.646,4,42
-2.8623,-1.5874,1.6533,-28.415,30.122,30.488,4,42
-1.4019,-1.1885,-0.7920,24.024,-147.378,-358.476,1,90
-1.4175,-1.1597,-0.8164,18.902,-143.841,-354.695,1,90
-1.4180,-1.1201,-0.8350,13.598,-140.915,-350.793,1,90
-1.4106,-1.0869,-0.8647,7.988,-137.744,-346.341,1,90
-1.4170,-1.0400,-0.8857,2.500,-133.659,-341.280,1,90
-1.4126,-0.9766,-0.9097,-6.707,-128.415,-333.720,1,90
-1.4121,-0.9312,-0.9302,-13.232,-124.268,-327.927,1,90
-1.4160,-0.8853,-0.9546,-19.939,-120.793,-321.951,1,90
-3.6514,-2.9722,2.3550,-24.573,25.061,17.927,4,42
-4.1958,-3.2217,2.0015,-23.659,24.268,-11.646,4,42
-4.3203,-1.6807,0.6787,-24.024,18.293,-35.122,4,42
-4.5195,0.4990,-0.4478,-16.646,12.805,-23.415,4,42
-4.3975,2.0410,-1.2227,8.537,7.683,11.585,4,42
-3.6221,2.3198,-1.1597,31.890,1.159,40.854,4,42
-2.6274,1.4814,-0.5444,38.963,-7.927,43.902,4,42
-1.5537,0.1440,0.0371,34.329,-12.378,26.890,4,42
-1.4072,-0.8423,-0.9888,-27.256,-117.256,-315.671,1,90
-1.3984,-0.7910,-1.0049,-34.634,-113.476,-308.841,1,90
-1.3921,-0.7505,-1.0366,-41.951,-109.817,-302.073,1,90
-1.3960,-0.6841,-1.0654,-48.537,-106.098,-294.390,1,90
-1.4019,-0.6172,-1.0889,-56.159,-102.317,-286.829,1,90
-1.4092,-0.5474,-1.1138,-63.537,-98.963,-278.293,1,90
-1.4229,-0.4707,-1.1455,-70.732,-95.732,-270.183,1,90
-1.4277,-0.3833,-1.1777,-77.256,-92.073,-261.098,1,90
-0.8608,-0.8896,0.4014,20.061,-9.634,10.915,4,42
-0.3716,-1.3818,0.5142,12.500,0.244,-3.659,4,42
-0.3569,-1.4238,0.6895,8.354,-0.366,-8.720,4,42
0.0957,-1.0981,1.0073,-4.451,-17.439,-18.720,4,42
0.2959,-0.6128,0.8789,-37.439,2.500,-30.732,4,42
-0.1924,-0.0933,1.2734,-49.207,19.695,-12.805,4,42
-0.6548,0.0195,1.2891,-58.476,28.049,9.573,4,42
-1.1011,-0.0645,1.2031,-60.183,43.110,20.610,4,42
-1.4448,-0.2905,-1.1938,-83.720,-88.598,-251.098,1,90
-1.4590,-0.2036,-1.2129,-89.939,-84.695,-240.610,1,90
-1.4712,-0.1040,-1.2285,-95.427,-80.305,-229.451,1,90
-1.4751,-0.0059,-1.2329,-100.183,-74.695,-217.988,1,90
-1.4854,0.0962,-1.2524,-103.598,-69.085,-205.915,1,90
-1.4927,0.1987,-1.2417,-105.671,-62.439,-193.476,1,90
-1.4839,0.3037,-1.2446,-106.463,-54.878,-181.098,1,90
-1.4736,0.4067,-1.2300,-105.793,-46.402,-168.476,1,90
0.9307,0.9517,-0.3384,72.439,-15.061,202.561,2,90
0.9829,0.9365,-0.3359,68.780,-22.439,200.549,2,90
1.0347,0.9268,-0.3491,65.061,-30.305,197.134,2,90
1.0820,0.9312,-0.3931,60.610,-38.171,193.720,2,90
1.1143,0.9272,-0.4165,56.707,-46.341,189.390,2,90
1.1240,0.9370,-0.4531,53.232,-53.780,184.451,2,90
1.1323,0.9570,-0.4824,48.963,-60.793,179.207,2,90
1.1206,0.9868,-0.5098,44.146,-66.829,173.293,2,90
-1.1772,-0.0791,-0.3257,37.073,6.768,-1.159,3,42
-1.1602,-0.1577,-0.3291,37.988,6.341,-4.451,3,42
-1.1050,-0.1899,-0.3604,36.463,4.939,-8.476,3,42
-1.0425,-0.1836,-0.3721,33.537,2.927,-12.012,3,42
-0.9868,-0.1382,-0.3696,30.000,0.732,-16.098,3,42
-0.9331,-0.0566,-0.3667,26.524,-1.402,-19.451,3,42
-0.9058,0.0024,-0.3506,23.354,-3.659,-22.744,3,42
-0.8906,0.0928,-0.3145,21.159,-5.122,-25.244,3,42
1.0859,1.0273,-0.5371,38.902,-72.317,167.317,2,90
1.0444,1.0776,-0.5562,33.598,-77.134,161.341,2,90
0.9858,1.1255,-0.5947,28.110,-81.524,155.366,2,90
0.9312,1.1938,-0.6157,23.171,-85.854,149.573,2,90
0.8740,1.2690,-0.6465,18.720,-90.122,144.207,2,90
0.8042,1.3389,-0.6680,14.268,-94.268,139.512,2,90
0.7407,1.4063,-0.6660,10.305,-97.927,135.122,2,90
0.6855,1.4780,-0.6729,6.341,-102.317,130.793,2,90
-0.9077,0.1914,-0.2622,19.329,-6.707,-27.134,3,42
-0.9453,0.2529,-0.2319,18.537,-7.866,-30.061,3,42
-0.9941,0.3057,-0.2051,18.963,-8.415,-31.707,3,42
-1.0352,0.3359,-0.1768,19.695,-8.476,-33.841,3,42
-1.0464,0.3257,-0.1748,20.122,-8.841,-35.793,3,42
-1.0391,0.2813,-0.1865,21.341,-9.207,-37.744,3,42
-1.0376,0.1938,-0.2051,22.500,-8.841,-38.841,3,42
-1.0146,0.1313,-0.2207,23.354,-8.659,-40.427,3,42
-0.6885,1.4204,-1.4297,14.817,67.195,94.695,1,90
-0.6743,1.4136,-1.4331,20.915,70.305,114.207,1,90
-0.6758,1.4272,-1.4219,26.951,73.720,133.354,1,90
-0.6758,1.4219,-1.4043,32.195,77.500,152.805,1,90
-0.6924,1.4248,-1.3672,37.256,80.793,172.683,1,90
-0.7065,1.4229,-1.3359,41.768,83.963,192.073,1,90
-0.7266,1.4141,-1.3149,46.159,87.134,211.402,1,90
-0.7534,1.4009,-1.2925,50.061,89.573,230.122,1,90
0.2129,1.6450,-0.5054,-30.732,-132.378,116.829,2,90
0.2036,1.6108,-0.4766,-35.305,-133.537,117.622,2,90
0.1938,1.5610,-0.4507,-39.695,-134.146,119.024,2,90
0.2100,1.5166,-0.4214,-43.780,-134.634,120.305,2,90
0.2251,1.4741,-0.4028,-47.500,-134.451,122.317,2,90
0.2495,1.4204,-0.3530,-50.976,-134.207,123.780,2,90
0.2852,1.3706,-0.3267,-54.268,-133.902,126.220,2,90
0.3242,1.3135,-0.2930,-56.768,-133.902,128.354,2,90
-0.8940,-0.2881,-0.4102,25.183,-8.780,-54.329,3,42
-0.8921,-0.2739,-0.3779,22.927,-10.244,-54.878,3,42
-0.8916,-0.2563,-0.3521,20.671,-11.341,-55.610,3,42
-0.8975,-0.2266,-0.3315,18.537,-12.683,-56.341,3,42
-0.9053,-0.1948,-0.3335,16.951,-13.171,-57.195,3,42
-0.9111,-0.1616,-0.3374,16.524,-13.598,-57.866,3,42
-0.9341,-0.1270,-0.3491,16.037,-14.024,-58.049,3,42
-0.9570,-0.1074,-0.3545,16.768,-14.512,-58.841,3,42
-1.1377,0.9438,-1.0391,93.841,109.817,361.768,1,90
-1.1782,0.8784,-0.9941,98.780,112.134,372.561,1,90
-1.2188,0.8159,-0.9512,103.720,113.780,382.805,1,90
-1.2661,0.7495,-0.9097,108.476,115.793,392.439,1,90
-1.3008,0.6865,-0.8853,113.049,118.354,401.707,1,90
-1.3418,0.6294,-0.8677,118.537,121.098,410.610,1,90
-1.3892,0.6089,-0.7891,122.378,124.817,419.085,1,90
-1.4258,0.5645,-0.6953,124.817,128.963,427.622,1,90
0.6987,1.1211,-0.0845,-47.561,-145.915,138.537,2,90
0.7188,1.1157,-0.0376,-54.085,-148.171,137.439,2,90
0.7490,1.0586,-0.0347,-63.293,-152.744,137.561,2,90
0.7681,0.9800,-0.0518,-69.451,-157.744,139.207,2,90
0.7896,0.8970,-0.0586,-70.793,-161.646,142.866,2,90
0.7969,0.8350,-0.0698,-68.476,-164.024,147.012,2,90
0.7983,0.8101,-0.0635,-65.488,-164.939,150.244,2,90
0.8057,0.7949,-0.0947,-63.293,-164.390,152.134,2,90
-0.8877,-0.2813,-0.4092,12.256,-24.695,-60.000,3,42
-0.9092,-0.3042,-0.4009,11.646,-25.488,-59.512,3,42
-0.9126,-0.2925,-0.3818,10.488,-26.646,-59.268,3,42
-0.9253,-0.2954,-0.3794,8.598,-28.049,-58.963,3,42
-0.9282,-0.2954,-0.3789,8.110,-29.024,-58.841,3,42
-0.9341,-0.2925,-0.3711,8.110,-29.329,-58.171,3,42
-0.9458,-0.2939,-0.3506,7.378,-29.817,-57.561,3,42
-0.9238,-0.2925,-0.3657,6.280,-30.732,-57.195,3,42
-1.6328,0.0513,-0.4404,161.646,154.634,474.268,1,90
-1.6528,-0.0005,-0.4063,163.171,156.829,476.768,1,90
-1.6504,-0.0327,-0.3696,164.390,159.268,479.207,1,90
-1.6729,-0.0552,-0.3218,164.329,162.073,482.012,1,90
-1.6821,-0.0425,-0.2720,159.573,165.793,485.061,1,90
-1.6890,-0.0654,-0.2485,147.866,168.415,488.171,1,90
-1.6934,-0.1099,-0.2378,136.341,171.463,492.622,1,90
-1.6885,-0.1704,-0.2314,127.988,174.878,496.890,1,90
-1.3784,-0.9819,1.2402,-88.171,-30.976,-55.305,4,42
-1.4932,-1.1265,1.2202,-57.073,-52.927,-61.646,4,42
-1.4858,-1.1826,1.0977,-13.476,-72.195,-65.976,4,42
-1.2769,-1.1299,1.0796,24.756,-81.280,-72.622,4,42
-0.8340,-0.9185,1.1206,46.341,-80.793,-83.598,4,42
-0.6221,-0.5591,1.2603,54.390,-86.768,-86.098,4,42
-0.3394,-0.1914,1.1958,49.146,-91.707,-84.329,4,42
-0.2065,0.0967,1.0093,33.476,-84.268,-89.573,4,42
-0.8560,-0.3467,-0.3672,-14.390,-44.207,-52.805,3,42
-0.8550,-0.3223,-0.3491,-16.402,-45.732,-52.561,3,42
-0.8550,-0.3027,-0.3438,-18.354,-47.500,-52.439,3,42
-0.8472,-0.2910,-0.3506,-20.122,-49.146,-52.805,3,42
-0.8311,-0.2739,-0.3574,-22.500,-50.976,-52.683,3,42
-0.8179,-0.2651,-0.3560,-25.610,-53.598,-52.622,3,42
-0.8198,-0.2651,-0.2930,-34.451,-59.939,-51.951,3,42
-0.8613,-0.2686,-0.2549,-43.902,-65.854,-50.122,3,42
0.5596,0.8760,-0.1265,-22.744,-134.329,168.780,2,90
0.5366,0.8345,-0.1099,-19.390,-132.073,170.793,2,90
0.5190,0.7959,-0.1074,-17.378,-129.207,173.476,2,90
0.4932,0.7476,-0.1035,-15.854,-126.341,175.244,2,90
0.4834,0.7104,-0.1001,-14.573,-122.805,177.561,2,90
0.4648,0.6685,-0.0879,-14.024,-119.329,179.146,2,90
0.4517,0.6333,-0.0825,-13.659,-115.488,180.549,2,90
0.4424,0.5957,-0.0732,-12.988,-111.951,181.829,2,90
-0.9102,-0.2490,-0.2583,-54.329,-72.439,-49.207,3,42
-0.9155,-0.2378,-0.3062,-64.512,-78.841,-50.488,3,42
-0.9229,-0.2275,-0.3491,-70.061,-82.866,-53.415,3,42
-0.9282,-0.2080,-0.3682,-70.061,-83.963,-55.793,3,42
-0.9438,-0.1553,-0.3848,-66.585,-82.927,-55.854,3,42
-0.9429,-0.1299,-0.4053,-61.951,-81.220,-54.817,3,42
-0.9438,-0.1274,-0.3813,-56.280,-78.598,-53.780,3,42
-0.9272,-0.1372,-0.3252,-52.439,-76.768,-52.744,3,42
-2.2041,-0.9019,0.0527,15.061,157.134,552.988,1,90
-2.2300,-0.9111,0.0518,13.841,155.732,554.085,1,90
-2.2476,-0.9326,0.0425,12.195,154.329,556.463,1,90
-2.2959,-0.9902,0.0459,12.866,153.171,560.244,1,90
-2.3413,-1.0557,0.0547,14.329,152.744,562.866,1,90
-2.3760,-1.1260,0.0693,16.463,152.744,564.756,1,90
-2.4263,-1.2007,0.0845,18.293,152.988,566.402,1,90
-2.4702,-1.2881,0.0938,20.610,152.744,567.622,1,90
-0.7041,-0.6724,0.8706,-95.244,-161.463,-166.402,4,42
-0.8071,-0.6841,0.9194,-122.134,-188.841,-168.232,4,42
-0.8481,-0.6626,0.9331,-131.037,-197.866,-167.683,4,42
-0.9253,-0.6318,0.9253,-148.171,-215.366,-165.610,4,42
-1.0083,-0.5732,0.9229,-164.451,-232.134,-162.256,4,42
-1.0840,-0.5083,0.8999,-179.939,-247.744,-157.256,4,42
-1.1582,-0.4316,0.8872,-194.573,-263.293,-151.646,4,42
-1.2383,-0.3413,0.8608,-208.354,-278.232,-145.305,4,42
-2.5205,-1.3682,0.0908,22.622,152.378,568.171,1,90
-2.5601,-1.4565,0.0947,24.024,151.280,568.171,1,90
-2.5879,-1.5430,0.0977,24.512,149.451,567.866,1,90
-2.6216,-1.6323,0.0874,23.780,147.195,567.195,1,90
-2.6455,-1.7119,0.0928,22.073,144.329,566.585,1,90
-2.6670,-1.7856,0.1094,19.451,141.890,565.610,1,90
-2.6797,-1.8481,0.1245,15.671,139.451,564.756,1,90
-2.6812,-1.8950,0.1621,11.341,137.012,563.659,1,90
-1.3574,-0.1626,0.7964,-228.537,-296.829,-134.146,4,42
-1.4536,-0.0068,0.7407,-243.354,-304.573,-124.573,4,42
-1.5527,0.1377,0.6445,-259.695,-304.390,-113.902,4,42
-1.6304,0.2437,0.5449,-276.829,-295.061,-105.000,4,42
-1.7007,0.2930,0.5039,-291.707,-280.915,-102.134,4,42
-1.7363,0.2930,0.5229,-298.902,-267.012,-106.037,4,42
-1.7832,0.2617,0.5620,-296.159,-255.610,-115.976,4,42
-1.8169,0.2319,0.6011,-283.110,-247.134,-129.085,4,42
-0.9067,-0.2827,-0.1875,-66.280,-85.366,-58.659,3,42
-0.8989,-0.2607,-0.1836,-66.890,-85.122,-58.293,3,42
-0.9063,-0.2549,-0.1709,-67.500,-85.366,-58.537,3,42
-0.9150,-0.2446,-0.1675,-68.049,-84.756,-58.049,3,42
-0.9312,-0.2402,-0.1567,-68.354,-83.659,-57.317,3,42
-0.9351,-0.2451,-0.1504,-67.988,-82.256,-56.951,3,42
-0.9473,-0.2656,-0.1411,-67.317,-80.793,-56.585,3,42
-0.9575,-0.2891,-0.1187,-65.061,-78.415,-55.915,3,42
-2.4697,-1.8330,0.3135,-23.232,99.756,550.732,1,90
-2.4844,-1.8730,0.3345,-20.427,94.146,547.866,1,90
-2.5088,-1.9321,0.3540,-15.671,88.720,544.268,1,90
-2.5522,-1.9790,0.3755,-9.329,82.927,538.841,1,90
-2.6011,-2.0254,0.3896,-0.854,76.890,532.561,1,90
-2.6377,-2.0610,0.3828,9.207,71.402,524.573,1,90
-2.6626,-2.0674,0.3804,21.037,66.829,515.122,1,90
-2.7017,-2.0664,0.3735,34.207,63.354,504.939,1,90
0.1001,0.1563,-0.2441,7.805,-32.195,140.122,2,90
0.1001,0.1499,-0.2324,8.232,-29.939,138.720,2,90
0.0898,0.1445,-0.2490,8.110,-28.171,136.707,2,90
0.0903,0.1299,-0.2388,7.866,-26.341,135.061,2,90
0.0820,0.1221,-0.2358,8.049,-24.695,132.805,2,90
0.0840,0.1094,-0.2461,7.683,-23.232,130.549,2,90
0.0762,0.0977,-0.2383,7.561,-22.195,128.598,2,90
0.0767,0.0864,-0.2485,7.622,-21.098,126.037,2,90
-1.6738,-0.0840,0.5566,-126.341,-233.049,-246.585,4,42
-1.6494,-0.0977,0.5161,-117.561,-233.476,-250.244,4,42
-1.6401,-0.1006,0.4893,-111.037,-233.902,-251.585,4,42
-1.6353,-0.1025,0.4531,-105.427,-235.183,-251.463,4,42
-1.6406,-0.1064,0.4453,-100.427,-236.768,-250.305,4,42
-1.6592,-0.0996,0.4326,-95.732,-239.817,-248.476,4,42
-1.6733,-0.0928,0.4277,-91.098,-243.659,-246.463,4,42
-1.6987,-0.0693,0.4370,-87.134,-248.415,-244.146,4,42
0.0732,0.0718,-0.2466,7.744,-19.695,124.085,2,90
0.0732,0.0601,-0.2412,7.805,-18.415,121.646,2,90
0.0708,0.0527,-0.2510,8.049,-17.073,119.634,2,90
0.0688,0.0508,-0.2466,8.171,-15.427,117.378,2,90
0.0664,0.0454,-0.2559,7.866,-14.085,115.366,2,90
0.0679,0.0347,-0.2524,7.317,-12.256,113.354,2,90
0.0645,0.0259,-0.2588,7.134,-10.610,111.098,2,90
0.0610,0.0234,-0.2666,6.768,-8.841,109.085,2,90
-0.8877,-0.4785,-0.1704,-48.476,-55.488,-39.756,3,42
-0.8926,-0.4668,-0.1685,-48.293,-55.122,-39.024,3,42
-0.8955,-0.4600,-0.1484,-48.110,-53.780,-37.744,3,42
-0.9165,-0.4463,-0.1294,-48.293,-52.378,-36.524,3,42
-0.9336,-0.4448,-0.1167,-47.622,-51.037,-35.183,3,42
-0.9390,-0.4351,-0.0981,-46.951,-49.756,-33.963,3,42
-0.9414,-0.4224,-0.1016,-45.183,-47.744,-32.805,3,42
-0.9453,-0.3979,-0.0996,-43.963,-46.098,-31.768,3,42
-1.6553,-2.1147,0.3384,246.159,74.268,334.146,1,90
-1.6216,-2.1538,0.3301,251.585,72.805,325.305,1,90
-1.6021,-2.1968,0.3081,255.488,71.341,316.768,1,90
-1.5952,-2.2363,0.3042,257.561,69.390,308.171,1,90
-1.6050,-2.2832,0.2759,257.744,68.110,299.756,1,90
-1.6152,-2.3223,0.2939,257.134,66.707,291.707,1,90
-1.6226,-2.3491,0.2900,255.305,65.366,284.207,1,90
-1.6318,-2.3799,0.2832,251.707,64.634,276.951,1,90
0.0693,0.0259,-0.3193,2.256,11.037,91.890,2,90
0.0757,0.0283,-0.3193,1.646,13.841,90.183,2,90
0.0845,0.0396,-0.3145,0.671,16.829,88.232,2,90
0.0977,0.0361,-0.3159,0.183,20.122,86.463,2,90
0.1055,0.0444,-0.3066,-0.549,23.171,84.207,2,90
0.1113,0.0488,-0.2983,-1.280,26.098,82.378,2,90
0.1260,0.0493,-0.2900,-1.585,28.902,80.061,2,90
0.1338,0.0571,-0.2842,-2.134,31.402,77.256,2,90
-0.9756,-0.2510,-0.0352,-27.073,-30.427,-24.024,3,42
-0.9702,-0.2598,-0.0371,-25.427,-29.146,-23.232,3,42
-0.9712,-0.2759,-0.0229,-22.988,-27.073,-22.378,3,42
-0.9717,-0.2944,-0.0264,-19.329,-23.598,-20.793,3,42
-0.9736,-0.3071,-0.0332,-16.646,-20.793,-19.817,3,42
-0.9717,-0.3062,-0.0278,-14.146,-18.720,-18.841,3,42
-0.9648,-0.3120,-0.0273,-11.768,-16.646,-17.256,3,42
-0.9458,-0.2944,-0.0044,-9.146,-14.817,-16.463,3,42
-1.3770,-2.4697,0.2485,182.073,58.659,198.537,1,90
-1.3311,-2.4468,0.2378,173.780,57.500,189.817,1,90
-1.2651,-2.4150,0.2217,165.488,56.402,181.280,1,90
-1.2183,-2.3804,0.2104,158.293,55.000,173.232,1,90
-1.1616,-2.3438,0.1938,150.915,53.598,165.061,1,90
-1.1108,-2.3091,0.1929,143.659,52.317,157.378,1,90
-1.0591,-2.2729,0.1792,137.744,50.610,149.390,1,90
-1.0093,-2.2290,0.1548,131.402,48.841,141.707,1,90
0.2505,0.0752,-0.2368,-7.561,47.195,53.537,2,90
0.2690,0.0679,-0.2412,-7.866,48.780,50.427,2,90
0.2749,0.0664,-0.2358,-7.927,50.122,47.561,2,90
0.3071,0.0552,-0.2300,-8.049,52.073,44.451,2,90
0.3193,0.0537,-0.2256,-7.988,53.537,41.463,2,90
0.3242,0.0444,-0.2251,-8.354,55.610,38.049,2,90
0.3389,0.0464,-0.2207,-7.988,57.195,34.817,2,90
0.3608,0.0483,-0.2183,-7.805,58.720,31.159,2,90
0.3711,0.0430,-0.2061,-8.171,60.671,27.561,2,90
0.3809,0.0469,-0.2065,-8.598,62.317,23.841,2,90
0.3960,0.0459,-0.1934,-9.268,64.268,20.000,2,90
0.4121,0.0469,-0.1943,-10.183,65.549,16.037,2,90
0.4292,0.0464,-0.1870,-10.854,66.890,12.439,2,90
0.4424,0.0527,-0.1865,-11.341,67.988,8.354,2,90
0.4600,0.0596,-0.1821,-11.646,69.146,4.756,2,90
0.4731,0.0684,-0.1904,-12.195,70.183,0.915,2,90
-0.9810,-0.4263,-0.1050,2.805,5.366,6.280,3,42
-0.9702,-0.3770,-0.0815,2.866,6.829,7.073,3,42
-0.9673,-0.3442,-0.0508,2.378,6.768,7.622,3,42
-0.9775,-0.3345,-0.0474,1.280,7.256,8.171,3,42
-0.9912,-0.3306,-0.0508,0.610,7.805,8.232,3,42
-0.9980,-0.3247,-0.0601,1.220,8.780,8.537,3,42
-1.0000,-0.3296,-0.0825,1.951,10.244,8.537,3,42
-1.0068,-0.3301,-0.0923,3.232,11.159,8.598,3,42
-0.4014,-1.9146,-0.0596,77.439,25.793,58.902,1,90
-0.3716,-1.9077,-0.0586,75.854,24.268,56.037,1,90
-0.3418,-1.9189,-0.0552,72.805,22.744,52.927,1,90
-0.3184,-1.9292,-0.0649,70.915,21.037,50.305,1,90
-0.2876,-1.9385,-0.0732,67.805,19.146,47.683,1,90
-0.2495,-1.9487,-0.0889,64.390,17.317,45.000,1,90
-0.2280,-1.9580,-0.1011,61.220,15.549,42.317,1,90
-0.1973,-1.9688,-0.1172,57.805,13.415,40.183,1,90
0.5103,0.2012,-0.2100,-18.720,76.341,-29.939,2,90
0.5200,0.2119,-0.2148,-19.817,76.707,-33.110,2,90
0.5146,0.2241,-0.2197,-20.366,77.073,-36.098,2,90
0.5068,0.2402,-0.2295,-21.220,76.890,-39.207,2,90
0.5029,0.2573,-0.2295,-21.159,77.195,-41.890,2,90
0.5029,0.2705,-0.2344,-21.768,77.012,-44.817,2,90
0.5015,0.2861,-0.2344,-22.195,77.378,-47.622,2,90
0.5078,0.2969,-0.2319,-22.683,77.378,-50.366,2,90
-0.9438,-0.3145,-0.1064,17.073,23.537,10.610,3,42
-0.9331,-0.3071,-0.1196,19.146,24.024,10.671,3,42
-0.9302,-0.2939,-0.1152,20.854,25.183,10.854,3,42
-0.9238,-0.2788,-0.1143,22.195,25.854,10.854,3,42
-0.9277,-0.2603,-0.1182,23.293,26.280,10.488,3,42
-0.9331,-0.2607,-0.1108,23.902,26.829,10.915,3,42
-0.9487,-0.2700,-0.0776,25.549,28.598,11.341,3,42
-0.9678,-0.2793,-0.0781,28.110,31.646,11.890,3,42
-0.0713,-2.0425,-0.3345,21.159,-7.012,20.732,1,90
-0.0640,-2.0430,-0.3633,17.134,-7.988,18.598,1,90
-0.0591,-2.0479,-0.3818,13.171,-9.451,16.524,1,90
-0.0391,-2.0562,-0.4116,9.207,-10.244,14.146,1,90
-0.0273,-2.0566,-0.4312,6.037,-11.646,11.646,1,90
-0.0127,-2.0586,-0.4478,1.890,-12.317,8.902,1,90
-0.0947,-2.0283,-0.2715,29.451,-3.049,25.183,1,90
0.0039,-2.0483,-0.4907,-4.878,-13.659,3.598,1,90
0.5181,0.3887,-0.2739,-25.732,71.037,-70.610,2,90
0.5254,0.3970,-0.2808,-25.610,70.122,-72.256,2,90
0.5269,0.4077,-0.2793,-24.695,69.085,-74.146,2,90
0.5278,0.4072,-0.2949,-24.573,67.805,-75.549,2,90
0.5356,0.4219,-0.2915,-23.780,66.829,-77.317,2,90
0.5410,0.4219,-0.2881,-23.354,65.488,-79.268,2,90
0.5527,0.4326,-0.2939,-22.805,64.024,-80.854,2,90
0.5532,0.4404,-0.2832,-22.134,62.683,-82.500,2,90
-0.9248,-0.2866,-0.1602,35.793,31.280,9.268,3,42
-0.9390,-0.2900,-0.1567,34.390,30.061,8.720,3,42
-0.9365,-0.2817,-0.1670,33.293,29.390,8.598,3,42
-0.9336,-0.2954,-0.1577,33.049,28.902,8.171,3,42
-0.9404,-0.3110,-0.1631,33.659,29.207,7.866,3,42
-0.9351,-0.3203,-0.1826,34.756,29.085,7.317,3,42
-0.9248,-0.3257,-0.2100,35.305,29.146,7.012,3,42
-0.9150,-0.3315,-0.2246,35.732,27.866,5.976,3,42
0.5576,0.4526,-0.2822,-21.524,61.524,-84.451,2,90
0.5610,0.4575,-0.2739,-20.854,59.756,-86.098,2,90
0.5615,0.4565,-0.2739,-20.549,58.049,-88.171,2,90
0.5571,0.4614,-0.2705,-20.000,56.037,-89.573,2,90
0.5503,0.4692,-0.2695,-19.329,53.963,-91.402,2,90
0.5571,0.4697,-0.2778,-18.720,51.402,-93.110,2,90
0.5474,0.4741,-0.2725,-17.683,49.451,-94.878,2,90
0.5430,0.4785,-0.2739,-17.073,47.134,-96.585,2,90
-0.9102,-0.3320,-0.2368,35.671,26.951,5.183,3,42
-0.9004,-0.3379,-0.2412,35.549,25.549,4.451,3,42
-0.9014,-0.3330,-0.2354,34.451,24.268,4.085,3,42
-0.9077,-0.3306,-0.2344,33.841,22.317,3.659,3,42
-0.9014,-0.3159,-0.2202,32.378,20.366,2.744,3,42
-0.9053,-0.2949,-0.2178,30.549,18.232,2.256,3,42
-0.9058,-0.2930,-0.2212,27.805,15.732,1.159,3,42
-0.9023,-0.3003,-0.2139,25.793,13.902,0.854,3,42
0.5342,0.4849,-0.2808,-15.915,44.817,-98.293,2,90
0.5254,0.4941,-0.2832,-15.488,42.744,-100.183,2,90
0.5195,0.5029,-0.2759,-15.244,40.854,-102.012,2,90
0.5161,0.4985,-0.2847,-15.183,38.659,-103.780,2,90
0.5103,0.5093,-0.2964,-14.939,36.951,-105.366,2,90
0.5132,0.5020,-0.2944,-15.061,35.000,-107.134,2,90
0.5024,0.5063,-0.2930,-14.756,33.049,-108.720,2,90
0.5103,0.5073,-0.3052,-14.634,31.402,-110.305,2,90
-0.9082,-0.3052,-0.2065,25.122,12.622,0.366,3,42
-0.9185,-0.3242,-0.1870,24.512,11.159,-0.061,3,42
-0.9272,-0.3296,-0.1714,23.963,11.037,0.000,3,42
-0.9355,-0.3359,-0.1636,23.171,10.183,0.000,3,42
-0.9292,-0.3438,-0.1626,22.134,8.780,-0.488,3,42
-0.9268,-0.3413,-0.1641,20.366,7.683,-0.915,3,42
-0.9282,-0.3486,-0.1650,19.329,6.524,-1.829,3,42
-0.9238,-0.3408,-0.1567,17.561,5.549,-1.951,3,42
0.1475,-1.8906,-0.4063,-118.232,-47.622,-75.671,1,90
0.1309,-1.8896,-0.3994,-122.073,-49.817,-78.598,1,90
0.1050,-1.8823,-0.4033,-126.037,-51.159,-81.890,1,90
0.0840,-1.8730,-0.3857,-129.390,-53.049,-85.000,1,90
0.0615,-1.8652,-0.3745,-132.866,-54.512,-88.110,1,90
0.0439,-1.8638,-0.3628,-136.463,-55.915,-91.280,1,90
0.0220,-1.8462,-0.3628,-140.061,-57.134,-94.573,1,90
-0.0132,-1.8369,-0.3516,-142.927,-58.598,-97.561,1,90
0.5332,0.5186,-0.3271,-12.500,15.915,-128.293,2,90
0.5381,0.5264,-0.3223,-11.768,14.085,-130.183,2,90
0.5405,0.5273,-0.3262,-11.463,13.598,-131.098,2,90
0.5454,0.5356,-0.3262,-10.854,11.890,-133.049,2,90
0.5547,0.5425,-0.3281,-10.488,10.854,-134.756,2,90
0.5547,0.5464,-0.3306,-9.756,9.451,-137.073,2,90
0.5635,0.5547,-0.3271,-9.268,8.415,-138.354,2,90
0.5684,0.5562,-0.3379,-8.659,7.622,-140.549,2,90
-0.9619,-0.3325,-0.1138,7.805,0.488,-4.024,3,42
-0.9526,-0.3423,-0.1104,7.317,0.549,-3.720,3,42
-0.9473,-0.3501,-0.1138,6.707,0.671,-3.598,3,42
-0.9482,-0.3657,-0.1157,6.159,0.488,-3.293,3,42
-0.9478,-0.3823,-0.1147,5.732,1.159,-3.049,3,42
-0.9443,-0.3955,-0.1157,5.610,1.159,-2.805,3,42
-0.9424,-0.3940,-0.1260,5.549,1.585,-2.622,3,42
-0.9360,-0.3872,-0.1191,5.366,2.134,-2.622,3,42
0.5684,0.5806,-0.3301,-7.927,5.732,-143.049,2,90
0.5601,0.5781,-0.3281,-7.256,4.756,-144.390,2,90
0.5630,0.5811,-0.3252,-6.341,3.598,-146.159,2,90
0.5498,0.5825,-0.3306,-5.305,2.439,-148.293,2,90
0.5513,0.5864,-0.3281,-4.512,0.793,-149.939,2,90
0.5415,0.5835,-0.3193,-3.537,-0.061,-151.463,2,90
0.5283,0.5820,-0.3198,-1.890,-1.280,-153.293,2,90
0.5249,0.5869,-0.3159,-0.488,-2.500,-155.244,2,90
-0.9380,-0.3794,-0.1211,5.427,2.378,-2.378,3,42
-0.9351,-0.3638,-0.1025,6.463,3.171,-1.951,3,42
-0.9429,-0.3491,-0.1060,6.098,3.598,-1.280,3,42
-0.9443,-0.3291,-0.1255,6.463,3.476,-0.488,3,42
-0.9536,-0.3203,-0.1533,6.707,4.329,-0.122,3,42
-0.9512,-0.3145,-0.1665,7.744,5.061,-0.061,3,42
-0.9561,-0.3110,-0.1758,9.207,6.463,0.366,3,42
-0.9570,-0.3286,-0.1938,11.159,7.195,0.610,3,42
0.5034,0.5762,-0.3135,0.732,-3.780,-157.073,2,90
0.4966,0.5693,-0.3096,1.951,-4.451,-158.963,2,90
0.4941,0.5752,-0.2959,3.598,-5.549,-161.037,2,90
0.4873,0.5708,-0.2954,4.329,-6.524,-163.049,2,90
0.4727,0.5679,-0.2759,5.061,-7.317,-165.183,2,90
0.4673,0.5620,-0.2715,5.061,-8.110,-167.317,2,90
0.4600,0.5581,-0.2661,5.427,-8.537,-169.512,2,90
0.4487,0.5522,-0.2632,5.610,-9.512,-171.341,2,90
-0.9570,-0.3423,-0.2056,13.415,8.720,1.098,3,42
-0.9526,-0.3638,-0.2036,16.037,10.061,1.829,3,42
-0.9590,-0.3711,-0.1987,18.841,11.524,2.256,3,42
-0.9585,-0.3794,-0.1812,20.366,12.622,2.866,3,42
-0.9614,-0.3994,-0.1538,21.159,14.390,3.537,3,42
-0.9531,-0.4185,-0.1606,22.805,15.549,4.756,3,42
-0.9375,-0.4341,-0.1616,23.598,16.037,5.671,3,42
-0.9331,-0.4443,-0.1587,24.390,16.829,6.646,3,42
0.4351,0.5508,-0.2671,5.366,-10.000,-173.659,2,90
0.4248,0.5430,-0.2622,5.427,-10.366,-175.732,2,90
0.4092,0.5400,-0.2661,5.732,-10.732,-177.561,2,90
0.4004,0.5356,-0.2588,6.280,-10.976,-179.329,2,90
0.3804,0.5322,-0.2686,7.378,-10.732,-181.220,2,90
0.3784,0.5366,-0.2871,8.780,-10.610,-183.293,2,90
0.3730,0.5420,-0.2959,10.854,-9.756,-185.183,2,90
0.3687,0.5562,-0.3081,12.683,-8.841,-187.134,2,90
-0.9321,-0.4434,-0.1440,23.902,17.012,7.805,3,42
-0.9243,-0.4434,-0.1416,23.110,16.951,7.927,3,42
-0.9302,-0.4404,-0.1401,21.280,16.951,8.720,3,42
-0.9331,-0.4395,-0.1504,19.573,16.524,9.207,3,42
-0.9316,-0.4385,-0.1377,17.256,16.280,9.817,3,42
-0.9419,-0.4521,-0.1401,15.610,16.280,10.732,3,42
-0.9434,-0.4561,-0.1509,14.634,16.829,11.280,3,42
-0.9341,-0.4585,-0.1489,14.268,17.195,12.012,3,42
-1.2690,0.0542,-0.2495,75.427,185.549,53.902,4,42
-1.2642,0.0801,-0.2310,77.317,179.817,57.378,4,42
-1.2559,0.1094,-0.2124,80.610,173.659,60.915,4,42
-1.2539,0.1353,-0.1943,83.841,167.866,64.146,4,42
-1.2480,0.1567,-0.1787,87.561,162.683,67.622,4,42
-1.2505,0.1694,-0.1670,91.098,158.110,70.976,4,42
-1.2422,0.1948,-0.1523,94.390,154.207,73.720,4,42
-1.2373,0.2036,-0.1182,97.378,150.793,76.646,4,42
-1.2280,0.2021,-0.0962,100.366,148.354,78.476,4,42
-1.2236,0.1948,-0.0791,102.195,146.220,80.549,4,42
-1.2310,0.1909,-0.0562,103.780,144.268,82.500,4,42
-1.2222,0.1714,-0.0210,105.061,143.415,83.598,4,42
-1.2222,0.1611,0.0044,105.793,141.768,84.817,4,42
-1.2188,0.1328,0.0308,106.585,140.427,85.793,4,42
-1.2275,0.1055,0.0581,107.744,138.963,85.732,4,42
-1.2280,0.0820,0.0938,108.780,137.195,85.915,4,42
-0.7798,-1.5029,0.0674,-90.671,-64.146,-212.134,1,90
-0.7930,-1.5225,0.0796,-88.720,-65.061,-215.305,1,90
-0.8105,-1.5313,0.0879,-87.317,-66.159,-218.232,1,90
-0.8159,-1.5400,0.0879,-86.159,-66.768,-221.098,1,90
-0.8330,-1.5508,0.0947,-85.122,-67.378,-224.207,1,90
-0.8452,-1.5669,0.0977,-84.146,-68.049,-227.622,1,90
-0.8647,-1.5703,0.1133,-83.841,-68.659,-230.671,1,90
-0.8862,-1.5771,0.1167,-82.988,-69.756,-235.549,1,90
-1.2261,0.0449,0.1230,110.488,135.671,85.183,4,42
-1.2334,0.0122,0.1519,113.171,133.415,83.841,4,42
-1.2378,-0.0117,0.1831,116.646,131.037,82.744,4,42
-1.2266,-0.0342,0.2075,120.976,128.720,81.341,4,42
-1.2314,-0.0654,0.2437,125.854,125.610,79.756,4,42
-1.2344,-0.0752,0.2671,130.854,122.866,78.659,4,42
-1.2251,-0.0913,0.2935,136.341,119.817,77.378,4,42
-1.2241,-0.0991,0.3354,141.159,116.707,77.134,4,42
-0.9077,-1.5825,0.1270,-82.012,-70.732,-238.476,1,90
-0.9121,-1.5854,0.1279,-81.768,-71.280,-240.915,1,90
-0.9351,-1.5869,0.1226,-81.220,-72.256,-244.268,1,90
-0.9502,-1.5845,0.1313,-80.976,-72.683,-246.768,1,90
-0.9756,-1.5840,0.1382,-80.488,-73.293,-249.512,1,90
-0.9849,-1.5791,0.1348,-79.878,-73.537,-252.256,1,90
-1.0088,-1.5864,0.1333,-79.146,-73.963,-254.817,1,90
-1.0229,-1.5854,0.1323,-78.902,-74.756,-257.134,1,90
-1.2227,-0.1104,0.3755,145.000,113.415,76.037,4,42
-1.2305,-0.1191,0.4102,147.561,110.122,74.939,4,42
-1.2275,-0.1250,0.4331,149.085,107.317,73.659,4,42
-1.2275,-0.1133,0.4614,148.841,104.451,72.378,4,42
-1.2197,-0.1006,0.4814,146.646,101.402,71.768,4,42
-1.2217,-0.0845,0.5098,140.671,98.537,72.195,4,42
-1.2158,-0.0815,0.5137,132.744,95.976,72.683,4,42
-1.2104,-0.0879,0.5112,123.598,94.329,73.659,4,42
-1.0420,-1.5874,0.1440,-78.232,-75.061,-260.061,1,90
-1.0625,-1.5903,0.1274,-77.317,-75.793,-262.683,1,90
-1.0781,-1.5884,0.1372,-77.012,-76.524,-265.305,1,90
-1.0972,-1.5986,0.1318,-76.220,-77.195,-267.805,1,90
-1.1235,-1.6035,0.1470,-75.488,-77.378,-270.732,1,90
-1.1372,-1.6118,0.1411,-75.061,-77.683,-273.354,1,90
-1.1558,-1.6211,0.1475,-74.451,-78.110,-276.220,1,90
-1.1768,-1.6353,0.1479,-74.024,-78.354,-279.207,1,90
0.2827,0.8320,-0.2070,50.732,38.110,-213.110,2,90
0.2871,0.8340,-0.2046,50.061,39.878,-213.354,2,90
0.2842,0.8501,-0.2075,49.939,42.134,-213.598,2,90
0.2861,0.8501,-0.2144,50.000,44.817,-213.780,2,90
0.2920,0.8682,-0.2100,49.939,47.378,-213.841,2,90
0.2979,0.8730,-0.2227,50.244,50.000,-214.207,2,90
0.3057,0.8853,-0.2148,50.427,52.317,-213.963,2,90
0.3218,0.8955,-0.2207,51.098,54.329,-213.780,2,90
-0.9385,-0.3311,-0.1895,10.671,26.768,30.549,3,42
-0.9341,-0.3398,-0.2012,10.671,27.683,31.220,3,42
-0.9302,-0.3672,-0.2085,11.524,28.415,32.500,3,42
-0.9180,-0.3833,-0.2051,11.707,29.085,33.232,3,42
-0.9155,-0.4170,-0.1802,12.256,30.427,34.268,3,42
-0.9121,-0.4438,-0.1763,11.951,31.341,35.549,3,42
-0.8970,-0.4746,-0.1655,12.195,32.134,36.463,3,42
-0.8921,-0.4893,-0.1455,11.951,33.232,37.927,3,42
0.3257,0.9077,-0.2256,51.890,56.220,-213.415,2,90
0.3350,0.9238,-0.2368,52.805,57.561,-212.744,2,90
0.3315,0.9355,-0.2358,54.085,59.085,-211.768,2,90
0.3301,0.9546,-0.2393,55.854,60.427,-210.549,2,90
0.3218,0.9731,-0.2446,58.171,61.585,-209.268,2,90
0.3169,0.9878,-0.2441,60.000,62.805,-208.171,2,90
0.3159,1.0029,-0.2446,62.073,63.720,-206.707,2,90
0.3066,1.0308,-0.2432,63.720,65.000,-205.305,2,90
-0.9038,-0.4751,-0.1226,10.976,33.963,39.207,3,42
-0.9053,-0.4629,-0.1138,9.451,33.902,41.280,3,42
-0.9077,-0.4487,-0.1343,7.073,34.024,42.744,3,42
-0.9150,-0.4331,-0.1494,6.402,34.695,44.695,3,42
-0.9248,-0.4277,-0.1641,6.524,36.646,46.220,3,42
-0.9258,-0.4204,-0.1870,7.195,37.866,47.439,3,42
-0.9116,-0.4194,-0.2168,7.744,38.841,49.085,3,42
-0.9053,-0.4121,-0.2427,8.780,40.000,50.610,3,42
-1.4604,-1.8545,0.1836,-77.195,-90.488,-331.707,1,90
-1.4766,-1.8687,0.1938,-77.927,-90.915,-334.756,1,90
-1.5039,-1.8833,0.1948,-78.415,-92.012,-337.683,1,90
-1.5117,-1.8848,0.1885,-78.659,-92.927,-340.732,1,90
-1.5376,-1.8901,0.1938,-79.329,-93.476,-343.963,1,90
-1.5522,-1.8877,0.1948,-79.695,-94.085,-346.768,1,90
-1.5698,-1.8921,0.1890,-80.305,-94.817,-349.634,1,90
-1.5962,-1.8843,0.1973,-80.976,-94.939,-352.927,1,90
0.3066,1.1479,-0.2461,68.963,79.451,-183.049,2,90
0.3071,1.1553,-0.2529,69.268,81.524,-180.000,2,90
0.3149,1.1602,-0.2451,69.817,83.537,-177.317,2,90
0.3218,1.1631,-0.2495,70.183,84.939,-174.329,2,90
0.3403,1.1724,-0.2437,71.463,86.341,-171.768,2,90
0.3525,1.1821,-0.2559,72.073,87.683,-169.268,2,90
0.3638,1.1870,-0.2524,72.988,89.146,-166.707,2,90
0.3735,1.1929,-0.2573,73.415,89.878,-163.537,2,90
-0.8760,-0.4429,-0.2446,16.951,49.573,63.049,3,42
-0.8882,-0.4458,-0.2427,15.732,49.573,64.146,3,42
-0.9072,-0.4355,-0.2568,13.293,48.720,65.732,3,42
-0.9365,-0.4087,-0.2690,10.549,47.744,66.585,3,42
-0.9282,-0.3545,-0.2749,7.378,47.134,67.439,3,42
-0.9194,-0.3203,-0.2944,4.634,46.220,67.805,3,42
-0.9536,-0.3428,-0.3496,2.683,46.524,69.146,3,42
-0.9785,-0.3721,-0.3462,2.744,48.415,70.122,3,42
0.3828,1.1934,-0.2554,73.902,90.976,-160.732,2,90
0.3901,1.1982,-0.2554,74.512,91.646,-157.500,2,90
0.4004,1.1890,-0.2598,74.695,92.500,-154.634,2,90
0.4111,1.1904,-0.2598,75.427,92.988,-150.915,2,90
0.4165,1.1807,-0.2563,76.402,93.659,-147.561,2,90
0.4189,1.1626,-0.2632,77.500,93.902,-144.451,2,90
0.4297,1.1641,-0.2573,78.171,94.146,-141.280,2,90
0.4390,1.1582,-0.2549,79.268,94.451,-138.780,2,90
-1.0005,-0.3716,-0.2930,3.049,50.244,72.012,3,42
-1.0220,-0.3716,-0.2300,1.280,50.671,74.207,3,42
-1.0356,-0.4111,-0.2139,-3.049,49.085,76.280,3,42
-1.0527,-0.4800,-0.2173,-7.744,47.439,77.927,3,42
-1.0493,-0.5396,-0.1895,-13.110,45.915,79.512,3,42
-1.0298,-0.5742,-0.1655,-19.207,44.512,81.280,3,42
-1.0059,-0.5898,-0.1333,-27.256,41.951,82.561,3,42
-0.9653,-0.6035,-0.1274,-34.573,39.634,84.390,3,42
0.4473,1.1606,-0.2495,79.634,94.573,-136.524,2,90
0.4648,1.1631,-0.2417,79.695,94.878,-134.207,2,90
0.4707,1.1719,-0.2397,79.268,95.122,-132.317,2,90
0.4844,1.1743,-0.2305,77.744,95.366,-129.939,2,90
0.4966,1.1812,-0.2280,75.549,95.000,-127.500,2,90
0.5161,1.1738,-0.2266,73.537,95.000,-124.756,2,90
0.5356,1.1709,-0.2344,70.976,94.634,-122.256,2,90
0.5400,1.1733,-0.2393,69.146,94.695,-118.902,2,90
-0.9111,-0.5649,-0.1387,-40.854,38.049,85.732,3,42
-0.8750,-0.5171,-0.1758,-44.817,37.134,87.439,3,42
-0.8477,-0.4341,-0.2251,-45.610,37.317,89.146,3,42
-0.8516,-0.3232,-0.2642,-44.268,38.598,90.244,3,42
-0.8726,-0.2124,-0.3057,-40.366,40.305,90.427,3,42
-0.8774,-0.1289,-0.3677,-34.390,43.110,89.634,3,42
-0.8174,-0.0649,-0.4067,-25.488,46.646,88.293,3,42
-0.7222,-0.0137,-0.4229,-16.341,50.061,85.854,3,42
-1.8589,-1.6416,-0.1216,-73.659,-93.537,-406.768,1,90
-1.8735,-1.6226,-0.1367,-73.963,-92.622,-407.317,1,90
-1.8682,-1.5972,-0.1563,-74.329,-92.378,-407.500,1,90
-1.8794,-1.5762,-0.1821,-74.573,-91.585,-407.500,1,90
-1.8931,-1.5488,-0.1899,-75.244,-91.037,-407.622,1,90
-1.9087,-1.5210,-0.2065,-75.793,-91.037,-407.195,1,90
-1.9224,-1.4746,-0.2271,-76.220,-90.244,-406.524,1,90
-1.9409,-1.4424,-0.2412,-76.220,-89.878,-406.098,1,90
0.6675,1.1606,-0.2876,50.976,98.476,-91.829,2,90
0.7002,1.1699,-0.2808,48.963,99.878,-89.146,2,90
0.7197,1.1870,-0.2842,47.195,100.915,-86.768,2,90
0.7549,1.2114,-0.2881,45.793,102.134,-84.268,2,90
0.7920,1.2231,-0.2842,43.963,103.354,-82.012,2,90
0.8188,1.2446,-0.2827,42.073,103.780,-79.329,2,90
0.8555,1.2764,-0.2773,40.183,104.512,-76.890,2,90
0.9033,1.3032,-0.2783,37.988,104.817,-74.085,2,90
-0.9438,0.1455,-0.2114,4.939,38.841,70.366,3,42
-0.9844,0.0581,-0.1904,0.915,34.268,70.366,3,42
-1.0259,-0.0557,-0.2207,-3.293,30.854,70.244,3,42
-1.0713,-0.1450,-0.2402,-6.098,28.598,70.122,3,42
-1.1006,-0.2168,-0.2729,-8.049,27.134,69.512,3,42
-1.1147,-0.2759,-0.3022,-8.659,26.402,68.720,3,42
-1.1196,-0.3188,-0.3232,-8.110,26.463,67.622,3,42
-1.1060,-0.3579,-0.3408,-6.463,27.561,66.890,3,42
-2.0508,-0.9351,-0.3364,-74.817,-83.963,-381.098,1,90
-2.0703,-0.8682,-0.3354,-74.634,-82.927,-376.585,1,90
-2.0820,-0.8013,-0.3477,-74.512,-82.012,-370.793,1,90
-2.0938,-0.7241,-0.3501,-74.939,-82.317,-365.183,1,90
-2.1157,-0.6519,-0.3579,-75.549,-81.951,-358.902,1,90
-2.1367,-0.5708,-0.3696,-76.098,-82.073,-352.134,1,90
-2.1611,-0.5015,-0.3696,-76.341,-81.768,-344.878,1,90
-2.1895,-0.4111,-0.3955,-76.463,-81.402,-337.134,1,90
1.1929,1.4160,-0.3271,23.354,90.610,-37.988,2,90
1.2153,1.4131,-0.3286,21.585,88.110,-33.293,2,90
1.2480,1.4175,-0.3442,19.695,85.427,-28.598,2,90
1.2729,1.4219,-0.3584,17.500,83.476,-23.720,2,90
1.3096,1.4023,-0.3682,15.122,81.280,-18.780,2,90
1.3330,1.4028,-0.3652,12.195,79.512,-14.024,2,90
1.3652,1.3970,-0.3750,8.841,78.049,-9.268,2,90
1.3911,1.3877,-0.3779,5.671,76.829,-4.024,2,90
-0.7114,-0.1074,-0.3862,2.073,31.524,50.122,3,42
-0.6011,-0.0088,-0.3730,3.049,31.098,46.890,3,42
-0.5234,0.1113,-0.3765,4.085,30.976,43.171,3,42
-0.4688,0.2388,-0.3936,6.463,30.671,39.268,3,42
-0.4727,0.3745,-0.3755,9.817,30.488,35.488,3,42
-0.5239,0.4653,-0.4087,13.598,29.817,32.378,3,42
-0.6279,0.5186,-0.4150,18.232,30.427,29.634,3,42
-0.7573,0.5288,-0.3618,22.927,30.427,26.829,3,42
-2.3120,0.5332,-0.4238,-55.915,-30.793,-250.183,1,90
-2.3223,0.6040,-0.4609,-61.585,-22.012,-239.695,1,90
-2.2993,0.6270,-0.5352,-55.549,-13.354,-228.963,1,90
-2.2705,0.6460,-0.6123,-40.427,-4.390,-219.146,1,90
-2.2407,0.6987,-0.6323,-23.232,5.244,-210.122,1,90
-2.2192,0.7930,-0.6226,-10.671,15.305,-201.280,1,90
-2.1909,0.8579,-0.6006,-3.110,24.085,-191.890,1,90
-2.1675,0.9238,-0.5781,0.305,31.463,-181.402,1,90
-1.1865,-0.2300,1.0571,-30.732,94.390,11.220,4,42
-1.1768,-0.2085,0.9575,-29.085,105.793,14.024,4,42
-1.2666,-0.1851,0.9189,-23.232,117.195,16.159,4,42
-1.4199,-0.2402,0.8369,-18.720,126.707,15.061,4,42
-1.6118,-0.4141,0.7651,-17.866,132.378,10.854,4,42
-1.7974,-0.6606,0.6743,-20.549,134.329,3.902,4,42
-1.9771,-0.9409,0.6294,-26.341,135.732,-4.146,4,42
-2.1484,-1.2896,0.6333,-36.037,136.890,-13.537,4,42
-2.1357,0.9487,-0.5522,5.305,37.683,-170.366,1,90
-2.0991,0.9766,-0.5176,11.585,42.561,-158.110,1,90
-2.0815,1.0259,-0.4717,16.402,46.707,-145.732,1,90
-2.0361,1.0049,-0.4756,20.000,49.939,-132.561,1,90
-1.9863,1.0059,-0.4600,22.866,51.890,-120.000,1,90
-1.9468,1.0137,-0.4517,23.841,52.744,-107.134,1,90
-1.8945,1.0190,-0.4453,21.524,53.902,-94.634,1,90
-1.8535,1.0098,-0.4541,16.707,54.329,-82.378,1,90
-2.3525,-1.5664,0.5791,-42.866,141.402,-23.293,4,42
-2.4219,-1.5098,0.6260,-40.000,147.378,-29.512,4,42
-2.5586,-1.1606,0.6187,-39.573,149.878,-34.634,4,42
-2.7412,-0.7451,0.6929,-37.927,153.293,-35.244,4,42
-2.8564,-0.4595,0.6816,-37.195,156.524,-33.232,4,42
-2.9399,-0.3164,0.7017,-33.841,160.549,-30.793,4,42
-2.9614,-0.1807,0.8428,-26.220,164.085,-28.293,4,42
-2.8862,-0.1675,1.1582,-20.793,165.732,-25.366,4,42
-1.7954,1.0063,-0.4683,10.244,55.122,-70.122,1,90
-1.7524,0.9844,-0.4976,3.902,55.793,-57.622,1,90
-1.7061,0.9780,-0.5283,-2.012,57.012,-45.732,1,90
-1.6670,0.9692,-0.5640,-7.866,58.963,-33.780,1,90
-1.6265,0.9624,-0.6011,-13.049,61.585,-21.341,1,90
-1.5903,0.9609,-0.6343,-17.927,65.061,-8.720,1,90
-1.5649,0.9678,-0.6689,-21.707,69.207,3.902,1,90
-1.5347,0.9683,-0.6982,-24.512,74.329,16.829,1,90
1.3013,1.5020,-0.2549,-61.220,-22.439,115.549,2,90
1.2681,1.5122,-0.2686,-62.317,-27.622,120.854,2,90
1.2427,1.5083,-0.2661,-63.354,-32.683,126.524,2,90
1.2197,1.5137,-0.2778,-64.329,-37.683,131.768,2,90
1.1963,1.5117,-0.2734,-64.695,-42.317,136.951,2,90
1.1768,1.5122,-0.2788,-65.061,-47.195,141.951,2,90
1.1528,1.5132,-0.2881,-65.061,-51.463,146.524,2,90
1.1348,1.5112,-0.2778,-65.427,-56.098,151.098,2,90
-1.0532,0.0415,-0.2749,20.793,-8.963,-46.768,3,42
-1.0723,0.0142,-0.2695,23.293,-7.500,-48.415,3,42
-1.0933,-0.0166,-0.2505,25.305,-5.976,-50.061,3,42
-1.0977,-0.0415,-0.2388,26.646,-5.061,-51.646,3,42
-1.0894,-0.0791,-0.2334,27.256,-4.085,-52.805,3,42
-1.0615,-0.1152,-0.2427,26.951,-3.659,-53.902,3,42
-1.0366,-0.1450,-0.2500,26.768,-2.683,-54.695,3,42
-1.0176,-0.1704,-0.2520,26.768,-1.890,-55.427,3,42
1.1211,1.5098,-0.2910,-65.183,-60.244,155.427,2,90
1.1089,1.5059,-0.2891,-65.183,-63.841,159.695,2,90
1.0786,1.4961,-0.2856,-65.122,-67.988,163.598,2,90
1.0640,1.4863,-0.2808,-64.695,-72.012,167.134,2,90
1.0420,1.4800,-0.2798,-64.756,-75.671,170.488,2,90
1.0220,1.4570,-0.2671,-64.329,-79.512,173.902,2,90
1.0029,1.4419,-0.2632,-64.512,-83.293,176.890,2,90
0.9873,1.4214,-0.2529,-63.902,-87.012,179.451,2,90
-0.9741,-0.1943,-0.2642,27.012,-1.220,-56.220,3,42
-0.9438,-0.2197,-0.2871,26.524,-0.854,-56.524,3,42
-0.9106,-0.2407,-0.3086,26.524,-0.305,-56.890,3,42
-0.8809,-0.2617,-0.3447,27.073,0.671,-57.134,3,42
-0.8608,-0.2637,-0.3896,27.622,0.915,-57.805,3,42
-0.8511,-0.2446,-0.4229,27.988,0.854,-58.354,3,42
-0.8594,-0.2246,-0.4331,28.232,0.427,-58.780,3,42
-0.8540,-0.2178,-0.4463,28.598,-0.183,-58.659,3,42
-1.0684,0.5981,-0.7563,-12.439,109.634,238.049,1,90
-1.0605,0.5566,-0.7417,-11.280,108.780,248.049,1,90
-1.0474,0.5005,-0.7319,-10.061,107.866,257.744,1,90
-1.0366,0.4473,-0.7271,-9.817,107.012,267.622,1,90
-1.0205,0.4067,-0.7241,-10.000,105.915,277.317,1,90
-1.0093,0.3589,-0.7290,-11.098,104.207,286.463,1,90
-0.9888,0.3003,-0.7275,-12.134,102.439,295.732,1,90
-0.9766,0.2437,-0.7236,-14.268,100.793,304.695,1,90
-1.1787,-0.7104,2.1128,-263.963,83.293,-6.585,4,42
-1.1802,-0.6084,1.2856,-264.207,76.098,-6.585,4,42
-1.2261,-0.6606,0.5620,-255.183,71.220,-13.293,4,42
-1.2969,-0.6934,-0.0078,-236.768,72.927,-25.732,4,42
-1.3301,-0.5503,-0.2285,-217.439,82.927,-36.220,4,42
-1.1611,-0.3662,-0.1899,-201.098,99.146,-43.537,4,42
-1.1382,-0.3096,0.1460,-190.000,120.976,-52.317,4,42
-1.2886,-0.3208,0.5498,-177.622,121.463,-56.220,4,42
-0.9609,0.1826,-0.7173,-14.817,99.085,313.171,1,90
-0.9497,0.1104,-0.7148,-14.512,97.439,321.524,1,90
-0.9365,0.0444,-0.7202,-12.805,96.159,329.329,1,90
-0.9175,-0.0112,-0.7080,-11.159,95.427,337.073,1,90
-0.9199,-0.0742,-0.7075,-10.244,94.939,344.268,1,90
-0.9155,-0.1543,-0.6948,-8.902,95.427,350.793,1,90
-0.9121,-0.2212,-0.6895,-3.780,96.280,357.256,1,90
-0.9258,-0.2861,-0.6719,5.305,98.049,363.415,1,90
-1.4150,-0.3955,0.9023,-172.805,114.756,-60.183,4,42
-1.9326,-0.5615,1.3315,-176.646,100.671,-69.512,4,42
-2.1548,-0.7280,1.5352,-177.866,66.341,-76.524,4,42
-2.0156,-0.8931,1.5962,-183.902,50.793,-93.598,4,42
-2.5459,-1.1265,1.6836,-177.622,32.866,-107.378,4,42
-2.7993,-1.2866,1.6499,-150.854,3.415,-116.220,4,42
-2.4263,-1.2354,1.7646,-124.329,-16.220,-129.512,4,42
-1.7412,-0.9961,2.0215,-117.622,-24.085,-146.524,4,42
-0.9395,-0.3647,-0.6309,22.378,101.829,371.220,1,90
-0.9458,-0.3896,-0.6201,28.049,103.415,373.841,1,90
-0.9595,-0.4331,-0.5938,39.634,106.463,377.561,1,90
-1.0015,-0.4756,-0.5010,54.329,111.463,382.622,1,90
-1.0620,-0.3735,-0.2480,50.732,114.329,384.634,1,90
-1.0977,-0.4014,-0.2544,20.488,113.354,386.951,1,90
-1.0835,-0.5278,-0.3862,-0.427,105.671,390.488,1,90
-1.0649,-0.6631,-0.4858,-7.378,97.744,395.549,1,90
-1.1890,-0.5977,2.2656,-120.244,-42.378,-152.134,4,42
-0.4692,-0.1509,2.2119,-132.683,-64.817,-149.878,4,42
-0.0176,0.2021,1.9810,-146.341,-81.280,-145.732,4,42
0.2324,0.4941,1.6875,-141.159,-96.951,-133.780,4,42
0.1035,0.7495,1.5430,-119.634,-111.159,-125.183,4,42
-0.2686,0.9956,1.2378,-90.671,-122.012,-111.220,4,42
-0.8994,1.3979,1.0576,-57.622,-127.073,-91.220,4,42
-1.5630,1.4150,0.8462,-44.512,-119.939,-76.707,4,42
-0.8389,-0.3242,-0.3970,17.073,-27.927,-35.000,3,42
-0.8506,-0.3320,-0.4019,16.768,-28.841,-33.171,3,42
-0.8535,-0.3374,-0.3867,17.073,-29.146,-32.561,3,42
-0.8530,-0.3257,-0.3691,18.110,-29.451,-31.402,3,42
-0.8560,-0.3081,-0.3691,18.110,-30.854,-30.061,3,42
-0.8799,-0.3110,-0.3721,16.098,-31.707,-28.841,3,42
-0.8828,-0.3242,-0.3574,16.037,-32.012,-28.171,3,42
-0.8818,-0.3120,-0.3413,16.585,-32.561,-27.378,3,42
-1.3579,-1.3794,-0.4883,50.000,78.415,400.183,1,90
-1.3896,-1.4780,-0.4839,46.524,78.659,400.366,1,90
-1.4331,-1.5796,-0.4727,43.415,79.390,400.610,1,90
-1.4644,-1.6895,-0.4663,39.207,80.061,400.671,1,90
-1.5098,-1.8057,-0.4326,34.817,80.732,400.549,1,90
-1.5205,-1.8970,-0.3936,29.451,81.646,400.671,1,90
-1.5425,-1.9839,-0.3594,25.427,82.439,400.244,1,90
-1.5518,-2.0562,-0.3047,21.707,83.841,398.841,1,90
-0.7261,0.2324,1.0981,-188.963,-160.366,-198.598,4,42
-0.7969,0.2109,1.1260,-197.988,-174.634,-196.890,4,42
-0.8696,0.2139,1.1914,-205.366,-190.976,-192.195,4,42
-0.9736,0.2109,1.2358,-212.195,-208.902,-185.488,4,42
-1.0879,0.2222,1.2549,-217.134,-229.207,-179.085,4,42
-1.2012,0.2402,1.2539,-221.037,-248.415,-173.659,4,42
-1.2998,0.2559,1.2378,-224.329,-265.793,-169.573,4,42
-1.3896,0.2739,1.2100,-227.378,-279.817,-167.073,4,42
-1.5547,-2.0967,-0.2354,19.268,85.732,396.524,1,90
-1.5547,-2.1201,-0.1787,18.354,88.232,393.049,1,90
-1.5376,-2.1191,-0.1201,18.659,92.134,388.598,1,90
-1.5103,-2.1025,-0.0718,20.366,96.890,383.963,1,90
-1.4805,-2.0713,-0.0156,22.866,102.622,378.537,1,90
-1.4448,-2.0322,0.0073,26.646,107.561,373.232,1,90
-1.3960,-2.0073,0.0386,31.402,112.256,367.500,1,90
-1.3472,-1.9658,0.0508,36.829,116.463,362.256,1,90
-1.4751,0.3052,1.1772,-229.512,-290.976,-165.488,4,42
-1.5376,0.3340,1.1323,-230.671,-298.841,-164.329,4,42
-1.6182,0.3701,1.0928,-231.890,-303.293,-164.085,4,42
-1.6777,0.4077,1.0474,-232.927,-305.427,-164.329,4,42
-1.7354,0.4468,0.9966,-234.024,-304.756,-165.183,4,42
-1.7915,0.4810,0.9438,-236.098,-301.098,-166.951,4,42
-1.8315,0.5010,0.8965,-238.232,-294.207,-170.427,4,42
-1.8657,0.4648,0.8618,-240.000,-285.244,-176.829,4,42
-1.2549,-1.9336,0.0430,46.524,120.671,354.451,1,90
-1.2236,-1.9238,0.0493,50.244,121.524,352.439,1,90
-1.1401,-1.9189,0.0386,61.280,122.500,344.634,1,90
-1.0918,-1.9429,0.0117,68.293,122.439,338.963,1,90
-1.0498,-1.9824,-0.0044,75.732,122.012,333.110,1,90
-1.0234,-2.0273,-0.0200,82.805,121.646,326.524,1,90
-1.0093,-2.0854,-0.0156,88.963,121.098,320.183,1,90
-0.9995,-2.1626,-0.0264,93.902,120.732,313.963,1,90
0.0259,0.3853,-0.3589,-4.878,-114.390,141.829,2,90
0.0405,0.3745,-0.3730,-4.390,-112.256,138.780,2,90
0.0537,0.3633,-0.3823,-3.415,-110.183,135.488,2,90
0.0659,0.3608,-0.3848,-2.317,-108.171,131.829,2,90
0.0815,0.3438,-0.3862,-1.341,-105.488,129.207,2,90
0.0952,0.3315,-0.3843,-0.732,-103.415,125.610,2,90
0.1152,0.3237,-0.3804,0.122,-101.463,122.805,2,90
0.1187,0.3135,-0.3857,0.671,-98.902,119.512,2,90
-0.9077,-0.3164,-0.2778,20.305,-25.427,-14.878,3,42
-0.9077,-0.3271,-0.2773,19.024,-25.671,-14.817,3,42
-0.9116,-0.3252,-0.2661,17.927,-25.915,-14.512,3,42
-0.9063,-0.3252,-0.2485,16.280,-25.976,-14.451,3,42
-0.9053,-0.3291,-0.2451,14.390,-26.402,-14.512,3,42
-0.9053,-0.3242,-0.2354,13.293,-27.012,-14.146,3,42
-0.9175,-0.3105,-0.2148,10.976,-27.500,-14.085,3,42
-0.9126,-0.3047,-0.2217,9.451,-27.683,-13.841,3,42
-0.9849,-2.8247,0.0508,96.037,132.195,268.415,1,90
-0.9565,-2.8423,0.0645,92.134,134.634,262.073,1,90
-0.9263,-2.8447,0.0596,88.171,137.012,255.061,1,90
-0.8794,-2.8311,0.0459,84.146,138.902,247.561,1,90
-0.8428,-2.8105,0.0400,80.000,140.244,240.122,1,90
-0.7988,-2.7695,0.0332,76.646,141.402,232.805,1,90
-0.7471,-2.7314,0.0190,73.841,141.890,225.549,1,90
-0.7144,-2.6821,0.0225,71.524,142.195,217.988,1,90
-2.0752,0.4946,0.8267,-84.695,-338.049,-264.024,4,42
-2.0928,0.6548,0.7886,-82.317,-349.695,-256.768,4,42
-2.0918,0.8301,0.7407,-80.549,-360.549,-248.110,4,42
-2.0977,1.0117,0.6816,-79.573,-370.915,-239.451,4,42
-2.1069,1.2251,0.6118,-78.598,-380.854,-229.817,4,42
-2.1216,1.4609,0.5332,-77.378,-391.098,-220.122,4,42
-2.1382,1.7129,0.4673,-76.220,-401.707,-210.610,4,42
-2.1733,1.9888,0.4185,-76.646,-412.927,-202.805,4,42
-0.6641,-2.6265,-0.0107,70.000,142.073,211.402,1,90
-0.6182,-2.5688,0.0132,69.695,142.317,205.122,1,90
-0.5820,-2.5073,-0.0044,70.244,142.012,198.841,1,90
-0.5439,-2.4448,-0.0405,71.463,141.646,192.439,1,90
-0.5088,-2.3794,-0.0659,72.805,142.073,186.646,1,90
-0.4722,-2.3193,-0.0732,74.329,142.256,180.915,1,90
-0.4487,-2.2617,-0.0840,76.524,143.415,175.976,1,90
-0.4360,-2.2095,-0.0693,77.744,144.329,171.402,1,90
-2.2578,2.3213,0.4082,-80.244,-424.573,-197.256,4,42
-2.3135,2.6533,0.4463,-90.244,-433.780,-194.939,4,42
-2.5518,3.5229,0.2632,-121.341,-434.024,-185.549,4,42
-6.4199,-7.7871,-0.6504,-177.683,-331.341,-287.073,4,42
-10.7378,-4.5210,1.3423,-624.024,-249.817,-516.341,4,42
-15.3604,6.1260,-13.7310,-730.732,-154.573,-597.561,4,42
-12.4302,11.3008,-15.9722,-101.402,248.780,-484.024,4,42
-1.8926,5.3037,-10.3267,221.037,432.317,-587.378,4,42
-0.3921,-2.1294,-0.0576,81.037,145.610,165.732,1,90
-0.3672,-2.0908,-0.0430,83.476,146.524,162.744,1,90
-0.3433,-2.0483,-0.0493,86.463,147.683,159.817,1,90
-0.3130,-2.0034,-0.0269,89.024,148.902,157.195,1,90
-0.2881,-1.9717,-0.0117,92.256,150.305,154.573,1,90
-0.2529,-1.9375,0.0063,95.915,151.463,151.890,1,90
-0.2241,-1.9043,0.0137,99.085,152.439,148.963,1,90
-0.1929,-1.8735,0.0298,102.439,153.354,145.549,1,90
6.8457,1.7026,-8.1431,-9.573,371.402,-593.598,4,42
11.1553,2.5757,-10.7285,-296.951,247.378,-299.085,4,42
2.1167,1.3447,-6.5068,-350.610,8.720,-54.756,4,42
-3.4614,2.6855,-6.0479,-393.537,-268.110,19.390,4,42
-2.8906,5.4492,-8.2969,-209.939,-201.341,85.061,4,42
-0.4180,7.4956,-6.9683,18.354,-65.610,120.976,4,42
0.9399,8.3179,-5.7905,-83.354,-67.622,94.268,4,42
1.9878,7.5449,-5.8486,-159.085,-98.110,32.866,4,42
-0.1621,-1.8457,0.0605,106.341,154.390,142.256,1,90
-0.1279,-1.8164,0.0771,110.183,155.305,138.720,1,90
-0.0938,-1.7900,0.0991,114.329,156.098,135.244,1,90
-0.0581,-1.7681,0.1235,117.866,156.280,131.037,1,90
-0.0166,-1.7383,0.1455,120.427,156.707,126.585,1,90
0.0298,-1.7344,0.1675,122.683,156.463,122.805,1,90
0.0762,-1.7124,0.1836,124.695,156.098,118.902,1,90
0.1309,-1.7134,0.1978,126.524,155.061,114.695,1,90
1.5352,6.6221,-6.1904,-155.610,-111.951,33.476,4,42
0.6133,4.9971,-5.9775,-93.902,-92.134,52.195,4,42
0.5942,3.4844,-5.2412,-42.744,-53.659,53.232,4,42
1.1685,2.6816,-4.5566,-23.902,-20.915,47.988,4,42
1.3535,2.2363,-3.8325,-15.549,-5.000,60.427,4,42
1.0952,1.9492,-3.0913,-1.220,-14.268,83.902,4,42
0.7217,1.7236,-2.3799,14.146,-42.256,109.268,4,42
0.3789,1.4121,-1.7295,27.561,-75.122,128.720,4,42
0.1821,-1.6968,0.2207,127.439,153.110,110.549,1,90
0.2227,-1.6978,0.2305,128.171,151.037,106.585,1,90
0.2798,-1.6865,0.2280,128.598,148.232,102.317,1,90
0.3325,-1.6821,0.2397,127.988,145.183,98.415,1,90
0.3809,-1.6782,0.2402,127.317,141.707,94.329,1,90
0.4253,-1.6738,0.2495,125.976,137.988,90.244,1,90
0.4722,-1.6650,0.2476,124.817,133.110,86.463,1,90
0.5122,-1.6582,0.2354,123.110,128.476,82.927,1,90
0.1187,1.1069,-1.2715,31.951,-104.939,137.988,4,42
-0.0786,0.8794,-0.9863,30.427,-126.585,136.829,4,42
-0.2378,0.6812,-0.7817,19.695,-142.195,132.073,4,42
-0.3438,0.4663,-0.7256,-5.244,-153.720,126.463,4,42
-0.3525,0.1519,-0.7500,-46.402,-174.512,122.256,4,42
-0.0059,-0.1484,-0.9917,-106.341,-212.256,119.817,4,42
0.3242,-0.5732,-1.3545,-159.756,-226.220,127.256,4,42
0.6055,-0.9248,-1.5684,-165.366,-220.427,142.927,4,42
0.5581,-1.6592,0.2256,121.280,123.354,79.573,1,90
0.5977,-1.6509,0.2173,119.146,118.049,75.915,1,90
0.6274,-1.6499,0.2051,116.646,112.988,72.866,1,90
0.6523,-1.6514,0.1909,114.085,108.110,69.939,1,90
0.6782,-1.6445,0.1709,111.159,103.415,66.951,1,90
0.6953,-1.6367,0.1611,108.232,98.902,64.024,1,90
0.6982,-1.6411,0.1260,105.183,94.878,61.646,1,90
0.7056,-1.6353,0.1123,102.378,90.732,59.451,1,90
0.2065,0.6182,-0.3262,-29.817,0.488,8.659,2,90
0.2085,0.6309,-0.3130,-28.171,2.683,7.378,2,90
0.2090,0.6411,-0.3071,-26.646,4.756,6.341,2,90
0.2017,0.6460,-0.2993,-24.817,6.951,5.244,2,90
0.2031,0.6543,-0.2993,-23.476,8.598,4.390,2,90
0.2046,0.6592,-0.2930,-22.012,10.854,3.476,2,90
0.2041,0.6538,-0.2959,-20.305,12.927,2.622,2,90
0.2075,0.6528,-0.2847,-19.146,14.207,2.012,2,90
-0.9282,-0.3042,-0.2764,-6.707,-10.427,-19.207,3,42
-0.9307,-0.3022,-0.2637,-6.280,-10.488,-19.634,3,42
-0.9399,-0.3018,-0.2319,-5.366,-9.817,-19.634,3,42
-0.9355,-0.2891,-0.2266,-3.902,-9.939,-19.085,3,42
-0.9351,-0.2983,-0.2158,-2.012,-9.207,-18.415,3,42
-0.9385,-0.2881,-0.2061,-0.793,-8.720,-18.354,3,42
-0.9302,-0.2842,-0.2095,0.427,-8.415,-18.110,3,42
-0.9312,-0.2974,-0.2031,1.524,-8.232,-17.927,3,42
-0.9180,-0.3018,-0.2095,2.500,-7.683,-18.293,3,42
-0.9175,-0.3042,-0.2290,1.829,-8.720,-18.415,3,42
-0.9087,-0.3135,-0.2329,1.280,-9.085,-18.537,3,42
-0.9175,-0.3198,-0.2314,0.915,-9.329,-18.232,3,42
-0.9233,-0.3267,-0.2188,0.915,-9.024,-17.927,3,42
-0.9326,-0.3169,-0.1777,1.098,-8.537,-17.256,3,42
-0.9312,-0.3110,-0.1689,1.768,-8.110,-16.159,3,42
-0.9253,-0.3135,-0.1729,2.317,-8.049,-14.512,3,42
0.2153,0.5938,-0.2388,-10.793,29.756,-2.866,2,90
0.2109,0.5801,-0.2432,-10.244,31.402,-3.659,2,90
0.2104,0.5825,-0.2437,-10.183,32.683,-4.085,2,90
0.2256,0.5645,-0.2427,-10.366,34.085,-4.878,2,90
0.2222,0.5576,-0.2407,-10.183,35.366,-5.732,2,90
0.2275,0.5449,-0.2373,-10.610,36.646,-6.463,2,90
0.2261,0.5474,-0.2236,-10.976,37.622,-7.439,2,90
0.2378,0.5566,-0.2339,-12.134,38.659,-8.293,2,90
-0.9077,-0.3208,-0.1758,3.659,-7.866,-14.329,3,42
-0.8950,-0.3213,-0.1953,4.756,-7.256,-13.659,3,42
-0.8979,-0.3174,-0.2148,5.793,-7.256,-13.354,3,42
-0.9077,-0.3071,-0.2354,4.817,-7.683,-13.415,3,42
-0.9185,-0.3071,-0.2490,2.927,-8.720,-12.927,3,42
-0.9443,-0.3306,-0.2529,1.463,-8.963,-12.561,3,42
-0.9561,-0.3521,-0.2427,2.866,-7.622,-11.768,3,42
-0.9648,-0.3735,-0.2422,5.976,-5.732,-10.732,3,42
0.2461,0.5493,-0.2378,-13.354,39.878,-9.451,2,90
0.2505,0.5571,-0.2300,-14.695,40.427,-10.305,2,90
0.2544,0.5571,-0.2397,-15.915,40.671,-11.280,2,90
0.2588,0.5547,-0.2397,-17.500,41.585,-12.073,2,90
0.2656,0.5527,-0.2412,-19.268,41.768,-12.988,2,90
0.2588,0.5605,-0.2412,-21.037,41.951,-14.085,2,90
0.2646,0.5630,-0.2378,-22.866,42.134,-15.183,2,90
0.2700,0.5659,-0.2432,-25.000,42.744,-15.915,2,90
-0.9497,-0.3682,-0.2344,10.732,-3.537,-9.573,3,42
-0.9482,-0.3613,-0.2295,12.500,-2.866,-9.207,3,42
-0.9321,-0.3545,-0.2129,14.756,-1.037,-8.537,3,42
-0.9224,-0.3608,-0.2021,17.073,0.671,-7.805,3,42
-0.9199,-0.3745,-0.1997,18.354,1.341,-7.927,3,42
-0.9170,-0.3755,-0.1855,18.476,1.707,-6.951,3,42
-0.9155,-0.3877,-0.1973,18.293,1.524,-6.098,3,42
-0.9277,-0.4023,-0.1968,17.744,2.195,-5.183,3,42
0.5815,-1.4971,-0.0449,15.610,1.890,-25.305,1,90
0.5747,-1.4932,-0.0313,13.049,-0.610,-27.866,1,90
0.5786,-1.5063,-0.0181,10.244,-2.744,-30.305,1,90
0.5771,-1.5068,-0.0229,7.866,-4.695,-32.805,1,90
0.5659,-1.5146,-0.0186,5.366,-7.500,-35.183,1,90
0.5635,-1.5205,-0.0176,2.927,-9.695,-38.110,1,90
0.5664,-1.5313,-0.0171,0.793,-12.012,-40.549,1,90
0.5527,-1.5400,-0.0210,-1.768,-14.268,-43.171,1,90
-0.8101,0.2529,-0.3052,394.817,60.610,87.256,4,42
-0.7837,0.1270,-0.2852,395.854,40.122,91.341,4,42
-0.7754,-0.0200,-0.2998,394.085,20.671,94.390,4,42
-0.8125,-0.1621,-0.3423,391.951,5.244,96.402,4,42
-0.8711,-0.2910,-0.3965,390.183,-4.573,97.622,4,42
-0.9526,-0.4067,-0.4487,387.683,-9.024,97.317,4,42
-1.0552,-0.5239,-0.4878,385.244,-9.451,97.134,4,42
-1.1548,-0.6323,-0.4951,381.707,-8.537,96.768,4,42
0.5352,-1.5396,-0.0171,-3.415,-17.073,-45.671,1,90
0.5298,-1.5444,-0.0156,-5.610,-19.695,-48.354,1,90
0.5098,-1.5459,-0.0269,-7.500,-21.829,-51.037,1,90
0.5020,-1.5435,-0.0186,-9.573,-24.268,-53.841,1,90
0.4849,-1.5508,-0.0127,-11.280,-26.585,-56.341,1,90
0.4761,-1.5459,-0.0137,-12.988,-28.293,-58.963,1,90
0.4561,-1.5469,-0.0210,-14.817,-30.366,-61.402,1,90
0.4419,-1.5459,-0.0249,-16.402,-32.256,-63.963,1,90
-1.2612,-0.7632,-0.5122,377.561,-6.463,95.610,4,42
-1.3345,-0.8657,-0.5391,370.976,-4.512,93.902,4,42
-1.3916,-0.9546,-0.5703,362.439,-2.866,89.146,4,42
-1.3921,-1.0757,-0.6182,353.232,0.244,85.183,4,42
-1.4414,-1.1655,-0.6587,341.951,5.549,81.341,4,42
-1.4336,-1.2192,-0.6846,329.268,13.232,77.012,4,42
-1.4028,-1.2700,-0.6992,315.610,23.171,71.951,4,42
-1.3394,-1.3105,-0.7114,300.610,35.061,65.549,4,42
0.4312,-1.5483,-0.0107,-18.171,-33.902,-66.220,1,90
0.4121,-1.5396,-0.0200,-19.207,-35.366,-68.720,1,90
0.4048,-1.5400,-0.0293,-20.854,-37.256,-70.854,1,90
0.3945,-1.5371,-0.0327,-21.524,-38.720,-73.232,1,90
0.3745,-1.5264,-0.0283,-22.805,-40.122,-75.244,1,90
0.3667,-1.5234,-0.0303,-23.659,-41.707,-77.805,1,90
0.3516,-1.5200,-0.0361,-24.817,-42.744,-79.878,1,90
0.3398,-1.5103,-0.0254,-25.610,-44.207,-82.012,1,90
0.2964,0.6572,-0.3486,-44.085,48.780,-55.793,2,90
0.2900,0.6626,-0.3525,-42.988,48.537,-57.195,2,90
0.2866,0.6631,-0.3535,-41.098,48.049,-58.963,2,90
0.2754,0.6792,-0.3521,-39.573,47.927,-60.671,2,90
0.2710,0.6685,-0.3574,-37.805,47.500,-62.195,2,90
0.2803,0.6797,-0.3550,-36.585,46.829,-63.598,2,90
0.2686,0.6738,-0.3452,-34.695,46.341,-65.366,2,90
0.2656,0.6782,-0.3540,-33.354,46.037,-66.829,2,90
-0.9194,-0.3687,-0.1860,16.951,9.390,17.805,3,42
-0.9331,-0.3442,-0.1724,17.439,9.939,18.476,3,42
-0.9453,-0.3115,-0.1631,17.195,10.305,18.659,3,42
-0.9502,-0.2969,-0.1616,17.561,10.610,19.634,3,42
-0.9463,-0.2935,-0.1772,19.207,11.463,19.878,3,42
-0.9458,-0.2969,-0.1875,21.402,12.561,20.427,3,42
-0.9448,-0.3018,-0.1924,22.988,13.780,20.366,3,42
-0.9385,-0.3091,-0.1953,24.024,14.634,20.061,3,42
0.2383,-1.4619,0.0190,-30.671,-56.159,-102.256,1,90
0.2344,-1.4512,0.0259,-30.610,-57.439,-104.207,1,90
0.2207,-1.4551,0.0342,-30.549,-58.902,-106.463,1,90
0.2148,-1.4536,0.0322,-30.366,-60.305,-108.537,1,90
0.2021,-1.4526,0.0391,-30.061,-62.256,-110.366,1,90
0.2002,-1.4453,0.0459,-30.061,-63.720,-112.683,1,90
0.1860,-1.4478,0.0322,-29.390,-65.610,-114.634,1,90
0.1743,-1.4385,0.0317,-29.146,-67.622,-116.890,1,90
0.2441,0.6240,-0.3647,-16.707,40.427,-78.354,2,90
0.2378,0.6079,-0.3633,-14.085,39.695,-80.305,2,90
0.2363,0.6060,-0.3657,-13.293,39.207,-80.671,2,90
0.2500,0.5986,-0.3716,-11.951,38.476,-82.378,2,90
0.2515,0.5864,-0.3652,-10.183,38.110,-83.841,2,90
0.2554,0.5854,-0.3760,-9.085,37.439,-85.000,2,90
0.2578,0.5752,-0.3716,-7.256,37.134,-86.646,2,90
0.2583,0.5723,-0.3774,-5.854,36.646,-88.232,2,90
-0.9355,-0.3218,-0.1274,18.659,16.220,23.476,3,42
-0.9355,-0.3281,-0.1514,15.244,14.634,23.293,3,42
-0.9307,-0.3364,-0.1836,12.561,13.598,22.927,3,42
-0.9370,-0.3364,-0.2021,10.915,12.500,22.500,3,42
-0.9287,-0.3286,-0.2227,9.573,12.073,22.317,3,42
-0.9355,-0.3154,-0.2285,9.085,11.585,21.951,3,42
-0.9375,-0.2969,-0.2368,9.451,12.195,21.646,3,42
-0.9434,-0.2720,-0.2339,10.183,12.012,21.646,3,42
0.0615,-1.4512,0.0229,-23.659,-83.659,-135.244,1,90
0.0449,-1.4468,0.0200,-22.683,-85.061,-137.317,1,90
0.0322,-1.4512,0.0215,-22.073,-86.585,-139.146,1,90
0.0234,-1.4546,0.0063,-21.280,-88.293,-141.098,1,90
0.0098,-1.4619,0.0093,-20.183,-89.634,-142.744,1,90
-0.0103,-1.4619,0.0146,-19.817,-90.915,-144.756,1,90
-0.0229,-1.4604,0.0117,-18.598,-92.927,-146.098,1,90
-0.0420,-1.4702,0.0010,-17.683,-95.122,-147.378,1,90
0.2983,0.5791,-0.4150,3.110,34.390,-102.195,2,90
0.3022,0.5732,-0.4111,3.232,34.390,-103.963,2,90
0.3027,0.5767,-0.4126,3.537,34.512,-105.427,2,90
0.3086,0.5713,-0.4116,3.780,34.512,-106.951,2,90
0.3047,0.5693,-0.4106,4.085,34.573,-108.720,2,90
0.3081,0.5669,-0.4043,4.390,34.756,-110.183,2,90
0.3140,0.5659,-0.3999,4.695,34.939,-111.829,2,90
0.3105,0.5635,-0.3901,5.000,35.366,-113.415,2,90
-0.9258,-0.3511,-0.2280,17.256,12.256,22.805,3,42
-0.9219,-0.3574,-0.2192,16.829,11.951,23.354,3,42
-0.9214,-0.3491,-0.2310,15.976,11.220,22.988,3,42
-0.9199,-0.3506,-0.2427,15.183,10.183,23.415,3,42
-0.9263,-0.3452,-0.2368,14.695,10.061,23.659,3,42
-0.9272,-0.3525,-0.2373,15.061,9.573,24.146,3,42
-0.9233,-0.3462,-0.2378,14.939,9.573,24.451,3,42
-0.9277,-0.3530,-0.2344,15.366,9.573,24.817,3,42
0.3101,0.5640,-0.3906,5.427,36.159,-115.427,2,90
0.3223,0.5620,-0.3740,5.793,37.134,-117.012,2,90
0.3120,0.5649,-0.3740,5.854,37.683,-118.598,2,90
0.3291,0.5679,-0.3452,5.671,38.476,-120.488,2,90
0.3301,0.5693,-0.3486,5.305,38.841,-122.073,2,90
0.3335,0.5684,-0.3315,4.817,39.512,-123.902,2,90
0.3340,0.5708,-0.3223,4.390,39.939,-125.732,2,90
0.3105,0.5635,-0.3901,5.000,35.366,-113.415,2,90
-1.6782,-0.1343,-0.2251,53.841,200.671,27.378,4,42
-1.6680,-0.1108,-0.2124,55.976,201.890,27.073,4,42
-1.6479,-0.0898,-0.1958,57.988,203.293,26.585,4,42
-1.6343,-0.0635,-0.1768,60.122,204.512,26.585,4,42
-1.6177,-0.0439,-0.1699,61.341,205.671,25.854,4,42
-1.5962,-0.0347,-0.1479,62.134,206.646,25.488,4,42
-1.5913,-0.0068,-0.1367,62.439,207.683,25.305,4,42
-1.5801,0.0068,-0.1377,62.378,208.659,25.061,4,42
-0.2974,-1.6011,0.0005,-13.354,-129.878,-177.805,1,90
-0.3159,-1.5986,-0.0127,-12.927,-132.012,-179.695,1,90
-0.3267,-1.5894,-0.0161,-12.988,-133.841,-181.585,1,90
-0.3403,-1.5918,-0.0269,-12.195,-136.280,-183.415,1,90
-0.3521,-1.5933,-0.0342,-12.500,-137.927,-185.549,1,90
-0.3706,-1.5908,-0.0522,-11.768,-139.451,-187.073,1,90
-0.3848,-1.5845,-0.0532,-11.341,-140.610,-189.024,1,90
-0.3970,-1.5840,-0.0562,-10.549,-141.220,-190.549,1,90
0.3794,0.6245,-0.2432,-2.927,45.122,-142.134,2,90
0.3770,0.6304,-0.2319,-3.415,46.037,-143.537,2,90
0.3701,0.6372,-0.2466,-3.171,46.524,-144.634,2,90
0.3818,0.6475,-0.2466,-2.805,47.378,-145.610,2,90
0.3774,0.6543,-0.2559,-1.646,47.927,-147.317,2,90
0.3799,0.6714,-0.2603,-0.061,48.841,-147.988,2,90
0.3867,0.6836,-0.2593,1.098,49.756,-149.268,2,90
0.3804,0.7031,-0.2559,2.317,50.610,-150.244,2,90
-0.9678,-0.3140,-0.1675,4.207,4.146,29.756,3,42
-0.9722,-0.3223,-0.1489,2.683,4.085,30.671,3,42
-0.9888,-0.3384,-0.1216,1.585,4.878,32.073,3,42
-0.9995,-0.3545,-0.0981,1.098,5.976,33.476,3,42
-1.0034,-0.3726,-0.0752,-0.061,7.378,35.244,3,42
-0.9976,-0.3774,-0.0693,-1.890,7.927,36.280,3,42
-0.9844,-0.3867,-0.0854,-4.207,8.049,37.378,3,42
-0.9902,-0.3813,-0.0825,-6.890,8.537,37.744,3,42
-0.4883,-1.6616,-0.1064,-5.244,-148.720,-205.976,1,90
-0.4917,-1.6724,-0.1143,-4.939,-149.329,-207.744,1,90
-0.5029,-1.6719,-0.1230,-4.817,-150.671,-209.512,1,90
-0.5117,-1.6807,-0.1304,-4.878,-151.951,-211.220,1,90
-0.5303,-1.6772,-0.1392,-5.366,-152.927,-212.866,1,90
-0.5474,-1.6821,-0.1475,-5.793,-153.902,-214.390,1,90
-0.5630,-1.6875,-0.1514,-6.159,-154.878,-216.768,1,90
-0.5732,-1.6880,-0.1694,-6.707,-155.427,-218.171,1,90
0.3589,0.8530,-0.2886,18.171,60.366,-154.268,2,90
0.3594,0.8677,-0.3003,20.732,61.280,-153.963,2,90
0.3535,0.8833,-0.3057,23.720,62.622,-153.476,2,90
0.3569,0.8950,-0.3169,26.463,63.841,-152.805,2,90
0.3462,0.9116,-0.3086,29.756,65.000,-151.829,2,90
0.3481,0.9233,-0.3096,32.744,66.402,-151.159,2,90
0.3438,0.9316,-0.3022,36.098,67.378,-150.183,2,90
0.3477,0.9390,-0.3032,38.659,68.720,-148.902,2,90
-0.9155,-0.3008,-0.1621,-29.817,8.232,42.622,3,42
-0.9131,-0.2993,-0.1958,-31.098,8.963,43.415,3,42
-0.9243,-0.3022,-0.2104,-32.195,9.390,43.841,3,42
-0.9424,-0.3120,-0.2222,-33.780,9.817,44.573,3,42
-0.9590,-0.3408,-0.2271,-34.756,10.427,45.610,3,42
-0.9678,-0.3511,-0.2207,-36.159,11.402,46.768,3,42
-0.9756,-0.3672,-0.1973,-37.622,12.134,48.354,3,42
-0.9600,-0.3813,-0.1563,-39.207,12.378,50.061,3,42
-0.6816,-1.6558,-0.2373,-11.341,-154.756,-234.756,1,90
-0.6870,-1.6465,-0.2441,-12.195,-154.573,-236.890,1,90
-0.6968,-1.6318,-0.2563,-12.561,-154.451,-239.207,1,90
-0.7061,-1.6265,-0.2666,-13.537,-154.207,-241.159,1,90
-0.7124,-1.6206,-0.2813,-14.085,-153.293,-243.110,1,90
-0.7129,-1.6079,-0.2856,-14.878,-152.744,-245.366,1,90
-0.7212,-1.6060,-0.3003,-15.305,-152.439,-247.744,1,90
-0.7251,-1.5977,-0.3140,-16.037,-151.402,-250.183,1,90
-0.1807,3.3857,-2.1235,-203.780,190.976,75.000,4,42
-0.1416,0.6660,-2.8403,-152.988,156.463,95.854,4,42
-0.1836,0.9463,-1.6382,56.890,95.305,95.793,4,42
-0.8804,1.2407,1.5806,69.878,53.537,61.829,4,42
-1.5869,0.2876,4.8955,0.732,23.476,3.232,4,42
-1.7568,-0.3413,7.8721,40.427,-28.049,-64.390,4,42
-1.1133,0.3491,8.9229,98.780,-113.780,-119.817,4,42
-0.7153,1.0317,7.7344,43.537,-229.817,-79.207,4,42
-0.7222,-1.5874,-0.3291,-16.890,-150.854,-252.439,1,90
-0.7241,-1.5859,-0.3467,-17.927,-150.122,-254.756,1,90
-0.7300,-1.5884,-0.3623,-18.598,-149.268,-257.439,1,90
-0.7290,-1.5684,-0.3750,-19.146,-148.537,-260.244,1,90
-0.7349,-1.5649,-0.3911,-20.488,-147.561,-262.927,1,90
-0.7393,-1.5425,-0.4063,-21.768,-146.829,-265.671,1,90
-0.7402,-1.5215,-0.4170,-23.049,-145.610,-268.354,1,90
-0.7427,-1.5059,-0.4282,-24.390,-144.878,-270.854,1,90
-1.1948,-0.0425,4.5190,-95.610,-292.256,11.524,4,42
-1.7134,-2.3813,1.4185,-134.817,-189.451,46.951,4,42
-1.8730,-3.7002,2.3032,63.232,-64.939,50.061,4,42
-0.9189,-3.0620,5.0498,225.366,-51.768,39.695,4,42
0.5332,-2.0034,6.4590,204.024,-94.146,3.171,4,42
1.4507,-1.2051,6.4419,176.220,-123.720,-21.829,4,42
1.3501,-1.0435,6.4775,206.951,-130.427,-30.976,4,42
0.7856,-1.5518,7.1060,242.256,-121.402,-37.683,4,42
-0.7354,-1.4834,-0.4355,-25.732,-143.841,-273.354,1,90
-0.7319,-1.4604,-0.4443,-27.378,-143.232,-275.732,1,90
-0.7266,-1.4331,-0.4492,-28.902,-141.951,-277.683,1,90
-0.7188,-1.4053,-0.4512,-30.793,-140.854,-279.817,1,90
-0.7173,-1.3799,-0.4702,-32.561,-140.061,-281.585,1,90
-0.7124,-1.3608,-0.4717,-34.146,-139.024,-283.232,1,90
-0.7046,-1.3188,-0.4961,-37.317,-137.805,-285.915,1,90
-0.6997,-1.2852,-0.5005,-38.841,-136.707,-287.439,1,90
-0.0103,-2.1221,7.6738,279.878,-115.915,-44.146,4,42
-0.4019,-1.6836,7.3794,309.207,-120.793,-56.037,4,42
-0.4600,-0.3379,5.8838,298.537,-132.195,-63.841,4,42
-0.6943,0.5327,3.8501,245.122,-127.073,-43.963,4,42
-1.2998,0.2402,2.0620,187.561,-107.866,-1.098,4,42
-1.9097,-0.5410,0.4985,151.829,-98.537,29.939,4,42
-2.4058,-0.9922,-0.9097,124.634,-95.061,31.463,4,42
-2.9614,-0.8682,-1.9546,96.220,-91.707,15.549,4,42
-0.6963,-1.2534,-0.5122,-40.610,-135.427,-288.476,1,90
-0.6885,-1.2300,-0.5225,-41.951,-134.268,-290.061,1,90
-0.6851,-1.1914,-0.5376,-43.659,-132.927,-291.098,1,90
-0.6831,-1.1655,-0.5425,-45.183,-131.585,-292.073,1,90
-0.6748,-1.1411,-0.5464,-46.402,-130.244,-292.683,1,90
-0.6685,-1.1118,-0.5557,-47.805,-129.390,-293.110,1,90
-0.6704,-1.0850,-0.5576,-48.780,-127.866,-293.415,1,90
-0.6675,-1.0596,-0.5625,-50.000,-126.402,-293.354,1,90
-3.7085,0.2290,-2.6162,49.085,-94.451,5.610,4,42
-4.0957,0.9565,-2.5459,16.768,-97.256,14.634,4,42
-4.1699,1.0728,-2.4189,0.671,-100.732,19.085,4,42
-4.1333,0.7393,-1.8584,-19.024,-116.890,22.683,4,42
-3.9146,0.0957,-0.7998,-9.817,-139.695,23.659,4,42
-3.0054,-0.8579,0.9424,-28.171,-161.220,36.829,4,42
-2.0703,-1.4326,1.6343,-72.012,-166.707,39.146,4,42
-1.1733,-1.5127,1.8706,-99.390,-163.476,29.512,4,42
-0.6670,-1.0337,-0.5635,-51.220,-124.817,-292.805,1,90
-0.6709,-1.0117,-0.5771,-52.378,-123.415,-291.951,1,90
-0.6641,-0.9868,-0.5723,-53.354,-122.256,-290.915,1,90
-0.6704,-0.9614,-0.5674,-54.146,-121.220,-289.268,1,90
-0.6689,-0.9399,-0.5801,-55.183,-119.878,-287.073,1,90
-0.6694,-0.9097,-0.5889,-56.463,-119.024,-284.512,1,90
-0.6895,-0.8838,-0.5972,-57.744,-118.171,-281.280,1,90
-0.6919,-0.8564,-0.6016,-59.390,-117.195,-277.256,1,90
0.6455,1.1006,-0.3086,32.988,86.220,-70.244,2,90
0.6772,1.1309,-0.3208,31.098,86.951,-68.659,2,90
0.7173,1.1689,-0.3257,29.634,87.500,-67.195,2,90
0.7466,1.2056,-0.3340,27.805,87.744,-65.061,2,90
0.7847,1.2339,-0.3438,26.159,87.805,-63.354,2,90
0.8247,1.2627,-0.3564,24.817,87.988,-61.463,2,90
0.8677,1.2939,-0.3726,23.963,87.622,-59.390,2,90
0.8989,1.3193,-0.3799,23.293,87.256,-57.317,2,90
-0.9673,0.0332,-0.2124,-62.561,20.366,40.488,3,42
-0.9883,0.0483,-0.2271,-60.732,19.939,40.305,3,42
-1.0220,0.0522,-0.2437,-58.293,20.671,39.939,3,42
-1.0396,0.0342,-0.2544,-53.476,21.646,39.695,3,42
-1.0708,0.0112,-0.2666,-48.902,22.439,39.207,3,42
-1.0898,-0.0078,-0.2876,-43.841,23.902,38.232,3,42
-1.0737,-0.0288,-0.3042,-38.537,25.000,37.317,3,42
-1.0059,-0.0142,-0.3364,-32.805,26.646,35.061,3,42
0.9282,1.3481,-0.3862,22.500,86.829,-54.939,2,90
0.9595,1.3784,-0.3921,22.378,85.976,-52.866,2,90
0.9980,1.4063,-0.4053,22.256,85.183,-50.610,2,90
1.0239,1.4292,-0.4307,21.646,84.207,-48.110,2,90
1.0483,1.4536,-0.4307,20.793,83.232,-45.488,2,90
1.0693,1.4751,-0.4390,19.817,82.256,-42.805,2,90
1.1055,1.4912,-0.4551,18.659,81.280,-40.122,2,90
1.1274,1.5107,-0.4531,17.439,80.915,-36.951,2,90
1.1587,1.5210,-0.4458,15.488,80.183,-33.902,2,90
1.1943,1.5322,-0.4473,12.866,79.695,-30.732,2,90
1.2158,1.5288,-0.4336,9.878,79.329,-27.195,2,90
1.2715,1.5332,-0.4409,7.683,78.354,-23.415,2,90
1.3188,1.5254,-0.4351,5.488,77.134,-19.756,2,90
1.3589,1.5269,-0.4331,3.171,75.854,-16.341,2,90
1.3994,1.5229,-0.4297,0.061,73.780,-12.805,2,90
1.4438,1.5117,-0.4199,-2.622,71.890,-9.512,2,90
-0.6685,0.1836,-0.3784,12.866,26.646,19.024,3,42
-0.7021,0.1357,-0.3940,15.854,25.549,16.890,3,42
-0.7402,0.0947,-0.4082,17.683,23.963,14.451,3,42
-0.7954,0.0420,-0.4268,18.720,22.073,11.768,3,42
-0.8687,-0.0015,-0.4370,19.634,20.854,9.390,3,42
-0.9419,-0.0103,-0.3979,20.427,19.512,7.256,3,42
-1.0034,0.0044,-0.3667,20.549,17.195,5.305,3,42
-1.0557,0.0171,-0.3267,21.585,15.305,3.049,3,42
1.4736,1.5156,-0.4106,-5.488,69.329,-6.524,2,90
1.5068,1.5054,-0.3955,-8.780,66.402,-3.232,2,90
1.5259,1.4971,-0.4019,-12.317,62.988,-0.244,2,90
1.5542,1.4956,-0.3945,-15.244,59.085,3.049,2,90
1.5688,1.4868,-0.3887,-18.537,55.183,5.854,2,90
1.5762,1.4858,-0.3960,-21.463,50.915,8.780,2,90
1.5918,1.4966,-0.4097,-24.085,46.951,11.646,2,90
1.5879,1.5078,-0.4150,-27.256,43.659,14.512,2,90
-2.1011,0.1323,0.5332,-39.573,110.732,16.890,4,42
-2.1924,0.0103,0.5586,-36.037,114.329,8.659,4,42
-2.1890,-0.1045,0.5464,-32.134,117.073,-0.549,4,42
-2.1177,-0.2197,0.5830,-29.146,120.671,-11.280,4,42
-2.0083,-0.3657,0.3555,-32.256,126.524,-25.610,4,42
-1.9082,-0.8496,0.2041,-29.451,134.268,-36.585,4,42
-1.8760,-1.2813,0.1626,-17.805,138.232,-45.122,4,42
-1.8105,-1.2690,0.3560,-3.110,135.427,-53.841,4,42
-1.0693,0.3301,-0.8066,-91.402,-14.085,25.732,1,90
-1.0923,0.3481,-0.7861,-86.768,-8.963,38.659,1,90
-1.1064,0.3555,-0.7808,-81.951,-3.049,51.646,1,90
-1.1191,0.3447,-0.7881,-75.366,2.439,63.659,1,90
-1.1245,0.3257,-0.7837,-66.646,8.659,75.061,1,90
-1.1323,0.3081,-0.7603,-57.134,15.610,85.061,1,90
-1.1333,0.2778,-0.7456,-47.988,22.500,94.085,1,90
-1.1323,0.2563,-0.7251,-39.207,28.963,102.378,1,90
-1.7773,-0.8721,0.5903,2.744,130.000,-60.793,4,42
-1.7896,-0.3613,0.8174,4.329,125.793,-61.220,4,42
-1.8784,0.0415,0.9229,6.037,124.878,-55.793,4,42
-2.0083,0.2280,0.9492,6.890,127.622,-48.354,4,42
-2.1611,0.1958,0.9287,10.244,132.927,-39.634,4,42
-2.2627,0.1011,0.9326,15.122,136.707,-30.122,4,42
-2.2925,-0.0278,1.0283,20.488,136.585,-20.488,4,42
-2.2734,-0.1597,1.0933,21.646,136.159,-12.500,4,42
-1.1260,0.2246,-0.7021,-30.610,35.122,110.183,1,90
-1.1152,0.2036,-0.6865,-24.268,40.183,117.256,1,90
-1.1021,0.1768,-0.6704,-19.146,44.634,124.268,1,90
-1.0845,0.1333,-0.6543,-12.317,49.085,134.207,1,90
-1.0649,0.1016,-0.6450,-8.720,51.585,140.915,1,90
-1.0522,0.0806,-0.6343,-5.122,53.049,147.866,1,90
-1.0454,0.0552,-0.6235,-1.890,54.756,154.817,1,90
-1.0278,0.0386,-0.6187,0.488,56.585,161.890,1,90
-2.2529,-0.3267,1.1196,18.537,135.488,-7.866,4,42
-2.2427,-0.5352,1.0977,14.451,136.707,-6.707,4,42
-2.2651,-0.7622,1.0708,11.341,140.183,-7.378,4,42
-2.3008,-0.9795,1.0615,5.976,144.451,-8.841,4,42
-2.3237,-1.1973,1.0435,-2.500,149.085,-11.402,4,42
-2.3198,-1.3936,1.0146,-13.171,152.866,-14.695,4,42
-2.3042,-1.5342,1.0039,-24.939,155.549,-17.805,4,42
-2.2939,-1.6001,0.9956,-36.585,157.683,-20.244,4,42
-1.0186,0.0303,-0.6064,2.927,57.927,168.902,1,90
-1.0205,0.0186,-0.5967,4.817,59.817,175.915,1,90
-1.0146,0.0239,-0.5962,6.402,61.829,183.537,1,90
-1.0220,0.0112,-0.5903,7.805,64.329,190.671,1,90
-1.0176,0.0073,-0.5776,9.024,67.134,197.866,1,90
-1.0234,0.0088,-0.5688,10.427,70.000,204.939,1,90
-1.0210,0.0117,-0.5674,11.890,72.866,211.646,1,90
-1.0259,0.0068,-0.5488,14.085,76.159,218.720,1,90
0.8281,1.4063,-0.4639,-93.902,-75.000,123.902,2,90
0.8438,1.3843,-0.4497,-94.146,-76.768,127.927,2,90
0.8491,1.3521,-0.4336,-94.268,-78.659,131.646,2,90
0.8638,1.3262,-0.4033,-94.634,-80.549,134.756,2,90
0.8682,1.2964,-0.3862,-94.024,-82.622,137.256,2,90
0.8828,1.2842,-0.3545,-93.415,-85.000,139.573,2,90
0.8979,1.2559,-0.3276,-92.317,-87.622,141.280,2,90
0.8979,1.2305,-0.2988,-91.037,-90.366,142.866,2,90
-1.0347,-0.1826,-0.3086,53.659,-13.963,-62.378,3,42
-1.0430,-0.1519,-0.3013,56.402,-11.463,-63.232,3,42
-1.0264,-0.1353,-0.2871,58.963,-8.537,-64.146,3,42
-0.9927,-0.1401,-0.2842,60.732,-7.378,-65.122,3,42
-0.9600,-0.1548,-0.2593,61.585,-6.280,-65.427,3,42
-0.9556,-0.1533,-0.2192,60.488,-6.402,-65.671,3,42
-0.9678,-0.1450,-0.2134,56.951,-7.256,-65.793,3,42
-0.9702,-0.1440,-0.1973,52.500,-9.085,-66.463,3,42
0.9043,1.2080,-0.2725,-89.451,-93.720,143.963,2,90
0.9092,1.1938,-0.2563,-88.049,-96.890,145.000,2,90
0.9077,1.1646,-0.2290,-86.402,-100.549,145.610,2,90
0.9023,1.1479,-0.2251,-84.024,-103.963,146.463,2,90
0.8975,1.1245,-0.2056,-81.829,-107.439,147.195,2,90
0.8804,1.1079,-0.1934,-79.634,-110.427,147.988,2,90
0.8667,1.0903,-0.1792,-77.012,-113.354,148.659,2,90
0.8472,1.0605,-0.1753,-74.390,-116.037,149.756,2,90
0.8276,1.0366,-0.1636,-71.585,-118.476,150.488,2,90
0.8032,1.0151,-0.1602,-68.780,-120.366,151.463,2,90
0.7817,0.9795,-0.1592,-65.854,-122.561,152.256,2,90
0.7593,0.9521,-0.1636,-62.866,-124.512,152.927,2,90
0.7339,0.9243,-0.1587,-59.146,-126.098,153.232,2,90
0.7158,0.8936,-0.1655,-55.305,-127.561,153.354,2,90
0.6787,0.8721,-0.1616,-51.220,-128.841,153.537,2,90
0.6582,0.8398,-0.1421,-47.256,-130.305,153.780,2,90
-0.9712,-0.2451,-0.1968,14.512,-20.976,-70.305,3,42
-0.9653,-0.2681,-0.2012,10.061,-22.012,-70.061,3,42
-0.9668,-0.3101,-0.2197,6.585,-23.415,-69.573,3,42
-0.9629,-0.3359,-0.2456,4.085,-24.329,-69.451,3,42
-0.9604,-0.3574,-0.2896,1.951,-25.122,-69.756,3,42
-0.9355,-0.3716,-0.3174,0.793,-25.671,-69.939,3,42
-0.9370,-0.3643,-0.3369,0.122,-26.524,-69.573,3,42
-0.9185,-0.3408,-0.3438,-0.183,-27.256,-69.207,3,42
0.6123,0.8047,-0.1450,-41.037,-132.012,153.293,2,90
0.6006,0.7847,-0.1533,-39.268,-132.622,152.927,2,90
0.5781,0.7612,-0.1470,-35.244,-133.659,152.439,2,90
0.5391,0.7417,-0.1455,-31.524,-134.878,151.829,2,90
0.5093,0.7178,-0.1396,-27.866,-135.854,150.854,2,90
0.4888,0.7026,-0.1411,-24.390,-137.256,150.305,2,90
0.4658,0.6782,-0.1460,-21.280,-138.354,149.329,2,90
0.4458,0.6631,-0.1548,-17.805,-139.695,148.415,2,90
-0.9102,-0.3242,-0.3516,0.244,-28.354,-68.720,3,42
-0.9058,-0.3071,-0.3823,0.122,-29.451,-67.866,3,42
-0.8931,-0.3003,-0.3818,0.244,-30.671,-67.195,3,42
-0.8799,-0.2988,-0.4092,0.732,-31.037,-66.768,3,42
-0.8599,-0.3174,-0.4146,1.585,-31.707,-66.098,3,42
-0.8281,-0.3203,-0.4106,1.280,-33.171,-65.244,3,42
-0.8003,-0.3350,-0.3970,0.549,-35.061,-64.146,3,42
-0.7915,-0.3481,-0.3989,-0.671,-37.073,-63.110,3,42
0.3989,0.6353,-0.1572,-13.110,-141.220,146.585,2,90
0.3760,0.6113,-0.1670,-10.549,-142.317,145.854,2,90
0.3677,0.6074,-0.1714,-9.329,-143.110,145.183,2,90
0.3296,0.5879,-0.1855,-5.610,-144.756,143.171,2,90
0.3105,0.5815,-0.1929,-4.085,-144.939,142.317,2,90
0.2700,0.5605,-0.2080,-0.183,-146.463,140.366,2,90
0.2490,0.5439,-0.2148,2.378,-146.707,138.659,2,90
0.2188,0.5327,-0.2231,4.634,-147.012,136.768,2,90
-0.7847,-0.3560,-0.3989,-1.402,-39.024,-61.463,3,42
-0.7905,-0.3613,-0.3975,-2.317,-40.671,-60.366,3,42
-0.8057,-0.3652,-0.3984,-3.354,-42.256,-59.146,3,42
-0.8242,-0.3613,-0.3931,-4.695,-44.390,-57.927,3,42
-0.8379,-0.3682,-0.3765,-4.817,-45.366,-56.341,3,42
-0.8491,-0.3608,-0.3521,-4.329,-45.732,-54.878,3,42
-0.8525,-0.3589,-0.3472,-3.902,-46.524,-53.537,3,42
-0.8652,-0.3569,-0.3394,-3.354,-47.012,-52.683,3,42
-0.7461,-1.6216,-0.2324,-2.195,122.866,298.476,1,90
-0.7476,-1.6553,-0.2090,-8.415,122.012,299.146,1,90
-0.7485,-1.6768,-0.1782,-14.451,122.134,299.573,1,90
-0.7515,-1.7021,-0.1528,-19.451,121.585,299.451,1,90
-0.7451,-1.7261,-0.1274,-23.537,121.280,299.085,1,90
-0.7388,-1.7358,-0.0957,-27.195,120.854,298.171,1,90
-0.7388,-1.7515,-0.0786,-29.512,121.341,296.585,1,90
-0.7275,-1.7607,-0.0625,-30.427,121.768,295.061,1,90
0.0571,0.4824,-0.3335,23.720,-140.488,121.951,2,90
0.0483,0.4795,-0.3311,25.061,-138.659,120.366,2,90
0.0293,0.4810,-0.3452,27.134,-137.256,118.598,2,90
0.0190,0.4912,-0.3521,28.598,-135.183,116.951,2,90
0.0068,0.4858,-0.3574,30.244,-133.049,115.244,2,90
-0.0039,0.4937,-0.3550,31.524,-130.976,113.720,2,90
-0.0073,0.4907,-0.3564,32.500,-128.902,112.073,2,90
-0.0161,0.4946,-0.3486,33.049,-127.195,110.366,2,90
-1.5894,1.1104,0.7622,-85.000,-95.793,-116.585,4,42
-1.3364,0.8687,0.7314,-105.061,-103.232,-133.537,4,42
-1.0483,0.6616,0.7246,-126.280,-110.793,-152.012,4,42
-0.8193,0.4844,0.7422,-144.817,-119.817,-167.927,4,42
-0.6865,0.3428,0.7573,-160.366,-130.854,-178.963,4,42
-0.6338,0.2217,0.7734,-174.878,-143.232,-185.183,4,42
-0.6357,0.1353,0.7969,-188.171,-156.463,-186.768,4,42
-0.6943,0.0713,0.8145,-200.854,-169.939,-184.329,4,42
-0.7739,0.0254,0.8262,-212.561,-183.354,-179.756,4,42
-0.8643,0.0093,0.8403,-222.744,-196.341,-173.476,4,42
-0.9590,0.0181,0.8340,-231.951,-208.659,-166.402,4,42
-1.0518,0.0439,0.8379,-239.939,-219.756,-160.000,4,42
-1.1460,0.0703,0.8145,-246.890,-228.537,-153.780,4,42
-1.2437,0.1045,0.7944,-251.037,-233.415,-149.390,4,42
-1.3262,0.1377,0.7705,-253.780,-234.817,-147.500,4,42
-1.4023,0.1455,0.7544,-253.110,-233.110,-149.146,4,42
-0.5596,-1.8560,-0.0513,-11.829,121.707,261.402,1,90
-0.5410,-1.8618,-0.0688,-9.268,120.976,257.683,1,90
-0.5254,-1.8623,-0.0630,-6.646,120.793,253.780,1,90
-0.5171,-1.8584,-0.0762,-3.963,120.549,250.305,1,90
-0.4917,-1.8662,-0.0781,-1.280,120.488,247.012,1,90
-0.4790,-1.8667,-0.0913,1.585,120.549,243.537,1,90
-0.4634,-1.8667,-0.0825,4.512,119.756,240.549,1,90
-0.4521,-1.8564,-0.0811,8.232,119.634,237.622,1,90
-1.4653,0.1509,0.7354,-249.512,-229.634,-153.659,4,42
-1.5083,0.1450,0.7144,-243.110,-225.854,-160.854,4,42
-1.5410,0.1445,0.6924,-233.780,-222.500,-170.183,4,42
-1.5591,0.1353,0.6636,-222.622,-219.939,-179.878,4,42
-1.5771,0.1357,0.6455,-209.329,-217.561,-190.488,4,42
-1.5894,0.1138,0.6123,-195.000,-216.159,-200.549,4,42
-1.5947,0.1108,0.5742,-180.061,-215.732,-209.451,4,42
-1.5957,0.1055,0.5449,-165.427,-216.707,-217.012,4,42
-0.4326,-1.8501,-0.1025,11.524,119.024,234.573,1,90
-0.4111,-1.8384,-0.1055,15.549,118.841,231.402,1,90
-0.3970,-1.8291,-0.1235,19.634,118.659,228.232,1,90
-0.3892,-1.8145,-0.1196,24.329,119.268,224.512,1,90
-0.3618,-1.7969,-0.1250,28.963,120.427,220.610,1,90
-0.3521,-1.7842,-0.1187,33.476,121.341,216.829,1,90
-0.3408,-1.7769,-0.1133,37.744,122.195,213.171,1,90
-0.3257,-1.7681,-0.1021,42.378,123.171,209.329,1,90
-1.5967,0.1167,0.5283,-151.402,-218.171,-223.354,4,42
-1.5942,0.1299,0.5142,-138.963,-220.549,-229.390,4,42
-1.6040,0.1421,0.4927,-128.354,-222.988,-233.537,4,42
-1.6265,0.1514,0.4683,-119.451,-225.366,-237.561,4,42
-1.6475,0.1577,0.4424,-111.159,-227.012,-241.829,4,42
-1.6855,0.1631,0.4180,-102.927,-228.598,-246.585,4,42
-1.7217,0.1670,0.3813,-94.695,-230.183,-252.439,4,42
-1.7573,0.1831,0.3716,-86.951,-231.585,-258.110,4,42
-0.3091,-1.7695,-0.1050,46.829,124.024,205.671,1,90
-0.2896,-1.7681,-0.0933,51.098,124.756,201.951,1,90
-0.2686,-1.7764,-0.0923,55.366,125.366,198.049,1,90
-0.2451,-1.7695,-0.0776,59.451,125.793,194.390,1,90
-0.2339,-1.7739,-0.0664,62.866,125.671,190.122,1,90
-0.2109,-1.7754,-0.0620,66.220,125.183,186.280,1,90
-0.1890,-1.7690,-0.0640,69.207,125.122,182.195,1,90
-0.1753,-1.7681,-0.0542,72.073,124.451,178.476,1,90
0.1172,0.2520,-0.2407,10.427,-77.195,75.610,2,90
0.1235,0.2568,-0.2344,9.634,-76.220,73.780,2,90
0.1226,0.2588,-0.2271,8.293,-74.939,71.768,2,90
0.1211,0.2632,-0.2339,7.561,-73.963,70.061,2,90
0.1177,0.2632,-0.2319,6.646,-72.744,67.744,2,90
0.1113,0.2700,-0.2319,5.976,-71.341,66.098,2,90
0.1123,0.2808,-0.2354,5.244,-70.366,64.451,2,90
0.0952,0.2817,-0.2324,5.122,-68.659,62.988,2,90
-0.9448,-0.3403,-0.0913,-8.659,-46.768,-46.220,3,42
-0.9248,-0.3662,-0.1060,-9.390,-47.805,-46.280,3,42
-0.9165,-0.3818,-0.1094,-10.061,-48.171,-46.341,3,42
-0.9258,-0.3911,-0.1118,-10.610,-48.476,-46.341,3,42
-0.9336,-0.3960,-0.1084,-12.744,-49.024,-46.402,3,42
-0.9297,-0.4077,-0.1401,-14.634,-49.695,-47.195,3,42
-0.9355,-0.4102,-0.1436,-16.037,-50.000,-47.561,3,42
-0.9473,-0.4023,-0.1387,-16.585,-50.000,-48.171,3,42
-0.0151,-1.7188,0.0176,84.512,119.329,143.110,1,90
0.0117,-1.7065,0.0234,84.817,118.720,139.634,1,90
0.0396,-1.7090,0.0332,83.963,117.744,136.402,1,90
0.0693,-1.6919,0.0449,83.415,117.012,132.988,1,90
0.0952,-1.6855,0.0420,82.500,115.671,129.634,1,90
0.1274,-1.6792,0.0615,81.220,114.573,126.159,1,90
0.1572,-1.6606,0.0610,79.695,113.049,122.622,1,90
0.1821,-1.6523,0.0659,78.110,111.220,119.268,1,90
-1.8979,1.0435,0.1138,-51.768,-282.256,-228.963,4,42
-1.8262,1.0630,0.1157,-47.683,-282.866,-218.110,4,42
-1.7700,1.0840,0.1372,-44.024,-285.671,-206.768,4,42
-1.7139,1.0850,0.1455,-41.890,-292.256,-195.488,4,42
-1.6279,1.0522,0.1602,-38.659,-303.049,-184.146,4,42
-1.5728,1.0527,0.1382,-35.732,-315.610,-173.476,4,42
-1.5664,1.3218,-0.1816,-43.415,-321.585,-162.317,4,42
-1.5654,1.9014,-0.5532,-65.549,-311.585,-138.415,4,42
0.2173,-1.6392,0.0693,76.280,108.902,115.671,1,90
0.2402,-1.6182,0.0728,74.634,106.768,112.378,1,90
0.2686,-1.6084,0.0654,72.744,104.512,108.598,1,90
0.2974,-1.5903,0.0659,71.341,101.768,105.793,1,90
0.3242,-1.5757,0.0684,69.634,99.207,102.317,1,90
0.3486,-1.5605,0.0547,68.171,96.402,98.963,1,90
0.3745,-1.5415,0.0410,66.463,93.415,95.732,1,90
0.3921,-1.5239,0.0386,65.122,90.549,92.561,1,90
0.0527,0.4448,-0.2969,4.695,-36.463,48.537,2,90
0.0410,0.4473,-0.2886,4.024,-34.512,47.988,2,90
0.0420,0.4419,-0.2871,3.049,-32.378,48.049,2,90
0.0430,0.4429,-0.2935,2.317,-30.549,47.195,2,90
0.0386,0.4370,-0.2979,0.976,-28.354,47.012,2,90
0.0435,0.4380,-0.2764,0.305,-26.402,46.280,2,90
0.0444,0.4341,-0.2891,-0.305,-24.390,45.793,2,90
0.0449,0.4268,-0.2871,-1.159,-22.561,45.061,2,90
-0.9551,-0.3735,-0.0620,-40.793,-53.902,-55.244,3,42
-0.9565,-0.3555,-0.0532,-40.732,-53.659,-56.159,3,42
-0.9463,-0.3311,-0.0479,-41.341,-54.756,-56.768,3,42
-0.9512,-0.3057,-0.0273,-42.805,-56.037,-57.317,3,42
-0.9551,-0.3062,-0.0205,-43.841,-56.707,-57.439,3,42
-0.9688,-0.2998,-0.0112,-45.366,-57.683,-58.354,3,42
-0.9683,-0.3340,-0.0620,-50.000,-59.268,-59.878,3,42
-0.9639,-0.3955,-0.0854,-52.317,-59.939,-62.134,3,42
0.0449,0.4238,-0.2725,-1.341,-20.366,44.634,2,90
0.0469,0.4214,-0.2651,-1.890,-18.659,44.085,2,90
0.0459,0.4165,-0.2661,-2.561,-16.768,42.927,2,90
0.0488,0.4180,-0.2627,-2.805,-15.244,41.646,2,90
0.0508,0.4277,-0.2529,-3.171,-13.232,40.976,2,90
0.0474,0.4341,-0.2437,-3.598,-11.646,39.634,2,90
0.0542,0.4390,-0.2344,-4.268,-9.756,38.902,2,90
0.0605,0.4526,-0.2334,-5.305,-8.415,37.866,2,90
-0.9658,-0.4243,-0.0796,-52.866,-60.366,-64.695,3,42
-0.9180,-0.4180,-0.0693,-54.878,-61.707,-66.829,3,42
-0.8853,-0.3887,-0.0464,-57.073,-62.683,-66.768,3,42
-0.8799,-0.3530,-0.0176,-59.878,-64.024,-65.610,3,42
-0.8760,-0.3223,0.0103,-63.171,-66.402,-64.878,3,42
-0.8955,-0.3027,0.0308,-66.280,-67.683,-64.329,3,42
-0.9106,-0.3008,0.0234,-67.988,-68.110,-65.061,3,42
-0.9248,-0.3169,-0.0137,-69.085,-68.171,-65.671,3,42
0.0659,0.4658,-0.2188,-6.037,-6.585,36.951,2,90
0.0728,0.4785,-0.2163,-7.500,-5.305,36.098,2,90
0.0776,0.4858,-0.2021,-8.963,-3.537,35.305,2,90
0.0820,0.4932,-0.1978,-10.915,-2.317,34.573,2,90
0.0942,0.5010,-0.1904,-13.049,-1.037,34.207,2,90
0.0981,0.5220,-0.1938,-14.634,-0.122,33.232,2,90
0.1235,0.5215,-0.1865,-16.829,1.037,32.622,2,90
0.1357,0.5381,-0.1851,-18.415,2.317,32.561,2,90
-0.9395,-0.3306,-0.0293,-69.024,-67.317,-66.707,3,42
-0.9575,-0.3569,-0.0581,-68.354,-65.854,-68.110,3,42
-0.9614,-0.3730,-0.0762,-67.622,-64.634,-69.451,3,42
-0.9570,-0.3906,-0.1040,-65.244,-63.049,-70.122,3,42
-0.9507,-0.3843,-0.1143,-61.341,-61.037,-70.183,3,42
-0.9341,-0.3540,-0.0986,-57.683,-58.963,-69.512,3,42
-0.9243,-0.3267,-0.0767,-53.232,-56.768,-68.171,3,42
-0.9155,-0.3018,-0.0503,-47.988,-54.268,-66.341,3,42
0.1465,0.5479,-0.1904,-20.488,3.415,31.768,2,90
0.1655,0.5610,-0.1895,-21.890,4.695,31.463,2,90
0.1807,0.5742,-0.1904,-23.354,6.280,30.671,2,90
0.1978,0.5864,-0.1958,-24.817,7.805,29.756,2,90
0.2153,0.6084,-0.1948,-26.646,9.878,28.902,2,90
0.2407,0.6196,-0.1899,-27.683,11.524,27.622,2,90
0.2593,0.6411,-0.1846,-29.390,13.476,26.220,2,90
0.2813,0.6650,-0.1880,-30.549,15.122,24.329,2,90
-0.9209,-0.2817,-0.0229,-42.195,-51.280,-63.720,3,42
-0.9312,-0.2808,-0.0088,-36.890,-48.476,-61.951,3,42
-0.9321,-0.3027,-0.0073,-30.305,-45.427,-59.878,3,42
-0.9404,-0.3320,-0.0225,-23.354,-41.280,-58.110,3,42
-0.9443,-0.3726,-0.0239,-15.610,-36.524,-55.793,3,42
-0.9365,-0.4199,-0.0376,-8.293,-31.463,-53.537,3,42
-0.9209,-0.4741,-0.0732,-0.122,-25.610,-51.159,3,42
-0.8989,-0.5479,-0.1025,8.049,-20.549,-49.024,3,42
0.3037,0.6958,-0.1885,-32.012,16.951,22.378,2,90
0.3262,0.7144,-0.1968,-33.476,18.354,20.671,2,90
0.3555,0.7402,-0.2012,-34.878,19.634,18.415,2,90
0.3662,0.7573,-0.1924,-36.402,21.037,16.341,2,90
0.3887,0.7822,-0.2021,-37.927,22.500,14.024,2,90
0.4028,0.7974,-0.2051,-39.573,23.476,12.012,2,90
0.4028,0.8101,-0.2065,-40.549,24.451,10.061,2,90
0.4121,0.8193,-0.2139,-41.768,25.427,7.744,2,90
-0.8745,-0.6040,-0.1138,16.220,-15.000,-46.524,3,42
-0.8647,-0.6694,-0.1250,25.793,-8.171,-43.232,3,42
-0.8433,-0.7061,-0.1396,35.061,-2.134,-40.305,3,42
-0.8330,-0.7397,-0.1440,42.561,2.561,-35.976,3,42
-0.8389,-0.7529,-0.1309,49.024,7.012,-31.524,3,42
-0.8584,-0.7544,-0.1055,54.024,10.915,-27.134,3,42
-0.8721,-0.7480,-0.0620,55.915,13.232,-23.354,3,42
-0.8833,-0.7466,-0.0498,55.122,14.939,-19.512,3,42
0.4287,0.8345,-0.2290,-42.012,26.159,5.915,2,90
0.4321,0.8350,-0.2349,-42.256,26.890,3.598,2,90
0.4355,0.8433,-0.2407,-42.012,27.927,1.524,2,90
0.4409,0.8457,-0.2480,-41.646,28.963,-0.915,2,90
0.4438,0.8477,-0.2515,-40.854,30.366,-3.293,2,90
0.4434,0.8569,-0.2622,-40.854,31.768,-6.220,2,90
0.4409,0.8604,-0.2627,-40.183,33.354,-8.902,2,90
0.4448,0.8501,-0.2651,-39.573,34.939,-11.463,2,90
-0.8799,-0.7593,-0.0469,53.415,15.549,-16.951,3,42
-0.8804,-0.7651,-0.0508,50.854,15.915,-15.061,3,42
-0.8677,-0.7759,-0.0449,47.134,16.280,-13.171,3,42
-0.8589,-0.7847,-0.0439,43.841,16.280,-11.463,3,42
-0.8579,-0.7803,-0.0396,39.878,16.463,-9.329,3,42
-0.8540,-0.7749,-0.0435,36.646,16.524,-6.951,3,42
-0.8706,-0.7534,-0.0313,33.049,16.402,-4.024,3,42
-0.8872,-0.7314,-0.0288,29.207,15.976,-1.037,3,42
0.4385,0.8599,-0.2671,-39.085,37.073,-14.268,2,90
0.4429,0.8501,-0.2666,-38.537,38.963,-17.317,2,90
0.4521,0.8555,-0.2852,-38.171,40.976,-20.427,2,90
0.4473,0.8540,-0.2729,-37.256,42.927,-23.720,2,90
0.4517,0.8545,-0.2666,-36.768,45.061,-26.524,2,90
0.4468,0.8511,-0.2539,-36.585,47.134,-30.000,2,90
0.4482,0.8677,-0.2441,-37.317,49.512,-33.537,2,90
0.4497,0.8613,-0.2271,-38.232,51.280,-37.012,2,90
-0.8950,-0.7212,-0.0229,24.878,15.549,1.890,3,42
-0.9072,-0.7163,-0.0146,19.817,14.329,3.963,3,42
-0.9180,-0.7139,-0.0161,14.817,13.659,5.854,3,42
-0.9287,-0.7139,0.0000,10.427,13.415,7.744,3,42
-0.9380,-0.7012,0.0083,6.402,12.744,9.390,3,42
-0.9355,-0.6997,0.0249,1.524,12.500,11.524,3,42
-0.9307,-0.7080,0.0322,-1.890,12.256,13.537,3,42
-0.9248,-0.7104,0.0215,-3.902,12.561,15.671,3,42
0.4517,0.8628,-0.2183,-39.634,53.232,-40.061,2,90
0.4585,0.8667,-0.2148,-41.220,54.939,-43.476,2,90
0.4648,0.8721,-0.2090,-42.805,56.524,-46.646,2,90
0.4766,0.8696,-0.2095,-44.146,58.232,-49.512,2,90
0.4800,0.8809,-0.2012,-45.061,59.268,-52.500,2,90
0.4922,0.8843,-0.2065,-46.585,60.610,-55.244,2,90
0.5029,0.8877,-0.2104,-47.256,61.463,-57.866,2,90
0.5073,0.8975,-0.2246,-47.622,62.195,-60.732,2,90
-0.9102,-0.6943,0.0278,-6.890,14.268,18.110,3,42
-0.9063,-0.6953,0.0200,-8.110,14.878,19.085,3,42
-0.9053,-0.6919,0.0005,-9.451,15.610,20.732,3,42
-0.8965,-0.6738,-0.0254,-10.488,16.829,22.683,3,42
-0.8989,-0.6606,-0.0420,-10.976,17.683,24.268,3,42
-0.8911,-0.6304,-0.0752,-10.183,19.207,27.012,3,42
-0.8774,-0.6079,-0.0928,-9.573,20.244,28.598,3,42
-0.8711,-0.5806,-0.1030,-8.902,21.159,30.122,3,42
0.1650,-1.8076,-0.1753,-60.244,-24.573,-37.378,1,90
0.1636,-1.7803,-0.1689,-59.146,-25.732,-40.305,1,90
0.1602,-1.7612,-0.1675,-58.171,-27.195,-42.805,1,90
0.1494,-1.7349,-0.1709,-56.402,-28.354,-45.976,1,90
0.1392,-1.7056,-0.1641,-54.817,-30.061,-48.902,1,90
0.1436,-1.6729,-0.1577,-53.659,-31.402,-52.561,1,90
0.1431,-1.6396,-0.1504,-53.598,-32.256,-55.488,1,90
0.1396,-1.6162,-0.1587,-53.232,-33.537,-57.256,1,90
0.4561,0.9917,-0.2622,-46.890,63.780,-85.488,2,90
0.4341,0.9937,-0.2534,-47.500,63.293,-87.500,2,90
0.4170,0.9883,-0.2666,-47.866,62.012,-88.902,2,90
0.3945,0.9800,-0.2607,-48.476,61.037,-90.122,2,90
0.3701,0.9785,-0.2617,-48.720,59.573,-91.341,2,90
0.3467,0.9722,-0.2666,-49.207,58.354,-92.439,2,90
0.3203,0.9580,-0.2715,-50.000,57.256,-93.049,2,90
0.3022,0.9390,-0.2739,-50.976,56.280,-93.598,2,90
-0.9453,-0.4355,-0.0576,8.049,31.707,39.634,3,42
-0.9565,-0.4199,-0.0483,9.878,32.744,40.183,3,42
-0.9648,-0.4087,-0.0210,11.280,34.512,40.000,3,42
-0.9785,-0.4097,-0.0127,13.354,35.976,40.061,3,42
-0.9790,-0.4102,-0.0039,15.488,38.598,39.878,3,42
-0.9780,-0.4082,-0.0195,19.329,41.280,39.756,3,42
-0.9771,-0.3940,-0.0327,23.049,43.963,39.756,3,42
-0.9663,-0.3882,-0.0278,27.134,45.976,39.512,3,42
0.2700,0.9292,-0.2871,-51.463,55.427,-94.207,2,90
0.2510,0.9077,-0.2959,-51.829,55.000,-94.207,2,90
0.2256,0.8833,-0.3032,-52.500,54.451,-94.512,2,90
0.2139,0.8706,-0.3169,-53.110,54.024,-94.939,2,90
0.1870,0.8511,-0.3267,-53.659,53.902,-94.939,2,90
0.1685,0.8325,-0.3267,-54.573,54.329,-95.366,2,90
0.1582,0.8149,-0.3364,-55.183,54.146,-95.305,2,90
0.1494,0.7881,-0.3325,-56.402,54.634,-95.793,2,90
-0.9526,-0.3711,-0.0342,30.427,48.293,39.634,3,42
-0.9541,-0.3662,-0.0527,34.024,50.610,39.634,3,42
-0.9365,-0.3594,-0.0537,37.683,52.744,39.695,3,42
-0.9390,-0.3599,-0.0532,42.256,55.488,39.573,3,42
-0.9448,-0.3618,-0.0420,46.646,58.354,39.878,3,42
-0.9487,-0.3540,-0.0347,51.098,61.220,40.122,3,42
-0.9419,-0.3516,-0.0415,54.878,63.720,40.244,3,42
-0.9204,-0.3511,-0.0562,58.293,65.549,40.671,3,42
0.1401,0.7739,-0.3325,-56.585,55.122,-95.915,2,90
0.1323,0.7495,-0.3345,-57.195,55.244,-96.037,2,90
0.1265,0.7407,-0.3296,-57.744,55.610,-96.341,2,90
0.1240,0.7217,-0.3291,-57.927,56.098,-96.463,2,90
0.1201,0.7036,-0.3354,-57.988,56.402,-96.585,2,90
0.1211,0.6914,-0.3330,-57.195,56.341,-96.585,2,90
0.1191,0.6787,-0.3413,-56.037,56.341,-96.341,2,90
0.1274,0.6621,-0.3516,-54.512,56.341,-96.768,2,90
-0.9077,-0.3467,-0.0532,61.159,66.951,41.098,3,42
-0.8989,-0.3354,-0.0571,62.683,67.683,41.220,3,42
-0.8931,-0.3481,-0.0649,63.476,68.537,41.585,3,42
-0.8799,-0.3599,-0.0791,63.902,68.780,41.280,3,42
-0.8843,-0.3779,-0.0996,63.902,68.963,40.915,3,42
-0.8853,-0.3877,-0.1030,62.622,68.659,40.793,3,42
-0.8867,-0.4067,-0.0996,61.037,67.988,41.098,3,42
-0.8823,-0.4097,-0.0938,59.634,67.378,41.280,3,42
0.2026,-1.0151,-0.2983,20.549,-68.232,-122.256,1,90
0.2075,-0.9990,-0.2974,22.561,-69.695,-124.085,1,90
0.2017,-0.9917,-0.2983,24.573,-70.915,-125.549,1,90
0.2056,-0.9829,-0.2842,26.402,-72.561,-127.317,1,90
0.2041,-0.9741,-0.2832,28.232,-73.354,-128.659,1,90
0.2061,-0.9712,-0.2754,30.366,-75.000,-130.000,1,90
0.1973,-0.9595,-0.2607,31.463,-76.159,-131.341,1,90
0.1968,-0.9585,-0.2612,34.024,-78.232,-132.805,1,90
0.1401,0.6094,-0.3877,-35.244,50.610,-95.854,2,90
0.1475,0.5981,-0.3896,-32.561,49.939,-95.610,2,90
0.1460,0.5889,-0.3931,-29.634,49.207,-95.793,2,90
0.1455,0.5884,-0.3833,-27.317,49.207,-95.610,2,90
0.1504,0.5845,-0.3916,-24.268,48.049,-95.488,2,90
0.1553,0.5835,-0.3940,-21.402,47.927,-95.793,2,90
0.1636,0.5718,-0.3862,-18.171,47.683,-95.854,2,90
0.1733,0.5732,-0.3853,-15.061,47.195,-95.976,2,90
-0.8789,-0.4531,-0.1362,45.610,60.244,48.293,3,42
-0.8853,-0.4521,-0.1372,40.183,56.280,47.744,3,42
-0.8833,-0.4531,-0.1299,34.146,52.927,47.744,3,42
-0.8853,-0.4653,-0.1309,28.963,50.122,47.622,3,42
-0.8940,-0.4995,-0.1372,25.427,47.988,47.805,3,42
-0.8921,-0.5063,-0.1309,22.500,46.707,48.720,3,42
-0.8892,-0.5015,-0.1382,20.122,45.610,49.451,3,42
-0.8818,-0.4976,-0.1406,17.561,43.841,49.878,3,42
0.1782,0.5732,-0.3906,-10.610,47.500,-95.915,2,90
0.1895,0.5742,-0.3765,-7.866,47.561,-96.280,2,90
0.1860,0.5791,-0.3818,-6.463,47.317,-96.280,2,90
0.1943,0.5703,-0.3799,-3.415,47.561,-96.463,2,90
0.2144,0.5776,-0.3770,-0.915,47.134,-96.890,2,90
0.2139,0.5728,-0.3765,1.829,46.768,-96.890,2,90
0.2290,0.5688,-0.3750,5.061,46.524,-97.439,2,90
0.2349,0.5640,-0.3887,10.366,46.585,-97.988,2,90
-0.8696,-0.4854,-0.1523,14.146,41.280,50.793,3,42
-0.8672,-0.4697,-0.1509,12.927,40.549,51.098,3,42
-0.8618,-0.4487,-0.1602,10.366,38.720,50.915,3,42
-0.8628,-0.4321,-0.1675,7.134,36.829,50.976,3,42
-0.8623,-0.4390,-0.1733,4.207,35.000,50.488,3,42
-0.8530,-0.4458,-0.1772,1.768,33.415,50.610,3,42
-0.8691,-0.4355,-0.1851,-0.976,31.402,50.671,3,42
-0.8735,-0.4302,-0.1699,-3.415,29.878,51.463,3,42
0.2568,0.5596,-0.3857,14.146,46.220,-98.659,2,90
0.2573,0.5596,-0.3867,17.988,46.585,-99.451,2,90
0.2646,0.5596,-0.3945,22.012,46.524,-99.695,2,90
0.2764,0.5688,-0.3833,25.366,47.073,-100.915,2,90
0.2896,0.5806,-0.3809,28.415,47.195,-101.707,2,90
0.2915,0.5806,-0.3760,30.793,47.561,-102.744,2,90
0.3091,0.5801,-0.3657,32.744,47.866,-104.024,2,90
0.3159,0.5781,-0.3662,34.695,47.988,-105.122,2,90
-0.8691,-0.4458,-0.1704,-7.378,27.256,51.951,3,42
-0.8843,-0.4448,-0.1724,-8.780,26.037,52.195,3,42
-0.8770,-0.4556,-0.1880,-10.122,24.756,52.439,3,42
-0.8789,-0.4712,-0.2075,-10.427,24.207,52.622,3,42
-0.8794,-0.4702,-0.2188,-9.085,24.512,52.500,3,42
-0.8721,-0.4580,-0.2432,-6.829,25.122,52.744,3,42
-0.8657,-0.4370,-0.2422,-4.207,25.427,52.866,3,42
-0.8643,-0.4175,-0.2432,-1.829,26.524,53.171,3,42
0.0269,-1.1675,-0.0112,20.305,-112.561,-157.500,1,90
0.0166,-1.1953,-0.0073,18.476,-113.780,-158.354,1,90
0.0044,-1.2085,-0.0264,17.012,-115.000,-159.512,1,90
-0.0010,-1.2290,-0.0156,15.610,-116.341,-160.549,1,90
-0.0127,-1.2559,-0.0151,14.390,-117.805,-161.707,1,90
-0.0239,-1.2729,-0.0127,13.049,-118.049,-163.110,1,90
-0.0415,-1.3008,-0.0156,11.098,-119.512,-165.366,1,90
0.0327,-1.1528,-0.0146,22.012,-111.098,-156.585,1,90
-1.6973,0.1313,-0.2261,133.232,162.866,23.293,4,42
-1.6836,0.1318,-0.2090,134.756,163.659,23.049,4,42
-1.6758,0.1235,-0.1943,136.220,164.573,22.561,4,42
-1.6587,0.1128,-0.1821,137.866,165.671,22.073,4,42
-1.6377,0.1016,-0.1709,139.451,166.829,21.098,4,42
-1.6147,0.0952,-0.1406,140.854,167.744,20.549,4,42
-1.5889,0.0850,-0.1167,142.805,168.902,19.024,4,42
-1.5640,0.0757,-0.0830,144.024,169.268,17.988,4,42
-0.0713,-1.3296,-0.0283,8.354,-121.646,-167.805,1,90
-0.0796,-1.3379,-0.0244,7.134,-122.256,-169.146,1,90
-0.0918,-1.3462,-0.0356,5.610,-123.415,-170.427,1,90
-0.0981,-1.3525,-0.0356,4.512,-124.207,-171.646,1,90
-0.1108,-1.3638,-0.0322,2.622,-124.695,-172.500,1,90
-0.1206,-1.3652,-0.0234,1.402,-125.549,-173.354,1,90
-0.1309,-1.3794,-0.0264,0.244,-126.098,-174.268,1,90
-0.1455,-1.3975,-0.0249,-1.098,-126.768,-174.634,1,90
-1.5527,0.0601,-0.0474,145.610,169.756,16.402,4,42
-1.5317,0.0542,-0.0117,146.768,169.756,15.183,4,42
-1.5127,0.0439,0.0225,148.598,169.573,13.476,4,42
-1.4951,0.0420,0.0459,148.963,169.390,12.195,4,42
-1.4746,0.0347,0.0581,148.902,169.329,10.549,4,42
-1.4600,0.0283,0.0801,148.110,169.573,9.024,4,42
-1.4443,0.0186,0.0938,147.500,169.390,8.110,4,42
-1.4258,0.0063,0.1230,145.610,169.329,6.951,4,42
-1.0200,-0.4663,-0.0356,8.171,44.390,69.268,3,42
-1.0146,-0.4819,-0.0376,11.341,48.476,71.524,3,42
-1.0142,-0.4849,-0.0269,13.720,52.134,73.720,3,42
-0.9956,-0.4907,-0.0317,14.268,54.512,75.732,3,42
-0.9888,-0.4917,-0.0430,14.207,56.524,77.195,3,42
-0.9839,-0.4995,-0.0469,13.293,58.476,78.415,3,42
-0.9951,-0.5020,-0.0562,11.524,59.634,79.695,3,42
-1.0000,-0.5063,-0.0464,8.537,59.756,80.671,3,42
0.5103,0.8369,-0.2549,31.829,77.195,-118.841,2,90
0.5254,0.8643,-0.2378,31.402,79.512,-118.415,2,90
0.5332,0.8975,-0.2388,32.012,81.585,-117.927,2,90
0.5503,0.9204,-0.2295,32.378,83.537,-117.317,2,90
0.5630,0.9424,-0.2280,33.049,85.122,-116.220,2,90
0.5654,0.9741,-0.2129,33.780,86.707,-115.610,2,90
0.5884,1.0068,-0.2222,34.756,88.293,-114.512,2,90
0.5996,1.0303,-0.2227,36.341,89.451,-113.476,2,90
-0.9902,-0.5229,-0.0469,5.244,60.366,81.951,3,42
-0.9907,-0.5347,-0.0376,1.646,60.183,83.659,3,42
-0.9834,-0.5591,-0.0176,-1.829,60.671,85.061,3,42
-0.9731,-0.5840,0.0039,-4.939,61.037,87.195,3,42
-0.9531,-0.5903,0.0132,-8.171,61.159,88.963,3,42
-0.9438,-0.5659,0.0020,-10.915,61.159,90.610,3,42
-0.9248,-0.5156,-0.0103,-14.695,60.793,91.829,3,42
-0.9165,-0.4761,-0.0493,-18.232,60.122,92.622,3,42
-0.2822,-1.6855,-0.1328,1.463,-136.280,-198.415,1,90
-0.2983,-1.7026,-0.1479,1.829,-136.890,-200.061,1,90
-0.3057,-1.7065,-0.1597,2.012,-137.378,-201.402,1,90
-0.3208,-1.7153,-0.1836,2.073,-137.683,-203.354,1,90
-0.3350,-1.7310,-0.1938,1.463,-137.683,-205.366,1,90
-0.3540,-1.7310,-0.2310,1.220,-137.500,-207.195,1,90
-0.3804,-1.7383,-0.2466,-0.183,-137.378,-210.610,1,90
-0.3828,-1.7388,-0.2754,-1.159,-136.890,-212.561,1,90
-0.9121,-0.4209,-0.1060,-20.305,60.061,94.207,3,42
-0.8936,-0.3813,-0.1846,-21.341,60.488,94.817,3,42
-0.8833,-0.3438,-0.2627,-20.610,61.768,95.671,3,42
-0.8584,-0.3237,-0.3511,-18.476,63.659,95.793,3,42
-0.8335,-0.2988,-0.4102,-15.549,65.732,95.488,3,42
-0.8086,-0.2681,-0.4683,-13.171,67.805,94.207,3,42
-0.7969,-0.2471,-0.5029,-12.561,69.085,92.683,3,42
-0.7935,-0.2461,-0.5444,-13.171,69.817,90.854,3,42
-0.4072,-1.7329,-0.2871,-1.707,-136.585,-214.634,1,90
-0.4165,-1.7261,-0.3076,-2.927,-136.037,-217.195,1,90
-0.4346,-1.7266,-0.3228,-4.085,-135.793,-219.268,1,90
-0.4478,-1.7168,-0.3457,-4.939,-135.793,-222.256,1,90
-0.4595,-1.7109,-0.3760,-6.037,-135.549,-224.939,1,90
-0.4702,-1.7002,-0.3872,-7.073,-135.732,-227.622,1,90
-0.4941,-1.6880,-0.4067,-7.805,-135.671,-230.549,1,90
-0.5024,-1.6797,-0.4258,-8.720,-135.366,-233.902,1,90
-0.4336,0.4253,0.5024,-44.146,131.463,1.220,4,42
-0.3838,0.5942,0.4146,-57.073,135.854,3.049,4,42
-0.3667,0.7993,0.3784,-80.549,143.476,3.780,4,42
-0.2617,1.3057,0.0879,-124.268,153.049,6.951,4,42
0.1387,3.3735,-1.2656,-237.073,182.622,17.439,4,42
-0.1470,1.4521,-2.8711,-321.098,218.171,32.317,4,42
-0.2666,0.4023,-2.5977,-121.585,181.463,22.317,4,42
0.0469,1.2529,-0.9072,-17.988,145.305,2.439,4,42
-0.5059,-1.6606,-0.4385,-9.878,-134.390,-237.500,1,90
-0.5186,-1.6392,-0.4517,-10.793,-133.354,-241.037,1,90
-0.5249,-1.6113,-0.4751,-12.134,-132.317,-244.878,1,90
-0.5308,-1.5874,-0.4775,-13.476,-131.341,-248.720,1,90
-0.5278,-1.5615,-0.4971,-15.305,-129.817,-252.378,1,90
-0.5264,-1.5386,-0.5073,-16.829,-128.598,-255.976,1,90
-0.5259,-1.5161,-0.5229,-18.293,-127.683,-259.512,1,90
-0.5264,-1.4834,-0.5244,-19.817,-126.220,-263.171,1,90
0.4482,1.1318,-0.3184,121.829,86.037,-25.915,2,90
0.4507,1.1050,-0.3174,122.805,85.549,-21.037,2,90
0.4536,1.0796,-0.3130,123.049,84.695,-16.768,2,90
0.4512,1.0571,-0.3223,122.744,84.451,-12.134,2,90
0.4609,1.0337,-0.3159,122.622,84.085,-7.378,2,90
0.4624,1.0225,-0.3130,121.951,83.537,-3.232,2,90
0.4736,0.9985,-0.3140,120.610,83.415,0.854,2,90
0.4805,0.9873,-0.3027,118.902,82.866,5.183,2,90
-0.7056,0.0674,-0.5811,-64.146,52.561,73.780,3,42
-0.7285,0.0459,-0.5625,-57.561,54.634,70.122,3,42
-0.7373,0.0313,-0.5225,-52.805,55.732,67.866,3,42
-0.7651,0.0220,-0.4175,-50.000,56.341,66.280,3,42
-0.7983,0.0220,-0.3364,-50.488,54.512,64.817,3,42
-0.8408,0.0234,-0.2915,-54.268,50.915,63.354,3,42
-0.8896,0.0552,-0.2427,-57.927,47.500,61.829,3,42
-0.9858,0.0977,-0.2373,-61.890,43.902,61.280,3,42
-0.4731,-1.2705,-0.5522,-38.841,-120.305,-285.061,1,90
-0.4839,-1.2393,-0.5542,-41.524,-120.305,-286.098,1,90
-0.4810,-1.2090,-0.5503,-44.390,-120.305,-286.707,1,90
-0.4966,-1.1685,-0.5693,-48.598,-120.671,-287.134,1,90
-0.4946,-1.1528,-0.5669,-49.939,-120.854,-287.012,1,90
-0.5117,-1.1064,-0.5864,-53.841,-121.280,-286.220,1,90
-0.5239,-1.0737,-0.5923,-56.585,-121.585,-284.939,1,90
-0.5386,-1.0415,-0.6187,-59.390,-122.195,-283.171,1,90
0.6724,1.0151,-0.2485,98.902,76.890,36.524,2,90
0.6997,1.0239,-0.2441,96.098,75.488,39.573,2,90
0.7324,1.0400,-0.2271,93.841,74.451,42.744,2,90
0.7632,1.0532,-0.2295,91.768,73.110,45.549,2,90
0.8042,1.0703,-0.2388,89.146,71.707,48.110,2,90
0.8438,1.0791,-0.2310,87.073,70.488,50.671,2,90
0.8848,1.0908,-0.2524,85.305,69.268,53.293,2,90
0.9199,1.1123,-0.2568,83.659,67.927,55.366,2,90
-1.0801,-0.3110,-0.3794,-63.232,33.293,49.695,3,42
-1.0391,-0.2886,-0.4180,-63.841,32.500,49.207,3,42
-1.0156,-0.2622,-0.4531,-61.768,32.683,49.085,3,42
-0.9912,-0.2197,-0.4536,-60.244,32.317,49.268,3,42
-0.9810,-0.2056,-0.4531,-59.634,31.341,48.049,3,42
-0.9429,-0.1787,-0.4365,-59.878,30.122,46.890,3,42
-0.9155,-0.1753,-0.3989,-60.122,29.634,46.402,3,42
-0.8652,-0.1621,-0.3423,-59.939,29.146,46.585,3,42
-0.8101,-0.6938,-0.7192,-78.902,-125.061,-232.012,1,90
-0.8589,-0.6582,-0.7441,-80.427,-125.000,-222.927,1,90
-0.9014,-0.6167,-0.7715,-81.402,-124.512,-213.902,1,90
-0.9302,-0.5786,-0.7959,-82.561,-123.780,-204.573,1,90
-0.9751,-0.5391,-0.8379,-83.659,-122.744,-195.732,1,90
-1.0200,-0.4912,-0.8667,-85.732,-120.793,-186.585,1,90
-1.0566,-0.4248,-0.9194,-86.585,-118.293,-177.073,1,90
-1.1025,-0.3774,-0.9370,-86.890,-114.756,-167.561,1,90
1.2153,1.2007,-0.3193,78.720,52.073,71.646,2,90
1.2402,1.2031,-0.3164,77.988,50.061,72.744,2,90
1.2656,1.2139,-0.3423,77.012,48.537,73.963,2,90
1.2847,1.2178,-0.3408,76.098,47.500,75.305,2,90
1.3096,1.2236,-0.3569,75.244,46.829,76.829,2,90
1.3320,1.2290,-0.3604,74.207,46.768,78.598,2,90
1.3638,1.2319,-0.3765,73.049,46.646,80.793,2,90
1.4028,1.2358,-0.3901,72.134,46.951,83.049,2,90
-0.5898,0.3433,-0.5444,-7.927,30.183,31.768,3,42
-0.6597,0.2803,-0.5044,-2.500,28.415,30.427,3,42
-0.7671,0.1738,-0.4526,0.732,26.585,29.695,3,42
-0.9072,0.0537,-0.4126,2.744,24.939,29.024,3,42
-1.0381,-0.0737,-0.4072,3.415,23.598,28.354,3,42
-1.1152,-0.1772,-0.3882,3.598,22.134,26.707,3,42
-1.1729,-0.2495,-0.3691,3.293,20.854,24.939,3,42
-1.2188,-0.2334,-0.3618,2.012,19.207,22.927,3,42
-1.2007,0.2451,-1.0562,-71.159,-52.500,-80.183,1,90
-1.1963,0.3096,-1.0327,-67.317,-45.427,-69.146,1,90
-1.1875,0.3608,-1.0039,-62.317,-38.659,-57.012,1,90
-1.1919,0.4531,-0.9321,-56.524,-30.976,-36.951,1,90
-1.1997,0.4995,-0.9155,-54.695,-27.561,-22.256,1,90
-1.2061,0.5273,-0.9146,-52.256,-24.695,-6.524,1,90
-1.2305,0.5596,-0.9023,-49.329,-22.195,9.634,1,90
-1.2739,0.5859,-0.8906,-47.195,-19.024,26.280,1,90
-1.3203,0.5952,-0.8994,-44.207,-15.976,43.171,1,90
-1.3555,0.5972,-0.9019,-39.695,-12.195,59.756,1,90
-1.4165,0.6079,-0.8770,-35.366,-7.378,76.463,1,90
-1.4668,0.6035,-0.8770,-31.341,-2.561,92.988,1,90
-1.5151,0.5879,-0.8794,-27.683,3.476,108.537,1,90
-1.5581,0.5674,-0.8838,-24.634,10.366,123.598,1,90
-1.5913,0.5410,-0.8828,-22.134,17.622,137.134,1,90
-1.6074,0.4990,-0.8818,-20.061,25.793,149.573,1,90
-0.7476,0.2383,-0.3872,31.463,8.232,-4.451,3,42
-0.7261,0.2515,-0.3711,32.317,7.561,-6.159,3,42
-0.6577,0.2720,-0.3545,34.695,5.793,-9.268,3,42
-0.5942,0.2954,-0.3457,36.098,3.110,-12.195,3,42
-0.5591,0.3022,-0.3428,38.720,1.280,-15.854,3,42
-0.5400,0.3369,-0.3521,40.671,-0.427,-19.573,3,42
-0.5352,0.3789,-0.3667,43.171,-2.134,-23.110,3,42
-0.5601,0.3994,-0.3701,46.463,-3.963,-26.524,3,42
-1.6016,0.4507,-0.8843,-18.171,33.841,160.854,1,90
-1.5908,0.3984,-0.8774,-15.732,41.951,171.098,1,90
-1.5679,0.3535,-0.8604,-13.841,49.207,180.732,1,90
-1.5356,0.3105,-0.8438,-11.585,55.793,189.878,1,90
-1.4985,0.2837,-0.8179,-9.085,61.098,199.085,1,90
-1.4717,0.2495,-0.7944,-7.012,66.098,208.780,1,90
-1.4443,0.2319,-0.7676,-4.695,69.634,218.659,1,90
-1.4180,0.2231,-0.7495,-1.890,72.195,228.476,1,90
1.4849,0.8872,-0.3486,-45.427,-14.634,141.890,2,90
1.4399,0.8784,-0.3682,-51.829,-18.537,143.598,2,90
1.3965,0.8770,-0.3901,-57.805,-21.890,145.793,2,90
1.3579,0.8721,-0.3911,-64.390,-25.366,147.805,2,90
1.3164,0.8760,-0.3979,-70.915,-28.598,149.695,2,90
1.2749,0.8643,-0.4033,-77.500,-31.585,152.134,2,90
1.2446,0.8647,-0.4058,-84.146,-34.451,154.390,2,90
1.2051,0.8623,-0.3979,-90.488,-37.378,156.463,2,90
-1.2446,-0.1782,-0.3340,59.573,-11.768,-48.963,3,42
-1.2310,-0.2256,-0.3223,59.390,-11.220,-51.220,3,42
-1.1904,-0.2305,-0.3110,58.902,-10.732,-53.171,3,42
-1.1421,-0.2310,-0.2925,58.354,-10.244,-55.000,3,42
-1.1221,-0.1792,-0.2646,57.134,-9.878,-56.159,3,42
-1.1040,-0.1118,-0.2627,55.427,-10.061,-57.866,3,42
-1.0752,-0.0684,-0.2764,55.366,-10.000,-59.451,3,42
-1.0449,-0.0278,-0.2656,55.854,-9.268,-60.793,3,42
-1.3979,0.1455,-0.4561,31.768,89.024,319.451,1,90
-1.4072,0.1265,-0.4380,34.268,89.878,322.988,1,90
-1.3984,0.1069,-0.4141,39.695,91.524,329.939,1,90
-1.3789,0.0444,-0.3735,47.988,93.902,339.634,1,90
-1.3677,0.0010,-0.3589,54.207,95.244,345.427,1,90
-1.3599,-0.0430,-0.3247,60.122,97.073,351.524,1,90
-1.3564,-0.0933,-0.3022,67.012,98.293,356.585,1,90
-1.3501,-0.1353,-0.2705,72.927,99.756,361.951,1,90
-2.3867,-2.4478,2.5508,-203.902,169.207,-5.732,4,42
-2.3330,-2.4307,2.7754,-232.073,166.768,-6.220,4,42
-2.3223,-2.4277,3.0586,-264.451,161.585,-10.732,4,42
-2.2690,-2.3188,3.3823,-292.195,152.256,-17.012,4,42
-2.2051,-2.1309,3.6421,-319.756,142.683,-21.585,4,42
-2.1172,-1.7715,3.6465,-342.073,137.683,-24.451,4,42
-2.0425,-1.6309,3.3252,-381.280,126.037,-22.927,4,42
-1.9766,-1.2749,2.8306,-397.317,127.561,-19.695,4,42
-1.3447,-0.1860,-0.2568,78.720,101.037,367.134,1,90
-1.3364,-0.2314,-0.2344,84.024,102.439,371.707,1,90
-1.3442,-0.2725,-0.1792,87.927,103.598,376.280,1,90
-1.3564,-0.2734,-0.0928,84.024,104.573,380.488,1,90
-1.3594,-0.3242,-0.0854,73.780,103.171,384.756,1,90
-1.3516,-0.4111,-0.0986,65.610,100.000,388.780,1,90
-1.3477,-0.5103,-0.0972,60.366,97.805,393.110,1,90
-1.3398,-0.6143,-0.0957,58.354,96.707,396.402,1,90
-1.9072,-0.9321,2.0776,-419.939,125.976,-17.317,4,42
-1.7617,-0.6035,1.4155,-438.720,118.780,-15.000,4,42
-1.6323,-0.3696,0.9561,-442.866,110.976,-11.220,4,42
-1.4937,-0.1260,0.7524,-435.427,103.780,-5.976,4,42
-1.3940,0.1084,0.7217,-422.622,97.256,-0.427,4,42
-1.3384,0.1934,0.7915,-411.524,94.390,1.098,4,42
-1.2334,0.2197,1.0083,-400.610,90.793,-3.049,4,42
-1.2222,0.1382,1.2505,-394.024,87.256,-14.512,4,42
-1.3369,-0.7246,-0.0947,58.171,96.341,399.024,1,90
-1.3477,-0.8325,-0.0947,58.049,96.951,400.854,1,90
-1.3423,-0.9512,-0.0972,58.049,97.988,401.890,1,90
-1.3569,-1.0664,-0.0938,56.829,99.634,402.439,1,90
-1.3584,-1.1875,-0.0913,55.427,100.732,401.768,1,90
-1.3579,-1.2993,-0.0903,53.476,102.561,400.732,1,90
-1.3726,-1.3877,-0.0811,51.585,102.805,399.451,1,90
-1.3691,-1.4688,-0.0610,49.085,102.439,397.683,1,90
-1.1626,-0.1177,1.6846,-388.659,70.000,-32.500,4,42
-1.1470,-0.3857,1.8115,-387.012,60.793,-52.805,4,42
-1.4199,-0.4541,2.0664,-384.451,49.817,-57.317,4,42
-1.2554,-0.7505,2.0630,-370.549,31.341,-74.695,4,42
-2.2739,-0.9150,2.1792,-331.829,-8.902,-85.000,4,42
-2.5229,-1.0371,1.9731,-294.146,-34.329,-90.549,4,42
-2.5059,-1.0933,1.6479,-251.707,-48.049,-100.610,4,42
-2.3579,-1.0771,1.5522,-199.817,-55.549,-108.720,4,42
-1.3569,-1.5352,-0.0518,46.951,101.098,395.671,1,90
-1.3472,-1.5620,-0.0571,44.268,99.207,394.146,1,90
-1.3267,-1.5884,-0.0771,41.524,97.073,392.927,1,90
-1.3047,-1.5913,-0.1035,38.963,94.695,391.646,1,90
-1.2798,-1.5869,-0.1431,36.646,93.049,390.732,1,90
-1.2666,-1.5640,-0.1694,34.817,91.768,390.000,1,90
-1.2339,-1.5322,-0.2012,33.049,90.793,388.780,1,90
-1.2153,-1.4995,-0.2075,31.402,89.573,388.049,1,90
-1.9478,-0.8481,1.6084,-149.695,-66.890,-107.805,4,42
-1.3223,-0.4976,1.7280,-120.061,-79.939,-103.354,4,42
-0.5728,-0.1406,1.6553,-110.732,-86.951,-101.524,4,42
-0.1304,0.1440,1.3770,-96.220,-87.683,-100.305,4,42
-0.0879,0.3594,1.1606,-63.415,-78.780,-101.341,4,42
0.0522,0.5625,1.2905,-41.707,-73.841,-103.963,4,42
0.0806,0.8862,1.2539,-48.598,-62.073,-111.098,4,42
-0.0737,1.2129,1.2910,-57.988,-53.476,-115.671,4,42
-1.1943,-1.4541,-0.2261,29.085,87.988,387.073,1,90
-1.1836,-1.4404,-0.2295,28.780,87.744,386.890,1,90
-1.1768,-1.4297,-0.2329,28.171,85.793,385.854,1,90
-1.1753,-1.4194,-0.2134,26.951,84.390,384.634,1,90
-1.1768,-1.4219,-0.1865,26.463,82.866,383.415,1,90
-1.1909,-1.4526,-0.1650,26.098,81.463,382.317,1,90
-1.2085,-1.4688,-0.1362,25.488,80.305,381.037,1,90
-1.2266,-1.4995,-0.1050,25.305,79.207,379.207,1,90
0.1348,0.4468,-0.5039,-1.463,-113.293,131.890,2,90
0.1187,0.4165,-0.5010,3.232,-111.829,129.573,2,90
0.0996,0.4111,-0.5044,5.427,-111.159,128.415,2,90
0.0859,0.3818,-0.5117,9.634,-109.207,125.915,2,90
0.0684,0.3721,-0.5044,13.293,-106.951,123.659,2,90
0.0532,0.3540,-0.5098,16.951,-104.390,121.159,2,90
0.0371,0.3477,-0.5044,20.183,-101.829,118.354,2,90
0.0244,0.3438,-0.4951,23.841,-98.902,115.671,2,90
-0.8511,-0.3804,-0.3638,0.732,-61.646,-62.927,3,42
-0.8481,-0.3784,-0.3613,-0.122,-62.012,-62.439,3,42
-0.8457,-0.3711,-0.3359,-2.866,-62.805,-61.646,3,42
-0.8423,-0.3486,-0.3081,-5.244,-64.146,-61.402,3,42
-0.8579,-0.3335,-0.2822,-7.012,-65.061,-60.915,3,42
-0.8799,-0.2910,-0.2480,-10.305,-66.341,-59.878,3,42
-0.8965,-0.2676,-0.2383,-12.195,-66.829,-59.573,3,42
-0.9048,-0.2554,-0.2295,-13.902,-67.195,-59.329,3,42
-0.8428,0.5972,1.0566,-150.427,-167.439,-152.500,4,42
-0.7466,0.4893,1.0171,-147.927,-170.793,-156.951,4,42
-0.7300,0.3901,0.9600,-147.317,-176.341,-159.085,4,42
-0.7529,0.3145,0.8955,-147.683,-184.451,-159.268,4,42
-0.8115,0.2476,0.8276,-149.695,-194.451,-157.866,4,42
-0.8813,0.2046,0.7686,-153.354,-205.732,-155.610,4,42
-0.9497,0.1895,0.7158,-156.768,-217.195,-152.561,4,42
-1.0269,0.1904,0.6738,-160.305,-228.354,-149.573,4,42
-0.9175,-0.2539,-0.2275,-14.756,-67.256,-59.207,3,42
-0.9326,-0.2627,-0.1689,-14.695,-65.610,-58.659,3,42
-0.9380,-0.2461,-0.1157,-12.561,-62.988,-57.561,3,42
-0.9033,-0.2173,-0.1523,-12.073,-63.476,-57.134,3,42
-0.8677,-0.2144,-0.2026,-14.390,-66.463,-57.317,3,42
-0.8550,-0.2153,-0.2100,-16.829,-67.988,-57.744,3,42
-0.8765,-0.2002,-0.2202,-17.683,-67.561,-57.256,3,42
-0.9009,-0.1968,-0.2324,-20.488,-68.293,-57.683,3,42
-0.0239,0.3779,-0.4365,36.768,-77.622,89.878,2,90
-0.0303,0.3770,-0.4360,36.890,-76.524,88.293,2,90
-0.0278,0.3735,-0.4404,37.378,-75.549,87.073,2,90
-0.0337,0.3638,-0.4341,37.256,-74.512,85.305,2,90
-0.0317,0.3555,-0.4370,36.829,-73.963,84.207,2,90
-0.0313,0.3408,-0.4404,36.280,-72.805,82.866,2,90
-0.0273,0.3208,-0.4370,35.610,-72.012,81.159,2,90
-0.0244,0.3052,-0.4331,34.695,-71.098,79.695,2,90
-0.9004,-0.2080,-0.2412,-23.171,-69.756,-58.720,3,42
-0.8945,-0.2510,-0.2642,-24.451,-70.122,-59.695,3,42
-0.8872,-0.2734,-0.2788,-25.244,-70.305,-59.512,3,42
-0.8955,-0.2817,-0.2646,-25.427,-70.366,-58.537,3,42
-0.9009,-0.2886,-0.2407,-25.854,-70.244,-57.622,3,42
-0.8999,-0.3252,-0.2344,-26.341,-70.183,-56.707,3,42
-0.8984,-0.3662,-0.2070,-25.793,-69.634,-56.341,3,42
-0.9048,-0.3926,-0.1821,-26.280,-68.902,-56.341,3,42
-0.8647,-2.2153,-0.0508,40.305,99.268,259.024,1,90
-0.8452,-2.2168,-0.0566,40.244,99.695,256.159,1,90
-0.8071,-2.2119,-0.0503,40.061,100.793,247.439,1,90
-0.7773,-2.1914,-0.0625,40.366,101.098,241.829,1,90
-0.7461,-2.1694,-0.0684,41.463,101.829,235.488,1,90
-0.7197,-2.1362,-0.0732,42.805,102.073,229.451,1,90
-0.6831,-2.0991,-0.0894,44.207,101.463,223.415,1,90
-0.6558,-2.0640,-0.1030,46.707,101.646,217.622,1,90
-1.8228,0.0352,0.1797,-125.610,-259.634,-233.841,4,42
-1.8452,0.0527,0.1465,-123.415,-256.768,-240.427,4,42
-1.9106,0.0459,0.1216,-119.390,-254.695,-247.500,4,42
-1.9707,0.0483,0.1016,-115.244,-252.073,-254.024,4,42
-2.0322,0.0737,0.0938,-110.854,-250.183,-260.549,4,42
-2.0835,0.1074,0.0742,-105.366,-248.659,-266.890,4,42
-2.1313,0.1558,0.0576,-99.329,-248.232,-272.317,4,42
-2.1709,0.2144,0.0117,-92.195,-248.841,-276.890,4,42
-0.6323,-2.0278,-0.1006,49.329,101.707,211.707,1,90
-0.6089,-1.9883,-0.1021,52.378,101.829,206.159,1,90
-0.5845,-1.9492,-0.1050,56.280,101.646,200.427,1,90
-0.5630,-1.9277,-0.1084,60.061,101.768,194.634,1,90
-0.5376,-1.8853,-0.1235,64.207,101.768,189.085,1,90
-0.5088,-1.8574,-0.1245,68.476,102.073,183.537,1,90
-0.4966,-1.8203,-0.1265,72.866,102.134,178.415,1,90
-0.4658,-1.7910,-0.1313,77.561,102.927,173.476,1,90
-2.2163,0.2837,-0.0264,-84.085,-250.305,-280.854,4,42
-2.2617,0.3677,-0.0669,-74.817,-252.988,-283.720,4,42
-2.2930,0.4644,-0.1069,-62.683,-257.195,-284.878,4,42
-2.3203,0.5786,-0.1177,-46.951,-262.073,-284.634,4,42
-2.3442,0.6763,-0.1255,-29.329,-267.500,-281.402,4,42
-2.3413,0.7661,-0.1362,-10.976,-272.561,-273.720,4,42
-2.3008,0.8315,-0.1479,8.232,-276.220,-262.073,4,42
-2.2383,0.8770,-0.1680,26.280,-280.061,-247.439,4,42
-0.4512,-1.7612,-0.1226,82.012,103.110,169.146,1,90
-0.4360,-1.7427,-0.1265,86.707,103.415,164.756,1,90
-0.4165,-1.7197,-0.1221,91.463,104.146,161.037,1,90
-0.3926,-1.7012,-0.1191,95.488,104.817,157.439,1,90
-0.3779,-1.6846,-0.1108,99.451,105.671,154.451,1,90
-0.3643,-1.6768,-0.1074,103.110,106.768,151.159,1,90
-0.3408,-1.6670,-0.0952,106.829,107.744,148.049,1,90
-0.3208,-1.6606,-0.0854,110.183,108.598,145.122,1,90
-2.1641,0.9087,-0.1792,42.805,-285.854,-231.220,4,42
-2.0420,0.9307,-0.1777,56.402,-295.488,-214.573,4,42
-1.8921,0.9468,-0.1768,67.256,-309.756,-198.354,4,42
-1.7212,0.9561,-0.1831,74.817,-327.012,-181.220,4,42
-1.5654,0.9507,-0.1846,80.671,-343.841,-165.122,4,42
-1.4736,0.9839,-0.1968,83.476,-356.524,-150.061,4,42
-1.4292,0.9722,-0.2163,80.732,-365.305,-135.915,4,42
-1.4126,0.9883,-0.3774,68.598,-370.549,-124.878,4,42
-0.3027,-1.6514,-0.0732,113.354,109.634,142.256,1,90
-0.2822,-1.6528,-0.0703,116.037,110.427,139.268,1,90
-0.2617,-1.6445,-0.0571,118.598,111.037,136.402,1,90
-0.2363,-1.6392,-0.0518,120.976,111.341,133.171,1,90
-0.2153,-1.6411,-0.0396,123.415,111.585,130.000,1,90
-0.1821,-1.6416,-0.0303,125.488,111.646,126.159,1,90
-0.1558,-1.6372,-0.0269,127.317,111.768,122.683,1,90
-0.1343,-1.6304,-0.0205,129.085,111.707,118.902,1,90
-1.5894,1.1919,-1.0977,26.707,-356.646,-122.622,4,42
-1.9321,0.5381,-1.3105,33.902,-342.561,-133.720,4,42
-0.0239,-0.7192,2.5566,61.159,-432.866,-31.829,4,42
-3.0063,-6.3384,-0.9692,-146.402,-485.305,194.695,4,42
-16.0000,-12.2480,-13.9487,46.098,-183.780,-82.195,4,42
-14.1279,-0.8872,-15.7612,264.329,288.232,-412.744,4,42
3.6001,3.3994,-9.0713,62.073,286.890,-395.244,4,42
7.0225,1.2183,-9.8252,-331.707,372.256,-293.354,4,42
-0.0869,-1.6265,-0.0034,131.463,111.098,112.988,1,90
-0.0552,-1.6250,0.0024,132.500,110.427,109.146,1,90
-0.0225,-1.6196,-0.0034,133.659,109.329,105.122,1,90
0.0117,-1.6211,0.0137,134.573,108.598,100.854,1,90
0.0474,-1.6152,0.0190,135.366,107.378,96.768,1,90
0.0859,-1.6299,0.0107,135.732,105.976,92.927,1,90
0.1235,-1.6318,0.0186,136.524,104.268,89.085,1,90
0.1611,-1.6289,0.0264,136.768,103.049,85.122,1,90
7.7310,0.5239,-10.5781,-379.207,261.402,-158.171,4,42
2.1304,2.6226,-7.4712,-348.110,-47.988,-22.927,4,42
-0.9487,4.7065,-6.7261,-400.976,-283.415,113.780,4,42
-1.3188,4.5488,-7.4634,-223.110,-242.805,141.402,4,42
0.3013,4.8047,-6.2637,-78.537,-109.512,107.927,4,42
1.4663,5.3120,-5.0762,-120.366,-51.768,73.415,4,42
1.7773,5.2485,-4.6138,-176.159,-25.122,21.585,4,42
1.1245,4.8486,-3.8613,-226.341,-20.061,-2.988,4,42
0.1924,-1.6270,0.0273,136.890,100.549,81.402,1,90
0.2222,-1.6309,0.0142,136.524,98.110,77.866,1,90
0.2500,-1.6318,0.0244,136.280,95.915,74.146,1,90
0.2881,-1.6304,0.0137,135.915,92.805,70.610,1,90
0.3184,-1.6382,0.0098,134.573,89.878,67.073,1,90
0.3384,-1.6206,0.0073,133.598,87.012,63.720,1,90
0.3608,-1.6235,-0.0063,132.378,83.659,60.488,1,90
0.3813,-1.6338,-0.0171,130.793,80.427,57.561,1,90
0.3403,3.9175,-3.3633,-252.866,-19.573,-13.780,4,42
0.0215,2.8110,-3.0806,-243.963,-0.793,-29.878,4,42
0.1270,2.0513,-2.8101,-203.598,25.976,-52.134,4,42
0.3696,1.7422,-2.4692,-148.476,43.841,-52.561,4,42
0.4575,1.4648,-1.9346,-91.037,43.841,-27.866,4,42
0.4102,1.1904,-1.3286,-46.524,27.256,4.024,4,42
0.2900,0.9673,-0.8921,-17.317,-1.280,30.976,4,42
0.2559,0.8853,-0.6187,9.146,-31.768,51.402,4,42
0.3975,-1.6240,-0.0220,128.902,77.073,54.268,1,90
0.4121,-1.6348,-0.0352,127.012,73.659,51.890,1,90
0.4189,-1.6304,-0.0483,124.695,70.610,49.207,1,90
0.4229,-1.6274,-0.0557,122.439,67.012,46.341,1,90
0.4380,-1.6299,-0.0620,119.573,63.476,43.780,1,90
0.4380,-1.6235,-0.0747,116.951,60.305,41.220,1,90
0.4409,-1.6157,-0.0938,114.024,56.707,38.659,1,90
0.4468,-1.6221,-0.1035,110.976,53.598,36.220,1,90
0.2568,0.6177,-0.5249,37.378,-57.988,63.902,4,42
0.2583,0.4980,-0.2896,63.841,-81.707,66.280,4,42
0.2300,0.4399,-0.1138,74.756,-104.329,63.841,4,42
0.2261,0.3379,0.0278,64.634,-122.256,55.244,4,42
0.2871,0.2075,0.0479,33.780,-133.537,42.561,4,42
0.4629,0.0303,-0.0293,-8.415,-136.463,30.061,4,42
0.7119,-0.2070,-0.2266,-48.110,-133.110,22.073,4,42
0.9229,-0.4966,-0.3726,-67.561,-129.207,18.415,4,42
0.4370,-1.6191,-0.1216,107.622,50.122,33.841,1,90
0.4438,-1.6274,-0.1299,104.573,46.829,31.402,1,90
0.4497,-1.6230,-0.1421,101.098,43.720,29.207,1,90
0.4487,-1.6274,-0.1504,97.622,40.793,26.646,1,90
0.4521,-1.6387,-0.1636,94.024,37.866,24.207,1,90
0.4473,-1.6504,-0.1689,89.634,35.610,21.768,1,90
0.4468,-1.6597,-0.1865,86.037,33.293,19.634,1,90
0.4482,-1.6768,-0.2056,81.707,30.976,16.890,1,90
1.1313,-0.5493,-0.5615,-68.598,-122.805,28.537,4,42
1.1411,-0.5591,-0.6992,-48.780,-106.890,48.780,4,42
0.9639,-0.4624,-0.7212,-9.268,-85.366,70.915,4,42
0.6899,-0.3203,-0.7090,41.585,-63.841,88.659,4,42
0.4111,-0.1147,-0.6489,85.061,-49.390,94.695,4,42
0.1899,0.0635,-0.6357,115.061,-41.707,89.451,4,42
0.0220,0.1875,-0.6831,129.573,-37.744,73.598,4,42
-0.0474,0.2480,-0.7246,132.378,-35.793,48.354,4,42
0.4497,-1.6924,-0.2119,75.061,27.500,13.293,1,90
0.4458,-1.7061,-0.2271,70.610,25.122,10.732,1,90
0.4492,-1.7178,-0.2266,65.915,22.866,8.415,1,90
0.4395,-1.7314,-0.2354,60.854,20.610,5.915,1,90
0.4331,-1.7432,-0.2393,55.854,18.232,3.110,1,90
0.4326,-1.7544,-0.2407,50.976,16.220,0.366,1,90
0.4268,-1.7598,-0.2310,46.098,13.780,-2.134,1,90
0.4141,-1.7715,-0.2402,40.732,12.134,-4.939,1,90
-0.0659,0.2310,-0.8145,131.707,-35.000,20.366,4,42
-0.0576,0.1709,-0.9072,133.049,-33.659,-5.183,4,42
-0.0425,0.0830,-0.9897,137.805,-31.280,-26.159,4,42
-0.0557,-0.0034,-1.0840,145.366,-27.866,-40.976,4,42
-0.0898,-0.0728,-1.1665,155.793,-22.622,-50.732,4,42
-0.1362,-0.1274,-1.2539,166.280,-17.378,-55.305,4,42
-0.1885,-0.2075,-1.3511,176.768,-12.683,-56.829,4,42
-0.2036,-0.2231,-1.3721,184.085,-9.268,-55.854,4,42
0.4111,-1.7783,-0.2515,35.549,10.183,-7.561,1,90
0.3970,-1.7798,-0.2598,30.671,8.293,-10.305,1,90
0.4009,-1.7803,-0.2432,25.427,6.463,-13.171,1,90
0.3853,-1.7788,-0.2554,20.915,4.939,-16.037,1,90
0.3770,-1.7725,-0.2573,16.463,2.866,-18.720,1,90
0.3672,-1.7681,-0.2607,11.951,1.463,-21.524,1,90
0.3574,-1.7515,-0.2554,7.500,-0.183,-24.390,1,90
0.3433,-1.7451,-0.2480,3.902,-1.768,-26.890,1,90
-0.2031,-0.1899,-1.3867,186.768,-8.537,-50.671,4,42
-0.1826,-0.1455,-1.3970,186.098,-10.549,-43.537,4,42
-0.1616,-0.0737,-1.3740,183.598,-13.598,-35.671,4,42
-0.1309,0.0444,-1.3462,180.549,-18.293,-26.159,4,42
-0.1318,0.1450,-1.3242,176.098,-23.293,-16.524,4,42
-0.1392,0.2544,-1.3076,172.866,-28.415,-6.463,4,42
-0.1602,0.3779,-1.2695,169.939,-33.415,2.500,4,42
-0.1885,0.4844,-1.2500,167.744,-37.561,10.671,4,42
-0.2236,0.5669,-1.2168,165.732,-40.549,17.256,4,42
-0.2773,0.6626,-1.1689,164.634,-42.805,22.622,4,42
-0.3218,0.7246,-1.1299,165.122,-45.061,26.951,4,42
-0.3584,0.7842,-1.0698,168.171,-47.439,29.695,4,42
-0.4185,0.8599,-1.0117,170.915,-50.122,31.829,4,42
-0.4814,0.9438,-0.9814,175.122,-55.610,32.195,4,42
-0.5562,1.0361,-0.9634,182.073,-62.927,29.329,4,42
-0.6650,1.1460,-0.9160,190.427,-72.439,22.744,4,42
0.3081,-1.6284,-0.1294,-21.768,-14.634,-46.890,1,90
0.3027,-1.6240,-0.1187,-23.171,-16.159,-48.841,1,90
0.2969,-1.6123,-0.1104,-24.756,-17.744,-50.305,1,90
0.2886,-1.6069,-0.1016,-25.305,-19.146,-51.402,1,90
0.2852,-1.6055,-0.0942,-26.280,-20.488,-52.866,1,90
0.2783,-1.6069,-0.0791,-26.707,-21.951,-54.085,1,90
0.2744,-1.6172,-0.0747,-27.073,-22.866,-55.000,1,90
0.2666,-1.6211,-0.0635,-27.012,-23.963,-55.854,1,90
0.5972,0.4834,-0.3237,-39.573,46.829,-39.939,2,90
0.6147,0.4976,-0.3179,-39.817,48.720,-42.622,2,90
0.6348,0.5073,-0.3018,-39.817,50.671,-46.037,2,90
0.6519,0.5273,-0.3022,-40.061,52.134,-49.146,2,90
0.6616,0.5293,-0.2891,-40.854,54.268,-52.622,2,90
0.6675,0.5405,-0.2969,-41.037,55.061,-56.463,2,90
0.6807,0.5513,-0.2925,-41.098,56.585,-60.000,2,90
0.6938,0.5625,-0.2959,-40.854,57.378,-63.841,2,90
-0.8926,-0.7114,0.0586,49.756,45.854,8.537,3,42
-0.8828,-0.7310,0.0415,45.305,44.207,9.146,3,42
-0.8623,-0.7485,-0.0078,39.207,42.134,10.488,3,42
-0.8384,-0.7251,-0.0122,34.390,40.305,11.890,3,42
-0.8262,-0.6938,-0.0220,26.829,37.317,13.537,3,42
-0.8091,-0.6680,-0.0522,15.671,31.646,15.122,3,42
-0.8140,-0.6553,-0.0850,9.268,28.780,16.098,3,42
-0.8125,-0.6382,-0.0972,6.524,27.439,16.098,3,42
0.6914,0.5742,-0.3101,-40.305,58.293,-67.561,2,90
0.6963,0.5967,-0.3159,-39.146,59.207,-71.280,2,90
0.6890,0.6079,-0.3247,-38.171,60.183,-75.061,2,90
0.6836,0.6323,-0.3330,-37.256,60.793,-79.329,2,90
0.6714,0.6470,-0.3394,-36.585,62.195,-83.415,2,90
0.6509,0.6670,-0.3438,-36.037,62.988,-87.683,2,90
0.6348,0.6919,-0.3540,-35.488,64.268,-91.890,2,90
0.6172,0.7114,-0.3472,-35.183,65.732,-95.915,2,90
-0.8364,-0.5908,-0.1167,-1.585,23.476,15.976,3,42
-0.8584,-0.5649,-0.1206,-5.061,22.134,16.707,3,42
-0.8862,-0.5210,-0.1201,-7.378,21.159,17.317,3,42
-0.8916,-0.4941,-0.1177,-8.110,21.280,18.171,3,42
-0.9097,-0.4575,-0.1147,-8.110,21.768,19.207,3,42
-0.9238,-0.4448,-0.1123,-6.829,22.683,20.244,3,42
-0.9360,-0.4233,-0.0996,-4.817,23.902,21.037,3,42
-0.9438,-0.4043,-0.1025,-2.744,25.427,21.585,3,42
0.5908,0.7329,-0.3530,-35.061,67.256,-99.817,2,90
0.5649,0.7485,-0.3569,-35.000,68.659,-103.598,2,90
0.5352,0.7656,-0.3545,-34.573,70.732,-106.707,2,90
0.5146,0.7852,-0.3428,-34.390,71.829,-109.390,2,90
0.4951,0.7969,-0.3413,-34.268,73.415,-111.829,2,90
0.4736,0.8149,-0.3438,-33.659,74.756,-113.841,2,90
0.4639,0.8193,-0.3467,-33.293,75.793,-115.854,2,90
0.4399,0.8242,-0.3398,-33.171,76.951,-117.317,2,90
-0.9478,-0.4004,-0.1011,-0.427,26.524,21.524,3,42
-0.9473,-0.3804,-0.0908,1.585,27.561,21.402,3,42
-0.9609,-0.3784,-0.0913,3.293,28.293,20.976,3,42
-0.9736,-0.3613,-0.0835,3.780,28.354,20.549,3,42
-0.9771,-0.3447,-0.0815,3.476,28.110,19.573,3,42
-0.9834,-0.3389,-0.0679,2.805,27.561,18.780,3,42
-0.9932,-0.3354,-0.0752,1.707,26.646,17.561,3,42
-1.0029,-0.3447,-0.0747,0.244,26.463,16.402,3,42
0.4302,0.8354,-0.3384,-32.500,77.683,-118.110,2,90
0.4121,0.8340,-0.3359,-31.341,78.415,-119.512,2,90
0.4043,0.8267,-0.3252,-30.915,79.085,-120.000,2,90
0.3989,0.8301,-0.3198,-30.305,79.085,-120.610,2,90
0.3862,0.8164,-0.3281,-29.756,78.963,-120.976,2,90
0.3755,0.8096,-0.3110,-29.024,78.537,-120.915,2,90
0.3770,0.7993,-0.3057,-28.537,78.110,-120.915,2,90
0.3682,0.7798,-0.3052,-27.439,76.829,-120.671,2,90
-1.0103,-0.3452,-0.0791,-0.244,26.341,15.427,3,42
-1.0103,-0.3496,-0.0791,0.183,26.890,14.634,3,42
-1.0078,-0.3647,-0.0728,1.768,28.415,13.720,3,42
-0.9966,-0.3745,-0.0576,4.268,30.732,13.354,3,42
-0.9751,-0.3789,-0.0596,8.659,33.720,13.598,3,42
-0.9561,-0.3809,-0.0654,13.659,36.524,13.780,3,42
-0.9258,-0.3794,-0.0718,18.720,39.573,14.085,3,42
-0.9077,-0.3721,-0.0752,23.171,42.378,14.451,3,42
0.3643,0.7632,-0.3062,-26.037,75.976,-120.305,2,90
0.3657,0.7485,-0.3086,-23.963,75.244,-119.695,2,90
0.3560,0.7344,-0.3096,-22.073,73.902,-119.512,2,90
0.3574,0.7148,-0.3184,-20.061,73.232,-119.146,2,90
0.3545,0.7002,-0.3120,-18.598,71.707,-118.841,2,90
0.3540,0.6748,-0.3105,-17.012,70.671,-118.780,2,90
0.3447,0.6758,-0.3145,-16.037,69.573,-118.476,2,90
0.3398,0.6602,-0.3145,-15.488,68.293,-118.598,2,90
-0.8945,-0.3652,-0.0757,27.866,45.183,15.122,3,42
-0.8857,-0.3750,-0.0913,31.829,47.866,15.610,3,42
-0.8877,-0.3857,-0.1069,35.976,50.793,16.463,3,42
-0.8838,-0.4048,-0.1138,41.585,53.963,17.927,3,42
-0.8843,-0.4243,-0.0947,47.988,57.561,18.841,3,42
-0.8818,-0.4331,-0.0464,53.598,60.976,19.878,3,42
-0.8760,-0.4463,-0.0527,57.866,63.537,21.280,3,42
-0.8647,-0.4404,-0.0747,61.341,64.268,22.622,3,42
-0.2793,-1.4771,-0.0342,11.098,-95.427,-138.902,1,90
-0.2847,-1.4648,-0.0376,12.622,-96.890,-141.402,1,90
-0.2856,-1.4463,-0.0435,14.451,-99.146,-144.085,1,90
-0.2876,-1.4360,-0.0293,15.793,-101.220,-146.524,1,90
-0.2866,-1.4194,-0.0347,17.195,-102.805,-148.963,1,90
-0.2852,-1.4126,-0.0337,18.415,-104.817,-151.280,1,90
-0.2876,-1.4014,-0.0313,19.756,-107.012,-153.598,1,90
-0.2905,-1.3960,-0.0269,20.244,-108.537,-155.854,1,90
-1.5552,-0.2354,-0.5498,86.646,225.427,8.049,4,42
-1.5430,-0.1909,-0.5654,87.622,227.012,11.159,4,42
-1.5313,-0.1465,-0.5698,89.268,228.476,14.207,4,42
-1.5259,-0.1079,-0.5757,91.402,229.390,17.439,4,42
-1.5103,-0.0913,-0.5815,93.476,229.756,20.854,4,42
-1.5220,-0.0815,-0.5796,94.817,230.305,24.390,4,42
-1.5225,-0.0776,-0.5674,96.037,230.549,26.890,4,42
-1.5322,-0.0786,-0.5605,96.951,231.037,30.000,4,42
-0.2920,-1.3887,-0.0171,21.220,-111.159,-158.171,1,90
-0.2998,-1.3804,-0.0122,21.890,-112.805,-160.244,1,90
-0.2969,-1.3857,-0.0142,22.256,-115.061,-162.378,1,90
-0.3091,-1.3853,-0.0093,22.622,-117.134,-164.695,1,90
-0.3198,-1.3828,-0.0063,23.110,-118.780,-166.768,1,90
-0.3198,-1.3833,-0.0005,23.293,-120.732,-168.720,1,90
-0.3335,-1.3892,-0.0029,23.110,-122.561,-170.610,1,90
-0.3433,-1.3901,0.0044,23.354,-124.329,-172.683,1,90
0.3540,0.6470,-0.4219,-9.817,43.537,-116.585,2,90
0.3604,0.6616,-0.4321,-8.537,42.500,-116.646,2,90
0.3613,0.6636,-0.4385,-6.951,41.524,-116.707,2,90
0.3623,0.6670,-0.4497,-5.610,40.732,-116.951,2,90
0.3647,0.6753,-0.4521,-4.512,39.207,-117.073,2,90
0.3770,0.6743,-0.4668,-3.171,38.537,-117.439,2,90
0.3789,0.6748,-0.4727,-1.585,37.439,-117.378,2,90
0.3872,0.6792,-0.4722,0.488,36.707,-117.805,2,90
-0.8228,-0.5313,-0.1909,9.329,23.841,19.878,3,42
-0.8076,-0.5352,-0.2090,5.549,20.732,20.061,3,42
-0.8042,-0.5239,-0.2168,2.378,18.049,20.793,3,42
-0.7944,-0.5278,-0.2280,-1.707,15.305,21.220,3,42
-0.7896,-0.5522,-0.2686,-4.695,13.049,20.915,3,42
-0.7910,-0.5591,-0.2637,-5.366,12.317,20.549,3,42
-0.7993,-0.5337,-0.2471,-5.549,11.159,20.305,3,42
-0.7993,-0.4976,-0.2290,-7.317,9.634,21.098,3,42
-0.4106,-1.4468,0.0337,18.354,-137.195,-187.683,1,90
-0.4204,-1.4619,0.0376,17.256,-138.415,-189.024,1,90
-0.4346,-1.4678,0.0518,15.976,-139.878,-190.488,1,90
-0.4365,-1.4819,0.0591,14.634,-140.793,-191.768,1,90
-0.4448,-1.4883,0.0635,12.927,-142.195,-193.110,1,90
-0.4497,-1.5005,0.0698,11.159,-143.537,-194.573,1,90
-0.4619,-1.5020,0.0625,8.902,-144.573,-195.854,1,90
-0.4795,-1.5146,0.0684,7.012,-145.915,-197.256,1,90
-1.7334,-0.0947,0.2446,151.341,215.244,39.146,4,42
-1.6982,-0.1128,0.3218,150.915,214.512,36.829,4,42
-1.6577,-0.1372,0.3740,150.122,213.598,34.939,4,42
-1.6157,-0.1665,0.4287,148.171,212.317,33.537,4,42
-1.5679,-0.1958,0.4907,145.549,210.000,32.561,4,42
-1.5278,-0.2407,0.5356,142.805,206.707,31.768,4,42
-1.4854,-0.2837,0.5981,140.183,202.622,30.488,4,42
-1.4326,-0.3223,0.6284,137.988,197.683,29.390,4,42
-0.4883,-1.5195,0.0708,5.061,-146.646,-198.476,1,90
-0.5010,-1.5317,0.0723,2.622,-147.561,-199.756,1,90
-0.5098,-1.5542,0.0688,0.671,-148.659,-201.220,1,90
-0.5220,-1.5537,0.0684,-1.463,-149.146,-202.317,1,90
-0.5381,-1.5640,0.0674,-3.293,-150.183,-203.598,1,90
-0.5405,-1.5752,0.0688,-4.817,-150.671,-204.634,1,90
-0.5625,-1.5835,0.0605,-6.829,-151.585,-205.915,1,90
-0.5684,-1.5967,0.0645,-8.293,-152.073,-207.134,1,90
-1.3896,-0.3525,0.6563,136.585,191.768,27.866,4,42
-1.3408,-0.3745,0.6826,135.122,186.341,26.098,4,42
-1.2944,-0.3872,0.7104,133.293,180.000,25.000,4,42
-1.2422,-0.3828,0.7437,131.159,173.902,23.902,4,42
-1.2012,-0.3828,0.7715,127.561,167.866,22.439,4,42
-1.1548,-0.3760,0.7998,123.110,162.073,20.915,4,42
-1.1177,-0.3579,0.8306,117.012,156.524,19.512,4,42
-1.0889,-0.3540,0.8789,110.366,151.341,17.622,4,42
-0.5884,-1.5986,0.0474,-9.878,-152.805,-208.659,1,90
-0.5957,-1.6064,0.0464,-11.220,-153.476,-210.000,1,90
-0.6118,-1.6211,0.0386,-12.744,-153.963,-211.707,1,90
-0.6235,-1.6221,0.0371,-13.963,-154.329,-212.988,1,90
-0.6372,-1.6221,0.0317,-15.793,-154.573,-214.451,1,90
-0.6475,-1.6255,0.0190,-17.256,-154.817,-216.220,1,90
-0.6553,-1.6240,0.0161,-18.659,-154.756,-217.683,1,90
-0.6724,-1.6313,0.0020,-20.488,-154.695,-219.146,1,90
-1.0601,-0.3418,0.9282,103.232,146.646,15.671,4,42
-1.0273,-0.3140,0.9702,95.793,143.110,13.659,4,42
-1.0044,-0.2866,1.0068,87.256,139.695,11.829,4,42
-0.9888,-0.2578,1.0371,77.256,137.378,10.610,4,42
-0.9863,-0.2305,1.0605,66.768,135.915,9.817,4,42
-0.9927,-0.2095,1.0713,56.037,135.183,9.573,4,42
-0.9819,-0.2021,1.0723,45.976,133.841,9.634,4,42
-0.9629,-0.1938,1.0557,38.537,133.476,8.476,4,42
-0.6704,-1.6279,0.0010,-22.134,-154.756,-220.793,1,90
-0.6851,-1.6328,-0.0117,-23.841,-154.390,-222.317,1,90
-0.6855,-1.6304,-0.0298,-26.037,-154.146,-223.476,1,90
-0.6943,-1.6328,-0.0405,-27.622,-153.841,-224.878,1,90
-0.7104,-1.6392,-0.0576,-29.268,-153.171,-226.220,1,90
-0.7041,-1.6475,-0.0693,-31.585,-152.805,-227.439,1,90
-0.7148,-1.6494,-0.0977,-34.329,-152.378,-229.146,1,90
-0.7227,-1.6543,-0.1157,-35.976,-152.012,-230.427,1,90
-0.9570,-0.1895,1.0342,33.780,131.707,7.134,4,42
-0.9487,-0.1860,1.0151,31.890,129.085,4.756,4,42
-0.9546,-0.1724,0.9888,33.902,125.305,2.378,4,42
-0.9512,-0.1460,0.9585,38.171,120.915,0.244,4,42
-0.9604,-0.1128,0.9312,43.841,116.463,-1.768,4,42
-0.9829,-0.0479,0.9004,49.390,112.439,-3.049,4,42
-1.0225,0.0278,0.8833,53.537,108.415,-2.805,4,42
-1.0737,0.1177,0.8521,55.732,104.512,-0.915,4,42
-0.7251,-1.6616,-0.1309,-37.988,-151.159,-231.707,1,90
-0.7280,-1.6675,-0.1484,-39.451,-150.610,-233.110,1,90
-0.7305,-1.6646,-0.1616,-41.220,-149.390,-234.390,1,90
-0.7358,-1.6709,-0.1763,-42.805,-148.659,-235.427,1,90
-0.7466,-1.6650,-0.1953,-44.390,-147.439,-237.012,1,90
-0.7490,-1.6685,-0.2202,-45.793,-146.159,-238.476,1,90
-0.7466,-1.6694,-0.2266,-47.012,-145.122,-240.061,1,90
-0.7598,-1.6582,-0.2461,-47.988,-144.207,-241.646,1,90
0.7168,1.0034,-0.4443,65.183,53.476,-111.280,2,90
0.7100,1.0181,-0.4336,66.951,54.024,-109.268,2,90
0.7080,1.0322,-0.4399,68.415,54.451,-107.317,2,90
0.7168,1.0430,-0.4365,69.634,54.939,-104.451,2,90
0.7065,1.0552,-0.4443,70.976,55.000,-101.707,2,90
0.7002,1.0688,-0.4277,72.256,55.427,-98.537,2,90
0.7012,1.0752,-0.4438,73.963,55.244,-95.305,2,90
0.6973,1.0781,-0.4507,75.915,55.488,-91.768,2,90
-0.8799,-0.7412,-0.2236,2.561,62.622,96.463,3,42
-0.8862,-0.6987,-0.2495,3.963,63.720,99.817,3,42
-0.8877,-0.6465,-0.2466,5.305,65.732,103.293,3,42
-0.8979,-0.6040,-0.2363,5.427,67.195,106.646,3,42
-0.9106,-0.5830,-0.2212,6.585,69.268,109.878,3,42
-0.9067,-0.5552,-0.2007,7.256,71.768,112.744,3,42
-0.9131,-0.5264,-0.2207,8.720,74.756,115.305,3,42
-0.9180,-0.4985,-0.2310,9.512,78.110,117.988,3,42
-0.9316,-0.4824,-0.1987,7.866,80.122,119.512,3,42
-0.9697,-0.4795,-0.1841,4.878,80.976,121.768,3,42
-1.0195,-0.4980,-0.1646,1.098,81.341,123.476,3,42
-1.0679,-0.4907,-0.1636,-4.390,81.768,125.305,3,42
-1.0854,-0.4946,-0.1191,-10.915,81.220,126.524,3,42
-1.1025,-0.5117,-0.0952,-17.866,80.549,127.683,3,42
-1.1182,-0.5215,-0.0703,-25.854,79.390,128.902,3,42
-1.1294,-0.5020,-0.0298,-32.317,78.171,129.573,3,42
0.6567,1.0610,-0.4292,95.854,55.488,-58.171,2,90
0.6582,1.0498,-0.4277,97.988,55.305,-54.329,2,90
0.6538,1.0366,-0.4209,100.488,54.512,-50.427,2,90
0.6509,1.0176,-0.4136,102.866,53.963,-46.463,2,90
0.6470,1.0117,-0.4082,105.427,52.988,-42.500,2,90
0.6494,1.0029,-0.3975,107.866,52.195,-38.232,2,90
0.6484,0.9897,-0.4004,110.000,51.341,-34.573,2,90
0.6401,0.9692,-0.3901,112.134,50.183,-30.122,2,90
-1.1431,-0.4473,-0.0078,-39.207,76.951,130.061,3,42
-1.1519,-0.4023,-0.0420,-47.378,75.610,131.402,3,42
-1.1548,-0.3525,-0.0977,-49.268,76.646,131.768,3,42
-1.1577,-0.3242,-0.1187,-49.268,77.561,131.951,3,42
-1.1499,-0.2754,-0.1597,-47.866,80.183,132.134,3,42
-1.0459,-0.1807,-0.2002,-42.561,83.659,130.671,3,42
-0.9761,-0.1333,-0.2119,-41.098,84.817,129.573,3,42
-0.8232,-0.0581,-0.2705,-36.341,87.073,126.768,3,42
-0.7305,-1.0327,-0.5815,-76.402,-115.732,-263.537,1,90
-0.7344,-0.9990,-0.5898,-77.622,-115.244,-263.049,1,90
-0.7354,-0.9717,-0.6123,-78.598,-114.756,-262.683,1,90
-0.7456,-0.9482,-0.6255,-79.878,-114.207,-262.012,1,90
-0.7466,-0.9131,-0.6406,-81.463,-113.902,-261.280,1,90
-0.7549,-0.8931,-0.6572,-83.659,-113.415,-259.939,1,90
-0.7617,-0.8564,-0.6636,-85.427,-113.110,-258.780,1,90
-0.7788,-0.8291,-0.6724,-87.561,-112.683,-257.073,1,90
-0.5308,0.0215,-0.4824,-27.073,91.463,119.695,3,42
-0.3682,0.1108,-0.6230,-20.671,93.171,112.988,3,42
-0.2476,0.2188,-0.7441,-16.402,94.573,106.098,3,42
-0.1851,0.3125,-0.8643,-13.720,94.085,98.110,3,42
-0.1226,0.3696,-0.9580,-12.866,91.768,90.183,3,42
-0.1025,0.3921,-0.9507,-11.220,88.537,83.415,3,42
-0.1440,0.4082,-0.8652,-11.220,84.695,78.841,3,42
-0.2349,0.4336,-0.6650,-13.232,79.207,76.098,3,42
0.6528,0.9165,-0.3403,120.732,38.720,3.171,2,90
0.6597,0.9150,-0.3384,120.610,37.195,6.890,2,90
0.6567,0.9033,-0.3452,119.939,35.793,10.427,2,90
0.6553,0.9087,-0.3320,119.451,34.390,14.451,2,90
0.6611,0.8955,-0.3369,118.780,32.805,18.171,2,90
0.6704,0.8994,-0.3267,117.927,31.524,22.134,2,90
0.6816,0.8896,-0.3188,116.829,30.549,25.488,2,90
0.6865,0.8945,-0.3149,115.549,29.512,29.085,2,90
-0.3779,0.4526,-0.4712,-18.963,72.256,73.232,3,42
-0.5396,0.4673,-0.3135,-25.854,64.207,71.280,3,42
-0.7212,0.4487,-0.1890,-33.659,56.768,70.427,3,42
-0.9497,0.4102,-0.1489,-38.415,51.220,71.220,3,42
-1.1899,0.3799,-0.1123,-42.195,47.317,72.805,3,42
-1.4209,0.3027,-0.0879,-42.622,45.915,73.354,3,42
-1.5625,0.2354,-0.0654,-39.512,46.707,72.866,3,42
-1.5576,0.1558,-0.0352,-35.122,48.415,71.463,3,42
-0.9160,-0.5264,-0.7026,-117.134,-113.232,-229.695,1,90
-0.9390,-0.4995,-0.7061,-121.402,-112.805,-224.878,1,90
-0.9536,-0.4619,-0.7129,-125.549,-112.561,-219.817,1,90
-0.9775,-0.4331,-0.7173,-129.695,-111.890,-214.756,1,90
-0.9917,-0.4092,-0.7266,-134.024,-111.402,-209.085,1,90
-1.0195,-0.3755,-0.7397,-138.232,-110.244,-203.537,1,90
-1.0552,-0.3413,-0.7422,-142.500,-109.390,-197.317,1,90
-1.0776,-0.3052,-0.7646,-146.341,-107.866,-190.915,1,90
0.9546,0.8521,-0.2793,101.463,19.268,55.732,2,90
0.9946,0.8491,-0.2847,100.244,17.561,57.988,2,90
1.0186,0.8521,-0.2773,99.207,15.976,59.756,2,90
1.0532,0.8530,-0.2822,98.171,14.451,61.524,2,90
1.0835,0.8481,-0.2910,96.341,12.378,62.622,2,90
1.1060,0.8506,-0.2896,94.817,10.427,64.268,2,90
1.1323,0.8486,-0.3071,93.476,8.537,65.732,2,90
1.1577,0.8555,-0.3140,91.402,6.524,66.890,2,90
-0.7002,-0.0552,-0.5728,21.280,56.829,50.671,3,42
-0.6338,-0.0981,-0.5938,27.866,56.890,48.476,3,42
-0.5869,-0.1387,-0.6377,32.744,56.220,45.671,3,42
-0.5532,-0.1558,-0.6694,35.671,54.695,43.110,3,42
-0.5225,-0.1655,-0.7158,37.561,51.829,39.695,3,42
-0.5488,-0.1860,-0.7637,40.061,48.415,36.890,3,42
-0.6040,-0.1733,-0.7583,41.463,45.366,34.268,3,42
-0.7134,-0.1997,-0.7188,41.463,40.915,32.256,3,42
1.1680,0.8569,-0.3179,89.329,4.878,68.049,2,90
1.1895,0.8545,-0.3125,86.037,3.841,69.207,2,90
1.2075,0.8608,-0.3169,82.134,2.805,70.000,2,90
1.2432,0.8545,-0.3335,77.439,2.683,71.037,2,90
1.2744,0.8447,-0.3354,72.988,2.378,71.768,2,90
1.3105,0.8447,-0.3408,68.598,2.561,73.171,2,90
1.3442,0.8306,-0.3530,64.207,2.866,74.573,2,90
1.3867,0.8237,-0.3643,59.817,3.720,75.793,2,90
1.4175,0.8159,-0.3770,55.671,3.963,77.134,2,90
1.4399,0.8081,-0.3892,51.707,4.146,78.232,2,90
1.4619,0.8018,-0.4004,47.683,4.451,79.268,2,90
1.4761,0.8037,-0.4116,43.537,4.512,79.817,2,90
1.4790,0.8032,-0.4165,39.329,4.451,80.122,2,90
1.4819,0.8042,-0.4097,34.268,4.451,80.122,2,90
1.4604,0.8018,-0.3999,28.841,4.207,79.695,2,90
1.4360,0.8096,-0.4082,22.988,3.598,79.756,2,90
-1.1143,0.0747,-0.2510,16.098,15.366,13.659,3,42
-1.1284,0.1782,-0.2246,16.646,14.512,10.244,3,42
-1.1274,0.2607,-0.2192,19.146,14.512,5.610,3,42
-1.1064,0.3501,-0.1895,20.000,13.049,1.707,3,42
-1.0723,0.3906,-0.1782,20.671,10.732,-2.134,3,42
-1.0210,0.4063,-0.1699,22.317,9.634,-6.341,3,42
-0.9448,0.4058,-0.1929,22.622,7.439,-10.244,3,42
-0.9136,0.4204,-0.2061,22.378,4.817,-13.537,3,42
-1.6396,0.9497,-0.5391,-94.512,15.732,79.390,1,90
-1.6924,0.9438,-0.5342,-89.634,21.646,94.878,1,90
-1.7358,0.9355,-0.5469,-84.207,27.927,109.634,1,90
-1.7544,0.9170,-0.5435,-78.780,34.085,123.293,1,90
-1.7524,0.8936,-0.5469,-72.927,40.122,136.463,1,90
-1.7422,0.8604,-0.5347,-67.012,45.976,149.146,1,90
-1.7163,0.8188,-0.5078,-61.341,50.976,161.585,1,90
-1.6787,0.7803,-0.4897,-56.159,55.366,173.476,1,90
-2.4966,-0.9565,0.7261,-4.878,172.256,4.939,4,42
-2.6294,-1.1348,0.8149,-7.195,173.963,-0.732,4,42
-2.6523,-1.1436,0.8486,-14.695,174.573,-8.232,4,42
-2.8174,-1.1660,0.8394,-23.902,176.585,-14.817,4,42
-2.9492,-1.1606,0.8325,-25.976,181.220,-18.476,4,42
-3.0049,-1.0977,0.8955,-23.963,184.634,-19.512,4,42
-3.0308,-1.0347,1.0874,-23.110,188.841,-19.390,4,42
-3.0127,-1.0132,1.2676,-23.415,194.085,-18.354,4,42
1.2090,0.8003,-0.3652,-33.963,-9.573,92.134,2,90
1.2305,0.7856,-0.3682,-41.402,-11.341,95.000,2,90
1.2588,0.7744,-0.3716,-49.207,-12.988,97.439,2,90
1.2930,0.7505,-0.3726,-57.378,-14.024,100.061,2,90
1.3257,0.7310,-0.3677,-65.488,-15.366,102.744,2,90
1.3608,0.7104,-0.3779,-73.659,-16.159,105.122,2,90
1.3965,0.6885,-0.3716,-81.463,-17.317,107.195,2,90
1.4170,0.6724,-0.3784,-89.024,-18.171,109.451,2,90
1.4297,0.6626,-0.3813,-96.159,-18.902,111.220,2,90
1.4238,0.6489,-0.3853,-103.049,-20.488,112.500,2,90
1.4238,0.6460,-0.3838,-109.329,-21.951,113.780,2,90
1.4165,0.6372,-0.3940,-116.098,-24.207,114.756,2,90
1.4004,0.6357,-0.3853,-121.951,-26.402,115.427,2,90
1.3745,0.6475,-0.3984,-127.805,-28.720,116.280,2,90
1.3481,0.6509,-0.4028,-133.049,-31.524,116.951,2,90
1.3242,0.6650,-0.4146,-138.537,-33.780,117.561,2,90
-0.9761,0.0806,-0.3101,9.085,-25.549,-67.317,3,42
-0.9639,0.0591,-0.3330,9.207,-26.524,-69.451,3,42
-0.9673,0.0400,-0.3486,9.329,-27.195,-71.402,3,42
-0.9722,-0.0020,-0.3740,9.756,-27.744,-73.049,3,42
-0.9775,-0.0444,-0.3735,10.061,-28.476,-74.512,3,42
-0.9678,-0.0776,-0.3755,10.183,-29.207,-76.037,3,42
-0.9502,-0.1206,-0.3853,10.183,-30.366,-77.378,3,42
-0.9370,-0.1704,-0.4028,9.451,-31.341,-78.659,3,42
-1.5205,-0.0791,-0.2627,12.805,61.707,379.817,1,90
-1.5269,-0.1245,-0.2710,22.134,59.695,388.110,1,90
-1.5322,-0.1724,-0.2729,32.195,58.598,395.854,1,90
-1.5347,-0.2285,-0.3013,42.622,57.073,403.049,1,90
-1.5400,-0.2910,-0.3193,54.146,55.610,409.939,1,90
-1.5405,-0.3584,-0.3467,67.073,55.854,416.098,1,90
-1.5552,-0.4272,-0.3433,81.402,56.585,421.707,1,90
-1.5835,-0.4468,-0.2100,92.622,59.573,427.256,1,90
1.2612,0.7437,-0.3901,-180.122,-45.488,130.671,2,90
1.2681,0.7383,-0.3872,-182.195,-45.976,131.890,2,90
1.2695,0.7339,-0.3804,-183.171,-45.915,133.110,2,90
1.2622,0.7383,-0.3618,-183.720,-45.915,134.024,2,90
1.2646,0.7461,-0.3555,-183.171,-46.037,134.390,2,90
1.2603,0.7500,-0.3457,-181.890,-45.671,135.061,2,90
1.2437,0.7651,-0.3369,-180.122,-45.549,135.061,2,90
1.2261,0.7827,-0.3403,-177.134,-45.244,135.122,2,90
-0.8457,-0.3042,-0.4658,-5.366,-48.049,-82.012,3,42
-0.8540,-0.2974,-0.4629,-7.561,-50.549,-81.768,3,42
-0.8647,-0.2935,-0.4473,-9.878,-52.866,-81.646,3,42
-0.8726,-0.2832,-0.4312,-10.793,-54.390,-81.341,3,42
-0.8628,-0.2749,-0.4082,-11.951,-56.829,-80.854,3,42
-0.8374,-0.2725,-0.3921,-12.683,-58.902,-80.671,3,42
-0.8296,-0.2886,-0.4116,-13.841,-61.341,-80.244,3,42
-0.8423,-0.3130,-0.4517,-15.122,-62.805,-80.427,3,42
1.1958,0.7998,-0.3242,-174.146,-45.183,134.939,2,90
1.1626,0.8135,-0.3208,-170.183,-46.524,134.817,2,90
1.1250,0.8286,-0.3179,-165.671,-47.256,134.634,2,90
1.0791,0.8423,-0.3223,-160.122,-48.110,134.756,2,90
1.0400,0.8584,-0.3232,-154.085,-49.634,134.634,2,90
0.9775,0.8711,-0.3228,-147.683,-50.793,135.244,2,90
0.9326,0.8779,-0.3296,-140.793,-51.890,135.549,2,90
0.8877,0.8848,-0.3325,-134.024,-53.293,135.976,2,90
-1.6855,-1.0215,1.7832,-209.939,-1.524,-42.622,4,42
-1.6797,-1.1392,1.7676,-142.561,-20.183,-48.537,4,42
-1.6455,-1.0161,1.9893,-78.293,-41.037,-54.207,4,42
-1.4526,-0.6914,2.0859,-40.976,-55.793,-66.220,4,42
-1.4600,-0.1841,2.3892,-24.146,-70.732,-82.805,4,42
-0.9268,0.2227,2.2930,-19.939,-84.207,-97.073,4,42
-0.8970,0.6343,2.2466,-15.122,-90.000,-112.378,4,42
-0.9883,0.9985,2.1914,-9.878,-100.671,-115.305,4,42
-1.3843,-1.5146,-0.4014,85.305,27.378,421.402,1,90
-1.3589,-1.4546,-0.3892,86.890,24.024,420.671,1,90
-1.3242,-1.4077,-0.3794,89.024,21.098,420.244,1,90
-1.3174,-1.3647,-0.3696,91.280,18.354,419.634,1,90
-1.3120,-1.3359,-0.3599,94.024,16.585,419.085,1,90
-1.3169,-1.3306,-0.3384,97.561,15.793,417.988,1,90
-1.3374,-1.3267,-0.3105,101.037,15.854,416.159,1,90
-1.3574,-1.3354,-0.2793,105.061,16.585,413.720,1,90
-1.3877,-1.3501,-0.2363,109.451,17.988,410.183,1,90
-1.4185,-1.3604,-0.2153,114.146,19.268,406.037,1,90
-1.4478,-1.3828,-0.1646,118.841,21.098,401.646,1,90
-1.4746,-1.4072,-0.1318,123.415,24.451,396.646,1,90
-1.5020,-1.4282,-0.0962,127.988,27.317,392.012,1,90
-1.5156,-1.4595,-0.0537,132.256,31.829,387.256,1,90
-1.5313,-1.4839,-0.0127,136.829,36.951,382.683,1,90
-1.5293,-1.5176,0.0190,141.280,42.073,378.049,1,90
-0.8218,-0.4009,-0.3696,-6.768,-78.354,-67.988,3,42
-0.8320,-0.3770,-0.3613,-8.659,-80.183,-67.439,3,42
-0.8496,-0.3413,-0.3623,-10.366,-81.341,-67.012,3,42
-0.8638,-0.3198,-0.3311,-12.256,-81.890,-66.402,3,42
-0.8774,-0.3120,-0.2886,-12.134,-81.707,-65.549,3,42
-0.8877,-0.2959,-0.2412,-11.159,-80.122,-64.268,3,42
-0.8760,-0.2813,-0.2368,-10.488,-80.000,-63.354,3,42
-0.8394,-0.2881,-0.2568,-11.280,-81.159,-63.293,3,42
0.3311,0.5889,-0.4922,-8.780,-65.976,135.000,2,90
0.3032,0.5786,-0.4839,-1.341,-65.244,131.890,2,90
0.2896,0.5693,-0.4932,1.341,-64.512,130.671,2,90
0.2632,0.5630,-0.4937,5.244,-63.841,128.537,2,90
0.2383,0.5527,-0.4927,9.146,-62.805,126.463,2,90
0.2139,0.5430,-0.4976,12.866,-62.256,124.085,2,90
0.2031,0.5347,-0.4917,14.939,-61.707,122.256,2,90
0.1768,0.5337,-0.5010,17.683,-60.854,120.488,2,90
-0.8247,-0.2983,-0.2544,-13.841,-82.683,-62.927,3,42
-0.8267,-0.3057,-0.2617,-14.390,-82.317,-62.500,3,42
-0.8389,-0.3193,-0.2534,-14.268,-82.622,-61.159,3,42
-0.8530,-0.3335,-0.2607,-15.244,-82.927,-61.402,3,42
-0.8511,-0.3340,-0.2559,-15.549,-82.744,-62.073,3,42
-0.8584,-0.3359,-0.2534,-16.280,-82.744,-62.805,3,42
-0.8584,-0.3296,-0.2690,-17.500,-83.415,-63.354,3,42
-0.8755,-0.3359,-0.2441,-16.951,-82.561,-62.927,3,42
0.1445,0.5190,-0.4961,20.915,-59.146,118.476,2,90
0.1309,0.5151,-0.5000,22.073,-58.841,117.683,2,90
0.1226,0.5161,-0.5000,24.146,-57.561,116.037,2,90
0.0918,0.5049,-0.4995,25.732,-56.585,114.756,2,90
0.0737,0.5039,-0.4873,26.768,-55.549,113.476,2,90
0.0630,0.4888,-0.4854,27.134,-54.756,112.378,2,90
0.0522,0.4854,-0.4858,27.256,-53.476,111.341,2,90
0.0420,0.4658,-0.4761,27.195,-52.134,110.732,2,90
-0.8979,-0.3218,-0.1963,-12.866,-78.293,-62.378,3,42
-0.8872,-0.3032,-0.2021,-10.610,-77.134,-62.134,3,42
-0.8691,-0.2852,-0.2153,-10.610,-77.561,-61.890,3,42
-0.8564,-0.3037,-0.2095,-9.207,-77.012,-62.012,3,42
-0.8574,-0.3047,-0.2046,-8.232,-76.220,-62.195,3,42
-0.8682,-0.3184,-0.2046,-7.561,-75.427,-62.378,3,42
-0.8711,-0.3325,-0.2109,-7.134,-74.512,-62.378,3,42
-0.8838,-0.3423,-0.1943,-6.159,-73.171,-62.805,3,42
0.0259,0.4414,-0.4746,26.402,-50.610,110.061,2,90
0.0269,0.4224,-0.4712,25.366,-49.024,109.756,2,90
0.0234,0.4082,-0.4712,24.268,-48.354,109.451,2,90
0.0234,0.3911,-0.4644,22.927,-47.073,109.329,2,90
0.0210,0.3589,-0.4502,21.159,-45.915,109.085,2,90
0.0278,0.3374,-0.4512,19.329,-44.878,108.963,2,90
0.0278,0.3154,-0.4370,17.073,-44.207,108.780,2,90
0.0376,0.2896,-0.4258,14.878,-43.232,107.866,2,90
-0.8892,-0.3481,-0.1831,-5.488,-72.134,-62.866,3,42
-0.8872,-0.3438,-0.1665,-5.610,-72.073,-63.354,3,42
-0.8921,-0.3516,-0.1626,-6.707,-71.951,-62.988,3,42
-0.8877,-0.3740,-0.1616,-6.098,-71.463,-62.256,3,42
-0.8911,-0.3857,-0.1665,-5.488,-70.976,-61.585,3,42
-0.8838,-0.4136,-0.1748,-5.305,-70.732,-60.488,3,42
-0.8701,-0.4424,-0.1748,-4.573,-69.390,-59.878,3,42
-0.8789,-0.4473,-0.1807,-3.963,-69.085,-59.573,3,42
0.0386,0.2573,-0.4268,12.378,-42.805,107.317,2,90
0.0464,0.2354,-0.4170,9.939,-42.378,106.707,2,90
0.0566,0.2114,-0.4126,7.256,-42.012,105.732,2,90
0.0674,0.1904,-0.4189,4.878,-41.829,104.573,2,90
0.0708,0.1689,-0.4263,2.439,-41.402,103.841,2,90
0.0703,0.1641,-0.4194,-0.305,-41.220,102.927,2,90
0.0815,0.1528,-0.4092,-2.988,-40.610,101.951,2,90
0.0820,0.1533,-0.4126,-5.793,-40.061,100.732,2,90
-0.8779,-0.4473,-0.1733,-3.902,-68.780,-59.390,3,42
-0.8784,-0.4404,-0.1768,-4.451,-69.085,-59.390,3,42
-0.8760,-0.4492,-0.1885,-5.244,-69.390,-59.146,3,42
-0.8823,-0.4546,-0.1699,-5.061,-68.537,-58.841,3,42
-0.9058,-0.4541,-0.1406,-4.329,-67.073,-57.744,3,42
-0.9053,-0.4492,-0.1489,-4.268,-66.280,-57.622,3,42
-0.9033,-0.4492,-0.1543,-5.793,-67.012,-57.500,3,42
-0.9004,-0.4736,-0.1475,-6.159,-67.256,-57.195,3,42
0.0908,0.1426,-0.4067,-8.720,-39.634,100.305,2,90
0.0879,0.1387,-0.4033,-12.195,-39.146,98.841,2,90
0.0913,0.1396,-0.3931,-14.695,-38.293,98.476,2,90
0.0894,0.1406,-0.3823,-17.866,-38.110,97.317,2,90
0.0933,0.1465,-0.3960,-20.122,-37.866,96.768,2,90
0.1001,0.1411,-0.3921,-22.256,-37.927,95.976,2,90
0.0986,0.1602,-0.3877,-23.659,-37.866,95.000,2,90
0.1094,0.1689,-0.3872,-25.244,-37.683,93.780,2,90
-0.9072,-0.4878,-0.1333,-6.280,-67.073,-57.378,3,42
-0.9048,-0.5020,-0.1279,-7.683,-67.439,-57.256,3,42
-0.9121,-0.5034,-0.1279,-10.122,-68.659,-57.927,3,42
-0.9126,-0.5010,-0.1147,-13.293,-69.939,-58.415,3,42
-0.9272,-0.4897,-0.0972,-16.402,-71.159,-58.720,3,42
-0.9243,-0.4697,-0.0620,-19.512,-71.524,-59.451,3,42
-0.9307,-0.4492,-0.0176,-22.622,-72.500,-59.512,3,42
-0.9253,-0.4365,0.0151,-24.512,-73.537,-58.902,3,42
0.0967,0.1836,-0.3755,-27.012,-37.744,93.293,2,90
0.0986,0.1978,-0.3740,-29.329,-37.622,92.256,2,90
0.1021,0.2070,-0.3608,-31.402,-37.561,91.463,2,90
0.1011,0.2158,-0.3662,-33.841,-38.049,90.671,2,90
0.0972,0.2231,-0.3628,-35.732,-38.659,89.878,2,90
0.1055,0.2212,-0.3491,-36.829,-39.390,88.841,2,90
0.1006,0.2319,-0.3491,-38.415,-39.817,88.293,2,90
0.1050,0.2271,-0.3530,-38.963,-40.549,87.744,2,90
-0.9238,-0.4302,0.0439,-27.012,-73.293,-58.659,3,42
-0.9165,-0.4155,0.0742,-28.415,-72.561,-58.476,3,42
-0.9028,-0.4126,0.0376,-30.610,-74.146,-58.354,3,42
-0.8887,-0.4189,-0.0112,-34.939,-77.134,-58.537,3,42
-0.8950,-0.4277,-0.0352,-39.390,-79.939,-59.451,3,42
-0.9175,-0.4238,-0.0562,-44.085,-82.317,-60.976,3,42
-0.9199,-0.4272,-0.0601,-50.061,-84.146,-62.988,3,42
-0.9414,-0.4258,-0.0708,-55.976,-86.341,-65.244,3,42
0.1094,0.2290,-0.3652,-38.963,-40.915,86.951,2,90
0.1055,0.2300,-0.3682,-39.390,-41.159,85.793,2,90
0.1006,0.2334,-0.3628,-38.659,-41.220,85.000,2,90
0.1074,0.2354,-0.3696,-38.476,-41.159,83.902,2,90
0.1128,0.2373,-0.3667,-38.110,-40.854,82.683,2,90
0.1147,0.2412,-0.3667,-37.439,-40.305,80.732,2,90
0.1211,0.2407,-0.3574,-37.378,-39.756,79.085,2,90
0.1313,0.2476,-0.3569,-36.646,-39.146,77.500,2,90
-0.9341,-0.4268,-0.1030,-62.012,-89.756,-67.805,3,42
-0.9287,-0.4189,-0.1406,-66.646,-93.476,-69.756,3,42
-0.9087,-0.3931,-0.1108,-70.183,-96.159,-71.524,3,42
-0.9126,-0.3438,-0.0737,-72.439,-97.561,-71.524,3,42
-0.9126,-0.2720,-0.0322,-73.780,-98.841,-70.244,3,42
-0.9199,-0.2119,0.0259,-74.756,-99.573,-68.293,3,42
-0.9326,-0.1680,0.0703,-75.549,-100.183,-67.012,3,42
-0.9551,-0.1646,0.0688,-77.256,-100.793,-66.402,3,42
0.1274,0.2534,-0.3486,-35.854,-38.841,75.244,2,90
0.1401,0.2656,-0.3442,-35.305,-38.293,73.293,2,90
0.1426,0.2710,-0.3394,-34.695,-38.354,71.098,2,90
0.1416,0.2822,-0.3403,-33.963,-38.049,69.024,2,90
0.1523,0.2920,-0.3320,-33.110,-37.805,66.402,2,90
0.1548,0.3062,-0.3301,-32.317,-37.927,64.329,2,90
0.1514,0.3184,-0.3271,-31.524,-37.500,62.134,2,90
0.1582,0.3232,-0.3169,-30.610,-37.500,59.512,2,90
-0.9536,-0.1533,0.0542,-76.037,-100.061,-66.768,3,42
-0.9507,-0.1333,0.0605,-72.012,-97.012,-67.744,3,42
-0.9434,-0.1030,0.0957,-66.220,-93.902,-68.415,3,42
-0.9478,-0.0688,0.1284,-61.890,-90.915,-67.561,3,42
-0.9531,-0.0654,0.1372,-56.037,-87.195,-65.610,3,42
-0.9810,-0.0977,0.1118,-49.573,-83.415,-63.963,3,42
-1.0151,-0.1309,0.1274,-42.500,-78.598,-61.951,3,42
-1.0488,-0.1836,0.1323,-34.268,-71.524,-59.695,3,42
0.1665,0.3379,-0.3110,-29.756,-37.256,57.622,2,90
0.1733,0.3550,-0.3013,-29.146,-36.768,55.610,2,90
0.1831,0.3667,-0.2798,-29.024,-36.524,53.293,2,90
0.1782,0.3794,-0.2749,-28.720,-35.488,50.976,2,90
0.1880,0.3892,-0.2671,-28.780,-34.878,48.659,2,90
0.1992,0.4004,-0.2661,-29.146,-33.902,46.280,2,90
0.2085,0.4072,-0.2563,-29.024,-33.049,44.024,2,90
0.2192,0.4180,-0.2563,-29.329,-32.195,41.524,2,90
-1.0698,-0.2949,0.1133,-18.720,-60.000,-56.341,3,42
-1.0640,-0.3267,0.1099,-13.171,-55.488,-55.488,3,42
-1.0352,-0.4121,0.1108,-0.610,-46.402,-53.415,3,42
-1.0171,-0.5298,0.0649,10.427,-36.463,-51.220,3,42
-0.9834,-0.6216,0.0376,24.207,-25.854,-48.902,3,42
-0.9443,-0.7393,-0.0347,42.500,-11.890,-44.939,3,42
-0.9165,-0.7871,-0.0732,53.902,-3.659,-41.646,3,42
-0.8940,-0.8037,-0.0757,65.610,5.000,-37.744,3,42
0.2192,0.4243,-0.2451,-30.000,-31.220,39.268,2,90
0.2358,0.4263,-0.2397,-30.183,-30.549,37.134,2,90
0.2568,0.4341,-0.2466,-30.549,-29.512,34.573,2,90
0.2632,0.4331,-0.2446,-30.671,-28.415,31.829,2,90
0.2803,0.4380,-0.2476,-31.098,-27.500,29.329,2,90
0.2964,0.4429,-0.2495,-31.463,-26.341,26.585,2,90
0.3096,0.4478,-0.2383,-32.073,-24.817,23.354,2,90
0.3252,0.4517,-0.2402,-33.354,-23.232,20.366,2,90
0.3174,0.1538,-0.5356,-41.098,-84.329,121.585,4,42
0.0732,0.3281,-0.6831,17.622,-30.427,109.939,4,42
-0.0337,0.5244,-0.7446,62.073,7.195,87.317,4,42
0.0137,0.7212,-0.7500,95.732,22.256,56.768,4,42
0.1538,1.0103,-0.7324,116.280,22.134,28.293,4,42
0.2705,1.1719,-0.7295,127.683,10.549,9.573,4,42
0.3574,1.3257,-0.7358,131.159,-3.354,-1.768,4,42
0.4009,1.3936,-0.7627,130.793,-14.451,-7.134,4,42
0.4902,-1.8730,-0.2612,76.037,50.122,2.195,1,90
0.4854,-1.9004,-0.2573,73.902,47.500,0.122,1,90
0.4780,-1.9219,-0.2427,71.463,44.939,-1.341,1,90
0.4707,-1.9404,-0.2344,68.841,41.829,-2.927,1,90
0.4541,-1.9634,-0.2378,65.488,39.207,-3.963,1,90
0.4385,-1.9902,-0.2461,62.317,35.671,-5.366,1,90
0.4214,-2.0161,-0.2500,58.476,32.500,-6.829,1,90
0.3940,-2.0352,-0.2505,55.122,29.207,-8.232,1,90
0.3950,1.2954,-0.7852,133.598,-21.098,-12.500,4,42
0.3726,1.1304,-0.8491,144.390,-23.171,-20.793,4,42
0.3286,0.9668,-0.9063,164.390,-21.098,-28.780,4,42
0.2578,0.8403,-1.0068,190.671,-15.976,-31.463,4,42
0.1768,0.7632,-1.0713,218.841,-8.659,-26.890,4,42
0.0967,0.6816,-1.1392,245.305,-1.220,-17.805,4,42
0.0210,0.6279,-1.1812,265.671,4.817,-6.524,4,42
-0.0273,0.5938,-1.2061,281.098,7.805,3.902,4,42
0.3667,-2.0566,-0.2544,51.463,25.915,-9.573,1,90
0.3296,-2.0640,-0.2534,47.195,22.561,-10.732,1,90
0.2944,-2.0889,-0.2583,43.598,19.451,-12.439,1,90
0.2666,-2.0947,-0.2671,39.268,16.159,-14.024,1,90
0.2339,-2.1128,-0.2715,35.183,13.293,-15.366,1,90
0.2080,-2.1279,-0.2866,30.915,10.732,-16.829,1,90
0.1777,-2.1426,-0.2822,27.012,8.415,-18.659,1,90
0.1563,-2.1475,-0.2905,22.805,5.671,-20.061,1,90
-0.0723,0.5654,-1.2271,289.512,6.951,13.476,4,42
-0.1143,0.5903,-1.2500,292.256,3.110,21.220,4,42
-0.1421,0.6353,-1.2666,289.756,-2.744,28.841,4,42
-0.1841,0.6777,-1.2803,284.573,-9.817,35.061,4,42
-0.2144,0.7700,-1.2861,276.707,-17.195,41.585,4,42
-0.2666,0.8286,-1.2720,267.805,-24.939,47.622,4,42
-0.3149,0.8965,-1.2441,260.244,-32.317,52.439,4,42
-0.3760,0.9819,-1.1929,253.841,-39.878,56.768,4,42
0.1177,-2.1606,-0.2861,19.024,3.659,-21.890,1,90
0.0977,-2.1626,-0.2871,14.878,1.463,-23.537,1,90
0.0698,-2.1812,-0.2832,11.098,-0.610,-25.488,1,90
0.0518,-2.1890,-0.2876,7.439,-2.744,-27.317,1,90
0.0356,-2.1938,-0.2817,3.354,-4.878,-29.512,1,90
0.0098,-2.2061,-0.2759,0.366,-6.951,-31.646,1,90
-0.0122,-2.2070,-0.2705,-2.927,-9.390,-33.963,1,90
-0.0244,-2.2114,-0.2666,-5.854,-11.707,-36.402,1,90
-0.4683,1.0620,-1.1455,251.159,-47.317,59.146,4,42
-0.5732,1.2007,-1.0806,250.976,-54.878,58.598,4,42
-0.7285,1.3965,-1.0532,252.866,-65.427,55.122,4,42
-0.9404,1.6309,-1.0229,257.378,-78.720,44.756,4,42
-1.0918,1.8271,-0.9375,267.988,-86.098,29.024,4,42
-1.1685,1.9033,-0.7920,286.890,-77.622,20.732,4,42
-1.2593,1.9053,-0.6807,313.598,-51.646,27.744,4,42
-1.3584,1.8340,-0.6226,346.585,-16.890,48.780,4,42
-0.0479,-2.2197,-0.2681,-10.061,-15.244,-41.159,1,90
-0.0659,-2.2075,-0.2563,-12.683,-17.622,-44.268,1,90
-0.0757,-2.2051,-0.2563,-14.573,-20.061,-48.415,1,90
-0.0947,-2.1953,-0.2642,-16.829,-22.622,-51.463,1,90
-0.1069,-2.1772,-0.2661,-18.780,-25.183,-55.915,1,90
-0.1162,-2.1582,-0.2715,-20.610,-27.744,-60.183,1,90
-0.1323,-2.1406,-0.2783,-21.890,-30.000,-64.695,1,90
-0.1426,-2.1201,-0.2783,-23.171,-32.683,-69.939,1,90
-1.4219,1.7236,-0.6201,382.500,21.524,77.439,4,42
-1.4106,1.5493,-0.6929,418.720,60.976,103.415,4,42
-1.3857,1.3252,-0.8228,451.280,101.341,117.439,4,42
-1.3652,1.0303,-1.0811,474.268,144.634,118.598,4,42
-1.3540,0.6294,-1.3721,487.439,192.988,105.305,4,42
-1.3325,0.2197,-1.4429,496.524,227.134,82.195,4,42
-1.2563,-0.1113,-1.2563,497.500,221.280,60.183,4,42
-1.2095,-0.3916,-1.0127,478.110,163.963,55.244,4,42
-0.1479,-2.0942,-0.2661,-24.512,-34.939,-75.488,1,90
-0.1489,-2.0630,-0.2603,-27.195,-36.646,-81.159,1,90
-0.1499,-2.0444,-0.2681,-29.634,-37.866,-85.183,1,90
-0.1553,-2.0269,-0.2715,-30.732,-39.390,-89.390,1,90
-0.1553,-2.0015,-0.2808,-30.549,-41.463,-93.476,1,90
-0.1641,-1.9663,-0.2847,-29.878,-43.963,-98.537,1,90
-0.1553,-1.9395,-0.2905,-29.024,-46.890,-103.415,1,90
-0.1519,-1.9058,-0.2856,-29.329,-49.207,-108.476,1,90
-1.3130,-0.6699,-0.5811,447.256,66.890,81.037,4,42
-0.7646,-1.5601,-0.7422,444.329,-16.098,116.098,4,42
-0.6982,-2.2451,-0.9546,469.817,-41.159,122.744,4,42
-0.8271,-2.3364,-0.9336,489.390,-39.573,126.890,4,42
-1.0718,-2.1831,-0.8066,489.207,-29.878,138.110,4,42
-1.3032,-2.0142,-0.7241,473.354,-21.646,150.305,4,42
-1.5044,-1.9307,-0.7153,445.488,-12.195,153.841,4,42
-1.6699,-1.7896,-0.6709,411.402,-3.902,149.573,4,42
-0.1470,-1.8608,-0.3037,-29.024,-51.037,-113.598,1,90
-0.1392,-1.8320,-0.3008,-29.329,-52.561,-119.085,1,90
-0.1313,-1.7920,-0.2969,-29.939,-53.902,-124.329,1,90
-0.1216,-1.7534,-0.2817,-30.549,-54.939,-128.841,1,90
-0.1157,-1.7217,-0.2749,-31.037,-56.585,-133.293,1,90
-0.1035,-1.6851,-0.2744,-30.976,-58.171,-137.805,1,90
-0.0957,-1.6558,-0.2637,-30.793,-60.122,-142.012,1,90
-0.0850,-1.6270,-0.2563,-30.366,-61.951,-146.037,1,90
-1.7476,-1.6919,-0.6177,377.561,-3.049,141.646,4,42
-1.7490,-1.6782,-0.7686,340.793,1.220,128.841,4,42
-1.7817,-1.6831,-0.7881,306.037,11.524,113.415,4,42
-1.7563,-1.6689,-0.7173,278.110,25.732,95.610,4,42
-1.6807,-1.6514,-0.6504,251.037,42.500,77.561,4,42
-1.5313,-1.6069,-0.6025,225.854,59.390,61.890,4,42
-1.3745,-1.5322,-0.5757,206.280,75.732,51.463,4,42
-1.2334,-1.4453,-0.5557,195.061,90.488,45.183,4,42
-0.0767,-1.6030,-0.2549,-29.512,-64.024,-150.305,1,90
-0.0732,-1.5728,-0.2461,-28.780,-66.220,-154.329,1,90
-0.0693,-1.5542,-0.2456,-27.927,-67.805,-158.354,1,90
-0.0654,-1.5288,-0.2349,-26.951,-69.573,-162.683,1,90
-0.0703,-1.5054,-0.2422,-26.402,-71.280,-166.829,1,90
-0.0732,-1.4932,-0.2261,-25.610,-72.805,-170.610,1,90
-0.0723,-1.4834,-0.2134,-24.573,-74.573,-174.939,1,90
-0.0801,-1.4727,-0.2070,-24.329,-76.037,-178.537,1,90
0.1914,0.7495,-0.4614,17.744,53.780,-102.805,2,90
0.1982,0.7437,-0.4487,19.756,54.146,-102.012,2,90
0.2085,0.7373,-0.4570,22.378,54.573,-100.122,2,90
0.2036,0.7344,-0.4463,24.817,55.244,-98.598,2,90
0.2119,0.7339,-0.4448,27.561,55.122,-96.951,2,90
0.2207,0.7197,-0.4380,30.061,55.427,-95.122,2,90
0.2305,0.7168,-0.4341,32.439,54.817,-93.780,2,90
0.2339,0.7114,-0.4297,35.305,54.634,-92.195,2,90
-0.8374,-0.4780,-0.2021,49.512,70.488,59.512,3,42
-0.8438,-0.4717,-0.1973,48.232,69.268,60.061,3,42
-0.8525,-0.4634,-0.1777,46.341,67.683,60.671,3,42
-0.8628,-0.4434,-0.1714,44.085,65.793,60.854,3,42
-0.8599,-0.4385,-0.1694,42.256,64.512,60.610,3,42
-0.8643,-0.4150,-0.1626,39.756,62.683,60.427,3,42
-0.8735,-0.3921,-0.1606,36.159,60.183,59.573,3,42
-0.8843,-0.3740,-0.1499,31.951,57.561,58.902,3,42
0.2456,0.7129,-0.4263,38.232,53.902,-90.488,2,90
0.2563,0.6904,-0.4321,41.402,53.232,-89.085,2,90
0.2686,0.6821,-0.4282,44.512,52.256,-87.622,2,90
0.2827,0.6655,-0.4287,47.927,51.280,-86.220,2,90
0.2930,0.6567,-0.4243,51.402,50.305,-85.061,2,90
0.3057,0.6392,-0.4258,54.878,49.390,-83.841,2,90
0.3110,0.6230,-0.4238,58.293,48.171,-82.988,2,90
0.3286,0.6099,-0.4292,61.707,47.134,-82.195,2,90
-0.8843,-0.3730,-0.1494,27.683,54.573,58.476,3,42
-0.8999,-0.3711,-0.1313,23.598,52.012,58.232,3,42
-0.9111,-0.3691,-0.1353,19.634,50.000,57.805,3,42
-0.9199,-0.3838,-0.1216,16.829,47.866,57.622,3,42
-0.9243,-0.3828,-0.1235,13.841,46.159,57.378,3,42
-0.9248,-0.3887,-0.1167,11.768,44.817,57.134,3,42
-0.9253,-0.3877,-0.1113,9.878,43.476,56.829,3,42
-0.9214,-0.3813,-0.1060,8.110,42.683,56.951,3,42
-0.2725,-1.3999,0.0044,-24.024,-102.439,-228.841,1,90
-0.2837,-1.4072,0.0122,-25.061,-104.329,-230.915,1,90
-0.2881,-1.4014,0.0112,-26.341,-105.366,-233.598,1,90
-0.3086,-1.4014,0.0298,-27.378,-106.341,-236.159,1,90
-0.3223,-1.3984,0.0396,-28.841,-107.073,-238.537,1,90
-0.3345,-1.3994,0.0391,-30.366,-107.744,-241.159,1,90
-0.3511,-1.4019,0.0483,-31.524,-107.927,-243.293,1,90
-0.3623,-1.3994,0.0737,-33.110,-108.415,-245.915,1,90
-1.4170,-0.0981,-0.7627,87.256,195.366,41.768,4,42
-1.4878,-0.0884,-0.7334,89.512,199.451,41.707,4,42
-1.5693,-0.0654,-0.7002,91.768,203.049,41.220,4,42
-1.6318,-0.0605,-0.6592,94.146,206.951,39.817,4,42
-1.6968,-0.0552,-0.6030,96.585,210.366,38.110,4,42
-1.7383,-0.0405,-0.5552,99.329,213.232,35.793,4,42
-1.7715,-0.0313,-0.4966,101.524,215.122,33.476,4,42
-1.7881,-0.0195,-0.4385,103.659,216.098,30.732,4,42
0.3945,0.5103,-0.4883,93.963,36.098,-80.915,2,90
0.3989,0.5039,-0.4976,98.354,35.061,-81.098,2,90
0.4121,0.5078,-0.5103,102.805,34.451,-81.220,2,90
0.4194,0.5156,-0.5200,106.341,33.963,-82.073,2,90
0.4180,0.5205,-0.5249,110.000,33.232,-82.561,2,90
0.4199,0.5210,-0.5327,113.232,32.622,-83.598,2,90
0.4302,0.5234,-0.5327,116.524,32.134,-84.573,2,90
0.4341,0.5273,-0.5298,118.841,31.646,-85.305,2,90
-1.7817,-0.0068,-0.3862,106.280,216.768,28.232,4,42
-1.7651,0.0171,-0.3291,108.720,217.073,25.793,4,42
-1.7412,0.0415,-0.2837,110.427,217.256,24.207,4,42
-1.7056,0.0630,-0.2480,111.463,217.744,22.439,4,42
-1.6665,0.0679,-0.1968,112.378,218.293,21.280,4,42
-1.6279,0.0762,-0.1729,112.988,219.146,20.427,4,42
-1.5767,0.0850,-0.1406,113.171,219.695,19.634,4,42
-1.5347,0.0806,-0.1274,113.963,220.183,18.963,4,42
-0.4521,-1.4536,0.0894,-40.061,-114.390,-266.707,1,90
-0.4590,-1.4619,0.0947,-40.671,-114.756,-268.598,1,90
-0.4702,-1.4707,0.0972,-40.732,-115.854,-270.793,1,90
-0.4854,-1.4785,0.0981,-40.610,-117.134,-272.622,1,90
-0.4878,-1.4912,0.0986,-41.585,-118.659,-274.512,1,90
-0.5034,-1.4990,0.0942,-41.585,-120.061,-276.280,1,90
-0.5122,-1.5244,0.0923,-41.951,-121.646,-278.110,1,90
-0.5234,-1.5410,0.0947,-42.073,-123.110,-280.244,1,90
-1.4883,0.0640,-0.1245,114.573,221.220,17.927,4,42
-1.4648,0.0576,-0.1089,114.695,221.829,17.134,4,42
-1.4365,0.0518,-0.1064,115.305,222.195,16.524,4,42
-1.4155,0.0444,-0.0913,116.220,222.988,16.341,4,42
-1.4136,0.0337,-0.0796,116.768,222.927,15.854,4,42
-1.3965,0.0332,-0.0864,117.866,222.317,15.732,4,42
-1.3857,0.0356,-0.0610,119.024,221.768,15.793,4,42
-1.3867,0.0410,-0.0425,120.549,221.280,15.915,4,42
-0.5400,-1.5615,0.0947,-41.829,-124.695,-282.012,1,90
-0.5566,-1.5796,0.0874,-42.073,-126.159,-284.024,1,90
-0.5732,-1.5967,0.0815,-41.585,-127.744,-286.463,1,90
-0.5859,-1.6108,0.0781,-41.280,-129.207,-288.841,1,90
-0.6074,-1.6177,0.0728,-41.585,-130.061,-291.341,1,90
-0.6230,-1.6396,0.0635,-41.707,-131.098,-293.963,1,90
-0.6289,-1.6538,0.0542,-41.585,-131.890,-296.280,1,90
-0.6504,-1.6812,0.0581,-42.256,-132.683,-298.963,1,90
0.6714,0.4341,-0.4473,126.585,37.073,-90.976,2,90
0.6865,0.4399,-0.4404,126.341,37.683,-91.585,2,90
0.7065,0.4458,-0.4438,126.829,38.598,-92.195,2,90
0.7207,0.4546,-0.4414,127.256,39.268,-92.805,2,90
0.7285,0.4692,-0.4453,127.622,39.817,-93.354,2,90
0.7402,0.4844,-0.4453,128.354,40.549,-94.024,2,90
0.7529,0.4961,-0.4429,128.963,40.915,-94.512,2,90
0.7524,0.5015,-0.4487,129.695,41.646,-94.695,2,90
-0.8257,-0.1743,-0.2671,-6.951,53.415,77.622,3,42
-0.8145,-0.1636,-0.2593,-7.805,52.805,76.707,3,42
-0.7876,-0.1475,-0.2778,-10.061,50.793,74.573,3,42
-0.7949,-0.1377,-0.2852,-12.866,49.024,73.232,3,42
-0.8169,-0.1357,-0.3125,-15.915,47.195,70.976,3,42
-0.8525,-0.1294,-0.3076,-20.732,45.244,68.110,3,42
-0.8638,-0.1147,-0.2900,-24.146,43.720,66.402,3,42
-0.8809,-0.0981,-0.2686,-27.744,42.683,65.061,3,42
0.7632,0.5278,-0.4497,131.646,42.744,-95.488,2,90
0.7686,0.5356,-0.4380,132.622,42.805,-95.549,2,90
0.7710,0.5571,-0.4429,133.780,43.720,-95.976,2,90
0.7778,0.5654,-0.4536,135.122,44.390,-96.037,2,90
0.7886,0.5845,-0.4473,136.098,45.061,-96.341,2,90
0.7974,0.5991,-0.4443,137.622,45.549,-96.098,2,90
0.8081,0.6084,-0.4565,138.659,46.159,-95.915,2,90
0.8154,0.6221,-0.4546,139.756,46.768,-95.427,2,90
-0.8872,-0.0908,-0.2368,-31.585,41.037,63.963,3,42
-0.9023,-0.0820,-0.2178,-35.122,39.573,63.354,3,42
-0.9175,-0.1025,-0.2070,-38.659,38.659,62.988,3,42
-0.9551,-0.1157,-0.1997,-42.744,37.134,62.683,3,42
-0.9819,-0.1616,-0.1938,-47.073,36.280,62.683,3,42
-1.0088,-0.2100,-0.1748,-50.793,35.488,62.927,3,42
-1.0283,-0.2510,-0.1572,-54.939,35.183,63.720,3,42
-1.0342,-0.3188,-0.1309,-58.537,35.305,65.000,3,42
-0.9180,-1.9453,-0.0200,-48.537,-140.671,-348.720,1,90
-0.9272,-1.9424,-0.0254,-48.841,-140.976,-352.134,1,90
-0.9390,-1.9409,-0.0435,-49.268,-141.037,-355.732,1,90
-0.9619,-1.9390,-0.0518,-49.451,-140.793,-359.146,1,90
-0.9653,-1.9448,-0.0615,-49.878,-140.488,-362.866,1,90
-0.9746,-1.9404,-0.0664,-49.939,-139.634,-366.098,1,90
-0.9912,-1.9404,-0.0776,-49.939,-138.598,-369.512,1,90
-0.9941,-1.9551,-0.0718,-49.878,-137.927,-373.354,1,90
0.8599,0.6938,-0.4565,150.549,50.000,-81.585,2,90
0.8550,0.6987,-0.4473,150.793,49.268,-79.634,2,90
0.8628,0.6948,-0.4502,151.280,48.720,-77.378,2,90
0.8599,0.6982,-0.4390,151.829,48.110,-75.183,2,90
0.8716,0.7007,-0.4316,151.951,47.012,-73.049,2,90
0.8677,0.7012,-0.4395,151.829,46.402,-70.610,2,90
0.8696,0.6973,-0.4360,151.707,45.671,-68.171,2,90
0.8721,0.7021,-0.4346,151.220,45.000,-65.854,2,90
-0.9009,-0.0898,-0.4893,-47.195,50.610,69.268,3,42
-0.8164,-0.1172,-0.4980,-42.927,52.927,67.378,3,42
-0.7686,-0.1548,-0.4717,-41.524,53.841,65.915,3,42
-0.7705,-0.2031,-0.4209,-43.049,52.500,65.000,3,42
-0.6904,-0.1523,-0.3589,-49.329,49.085,64.024,3,42
-0.7017,-0.1196,-0.3042,-57.561,44.329,62.683,3,42
-0.7861,-0.0938,-0.3506,-66.524,39.146,62.622,3,42
-0.8530,-0.1030,-0.3369,-72.317,35.305,62.012,3,42
-1.1162,-2.1108,-0.1104,-50.305,-132.439,-404.695,1,90
-1.1377,-2.1318,-0.1279,-50.915,-132.256,-408.415,1,90
-1.1577,-2.1694,-0.1284,-51.707,-132.622,-412.256,1,90
-1.1802,-2.1987,-0.1357,-52.073,-132.866,-415.915,1,90
-1.2075,-2.2334,-0.1304,-52.500,-133.720,-419.451,1,90
-1.2314,-2.2778,-0.1279,-52.378,-134.024,-423.476,1,90
-1.2676,-2.3203,-0.1260,-52.012,-134.573,-427.378,1,90
-1.2930,-2.3545,-0.1372,-51.646,-135.488,-431.646,1,90
-1.9795,-3.2368,3.9810,244.024,-2.195,56.890,4,42
-0.4556,-2.2329,6.0898,231.037,-76.463,35.183,4,42
1.1499,-1.5049,6.0469,145.427,-130.427,-26.159,4,42
1.4458,-1.2002,5.9473,135.000,-128.902,-76.768,4,42
1.3096,-1.3408,7.0596,154.390,-127.500,-100.305,4,42
0.7261,-1.5342,8.2310,183.537,-152.927,-93.537,4,42
0.2300,-0.5537,8.1890,232.561,-193.049,-72.988,4,42
-0.1929,0.7158,6.7920,227.683,-215.976,-66.098,4,42
-1.3301,-2.3799,-0.1465,-51.098,-135.610,-436.098,1,90
-1.3521,-2.3896,-0.1689,-50.488,-135.732,-441.098,1,90
-1.3833,-2.3862,-0.1807,-50.305,-135.183,-445.549,1,90
-1.4131,-2.3711,-0.1846,-50.488,-134.207,-450.061,1,90
-1.4204,-2.3433,-0.2129,-50.671,-132.622,-453.963,1,90
-1.4453,-2.2861,-0.2158,-51.402,-128.902,-459.573,1,90
-1.4473,-2.2402,-0.2153,-52.256,-126.707,-462.073,1,90
-1.4443,-2.1841,-0.2070,-53.171,-123.659,-464.207,1,90
-0.9990,1.5454,4.5889,164.207,-190.915,-48.232,4,42
-2.1558,1.6099,2.6699,114.207,-145.793,7.012,4,42
-2.9771,1.0142,1.1934,78.720,-121.220,60.000,4,42
-3.8271,0.0313,-0.2959,31.585,-110.061,70.061,4,42
-4.6270,-0.6797,-1.4780,-4.573,-101.524,43.598,4,42
-5.2622,-0.4043,-2.0283,-23.415,-103.963,11.707,4,42
-5.4824,0.4819,-2.0708,-43.963,-113.110,-2.256,4,42
-5.2300,0.4673,-1.5156,-73.598,-122.622,-1.463,4,42
1.0225,0.7417,-0.4600,149.634,42.195,-23.293,2,90
1.0464,0.7363,-0.4453,150.732,42.195,-20.671,2,90
1.0698,0.7466,-0.4326,151.098,41.951,-18.841,2,90
1.0923,0.7471,-0.4146,151.524,41.341,-16.890,2,90
1.1133,0.7422,-0.3955,152.073,40.488,-15.000,2,90
1.1343,0.7402,-0.3711,151.829,39.268,-12.500,2,90
1.1470,0.7378,-0.3584,152.195,37.744,-9.817,2,90
1.1602,0.7192,-0.3340,152.378,35.976,-7.256,2,90
-4.7705,-0.7036,0.2256,-61.098,-149.634,-1.220,4,42
-4.1934,-3.1890,2.3770,-53.415,-158.598,-3.232,4,42
-3.7930,-6.2988,5.6265,-87.927,-165.000,9.756,4,42
-4.2310,-7.1724,5.7017,-163.049,-181.585,-3.780,4,42
-4.6157,-6.0571,0.4932,-194.207,-196.280,-130.915,4,42
-4.8354,-0.0918,-2.3364,-120.488,-193.780,-155.244,4,42
-5.2202,4.4619,-0.8223,-42.744,-210.732,-54.085,4,42
-4.5522,4.7515,0.2998,-65.244,-212.561,54.512,4,42
-1.2881,-1.6665,-0.2510,-70.061,-101.098,-477.195,1,90
-1.2725,-1.6089,-0.2422,-72.500,-100.671,-477.744,1,90
-1.2607,-1.5479,-0.2290,-75.122,-100.915,-477.012,1,90
-1.2568,-1.4795,-0.2129,-77.561,-102.927,-475.976,1,90
-1.2583,-1.4058,-0.2104,-79.695,-105.305,-473.537,1,90
-1.2661,-1.3335,-0.2041,-81.402,-108.902,-469.695,1,90
-1.2852,-1.2480,-0.2065,-82.317,-112.927,-465.061,1,90
-1.2998,-1.1563,-0.2212,-82.073,-117.012,-459.268,1,90
1.3726,0.3682,-0.2944,128.293,16.037,19.329,2,90
1.4077,0.3052,-0.3032,121.707,15.244,21.341,2,90
1.4595,0.2446,-0.3296,114.695,14.695,23.537,2,90
1.4980,0.1792,-0.3638,107.256,15.000,26.037,2,90
1.5513,0.1255,-0.4067,99.512,15.610,27.866,2,90
1.6025,0.0723,-0.4277,91.220,16.341,29.817,2,90
1.6465,0.0293,-0.4653,81.646,18.232,31.159,2,90
1.6899,-0.0210,-0.4995,71.768,19.024,31.951,2,90
-1.0366,-0.0020,-0.3237,-16.402,4.573,28.354,3,42
-1.0806,-0.0415,-0.3247,-15.427,4.146,27.866,3,42
-1.1299,-0.1113,-0.3193,-13.659,3.232,27.561,3,42
-1.1333,-0.1689,-0.3545,-9.512,3.659,25.793,3,42
-1.1045,-0.1641,-0.3711,-5.915,4.390,24.207,3,42
-1.0864,-0.1333,-0.3936,-2.134,5.183,22.439,3,42
-1.0840,-0.0767,-0.4082,1.829,5.854,21.037,3,42
-1.0747,-0.0249,-0.3921,6.341,6.280,19.390,3,42
1.7188,-0.0581,-0.5269,61.341,20.793,32.622,2,90
1.7397,-0.0957,-0.5342,50.793,22.195,32.866,2,90
1.7446,-0.1211,-0.5542,39.939,23.720,32.256,2,90
1.7471,-0.1484,-0.5698,28.720,25.244,31.463,2,90
1.7358,-0.1548,-0.5742,17.073,26.707,30.488,2,90
1.7275,-0.1626,-0.5864,5.549,28.049,29.268,2,90
1.7065,-0.1538,-0.5757,-6.220,29.756,28.049,2,90
1.6948,-0.1367,-0.5762,-18.354,31.524,27.073,2,90
-1.0337,0.0313,-0.3799,10.915,6.585,16.707,3,42
-0.9951,0.0952,-0.3691,16.037,6.280,14.146,3,42
-0.9072,0.1660,-0.3579,20.976,5.915,10.671,3,42
-0.8125,0.2466,-0.3633,24.817,3.780,7.073,3,42
-0.7065,0.3110,-0.3926,29.634,2.378,3.293,3,42
-0.6226,0.3472,-0.4204,33.902,0.732,-0.549,3,42
-0.5356,0.3672,-0.4277,36.707,-1.585,-4.756,3,42
-0.4570,0.3740,-0.4209,39.634,-4.390,-9.024,3,42
1.6855,-0.1240,-0.5732,-30.305,32.805,26.585,2,90
1.6865,-0.1001,-0.5742,-42.012,34.146,26.951,2,90
1.6841,-0.0835,-0.5781,-52.927,35.061,27.683,2,90
1.7046,-0.0439,-0.5913,-62.561,35.488,29.268,2,90
1.7173,-0.0107,-0.5991,-72.256,35.427,31.098,2,90
1.7441,0.0151,-0.5947,-81.829,35.122,33.354,2,90
1.7705,0.0479,-0.5986,-90.671,34.695,35.549,2,90
1.7817,0.0713,-0.6084,-98.780,33.598,37.988,2,90
-0.4126,0.3936,-0.4111,40.671,-7.622,-12.500,3,42
-0.4102,0.4165,-0.3940,42.927,-9.817,-15.915,3,42
-0.4497,0.4331,-0.4048,45.549,-11.829,-18.659,3,42
-0.5313,0.4185,-0.4038,49.573,-12.988,-21.524,3,42
-0.6069,0.3794,-0.3984,53.598,-14.024,-25.061,3,42
-0.6948,0.2954,-0.4229,57.561,-15.061,-28.049,3,42
-0.7881,0.2104,-0.4160,62.073,-14.878,-31.280,3,42
-0.8979,0.1353,-0.4106,64.329,-15.793,-34.329,3,42
-1.3794,0.2568,-0.8794,10.427,-89.207,-106.402,1,90
-1.3779,0.2939,-0.9087,8.171,-85.915,-90.793,1,90
-1.3730,0.3276,-0.9443,5.793,-82.378,-76.220,1,90
-1.3657,0.3687,-0.9785,3.171,-78.659,-62.012,1,90
-1.3457,0.4097,-1.0151,1.585,-75.793,-47.744,1,90
-1.3184,0.4795,-1.0396,0.061,-72.256,-33.598,1,90
-1.2983,0.5518,-1.0591,-1.585,-68.963,-19.451,1,90
-1.2676,0.6240,-1.0786,-2.988,-65.793,-5.366,1,90
-2.6743,0.0005,1.2085,65.061,128.293,4.207,4,42
-2.6128,-0.3936,1.3403,63.780,127.317,5.427,4,42
-2.5210,-0.7681,1.4126,60.732,128.841,3.293,4,42
-2.4048,-1.0522,1.4233,54.146,132.622,-0.549,4,42
-2.2871,-1.2529,1.3857,44.573,137.195,-2.988,4,42
-2.1851,-1.4409,1.2798,32.500,142.622,-3.902,4,42
-2.1348,-1.6235,1.1509,17.500,147.683,-3.841,4,42
-2.0977,-1.7549,1.0488,1.951,151.463,-4.390,4,42
-1.2388,0.7104,-1.1016,-4.573,-61.951,9.268,1,90
-1.2139,0.7910,-1.1191,-5.000,-58.293,23.659,1,90
-1.1895,0.8740,-1.1167,-5.305,-53.598,38.841,1,90
-1.1758,0.9595,-1.1318,-4.451,-48.780,53.780,1,90
-1.1538,1.0337,-1.1196,-2.256,-43.902,69.451,1,90
-1.1284,1.1094,-1.1157,1.524,-38.720,84.695,1,90
-1.1211,1.1772,-1.1123,7.134,-32.439,100.488,1,90
-1.1089,1.2476,-1.0947,14.451,-26.951,116.220,1,90
1.1548,0.4766,-0.8008,-145.000,-10.244,81.707,2,90
1.1304,0.4756,-0.7979,-144.512,-12.439,84.756,2,90
1.1011,0.4810,-0.7861,-143.780,-14.512,88.049,2,90
1.0781,0.4766,-0.7808,-142.378,-16.768,90.732,2,90
1.0537,0.4590,-0.7686,-140.976,-19.146,92.622,2,90
1.0278,0.4482,-0.7646,-138.963,-21.280,94.817,2,90
1.0127,0.4355,-0.7534,-137.317,-23.110,96.341,2,90
0.9907,0.4263,-0.7407,-135.244,-25.366,97.317,2,90
-1.0894,-0.0854,-0.1758,65.061,-12.439,-63.841,3,42
-1.0654,-0.1455,-0.1699,63.476,-13.415,-64.756,3,42
-1.0449,-0.1982,-0.1855,59.939,-13.780,-65.854,3,42
-1.0293,-0.2212,-0.1929,56.280,-14.329,-67.073,3,42
-1.0205,-0.2280,-0.2212,52.256,-14.878,-68.415,3,42
-1.0156,-0.2202,-0.2573,48.659,-14.695,-70.000,3,42
-1.0117,-0.1997,-0.2891,46.890,-14.756,-71.220,3,42
-1.0054,-0.1943,-0.3232,45.610,-14.390,-73.049,3,42
-0.9136,1.5469,-0.7295,131.951,19.695,253.293,1,90
-0.9014,1.5190,-0.6982,142.988,21.890,265.976,1,90
-0.8950,1.4976,-0.6641,152.500,24.512,278.659,1,90
-0.8916,1.4873,-0.6030,159.146,26.707,291.463,1,90
-0.9067,1.4443,-0.5625,161.585,29.207,304.695,1,90
-0.9141,1.3843,-0.5171,162.744,32.134,318.110,1,90
-0.9321,1.2915,-0.4844,165.610,35.244,331.463,1,90
-0.9429,1.1953,-0.4390,169.451,38.659,344.512,1,90
-2.1104,-1.0063,2.5479,-380.427,126.280,-10.549,4,42
-1.9268,-0.7451,1.8809,-400.915,122.195,-11.829,4,42
-1.6328,-0.4365,1.3379,-410.061,113.476,-11.890,4,42
-1.3052,-0.1108,0.9834,-410.061,105.549,-8.902,4,42
-1.0986,0.1509,0.7866,-403.537,100.793,-4.207,4,42
-0.9810,0.3496,0.7939,-393.415,97.134,-0.854,4,42
-0.9263,0.3979,0.8652,-383.232,94.146,-2.500,4,42
-0.8491,0.4297,1.0815,-367.988,86.341,-3.415,4,42
-0.9634,1.1104,-0.4126,172.927,41.463,357.439,1,90
-0.9854,1.0269,-0.3926,175.122,44.085,369.512,1,90
-1.0200,0.9492,-0.3657,175.488,46.829,381.463,1,90
-1.0537,0.8721,-0.3511,174.268,48.841,392.744,1,90
-1.0879,0.7944,-0.3311,172.378,51.585,403.049,1,90
-1.1196,0.7217,-0.3262,169.695,54.695,413.049,1,90
-1.1563,0.6455,-0.3149,166.585,57.561,422.256,1,90
-1.1909,0.5737,-0.2930,163.293,60.610,430.427,1,90
-0.4175,0.3286,1.2534,-361.951,83.476,-12.378,4,42
-0.2505,0.1372,1.5791,-358.659,76.220,-24.817,4,42
-0.5088,-0.1465,1.8647,-356.159,60.976,-39.695,4,42
-0.9473,-0.2515,1.9360,-353.963,41.524,-54.207,4,42
-1.7891,-0.4224,2.0557,-349.512,14.390,-49.085,4,42
-2.3096,-0.6162,1.9722,-338.963,-12.195,-42.744,4,42
-2.5723,-0.7651,1.7773,-326.890,-22.195,-46.829,4,42
-2.5518,-0.8784,1.6592,-303.659,-21.768,-58.354,4,42
-1.2305,0.5117,-0.2705,159.085,64.268,438.354,1,90
-1.2568,0.4419,-0.2729,154.146,67.744,445.793,1,90
-1.2847,0.3804,-0.2627,148.902,70.976,452.439,1,90
-1.3237,0.3193,-0.2485,143.110,74.268,458.902,1,90
-1.3413,0.2578,-0.2593,136.829,77.927,465.061,1,90
-1.3647,0.2012,-0.2427,130.366,81.585,470.671,1,90
-1.3862,0.1411,-0.2427,123.902,84.878,476.159,1,90
-1.3960,0.0898,-0.2354,117.134,88.598,481.524,1,90
-1.4229,0.0151,-0.2261,107.378,94.268,488.963,1,90
-1.4287,-0.0112,-0.2310,104.390,96.037,491.402,1,90
-1.4370,-0.0498,-0.2236,98.232,99.207,495.915,1,90
-1.4453,-0.1089,-0.2202,88.902,103.963,502.683,1,90
-1.4487,-0.1431,-0.2192,83.720,106.707,507.134,1,90
-1.4546,-0.1802,-0.2168,78.598,109.512,511.402,1,90
-1.4609,-0.2104,-0.2192,74.268,111.768,515.671,1,90
-1.4575,-0.2417,-0.2134,69.817,113.720,519.817,1,90
-0.0967,0.7217,0.8384,-72.012,-117.012,-66.829,4,42
-0.4565,0.8979,0.7842,-72.317,-109.024,-68.354,4,42
-0.9941,0.9106,0.7783,-76.646,-102.012,-64.878,4,42
-0.9829,0.9023,1.2192,-86.220,-99.390,-70.183,4,42
-1.0269,1.0386,1.5264,-121.280,-110.854,-82.683,4,42
-0.9253,1.0898,1.6123,-159.085,-122.500,-95.671,4,42
-0.8979,1.0869,1.6924,-188.841,-138.049,-108.537,4,42
-0.9175,1.0728,1.6353,-205.183,-157.134,-115.793,4,42
-0.8325,-0.4189,-0.4170,-20.000,-80.366,-69.817,3,42
-0.8457,-0.4194,-0.3735,-20.610,-80.427,-69.329,3,42
-0.8608,-0.4043,-0.3359,-21.280,-80.366,-68.963,3,42
-0.8696,-0.4063,-0.2969,-23.659,-80.732,-68.537,3,42
-0.8848,-0.4126,-0.2378,-24.146,-80.732,-67.683,3,42
-0.9102,-0.3882,-0.1494,-23.537,-79.695,-66.463,3,42
-0.9185,-0.3452,-0.1074,-24.817,-80.244,-66.220,3,42
-0.8940,-0.2998,-0.1177,-29.085,-84.207,-65.915,3,42
0.2725,0.3721,-0.4766,-67.439,-20.915,103.171,2,90
0.2710,0.3667,-0.4712,-66.646,-20.122,103.171,2,90
0.2549,0.3594,-0.4585,-66.159,-19.390,102.866,2,90
0.2480,0.3525,-0.4453,-65.854,-18.415,102.683,2,90
0.2588,0.3467,-0.4375,-65.061,-17.805,101.890,2,90
0.2515,0.3364,-0.4282,-64.634,-16.585,101.646,2,90
0.2598,0.3281,-0.4214,-64.207,-15.366,100.976,2,90
0.2632,0.3369,-0.4214,-63.598,-14.634,100.183,2,90
-0.8740,-0.2710,-0.1563,-32.744,-87.683,-66.524,3,42
-0.8687,-0.2534,-0.2197,-35.061,-90.183,-67.134,3,42
-0.8589,-0.2241,-0.2808,-38.232,-93.232,-68.354,3,42
-0.8379,-0.2275,-0.3408,-41.220,-96.037,-69.878,3,42
-0.8330,-0.2642,-0.4136,-42.256,-97.744,-71.463,3,42
-0.8218,-0.2925,-0.4443,-40.915,-98.293,-73.476,3,42
-0.8096,-0.3066,-0.4482,-38.598,-98.963,-74.939,3,42
-0.8096,-0.3193,-0.4209,-36.280,-98.902,-75.915,3,42
0.2617,0.3364,-0.4160,-62.500,-13.780,99.085,2,90
0.2783,0.3315,-0.4141,-61.341,-12.988,98.049,2,90
0.2808,0.3374,-0.4272,-60.122,-12.439,96.707,2,90
0.2886,0.3438,-0.4170,-58.537,-11.951,95.549,2,90
0.2900,0.3550,-0.4248,-57.134,-11.524,94.390,2,90
0.2964,0.3657,-0.4219,-56.037,-10.610,93.659,2,90
0.3057,0.3721,-0.4185,-54.878,-10.427,92.988,2,90
0.3145,0.3774,-0.4150,-53.720,-10.061,92.439,2,90
-0.7988,-0.3315,-0.4023,-33.720,-97.927,-75.854,3,42
-0.7910,-0.3433,-0.4180,-30.427,-97.988,-75.610,3,42
-0.7891,-0.3555,-0.4116,-28.659,-98.354,-75.793,3,42
-0.7988,-0.3657,-0.3892,-27.561,-98.293,-76.098,3,42
-0.8228,-0.3535,-0.3330,-26.280,-97.927,-77.073,3,42
-0.8467,-0.3555,-0.2930,-26.220,-97.744,-77.866,3,42
-0.8745,-0.3506,-0.2588,-26.768,-97.866,-78.537,3,42
-0.8955,-0.3433,-0.2319,-27.012,-97.622,-79.451,3,42
0.3140,0.3765,-0.4111,-52.073,-10.427,92.012,2,90
0.3203,0.3867,-0.4121,-50.549,-11.037,91.341,2,90
0.3276,0.3877,-0.4189,-48.293,-11.646,90.976,2,90
0.3335,0.3862,-0.4160,-46.098,-12.195,90.549,2,90
0.3403,0.3984,-0.4258,-43.780,-12.500,90.427,2,90
0.3428,0.4014,-0.4204,-41.585,-13.415,90.061,2,90
0.3403,0.4155,-0.4272,-38.720,-13.354,90.183,2,90
0.3403,0.4160,-0.4307,-37.195,-13.902,89.939,2,90
-0.9248,-0.3418,-0.1675,-27.378,-96.768,-79.695,3,42
-0.9453,-0.3452,-0.0986,-27.439,-94.756,-80.000,3,42
-0.9546,-0.3418,-0.0532,-27.561,-94.207,-79.939,3,42
-0.9575,-0.3477,-0.0132,-29.207,-95.244,-79.634,3,42
-0.9546,-0.3481,0.0195,-31.951,-96.037,-80.549,3,42
-0.9600,-0.3511,0.0605,-35.366,-96.829,-81.524,3,42
-0.9624,-0.3530,0.0581,-40.854,-98.598,-82.622,3,42
-0.9531,-0.3530,0.0742,-46.890,-100.915,-83.232,3,42
0.3496,0.4233,-0.4312,-35.061,-14.085,89.634,2,90
0.3447,0.4141,-0.4355,-32.500,-14.207,89.756,2,90
0.3335,0.4165,-0.4355,-30.244,-14.756,89.634,2,90
0.3315,0.4155,-0.4287,-27.927,-15.366,89.939,2,90
0.3271,0.4155,-0.4312,-25.488,-15.671,89.756,2,90
0.3276,0.4126,-0.4287,-22.683,-16.524,89.817,2,90
0.3257,0.4014,-0.4434,-20.732,-17.195,89.878,2,90
0.3252,0.3950,-0.4292,-18.293,-17.866,90.122,2,90
-0.9595,-0.3252,0.0859,-53.720,-103.476,-84.573,3,42
-0.9561,-0.3296,0.0728,-61.463,-106.159,-86.037,3,42
-0.9653,-0.3521,0.0649,-68.841,-109.268,-87.134,3,42
-0.9614,-0.3657,0.0469,-74.329,-111.951,-88.415,3,42
-0.9741,-0.3784,0.0557,-77.439,-113.110,-89.390,3,42
-0.9795,-0.4072,0.0439,-80.000,-113.232,-89.878,3,42
-0.9858,-0.4463,-0.0039,-81.280,-112.683,-90.366,3,42
-0.9976,-0.4756,-0.0322,-80.427,-110.854,-91.159,3,42
0.3159,0.3804,-0.4268,-16.463,-18.293,89.939,2,90
0.3066,0.3721,-0.4160,-15.122,-19.207,89.939,2,90
0.3062,0.3613,-0.4126,-13.902,-19.756,89.878,2,90
0.3018,0.3428,-0.4209,-11.890,-21.159,89.817,2,90
0.3008,0.3374,-0.4292,-10.244,-21.402,89.573,2,90
0.3018,0.3237,-0.4199,-8.841,-22.622,89.695,2,90
0.2925,0.3184,-0.4292,-7.500,-23.354,89.695,2,90
0.2886,0.3140,-0.4307,-7.012,-24.146,89.573,2,90
-1.0405,-0.4858,-0.0557,-79.024,-109.573,-93.780,3,42
-1.0444,-0.4917,-0.0723,-79.085,-109.756,-95.000,3,42
-1.0269,-0.4956,-0.1323,-78.963,-110.366,-96.829,3,42
-1.0117,-0.5034,-0.1616,-77.012,-108.110,-96.220,3,42
-0.9707,-0.5059,-0.1196,-71.463,-103.598,-95.427,3,42
-0.8911,-0.4863,-0.1133,-70.183,-102.744,-93.537,3,42
-0.7969,-0.4561,-0.0757,-70.244,-103.049,-90.366,3,42
-0.7368,-0.4341,0.0005,-71.585,-102.927,-86.646,3,42
-2.2339,-1.8809,0.4028,24.512,55.793,487.866,1,90
-2.2314,-1.8081,0.4458,26.585,50.671,478.963,1,90
-2.2202,-1.7437,0.4780,30.305,45.427,470.183,1,90
-2.2178,-1.6719,0.5063,35.000,40.183,461.098,1,90
-2.2046,-1.6001,0.5430,41.280,34.756,451.829,1,90
-2.1865,-1.5356,0.5566,48.902,30.061,441.341,1,90
-2.1641,-1.4746,0.5469,58.415,25.549,430.488,1,90
-2.1367,-1.4360,0.5127,68.963,20.915,419.695,1,90
-1.7529,0.7344,-0.2803,125.793,-326.585,-135.793,4,42
-1.8481,0.8721,-0.3726,114.329,-323.476,-123.598,4,42
-1.9629,0.9678,-0.6123,90.122,-313.293,-111.768,4,42
-2.1436,1.1567,-1.1782,46.463,-290.793,-105.183,4,42
-2.2261,1.1567,-1.6572,9.024,-262.866,-97.561,4,42
-2.3271,0.6973,-1.2998,29.207,-245.061,-128.354,4,42
-1.0054,0.9331,1.3193,27.012,-363.232,7.744,4,42
-3.1074,-6.3262,0.3291,-148.780,-435.305,231.646,4,42
-2.0986,-1.4131,0.4360,87.683,14.878,401.951,1,90
-2.0874,-1.4150,0.3989,94.207,12.927,396.037,1,90
-2.0674,-1.4780,0.3325,115.244,8.232,377.439,1,90
-2.0693,-1.5405,0.2998,127.988,5.244,365.183,1,90
-2.0688,-1.6138,0.2886,139.756,2.500,352.866,1,90
-2.0684,-1.6792,0.2935,150.976,-1.098,340.854,1,90
-2.0483,-1.7432,0.3018,161.341,-4.085,329.085,1,90
-2.0171,-1.7793,0.3223,171.098,-7.256,318.049,1,90
-15.7705,-13.3379,-11.1855,12.988,-197.073,54.756,4,42
-14.6460,-8.2842,-14.8784,250.305,212.561,-533.902,4,42
2.8457,-0.5298,-10.9053,-175.671,224.878,-465.610,4,42
3.3149,-1.5894,-9.6362,-569.390,276.402,-289.207,4,42
5.4824,-0.8721,-7.4932,-696.524,125.244,-190.854,4,42
3.1675,1.9878,-6.2764,-553.963,-71.341,-72.744,4,42
-0.3120,4.4287,-5.9736,-364.329,-242.561,49.146,4,42
-0.5654,5.9102,-6.2256,-278.598,-209.695,95.000,4,42
-1.9678,-1.8008,0.3262,180.976,-10.793,307.500,1,90
-1.8809,-1.8154,0.3223,191.098,-13.171,296.159,1,90
-1.7974,-1.8184,0.3345,201.951,-15.366,285.854,1,90
-1.7153,-1.8267,0.3398,213.232,-17.683,275.488,1,90
-1.6230,-1.8428,0.3579,224.451,-20.183,265.366,1,90
-1.5425,-1.8628,0.3721,235.854,-23.171,256.037,1,90
-1.4780,-1.8975,0.3794,247.134,-26.768,246.890,1,90
-1.4141,-1.9355,0.3599,257.500,-30.671,238.476,1,90
0.4438,0.3989,-0.3638,0.000,-24.512,73.598,2,90
0.4678,0.3882,-0.3716,-0.061,-24.329,71.951,2,90
0.4844,0.3770,-0.3804,0.366,-24.024,69.878,2,90
0.5195,0.3711,-0.3887,1.159,-23.537,67.134,2,90
0.5479,0.3633,-0.3843,1.159,-22.439,64.268,2,90
0.5806,0.3682,-0.3887,0.976,-21.402,60.549,2,90
0.6108,0.3667,-0.3916,0.793,-20.366,56.524,2,90
0.6421,0.3623,-0.3853,-0.122,-18.963,52.439,2,90
0.5322,2.0195,-2.7905,-194.756,8.963,44.817,4,42
0.2231,1.5610,-2.3452,-145.793,-6.707,59.024,4,42
0.0459,1.7085,-1.8320,-104.573,-35.610,69.024,4,42
-0.1157,1.6108,-1.5229,-63.476,-72.195,90.793,4,42
-0.2061,1.2202,-1.3442,-20.854,-100.976,100.244,4,42
-0.2554,0.9546,-1.0107,18.110,-127.683,100.244,4,42
-0.3740,0.7124,-0.7236,31.280,-149.817,96.159,4,42
-0.4888,0.3745,-0.4927,10.305,-169.024,86.768,4,42
-1.5210,-2.4312,-0.0034,287.378,-60.793,190.854,1,90
-1.5713,-2.4736,-0.0420,284.268,-60.915,188.963,1,90
-1.6240,-2.5181,-0.0601,281.280,-61.280,187.378,1,90
-1.6626,-2.5630,-0.0317,278.720,-60.610,185.244,1,90
-1.6885,-2.6128,-0.0068,276.341,-59.268,182.439,1,90
-1.6938,-2.6768,0.0034,272.622,-56.159,178.537,1,90
-1.6787,-2.7500,0.0361,269.024,-52.683,173.232,1,90
-1.6304,-2.8325,0.0586,264.756,-47.561,166.585,1,90
-0.5835,-0.1377,-0.3828,-36.402,-183.598,65.610,4,42
-0.1851,-0.1777,-0.4111,-95.244,-194.634,41.098,4,42
0.4229,-0.2090,-0.6802,-149.085,-196.646,39.207,4,42
1.0317,-0.1831,-0.9927,-165.732,-184.207,54.512,4,42
1.3130,-0.2505,-1.0708,-121.524,-157.561,75.976,4,42
1.2832,-0.1831,-1.0405,-43.415,-120.366,92.378,4,42
1.0254,0.1001,-0.9531,34.085,-81.098,98.293,4,42
0.6392,0.3711,-0.8364,94.390,-50.122,96.646,4,42
-1.5430,-2.9614,0.0859,257.866,-40.122,152.622,1,90
-1.4683,-3.0229,0.0928,252.866,-36.341,142.622,1,90
-1.3857,-3.0811,0.1001,246.951,-33.780,133.171,1,90
-1.3267,-3.1323,0.0967,240.305,-32.988,124.756,1,90
-1.2842,-3.1704,0.0791,232.378,-33.537,117.744,1,90
-1.2573,-3.2134,0.0552,223.720,-35.061,111.220,1,90
-1.2495,-3.2612,0.0146,214.451,-37.134,106.341,1,90
-1.2617,-3.2793,-0.0234,205.976,-39.268,101.707,1,90
0.2954,0.6953,-0.7578,135.244,-33.049,87.073,4,42
0.0679,1.0264,-0.7603,153.354,-27.500,78.780,4,42
-0.1060,1.3135,-0.8032,154.817,-29.573,75.915,4,42
-0.2266,1.5552,-0.8867,146.951,-34.634,77.500,4,42
-0.3442,1.6108,-0.9805,133.902,-37.622,81.524,4,42
-0.4365,1.4404,-1.0674,124.146,-35.793,78.720,4,42
-0.4810,1.1201,-1.1191,121.037,-31.280,65.000,4,42
-0.4785,0.7861,-1.1323,130.366,-25.366,42.256,4,42
-1.2764,-3.2930,-0.0801,196.890,-40.488,97.317,1,90
-1.2891,-3.2900,-0.1245,188.476,-41.159,92.744,1,90
-1.3081,-3.2725,-0.1816,180.732,-40.427,87.866,1,90
-1.3223,-3.2559,-0.2217,173.354,-38.415,82.256,1,90
-1.3174,-3.2261,-0.2539,167.134,-35.122,76.220,1,90
-1.3062,-3.1880,-0.2681,161.646,-31.037,69.329,1,90
-1.2725,-3.1436,-0.2803,156.951,-26.707,61.524,1,90
-1.2168,-3.0957,-0.2915,152.561,-22.683,53.537,1,90
-0.4448,0.5049,-1.1387,148.963,-18.415,19.085,4,42
-0.4111,0.2783,-1.1250,173.780,-10.366,-1.037,4,42
-0.3774,0.0732,-1.1226,199.695,-1.159,-16.524,4,42
-0.3779,-0.0747,-1.1069,224.878,7.683,-27.378,4,42
-0.3774,-0.1826,-1.1147,246.463,16.280,-33.841,4,42
-0.3804,-0.2549,-1.1089,265.000,24.024,-37.012,4,42
-0.3862,-0.2969,-1.1470,278.232,32.012,-36.646,4,42
-0.3984,-0.3188,-1.1655,288.293,40.671,-35.549,4,42
-1.1621,-3.0552,-0.2993,148.598,-18.841,45.061,1,90
-1.0908,-3.0024,-0.3047,144.512,-15.793,36.159,1,90
-1.0039,-2.9531,-0.3081,140.793,-13.232,27.256,1,90
-0.9238,-2.9116,-0.3208,136.768,-10.732,18.659,1,90
-0.8418,-2.8804,-0.3223,132.683,-9.695,9.634,1,90
-0.7534,-2.8555,-0.3281,129.146,-8.659,1.280,1,90
-0.6733,-2.8394,-0.3350,124.634,-9.085,-7.195,1,90
-0.5854,-2.8271,-0.3472,120.000,-10.183,-15.610,1,90
-0.3979,-0.3218,-1.2061,294.939,48.659,-33.049,4,42
-0.3984,-0.2832,-1.2373,299.939,56.220,-30.305,4,42
-0.4048,-0.2178,-1.2593,302.988,63.598,-26.707,4,42
-0.4136,-0.1211,-1.2783,303.049,70.366,-22.195,4,42
-0.4360,0.0054,-1.2808,299.756,77.439,-17.500,4,42
-0.4985,0.1631,-1.2759,292.622,84.695,-13.293,4,42
-0.5811,0.3237,-1.2515,281.646,92.622,-10.976,4,42
-0.6919,0.4971,-1.2422,267.561,100.671,-11.707,4,42
-0.4995,-2.8213,-0.3530,115.000,-12.012,-23.354,1,90
-0.4077,-2.8228,-0.3789,109.024,-14.390,-30.915,1,90
-0.3403,-2.8311,-0.4028,102.683,-16.951,-38.232,1,90
-0.2617,-2.8477,-0.4404,96.098,-19.939,-45.610,1,90
-0.1924,-2.8662,-0.4668,88.232,-23.171,-52.500,1,90
-0.1372,-2.8901,-0.5112,80.488,-26.341,-59.329,1,90
-0.0806,-2.9082,-0.5430,72.744,-30.061,-66.037,1,90
-0.0371,-2.9170,-0.5781,63.963,-33.963,-72.561,1,90
-0.8569,0.7168,-1.2192,250.305,108.720,-16.463,4,42
-1.0347,0.9023,-1.2485,231.951,117.073,-26.159,4,42
-1.2104,1.0513,-1.2935,218.780,128.841,-40.244,4,42
-1.3677,1.0645,-1.2759,218.659,148.963,-51.280,4,42
-1.4990,0.8965,-1.1348,236.341,178.659,-51.524,4,42
-1.6709,0.6479,-0.8154,270.488,205.671,-36.524,4,42
-1.6460,0.3862,-0.4453,306.707,212.866,-7.439,4,42
-1.3535,0.0244,-0.3242,324.268,210.854,10.915,4,42
0.0234,-2.9346,-0.6367,50.549,-40.183,-81.951,1,90
0.0571,-2.9370,-0.6689,41.037,-44.146,-88.171,1,90
0.0850,-2.9312,-0.6890,31.220,-48.110,-94.146,1,90
0.0942,-2.9204,-0.7090,21.524,-51.220,-100.061,1,90
0.1035,-2.9067,-0.7275,12.073,-53.963,-105.793,1,90
0.1079,-2.8804,-0.7471,2.256,-56.037,-111.463,1,90
0.1045,-2.8496,-0.7603,-7.134,-57.927,-117.195,1,90
0.1030,-2.8208,-0.7656,-15.854,-59.268,-122.927,1,90
0.4111,0.4302,-0.5630,2.012,45.793,-107.378,2,90
0.3950,0.4346,-0.5459,3.537,46.220,-108.537,2,90
0.3867,0.4341,-0.5439,5.793,46.341,-108.902,2,90
0.3774,0.4336,-0.5366,7.988,45.854,-109.512,2,90
0.3716,0.4268,-0.5298,10.549,45.671,-109.817,2,90
0.3584,0.4272,-0.5259,13.720,45.244,-109.756,2,90
0.3584,0.4160,-0.5288,16.951,44.146,-109.878,2,90
0.3447,0.4038,-0.5142,20.061,43.049,-109.390,2,90
-0.8540,-0.4160,-0.1646,-7.805,24.573,32.195,3,42
-0.8579,-0.4077,-0.1523,-10.732,22.195,31.159,3,42
-0.8501,-0.4023,-0.1528,-13.841,19.146,30.793,3,42
-0.8540,-0.3921,-0.1641,-17.988,16.098,29.695,3,42
-0.8550,-0.3940,-0.1519,-21.220,13.049,28.354,3,42
-0.8491,-0.3760,-0.1660,-25.122,9.878,27.195,3,42
-0.8677,-0.3657,-0.1499,-28.902,7.012,25.976,3,42
-0.8716,-0.3555,-0.1553,-32.012,4.329,24.634,3,42
0.3564,0.3906,-0.5039,23.354,41.829,-108.720,2,90
0.3467,0.3740,-0.5039,26.463,40.610,-107.744,2,90
0.3408,0.3613,-0.4917,29.573,38.841,-107.256,2,90
0.3481,0.3457,-0.4868,32.927,37.317,-106.220,2,90
0.3457,0.3257,-0.4849,35.915,35.305,-105.305,2,90
0.3491,0.3047,-0.4829,39.146,33.598,-104.207,2,90
0.3496,0.2856,-0.4771,41.707,31.159,-102.805,2,90
0.3462,0.2651,-0.4746,44.512,29.207,-101.890,2,90
-0.8706,-0.3462,-0.1577,-34.817,1.890,23.049,3,42
-0.8789,-0.3252,-0.1460,-36.890,-0.366,21.341,3,42
-0.8818,-0.2998,-0.1299,-38.171,-2.195,20.183,3,42
-0.8877,-0.2676,-0.1245,-39.512,-3.963,18.841,3,42
-0.8911,-0.2388,-0.1123,-39.695,-5.488,17.439,3,42
-0.8979,-0.2017,-0.1099,-39.268,-6.159,16.280,3,42
-0.8970,-0.1885,-0.1064,-38.232,-6.951,15.244,3,42
-0.9009,-0.1689,-0.1128,-36.768,-7.256,14.390,3,42
0.1226,-2.1660,-0.4292,-101.037,-63.720,-215.976,1,90
0.0977,-2.1357,-0.3979,-102.927,-64.634,-221.280,1,90
0.0791,-2.1064,-0.3599,-104.390,-65.244,-225.976,1,90
0.0542,-2.0889,-0.3247,-105.732,-65.854,-231.159,1,90
0.0215,-2.0601,-0.2852,-106.707,-66.585,-236.037,1,90
0.0054,-2.0547,-0.2437,-108.049,-67.073,-240.427,1,90
-0.0254,-2.0391,-0.2065,-108.720,-68.293,-245.000,1,90
-0.0415,-2.0234,-0.1729,-109.390,-69.085,-249.390,1,90
-1.1782,-0.9517,-0.7852,125.732,146.280,35.244,4,42
-1.2368,-0.9453,-0.7881,115.427,155.610,27.683,4,42
-1.3062,-0.9307,-0.7993,106.220,164.329,21.585,4,42
-1.3877,-0.9106,-0.8188,98.780,172.317,16.646,4,42
-1.4585,-0.8706,-0.8252,93.232,180.610,12.683,4,42
-1.5122,-0.8037,-0.8398,88.780,187.805,10.488,4,42
-1.5596,-0.7280,-0.8481,85.305,194.634,9.390,4,42
-1.5786,-0.6343,-0.8496,82.927,200.976,9.146,4,42
-0.0776,-2.0049,-0.1372,-110.549,-69.390,-256.159,1,90
-0.1050,-2.0098,-0.1055,-111.951,-69.512,-260.183,1,90
-0.1426,-2.0132,-0.0771,-113.537,-69.512,-264.817,1,90
-0.1621,-2.0181,-0.0469,-115.427,-69.634,-269.024,1,90
-0.1973,-2.0366,-0.0127,-118.354,-69.390,-273.232,1,90
-0.2383,-2.0586,0.0254,-121.341,-69.329,-277.317,1,90
-0.2764,-2.0664,0.0679,-124.024,-68.902,-281.463,1,90
-0.3066,-2.0820,0.1045,-126.829,-69.390,-285.366,1,90
-1.5850,-0.5469,-0.8315,80.122,205.427,9.390,4,42
-1.5806,-0.4624,-0.8076,77.805,209.085,10.305,4,42
-1.5635,-0.3740,-0.7808,75.671,211.951,10.671,4,42
-1.5483,-0.2949,-0.7466,72.378,213.354,11.159,4,42
-1.5181,-0.2173,-0.7261,68.232,214.573,11.646,4,42
-1.4985,-0.1431,-0.6909,63.841,215.488,12.439,4,42
-1.4795,-0.0742,-0.6680,59.878,216.951,12.988,4,42
-1.4722,-0.0181,-0.6377,55.549,217.805,14.146,4,42
-0.3530,-2.0903,0.1255,-130.244,-70.000,-289.268,1,90
-0.3877,-2.0996,0.1611,-133.049,-71.220,-293.110,1,90
-0.4307,-2.1064,0.1929,-136.159,-72.317,-296.890,1,90
-0.4658,-2.1113,0.2246,-139.207,-73.537,-300.610,1,90
-0.5059,-2.1074,0.2485,-141.951,-74.695,-304.207,1,90
-0.5596,-2.1094,0.2808,-145.000,-76.037,-307.988,1,90
-0.6055,-2.1025,0.2969,-148.049,-77.256,-311.402,1,90
-0.6509,-2.1040,0.3369,-150.671,-77.927,-315.183,1,90
-1.4683,0.0483,-0.6040,52.500,218.537,15.183,4,42
-1.4600,0.0889,-0.5742,50.183,218.963,16.402,4,42
-1.4614,0.1353,-0.5459,47.805,219.634,17.378,4,42
-1.4546,0.1655,-0.5044,46.951,219.634,18.780,4,42
-1.4634,0.1899,-0.4644,45.732,219.817,20.366,4,42
-1.4834,0.2041,-0.4209,45.427,219.756,21.220,4,42
-1.4790,0.2222,-0.3740,45.427,219.268,22.195,4,42
-1.4951,0.2383,-0.3433,46.159,218.902,23.171,4,42
-0.6992,-2.0981,0.3633,-153.537,-78.902,-318.780,1,90
-0.7437,-2.0972,0.3809,-156.159,-79.146,-322.317,1,90
-0.7832,-2.0957,0.3901,-158.293,-79.817,-325.488,1,90
-0.8291,-2.0996,0.4165,-160.366,-80.610,-328.537,1,90
-0.8657,-2.0996,0.4204,-162.683,-81.280,-331.768,1,90
-0.9077,-2.1040,0.4370,-164.512,-81.280,-334.817,1,90
-0.9512,-2.1084,0.4429,-166.280,-81.646,-337.744,1,90
-0.9956,-2.1099,0.4575,-167.866,-81.890,-340.183,1,90
-1.4990,0.2544,-0.3037,47.012,218.049,24.512,4,42
-1.5186,0.2656,-0.2764,48.537,217.744,26.037,4,42
-1.5283,0.2817,-0.2432,50.793,216.524,27.561,4,42
-1.5361,0.2827,-0.2163,52.744,215.122,29.756,4,42
-1.5430,0.2881,-0.1880,55.488,213.110,32.073,4,42
-1.5435,0.2915,-0.1665,57.622,210.915,34.268,4,42
-1.5498,0.2856,-0.1509,60.183,208.659,36.159,4,42
-1.5376,0.2837,-0.1289,63.293,206.768,37.927,4,42
-1.0415,-2.1123,0.4688,-168.902,-81.829,-343.110,1,90
-1.0898,-2.1143,0.4795,-169.451,-81.524,-346.098,1,90
-1.1343,-2.1191,0.4961,-169.878,-81.768,-348.963,1,90
-1.1753,-2.1191,0.5239,-170.183,-81.220,-352.744,1,90
-1.2124,-2.1318,0.5366,-171.402,-80.793,-356.280,1,90
-1.2461,-2.1597,0.5474,-172.256,-80.366,-359.085,1,90
-1.2871,-2.1968,0.5532,-171.037,-80.061,-361.341,1,90
-1.3472,-2.2495,0.5566,-165.793,-80.610,-365.183,1,90
-1.5415,0.2773,-0.1201,65.976,204.695,39.939,4,42
-1.5337,0.2666,-0.1011,68.720,202.439,40.915,4,42
-1.5269,0.2612,-0.0918,71.402,200.610,41.585,4,42
-1.5078,0.2490,-0.0693,73.537,198.659,42.622,4,42
-1.4980,0.2368,-0.0493,75.793,196.951,43.232,4,42
-1.4888,0.2227,-0.0210,78.293,195.549,43.415,4,42
-1.4712,0.1992,-0.0015,80.366,193.963,43.476,4,42
-1.4634,0.1831,0.0166,81.707,193.232,43.598,4,42
-1.3838,-2.2788,0.5835,-161.646,-80.793,-368.659,1,90
-1.4229,-2.3022,0.6025,-158.415,-81.098,-373.049,1,90
-1.4673,-2.3276,0.6333,-155.244,-81.768,-377.744,1,90
-1.4966,-2.3530,0.6499,-152.866,-82.012,-382.744,1,90
-1.5317,-2.3760,0.6763,-150.549,-82.317,-388.110,1,90
-1.5679,-2.3857,0.6890,-148.598,-82.805,-392.744,1,90
-1.6011,-2.4141,0.7168,-146.280,-83.902,-397.622,1,90
-1.6162,-2.4302,0.7397,-143.841,-84.817,-402.012,1,90
-1.4536,0.1494,0.0522,84.085,191.159,43.293,4,42
-1.4443,0.1343,0.0762,85.549,189.817,42.805,4,42
-1.4375,0.1157,0.0869,86.159,188.963,42.317,4,42
-1.4399,0.1025,0.1016,87.256,187.256,41.707,4,42
-1.4258,0.0845,0.1440,89.207,184.268,40.366,4,42
-1.3882,0.0791,0.1504,88.841,183.049,39.085,4,42
-1.3823,0.0645,0.1602,87.805,182.866,39.146,4,42
-1.3613,0.0581,0.1753,87.134,182.805,39.451,4,42
-1.6396,-2.4360,0.7520,-141.341,-85.976,-406.646,1,90
-1.6543,-2.4399,0.7622,-138.659,-86.951,-410.915,1,90
-1.6729,-2.4443,0.7715,-135.549,-88.110,-414.695,1,90
-1.6748,-2.4478,0.7759,-132.195,-89.634,-418.537,1,90
-1.6812,-2.4468,0.7930,-128.598,-90.671,-422.439,1,90
-1.6919,-2.4497,0.7964,-124.756,-92.012,-425.976,1,90
-1.6851,-2.4390,0.8042,-120.366,-94.085,-429.512,1,90
-1.6787,-2.4272,0.8018,-116.280,-95.732,-432.500,1,90
-1.3550,0.0449,0.1992,85.854,181.829,39.756,4,42
-1.3408,0.0283,0.2246,84.512,181.037,40.488,4,42
-1.3291,0.0142,0.2529,83.476,179.756,41.341,4,42
-1.3115,0.0000,0.2803,80.976,178.171,41.707,4,42
-1.3115,-0.0186,0.2979,77.927,176.646,42.256,4,42
-1.2959,-0.0386,0.3179,73.780,174.878,42.317,4,42
-1.2744,-0.0571,0.3452,70.000,173.171,41.951,4,42
-1.2529,-0.0840,0.3945,67.500,171.402,42.378,4,42
-1.6787,-2.4224,0.8027,-111.768,-97.866,-435.000,1,90
-1.6763,-2.4204,0.8159,-107.927,-100.427,-437.805,1,90
-1.6729,-2.4214,0.8237,-103.902,-102.622,-440.061,1,90
-1.6743,-2.4155,0.8203,-99.268,-105.610,-442.927,1,90
-1.6704,-2.4067,0.7944,-94.756,-108.720,-445.488,1,90
-1.6660,-2.3955,0.7637,-90.976,-112.500,-448.293,1,90
-1.6772,-2.3818,0.7529,-87.622,-115.671,-451.159,1,90
-1.6860,-2.3574,0.7334,-85.122,-118.963,-453.841,1,90
-1.2427,-0.0869,0.4448,66.951,169.695,42.317,4,42
-1.2139,-0.0859,0.5020,67.317,168.171,42.744,4,42
-1.1904,-0.0732,0.5522,68.415,167.195,43.049,4,42
-1.1475,-0.0732,0.5850,69.451,165.488,42.500,4,42
-1.1133,-0.0645,0.6084,70.793,163.902,41.768,4,42
-1.0747,-0.0566,0.6133,71.341,161.098,40.061,4,42
-1.0288,-0.0464,0.6094,71.402,157.683,38.354,4,42
-0.9849,-0.0273,0.6084,70.793,153.476,36.768,4,42
-1.6978,-2.3486,0.7305,-82.622,-121.951,-455.915,1,90
-1.7031,-2.3271,0.7002,-81.768,-124.939,-457.256,1,90
-1.7168,-2.3135,0.6826,-80.671,-127.622,-458.415,1,90
-1.7212,-2.3062,0.6973,-79.756,-129.756,-458.963,1,90
-1.7358,-2.2822,0.6738,-79.085,-131.768,-459.146,1,90
-1.7407,-2.2764,0.6582,-79.634,-133.963,-459.207,1,90
-1.7505,-2.2563,0.6313,-79.878,-137.317,-459.817,1,90
-1.7607,-2.2339,0.5894,-80.183,-139.390,-460.366,1,90
-0.9492,-0.0068,0.5898,70.183,149.451,35.122,4,42
-0.9170,0.0049,0.5938,69.085,144.878,33.780,4,42
-0.8999,0.0381,0.5801,67.256,140.976,32.927,4,42
-0.8857,0.0767,0.5684,64.146,138.171,32.744,4,42
-0.8916,0.1025,0.5610,59.329,136.220,32.988,4,42
-0.9019,0.1157,0.5645,52.500,135.305,33.598,4,42
-0.9219,0.1260,0.5713,45.183,134.146,34.207,4,42
-0.9341,0.1313,0.4985,37.317,132.988,34.512,4,42
-1.7607,-2.2080,0.5649,-81.402,-141.098,-461.402,1,90
-1.7710,-2.1675,0.5532,-82.744,-142.439,-462.012,1,90
-1.7866,-2.1309,0.5518,-84.817,-143.354,-461.768,1,90
-1.7974,-2.0977,0.5420,-87.561,-144.207,-461.829,1,90
-1.8057,-2.0752,0.5313,-90.061,-143.659,-461.585,1,90
-1.8076,-2.0469,0.5195,-92.744,-143.598,-461.159,1,90
-1.8037,-2.0215,0.5063,-95.061,-144.024,-460.854,1,90
-1.7959,-1.9932,0.4883,-98.354,-144.756,-460.427,1,90
0.7949,0.5674,-0.4590,48.476,29.573,-75.793,2,90
0.7920,0.5703,-0.4438,50.366,29.878,-73.110,2,90
0.7852,0.5547,-0.4331,52.439,29.390,-69.878,2,90
0.7842,0.5669,-0.4263,54.451,28.659,-66.829,2,90
0.7944,0.5503,-0.4170,57.317,27.561,-63.293,2,90
0.7871,0.5532,-0.4194,60.427,26.098,-60.061,2,90
0.7842,0.5513,-0.4282,64.390,25.244,-56.585,2,90
0.7998,0.5591,-0.4233,67.439,24.695,-53.232,2,90
-0.9678,-0.2676,-0.2383,-36.159,60.122,88.354,3,42
-1.0078,-0.3291,-0.2407,-42.378,58.476,88.232,3,42
-1.0732,-0.4263,-0.2217,-48.293,57.012,88.415,3,42
-1.1089,-0.4888,-0.1875,-52.256,56.220,89.756,3,42
-1.0815,-0.5132,-0.1260,-55.915,56.220,90.976,3,42
-1.1284,-0.5439,-0.0815,-59.817,55.488,93.841,3,42
-1.1289,-0.5874,-0.0869,-63.110,56.159,96.646,3,42
-1.0674,-0.5601,-0.0493,-65.244,57.195,98.415,3,42
0.7959,0.5615,-0.4102,70.793,23.780,-49.634,2,90
0.7983,0.5693,-0.4180,72.988,23.110,-46.585,2,90
0.7939,0.5786,-0.4121,74.939,22.378,-43.110,2,90
0.7964,0.5835,-0.4097,77.012,21.524,-39.878,2,90
0.7993,0.5815,-0.4087,78.720,20.122,-36.098,2,90
0.8071,0.5830,-0.4072,80.488,18.780,-32.561,2,90
0.8174,0.5786,-0.4243,82.317,16.890,-29.024,2,90
0.8159,0.5786,-0.4326,84.146,14.939,-25.061,2,90
-0.9731,-0.4893,-0.0210,-67.378,57.683,100.061,3,42
-0.8569,-0.4380,-0.0669,-67.256,58.902,101.463,3,42
-0.7568,-0.3472,-0.1675,-63.720,61.646,101.402,3,42
-0.6787,-0.2378,-0.3047,-56.585,65.061,100.061,3,42
-0.6597,-0.1313,-0.4668,-45.915,68.659,97.927,3,42
-0.6875,-0.0361,-0.6387,-33.598,73.171,94.573,3,42
-0.6821,0.0518,-0.7749,-20.244,78.293,89.512,3,42
-0.6475,0.1104,-0.8638,-8.537,81.951,84.085,3,42
0.8203,0.5635,-0.4390,87.134,11.951,-19.451,2,90
0.8130,0.5483,-0.4526,88.232,10.061,-15.976,2,90
0.8120,0.5435,-0.4536,88.720,8.963,-14.329,2,90
0.8096,0.5254,-0.4512,89.268,7.073,-10.549,2,90
0.8037,0.5029,-0.4531,89.207,5.122,-7.500,2,90
0.7998,0.4717,-0.4624,89.878,3.293,-4.085,2,90
0.7944,0.4365,-0.4648,89.878,1.524,-0.915,2,90
0.7954,0.4165,-0.4663,89.573,0.305,2.073,2,90
-0.5786,0.1436,-0.8755,-1.098,83.049,78.598,3,42
-0.5151,0.1519,-0.8286,3.902,81.463,74.024,3,42
-0.5244,0.1670,-0.6875,3.537,76.890,71.098,3,42
-0.6006,0.2334,-0.5215,-3.232,67.866,68.841,3,42
-0.7300,0.2842,-0.3696,-14.390,57.073,67.134,3,42
-0.9019,0.3296,-0.2593,-25.793,46.341,66.159,3,42
-1.0313,0.3125,-0.1831,-35.122,37.988,65.061,3,42
-1.1089,0.2236,-0.1582,-42.134,31.463,64.024,3,42
-1.7539,-0.9575,0.0967,-108.171,-168.659,-421.280,1,90
-1.7729,-0.9102,0.0698,-107.805,-170.122,-416.341,1,90
-1.7993,-0.8618,0.0327,-106.646,-171.646,-411.463,1,90
-1.8135,-0.8193,-0.0107,-106.280,-172.988,-405.915,1,90
-1.8379,-0.7783,-0.0493,-106.098,-173.963,-400.366,1,90
-1.8643,-0.7266,-0.0972,-105.854,-174.390,-394.451,1,90
-1.8921,-0.6689,-0.1353,-105.854,-174.634,-388.171,1,90
-1.9175,-0.6201,-0.1538,-105.244,-174.390,-381.341,1,90
0.9624,0.2466,-0.4619,64.512,-9.451,18.598,2,90
0.9927,0.2349,-0.4648,58.659,-10.610,19.451,2,90
1.0044,0.2231,-0.4590,52.134,-11.341,19.939,2,90
1.0288,0.2168,-0.4697,45.854,-12.500,20.610,2,90
1.0552,0.2085,-0.4741,38.720,-13.232,20.671,2,90
1.0869,0.2026,-0.4932,32.195,-13.476,21.098,2,90
1.1245,0.1992,-0.5151,25.305,-14.024,21.585,2,90
1.1582,0.1968,-0.5337,18.232,-13.659,21.768,2,90
-1.0303,0.1606,-0.4077,-31.646,22.256,42.622,3,42
-0.9409,0.1895,-0.4131,-23.171,23.232,38.902,3,42
-0.8530,0.1973,-0.3633,-16.646,23.232,36.585,3,42
-0.7769,0.1753,-0.3071,-12.683,22.073,35.244,3,42
-0.7085,0.1470,-0.2617,-9.695,21.098,34.817,3,42
-0.6382,0.1401,-0.2324,-7.073,20.000,35.549,3,42
-0.5684,0.1475,-0.2588,-3.720,19.085,35.915,3,42
-0.5571,0.1528,-0.3350,0.854,19.268,35.061,3,42
1.1924,0.1968,-0.5552,10.915,-13.476,22.134,2,90
1.2285,0.1997,-0.5913,3.659,-12.988,22.744,2,90
1.2778,0.2070,-0.6348,-3.476,-12.439,23.049,2,90
1.3003,0.2085,-0.6670,-10.122,-11.524,23.476,2,90
1.3281,0.2163,-0.6934,-16.890,-10.122,23.598,2,90
1.3521,0.2158,-0.7178,-23.171,-9.268,23.598,2,90
1.3633,0.2251,-0.7441,-29.146,-7.622,23.902,2,90
1.3638,0.2236,-0.7607,-34.817,-5.488,23.354,2,90
-0.5933,0.1577,-0.4473,7.439,20.854,34.146,3,42
-0.6440,0.1299,-0.5537,16.829,23.659,33.720,3,42
-0.7944,0.0879,-0.5513,27.012,27.683,33.171,3,42
-0.8643,0.0449,-0.5244,31.707,27.622,27.500,3,42
-0.9478,-0.0454,-0.5068,36.646,27.927,24.939,3,42
-1.0464,-0.1377,-0.4639,42.195,29.146,22.500,3,42
-1.0928,-0.2251,-0.4111,43.963,27.805,19.329,3,42
-1.1089,-0.2822,-0.3643,42.561,24.878,15.610,3,42
-2.0454,0.4736,-0.7505,-75.976,-93.415,-205.122,1,90
-2.0288,0.5586,-0.7656,-75.671,-87.988,-190.976,1,90
-2.0259,0.6421,-0.7598,-75.671,-83.171,-176.280,1,90
-2.0239,0.7554,-0.7573,-76.646,-77.012,-152.012,1,90
-2.0342,0.7944,-0.7480,-76.585,-75.305,-143.415,1,90
-2.0557,0.9121,-0.7061,-74.817,-70.061,-116.280,1,90
-2.0786,0.9619,-0.7012,-69.634,-66.463,-97.195,1,90
-2.1221,1.0518,-0.6841,-62.134,-62.988,-77.561,1,90
-1.9229,-0.4756,0.2822,-47.439,178.476,-53.110,4,42
-2.0347,-1.8672,0.1196,-40.122,191.707,-71.159,4,42
-1.8970,-2.0244,0.3350,-25.488,187.195,-86.890,4,42
-1.9941,-1.8525,0.7393,-34.329,176.585,-86.829,4,42
-1.9487,-1.1416,1.0747,-41.951,167.744,-79.024,4,42
-1.8979,-0.3843,1.3779,-48.049,158.963,-68.415,4,42
-1.8730,0.3794,1.7881,-45.793,152.012,-55.854,4,42
-1.9492,0.8608,2.0068,-47.988,148.841,-43.537,4,42
-2.1704,1.1299,-0.6763,-55.488,-59.329,-56.890,1,90
-2.2295,1.2129,-0.6689,-49.878,-55.000,-36.402,1,90
-2.2773,1.2974,-0.6812,-46.159,-51.463,-15.488,1,90
-2.3237,1.3701,-0.7007,-44.390,-47.378,5.061,1,90
-2.3560,1.4141,-0.7139,-42.500,-42.256,24.817,1,90
-2.3647,1.4478,-0.7383,-38.902,-35.610,43.171,1,90
-2.3555,1.4805,-0.7568,-34.817,-27.683,59.939,1,90
-2.3071,1.5073,-0.7554,-29.756,-17.866,75.366,1,90
-2.1602,0.9355,2.0249,-47.195,149.634,-32.744,4,42
-2.4370,0.7432,1.9673,-37.439,154.329,-17.988,4,42
-2.6792,0.3931,1.8887,-24.329,159.451,-0.793,4,42
-2.8398,-0.0166,1.6836,-10.732,161.951,16.463,4,42
-2.9404,-0.3535,1.5176,-0.549,161.585,29.085,4,42
-3.0024,-0.6084,1.3555,0.793,159.024,32.073,4,42
-3.0293,-0.8623,1.2300,-3.598,155.671,28.415,4,42
-2.9688,-1.1387,1.1172,-9.146,156.037,21.220,4,42
-2.2500,1.5298,-0.7686,-25.366,-7.744,89.512,1,90
-2.1646,1.5469,-0.7749,-21.768,1.829,102.256,1,90
-2.0767,1.5815,-0.8027,-18.415,10.427,114.634,1,90
-1.9844,1.6138,-0.8193,-16.098,17.927,127.134,1,90
-1.8872,1.6445,-0.8408,-14.146,23.902,140.427,1,90
-1.8057,1.6733,-0.8550,-12.012,30.000,154.390,1,90
-1.7451,1.7021,-0.8574,-8.902,36.220,169.756,1,90
-1.6860,1.7305,-0.8511,-4.390,42.683,186.646,1,90
1.3359,0.3726,-0.9155,-107.866,-3.110,56.402,2,90
1.3232,0.4023,-0.9229,-109.878,-2.622,57.927,2,90
1.3047,0.4404,-0.9238,-112.378,-2.195,59.146,2,90
1.2856,0.4707,-0.9282,-115.061,-1.707,61.220,2,90
1.2861,0.4980,-0.9229,-117.012,-1.463,63.049,2,90
1.2803,0.5322,-0.9106,-119.085,-0.793,65.305,2,90
1.2700,0.5645,-0.9238,-120.427,-0.915,67.317,2,90
1.2603,0.5884,-0.9155,-121.037,-0.915,69.878,2,90
-0.9272,-0.0117,-0.3569,39.573,-12.378,-54.512,3,42
-0.9434,0.0171,-0.3271,36.951,-14.390,-56.037,3,42
-0.9648,0.0117,-0.3125,34.939,-16.220,-57.866,3,42
-0.9731,0.0220,-0.2715,33.171,-17.256,-58.902,3,42
-0.9829,0.0278,-0.2266,30.915,-18.780,-59.634,3,42
-0.9951,0.0186,-0.2065,29.329,-19.268,-60.427,3,42
-1.0020,-0.0098,-0.2017,28.963,-19.451,-60.976,3,42
-1.0127,-0.0474,-0.2153,28.659,-19.634,-61.524,3,42
-1.0132,-0.0747,-0.2363,28.720,-19.695,-62.317,3,42
-1.0107,-0.0942,-0.2749,29.207,-19.146,-62.988,3,42
-0.9858,-0.1416,-0.3291,30.854,-18.902,-64.512,3,42
-0.9688,-0.1899,-0.3647,32.256,-18.598,-65.793,3,42
-0.9722,-0.2373,-0.3818,32.805,-19.207,-66.341,3,42
-0.9375,-0.2607,-0.3530,33.110,-19.390,-66.463,3,42
-0.8984,-0.2803,-0.3564,32.561,-20.366,-66.098,3,42
-0.8740,-0.3052,-0.3760,31.768,-21.646,-65.488,3,42
-1.7974,1.1777,-0.3115,110.305,109.329,470.915,1,90
-1.8315,1.0815,-0.2856,113.659,112.012,482.500,1,90
-1.8584,0.9917,-0.2642,116.646,114.878,493.841,1,90
-1.8911,0.8984,-0.2344,119.146,117.988,504.817,1,90
-1.9185,0.8125,-0.2192,121.402,122.012,515.183,1,90
-1.9590,0.7319,-0.1875,122.988,125.549,525.305,1,90
-1.9951,0.6523,-0.1724,124.024,129.634,534.878,1,90
-2.0327,0.5845,-0.1592,124.085,133.049,543.659,1,90
-0.8291,-0.3979,-0.0459,-390.671,90.244,-14.268,4,42
-0.5996,-0.1875,0.1851,-360.366,104.451,-24.573,4,42
0.1992,-0.0352,0.7378,-339.390,111.037,-34.939,4,42
0.1309,-0.1177,1.3413,-336.280,114.695,-45.854,4,42
-0.7832,-0.4585,1.7207,-328.293,105.061,-57.866,4,42
-1.5918,-0.7500,2.1401,-315.183,66.585,-61.646,4,42
-2.5742,-0.9712,2.2520,-310.061,26.280,-66.585,4,42
-2.8677,-1.1475,2.0132,-304.634,-1.341,-75.122,4,42
-2.0562,0.5176,-0.1392,123.476,136.707,551.890,1,90
-2.0957,0.4375,-0.1196,123.537,140.366,559.207,1,90
-2.1274,0.3721,-0.0981,122.927,143.902,566.220,1,90
-2.1582,0.3086,-0.0918,122.439,147.744,572.134,1,90
-2.1899,0.2446,-0.0669,121.220,151.159,578.049,1,90
-2.2085,0.1699,-0.0498,120.244,154.939,583.476,1,90
-2.2373,0.0962,-0.0278,119.817,158.537,588.354,1,90
-2.2734,0.0234,-0.0020,119.146,162.195,593.110,1,90
-2.8213,-1.2769,1.8242,-296.402,-0.549,-94.085,4,42
-2.7163,-1.3008,1.9282,-269.207,-3.476,-111.951,4,42
-2.0894,-1.2070,2.0962,-236.159,-11.402,-127.317,4,42
-1.1899,-0.9995,2.2993,-211.037,-22.073,-143.476,4,42
-0.5117,-0.7710,2.4580,-194.146,-32.988,-158.293,4,42
0.0703,-0.5244,2.3872,-170.549,-43.049,-163.659,4,42
0.0522,-0.1982,2.5391,-149.817,-62.195,-164.390,4,42
-0.1279,0.0835,2.1885,-125.244,-72.195,-165.549,4,42
0.6655,0.8018,-0.7231,-97.683,-20.732,103.293,2,90
0.6533,0.7852,-0.6992,-94.451,-22.622,104.756,2,90
0.6313,0.7588,-0.6733,-91.585,-24.451,105.732,2,90
0.6177,0.7427,-0.6572,-87.683,-26.402,106.768,2,90
0.5996,0.7144,-0.6470,-84.390,-28.171,107.622,2,90
0.5859,0.6895,-0.6382,-80.549,-29.939,108.476,2,90
0.5586,0.6768,-0.6104,-77.683,-31.768,108.902,2,90
0.5459,0.6533,-0.5933,-74.634,-33.354,109.451,2,90
-0.2813,0.2910,2.6353,-102.622,-74.390,-167.378,4,42
-1.1675,0.9771,2.5596,-124.573,-114.634,-161.585,4,42
-1.3745,1.1270,2.3521,-134.451,-121.707,-158.232,4,42
-1.6270,1.3325,1.9224,-165.793,-123.780,-156.890,4,42
-1.5454,1.4409,1.6587,-194.878,-118.902,-160.305,4,42
-1.1328,1.4551,1.4736,-214.695,-115.000,-166.402,4,42
-0.7876,1.4429,1.4004,-225.305,-113.171,-173.415,4,42
-0.5659,1.3867,1.4116,-228.720,-118.963,-181.768,4,42
-2.5557,-1.0063,0.0957,96.524,162.561,628.963,1,90
-2.5796,-1.0767,0.0991,94.573,161.646,630.671,1,90
-2.6567,-1.3130,0.1226,88.902,160.061,635.366,1,90
-2.7065,-1.4683,0.1338,83.720,159.268,637.927,1,90
-2.7578,-1.6191,0.1509,76.890,158.841,641.098,1,90
-2.8164,-1.7568,0.1675,67.683,158.171,643.659,1,90
-2.8691,-1.8906,0.2017,57.073,158.415,646.768,1,90
-2.9233,-2.0015,0.2461,45.549,158.476,650.427,1,90
0.4204,0.5444,-0.4961,-55.549,-50.061,112.439,2,90
0.4082,0.5337,-0.4966,-53.659,-51.829,112.317,2,90
0.3994,0.5361,-0.5049,-51.707,-53.659,111.890,2,90
0.3877,0.5313,-0.4951,-49.573,-55.122,111.890,2,90
0.3779,0.5171,-0.5132,-47.256,-56.463,111.220,2,90
0.3677,0.5171,-0.5244,-45.305,-58.049,111.280,2,90
0.3525,0.5112,-0.5229,-42.683,-59.390,110.732,2,90
0.3369,0.5063,-0.5327,-40.061,-60.732,110.427,2,90
-0.9321,-0.2368,-0.2437,18.902,-55.549,-38.171,3,42
-0.9189,-0.2583,-0.2339,18.293,-55.793,-38.415,3,42
-0.9131,-0.2891,-0.2363,17.927,-55.549,-38.232,3,42
-0.9004,-0.3101,-0.2490,17.622,-55.915,-37.744,3,42
-0.8989,-0.3374,-0.2549,16.768,-56.098,-37.805,3,42
-0.8906,-0.3589,-0.2676,16.341,-56.037,-37.195,3,42
-0.8774,-0.3726,-0.2744,16.890,-55.427,-37.256,3,42
-0.8667,-0.3916,-0.2988,17.073,-55.061,-36.890,3,42
0.3252,0.5034,-0.5396,-37.622,-61.341,110.183,2,90
0.3115,0.4829,-0.5396,-35.366,-62.500,109.939,2,90
0.2930,0.4712,-0.5513,-32.561,-63.659,109.451,2,90
0.2881,0.4570,-0.5508,-30.122,-64.390,109.207,2,90
0.2720,0.4463,-0.5557,-27.500,-65.183,108.537,2,90
0.2534,0.4243,-0.5493,-25.366,-66.098,108.171,2,90
0.2461,0.4033,-0.5527,-23.171,-66.951,107.378,2,90
0.2441,0.3882,-0.5640,-21.220,-67.500,107.012,2,90
-0.8643,-0.4082,-0.3032,18.293,-54.512,-36.341,3,42
-0.8608,-0.4126,-0.3047,19.817,-53.476,-35.976,3,42
-0.8584,-0.4082,-0.3008,22.622,-52.073,-35.061,3,42
-0.8584,-0.3931,-0.2856,24.390,-50.427,-34.268,3,42
-0.8726,-0.3804,-0.2500,27.134,-49.146,-33.293,3,42
-0.8813,-0.3525,-0.2183,29.390,-47.622,-32.073,3,42
-0.8916,-0.3262,-0.1895,30.976,-46.098,-30.854,3,42
-0.9102,-0.3164,-0.1582,31.646,-45.244,-30.244,3,42
0.2393,0.3662,-0.5557,-19.451,-67.988,106.463,2,90
0.2427,0.3560,-0.5493,-17.988,-68.354,106.159,2,90
0.2358,0.3335,-0.5479,-16.463,-68.232,105.610,2,90
0.2388,0.3169,-0.5542,-15.549,-68.354,105.061,2,90
0.2305,0.3042,-0.5503,-14.451,-68.110,104.573,2,90
0.2393,0.2798,-0.5425,-13.720,-67.988,104.085,2,90
0.2417,0.2661,-0.5400,-12.927,-67.683,103.476,2,90
0.2344,0.2524,-0.5342,-12.500,-67.439,102.622,2,90
-0.9272,-0.2974,-0.1284,32.683,-43.902,-29.390,3,42
-0.9429,-0.2993,-0.1016,32.622,-43.049,-29.207,3,42
-0.9448,-0.3013,-0.0840,32.561,-42.134,-29.268,3,42
-0.9507,-0.3022,-0.0723,31.890,-41.220,-29.268,3,42
-0.9502,-0.3003,-0.0713,32.134,-40.488,-29.939,3,42
-0.9561,-0.2769,-0.0439,31.402,-40.183,-30.305,3,42
-0.9653,-0.2461,-0.0317,29.146,-40.549,-30.244,3,42
-0.9775,-0.2495,-0.0186,26.280,-40.610,-30.061,3,42
0.2373,0.2427,-0.5342,-11.646,-67.195,101.768,2,90
0.2314,0.2368,-0.5288,-10.915,-66.768,100.854,2,90
0.2295,0.2300,-0.5278,-10.427,-66.707,99.512,2,90
0.2363,0.2197,-0.5332,-9.878,-66.098,98.415,2,90
0.2290,0.2222,-0.5166,-9.024,-65.793,97.134,2,90
0.2271,0.2139,-0.5176,-8.476,-65.488,95.488,2,90
0.2227,0.2080,-0.5098,-8.110,-65.000,94.085,2,90
0.2104,0.2129,-0.5054,-8.110,-64.878,92.622,2,90
-0.9863,-0.2524,-0.0186,24.085,-40.488,-30.549,3,42
-0.9902,-0.2666,-0.0278,22.805,-39.756,-30.976,3,42
-0.9932,-0.2817,-0.0190,21.768,-39.146,-31.951,3,42
-0.9961,-0.2813,-0.0264,20.122,-39.024,-32.744,3,42
-0.9951,-0.2930,-0.0381,18.293,-39.085,-33.415,3,42
-0.9888,-0.3037,-0.0645,15.854,-38.780,-34.085,3,42
-0.9814,-0.3145,-0.0928,13.659,-39.085,-35.000,3,42
-0.9790,-0.3447,-0.1157,11.463,-38.659,-35.976,3,42
0.2100,0.2085,-0.4907,-7.500,-64.634,91.098,2,90
0.2051,0.2090,-0.4927,-6.829,-64.207,89.329,2,90
0.2017,0.1987,-0.4941,-6.037,-63.841,87.744,2,90
0.1953,0.1919,-0.4922,-5.183,-63.537,86.280,2,90
0.1929,0.1899,-0.4829,-4.146,-63.049,84.512,2,90
0.1895,0.1851,-0.4893,-2.866,-62.500,83.049,2,90
0.1836,0.1753,-0.4741,-1.829,-62.134,81.220,2,90
0.1895,0.1592,-0.4644,-0.976,-61.524,79.695,2,90
-0.9722,-0.3667,-0.1294,9.085,-38.659,-36.646,3,42
-0.9688,-0.3926,-0.1587,7.134,-38.841,-38.110,3,42
-0.9663,-0.4180,-0.1582,4.878,-39.207,-38.902,3,42
-0.9263,-0.4404,-0.1553,2.744,-39.573,-39.451,3,42
-0.8984,-0.4541,-0.1611,-0.183,-39.817,-37.866,3,42
-0.8823,-0.4741,-0.1616,-2.500,-39.939,-35.915,3,42
-0.8789,-0.4990,-0.1572,-5.610,-40.549,-33.963,3,42
-0.8799,-0.5156,-0.1636,-7.561,-40.488,-32.744,3,42
0.1934,0.1504,-0.4619,0.122,-61.037,77.988,2,90
0.1978,0.1401,-0.4585,1.768,-60.244,76.280,2,90
0.2026,0.1318,-0.4585,3.537,-59.268,74.207,2,90
0.2202,0.1230,-0.4531,5.915,-58.720,72.134,2,90
0.2266,0.1201,-0.4629,7.561,-57.500,70.122,2,90
0.2319,0.1201,-0.4497,9.268,-56.341,68.049,2,90
0.2500,0.1079,-0.4365,10.366,-55.488,65.427,2,90
0.2617,0.1055,-0.4316,11.646,-54.573,62.988,2,90
-0.8750,-0.5244,-0.1577,-9.329,-40.366,-31.402,3,42
-0.8779,-0.5288,-0.1558,-11.220,-40.244,-29.939,3,42
-0.8677,-0.5244,-0.1597,-12.744,-40.000,-28.537,3,42
-0.8677,-0.5342,-0.1484,-14.878,-40.000,-27.134,3,42
-0.8638,-0.5264,-0.1411,-15.976,-39.878,-25.915,3,42
-0.8613,-0.5112,-0.1318,-17.439,-40.000,-24.573,3,42
-0.8760,-0.5054,-0.1045,-19.695,-40.305,-22.866,3,42
-0.8970,-0.5059,-0.0962,-22.805,-41.098,-21.524,3,42
-1.3604,-3.0537,0.2358,249.451,51.585,292.988,1,90
-1.3164,-3.0908,0.2134,241.707,47.866,286.951,1,90
-1.2993,-3.1323,0.1821,232.927,43.841,281.585,1,90
-1.3140,-3.1636,0.1567,223.476,40.244,276.768,1,90
-1.3398,-3.1807,0.1455,214.146,37.439,271.159,1,90
-1.3701,-3.2002,0.1255,205.000,35.549,264.573,1,90
-1.3828,-3.1919,0.1079,196.524,34.878,257.256,1,90
-1.3896,-3.1797,0.0908,188.902,35.061,248.780,1,90
0.3066,0.0923,-0.4292,22.378,-47.378,41.280,2,90
0.3022,0.0884,-0.4263,23.720,-45.915,38.537,2,90
0.3003,0.1011,-0.4126,24.817,-44.756,35.854,2,90
0.2939,0.0991,-0.4136,25.244,-43.476,33.171,2,90
0.2939,0.0996,-0.4160,26.463,-42.439,30.793,2,90
0.2856,0.0938,-0.4146,27.500,-40.915,28.171,2,90
0.2778,0.0977,-0.4150,27.805,-39.268,25.793,2,90
0.2739,0.0918,-0.4097,28.841,-37.683,23.598,2,90
-0.9746,-0.5586,-0.0332,-48.232,-38.354,-10.793,3,42
-0.9404,-0.5322,-0.0894,-44.085,-35.061,-11.829,3,42
-0.9312,-0.4463,-0.0767,-41.890,-33.171,-10.976,3,42
-0.9526,-0.3643,-0.0156,-43.171,-33.476,-9.634,3,42
-0.9863,-0.3135,0.0522,-48.293,-34.573,-7.195,3,42
-1.0234,-0.3384,0.0693,-55.427,-35.488,-5.427,3,42
-1.0400,-0.3784,0.0688,-55.488,-33.659,-5.183,3,42
-1.0537,-0.3853,0.0479,-53.293,-30.061,-6.037,3,42
0.2808,0.0869,-0.4048,29.512,-36.220,21.220,2,90
0.2783,0.0898,-0.4038,30.610,-34.695,18.963,2,90
0.2764,0.0757,-0.3926,30.915,-33.476,16.341,2,90
0.2881,0.0718,-0.4063,31.524,-31.829,14.390,2,90
0.2876,0.0708,-0.4053,32.256,-30.183,12.012,2,90
0.2891,0.0527,-0.4082,32.744,-28.780,9.756,2,90
0.2993,0.0479,-0.3955,33.598,-26.829,7.195,2,90
0.3003,0.0415,-0.4043,34.268,-25.244,5.122,2,90
-1.0332,-0.3711,0.0107,-51.341,-27.927,-5.976,3,42
-1.0269,-0.3433,-0.0293,-50.305,-26.037,-6.220,3,42
-1.0166,-0.3105,-0.0391,-49.268,-24.207,-6.159,3,42
-1.0083,-0.2866,-0.0508,-47.622,-22.317,-6.524,3,42
-1.0020,-0.2651,-0.0459,-46.890,-21.159,-6.646,3,42
-1.0078,-0.2515,-0.0522,-45.183,-19.390,-6.585,3,42
-1.0220,-0.2515,-0.0718,-43.049,-16.646,-6.707,3,42
-1.0273,-0.2573,-0.0918,-40.305,-13.902,-7.012,3,42
0.3086,0.0381,-0.4038,34.878,-23.354,2.988,2,90
0.3135,0.0283,-0.3994,35.610,-21.463,0.427,2,90
0.3145,0.0283,-0.4009,36.463,-19.512,-2.195,2,90
0.3203,0.0200,-0.4067,36.585,-17.561,-4.451,2,90
0.3223,0.0195,-0.3984,37.073,-15.610,-7.500,2,90
0.3306,0.0122,-0.4009,37.317,-13.598,-10.305,2,90
0.3384,0.0190,-0.3970,37.256,-11.707,-13.476,2,90
0.3403,0.0225,-0.3994,36.707,-10.000,-16.220,2,90
-1.0283,-0.2773,-0.0962,-36.463,-10.183,-7.195,3,42
-1.0220,-0.2871,-0.0947,-32.195,-6.890,-7.317,3,42
-1.0093,-0.2949,-0.1021,-27.866,-3.415,-7.012,3,42
-1.0005,-0.2993,-0.1001,-22.927,-0.366,-6.402,3,42
-0.9897,-0.3042,-0.1230,-18.598,2.561,-6.402,3,42
-0.9849,-0.3169,-0.1362,-14.146,5.183,-6.220,3,42
-0.9873,-0.3086,-0.1372,-8.841,8.415,-5.793,3,42
-0.9897,-0.3037,-0.1260,-5.610,11.341,-5.671,3,42
0.3433,0.0220,-0.3857,35.244,-7.073,-20.671,2,90
0.3438,0.0234,-0.3853,34.756,-6.280,-22.134,2,90
0.3506,0.0229,-0.3770,33.171,-4.085,-24.878,2,90
0.3574,0.0215,-0.3794,31.829,-2.134,-27.744,2,90
0.3623,0.0259,-0.3662,30.000,-0.671,-30.183,2,90
0.3662,0.0254,-0.3511,27.927,1.463,-32.622,2,90
0.3716,0.0273,-0.3521,25.427,3.171,-35.244,2,90
0.3721,0.0254,-0.3491,22.988,4.817,-37.256,2,90
-0.9971,-0.2998,-0.1274,-2.683,13.415,-5.854,3,42
-1.0005,-0.2891,-0.1196,0.244,15.854,-5.305,3,42
-1.0073,-0.3003,-0.1089,4.756,19.146,-4.390,3,42
-0.9995,-0.3311,-0.0762,11.159,23.354,-3.354,3,42
-0.9785,-0.3286,-0.0464,17.744,27.439,-2.317,3,42
-0.9614,-0.3325,-0.0293,21.890,29.939,-1.098,3,42
-0.9468,-0.3428,-0.0469,23.415,30.488,-0.305,3,42
-0.9331,-0.3545,-0.0503,22.805,30.610,-0.244,3,42
0.3921,-2.8945,-0.4106,76.707,-21.098,20.610,1,90
0.3604,-2.8921,-0.4297,69.085,-23.415,15.122,1,90
0.3301,-2.8926,-0.4429,61.646,-24.573,9.268,1,90
0.3096,-2.8789,-0.4595,54.634,-25.793,3.659,1,90
0.2856,-2.8608,-0.4629,48.171,-26.707,-2.805,1,90
0.2700,-2.8462,-0.4688,41.707,-27.073,-8.902,1,90
0.2500,-2.8193,-0.4707,35.183,-27.622,-15.244,1,90
0.2373,-2.7837,-0.4663,29.695,-27.805,-21.707,1,90
-0.8774,-0.2417,-0.9248,302.378,172.805,23.232,4,42
-0.8154,-0.1357,-0.8652,302.012,170.061,29.207,4,42
-0.7520,-0.0151,-0.8237,288.963,162.500,29.695,4,42
-0.7222,0.0864,-0.7896,269.634,152.805,26.280,4,42
-0.7295,0.1445,-0.7480,249.146,141.037,22.195,4,42
-0.7778,0.1914,-0.6880,233.598,126.890,19.817,4,42
-0.8486,0.2227,-0.6123,225.305,111.829,20.061,4,42
-0.9565,0.2446,-0.5259,226.220,98.171,23.598,4,42
0.2295,-2.7534,-0.4648,23.415,-28.171,-28.354,1,90
0.2246,-2.7114,-0.4575,18.110,-28.354,-34.634,1,90
0.2261,-2.6802,-0.4502,12.744,-28.293,-41.341,1,90
0.2275,-2.6318,-0.4390,7.988,-28.902,-47.805,1,90
0.2266,-2.5942,-0.4175,3.780,-28.780,-53.963,1,90
0.2275,-2.5537,-0.4092,-0.183,-29.634,-60.244,1,90
0.2295,-2.5161,-0.3794,-4.146,-30.305,-66.707,1,90
0.2275,-2.4707,-0.3760,-7.622,-30.671,-72.866,1,90
0.4214,0.1528,-0.3667,-22.134,28.659,-70.915,2,90
0.4253,0.1616,-0.3843,-23.659,29.390,-72.744,2,90
0.4277,0.1753,-0.3975,-24.756,30.488,-74.329,2,90
0.4224,0.1816,-0.4155,-25.305,31.159,-75.671,2,90
0.4253,0.1963,-0.4312,-26.098,32.134,-77.073,2,90
0.4204,0.2104,-0.4370,-26.402,32.500,-78.476,2,90
0.4077,0.2109,-0.4521,-26.768,33.171,-79.756,2,90
0.4048,0.2207,-0.4590,-26.951,33.902,-81.098,2,90
-0.9180,-0.3413,-0.1675,-1.707,15.305,0.854,3,42
-0.9146,-0.3408,-0.1504,-3.415,14.512,1.098,3,42
-0.9258,-0.3472,-0.1255,-4.573,14.268,1.037,3,42
-0.9233,-0.3574,-0.1025,-5.061,14.146,0.976,3,42
-0.9263,-0.3687,-0.0908,-4.756,14.329,1.463,3,42
-0.9102,-0.3560,-0.0991,-5.305,13.963,1.341,3,42
-0.9126,-0.3555,-0.1104,-6.829,12.805,1.402,3,42
-0.8984,-0.3501,-0.1069,-9.390,11.159,0.915,3,42
0.4014,0.2280,-0.4746,-26.829,34.085,-82.073,2,90
0.4028,0.2422,-0.4883,-26.768,35.000,-83.293,2,90
0.3896,0.2539,-0.4854,-26.220,35.671,-84.085,2,90
0.3887,0.2642,-0.4883,-26.524,36.341,-85.061,2,90
0.3779,0.2822,-0.4897,-26.707,36.951,-85.732,2,90
0.3853,0.2856,-0.5015,-26.707,38.110,-86.098,2,90
0.3765,0.3022,-0.5103,-26.402,38.780,-86.768,2,90
0.3799,0.3101,-0.5029,-26.646,39.451,-86.951,2,90
-0.9063,-0.3340,-0.0986,-13.780,8.902,0.427,3,42
-0.9165,-0.3252,-0.0923,-15.305,8.171,0.061,3,42
-0.9297,-0.3311,-0.0908,-19.085,6.829,-0.610,3,42
-0.9478,-0.3271,-0.0825,-22.317,5.427,-1.159,3,42
-0.9492,-0.3301,-0.0771,-24.878,4.329,-1.707,3,42
-0.9609,-0.3203,-0.0845,-26.951,3.659,-1.829,3,42
-0.9653,-0.3223,-0.0835,-28.963,2.988,-1.951,3,42
-0.9688,-0.3130,-0.0962,-30.610,2.866,-2.500,3,42
0.3828,0.3281,-0.5063,-26.585,40.427,-87.134,2,90
0.3809,0.3389,-0.5088,-26.646,41.037,-86.890,2,90
0.3853,0.3452,-0.5127,-26.890,41.402,-86.768,2,90
0.3862,0.3584,-0.5049,-26.402,41.707,-86.524,2,90
0.3848,0.3667,-0.5103,-26.037,42.317,-86.341,2,90
0.3853,0.3726,-0.5151,-25.488,42.561,-85.976,2,90
0.3892,0.3843,-0.5122,-25.122,43.232,-85.305,2,90
0.3940,0.3979,-0.5093,-24.329,43.659,-85.244,2,90
-1.1572,-0.5713,-0.8506,208.598,191.037,39.512,4,42
-1.1758,-0.5557,-0.8105,195.732,193.720,38.049,4,42
-1.2036,-0.5347,-0.7759,182.500,195.488,36.341,4,42
-1.2349,-0.5098,-0.7437,169.573,196.829,34.939,4,42
-1.2720,-0.4854,-0.7236,157.561,198.293,34.329,4,42
-1.3115,-0.4482,-0.7158,146.402,199.756,34.268,4,42
-1.3647,-0.4180,-0.7202,136.829,200.915,34.024,4,42
-1.3882,-0.3735,-0.7114,128.415,202.683,34.451,4,42
-0.2612,-1.9360,0.0889,-88.171,-76.159,-183.902,1,90
-0.2939,-1.9224,0.0913,-90.671,-77.439,-186.646,1,90
-0.3296,-1.9058,0.0981,-93.720,-79.024,-188.841,1,90
-0.3647,-1.8901,0.1035,-95.976,-80.000,-191.707,1,90
-0.3906,-1.8848,0.1147,-98.354,-81.768,-193.720,1,90
-0.4316,-1.8701,0.1235,-100.854,-82.744,-196.098,1,90
-0.4590,-1.8594,0.1328,-102.744,-83.963,-198.354,1,90
-0.4932,-1.8564,0.1479,-104.146,-85.183,-200.793,1,90
-1.4268,-0.3345,-0.7021,120.671,203.415,35.061,4,42
-1.4531,-0.2861,-0.6836,113.354,204.390,35.305,4,42
-1.4712,-0.2495,-0.6558,106.098,204.512,35.793,4,42
-1.4780,-0.2129,-0.6377,100.122,204.207,36.037,4,42
-1.4893,-0.1831,-0.6099,94.451,203.171,36.524,4,42
-1.4956,-0.1509,-0.5845,89.756,201.707,36.951,4,42
-1.5049,-0.1255,-0.5444,85.671,200.061,37.561,4,42
-1.5107,-0.1006,-0.5137,81.585,198.293,38.171,4,42
-0.5244,-1.8467,0.1553,-105.549,-86.829,-203.720,1,90
-0.5547,-1.8345,0.1743,-107.378,-87.805,-206.707,1,90
-0.5894,-1.8267,0.1846,-110.061,-88.841,-209.695,1,90
-0.6187,-1.8257,0.1914,-113.171,-89.024,-212.256,1,90
-0.6465,-1.8252,0.1880,-115.488,-88.841,-214.634,1,90
-0.6870,-1.8193,0.1885,-116.585,-89.634,-217.317,1,90
-0.7241,-1.8149,0.1934,-117.073,-90.915,-219.695,1,90
-0.7510,-1.8130,0.1992,-118.354,-92.744,-222.378,1,90
-1.5293,-0.0664,-0.4614,76.890,195.549,39.085,4,42
-1.5303,-0.0493,-0.4307,73.963,194.207,39.817,4,42
-1.5254,-0.0396,-0.4224,72.866,193.293,40.122,4,42
-1.5308,-0.0132,-0.3999,70.854,192.195,41.220,4,42
-1.5342,0.0000,-0.3628,67.988,191.220,42.378,4,42
-1.5303,0.0132,-0.3472,67.378,191.037,43.110,4,42
-1.5239,0.0337,-0.3306,65.305,191.585,44.695,4,42
-1.5288,0.0425,-0.3125,64.634,192.439,45.915,4,42
-0.7837,-1.8047,0.2041,-118.659,-94.085,-225.305,1,90
-0.8184,-1.8145,0.2070,-119.207,-95.671,-228.049,1,90
-0.8569,-1.8145,0.2173,-119.512,-97.073,-231.098,1,90
-0.8896,-1.8252,0.2236,-120.305,-98.537,-234.268,1,90
-0.9233,-1.8291,0.2256,-120.183,-99.146,-237.683,1,90
-0.9585,-1.8340,0.2236,-120.427,-100.000,-240.915,1,90
-1.0010,-1.8374,0.2222,-120.610,-100.427,-244.939,1,90
-1.0366,-1.8418,0.2319,-120.976,-100.732,-248.354,1,90
-1.5332,0.0630,-0.2871,63.232,193.354,47.134,4,42
-1.5303,0.0728,-0.2744,62.317,194.390,47.744,4,42
-1.5386,0.0835,-0.2729,60.793,195.854,48.476,4,42
-1.5493,0.0928,-0.2681,59.390,197.439,48.902,4,42
-1.5752,0.1050,-0.2764,57.500,199.207,49.512,4,42
-1.6011,0.1021,-0.2935,55.732,201.585,50.122,4,42
-1.6138,0.1079,-0.3135,54.085,203.963,50.610,4,42
-1.6333,0.1089,-0.3433,52.500,206.159,51.159,4,42
-1.0884,-1.8438,0.2432,-121.463,-100.976,-253.841,1,90
-1.1187,-1.8535,0.2446,-121.524,-101.707,-257.622,1,90
-1.1431,-1.8545,0.2603,-121.829,-102.317,-261.341,1,90
-1.1772,-1.8628,0.2559,-121.768,-103.293,-264.756,1,90
-1.1973,-1.8745,0.2627,-121.646,-103.659,-268.780,1,90
-1.2222,-1.8853,0.2705,-121.159,-103.841,-272.561,1,90
-1.2554,-1.8999,0.2598,-120.976,-104.146,-276.707,1,90
-1.2715,-1.9116,0.2681,-120.244,-104.268,-281.037,1,90
-1.6509,0.1089,-0.3564,51.829,207.927,51.829,4,42
-1.6597,0.1060,-0.3643,51.159,209.329,52.683,4,42
-1.6709,0.1123,-0.3701,51.220,210.244,53.720,4,42
-1.6846,0.1157,-0.3501,51.220,210.976,54.329,4,42
-1.7104,0.1147,-0.3164,51.220,210.366,54.268,4,42
-1.7480,0.1069,-0.2900,49.756,208.476,53.659,4,42
-1.7798,0.1074,-0.2461,48.963,204.451,52.622,4,42
-1.7485,0.1035,-0.2603,44.451,203.110,50.549,4,42
-1.2871,-1.9233,0.2627,-119.451,-104.573,-285.488,1,90
-1.3091,-1.9424,0.2583,-118.902,-105.000,-289.878,1,90
-1.3174,-1.9531,0.2637,-117.988,-105.366,-293.780,1,90
-1.3389,-1.9707,0.2690,-117.012,-106.098,-298.232,1,90
-1.3555,-1.9863,0.2651,-116.098,-106.829,-302.256,1,90
-1.3691,-2.0034,0.2822,-114.939,-107.805,-306.646,1,90
-1.3892,-2.0259,0.2964,-113.841,-108.537,-310.671,1,90
-1.4048,-2.0503,0.3022,-113.171,-109.573,-315.122,1,90
-1.6831,0.0903,-0.2485,38.232,206.341,46.951,4,42
-1.6973,0.0581,-0.1733,34.085,211.098,44.024,4,42
-1.7246,0.0420,-0.0654,32.317,212.134,43.110,4,42
-1.6934,0.0190,0.0259,31.098,211.220,42.866,4,42
-1.6738,0.0034,0.0845,29.939,212.256,42.683,4,42
-1.6753,-0.0117,0.1465,30.793,214.146,43.232,4,42
-1.6553,-0.0063,0.2095,32.317,213.537,44.146,4,42
-1.6484,-0.0103,0.2510,33.598,211.037,45.305,4,42
-1.4233,-2.0718,0.3203,-111.220,-110.549,-319.207,1,90
-1.4360,-2.0879,0.3208,-109.756,-112.317,-323.720,1,90
-1.4556,-2.1104,0.3198,-107.378,-114.085,-328.049,1,90
-1.4780,-2.1333,0.3320,-104.695,-115.183,-332.744,1,90
-1.4956,-2.1504,0.3477,-102.317,-117.439,-337.683,1,90
-1.5225,-2.1675,0.3481,-99.146,-119.817,-342.683,1,90
-1.5479,-2.1851,0.3701,-95.854,-121.585,-347.683,1,90
-1.5645,-2.2021,0.3857,-92.134,-124.207,-352.317,1,90
-1.6353,0.0083,0.2803,33.963,206.402,46.585,4,42
-1.5547,0.0244,0.2964,34.573,201.159,47.256,4,42
-1.4458,0.0576,0.2832,33.049,197.866,46.890,4,42
-1.4082,0.0913,0.2681,32.195,198.902,46.402,4,42
-1.4067,0.1436,0.2856,33.049,200.244,47.500,4,42
-1.4209,0.1831,0.3159,34.756,199.390,50.122,4,42
-1.4229,0.2236,0.3291,36.707,197.317,52.195,4,42
-1.4312,0.2573,0.3452,37.805,194.939,53.780,4,42
-1.5850,-2.2188,0.3901,-87.927,-126.707,-357.622,1,90
-1.6016,-2.2314,0.4141,-83.049,-129.268,-362.195,1,90
-1.6260,-2.2480,0.4292,-78.476,-131.585,-367.439,1,90
-1.6411,-2.2671,0.4438,-72.073,-134.390,-372.439,1,90
-1.6509,-2.2808,0.4517,-66.159,-137.378,-377.683,1,90
-1.6660,-2.2998,0.4546,-58.659,-140.122,-382.927,1,90
-1.6763,-2.3306,0.4556,-51.220,-143.049,-388.354,1,90
-1.6992,-2.3608,0.4712,-39.512,-147.622,-396.707,1,90
-1.4458,0.2886,0.3564,39.329,192.500,54.695,4,42
-1.4565,0.3110,0.3579,41.159,189.939,55.549,4,42
-1.4795,0.3433,0.3643,43.171,187.561,56.220,4,42
-1.4956,0.3740,0.3643,45.549,185.122,57.439,4,42
-1.5234,0.3979,0.3779,47.927,182.134,58.841,4,42
-1.5474,0.4243,0.3877,49.878,179.390,60.366,4,42
-1.5649,0.4341,0.3994,51.951,175.915,62.195,4,42
-1.5947,0.4473,0.4126,53.537,172.805,63.720,4,42
-1.7144,-2.3843,0.4810,-32.317,-150.671,-402.256,1,90
-1.7305,-2.3999,0.4985,-25.488,-154.085,-407.744,1,90
-1.7402,-2.4243,0.5034,-19.390,-157.866,-413.293,1,90
-1.7544,-2.4258,0.5107,-13.598,-161.829,-418.293,1,90
-1.7656,-2.4380,0.5264,-8.171,-166.037,-423.293,1,90
-1.7798,-2.4355,0.5396,-3.841,-170.183,-427.744,1,90
-1.7905,-2.4395,0.5557,-0.183,-174.634,-432.561,1,90
-1.8110,-2.4414,0.5830,2.256,-178.902,-436.524,1,90
-1.6118,0.4556,0.4209,55.976,169.390,65.610,4,42
-1.6245,0.4521,0.4414,59.207,165.793,67.378,4,42
-1.6348,0.4595,0.4536,62.927,161.951,69.329,4,42
-1.6294,0.4629,0.4858,66.829,158.780,71.707,4,42
-1.6270,0.4590,0.5132,71.159,155.488,73.598,4,42
-1.6216,0.4600,0.5420,75.976,152.866,75.549,4,42
-1.6235,0.4712,0.5747,79.878,150.549,77.317,4,42
-1.6226,0.4795,0.6016,83.110,149.329,78.720,4,42
-1.8315,-2.4395,0.5918,4.451,-182.866,-440.488,1,90
-1.8408,-2.4365,0.6021,6.037,-187.317,-444.329,1,90
-1.8574,-2.4346,0.6201,6.890,-191.829,-448.232,1,90
-1.8589,-2.4302,0.6235,7.073,-196.159,-452.012,1,90
-1.8740,-2.4146,0.6206,6.585,-201.098,-455.915,1,90
-1.8789,-2.3916,0.6138,5.488,-205.488,-459.207,1,90
-1.8882,-2.3633,0.6162,4.695,-210.061,-462.744,1,90
-1.8809,-2.3438,0.6152,2.988,-214.695,-465.732,1,90
0.7612,0.4624,-0.4771,54.512,37.744,-95.915,2,90
0.7769,0.4590,-0.4746,58.110,38.659,-95.671,2,90
0.7920,0.4575,-0.4834,61.646,38.841,-95.000,2,90
0.8169,0.4541,-0.4917,65.427,39.817,-94.573,2,90
0.8389,0.4600,-0.4961,69.512,41.524,-94.024,2,90
0.8584,0.4609,-0.5029,72.988,42.256,-93.293,2,90
0.8789,0.4624,-0.5005,76.280,42.988,-92.317,2,90
0.9038,0.4644,-0.5112,79.756,44.146,-91.402,2,90
-0.9346,-0.7236,-0.0825,14.207,59.756,56.524,3,42
-0.9160,-0.7690,-0.0762,14.024,62.683,61.098,3,42
-0.9155,-0.7993,-0.0630,13.720,65.671,65.000,3,42
-0.9087,-0.8223,-0.0615,13.841,68.476,69.329,3,42
-0.9175,-0.8140,-0.0703,13.537,71.098,73.354,3,42
-0.9116,-0.7598,-0.0923,13.720,73.415,77.988,3,42
-0.8916,-0.6831,-0.1797,14.207,75.488,81.646,3,42
-0.8833,-0.6055,-0.2969,16.646,78.659,84.390,3,42
-1.9478,-2.1021,0.5635,-26.707,-249.207,-479.817,1,90
-1.9526,-2.0698,0.5522,-30.549,-252.683,-479.939,1,90
-1.9663,-2.0400,0.5352,-34.573,-256.463,-479.756,1,90
-1.9883,-2.0078,0.5254,-38.720,-259.390,-479.634,1,90
-2.0073,-1.9878,0.5146,-42.317,-262.439,-479.024,1,90
-2.0313,-1.9536,0.5044,-46.341,-265.183,-478.659,1,90
-2.0576,-1.9160,0.4814,-52.012,-268.476,-477.134,1,90
-2.0752,-1.8838,0.4629,-55.244,-270.305,-476.280,1,90
-1.4023,1.5381,2.1504,289.756,-3.659,144.268,4,42
-2.0396,1.0537,4.5791,329.817,-12.195,114.329,4,42
-1.2798,1.1226,5.7422,386.037,-38.598,58.232,4,42
-0.7280,1.6821,5.9746,427.622,-50.366,21.829,4,42
-1.0337,1.2520,5.4932,376.890,-59.451,28.232,4,42
-1.5552,-1.1001,4.2593,287.317,-56.585,49.634,4,42
-1.6606,-3.5342,3.5479,329.024,-32.561,50.000,4,42
-1.4561,-4.1367,4.2344,452.561,-0.366,21.341,4,42
-2.0952,-1.8511,0.4492,-58.171,-271.829,-475.610,1,90
-2.1060,-1.8037,0.4180,-61.220,-272.805,-474.573,1,90
-2.1216,-1.7651,0.3833,-64.146,-273.659,-474.146,1,90
-2.1313,-1.7163,0.3428,-66.402,-273.537,-473.293,1,90
-2.1338,-1.6646,0.2993,-68.963,-273.293,-472.317,1,90
-2.1392,-1.6060,0.2798,-70.793,-272.622,-471.341,1,90
-2.1416,-1.5532,0.2373,-72.378,-271.890,-469.573,1,90
-2.1392,-1.4946,0.2100,-73.659,-271.037,-467.988,1,90
-1.0356,-3.8687,5.2383,451.585,7.134,-18.841,4,42
-0.5400,-4.0029,5.6763,381.524,-14.878,-53.720,4,42
-0.1587,-4.0894,6.0801,371.585,-34.695,-67.256,4,42
-0.0967,-4.2358,6.7817,359.878,-44.878,-70.183,4,42
-0.1079,-4.4214,7.4463,316.159,-62.744,-72.378,4,42
-0.1587,-4.1938,8.0732,275.366,-95.793,-76.220,4,42
-0.3003,-3.4399,8.9282,222.744,-140.305,-79.939,4,42
-0.4927,-2.6172,9.6230,151.037,-189.268,-76.159,4,42
-2.1367,-1.4326,0.1948,-74.756,-269.573,-465.549,1,90
-2.1372,-1.3770,0.1787,-75.732,-268.354,-463.232,1,90
-2.1289,-1.3286,0.1621,-76.585,-266.646,-460.488,1,90
-2.1284,-1.2900,0.1382,-77.256,-265.488,-457.561,1,90
-2.1226,-1.2510,0.1162,-78.171,-263.659,-454.756,1,90
-2.1177,-1.2095,0.0898,-79.756,-261.890,-451.463,1,90
-2.1074,-1.1685,0.0513,-81.402,-260.427,-448.293,1,90
-2.1021,-1.1348,0.0039,-83.476,-258.780,-444.817,1,90
1.1196,0.5356,-0.7524,106.707,30.244,-38.841,2,90
1.1367,0.5405,-0.7695,102.378,30.122,-35.732,2,90
1.1548,0.5361,-0.7671,98.232,30.427,-32.378,2,90
1.1812,0.5454,-0.7778,93.476,30.427,-29.024,2,90
1.2056,0.5347,-0.7778,89.024,30.427,-25.610,2,90
1.2236,0.5454,-0.7803,84.146,30.244,-22.256,2,90
1.2510,0.5444,-0.7642,79.085,29.695,-18.537,2,90
1.2739,0.5469,-0.7583,73.415,28.415,-14.573,2,90
-0.8442,0.0142,-0.2603,-6.707,50.366,77.073,3,42
-0.8022,0.0112,-0.2881,1.220,53.171,75.915,3,42
-0.7661,0.0054,-0.3442,8.963,55.000,74.207,3,42
-0.7549,-0.0078,-0.4375,17.317,57.134,71.890,3,42
-0.7368,-0.0146,-0.5293,26.280,59.390,68.598,3,42
-0.7046,-0.0366,-0.6089,33.598,59.878,64.634,3,42
-0.6680,-0.0864,-0.6533,40.305,60.610,60.671,3,42
-0.6494,-0.0923,-0.6333,45.183,61.159,57.134,3,42
1.2856,0.5400,-0.7461,68.232,26.768,-10.976,2,90
1.2891,0.5244,-0.7441,62.378,25.061,-7.500,2,90
1.3042,0.5117,-0.7290,56.951,23.049,-4.024,2,90
1.2959,0.5039,-0.7280,51.463,21.524,-0.183,2,90
1.3022,0.4878,-0.7329,45.427,19.695,2.866,2,90
1.3091,0.4697,-0.7246,39.329,18.537,5.854,2,90
1.3164,0.4546,-0.7202,32.927,17.561,9.024,2,90
1.3296,0.4482,-0.7202,26.341,17.317,11.646,2,90
-0.6772,0.0063,-0.5586,44.573,57.500,51.829,3,42
-0.6880,0.0493,-0.5386,43.659,55.000,50.305,3,42
-0.7280,0.1318,-0.5098,40.915,49.512,46.280,3,42
-0.7808,0.1948,-0.4863,38.415,44.207,43.049,3,42
-0.8560,0.2153,-0.4585,35.671,37.988,37.988,3,42
-0.8901,0.1914,-0.4165,34.817,35.183,35.244,3,42
-0.9199,0.1528,-0.3755,34.146,32.866,32.317,3,42
-0.9731,0.0933,-0.3291,33.415,32.134,30.183,3,42
1.3511,0.4302,-0.7095,19.390,17.561,14.024,2,90
1.3813,0.4204,-0.7148,12.866,17.866,16.829,2,90
1.4063,0.4102,-0.6978,6.280,18.232,19.329,2,90
1.4502,0.4087,-0.6953,0.366,18.537,21.463,2,90
1.4922,0.3994,-0.7158,-5.976,19.146,23.415,2,90
1.5298,0.4053,-0.7222,-11.098,19.207,25.549,2,90
1.5630,0.4126,-0.7266,-16.159,19.573,27.439,2,90
1.6074,0.4170,-0.7285,-20.732,19.451,29.085,2,90
-1.0186,0.0479,-0.2822,32.744,31.646,27.561,3,42
-1.0693,0.0176,-0.2407,32.439,31.220,25.244,3,42
-1.1230,-0.0156,-0.2183,31.707,31.402,22.256,3,42
-1.1655,-0.0229,-0.2139,31.402,30.671,19.268,3,42
-1.1914,-0.0298,-0.2139,31.768,30.610,15.854,3,42
-1.2129,-0.0459,-0.2100,32.012,29.817,12.683,3,42
-1.2158,-0.0620,-0.2153,31.341,29.207,9.207,3,42
-1.1738,-0.0732,-0.2119,31.280,28.537,5.610,3,42
-2.1270,0.1758,-0.9800,-209.695,-110.854,-231.159,1,90
-2.0972,0.2739,-1.0161,-211.098,-100.915,-218.720,1,90
-2.0713,0.3774,-1.0562,-211.341,-90.976,-206.280,1,90
-2.0420,0.4829,-1.0781,-210.976,-81.402,-193.232,1,90
-2.0220,0.6025,-1.1064,-209.329,-72.012,-179.634,1,90
-1.9956,0.7261,-1.1289,-206.707,-62.256,-165.549,1,90
-1.9795,0.8540,-1.1201,-203.902,-53.354,-150.488,1,90
-1.9575,1.0415,-1.0811,-203.598,-45.854,-134.207,1,90
-2.5923,0.5933,0.8965,-45.183,149.390,-17.988,4,42
-2.6514,0.3110,0.8804,-34.939,156.829,-10.183,4,42
-2.6904,0.0859,0.9839,-26.037,161.890,-0.671,4,42
-2.7476,-0.0435,1.1626,-24.756,165.244,8.049,4,42
-2.8218,-0.1465,1.2974,-31.280,168.780,13.598,4,42
-2.8511,-0.2129,1.3501,-40.305,172.988,13.780,4,42
-2.8193,-0.3101,1.4219,-47.378,176.707,11.341,4,42
-2.7739,-0.3564,1.3794,-55.488,180.732,6.585,4,42
-1.9551,1.2256,-1.0391,-208.902,-39.634,-117.195,1,90
-1.9580,1.3442,-1.0571,-211.951,-34.695,-96.524,1,90
-1.9653,1.4351,-1.1299,-210.793,-30.915,-73.780,1,90
-1.9756,1.5381,-1.1680,-203.110,-25.915,-51.098,1,90
-2.0054,1.6504,-1.2422,-189.817,-18.110,-27.744,1,90
-2.0415,1.7842,-1.3354,-175.793,-8.963,-5.183,1,90
-2.0591,1.9395,-1.4258,-163.171,1.585,16.402,1,90
-2.0781,2.0708,-1.5264,-151.159,15.000,37.683,1,90
-2.7432,-0.4063,1.3467,-58.354,184.695,3.232,4,42
-2.7905,-0.5005,1.3359,-57.134,189.573,3.232,4,42
-2.8706,-0.5840,1.2959,-49.085,194.634,4.451,4,42
-2.9600,-0.6377,1.3115,-41.707,200.793,5.549,4,42
-2.9902,-0.7148,1.4004,-38.841,206.463,6.951,4,42
-2.9731,-0.8257,1.4707,-40.671,211.768,10.122,4,42
-2.9038,-0.9653,1.4702,-45.854,215.061,14.329,4,42
-2.8384,-1.1021,1.5293,-52.439,217.744,18.476,4,42
-2.0645,2.1855,-1.5586,-138.232,30.366,58.110,1,90
-2.0381,2.2534,-1.5674,-122.195,47.073,78.354,1,90
-1.9702,2.2964,-1.5615,-101.524,63.537,97.683,1,90
-1.8882,2.3135,-1.5366,-80.488,79.573,115.915,1,90
-1.7964,2.3232,-1.5112,-60.183,93.598,132.134,1,90
-1.6724,2.2788,-1.4663,-31.585,110.061,153.963,1,90
-1.5908,2.2241,-1.4375,-13.293,118.293,167.439,1,90
-1.5288,2.1528,-1.3901,4.085,123.293,180.061,1,90
-1.4663,2.0405,-1.3389,20.549,126.829,192.439,1,90
-1.4370,1.9189,-1.2915,35.244,128.293,205.244,1,90
-1.4180,1.7954,-1.2324,48.598,128.963,218.171,1,90
-1.4248,1.6650,-1.1577,58.902,129.146,231.402,1,90
-1.4556,1.5386,-1.0923,66.768,129.024,245.671,1,90
-1.5083,1.4150,-1.0215,71.646,129.207,260.305,1,90
-1.5684,1.2910,-0.9644,73.841,130.000,274.695,1,90
-1.6323,1.1885,-0.9033,74.268,131.402,288.841,1,90
-0.8467,-0.2500,-0.4258,-31.646,-26.220,-67.134,3,42
-0.8364,-0.2432,-0.4097,-37.073,-30.061,-68.598,3,42
-0.8413,-0.2290,-0.4058,-43.537,-34.146,-70.427,3,42
-0.8569,-0.2065,-0.4038,-49.817,-38.354,-71.280,3,42
-0.8730,-0.1646,-0.4087,-56.037,-42.256,-72.500,3,42
-0.8979,-0.1279,-0.4263,-61.829,-46.280,-74.024,3,42
-0.9253,-0.0918,-0.4492,-64.573,-48.720,-74.695,3,42
-0.9414,-0.0771,-0.4492,-64.817,-50.488,-75.549,3,42
1.0332,0.5029,-0.9751,-42.073,-35.122,91.646,2,90
1.0034,0.5034,-0.9419,-45.610,-35.061,92.439,2,90
0.9868,0.4976,-0.9033,-49.573,-34.878,93.902,2,90
0.9575,0.5117,-0.8599,-54.451,-34.817,95.122,2,90
0.9302,0.5161,-0.8032,-59.634,-35.427,96.037,2,90
0.9116,0.5200,-0.7686,-64.329,-35.854,97.683,2,90
0.8970,0.5234,-0.7104,-68.598,-36.768,98.476,2,90
0.8735,0.5293,-0.6709,-72.378,-38.049,99.756,2,90
-0.9453,-0.0762,-0.4438,-64.024,-51.707,-76.220,3,42
-0.9438,-0.0928,-0.4238,-63.415,-53.598,-76.280,3,42
-0.9517,-0.1274,-0.3975,-63.659,-54.390,-76.707,3,42
-0.9604,-0.1636,-0.3989,-63.963,-55.122,-76.646,3,42
-0.9531,-0.2007,-0.3774,-64.024,-56.402,-76.524,3,42
-0.9468,-0.2368,-0.3813,-65.488,-59.268,-76.402,3,42
-0.9658,-0.2896,-0.4219,-66.951,-60.061,-76.768,3,42
-0.9604,-0.3042,-0.4146,-66.402,-61.037,-76.159,3,42
-0.9375,-0.3057,-0.4263,-69.329,-65.061,-76.280,3,42
-0.9385,-0.3105,-0.4258,-69.695,-66.463,-75.976,3,42
-0.9287,-0.2988,-0.4272,-70.732,-68.598,-74.878,3,42
-0.9404,-0.2671,-0.4277,-71.524,-70.732,-74.146,3,42
-0.9224,-0.2334,-0.4009,-72.134,-72.683,-72.439,3,42
-0.9185,-0.2241,-0.3882,-69.451,-72.988,-71.646,3,42
-0.9106,-0.2148,-0.3862,-66.768,-73.293,-70.549,3,42
-0.8862,-0.2266,-0.3950,-63.415,-73.354,-69.634,3,42
-2.1230,0.4312,-0.1943,35.244,198.171,463.598,1,90
-2.1089,0.4053,-0.1543,36.646,202.439,470.915,1,90
-2.0933,0.3823,-0.1069,37.317,206.280,477.866,1,90
-2.0820,0.3257,-0.0508,38.598,210.549,487.805,1,90
-2.0679,0.2886,-0.0415,40.427,211.890,493.598,1,90
-2.0630,0.2480,-0.0122,43.171,212.927,499.573,1,90
-2.0518,0.2061,0.0186,45.610,213.293,505.671,1,90
-2.0630,0.1704,0.0542,47.195,213.720,511.768,1,90
0.0669,0.2891,2.2603,4.268,-40.061,-176.768,4,42
-0.0610,0.4795,1.9370,19.146,-49.451,-160.122,4,42
-0.9219,0.6870,1.5088,43.049,-67.134,-123.476,4,42
-1.2603,0.6665,0.5547,65.061,-67.988,-98.293,4,42
-1.0928,0.5479,-0.1885,89.390,-37.256,-90.122,4,42
-0.5688,0.4927,-0.3311,106.402,0.000,-92.317,4,42
-0.0942,0.4014,-0.0732,101.341,16.646,-104.817,4,42
0.2871,0.2817,0.4795,68.659,5.366,-125.671,4,42
-2.0737,0.1284,0.0820,48.902,213.659,517.256,1,90
-2.0781,0.0840,0.0996,49.878,213.476,523.110,1,90
-2.1045,0.0293,0.1372,50.427,212.866,528.659,1,90
-2.1216,-0.0342,0.1768,50.427,212.256,534.329,1,90
-2.1533,-0.1060,0.2090,50.305,211.280,539.817,1,90
-2.1821,-0.1973,0.2549,50.366,209.512,545.366,1,90
-2.2134,-0.2915,0.3037,50.000,207.622,550.427,1,90
-2.2627,-0.3887,0.3516,49.695,204.695,555.427,1,90
0.6865,0.1606,1.0664,12.134,-31.220,-153.476,4,42
0.5625,-0.0342,1.5859,-55.610,-85.732,-179.695,4,42
0.1787,-0.3418,1.9526,-117.988,-156.768,-201.707,4,42
-0.3882,-0.7549,2.0581,-167.561,-232.256,-221.646,4,42
-1.0591,-1.2212,1.8042,-198.902,-291.463,-247.317,4,42
-1.3662,-1.2505,1.5708,-225.305,-322.195,-270.793,4,42
-1.4839,-1.0513,1.4922,-255.183,-331.524,-279.268,4,42
-1.5273,-0.7969,1.4927,-291.463,-328.780,-271.524,4,42
-2.2974,-0.5098,0.3936,47.012,201.098,560.183,1,90
-2.3545,-0.6260,0.4063,43.476,197.195,564.695,1,90
-2.3931,-0.7510,0.4097,38.354,192.683,568.659,1,90
-2.4375,-0.8721,0.4058,32.500,188.415,572.317,1,90
-2.4751,-0.9761,0.3940,26.585,184.268,575.915,1,90
-2.5205,-1.0566,0.3745,20.854,181.402,579.817,1,90
-2.5542,-1.1147,0.3560,15.793,178.780,583.780,1,90
-2.5581,-1.1406,0.3301,10.427,176.159,587.805,1,90
0.3354,0.6162,-0.4419,-66.402,-30.427,139.756,2,90
0.3203,0.6074,-0.4321,-66.829,-29.268,139.878,2,90
0.2993,0.6074,-0.4272,-66.890,-27.744,139.878,2,90
0.2773,0.5972,-0.4170,-67.317,-27.195,140.549,2,90
0.2607,0.5942,-0.4111,-67.683,-26.280,141.402,2,90
0.2471,0.5791,-0.4136,-67.988,-25.915,141.829,2,90
0.2349,0.5718,-0.4116,-68.171,-25.061,142.866,2,90
0.2231,0.5547,-0.4121,-68.232,-24.634,143.598,2,90
-0.7178,-0.4775,-0.4429,-43.537,-75.549,-55.671,3,42
-0.7139,-0.4424,-0.3921,-43.415,-75.305,-55.549,3,42
-0.6978,-0.4346,-0.3843,-44.939,-76.098,-55.427,3,42
-0.6826,-0.4595,-0.3857,-45.854,-76.220,-55.366,3,42
-0.6782,-0.4478,-0.3418,-45.793,-75.915,-55.061,3,42
-0.6704,-0.4380,-0.2954,-47.500,-76.707,-54.329,3,42
-0.6558,-0.4248,-0.2930,-51.402,-78.415,-54.146,3,42
-0.6387,-0.4316,-0.3003,-55.122,-80.183,-53.232,3,42
-2.6812,-1.7168,0.4731,13.232,132.927,627.378,1,90
-2.7017,-1.7646,0.4688,16.829,130.915,626.951,1,90
-2.7451,-1.8735,0.4575,25.000,126.585,624.207,1,90
-2.7915,-1.9692,0.4355,35.915,119.085,617.866,1,90
-2.8057,-1.9966,0.4404,40.976,113.902,612.744,1,90
-2.8164,-2.0073,0.4551,44.695,108.659,608.110,1,90
-2.8125,-2.0015,0.4756,46.159,103.110,604.146,1,90
-2.8022,-1.9922,0.5103,46.585,97.988,602.012,1,90
0.1436,0.3589,-0.4126,-68.780,-18.354,147.378,2,90
0.1426,0.3301,-0.4111,-68.476,-17.439,147.134,2,90
0.1382,0.3066,-0.4043,-68.537,-16.280,146.585,2,90
0.1348,0.2842,-0.4106,-68.049,-15.549,146.220,2,90
0.1265,0.2720,-0.4189,-67.988,-15.061,145.915,2,90
0.1265,0.2505,-0.4243,-67.073,-13.963,145.061,2,90
0.1240,0.2261,-0.4219,-66.585,-13.476,144.268,2,90
0.1191,0.2168,-0.4355,-65.549,-13.110,143.476,2,90
-0.6997,-0.4146,-0.2051,-60.976,-78.598,-42.866,3,42
-0.7124,-0.4067,-0.1870,-59.939,-77.744,-41.402,3,42
-0.7354,-0.4014,-0.1836,-59.085,-76.768,-40.183,3,42
-0.7485,-0.3921,-0.1626,-57.561,-75.793,-38.659,3,42
-0.7598,-0.3765,-0.1475,-56.585,-75.061,-37.378,3,42
-0.7759,-0.3716,-0.1387,-55.671,-74.634,-36.220,3,42
-0.7915,-0.3560,-0.1323,-54.085,-73.963,-35.000,3,42
-0.8003,-0.3262,-0.1284,-52.866,-73.659,-34.390,3,42
0.1167,0.2085,-0.4409,-64.024,-11.829,143.293,2,90
0.1147,0.1924,-0.4517,-62.927,-10.854,142.866,2,90
0.1108,0.1792,-0.4595,-61.159,-9.695,142.134,2,90
0.1030,0.1792,-0.4658,-59.695,-8.110,141.768,2,90
0.0957,0.1709,-0.4707,-57.683,-6.890,141.280,2,90
0.0938,0.1650,-0.4810,-55.427,-5.427,140.610,2,90
0.0835,0.1597,-0.4824,-53.171,-4.024,140.122,2,90
0.0776,0.1675,-0.4897,-50.366,-2.988,139.451,2,90
-0.7959,-0.2998,-0.1265,-50.732,-72.988,-33.232,3,42
-0.8042,-0.2661,-0.1006,-48.232,-72.012,-32.073,3,42
-0.7969,-0.2251,-0.0903,-46.402,-71.585,-31.280,3,42
-0.8081,-0.1953,-0.0845,-44.695,-71.707,-29.756,3,42
-0.8159,-0.1597,-0.0791,-42.378,-71.524,-28.537,3,42
-0.8359,-0.1318,-0.0596,-39.451,-71.585,-27.500,3,42
-0.8657,-0.0903,-0.0347,-37.073,-71.341,-26.037,3,42
-0.9028,-0.0469,-0.0093,-33.720,-70.671,-24.939,3,42
0.0688,0.1499,-0.4961,-47.622,-1.768,139.207,2,90
0.0742,0.1548,-0.4985,-44.756,-0.976,138.171,2,90
0.0640,0.1519,-0.5034,-41.829,-0.061,137.988,2,90
0.0679,0.1475,-0.5054,-38.537,0.976,137.134,2,90
0.0659,0.1514,-0.5127,-35.732,1.829,136.463,2,90
0.0557,0.1484,-0.5034,-32.683,2.866,135.549,2,90
0.0581,0.1523,-0.5054,-30.305,4.085,134.451,2,90
0.0557,0.1484,-0.5000,-27.744,4.878,133.902,2,90
-0.9551,0.0181,0.0366,-26.646,-68.963,-23.293,3,42
-0.9600,0.0352,0.0454,-24.329,-68.110,-22.378,3,42
-0.9932,0.0571,0.0728,-17.988,-65.122,-18.659,3,42
-1.0371,0.0913,0.1304,-11.951,-62.683,-15.488,3,42
-1.0923,0.1025,0.1743,-6.341,-60.427,-12.866,3,42
-1.1821,0.0933,0.2114,0.366,-57.195,-9.451,3,42
-1.2407,0.0571,0.2207,4.695,-54.817,-7.439,3,42
-1.2974,-0.0024,0.1973,8.598,-51.159,-5.244,3,42
-2.6289,-1.9126,0.5811,132.622,-6.159,458.049,1,90
-2.5977,-1.9258,0.5620,136.585,-6.829,453.232,1,90
-2.5518,-1.9409,0.5308,144.817,-9.085,443.659,1,90
-2.4736,-1.9990,0.4844,155.244,-11.037,429.146,1,90
-2.4307,-2.0430,0.4561,162.317,-12.195,419.634,1,90
-2.3755,-2.0996,0.4287,169.146,-12.988,409.634,1,90
-2.3262,-2.1646,0.3955,176.037,-13.232,400.366,1,90
-2.2822,-2.2256,0.3599,182.683,-13.110,391.220,1,90
0.0327,0.1152,-0.4253,-10.915,11.280,123.354,2,90
0.0347,0.1021,-0.4199,-9.329,11.951,121.707,2,90
0.0439,0.0952,-0.4072,-7.744,12.805,120.183,2,90
0.0513,0.0815,-0.4087,-6.524,13.902,118.232,2,90
0.0591,0.0742,-0.4194,-4.573,14.878,115.915,2,90
0.0679,0.0693,-0.4023,-3.110,16.402,113.841,2,90
0.0767,0.0586,-0.3965,-1.707,17.866,111.402,2,90
0.0801,0.0586,-0.3984,0.000,19.756,108.841,2,90
-1.1753,-0.7568,-0.1104,32.500,-18.720,-12.988,3,42
-1.1196,-0.7925,-0.1279,31.768,-16.951,-13.293,3,42
-1.0684,-0.8013,-0.1436,29.695,-16.280,-13.476,3,42
-0.9868,-0.7910,-0.1558,27.134,-16.220,-13.354,3,42
-0.9238,-0.7695,-0.1826,25.061,-16.220,-11.280,3,42
-0.8979,-0.7334,-0.1846,22.744,-16.646,-8.659,3,42
-0.8721,-0.6865,-0.1860,20.732,-17.561,-6.890,3,42
-0.8462,-0.6294,-0.1694,20.183,-17.317,-4.634,3,42
0.0986,0.0522,-0.3989,1.585,21.341,106.098,2,90
0.0977,0.0601,-0.3911,2.744,22.988,103.049,2,90
0.1074,0.0557,-0.3857,4.268,24.573,99.634,2,90
0.1177,0.0493,-0.3892,6.037,26.280,96.220,2,90
0.1338,0.0513,-0.3843,7.744,27.805,92.805,2,90
0.1426,0.0503,-0.3940,9.451,29.695,88.902,2,90
0.1523,0.0508,-0.3862,11.646,31.280,85.061,2,90
0.1733,0.0581,-0.3828,13.659,33.171,81.159,2,90
-0.8247,-0.5669,-0.1226,20.427,-16.220,-2.195,3,42
-0.8320,-0.5068,-0.0342,19.390,-15.000,0.915,3,42
-0.8594,-0.4805,-0.0005,16.463,-14.390,4.451,3,42
-0.8916,-0.4937,-0.0293,10.793,-16.707,7.439,3,42
-0.9204,-0.5425,-0.0967,4.939,-19.268,9.085,3,42
-0.9209,-0.5620,-0.1543,2.256,-19.939,9.146,3,42
-0.9082,-0.5449,-0.1895,0.854,-19.573,7.988,3,42
-0.8691,-0.4990,-0.2144,-0.488,-20.549,6.890,3,42
0.1802,0.0610,-0.3682,15.305,34.756,77.012,2,90
0.2012,0.0586,-0.3794,17.012,36.220,72.683,2,90
0.2124,0.0664,-0.3721,18.415,37.683,68.232,2,90
0.2329,0.0693,-0.3735,19.939,38.963,63.659,2,90
0.2461,0.0693,-0.3687,21.280,40.488,58.902,2,90
0.2651,0.0747,-0.3682,22.683,41.585,54.451,2,90
0.2803,0.0737,-0.3706,23.598,42.988,49.390,2,90
0.2949,0.0752,-0.3770,24.390,44.451,44.695,2,90
-0.8408,-0.4395,-0.1865,-2.683,-21.890,7.073,3,42
-0.8452,-0.3994,-0.1431,-5.549,-24.268,8.476,3,42
-0.8691,-0.4014,-0.1025,-9.268,-26.159,10.671,3,42
-0.9009,-0.4258,-0.1050,-11.829,-26.768,12.805,3,42
-0.9307,-0.4614,-0.1284,-13.354,-27.134,14.085,3,42
-0.9453,-0.4868,-0.1465,-14.146,-27.012,14.085,3,42
-0.9497,-0.4756,-0.1460,-14.207,-26.463,13.841,3,42
-0.9429,-0.4448,-0.1318,-14.024,-26.341,13.598,3,42
-1.0869,-2.7437,0.3882,191.646,80.488,197.988,1,90
-1.0386,-2.7339,0.3896,190.000,81.463,194.878,1,90
-0.9067,-2.7012,0.3579,185.305,82.866,185.732,1,90
-0.8159,-2.6880,0.3394,182.744,82.378,180.427,1,90
-0.7290,-2.6685,0.3149,180.427,81.768,175.000,1,90
-0.6445,-2.6611,0.2695,178.232,80.061,170.061,1,90
-0.5684,-2.6558,0.2358,176.585,77.866,165.366,1,90
-0.4946,-2.6597,0.2012,174.756,74.695,161.220,1,90
0.3438,0.1006,-0.3843,31.341,58.110,3.720,2,90
0.3452,0.0947,-0.3804,31.098,59.512,-0.671,2,90
0.3579,0.0962,-0.3770,30.366,60.610,-4.756,2,90
0.3667,0.0903,-0.3711,29.573,61.768,-9.024,2,90
0.3809,0.0811,-0.3613,28.537,62.744,-12.988,2,90
0.3857,0.0723,-0.3550,27.317,63.598,-17.256,2,90
0.4038,0.0562,-0.3521,26.585,64.146,-20.854,2,90
0.4268,0.0557,-0.3423,25.549,64.878,-24.817,2,90
-1.0244,-0.2954,-0.0327,-7.622,-16.280,14.268,3,42
-1.0273,-0.2900,-0.0234,-6.463,-13.720,14.024,3,42
-1.0239,-0.2764,-0.0088,-4.756,-11.951,14.024,3,42
-1.0317,-0.2598,0.0015,-2.500,-8.902,13.720,3,42
-1.0352,-0.2495,0.0181,-1.341,-6.463,13.659,3,42
-1.0439,-0.2568,0.0332,0.671,-3.598,13.110,3,42
-1.0557,-0.2642,0.0596,2.866,-0.793,13.232,3,42
-1.0532,-0.2759,0.0625,5.732,2.134,13.232,3,42
-0.2031,-2.9375,-0.3208,142.683,32.988,136.707,1,90
-0.2153,-2.9834,-0.3657,137.012,31.037,133.171,1,90
-0.2217,-3.0342,-0.4141,131.463,29.207,129.268,1,90
-0.2227,-3.0776,-0.4561,124.939,27.866,124.268,1,90
-0.2256,-3.1260,-0.4927,118.902,26.707,119.085,1,90
-0.2285,-3.1777,-0.5386,111.951,26.098,113.110,1,90
-0.2227,-3.2163,-0.5645,104.695,25.488,106.341,1,90
-0.2148,-3.2524,-0.5933,97.439,25.915,99.329,1,90
-0.3418,0.4746,-2.1074,293.354,-18.476,-7.561,4,42
-0.3008,0.4775,-2.1411,280.366,-20.427,-3.293,4,42
-0.2632,0.5151,-2.1313,268.476,-24.146,2.134,4,42
-0.2471,0.5542,-2.0869,257.134,-30.122,7.988,4,42
-0.2549,0.6255,-1.9824,248.232,-37.744,14.329,4,42
-0.3027,0.7104,-1.8735,242.805,-46.280,20.488,4,42
-0.3638,0.7866,-1.7739,241.159,-53.049,26.585,4,42
-0.4517,0.8877,-1.6509,241.829,-57.134,31.037,4,42
-0.2031,-3.2856,-0.6074,90.122,26.037,91.707,1,90
-0.1978,-3.3081,-0.6123,82.073,26.159,83.902,1,90
-0.1885,-3.3193,-0.6187,74.329,26.829,76.037,1,90
-0.1802,-3.3296,-0.6104,66.829,27.012,67.683,1,90
-0.1665,-3.3218,-0.5947,59.146,26.098,59.817,1,90
-0.1636,-3.2959,-0.5913,51.768,25.610,51.951,1,90
-0.1465,-3.2729,-0.5718,44.329,24.329,44.085,1,90
-0.1318,-3.2412,-0.5581,37.256,23.293,36.646,1,90
-0.5576,1.0103,-1.5425,245.610,-60.366,35.549,4,42
-0.6733,1.1152,-1.4429,251.463,-62.561,39.390,4,42
-0.7734,1.2241,-1.3188,260.610,-63.659,43.537,4,42
-0.8662,1.2739,-1.2305,272.561,-59.634,50.732,4,42
-0.9482,1.3198,-1.1689,287.561,-49.756,62.500,4,42
-1.0132,1.2861,-1.1396,303.720,-36.768,77.256,4,42
-1.0415,1.2603,-1.1040,318.780,-24.573,90.305,4,42
-1.0547,1.2461,-1.1187,329.390,-14.878,100.488,4,42
-0.1147,-3.1875,-0.5317,26.220,21.280,25.488,1,90
-0.1045,-3.1445,-0.5098,19.146,19.695,17.744,1,90
-0.0898,-3.1079,-0.4961,11.829,17.805,10.671,1,90
-0.0718,-3.0635,-0.4624,5.061,15.854,3.293,1,90
-0.0645,-3.0273,-0.4458,-1.707,13.537,-4.085,1,90
-0.0474,-2.9863,-0.4160,-8.720,10.915,-11.585,1,90
-0.0439,-2.9468,-0.3892,-15.610,8.415,-19.207,1,90
-0.0303,-2.9087,-0.3838,-21.890,5.976,-27.134,1,90
-1.0039,1.1748,-1.1768,337.073,-2.744,109.634,4,42
-0.9810,1.1147,-1.2734,336.220,6.829,110.061,4,42
-0.9736,1.0703,-1.3213,333.171,13.293,109.512,4,42
-0.9717,0.9341,-1.3955,321.585,29.512,106.037,4,42
-1.0366,0.7271,-1.3726,310.610,39.695,101.402,4,42
-1.0835,0.5391,-1.2500,303.354,35.915,98.110,4,42
-1.2563,0.3237,-1.1504,291.890,19.695,95.366,4,42
-0.8281,0.0439,-1.3115,278.415,8.841,92.439,4,42
-0.0146,-2.8730,-0.3755,-28.354,2.988,-35.061,1,90
-0.0215,-2.8359,-0.3594,-34.634,0.305,-42.927,1,90
-0.0146,-2.8008,-0.3457,-40.671,-2.256,-51.159,1,90
-0.0112,-2.7632,-0.3330,-45.732,-5.244,-59.146,1,90
-0.0103,-2.7212,-0.3394,-50.549,-7.866,-67.012,1,90
-0.0112,-2.6802,-0.3271,-54.817,-10.610,-74.878,1,90
-0.0171,-2.6431,-0.3281,-58.659,-13.110,-83.232,1,90
-0.0195,-2.5967,-0.3247,-62.439,-16.037,-90.915,1,90
0.4390,0.2529,-0.3516,-49.329,58.780,-137.988,2,90
0.4307,0.2549,-0.3433,-49.817,58.293,-138.902,2,90
0.4258,0.2676,-0.3276,-51.159,57.500,-140.732,2,90
0.4219,0.2715,-0.3237,-52.195,56.280,-143.415,2,90
0.4087,0.2783,-0.2983,-53.598,55.366,-145.183,2,90
0.4072,0.2896,-0.2808,-54.573,53.963,-146.951,2,90
0.4019,0.2920,-0.2598,-55.549,53.537,-148.659,2,90
0.3955,0.2969,-0.2417,-56.524,52.622,-150.305,2,90
-0.8271,-0.3931,-0.2466,1.341,-0.976,-2.927,3,42
-0.8301,-0.3833,-0.2295,1.463,-2.073,-2.622,3,42
-0.8403,-0.3804,-0.2153,0.793,-3.049,-2.439,3,42
-0.8457,-0.3696,-0.2051,0.488,-3.902,-1.890,3,42
-0.8569,-0.3750,-0.1802,-0.366,-4.451,-1.463,3,42
-0.8662,-0.3750,-0.1797,-0.732,-5.366,-1.159,3,42
-0.8774,-0.3726,-0.1621,-1.768,-6.402,-1.585,3,42
-0.8970,-0.3623,-0.1484,-2.012,-6.463,-1.585,3,42
-0.1377,-2.1763,-0.2642,-83.659,-32.561,-152.988,1,90
-0.1616,-2.1284,-0.2354,-84.817,-33.537,-158.598,1,90
-0.1860,-2.0938,-0.2305,-85.915,-34.024,-163.293,1,90
-0.2021,-2.0586,-0.2070,-87.012,-34.878,-167.805,1,90
-0.2202,-2.0200,-0.1821,-88.293,-35.671,-171.768,1,90
-0.2451,-1.9854,-0.1484,-89.207,-36.159,-175.610,1,90
-0.2637,-1.9565,-0.1318,-90.305,-36.951,-178.841,1,90
-0.2915,-1.9351,-0.1064,-91.585,-37.622,-182.378,1,90
0.5190,0.3047,-0.1426,-50.427,37.683,-157.683,2,90
0.5454,0.2964,-0.1455,-48.049,35.244,-158.171,2,90
0.5596,0.2998,-0.1406,-45.610,32.561,-158.720,2,90
0.5708,0.3037,-0.1440,-42.622,29.573,-159.207,2,90
0.5781,0.3096,-0.1606,-39.573,26.829,-159.756,2,90
0.5923,0.3101,-0.1680,-36.098,24.024,-160.244,2,90
0.6021,0.3052,-0.1777,-32.622,21.098,-160.610,2,90
0.6099,0.3105,-0.1943,-28.902,18.293,-161.341,2,90
-0.9946,-0.3125,-0.0581,0.976,-1.890,-1.768,3,42
-0.9932,-0.3149,-0.0581,2.073,-0.976,-2.073,3,42
-0.9927,-0.3169,-0.0596,3.841,0.305,-1.829,3,42
-0.9863,-0.3130,-0.0571,5.488,1.768,-2.317,3,42
-0.9814,-0.3149,-0.0649,7.683,3.049,-2.256,3,42
-0.9824,-0.3047,-0.0645,9.146,4.207,-2.134,3,42
-0.9902,-0.3179,-0.0669,10.793,5.976,-1.585,3,42
-0.9917,-0.3159,-0.0757,12.805,7.500,-1.341,3,42
0.6050,0.3135,-0.2065,-25.366,15.549,-162.317,2,90
0.6016,0.3242,-0.2124,-21.463,13.049,-162.988,2,90
0.5981,0.3364,-0.2119,-18.354,11.159,-163.841,2,90
0.5962,0.3369,-0.2188,-15.000,9.451,-164.878,2,90
0.5840,0.3403,-0.2236,-12.134,7.561,-165.366,2,90
0.5728,0.3555,-0.2212,-9.573,6.037,-166.646,2,90
0.5708,0.3574,-0.2217,-6.951,4.512,-167.378,2,90
0.5664,0.3652,-0.2310,-4.268,2.805,-168.293,2,90
-0.9966,-0.3232,-0.0693,14.451,9.024,-1.341,3,42
-0.9971,-0.3296,-0.0703,16.341,10.244,-1.098,3,42
-0.9951,-0.3384,-0.0659,17.683,11.463,-1.159,3,42
-0.9814,-0.3496,-0.0693,19.512,12.805,-1.037,3,42
-0.9814,-0.3545,-0.0811,20.732,13.963,-0.976,3,42
-0.9814,-0.3530,-0.0776,22.561,15.305,-0.732,3,42
-0.9790,-0.3467,-0.0718,23.841,16.037,-0.244,3,42
-0.9717,-0.3477,-0.0938,24.634,16.646,0.000,3,42
-0.7490,-1.5962,0.1968,-126.951,-58.537,-220.549,1,90
-0.7676,-1.5757,0.1899,-128.171,-58.476,-221.646,1,90
-0.8013,-1.5605,0.1914,-128.537,-58.171,-223.049,1,90
-0.8184,-1.5352,0.2095,-128.293,-57.988,-224.695,1,90
-0.8433,-1.5195,0.2148,-128.963,-57.988,-226.646,1,90
-0.8652,-1.4951,0.2295,-129.268,-57.500,-228.902,1,90
-0.8862,-1.4751,0.2402,-129.451,-57.378,-231.220,1,90
-0.8979,-1.4604,0.2461,-129.024,-57.866,-233.110,1,90
-1.4458,0.2051,-0.3638,247.134,207.012,63.659,4,42
-1.4526,0.2070,-0.3555,243.841,207.744,63.232,4,42
-1.4668,0.2026,-0.3325,240.427,208.476,63.415,4,42
-1.4780,0.1938,-0.3027,237.683,209.268,63.110,4,42
-1.4927,0.1865,-0.2935,235.061,210.244,63.110,4,42
-1.5117,0.1782,-0.2705,232.012,211.402,62.683,4,42
-1.5352,0.1802,-0.2573,230.000,213.049,62.439,4,42
-1.5508,0.1763,-0.2554,227.378,214.634,62.012,4,42
-0.9160,-1.4487,0.2407,-127.866,-58.720,-235.366,1,90
-0.9341,-1.4282,0.2412,-125.854,-59.390,-237.378,1,90
-0.9443,-1.4155,0.2485,-124.573,-59.695,-239.390,1,90
-0.9624,-1.3970,0.2461,-122.805,-59.939,-241.585,1,90
-0.9761,-1.3867,0.2471,-121.341,-59.634,-244.329,1,90
-0.9868,-1.3770,0.2412,-120.183,-59.268,-246.585,1,90
-1.0039,-1.3735,0.2456,-119.329,-59.024,-248.902,1,90
-1.0166,-1.3667,0.2363,-118.354,-58.963,-251.585,1,90
-1.5742,0.1699,-0.2324,226.037,216.463,61.098,4,42
-1.5879,0.1787,-0.2217,225.061,217.744,59.939,4,42
-1.6099,0.1816,-0.2139,225.244,219.573,58.841,4,42
-1.6255,0.2012,-0.1973,225.915,220.793,57.134,4,42
-1.6353,0.2109,-0.1709,227.195,221.951,55.366,4,42
-1.6509,0.2231,-0.1460,228.476,223.110,52.866,4,42
-1.6670,0.2417,-0.0903,231.159,223.780,50.488,4,42
-1.6797,0.2891,-0.0361,233.232,224.085,48.110,4,42
-1.0361,-1.3672,0.2324,-116.646,-58.841,-254.878,1,90
-1.0498,-1.3647,0.2305,-115.488,-59.085,-256.707,1,90
-1.0713,-1.3594,0.2241,-114.634,-58.780,-258.232,1,90
-1.0781,-1.3657,0.2192,-113.476,-59.146,-260.305,1,90
-1.1021,-1.3716,0.2139,-112.134,-59.512,-261.341,1,90
-1.1191,-1.3677,0.2100,-111.159,-60.000,-263.476,1,90
-1.1323,-1.3730,0.2026,-110.366,-60.305,-264.878,1,90
-1.1533,-1.3877,0.2017,-110.183,-60.488,-266.951,1,90
-1.6943,0.3154,0.0449,234.329,223.902,45.610,4,42
-1.7168,0.3350,0.1021,234.146,223.293,44.085,4,42
-1.7261,0.3545,0.1704,234.634,221.768,42.317,4,42
-1.7295,0.3745,0.2329,234.695,220.671,41.341,4,42
-1.7334,0.4019,0.2622,232.500,218.963,41.402,4,42
-1.7192,0.4053,0.2905,229.878,217.073,42.317,4,42
-1.7002,0.3765,0.3096,227.683,214.634,43.110,4,42
-1.6587,0.3564,0.3530,226.585,211.341,44.573,4,42
-1.1636,-1.3984,0.2002,-110.244,-60.610,-268.841,1,90
-1.1875,-1.4063,0.2046,-110.732,-60.732,-270.732,1,90
-1.2095,-1.4185,0.2031,-111.280,-60.976,-272.805,1,90
-1.2197,-1.4399,0.2075,-111.646,-61.280,-275.122,1,90
-1.2407,-1.4482,0.2153,-112.439,-61.037,-277.866,1,90
-1.2656,-1.4619,0.2183,-113.598,-61.341,-280.488,1,90
-1.2729,-1.4756,0.2192,-115.000,-61.524,-283.110,1,90
-1.2905,-1.4873,0.2246,-116.707,-62.683,-285.976,1,90
-1.6123,0.3379,0.3950,224.512,207.927,45.732,4,42
-1.5605,0.3247,0.4414,220.915,204.817,46.951,4,42
-1.5146,0.3062,0.4761,217.073,201.829,47.622,4,42
-1.4678,0.2847,0.4771,214.207,199.329,47.378,4,42
-1.4497,0.2646,0.4834,214.024,197.073,46.220,4,42
-1.4219,0.2539,0.4893,215.427,194.817,45.244,4,42
-1.4014,0.2549,0.5000,218.110,191.768,44.573,4,42
-1.4038,0.2583,0.5073,221.768,188.476,43.780,4,42
-1.3154,-1.4990,0.2266,-118.537,-63.780,-288.720,1,90
-1.3193,-1.5073,0.2402,-120.061,-64.817,-291.463,1,90
-1.3452,-1.5259,0.2300,-121.341,-66.585,-294.268,1,90
-1.3516,-1.5313,0.2266,-123.049,-68.293,-297.561,1,90
-1.3696,-1.5513,0.2261,-124.085,-69.634,-300.549,1,90
-1.3789,-1.5581,0.2236,-124.695,-71.951,-303.720,1,90
-1.3882,-1.5601,0.2041,-125.244,-73.659,-306.951,1,90
-1.4082,-1.5664,0.1953,-125.610,-75.854,-310.305,1,90
0.6665,0.8291,-0.2520,23.171,12.073,-157.683,2,90
0.6792,0.8311,-0.2471,23.659,13.232,-155.549,2,90
0.6895,0.8291,-0.2534,24.451,13.963,-152.988,2,90
0.6997,0.8296,-0.2554,25.488,14.695,-150.427,2,90
0.7168,0.8262,-0.2451,26.646,15.549,-148.415,2,90
0.7383,0.8315,-0.2529,27.866,16.159,-145.854,2,90
0.7529,0.8374,-0.2598,28.963,17.073,-143.354,2,90
0.7622,0.8452,-0.2666,30.244,17.805,-140.854,2,90
-0.9922,-0.4111,-0.0283,15.000,33.598,36.951,3,42
-0.9873,-0.4082,-0.0137,17.317,36.585,38.537,3,42
-0.9907,-0.4199,-0.0283,19.268,39.634,40.305,3,42
-0.9951,-0.4189,-0.0542,21.951,43.110,41.890,3,42
-1.0029,-0.4292,-0.0605,25.671,47.683,43.780,3,42
-1.0068,-0.4370,-0.0469,29.268,52.195,45.244,3,42
-1.0029,-0.4526,-0.0283,32.073,56.524,47.622,3,42
-0.9819,-0.4727,-0.0298,34.817,60.366,49.939,3,42
-1.5679,-1.6230,0.1895,-118.780,-90.976,-337.927,1,90
-1.5781,-1.6250,0.1958,-116.890,-92.012,-340.305,1,90
-1.5947,-1.6289,0.1943,-115.488,-92.805,-343.049,1,90
-1.6084,-1.6333,0.1919,-113.354,-93.963,-345.244,1,90
-1.6167,-1.6411,0.2002,-111.524,-95.244,-348.110,1,90
-1.6372,-1.6426,0.2061,-108.963,-96.707,-350.915,1,90
-1.6450,-1.6616,0.1934,-106.768,-98.049,-353.841,1,90
-1.6582,-1.6694,0.1929,-104.268,-99.390,-356.829,1,90
0.8032,0.9170,-0.3198,38.598,25.061,-119.207,2,90
0.8066,0.9170,-0.3296,39.695,25.610,-116.951,2,90
0.7993,0.9263,-0.3359,41.037,26.220,-114.451,2,90
0.7915,0.9370,-0.3447,42.073,27.134,-111.768,2,90
0.7847,0.9409,-0.3481,42.866,27.927,-109.146,2,90
0.7827,0.9438,-0.3501,43.720,28.537,-106.220,2,90
0.7861,0.9458,-0.3633,44.695,29.512,-103.293,2,90
0.7813,0.9453,-0.3706,45.732,30.427,-100.366,2,90
-0.9082,-0.4697,-0.1909,66.768,91.951,80.183,3,42
-0.9058,-0.4512,-0.2285,69.390,93.659,81.280,3,42
-0.9180,-0.4307,-0.3047,73.293,96.402,84.207,3,42
-0.9287,-0.4185,-0.3535,76.829,99.573,86.402,3,42
-0.9268,-0.4375,-0.3857,80.122,103.049,87.866,3,42
-0.9043,-0.4751,-0.3984,83.963,106.951,89.207,3,42
-0.8848,-0.4937,-0.3682,87.866,110.671,91.037,3,42
-0.8560,-0.5078,-0.3096,89.817,112.500,93.293,3,42
-1.7925,-1.6948,0.1216,-79.756,-115.000,-383.354,1,90
-1.8042,-1.7070,0.1050,-75.854,-116.402,-385.915,1,90
-1.8203,-1.7075,0.1040,-72.134,-118.354,-388.963,1,90
-1.8398,-1.7065,0.0933,-67.805,-119.634,-391.768,1,90
-1.8584,-1.7090,0.0884,-63.537,-121.280,-394.024,1,90
-1.8877,-1.7026,0.0874,-58.537,-122.500,-397.134,1,90
-1.9004,-1.6934,0.0811,-53.780,-124.573,-399.878,1,90
-1.9116,-1.6753,0.0659,-48.232,-125.854,-402.195,1,90
-1.9229,-1.6636,0.0576,-42.134,-127.866,-404.634,1,90
-1.9316,-1.6440,0.0396,-35.305,-129.634,-407.073,1,90
-1.9468,-1.6201,0.0190,-27.622,-131.951,-409.451,1,90
-1.9443,-1.6055,0.0054,-19.207,-134.085,-411.646,1,90
-1.9517,-1.5830,-0.0283,-10.244,-136.646,-414.024,1,90
-1.9678,-1.5654,-0.0645,-1.037,-138.841,-415.976,1,90
-1.9604,-1.5503,-0.0864,7.439,-141.585,-418.354,1,90
-1.9858,-1.5215,-0.1084,20.244,-145.122,-421.098,1,90
-0.8784,-0.3394,-0.2651,70.488,103.354,104.695,3,42
-0.8540,-0.3491,-0.2930,67.683,102.500,105.549,3,42
-0.8252,-0.2603,-0.2349,66.951,101.768,106.098,3,42
-0.8164,-0.1748,-0.2617,62.500,98.841,106.890,3,42
-0.8311,-0.1323,-0.3330,58.902,97.012,107.683,3,42
-0.8970,-0.1099,-0.3853,57.439,95.244,107.927,3,42
-0.9175,-0.0928,-0.4014,55.549,93.963,107.866,3,42
-0.8921,-0.0601,-0.4063,54.451,92.134,107.012,3,42
-1.9971,-1.5098,-0.1084,29.146,-147.256,-423.049,1,90
-2.0220,-1.4873,-0.1069,36.890,-149.268,-424.451,1,90
-2.0313,-1.4663,-0.1025,44.024,-151.524,-425.488,1,90
-2.0439,-1.4482,-0.0967,50.305,-154.451,-426.220,1,90
-2.0605,-1.4204,-0.1021,56.098,-157.439,-426.524,1,90
-2.0752,-1.3901,-0.1001,60.366,-160.488,-426.037,1,90
-2.0981,-1.3682,-0.1064,63.659,-163.841,-425.732,1,90
-2.1221,-1.3325,-0.1021,67.012,-167.378,-424.512,1,90
-0.8442,0.6895,5.2339,86.524,-154.085,-55.793,4,42
-1.7568,0.0610,3.0771,38.720,-129.451,1.890,4,42
-2.4570,-0.7534,0.8320,-20.000,-132.561,15.183,4,42
-3.4478,-0.8062,-1.1436,-54.451,-136.951,-4.207,4,42
-4.4106,0.4023,-2.6108,-64.634,-125.000,-6.402,4,42
-5.0029,1.6216,-3.5146,-70.427,-101.280,18.598,4,42
-5.4233,1.9248,-3.7642,-64.573,-77.317,53.598,4,42
-5.9521,1.0664,-3.3042,-47.744,-71.707,56.402,4,42
-2.1323,-1.2925,-0.1157,68.841,-171.037,-422.866,1,90
-2.1528,-1.2617,-0.1138,70.366,-174.756,-420.732,1,90
-2.1729,-1.2153,-0.1235,71.037,-178.354,-418.232,1,90
-2.1880,-1.1709,-0.1426,70.854,-181.707,-415.366,1,90
-2.2021,-1.1274,-0.1616,70.244,-184.939,-411.829,1,90
-2.2173,-1.0649,-0.1973,68.659,-188.598,-408.171,1,90
-2.2319,-1.0020,-0.2456,66.037,-191.951,-403.780,1,90
-2.2544,-0.9326,-0.2910,62.378,-195.305,-398.720,1,90
-5.9414,-0.1328,-1.6797,-40.305,-107.500,23.232,4,42
-5.3594,-1.0093,-0.0547,-50.061,-148.902,-14.085,4,42
-4.1328,-1.7285,1.0327,-80.244,-167.683,-25.122,4,42
-2.2588,-2.1113,1.6030,-122.561,-177.622,-29.695,4,42
-0.2363,-1.9526,2.0459,-164.634,-182.317,-48.110,4,42
1.1904,-1.6299,2.6450,-202.866,-186.890,-72.744,4,42
1.7139,-1.1318,3.1523,-210.305,-181.463,-74.573,4,42
1.1533,-0.5225,3.3149,-199.146,-161.220,-50.488,4,42
-2.2607,-0.8623,-0.3291,57.927,-197.439,-393.110,1,90
-2.2900,-0.7788,-0.3589,52.378,-199.451,-386.524,1,90
-2.2993,-0.7065,-0.3950,45.854,-200.427,-379.390,1,90
-2.3101,-0.6294,-0.4160,38.415,-200.488,-371.707,1,90
-2.3159,-0.5571,-0.4365,31.463,-199.451,-362.927,1,90
-2.3296,-0.4756,-0.4810,24.512,-198.110,-353.415,1,90
-2.3486,-0.3711,-0.5298,16.585,-196.463,-343.110,1,90
-2.3525,-0.2700,-0.5581,6.341,-194.207,-332.439,1,90
0.0459,-0.5220,3.1431,-181.159,-127.805,-17.378,4,42
-1.4937,-0.7339,2.6216,-153.902,-87.195,2.622,4,42
-2.1069,-0.2769,1.9800,-115.122,-53.598,-1.220,4,42
-2.3306,0.1523,1.1406,-95.061,-22.073,3.232,4,42
-2.4072,0.1221,0.5103,-80.976,-0.610,7.866,4,42
-2.1494,0.1753,0.1792,-66.768,8.963,3.841,4,42
-1.9443,0.1587,0.3052,-62.012,12.195,-2.195,4,42
-1.9229,0.0010,0.6294,-55.488,14.024,-4.573,4,42
1.4995,1.0488,-0.5718,31.707,15.000,38.354,2,90
1.5425,1.0527,-0.5767,26.585,14.695,41.098,2,90
1.5776,1.0581,-0.5869,21.585,14.207,44.146,2,90
1.6118,1.0615,-0.5981,16.646,13.598,47.073,2,90
1.6479,1.0723,-0.6069,10.915,12.927,49.878,2,90
1.6729,1.0767,-0.6279,6.707,11.707,52.866,2,90
1.6963,1.0781,-0.6387,1.829,10.732,55.488,2,90
1.7139,1.0850,-0.6440,-2.866,9.695,58.171,2,90
-2.2793,-0.2422,1.3696,-41.646,18.293,4.695,4,42
-2.5430,-0.2485,1.7393,-36.402,28.537,11.402,4,42
-2.5508,-0.1885,1.8086,-37.073,35.427,12.439,4,42
-2.2529,-0.0034,1.6777,-40.854,52.134,7.988,4,42
-1.5591,0.1846,1.0928,-40.549,74.939,3.232,4,42
-1.4063,0.1421,0.9380,-39.573,79.817,4.329,4,42
-1.3379,-0.2075,0.6875,-34.451,90.976,6.280,4,42
-1.4668,-0.4258,0.6143,-34.634,95.671,3.049,4,42
-2.3052,0.5918,-0.5596,-69.817,-115.061,-227.256,1,90
-2.2900,0.6841,-0.5674,-74.817,-103.720,-216.707,1,90
-2.2729,0.7681,-0.5918,-80.671,-93.415,-206.585,1,90
-2.2661,0.8203,-0.6357,-86.829,-83.720,-196.463,1,90
-2.2642,0.8672,-0.6719,-92.073,-74.024,-185.793,1,90
-2.2646,0.9180,-0.7036,-96.707,-64.695,-174.817,1,90
-2.2852,0.9502,-0.7178,-101.585,-55.427,-162.622,1,90
-2.3110,1.0015,-0.7188,-106.280,-46.098,-149.756,1,90
-1.5938,-0.5791,0.5654,-35.915,97.439,-2.439,4,42
-1.7080,-0.6870,0.6265,-33.171,100.427,-5.671,4,42
-1.8345,-0.7407,0.7827,-29.451,106.402,-4.573,4,42
-1.9390,-0.8203,0.9116,-28.780,112.988,-1.890,4,42
-2.0532,-0.8945,1.0591,-31.768,120.305,-0.244,4,42
-2.1787,-0.9644,1.2207,-37.317,127.256,-0.915,4,42
-2.2773,-1.0239,1.3047,-43.659,133.720,-4.207,4,42
-2.3701,-1.0420,1.3330,-45.549,138.902,-6.829,4,42
-2.3462,1.0552,-0.7373,-110.915,-36.646,-135.732,1,90
-2.3774,1.1118,-0.7437,-115.488,-26.280,-121.159,1,90
-2.4053,1.1812,-0.7529,-119.878,-15.305,-106.341,1,90
-2.4316,1.2764,-0.7505,-123.476,-2.805,-91.280,1,90
-2.4434,1.3931,-0.7188,-128.841,10.000,-75.183,1,90
-2.4424,1.4863,-0.7056,-134.695,22.988,-59.085,1,90
-2.4199,1.5771,-0.7017,-138.049,35.061,-44.390,1,90
-2.3716,1.6514,-0.7104,-139.817,46.280,-29.451,1,90
-2.4805,-1.1353,1.3848,-46.037,144.451,-9.512,4,42
-2.6118,-1.2803,1.3525,-46.707,149.878,-12.622,4,42
-2.7144,-1.3047,1.2739,-46.585,155.244,-16.585,4,42
-2.7871,-1.2349,1.2476,-45.549,158.902,-17.561,4,42
-2.8140,-1.1577,1.2451,-44.573,162.805,-15.915,4,42
-2.8149,-1.1055,1.2593,-44.329,167.195,-13.293,4,42
-2.7612,-1.1006,1.3359,-45.732,172.073,-10.305,4,42
-2.7114,-1.1855,1.4175,-50.183,177.012,-6.707,4,42
-2.3066,1.7148,-0.7153,-137.012,56.890,-15.854,1,90
-2.2339,1.8008,-0.7178,-135.732,65.183,-3.110,1,90
-2.1445,1.8730,-0.7183,-132.744,72.622,9.329,1,90
-2.0527,1.9609,-0.6992,-126.768,79.512,22.134,1,90
-1.9663,2.0522,-0.6855,-118.720,85.976,36.159,1,90
-1.8682,2.1626,-0.6816,-110.000,91.768,51.646,1,90
-1.7876,2.2588,-0.6685,-101.220,97.012,68.537,1,90
-1.6997,2.3428,-0.6567,-91.402,102.012,87.866,1,90
-2.6973,-1.3784,1.4966,-57.561,182.988,-2.927,4,42
-2.7119,-1.6079,1.5532,-68.780,188.720,-1.220,4,42
-2.7539,-1.8257,1.6255,-84.207,193.841,0.244,4,42
-2.7412,-1.9136,1.6816,-101.341,198.354,-0.183,4,42
-2.7461,-2.0435,1.7759,-121.646,200.854,-1.585,4,42
-2.8188,-2.1377,1.8960,-142.744,202.927,0.183,4,42
-2.8472,-2.1899,1.9526,-165.854,205.610,-0.976,4,42
-2.8257,-2.1260,2.2158,-184.573,202.927,-2.134,4,42
-1.6021,2.4180,-0.6528,-82.500,106.220,108.780,1,90
-1.5137,2.4478,-0.6602,-71.768,110.488,130.366,1,90
-1.4380,2.4609,-0.6602,-59.085,114.146,152.378,1,90
-1.3652,2.4346,-0.6563,-45.122,117.378,174.329,1,90
-1.3066,2.3916,-0.6455,-30.061,120.244,195.488,1,90
-1.2456,2.2744,-0.6025,-6.280,123.110,226.280,1,90
-1.2163,2.1787,-0.5752,9.146,124.329,245.183,1,90
-1.2109,2.0630,-0.5425,22.988,124.878,263.415,1,90
-1.2266,1.9331,-0.5137,34.573,123.963,280.061,1,90
-1.2476,1.7983,-0.4858,44.817,123.415,295.854,1,90
-1.2930,1.6655,-0.4453,53.415,122.744,309.695,1,90
-1.3442,1.5308,-0.4160,61.098,121.890,323.354,1,90
-1.4004,1.3979,-0.4009,68.171,121.585,336.098,1,90
-1.4678,1.2739,-0.3818,74.268,121.951,348.537,1,90
-1.5410,1.1509,-0.3545,80.183,123.354,360.915,1,90
-1.5972,1.0391,-0.3320,85.000,125.183,372.500,1,90
-0.9634,-0.1294,-0.3110,-44.024,-10.915,-86.707,3,42
-0.9604,-0.1558,-0.3237,-47.622,-13.659,-88.354,3,42
-0.9321,-0.1455,-0.3486,-50.305,-15.671,-90.183,3,42
-0.9116,-0.1265,-0.3672,-55.305,-20.122,-91.341,3,42
-0.8984,-0.1812,-0.4458,-59.573,-23.720,-92.195,3,42
-0.8853,-0.2246,-0.4912,-60.305,-25.610,-94.207,3,42
-0.8623,-0.2349,-0.4668,-64.085,-29.024,-94.146,3,42
-0.8438,-0.2930,-0.5020,-67.683,-32.988,-94.756,3,42
-1.6533,0.9316,-0.3008,89.756,127.744,383.537,1,90
-1.7095,0.8311,-0.2769,93.293,130.000,394.390,1,90
-1.7422,0.7305,-0.2319,96.402,132.622,405.000,1,90
-1.7729,0.6299,-0.2026,99.329,134.634,415.000,1,90
-1.8115,0.5410,-0.1719,102.988,137.561,424.146,1,90
-1.8335,0.4521,-0.1445,104.695,140.610,432.744,1,90
-1.8540,0.3643,-0.1016,107.012,143.354,440.244,1,90
-1.8760,0.2749,-0.0688,109.329,145.793,447.439,1,90
-1.6274,-0.2993,1.2930,-370.244,111.220,-30.732,4,42
-1.7563,-0.4106,1.5332,-370.183,111.585,-43.476,4,42
-1.7441,-0.5747,1.7803,-365.671,100.061,-53.963,4,42
-1.7627,-0.7832,1.8896,-360.061,91.463,-68.171,4,42
-1.9971,-0.9678,1.9761,-344.146,77.134,-77.927,4,42
-2.2266,-1.1895,1.9824,-310.976,56.585,-81.220,4,42
-2.2803,-1.3950,1.8765,-265.305,37.134,-84.451,4,42
-2.1802,-1.5288,1.8110,-216.768,24.329,-88.476,4,42
-1.8867,0.1816,-0.0142,111.280,147.744,453.354,1,90
-1.8965,0.0854,0.0205,112.622,149.268,458.659,1,90
-1.9116,-0.0146,0.0664,113.476,150.732,463.232,1,90
-1.9263,-0.1250,0.0996,114.390,152.256,466.768,1,90
-1.9292,-0.2236,0.1265,114.573,153.537,469.756,1,90
-1.9414,-0.3354,0.1704,113.476,155.488,472.378,1,90
-1.9570,-0.4414,0.2065,111.402,156.341,474.329,1,90
-1.9868,-0.5225,0.2910,107.073,156.402,475.671,1,90
-1.9106,-1.4946,2.0142,-171.707,12.073,-94.268,4,42
-1.4614,-1.2573,2.3589,-148.720,1.220,-102.805,4,42
-1.1162,-0.8540,2.7017,-143.841,-18.232,-108.232,4,42
-0.4346,-0.3677,2.7124,-155.915,-24.451,-115.793,4,42
-0.0688,0.0615,2.7266,-172.439,-9.390,-129.939,4,42
-0.1724,0.4199,2.8403,-188.598,-7.561,-135.915,4,42
-0.3130,0.7539,2.7705,-195.427,-16.159,-134.207,4,42
-0.3477,1.0205,2.5122,-182.012,-19.085,-130.061,4,42
-1.9707,-0.6123,0.3452,97.012,154.390,476.951,1,90
-1.9785,-0.7573,0.3662,85.000,152.195,479.329,1,90
-1.9702,-0.8779,0.3403,77.927,149.817,482.195,1,90
-1.9658,-1.0103,0.3052,70.793,141.890,486.220,1,90
-1.9639,-1.0996,0.2900,61.890,134.512,488.049,1,90
-1.9595,-1.2041,0.2769,50.610,126.463,489.878,1,90
-1.9697,-1.3062,0.2568,39.268,118.232,491.524,1,90
-1.9839,-1.4033,0.2412,28.659,110.793,493.963,1,90
0.2217,0.4043,-0.3491,-7.683,-77.927,224.451,2,90
0.1934,0.3799,-0.3477,-5.610,-77.256,222.500,2,90
0.1533,0.3560,-0.3628,-3.963,-76.646,219.756,2,90
0.1187,0.3389,-0.3799,-2.561,-75.854,217.073,2,90
0.0972,0.3130,-0.3892,-0.244,-74.939,213.902,2,90
0.0610,0.2998,-0.4048,1.585,-74.146,210.305,2,90
0.0317,0.2876,-0.4121,3.293,-73.110,206.646,2,90
0.0049,0.2676,-0.4385,4.329,-71.646,202.134,2,90
-0.8462,-0.2832,-0.3647,-77.744,-86.890,-69.573,3,42
-0.8555,-0.2764,-0.3794,-76.646,-87.256,-69.268,3,42
-0.8481,-0.2734,-0.4053,-73.598,-87.622,-68.598,3,42
-0.8433,-0.2793,-0.4375,-69.573,-87.622,-68.293,3,42
-0.8247,-0.2861,-0.4482,-66.463,-87.012,-67.744,3,42
-0.8154,-0.2983,-0.4551,-62.134,-87.195,-67.683,3,42
-0.8052,-0.3027,-0.4761,-58.902,-86.280,-67.134,3,42
-0.8013,-0.3149,-0.4722,-54.329,-85.549,-66.768,3,42
-0.0225,0.2593,-0.4424,5.976,-70.183,198.049,2,90
-0.0562,0.2461,-0.4492,6.463,-68.537,193.171,2,90
-0.0811,0.2451,-0.4497,6.341,-66.402,188.659,2,90
-0.1030,0.2368,-0.4619,6.585,-64.390,184.390,2,90
-0.1201,0.2241,-0.4683,6.707,-62.134,180.183,2,90
-0.1396,0.2153,-0.4873,6.829,-59.817,175.732,2,90
-0.1606,0.2119,-0.4878,7.073,-57.500,171.402,2,90
-0.1787,0.2061,-0.4912,7.317,-54.939,167.378,2,90
-0.7939,-0.3296,-0.4712,-47.805,-83.963,-65.488,3,42
-0.7827,-0.3467,-0.4746,-42.805,-83.354,-64.451,3,42
-0.7827,-0.3633,-0.4761,-40.854,-82.683,-64.146,3,42
-0.7852,-0.3838,-0.4375,-35.915,-80.915,-63.171,3,42
-0.7954,-0.4170,-0.3955,-28.537,-77.927,-60.854,3,42
-0.7798,-0.4478,-0.3945,-26.037,-77.012,-60.061,3,42
-0.7788,-0.4683,-0.3760,-22.317,-75.610,-59.146,3,42
-0.7783,-0.4580,-0.3232,-19.756,-74.512,-58.171,3,42
-0.1899,0.2065,-0.4917,7.622,-52.134,163.110,2,90
-0.1948,0.1968,-0.4912,6.768,-48.780,159.085,2,90
-0.1987,0.1914,-0.4897,6.768,-45.366,155.244,2,90
-0.2085,0.1875,-0.4888,6.098,-41.829,151.829,2,90
-0.1953,0.1831,-0.4888,5.854,-38.171,148.476,2,90
-0.1885,0.1733,-0.4785,5.854,-34.451,145.488,2,90
-0.1685,0.1670,-0.4771,5.732,-30.915,142.500,2,90
-0.1597,0.1509,-0.4697,6.341,-27.988,139.390,2,90
-0.7710,-0.4639,-0.3115,-19.085,-73.720,-56.402,3,42
-0.7773,-0.4736,-0.3110,-19.085,-73.110,-54.634,3,42
-0.7749,-0.4854,-0.2964,-18.476,-72.134,-52.561,3,42
-0.7939,-0.4868,-0.2739,-17.256,-70.915,-51.037,3,42
-0.8018,-0.4819,-0.2549,-17.317,-70.244,-49.329,3,42
-0.8086,-0.4668,-0.2363,-16.646,-69.634,-47.805,3,42
-0.8159,-0.4683,-0.2114,-16.463,-68.659,-46.951,3,42
-0.8262,-0.4399,-0.1772,-15.793,-67.317,-45.732,3,42
-0.1387,0.1475,-0.4575,6.402,-24.878,136.768,2,90
-0.1211,0.1333,-0.4575,6.646,-22.378,133.841,2,90
-0.1011,0.1265,-0.4536,6.951,-19.817,130.793,2,90
-0.0898,0.1099,-0.4331,7.256,-18.049,127.866,2,90
-0.0771,0.1055,-0.4194,7.256,-16.585,124.451,2,90
-0.0596,0.0908,-0.4111,7.744,-15.610,121.341,2,90
-0.0552,0.0786,-0.4053,7.988,-15.244,118.293,2,90
-0.0420,0.0752,-0.3906,7.805,-15.122,114.695,2,90
-0.8467,-0.4199,-0.1597,-16.098,-66.098,-44.268,3,42
-0.8574,-0.3921,-0.1426,-14.878,-64.695,-42.195,3,42
-0.8735,-0.3594,-0.1538,-14.024,-63.963,-40.244,3,42
-0.8823,-0.3369,-0.1348,-14.573,-63.171,-38.354,3,42
-0.9102,-0.3359,-0.1089,-13.171,-61.707,-36.951,3,42
-0.9365,-0.3022,-0.1040,-13.110,-60.183,-35.915,3,42
-0.9521,-0.2993,-0.0933,-13.780,-60.366,-34.634,3,42
-0.9683,-0.3188,-0.1152,-13.780,-59.329,-34.085,3,42
-0.0396,0.0581,-0.3799,8.110,-15.610,111.585,2,90
-0.0444,0.0615,-0.3726,7.378,-15.976,108.232,2,90
-0.0386,0.0498,-0.3618,6.890,-16.402,105.122,2,90
-0.0459,0.0361,-0.3511,5.671,-17.134,102.622,2,90
-0.0503,0.0229,-0.3335,4.451,-17.805,99.268,2,90
-0.0581,0.0186,-0.3223,3.476,-18.110,96.890,2,90
-0.0635,0.0137,-0.3140,1.890,-18.232,94.878,2,90
-0.0669,0.0029,-0.3066,-0.061,-18.110,92.805,2,90
-0.9849,-0.3354,-0.1050,-12.622,-57.073,-33.415,3,42
-0.9883,-0.3394,-0.1089,-10.549,-55.610,-32.378,3,42
-0.9961,-0.3506,-0.0933,-10.061,-54.268,-31.829,3,42
-0.9922,-0.3535,-0.0903,-9.268,-53.049,-31.402,3,42
-0.9824,-0.3647,-0.1143,-8.720,-52.683,-30.854,3,42
-0.9634,-0.3726,-0.1260,-7.378,-51.402,-30.366,3,42
-0.9497,-0.3765,-0.1172,-6.463,-50.854,-30.061,3,42
-0.9399,-0.3760,-0.1216,-5.183,-49.268,-29.146,3,42
-2.1699,-1.9692,0.1206,197.500,44.878,397.683,1,90
-2.1450,-2.0039,0.1123,196.951,44.756,389.024,1,90
-2.1133,-2.0132,0.1172,195.732,45.305,381.280,1,90
-2.0737,-2.0176,0.1162,195.122,47.195,373.354,1,90
-2.0352,-2.0054,0.1167,195.305,48.476,365.915,1,90
-1.9849,-1.9854,0.1333,195.305,50.610,359.024,1,90
-1.9536,-1.9604,0.1499,196.341,52.378,352.378,1,90
-1.9019,-1.9316,0.1675,197.805,54.024,345.610,1,90
-2.2432,0.8115,-0.5703,-58.049,-240.488,-262.256,4,42
-2.1284,0.8896,-0.5161,-44.634,-251.159,-247.073,4,42
-2.0049,0.9761,-0.4658,-39.146,-263.354,-237.378,4,42
-1.8359,1.0420,-0.4102,-40.061,-277.927,-227.622,4,42
-1.6899,1.1035,-0.3530,-45.183,-292.805,-218.110,4,42
-1.5415,1.1753,-0.3306,-54.329,-303.720,-207.317,4,42
-1.4785,1.1953,-0.3315,-67.805,-309.878,-195.793,4,42
-1.4160,1.1406,-0.3364,-82.927,-317.622,-182.500,4,42
-1.8730,-1.9097,0.1821,200.244,55.671,338.963,1,90
-1.8320,-1.8784,0.1914,202.744,56.402,332.866,1,90
-1.8057,-1.8467,0.2144,206.341,57.195,326.646,1,90
-1.7803,-1.8242,0.2275,209.695,57.012,320.915,1,90
-1.7705,-1.7935,0.2402,213.598,56.707,315.610,1,90
-1.7515,-1.7715,0.2349,218.232,57.256,310.549,1,90
-1.7456,-1.7549,0.2349,222.012,57.134,305.732,1,90
-1.7329,-1.7446,0.2368,226.829,57.988,301.829,1,90
-1.3750,1.0439,-0.3457,-97.256,-327.744,-170.061,4,42
-1.3657,0.9990,-0.4023,-110.488,-337.317,-156.037,4,42
-1.3696,1.1777,-0.8647,-135.122,-339.268,-143.780,4,42
-2.4092,0.4375,-1.1064,-100.122,-370.549,-157.622,4,42
-1.6255,-3.2207,-0.5322,-31.037,-444.268,-145.000,4,42
-4.2607,-6.6455,-3.4331,-125.000,-353.293,-166.646,4,42
-13.1030,-9.3198,-9.7959,69.024,-111.159,-309.756,4,42
-15.9009,0.9390,-11.3452,213.293,133.841,-385.671,4,42
-1.7383,-1.7485,0.2515,234.695,59.695,296.159,1,90
-1.7422,-1.7432,0.2544,237.195,60.366,294.390,1,90
-1.7490,-1.7563,0.2661,241.402,62.073,291.341,1,90
-1.7529,-1.7646,0.2998,248.476,65.976,286.524,1,90
-1.7500,-1.7910,0.3188,252.378,68.476,283.841,1,90
-1.7422,-1.8013,0.3320,256.768,71.585,280.488,1,90
-1.7354,-1.8247,0.3379,260.915,74.512,277.256,1,90
-1.7144,-1.8306,0.3555,264.756,77.439,273.110,1,90
-4.1934,5.6528,-7.9443,-80.671,160.183,-399.939,4,42
2.1924,2.6592,-5.8027,-531.768,246.951,-404.817,4,42
7.7148,0.3301,-4.5020,-844.451,345.061,-251.768,4,42
8.3682,1.9746,-3.8560,-964.451,360.183,-153.720,4,42
1.6558,3.7275,-4.2559,-770.183,105.793,-104.207,4,42
1.5425,8.0625,-4.0898,-468.354,-227.683,-48.293,4,42
-0.6699,10.7598,-5.3135,-177.622,-372.561,135.122,4,42
-1.6748,8.9551,-5.9751,-87.378,-240.976,227.927,4,42
-1.6831,-1.8452,0.3618,268.415,80.671,268.537,1,90
-1.6577,-1.8555,0.3579,271.159,83.232,263.902,1,90
-1.6226,-1.8735,0.3789,273.902,86.220,258.720,1,90
-1.5894,-1.8906,0.3901,275.732,88.841,253.415,1,90
-1.5542,-1.9131,0.4033,277.622,91.341,247.500,1,90
-1.5117,-1.9321,0.4004,278.902,93.720,241.280,1,90
-1.4658,-1.9531,0.4102,279.329,95.610,234.573,1,90
-1.4238,-1.9678,0.4023,279.573,97.500,227.927,1,90
-0.1309,7.4482,-4.0093,-115.915,-92.195,144.024,4,42
1.1230,6.1724,-2.5884,-176.037,-63.049,77.378,4,42
1.0562,4.8965,-2.1816,-197.744,-57.683,29.878,4,42
0.5688,3.6387,-2.7285,-196.463,-19.207,-13.415,4,42
0.4180,2.6748,-3.0972,-163.110,34.939,-47.500,4,42
0.5649,2.0259,-2.6108,-109.085,66.768,-69.939,4,42
0.6777,1.6201,-1.8208,-69.268,57.561,-78.963,4,42
0.7729,1.4048,-1.2573,-50.183,10.793,-70.854,4,42
-1.3750,-1.9897,0.3960,279.390,98.902,221.402,1,90
-1.3237,-2.0015,0.3833,278.659,99.451,214.817,1,90
-1.2734,-2.0098,0.3687,277.012,100.000,208.841,1,90
-1.2080,-2.0313,0.3589,274.695,100.732,202.927,1,90
-1.1523,-2.0513,0.3423,272.134,100.732,197.744,1,90
-1.1152,-2.0728,0.3252,268.902,100.549,192.927,1,90
-1.0640,-2.0815,0.2969,265.061,100.488,188.598,1,90
-1.0171,-2.0850,0.2593,261.280,99.451,184.634,1,90
0.8984,1.2300,-0.9248,-39.756,-50.793,-46.098,4,42
0.9224,1.0459,-0.5825,-32.256,-109.329,-11.646,4,42
0.8584,0.8892,-0.2319,-42.073,-159.207,20.061,4,42
0.8145,0.6289,0.0117,-75.244,-201.402,36.646,4,42
0.8740,0.4941,0.0918,-122.012,-240.854,36.524,4,42
0.9116,0.2764,-0.0371,-146.951,-257.134,32.866,4,42
0.8403,0.1421,-0.2402,-139.268,-228.354,30.366,4,42
0.6553,0.0371,-0.4658,-107.317,-167.195,25.732,4,42
-1.0117,-0.4277,-0.0811,-16.524,-11.951,-4.817,3,42
-1.0146,-0.4219,-0.0786,-17.683,-11.646,-5.610,3,42
-1.0278,-0.3853,-0.0825,-18.659,-11.159,-5.732,3,42
-1.0186,-0.3594,-0.0859,-20.000,-11.829,-6.402,3,42
-1.0107,-0.3462,-0.0991,-21.524,-12.500,-7.561,3,42
-1.0020,-0.3281,-0.1191,-21.768,-12.500,-8.293,3,42
-0.9927,-0.3057,-0.1250,-20.793,-11.829,-9.207,3,42
-0.9897,-0.2822,-0.1152,-20.122,-11.646,-9.939,3,42
-0.8506,-2.2578,-0.0547,204.817,75.732,161.646,1,90
-0.8594,-2.2690,-0.0586,200.732,74.573,160.305,1,90
-0.8901,-2.3262,-0.0845,189.329,70.915,156.098,1,90
-0.9038,-2.3647,-0.1001,181.402,68.902,153.110,1,90
-0.9209,-2.4063,-0.1143,172.988,66.768,149.451,1,90
-0.9395,-2.4507,-0.1279,164.634,64.878,145.305,1,90
-0.9473,-2.4878,-0.1392,156.037,62.866,140.549,1,90
-0.9595,-2.5303,-0.1509,147.012,60.793,135.305,1,90
0.3091,0.2056,-0.2153,26.646,35.915,-46.707,2,90
0.3247,0.2056,-0.2217,24.939,36.280,-49.329,2,90
0.3408,0.1943,-0.2139,22.866,36.524,-51.890,2,90
0.3623,0.1943,-0.2124,20.915,37.317,-54.146,2,90
0.3760,0.1987,-0.2046,18.720,37.805,-56.829,2,90
0.3936,0.1958,-0.2075,16.585,38.171,-59.756,2,90
0.4097,0.1958,-0.2095,14.512,38.415,-62.439,2,90
0.4268,0.1953,-0.2031,11.890,39.146,-65.549,2,90
-0.9531,-0.3037,-0.0288,-42.744,-23.476,-14.451,3,42
-0.9575,-0.3052,-0.0679,-46.220,-25.854,-15.366,3,42
-0.9634,-0.2935,-0.1279,-47.256,-26.159,-16.707,3,42
-0.9634,-0.2813,-0.1602,-45.549,-25.427,-17.927,3,42
-0.9683,-0.2583,-0.1758,-41.402,-23.598,-18.354,3,42
-0.9600,-0.2598,-0.1802,-36.707,-21.585,-18.476,3,42
-0.9688,-0.2529,-0.1489,-33.049,-19.756,-18.232,3,42
-0.9863,-0.2515,-0.1235,-30.732,-18.049,-17.683,3,42
-0.8154,-2.6382,-0.1699,66.829,45.427,79.939,1,90
-0.7837,-2.6265,-0.1611,57.927,44.146,73.720,1,90
-0.7480,-2.6201,-0.1606,49.817,42.622,66.951,1,90
-0.6973,-2.5952,-0.1489,42.256,41.280,60.610,1,90
-0.6572,-2.5693,-0.1475,34.207,39.878,54.085,1,90
-0.6294,-2.5483,-0.1289,26.890,38.293,48.110,1,90
-0.5850,-2.5220,-0.1343,19.756,37.012,41.890,1,90
-0.5483,-2.4932,-0.1191,12.622,35.366,35.305,1,90
0.5356,0.2700,-0.2461,-10.610,42.378,-93.902,2,90
0.5288,0.2783,-0.2593,-12.317,42.500,-97.073,2,90
0.5337,0.2939,-0.2720,-13.537,42.500,-99.573,2,90
0.5337,0.3091,-0.2910,-14.634,42.195,-102.927,2,90
0.5239,0.3252,-0.3091,-15.061,41.890,-105.488,2,90
0.5254,0.3438,-0.3286,-16.159,41.646,-107.927,2,90
0.5254,0.3550,-0.3467,-16.768,41.220,-110.610,2,90
0.5117,0.3696,-0.3525,-17.683,41.159,-113.171,2,90
-0.9141,-0.3950,-0.2275,-17.195,-16.463,-16.463,3,42
-0.9097,-0.4023,-0.2280,-15.427,-16.280,-16.463,3,42
-0.8984,-0.4106,-0.2231,-13.841,-15.488,-15.732,3,42
-0.8965,-0.4170,-0.2197,-11.463,-14.817,-14.939,3,42
-0.8911,-0.4282,-0.2012,-9.756,-13.598,-13.841,3,42
-0.8833,-0.4316,-0.1831,-7.073,-12.256,-12.317,3,42
-0.8823,-0.4331,-0.1738,-4.939,-11.098,-11.220,3,42
-0.8735,-0.4375,-0.1680,-2.683,-9.512,-9.878,3,42
0.5078,0.3906,-0.3774,-18.780,40.671,-115.244,2,90
0.4985,0.3896,-0.3882,-19.634,40.183,-117.561,2,90
0.5005,0.4043,-0.3994,-20.610,39.573,-119.390,2,90
0.4912,0.3979,-0.4194,-20.793,39.085,-121.402,2,90
0.4834,0.4019,-0.4189,-20.915,39.085,-123.110,2,90
0.4858,0.4097,-0.4326,-20.854,38.476,-124.573,2,90
0.4810,0.4146,-0.4395,-20.366,38.476,-126.280,2,90
0.4790,0.4126,-0.4482,-20.000,38.415,-128.049,2,90
-0.8687,-0.4331,-0.1699,-0.549,-8.049,-8.780,3,42
-0.8584,-0.4360,-0.1724,1.463,-7.195,-7.927,3,42
-0.8589,-0.4395,-0.1680,2.744,-5.854,-7.134,3,42
-0.8672,-0.4351,-0.1680,4.939,-4.573,-6.037,3,42
-0.8691,-0.4189,-0.1611,6.037,-3.476,-5.122,3,42
-0.8809,-0.4116,-0.1572,7.500,-2.256,-4.634,3,42
-0.8867,-0.3960,-0.1367,8.780,-0.976,-3.476,3,42
-0.8940,-0.3833,-0.1206,10.244,0.244,-2.866,3,42
0.4761,0.4175,-0.4468,-19.634,38.598,-129.329,2,90
0.4717,0.4160,-0.4492,-19.146,38.720,-130.915,2,90
0.4683,0.4233,-0.4351,-18.902,38.415,-132.012,2,90
0.4678,0.4297,-0.4336,-19.024,38.598,-133.354,2,90
0.4668,0.4219,-0.4248,-18.598,38.537,-134.451,2,90
0.4634,0.4292,-0.4160,-18.537,38.659,-135.183,2,90
0.4575,0.4302,-0.3994,-18.232,38.110,-135.915,2,90
0.4590,0.4316,-0.3916,-17.744,37.561,-136.646,2,90
-0.9077,-0.3589,-0.0864,13.110,2.988,-0.915,3,42
-0.9150,-0.3472,-0.0845,13.720,3.902,-0.549,3,42
-0.9360,-0.3315,-0.0693,15.671,5.732,0.305,3,42
-0.9448,-0.3218,-0.0459,18.049,8.659,1.890,3,42
-0.9741,-0.3237,-0.0151,22.195,12.927,3.293,3,42
-0.9878,-0.3291,-0.0005,25.488,16.220,4.573,3,42
-0.9902,-0.3223,0.0054,28.598,19.451,5.366,3,42
-0.9971,-0.3267,-0.0117,31.098,21.890,5.793,3,42
-0.9888,-0.3379,-0.0068,34.268,24.573,5.976,3,42
-0.9819,-0.3262,-0.0122,36.402,26.829,6.402,3,42
-0.9824,-0.3262,-0.0161,38.293,28.841,6.585,3,42
-0.9766,-0.3325,-0.0259,40.488,30.976,7.134,3,42
-0.9863,-0.3257,-0.0293,42.866,33.293,7.256,3,42
-0.9995,-0.3218,-0.0264,44.634,35.610,7.927,3,42
-1.0010,-0.3193,-0.0054,46.829,37.988,8.659,3,42
-1.0107,-0.3179,-0.0015,49.329,40.976,9.634,3,42
0.4531,0.4272,-0.3169,-12.195,25.732,-137.195,2,90
0.4541,0.4272,-0.2998,-11.463,23.963,-137.500,2,90
0.4658,0.4229,-0.3042,-11.159,22.073,-137.439,2,90
0.4712,0.4248,-0.2900,-10.488,20.061,-137.134,2,90
0.4663,0.4155,-0.2944,-10.000,18.232,-136.951,2,90
0.4771,0.4033,-0.2881,-9.939,16.220,-136.585,2,90
0.4800,0.4004,-0.2837,-9.024,14.329,-136.585,2,90
0.4893,0.3916,-0.2837,-8.537,12.073,-136.463,2,90
-1.0200,-0.3213,-0.0088,51.585,43.780,10.854,3,42
-1.0151,-0.3359,-0.0278,54.146,45.976,12.195,3,42
-1.0020,-0.3628,-0.0386,58.537,49.207,13.110,3,42
-0.9849,-0.3677,-0.0669,62.927,52.012,13.841,3,42
-0.9614,-0.3735,-0.0552,65.854,53.720,14.390,3,42
-0.9390,-0.3833,-0.0786,67.500,54.756,15.000,3,42
-0.9263,-0.3984,-0.0879,69.939,56.402,15.793,3,42
-0.9326,-0.3970,-0.0889,70.549,57.134,16.463,3,42
-0.6592,-1.4565,0.2065,-51.037,-39.451,-155.305,1,90
-0.6748,-1.4341,0.2114,-51.707,-40.915,-157.439,1,90
-0.6846,-1.4121,0.2275,-52.012,-41.829,-159.329,1,90
-0.6992,-1.4053,0.2378,-52.012,-43.415,-161.646,1,90
-0.7070,-1.3911,0.2485,-52.378,-44.573,-163.537,1,90
-0.7148,-1.3823,0.2471,-52.622,-45.854,-165.488,1,90
-0.7251,-1.3726,0.2563,-52.927,-47.317,-167.622,1,90
-0.7344,-1.3594,0.2559,-53.049,-48.720,-169.390,1,90
-1.5259,0.0317,-0.4707,267.012,181.829,70.305,4,42
-1.5332,0.0010,-0.4873,263.354,183.780,70.305,4,42
-1.5400,-0.0225,-0.5107,259.024,186.098,70.732,4,42
-1.5469,-0.0435,-0.5215,253.537,188.963,71.463,4,42
-1.5640,-0.0737,-0.5293,247.073,191.463,72.683,4,42
-1.5884,-0.0894,-0.5283,239.451,194.390,73.720,4,42
-1.6035,-0.1094,-0.5195,231.341,197.744,74.817,4,42
-1.6328,-0.1108,-0.4888,221.829,201.646,75.671,4,42
-0.7446,-1.3506,0.2681,-53.049,-50.488,-171.220,1,90
-0.7520,-1.3452,0.2686,-53.171,-52.073,-173.293,1,90
-0.7700,-1.3428,0.2866,-53.415,-53.659,-174.939,1,90
-0.7773,-1.3408,0.2871,-54.146,-55.488,-176.890,1,90
-0.7871,-1.3433,0.2954,-54.817,-57.378,-178.598,1,90
-0.7949,-1.3345,0.3018,-55.488,-59.146,-180.366,1,90
-0.8115,-1.3345,0.3076,-56.341,-61.463,-182.195,1,90
-0.8320,-1.3330,0.3169,-57.256,-63.049,-183.415,1,90
-1.6597,-0.1021,-0.4561,211.768,206.037,76.524,4,42
-1.6973,-0.1074,-0.4229,201.585,209.756,77.317,4,42
-1.7207,-0.1108,-0.3887,192.195,213.659,77.073,4,42
-1.7554,-0.1006,-0.3833,183.476,217.378,76.341,4,42
-1.7769,-0.0996,-0.3564,175.244,221.280,75.183,4,42
-1.7974,-0.0845,-0.3423,167.866,224.390,74.146,4,42
-1.8027,-0.0610,-0.3257,160.854,226.646,72.500,4,42
-1.8135,-0.0337,-0.2832,155.000,228.659,71.463,4,42
-0.8457,-1.3276,0.3262,-59.146,-65.122,-185.122,1,90
-0.8662,-1.3354,0.3423,-60.732,-67.073,-186.768,1,90
-0.8804,-1.3296,0.3428,-62.805,-68.902,-188.354,1,90
-0.9038,-1.3281,0.3511,-65.427,-70.915,-189.939,1,90
-0.9238,-1.3296,0.3647,-67.927,-72.622,-191.524,1,90
-0.9512,-1.3301,0.3599,-70.183,-74.695,-192.439,1,90
-0.9648,-1.3159,0.3564,-71.890,-76.280,-193.720,1,90
-0.9971,-1.3135,0.3574,-73.720,-78.537,-194.878,1,90
-1.8257,-0.0073,-0.2480,149.146,230.549,70.122,4,42
-1.8428,0.0210,-0.1890,143.354,232.805,68.232,4,42
-1.8691,0.0459,-0.1279,138.659,235.183,66.890,4,42
-1.8882,0.0757,-0.0693,135.427,237.744,64.878,4,42
-1.9048,0.0972,0.0063,133.232,239.878,63.171,4,42
-1.9185,0.1294,0.0786,131.951,240.793,61.341,4,42
-1.9175,0.1401,0.1621,131.768,241.098,60.488,4,42
-1.9175,0.1494,0.2461,131.890,240.366,60.122,4,42
-1.0269,-1.3091,0.3525,-75.183,-80.305,-196.524,1,90
-1.0498,-1.2944,0.3569,-77.134,-81.829,-198.354,1,90
-1.0718,-1.2925,0.3555,-79.451,-84.085,-199.756,1,90
-1.1040,-1.2891,0.3516,-81.890,-85.671,-201.585,1,90
-1.1309,-1.2837,0.3477,-83.902,-87.561,-203.537,1,90
-1.1592,-1.2813,0.3403,-86.220,-89.268,-205.244,1,90
-1.1812,-1.2803,0.3369,-88.780,-90.732,-206.890,1,90
-1.2119,-1.2705,0.3394,-90.610,-92.683,-208.902,1,90
-1.9043,0.1494,0.3364,132.683,238.659,59.573,4,42
-1.8838,0.1382,0.4302,133.841,236.220,59.634,4,42
-1.8501,0.1240,0.5229,134.878,233.110,59.817,4,42
-1.8154,0.0933,0.6123,135.671,229.451,60.183,4,42
-1.7637,0.0723,0.6890,136.159,224.268,60.976,4,42
-1.7261,0.0420,0.7729,135.488,218.902,62.256,4,42
-1.6699,0.0015,0.8296,134.085,212.439,63.659,4,42
-1.6191,-0.0342,0.8940,131.280,205.915,64.756,4,42
-1.2500,-1.2656,0.3364,-94.024,-95.244,-211.890,1,90
-1.2690,-1.2617,0.3398,-96.402,-97.317,-213.841,1,90
-1.2930,-1.2607,0.3389,-99.085,-99.085,-215.732,1,90
-1.3101,-1.2539,0.3354,-101.707,-100.854,-217.988,1,90
-1.3315,-1.2480,0.3418,-104.268,-102.683,-219.817,1,90
-1.3491,-1.2422,0.3481,-107.012,-103.902,-221.890,1,90
-1.3643,-1.2485,0.3418,-109.634,-105.976,-223.963,1,90
-1.3706,-1.2432,0.3335,-113.110,-108.049,-225.854,1,90
-1.5654,-0.0684,0.9429,127.744,199.451,66.220,4,42
-1.5190,-0.1074,0.9907,122.561,193.720,67.622,4,42
-1.4780,-0.1509,1.0269,117.622,187.988,68.171,4,42
-1.4419,-0.1797,1.0562,112.500,182.500,68.902,4,42
-1.3906,-0.2134,1.0850,108.537,177.073,68.902,4,42
-1.3530,-0.2314,1.1035,105.244,171.463,68.963,4,42
-1.3013,-0.2451,1.1216,102.439,166.037,68.537,4,42
-1.2559,-0.2559,1.1328,100.732,160.549,68.720,4,42
-1.4014,-1.2441,0.3320,-115.854,-110.000,-227.927,1,90
-1.4248,-1.2466,0.3276,-118.841,-111.768,-230.061,1,90
-1.4429,-1.2427,0.3271,-121.829,-113.354,-231.707,1,90
-1.4600,-1.2358,0.3301,-125.488,-114.512,-233.780,1,90
-1.4819,-1.2305,0.3354,-128.902,-115.366,-235.549,1,90
-1.4883,-1.2354,0.3330,-132.012,-116.220,-237.378,1,90
-1.5063,-1.2217,0.3364,-135.305,-117.683,-239.146,1,90
-1.5210,-1.2227,0.3369,-138.354,-118.598,-240.793,1,90
-1.2158,-0.2544,1.1255,99.085,155.915,68.902,4,42
-1.1743,-0.2441,1.1206,96.890,151.463,68.780,4,42
-1.1357,-0.2129,1.1021,92.683,148.354,68.902,4,42
-1.1157,-0.1675,1.0854,86.707,146.463,68.963,4,42
-1.1113,-0.1079,1.0718,78.537,146.585,69.695,4,42
-1.1147,-0.0605,1.0757,69.634,148.232,70.976,4,42
-1.1411,-0.0210,1.1099,60.671,150.610,72.378,4,42
-1.1797,-0.0142,1.1475,53.659,152.988,74.024,4,42
-1.5327,-1.2153,0.3433,-141.280,-119.573,-242.378,1,90
-1.5435,-1.2065,0.3340,-143.780,-120.488,-244.329,1,90
-1.5552,-1.2148,0.3301,-146.402,-121.585,-246.037,1,90
-1.5713,-1.2090,0.3257,-148.841,-122.622,-247.927,1,90
-1.5815,-1.1978,0.3086,-150.915,-123.963,-249.756,1,90
-1.5913,-1.2017,0.2910,-152.073,-125.427,-252.012,1,90
-1.6104,-1.2041,0.2876,-153.354,-126.220,-254.268,1,90
-1.6230,-1.1997,0.2656,-153.902,-127.683,-256.341,1,90
0.7051,0.6377,-0.3315,-15.305,18.841,-173.293,2,90
0.7080,0.6553,-0.3325,-16.524,20.915,-173.049,2,90
0.7085,0.6719,-0.3306,-17.622,22.439,-172.134,2,90
0.7017,0.6909,-0.3354,-18.963,24.390,-170.915,2,90
0.7061,0.7075,-0.3364,-19.329,25.854,-169.878,2,90
0.7031,0.7188,-0.3413,-19.634,27.744,-168.110,2,90
0.7041,0.7349,-0.3389,-19.695,29.451,-166.463,2,90
0.6953,0.7451,-0.3433,-19.451,31.098,-164.512,2,90
-0.8760,-0.5142,-0.1611,20.610,39.085,54.146,3,42
-0.8560,-0.4858,-0.1982,18.902,37.561,54.939,3,42
-0.8545,-0.4375,-0.2466,17.256,36.280,55.122,3,42
-0.8477,-0.3857,-0.3149,16.829,35.000,55.366,3,42
-0.8569,-0.3291,-0.3604,16.585,34.329,54.573,3,42
-0.8535,-0.2959,-0.3730,17.195,34.085,53.963,3,42
-0.8413,-0.2627,-0.3574,18.110,33.659,53.232,3,42
-0.8232,-0.2500,-0.3262,18.963,34.024,52.927,3,42
0.6919,0.7529,-0.3433,-18.354,32.683,-162.378,2,90
0.6963,0.7651,-0.3516,-17.195,34.756,-160.427,2,90
0.6953,0.7754,-0.3521,-15.366,36.098,-158.110,2,90
0.6973,0.7935,-0.3521,-13.415,37.439,-155.976,2,90
0.7012,0.7959,-0.3511,-11.159,39.512,-154.207,2,90
0.6938,0.8105,-0.3481,-9.390,40.854,-151.951,2,90
0.6978,0.8247,-0.3516,-7.439,42.317,-150.061,2,90
0.6963,0.8369,-0.3491,-6.037,43.963,-147.866,2,90
-0.7998,-0.2529,-0.3115,19.634,33.902,52.805,3,42
-0.7949,-0.2520,-0.3081,20.061,33.659,52.866,3,42
-0.7842,-0.2466,-0.3159,19.634,32.378,51.951,3,42
-0.7964,-0.2388,-0.3262,17.561,30.671,51.524,3,42
-0.8096,-0.2344,-0.3467,15.183,28.720,50.610,3,42
-0.8315,-0.2383,-0.3643,13.049,26.707,49.695,3,42
-0.8467,-0.2622,-0.3735,11.524,25.427,49.451,3,42
-0.8672,-0.2744,-0.3604,10.244,24.146,49.024,3,42
-0.8716,-0.2988,-0.3374,9.085,22.927,49.024,3,42
-0.8857,-0.3213,-0.3057,7.683,21.829,49.329,3,42
-0.9023,-0.3447,-0.2686,5.488,20.671,49.878,3,42
-0.9209,-0.3560,-0.2432,3.476,19.390,50.610,3,42
-0.9399,-0.3721,-0.2163,0.793,18.293,51.707,3,42
-0.9629,-0.3931,-0.2188,-1.890,17.195,52.622,3,42
-0.9824,-0.3901,-0.2104,-4.146,16.463,53.476,3,42
-1.0024,-0.3921,-0.1919,-6.463,15.854,54.390,3,42
-1.7896,-1.0874,0.0156,-108.049,-134.390,-311.524,1,90
-1.7939,-1.0796,0.0142,-105.793,-134.207,-313.415,1,90
-1.7871,-1.0688,-0.0020,-103.902,-133.659,-315.183,1,90
-1.7891,-1.0718,-0.0049,-101.646,-133.293,-316.585,1,90
-1.7822,-1.0552,-0.0112,-99.817,-132.622,-318.049,1,90
-1.7832,-1.0488,-0.0215,-97.195,-131.951,-319.390,1,90
-1.7871,-1.0396,-0.0215,-95.061,-131.402,-320.549,1,90
-1.7861,-1.0298,-0.0269,-92.866,-130.671,-321.585,1,90
-1.5869,-2.3213,9.1958,304.878,-35.976,-186.829,4,42
-1.2275,-0.7642,8.8623,332.134,-152.866,-217.988,4,42
-1.5879,0.0039,6.3779,207.866,-268.902,-121.463,4,42
-2.3882,-1.0039,3.2876,42.378,-250.427,-22.622,4,42
-2.9810,-3.0322,1.8506,35.549,-117.256,26.159,4,42
-2.3604,-3.7139,2.7783,174.817,-59.329,33.476,4,42
-1.0239,-3.1196,4.2070,236.646,-94.878,10.427,4,42
0.2729,-1.9517,4.9966,220.732,-135.061,-17.866,4,42
-1.7910,-1.0195,-0.0234,-90.915,-130.244,-322.866,1,90
-1.7920,-1.0156,-0.0317,-89.146,-129.268,-323.780,1,90
-1.7925,-1.0029,-0.0317,-87.378,-128.537,-324.329,1,90
-1.7896,-0.9902,-0.0347,-86.098,-127.744,-325.122,1,90
-1.7930,-0.9849,-0.0464,-84.329,-127.195,-325.671,1,90
-1.7847,-0.9829,-0.0410,-83.415,-126.159,-325.732,1,90
-1.7856,-0.9761,-0.0522,-81.890,-125.122,-326.159,1,90
-1.7793,-0.9609,-0.0483,-80.305,-123.232,-326.768,1,90
0.9609,-1.0264,5.2983,189.146,-154.024,-41.951,4,42
1.0112,-0.8164,5.3760,153.415,-157.683,-56.463,4,42
0.8184,-0.8452,4.9590,138.110,-159.756,-66.341,4,42
0.0791,-0.7822,3.9429,146.220,-159.329,-62.866,4,42
-0.8442,-0.6064,2.6631,164.268,-145.183,-49.024,4,42
-1.7783,-0.5986,1.7114,176.220,-127.866,-29.756,4,42
-2.3560,-0.5288,1.0791,189.756,-115.549,-9.634,4,42
-2.8140,-0.3164,0.3994,188.354,-104.756,4.512,4,42
-1.7695,-0.9502,-0.0459,-78.963,-122.073,-326.768,1,90
-1.7607,-0.9482,-0.0537,-78.049,-120.915,-327.073,1,90
-1.7495,-0.9414,-0.0649,-77.073,-119.268,-327.378,1,90
-1.7378,-0.9390,-0.0693,-76.098,-117.866,-327.439,1,90
-1.7339,-0.9331,-0.0762,-75.122,-116.585,-327.622,1,90
-1.7207,-0.9341,-0.0850,-74.329,-115.488,-327.927,1,90
-1.7061,-0.9224,-0.0942,-73.720,-114.451,-327.500,1,90
-1.7036,-0.9219,-0.1064,-73.232,-113.415,-327.073,1,90
-3.3115,-0.1182,-0.2456,172.073,-89.634,13.963,4,42
-3.7524,0.0513,-0.8022,155.671,-76.341,19.451,4,42
-4.0156,0.2886,-1.1982,152.073,-72.805,22.317,4,42
-4.0117,0.6099,-1.3760,157.134,-81.402,20.976,4,42
-3.8188,0.8398,-1.2915,159.268,-97.561,14.085,4,42
-3.4497,0.7769,-0.9731,157.317,-118.537,-2.561,4,42
-2.8901,0.3813,-0.4399,157.744,-140.244,-20.427,4,42
-2.3315,-0.1519,0.1768,156.768,-158.963,-29.512,4,42
-1.6934,-0.9204,-0.1172,-72.439,-112.988,-326.646,1,90
-1.7021,-0.9199,-0.1401,-72.134,-112.622,-325.732,1,90
-1.7061,-0.9170,-0.1392,-71.890,-112.317,-325.000,1,90
-1.7119,-0.9141,-0.1519,-71.768,-112.012,-323.841,1,90
-1.7222,-0.9106,-0.1519,-71.646,-111.585,-322.256,1,90
-1.7358,-0.9082,-0.1567,-71.829,-111.098,-320.976,1,90
-1.7505,-0.9043,-0.1675,-71.951,-110.183,-319.268,1,90
-1.7607,-0.8950,-0.1699,-72.012,-109.329,-317.927,1,90
-1.8477,-0.5864,0.7588,149.939,-169.878,-27.561,4,42
-1.4199,-0.9111,1.1064,134.817,-172.378,-16.951,4,42
-1.2573,-0.9966,1.2261,107.927,-170.732,-5.549,4,42
-1.0918,-1.0713,1.1528,73.232,-169.329,2.622,4,42
-1.0190,-1.0835,0.9341,42.195,-166.768,11.098,4,42
-0.9380,-1.1597,0.6309,16.402,-157.988,12.622,4,42
-0.7827,-1.2617,0.3174,-2.805,-147.805,6.280,4,42
-0.6777,-1.2622,0.0835,-15.915,-137.744,-5.366,4,42
-1.7686,-0.8843,-0.1768,-72.500,-108.415,-316.098,1,90
-1.7695,-0.8813,-0.1953,-72.683,-107.012,-314.512,1,90
-1.7788,-0.8774,-0.1943,-72.927,-105.366,-312.805,1,90
-1.7739,-0.8564,-0.2119,-73.415,-103.780,-311.098,1,90
-1.7739,-0.8452,-0.2114,-73.049,-101.646,-309.573,1,90
-1.7554,-0.8340,-0.2300,-72.500,-99.329,-308.171,1,90
-1.7466,-0.8203,-0.2407,-72.256,-97.378,-306.585,1,90
-1.7319,-0.8018,-0.2451,-71.707,-95.122,-304.756,1,90
-0.7388,-1.1367,-0.0327,-27.378,-126.707,-14.878,4,42
-0.8550,-0.9370,-0.0586,-38.659,-113.902,-18.963,4,42
-0.9038,-0.6875,-0.0972,-47.927,-100.793,-19.634,4,42
-0.8560,-0.4160,-0.1074,-53.598,-87.134,-17.927,4,42
-0.7559,-0.2271,0.0034,-55.732,-73.902,-13.354,4,42
-0.5923,-0.1411,0.1851,-55.244,-63.232,-3.963,4,42
-0.3550,-0.0996,0.3940,-52.378,-52.256,7.134,4,42
-0.1846,-0.0552,0.6953,-49.817,-40.000,19.146,4,42
-1.7129,-0.7852,-0.2520,-71.341,-93.293,-303.232,1,90
-1.6851,-0.7627,-0.2627,-69.878,-91.037,-301.341,1,90
-1.6636,-0.7510,-0.2769,-69.329,-89.329,-299.329,1,90
-1.6411,-0.7339,-0.2920,-68.659,-87.744,-297.195,1,90
-1.6157,-0.7114,-0.2998,-67.805,-86.646,-294.695,1,90
-1.6089,-0.7031,-0.3145,-67.317,-85.305,-292.012,1,90
-1.5762,-0.6816,-0.3438,-66.768,-83.841,-288.354,1,90
-1.5664,-0.6777,-0.3525,-66.829,-83.110,-285.488,1,90
0.9541,1.0449,-0.4614,5.427,67.134,-31.220,2,90
0.9409,1.0527,-0.4795,5.000,65.793,-28.780,2,90
0.9341,1.0684,-0.4858,4.695,63.902,-26.585,2,90
0.9248,1.0796,-0.5034,4.268,62.195,-23.963,2,90
0.9121,1.0977,-0.5112,4.146,60.000,-21.280,2,90
0.9048,1.1118,-0.5352,3.902,57.866,-18.659,2,90
0.8921,1.1187,-0.5513,3.963,54.939,-16.280,2,90
0.8892,1.1333,-0.5708,4.390,52.012,-13.476,2,90
-0.8896,0.0615,-0.3149,-26.402,14.878,64.329,3,42
-0.8667,0.0566,-0.3350,-20.854,17.500,63.537,3,42
-0.8154,0.0679,-0.3213,-15.488,19.939,62.439,3,42
-0.7749,0.0811,-0.3203,-10.183,22.073,61.646,3,42
-0.7446,0.1001,-0.3311,-4.817,23.902,60.305,3,42
-0.7451,0.1104,-0.3730,0.061,25.366,57.805,3,42
-0.7603,0.1040,-0.4214,4.634,26.463,54.878,3,42
-0.8130,0.0952,-0.4785,9.512,27.561,51.768,3,42
0.8799,1.1494,-0.5889,5.122,49.146,-10.244,2,90
0.8716,1.1597,-0.6035,5.244,46.037,-7.195,2,90
0.8560,1.1768,-0.6338,5.671,42.988,-4.085,2,90
0.8438,1.1807,-0.6519,5.793,39.451,-0.549,2,90
0.8286,1.1841,-0.6616,5.366,36.402,3.171,2,90
0.8179,1.1914,-0.6758,4.634,33.049,6.951,2,90
0.7998,1.1924,-0.6846,3.415,30.000,10.915,2,90
0.7891,1.1885,-0.6851,1.341,27.195,15.244,2,90
-0.8755,0.0723,-0.5298,14.146,28.232,48.049,3,42
-0.9097,0.0513,-0.5420,17.866,28.476,44.817,3,42
-0.8994,0.0317,-0.5269,20.183,28.110,41.098,3,42
-0.8633,0.0098,-0.5029,21.220,26.707,37.744,3,42
-0.8203,0.0029,-0.4829,21.341,24.512,33.963,3,42
-0.7813,-0.0039,-0.4619,20.183,22.439,31.098,3,42
-0.7793,-0.0200,-0.4233,19.451,20.305,28.293,3,42
-0.8042,-0.0542,-0.3784,17.195,17.744,26.646,3,42
0.7832,1.1777,-0.6812,-1.280,24.329,19.329,2,90
0.7705,1.1655,-0.6748,-4.390,21.890,23.659,2,90
0.7759,1.1494,-0.6665,-7.561,19.512,28.171,2,90
0.7866,1.1318,-0.6611,-10.366,17.500,32.866,2,90
0.8066,1.1206,-0.6631,-13.415,15.366,38.049,2,90
0.8345,1.1074,-0.6616,-15.732,13.110,42.439,2,90
0.8662,1.0947,-0.6689,-18.659,10.915,47.500,2,90
0.8936,1.0869,-0.6748,-20.610,8.049,51.463,2,90
1.3115,-0.5132,0.9126,-6.524,-20.732,8.780,4,42
0.9634,-0.4878,1.0918,-28.171,-21.890,18.354,4,42
0.6641,-0.7051,1.0586,-47.195,-24.756,24.878,4,42
0.2798,-0.7549,0.8350,-64.024,-8.841,17.439,4,42
-0.2607,-0.4360,0.8276,-71.463,10.244,15.061,4,42
-0.6172,-0.0693,0.8774,-72.622,16.829,22.256,4,42
-0.8359,0.0986,0.7349,-74.573,23.902,29.329,4,42
-0.9556,0.1196,0.5659,-71.098,33.049,33.780,4,42
-1.3389,-0.2407,-0.5767,-98.537,-50.976,-207.561,1,90
-1.3188,-0.2148,-0.5923,-99.817,-48.659,-202.927,1,90
-1.2998,-0.1929,-0.6069,-100.671,-46.037,-198.902,1,90
-1.2769,-0.1719,-0.6206,-101.463,-43.293,-194.207,1,90
-1.2529,-0.1509,-0.6357,-102.500,-40.305,-189.451,1,90
-1.2202,-0.1191,-0.6372,-103.720,-36.402,-182.134,1,90
-1.1919,-0.0845,-0.6509,-103.537,-33.354,-177.378,1,90
-1.1631,-0.0552,-0.6538,-103.841,-30.244,-172.439,1,90
1.0391,1.2056,-0.7437,-30.732,-29.939,71.280,2,90
1.0127,1.2339,-0.7495,-30.732,-35.122,72.744,2,90
0.9634,1.2490,-0.7715,-30.854,-40.061,73.780,2,90
0.9307,1.2773,-0.7925,-30.671,-45.305,75.793,2,90
0.8975,1.2930,-0.7974,-29.207,-49.390,77.439,2,90
0.8560,1.3057,-0.8145,-27.927,-53.537,79.451,2,90
0.8125,1.3223,-0.8174,-25.854,-57.073,81.402,2,90
0.7749,1.3340,-0.8262,-23.963,-60.305,83.598,2,90
-1.2886,-0.0698,0.1606,-40.183,59.329,31.463,4,42
-1.3550,-0.0679,0.1196,-41.890,59.451,28.902,4,42
-1.4141,-0.0972,0.0820,-43.537,59.634,25.793,4,42
-1.4629,-0.1816,0.0752,-44.329,59.085,23.598,4,42
-1.5068,-0.2549,0.0815,-43.902,58.780,22.012,4,42
-1.5337,-0.3164,0.1265,-43.598,58.293,20.427,4,42
-1.5132,-0.3457,0.1943,-44.146,58.171,18.293,4,42
-1.4336,-0.3555,0.2534,-45.122,58.963,14.085,4,42
-0.8428,0.1758,-0.5952,-93.110,-4.634,-124.268,1,90
-0.8115,0.1938,-0.5820,-91.098,-2.134,-119.146,1,90
-0.7773,0.2178,-0.5801,-89.146,-0.122,-113.659,1,90
-0.7358,0.2402,-0.5732,-87.317,1.463,-108.476,1,90
-0.7026,0.2612,-0.5571,-85.610,3.354,-103.110,1,90
-0.6743,0.2896,-0.5464,-83.963,4.085,-97.622,1,90
-0.6475,0.3101,-0.5435,-83.780,5.244,-91.707,1,90
-0.6299,0.3389,-0.5259,-83.720,5.854,-85.793,1,90
-0.6089,0.3672,-0.4824,-85.183,5.976,-79.390,1,90
-0.5854,0.3867,-0.4917,-87.195,5.793,-72.683,1,90
-0.5674,0.3877,-0.5190,-87.622,5.000,-65.488,1,90
-0.5337,0.3809,-0.5479,-85.915,4.329,-58.598,1,90
-0.5122,0.3833,-0.5713,-83.354,3.902,-51.829,1,90
-0.5039,0.3779,-0.5884,-80.854,4.024,-44.634,1,90
-0.4922,0.3804,-0.5933,-78.171,4.512,-37.744,1,90
-0.4878,0.3813,-0.5903,-74.512,5.305,-30.366,1,90
-1.1631,-0.0425,-0.1846,12.622,2.073,-20.671,3,42
-1.1401,-0.0176,-0.1880,14.573,2.622,-21.463,3,42
-1.0986,-0.0029,-0.1851,16.585,2.988,-22.134,3,42
-1.0591,0.0098,-0.1865,18.963,3.476,-22.866,3,42
-1.0210,0.0220,-0.1860,20.427,3.720,-23.659,3,42
-0.9844,0.0249,-0.2046,21.890,4.207,-24.329,3,42
-0.9629,0.0239,-0.2251,23.659,4.390,-25.061,3,42
-0.9341,0.0088,-0.2534,25.488,4.817,-25.488,3,42
0.4761,1.3594,-0.6704,30.305,-104.512,125.366,2,90
0.4634,1.3369,-0.6641,33.659,-106.402,128.902,2,90
0.4526,1.3228,-0.6533,36.585,-108.049,131.951,2,90
0.4360,1.2983,-0.6401,39.512,-109.268,134.817,2,90
0.4277,1.2700,-0.6235,42.317,-110.488,138.659,2,90
0.4160,1.2510,-0.6089,45.000,-111.341,141.402,2,90
0.4160,1.2197,-0.5991,47.317,-112.012,144.329,2,90
0.4106,1.2075,-0.5776,49.512,-112.256,147.012,2,90
-1.8579,-0.2979,0.4883,-77.805,103.110,-22.927,4,42
-2.0073,-0.3765,0.4497,-77.378,102.439,-20.122,4,42
-2.1006,-0.4429,0.4917,-70.000,103.232,-16.402,4,42
-2.1323,-0.4849,0.5122,-63.110,104.207,-13.720,4,42
-2.1006,-0.5391,0.5225,-56.220,104.634,-11.585,4,42
-2.0317,-0.6255,0.5190,-51.890,105.671,-10.488,4,42
-1.9399,-0.7437,0.5210,-50.793,105.732,-11.280,4,42
-1.8516,-0.8706,0.5293,-51.463,106.341,-12.378,4,42
-0.9072,-0.1792,-0.3398,27.378,1.280,-29.146,3,42
-0.8999,-0.1865,-0.3750,27.012,1.098,-30.061,3,42
-0.8882,-0.1934,-0.3906,27.073,0.732,-30.427,3,42
-0.8857,-0.1934,-0.4063,27.561,0.610,-30.732,3,42
-0.8931,-0.1870,-0.4272,27.927,0.976,-31.220,3,42
-0.9009,-0.1860,-0.4111,27.805,0.793,-31.646,3,42
-0.9175,-0.1885,-0.4038,27.988,0.915,-32.073,3,42
-0.9136,-0.1934,-0.3784,27.744,0.732,-32.500,3,42
-0.4629,0.3701,-0.5537,-42.134,30.671,105.610,1,90
-0.4556,0.3496,-0.5386,-38.841,31.402,113.659,1,90
-0.4507,0.3389,-0.5229,-35.305,31.890,121.037,1,90
-0.4478,0.3315,-0.4995,-31.280,32.500,128.780,1,90
-0.4546,0.3125,-0.4917,-27.500,33.171,136.402,1,90
-0.4575,0.3013,-0.4854,-23.720,33.171,144.207,1,90
-0.4634,0.2876,-0.4761,-19.939,33.171,151.829,1,90
-0.4678,0.2686,-0.4595,-16.402,33.171,160.061,1,90
0.6572,0.8203,-0.4155,34.634,-99.695,179.085,2,90
0.6733,0.8110,-0.4160,33.598,-98.049,179.329,2,90
0.6880,0.8076,-0.4141,32.683,-97.134,179.451,2,90
0.7114,0.7939,-0.4063,30.427,-94.817,179.756,2,90
0.7188,0.7886,-0.3999,28.598,-93.110,178.780,2,90
0.7339,0.7817,-0.3950,25.976,-91.890,178.110,2,90
0.7461,0.7700,-0.3887,23.476,-90.000,177.012,2,90
0.7588,0.7646,-0.3872,20.854,-88.537,176.037,2,90
-0.9897,-0.0840,-0.2837,25.488,-3.902,-36.768,3,42
-0.9927,-0.1104,-0.2974,26.951,-3.780,-37.561,3,42
-0.9854,-0.1353,-0.3022,27.134,-4.085,-38.049,3,42
-0.9683,-0.1621,-0.3125,26.707,-5.183,-38.659,3,42
-0.9404,-0.1885,-0.3135,26.037,-5.976,-39.268,3,42
-0.9268,-0.2002,-0.3301,24.573,-7.622,-39.817,3,42
-0.9238,-0.2061,-0.3291,22.683,-9.207,-40.183,3,42
-0.9292,-0.2119,-0.3340,20.915,-9.634,-40.244,3,42
0.7754,0.7510,-0.3784,18.293,-86.585,175.061,2,90
0.7793,0.7412,-0.3799,15.427,-85.061,173.841,2,90
0.7842,0.7271,-0.3604,12.256,-83.171,173.171,2,90
0.7939,0.7227,-0.3511,9.024,-81.159,172.561,2,90
0.7935,0.7026,-0.3433,5.610,-79.390,172.012,2,90
0.8027,0.6865,-0.3306,2.195,-77.439,171.707,2,90
0.8140,0.6714,-0.3286,-1.280,-75.732,171.585,2,90
0.8242,0.6538,-0.3184,-4.817,-73.902,171.402,2,90
-0.7563,-0.0806,-0.3613,59.085,49.573,292.378,1,90
-0.7959,-0.0791,-0.2935,62.073,50.976,298.841,1,90
-0.8364,-0.0508,-0.2100,58.293,52.622,305.244,1,90
-0.8535,-0.0684,-0.2417,51.585,51.890,311.890,1,90
-0.8560,-0.1050,-0.2607,48.476,49.939,318.415,1,90
-0.8613,-0.1621,-0.2900,48.415,48.720,324.268,1,90
-0.8730,-0.2168,-0.3320,50.976,47.622,329.390,1,90
-0.8809,-0.2720,-0.3530,54.878,47.012,333.780,1,90
-1.9463,-0.3271,-0.9209,-101.890,110.793,-6.707,4,42
-2.0396,-0.3047,-1.0581,-88.780,126.463,-11.341,4,42
-2.0679,-0.3062,-1.0361,-82.561,133.780,-14.451,4,42
-2.0361,-0.2998,-0.8242,-72.683,144.695,-22.195,4,42
-1.6704,-0.3384,-0.2515,-67.439,146.159,-39.329,4,42
-1.1909,-0.3862,0.0913,-76.951,142.378,-48.171,4,42
-1.2163,-0.5591,0.4443,-87.805,128.963,-50.732,4,42
-1.7563,-0.7383,0.7124,-94.024,94.512,-54.146,4,42
-0.8955,-0.3296,-0.3716,59.024,47.256,337.561,1,90
-0.9038,-0.3750,-0.3828,62.500,47.927,340.915,1,90
-0.9136,-0.4292,-0.3745,65.671,48.598,344.085,1,90
-0.9331,-0.4771,-0.3633,68.293,49.024,346.951,1,90
-0.9521,-0.5127,-0.3540,69.329,49.695,349.756,1,90
-0.9600,-0.5522,-0.3457,69.451,49.695,352.317,1,90
-0.9751,-0.6011,-0.3350,68.476,48.963,355.000,1,90
-0.9961,-0.6396,-0.3389,67.195,47.927,357.683,1,90
-2.0508,-0.7656,0.8682,-103.049,54.207,-54.939,4,42
-2.1816,-0.7700,0.7690,-121.037,28.110,-59.085,4,42
-2.0815,-0.6533,0.7036,-139.329,20.671,-66.159,4,42
-1.7178,-0.4673,0.7466,-156.280,25.122,-72.805,4,42
-1.6294,-0.3618,0.8862,-162.317,23.963,-75.488,4,42
-1.7075,-0.3003,0.9263,-154.573,10.854,-71.037,4,42
-1.6348,-0.2876,0.8916,-144.817,1.646,-65.732,4,42
-1.5112,-0.2861,0.8555,-131.037,-1.402,-63.232,4,42
-1.0078,-0.6729,-0.3413,65.488,46.707,360.061,1,90
-1.0278,-0.7251,-0.3530,63.110,45.610,362.134,1,90
-1.0352,-0.7676,-0.3657,60.854,44.634,364.390,1,90
-1.0547,-0.8164,-0.3755,58.110,44.268,365.793,1,90
-1.0762,-0.8711,-0.3940,55.305,44.085,367.256,1,90
-1.0942,-0.9272,-0.3950,52.317,44.634,368.293,1,90
-1.1108,-0.9995,-0.4038,49.207,45.427,369.512,1,90
-1.1333,-1.0757,-0.3999,46.463,46.829,370.061,1,90
-1.2266,-0.2217,0.8613,-115.854,-2.561,-62.500,4,42
-0.7383,-0.0483,0.8330,-109.146,-0.549,-65.610,4,42
-0.7979,0.0874,0.7803,-103.659,-2.866,-64.756,4,42
-0.9028,0.3008,0.6743,-91.646,-15.976,-54.268,4,42
-0.8262,0.5327,0.4814,-87.744,-22.927,-45.488,4,42
-0.8931,0.7080,0.3174,-89.268,-16.280,-42.805,4,42
-1.1890,0.8687,0.2461,-82.256,-9.024,-38.537,4,42
-1.2881,0.9907,0.2090,-77.744,-2.134,-36.524,4,42
-1.1611,-1.1807,-0.3896,43.049,48.780,370.854,1,90
-1.1733,-1.2124,-0.3882,41.707,49.634,370.915,1,90
-1.1953,-1.2837,-0.3828,39.756,50.915,370.427,1,90
-1.2075,-1.3774,-0.3696,36.890,52.195,369.085,1,90
-1.2188,-1.4165,-0.3735,35.000,52.622,367.439,1,90
-1.2236,-1.4668,-0.3789,32.622,52.744,365.183,1,90
-1.2144,-1.5054,-0.3965,30.183,53.171,362.927,1,90
-1.2104,-1.5454,-0.4019,27.683,53.232,360.000,1,90
-1.3745,1.0630,0.2798,-74.695,3.598,-37.927,4,42
-1.2129,0.9624,0.3486,-77.195,12.134,-49.512,4,42
-1.1958,0.8174,0.4702,-74.085,14.939,-64.451,4,42
-1.1870,0.6821,0.6084,-64.695,4.878,-72.256,4,42
-1.2041,0.5625,0.7612,-61.098,-8.780,-78.476,4,42
-1.2178,0.4399,0.8950,-63.720,-25.793,-82.683,4,42
-1.2285,0.3130,1.0122,-71.280,-41.646,-88.902,4,42
-1.1836,0.2012,1.0864,-82.134,-56.829,-95.061,4,42
-1.2095,-1.5737,-0.4199,25.183,53.902,356.829,1,90
-1.2026,-1.6025,-0.4424,22.866,54.695,353.110,1,90
-1.1860,-1.6182,-0.4595,20.854,55.244,349.878,1,90
-1.1768,-1.6226,-0.4805,17.988,55.610,346.037,1,90
-1.1670,-1.6299,-0.4971,15.915,55.732,342.561,1,90
-1.1484,-1.6172,-0.5186,13.841,55.732,339.329,1,90
-1.1367,-1.6050,-0.5269,11.707,55.183,336.402,1,90
-1.1118,-1.5923,-0.5454,10.000,54.512,333.415,1,90
-1.0938,0.1167,1.1167,-93.232,-68.659,-101.646,4,42
-1.0171,0.0605,1.1196,-103.293,-77.317,-105.610,4,42
-0.9644,0.0225,1.1152,-110.610,-83.841,-107.134,4,42
-0.9380,-0.0088,1.0996,-115.305,-89.390,-106.646,4,42
-0.9390,-0.0327,1.0908,-118.354,-94.756,-105.122,4,42
-0.9556,-0.0444,1.0830,-120.549,-99.817,-103.598,4,42
-0.9912,-0.0610,1.0791,-122.256,-105.549,-102.683,4,42
-1.0391,-0.0723,1.0796,-124.695,-111.829,-101.890,4,42
-1.0972,-1.5786,-0.5601,8.841,53.902,330.366,1,90
-1.0747,-1.5669,-0.5747,7.622,52.927,327.500,1,90
-1.0649,-1.5645,-0.5806,6.768,52.561,325.305,1,90
-1.0503,-1.5654,-0.5962,5.427,52.195,322.500,1,90
-1.0366,-1.5776,-0.5952,4.634,52.134,320.244,1,90
-1.0210,-1.5913,-0.5996,3.659,51.829,317.744,1,90
-1.0137,-1.6030,-0.6143,2.927,52.195,314.634,1,90
-1.0068,-1.6226,-0.6108,2.195,52.500,311.341,1,90
-0.9995,-1.6333,-0.6030,0.793,51.646,307.805,1,90
-0.9858,-1.6655,-0.6074,-0.305,51.768,303.598,1,90
-0.9868,-1.6875,-0.5996,-1.220,51.037,298.659,1,90
-0.9771,-1.7236,-0.5933,-2.439,50.122,293.659,1,90
-0.9751,-1.7544,-0.5889,-3.720,49.207,287.927,1,90
-0.9736,-1.7861,-0.5938,-4.756,48.293,282.134,1,90
-0.9702,-1.8169,-0.5850,-5.793,46.890,275.610,1,90
-0.9722,-1.8442,-0.5991,-6.707,46.341,269.146,1,90
-0.9146,-0.2427,-0.2319,7.744,-42.378,-39.817,3,42
-0.9272,-0.2437,-0.2339,7.256,-42.073,-40.488,3,42
-0.9272,-0.2466,-0.2119,6.707,-41.280,-41.402,3,42
-0.9385,-0.2520,-0.1743,7.195,-39.878,-41.159,3,42
-0.9282,-0.2554,-0.1636,7.500,-39.024,-41.037,3,42
-0.9224,-0.2632,-0.1738,7.256,-39.146,-41.220,3,42
-0.9082,-0.2822,-0.1650,6.524,-39.268,-41.463,3,42
-0.9087,-0.2837,-0.1304,7.683,-37.622,-41.037,3,42
0.2935,0.2075,-0.3989,-34.939,-6.829,160.427,2,90
0.2813,0.1992,-0.4097,-32.317,-7.073,158.598,2,90
0.2544,0.1909,-0.4185,-29.573,-7.805,156.463,2,90
0.2310,0.1763,-0.4346,-27.195,-8.110,154.024,2,90
0.2153,0.1626,-0.4448,-24.573,-8.537,151.768,2,90
0.1924,0.1548,-0.4565,-22.439,-8.598,149.451,2,90
0.1733,0.1465,-0.4785,-20.061,-8.780,147.195,2,90
0.1479,0.1318,-0.4912,-17.683,-8.659,144.634,2,90
-0.9102,-0.2617,-0.1318,5.488,-39.207,-40.976,3,42
-0.9004,-0.2627,-0.1406,0.427,-42.073,-41.341,3,42
-0.9033,-0.2646,-0.1519,-2.073,-43.415,-42.134,3,42
-0.9229,-0.2935,-0.1680,-6.646,-45.305,-43.415,3,42
-0.9395,-0.3047,-0.1694,-8.902,-46.585,-43.476,3,42
-0.9482,-0.3135,-0.1792,-11.951,-48.171,-44.207,3,42
-0.9648,-0.3193,-0.1523,-14.268,-48.659,-44.878,3,42
-0.9736,-0.3159,-0.1270,-15.671,-48.110,-45.000,3,42
0.1367,0.1230,-0.5020,-15.854,-8.232,142.195,2,90
0.1157,0.1104,-0.5166,-14.085,-7.805,139.817,2,90
0.0913,0.1025,-0.5239,-12.317,-6.829,137.195,2,90
0.0718,0.0991,-0.5288,-11.159,-5.732,134.634,2,90
0.0640,0.0801,-0.5215,-10.732,-4.878,132.256,2,90
0.0518,0.0718,-0.5205,-10.610,-3.537,129.878,2,90
0.0420,0.0698,-0.5308,-10.488,-2.073,127.683,2,90
0.0332,0.0586,-0.5264,-10.793,-0.732,125.854,2,90
-0.9668,-0.2979,-0.1318,-18.110,-49.024,-45.488,3,42
-0.9492,-0.2983,-0.1221,-20.915,-51.402,-45.610,3,42
-0.9438,-0.3003,-0.1172,-23.902,-52.683,-46.159,3,42
-0.9473,-0.3057,-0.1138,-25.793,-52.805,-46.463,3,42
-0.9585,-0.3032,-0.1123,-27.927,-53.232,-46.524,3,42
-0.9595,-0.3218,-0.1216,-30.366,-54.207,-46.890,3,42
-0.9575,-0.3354,-0.1284,-31.951,-54.634,-47.439,3,42
-0.9604,-0.3477,-0.1353,-32.988,-54.451,-47.622,3,42
0.0254,0.0400,-0.5308,-11.037,0.976,123.720,2,90
0.0093,0.0347,-0.5220,-11.585,2.561,121.829,2,90
0.0161,0.0225,-0.5181,-12.195,3.841,120.122,2,90
0.0142,0.0151,-0.5107,-12.866,5.061,118.293,2,90
0.0142,0.0073,-0.5078,-13.720,6.220,117.134,2,90
0.0186,-0.0063,-0.5005,-15.061,7.378,115.488,2,90
0.0244,-0.0146,-0.5005,-16.098,8.110,114.024,2,90
0.0342,-0.0156,-0.4966,-17.134,8.780,112.683,2,90
-0.4341,-1.7705,-0.5210,30.000,65.732,95.427,1,90
-0.4253,-1.7388,-0.5190,33.110,66.890,90.671,1,90
-0.4004,-1.7090,-0.5127,37.439,67.561,85.915,1,90
-0.3853,-1.6689,-0.4951,41.280,68.963,81.220,1,90
-0.3804,-1.6450,-0.4922,45.671,69.756,76.463,1,90
-0.3545,-1.6069,-0.4756,50.366,71.220,72.073,1,90
-0.3418,-1.5752,-0.4736,54.817,72.378,67.683,1,90
-0.3262,-1.5415,-0.4556,59.573,73.537,63.110,1,90
-1.3281,0.0376,1.2358,-105.976,-329.451,-205.793,4,42
-1.3491,0.0464,1.1768,-106.829,-336.585,-207.683,4,42
-1.3608,0.0679,1.1016,-107.805,-342.561,-209.512,4,42
-1.3862,0.0889,1.0059,-107.073,-347.317,-210.610,4,42
-1.4106,0.1162,0.8823,-104.390,-350.671,-211.341,4,42
-1.4517,0.1685,0.7578,-100.915,-352.500,-211.220,4,42
-1.4893,0.2231,0.6333,-96.220,-353.537,-210.549,4,42
-1.5283,0.2954,0.5073,-92.195,-353.537,-209.390,4,42
-0.3042,-1.5000,-0.4531,66.707,75.366,56.829,1,90
-0.2959,-1.4824,-0.4434,69.451,76.098,54.756,1,90
-0.2788,-1.4438,-0.4385,76.585,78.232,48.841,1,90
-0.2632,-1.4238,-0.4268,81.341,79.390,44.817,1,90
-0.2490,-1.4023,-0.4258,86.037,80.915,41.159,1,90
-0.2363,-1.3813,-0.4243,90.427,82.378,37.500,1,90
-0.2227,-1.3691,-0.4136,94.756,83.415,33.963,1,90
-0.2109,-1.3623,-0.4136,99.329,84.817,30.244,1,90
-1.5796,0.3740,0.3965,-88.476,-354.634,-207.317,4,42
-0.5054,-2.0430,3.8198,-213.232,-336.220,-178.598,4,42
1.2700,-7.0557,1.8877,-807.134,-272.805,-98.963,4,42
-4.4297,-0.4229,-3.4146,-795.427,-362.073,-359.146,4,42
-6.0786,4.4629,-7.2314,-399.390,-427.195,-412.378,4,42
-5.7046,5.7910,-11.3867,-183.902,-267.378,-339.756,4,42
-5.7197,3.9946,-10.1665,37.012,-52.805,-402.439,4,42
-6.5469,2.8179,-6.4849,-62.622,115.793,-446.402,4,42
-0.2031,-1.3545,-0.4092,103.415,86.037,26.951,1,90
-0.1909,-1.3521,-0.4106,107.195,86.829,23.720,1,90
-0.1836,-1.3535,-0.4121,110.305,88.049,20.549,1,90
-0.1768,-1.3530,-0.4165,113.110,89.024,17.622,1,90
-0.1709,-1.3530,-0.4082,116.037,89.878,14.512,1,90
-0.1563,-1.3643,-0.4092,117.805,90.305,11.220,1,90
-0.1460,-1.3672,-0.4121,119.695,91.220,8.476,1,90
-0.1401,-1.3721,-0.4048,121.280,91.463,5.549,1,90
0.2588,0.0337,-0.4873,-64.878,-1.402,70.732,2,90
0.2603,0.0513,-0.5068,-63.902,-1.402,68.659,2,90
0.2778,0.0635,-0.5054,-62.805,-1.402,65.854,2,90
0.2778,0.0845,-0.5166,-60.915,-1.463,63.598,2,90
0.2935,0.0977,-0.5112,-59.329,-1.646,60.610,2,90
0.3003,0.1196,-0.5127,-57.012,-1.646,58.049,2,90
0.3145,0.1396,-0.5132,-55.000,-1.768,55.122,2,90
0.3169,0.1460,-0.5171,-52.012,-1.707,52.561,2,90
-0.9233,-0.4390,-0.0947,-78.232,-67.378,-43.354,3,42
-0.9126,-0.4014,-0.0444,-79.634,-67.378,-42.012,3,42
-0.9111,-0.3633,-0.0220,-81.707,-68.537,-40.854,3,42
-0.8872,-0.3374,-0.0259,-85.244,-71.463,-40.854,3,42
-0.8706,-0.3052,-0.0156,-87.805,-72.866,-41.220,3,42
-0.8833,-0.2539,0.0234,-89.573,-73.720,-41.463,3,42
-0.9033,-0.2285,0.0522,-93.049,-74.573,-42.012,3,42
-0.9302,-0.2183,0.0552,-95.671,-76.159,-42.439,3,42
0.3247,0.1685,-0.5132,-48.902,-2.134,50.061,2,90
0.3345,0.1826,-0.5137,-45.732,-2.134,47.195,2,90
0.3496,0.2046,-0.5103,-42.378,-2.439,44.573,2,90
0.3555,0.2217,-0.5098,-38.659,-2.378,41.890,2,90
0.3569,0.2427,-0.5073,-35.244,-2.683,39.451,2,90
0.3618,0.2578,-0.5117,-31.402,-2.683,37.256,2,90
0.3652,0.2871,-0.5010,-27.988,-2.988,35.061,2,90
0.3672,0.3032,-0.5010,-24.207,-3.171,32.378,2,90
-0.9849,-0.2427,0.0371,-96.524,-76.159,-43.171,3,42
-1.0015,-0.2549,0.0342,-96.463,-75.671,-43.598,3,42
-1.0220,-0.2876,0.0063,-95.854,-74.512,-43.476,3,42
-1.0361,-0.3340,-0.0234,-92.378,-72.439,-43.476,3,42
-1.0332,-0.3359,-0.0547,-88.537,-69.756,-44.756,3,42
-0.9858,-0.3184,-0.1094,-85.732,-70.793,-48.049,3,42
-0.9512,-0.3076,-0.1021,-85.610,-71.829,-50.610,3,42
-0.9375,-0.2612,-0.0601,-83.415,-71.220,-52.256,3,42
0.1279,-1.4102,-0.3271,99.817,88.171,-37.439,1,90
0.1484,-1.4009,-0.3179,97.744,87.012,-39.573,1,90
0.1704,-1.3921,-0.2974,94.634,85.732,-41.402,1,90
0.2100,-1.3789,-0.2935,91.890,84.207,-43.598,1,90
0.2324,-1.3760,-0.2695,89.268,82.561,-45.488,1,90
0.2622,-1.3662,-0.2598,86.402,80.671,-47.500,1,90
0.2959,-1.3564,-0.2417,83.720,78.232,-48.963,1,90
0.3257,-1.3491,-0.2271,80.671,75.854,-50.549,1,90
-0.9419,-0.2070,-0.0449,-83.598,-71.585,-52.500,3,42
-0.9673,-0.1938,-0.0435,-85.915,-72.805,-52.683,3,42
-0.9917,-0.2061,-0.0601,-86.646,-73.720,-53.476,3,42
-1.0327,-0.1987,-0.0493,-86.098,-73.476,-55.488,3,42
-1.0659,-0.1904,-0.0347,-84.512,-72.988,-57.439,3,42
-1.0796,-0.1885,-0.0029,-82.317,-71.585,-59.024,3,42
-1.0752,-0.2026,0.0298,-77.805,-69.146,-59.878,3,42
-1.0605,-0.1982,0.0469,-71.646,-66.159,-60.305,3,42
0.3838,0.3521,-0.4478,7.744,-5.549,18.659,2,90
0.3906,0.3491,-0.4380,11.220,-4.939,17.622,2,90
0.3989,0.3452,-0.4307,14.451,-4.695,16.341,2,90
0.4077,0.3398,-0.4268,17.256,-3.841,15.305,2,90
0.4048,0.3389,-0.4263,19.878,-3.415,14.268,2,90
0.4194,0.3291,-0.4175,22.622,-2.927,12.683,2,90
0.4282,0.3203,-0.4131,24.573,-2.622,11.829,2,90
0.4341,0.3164,-0.4126,26.707,-2.439,10.488,2,90
-1.0210,-0.1899,0.0376,-65.244,-63.171,-59.695,3,42
-0.9951,-0.1616,0.0215,-61.220,-61.402,-59.634,3,42
-0.9722,-0.1313,0.0659,-57.134,-59.756,-60.122,3,42
-0.9692,-0.1099,0.0820,-55.122,-58.537,-60.732,3,42
-0.9624,-0.1084,0.0850,-53.720,-58.049,-60.183,3,42
-0.9546,-0.0962,0.0894,-50.915,-56.524,-59.146,3,42
-0.9736,-0.0796,0.1055,-47.012,-54.329,-57.988,3,42
-0.9736,-0.0674,0.1123,-42.500,-51.524,-55.854,3,42
0.4551,0.3066,-0.4126,28.902,-2.317,9.024,2,90
0.4624,0.2988,-0.4141,30.671,-2.378,7.866,2,90
0.4702,0.2896,-0.4180,32.378,-1.890,6.707,2,90
0.4751,0.2876,-0.4175,34.024,-1.159,5.183,2,90
0.4756,0.2813,-0.4214,34.390,-0.610,3.841,2,90
0.4829,0.2793,-0.4189,34.878,-0.244,2.317,2,90
0.4927,0.2808,-0.4209,35.000,0.366,1.098,2,90
0.4956,0.2764,-0.4341,35.427,0.976,-0.305,2,90
-0.9946,-0.0708,0.1182,-38.171,-48.598,-53.049,3,42
-0.9912,-0.1045,0.0815,-32.134,-44.512,-50.244,3,42
-0.9971,-0.1719,0.0391,-23.537,-38.537,-46.951,3,42
-0.9912,-0.2559,-0.0190,-13.354,-31.890,-44.207,3,42
-0.9766,-0.3726,-0.0605,-1.463,-23.780,-41.768,3,42
-0.9678,-0.4736,-0.0889,10.122,-16.159,-39.329,3,42
-0.9502,-0.5684,-0.1216,19.939,-9.207,-36.280,3,42
-0.9185,-0.6528,-0.1567,29.451,-2.439,-33.415,3,42
0.5044,0.2725,-0.4287,35.427,1.646,-1.646,2,90
0.5049,0.2695,-0.4360,35.427,2.317,-3.293,2,90
0.5068,0.2656,-0.4331,35.305,3.293,-4.390,2,90
0.5068,0.2651,-0.4409,35.305,4.024,-5.854,2,90
0.5054,0.2627,-0.4395,35.122,5.427,-7.561,2,90
0.5112,0.2544,-0.4419,35.061,6.098,-9.207,2,90
0.5137,0.2568,-0.4419,34.329,7.195,-11.159,2,90
0.5273,0.2529,-0.4399,33.720,8.110,-13.049,2,90
-0.9048,-0.7280,-0.1675,37.683,4.390,-30.305,3,42
-0.8906,-0.7744,-0.1548,43.841,10.366,-27.012,3,42
-0.8774,-0.8154,-0.1289,49.146,15.854,-23.720,3,42
-0.8608,-0.8306,-0.1050,53.171,19.878,-19.939,3,42
-0.8623,-0.8442,-0.0786,56.524,24.146,-16.585,3,42
-0.8599,-0.8364,-0.0586,58.598,27.561,-13.049,3,42
-0.8594,-0.8242,-0.0537,59.451,29.695,-9.329,3,42
-0.8569,-0.8086,-0.0454,57.805,30.305,-6.402,3,42
0.5327,0.2485,-0.4370,32.866,9.817,-14.634,2,90
0.5405,0.2422,-0.4424,32.378,10.610,-16.585,2,90
0.5596,0.2368,-0.4385,31.524,12.378,-18.415,2,90
0.5674,0.2290,-0.4380,31.037,13.598,-20.671,2,90
0.5796,0.2300,-0.4277,30.366,14.756,-22.744,2,90
0.5962,0.2251,-0.4351,29.573,16.463,-24.939,2,90
0.6079,0.2275,-0.4214,28.780,17.622,-27.012,2,90
0.6235,0.2188,-0.4229,27.500,19.207,-29.634,2,90
-0.8555,-0.8027,-0.0625,54.512,30.122,-3.963,3,42
-0.8633,-0.8076,-0.0737,50.732,29.817,-1.829,3,42
-0.8745,-0.8027,-0.0889,46.829,29.512,0.427,3,42
-0.8794,-0.7974,-0.0562,42.622,28.293,2.500,3,42
-0.8828,-0.7920,-0.0249,37.317,27.073,4.573,3,42
-0.8892,-0.7949,0.0000,30.427,25.732,6.707,3,42
-0.8789,-0.7881,0.0029,22.439,22.866,8.537,3,42
-0.8677,-0.7671,0.0039,14.390,19.451,10.244,3,42
0.6372,0.2129,-0.4224,26.280,20.488,-32.195,2,90
0.6504,0.2129,-0.4160,25.000,21.463,-34.878,2,90
0.6646,0.2109,-0.4131,23.659,22.866,-37.805,2,90
0.6816,0.2109,-0.4043,22.134,23.659,-40.854,2,90
0.6831,0.1943,-0.4023,20.427,25.244,-43.780,2,90
0.6865,0.1929,-0.4033,18.963,25.610,-47.256,2,90
0.6895,0.1934,-0.4048,17.439,26.463,-50.793,2,90
0.6958,0.1924,-0.4131,16.524,27.012,-53.841,2,90
-0.8540,-0.7524,-0.0059,5.610,16.159,11.646,3,42
-0.8584,-0.7222,-0.0132,-2.134,13.780,13.049,3,42
-0.8477,-0.6875,-0.0278,-8.720,11.159,14.451,3,42
-0.8569,-0.6475,-0.0376,-14.512,9.451,16.220,3,42
-0.8604,-0.6084,-0.0249,-19.207,8.476,17.378,3,42
-0.8770,-0.5781,-0.0269,-22.256,7.622,18.841,3,42
-0.8916,-0.5376,-0.0322,-24.756,7.439,19.573,3,42
-0.9077,-0.5078,-0.0356,-25.183,7.683,20.122,3,42
0.6948,0.2026,-0.4194,14.451,28.171,-59.268,2,90
0.6958,0.2007,-0.4209,13.232,28.598,-62.927,2,90
0.7031,0.2061,-0.4155,12.378,29.085,-64.878,2,90
0.7056,0.2119,-0.4355,10.793,29.756,-68.476,2,90
0.7070,0.2192,-0.4385,9.573,30.244,-72.195,2,90
0.6987,0.2266,-0.4482,8.293,30.976,-75.793,2,90
0.6978,0.2378,-0.4551,5.671,31.768,-81.159,2,90
0.6978,0.2539,-0.4512,3.902,32.134,-84.512,2,90
-0.9131,-0.4780,-0.0288,-25.610,7.866,20.427,3,42
-0.9321,-0.4351,-0.0327,-25.549,7.683,21.220,3,42
-0.9370,-0.4004,-0.0342,-25.671,6.951,21.341,3,42
-0.9507,-0.3511,-0.0449,-26.890,5.244,21.707,3,42
-0.9556,-0.3242,-0.0400,-28.232,4.146,21.707,3,42
-0.9614,-0.2881,-0.0313,-30.427,2.744,21.463,3,42
-0.9678,-0.2803,-0.0371,-32.561,1.159,20.793,3,42
-0.9697,-0.2769,-0.0547,-33.659,0.244,20.488,3,42
0.6929,0.2612,-0.4600,2.500,32.439,-87.561,2,90
0.6895,0.2671,-0.4609,0.854,32.378,-90.976,2,90
0.6709,0.2686,-0.4663,-0.610,32.256,-94.024,2,90
0.6772,0.2778,-0.4658,-2.500,32.256,-97.012,2,90
0.6616,0.2695,-0.4585,-4.024,31.707,-99.817,2,90
0.6523,0.2764,-0.4590,-5.610,31.341,-103.049,2,90
0.6475,0.2886,-0.4541,-7.195,30.976,-105.915,2,90
0.6387,0.2827,-0.4541,-8.841,30.305,-108.720,2,90
-0.9785,-0.2695,-0.0688,-34.085,-0.793,19.512,3,42
-0.9858,-0.2686,-0.0728,-34.207,-1.159,19.085,3,42
-0.9868,-0.2754,-0.0825,-34.451,-1.646,18.354,3,42
-0.9844,-0.2944,-0.0835,-32.988,-1.280,17.073,3,42
-0.9810,-0.2817,-0.0864,-31.829,-0.854,16.524,3,42
-0.9795,-0.2935,-0.0771,-30.183,-0.366,15.793,3,42
-0.9746,-0.2939,-0.0713,-28.598,0.488,15.244,3,42
-0.9839,-0.2905,-0.0459,-26.951,1.280,14.573,3,42
0.6279,0.2734,-0.4561,-10.244,30.000,-111.646,2,90
0.6084,0.2803,-0.4497,-11.951,29.512,-114.085,2,90
0.5991,0.2783,-0.4561,-12.866,29.024,-116.585,2,90
0.5908,0.2773,-0.4668,-14.207,28.171,-119.390,2,90
0.5659,0.2822,-0.4624,-15.610,27.805,-121.585,2,90
0.5610,0.2817,-0.4600,-17.195,27.317,-124.024,2,90
0.5454,0.2847,-0.4644,-18.476,26.646,-126.220,2,90
0.5332,0.2842,-0.4575,-20.244,26.220,-128.293,2,90
-0.9722,-0.2900,-0.0317,-25.366,2.012,14.085,3,42
-0.9790,-0.2749,-0.0269,-24.024,2.866,13.598,3,42
-0.9771,-0.2578,-0.0259,-21.890,4.268,13.171,3,42
-0.9849,-0.2207,-0.0283,-19.146,5.427,13.049,3,42
-0.9956,-0.1631,0.0024,-16.037,6.341,13.171,3,42
-1.0073,-0.1685,-0.0103,-15.915,6.829,13.720,3,42
-1.0190,-0.2100,-0.0220,-14.634,9.146,13.415,3,42
-1.0298,-0.2349,-0.0313,-11.829,11.524,12.988,3,42
-0.0688,-1.6616,-0.2935,-33.537,-109.512,-135.793,1,90
-0.0864,-1.6475,-0.2930,-32.744,-110.488,-139.146,1,90
-0.0952,-1.6279,-0.2979,-31.037,-110.915,-142.439,1,90
-0.1113,-1.6074,-0.3057,-29.695,-111.463,-146.220,1,90
-0.1104,-1.5767,-0.3052,-28.720,-112.073,-149.695,1,90
-0.1128,-1.5596,-0.2949,-28.293,-112.317,-152.744,1,90
-0.1245,-1.5537,-0.3042,-28.780,-112.622,-155.793,1,90
-0.1348,-1.5522,-0.3164,-27.378,-113.293,-158.902,1,90
-1.2256,-0.8828,-0.3350,122.012,123.110,28.598,4,42
-1.2573,-0.8286,-0.2988,112.683,130.610,24.390,4,42
-1.2949,-0.7676,-0.2461,106.829,135.366,22.073,4,42
-1.3188,-0.6978,-0.2070,101.890,137.561,20.183,4,42
-1.3369,-0.6377,-0.1963,98.537,139.695,19.573,4,42
-1.3540,-0.5684,-0.1890,97.195,141.402,20.122,4,42
-1.3735,-0.4966,-0.1978,96.646,143.476,21.402,4,42
-1.4077,-0.4248,-0.1978,98.293,146.585,22.805,4,42
-0.8662,-0.4272,-0.0752,10.976,25.488,10.488,3,42
-0.8726,-0.4644,-0.0522,9.817,25.854,10.244,3,42
-0.8818,-0.4883,-0.0283,10.671,27.134,10.122,3,42
-0.8643,-0.4668,-0.0400,9.146,25.122,9.756,3,42
-0.8325,-0.4595,-0.0869,3.171,20.305,9.268,3,42
-0.8198,-0.4829,-0.1235,-1.768,15.915,8.720,3,42
-0.8218,-0.4844,-0.1401,-4.024,13.720,8.232,3,42
-0.8501,-0.4600,-0.1235,-7.012,11.646,7.927,3,42
0.4707,0.3364,-0.4980,-10.122,8.659,-142.439,2,90
0.4629,0.3408,-0.5024,-7.195,7.012,-142.561,2,90
0.4561,0.3394,-0.5024,-3.963,5.610,-142.988,2,90
0.4619,0.3389,-0.5156,-0.122,4.329,-143.293,2,90
0.4575,0.3462,-0.5249,4.207,3.354,-143.354,2,90
0.4551,0.3525,-0.5288,8.537,1.951,-143.720,2,90
0.4531,0.3486,-0.5337,13.232,0.915,-143.476,2,90
0.4497,0.3535,-0.5469,18.110,0.061,-144.146,2,90
-0.8701,-0.4531,-0.1123,-12.744,7.561,7.317,3,42
-0.8721,-0.4526,-0.1226,-18.780,3.354,6.768,3,42
-0.8711,-0.4585,-0.1123,-23.232,-0.244,5.915,3,42
-0.8613,-0.4536,-0.1089,-28.415,-3.902,5.488,3,42
-0.8564,-0.4580,-0.1113,-34.207,-7.866,4.756,3,42
-0.8481,-0.4658,-0.1211,-39.512,-11.220,4.756,3,42
-0.8418,-0.4702,-0.1304,-43.049,-14.024,3.780,3,42
-0.8398,-0.4712,-0.1191,-46.159,-16.707,3.841,3,42
0.4502,0.3560,-0.5596,22.683,-1.098,-144.207,2,90
0.4541,0.3647,-0.5669,27.195,-2.317,-144.329,2,90
0.4424,0.3711,-0.5757,32.134,-3.720,-145.061,2,90
0.4360,0.3652,-0.5796,36.646,-4.573,-145.000,2,90
0.4419,0.3735,-0.5762,40.915,-5.488,-145.305,2,90
0.4375,0.3667,-0.5869,45.305,-6.098,-145.427,2,90
0.4375,0.3711,-0.5820,49.329,-6.463,-145.549,2,90
0.4331,0.3696,-0.5859,53.780,-6.707,-146.037,2,90
-0.8350,-0.4771,-0.1191,-49.268,-18.720,3.537,3,42
-0.8301,-0.4785,-0.1196,-51.890,-20.610,3.476,3,42
-0.8350,-0.4741,-0.1021,-53.293,-22.195,3.171,3,42
-0.8384,-0.4668,-0.1011,-55.000,-23.598,3.354,3,42
-0.8472,-0.4775,-0.1133,-56.829,-24.512,3.049,3,42
-0.8477,-0.4868,-0.1479,-58.171,-25.366,2.805,3,42
-0.8643,-0.4966,-0.1655,-58.049,-25.427,2.378,3,42
-0.8652,-0.5146,-0.1685,-56.220,-24.207,2.378,3,42
0.4346,0.3755,-0.5938,57.866,-7.073,-146.159,2,90
0.4355,0.3726,-0.5835,61.951,-7.256,-146.280,2,90
0.4399,0.3750,-0.5757,65.915,-7.073,-146.098,2,90
0.4497,0.3789,-0.5806,69.268,-7.256,-146.341,2,90
0.4502,0.3799,-0.5742,72.378,-7.195,-146.402,2,90
0.4614,0.3730,-0.5630,75.610,-7.439,-146.768,2,90
0.4673,0.3706,-0.5610,78.598,-7.622,-146.951,2,90
0.4800,0.3760,-0.5493,80.549,-7.744,-147.256,2,90
-0.8589,-0.5093,-0.1611,-56.646,-23.841,2.805,3,42
-0.8701,-0.5054,-0.1587,-56.585,-23.841,3.537,3,42
-0.8750,-0.5000,-0.1675,-55.854,-23.110,3.841,3,42
-0.8906,-0.4810,-0.1738,-53.415,-21.829,4.573,3,42
-0.9048,-0.4458,-0.1743,-51.341,-20.366,5.183,3,42
-0.9214,-0.4351,-0.1777,-49.390,-19.024,5.427,3,42
-0.9238,-0.4448,-0.1948,-46.890,-17.561,5.976,3,42
-0.9365,-0.4561,-0.2051,-43.171,-15.000,6.829,3,42
0.4878,0.3623,-0.5391,82.927,-7.866,-147.622,2,90
0.5010,0.3530,-0.5410,84.817,-8.171,-147.988,2,90
0.5098,0.3589,-0.5352,86.768,-8.171,-148.354,2,90
0.5278,0.3481,-0.5293,88.232,-8.232,-148.659,2,90
0.5366,0.3462,-0.5303,90.183,-8.415,-149.024,2,90
0.5547,0.3403,-0.5205,91.341,-8.354,-149.329,2,90
0.5635,0.3301,-0.5078,92.134,-7.988,-150.244,2,90
0.5830,0.3335,-0.5181,92.683,-7.805,-150.549,2,90
-0.9395,-0.4531,-0.2139,-36.585,-10.793,7.744,3,42
-0.9360,-0.4668,-0.2031,-34.329,-9.329,7.988,3,42
-0.9399,-0.4692,-0.2051,-30.183,-6.890,8.537,3,42
-0.9404,-0.4824,-0.2012,-26.159,-3.780,9.024,3,42
-0.9326,-0.5049,-0.2036,-22.561,-1.585,9.268,3,42
-0.9209,-0.5151,-0.1987,-18.659,1.037,10.061,3,42
-0.9160,-0.5269,-0.1968,-15.793,2.866,11.037,3,42
-0.8994,-0.5342,-0.2129,-13.293,4.695,11.890,3,42
0.6011,0.3413,-0.5190,93.049,-7.805,-151.524,2,90
0.6123,0.3311,-0.5142,92.866,-7.439,-152.073,2,90
0.6260,0.3315,-0.5200,92.195,-7.134,-152.988,2,90
0.6416,0.3257,-0.5088,91.220,-6.707,-153.659,2,90
0.6440,0.3164,-0.5181,90.061,-6.098,-154.634,2,90
0.6655,0.3096,-0.5269,88.841,-5.366,-155.305,2,90
0.6802,0.3149,-0.5249,87.805,-4.634,-156.037,2,90
0.6812,0.3062,-0.5400,86.463,-3.841,-156.829,2,90
-0.8872,-0.5347,-0.2065,-9.573,7.256,13.537,3,42
-0.8901,-0.5332,-0.2061,-8.049,8.780,15.061,3,42
-0.8901,-0.5342,-0.2197,-5.854,10.183,16.159,3,42
-0.8887,-0.5264,-0.2100,-3.232,12.073,17.744,3,42
-0.8960,-0.5063,-0.1890,-1.463,13.293,19.268,3,42
-0.8989,-0.4990,-0.1753,-0.671,14.207,20.488,3,42
-0.9053,-0.5112,-0.1851,-0.061,15.122,21.829,3,42
-0.9082,-0.5337,-0.1978,1.341,16.829,23.232,3,42
0.6895,0.3105,-0.5464,84.939,-2.256,-157.134,2,90
0.6982,0.3047,-0.5552,82.927,-1.098,-158.110,2,90
0.7051,0.3149,-0.5571,81.220,0.061,-158.780,2,90
0.7100,0.3086,-0.5688,79.390,1.585,-159.573,2,90
0.7100,0.3125,-0.5801,77.866,3.415,-160.488,2,90
0.7134,0.3193,-0.5830,76.341,5.305,-161.220,2,90
0.7104,0.3330,-0.6040,74.512,7.195,-162.134,2,90
0.7114,0.3394,-0.6021,72.439,9.573,-162.927,2,90
-0.9087,-0.5493,-0.1938,3.415,18.963,24.329,3,42
-0.9043,-0.5635,-0.1772,4.817,20.793,26.037,3,42
-0.9028,-0.5747,-0.1865,6.220,22.805,27.622,3,42
-0.9019,-0.5786,-0.1768,8.293,24.939,29.573,3,42
-0.9048,-0.5864,-0.1699,10.061,27.378,31.768,3,42
-0.9033,-0.5942,-0.1631,11.341,29.451,33.963,3,42
-0.9058,-0.6108,-0.1670,13.293,32.012,36.280,3,42
-0.9116,-0.6147,-0.1538,15.488,35.061,39.085,3,42
0.7080,0.3569,-0.6011,70.183,11.463,-163.841,2,90
0.7061,0.3599,-0.6069,68.171,13.537,-164.390,2,90
0.7031,0.3809,-0.6113,65.793,15.976,-165.000,2,90
0.7036,0.3906,-0.6133,63.598,18.049,-165.610,2,90
0.6914,0.3994,-0.6177,61.159,20.610,-165.610,2,90
0.6924,0.4204,-0.6201,59.024,22.988,-165.854,2,90
0.6919,0.4243,-0.6279,57.012,25.244,-165.427,2,90
0.6865,0.4385,-0.6289,55.305,27.561,-165.061,2,90
-0.9116,-0.6201,-0.1406,18.049,37.927,41.829,3,42
-0.9238,-0.6133,-0.1396,20.854,41.220,45.000,3,42
-0.9229,-0.5981,-0.1436,23.841,44.756,47.866,3,42
-0.9541,-0.5918,-0.1758,27.195,48.780,50.854,3,42
-0.9761,-0.6050,-0.2090,32.195,54.268,53.720,3,42
-0.9819,-0.6226,-0.1841,40.244,61.646,56.463,3,42
-0.9824,-0.6157,-0.1514,49.085,68.598,59.207,3,42
-0.9648,-0.6030,-0.1069,56.890,74.695,62.317,3,42
-0.5571,-1.5581,-0.3999,-21.951,-125.488,-262.012,1,90
-0.5566,-1.5586,-0.4092,-21.463,-125.671,-262.561,1,90
-0.5654,-1.5586,-0.4155,-20.976,-125.732,-262.988,1,90
-0.5742,-1.5576,-0.4204,-21.098,-125.549,-263.720,1,90
-0.5723,-1.5449,-0.4170,-20.122,-125.915,-264.268,1,90
-0.5854,-1.5317,-0.4268,-20.000,-125.915,-264.695,1,90
-0.5879,-1.5205,-0.4248,-19.573,-126.220,-265.488,1,90
-0.5859,-1.5049,-0.4336,-19.268,-126.402,-265.915,1,90
0.6846,0.5532,-0.6211,46.768,52.317,-157.622,2,90
0.6899,0.5649,-0.6099,47.317,54.390,-156.707,2,90
0.6807,0.5747,-0.6089,47.866,57.012,-155.366,2,90
0.6787,0.5972,-0.5986,48.720,59.390,-154.085,2,90
0.6777,0.6133,-0.6006,49.634,61.646,-152.927,2,90
0.6797,0.6274,-0.5859,50.061,64.268,-151.585,2,90
0.6782,0.6479,-0.5820,51.159,66.585,-149.939,2,90
0.6670,0.6577,-0.5737,51.951,68.720,-148.354,2,90
-0.9590,-0.4873,-0.0078,66.646,99.451,88.110,3,42
-0.9814,-0.4951,0.0054,63.598,100.122,90.122,3,42
-0.9731,-0.5273,-0.0107,59.207,100.305,91.402,3,42
-0.9839,-0.5815,-0.0483,54.817,101.768,93.537,3,42
-1.0000,-0.6396,-0.0200,53.415,106.463,96.159,3,42
-1.0103,-0.6328,0.0625,54.878,113.110,99.939,3,42
-0.9824,-0.5498,0.0723,53.598,114.939,102.683,3,42
-0.9565,-0.5132,0.0156,45.427,110.183,104.085,3,42
-0.6147,-1.3291,-0.4990,-11.829,-128.293,-271.220,1,90
-0.6191,-1.3286,-0.5083,-11.585,-128.110,-272.073,1,90
-0.6299,-1.3228,-0.5098,-11.829,-127.866,-272.439,1,90
-0.6313,-1.3130,-0.5229,-12.378,-127.744,-273.415,1,90
-0.6411,-1.3076,-0.5342,-13.171,-128.049,-274.268,1,90
-0.6416,-1.2876,-0.5430,-14.512,-128.171,-274.329,1,90
-0.6582,-1.2734,-0.5547,-15.732,-128.537,-275.427,1,90
-0.6602,-1.2466,-0.5708,-17.439,-128.841,-275.732,1,90
0.6533,0.7417,-0.5068,66.524,80.793,-126.159,2,90
0.6479,0.7417,-0.5078,68.720,81.402,-123.293,2,90
0.6479,0.7456,-0.5000,70.549,82.134,-120.061,2,90
0.6411,0.7397,-0.4966,72.927,82.561,-117.317,2,90
0.6367,0.7451,-0.4937,74.878,83.232,-114.207,2,90
0.6201,0.7383,-0.4912,77.317,83.110,-111.646,2,90
0.6211,0.7373,-0.4805,79.878,83.963,-108.598,2,90
0.6265,0.7397,-0.4780,82.317,84.268,-105.671,2,90
-1.0591,-0.2065,-0.1172,14.207,110.122,107.988,3,42
-1.0479,-0.1255,-0.1274,17.866,112.134,107.500,3,42
-1.0205,-0.0347,-0.1211,23.110,114.817,107.012,3,42
-0.9844,0.0537,-0.1211,29.817,117.561,106.098,3,42
-0.9419,0.1260,-0.1406,38.659,120.549,104.451,3,42
-0.8984,0.1768,-0.2144,47.378,123.476,101.829,3,42
-0.8628,0.2339,-0.2949,55.976,126.646,98.841,3,42
-0.8237,0.2617,-0.3838,64.817,128.841,94.634,3,42
-0.7217,-1.0049,-0.6494,-33.659,-130.976,-277.134,1,90
-0.7319,-0.9819,-0.6504,-35.122,-130.976,-277.012,1,90
-0.7300,-0.9531,-0.6563,-35.854,-131.037,-276.646,1,90
-0.7437,-0.9297,-0.6611,-37.012,-130.305,-276.280,1,90
-0.7402,-0.9043,-0.6582,-37.744,-130.427,-275.915,1,90
-0.7471,-0.8794,-0.6621,-38.598,-130.183,-275.427,1,90
-0.7490,-0.8521,-0.6611,-39.512,-129.878,-274.634,1,90
-0.7471,-0.8203,-0.6523,-40.427,-129.695,-274.024,1,90
-0.7134,0.5166,-0.3125,-184.451,95.610,-11.098,4,42
-0.6357,1.6191,-1.1401,-269.024,119.573,-5.854,4,42
-0.6792,1.8828,-1.5522,-318.171,130.732,3.232,4,42
-0.7129,1.1719,-1.7441,-281.890,101.951,30.488,4,42
-0.5908,0.6367,-0.9170,-106.585,15.427,57.073,4,42
-1.3208,0.1172,0.7837,17.561,-62.439,63.659,4,42
-1.5801,-0.1050,3.5430,84.329,-131.159,26.951,4,42
-1.0010,0.1060,6.0176,146.890,-177.012,-59.451,4,42
-0.7529,-0.7974,-0.6563,-40.671,-129.939,-273.110,1,90
-0.7515,-0.7725,-0.6597,-41.220,-130.000,-272.012,1,90
-0.7603,-0.7510,-0.6572,-41.280,-129.939,-271.098,1,90
-0.7588,-0.7100,-0.6421,-42.866,-130.122,-269.207,1,90
-0.7573,-0.6987,-0.6440,-43.171,-129.939,-268.232,1,90
-0.7695,-0.6621,-0.6392,-44.573,-129.695,-265.793,1,90
-0.7793,-0.6426,-0.6318,-45.427,-130.244,-263.963,1,90
-0.7793,-0.6187,-0.6353,-47.195,-130.854,-261.768,1,90
-0.3906,1.2412,5.4277,147.622,-155.610,-96.341,4,42
-0.9263,1.4536,4.0850,88.232,-124.573,-80.244,4,42
-1.5747,0.4077,2.7070,14.573,-104.817,-40.610,4,42
-1.7666,-1.2417,1.8589,-0.732,-88.232,-11.037,4,42
-1.7178,-2.5859,1.6777,49.573,-75.793,-6.341,4,42
-1.4453,-2.8359,2.2871,90.427,-74.329,-26.707,4,42
-0.8721,-2.3486,3.2148,97.134,-91.646,-58.659,4,42
-0.2012,-1.4858,3.6753,75.305,-111.890,-76.463,4,42
-0.7905,-0.6001,-0.6367,-49.085,-130.915,-259.207,1,90
-0.7974,-0.5825,-0.6387,-50.854,-131.159,-256.280,1,90
-0.8135,-0.5586,-0.6250,-52.866,-131.829,-253.171,1,90
-0.8184,-0.5361,-0.6226,-54.634,-131.951,-249.695,1,90
-0.8325,-0.5254,-0.6206,-56.707,-132.134,-246.220,1,90
-0.8472,-0.5029,-0.6230,-59.146,-132.134,-242.012,1,90
-0.8564,-0.4790,-0.6240,-61.768,-131.707,-238.110,1,90
-0.8750,-0.4595,-0.6196,-64.390,-131.829,-233.720,1,90
0.8540,0.6768,-0.3423,81.159,70.976,-25.366,2,90
0.8848,0.6953,-0.3433,80.427,70.122,-22.866,2,90
0.9087,0.7031,-0.3374,78.963,69.634,-20.244,2,90
0.9302,0.7134,-0.3228,77.134,68.902,-18.476,2,90
0.9517,0.7241,-0.3188,75.244,67.988,-15.854,2,90
0.9702,0.7378,-0.3047,73.293,66.890,-13.963,2,90
0.9980,0.7383,-0.3057,70.854,65.305,-11.829,2,90
1.0186,0.7500,-0.3052,68.902,63.902,-9.390,2,90
-0.6660,0.1040,-0.5000,22.378,66.524,52.988,3,42
-0.6328,0.0386,-0.5479,25.610,65.854,51.341,3,42
-0.6211,-0.0029,-0.5928,27.866,65.183,49.512,3,42
-0.6479,-0.0439,-0.5981,28.598,63.415,47.622,3,42
-0.7070,-0.0991,-0.5952,27.683,60.366,44.756,3,42
-0.7666,-0.1611,-0.6055,26.220,57.744,42.195,3,42
-0.8281,-0.2378,-0.5947,25.976,55.061,40.854,3,42
-0.9224,-0.2954,-0.5425,24.573,52.622,40.000,3,42
1.0347,0.7480,-0.3037,67.256,62.134,-7.744,2,90
1.0698,0.7583,-0.3140,64.878,59.817,-4.573,2,90
1.0703,0.7661,-0.3120,64.268,59.329,-3.720,2,90
1.0894,0.7725,-0.3184,62.805,57.927,-1.829,2,90
1.1123,0.7778,-0.3276,61.220,56.951,0.000,2,90
1.1274,0.7886,-0.3174,59.512,56.037,1.646,2,90
1.1431,0.8018,-0.3359,58.171,55.549,3.476,2,90
1.1597,0.8091,-0.3340,56.402,54.817,4.756,2,90
-0.9844,-0.3403,-0.4883,22.683,50.061,39.268,3,42
-1.0161,-0.3608,-0.4292,20.549,47.439,38.902,3,42
-1.0527,-0.3477,-0.3599,18.232,45.000,38.537,3,42
-1.0693,-0.2871,-0.3013,16.707,42.866,38.841,3,42
-1.1016,-0.2197,-0.2686,16.402,41.402,39.329,3,42
-1.1299,-0.1514,-0.2676,17.683,41.098,40.183,3,42
-1.1162,-0.0801,-0.2925,22.927,42.378,42.256,3,42
-1.2041,-0.0601,-0.2832,29.024,44.390,43.476,3,42
1.1763,0.8066,-0.3403,54.695,54.512,6.341,2,90
1.1885,0.8081,-0.3496,52.439,54.268,7.378,2,90
1.2100,0.8208,-0.3579,50.549,53.598,8.659,2,90
1.2261,0.8169,-0.3745,48.232,53.354,9.878,2,90
1.2368,0.8218,-0.3779,46.220,53.415,11.159,2,90
1.2422,0.8120,-0.3906,43.659,53.110,12.317,2,90
1.2603,0.8140,-0.4033,41.524,53.110,13.476,2,90
1.2632,0.8228,-0.4199,39.146,53.354,14.573,2,90
-1.1440,-0.0366,-0.2969,30.244,43.841,39.024,3,42
-1.0684,-0.0420,-0.3154,34.207,43.659,36.585,3,42
-1.0210,-0.0068,-0.3154,39.451,45.122,34.878,3,42
-0.9458,0.0239,-0.3262,42.439,44.634,32.805,3,42
-0.8701,0.0635,-0.3442,45.000,44.329,30.549,3,42
-0.7876,0.0933,-0.3682,47.683,43.841,28.049,3,42
-0.7051,0.1138,-0.3999,49.329,42.378,25.488,3,42
-0.6494,0.1328,-0.4551,50.671,41.220,22.805,3,42
1.2773,0.8120,-0.4385,34.085,53.659,16.341,2,90
1.2813,0.8096,-0.4336,32.195,53.841,16.951,2,90
1.2749,0.8057,-0.4565,28.720,54.146,18.598,2,90
1.2793,0.8018,-0.4604,24.634,54.390,19.817,2,90
1.2783,0.7979,-0.4653,20.488,54.878,20.915,2,90
1.2681,0.7856,-0.4673,16.280,55.427,22.744,2,90
1.2754,0.7837,-0.4683,11.585,55.976,24.390,2,90
1.2754,0.7739,-0.4604,7.012,56.768,26.037,2,90
-0.6211,0.1216,-0.5000,51.951,39.817,20.305,3,42
-0.6406,0.0908,-0.5498,54.024,38.963,17.439,3,42
-0.6924,0.0342,-0.5591,55.549,37.866,14.878,3,42
-0.7720,-0.0527,-0.5498,56.159,36.341,12.500,3,42
-0.8569,-0.1357,-0.4844,55.122,34.268,10.976,3,42
-0.9468,-0.1943,-0.4038,51.524,29.695,8.537,3,42
-1.0020,-0.2437,-0.3481,45.610,24.878,6.585,3,42
-1.0200,-0.2710,-0.3125,39.695,19.329,4.573,3,42
1.2700,0.7681,-0.4546,-0.793,57.317,28.902,2,90
1.2578,0.7515,-0.4277,-5.915,57.805,30.854,2,90
1.2676,0.7490,-0.4312,-8.598,57.744,31.768,2,90
1.2666,0.7310,-0.4204,-14.268,57.439,34.146,2,90
1.2646,0.7217,-0.4043,-19.878,56.951,35.915,2,90
1.2661,0.7075,-0.3950,-25.122,55.976,38.720,2,90
1.2656,0.6855,-0.3901,-30.610,54.573,40.671,2,90
1.2925,0.6680,-0.3789,-36.037,53.293,43.049,2,90
-1.0063,-0.2559,-0.2759,30.305,10.793,1.463,3,42
-1.0015,-0.2256,-0.2759,27.500,8.354,0.000,3,42
-0.9956,-0.1162,-0.2949,22.439,3.720,-2.500,3,42
-0.9863,-0.0093,-0.3359,19.451,0.183,-5.732,3,42
-0.9849,0.0801,-0.3633,18.902,-2.195,-8.659,3,42
-0.9668,0.1387,-0.3560,20.488,-3.780,-12.378,3,42
-0.9570,0.1802,-0.3340,22.195,-5.183,-16.159,3,42
-0.9375,0.1968,-0.3223,23.293,-6.829,-19.756,3,42
1.3242,0.6309,-0.3691,-43.415,50.488,46.585,2,90
1.3501,0.6143,-0.3633,-48.902,48.537,48.598,2,90
1.3848,0.5903,-0.3667,-53.963,47.256,50.244,2,90
1.4214,0.5635,-0.3711,-59.573,45.122,52.012,2,90
1.4624,0.5513,-0.3696,-65.183,43.963,52.988,2,90
1.4966,0.5239,-0.3755,-70.549,42.439,54.024,2,90
1.5264,0.5073,-0.3833,-76.341,41.646,54.390,2,90
1.5527,0.4873,-0.3857,-82.073,40.610,54.390,2,90
-0.9385,0.1519,-0.3271,24.390,-8.963,-24.695,3,42
-0.9565,0.0923,-0.3433,24.451,-10.854,-28.232,3,42
-0.9614,0.0308,-0.3672,23.841,-12.378,-31.585,3,42
-0.9619,-0.0400,-0.3740,23.171,-15.000,-34.512,3,42
-0.9658,-0.0859,-0.3809,21.341,-17.012,-37.378,3,42
-0.9556,-0.1216,-0.3774,19.512,-19.390,-39.451,3,42
-0.9443,-0.1392,-0.3750,17.500,-21.341,-42.134,3,42
-0.9341,-0.1445,-0.3867,15.793,-23.232,-44.390,3,42
1.5791,0.4688,-0.3945,-87.195,39.939,53.963,2,90
1.5908,0.4561,-0.4189,-92.073,39.146,52.744,2,90
1.5952,0.4546,-0.4336,-96.646,38.476,51.220,2,90
1.5918,0.4580,-0.4526,-100.732,38.354,49.756,2,90
1.5796,0.4604,-0.4600,-104.512,37.439,47.744,2,90
1.5615,0.4712,-0.4824,-107.622,37.256,45.549,2,90
1.5410,0.4985,-0.4917,-110.915,36.890,43.476,2,90
1.5137,0.5176,-0.5005,-114.268,36.951,41.707,2,90
-0.9424,-0.1489,-0.3872,14.817,-24.817,-46.159,3,42
-0.9438,-0.1563,-0.3940,13.476,-26.585,-47.805,3,42
-0.9404,-0.1802,-0.3882,11.951,-27.988,-49.634,3,42
-0.9272,-0.2051,-0.3735,10.427,-29.756,-50.854,3,42
-0.9067,-0.2197,-0.3564,8.354,-30.976,-52.073,3,42
-0.8931,-0.2124,-0.3486,6.524,-32.561,-52.866,3,42
-0.8921,-0.1963,-0.3433,4.146,-34.207,-53.720,3,42
-0.9160,-0.1719,-0.3501,2.012,-35.671,-54.634,3,42
1.4771,0.5483,-0.5146,-117.317,36.829,39.817,2,90
1.4517,0.5806,-0.5283,-120.000,36.768,38.537,2,90
1.4263,0.6133,-0.5381,-122.439,36.646,37.439,2,90
1.3979,0.6436,-0.5537,-124.146,36.524,36.707,2,90
1.3755,0.6851,-0.5615,-124.939,35.976,35.854,2,90
1.3457,0.7227,-0.5732,-124.939,35.671,35.854,2,90
1.3213,0.7485,-0.5894,-125.061,35.000,35.671,2,90
1.3003,0.7817,-0.5791,-124.268,34.573,35.793,2,90
-0.9341,-0.1611,-0.3667,-0.305,-37.744,-56.098,3,42
-0.9443,-0.1689,-0.3872,-1.585,-39.695,-57.500,3,42
-0.9404,-0.1865,-0.4155,-1.829,-40.915,-59.024,3,42
-0.9214,-0.1865,-0.4058,-2.500,-42.317,-59.756,3,42
-0.8989,-0.2002,-0.4028,-4.268,-44.207,-60.244,3,42
-0.8833,-0.2300,-0.4204,-5.549,-46.159,-60.671,3,42
-0.8672,-0.2705,-0.4526,-7.195,-47.561,-59.695,3,42
-0.8218,-0.3125,-0.4531,-8.841,-48.049,-61.220,3,42
-1.2412,-0.2529,-0.3979,115.427,80.915,431.524,1,90
-1.2793,-0.3135,-0.3979,124.634,85.488,437.866,1,90
-1.3096,-0.3760,-0.3794,134.451,90.732,443.780,1,90
-1.3564,-0.3696,-0.2344,139.451,96.829,448.841,1,90
-1.4307,-0.3447,-0.1128,118.841,102.073,453.110,1,90
-1.4502,-0.4805,-0.1909,94.451,102.866,458.659,1,90
-1.4478,-0.6465,-0.2710,80.671,102.256,464.329,1,90
-1.4731,-0.8271,-0.3086,77.195,103.049,468.963,1,90
1.1509,0.8188,-0.4712,-113.293,20.793,42.012,2,90
1.1377,0.8027,-0.4644,-111.280,18.780,43.780,2,90
1.1328,0.7837,-0.4512,-108.659,16.707,45.610,2,90
1.1230,0.7529,-0.4365,-106.646,14.268,47.866,2,90
1.1172,0.7319,-0.4209,-104.329,12.073,50.000,2,90
1.1055,0.6997,-0.4131,-101.890,9.512,52.134,2,90
1.0977,0.6699,-0.4053,-99.695,7.134,54.268,2,90
1.0928,0.6416,-0.3970,-97.561,4.817,56.341,2,90
-0.8950,-0.2871,-0.3765,-22.561,-62.439,-60.488,3,42
-0.8838,-0.2935,-0.3862,-24.024,-64.390,-60.366,3,42
-0.8765,-0.2832,-0.3950,-24.451,-66.585,-59.756,3,42
-0.8867,-0.2998,-0.4277,-26.829,-67.622,-59.695,3,42
-0.8765,-0.3003,-0.4082,-26.159,-67.805,-59.268,3,42
-0.8794,-0.2861,-0.3970,-25.305,-68.537,-58.598,3,42
-0.8735,-0.2783,-0.3965,-25.671,-69.939,-57.866,3,42
-0.8745,-0.2798,-0.3999,-26.159,-71.280,-57.500,3,42
1.0728,0.6118,-0.3999,-94.939,2.439,58.415,2,90
1.0757,0.5757,-0.3833,-93.354,0.061,60.244,2,90
1.0649,0.5532,-0.3960,-90.732,-2.012,62.378,2,90
1.0596,0.5298,-0.3921,-87.683,-3.780,64.634,2,90
1.0479,0.5020,-0.3916,-85.000,-5.671,66.463,2,90
1.0366,0.4937,-0.3862,-82.256,-7.561,68.049,2,90
1.0186,0.4746,-0.3853,-79.817,-9.024,69.634,2,90
0.9946,0.4595,-0.3901,-77.256,-11.159,70.915,2,90
-0.8804,-0.2896,-0.4131,-25.549,-71.341,-56.829,3,42
-0.8789,-0.2935,-0.4321,-23.598,-71.768,-56.341,3,42
-0.8755,-0.2832,-0.4297,-21.098,-72.805,-55.793,3,42
-0.8799,-0.2891,-0.4326,-21.037,-74.207,-55.549,3,42
-0.8804,-0.2988,-0.4136,-19.756,-74.756,-55.122,3,42
-0.8750,-0.3008,-0.4111,-18.780,-75.427,-55.183,3,42
-0.8687,-0.2910,-0.4102,-16.890,-75.793,-54.634,3,42
-0.8701,-0.2949,-0.4058,-15.854,-76.951,-53.841,3,42
0.9736,0.4458,-0.3931,-74.268,-13.171,71.829,2,90
0.9570,0.4380,-0.3828,-71.280,-15.061,72.744,2,90
0.9297,0.4272,-0.3877,-68.659,-17.256,73.537,2,90
0.9121,0.4263,-0.3745,-65.854,-19.207,74.024,2,90
0.8901,0.4336,-0.3789,-63.902,-21.524,74.268,2,90
0.8672,0.4360,-0.3750,-61.159,-23.537,74.939,2,90
0.8403,0.4429,-0.3804,-59.451,-25.488,75.061,2,90
0.8174,0.4448,-0.3784,-57.195,-27.683,75.671,2,90
-0.8608,-0.2852,-0.3862,-16.159,-78.171,-54.024,3,42
-0.8672,-0.2920,-0.3740,-16.159,-79.207,-54.207,3,42
-0.8589,-0.2920,-0.3613,-15.244,-79.512,-54.146,3,42
-0.8604,-0.2910,-0.3438,-14.695,-79.634,-53.780,3,42
-0.8560,-0.2813,-0.3174,-13.659,-79.695,-53.720,3,42
-0.8608,-0.2700,-0.3052,-12.622,-80.488,-53.415,3,42
-0.8618,-0.2588,-0.3008,-11.829,-80.976,-53.110,3,42
-0.8569,-0.2515,-0.3003,-11.585,-81.951,-53.110,3,42
-1.1533,-1.7134,-0.6387,-51.707,80.732,382.744,1,90
-1.1470,-1.7202,-0.6357,-50.000,78.780,378.659,1,90
-1.1367,-1.7319,-0.6377,-47.927,76.951,374.695,1,90
-1.1240,-1.7383,-0.6294,-45.549,75.793,370.732,1,90
-1.1260,-1.7495,-0.6309,-43.293,74.878,366.524,1,90
-1.1094,-1.7646,-0.6265,-40.549,74.085,362.012,1,90
-1.0894,-1.7793,-0.6152,-38.293,74.085,357.378,1,90
-1.0566,-1.8076,-0.6143,-35.732,74.329,352.622,1,90
-0.6543,-0.4648,1.0718,78.232,-55.000,-118.598,4,42
-0.6631,-0.6538,0.9531,60.366,-46.768,-130.671,4,42
-0.5991,-0.7842,0.8325,40.732,-43.841,-143.171,4,42
-0.4932,-0.8545,0.7471,22.317,-44.512,-150.854,4,42
-0.2925,-0.8008,0.6543,1.037,-44.329,-152.439,4,42
-0.2432,-0.7720,0.6421,-21.524,-47.927,-148.902,4,42
-0.3018,-0.8125,0.6465,-41.280,-58.780,-145.488,4,42
-0.2969,-0.7505,0.6543,-63.780,-74.268,-143.659,4,42
-1.0229,-1.8433,-0.6001,-33.293,74.634,347.317,1,90
-0.9912,-1.8828,-0.5698,-30.854,75.427,341.829,1,90
-0.9492,-1.9272,-0.5386,-28.841,75.488,336.402,1,90
-0.9131,-1.9673,-0.5137,-26.768,75.488,330.671,1,90
-0.8608,-2.0142,-0.4932,-25.732,75.366,324.939,1,90
-0.8120,-2.0518,-0.4668,-24.756,74.329,319.695,1,90
-0.7695,-2.0786,-0.4580,-24.329,73.293,314.085,1,90
-0.7236,-2.1113,-0.4478,-24.268,71.829,309.085,1,90
-0.4644,-0.7495,0.6846,-85.915,-94.085,-140.305,4,42
-0.6079,-0.7412,0.7617,-103.598,-122.073,-140.610,4,42
-0.7026,-0.6846,0.8140,-121.402,-153.354,-143.537,4,42
-0.7861,-0.5698,0.8418,-139.512,-184.146,-144.756,4,42
-0.8623,-0.4541,0.8574,-156.280,-213.293,-144.207,4,42
-0.9238,-0.3311,0.8481,-170.122,-239.329,-141.402,4,42
-0.9810,-0.2271,0.8447,-181.524,-261.890,-136.585,4,42
-1.0303,-0.1294,0.8311,-189.207,-280.793,-131.829,4,42
-0.6587,-2.1479,-0.4390,-24.512,69.451,301.524,1,90
-0.6348,-2.1567,-0.4365,-24.451,68.598,298.963,1,90
-0.5728,-2.1855,-0.4155,-23.780,65.854,291.707,1,90
-0.5298,-2.2061,-0.4336,-22.866,64.024,286.829,1,90
-0.4956,-2.2046,-0.4268,-22.073,62.134,282.073,1,90
-0.4595,-2.2065,-0.4297,-20.183,59.756,276.707,1,90
-0.4341,-2.2046,-0.4414,-18.780,57.683,272.073,1,90
-0.4082,-2.1870,-0.4517,-16.402,55.122,266.829,1,90
-1.0698,-0.0537,0.8027,-194.268,-296.402,-125.976,4,42
-1.1240,0.0117,0.7778,-195.915,-309.329,-121.220,4,42
-1.1855,0.0806,0.7656,-195.976,-320.488,-116.890,4,42
-1.2437,0.1348,0.7451,-195.122,-330.366,-113.354,4,42
-1.3081,0.1895,0.7354,-193.476,-339.146,-110.488,4,42
-1.3799,0.2329,0.7119,-191.463,-346.159,-108.293,4,42
-1.4590,0.2842,0.6753,-189.817,-351.341,-107.256,4,42
-1.5415,0.3403,0.6416,-188.598,-353.415,-107.012,4,42
-0.3872,-2.1763,-0.4536,-13.780,53.049,261.463,1,90
-0.3638,-2.1592,-0.4551,-10.915,50.732,256.463,1,90
-0.3442,-2.1323,-0.4731,-7.073,48.171,251.220,1,90
-0.3208,-2.1128,-0.4956,-3.354,46.402,245.854,1,90
-0.3130,-2.0859,-0.4985,1.280,44.390,240.488,1,90
-0.2959,-2.0542,-0.5161,6.585,42.561,234.878,1,90
-0.2827,-2.0313,-0.5278,11.707,41.280,229.329,1,90
-0.2725,-1.9961,-0.5430,17.439,40.427,223.293,1,90
-1.6260,0.3916,0.6167,-188.537,-352.195,-107.988,4,42
-1.7100,0.4253,0.5776,-188.659,-347.073,-110.488,4,42
-1.7715,0.4463,0.5361,-188.902,-338.902,-115.427,4,42
-1.8364,0.4507,0.5234,-189.085,-328.963,-123.232,4,42
-1.8765,0.4346,0.5107,-187.927,-318.415,-133.110,4,42
-1.9072,0.4194,0.5059,-185.610,-308.659,-144.268,4,42
-1.9219,0.3867,0.5093,-181.951,-300.244,-155.793,4,42
-1.9336,0.3501,0.5010,-177.378,-294.207,-166.585,4,42
-0.2593,-1.9727,-0.5581,23.293,40.000,217.256,1,90
-0.2451,-1.9482,-0.5845,28.963,39.939,211.341,1,90
-0.2446,-1.9321,-0.5913,35.427,40.732,205.061,1,90
-0.2354,-1.9150,-0.5928,41.524,41.220,199.329,1,90
-0.2246,-1.8906,-0.6045,48.049,42.317,193.293,1,90
-0.2139,-1.8682,-0.6016,54.024,43.537,187.256,1,90
-0.2075,-1.8384,-0.6157,59.695,45.061,181.768,1,90
-0.1997,-1.8115,-0.6060,65.305,46.890,175.366,1,90
-1.9146,0.2695,0.4971,-167.622,-287.744,-181.890,4,42
-1.8901,0.2095,0.4668,-159.573,-285.061,-190.854,4,42
-1.8809,0.1836,0.4556,-155.366,-284.390,-195.061,4,42
-1.8657,0.1475,0.4224,-146.829,-282.988,-202.500,4,42
-1.8345,0.1040,0.3413,-135.671,-281.707,-211.341,4,42
-1.8286,0.0894,0.2764,-128.841,-280.915,-215.854,4,42
-1.8140,0.0781,0.1992,-122.988,-279.756,-219.024,4,42
-1.7969,0.0654,0.1436,-116.768,-279.390,-221.463,4,42
-0.1787,-1.7734,-0.5938,70.854,48.293,170.000,1,90
-0.1733,-1.7451,-0.5791,76.159,50.061,164.329,1,90
-0.1465,-1.7075,-0.5850,80.854,51.159,159.085,1,90
-0.1284,-1.6733,-0.5640,86.220,52.622,153.780,1,90
-0.1060,-1.6323,-0.5537,91.341,54.146,148.841,1,90
-0.0806,-1.6089,-0.5381,96.280,55.610,143.415,1,90
-0.0591,-1.5830,-0.5264,101.951,56.829,138.659,1,90
-0.0386,-1.5679,-0.5039,107.012,58.598,133.598,1,90
0.3296,0.2642,-0.2729,-8.232,-67.134,115.854,2,90
0.3301,0.2749,-0.2686,-8.598,-66.829,116.951,2,90
0.3340,0.2881,-0.2656,-8.415,-66.768,118.293,2,90
0.3291,0.2944,-0.2695,-7.805,-66.646,119.756,2,90
0.3271,0.3159,-0.2769,-6.951,-66.220,120.732,2,90
0.3320,0.3389,-0.2700,-5.854,-65.427,121.829,2,90
0.3369,0.3608,-0.2622,-4.634,-64.695,122.988,2,90
0.3252,0.3823,-0.2603,-3.963,-64.024,123.537,2,90
-0.8545,-0.4692,-0.0898,-2.622,-54.451,-64.573,3,42
-0.8486,-0.4619,-0.0693,-5.732,-55.244,-64.207,3,42
-0.8462,-0.4702,-0.0571,-9.024,-56.037,-64.146,3,42
-0.8413,-0.4761,-0.0586,-12.683,-57.378,-64.024,3,42
-0.8379,-0.4893,-0.0532,-15.122,-58.171,-64.329,3,42
-0.8545,-0.4688,-0.0288,-18.049,-58.415,-64.390,3,42
-0.8701,-0.4604,-0.0264,-21.768,-59.695,-64.268,3,42
-0.8857,-0.4604,-0.0166,-24.451,-59.817,-64.268,3,42
0.3262,0.4033,-0.2617,-2.622,-63.049,124.695,2,90
0.3242,0.4219,-0.2598,-0.610,-62.622,125.366,2,90
0.3296,0.4409,-0.2549,1.768,-61.402,125.732,2,90
0.3379,0.4731,-0.2568,4.878,-60.732,126.585,2,90
0.3257,0.4971,-0.2578,8.659,-59.817,127.073,2,90
0.3345,0.5161,-0.2637,12.500,-58.720,127.866,2,90
0.3291,0.5493,-0.2524,16.951,-57.744,128.476,2,90
0.3345,0.5815,-0.2461,20.915,-56.646,129.085,2,90
-0.9077,-0.4097,0.0288,-27.012,-59.146,-63.659,3,42
-0.9087,-0.4063,0.0396,-27.378,-58.720,-63.110,3,42
-0.9248,-0.3950,0.0815,-25.854,-55.854,-62.744,3,42
-0.9092,-0.3628,0.0601,-24.512,-55.061,-61.951,3,42
-0.8711,-0.3633,-0.0234,-24.390,-57.134,-61.524,3,42
-0.8657,-0.3525,-0.0474,-22.988,-58.720,-60.976,3,42
-0.8931,-0.3110,-0.0342,-22.012,-58.659,-60.244,3,42
-0.9082,-0.2822,-0.0347,-21.951,-58.537,-59.573,3,42
0.3379,0.5977,-0.2378,25.244,-55.671,129.817,2,90
0.3403,0.6274,-0.2310,29.329,-54.939,130.610,2,90
0.3472,0.6460,-0.2178,33.780,-54.329,130.915,2,90
0.3594,0.6709,-0.2163,38.598,-53.963,131.768,2,90
0.3701,0.6865,-0.2134,44.573,-53.598,132.866,2,90
0.3799,0.7090,-0.2021,50.366,-52.805,134.085,2,90
0.3989,0.7280,-0.1880,55.915,-52.439,134.817,2,90
0.4106,0.7476,-0.1631,60.366,-51.646,135.610,2,90
-0.9243,-0.2798,-0.0610,-21.463,-57.683,-58.598,3,42
-0.9141,-0.3091,-0.0845,-17.378,-54.634,-58.476,3,42
-0.9063,-0.3237,-0.0396,-9.085,-49.390,-58.476,3,42
-0.8960,-0.2725,0.0391,1.037,-44.512,-57.561,3,42
-0.8994,-0.2046,0.0986,8.780,-41.220,-55.488,3,42
-0.9224,-0.2163,0.0703,14.329,-39.085,-52.195,3,42
-0.9648,-0.2778,0.0640,21.951,-33.659,-49.268,3,42
-1.0166,-0.3447,0.0527,30.549,-27.622,-47.378,3,42
0.4370,0.7471,-0.1411,65.183,-51.098,136.524,2,90
0.4561,0.7490,-0.1431,70.976,-50.793,137.012,2,90
0.4810,0.7642,-0.1431,77.988,-50.427,137.683,2,90
0.5034,0.7798,-0.1431,85.366,-49.207,138.049,2,90
0.5239,0.7881,-0.1118,92.378,-48.659,138.415,2,90
0.5410,0.7979,-0.0879,97.805,-47.317,138.110,2,90
0.5518,0.8081,-0.0391,101.829,-46.585,138.049,2,90
0.5664,0.7944,-0.0151,104.878,-46.341,138.049,2,90
-1.0356,-0.4321,0.0337,37.317,-21.829,-46.524,3,42
-1.0283,-0.5259,-0.0171,43.720,-15.915,-46.280,3,42
-1.0039,-0.6016,-0.0703,50.610,-10.122,-45.366,3,42
-0.9780,-0.6455,-0.0688,56.463,-4.512,-44.024,3,42
-0.9409,-0.6704,-0.0376,61.402,-0.244,-41.646,3,42
-0.9067,-0.6875,-0.0117,64.390,3.598,-38.476,3,42
-0.8970,-0.7158,0.0034,67.683,7.561,-34.878,3,42
-0.8950,-0.7188,0.0205,71.159,11.524,-31.646,3,42
0.4468,-1.3086,-0.1880,103.476,55.488,8.537,1,90
0.4556,-1.3149,-0.1689,100.976,54.329,6.463,1,90
0.4814,-1.3076,-0.1563,97.683,52.622,5.305,1,90
0.5063,-1.3179,-0.1499,94.451,50.671,4.268,1,90
0.5161,-1.3223,-0.1309,91.280,48.720,3.293,1,90
0.5366,-1.3301,-0.1133,88.476,47.073,2.744,1,90
0.5566,-1.3418,-0.1060,85.427,45.427,2.317,1,90
0.5933,-1.3560,-0.0962,82.622,43.659,2.439,1,90
0.4014,-0.1313,-0.9712,-80.122,-64.451,29.634,4,42
0.5273,-0.4355,-1.1543,-113.598,-82.683,43.232,4,42
0.6074,-0.7046,-1.2363,-124.268,-89.512,66.707,4,42
0.5952,-0.7642,-1.1655,-112.378,-84.573,89.329,4,42
0.4531,-0.7388,-1.0405,-75.610,-73.293,106.524,4,42
0.3223,-0.4268,-0.8315,-27.683,-58.171,118.293,4,42
0.1968,-0.2114,-0.6885,25.061,-43.171,121.585,4,42
0.0156,-0.0137,-0.5918,67.622,-32.195,114.024,4,42
0.6055,-1.3765,-0.0742,79.756,41.951,2.317,1,90
0.6191,-1.3867,-0.0688,77.744,39.512,2.317,1,90
0.6401,-1.3999,-0.0527,75.671,37.439,2.683,1,90
0.6694,-1.4141,-0.0391,73.720,34.451,2.927,1,90
0.6875,-1.4297,-0.0332,72.012,31.768,3.232,1,90
0.7090,-1.4395,-0.0225,69.878,28.293,3.354,1,90
0.7217,-1.4482,-0.0283,68.110,24.878,3.537,1,90
0.7373,-1.4561,-0.0396,66.829,21.037,3.659,1,90
-0.0869,0.1772,-0.5317,95.915,-28.720,96.646,4,42
-0.1230,0.3159,-0.5225,115.305,-29.634,75.793,4,42
-0.1299,0.4482,-0.5347,130.244,-33.293,56.159,4,42
-0.1416,0.5103,-0.5400,140.732,-37.256,39.634,4,42
-0.1548,0.5054,-0.5254,149.756,-40.610,24.878,4,42
-0.1836,0.4570,-0.4795,156.220,-43.415,12.744,4,42
-0.1997,0.4380,-0.4429,161.585,-45.061,3.659,4,42
-0.2261,0.3926,-0.4248,165.610,-45.000,-0.854,4,42
0.7554,-1.4756,-0.0386,65.549,16.646,3.720,1,90
0.7744,-1.4932,-0.0557,64.207,12.561,4.085,1,90
0.7715,-1.5073,-0.0693,62.927,8.049,4.390,1,90
0.7822,-1.5215,-0.0898,61.463,4.024,4.573,1,90
0.7725,-1.5591,-0.1143,60.488,-0.061,4.817,1,90
0.7554,-1.5776,-0.1396,59.085,-3.841,5.122,1,90
0.7368,-1.6113,-0.1587,58.537,-8.537,5.244,1,90
0.7070,-1.6426,-0.1768,57.683,-12.256,5.854,1,90
-0.2559,0.3125,-0.4443,171.463,-43.659,-2.317,4,42
-0.2725,0.2397,-0.4512,178.841,-41.159,-2.317,4,42
-0.3018,0.1797,-0.4761,186.159,-37.256,-0.122,4,42
-0.3203,0.1387,-0.4990,193.902,-32.683,2.317,4,42
-0.3311,0.1157,-0.5200,200.305,-27.134,5.671,4,42
-0.3369,0.1050,-0.5366,206.159,-21.220,9.085,4,42
-0.3374,0.1035,-0.5654,211.646,-16.098,12.439,4,42
-0.3428,0.1060,-0.5752,217.439,-11.951,15.488,4,42
0.6875,-1.6743,-0.2007,56.524,-16.098,6.220,1,90
0.6504,-1.7119,-0.2119,55.366,-20.122,6.768,1,90
0.6187,-1.7544,-0.2319,54.451,-23.415,7.256,1,90
0.5830,-1.7993,-0.2563,53.476,-26.585,7.561,1,90
0.5376,-1.8467,-0.2720,52.805,-29.573,7.927,1,90
0.5029,-1.8955,-0.2861,52.622,-32.927,7.927,1,90
0.4614,-1.9414,-0.2871,51.951,-35.976,7.317,1,90
0.4351,-1.9941,-0.2842,51.280,-38.780,6.646,1,90
-0.3359,0.1167,-0.6055,223.354,-9.512,18.476,4,42
-0.3379,0.1338,-0.6362,229.634,-8.780,21.524,4,42
-0.3384,0.1572,-0.6709,234.634,-9.207,24.329,4,42
-0.3486,0.1782,-0.6963,239.451,-10.793,26.707,4,42
-0.3706,0.1968,-0.7222,242.988,-13.354,27.927,4,42
-0.3882,0.2114,-0.7422,246.220,-15.427,28.415,4,42
-0.4189,0.2324,-0.7710,248.720,-17.744,28.293,4,42
-0.4609,0.2461,-0.7954,251.037,-19.512,28.110,4,42
0.3950,-2.0547,-0.2881,50.427,-43.720,3.963,1,90
0.3765,-2.0962,-0.2925,49.329,-47.256,1.402,1,90
0.3467,-2.1333,-0.2910,48.598,-50.793,-1.890,1,90
0.3242,-2.1709,-0.2979,47.134,-55.061,-5.793,1,90
0.3086,-2.2002,-0.2861,45.915,-59.634,-10.000,1,90
0.2959,-2.2217,-0.2983,44.756,-64.085,-14.329,1,90
0.2827,-2.2432,-0.2891,43.902,-68.841,-19.451,1,90
0.2690,-2.2627,-0.2930,42.500,-73.049,-24.878,1,90
0.7554,-0.2280,-0.5518,-17.073,42.073,3.110,2,90
0.7285,-0.2354,-0.5615,-20.732,40.732,-0.793,2,90
0.7217,-0.2363,-0.5557,-22.683,40.122,-2.805,2,90
0.7070,-0.2363,-0.5649,-26.098,39.268,-6.768,2,90
0.6934,-0.2417,-0.5742,-29.146,38.171,-10.976,2,90
0.6753,-0.2466,-0.5845,-32.134,36.768,-15.244,2,90
0.6538,-0.2461,-0.5962,-35.488,35.915,-19.878,2,90
0.6411,-0.2373,-0.6006,-38.171,34.451,-24.390,2,90
-0.8999,-0.4312,-0.2158,-34.329,2.500,30.488,3,42
-0.9023,-0.4312,-0.2197,-35.000,1.585,29.573,3,42
-0.9038,-0.4111,-0.2329,-35.610,0.427,27.622,3,42
-0.8936,-0.4033,-0.2305,-36.402,-0.915,25.854,3,42
-0.8887,-0.4009,-0.2275,-35.976,-1.951,24.756,3,42
-0.8804,-0.3652,-0.2246,-32.500,-1.646,23.171,3,42
-0.8818,-0.3325,-0.1943,-30.305,-1.585,22.561,3,42
-0.8794,-0.3188,-0.1763,-27.866,-1.280,22.561,3,42
0.6001,-0.2280,-0.6221,-41.585,33.110,-30.671,2,90
0.5728,-0.2202,-0.6348,-43.110,32.134,-35.061,2,90
0.5547,-0.2002,-0.6567,-44.390,31.098,-38.963,2,90
0.5308,-0.1860,-0.6592,-45.488,30.122,-42.988,2,90
0.5088,-0.1699,-0.6660,-46.402,28.902,-46.890,2,90
0.4839,-0.1519,-0.6680,-47.012,27.805,-51.220,2,90
0.4585,-0.1362,-0.6670,-48.171,26.829,-54.817,2,90
0.4312,-0.1152,-0.6475,-48.720,25.427,-58.780,2,90
-0.8735,-0.3179,-0.1646,-25.244,-0.793,22.134,3,42
-0.8760,-0.3101,-0.1523,-21.524,0.122,21.341,3,42
-0.8779,-0.2842,-0.1274,-19.268,0.427,20.610,3,42
-0.8818,-0.2871,-0.1230,-18.902,-0.122,19.695,3,42
-0.8809,-0.2983,-0.1260,-18.902,-1.280,18.598,3,42
-0.8862,-0.2910,-0.1191,-18.780,-1.768,17.256,3,42
-0.8975,-0.2744,-0.1108,-19.024,-2.439,16.098,3,42
-0.8936,-0.2759,-0.1143,-20.305,-4.146,15.061,3,42
0.4082,-0.1069,-0.6470,-49.024,24.085,-62.317,2,90
0.3862,-0.0903,-0.6328,-49.085,22.561,-65.976,2,90
0.3706,-0.0820,-0.6162,-48.963,21.280,-69.146,2,90
0.3535,-0.0767,-0.6025,-48.659,18.902,-72.195,2,90
0.3301,-0.0635,-0.5830,-47.805,17.317,-75.061,2,90
0.3120,-0.0581,-0.5659,-47.012,15.610,-77.744,2,90
0.2974,-0.0605,-0.5537,-46.037,13.476,-79.756,2,90
0.2881,-0.0532,-0.5420,-45.427,11.037,-81.707,2,90
-0.8994,-0.2769,-0.1045,-20.976,-4.939,13.780,3,42
-0.9009,-0.2764,-0.0942,-20.366,-5.061,12.256,3,42
-0.9067,-0.2754,-0.0923,-19.634,-4.878,10.915,3,42
-0.9131,-0.2686,-0.1006,-18.963,-4.756,9.634,3,42
-0.9272,-0.2705,-0.0840,-17.561,-4.207,8.598,3,42
-0.9336,-0.2729,-0.0898,-15.976,-3.720,7.744,3,42
-0.9448,-0.2949,-0.0947,-13.476,-1.890,6.951,3,42
-0.9561,-0.3369,-0.0757,-8.841,1.524,7.073,3,42
0.1011,-1.6987,-0.5669,-10.061,-143.171,-186.646,1,90
0.1035,-1.6787,-0.5635,-11.037,-144.634,-191.524,1,90
0.1035,-1.6655,-0.5664,-12.744,-145.915,-196.037,1,90
0.1079,-1.6606,-0.5591,-13.659,-147.378,-200.305,1,90
0.1060,-1.6504,-0.5522,-14.451,-148.537,-204.756,1,90
0.0996,-1.6382,-0.5669,-16.159,-149.451,-209.024,1,90
0.0918,-1.6353,-0.5527,-17.134,-150.488,-212.744,1,90
0.0767,-1.6250,-0.5430,-18.902,-151.280,-216.585,1,90
-1.2876,-0.9751,-0.2500,47.195,35.122,59.573,4,42
-1.5581,-1.0566,-0.1841,45.976,41.037,50.854,4,42
-1.1211,-0.8633,-0.2090,45.976,37.500,37.256,4,42
-1.0083,-0.8521,-0.3296,32.195,57.439,30.488,4,42
-1.1406,-0.8779,-0.1436,41.159,64.939,29.207,4,42
-1.2324,-0.8931,-0.0713,55.915,62.195,28.476,4,42
-1.1685,-0.8247,-0.1201,67.500,62.927,24.756,4,42
-1.1255,-0.7324,-0.1582,75.793,69.878,22.683,4,42
0.0562,-1.6196,-0.5337,-19.939,-152.134,-220.427,1,90
0.0420,-1.6143,-0.5249,-21.707,-152.866,-223.841,1,90
0.0254,-1.6011,-0.5151,-23.354,-153.841,-227.378,1,90
0.0098,-1.5981,-0.5112,-25.244,-154.817,-230.488,1,90
-0.0166,-1.5898,-0.5044,-26.707,-155.488,-233.841,1,90
-0.0322,-1.5889,-0.4946,-28.598,-156.341,-237.195,1,90
-0.0508,-1.5796,-0.4883,-29.878,-156.829,-240.610,1,90
-0.0674,-1.5723,-0.4751,-31.280,-158.171,-243.902,1,90
0.2231,-0.2188,-0.7056,-4.756,-43.902,-87.195,2,90
0.2139,-0.2188,-0.7197,-2.317,-46.341,-87.073,2,90
0.2192,-0.2036,-0.7290,-0.061,-48.110,-87.012,2,90
0.2153,-0.1987,-0.7427,2.988,-49.573,-86.829,2,90
0.2173,-0.1846,-0.7422,6.098,-50.610,-86.829,2,90
0.2227,-0.1646,-0.7402,9.024,-51.951,-86.646,2,90
0.2280,-0.1484,-0.7495,12.134,-52.866,-86.707,2,90
0.2305,-0.1274,-0.7388,15.366,-53.476,-86.890,2,90
-0.8516,-0.4868,-0.1445,-1.037,-3.232,2.927,3,42
-0.8525,-0.4863,-0.1318,-2.073,-4.024,3.476,3,42
-0.8452,-0.4780,-0.1240,-2.683,-4.512,4.085,3,42
-0.8506,-0.4722,-0.1113,-3.720,-5.610,4.451,3,42
-0.8550,-0.4790,-0.1221,-5.427,-6.341,4.817,3,42
-0.8599,-0.4766,-0.1118,-6.585,-7.439,4.756,3,42
-0.8677,-0.4741,-0.1250,-7.378,-7.805,4.939,3,42
-0.8745,-0.4790,-0.1128,-8.415,-8.841,5.000,3,42
-0.2002,-1.4717,-0.4648,-38.902,-160.488,-269.634,1,90
-0.2046,-1.4712,-0.4717,-38.963,-160.122,-272.195,1,90
-0.2158,-1.4658,-0.4731,-38.354,-159.207,-273.902,1,90
-0.2222,-1.4629,-0.4653,-37.744,-158.659,-275.793,1,90
-0.2271,-1.4634,-0.4712,-37.317,-157.927,-277.500,1,90
-0.2344,-1.4673,-0.4678,-36.341,-156.951,-279.207,1,90
-0.2417,-1.4775,-0.4585,-35.549,-155.732,-281.829,1,90
-0.2456,-1.4795,-0.4526,-35.000,-154.512,-283.232,1,90
-1.3945,-0.3799,-0.5132,96.646,146.585,11.402,4,42
-1.4077,-0.3550,-0.5269,90.976,152.439,10.671,4,42
-1.4561,-0.3037,-0.5352,83.415,162.073,10.671,4,42
-1.4697,-0.2891,-0.5396,81.098,165.000,10.976,4,42
-1.5107,-0.2393,-0.5449,77.622,171.280,10.732,4,42
-1.5469,-0.1919,-0.5430,75.183,177.439,10.671,4,42
-1.5977,-0.1328,-0.5283,73.293,184.024,10.793,4,42
-1.6372,-0.0776,-0.5059,72.439,189.634,10.732,4,42
-0.9604,-0.4058,-0.0718,-9.268,-6.829,7.256,3,42
-0.9507,-0.4136,-0.0698,-8.415,-6.098,7.378,3,42
-0.9521,-0.4150,-0.0752,-6.829,-4.817,7.195,3,42
-0.9512,-0.4146,-0.0742,-4.939,-3.659,7.195,3,42
-0.9580,-0.4131,-0.0815,-3.232,-2.073,7.500,3,42
-0.9614,-0.4106,-0.0791,-0.915,-0.305,7.683,3,42
-0.9585,-0.3989,-0.0747,1.220,1.280,8.537,3,42
-0.9556,-0.4023,-0.0781,3.110,3.049,8.476,3,42
0.5537,0.0708,-0.5215,72.195,-58.476,-104.268,2,90
0.5645,0.0688,-0.5107,72.805,-59.512,-104.756,2,90
0.5708,0.0620,-0.5020,73.049,-59.695,-105.976,2,90
0.5781,0.0596,-0.4946,72.805,-60.000,-106.707,2,90
0.5854,0.0581,-0.4863,72.622,-60.732,-107.988,2,90
0.5967,0.0444,-0.4883,71.890,-61.220,-109.756,2,90
0.6021,0.0342,-0.4814,70.671,-61.524,-111.220,2,90
0.5957,0.0244,-0.4771,69.268,-61.951,-112.988,2,90
-0.9541,-0.3994,-0.0659,6.768,6.220,9.512,3,42
-0.9526,-0.4038,-0.0703,9.024,7.622,9.573,3,42
-0.9556,-0.4067,-0.0586,10.122,8.598,9.878,3,42
-0.9463,-0.4219,-0.0493,14.146,11.707,10.427,3,42
-0.9502,-0.4336,-0.0527,16.159,13.902,10.854,3,42
-0.9429,-0.4434,-0.0542,17.439,15.793,11.707,3,42
-0.9468,-0.4629,-0.0684,19.268,17.195,12.195,3,42
-0.9404,-0.4888,-0.0767,21.341,19.512,13.293,3,42
0.5986,0.0190,-0.4741,68.171,-62.378,-114.939,2,90
0.6025,0.0142,-0.4746,66.341,-62.439,-116.829,2,90
0.6050,0.0063,-0.4668,64.939,-62.744,-118.780,2,90
0.5942,0.0034,-0.4775,63.049,-62.561,-120.793,2,90
0.5981,-0.0005,-0.4722,60.854,-62.195,-122.866,2,90
0.5918,-0.0024,-0.4702,59.024,-61.402,-125.122,2,90
0.5854,-0.0063,-0.4790,56.646,-60.366,-127.683,2,90
0.5898,-0.0073,-0.4688,53.537,-58.780,-130.244,2,90
-0.9370,-0.4946,-0.0688,23.780,21.585,13.963,3,42
-0.9321,-0.4980,-0.0615,26.402,24.146,14.939,3,42
-0.9331,-0.4917,-0.0474,28.841,26.951,15.976,3,42
-0.9316,-0.4805,-0.0557,31.951,29.512,17.439,3,42
-0.9258,-0.4771,-0.0630,34.390,32.256,18.841,3,42
-0.9321,-0.4761,-0.0635,37.195,34.512,20.183,3,42
-0.9316,-0.4800,-0.0664,39.878,36.768,21.585,3,42
-0.9355,-0.4839,-0.0635,42.927,39.207,23.232,3,42
-0.3149,-1.7202,-0.1475,-50.793,-148.110,-298.354,1,90
-0.3115,-1.7163,-0.1367,-50.427,-148.476,-297.988,1,90
-0.3159,-1.7222,-0.1338,-50.183,-148.537,-297.500,1,90
-0.3218,-1.7188,-0.1387,-49.634,-149.146,-296.463,1,90
-0.3291,-1.7231,-0.1323,-49.207,-149.268,-295.549,1,90
-0.3384,-1.7339,-0.0908,-48.232,-149.207,-294.756,1,90
-0.3472,-1.6987,-0.1323,-46.707,-150.915,-293.293,1,90
-0.3467,-1.7134,-0.1382,-46.951,-151.707,-292.012,1,90
-1.2222,-0.1147,0.7388,137.622,141.768,32.500,4,42
-1.2178,-0.1050,0.7539,127.561,136.646,31.890,4,42
-1.1934,-0.1108,0.7681,117.622,131.585,31.585,4,42
-1.1904,-0.0972,0.7754,109.146,126.829,30.732,4,42
-1.1636,-0.0835,0.7827,100.732,122.073,30.244,4,42
-1.1538,-0.0796,0.7949,93.415,117.988,29.268,4,42
-1.1514,-0.0791,0.7949,86.585,113.780,29.146,4,42
-1.1475,-0.0830,0.7739,81.402,110.183,28.537,4,42
-0.3584,-1.7183,-0.1138,-45.671,-150.671,-290.793,1,90
-0.3799,-1.7056,-0.0728,-42.988,-150.488,-289.817,1,90
-0.3931,-1.6855,-0.0718,-41.585,-151.280,-288.232,1,90
-0.3965,-1.6826,-0.0967,-40.793,-152.500,-287.012,1,90
-0.4053,-1.6768,-0.0977,-39.085,-152.439,-285.366,1,90
-0.4150,-1.6680,-0.0981,-36.829,-151.768,-284.207,1,90
-0.4282,-1.6543,-0.0913,-35.000,-150.854,-283.049,1,90
-0.4336,-1.6382,-0.0752,-33.415,-150.366,-282.256,1,90
-1.1304,-0.0840,0.7495,77.866,106.768,28.415,4,42
-1.1279,-0.0815,0.7251,77.561,103.841,28.232,4,42
-1.1289,-0.0879,0.6982,78.720,100.732,28.293,4,42
-1.1274,-0.0859,0.6709,80.488,98.476,28.354,4,42
-1.1299,-0.0679,0.6421,82.622,96.280,28.354,4,42
-1.1528,-0.0508,0.6270,83.720,95.244,28.598,4,42
-1.1279,-0.0181,0.6104,82.622,95.244,28.841,4,42
-1.1274,0.0171,0.5972,80.854,96.585,28.415,4,42
-0.4404,-1.6235,-0.0767,-32.500,-149.878,-281.098,1,90
-0.4395,-1.6113,-0.0811,-31.220,-149.817,-280.183,1,90
-0.4399,-1.6011,-0.0889,-29.817,-149.939,-279.085,1,90
-0.4399,-1.5918,-0.1045,-28.598,-150.366,-278.171,1,90
-0.4336,-1.5693,-0.1011,-27.805,-151.280,-276.646,1,90
-0.4292,-1.5591,-0.1079,-27.073,-150.854,-275.854,1,90
-0.4282,-1.5337,-0.1138,-27.256,-150.793,-274.756,1,90
-0.4253,-1.5234,-0.1045,-27.866,-150.000,-273.659,1,90
0.6089,0.3843,-0.6270,-0.854,-2.317,-176.951,2,90
0.6030,0.4048,-0.6177,-1.220,1.098,-177.256,2,90
0.5991,0.4189,-0.6191,-1.037,4.390,-177.378,2,90
0.5972,0.4521,-0.6250,-1.037,7.195,-177.317,2,90
0.5889,0.4722,-0.6255,-0.549,10.427,-176.646,2,90
0.5908,0.4907,-0.6128,-0.061,12.805,-176.037,2,90
0.5796,0.5112,-0.6089,1.037,15.976,-175.183,2,90
0.5864,0.5420,-0.5991,2.256,18.415,-174.146,2,90
-0.8252,-0.7236,-0.1646,23.780,57.134,71.463,3,42
-0.8184,-0.7280,-0.1577,21.707,56.951,74.817,3,42
-0.8140,-0.7329,-0.1763,20.122,56.768,77.927,3,42
-0.8066,-0.7393,-0.1880,18.415,56.585,81.159,3,42
-0.8052,-0.7495,-0.1924,17.317,56.524,84.451,3,42
-0.8027,-0.7549,-0.1904,15.366,56.646,87.866,3,42
-0.8154,-0.7573,-0.1987,14.329,56.829,91.220,3,42
-0.8096,-0.7554,-0.1899,13.293,57.073,94.085,3,42
0.5879,0.5547,-0.5996,4.207,20.976,-172.622,2,90
0.5776,0.5767,-0.5840,6.098,23.659,-171.220,2,90
0.5713,0.5928,-0.5674,9.024,25.610,-169.390,2,90
0.5601,0.6064,-0.5674,12.012,27.500,-167.866,2,90
0.5610,0.6206,-0.5620,15.549,29.146,-166.098,2,90
0.5615,0.6411,-0.5454,18.780,30.610,-164.390,2,90
0.5513,0.6519,-0.5464,22.927,31.768,-162.378,2,90
0.5439,0.6660,-0.5518,26.646,32.866,-160.244,2,90
-0.8135,-0.7510,-0.1772,12.317,57.195,97.134,3,42
-0.8213,-0.7441,-0.1738,10.610,57.256,100.305,3,42
-0.8359,-0.7202,-0.1812,9.451,57.317,103.171,3,42
-0.8374,-0.6729,-0.1733,8.049,57.988,105.793,3,42
-0.8442,-0.6216,-0.1475,5.732,57.988,108.780,3,42
-0.8501,-0.5674,-0.0864,0.793,57.073,110.732,3,42
-0.8584,-0.5264,-0.0542,-5.488,55.000,113.049,3,42
-0.8784,-0.4927,-0.0708,-11.707,53.171,115.122,3,42
-0.9556,-0.4194,-0.1045,-16.890,53.902,117.134,3,42
-0.9702,-0.3848,-0.1084,-17.988,54.695,117.378,3,42
-1.0132,-0.3301,-0.1025,-19.268,56.585,117.378,3,42
-1.0483,-0.2715,-0.0835,-20.000,58.476,117.439,3,42
-1.0972,-0.2314,-0.0547,-21.890,59.817,117.378,3,42
-1.1636,-0.2017,-0.0430,-26.159,62.073,116.585,3,42
-1.2207,-0.1953,-0.0337,-28.110,64.085,116.280,3,42
-1.2559,-0.2075,-0.0391,-29.390,65.976,116.098,3,42
-0.4033,-1.0024,-0.2437,-106.159,-123.780,-235.732,1,90
-0.4063,-0.9854,-0.2554,-109.512,-122.073,-234.573,1,90
-0.4102,-0.9668,-0.2671,-113.415,-120.366,-233.354,1,90
-0.4004,-0.9492,-0.2773,-116.768,-118.537,-232.439,1,90
-0.4077,-0.9272,-0.2739,-120.244,-116.829,-231.402,1,90
-0.4116,-0.9165,-0.2900,-124.024,-115.061,-230.549,1,90
-0.4189,-0.8999,-0.2969,-127.317,-114.512,-229.329,1,90
-0.4219,-0.8823,-0.2949,-130.915,-112.927,-228.659,1,90
0.4683,0.7061,-0.6167,97.378,49.207,-114.573,2,90
0.4604,0.7017,-0.6206,100.427,50.244,-111.159,2,90
0.4565,0.7046,-0.6260,102.988,50.976,-107.561,2,90
0.4575,0.7046,-0.6318,105.244,51.951,-104.146,2,90
0.4551,0.6968,-0.6235,107.012,52.683,-100.671,2,90
0.4502,0.6938,-0.6216,108.476,53.049,-97.439,2,90
0.4463,0.6807,-0.6221,109.878,53.415,-93.171,2,90
0.4512,0.6753,-0.6187,110.488,53.720,-89.817,2,90
-1.0327,0.0142,0.0889,-54.695,58.598,108.476,3,42
-0.9814,0.1045,0.0356,-52.622,58.963,106.768,3,42
-0.9014,0.1958,-0.0527,-48.720,59.878,104.634,3,42
-0.8442,0.2593,-0.1621,-41.159,61.707,102.195,3,42
-0.8071,0.3252,-0.2632,-31.951,63.720,99.756,3,42
-0.7832,0.4146,-0.3496,-21.037,66.220,98.476,3,42
-0.7329,0.5566,-0.3770,-11.159,68.659,96.463,3,42
-0.7090,0.6421,-0.4277,-2.927,70.915,93.537,3,42
-0.4780,-0.6792,-0.3315,-156.220,-109.634,-222.012,1,90
-0.4839,-0.6484,-0.3306,-158.537,-109.634,-221.707,1,90
-0.4922,-0.6216,-0.3359,-160.305,-110.183,-220.915,1,90
-0.5024,-0.5776,-0.3438,-163.171,-110.305,-220.061,1,90
-0.5112,-0.5527,-0.3433,-164.573,-110.549,-219.634,1,90
-0.5181,-0.5259,-0.3535,-165.915,-110.610,-218.720,1,90
-0.5171,-0.5068,-0.3799,-166.220,-111.037,-217.744,1,90
-0.5195,-0.4702,-0.3320,-165.976,-112.073,-216.463,1,90
-3.3652,-0.4272,-2.3638,125.244,-48.963,16.707,4,42
-3.8379,-0.2676,-2.2793,89.939,-63.537,18.110,4,42
-4.0684,-0.2441,-1.5669,69.268,-90.061,14.695,4,42
-3.8506,-0.4004,-0.4189,53.537,-122.744,4.268,4,42
-3.3682,-0.6963,0.5532,33.902,-148.720,-5.610,4,42
-2.7446,-1.0068,1.1484,14.756,-161.707,-10.488,4,42
-2.0054,-1.1294,1.4473,3.293,-162.378,-10.122,4,42
-1.2397,-1.0195,1.6084,-8.049,-157.317,-7.988,4,42
-0.9316,-0.3608,-0.3403,-35.610,47.744,67.927,3,42
-0.9790,-0.3574,-0.3179,-42.073,44.634,67.866,3,42
-1.0332,-0.3594,-0.3062,-46.159,43.720,67.439,3,42
-1.0972,-0.3838,-0.3281,-46.159,44.207,66.280,3,42
-1.0942,-0.3813,-0.3354,-44.573,46.280,64.207,3,42
-1.0762,-0.3516,-0.3149,-42.988,47.622,62.683,3,42
-1.0557,-0.3062,-0.2964,-40.915,48.049,61.890,3,42
-1.0879,-0.2935,-0.3076,-40.122,48.902,61.159,3,42
0.7231,0.3901,-0.6587,85.854,58.720,-39.878,2,90
0.7715,0.4741,-0.6118,80.305,64.268,-38.049,2,90
0.8335,0.5713,-0.5879,73.841,69.390,-36.098,2,90
0.8774,0.6646,-0.5781,67.866,72.866,-33.171,2,90
0.9399,0.7554,-0.5869,62.805,73.841,-28.963,2,90
0.9854,0.8306,-0.5962,59.634,73.354,-23.780,2,90
1.0317,0.8730,-0.6040,57.378,70.427,-17.561,2,90
1.0635,0.9019,-0.6035,56.524,67.317,-10.915,2,90
-1.0796,-0.2671,-0.3013,-38.720,49.756,59.939,3,42
-1.0552,-0.2539,-0.2803,-37.561,50.549,59.207,3,42
-1.0317,-0.2422,-0.2666,-35.427,50.915,58.171,3,42
-0.9644,-0.1899,-0.2427,-34.329,51.463,57.378,3,42
-0.9136,-0.1563,-0.2534,-30.549,50.915,55.610,3,42
-0.8584,-0.0977,-0.2979,-28.293,50.915,52.439,3,42
-0.7617,-0.0132,-0.3794,-25.000,50.732,48.902,3,42
-0.6875,0.0557,-0.4663,-20.854,50.305,44.817,3,42
1.0977,0.9126,-0.5957,55.061,62.866,-4.512,2,90
1.1323,0.8862,-0.5967,54.817,58.232,1.037,2,90
1.1567,0.8457,-0.5908,54.146,53.293,5.610,2,90
1.1992,0.7871,-0.5874,52.622,48.659,8.902,2,90
1.2339,0.7061,-0.6040,50.793,43.902,10.793,2,90
1.2700,0.6235,-0.6162,47.500,39.634,11.402,2,90
1.3076,0.5322,-0.6499,43.537,36.524,11.098,2,90
1.3486,0.4570,-0.6885,39.207,35.061,10.549,2,90
-0.6479,0.0962,-0.5659,-15.854,50.732,41.280,3,42
-0.6040,0.1079,-0.6343,-10.305,52.317,38.171,3,42
-0.5649,0.1299,-0.6152,-5.854,53.476,36.585,3,42
-0.5576,0.1255,-0.5889,-2.622,52.622,35.488,3,42
-0.5737,0.0732,-0.5386,-0.976,50.061,34.024,3,42
-0.5615,0.0161,-0.5088,-0.427,48.598,32.439,3,42
-0.5605,-0.0352,-0.4688,0.244,46.524,31.280,3,42
-0.5493,-0.0688,-0.4609,0.671,44.268,30.061,3,42
1.3828,0.4043,-0.7285,33.415,35.305,9.268,2,90
1.4072,0.3477,-0.7520,26.707,37.683,7.561,2,90
1.4331,0.3291,-0.7778,18.110,40.976,6.098,2,90
1.4619,0.3184,-0.8027,7.622,44.939,4.146,2,90
1.4897,0.3164,-0.8252,-4.207,48.963,2.378,2,90
1.5205,0.3232,-0.8364,-16.098,52.439,0.610,2,90
1.5439,0.3394,-0.8442,-27.988,55.183,-0.854,2,90
1.5781,0.3682,-0.8491,-38.963,57.012,-2.439,2,90
-0.5547,-0.1069,-0.4902,1.646,42.012,28.354,3,42
-0.5874,-0.1387,-0.5430,4.024,40.427,26.890,3,42
-0.6431,-0.1748,-0.5918,5.183,39.207,24.024,3,42
-0.6909,-0.2031,-0.6318,5.732,36.646,20.671,3,42
-0.7310,-0.2251,-0.6646,7.195,35.000,18.049,3,42
-0.7739,-0.2163,-0.6377,8.171,33.049,16.402,3,42
-0.8340,-0.1968,-0.5908,8.598,30.366,15.183,3,42
-0.8999,-0.1885,-0.5366,8.110,27.561,13.659,3,42
1.5879,0.4263,-0.8784,-54.085,58.476,-3.354,2,90
1.5986,0.4409,-0.8833,-58.780,58.537,-3.720,2,90
1.5894,0.4878,-0.9023,-67.378,58.415,-4.085,2,90
1.5723,0.5347,-0.9277,-75.122,57.439,-4.024,2,90
1.5410,0.5771,-0.9473,-81.402,56.707,-3.415,2,90
1.4951,0.6167,-0.9663,-87.683,54.695,-1.829,2,90
1.4551,0.6587,-0.9849,-93.415,52.073,-0.061,2,90
1.4131,0.6812,-0.9844,-98.537,48.780,3.049,2,90
-0.9717,-0.1675,-0.4683,7.927,23.537,11.524,3,42
-0.9878,-0.1621,-0.4502,8.293,22.012,10.549,3,42
-0.9937,-0.1436,-0.4023,8.841,19.207,9.085,3,42
-0.9819,-0.1167,-0.3594,9.817,16.707,7.744,3,42
-0.9780,-0.0293,-0.3081,12.012,13.354,5.671,3,42
-0.9883,0.0562,-0.2998,14.268,11.890,4.451,3,42
-1.0029,0.1289,-0.2847,17.012,10.061,3.354,3,42
-1.0132,0.1924,-0.2915,21.037,8.780,2.134,3,42
1.3462,0.6870,-0.9810,-105.305,43.293,8.902,2,90
1.3203,0.6689,-0.9873,-108.659,38.902,14.146,2,90
1.3135,0.6567,-0.9814,-110.061,36.951,16.463,2,90
1.3096,0.6055,-0.9814,-114.512,30.183,24.817,2,90
1.3154,0.5659,-0.9834,-116.707,26.402,30.610,2,90
1.3350,0.5132,-0.9731,-118.963,22.561,35.549,2,90
1.3794,0.4629,-0.9531,-120.976,20.061,40.854,2,90
1.4126,0.4224,-0.9336,-123.171,17.744,45.366,2,90
-1.0107,0.2095,-0.2856,25.305,7.439,1.098,3,42
-0.9863,0.2207,-0.2583,29.085,5.549,-0.732,3,42
-0.9409,0.2178,-0.2334,32.256,3.476,-2.317,3,42
-0.8979,0.2217,-0.2163,34.634,1.524,-3.659,3,42
-0.8574,0.2363,-0.2080,36.463,-0.793,-5.061,3,42
-0.8218,0.2500,-0.2344,38.354,-3.659,-6.768,3,42
-0.7988,0.2559,-0.2544,41.707,-5.549,-8.110,3,42
-0.7705,0.2471,-0.2900,45.183,-6.402,-9.573,3,42
1.4614,0.3765,-0.9243,-125.366,15.854,49.390,2,90
1.5171,0.3403,-0.9199,-126.890,14.634,53.049,2,90
1.5571,0.3149,-0.8862,-128.110,13.537,56.524,2,90
1.5908,0.3027,-0.8789,-129.146,12.561,58.963,2,90
1.6240,0.2939,-0.8652,-130.488,11.524,61.159,2,90
1.6455,0.3003,-0.8496,-131.890,10.183,62.561,2,90
1.6548,0.3120,-0.8403,-133.110,8.232,63.780,2,90
1.6294,0.3301,-0.8364,-133.780,6.098,64.695,2,90
-0.7588,0.2271,-0.3193,49.390,-7.134,-10.732,3,42
-0.7524,0.2007,-0.3394,53.415,-7.195,-12.134,3,42
-0.7354,0.1704,-0.3530,56.890,-7.256,-13.598,3,42
-0.7148,0.1230,-0.3711,59.695,-7.988,-15.549,3,42
-0.7051,0.0776,-0.3838,62.744,-7.561,-17.805,3,42
-0.7275,0.0439,-0.3911,64.451,-7.378,-19.817,3,42
-0.7490,-0.0122,-0.3896,64.939,-7.805,-21.890,3,42
-0.7778,-0.0596,-0.3940,65.976,-8.049,-23.598,3,42
-1.3623,0.7397,-0.2549,123.780,16.402,239.878,1,90
-1.3511,0.7285,-0.2520,128.963,18.171,245.183,1,90
-1.3364,0.7036,-0.2246,139.329,21.646,254.756,1,90
-1.3130,0.6641,-0.2041,153.415,26.159,270.366,1,90
-1.3149,0.6338,-0.1724,162.622,28.963,280.793,1,90
-1.3115,0.5991,-0.1484,171.463,31.646,291.524,1,90
-1.3140,0.5713,-0.1255,180.488,34.146,302.317,1,90
-1.3198,0.5337,-0.1016,190.000,36.707,312.805,1,90
1.3398,0.7515,-0.7407,-127.134,-18.841,80.244,2,90
1.3198,0.7930,-0.7388,-124.451,-21.707,83.171,2,90
1.3066,0.8286,-0.7197,-121.463,-24.512,86.159,2,90
1.2925,0.8647,-0.7100,-118.354,-27.073,89.207,2,90
1.2778,0.9004,-0.6963,-114.451,-30.000,91.890,2,90
1.2729,0.9302,-0.6865,-110.366,-32.683,94.756,2,90
1.2539,0.9585,-0.6792,-105.427,-35.549,97.195,2,90
1.2383,0.9746,-0.6650,-100.732,-38.537,99.695,2,90
-1.2261,-0.2759,-0.2290,60.610,-5.854,-33.293,3,42
-1.2065,-0.2866,-0.1860,57.744,-6.768,-33.841,3,42
-1.1914,-0.2954,-0.1748,53.415,-9.146,-34.817,3,42
-1.1694,-0.3096,-0.1860,48.780,-11.280,-35.915,3,42
-1.1499,-0.3179,-0.2153,43.780,-13.049,-36.829,3,42
-1.1167,-0.3081,-0.2373,39.329,-14.695,-37.500,3,42
-1.0776,-0.3101,-0.2524,35.061,-16.037,-38.537,3,42
-1.0381,-0.2983,-0.2847,30.915,-16.341,-39.756,3,42
-1.5913,-0.0029,0.0117,217.683,62.744,397.561,1,90
-1.6250,-0.0938,0.0195,221.829,67.073,405.122,1,90
-1.6699,-0.1880,0.0156,225.244,71.463,412.317,1,90
-1.7085,-0.2827,0.0151,227.073,76.646,419.024,1,90
-1.7446,-0.3613,0.0098,228.232,81.890,425.427,1,90
-1.7764,-0.4443,0.0112,227.805,87.012,431.402,1,90
-1.8130,-0.5142,0.0073,226.098,92.500,437.439,1,90
-1.8350,-0.5864,-0.0054,223.780,97.683,443.476,1,90
1.1367,0.8252,-0.5708,-64.207,-61.707,125.549,2,90
1.1274,0.7783,-0.5649,-62.012,-63.110,128.780,2,90
1.1260,0.7354,-0.5522,-59.695,-64.329,131.463,2,90
1.1157,0.6855,-0.5522,-57.744,-65.244,134.146,2,90
1.1143,0.6450,-0.5420,-56.280,-65.427,136.646,2,90
1.1045,0.5962,-0.5400,-55.244,-65.732,139.268,2,90
1.0928,0.5596,-0.5391,-54.329,-65.244,141.341,2,90
1.0869,0.5278,-0.5371,-53.110,-65.000,143.841,2,90
-1.0195,-0.1445,-0.2354,-0.549,-24.878,-51.098,3,42
-1.0225,-0.1523,-0.2573,-3.354,-26.524,-52.622,3,42
-1.0244,-0.1699,-0.2729,-6.220,-27.988,-53.902,3,42
-1.0337,-0.1753,-0.2778,-8.659,-29.329,-55.366,3,42
-1.0347,-0.1826,-0.3018,-11.220,-30.793,-56.707,3,42
-1.0210,-0.1880,-0.3267,-13.415,-32.500,-58.841,3,42
-1.0015,-0.1919,-0.3413,-14.451,-34.146,-59.756,3,42
-0.9844,-0.2021,-0.3379,-15.854,-36.037,-61.280,3,42
1.0752,0.4912,-0.5366,-53.110,-64.878,145.976,2,90
1.0518,0.4609,-0.5479,-52.500,-64.390,147.866,2,90
1.0229,0.4316,-0.5430,-52.866,-64.268,149.878,2,90
0.9995,0.4043,-0.5337,-53.293,-63.841,151.646,2,90
0.9653,0.3818,-0.5229,-54.512,-63.171,153.232,2,90
0.9365,0.3584,-0.4995,-56.098,-62.866,154.878,2,90
0.9072,0.3320,-0.4976,-58.293,-62.500,156.707,2,90
0.8818,0.3042,-0.4604,-61.098,-61.646,158.049,2,90
-0.9595,-0.2144,-0.3447,-17.378,-38.232,-62.500,3,42
-0.9224,-0.2197,-0.3477,-18.841,-40.732,-63.476,3,42
-0.9058,-0.2554,-0.3857,-22.134,-42.073,-65.671,3,42
-0.8589,-0.2310,-0.3892,-22.927,-43.171,-66.341,3,42
-0.8208,-0.1929,-0.3999,-26.220,-46.463,-67.134,3,42
-0.8062,-0.1802,-0.4326,-29.634,-50.366,-67.866,3,42
-0.8394,-0.1855,-0.4736,-31.768,-53.232,-68.659,3,42
-0.8994,-0.1934,-0.5020,-33.720,-55.427,-69.268,3,42
0.8623,0.2798,-0.4448,-63.963,-61.280,159.817,2,90
0.8379,0.2661,-0.4229,-67.012,-60.366,161.768,2,90
0.8232,0.2407,-0.4028,-69.939,-59.573,163.780,2,90
0.8130,0.2104,-0.3833,-72.683,-58.598,165.732,2,90
0.8042,0.1924,-0.3638,-75.061,-57.744,167.805,2,90
0.7959,0.1738,-0.3467,-77.195,-56.646,169.146,2,90
0.7817,0.1528,-0.3315,-79.146,-55.427,170.732,2,90
0.7769,0.1396,-0.3218,-80.732,-54.512,171.585,2,90
-0.9272,-0.2314,-0.4844,-35.183,-58.110,-71.463,3,42
-0.9092,-0.2935,-0.3521,-39.512,-61.098,-71.951,3,42
-0.8887,-0.2920,-0.2534,-47.378,-66.524,-70.671,3,42
-0.8921,-0.2456,-0.2393,-54.939,-73.232,-69.512,3,42
-0.8994,-0.2212,-0.2813,-64.512,-79.329,-69.207,3,42
-0.9116,-0.2261,-0.3203,-71.098,-84.390,-69.817,3,42
-0.9404,-0.2529,-0.3809,-74.451,-87.378,-71.890,3,42
-0.9395,-0.2612,-0.4258,-73.598,-88.232,-73.659,3,42
0.7686,0.1211,-0.3203,-81.829,-53.293,172.073,2,90
0.7607,0.1069,-0.3047,-82.073,-53.049,172.073,2,90
0.7417,0.1035,-0.3032,-81.646,-52.195,171.524,2,90
0.7319,0.0996,-0.3013,-80.732,-51.463,170.549,2,90
0.7192,0.1016,-0.3066,-79.878,-50.854,169.085,2,90
0.7051,0.1074,-0.2954,-78.476,-50.122,167.134,2,90
0.6826,0.1147,-0.2954,-77.805,-49.695,165.000,2,90
0.6528,0.1226,-0.3013,-76.098,-49.268,162.927,2,90
-0.9277,-0.2402,-0.4526,-70.854,-87.561,-74.451,3,42
-0.9194,-0.2378,-0.4492,-67.622,-86.341,-73.902,3,42
-0.9170,-0.2305,-0.4116,-64.207,-84.878,-73.110,3,42
-0.9165,-0.2397,-0.3594,-62.805,-85.122,-72.439,3,42
-0.9253,-0.2373,-0.3188,-63.293,-85.610,-71.341,3,42
-0.9370,-0.2539,-0.2832,-64.878,-86.768,-71.341,3,42
-0.9482,-0.2632,-0.2559,-66.098,-87.805,-70.793,3,42
-0.9600,-0.2783,-0.2280,-66.585,-88.171,-70.671,3,42
-2.0161,-1.3369,0.3257,41.585,65.976,523.293,1,90
-2.0449,-1.3379,0.3467,45.671,62.256,523.476,1,90
-2.0796,-1.3491,0.3657,51.951,58.049,523.049,1,90
-2.1265,-1.3706,0.3647,57.927,54.451,521.707,1,90
-2.1680,-1.4106,0.3740,65.427,51.402,519.390,1,90
-2.1968,-1.4502,0.3613,73.476,49.085,516.524,1,90
-2.2290,-1.4927,0.3516,82.378,47.378,513.171,1,90
-2.2603,-1.5327,0.3521,92.256,45.976,508.902,1,90
-0.6421,-0.1270,1.0210,-85.244,-169.695,-143.598,4,42
-0.6968,-0.1675,1.0103,-93.049,-181.829,-142.622,4,42
-0.7651,-0.1846,0.9980,-100.183,-194.695,-141.037,4,42
-0.8306,-0.1816,0.9912,-108.049,-208.476,-139.085,4,42
-0.9033,-0.1660,0.9658,-115.610,-222.256,-137.378,4,42
-0.9746,-0.1318,0.9434,-124.207,-235.183,-135.549,4,42
-1.0498,-0.0986,0.9189,-132.561,-246.585,-134.146,4,42
-1.1157,-0.0581,0.8823,-141.098,-255.732,-133.049,4,42
0.4438,0.1729,-0.3833,-54.390,-48.720,143.232,2,90
0.4209,0.1665,-0.4009,-50.915,-48.598,141.037,2,90
0.3921,0.1768,-0.4263,-46.768,-48.415,138.780,2,90
0.3765,0.1670,-0.4404,-42.683,-47.927,136.463,2,90
0.3613,0.1665,-0.4644,-38.354,-47.500,134.207,2,90
0.3477,0.1743,-0.4819,-33.841,-46.951,131.402,2,90
0.3179,0.1768,-0.4937,-29.207,-46.220,129.268,2,90
0.2925,0.1719,-0.5078,-24.695,-45.488,126.341,2,90
-1.1885,-0.0200,0.8481,-149.146,-261.646,-132.134,4,42
-1.2456,0.0195,0.8174,-157.317,-265.732,-132.134,4,42
-1.3174,0.0508,0.7778,-163.963,-266.951,-133.293,4,42
-1.3560,0.0796,0.7319,-169.695,-266.524,-135.427,4,42
-1.4019,0.0928,0.6909,-172.744,-265.061,-138.841,4,42
-1.4409,0.1001,0.6636,-173.171,-263.780,-143.293,4,42
-1.4785,0.1069,0.6455,-171.341,-262.927,-148.598,4,42
-1.5010,0.1045,0.6328,-167.622,-262.744,-154.329,4,42
-2.3345,-1.9658,0.3652,187.439,50.793,482.866,1,90
-2.3330,-2.0488,0.3892,194.939,51.951,478.780,1,90
-2.3311,-2.1353,0.4155,201.159,52.805,473.780,1,90
-2.3198,-2.2158,0.4385,206.524,52.988,467.805,1,90
-2.3013,-2.2964,0.4536,210.915,53.171,460.732,1,90
-2.2827,-2.3652,0.4658,214.939,53.049,453.110,1,90
-2.2603,-2.4380,0.4604,218.598,52.317,444.817,1,90
-2.2344,-2.4907,0.4453,221.646,52.012,436.524,1,90
-1.5332,0.1060,0.6045,-162.866,-263.049,-160.305,4,42
-1.5776,0.1084,0.5752,-157.744,-263.841,-165.732,4,42
-1.6133,0.1138,0.5425,-152.805,-264.512,-171.220,4,42
-1.6382,0.1094,0.5146,-148.659,-265.366,-177.012,4,42
-1.6768,0.1108,0.5010,-144.756,-265.427,-182.439,4,42
-1.7061,0.1035,0.4717,-141.159,-264.939,-189.024,4,42
-1.7197,0.0952,0.4521,-137.866,-264.878,-195.610,4,42
-1.7285,0.0903,0.4272,-134.268,-264.207,-202.500,4,42
-2.1997,-2.5425,0.4507,224.207,51.646,427.561,1,90
-2.1807,-2.5889,0.4292,227.195,51.402,419.268,1,90
-2.1270,-2.6099,0.4199,230.000,51.890,410.488,1,90
-2.0859,-2.6099,0.3984,232.561,52.073,402.256,1,90
-2.0444,-2.5942,0.3701,236.098,52.988,393.963,1,90
-1.9932,-2.5825,0.3262,239.817,52.744,386.402,1,90
-1.9429,-2.5649,0.2822,243.720,53.293,378.963,1,90
-1.8877,-2.5537,0.2573,247.805,54.024,371.951,1,90
-1.7549,0.0820,0.4253,-130.793,-263.720,-209.268,4,42
-1.7651,0.0674,0.4131,-127.927,-263.415,-215.061,4,42
-1.7881,0.0581,0.4097,-125.976,-263.841,-220.488,4,42
-1.8003,0.0532,0.3975,-123.598,-264.146,-224.878,4,42
-1.8193,0.0562,0.4009,-121.890,-264.207,-228.049,4,42
-1.8369,0.0625,0.3848,-120.000,-264.207,-230.671,4,42
-1.8716,0.0767,0.3784,-117.683,-264.756,-232.134,4,42
-1.8936,0.0996,0.3638,-115.305,-265.366,-232.683,4,42
-1.8501,-2.5400,0.2266,252.073,55.305,364.939,1,90
-1.7974,-2.5337,0.2192,255.793,56.646,357.744,1,90
-1.7529,-2.5239,0.2012,259.451,58.354,351.098,1,90
-1.7065,-2.5073,0.2031,262.744,60.366,343.780,1,90
-1.6504,-2.4912,0.1831,265.244,62.012,336.768,1,90
-1.5884,-2.4644,0.1694,267.317,63.476,329.756,1,90
-1.5278,-2.4453,0.1567,268.659,64.878,322.805,1,90
-1.4561,-2.4131,0.1392,269.329,66.402,315.915,1,90
0.0854,-0.1216,-0.4189,6.341,-24.512,81.341,2,90
0.0796,-0.1270,-0.4214,3.598,-23.598,80.732,2,90
0.0718,-0.1240,-0.4097,0.671,-22.378,80.122,2,90
0.0786,-0.1299,-0.4048,-1.220,-21.829,79.390,2,90
0.0684,-0.1299,-0.4019,-3.720,-20.976,78.659,2,90
0.0649,-0.1279,-0.3921,-6.280,-20.244,78.293,2,90
0.0630,-0.1274,-0.3901,-8.537,-19.329,77.744,2,90
0.0537,-0.1235,-0.3799,-10.793,-19.146,77.134,2,90
-0.9141,-0.5112,-0.1118,-66.768,-92.317,-77.134,3,42
-0.9170,-0.5083,-0.1011,-67.988,-92.256,-77.134,3,42
-0.9214,-0.5103,-0.0859,-69.756,-91.707,-77.134,3,42
-0.9214,-0.5039,-0.0640,-71.463,-90.976,-77.256,3,42
-0.9219,-0.5020,-0.0425,-72.561,-90.183,-77.256,3,42
-0.8867,-0.4912,-0.0337,-73.232,-89.085,-77.134,3,42
-0.8594,-0.4863,-0.0396,-74.146,-90.000,-76.951,3,42
-0.8335,-0.4824,-0.0322,-74.939,-90.244,-76.890,3,42
0.0557,-0.1138,-0.3813,-13.232,-18.415,76.829,2,90
0.0532,-0.1147,-0.3770,-15.427,-18.537,76.280,2,90
0.0493,-0.1069,-0.3755,-17.317,-18.354,75.671,2,90
0.0532,-0.1021,-0.3818,-18.841,-18.415,75.366,2,90
0.0552,-0.0938,-0.3760,-20.366,-18.354,74.878,2,90
0.0596,-0.0859,-0.3784,-22.378,-18.293,74.573,2,90
0.0596,-0.0771,-0.3877,-23.902,-18.049,74.512,2,90
0.0708,-0.0718,-0.3882,-25.427,-18.232,74.573,2,90
-0.8237,-0.4517,-0.0088,-75.610,-90.183,-76.341,3,42
-0.8198,-0.4263,0.0200,-78.110,-90.793,-75.244,3,42
-0.8184,-0.4058,0.0361,-80.976,-92.134,-74.085,3,42
-0.8228,-0.3921,0.0708,-84.695,-93.415,-73.415,3,42
-0.8247,-0.3667,0.1143,-88.049,-94.451,-72.805,3,42
-0.8384,-0.3398,0.1328,-91.768,-96.585,-71.707,3,42
-0.8447,-0.3013,0.1304,-95.610,-99.695,-70.366,3,42
-0.8726,-0.2710,0.1484,-99.329,-100.976,-69.390,3,42
0.0786,-0.0557,-0.3921,-26.768,-17.622,73.659,2,90
0.0762,-0.0400,-0.4087,-28.171,-16.951,73.841,2,90
0.0864,-0.0283,-0.4019,-28.598,-16.524,73.415,2,90
0.0898,-0.0156,-0.4155,-29.390,-15.549,72.988,2,90
0.1094,0.0054,-0.4067,-30.183,-14.817,72.073,2,90
0.1147,0.0142,-0.4082,-31.341,-13.720,71.341,2,90
0.1240,0.0337,-0.3979,-32.073,-13.476,70.366,2,90
0.1387,0.0503,-0.4038,-32.866,-13.049,69.024,2,90
-0.9033,-0.2529,0.1323,-101.037,-101.768,-68.110,3,42
-0.8999,-0.2461,0.0938,-102.561,-103.598,-66.829,3,42
-0.9102,-0.2515,0.0522,-101.402,-104.268,-66.220,3,42
-0.9302,-0.2402,0.0337,-98.171,-102.317,-65.671,3,42
-0.9590,-0.2104,0.0708,-93.720,-100.854,-64.939,3,42
-0.9712,-0.1641,0.0894,-90.854,-100.854,-63.902,3,42
-0.9775,-0.1372,0.0767,-89.634,-101.829,-62.317,3,42
-0.9956,-0.1450,0.0337,-86.829,-101.402,-60.732,3,42
0.1479,0.0635,-0.3960,-33.293,-12.561,67.805,2,90
0.1650,0.0791,-0.3892,-33.476,-12.622,66.585,2,90
0.1890,0.0908,-0.3931,-33.476,-12.683,65.061,2,90
0.2002,0.1021,-0.3950,-32.927,-12.866,63.780,2,90
0.2095,0.1108,-0.3872,-32.073,-12.988,61.890,2,90
0.2246,0.1196,-0.3926,-30.732,-13.171,60.671,2,90
0.2393,0.1265,-0.3911,-29.390,-13.659,58.720,2,90
0.2583,0.1367,-0.3984,-27.500,-13.476,56.829,2,90
-0.9995,-0.1211,0.0254,-79.634,-97.439,-59.085,3,42
-1.0054,-0.0898,0.0298,-71.280,-93.171,-57.378,3,42
-0.9956,-0.0776,0.0347,-62.622,-89.268,-55.976,3,42
-0.9854,-0.0811,0.0508,-53.720,-85.427,-54.268,3,42
-0.9873,-0.1304,0.0742,-43.537,-79.512,-52.195,3,42
-0.9805,-0.1987,0.0972,-31.159,-72.134,-49.268,3,42
-0.9805,-0.2764,0.1074,-18.720,-64.939,-46.280,3,42
-0.9604,-0.3735,0.0801,-8.293,-58.293,-43.171,3,42
0.2734,0.1445,-0.3926,-26.037,-13.537,54.756,2,90
0.2900,0.1528,-0.3877,-23.780,-13.841,52.134,2,90
0.3037,0.1543,-0.3965,-21.341,-13.902,49.512,2,90
0.3091,0.1582,-0.3960,-19.024,-13.720,46.768,2,90
0.3320,0.1714,-0.3945,-17.012,-13.720,43.293,2,90
0.3325,0.1768,-0.3906,-15.122,-13.354,40.366,2,90
0.3438,0.1885,-0.3965,-13.537,-12.866,36.951,2,90
0.3560,0.1948,-0.3940,-11.829,-12.378,33.598,2,90
-0.9355,-0.4878,0.0239,0.671,-52.805,-40.854,3,42
-0.9121,-0.6055,-0.0229,9.634,-47.012,-38.659,3,42
-0.8906,-0.7217,-0.0635,17.378,-40.671,-36.585,3,42
-0.8784,-0.8027,-0.0962,22.378,-35.976,-34.268,3,42
-0.8643,-0.8447,-0.0967,25.854,-31.585,-31.159,3,42
-0.8735,-0.8730,-0.0884,28.841,-27.256,-27.439,3,42
-0.8853,-0.8770,-0.0605,32.134,-21.951,-22.744,3,42
-0.9106,-0.8555,-0.0562,35.549,-16.951,-18.049,3,42
0.3623,0.2114,-0.3936,-11.037,-11.707,30.183,2,90
0.3691,0.2153,-0.3989,-10.122,-11.220,27.500,2,90
0.3740,0.2241,-0.3970,-9.451,-10.610,24.268,2,90
0.3833,0.2358,-0.3931,-9.146,-9.634,21.402,2,90
0.3892,0.2446,-0.4028,-8.780,-8.720,18.659,2,90
0.3931,0.2456,-0.4038,-9.024,-7.744,15.854,2,90
0.3960,0.2603,-0.4097,-9.451,-6.585,13.293,2,90
0.4087,0.2646,-0.4111,-9.756,-5.061,10.976,2,90
-0.9331,-0.8442,-0.0479,38.902,-11.585,-13.110,3,42
-0.9546,-0.8369,-0.0371,44.756,-3.841,-8.415,3,42
-0.9609,-0.7974,-0.0591,54.329,3.720,-4.573,3,42
-0.9507,-0.7598,-0.1069,58.902,8.110,-1.220,3,42
-0.9336,-0.7524,-0.1069,62.561,12.744,1.159,3,42
-0.9419,-0.7642,-0.0967,68.171,19.573,3.902,3,42
-0.9355,-0.7813,-0.0996,74.207,27.317,6.951,3,42
-0.9248,-0.7944,-0.0752,78.963,33.293,9.634,3,42
0.4253,0.2651,-0.4106,-10.610,-4.024,8.476,2,90
0.4229,0.2676,-0.4141,-11.585,-2.744,6.037,2,90
0.4370,0.2700,-0.4209,-12.622,-1.524,3.476,2,90
0.4385,0.2681,-0.4155,-13.780,-0.122,1.463,2,90
0.4487,0.2637,-0.4253,-14.695,1.341,-0.488,2,90
0.4673,0.2617,-0.4390,-15.732,2.500,-2.500,2,90
0.4697,0.2695,-0.4434,-16.098,4.207,-4.207,2,90
0.4824,0.2598,-0.4507,-16.463,5.366,-5.976,2,90
-0.8965,-0.7905,-0.0527,80.122,36.037,11.890,3,42
-0.8911,-0.7876,-0.0122,77.256,36.037,13.963,3,42
-0.8877,-0.8159,0.0278,75.305,37.805,16.220,3,42
-0.8916,-0.8091,0.0498,73.720,40.305,18.537,3,42
-0.8916,-0.7808,0.0713,70.244,41.220,20.488,3,42
-0.9023,-0.7246,0.1060,65.000,40.427,22.012,3,42
-0.9004,-0.6831,0.1245,58.720,39.146,23.232,3,42
-0.9102,-0.6338,0.1108,51.768,37.073,24.268,3,42
0.4941,0.2554,-0.4453,-17.073,6.585,-7.561,2,90
0.5029,0.2520,-0.4438,-17.744,7.927,-9.207,2,90
0.5200,0.2461,-0.4507,-18.110,8.902,-10.732,2,90
0.5254,0.2427,-0.4434,-19.085,10.183,-12.256,2,90
0.5415,0.2305,-0.4458,-19.634,10.915,-13.659,2,90
0.5532,0.2275,-0.4331,-20.122,11.829,-15.244,2,90
0.5654,0.2070,-0.4355,-20.732,12.683,-16.585,2,90
0.5859,0.2017,-0.4272,-20.732,13.415,-18.232,2,90
-0.9424,-0.5786,0.1211,41.280,34.390,25.366,3,42
-0.9473,-0.5635,0.1260,38.171,34.207,25.854,3,42
-0.9761,-0.5620,0.1460,32.500,34.207,26.463,3,42
-0.9927,-0.5576,0.1582,29.512,35.610,27.256,3,42
-0.9922,-0.5454,0.1475,27.988,36.829,27.317,3,42
-0.9819,-0.5352,0.1426,26.280,37.317,28.110,3,42
-0.9805,-0.5044,0.1440,24.512,37.378,28.049,3,42
-0.9829,-0.4688,0.1489,21.585,36.951,28.049,3,42
0.6221,0.1865,-0.4175,-21.159,14.390,-20.549,2,90
0.6230,0.1807,-0.4077,-21.341,14.878,-21.220,2,90
0.6494,0.1636,-0.3999,-21.280,15.122,-23.354,2,90
0.6729,0.1587,-0.3965,-21.585,15.976,-25.183,2,90
0.6973,0.1514,-0.3945,-22.012,16.646,-27.988,2,90
0.7227,0.1431,-0.3857,-22.744,17.378,-30.122,2,90
0.7368,0.1392,-0.3828,-23.415,18.110,-32.988,2,90
0.7578,0.1421,-0.3911,-23.902,18.598,-35.854,2,90
-0.9751,-0.4307,0.1421,15.610,34.573,27.927,3,42
-0.9722,-0.4082,0.1436,10.122,32.012,27.622,3,42
-0.9707,-0.3994,0.1245,4.207,29.939,26.829,3,42
-0.9692,-0.3999,0.0894,-1.646,27.988,25.854,3,42
-0.9595,-0.4121,0.0693,-4.512,27.073,25.305,3,42
-0.9517,-0.4194,0.0527,-6.646,27.012,24.878,3,42
-0.9424,-0.4185,0.0288,-8.354,26.463,24.695,3,42
-0.9346,-0.4189,0.0303,-9.329,26.220,24.695,3,42
0.7837,0.1426,-0.3901,-24.756,19.939,-41.280,2,90
0.7949,0.1479,-0.3867,-25.610,20.671,-44.268,2,90
0.8101,0.1543,-0.3960,-26.341,21.402,-48.049,2,90
0.8208,0.1587,-0.3984,-26.951,22.439,-51.463,2,90
0.8213,0.1616,-0.4097,-27.195,22.866,-53.476,2,90
0.8179,0.1689,-0.4199,-27.744,23.720,-56.829,2,90
0.8154,0.1938,-0.4409,-27.317,24.817,-62.805,2,90
0.8179,0.2144,-0.4614,-27.134,25.732,-66.280,2,90
-0.9297,-0.4067,0.0322,-10.671,26.341,24.451,3,42
-0.9253,-0.3901,0.0337,-11.524,25.854,24.634,3,42
-0.9370,-0.3818,0.0278,-12.073,26.037,24.268,3,42
-0.9404,-0.3657,0.0151,-12.805,25.732,24.207,3,42
-0.9512,-0.3511,0.0322,-12.805,25.610,24.268,3,42
-0.9609,-0.3296,0.0303,-12.378,25.549,24.085,3,42
-0.9658,-0.3081,0.0483,-12.073,25.122,23.354,3,42
-0.9702,-0.2861,0.0347,-12.683,24.268,23.171,3,42
0.7993,0.2334,-0.4868,-26.646,26.646,-69.939,2,90
0.7939,0.2544,-0.5117,-26.098,27.744,-73.293,2,90
0.7822,0.2900,-0.5342,-25.427,28.720,-76.463,2,90
0.7627,0.3154,-0.5566,-24.695,29.817,-80.183,2,90
0.7495,0.3394,-0.5884,-23.841,30.610,-83.110,2,90
0.7339,0.3779,-0.6147,-22.805,31.585,-86.037,2,90
0.7119,0.4072,-0.6235,-22.378,32.866,-88.902,2,90
0.6934,0.4307,-0.6465,-21.402,34.085,-91.341,2,90
-0.9766,-0.2773,0.0278,-12.805,23.110,22.744,3,42
-0.9819,-0.2759,0.0137,-12.317,22.500,22.073,3,42
-0.9922,-0.2651,-0.0107,-11.402,22.622,20.976,3,42
-0.9946,-0.2817,-0.0229,-9.390,23.720,20.122,3,42
-0.9873,-0.3008,-0.0107,-5.366,26.220,19.695,3,42
-1.0000,-0.2993,0.0039,-0.671,30.366,19.085,3,42
-0.9761,-0.2900,0.0049,3.049,32.744,18.049,3,42
-0.9629,-0.2886,-0.0176,6.707,33.780,17.378,3,42
0.6724,0.4556,-0.6543,-21.098,35.061,-93.354,2,90
0.6479,0.4756,-0.6685,-20.183,36.402,-95.366,2,90
0.6309,0.4946,-0.6753,-19.390,37.317,-97.134,2,90
0.6133,0.5122,-0.6851,-18.232,38.415,-98.415,2,90
0.5972,0.5186,-0.6870,-17.317,39.207,-99.268,2,90
0.5762,0.5215,-0.6836,-16.220,40.244,-100.671,2,90
0.5664,0.5273,-0.6797,-14.756,40.915,-101.829,2,90
0.5479,0.5229,-0.6792,-13.598,41.524,-102.805,2,90
-0.9438,-0.2773,-0.0200,10.610,34.695,16.768,3,42
-0.9351,-0.2661,-0.0405,13.598,34.939,16.098,3,42
-0.9282,-0.2515,-0.0562,15.366,35.000,15.366,3,42
-0.9263,-0.2437,-0.0723,16.646,34.146,14.695,3,42
-0.9233,-0.2456,-0.0815,17.866,32.988,13.415,3,42
-0.9214,-0.2407,-0.0977,19.085,32.073,12.256,3,42
-0.9116,-0.2500,-0.1182,20.366,31.220,11.280,3,42
-0.8975,-0.2627,-0.1406,21.402,29.695,10.183,3,42
0.5410,0.5229,-0.6797,-12.561,42.378,-103.476,2,90
0.5132,0.5186,-0.6636,-11.037,42.500,-104.512,2,90
0.5078,0.4990,-0.6592,-10.183,42.927,-105.061,2,90
0.5054,0.4961,-0.6523,-9.146,43.232,-105.854,2,90
0.4878,0.4844,-0.6421,-8.171,43.171,-106.159,2,90
0.4780,0.4727,-0.6304,-7.439,43.415,-106.220,2,90
0.4707,0.4551,-0.6221,-6.707,43.720,-106.402,2,90
0.4600,0.4399,-0.5996,-6.646,44.024,-106.524,2,90
-0.8857,-0.2876,-0.1602,22.744,28.598,8.963,3,42
-0.8799,-0.3086,-0.1714,23.902,27.866,8.110,3,42
-0.8633,-0.3213,-0.1812,24.573,26.524,7.073,3,42
-0.8584,-0.3433,-0.2031,24.268,24.756,6.098,3,42
-0.8369,-0.3765,-0.2075,24.268,23.537,5.427,3,42
-0.8306,-0.3975,-0.2183,24.512,22.683,4.512,3,42
-0.8218,-0.4272,-0.2236,25.000,21.890,3.902,3,42
-0.8140,-0.4326,-0.2227,25.610,21.159,3.476,3,42
-0.2607,-1.9312,-0.3433,-71.585,-75.244,-176.524,1,90
-0.2690,-1.9048,-0.3335,-72.622,-76.524,-181.159,1,90
-0.2661,-1.8750,-0.3262,-73.902,-76.524,-185.488,1,90
-0.2754,-1.8506,-0.3066,-75.000,-76.890,-189.329,1,90
-0.2837,-1.8291,-0.2979,-76.524,-76.951,-193.354,1,90
-0.2910,-1.8135,-0.2808,-78.110,-76.707,-197.256,1,90
-0.3047,-1.7939,-0.2632,-79.207,-76.890,-200.976,1,90
-0.3232,-1.7852,-0.2402,-80.854,-77.134,-204.939,1,90
-0.7969,-0.4429,-0.2197,26.524,20.793,2.988,3,42
-0.8003,-0.4434,-0.2031,26.829,19.878,2.805,3,42
-0.8008,-0.4370,-0.1953,26.890,18.780,2.866,3,42
-0.7993,-0.4253,-0.1797,26.768,17.683,2.927,3,42
-0.8203,-0.4146,-0.1748,25.915,16.524,3.232,3,42
-0.8247,-0.4170,-0.1738,24.573,15.061,3.415,3,42
-0.8574,-0.4136,-0.1660,23.354,13.720,3.354,3,42
-0.8628,-0.4150,-0.1777,21.829,12.500,3.720,3,42
-0.3315,-1.7715,-0.2139,-82.866,-78.171,-208.293,1,90
-0.3521,-1.7603,-0.1973,-84.146,-78.659,-211.524,1,90
-0.3701,-1.7393,-0.1655,-85.488,-79.451,-214.878,1,90
-0.3804,-1.7407,-0.1509,-87.500,-80.366,-218.049,1,90
-0.4009,-1.7236,-0.1147,-89.756,-80.793,-220.732,1,90
-0.4170,-1.7051,-0.0913,-91.402,-81.951,-224.085,1,90
-0.4341,-1.7061,-0.0718,-93.415,-82.683,-226.585,1,90
-0.4526,-1.6943,-0.0332,-95.000,-83.659,-229.451,1,90
-1.6206,-0.8433,-0.3589,126.341,177.744,-6.220,4,42
-1.6147,-0.7671,-0.3682,123.171,180.854,-9.695,4,42
-1.5981,-0.6992,-0.4072,120.122,182.317,-10.610,4,42
-1.5874,-0.6353,-0.4331,117.012,183.415,-10.488,4,42
-1.5703,-0.5894,-0.4868,115.244,184.756,-9.207,4,42
-1.5649,-0.5566,-0.5215,114.268,186.220,-8.171,4,42
-1.5435,-0.5234,-0.5610,115.976,187.988,-7.195,4,42
-1.5234,-0.4932,-0.5825,117.378,190.183,-5.793,4,42
-0.4814,-1.6851,-0.0220,-96.890,-84.512,-232.317,1,90
-0.4971,-1.6787,0.0068,-99.390,-85.061,-234.939,1,90
-0.5210,-1.6743,0.0391,-100.793,-85.732,-237.683,1,90
-0.5483,-1.6650,0.0532,-102.622,-86.280,-240.305,1,90
-0.5786,-1.6533,0.0747,-104.329,-86.585,-243.049,1,90
-0.5913,-1.6348,0.0845,-106.037,-87.378,-245.366,1,90
-0.6270,-1.6289,0.1035,-108.232,-88.232,-248.902,1,90
-0.6538,-1.6191,0.1152,-109.695,-88.659,-251.280,1,90
-1.4902,-0.4546,-0.6016,119.146,191.829,-5.000,4,42
-1.4692,-0.4009,-0.5962,119.695,193.537,-3.780,4,42
-1.4370,-0.3511,-0.5967,118.902,194.878,-2.317,4,42
-1.4155,-0.3081,-0.5884,116.829,195.610,-0.122,4,42
-1.3945,-0.2681,-0.5742,113.598,195.915,1.646,4,42
-1.3857,-0.2397,-0.5586,109.756,195.976,3.049,4,42
-1.3823,-0.2119,-0.5405,104.878,195.854,3.963,4,42
-1.3838,-0.1860,-0.5283,98.780,196.098,5.183,4,42
-0.6729,-1.6094,0.1240,-110.915,-89.268,-253.110,1,90
-0.6846,-1.6040,0.1299,-112.134,-89.756,-255.549,1,90
-0.7095,-1.6016,0.1348,-112.744,-89.817,-257.927,1,90
-0.7402,-1.5962,0.1313,-114.268,-90.183,-259.756,1,90
-0.7559,-1.5835,0.1353,-114.573,-90.488,-261.890,1,90
-0.7773,-1.5952,0.1455,-115.000,-90.488,-263.720,1,90
-0.7969,-1.5884,0.1450,-115.732,-90.488,-265.549,1,90
-0.8223,-1.5952,0.1406,-115.976,-90.549,-267.744,1,90
-0.8350,-1.6045,0.1436,-116.159,-90.427,-269.512,1,90
-0.8599,-1.6147,0.1362,-115.976,-90.244,-271.463,1,90
-0.7095,-1.6016,0.1348,-112.744,-89.817,-257.927,1,90
-0.8970,-1.6309,0.1226,-115.305,-90.793,-275.305,1,90
-0.9199,-1.6499,0.1206,-114.634,-90.732,-277.195,1,90
-0.9497,-1.6660,0.1060,-113.963,-90.610,-279.085,1,90
-0.9648,-1.6699,0.1147,-113.415,-90.610,-280.976,1,90
-0.9897,-1.6797,0.1035,-112.500,-91.341,-283.171,1,90
-0.9746,-0.3613,0.0693,28.354,31.037,10.122,3,42
-0.9814,-0.3638,0.0728,30.610,33.476,10.793,3,42
-0.9766,-0.3701,0.0835,32.805,36.159,11.829,3,42
-0.9810,-0.3765,0.0635,34.573,38.049,12.439,3,42
-0.9790,-0.3843,0.0557,35.000,39.329,13.049,3,42
-0.9746,-0.4048,0.0352,36.524,41.220,13.415,3,42
-0.9746,-0.4150,0.0229,37.744,42.866,14.329,3,42
-0.9673,-0.4141,0.0039,38.720,44.634,14.512,3,42
0.7109,0.2666,-0.3970,24.268,26.890,-90.854,2,90
0.7227,0.2705,-0.3887,25.000,26.890,-91.951,2,90
0.7417,0.2695,-0.3726,25.488,26.402,-92.744,2,90
0.7529,0.2788,-0.3740,26.341,26.280,-93.415,2,90
0.7666,0.2773,-0.3784,27.134,25.915,-94.085,2,90
0.7710,0.2729,-0.3755,28.476,25.610,-95.488,2,90
0.7803,0.2715,-0.3618,30.183,25.549,-96.280,2,90
0.7769,0.2671,-0.3574,31.037,24.878,-97.561,2,90
-1.6221,-0.0576,0.0513,95.671,181.037,21.524,4,42
-1.5996,-0.0615,0.1284,101.524,179.939,21.159,4,42
-1.5845,-0.0728,0.1792,106.159,178.780,20.854,4,42
-1.5522,-0.0806,0.2446,109.756,177.683,20.244,4,42
-1.5234,-0.0991,0.2979,113.049,176.220,20.244,4,42
-1.4927,-0.1187,0.3569,114.512,174.390,19.939,4,42
-1.4683,-0.1563,0.3975,116.280,171.829,19.878,4,42
-1.4277,-0.1758,0.4302,118.232,167.744,19.512,4,42
-1.1694,-1.7773,0.0605,-99.268,-92.439,-303.171,1,90
-1.1938,-1.7939,0.0557,-97.317,-92.683,-305.793,1,90
-1.1987,-1.8042,0.0439,-96.098,-92.622,-308.171,1,90
-1.2275,-1.8218,0.0400,-94.268,-93.537,-310.549,1,90
-1.2437,-1.8335,0.0308,-92.500,-93.780,-313.171,1,90
-1.2627,-1.8633,0.0176,-89.390,-95.000,-317.134,1,90
-1.2817,-1.8672,0.0049,-87.744,-95.244,-319.817,1,90
-1.2954,-1.8789,-0.0103,-86.037,-95.854,-322.500,1,90
-1.3838,-0.1924,0.4546,120.671,162.988,19.207,4,42
-1.3286,-0.2026,0.4824,122.500,157.195,19.146,4,42
-1.2842,-0.2051,0.5161,123.720,151.707,20.000,4,42
-1.2441,-0.1958,0.5508,122.622,146.280,20.061,4,42
-1.2163,-0.1816,0.5957,119.268,140.915,19.939,4,42
-1.1797,-0.1733,0.6279,114.085,136.768,19.451,4,42
-1.1621,-0.1484,0.6479,108.049,132.988,18.110,4,42
-1.1475,-0.1460,0.6675,100.915,129.573,16.280,4,42
-1.3164,-1.9014,-0.0166,-85.305,-96.768,-324.817,1,90
-1.3350,-1.9116,-0.0317,-83.598,-97.561,-327.561,1,90
-1.3564,-1.9316,-0.0386,-82.866,-98.232,-330.000,1,90
-1.3677,-1.9438,-0.0498,-81.707,-99.207,-332.256,1,90
-1.3804,-1.9507,-0.0342,-80.976,-100.000,-334.512,1,90
-1.4048,-1.9614,-0.0483,-80.244,-100.732,-336.951,1,90
-1.4185,-1.9688,-0.0503,-79.817,-101.220,-339.390,1,90
-1.4258,-1.9678,-0.0693,-79.695,-101.646,-341.707,1,90
-1.1260,-0.1284,0.6890,93.659,127.134,14.207,4,42
-1.1143,-0.1167,0.7012,86.402,124.756,12.317,4,42
-1.1094,-0.0991,0.6909,80.732,122.744,10.305,4,42
-1.1138,-0.0747,0.6792,75.610,121.037,8.841,4,42
-1.1099,-0.0596,0.6597,71.768,119.939,7.500,4,42
-1.1118,-0.0410,0.6436,69.268,119.146,5.854,4,42
-1.1260,-0.0225,0.6299,67.683,118.720,5.061,4,42
-1.1333,-0.0068,0.6030,67.378,119.024,4.024,4,42
-1.4443,-1.9648,-0.0820,-79.878,-102.012,-343.476,1,90
-1.4648,-1.9590,-0.0938,-79.878,-102.439,-346.037,1,90
-1.4707,-1.9512,-0.1055,-79.268,-102.744,-348.659,1,90
-1.4775,-1.9492,-0.1138,-79.268,-102.561,-351.037,1,90
-1.4829,-1.9297,-0.1108,-78.598,-102.744,-353.415,1,90
-1.4878,-1.9219,-0.1274,-78.110,-102.866,-355.549,1,90
-1.4927,-1.9141,-0.1377,-77.927,-102.561,-357.805,1,90
-1.4893,-1.8970,-0.1602,-77.256,-102.927,-360.122,1,90
0.8784,0.3335,-0.4390,38.902,37.012,-129.817,2,90
0.8682,0.3423,-0.4478,39.451,37.805,-129.512,2,90
0.8662,0.3516,-0.4468,39.817,38.598,-129.878,2,90
0.8618,0.3608,-0.4458,40.061,39.390,-129.817,2,90
0.8613,0.3726,-0.4473,40.854,40.244,-129.817,2,90
0.8574,0.3853,-0.4526,40.976,41.159,-129.390,2,90
0.8511,0.3892,-0.4497,41.037,41.098,-129.512,2,90
0.8516,0.3936,-0.4575,41.829,41.707,-128.841,2,90
-0.7959,-0.7842,-0.1475,-11.341,45.061,75.915,3,42
-0.7983,-0.7813,-0.1753,-11.524,46.098,77.988,3,42
-0.8086,-0.7720,-0.2300,-9.939,48.902,82.073,3,42
-0.8184,-0.7476,-0.2422,-7.134,52.683,86.768,3,42
-0.8315,-0.7485,-0.2466,-3.841,56.037,91.341,3,42
-0.8452,-0.7583,-0.2427,-1.524,59.634,96.707,3,42
-0.8633,-0.7754,-0.2129,-0.305,63.110,101.463,3,42
-0.8872,-0.7920,-0.1880,0.732,66.341,106.220,3,42
-1.4819,-1.7432,-0.2749,-65.976,-100.915,-377.256,1,90
-1.4854,-1.7295,-0.2783,-64.756,-100.549,-379.146,1,90
-1.4858,-1.7192,-0.2808,-63.049,-100.244,-380.549,1,90
-1.4819,-1.6851,-0.2720,-61.646,-99.512,-382.927,1,90
-1.4819,-1.6646,-0.2788,-60.244,-98.963,-384.512,1,90
-1.4829,-1.6484,-0.2656,-59.390,-98.476,-386.220,1,90
-1.4844,-1.6177,-0.2573,-57.927,-98.537,-387.805,1,90
-1.4780,-1.5972,-0.2476,-57.012,-98.293,-389.756,1,90
0.7886,0.5000,-0.4766,55.915,46.098,-118.476,2,90
0.7734,0.5132,-0.4868,57.622,46.220,-116.585,2,90
0.7642,0.5229,-0.4829,59.207,46.280,-114.939,2,90
0.7578,0.5352,-0.4736,60.854,46.037,-112.805,2,90
0.7603,0.5459,-0.4785,62.256,45.793,-110.488,2,90
0.7495,0.5498,-0.4775,63.476,45.610,-107.927,2,90
0.7480,0.5542,-0.4727,65.305,45.183,-106.037,2,90
0.7515,0.5654,-0.4766,67.012,44.695,-103.232,2,90
-1.2212,-0.5020,0.1318,-18.902,94.024,136.646,3,42
-1.2295,-0.4170,0.1670,-24.390,93.963,135.305,3,42
-1.2310,-0.3159,0.1821,-28.780,94.634,134.512,3,42
-1.2280,-0.2212,0.1909,-30.793,95.793,134.878,3,42
-1.2271,-0.1201,0.1670,-32.195,96.951,135.183,3,42
-1.2383,-0.0342,0.1128,-31.707,97.927,134.878,3,42
-1.2529,0.0229,0.0483,-29.512,100.183,134.268,3,42
-1.2490,0.0835,-0.0112,-24.878,103.232,132.378,3,42
-1.4258,-1.3438,-0.3013,-53.902,-104.878,-404.695,1,90
-1.4209,-1.3057,-0.3101,-54.512,-106.890,-406.159,1,90
-1.4170,-1.2729,-0.3193,-55.366,-109.146,-407.012,1,90
-1.4224,-1.2358,-0.3354,-56.463,-111.159,-407.927,1,90
-1.4189,-1.1982,-0.3579,-57.744,-113.171,-408.598,1,90
-1.4224,-1.1533,-0.3726,-58.841,-115.000,-409.024,1,90
-1.4224,-1.1104,-0.3804,-60.671,-116.707,-409.207,1,90
-1.4287,-1.0728,-0.3994,-62.622,-118.476,-409.329,1,90
-0.2256,0.0874,-0.1089,-95.793,155.793,-14.512,4,42
0.0894,0.8223,-0.6479,-129.207,148.354,1.829,4,42
0.2280,1.2837,-1.2109,-164.817,142.012,13.841,4,42
-0.2817,-0.1309,-1.9028,-125.854,91.524,30.061,4,42
-0.0112,0.4912,-0.6362,70.488,-13.720,15.854,4,42
0.0288,1.3994,2.0215,64.329,-59.146,-6.768,4,42
-0.4863,0.6782,5.4985,6.402,-82.927,-63.537,4,42
-0.2764,0.3745,8.0791,34.817,-110.427,-126.768,4,42
-0.8169,0.1201,-0.5015,7.622,119.512,102.134,3,42
-0.8242,0.1680,-0.4590,2.988,116.341,98.720,3,42
-0.8584,0.1836,-0.3921,-0.793,112.744,96.037,3,42
-0.8857,0.1548,-0.3408,-4.878,109.268,94.573,3,42
-0.8350,0.1387,-0.2490,-8.354,106.463,93.232,3,42
-0.7661,0.1357,-0.1484,-12.073,102.744,92.256,3,42
-0.6812,0.1123,-0.1021,-16.524,98.841,92.195,3,42
-0.6167,0.0806,-0.1074,-18.049,96.951,91.524,3,42
-1.4834,-0.6841,-0.5107,-85.671,-132.744,-396.280,1,90
-1.5005,-0.6372,-0.5259,-89.573,-134.146,-393.049,1,90
-1.5166,-0.5986,-0.5283,-93.110,-134.695,-389.390,1,90
-1.5430,-0.5210,-0.5547,-100.122,-135.244,-383.110,1,90
-1.5669,-0.4766,-0.5708,-104.756,-135.488,-378.537,1,90
-1.5913,-0.4160,-0.5776,-110.305,-135.549,-373.049,1,90
-1.6226,-0.3711,-0.5923,-115.976,-135.732,-367.317,1,90
-1.6406,-0.3154,-0.5977,-121.829,-135.671,-360.854,1,90
-0.5396,-1.7979,5.6318,170.854,-121.220,-87.866,4,42
-0.6655,-1.2378,4.8901,187.378,-120.915,-86.585,4,42
-0.9004,-0.6333,3.7344,193.780,-118.780,-65.854,4,42
-1.4033,-0.6450,2.3345,170.549,-103.232,-41.341,4,42
-2.0923,-0.9009,0.8916,147.561,-87.622,-27.500,4,42
-2.8633,-0.9141,-0.4634,120.305,-69.329,-27.256,4,42
-3.6797,-0.5073,-1.6201,89.085,-56.707,-31.768,4,42
-4.5464,0.3262,-2.3696,62.378,-54.695,-31.402,4,42
-1.6665,-0.2573,-0.6206,-127.744,-135.305,-353.659,1,90
-1.6943,-0.1938,-0.6504,-133.963,-135.427,-346.159,1,90
-1.7236,-0.1411,-0.6587,-140.183,-134.878,-337.805,1,90
-1.7583,-0.0762,-0.6670,-145.488,-134.024,-329.573,1,90
-1.7813,-0.0127,-0.6836,-151.037,-133.476,-320.610,1,90
-1.8115,0.0483,-0.7085,-156.829,-132.256,-311.890,1,90
-1.8394,0.1118,-0.7212,-162.683,-129.939,-302.744,1,90
-1.8667,0.1641,-0.7397,-167.012,-125.915,-294.878,1,90
1.0015,0.5903,-0.4150,70.305,-5.305,15.549,2,90
1.0151,0.5894,-0.4023,67.866,-6.402,17.805,2,90
1.0356,0.5981,-0.3955,64.268,-7.195,20.000,2,90
1.0625,0.6060,-0.3862,61.098,-8.232,22.744,2,90
1.0903,0.6113,-0.3662,57.500,-9.207,24.878,2,90
1.1167,0.6123,-0.3691,53.780,-10.549,27.256,2,90
1.1470,0.6133,-0.3569,50.549,-11.646,29.146,2,90
1.1758,0.6216,-0.3506,47.012,-12.988,31.463,2,90
-0.8633,-0.2827,-0.5513,-9.085,59.085,41.280,3,42
-0.9712,-0.2891,-0.4922,-11.524,55.122,39.695,3,42
-1.0903,-0.2593,-0.4624,-11.829,53.171,41.098,3,42
-1.2236,-0.2554,-0.4473,-9.451,51.829,42.927,3,42
-1.3188,-0.2964,-0.3911,-7.561,50.366,43.171,3,42
-1.3638,-0.3208,-0.3423,-6.829,48.963,43.110,3,42
-1.3877,-0.3115,-0.3052,-5.305,47.622,43.232,3,42
-1.4077,-0.2739,-0.2534,-2.561,47.073,44.451,3,42
1.2119,0.6133,-0.3511,43.720,-14.390,33.537,2,90
1.2476,0.6084,-0.3486,40.793,-15.915,35.549,2,90
1.2896,0.5996,-0.3569,38.293,-17.378,37.073,2,90
1.3174,0.5996,-0.3599,35.549,-18.720,38.841,2,90
1.3472,0.5884,-0.3687,33.598,-20.061,40.183,2,90
1.3804,0.5854,-0.3813,31.463,-21.159,41.037,2,90
1.4077,0.5723,-0.3979,29.512,-22.073,41.890,2,90
1.4204,0.5625,-0.4097,27.622,-22.744,42.317,2,90
-1.3945,-0.1714,-0.1953,2.622,47.744,46.463,3,42
-1.3652,-0.1270,-0.1846,5.183,48.232,46.890,3,42
-1.3105,-0.0508,-0.1719,10.732,48.476,46.951,3,42
-1.2319,0.0396,-0.2163,16.341,48.659,45.488,3,42
-1.1309,0.1406,-0.2617,20.976,48.476,44.085,3,42
-0.9668,0.2388,-0.3687,29.634,48.110,40.305,3,42
-0.8628,0.2651,-0.4399,34.695,47.439,37.500,3,42
-0.7651,0.2612,-0.4858,39.207,47.012,34.756,3,42
1.4487,0.5498,-0.4370,24.634,-23.780,42.012,2,90
1.4438,0.5469,-0.4424,23.963,-23.780,41.707,2,90
1.4536,0.5303,-0.4512,21.585,-23.354,41.280,2,90
1.4531,0.5269,-0.4683,19.512,-23.049,40.183,2,90
1.4546,0.5181,-0.4819,16.585,-22.195,39.024,2,90
1.4473,0.5146,-0.4854,13.293,-21.524,37.866,2,90
1.4346,0.5156,-0.4873,9.390,-20.488,35.854,2,90
1.4224,0.5239,-0.4976,4.329,-19.146,34.573,2,90
-0.7104,0.2339,-0.5020,42.744,45.549,32.439,3,42
-0.6748,0.1821,-0.4849,44.268,43.598,29.878,3,42
-0.6650,0.1284,-0.4805,44.634,40.976,27.195,3,42
-0.6582,0.0811,-0.4863,43.659,37.622,24.085,3,42
-0.6533,0.0225,-0.5093,42.317,34.146,20.732,3,42
-0.6616,-0.0088,-0.5210,40.610,30.671,17.500,3,42
-0.6768,-0.0249,-0.5317,38.841,27.012,13.902,3,42
-0.7041,-0.0396,-0.5454,37.317,23.537,10.488,3,42
1.4053,0.5381,-0.4907,-4.390,-16.951,32.622,2,90
1.3735,0.5503,-0.4824,-11.646,-15.610,31.829,2,90
1.3589,0.5522,-0.4775,-15.183,-14.878,31.890,2,90
1.3340,0.5581,-0.4688,-22.866,-13.415,32.134,2,90
1.3149,0.5645,-0.4546,-30.976,-12.256,33.110,2,90
1.2969,0.5669,-0.4424,-39.451,-11.585,35.000,2,90
1.2734,0.5542,-0.4331,-47.927,-11.098,37.500,2,90
1.2661,0.5415,-0.4165,-59.756,-11.646,41.890,2,90
-0.7344,-0.0425,-0.5391,35.671,20.122,6.951,3,42
-0.7603,-0.0308,-0.5239,34.207,16.159,3.476,3,42
-0.8013,-0.0034,-0.4844,32.805,12.500,0.305,3,42
-0.8218,0.0254,-0.4575,32.195,9.329,-2.683,3,42
-0.8306,0.0508,-0.4346,32.439,6.341,-5.427,3,42
-0.8203,0.0815,-0.4219,33.232,4.085,-8.598,3,42
-0.8018,0.1113,-0.4214,34.512,1.768,-11.829,3,42
-0.7764,0.1357,-0.4346,36.890,-0.610,-14.817,3,42
1.2788,0.5215,-0.4185,-67.317,-12.439,44.695,2,90
1.2842,0.5010,-0.4141,-73.780,-13.049,48.110,2,90
1.3071,0.4673,-0.4175,-80.000,-13.963,50.671,2,90
1.3291,0.4487,-0.4111,-86.280,-14.756,53.110,2,90
1.3530,0.4214,-0.4058,-92.439,-15.854,54.695,2,90
1.4023,0.3940,-0.4009,-98.598,-16.890,56.341,2,90
1.4390,0.3613,-0.4058,-104.634,-18.232,56.768,2,90
1.4917,0.3306,-0.4111,-109.817,-18.720,57.134,2,90
-0.7515,0.1421,-0.4468,39.146,-1.951,-18.171,3,42
-0.7334,0.1450,-0.4575,41.890,-3.415,-21.646,3,42
-0.7207,0.1431,-0.4590,43.598,-5.244,-25.000,3,42
-0.7314,0.1372,-0.4731,45.244,-7.195,-28.171,3,42
-0.7603,0.1172,-0.4692,46.646,-8.720,-31.159,3,42
-0.7954,0.0894,-0.4502,48.049,-10.305,-34.085,3,42
-0.8257,0.0439,-0.4580,48.780,-11.707,-36.524,3,42
-0.8833,-0.0054,-0.4272,48.720,-13.049,-39.085,3,42
-1.6250,1.1958,-0.1870,94.085,86.341,387.744,1,90
-1.6406,1.1138,-0.1270,101.463,87.439,401.585,1,90
-1.6543,1.0020,-0.1162,108.780,88.110,414.756,1,90
-1.6685,0.9185,-0.0957,118.415,88.415,428.171,1,90
-1.6860,0.8359,-0.0698,129.512,89.146,440.671,1,90
-1.7319,0.7764,-0.0068,139.146,89.695,452.622,1,90
-1.7666,0.7275,0.0405,143.598,90.732,464.085,1,90
-1.8018,0.6538,0.0811,144.146,90.366,475.000,1,90
-2.9321,-1.9443,2.0552,-122.683,208.293,-1.463,4,42
-2.9399,-1.9546,2.2720,-143.659,207.683,0.183,4,42
-2.9404,-2.0132,2.4365,-168.537,207.012,0.671,4,42
-2.9053,-2.0811,2.5283,-193.171,205.305,0.610,4,42
-2.8330,-2.1680,2.7393,-216.463,201.037,0.305,4,42
-2.6938,-2.1821,2.8906,-242.439,195.671,0.244,4,42
-2.5908,-2.2910,3.0947,-273.354,192.927,-1.524,4,42
-2.4614,-2.3550,3.3447,-301.768,186.220,-5.854,4,42
-1.8716,0.5576,0.1489,140.366,87.927,489.695,1,90
-1.9019,0.5225,0.1748,136.463,86.402,494.268,1,90
-1.9683,0.3516,0.1909,122.378,79.878,506.524,1,90
-2.0122,0.2090,0.2148,118.171,76.829,513.963,1,90
-2.0518,0.0620,0.2446,118.171,75.366,520.366,1,90
-2.0928,-0.0781,0.2783,120.610,75.122,526.280,1,90
-2.1421,-0.2148,0.3081,123.232,75.305,531.646,1,90
-2.1919,-0.3589,0.3433,124.817,74.695,536.585,1,90
1.2583,0.6699,-0.6582,-162.805,-20.183,43.537,2,90
1.2339,0.7036,-0.6724,-161.098,-20.610,43.841,2,90
1.2012,0.7329,-0.6675,-159.329,-20.854,43.963,2,90
1.1719,0.7549,-0.6743,-156.402,-21.890,44.390,2,90
1.1465,0.7808,-0.6709,-153.049,-22.195,44.329,2,90
1.1216,0.7974,-0.6724,-149.085,-23.110,44.329,2,90
1.0869,0.8188,-0.6777,-144.451,-23.902,44.390,2,90
1.0547,0.8301,-0.6855,-140.061,-24.878,44.451,2,90
-0.9277,-0.1646,-0.3979,45.488,-23.780,-54.695,3,42
-0.9233,-0.1753,-0.4097,44.451,-25.732,-55.244,3,42
-0.9282,-0.1875,-0.4023,42.134,-27.134,-55.793,3,42
-0.9282,-0.1948,-0.3887,40.366,-28.963,-56.463,3,42
-0.9468,-0.1924,-0.3970,39.085,-30.793,-56.951,3,42
-0.9463,-0.1973,-0.3970,36.829,-32.805,-57.744,3,42
-0.9399,-0.1890,-0.3999,35.671,-34.634,-58.415,3,42
-0.9277,-0.1973,-0.4053,34.451,-36.463,-58.780,3,42
1.0151,0.8447,-0.6753,-135.122,-26.037,44.756,2,90
0.9780,0.8462,-0.6914,-130.122,-27.195,45.305,2,90
0.9443,0.8506,-0.6836,-125.305,-28.415,45.549,2,90
0.8989,0.8525,-0.6899,-120.366,-29.756,46.280,2,90
0.8569,0.8442,-0.6841,-115.915,-31.280,47.378,2,90
0.8105,0.8354,-0.6787,-111.890,-32.500,48.902,2,90
0.7676,0.8252,-0.6655,-107.805,-34.207,50.244,2,90
0.7275,0.7979,-0.6650,-103.963,-35.366,51.646,2,90
-0.9194,-0.2056,-0.4038,32.622,-38.720,-59.878,3,42
-0.9116,-0.2021,-0.4028,32.622,-39.268,-60.122,3,42
-0.9019,-0.2026,-0.4126,32.805,-40.732,-60.488,3,42
-0.8970,-0.1846,-0.4072,32.927,-42.134,-60.854,3,42
-0.8975,-0.1797,-0.4155,32.378,-44.146,-61.037,3,42
-0.9072,-0.1792,-0.4321,32.317,-46.037,-60.671,3,42
-0.9150,-0.1992,-0.4512,32.378,-47.805,-60.366,3,42
-0.9150,-0.2319,-0.4565,31.646,-49.146,-60.671,3,42
0.6978,0.7881,-0.6655,-99.695,-36.951,53.598,2,90
0.6719,0.7583,-0.6563,-96.159,-37.927,55.854,2,90
0.6270,0.7285,-0.6509,-92.561,-39.207,57.866,2,90
0.5991,0.7051,-0.6543,-88.293,-40.427,60.427,2,90
0.5640,0.6797,-0.6655,-84.329,-41.707,62.866,2,90
0.5381,0.6494,-0.6631,-80.671,-42.683,64.878,2,90
0.5190,0.6284,-0.6567,-76.829,-43.780,67.256,2,90
0.4824,0.6021,-0.6455,-73.293,-45.061,69.146,2,90
-0.9067,-0.2798,-0.4580,30.000,-51.768,-60.793,3,42
-0.9038,-0.3027,-0.4453,27.622,-54.268,-60.671,3,42
-0.9009,-0.3384,-0.4526,24.939,-56.768,-60.915,3,42
-0.8970,-0.3711,-0.4458,22.744,-58.171,-60.610,3,42
-0.8867,-0.3755,-0.4219,20.793,-59.695,-59.939,3,42
-0.8862,-0.3623,-0.4102,18.537,-61.220,-58.841,3,42
-0.8896,-0.3652,-0.4048,16.524,-63.171,-58.293,3,42
-0.8877,-0.3511,-0.3979,13.902,-65.610,-57.805,3,42
0.4658,0.5791,-0.6382,-70.305,-46.524,70.854,2,90
0.4385,0.5532,-0.6309,-67.073,-48.171,72.195,2,90
0.4165,0.5391,-0.6172,-63.841,-49.817,73.110,2,90
0.3965,0.5220,-0.6147,-60.488,-51.280,73.963,2,90
0.3770,0.4956,-0.6089,-57.622,-53.049,74.207,2,90
0.3599,0.4854,-0.6162,-54.634,-54.573,74.451,2,90
0.3398,0.4805,-0.5991,-52.256,-56.037,74.024,2,90
0.3247,0.4780,-0.5977,-50.610,-57.317,73.780,2,90
-0.8916,-0.3403,-0.3711,12.561,-67.683,-57.927,3,42
-0.8716,-0.3257,-0.3975,10.549,-69.085,-57.500,3,42
-0.8828,-0.3403,-0.4312,8.963,-67.744,-57.012,3,42
-0.8813,-0.3159,-0.4219,10.244,-67.439,-56.402,3,42
-0.8950,-0.2891,-0.3896,9.512,-67.805,-55.854,3,42
-0.9043,-0.2891,-0.3916,8.232,-67.988,-55.793,3,42
-0.9189,-0.3008,-0.3931,8.049,-67.317,-54.939,3,42
-0.9170,-0.3105,-0.3687,8.049,-67.134,-54.756,3,42
0.3037,0.4751,-0.5933,-49.146,-58.659,73.171,2,90
0.2896,0.4707,-0.5972,-47.927,-59.756,72.744,2,90
0.2744,0.4678,-0.5923,-46.890,-60.854,72.134,2,90
0.2588,0.4678,-0.6045,-45.854,-61.707,71.585,2,90
0.2456,0.4604,-0.5996,-44.939,-63.110,70.610,2,90
0.2290,0.4658,-0.6001,-42.927,-63.415,70.183,2,90
0.2207,0.4683,-0.6094,-42.134,-63.902,69.695,2,90
0.2075,0.4824,-0.6143,-40.671,-64.512,68.780,2,90
-0.8970,-0.3052,-0.3506,7.927,-67.744,-54.634,3,42
-0.8809,-0.2876,-0.3354,5.305,-69.329,-54.573,3,42
-0.8872,-0.2817,-0.3115,4.085,-70.122,-53.354,3,42
-0.8960,-0.2646,-0.3008,3.659,-71.220,-52.073,3,42
-0.9019,-0.2778,-0.3130,-0.061,-72.317,-51.768,3,42
-0.9165,-0.2773,-0.2891,-2.500,-72.561,-51.890,3,42
-0.9126,-0.2822,-0.2808,-3.659,-72.744,-51.707,3,42
-0.8945,-0.2837,-0.3169,-3.963,-73.598,-51.585,3,42
0.2051,0.4810,-0.6143,-39.634,-64.207,68.110,2,90
0.1963,0.4946,-0.6230,-38.171,-63.963,67.622,2,90
0.1855,0.4922,-0.6284,-37.439,-63.780,66.951,2,90
0.1787,0.4932,-0.6260,-36.220,-63.049,66.159,2,90
0.1797,0.5005,-0.6255,-35.061,-62.805,65.305,2,90
0.1670,0.4888,-0.6265,-33.780,-62.378,64.756,2,90
0.1616,0.4922,-0.6304,-31.951,-62.073,64.268,2,90
0.1499,0.4868,-0.6309,-29.939,-61.890,63.659,2,90
-0.8779,-0.2866,-0.3057,-4.634,-73.780,-51.280,3,42
-0.8711,-0.2646,-0.2939,-5.000,-74.268,-51.646,3,42
-0.8574,-0.2598,-0.3110,-6.707,-76.037,-51.463,3,42
-0.8594,-0.2451,-0.2905,-7.439,-76.524,-51.463,3,42
-0.8643,-0.2324,-0.2798,-6.951,-75.915,-51.402,3,42
-0.8530,-0.2310,-0.2900,-8.049,-77.378,-52.012,3,42
-0.8330,-0.2446,-0.2988,-8.659,-78.659,-52.988,3,42
-0.8315,-0.2588,-0.3096,-8.659,-79.024,-53.537,3,42
0.1602,0.4863,-0.6313,-28.232,-61.463,63.049,2,90
0.1523,0.4751,-0.6196,-25.488,-61.463,62.622,2,90
0.1426,0.4619,-0.6206,-23.415,-61.220,62.012,2,90
0.1396,0.4565,-0.6221,-21.280,-60.732,61.585,2,90
0.1455,0.4365,-0.6265,-19.390,-60.427,60.854,2,90
0.1470,0.4258,-0.6016,-17.134,-60.366,59.756,2,90
0.1426,0.4146,-0.5986,-15.793,-59.878,58.963,2,90
0.1392,0.3940,-0.5972,-14.268,-59.451,57.866,2,90
-0.8301,-0.2573,-0.2959,-7.622,-78.659,-53.659,3,42
-0.8354,-0.2559,-0.2705,-6.341,-78.110,-53.415,3,42
-0.8359,-0.2607,-0.2568,-5.976,-78.415,-53.293,3,42
-0.8335,-0.2720,-0.2690,-5.610,-78.902,-53.476,3,42
-0.8379,-0.2832,-0.2554,-4.329,-79.390,-53.293,3,42
-0.8555,-0.2852,-0.2393,-3.293,-78.780,-53.232,3,42
-0.8555,-0.2847,-0.2573,-2.927,-79.085,-53.415,3,42
-0.8525,-0.2998,-0.2778,-2.866,-79.695,-53.780,3,42
0.1382,0.3745,-0.5957,-12.378,-58.963,56.768,2,90
0.1411,0.3564,-0.5811,-11.037,-58.415,55.549,2,90
0.1401,0.3398,-0.5669,-9.634,-58.110,53.841,2,90
0.1489,0.3281,-0.5664,-8.354,-57.378,52.561,2,90
0.1431,0.3091,-0.5527,-7.134,-56.890,51.159,2,90
0.1489,0.2998,-0.5435,-6.402,-56.463,49.756,2,90
0.1543,0.2739,-0.5356,-5.732,-56.037,48.415,2,90
0.1606,0.2661,-0.5234,-5.671,-56.220,47.317,2,90
-0.8428,-0.3135,-0.2793,-1.341,-79.512,-53.902,3,42
-0.8486,-0.3179,-0.2627,-0.244,-78.902,-54.085,3,42
-0.8604,-0.3164,-0.2495,0.366,-78.537,-54.756,3,42
-0.8643,-0.2979,-0.2349,0.000,-78.659,-55.183,3,42
-0.8657,-0.2993,-0.2324,-0.732,-79.207,-55.854,3,42
-0.8521,-0.3057,-0.2183,-1.037,-80.366,-56.463,3,42
-0.8589,-0.3188,-0.2021,-2.134,-80.976,-57.073,3,42
-0.8760,-0.3301,-0.1587,-1.341,-80.122,-57.134,3,42
-0.9492,-2.5405,-0.3164,171.037,-71.280,256.098,1,90
-0.9019,-2.5049,-0.3687,175.915,-68.659,249.329,1,90
-0.8545,-2.4761,-0.3945,180.488,-65.305,242.866,1,90
-0.8042,-2.4409,-0.4199,185.000,-61.402,235.976,1,90
-0.7690,-2.4180,-0.4482,189.329,-57.500,229.695,1,90
-0.7271,-2.3960,-0.4688,193.293,-52.683,223.049,1,90
-0.6860,-2.3862,-0.4814,197.683,-48.049,216.463,1,90
-0.6489,-2.3770,-0.4883,201.646,-43.354,209.756,1,90
-2.1807,0.5293,-0.6821,328.537,-405.305,-117.378,4,42
-2.3374,0.7705,-1.2861,293.780,-386.463,-109.573,4,42
-2.3848,1.1050,-0.7119,268.841,-363.476,-75.610,4,42
-2.6201,0.9009,-0.1450,317.500,-391.341,-56.341,4,42
-2.1489,-0.6523,0.4771,360.244,-482.744,41.951,4,42
-3.6909,-3.3838,-1.5322,379.268,-420.305,18.537,4,42
-9.8101,-8.3027,-5.9868,529.512,-269.695,-40.671,4,42
-16.0000,-15.1191,-12.0410,800.732,9.207,-212.195,4,42
-0.6074,-2.3623,-0.5054,205.244,-38.415,202.927,1,90
-0.5596,-2.3516,-0.5146,208.171,-33.902,196.098,1,90
-0.5269,-2.3354,-0.5142,209.939,-29.146,188.415,1,90
-0.4810,-2.3267,-0.5186,211.585,-24.817,181.037,1,90
-0.4443,-2.3242,-0.5034,212.561,-20.122,173.476,1,90
-0.4033,-2.3145,-0.5024,212.744,-15.976,165.610,1,90
-0.3584,-2.3081,-0.4829,212.988,-11.524,157.805,1,90
-0.3081,-2.3008,-0.4746,212.866,-7.195,149.939,1,90
-9.4248,-10.2432,-12.4487,610.183,211.829,-419.268,4,42
3.3828,-4.5063,-7.7402,-593.049,352.195,-326.280,4,42
3.6924,-2.4331,-10.4702,-1016.890,347.134,-219.207,4,42
6.5513,3.0850,-10.1060,-783.415,194.451,-130.793,4,42
6.5000,4.2852,-8.4756,-502.073,-23.902,-29.207,4,42
0.5513,8.5845,-6.7617,-322.744,-305.061,65.122,4,42
-3.2559,11.9580,-8.5059,-227.256,-304.756,208.110,4,42
-3.3750,7.3604,-10.1201,-125.488,-31.890,220.732,4,42
-0.2642,-2.2832,-0.4497,211.768,-3.780,142.012,1,90
-0.2134,-2.2739,-0.4458,210.549,0.000,133.902,1,90
-0.1685,-2.2622,-0.4399,208.659,2.927,125.915,1,90
-0.1240,-2.2412,-0.4248,206.524,5.610,117.988,1,90
-0.0737,-2.2344,-0.4253,203.902,7.439,110.000,1,90
-0.0313,-2.2271,-0.4277,201.280,9.451,102.073,1,90
0.0137,-2.2012,-0.4141,197.927,10.732,94.695,1,90
0.0552,-2.1919,-0.4146,194.573,11.646,87.439,1,90
0.0122,4.6597,-8.8208,-135.610,140.549,73.780,4,42
1.1528,3.3311,-7.8555,-168.720,177.439,-10.610,4,42
1.0024,2.8506,-7.4766,-184.756,190.061,-39.146,4,42
0.6206,2.1548,-6.6313,-201.159,206.707,-39.268,4,42
0.4575,1.5513,-5.5474,-212.561,203.171,-31.951,4,42
0.2773,1.2109,-4.6362,-190.061,172.683,-16.524,4,42
0.0239,1.0220,-3.7598,-150.549,125.427,7.683,4,42
-0.1826,1.0479,-2.9556,-118.415,73.902,32.500,4,42
0.1201,-2.1587,-0.4097,188.841,12.439,77.378,1,90
0.1592,-2.1475,-0.4102,184.573,12.744,71.037,1,90
0.1943,-2.1382,-0.4121,180.305,13.232,65.000,1,90
0.2261,-2.1201,-0.4043,175.915,12.866,59.390,1,90
0.2666,-2.1074,-0.4082,170.793,12.744,53.720,1,90
0.2861,-2.1040,-0.4082,165.488,12.439,49.085,1,90
0.3252,-2.0972,-0.4092,160.305,11.646,44.146,1,90
0.3555,-2.0864,-0.4092,154.634,10.976,40.183,1,90
0.2188,0.3813,-0.3823,-8.049,-40.366,39.695,2,90
0.2339,0.3916,-0.3672,-7.500,-38.232,39.695,2,90
0.2495,0.3994,-0.3569,-7.073,-37.012,39.878,2,90
0.2637,0.4048,-0.3564,-6.646,-35.854,39.268,2,90
0.2803,0.4014,-0.3540,-5.488,-34.573,39.329,2,90
0.3013,0.4126,-0.3496,-3.232,-33.415,39.085,2,90
0.3188,0.4180,-0.3442,-1.951,-32.134,38.963,2,90
0.3408,0.4297,-0.3418,0.244,-31.159,38.537,2,90
-1.0117,-0.3555,0.0693,-76.951,-89.756,-62.073,3,42
-1.0547,-0.3584,0.0879,-76.098,-86.890,-62.622,3,42
-1.0488,-0.3633,0.0728,-72.256,-81.402,-61.463,3,42
-1.0806,-0.3521,0.0527,-65.732,-75.000,-57.805,3,42
-1.0967,-0.3730,-0.0015,-59.268,-70.244,-55.488,3,42
-1.1099,-0.3833,-0.0469,-52.317,-65.732,-54.512,3,42
-1.1162,-0.3823,-0.0688,-44.939,-60.488,-54.390,3,42
-1.1104,-0.3745,-0.0732,-38.232,-55.061,-53.598,3,42
0.4741,-2.1675,-0.5552,99.207,-3.354,13.110,1,90
0.4697,-2.1807,-0.5708,92.866,-5.427,10.671,1,90
0.4507,-2.1963,-0.5796,86.890,-6.951,8.537,1,90
0.4390,-2.2065,-0.5972,80.427,-8.293,5.732,1,90
0.4238,-2.2197,-0.6064,74.512,-9.878,3.780,1,90
0.4097,-2.2305,-0.6162,69.024,-11.463,1.768,1,90
0.4058,-2.2412,-0.6245,63.720,-12.317,-0.305,1,90
0.3770,-2.2573,-0.6479,58.110,-13.354,-1.890,1,90
0.2412,-0.3159,-0.1650,135.122,62.500,120.610,4,42
0.1372,-0.2285,-0.0469,148.476,56.829,101.646,4,42
0.0938,-0.1616,0.0015,154.512,44.085,81.951,4,42
0.0806,-0.0962,-0.0034,159.329,28.720,64.817,4,42
0.0874,-0.0566,-0.0615,162.988,13.720,51.037,4,42
0.0898,-0.0400,-0.1143,166.463,0.427,40.244,4,42
0.0967,-0.0371,-0.1641,170.793,-9.268,31.220,4,42
0.1108,-0.0479,-0.2021,174.146,-14.695,23.963,4,42
0.3696,-2.2739,-0.6504,53.171,-13.841,-4.390,1,90
0.3438,-2.2979,-0.6650,48.232,-14.390,-6.037,1,90
0.3242,-2.3066,-0.6729,43.598,-15.061,-8.354,1,90
0.3110,-2.3271,-0.6860,39.085,-15.305,-10.610,1,90
0.2773,-2.3384,-0.6938,35.244,-15.671,-12.866,1,90
0.2612,-2.3525,-0.6943,31.220,-16.220,-15.305,1,90
0.2261,-2.3652,-0.6841,27.256,-16.341,-17.866,1,90
0.1899,-2.3760,-0.6924,23.537,-16.829,-19.878,1,90
0.1318,-0.0679,-0.2363,175.793,-16.341,18.841,4,42
0.1401,-0.0923,-0.2710,174.817,-13.232,16.159,4,42
0.1450,-0.1235,-0.3042,171.098,-7.134,14.390,4,42
0.1162,-0.1479,-0.3579,164.268,1.768,14.085,4,42
0.0693,-0.1538,-0.3970,154.878,11.037,14.085,4,42
0.0225,-0.1763,-0.4365,145.000,20.549,13.415,4,42
-0.0005,-0.2031,-0.4609,134.329,29.634,11.402,4,42
-0.0210,-0.2422,-0.5029,121.890,38.963,6.829,4,42
0.1309,-2.3906,-0.6929,17.988,-17.622,-23.415,1,90
0.0986,-2.4028,-0.6851,15.000,-18.171,-25.854,1,90
0.0620,-2.4072,-0.6807,12.256,-18.293,-27.500,1,90
0.0190,-2.4077,-0.6577,10.427,-18.720,-29.512,1,90
-0.0298,-2.4023,-0.6484,9.024,-19.451,-31.585,1,90
-0.0674,-2.4009,-0.6289,7.622,-20.122,-33.659,1,90
-0.1069,-2.3950,-0.6147,6.220,-20.366,-35.732,1,90
-0.1450,-2.4038,-0.5972,5.305,-20.915,-37.500,1,90
-0.0405,-0.2788,-0.5264,110.305,45.366,1.220,4,42
-0.0117,-0.3110,-0.5635,100.610,49.878,-5.427,4,42
0.0400,-0.3130,-0.6299,90.915,55.183,-13.902,4,42
0.0430,-0.3242,-0.7002,82.012,60.183,-22.256,4,42
0.0889,-0.2949,-0.7500,76.159,63.415,-27.927,4,42
0.0527,-0.2476,-0.7813,73.780,64.268,-30.732,4,42
0.0098,-0.1689,-0.7993,71.646,61.829,-31.707,4,42
-0.0327,-0.0410,-0.8477,67.378,59.207,-31.098,4,42
-0.1875,-2.4028,-0.5752,5.305,-20.976,-39.878,1,90
-0.2285,-2.4087,-0.5508,4.390,-21.341,-41.890,1,90
-0.2778,-2.4243,-0.5371,3.659,-21.402,-44.329,1,90
-0.3174,-2.4390,-0.5083,3.232,-21.646,-46.524,1,90
-0.3633,-2.4580,-0.4858,2.988,-22.195,-48.780,1,90
-0.4067,-2.4766,-0.4619,2.622,-22.317,-51.159,1,90
-0.4565,-2.5063,-0.4443,2.073,-22.683,-53.902,1,90
-0.4990,-2.5366,-0.4141,1.524,-22.988,-56.890,1,90
-0.1357,0.1118,-0.8657,59.817,57.683,-28.598,4,42
-0.1035,0.3467,-0.9751,46.341,62.134,-25.915,4,42
-0.0889,0.6489,-1.1006,22.866,80.671,-23.293,4,42
-0.2080,0.9761,-1.2939,-4.878,111.646,-18.963,4,42
-0.4136,1.2349,-1.3691,-14.268,140.488,-13.780,4,42
-0.7021,1.3618,-1.2925,9.695,158.537,-9.756,4,42
-0.9336,1.2007,-1.0493,55.366,167.195,-4.085,4,42
-1.1616,0.7300,-0.7554,111.220,169.695,5.793,4,42
-0.5498,-2.5664,-0.3999,0.732,-23.171,-59.634,1,90
-0.5991,-2.5972,-0.3740,-0.549,-22.683,-63.049,1,90
-0.6567,-2.6074,-0.3682,-1.220,-21.890,-67.744,1,90
-0.7178,-2.6216,-0.3438,-1.951,-22.683,-73.049,1,90
-0.7573,-2.6294,-0.3037,-4.512,-24.268,-78.963,1,90
-0.7847,-2.6421,-0.3008,-8.537,-25.244,-84.146,1,90
-0.8125,-2.6611,-0.3086,-10.732,-26.220,-88.476,1,90
-0.8325,-2.6533,-0.3086,-11.951,-27.195,-93.293,1,90
-1.4346,0.1133,-0.3394,167.622,158.171,14.390,4,42
-1.8481,-0.2915,0.2563,219.634,109.329,25.915,4,42
-1.0698,-0.3169,0.0259,246.098,43.659,32.622,4,42
-0.8882,-0.3813,-0.1211,256.220,-0.183,28.659,4,42
-0.6802,-0.2290,-0.1670,266.951,-44.756,35.305,4,42
-0.4448,-0.1494,-0.5127,257.683,-68.110,52.744,4,42
-0.4468,-0.1455,-0.9077,247.195,-68.049,74.085,4,42
-0.6377,-0.0962,-1.0127,247.134,-60.549,96.585,4,42
0.8408,0.4658,-0.4868,-38.902,34.573,-66.463,2,90
0.8125,0.4746,-0.4956,-41.341,35.976,-69.146,2,90
0.7739,0.4844,-0.5059,-44.146,37.012,-71.220,2,90
0.7427,0.4937,-0.5176,-46.280,38.171,-73.232,2,90
0.7163,0.5068,-0.5244,-48.171,39.695,-75.427,2,90
0.6836,0.5195,-0.5332,-49.329,41.159,-76.585,2,90
0.6616,0.5410,-0.5479,-50.610,42.256,-77.683,2,90
0.6382,0.5464,-0.5488,-51.159,43.537,-78.780,2,90
-0.8403,-0.0293,-0.9609,247.561,-55.061,115.061,4,42
-1.0557,-0.0181,-0.8164,241.951,-53.415,126.463,4,42
-1.2383,-0.0879,-0.6738,229.695,-55.061,130.000,4,42
-1.3862,-0.2148,-0.5776,213.963,-56.341,125.976,4,42
-1.4995,-0.3940,-0.5698,198.354,-55.915,116.646,4,42
-1.5547,-0.5684,-0.6362,186.341,-53.902,105.305,4,42
-1.5576,-0.7466,-0.7192,179.756,-51.829,93.841,4,42
-1.7520,-0.9082,-0.7124,177.988,-54.634,86.159,4,42
-0.8281,-2.2417,-0.2559,-36.341,-30.732,-156.829,1,90
-0.7988,-2.1948,-0.2598,-39.634,-32.256,-162.439,1,90
-0.7686,-2.1450,-0.2573,-42.439,-33.537,-167.805,1,90
-0.7456,-2.0923,-0.2554,-45.000,-34.634,-173.293,1,90
-0.7051,-2.0459,-0.2456,-47.927,-36.220,-178.537,1,90
-0.6865,-2.0068,-0.2261,-50.854,-37.988,-183.780,1,90
-0.6626,-1.9722,-0.2197,-53.720,-39.817,-188.720,1,90
-0.6440,-1.9487,-0.1992,-56.890,-41.951,-193.598,1,90
-1.3540,-0.9478,-0.8413,175.793,-61.646,81.768,4,42
-1.0542,-1.1011,-1.0464,167.622,-43.354,69.207,4,42
-0.9307,-1.0283,-0.9331,166.220,-28.293,62.073,4,42
-0.8301,-1.0112,-0.9741,159.390,-12.256,60.732,4,42
-0.8135,-1.0342,-0.9971,156.220,5.000,61.159,4,42
-0.8325,-1.0713,-1.0195,159.085,20.793,61.341,4,42
-0.8945,-1.0791,-1.0669,163.049,39.878,60.305,4,42
-1.0210,-1.0493,-1.0737,162.927,60.000,57.012,4,42
-0.6270,-1.9175,-0.1870,-60.183,-44.573,-198.171,1,90
-0.6021,-1.8950,-0.1792,-64.329,-46.890,-202.561,1,90
-0.5889,-1.8706,-0.1514,-68.537,-49.390,-207.256,1,90
-0.5835,-1.8379,-0.1401,-72.317,-51.768,-211.890,1,90
-0.5859,-1.8193,-0.1177,-76.646,-53.780,-215.976,1,90
-0.5806,-1.8091,-0.1064,-80.671,-56.220,-220.610,1,90
-0.5723,-1.7842,-0.0938,-84.451,-58.354,-224.695,1,90
-0.5752,-1.7593,-0.0781,-88.110,-61.280,-228.659,1,90
-1.1553,-1.0059,-1.0581,159.146,80.488,51.951,4,42
-1.2832,-1.0010,-1.0562,154.817,98.110,46.037,4,42
-1.3960,-0.9897,-1.0562,152.866,112.256,40.427,4,42
-1.4756,-0.9551,-1.0464,153.354,122.683,36.220,4,42
-1.5337,-0.9009,-1.0264,153.415,130.122,33.354,4,42
-1.5693,-0.8354,-1.0391,152.500,135.976,31.220,4,42
-1.6074,-0.7798,-1.0625,149.634,140.915,29.451,4,42
-1.6143,-0.7251,-1.0898,147.256,144.878,27.988,4,42
-0.5796,-1.7476,-0.0615,-91.829,-63.476,-232.683,1,90
-0.5801,-1.7310,-0.0522,-95.549,-65.976,-236.463,1,90
-0.5840,-1.7202,-0.0366,-99.268,-67.988,-240.061,1,90
-0.5903,-1.7031,-0.0283,-102.439,-70.000,-243.780,1,90
-0.5913,-1.6934,-0.0098,-105.671,-71.768,-247.012,1,90
-0.6099,-1.6895,0.0010,-108.476,-73.659,-250.244,1,90
-0.6143,-1.6870,0.0259,-111.585,-75.549,-253.293,1,90
-0.6260,-1.6855,0.0469,-114.268,-77.073,-256.768,1,90
-1.6094,-0.6655,-1.1299,144.268,149.451,26.463,4,42
-1.5996,-0.5957,-1.1479,142.317,153.659,24.756,4,42
-1.5762,-0.5400,-1.1582,140.000,157.195,23.476,4,42
-1.5479,-0.4663,-1.1431,137.256,160.183,21.524,4,42
-1.5122,-0.3892,-1.1138,134.146,161.951,19.878,4,42
-1.4751,-0.3174,-1.0640,129.634,163.659,18.049,4,42
-1.4463,-0.2432,-1.0225,124.939,164.695,16.585,4,42
-1.4204,-0.1768,-0.9688,119.573,165.732,15.427,4,42
-0.6353,-1.6855,0.0674,-117.378,-78.780,-259.756,1,90
-0.6455,-1.6816,0.0801,-120.061,-80.671,-263.171,1,90
-0.6509,-1.6777,0.0884,-122.134,-82.561,-266.159,1,90
-0.6616,-1.6753,0.0981,-124.878,-84.939,-269.451,1,90
-0.6689,-1.6733,0.1147,-127.988,-87.195,-273.110,1,90
-0.6826,-1.6709,0.1353,-131.707,-89.268,-276.402,1,90
-0.6987,-1.6660,0.1489,-136.707,-91.463,-281.402,1,90
-0.7046,-1.6533,0.1689,-140.000,-92.988,-284.634,1,90
-1.4126,-0.1182,-0.9287,114.268,166.646,15.427,4,42
-1.4116,-0.0713,-0.8838,108.780,167.378,15.732,4,42
-1.4238,-0.0269,-0.8501,104.939,168.354,17.012,4,42
-1.4312,0.0137,-0.8169,101.463,170.000,18.902,4,42
-1.4424,0.0269,-0.7827,99.207,171.707,20.549,4,42
-1.4736,0.0586,-0.7598,97.988,173.415,22.256,4,42
-1.4868,0.0811,-0.7178,97.744,174.207,23.659,4,42
-1.5020,0.1040,-0.6733,98.598,175.244,25.244,4,42
0.3105,0.2852,-0.4536,49.146,26.585,-49.878,2,90
0.3145,0.2754,-0.4658,49.451,25.244,-48.049,2,90
0.3247,0.2671,-0.4595,49.756,23.537,-46.585,2,90
0.3408,0.2598,-0.4780,50.305,22.195,-45.061,2,90
0.3403,0.2520,-0.4697,50.732,20.732,-43.780,2,90
0.3521,0.2451,-0.4810,51.402,19.573,-42.927,2,90
0.3696,0.2451,-0.4946,52.134,18.171,-42.134,2,90
0.3652,0.2471,-0.5010,53.049,17.561,-41.524,2,90
-1.5190,0.1206,-0.6357,99.756,175.305,27.195,4,42
-1.5254,0.1304,-0.5879,101.402,175.305,29.024,4,42
-1.5308,0.1377,-0.5400,103.720,174.634,31.646,4,42
-1.5396,0.1411,-0.4912,105.305,174.390,34.085,4,42
-1.5288,0.1309,-0.4414,107.256,174.146,36.402,4,42
-1.5415,0.1187,-0.3926,108.598,173.780,38.659,4,42
-1.5405,0.0977,-0.3374,110.183,173.659,40.732,4,42
-1.5498,0.0806,-0.3018,111.098,173.354,42.744,4,42
-0.7671,-1.6011,0.2148,-155.122,-108.720,-311.402,1,90
-0.7686,-1.6060,0.2192,-155.366,-110.305,-314.268,1,90
-0.7754,-1.6094,0.2173,-155.305,-111.707,-316.646,1,90
-0.7759,-1.6152,0.2192,-154.512,-112.988,-319.146,1,90
-0.7935,-1.6201,0.2231,-153.110,-114.634,-321.768,1,90
-0.7964,-1.6167,0.2305,-151.402,-115.427,-324.207,1,90
-0.7964,-1.6201,0.2339,-149.085,-116.768,-326.951,1,90
-0.8042,-1.6245,0.2388,-147.134,-117.805,-329.695,1,90
-1.5542,0.0469,-0.2705,111.768,173.232,44.451,4,42
-1.5508,0.0273,-0.2393,112.317,172.561,44.512,4,42
-1.5547,0.0122,-0.2061,112.744,172.561,45.244,4,42
-1.5542,-0.0054,-0.1792,111.646,172.317,45.244,4,42
-1.5615,-0.0215,-0.1592,111.402,171.768,44.207,4,42
-1.5596,-0.0459,-0.1279,110.610,171.463,43.049,4,42
-1.5513,-0.0708,-0.1128,109.878,170.976,41.707,4,42
-1.5415,-0.0889,-0.0884,108.841,170.671,39.878,4,42
-0.8140,-1.6299,0.2524,-144.756,-118.780,-332.195,1,90
-0.8096,-1.6294,0.2651,-142.195,-119.512,-334.939,1,90
-0.8174,-1.6431,0.2798,-139.939,-120.488,-337.622,1,90
-0.8179,-1.6401,0.2866,-137.012,-121.098,-339.817,1,90
-0.8140,-1.6509,0.2852,-134.207,-122.073,-342.378,1,90
-0.8232,-1.6543,0.2881,-131.341,-122.805,-344.695,1,90
-0.8037,-1.6606,0.2939,-128.720,-123.659,-347.012,1,90
-0.8135,-1.6616,0.2983,-126.220,-124.573,-349.085,1,90
-1.5430,-0.1084,-0.0542,107.744,170.549,37.561,4,42
-1.5439,-0.1289,-0.0376,106.037,170.549,35.732,4,42
-1.5381,-0.1514,-0.0132,104.634,170.854,33.415,4,42
-1.5396,-0.1626,0.0122,103.171,170.671,31.280,4,42
-1.5313,-0.1763,0.0518,101.707,170.366,28.720,4,42
-1.5283,-0.1914,0.0811,100.366,169.756,26.402,4,42
-1.5190,-0.2031,0.0986,98.780,169.207,24.146,4,42
-1.5059,-0.2021,0.1338,97.317,168.354,22.256,4,42
-0.8149,-1.6743,0.2974,-123.963,-125.305,-351.524,1,90
-0.8096,-1.6968,0.3032,-121.402,-125.671,-353.232,1,90
-0.8105,-1.7095,0.2998,-119.085,-126.707,-355.122,1,90
-0.8203,-1.7280,0.3125,-116.646,-127.744,-356.707,1,90
-0.8198,-1.7534,0.3169,-113.902,-128.354,-358.659,1,90
-0.8301,-1.7798,0.3320,-110.854,-129.390,-360.976,1,90
-0.8364,-1.8032,0.3276,-109.085,-130.488,-362.927,1,90
-0.8384,-1.8154,0.3291,-106.890,-131.524,-364.817,1,90
-0.8477,-1.8296,0.3262,-105.854,-132.744,-366.402,1,90
-0.8550,-1.8481,0.3354,-105.000,-134.085,-368.110,1,90
-0.8657,-1.8530,0.3418,-104.756,-134.756,-369.573,1,90
-0.8760,-1.8599,0.3433,-104.207,-135.061,-371.159,1,90
-0.8779,-1.8730,0.3330,-104.268,-135.610,-372.500,1,90
-0.8867,-1.8740,0.3364,-104.207,-136.037,-373.537,1,90
-0.8940,-1.8701,0.3296,-104.085,-136.341,-374.756,1,90
-0.9009,-1.8569,0.3354,-103.720,-136.829,-375.549,1,90
-0.9365,-0.4678,-0.1152,29.146,31.585,31.098,3,42
-0.9341,-0.4644,-0.1045,30.854,33.476,32.073,3,42
-0.9326,-0.4668,-0.1025,32.134,35.305,33.415,3,42
-0.9370,-0.4668,-0.0952,33.537,36.707,34.939,3,42
-0.9229,-0.4844,-0.0796,34.146,38.354,36.585,3,42
-0.9287,-0.4902,-0.0610,35.122,40.183,38.476,3,42
-0.9287,-0.5034,-0.0425,35.122,41.829,40.427,3,42
-0.9360,-0.5176,-0.0347,35.122,43.659,42.561,3,42
-0.9077,-1.8481,0.3423,-103.720,-137.012,-376.646,1,90
-0.9028,-1.8330,0.3354,-103.841,-137.195,-377.866,1,90
-0.9053,-1.8130,0.3364,-103.659,-137.866,-378.537,1,90
-0.9058,-1.8008,0.3369,-103.293,-138.110,-379.329,1,90
-0.9058,-1.7773,0.3306,-103.049,-138.293,-379.817,1,90
-0.8984,-1.7539,0.3330,-102.317,-138.659,-380.122,1,90
-0.8975,-1.7305,0.3159,-102.134,-139.024,-380.366,1,90
-0.8936,-1.7168,0.3062,-101.463,-138.780,-380.488,1,90
-1.3037,-0.0571,0.5962,6.829,140.854,12.317,4,42
-1.3125,-0.0098,0.5723,7.561,140.915,13.293,4,42
-1.3271,0.0552,0.5464,5.732,142.500,14.878,4,42
-1.3555,0.1157,0.5190,1.646,145.732,16.402,4,42
-1.3984,0.1860,0.5063,-4.207,149.451,18.171,4,42
-1.4497,0.2266,0.4819,-10.732,153.537,19.329,4,42
-1.5063,0.2510,0.4937,-16.585,155.915,20.488,4,42
-1.5332,0.2744,0.4067,-22.073,155.732,20.976,4,42
-0.8853,-1.7021,0.3057,-100.183,-138.476,-380.366,1,90
-0.8872,-1.6997,0.2949,-98.780,-137.988,-380.427,1,90
-0.8818,-1.6841,0.2856,-96.951,-138.171,-380.915,1,90
-0.8750,-1.6665,0.2778,-95.732,-137.927,-381.280,1,90
-0.8740,-1.6626,0.2661,-94.329,-138.537,-381.463,1,90
-0.8853,-1.6348,0.3857,-92.561,-137.805,-381.951,1,90
-0.8564,-1.5825,0.2275,-91.890,-140.976,-382.073,1,90
-0.8599,-1.5835,0.2153,-91.524,-140.732,-382.317,1,90
0.7095,0.5215,-0.6060,84.390,55.000,-90.671,2,90
0.6987,0.5464,-0.6113,86.768,57.134,-91.402,2,90
0.6899,0.5786,-0.6265,89.512,58.963,-91.829,2,90
0.6831,0.5986,-0.6362,91.646,60.976,-92.317,2,90
0.6729,0.6304,-0.6470,93.598,62.805,-92.500,2,90
0.6611,0.6597,-0.6563,95.793,63.963,-92.134,2,90
0.6479,0.6782,-0.6582,97.744,65.549,-91.707,2,90
0.6455,0.7036,-0.6650,99.695,66.646,-90.488,2,90
-0.8374,-0.7827,-0.1138,11.646,69.146,91.463,3,42
-0.8286,-0.8008,-0.1245,11.890,71.402,95.366,3,42
-0.8296,-0.8037,-0.1621,12.866,73.598,99.512,3,42
-0.8301,-0.8008,-0.1812,13.171,76.280,103.598,3,42
-0.8359,-0.7842,-0.1787,14.390,78.720,107.988,3,42
-0.8633,-0.7686,-0.1787,14.817,81.341,112.134,3,42
-0.8857,-0.7388,-0.1763,14.695,83.293,116.951,3,42
-0.9185,-0.7061,-0.1484,14.207,85.305,120.793,3,42
0.6260,0.7095,-0.6670,102.195,67.683,-89.390,2,90
0.6152,0.7310,-0.6792,104.390,68.171,-87.195,2,90
0.6050,0.7451,-0.6899,106.463,68.841,-85.671,2,90
0.5972,0.7520,-0.6880,109.085,69.634,-83.598,2,90
0.5869,0.7554,-0.6772,111.524,69.756,-81.646,2,90
0.5737,0.7495,-0.6733,113.293,70.000,-78.963,2,90
0.5708,0.7476,-0.6670,115.610,70.244,-76.646,2,90
0.5566,0.7280,-0.6606,117.500,69.817,-73.598,2,90
-0.9604,-0.6475,-0.1167,13.049,88.110,125.061,3,42
-1.0288,-0.6406,-0.1362,9.878,90.305,128.476,3,42
-1.1001,-0.6528,-0.1387,6.402,92.744,130.976,3,42
-1.1411,-0.6470,-0.0898,3.293,94.207,132.805,3,42
-1.1792,-0.6343,-0.0132,1.037,96.585,134.146,3,42
-1.1978,-0.6011,0.0313,-3.720,96.585,135.183,3,42
-1.1943,-0.5278,0.0420,-10.671,94.634,135.549,3,42
-1.2051,-0.4395,0.0547,-18.354,92.134,135.671,3,42
-1.2300,-0.3115,0.0381,-28.171,87.683,135.183,3,42
-1.2329,-0.2637,0.0225,-31.646,85.915,135.122,3,42
-1.2407,-0.1641,-0.0352,-37.744,82.439,135.183,3,42
-1.2324,-0.0605,-0.1133,-42.439,78.963,134.878,3,42
-1.2026,0.0073,-0.2192,-43.659,77.195,133.841,3,42
-1.0947,0.0957,-0.3477,-41.524,76.220,130.366,3,42
-1.0264,0.1240,-0.4487,-39.268,76.037,127.378,3,42
-0.9546,0.1143,-0.4951,-36.768,76.220,123.049,3,42
0.5322,0.5840,-0.6187,125.610,65.610,-45.976,2,90
0.5293,0.5801,-0.6216,124.329,65.854,-42.805,2,90
0.5200,0.5771,-0.6162,122.317,65.732,-39.573,2,90
0.5166,0.5874,-0.6128,120.305,65.366,-36.098,2,90
0.5234,0.5957,-0.6113,118.171,65.671,-32.439,2,90
0.5181,0.6011,-0.5991,115.488,65.305,-28.598,2,90
0.5239,0.6177,-0.6011,112.073,64.695,-25.122,2,90
0.5239,0.6201,-0.5815,108.598,63.902,-20.671,2,90
-0.8931,0.0728,-0.5469,-34.573,76.524,117.866,3,42
-0.8213,0.0688,-0.5625,-32.988,76.829,111.951,3,42
-0.7690,0.0981,-0.5527,-35.061,74.878,105.732,3,42
-0.7173,0.1392,-0.5229,-40.488,70.488,100.122,3,42
-0.7305,0.1914,-0.4526,-46.341,65.732,95.671,3,42
-0.7813,0.2158,-0.3828,-52.561,60.732,92.866,3,42
-0.8081,0.2295,-0.3198,-57.683,56.829,90.000,3,42
-0.7700,0.2783,-0.2324,-61.280,53.171,86.951,3,42
-0.7700,-0.7627,-0.2275,-125.183,-132.500,-336.341,1,90
-0.7798,-0.7256,-0.2236,-126.341,-135.000,-333.476,1,90
-0.8003,-0.6851,-0.2329,-127.927,-137.927,-330.488,1,90
-0.8213,-0.6250,-0.2559,-130.000,-141.341,-325.183,1,90
-0.8315,-0.5898,-0.2725,-131.463,-142.866,-321.524,1,90
-0.8472,-0.5625,-0.3027,-132.439,-143.902,-317.683,1,90
-0.8564,-0.5317,-0.3330,-133.293,-144.451,-313.415,1,90
-0.8560,-0.4976,-0.3726,-133.902,-144.817,-309.573,1,90
0.6895,0.6084,-0.5264,66.220,50.732,15.793,2,90
0.7275,0.5967,-0.5229,61.098,49.085,19.085,2,90
0.7710,0.5942,-0.5264,55.183,47.683,22.195,2,90
0.8218,0.5869,-0.5313,49.756,45.976,25.061,2,90
0.8828,0.5757,-0.5479,44.451,43.963,27.439,2,90
0.9253,0.5688,-0.5620,39.512,42.073,29.695,2,90
0.9717,0.5576,-0.5605,34.268,40.122,31.951,2,90
1.0176,0.5576,-0.5674,29.024,37.866,33.415,2,90
-0.7803,0.1196,-0.4307,-47.500,41.037,61.220,3,42
-0.8760,0.0479,-0.3901,-45.061,41.280,60.122,3,42
-0.8652,0.1558,-0.2827,-44.573,39.451,59.939,3,42
-0.9619,0.2319,-0.1089,-45.305,36.098,61.585,3,42
-1.1802,0.1855,-0.1392,-39.939,34.695,59.573,3,42
-1.1646,0.1636,-0.3208,-34.756,37.988,52.256,3,42
-0.9736,0.1108,-0.4282,-27.744,40.427,44.817,3,42
-0.7695,0.1123,-0.4365,-16.951,42.439,39.268,3,42
1.0469,0.5552,-0.5640,23.720,35.732,34.573,2,90
1.0942,0.5547,-0.5674,17.683,33.049,35.427,2,90
1.1274,0.5405,-0.5630,11.159,30.427,35.793,2,90
1.1631,0.5337,-0.5625,4.329,28.110,35.732,2,90
1.2095,0.5332,-0.5508,-2.622,26.646,35.732,2,90
1.2485,0.5347,-0.4790,-10.061,25.671,35.671,2,90
1.2939,0.5122,-0.4697,-20.122,24.329,36.098,2,90
1.3579,0.4766,-0.5693,-25.854,22.500,36.524,2,90
-1.1162,0.0654,-0.7412,-138.598,-118.171,-159.207,1,90
-1.1567,0.1021,-0.7676,-139.878,-114.512,-146.524,1,90
-1.1860,0.1250,-0.8052,-140.732,-110.732,-133.171,1,90
-1.2207,0.1631,-0.8364,-140.488,-107.012,-120.000,1,90
-1.2524,0.1992,-0.8550,-140.427,-103.232,-107.073,1,90
-1.2764,0.2388,-0.8760,-139.878,-98.293,-94.207,1,90
-1.2959,0.2788,-0.8682,-137.561,-92.500,-81.890,1,90
-1.3149,0.3232,-0.8638,-134.817,-85.854,-70.244,1,90
1.8110,0.6934,-0.7412,-40.305,22.622,35.061,2,90
1.7847,0.7412,-0.7231,-39.695,21.341,33.171,2,90
1.7407,0.7944,-0.7100,-41.159,18.963,31.463,2,90
1.6924,0.8389,-0.7021,-42.683,16.402,30.305,2,90
1.6489,0.8789,-0.7202,-44.146,12.988,30.000,2,90
1.6060,0.9058,-0.7300,-45.122,8.963,31.098,2,90
1.5630,0.9302,-0.7485,-45.305,4.268,33.110,2,90
1.5444,0.9316,-0.7427,-47.012,-0.488,36.585,2,90
-1.0620,-0.2925,-0.4072,27.866,26.098,-2.744,3,42
-1.1030,-0.2710,-0.3901,23.171,21.768,-5.244,3,42
-1.1216,-0.2451,-0.3823,18.963,17.073,-7.256,3,42
-1.1362,-0.2158,-0.3853,16.707,13.720,-8.841,3,42
-1.1348,-0.1665,-0.3525,16.098,11.159,-10.122,3,42
-1.1206,-0.1113,-0.3179,16.402,8.232,-12.134,3,42
-1.0986,-0.0435,-0.2896,17.317,6.037,-13.780,3,42
-1.0957,0.0244,-0.2617,19.024,4.146,-16.220,3,42
-1.3442,0.8501,-0.5391,-103.415,-48.902,54.024,1,90
-1.3716,0.8950,-0.5093,-97.927,-47.561,70.915,1,90
-1.4028,0.9429,-0.4673,-91.402,-46.341,88.110,1,90
-1.4434,0.9854,-0.4409,-84.451,-44.695,103.963,1,90
-1.4805,1.0366,-0.4141,-76.951,-42.927,119.024,1,90
-1.5308,1.0815,-0.3936,-70.000,-40.854,133.537,1,90
-1.5713,1.1069,-0.3872,-62.683,-38.354,147.378,1,90
-1.6167,1.1279,-0.3730,-54.085,-35.610,160.122,1,90
1.5088,0.6563,-0.8135,-80.671,-32.195,77.561,2,90
1.4844,0.6377,-0.8296,-85.854,-34.146,81.220,2,90
1.4663,0.6143,-0.8218,-91.220,-36.280,85.122,2,90
1.4395,0.6060,-0.8218,-95.854,-38.476,88.902,2,90
1.4194,0.6016,-0.8418,-99.939,-40.122,92.866,2,90
1.3960,0.5952,-0.8325,-103.415,-42.561,97.012,2,90
1.3721,0.5967,-0.8291,-106.951,-44.268,101.341,2,90
1.3530,0.5923,-0.8252,-110.732,-46.707,104.878,2,90
-0.8218,0.1221,-0.3550,54.451,-3.780,-28.354,3,42
-0.8037,0.0640,-0.3901,57.073,-4.024,-29.329,3,42
-0.7803,-0.0127,-0.4209,58.476,-4.878,-29.878,3,42
-0.7705,-0.1104,-0.4380,59.329,-5.488,-31.037,3,42
-0.7832,-0.1802,-0.4585,59.268,-6.159,-31.890,3,42
-0.8018,-0.2300,-0.4727,57.256,-7.195,-32.744,3,42
-0.8315,-0.2686,-0.4849,56.037,-8.171,-33.720,3,42
-0.8799,-0.3047,-0.4995,54.939,-8.841,-35.366,3,42
1.3335,0.5977,-0.8198,-114.512,-49.451,108.841,2,90
1.3066,0.5811,-0.8052,-117.866,-52.195,112.439,2,90
1.2910,0.5786,-0.7974,-120.671,-54.878,115.366,2,90
1.2729,0.5742,-0.7783,-122.744,-57.256,118.720,2,90
1.2578,0.5776,-0.7622,-124.207,-59.756,121.037,2,90
1.2441,0.5669,-0.7529,-125.244,-61.707,123.963,2,90
1.2402,0.5674,-0.7310,-125.793,-63.476,126.037,2,90
1.2256,0.5713,-0.7217,-126.707,-65.000,127.805,2,90
-0.9087,-0.3394,-0.4980,54.573,-8.720,-36.220,3,42
-0.9346,-0.3628,-0.4785,54.390,-8.780,-37.561,3,42
-0.9395,-0.3667,-0.4360,53.841,-9.329,-38.659,3,42
-0.9478,-0.3550,-0.3896,50.976,-9.939,-39.390,3,42
-0.9482,-0.3232,-0.3481,46.951,-11.159,-40.488,3,42
-0.9580,-0.2793,-0.3081,43.476,-12.195,-41.402,3,42
-0.9429,-0.2236,-0.2710,40.244,-13.537,-42.195,3,42
-0.9429,-0.1855,-0.2598,37.134,-14.512,-42.805,3,42
1.2231,0.5537,-0.6753,-127.927,-67.500,130.244,2,90
1.2119,0.5498,-0.6558,-128.293,-69.085,131.646,2,90
1.2100,0.5435,-0.6519,-128.354,-69.817,132.500,2,90
1.2021,0.5352,-0.6367,-127.866,-71.341,134.085,2,90
1.1938,0.5308,-0.6167,-126.768,-72.256,136.159,2,90
1.1865,0.5234,-0.6006,-125.488,-73.537,137.927,2,90
1.1743,0.5220,-0.5811,-124.024,-74.329,139.573,2,90
1.1675,0.5244,-0.5693,-122.622,-75.549,141.280,2,90
-0.9458,-0.1436,-0.2568,34.329,-15.244,-43.537,3,42
-0.9785,-0.1113,-0.2578,31.524,-16.585,-44.207,3,42
-0.9971,-0.1030,-0.2661,29.634,-17.073,-45.183,3,42
-1.0181,-0.1045,-0.2720,28.659,-17.439,-46.220,3,42
-1.0303,-0.1045,-0.2861,27.500,-18.293,-47.500,3,42
-1.0376,-0.1094,-0.2734,26.037,-19.085,-48.720,3,42
-1.0522,-0.1074,-0.2954,24.207,-20.244,-50.122,3,42
-1.0586,-0.1030,-0.2979,22.561,-21.768,-51.585,3,42
-1.5469,0.4048,0.0054,128.293,67.805,403.354,1,90
-1.5693,0.3667,0.0107,132.134,71.037,411.037,1,90
-1.5806,0.3184,0.0200,135.000,74.451,418.476,1,90
-1.5962,0.2646,0.0239,137.988,77.805,425.366,1,90
-1.6089,0.2207,0.0317,140.610,82.195,432.439,1,90
-1.6255,0.1675,0.0244,143.537,86.402,438.659,1,90
-1.6206,0.1255,0.0249,145.732,90.488,445.061,1,90
-1.6284,0.0728,0.0151,147.683,95.061,451.220,1,90
0.9121,0.5918,-0.4736,-97.134,-85.366,153.293,2,90
0.8794,0.5908,-0.4800,-93.780,-86.646,154.390,2,90
0.8462,0.5786,-0.4697,-90.610,-88.171,155.854,2,90
0.8101,0.5732,-0.4653,-88.110,-89.268,156.463,2,90
0.7729,0.5537,-0.4673,-85.427,-90.061,158.232,2,90
0.7358,0.5337,-0.4634,-82.805,-90.732,159.573,2,90
0.6963,0.5039,-0.4688,-80.610,-91.341,161.037,2,90
0.6616,0.4722,-0.4688,-77.500,-91.280,162.622,2,90
-1.0884,-0.1973,-0.2563,11.951,-27.195,-60.366,3,42
-1.0664,-0.2495,-0.2798,11.524,-27.195,-60.976,3,42
-1.0415,-0.2891,-0.2749,9.817,-28.171,-61.951,3,42
-1.0039,-0.3374,-0.2920,7.317,-28.841,-62.378,3,42
-0.9648,-0.3667,-0.3203,4.451,-31.098,-62.866,3,42
-0.9116,-0.3848,-0.3374,-0.061,-34.085,-63.049,3,42
-0.8652,-0.3877,-0.3530,-4.085,-37.256,-63.780,3,42
-0.8359,-0.3740,-0.3691,-6.829,-40.427,-64.024,3,42
0.6201,0.4429,-0.4785,-75.244,-91.524,163.598,2,90
0.5884,0.4087,-0.4834,-72.256,-91.402,165.061,2,90
0.5537,0.3726,-0.4888,-70.000,-91.402,165.732,2,90
0.5234,0.3511,-0.5059,-67.561,-91.159,166.341,2,90
0.4868,0.3130,-0.5044,-65.610,-90.854,167.317,2,90
0.4639,0.2808,-0.5137,-63.171,-90.183,167.744,2,90
0.4375,0.2524,-0.5215,-61.159,-89.573,167.866,2,90
0.4121,0.2256,-0.5352,-59.817,-88.780,167.866,2,90
-0.8135,-0.3325,-0.4023,-10.122,-44.512,-63.780,3,42
-0.7954,-0.2813,-0.4209,-14.634,-49.024,-63.598,3,42
-0.8042,-0.2607,-0.4561,-18.598,-51.463,-63.659,3,42
-0.8018,-0.2520,-0.4829,-20.549,-54.024,-63.902,3,42
-0.8071,-0.2368,-0.4746,-21.951,-55.610,-64.207,3,42
-0.8213,-0.2271,-0.4585,-22.378,-56.951,-63.963,3,42
-0.8247,-0.2256,-0.4385,-22.561,-58.598,-63.659,3,42
-0.8315,-0.2407,-0.4204,-22.317,-59.268,-63.232,3,42
0.3901,0.1885,-0.5337,-58.171,-87.683,167.500,2,90
0.3755,0.1636,-0.5469,-56.707,-86.585,167.195,2,90
0.3560,0.1387,-0.5674,-54.817,-84.756,166.585,2,90
0.3286,0.1152,-0.5693,-53.841,-83.537,165.732,2,90
0.3042,0.0894,-0.5830,-52.622,-81.707,164.390,2,90
0.2881,0.0742,-0.5918,-51.098,-80.061,162.927,2,90
0.2739,0.0620,-0.6050,-50.305,-77.805,161.280,2,90
0.2388,0.0552,-0.6035,-49.695,-75.366,159.329,2,90
-0.8379,-0.2637,-0.3818,-20.976,-59.756,-62.744,3,42
-0.8413,-0.2666,-0.3623,-20.305,-60.183,-62.256,3,42
-0.8452,-0.2808,-0.3379,-20.122,-61.463,-61.951,3,42
-0.8398,-0.3008,-0.3228,-19.329,-62.866,-61.341,3,42
-0.8398,-0.2930,-0.3179,-18.598,-63.963,-61.159,3,42
-0.8516,-0.2886,-0.3345,-19.390,-65.549,-61.280,3,42
-0.8618,-0.2954,-0.3306,-21.280,-67.561,-61.220,3,42
-0.8833,-0.2847,-0.3232,-22.866,-69.146,-61.707,3,42
0.2256,0.0469,-0.5977,-49.329,-72.866,157.317,2,90
0.2007,0.0454,-0.6074,-49.207,-70.061,155.000,2,90
0.1758,0.0376,-0.6055,-49.573,-67.500,152.317,2,90
0.1499,0.0449,-0.5908,-49.512,-64.695,149.817,2,90
0.1353,0.0513,-0.5859,-50.122,-62.256,147.073,2,90
0.1187,0.0542,-0.5942,-50.488,-59.268,144.329,2,90
0.1045,0.0581,-0.5928,-51.037,-56.585,141.890,2,90
0.0825,0.0562,-0.5811,-51.159,-54.024,139.512,2,90
-0.8945,-0.2881,-0.3208,-24.878,-71.585,-62.073,3,42
-0.8999,-0.2856,-0.3198,-25.488,-72.439,-62.256,3,42
-0.9106,-0.2920,-0.3066,-25.915,-73.354,-62.439,3,42
-0.9268,-0.2896,-0.2769,-25.915,-72.622,-62.439,3,42
-0.9316,-0.2788,-0.2124,-24.085,-70.915,-61.768,3,42
-0.9175,-0.2222,-0.1787,-23.415,-71.159,-61.220,3,42
-0.8877,-0.1914,-0.1860,-25.610,-74.573,-61.402,3,42
-0.8545,-0.1968,-0.2197,-28.841,-77.927,-62.073,3,42
0.0771,0.0659,-0.5718,-51.037,-51.159,137.195,2,90
0.0645,0.0757,-0.5576,-50.854,-48.476,135.061,2,90
0.0630,0.0786,-0.5483,-50.549,-45.549,133.354,2,90
0.0601,0.0884,-0.5371,-50.122,-43.232,131.402,2,90
0.0493,0.0835,-0.5298,-49.512,-40.732,129.634,2,90
0.0532,0.0835,-0.5190,-48.110,-38.841,127.195,2,90
0.0493,0.0913,-0.5146,-46.829,-36.829,125.061,2,90
0.0474,0.0825,-0.5063,-44.634,-35.610,122.866,2,90
-0.8335,-0.2271,-0.2466,-31.098,-80.305,-62.073,3,42
-0.8350,-0.2368,-0.2466,-33.902,-82.073,-62.988,3,42
-0.8564,-0.2354,-0.2578,-37.195,-84.939,-64.207,3,42
-0.8574,-0.2646,-0.2769,-41.402,-87.744,-66.037,3,42
-0.8740,-0.3096,-0.2524,-42.744,-88.232,-67.073,3,42
-0.8945,-0.2969,-0.2163,-41.463,-87.134,-67.256,3,42
-0.8833,-0.2705,-0.2202,-43.171,-90.549,-67.378,3,42
-0.8608,-0.2925,-0.2520,-47.378,-94.146,-67.622,3,42
0.0469,0.0796,-0.5044,-41.829,-34.146,120.122,2,90
0.0415,0.0786,-0.5005,-38.598,-32.500,118.049,2,90
0.0420,0.0796,-0.4902,-35.061,-31.220,115.183,2,90
0.0522,0.0718,-0.4917,-32.134,-30.122,112.378,2,90
0.0571,0.0703,-0.4819,-28.902,-29.024,109.512,2,90
0.0518,0.0630,-0.4834,-25.244,-27.744,106.280,2,90
0.0532,0.0552,-0.4702,-21.524,-26.768,103.476,2,90
0.0493,0.0410,-0.4692,-17.927,-25.427,100.122,2,90
-0.8594,-0.3315,-0.2705,-48.354,-95.305,-67.561,3,42
-0.8779,-0.3398,-0.2622,-47.927,-95.671,-68.049,3,42
-0.8877,-0.3267,-0.2417,-48.659,-96.220,-69.024,3,42
-0.8940,-0.3296,-0.2246,-50.122,-97.134,-69.817,3,42
-0.9067,-0.3281,-0.2227,-50.183,-97.988,-70.610,3,42
-0.9082,-0.3325,-0.2275,-51.341,-99.817,-71.829,3,42
-0.9185,-0.3257,-0.2285,-52.988,-101.037,-72.927,3,42
-0.9268,-0.3330,-0.2378,-53.232,-102.134,-73.720,3,42
0.0522,0.0371,-0.4712,-14.146,-24.451,96.768,2,90
0.0581,0.0200,-0.4531,-10.793,-23.476,93.659,2,90
0.0562,0.0093,-0.4502,-7.561,-22.195,90.427,2,90
0.0645,-0.0049,-0.4438,-4.573,-21.646,87.134,2,90
0.0557,-0.0156,-0.4365,-1.585,-20.976,83.841,2,90
0.0649,-0.0352,-0.4282,1.159,-20.183,80.061,2,90
0.0659,-0.0454,-0.4199,3.780,-19.573,76.890,2,90
0.0718,-0.0527,-0.4238,5.976,-18.780,73.476,2,90
-0.9438,-0.3320,-0.2295,-54.573,-102.866,-74.817,3,42
-0.9380,-0.3384,-0.2432,-55.122,-103.963,-75.732,3,42
-0.9463,-0.3550,-0.2227,-56.768,-105.366,-76.829,3,42
-0.9634,-0.3726,-0.1729,-57.744,-104.390,-77.927,3,42
-0.9731,-0.3955,-0.1245,-55.488,-102.988,-78.415,3,42
-0.9746,-0.3906,-0.1289,-56.037,-103.293,-79.268,3,42
-0.9663,-0.3867,-0.1079,-59.207,-106.098,-80.732,3,42
-0.9629,-0.4077,-0.1084,-62.866,-108.354,-82.927,3,42
-2.0288,-1.9873,0.3979,212.500,10.183,432.561,1,90
-1.9941,-2.0298,0.3765,222.561,9.939,423.537,1,90
-1.9678,-2.0801,0.3687,231.829,8.841,414.329,1,90
-1.9346,-2.1284,0.3574,240.671,8.110,404.512,1,90
-1.9116,-2.1753,0.3569,248.598,6.829,394.390,1,90
-1.8843,-2.2324,0.3618,255.061,5.915,384.390,1,90
-1.8608,-2.2808,0.3511,260.244,4.878,374.207,1,90
-1.8330,-2.3345,0.3457,264.573,3.537,364.146,1,90
-1.9155,-0.0815,-0.2905,-8.902,-286.037,-233.963,4,42
-2.0039,0.0337,-0.3511,-1.707,-287.134,-228.902,4,42
-2.0977,0.1699,-0.3887,6.280,-288.780,-225.244,4,42
-2.1899,0.2900,-0.4238,15.122,-291.280,-222.134,4,42
-2.2451,0.3701,-0.4263,26.890,-294.695,-217.500,4,42
-2.2808,0.4067,-0.3892,37.805,-297.500,-209.207,4,42
-2.2573,0.4141,-0.3164,47.012,-299.451,-197.927,4,42
-2.2168,0.4219,-0.2676,50.610,-300.244,-187.866,4,42
-1.8071,-2.3867,0.3306,268.841,2.988,354.695,1,90
-1.7715,-2.4409,0.3071,271.829,2.317,344.878,1,90
-1.7344,-2.4858,0.2925,275.366,1.829,335.366,1,90
-1.6890,-2.5308,0.2769,278.232,2.439,325.915,1,90
-1.6323,-2.5625,0.2769,281.220,2.988,316.646,1,90
-1.5708,-2.5854,0.2583,284.451,3.841,307.622,1,90
-1.5063,-2.5933,0.2441,287.622,5.061,298.720,1,90
-1.4409,-2.5962,0.2373,290.610,5.915,290.366,1,90
-2.1479,0.4150,-0.2271,49.573,-302.134,-178.110,4,42
-2.0498,0.3911,-0.1914,47.256,-308.537,-167.317,4,42
-1.9004,0.3467,-0.1880,43.598,-320.427,-156.159,4,42
-1.7651,0.2773,-0.2295,41.707,-334.939,-144.939,4,42
-1.6265,0.1987,-0.2871,42.866,-350.000,-133.720,4,42
-1.5396,0.1445,-0.3545,46.890,-362.378,-123.598,4,42
-1.5737,0.1719,-0.6826,40.671,-365.061,-117.500,4,42
-0.6660,-2.6138,1.9443,17.439,-395.244,-97.195,4,42
-1.3740,-2.5957,0.2183,293.354,6.341,282.378,1,90
-1.3120,-2.5859,0.2080,295.549,6.951,274.451,1,90
-1.2451,-2.5767,0.2051,297.073,7.378,267.134,1,90
-1.1943,-2.5488,0.1987,298.598,7.683,260.732,1,90
-1.1426,-2.5161,0.1919,299.878,7.866,254.207,1,90
-1.1040,-2.4854,0.1807,300.793,7.805,247.927,1,90
-1.0737,-2.4561,0.1680,301.646,7.378,242.500,1,90
-1.0430,-2.4233,0.1514,303.171,7.134,236.829,1,90
-1.9683,-4.9624,0.9712,-516.951,-539.878,155.976,4,42
-9.9131,-13.5874,-11.5659,-263.780,-395.488,-123.049,4,42
-16.0000,-1.4478,-15.6509,14.024,74.085,-382.866,4,42
-11.9849,0.3784,-15.9907,416.707,382.317,-342.317,4,42
1.3013,6.9307,-8.9473,451.220,373.415,-552.317,4,42
6.2334,1.7031,-6.2227,-108.476,279.268,-509.085,4,42
8.3062,0.8506,-5.0371,-816.098,253.232,-303.171,4,42
4.6450,-1.6235,-5.9189,-928.780,147.134,-152.317,4,42
-1.0098,-2.3745,0.1382,305.000,7.866,228.110,1,90
-0.9883,-2.3481,0.1235,306.890,8.720,221.829,1,90
-0.9668,-2.3184,0.1201,309.695,9.878,215.122,1,90
-0.9395,-2.2959,0.1143,311.951,12.012,208.293,1,90
-0.9097,-2.2773,0.1143,314.268,13.780,201.280,1,90
-0.8711,-2.2573,0.1172,316.280,15.549,193.841,1,90
-0.8354,-2.2476,0.1079,317.256,17.561,186.646,1,90
-0.7959,-2.2549,0.1089,316.890,19.878,178.780,1,90
1.6963,0.5601,-7.3159,-487.988,-63.476,-51.463,4,42
-3.5127,3.0981,-7.2891,-221.707,-171.951,149.207,4,42
-2.5986,4.3833,-4.3569,-83.354,-150.366,194.329,4,42
-0.2441,4.0576,-2.5176,-148.598,-135.671,143.049,4,42
1.0532,5.8564,-4.1387,-205.976,-148.963,46.402,4,42
2.0879,5.8696,-4.7241,-203.049,-142.866,18.720,4,42
1.6646,5.3213,-3.8228,-161.524,-129.146,21.341,4,42
1.2378,4.1362,-2.4180,-137.012,-106.768,27.744,4,42
-0.7568,-2.2603,0.1113,314.451,22.683,171.402,1,90
-0.7085,-2.2700,0.1025,309.939,26.159,164.329,1,90
-0.6719,-2.3008,0.1289,305.061,29.024,157.256,1,90
-0.6289,-2.3286,0.1465,298.963,32.317,151.280,1,90
-0.5830,-2.3525,0.1621,292.439,35.427,145.366,1,90
-0.5327,-2.3730,0.1821,285.061,37.927,139.817,1,90
-0.4819,-2.3926,0.2158,277.317,40.183,134.695,1,90
-0.4297,-2.4072,0.2251,269.512,41.524,129.817,1,90
0.3667,0.2422,-0.4482,5.793,-21.890,15.793,2,90
0.3726,0.2466,-0.4531,5.061,-22.866,14.817,2,90
0.3877,0.2573,-0.4653,3.841,-22.927,14.390,2,90
0.4019,0.2588,-0.4536,2.561,-23.293,13.171,2,90
0.4141,0.2651,-0.4629,0.854,-23.171,12.622,2,90
0.4146,0.2671,-0.4639,-0.976,-22.744,11.707,2,90
0.4243,0.2637,-0.4712,-1.707,-21.707,10.854,2,90
0.4448,0.2754,-0.4810,-2.683,-20.854,9.817,2,90
-1.0601,-0.8408,-0.1357,-2.439,-44.146,6.220,3,42
-1.0273,-0.7725,-0.1221,4.695,-37.988,8.963,3,42
-0.9673,-0.7017,-0.1152,10.793,-32.500,10.244,3,42
-0.9160,-0.6587,-0.1104,18.537,-25.610,11.524,3,42
-0.8823,-0.6182,-0.0786,29.451,-16.402,13.780,3,42
-0.8818,-0.5796,-0.0454,38.171,-8.537,16.402,3,42
-0.8882,-0.5576,0.0137,41.220,-3.537,18.902,3,42
-0.9185,-0.5591,0.0708,40.610,-0.854,21.341,3,42
0.4590,0.2705,-0.4932,-2.866,-19.756,7.927,2,90
0.4658,0.2793,-0.4902,-3.110,-18.354,6.585,2,90
0.4800,0.3013,-0.5068,-3.293,-16.768,4.085,2,90
0.4907,0.3164,-0.5078,-3.902,-14.878,2.012,2,90
0.4966,0.3296,-0.5195,-4.573,-13.293,-0.427,2,90
0.5093,0.3481,-0.5171,-5.061,-11.402,-3.049,2,90
0.5137,0.3652,-0.5215,-6.402,-9.390,-5.366,2,90
0.5264,0.3711,-0.5171,-7.134,-7.866,-8.293,2,90
-0.9512,-0.6030,0.1182,38.659,1.524,24.207,3,42
-0.9712,-0.6475,0.1621,35.671,4.878,26.646,3,42
-0.9937,-0.6724,0.1587,32.622,6.890,28.537,3,42
-0.9917,-0.6714,0.1548,27.012,7.073,29.451,3,42
-0.9912,-0.6694,0.1958,20.305,6.707,30.305,3,42
-0.9932,-0.6572,0.2412,15.549,8.171,30.671,3,42
-1.0029,-0.6152,0.2446,10.305,8.110,31.220,3,42
-1.0049,-0.5698,0.2495,1.890,5.732,31.768,3,42
0.5347,0.3760,-0.5244,-7.927,-6.524,-10.244,2,90
0.5371,0.3809,-0.5215,-7.866,-5.000,-12.622,2,90
0.5444,0.3867,-0.5322,-8.354,-3.963,-14.695,2,90
0.5488,0.3843,-0.5356,-8.232,-2.866,-16.585,2,90
0.5513,0.3911,-0.5479,-8.354,-1.585,-18.659,2,90
0.5537,0.3843,-0.5547,-8.110,-0.854,-20.244,2,90
0.5654,0.3823,-0.5562,-7.927,-0.366,-21.768,2,90
0.5645,0.3745,-0.5674,-7.683,0.183,-23.110,2,90
-1.0112,-0.5283,0.2764,-6.829,3.780,31.463,3,42
-1.0317,-0.4824,0.2900,-14.573,2.866,31.341,3,42
-1.0313,-0.4644,0.2739,-22.073,1.890,31.159,3,42
-1.0371,-0.4482,0.2778,-28.537,0.793,30.915,3,42
-1.0303,-0.4385,0.2598,-33.293,0.549,30.671,3,42
-1.0264,-0.4097,0.2412,-39.634,0.305,30.122,3,42
-1.0171,-0.3989,0.2354,-44.695,-0.854,28.598,3,42
-1.0054,-0.3940,0.2158,-48.902,-1.159,27.744,3,42
-0.1187,-2.9761,-0.4351,8.902,-30.488,68.780,1,90
-0.1826,-2.9824,-0.4780,4.756,-31.280,64.939,1,90
-0.2354,-2.9834,-0.5088,1.341,-31.890,60.793,1,90
-0.2905,-2.9785,-0.5337,-1.402,-32.500,56.280,1,90
-0.3418,-2.9775,-0.5635,-3.415,-32.805,51.341,1,90
-0.3818,-2.9663,-0.5752,-4.817,-32.744,46.280,1,90
-0.4209,-2.9443,-0.5835,-6.280,-32.622,40.732,1,90
-0.4521,-2.9248,-0.5879,-6.646,-32.317,34.878,1,90
-0.9922,-0.3940,0.1885,-51.280,-1.037,27.195,3,42
-0.9736,-0.4014,0.1738,-51.768,0.610,27.256,3,42
-0.9663,-0.3921,0.1611,-48.902,4.146,27.378,3,42
-0.9678,-0.3521,0.1382,-46.707,6.951,27.988,3,42
-0.9614,-0.3164,0.1196,-47.012,8.659,27.866,3,42
-0.9590,-0.3071,0.0972,-45.854,10.366,28.171,3,42
-0.9717,-0.3105,0.0503,-44.024,12.256,28.476,3,42
-0.9790,-0.3174,0.0205,-42.195,15.000,28.780,3,42
0.6548,0.2227,-0.5347,-8.598,2.622,-32.378,2,90
0.6841,0.2036,-0.5400,-9.939,2.988,-33.902,2,90
0.7153,0.1963,-0.5142,-12.073,3.598,-35.488,2,90
0.7466,0.1841,-0.5239,-13.598,4.268,-37.866,2,90
0.7769,0.1743,-0.5229,-15.732,5.000,-40.061,2,90
0.8149,0.1699,-0.5254,-17.744,5.976,-42.622,2,90
0.8389,0.1714,-0.5186,-19.878,6.463,-45.305,2,90
0.8730,0.1699,-0.5254,-21.829,7.317,-48.110,2,90
-0.9907,-0.3198,-0.0039,-39.939,17.927,29.207,3,42
-0.9971,-0.3369,-0.0220,-37.988,20.366,29.634,3,42
-1.0024,-0.3560,-0.0117,-35.366,22.866,30.061,3,42
-0.9971,-0.3696,-0.0161,-31.829,25.976,30.488,3,42
-0.9971,-0.3833,-0.0142,-28.110,29.146,31.220,3,42
-0.9839,-0.3955,-0.0112,-23.780,32.073,31.280,3,42
-0.9810,-0.3809,0.0176,-19.817,35.000,31.463,3,42
-0.9819,-0.3647,0.0361,-17.317,36.768,31.707,3,42
0.8906,0.1694,-0.5410,-24.268,8.049,-51.159,2,90
0.9072,0.1729,-0.5400,-26.037,9.024,-53.963,2,90
0.9126,0.1846,-0.5493,-27.378,10.122,-57.134,2,90
0.9033,0.2021,-0.5547,-28.780,10.976,-60.244,2,90
0.8989,0.2188,-0.5659,-29.451,12.195,-63.537,2,90
0.8774,0.2441,-0.5830,-30.793,13.415,-66.768,2,90
0.8525,0.2700,-0.5942,-31.707,14.573,-70.000,2,90
0.8188,0.3076,-0.6069,-32.744,15.976,-73.049,2,90
-0.9727,-0.3516,0.0571,-16.402,36.951,31.280,3,42
-0.9707,-0.3457,0.0615,-16.341,36.890,30.305,3,42
-0.9717,-0.3379,0.0459,-16.829,36.220,29.817,3,42
-0.9663,-0.3389,0.0205,-17.073,35.549,29.512,3,42
-0.9702,-0.3457,0.0103,-16.707,35.610,28.902,3,42
-0.9658,-0.3540,-0.0063,-15.976,35.610,28.659,3,42
-0.9609,-0.3594,-0.0122,-13.902,36.341,28.476,3,42
-0.9556,-0.3589,-0.0347,-11.768,36.890,28.293,3,42
0.7832,0.3398,-0.6104,-34.024,17.622,-76.220,2,90
0.7524,0.3633,-0.6201,-35.000,19.329,-79.085,2,90
0.7158,0.3940,-0.6299,-36.341,21.098,-81.646,2,90
0.6772,0.4189,-0.6309,-37.134,22.927,-84.207,2,90
0.6489,0.4458,-0.6279,-38.293,25.183,-86.341,2,90
0.6162,0.4722,-0.6284,-39.268,27.134,-88.354,2,90
0.5786,0.4932,-0.6255,-39.756,29.329,-90.122,2,90
0.5576,0.5103,-0.6299,-39.939,31.341,-91.402,2,90
-0.9380,-0.3550,-0.0317,-10.244,36.707,28.049,3,42
-0.9297,-0.3438,-0.0151,-7.500,37.500,27.927,3,42
-0.9097,-0.3223,-0.0181,-5.305,38.110,27.622,3,42
-0.9023,-0.2939,-0.0225,-4.024,36.768,27.622,3,42
-0.8906,-0.2588,-0.0303,-4.085,35.183,27.744,3,42
-0.8989,-0.2500,-0.0464,-4.512,33.598,27.073,3,42
-0.9053,-0.2700,-0.0435,-2.561,34.268,27.622,3,42
-0.9116,-0.2949,-0.0444,1.829,36.890,28.293,3,42
0.5342,0.5229,-0.6177,-40.244,33.476,-92.866,2,90
0.5093,0.5322,-0.6104,-40.976,35.244,-93.720,2,90
0.4932,0.5366,-0.6094,-41.159,37.134,-94.817,2,90
0.4736,0.5342,-0.5996,-41.037,38.780,-95.427,2,90
0.4653,0.5361,-0.5918,-40.366,40.610,-96.159,2,90
0.4370,0.5264,-0.5806,-39.756,42.500,-96.646,2,90
0.4341,0.5210,-0.5737,-38.354,44.085,-97.683,2,90
0.4194,0.5132,-0.5571,-37.500,45.488,-98.598,2,90
-2.0562,-2.7642,-0.1821,366.585,106.585,50.305,4,42
-1.8628,-2.5161,0.0386,342.500,69.573,75.061,4,42
-1.3110,-2.5938,-0.2290,328.171,62.927,81.463,4,42
-1.4023,-2.3740,0.0537,313.415,77.195,63.537,4,42
-1.4907,-2.0303,0.4063,274.146,77.378,51.524,4,42
-1.4727,-1.8530,0.4150,217.012,76.829,40.610,4,42
-1.3516,-1.7266,0.1230,155.427,88.659,25.732,4,42
-1.2227,-1.5059,-0.1934,109.207,111.220,15.854,4,42
-0.8916,-0.3096,-0.1606,7.195,26.463,21.463,3,42
-0.8857,-0.3105,-0.1621,7.378,25.000,20.000,3,42
-0.8794,-0.3057,-0.1450,7.500,24.024,18.902,3,42
-0.8711,-0.2915,-0.1196,8.354,23.110,17.927,3,42
-0.8657,-0.2744,-0.1064,9.512,22.134,17.439,3,42
-0.8682,-0.2593,-0.1025,9.756,21.159,16.707,3,42
-0.8613,-0.2520,-0.1152,10.244,20.000,15.915,3,42
-0.8594,-0.2573,-0.1299,11.220,19.024,15.183,3,42
0.3550,0.4038,-0.4780,-23.293,54.756,-99.085,2,90
0.3574,0.3892,-0.4780,-22.256,55.000,-98.659,2,90
0.3525,0.3794,-0.4619,-20.366,55.183,-97.622,2,90
0.3481,0.3589,-0.4531,-18.293,55.549,-96.707,2,90
0.3320,0.3477,-0.4521,-15.549,55.610,-95.671,2,90
0.3340,0.3345,-0.4414,-13.049,55.854,-94.512,2,90
0.3237,0.3125,-0.4448,-10.549,55.976,-93.354,2,90
0.3076,0.3003,-0.4370,-7.988,55.732,-92.134,2,90
-0.8657,-0.2749,-0.1611,13.171,18.780,14.634,3,42
-0.8745,-0.2817,-0.1714,15.305,19.268,14.512,3,42
-0.8765,-0.3032,-0.1675,17.561,20.000,13.659,3,42
-0.8804,-0.3130,-0.1660,19.512,20.122,13.049,3,42
-0.8774,-0.3086,-0.1567,21.463,20.061,12.500,3,42
-0.8804,-0.3013,-0.1416,22.500,20.183,12.012,3,42
-0.8779,-0.2783,-0.1177,23.049,19.695,11.402,3,42
-0.8691,-0.2573,-0.0942,23.841,19.146,10.854,3,42
-0.3706,-1.8643,0.0254,-102.317,-34.817,-234.268,1,90
-0.3940,-1.8584,0.0459,-106.220,-34.939,-236.646,1,90
-0.4263,-1.8564,0.0654,-109.756,-35.671,-239.085,1,90
-0.4521,-1.8530,0.0771,-113.293,-36.280,-241.585,1,90
-0.4829,-1.8408,0.0962,-117.073,-36.768,-244.085,1,90
-0.5220,-1.8340,0.1265,-120.366,-37.256,-246.829,1,90
-0.5371,-1.8223,0.1406,-123.476,-37.927,-249.329,1,90
-0.5718,-1.8091,0.1650,-126.707,-38.780,-252.073,1,90
-0.8755,-0.2334,-0.0796,24.146,18.415,10.488,3,42
-0.8789,-0.2114,-0.0850,24.451,17.439,10.000,3,42
-0.8882,-0.2041,-0.0869,25.305,16.829,9.817,3,42
-0.9009,-0.1982,-0.0952,26.402,16.890,9.390,3,42
-0.9087,-0.1919,-0.0903,28.598,17.134,9.146,3,42
-0.9160,-0.1909,-0.0845,30.976,18.049,9.207,3,42
-0.9355,-0.1895,-0.0630,33.354,19.146,9.207,3,42
-0.9424,-0.2012,-0.0522,35.732,20.183,9.512,3,42
0.2964,0.1729,-0.3838,9.634,60.610,-83.841,2,90
0.3022,0.1714,-0.3750,9.756,61.159,-83.110,2,90
0.3091,0.1631,-0.3584,9.939,62.256,-82.683,2,90
0.3154,0.1621,-0.3560,9.329,63.110,-82.073,2,90
0.3242,0.1572,-0.3433,9.085,63.720,-81.829,2,90
0.3364,0.1548,-0.3496,8.841,64.390,-81.341,2,90
0.3438,0.1602,-0.3403,8.232,64.878,-80.854,2,90
0.3530,0.1694,-0.3501,7.988,65.427,-80.793,2,90
-0.9517,-0.2178,-0.0425,38.902,21.646,10.061,3,42
-0.9648,-0.2417,-0.0337,41.707,23.476,10.854,3,42
-0.9785,-0.2705,-0.0386,45.427,25.793,11.646,3,42
-0.9902,-0.3013,-0.0229,49.451,28.476,12.561,3,42
-0.9976,-0.3276,0.0024,52.561,31.280,13.415,3,42
-1.0088,-0.3511,0.0107,55.915,33.598,14.573,3,42
-1.0273,-0.3770,0.0244,58.110,35.976,15.793,3,42
-1.0361,-0.3999,0.0439,59.573,38.354,16.707,3,42
-1.5615,-0.5483,-0.5400,63.476,187.073,51.098,4,42
-1.5898,-0.5244,-0.5156,53.293,187.134,52.134,4,42
-1.6343,-0.4907,-0.4985,44.756,188.476,53.293,4,42
-1.6875,-0.4526,-0.4814,37.866,190.610,54.451,4,42
-1.7383,-0.4004,-0.4619,34.207,193.598,54.939,4,42
-1.7993,-0.3369,-0.4434,32.500,197.012,55.183,4,42
-1.8628,-0.2847,-0.4180,32.927,200.915,54.146,4,42
-1.9126,-0.2197,-0.3628,35.122,205.061,52.561,4,42
-1.9580,-0.1724,-0.2920,38.049,209.085,49.512,4,42
-1.9844,-0.1196,-0.2271,41.768,213.171,45.549,4,42
-1.9951,-0.0811,-0.1587,46.280,217.256,40.427,4,42
-1.9985,-0.0439,-0.0771,51.341,220.610,34.695,4,42
-1.9653,-0.0303,0.0234,56.463,224.207,28.476,4,42
-1.9233,-0.0107,0.1045,61.524,227.744,22.561,4,42
-1.8589,-0.0156,0.1909,65.915,230.366,17.195,4,42
-1.7725,-0.0220,0.2710,69.573,232.439,12.744,4,42
-0.9717,-1.6606,0.2393,-147.256,-50.671,-301.768,1,90
-0.9834,-1.6450,0.2290,-146.829,-50.610,-304.451,1,90
-0.9951,-1.6426,0.2256,-145.976,-50.488,-307.561,1,90
-1.0127,-1.6304,0.2285,-145.183,-50.305,-310.366,1,90
-1.0210,-1.6357,0.2261,-144.390,-50.122,-313.110,1,90
-1.0381,-1.6299,0.2290,-142.378,-50.793,-317.500,1,90
-1.0435,-1.6255,0.2188,-140.732,-51.524,-320.061,1,90
-1.0479,-1.6362,0.2246,-139.146,-52.439,-322.683,1,90
-1.6890,-0.0537,0.3467,72.805,233.232,9.756,4,42
-1.5864,-0.0923,0.4121,75.183,232.439,7.622,4,42
-1.4941,-0.1357,0.4790,77.073,230.061,6.098,4,42
-1.4072,-0.1865,0.5361,78.598,226.707,5.061,4,42
-1.3223,-0.2227,0.5801,78.841,222.073,3.720,4,42
-1.2476,-0.2603,0.6133,78.537,216.890,2.866,4,42
-1.1831,-0.2905,0.6450,78.537,211.037,1.585,4,42
-1.1270,-0.3091,0.6694,79.207,204.207,0.366,4,42
0.5396,0.2534,-0.3633,18.110,64.817,-95.671,2,90
0.5508,0.2505,-0.3594,18.780,64.817,-96.890,2,90
0.5576,0.2446,-0.3657,19.817,64.756,-98.049,2,90
0.5664,0.2383,-0.3662,20.305,64.512,-99.573,2,90
0.5869,0.2271,-0.3623,21.707,64.512,-100.976,2,90
0.6099,0.2192,-0.3682,22.744,64.695,-102.134,2,90
0.6206,0.2080,-0.3647,23.598,64.634,-103.780,2,90
0.6406,0.2061,-0.3545,24.207,64.695,-105.122,2,90
-1.0850,-0.3125,0.6885,80.976,197.866,-1.463,4,42
-1.0542,-0.2988,0.6948,83.841,190.976,-2.256,4,42
-1.0244,-0.2861,0.7144,86.890,184.146,-3.354,4,42
-1.0063,-0.2661,0.7300,91.098,177.012,-4.085,4,42
-0.9941,-0.2319,0.7471,95.671,169.268,-4.207,4,42
-0.9873,-0.1929,0.7749,99.512,161.646,-4.268,4,42
-0.9785,-0.1519,0.7944,102.500,153.841,-3.780,4,42
-0.9697,-0.1143,0.8140,104.512,146.463,-3.598,4,42
-1.1201,-1.6680,0.1753,-117.378,-64.756,-341.341,1,90
-1.1255,-1.6631,0.1733,-114.573,-65.976,-343.049,1,90
-1.1392,-1.6719,0.1724,-111.585,-67.012,-344.451,1,90
-1.1445,-1.6685,0.1680,-108.659,-68.841,-345.671,1,90
-1.1455,-1.6812,0.1616,-105.732,-70.305,-347.012,1,90
-1.1543,-1.6719,0.1548,-102.988,-71.768,-347.805,1,90
-1.1567,-1.6699,0.1538,-99.756,-73.537,-349.024,1,90
-1.1621,-1.6558,0.1587,-97.256,-74.939,-349.756,1,90
-0.9697,-0.0654,0.8384,104.573,139.695,-3.415,4,42
-0.9644,-0.0293,0.8535,104.146,133.780,-3.171,4,42
-0.9644,0.0200,0.8706,102.683,128.415,-2.988,4,42
-0.9600,0.0728,0.8740,99.878,124.451,-2.866,4,42
-0.9546,0.1191,0.8857,96.402,121.524,-3.049,4,42
-0.9438,0.1704,0.8882,92.683,119.878,-3.659,4,42
-0.9355,0.2163,0.8916,88.902,118.659,-5.305,4,42
-0.9248,0.2666,0.8745,84.451,117.805,-7.683,4,42
-1.1704,-1.6538,0.1592,-94.817,-76.341,-350.915,1,90
-1.1768,-1.6328,0.1621,-92.439,-77.439,-351.159,1,90
-1.1851,-1.6265,0.1567,-89.634,-78.415,-351.707,1,90
-1.1787,-1.6182,0.1538,-87.195,-79.634,-352.561,1,90
-1.1782,-1.6069,0.1504,-84.268,-80.610,-352.256,1,90
-1.1826,-1.5991,0.1416,-81.829,-81.585,-352.378,1,90
-1.1689,-1.6016,0.1313,-79.268,-82.744,-352.622,1,90
-1.1655,-1.5947,0.1250,-76.890,-83.476,-352.500,1,90
-1.1626,-1.5908,0.1050,-74.512,-84.634,-352.439,1,90
-1.1626,-1.5835,0.0952,-72.256,-85.915,-352.622,1,90
-1.1772,-1.5757,0.0898,-70.427,-86.768,-352.683,1,90
-1.1675,-1.5542,0.0801,-67.439,-88.232,-352.988,1,90
-1.1675,-1.5493,0.0801,-67.012,-88.232,-353.171,1,90
-1.1616,-1.5220,0.0586,-65.366,-89.085,-353.171,1,90
-1.1548,-1.5073,0.0391,-64.329,-89.756,-352.866,1,90
-1.1514,-1.4819,0.0239,-63.780,-90.244,-352.683,1,90
-0.9688,-0.7495,-0.1660,-4.939,52.561,87.195,3,42
-0.9800,-0.7705,-0.0884,-5.976,56.037,90.976,3,42
-0.9863,-0.7827,-0.0459,-7.683,58.963,94.512,3,42
-0.9873,-0.7681,-0.0127,-7.988,62.134,98.354,3,42
-1.0122,-0.6904,-0.0229,-7.988,65.183,101.402,3,42
-1.0601,-0.6030,-0.0127,-9.024,67.683,103.476,3,42
-1.0820,-0.4922,-0.0103,-9.451,69.573,105.244,3,42
-1.1245,-0.4067,-0.0181,-10.427,72.134,107.134,3,42
-1.1372,-1.4580,0.0088,-63.354,-90.488,-352.561,1,90
-1.1328,-1.4404,-0.0063,-62.683,-90.549,-352.378,1,90
-1.1284,-1.4116,-0.0347,-62.866,-90.549,-351.890,1,90
-1.1221,-1.3857,-0.0386,-62.805,-90.549,-351.646,1,90
-1.1152,-1.3682,-0.0596,-62.927,-90.854,-351.341,1,90
-1.0898,-1.3413,-0.0771,-63.659,-90.793,-351.524,1,90
-1.0894,-1.3105,-0.0928,-64.695,-91.280,-351.037,1,90
-1.0742,-1.2803,-0.1201,-65.671,-91.951,-350.732,1,90
-1.1299,-0.3569,-0.0405,-11.037,74.756,107.927,3,42
-1.1079,-0.3286,-0.0640,-8.537,78.902,108.171,3,42
-1.0557,-0.2822,-0.0811,-5.793,82.927,108.476,3,42
-1.0234,-0.2290,-0.1118,-3.720,85.549,108.110,3,42
-1.0283,-0.1880,-0.1367,-3.293,87.439,107.134,3,42
-1.0605,-0.1494,-0.1724,-3.476,89.573,105.915,3,42
-1.0664,-0.1133,-0.2148,-3.598,91.341,104.512,3,42
-1.0718,-0.0991,-0.2534,-2.988,93.537,104.268,3,42
0.9082,0.5815,-0.4624,21.707,50.915,-119.451,2,90
0.9146,0.6108,-0.4678,25.427,49.451,-117.378,2,90
0.9087,0.6357,-0.4692,28.720,47.500,-115.427,2,90
0.9199,0.6567,-0.4629,32.012,45.915,-112.927,2,90
0.9116,0.6865,-0.4648,35.366,43.720,-110.549,2,90
0.9048,0.7139,-0.4736,38.476,42.256,-108.049,2,90
0.9121,0.7383,-0.4678,41.951,39.939,-105.427,2,90
0.9150,0.7622,-0.4575,45.183,38.049,-102.195,2,90
-2.0015,2.6108,-3.1904,-588.354,481.463,67.744,4,42
-2.8477,1.0479,1.0869,-530.549,349.817,-48.720,4,42
-2.9629,-2.9683,5.8374,-308.049,8.780,-134.756,4,42
-1.4727,-6.5308,10.6089,170.671,-276.768,-166.890,4,42
0.2339,-4.6646,11.4409,389.695,-407.561,-153.841,4,42
-0.3223,-0.2314,6.4385,216.646,-393.537,-130.122,4,42
-1.8535,1.3438,1.2163,-22.988,-180.549,-47.256,4,42
-2.6211,1.2026,1.7905,-28.659,-17.256,32.561,4,42
-1.0347,-0.8813,-0.3599,-86.524,-97.683,-342.805,1,90
-1.0435,-0.8286,-0.3823,-90.000,-98.354,-340.244,1,90
-1.0537,-0.7715,-0.3984,-93.293,-98.659,-337.073,1,90
-1.0557,-0.7134,-0.4165,-96.829,-99.268,-333.476,1,90
-1.0752,-0.6772,-0.4360,-99.878,-99.390,-329.939,1,90
-1.0859,-0.6211,-0.4395,-103.110,-99.329,-326.159,1,90
-1.0996,-0.5864,-0.4390,-106.341,-99.573,-321.951,1,90
-1.1064,-0.5415,-0.4331,-109.756,-99.695,-317.988,1,90
-2.2109,-0.2974,3.1646,93.354,-69.329,75.671,4,42
-1.2764,-1.5405,2.7476,206.951,-118.110,55.061,4,42
-0.5444,-1.9512,2.5669,300.549,-111.098,13.780,4,42
0.0020,-1.0859,3.7554,339.512,-107.622,-20.610,4,42
0.3154,-0.4116,5.9561,305.976,-114.634,-49.268,4,42
0.2383,-0.8247,7.6924,253.049,-120.976,-75.244,4,42
0.0464,-1.9106,7.9819,237.805,-128.171,-102.439,4,42
-0.5889,-2.4790,7.5547,248.780,-144.756,-116.829,4,42
0.9751,0.9116,-0.4570,75.244,17.073,-67.500,2,90
0.9990,0.9263,-0.4614,78.232,14.634,-63.293,2,90
1.0127,0.9326,-0.4697,81.280,12.195,-59.085,2,90
1.0273,0.9419,-0.4717,84.329,9.573,-54.939,2,90
1.0527,0.9448,-0.4775,87.012,7.195,-51.037,2,90
1.0747,0.9507,-0.4863,89.085,4.756,-47.134,2,90
1.1016,0.9565,-0.4922,91.280,2.378,-43.659,2,90
1.1011,0.9526,-0.4922,92.683,0.366,-39.512,2,90
-1.1040,-1.8672,7.4331,270.061,-168.902,-104.207,4,42
-1.3491,-0.1509,6.8354,251.341,-191.524,-78.293,4,42
-1.6489,1.0957,5.2065,156.585,-199.207,-40.061,4,42
-2.4014,0.8452,3.1240,56.829,-182.439,10.122,4,42
-3.0811,0.1069,1.2109,23.841,-161.220,46.524,4,42
-3.6128,-0.1328,-0.4497,26.402,-143.780,48.171,4,42
-4.1172,-0.0044,-1.7827,29.939,-126.951,16.220,4,42
-4.0513,0.8135,-2.5918,32.683,-110.366,-22.500,4,42
1.1309,0.9497,-0.5068,94.390,-2.073,-35.915,2,90
1.1406,0.9458,-0.5107,95.183,-3.354,-32.073,2,90
1.1563,0.9497,-0.5127,96.341,-4.512,-28.720,2,90
1.1729,0.9507,-0.5215,96.463,-6.220,-24.939,2,90
1.1841,0.9531,-0.5127,96.768,-7.561,-21.585,2,90
1.2026,0.9536,-0.5103,96.280,-8.171,-18.415,2,90
1.2188,0.9531,-0.5122,95.549,-9.329,-14.756,2,90
1.2417,0.9546,-0.5161,94.268,-10.488,-11.402,2,90
-3.3667,1.8428,-2.6982,50.915,-89.634,-19.085,4,42
-2.9883,1.9468,-2.2686,86.037,-70.488,13.780,4,42
-3.1021,0.7778,-1.3857,108.841,-61.524,22.378,4,42
-3.2539,-0.8389,-0.2944,114.695,-65.244,14.085,4,42
-2.8091,-1.9380,0.7119,101.463,-67.439,12.805,4,42
-1.6274,-2.7993,1.6982,64.146,-71.220,13.110,4,42
-0.4990,-3.6206,2.8154,4.695,-81.951,11.159,4,42
0.0361,-3.9980,3.9927,-58.841,-95.549,-3.354,4,42
1.2656,0.9683,-0.5156,92.683,-11.341,-8.232,2,90
1.2891,0.9692,-0.5229,90.183,-12.012,-4.939,2,90
1.3081,0.9717,-0.5225,87.683,-12.805,-1.585,2,90
1.3228,0.9731,-0.5176,85.000,-13.476,1.890,2,90
1.3433,0.9761,-0.5308,82.073,-14.329,5.549,2,90
1.3584,0.9658,-0.5400,78.963,-15.061,9.024,2,90
1.3760,0.9697,-0.5532,76.341,-15.915,12.622,2,90
1.3896,0.9590,-0.5620,73.171,-16.707,15.976,2,90
0.0093,-4.8359,4.6919,-134.024,-92.927,-25.183,4,42
-0.4468,-5.7598,4.9063,-186.768,-79.878,-44.634,4,42
-1.2715,-5.9580,3.9946,-233.232,-58.841,-57.195,4,42
-2.2661,-3.9331,1.7075,-253.963,-37.622,-73.598,4,42
-2.6890,0.2681,-0.3149,-198.780,-22.256,-69.878,4,42
-3.5952,3.9702,-1.5210,-121.585,-10.549,-3.049,4,42
-4.3262,5.0918,-1.2686,-60.244,0.671,87.439,4,42
-4.0698,3.2329,-0.1465,-27.988,22.622,113.537,4,42
-1.4102,0.8506,-0.5083,-228.293,-22.561,-131.463,1,90
-1.4458,0.8999,-0.5020,-229.756,-17.561,-119.939,1,90
-1.4863,0.9619,-0.4834,-230.732,-12.134,-107.439,1,90
-1.5396,1.0269,-0.4702,-231.037,-6.341,-94.146,1,90
-1.5894,1.0747,-0.4678,-230.305,-0.427,-80.671,1,90
-1.6387,1.1182,-0.4644,-227.988,5.732,-67.378,1,90
-1.6733,1.1719,-0.4683,-223.659,12.195,-53.659,1,90
-1.7129,1.2183,-0.4819,-215.793,18.537,-39.878,1,90
-3.1309,0.5444,0.4653,-7.805,33.659,82.683,4,42
-3.0791,-1.4033,0.5859,-0.061,37.988,44.939,4,42
-3.1758,-2.1592,0.8438,11.890,32.134,14.756,4,42
-2.6387,-1.8730,1.4121,-1.341,28.415,-12.866,4,42
-1.6040,-1.2490,1.8823,-37.012,41.402,-25.854,4,42
-0.7568,-0.6880,2.0259,-60.122,62.378,-21.585,4,42
-0.4312,-0.3979,1.8594,-76.037,85.000,1.768,4,42
-0.5537,-0.3291,1.5205,-84.695,99.207,26.585,4,42
-0.6875,0.0415,-0.5229,73.049,25.793,36.037,3,42
-0.7334,0.0684,-0.4785,72.195,22.317,32.866,3,42
-0.7705,0.1030,-0.4492,71.280,19.146,29.634,3,42
-0.7939,0.1348,-0.4287,71.098,15.854,26.280,3,42
-0.8149,0.1538,-0.4111,72.134,13.780,22.988,3,42
-0.8315,0.1685,-0.3643,73.415,12.012,19.695,3,42
-0.8677,0.1846,-0.3433,75.183,10.427,16.707,3,42
-0.9331,0.1870,-0.3179,77.256,8.963,14.024,3,42
1.5220,0.8018,-0.6606,-6.768,-7.683,59.268,2,90
1.5044,0.7983,-0.6445,-12.378,-7.683,61.220,2,90
1.4683,0.7920,-0.6226,-18.232,-7.927,62.744,2,90
1.4492,0.7852,-0.6123,-23.902,-8.720,64.268,2,90
1.4351,0.7754,-0.6001,-28.780,-9.634,65.732,2,90
1.4175,0.7656,-0.5854,-33.110,-10.488,67.561,2,90
1.4038,0.7627,-0.5894,-36.951,-11.524,69.756,2,90
1.3999,0.7529,-0.5845,-40.732,-12.683,71.220,2,90
-0.9771,0.1768,-0.2969,79.390,7.500,10.976,3,42
-1.0137,0.1401,-0.2964,81.463,5.854,7.622,3,42
-1.0313,0.1079,-0.2886,82.561,3.780,4.756,3,42
-1.0220,0.0703,-0.2910,83.659,1.829,1.402,3,42
-0.9917,0.0420,-0.2998,84.268,-0.549,-1.951,3,42
-0.9663,0.0181,-0.3149,84.268,-3.232,-5.000,3,42
-0.9546,0.0161,-0.3335,83.598,-5.366,-7.927,3,42
-0.9248,0.0234,-0.3330,83.110,-8.049,-10.793,3,42
1.4009,0.7461,-0.5938,-44.207,-13.537,72.988,2,90
1.4014,0.7534,-0.5874,-47.622,-14.390,74.512,2,90
1.4150,0.7397,-0.5776,-50.610,-14.817,76.098,2,90
1.4155,0.7412,-0.5659,-54.756,-15.183,77.439,2,90
1.4238,0.7310,-0.5566,-58.902,-16.037,78.171,2,90
1.4395,0.7207,-0.5508,-63.293,-17.073,79.024,2,90
1.4395,0.7119,-0.5425,-67.073,-18.354,79.939,2,90
1.4502,0.6914,-0.5288,-70.061,-19.756,80.488,2,90
-0.8926,0.0205,-0.3486,82.195,-11.402,-13.659,3,42
-0.8628,0.0200,-0.3638,80.854,-14.329,-16.829,3,42
-0.8291,0.0054,-0.3862,78.598,-17.195,-20.061,3,42
-0.8042,0.0142,-0.3945,76.220,-19.817,-23.171,3,42
-0.7827,-0.0171,-0.3887,74.634,-22.317,-26.585,3,42
-0.8071,0.0273,-0.4258,73.171,-23.780,-29.634,3,42
-0.8535,0.0552,-0.4302,69.878,-26.159,-31.402,3,42
-0.9063,0.0420,-0.4087,69.939,-27.012,-34.329,3,42
-1.4883,0.5547,-0.4238,17.378,31.159,291.098,1,90
-1.4937,0.4824,-0.3999,23.780,30.244,301.280,1,90
-1.4883,0.4224,-0.3765,30.488,29.695,311.646,1,90
-1.4863,0.3535,-0.3613,35.915,28.354,321.402,1,90
-1.4824,0.2935,-0.3398,41.768,27.134,330.793,1,90
-1.4702,0.2280,-0.3208,46.951,25.305,340.061,1,90
-1.4688,0.1655,-0.3081,51.707,23.476,349.329,1,90
-1.4551,0.0903,-0.3105,55.122,21.159,357.805,1,90
-1.4370,-0.0142,-0.3052,59.451,17.500,370.549,1,90
-1.4277,-0.0488,-0.3047,61.159,16.341,374.390,1,90
-1.4238,-0.1650,-0.2646,65.061,13.476,386.220,1,90
-1.4033,-0.2607,-0.2578,68.841,11.159,393.780,1,90
-1.4004,-0.3291,-0.2783,77.439,9.878,401.646,1,90
-1.4063,-0.3784,-0.2612,89.207,8.598,409.207,1,90
-1.4077,-0.4170,-0.2510,99.085,7.317,416.524,1,90
-1.3965,-0.4800,-0.2588,108.354,5.671,423.415,1,90
-1.1030,-0.1592,-0.1948,66.280,-27.683,-51.890,3,42
-1.0811,-0.1641,-0.1914,65.244,-27.683,-52.439,3,42
-1.0449,-0.1753,-0.1992,61.829,-27.927,-53.780,3,42
-1.0405,-0.1846,-0.2100,60.671,-28.171,-54.329,3,42
-0.9980,-0.1816,-0.2451,57.561,-28.232,-55.549,3,42
-0.9814,-0.1948,-0.2495,56.037,-27.988,-56.280,3,42
-0.9673,-0.2017,-0.2603,54.390,-27.317,-56.890,3,42
-0.9502,-0.2085,-0.2749,52.012,-27.378,-57.073,3,42
1.1357,0.5791,-0.6440,-104.390,-36.098,85.549,2,90
1.1133,0.5850,-0.6455,-103.537,-35.061,85.610,2,90
1.0981,0.5933,-0.6387,-102.561,-34.451,85.427,2,90
1.0713,0.5962,-0.6401,-101.280,-33.537,85.366,2,90
1.0576,0.6099,-0.6362,-100.122,-32.683,85.244,2,90
1.0361,0.6147,-0.6226,-99.024,-31.890,85.122,2,90
1.0239,0.6382,-0.6172,-97.012,-31.768,85.488,2,90
0.9961,0.6426,-0.6025,-94.512,-30.976,85.366,2,90
-1.5981,-0.3975,0.8516,-427.683,135.549,-14.451,4,42
-1.6318,-0.2314,1.1250,-422.378,129.695,-13.780,4,42
-1.6733,-0.1650,1.4199,-416.646,116.707,-16.890,4,42
-1.3716,-0.1768,1.6206,-417.805,104.451,-24.695,4,42
-0.8291,-0.3228,1.7583,-428.659,108.110,-44.085,4,42
-0.9404,-0.4658,2.0029,-428.963,90.366,-53.963,4,42
-1.2148,-0.6899,2.1318,-421.646,69.634,-64.573,4,42
-1.9453,-0.7935,2.3813,-409.573,38.659,-71.280,4,42
-1.5981,-1.5010,-0.1958,37.012,-2.927,453.963,1,90
-1.6021,-1.6021,-0.2305,44.939,-3.841,453.293,1,90
-1.6079,-1.6606,-0.2456,48.659,-3.659,452.012,1,90
-1.5928,-1.6787,-0.2637,48.902,-4.573,449.024,1,90
-1.5747,-1.6460,-0.2466,46.280,-6.037,445.488,1,90
-1.5410,-1.6016,-0.2720,42.134,-8.110,442.378,1,90
-1.5000,-1.5479,-0.3008,38.476,-11.159,440.305,1,90
-1.4556,-1.5063,-0.3242,35.183,-14.268,439.451,1,90
-2.2666,-0.8013,2.4028,-395.183,15.000,-77.927,4,42
-2.3501,-0.8130,2.4546,-382.744,10.610,-90.488,4,42
-2.4844,-0.8154,2.5557,-360.000,6.890,-105.793,4,42
-2.4883,-0.8691,2.5474,-320.732,-4.573,-112.988,4,42
-2.0088,-0.8628,2.4824,-271.646,-13.963,-116.524,4,42
-1.1533,-0.6685,2.5078,-230.976,-21.707,-122.988,4,42
-0.8979,-0.3638,2.2939,-187.378,-44.573,-122.988,4,42
-0.1274,-0.1699,2.4692,-137.317,-74.695,-116.585,4,42
-1.4229,-1.4556,-0.3555,32.622,-17.134,439.878,1,90
-1.3994,-1.4063,-0.3701,31.524,-19.512,441.524,1,90
-1.3789,-1.3613,-0.3735,31.159,-21.585,443.780,1,90
-1.3735,-1.3203,-0.3818,30.610,-22.744,446.951,1,90
-1.3711,-1.3003,-0.3711,31.768,-23.049,449.512,1,90
-1.3984,-1.2861,-0.3613,34.085,-23.171,451.463,1,90
-1.4160,-1.2847,-0.3330,36.585,-23.537,451.280,1,90
-1.4375,-1.2974,-0.3003,37.927,-24.390,449.695,1,90
0.7681,0.2700,2.1313,-119.634,-91.646,-123.415,4,42
0.2402,0.7915,1.8496,-103.780,-89.512,-122.744,4,42
0.2178,1.2642,1.4897,-91.037,-76.280,-122.927,4,42
-0.6519,2.0610,1.4692,-89.146,-55.854,-123.720,4,42
-1.8223,2.4551,1.4600,-105.793,-52.439,-107.439,4,42
-2.0703,2.4204,1.2725,-131.585,-50.061,-99.878,4,42
-1.8628,2.1836,1.3042,-160.976,-48.049,-110.366,4,42
-1.2383,1.8730,1.5547,-180.793,-54.451,-136.159,4,42
-1.4717,-1.3340,-0.2769,42.500,-26.280,445.061,1,90
-1.5015,-1.3569,-0.2446,45.793,-27.012,441.159,1,90
-1.5313,-1.3887,-0.2080,48.598,-27.134,436.829,1,90
-1.5762,-1.4414,-0.1689,51.768,-26.951,432.439,1,90
-1.6055,-1.4854,-0.1367,55.549,-26.402,427.256,1,90
-1.6328,-1.5469,-0.1074,58.415,-24.939,422.073,1,90
-1.6597,-1.6069,-0.0986,62.073,-22.866,416.768,1,90
-1.6699,-1.6602,-0.1021,65.244,-20.488,410.793,1,90
0.2788,0.3647,-0.4370,-6.159,-50.854,125.732,2,90
0.2529,0.3501,-0.4346,-3.293,-51.402,125.549,2,90
0.2261,0.3267,-0.4517,-1.280,-51.707,125.488,2,90
0.2114,0.3086,-0.4473,1.402,-51.890,125.061,2,90
0.1958,0.3042,-0.4536,3.902,-51.829,124.634,2,90
0.1768,0.2969,-0.4517,5.976,-51.707,123.963,2,90
0.1597,0.2910,-0.4624,7.988,-51.707,122.805,2,90
0.1416,0.2773,-0.4658,9.573,-51.220,122.012,2,90
-0.8823,-0.3623,-0.3291,12.500,-54.329,-41.159,3,42
-0.8867,-0.3418,-0.3140,11.829,-54.878,-40.000,3,42
-0.8960,-0.3335,-0.3022,11.524,-55.366,-39.146,3,42
-0.9111,-0.3101,-0.2891,11.890,-54.939,-37.805,3,42
-0.9253,-0.2949,-0.2754,11.890,-54.939,-36.707,3,42
-0.9282,-0.2910,-0.2603,11.524,-54.756,-36.220,3,42
-0.9268,-0.2915,-0.2505,12.195,-54.878,-35.305,3,42
-0.9209,-0.2939,-0.2456,13.293,-54.207,-34.817,3,42
0.1294,0.2588,-0.4761,11.220,-50.671,120.854,2,90
0.1099,0.2607,-0.4736,12.988,-50.000,119.207,2,90
0.1177,0.2529,-0.4839,14.451,-49.390,117.500,2,90
0.0981,0.2471,-0.4844,16.098,-47.988,115.732,2,90
0.0977,0.2490,-0.4756,17.134,-46.890,113.780,2,90
0.0908,0.2427,-0.4790,17.866,-45.915,111.585,2,90
0.0933,0.2480,-0.4746,18.659,-44.207,109.207,2,90
0.0850,0.2412,-0.4644,18.049,-42.866,106.890,2,90
-0.9194,-0.2783,-0.2358,13.354,-53.841,-34.512,3,42
-0.9180,-0.2739,-0.2212,13.415,-53.720,-34.329,3,42
-0.9175,-0.2852,-0.2163,12.378,-54.329,-33.780,3,42
-0.9209,-0.2769,-0.2231,12.805,-53.841,-33.659,3,42
-0.9131,-0.2939,-0.2324,13.659,-53.232,-33.476,3,42
-0.9087,-0.2881,-0.2319,14.207,-52.866,-33.232,3,42
-0.9141,-0.2778,-0.2505,15.000,-52.378,-32.988,3,42
-0.9175,-0.2695,-0.2749,15.915,-52.378,-33.110,3,42
-1.1055,-2.5610,-0.3921,105.732,15.366,331.951,1,90
-1.0645,-2.5869,-0.4111,104.512,16.463,325.854,1,90
-1.0288,-2.6064,-0.4419,103.598,18.110,320.061,1,90
-0.9897,-2.6177,-0.4512,103.232,19.695,313.598,1,90
-0.9546,-2.6309,-0.4629,102.988,21.037,306.585,1,90
-0.9302,-2.6353,-0.4849,103.232,23.110,300.061,1,90
-0.8911,-2.6343,-0.5142,103.780,24.878,293.049,1,90
-0.8584,-2.6294,-0.5259,104.451,26.463,285.671,1,90
0.0894,0.1685,-0.3955,6.951,-35.366,87.195,2,90
0.0894,0.1494,-0.3906,5.183,-35.000,85.244,2,90
0.0859,0.1274,-0.3896,3.659,-34.390,83.232,2,90
0.0972,0.1157,-0.3809,1.037,-34.268,81.585,2,90
0.0952,0.0996,-0.3750,-1.220,-33.659,79.390,2,90
0.0986,0.0840,-0.3691,-3.659,-33.537,77.378,2,90
0.1069,0.0645,-0.3716,-5.976,-32.744,75.000,2,90
0.1079,0.0430,-0.3618,-8.902,-32.744,72.866,2,90
-0.8916,-0.3389,-0.1855,26.098,-47.012,-31.707,3,42
-0.8936,-0.3384,-0.1792,25.671,-47.073,-31.707,3,42
-0.8867,-0.3398,-0.1597,24.024,-47.561,-31.280,3,42
-0.8936,-0.3521,-0.1499,22.256,-47.866,-30.793,3,42
-0.9111,-0.3799,-0.1772,20.671,-47.317,-29.939,3,42
-0.9287,-0.3843,-0.1621,21.220,-46.463,-30.000,3,42
-0.9302,-0.3730,-0.1450,20.488,-46.280,-30.183,3,42
-0.9321,-0.3701,-0.1450,19.573,-46.098,-30.244,3,42
-0.5044,-2.3984,-0.5967,123.171,47.561,214.451,1,90
-0.4644,-2.3560,-0.5811,125.610,49.939,207.561,1,90
-0.4287,-2.3223,-0.5757,127.988,52.317,201.220,1,90
-0.3965,-2.2788,-0.5571,130.366,54.207,194.390,1,90
-0.3579,-2.2471,-0.5503,132.378,56.341,188.293,1,90
-0.3208,-2.2124,-0.5400,134.573,58.110,182.256,1,90
-0.2842,-2.1714,-0.5283,136.951,59.878,176.280,1,90
-0.2393,-2.1460,-0.5146,139.207,61.280,170.671,1,90
-2.8174,0.8511,0.3525,-0.488,-361.524,-279.329,4,42
-2.8345,0.9956,0.3105,10.671,-363.049,-276.585,4,42
-2.8394,1.1318,0.2651,22.744,-360.915,-271.402,4,42
-2.8413,1.2920,0.2080,32.927,-354.268,-263.841,4,42
-2.8198,1.4097,0.1265,40.122,-344.573,-255.671,4,42
-2.8770,1.4805,0.0278,47.744,-334.939,-243.476,4,42
-2.8022,1.4985,-0.0938,60.488,-331.646,-223.232,4,42
-2.6865,1.5552,-0.2144,72.195,-329.634,-206.890,4,42
-0.1953,-2.1143,-0.4922,141.402,62.500,164.939,1,90
-0.1533,-2.0918,-0.4980,143.293,63.476,160.000,1,90
-0.1191,-2.0728,-0.4907,145.122,64.451,154.512,1,90
-0.0757,-2.0552,-0.4775,147.012,65.549,149.329,1,90
-0.0444,-2.0356,-0.4727,148.963,66.524,143.902,1,90
-0.0039,-2.0205,-0.4624,150.610,67.500,139.024,1,90
0.0337,-2.0088,-0.4487,152.012,68.780,133.780,1,90
0.0664,-2.0088,-0.4482,153.110,69.390,128.841,1,90
-2.6226,2.2861,-0.7939,52.073,-316.585,-189.146,4,42
-2.9038,0.4907,-2.1216,60.976,-284.573,-185.915,4,42
-2.6445,-8.5273,4.0391,-175.000,-323.841,1.220,4,42
-15.2227,-14.7021,-13.3970,-260.305,-354.695,6.220,4,42
-15.9775,3.6743,-15.9663,41.098,232.073,-520.183,4,42
4.9932,5.5742,-13.8633,-74.573,239.512,-511.585,4,42
8.9023,-0.3555,-12.2476,-480.244,276.402,-392.317,4,42
6.2637,0.6641,-9.9604,-365.000,119.634,-88.537,4,42
0.0962,-2.0024,-0.4448,153.720,70.610,123.902,1,90
0.1289,-2.0015,-0.4248,153.598,71.341,118.659,1,90
0.1655,-2.0029,-0.4067,153.537,72.378,113.049,1,90
0.1943,-2.0103,-0.3936,152.683,72.744,107.927,1,90
0.2295,-2.0210,-0.3804,151.707,72.805,102.866,1,90
0.2671,-2.0283,-0.3701,149.390,72.744,97.500,1,90
0.2969,-2.0396,-0.3579,147.256,72.317,92.439,1,90
0.3359,-2.0513,-0.3540,144.085,71.646,87.500,1,90
0.3862,0.1875,-0.3716,-57.134,-17.561,23.659,2,90
0.3931,0.1992,-0.3750,-55.610,-17.317,21.585,2,90
0.4028,0.2114,-0.3706,-53.598,-17.195,19.878,2,90
0.4033,0.2256,-0.3701,-52.256,-16.890,17.805,2,90
0.4092,0.2422,-0.3750,-49.695,-16.585,15.610,2,90
0.4150,0.2583,-0.3682,-47.805,-16.220,13.354,2,90
0.4165,0.2729,-0.3755,-44.878,-15.610,11.220,2,90
0.4214,0.2881,-0.3784,-42.317,-14.939,9.390,2,90
-0.9307,-0.4893,0.0552,-21.707,-27.683,-5.122,3,42
-0.8872,-0.4253,0.0532,-22.012,-27.195,-4.329,3,42
-0.8809,-0.3730,0.0908,-26.402,-27.805,-2.317,3,42
-0.9365,-0.3569,0.1240,-32.134,-28.415,0.244,3,42
-0.9932,-0.3950,0.1050,-38.598,-28.354,1.524,3,42
-1.0200,-0.4473,0.0493,-41.768,-26.463,2.256,3,42
-1.0410,-0.4619,0.0020,-40.061,-22.622,2.195,3,42
-1.0400,-0.4043,-0.0117,-37.012,-19.329,2.195,3,42
0.4146,0.2954,-0.3740,-39.817,-14.146,7.073,2,90
0.4185,0.3218,-0.3838,-36.890,-12.866,4.695,2,90
0.4253,0.3364,-0.3813,-34.268,-11.951,2.195,2,90
0.4248,0.3521,-0.3804,-31.402,-10.671,0.366,2,90
0.4224,0.3765,-0.3833,-29.512,-9.207,-1.829,2,90
0.4297,0.3970,-0.3926,-26.220,-7.988,-4.085,2,90
0.4292,0.4106,-0.3877,-23.537,-6.280,-6.341,2,90
0.4316,0.4219,-0.3906,-20.976,-5.122,-8.293,2,90
-1.0415,-0.3276,0.0000,-34.390,-16.280,2.866,3,42
-1.0356,-0.2744,0.0288,-31.768,-13.049,4.207,3,42
-1.0415,-0.2500,0.0464,-26.890,-7.988,5.732,3,42
-1.0332,-0.2383,0.0337,-21.402,-3.110,6.829,3,42
-1.0293,-0.2314,-0.0127,-15.854,1.463,7.439,3,42
-1.0293,-0.2373,-0.0474,-11.037,4.939,7.256,3,42
-1.0317,-0.2261,-0.0640,-7.195,8.232,6.585,3,42
-1.0454,-0.2222,-0.0488,-3.902,10.915,6.707,3,42
0.4312,0.4399,-0.3867,-18.110,-3.476,-9.939,2,90
0.4360,0.4556,-0.3955,-15.183,-2.317,-11.951,2,90
0.4448,0.4648,-0.3838,-12.317,-0.854,-13.963,2,90
0.4473,0.4766,-0.3940,-8.902,0.427,-15.549,2,90
0.4551,0.4834,-0.3862,-6.341,1.890,-17.744,2,90
0.4648,0.4932,-0.3818,-3.354,3.171,-19.695,2,90
0.4702,0.4971,-0.3799,-0.366,4.268,-21.585,2,90
0.4805,0.5015,-0.3936,2.256,5.488,-23.720,2,90
-1.0508,-0.2100,-0.0298,-2.500,13.232,5.610,3,42
-1.0513,-0.2119,-0.0259,-1.037,15.183,4.756,3,42
-1.0405,-0.2124,-0.0420,-0.305,16.524,3.476,3,42
-1.0356,-0.2192,-0.0518,1.524,18.049,2.744,3,42
-1.0298,-0.2158,-0.0562,2.988,19.146,2.073,3,42
-1.0176,-0.2051,-0.0645,2.866,20.000,1.220,3,42
-1.0161,-0.2070,-0.0508,3.415,21.341,0.671,3,42
-1.0142,-0.2173,-0.0576,4.390,23.171,-0.427,3,42
0.4819,0.5010,-0.3882,4.878,6.707,-26.159,2,90
0.4951,0.4927,-0.3887,7.622,8.232,-28.232,2,90
0.5034,0.4956,-0.3901,10.061,9.756,-30.793,2,90
0.4990,0.4951,-0.3774,12.134,11.280,-33.049,2,90
0.5088,0.5068,-0.3745,13.902,12.805,-35.732,2,90
0.5142,0.5020,-0.3677,15.244,14.207,-38.232,2,90
0.5171,0.5078,-0.3647,15.671,15.915,-40.854,2,90
0.5137,0.5146,-0.3506,15.671,17.073,-43.293,2,90
-0.9922,-0.2407,-0.0649,5.976,25.183,-1.220,3,42
-0.9810,-0.2520,-0.0698,6.159,25.061,-1.829,3,42
-0.9653,-0.2549,-0.0806,6.890,25.610,-2.256,3,42
-0.9668,-0.2642,-0.0869,7.195,25.732,-2.378,3,42
-0.9629,-0.2749,-0.0962,6.829,25.671,-2.561,3,42
-0.9614,-0.2773,-0.1089,5.183,24.756,-4.085,3,42
-0.9619,-0.2827,-0.1450,3.171,24.024,-4.695,3,42
-0.9487,-0.2983,-0.1597,1.890,22.805,-5.427,3,42
0.3574,-1.8887,-0.3706,-0.366,5.244,-9.573,1,90
0.3394,-1.8706,-0.3682,-2.622,3.537,-12.561,1,90
0.3301,-1.8667,-0.3638,-4.878,2.134,-14.817,1,90
0.3262,-1.8628,-0.3599,-6.829,0.427,-17.805,1,90
0.3267,-1.8516,-0.3623,-8.415,-1.220,-20.671,1,90
0.3257,-1.8403,-0.3613,-10.427,-2.744,-23.902,1,90
0.3262,-1.8262,-0.3564,-11.585,-4.817,-26.951,1,90
0.3281,-1.8174,-0.3657,-13.110,-7.012,-30.488,1,90
-0.3794,0.4585,-1.1694,271.159,164.939,11.829,4,42
-0.3862,0.6504,-1.1143,265.244,170.427,16.402,4,42
-0.3799,0.7666,-1.0552,258.780,170.183,17.927,4,42
-0.3403,1.0269,-0.9907,240.793,167.073,18.537,4,42
-0.3550,1.2886,-0.9043,216.951,162.439,15.915,4,42
-0.3892,1.5200,-0.8657,191.829,155.488,11.585,4,42
-0.4106,1.6606,-0.9219,167.744,151.159,2.256,4,42
-0.6646,1.5439,-0.9160,159.329,158.171,-10.610,4,42
0.5059,0.5635,-0.2861,1.524,25.732,-58.841,2,90
0.5039,0.5718,-0.2939,-0.549,26.098,-59.512,2,90
0.4902,0.5786,-0.3013,-2.622,26.402,-60.488,2,90
0.4946,0.5859,-0.3252,-4.756,26.463,-61.280,2,90
0.4883,0.5981,-0.3223,-7.256,26.341,-62.134,2,90
0.4849,0.6118,-0.3408,-9.268,26.524,-62.622,2,90
0.4868,0.6118,-0.3511,-11.280,25.976,-63.476,2,90
0.4805,0.6226,-0.3613,-13.354,25.854,-63.780,2,90
-0.8823,1.2734,-0.7354,189.451,169.451,-9.634,4,42
-1.0464,0.9038,-0.4199,239.024,180.732,0.610,4,42
-1.1338,0.5640,-0.0796,288.963,182.744,16.707,4,42
-1.1338,0.3501,0.1860,324.512,162.500,31.707,4,42
-1.0239,0.2734,0.3081,339.878,121.341,43.415,4,42
-0.8491,0.2559,0.2393,341.646,71.463,58.049,4,42
-0.5791,0.2266,-0.0195,340.305,27.317,74.024,4,42
-0.4102,0.1489,-0.3501,340.061,6.341,87.378,4,42
0.3159,-1.7061,-0.3223,-21.829,-25.488,-61.768,1,90
0.3091,-1.6992,-0.3081,-22.317,-26.890,-64.939,1,90
0.3037,-1.6772,-0.3042,-22.744,-27.866,-67.988,1,90
0.2915,-1.6626,-0.3110,-22.561,-29.329,-71.341,1,90
0.2876,-1.6470,-0.3032,-23.110,-30.488,-74.207,1,90
0.2827,-1.6343,-0.3042,-22.866,-31.524,-77.134,1,90
0.2759,-1.6157,-0.2988,-22.927,-32.622,-79.939,1,90
0.2700,-1.6035,-0.3003,-22.866,-33.598,-83.049,1,90
-0.4229,0.0967,-0.5659,347.012,5.976,100.061,4,42
-0.5586,0.0859,-0.6221,355.610,15.183,114.634,4,42
-0.7295,0.0640,-0.6006,360.427,25.244,127.866,4,42
-0.9160,-0.0088,-0.5313,358.841,31.646,137.988,4,42
-1.0732,-0.1255,-0.4941,353.780,33.720,143.537,4,42
-1.2241,-0.2656,-0.4756,347.378,32.988,145.244,4,42
-1.3618,-0.4004,-0.5122,342.195,31.707,144.024,4,42
-1.4980,-0.5137,-0.5742,337.988,30.793,140.549,4,42
0.2642,-1.6050,-0.2905,-22.317,-34.329,-85.732,1,90
0.2476,-1.5889,-0.2715,-22.012,-35.183,-88.659,1,90
0.2441,-1.5786,-0.2744,-21.280,-36.463,-91.463,1,90
0.2344,-1.5820,-0.2729,-20.793,-37.317,-94.329,1,90
0.2261,-1.5796,-0.2612,-20.366,-38.293,-97.012,1,90
0.2197,-1.5742,-0.2476,-20.122,-39.390,-99.939,1,90
0.2061,-1.5723,-0.2393,-19.634,-40.244,-102.622,1,90
0.1909,-1.5688,-0.2275,-19.878,-41.646,-106.402,1,90
0.3999,0.6675,-0.5518,-15.793,22.073,-62.317,2,90
0.3853,0.6641,-0.5488,-14.878,22.317,-61.585,2,90
0.3867,0.6577,-0.5396,-14.451,21.890,-61.220,2,90
0.3799,0.6631,-0.5405,-13.902,21.707,-60.915,2,90
0.3774,0.6533,-0.5352,-13.354,21.037,-60.610,2,90
0.3716,0.6499,-0.5244,-12.622,20.488,-60.305,2,90
0.3716,0.6392,-0.5186,-12.012,19.878,-59.878,2,90
0.3633,0.6318,-0.5049,-11.524,19.329,-59.634,2,90
-0.9346,-0.2734,-0.2134,-4.207,-7.988,-7.195,3,42
-0.9380,-0.2915,-0.2148,-2.195,-7.256,-7.378,3,42
-0.9351,-0.3193,-0.2075,-0.976,-7.012,-7.195,3,42
-0.9370,-0.3433,-0.2178,-0.183,-6.951,-7.378,3,42
-0.9312,-0.3706,-0.2134,0.122,-6.951,-6.890,3,42
-0.9199,-0.3955,-0.2134,1.707,-6.341,-6.524,3,42
-0.9092,-0.4136,-0.2168,2.866,-6.341,-5.793,3,42
-0.9067,-0.4175,-0.1924,3.049,-6.524,-5.732,3,42
0.3540,0.6196,-0.4873,-10.854,18.659,-59.573,2,90
0.3540,0.6138,-0.4858,-10.244,18.110,-59.146,2,90
0.3477,0.6045,-0.4771,-8.841,17.500,-59.329,2,90
0.3545,0.5908,-0.4668,-7.988,16.829,-59.146,2,90
0.3394,0.5845,-0.4692,-6.768,15.732,-59.512,2,90
0.3359,0.5752,-0.4556,-5.732,15.000,-59.512,2,90
0.3398,0.5630,-0.4434,-4.878,14.024,-59.817,2,90
0.3350,0.5566,-0.4438,-3.902,12.927,-60.183,2,90
-0.9097,-0.4204,-0.1768,2.988,-6.098,-5.000,3,42
-0.9141,-0.4097,-0.1655,3.232,-6.220,-4.512,3,42
-0.9233,-0.3911,-0.1460,3.049,-6.585,-3.720,3,42
-0.9316,-0.3760,-0.1440,2.988,-6.951,-3.049,3,42
-0.9277,-0.3633,-0.1367,2.561,-6.402,-2.378,3,42
-0.9316,-0.3516,-0.1299,2.195,-6.463,-1.646,3,42
-0.9365,-0.3384,-0.1167,2.134,-6.098,-0.732,3,42
-0.9409,-0.3398,-0.1123,2.012,-5.610,-0.610,3,42
0.3267,0.5420,-0.4385,-3.354,12.439,-60.976,2,90
0.3252,0.5327,-0.4219,-2.622,11.159,-61.402,2,90
0.3242,0.5176,-0.4180,-2.195,10.244,-62.195,2,90
0.3237,0.4995,-0.4141,-1.646,8.963,-62.744,2,90
0.3257,0.4839,-0.4067,-1.159,7.683,-63.354,2,90
0.3228,0.4678,-0.4053,-0.488,6.402,-64.329,2,90
0.3257,0.4570,-0.4180,0.732,5.122,-64.695,2,90
0.3359,0.4409,-0.4102,2.439,3.598,-65.732,2,90
-0.9546,-0.3354,-0.1016,1.829,-4.939,0.793,3,42
-0.9585,-0.3389,-0.0967,1.768,-4.756,1.341,3,42
-0.9653,-0.3584,-0.1035,2.073,-3.902,1.707,3,42
-0.9600,-0.3667,-0.1045,2.134,-3.354,2.439,3,42
-0.9614,-0.3838,-0.1201,2.744,-2.378,3.171,3,42
-0.9634,-0.3945,-0.1255,3.780,-0.854,4.024,3,42
-0.9614,-0.3955,-0.1079,5.671,0.427,5.122,3,42
-0.9536,-0.3989,-0.0962,5.976,1.646,6.098,3,42
-0.1724,-1.5654,-0.0625,-45.549,-70.915,-162.805,1,90
-0.1968,-1.5640,-0.0659,-45.732,-71.829,-165.061,1,90
-0.2026,-1.5747,-0.0703,-45.122,-72.683,-166.829,1,90
-0.2231,-1.5786,-0.0811,-45.000,-73.598,-168.963,1,90
-0.2217,-1.5825,-0.0757,-44.146,-74.756,-171.220,1,90
-0.2476,-1.5884,-0.0776,-43.720,-75.671,-173.232,1,90
-0.2729,-1.5947,-0.0796,-42.439,-77.134,-176.585,1,90
-0.2944,-1.5981,-0.0688,-41.402,-77.744,-178.841,1,90
0.3501,0.3545,-0.5483,25.427,-8.110,-74.878,2,90
0.3579,0.3574,-0.5596,28.476,-8.902,-76.037,2,90
0.3535,0.3555,-0.5649,31.098,-9.573,-77.378,2,90
0.3535,0.3564,-0.5767,33.354,-10.061,-78.963,2,90
0.3481,0.3511,-0.5801,35.793,-10.488,-80.061,2,90
0.3467,0.3511,-0.5762,37.683,-10.732,-81.524,2,90
0.3438,0.3486,-0.5806,39.756,-10.915,-82.561,2,90
0.3398,0.3452,-0.5913,41.585,-11.220,-83.841,2,90
-0.9375,-0.4468,-0.1074,20.671,18.293,19.817,3,42
-0.9307,-0.4639,-0.1147,21.341,19.573,21.280,3,42
-0.9355,-0.4678,-0.1255,22.927,21.098,23.293,3,42
-0.9331,-0.4644,-0.1465,23.841,22.561,24.756,3,42
-0.9346,-0.4580,-0.1475,24.512,23.659,26.037,3,42
-0.9502,-0.4341,-0.1465,24.939,24.939,27.683,3,42
-0.9443,-0.4233,-0.1392,25.000,25.915,28.902,3,42
-0.9526,-0.4131,-0.1133,25.305,27.073,30.122,3,42
0.3452,0.3433,-0.5801,43.598,-11.037,-84.756,2,90
0.3442,0.3428,-0.5903,45.488,-10.854,-85.793,2,90
0.3442,0.3516,-0.5962,47.378,-10.854,-86.768,2,90
0.3467,0.3457,-0.5889,48.963,-10.366,-87.561,2,90
0.3442,0.3442,-0.5781,50.122,-9.878,-88.354,2,90
0.3540,0.3433,-0.5776,51.037,-10.061,-89.024,2,90
0.3560,0.3477,-0.5737,51.829,-9.268,-89.878,2,90
0.3438,0.3467,-0.5698,52.683,-9.207,-90.488,2,90
-0.9658,-0.4150,-0.0947,24.939,28.476,31.768,3,42
-0.9697,-0.4141,-0.0796,24.756,29.756,33.293,3,42
-0.9751,-0.4106,-0.0591,24.512,31.037,35.122,3,42
-0.9785,-0.4053,-0.0337,22.988,32.378,36.341,3,42
-0.9873,-0.4170,-0.0190,22.073,33.171,37.378,3,42
-0.9839,-0.4131,-0.0005,20.305,34.207,38.537,3,42
-0.9868,-0.4189,0.0024,18.537,34.939,39.634,3,42
-0.9824,-0.4209,-0.0015,16.646,35.549,40.732,3,42
0.3550,0.3486,-0.5620,54.024,-8.354,-91.585,2,90
0.3574,0.3467,-0.5620,54.207,-8.354,-91.951,2,90
0.3657,0.3433,-0.5669,55.061,-7.927,-92.622,2,90
0.3760,0.3403,-0.5635,55.488,-7.744,-93.659,2,90
0.3750,0.3418,-0.5645,56.463,-7.134,-94.329,2,90
0.3818,0.3374,-0.5601,57.012,-6.463,-94.939,2,90
0.3882,0.3306,-0.5566,57.805,-6.341,-96.037,2,90
0.3916,0.3374,-0.5625,58.841,-5.610,-96.585,2,90
-0.9819,-0.4302,-0.0054,14.634,36.402,41.890,3,42
-0.9766,-0.4370,-0.0151,12.927,37.317,43.232,3,42
-0.9751,-0.4434,-0.0317,11.402,38.232,43.902,3,42
-0.9771,-0.4517,-0.0303,9.390,38.841,45.305,3,42
-0.9800,-0.4434,-0.0356,7.500,40.122,46.585,3,42
-0.9761,-0.4468,-0.0352,5.549,40.854,47.927,3,42
-0.9751,-0.4482,-0.0347,3.171,41.524,49.512,3,42
-0.9668,-0.4531,-0.0376,0.488,42.195,51.098,3,42
0.4028,0.3286,-0.5664,60.000,-5.000,-97.988,2,90
0.4043,0.3252,-0.5581,61.159,-4.207,-98.841,2,90
0.4116,0.3228,-0.5688,61.768,-3.902,-99.512,2,90
0.4175,0.3179,-0.5630,62.622,-3.232,-100.427,2,90
0.4238,0.3198,-0.5635,63.415,-2.500,-101.463,2,90
0.4326,0.3188,-0.5708,64.573,-1.768,-102.500,2,90
0.4336,0.3267,-0.5742,65.549,-1.037,-103.537,2,90
0.4424,0.3296,-0.5864,67.134,-0.244,-104.390,2,90
-0.9746,-0.4688,-0.0288,-2.561,42.866,52.805,3,42
-0.9683,-0.4917,-0.0425,-5.366,44.024,54.756,3,42
-0.9771,-0.5112,-0.0732,-7.744,45.000,56.463,3,42
-0.9854,-0.5381,-0.1001,-9.451,46.646,58.293,3,42
-0.9897,-0.5645,-0.1074,-9.268,49.146,59.695,3,42
-0.9946,-0.5811,-0.1104,-7.500,52.500,61.951,3,42
-0.9897,-0.5898,-0.0854,-4.146,56.341,64.634,3,42
-0.9761,-0.5640,-0.0542,-0.061,60.061,67.622,3,42
0.4443,0.3335,-0.5771,68.415,0.976,-105.915,2,90
0.4429,0.3423,-0.5864,69.207,1.585,-106.768,2,90
0.4438,0.3442,-0.5898,70.183,2.500,-107.073,2,90
0.4404,0.3530,-0.5942,71.280,3.415,-107.988,2,90
0.4390,0.3530,-0.5977,72.561,3.841,-108.476,2,90
0.4380,0.3662,-0.6133,73.720,4.573,-108.902,2,90
0.4331,0.3706,-0.6206,75.427,5.488,-109.268,2,90
0.4429,0.3818,-0.6143,77.012,6.220,-108.963,2,90
-0.9409,-0.5156,-0.0508,4.268,63.232,70.976,3,42
-0.9131,-0.4370,-0.0542,7.317,65.366,73.537,3,42
-0.9063,-0.3550,-0.0986,7.561,66.341,75.671,3,42
-0.9312,-0.2969,-0.1440,6.220,66.341,76.646,3,42
-0.9648,-0.2681,-0.1807,4.329,65.854,77.561,3,42
-0.9678,-0.2495,-0.2080,2.622,66.524,77.683,3,42
-0.9312,-0.2339,-0.2100,1.098,66.707,77.439,3,42
-0.8711,-0.2314,-0.2017,-1.220,66.098,76.768,3,42
-0.7300,-1.7100,-0.2266,-7.744,-115.732,-280.061,1,90
-0.7358,-1.7065,-0.2427,-7.012,-115.793,-283.415,1,90
-0.7490,-1.6963,-0.2559,-6.098,-116.646,-286.707,1,90
-0.7471,-1.6865,-0.2886,-5.549,-116.707,-290.366,1,90
-0.7520,-1.6792,-0.2998,-4.939,-116.524,-293.780,1,90
-0.7544,-1.6748,-0.3174,-4.207,-116.646,-297.378,1,90
-0.7593,-1.6704,-0.3413,-3.659,-116.707,-300.915,1,90
-0.7661,-1.6641,-0.3486,-2.927,-115.976,-304.817,1,90
-0.6294,0.6411,-0.0742,70.610,120.305,75.915,4,42
-0.5073,0.8818,-0.3911,60.610,122.927,79.451,4,42
-0.1284,1.8950,-0.7856,22.439,135.793,81.220,4,42
0.8262,5.2402,-3.5967,-117.622,160.671,102.866,4,42
1.9658,3.6587,-7.1528,-235.000,176.585,139.512,4,42
2.7671,3.8667,-4.0078,99.878,69.939,184.634,4,42
1.2593,3.0054,2.4512,67.256,29.939,114.268,4,42
-1.1865,-2.5557,10.3408,32.622,-2.744,-81.341,4,42
-0.7769,-1.6504,-0.3589,-2.134,-116.220,-308.232,1,90
-0.7715,-1.6514,-0.3682,-1.951,-116.463,-311.463,1,90
-0.7822,-1.6440,-0.3877,-1.768,-116.829,-315.000,1,90
-0.7886,-1.6553,-0.4014,-1.341,-116.890,-318.598,1,90
-0.7813,-1.6611,-0.4097,-1.585,-117.561,-322.195,1,90
-0.7876,-1.6577,-0.4263,-1.402,-118.232,-325.671,1,90
-0.7915,-1.6587,-0.4121,-1.524,-119.024,-329.512,1,90
-0.7979,-1.6553,-0.4302,-2.622,-119.573,-332.866,1,90
-2.8223,-4.2749,15.9995,263.476,-60.549,-253.659,4,42
-2.6348,-1.2725,15.8589,315.122,-355.549,-283.780,4,42
-2.9683,0.4756,9.0073,70.549,-608.841,-113.598,4,42
-4.5884,-3.0874,-0.0796,-157.256,-379.573,-22.134,4,42
-4.4233,-4.7471,2.4565,164.756,-84.207,29.207,4,42
-2.0117,-4.4448,7.6045,453.720,-155.122,87.561,4,42
0.5996,-2.2949,8.8369,355.671,-208.598,31.890,4,42
2.1299,-0.8867,7.6855,235.671,-199.085,-40.793,4,42
-0.8062,-1.6436,-0.4404,-3.841,-120.122,-336.585,1,90
-0.8159,-1.6436,-0.4546,-5.671,-120.915,-339.695,1,90
-0.8076,-1.6313,-0.4707,-7.317,-121.098,-342.805,1,90
-0.8232,-1.6191,-0.4863,-9.878,-121.280,-347.744,1,90
-0.8267,-1.6147,-0.4902,-10.915,-121.280,-349.085,1,90
-0.8276,-1.6055,-0.5146,-13.659,-120.915,-353.232,1,90
-0.8384,-1.6001,-0.5254,-15.488,-120.366,-355.488,1,90
-0.8384,-1.5835,-0.5337,-17.805,-119.756,-357.866,1,90
1.4995,-1.1665,6.5723,240.122,-165.671,-60.183,4,42
0.1177,-1.5962,6.1064,307.073,-144.817,-50.122,4,42
-0.9258,-1.1758,4.5674,341.707,-130.671,-29.024,4,42
-1.9238,-1.3008,2.2412,302.134,-97.805,-15.854,4,42
-2.4961,-1.3159,0.0015,255.976,-71.098,-17.195,4,42
-3.1416,-1.2012,-1.3838,217.927,-61.951,-11.098,4,42
-4.1260,-0.8086,-2.7617,143.293,-50.671,3.293,4,42
-4.9736,-0.6968,-3.7329,63.171,-55.244,13.049,4,42
0.5107,0.5742,-0.5562,112.683,16.585,-87.866,2,90
0.5264,0.5693,-0.5615,111.951,16.341,-86.524,2,90
0.5425,0.5713,-0.5659,111.829,16.402,-85.305,2,90
0.5518,0.5693,-0.5625,110.671,16.829,-84.146,2,90
0.5742,0.5625,-0.5615,109.634,16.524,-83.232,2,90
0.5913,0.5586,-0.5615,108.110,17.073,-82.439,2,90
0.6123,0.5557,-0.5576,106.341,17.500,-81.524,2,90
0.6387,0.5576,-0.5562,104.085,18.110,-81.159,2,90
0.6582,0.5596,-0.5635,101.768,18.659,-80.488,2,90
0.6846,0.5620,-0.5679,99.085,19.390,-80.061,2,90
0.7129,0.5654,-0.5820,96.280,20.366,-79.573,2,90
0.7432,0.5747,-0.5952,93.354,21.463,-79.329,2,90
0.7739,0.5762,-0.6035,90.305,22.378,-78.659,2,90
0.8076,0.5938,-0.6206,87.195,23.476,-78.232,2,90
0.8433,0.5972,-0.6226,83.963,24.695,-77.439,2,90
0.8716,0.6152,-0.6445,80.793,25.976,-77.317,2,90
-0.7944,-0.0601,-0.4033,-65.000,36.585,42.500,3,42
-0.8252,-0.1777,-0.3696,-68.963,33.659,41.159,3,42
-0.8818,-0.2734,-0.3359,-74.268,30.122,40.366,3,42
-0.9551,-0.3398,-0.3306,-78.841,28.049,40.854,3,42
-1.0308,-0.3887,-0.3208,-82.622,26.341,41.341,3,42
-1.0967,-0.4053,-0.3130,-85.183,25.183,42.073,3,42
-1.1313,-0.3940,-0.2983,-86.098,25.671,42.500,3,42
-1.1567,-0.3643,-0.2788,-85.427,26.585,42.927,3,42
-0.9561,-1.4297,-0.6631,-71.707,-97.683,-349.817,1,90
-0.9575,-1.4126,-0.6738,-75.122,-95.305,-346.402,1,90
-0.9668,-1.4014,-0.6875,-78.537,-92.622,-342.744,1,90
-0.9629,-1.3872,-0.7056,-81.951,-90.183,-338.476,1,90
-0.9653,-1.3740,-0.7266,-85.976,-87.988,-333.720,1,90
-0.9814,-1.3506,-0.7441,-89.390,-86.037,-328.902,1,90
-0.9810,-1.3403,-0.7671,-93.232,-83.963,-323.110,1,90
-1.0044,-1.3105,-0.7886,-97.134,-82.378,-317.500,1,90
1.0181,0.7227,-0.7729,56.646,30.671,-79.939,2,90
1.0034,0.7358,-0.7905,54.756,30.732,-79.756,2,90
1.0010,0.7495,-0.8174,53.354,30.427,-79.512,2,90
0.9941,0.7676,-0.8345,51.341,30.366,-79.024,2,90
0.9976,0.7803,-0.8579,49.146,30.732,-77.927,2,90
0.9976,0.7891,-0.8799,46.341,31.707,-76.402,2,90
1.0122,0.7974,-0.8828,43.110,33.293,-74.512,2,90
1.0347,0.8042,-0.9136,40.305,35.366,-71.768,2,90
-1.1733,0.4272,-0.2896,-30.793,40.366,40.061,3,42
-0.9155,0.8379,-0.2251,-21.646,41.280,41.463,3,42
-0.8389,0.9927,-0.0342,-12.500,38.720,44.817,3,42
-0.8076,0.9492,0.0742,-0.793,39.573,43.659,3,42
-0.6968,0.7373,0.0864,12.012,42.927,40.183,3,42
-0.4473,0.6538,0.1362,17.744,42.866,38.537,3,42
-0.4175,0.5625,0.1216,23.110,39.634,38.780,3,42
-0.4653,0.5474,-0.0269,28.598,38.841,38.415,3,42
-1.2695,-0.7627,-0.8301,-118.963,-72.439,-245.854,1,90
-1.2969,-0.6899,-0.8389,-118.902,-69.939,-237.134,1,90
-1.3110,-0.6123,-0.8687,-119.024,-67.500,-228.476,1,90
-1.3335,-0.5386,-0.8960,-119.695,-64.817,-219.329,1,90
-1.3447,-0.4614,-0.9233,-119.268,-60.793,-210.000,1,90
-1.3511,-0.3765,-0.9390,-117.622,-56.402,-200.488,1,90
-1.3535,-0.2842,-0.9370,-115.488,-51.159,-190.671,1,90
-1.3457,-0.1865,-0.9248,-112.683,-45.915,-180.671,1,90
-1.3257,-0.1025,-0.9097,-109.146,-40.183,-170.244,1,90
-1.3066,-0.0005,-0.9019,-105.671,-35.305,-159.817,1,90
-1.2778,0.0874,-0.8965,-101.951,-30.915,-148.841,1,90
-1.2500,0.1685,-0.9019,-97.927,-26.585,-137.500,1,90
-1.2231,0.2544,-0.9048,-94.451,-23.110,-125.854,1,90
-1.1973,0.3267,-0.8994,-90.000,-20.488,-112.988,1,90
-1.1748,0.3735,-0.9082,-85.183,-17.744,-100.183,1,90
-1.1514,0.4141,-0.8970,-78.171,-14.939,-87.195,1,90
-0.7178,-0.4414,-0.7681,63.780,27.073,1.646,3,42
-0.6992,-0.4790,-0.7534,62.073,24.451,-0.061,3,42
-0.6870,-0.5210,-0.7349,58.354,18.963,-3.232,3,42
-0.6851,-0.5469,-0.7476,54.573,14.329,-7.012,3,42
-0.6709,-0.5308,-0.7622,50.610,10.488,-10.610,3,42
-0.6650,-0.4912,-0.7471,47.134,6.768,-13.720,3,42
-0.6675,-0.4277,-0.7285,43.902,3.171,-16.402,3,42
-0.6807,-0.3335,-0.6885,41.402,-0.488,-18.841,3,42
1.6763,0.6211,-0.8281,-62.256,35.366,-12.622,2,90
1.7061,0.6143,-0.8164,-70.610,35.122,-8.049,2,90
1.7124,0.6172,-0.8003,-78.780,34.451,-4.268,2,90
1.7266,0.6152,-0.7783,-87.073,33.354,-0.976,2,90
1.7256,0.6201,-0.7422,-94.695,31.463,1.829,2,90
1.7251,0.6245,-0.7285,-101.341,28.537,4.146,2,90
1.7095,0.6421,-0.7046,-106.829,24.756,5.671,2,90
1.6865,0.6631,-0.6895,-112.256,20.488,7.073,2,90
-1.0791,0.4092,-0.8882,-27.073,15.854,14.207,1,90
-1.0718,0.4023,-0.8726,-26.768,17.195,18.415,1,90
-1.0747,0.3970,-0.8530,-26.951,19.756,27.317,1,90
-1.0713,0.3784,-0.8340,-27.805,22.378,40.549,1,90
-1.0640,0.3799,-0.8228,-29.573,24.390,49.756,1,90
-1.0674,0.3828,-0.8188,-32.317,26.098,58.902,1,90
-1.0620,0.3955,-0.8223,-34.939,28.049,68.171,1,90
-1.0625,0.4028,-0.8188,-37.988,30.183,77.134,1,90
-0.8081,0.2246,-0.3008,41.037,-22.378,-33.963,3,42
-0.8623,0.2104,-0.2852,43.293,-22.683,-34.878,3,42
-0.9087,0.1997,-0.2729,45.366,-22.866,-35.671,3,42
-0.9282,0.1914,-0.2495,48.049,-23.537,-36.280,3,42
-0.9697,0.1504,-0.2197,50.122,-24.695,-36.707,3,42
-1.0181,0.0986,-0.2095,52.073,-24.451,-37.622,3,42
-1.0854,0.0435,-0.2144,53.354,-24.695,-38.902,3,42
-1.1221,-0.0190,-0.2310,54.451,-24.695,-40.183,3,42
1.2783,1.0283,-0.8813,-131.341,-23.537,28.841,2,90
1.2344,1.0693,-0.8955,-130.427,-26.159,33.476,2,90
1.1919,1.0957,-0.9106,-128.780,-28.963,38.476,2,90
1.1660,1.1230,-0.9204,-127.195,-31.585,43.841,2,90
1.1328,1.1401,-0.9263,-124.146,-33.902,49.268,2,90
1.1216,1.1494,-0.9272,-119.878,-36.037,54.573,2,90
1.1030,1.1548,-0.9248,-115.793,-38.293,60.488,2,90
1.0928,1.1509,-0.9302,-110.671,-40.671,66.037,2,90
-1.1455,-0.0830,-0.2373,56.037,-24.024,-42.012,3,42
-1.1509,-0.1230,-0.2231,56.159,-23.354,-43.537,3,42
-1.1460,-0.1406,-0.2222,55.305,-23.049,-44.878,3,42
-1.1367,-0.1406,-0.2148,54.451,-22.927,-45.671,3,42
-1.1279,-0.1333,-0.2197,54.207,-22.622,-46.768,3,42
-1.1333,-0.1167,-0.2207,53.110,-22.256,-47.134,3,42
-1.1279,-0.1025,-0.2139,51.829,-22.317,-48.293,3,42
-1.1294,-0.0811,-0.1987,51.402,-21.890,-48.598,3,42
-1.1196,-0.0513,-0.1914,51.280,-21.159,-49.024,3,42
-1.0762,-0.0405,-0.1865,51.890,-20.610,-49.207,3,42
-1.0386,-0.0518,-0.2021,52.683,-19.573,-49.756,3,42
-1.0112,-0.0767,-0.2104,53.476,-18.598,-50.061,3,42
-0.9976,-0.1079,-0.2305,53.537,-17.317,-50.427,3,42
-1.0010,-0.1328,-0.2524,54.512,-16.098,-51.524,3,42
-0.9971,-0.1606,-0.2920,54.878,-15.061,-52.195,3,42
-0.9834,-0.2046,-0.3281,54.634,-14.390,-53.171,3,42
-0.8521,0.4517,-0.7056,1.220,63.659,212.195,1,90
-0.8433,0.4106,-0.6860,6.585,65.122,218.537,1,90
-0.8252,0.3716,-0.6924,11.890,66.646,224.573,1,90
-0.8218,0.3198,-0.6738,17.073,68.171,230.671,1,90
-0.8081,0.2754,-0.6660,21.524,69.878,236.402,1,90
-0.7939,0.2222,-0.6650,24.268,71.524,241.890,1,90
-0.7842,0.1709,-0.6572,26.341,73.171,247.378,1,90
-0.7715,0.1108,-0.6577,27.805,75.427,252.744,1,90
-0.9663,-0.2417,-0.3521,53.841,-14.024,-53.780,3,42
-0.9570,-0.2769,-0.3618,51.768,-14.512,-54.085,3,42
-0.9463,-0.3013,-0.3599,47.866,-15.366,-54.817,3,42
-0.9189,-0.3203,-0.3491,43.720,-17.073,-55.061,3,42
-0.8916,-0.3335,-0.3320,38.232,-19.207,-55.610,3,42
-0.8750,-0.3374,-0.3159,32.256,-22.073,-55.488,3,42
-0.8867,-0.3223,-0.3091,25.732,-25.305,-55.366,3,42
-0.9126,-0.3096,-0.2974,20.793,-28.780,-54.756,3,42
-0.7529,0.0220,-0.6504,29.329,78.415,260.610,1,90
-0.7417,-0.0405,-0.6436,29.878,80.915,265.549,1,90
-0.7334,-0.0752,-0.6436,30.000,82.134,268.293,1,90
-0.7266,-0.1602,-0.6382,30.061,85.854,275.244,1,90
-0.7197,-0.2256,-0.6211,28.902,88.902,279.512,1,90
-0.7104,-0.2729,-0.6113,27.195,92.317,283.902,1,90
-0.6978,-0.3359,-0.6099,25.244,95.976,287.866,1,90
-0.7017,-0.3936,-0.6021,23.720,99.268,291.280,1,90
-1.6064,-0.2646,0.4097,-268.232,130.244,-21.037,4,42
-1.2422,-0.3398,0.6357,-272.073,126.829,-30.366,4,42
-1.3589,-0.4453,0.8618,-277.744,124.695,-37.744,4,42
-0.9805,-0.5039,0.9785,-278.963,109.695,-41.402,4,42
-1.1831,-0.5137,1.2578,-278.049,84.085,-42.195,4,42
-1.2075,-0.3667,1.1455,-282.622,69.146,-54.024,4,42
-2.2437,-0.5479,1.1753,-272.683,39.512,-51.646,4,42
-2.6826,-0.5674,1.0332,-250.488,10.732,-56.951,4,42
0.9497,0.6235,-0.4028,-33.841,-59.512,148.354,2,90
0.9106,0.6006,-0.4033,-32.744,-60.122,150.488,2,90
0.8618,0.5830,-0.3901,-31.768,-60.488,152.622,2,90
0.8213,0.5601,-0.3716,-30.976,-60.793,154.939,2,90
0.7798,0.5293,-0.3667,-30.610,-60.976,157.683,2,90
0.7476,0.5063,-0.3589,-29.878,-60.671,159.939,2,90
0.7144,0.4785,-0.3481,-29.756,-60.244,162.988,2,90
0.6836,0.4531,-0.3457,-30.366,-59.756,165.488,2,90
-2.5278,-0.4507,0.8857,-237.988,9.512,-70.000,4,42
-2.3228,-0.4048,0.8950,-225.122,19.329,-84.512,4,42
-2.2124,-0.4854,0.9043,-201.585,24.451,-95.122,4,42
-1.9961,-0.7041,0.9487,-157.256,16.707,-100.305,4,42
-1.6509,-0.6284,1.0059,-114.817,-0.610,-100.671,4,42
-1.2349,-0.4131,0.9243,-92.927,-17.988,-96.402,4,42
-0.6016,-0.1934,0.7178,-84.878,-27.866,-93.598,4,42
-0.4517,0.0049,0.4712,-78.049,-27.500,-93.780,4,42
-0.6660,-0.8730,-0.3364,-35.915,121.646,309.878,1,90
-0.6577,-0.9048,-0.3125,-42.439,120.915,311.037,1,90
-0.6445,-0.9204,-0.3047,-48.354,119.573,312.134,1,90
-0.6304,-0.9414,-0.2817,-54.756,117.988,313.659,1,90
-0.6143,-0.9385,-0.2734,-60.671,116.220,315.122,1,90
-0.6025,-0.9526,-0.2583,-65.854,113.841,316.707,1,90
-0.5923,-0.9375,-0.2437,-71.585,111.585,318.841,1,90
-0.5840,-0.9385,-0.2368,-77.256,109.512,320.488,1,90
-0.5864,-0.9404,-0.2212,-83.171,107.378,322.256,1,90
-0.5776,-0.9424,-0.2109,-88.841,105.427,324.329,1,90
-0.5815,-0.9673,-0.2114,-95.976,103.537,326.159,1,90
-0.5825,-0.9995,-0.1943,-102.622,102.134,328.049,1,90
-0.6035,-1.0586,-0.1885,-109.390,100.244,329.756,1,90
-0.6108,-1.1094,-0.1738,-115.915,98.171,331.646,1,90
-0.6274,-1.1841,-0.1587,-122.927,95.854,333.171,1,90
-0.6416,-1.2593,-0.1475,-129.268,93.354,334.817,1,90
-1.2563,1.5698,1.6475,-131.159,-40.549,-91.341,4,42
-1.4878,1.2759,1.7285,-135.549,-81.646,-91.402,4,42
-1.5869,0.8213,1.6265,-130.915,-115.000,-102.378,4,42
-1.5571,0.4414,1.5093,-124.207,-134.085,-120.549,4,42
-1.4536,0.1826,1.4009,-120.061,-142.073,-136.402,4,42
-1.2944,-0.0171,1.3135,-120.671,-142.866,-146.280,4,42
-1.1548,-0.1357,1.2319,-124.390,-138.293,-150.549,4,42
-1.0537,-0.2002,1.1431,-130.976,-130.976,-151.463,4,42
-0.6621,-1.3647,-0.1362,-137.561,89.390,336.829,1,90
-0.6782,-1.4272,-0.1201,-142.500,86.463,337.561,1,90
-0.7007,-1.4868,-0.1084,-146.890,83.659,338.293,1,90
-0.7056,-1.5381,-0.1021,-150.183,80.976,338.659,1,90
-0.7300,-1.5845,-0.1030,-152.378,78.659,338.415,1,90
-0.7227,-1.6157,-0.0874,-153.902,76.646,337.866,1,90
-0.7314,-1.6489,-0.0991,-152.927,74.817,336.646,1,90
-0.7178,-1.6729,-0.1084,-151.159,74.085,334.512,1,90
0.1890,0.4067,-0.3579,-61.768,-20.671,172.744,2,90
0.1772,0.4053,-0.3516,-60.671,-19.756,171.585,2,90
0.1533,0.4048,-0.3599,-58.963,-18.902,170.122,2,90
0.1450,0.4043,-0.3569,-56.890,-18.049,168.598,2,90
0.1328,0.4048,-0.3711,-54.085,-17.683,167.012,2,90
0.1162,0.3999,-0.3867,-51.220,-16.463,165.366,2,90
0.1152,0.3965,-0.3818,-47.805,-16.341,163.902,2,90
0.1021,0.3936,-0.3901,-44.512,-15.427,162.378,2,90
-0.9458,-0.2197,-0.1787,11.768,-49.634,-41.646,3,42
-0.9370,-0.2295,-0.1914,11.524,-49.573,-42.012,3,42
-0.9448,-0.2446,-0.1831,11.220,-49.146,-42.805,3,42
-0.9375,-0.2642,-0.1714,11.159,-48.293,-43.171,3,42
-0.9429,-0.2715,-0.1563,10.610,-48.049,-43.537,3,42
-0.9434,-0.2891,-0.1382,9.939,-47.744,-43.537,3,42
-0.9341,-0.3037,-0.1377,8.537,-47.683,-43.841,3,42
-0.9434,-0.3042,-0.1445,7.195,-48.110,-43.963,3,42
0.0913,0.3931,-0.3818,-41.463,-14.756,160.671,2,90
0.0762,0.3843,-0.3921,-38.232,-13.354,158.841,2,90
0.0669,0.3711,-0.3896,-35.366,-12.378,157.317,2,90
0.0649,0.3687,-0.3853,-32.622,-11.159,155.366,2,90
0.0605,0.3496,-0.3872,-29.695,-9.756,153.780,2,90
0.0513,0.3335,-0.3936,-27.073,-8.598,152.134,2,90
0.0439,0.3242,-0.3853,-24.024,-7.378,150.610,2,90
0.0381,0.3120,-0.3955,-21.707,-6.280,148.659,2,90
-0.9482,-0.2983,-0.1226,5.183,-48.902,-44.695,3,42
-0.9565,-0.2974,-0.1079,3.049,-48.841,-44.756,3,42
-0.9531,-0.3223,-0.1509,1.463,-48.780,-45.000,3,42
-0.9731,-0.3433,-0.1279,2.256,-46.951,-45.427,3,42
-0.9780,-0.3413,-0.0996,5.061,-43.780,-45.427,3,42
-0.9648,-0.3086,-0.1050,5.244,-43.293,-45.610,3,42
-0.9370,-0.2900,-0.1240,2.012,-44.939,-46.098,3,42
-0.9312,-0.2905,-0.1309,0.610,-45.366,-46.402,3,42
0.0322,0.2847,-0.3940,-18.476,-4.451,145.793,2,90
0.0376,0.2769,-0.3877,-17.683,-3.780,144.817,2,90
0.0273,0.2583,-0.3799,-15.854,-2.439,143.110,2,90
0.0239,0.2495,-0.3804,-14.573,-1.280,141.037,2,90
0.0273,0.2319,-0.3755,-13.293,1.220,138.049,2,90
0.0322,0.2168,-0.3760,-12.744,2.744,135.854,2,90
0.0317,0.2144,-0.3721,-12.500,3.415,134.817,2,90
0.0342,0.2026,-0.3750,-12.744,4.939,132.988,2,90
-0.9458,-0.2856,-0.1309,-0.915,-45.366,-47.012,3,42
-0.9478,-0.2827,-0.1353,-3.963,-46.341,-48.049,3,42
-0.9458,-0.2969,-0.1221,-6.585,-47.195,-48.902,3,42
-0.9521,-0.3188,-0.1182,-7.195,-46.951,-49.329,3,42
-0.9570,-0.3276,-0.1016,-7.744,-46.951,-49.390,3,42
-0.9570,-0.3228,-0.1177,-9.390,-47.988,-49.756,3,42
-0.9536,-0.3345,-0.1138,-12.500,-49.329,-50.000,3,42
-0.9453,-0.3496,-0.1255,-13.780,-49.512,-50.000,3,42
0.0415,0.1880,-0.3682,-13.110,6.829,129.390,2,90
0.0532,0.1802,-0.3696,-13.841,8.232,127.073,2,90
0.0566,0.1641,-0.3696,-15.183,9.512,124.939,2,90
0.0708,0.1587,-0.3730,-15.915,11.463,122.866,2,90
0.0825,0.1538,-0.3789,-16.646,12.683,120.610,2,90
0.0854,0.1431,-0.3779,-17.866,14.451,118.354,2,90
0.0991,0.1362,-0.3862,-18.780,15.549,116.037,2,90
0.1094,0.1284,-0.3950,-20.000,17.134,113.659,2,90
-0.9512,-0.3594,-0.1206,-15.671,-49.817,-50.122,3,42
-0.9492,-0.3721,-0.1230,-17.378,-50.000,-50.244,3,42
-0.9438,-0.3770,-0.1157,-19.573,-50.610,-50.671,3,42
-0.9360,-0.3921,-0.1216,-22.073,-50.976,-50.671,3,42
-0.9443,-0.3970,-0.1172,-24.207,-51.524,-50.549,3,42
-0.9370,-0.4092,-0.1099,-25.793,-51.768,-50.061,3,42
-0.9424,-0.4072,-0.0942,-28.780,-51.829,-49.634,3,42
-0.9463,-0.4136,-0.0762,-31.463,-51.402,-49.268,3,42
0.1221,0.1240,-0.3823,-21.524,18.171,111.524,2,90
0.1289,0.1284,-0.3975,-23.293,19.085,108.963,2,90
0.1421,0.1172,-0.3804,-25.000,20.122,106.829,2,90
0.1465,0.1079,-0.3906,-26.585,20.427,104.024,2,90
0.1558,0.1060,-0.3833,-28.476,20.976,101.463,2,90
0.1616,0.1113,-0.3804,-30.061,21.463,98.841,2,90
0.1777,0.1050,-0.3726,-32.073,22.012,96.037,2,90
0.1792,0.1069,-0.3628,-34.085,22.317,93.232,2,90
-0.9468,-0.4282,-0.0596,-34.451,-50.488,-48.110,3,42
-0.9331,-0.4419,-0.0796,-35.061,-50.366,-47.805,3,42
-0.9224,-0.4561,-0.0962,-37.500,-50.610,-47.195,3,42
-0.9194,-0.4756,-0.0923,-39.512,-49.817,-46.585,3,42
-0.9146,-0.4800,-0.0898,-41.159,-49.695,-46.341,3,42
-0.9097,-0.4902,-0.1060,-44.268,-50.366,-45.854,3,42
-0.9033,-0.4927,-0.1050,-47.561,-51.159,-45.305,3,42
-0.9053,-0.5015,-0.0908,-49.146,-51.098,-44.573,3,42
0.1919,0.1104,-0.3594,-35.671,22.622,90.488,2,90
0.1968,0.1162,-0.3682,-37.744,22.988,87.500,2,90
0.1992,0.1240,-0.3564,-39.451,23.110,84.512,2,90
0.2104,0.1348,-0.3667,-41.463,23.354,81.646,2,90
0.2070,0.1357,-0.3691,-42.561,23.537,78.780,2,90
0.2095,0.1484,-0.3740,-44.085,23.659,75.976,2,90
0.2100,0.1592,-0.3765,-44.939,23.720,73.110,2,90
0.2109,0.1782,-0.3794,-45.488,24.207,70.183,2,90
-0.9077,-0.4873,-0.1094,-50.244,-50.732,-42.927,3,42
-0.9111,-0.4761,-0.1270,-50.793,-50.976,-42.622,3,42
-0.9092,-0.4653,-0.1577,-51.585,-50.671,-42.012,3,42
-0.9033,-0.4551,-0.1924,-50.427,-49.817,-41.768,3,42
-0.9058,-0.4395,-0.1978,-48.354,-48.171,-41.280,3,42
-0.9121,-0.4048,-0.2134,-47.134,-46.707,-41.098,3,42
-0.9209,-0.3779,-0.2021,-44.024,-45.061,-39.756,3,42
-0.9453,-0.3369,-0.1724,-41.098,-43.110,-38.354,3,42
0.5884,-1.6821,-0.1543,155.122,58.049,91.463,1,90
0.6230,-1.6694,-0.1392,155.000,57.317,86.524,1,90
0.6621,-1.6582,-0.1323,154.329,56.220,82.073,1,90
0.7056,-1.6509,-0.1289,152.988,54.268,77.561,1,90
0.7402,-1.6401,-0.1172,151.037,52.378,73.049,1,90
0.7847,-1.6445,-0.1226,149.207,50.122,68.720,1,90
0.8306,-1.6338,-0.1279,146.524,48.110,64.695,1,90
0.8608,-1.6357,-0.1372,143.354,45.671,60.488,1,90
1.6143,4.6055,-3.7417,25.427,-351.585,126.098,4,42
1.4351,4.1504,-3.3213,141.951,-319.817,101.037,4,42
1.4663,3.3535,-2.3481,228.537,-270.000,71.646,4,42
1.4287,2.5195,-1.5640,276.098,-218.841,38.537,4,42
1.3521,1.7627,-1.0576,299.939,-172.744,7.256,4,42
1.2993,1.0923,-0.7554,303.415,-138.415,-18.049,4,42
1.2280,0.5474,-0.5693,291.098,-118.171,-37.256,4,42
1.0962,-0.0391,-0.4761,278.110,-110.244,-47.927,4,42
0.9150,-1.6460,-0.1636,137.744,42.134,54.695,1,90
0.9395,-1.6523,-0.1768,134.146,38.841,51.220,1,90
0.9614,-1.6548,-0.1909,130.366,35.183,47.866,1,90
0.9795,-1.6533,-0.1982,126.098,30.915,44.573,1,90
0.9863,-1.6494,-0.2124,121.524,27.073,41.646,1,90
0.9897,-1.6445,-0.2290,116.463,23.476,38.902,1,90
0.9951,-1.6367,-0.2456,110.793,19.634,36.037,1,90
0.9937,-1.6304,-0.2480,105.732,16.220,34.024,1,90
0.9219,-0.4932,-0.4097,264.024,-107.927,-65.854,4,42
0.7427,-0.8613,-0.4492,237.744,-110.976,-81.890,4,42
0.5640,-1.1709,-0.5542,194.756,-119.390,-91.402,4,42
0.3198,-1.3643,-0.7622,143.415,-136.341,-92.012,4,42
0.2197,-1.4551,-1.1440,83.293,-163.049,-82.195,4,42
0.4897,-1.3906,-1.6108,33.902,-184.878,-63.841,4,42
1.0444,-1.3311,-2.0923,18.476,-185.854,-44.695,4,42
1.4751,-1.2842,-2.3867,34.268,-166.159,-28.415,4,42
0.9976,-1.6323,-0.2695,100.427,13.110,32.012,1,90
0.9893,-1.6235,-0.2734,94.512,10.488,30.061,1,90
0.9878,-1.6216,-0.2866,88.780,8.232,28.293,1,90
0.9829,-1.6108,-0.3154,82.988,6.646,26.037,1,90
0.9741,-1.6045,-0.3315,76.768,5.061,24.695,1,90
0.9717,-1.5967,-0.3496,71.098,4.024,22.744,1,90
0.9658,-1.5933,-0.3613,65.061,2.866,21.524,1,90
0.9512,-1.5835,-0.3779,59.451,1.951,19.756,1,90
1.3735,-1.1787,-2.4253,95.671,-133.841,-15.122,4,42
0.9614,-0.9590,-2.1782,194.146,-96.707,-0.305,4,42
0.2593,-0.7324,-1.8799,287.866,-66.280,8.415,4,42
-0.4321,-0.5161,-1.7163,331.524,-45.915,6.707,4,42
-0.8501,-0.3906,-1.6660,317.195,-30.732,-7.073,4,42
-0.9722,-0.3799,-1.6602,268.415,-18.780,-28.171,4,42
-0.8335,-0.3672,-1.6411,210.671,-12.744,-49.390,4,42
-0.5039,-0.3477,-1.6758,161.280,-12.622,-62.805,4,42
0.9375,-1.5708,-0.3901,53.902,0.732,18.415,1,90
0.9346,-1.5688,-0.3862,48.598,-0.183,16.951,1,90
0.9258,-1.5571,-0.3926,42.988,-1.463,15.488,1,90
0.9146,-1.5464,-0.3926,37.988,-2.195,13.598,1,90
0.9063,-1.5396,-0.3975,32.866,-3.720,12.317,1,90
0.8916,-1.5322,-0.4004,27.866,-4.207,10.427,1,90
0.8882,-1.5239,-0.4033,22.988,-5.122,8.415,1,90
0.8765,-1.5205,-0.3926,18.720,-6.159,6.280,1,90
-0.1758,-0.3335,-1.7915,127.378,-16.890,-67.317,4,42
0.0811,-0.2705,-1.9478,108.415,-22.561,-63.902,4,42
0.2261,-0.1519,-2.1211,99.817,-27.744,-54.390,4,42
0.2446,-0.0078,-2.2578,99.939,-31.890,-41.220,4,42
0.1797,0.1646,-2.3384,104.268,-36.463,-24.939,4,42
0.0850,0.4150,-2.3379,109.573,-41.768,-6.707,4,42
-0.0259,0.6118,-2.2734,113.415,-49.512,12.134,4,42
-0.1235,0.7817,-2.1865,119.390,-58.963,27.927,4,42
0.8652,-1.5156,-0.3931,13.902,-7.500,4.085,1,90
0.8467,-1.5020,-0.3892,9.756,-8.598,1.524,1,90
0.8403,-1.4937,-0.3799,5.366,-10.305,-1.098,1,90
0.8306,-1.4907,-0.3784,1.037,-11.585,-3.902,1,90
0.8174,-1.4854,-0.3711,-2.744,-13.415,-7.195,1,90
0.8071,-1.4819,-0.3657,-6.707,-14.634,-10.000,1,90
0.7935,-1.4814,-0.3608,-10.122,-16.280,-13.293,1,90
0.7832,-1.4658,-0.3608,-13.415,-17.561,-16.463,1,90
-0.2168,0.8984,-2.0796,125.488,-68.902,40.549,4,42
-0.2998,1.0591,-1.9624,130.122,-78.841,51.463,4,42
-0.3867,1.2720,-1.8545,133.841,-88.902,59.756,4,42
-0.4976,1.4663,-1.8115,138.963,-100.183,65.366,4,42
-0.6411,1.7192,-1.7788,146.524,-112.500,68.171,4,42
-0.8408,2.0483,-1.7578,155.061,-126.098,65.122,4,42
-1.1338,2.3677,-1.6396,159.878,-134.756,55.244,4,42
-1.3813,2.5366,-1.4160,160.976,-131.829,41.829,4,42
0.7681,-1.4634,-0.3599,-17.988,-19.634,-21.341,1,90
0.7671,-1.4590,-0.3535,-20.854,-20.732,-24.634,1,90
0.7534,-1.4536,-0.3438,-23.293,-22.134,-28.354,1,90
0.7451,-1.4419,-0.3306,-25.854,-22.988,-31.524,1,90
0.7432,-1.4385,-0.3315,-28.354,-24.451,-34.573,1,90
0.7437,-1.4233,-0.3291,-30.732,-25.976,-37.744,1,90
0.7378,-1.4248,-0.3188,-32.622,-27.317,-40.854,1,90
0.7397,-1.4170,-0.3169,-34.207,-29.085,-43.841,1,90
-1.5396,2.5474,-1.1650,161.463,-115.427,32.988,4,42
-1.5596,2.3931,-0.9775,163.902,-88.232,34.695,4,42
-1.5234,2.1187,-0.8721,170.671,-53.354,46.707,4,42
-1.5356,1.7568,-0.8652,185.488,-17.683,62.805,4,42
-1.6362,1.3857,-0.9209,207.561,9.207,83.171,4,42
-1.3208,1.1895,-1.2104,214.939,41.646,97.378,4,42
-1.1963,0.9263,-1.4331,210.244,81.707,103.659,4,42
-1.3481,0.6177,-1.4531,214.085,101.037,109.817,4,42
0.7324,-1.4053,-0.3062,-35.854,-30.000,-47.134,1,90
0.7256,-1.3960,-0.3018,-37.073,-31.098,-50.061,1,90
0.7241,-1.3823,-0.2954,-38.171,-32.683,-52.866,1,90
0.7310,-1.3599,-0.2930,-39.024,-33.963,-55.915,1,90
0.7192,-1.3394,-0.2871,-39.634,-35.427,-58.720,1,90
0.7139,-1.3247,-0.2925,-40.305,-36.585,-61.220,1,90
0.7075,-1.3081,-0.2832,-40.427,-37.988,-63.659,1,90
0.7046,-1.2861,-0.2822,-40.122,-38.841,-66.220,1,90
-1.4307,0.4194,-1.1963,228.415,72.622,125.244,4,42
-0.9980,0.0605,-1.3320,230.427,30.488,129.329,4,42
-0.9585,-0.4077,-1.0049,249.695,-17.317,128.659,4,42
-0.4263,-0.9722,-1.0435,287.012,-44.024,118.963,4,42
-0.5708,-1.2666,-0.9683,332.744,-35.244,92.012,4,42
-0.8408,-1.0645,-0.6021,365.061,-35.671,83.963,4,42
-1.0020,-0.9673,-0.3789,370.366,-41.829,84.329,4,42
-0.9429,-0.9863,-0.5186,348.293,-36.951,78.780,4,42
-0.8237,-0.7192,-0.1724,16.585,6.524,-13.415,3,42
-0.8047,-0.7368,-0.1826,15.915,6.768,-10.732,3,42
-0.7959,-0.7505,-0.1885,15.366,7.195,-8.476,3,42
-0.7959,-0.7583,-0.1846,15.488,8.354,-5.976,3,42
-0.8037,-0.7373,-0.1724,15.427,9.268,-3.598,3,42
-0.8018,-0.7134,-0.1782,14.207,8.537,-1.341,3,42
-0.8018,-0.6899,-0.1958,12.927,8.537,0.122,3,42
-0.8081,-0.6563,-0.1895,12.561,8.110,1.707,3,42
0.6357,-1.2856,-0.2661,-28.049,-44.085,-82.744,1,90
0.6235,-1.2905,-0.2783,-26.280,-45.427,-84.390,1,90
0.6079,-1.3052,-0.2808,-24.573,-46.098,-86.220,1,90
0.5879,-1.3130,-0.2798,-22.073,-46.341,-88.171,1,90
0.5835,-1.3149,-0.2749,-20.305,-47.866,-89.756,1,90
0.5635,-1.3267,-0.2832,-17.683,-47.866,-91.585,1,90
0.5400,-1.3423,-0.2832,-15.915,-48.354,-93.537,1,90
0.5200,-1.3530,-0.2808,-12.683,-48.841,-96.524,1,90
0.4941,-1.3589,-0.2769,-10.732,-49.207,-98.537,1,90
0.4834,-1.3638,-0.2710,-8.902,-50.000,-100.793,1,90
0.4741,-1.3677,-0.2686,-7.378,-50.915,-102.927,1,90
0.4536,-1.3794,-0.2690,-5.671,-51.463,-105.366,1,90
0.4365,-1.3789,-0.2734,-4.451,-52.561,-107.317,1,90
0.4272,-1.3823,-0.2783,-2.500,-53.354,-109.756,1,90
0.4219,-1.3921,-0.2822,-1.037,-54.634,-112.256,1,90
0.4004,-1.3926,-0.2813,0.610,-55.305,-114.451,1,90
-0.8940,-0.5273,-0.1348,-4.146,0.671,8.841,3,42
-0.8892,-0.5034,-0.1499,-6.098,-0.793,9.024,3,42
-0.8999,-0.4902,-0.1333,-8.659,-2.317,9.024,3,42
-0.8921,-0.4683,-0.1240,-11.159,-3.841,9.146,3,42
-0.9023,-0.4497,-0.1147,-12.805,-5.000,9.207,3,42
-0.9072,-0.4463,-0.1084,-13.659,-5.366,9.878,3,42
-0.9150,-0.4385,-0.1025,-13.415,-5.671,10.488,3,42
-0.9155,-0.4419,-0.0957,-12.012,-4.695,11.585,3,42
0.3887,0.3691,-0.3105,-0.732,-23.659,-116.890,2,90
0.3799,0.3521,-0.3091,-2.317,-24.390,-119.573,2,90
0.3804,0.3452,-0.2881,-4.329,-25.183,-122.378,2,90
0.3735,0.3418,-0.2822,-6.159,-25.610,-124.817,2,90
0.3755,0.3267,-0.2808,-8.293,-25.915,-127.378,2,90
0.3569,0.3218,-0.2656,-10.427,-26.402,-130.000,2,90
0.3481,0.3179,-0.2705,-12.866,-26.890,-132.683,2,90
0.3438,0.3130,-0.2632,-15.122,-27.561,-134.878,2,90
-0.9277,-0.4414,-0.0732,-10.915,-3.232,11.951,3,42
-0.9438,-0.4458,-0.0732,-9.085,-1.463,13.049,3,42
-0.9370,-0.4238,-0.0708,-7.195,-0.122,13.232,3,42
-0.9390,-0.4058,-0.0615,-5.244,1.220,13.659,3,42
-0.9414,-0.3882,-0.0581,-3.963,2.744,13.780,3,42
-0.9326,-0.3608,-0.0522,-2.866,3.537,13.780,3,42
-0.9512,-0.3457,-0.0615,-1.402,4.634,13.293,3,42
-0.9585,-0.3213,-0.0630,0.793,5.610,13.232,3,42
0.3169,-1.4268,-0.2666,19.634,-63.354,-137.683,1,90
0.3130,-1.4282,-0.2544,21.585,-64.146,-139.939,1,90
0.2910,-1.4419,-0.2539,24.085,-65.000,-141.951,1,90
0.2852,-1.4497,-0.2456,26.280,-65.976,-144.390,1,90
0.2788,-1.4561,-0.2368,28.537,-67.744,-146.524,1,90
0.2700,-1.4604,-0.2388,30.305,-69.024,-148.963,1,90
0.2603,-1.4639,-0.2427,32.073,-70.793,-151.341,1,90
0.2476,-1.4702,-0.2397,34.146,-72.256,-153.598,1,90
-1.7578,-0.0068,-0.4048,243.598,167.195,60.976,4,42
-1.7578,-0.0029,-0.3892,239.024,168.110,61.341,4,42
-1.7607,0.0034,-0.3589,232.988,169.756,61.220,4,42
-1.7515,0.0200,-0.3340,225.610,171.707,60.915,4,42
-1.7485,0.0229,-0.2998,217.134,174.390,60.000,4,42
-1.7603,0.0264,-0.2710,207.927,177.805,58.476,4,42
-1.7710,0.0220,-0.2373,198.963,181.524,57.073,4,42
-1.7822,0.0083,-0.2041,190.183,185.244,55.000,4,42
0.2485,0.3452,-0.3423,-27.012,-28.354,-154.878,2,90
0.2407,0.3638,-0.3574,-27.561,-27.439,-156.951,2,90
0.2344,0.3730,-0.3628,-28.232,-26.463,-158.598,2,90
0.2295,0.3848,-0.3760,-28.232,-25.610,-160.061,2,90
0.2192,0.3940,-0.3857,-28.415,-24.878,-161.768,2,90
0.2119,0.4038,-0.3867,-28.476,-23.902,-163.171,2,90
0.2148,0.4185,-0.3940,-28.232,-22.805,-165.000,2,90
0.2134,0.4297,-0.3979,-28.232,-21.585,-166.220,2,90
-1.8057,-0.0112,-0.1846,183.780,189.085,53.171,4,42
-1.8232,-0.0259,-0.1719,179.207,192.134,51.524,4,42
-1.8281,-0.0454,-0.1465,176.463,195.610,50.305,4,42
-1.8452,-0.0586,-0.1279,175.122,198.415,49.573,4,42
-1.8545,-0.0674,-0.0923,174.085,201.524,48.841,4,42
-1.8569,-0.0737,-0.0459,173.537,204.695,48.476,4,42
-1.8643,-0.0767,0.0005,172.866,207.744,47.927,4,42
-1.8701,-0.0806,0.0425,171.341,210.915,47.073,4,42
0.1333,-1.4731,-0.2461,52.317,-87.012,-172.378,1,90
0.1221,-1.4658,-0.2544,54.085,-88.659,-174.268,1,90
0.1069,-1.4688,-0.2563,55.732,-89.939,-175.732,1,90
0.0972,-1.4692,-0.2578,57.134,-91.707,-177.317,1,90
0.0840,-1.4639,-0.2617,58.110,-93.232,-178.659,1,90
0.0742,-1.4697,-0.2539,59.817,-94.817,-180.427,1,90
0.0664,-1.4673,-0.2544,61.098,-96.341,-182.195,1,90
0.0557,-1.4766,-0.2598,62.073,-97.866,-183.720,1,90
-1.8667,-0.0864,0.1064,169.329,213.232,45.915,4,42
-1.8569,-0.0835,0.1558,166.646,215.427,44.390,4,42
-1.8652,-0.0630,0.2188,162.744,218.232,42.866,4,42
-1.8569,-0.0337,0.2822,157.439,222.622,41.341,4,42
-1.8574,0.0034,0.3564,148.720,227.561,40.183,4,42
-1.8594,0.0156,0.3833,136.768,232.134,39.268,4,42
-1.8433,-0.0122,0.4258,126.159,235.488,38.598,4,42
-1.7881,-0.0630,0.4600,117.622,236.341,37.500,4,42
0.0479,-1.4878,-0.2632,63.171,-99.329,-185.610,1,90
0.0386,-1.4912,-0.2710,64.024,-100.793,-187.500,1,90
0.0278,-1.4956,-0.2749,64.756,-101.829,-189.268,1,90
0.0220,-1.4927,-0.2915,64.939,-103.476,-191.098,1,90
0.0146,-1.5024,-0.2900,65.976,-104.756,-193.171,1,90
0.0073,-1.5024,-0.2832,66.463,-106.402,-194.939,1,90
0.0020,-1.5024,-0.3071,67.378,-107.744,-197.073,1,90
-0.0005,-1.4995,-0.3081,67.988,-109.939,-198.963,1,90
0.3530,0.4951,-0.4102,-29.573,2.622,-187.988,2,90
0.3628,0.5088,-0.4092,-30.244,4.451,-189.207,2,90
0.3584,0.5303,-0.4126,-30.305,5.854,-190.549,2,90
0.3589,0.5454,-0.4248,-30.915,7.683,-191.707,2,90
0.3677,0.5674,-0.4292,-31.037,9.573,-192.561,2,90
0.3657,0.5830,-0.4453,-31.402,11.646,-193.659,2,90
0.3716,0.6040,-0.4492,-30.854,13.415,-194.268,2,90
0.3706,0.6250,-0.4644,-30.122,15.976,-194.878,2,90
-0.8335,-0.5371,-0.1372,37.317,37.988,37.622,3,42
-0.8286,-0.5391,-0.1343,33.720,36.037,39.024,3,42
-0.8384,-0.5327,-0.1572,30.854,34.817,40.549,3,42
-0.8423,-0.5322,-0.1567,28.537,33.598,41.524,3,42
-0.8369,-0.5405,-0.1719,25.793,32.134,42.195,3,42
-0.8306,-0.5483,-0.1733,23.659,30.854,42.744,3,42
-0.8320,-0.5474,-0.1753,20.793,29.573,44.024,3,42
-0.8394,-0.5508,-0.1641,18.110,27.805,45.122,3,42
-0.8267,-0.5581,-0.1567,14.695,26.341,46.524,3,42
-0.8257,-0.5625,-0.1528,11.220,24.329,47.866,3,42
-0.8228,-0.5557,-0.1431,8.293,23.049,49.390,3,42
-0.8271,-0.5488,-0.1479,4.939,21.829,50.793,3,42
-0.8369,-0.5405,-0.1445,2.134,20.671,52.317,3,42
-0.8428,-0.5234,-0.1509,-0.671,19.573,53.415,3,42
-0.8560,-0.5039,-0.1587,-2.378,19.451,55.000,3,42
-0.8691,-0.4736,-0.1489,-2.927,18.963,56.463,3,42
0.4570,0.8452,-0.5356,-11.463,38.537,-192.561,2,90
0.4634,0.8687,-0.5425,-7.988,40.671,-191.341,2,90
0.4722,0.8975,-0.5435,-4.146,42.500,-190.427,2,90
0.4814,0.9209,-0.5415,0.000,44.329,-189.024,2,90
0.4927,0.9346,-0.5552,4.573,45.854,-187.927,2,90
0.5083,0.9600,-0.5498,8.841,46.951,-185.976,2,90
0.5205,0.9917,-0.5483,13.537,47.988,-184.573,2,90
0.5366,1.0107,-0.5537,17.500,49.207,-182.866,2,90
-0.8809,-0.4556,-0.1514,-3.720,19.024,57.927,3,42
-0.8940,-0.4424,-0.1519,-3.902,19.207,59.573,3,42
-0.9023,-0.4443,-0.1377,-3.293,19.878,60.671,3,42
-0.9102,-0.4478,-0.1235,-2.378,21.402,62.134,3,42
-0.9175,-0.4639,-0.0981,-1.707,23.415,63.659,3,42
-0.9272,-0.4800,-0.0889,-0.915,24.756,65.549,3,42
-0.9370,-0.4878,-0.0698,-1.037,26.220,67.317,3,42
-0.9434,-0.5107,-0.0659,-1.463,27.805,69.573,3,42
0.5459,1.0425,-0.5483,21.585,50.000,-180.671,2,90
0.5630,1.0674,-0.5581,25.610,51.159,-178.537,2,90
0.5737,1.0879,-0.5562,29.329,52.073,-175.976,2,90
0.5981,1.1104,-0.5605,32.744,53.049,-173.171,2,90
0.6187,1.1426,-0.5708,36.037,54.085,-170.183,2,90
0.6240,1.1616,-0.5679,39.024,55.000,-166.890,2,90
0.6426,1.1807,-0.5820,41.890,55.732,-163.537,2,90
0.6548,1.2012,-0.5864,44.207,56.768,-159.634,2,90
-0.7188,1.3271,-0.1665,73.841,184.207,50.427,4,42
-0.4551,1.7822,-0.4702,74.817,175.122,51.890,4,42
0.0923,3.5620,-0.9106,61.159,152.744,43.354,4,42
0.3022,5.3457,-1.5972,19.146,140.610,43.537,4,42
0.8354,5.3022,-4.2256,-200.976,174.451,66.402,4,42
0.8311,4.1987,-2.5161,-199.573,258.720,-0.061,4,42
-0.4653,1.8174,1.5049,-330.122,300.976,-89.817,4,42
-1.6650,-3.1299,6.8442,-269.085,147.988,-146.159,4,42
-0.9609,-0.7715,0.0449,-6.463,48.110,93.902,3,42
-0.9893,-0.7983,0.0010,-5.610,51.159,98.293,3,42
-1.0049,-0.7876,-0.0376,-3.049,54.451,102.866,3,42
-0.9980,-0.7378,-0.0840,0.244,58.598,106.463,3,42
-1.0005,-0.6768,-0.1353,3.171,62.988,109.024,3,42
-0.9990,-0.6152,-0.1719,6.402,66.220,111.341,3,42
-1.0151,-0.5391,-0.1235,8.537,68.963,114.085,3,42
-1.0293,-0.4946,-0.0947,10.244,72.317,117.744,3,42
0.7329,1.2959,-0.7124,65.427,58.354,-120.610,2,90
0.7324,1.2993,-0.7178,66.585,58.598,-118.659,2,90
0.7373,1.3091,-0.7310,68.963,59.390,-114.573,2,90
0.7373,1.3169,-0.7539,71.951,59.878,-108.232,2,90
0.7300,1.3174,-0.7642,73.537,60.427,-104.329,2,90
0.7334,1.3203,-0.7710,75.183,60.976,-100.183,2,90
0.7305,1.3188,-0.7856,76.341,61.707,-95.854,2,90
0.7285,1.3145,-0.7915,78.171,62.134,-91.280,2,90
-1.0293,-0.4956,-0.0942,13.110,75.671,122.012,3,42
-1.0483,-0.4810,-0.1001,17.744,79.817,125.366,3,42
-1.0581,-0.4321,-0.0972,23.049,84.573,128.598,3,42
-1.0615,-0.3608,-0.0708,26.768,88.415,130.061,3,42
-1.0845,-0.2788,-0.0562,27.195,89.634,130.976,3,42
-1.1108,-0.2500,-0.0708,24.329,89.451,131.829,3,42
-1.1460,-0.2656,-0.1060,20.976,89.817,132.317,3,42
-1.2012,-0.3032,-0.1416,19.085,90.915,132.195,3,42
-0.2988,-1.2520,-0.8472,-11.341,-129.512,-259.451,1,90
-0.3149,-1.2290,-0.8633,-16.280,-128.598,-259.512,1,90
-0.3276,-1.1938,-0.8882,-21.159,-127.500,-259.268,1,90
-0.3384,-1.1616,-0.8989,-26.402,-126.890,-258.963,1,90
-0.3384,-1.1299,-0.9214,-31.280,-125.244,-258.659,1,90
-0.3486,-1.1025,-0.9331,-36.220,-124.329,-258.293,1,90
-0.3647,-1.0732,-0.9536,-41.341,-122.866,-258.049,1,90
-0.3740,-1.0405,-0.9629,-46.159,-121.524,-257.256,1,90
-1.2373,-0.3403,-0.1377,14.024,90.854,132.195,3,42
-1.2471,-0.3408,-0.1177,11.402,90.122,132.439,3,42
-1.2524,-0.3496,-0.0845,4.329,87.622,132.134,3,42
-1.2500,-0.3262,-0.0361,-4.268,84.024,131.951,3,42
-1.2466,-0.3037,-0.0166,-13.902,79.634,131.037,3,42
-1.2534,-0.2642,-0.0068,-22.988,75.671,130.305,3,42
-1.2373,-0.2085,0.0029,-31.829,71.159,129.146,3,42
-1.2261,-0.1392,-0.0146,-38.659,67.622,128.110,3,42
-0.3833,-1.0063,-0.9653,-51.098,-120.671,-256.646,1,90
-0.3911,-0.9688,-0.9658,-55.976,-119.634,-255.671,1,90
-0.3979,-0.9360,-0.9683,-61.280,-118.720,-254.512,1,90
-0.4189,-0.8892,-0.9575,-66.159,-118.049,-253.110,1,90
-0.4282,-0.8467,-0.9644,-71.768,-117.744,-251.768,1,90
-0.4365,-0.8042,-0.9536,-77.622,-116.951,-249.939,1,90
-0.4531,-0.7515,-0.9585,-83.293,-116.098,-247.866,1,90
-0.4536,-0.7129,-0.9600,-88.659,-116.220,-246.159,1,90
-1.1914,-0.0557,-0.0898,-44.024,62.927,126.646,3,42
-1.2148,0.0532,-0.1509,-47.256,62.927,124.634,3,42
-1.1470,0.1353,-0.1660,-46.646,60.305,123.537,3,42
-1.0640,0.2388,-0.1602,-43.171,60.732,121.341,3,42
-0.9731,0.3818,-0.0723,-37.195,60.793,119.085,3,42
-0.7979,0.5664,0.0703,-28.537,59.573,116.585,3,42
-0.7158,0.7637,0.1772,-17.927,57.500,115.610,3,42
-0.6958,1.0854,0.2056,-10.183,53.049,118.598,3,42
0.7446,1.1143,-0.7617,94.939,62.012,-3.293,2,90
0.7510,1.1011,-0.7544,95.061,61.585,1.402,2,90
0.7681,1.0898,-0.7612,95.183,60.671,5.976,2,90
0.7822,1.0918,-0.7549,95.061,59.634,9.939,2,90
0.7900,1.0859,-0.7505,95.366,59.024,14.634,2,90
0.8174,1.0845,-0.7505,95.000,57.744,18.720,2,90
0.8291,1.0801,-0.7427,94.695,56.585,22.744,2,90
0.8530,1.0806,-0.7500,93.659,55.000,26.768,2,90
-0.5283,-0.3066,-0.9521,-131.402,-108.171,-217.500,1,90
-0.5327,-0.2651,-0.9644,-135.183,-107.134,-212.805,1,90
-0.5288,-0.2207,-0.9712,-138.598,-106.341,-207.988,1,90
-0.5352,-0.1733,-0.9707,-142.134,-105.305,-202.805,1,90
-0.5361,-0.1084,-0.9619,-146.463,-105.305,-193.963,1,90
-0.5371,-0.0493,-0.9546,-149.146,-105.732,-187.317,1,90
-0.5474,0.0161,-0.9321,-151.463,-107.012,-180.183,1,90
-0.5620,0.0786,-0.9238,-153.841,-108.415,-172.134,1,90
-0.4658,0.3950,-0.4800,77.683,57.378,84.451,3,42
-0.6440,0.2949,-0.6055,81.280,56.524,81.829,3,42
-0.5762,0.2041,-0.7051,83.902,56.890,74.451,3,42
-0.4155,0.0581,-0.8003,84.268,55.976,65.061,3,42
-0.2144,-0.1577,-1.0054,84.390,55.793,55.427,3,42
-0.0063,-0.3135,-1.1133,87.195,55.732,44.756,3,42
0.1440,-0.3564,-1.0898,86.341,54.207,35.793,3,42
0.2461,-0.3750,-1.0503,81.341,50.671,29.146,3,42
1.0479,1.0547,-0.7764,71.646,43.537,55.488,2,90
1.0850,1.0469,-0.7671,66.341,45.000,58.598,2,90
1.1323,1.0557,-0.7637,60.244,47.073,61.829,2,90
1.1953,1.0542,-0.7480,54.878,49.634,65.000,2,90
1.2769,1.0625,-0.7373,49.207,52.439,68.780,2,90
1.3521,1.0679,-0.7256,43.902,55.305,72.012,2,90
1.4473,1.0762,-0.7061,38.780,57.561,75.915,2,90
1.5410,1.0879,-0.6938,34.634,59.512,79.390,2,90
-0.6987,0.5806,-1.0654,-173.415,-76.220,-72.561,1,90
-0.6924,0.6167,-1.0640,-165.488,-66.524,-59.329,1,90
-0.6821,0.6626,-1.0371,-157.866,-57.805,-45.732,1,90
-0.6758,0.7012,-1.0156,-150.610,-50.000,-31.951,1,90
-0.6538,0.7441,-0.9995,-145.305,-43.902,-17.866,1,90
-0.6406,0.7710,-0.9673,-140.122,-38.476,-2.927,1,90
-0.6309,0.7920,-0.9565,-135.915,-35.183,12.744,1,90
-0.6333,0.8013,-0.9341,-132.622,-32.317,29.024,1,90
-2.3467,-0.5742,-0.5210,42.195,26.524,21.890,3,42
-2.6997,-0.6143,-0.1943,32.500,22.317,24.268,3,42
-2.6729,-0.7036,0.1782,25.366,18.171,24.146,3,42
-2.3062,-0.8672,0.4971,21.159,13.659,20.183,3,42
-1.8228,-0.9966,0.6528,16.402,8.963,14.146,3,42
-1.4731,-0.9536,0.5732,9.390,4.939,10.549,3,42
-1.3276,-0.6797,0.2788,2.439,2.073,10.488,3,42
-1.3193,-0.2529,-0.0508,0.488,1.220,11.463,3,42
1.6006,1.2900,-0.8853,52.195,32.256,93.171,2,90
1.5024,1.3208,-0.9048,55.610,28.293,93.049,2,90
1.4014,1.3486,-0.9136,57.988,25.183,93.598,2,90
1.3013,1.3701,-0.9072,59.817,22.561,94.756,2,90
1.2109,1.3804,-0.8818,60.000,21.341,97.256,2,90
1.1455,1.3804,-0.8564,59.085,20.000,100.915,2,90
1.0859,1.3594,-0.8198,57.622,19.329,105.610,2,90
1.0479,1.3379,-0.7827,55.366,17.866,110.976,2,90
-1.3501,0.7612,-0.5386,-116.280,-38.537,207.683,1,90
-1.4482,0.7583,-0.5273,-116.098,-38.841,224.939,1,90
-1.5562,0.7534,-0.5161,-115.122,-38.110,239.817,1,90
-1.6870,0.7471,-0.5127,-112.378,-33.841,258.720,1,90
-1.7383,0.7314,-0.5142,-109.390,-28.963,268.537,1,90
-1.7710,0.7158,-0.5137,-106.341,-22.134,276.402,1,90
-1.7783,0.7051,-0.5142,-101.646,-14.939,283.415,1,90
-1.7729,0.6812,-0.5083,-97.195,-6.890,289.756,1,90
-2.3345,-1.3828,1.3003,19.207,154.146,-25.793,4,42
-2.5024,-1.2100,1.0972,7.256,159.207,-25.427,4,42
-2.6924,-1.0137,0.9360,0.244,165.183,-20.671,4,42
-2.8975,-0.9375,0.8755,-2.988,171.463,-12.256,4,42
-3.1226,-0.9751,0.8662,-6.220,177.561,-3.720,4,42
-3.3623,-1.0894,0.9429,-9.573,182.317,2.988,4,42
-3.3716,-1.1538,1.0498,-12.866,185.305,6.524,4,42
-3.3906,-1.2324,1.1313,-20.366,186.098,5.488,4,42
1.2285,1.0239,-0.6147,29.634,-3.354,168.110,2,90
1.2549,0.9985,-0.6104,25.244,-5.122,173.110,2,90
1.2681,0.9697,-0.5967,20.854,-6.951,177.805,2,90
1.2612,0.9395,-0.5977,16.463,-8.720,182.195,2,90
1.2485,0.9126,-0.5884,12.561,-10.915,185.915,2,90
1.2285,0.8872,-0.5830,7.988,-13.476,189.268,2,90
1.1987,0.8652,-0.5747,3.963,-16.280,192.012,2,90
1.1665,0.8481,-0.5654,-0.671,-18.780,194.695,2,90
-1.4043,0.5405,-0.3320,-12.378,22.256,369.634,1,90
-1.3975,0.5117,-0.2944,-0.732,22.073,379.329,1,90
-1.4048,0.4814,-0.2749,12.134,21.890,388.354,1,90
-1.4116,0.4473,-0.2363,25.122,21.707,396.829,1,90
-1.4321,0.4136,-0.2202,38.659,21.098,404.695,1,90
-1.4526,0.3833,-0.1899,52.561,20.793,411.646,1,90
-1.4961,0.3594,-0.1470,65.366,21.098,418.110,1,90
-1.5293,0.3149,-0.1211,75.732,21.402,423.841,1,90
-1.0601,0.0566,-0.2627,21.098,-14.573,-59.817,3,42
-1.0615,0.0278,-0.2520,21.646,-13.841,-61.768,3,42
-1.0581,-0.0127,-0.2388,21.829,-13.415,-63.963,3,42
-1.0410,-0.0708,-0.2305,20.976,-13.598,-65.976,3,42
-1.0352,-0.1323,-0.2178,18.780,-14.329,-67.317,3,42
-1.0098,-0.1875,-0.2207,16.585,-14.634,-68.476,3,42
-0.9941,-0.2461,-0.2227,13.171,-16.524,-70.061,3,42
-0.9893,-0.2734,-0.2339,8.720,-17.744,-71.037,3,42
1.1211,0.6665,-0.4434,-51.768,-29.207,213.537,2,90
1.1357,0.6465,-0.4199,-57.256,-29.085,215.305,2,90
1.1484,0.6182,-0.4038,-62.134,-28.780,217.256,2,90
1.1567,0.5986,-0.3818,-65.854,-28.415,218.780,2,90
1.1646,0.5669,-0.3467,-69.695,-28.110,219.939,2,90
1.1738,0.5498,-0.3354,-72.927,-27.805,220.549,2,90
1.1787,0.5308,-0.3188,-75.366,-27.378,221.159,2,90
1.1763,0.5093,-0.3066,-77.317,-27.134,221.707,2,90
-0.9731,-0.2759,-0.2456,3.354,-20.305,-72.134,3,42
-0.9429,-0.2759,-0.2900,-2.866,-23.720,-73.659,3,42
-0.9150,-0.2739,-0.3345,-9.695,-27.561,-75.061,3,42
-0.8877,-0.2539,-0.3721,-15.549,-30.549,-76.402,3,42
-0.8550,-0.2368,-0.3984,-21.341,-33.780,-77.256,3,42
-0.8384,-0.2275,-0.4170,-25.671,-36.524,-77.744,3,42
-0.8340,-0.2183,-0.4063,-29.268,-39.085,-77.866,3,42
-0.8418,-0.1958,-0.3677,-32.683,-41.037,-76.951,3,42
-0.8789,-0.1724,-0.3384,-35.244,-42.927,-76.037,3,42
-0.9072,-0.1870,-0.3203,-37.012,-44.024,-75.366,3,42
-0.9307,-0.1958,-0.2998,-38.415,-45.427,-75.000,3,42
-0.9390,-0.1943,-0.2832,-39.329,-46.768,-74.573,3,42
-0.9375,-0.1943,-0.2769,-39.451,-48.293,-74.207,3,42
-0.9302,-0.1895,-0.2949,-39.329,-49.695,-74.512,3,42
-0.9214,-0.1865,-0.3345,-39.146,-51.646,-74.634,3,42
-0.9175,-0.1987,-0.3838,-37.744,-52.927,-74.817,3,42
-0.9028,-0.2183,-0.4292,-35.427,-53.841,-75.122,3,42
-0.8896,-0.2466,-0.4692,-32.744,-54.756,-74.939,3,42
-0.8784,-0.2920,-0.4873,-29.817,-54.878,-74.329,3,42
-0.8672,-0.3320,-0.4878,-26.646,-54.268,-73.720,3,42
-0.8672,-0.3608,-0.4717,-23.598,-53.902,-72.500,3,42
-0.8384,-0.3833,-0.4707,-21.037,-54.756,-71.098,3,42
-0.8105,-0.4258,-0.5024,-21.220,-57.317,-70.000,3,42
-0.8159,-0.4663,-0.4639,-21.402,-59.146,-69.085,3,42
0.3979,0.4087,-0.4053,-43.049,-17.317,212.561,2,90
0.3491,0.3911,-0.4087,-38.598,-16.463,211.646,2,90
0.3037,0.3706,-0.4126,-34.207,-15.671,210.793,2,90
0.2681,0.3398,-0.4131,-29.268,-14.817,209.390,2,90
0.2266,0.3257,-0.4146,-24.695,-14.756,208.049,2,90
0.1880,0.3008,-0.4238,-19.756,-14.329,206.341,2,90
0.1504,0.2715,-0.4175,-14.939,-14.024,204.329,2,90
0.1133,0.2485,-0.4395,-9.695,-14.024,201.707,2,90
-0.3359,0.5781,1.8711,-137.988,-16.707,-117.378,4,42
-0.3940,0.7554,1.9253,-128.902,-4.573,-107.378,4,42
-0.5493,0.6870,2.1025,-122.744,-4.695,-98.049,4,42
-0.8218,0.7051,2.1035,-118.659,-22.256,-93.293,4,42
-0.9033,0.6899,1.9360,-108.659,-40.000,-93.963,4,42
-0.9326,0.7173,1.7939,-101.341,-50.854,-100.732,4,42
-0.9751,0.6704,1.6245,-99.573,-61.768,-111.707,4,42
-0.8486,0.6030,1.4478,-102.561,-65.366,-129.390,4,42
-1.6265,-1.0522,0.2983,55.915,-10.976,461.829,1,90
-1.6709,-1.0811,0.3428,64.024,-12.500,460.854,1,90
-1.7207,-1.1470,0.4028,72.622,-13.659,459.207,1,90
-1.7529,-1.1963,0.4414,81.341,-14.146,456.707,1,90
-1.7949,-1.2520,0.4785,89.390,-13.841,453.841,1,90
-1.8184,-1.3164,0.5127,95.976,-13.171,450.122,1,90
-1.8467,-1.3848,0.5527,101.646,-11.707,446.646,1,90
-1.8491,-1.4688,0.5874,105.732,-10.000,442.561,1,90
-0.1162,0.1597,-0.4585,14.817,-6.159,171.037,2,90
-0.1323,0.1553,-0.4668,15.000,-4.695,167.866,2,90
-0.1421,0.1519,-0.4556,14.695,-3.293,164.695,2,90
-0.1592,0.1362,-0.4663,13.598,-1.890,161.524,2,90
-0.1704,0.1318,-0.4702,12.866,-0.183,158.476,2,90
-0.1738,0.1318,-0.4663,11.524,0.915,155.915,2,90
-0.1738,0.1221,-0.4634,9.939,2.805,153.110,2,90
-0.1709,0.1079,-0.4624,9.024,4.695,151.098,2,90
-0.8618,-0.1992,-0.2671,-29.146,-72.622,-54.756,3,42
-0.8584,-0.2173,-0.2832,-25.854,-71.524,-54.451,3,42
-0.8530,-0.2231,-0.2744,-22.561,-70.305,-54.573,3,42
-0.8516,-0.2163,-0.2539,-19.207,-69.512,-54.268,3,42
-0.8496,-0.2212,-0.2559,-16.829,-68.598,-53.659,3,42
-0.8550,-0.2236,-0.2500,-14.268,-67.927,-52.805,3,42
-0.8760,-0.2207,-0.2402,-11.768,-66.768,-52.012,3,42
-0.8936,-0.2168,-0.2197,-8.902,-65.183,-51.402,3,42
-0.1680,0.1006,-0.4727,7.378,6.707,148.720,2,90
-0.1587,0.0874,-0.4751,5.793,8.476,146.280,2,90
-0.1431,0.0791,-0.4688,4.207,10.427,144.268,2,90
-0.1338,0.0728,-0.4639,1.951,12.256,142.073,2,90
-0.1211,0.0537,-0.4658,0.183,14.024,139.817,2,90
-0.1060,0.0449,-0.4536,-1.829,15.488,137.744,2,90
-0.0977,0.0298,-0.4521,-3.902,16.463,135.427,2,90
-0.0815,0.0122,-0.4331,-5.854,17.378,133.415,2,90
-0.9019,-0.2314,-0.2134,-5.000,-62.805,-49.512,3,42
-0.9058,-0.2466,-0.2241,-3.110,-62.256,-48.963,3,42
-0.9028,-0.2632,-0.2134,-1.220,-61.220,-48.720,3,42
-0.9111,-0.2803,-0.1851,0.671,-60.244,-49.085,3,42
-0.9160,-0.2954,-0.1602,3.415,-58.537,-49.756,3,42
-0.9258,-0.2949,-0.1392,5.488,-56.890,-50.183,3,42
-0.9268,-0.2988,-0.1294,6.890,-56.280,-50.488,3,42
-0.9111,-0.3110,-0.1206,8.415,-56.463,-50.305,3,42
-0.0752,0.0054,-0.4346,-7.561,17.744,130.915,2,90
-0.0649,-0.0088,-0.4346,-9.085,18.415,128.293,2,90
-0.0566,-0.0146,-0.4146,-11.037,18.780,125.610,2,90
-0.0552,-0.0210,-0.4209,-12.134,18.963,123.110,2,90
-0.0537,-0.0254,-0.4058,-13.841,19.146,120.488,2,90
-0.0391,-0.0234,-0.4102,-15.549,19.268,117.256,2,90
-0.0308,-0.0205,-0.3940,-16.951,19.390,115.000,2,90
-0.0269,-0.0171,-0.3882,-19.695,19.268,112.195,2,90
-0.9126,-0.2881,-0.1123,9.146,-56.098,-50.061,3,42
-0.9277,-0.2642,-0.0752,9.146,-56.098,-49.451,3,42
-0.9375,-0.2495,-0.0679,7.866,-56.646,-48.963,3,42
-0.9536,-0.2461,-0.0522,6.707,-57.195,-48.780,3,42
-0.9668,-0.2485,-0.0679,5.488,-57.378,-48.780,3,42
-0.9692,-0.2754,-0.0767,5.122,-56.402,-48.841,3,42
-0.9531,-0.3008,-0.0991,6.890,-55.061,-48.902,3,42
-0.9517,-0.3242,-0.1230,8.780,-54.329,-49.085,3,42
-1.3525,-2.1597,0.5269,116.890,-71.585,336.280,1,90
-1.3379,-2.1411,0.4829,121.402,-75.244,330.305,1,90
-1.3208,-2.1265,0.4287,126.280,-78.780,324.085,1,90
-1.2871,-2.1069,0.3857,132.439,-82.256,318.293,1,90
-1.2715,-2.0859,0.3315,138.293,-85.915,311.768,1,90
-1.2529,-2.0820,0.2744,144.451,-89.329,305.488,1,90
-1.2280,-2.0830,0.2231,151.341,-92.317,299.451,1,90
-1.2124,-2.0811,0.1895,158.598,-95.732,293.293,1,90
-2.2944,0.0654,0.4585,-147.134,-312.500,-304.878,4,42
-2.3325,0.0132,0.4727,-141.524,-312.378,-317.378,4,42
-2.3813,-0.0283,0.4873,-134.268,-313.598,-329.146,4,42
-2.4351,-0.0664,0.4873,-127.073,-315.976,-337.622,4,42
-2.4956,-0.0825,0.4785,-119.756,-320.366,-342.866,4,42
-2.5576,-0.0820,0.4780,-110.854,-325.244,-345.122,4,42
-2.6382,-0.0591,0.4517,-101.768,-330.427,-344.634,4,42
-2.7085,-0.0034,0.4263,-93.293,-335.732,-342.561,4,42
-1.1890,-2.0898,0.1475,168.841,-99.207,283.780,1,90
-1.1611,-2.0869,0.1152,176.037,-101.768,277.927,1,90
-1.1519,-2.1030,0.0815,182.073,-103.841,272.561,1,90
-1.1362,-2.1128,0.0405,187.805,-105.976,266.951,1,90
-1.1206,-2.1265,-0.0112,192.927,-107.988,261.524,1,90
-1.1089,-2.1538,-0.0610,196.829,-109.756,256.341,1,90
-1.1050,-2.1846,-0.1006,200.610,-110.549,251.037,1,90
-1.0962,-2.2139,-0.1406,204.146,-111.220,246.220,1,90
-2.7539,0.0791,0.4053,-85.305,-341.829,-338.598,4,42
-2.8130,0.1768,0.3779,-79.207,-348.963,-333.354,4,42
-2.9146,0.2891,0.3369,-75.366,-357.378,-326.037,4,42
-2.9536,0.4233,0.2852,-72.439,-363.963,-318.110,4,42
-2.9907,0.5840,0.2480,-70.061,-370.549,-307.561,4,42
-3.0269,0.7632,0.2007,-69.756,-376.585,-295.183,4,42
-3.0767,0.9917,0.1465,-72.073,-380.000,-280.976,4,42
-3.1289,1.2725,0.0713,-79.695,-380.000,-264.634,4,42
-1.0771,-2.2480,-0.1851,207.500,-111.585,241.037,1,90
-1.0747,-2.2725,-0.2168,210.488,-110.671,236.220,1,90
-1.0615,-2.3003,-0.2466,213.720,-108.902,231.463,1,90
-1.0518,-2.3271,-0.2827,216.829,-106.829,226.402,1,90
-1.0347,-2.3306,-0.3125,219.024,-104.634,221.585,1,90
-1.0098,-2.3418,-0.3301,222.195,-102.012,216.524,1,90
-0.9995,-2.3423,-0.3569,225.488,-99.390,211.280,1,90
-0.9795,-2.3472,-0.3726,228.232,-96.402,205.793,1,90
-3.1558,1.5254,-0.0293,-92.561,-376.890,-248.476,4,42
-2.4316,-1.1978,2.8467,-211.037,-361.646,-221.524,4,42
-2.5093,-14.3994,-2.7368,-1434.085,-254.756,-302.012,4,42
-15.8994,5.9019,-13.8501,-930.366,-375.671,-469.634,4,42
-14.3008,10.0103,-15.6934,-210.976,-110.183,-530.793,4,42
-8.7676,1.5591,-15.9741,3.902,264.085,-528.720,4,42
-0.0664,2.6187,-3.8398,-512.683,446.098,-443.415,4,42
7.1323,11.5215,-5.1865,-1360.732,320.000,-326.220,4,42
-0.9575,-2.3423,-0.3809,230.976,-92.683,200.427,1,90
-0.9316,-2.3428,-0.3921,233.841,-88.780,195.000,1,90
-0.9082,-2.3389,-0.4033,237.073,-84.207,189.146,1,90
-0.8896,-2.3452,-0.3965,240.488,-79.756,183.049,1,90
-0.8623,-2.3384,-0.3853,243.537,-74.817,177.317,1,90
-0.8354,-2.3452,-0.3604,246.829,-69.817,171.463,1,90
-0.8071,-2.3428,-0.3306,250.366,-64.329,165.366,1,90
-0.7749,-2.3394,-0.3066,253.902,-58.902,159.451,1,90
-0.7295,-2.3374,-0.2837,256.829,-53.659,153.476,1,90
-0.6821,-2.3457,-0.2520,259.817,-48.415,147.012,1,90
-0.6387,-2.3574,-0.2114,262.805,-42.988,140.976,1,90
-0.5698,-2.3687,-0.1709,264.329,-38.659,134.329,1,90
-0.5098,-2.4004,-0.1372,264.939,-34.939,128.049,1,90
-0.4351,-2.4331,-0.1123,264.512,-32.134,122.134,1,90
-0.3638,-2.4702,-0.0908,262.683,-29.268,116.524,1,90
-0.2925,-2.5132,-0.0767,260.488,-27.439,111.585,1,90
-1.0146,-0.3433,0.0352,-6.098,-36.951,-27.073,3,42
-1.0146,-0.3965,-0.0781,-10.976,-38.049,-26.280,3,42
-0.9971,-0.4492,-0.1563,-7.622,-36.037,-27.317,3,42
-0.9756,-0.4248,-0.1226,-4.817,-35.183,-29.268,3,42
-0.9663,-0.3774,-0.0835,-7.134,-36.951,-29.817,3,42
-0.9644,-0.3804,-0.0796,-10.061,-38.841,-29.207,3,42
-0.9775,-0.4326,-0.0967,-11.280,-38.110,-29.085,3,42
-0.9873,-0.4771,-0.0859,-10.183,-36.768,-29.390,3,42
0.4438,0.3423,-0.3794,6.829,12.927,20.488,2,90
0.4380,0.3379,-0.3960,10.122,12.256,16.098,2,90
0.4307,0.3442,-0.3833,13.415,11.951,12.378,2,90
0.4229,0.3359,-0.3926,16.280,11.951,8.232,2,90
0.4077,0.3423,-0.3960,18.841,11.951,3.841,2,90
0.3926,0.3394,-0.3940,20.854,12.073,-0.305,2,90
0.3813,0.3384,-0.3901,22.256,12.500,-4.512,2,90
0.3745,0.3281,-0.3955,23.354,12.744,-8.049,2,90
-0.9922,-0.4878,-0.0928,-10.244,-36.585,-30.366,3,42
-0.9824,-0.5044,-0.1064,-11.402,-36.951,-30.793,3,42
-0.9712,-0.5083,-0.1099,-11.768,-36.707,-30.671,3,42
-0.9634,-0.4946,-0.0850,-11.890,-36.463,-30.549,3,42
-0.9507,-0.4746,-0.0557,-13.232,-36.646,-30.671,3,42
-0.9429,-0.4536,-0.0254,-14.085,-36.402,-30.610,3,42
-0.9272,-0.4355,0.0166,-15.183,-35.305,-30.549,3,42
-0.9331,-0.4170,0.0313,-16.646,-34.756,-30.671,3,42
0.0566,-2.9282,-0.4375,200.122,-44.573,91.159,1,90
0.0264,-2.9761,-0.5205,192.378,-47.378,90.305,1,90
-0.0137,-3.0142,-0.5938,183.902,-49.634,89.024,1,90
-0.0430,-3.0493,-0.6680,176.098,-51.220,87.805,1,90
-0.0898,-3.0913,-0.7354,168.476,-52.622,85.549,1,90
-0.1333,-3.1191,-0.8101,159.817,-53.720,83.049,1,90
-0.1763,-3.1455,-0.8706,151.768,-54.390,79.695,1,90
-0.2070,-3.1689,-0.9351,143.476,-54.756,76.098,1,90
-0.9307,-0.4189,0.0288,-18.537,-35.244,-30.671,3,42
-0.9263,-0.4185,0.0103,-20.793,-35.000,-30.610,3,42
-0.9346,-0.4312,0.0063,-22.256,-34.695,-30.732,3,42
-0.9365,-0.4087,-0.0024,-23.659,-34.207,-30.854,3,42
-0.9443,-0.3828,-0.0073,-25.000,-34.207,-31.098,3,42
-0.9399,-0.3647,-0.0005,-26.098,-33.354,-30.610,3,42
-0.9438,-0.3389,0.0166,-26.037,-32.561,-30.427,3,42
-0.9556,-0.3193,0.0396,-25.488,-31.463,-29.634,3,42
-0.2329,-3.1943,-0.9951,135.061,-54.878,71.768,1,90
-0.2471,-3.2075,-1.0391,127.195,-54.390,66.585,1,90
-0.2524,-3.2192,-1.0938,118.902,-54.207,61.402,1,90
-0.2563,-3.2314,-1.1509,111.220,-53.902,54.939,1,90
-0.2461,-3.2349,-1.1934,103.354,-53.780,48.171,1,90
-0.2280,-3.2295,-1.2319,95.732,-53.293,40.854,1,90
-0.2236,-3.2153,-1.2705,88.598,-52.988,33.598,1,90
-0.2139,-3.1875,-1.2959,81.768,-52.805,25.488,1,90
0.0151,0.8086,-2.1851,428.659,127.378,-87.195,4,42
0.1387,0.9604,-2.1284,415.183,122.134,-64.268,4,42
0.2500,1.0698,-2.1201,388.415,112.988,-43.963,4,42
0.2905,1.1592,-2.1777,348.963,108.659,-30.488,4,42
0.1689,1.3906,-2.2266,297.134,111.280,-20.427,4,42
-0.0781,1.6597,-2.2837,234.390,118.171,-8.537,4,42
-0.4063,1.9063,-2.2549,175.610,123.293,3.110,4,42
-0.5127,2.0747,-2.1494,122.378,124.512,8.537,4,42
-0.1958,-3.1445,-1.3262,75.061,-52.439,18.110,1,90
-0.1924,-3.1050,-1.3413,69.085,-52.073,10.366,1,90
-0.1855,-3.0596,-1.3516,63.293,-51.951,2.622,1,90
-0.1836,-3.0137,-1.3604,57.988,-51.402,-4.939,1,90
-0.1865,-2.9639,-1.3496,53.415,-51.037,-12.256,1,90
-0.1904,-2.9009,-1.3555,48.354,-50.061,-19.634,1,90
-0.1914,-2.8584,-1.3306,44.634,-49.390,-27.012,1,90
-0.1934,-2.8062,-1.3096,40.244,-48.232,-33.902,1,90
-0.6641,2.4746,-2.1001,73.902,129.695,-1.707,4,42
-1.0605,2.8613,-1.7769,40.061,122.012,-26.402,4,42
-1.5908,2.9229,-1.1602,26.768,108.293,-47.500,4,42
-2.3696,2.5654,-0.2974,55.549,95.854,-39.268,4,42
-1.8511,2.0034,-0.1572,108.293,95.732,-12.073,4,42
-2.1670,1.6792,0.3799,174.939,117.561,22.927,4,42
-1.3560,1.5273,0.4238,220.976,122.622,71.280,4,42
-1.1563,1.4023,0.2725,227.317,106.768,107.317,4,42
-0.2017,-2.7358,-1.2729,33.841,-46.768,-43.963,1,90
-0.2031,-2.6919,-1.2427,29.451,-45.976,-50.732,1,90
-0.2031,-2.6519,-1.2070,25.549,-44.939,-57.134,1,90
-0.2007,-2.6084,-1.1724,21.707,-43.780,-63.476,1,90
-0.2065,-2.5781,-1.1323,17.256,-42.744,-69.878,1,90
-0.2065,-2.5396,-1.1025,13.354,-41.098,-76.159,1,90
-0.2070,-2.5107,-1.0654,8.476,-39.756,-82.256,1,90
-0.1982,-2.4746,-1.0244,3.902,-38.293,-88.476,1,90
-0.1636,1.1699,-0.1406,214.634,38.598,140.061,4,42
0.2505,0.7822,-0.4897,204.146,-10.244,157.561,4,42
0.3774,0.8330,-0.3188,231.951,-64.695,184.878,4,42
0.6147,0.8159,-0.3247,248.780,-91.768,190.671,4,42
0.2188,1.0986,0.2246,275.793,-95.488,196.402,4,42
-0.3022,1.3311,0.6689,305.305,-85.244,210.000,4,42
-0.6909,1.4014,0.8486,321.707,-74.207,219.024,4,42
-0.9805,1.2759,0.7368,321.159,-65.976,216.524,4,42
0.4209,0.2246,-0.4688,-60.854,1.037,-122.866,2,90
0.4014,0.2422,-0.4858,-60.976,1.037,-126.098,2,90
0.3936,0.2607,-0.4990,-61.646,1.037,-129.390,2,90
0.3838,0.2837,-0.5020,-61.280,0.854,-132.378,2,90
0.3750,0.3037,-0.5073,-61.341,1.098,-135.427,2,90
0.3662,0.3184,-0.5044,-61.463,0.915,-138.415,2,90
0.3545,0.3403,-0.5161,-61.037,0.915,-141.220,2,90
0.3452,0.3525,-0.5117,-60.793,0.976,-144.207,2,90
-1.1465,1.0015,0.4517,318.415,-58.720,207.439,4,42
-1.2891,0.6543,0.1265,329.512,-47.500,195.671,4,42
-1.4155,0.3110,-0.1157,357.012,-30.305,184.939,4,42
-1.5303,0.0181,-0.2729,394.939,-10.793,177.012,4,42
-1.6367,-0.1904,-0.3911,432.866,6.341,171.585,4,42
-1.5767,-0.2686,-0.4780,465.732,20.793,164.939,4,42
-1.5781,-0.3823,-0.5127,487.439,33.780,160.549,4,42
-1.4829,-0.4629,-0.5015,495.244,46.829,159.390,4,42
0.3340,0.3726,-0.4976,-60.366,0.305,-147.134,2,90
0.3228,0.3877,-0.4985,-59.817,-0.122,-149.329,2,90
0.3130,0.3916,-0.4976,-58.963,-0.549,-152.073,2,90
0.3086,0.4004,-0.4966,-57.805,-0.976,-154.268,2,90
0.2998,0.4082,-0.4883,-56.829,-1.524,-156.220,2,90
0.2896,0.4136,-0.4805,-55.488,-1.829,-158.354,2,90
0.2808,0.4185,-0.4683,-53.780,-2.256,-160.488,2,90
0.2705,0.4214,-0.4634,-52.195,-2.317,-161.951,2,90
-1.3945,-0.5610,-0.4282,493.415,55.793,158.598,4,42
-1.3320,-0.7354,-0.4116,479.512,62.744,155.915,4,42
-1.3115,-0.9688,-0.3774,460.122,68.963,151.341,4,42
-1.3486,-1.1816,-0.3931,438.110,75.244,145.549,4,42
-1.3687,-1.2993,-0.4453,413.049,83.293,138.049,4,42
-1.4243,-1.3574,-0.4985,382.988,92.256,131.646,4,42
-1.4644,-1.3584,-0.5132,350.610,102.134,128.293,4,42
-1.4897,-1.3257,-0.4917,320.061,110.427,126.341,4,42
-0.9268,-0.4575,-0.0161,7.622,24.085,17.866,3,42
-0.9341,-0.4551,-0.0137,8.476,24.756,18.415,3,42
-0.9277,-0.4478,-0.0176,9.146,25.488,19.085,3,42
-0.9155,-0.4619,-0.0317,8.963,25.915,19.817,3,42
-0.9146,-0.4658,-0.0396,9.329,26.829,20.488,3,42
-0.9111,-0.4541,-0.0332,9.817,27.744,20.854,3,42
-0.9087,-0.4468,-0.0479,10.061,28.476,22.073,3,42
-0.9146,-0.4458,-0.0728,10.305,29.146,22.744,3,42
0.2397,0.4126,-0.3755,-34.268,-6.768,-172.439,2,90
0.2466,0.4067,-0.3652,-31.890,-7.622,-173.232,2,90
0.2446,0.4063,-0.3667,-29.573,-8.720,-173.537,2,90
0.2480,0.3926,-0.3696,-27.500,-10.000,-173.659,2,90
0.2422,0.3979,-0.3628,-24.756,-10.854,-173.963,2,90
0.2495,0.3901,-0.3750,-22.073,-12.134,-174.024,2,90
0.2461,0.3906,-0.3667,-19.939,-13.476,-174.085,2,90
0.2578,0.3867,-0.3774,-17.927,-14.512,-174.024,2,90
-0.9141,-0.4292,-0.0742,12.988,30.915,23.780,3,42
-0.9170,-0.4263,-0.0728,14.085,31.646,24.146,3,42
-0.9214,-0.4038,-0.0659,16.341,33.049,25.000,3,42
-0.9209,-0.3794,-0.0479,19.756,35.122,26.341,3,42
-0.9243,-0.3882,-0.0571,22.378,36.829,27.500,3,42
-0.9287,-0.3789,-0.0498,25.061,38.476,28.415,3,42
-0.9297,-0.3838,-0.0547,26.768,39.573,29.146,3,42
-0.9297,-0.4009,-0.0708,28.963,40.793,29.451,3,42
-0.5449,-1.6055,-0.0024,-213.537,-5.427,-175.671,1,90
-0.5728,-1.5898,0.0103,-215.976,-4.939,-177.195,1,90
-0.5771,-1.5757,0.0288,-217.866,-4.695,-178.659,1,90
-0.6069,-1.5610,0.0454,-219.451,-4.512,-180.488,1,90
-0.6196,-1.5474,0.0620,-219.756,-4.756,-181.524,1,90
-0.6333,-1.5425,0.0708,-219.024,-4.329,-182.988,1,90
-0.6465,-1.5313,0.0762,-217.866,-3.902,-184.756,1,90
-0.6572,-1.5190,0.0845,-215.488,-3.476,-186.402,1,90
-1.2231,-0.2437,-0.5581,129.085,196.098,51.646,4,42
-1.1938,-0.2178,-0.5464,125.793,197.195,50.793,4,42
-1.1724,-0.1924,-0.5254,123.110,197.866,50.549,4,42
-1.1553,-0.1567,-0.4956,120.244,197.500,50.793,4,42
-1.1387,-0.1182,-0.4756,117.988,195.915,51.159,4,42
-1.1328,-0.0771,-0.4434,115.183,193.293,51.829,4,42
-1.1309,-0.0327,-0.4087,112.500,190.000,52.805,4,42
-1.1362,0.0020,-0.3706,110.061,186.341,54.451,4,42
-0.6704,-1.5122,0.0879,-212.744,-3.049,-188.171,1,90
-0.6777,-1.5010,0.0879,-209.817,-2.500,-190.000,1,90
-0.6978,-1.4883,0.1035,-206.220,-2.195,-192.317,1,90
-0.7046,-1.4863,0.1128,-202.378,-1.768,-194.390,1,90
-0.7158,-1.4800,0.1187,-198.354,-1.951,-196.463,1,90
-0.7349,-1.4795,0.1367,-193.841,-2.195,-198.659,1,90
-0.7378,-1.4736,0.1470,-189.207,-1.768,-200.732,1,90
-0.7437,-1.4844,0.1523,-184.512,-1.768,-202.866,1,90
0.2002,0.5029,-0.4360,5.122,-15.732,-177.439,2,90
0.1973,0.5098,-0.4404,4.390,-15.183,-177.195,2,90
0.2075,0.5117,-0.4448,3.537,-14.695,-177.195,2,90
0.2041,0.5254,-0.4448,2.561,-13.902,-176.951,2,90
0.2114,0.5332,-0.4458,1.463,-12.927,-176.402,2,90
0.2085,0.5273,-0.4453,0.061,-11.829,-176.159,2,90
0.2139,0.5361,-0.4482,-1.707,-10.305,-175.976,2,90
0.2207,0.5371,-0.4453,-3.659,-9.146,-176.037,2,90
-0.9004,-0.5288,-0.0957,30.366,50.549,44.390,3,42
-0.8911,-0.5190,-0.0845,28.841,49.939,45.793,3,42
-0.8901,-0.5171,-0.0713,27.622,50.061,47.439,3,42
-0.8931,-0.5186,-0.0762,26.280,49.695,49.390,3,42
-0.9004,-0.5103,-0.0659,24.207,49.634,51.037,3,42
-0.9106,-0.5039,-0.0679,22.195,49.695,52.378,3,42
-0.9175,-0.4888,-0.0605,20.122,49.756,53.659,3,42
-0.9346,-0.4717,-0.0576,18.720,50.305,54.756,3,42
-0.8120,-1.5737,0.2148,-136.037,-6.220,-224.939,1,90
-0.8228,-1.5840,0.2275,-132.317,-7.317,-227.378,1,90
-0.8306,-1.5811,0.2266,-128.110,-8.354,-229.634,1,90
-0.8438,-1.5806,0.2427,-124.329,-9.146,-231.890,1,90
-0.8486,-1.5811,0.2378,-121.098,-10.488,-234.024,1,90
-0.8496,-1.5825,0.2568,-117.927,-11.829,-236.646,1,90
-0.8525,-1.5801,0.2568,-114.939,-12.805,-238.598,1,90
-0.8613,-1.5757,0.2661,-112.561,-14.085,-241.037,1,90
-0.9346,-0.4536,-0.0503,17.622,51.098,56.037,3,42
-0.9497,-0.4292,-0.0396,17.012,52.317,57.683,3,42
-0.9595,-0.4199,-0.0259,17.134,53.598,59.207,3,42
-0.9688,-0.4087,-0.0112,17.805,54.878,60.854,3,42
-0.9751,-0.4155,-0.0034,17.866,56.646,62.317,3,42
-0.9902,-0.4141,0.0029,18.537,58.232,63.902,3,42
-0.9927,-0.4224,0.0068,18.171,59.451,65.549,3,42
-0.9961,-0.4326,0.0059,17.561,60.976,66.707,3,42
-0.8589,-1.5669,0.2842,-110.671,-15.122,-243.049,1,90
-0.8633,-1.5732,0.2847,-108.780,-16.585,-245.427,1,90
-0.8643,-1.5703,0.2905,-107.134,-17.866,-247.683,1,90
-0.8652,-1.5723,0.2939,-105.915,-19.573,-249.695,1,90
-0.8604,-1.5723,0.2993,-104.390,-21.037,-251.951,1,90
-0.8687,-1.5776,0.3032,-103.720,-23.110,-253.963,1,90
-0.8652,-1.5811,0.3018,-103.110,-24.756,-255.793,1,90
-0.8672,-1.5767,0.3091,-102.866,-26.220,-257.988,1,90
-1.4365,-0.1050,0.0723,138.293,112.561,85.305,4,42
-1.4810,-0.1094,0.0381,133.476,114.024,83.415,4,42
-1.5190,-0.1230,-0.0391,128.720,117.866,82.195,4,42
-1.5762,-0.1147,-0.1235,124.756,124.451,81.402,4,42
-1.6553,-0.1152,-0.1494,119.939,132.988,81.159,4,42
-1.7441,-0.1226,-0.1533,112.927,143.537,81.037,4,42
-1.8188,-0.1455,-0.1343,103.659,154.329,80.244,4,42
-1.8643,-0.1753,-0.1040,94.024,163.780,77.622,4,42
-0.9536,-0.5518,-0.0483,10.244,72.317,78.171,3,42
-0.9282,-0.5234,-0.0737,10.305,73.659,79.146,3,42
-0.9219,-0.4844,-0.0796,10.061,74.695,80.061,3,42
-0.9023,-0.4468,-0.0752,7.988,74.634,80.976,3,42
-0.8760,-0.4131,-0.0801,5.061,74.451,81.768,3,42
-0.8540,-0.4067,-0.0884,1.463,74.024,82.805,3,42
-0.8262,-0.4214,-0.1045,-1.890,73.354,83.598,3,42
-0.8174,-0.4619,-0.1167,-5.244,72.744,84.390,3,42
-0.9067,-1.5752,0.3433,-103.780,-41.037,-275.305,1,90
-0.9063,-1.5703,0.3413,-104.024,-42.561,-277.195,1,90
-0.9136,-1.5601,0.3433,-103.598,-43.720,-279.024,1,90
-0.9175,-1.5537,0.3452,-104.268,-45.061,-280.793,1,90
-0.9229,-1.5532,0.3423,-103.902,-46.220,-282.927,1,90
-0.9302,-1.5469,0.3486,-103.780,-47.561,-284.756,1,90
-0.9404,-1.5337,0.3433,-103.476,-49.390,-287.378,1,90
-0.9380,-1.5342,0.3271,-102.561,-50.305,-289.329,1,90
-1.4946,-0.0396,-0.4478,70.000,198.171,30.976,4,42
-1.2002,0.0322,-0.5190,52.683,206.768,27.561,4,42
-0.8042,0.2832,-0.7148,22.866,230.915,24.451,4,42
-0.5117,0.6187,-0.6597,-4.146,234.878,33.780,4,42
-0.6606,0.4956,-1.0176,-3.293,214.512,51.098,4,42
-0.3916,0.7070,-1.2305,22.500,191.951,59.817,4,42
-0.1875,1.1807,-1.3101,10.366,171.037,67.866,4,42
0.3325,2.3462,-2.2983,-64.573,160.061,71.463,4,42
0.4043,0.9360,-0.4731,14.024,57.927,-177.500,2,90
0.4155,0.9600,-0.4834,16.707,59.939,-175.854,2,90
0.4175,0.9829,-0.4946,19.268,61.280,-173.659,2,90
0.4141,1.0010,-0.4971,21.951,62.988,-171.768,2,90
0.4072,1.0186,-0.5010,24.756,64.451,-169.512,2,90
0.4204,1.0317,-0.5059,28.049,65.549,-167.073,2,90
0.4155,1.0439,-0.5127,31.098,67.012,-164.512,2,90
0.4077,1.0645,-0.5195,33.902,67.927,-161.646,2,90
0.4194,1.0640,-0.5259,37.256,68.963,-158.780,2,90
0.4146,1.0732,-0.5317,40.915,69.451,-155.427,2,90
0.4106,1.0781,-0.5396,44.878,70.061,-152.012,2,90
0.4077,1.0767,-0.5542,48.049,70.732,-148.537,2,90
0.4121,1.0737,-0.5483,51.707,70.976,-144.695,2,90
0.4028,1.0679,-0.5532,55.671,71.341,-141.463,2,90
0.4038,1.0615,-0.5591,59.573,71.707,-137.317,2,90
0.4028,1.0518,-0.5474,63.476,72.195,-133.659,2,90
-0.7813,-0.0400,-0.3208,-77.500,51.524,96.220,3,42
-0.7104,0.0137,-0.5400,-79.390,49.451,93.354,3,42
-0.7222,0.0552,-0.6035,-75.549,50.732,90.183,3,42
-0.7085,0.1533,-0.6030,-72.744,51.585,86.646,3,42
-0.7021,0.1348,-0.6743,-70.366,53.049,84.756,3,42
-0.7227,0.1001,-0.6777,-65.793,54.756,82.988,3,42
-0.7661,0.0830,-0.6143,-62.256,55.793,81.524,3,42
-0.7959,0.0420,-0.5376,-60.244,56.159,80.427,3,42
0.4023,1.0464,-0.5376,67.378,72.500,-129.878,2,90
0.3989,1.0400,-0.5283,70.305,72.866,-126.646,2,90
0.4087,1.0264,-0.5190,73.354,73.354,-123.293,2,90
0.4263,1.0200,-0.5176,76.463,73.537,-120.122,2,90
0.4355,1.0239,-0.5200,79.024,73.659,-117.073,2,90
0.4526,1.0220,-0.5000,81.341,74.390,-114.024,2,90
0.4673,1.0342,-0.5132,83.293,74.634,-110.793,2,90
0.4902,1.0347,-0.5015,84.878,75.305,-107.866,2,90
-1.0259,-1.3779,0.0942,-125.793,-72.439,-338.049,1,90
-1.0347,-1.3643,0.0952,-128.049,-72.622,-338.293,1,90
-1.0464,-1.3433,0.1016,-130.000,-73.354,-338.171,1,90
-1.0649,-1.3247,0.0957,-132.622,-73.902,-337.378,1,90
-1.0728,-1.3081,0.0898,-134.878,-74.207,-336.341,1,90
-1.0981,-1.2881,0.0796,-139.146,-75.305,-334.024,1,90
-1.1108,-1.2764,0.0576,-141.646,-76.280,-331.585,1,90
-1.1230,-1.2710,0.0454,-144.878,-76.585,-328.720,1,90
-1.1274,-0.1597,-0.2446,-82.378,39.573,71.402,3,42
-1.0962,-0.1865,-0.2642,-79.024,40.610,70.549,3,42
-1.0425,-0.2236,-0.2837,-74.878,42.256,68.963,3,42
-0.9624,-0.2363,-0.3110,-70.793,43.902,67.073,3,42
-0.8696,-0.2363,-0.3320,-66.829,45.122,64.878,3,42
-0.8081,-0.2021,-0.3687,-63.537,46.341,62.622,3,42
-0.7695,-0.1548,-0.4014,-61.159,46.220,60.427,3,42
-0.7715,-0.0874,-0.4214,-58.963,45.671,58.232,3,42
0.8062,1.2070,-0.5503,81.098,80.427,-81.098,2,90
0.8623,1.2212,-0.5513,79.634,81.646,-78.537,2,90
0.9063,1.2510,-0.5479,76.951,82.073,-76.829,2,90
0.9658,1.2754,-0.5601,74.268,82.622,-74.390,2,90
1.0161,1.2979,-0.5645,71.463,82.744,-72.866,2,90
1.0708,1.3252,-0.5742,68.902,82.805,-71.098,2,90
1.1274,1.3374,-0.5879,66.280,82.195,-69.085,2,90
1.1733,1.3608,-0.6069,64.512,81.159,-67.439,2,90
-1.3813,-1.2153,-0.2856,-171.524,-73.476,-285.915,1,90
-1.4248,-1.1880,-0.3081,-173.049,-71.341,-279.939,1,90
-1.4751,-1.1592,-0.3491,-174.207,-68.963,-273.476,1,90
-1.5181,-1.1211,-0.3564,-174.695,-66.524,-266.768,1,90
-1.5620,-1.0781,-0.3682,-174.207,-64.024,-260.244,1,90
-1.6118,-1.0405,-0.3779,-172.988,-61.402,-253.780,1,90
-1.6440,-0.9863,-0.3823,-171.280,-58.963,-248.110,1,90
-1.6719,-0.9375,-0.3730,-168.720,-56.098,-241.951,1,90
-0.8623,0.1826,-0.1440,-57.317,34.939,49.207,3,42
-0.9448,0.2153,-0.1592,-54.085,34.573,49.634,3,42
-1.0630,0.2017,-0.2061,-48.476,34.268,48.963,3,42
-1.1919,0.1577,-0.2593,-41.220,35.122,47.561,3,42
-1.2446,0.1187,-0.3042,-33.902,36.585,45.122,3,42
-1.1606,0.0986,-0.3159,-26.524,39.085,41.220,3,42
-0.9858,0.0986,-0.3232,-19.634,40.305,36.768,3,42
-0.7656,0.1616,-0.3022,-13.841,40.366,32.439,3,42
1.2368,1.4604,-0.8608,56.098,57.195,-50.000,2,90
1.2280,1.4697,-0.8794,55.854,56.402,-48.476,2,90
1.2217,1.4819,-0.8945,54.207,55.488,-45.732,2,90
1.2129,1.4946,-0.9121,49.695,55.427,-41.402,2,90
1.2241,1.5029,-0.9165,48.049,55.793,-39.512,2,90
1.2402,1.5093,-0.9155,43.902,56.707,-35.610,2,90
1.2603,1.5107,-0.9229,39.268,58.110,-31.524,2,90
1.2915,1.5132,-0.9048,34.329,59.512,-26.707,2,90
-1.6885,-0.3125,-0.2344,-125.854,-24.024,-190.244,1,90
-1.6797,-0.2266,-0.2080,-120.000,-20.732,-182.927,1,90
-1.6797,-0.1411,-0.1860,-114.451,-17.805,-175.305,1,90
-1.6797,-0.0508,-0.1626,-108.902,-15.488,-166.768,1,90
-1.6924,0.0791,-0.1338,-100.122,-12.683,-152.195,1,90
-1.7065,0.1719,-0.1206,-93.598,-10.793,-141.829,1,90
-1.7271,0.2686,-0.1187,-87.622,-8.659,-131.098,1,90
-1.7466,0.3530,-0.1143,-81.037,-6.037,-119.085,1,90
-0.7275,0.2188,-0.4297,25.183,29.878,9.329,3,42
-0.7559,0.2217,-0.4072,25.793,28.110,7.622,3,42
-0.8418,0.2529,-0.3599,26.646,24.268,4.207,3,42
-0.9971,0.2974,-0.2949,26.159,17.500,0.732,3,42
-1.0942,0.2949,-0.2661,27.073,13.415,-1.402,3,42
-1.1616,0.2554,-0.2520,27.988,9.390,-3.780,3,42
-1.1826,0.1743,-0.2480,29.329,5.549,-6.463,3,42
-1.1636,0.0898,-0.2617,30.427,2.561,-9.207,3,42
1.4785,1.3906,-0.7988,-1.280,45.305,22.805,2,90
1.5044,1.3848,-0.7969,-4.939,42.683,26.585,2,90
1.5254,1.3765,-0.7969,-9.451,40.000,30.488,2,90
1.5400,1.3662,-0.7827,-14.024,38.537,34.756,2,90
1.5562,1.3638,-0.7871,-19.146,36.402,39.024,2,90
1.5698,1.3501,-0.7769,-24.512,34.634,43.598,2,90
1.5757,1.3369,-0.7554,-30.000,32.927,47.561,2,90
1.5854,1.3237,-0.7397,-34.695,30.488,52.378,2,90
-1.8276,0.7290,-0.2666,3.902,25.061,-25.488,1,90
-1.8013,0.7295,-0.2900,9.939,26.341,-17.195,1,90
-1.7744,0.7188,-0.3208,15.061,26.524,-9.024,1,90
-1.7222,0.7056,-0.3521,18.598,26.220,-1.829,1,90
-1.6685,0.6689,-0.3711,21.829,25.915,5.000,1,90
-1.6226,0.6514,-0.3940,24.817,25.671,11.524,1,90
-1.5728,0.6353,-0.4063,27.134,25.854,18.537,1,90
-1.5234,0.6167,-0.4253,29.085,26.280,26.098,1,90
-1.4775,0.5986,-0.4302,30.366,27.561,33.659,1,90
-1.4473,0.5820,-0.4521,32.134,28.598,40.976,1,90
-1.4009,0.5757,-0.4658,32.073,30.000,48.963,1,90
-1.3745,0.5596,-0.4966,32.012,31.341,57.378,1,90
-1.3379,0.5522,-0.5337,31.951,32.744,65.610,1,90
-1.3057,0.5410,-0.5571,30.915,34.390,74.817,1,90
-1.2734,0.5308,-0.5967,31.037,35.915,83.537,1,90
-1.2500,0.5186,-0.6328,30.671,37.561,92.744,1,90
-1.0254,0.0029,-0.2695,35.061,-24.268,-46.707,3,42
-1.0444,-0.0479,-0.2554,35.976,-23.963,-48.110,3,42
-1.0815,-0.0933,-0.2554,36.341,-23.232,-49.756,3,42
-1.1079,-0.1436,-0.2573,36.646,-22.927,-51.524,3,42
-1.1279,-0.1953,-0.2549,36.341,-21.951,-53.049,3,42
-1.1196,-0.2212,-0.2549,35.610,-21.402,-54.390,3,42
-1.0923,-0.2417,-0.2534,33.841,-21.159,-56.463,3,42
-1.0586,-0.2456,-0.2490,32.012,-20.366,-58.963,3,42
1.2793,1.2280,-0.7085,-70.793,-49.024,119.268,2,90
1.2729,1.2144,-0.7041,-69.756,-52.744,124.146,2,90
1.2490,1.1963,-0.6919,-67.927,-56.341,128.720,2,90
1.2563,1.1655,-0.6743,-65.854,-59.939,133.354,2,90
1.2539,1.1436,-0.6646,-63.171,-63.415,137.439,2,90
1.2495,1.1094,-0.6382,-60.366,-66.463,141.768,2,90
1.2573,1.0845,-0.6230,-58.049,-69.756,145.549,2,90
1.2598,1.0479,-0.5908,-55.610,-72.195,149.390,2,90
-2.2998,-2.0278,2.4434,-136.220,176.220,1.829,4,42
-2.2554,-2.0430,2.6221,-155.366,172.134,5.061,4,42
-2.2813,-2.0840,2.8188,-174.390,169.268,6.707,4,42
-2.3062,-2.0908,3.0723,-189.024,163.232,6.890,4,42
-2.3081,-2.0034,3.2778,-200.915,154.512,7.012,4,42
-2.2998,-1.9263,3.3496,-214.146,146.707,6.829,4,42
-2.2886,-1.8311,3.2476,-230.244,141.098,5.793,4,42
-2.2661,-1.6831,2.9048,-244.085,136.890,3.537,4,42
1.2739,1.0142,-0.5693,-53.537,-74.268,153.232,2,90
1.2637,0.9785,-0.5547,-51.585,-76.098,156.463,2,90
1.2739,0.9355,-0.5283,-49.451,-78.110,160.183,2,90
1.2646,0.9131,-0.5039,-47.500,-79.085,163.598,2,90
1.2588,0.8774,-0.4888,-45.305,-80.366,166.890,2,90
1.2437,0.8438,-0.4668,-43.780,-81.280,170.122,2,90
1.2339,0.8125,-0.4507,-41.524,-81.768,173.293,2,90
1.2134,0.7871,-0.4502,-38.902,-82.378,176.646,2,90
-2.1904,-1.4526,2.2725,-257.866,133.598,0.000,4,42
-2.0947,-1.1484,1.4907,-269.878,129.207,-4.634,4,42
-1.9766,-0.8184,0.8433,-275.061,122.866,-8.232,4,42
-1.8574,-0.4976,0.4175,-272.134,116.220,-7.195,4,42
-1.8208,-0.3247,0.1133,-267.744,116.646,-4.085,4,42
-1.8369,-0.2881,0.0303,-263.659,123.171,-3.171,4,42
-1.8154,-0.2412,0.1636,-256.037,129.451,-7.134,4,42
-1.6641,-0.2202,0.4512,-251.768,130.244,-16.159,4,42
1.1909,0.7651,-0.4507,-35.793,-82.378,179.634,2,90
1.1641,0.7476,-0.4370,-32.256,-82.683,182.012,2,90
1.1353,0.7339,-0.4282,-28.780,-82.439,184.573,2,90
1.1050,0.7227,-0.4092,-26.098,-82.012,186.829,2,90
1.0454,0.7144,-0.3970,-23.232,-81.829,188.293,2,90
1.0068,0.6973,-0.3740,-21.220,-81.768,189.878,2,90
0.9570,0.6885,-0.3550,-18.476,-81.585,191.098,2,90
0.9116,0.6704,-0.3423,-16.585,-81.585,192.561,2,90
-1.1914,-0.2734,0.6831,-258.720,136.768,-32.744,4,42
-1.6289,-0.4326,1.1108,-260.976,128.659,-47.073,4,42
-1.3799,-0.5688,1.3462,-258.963,102.683,-57.134,4,42
-1.7173,-0.7427,1.4546,-259.268,84.207,-63.232,4,42
-2.3379,-0.9351,1.5571,-246.890,54.878,-69.695,4,42
-2.6084,-0.9785,1.4575,-225.854,20.549,-75.061,4,42
-2.5815,-1.0000,1.2783,-204.390,2.561,-82.439,4,42
-2.3330,-0.9819,1.2183,-175.366,-6.768,-86.341,4,42
0.8540,0.6563,-0.3262,-14.146,-81.585,193.659,2,90
0.8198,0.6445,-0.3154,-11.890,-81.646,195.000,2,90
0.7695,0.6255,-0.2959,-9.024,-81.829,196.524,2,90
0.7261,0.6147,-0.2930,-6.524,-82.195,197.439,2,90
0.6885,0.5898,-0.2788,-3.720,-82.561,198.841,2,90
0.6367,0.5791,-0.2793,-0.793,-82.866,200.366,2,90
0.6021,0.5581,-0.2705,1.585,-82.744,201.463,2,90
0.5605,0.5435,-0.2637,4.451,-83.232,202.744,2,90
-1.3823,-0.7417,1.4312,-138.537,-18.476,-91.463,4,42
-0.9683,-0.4541,1.5820,-130.976,-35.732,-90.915,4,42
-0.8115,-0.2954,1.5854,-128.537,-47.439,-87.134,4,42
-0.4346,-0.0156,1.5181,-122.866,-66.037,-77.317,4,42
-0.0156,0.3477,1.4736,-116.402,-71.524,-76.829,4,42
-0.0313,0.5317,1.5020,-115.122,-58.963,-84.756,4,42
-0.1714,0.7266,1.5918,-103.354,-47.988,-94.451,4,42
-0.1372,0.8960,1.7383,-89.939,-49.085,-101.220,4,42
-0.6255,-0.3296,-0.3691,39.451,130.427,279.634,1,90
-0.6089,-0.3599,-0.3628,37.134,130.122,280.915,1,90
-0.5957,-0.4067,-0.3560,35.244,129.634,283.110,1,90
-0.5708,-0.4731,-0.3350,36.220,128.293,286.037,1,90
-0.5693,-0.5205,-0.2983,37.622,127.378,288.293,1,90
-0.5571,-0.5503,-0.2720,39.146,125.854,290.244,1,90
-0.5645,-0.5864,-0.2329,39.512,125.488,292.683,1,90
-0.5645,-0.6294,-0.2095,39.512,124.695,295.244,1,90
-0.3540,0.9458,1.9092,-78.354,-53.598,-105.610,4,42
-0.5728,1.0503,2.0913,-71.463,-68.476,-104.817,4,42
-0.8330,1.1172,2.2954,-71.280,-94.085,-99.939,4,42
-1.0620,1.1230,2.3779,-75.305,-129.085,-93.841,4,42
-1.1553,0.9492,2.2666,-82.134,-158.841,-91.951,4,42
-1.1016,0.7393,2.0801,-93.110,-176.220,-100.793,4,42
-0.9800,0.5361,1.8940,-105.976,-179.695,-117.622,4,42
-0.8252,0.3486,1.7817,-117.805,-176.585,-136.463,4,42
0.2490,0.3916,-0.2319,24.756,-86.037,204.573,2,90
0.2222,0.3784,-0.2456,26.829,-86.098,203.293,2,90
0.1865,0.3569,-0.2529,29.268,-85.732,202.256,2,90
0.1646,0.3521,-0.2578,31.220,-85.488,200.732,2,90
0.1348,0.3433,-0.2715,33.354,-84.878,199.024,2,90
0.1074,0.3350,-0.2891,35.061,-83.902,197.134,2,90
0.0840,0.3291,-0.2969,36.463,-82.561,194.756,2,90
0.0620,0.3140,-0.3213,37.805,-81.220,192.805,2,90
-0.7021,0.1709,1.7314,-129.085,-172.012,-153.415,4,42
-0.6182,-0.0015,1.7324,-139.939,-169.817,-167.195,4,42
-0.5835,-0.1650,1.7363,-150.976,-171.829,-178.232,4,42
-0.6270,-0.3042,1.7285,-161.829,-177.988,-185.732,4,42
-0.6729,-0.4126,1.7080,-169.878,-187.195,-191.037,4,42
-0.7686,-0.4888,1.6597,-175.122,-197.805,-195.183,4,42
-0.8457,-0.5225,1.6089,-176.646,-209.329,-198.232,4,42
-0.9355,-0.5063,1.5713,-175.000,-219.573,-200.000,4,42
-0.7012,-1.2651,-0.1250,-2.317,116.585,308.110,1,90
-0.7144,-1.3594,-0.1431,-10.000,113.963,307.988,1,90
-0.7144,-1.4590,-0.1719,-17.256,110.732,307.927,1,90
-0.7202,-1.5615,-0.1987,-23.110,108.171,308.293,1,90
-0.7290,-1.6445,-0.2275,-28.598,105.244,309.329,1,90
-0.7393,-1.7139,-0.2349,-33.293,102.439,310.305,1,90
-0.7505,-1.7690,-0.2441,-36.585,99.756,311.524,1,90
-0.7539,-1.8110,-0.2422,-38.537,98.537,312.744,1,90
-1.0190,-0.4473,1.5415,-171.463,-229.695,-201.098,4,42
-1.0908,-0.3569,1.5327,-167.073,-239.573,-201.707,4,42
-1.1563,-0.2485,1.5220,-162.012,-249.512,-201.463,4,42
-1.2056,-0.1318,1.5269,-158.110,-260.000,-201.098,4,42
-1.2568,-0.0195,1.5293,-155.000,-271.463,-200.854,4,42
-1.3228,0.0879,1.5342,-154.573,-282.683,-201.280,4,42
-1.3706,0.1821,1.5352,-155.183,-294.085,-201.829,4,42
-1.4155,0.2734,1.5146,-156.159,-304.329,-202.988,4,42
-0.1162,0.2935,-0.4067,37.988,-60.793,170.000,2,90
-0.1270,0.2837,-0.4233,37.378,-58.110,167.683,2,90
-0.1426,0.2832,-0.4277,36.768,-55.488,164.878,2,90
-0.1509,0.2847,-0.4385,36.098,-52.439,162.805,2,90
-0.1514,0.2681,-0.4360,35.915,-49.634,160.122,2,90
-0.1655,0.2754,-0.4365,35.488,-46.890,157.622,2,90
-0.1655,0.2573,-0.4502,35.244,-43.902,155.061,2,90
-0.1475,0.2554,-0.4502,35.000,-40.854,152.744,2,90
-1.4683,0.3521,1.4976,-156.890,-313.537,-204.634,4,42
-1.5459,0.3979,1.5015,-157.805,-320.610,-207.500,4,42
-1.6211,0.4424,1.4937,-158.780,-326.280,-211.402,4,42
-1.6958,0.4409,1.5054,-159.207,-331.098,-217.073,4,42
-1.7803,0.4341,1.5156,-158.659,-335.366,-224.085,4,42
-1.8652,0.4180,1.5132,-155.976,-339.451,-231.768,4,42
-1.9297,0.3799,1.5044,-151.098,-343.963,-239.939,4,42
-2.0010,0.3296,1.4902,-144.695,-348.841,-247.256,4,42
-0.9038,-0.3213,-0.1680,-1.646,-47.195,-39.085,3,42
-0.9053,-0.3340,-0.1792,-1.585,-46.463,-38.537,3,42
-0.9126,-0.3428,-0.1738,-0.732,-45.244,-37.866,3,42
-0.9312,-0.3481,-0.1626,-1.098,-44.207,-36.951,3,42
-0.9409,-0.3594,-0.1597,-2.012,-43.476,-36.524,3,42
-0.9429,-0.3867,-0.1499,-2.500,-42.195,-35.976,3,42
-0.9438,-0.4160,-0.1411,-0.854,-40.366,-34.817,3,42
-0.9438,-0.4287,-0.1470,0.366,-38.902,-33.415,3,42
-0.0430,0.2129,-0.4282,26.220,-14.146,131.890,2,90
-0.0239,0.2075,-0.4316,25.244,-12.317,129.756,2,90
0.0049,0.2070,-0.4268,23.720,-10.366,127.683,2,90
0.0190,0.2075,-0.4258,21.829,-8.963,125.732,2,90
0.0317,0.2012,-0.4126,19.512,-7.805,123.780,2,90
0.0400,0.1973,-0.4175,17.622,-6.463,121.585,2,90
0.0591,0.1890,-0.4155,16.037,-5.366,119.634,2,90
0.0698,0.1899,-0.4150,13.902,-4.817,117.317,2,90
-0.9458,-0.4307,-0.1406,0.671,-37.927,-33.049,3,42
-0.9473,-0.4165,-0.1328,1.098,-36.890,-32.622,3,42
-0.9463,-0.3862,-0.1201,0.427,-36.768,-32.500,3,42
-0.9487,-0.3682,-0.1113,-1.341,-37.012,-32.561,3,42
-0.9414,-0.3579,-0.1177,-3.476,-37.378,-32.622,3,42
-0.9487,-0.3462,-0.1333,-5.061,-37.866,-32.988,3,42
-0.9600,-0.3325,-0.1367,-6.585,-38.354,-33.293,3,42
-0.9697,-0.3296,-0.1221,-7.683,-38.049,-33.537,3,42
0.0762,0.1846,-0.4072,11.951,-4.085,114.939,2,90
0.0840,0.1802,-0.4116,9.573,-3.902,112.622,2,90
0.0835,0.1816,-0.4067,7.500,-3.110,110.000,2,90
0.0786,0.1836,-0.4053,4.878,-2.988,107.561,2,90
0.0825,0.1826,-0.4077,2.500,-2.439,105.061,2,90
0.0918,0.1816,-0.4146,-0.366,-1.707,102.256,2,90
0.0874,0.1792,-0.4141,-2.866,-1.463,99.695,2,90
0.0874,0.1846,-0.4170,-5.244,-0.183,97.012,2,90
-0.9756,-0.3188,-0.1177,-8.963,-37.744,-34.024,3,42
-0.9858,-0.3159,-0.1099,-9.207,-37.927,-33.902,3,42
-0.9878,-0.3105,-0.0981,-10.610,-37.622,-34.329,3,42
-0.9893,-0.2998,-0.0854,-11.037,-37.256,-34.695,3,42
-0.9824,-0.2788,-0.0786,-12.134,-37.195,-34.878,3,42
-0.9824,-0.2720,-0.0732,-13.293,-37.317,-34.939,3,42
-0.9629,-0.2544,-0.0508,-14.695,-37.744,-35.366,3,42
-0.9507,-0.2422,-0.0444,-15.976,-37.683,-35.366,3,42
0.0825,0.1885,-0.4268,-7.622,0.732,94.085,2,90
0.0884,0.1885,-0.4204,-9.451,2.256,91.646,2,90
0.0942,0.2046,-0.4312,-11.220,3.659,89.024,2,90
0.0894,0.2104,-0.4346,-13.110,5.305,86.280,2,90
0.0952,0.2217,-0.4478,-14.878,7.134,83.902,2,90
0.0942,0.2422,-0.4473,-15.976,8.902,81.098,2,90
0.1084,0.2588,-0.4595,-17.805,10.732,78.415,2,90
0.1084,0.2808,-0.4551,-18.659,12.378,75.793,2,90
-0.9517,-0.2183,-0.0215,-17.439,-37.439,-35.549,3,42
-0.9395,-0.2075,-0.0054,-17.805,-37.439,-35.793,3,42
-0.9380,-0.1890,0.0103,-18.354,-36.951,-35.610,3,42
-0.9277,-0.1689,-0.0054,-20.366,-37.561,-35.183,3,42
-0.9272,-0.1563,0.0327,-22.622,-37.744,-34.512,3,42
-0.9395,-0.1621,0.0356,-23.963,-36.890,-33.780,3,42
-0.9702,-0.2222,0.0737,-24.817,-34.573,-32.988,3,42
-1.0205,-0.2856,0.0713,-25.915,-32.866,-31.890,3,42
0.1152,0.3018,-0.4639,-19.390,14.268,73.476,2,90
0.1162,0.3257,-0.4707,-19.695,16.341,71.159,2,90
0.1196,0.3511,-0.4614,-20.305,17.927,68.415,2,90
0.1235,0.3774,-0.4644,-21.159,19.451,66.463,2,90
0.1294,0.4019,-0.4663,-21.524,20.915,64.756,2,90
0.1240,0.4233,-0.4648,-21.646,22.195,62.988,2,90
0.1279,0.4473,-0.4595,-21.280,23.659,61.341,2,90
0.1304,0.4707,-0.4663,-20.549,25.183,59.817,2,90
-1.0508,-0.3687,0.0269,-25.793,-31.341,-29.939,3,42
-1.0244,-0.4644,-0.1118,-25.122,-28.659,-29.512,3,42
-0.9746,-0.4990,-0.1816,-20.366,-26.037,-30.610,3,42
-0.9424,-0.4604,-0.1826,-19.573,-24.756,-33.171,3,42
-0.9351,-0.4277,-0.1489,-20.366,-25.854,-34.634,3,42
-0.9438,-0.4395,-0.1270,-21.098,-25.549,-33.476,3,42
-0.9712,-0.4644,-0.1440,-20.854,-24.024,-31.829,3,42
-0.9780,-0.4688,-0.1934,-20.549,-22.988,-31.890,3,42
0.7397,-1.8501,-0.1514,92.622,91.951,61.890,1,90
0.7930,-1.8477,-0.1328,92.683,88.963,57.500,1,90
0.8413,-1.8374,-0.1216,92.378,85.671,52.500,1,90
0.8789,-1.8330,-0.1133,91.220,82.561,48.049,1,90
0.9165,-1.8286,-0.0938,89.939,79.268,43.110,1,90
0.9541,-1.8276,-0.0967,88.171,75.732,39.024,1,90
0.9863,-1.8154,-0.0854,85.610,72.317,34.756,1,90
1.0186,-1.8188,-0.0835,83.354,68.720,30.732,1,90
-0.4854,-1.4966,0.3955,125.915,-324.268,89.573,4,42
1.3252,-1.7661,-0.7734,21.341,-347.805,92.744,4,42
2.7261,-1.9541,-1.8052,-40.061,-303.780,101.341,4,42
2.9307,-2.0771,-2.2329,-42.378,-236.463,113.415,4,42
2.4243,-1.8101,-2.2910,48.293,-155.854,127.805,4,42
1.5737,-1.2734,-1.9434,159.390,-74.756,138.293,4,42
0.8799,-0.8657,-1.4297,252.256,-7.195,139.268,4,42
-0.0249,-0.4985,-0.8828,303.963,28.902,126.951,4,42
-0.9956,-0.3120,-0.1826,-20.488,-27.683,-39.085,3,42
-0.9946,-0.3252,-0.1753,-19.695,-28.415,-40.305,3,42
-0.9951,-0.3218,-0.1592,-20.305,-29.085,-41.768,3,42
-0.9927,-0.3198,-0.1523,-22.439,-31.220,-43.171,3,42
-0.9839,-0.3057,-0.1343,-24.878,-33.476,-44.695,3,42
-0.9780,-0.2905,-0.1284,-27.378,-35.427,-46.890,3,42
-0.9351,-0.2856,-0.1592,-28.476,-36.890,-47.927,3,42
-0.9268,-0.2588,-0.1294,-28.049,-36.402,-46.768,3,42
0.1260,0.4209,-0.3467,-6.037,38.841,37.195,2,90
0.1387,0.3979,-0.3472,-4.878,40.244,35.183,2,90
0.1548,0.3760,-0.3457,-4.329,41.463,33.110,2,90
0.1675,0.3516,-0.3394,-3.537,43.049,31.037,2,90
0.1821,0.3486,-0.3354,-3.110,44.451,29.024,2,90
0.2012,0.3267,-0.3252,-3.232,45.915,26.646,2,90
0.2148,0.3169,-0.3218,-3.049,47.500,24.878,2,90
0.2314,0.3164,-0.3047,-4.146,48.841,22.561,2,90
-0.9414,-0.2373,-0.0854,-27.683,-35.854,-46.037,3,42
-0.9468,-0.2144,-0.0889,-29.024,-37.012,-46.524,3,42
-0.9526,-0.2231,-0.1011,-29.634,-38.049,-46.890,3,42
-0.9526,-0.2520,-0.1255,-28.110,-38.780,-47.256,3,42
-0.9526,-0.2803,-0.1538,-25.366,-38.354,-47.012,3,42
-0.9561,-0.3076,-0.1489,-20.427,-35.976,-47.195,3,42
-0.9585,-0.3306,-0.1206,-14.878,-33.720,-46.646,3,42
-0.9648,-0.3247,-0.0850,-10.793,-31.402,-45.915,3,42
0.8823,-1.6963,-0.3071,9.939,5.183,-8.110,1,90
0.8647,-1.6841,-0.3145,6.098,3.476,-10.732,1,90
0.8350,-1.6743,-0.3301,2.927,1.890,-13.780,1,90
0.8213,-1.6597,-0.3457,-0.244,0.610,-17.012,1,90
0.8052,-1.6436,-0.3540,-3.293,-1.159,-20.061,1,90
0.7925,-1.6216,-0.3545,-5.488,-2.317,-23.659,1,90
0.7856,-1.6035,-0.3555,-7.927,-3.841,-27.317,1,90
0.7910,-1.5820,-0.3687,-10.000,-4.512,-30.793,1,90
-0.3843,0.8257,-1.9287,215.488,-20.549,44.085,4,42
-0.5015,1.0928,-1.7817,202.500,-34.146,55.732,4,42
-0.6289,1.3438,-1.6162,187.744,-42.195,65.061,4,42
-0.7817,1.6123,-1.4619,171.341,-45.488,70.549,4,42
-0.9985,1.9209,-1.3438,150.793,-44.268,69.512,4,42
-1.2603,2.1768,-1.2207,126.280,-37.927,61.463,4,42
-1.4658,2.2788,-1.1401,107.683,-18.659,49.573,4,42
-1.6187,2.2539,-1.1455,98.902,25.671,39.573,4,42
0.3613,0.3057,-0.2456,-18.780,48.780,5.671,2,90
0.3594,0.3008,-0.2451,-20.305,47.561,4.207,2,90
0.3677,0.3032,-0.2432,-21.402,46.220,2.439,2,90
0.3711,0.3091,-0.2461,-22.256,44.756,1.037,2,90
0.3779,0.3081,-0.2456,-23.110,43.232,-0.976,2,90
0.3760,0.3081,-0.2383,-24.085,41.463,-2.866,2,90
0.3867,0.3125,-0.2524,-24.634,40.305,-4.695,2,90
0.3862,0.3110,-0.2471,-25.610,38.354,-7.012,2,90
0.8096,-1.4409,-0.3101,-22.256,-13.780,-62.744,1,90
0.8184,-1.4346,-0.3003,-22.927,-14.512,-66.098,1,90
0.8115,-1.4180,-0.2959,-23.293,-15.671,-69.024,1,90
0.8140,-1.4165,-0.2939,-23.476,-17.073,-71.890,1,90
0.8105,-1.4072,-0.2764,-23.780,-17.683,-74.329,1,90
0.8110,-1.4014,-0.2725,-24.085,-18.963,-76.768,1,90
0.7983,-1.3994,-0.2593,-24.085,-19.878,-79.695,1,90
0.7891,-1.4033,-0.2422,-23.720,-21.037,-81.890,1,90
-0.8203,-0.5942,-0.1362,32.378,2.622,-29.390,3,42
-0.8149,-0.6099,-0.1357,32.988,3.415,-28.537,3,42
-0.8154,-0.6304,-0.1255,35.122,4.939,-26.098,3,42
-0.8413,-0.6323,-0.0903,37.561,8.049,-23.659,3,42
-0.8608,-0.6221,-0.1094,37.927,8.841,-21.585,3,42
-0.8652,-0.6118,-0.1396,33.780,6.524,-20.488,3,42
-0.8848,-0.6138,-0.1494,30.976,5.000,-19.939,3,42
-0.8950,-0.6025,-0.1538,28.720,4.207,-18.963,3,42
0.4048,0.3159,-0.3706,-25.671,24.756,-29.390,2,90
0.4180,0.3203,-0.3877,-25.610,23.780,-32.012,2,90
0.4072,0.3179,-0.4092,-25.671,23.354,-34.451,2,90
0.4028,0.3193,-0.4204,-25.549,22.500,-37.195,2,90
0.4111,0.3296,-0.4316,-24.817,22.317,-39.085,2,90
0.4028,0.3281,-0.4443,-24.329,21.829,-41.646,2,90
0.4019,0.3374,-0.4575,-23.780,21.829,-43.659,2,90
0.3911,0.3374,-0.4683,-23.598,21.585,-45.854,2,90
-1.7622,-0.8105,-0.2817,303.841,19.634,87.866,4,42
-1.9072,-0.9170,-0.3696,302.866,19.817,80.549,4,42
-1.9448,-1.0371,-0.4453,303.659,21.098,74.207,4,42
-1.8613,-1.1714,-0.5073,302.195,27.805,68.720,4,42
-1.7109,-1.2588,-0.5171,298.598,37.744,65.427,4,42
-1.5229,-1.3042,-0.5439,289.817,48.476,63.171,4,42
-1.3687,-1.3110,-0.5435,272.683,60.854,59.939,4,42
-1.2383,-1.3003,-0.5186,252.073,74.390,56.159,4,42
0.3931,0.3501,-0.4683,-23.049,21.646,-47.988,2,90
0.3892,0.3594,-0.4629,-22.622,21.646,-50.122,2,90
0.3936,0.3594,-0.4619,-22.561,21.402,-52.744,2,90
0.3931,0.3682,-0.4609,-22.744,21.829,-54.817,2,90
0.3916,0.3877,-0.4434,-22.927,21.951,-57.073,2,90
0.3931,0.3877,-0.4346,-23.598,22.195,-59.085,2,90
0.4014,0.3877,-0.4248,-24.146,22.317,-61.280,2,90
0.4023,0.3853,-0.4063,-24.451,22.134,-63.171,2,90
0.4688,-1.4287,-0.1221,-22.500,-38.963,-113.963,1,90
0.4507,-1.4287,-0.1104,-22.744,-40.305,-115.671,1,90
0.4346,-1.4272,-0.1064,-22.317,-41.646,-116.951,1,90
0.4253,-1.4209,-0.1099,-22.073,-42.378,-118.537,1,90
0.5410,-1.4307,-0.1440,-22.744,-34.695,-107.500,1,90
0.3955,-1.4170,-0.0942,-21.037,-45.244,-121.159,1,90
0.3760,-1.4180,-0.0923,-20.183,-46.646,-122.500,1,90
0.3579,-1.4097,-0.0815,-19.878,-47.622,-123.902,1,90
-0.8936,-0.4385,-0.1001,2.866,-1.098,4.756,3,42
-0.9092,-0.4019,-0.0957,1.707,-1.890,6.341,3,42
-0.9146,-0.3926,-0.0864,1.159,-2.073,7.256,3,42
-0.9355,-0.3940,-0.0635,2.805,-1.220,8.841,3,42
-0.9536,-0.3901,-0.0532,5.610,1.280,9.817,3,42
-0.9849,-0.4014,-0.0273,8.841,4.207,11.280,3,42
-1.0049,-0.4131,-0.0034,11.829,6.707,12.439,3,42
-1.0200,-0.4214,0.0063,14.329,9.756,13.110,3,42
0.3433,-1.4185,-0.0811,-19.146,-48.902,-124.939,1,90
0.3296,-1.4111,-0.0693,-18.293,-49.939,-126.402,1,90
0.3193,-1.4116,-0.0693,-17.622,-50.976,-127.622,1,90
0.3057,-1.4092,-0.0679,-16.341,-51.829,-128.902,1,90
0.2910,-1.4131,-0.0625,-16.037,-53.049,-130.366,1,90
0.2856,-1.4136,-0.0571,-15.183,-54.390,-131.646,1,90
0.2695,-1.4082,-0.0518,-14.451,-55.671,-132.744,1,90
0.2642,-1.4106,-0.0459,-13.841,-57.195,-134.512,1,90
-1.0366,-0.4106,0.0308,16.829,12.561,13.841,3,42
-1.0391,-0.3979,0.0283,18.902,14.756,14.329,3,42
-1.0283,-0.3735,0.0254,20.000,16.159,14.573,3,42
-1.0220,-0.3750,0.0176,20.305,17.134,14.512,3,42
-1.0200,-0.3740,0.0127,21.646,18.537,14.451,3,42
-1.0171,-0.3726,0.0005,22.866,19.817,14.695,3,42
-1.0142,-0.3979,-0.0171,24.268,21.037,14.390,3,42
-1.0010,-0.4165,-0.0156,25.915,22.927,14.695,3,42
0.5977,0.2778,-0.2026,-25.915,15.854,-99.390,2,90
0.6089,0.2734,-0.2104,-25.366,14.817,-102.012,2,90
0.6138,0.2598,-0.2041,-24.939,13.476,-104.390,2,90
0.6157,0.2505,-0.2021,-24.634,12.073,-106.951,2,90
0.6226,0.2456,-0.2314,-24.085,10.976,-109.390,2,90
0.6162,0.2466,-0.2295,-22.866,9.817,-112.378,2,90
0.6260,0.2339,-0.2402,-21.951,8.720,-114.939,2,90
0.6216,0.2354,-0.2559,-20.976,7.622,-117.439,2,90
-0.9961,-0.4380,-0.0210,27.439,24.756,14.756,3,42
-0.9917,-0.4390,-0.0195,29.268,26.341,15.305,3,42
-0.9780,-0.4434,-0.0132,30.488,27.683,15.610,3,42
-0.9668,-0.4321,-0.0220,31.098,28.841,15.976,3,42
-0.9595,-0.4238,-0.0190,31.768,30.305,16.951,3,42
-0.9517,-0.4146,-0.0166,33.049,31.951,17.561,3,42
-0.9541,-0.4111,-0.0127,34.024,33.110,18.415,3,42
-0.9541,-0.4150,-0.0210,35.549,34.573,19.268,3,42
0.1470,-1.4395,-0.0381,-6.585,-73.963,-145.000,1,90
0.1382,-1.4395,-0.0400,-5.793,-75.366,-146.098,1,90
0.1250,-1.4502,-0.0430,-4.573,-77.317,-147.012,1,90
0.1079,-1.4600,-0.0493,-4.024,-78.780,-148.415,1,90
0.0947,-1.4810,-0.0503,-2.683,-80.183,-149.573,1,90
0.0708,-1.4863,-0.0420,-2.134,-81.951,-150.854,1,90
0.0576,-1.4937,-0.0537,-1.098,-83.537,-152.378,1,90
0.0488,-1.5000,-0.0405,-0.061,-85.610,-153.659,1,90
-0.9507,-0.4180,-0.0210,36.341,36.341,20.061,3,42
-0.9570,-0.4214,-0.0376,37.622,37.744,21.341,3,42
-0.9434,-0.4463,-0.0581,38.232,38.780,22.012,3,42
-0.9243,-0.4619,-0.0703,39.207,40.061,23.293,3,42
-0.9160,-0.4795,-0.0786,39.939,40.854,23.902,3,42
-0.9048,-0.4902,-0.0850,40.488,41.646,25.000,3,42
-0.9009,-0.5117,-0.1060,40.854,42.378,26.098,3,42
-0.8901,-0.5249,-0.1172,41.220,43.171,27.073,3,42
0.0269,-1.5088,-0.0498,1.341,-87.622,-154.512,1,90
0.0103,-1.5142,-0.0596,2.622,-89.634,-156.220,1,90
-0.0083,-1.5200,-0.0562,3.537,-91.890,-157.256,1,90
-0.0220,-1.5298,-0.0601,5.000,-94.573,-158.476,1,90
-0.0337,-1.5371,-0.0723,6.707,-97.073,-160.000,1,90
-0.0610,-1.5435,-0.0669,8.293,-99.573,-161.829,1,90
-0.0767,-1.5537,-0.0664,9.939,-102.683,-163.293,1,90
-0.0977,-1.5635,-0.0586,11.159,-104.939,-165.061,1,90
-0.8887,-0.5288,-0.1211,41.220,43.476,28.354,3,42
-0.8867,-0.5371,-0.1348,41.220,43.720,29.512,3,42
-0.8750,-0.5459,-0.1309,40.854,43.780,30.610,3,42
-0.8770,-0.5498,-0.1343,40.366,43.780,31.585,3,42
-0.8687,-0.5522,-0.1392,38.902,43.598,32.805,3,42
-0.8687,-0.5508,-0.1411,37.988,43.354,33.902,3,42
-0.8765,-0.5547,-0.1401,36.280,42.744,35.183,3,42
-0.8730,-0.5537,-0.1465,34.573,42.134,36.341,3,42
-0.1177,-1.5630,-0.0693,12.561,-107.622,-167.073,1,90
-0.1343,-1.5674,-0.0679,14.024,-109.939,-168.963,1,90
-0.1538,-1.5654,-0.0703,16.098,-111.951,-171.037,1,90
-0.1787,-1.5625,-0.0708,17.927,-114.756,-173.293,1,90
-0.1982,-1.5581,-0.0806,20.000,-117.256,-175.549,1,90
-0.2124,-1.5439,-0.0776,21.890,-119.817,-177.561,1,90
-0.2310,-1.5498,-0.0737,23.963,-122.378,-180.000,1,90
-0.2393,-1.5391,-0.0747,26.159,-124.573,-181.890,1,90
-0.8730,-0.5596,-0.1421,31.890,41.037,37.988,3,42
-0.8721,-0.5547,-0.1406,30.549,40.732,38.476,3,42
-0.8662,-0.5557,-0.1343,28.963,40.549,39.329,3,42
-0.8662,-0.5576,-0.1328,27.012,39.878,40.793,3,42
-0.8657,-0.5503,-0.1357,25.000,39.329,41.829,3,42
-0.8682,-0.5527,-0.1172,22.439,38.780,43.963,3,42
-0.8804,-0.5498,-0.1079,20.793,39.024,45.366,3,42
-0.8789,-0.5493,-0.1152,18.049,38.476,46.463,3,42
0.6563,0.3525,-0.3701,-38.963,15.122,-146.402,2,90
0.6636,0.3525,-0.3726,-39.512,16.341,-146.646,2,90
0.6704,0.3623,-0.3828,-39.634,17.439,-146.463,2,90
0.6792,0.3691,-0.3945,-40.366,18.659,-146.646,2,90
0.6904,0.3833,-0.3857,-40.549,19.817,-146.463,2,90
0.6963,0.3955,-0.3887,-40.793,21.220,-146.585,2,90
0.7046,0.4097,-0.3896,-41.037,22.744,-146.646,2,90
0.7163,0.4224,-0.3999,-40.732,23.963,-146.280,2,90
-1.4033,-0.2266,0.4775,83.963,197.683,20.061,4,42
-1.3901,-0.2383,0.5034,80.244,195.549,19.878,4,42
-1.3643,-0.2690,0.5103,76.890,192.683,19.817,4,42
-1.3384,-0.2876,0.5337,73.780,189.146,20.183,4,42
-1.3066,-0.2944,0.5381,72.073,185.366,20.976,4,42
-1.2651,-0.2900,0.5493,71.098,181.524,21.890,4,42
-1.2305,-0.2773,0.5444,69.512,177.744,22.988,4,42
-1.1899,-0.2539,0.5444,66.646,175.549,24.207,4,42
0.7290,0.4365,-0.4077,-39.817,25.488,-146.159,2,90
0.7334,0.4595,-0.4058,-38.720,26.646,-145.610,2,90
0.7412,0.4780,-0.4097,-37.073,28.415,-145.244,2,90
0.7393,0.5000,-0.4189,-35.366,29.695,-144.451,2,90
0.7476,0.5215,-0.4229,-33.780,31.220,-144.085,2,90
0.7490,0.5430,-0.4160,-32.012,32.195,-143.537,2,90
0.7524,0.5679,-0.4404,-29.390,33.110,-142.683,2,90
0.7471,0.5889,-0.4458,-27.134,33.841,-141.829,2,90
-1.1587,-0.2334,0.5605,62.561,173.049,25.305,4,42
-1.1274,-0.2148,0.5854,56.768,170.671,25.610,4,42
-1.0947,-0.1987,0.6221,50.183,167.988,25.000,4,42
-1.0591,-0.1914,0.6475,42.988,165.610,24.329,4,42
-1.0259,-0.1782,0.6841,34.817,163.476,23.293,4,42
-0.9873,-0.1709,0.7041,25.793,161.646,22.195,4,42
-0.9507,-0.1665,0.7148,15.549,159.878,20.549,4,42
-0.9307,-0.1694,0.7334,5.793,158.171,19.390,4,42
0.7520,0.6133,-0.4624,-24.207,34.634,-141.037,2,90
0.7583,0.6406,-0.4712,-21.341,35.793,-139.817,2,90
0.7490,0.6714,-0.4678,-18.293,36.829,-138.659,2,90
0.7471,0.6968,-0.4839,-15.122,37.988,-137.134,2,90
0.7515,0.7134,-0.5024,-12.134,38.841,-135.488,2,90
0.7573,0.7446,-0.5142,-8.598,40.000,-133.476,2,90
0.7480,0.7725,-0.5293,-4.756,40.976,-131.098,2,90
0.7529,0.7974,-0.5435,-0.427,42.195,-128.841,2,90
-0.4893,-1.7378,-0.3770,45.183,-167.256,-255.854,1,90
-0.5024,-1.7437,-0.3887,43.720,-167.927,-258.780,1,90
-0.5107,-1.7500,-0.4058,42.622,-167.622,-262.012,1,90
-0.5293,-1.7515,-0.4155,40.854,-167.622,-264.756,1,90
-0.5396,-1.7515,-0.4302,39.268,-167.744,-268.232,1,90
-0.5435,-1.7441,-0.4453,37.805,-167.622,-271.524,1,90
-0.5625,-1.7476,-0.4653,35.854,-167.927,-274.817,1,90
-0.5732,-1.7388,-0.4819,33.902,-167.866,-278.110,1,90
-0.9951,-0.6689,0.0356,-35.671,48.963,93.720,3,42
-0.9927,-0.6621,0.0620,-38.354,49.512,97.439,3,42
-0.9858,-0.6294,0.0493,-40.915,50.122,101.341,3,42
-0.9927,-0.5625,-0.0098,-40.915,51.951,105.000,3,42
-1.0234,-0.4868,-0.0479,-37.256,55.610,108.902,3,42
-1.0488,-0.4282,-0.0850,-31.280,61.159,112.744,3,42
-1.0615,-0.3745,-0.1177,-22.012,67.317,115.610,3,42
-1.0571,-0.2983,-0.1484,-12.073,73.902,117.561,3,42
-0.5776,-1.7427,-0.5029,32.378,-167.988,-281.890,1,90
-0.5933,-1.7354,-0.5171,30.610,-167.927,-285.183,1,90
-0.5991,-1.7207,-0.5283,28.963,-168.049,-289.085,1,90
-0.6167,-1.7065,-0.5420,27.012,-167.866,-292.927,1,90
-0.6245,-1.6919,-0.5698,25.244,-167.927,-296.402,1,90
-0.6357,-1.6709,-0.5859,22.744,-167.683,-300.061,1,90
-0.6489,-1.6519,-0.6206,19.024,-167.500,-305.183,1,90
-0.6558,-1.6309,-0.6382,16.098,-167.317,-308.354,1,90
-1.0327,-0.2300,-0.1875,-3.171,79.268,117.744,3,42
-1.0322,-0.1929,-0.2524,3.476,82.866,116.098,3,42
-1.0352,-0.1831,-0.3022,9.329,86.585,113.415,3,42
-1.0190,-0.1992,-0.3506,13.659,90.000,109.878,3,42
-0.9766,-0.2100,-0.3833,17.012,92.805,106.220,3,42
-0.9106,-0.2139,-0.3975,17.622,94.085,102.561,3,42
-0.8389,-0.2305,-0.4023,14.512,93.171,98.415,3,42
-0.7930,-0.2148,-0.3589,8.232,90.061,95.122,3,42
-0.6660,-1.6245,-0.6689,13.293,-166.951,-311.829,1,90
-0.6689,-1.6035,-0.6821,10.183,-166.646,-315.366,1,90
-0.6812,-1.5947,-0.7061,6.524,-166.524,-318.415,1,90
-0.6943,-1.5894,-0.7354,2.622,-165.854,-321.646,1,90
-0.7056,-1.5771,-0.7441,-1.159,-165.305,-324.817,1,90
-0.7227,-1.5566,-0.7612,-5.122,-164.939,-327.744,1,90
-0.7290,-1.5327,-0.7749,-9.695,-164.512,-330.976,1,90
-0.7373,-1.5073,-0.7910,-14.390,-163.841,-333.720,1,90
-0.7422,-1.4712,-0.7998,-18.720,-163.780,-336.890,1,90
-0.7627,-1.4312,-0.8213,-22.988,-163.171,-339.512,1,90
-0.7729,-1.3882,-0.8267,-27.439,-162.439,-341.829,1,90
-0.7749,-1.3472,-0.8354,-31.524,-162.012,-344.207,1,90
-0.7788,-1.3047,-0.8428,-35.488,-161.220,-346.402,1,90
-0.7827,-1.2593,-0.8501,-39.329,-160.427,-347.988,1,90
-0.7896,-1.2168,-0.8564,-42.500,-159.146,-349.756,1,90
-0.7813,-1.1724,-0.8687,-46.098,-158.171,-351.341,1,90
-0.7695,0.3706,-0.3809,-35.183,63.659,70.183,3,42
-0.8130,0.3931,-0.3726,-32.134,64.817,70.488,3,42
-0.8726,0.4102,-0.3516,-26.098,66.524,70.671,3,42
-0.9043,0.3931,-0.3086,-21.524,67.012,70.610,3,42
-0.9150,0.3154,-0.2969,-16.707,67.500,70.854,3,42
-0.9644,0.2188,-0.2842,-14.024,66.829,68.537,3,42
-0.9897,0.1255,-0.2871,-13.110,65.000,65.366,3,42
-1.0425,0.0625,-0.2827,-12.622,62.988,63.537,3,42
0.7817,0.8677,-0.7368,133.354,28.598,6.463,2,90
0.7949,0.8652,-0.7251,132.927,27.683,11.098,2,90
0.8013,0.8633,-0.7124,132.561,26.098,15.305,2,90
0.8115,0.8540,-0.7070,131.220,25.061,19.695,2,90
0.8296,0.8462,-0.6948,129.695,23.841,23.720,2,90
0.8423,0.8516,-0.6841,127.622,22.683,27.500,2,90
0.8589,0.8574,-0.6821,125.305,21.890,31.585,2,90
0.8892,0.8579,-0.6777,122.134,20.854,35.183,2,90
-0.7603,-0.7710,-0.9219,-82.683,-152.622,-343.537,1,90
-0.7710,-0.7266,-0.9502,-87.988,-152.317,-339.878,1,90
-0.7695,-0.6836,-0.9897,-93.598,-152.012,-334.939,1,90
-0.7827,-0.6318,-1.0234,-99.878,-151.524,-329.695,1,90
-0.7993,-0.5669,-1.0591,-106.341,-151.159,-323.293,1,90
-0.8340,-0.4888,-1.1118,-116.098,-150.915,-312.134,1,90
-0.8564,-0.4248,-1.1470,-122.500,-150.915,-303.415,1,90
-0.8838,-0.3535,-1.1792,-128.598,-150.854,-293.902,1,90
-1.0249,-0.3413,-0.4126,-20.183,48.232,53.171,3,42
-0.9814,-0.3706,-0.4507,-18.598,47.805,51.890,3,42
-0.9263,-0.4048,-0.4639,-17.500,47.500,51.280,3,42
-0.8931,-0.4175,-0.4321,-17.805,46.220,50.793,3,42
-0.8687,-0.4082,-0.4009,-19.878,43.902,49.939,3,42
-0.8408,-0.3589,-0.3799,-22.744,41.220,48.720,3,42
-0.8276,-0.2827,-0.3789,-25.122,38.476,47.927,3,42
-0.8271,-0.1992,-0.3750,-26.341,36.220,47.134,3,42
1.0454,0.9155,-0.5991,96.280,15.549,59.817,2,90
1.0791,0.9302,-0.6001,93.780,15.183,61.402,2,90
1.1055,0.9443,-0.6040,91.646,14.512,63.293,2,90
1.1348,0.9502,-0.6064,89.756,14.146,64.573,2,90
1.1592,0.9658,-0.6201,88.720,13.171,66.341,2,90
1.1875,0.9756,-0.6313,87.561,11.768,68.110,2,90
1.1997,0.9814,-0.6523,86.524,10.305,69.756,2,90
1.2134,0.9917,-0.6548,85.915,8.476,71.463,2,90
-1.1821,0.3232,-1.4189,-191.159,-124.085,-191.585,1,90
-1.2139,0.4224,-1.4097,-195.000,-116.402,-180.061,1,90
-1.2271,0.5244,-1.3887,-199.634,-107.256,-168.598,1,90
-1.2153,0.6143,-1.3872,-201.585,-98.476,-157.012,1,90
-1.1948,0.6914,-1.3857,-200.305,-88.841,-145.793,1,90
-1.1660,0.7861,-1.3750,-196.402,-78.841,-134.695,1,90
-1.1240,0.8794,-1.3618,-192.622,-68.537,-123.049,1,90
-1.0762,0.9810,-1.3096,-189.390,-58.415,-110.854,1,90
-0.7202,0.3403,-0.4839,-3.720,19.573,29.451,3,42
-0.8965,0.3574,-0.3823,-0.793,17.195,29.573,3,42
-1.0542,0.3228,-0.2998,2.988,15.244,29.695,3,42
-1.1855,0.2290,-0.2305,7.561,13.780,28.720,3,42
-1.2485,0.0840,-0.1958,11.280,12.988,26.707,3,42
-1.2368,-0.0742,-0.1948,13.780,11.524,23.963,3,42
-1.1797,-0.1904,-0.2065,15.488,10.427,20.610,3,42
-1.1113,-0.2363,-0.2363,16.341,9.146,17.317,3,42
1.4038,0.8867,-0.7461,71.463,5.427,82.195,2,90
1.4321,0.8770,-0.7671,70.976,5.793,83.537,2,90
1.4448,0.8789,-0.7681,70.244,5.976,84.878,2,90
1.4546,0.8745,-0.7837,69.024,5.915,85.732,2,90
1.4541,0.8755,-0.7974,67.317,5.549,86.402,2,90
1.4385,0.8779,-0.7910,64.451,4.329,86.951,2,90
1.4116,0.8745,-0.7725,59.756,3.110,87.439,2,90
1.3818,0.8564,-0.7524,53.659,1.524,87.500,2,90
-1.0474,1.7852,-0.8970,-134.573,-20.122,82.744,1,90
-1.1094,1.8574,-0.8696,-127.134,-18.780,111.768,1,90
-1.1929,1.9146,-0.8574,-120.488,-17.744,140.854,1,90
-1.2666,1.9663,-0.8682,-114.573,-16.402,169.085,1,90
-1.3813,1.9961,-0.8975,-106.646,-14.024,208.476,1,90
-1.4473,1.9951,-0.9175,-101.098,-11.890,232.500,1,90
-1.4946,1.9644,-0.9492,-94.573,-8.963,254.146,1,90
-1.5396,1.9116,-0.9790,-86.341,-5.915,273.598,1,90
-0.8154,0.1870,-0.4111,32.805,-7.073,-10.488,3,42
-0.8022,0.2017,-0.4346,33.354,-9.695,-13.780,3,42
-0.7925,0.2339,-0.4438,33.537,-13.841,-17.195,3,42
-0.8120,0.2373,-0.4370,34.146,-16.890,-20.305,3,42
-0.8198,0.2583,-0.4121,33.720,-20.122,-23.476,3,42
-0.8613,0.2612,-0.3877,34.207,-23.293,-26.890,3,42
-0.8857,0.2344,-0.3574,33.841,-26.159,-30.183,3,42
-0.9043,0.2041,-0.3320,34.024,-28.841,-33.110,3,42
1.3784,0.5244,-0.6304,-9.939,-3.110,111.524,2,90
1.4243,0.4883,-0.6123,-16.890,-2.866,114.634,2,90
1.4712,0.4502,-0.5938,-23.720,-3.110,117.012,2,90
1.5161,0.4312,-0.5752,-28.780,-3.293,119.573,2,90
1.5630,0.4009,-0.5796,-33.415,-4.207,120.732,2,90
1.5825,0.3940,-0.5674,-37.561,-4.817,122.012,2,90
1.5981,0.3848,-0.5674,-42.134,-6.280,122.439,2,90
1.5854,0.3765,-0.5547,-46.524,-8.171,122.195,2,90
-1.7236,1.1685,-0.7358,14.024,12.744,420.061,1,90
-1.7612,1.0928,-0.6958,24.695,14.268,434.634,1,90
-1.7842,1.0298,-0.6621,34.512,15.305,448.963,1,90
-1.8228,0.9512,-0.6094,45.427,16.646,462.012,1,90
-1.8604,0.8765,-0.5605,56.341,17.805,474.573,1,90
-1.8955,0.8086,-0.5112,67.744,19.024,485.549,1,90
-1.9297,0.7441,-0.4673,78.415,19.634,496.220,1,90
-1.9678,0.6650,-0.4121,88.780,20.793,505.122,1,90
-1.0215,-0.0103,-0.2607,36.585,-37.500,-59.939,3,42
-1.0190,-0.0098,-0.2490,36.341,-37.500,-61.098,3,42
-1.0210,-0.0229,-0.2471,35.732,-37.805,-62.744,3,42
-1.0293,-0.0371,-0.2480,35.549,-38.049,-64.634,3,42
-1.0352,-0.0693,-0.2529,35.549,-37.744,-66.402,3,42
-1.0278,-0.1372,-0.2554,35.244,-37.805,-69.146,3,42
-1.0156,-0.1738,-0.2500,34.634,-37.561,-70.854,3,42
-1.0156,-0.2100,-0.2515,33.720,-38.110,-71.951,3,42
1.1523,0.4136,-0.6226,-82.378,-29.939,116.646,2,90
1.1274,0.4194,-0.6118,-86.037,-30.488,117.561,2,90
1.0938,0.4204,-0.6235,-89.024,-31.037,117.988,2,90
1.0801,0.4116,-0.6211,-92.134,-31.524,118.841,2,90
1.0605,0.4063,-0.6182,-94.085,-31.463,119.817,2,90
1.0610,0.3906,-0.6108,-95.183,-31.159,120.549,2,90
1.0518,0.3813,-0.5942,-95.854,-31.280,121.463,2,90
1.0488,0.3691,-0.5820,-96.098,-30.976,122.134,2,90
-2.7114,-2.1855,2.9795,-229.817,192.622,-7.500,4,42
-2.6055,-2.1763,2.9209,-254.207,188.232,-7.378,4,42
-2.4951,-2.2158,3.0005,-278.902,185.000,-6.220,4,42
-2.3657,-2.1255,3.4009,-293.232,178.902,-5.793,4,42
-2.2607,-1.9492,3.6968,-315.915,172.805,-8.598,4,42
-2.1328,-1.7427,3.7993,-340.549,165.854,-13.354,4,42
-1.9912,-1.4922,3.5923,-363.049,159.451,-15.244,4,42
-1.8657,-1.1865,3.0562,-385.061,158.415,-12.988,4,42
1.0537,0.3604,-0.5693,-96.098,-30.732,123.049,2,90
1.0615,0.3428,-0.5542,-95.427,-30.122,123.659,2,90
1.0718,0.3340,-0.5352,-94.695,-29.634,124.329,2,90
1.0776,0.3164,-0.5308,-93.232,-29.634,124.573,2,90
1.0850,0.3018,-0.5171,-91.829,-29.451,125.732,2,90
1.0825,0.2803,-0.5166,-89.573,-29.268,125.976,2,90
1.0708,0.2671,-0.5039,-87.134,-29.451,126.159,2,90
1.0498,0.2612,-0.5044,-84.634,-29.268,125.915,2,90
-1.7588,-0.8623,2.3604,-406.829,158.902,-7.622,4,42
-1.6509,-0.6113,1.7202,-427.500,156.890,-2.927,4,42
-1.5483,-0.4443,1.2466,-440.732,149.268,-0.244,4,42
-1.4956,-0.3315,0.9048,-443.902,140.854,1.098,4,42
-1.5308,-0.2646,0.6904,-437.256,138.293,0.000,4,42
-1.5747,-0.1499,0.6860,-421.402,135.610,-3.537,4,42
-1.6187,-0.0229,0.8745,-403.963,127.988,-7.317,4,42
-1.5698,0.0400,1.1772,-391.463,115.488,-14.451,4,42
1.0215,0.2510,-0.4990,-81.829,-29.329,125.915,2,90
0.9756,0.2397,-0.4985,-79.146,-29.268,125.244,2,90
0.9307,0.2441,-0.5005,-76.707,-29.634,124.695,2,90
0.8809,0.2412,-0.4971,-73.963,-29.390,123.659,2,90
0.8291,0.2437,-0.4932,-71.341,-28.963,123.110,2,90
0.7681,0.2373,-0.4961,-68.963,-28.963,121.951,2,90
0.7251,0.2427,-0.5039,-66.646,-28.476,121.159,2,90
0.6680,0.2383,-0.5049,-63.720,-28.049,119.817,2,90
-2.0532,-1.7891,0.3438,-5.915,71.768,504.817,1,90
-2.0171,-1.7734,0.2954,-11.768,71.463,500.915,1,90
-1.9580,-1.7290,0.2432,-18.171,69.695,497.683,1,90
-1.9165,-1.6821,0.2104,-24.817,66.707,494.817,1,90
-1.8813,-1.6294,0.1816,-30.854,62.378,493.110,1,90
-1.8477,-1.6069,0.1626,-36.768,57.134,491.585,1,90
-1.8276,-1.5791,0.1279,-40.976,51.280,490.305,1,90
-1.8130,-1.5688,0.1147,-44.451,45.854,489.268,1,90
-0.8237,-0.4048,-0.3667,-20.854,-64.695,-75.854,3,42
-0.8184,-0.3823,-0.4082,-22.500,-68.232,-75.366,3,42
-0.8218,-0.3667,-0.4482,-23.476,-70.854,-74.573,3,42
-0.8247,-0.3633,-0.4565,-23.476,-71.707,-72.256,3,42
-0.8394,-0.3682,-0.4121,-21.341,-71.159,-69.817,3,42
-0.8311,-0.3691,-0.3618,-18.720,-71.463,-68.049,3,42
-0.8291,-0.3677,-0.3223,-18.963,-72.744,-66.951,3,42
-0.8174,-0.3813,-0.3101,-20.488,-75.915,-65.915,3,42
-1.8062,-1.5801,0.0928,-46.585,40.122,487.378,1,90
-1.8091,-1.5918,0.0718,-47.866,35.244,485.793,1,90
-1.8193,-1.6167,0.0732,-47.988,31.098,483.049,1,90
-1.8394,-1.6489,0.0708,-47.500,27.134,479.573,1,90
-1.8662,-1.6772,0.0679,-46.402,24.085,476.220,1,90
-1.8862,-1.7075,0.0718,-44.085,21.463,472.195,1,90
-1.9111,-1.7324,0.0664,-41.829,19.329,468.232,1,90
-1.9370,-1.7617,0.0596,-37.317,17.622,463.659,1,90
-0.8066,-0.4165,-0.3105,-22.866,-78.659,-65.183,3,42
-0.8037,-0.4443,-0.3003,-23.780,-80.488,-64.024,3,42
-0.8042,-0.4604,-0.3003,-23.598,-81.341,-61.951,3,42
-0.8203,-0.4668,-0.3052,-24.451,-82.012,-60.732,3,42
-0.8301,-0.4688,-0.2979,-25.488,-82.927,-58.963,3,42
-0.8433,-0.4688,-0.3052,-26.280,-83.841,-58.110,3,42
-0.8550,-0.4624,-0.2979,-25.915,-84.146,-57.500,3,42
-0.8535,-0.4551,-0.2900,-26.159,-84.573,-57.012,3,42
-1.9590,-1.7822,0.0566,-29.146,16.829,457.134,1,90
-1.9531,-1.7935,0.0566,-25.610,16.768,454.756,1,90
-1.9468,-1.7954,0.0322,-18.232,17.195,449.451,1,90
-1.9121,-1.7930,-0.0059,-5.000,18.354,441.159,1,90
-1.8804,-1.7925,-0.0576,5.244,19.756,435.244,1,90
-1.8418,-1.7793,-0.1128,15.061,21.098,428.902,1,90
-1.8013,-1.7866,-0.1606,26.037,23.963,422.439,1,90
-1.7681,-1.8071,-0.2104,36.890,27.439,415.427,1,90
-0.6406,-0.0400,1.2134,-78.171,-125.549,-203.720,4,42
-0.5049,-0.2417,1.1250,-86.220,-137.256,-215.793,4,42
-0.4702,-0.3833,1.0244,-95.061,-147.561,-220.671,4,42
-0.4810,-0.4287,0.9380,-103.049,-155.976,-222.073,4,42
-0.5283,-0.4443,0.8926,-110.976,-162.927,-220.854,4,42
-0.5908,-0.4077,0.8730,-119.085,-171.341,-216.159,4,42
-0.6763,-0.3315,0.8618,-125.671,-182.073,-210.610,4,42
-0.7607,-0.2354,0.8779,-130.244,-196.220,-204.146,4,42
-0.0361,0.0210,-0.4546,29.390,-32.256,92.012,2,90
-0.0391,0.0142,-0.4487,29.756,-31.159,89.756,2,90
-0.0410,0.0054,-0.4424,30.000,-29.756,87.561,2,90
-0.0386,0.0029,-0.4258,29.390,-28.415,85.122,2,90
-0.0454,-0.0010,-0.4263,28.841,-26.829,83.232,2,90
-0.0386,-0.0142,-0.4292,27.927,-25.671,81.037,2,90
-0.0410,-0.0142,-0.4170,26.951,-24.451,79.085,2,90
-0.0381,-0.0112,-0.4136,25.427,-23.110,77.195,2,90
-1.3911,-2.4175,-0.2783,96.220,51.402,351.159,1,90
-1.3442,-2.4829,-0.2632,96.280,52.866,344.024,1,90
-1.2988,-2.5366,-0.2520,95.732,54.329,336.585,1,90
-1.2588,-2.5874,-0.2319,94.146,55.793,329.512,1,90
-1.2173,-2.6206,-0.2192,92.500,58.110,322.256,1,90
-1.1709,-2.6440,-0.2148,90.488,60.000,314.756,1,90
-1.1270,-2.6597,-0.2100,88.354,62.134,307.683,1,90
-1.0737,-2.6572,-0.2065,85.976,63.659,300.366,1,90
0.0645,-0.0112,-0.4028,5.732,-13.902,62.073,2,90
0.0747,-0.0122,-0.4043,3.537,-13.415,60.427,2,90
0.0889,-0.0146,-0.3965,1.280,-13.049,58.963,2,90
0.1030,-0.0210,-0.4038,-0.976,-13.110,57.378,2,90
0.1206,-0.0190,-0.3936,-2.561,-13.049,55.122,2,90
0.1294,-0.0220,-0.4009,-3.780,-12.927,53.415,2,90
0.1426,-0.0249,-0.3877,-5.732,-13.110,51.646,2,90
0.1519,-0.0298,-0.3940,-7.012,-13.415,49.451,2,90
-1.0039,-0.2339,-0.0186,-3.415,-68.232,-54.390,3,42
-1.0166,-0.2446,-0.0068,-5.854,-69.207,-55.976,3,42
-1.0464,-0.2559,0.0098,-8.780,-70.427,-58.110,3,42
-1.0547,-0.2749,0.0225,-13.171,-72.622,-61.768,3,42
-0.9946,-0.2808,-0.0171,-16.585,-73.780,-63.171,3,42
-1.0063,-0.2983,-0.0420,-18.415,-73.537,-62.439,3,42
-1.0205,-0.3213,-0.0269,-22.439,-74.817,-62.927,3,42
-1.0220,-0.3564,-0.0278,-26.646,-77.073,-64.695,3,42
-0.5405,-2.2344,-0.2339,97.500,76.524,233.476,1,90
-0.5151,-2.2183,-0.2280,99.207,77.134,230.122,1,90
-0.4287,-2.1499,-0.2134,105.671,77.927,220.732,1,90
-0.3745,-2.1128,-0.2041,109.878,78.537,214.939,1,90
-0.3179,-2.0894,-0.1919,114.695,79.024,209.329,1,90
-0.2559,-2.0649,-0.1733,119.451,78.841,203.537,1,90
-0.2026,-2.0552,-0.1641,124.695,78.354,198.598,1,90
-0.1582,-2.0488,-0.1514,129.207,78.354,193.232,1,90
-0.1021,-2.0361,-0.1421,134.085,77.561,188.049,1,90
-0.0659,-2.0254,-0.1304,138.841,76.159,182.378,1,90
-0.0186,-2.0093,-0.1113,142.805,74.634,177.500,1,90
0.0225,-2.0015,-0.1152,146.524,72.439,172.195,1,90
0.0537,-1.9819,-0.1030,149.268,70.610,167.134,1,90
0.0825,-1.9839,-0.1211,152.012,68.415,162.073,1,90
0.1045,-1.9805,-0.1221,154.207,66.585,156.463,1,90
0.1245,-1.9824,-0.1416,156.463,65.122,151.159,1,90
-0.9521,-0.4746,-0.1016,-59.512,-92.866,-87.195,3,42
-0.8906,-0.4688,-0.1021,-60.915,-92.439,-86.768,3,42
-0.8354,-0.4614,-0.0771,-62.683,-92.683,-85.793,3,42
-0.7769,-0.4619,-0.0630,-65.610,-93.354,-84.390,3,42
-0.7339,-0.4785,-0.0239,-69.451,-94.634,-82.256,3,42
-0.6987,-0.4995,0.0151,-73.963,-96.585,-79.878,3,42
-0.6904,-0.5342,0.0571,-78.841,-98.354,-77.500,3,42
-0.6948,-0.5615,0.0869,-84.146,-100.305,-74.878,3,42
0.1411,-1.9932,-0.1543,158.293,63.720,145.427,1,90
0.1519,-1.9917,-0.1807,160.061,62.378,139.756,1,90
0.1567,-2.0029,-0.1982,161.768,60.915,133.963,1,90
0.1650,-1.9980,-0.2183,162.988,59.817,128.049,1,90
0.1680,-2.0029,-0.2432,164.207,58.232,121.890,1,90
0.1807,-2.0059,-0.2505,165.488,56.768,116.159,1,90
0.1968,-2.0063,-0.2754,166.037,54.878,109.939,1,90
0.2061,-1.9990,-0.2886,166.463,53.841,104.146,1,90
-0.6948,-0.5928,0.1245,-89.329,-102.561,-71.646,3,42
-0.7061,-0.6187,0.1392,-94.634,-104.817,-68.049,3,42
-0.7207,-0.6147,0.1494,-100.061,-107.073,-64.573,3,42
-0.7461,-0.6011,0.1553,-104.329,-108.659,-60.610,3,42
-0.7798,-0.5591,0.1709,-106.037,-109.634,-56.768,3,42
-0.8188,-0.5049,0.1821,-106.707,-109.451,-52.866,3,42
-0.8491,-0.4434,0.2036,-105.183,-108.232,-47.927,3,42
-0.9019,-0.3647,0.2139,-101.220,-105.122,-43.354,3,42
0.2212,-2.0044,-0.2998,167.012,52.683,98.293,1,90
0.2368,-1.9995,-0.3193,166.646,52.073,92.561,1,90
0.2515,-2.0093,-0.3203,166.768,51.646,87.134,1,90
0.2666,-2.0107,-0.3262,166.280,51.585,81.402,1,90
0.2847,-2.0117,-0.3369,165.976,51.280,76.159,1,90
0.3076,-2.0259,-0.3350,165.000,51.341,70.854,1,90
0.3311,-2.0410,-0.3315,164.085,51.098,65.854,1,90
0.3477,-2.0459,-0.3169,163.354,51.341,60.549,1,90
2.6895,7.4478,-9.8271,-561.951,-117.317,-100.000,4,42
-0.9492,8.6699,-13.7744,-240.732,3.232,233.720,4,42
0.4966,9.9438,-8.6235,-51.646,34.939,308.720,4,42
1.1479,9.1025,-4.8721,-274.390,-57.683,199.085,4,42
1.7266,8.3257,-4.9414,-353.780,-179.634,110.671,4,42
1.4199,6.7559,-4.5322,-258.171,-225.305,114.390,4,42
0.9160,5.3354,-3.3057,-138.049,-224.024,135.305,4,42
0.4858,3.9834,-2.2910,-35.244,-200.732,146.159,4,42
-1.1616,-0.5488,0.0654,-6.890,-29.085,-24.390,3,42
-1.1235,-0.5254,0.0205,10.732,-17.012,-24.512,3,42
-1.0703,-0.5117,-0.0317,22.622,-8.476,-23.171,3,42
-1.0449,-0.5122,-0.0762,34.390,0.854,-20.915,3,42
-1.0508,-0.5020,-0.0962,47.500,11.707,-17.012,3,42
-1.0601,-0.5054,-0.0879,58.232,22.378,-13.841,3,42
-1.0400,-0.5137,-0.0400,68.780,32.683,-11.341,3,42
-0.9834,-0.5146,0.0171,80.854,41.829,-9.451,3,42
0.6147,-2.1377,-0.1514,130.610,37.439,18.720,1,90
0.6304,-2.1377,-0.1270,125.610,34.390,15.610,1,90
0.6436,-2.1431,-0.1025,120.244,30.793,12.927,1,90
0.6523,-2.1504,-0.0840,114.268,27.317,10.732,1,90
0.6665,-2.1523,-0.0728,108.354,22.988,8.841,1,90
0.6689,-2.1606,-0.0581,102.500,19.024,7.134,1,90
0.6694,-2.1636,-0.0571,96.220,14.634,5.488,1,90
0.6724,-2.1719,-0.0459,90.122,10.488,4.512,1,90
-0.9028,-0.5317,0.0449,95.732,53.476,-7.012,3,42
-0.8750,-0.5459,0.0498,100.061,56.707,-6.159,3,42
-0.8354,-0.5605,0.0156,107.134,62.256,-3.720,3,42
-0.8203,-0.5796,0.0225,112.744,66.646,-1.707,3,42
-0.8252,-0.6113,0.0513,114.878,69.085,1.341,3,42
-0.8501,-0.6406,0.1304,111.341,69.817,5.854,3,42
-0.8848,-0.6631,0.1436,104.085,68.415,8.049,3,42
-0.9063,-0.6987,0.1528,94.573,65.732,9.634,3,42
0.6631,-2.1860,-0.0474,83.476,5.732,3.293,1,90
0.6509,-2.1953,-0.0581,77.439,1.280,2.622,1,90
0.6406,-2.2065,-0.0664,71.463,-3.171,1.524,1,90
0.6211,-2.2261,-0.0664,65.366,-7.805,1.098,1,90
0.6011,-2.2324,-0.0811,59.024,-12.317,0.061,1,90
0.5513,-2.2397,-0.0830,53.354,-17.378,-0.366,1,90
0.5083,-2.2515,-0.1045,47.561,-22.195,-0.915,1,90
0.4678,-2.2549,-0.1133,42.317,-26.524,-1.463,1,90
-0.9414,-0.7305,0.1440,83.659,62.195,10.671,3,42
-0.9751,-0.7500,0.1504,72.195,59.207,11.341,3,42
-1.0073,-0.7485,0.1558,60.610,56.037,11.402,3,42
-1.0229,-0.7217,0.1865,49.878,52.561,12.195,3,42
-1.0269,-0.6953,0.2061,38.354,48.902,12.927,3,42
-1.0317,-0.6514,0.2295,26.707,45.366,13.659,3,42
-1.0239,-0.6279,0.2378,15.366,42.256,14.451,3,42
-1.0103,-0.6035,0.2471,5.976,40.854,14.329,3,42
0.4263,-2.2695,-0.1338,37.134,-31.280,-1.890,1,90
0.3818,-2.2759,-0.1577,32.317,-35.305,-2.500,1,90
0.3325,-2.2905,-0.1699,27.805,-39.512,-3.293,1,90
0.2930,-2.3130,-0.1919,23.720,-43.598,-3.902,1,90
0.2349,-2.3179,-0.2104,19.512,-47.378,-4.756,1,90
0.1973,-2.3330,-0.2329,15.793,-51.341,-5.854,1,90
0.1553,-2.3428,-0.2490,11.951,-55.122,-7.195,1,90
0.1104,-2.3638,-0.2720,8.537,-58.659,-8.415,1,90
-1.0044,-0.5825,0.2544,-1.280,40.488,14.268,3,42
-0.9897,-0.5547,0.2275,-7.256,40.000,13.659,3,42
-0.9805,-0.5361,0.2036,-12.500,38.841,12.622,3,42
-0.9639,-0.5054,0.1694,-15.000,38.720,12.012,3,42
-0.9736,-0.4639,0.1548,-15.976,39.817,12.012,3,42
-0.9854,-0.4126,0.1372,-16.890,40.915,12.256,3,42
-0.9854,-0.3818,0.1230,-18.110,41.463,12.622,3,42
-0.9897,-0.3481,0.1025,-18.598,42.561,13.049,3,42
0.0503,-2.3857,-0.2998,3.598,-63.415,-11.220,1,90
-0.0044,-2.4063,-0.3252,0.244,-66.524,-13.476,1,90
-0.0337,-2.4219,-0.3384,-2.988,-69.329,-15.854,1,90
-0.0767,-2.4277,-0.3491,-5.671,-71.951,-18.659,1,90
-0.1040,-2.4336,-0.3643,-8.476,-74.939,-21.829,1,90
-0.1362,-2.4355,-0.3735,-11.159,-77.256,-25.610,1,90
-0.1626,-2.4224,-0.3862,-13.598,-79.207,-29.939,1,90
-0.1841,-2.4102,-0.3975,-16.098,-80.427,-34.573,1,90
-0.9917,-0.3369,0.0771,-18.049,44.756,13.476,3,42
-0.9873,-0.3262,0.0547,-15.976,46.890,14.024,3,42
-0.9717,-0.3335,0.0259,-12.866,50.183,15.122,3,42
-0.9614,-0.3394,0.0122,-7.805,53.476,15.854,3,42
-0.9351,-0.3418,-0.0137,-3.537,56.402,16.707,3,42
-0.9219,-0.3525,-0.0229,0.610,58.415,17.744,3,42
-0.9077,-0.3540,-0.0332,4.329,60.488,18.537,3,42
-0.8911,-0.3491,-0.0513,8.049,61.951,19.451,3,42
0.9497,0.5029,-0.3647,-13.598,50.671,-84.634,2,90
0.9336,0.5308,-0.3877,-15.000,51.159,-88.110,2,90
0.8970,0.5513,-0.3901,-16.829,51.159,-91.585,2,90
0.8735,0.5811,-0.4219,-18.720,51.646,-94.634,2,90
0.8438,0.5928,-0.4258,-20.488,52.195,-97.439,2,90
0.8091,0.6138,-0.4434,-22.683,52.500,-99.512,2,90
0.7739,0.6294,-0.4551,-24.695,53.171,-101.280,2,90
0.7402,0.6509,-0.4629,-26.890,53.476,-102.683,2,90
-0.8823,-0.3525,-0.0698,10.854,62.683,20.000,3,42
-0.8818,-0.3481,-0.0801,13.049,62.927,20.854,3,42
-0.8940,-0.3462,-0.0957,14.207,62.500,21.220,3,42
-0.8965,-0.3472,-0.1240,14.756,61.646,21.341,3,42
-0.9067,-0.3540,-0.1318,14.634,60.244,21.341,3,42
-0.9253,-0.3711,-0.1372,14.390,58.963,21.341,3,42
-0.9248,-0.3823,-0.1450,14.634,57.561,21.341,3,42
-0.9292,-0.4004,-0.1406,15.610,56.402,21.524,3,42
0.7148,0.6479,-0.4644,-29.451,53.902,-103.537,2,90
0.6826,0.6548,-0.4707,-31.768,54.268,-104.390,2,90
0.6567,0.6523,-0.4629,-34.207,54.756,-104.512,2,90
0.6357,0.6387,-0.4673,-36.463,54.939,-104.695,2,90
0.6060,0.6274,-0.4644,-38.476,54.878,-104.329,2,90
0.5806,0.6133,-0.4565,-40.915,55.061,-104.329,2,90
0.5576,0.6045,-0.4546,-42.500,54.939,-104.085,2,90
0.5439,0.5850,-0.4561,-44.024,54.512,-103.780,2,90
-0.0952,-1.4272,-1.2173,436.524,-131.159,76.037,4,42
-0.5415,-1.2192,-1.0537,452.256,-109.329,96.524,4,42
-0.9995,-0.9844,-0.7769,447.012,-75.976,116.890,4,42
-1.4238,-0.8496,-0.5171,428.476,-45.366,130.244,4,42
-1.7422,-0.7642,-0.4165,407.012,-22.012,133.354,4,42
-2.0020,-0.8179,-0.4209,390.061,-0.122,125.671,4,42
-2.1924,-0.9736,-0.4541,375.793,24.268,109.329,4,42
-2.2495,-1.2056,-0.5449,359.146,48.415,87.927,4,42
0.5269,0.5659,-0.4487,-45.610,54.695,-103.049,2,90
0.5088,0.5449,-0.4507,-46.341,54.329,-102.866,2,90
0.4888,0.5317,-0.4424,-47.073,54.390,-102.195,2,90
0.4780,0.5117,-0.4482,-47.683,54.268,-102.378,2,90
0.4639,0.4995,-0.4316,-47.866,54.024,-102.134,2,90
0.4531,0.4829,-0.4258,-48.293,54.146,-102.073,2,90
0.4360,0.4741,-0.4131,-48.659,53.780,-102.256,2,90
0.4204,0.4629,-0.4116,-48.780,53.598,-102.256,2,90
-0.1206,-1.4639,-0.3623,12.012,-129.329,-168.902,1,90
-0.1333,-1.4609,-0.3521,11.646,-130.305,-171.890,1,90
-0.1401,-1.4595,-0.3481,11.220,-131.646,-174.512,1,90
-0.1646,-1.4600,-0.3477,10.976,-132.561,-176.890,1,90
-0.1782,-1.4663,-0.3491,10.305,-133.293,-179.390,1,90
-0.1973,-1.4575,-0.3389,9.268,-133.841,-181.829,1,90
-0.2124,-1.4619,-0.3403,8.232,-134.085,-184.085,1,90
-0.2363,-1.4624,-0.3354,6.524,-135.061,-186.220,1,90
-0.7935,-0.5532,-0.1475,11.098,41.524,33.049,3,42
-0.7998,-0.5391,-0.1470,11.280,40.976,33.720,3,42
-0.8105,-0.5186,-0.1411,10.915,40.488,34.329,3,42
-0.8228,-0.4971,-0.1343,10.671,40.183,35.122,3,42
-0.8359,-0.4800,-0.1309,10.976,40.244,35.793,3,42
-0.8521,-0.4541,-0.1299,11.524,40.976,36.098,3,42
-0.8667,-0.4380,-0.1348,12.134,41.159,36.524,3,42
-0.8730,-0.4116,-0.1387,11.951,40.732,36.646,3,42
-0.2500,-1.4683,-0.3223,5.427,-135.671,-188.537,1,90
-0.2676,-1.4683,-0.3198,3.476,-136.463,-190.549,1,90
-0.2954,-1.4707,-0.3120,1.341,-137.073,-192.683,1,90
-0.3149,-1.4780,-0.3008,-1.280,-137.195,-194.756,1,90
-0.3335,-1.4712,-0.2920,-3.659,-137.561,-197.134,1,90
-0.3467,-1.4673,-0.2822,-6.524,-137.805,-199.207,1,90
-0.3604,-1.4609,-0.2764,-9.573,-137.866,-201.159,1,90
-0.3687,-1.4551,-0.2646,-12.622,-137.805,-203.415,1,90
-1.6411,-0.0171,-0.8037,118.293,225.671,4.878,4,42
-1.6655,0.0347,-0.8208,114.878,228.354,6.707,4,42
-1.6772,0.0664,-0.8369,114.146,232.317,7.927,4,42
-1.6948,0.0938,-0.8384,115.061,235.610,9.146,4,42
-1.7144,0.1211,-0.8325,117.500,238.598,10.305,4,42
-1.7275,0.1440,-0.8311,120.305,240.305,12.256,4,42
-1.7275,0.1733,-0.8311,122.988,240.549,14.451,4,42
-1.7437,0.1958,-0.8184,125.610,240.061,17.195,4,42
0.3701,0.4248,-0.4321,-10.488,30.488,-91.341,2,90
0.3765,0.4229,-0.4346,-8.476,29.268,-90.732,2,90
0.3804,0.4219,-0.4531,-3.598,27.012,-89.085,2,90
0.3823,0.4150,-0.4663,2.317,23.841,-87.561,2,90
0.3804,0.4087,-0.4673,4.207,22.927,-87.195,2,90
0.3828,0.3984,-0.4692,8.780,20.122,-85.793,2,90
0.3979,0.3936,-0.4824,12.195,18.293,-85.061,2,90
0.4004,0.3843,-0.4663,14.512,16.585,-84.207,2,90
-1.7363,0.2148,-0.7954,127.012,238.415,20.793,4,42
-1.7280,0.2290,-0.7549,126.646,235.244,24.146,4,42
-1.7144,0.2329,-0.7065,124.451,231.646,28.171,4,42
-1.7100,0.2188,-0.6587,119.329,228.293,31.646,4,42
-1.7148,0.2134,-0.6094,113.841,225.366,35.244,4,42
-1.7222,0.1997,-0.5596,106.890,222.622,38.293,4,42
-1.7393,0.1787,-0.5132,99.756,220.305,41.463,4,42
-1.7573,0.1704,-0.4736,93.354,218.110,44.329,4,42
-0.9106,-0.3745,-0.1035,23.171,42.134,32.439,3,42
-0.9141,-0.3799,-0.1147,22.500,41.890,32.988,3,42
-0.9067,-0.3960,-0.1157,21.646,41.829,33.171,3,42
-0.9053,-0.4097,-0.1338,20.915,41.524,33.780,3,42
-0.9004,-0.4336,-0.1299,20.549,41.220,34.207,3,42
-0.8960,-0.4526,-0.1313,19.817,41.463,34.817,3,42
-0.8994,-0.4756,-0.1455,19.695,41.768,35.183,3,42
-0.8984,-0.4966,-0.1357,19.451,42.195,36.707,3,42
-0.5420,-1.4268,-0.2070,-45.000,-133.354,-234.085,1,90
-0.5596,-1.4355,-0.2158,-44.939,-132.866,-235.305,1,90
-0.5620,-1.4536,-0.2192,-46.098,-132.256,-236.463,1,90
-0.5840,-1.4644,-0.2207,-46.098,-131.829,-237.805,1,90
-0.5918,-1.4824,-0.2261,-46.707,-131.463,-239.146,1,90
-0.5942,-1.4956,-0.2329,-47.256,-131.037,-240.549,1,90
-0.6118,-1.5044,-0.2256,-48.049,-130.549,-241.951,1,90
-0.6304,-1.5215,-0.2373,-49.024,-130.488,-243.415,1,90
-1.9707,0.2280,-0.0176,100.976,210.549,58.780,4,42
-1.9736,0.2251,0.0469,106.768,210.793,58.415,4,42
-1.9785,0.2280,0.1074,112.439,211.402,57.622,4,42
-1.9604,0.2173,0.1738,118.293,212.073,56.159,4,42
-1.9424,0.1992,0.2310,122.683,212.927,54.024,4,42
-1.9141,0.1724,0.2832,126.280,214.207,51.829,4,42
-1.8853,0.1396,0.3257,129.207,215.732,49.024,4,42
-1.8408,0.1089,0.3652,131.585,217.073,45.732,4,42
-0.6362,-1.5259,-0.2402,-49.817,-130.000,-244.512,1,90
-0.6401,-1.5430,-0.2407,-50.488,-129.817,-246.098,1,90
-0.6533,-1.5498,-0.2573,-51.646,-129.390,-247.317,1,90
-0.6602,-1.5688,-0.2559,-52.012,-128.720,-249.024,1,90
-0.6724,-1.5786,-0.2681,-53.049,-128.720,-250.366,1,90
-0.6733,-1.5908,-0.2686,-53.293,-129.329,-252.073,1,90
-0.6792,-1.5894,-0.2773,-53.780,-130.244,-254.085,1,90
-0.6816,-1.6094,-0.2847,-54.634,-131.463,-255.610,1,90
0.5454,0.3154,-0.5293,55.366,-2.073,-95.427,2,90
0.5547,0.3247,-0.5278,56.280,-2.012,-96.768,2,90
0.5527,0.3252,-0.5269,56.098,-1.585,-97.866,2,90
0.5605,0.3218,-0.5264,55.915,-1.280,-99.085,2,90
0.5669,0.3247,-0.5137,55.305,-0.732,-100.183,2,90
0.5708,0.3291,-0.5171,54.695,0.183,-101.585,2,90
0.5645,0.3267,-0.5171,54.085,0.976,-102.744,2,90
0.5679,0.3311,-0.4941,53.720,2.256,-103.598,2,90
-0.8589,-0.6572,-0.1074,20.305,61.768,70.061,3,42
-0.8511,-0.6646,-0.0854,19.451,63.232,73.049,3,42
-0.8530,-0.6719,-0.0693,18.232,65.000,76.463,3,42
-0.8555,-0.6724,-0.0713,16.707,66.707,79.939,3,42
-0.8652,-0.6797,-0.0806,15.671,69.024,83.354,3,42
-0.8765,-0.6753,-0.1045,15.000,71.402,86.951,3,42
-0.8931,-0.6440,-0.1270,14.939,73.720,90.671,3,42
-0.9175,-0.6108,-0.1499,14.390,76.220,94.146,3,42
0.5762,0.3438,-0.4888,53.232,3.415,-104.512,2,90
0.5771,0.3496,-0.4800,52.683,5.000,-105.366,2,90
0.5884,0.3667,-0.4653,51.402,6.280,-106.524,2,90
0.5825,0.3818,-0.4482,50.610,7.622,-106.951,2,90
0.5952,0.3887,-0.4385,49.146,8.841,-108.232,2,90
0.5991,0.4063,-0.4341,47.927,10.122,-108.841,2,90
0.6016,0.4346,-0.4224,47.378,11.037,-109.207,2,90
0.6050,0.4458,-0.4170,46.951,12.256,-109.817,2,90
-0.8706,-1.6880,-0.4414,-52.195,-120.244,-291.890,1,90
-0.8789,-1.6802,-0.4468,-51.585,-118.780,-294.573,1,90
-0.8877,-1.6782,-0.4634,-50.854,-117.744,-296.951,1,90
-0.8911,-1.6738,-0.4785,-50.488,-116.159,-299.573,1,90
-0.9038,-1.6826,-0.4883,-49.390,-114.634,-302.195,1,90
-0.9116,-1.6694,-0.4995,-48.902,-113.720,-304.573,1,90
-0.9209,-1.6621,-0.5176,-48.537,-112.439,-306.646,1,90
-0.9219,-1.6563,-0.5298,-47.927,-111.098,-309.329,1,90
-1.0679,-0.4678,-0.1113,-0.488,92.378,117.439,3,42
-1.0806,-0.4648,-0.1294,-3.171,92.439,117.805,3,42
-1.0723,-0.4712,-0.1611,-6.707,92.744,117.927,3,42
-1.0371,-0.4658,-0.1807,-8.780,93.659,117.256,3,42
-0.9985,-0.4380,-0.1748,-11.220,94.329,116.037,3,42
-0.9824,-0.4038,-0.1636,-15.793,93.354,114.939,3,42
-0.9585,-0.3325,-0.1880,-27.012,89.390,112.988,3,42
-0.9258,-0.3047,-0.2510,-35.000,86.220,110.488,3,42
-0.9253,-1.6514,-0.5493,-47.744,-110.122,-312.073,1,90
-0.9312,-1.6353,-0.5405,-47.622,-108.598,-314.756,1,90
-0.9341,-1.6235,-0.5581,-47.622,-107.744,-317.561,1,90
-0.9395,-1.6016,-0.5620,-47.500,-106.646,-320.427,1,90
-0.9463,-1.5835,-0.5718,-48.110,-105.793,-323.110,1,90
-0.9678,-1.5659,-0.5864,-48.598,-104.512,-325.915,1,90
-0.9663,-1.5435,-0.5923,-49.085,-103.720,-328.902,1,90
-0.9722,-1.5112,-0.5898,-49.329,-102.744,-331.829,1,90
-0.8506,-0.2832,-0.2388,-40.732,83.963,107.805,3,42
-0.7324,-0.2466,-0.2217,-45.305,81.951,105.061,3,42
-0.5747,-0.1997,-0.2236,-49.573,79.695,102.195,3,42
-0.4092,-0.1460,-0.2998,-51.829,77.683,98.171,3,42
-0.2476,0.0020,-0.4336,-53.720,75.732,93.110,3,42
-0.1670,0.1821,-0.5459,-55.427,72.805,85.732,3,42
-0.2402,0.3579,-0.7637,-57.012,69.512,81.159,3,42
-0.4341,0.4443,-0.9683,-52.622,70.488,77.866,3,42
-0.5845,0.6016,-0.9624,-43.476,72.439,74.329,3,42
-0.6797,0.6870,-0.8506,-34.512,72.988,73.841,3,42
-0.7407,0.6636,-0.6899,-25.305,73.232,72.988,3,42
-0.7783,0.5986,-0.4639,-19.207,71.341,72.439,3,42
-0.8687,0.4331,-0.3149,-16.341,68.232,72.195,3,42
-1.0029,0.2822,-0.1582,-18.963,63.598,70.671,3,42
-1.1440,0.1484,-0.0317,-27.683,56.707,69.695,3,42
-1.3013,0.0366,-0.0161,-38.354,49.695,69.817,3,42
0.5708,0.7900,-0.4756,102.683,11.341,-63.720,2,90
0.5972,0.7837,-0.4722,102.683,11.098,-59.512,2,90
0.6079,0.7632,-0.4673,102.927,11.037,-55.122,2,90
0.6479,0.7627,-0.4712,102.256,10.793,-50.976,2,90
0.6797,0.7583,-0.4580,101.951,10.610,-46.585,2,90
0.7070,0.7437,-0.4492,100.366,10.854,-42.439,2,90
0.7437,0.7402,-0.4380,99.024,10.854,-38.598,2,90
0.7764,0.7412,-0.4263,97.195,11.159,-34.634,2,90
-0.9775,-0.9810,-0.6182,-72.317,-98.171,-346.890,1,90
-0.9917,-0.9570,-0.6392,-75.671,-98.415,-343.780,1,90
-0.9912,-0.9341,-0.6558,-79.146,-98.415,-340.488,1,90
-1.0034,-0.9087,-0.6699,-82.744,-98.659,-336.280,1,90
-1.0190,-0.8813,-0.6743,-86.768,-98.598,-331.707,1,90
-1.0229,-0.8511,-0.6948,-90.549,-98.902,-326.341,1,90
-1.0376,-0.8184,-0.6943,-94.268,-98.415,-320.122,1,90
-1.0664,-0.7788,-0.7036,-98.110,-98.232,-313.780,1,90
-0.8945,-0.5059,-0.3413,-36.768,47.378,62.439,3,42
-0.7593,-0.4648,-0.3564,-36.829,46.890,61.402,3,42
-0.6479,-0.3911,-0.4014,-37.744,45.915,60.305,3,42
-0.5913,-0.2534,-0.4341,-37.622,45.488,60.183,3,42
-0.6309,-0.1094,-0.4722,-35.671,44.939,60.244,3,42
-0.6943,0.0020,-0.5059,-33.110,44.024,58.476,3,42
-0.7192,0.0498,-0.5283,-29.939,42.866,55.061,3,42
-0.7241,0.0483,-0.5420,-25.793,42.317,53.293,3,42
1.1567,0.8486,-0.3477,71.768,7.744,-9.207,2,90
1.2080,0.8682,-0.3428,68.841,6.829,-7.195,2,90
1.2446,0.8813,-0.3413,65.793,5.915,-5.000,2,90
1.2866,0.8984,-0.3457,63.293,4.634,-2.744,2,90
1.3232,0.9106,-0.3467,60.488,3.841,-0.549,2,90
1.3579,0.9253,-0.3486,58.841,2.622,1.402,2,90
1.3960,0.9453,-0.3716,56.829,1.707,3.415,2,90
1.4209,0.9536,-0.3770,55.122,0.610,4.817,2,90
-1.2314,-0.3833,-0.8364,-137.134,-87.622,-244.939,1,90
-1.2578,-0.3267,-0.8389,-141.037,-85.915,-235.610,1,90
-1.2734,-0.2617,-0.8486,-144.573,-83.780,-225.854,1,90
-1.2881,-0.1909,-0.8452,-147.195,-81.463,-215.671,1,90
-1.3008,-0.1221,-0.8296,-149.695,-78.902,-205.488,1,90
-1.3071,-0.0386,-0.8120,-151.220,-75.976,-195.305,1,90
-1.3057,0.0396,-0.7871,-153.537,-73.598,-184.512,1,90
-1.3018,0.1260,-0.7549,-155.793,-70.000,-173.720,1,90
-1.0884,-0.0942,-0.3682,-9.695,26.646,41.707,3,42
-1.0503,-0.1284,-0.3608,-7.012,24.939,39.329,3,42
-1.0190,-0.1099,-0.3730,-5.366,23.049,37.622,3,42
-1.0146,-0.0806,-0.3711,-3.780,20.976,35.976,3,42
-0.9995,-0.0405,-0.3979,-1.768,19.573,33.841,3,42
-0.9893,-0.0142,-0.4150,0.915,18.537,31.951,3,42
-0.9673,0.0049,-0.4292,3.780,17.195,30.000,3,42
-0.9546,0.0093,-0.4185,6.524,16.220,27.622,3,42
1.5576,0.9546,-0.5747,32.561,-1.402,17.561,2,90
1.5762,0.9512,-0.5825,27.561,-1.037,19.573,2,90
1.5952,0.9375,-0.6025,22.561,-0.061,22.317,2,90
1.6152,0.9346,-0.6030,16.402,0.549,25.183,2,90
1.6343,0.9233,-0.6074,10.000,1.829,28.720,2,90
1.6582,0.9058,-0.5928,3.049,2.439,32.439,2,90
1.6733,0.8765,-0.5903,-4.695,2.927,35.915,2,90
1.6846,0.8584,-0.5859,-12.317,3.110,40.244,2,90
-1.8516,0.3491,0.7148,-57.439,101.220,20.732,4,42
-1.7925,0.1343,0.7456,-40.244,109.085,15.488,4,42
-1.7886,-0.1328,0.8862,-28.171,118.293,9.207,4,42
-1.8008,-0.4214,0.8950,-25.061,126.890,2.927,4,42
-1.8994,-0.7231,0.8979,-25.488,136.341,-0.244,4,42
-2.0366,-0.9688,0.9790,-29.085,140.427,-2.622,4,42
-2.1797,-0.9966,1.1689,-32.195,137.927,-5.854,4,42
-2.3105,-0.8115,1.4819,-37.561,134.939,-7.622,4,42
1.6929,0.8320,-0.5684,-20.366,3.232,44.817,2,90
1.7036,0.7954,-0.5688,-28.049,2.866,49.207,2,90
1.7075,0.7656,-0.5503,-35.915,2.256,54.024,2,90
1.7070,0.7217,-0.5527,-43.171,1.037,58.293,2,90
1.7188,0.6890,-0.5532,-50.976,0.061,63.171,2,90
1.7446,0.6587,-0.5508,-58.049,-1.098,67.561,2,90
1.7803,0.6182,-0.5552,-64.756,-2.195,72.683,2,90
1.8042,0.5918,-0.5659,-71.098,-2.195,76.951,2,90
-1.5596,1.1528,-0.5425,-103.902,4.695,106.524,1,90
-1.5698,1.1016,-0.5259,-97.134,6.890,121.037,1,90
-1.5674,1.0439,-0.5161,-89.024,9.573,133.963,1,90
-1.5752,0.9966,-0.4893,-80.183,12.195,146.220,1,90
-1.5625,0.9395,-0.4771,-70.671,14.939,158.232,1,90
-1.5591,0.8896,-0.4517,-60.366,17.317,169.329,1,90
-1.5566,0.8379,-0.4199,-49.634,19.329,181.280,1,90
-1.5562,0.7866,-0.3872,-39.329,21.402,193.354,1,90
-0.9771,0.1714,-0.3740,36.951,-16.707,-29.573,3,42
-0.9966,0.1279,-0.3638,39.024,-17.683,-33.354,3,42
-1.0073,0.0952,-0.3496,40.732,-18.902,-37.256,3,42
-1.0195,0.0830,-0.3262,42.256,-20.305,-40.793,3,42
-1.0273,0.1025,-0.3145,42.805,-21.707,-43.841,3,42
-1.0225,0.1147,-0.3062,42.744,-22.988,-47.012,3,42
-1.0112,0.1289,-0.2891,42.683,-24.451,-49.878,3,42
-0.9858,0.1099,-0.2954,42.439,-26.159,-52.622,3,42
-1.5522,0.7402,-0.3535,-28.354,23.841,205.671,1,90
-1.5479,0.7017,-0.3208,-18.293,26.280,217.256,1,90
-1.5435,0.6616,-0.2900,-7.927,28.598,229.634,1,90
-1.5327,0.6279,-0.2744,2.805,30.549,241.341,1,90
-1.5264,0.5967,-0.2471,13.537,32.927,253.049,1,90
-1.5244,0.5737,-0.2280,24.451,34.390,264.756,1,90
-1.5171,0.5503,-0.2046,35.549,35.427,276.280,1,90
-1.5010,0.5293,-0.1787,46.524,36.585,287.561,1,90
-2.8550,-2.0210,1.7900,-110.244,206.341,5.732,4,42
-2.8496,-2.0151,1.9434,-131.463,204.878,7.561,4,42
-2.8018,-1.9985,2.1787,-151.585,202.561,9.512,4,42
-2.7290,-1.9473,2.4678,-172.683,198.110,10.854,4,42
-2.6519,-1.9790,2.6895,-197.134,194.390,10.793,4,42
-2.5566,-2.0620,2.8271,-223.354,189.390,10.610,4,42
-2.4712,-2.1206,2.9634,-244.878,183.354,10.427,4,42
-2.3638,-2.1416,3.0894,-265.732,177.683,11.280,4,42
1.7017,0.8062,-0.6597,-138.354,-16.768,118.841,2,90
1.6851,0.8286,-0.6650,-139.085,-18.537,122.134,2,90
1.6572,0.8340,-0.6514,-139.756,-20.183,125.244,2,90
1.6436,0.8481,-0.6343,-140.000,-21.951,127.927,2,90
1.6235,0.8604,-0.6245,-139.756,-23.476,130.671,2,90
1.5957,0.8574,-0.6182,-139.329,-25.183,133.415,2,90
1.5718,0.8687,-0.5977,-139.512,-26.707,135.427,2,90
1.5635,0.8647,-0.5830,-138.415,-28.049,137.683,2,90
-2.2764,-2.1753,3.2056,-288.780,172.988,11.463,4,42
-2.1987,-2.0869,3.3784,-308.841,166.768,10.488,4,42
-2.1030,-1.8315,3.3403,-330.366,161.768,7.988,4,42
-2.0444,-1.4966,2.9473,-358.110,160.183,5.122,4,42
-2.0093,-1.2310,2.1880,-388.171,161.341,2.866,4,42
-1.9463,-0.9985,1.4512,-408.780,160.549,1.280,4,42
-1.9009,-0.8071,0.9443,-413.659,155.122,3.415,4,42
-1.9160,-0.7261,0.6514,-411.890,151.707,4.329,4,42
1.5410,0.8647,-0.5835,-137.195,-29.573,140.244,2,90
1.5195,0.8589,-0.5781,-135.488,-30.793,142.500,2,90
1.5015,0.8481,-0.5688,-133.293,-32.378,144.939,2,90
1.4795,0.8462,-0.5664,-131.220,-33.110,147.500,2,90
1.4507,0.8374,-0.5664,-128.780,-34.512,149.939,2,90
1.4219,0.8232,-0.5586,-126.280,-35.366,152.439,2,90
1.3853,0.8228,-0.5669,-124.390,-36.646,154.634,2,90
1.3413,0.7993,-0.5596,-121.829,-37.988,156.890,2,90
-1.4756,0.1968,0.1021,128.537,29.390,436.829,1,90
-1.4707,0.0830,0.0977,124.329,26.585,443.049,1,90
-1.4897,0.0005,0.1357,128.476,27.378,448.963,1,90
-1.4897,-0.0801,0.1802,134.024,29.695,454.817,1,90
-1.5010,-0.1533,0.2241,138.110,32.195,459.268,1,90
-1.4980,-0.2417,0.2500,139.573,34.268,463.232,1,90
-1.5024,-0.3267,0.2729,138.902,34.634,466.402,1,90
-1.4937,-0.4023,0.2944,136.341,33.841,468.720,1,90
-1.6216,-0.7720,1.8887,-334.024,65.427,-72.683,4,42
-1.6377,-0.7329,1.8027,-313.232,61.463,-91.037,4,42
-1.4336,-0.7886,1.8330,-275.793,46.159,-98.841,4,42
-1.8135,-0.8779,1.7266,-228.902,32.561,-106.098,4,42
-2.2168,-0.9478,1.7173,-165.000,-5.671,-95.976,4,42
-2.0850,-0.8828,1.6621,-117.012,-40.976,-87.866,4,42
-1.5283,-0.6938,1.7485,-97.134,-58.902,-85.732,4,42
-1.0679,-0.3691,1.8789,-95.915,-71.341,-84.939,4,42
0.8188,0.6094,-0.5957,-94.573,-51.159,170.305,2,90
0.7891,0.5938,-0.6006,-92.561,-51.707,170.366,2,90
0.7246,0.5762,-0.5918,-90.061,-52.927,171.098,2,90
0.6768,0.5649,-0.5923,-87.500,-53.537,171.220,2,90
0.6250,0.5537,-0.5688,-85.671,-54.756,171.341,2,90
0.5688,0.5396,-0.5601,-83.537,-55.488,171.646,2,90
0.5107,0.5215,-0.5503,-81.585,-56.524,171.463,2,90
0.4746,0.5098,-0.5420,-80.305,-57.317,171.341,2,90
-0.5137,0.1143,1.7896,-94.878,-76.707,-81.037,4,42
0.0200,0.5972,1.5464,-94.512,-63.963,-91.280,4,42
-0.0942,0.9229,1.3579,-82.866,-51.707,-98.537,4,42
0.0195,1.3286,1.1230,-58.659,-42.256,-102.622,4,42
-0.1206,1.7041,1.0488,-23.902,-29.878,-108.415,4,42
-0.3252,2.0298,1.0386,5.610,-24.207,-111.707,4,42
-0.7378,2.3916,1.2563,28.841,-36.890,-100.305,4,42
-1.2124,2.4956,1.4624,36.280,-57.073,-78.598,4,42
0.4395,0.4961,-0.5273,-78.963,-58.171,171.098,2,90
0.4023,0.4854,-0.5181,-78.110,-59.207,170.915,2,90
0.3687,0.4648,-0.4990,-77.073,-60.488,170.305,2,90
0.3340,0.4551,-0.4985,-76.768,-61.768,169.634,2,90
0.2979,0.4419,-0.4863,-76.159,-63.415,169.207,2,90
0.2646,0.4214,-0.4717,-76.524,-65.122,168.293,2,90
0.2251,0.4043,-0.4678,-76.585,-67.256,167.012,2,90
0.2026,0.3862,-0.4551,-77.195,-68.720,166.341,2,90
-1.4595,2.2207,1.6362,28.902,-83.841,-64.451,4,42
-1.4497,1.6123,1.6392,11.768,-98.354,-78.902,4,42
-1.2905,1.0288,1.6152,-8.415,-102.622,-113.415,4,42
-1.0625,0.5356,1.5645,-26.707,-107.012,-150.000,4,42
-0.8418,0.1245,1.4712,-40.976,-114.573,-179.390,4,42
-0.6348,-0.1787,1.3423,-55.122,-122.866,-199.146,4,42
-0.4897,-0.3711,1.2148,-71.829,-130.183,-209.085,4,42
-0.4067,-0.4727,1.1001,-88.963,-136.585,-211.951,4,42
-0.9224,-0.2690,-0.2256,-12.805,-89.939,-59.390,3,42
-0.9253,-0.2651,-0.2236,-12.561,-89.390,-58.537,3,42
-0.9248,-0.2720,-0.2070,-12.073,-88.902,-57.683,3,42
-0.9248,-0.2715,-0.1997,-12.317,-88.415,-57.256,3,42
-0.9292,-0.2842,-0.1899,-12.256,-88.415,-57.012,3,42
-0.9326,-0.2930,-0.1860,-12.134,-87.866,-56.890,3,42
-0.9409,-0.3027,-0.1865,-12.622,-87.317,-56.890,3,42
-0.9351,-0.3188,-0.1748,-13.537,-87.256,-57.256,3,42
-0.0347,0.2285,-0.4722,-88.841,-76.829,145.427,2,90
-0.0459,0.2212,-0.4771,-89.024,-76.402,144.268,2,90
-0.0664,0.2153,-0.4897,-89.878,-74.573,141.159,2,90
-0.0747,0.2231,-0.4971,-90.793,-71.646,136.098,2,90
-0.0796,0.2197,-0.4985,-91.159,-70.427,134.390,2,90
-0.0801,0.2241,-0.5078,-92.317,-67.988,131.341,2,90
-0.0918,0.2251,-0.4946,-93.110,-65.366,128.171,2,90
-0.0942,0.2319,-0.4917,-94.573,-61.402,123.659,2,90
-0.9346,-0.3354,-0.1870,-15.732,-87.317,-57.073,3,42
-0.9438,-0.3628,-0.2168,-17.927,-87.012,-57.500,3,42
-0.9517,-0.3760,-0.2285,-19.634,-86.463,-58.049,3,42
-0.9438,-0.3833,-0.2144,-20.976,-86.037,-57.927,3,42
-0.9380,-0.3979,-0.1934,-20.549,-85.488,-56.951,3,42
-0.9165,-0.4131,-0.2197,-19.512,-84.573,-55.488,3,42
-0.9019,-0.4331,-0.2227,-18.049,-83.049,-54.451,3,42
-0.8950,-0.4463,-0.2095,-14.817,-81.037,-53.780,3,42
-1.7837,-1.6533,0.6665,91.159,-33.659,443.902,1,90
-1.7749,-1.6563,0.6362,95.610,-34.268,439.329,1,90
-1.7612,-1.6592,0.6030,101.098,-35.061,434.634,1,90
-1.7437,-1.6494,0.5796,107.012,-36.220,429.878,1,90
-1.7222,-1.6460,0.5425,113.476,-37.866,424.756,1,90
-1.6968,-1.6436,0.4922,120.671,-39.329,419.817,1,90
-1.6670,-1.6494,0.4546,128.537,-41.037,414.451,1,90
-1.6357,-1.6826,0.4009,135.671,-42.561,408.659,1,90
-0.8857,-0.4424,-0.1694,-12.012,-79.085,-53.354,3,42
-0.8809,-0.4380,-0.1548,-10.183,-76.890,-52.378,3,42
-0.8730,-0.4282,-0.1475,-8.476,-74.817,-50.854,3,42
-0.8750,-0.4341,-0.1431,-4.939,-72.378,-49.268,3,42
-0.8818,-0.4316,-0.1357,-2.866,-69.390,-48.110,3,42
-0.8828,-0.4146,-0.1323,0.488,-66.463,-46.646,3,42
-0.8892,-0.4175,-0.1357,2.500,-63.841,-45.305,3,42
-0.8979,-0.4126,-0.1357,4.756,-61.463,-43.659,3,42
-1.5942,-1.7539,0.3296,146.890,-45.793,399.207,1,90
-1.5742,-1.7905,0.2974,150.915,-46.890,395.915,1,90
-1.5508,-1.8740,0.2563,158.232,-49.207,388.415,1,90
-1.5273,-2.0122,0.1812,168.049,-53.476,376.524,1,90
-1.5112,-2.1094,0.1284,173.841,-56.890,367.988,1,90
-1.4907,-2.1909,0.0869,178.598,-59.573,359.024,1,90
-1.4746,-2.2603,0.0278,182.683,-62.744,350.427,1,90
-1.4648,-2.3164,-0.0347,185.427,-65.061,342.256,1,90
-0.8955,-0.4077,-0.1318,6.585,-59.085,-42.317,3,42
-0.8970,-0.4263,-0.1357,8.963,-56.768,-40.976,3,42
-0.8979,-0.4233,-0.1152,11.829,-54.024,-39.451,3,42
-0.8882,-0.4341,-0.1030,15.000,-51.280,-38.049,3,42
-0.8823,-0.4219,-0.0879,17.927,-48.354,-37.012,3,42
-0.8789,-0.4111,-0.0737,19.085,-46.829,-35.671,3,42
-0.8770,-0.3965,-0.0576,19.268,-45.671,-34.146,3,42
-0.8755,-0.3989,-0.0459,17.988,-45.549,-32.866,3,42
-1.4370,-2.3623,-0.0913,187.439,-67.073,333.720,1,90
-1.4160,-2.3892,-0.1411,188.476,-68.293,325.915,1,90
-1.3901,-2.4146,-0.1763,188.963,-68.720,318.049,1,90
-1.3584,-2.4312,-0.2124,188.902,-68.720,310.976,1,90
-1.3188,-2.4419,-0.2368,188.598,-68.049,304.268,1,90
-1.2852,-2.4565,-0.2593,188.720,-67.927,297.378,1,90
-1.2441,-2.4702,-0.2939,188.476,-67.317,290.854,1,90
-1.1978,-2.4780,-0.3262,188.110,-66.829,284.573,1,90
-1.9771,0.0708,0.7378,21.890,-375.122,-256.951,4,42
-2.0791,0.1045,0.7271,30.061,-385.244,-255.183,4,42
-2.1738,0.1602,0.7026,37.134,-396.585,-252.683,4,42
-2.2666,0.2222,0.6626,42.866,-408.415,-249.634,4,42
-2.3286,0.3130,0.6064,47.378,-420.000,-246.463,4,42
-2.3833,0.4170,0.5469,50.549,-430.671,-242.927,4,42
-2.4214,0.5264,0.4844,52.073,-440.000,-239.268,4,42
-2.4727,0.6499,0.4194,51.951,-448.110,-236.159,4,42
0.1533,0.2969,-0.4526,-27.317,-42.439,68.659,2,90
0.1465,0.3062,-0.4478,-22.378,-42.134,66.951,2,90
0.1528,0.3154,-0.4395,-17.256,-41.768,65.122,2,90
0.1440,0.3223,-0.4360,-11.707,-40.732,63.354,2,90
0.1387,0.3364,-0.4312,-5.854,-40.244,61.829,2,90
0.1436,0.3364,-0.4297,-0.610,-39.390,59.939,2,90
0.1396,0.3525,-0.4326,4.878,-38.293,58.232,2,90
0.1392,0.3579,-0.4219,10.000,-36.585,56.098,2,90
-2.5000,0.7749,0.3584,49.695,-454.390,-233.110,4,42
-2.5190,0.9092,0.3037,45.122,-459.695,-228.110,4,42
-2.6152,1.0615,0.2725,36.463,-463.293,-222.866,4,42
-2.6670,1.2144,0.2236,22.927,-463.841,-216.524,4,42
-2.7158,1.4468,0.0703,1.646,-462.500,-208.598,4,42
-2.8643,1.9272,-0.5151,-29.024,-457.927,-201.098,4,42
-6.2642,-4.2217,-4.2983,-52.134,-360.610,-260.427,4,42
-8.4600,-8.5039,-0.9370,-480.671,-67.378,-340.732,4,42
0.1455,0.3643,-0.4155,14.817,-35.244,54.085,2,90
0.1470,0.3716,-0.4058,18.720,-33.476,52.134,2,90
0.1553,0.3740,-0.3970,23.841,-32.012,50.061,2,90
0.1587,0.3765,-0.3975,27.683,-30.183,47.866,2,90
0.1650,0.3789,-0.3853,32.317,-28.415,46.159,2,90
0.1738,0.3833,-0.3784,36.220,-26.829,43.902,2,90
0.1924,0.3901,-0.3784,40.671,-25.244,41.280,2,90
0.1958,0.3911,-0.3667,44.451,-23.476,39.268,2,90
-16.0000,0.2192,-15.0825,-984.085,122.500,-212.927,4,42
-12.8950,-3.5410,-15.9736,-239.329,440.366,-652.500,4,42
4.8320,-1.4858,-10.6851,-70.854,359.268,-795.610,4,42
6.0762,-5.6841,-15.9019,-385.244,107.500,-557.988,4,42
5.5190,4.3169,-13.8623,-550.061,-30.610,-280.427,4,42
2.5962,11.7183,-12.2446,-653.902,-98.415,-46.280,4,42
1.3188,11.0962,-11.2153,-468.415,-150.183,88.841,4,42
0.6045,13.6304,-8.7139,-393.963,-194.207,109.817,4,42
0.2065,0.4019,-0.3647,48.415,-21.707,36.524,2,90
0.2148,0.4014,-0.3516,52.378,-20.183,34.085,2,90
0.2251,0.4077,-0.3428,55.488,-18.171,31.829,2,90
0.2266,0.4028,-0.3438,58.780,-16.585,29.573,2,90
0.2388,0.4097,-0.3472,62.622,-14.878,27.134,2,90
0.2466,0.4023,-0.3359,65.854,-13.049,24.451,2,90
0.2578,0.4087,-0.3276,69.146,-11.402,22.073,2,90
0.2598,0.4087,-0.3291,71.890,-9.634,19.329,2,90
-0.2681,-2.7520,-0.2993,158.171,-1.402,111.829,1,90
-0.2070,-2.7642,-0.3457,155.915,-1.524,105.244,1,90
-0.1587,-2.7710,-0.3794,152.927,-1.951,99.085,1,90
-0.1211,-2.7710,-0.4351,149.329,-3.354,93.841,1,90
-0.0688,-2.7808,-0.4893,145.610,-5.183,88.293,1,90
-0.0347,-2.7891,-0.5313,140.976,-6.707,83.476,1,90
0.0088,-2.7964,-0.5757,135.732,-8.354,78.659,1,90
0.0356,-2.8091,-0.6338,129.695,-10.000,74.207,1,90
-1.0522,-0.3462,-0.0210,-42.988,-31.098,-6.524,3,42
-1.0483,-0.4443,-0.0894,-35.854,-26.341,-5.915,3,42
-1.0381,-0.4893,-0.1377,-28.293,-20.854,-6.585,3,42
-1.0347,-0.4766,-0.1392,-21.220,-16.890,-7.134,3,42
-1.0112,-0.4268,-0.1406,-14.939,-12.988,-7.317,3,42
-1.0132,-0.3550,-0.1079,-11.159,-10.427,-6.768,3,42
-1.0059,-0.3062,-0.0762,-7.622,-7.744,-6.037,3,42
-1.0171,-0.2588,-0.0361,-4.024,-5.366,-5.427,3,42
0.0640,-2.8159,-0.6714,124.024,-11.646,69.512,1,90
0.0933,-2.8335,-0.7168,118.415,-12.744,65.427,1,90
0.1123,-2.8452,-0.7666,112.195,-13.963,60.976,1,90
0.1318,-2.8584,-0.8218,105.976,-15.244,56.524,1,90
0.1431,-2.8750,-0.8691,99.817,-16.037,52.256,1,90
0.1450,-2.8843,-0.9087,93.963,-16.951,47.683,1,90
0.1421,-2.8867,-0.9521,87.744,-17.439,43.171,1,90
0.1396,-2.9063,-0.9761,81.037,-18.171,38.232,1,90
-1.0229,-0.2163,-0.0029,-1.341,-3.598,-5.488,3,42
-1.0366,-0.1899,0.0332,0.122,-2.195,-6.220,3,42
-1.0420,-0.1904,0.0400,0.549,-0.915,-7.500,3,42
-1.0347,-0.2153,0.0308,1.098,0.549,-8.598,3,42
-1.0254,-0.2349,0.0117,1.280,2.073,-10.061,3,42
-1.0313,-0.2563,0.0059,1.524,4.146,-10.915,3,42
-1.0269,-0.2666,0.0142,0.610,5.854,-11.463,3,42
-1.0283,-0.2734,0.0078,-0.244,7.256,-11.037,3,42
0.1309,-2.9043,-1.0122,75.000,-18.537,32.927,1,90
0.1035,-2.9155,-1.0278,68.780,-18.415,27.500,1,90
0.0850,-2.9229,-1.0562,62.439,-18.293,21.707,1,90
0.0547,-2.9287,-1.0508,56.098,-17.988,15.427,1,90
0.0347,-2.9351,-1.0596,50.000,-17.988,9.329,1,90
0.0054,-2.9302,-1.0752,44.024,-18.110,2.744,1,90
-0.0337,-2.9121,-1.0771,38.415,-18.415,-3.720,1,90
-0.0654,-2.9038,-1.0708,32.866,-19.329,-10.671,1,90
-1.0215,-0.2935,0.0054,0.122,8.841,-10.793,3,42
-1.0122,-0.3164,0.0313,2.256,11.341,-10.488,3,42
-0.9917,-0.3081,0.0376,5.488,14.085,-10.061,3,42
-0.9800,-0.3057,0.0557,7.927,15.915,-9.695,3,42
-0.9536,-0.3003,0.0620,10.366,18.354,-9.024,3,42
-0.9468,-0.3027,0.0649,11.890,19.512,-8.476,3,42
-0.9395,-0.3110,0.0640,13.171,21.585,-7.622,3,42
-0.9541,-0.3296,0.0601,13.537,23.110,-6.585,3,42
-0.1143,-2.8745,-1.0781,25.305,-19.451,-21.463,1,90
-0.1431,-2.8511,-1.0771,20.366,-19.817,-28.902,1,90
-0.1704,-2.8198,-1.0615,16.037,-19.573,-36.220,1,90
-0.1938,-2.7832,-1.0518,12.134,-19.390,-43.720,1,90
-0.2188,-2.7451,-1.0361,8.598,-19.024,-51.220,1,90
-0.2397,-2.7056,-1.0161,4.756,-19.024,-58.293,1,90
-0.2466,-2.6597,-0.9951,1.220,-18.659,-66.098,1,90
-0.2695,-2.6104,-0.9702,-2.744,-18.293,-72.988,1,90
-0.9751,-0.3701,0.0654,13.780,25.183,-5.549,3,42
-0.9810,-0.4272,0.0547,16.585,28.780,-4.268,3,42
-0.9941,-0.4575,0.0708,21.037,34.024,-2.866,3,42
-0.9927,-0.4619,0.0850,25.610,39.329,-1.829,3,42
-0.9727,-0.4556,0.0635,28.293,41.402,-0.793,3,42
-0.9380,-0.4468,0.0220,30.305,42.622,0.244,3,42
-0.9209,-0.4312,-0.0059,31.707,44.268,1.159,3,42
-0.9282,-0.4175,-0.0430,32.439,45.244,1.768,3,42
-0.2646,-2.5693,-0.9419,-6.585,-18.171,-80.305,1,90
-0.2646,-2.5249,-0.9106,-10.305,-17.805,-87.317,1,90
-0.2637,-2.4873,-0.8838,-14.024,-17.256,-94.329,1,90
-0.2646,-2.4443,-0.8638,-17.500,-17.378,-100.976,1,90
-0.2593,-2.4019,-0.8345,-21.768,-17.012,-107.500,1,90
-0.2563,-2.3652,-0.7949,-25.427,-17.012,-113.963,1,90
-0.2563,-2.3330,-0.7598,-29.329,-16.768,-120.183,1,90
-0.2529,-2.3037,-0.7349,-33.841,-16.707,-125.976,1,90
-0.9077,-0.3984,-0.0679,33.049,45.549,2.805,3,42
-0.9033,-0.4028,-0.0952,33.049,45.305,3.598,3,42
-0.9097,-0.4092,-0.1094,31.585,44.817,4.268,3,42
-0.9185,-0.4282,-0.0938,30.793,44.695,5.122,3,42
-0.9287,-0.4536,-0.0645,31.829,46.341,6.585,3,42
-0.9321,-0.4639,-0.0317,35.671,49.268,8.841,3,42
-0.9282,-0.4478,-0.0571,36.890,50.000,10.976,3,42
-0.9097,-0.4341,-0.1099,34.268,47.500,11.951,3,42
0.3184,0.3428,-0.3892,-26.646,50.000,-101.524,2,90
0.3203,0.3506,-0.3940,-27.561,50.854,-103.598,2,90
0.3281,0.3687,-0.3911,-28.354,51.280,-105.915,2,90
0.3252,0.3691,-0.3906,-28.476,51.524,-108.476,2,90
0.3389,0.3848,-0.3901,-27.683,51.951,-111.037,2,90
0.3320,0.3916,-0.3921,-26.890,52.134,-113.293,2,90
0.3438,0.3955,-0.3892,-25.244,52.256,-115.549,2,90
0.3286,0.4053,-0.3784,-23.720,52.439,-117.744,2,90
-1.8149,-0.6143,-0.3496,363.415,-10.732,112.866,4,42
-1.9214,-0.7510,-0.3506,373.659,-2.439,107.378,4,42
-1.9082,-0.8335,-0.3677,383.598,9.451,103.841,4,42
-1.8159,-0.9331,-0.4224,382.744,26.098,100.976,4,42
-1.6978,-1.0474,-0.4697,373.902,46.463,96.707,4,42
-1.5991,-1.1431,-0.5122,361.280,68.110,90.610,4,42
-1.5190,-1.1919,-0.5420,347.683,87.561,83.537,4,42
-1.5015,-1.1699,-0.5967,334.146,102.561,76.098,4,42
-0.5337,-1.9565,-0.2124,-138.537,-13.415,-191.951,1,90
-0.5669,-1.9370,-0.1978,-144.146,-13.049,-194.024,1,90
-0.5811,-1.9150,-0.1641,-148.963,-12.622,-195.793,1,90
-0.6001,-1.8911,-0.1646,-152.561,-11.890,-197.805,1,90
-0.6255,-1.8604,-0.1367,-156.463,-11.646,-199.390,1,90
-0.6523,-1.8315,-0.1147,-160.122,-11.220,-201.463,1,90
-0.6724,-1.8008,-0.1030,-163.049,-10.854,-203.415,1,90
-0.6899,-1.7705,-0.0879,-165.793,-10.488,-205.183,1,90
-1.5566,-1.1235,-0.6636,322.805,111.037,70.488,4,42
-1.2588,-1.0508,-0.7974,313.659,118.232,62.927,4,42
-1.0864,-0.9927,-0.9585,300.732,136.280,49.329,4,42
-1.1753,-0.8804,-0.9697,289.390,153.171,45.366,4,42
-1.3237,-0.8101,-0.9595,279.939,164.085,46.341,4,42
-1.4746,-0.7778,-0.9390,271.098,169.939,46.829,4,42
-1.6113,-0.7598,-0.9277,260.305,173.415,45.000,4,42
-1.7437,-0.7183,-0.8931,247.378,176.341,40.793,4,42
0.3320,0.4419,-0.3472,0.061,49.878,-134.756,2,90
0.3208,0.4468,-0.3398,2.805,49.634,-136.037,2,90
0.3320,0.4385,-0.3320,5.305,49.207,-137.622,2,90
0.3340,0.4404,-0.3301,8.232,48.659,-138.537,2,90
0.3452,0.4395,-0.3359,10.854,48.354,-139.756,2,90
0.3521,0.4395,-0.3242,13.415,46.890,-141.220,2,90
0.3608,0.4375,-0.3193,16.159,45.854,-141.951,2,90
0.3584,0.4258,-0.3164,18.841,45.183,-143.171,2,90
-0.8794,-1.5645,0.0020,-169.512,-6.890,-217.866,1,90
-0.8901,-1.5566,0.0078,-167.866,-5.793,-219.329,1,90
-0.9102,-1.5430,0.0151,-165.976,-5.122,-220.915,1,90
-0.9229,-1.5322,0.0259,-163.780,-4.329,-222.073,1,90
-0.9365,-1.5244,0.0410,-161.280,-4.207,-223.720,1,90
-0.9473,-1.5171,0.0537,-158.659,-3.720,-225.610,1,90
-0.9590,-1.5034,0.0615,-156.220,-3.232,-227.378,1,90
-0.9688,-1.4966,0.0698,-153.171,-3.232,-229.085,1,90
-0.9507,-0.3813,-0.1440,34.390,52.988,32.805,3,42
-0.9458,-0.4102,-0.1631,35.183,53.110,33.659,3,42
-0.9297,-0.4478,-0.1772,36.646,54.268,34.756,3,42
-0.9272,-0.4697,-0.1846,38.780,55.427,35.732,3,42
-0.9189,-0.4790,-0.1938,39.512,56.037,36.951,3,42
-0.9131,-0.4912,-0.1929,39.451,56.280,38.232,3,42
-0.9009,-0.5083,-0.2031,39.268,56.402,39.512,3,42
-0.9028,-0.5107,-0.1885,39.085,57.012,40.305,3,42
-0.9800,-1.4912,0.0723,-149.756,-2.683,-231.098,1,90
-0.9824,-1.4893,0.0776,-146.585,-2.317,-233.049,1,90
-0.9912,-1.4795,0.0889,-143.293,-2.134,-235.122,1,90
-0.9932,-1.4639,0.0942,-139.634,-2.378,-237.195,1,90
-0.9946,-1.4683,0.0986,-136.341,-2.622,-239.390,1,90
-0.9966,-1.4629,0.1035,-133.232,-2.561,-241.037,1,90
-0.9985,-1.4590,0.1074,-130.122,-3.049,-243.049,1,90
-1.0020,-1.4546,0.1104,-126.585,-3.598,-244.878,1,90
-1.5112,0.0869,0.0850,59.146,185.488,29.207,4,42
-1.4258,0.1401,0.1030,57.195,186.159,29.207,4,42
-1.3804,0.2051,0.1421,55.366,187.561,31.829,4,42
-1.3711,0.2627,0.1787,54.268,188.354,36.829,4,42
-1.3862,0.3032,0.2217,52.744,188.476,42.378,4,42
-1.3984,0.3213,0.2739,51.098,188.293,47.134,4,42
-1.4165,0.3096,0.3193,48.537,187.439,51.829,4,42
-1.4116,0.2876,0.3589,46.037,185.915,55.671,4,42
0.3691,0.3613,-0.3140,39.756,27.134,-167.256,2,90
0.3594,0.3560,-0.3188,38.659,26.890,-168.476,2,90
0.3652,0.3501,-0.3105,37.378,26.707,-170.000,2,90
0.3584,0.3535,-0.3101,35.854,27.012,-171.524,2,90
0.3525,0.3530,-0.3154,34.512,27.561,-173.171,2,90
0.3535,0.3574,-0.3203,32.866,27.805,-174.390,2,90
0.3511,0.3506,-0.3232,31.341,28.476,-175.854,2,90
0.3452,0.3579,-0.3271,30.183,29.024,-177.439,2,90
-1.4111,0.2412,0.3818,42.927,184.207,58.841,4,42
-1.4111,0.1909,0.3960,39.817,181.951,62.134,4,42
-1.3999,0.1597,0.4297,37.317,179.146,65.488,4,42
-1.3994,0.1514,0.4673,35.183,176.707,68.415,4,42
-1.4170,0.1382,0.4990,31.402,174.878,70.976,4,42
-1.4375,0.1152,0.5132,27.256,172.988,72.927,4,42
-1.4404,0.0742,0.5220,24.878,171.037,74.146,4,42
-1.4316,0.0200,0.5337,23.902,168.720,74.939,4,42
0.3501,0.3608,-0.3369,28.780,29.878,-178.293,2,90
0.3477,0.3696,-0.3364,27.500,30.488,-179.634,2,90
0.3501,0.3774,-0.3296,26.707,31.951,-181.098,2,90
0.3521,0.3892,-0.3350,25.000,32.866,-182.134,2,90
0.3584,0.3989,-0.3267,24.024,34.268,-183.720,2,90
0.3599,0.4048,-0.3384,22.988,35.427,-184.756,2,90
0.3647,0.4170,-0.3467,22.561,36.768,-186.220,2,90
0.3823,0.4297,-0.3540,22.256,38.354,-187.378,2,90
-1.4063,-0.0195,0.5469,25.183,167.012,75.122,4,42
-1.3794,-0.0557,0.5435,27.744,165.732,75.244,4,42
-1.3535,-0.0859,0.5327,30.061,164.878,75.122,4,42
-1.3320,-0.1016,0.5225,30.854,165.366,74.695,4,42
-1.3213,-0.1284,0.4980,30.122,166.220,74.146,4,42
-1.3159,-0.1660,0.4907,27.988,167.927,73.171,4,42
-1.3350,-0.2261,0.5137,26.463,168.841,72.073,4,42
-1.3384,-0.2930,0.5503,26.037,168.110,70.915,4,42
-1.0640,-1.5068,0.1191,-91.341,-21.768,-269.207,1,90
-1.0752,-1.4990,0.1147,-90.793,-22.500,-270.854,1,90
-1.0796,-1.4956,0.1216,-90.610,-23.780,-272.317,1,90
-1.0874,-1.4912,0.1177,-90.000,-24.817,-273.963,1,90
-1.0933,-1.4800,0.1250,-89.268,-26.037,-275.183,1,90
-1.1016,-1.4692,0.1309,-89.146,-27.134,-277.012,1,90
-1.1011,-1.4600,0.1304,-88.780,-27.866,-278.537,1,90
-1.1064,-1.4478,0.1362,-88.354,-28.902,-279.939,1,90
0.4009,0.5806,-0.3887,27.012,49.085,-194.268,2,90
0.3940,0.6060,-0.3867,28.110,50.427,-194.573,2,90
0.3984,0.6191,-0.3960,29.451,51.768,-194.512,2,90
0.3892,0.6343,-0.3979,30.732,53.110,-194.634,2,90
0.3931,0.6484,-0.3979,32.012,54.207,-194.573,2,90
0.3906,0.6616,-0.3955,34.146,55.488,-194.085,2,90
0.3896,0.6733,-0.4082,36.220,56.768,-193.415,2,90
0.3892,0.6880,-0.4077,38.354,57.988,-192.866,2,90
-0.8345,-0.2773,-0.1426,21.829,62.866,60.793,3,42
-0.8174,-0.2778,-0.1543,21.646,63.232,60.976,3,42
-0.7798,-0.2813,-0.1670,19.939,62.317,60.488,3,42
-0.7554,-0.2720,-0.1826,17.561,60.976,60.061,3,42
-0.7524,-0.2671,-0.2085,13.659,58.841,59.878,3,42
-0.7617,-0.2456,-0.2671,6.707,55.061,58.598,3,42
-0.7798,-0.2363,-0.2939,1.463,52.622,58.293,3,42
-0.8066,-0.2256,-0.3110,-3.780,49.939,58.232,3,42
0.3921,0.6899,-0.3965,39.878,59.146,-192.012,2,90
0.3901,0.7075,-0.3994,41.951,60.183,-191.524,2,90
0.3960,0.7070,-0.3994,43.415,61.463,-190.671,2,90
0.3911,0.7183,-0.3975,45.549,62.927,-189.756,2,90
0.3970,0.7329,-0.3965,47.561,63.902,-188.963,2,90
0.4033,0.7402,-0.4014,49.207,65.244,-188.049,2,90
0.4106,0.7446,-0.3970,50.976,66.280,-187.012,2,90
0.4150,0.7598,-0.3936,52.561,67.439,-185.732,2,90
-1.0996,-1.3589,0.0625,-65.976,-38.963,-303.537,1,90
-1.0952,-1.3618,0.0635,-65.488,-39.634,-304.390,1,90
-1.0928,-1.3633,0.0459,-65.488,-40.061,-305.793,1,90
-1.0889,-1.3579,0.0293,-65.793,-40.549,-306.463,1,90
-1.0986,-1.3491,0.0151,-65.549,-40.915,-307.561,1,90
-1.1050,-1.3481,0.0176,-65.915,-41.463,-308.232,1,90
-1.1084,-1.3442,0.0161,-66.037,-41.707,-308.902,1,90
-1.1104,-1.3428,0.0024,-66.829,-42.134,-309.634,1,90
-1.0361,-0.4683,-0.2256,-45.671,34.573,67.073,3,42
-1.0386,-0.4805,-0.2134,-50.549,33.476,68.354,3,42
-1.0293,-0.4771,-0.1987,-55.244,32.805,69.268,3,42
-1.0103,-0.4678,-0.1729,-59.512,32.439,70.305,3,42
-0.9829,-0.4517,-0.1553,-63.476,32.134,71.402,3,42
-1.0005,-0.4595,-0.1533,-66.646,31.585,72.500,3,42
-0.9761,-0.3774,-0.1987,-68.720,31.707,74.146,3,42
-0.8604,-0.2695,-0.1611,-71.402,31.768,73.293,3,42
0.4907,0.8472,-0.3784,63.049,72.378,-172.134,2,90
0.5063,0.8555,-0.3906,64.268,72.500,-170.732,2,90
0.5186,0.8789,-0.3848,64.695,72.805,-168.902,2,90
0.5298,0.8853,-0.3848,65.610,73.232,-167.500,2,90
0.5488,0.9004,-0.3809,66.646,73.293,-165.854,2,90
0.5586,0.9165,-0.3911,67.622,73.537,-164.024,2,90
0.5596,0.9297,-0.3965,69.024,73.232,-162.073,2,90
0.5933,0.9482,-0.3926,70.305,72.988,-159.817,2,90
-1.1523,-1.2466,-0.0469,-79.451,-47.073,-311.585,1,90
-1.1646,-1.2363,-0.0566,-81.037,-47.866,-311.707,1,90
-1.1602,-1.2188,-0.0635,-83.110,-47.927,-311.098,1,90
-1.1616,-1.2100,-0.0684,-84.695,-48.659,-310.488,1,90
-1.1709,-1.1938,-0.0830,-86.585,-49.085,-309.817,1,90
-1.1733,-1.1812,-0.0957,-88.902,-49.451,-308.720,1,90
-1.1670,-1.1748,-0.1138,-90.793,-49.939,-307.500,1,90
-1.1714,-1.1543,-0.1460,-94.390,-50.610,-305.732,1,90
-0.9136,-0.1021,-0.4321,-56.524,33.476,61.646,3,42
-0.9673,-0.1582,-0.3569,-60.671,30.854,61.524,3,42
-1.0200,-0.2031,-0.2881,-66.098,27.561,60.671,3,42
-1.0669,-0.2412,-0.2427,-72.439,23.720,59.573,3,42
-1.1333,-0.2715,-0.2158,-77.378,20.976,59.207,3,42
-1.1997,-0.2905,-0.2158,-81.037,19.695,59.268,3,42
-1.2461,-0.2939,-0.2139,-82.683,19.573,59.634,3,42
-1.2959,-0.3066,-0.2251,-83.598,19.329,58.354,3,42
-1.1797,-1.1533,-0.1646,-96.585,-50.976,-304.207,1,90
-1.1851,-1.1416,-0.1826,-98.720,-51.341,-302.683,1,90
-1.1929,-1.1309,-0.2188,-101.098,-51.463,-300.671,1,90
-1.2051,-1.1201,-0.2305,-102.988,-52.012,-298.354,1,90
-1.2188,-1.1050,-0.2559,-105.244,-52.256,-296.341,1,90
-1.2314,-1.0903,-0.2744,-107.561,-52.622,-293.537,1,90
-1.2563,-1.0757,-0.2939,-109.146,-52.988,-290.305,1,90
-1.2759,-1.0562,-0.3159,-111.341,-53.049,-287.256,1,90
-1.2969,-1.0352,-0.3594,-113.780,-53.171,-283.659,1,90
-1.3179,-1.0103,-0.4058,-116.220,-53.232,-279.512,1,90
-1.3423,-0.9814,-0.4375,-118.598,-52.744,-275.549,1,90
-1.3706,-0.9458,-0.4707,-120.732,-51.707,-270.732,1,90
-1.3994,-0.9136,-0.4941,-122.561,-50.244,-266.037,1,90
-1.4277,-0.8721,-0.5083,-123.293,-48.232,-260.549,1,90
-1.4551,-0.8398,-0.5137,-123.841,-46.463,-254.390,1,90
-1.4922,-0.7915,-0.5151,-124.207,-44.268,-248.537,1,90
-0.8403,0.0566,-0.2891,-66.220,23.354,49.878,3,42
-0.8398,0.1094,-0.3599,-60.366,23.598,48.293,3,42
-0.8481,0.1470,-0.4263,-52.988,24.390,46.463,3,42
-0.8174,0.1812,-0.5190,-44.695,25.244,43.537,3,42
-0.7163,0.2217,-0.5610,-37.134,25.610,38.598,3,42
-0.6147,0.2759,-0.5815,-30.366,24.390,34.573,3,42
-0.5220,0.3008,-0.6094,-24.878,22.805,31.159,3,42
-0.4624,0.3101,-0.6089,-20.305,20.305,28.293,3,42
-1.5166,-0.7407,-0.5190,-124.329,-42.561,-242.378,1,90
-1.5405,-0.7065,-0.5093,-123.963,-40.366,-236.037,1,90
-1.5708,-0.6567,-0.5239,-123.902,-38.659,-229.024,1,90
-1.5996,-0.6118,-0.5220,-123.659,-36.951,-222.134,1,90
-1.6152,-0.5776,-0.5215,-122.378,-34.878,-215.366,1,90
-1.6377,-0.5342,-0.5342,-121.159,-32.988,-208.537,1,90
-1.6611,-0.4946,-0.5469,-119.756,-31.098,-201.341,1,90
-1.6748,-0.4536,-0.5679,-117.988,-29.146,-194.268,1,90
-1.6812,-0.3892,-0.5640,-114.512,-25.671,-183.110,1,90
-1.6953,-0.3667,-0.5713,-113.415,-24.390,-179.268,1,90
-1.7051,-0.3257,-0.5664,-110.732,-22.317,-171.829,1,90
-1.7144,-0.2813,-0.5659,-108.659,-19.695,-163.902,1,90
-1.7114,-0.2397,-0.5752,-106.220,-17.439,-155.305,1,90
-1.7217,-0.1948,-0.5625,-104.146,-15.488,-146.585,1,90
-1.7300,-0.1362,-0.5566,-100.610,-13.049,-131.951,1,90
-1.7402,-0.0933,-0.5571,-98.354,-12.012,-121.341,1,90
-1.1196,-0.0723,-0.3428,-1.707,5.366,14.695,3,42
-1.1274,-0.0522,-0.3262,1.707,5.244,11.707,3,42
-1.1270,-0.0381,-0.3267,3.720,5.183,10.183,3,42
-1.0996,0.0356,-0.3047,9.207,4.268,6.098,3,42
-1.0640,0.0806,-0.2939,12.561,3.537,2.744,3,42
-1.0122,0.1240,-0.2954,15.976,2.256,-0.488,3,42
-0.9458,0.1724,-0.3071,19.329,0.793,-3.963,3,42
-0.8789,0.1987,-0.3188,22.073,-1.037,-6.951,3,42
1.5957,1.4692,-0.7529,-20.610,38.963,-46.098,2,90
1.5923,1.4609,-0.7778,-24.024,34.817,-40.976,2,90
1.5933,1.4663,-0.7480,-26.159,32.195,-34.939,2,90
1.5981,1.4609,-0.7612,-28.963,28.415,-29.268,2,90
1.6162,1.4575,-0.7759,-29.695,25.305,-22.622,2,90
1.6240,1.4707,-0.7700,-29.756,22.744,-16.585,2,90
1.6431,1.4937,-0.7544,-31.341,19.695,-10.427,2,90
1.6582,1.4976,-0.7422,-33.537,17.134,-4.207,2,90
-1.6851,0.0991,-0.5376,-60.610,11.951,-33.780,1,90
-1.6426,0.1094,-0.5322,-56.463,14.634,-26.707,1,90
-1.5947,0.1167,-0.5220,-52.683,16.646,-20.061,1,90
-1.5342,0.1167,-0.5264,-49.146,18.049,-14.207,1,90
-1.4668,0.1201,-0.5376,-45.732,19.634,-8.354,1,90
-1.4038,0.1284,-0.5449,-43.354,20.000,-3.049,1,90
-1.3433,0.1348,-0.5620,-41.890,20.915,2.012,1,90
-1.2720,0.1597,-0.5762,-40.427,20.976,7.073,1,90
-0.6230,0.2632,-0.3662,42.073,-19.573,-33.354,3,42
-0.6602,0.2500,-0.3550,43.171,-21.037,-35.671,3,42
-0.7109,0.2280,-0.3340,44.817,-22.744,-37.317,3,42
-0.7749,0.1982,-0.3306,46.707,-24.024,-39.268,3,42
-0.8384,0.1655,-0.3306,49.146,-25.061,-41.402,3,42
-0.8896,0.1206,-0.3350,51.829,-25.610,-43.598,3,42
-0.9561,0.0869,-0.3198,53.598,-26.037,-45.488,3,42
-1.0234,0.0635,-0.3081,54.939,-26.098,-46.646,3,42
1.4160,1.4492,-0.7690,-45.976,-38.415,37.256,2,90
1.3491,1.4399,-0.7881,-46.646,-45.427,41.524,2,90
1.2881,1.4287,-0.8062,-46.768,-51.585,46.463,2,90
1.2231,1.4121,-0.8237,-47.134,-57.195,51.585,2,90
1.1694,1.3945,-0.8462,-46.829,-62.134,56.524,2,90
1.1006,1.3735,-0.8569,-46.524,-66.463,62.195,2,90
1.0537,1.3535,-0.8535,-46.159,-70.183,67.439,2,90
1.0137,1.3325,-0.8442,-45.244,-73.354,72.683,2,90
-2.0005,-1.9824,0.8325,44.207,125.854,-6.951,4,42
-2.1177,-2.1895,0.8125,29.756,132.256,-8.171,4,42
-2.1958,-2.2798,0.8262,15.671,136.280,-11.585,4,42
-2.2124,-2.3301,0.8667,0.000,138.963,-16.341,4,42
-2.2124,-2.3315,0.9810,-15.549,141.646,-19.512,4,42
-2.1831,-2.2832,1.1309,-31.951,144.146,-21.220,4,42
-2.1484,-2.2383,1.3169,-50.061,146.646,-22.073,4,42
-2.1196,-2.2002,1.5488,-67.866,148.720,-22.622,4,42
0.9634,1.3013,-0.8315,-44.573,-76.280,77.744,2,90
0.9297,1.2852,-0.8208,-43.293,-79.024,82.805,2,90
0.9048,1.2510,-0.8076,-42.378,-81.646,87.012,2,90
0.8853,1.2339,-0.7891,-40.915,-83.841,91.098,2,90
0.8804,1.1992,-0.7646,-39.878,-86.280,94.939,2,90
0.8662,1.1748,-0.7354,-38.537,-88.232,98.780,2,90
0.8701,1.1504,-0.7124,-36.890,-89.878,101.646,2,90
0.8667,1.1323,-0.6831,-35.427,-91.220,105.427,2,90
-0.7588,0.3818,-0.8916,-16.220,32.256,107.988,1,90
-0.7520,0.3711,-0.8872,-11.280,33.415,111.768,1,90
-0.7456,0.3574,-0.8877,-6.402,35.366,115.549,1,90
-0.7480,0.3447,-0.8765,-1.341,36.707,118.902,1,90
-0.7358,0.3315,-0.8643,3.537,38.659,122.256,1,90
-0.7310,0.3105,-0.8477,8.476,40.427,125.854,1,90
-0.7329,0.2827,-0.8394,13.110,43.049,129.085,1,90
-0.7271,0.2603,-0.8223,17.805,44.939,132.317,1,90
-1.0024,-0.2163,-0.2529,51.402,-24.634,-65.488,3,42
-1.0005,-0.2285,-0.2456,47.256,-25.610,-65.854,3,42
-0.9907,-0.2378,-0.2271,43.780,-26.707,-65.854,3,42
-0.9746,-0.2544,-0.2114,39.939,-27.622,-66.220,3,42
-0.9595,-0.2568,-0.2017,36.098,-28.598,-66.463,3,42
-0.9648,-0.2417,-0.2100,32.439,-30.244,-66.402,3,42
-0.9839,-0.2358,-0.2363,28.963,-31.829,-66.037,3,42
-1.0093,-0.2510,-0.2729,26.220,-33.049,-66.159,3,42
-0.7183,0.2329,-0.8008,22.012,47.622,135.610,1,90
-0.7139,0.2100,-0.7935,25.854,50.793,139.207,1,90
-0.7046,0.1763,-0.7822,29.939,53.841,142.805,1,90
-0.6997,0.1494,-0.7666,33.476,57.195,146.098,1,90
-0.6855,0.1250,-0.7324,36.098,61.037,149.878,1,90
-0.6753,0.0942,-0.7202,38.659,64.390,153.415,1,90
-0.6646,0.0708,-0.6890,40.366,68.171,157.256,1,90
-0.6563,0.0459,-0.6709,41.646,71.890,160.854,1,90
-1.3882,-0.6138,0.2036,-321.463,137.378,-40.366,4,42
-1.0562,-0.4785,0.1572,-310.915,147.683,-44.756,4,42
-0.7754,-0.2939,0.3721,-295.000,154.878,-44.451,4,42
-0.8906,-0.2363,0.7109,-283.598,160.427,-44.634,4,42
-0.2188,-0.1133,1.2744,-276.646,156.768,-53.841,4,42
-0.5024,-0.2744,1.4229,-274.512,137.622,-61.707,4,42
-1.0801,-0.4414,1.5439,-272.805,114.085,-66.585,4,42
-2.6509,-0.6665,1.6304,-262.683,82.500,-66.768,4,42
1.1436,0.6758,-0.2207,-16.159,-94.146,145.732,2,90
1.1338,0.6465,-0.2227,-14.329,-93.841,146.524,2,90
1.1167,0.6255,-0.2085,-11.890,-94.024,147.256,2,90
1.0957,0.6113,-0.1973,-9.634,-93.049,147.378,2,90
1.0610,0.6094,-0.1802,-7.073,-92.500,147.317,2,90
1.0288,0.6021,-0.1743,-5.366,-91.341,146.951,2,90
0.9897,0.5986,-0.1675,-4.085,-90.305,146.524,2,90
0.9507,0.6113,-0.1616,-3.110,-88.963,146.159,2,90
-3.5439,-0.7563,1.4727,-249.878,38.049,-67.500,4,42
-3.2510,-0.5957,1.2935,-255.305,27.622,-77.012,4,42
-2.7114,-0.3979,1.3926,-257.561,27.927,-86.402,4,42
-2.1509,-0.3726,1.5903,-242.378,19.878,-95.122,4,42
-1.8379,-0.3101,1.7100,-215.915,-4.634,-96.341,4,42
-1.5200,-0.1772,1.6997,-186.829,-27.927,-89.878,4,42
-1.0879,0.0474,1.7109,-163.659,-50.610,-80.976,4,42
-0.4526,0.4199,1.6426,-152.256,-68.415,-75.122,4,42
0.9009,0.6143,-0.1489,-2.683,-87.500,146.220,2,90
0.8589,0.6216,-0.1353,-1.646,-86.098,146.829,2,90
0.8047,0.6318,-0.1245,-1.159,-84.939,147.378,2,90
0.7573,0.6323,-0.1206,-0.305,-83.476,148.780,2,90
0.7192,0.6323,-0.1123,-0.122,-82.378,149.939,2,90
0.6758,0.6343,-0.0996,-0.061,-81.098,151.829,2,90
0.6416,0.6270,-0.0903,-0.305,-80.244,153.963,2,90
0.6040,0.6133,-0.0820,-0.488,-79.451,155.976,2,90
0.0576,0.6899,1.4282,-151.890,-78.720,-70.488,4,42
0.0986,0.9258,1.1533,-143.354,-85.305,-59.085,4,42
0.3896,1.2725,0.8730,-129.695,-88.415,-51.646,4,42
0.1489,1.5850,0.6997,-117.927,-74.634,-54.695,4,42
-0.3052,1.9355,0.7500,-105.244,-67.195,-53.110,4,42
-0.6924,2.1606,0.7480,-100.793,-60.488,-53.354,4,42
-1.1250,2.2368,0.9023,-105.610,-55.244,-53.232,4,42
-1.4756,2.1196,1.1367,-111.707,-63.780,-48.902,4,42
-0.9395,-0.3208,-0.2959,-8.049,-62.561,-55.915,3,42
-0.9507,-0.3359,-0.2617,-7.622,-61.159,-55.244,3,42
-0.9409,-0.3569,-0.2554,-5.671,-60.244,-54.573,3,42
-0.9209,-0.3789,-0.2534,-3.780,-59.634,-53.780,3,42
-0.9136,-0.3960,-0.2554,-2.378,-59.085,-53.476,3,42
-0.9121,-0.4150,-0.2397,-0.244,-58.171,-52.622,3,42
-0.9204,-0.3960,-0.2266,0.915,-57.500,-52.378,3,42
-0.9263,-0.3745,-0.2222,2.134,-57.195,-51.707,3,42
0.3936,0.4331,-0.1616,-4.634,-70.305,179.146,2,90
0.3872,0.4165,-0.1782,-6.220,-68.598,180.183,2,90
0.3677,0.3989,-0.1904,-7.256,-66.585,181.098,2,90
0.3579,0.3911,-0.1938,-9.146,-64.573,181.341,2,90
0.3364,0.3784,-0.1992,-11.341,-62.500,181.646,2,90
0.3198,0.3711,-0.2100,-13.902,-60.122,181.768,2,90
0.3086,0.3667,-0.2217,-16.768,-57.805,181.463,2,90
0.2920,0.3564,-0.2266,-19.695,-55.427,181.037,2,90
-0.5107,-0.6035,-0.1035,43.415,134.085,276.220,1,90
-0.5264,-0.6729,-0.0938,40.732,133.232,279.329,1,90
-0.5488,-0.7422,-0.0767,37.744,132.378,282.012,1,90
-0.5684,-0.8179,-0.0449,35.183,131.829,285.122,1,90
-0.5908,-0.8940,-0.0225,31.707,131.220,287.805,1,90
-0.6162,-0.9722,0.0132,28.537,130.732,290.671,1,90
-0.6387,-1.0479,0.0415,25.122,129.573,293.537,1,90
-0.6533,-1.1333,0.0679,21.646,129.207,295.793,1,90
-0.8887,-0.2446,-0.2529,13.841,-51.768,-53.537,3,42
-0.8794,-0.2524,-0.2222,16.402,-50.671,-52.927,3,42
-0.8730,-0.2583,-0.2046,16.890,-50.183,-52.439,3,42
-0.8765,-0.2764,-0.1812,16.585,-49.817,-51.585,3,42
-0.8877,-0.2910,-0.1675,16.585,-49.207,-50.732,3,42
-0.8955,-0.2939,-0.1602,16.037,-48.963,-50.427,3,42
-0.9097,-0.2998,-0.1655,14.512,-48.902,-50.305,3,42
-0.9297,-0.3164,-0.1499,14.268,-48.476,-49.817,3,42
-0.6665,-1.2070,0.0830,18.476,128.354,298.476,1,90
-0.6860,-1.2837,0.0957,15.244,127.683,300.671,1,90
-0.6807,-1.3638,0.1006,12.378,127.073,303.110,1,90
-0.6929,-1.4346,0.1060,9.939,126.524,304.512,1,90
-0.7075,-1.5391,0.1104,7.500,126.341,307.561,1,90
-0.7114,-1.5967,0.1284,7.195,126.341,308.780,1,90
-0.7134,-1.6636,0.1284,8.049,126.829,309.634,1,90
-0.7085,-1.7246,0.1362,9.634,127.744,309.451,1,90
-0.9414,-0.3418,-0.1274,17.561,-45.549,-48.659,3,42
-0.9434,-0.3633,-0.1060,22.378,-42.439,-47.317,3,42
-0.9438,-0.3525,-0.0840,25.671,-40.610,-46.463,3,42
-0.9429,-0.3521,-0.0703,26.890,-39.512,-45.915,3,42
-0.9487,-0.3389,-0.0581,26.768,-38.720,-45.915,3,42
-0.9590,-0.3452,-0.0439,26.707,-37.866,-45.854,3,42
-0.9644,-0.3291,-0.0332,26.463,-37.317,-46.037,3,42
-0.9814,-0.3276,-0.0278,25.122,-36.524,-46.402,3,42
-0.7090,-1.7788,0.1426,12.500,129.451,308.659,1,90
-0.7070,-1.8345,0.1519,15.793,131.524,306.829,1,90
-0.6978,-1.8804,0.1743,19.878,133.659,304.573,1,90
-0.6880,-1.9126,0.1763,24.024,135.488,300.976,1,90
-0.6685,-1.9346,0.1875,27.378,137.500,297.012,1,90
-0.6479,-1.9517,0.2002,30.915,138.963,292.073,1,90
-0.6265,-1.9614,0.2109,34.329,140.366,287.073,1,90
-0.6035,-1.9644,0.2227,37.012,140.488,281.890,1,90
-0.9814,-0.3169,-0.0146,24.207,-36.280,-46.707,3,42
-0.9819,-0.3003,-0.0156,21.890,-36.220,-47.195,3,42
-0.9800,-0.3081,-0.0171,19.695,-36.524,-47.256,3,42
-0.9790,-0.3179,-0.0117,17.988,-36.585,-47.622,3,42
-0.9717,-0.3223,-0.0142,15.732,-36.768,-47.500,3,42
-0.9604,-0.3408,-0.0273,13.902,-36.585,-47.439,3,42
-0.9463,-0.3730,-0.0352,12.500,-36.951,-47.622,3,42
-0.9316,-0.3965,-0.0601,11.280,-36.768,-47.622,3,42
-0.5649,-1.9619,0.2231,39.634,140.305,276.768,1,90
-0.5371,-1.9580,0.2319,42.317,139.329,271.890,1,90
-0.5063,-1.9551,0.2388,44.756,137.927,267.073,1,90
-0.4692,-1.9458,0.2393,47.500,135.122,262.012,1,90
-0.4336,-1.9331,0.2358,49.695,132.073,257.683,1,90
-0.4097,-1.9229,0.2344,51.524,128.902,253.293,1,90
-0.3804,-1.9067,0.2231,52.744,125.732,249.268,1,90
-0.3628,-1.9004,0.2119,54.207,122.561,245.122,1,90
-0.9175,-0.4370,-0.0688,10.061,-37.012,-47.683,3,42
-0.9150,-0.4609,-0.0752,8.659,-36.890,-47.866,3,42
-0.9106,-0.4795,-0.0947,7.439,-37.073,-47.439,3,42
-0.9111,-0.4995,-0.0928,6.463,-36.646,-47.012,3,42
-0.9199,-0.4956,-0.0933,5.671,-36.037,-46.341,3,42
-0.9155,-0.5029,-0.1172,3.902,-36.098,-46.037,3,42
-0.9087,-0.5117,-0.1216,2.439,-36.707,-45.305,3,42
-0.9160,-0.5303,-0.1045,2.378,-35.915,-44.817,3,42
-0.3403,-1.8896,0.1885,55.732,119.695,241.098,1,90
-0.3315,-1.8872,0.1777,56.280,117.195,236.951,1,90
-0.3149,-1.8755,0.1650,57.744,115.244,232.866,1,90
-0.2988,-1.8750,0.1343,58.841,112.866,228.598,1,90
-0.2778,-1.8828,0.1357,59.756,110.610,224.695,1,90
-0.2729,-1.8857,0.1167,61.463,107.805,220.732,1,90
-0.2559,-1.9009,0.1079,62.683,105.244,216.524,1,90
-0.2373,-1.9038,0.0889,63.598,102.988,212.805,1,90
-0.9072,-0.5142,-0.0767,1.890,-34.756,-43.902,3,42
-0.8960,-0.5088,-0.0806,0.732,-35.305,-43.293,3,42
-0.8843,-0.5015,-0.0938,-2.317,-36.890,-42.805,3,42
-0.8745,-0.4849,-0.0962,-6.890,-38.780,-42.439,3,42
-0.8633,-0.4990,-0.1001,-14.634,-42.317,-42.439,3,42
-0.8560,-0.5029,-0.0991,-19.939,-44.634,-42.256,3,42
-0.8530,-0.5000,-0.1006,-24.085,-46.951,-42.134,3,42
-0.8564,-0.4854,-0.0850,-29.573,-49.451,-41.829,3,42
-0.2363,-1.9014,0.0645,65.183,101.037,205.854,1,90
-0.2290,-1.9038,0.0532,65.366,100.427,203.293,1,90
-0.2173,-1.9092,0.0249,66.220,100.244,198.598,1,90
-0.2114,-1.9033,-0.0171,67.805,99.268,190.549,1,90
-0.1924,-1.8882,-0.0410,68.902,98.902,185.061,1,90
-0.1792,-1.8892,-0.0762,70.854,97.927,179.146,1,90
-0.1523,-1.8882,-0.1040,72.744,96.707,173.232,1,90
-0.1401,-1.8838,-0.1382,75.122,95.366,167.317,1,90
-0.8530,-0.4736,-0.0669,-34.573,-52.012,-41.890,3,42
-0.8481,-0.4551,-0.0479,-40.000,-54.634,-41.341,3,42
-0.8589,-0.4497,-0.0332,-45.549,-57.073,-41.220,3,42
-0.8784,-0.4253,-0.0337,-49.817,-58.720,-40.915,3,42
-0.8936,-0.4146,-0.0366,-53.293,-60.000,-41.098,3,42
-0.9121,-0.3975,-0.0171,-55.488,-60.366,-41.159,3,42
-0.9214,-0.3770,-0.0190,-56.890,-60.854,-41.585,3,42
-0.9370,-0.3467,0.0073,-58.354,-61.098,-42.195,3,42
-0.1167,-1.8809,-0.1753,77.561,93.415,160.854,1,90
-0.0942,-1.8701,-0.1953,80.244,91.951,155.122,1,90
-0.0718,-1.8638,-0.2295,82.805,90.000,148.598,1,90
-0.0576,-1.8672,-0.2559,85.549,88.476,142.317,1,90
-0.0298,-1.8657,-0.2720,88.537,86.585,135.976,1,90
-0.0146,-1.8682,-0.2900,90.854,84.451,130.183,1,90
0.0176,-1.8726,-0.3066,93.354,82.622,124.329,1,90
0.0396,-1.8730,-0.3252,95.122,80.610,118.659,1,90
-0.9517,-0.3174,0.0239,-59.329,-60.671,-42.317,3,42
-0.9658,-0.3037,0.0269,-60.000,-60.793,-43.110,3,42
-0.9673,-0.3047,-0.0190,-60.488,-62.195,-44.207,3,42
-0.9541,-0.3145,-0.0347,-60.122,-63.110,-45.183,3,42
-0.9580,-0.3008,-0.0371,-59.024,-62.988,-46.768,3,42
-0.9624,-0.2842,-0.0225,-59.695,-63.598,-48.476,3,42
-0.9883,-0.2676,0.0278,-61.768,-64.268,-49.756,3,42
-1.0142,-0.2642,0.0630,-64.085,-65.671,-50.610,3,42
0.1587,0.4238,-0.3789,-40.976,2.134,78.720,2,90
0.1709,0.4399,-0.3618,-39.817,2.378,76.402,2,90
0.1870,0.4487,-0.3726,-38.720,3.110,73.963,2,90
0.1851,0.4629,-0.3628,-38.720,3.598,71.585,2,90
0.1978,0.4688,-0.3579,-38.902,3.659,68.902,2,90
0.2065,0.4707,-0.3521,-38.720,4.268,66.646,2,90
0.2153,0.4731,-0.3569,-38.598,4.756,64.390,2,90
0.2285,0.4697,-0.3574,-37.500,4.695,62.317,2,90
0.3086,-1.7915,-0.2563,102.927,65.183,70.549,1,90
0.3467,-1.7856,-0.2456,102.134,63.049,66.341,1,90
0.3960,-1.7656,-0.2373,101.524,61.463,62.073,1,90
0.4312,-1.7524,-0.2354,100.976,59.817,57.927,1,90
0.4570,-1.7480,-0.2188,99.756,58.415,54.085,1,90
0.4961,-1.7383,-0.2026,97.378,57.134,50.244,1,90
0.5293,-1.7290,-0.1738,94.329,55.976,46.341,1,90
0.5635,-1.7314,-0.1592,90.671,54.512,43.476,1,90
-0.9912,-0.3589,-0.0796,-80.793,-75.000,-67.683,3,42
-0.9858,-0.3838,-0.1030,-80.793,-75.061,-70.061,3,42
-0.9697,-0.3735,-0.1035,-80.488,-75.549,-72.134,3,42
-0.9629,-0.3330,-0.0757,-79.207,-76.280,-73.171,3,42
-0.9351,-0.2793,-0.0361,-78.171,-76.463,-72.622,3,42
-0.9165,-0.2354,0.0010,-76.098,-74.512,-69.817,3,42
-0.9365,-0.2173,0.0405,-72.439,-72.622,-67.195,3,42
-0.9478,-0.2129,0.0625,-68.415,-70.427,-65.000,3,42
0.6196,-1.7241,-0.1343,84.329,51.280,40.366,1,90
0.6465,-1.7236,-0.1089,79.878,49.329,38.354,1,90
0.6577,-1.7295,-0.1035,77.439,48.110,37.744,1,90
0.7036,-1.7271,-0.0737,69.878,44.817,35.793,1,90
0.7168,-1.7329,-0.0630,65.061,42.256,34.634,1,90
0.7417,-1.7358,-0.0503,60.000,39.756,33.780,1,90
0.7603,-1.7236,-0.0435,54.634,36.890,32.378,1,90
0.7725,-1.7153,-0.0259,49.573,33.720,31.524,1,90
-0.9570,-0.2324,0.0601,-62.622,-67.073,-63.415,3,42
-0.9707,-0.2368,0.0645,-55.915,-62.439,-61.951,3,42
-0.9810,-0.2563,0.0825,-48.720,-57.317,-60.244,3,42
-0.9746,-0.3047,0.0938,-40.305,-51.646,-58.110,3,42
-0.9688,-0.3330,0.0796,-30.976,-45.427,-55.366,3,42
-0.9688,-0.3726,0.0659,-22.866,-39.878,-52.622,3,42
-0.9541,-0.4346,0.0410,-15.915,-34.573,-50.244,3,42
-0.9297,-0.5015,0.0063,-8.659,-29.024,-47.744,3,42
0.7891,-1.7041,-0.0205,43.902,30.732,30.610,1,90
0.7974,-1.6948,-0.0186,38.415,27.561,30.122,1,90
0.7998,-1.6831,-0.0405,32.683,24.329,29.695,1,90
0.7959,-1.6772,-0.0322,27.805,21.829,29.451,1,90
0.7925,-1.6660,-0.0381,22.317,18.841,29.451,1,90
0.7852,-1.6587,-0.0474,17.439,16.037,29.451,1,90
0.7773,-1.6543,-0.0649,12.805,12.927,29.390,1,90
0.7593,-1.6479,-0.0728,8.293,10.732,29.390,1,90
-0.9072,-0.5654,0.0029,-0.915,-23.171,-45.122,3,42
-0.8940,-0.6299,-0.0127,7.256,-17.073,-42.317,3,42
-0.8760,-0.6641,-0.0083,14.207,-11.707,-39.268,3,42
-0.8721,-0.6904,-0.0044,20.244,-6.341,-36.037,3,42
-0.8657,-0.7119,-0.0063,25.488,-1.524,-32.195,3,42
-0.8647,-0.7183,-0.0122,29.512,1.524,-28.110,3,42
-0.8701,-0.7344,-0.0361,33.049,5.000,-24.085,3,42
-0.8867,-0.7432,-0.0205,36.341,8.171,-20.305,3,42
0.7476,-1.6460,-0.0942,4.390,8.110,29.268,1,90
0.7271,-1.6460,-0.1064,0.854,5.976,28.963,1,90
0.7139,-1.6406,-0.1177,-2.683,3.841,28.537,1,90
0.7031,-1.6353,-0.1357,-5.793,1.646,28.171,1,90
0.6914,-1.6289,-0.1504,-8.476,-0.732,26.951,1,90
0.6733,-1.6206,-0.1641,-10.915,-2.256,26.220,1,90
0.6572,-1.6157,-0.1797,-12.988,-3.841,24.634,1,90
0.6460,-1.6094,-0.1973,-14.939,-4.756,23.293,1,90
-0.9038,-0.7222,-0.0010,39.024,11.220,-16.402,3,42
-0.9199,-0.7173,-0.0098,39.573,13.841,-13.476,3,42
-0.9331,-0.7178,-0.0044,39.146,15.854,-10.793,3,42
-0.9448,-0.7188,-0.0127,37.561,17.561,-8.415,3,42
-0.9468,-0.7285,-0.0127,35.854,18.720,-6.280,3,42
-0.9268,-0.7471,-0.0146,32.866,19.329,-4.268,3,42
-0.9175,-0.7632,-0.0015,31.098,19.939,-2.073,3,42
-0.9028,-0.7808,0.0068,28.659,21.341,0.427,3,42
0.6396,-1.6016,-0.2046,-16.280,-6.037,21.707,1,90
0.6313,-1.5864,-0.2158,-17.866,-7.195,19.939,1,90
0.6304,-1.5811,-0.2202,-18.780,-8.049,18.110,1,90
0.6221,-1.5752,-0.2168,-19.756,-9.268,16.220,1,90
0.6289,-1.5620,-0.2168,-20.488,-10.122,14.512,1,90
0.6230,-1.5532,-0.2266,-20.671,-10.976,12.561,1,90
0.6294,-1.5522,-0.2212,-21.463,-11.768,10.976,1,90
0.6279,-1.5444,-0.2144,-21.280,-12.134,9.573,1,90
-0.8857,-0.7793,0.0566,23.293,22.134,3.720,3,42
-0.8672,-0.7783,0.0693,18.293,22.073,6.037,3,42
-0.8535,-0.7837,0.0630,13.049,21.463,8.110,3,42
-0.8555,-0.7676,0.0610,9.451,21.585,10.366,3,42
-0.8647,-0.7461,0.0571,4.756,21.829,12.500,3,42
-0.8750,-0.7295,0.0313,0.549,21.280,13.598,3,42
-0.8853,-0.6997,0.0205,-3.902,20.671,15.122,3,42
-0.8843,-0.6821,-0.0039,-8.110,19.817,15.976,3,42
0.6265,-1.5425,-0.2026,-21.220,-13.476,7.012,1,90
0.6323,-1.5405,-0.2017,-21.098,-14.329,5.488,1,90
0.6406,-1.5435,-0.1968,-20.366,-15.244,4.024,1,90
0.6318,-1.5376,-0.1929,-20.061,-15.793,2.500,1,90
0.6357,-1.5337,-0.1875,-19.512,-16.707,0.976,1,90
0.6382,-1.5381,-0.1909,-18.780,-17.683,0.061,1,90
0.6377,-1.5386,-0.1680,-18.110,-18.720,-1.341,1,90
0.6357,-1.5347,-0.1724,-17.256,-20.061,-2.744,1,90
-0.8872,-0.6748,-0.0161,-10.732,19.634,17.256,3,42
-0.8936,-0.6733,-0.0400,-12.622,20.000,18.659,3,42
-0.8911,-0.6665,-0.0493,-13.841,20.488,20.305,3,42
-0.8892,-0.6553,-0.0605,-14.268,21.037,21.829,3,42
-0.8857,-0.6494,-0.0708,-13.476,22.622,23.415,3,42
-0.8765,-0.6372,-0.0767,-13.293,23.354,25.183,3,42
-0.8784,-0.6162,-0.0645,-12.927,24.817,27.195,3,42
-0.8843,-0.5840,-0.0586,-13.293,25.793,28.780,3,42
0.4766,0.6792,-0.3843,-42.622,32.683,-70.122,2,90
0.4668,0.6924,-0.3804,-41.402,32.744,-73.232,2,90
0.4531,0.7007,-0.3926,-40.061,33.232,-76.707,2,90
0.4390,0.7212,-0.3921,-38.659,33.293,-79.695,2,90
0.4268,0.7236,-0.3901,-37.073,33.659,-82.988,2,90
0.4097,0.7339,-0.3843,-35.671,33.780,-86.463,2,90
0.3931,0.7383,-0.3936,-33.963,33.841,-89.512,2,90
0.3867,0.7407,-0.3833,-32.744,34.329,-92.439,2,90
-1.3843,-0.8120,-0.2124,368.476,1.524,72.012,4,42
-1.5347,-0.8931,-0.2832,357.622,17.866,63.902,4,42
-1.6294,-0.9590,-0.3408,343.963,30.671,55.732,4,42
-1.6836,-1.0503,-0.3428,326.829,36.829,48.902,4,42
-1.6807,-1.1504,-0.2681,307.439,40.061,42.561,4,42
-1.6035,-1.2920,-0.1821,286.037,43.171,40.244,4,42
-1.4937,-1.4214,-0.1006,262.195,47.256,40.976,4,42
-1.3335,-1.4834,-0.0605,243.354,52.134,42.927,4,42
0.3735,0.7441,-0.3813,-31.402,34.451,-95.244,2,90
0.3657,0.7417,-0.3687,-30.000,34.756,-97.805,2,90
0.3516,0.7349,-0.3633,-29.207,34.634,-100.610,2,90
0.3403,0.7227,-0.3564,-27.805,34.573,-103.354,2,90
0.3311,0.7183,-0.3506,-26.646,34.451,-105.549,2,90
0.3042,0.7056,-0.3384,-25.549,34.207,-107.805,2,90
0.2983,0.6909,-0.3418,-24.573,33.841,-110.793,2,90
0.2900,0.6812,-0.3296,-23.476,33.232,-113.110,2,90
-1.1577,-1.4790,-0.0859,227.439,58.110,44.329,4,42
-1.0493,-1.3945,-0.1108,210.610,66.463,44.878,4,42
-0.9624,-1.2842,-0.1709,193.415,75.915,42.988,4,42
-0.9111,-1.1587,-0.2959,179.085,85.732,39.390,4,42
-0.9155,-1.0342,-0.4390,169.390,95.976,34.268,4,42
-0.9614,-0.9077,-0.5225,162.561,104.756,28.049,4,42
-1.0415,-0.8228,-0.5835,156.341,111.829,21.463,4,42
-1.1299,-0.7529,-0.6279,151.402,117.805,14.939,4,42
0.2773,0.6685,-0.3311,-22.439,32.927,-115.244,2,90
0.2627,0.6548,-0.3188,-22.073,32.744,-117.439,2,90
0.2515,0.6460,-0.3149,-21.890,32.439,-119.756,2,90
0.2476,0.6323,-0.3018,-21.524,32.073,-121.646,2,90
0.2344,0.6206,-0.3032,-21.768,31.220,-123.720,2,90
0.2266,0.6084,-0.3008,-21.829,30.976,-124.878,2,90
0.2207,0.5889,-0.3047,-21.890,30.427,-126.463,2,90
0.2046,0.5835,-0.3022,-21.951,29.817,-127.683,2,90
0.3237,-1.4546,-0.1309,-6.951,-65.488,-57.561,1,90
0.3105,-1.4531,-0.1416,-8.171,-67.378,-60.549,1,90
0.3003,-1.4443,-0.1348,-8.415,-68.841,-63.902,1,90
0.2988,-1.4414,-0.1533,-9.146,-70.488,-67.195,1,90
0.2876,-1.4331,-0.1626,-10.000,-72.195,-70.549,1,90
0.2866,-1.4336,-0.1528,-10.183,-73.902,-73.476,1,90
0.2773,-1.4175,-0.1597,-10.854,-75.549,-76.890,1,90
0.2656,-1.4136,-0.1572,-11.220,-77.317,-80.305,1,90
-0.8882,-0.4321,-0.0874,44.817,61.951,33.110,3,42
-0.8867,-0.4463,-0.1079,47.073,62.866,33.476,3,42
-0.8784,-0.4585,-0.1006,49.268,63.841,34.146,3,42
-0.8701,-0.4595,-0.0986,50.854,65.000,34.756,3,42
-0.8672,-0.4644,-0.0981,51.707,65.427,35.427,3,42
-0.8613,-0.4541,-0.0972,51.829,65.427,36.098,3,42
-0.8579,-0.4561,-0.1006,50.549,64.451,36.768,3,42
-0.8584,-0.4570,-0.1147,49.451,63.537,37.256,3,42
0.2554,-1.4048,-0.1548,-11.585,-79.024,-83.293,1,90
0.2471,-1.3867,-0.1533,-12.256,-80.610,-86.707,1,90
0.2427,-1.3823,-0.1582,-12.378,-82.073,-89.878,1,90
0.2275,-1.3652,-0.1450,-12.744,-83.902,-92.805,1,90
0.2124,-1.3618,-0.1416,-12.805,-85.061,-96.098,1,90
0.2002,-1.3447,-0.1338,-13.049,-87.073,-99.207,1,90
0.1943,-1.3335,-0.1221,-13.171,-88.049,-102.073,1,90
0.1885,-1.3281,-0.1152,-13.476,-89.451,-105.366,1,90
-0.8657,-0.4492,-0.1201,48.354,62.622,37.500,3,42
-0.8730,-0.4619,-0.1377,47.622,61.951,37.500,3,42
-0.8667,-0.4624,-0.1514,46.524,60.732,37.500,3,42
-0.8604,-0.4683,-0.1621,45.244,59.268,37.256,3,42
-0.8560,-0.4932,-0.1743,43.902,58.110,37.317,3,42
-0.8496,-0.5024,-0.1929,43.110,56.768,37.317,3,42
-0.8452,-0.5195,-0.2104,41.585,55.366,37.622,3,42
-0.8340,-0.5352,-0.2075,39.817,53.720,37.866,3,42
0.1733,0.6064,-0.4717,4.817,28.963,-138.659,2,90
0.1851,0.6157,-0.4766,5.915,29.512,-138.476,2,90
0.1821,0.6211,-0.4751,7.256,30.183,-138.293,2,90
0.1855,0.6270,-0.4824,8.354,30.915,-137.744,2,90
0.1943,0.6284,-0.4697,10.000,31.768,-137.256,2,90
0.2002,0.6392,-0.4800,11.646,32.439,-136.707,2,90
0.2114,0.6323,-0.4692,13.598,33.293,-136.524,2,90
0.2202,0.6401,-0.4717,15.915,34.085,-136.220,2,90
-1.6465,0.1538,-0.2964,80.976,202.561,3.110,4,42
-1.6509,0.1357,-0.2515,84.024,202.317,4.451,4,42
-1.6338,0.1294,-0.2104,87.378,202.500,5.915,4,42
-1.6294,0.1274,-0.1797,91.646,202.500,8.293,4,42
-1.6318,0.1182,-0.1436,95.427,202.317,10.061,4,42
-1.6226,0.1206,-0.1260,99.146,202.012,11.890,4,42
-1.6270,0.1265,-0.1089,102.683,201.890,13.902,4,42
-1.6284,0.1299,-0.1074,105.244,202.012,15.732,4,42
0.2329,0.6411,-0.4634,17.744,35.061,-135.854,2,90
0.2505,0.6450,-0.4438,19.634,36.098,-136.098,2,90
0.2607,0.6431,-0.4487,21.829,36.829,-135.610,2,90
0.2769,0.6353,-0.4346,24.207,38.049,-135.793,2,90
0.2871,0.6348,-0.4307,26.037,38.476,-135.732,2,90
0.3003,0.6299,-0.4224,27.805,39.512,-135.854,2,90
0.3130,0.6333,-0.4194,29.573,40.244,-136.280,2,90
0.3247,0.6250,-0.4092,31.280,40.915,-136.402,2,90
-1.6304,0.1406,-0.1104,108.902,202.439,17.256,4,42
-1.6357,0.1514,-0.1045,111.463,202.988,18.720,4,42
-1.6577,0.1538,-0.1011,114.390,203.537,20.000,4,42
-1.6641,0.1699,-0.1084,116.951,204.451,20.366,4,42
-1.6680,0.1655,-0.1064,119.695,205.610,20.244,4,42
-1.6792,0.1792,-0.0952,122.073,206.829,20.366,4,42
-1.6797,0.1816,-0.0942,124.207,209.207,19.756,4,42
-1.6880,0.1929,-0.0884,125.427,211.463,19.451,4,42
0.3330,0.6245,-0.4019,33.415,41.707,-136.890,2,90
0.3579,0.6240,-0.4077,34.817,42.256,-137.439,2,90
0.3589,0.6201,-0.4106,36.768,42.317,-138.476,2,90
0.3745,0.6196,-0.4121,38.841,43.049,-139.085,2,90
0.3794,0.6191,-0.4121,40.671,43.476,-140.122,2,90
0.3896,0.6113,-0.4199,42.866,44.329,-140.976,2,90
0.3896,0.6196,-0.4141,45.000,45.061,-142.195,2,90
0.3970,0.6226,-0.4229,46.890,46.159,-142.988,2,90
-1.6860,0.2070,-0.0957,126.037,214.878,18.537,4,42
-1.7031,0.2173,-0.0991,124.817,218.354,17.439,4,42
-1.7095,0.2275,-0.1030,123.293,221.768,16.037,4,42
-1.7163,0.2285,-0.1128,120.488,225.244,14.329,4,42
-1.7222,0.2305,-0.1084,116.341,228.476,13.232,4,42
-1.7354,0.2295,-0.1079,111.037,231.890,11.585,4,42
-1.7422,0.2280,-0.0981,106.524,235.976,10.427,4,42
-1.7578,0.2241,-0.0820,102.622,239.878,9.634,4,42
0.4102,0.6323,-0.4126,48.720,47.378,-143.963,2,90
0.4146,0.6353,-0.4043,50.671,48.476,-144.878,2,90
0.4238,0.6377,-0.4111,52.134,49.634,-145.854,2,90
0.4233,0.6470,-0.4053,53.963,50.976,-146.768,2,90
0.4380,0.6533,-0.4053,55.000,51.585,-147.683,2,90
0.4473,0.6582,-0.3970,56.707,52.744,-148.415,2,90
0.4619,0.6699,-0.3911,58.537,53.659,-149.268,2,90
0.4731,0.6899,-0.3921,59.390,54.085,-150.183,2,90
-1.7700,0.2212,-0.0542,100.061,244.451,9.207,4,42
-1.7881,0.2188,-0.0356,97.988,249.207,8.720,4,42
-1.8027,0.2061,-0.0278,96.402,252.866,9.329,4,42
-1.7979,0.1929,-0.0137,96.463,255.915,9.634,4,42
-1.7954,0.1821,-0.0049,97.683,257.134,10.488,4,42
-1.7822,0.1826,-0.0015,99.085,258.049,11.341,4,42
-1.7559,0.1895,-0.0098,101.585,257.561,12.317,4,42
-1.7339,0.2051,-0.0239,103.902,256.829,13.171,4,42
0.4858,0.7100,-0.3882,60.732,54.573,-150.732,2,90
0.4961,0.7256,-0.3911,60.732,54.878,-151.402,2,90
0.5059,0.7393,-0.3901,60.915,54.939,-151.707,2,90
0.5229,0.7593,-0.3921,60.488,54.817,-152.195,2,90
0.5298,0.7695,-0.3940,60.000,54.817,-152.012,2,90
0.5391,0.7856,-0.3950,59.024,55.183,-151.707,2,90
0.5527,0.8047,-0.4028,58.415,55.671,-150.915,2,90
0.5615,0.8125,-0.3979,58.232,56.037,-150.610,2,90
-0.2964,-1.5674,-0.3130,15.122,-130.366,-185.915,1,90
-0.3003,-1.5771,-0.3232,14.939,-130.854,-188.049,1,90
-0.3145,-1.5918,-0.3467,13.780,-131.220,-189.939,1,90
-0.3267,-1.6074,-0.3618,13.354,-131.098,-192.012,1,90
-0.3350,-1.6123,-0.3726,11.646,-131.890,-194.085,1,90
-0.3506,-1.6172,-0.4023,11.159,-131.829,-196.402,1,90
-0.3599,-1.6230,-0.4189,9.451,-132.134,-198.049,1,90
-0.3770,-1.6318,-0.4341,8.354,-132.134,-200.549,1,90
-1.0205,-0.8457,-0.1021,12.927,97.073,127.561,3,42
-1.0420,-0.8276,-0.0688,12.256,99.085,132.073,3,42
-1.0527,-0.7939,-0.0498,11.220,100.366,136.098,3,42
-1.0562,-0.7402,-0.0571,10.671,101.829,139.878,3,42
-1.0630,-0.6704,-0.0786,10.061,102.439,142.988,3,42
-1.0854,-0.6040,-0.1064,9.207,102.866,145.000,3,42
-1.1279,-0.5381,-0.1309,7.500,102.866,146.341,3,42
-1.1606,-0.4751,-0.1357,5.610,102.256,146.037,3,42
0.6245,0.9922,-0.4346,62.744,61.768,-136.463,2,90
0.6304,1.0063,-0.4365,63.963,62.073,-135.671,2,90
0.6499,1.0327,-0.4395,65.854,61.646,-133.902,2,90
0.6528,1.0508,-0.4507,67.744,61.341,-131.829,2,90
0.6577,1.0815,-0.4541,70.000,60.793,-129.817,2,90
0.6611,1.1011,-0.4546,72.561,59.695,-127.378,2,90
0.6641,1.1167,-0.4658,75.427,58.963,-124.878,2,90
0.6626,1.1392,-0.4697,78.902,57.500,-122.012,2,90
-0.9048,0.6919,0.4297,-36.159,260.366,35.671,4,42
-0.8223,0.8218,0.0869,-87.195,258.598,58.049,4,42
-0.6201,0.7100,-0.6353,-110.061,256.890,72.622,4,42
-0.1470,2.4688,-2.5771,-189.817,281.463,73.171,4,42
1.5439,2.8413,-7.1694,-423.780,306.951,105.610,4,42
2.9922,1.7329,-6.2935,-24.939,216.585,148.171,4,42
2.2021,4.2012,-0.1543,82.927,145.000,147.866,4,42
-0.5786,-0.4795,8.1274,-93.415,99.817,14.329,4,42
0.6650,1.1621,-0.4893,84.390,55.793,-117.439,2,90
0.6646,1.1704,-0.4922,86.646,55.000,-115.854,2,90
0.6533,1.2002,-0.5132,91.768,53.659,-111.951,2,90
0.6465,1.2148,-0.5073,96.524,52.012,-108.476,2,90
0.6455,1.2246,-0.5239,101.585,50.366,-104.390,2,90
0.6421,1.2393,-0.5220,106.402,48.841,-100.488,2,90
0.6362,1.2559,-0.5234,110.732,47.012,-96.280,2,90
0.6279,1.2637,-0.5117,115.061,44.817,-92.256,2,90
-2.1138,-3.2671,15.3325,110.610,73.354,-200.976,4,42
-2.5146,-0.9038,15.9893,184.939,-119.695,-291.159,4,42
-2.5713,0.9385,13.9692,-68.110,-454.634,-162.256,4,42
-2.7329,-2.5547,3.2847,-370.793,-468.598,-33.354,4,42
-4.4521,-7.2378,0.9302,-147.012,-28.354,-0.854,4,42
-2.6763,-5.7402,7.2920,337.134,-19.573,73.902,4,42
-0.4419,-3.5513,9.7578,238.659,-115.000,27.256,4,42
1.4395,-2.6626,9.0371,96.707,-103.598,-73.659,4,42
-0.2847,0.6436,-0.4463,-58.659,72.500,84.939,3,42
-0.3413,0.7197,-0.3457,-54.878,69.756,84.817,3,42
-0.3843,0.7842,-0.2383,-51.829,66.707,84.512,3,42
-0.3608,0.7896,-0.2168,-50.549,63.476,83.963,3,42
-0.3003,0.7407,-0.2856,-46.768,61.280,82.134,3,42
-0.2524,0.6157,-0.4155,-40.000,60.793,79.756,3,42
-0.1997,0.4692,-0.4814,-33.598,60.549,74.634,3,42
-0.1514,0.3281,-0.5205,-29.207,60.000,69.268,3,42
-0.6943,-1.0967,-0.9277,-61.341,-118.841,-255.549,1,90
-0.7075,-1.0688,-0.9355,-65.549,-117.500,-254.756,1,90
-0.7261,-1.0283,-0.9644,-70.305,-116.037,-253.354,1,90
-0.7485,-0.9946,-0.9731,-74.817,-114.024,-251.951,1,90
-0.7690,-0.9668,-0.9883,-79.146,-111.220,-249.817,1,90
-0.7886,-0.9351,-1.0005,-83.598,-109.329,-247.134,1,90
-0.8086,-0.9038,-1.0127,-88.476,-106.341,-244.146,1,90
-0.8389,-0.8623,-1.0347,-95.366,-102.744,-238.841,1,90
0.9590,1.2100,-0.3423,131.646,14.878,-11.402,2,90
1.0088,1.2031,-0.3315,129.573,13.537,-7.500,2,90
1.0483,1.1968,-0.3276,127.256,12.256,-3.659,2,90
1.0786,1.2021,-0.3232,124.817,10.976,0.000,2,90
1.1294,1.2080,-0.3169,122.500,9.512,3.293,2,90
1.1602,1.2036,-0.3291,119.878,7.988,6.402,2,90
1.1968,1.2144,-0.3252,117.317,6.463,9.207,2,90
1.2441,1.2222,-0.3252,114.329,4.939,12.195,2,90
0.8530,-3.6846,2.9102,-227.805,-165.793,-15.244,4,42
1.8735,-3.1890,2.6602,-270.610,-145.915,-44.817,4,42
1.2891,-2.2998,2.2573,-270.427,-113.841,-48.537,4,42
-0.0527,-1.4194,1.8188,-261.768,-87.439,-30.244,4,42
-0.9482,-0.6001,1.3540,-213.232,-65.549,-10.671,4,42
-1.6426,0.2168,1.4023,-135.244,-44.024,-7.988,4,42
-1.6143,1.1318,1.8105,-66.098,-24.268,-7.439,4,42
-1.6343,1.3242,1.7617,-52.988,-2.134,-2.683,4,42
1.2964,1.2290,-0.3306,110.122,2.622,16.402,2,90
1.3320,1.2363,-0.3330,107.195,1.341,19.329,2,90
1.3511,1.2427,-0.3408,105.793,0.671,20.732,2,90
1.4028,1.2510,-0.3501,101.280,-0.854,24.817,2,90
1.4116,1.2505,-0.3569,99.939,-1.280,26.341,2,90
1.4438,1.2583,-0.3682,95.854,-3.171,30.427,2,90
1.4673,1.2593,-0.3726,93.293,-4.390,32.927,2,90
1.4702,1.2578,-0.3823,90.915,-6.098,35.854,2,90
-1.6592,0.4980,1.4224,-60.305,6.220,1.707,4,42
-1.8940,-0.2212,1.3521,-52.866,4.878,1.341,4,42
-2.3018,-0.3364,1.4590,-44.329,3.963,4.207,4,42
-2.9409,-0.4673,1.4985,-45.000,10.427,13.415,4,42
-3.5127,-0.4678,1.4380,-38.049,19.512,21.768,4,42
-3.8916,-0.1152,1.3296,-31.341,24.573,30.610,4,42
-3.9897,0.5308,1.4600,-29.878,27.012,33.720,4,42
-3.6084,0.9551,0.9492,-38.415,33.293,22.012,4,42
1.4785,1.2549,-0.3979,88.780,-7.195,38.171,2,90
1.4839,1.2520,-0.4063,86.951,-8.963,40.305,2,90
1.4819,1.2476,-0.4102,84.878,-10.488,42.256,2,90
1.4741,1.2427,-0.4160,82.866,-12.012,44.329,2,90
1.4609,1.2310,-0.4136,80.671,-13.476,46.159,2,90
1.4414,1.2319,-0.4165,78.110,-15.122,48.415,2,90
1.4312,1.2139,-0.4102,75.366,-16.220,50.244,2,90
1.4106,1.2080,-0.4082,71.463,-17.561,52.378,2,90
-1.3428,0.4590,-1.0010,-102.073,10.915,-21.037,1,90
-1.3979,0.4966,-0.9614,-96.585,14.451,-6.037,1,90
-1.4634,0.5234,-0.9390,-92.500,18.232,8.841,1,90
-1.5303,0.5459,-0.9390,-89.451,21.951,23.232,1,90
-1.5845,0.5605,-0.9375,-86.280,26.280,36.890,1,90
-1.6377,0.5596,-0.9473,-82.744,30.976,49.634,1,90
-1.7090,0.5532,-0.9565,-76.220,39.268,67.073,1,90
-1.7388,0.5386,-0.9517,-71.341,44.695,78.537,1,90
-0.6899,0.0654,-0.4927,13.659,16.951,19.146,3,42
-0.7559,0.1128,-0.4429,13.110,13.232,15.732,3,42
-0.8237,0.1841,-0.3799,13.415,9.939,11.463,3,42
-0.9048,0.2842,-0.3540,14.634,6.280,7.744,3,42
-0.9609,0.3809,-0.3306,18.232,4.085,3.537,3,42
-0.9966,0.4546,-0.3105,23.780,2.622,-0.244,3,42
-1.0137,0.4995,-0.2852,30.366,1.463,-3.720,3,42
-1.0015,0.5005,-0.2695,36.646,0.061,-6.829,3,42
-1.7632,0.5210,-0.9512,-66.646,50.305,89.451,1,90
-1.7749,0.4824,-0.9478,-62.012,56.037,100.549,1,90
-1.7764,0.4453,-0.9380,-57.744,61.341,111.707,1,90
-1.7573,0.3975,-0.9336,-54.329,66.280,122.744,1,90
-1.7349,0.3442,-0.9194,-50.976,71.037,133.841,1,90
-1.6929,0.2803,-0.9023,-48.110,75.671,144.573,1,90
-1.6553,0.2104,-0.8613,-46.098,80.488,154.939,1,90
-1.6172,0.1479,-0.8433,-43.232,84.817,165.183,1,90
-0.9951,0.4497,-0.2559,42.866,-1.098,-9.573,3,42
-0.9683,0.3584,-0.2529,47.988,-2.073,-12.927,3,42
-0.9229,0.2627,-0.2651,50.305,-4.268,-16.280,3,42
-0.8892,0.1934,-0.3042,50.366,-7.195,-19.451,3,42
-0.8394,0.1401,-0.3599,49.451,-9.695,-22.622,3,42
-0.7983,0.0830,-0.4175,48.354,-12.134,-26.037,3,42
-0.7773,0.0503,-0.4341,47.683,-13.780,-29.817,3,42
-0.7778,0.0278,-0.4648,46.585,-15.732,-32.988,3,42
-1.5752,0.0811,-0.8125,-41.890,88.902,174.756,1,90
-1.5464,0.0186,-0.8062,-41.159,92.134,184.329,1,90
-1.5093,-0.0322,-0.7778,-40.671,94.756,193.659,1,90
-1.4937,-0.0928,-0.7520,-41.646,97.073,202.744,1,90
-1.4678,-0.1548,-0.7471,-43.415,98.476,211.280,1,90
-1.4409,-0.2183,-0.7441,-43.537,99.634,219.329,1,90
-1.4180,-0.2739,-0.7358,-43.171,100.854,226.951,1,90
-1.4038,-0.3311,-0.7192,-42.378,102.439,233.902,1,90
-0.8174,-0.0073,-0.4717,44.512,-18.598,-38.598,3,42
-0.8350,-0.0229,-0.4580,44.085,-19.512,-40.183,3,42
-0.8931,-0.0503,-0.4521,42.988,-20.793,-43.232,3,42
-0.9346,-0.0615,-0.4292,41.159,-21.829,-46.098,3,42
-0.9722,-0.0840,-0.3896,40.244,-22.927,-48.963,3,42
-1.0156,-0.1123,-0.3369,37.012,-24.329,-52.988,3,42
-1.0332,-0.0947,-0.3027,33.049,-25.488,-55.305,3,42
-1.0444,-0.0825,-0.3013,29.146,-27.012,-57.256,3,42
-1.3960,-0.3652,-0.6934,-44.085,104.268,240.366,1,90
-1.3765,-0.4136,-0.6855,-46.707,105.366,246.037,1,90
-1.3501,-0.4814,-0.7080,-48.780,105.732,251.098,1,90
-1.3276,-0.5464,-0.7158,-49.207,106.524,255.976,1,90
-1.2959,-0.6094,-0.7295,-47.805,107.317,260.000,1,90
-1.2700,-0.6685,-0.7407,-45.427,108.720,263.049,1,90
-1.2402,-0.7227,-0.7432,-42.378,109.695,266.037,1,90
-1.2065,-0.7734,-0.7402,-38.476,111.280,267.927,1,90
-1.0664,-0.0723,-0.2876,26.707,-27.500,-58.720,3,42
-1.0918,-0.0601,-0.2578,25.305,-27.622,-60.000,3,42
-1.0967,-0.0557,-0.2544,23.902,-27.378,-61.098,3,42
-1.0942,-0.0605,-0.2573,22.805,-27.195,-62.683,3,42
-1.0762,-0.0835,-0.2715,21.890,-28.049,-64.085,3,42
-1.0542,-0.1069,-0.2920,20.732,-28.293,-65.915,3,42
-1.0327,-0.1313,-0.3057,19.451,-29.146,-67.378,3,42
-1.0049,-0.1338,-0.3271,17.439,-30.366,-69.817,3,42
-1.1782,-0.8066,-0.7388,-34.817,112.500,270.244,1,90
-1.1367,-0.8477,-0.7295,-30.488,113.598,271.463,1,90
-1.1172,-0.8672,-0.7329,-26.646,115.061,272.561,1,90
-1.0781,-0.8765,-0.7314,-22.561,115.488,273.232,1,90
-1.0415,-0.8940,-0.7246,-18.659,115.610,274.207,1,90
-1.0034,-0.9014,-0.7412,-14.756,115.915,274.512,1,90
-0.9531,-0.9058,-0.7383,-7.927,115.915,275.427,1,90
-0.9253,-0.8999,-0.7246,-2.561,116.524,275.488,1,90
-0.9761,-0.1289,-0.3535,15.183,-31.585,-71.951,3,42
-0.9634,-0.1069,-0.3647,13.537,-32.927,-73.476,3,42
-0.9565,-0.0894,-0.3672,11.402,-34.390,-75.122,3,42
-0.9697,-0.0840,-0.3594,9.573,-35.671,-76.646,3,42
-0.9585,-0.0723,-0.3418,7.683,-36.768,-77.805,3,42
-0.9512,-0.0718,-0.3145,5.854,-37.622,-78.902,3,42
-0.9546,-0.0762,-0.3145,4.817,-39.512,-80.305,3,42
-0.9663,-0.0762,-0.3052,3.110,-41.220,-81.098,3,42
1.1196,0.6948,-0.4282,-122.012,-68.110,145.976,2,90
1.0903,0.6978,-0.4272,-118.537,-68.293,146.159,2,90
1.0684,0.7031,-0.4404,-115.122,-67.805,146.037,2,90
1.0244,0.7026,-0.4438,-111.280,-67.256,146.402,2,90
0.9961,0.7051,-0.4497,-107.195,-67.134,146.524,2,90
0.9600,0.7065,-0.4634,-103.232,-66.646,146.524,2,90
0.9229,0.6982,-0.4692,-99.817,-65.976,146.524,2,90
0.8872,0.6958,-0.4619,-95.854,-65.854,146.707,2,90
-1.4331,-0.6343,1.6836,-359.634,149.939,-56.890,4,42
-1.4780,-0.9585,2.1255,-371.768,138.171,-76.341,4,42
-1.8604,-1.1943,2.4287,-375.549,110.305,-91.829,4,42
-1.8555,-1.3413,2.5176,-368.415,73.720,-104.573,4,42
-1.5981,-1.5122,2.5767,-348.049,45.427,-119.878,4,42
-2.0479,-1.4204,2.4561,-308.963,4.146,-121.951,4,42
-2.1187,-1.3428,2.4224,-266.585,-42.378,-116.463,4,42
-1.7441,-1.0645,2.4097,-237.805,-75.854,-109.939,4,42
0.8472,0.6855,-0.4731,-92.317,-65.366,146.402,2,90
0.7954,0.6821,-0.4751,-88.659,-65.183,146.585,2,90
0.7603,0.6772,-0.4834,-84.817,-65.061,146.402,2,90
0.7056,0.6704,-0.4897,-80.610,-65.000,146.524,2,90
0.6709,0.6548,-0.4980,-76.646,-64.512,146.402,2,90
0.6255,0.6494,-0.5039,-72.927,-64.390,146.220,2,90
0.5723,0.6392,-0.5088,-69.268,-63.963,146.524,2,90
0.5361,0.6411,-0.5122,-65.366,-63.476,146.524,2,90
-1.4736,-0.7451,2.5283,-217.622,-101.037,-100.732,4,42
-0.5449,-0.3213,2.6406,-200.549,-111.707,-93.780,4,42
0.2422,0.1772,2.6094,-200.549,-96.402,-104.878,4,42
0.0708,0.6470,2.6055,-194.695,-76.220,-116.768,4,42
0.2422,1.0322,2.5742,-170.305,-64.573,-120.061,4,42
0.0093,1.3540,2.5127,-132.317,-56.098,-123.720,4,42
-0.4419,1.6235,2.5483,-96.098,-59.878,-121.159,4,42
-1.2114,2.1426,2.6523,-74.573,-86.829,-102.439,4,42
0.4868,0.6338,-0.5112,-61.159,-62.561,146.524,2,90
0.4561,0.6196,-0.5190,-57.073,-61.768,146.280,2,90
0.4131,0.6128,-0.5190,-53.110,-61.037,146.524,2,90
0.3833,0.6089,-0.5303,-48.171,-60.061,146.341,2,90
0.3462,0.5972,-0.5352,-43.354,-59.207,146.037,2,90
0.3047,0.5884,-0.5396,-38.171,-58.415,145.976,2,90
0.2734,0.5894,-0.5547,-32.866,-57.805,145.549,2,90
0.2334,0.5815,-0.5488,-27.195,-56.768,144.939,2,90
-1.8140,2.1514,2.5635,-59.939,-122.744,-79.024,4,42
-2.0054,1.8389,2.3174,-50.427,-144.939,-77.744,4,42
-1.8779,1.5630,2.1748,-52.988,-147.927,-101.707,4,42
-1.4463,1.2822,2.0488,-65.976,-139.878,-138.354,4,42
-0.9990,0.9937,1.9199,-80.915,-130.183,-174.512,4,42
-0.6670,0.7173,1.8232,-93.841,-125.915,-203.902,4,42
-0.4863,0.4839,1.7036,-104.024,-128.354,-223.963,4,42
-0.3965,0.2808,1.6035,-111.524,-136.037,-235.122,4,42
0.2051,0.5776,-0.5601,-21.890,-56.463,144.329,2,90
0.1714,0.5747,-0.5674,-16.829,-55.549,143.476,2,90
0.1401,0.5664,-0.5728,-11.951,-55.122,142.500,2,90
0.1128,0.5532,-0.5728,-6.585,-54.512,141.037,2,90
0.0874,0.5474,-0.5913,-2.256,-54.451,139.695,2,90
0.0674,0.5322,-0.5938,2.805,-53.476,138.415,2,90
0.0391,0.5254,-0.6250,7.500,-52.988,136.402,2,90
0.0186,0.5166,-0.6367,11.890,-52.012,134.756,2,90
-0.4058,0.1162,1.5010,-117.378,-147.256,-239.756,4,42
-0.4688,-0.0225,1.4390,-122.683,-159.939,-239.756,4,42
-0.5596,-0.1045,1.3770,-126.829,-173.049,-236.524,4,42
-0.6563,-0.1289,1.3545,-131.402,-187.256,-231.402,4,42
-0.7808,-0.1084,1.3394,-134.817,-203.720,-224.268,4,42
-0.9067,-0.0669,1.3174,-138.354,-222.805,-217.378,4,42
-1.0591,-0.0107,1.2930,-140.366,-243.110,-211.585,4,42
-1.1899,0.0566,1.2471,-141.951,-264.512,-207.561,4,42
-0.0029,0.5107,-0.6533,16.341,-50.732,133.049,2,90
-0.0171,0.5000,-0.6650,19.939,-49.268,131.159,2,90
-0.0293,0.4902,-0.6768,23.293,-47.500,129.451,2,90
-0.0576,0.4883,-0.6875,26.098,-45.549,127.683,2,90
-0.0659,0.4712,-0.6968,28.537,-43.171,125.732,2,90
-0.0698,0.4707,-0.6958,30.610,-40.488,123.841,2,90
-0.0869,0.4648,-0.6982,31.524,-37.805,121.829,2,90
-0.0977,0.4541,-0.6938,32.561,-34.573,119.878,2,90
-1.3232,0.1299,1.1890,-141.951,-285.305,-204.695,4,42
-1.4336,0.1846,1.1226,-140.427,-304.207,-203.415,4,42
-1.5342,0.2349,1.0527,-136.890,-321.707,-203.902,4,42
-1.6226,0.2705,0.9927,-131.646,-336.890,-205.244,4,42
-1.6963,0.3018,0.9224,-124.939,-350.671,-207.866,4,42
-1.7651,0.3203,0.8735,-117.195,-362.683,-210.305,4,42
-1.8340,0.3389,0.8267,-109.268,-373.110,-213.171,4,42
-1.8921,0.3457,0.7852,-101.220,-382.012,-215.732,4,42
-0.0942,0.4551,-0.6792,32.134,-31.463,117.866,2,90
-0.1157,0.4448,-0.6748,31.280,-28.110,115.854,2,90
-0.1123,0.4380,-0.6528,29.756,-24.695,113.415,2,90
-0.1172,0.4375,-0.6450,27.561,-21.402,111.280,2,90
-0.1206,0.4341,-0.6382,25.061,-18.780,109.146,2,90
-0.1167,0.4253,-0.6191,22.256,-15.854,106.707,2,90
-0.1226,0.4155,-0.6006,18.902,-13.841,104.756,2,90
-0.1152,0.4028,-0.5967,15.549,-11.829,102.744,2,90
-1.9570,0.3516,0.7534,-92.744,-388.841,-218.476,4,42
-2.0503,0.3545,0.7305,-81.159,-395.854,-222.500,4,42
-2.0791,0.3608,0.7271,-77.378,-397.866,-223.963,4,42
-2.1504,0.3633,0.7031,-70.244,-399.756,-226.646,4,42
-2.2134,0.3613,0.6904,-63.415,-400.488,-230.000,4,42
-2.2793,0.3555,0.7051,-57.256,-399.939,-233.659,4,42
-2.3628,0.3384,0.7144,-50.732,-398.902,-237.378,4,42
-2.4170,0.3281,0.7373,-45.366,-398.110,-240.976,4,42
-0.1074,0.3926,-0.5825,12.378,-9.695,101.037,2,90
-0.0972,0.3882,-0.5771,9.634,-8.110,99.268,2,90
-0.0898,0.3750,-0.5879,7.073,-6.707,97.988,2,90
-0.0864,0.3682,-0.5830,4.634,-5.732,96.341,2,90
-0.0781,0.3687,-0.5898,2.439,-4.573,94.756,2,90
-0.0723,0.3623,-0.5908,0.183,-3.659,93.232,2,90
-0.0649,0.3530,-0.5938,-2.073,-2.561,91.524,2,90
-0.0576,0.3628,-0.5986,-4.512,-1.524,90.122,2,90
-0.0532,0.3672,-0.6021,-6.951,-0.610,88.232,2,90
-0.0474,0.3701,-0.5962,-9.390,0.732,87.073,2,90
-0.0474,0.3716,-0.5913,-12.073,1.646,85.610,2,90
-0.0493,0.3843,-0.5845,-14.329,2.744,84.207,2,90
-0.0430,0.3921,-0.5811,-16.585,3.720,83.171,2,90
-0.0464,0.3916,-0.5723,-19.146,4.634,82.500,2,90
-0.0371,0.4028,-0.5596,-21.402,5.305,81.341,2,90
-0.0366,0.4087,-0.5518,-23.963,6.220,80.671,2,90
-0.8760,-0.4038,-0.2217,-69.329,-106.402,-71.037,3,42
-0.8818,-0.4072,-0.2197,-66.524,-103.415,-70.366,3,42
-0.8994,-0.4121,-0.1909,-62.439,-99.451,-69.390,3,42
-0.9033,-0.3955,-0.1597,-57.073,-95.488,-68.415,3,42
-0.9106,-0.3804,-0.1309,-53.049,-92.500,-67.012,3,42
-0.9092,-0.3862,-0.1113,-51.220,-91.341,-65.976,3,42
-0.9082,-0.4116,-0.0830,-49.390,-89.573,-65.366,3,42
-0.9175,-0.4155,-0.0586,-47.622,-86.951,-64.939,3,42
0.4922,-1.4580,-0.1924,-5.549,121.585,74.207,1,90
0.5093,-1.4331,-0.1792,-2.622,120.549,69.817,1,90
0.5361,-1.4185,-0.1738,-0.244,118.963,65.793,1,90
0.5571,-1.3940,-0.1558,3.049,117.561,61.159,1,90
0.5723,-1.3774,-0.1460,6.037,116.220,57.012,1,90
0.5898,-1.3696,-0.1382,8.537,115.061,52.683,1,90
0.6055,-1.3447,-0.1284,11.951,114.085,48.537,1,90
0.6245,-1.3354,-0.1245,14.756,112.927,44.207,1,90
-0.9307,-0.4126,-0.0679,-47.744,-85.061,-64.390,3,42
-0.9365,-0.4165,-0.0825,-47.805,-84.085,-64.451,3,42
-0.9399,-0.4194,-0.0898,-46.707,-83.171,-64.085,3,42
-0.9551,-0.4180,-0.0879,-45.671,-81.707,-63.780,3,42
-0.9546,-0.4282,-0.0723,-44.817,-80.488,-62.744,3,42
-0.9702,-0.4424,-0.0757,-44.634,-78.598,-61.463,3,42
-0.9658,-0.4702,-0.0664,-42.927,-76.463,-60.427,3,42
-0.9604,-0.4854,-0.0742,-41.280,-75.305,-60.366,3,42
0.6343,-1.3335,-0.1128,18.110,111.707,39.939,1,90
0.6450,-1.3237,-0.1016,20.244,111.098,36.037,1,90
0.6582,-1.3203,-0.0957,23.415,110.122,32.134,1,90
0.6724,-1.3267,-0.0908,26.646,108.720,28.293,1,90
0.6807,-1.3257,-0.0752,29.634,107.195,24.634,1,90
0.6992,-1.3345,-0.0591,32.317,105.488,20.854,1,90
0.7046,-1.3418,-0.0444,34.695,103.720,17.256,1,90
0.7075,-1.3442,-0.0313,36.768,102.439,14.024,1,90
-0.9507,-0.4819,-0.0737,-41.463,-75.305,-60.549,3,42
-0.9502,-0.4814,-0.1172,-42.805,-75.427,-60.915,3,42
-0.9443,-0.4658,-0.1328,-43.354,-76.159,-61.220,3,42
-0.9346,-0.4780,-0.0835,-41.463,-76.037,-61.585,3,42
-0.9121,-0.4688,-0.0532,-40.366,-75.366,-61.585,3,42
-0.9141,-0.4536,-0.0537,-40.488,-74.878,-61.220,3,42
-0.9263,-0.4375,0.0298,-40.854,-75.366,-60.915,3,42
-0.9692,-0.4185,0.0425,-45.122,-77.195,-60.671,3,42
0.0845,0.5181,-0.4790,-40.488,15.061,80.915,2,90
0.0933,0.5381,-0.4790,-38.841,15.305,80.549,2,90
0.1108,0.5415,-0.4795,-37.988,15.793,79.878,2,90
0.1196,0.5537,-0.4673,-37.134,16.159,79.390,2,90
0.1235,0.5654,-0.4565,-35.854,16.402,78.963,2,90
0.1304,0.5723,-0.4531,-34.573,17.073,78.293,2,90
0.1411,0.5801,-0.4531,-32.927,17.561,77.988,2,90
0.1445,0.5806,-0.4443,-31.037,17.622,77.439,2,90
-1.0073,-0.4526,-0.0576,-53.171,-81.280,-60.427,3,42
-1.0083,-0.5264,-0.1489,-55.976,-82.805,-61.280,3,42
-0.9785,-0.5688,-0.2324,-53.780,-80.549,-62.622,3,42
-0.9541,-0.5669,-0.2495,-50.061,-77.683,-64.390,3,42
-0.9209,-0.5327,-0.1689,-47.439,-76.524,-66.646,3,42
-0.9102,-0.5049,-0.0859,-47.744,-77.744,-67.866,3,42
-0.8940,-0.4805,-0.0107,-51.159,-80.793,-67.500,3,42
-0.8965,-0.4761,0.0195,-54.939,-82.866,-65.244,3,42
0.7188,-1.3955,0.0415,44.390,87.439,-13.049,1,90
0.7188,-1.3975,0.0469,44.634,86.463,-14.207,1,90
0.7207,-1.3979,0.0503,43.720,84.878,-16.707,1,90
0.7183,-1.3911,0.0596,42.378,82.561,-20.183,1,90
0.7168,-1.3848,0.0762,41.524,80.854,-22.256,1,90
0.7183,-1.3833,0.0791,40.122,79.146,-24.268,1,90
0.7183,-1.3706,0.0928,39.085,76.951,-26.220,1,90
0.7192,-1.3657,0.0850,37.256,74.634,-28.232,1,90
-0.9136,-0.4883,-0.0034,-58.659,-84.207,-62.805,3,42
-0.9219,-0.5151,-0.0439,-60.366,-84.939,-62.012,3,42
-0.9209,-0.5332,-0.0698,-62.134,-85.610,-63.110,3,42
-0.9233,-0.5327,-0.0928,-64.390,-87.378,-65.488,3,42
-0.8975,-0.5361,-0.1016,-67.195,-89.512,-67.927,3,42
-0.8818,-0.5264,-0.0952,-70.671,-91.037,-69.451,3,42
-0.8765,-0.5103,-0.0522,-73.598,-92.256,-68.902,3,42
-0.8862,-0.4844,-0.0073,-76.402,-93.049,-67.683,3,42
0.7207,-1.3530,0.0967,35.549,73.171,-30.122,1,90
0.7212,-1.3452,0.0928,34.146,71.280,-31.707,1,90
0.7246,-1.3433,0.1001,31.951,69.512,-33.476,1,90
0.7192,-1.3379,0.1094,30.244,67.805,-35.366,1,90
0.7231,-1.3276,0.1113,28.232,66.341,-36.829,1,90
0.7192,-1.3242,0.1230,26.524,64.695,-38.293,1,90
0.7173,-1.3174,0.1221,24.573,62.927,-40.183,1,90
0.7129,-1.3066,0.1230,22.988,61.159,-41.585,1,90
-0.8936,-0.4561,0.0317,-80.976,-92.927,-64.817,3,42
-0.8882,-0.4468,0.0415,-81.524,-92.500,-63.537,3,42
-0.8984,-0.4165,0.0376,-81.829,-91.585,-61.829,3,42
-0.8970,-0.3755,0.0396,-82.012,-90.854,-60.122,3,42
-0.9072,-0.3340,0.0493,-82.378,-90.732,-59.268,3,42
-0.9004,-0.2681,0.0576,-81.890,-90.000,-57.866,3,42
-0.9150,-0.2402,0.0649,-80.305,-88.476,-56.402,3,42
-0.9229,-0.2407,0.0542,-77.134,-86.037,-53.963,3,42
0.2129,0.5815,-0.3359,9.207,29.268,52.805,2,90
0.2075,0.5771,-0.3389,10.732,29.512,51.890,2,90
0.2153,0.5669,-0.3223,14.512,29.573,49.268,2,90
0.2119,0.5513,-0.3262,17.500,30.305,47.012,2,90
0.2124,0.5498,-0.3276,21.098,30.793,44.512,2,90
0.2212,0.5386,-0.3306,24.268,31.402,41.829,2,90
0.2129,0.5288,-0.3311,27.195,31.646,39.146,2,90
0.2148,0.5166,-0.3174,30.183,32.439,36.585,2,90
-0.2476,-0.4307,-1.8364,235.793,45.915,-118.963,4,42
-0.1587,-0.5049,-1.8037,236.585,65.854,-132.561,4,42
-0.1484,-0.5972,-1.8066,232.378,79.756,-139.268,4,42
-0.1567,-0.6328,-1.8638,228.720,86.585,-138.232,4,42
-0.1567,-0.5205,-1.9731,224.756,85.305,-129.512,4,42
-0.1431,-0.2979,-2.0967,219.756,77.195,-113.537,4,42
-0.1455,0.0361,-2.2109,211.220,64.390,-90.427,4,42
-0.1616,0.2983,-2.2563,195.549,48.476,-65.061,4,42
0.2148,0.5093,-0.3184,32.195,33.110,33.415,2,90
0.2163,0.4937,-0.3179,34.146,33.720,30.854,2,90
0.2197,0.4814,-0.3086,35.793,34.268,27.866,2,90
0.2261,0.4717,-0.3027,36.890,34.512,25.366,2,90
0.2241,0.4556,-0.2988,37.500,35.061,22.378,2,90
0.2368,0.4360,-0.2959,38.110,35.183,19.939,2,90
0.2397,0.4287,-0.2876,38.598,35.671,17.500,2,90
0.2480,0.4175,-0.2998,39.268,35.915,14.878,2,90
-0.1792,0.5713,-2.1631,174.573,30.061,-40.488,4,42
-0.2139,0.8779,-2.0049,147.683,8.110,-15.488,4,42
-0.2407,1.1699,-1.8140,119.085,-16.220,6.890,4,42
-0.2578,1.4595,-1.6064,93.232,-39.634,25.244,4,42
-0.3311,1.8174,-1.4614,71.220,-59.451,38.415,4,42
-0.5366,2.3213,-1.4004,52.561,-80.427,41.890,4,42
-0.9214,2.9077,-1.3315,31.951,-105.915,27.744,4,42
-1.2881,3.1836,-1.0898,16.463,-121.341,1.220,4,42
0.2661,0.3896,-0.2832,39.512,36.585,11.037,2,90
0.2661,0.3818,-0.2808,39.573,36.829,9.756,2,90
0.2769,0.3740,-0.2808,39.329,37.500,6.829,2,90
0.2905,0.3716,-0.2759,39.024,38.110,4.024,2,90
0.2935,0.3623,-0.2749,37.866,38.963,1.341,2,90
0.3008,0.3511,-0.2627,37.256,39.512,-1.951,2,90
0.3149,0.3481,-0.2622,35.854,40.244,-5.122,2,90
0.3208,0.3418,-0.2529,33.963,40.732,-8.720,2,90
-1.3647,3.0068,-0.7324,25.305,-113.232,-20.488,4,42
-1.1875,3.1128,-0.5576,52.561,-70.061,-15.000,4,42
-1.0693,3.3755,-0.6714,73.171,10.488,16.890,4,42
-0.9224,3.1709,-0.8110,87.622,114.573,59.939,4,42
-0.7949,2.6392,-1.0171,112.561,217.683,100.610,4,42
-0.9165,1.7813,-0.9229,175.549,279.268,123.841,4,42
-1.3076,1.2075,-0.4541,268.415,271.159,124.512,4,42
-0.6455,1.4165,-0.3042,312.073,210.244,117.561,4,42
0.3374,0.3345,-0.2446,30.976,41.585,-13.902,2,90
0.3428,0.3423,-0.2412,28.537,41.951,-17.622,2,90
0.3486,0.3408,-0.2388,27.256,42.256,-19.390,2,90
0.3623,0.3418,-0.2261,22.195,42.866,-25.366,2,90
0.3594,0.3423,-0.2280,20.549,42.988,-27.195,2,90
0.3667,0.3408,-0.2231,17.195,43.780,-30.976,2,90
0.3730,0.3442,-0.2144,13.902,43.963,-34.817,2,90
0.3740,0.3462,-0.2241,8.537,44.390,-40.183,2,90
0.5615,-1.1567,0.2515,5.000,-14.024,-83.354,1,90
0.5645,-1.1455,0.2490,6.829,-16.524,-83.537,1,90
0.5669,-1.1494,0.2622,9.146,-19.146,-83.476,1,90
0.5767,-1.1455,0.2681,11.524,-22.195,-84.024,1,90
0.5688,-1.1450,0.2598,13.780,-24.939,-84.024,1,90
0.5732,-1.1479,0.2627,16.220,-27.622,-84.207,1,90
0.5708,-1.1499,0.2646,18.720,-30.122,-84.634,1,90
0.5742,-1.1558,0.2632,20.732,-33.293,-84.756,1,90
-0.9272,-0.5933,0.0811,38.902,52.317,21.463,3,42
-0.9229,-0.5728,0.0762,35.183,51.098,22.012,3,42
-0.9219,-0.5581,0.0688,31.463,49.085,22.378,3,42
-0.9053,-0.5269,0.0581,27.622,47.256,22.988,3,42
-0.9067,-0.5200,0.0620,23.354,45.488,23.476,3,42
-0.9009,-0.5029,0.0610,19.939,43.963,24.085,3,42
-0.8979,-0.5015,0.0547,15.793,41.951,24.268,3,42
-0.8936,-0.4956,0.0449,12.439,40.427,24.634,3,42
0.5630,-1.1646,0.2646,23.232,-35.854,-85.061,1,90
0.5581,-1.1768,0.2700,25.244,-38.720,-85.366,1,90
0.5620,-1.1870,0.2710,27.683,-41.829,-85.793,1,90
0.5488,-1.1992,0.2676,29.878,-44.939,-86.159,1,90
0.5439,-1.2139,0.2627,32.073,-48.293,-86.585,1,90
0.5347,-1.2197,0.2637,34.390,-51.890,-86.890,1,90
0.5234,-1.2246,0.2676,36.280,-55.244,-87.439,1,90
0.5000,-1.2305,0.2759,38.110,-59.146,-88.232,1,90
-0.8906,-0.4990,0.0386,8.841,39.024,24.939,3,42
-0.8760,-0.4917,0.0264,6.402,38.171,25.061,3,42
-0.8730,-0.4893,-0.0029,3.963,37.195,25.610,3,42
-0.8740,-0.4678,0.0020,2.805,36.890,25.854,3,42
-0.8789,-0.4482,-0.0049,1.829,36.768,26.463,3,42
-0.8813,-0.4385,0.0063,0.244,36.159,26.890,3,42
-0.8916,-0.4272,0.0098,-0.732,35.671,27.683,3,42
-0.8989,-0.4170,0.0098,-2.439,35.061,28.354,3,42
0.4854,-1.2476,0.2690,40.854,-64.451,-88.598,1,90
0.4658,-1.2417,0.2749,42.378,-68.232,-89.268,1,90
0.4473,-1.2397,0.2676,44.024,-71.646,-89.634,1,90
0.4365,-1.2485,0.2676,45.244,-75.061,-89.939,1,90
0.4175,-1.2520,0.2559,46.951,-78.659,-90.427,1,90
0.4043,-1.2456,0.2427,48.659,-82.073,-90.915,1,90
0.3936,-1.2510,0.2231,50.122,-85.244,-91.524,1,90
0.3740,-1.2490,0.2124,52.317,-88.720,-92.317,1,90
-0.9023,-0.4175,-0.0229,-3.354,34.512,29.085,3,42
-0.9160,-0.4155,-0.0366,-3.293,34.634,29.146,3,42
-0.9175,-0.4116,-0.0703,-2.012,35.061,29.512,3,42
-0.9287,-0.4180,-0.0928,0.122,36.402,29.207,3,42
-0.9355,-0.4214,-0.1172,5.183,38.902,29.329,3,42
-0.9404,-0.4126,-0.1353,10.732,41.768,29.390,3,42
-0.9424,-0.4082,-0.1294,16.341,44.451,29.512,3,42
-0.9243,-0.4053,-0.1382,20.915,46.829,29.878,3,42
0.3555,-1.2480,0.2007,53.963,-91.890,-92.927,1,90
0.3462,-1.2524,0.1890,55.610,-95.488,-93.720,1,90
0.3252,-1.2607,0.1768,57.500,-98.659,-94.939,1,90
0.3115,-1.2568,0.1616,59.512,-102.073,-96.220,1,90
0.3003,-1.2646,0.1514,61.585,-105.305,-97.561,1,90
0.2798,-1.2656,0.1289,63.110,-108.537,-98.841,1,90
0.2720,-1.2690,0.1274,65.122,-111.829,-100.549,1,90
0.2515,-1.2603,0.1191,66.585,-114.634,-102.317,1,90
-0.9258,-0.4194,-0.1392,27.927,49.695,30.793,3,42
-0.9185,-0.4321,-0.1406,31.707,52.012,31.159,3,42
-0.9141,-0.4399,-0.1372,33.780,52.866,31.280,3,42
-0.8975,-0.4648,-0.1362,39.512,55.183,32.134,3,42
-0.8867,-0.4824,-0.1333,42.195,56.707,32.561,3,42
-0.8794,-0.4922,-0.1304,44.878,58.232,33.171,3,42
-0.8633,-0.5088,-0.1357,46.280,58.963,34.024,3,42
-0.8501,-0.5259,-0.1455,47.195,59.817,34.939,3,42
0.2368,-1.2578,0.1177,67.927,-117.561,-104.207,1,90
0.2163,-1.2598,0.1055,69.207,-120.244,-106.098,1,90
0.2075,-1.2500,0.1001,70.000,-122.927,-107.744,1,90
0.2026,-1.2568,0.0986,71.524,-125.854,-109.634,1,90
0.1929,-1.2529,0.1001,72.500,-128.963,-111.220,1,90
0.1836,-1.2524,0.0928,73.598,-131.524,-113.232,1,90
0.1729,-1.2539,0.0996,73.902,-134.146,-115.061,1,90
0.1709,-1.2490,0.0923,74.695,-136.829,-116.585,1,90
-0.8398,-0.5347,-0.1519,48.232,59.756,35.610,3,42
-0.8320,-0.5464,-0.1689,48.171,59.695,36.463,3,42
-0.8135,-0.5615,-0.1763,47.805,59.329,37.500,3,42
-0.8125,-0.5752,-0.1821,47.866,59.390,38.171,3,42
-0.8135,-0.5698,-0.1748,47.744,59.329,39.512,3,42
-0.8208,-0.5728,-0.1719,47.134,58.902,40.732,3,42
-0.8203,-0.5547,-0.1641,45.854,58.110,41.890,3,42
-0.8252,-0.5513,-0.1655,44.146,57.195,43.476,3,42
0.1616,-1.2593,0.0933,74.817,-139.573,-118.415,1,90
0.1543,-1.2676,0.0898,75.427,-142.073,-120.427,1,90
0.1479,-1.2720,0.0874,76.402,-144.939,-122.317,1,90
0.1382,-1.2842,0.0874,76.524,-147.744,-123.780,1,90
0.1323,-1.2847,0.0879,77.256,-150.671,-125.915,1,90
0.1152,-1.2866,0.0806,77.195,-153.415,-127.683,1,90
0.1138,-1.2900,0.0791,77.805,-156.220,-129.390,1,90
0.1006,-1.2939,0.0830,77.744,-158.598,-131.220,1,90
-0.8271,-0.5469,-0.1572,41.890,56.280,44.756,3,42
-0.8281,-0.5449,-0.1680,40.610,55.976,45.915,3,42
-0.8418,-0.5439,-0.1572,40.305,55.610,47.378,3,42
-0.8428,-0.5459,-0.1563,39.146,55.610,48.537,3,42
-0.8584,-0.5391,-0.1563,38.659,55.488,50.000,3,42
-0.8652,-0.5352,-0.1616,37.805,55.976,51.098,3,42
-0.8784,-0.5366,-0.1738,38.293,56.280,52.500,3,42
-0.8818,-0.5381,-0.1743,39.024,57.805,53.720,3,42
0.0840,-1.3057,0.0630,78.537,-162.195,-133.598,1,90
0.0649,-1.3101,0.0679,79.390,-164.573,-135.244,1,90
0.0522,-1.3179,0.0669,79.146,-167.012,-136.768,1,90
0.0469,-1.3174,0.0630,79.085,-169.268,-138.110,1,90
0.0386,-1.3286,0.0601,79.573,-172.134,-139.695,1,90
0.0229,-1.3369,0.0601,79.024,-174.024,-141.098,1,90
0.0161,-1.3452,0.0493,79.024,-176.890,-142.561,1,90
0.0020,-1.3491,0.0498,78.720,-179.268,-144.329,1,90
-0.8911,-0.5366,-0.1694,40.732,59.390,54.756,3,42
-0.8955,-0.5190,-0.1670,42.561,60.854,56.098,3,42
-0.9043,-0.5112,-0.1772,44.573,63.171,57.439,3,42
-0.9106,-0.5146,-0.1763,47.927,65.671,58.902,3,42
-0.9175,-0.5083,-0.1650,52.256,69.024,60.427,3,42
-0.9263,-0.4941,-0.1592,56.341,72.744,61.951,3,42
-0.9326,-0.4941,-0.1323,60.976,76.707,64.329,3,42
-0.9463,-0.4883,-0.0864,66.098,82.256,66.829,3,42
0.4077,0.5630,-0.4331,41.098,45.305,-164.634,2,90
0.4121,0.5732,-0.4370,41.037,46.159,-165.244,2,90
0.4116,0.5894,-0.4395,40.915,46.402,-165.976,2,90
0.4297,0.5918,-0.4365,41.829,47.195,-166.159,2,90
0.4409,0.6040,-0.4370,42.378,47.500,-166.463,2,90
0.4478,0.6108,-0.4390,43.841,48.049,-166.829,2,90
0.4546,0.6196,-0.4502,45.000,48.659,-167.073,2,90
0.4673,0.6255,-0.4380,46.463,49.207,-167.195,2,90
0.4795,0.6323,-0.4424,48.415,49.268,-167.317,2,90
0.4937,0.6367,-0.4370,49.756,50.244,-167.317,2,90
0.5034,0.6460,-0.4375,51.341,50.732,-167.378,2,90
0.5083,0.6504,-0.4351,53.354,51.646,-167.256,2,90
0.5313,0.6563,-0.4326,55.366,52.256,-167.439,2,90
0.5371,0.6685,-0.4263,57.317,52.927,-167.317,2,90
0.5552,0.6753,-0.4316,59.268,53.598,-167.439,2,90
0.5688,0.6860,-0.4243,60.854,54.451,-167.866,2,90
-0.9707,-0.5063,0.0361,90.183,113.171,89.146,3,42
-0.9731,-0.5410,0.0327,86.646,113.476,91.159,3,42
-0.9731,-0.5703,0.0381,83.110,114.024,93.415,3,42
-0.9561,-0.6064,0.0142,79.024,113.780,95.915,3,42
-0.9473,-0.6318,-0.0088,74.451,113.659,98.659,3,42
-0.9346,-0.6616,-0.0176,69.085,113.293,101.341,3,42
-0.9277,-0.6885,-0.0200,64.085,112.744,104.268,3,42
-0.9419,-0.7217,-0.0327,58.415,112.073,107.805,3,42
-0.2236,-1.5874,-0.2168,67.012,-205.488,-170.915,1,90
-0.2363,-1.5996,-0.2373,66.220,-205.671,-173.049,1,90
-0.2461,-1.6055,-0.2681,65.793,-206.463,-174.634,1,90
-0.2593,-1.6123,-0.2886,64.512,-206.829,-176.890,1,90
-0.2739,-1.6094,-0.3022,63.415,-207.134,-179.024,1,90
-0.2852,-1.6167,-0.3208,62.195,-206.524,-181.280,1,90
-0.2969,-1.6187,-0.3467,60.915,-206.341,-183.354,1,90
-0.3052,-1.6118,-0.3555,59.451,-205.793,-185.549,1,90
-0.9512,-0.7544,-0.0508,52.805,111.829,111.463,3,42
-0.9585,-0.7856,-0.0903,47.866,111.768,115.427,3,42
-0.9736,-0.7988,-0.1387,44.390,112.622,119.512,3,42
-0.9893,-0.8135,-0.1738,42.195,113.598,123.780,3,42
-1.0063,-0.7915,-0.1978,41.220,115.915,127.744,3,42
-1.0508,-0.7627,-0.1978,39.939,117.988,132.561,3,42
-1.1030,-0.7305,-0.1787,37.012,119.512,136.646,3,42
-1.1567,-0.7241,-0.1582,32.866,121.524,139.756,3,42
0.6626,0.8940,-0.4258,69.390,58.476,-169.024,2,90
0.6621,0.9150,-0.4478,70.427,58.354,-168.354,2,90
0.6689,0.9492,-0.4453,71.524,58.537,-167.378,2,90
0.6758,0.9722,-0.4663,72.805,58.476,-165.915,2,90
0.6797,1.0024,-0.4634,74.573,58.537,-164.390,2,90
0.6812,1.0273,-0.4727,75.915,58.537,-162.744,2,90
0.6812,1.0474,-0.4819,78.232,58.171,-160.854,2,90
0.6943,1.0698,-0.4932,80.854,58.110,-158.476,2,90
-0.3828,-1.5811,-0.6025,48.598,-202.500,-207.744,1,90
-0.3931,-1.5708,-0.6284,47.256,-201.463,-210.549,1,90
-0.4009,-1.5649,-0.6484,46.098,-200.122,-213.232,1,90
-0.4150,-1.5547,-0.6685,44.817,-199.207,-215.854,1,90
-0.4224,-1.5376,-0.6875,43.537,-197.988,-218.659,1,90
-0.4395,-1.5244,-0.6978,42.195,-196.707,-221.341,1,90
-0.4473,-1.5015,-0.7231,40.366,-195.915,-224.085,1,90
-0.4517,-1.4863,-0.7354,38.598,-195.000,-226.768,1,90
-1.0557,-0.0337,-0.0957,-6.707,118.110,144.451,3,42
-1.0957,0.0508,-0.2456,-5.000,117.744,143.110,3,42
-1.0269,0.1753,-0.3955,-1.646,118.720,141.707,3,42
-0.8755,0.2573,-0.4521,2.317,120.183,136.951,3,42
-0.7622,0.2612,-0.6167,5.976,120.183,131.402,3,42
-0.6519,0.1885,-0.7559,8.293,120.976,123.720,3,42
-0.5005,0.2212,-0.7495,8.415,120.183,114.146,3,42
-0.3740,0.2695,-0.7231,2.500,115.915,106.098,3,42
0.7393,1.2305,-0.5459,109.390,49.451,-131.646,2,90
0.7446,1.2446,-0.5366,112.439,48.293,-127.317,2,90
0.7520,1.2549,-0.5337,115.793,46.280,-122.805,2,90
0.7500,1.2588,-0.5298,118.902,45.061,-118.293,2,90
0.7539,1.2563,-0.5273,121.890,43.659,-113.110,2,90
0.7529,1.2559,-0.5132,125.061,42.134,-107.927,2,90
0.7568,1.2529,-0.5088,127.073,40.366,-102.683,2,90
0.7676,1.2422,-0.4961,129.024,38.354,-97.683,2,90
-0.5181,-1.2646,-0.8926,14.573,-185.366,-245.915,1,90
-0.5293,-1.2412,-0.9082,11.220,-184.512,-247.317,1,90
-0.5342,-1.2168,-0.9326,7.500,-182.988,-248.049,1,90
-0.5449,-1.2046,-0.9507,3.902,-181.341,-248.415,1,90
-0.5562,-1.1812,-0.9761,-0.244,-179.939,-248.354,1,90
-0.5728,-1.1572,-1.0020,-4.634,-177.927,-247.744,1,90
-0.5869,-1.1333,-1.0337,-8.963,-175.671,-246.707,1,90
-0.6040,-1.1206,-1.0483,-13.415,-172.866,-245.000,1,90
-0.4902,0.4370,-0.3594,-57.683,55.122,78.902,3,42
-0.5288,0.2891,-0.4551,-53.780,54.146,77.378,3,42
-0.5464,0.1274,-0.4795,-49.817,53.780,74.024,3,42
-0.5674,-0.0073,-0.4443,-50.305,52.256,70.061,3,42
-0.6138,-0.0889,-0.4272,-50.488,50.549,68.415,3,42
-0.7539,-0.1235,-0.4170,-52.500,48.171,65.732,3,42
-0.8643,-0.1196,-0.4224,-51.646,45.793,63.476,3,42
-0.9741,-0.0669,-0.4067,-50.854,43.537,59.878,3,42
-0.6392,-1.0869,-1.0825,-20.183,-168.963,-241.768,1,90
-0.6650,-1.0640,-1.0957,-24.695,-165.671,-238.780,1,90
-0.6948,-1.0376,-1.1084,-29.085,-162.073,-235.427,1,90
-0.7202,-1.0166,-1.1206,-33.963,-159.024,-231.280,1,90
-0.7549,-0.9897,-1.1279,-38.598,-155.976,-226.951,1,90
-0.7852,-0.9727,-1.1484,-43.841,-152.622,-221.829,1,90
-0.8232,-0.9619,-1.1582,-48.841,-149.024,-216.463,1,90
-0.8564,-0.9512,-1.1826,-53.476,-145.305,-210.793,1,90
-0.8955,-0.9326,-1.2095,-58.659,-141.768,-204.695,1,90
-0.9287,-0.9229,-1.2422,-63.902,-137.683,-198.110,1,90
-0.9712,-0.9131,-1.2686,-68.537,-133.476,-191.463,1,90
-1.0166,-0.8916,-1.2974,-73.232,-128.659,-184.939,1,90
-1.0527,-0.8711,-1.3267,-77.683,-123.659,-177.805,1,90
-1.1064,-0.8477,-1.3506,-81.341,-118.476,-170.915,1,90
-1.1489,-0.8037,-1.3589,-84.817,-111.890,-164.146,1,90
-1.1812,-0.7705,-1.3843,-88.537,-105.488,-157.317,1,90
-4.8101,2.0454,-0.1875,-8.415,-40.854,77.622,4,42
-3.7007,0.2178,0.3867,-25.427,-56.585,15.061,4,42
-2.6226,-1.0078,0.5205,-35.305,-63.476,-31.524,4,42
-1.6826,-1.1455,1.0127,-6.768,-58.841,-44.695,4,42
-0.6992,-0.9434,1.9736,23.902,-25.183,-48.841,4,42
0.0640,-0.6353,2.2490,9.634,4.756,-59.817,4,42
0.2637,-0.4878,1.9658,-12.683,28.415,-58.232,4,42
-0.1265,-0.4658,1.6011,-13.354,49.878,-35.976,4,42
1.6016,0.9497,-0.4438,62.317,12.317,-4.451,2,90
1.6499,0.9399,-0.4507,57.256,12.744,-2.744,2,90
1.6763,0.9321,-0.4609,52.744,14.085,-1.707,2,90
1.7021,0.9229,-0.4561,48.232,15.549,-0.366,2,90
1.7339,0.9204,-0.4688,43.537,17.500,0.854,2,90
1.7539,0.9131,-0.4604,39.512,19.512,2.134,2,90
1.7627,0.9160,-0.4492,34.878,21.646,2.744,2,90
1.7646,0.9170,-0.4326,30.732,23.841,3.476,2,90
-1.0361,-0.2275,-1.3613,-104.878,-42.744,-98.232,1,90
-0.9985,-0.1709,-1.3564,-106.524,-38.232,-89.146,1,90
-0.9824,-0.1030,-1.3408,-107.256,-34.024,-78.415,1,90
-0.9692,-0.0459,-1.3179,-108.232,-30.061,-66.951,1,90
-0.9624,0.0166,-1.2925,-108.659,-26.098,-54.634,1,90
-0.9663,0.0591,-1.2734,-108.963,-22.744,-40.366,1,90
-0.9761,0.1079,-1.2466,-108.841,-18.902,-26.098,1,90
-0.9976,0.1636,-1.2124,-107.256,-13.476,-3.780,1,90
-0.8032,0.1279,-0.3887,8.049,19.146,17.500,3,42
-0.8335,0.1318,-0.3237,7.256,15.976,15.488,3,42
-0.8955,0.1416,-0.2656,8.232,13.171,11.829,3,42
-0.9214,0.1792,-0.2690,9.878,10.488,7.988,3,42
-0.9238,0.2153,-0.2935,12.134,6.585,3.537,3,42
-0.9077,0.2651,-0.3354,15.122,4.085,-0.976,3,42
-0.8730,0.3179,-0.3701,18.963,1.890,-5.183,3,42
-0.8188,0.3379,-0.4058,23.293,-0.366,-9.329,3,42
1.4980,0.9590,-0.2109,-18.659,21.280,19.207,2,90
1.4937,0.9434,-0.2051,-21.341,19.268,22.134,2,90
1.4976,0.9175,-0.1938,-26.707,14.878,28.354,2,90
1.5020,0.8833,-0.1909,-30.732,10.000,35.183,2,90
1.5259,0.8472,-0.2056,-33.841,5.061,42.134,2,90
1.5581,0.8174,-0.2363,-36.463,0.427,49.085,2,90
1.6079,0.7886,-0.2637,-38.476,-3.720,55.671,2,90
1.6484,0.7725,-0.2881,-41.159,-7.134,61.402,2,90
-1.1455,0.1445,-1.1440,-66.037,35.244,107.134,1,90
-1.1133,0.1128,-1.1323,-60.000,40.610,114.207,1,90
-1.0942,0.0693,-1.1333,-55.122,46.159,120.122,1,90
-1.0586,0.0278,-1.1353,-50.488,50.915,125.854,1,90
-1.0195,-0.0073,-1.1245,-46.402,54.756,130.976,1,90
-0.9819,-0.0342,-1.1196,-42.622,57.866,135.976,1,90
-0.9453,-0.0591,-1.1089,-39.146,60.854,140.671,1,90
-0.9136,-0.0767,-1.1016,-35.671,63.476,146.280,1,90
-0.7568,-0.0264,-0.4219,34.451,-19.634,-46.402,3,42
-0.8003,-0.0469,-0.3882,32.073,-21.280,-49.329,3,42
-0.8364,-0.0605,-0.3608,29.512,-22.622,-51.646,3,42
-0.8916,-0.0747,-0.3496,25.671,-24.207,-54.207,3,42
-0.9482,-0.0889,-0.3418,22.683,-25.915,-56.585,3,42
-0.9976,-0.1152,-0.3291,19.451,-26.463,-58.598,3,42
-1.0181,-0.1465,-0.3345,16.037,-27.012,-60.549,3,42
-1.0273,-0.1768,-0.3169,12.927,-27.317,-62.317,3,42
1.5625,0.5942,-0.4756,-68.780,-35.732,86.646,2,90
1.5229,0.6021,-0.4912,-72.073,-38.841,88.598,2,90
1.4854,0.6074,-0.5112,-75.854,-41.280,91.646,2,90
1.4482,0.6069,-0.5308,-80.000,-43.049,94.756,2,90
1.4229,0.6211,-0.5405,-84.268,-44.085,98.841,2,90
1.3965,0.6270,-0.5552,-88.537,-44.512,102.744,2,90
1.3760,0.6367,-0.5581,-92.012,-44.146,107.622,2,90
1.3682,0.6431,-0.5527,-95.549,-43.780,112.439,2,90
-0.7041,-0.0972,-1.0361,-4.207,82.073,190.061,1,90
-0.7017,-0.1069,-1.0313,-0.549,84.329,194.207,1,90
-0.6865,-0.1177,-1.0068,4.451,86.585,197.439,1,90
-0.6802,-0.1274,-1.0044,9.085,88.659,201.220,1,90
-0.6655,-0.1470,-1.0029,14.146,91.159,204.695,1,90
-0.6514,-0.1602,-0.9922,18.780,93.841,207.866,1,90
-0.6289,-0.1934,-0.9795,26.524,97.866,212.317,1,90
-0.6216,-0.2163,-0.9580,31.768,100.854,215.183,1,90
-1.0522,-0.0562,-0.2612,-0.732,-30.000,-73.902,3,42
-1.0122,-0.0625,-0.2842,-0.915,-30.610,-75.244,3,42
-0.9819,-0.0771,-0.3223,-2.073,-31.890,-76.463,3,42
-0.9629,-0.0850,-0.3511,-3.049,-33.110,-77.866,3,42
-0.9399,-0.0996,-0.3784,-5.183,-34.329,-78.476,3,42
-0.9404,-0.1299,-0.3867,-6.829,-35.854,-79.085,3,42
-0.9307,-0.1714,-0.3853,-8.720,-37.317,-79.207,3,42
-0.9111,-0.1987,-0.3765,-10.610,-38.171,-79.146,3,42
-0.6089,-0.2456,-0.9473,37.195,103.902,217.805,1,90
-0.5938,-0.2798,-0.9297,42.683,106.585,220.671,1,90
-0.5850,-0.3179,-0.9131,47.927,109.573,223.049,1,90
-0.5659,-0.3535,-0.8975,53.598,112.317,225.122,1,90
-0.5566,-0.3965,-0.8843,58.720,115.244,227.134,1,90
-0.5405,-0.4365,-0.8579,63.598,117.927,228.841,1,90
-0.5215,-0.4785,-0.8428,68.720,120.610,230.305,1,90
-0.5137,-0.5273,-0.8267,73.293,123.110,231.220,1,90
-0.8906,-0.2178,-0.3721,-12.866,-40.000,-79.512,3,42
-0.8755,-0.2422,-0.3818,-15.610,-42.500,-79.817,3,42
-0.8701,-0.2710,-0.4185,-18.110,-45.061,-80.122,3,42
-0.8662,-0.2876,-0.4375,-20.610,-47.439,-80.427,3,42
-0.8691,-0.2949,-0.4478,-23.232,-49.756,-80.671,3,42
-0.8594,-0.3052,-0.4609,-25.549,-52.195,-80.671,3,42
-0.8457,-0.2920,-0.4507,-28.293,-55.366,-81.037,3,42
-0.8599,-0.2715,-0.4536,-31.098,-58.476,-81.159,3,42
1.1265,0.6860,-0.3135,-83.963,-48.415,154.756,2,90
1.0869,0.6772,-0.3022,-81.646,-48.902,156.524,2,90
1.0552,0.6670,-0.2954,-78.720,-49.390,158.354,2,90
1.0098,0.6606,-0.2778,-75.793,-50.183,160.183,2,90
0.9614,0.6445,-0.2715,-73.293,-50.793,162.195,2,90
0.9229,0.6333,-0.2642,-70.000,-51.646,164.207,2,90
0.8906,0.6167,-0.2612,-66.646,-52.866,166.159,2,90
0.8491,0.5986,-0.2529,-63.780,-53.659,167.805,2,90
-0.4238,-0.9146,-0.5986,91.890,145.061,231.220,1,90
-0.4126,-0.9512,-0.5630,91.951,146.951,230.732,1,90
-0.4019,-0.9858,-0.5332,91.037,148.232,229.634,1,90
-0.3838,-1.0186,-0.4932,90.244,149.817,228.659,1,90
-0.3784,-1.0400,-0.4600,87.927,150.549,227.317,1,90
-0.3604,-1.0645,-0.4365,85.671,151.768,226.159,1,90
-0.3516,-1.0801,-0.4092,82.683,152.622,224.817,1,90
-0.3291,-1.0967,-0.3701,79.512,153.476,223.537,1,90
-0.9170,-0.2212,-0.3315,-39.939,-74.268,-77.500,3,42
-0.9155,-0.2451,-0.3457,-41.220,-75.305,-76.768,3,42
-0.9170,-0.2837,-0.3560,-42.500,-75.610,-75.854,3,42
-0.9185,-0.3066,-0.3657,-43.354,-76.463,-74.573,3,42
-0.9297,-0.3315,-0.4014,-44.329,-77.439,-73.049,3,42
-0.9287,-0.3662,-0.3779,-44.024,-77.866,-71.220,3,42
-0.9272,-0.4097,-0.3618,-44.878,-77.927,-70.610,3,42
-0.9287,-0.4365,-0.3359,-44.817,-77.622,-69.268,3,42
-0.3213,-1.1221,-0.3486,75.793,154.268,222.256,1,90
-0.3037,-1.1353,-0.3281,71.646,154.329,220.793,1,90
-0.2905,-1.1445,-0.3096,67.256,154.878,219.878,1,90
-0.2695,-1.1772,-0.2832,62.378,155.061,218.902,1,90
-0.2510,-1.2012,-0.2729,56.768,155.305,218.049,1,90
-0.2358,-1.2256,-0.2300,51.220,155.183,216.585,1,90
-0.2168,-1.2695,-0.1992,41.890,154.390,215.610,1,90
-0.1982,-1.2939,-0.1768,35.000,152.744,214.939,1,90
-0.9146,-0.4512,-0.3003,-47.561,-79.268,-68.780,3,42
-0.9033,-0.4438,-0.2925,-49.329,-80.793,-68.841,3,42
-0.8779,-0.4243,-0.2813,-52.378,-82.988,-68.720,3,42
-0.8589,-0.3877,-0.2627,-56.220,-85.732,-68.720,3,42
-0.8525,-0.3359,-0.2275,-60.976,-89.207,-68.293,3,42
-0.8560,-0.2847,-0.2310,-67.988,-93.841,-67.866,3,42
-0.8594,-0.2256,-0.3027,-77.134,-100.061,-67.622,3,42
-0.8711,-0.2114,-0.3130,-78.659,-101.159,-67.439,3,42
-0.1738,-1.3213,-0.1636,27.439,151.280,214.146,1,90
-0.1650,-1.3560,-0.1489,19.512,149.878,213.780,1,90
-0.1426,-1.3892,-0.1353,11.524,148.780,214.024,1,90
-0.1289,-1.4199,-0.1294,3.293,147.866,214.207,1,90
-0.1211,-1.4497,-0.1226,-4.634,146.829,214.756,1,90
-0.1128,-1.4946,-0.0962,-12.622,145.976,215.488,1,90
-0.1099,-1.5239,-0.0825,-20.244,145.366,216.341,1,90
-0.0977,-1.5532,-0.0742,-27.439,144.390,216.890,1,90
-0.8784,-0.1792,-0.3369,-78.110,-101.220,-67.500,3,42
-0.8613,-0.1787,-0.3428,-74.939,-100.366,-67.134,3,42
-0.8428,-0.1689,-0.3535,-71.037,-98.659,-66.524,3,42
-0.8315,-0.1753,-0.3438,-66.159,-96.646,-65.671,3,42
-0.8315,-0.1855,-0.3408,-61.280,-94.573,-65.122,3,42
-0.8154,-0.2080,-0.3525,-56.707,-93.598,-64.451,3,42
-0.8101,-0.2212,-0.3555,-53.963,-92.927,-64.390,3,42
-0.8232,-0.2520,-0.3242,-52.256,-91.951,-64.268,3,42
-0.0981,-1.5889,-0.0576,-34.390,143.537,218.171,1,90
-0.0942,-1.6118,-0.0381,-40.854,143.232,219.024,1,90
-0.1006,-1.6357,-0.0249,-46.463,142.500,219.817,1,90
-0.0957,-1.6616,-0.0200,-51.341,141.768,220.366,1,90
-0.0923,-1.6758,-0.0020,-55.549,140.976,220.427,1,90
-0.0923,-1.6934,-0.0015,-59.268,140.854,220.366,1,90
-0.0830,-1.7119,-0.0083,-62.134,139.756,219.512,1,90
-0.0747,-1.7256,-0.0059,-64.573,139.817,218.293,1,90
-0.8452,-0.2793,-0.3022,-50.122,-90.183,-63.780,3,42
-0.8477,-0.2744,-0.3101,-48.049,-89.329,-63.354,3,42
-0.8345,-0.2803,-0.2949,-49.512,-90.976,-63.841,3,42
-0.8423,-0.3145,-0.2993,-50.183,-91.280,-64.024,3,42
-0.8564,-0.3477,-0.3120,-48.598,-90.732,-64.268,3,42
-0.8599,-0.3584,-0.3101,-45.732,-90.061,-64.024,3,42
-0.8589,-0.3486,-0.2827,-43.841,-89.146,-63.293,3,42
-0.8687,-0.3555,-0.2642,-42.988,-88.720,-62.805,3,42
-0.0728,-1.7466,-0.0005,-66.402,139.756,217.012,1,90
-0.0601,-1.7607,0.0044,-68.171,140.061,214.878,1,90
-0.0444,-1.7778,0.0132,-69.512,140.000,212.317,1,90
-0.0371,-1.8081,0.0200,-70.976,140.183,209.512,1,90
-0.0132,-1.8184,0.0186,-72.134,139.573,206.402,1,90
-0.0020,-1.8340,0.0127,-72.927,139.207,202.866,1,90
0.0127,-1.8525,0.0088,-73.720,137.988,199.146,1,90
0.0415,-1.8530,0.0000,-74.390,136.707,195.000,1,90
-0.8867,-0.3716,-0.2568,-42.622,-88.476,-62.317,3,42
-0.9014,-0.3755,-0.2495,-42.012,-88.049,-62.378,3,42
-0.9131,-0.3892,-0.2329,-41.098,-87.317,-62.622,3,42
-0.9180,-0.3916,-0.2168,-40.671,-86.585,-63.171,3,42
-0.9219,-0.3892,-0.1968,-40.549,-85.976,-63.476,3,42
-0.9146,-0.3901,-0.1821,-40.488,-85.793,-63.720,3,42
-0.9146,-0.3955,-0.1802,-40.793,-85.122,-63.963,3,42
-0.9028,-0.3955,-0.2041,-40.061,-84.573,-64.451,3,42
0.0532,-1.8496,-0.0098,-74.939,135.122,190.732,1,90
0.0654,-1.8315,-0.0249,-75.122,133.720,186.341,1,90
0.0767,-1.8174,-0.0176,-75.183,131.890,182.317,1,90
0.0923,-1.7954,-0.0342,-75.000,129.817,177.988,1,90
0.1030,-1.7759,-0.0449,-74.512,128.110,173.902,1,90
0.1250,-1.7300,-0.0571,-74.024,125.305,168.293,1,90
0.1255,-1.7144,-0.0654,-72.866,123.963,164.695,1,90
0.1396,-1.6821,-0.0801,-71.585,122.622,161.220,1,90
-0.9038,-0.3984,-0.2046,-39.939,-83.780,-64.268,3,42
-0.9087,-0.3970,-0.1929,-39.024,-83.232,-64.512,3,42
-0.9048,-0.3853,-0.1802,-38.049,-82.378,-64.634,3,42
-0.9063,-0.3726,-0.1851,-37.500,-81.402,-64.878,3,42
-0.9082,-0.3657,-0.1699,-36.951,-80.122,-64.329,3,42
-0.9146,-0.3540,-0.1553,-36.707,-79.085,-64.390,3,42
-0.9272,-0.3604,-0.1216,-35.244,-76.463,-63.963,3,42
-0.9434,-0.3677,-0.0972,-31.524,-72.561,-62.622,3,42
0.1455,-1.6670,-0.0688,-70.183,121.585,157.683,1,90
0.1538,-1.6406,-0.0728,-68.171,120.244,154.146,1,90
0.1563,-1.6235,-0.0811,-65.610,119.268,150.671,1,90
0.1641,-1.5996,-0.0723,-63.049,117.744,147.012,1,90
0.1631,-1.5889,-0.0854,-60.122,116.707,143.902,1,90
0.1646,-1.5664,-0.0791,-56.829,115.427,139.939,1,90
0.1714,-1.5498,-0.0771,-52.744,113.780,135.976,1,90
0.1714,-1.5381,-0.0825,-48.841,112.622,132.012,1,90
-0.9482,-0.3657,-0.0723,-29.207,-69.817,-61.829,3,42
-0.9443,-0.3525,-0.0576,-27.805,-68.232,-60.793,3,42
-0.9419,-0.3481,-0.0557,-26.829,-66.951,-60.793,3,42
-0.9385,-0.3486,-0.0610,-26.098,-65.915,-60.610,3,42
-0.9429,-0.3638,-0.0762,-25.915,-64.390,-60.000,3,42
-0.9458,-0.3789,-0.0679,-25.732,-62.927,-60.000,3,42
-0.9429,-0.3799,-0.0493,-24.817,-60.976,-59.695,3,42
-0.9351,-0.3608,-0.0410,-24.573,-60.061,-59.329,3,42
-0.9307,-0.3501,-0.0435,-26.159,-60.427,-58.659,3,42
-0.9224,-0.3555,-0.0361,-28.171,-61.159,-58.659,3,42
-0.9146,-0.3564,-0.0425,-28.659,-61.098,-58.293,3,42
-0.9185,-0.3379,-0.0410,-28.902,-60.427,-57.927,3,42
-0.9204,-0.3301,-0.0493,-29.146,-60.427,-57.866,3,42
-0.9307,-0.3335,-0.0493,-30.244,-61.220,-57.805,3,42
-0.9429,-0.3267,-0.0635,-32.439,-62.378,-57.744,3,42
-0.9492,-0.3276,-0.0991,-34.451,-63.780,-57.805,3,42
0.1177,0.5293,-0.4141,-52.927,-38.841,119.146,2,90
0.1079,0.5371,-0.4019,-49.268,-38.049,119.207,2,90
0.1060,0.5444,-0.4009,-45.671,-37.012,118.902,2,90
0.0947,0.5454,-0.3779,-42.683,-35.732,118.720,2,90
0.0854,0.5518,-0.3765,-39.451,-34.207,118.720,2,90
0.0854,0.5566,-0.3735,-36.585,-33.476,118.841,2,90
0.0830,0.5571,-0.3618,-33.659,-32.134,118.780,2,90
0.0811,0.5586,-0.3550,-30.854,-31.159,119.390,2,90
0.3589,-1.4575,-0.0635,29.451,85.976,51.280,1,90
0.3828,-1.4463,-0.0635,32.073,84.207,46.280,1,90
0.4087,-1.4321,-0.0688,34.329,82.439,41.341,1,90
0.4385,-1.4185,-0.0684,36.463,80.366,36.951,1,90
0.4658,-1.3838,-0.0786,39.207,77.317,30.427,1,90
0.4927,-1.3770,-0.0713,40.793,75.610,26.220,1,90
0.5049,-1.3569,-0.0771,41.585,73.598,22.134,1,90
0.5425,-1.3389,-0.0737,42.805,72.317,18.659,1,90
-0.9478,-0.3853,-0.1611,-24.817,-60.610,-61.098,3,42
-0.9497,-0.3511,-0.0732,-21.646,-59.939,-61.951,3,42
-0.9399,-0.3457,-0.0029,-22.927,-61.037,-62.073,3,42
-0.9492,-0.3750,-0.0190,-24.207,-62.378,-60.976,3,42
-0.9629,-0.4038,-0.0415,-25.427,-63.659,-60.427,3,42
-0.9990,-0.3931,-0.0366,-27.622,-65.976,-60.793,3,42
-1.0005,-0.3931,-0.0083,-30.366,-68.049,-61.768,3,42
-0.9976,-0.4038,-0.0054,-33.354,-70.244,-62.683,3,42
0.1313,0.5381,-0.3467,-1.524,-26.829,119.207,2,90
0.1406,0.5303,-0.3462,2.073,-26.341,118.720,2,90
0.1479,0.5146,-0.3540,4.939,-25.732,117.988,2,90
0.1646,0.4985,-0.3428,7.988,-24.634,116.829,2,90
0.1758,0.4897,-0.3413,10.976,-23.415,115.732,2,90
0.1797,0.4644,-0.3442,13.537,-22.195,114.695,2,90
0.1978,0.4648,-0.3330,15.976,-20.549,112.744,2,90
0.2158,0.4404,-0.3281,17.866,-18.963,111.463,2,90
0.7852,-1.2451,-0.0093,35.793,55.366,-6.098,1,90
0.8159,-1.2437,0.0010,33.780,53.049,-7.927,1,90
0.8423,-1.2417,0.0161,30.732,50.732,-9.756,1,90
0.8584,-1.2407,0.0396,27.439,48.049,-10.732,1,90
0.8838,-1.2500,0.0439,24.878,45.366,-11.951,1,90
0.8921,-1.2461,0.0547,21.646,42.561,-13.476,1,90
0.9121,-1.2451,0.0649,18.354,40.000,-14.451,1,90
0.9189,-1.2451,0.0669,15.183,37.195,-15.366,1,90
-0.9233,-0.3315,-0.0376,-43.293,-75.793,-61.341,3,42
-0.9019,-0.3535,-0.0718,-36.951,-72.378,-59.390,3,42
-0.8828,-0.3794,-0.0723,-31.402,-69.268,-57.195,3,42
-0.8721,-0.4424,-0.0913,-26.524,-65.366,-54.268,3,42
-0.8599,-0.5215,-0.1016,-20.549,-60.366,-50.854,3,42
-0.8481,-0.6050,-0.1006,-12.988,-54.817,-47.439,3,42
-0.8384,-0.6938,-0.1323,-6.159,-48.841,-44.024,3,42
-0.8330,-0.7798,-0.1475,0.183,-43.110,-40.549,3,42
0.9258,-1.2534,0.0645,11.707,33.963,-16.280,1,90
0.9302,-1.2480,0.0659,8.293,30.915,-16.890,1,90
0.9263,-1.2476,0.0542,4.939,27.805,-17.805,1,90
0.9194,-1.2510,0.0659,1.220,24.634,-18.232,1,90
0.9102,-1.2544,0.0576,-2.012,21.951,-18.476,1,90
0.9063,-1.2534,0.0493,-5.183,18.902,-18.476,1,90
0.8867,-1.2515,0.0356,-7.683,15.976,-18.293,1,90
0.8765,-1.2520,0.0400,-10.427,13.293,-17.927,1,90
-0.8296,-0.8501,-0.1553,6.768,-35.976,-36.707,3,42
-0.8174,-0.8647,-0.1914,13.963,-30.488,-33.354,3,42
-0.8120,-0.8516,-0.2036,18.110,-26.951,-30.000,3,42
-0.8149,-0.8320,-0.1821,21.220,-23.720,-26.220,3,42
-0.8330,-0.7939,-0.1509,24.451,-19.634,-22.134,3,42
-0.8716,-0.7739,-0.1289,27.012,-15.854,-17.378,3,42
-0.8945,-0.7695,-0.1157,28.720,-12.744,-13.232,3,42
-0.9121,-0.7847,-0.0991,31.280,-9.207,-9.146,3,42
0.8516,-1.2490,0.0190,-13.720,9.451,-17.439,1,90
0.8530,-1.2520,0.0122,-14.695,8.171,-17.073,1,90
0.8301,-1.2510,0.0107,-16.280,6.524,-16.585,1,90
0.8086,-1.2544,-0.0122,-17.866,3.659,-15.488,1,90
0.7925,-1.2456,-0.0195,-18.780,1.646,-15.061,1,90
0.7832,-1.2383,-0.0439,-19.756,0.671,-14.329,1,90
0.7842,-1.2393,-0.0547,-20.061,-0.732,-13.902,1,90
0.7759,-1.2432,-0.0488,-20.366,-1.829,-13.598,1,90
-0.9355,-0.8042,-0.0894,34.329,-4.573,-5.427,3,42
-0.9312,-0.8223,-0.0669,37.378,-0.915,-2.378,3,42
-0.9263,-0.8433,-0.0566,37.683,2.073,-1.159,3,42
-0.9077,-0.8662,-0.0425,37.378,3.598,-0.427,3,42
-0.8550,-0.8745,-0.0293,34.573,4.207,1.829,3,42
-0.8408,-0.8726,-0.0156,29.695,4.695,6.220,3,42
-0.8462,-0.8906,0.0034,23.598,3.963,9.451,3,42
-0.8428,-0.9067,0.0088,16.098,2.744,11.341,3,42
0.7720,-1.2427,-0.0527,-20.549,-2.683,-12.988,1,90
0.7661,-1.2539,-0.0488,-20.915,-3.902,-12.866,1,90
0.7725,-1.2598,-0.0449,-20.854,-4.390,-12.561,1,90
0.7808,-1.2710,-0.0347,-20.732,-5.488,-12.378,1,90
0.7871,-1.2808,-0.0327,-20.854,-5.976,-12.256,1,90
0.7920,-1.2959,-0.0239,-21.037,-6.463,-11.829,1,90
0.8013,-1.2935,-0.0034,-20.427,-7.805,-12.012,1,90
0.8174,-1.3115,0.0015,-20.549,-9.024,-11.829,1,90
-0.8472,-0.9004,0.0132,8.780,1.646,12.927,3,42
-0.8486,-0.8809,0.0269,3.415,1.220,14.390,3,42
-0.8511,-0.8306,0.0269,-3.537,0.366,15.793,3,42
-0.8740,-0.7852,0.0161,-12.134,-1.159,17.683,3,42
-0.8877,-0.7451,0.0273,-18.902,-2.012,18.841,3,42
-0.8970,-0.7256,0.0342,-21.707,-0.244,20.488,3,42
-0.9224,-0.6934,0.0376,-21.159,2.927,22.439,3,42
-0.9238,-0.6509,0.0464,-20.976,5.427,24.024,3,42
0.7207,0.1333,-0.3794,-11.890,35.183,-6.098,2,90
0.7319,0.1396,-0.3984,-13.598,36.280,-12.012,2,90
0.7510,0.1372,-0.4160,-15.000,37.317,-18.232,2,90
0.7681,0.1436,-0.4263,-16.280,38.293,-23.963,2,90
0.7710,0.1563,-0.4590,-16.524,39.146,-30.488,2,90
0.7866,0.1714,-0.4858,-16.463,40.061,-36.463,2,90
0.7886,0.1821,-0.4990,-16.768,41.037,-42.805,2,90
0.7856,0.1978,-0.5264,-16.280,41.890,-48.902,2,90
-0.9312,-0.6187,0.0337,-21.463,7.500,25.671,3,42
-0.9331,-0.6094,0.0166,-20.305,9.390,26.829,3,42
-0.9351,-0.5928,0.0010,-18.293,12.378,28.049,3,42
-0.9404,-0.5781,-0.0083,-17.256,14.695,28.902,3,42
-0.9497,-0.5552,-0.0015,-16.585,16.768,29.817,3,42
-0.9497,-0.5244,0.0039,-16.402,17.744,30.549,3,42
-0.9443,-0.4951,0.0073,-17.134,18.720,30.854,3,42
-0.9380,-0.4629,0.0049,-18.110,19.207,31.280,3,42
0.8999,-1.3828,0.0781,-13.902,-23.476,-11.280,1,90
0.9004,-1.3906,0.0850,-12.317,-25.610,-11.402,1,90
0.8994,-1.3936,0.0859,-10.793,-27.561,-11.951,1,90
0.8994,-1.4004,0.0903,-8.720,-30.061,-11.829,1,90
0.8916,-1.4033,0.0918,-6.829,-32.195,-12.439,1,90
0.8813,-1.4023,0.0981,-4.634,-34.878,-13.049,1,90
0.8726,-1.4087,0.0972,-2.012,-37.744,-14.024,1,90
0.8560,-1.4067,0.1050,0.488,-40.732,-14.878,1,90
-0.9453,-0.4307,0.0029,-19.329,19.695,31.463,3,42
-0.9536,-0.4014,-0.0093,-19.878,20.610,31.890,3,42
-0.9512,-0.3774,-0.0103,-19.939,21.280,32.317,3,42
-0.9536,-0.3564,-0.0054,-18.415,22.561,32.439,3,42
-0.9653,-0.3320,-0.0093,-16.829,23.841,32.500,3,42
-0.9697,-0.3018,-0.0034,-15.793,24.695,32.256,3,42
-0.9756,-0.2754,-0.0078,-14.878,24.695,32.439,3,42
-0.9731,-0.2637,-0.0098,-14.085,25.000,31.646,3,42
0.6260,0.4170,-0.6167,-18.110,48.720,-97.805,2,90
0.6016,0.4194,-0.6172,-17.622,48.476,-99.634,2,90
0.5776,0.4321,-0.6211,-16.037,48.110,-102.805,2,90
0.5557,0.4463,-0.6362,-14.634,47.866,-105.854,2,90
0.5259,0.4595,-0.6460,-12.805,47.256,-108.963,2,90
0.4995,0.4692,-0.6509,-11.341,46.585,-111.707,2,90
0.4697,0.4727,-0.6426,-10.488,45.854,-114.634,2,90
0.4414,0.4863,-0.6499,-9.512,45.366,-117.683,2,90
0.6802,-1.3247,0.0327,29.756,-68.476,-33.537,1,90
0.6680,-1.3052,0.0342,33.598,-70.976,-36.463,1,90
0.6504,-1.2871,0.0298,36.768,-73.841,-39.268,1,90
0.6333,-1.2710,0.0298,39.512,-76.280,-42.500,1,90
0.6279,-1.2583,0.0327,42.256,-79.085,-45.854,1,90
0.6167,-1.2412,0.0239,44.634,-81.890,-49.024,1,90
0.6016,-1.2295,0.0298,46.829,-84.756,-52.744,1,90
0.5977,-1.2148,0.0249,48.902,-87.683,-55.732,1,90
-0.9492,-0.2207,0.0229,3.354,33.659,24.085,3,42
-0.9487,-0.2192,0.0308,6.098,35.061,23.902,3,42
-0.9541,-0.2109,0.0161,9.085,36.707,23.841,3,42
-0.9448,-0.2178,0.0205,12.012,38.476,23.780,3,42
-0.9502,-0.2227,0.0181,15.427,40.793,24.146,3,42
-0.9414,-0.2300,0.0112,18.354,42.805,24.146,3,42
-0.9375,-0.2407,0.0146,21.341,44.817,24.268,3,42
-0.9336,-0.2505,0.0151,24.329,46.829,24.024,3,42
0.2456,0.4385,-0.6182,6.951,34.512,-136.280,2,90
0.2285,0.4321,-0.6113,9.695,32.744,-138.110,2,90
0.2217,0.4238,-0.6094,12.866,30.793,-139.451,2,90
0.2100,0.4209,-0.6006,15.854,29.146,-140.915,2,90
0.1973,0.4121,-0.5894,19.146,27.195,-142.012,2,90
0.1851,0.4058,-0.5938,22.622,24.878,-143.049,2,90
0.1807,0.3940,-0.5840,26.220,22.073,-143.902,2,90
0.1738,0.3892,-0.5962,30.122,19.573,-144.207,2,90
-0.9819,-1.2163,-0.8940,237.378,92.439,61.646,4,42
-0.9512,-1.1338,-0.9463,221.159,105.244,49.695,4,42
-0.9575,-1.0493,-0.9834,201.524,117.256,37.317,4,42
-0.9961,-0.9619,-1.0396,179.634,129.207,24.695,4,42
-1.0552,-0.8667,-1.1016,157.439,140.671,12.805,4,42
-1.1396,-0.7930,-1.1401,136.463,151.951,1.951,4,42
-1.2236,-0.7119,-1.1616,117.866,161.341,-6.341,4,42
-1.3086,-0.6348,-1.1636,101.280,168.902,-13.110,4,42
0.1685,0.3848,-0.5908,33.902,17.134,-144.939,2,90
0.1553,0.3711,-0.5986,40.488,12.744,-145.061,2,90
0.1553,0.3721,-0.5957,41.890,11.524,-145.000,2,90
0.1558,0.3711,-0.5967,46.159,8.780,-144.634,2,90
0.1489,0.3682,-0.6094,50.427,5.915,-144.146,2,90
0.1548,0.3721,-0.6138,53.963,3.720,-143.354,2,90
0.1543,0.3716,-0.6221,57.622,1.707,-142.500,2,90
0.1631,0.3745,-0.6152,61.220,-0.122,-141.220,2,90
-1.4302,-0.5469,-1.1377,80.732,174.329,-18.171,4,42
-1.4854,-0.4863,-1.1191,69.695,174.329,-18.354,4,42
-1.5059,-0.4551,-1.0933,65.427,173.841,-17.805,4,42
-1.5347,-0.3896,-1.0503,58.110,171.098,-14.634,4,42
-1.5425,-0.3286,-1.0093,53.537,168.171,-10.244,4,42
-1.5034,-0.2681,-0.9829,50.732,164.878,-4.085,4,42
-1.4517,-0.2134,-0.9570,51.280,161.890,2.866,4,42
-1.3843,-0.1597,-0.9248,54.451,159.207,10.305,4,42
0.1733,0.3779,-0.6392,66.220,-2.500,-139.207,2,90
0.1777,0.3770,-0.6431,67.561,-3.232,-138.659,2,90
0.1816,0.3755,-0.6470,70.305,-4.695,-137.195,2,90
0.1875,0.3867,-0.6558,73.110,-5.854,-135.427,2,90
0.1963,0.3965,-0.6592,75.488,-7.012,-133.780,2,90
0.2104,0.4028,-0.6636,78.049,-8.232,-131.890,2,90
0.2188,0.4092,-0.6611,80.061,-9.024,-130.488,2,90
0.2266,0.4116,-0.6533,82.012,-9.695,-128.780,2,90
-1.2827,-0.0713,-0.8936,63.110,155.732,21.585,4,42
-1.2437,-0.0049,-0.8438,70.244,153.476,28.049,4,42
-1.2271,0.0605,-0.8018,78.293,151.220,32.988,4,42
-1.2349,0.1230,-0.7578,85.610,148.720,37.866,4,42
-1.2725,0.1860,-0.7202,92.683,146.341,41.280,4,42
-1.3306,0.2280,-0.6899,98.720,145.061,44.390,4,42
-1.3896,0.2578,-0.6406,104.390,144.817,46.890,4,42
-1.4487,0.2759,-0.6157,109.573,145.305,48.780,4,42
0.2393,0.4189,-0.6431,84.634,-10.610,-126.646,2,90
0.2383,0.4238,-0.6294,85.854,-11.463,-125.732,2,90
0.2480,0.4233,-0.6270,87.134,-12.317,-124.878,2,90
0.2568,0.4155,-0.6064,88.537,-13.110,-124.451,2,90
0.2612,0.4097,-0.6055,89.817,-14.024,-124.085,2,90
0.2749,0.4097,-0.5869,91.220,-14.329,-124.146,2,90
0.2832,0.3965,-0.5776,92.134,-15.061,-124.451,2,90
0.2886,0.3936,-0.5645,93.415,-15.305,-124.695,2,90
-1.5132,0.2817,-0.5742,114.512,146.585,50.122,4,42
-1.5796,0.2671,-0.5444,119.207,147.866,51.341,4,42
-1.6152,0.2388,-0.5166,123.780,149.939,51.524,4,42
-1.6641,0.2026,-0.4990,126.707,152.134,50.854,4,42
-1.6934,0.1680,-0.4751,129.390,155.122,49.329,4,42
-1.7139,0.1201,-0.4570,131.037,158.780,47.195,4,42
-1.7271,0.0825,-0.4580,132.927,163.293,44.634,4,42
-1.7471,0.0396,-0.4541,134.390,168.049,42.073,4,42
0.2959,0.3853,-0.5586,94.268,-15.549,-125.549,2,90
0.3042,0.3789,-0.5527,94.756,-15.610,-126.220,2,90
0.3232,0.3691,-0.5444,95.671,-15.244,-127.439,2,90
0.3364,0.3613,-0.5366,96.159,-15.122,-128.232,2,90
0.3560,0.3540,-0.5386,96.402,-14.878,-129.573,2,90
0.3672,0.3452,-0.5317,96.341,-14.207,-130.732,2,90
0.3828,0.3354,-0.5332,95.793,-13.537,-132.317,2,90
0.3975,0.3257,-0.5161,95.061,-12.744,-133.780,2,90
-1.7495,-0.0068,-0.4380,135.488,173.720,39.207,4,42
-1.7563,-0.0386,-0.4380,136.037,179.085,36.890,4,42
-1.7554,-0.0659,-0.4360,136.768,184.512,34.573,4,42
-1.7515,-0.0894,-0.4238,136.951,189.878,33.110,4,42
-1.7432,-0.1069,-0.4165,136.037,194.573,31.707,4,42
-1.7363,-0.1128,-0.4121,135.183,199.207,30.244,4,42
-1.7300,-0.1240,-0.3862,134.085,203.354,28.963,4,42
-1.7334,-0.1230,-0.3755,131.707,207.134,27.805,4,42
0.4170,0.3174,-0.5161,94.451,-12.012,-135.610,2,90
0.4380,0.3013,-0.5176,93.537,-11.037,-137.378,2,90
0.4521,0.2944,-0.5078,92.317,-10.183,-139.268,2,90
0.4722,0.2861,-0.5122,91.585,-8.780,-141.220,2,90
0.4834,0.2739,-0.5049,90.549,-7.866,-143.476,2,90
0.5005,0.2793,-0.5034,89.329,-6.707,-145.854,2,90
0.5103,0.2769,-0.4951,88.049,-5.610,-148.110,2,90
0.5190,0.2729,-0.5000,86.524,-4.146,-150.793,2,90
0.1079,-1.3193,0.0010,37.378,-181.402,-160.122,1,90
0.0933,-1.3315,-0.0049,36.159,-182.256,-161.098,1,90
0.0879,-1.3359,-0.0171,35.244,-182.927,-162.195,1,90
0.0737,-1.3501,-0.0322,34.512,-183.659,-162.622,1,90
0.0674,-1.3657,-0.0166,33.598,-184.573,-163.171,1,90
0.0542,-1.3672,-0.0303,32.500,-185.061,-163.659,1,90
0.0444,-1.3784,-0.0361,31.890,-185.427,-164.085,1,90
0.0366,-1.3828,-0.0474,30.854,-185.976,-164.756,1,90
-0.9463,-0.4155,-0.1484,22.927,32.073,36.159,3,42
-0.9526,-0.4258,-0.1279,24.024,33.659,37.317,3,42
-0.9565,-0.4355,-0.1230,25.244,35.610,38.659,3,42
-0.9624,-0.4604,-0.1016,26.402,37.744,40.061,3,42
-0.9595,-0.4668,-0.1138,27.988,40.122,41.951,3,42
-0.9653,-0.4863,-0.0957,29.451,42.744,43.841,3,42
-0.9609,-0.5171,-0.1094,31.037,45.549,45.854,3,42
-0.9570,-0.5186,-0.0977,32.805,48.171,48.171,3,42
0.5503,0.4297,-0.5088,74.329,10.122,-177.744,2,90
0.5425,0.4556,-0.5024,72.012,12.073,-179.573,2,90
0.5410,0.4824,-0.5083,69.634,14.268,-181.280,2,90
0.5308,0.4946,-0.5049,66.707,16.280,-182.866,2,90
0.5371,0.5210,-0.5068,63.963,18.780,-184.085,2,90
0.5283,0.5317,-0.5015,60.793,21.280,-185.183,2,90
0.5376,0.5532,-0.5005,57.927,23.780,-185.732,2,90
0.5439,0.5654,-0.4932,54.512,26.463,-186.280,2,90
-0.9619,-0.5464,-0.0962,34.634,51.585,50.427,3,42
-0.9658,-0.5552,-0.0923,36.280,55.000,52.988,3,42
-0.9736,-0.5645,-0.0859,38.293,58.110,55.976,3,42
-0.9795,-0.5703,-0.0859,40.000,61.768,59.024,3,42
-0.9907,-0.5747,-0.0811,42.012,65.610,62.195,3,42
-0.9951,-0.5820,-0.0698,43.659,69.329,65.305,3,42
-1.0020,-0.5874,-0.0649,45.671,73.598,68.659,3,42
-1.0073,-0.6118,-0.0723,48.659,78.171,72.439,3,42
-0.0439,-1.4282,-0.1221,26.463,-188.841,-167.378,1,90
-0.0439,-1.4380,-0.1421,26.220,-188.476,-167.317,1,90
-0.0522,-1.4551,-0.1587,25.976,-188.110,-167.378,1,90
-0.0605,-1.4629,-0.1743,26.220,-187.378,-167.622,1,90
-0.0664,-1.4800,-0.1924,26.098,-186.890,-167.622,1,90
-0.0742,-1.4956,-0.2109,26.037,-186.220,-167.866,1,90
-0.0820,-1.5093,-0.2290,26.341,-185.488,-167.988,1,90
-0.0786,-1.5132,-0.2422,26.159,-184.817,-168.598,1,90
-0.9985,-0.6289,-0.0630,52.012,83.780,76.220,3,42
-0.9990,-0.6455,-0.0288,55.061,88.232,80.427,3,42
-1.0015,-0.6528,-0.0161,56.220,92.378,84.390,3,42
-0.9912,-0.6807,-0.0288,57.256,96.098,88.476,3,42
-0.9971,-0.6865,-0.0571,57.622,99.634,91.951,3,42
-0.9917,-0.6694,-0.0986,57.561,102.988,95.305,3,42
-0.9912,-0.6396,-0.1333,56.829,105.793,97.805,3,42
-0.9863,-0.5967,-0.1626,54.634,107.683,100.549,3,42
0.6670,0.6802,-0.5112,34.939,50.549,-187.805,2,90
0.6846,0.7021,-0.5132,34.573,53.598,-188.049,2,90
0.6929,0.7163,-0.5044,34.329,56.890,-187.988,2,90
0.7070,0.7456,-0.5166,34.207,59.695,-188.354,2,90
0.7114,0.7637,-0.5103,35.000,61.951,-187.988,2,90
0.7192,0.7935,-0.5166,36.890,64.878,-187.744,2,90
0.7256,0.8174,-0.5171,39.024,67.622,-187.561,2,90
0.7188,0.8574,-0.5220,42.134,69.878,-186.951,2,90
-0.9077,-0.2793,0.7476,17.256,146.951,19.085,4,42
-0.8438,-0.2520,0.7183,15.854,138.902,16.890,4,42
-0.7920,-0.2275,0.5591,11.707,133.171,14.390,4,42
-0.7808,-0.1143,0.5127,0.244,138.780,10.122,4,42
-0.7383,0.0371,0.6279,-4.390,137.378,12.073,4,42
-0.7144,0.1460,0.4438,-14.451,136.037,18.720,4,42
-0.6968,0.3037,0.1992,-25.000,137.012,25.854,4,42
-0.6484,0.5879,0.1104,-35.976,137.927,33.841,4,42
0.7188,0.8843,-0.5161,45.610,71.707,-186.098,2,90
0.7188,0.9326,-0.5034,49.268,73.476,-185.244,2,90
0.7144,0.9653,-0.5107,52.561,75.305,-184.207,2,90
0.7090,1.0054,-0.5059,56.707,76.402,-182.439,2,90
0.6953,1.0342,-0.4961,60.122,77.317,-181.037,2,90
0.6924,1.0620,-0.5059,64.329,77.805,-178.720,2,90
0.6890,1.0962,-0.4980,68.659,77.927,-176.037,2,90
0.6792,1.1221,-0.4961,73.110,77.866,-173.293,2,90
-0.3047,-1.6118,-0.6426,3.902,-170.488,-183.659,1,90
-0.3208,-1.6030,-0.6602,0.610,-169.634,-185.671,1,90
-0.3335,-1.5874,-0.6787,-2.012,-168.598,-187.683,1,90
-0.3428,-1.5684,-0.6963,-4.634,-168.049,-189.878,1,90
-0.3584,-1.5488,-0.7095,-7.988,-167.134,-192.012,1,90
-0.3604,-1.5273,-0.7246,-11.220,-167.012,-194.207,1,90
-0.3760,-1.5029,-0.7373,-14.878,-166.585,-196.524,1,90
-0.3892,-1.4868,-0.7534,-18.232,-166.098,-198.659,1,90
-1.0381,-0.3545,-0.2085,-20.000,97.744,110.244,3,42
-1.0283,-0.3091,-0.1992,-24.695,95.793,109.817,3,42
-1.0171,-0.3062,-0.2231,-26.890,95.183,109.756,3,42
-0.9214,-0.2861,-0.2183,-25.793,96.585,109.024,3,42
-0.8330,-0.1904,-0.1919,-24.695,96.768,108.537,3,42
-0.7915,-0.1172,-0.2036,-23.720,95.915,108.049,3,42
-0.7451,-0.0269,-0.2349,-20.122,96.463,106.646,3,42
-0.7051,0.1011,-0.2451,-14.512,97.561,105.305,3,42
0.7002,1.1206,-0.4648,104.939,68.049,-130.854,2,90
0.7061,1.0986,-0.4580,106.951,66.585,-125.122,2,90
0.7163,1.0908,-0.4473,108.902,64.329,-119.451,2,90
0.7339,1.0723,-0.4424,110.244,62.683,-113.659,2,90
0.7544,1.0537,-0.4282,110.610,60.244,-108.232,2,90
0.7749,1.0396,-0.4224,110.244,58.415,-103.354,2,90
0.8062,1.0195,-0.4160,109.268,56.280,-98.293,2,90
0.8306,1.0112,-0.4043,107.561,53.780,-93.720,2,90
-0.5347,-1.1870,-0.8218,-52.256,-171.280,-212.561,1,90
-0.5610,-1.1499,-0.8413,-56.220,-172.866,-212.744,1,90
-0.5942,-1.1108,-0.8423,-60.305,-173.780,-212.134,1,90
-0.6191,-1.0742,-0.8462,-63.537,-175.244,-210.549,1,90
-0.6611,-1.0454,-0.8535,-66.890,-176.402,-208.720,1,90
-0.7026,-1.0117,-0.8794,-69.573,-177.744,-206.341,1,90
-0.7397,-0.9932,-0.8755,-72.744,-179.146,-203.171,1,90
-0.7969,-0.9629,-0.9038,-75.915,-180.305,-199.634,1,90
-0.3408,0.2871,-0.5640,13.537,72.378,67.134,3,42
-0.4214,0.2061,-0.5190,6.585,65.427,65.000,3,42
-0.4907,0.0796,-0.4907,-0.488,59.146,63.415,3,42
-0.5840,-0.0527,-0.4502,-6.524,54.207,61.890,3,42
-0.6890,-0.1440,-0.4263,-14.024,48.293,59.817,3,42
-0.8130,-0.2017,-0.4380,-17.866,44.329,58.476,3,42
-0.9604,-0.1963,-0.4312,-19.573,43.049,57.805,3,42
-1.0938,-0.1636,-0.3970,-19.024,41.463,57.012,3,42
1.0664,0.9248,-0.3384,76.707,37.317,-52.561,2,90
1.0908,0.9346,-0.3306,72.744,35.793,-48.476,2,90
1.1250,0.9331,-0.3311,68.232,34.451,-44.756,2,90
1.1528,0.9395,-0.3203,63.841,32.927,-41.098,2,90
1.1909,0.9429,-0.3198,59.390,31.707,-37.317,2,90
1.2212,0.9502,-0.3105,54.756,30.122,-33.476,2,90
1.2651,0.9629,-0.3130,50.488,28.720,-29.207,2,90
1.3066,0.9780,-0.3306,45.976,27.805,-25.305,2,90
-1.3843,-0.6924,-1.1455,-105.366,-173.720,-152.927,1,90
-1.4502,-0.6440,-1.1582,-107.561,-169.756,-146.220,1,90
-1.5186,-0.5957,-1.1821,-109.512,-164.817,-139.573,1,90
-1.5786,-0.5410,-1.2119,-111.098,-158.537,-132.744,1,90
-1.6289,-0.4839,-1.2642,-114.146,-151.098,-125.976,1,90
-1.6851,-0.4292,-1.2861,-115.183,-141.951,-119.207,1,90
-1.7266,-0.3745,-1.3228,-116.402,-131.098,-112.317,1,90
-1.7451,-0.3291,-1.3491,-115.427,-119.085,-105.671,1,90
-0.9180,0.2314,-0.3833,21.463,29.756,38.415,3,42
-0.9624,0.1836,-0.3638,26.707,30.366,39.085,3,42
-0.9927,0.0981,-0.3345,31.890,31.524,39.207,3,42
-1.0029,0.0054,-0.3354,35.000,31.829,39.207,3,42
-0.9971,-0.1060,-0.3672,37.500,30.976,37.561,3,42
-0.9673,-0.2192,-0.4116,39.207,30.305,34.939,3,42
-0.9341,-0.2769,-0.4648,39.390,28.841,31.707,3,42
-0.9307,-0.2729,-0.5117,38.415,27.012,28.415,3,42
1.6714,0.9976,-0.4048,8.171,24.573,13.293,2,90
1.7148,0.9907,-0.4199,4.451,24.573,17.500,2,90
1.7471,0.9834,-0.4194,0.976,23.780,21.524,2,90
1.7744,0.9727,-0.4180,-2.683,23.415,24.878,2,90
1.7881,0.9575,-0.4058,-6.098,22.317,28.293,2,90
1.7935,0.9365,-0.3931,-9.329,21.280,31.341,2,90
1.8037,0.9185,-0.3833,-13.049,19.878,34.024,2,90
1.8008,0.8877,-0.3740,-16.951,17.805,36.707,2,90
-1.3403,0.1235,-1.3091,-92.439,-17.317,-40.854,1,90
-1.3237,0.1743,-1.2886,-90.122,-16.098,-28.841,1,90
-1.3408,0.2251,-1.2515,-87.988,-15.854,-15.183,1,90
-1.3696,0.2700,-1.2007,-85.366,-16.707,-0.061,1,90
-1.4248,0.3203,-1.1558,-83.232,-17.378,16.585,1,90
-1.4941,0.3555,-1.1138,-81.098,-18.171,33.476,1,90
-1.5698,0.3892,-1.0854,-78.598,-17.256,50.366,1,90
-1.6934,0.4106,-1.0767,-75.427,-12.500,74.634,1,90
-0.9233,0.1602,-0.3125,26.890,1.341,2.134,3,42
-0.9019,0.1958,-0.3433,28.963,-0.244,-2.012,3,42
-0.8906,0.2407,-0.3730,32.500,-1.463,-5.976,3,42
-0.8550,0.2412,-0.4077,36.280,-2.622,-10.610,3,42
-0.8066,0.2271,-0.4336,40.000,-4.024,-14.695,3,42
-0.7739,0.1953,-0.4492,41.524,-6.829,-18.415,3,42
-0.7456,0.1250,-0.4927,41.951,-10.244,-22.988,3,42
-0.7163,0.0259,-0.5332,41.951,-12.500,-26.402,3,42
1.6670,0.6987,-0.3477,-54.207,-0.366,65.000,2,90
1.6533,0.6729,-0.3550,-59.817,-3.232,69.451,2,90
1.6382,0.6504,-0.3569,-64.878,-6.707,75.061,2,90
1.6255,0.6265,-0.3740,-70.183,-9.878,80.610,2,90
1.6353,0.6055,-0.3901,-74.207,-13.598,86.402,2,90
1.6543,0.5913,-0.4131,-78.354,-16.890,92.439,2,90
1.6699,0.5815,-0.4385,-81.463,-19.573,98.476,2,90
1.6924,0.5723,-0.4746,-84.573,-21.951,104.390,2,90
-1.5073,0.0107,-0.9258,-26.037,86.402,149.268,1,90
-1.4272,-0.0454,-0.8896,-21.646,94.756,154.512,1,90
-1.3574,-0.0850,-0.8477,-17.744,101.402,160.366,1,90
-1.2847,-0.1372,-0.8203,-15.549,106.585,166.220,1,90
-1.2163,-0.1846,-0.7979,-13.415,110.427,173.232,1,90
-1.1616,-0.2222,-0.7769,-11.280,113.659,180.427,1,90
-1.1099,-0.2739,-0.7686,-8.720,115.427,188.354,1,90
-1.0796,-0.3169,-0.7524,-6.402,116.829,196.220,1,90
-0.9824,-0.0938,-0.2964,23.354,-35.244,-49.573,3,42
-0.9946,-0.0386,-0.2700,21.524,-36.341,-52.195,3,42
-1.0205,0.0186,-0.2568,20.793,-37.256,-54.817,3,42
-1.0376,0.0625,-0.2534,19.939,-37.439,-57.256,3,42
-1.0581,0.0786,-0.2417,19.207,-37.744,-60.061,3,42
-1.0562,0.0820,-0.2246,18.841,-37.622,-62.622,3,42
-1.0361,0.0640,-0.2178,18.049,-37.439,-64.878,3,42
-1.0166,0.0386,-0.1987,17.744,-37.195,-67.134,3,42
1.6714,0.6040,-0.4351,-116.707,-30.793,137.744,2,90
1.6465,0.6064,-0.4272,-119.878,-32.256,140.488,2,90
1.6304,0.5977,-0.4185,-122.866,-33.293,142.988,2,90
1.6162,0.6064,-0.3989,-125.549,-34.329,145.488,2,90
1.5928,0.6143,-0.3945,-127.744,-35.549,147.927,2,90
1.5659,0.6123,-0.3765,-129.634,-36.220,149.939,2,90
1.5342,0.6201,-0.3628,-131.951,-37.378,152.134,2,90
1.5068,0.6255,-0.3472,-133.598,-37.805,153.659,2,90
-2.8149,-1.9502,3.1484,-256.280,212.805,32.500,4,42
-2.7422,-1.8628,3.5747,-268.049,210.122,31.463,4,42
-2.6880,-1.7817,3.7505,-276.098,206.220,29.085,4,42
-2.5337,-1.6440,3.8359,-298.659,193.476,22.866,4,42
-2.1924,-1.3770,3.2534,-330.915,175.427,17.622,4,42
-1.9541,-1.0420,2.5415,-344.268,167.134,21.098,4,42
-1.7690,-0.7656,1.7588,-360.793,158.720,27.622,4,42
-1.6885,-0.6763,1.1167,-371.280,150.305,31.220,4,42
1.4531,0.6357,-0.3408,-135.305,-39.451,155.915,2,90
1.4453,0.6421,-0.3301,-135.183,-40.183,156.402,2,90
1.4209,0.6528,-0.3291,-135.244,-41.341,157.561,2,90
1.3755,0.6670,-0.3296,-134.268,-42.378,158.659,2,90
1.3359,0.6851,-0.3247,-133.415,-43.415,159.573,2,90
1.2974,0.6978,-0.3301,-132.256,-44.390,160.793,2,90
1.2480,0.7095,-0.3315,-130.549,-45.183,161.890,2,90
1.2031,0.7192,-0.3423,-128.720,-46.098,163.293,2,90
-0.8477,-0.8740,-0.7798,54.817,162.439,274.085,1,90
-0.8159,-0.9175,-0.7603,56.220,166.646,274.939,1,90
-0.7837,-0.9570,-0.7378,57.927,169.634,275.366,1,90
-0.7700,-0.9976,-0.7144,58.963,172.683,275.671,1,90
-0.7300,-1.0215,-0.6885,59.207,174.756,275.915,1,90
-0.6997,-1.0601,-0.6577,58.780,176.890,276.402,1,90
-0.6719,-1.0894,-0.6313,58.171,178.049,276.463,1,90
-0.6401,-1.1201,-0.5952,56.707,178.720,276.646,1,90
-0.8584,-0.2568,-0.3979,-22.500,-60.610,-84.634,3,42
-0.8687,-0.2393,-0.3906,-25.610,-63.720,-84.207,3,42
-0.8774,-0.2168,-0.3818,-28.171,-66.402,-84.085,3,42
-0.8774,-0.2124,-0.3774,-29.756,-69.024,-83.537,3,42
-0.8809,-0.2114,-0.3711,-31.646,-71.585,-83.049,3,42
-0.8770,-0.2212,-0.3594,-33.354,-73.659,-82.561,3,42
-0.8638,-0.2378,-0.3599,-34.573,-75.427,-81.829,3,42
-0.8594,-0.2261,-0.3545,-35.610,-78.110,-81.402,3,42
0.7471,0.7222,-0.3613,-93.293,-53.476,176.707,2,90
0.7290,0.7065,-0.3525,-90.671,-53.963,177.256,2,90
0.6860,0.6885,-0.3477,-86.280,-54.634,178.598,2,90
0.6597,0.6768,-0.3452,-81.707,-55.610,179.268,2,90
0.6147,0.6533,-0.3413,-77.012,-56.524,179.756,2,90
0.5825,0.6338,-0.3413,-72.256,-57.134,180.366,2,90
0.5518,0.6133,-0.3247,-68.232,-57.805,180.549,2,90
0.5186,0.5986,-0.3213,-63.963,-58.537,180.427,2,90
-0.4634,0.3301,3.6660,-114.512,-134.207,-146.890,4,42
-0.3516,0.6699,3.5205,-73.659,-151.220,-136.220,4,42
-0.5688,0.8062,3.3755,-16.220,-164.695,-120.061,4,42
-0.8896,0.9575,3.2764,35.488,-177.561,-99.756,4,42
-1.3359,1.1006,3.1377,81.220,-188.780,-84.512,4,42
-1.8042,0.9736,2.8521,108.171,-188.476,-82.012,4,42
-1.8809,0.7524,2.5508,109.756,-175.183,-101.220,4,42
-1.6772,0.5112,2.3057,88.232,-150.061,-135.610,4,42
0.4810,0.5728,-0.3164,-57.927,-59.695,179.756,2,90
0.4712,0.5630,-0.3154,-56.037,-60.061,179.451,2,90
0.4531,0.5464,-0.3164,-52.744,-60.549,178.598,2,90
0.4189,0.5264,-0.3242,-49.085,-61.220,177.744,2,90
0.4106,0.5190,-0.3252,-45.427,-61.646,176.098,2,90
0.3916,0.5063,-0.3213,-42.195,-61.463,174.390,2,90
0.3789,0.4976,-0.3311,-38.720,-61.402,172.988,2,90
0.3608,0.4907,-0.3525,-35.488,-61.280,170.549,2,90
-0.3442,-1.4414,-0.2461,-23.354,157.927,261.159,1,90
-0.3228,-1.4385,-0.2388,-28.171,155.915,260.854,1,90
-0.3188,-1.4399,-0.2349,-33.415,154.146,260.427,1,90
-0.2964,-1.4424,-0.2280,-38.354,152.866,260.183,1,90
-0.2798,-1.4541,-0.2148,-42.805,150.671,259.695,1,90
-0.2568,-1.4717,-0.2158,-46.951,149.695,259.573,1,90
-0.2354,-1.4932,-0.2051,-51.646,147.378,259.085,1,90
-0.2104,-1.5078,-0.2036,-54.756,146.341,258.049,1,90
-0.9048,-0.4019,-0.2368,-47.561,-91.098,-70.122,3,42
-0.8989,-0.3784,-0.2061,-46.463,-89.817,-69.390,3,42
-0.8896,-0.3496,-0.1797,-46.159,-88.963,-68.232,3,42
-0.8867,-0.3159,-0.1782,-45.854,-88.232,-67.073,3,42
-0.8853,-0.2905,-0.1885,-46.585,-88.354,-66.463,3,42
-0.8809,-0.2900,-0.2036,-46.890,-88.354,-65.915,3,42
-0.8818,-0.2935,-0.2256,-46.890,-87.744,-65.366,3,42
-0.8765,-0.2944,-0.2358,-45.915,-87.317,-64.878,3,42
0.2124,0.5991,-0.4233,-20.366,-48.963,142.134,2,90
0.1953,0.6157,-0.4312,-20.915,-47.866,139.512,2,90
0.1880,0.6177,-0.4321,-21.220,-47.317,138.232,2,90
0.1719,0.6230,-0.4482,-21.829,-46.341,134.878,2,90
0.1626,0.6294,-0.4448,-22.622,-45.976,132.744,2,90
0.1450,0.6309,-0.4531,-24.146,-45.671,131.159,2,90
0.1387,0.6279,-0.4678,-25.366,-45.305,129.390,2,90
0.1265,0.6211,-0.4780,-26.829,-45.122,128.049,2,90
-2.6406,0.1064,1.1074,-191.585,-486.341,-251.951,4,42
-2.7363,0.1807,1.0107,-176.768,-498.659,-248.963,4,42
-2.9004,0.2441,0.9380,-162.805,-507.500,-248.598,4,42
-2.9946,0.3047,0.8540,-149.268,-514.024,-252.500,4,42
-3.1270,0.3623,0.7930,-134.695,-519.024,-258.841,4,42
-3.3350,0.4189,0.7231,-122.500,-520.244,-268.537,4,42
-3.4395,0.4551,0.6748,-110.488,-517.500,-280.732,4,42
-3.5386,0.4956,0.6450,-99.939,-511.098,-292.317,4,42
0.1167,0.6196,-0.4736,-28.780,-45.000,126.707,2,90
0.1147,0.5981,-0.4839,-31.280,-44.390,125.610,2,90
0.1055,0.5786,-0.4834,-34.207,-44.390,124.329,2,90
0.1030,0.5654,-0.4873,-36.951,-43.963,123.354,2,90
0.0957,0.5356,-0.4780,-40.183,-43.598,122.805,2,90
0.0947,0.5161,-0.4800,-43.720,-42.988,121.768,2,90
0.1001,0.4873,-0.4766,-47.134,-42.134,120.915,2,90
0.1016,0.4556,-0.4600,-50.915,-41.341,119.634,2,90
-3.6304,0.5024,0.6377,-91.707,-501.463,-302.622,4,42
-3.7012,0.5103,0.6406,-83.902,-490.183,-311.159,4,42
-3.7700,0.5161,0.6489,-78.171,-479.512,-318.110,4,42
-3.8081,0.5264,0.6494,-75.000,-471.768,-322.683,4,42
-3.8398,0.5186,0.6460,-74.329,-466.524,-325.488,4,42
-3.8613,0.5254,0.6475,-75.732,-463.293,-325.854,4,42
-3.9121,0.5088,0.6519,-78.780,-461.646,-323.902,4,42
-3.9790,0.4907,0.6343,-83.171,-460.549,-319.329,4,42
0.0942,0.4287,-0.4561,-54.939,-40.305,119.146,2,90
0.1001,0.4053,-0.4561,-58.659,-39.268,118.232,2,90
0.1089,0.3784,-0.4463,-62.256,-37.866,117.012,2,90
0.1128,0.3594,-0.4360,-66.524,-36.585,116.402,2,90
0.1118,0.3462,-0.4331,-70.732,-35.122,115.366,2,90
0.1172,0.3296,-0.4204,-75.305,-33.963,114.634,2,90
0.1284,0.3071,-0.4111,-79.878,-32.927,113.659,2,90
0.1362,0.2988,-0.4146,-84.207,-32.134,113.049,2,90
-0.0469,-1.6177,-0.2310,-41.037,119.146,204.268,1,90
-0.0513,-1.5981,-0.2280,-40.488,119.512,200.915,1,90
-0.0474,-1.5815,-0.2188,-39.207,119.634,197.500,1,90
-0.0454,-1.5664,-0.2227,-37.500,119.878,194.268,1,90
-0.0415,-1.5503,-0.2075,-35.610,120.366,190.610,1,90
-0.0303,-1.5190,-0.1909,-32.439,121.280,184.878,1,90
-0.0220,-1.5112,-0.1733,-30.000,122.134,180.854,1,90
-0.0195,-1.4985,-0.1660,-27.561,122.927,177.317,1,90
-0.9004,-0.4805,-0.2368,-17.378,-67.744,-37.195,3,42
-0.8945,-0.4834,-0.2451,-14.756,-65.732,-36.707,3,42
-0.8882,-0.4844,-0.2495,-11.768,-63.841,-36.037,3,42
-0.8784,-0.4814,-0.2446,-9.085,-61.463,-35.732,3,42
-0.8789,-0.4761,-0.2329,-6.341,-59.817,-34.512,3,42
-0.8755,-0.4673,-0.2153,-3.537,-57.500,-33.110,3,42
-0.8833,-0.4551,-0.1963,-1.402,-55.610,-31.951,3,42
-0.8975,-0.4531,-0.1704,1.341,-52.439,-30.244,3,42
-0.0029,-1.4883,-0.1475,-24.817,123.780,173.415,1,90
0.0083,-1.4795,-0.1387,-22.195,124.207,169.512,1,90
0.0283,-1.4683,-0.1118,-19.573,124.512,165.549,1,90
0.0386,-1.4580,-0.0933,-17.073,124.634,161.707,1,90
0.0586,-1.4487,-0.0806,-14.451,124.329,157.927,1,90
0.0767,-1.4385,-0.0562,-11.341,123.598,154.146,1,90
0.1025,-1.4282,-0.0430,-8.171,122.988,150.183,1,90
0.1255,-1.4233,-0.0386,-5.061,121.829,146.463,1,90
-0.9185,-0.4473,-0.1421,3.963,-49.390,-28.720,3,42
-0.9248,-0.4414,-0.1050,6.646,-46.280,-27.317,3,42
-0.9507,-0.4370,-0.1069,7.439,-44.024,-26.463,3,42
-0.9595,-0.4214,-0.1284,6.098,-43.293,-25.915,3,42
-0.9429,-0.4287,-0.0923,7.195,-42.256,-25.854,3,42
-0.9272,-0.4058,-0.0586,13.963,-39.024,-25.610,3,42
-0.9282,-0.3730,-0.0674,17.073,-34.817,-25.732,3,42
-0.9478,-0.3521,-0.0195,16.707,-33.171,-24.939,3,42
0.1523,-1.4253,-0.0464,-1.768,121.037,142.744,1,90
0.1680,-1.4263,-0.0444,1.890,120.305,138.902,1,90
0.1924,-1.4312,-0.0269,5.610,119.817,135.122,1,90
0.2139,-1.4238,-0.0254,10.061,119.451,131.220,1,90
0.2246,-1.4180,-0.0322,13.963,118.415,127.500,1,90
0.2461,-1.4224,-0.0391,17.134,117.805,123.293,1,90
0.2588,-1.4194,-0.0371,20.976,117.256,119.756,1,90
0.2773,-1.4126,-0.0391,24.207,116.463,116.098,1,90
-0.9731,-0.3335,0.0518,16.646,-33.537,-22.866,3,42
-0.9834,-0.3511,0.0806,12.256,-36.037,-20.854,3,42
-0.9829,-0.4097,0.0396,6.707,-35.976,-19.878,3,42
-0.9731,-0.4658,-0.0190,7.683,-33.110,-20.732,3,42
-0.9648,-0.4521,-0.0439,11.951,-30.427,-22.744,3,42
-0.9688,-0.4136,0.0098,12.256,-29.756,-24.329,3,42
-0.9932,-0.3901,0.0723,9.207,-31.341,-24.085,3,42
-1.0234,-0.3809,0.1294,3.902,-33.841,-23.110,3,42
0.2871,-1.4077,-0.0347,28.171,115.854,112.378,1,90
0.3047,-1.4092,-0.0298,32.073,114.878,109.207,1,90
0.3130,-1.3975,-0.0171,35.488,113.476,105.549,1,90
0.3291,-1.3916,-0.0103,38.963,112.805,102.439,1,90
0.3408,-1.3799,-0.0049,42.317,111.707,99.451,1,90
0.3608,-1.3701,0.0088,45.122,110.671,96.220,1,90
0.3804,-1.3584,-0.0005,48.354,109.634,93.171,1,90
0.3955,-1.3564,0.0068,50.854,108.476,90.244,1,90
-1.0400,-0.3804,0.1328,-2.439,-36.341,-22.500,3,42
-1.0459,-0.3994,0.0762,-7.927,-37.744,-22.805,3,42
-1.0322,-0.4131,0.0107,-11.524,-38.841,-24.695,3,42
-1.0122,-0.4077,-0.0264,-14.878,-39.878,-27.561,3,42
-1.0039,-0.4014,-0.0410,-17.927,-41.585,-30.122,3,42
-0.9922,-0.3989,-0.0308,-21.341,-43.415,-32.012,3,42
-0.9985,-0.3867,-0.0161,-24.512,-44.817,-33.110,3,42
-1.0015,-0.3809,-0.0103,-27.134,-45.732,-33.720,3,42
0.4063,-1.3398,0.0229,54.146,107.561,87.195,1,90
0.4170,-1.3315,0.0205,56.646,106.585,84.329,1,90
0.4321,-1.3315,0.0234,59.268,105.732,81.280,1,90
0.4551,-1.3218,0.0278,61.646,104.756,78.537,1,90
0.4819,-1.3091,0.0259,65.122,103.415,74.390,1,90
0.4961,-1.3062,0.0269,67.927,102.805,71.098,1,90
0.5229,-1.3066,0.0264,69.756,102.134,68.537,1,90
0.5386,-1.3081,0.0205,71.890,101.280,65.610,1,90
-0.9941,-0.3740,-0.0225,-29.085,-46.585,-34.390,3,42
-0.9854,-0.3691,-0.0332,-30.305,-46.768,-33.841,3,42
-0.9751,-0.3633,-0.0381,-31.098,-47.012,-34.024,3,42
-0.9609,-0.3569,-0.0615,-31.524,-46.707,-34.573,3,42
-0.9521,-0.3496,-0.0664,-31.707,-46.524,-35.488,3,42
-0.9375,-0.3315,-0.0742,-31.707,-46.463,-36.402,3,42
-0.9214,-0.3257,-0.0752,-31.646,-46.524,-37.134,3,42
-0.9170,-0.3320,-0.0605,-31.280,-46.280,-37.622,3,42
0.3052,0.3896,-0.4150,-32.866,-7.012,75.122,2,90
0.3110,0.3804,-0.3940,-29.878,-5.183,73.841,2,90
0.3164,0.3760,-0.3843,-26.768,-3.720,72.500,2,90
0.3281,0.3682,-0.3789,-23.537,-2.134,70.915,2,90
0.3213,0.3564,-0.3682,-20.610,-0.793,69.573,2,90
0.3335,0.3516,-0.3687,-17.561,0.427,68.110,2,90
0.3452,0.3335,-0.3481,-15.122,1.402,66.280,2,90
0.3589,0.3184,-0.3491,-12.134,2.622,64.939,2,90
0.6543,-1.2900,-0.0186,82.317,89.756,42.744,1,90
0.6650,-1.2925,-0.0273,83.049,88.354,40.671,1,90
0.6689,-1.2876,-0.0166,83.049,87.073,38.415,1,90
0.6680,-1.2842,-0.0239,82.866,85.610,36.463,1,90
0.6694,-1.2827,-0.0278,82.927,84.573,34.512,1,90
0.6709,-1.2725,-0.0332,82.378,83.110,32.622,1,90
0.6792,-1.2671,-0.0342,81.829,81.890,30.366,1,90
0.6699,-1.2632,-0.0449,81.220,80.671,28.537,1,90
-0.9263,-0.3560,0.0342,-29.207,-45.732,-36.159,3,42
-0.9272,-0.3535,0.0259,-30.122,-46.037,-36.220,3,42
-0.9404,-0.3613,0.0195,-30.915,-46.280,-36.098,3,42
-0.9531,-0.3560,-0.0054,-31.585,-46.098,-36.220,3,42
-0.9531,-0.3682,-0.0093,-31.098,-45.122,-36.768,3,42
-0.9639,-0.3789,-0.0234,-30.244,-44.085,-36.829,3,42
-0.9609,-0.3911,-0.0249,-29.451,-43.354,-37.073,3,42
-0.9751,-0.4063,-0.0127,-29.024,-42.500,-36.829,3,42
0.6787,-1.2568,-0.0400,80.061,79.573,26.707,1,90
0.6748,-1.2549,-0.0469,78.963,78.476,24.756,1,90
0.6836,-1.2559,-0.0449,78.354,77.012,22.744,1,90
0.6890,-1.2417,-0.0435,76.951,75.854,20.854,1,90
0.6899,-1.2344,-0.0439,76.037,74.390,18.720,1,90
0.6938,-1.2256,-0.0522,74.878,72.927,16.463,1,90
0.6978,-1.2129,-0.0547,73.354,71.829,14.390,1,90
0.6973,-1.2095,-0.0566,72.073,70.061,12.378,1,90
-0.9648,-0.4209,-0.0034,-28.720,-41.707,-36.463,3,42
-0.9546,-0.4272,0.0063,-29.207,-41.646,-36.098,3,42
-0.9487,-0.4390,0.0273,-29.756,-41.159,-35.854,3,42
-0.9468,-0.4395,0.0288,-30.549,-41.280,-35.549,3,42
-0.9424,-0.4443,0.0454,-32.012,-41.098,-35.427,3,42
-0.9321,-0.4390,0.0635,-32.195,-41.098,-34.817,3,42
-0.9175,-0.4277,0.0586,-32.561,-40.488,-34.268,3,42
-0.9180,-0.4004,0.0620,-31.890,-40.366,-33.598,3,42
0.5518,0.1299,-0.3076,-7.500,13.049,24.634,2,90
0.5723,0.1309,-0.3066,-9.207,12.744,21.707,2,90
0.5801,0.1304,-0.2959,-11.159,13.049,19.024,2,90
0.5947,0.1416,-0.2847,-13.963,13.171,16.159,2,90
0.6006,0.1450,-0.2915,-16.646,12.683,13.598,2,90
0.6123,0.1465,-0.2852,-19.268,12.500,10.549,2,90
0.6260,0.1587,-0.2891,-21.890,12.073,8.110,2,90
0.6357,0.1738,-0.2939,-24.207,11.585,5.122,2,90
-0.9146,-0.3721,0.0513,-31.098,-39.634,-32.622,3,42
-0.9268,-0.3413,0.0122,-29.085,-37.988,-31.768,3,42
-0.9424,-0.3105,-0.0269,-26.037,-35.671,-31.159,3,42
-0.9526,-0.2910,-0.0483,-20.854,-32.195,-30.244,3,42
-0.9634,-0.2798,-0.0723,-15.244,-27.988,-28.902,3,42
-0.9780,-0.2793,-0.0874,-8.232,-23.293,-27.500,3,42
-0.9878,-0.2998,-0.0874,-1.707,-18.780,-26.341,3,42
-0.9932,-0.3228,-0.0835,4.512,-14.268,-25.122,3,42
0.7813,-1.1309,-0.0298,61.646,53.963,-7.805,1,90
0.7832,-1.1284,-0.0337,60.732,52.256,-9.634,1,90
0.7954,-1.1245,-0.0249,60.183,50.671,-11.585,1,90
0.7979,-1.1187,-0.0244,59.939,49.085,-13.049,1,90
0.8022,-1.1182,-0.0181,59.573,47.195,-14.939,1,90
0.7983,-1.1187,-0.0151,59.451,45.915,-16.585,1,90
0.8096,-1.1143,-0.0088,58.963,44.024,-18.293,1,90
0.8071,-1.1113,-0.0049,58.963,42.439,-19.695,1,90
-0.9805,-0.3579,-0.0879,10.000,-10.122,-24.329,3,42
-0.9678,-0.3867,-0.0771,16.159,-6.402,-23.232,3,42
-0.9424,-0.4307,-0.0732,19.634,-2.561,-22.073,3,42
-0.9189,-0.4917,-0.0923,22.988,0.427,-21.463,3,42
-0.8926,-0.5474,-0.1016,25.244,2.988,-20.549,3,42
-0.8652,-0.5962,-0.1328,27.561,5.793,-19.878,3,42
-0.8452,-0.6489,-0.1460,30.244,8.598,-19.207,3,42
-0.8105,-0.6904,-0.1523,33.963,11.341,-17.683,3,42
0.8066,-1.1113,-0.0122,58.659,40.305,-21.646,1,90
0.8071,-1.1133,-0.0117,59.085,38.720,-22.805,1,90
0.8066,-1.1221,-0.0068,58.963,36.524,-24.512,1,90
0.8022,-1.1196,-0.0029,59.268,35.000,-25.915,1,90
0.7900,-1.1240,-0.0024,59.695,33.354,-27.378,1,90
0.7852,-1.1289,-0.0020,59.939,31.280,-28.720,1,90
0.7871,-1.1318,-0.0078,59.939,29.390,-30.000,1,90
0.7813,-1.1318,-0.0054,60.305,27.866,-31.402,1,90
-0.7900,-0.7192,-0.1299,37.805,13.476,-15.244,3,42
-0.7754,-0.7314,-0.0991,40.122,14.878,-12.073,3,42
-0.7725,-0.7383,-0.0791,40.671,15.427,-8.963,3,42
-0.7690,-0.7471,-0.0679,39.390,15.061,-5.793,3,42
-0.7754,-0.7588,-0.0522,36.707,13.598,-2.927,3,42
-0.7725,-0.7808,-0.0288,33.598,11.951,-0.549,3,42
-0.7847,-0.7930,-0.0273,29.512,10.000,1.951,3,42
-0.7905,-0.8047,-0.0239,25.122,7.866,4.146,3,42
0.6660,0.3789,-0.3765,-55.915,-0.793,-29.878,2,90
0.6675,0.3892,-0.3848,-56.159,-1.585,-30.549,2,90
0.6812,0.3833,-0.3926,-56.341,-2.744,-31.280,2,90
0.6875,0.3955,-0.3950,-56.524,-3.780,-32.561,2,90
0.6909,0.4058,-0.4023,-56.646,-4.451,-33.598,2,90
0.6987,0.4092,-0.4009,-56.768,-5.732,-35.305,2,90
0.6958,0.4126,-0.3975,-56.585,-6.646,-36.280,2,90
0.7036,0.4199,-0.4082,-56.524,-7.744,-37.744,2,90
-1.5552,-1.3711,0.1484,293.902,70.915,59.695,4,42
-1.4536,-1.1094,0.0474,274.207,76.707,49.207,4,42
-1.2441,-0.8623,-0.2285,250.427,87.439,36.890,4,42
-1.2920,-0.7383,-0.3037,233.659,106.341,28.902,4,42
-1.3594,-0.6270,-0.2744,234.085,113.598,28.476,4,42
-1.3936,-0.5503,-0.2959,243.537,114.024,32.500,4,42
-1.4438,-0.4771,-0.3472,260.854,112.744,37.317,4,42
-1.4961,-0.3799,-0.3755,278.293,112.134,39.756,4,42
0.7041,0.4185,-0.4063,-56.159,-8.902,-39.268,2,90
0.7036,0.4248,-0.4131,-55.610,-9.939,-40.427,2,90
0.7046,0.4312,-0.4141,-55.000,-11.037,-41.951,2,90
0.6987,0.4360,-0.4155,-53.415,-12.195,-43.293,2,90
0.6943,0.4409,-0.4106,-51.890,-13.232,-44.390,2,90
0.7002,0.4570,-0.4189,-50.122,-14.146,-45.671,2,90
0.6914,0.4536,-0.4282,-47.683,-15.122,-46.890,2,90
0.6851,0.4697,-0.4282,-45.183,-16.037,-47.927,2,90
-1.6255,-0.3228,-0.3184,289.634,112.317,37.988,4,42
-1.6719,-0.2368,-0.2646,297.195,111.463,31.646,4,42
-1.7002,-0.1626,-0.2568,298.415,115.183,26.768,4,42
-1.6846,-0.0854,-0.2725,299.329,121.280,25.976,4,42
-1.6655,-0.0571,-0.3003,300.122,129.695,28.902,4,42
-1.6392,-0.0752,-0.3418,302.683,138.963,33.293,4,42
-1.5928,-0.1270,-0.3882,305.732,148.354,37.622,4,42
-1.5391,-0.2051,-0.4517,308.232,156.951,40.244,4,42
0.6748,0.4775,-0.4263,-42.195,-17.195,-48.963,2,90
0.6714,0.4912,-0.4307,-39.512,-17.927,-49.878,2,90
0.6587,0.4946,-0.4390,-36.220,-18.841,-50.549,2,90
0.6479,0.4937,-0.4375,-33.232,-19.939,-51.341,2,90
0.6489,0.5059,-0.4458,-30.000,-20.915,-52.500,2,90
0.6357,0.5068,-0.4429,-26.402,-22.561,-52.988,2,90
0.6313,0.5122,-0.4390,-22.561,-23.598,-53.780,2,90
0.6211,0.5132,-0.4478,-19.390,-25.000,-54.573,2,90
0.6245,-1.3057,0.0078,54.390,-20.427,-49.024,1,90
0.6133,-1.3140,-0.0024,54.512,-22.683,-50.000,1,90
0.6113,-1.3267,0.0005,54.451,-25.061,-50.732,1,90
0.5952,-1.3394,-0.0029,54.085,-27.378,-51.829,1,90
0.5791,-1.3457,-0.0083,53.902,-29.573,-52.439,1,90
0.5630,-1.3545,-0.0049,53.354,-32.073,-54.085,1,90
0.5474,-1.3618,-0.0044,52.683,-34.512,-54.756,1,90
0.5391,-1.3750,-0.0015,52.317,-36.768,-55.732,1,90
-1.0264,-0.3867,0.1411,27.134,38.171,21.220,3,42
-1.0303,-0.3945,0.1328,26.463,39.085,20.671,3,42
-1.0220,-0.3936,0.1221,26.463,40.732,19.573,3,42
-1.0137,-0.3975,0.0972,26.402,42.683,19.024,3,42
-0.9917,-0.3965,0.0879,27.622,45.671,18.354,3,42
-0.9844,-0.3921,0.0635,28.598,48.171,17.927,3,42
-0.9731,-0.3882,0.0552,30.549,51.037,18.232,3,42
-0.9692,-0.3921,0.0352,32.134,53.537,18.720,3,42
0.5283,-1.3760,-0.0083,51.585,-39.329,-57.012,1,90
0.5161,-1.3872,-0.0205,51.098,-41.707,-57.866,1,90
0.4995,-1.3960,-0.0190,50.549,-44.512,-59.085,1,90
0.4927,-1.4067,-0.0337,49.695,-46.829,-60.122,1,90
0.4722,-1.4053,-0.0288,49.207,-49.695,-61.524,1,90
0.4648,-1.4111,-0.0483,49.085,-52.134,-62.866,1,90
0.4546,-1.4058,-0.0483,48.598,-54.756,-64.207,1,90
0.4326,-1.4121,-0.0586,47.988,-57.622,-65.549,1,90
-0.9688,-0.3999,0.0234,34.939,56.707,19.207,3,42
-0.9624,-0.4131,0.0229,37.988,59.756,20.122,3,42
-0.9507,-0.4258,0.0176,41.463,62.866,21.037,3,42
-0.9419,-0.4487,0.0039,44.512,65.488,21.768,3,42
-0.9233,-0.4580,-0.0156,47.195,67.988,22.561,3,42
-0.9146,-0.4805,-0.0254,49.268,69.817,23.049,3,42
-0.9053,-0.4897,-0.0439,50.732,71.341,23.841,3,42
-0.8916,-0.5122,-0.0771,51.890,72.439,24.634,3,42
0.4194,-1.4077,-0.0747,47.988,-61.463,-67.988,1,90
0.4009,-1.4009,-0.0732,47.744,-64.390,-69.451,1,90
0.3833,-1.3926,-0.0884,47.744,-67.073,-70.976,1,90
0.3765,-1.3882,-0.0981,47.317,-69.695,-72.683,1,90
0.3647,-1.3804,-0.1157,46.951,-72.378,-74.390,1,90
0.3516,-1.3716,-0.1260,46.768,-74.939,-76.098,1,90
0.3379,-1.3662,-0.1279,46.768,-77.622,-77.683,1,90
0.3262,-1.3584,-0.1440,46.646,-79.939,-79.329,1,90
-0.8887,-0.5547,-0.0923,53.293,74.085,25.610,3,42
-0.8779,-0.5752,-0.1230,55.549,75.915,27.134,3,42
-0.8599,-0.5854,-0.1431,57.317,77.195,28.476,3,42
-0.8384,-0.6172,-0.1538,59.817,78.780,30.427,3,42
-0.8203,-0.6411,-0.1660,64.939,80.854,32.805,3,42
-0.7925,-0.6592,-0.1870,70.305,82.622,35.183,3,42
-0.7690,-0.6646,-0.2329,75.244,83.963,37.439,3,42
-0.7617,-0.6460,-0.2485,77.012,82.500,39.146,3,42
0.3091,-1.3467,-0.1528,46.646,-82.439,-81.220,1,90
0.2954,-1.3413,-0.1660,46.829,-85.000,-82.805,1,90
0.2822,-1.3311,-0.1797,46.646,-87.256,-84.817,1,90
0.2700,-1.3286,-0.1885,46.646,-89.817,-86.829,1,90
0.2627,-1.3140,-0.1968,46.220,-92.317,-89.146,1,90
0.2632,-1.3130,-0.2056,45.427,-94.024,-90.793,1,90
0.3379,-1.3662,-0.1279,46.768,-77.622,-77.683,1,90
0.2539,-1.3057,-0.2285,45.061,-97.561,-92.988,1,90
-0.7607,-0.6401,-0.2549,75.183,80.244,40.549,3,42
-0.7671,-0.6514,-0.2622,72.561,77.744,41.768,3,42
-0.7656,-0.6714,-0.2612,71.646,75.854,43.232,3,42
-0.7690,-0.6782,-0.2510,70.671,74.024,44.573,3,42
-0.7749,-0.6646,-0.2583,68.720,71.707,45.549,3,42
-0.7744,-0.6533,-0.2749,66.768,68.841,46.524,3,42
-0.7681,-0.6401,-0.2827,63.171,65.000,46.890,3,42
-0.7627,-0.6313,-0.2983,59.512,60.854,47.561,3,42
0.5176,0.2407,-0.3784,14.634,-41.463,-81.402,2,90
0.5156,0.2349,-0.3721,13.841,-41.159,-81.768,2,90
0.5156,0.2319,-0.3555,12.378,-40.610,-83.659,2,90
0.5112,0.2256,-0.3496,10.732,-39.878,-85.305,2,90
0.5063,0.2202,-0.3569,9.390,-39.024,-86.829,2,90
0.5068,0.2158,-0.3413,7.500,-38.354,-88.598,2,90
0.5000,0.2134,-0.3389,6.037,-37.500,-90.183,2,90
0.4912,0.2026,-0.3408,4.390,-36.768,-91.829,2,90
0.4961,0.1968,-0.3350,2.500,-35.793,-93.476,2,90
0.4907,0.1934,-0.3242,1.280,-35.305,-95.000,2,90
0.4878,0.1924,-0.3301,-0.061,-34.329,-96.951,2,90
0.4868,0.1865,-0.3149,-1.341,-33.415,-98.659,2,90
0.4844,0.1768,-0.3188,-2.683,-32.561,-100.610,2,90
0.4810,0.1714,-0.3169,-3.537,-31.098,-102.317,2,90
0.4741,0.1772,-0.3169,-4.756,-29.817,-103.963,2,90
0.4736,0.1748,-0.3145,-6.280,-28.659,-105.549,2,90
-0.8228,-0.5210,-0.2852,38.720,40.244,55.183,3,42
-0.8369,-0.4907,-0.2720,39.268,39.634,55.488,3,42
-0.8613,-0.4653,-0.2490,39.817,39.390,55.976,3,42
-0.8804,-0.4341,-0.2305,41.220,39.634,56.463,3,42
-0.8887,-0.4009,-0.2119,42.744,40.000,57.073,3,42
-0.9014,-0.3696,-0.2017,45.427,40.549,57.439,3,42
-0.9204,-0.3340,-0.1880,47.744,41.159,57.866,3,42
-0.9355,-0.3086,-0.1812,49.939,42.134,57.744,3,42
0.0742,-1.2217,-0.3818,45.427,-122.927,-110.915,1,90
0.0649,-1.2168,-0.3848,44.390,-123.415,-111.220,1,90
0.0522,-1.2031,-0.3916,43.720,-124.024,-111.524,1,90
0.0439,-1.2061,-0.3999,42.500,-124.390,-111.829,1,90
0.0283,-1.2041,-0.3940,41.463,-124.817,-111.890,1,90
0.0190,-1.1973,-0.3970,40.305,-125.671,-111.768,1,90
0.0122,-1.1987,-0.3989,38.780,-126.220,-111.890,1,90
0.0020,-1.1987,-0.4048,37.561,-126.707,-111.890,1,90
-0.9478,-0.3086,-0.1563,51.768,42.927,57.622,3,42
-0.9556,-0.3301,-0.1328,53.232,43.841,56.768,3,42
-0.9512,-0.3418,-0.1226,54.939,44.695,55.793,3,42
-0.9546,-0.3438,-0.1265,57.195,46.159,55.061,3,42
-0.9404,-0.3330,-0.1235,60.366,47.134,54.695,3,42
-0.9341,-0.3027,-0.1094,63.293,47.012,54.451,3,42
-0.9282,-0.2715,-0.0981,64.634,45.854,54.390,3,42
-0.9297,-0.2466,-0.0840,63.476,43.659,54.207,3,42
-0.0190,-1.1948,-0.4165,35.793,-127.195,-111.890,1,90
-0.0171,-1.1953,-0.4126,34.268,-127.683,-111.707,1,90
-0.0332,-1.1880,-0.4209,32.500,-128.171,-112.195,1,90
-0.0371,-1.1919,-0.4307,30.488,-128.598,-111.951,1,90
-0.0474,-1.1797,-0.4346,28.720,-128.902,-112.012,1,90
-0.0581,-1.1885,-0.4492,26.341,-128.841,-112.012,1,90
-0.0688,-1.1865,-0.4492,24.207,-128.902,-112.439,1,90
-0.0703,-1.1831,-0.4575,21.951,-129.024,-112.195,1,90
-0.9536,-0.2310,-0.0869,59.329,40.671,52.805,3,42
-0.9565,-0.2310,-0.0986,57.439,39.634,52.378,3,42
-0.9756,-0.2432,-0.1064,55.427,38.659,51.341,3,42
-0.9849,-0.2505,-0.1152,54.024,37.561,50.366,3,42
-0.9849,-0.2598,-0.1162,53.720,37.927,49.512,3,42
-0.9780,-0.2544,-0.0991,54.146,37.317,48.841,3,42
-0.9766,-0.2539,-0.0977,53.354,36.890,47.988,3,42
-0.9658,-0.2563,-0.0972,52.988,35.915,47.378,3,42
0.4697,0.1973,-0.2153,-47.439,-4.085,-135.122,2,90
0.4697,0.2085,-0.2095,-50.488,-2.500,-136.463,2,90
0.4702,0.2212,-0.2031,-53.902,-1.098,-137.256,2,90
0.4678,0.2266,-0.2085,-57.561,0.427,-138.171,2,90
0.4629,0.2324,-0.2041,-60.671,1.951,-139.329,2,90
0.4609,0.2437,-0.2036,-63.598,3.780,-140.427,2,90
0.4658,0.2607,-0.1943,-66.463,5.305,-141.402,2,90
0.4624,0.2759,-0.1992,-68.476,6.829,-141.951,2,90
-0.1318,-1.1621,-0.5244,2.927,-125.061,-112.073,1,90
-0.1392,-1.1543,-0.5298,1.646,-124.146,-112.317,1,90
-0.1528,-1.1455,-0.5332,-0.366,-123.232,-112.134,1,90
-0.1543,-1.1372,-0.5415,-2.439,-122.195,-111.951,1,90
-0.1572,-1.1338,-0.5474,-4.207,-121.463,-111.951,1,90
-0.1587,-1.1279,-0.5601,-5.732,-120.549,-111.829,1,90
-0.1484,-1.1289,-0.5742,-6.768,-119.390,-111.707,1,90
-0.1475,-1.1245,-0.5986,-7.866,-118.232,-111.829,1,90
-0.9570,-0.2852,-0.1230,49.451,31.646,43.537,3,42
-0.9575,-0.2866,-0.1279,49.268,31.037,43.232,3,42
-0.9551,-0.2974,-0.1250,49.329,30.671,42.988,3,42
-0.9585,-0.2969,-0.1392,48.841,30.244,42.500,3,42
-0.9541,-0.3076,-0.1396,48.293,29.817,42.256,3,42
-0.9541,-0.3047,-0.1294,48.049,29.207,41.768,3,42
-0.9482,-0.3149,-0.1172,46.524,28.476,41.585,3,42
-0.9507,-0.3232,-0.1162,46.220,27.866,41.524,3,42
0.4702,0.4453,-0.2734,-80.427,22.378,-144.939,2,90
0.4766,0.4673,-0.2666,-81.037,24.756,-144.634,2,90
0.4717,0.4868,-0.2729,-81.768,26.585,-144.817,2,90
0.4819,0.5034,-0.2700,-82.500,28.780,-144.024,2,90
0.4868,0.5186,-0.2637,-82.439,30.549,-143.476,2,90
0.4858,0.5391,-0.2769,-82.378,32.500,-143.171,2,90
0.5049,0.5498,-0.2729,-81.951,34.329,-142.866,2,90
0.5161,0.5776,-0.2607,-81.646,35.976,-142.195,2,90
-1.0376,-0.4844,5.6030,-31.463,-67.988,-186.829,4,42
-0.7998,0.1040,4.3999,-57.683,-110.183,-149.146,4,42
-1.1919,0.2080,3.1191,-107.439,-47.134,-83.110,4,42
-1.4966,-0.2051,2.5737,-103.598,28.963,-30.000,4,42
-1.1904,-0.4604,2.8662,-42.805,39.695,-0.976,4,42
-0.4360,-0.3438,3.2744,4.268,2.988,9.695,4,42
0.1978,-0.1489,3.4233,19.268,-34.939,10.427,4,42
0.3047,-0.1597,3.3677,30.183,-57.195,10.305,4,42
0.5298,0.5991,-0.2637,-81.463,37.988,-141.829,2,90
0.5459,0.6245,-0.2681,-81.951,39.939,-141.524,2,90
0.5527,0.6567,-0.2607,-82.988,41.707,-140.793,2,90
0.5791,0.6719,-0.2661,-83.902,43.415,-139.878,2,90
0.5845,0.6963,-0.2510,-85.488,45.427,-138.841,2,90
0.6025,0.7192,-0.2495,-87.012,47.012,-137.134,2,90
0.6099,0.7358,-0.2402,-88.659,48.902,-135.366,2,90
0.6304,0.7520,-0.2368,-89.878,50.854,-132.927,2,90
-0.1655,-1.0171,-0.6602,-4.573,-87.866,-106.951,1,90
-0.1689,-1.0156,-0.6563,-3.049,-86.829,-106.159,1,90
-0.1621,-1.0073,-0.6558,-1.463,-85.549,-104.878,1,90
-0.1641,-0.9995,-0.6641,0.671,-84.512,-104.329,1,90
-0.1587,-0.9985,-0.6543,2.500,-82.805,-102.927,1,90
-0.1616,-0.9893,-0.6777,4.878,-82.134,-102.195,1,90
-0.1538,-0.9941,-0.6797,7.012,-80.793,-100.976,1,90
-0.1582,-0.9985,-0.6880,10.061,-79.146,-100.061,1,90
-0.8809,-0.3022,-0.1670,54.268,22.073,42.195,3,42
-0.8765,-0.3120,-0.1631,52.744,20.549,41.951,3,42
-0.8838,-0.3027,-0.1621,49.695,18.354,41.220,3,42
-0.8789,-0.2891,-0.1572,43.841,14.085,39.939,3,42
-0.8779,-0.3027,-0.1499,37.622,9.451,39.512,3,42
-0.9033,-0.3066,-0.1328,31.768,6.220,38.598,3,42
-0.9214,-0.3086,-0.1177,26.098,3.780,37.927,3,42
-0.9351,-0.3252,-0.0962,20.427,0.427,37.439,3,42
0.8120,0.9229,-0.1909,-83.354,65.732,-113.963,2,90
0.8345,0.9321,-0.1865,-83.415,66.768,-111.890,2,90
0.8687,0.9575,-0.1802,-83.841,67.622,-109.390,2,90
0.8921,0.9648,-0.1719,-83.780,67.988,-107.012,2,90
0.9111,0.9824,-0.1743,-83.963,68.537,-104.207,2,90
0.9453,0.9878,-0.1733,-84.817,67.927,-101.280,2,90
0.9663,1.0000,-0.1763,-85.183,68.171,-98.171,2,90
0.9907,1.0078,-0.1841,-85.915,67.317,-94.695,2,90
-1.9370,0.1533,1.2002,-15.793,-144.329,-39.634,4,42
-2.0054,0.2773,0.8682,-13.415,-139.451,-43.110,4,42
-2.0825,0.4351,0.5439,-2.134,-135.610,-46.768,4,42
-2.1484,0.6982,0.2793,13.293,-133.110,-48.598,4,42
-2.2256,1.0273,0.0845,29.024,-130.488,-47.012,4,42
-2.2891,1.3711,-0.0430,42.378,-128.537,-40.671,4,42
-2.3315,1.6919,-0.1343,52.805,-127.683,-31.707,4,42
-2.3506,1.9331,-0.1914,61.829,-128.293,-22.805,4,42
1.0186,1.0142,-0.1943,-86.524,67.073,-91.402,2,90
1.0376,1.0176,-0.2026,-87.256,66.646,-87.988,2,90
1.0684,1.0225,-0.2085,-88.659,66.159,-84.634,2,90
1.0947,1.0313,-0.2207,-89.268,66.037,-80.915,2,90
1.1167,1.0342,-0.2373,-90.183,66.220,-77.439,2,90
1.1299,1.0439,-0.2520,-91.098,66.402,-73.354,2,90
1.1514,1.0464,-0.2515,-91.890,66.585,-69.146,2,90
1.1631,1.0557,-0.2749,-92.256,67.073,-64.878,2,90
-2.2686,2.0605,-0.2383,72.256,-131.220,-11.402,4,42
-2.1880,2.0801,-0.2305,79.817,-133.415,-7.195,4,42
-2.0942,2.0376,-0.2129,83.720,-134.329,-6.159,4,42
-1.8691,1.9185,-0.1577,91.524,-136.951,-3.537,4,42
-1.6333,1.7466,-0.0298,99.268,-141.463,0.061,4,42
-1.4214,1.5356,0.1421,106.159,-147.012,4.085,4,42
-1.2734,1.3076,0.3125,111.159,-151.951,8.293,4,42
-1.1396,0.8984,0.4351,115.122,-153.049,12.988,4,42
-0.9585,-0.1621,-0.1719,34.512,-4.512,18.354,3,42
-0.9663,-0.1553,-0.1670,33.780,-5.122,17.317,3,42
-0.9629,-0.1738,-0.1567,32.256,-6.768,15.671,3,42
-0.9644,-0.1924,-0.1548,30.244,-8.110,13.720,3,42
-0.9697,-0.1938,-0.1465,29.085,-9.634,12.012,3,42
-0.9751,-0.1978,-0.1465,26.768,-12.134,9.512,3,42
-0.9761,-0.1885,-0.1401,24.573,-13.598,8.110,3,42
-0.9854,-0.1958,-0.1367,23.659,-14.573,6.402,3,42
1.2886,1.2188,-0.3154,-88.171,72.012,-29.939,2,90
1.3037,1.2271,-0.3135,-86.463,71.159,-25.305,2,90
1.3188,1.2466,-0.3218,-85.122,69.878,-20.610,2,90
1.3281,1.2617,-0.3237,-82.866,68.415,-16.037,2,90
1.3374,1.2593,-0.3350,-80.915,66.890,-11.037,2,90
1.3389,1.2578,-0.3389,-78.963,65.183,-6.220,2,90
1.3521,1.2607,-0.3535,-75.366,63.049,-0.854,2,90
1.3560,1.2563,-0.3652,-71.890,61.098,3.963,2,90
-0.1538,-0.9492,-0.8242,33.476,-39.451,-57.012,1,90
-0.1475,-0.9438,-0.8247,32.439,-38.841,-55.366,1,90
-0.1436,-0.9404,-0.8311,31.585,-37.866,-53.841,1,90
-0.1357,-0.9355,-0.8232,30.183,-37.073,-52.439,1,90
-0.1396,-0.9302,-0.8408,29.451,-36.037,-50.671,1,90
-0.1323,-0.9258,-0.8379,28.171,-35.427,-49.024,1,90
-0.1318,-0.9160,-0.8413,27.012,-34.573,-47.073,1,90
-0.1216,-0.9126,-0.8428,26.159,-33.720,-45.549,1,90
-0.9863,-0.1665,-0.1416,24.939,-16.951,-5.610,3,42
-0.9946,-0.1714,-0.1548,25.976,-17.134,-6.829,3,42
-0.9956,-0.1792,-0.1689,27.866,-17.134,-8.476,3,42
-0.9932,-0.1797,-0.1831,29.512,-16.951,-9.939,3,42
-0.9951,-0.1860,-0.1987,31.402,-16.585,-11.646,3,42
-0.9854,-0.1870,-0.2217,33.537,-16.524,-13.720,3,42
-0.9648,-0.1841,-0.2368,35.366,-16.463,-15.488,3,42
-0.9497,-0.1777,-0.2466,36.890,-16.768,-17.500,3,42
1.3735,1.1772,-0.3760,-47.439,43.232,39.878,2,90
1.3779,1.1660,-0.3628,-45.488,40.915,43.171,2,90
1.3604,1.1563,-0.3521,-43.110,39.024,46.280,2,90
1.3574,1.1392,-0.3638,-41.159,36.280,49.207,2,90
1.3481,1.1182,-0.3486,-39.329,33.780,51.951,2,90
1.3359,1.1069,-0.3433,-37.439,31.280,54.695,2,90
1.3262,1.0913,-0.3364,-35.854,28.415,56.585,2,90
1.3193,1.0737,-0.3267,-34.512,26.037,58.902,2,90
-0.0928,-0.8662,-0.8633,15.671,-20.366,-26.768,1,90
-0.0938,-0.8545,-0.8652,15.000,-18.232,-24.878,1,90
-0.0840,-0.8599,-0.8506,14.024,-16.402,-22.805,1,90
-0.0815,-0.8530,-0.8535,13.354,-14.390,-20.854,1,90
-0.0781,-0.8506,-0.8525,12.744,-11.951,-19.024,1,90
-0.0728,-0.8438,-0.8535,11.890,-10.000,-17.012,1,90
-0.0581,-0.8403,-0.8506,11.037,-7.744,-15.427,1,90
-0.0518,-0.8418,-0.8428,10.427,-5.854,-13.659,1,90
-0.9463,-0.2656,-0.1216,33.963,-21.341,-28.963,3,42
-0.9443,-0.2710,-0.1182,31.646,-22.500,-30.549,3,42
-0.9570,-0.2690,-0.1187,28.841,-23.537,-31.646,3,42
-0.9443,-0.2847,-0.1162,26.829,-24.573,-33.049,3,42
-0.9346,-0.2974,-0.1230,25.305,-25.610,-34.024,3,42
-0.9360,-0.3208,-0.1250,24.756,-26.220,-35.061,3,42
-0.9253,-0.3237,-0.1128,23.963,-25.793,-35.244,3,42
-0.9287,-0.3228,-0.0889,23.110,-25.244,-35.976,3,42
-0.0454,-0.8418,-0.8447,9.268,-3.232,-11.890,1,90
-0.0459,-0.8408,-0.8306,8.537,-0.915,-10.183,1,90
-0.0303,-0.8403,-0.8354,7.988,1.280,-8.476,1,90
-0.0176,-0.8369,-0.8198,6.829,3.171,-7.134,1,90
-0.0117,-0.8359,-0.8154,6.037,5.366,-5.488,1,90
0.0010,-0.8301,-0.8110,5.305,7.256,-3.598,1,90
-0.0044,-0.8271,-0.8013,4.268,9.451,-2.500,1,90
0.0146,-0.8164,-0.7915,3.354,11.220,-1.159,1,90
-0.9849,-0.6650,0.2822,-50.610,56.037,47.805,4,42
-0.9712,-0.7080,0.2505,-64.878,52.256,48.841,4,42
-0.9614,-0.7129,0.2339,-80.061,48.902,49.329,4,42
-0.9482,-0.6899,0.2178,-97.378,46.037,48.537,4,42
-0.9404,-0.6382,0.2007,-115.610,43.720,47.744,4,42
-0.9360,-0.5786,0.1782,-132.256,42.500,47.012,4,42
-0.9136,-0.5146,0.1484,-145.122,41.524,46.463,4,42
-0.8945,-0.4590,0.1143,-153.049,41.768,46.037,4,42
1.1436,0.8213,-0.2656,-22.805,-19.329,69.268,2,90
1.1372,0.8125,-0.2676,-20.793,-21.890,68.537,2,90
1.1221,0.7974,-0.2856,-18.720,-24.634,67.500,2,90
1.1006,0.7803,-0.2749,-16.951,-27.195,66.402,2,90
1.0806,0.7690,-0.2769,-14.512,-29.817,64.939,2,90
1.0615,0.7505,-0.2871,-12.195,-32.378,63.537,2,90
1.0396,0.7378,-0.2793,-9.207,-34.817,61.951,2,90
1.0137,0.7275,-0.2759,-6.585,-37.134,60.183,2,90
-0.8594,-0.3999,0.1006,-155.732,42.256,46.280,4,42
-0.8384,-0.3501,0.0874,-153.963,43.720,47.073,4,42
-0.8154,-0.2949,0.0742,-147.561,45.183,47.744,4,42
-0.7983,-0.2520,0.0703,-138.780,47.439,48.476,4,42
-0.7930,-0.2109,0.0820,-128.476,49.207,49.817,4,42
-0.7993,-0.1748,0.0894,-117.317,51.707,50.976,4,42
-0.8154,-0.1499,0.0933,-106.220,54.329,52.256,4,42
-0.8418,-0.1406,0.1152,-95.671,56.768,53.293,4,42
0.9844,0.7153,-0.2749,-3.720,-39.329,58.232,2,90
0.9556,0.7056,-0.2827,-0.427,-41.402,56.159,2,90
0.9336,0.6924,-0.2842,2.927,-43.841,54.512,2,90
0.9023,0.6855,-0.2798,5.915,-45.976,52.378,2,90
0.8745,0.6729,-0.2813,9.268,-47.988,50.488,2,90
0.8491,0.6660,-0.2715,12.195,-49.634,48.537,2,90
0.8237,0.6514,-0.2710,15.488,-51.768,46.951,2,90
0.7920,0.6416,-0.2690,18.598,-53.415,45.000,2,90
