ax,ay,az,gx,gy,gz,slot,label
0.4941,0.8364,-0.6123,42.134,-5.915,36.098,1,21
0.4946,0.8306,-0.6021,43.841,-6.098,36.220,1,21
0.4849,0.8198,-0.5952,46.341,-5.915,35.610,1,21
0.4839,0.8125,-0.5815,49.329,-5.427,35.610,1,21
0.4824,0.8032,-0.5635,51.585,-5.366,35.488,1,21
0.4751,0.7881,-0.5571,54.024,-4.878,35.488,1,21
0.4692,0.7856,-0.5410,56.707,-4.268,35.427,1,21
0.4702,0.7700,-0.5210,59.878,-3.354,35.793,1,21
0.4556,0.7139,-0.4531,65.732,2.866,36.280,1,21
0.4570,0.7129,-0.4551,64.512,3.598,36.098,1,21
0.4546,0.7080,-0.4565,63.598,3.902,35.976,1,21
0.4541,0.7188,-0.4580,62.012,4.573,35.732,1,21
0.4565,0.7236,-0.4590,60.915,4.878,35.732,1,21
0.4536,0.7368,-0.4619,60.244,5.549,35.488,1,21
0.4521,0.7422,-0.4561,58.963,6.280,35.366,1,21
0.4541,0.7490,-0.4624,58.659,6.951,35.000,1,21
0.3198,0.9526,-0.1504,89.207,32.683,67.988,1,21
0.3149,0.9565,-0.1587,87.134,34.329,69.024,1,21
0.3115,0.9600,-0.1572,85.305,35.244,69.939,1,21
0.3120,0.9517,-0.1567,83.476,36.829,70.671,1,21
0.3062,0.9531,-0.1606,81.524,38.354,71.646,1,21
0.3052,0.9531,-0.1646,79.817,39.390,72.317,1,21
0.3047,0.9487,-0.1719,77.805,40.549,73.293,1,21
0.2925,0.9512,-0.1738,75.671,41.890,73.780,1,21
0.5249,-1.1211,-0.0205,76.951,40.915,-54.695,2,21
0.5283,-1.1250,-0.0190,74.085,40.549,-56.037,2,21
0.5137,-1.1245,-0.0078,70.793,40.366,-57.073,2,21
0.5132,-1.1245,-0.0039,67.500,40.183,-58.171,2,21
0.5107,-1.1289,-0.0054,63.902,40.122,-59.573,2,21
0.4956,-1.1265,0.0034,60.000,39.939,-60.427,2,21
0.4932,-1.1240,0.0034,56.402,39.817,-61.768,2,21
0.4883,-1.1182,0.0073,52.500,39.634,-62.805,2,21
0.4834,-1.1128,0.0098,48.415,38.963,-64.024,2,21
0.4712,-1.0996,0.0127,44.207,38.232,-65.366,2,21
0.4702,-1.0835,0.0161,40.488,37.439,-66.463,2,21
0.4678,-1.0703,0.0161,36.646,37.012,-67.744,2,21
0.4585,-1.0615,0.0205,32.744,36.402,-68.598,2,21
0.4619,-1.0488,0.0249,28.963,35.915,-69.329,2,21
0.4639,-1.0400,0.0171,25.305,35.488,-70.122,2,21
0.4541,-1.0244,0.0278,21.768,34.756,-70.976,2,21
0.2700,0.8481,-0.2002,56.829,52.195,84.207,1,21
0.2749,0.8218,-0.2007,54.512,53.110,85.427,1,21
0.2695,0.8022,-0.1968,52.012,54.329,86.646,1,21
0.2646,0.7813,-0.2046,49.390,55.000,87.500,1,21
0.2651,0.7446,-0.2095,46.280,55.976,88.780,1,21
0.2676,0.7227,-0.2075,43.841,56.524,89.756,1,21
0.2681,0.6929,-0.2114,39.817,57.439,90.427,1,21
0.2627,0.6655,-0.2168,36.341,58.171,91.159,1,21
0.2734,0.4258,-0.2246,-5.549,62.317,92.927,1,21
0.2773,0.4063,-0.2305,-10.793,62.561,92.561,1,21
0.2793,0.3838,-0.2310,-15.610,62.744,92.256,1,21
0.2759,0.3628,-0.2407,-20.549,62.622,91.585,1,21
0.2856,0.3457,-0.2314,-25.305,62.439,91.220,1,21
0.2861,0.3315,-0.2334,-30.488,61.829,90.305,1,21
0.2905,0.3076,-0.2295,-34.695,61.524,89.390,1,21
0.3018,0.2871,-0.2397,-38.963,61.159,88.354,1,21
0.4448,-0.7939,0.0796,-18.963,20.000,-74.695,2,21
0.4453,-0.7915,0.0874,-19.634,18.598,-74.329,2,21
0.4409,-0.7793,0.0879,-20.915,17.317,-74.146,2,21
0.4360,-0.7588,0.0771,-21.402,15.732,-73.476,2,21
0.4341,-0.7549,0.0713,-22.561,14.268,-72.927,2,21
0.4365,-0.7334,0.0649,-23.049,12.683,-72.500,2,21
0.4375,-0.7295,0.0654,-23.659,11.159,-71.829,2,21
0.4419,-0.7178,0.0576,-23.659,9.695,-71.098,2,21
0.3022,0.2788,-0.2373,-43.598,60.488,87.256,1,21
0.3057,0.2632,-0.2310,-47.622,59.817,85.976,1,21
0.3066,0.2549,-0.2319,-51.646,58.963,84.512,1,21
0.3184,0.2534,-0.2246,-55.549,57.683,83.537,1,21
0.3208,0.2354,-0.2305,-59.207,56.585,82.195,1,21
0.3281,0.2192,-0.2319,-62.866,55.244,80.915,1,21
0.3291,0.2124,-0.2295,-65.976,53.963,79.390,1,21
0.3359,0.2026,-0.2358,-68.963,52.134,77.866,1,21
0.4292,-0.7085,0.0615,-23.963,8.415,-70.305,2,21
0.4375,-0.6963,0.0601,-23.780,6.524,-69.634,2,21
0.4331,-0.6904,0.0488,-23.841,5.305,-68.963,2,21
0.4292,-0.6807,0.0474,-23.841,3.902,-68.171,2,21
0.4316,-0.6670,0.0317,-23.659,2.378,-67.073,2,21
0.4341,-0.6577,0.0288,-22.927,1.341,-65.915,2,21
0.4302,-0.6499,0.0249,-22.256,0.122,-64.878,2,21
0.4336,-0.6426,0.0205,-21.524,-1.220,-63.902,2,21
0.3379,0.1968,-0.2446,-71.037,50.610,76.463,1,21
0.3433,0.1914,-0.2559,-73.537,48.841,74.939,1,21
0.3457,0.1841,-0.2681,-75.000,46.951,73.293,1,21
0.3574,0.1816,-0.2715,-76.280,45.122,71.585,1,21
0.3521,0.1768,-0.2871,-77.195,43.110,69.756,1,21
0.3667,0.1694,-0.2979,-78.171,41.159,68.354,1,21
0.3691,0.1694,-0.3022,-78.354,39.146,66.463,1,21
0.3745,0.1582,-0.3193,-78.780,37.012,64.573,1,21
0.4077,0.2690,-0.6250,-82.256,2.500,11.646,1,21
0.4038,0.3047,-0.6514,-82.134,1.463,7.012,1,21
0.4077,0.3530,-0.6729,-81.280,0.671,3.049,1,21
0.4131,0.3975,-0.7002,-79.756,-0.549,-1.220,1,21
0.4033,0.4570,-0.7153,-79.024,-1.220,-5.610,1,21
0.4082,0.5132,-0.7354,-77.256,-1.829,-9.512,1,21
0.4004,0.5732,-0.7490,-75.427,-1.585,-13.171,1,21
0.3984,0.6309,-0.7529,-72.988,-1.159,-16.951,1,21
0.5151,-0.6128,-0.2104,4.085,-24.695,-31.829,2,21
0.5137,-0.6108,-0.2178,4.756,-24.878,-31.037,2,21
0.5205,-0.6167,-0.2285,6.098,-25.244,-29.329,2,21
0.5195,-0.6187,-0.2358,7.500,-25.427,-27.866,2,21
0.5293,-0.6226,-0.2290,8.963,-25.244,-26.646,2,21
0.5273,-0.6187,-0.2388,10.610,-25.549,-25.366,2,21
0.5288,-0.6235,-0.2490,11.402,-25.915,-23.780,2,21
0.5371,-0.6255,-0.2480,12.683,-25.915,-22.683,2,21
0.3994,0.6934,-0.7642,-69.695,-1.037,-20.305,1,21
0.3921,0.7563,-0.7715,-65.793,-0.244,-23.415,1,21
0.3887,0.8130,-0.7793,-61.037,0.488,-26.585,1,21
0.3853,0.8672,-0.7896,-55.732,1.280,-29.512,1,21
0.3833,0.9116,-0.7993,-49.695,1.707,-32.134,1,21
0.3848,0.9570,-0.7993,-42.500,2.195,-34.329,1,21
0.3857,0.9976,-0.8105,-34.756,2.805,-36.524,1,21
0.3896,1.0220,-0.7983,-26.768,3.415,-38.476,1,21
0.3936,1.0532,-0.7993,-17.622,4.024,-39.878,1,21
0.3916,1.0684,-0.7832,-8.293,5.000,-41.341,1,21
0.3931,1.0811,-0.7803,1.646,5.427,-42.012,1,21
0.3975,1.0918,-0.7729,11.707,5.854,-43.293,1,21
0.4033,1.0986,-0.7686,22.195,6.341,-44.268,1,21
0.4121,1.1040,-0.7480,32.073,6.829,-44.878,1,21
0.4102,1.1030,-0.7476,42.683,7.073,-45.610,1,21
0.4102,1.0918,-0.7295,53.110,7.256,-46.098,1,21
0.5791,-0.6812,-0.3213,14.817,-23.720,-10.305,2,21
0.5942,-0.6934,-0.3306,14.512,-23.598,-8.598,2,21
0.5889,-0.7007,-0.3423,13.841,-23.171,-7.805,2,21
0.5938,-0.7070,-0.3555,13.598,-22.927,-6.402,2,21
0.6030,-0.7148,-0.3652,13.110,-22.195,-5.305,2,21
0.5972,-0.7192,-0.3789,12.561,-21.402,-4.573,2,21
0.6060,-0.7246,-0.3823,12.195,-20.793,-3.354,2,21
0.5981,-0.7285,-0.3960,11.463,-20.061,-2.378,2,21
0.4102,1.0811,-0.7207,63.780,7.134,-46.220,1,21
0.4131,1.0674,-0.6992,74.695,6.768,-46.463,1,21
0.4116,1.0635,-0.6909,85.610,6.220,-46.707,1,21
0.4111,1.0591,-0.6680,96.098,5.915,-46.524,1,21
0.4126,1.0474,-0.6606,105.793,5.244,-46.463,1,21
0.4126,1.0327,-0.6372,115.183,4.207,-46.037,1,21
0.4092,1.0332,-0.6279,123.902,3.780,-45.305,1,21
0.4160,1.0283,-0.6289,132.744,2.622,-44.024,1,21
0.4175,1.0308,-0.6221,140.244,2.073,-42.622,1,21
0.4224,1.0317,-0.6182,147.256,0.915,-40.610,1,21
0.4199,1.0249,-0.6089,153.415,-0.061,-38.598,1,21
0.4277,1.0210,-0.5991,158.659,-0.732,-35.610,1,21
0.4258,1.0098,-0.5957,162.927,-1.707,-32.744,1,21
0.4263,0.9946,-0.5942,166.280,-2.622,-29.451,1,21
0.4307,0.9717,-0.5918,168.720,-3.780,-25.610,1,21
0.4404,0.9502,-0.5972,169.939,-5.305,-21.890,1,21
0.6597,-0.7607,-0.4365,0.488,0.671,9.939,2,21
0.6626,-0.7573,-0.4321,0.976,1.037,9.695,2,21
0.6631,-0.7554,-0.4331,1.768,1.585,9.878,2,21
0.6685,-0.7617,-0.4336,2.195,1.402,10.061,2,21
0.6694,-0.7612,-0.4390,2.622,1.768,10.244,2,21
0.6689,-0.7588,-0.4360,3.598,1.829,10.000,2,21
0.6729,-0.7637,-0.4395,3.780,2.012,10.305,2,21
0.6704,-0.7661,-0.4385,4.146,2.378,10.488,2,21
0.6714,-0.7642,-0.4380,4.268,2.561,9.878,2,21
0.6724,-0.7646,-0.4458,3.963,2.683,10.122,2,21
0.6738,-0.7676,-0.4419,3.354,2.927,9.939,2,21
0.6753,-0.7681,-0.4380,3.171,3.171,9.573,2,21
0.6729,-0.7695,-0.4365,2.622,3.232,9.390,2,21
0.6714,-0.7710,-0.4351,1.707,3.476,8.841,2,21
0.6675,-0.7637,-0.4272,0.488,3.598,8.659,2,21
0.6709,-0.7676,-0.4360,-1.098,3.537,8.537,2,21
0.5361,0.5493,-0.5830,-26.463,-7.561,12.256,1,21
0.5342,0.5449,-0.5796,-27.927,-9.085,12.134,1,21
0.5425,0.5366,-0.5762,-28.780,-11.280,12.012,1,21
0.5488,0.5352,-0.5674,-29.207,-13.232,11.829,1,21
0.5479,0.5322,-0.5562,-29.451,-14.878,11.585,1,21
0.5522,0.5259,-0.5479,-29.207,-16.768,11.341,1,21
0.5513,0.5156,-0.5435,-28.476,-18.902,10.915,1,21
0.5488,0.5161,-0.5483,-27.134,-20.610,10.549,1,21
0.6665,-0.7646,-0.4326,-2.561,3.049,8.476,2,21
0.6655,-0.7554,-0.4316,-4.817,3.415,7.866,2,21
0.6631,-0.7603,-0.4219,-6.220,3.598,7.683,2,21
0.6650,-0.7568,-0.4307,-8.110,3.476,7.439,2,21
0.6587,-0.7573,-0.4336,-10.610,3.598,7.012,2,21
0.6646,-0.7568,-0.4365,-12.744,3.963,6.951,2,21
0.6567,-0.7544,-0.4331,-14.634,4.146,6.463,2,21
0.6685,-0.7529,-0.4272,-16.341,4.817,6.280,2,21
0.5513,0.5103,-0.5386,-25.610,-22.073,10.488,1,21
0.5439,0.5112,-0.5288,-24.146,-24.085,9.695,1,21
0.5405,0.5112,-0.5210,-21.768,-25.366,8.963,1,21
0.5396,0.4985,-0.5068,-19.329,-26.951,8.476,1,21
0.5342,0.5000,-0.5063,-16.829,-28.171,7.744,1,21
0.5313,0.4810,-0.5005,-14.207,-29.329,7.195,1,21
0.5313,0.4819,-0.4961,-11.524,-30.366,6.280,1,21
0.5220,0.4766,-0.4932,-8.293,-31.402,6.159,1,21
0.6606,-0.7607,-0.4316,-18.293,4.878,5.976,2,21
0.6572,-0.7505,-0.4360,-20.366,5.183,5.427,2,21
0.6538,-0.7505,-0.4282,-22.256,5.061,4.878,2,21
0.6577,-0.7495,-0.4302,-23.963,5.122,4.268,2,21
0.6533,-0.7402,-0.4312,-25.915,5.244,3.841,2,21
0.6519,-0.7402,-0.4355,-27.439,5.244,2.927,2,21
0.6421,-0.7246,-0.4370,-29.146,5.427,2.134,2,21
0.6475,-0.7197,-0.4312,-30.244,5.488,1.159,2,21
0.5249,0.4775,-0.4946,-5.122,-32.378,5.244,1,21
0.5225,0.4722,-0.4956,-1.951,-32.683,4.939,1,21
0.5254,0.4673,-0.4912,1.463,-33.293,4.085,1,21
0.5200,0.4702,-0.4829,4.817,-33.537,3.415,1,21
0.5078,0.4702,-0.4775,8.110,-33.598,2.927,1,21
0.5078,0.4731,-0.4639,11.098,-33.780,2.439,1,21
0.5122,0.4727,-0.4697,14.878,-33.963,2.012,1,21
0.5073,0.4722,-0.4663,17.988,-33.720,1.768,1,21
0.6743,-0.6416,-0.4419,-34.329,9.756,-3.598,2,21
0.6812,-0.6455,-0.4419,-34.207,10.366,-3.415,2,21
0.6870,-0.6421,-0.4443,-33.902,11.341,-3.537,2,21
0.6836,-0.6475,-0.4546,-34.085,12.256,-3.963,2,21
0.6909,-0.6489,-0.4570,-33.354,13.232,-4.085,2,21
0.6963,-0.6489,-0.4634,-33.171,13.841,-3.902,2,21
0.7061,-0.6611,-0.4585,-32.622,14.756,-4.268,2,21
0.7080,-0.6631,-0.4575,-32.134,15.305,-4.085,2,21
0.7090,0.4663,-0.4976,75.915,-24.512,-13.354,1,21
0.7129,0.4653,-0.4971,76.159,-24.878,-14.329,1,21
0.7271,0.4648,-0.5000,76.585,-24.573,-15.305,1,21
0.7334,0.4712,-0.5547,77.256,-25.183,-16.098,1,21
0.7432,0.4976,-0.4790,77.988,-25.549,-17.134,1,21
0.7305,0.4863,-0.4585,75.427,-24.451,-18.354,1,21
0.7490,0.4966,-0.5132,76.463,-25.854,-19.146,1,21
0.7598,0.5127,-0.5107,78.171,-27.195,-20.305,1,21
0.7627,0.5273,-0.5112,77.683,-28.171,-21.646,1,21
0.7715,0.5439,-0.5151,76.646,-29.268,-22.622,1,21
0.7739,0.5488,-0.5225,75.854,-30.244,-22.988,1,21
0.7705,0.5576,-0.5195,75.244,-30.976,-23.415,1,21
0.7661,0.5596,-0.5278,74.329,-32.012,-23.598,1,21
0.7705,0.5674,-0.5273,74.329,-33.049,-23.720,1,21
0.7725,0.5728,-0.5303,73.841,-33.963,-23.963,1,21
0.7788,0.5830,-0.5420,72.988,-34.390,-24.268,1,21
0.8130,0.6250,-0.5508,38.232,-37.500,-7.744,1,21
0.8101,0.6250,-0.5425,35.793,-38.171,-6.402,1,21
0.8193,0.6265,-0.5356,33.415,-38.476,-5.061,1,21
0.8320,0.6279,-0.5361,31.098,-39.268,-3.720,1,21
0.8237,0.6304,-0.5259,28.841,-40.061,-2.378,1,21
0.8306,0.6323,-0.5361,26.890,-40.793,-0.549,1,21
0.8345,0.6279,-0.5313,25.183,-41.768,0.976,1,21
0.8457,0.6250,-0.5239,24.024,-42.683,2.439,1,21
1.3452,0.2915,-0.4980,-45.366,-99.207,107.317,1,21
1.4019,0.2759,-0.4829,-49.268,-101.341,112.317,1,21
1.4521,0.2627,-0.4702,-53.598,-104.329,117.927,1,21
1.5288,0.2461,-0.4609,-57.073,-107.683,123.598,1,21
1.5996,0.2310,-0.4590,-60.793,-112.317,129.329,1,21
1.6729,0.2222,-0.4707,-64.268,-117.561,135.366,1,21
1.7393,0.2144,-0.4541,-67.744,-123.049,140.732,1,21
1.8096,0.2158,-0.4482,-71.463,-129.939,146.768,1,21
2.5889,0.6548,-0.4214,-151.829,-260.427,256.951,1,21
2.6147,0.7119,-0.4141,-152.256,-268.963,264.329,1,21
2.6318,0.7603,-0.3994,-151.098,-278.415,271.829,1,21
2.6431,0.8169,-0.3833,-148.841,-287.927,278.902,1,21
2.6318,0.8647,-0.3770,-144.756,-298.049,285.549,1,21
2.6152,0.9312,-0.3564,-139.451,-307.805,292.073,1,21
2.5669,0.9849,-0.3120,-134.146,-317.683,297.683,1,21
2.5171,1.0488,-0.2642,-128.232,-326.707,303.659,1,21
0.5815,-1.2861,0.0864,-54.878,139.146,-17.256,2,21
0.5776,-1.2866,0.0962,-55.915,139.024,-14.451,2,21
0.5781,-1.2920,0.1060,-56.646,139.146,-11.098,2,21
0.5693,-1.2974,0.1006,-57.927,139.451,-7.988,2,21
0.5601,-1.3091,0.0957,-58.963,139.756,-5.122,2,21
0.5483,-1.3130,0.0986,-59.329,140.122,-2.134,2,21
0.5293,-1.3193,0.1118,-59.390,140.366,0.488,2,21
0.5093,-1.3276,0.1187,-60.061,140.854,3.171,2,21
1.2935,1.4326,0.7988,-93.902,-471.463,395.549,1,21
1.2207,1.4971,0.8296,-95.061,-479.146,396.341,1,21
1.1426,1.5635,0.8550,-95.244,-486.768,396.280,1,21
1.0840,1.6328,0.8608,-94.634,-495.549,395.854,1,21
1.0088,1.7061,0.8462,-93.537,-504.390,394.878,1,21
0.9395,1.7871,0.8281,-92.195,-512.744,393.049,1,21
0.8677,1.8813,0.8149,-90.061,-520.488,392.073,1,21
0.7939,1.9756,0.8096,-88.232,-526.890,390.427,1,21
0.4897,-1.3311,0.1294,-60.671,140.671,5.549,2,21
0.4644,-1.3218,0.1377,-61.220,140.915,7.805,2,21
0.4512,-1.3276,0.1519,-62.378,140.671,10.000,2,21
0.4355,-1.3271,0.1577,-63.354,140.793,11.646,2,21
0.4253,-1.3179,0.1748,-64.207,140.549,13.598,2,21
0.4155,-1.3154,0.1855,-65.366,140.183,15.183,2,21
0.4111,-1.3013,0.2002,-66.159,139.451,16.829,2,21
0.4048,-1.2949,0.2012,-67.561,139.024,17.744,2,21
0.7192,2.0820,0.8101,-87.012,-532.378,388.780,1,21
0.6514,2.1909,0.8223,-86.159,-536.707,387.561,1,21
0.5864,2.2983,0.8413,-83.780,-539.817,386.463,1,21
0.5366,2.4233,0.8672,-80.732,-542.073,385.793,1,21
0.4819,2.5537,0.9243,-76.951,-543.293,384.939,1,21
0.4263,2.6802,1.0190,-74.024,-542.866,384.329,1,21
0.3535,2.7832,1.1484,-73.232,-541.463,383.902,1,21
0.3208,2.8545,1.2510,-72.378,-540.915,384.451,1,21
0.2793,2.9185,1.3604,-70.671,-540.549,386.585,1,21
0.2549,2.9717,1.4795,-69.024,-540.305,389.573,1,21
0.2300,3.0083,1.5796,-67.561,-540.488,394.451,1,21
0.2144,3.0254,1.6904,-66.159,-541.890,399.634,1,21
0.1846,3.0313,1.7651,-65.366,-544.573,405.122,1,21
0.1660,3.0171,1.8394,-66.280,-548.902,410.915,1,21
0.1284,2.9673,1.8965,-68.720,-553.476,416.951,1,21
0.0977,2.9131,1.9331,-71.951,-558.963,422.378,1,21
-0.4224,2.4883,1.4302,-145.671,-533.110,442.561,1,21
-0.4526,2.4800,1.3540,-152.378,-531.341,440.488,1,21
-0.4780,2.4839,1.2681,-159.146,-531.402,438.049,1,21
-0.5166,2.4932,1.1704,-165.793,-532.317,436.402,1,21
-0.5479,2.4946,1.0581,-171.646,-533.902,435.122,1,21
-0.5938,2.4976,0.9326,-175.427,-535.000,434.573,1,21
-0.6421,2.4932,0.8169,-177.500,-536.463,434.573,1,21
-0.7007,2.4712,0.7227,-178.171,-537.439,435.000,1,21
-0.7622,2.4463,0.6123,-177.439,-538.171,435.061,1,21
-0.8125,2.4028,0.4883,-174.756,-538.293,435.061,1,21
-0.8799,2.3535,0.3687,-169.390,-539.024,434.695,1,21
-0.9272,2.2891,0.2515,-160.610,-538.720,434.024,1,21
-0.9741,2.2212,0.1548,-149.451,-537.683,432.317,1,21
-1.0044,2.1475,0.0566,-134.329,-535.061,429.573,1,21
-1.0225,2.0732,-0.0332,-115.793,-531.585,426.280,1,21
-1.0269,1.9995,-0.1289,-94.024,-526.159,422.073,1,21
-0.9795,1.1782,-0.4834,72.134,10.671,112.988,1,21
-1.0137,1.1777,-0.4087,69.451,17.866,103.780,1,21
-1.0352,1.1821,-0.3252,64.939,25.305,93.780,1,21
-1.0498,1.1987,-0.2402,60.488,32.317,84.085,1,21
-1.0503,1.2217,-0.1670,55.854,38.659,74.939,1,21
-1.0493,1.2749,-0.1064,51.646,44.024,66.829,1,21
-1.0435,1.3198,-0.0386,46.585,48.110,59.268,1,21
-1.0244,1.3638,0.0386,41.159,51.951,53.720,1,21
-1.0957,1.0000,-0.2471,73.293,120.000,1.402,1,21
-1.0908,0.9917,-0.2603,76.220,121.829,-1.037,1,21
-1.0601,0.9731,-0.2651,81.524,125.488,-6.463,1,21
-1.0317,0.9580,-0.2568,86.037,128.720,-11.829,1,21
-0.9941,0.9536,-0.2632,90.549,131.707,-17.988,1,21
-0.9561,0.9404,-0.2612,95.000,134.878,-24.024,1,21
-0.9033,0.9438,-0.2461,99.939,138.780,-34.024,1,21
-0.8589,0.9346,-0.2437,103.293,141.341,-40.854,1,21
-0.6089,0.9600,-0.2603,118.171,167.561,-101.402,1,21
-0.5913,0.9604,-0.2852,118.720,170.366,-108.354,1,21
-0.5747,0.9697,-0.3013,119.512,173.963,-114.939,1,21
-0.5679,0.9678,-0.3179,120.061,177.378,-121.646,1,21
-0.5474,0.9761,-0.3438,121.037,180.610,-128.293,1,21
-0.5327,0.9722,-0.3638,121.646,184.024,-135.488,1,21
-0.5200,0.9741,-0.3848,122.012,187.683,-142.561,1,21
-0.5044,0.9756,-0.4116,122.988,190.549,-149.512,1,21
-0.4844,0.9775,-0.4331,123.841,193.659,-156.463,1,21
-0.4673,0.9785,-0.4653,124.573,196.524,-163.354,1,21
-0.4438,0.9785,-0.4785,126.098,199.146,-170.061,1,21
-0.4199,0.9834,-0.5068,127.805,201.220,-176.646,1,21
-0.3936,0.9897,-0.5137,130.305,203.171,-183.415,1,21
-0.3730,0.9927,-0.5420,132.256,204.817,-190.793,1,21
-0.3335,1.0078,-0.5400,135.061,206.402,-197.073,1,21
-0.3081,1.0215,-0.5562,138.049,208.110,-203.720,1,21
-0.2852,1.0283,-0.5776,141.159,209.085,-210.305,1,21
-0.2549,1.0347,-0.5933,144.085,209.695,-216.585,1,21
-0.2217,1.0566,-0.6064,147.439,210.122,-222.927,1,21
-0.2021,1.0674,-0.6211,150.854,210.488,-228.841,1,21
-0.1714,1.0713,-0.6216,153.963,210.793,-234.756,1,21
-0.1548,1.0864,-0.6372,157.256,211.159,-240.732,1,21
-0.1323,1.0942,-0.6445,160.671,211.220,-246.524,1,21
-0.1172,1.0962,-0.6587,163.720,211.585,-252.378,1,21
0.0693,1.4824,-0.7183,126.707,239.512,-362.805,1,21
0.0708,1.4722,-0.7354,119.024,245.488,-366.098,1,21
0.0718,1.4561,-0.7319,115.610,248.902,-367.805,1,21
0.0381,1.3296,-0.7866,107.195,262.378,-378.293,1,21
0.0112,1.2959,-0.7788,104.329,274.573,-392.805,1,21
0.0503,1.4058,-0.7778,95.915,286.707,-401.402,1,21
0.0703,1.4868,-0.7349,83.841,298.841,-402.988,1,21
0.0850,1.5327,-0.7148,73.110,309.085,-400.671,1,21
0.3149,1.8350,-0.4233,43.598,319.085,-358.537,1,21
0.3359,1.8354,-0.4126,42.622,318.232,-354.634,1,21
0.3643,1.8496,-0.3965,41.646,317.439,-350.427,1,21
0.3779,1.8613,-0.3716,40.366,316.585,-346.402,1,21
0.3877,1.8657,-0.3525,39.390,316.037,-342.561,1,21
0.4048,1.8745,-0.3218,38.659,315.061,-338.171,1,21
0.4136,1.8726,-0.2939,37.744,314.085,-333.415,1,21
0.4146,1.8765,-0.2549,37.744,312.805,-328.841,1,21
0.4810,1.5386,0.2617,42.744,280.061,-240.000,1,21
0.4990,1.5142,0.2710,42.134,278.537,-235.244,1,21
0.5054,1.4912,0.2759,41.646,276.768,-230.366,1,21
0.5181,1.4746,0.2910,41.037,276.098,-225.854,1,21
0.5400,1.4492,0.3052,40.061,274.817,-221.524,1,21
0.5508,1.4380,0.3252,38.415,274.207,-216.951,1,21
0.5708,1.4233,0.3354,37.317,273.476,-212.500,1,21
0.5869,1.3950,0.3394,35.671,272.561,-208.110,1,21
0.7788,1.1509,0.2949,30.976,256.098,-163.963,1,21
0.7856,1.1328,0.2783,31.402,254.756,-162.195,1,21
0.8057,1.1011,0.2798,32.805,252.134,-158.598,1,21
0.8169,1.0791,0.2720,34.268,250.061,-155.000,1,21
0.8232,1.0522,0.2759,35.671,247.622,-151.890,1,21
0.8276,1.0278,0.2715,37.134,245.244,-148.659,1,21
0.8408,0.9941,0.2734,38.841,242.988,-145.671,1,21
0.8442,0.9663,0.2603,41.402,238.780,-141.159,1,21
0.8286,0.7666,0.3457,48.110,216.159,-118.232,1,21
0.8228,0.7534,0.3535,48.902,213.354,-115.488,1,21
0.8330,0.7441,0.3594,49.573,210.000,-112.256,1,21
0.8384,0.7363,0.3716,50.061,207.134,-108.963,1,21
0.8467,0.7358,0.3726,49.817,204.207,-105.549,1,21
0.8452,0.7261,0.3984,48.963,201.585,-101.951,1,21
0.8564,0.7246,0.4063,47.622,199.207,-97.927,1,21
0.8682,0.7124,0.4277,46.098,197.134,-93.293,1,21
1.0288,1.0234,0.4863,62.561,175.000,-51.463,1,21
1.0669,1.1333,0.4429,64.146,172.256,-48.354,1,21
1.1074,1.2529,0.3960,65.000,170.061,-44.024,1,21
1.1348,1.3770,0.3579,65.061,168.232,-39.024,1,21
1.1592,1.5000,0.3516,64.146,167.439,-33.232,1,21
1.1777,1.6084,0.3560,62.439,168.110,-26.220,1,21
1.2100,1.7109,0.3491,60.915,168.720,-17.988,1,21
1.2393,1.8013,0.3438,58.780,169.512,-8.232,1,21
0.5596,-1.3433,-0.0063,-35.976,-178.659,-98.232,2,21
0.5547,-1.3540,-0.0166,-35.122,-175.854,-98.902,2,21
0.5605,-1.3677,-0.0151,-33.780,-172.561,-100.305,2,21
0.5688,-1.3848,-0.0073,-32.012,-169.207,-101.159,2,21
0.5664,-1.3960,-0.0083,-30.061,-166.280,-102.317,2,21
0.5654,-1.4155,-0.0083,-27.805,-163.232,-102.988,2,21
0.5645,-1.4316,-0.0049,-24.817,-160.305,-104.329,2,21
0.5527,-1.4468,0.0083,-22.256,-157.073,-105.122,2,21
1.2749,1.8594,0.3296,56.524,170.183,2.683,1,21
1.3096,1.9072,0.3071,54.756,171.280,14.939,1,21
1.3599,1.9160,0.2788,53.354,172.256,27.500,1,21
1.3945,1.9258,0.2266,52.500,174.451,42.073,1,21
1.4302,1.9082,0.1738,51.585,179.268,58.049,1,21
1.4648,1.8442,0.1460,51.341,184.329,73.780,1,21
1.5054,1.7451,0.1289,52.500,189.756,88.354,1,21
1.5464,1.6226,0.1064,55.183,194.634,100.549,1,21
0.3965,1.2114,-0.0928,180.854,-54.512,-11.341,1,21
0.4033,1.1641,-0.1152,169.634,-43.171,0.244,1,21
0.4253,1.1035,-0.1426,157.866,-29.939,9.573,1,21
0.4458,1.0439,-0.1680,145.976,-16.463,17.683,1,21
0.4756,0.9761,-0.1743,134.390,-3.171,24.512,1,21
0.5039,0.9072,-0.1836,124.085,9.695,30.061,1,21
0.5420,0.8384,-0.1875,114.329,20.183,34.756,1,21
0.5659,0.7603,-0.1865,105.854,28.293,38.476,1,21
-0.1753,-0.5977,-0.8804,-40.366,4.634,-80.305,2,21
-0.1860,-0.6069,-0.8750,-41.098,7.988,-77.744,2,21
-0.1929,-0.6108,-0.8716,-41.402,11.037,-75.854,2,21
-0.2085,-0.6221,-0.8433,-41.646,14.695,-73.537,2,21
-0.2183,-0.6211,-0.8286,-42.439,18.232,-71.341,2,21
-0.2271,-0.6255,-0.8154,-43.476,21.280,-69.207,2,21
-0.2319,-0.6255,-0.7979,-45.244,24.634,-67.317,2,21
-0.2529,-0.6255,-0.7832,-47.256,27.744,-65.366,2,21
0.6694,-0.0200,-0.7437,-62.805,37.012,-62.073,1,21
0.6982,-0.0142,-0.7480,-61.341,40.549,-63.841,1,21
0.7466,0.0024,-0.7666,-58.293,48.110,-67.256,1,21
0.8037,0.0215,-0.7856,-54.878,54.878,-71.159,1,21
0.8945,0.0317,-0.7915,-48.780,64.817,-77.073,1,21
0.9160,0.0303,-0.8071,-46.098,67.378,-78.963,1,21
1.0220,0.0327,-0.8506,-37.012,73.415,-84.573,1,21
1.1011,0.0439,-0.8633,-29.817,75.061,-87.378,1,21
-0.2544,-0.6279,-0.7778,-49.756,30.793,-63.476,2,21
-0.2588,-0.6167,-0.7676,-52.012,34.451,-61.098,2,21
-0.2681,-0.6187,-0.7559,-53.780,38.049,-58.963,2,21
-0.2676,-0.6187,-0.7305,-55.549,41.829,-56.402,2,21
-0.2778,-0.6113,-0.7227,-57.012,45.549,-54.024,2,21
-0.2773,-0.5928,-0.6978,-58.659,49.390,-51.280,2,21
-0.2788,-0.5757,-0.6885,-60.732,53.049,-48.232,2,21
-0.2837,-0.5562,-0.6890,-63.476,56.951,-45.610,2,21
1.1899,0.0479,-0.8828,-23.110,76.220,-90.000,1,21
1.2866,0.0542,-0.8994,-17.073,76.524,-92.012,1,21
1.3896,0.0537,-0.9121,-11.890,75.915,-93.598,1,21
1.5000,0.0596,-0.8970,-8.354,75.732,-94.512,1,21
1.6226,0.0615,-0.8774,-7.561,74.878,-94.451,1,21
1.7534,0.0479,-0.8120,-9.085,73.902,-93.293,1,21
1.9048,0.0332,-0.7441,-12.622,71.768,-90.793,1,21
2.0908,0.0015,-0.6753,-18.598,68.110,-86.524,1,21
-0.1963,-0.4395,-0.6543,-80.427,103.659,-5.366,2,21
-0.1660,-0.4263,-0.6333,-80.793,109.207,0.732,2,21
-0.1377,-0.4082,-0.6143,-80.732,114.573,6.524,2,21
-0.1025,-0.3970,-0.5718,-80.427,119.817,12.866,2,21
-0.0723,-0.3740,-0.5508,-79.207,124.817,19.207,2,21
-0.0356,-0.3638,-0.5239,-78.720,129.146,26.037,2,21
-0.0054,-0.3550,-0.4985,-78.476,133.902,32.988,2,21
0.0308,-0.3438,-0.4766,-77.683,138.293,39.756,2,21
4.1426,-0.7207,0.2363,-136.280,-82.256,1.098,1,21
4.1206,-0.7686,0.2725,-149.451,-110.000,-1.402,1,21
4.0142,-0.7729,0.2622,-164.817,-135.610,-8.598,1,21
3.8843,-0.7271,0.2251,-181.037,-156.951,-17.256,1,21
3.7500,-0.6401,0.1655,-197.744,-172.378,-24.024,1,21
3.6563,-0.5063,0.0942,-216.220,-182.073,-26.524,1,21
3.6084,-0.3149,0.0366,-235.488,-186.768,-22.927,1,21
3.6094,-0.1182,0.0205,-255.854,-189.695,-13.841,1,21
0.0640,-0.3354,-0.4551,-76.037,142.744,46.768,2,21
0.1045,-0.3398,-0.4219,-74.146,147.317,53.963,2,21
0.1338,-0.3311,-0.3901,-72.622,151.402,61.524,2,21
0.1685,-0.3228,-0.3623,-70.244,155.488,68.720,2,21
0.2031,-0.3276,-0.3389,-68.415,159.146,76.220,2,21
0.2314,-0.3286,-0.3242,-66.220,162.988,83.537,2,21
0.2578,-0.3423,-0.3057,-64.207,166.646,90.671,2,21
0.2871,-0.3462,-0.2896,-61.890,170.061,98.232,2,21
3.0195,1.5581,1.1597,-93.171,-480.793,172.073,1,21
2.8979,1.4849,1.2412,-85.915,-497.561,185.305,1,21
2.7788,1.4204,1.3418,-80.610,-513.659,198.841,1,21
2.6694,1.3813,1.4238,-78.659,-528.659,211.402,1,21
2.5586,1.3525,1.5332,-79.024,-542.439,223.293,1,21
2.4531,1.3457,1.6309,-82.073,-555.366,234.512,1,21
2.3359,1.3501,1.7271,-86.341,-566.707,245.183,1,21
2.2476,1.3604,1.8062,-90.732,-577.988,254.329,1,21
1.3682,1.8564,2.1392,-96.585,-655.915,330.061,1,21
1.3013,1.8921,2.1704,-92.378,-660.061,336.402,1,21
1.2451,1.9395,2.2031,-86.646,-663.415,342.744,1,21
1.1870,1.9907,2.2334,-80.793,-666.585,347.622,1,21
1.1284,2.0552,2.2764,-74.024,-669.634,351.768,1,21
1.0674,2.1118,2.3335,-68.598,-673.232,354.146,1,21
1.0015,2.1831,2.3877,-63.537,-677.134,356.768,1,21
0.9106,2.2397,2.4517,-58.476,-681.829,358.354,1,21
0.5825,-1.1963,0.4600,-1.585,196.402,193.293,2,21
0.6128,-1.2222,0.4736,-2.683,195.488,191.585,2,21
0.6396,-1.2622,0.4761,-3.537,194.390,189.939,2,21
0.6636,-1.3003,0.4805,-4.878,193.537,187.805,2,21
0.6948,-1.3481,0.4956,-7.134,192.317,185.549,2,21
0.7305,-1.4028,0.4990,-10.549,191.220,182.988,2,21
0.7559,-1.4580,0.4893,-14.512,190.244,180.854,2,21
0.7905,-1.5273,0.4927,-19.207,189.268,178.598,2,21
0.8110,2.2993,2.5093,-53.780,-687.744,360.244,1,21
0.7002,2.3647,2.5732,-49.146,-694.512,362.134,1,21
0.5879,2.4282,2.6123,-45.732,-701.585,365.183,1,21
0.4795,2.5088,2.6274,-42.195,-709.146,369.207,1,21
0.3735,2.5859,2.6455,-40.427,-716.037,374.573,1,21
0.2637,2.6553,2.6479,-40.549,-722.378,381.159,1,21
0.1411,2.7280,2.6445,-41.646,-727.683,388.780,1,21
0.0293,2.7798,2.6333,-44.573,-732.012,397.134,1,21
0.8369,-1.6289,0.5137,-27.744,187.927,174.756,2,21
0.8540,-1.6602,0.5200,-31.280,187.683,173.537,2,21
0.8823,-1.7236,0.5400,-38.232,186.829,170.854,2,21
0.9102,-1.7813,0.5596,-46.341,185.732,168.293,2,21
0.9448,-1.8389,0.5830,-55.793,184.268,165.488,2,21
0.9673,-1.8955,0.6045,-65.671,182.683,162.866,2,21
0.9976,-1.9434,0.6177,-76.707,180.671,160.671,2,21
1.0181,-1.9844,0.6372,-88.476,178.415,157.866,2,21
-0.0801,2.8145,2.6138,-48.720,-736.220,405.610,1,21
-0.1753,2.8608,2.5020,-54.573,-738.598,414.817,1,21
-0.2749,2.8882,2.4077,-62.378,-737.012,425.671,1,21
-0.4009,2.8838,2.2998,-72.012,-731.707,435.671,1,21
-0.5132,2.8433,2.2031,-81.463,-724.329,444.146,1,21
-0.6094,2.8052,2.1074,-89.756,-716.159,450.305,1,21
-0.6885,2.7661,2.0254,-97.317,-707.439,454.451,1,21
-0.7466,2.7192,1.9351,-104.207,-700.305,457.256,1,21
-0.6201,2.6064,1.3120,-127.317,-695.854,469.390,1,21
-0.6069,2.5962,1.2275,-128.049,-694.878,470.671,1,21
-0.6074,2.5903,1.1201,-128.171,-692.927,471.402,1,21
-0.6255,2.5928,0.9985,-126.829,-689.695,471.768,1,21
-0.6572,2.6045,0.9678,-126.037,-684.207,471.646,1,21
-0.7109,2.5718,0.7451,-125.183,-678.354,471.646,1,21
-0.7891,2.5669,0.7051,-122.378,-672.744,471.829,1,21
-0.8853,2.5190,0.5469,-121.646,-665.183,472.500,1,21
-1.4053,1.8081,-0.5518,-7.622,-577.256,468.049,1,21
-1.3643,1.6914,-0.6187,17.256,-557.805,463.049,1,21
-1.2959,1.5771,-0.6646,44.024,-535.671,456.890,1,21
-1.2129,1.4634,-0.6636,69.878,-509.573,449.878,1,21
-1.0854,1.3428,-0.6343,95.549,-480.183,442.500,1,21
-0.9346,1.2354,-0.5688,121.341,-449.085,434.390,1,21
-0.7520,1.1338,-0.4355,144.756,-415.061,427.256,1,21
-0.5557,1.0439,-0.2695,164.939,-379.390,421.037,1,21
0.7085,0.8311,-0.0732,229.756,-146.768,336.585,1,21
0.5508,0.7837,-0.1445,221.341,-127.195,318.902,1,21
0.3501,0.7583,-0.2539,211.341,-108.780,300.549,1,21
0.1406,0.7437,-0.3403,199.024,-92.378,280.976,1,21
-0.0889,0.7456,-0.3960,183.476,-78.110,260.122,1,21
-0.2993,0.7769,-0.4551,164.634,-66.098,239.329,1,21
-0.4858,0.8198,-0.4844,145.183,-57.073,218.720,1,21
-0.6260,0.8965,-0.4937,125.000,-51.220,198.963,1,21
-0.7158,1.0000,-0.4834,106.341,-49.634,180.549,1,21
-0.7627,1.1392,-0.4346,89.207,-51.098,163.110,1,21
-0.7959,1.3037,-0.3516,73.415,-54.207,147.622,1,21
-0.8115,1.4824,-0.2627,58.354,-56.707,135.061,1,21
-0.8350,1.6318,-0.1821,46.098,-58.171,124.939,1,21
-0.8638,1.7583,-0.1538,37.622,-57.866,117.744,1,21
-0.9033,1.8711,-0.1338,33.476,-56.707,112.561,1,21
-0.9561,1.9580,-0.1001,33.171,-55.061,108.232,1,21
-1.0269,2.0171,-0.0527,34.512,-51.585,104.878,1,21
-1.1221,2.0522,-0.0225,35.854,-46.524,101.585,1,21
-1.2227,2.0576,0.0122,37.500,-39.939,98.171,1,21
-1.3252,2.0210,0.0664,40.183,-32.439,93.902,1,21
-1.4019,1.9878,0.1123,43.537,-25.061,88.963,1,21
-1.4712,1.9302,0.1499,45.732,-18.049,83.659,1,21
-1.5142,1.8662,0.1890,47.195,-11.280,77.866,1,21
-1.5303,1.7852,0.2358,47.256,-4.878,71.159,1,21
0.8765,-0.4868,0.2461,-178.598,109.146,98.780,2,21
0.9058,-0.4761,0.2568,-174.390,108.841,99.207,2,21
0.9199,-0.4604,0.2661,-170.915,108.232,99.695,2,21
0.9375,-0.4463,0.2827,-165.854,107.805,99.878,2,21
0.9531,-0.4404,0.2920,-161.280,107.317,99.817,2,21
0.9546,-0.4209,0.3086,-156.220,106.341,100.000,2,21
0.9741,-0.4238,0.3159,-150.854,105.305,99.329,2,21
0.9829,-0.4111,0.3296,-146.463,104.207,99.268,2,21
-1.5215,1.6943,0.2739,45.244,1.829,64.390,1,21
-1.4868,1.5869,0.3203,43.232,8.537,58.232,1,21
-1.4453,1.4917,0.3208,40.122,15.244,52.256,1,21
-1.3828,1.3921,0.3193,37.378,21.159,47.439,1,21
-1.3120,1.3105,0.3193,34.573,26.341,43.293,1,21
-1.2407,1.2383,0.3032,32.378,31.037,40.183,1,21
-1.1743,1.1826,0.2793,30.793,35.183,37.195,1,21
-1.1074,1.1479,0.2700,30.183,39.268,34.451,1,21
0.9893,-0.4106,0.3530,-141.280,103.293,99.207,2,21
0.9829,-0.4028,0.3623,-135.488,101.951,98.780,2,21
0.9829,-0.4126,0.3701,-130.061,100.976,98.354,2,21
0.9736,-0.4038,0.3818,-123.780,99.451,97.683,2,21
0.9722,-0.3989,0.3896,-118.171,97.622,97.073,2,21
0.9531,-0.3921,0.3940,-111.829,96.037,95.732,2,21
0.9443,-0.3730,0.4038,-105.305,94.268,94.695,2,21
0.9482,-0.3633,0.4155,-98.537,92.256,93.232,2,21
-1.0371,1.1221,0.2407,30.610,42.561,32.012,1,21
-0.9956,1.1079,0.2212,31.402,45.366,28.780,1,21
-0.9390,1.0972,0.1763,32.805,48.110,25.183,1,21
-0.8970,1.0947,0.1504,34.939,51.159,21.098,1,21
-0.8770,1.0981,0.1133,37.866,54.024,16.890,1,21
-0.8516,1.0884,0.0854,40.366,57.378,11.707,1,21
-0.8413,1.0786,0.0654,43.110,60.976,6.951,1,21
-0.8325,1.0596,0.0601,46.951,64.878,1.280,1,21
-0.0923,0.8657,-0.2852,37.744,152.439,-176.341,1,21
-0.0811,0.8667,-0.3081,37.012,155.061,-179.817,1,21
-0.0591,0.8604,-0.3115,36.463,157.622,-183.354,1,21
-0.0542,0.8584,-0.3091,35.793,160.732,-186.341,1,21
-0.0410,0.8555,-0.3145,34.451,163.963,-190.000,1,21
-0.0234,0.8452,-0.3193,33.293,166.829,-193.537,1,21
-0.0122,0.8374,-0.3433,32.134,169.817,-196.829,1,21
0.0015,0.8306,-0.3594,31.524,172.805,-200.061,1,21
0.0244,0.8325,-0.3911,30.671,175.183,-203.476,1,21
0.0444,0.8320,-0.4150,30.122,177.927,-206.646,1,21
0.0684,0.8354,-0.4409,29.207,180.244,-210.671,1,21
0.0859,0.8530,-0.4702,28.537,182.866,-214.207,1,21
0.0981,0.8691,-0.4902,27.317,185.976,-217.805,1,21
0.1157,0.8940,-0.5005,25.671,189.634,-221.829,1,21
0.1392,0.9102,-0.5405,25.549,192.622,-225.427,1,21
0.1553,0.9209,-0.5532,25.183,195.854,-228.720,1,21
0.2554,0.8711,-0.5430,47.622,261.341,-271.159,1,21
0.2583,0.8911,-0.5522,48.841,263.537,-274.817,1,21
0.2573,0.9126,-0.5728,50.976,265.793,-278.354,1,21
0.2568,0.9443,-0.5815,52.988,267.927,-282.195,1,21
0.2544,0.9751,-0.5850,55.488,270.488,-285.854,1,21
0.2427,1.0098,-0.5869,57.317,272.439,-289.695,1,21
0.2310,1.0522,-0.5947,58.963,274.634,-293.354,1,21
0.2144,1.0894,-0.5991,60.976,276.280,-297.012,1,21
0.1187,1.3662,-0.8140,69.512,295.854,-314.085,1,21
0.1260,1.4067,-0.8496,69.695,299.573,-316.341,1,21
0.1304,1.4390,-0.8696,69.939,302.805,-318.902,1,21
0.1343,1.4800,-0.8887,69.146,305.549,-321.585,1,21
0.1445,1.5225,-0.8979,68.354,308.049,-323.963,1,21
0.1504,1.5586,-0.8999,67.134,309.695,-325.671,1,21
0.1587,1.5972,-0.9224,65.793,310.976,-326.646,1,21
0.1694,1.6104,-0.9316,64.756,312.134,-326.951,1,21
0.2939,1.6665,-0.3066,53.841,338.232,-223.476,1,21
0.3076,1.6621,-0.2700,53.659,337.317,-217.866,1,21
0.3232,1.6484,-0.2471,53.659,336.402,-212.073,1,21
0.3286,1.6265,-0.2119,54.085,335.915,-206.402,1,21
0.3496,1.6079,-0.1831,54.573,335.183,-200.366,1,21
0.3564,1.5732,-0.1675,55.427,334.146,-194.268,1,21
0.3823,1.5503,-0.1455,56.463,333.354,-188.354,1,21
0.4028,1.5146,-0.1265,58.537,332.439,-182.195,1,21
0.5342,-2.0630,0.4043,19.817,-202.439,32.988,2,21
0.5122,-2.0630,0.3862,14.878,-206.098,27.805,2,21
0.4868,-2.0591,0.3848,9.512,-209.024,22.866,2,21
0.4663,-2.0454,0.3696,4.634,-211.707,17.500,2,21
0.4531,-2.0347,0.3457,-0.305,-214.268,12.805,2,21
0.4414,-2.0186,0.3154,-5.671,-216.707,7.927,2,21
0.4312,-1.9907,0.3022,-10.122,-218.780,3.415,2,21
0.4253,-1.9756,0.2837,-14.695,-220.244,-1.463,2,21
0.4282,1.4951,-0.1201,60.000,331.890,-176.646,1,21
0.4507,1.4751,-0.1030,61.524,331.037,-171.463,1,21
0.4688,1.4512,-0.0894,63.049,330.854,-166.585,1,21
0.5000,1.4307,-0.0879,64.207,330.427,-162.073,1,21
0.5254,1.4116,-0.0786,65.000,330.366,-158.171,1,21
0.5503,1.4028,-0.0786,65.915,330.427,-153.963,1,21
0.5776,1.3984,-0.0591,66.707,330.549,-150.427,1,21
0.6045,1.3838,-0.0366,67.012,330.976,-146.646,1,21
0.6230,1.3701,-0.0244,67.500,330.427,-143.049,1,21
0.6504,1.3525,-0.0078,67.012,329.756,-138.780,1,21
0.6704,1.3457,0.0142,67.256,328.537,-135.061,1,21
0.6899,1.3223,0.0332,66.829,327.073,-130.549,1,21
0.7148,1.3071,0.0454,66.280,325.488,-126.585,1,21
0.7363,1.2827,0.0659,66.463,323.293,-122.500,1,21
0.7637,1.2676,0.0908,66.402,321.524,-117.866,1,21
0.7856,1.2378,0.1055,66.280,319.024,-113.720,1,21
0.8076,1.2178,0.1367,66.159,317.073,-109.634,1,21
0.8242,1.1812,0.1528,65.610,314.512,-105.671,1,21
0.8496,1.1563,0.1870,65.244,311.707,-101.585,1,21
0.8623,1.1211,0.1938,65.000,308.659,-97.622,1,21
0.8857,1.0874,0.2124,65.061,305.183,-93.476,1,21
0.9014,1.0488,0.2324,65.061,301.768,-89.512,1,21
0.9224,0.9839,0.2485,65.366,296.037,-83.963,1,21
0.9448,0.9478,0.2642,66.037,292.134,-79.878,1,21
1.0674,0.5024,0.4146,62.500,250.366,-49.695,1,21
1.0757,0.4331,0.4106,61.829,244.695,-46.098,1,21
1.0903,0.3779,0.3940,62.073,238.902,-42.805,1,21
1.1099,0.3208,0.3740,62.317,232.866,-39.329,1,21
1.1226,0.2715,0.3721,62.866,226.890,-36.220,1,21
1.1284,0.2285,0.3369,62.866,221.037,-33.476,1,21
1.1494,0.1934,0.3345,61.768,215.854,-30.976,1,21
1.1611,0.1670,0.3271,60.854,211.159,-28.963,1,21
1.1650,0.1392,0.2993,58.537,206.585,-27.256,1,21
1.1816,0.1123,0.2837,55.549,202.927,-25.305,1,21
1.1938,0.0967,0.2632,52.927,199.329,-23.659,1,21
1.2139,0.0859,0.2402,49.878,195.732,-21.585,1,21
1.2358,0.0815,0.2178,47.622,192.561,-19.207,1,21
1.2559,0.0874,0.1743,45.976,189.451,-16.585,1,21
1.2842,0.0894,0.1475,44.573,186.402,-14.085,1,21
1.3071,0.0986,0.1362,43.293,183.780,-11.341,1,21
1.3315,0.1221,0.1050,42.500,181.341,-9.146,1,21
1.3599,0.1465,0.0615,42.256,179.085,-7.317,1,21
1.3755,0.1787,0.0088,42.195,178.232,-4.817,1,21
1.3843,0.2153,-0.0361,42.317,178.841,-2.439,1,21
1.3774,0.2358,-0.0938,42.744,180.183,0.305,1,21
1.3823,0.2437,-0.1426,45.122,181.829,1.768,1,21
1.3726,0.2559,-0.1777,49.207,183.659,2.317,1,21
1.3550,0.2534,-0.2021,54.329,185.854,1.707,1,21
1.3511,0.2476,-0.2061,60.000,187.439,-0.244,1,21
1.3408,0.2354,-0.2178,66.585,188.354,-2.622,1,21
1.3374,0.2202,-0.2441,74.329,188.049,-5.976,1,21
1.3330,0.2168,-0.2612,83.841,186.098,-9.573,1,21
1.3135,0.2026,-0.2886,92.744,183.415,-13.537,1,21
1.2969,0.1924,-0.3120,102.134,179.695,-17.744,1,21
1.2710,0.1831,-0.3438,111.463,175.000,-22.500,1,21
1.2480,0.1602,-0.3726,120.732,170.061,-27.195,1,21
0.5366,-1.3022,-0.0400,-14.512,-122.195,-134.634,2,21
0.5200,-1.3179,-0.0430,-11.402,-119.573,-134.085,2,21
0.4980,-1.3228,-0.0449,-8.720,-117.744,-133.232,2,21
0.4854,-1.3408,-0.0625,-5.305,-115.366,-132.988,2,21
0.4604,-1.3516,-0.0684,-1.890,-113.110,-132.378,2,21
0.4380,-1.3579,-0.0625,1.951,-110.976,-132.073,2,21
0.4229,-1.3779,-0.0825,5.427,-108.415,-131.768,2,21
0.4077,-1.3809,-0.0845,8.720,-105.671,-131.280,2,21
1.2324,0.1426,-0.3984,129.512,164.512,-32.195,1,21
1.2095,0.1182,-0.4150,137.622,158.659,-37.622,1,21
1.2080,0.0850,-0.4141,144.512,151.768,-43.110,1,21
1.1909,0.0513,-0.4272,150.732,144.329,-49.512,1,21
1.1870,0.0220,-0.4351,155.793,135.732,-56.159,1,21
1.1870,-0.0059,-0.4229,160.854,126.098,-63.537,1,21
1.1846,-0.0220,-0.4155,164.085,116.402,-71.585,1,21
1.1846,-0.0342,-0.4097,166.646,106.890,-80.427,1,21
0.3916,-1.4009,-0.0820,12.073,-102.927,-130.549,2,21
0.3750,-1.4180,-0.0806,15.488,-100.305,-130.000,2,21
0.3696,-1.4282,-0.0835,19.329,-97.561,-129.329,2,21
0.3535,-1.4502,-0.0776,22.561,-94.878,-128.659,2,21
0.3477,-1.4639,-0.0825,25.610,-92.439,-128.232,2,21
0.3452,-1.4722,-0.0786,28.720,-90.305,-127.805,2,21
0.3384,-1.4893,-0.0781,31.768,-88.049,-127.683,2,21
0.3345,-1.4941,-0.0879,34.634,-86.524,-127.744,2,21
1.1929,0.2749,-0.2998,133.293,64.207,-148.354,1,21
1.1973,0.3398,-0.3052,125.183,65.793,-150.854,1,21
1.1963,0.3760,-0.3125,120.244,67.134,-151.280,1,21
1.2158,0.6064,-0.3237,101.951,74.756,-147.195,1,21
1.2046,0.6499,-0.3423,86.159,83.659,-138.049,1,21
1.1812,0.6382,-0.3228,76.220,92.927,-134.939,1,21
1.1577,0.6445,-0.2788,69.817,100.366,-136.037,1,21
1.1675,0.6538,-0.2310,64.024,104.756,-139.268,1,21
0.2676,-1.5049,-0.1543,52.378,-74.512,-136.402,2,21
0.2559,-1.5088,-0.1768,54.695,-73.110,-138.232,2,21
0.2490,-1.5063,-0.1763,55.427,-72.378,-139.085,2,21
0.2363,-1.5005,-0.1855,56.646,-71.646,-140.549,2,21
0.2349,-1.4995,-0.1992,57.744,-70.915,-142.256,2,21
0.2207,-1.4893,-0.2129,58.963,-69.939,-144.268,2,21
0.2104,-1.4902,-0.2275,60.000,-69.451,-145.915,2,21
0.1987,-1.4873,-0.2412,61.585,-68.598,-148.293,2,21
1.1865,0.7031,-0.1929,59.329,105.854,-143.354,1,21
1.2036,0.7412,-0.1636,54.085,104.939,-146.585,1,21
1.2295,0.7666,-0.1187,49.329,102.439,-148.415,1,21
1.2471,0.7808,-0.1069,44.756,98.902,-149.207,1,21
1.2573,0.7729,-0.0854,41.037,94.939,-147.744,1,21
1.2646,0.7563,-0.0684,38.598,91.159,-144.085,1,21
1.2544,0.6987,-0.0430,37.378,87.561,-138.049,1,21
1.2329,0.6250,-0.0098,38.476,83.841,-130.732,1,21
1.2104,0.5503,0.0278,41.829,80.610,-122.317,1,21
1.1812,0.4717,0.0679,47.134,77.195,-113.902,1,21
1.1294,0.3882,0.1113,53.537,73.354,-106.280,1,21
1.0884,0.3242,0.1465,61.098,69.634,-100.061,1,21
1.0425,0.2783,0.1865,69.939,65.854,-95.610,1,21
0.9980,0.2471,0.2163,78.293,62.012,-92.744,1,21
0.9644,0.2344,0.2339,87.805,57.988,-92.073,1,21
0.9395,0.2563,0.2402,96.341,54.085,-92.378,1,21
0.0205,-1.2544,-0.3564,77.561,-70.183,-185.915,2,21
0.0181,-1.2373,-0.3638,76.524,-70.305,-187.317,2,21
0.0132,-1.2251,-0.3652,75.854,-70.061,-188.415,2,21
0.0151,-1.2061,-0.3809,74.573,-70.366,-189.695,2,21
0.0161,-1.1895,-0.3813,73.171,-70.549,-190.793,2,21
0.0137,-1.1812,-0.3989,71.890,-70.671,-191.890,2,21
0.0142,-1.1636,-0.4033,69.939,-70.915,-192.683,2,21
0.0166,-1.1528,-0.4189,68.415,-71.098,-193.720,2,21
0.7397,0.8940,0.1621,179.573,22.195,-73.171,1,21
0.7144,0.9561,0.1563,185.976,17.744,-63.659,1,21
0.6875,1.0063,0.1353,190.671,13.659,-52.744,1,21
0.6694,1.0508,0.1338,194.390,9.573,-40.061,1,21
0.6528,1.0737,0.1084,196.707,6.159,-26.159,1,21
0.6465,1.0903,0.0757,197.561,4.024,-11.646,1,21
0.6411,1.0786,0.0474,196.341,3.049,3.171,1,21
0.6362,1.0640,0.0229,193.049,3.354,16.829,1,21
0.7217,0.3604,0.0132,133.171,30.427,62.561,1,21
0.7466,0.2827,0.0269,123.476,30.915,59.817,1,21
0.7729,0.2080,0.0220,113.902,31.037,56.646,1,21
0.7832,0.1514,0.0112,104.207,30.000,52.988,1,21
0.7944,0.0977,0.0078,93.780,28.293,49.024,1,21
0.8042,0.0444,-0.0054,83.841,26.159,45.305,1,21
0.8120,0.0083,-0.0112,74.390,23.841,41.159,1,21
0.8057,-0.0313,-0.0298,64.451,20.915,37.195,1,21
0.5752,-0.0576,-0.3145,23.049,19.207,-33.415,1,21
0.5732,-0.0605,-0.3047,29.817,19.268,-37.561,1,21
0.5859,-0.0713,-0.3047,36.585,19.512,-42.256,1,21
0.5825,-0.0811,-0.2998,43.293,20.122,-46.890,1,21
0.5859,-0.0874,-0.3076,49.390,20.854,-51.768,1,21
0.5913,-0.0967,-0.2910,55.122,21.890,-56.707,1,21
0.5913,-0.1060,-0.2813,60.000,23.415,-61.585,1,21
0.5957,-0.1147,-0.2705,64.207,24.817,-66.707,1,21
0.0732,-0.5010,-0.7246,-13.110,-51.037,-132.988,2,21
0.0698,-0.4932,-0.7280,-13.049,-49.695,-130.244,2,21
0.0845,-0.4839,-0.7295,-13.598,-48.537,-127.500,2,21
0.0879,-0.4761,-0.7456,-14.512,-47.561,-124.939,2,21
0.0957,-0.4683,-0.7505,-14.390,-45.793,-122.195,2,21
0.1079,-0.4624,-0.7612,-14.024,-44.329,-119.451,2,21
0.1123,-0.4561,-0.7700,-13.902,-42.927,-117.073,2,21
0.1187,-0.4507,-0.7720,-13.659,-41.402,-114.207,2,21
0.6641,-0.0728,-0.2168,108.415,45.427,-132.012,1,21
0.6670,-0.0610,-0.1943,110.183,46.098,-134.573,1,21
0.6777,-0.0586,-0.2056,111.646,46.402,-137.317,1,21
0.6895,-0.0483,-0.2329,113.049,46.159,-140.366,1,21
0.7051,-0.0396,-0.2432,115.122,46.098,-142.805,1,21
0.7197,-0.0254,-0.2520,115.427,46.220,-146.220,1,21
0.7266,-0.0015,-0.2417,114.878,46.890,-149.390,1,21
0.7402,0.0098,-0.2197,112.683,47.744,-152.866,1,21
0.2231,-0.4907,-0.8228,-13.963,-13.049,-59.268,2,21
0.2217,-0.4995,-0.8203,-14.512,-11.463,-55.976,2,21
0.2227,-0.4995,-0.8188,-15.000,-10.183,-52.927,2,21
0.2168,-0.5132,-0.8115,-15.976,-8.476,-49.573,2,21
0.2109,-0.5103,-0.8135,-17.256,-6.463,-46.341,2,21
0.2153,-0.5181,-0.8110,-18.049,-5.061,-43.293,2,21
0.2104,-0.5264,-0.8037,-19.024,-2.988,-40.244,2,21
0.2051,-0.5273,-0.8105,-20.427,-1.037,-37.500,2,21
0.2090,-0.5356,-0.8105,-21.585,0.488,-34.146,2,21
0.2041,-0.5444,-0.8164,-23.293,2.134,-31.524,2,21
0.2026,-0.5518,-0.8149,-24.817,4.268,-28.963,2,21
0.1938,-0.5581,-0.8027,-26.098,5.793,-26.280,2,21
0.1987,-0.5669,-0.8081,-28.354,8.049,-23.841,2,21
0.1860,-0.5776,-0.8101,-29.939,10.488,-21.098,2,21
0.1870,-0.5874,-0.8115,-31.890,12.683,-18.598,2,21
0.1787,-0.5947,-0.8032,-33.720,14.878,-16.098,2,21
0.9287,0.1348,-0.2852,90.610,44.268,-175.976,1,21
0.9341,0.1558,-0.2930,87.744,44.390,-176.768,1,21
0.9580,0.1753,-0.2954,81.951,44.512,-178.598,1,21
0.9795,0.2036,-0.3013,76.159,44.512,-179.756,1,21
1.0205,0.2544,-0.2861,66.707,42.866,-181.524,1,21
1.0459,0.2749,-0.2949,60.061,41.463,-181.890,1,21
1.0830,0.3057,-0.3013,52.622,39.512,-181.951,1,21
1.1157,0.3345,-0.2930,45.244,36.951,-181.159,1,21
0.1787,-0.6006,-0.8042,-36.037,17.500,-13.659,2,21
0.1719,-0.6084,-0.7910,-37.683,19.634,-11.220,2,21
0.1724,-0.6235,-0.7842,-39.451,22.134,-8.780,2,21
0.1699,-0.6299,-0.7769,-40.976,24.695,-6.585,2,21
0.1719,-0.6445,-0.7490,-42.195,27.378,-4.024,2,21
0.1729,-0.6440,-0.7402,-43.476,29.878,-1.646,2,21
0.1680,-0.6592,-0.7261,-44.573,32.622,1.220,2,21
0.1704,-0.6611,-0.7061,-45.610,35.366,3.171,2,21
1.1616,0.3569,-0.3125,37.683,34.024,-179.817,1,21
1.2007,0.3740,-0.3213,29.817,30.915,-177.805,1,21
1.2412,0.3989,-0.3394,22.256,27.683,-175.366,1,21
1.2852,0.4395,-0.3540,14.024,24.512,-172.622,1,21
1.3315,0.4629,-0.3452,4.817,21.524,-169.634,1,21
1.3813,0.4927,-0.3564,-5.854,18.537,-166.707,1,21
1.4365,0.5195,-0.3525,-16.524,14.939,-163.049,1,21
1.4771,0.5322,-0.3540,-27.500,10.976,-159.390,1,21
0.1724,-0.6699,-0.6846,-46.524,38.232,5.671,2,21
0.1782,-0.6768,-0.6724,-46.707,41.098,7.378,2,21
0.1812,-0.6724,-0.6514,-47.256,43.841,9.451,2,21
0.1870,-0.6821,-0.6382,-47.195,46.524,11.646,2,21
0.1943,-0.6807,-0.6113,-46.890,49.390,13.598,2,21
0.2124,-0.6865,-0.5928,-46.707,52.073,15.305,2,21
0.2095,-0.6782,-0.5674,-45.793,54.939,17.500,2,21
0.2168,-0.6812,-0.5430,-44.756,57.439,19.390,2,21
1.5376,0.5522,-0.3550,-38.476,6.280,-155.122,1,21
1.6016,0.5654,-0.3418,-49.024,1.220,-150.610,1,21
1.6597,0.5820,-0.3521,-60.488,-4.451,-145.671,1,21
1.7251,0.5913,-0.3604,-71.037,-10.732,-140.122,1,21
1.8066,0.6016,-0.3701,-81.951,-17.683,-134.268,1,21
1.8730,0.6201,-0.3877,-92.744,-24.329,-128.293,1,21
1.9556,0.6309,-0.4063,-103.537,-31.280,-121.768,1,21
2.0273,0.6465,-0.4219,-114.085,-38.537,-115.366,1,21
2.5254,0.8716,-0.4658,-202.683,-113.963,-59.329,1,21
2.5605,0.9355,-0.4556,-210.976,-122.256,-53.110,1,21
2.5981,0.9922,-0.4419,-218.841,-130.427,-47.134,1,21
2.6284,1.0542,-0.4380,-225.244,-139.085,-40.915,1,21
2.6616,1.1162,-0.4126,-230.244,-148.659,-34.817,1,21
2.7100,1.1865,-0.3945,-233.598,-157.988,-28.415,1,21
2.7456,1.2607,-0.3716,-236.220,-168.354,-21.646,1,21
2.7964,1.3340,-0.3462,-236.951,-178.720,-14.573,1,21
1.1870,-1.1978,0.6035,-104.024,148.415,79.756,2,21
1.2056,-1.1909,0.6162,-106.829,148.110,77.561,2,21
1.2207,-1.1929,0.6323,-109.207,147.805,75.732,2,21
1.2383,-1.1934,0.6431,-111.829,147.561,74.573,2,21
1.2666,-1.1870,0.6616,-114.512,147.317,72.805,2,21
1.2739,-1.1772,0.6611,-117.561,146.829,71.646,2,21
1.2827,-1.1836,0.6821,-120.549,146.951,70.549,2,21
1.2979,-1.1860,0.6875,-123.171,146.768,69.390,2,21
-2.0825,1.3530,-0.8105,193.293,-440.671,460.915,1,21
-2.0303,1.0815,-0.9258,205.244,-383.720,455.305,1,21
-1.8721,0.7178,-1.0288,213.537,-333.902,447.500,1,21
-1.6211,0.3315,-1.0635,217.866,-293.110,434.512,1,21
-1.3491,-0.0308,-1.1724,214.268,-261.341,415.915,1,21
-1.0728,-0.3501,-1.2773,204.817,-238.780,391.098,1,21
-0.8179,-0.6011,-1.3594,188.841,-222.073,361.341,1,21
-0.5728,-0.7954,-1.4995,167.378,-206.159,328.902,1,21
1.0728,-0.3535,0.0254,-98.537,24.146,36.402,2,21
1.0781,-0.3550,0.0044,-96.890,21.585,37.439,2,21
1.0669,-0.3496,-0.0044,-94.695,19.634,38.415,2,21
1.0571,-0.3447,-0.0225,-92.561,17.622,39.512,2,21
1.0425,-0.3374,-0.0142,-89.939,16.098,40.366,2,21
1.0093,-0.3374,-0.0303,-87.378,14.207,40.854,2,21
0.9961,-0.3306,-0.0352,-84.573,12.622,41.707,2,21
0.9609,-0.3306,-0.0454,-81.768,10.854,42.256,2,21
-1.7852,1.9038,1.1489,139.207,48.476,37.073,1,21
-1.7212,1.7632,1.1519,130.000,54.939,37.134,1,21
-1.6514,1.6201,1.1294,118.841,61.524,38.232,1,21
-1.5776,1.4697,1.0874,106.829,66.463,39.512,1,21
-1.5039,1.3223,1.0444,95.427,69.878,39.695,1,21
-1.4331,1.1958,1.0151,83.841,72.012,39.451,1,21
-1.3599,1.0708,0.9907,72.683,72.073,38.171,1,21
-1.2930,0.9683,0.9565,62.012,71.646,36.585,1,21
-1.2324,0.8691,0.9063,51.402,70.427,34.634,1,21
-1.1733,0.7930,0.8286,41.585,68.415,32.744,1,21
-1.1157,0.7290,0.7373,32.012,66.159,30.610,1,21
-1.0698,0.6743,0.6323,23.720,63.537,27.927,1,21
-1.0347,0.6426,0.5425,15.793,61.037,24.634,1,21
-1.0024,0.6055,0.4521,8.171,58.841,20.427,1,21
-0.9849,0.5732,0.3638,2.317,57.317,16.220,1,21
-0.9526,0.5571,0.2798,-2.622,56.402,10.793,1,21
0.7456,-0.2676,-0.0151,-58.780,0.549,36.402,2,21
0.7329,-0.2554,-0.0107,-56.890,0.000,34.939,2,21
0.7207,-0.2344,0.0015,-54.634,-0.549,33.659,2,21
0.7192,-0.2173,0.0127,-52.744,-1.098,32.927,2,21
0.7114,-0.2046,0.0249,-50.854,-1.646,31.646,2,21
0.7070,-0.1821,0.0410,-49.085,-1.707,30.793,2,21
0.6953,-0.1738,0.0371,-46.890,-2.317,29.573,2,21
0.6982,-0.1577,0.0542,-44.634,-2.439,28.598,2,21
-0.9224,0.5391,0.2085,-5.854,55.854,4.573,1,21
-0.9033,0.5317,0.1558,-7.378,56.220,-1.768,1,21
-0.8784,0.5244,0.1055,-7.683,57.317,-9.451,1,21
-0.8467,0.5220,0.0742,-6.341,59.207,-17.256,1,21
-0.8110,0.5234,0.0605,-3.963,61.220,-26.280,1,21
-0.7881,0.5288,0.0444,-1.220,63.537,-35.244,1,21
-0.7559,0.5293,0.0254,1.463,66.280,-45.000,1,21
-0.7202,0.5244,0.0225,4.878,69.085,-54.817,1,21
0.6987,-0.0503,0.0820,-22.439,-2.073,20.122,2,21
0.7109,-0.0522,0.0747,-20.732,-1.768,19.878,2,21
0.7080,-0.0503,0.0840,-17.927,-1.220,18.963,2,21
0.7139,-0.0586,0.0850,-14.756,-0.671,18.049,2,21
0.7153,-0.0688,0.0869,-12.012,-0.427,16.890,2,21
0.7144,-0.0723,0.0889,-9.146,-0.061,16.098,2,21
0.7207,-0.0825,0.0898,-6.280,0.244,14.939,2,21
0.7207,-0.0928,0.0874,-3.841,-0.244,14.085,2,21
-0.4688,0.5708,-0.1240,32.683,97.378,-143.354,1,21
-0.4497,0.5850,-0.1367,34.695,99.207,-149.695,1,21
-0.4321,0.6094,-0.1465,36.890,100.671,-156.098,1,21
-0.4175,0.6299,-0.1499,39.024,101.951,-161.890,1,21
-0.4019,0.6577,-0.1484,41.402,103.476,-168.171,1,21
-0.3794,0.6860,-0.1616,43.598,104.268,-174.512,1,21
-0.3613,0.7104,-0.1660,46.098,105.610,-180.671,1,21
-0.3389,0.7290,-0.1841,48.232,107.073,-187.439,1,21
-0.3164,0.7441,-0.2144,50.976,108.293,-194.146,1,21
-0.2905,0.7554,-0.2363,53.354,110.061,-201.159,1,21
-0.2666,0.7622,-0.2539,56.341,112.134,-208.232,1,21
-0.2427,0.7622,-0.2690,58.963,114.329,-215.244,1,21
-0.2197,0.7603,-0.2944,61.280,116.707,-222.317,1,21
-0.1997,0.7515,-0.3135,63.537,119.512,-229.085,1,21
-0.1909,0.7466,-0.3252,65.732,122.256,-235.915,1,21
-0.1636,0.7329,-0.3267,67.195,124.756,-242.439,1,21
-0.0005,0.6655,-0.4326,56.159,153.537,-277.988,1,21
0.0093,0.6680,-0.4565,53.841,156.646,-280.854,1,21
0.0410,0.6904,-0.4697,51.280,159.390,-284.451,1,21
0.0542,0.7212,-0.4766,48.902,162.622,-287.622,1,21
0.0762,0.7593,-0.4819,45.793,165.854,-290.854,1,21
0.0894,0.7954,-0.4985,42.439,169.390,-294.146,1,21
0.1123,0.8394,-0.5190,39.756,172.805,-297.073,1,21
0.1367,0.9023,-0.5396,36.707,176.220,-300.122,1,21
0.2598,1.3921,-0.6699,-3.720,211.037,-317.805,1,21
0.2734,1.4351,-0.6797,-6.341,215.061,-318.720,1,21
0.2808,1.4712,-0.7021,-8.841,219.268,-319.390,1,21
0.2837,1.5205,-0.7095,-10.915,223.537,-319.634,1,21
0.2910,1.5547,-0.7026,-13.537,228.171,-319.695,1,21
0.2920,1.5791,-0.7148,-16.159,233.232,-319.512,1,21
0.3037,1.6025,-0.7271,-17.988,238.049,-319.268,1,21
0.3125,1.6187,-0.7344,-20.305,243.049,-318.110,1,21
0.2905,1.2061,-0.3169,46.646,323.171,-204.085,1,21
0.3018,1.1636,-0.2959,49.451,321.646,-200.976,1,21
0.3071,1.1216,-0.2808,52.805,319.756,-198.537,1,21
0.3218,1.0884,-0.2749,55.793,317.561,-196.402,1,21
0.3281,1.0420,-0.2725,58.415,315.000,-194.573,1,21
0.3447,0.9971,-0.2627,60.488,312.378,-192.805,1,21
0.3516,0.9609,-0.2480,61.951,309.817,-191.463,1,21
0.3550,0.9175,-0.2451,62.988,306.951,-190.305,1,21
0.9692,-1.0371,0.3452,87.744,-77.622,51.951,2,21
0.9814,-1.0308,0.3516,85.061,-80.183,50.976,2,21
0.9819,-1.0337,0.3477,83.110,-82.317,49.817,2,21
0.9937,-1.0342,0.3442,80.549,-84.756,49.085,2,21
0.9917,-1.0361,0.3423,77.561,-87.439,48.415,2,21
1.0010,-1.0361,0.3291,75.183,-89.756,47.805,2,21
1.0059,-1.0474,0.3228,72.744,-92.439,47.256,2,21
1.0010,-1.0469,0.3237,71.037,-94.695,46.402,2,21
0.6211,1.2046,-0.3999,67.073,169.695,-136.585,1,21
0.6396,1.2676,-0.4028,70.366,170.061,-130.915,1,21
0.6558,1.3398,-0.4072,73.659,170.671,-124.634,1,21
0.6660,1.4023,-0.4194,77.073,171.646,-118.110,1,21
0.6909,1.4736,-0.4111,80.183,172.073,-111.220,1,21
0.7007,1.5371,-0.4106,83.110,173.415,-104.390,1,21
0.7310,1.5947,-0.4277,86.463,174.146,-97.134,1,21
0.7554,1.6519,-0.4224,89.634,174.634,-89.268,1,21
0.8975,1.8882,-0.4414,141.402,161.220,-22.439,1,21
0.9019,1.8716,-0.4351,146.220,158.963,-16.280,1,21
0.8979,1.8516,-0.4326,150.671,155.854,-10.549,1,21
0.9019,1.8218,-0.4463,154.207,153.720,-4.878,1,21
0.8940,1.7886,-0.4463,156.220,151.646,-0.244,1,21
0.8931,1.7383,-0.4414,157.012,150.366,4.329,1,21
0.8789,1.6914,-0.4229,157.073,149.817,8.476,1,21
0.8760,1.6299,-0.4189,155.366,150.000,11.951,1,21
1.2686,0.3359,-0.0078,-21.280,191.280,62.683,1,21
1.2935,0.2939,0.0259,-30.671,184.939,62.805,1,21
1.3076,0.2539,0.0562,-39.085,177.683,62.378,1,21
1.3076,0.2183,0.0840,-47.073,170.122,61.524,1,21
1.3081,0.1934,0.1084,-54.207,162.195,60.610,1,21
1.3096,0.1685,0.1265,-61.037,154.085,59.146,1,21
1.3032,0.1523,0.1338,-66.585,146.768,57.805,1,21
1.2822,0.1338,0.1421,-71.646,138.780,55.976,1,21
1.1353,0.0874,0.0454,-86.159,88.902,42.622,1,21
1.1216,0.0869,0.0225,-85.244,85.732,41.829,1,21
1.1045,0.0898,-0.0083,-83.232,82.622,41.159,1,21
1.1001,0.0913,-0.0352,-80.366,79.817,40.488,1,21
1.0850,0.0874,-0.0596,-77.195,77.317,40.061,1,21
1.0664,0.0737,-0.0815,-73.659,74.878,39.695,1,21
1.0522,0.0601,-0.0952,-69.085,72.317,39.695,1,21
1.0361,0.0469,-0.1094,-64.207,70.671,39.756,1,21
1.0225,0.0239,-0.1304,-58.171,68.232,39.817,1,21
1.0039,0.0049,-0.1597,-51.585,65.976,39.817,1,21
0.9971,-0.0142,-0.1748,-44.634,63.780,39.634,1,21
0.9717,-0.0381,-0.1963,-37.195,61.159,39.451,1,21
0.9531,-0.0562,-0.2222,-28.963,58.659,38.659,1,21
0.9458,-0.0830,-0.2500,-20.488,55.854,37.927,1,21
0.9287,-0.1084,-0.2852,-11.646,52.744,36.951,1,21
0.9150,-0.1196,-0.3154,-2.439,49.939,35.671,1,21
0.6792,-0.2354,-0.4805,69.817,23.780,19.024,1,21
0.6528,-0.2329,-0.4897,75.854,21.829,16.280,1,21
0.6152,-0.2310,-0.5068,81.707,20.427,12.988,1,21
0.5845,-0.2178,-0.5171,87.073,19.817,9.634,1,21
0.5532,-0.2012,-0.5366,92.195,19.390,6.037,1,21
0.5249,-0.1729,-0.5503,96.402,20.427,2.073,1,21
0.4985,-0.1367,-0.5635,100.366,21.402,-2.378,1,21
0.4634,-0.0923,-0.5708,103.415,23.963,-7.256,1,21
0.4331,-0.0410,-0.5796,105.488,26.829,-12.256,1,21
0.4019,0.0068,-0.5854,107.683,30.549,-17.805,1,21
0.3657,0.0649,-0.5796,109.878,34.817,-23.049,1,21
0.3408,0.1255,-0.5820,112.439,39.878,-28.476,1,21
0.3184,0.1743,-0.5718,116.280,44.573,-33.780,1,21
0.2979,0.2349,-0.5635,120.488,50.061,-38.963,1,21
0.2783,0.2915,-0.5532,126.402,55.610,-43.659,1,21
0.2622,0.3496,-0.5259,132.744,61.463,-48.171,1,21
0.2603,0.3945,-0.4971,138.476,67.866,-52.439,1,21
0.2559,0.4521,-0.4663,145.671,74.512,-56.220,1,21
0.2637,0.4839,-0.4346,152.195,81.402,-59.756,1,21
0.2788,0.5127,-0.4175,160.122,87.805,-62.012,1,21
0.3135,0.5400,-0.3794,173.720,96.402,-64.329,1,21
0.3340,0.5425,-0.3623,178.354,99.085,-64.573,1,21
0.3843,0.5566,-0.3174,190.732,106.159,-64.390,1,21
0.4297,0.5645,-0.2910,198.537,110.366,-63.476,1,21
0.9253,-0.0059,-0.0161,214.512,52.866,-53.293,1,21
0.9175,-0.0166,-0.0127,209.512,49.390,-57.317,1,21
0.9146,-0.0249,-0.0229,204.329,45.976,-61.220,1,21
0.8940,-0.0234,-0.0234,199.451,43.720,-65.549,1,21
0.8755,-0.0259,-0.0342,194.207,41.829,-69.024,1,21
0.8721,-0.0103,-0.0396,189.146,40.427,-72.317,1,21
0.8521,0.0078,-0.0552,184.024,39.817,-74.634,1,21
0.8467,0.0376,-0.0566,178.293,39.329,-76.280,1,21
0.8398,0.0723,-0.0513,172.134,39.756,-77.317,1,21
0.8320,0.1050,-0.0386,165.427,40.427,-77.500,1,21
0.8198,0.1484,-0.0269,157.195,41.341,-77.561,1,21
0.8047,0.1685,-0.0234,149.085,42.073,-76.646,1,21
0.8057,0.1968,-0.0244,140.671,42.439,-75.366,1,21
0.8018,0.2192,-0.0200,132.866,42.317,-73.659,1,21
0.8052,0.2402,-0.0190,125.061,41.951,-71.585,1,21
0.8154,0.2500,-0.0215,117.622,41.524,-68.963,1,21
1.1938,0.2437,-0.3286,-54.878,27.134,-64.878,1,21
1.2129,0.2515,-0.3545,-55.915,25.610,-64.390,1,21
1.2495,0.2603,-0.3711,-55.976,23.841,-63.780,1,21
1.2817,0.2856,-0.3862,-55.610,21.524,-62.439,1,21
1.3286,0.2891,-0.4165,-54.878,18.720,-61.220,1,21
1.3682,0.3018,-0.4331,-54.207,15.610,-59.329,1,21
1.4131,0.3022,-0.4399,-53.415,11.463,-57.439,1,21
1.4497,0.3032,-0.4629,-52.866,7.439,-55.305,1,21
2.4048,0.1201,-0.6782,-111.098,-126.280,8.537,1,21
2.4717,0.1167,-0.6699,-120.366,-136.098,13.720,1,21
2.5435,0.1279,-0.6533,-130.244,-145.732,18.537,1,21
2.6167,0.1406,-0.6240,-140.610,-155.549,23.780,1,21
2.6899,0.1685,-0.6113,-150.549,-165.183,28.963,1,21
2.7734,0.1880,-0.5898,-160.366,-175.122,34.146,1,21
2.8398,0.2178,-0.5444,-169.939,-184.878,39.268,1,21
2.9048,0.2554,-0.4893,-178.902,-195.366,43.659,1,21
3.1621,0.9595,0.9033,-163.049,-437.317,145.366,1,21
3.1157,0.9556,0.9727,-159.024,-453.110,156.585,1,21
3.0684,0.9507,1.0396,-154.817,-469.268,168.232,1,21
3.0249,0.9390,1.1001,-151.829,-485.305,180.000,1,21
2.9482,0.9331,1.1479,-149.634,-500.183,191.159,1,21
2.8843,0.9351,1.1973,-148.476,-514.512,202.134,1,21
2.8047,0.9521,1.2427,-146.829,-528.171,211.280,1,21
2.7192,0.9907,1.3027,-146.037,-540.793,219.634,1,21
2.5835,1.0654,1.4141,-145.854,-558.293,230.549,1,21
2.5332,1.0977,1.4458,-145.732,-563.841,233.720,1,21
2.4297,1.1777,1.5322,-145.549,-574.634,239.695,1,21
2.3179,1.2681,1.6182,-145.183,-585.122,245.488,1,21
2.2217,1.3501,1.6909,-143.780,-595.915,251.159,1,21
2.1230,1.4604,1.7656,-140.488,-606.524,257.073,1,21
2.0444,1.5698,1.8218,-135.183,-617.500,263.354,1,21
1.9146,1.7637,1.9082,-122.988,-633.110,273.720,1,21
1.0195,2.7573,2.5591,-25.427,-719.207,339.207,1,21
0.8999,2.7993,2.6191,-14.146,-728.841,347.256,1,21
0.7578,2.8423,2.6826,-3.902,-737.683,355.671,1,21
0.6294,2.8667,2.7266,4.573,-746.220,364.268,1,21
0.5078,2.8882,2.7349,11.768,-753.232,372.866,1,21
0.3735,2.9087,2.7603,17.439,-759.024,381.585,1,21
0.2676,2.9419,2.7920,21.646,-763.171,390.000,1,21
0.1387,2.9746,2.8369,23.963,-766.585,398.232,1,21
0.9248,-1.0181,0.4658,-86.646,197.500,108.720,2,21
0.9771,-1.0317,0.4849,-87.988,199.207,109.085,2,21
1.0327,-1.0552,0.5259,-89.451,200.671,109.024,2,21
1.0825,-1.0737,0.5576,-91.890,201.768,109.085,2,21
1.1255,-1.0884,0.5923,-94.695,202.622,109.085,2,21
1.1826,-1.1133,0.6372,-99.146,203.293,108.963,2,21
1.2207,-1.1367,0.6689,-103.963,203.598,109.207,2,21
1.2588,-1.1519,0.6978,-110.000,204.085,109.878,2,21
0.0430,2.9956,2.8647,24.756,-769.390,406.829,1,21
-0.0435,3.0103,2.8750,23.171,-772.195,415.427,1,21
-0.1387,3.0010,2.8667,20.671,-775.000,425.000,1,21
-0.2168,2.9839,2.8203,17.134,-778.293,433.841,1,21
-0.3047,2.9653,2.7603,12.622,-781.829,442.683,1,21
-0.3896,2.9307,2.6797,6.646,-784.634,450.000,1,21
-0.4644,2.9067,2.6006,0.427,-787.073,456.402,1,21
-0.5469,2.8818,2.5024,-7.866,-788.902,460.549,1,21
1.2896,-1.1816,0.7271,-116.585,204.024,111.037,2,21
1.3169,-1.2046,0.7588,-123.476,204.085,112.256,2,21
1.3462,-1.2349,0.7930,-131.159,203.963,113.780,2,21
1.3687,-1.2627,0.8208,-138.963,203.659,115.793,2,21
1.3853,-1.2944,0.8545,-147.439,202.927,117.439,2,21
1.3901,-1.3296,0.8823,-156.585,202.378,119.268,2,21
1.4009,-1.3608,0.9180,-165.244,201.707,120.671,2,21
1.4019,-1.3887,0.9399,-174.268,200.732,122.744,2,21
-0.6099,2.8911,2.3589,-17.256,-788.902,463.537,1,21
-0.6753,2.9097,2.2173,-29.756,-784.817,468.354,1,21
-0.7534,2.9199,2.0474,-43.171,-777.256,474.573,1,21
-0.8291,2.9351,1.9004,-55.305,-767.683,481.037,1,21
-0.9077,2.9292,1.7983,-66.829,-756.646,487.195,1,21
-0.9873,2.9106,1.7271,-78.415,-745.122,491.524,1,21
-1.0557,2.8701,1.7007,-89.878,-735.061,495.671,1,21
-1.1421,2.8154,1.5527,-99.878,-728.780,500.061,1,21
-0.4116,0.0732,-1.5190,112.256,-242.134,284.329,1,21
-0.3506,0.1289,-1.5000,111.220,-236.890,275.183,1,21
-0.2007,0.2612,-1.4268,111.707,-226.220,257.317,1,21
-0.0459,0.4243,-1.2954,114.634,-214.939,241.280,1,21
0.1509,0.6938,-1.1128,122.805,-197.500,222.439,1,21
0.2666,0.8687,-1.0044,130.305,-183.780,213.171,1,21
0.3506,1.0347,-0.9067,139.512,-168.963,205.610,1,21
0.4063,1.1729,-0.8042,148.902,-153.841,199.024,1,21
0.4404,1.3135,-0.7065,158.963,-138.598,191.951,1,21
0.4561,1.4448,-0.5776,167.988,-124.451,184.390,1,21
0.4453,1.5728,-0.4536,174.695,-111.585,175.854,1,21
0.4307,1.6978,-0.3257,179.390,-100.671,167.073,1,21
0.3760,1.8306,-0.1929,182.439,-91.585,157.805,1,21
0.2988,1.9448,-0.0708,182.927,-82.927,149.695,1,21
0.1699,2.0566,0.0469,181.402,-75.671,141.890,1,21
0.0278,2.1714,0.1431,178.598,-69.512,134.939,1,21
-0.7842,0.9658,-0.1812,-22.073,110.610,-56.341,1,21
-0.7793,0.9595,-0.2266,-17.866,112.866,-65.183,1,21
-0.7671,0.9536,-0.2617,-13.780,115.000,-73.841,1,21
-0.7573,0.9502,-0.2954,-9.634,117.744,-81.646,1,21
-0.7417,0.9434,-0.3262,-5.671,120.488,-89.024,1,21
-0.7178,0.9346,-0.3467,-0.976,123.780,-95.976,1,21
-0.7017,0.9365,-0.3735,3.841,126.402,-102.439,1,21
-0.6821,0.9292,-0.3843,8.902,129.634,-108.537,1,21
-0.5610,0.7798,-0.4146,43.354,161.707,-153.659,1,21
-0.5518,0.7544,-0.4097,44.939,165.671,-157.988,1,21
-0.5430,0.7314,-0.4116,45.610,169.268,-162.134,1,21
-0.5278,0.7217,-0.4072,45.305,172.927,-166.402,1,21
-0.5269,0.7090,-0.4067,45.671,176.768,-170.061,1,21
-0.5049,0.6948,-0.4058,44.390,180.671,-174.146,1,21
-0.4824,0.6929,-0.4087,43.476,184.634,-177.683,1,21
-0.4624,0.6997,-0.4097,42.195,188.598,-181.524,1,21
-0.4434,0.7134,-0.4053,40.183,192.317,-184.939,1,21
-0.4136,0.7207,-0.4038,38.354,196.280,-188.171,1,21
-0.3906,0.7358,-0.4092,36.463,199.939,-191.159,1,21
-0.3618,0.7480,-0.4146,34.573,203.537,-194.085,1,21
-0.3296,0.7676,-0.4277,32.622,207.134,-196.524,1,21
-0.2988,0.7900,-0.4199,31.037,210.061,-199.390,1,21
-0.2798,0.8120,-0.4321,29.146,213.232,-202.012,1,21
-0.2515,0.8403,-0.4199,27.012,216.098,-204.573,1,21
1.0029,-0.5898,0.3818,40.122,-88.537,68.110,2,21
1.0029,-0.6226,0.3989,42.622,-89.329,70.488,2,21
1.0049,-0.6475,0.4126,45.671,-90.061,72.073,2,21
0.9976,-0.6792,0.4224,49.085,-90.976,74.085,2,21
0.9995,-0.7046,0.4331,52.378,-92.134,75.732,2,21
1.0034,-0.7285,0.4360,55.427,-93.537,77.317,2,21
1.0034,-0.7529,0.4473,58.476,-94.939,78.293,2,21
0.9980,-0.7866,0.4385,61.220,-96.585,79.573,2,21
0.3726,1.3223,-0.6475,28.841,306.585,-244.756,1,21
0.3735,1.3525,-0.6699,32.073,308.841,-245.183,1,21
0.3740,1.3735,-0.6831,36.037,311.646,-245.366,1,21
0.3687,1.4014,-0.6870,40.061,313.963,-245.549,1,21
0.3550,1.4233,-0.6948,44.634,316.341,-245.183,1,21
0.3442,1.4448,-0.7095,49.268,318.659,-244.695,1,21
0.3296,1.4717,-0.7520,54.390,321.951,-244.329,1,21
0.3110,1.4844,-0.7866,59.634,327.378,-243.415,1,21
0.4448,1.1582,-0.3667,121.280,340.610,-187.195,1,21
0.4575,1.1138,-0.3237,118.841,338.049,-184.817,1,21
0.4712,1.0698,-0.2847,116.159,335.732,-182.317,1,21
0.4775,1.0259,-0.2378,113.049,332.988,-179.817,1,21
0.4971,0.9761,-0.2119,108.659,329.695,-177.073,1,21
0.5098,0.9277,-0.1709,103.841,325.854,-174.512,1,21
0.5259,0.8716,-0.1167,97.744,321.768,-172.622,1,21
0.5420,0.8179,-0.0859,91.098,317.439,-170.244,1,21
0.7251,-1.2290,0.4185,82.866,-183.232,23.537,2,21
0.7178,-1.2227,0.4009,80.976,-185.244,21.463,2,21
0.7100,-1.2261,0.3936,78.780,-187.378,19.329,2,21
0.7085,-1.2266,0.3765,76.829,-189.512,17.012,2,21
0.7021,-1.2261,0.3716,74.756,-191.829,14.512,2,21
0.6968,-1.2280,0.3540,71.951,-193.841,12.256,2,21
0.6958,-1.2241,0.3306,69.756,-196.341,9.695,2,21
0.6899,-1.2275,0.3149,66.463,-198.232,7.378,2,21
0.5566,0.7622,-0.0620,83.659,312.561,-168.354,1,21
0.5820,0.7148,-0.0381,75.549,307.683,-166.585,1,21
0.5908,0.6616,-0.0195,66.585,302.500,-165.244,1,21
0.6035,0.6108,0.0059,56.768,297.439,-163.963,1,21
0.6108,0.5552,0.0469,46.890,292.683,-162.744,1,21
0.6196,0.5010,0.0762,36.768,288.049,-161.707,1,21
0.6260,0.4492,0.0977,26.646,284.024,-160.793,1,21
0.6250,0.4028,0.1270,16.585,279.634,-159.939,1,21
0.6895,-1.2139,0.2920,63.963,-200.000,4.878,2,21
0.6812,-1.2065,0.2695,61.220,-202.012,2.744,2,21
0.6748,-1.2012,0.2495,58.537,-203.476,0.366,2,21
0.6699,-1.1914,0.2397,55.427,-204.695,-1.646,2,21
0.6704,-1.1821,0.2114,52.439,-205.793,-3.720,2,21
0.6606,-1.1704,0.1909,48.841,-206.524,-5.793,2,21
0.6567,-1.1538,0.1743,44.878,-207.500,-7.134,2,21
0.6475,-1.1421,0.1587,41.341,-208.049,-9.146,2,21
0.6235,0.3555,0.1445,7.256,275.549,-159.329,1,21
0.6309,0.3208,0.1714,-2.317,271.768,-158.963,1,21
0.6265,0.2778,0.2114,-11.829,268.902,-158.537,1,21
0.6313,0.2471,0.2329,-20.854,266.280,-158.171,1,21
0.6401,0.2251,0.2363,-29.146,263.902,-157.439,1,21
0.6396,0.2129,0.2515,-35.671,261.768,-156.707,1,21
0.6563,0.2021,0.2476,-41.768,259.878,-155.732,1,21
0.6694,0.2168,0.2437,-47.866,257.805,-154.268,1,21
0.9063,0.2686,-0.0322,-86.585,242.500,-111.037,1,21
0.9336,0.2329,-0.0679,-88.171,239.634,-104.268,1,21
0.9600,0.1899,-0.1118,-89.512,236.768,-98.049,1,21
0.9854,0.1396,-0.1548,-90.427,233.293,-91.707,1,21
1.0151,0.0864,-0.1899,-90.793,229.085,-85.671,1,21
1.0327,0.0259,-0.2222,-91.280,224.817,-80.244,1,21
1.0664,-0.0352,-0.2505,-91.707,220.122,-75.061,1,21
1.0850,-0.0933,-0.2646,-92.927,215.549,-70.000,1,21
1.1045,-0.1504,-0.2847,-94.146,211.098,-65.854,1,21
1.1294,-0.2070,-0.3076,-96.159,206.280,-62.134,1,21
1.1431,-0.2437,-0.3301,-97.988,201.341,-59.451,1,21
1.1514,-0.2822,-0.3696,-99.451,196.646,-57.134,1,21
1.1670,-0.3223,-0.4272,-98.659,192.073,-55.061,1,21
1.1646,-0.3359,-0.4746,-96.280,187.805,-54.146,1,21
1.1616,-0.3384,-0.5151,-92.866,184.207,-53.354,1,21
1.1323,-0.3110,-0.5493,-88.232,181.768,-54.207,1,21
1.1025,-0.2661,-0.5742,-83.720,180.183,-56.585,1,21
1.0571,-0.2017,-0.5796,-79.146,179.817,-60.793,1,21
1.0029,-0.1284,-0.5845,-75.488,180.488,-66.220,1,21
0.9512,-0.0308,-0.5850,-70.549,181.646,-73.476,1,21
0.8950,0.0703,-0.5674,-65.488,183.720,-80.366,1,21
0.8379,0.1802,-0.5586,-59.634,186.220,-88.110,1,21
0.7837,0.3066,-0.5313,-53.476,189.695,-95.732,1,21
0.7310,0.4326,-0.5176,-46.341,193.659,-102.927,1,21
0.6904,0.5522,-0.4976,-37.622,197.683,-109.695,1,21
0.6641,0.6855,-0.4717,-27.195,201.951,-115.488,1,21
0.6392,0.8188,-0.4521,-15.366,206.159,-120.549,1,21
0.6172,0.9443,-0.4199,-2.134,210.732,-125.244,1,21
0.6113,1.0747,-0.3794,12.561,214.573,-128.415,1,21
0.6128,1.1978,-0.3374,28.232,218.171,-131.280,1,21
0.6147,1.3184,-0.2876,44.878,221.463,-133.110,1,21
0.6353,1.4248,-0.2231,61.159,223.415,-134.207,1,21
0.6348,-1.2383,-0.0981,4.878,-133.049,-56.280,2,21
0.6421,-1.2407,-0.1089,8.720,-130.244,-56.341,2,21
0.6519,-1.2495,-0.1143,11.890,-127.073,-56.524,2,21
0.6567,-1.2573,-0.1333,15.183,-124.268,-57.012,2,21
0.6582,-1.2632,-0.1499,18.537,-121.159,-57.195,2,21
0.6641,-1.2754,-0.1616,21.890,-118.354,-57.866,2,21
0.6626,-1.2910,-0.1812,25.610,-115.122,-58.293,2,21
0.6577,-1.2935,-0.1973,29.024,-112.256,-59.085,2,21
0.9233,1.7607,0.2729,192.378,208.232,-107.683,1,21
0.9551,1.7305,0.3174,201.098,205.427,-104.085,1,21
0.9805,1.6909,0.3647,208.415,202.317,-100.732,1,21
1.0166,1.6426,0.4048,214.939,198.476,-98.415,1,21
1.0430,1.6055,0.4463,220.244,194.390,-96.341,1,21
1.0811,1.5469,0.4819,222.805,189.329,-94.695,1,21
1.1177,1.4717,0.5376,222.073,185.061,-92.378,1,21
1.1436,1.3867,0.5732,219.634,180.122,-89.146,1,21
0.6650,-1.2983,-0.2090,32.378,-109.085,-59.268,2,21
0.6509,-1.3105,-0.2300,36.159,-106.098,-60.061,2,21
0.6377,-1.3154,-0.2397,39.512,-103.476,-60.427,2,21
0.6338,-1.3242,-0.2568,42.744,-100.732,-61.524,2,21
0.6133,-1.3257,-0.2715,45.732,-97.988,-62.378,2,21
0.5986,-1.3345,-0.2808,48.720,-95.610,-63.049,2,21
0.5767,-1.3452,-0.3027,50.976,-92.927,-63.841,2,21
0.5547,-1.3540,-0.3232,53.537,-89.878,-65.244,2,21
1.1836,1.2700,0.5972,214.756,174.756,-84.512,1,21
1.2197,1.1372,0.6094,210.488,168.841,-78.598,1,21
1.2471,1.0024,0.6143,207.805,161.951,-71.098,1,21
1.2705,0.8545,0.6177,206.585,153.902,-63.537,1,21
1.2847,0.7100,0.6313,207.500,144.939,-56.341,1,21
1.2920,0.5591,0.6270,210.366,134.756,-50.549,1,21
1.2837,0.4199,0.6362,215.061,123.293,-46.524,1,21
1.2788,0.3081,0.6367,221.585,110.671,-44.939,1,21
0.5400,-1.3672,-0.3335,55.915,-86.829,-65.915,2,21
0.5210,-1.3813,-0.3521,58.232,-83.902,-66.829,2,21
0.5044,-1.4077,-0.3574,60.183,-80.732,-67.805,2,21
0.4873,-1.4106,-0.3535,62.439,-77.317,-68.902,2,21
0.4624,-1.4321,-0.3521,64.085,-74.146,-70.000,2,21
0.4453,-1.4409,-0.3618,65.061,-71.402,-71.646,2,21
0.4316,-1.4629,-0.3687,65.793,-68.537,-73.354,2,21
0.4097,-1.4727,-0.3711,66.463,-66.037,-75.122,2,21
1.2661,0.1670,0.6162,231.524,90.732,-46.829,1,21
1.2612,0.1328,0.6060,234.146,83.841,-48.476,1,21
1.2715,0.0947,0.5654,238.537,70.244,-52.622,1,21
1.2695,0.0762,0.5132,239.695,57.134,-56.768,1,21
1.2769,0.0718,0.4712,237.744,46.220,-60.793,1,21
1.2793,0.1045,0.4072,233.232,36.890,-63.171,1,21
1.2852,0.1450,0.3301,226.220,30.244,-64.024,1,21
1.2725,0.2520,0.2363,212.988,25.427,-61.463,1,21
1.2573,0.3359,0.1836,202.866,25.122,-58.476,1,21
1.2432,0.4365,0.1455,192.073,26.829,-53.659,1,21
1.2129,0.5371,0.1123,181.463,29.756,-48.171,1,21
1.1890,0.6484,0.0840,171.098,33.963,-41.646,1,21
1.1611,0.7476,0.0679,162.012,37.805,-34.207,1,21
1.1440,0.8423,0.0581,153.415,41.707,-25.610,1,21
1.1255,0.9229,0.0566,146.707,44.512,-16.585,1,21
1.1147,0.9868,0.0635,141.463,46.524,-6.890,1,21
0.1841,-0.8560,-0.5181,62.683,-25.976,-121.646,2,21
0.1860,-0.8511,-0.5239,62.195,-25.427,-120.732,2,21
0.1792,-0.8320,-0.5244,61.220,-24.695,-119.390,2,21
0.1797,-0.8213,-0.5322,60.427,-24.024,-118.293,2,21
0.1807,-0.8125,-0.5337,59.817,-23.537,-116.951,2,21
0.1748,-0.8018,-0.5313,58.841,-23.232,-115.610,2,21
0.1797,-0.7896,-0.5298,57.866,-22.744,-114.268,2,21
0.1719,-0.7842,-0.5278,56.524,-22.500,-113.110,2,21
0.5239,-0.2676,-0.2681,35.000,-15.854,-18.963,1,21
0.5088,-0.2554,-0.2822,33.415,-15.183,-21.585,1,21
0.5161,-0.2642,-0.2939,31.524,-14.268,-24.268,1,21
0.5176,-0.2451,-0.3130,29.268,-12.805,-27.012,1,21
0.5107,-0.2349,-0.3145,26.463,-10.793,-29.756,1,21
0.5063,-0.2217,-0.3247,23.476,-7.988,-32.988,1,21
0.5093,-0.2100,-0.3311,20.610,-4.329,-36.220,1,21
0.5083,-0.1953,-0.3584,18.293,-0.061,-40.122,1,21
0.7554,0.1387,-0.4106,43.354,35.183,-92.317,1,21
0.7485,0.1719,-0.4131,44.146,32.195,-94.390,1,21
0.7275,0.2070,-0.3975,43.780,30.366,-97.195,1,21
0.7065,0.2344,-0.3804,42.134,29.268,-99.756,1,21
0.6772,0.2637,-0.3584,40.488,28.841,-102.500,1,21
0.6558,0.2808,-0.3506,38.659,28.171,-105.061,1,21
0.6318,0.3027,-0.3481,38.110,27.317,-106.524,1,21
0.6157,0.3228,-0.3452,38.110,26.585,-107.622,1,21
2.3530,0.3354,-0.1631,-43.232,-14.329,18.720,1,21
2.4189,0.3208,-0.1738,-46.951,-20.671,21.951,1,21
2.5298,0.2749,-0.1997,-53.171,-35.122,27.195,1,21
2.6260,0.2427,-0.2354,-57.683,-51.220,31.098,1,21
2.7061,0.2251,-0.2725,-62.195,-68.902,33.720,1,21
2.7739,0.2012,-0.3267,-66.098,-85.671,35.976,1,21
2.8486,0.1914,-0.3765,-71.463,-101.707,38.598,1,21
2.9277,0.1846,-0.4448,-77.256,-115.427,41.768,1,21
3.9082,0.1387,-0.7939,-161.280,-167.256,109.024,1,21
4.0532,0.2510,-0.7695,-167.622,-174.268,119.451,1,21
4.1602,0.3618,-0.7188,-172.012,-184.207,128.354,1,21
4.2495,0.4531,-0.6782,-172.378,-196.707,136.037,1,21
4.3154,0.5449,-0.6265,-168.963,-211.280,143.049,1,21
4.3760,0.6138,-0.5991,-161.768,-226.098,150.122,1,21
4.4185,0.6714,-0.5684,-151.951,-240.488,158.354,1,21
4.4404,0.7207,-0.5264,-140.732,-253.659,168.232,1,21
2.7505,0.5933,0.4814,-32.378,-419.085,368.780,1,21
2.6768,0.6528,0.6025,-36.280,-423.537,377.988,1,21
2.6030,0.7183,0.7202,-41.951,-427.378,386.098,1,21
2.5361,0.7964,0.8257,-46.341,-430.976,394.024,1,21
2.4668,0.8940,0.9351,-50.061,-434.390,401.159,1,21
2.4102,0.9932,1.0669,-52.927,-437.073,409.024,1,21
2.3589,1.1050,1.1665,-54.390,-439.817,416.280,1,21
2.3032,1.2217,1.2642,-54.329,-442.866,423.659,1,21
-0.1030,-1.4141,0.3652,-199.207,237.988,73.476,2,21
-0.0918,-1.3774,0.3716,-204.817,240.000,77.561,2,21
-0.0854,-1.3394,0.3721,-208.659,242.561,82.195,2,21
-0.0767,-1.3076,0.3716,-211.463,245.183,87.073,2,21
-0.0640,-1.2759,0.3784,-213.537,248.049,91.890,2,21
-0.0449,-1.2466,0.3901,-214.207,251.585,96.890,2,21
-0.0186,-1.2246,0.3945,-213.963,254.756,102.378,2,21
0.0049,-1.2056,0.4097,-213.354,257.988,107.622,2,21
0.0234,-1.1899,0.4321,-212.317,261.280,112.805,2,21
0.0537,-1.1748,0.4692,-210.427,264.024,117.866,2,21
0.0854,-1.1694,0.4912,-209.146,266.037,122.378,2,21
0.1138,-1.1680,0.5195,-207.622,267.683,126.768,2,21
0.1597,-1.1670,0.5557,-205.854,268.780,130.488,2,21
0.1997,-1.1841,0.5928,-204.329,269.024,134.268,2,21
0.2427,-1.1899,0.6362,-202.622,268.659,137.561,2,21
0.2974,-1.2041,0.6812,-201.098,267.927,140.305,2,21
0.8008,-1.4258,1.0181,-198.537,250.122,158.232,2,21
0.8721,-1.4497,1.0386,-197.317,247.256,159.634,2,21
0.9336,-1.4683,1.0645,-196.159,244.390,161.037,2,21
0.9810,-1.4839,1.0737,-195.610,241.341,162.073,2,21
1.0361,-1.4951,1.0986,-195.000,237.622,163.171,2,21
1.0713,-1.5054,1.1187,-194.634,234.024,164.390,2,21
1.1040,-1.5210,1.1309,-195.732,229.756,165.610,2,21
1.1431,-1.5430,1.1362,-196.585,225.305,167.256,2,21
-0.7764,3.6084,1.3530,-182.927,-670.549,550.793,1,21
-0.9277,3.5708,1.1616,-178.476,-670.427,555.000,1,21
-1.0913,3.5298,0.9468,-173.902,-665.976,559.695,1,21
-1.2402,3.5215,0.6821,-170.122,-655.671,565.305,1,21
-1.4316,3.4272,0.3809,-169.451,-635.793,573.049,1,21
-1.5981,3.2280,0.1846,-152.195,-616.037,576.951,1,21
-1.7300,3.0869,-0.0112,-129.390,-597.500,575.976,1,21
-1.8027,2.9634,-0.2002,-104.695,-581.585,570.488,1,21
1.0991,-1.6572,1.0513,-209.573,189.817,174.085,2,21
1.0815,-1.6655,1.0361,-212.012,187.073,173.476,2,21
1.0693,-1.6743,1.0410,-214.390,184.817,172.256,2,21
1.0464,-1.6831,1.0303,-217.073,182.622,170.732,2,21
1.0313,-1.6685,1.0234,-219.573,180.305,168.659,2,21
1.0171,-1.6748,1.0098,-222.073,178.659,166.585,2,21
1.0146,-1.6660,0.9912,-224.817,176.402,164.085,2,21
1.0005,-1.6553,0.9683,-227.866,174.695,161.463,2,21
-1.8369,2.8550,-0.3984,-78.232,-564.756,561.524,1,21
-1.8223,2.7422,-0.5532,-49.329,-547.073,550.732,1,21
-1.7734,2.6167,-0.6616,-17.988,-525.793,538.659,1,21
-1.6831,2.5020,-0.7480,15.915,-501.829,525.671,1,21
-1.5547,2.3955,-0.7729,50.000,-476.220,512.195,1,21
-1.3672,2.2979,-0.7681,82.256,-449.939,499.756,1,21
-1.1436,2.1938,-0.7510,110.549,-423.476,488.598,1,21
-0.9102,2.1167,-0.7217,135.061,-398.232,478.780,1,21
-0.6777,2.0464,-0.6978,154.085,-374.207,470.549,1,21
-0.4814,1.9990,-0.7002,169.512,-352.439,463.049,1,21
-0.3330,1.9546,-0.7422,181.341,-333.963,455.549,1,21
-0.2393,1.9341,-0.7847,189.756,-317.805,446.951,1,21
-0.2114,1.9229,-0.8438,195.854,-302.866,437.012,1,21
-0.2285,1.9106,-0.9370,200.244,-289.573,425.671,1,21
-0.2939,1.9043,-1.0269,203.476,-275.732,413.720,1,21
-0.3936,1.8872,-1.1377,205.183,-260.793,401.585,1,21
-1.8447,1.6040,-1.4351,188.841,-91.951,274.512,1,21
-1.9531,1.5269,-1.4307,183.476,-70.183,259.024,1,21
-2.0464,1.4302,-1.4009,176.768,-49.939,243.110,1,21
-2.1182,1.3320,-1.3726,168.537,-32.195,226.341,1,21
-2.1729,1.2466,-1.3169,159.695,-17.317,208.476,1,21
-2.2153,1.1699,-1.2529,149.756,-4.146,190.793,1,21
-2.2241,1.1157,-1.1694,138.780,7.012,173.720,1,21
-2.2217,1.0933,-1.0757,127.195,16.402,157.622,1,21
-0.4512,0.7158,-0.1426,-33.415,79.939,-192.805,1,21
-0.4380,0.7163,-0.1646,-32.744,81.159,-197.195,1,21
-0.4204,0.7173,-0.1831,-31.402,82.622,-201.220,1,21
-0.4106,0.7285,-0.2051,-30.366,84.085,-205.488,1,21
-0.3965,0.7363,-0.2109,-29.207,86.220,-209.329,1,21
-0.3755,0.7432,-0.2319,-28.232,88.293,-213.841,1,21
-0.3647,0.7534,-0.2407,-27.561,90.488,-217.988,1,21
-0.3481,0.7485,-0.2563,-27.378,92.805,-221.951,1,21
-0.3169,0.7490,-0.2871,-27.622,96.829,-227.866,1,21
-0.3076,0.7539,-0.2891,-28.110,98.110,-230.000,1,21
-0.2900,0.7437,-0.3096,-28.841,100.854,-233.415,1,21
-0.2764,0.7534,-0.3330,-29.939,103.659,-236.890,1,21
-0.2515,0.7563,-0.3496,-31.646,106.280,-240.244,1,21
-0.2344,0.7690,-0.3550,-33.902,110.122,-243.780,1,21
-0.2109,0.7881,-0.3530,-36.463,113.963,-246.707,1,21
-0.1802,0.8071,-0.3818,-41.280,120.244,-250.915,1,21
-0.1577,0.8325,-0.3931,-44.268,124.573,-253.110,1,21
-0.1377,0.8545,-0.4058,-47.195,128.415,-255.244,1,21
-0.1182,0.8896,-0.4326,-50.549,132.805,-257.622,1,21
-0.0874,0.9243,-0.4492,-54.146,136.707,-259.451,1,21
-0.0615,0.9653,-0.4712,-57.439,140.488,-261.220,1,21
-0.0356,1.0010,-0.4966,-60.671,144.268,-262.805,1,21
-0.0205,1.0405,-0.5244,-63.354,147.866,-264.695,1,21
0.0015,1.0869,-0.5386,-67.073,151.951,-266.220,1,21
0.1494,1.4121,-0.8550,-17.134,316.890,-250.183,1,21
0.1509,1.3970,-0.8398,-5.244,319.939,-251.585,1,21
0.1577,1.4121,-0.8101,7.500,321.585,-253.598,1,21
0.1548,1.4360,-0.7949,20.000,320.549,-255.854,1,21
0.1519,1.4741,-0.7715,31.829,318.841,-257.805,1,21
0.1621,1.5054,-0.7661,43.354,316.585,-259.451,1,21
0.1577,1.5444,-0.7642,54.634,314.024,-261.037,1,21
0.1543,1.5854,-0.7637,65.488,311.890,-261.768,1,21
0.1499,1.6221,-0.7715,75.854,310.549,-261.829,1,21
0.1426,1.6489,-0.7866,85.976,310.427,-261.524,1,21
0.1440,1.6831,-0.8022,95.976,311.159,-259.878,1,21
0.1406,1.7095,-0.8276,105.793,312.744,-258.049,1,21
0.1377,1.7295,-0.8501,114.512,314.390,-255.854,1,21
0.1445,1.7339,-0.8823,123.415,317.134,-252.927,1,21
0.1431,1.7446,-0.9087,131.524,319.634,-250.244,1,21
0.1475,1.7363,-0.9414,139.573,322.195,-247.500,1,21
0.7949,-1.2827,0.2944,117.500,-187.805,51.463,2,21
0.8101,-1.2959,0.2939,115.976,-189.390,49.268,2,21
0.8071,-1.3159,0.2910,114.573,-190.366,46.707,2,21
0.8071,-1.3232,0.2900,112.683,-191.463,44.390,2,21
0.8174,-1.3428,0.2979,110.488,-193.110,42.073,2,21
0.8315,-1.3560,0.2974,108.232,-194.817,39.512,2,21
0.8193,-1.3594,0.3022,105.793,-196.707,37.134,2,21
0.8213,-1.3706,0.3086,103.171,-198.720,34.695,2,21
0.1582,1.7314,-0.9756,150.610,326.402,-244.390,1,21
0.1567,1.7231,-1.0005,157.805,329.329,-243.354,1,21
0.1548,1.7114,-1.0078,161.159,330.549,-243.049,1,21
0.1616,1.7031,-1.0142,167.500,332.866,-242.622,1,21
0.1665,1.6577,-1.0332,175.305,335.244,-242.378,1,21
0.1826,1.6362,-1.0376,179.329,336.280,-242.439,1,21
0.1802,1.5972,-1.0269,181.646,336.768,-242.744,1,21
0.1802,1.5601,-1.0137,183.171,337.256,-243.537,1,21
0.2607,1.2939,-0.8677,120.915,335.671,-245.793,1,21
0.2686,1.2588,-0.8525,107.378,337.439,-243.963,1,21
0.2739,1.2266,-0.8164,93.476,340.000,-242.744,1,21
0.2832,1.1934,-0.7871,79.390,343.110,-241.098,1,21
0.2754,1.1665,-0.7612,66.768,346.098,-239.512,1,21
0.2969,1.1460,-0.7363,54.695,349.024,-238.049,1,21
0.2993,1.1211,-0.7061,43.659,352.012,-236.951,1,21
0.3076,1.1001,-0.6831,33.415,354.390,-236.037,1,21
0.9170,1.0083,0.5293,24.085,299.939,-97.378,1,21
0.9316,1.0059,0.4980,27.195,295.854,-94.695,1,21
0.9644,0.9961,0.4790,33.476,287.500,-89.634,1,21
0.9951,0.9644,0.4414,39.878,278.720,-84.817,1,21
1.0264,0.9458,0.4019,45.915,270.549,-79.817,1,21
1.0435,0.9106,0.3643,51.890,262.134,-74.695,1,21
1.0591,0.8696,0.3237,56.646,254.146,-69.939,1,21
1.0684,0.8354,0.2949,61.220,246.220,-65.061,1,21
0.4668,-1.3184,0.2549,10.488,-174.512,-147.744,2,21
0.4629,-1.3042,0.2402,12.012,-172.439,-150.061,2,21
0.4512,-1.3042,0.2344,13.232,-170.366,-152.317,2,21
0.4365,-1.2881,0.2266,14.390,-168.049,-154.268,2,21
0.4297,-1.2793,0.2231,15.854,-166.037,-156.220,2,21
0.4287,-1.2686,0.2173,16.707,-163.659,-157.744,2,21
0.4038,-1.2573,0.2104,17.500,-161.280,-159.939,2,21
0.3936,-1.2495,0.2090,18.659,-158.598,-161.280,2,21
1.1245,-0.3013,-0.4556,105.427,124.268,-49.085,1,21
1.0996,-0.2568,-0.4644,101.098,122.073,-54.756,1,21
1.0864,-0.2012,-0.4722,97.012,120.061,-59.573,1,21
1.0752,-0.1504,-0.4883,94.146,118.476,-63.598,1,21
1.0581,-0.0952,-0.4883,92.256,116.707,-66.463,1,21
1.0537,-0.0464,-0.5098,91.098,114.512,-68.354,1,21
1.0479,-0.0054,-0.5273,91.037,112.012,-69.451,1,21
1.0439,0.0361,-0.5591,92.378,108.476,-69.634,1,21
0.3213,-1.1299,0.1655,37.256,-119.512,-171.707,2,21
0.3115,-1.1235,0.1577,38.537,-117.500,-171.585,2,21
0.3115,-1.1143,0.1514,39.268,-115.732,-171.159,2,21
0.3032,-1.1123,0.1338,40.122,-113.902,-171.159,2,21
0.2935,-1.1177,0.1367,41.220,-112.317,-170.793,2,21
0.2891,-1.1143,0.1196,41.707,-110.610,-170.122,2,21
0.2866,-1.1104,0.1108,42.439,-109.085,-170.061,2,21
0.2871,-1.1084,0.0981,43.110,-107.317,-169.451,2,21
1.0425,0.0757,-0.5889,94.085,104.390,-70.244,1,21
1.0366,0.1235,-0.6030,94.817,100.732,-70.915,1,21
1.0186,0.1626,-0.6118,94.268,97.439,-73.171,1,21
1.0078,0.2085,-0.6094,91.829,94.817,-76.829,1,21
0.9731,0.2500,-0.6094,89.085,93.171,-81.890,1,21
0.9458,0.2764,-0.6118,85.793,92.195,-88.415,1,21
0.9272,0.3159,-0.5996,83.415,91.707,-95.732,1,21
0.9072,0.3579,-0.5908,81.524,92.195,-103.537,1,21
0.9648,0.7646,-0.1187,50.732,118.232,-147.805,1,21
0.9893,0.8018,-0.0684,48.902,120.854,-148.415,1,21
1.0161,0.8369,-0.0083,48.415,123.598,-148.110,1,21
1.0537,0.8550,0.0430,48.780,125.854,-146.341,1,21
1.0825,0.8599,0.0913,50.915,126.768,-143.476,1,21
1.1216,0.8535,0.1558,53.780,127.561,-139.085,1,21
1.1504,0.8516,0.2197,57.195,127.012,-133.354,1,21
1.1748,0.8257,0.3027,60.549,125.061,-126.037,1,21
1.2080,0.7671,0.4058,69.878,118.963,-113.354,1,21
1.2178,0.7451,0.4365,74.085,116.098,-108.720,1,21
1.2217,0.6924,0.4624,83.720,109.207,-99.512,1,21
1.2310,0.6533,0.4873,94.939,101.768,-91.220,1,21
1.2275,0.6216,0.4644,106.707,93.537,-83.780,1,21
1.2144,0.6074,0.4316,118.598,84.878,-77.195,1,21
1.1987,0.6406,0.3350,136.646,72.195,-69.817,1,21
1.1763,0.6812,0.2729,147.012,64.268,-66.159,1,21
0.9961,1.1167,0.0986,187.561,46.524,-11.707,1,21
1.0161,1.1577,0.0903,185.671,48.232,-3.110,1,21
1.0356,1.1777,0.0688,182.317,49.268,5.244,1,21
1.0669,1.1904,0.0439,177.927,50.000,13.963,1,21
1.0859,1.1851,0.0439,171.890,49.878,22.622,1,21
1.1113,1.1543,0.0405,164.817,49.024,30.793,1,21
1.1318,1.1016,0.0396,156.341,47.195,38.841,1,21
1.1665,1.0391,0.0488,146.524,45.183,45.793,1,21
1.3169,0.1479,0.0005,4.329,25.793,54.451,1,21
1.2954,0.0864,-0.0225,-14.390,21.280,49.573,1,21
1.2671,0.0269,-0.0630,-31.829,16.037,43.720,1,21
1.2363,-0.0171,-0.0986,-48.049,10.915,38.537,1,21
1.1982,-0.0449,-0.1367,-62.805,6.280,33.720,1,21
1.1577,-0.0640,-0.2012,-75.915,2.561,29.085,1,21
1.1099,-0.0796,-0.2466,-87.622,-0.549,24.939,1,21
1.0693,-0.0957,-0.3052,-97.622,-2.683,21.037,1,21
0.4263,-0.7271,-0.9277,97.561,-8.415,-62.866,2,21
0.4321,-0.7183,-0.9263,97.195,-8.780,-62.500,2,21
0.4365,-0.7188,-0.9268,95.915,-10.549,-61.037,2,21
0.4414,-0.7173,-0.9302,94.878,-12.195,-60.122,2,21
0.4482,-0.7144,-0.9375,93.598,-13.780,-59.390,2,21
0.4487,-0.7124,-0.9355,92.134,-15.732,-58.659,2,21
0.4458,-0.7168,-0.9609,90.671,-17.500,-57.744,2,21
0.4463,-0.7119,-0.9600,89.817,-18.902,-57.500,2,21
0.3242,-0.6528,-1.1182,-85.610,-15.915,-53.293,2,21
0.3159,-0.6382,-1.1035,-88.720,-13.841,-52.134,2,21
0.3110,-0.6255,-1.0864,-91.280,-11.951,-50.854,2,21
0.3022,-0.6187,-1.0605,-93.171,-10.122,-49.512,2,21
0.2856,-0.6084,-1.0581,-94.390,-8.537,-47.866,2,21
0.2725,-0.5957,-1.0439,-95.671,-6.585,-46.463,2,21
0.2700,-0.5894,-1.0298,-96.951,-4.939,-44.207,2,21
0.2407,-0.5806,-1.0239,-98.354,-3.171,-42.622,2,21
1.0767,0.3237,0.0083,100.244,49.756,-98.110,1,21
1.1699,0.3149,-0.0176,85.000,52.744,-94.390,1,21
1.2593,0.3115,-0.0210,68.476,55.244,-90.244,1,21
1.3457,0.3193,-0.0205,51.890,56.341,-86.280,1,21
1.4268,0.3335,-0.0181,35.549,55.488,-81.890,1,21
1.5127,0.3628,-0.0225,20.244,53.110,-77.256,1,21
1.6035,0.4067,-0.0166,5.122,48.537,-71.707,1,21
1.7031,0.4360,-0.0225,-8.780,42.500,-65.122,1,21
1.8521,0.4741,-0.0415,-26.890,30.183,-52.927,1,21
1.8999,0.4922,-0.0576,-32.500,25.366,-48.354,1,21
1.9995,0.5093,-0.0688,-43.049,15.671,-39.085,1,21
2.0918,0.5337,-0.0703,-53.537,5.976,-29.573,1,21
2.1772,0.5547,-0.0586,-63.963,-3.354,-20.610,1,21
2.2495,0.5708,-0.0469,-74.146,-12.744,-11.951,1,21
2.3115,0.5732,-0.0371,-83.354,-22.073,-4.573,1,21
2.4033,0.5830,-0.0225,-96.402,-35.671,4.512,1,21
3.1440,0.5186,-0.0493,-169.329,-111.646,46.524,1,21
3.2593,0.5513,-0.0659,-175.305,-124.207,53.293,1,21
3.3682,0.5820,-0.1016,-180.488,-137.500,60.488,1,21
3.4858,0.6396,-0.1274,-185.122,-150.854,68.537,1,21
3.5928,0.7065,-0.1504,-188.720,-164.817,77.195,1,21
3.7036,0.7935,-0.1943,-190.671,-179.756,86.098,1,21
3.7905,0.9160,-0.2173,-190.854,-194.878,95.610,1,21
3.8511,1.0532,-0.2461,-189.268,-211.098,104.207,1,21
0.0693,-1.0581,-0.3779,-17.683,99.634,62.744,2,21
0.0791,-1.0869,-0.3486,-18.476,103.171,65.671,2,21
0.0889,-1.1206,-0.3140,-19.451,106.341,67.866,2,21
0.0972,-1.1455,-0.2832,-20.671,109.573,70.610,2,21
0.1035,-1.1733,-0.2534,-22.500,113.110,73.354,2,21
0.1108,-1.2026,-0.2158,-24.817,116.159,75.793,2,21
0.1182,-1.2241,-0.1802,-27.378,119.695,78.354,2,21
0.1182,-1.2446,-0.1689,-29.878,122.805,80.427,2,21
3.8838,1.1968,-0.2534,-185.488,-228.232,112.561,1,21
3.8989,1.3325,-0.2754,-178.720,-245.915,120.610,1,21
3.9004,1.4741,-0.2852,-169.512,-263.598,128.232,1,21
3.8853,1.5972,-0.2939,-157.988,-280.122,136.829,1,21
3.8672,1.7056,-0.2778,-144.939,-295.305,146.585,1,21
3.8301,1.7744,-0.2720,-131.463,-310.305,157.561,1,21
3.7974,1.8218,-0.2456,-116.646,-325.183,169.878,1,21
3.7637,1.8462,-0.2295,-101.037,-340.305,184.207,1,21
0.1216,-1.2686,-0.1479,-32.927,125.732,82.439,2,21
0.1299,-1.2773,-0.1226,-36.159,128.902,84.207,2,21
0.1426,-1.3022,-0.1064,-38.902,132.012,86.098,2,21
0.1484,-1.3149,-0.0864,-40.976,135.488,87.744,2,21
0.1572,-1.3374,-0.0537,-43.780,138.963,89.390,2,21
0.1719,-1.3496,-0.0332,-46.098,142.622,91.037,2,21
0.1841,-1.3628,0.0010,-48.049,145.915,92.561,2,21
0.2124,-1.3799,0.0376,-50.671,149.390,94.024,2,21
3.7119,1.8398,-0.1938,-85.610,-355.366,199.207,1,21
3.6450,1.8394,-0.1401,-72.012,-370.610,214.695,1,21
3.5571,1.8062,-0.0654,-59.634,-385.976,229.634,1,21
3.4497,1.7563,-0.0020,-49.695,-401.341,244.939,1,21
3.3242,1.6943,0.0776,-40.732,-416.159,259.512,1,21
3.2056,1.6362,0.1646,-34.146,-430.488,274.024,1,21
3.0747,1.5649,0.2500,-29.756,-444.268,288.049,1,21
2.9531,1.4932,0.3403,-26.463,-457.561,302.134,1,21
1.2788,1.7720,2.1743,-62.622,-660.305,434.512,1,21
1.2002,1.8525,2.2510,-63.232,-670.793,436.829,1,21
1.1230,1.9272,2.2983,-62.927,-681.585,438.963,1,21
1.0566,2.0015,2.3066,-62.866,-691.402,440.305,1,21
0.9902,2.0747,2.2988,-62.012,-699.878,441.220,1,21
0.9111,2.1572,2.2910,-62.561,-706.707,442.622,1,21
0.8223,2.2334,2.2988,-64.573,-712.683,443.841,1,21
0.7349,2.3179,2.3379,-69.146,-717.439,445.488,1,21
-0.9214,1.3970,-0.1738,-110.305,85.427,40.000,1,21
-0.9360,1.3975,-0.2363,-97.378,86.463,35.549,1,21
-0.9565,1.4043,-0.2837,-83.354,87.622,30.549,1,21
-0.9868,1.4023,-0.3022,-68.720,89.878,25.000,1,21
-1.0166,1.3950,-0.3228,-53.293,92.988,18.780,1,21
-1.0313,1.3726,-0.3428,-38.415,96.341,12.927,1,21
-1.0400,1.3628,-0.3594,-22.134,99.756,6.890,1,21
-1.0386,1.3384,-0.3701,-7.622,103.720,0.976,1,21
-0.7070,1.2241,-0.4712,97.866,134.695,-46.585,1,21
-0.6665,1.2056,-0.4766,106.646,138.049,-50.610,1,21
-0.6255,1.1846,-0.4697,115.122,141.585,-54.268,1,21
-0.5942,1.1606,-0.4683,122.622,144.939,-58.293,1,21
-0.5459,1.1382,-0.4639,129.451,148.049,-61.951,1,21
-0.5122,1.1104,-0.4712,135.488,150.732,-65.610,1,21
-0.4761,1.0811,-0.4722,140.610,153.049,-69.390,1,21
-0.4517,1.0679,-0.4785,145.061,155.366,-73.293,1,21
0.2510,0.8042,-0.6875,91.159,228.110,-186.585,1,21
0.2646,0.7925,-0.7065,86.890,230.244,-189.207,1,21
0.2710,0.7993,-0.7153,82.866,232.683,-192.317,1,21
0.2744,0.7910,-0.7217,78.476,234.878,-195.122,1,21
0.2861,0.7969,-0.7290,74.512,236.707,-198.049,1,21
0.2886,0.7979,-0.7456,70.732,238.293,-201.098,1,21
0.2900,0.7988,-0.7598,67.317,240.671,-204.085,1,21
0.2915,0.8052,-0.7764,64.207,242.805,-207.744,1,21
0.2344,0.8120,-0.7827,66.220,285.549,-245.183,1,21
0.2563,0.8438,-0.7910,66.829,293.780,-247.866,1,21
0.2622,0.8584,-0.7710,66.646,302.073,-249.451,1,21
0.2534,0.8545,-0.7393,67.134,309.878,-250.122,1,21
0.2456,0.8418,-0.7178,68.720,315.915,-251.341,1,21
0.2505,0.8340,-0.6880,71.768,319.817,-253.171,1,21
0.2524,0.8320,-0.6689,75.488,322.317,-255.061,1,21
0.2690,0.8276,-0.6528,79.451,323.720,-257.744,1,21
0.4668,1.1167,-0.6343,71.768,321.098,-285.061,1,21
0.4756,1.1289,-0.6216,70.305,319.878,-284.695,1,21
0.4873,1.1416,-0.6216,68.293,318.598,-283.171,1,21
0.4976,1.1494,-0.6108,65.915,317.622,-281.341,1,21
0.5122,1.1499,-0.6060,63.232,316.402,-278.720,1,21
0.5176,1.1440,-0.6118,60.732,314.939,-275.671,1,21
0.5425,1.1406,-0.6094,57.988,313.354,-272.134,1,21
0.5488,1.1348,-0.6021,55.366,311.707,-268.476,1,21
0.5596,1.1284,-0.5962,52.744,309.939,-264.817,1,21
0.5742,1.1177,-0.5894,49.878,308.232,-261.220,1,21
0.5825,1.1045,-0.5840,46.951,306.220,-257.805,1,21
0.5874,1.0908,-0.5801,44.573,304.207,-254.329,1,21
0.5830,1.0669,-0.5669,42.012,302.317,-250.488,1,21
0.5918,1.0444,-0.5625,40.061,300.427,-246.890,1,21
0.6006,1.0239,-0.5405,38.902,297.866,-243.476,1,21
0.6001,1.0068,-0.5356,36.829,295.549,-240.244,1,21
0.6030,0.9937,-0.5176,36.159,294.024,-237.012,1,21
0.5991,0.9883,-0.5112,34.512,292.073,-234.024,1,21
0.5928,0.9702,-0.4692,33.415,290.732,-231.037,1,21
0.5933,0.9644,-0.4307,31.890,288.963,-228.293,1,21
0.5879,0.9551,-0.4053,31.098,287.439,-225.732,1,21
0.5923,0.9429,-0.3750,30.732,285.854,-222.744,1,21
0.5845,0.9473,-0.3550,31.524,284.451,-220.122,1,21
0.5913,0.9448,-0.3247,32.744,282.683,-216.829,1,21
0.6479,0.9302,-0.0874,57.744,266.341,-185.183,1,21
0.6592,0.9194,-0.0859,62.134,264.390,-180.976,1,21
0.6777,0.9063,-0.0796,66.220,261.890,-176.463,1,21
0.6963,0.8896,-0.0830,70.366,259.390,-172.195,1,21
0.7236,0.8735,-0.0889,74.756,257.256,-167.805,1,21
0.7349,0.8574,-0.1040,79.390,254.390,-164.024,1,21
0.7607,0.8516,-0.1182,83.780,251.646,-160.549,1,21
0.7759,0.8325,-0.1045,87.866,248.354,-157.439,1,21
0.7988,-1.6567,0.1655,137.744,-177.012,-2.195,2,21
0.8003,-1.6577,0.1499,133.293,-178.720,-4.695,2,21
0.7900,-1.6631,0.1445,128.354,-180.854,-7.134,2,21
0.7832,-1.6641,0.1294,123.902,-182.500,-9.695,2,21
0.7739,-1.6680,0.1245,119.817,-184.512,-11.829,2,21
0.7607,-1.6631,0.1182,115.793,-186.341,-14.878,2,21
0.7427,-1.6616,0.1069,111.707,-187.683,-17.439,2,21
0.7295,-1.6514,0.0981,107.500,-189.512,-20.122,2,21
0.5088,-1.4653,0.0313,28.049,-189.451,-68.476,2,21
0.4922,-1.4399,0.0293,24.146,-188.780,-71.402,2,21
0.4829,-1.4229,0.0205,20.122,-187.927,-74.756,2,21
0.4683,-1.3970,0.0342,17.073,-186.829,-77.988,2,21
0.4600,-1.3667,0.0269,13.415,-186.098,-81.037,2,21
0.4561,-1.3408,0.0195,10.305,-184.756,-84.146,2,21
0.4458,-1.3096,0.0156,7.134,-183.598,-86.707,2,21
0.4346,-1.2856,0.0073,4.695,-182.134,-89.390,2,21
0.8257,0.2915,-0.5020,91.463,109.756,-121.829,1,21
0.8130,0.2871,-0.5332,90.061,104.451,-123.293,1,21
0.8018,0.2813,-0.5815,88.902,98.415,-124.756,1,21
0.7964,0.2866,-0.6245,87.195,92.805,-126.402,1,21
0.7886,0.2969,-0.6655,85.671,87.439,-127.805,1,21
0.7759,0.3198,-0.6934,82.927,82.561,-129.451,1,21
0.7578,0.3608,-0.7207,79.329,78.841,-131.463,1,21
0.7407,0.3931,-0.7314,74.756,76.524,-133.415,1,21
0.9561,1.2544,0.1733,224.329,46.768,-46.159,1,21
0.8789,1.2363,0.1309,227.378,38.537,-39.756,1,21
0.7979,1.1807,0.1025,232.744,31.098,-34.146,1,21
0.7251,1.0977,0.1055,239.390,25.732,-29.329,1,21
0.6753,1.0015,0.1099,246.159,22.073,-25.671,1,21
0.6470,0.8921,0.1260,251.585,20.427,-22.500,1,21
0.6460,0.7910,0.1250,254.878,19.939,-20.427,1,21
0.6660,0.6963,0.1245,253.598,21.463,-18.659,1,21
1.0645,0.5786,-0.0479,92.317,68.720,8.232,1,21
1.1035,0.6147,-0.0596,73.049,72.195,13.720,1,21
1.1245,0.6230,-0.0762,64.207,73.354,16.341,1,21
1.1602,0.6284,-0.0928,48.537,73.598,21.646,1,21
1.1982,0.6147,-0.1226,30.427,71.220,28.476,1,21
1.2271,0.5967,-0.1445,20.854,68.171,32.622,1,21
1.2422,0.5508,-0.1616,13.293,64.146,36.098,1,21
1.2544,0.5015,-0.1841,6.585,59.634,39.146,1,21
0.4951,-1.0757,-0.0605,44.634,-34.207,-81.890,2,21
0.4893,-1.0771,-0.0703,44.512,-33.232,-81.159,2,21
0.4761,-1.0879,-0.0781,44.817,-31.402,-79.939,2,21
0.4634,-1.0967,-0.0835,45.183,-29.512,-79.085,2,21
0.4380,-1.0991,-0.0918,45.000,-27.622,-77.927,2,21
0.4204,-1.0947,-0.1064,44.939,-25.488,-77.012,2,21
0.3989,-1.0933,-0.1123,44.878,-23.293,-76.220,2,21
0.3823,-1.0840,-0.1226,44.451,-20.427,-75.122,2,21
1.2617,0.4365,-0.2139,1.646,55.305,41.220,1,21
1.2559,0.3872,-0.2314,-3.537,51.280,42.988,1,21
1.2573,0.3301,-0.2603,-7.805,47.866,43.659,1,21
1.2412,0.2715,-0.2871,-12.683,44.329,44.146,1,21
1.2310,0.2124,-0.3179,-16.402,41.159,44.146,1,21
1.2212,0.1577,-0.3447,-20.244,38.841,43.841,1,21
1.2031,0.1084,-0.3711,-24.024,36.585,43.415,1,21
1.1792,0.0684,-0.3936,-27.866,35.183,43.110,1,21
0.3613,-1.0728,-0.1309,43.598,-16.159,-73.841,2,21
0.3540,-1.0703,-0.1387,42.683,-14.451,-73.720,2,21
0.3491,-1.0503,-0.1445,41.646,-10.915,-73.110,2,21
0.3525,-1.0425,-0.1567,40.244,-7.317,-72.744,2,21
0.3599,-1.0381,-0.1616,38.598,-3.537,-72.134,2,21
0.3638,-1.0195,-0.1743,36.768,0.244,-71.463,2,21
0.3716,-1.0029,-0.1816,35.183,4.207,-70.854,2,21
0.3872,-0.9927,-0.1914,33.598,8.293,-70.610,2,21
1.1655,0.0161,-0.4297,-31.524,33.415,42.683,1,21
1.1445,-0.0332,-0.4634,-35.122,32.195,42.439,1,21
1.1328,-0.0820,-0.4702,-38.902,31.037,42.073,1,21
1.1182,-0.1245,-0.5103,-42.195,29.939,41.768,1,21
1.1064,-0.1665,-0.5200,-45.427,28.902,42.073,1,21
1.1055,-0.2075,-0.5361,-49.268,28.049,42.073,1,21
1.0957,-0.2549,-0.5518,-53.476,27.378,42.012,1,21
1.0947,-0.2925,-0.5762,-56.890,27.195,42.073,1,21
0.4106,-0.9683,-0.1943,31.402,13.659,-70.061,2,21
0.4253,-0.9492,-0.1953,29.268,17.256,-69.695,2,21
0.4321,-0.9429,-0.1958,28.415,18.841,-69.756,2,21
0.4448,-0.9312,-0.2090,26.768,22.012,-69.268,2,21
0.4619,-0.9082,-0.2021,24.817,25.061,-68.598,2,21
0.4810,-0.8926,-0.2129,22.927,27.927,-67.805,2,21
0.5024,-0.8833,-0.2139,21.585,30.671,-67.012,2,21
0.5156,-0.8599,-0.2212,20.183,32.805,-66.341,2,21
1.0952,-0.3286,-0.6152,-59.268,27.927,42.256,1,21
1.0815,-0.3501,-0.6641,-60.671,29.024,42.378,1,21
1.0742,-0.3672,-0.7134,-61.280,30.732,42.073,1,21
1.0488,-0.3818,-0.7397,-61.524,33.293,40.854,1,21
1.0269,-0.3994,-0.7573,-62.073,36.220,39.024,1,21
1.0112,-0.4111,-0.7822,-62.317,39.329,35.976,1,21
0.9888,-0.4448,-0.8008,-61.220,42.073,32.744,1,21
0.9673,-0.4849,-0.8154,-59.451,44.268,28.659,1,21
0.5405,-0.8364,-0.2231,19.085,36.220,-64.207,2,21
0.5547,-0.8164,-0.2236,19.085,38.049,-62.439,2,21
0.5674,-0.7974,-0.2266,19.268,39.878,-61.159,2,21
0.5762,-0.7754,-0.2266,20.305,41.585,-59.512,2,21
0.5864,-0.7549,-0.2334,21.159,42.988,-57.622,2,21
0.6016,-0.7344,-0.2378,23.049,44.390,-55.915,2,21
0.6167,-0.7109,-0.2354,24.878,45.427,-53.720,2,21
0.6323,-0.6943,-0.2378,27.744,46.890,-51.159,2,21
0.9702,-0.5229,-0.8428,-56.037,46.463,24.695,1,21
0.9634,-0.5576,-0.8447,-52.805,48.049,19.817,1,21
0.9629,-0.5879,-0.8569,-50.549,49.207,14.634,1,21
0.9751,-0.6230,-0.8857,-48.110,48.963,9.329,1,21
0.9805,-0.6479,-0.9072,-45.732,48.537,3.354,1,21
0.9683,-0.6665,-0.9385,-43.841,47.622,-2.500,1,21
0.9561,-0.6753,-0.9761,-41.159,45.427,-9.695,1,21
0.9282,-0.6724,-1.0283,-38.598,43.171,-18.354,1,21
0.6382,-0.6694,-0.2393,30.671,47.561,-49.146,2,21
0.6563,-0.6465,-0.2402,34.817,48.537,-47.012,2,21
0.6763,-0.6309,-0.2495,39.695,49.512,-44.756,2,21
0.6880,-0.6108,-0.2407,45.183,50.061,-42.500,2,21
0.6953,-0.5864,-0.2446,51.341,50.061,-40.610,2,21
0.7148,-0.5659,-0.2397,58.293,50.610,-38.354,2,21
0.7266,-0.5439,-0.2222,64.573,50.183,-36.341,2,21
0.7471,-0.5142,-0.2178,71.280,49.695,-34.390,2,21
0.8823,-0.6563,-1.0708,-34.695,40.427,-28.293,1,21
0.8296,-0.6304,-1.0996,-31.220,38.780,-40.244,1,21
0.7705,-0.6030,-1.1353,-26.402,37.500,-53.415,1,21
0.7026,-0.5747,-1.1606,-20.061,37.927,-67.561,1,21
0.6514,-0.5332,-1.1680,-12.622,39.512,-81.524,1,21
0.5938,-0.4946,-1.1665,-4.207,43.415,-95.671,1,21
0.5537,-0.4438,-1.1626,4.146,48.780,-109.024,1,21
0.5190,-0.4063,-1.1719,13.354,56.280,-120.732,1,21
0.7622,-0.4995,-0.2046,78.537,48.841,-32.683,2,21
0.7808,-0.4731,-0.1919,85.854,47.500,-30.915,2,21
0.8008,-0.4565,-0.1792,93.171,45.854,-29.207,2,21
0.8188,-0.4429,-0.1699,100.854,43.963,-27.500,2,21
0.8364,-0.4170,-0.1646,108.171,41.402,-25.976,2,21
0.8530,-0.4028,-0.1504,115.793,38.780,-24.146,2,21
0.8687,-0.3857,-0.1392,123.171,35.732,-22.744,2,21
0.8970,-0.3750,-0.1211,130.610,32.622,-21.159,2,21
0.7222,0.0269,-0.7632,86.220,151.768,-152.927,1,21
0.7466,0.0425,-0.7124,88.110,155.122,-152.927,1,21
0.7988,0.0669,-0.5977,90.793,160.732,-152.744,1,21
0.8477,0.0654,-0.5132,93.902,164.146,-152.866,1,21
0.8984,0.0542,-0.3931,98.780,165.549,-152.927,1,21
0.9395,0.0332,-0.2939,104.634,165.549,-153.232,1,21
0.9971,-0.0054,-0.2202,111.768,163.415,-154.085,1,21
1.0366,-0.0332,-0.1548,120.549,159.451,-155.244,1,21
0.9927,-0.4009,-0.2793,176.646,-12.134,-11.646,2,21
0.9888,-0.4263,-0.3110,180.854,-17.927,-10.854,2,21
0.9927,-0.4551,-0.3501,185.183,-23.902,-10.244,2,21
0.9976,-0.4824,-0.3818,189.207,-29.817,-9.451,2,21
0.9907,-0.5215,-0.4258,191.890,-35.976,-8.476,2,21
0.9907,-0.5703,-0.4741,193.720,-42.378,-7.805,2,21
0.9985,-0.6274,-0.5122,194.390,-48.415,-6.707,2,21
0.9980,-0.6846,-0.5693,194.817,-53.963,-6.280,2,21
1.1133,-0.0537,-0.0381,136.220,152.012,-157.012,1,21
1.1641,-0.0688,0.0313,147.378,146.341,-157.805,1,21
1.2065,-0.0913,0.1001,158.780,139.756,-157.561,1,21
1.2402,-0.1196,0.1519,171.951,132.439,-155.061,1,21
1.2661,-0.1372,0.2036,185.183,123.537,-150.854,1,21
1.2910,-0.1216,0.2183,197.988,112.317,-144.817,1,21
1.2969,-0.0747,0.2148,209.878,99.146,-137.134,1,21
1.2964,-0.0005,0.1680,219.695,84.573,-128.902,1,21
0.9888,-0.7515,-0.6167,195.000,-59.390,-5.549,2,21
0.9766,-0.8232,-0.6567,194.268,-64.512,-4.878,2,21
0.9634,-0.8896,-0.6885,192.683,-70.183,-4.573,2,21
0.9360,-0.9497,-0.7241,189.512,-75.610,-4.390,2,21
0.9189,-1.0156,-0.7588,185.610,-81.463,-4.329,2,21
0.8857,-1.0762,-0.8003,180.244,-87.439,-4.878,2,21
0.8560,-1.1328,-0.8359,173.537,-93.841,-5.366,2,21
0.8174,-1.1772,-0.8838,166.646,-100.183,-6.341,2,21
1.2549,0.0923,0.1074,226.341,69.390,-119.878,1,21
1.1753,0.1895,0.0244,229.512,55.061,-111.585,1,21
1.0605,0.2983,-0.0518,230.854,42.561,-104.573,1,21
0.9243,0.3740,-0.1025,230.366,32.195,-98.110,1,21
0.7705,0.4141,-0.1523,230.976,23.841,-92.988,1,21
0.6401,0.4229,-0.2153,234.207,16.951,-87.866,1,21
0.5225,0.3901,-0.2368,238.659,12.500,-83.780,1,21
0.4189,0.3413,-0.2280,242.317,10.122,-80.000,1,21
0.5220,-1.3643,-1.1802,100.000,-129.268,-16.037,2,21
0.4985,-1.3584,-1.1689,92.805,-128.537,-16.951,2,21
0.4727,-1.3384,-1.1753,85.854,-127.866,-18.110,2,21
0.4595,-1.3291,-1.1602,78.537,-126.524,-19.146,2,21
0.4507,-1.3052,-1.1567,71.341,-125.366,-20.671,2,21
0.4585,-1.2793,-1.1470,64.146,-124.024,-22.744,2,21
0.4565,-1.2549,-1.1230,56.768,-122.378,-24.939,2,21
0.4634,-1.2271,-1.1030,49.207,-120.488,-27.134,2,21
0.5864,0.5840,-0.0825,111.402,65.000,-58.902,1,21
0.6572,0.6743,-0.0796,86.220,72.073,-49.451,1,21
0.7158,0.7476,-0.0752,62.439,77.622,-39.451,1,21
0.7856,0.8203,-0.0522,41.585,81.768,-29.451,1,21
0.8340,0.8862,-0.0269,23.659,84.329,-20.061,1,21
0.8921,0.9302,-0.0010,9.024,85.000,-11.585,1,21
0.9360,0.9678,0.0288,-2.012,84.573,-3.171,1,21
0.9863,0.9976,0.0493,-10.732,82.500,4.634,1,21
0.4692,-1.2041,-1.0884,41.768,-118.293,-29.756,2,21
0.4712,-1.1851,-1.0630,33.720,-116.341,-32.439,2,21
0.4834,-1.1621,-1.0386,25.183,-114.451,-35.244,2,21
0.4941,-1.1592,-1.0229,16.890,-112.195,-38.293,2,21
0.5049,-1.1523,-0.9956,8.171,-109.756,-41.280,2,21
0.5078,-1.1455,-0.9756,-0.305,-107.561,-44.207,2,21
0.5132,-1.1479,-0.9556,-9.024,-105.183,-46.707,2,21
0.5103,-1.1523,-0.9463,-17.988,-103.232,-49.024,2,21
0.8501,0.3325,-0.0503,-14.451,2.317,53.720,1,21
0.8286,0.2988,-0.0576,-14.695,-0.122,50.244,1,21
0.7939,0.2666,-0.0723,-14.390,-2.317,46.707,1,21
0.7612,0.2471,-0.0908,-13.963,-4.329,43.171,1,21
0.7378,0.2222,-0.1245,-13.049,-6.159,39.390,1,21
0.7129,0.2163,-0.1494,-11.463,-7.622,35.854,1,21
0.6875,0.2163,-0.1670,-10.854,-8.902,32.378,1,21
0.6709,0.2271,-0.1680,-10.854,-9.390,29.024,1,21
0.6348,0.2363,-0.1714,-11.159,-8.902,24.268,1,21
0.6304,0.2402,-0.1655,-11.037,-8.598,23.049,1,21
0.6143,0.2393,-0.1680,-10.244,-7.927,19.756,1,21
0.6064,0.2388,-0.1733,-8.659,-7.378,17.439,1,21
0.6045,0.2495,-0.1812,-3.476,-7.256,13.841,1,21
0.5996,0.2446,-0.1880,-2.073,-7.195,12.622,1,21
0.5884,0.2402,-0.1802,2.500,-7.866,8.902,1,21
0.5898,0.2266,-0.1953,6.341,-8.720,6.585,1,21
0.4111,-0.7183,-1.1294,-92.866,-9.207,-59.573,2,21
0.4038,-0.7085,-1.1274,-89.451,-4.878,-57.988,2,21
0.3828,-0.7104,-1.1113,-85.671,-0.671,-56.280,2,21
0.3633,-0.7104,-1.1040,-81.280,3.720,-54.817,2,21
0.3423,-0.7139,-1.0791,-77.012,7.561,-52.805,2,21
0.3296,-0.7295,-1.0801,-72.256,11.707,-51.037,2,21
0.2959,-0.7373,-1.0571,-67.988,15.366,-49.024,2,21
0.2769,-0.7524,-1.0518,-63.963,19.085,-47.500,2,21
1.0498,-0.3682,-0.0649,31.585,-0.244,-10.854,1,21
1.1455,-0.4014,-0.0420,26.159,-0.854,-8.293,1,21
1.2695,-0.4326,-0.0234,19.512,-1.341,-3.902,1,21
1.4307,-0.4551,-0.0005,10.793,-1.890,1.829,1,21
1.6206,-0.4731,0.0449,-1.037,-2.988,8.720,1,21
1.8447,-0.5020,0.0854,-13.841,-5.000,18.293,1,21
2.1211,-0.5273,0.1191,-28.293,-9.268,29.756,1,21
2.4326,-0.5605,0.1846,-44.756,-16.585,42.500,1,21
-0.3423,-1.2061,-0.4854,-32.988,55.793,-46.220,2,21
-0.3809,-1.2212,-0.4512,-35.488,56.463,-47.622,2,21
-0.4219,-1.2383,-0.4385,-37.805,57.744,-49.390,2,21
-0.4702,-1.2495,-0.4194,-40.671,58.659,-51.220,2,21
-0.5059,-1.2578,-0.3926,-43.354,60.183,-53.659,2,21
-0.5410,-1.2490,-0.3877,-47.500,62.500,-56.280,2,21
-0.5703,-1.2505,-0.3867,-52.012,65.549,-58.171,2,21
-0.5884,-1.2510,-0.4053,-56.402,69.756,-59.512,2,21
2.7764,-0.6001,0.2383,-62.988,-27.073,57.073,1,21
3.1357,-0.6597,0.3027,-82.805,-42.500,71.341,1,21
3.4819,-0.7207,0.3457,-102.073,-62.256,85.061,1,21
3.7959,-0.8164,0.3511,-116.951,-87.378,96.037,1,21
4.0415,-0.8892,0.3369,-127.561,-115.915,103.110,1,21
4.2041,-0.9404,0.2891,-134.878,-146.159,103.720,1,21
4.2837,-0.9648,0.2236,-140.122,-175.366,97.622,1,21
4.2583,-0.9404,0.1113,-145.854,-201.707,87.195,1,21
0.4902,-1.0474,0.7090,-107.317,210.610,143.780,2,21
0.5527,-1.0757,0.7163,-111.463,210.061,145.976,2,21
0.6265,-1.1143,0.7393,-117.073,210.061,147.866,2,21
0.6895,-1.1450,0.7646,-122.500,210.305,149.512,2,21
0.7612,-1.1846,0.8037,-128.780,211.585,150.793,2,21
0.8486,-1.2231,0.8262,-135.610,212.256,151.829,2,21
0.9307,-1.2710,0.8594,-142.744,213.110,152.561,2,21
1.0059,-1.3198,0.9136,-150.793,214.024,152.866,2,21
0.0859,2.7754,3.0581,-165.366,-679.573,600.732,1,21
0.0181,2.7729,2.9448,-181.220,-684.817,597.744,1,21
-0.0322,2.7754,2.8086,-197.073,-688.780,592.683,1,21
-0.0884,2.7959,2.6489,-211.585,-691.646,585.915,1,21
-0.1274,2.8413,2.4736,-223.232,-692.805,578.841,1,21
-0.1553,2.9116,2.3379,-232.256,-692.195,572.073,1,21
-0.2041,2.9985,2.2319,-238.415,-689.146,565.549,1,21
-0.2495,3.0952,2.1191,-240.610,-684.512,558.963,1,21
1.3179,-1.6284,1.2705,-237.927,198.476,153.659,2,21
1.3008,-1.6255,1.2725,-246.463,195.671,154.207,2,21
1.2739,-1.6353,1.2959,-253.598,192.500,154.634,2,21
1.2505,-1.6387,1.2915,-260.732,190.305,156.037,2,21
1.2256,-1.6431,1.2939,-265.915,188.415,157.256,2,21
1.2031,-1.6450,1.2886,-270.549,187.256,158.232,2,21
1.1816,-1.6519,1.2837,-273.902,186.646,159.512,2,21
1.1738,-1.6660,1.2612,-276.768,186.463,160.610,2,21
-1.1875,2.6963,1.0933,-202.256,-666.585,545.610,1,21
-1.3506,2.5747,0.9399,-194.207,-657.500,550.671,1,21
-1.5015,2.4102,0.8223,-183.293,-647.073,554.146,1,21
-1.6299,2.2773,0.6997,-166.585,-636.829,555.244,1,21
-1.7275,2.1567,0.5474,-147.134,-629.024,554.817,1,21
-1.8125,2.0610,0.3989,-124.634,-621.890,552.866,1,21
-1.8643,1.9512,0.2441,-100.305,-614.634,550.183,1,21
-1.8755,1.8647,0.1016,-74.207,-606.220,545.305,1,21
-1.8281,1.7339,-0.1714,-30.000,-593.780,533.720,1,21
-1.7808,1.6987,-0.2607,-14.634,-589.573,528.780,1,21
-1.6729,1.6548,-0.4526,18.537,-579.329,516.524,1,21
-1.5093,1.6265,-0.6152,51.341,-566.280,502.317,1,21
-1.3228,1.5933,-0.7422,82.927,-546.951,486.280,1,21
-1.1011,1.5576,-0.8198,114.756,-521.890,470.732,1,21
-0.8643,1.5239,-0.8208,145.488,-489.390,455.610,1,21
-0.4727,1.4619,-0.7485,190.915,-429.695,434.634,1,21
0.9990,-1.4253,1.0024,-219.146,177.317,113.476,2,21
0.9614,-1.4014,0.9595,-215.549,176.341,111.524,2,21
0.9233,-1.3687,0.9175,-212.317,175.854,109.634,2,21
0.8721,-1.3564,0.8779,-209.573,174.939,108.171,2,21
0.8179,-1.3462,0.8369,-206.707,174.451,107.012,2,21
0.7725,-1.3296,0.8076,-203.963,174.329,105.427,2,21
0.7212,-1.3232,0.7764,-201.890,174.390,103.659,2,21
0.6719,-1.3115,0.7505,-200.488,174.268,101.707,2,21
-0.1968,1.4419,-0.6592,220.915,-385.732,423.963,1,21
0.0928,1.4297,-0.5908,249.390,-340.183,415.305,1,21
0.4150,1.4175,-0.5342,276.341,-295.122,407.866,1,21
0.7012,1.4312,-0.5029,297.805,-251.585,400.854,1,21
0.9443,1.4370,-0.5073,312.073,-213.537,393.720,1,21
1.1035,1.4546,-0.4624,318.293,-183.720,386.220,1,21
1.1929,1.4219,-0.3193,319.085,-162.988,376.951,1,21
1.1436,1.3828,-0.2598,318.049,-149.512,362.866,1,21
-1.2852,1.4995,-1.3169,170.793,-27.683,217.866,1,21
-1.3662,1.4863,-1.2598,138.841,-12.439,191.890,1,21
-1.3960,1.5024,-1.1777,107.683,-1.768,168.232,1,21
-1.3765,1.5527,-1.0737,78.232,5.366,148.476,1,21
-1.3486,1.6572,-0.9790,52.561,9.024,133.659,1,21
-1.3237,1.7876,-0.9224,30.793,10.793,124.207,1,21
-1.3096,1.9531,-0.8940,13.780,11.524,119.024,1,21
-1.3291,2.1064,-0.8262,2.805,13.659,117.317,1,21
0.6626,-0.7612,0.4707,-256.402,154.878,74.451,2,21
0.6934,-0.7144,0.4736,-258.841,154.695,76.098,2,21
0.7192,-0.6577,0.4800,-261.463,154.451,77.805,2,21
0.7529,-0.6069,0.4849,-262.988,153.902,79.817,2,21
0.8052,-0.5625,0.4927,-264.146,153.659,81.951,2,21
0.8369,-0.5161,0.5059,-264.329,153.659,84.146,2,21
0.8931,-0.4751,0.5137,-263.537,153.232,86.646,2,21
0.9336,-0.4326,0.5439,-262.134,152.500,88.780,2,21
-1.3750,2.2344,-0.8081,-2.439,16.951,118.293,1,21
-1.4507,2.3438,-0.7739,-1.037,22.012,120.488,1,21
-1.5513,2.4033,-0.7241,5.244,28.476,122.317,1,21
-1.6616,2.4351,-0.6807,13.780,36.890,123.902,1,21
-1.7729,2.4033,-0.6201,24.390,46.707,124.756,1,21
-1.8667,2.3193,-0.5527,34.451,57.805,123.902,1,21
-1.9438,2.1890,-0.4707,45.122,70.122,121.585,1,21
-2.0156,2.0288,-0.3994,55.061,82.927,117.927,1,21
-1.5674,1.0425,-0.1245,72.683,148.841,58.902,1,21
-1.4932,1.0264,-0.1104,69.268,150.549,50.305,1,21
-1.4165,1.0176,-0.0874,65.793,150.976,41.037,1,21
-1.3657,1.0146,-0.0776,62.378,151.098,31.159,1,21
-1.3330,1.0088,-0.0664,59.390,150.061,20.610,1,21
-1.3057,1.0044,-0.0522,57.134,149.085,10.488,1,21
-1.2944,0.9902,-0.0391,54.329,147.988,0.183,1,21
-1.2866,0.9746,-0.0288,51.707,147.500,-9.390,1,21
-0.7168,0.7720,-0.2949,30.610,129.512,-157.256,1,21
-0.6729,0.7764,-0.2954,28.902,128.537,-164.024,1,21
-0.6309,0.7803,-0.2993,26.463,127.805,-170.671,1,21
-0.5889,0.7813,-0.3032,24.085,127.317,-177.073,1,21
-0.5542,0.7803,-0.3096,21.341,127.195,-183.354,1,21
-0.5171,0.7788,-0.3188,19.085,126.707,-189.634,1,21
-0.4858,0.7808,-0.3262,16.646,126.220,-195.671,1,21
-0.4546,0.7939,-0.3379,14.573,126.098,-201.768,1,21
-0.0259,0.9482,-0.8955,46.829,140.183,-282.256,1,21
-0.0054,0.9658,-0.9023,51.707,143.232,-284.878,1,21
0.0112,0.9790,-0.9053,55.732,145.976,-286.829,1,21
0.0264,0.9927,-0.9048,59.939,148.963,-289.146,1,21
0.0396,0.9941,-0.8896,64.146,152.500,-290.915,1,21
0.0586,1.0015,-0.8789,67.744,155.549,-292.805,1,21
0.0708,1.0010,-0.8745,71.646,158.963,-294.268,1,21
0.0850,1.0088,-0.8789,75.000,162.378,-295.488,1,21
0.2485,1.0576,-0.9385,95.549,193.232,-317.622,1,21
0.2769,1.0615,-0.9556,95.488,196.098,-320.671,1,21
0.2842,1.0713,-0.9780,94.085,198.598,-323.659,1,21
0.2983,1.0845,-0.9971,93.049,200.915,-326.463,1,21
0.3096,1.0972,-1.0063,91.768,203.476,-329.329,1,21
0.3208,1.1089,-1.0220,89.634,206.585,-332.317,1,21
0.3218,1.1230,-1.0166,88.598,209.146,-334.939,1,21
0.3276,1.1470,-1.0039,87.317,211.890,-337.988,1,21
0.2617,1.2559,-0.9272,77.683,255.122,-369.695,1,21
0.2910,1.2988,-0.8906,76.341,260.061,-374.024,1,21
0.3086,1.3325,-0.8667,74.451,263.841,-376.280,1,21
0.3291,1.3628,-0.8462,74.146,265.183,-378.110,1,21
0.3408,1.3853,-0.8062,73.780,265.549,-378.537,1,21
0.3467,1.3940,-0.7759,74.024,264.390,-378.598,1,21
0.3511,1.3984,-0.7539,75.122,262.500,-378.110,1,21
0.3589,1.3926,-0.7446,76.402,259.573,-376.768,1,21
0.3047,1.4517,-0.6987,79.756,245.000,-356.890,1,21
0.2861,1.4707,-0.6924,78.293,245.183,-353.902,1,21
0.2837,1.4946,-0.7061,76.829,245.793,-350.915,1,21
0.2700,1.5205,-0.7144,74.695,246.524,-347.622,1,21
0.2739,1.5449,-0.7163,72.439,247.927,-343.963,1,21
0.2598,1.5830,-0.7192,70.183,249.756,-339.695,1,21
0.2617,1.6177,-0.7393,67.683,251.646,-335.366,1,21
0.2598,1.6450,-0.7427,65.976,253.598,-330.793,1,21
0.3467,1.7983,-0.7671,60.854,280.976,-282.561,1,21
0.3623,1.7983,-0.7476,61.159,283.537,-276.951,1,21
0.3823,1.7896,-0.7202,61.890,285.610,-271.768,1,21
0.3999,1.7764,-0.6714,62.256,288.110,-267.073,1,21
0.4160,1.7573,-0.6353,62.378,289.817,-261.220,1,21
0.4287,1.7207,-0.5898,63.049,291.890,-255.427,1,21
0.4414,1.6714,-0.5205,63.354,293.110,-249.695,1,21
0.4517,1.6084,-0.4595,63.780,294.451,-243.476,1,21
0.7930,0.8262,0.4561,28.415,265.427,-177.622,1,21
0.8018,0.8311,0.4541,27.195,262.744,-177.073,1,21
0.8105,0.8350,0.4580,24.878,257.134,-176.280,1,21
0.8262,0.8516,0.4238,23.476,250.854,-175.427,1,21
0.8311,0.8726,0.3779,22.317,240.915,-174.146,1,21
0.8413,0.8896,0.3628,22.134,237.500,-173.780,1,21
0.8447,0.9282,0.3159,21.463,228.537,-172.256,1,21
0.8496,0.9458,0.2788,20.915,223.476,-170.671,1,21
1.2764,0.1978,-0.0659,17.683,106.524,-40.061,1,21
1.2705,0.1787,-0.1108,21.951,102.012,-38.415,1,21
1.2681,0.1606,-0.1382,26.585,97.866,-36.829,1,21
1.2588,0.1489,-0.1699,31.768,94.329,-35.305,1,21
1.2549,0.1426,-0.1987,36.890,91.768,-34.024,1,21
1.2456,0.1279,-0.2085,42.012,88.963,-32.439,1,21
1.2417,0.1172,-0.2427,46.951,86.098,-30.671,1,21
1.2339,0.0952,-0.2637,53.171,83.780,-29.695,1,21
1.0645,-0.4067,-0.4092,22.927,28.232,-133.110,1,21
1.0679,-0.3867,-0.3887,12.988,28.598,-134.817,1,21
1.0737,-0.3594,-0.3740,2.195,29.268,-135.915,1,21
1.0762,-0.3091,-0.3408,-8.902,30.549,-136.341,1,21
1.0625,-0.2632,-0.3164,-20.671,32.439,-136.829,1,21
1.0669,-0.1987,-0.2827,-32.866,34.817,-136.768,1,21
1.0674,-0.1309,-0.2632,-44.756,37.378,-136.098,1,21
1.0674,-0.0415,-0.2573,-55.610,39.390,-135.244,1,21
0.1455,-1.0923,-0.0815,129.756,-5.305,-76.402,2,21
0.1519,-1.0908,-0.0962,128.963,-3.659,-73.902,2,21
0.1748,-1.0972,-0.1211,128.598,-2.256,-71.707,2,21
0.1831,-1.0977,-0.1338,127.988,-1.341,-69.695,2,21
0.1963,-1.0991,-0.1440,127.927,-0.244,-67.317,2,21
0.2148,-1.1050,-0.1479,128.171,0.488,-65.366,2,21
0.2314,-1.1006,-0.1606,128.232,0.793,-63.110,2,21
0.2476,-1.1011,-0.1680,128.537,0.244,-61.037,2,21
1.0913,1.8188,-0.6826,-46.098,34.634,-68.720,1,21
1.0615,1.8164,-0.6831,-34.878,31.402,-60.793,1,21
1.0366,1.7998,-0.6895,-24.207,29.390,-53.476,1,21
1.0117,1.7563,-0.6948,-13.171,28.110,-46.098,1,21
0.9863,1.6958,-0.7104,-3.232,27.317,-38.293,1,21
0.9668,1.6372,-0.7305,5.732,27.256,-30.305,1,21
0.9429,1.5581,-0.7383,13.415,28.171,-22.073,1,21
0.9199,1.4731,-0.7515,19.512,29.695,-13.354,1,21
0.9028,1.3833,-0.7539,24.573,32.378,-4.756,1,21
0.8906,1.2852,-0.7563,28.537,35.061,4.207,1,21
0.8809,1.1880,-0.7534,31.585,38.841,12.561,1,21
0.8755,1.0996,-0.7520,33.110,42.134,20.122,1,21
0.8740,1.0068,-0.7427,33.902,45.488,26.585,1,21
0.8774,0.9224,-0.7231,33.598,48.476,32.561,1,21
0.8789,0.8330,-0.7109,32.622,50.854,37.439,1,21
0.8906,0.7153,-0.6885,30.915,52.378,43.171,1,21
0.5869,-0.9976,-0.5273,141.951,-73.720,-20.305,2,21
0.6104,-0.9966,-0.5811,142.744,-81.646,-17.256,2,21
0.6123,-0.9946,-0.6196,143.049,-89.695,-13.902,2,21
0.6362,-0.9980,-0.6699,143.598,-97.866,-10.976,2,21
0.6426,-0.9990,-0.7290,143.354,-105.976,-7.378,2,21
0.6431,-1.0015,-0.7749,142.866,-113.780,-4.390,2,21
0.6548,-1.0054,-0.8389,141.707,-121.524,-1.220,2,21
0.6533,-1.0137,-0.9038,139.756,-128.902,1.768,2,21
0.9146,0.1865,-0.7192,31.220,35.610,52.439,1,21
0.8887,0.1411,-0.7305,33.780,31.585,50.915,1,21
0.8628,0.0952,-0.7314,37.622,27.744,48.780,1,21
0.8408,0.0571,-0.7461,40.732,23.841,46.463,1,21
0.8013,0.0176,-0.7534,44.756,20.122,43.780,1,21
0.7666,-0.0225,-0.7656,49.085,16.707,40.488,1,21
0.7329,-0.0566,-0.7720,53.720,13.963,37.439,1,21
0.6948,-0.0850,-0.7954,59.878,10.488,34.024,1,21
0.6436,-1.0317,-0.9805,137.134,-135.732,4.634,2,21
0.6338,-1.0522,-1.0444,133.841,-142.256,7.134,2,21
0.6216,-1.0854,-1.1055,130.061,-147.683,9.939,2,21
0.6084,-1.1128,-1.1777,126.463,-152.622,12.134,2,21
0.5854,-1.1494,-1.2578,121.829,-156.951,14.634,2,21
0.5605,-1.1929,-1.3223,116.768,-160.549,16.524,2,21
0.5259,-1.2246,-1.3906,111.890,-163.963,17.988,2,21
0.5010,-1.2583,-1.4478,106.159,-166.341,19.390,2,21
0.6602,-0.1138,-0.8169,66.890,7.988,30.061,1,21
0.6382,-0.1436,-0.8359,74.146,5.488,26.402,1,21
0.6001,-0.1646,-0.8545,81.890,3.537,22.439,1,21
0.5718,-0.1733,-0.8677,88.659,2.500,17.866,1,21
0.5347,-0.1855,-0.8745,95.122,1.646,12.927,1,21
0.5020,-0.1934,-0.8716,100.488,1.341,7.500,1,21
0.4609,-0.2217,-0.8735,104.939,0.976,1.585,1,21
0.4248,-0.2344,-0.8706,108.537,0.915,-4.329,1,21
0.4565,-1.2969,-1.5137,99.695,-167.927,20.000,2,21
0.4307,-1.3320,-1.5713,92.927,-168.415,20.000,2,21
0.3975,-1.3628,-1.6128,85.305,-168.415,19.207,2,21
0.3618,-1.3936,-1.6470,77.134,-167.317,17.744,2,21
0.3398,-1.4189,-1.6665,67.500,-165.305,15.976,2,21
0.3218,-1.4399,-1.6904,58.171,-162.622,13.537,2,21
0.3105,-1.4707,-1.6968,47.561,-158.963,10.549,2,21
0.2944,-1.4819,-1.6904,36.707,-154.817,6.829,2,21
0.4795,-1.0977,-0.9565,-158.780,-79.634,-83.110,2,21
0.4795,-1.0615,-0.9395,-165.366,-76.768,-86.951,2,21
0.4771,-1.0303,-0.9150,-171.402,-73.354,-89.878,2,21
0.4717,-0.9961,-0.9028,-176.585,-70.000,-92.744,2,21
0.4639,-0.9624,-0.8804,-180.122,-66.159,-94.756,2,21
0.4658,-0.9277,-0.8765,-183.476,-62.561,-96.951,2,21
0.4565,-0.8887,-0.8784,-185.732,-58.780,-98.415,2,21
0.4468,-0.8579,-0.8726,-187.378,-54.390,-99.268,2,21
0.2847,-0.6772,-0.3081,53.659,80.793,-131.280,1,21
0.2832,-0.6748,-0.2671,49.695,81.159,-135.915,1,21
0.2905,-0.6660,-0.2388,45.427,81.646,-140.854,1,21
0.2832,-0.6631,-0.2119,41.220,81.159,-146.220,1,21
0.2793,-0.6479,-0.1909,37.744,80.366,-151.220,1,21
0.2798,-0.6333,-0.1763,34.817,78.476,-157.012,1,21
0.2778,-0.6206,-0.1738,33.293,76.280,-162.439,1,21
0.2788,-0.6035,-0.1860,32.805,74.146,-167.317,1,21
0.2788,-0.5513,-0.1680,35.915,71.159,-173.963,1,21
0.2710,-0.5127,-0.1465,36.159,70.427,-175.671,1,21
0.2710,-0.4414,-0.0859,33.780,70.000,-179.207,1,21
0.2627,-0.3716,-0.0391,29.329,70.366,-181.768,1,21
0.2500,-0.2642,0.0186,21.951,71.951,-184.573,1,21
0.2480,-0.1968,0.0405,18.415,73.049,-185.732,1,21
0.2427,-0.1206,0.0664,16.402,74.268,-185.854,1,21
0.2354,-0.0425,0.0957,14.756,75.244,-184.939,1,21
0.4590,-0.5674,-0.9155,-174.451,-17.683,-97.988,2,21
0.4585,-0.5596,-0.9126,-172.134,-15.671,-97.622,2,21
0.4556,-0.5396,-0.9170,-167.622,-12.256,-97.378,2,21
0.4639,-0.5229,-0.9194,-162.134,-8.902,-96.646,2,21
0.4692,-0.5015,-0.9219,-156.646,-5.427,-96.159,2,21
0.4600,-0.5010,-0.9033,-149.573,-1.951,-95.427,2,21
0.4575,-0.5005,-0.8853,-142.317,1.280,-94.695,2,21
0.4551,-0.4995,-0.8804,-134.390,4.817,-93.902,2,21
0.2329,0.0376,0.1118,13.841,76.220,-183.963,1,21
0.2310,0.1240,0.1411,12.805,77.256,-182.317,1,21
0.2349,0.2129,0.1528,11.646,78.841,-180.488,1,21
0.2344,0.2983,0.1821,10.549,80.549,-178.659,1,21
0.2432,0.3818,0.2090,9.756,83.415,-177.073,1,21
0.2563,0.4678,0.2480,9.085,87.317,-175.488,1,21
0.2686,0.5591,0.2925,8.902,91.768,-174.146,1,21
0.2944,0.6367,0.3228,9.146,96.951,-172.439,1,21
0.4380,-0.5073,-0.8569,-121.768,10.122,-92.866,2,21
0.4341,-0.5151,-0.8325,-112.500,13.415,-91.890,2,21
0.4272,-0.5190,-0.8252,-107.805,15.122,-91.524,2,21
0.4165,-0.5347,-0.8003,-97.927,18.354,-90.549,2,21
0.4063,-0.5498,-0.7817,-87.927,21.646,-90.244,2,21
0.3945,-0.5776,-0.7437,-73.598,25.976,-89.085,2,21
0.3843,-0.6030,-0.7202,-63.902,28.720,-89.024,2,21
0.3691,-0.6216,-0.6855,-54.573,31.463,-88.598,2,21
0.3081,0.7168,0.3589,10.854,102.317,-171.220,1,21
0.3413,0.7852,0.3921,13.354,107.561,-169.573,1,21
0.3799,0.8364,0.4116,17.195,111.890,-167.500,1,21
0.4214,0.8950,0.4390,22.012,115.793,-165.244,1,21
0.4585,0.9424,0.4595,26.402,118.415,-162.744,1,21
0.5068,0.9761,0.4893,30.610,120.183,-160.183,1,21
0.5591,1.0024,0.5127,34.390,120.976,-156.951,1,21
0.6113,1.0220,0.5518,38.232,120.915,-153.720,1,21
0.3599,-0.6475,-0.6611,-45.732,33.537,-88.902,2,21
0.3550,-0.6714,-0.6353,-37.561,35.793,-89.329,2,21
0.3423,-0.6885,-0.6118,-29.817,37.683,-89.695,2,21
0.3330,-0.7173,-0.5854,-23.171,39.146,-90.488,2,21
0.3213,-0.7344,-0.5557,-17.561,40.305,-90.915,2,21
0.3081,-0.7461,-0.5317,-12.195,41.402,-91.463,2,21
0.3037,-0.7671,-0.5249,-8.415,42.378,-91.951,2,21
0.3013,-0.7837,-0.4995,-4.756,42.866,-92.378,2,21
0.2974,-0.8037,-0.4873,-2.744,43.293,-92.744,2,21
0.2842,-0.8203,-0.4717,-0.671,44.085,-92.988,2,21
0.2778,-0.8389,-0.4531,0.061,44.329,-93.232,2,21
0.2642,-0.8579,-0.4453,-0.061,44.695,-93.415,2,21
0.2461,-0.8638,-0.4321,-0.305,45.244,-93.415,2,21
0.2432,-0.8823,-0.4238,-1.463,45.671,-93.598,2,21
0.2236,-0.8999,-0.4067,-2.805,46.159,-93.476,2,21
0.2134,-0.9194,-0.3789,-4.451,45.976,-92.622,2,21
1.0981,0.8628,0.6528,57.866,96.768,-124.634,1,21
1.1489,0.8364,0.6680,55.549,93.354,-120.793,1,21
1.1958,0.8130,0.6934,51.524,90.366,-116.524,1,21
1.2422,0.7813,0.7031,45.732,87.317,-112.378,1,21
1.3110,0.7456,0.7144,38.537,84.085,-107.012,1,21
1.3770,0.7207,0.7065,30.671,80.976,-101.159,1,21
1.4443,0.6831,0.7021,22.622,77.866,-94.573,1,21
1.5288,0.6504,0.6846,14.024,75.183,-87.744,1,21
0.1924,-0.9312,-0.3770,-6.585,46.646,-92.500,2,21
0.1704,-0.9453,-0.3667,-9.512,46.768,-91.585,2,21
0.1592,-0.9609,-0.3545,-12.073,47.195,-91.280,2,21
0.1377,-0.9795,-0.3428,-15.366,47.805,-89.756,2,21
0.1152,-0.9951,-0.3306,-18.354,48.110,-88.963,2,21
0.0957,-1.0034,-0.3281,-21.646,48.598,-87.439,2,21
0.0732,-1.0156,-0.3193,-24.878,49.268,-86.159,2,21
0.0420,-1.0332,-0.3008,-27.927,50.122,-84.756,2,21
2.4448,0.5479,0.5601,-65.976,41.951,-27.073,1,21
2.5313,0.5366,0.4922,-71.951,35.976,-22.073,1,21
2.6240,0.5449,0.4473,-77.927,30.244,-17.439,1,21
2.6973,0.5620,0.3867,-84.695,25.000,-12.866,1,21
2.7866,0.5703,0.3213,-92.500,20.976,-8.415,1,21
2.8706,0.5898,0.2666,-100.488,17.378,-3.171,1,21
2.9634,0.6001,0.2314,-109.207,14.512,2.256,1,21
3.0542,0.5923,0.1899,-118.780,11.280,8.293,1,21
-0.1948,-0.8555,-0.0938,-83.049,118.049,-22.195,2,21
-0.1680,-0.8555,-0.0684,-81.646,121.646,-16.524,2,21
-0.1421,-0.8594,-0.0386,-80.244,125.183,-11.220,2,21
-0.1260,-0.8589,-0.0332,-78.598,128.537,-5.854,2,21
-0.1060,-0.8716,-0.0254,-77.378,131.707,-0.610,2,21
-0.0869,-0.8945,-0.0093,-76.402,134.451,4.573,2,21
-0.0615,-0.9155,-0.0249,-75.305,137.134,9.451,2,21
-0.0479,-0.9414,-0.0151,-74.878,139.695,14.512,2,21
4.4375,0.5337,-0.7227,-171.220,-178.049,149.329,1,21
4.4907,0.5854,-0.7183,-175.244,-192.744,158.354,1,21
4.5537,0.6406,-0.7271,-177.134,-209.634,166.768,1,21
4.5962,0.7261,-0.7529,-175.549,-227.561,175.610,1,21
4.6025,0.8237,-0.7656,-171.890,-246.890,182.866,1,21
4.5630,0.9390,-0.7593,-167.378,-265.793,189.695,1,21
4.4761,1.0542,-0.7388,-161.280,-285.183,195.427,1,21
4.3540,1.1606,-0.7173,-153.415,-304.451,201.098,1,21
3.2905,1.3643,0.3281,-88.476,-418.354,285.366,1,21
3.2334,1.3223,0.5200,-85.488,-427.378,295.610,1,21
3.1787,1.2808,0.7085,-81.951,-435.732,305.244,1,21
3.1357,1.2358,0.8628,-78.598,-445.305,313.659,1,21
3.0884,1.2188,1.0225,-75.488,-454.146,321.524,1,21
3.0410,1.2134,1.1929,-73.293,-462.500,328.293,1,21
2.9746,1.2178,1.3521,-70.549,-470.305,334.207,1,21
2.9180,1.2373,1.5093,-66.402,-477.683,339.939,1,21
1.0791,-1.4956,0.5010,-178.354,159.268,197.378,2,21
1.0986,-1.5347,0.5283,-185.915,159.390,199.573,2,21
1.1177,-1.5542,0.5474,-193.476,159.390,201.646,2,21
1.1304,-1.5835,0.5688,-200.732,159.634,203.720,2,21
1.1494,-1.6104,0.5996,-207.622,160.061,205.427,2,21
1.1675,-1.6294,0.6304,-214.939,160.122,207.317,2,21
1.1748,-1.6401,0.6572,-221.524,160.244,208.354,2,21
1.1885,-1.6450,0.6904,-228.354,160.488,209.329,2,21
0.0112,4.2441,3.2510,-44.695,-613.354,601.829,1,21
-0.0537,4.2427,3.2290,-58.171,-617.866,607.683,1,21
-0.1167,4.2397,3.1919,-71.098,-622.622,613.171,1,21
-0.1821,4.2573,3.1558,-83.415,-627.317,618.537,1,21
-0.2471,4.2734,3.0918,-95.000,-632.195,623.476,1,21
-0.3208,4.3076,3.0410,-104.817,-637.927,627.134,1,21
-0.3960,4.3403,2.9712,-112.622,-643.598,629.573,1,21
-0.4927,4.3740,2.8833,-118.659,-650.305,631.098,1,21
1.2056,-1.6504,0.7095,-234.695,160.488,209.695,2,21
1.2192,-1.6548,0.7236,-241.159,160.549,209.512,2,21
1.2334,-1.6533,0.7378,-246.951,161.220,209.085,2,21
1.2485,-1.6440,0.7441,-252.195,161.341,208.659,2,21
1.2627,-1.6426,0.7622,-257.012,162.012,207.866,2,21
1.2769,-1.6270,0.7734,-261.463,162.439,206.829,2,21
1.2891,-1.6304,0.7798,-264.939,163.110,205.854,2,21
1.2964,-1.6108,0.7847,-267.683,163.902,204.268,2,21
-1.5269,3.9282,2.2065,-110.549,-696.341,626.890,1,21
-1.6289,3.7905,2.1128,-107.439,-704.268,627.927,1,21
-1.7266,3.6611,2.0015,-104.451,-713.537,629.207,1,21
-1.8271,3.5283,1.8213,-102.683,-723.171,630.488,1,21
-1.9199,3.4199,1.6196,-102.073,-731.280,632.256,1,21
-2.0171,3.4624,1.3252,-111.159,-729.878,634.451,1,21
-2.1675,3.4307,0.8745,-137.500,-702.134,645.549,1,21
-2.4258,3.1377,0.6138,-140.061,-661.159,657.744,1,21
1.2046,-1.7163,0.7866,-232.683,168.293,147.012,2,21
1.1704,-1.6943,0.7710,-229.390,166.951,141.890,2,21
1.1377,-1.6733,0.7432,-225.854,166.098,137.134,2,21
1.0986,-1.6519,0.7173,-222.500,165.183,132.195,2,21
1.0625,-1.6172,0.6953,-219.756,164.573,127.378,2,21
1.0049,-1.5649,0.6626,-215.671,162.866,120.000,2,21
0.9912,-1.5493,0.6450,-214.146,162.378,117.744,2,21
0.9453,-1.5117,0.6299,-211.402,160.915,112.805,2,21
-2.2100,1.6904,-0.8213,68.049,-391.585,518.659,1,21
-1.9570,1.5615,-0.9248,95.671,-362.927,498.598,1,21
-1.6636,1.4531,-1.0044,123.415,-332.866,481.585,1,21
-1.3745,1.3823,-1.0566,148.293,-302.927,466.768,1,21
-1.0913,1.3564,-1.1030,171.037,-273.659,454.573,1,21
-0.8271,1.3452,-1.1377,190.061,-245.915,443.780,1,21
-0.6172,1.3657,-1.1782,206.280,-220.976,434.085,1,21
-0.4395,1.3945,-1.1987,218.902,-198.293,424.329,1,21
-1.9141,1.3125,-1.0278,223.293,-69.024,310.549,1,21
-2.0615,1.2842,-1.0229,220.366,-59.390,304.451,1,21
-2.3501,1.2432,-1.0229,214.695,-38.537,291.463,1,21
-2.5996,1.1914,-1.0093,209.939,-16.768,277.500,1,21
-2.8115,1.1406,-0.9624,206.159,4.695,262.439,1,21
-2.9653,1.0879,-0.9111,203.841,25.183,245.915,1,21
-3.0591,1.0366,-0.8574,202.561,43.902,229.512,1,21
-3.1128,0.9990,-0.7959,202.317,59.390,212.317,1,21
-1.8477,0.7017,-0.3022,66.768,167.073,10.793,1,21
-1.8638,0.6855,-0.2861,57.134,168.659,-1.220,1,21
-1.8667,0.6924,-0.2744,48.720,169.512,-12.622,1,21
-1.8491,0.7007,-0.2466,40.976,169.939,-23.963,1,21
-1.8252,0.7256,-0.2275,33.598,170.244,-34.756,1,21
-1.7837,0.7539,-0.1929,27.500,170.305,-45.183,1,21
-1.7402,0.7856,-0.1665,21.707,170.488,-54.878,1,21
-1.6875,0.8037,-0.1406,17.561,170.854,-63.720,1,21
-1.6304,0.8154,-0.1060,14.146,170.854,-71.524,1,21
-1.5737,0.8159,-0.0845,11.951,170.427,-79.329,1,21
-1.5059,0.8193,-0.0718,9.634,169.451,-87.073,1,21
-1.4438,0.8218,-0.0498,7.134,168.598,-95.122,1,21
-1.3833,0.8042,-0.0313,4.451,167.012,-102.988,1,21
-1.3237,0.8003,-0.0176,1.098,165.549,-110.610,1,21
-1.2622,0.7837,-0.0142,-2.195,163.110,-118.354,1,21
-1.2026,0.7715,-0.0181,-5.793,160.671,-125.976,1,21
-1.1421,0.7603,-0.0229,-9.390,157.744,-133.049,1,21
-1.0796,0.7495,-0.0356,-12.622,155.122,-140.427,1,21
-1.0269,0.7446,-0.0620,-15.671,152.256,-147.622,1,21
-0.9712,0.7456,-0.0859,-18.171,148.780,-154.634,1,21
-0.9175,0.7412,-0.0996,-20.183,146.463,-161.768,1,21
-0.8643,0.7549,-0.1255,-21.890,142.988,-168.902,1,21
-0.8140,0.7603,-0.1484,-23.049,140.427,-176.098,1,21
-0.7710,0.7651,-0.1709,-23.841,137.805,-183.293,1,21
-0.3911,0.9038,-0.4526,19.695,122.500,-276.098,1,21
-0.3906,0.9131,-0.4688,22.744,122.622,-278.415,1,21
-0.3696,0.9185,-0.4780,28.720,122.988,-282.195,1,21
-0.3599,0.9307,-0.4854,34.573,123.537,-286.829,1,21
-0.3433,0.9341,-0.4932,39.878,124.756,-290.671,1,21
-0.3242,0.9443,-0.5200,46.341,125.488,-294.817,1,21
-0.2983,0.9502,-0.5542,52.195,126.768,-298.415,1,21
-0.2627,0.9712,-0.5942,61.829,128.110,-304.146,1,21
-0.2441,0.9868,-0.6309,68.049,129.268,-307.683,1,21
-0.2095,0.9985,-0.6660,74.268,130.671,-311.524,1,21
-0.1973,1.0068,-0.7007,80.244,132.012,-315.305,1,21
-0.1680,1.0269,-0.7305,86.341,133.780,-319.512,1,21
-0.1499,1.0381,-0.7534,92.012,135.793,-323.110,1,21
-0.1167,1.0405,-0.7642,96.646,138.354,-327.012,1,21
-0.1045,1.0420,-0.7935,102.195,141.707,-330.549,1,21
-0.0762,1.0371,-0.8223,107.195,144.939,-333.598,1,21
0.0674,1.1802,-0.9863,106.402,246.524,-386.463,1,21
0.0776,1.2104,-1.0039,102.012,253.171,-391.280,1,21
0.0771,1.2441,-0.9878,96.280,260.000,-395.732,1,21
0.0898,1.2788,-0.9844,90.000,265.732,-399.634,1,21
0.0981,1.3115,-0.9624,83.963,270.122,-402.378,1,21
0.1245,1.3491,-0.9604,77.805,273.720,-404.634,1,21
0.1411,1.3730,-0.9102,69.268,277.195,-406.951,1,21
0.1753,1.3970,-0.8828,62.012,279.329,-407.927,1,21
1.0444,-0.4575,0.4702,105.915,-88.720,106.707,2,21
1.0327,-0.4922,0.4878,116.463,-91.829,110.183,2,21
1.0166,-0.5283,0.5010,127.073,-94.878,113.171,2,21
1.0093,-0.5654,0.5171,137.988,-97.439,116.646,2,21
1.0059,-0.6162,0.5293,149.024,-100.793,119.756,2,21
1.0029,-0.6553,0.5352,159.634,-103.902,122.500,2,21
0.9937,-0.6997,0.5527,170.244,-107.195,125.000,2,21
0.9902,-0.7485,0.5605,180.793,-110.610,127.256,2,21
0.2036,1.4253,-0.8540,53.659,279.756,-408.415,1,21
0.2334,1.4404,-0.8281,43.476,279.512,-408.963,1,21
0.2598,1.4609,-0.8052,32.256,278.902,-408.659,1,21
0.2793,1.4702,-0.7856,19.573,277.683,-407.622,1,21
0.2964,1.4756,-0.7612,6.585,276.341,-406.280,1,21
0.3208,1.4932,-0.7417,-7.561,274.939,-404.695,1,21
0.3369,1.5015,-0.7163,-22.866,274.268,-403.598,1,21
0.3525,1.5176,-0.6826,-38.232,274.451,-401.768,1,21
0.4858,2.0122,-0.2368,-138.780,289.878,-364.756,1,21
0.4985,2.0747,-0.1836,-139.756,289.939,-356.402,1,21
0.5049,2.1172,-0.1465,-137.927,288.841,-347.561,1,21
0.5059,2.1641,-0.1167,-133.598,285.976,-338.841,1,21
0.5239,2.2026,-0.1016,-127.378,282.012,-329.390,1,21
0.5337,2.2246,-0.0938,-120.000,277.988,-320.366,1,21
0.5405,2.2310,-0.0688,-112.683,273.354,-311.037,1,21
0.5493,2.2114,-0.0586,-104.451,268.720,-301.524,1,21
0.9180,1.4478,-0.1782,-9.451,244.573,-177.805,1,21
0.9346,1.4243,-0.1982,-6.585,243.232,-174.024,1,21
0.9385,1.3926,-0.2266,-2.805,240.976,-171.159,1,21
0.9448,1.3516,-0.2236,0.671,239.085,-168.841,1,21
0.9556,1.3188,-0.2485,4.268,236.829,-166.220,1,21
0.9551,1.2759,-0.2534,7.378,235.061,-164.207,1,21
0.9502,1.2363,-0.2656,10.183,232.683,-162.622,1,21
0.9492,1.1880,-0.2759,13.476,230.793,-160.915,1,21
0.5801,-1.7764,0.2363,38.659,-266.220,-34.878,2,21
0.5679,-1.7485,0.2349,34.634,-265.000,-38.598,2,21
0.5596,-1.7295,0.2363,31.463,-263.720,-42.378,2,21
0.5552,-1.7139,0.2314,27.378,-262.256,-45.671,2,21
0.5479,-1.6899,0.2256,23.902,-260.549,-49.573,2,21
0.5498,-1.6660,0.2334,20.244,-259.329,-52.744,2,21
0.5503,-1.6475,0.2310,17.012,-257.561,-55.915,2,21
0.5420,-1.6299,0.2290,13.171,-256.037,-59.329,2,21
1.0186,0.8330,-0.2808,32.195,220.305,-145.671,1,21
1.0229,0.8101,-0.2803,33.537,218.476,-143.841,1,21
1.0410,0.7832,-0.2856,35.183,216.402,-142.805,1,21
1.0562,0.7627,-0.2949,37.683,213.720,-141.463,1,21
1.0615,0.7476,-0.3105,40.122,211.159,-140.427,1,21
1.0659,0.7388,-0.3135,43.476,208.537,-139.634,1,21
1.0796,0.7305,-0.3291,46.890,206.037,-138.598,1,21
1.0845,0.7134,-0.3457,50.732,203.537,-137.927,1,21
0.4873,-1.5073,0.2476,-9.573,-239.085,-86.037,2,21
0.4712,-1.4980,0.2280,-11.646,-237.561,-88.598,2,21
0.4624,-1.4951,0.2295,-13.232,-235.549,-91.524,2,21
0.4536,-1.4795,0.2148,-15.305,-233.659,-94.512,2,21
0.4404,-1.4629,0.2007,-16.890,-230.915,-97.317,2,21
0.4180,-1.4556,0.1875,-18.841,-228.354,-99.207,2,21
0.4063,-1.4453,0.1846,-20.427,-225.244,-101.890,2,21
0.3936,-1.4326,0.1768,-22.134,-221.890,-104.024,2,21
1.0859,0.6318,-0.4351,100.061,183.110,-128.720,1,21
1.0752,0.6118,-0.4351,105.732,180.488,-127.317,1,21
1.0747,0.5928,-0.4443,111.707,178.110,-126.524,1,21
1.0752,0.5635,-0.4517,118.110,175.549,-124.817,1,21
1.0747,0.5400,-0.4570,124.817,172.866,-123.476,1,21
1.0708,0.5156,-0.4556,130.976,170.122,-122.134,1,21
1.0664,0.4805,-0.4604,137.683,166.707,-120.671,1,21
1.0576,0.4355,-0.4556,142.927,162.622,-119.817,1,21
0.3726,-1.4131,0.1797,-23.598,-218.049,-106.280,2,21
0.3677,-1.3994,0.1748,-25.000,-214.390,-108.232,2,21
0.3584,-1.3799,0.1743,-27.317,-211.037,-110.122,2,21
0.3540,-1.3647,0.1743,-29.329,-207.073,-111.890,2,21
0.3467,-1.3433,0.1758,-31.098,-203.476,-113.598,2,21
0.3389,-1.3237,0.1826,-32.805,-199.573,-114.695,2,21
0.3428,-1.3076,0.1880,-33.963,-195.854,-116.220,2,21
0.3413,-1.2881,0.1978,-35.854,-191.951,-117.683,2,21
1.0562,0.3701,-0.4624,152.500,155.549,-118.293,1,21
1.0527,0.3330,-0.4531,155.427,152.683,-117.744,1,21
1.0435,0.2700,-0.4336,160.061,147.317,-117.683,1,21
1.0278,0.2026,-0.4111,163.049,141.768,-117.561,1,21
1.0122,0.1284,-0.3960,165.000,135.976,-117.866,1,21
1.0020,0.0522,-0.3491,164.146,130.122,-118.659,1,21
0.9858,-0.0229,-0.3081,161.280,124.085,-120.061,1,21
0.9746,-0.0933,-0.2559,156.402,117.866,-122.134,1,21
1.0566,0.9136,-0.7915,-54.146,147.256,-188.902,1,21
1.0659,1.1108,-0.7749,-41.585,151.280,-189.268,1,21
1.0796,1.2944,-0.7593,-24.756,152.683,-188.963,1,21
1.0986,1.4712,-0.7075,-3.537,151.524,-187.683,1,21
1.1147,1.6182,-0.6460,20.122,148.841,-183.902,1,21
1.1265,1.7393,-0.5723,44.939,144.756,-178.841,1,21
1.1338,1.8091,-0.4951,69.817,139.695,-171.585,1,21
1.1343,1.8394,-0.4204,94.573,134.329,-162.134,1,21
0.2285,-1.2383,0.1245,-49.268,-115.854,-108.537,2,21
0.2168,-1.2505,0.1084,-50.610,-114.329,-107.500,2,21
0.2119,-1.2549,0.0952,-52.012,-113.171,-106.707,2,21
0.1958,-1.2627,0.0762,-53.232,-111.707,-105.610,2,21
0.1958,-1.2681,0.0649,-53.476,-109.756,-104.451,2,21
0.1758,-1.2808,0.0552,-54.085,-107.805,-103.476,2,21
0.1611,-1.2861,0.0381,-54.878,-106.220,-102.256,2,21
0.1514,-1.2949,0.0229,-55.305,-104.024,-101.463,2,21
0.7407,1.2402,-0.4438,127.378,61.707,-54.817,1,21
0.6763,1.2598,-0.4209,109.939,59.634,-47.256,1,21
0.6104,1.2656,-0.3677,95.854,57.195,-39.817,1,21
0.5591,1.2646,-0.3047,85.061,54.878,-33.049,1,21
0.5234,1.2808,-0.2476,77.683,52.866,-27.073,1,21
0.5176,1.3213,-0.2061,72.500,51.890,-21.707,1,21
0.5313,1.3950,-0.1685,68.171,52.317,-16.402,1,21
0.5527,1.4780,-0.1206,63.354,54.451,-9.878,1,21
1.1074,0.2827,0.0972,78.902,50.976,118.293,1,21
1.1108,0.1191,0.0659,81.585,45.732,117.195,1,21
1.1011,-0.0283,0.0083,85.488,40.915,115.732,1,21
1.0854,-0.1577,0.0049,88.720,36.524,113.293,1,21
1.0713,-0.2729,0.0073,86.768,31.220,108.780,1,21
1.0547,-0.3828,-0.0283,82.378,26.341,103.537,1,21
1.0400,-0.5049,-0.0972,79.146,21.646,97.500,1,21
1.0156,-0.5962,-0.1172,77.378,17.866,91.463,1,21
0.9956,-0.6816,-0.1338,73.171,14.451,84.451,1,21
0.9585,-0.7461,-0.1396,65.854,11.220,76.585,1,21
0.9521,-0.8931,-0.2686,63.780,9.390,69.512,1,21
0.9248,-1.0190,-0.3569,79.024,9.939,65.244,1,21
0.9351,-1.2139,-0.5317,112.805,14.695,63.354,1,21
0.8491,-1.0098,-0.1938,137.012,20.183,60.427,1,21
0.8398,-0.8354,0.0190,110.061,22.073,50.366,1,21
0.8438,-0.7549,-0.0396,69.756,22.378,40.061,1,21
0.7388,-0.6528,-0.3364,-56.829,9.573,-16.829,1,21
0.7246,-0.6123,-0.3809,-59.329,10.549,-22.805,1,21
0.7197,-0.5659,-0.4189,-59.329,12.195,-28.293,1,21
0.7007,-0.4976,-0.4312,-57.927,13.902,-35.000,1,21
0.6855,-0.4453,-0.4463,-57.256,16.402,-42.439,1,21
0.6626,-0.3916,-0.4702,-55.732,18.841,-49.878,1,21
0.6333,-0.3369,-0.4775,-53.963,21.037,-58.720,1,21
0.5996,-0.3008,-0.4731,-51.463,22.561,-67.744,1,21
0.5698,-0.4805,-0.6812,2.439,40.488,-156.646,1,21
0.5884,-0.5215,-0.6909,2.927,45.854,-165.000,1,21
0.6104,-0.5532,-0.6846,2.012,51.037,-173.049,1,21
0.6255,-0.5679,-0.6919,0.488,55.610,-180.732,1,21
0.6499,-0.5728,-0.7007,-1.951,59.390,-187.744,1,21
0.6777,-0.5615,-0.6914,-7.073,63.110,-194.695,1,21
0.6938,-0.5361,-0.6924,-12.561,65.915,-200.793,1,21
0.7134,-0.4990,-0.6802,-19.695,68.537,-206.402,1,21
0.7065,0.6689,-0.1621,-14.573,113.476,-190.183,1,21
0.7178,0.6919,-0.1328,-8.415,110.488,-183.415,1,21
0.7183,0.6953,-0.0889,0.610,107.012,-175.915,1,21
0.7158,0.6772,-0.0479,10.671,103.720,-168.841,1,21
0.7129,0.6499,0.0029,21.220,98.354,-161.829,1,21
0.6987,0.6226,0.0562,31.463,92.500,-156.159,1,21
0.7002,0.6011,0.0928,40.854,85.732,-151.037,1,21
0.7036,0.5986,0.1104,48.049,78.049,-146.585,1,21
0.6694,-1.1553,-1.0396,166.829,-112.561,-10.915,2,21
0.6538,-1.1885,-1.0771,166.707,-115.793,-11.524,2,21
0.6265,-1.2275,-1.1240,166.402,-118.476,-12.378,2,21
0.6045,-1.2593,-1.1563,165.000,-120.305,-13.110,2,21
0.5767,-1.2891,-1.1958,163.415,-122.317,-13.659,2,21
0.5557,-1.3228,-1.2217,161.524,-123.780,-14.878,2,21
0.5361,-1.3467,-1.2524,158.659,-124.939,-15.671,2,21
0.5098,-1.3677,-1.2725,155.183,-125.671,-17.317,2,21
0.6123,0.7749,0.0942,2.073,30.793,-87.683,1,21
0.5957,0.7832,0.0859,-11.768,27.012,-79.390,1,21
0.5996,0.7905,0.0825,-26.585,24.451,-69.756,1,21
0.5928,0.7935,0.0698,-40.427,22.805,-60.427,1,21
0.5996,0.8032,0.0576,-54.146,22.561,-50.244,1,21
0.6104,0.8208,0.0430,-66.707,24.085,-40.793,1,21
0.6348,0.8467,0.0190,-78.354,27.195,-31.585,1,21
0.6611,0.8784,0.0195,-88.841,32.744,-22.317,1,21
0.4839,-1.3853,-1.2939,150.854,-126.220,-19.390,2,21
0.4580,-1.3965,-1.3149,145.305,-126.524,-21.159,2,21
0.4355,-1.4209,-1.3237,139.573,-125.976,-23.354,2,21
0.4238,-1.4297,-1.3228,132.439,-125.366,-25.488,2,21
0.4048,-1.4463,-1.3267,125.305,-124.573,-27.805,2,21
0.3916,-1.4595,-1.3252,118.354,-122.866,-30.366,2,21
0.3809,-1.4717,-1.3091,110.427,-120.976,-32.317,2,21
0.3716,-1.4785,-1.2896,102.073,-119.024,-34.390,2,21
1.1294,0.8906,0.1694,-129.695,63.415,54.451,1,21
1.1777,0.8428,0.1855,-130.244,58.659,61.098,1,21
1.2290,0.7710,0.1924,-130.854,52.927,66.768,1,21
1.2588,0.6987,0.1812,-130.488,45.549,71.890,1,21
1.2930,0.6064,0.1646,-130.183,37.256,76.037,1,21
1.3286,0.5127,0.1465,-128.171,29.024,79.573,1,21
1.3457,0.4048,0.1118,-125.732,20.305,82.439,1,21
1.3682,0.3101,0.0835,-122.073,12.805,84.451,1,21
2.0659,0.2988,-0.2280,-119.390,-16.402,62.134,1,21
2.0796,0.3823,-0.2192,-112.012,-22.134,61.585,1,21
2.1045,0.4600,-0.2080,-104.451,-28.963,61.280,1,21
2.1289,0.5195,-0.2192,-96.646,-36.463,61.159,1,21
2.1743,0.5571,-0.2231,-87.683,-43.841,61.585,1,21
2.2339,0.5859,-0.2466,-78.720,-51.768,62.622,1,21
2.3096,0.5889,-0.2808,-69.146,-58.963,64.756,1,21
2.4170,0.5737,-0.3311,-59.146,-65.976,68.354,1,21
-0.1821,-1.2339,-0.5005,-158.171,-25.244,-99.207,2,21
-0.1899,-1.2031,-0.4990,-159.024,-21.890,-99.695,2,21
-0.2085,-1.1709,-0.4795,-158.963,-19.024,-100.061,2,21
-0.2349,-1.1411,-0.4780,-158.780,-15.549,-99.695,2,21
-0.2471,-1.1099,-0.4795,-158.780,-12.256,-99.085,2,21
-0.2720,-1.0767,-0.4780,-159.024,-8.354,-98.963,2,21
-0.2964,-1.0542,-0.4902,-159.878,-4.634,-97.744,2,21
-0.3149,-1.0347,-0.4893,-159.573,-0.488,-96.646,2,21
2.5527,0.5420,-0.3823,-49.573,-72.500,73.171,1,21
2.6992,0.4951,-0.4331,-40.122,-77.866,79.512,1,21
2.8594,0.4434,-0.4746,-32.317,-82.927,87.134,1,21
3.0151,0.3945,-0.4839,-25.427,-87.744,95.366,1,21
3.1699,0.3398,-0.4819,-19.695,-92.622,103.110,1,21
3.3164,0.2769,-0.4648,-14.573,-98.293,110.488,1,21
3.4609,0.1978,-0.4556,-10.305,-105.610,116.220,1,21
3.5894,0.1294,-0.4375,-5.427,-114.939,120.793,1,21
0.0469,-0.6719,0.1206,-55.122,215.610,11.037,2,21
0.0430,-0.6753,0.1235,-53.232,220.915,16.098,2,21
0.0449,-0.6758,0.1216,-51.402,225.549,20.427,2,21
0.0386,-0.6904,0.1240,-50.427,230.122,25.366,2,21
0.0449,-0.6919,0.1270,-49.695,235.000,29.695,2,21
0.0454,-0.7090,0.1216,-49.695,239.451,33.963,2,21
0.0566,-0.7280,0.1152,-49.634,244.146,38.171,2,21
0.0605,-0.7422,0.1089,-49.695,248.171,42.134,2,21
2.2686,1.9395,1.6079,-118.293,-516.646,314.085,1,21
2.1782,2.0117,1.6152,-107.988,-525.244,320.610,1,21
2.0815,2.0830,1.6094,-95.549,-533.049,327.744,1,21
1.9951,2.1304,1.5933,-81.768,-540.488,334.329,1,21
1.9097,2.1934,1.5479,-67.500,-546.890,340.305,1,21
1.8267,2.2393,1.5190,-53.598,-551.402,345.427,1,21
1.7437,2.3027,1.4922,-40.061,-554.329,348.963,1,21
1.6792,2.3433,1.4570,-26.768,-555.549,351.951,1,21
1.5908,2.4355,1.4780,-8.476,-553.902,354.146,1,21
1.5083,2.4961,1.5410,0.976,-552.073,355.488,1,21
1.4678,2.5293,1.5815,5.793,-551.098,356.402,1,21
1.3901,2.5869,1.6631,14.634,-550.488,358.720,1,21
1.2783,2.6802,1.7944,28.171,-551.159,363.841,1,21
1.2065,2.7456,1.8604,36.098,-552.439,368.232,1,21
1.1343,2.8052,1.9146,43.171,-552.622,373.354,1,21
1.0635,2.8599,1.9385,49.146,-553.049,379.634,1,21
0.9766,2.9067,1.9497,54.573,-553.110,386.402,1,21
0.8843,2.9316,1.9287,59.085,-552.805,393.293,1,21
0.7905,2.9409,1.8979,64.207,-552.134,401.159,1,21
0.6982,2.9424,1.8608,68.902,-551.646,408.171,1,21
0.6118,2.9365,1.8174,73.537,-550.366,414.512,1,21
0.5420,2.9058,1.7798,78.476,-549.268,420.183,1,21
0.4634,2.8799,1.7134,83.110,-547.805,425.000,1,21
0.4043,2.8735,1.6387,88.720,-546.341,428.841,1,21
0.3525,2.8926,1.5625,94.024,-544.085,431.768,1,21
0.3022,2.9346,1.5093,98.780,-540.610,434.085,1,21
0.2485,2.9937,1.4653,102.439,-536.585,435.732,1,21
0.1729,3.0703,1.4336,105.488,-531.402,436.829,1,21
0.1011,3.1421,1.4028,109.451,-526.646,437.317,1,21
0.0415,3.2051,1.3765,112.622,-521.707,437.622,1,21
-0.0181,3.2671,1.3457,116.585,-517.012,438.110,1,21
-0.0854,3.3105,1.3091,120.427,-512.134,438.841,1,21
1.3164,-1.1255,1.4053,-157.439,239.512,113.049,2,21
1.3325,-1.0923,1.4077,-168.720,233.659,113.476,2,21
1.3506,-1.0605,1.4121,-179.634,227.561,113.720,2,21
1.3628,-1.0239,1.3945,-189.451,221.463,114.207,2,21
1.3721,-0.9912,1.3838,-198.963,215.488,115.122,2,21
1.3726,-0.9526,1.3647,-207.134,209.695,116.098,2,21
1.3662,-0.9277,1.3423,-214.878,203.963,116.890,2,21
1.3789,-0.8970,1.3242,-221.341,198.476,118.171,2,21
1.3716,-0.8735,1.2974,-227.683,192.866,119.878,2,21
1.3696,-0.8564,1.2700,-233.232,187.744,121.463,2,21
1.3452,-0.8350,1.2397,-238.476,182.622,123.171,2,21
1.3389,-0.8350,1.2163,-242.195,177.622,125.122,2,21
1.3218,-0.8247,1.1860,-244.512,172.866,127.134,2,21
1.3047,-0.8208,1.1436,-246.890,168.537,128.902,2,21
1.2773,-0.8149,1.1143,-248.293,163.720,130.854,2,21
1.2568,-0.8174,1.0845,-249.939,158.902,132.012,2,21
-1.3364,0.7827,-0.6328,-4.817,-75.549,161.707,1,21
-1.4526,0.7026,-0.6768,-8.963,-65.549,151.037,1,21
-1.5615,0.6387,-0.7109,-13.110,-54.756,140.610,1,21
-1.6567,0.5938,-0.7339,-17.256,-43.720,131.707,1,21
-1.7300,0.5557,-0.7319,-21.098,-32.988,123.415,1,21
-1.8008,0.5322,-0.7402,-25.000,-22.134,116.524,1,21
-1.8452,0.5156,-0.7280,-28.659,-11.707,110.732,1,21
-1.8867,0.5098,-0.7446,-31.037,-2.195,105.610,1,21
-1.9048,0.5181,-0.7324,-33.354,7.317,100.793,1,21
-1.9336,0.5288,-0.7305,-35.061,16.585,96.524,1,21
-1.9409,0.5562,-0.7075,-36.341,25.488,92.195,1,21
-1.9614,0.5791,-0.6968,-37.744,34.085,87.744,1,21
-1.9712,0.6030,-0.6899,-38.476,42.622,83.598,1,21
-1.9736,0.6367,-0.6743,-39.329,50.366,79.390,1,21
-1.9663,0.6582,-0.6533,-40.122,58.354,75.061,1,21
-1.9614,0.6904,-0.6353,-40.427,66.341,71.220,1,21
-0.1929,1.1167,-0.2046,-59.146,238.537,-175.061,1,21
-0.1587,1.1216,-0.2158,-57.988,241.768,-176.524,1,21
-0.1250,1.1226,-0.2280,-56.280,245.244,-178.049,1,21
-0.0845,1.1152,-0.2334,-53.902,248.476,-179.390,1,21
-0.0483,1.1211,-0.2427,-51.463,252.073,-180.976,1,21
-0.0181,1.1289,-0.2515,-48.780,255.610,-182.378,1,21
0.0225,1.1348,-0.2695,-46.098,259.024,-184.329,1,21
0.0532,1.1357,-0.2852,-42.317,262.683,-185.793,1,21
0.0933,1.1440,-0.2959,-39.268,266.402,-187.866,1,21
0.1353,1.1528,-0.3120,-36.037,269.939,-189.451,1,21
0.1758,1.1567,-0.3198,-33.049,273.537,-191.402,1,21
0.2251,1.1689,-0.3345,-29.024,276.890,-193.110,1,21
0.2549,1.1782,-0.3511,-26.037,280.366,-195.061,1,21
0.2954,1.1836,-0.3672,-22.256,283.537,-196.646,1,21
0.3301,1.1880,-0.3867,-18.963,286.768,-198.780,1,21
0.3584,1.1924,-0.3857,-16.098,289.451,-200.488,1,21
0.5083,1.2075,-0.4209,10.122,299.573,-221.768,1,21
0.5225,1.2153,-0.4277,10.915,301.220,-223.659,1,21
0.5215,1.2246,-0.4336,11.707,302.805,-224.573,1,21
0.4971,1.1841,-0.4287,14.329,303.720,-225.976,1,21
0.4927,1.1689,-0.4312,17.805,303.537,-229.329,1,21
0.4893,1.1519,-0.4312,19.573,302.744,-233.049,1,21
0.4824,1.1323,-0.4204,20.122,302.927,-237.378,1,21
0.4800,1.1216,-0.4004,19.634,302.317,-241.646,1,21
0.6274,1.1187,-0.2632,-21.402,290.610,-265.183,1,21
0.6416,1.1367,-0.2729,-27.134,289.207,-265.488,1,21
0.6514,1.1538,-0.2861,-32.195,286.585,-265.732,1,21
0.6694,1.1670,-0.3120,-36.463,283.780,-265.244,1,21
0.6758,1.2007,-0.3364,-40.549,280.671,-264.878,1,21
0.6860,1.2368,-0.3594,-43.476,277.805,-264.756,1,21
0.6890,1.2813,-0.3706,-45.854,275.671,-264.390,1,21
0.6938,1.3208,-0.3770,-48.171,274.085,-264.207,1,21
0.6411,-1.9409,0.5342,74.207,-241.098,-56.098,2,21
0.6240,-1.9385,0.5317,69.085,-242.561,-61.098,2,21
0.6118,-1.9272,0.5322,63.659,-243.902,-66.463,2,21
0.5879,-1.9116,0.5303,57.378,-244.634,-72.195,2,21
0.5625,-1.8940,0.5283,51.280,-245.671,-78.049,2,21
0.5425,-1.8682,0.5142,44.207,-246.768,-83.537,2,21
0.5244,-1.8472,0.5010,37.439,-246.890,-89.329,2,21
0.5005,-1.8203,0.4907,30.000,-246.951,-95.061,2,21
1.1064,1.1021,-0.5664,48.232,239.756,-102.012,1,21
1.1201,1.0845,-0.5444,51.585,239.756,-99.268,1,21
1.1323,1.0581,-0.5254,55.366,239.390,-96.220,1,21
1.1436,1.0425,-0.4932,58.659,238.902,-93.841,1,21
1.1553,1.0239,-0.4819,61.890,238.354,-91.402,1,21
1.1611,1.0020,-0.4551,65.183,236.890,-88.659,1,21
1.1709,0.9854,-0.4404,68.841,235.183,-86.341,1,21
1.1777,0.9727,-0.4233,73.537,232.866,-83.659,1,21
0.2734,-1.2100,0.3188,-99.573,-170.183,-180.366,2,21
0.2646,-1.1904,0.3130,-100.671,-166.402,-182.988,2,21
0.2627,-1.1650,0.3101,-101.585,-162.500,-185.000,2,21
0.2510,-1.1494,0.3013,-101.707,-159.329,-186.890,2,21
0.2485,-1.1260,0.2876,-101.402,-155.366,-188.841,2,21
0.2456,-1.1045,0.2744,-100.366,-151.280,-190.183,2,21
0.2319,-1.0918,0.2754,-99.695,-147.683,-191.768,2,21
0.2266,-1.0728,0.2559,-98.354,-143.354,-192.683,2,21
0.8276,0.1240,-0.2954,323.841,134.451,-49.268,1,21
0.8174,0.0986,-0.2847,329.634,133.232,-50.793,1,21
0.8091,0.0684,-0.2783,333.415,130.549,-52.378,1,21
0.8057,0.0356,-0.2710,335.854,127.744,-53.780,1,21
0.8037,0.0044,-0.2661,336.280,124.573,-55.366,1,21
0.7979,-0.0215,-0.2676,335.305,121.098,-56.585,1,21
0.8022,-0.0493,-0.2734,332.622,117.744,-57.683,1,21
0.7998,-0.0762,-0.2744,328.110,114.451,-58.902,1,21
0.6455,0.0127,-0.4355,236.280,95.305,-85.366,1,21
0.6240,0.0640,-0.4438,223.110,95.183,-89.451,1,21
0.6069,0.1265,-0.4546,209.817,95.244,-93.476,1,21
0.5850,0.1890,-0.4658,195.732,95.366,-97.134,1,21
0.5806,0.2617,-0.4785,182.500,95.976,-100.244,1,21
0.5728,0.3369,-0.4663,168.537,96.829,-102.927,1,21
0.5659,0.3999,-0.4702,154.756,97.683,-104.573,1,21
0.5713,0.4634,-0.4707,141.951,98.415,-105.183,1,21
0.7988,0.6279,-0.2666,48.841,108.963,-77.561,1,21
0.8076,0.6133,-0.2490,45.183,108.598,-76.280,1,21
0.8188,0.5776,-0.2275,37.561,107.256,-72.805,1,21
0.8325,0.5352,-0.2119,30.488,105.244,-69.878,1,21
0.8584,0.4814,-0.2041,22.256,101.159,-65.427,1,21
0.8735,0.4570,-0.1987,16.829,98.598,-62.500,1,21
0.8706,0.4409,-0.2100,11.707,96.159,-59.634,1,21
0.8706,0.4312,-0.2002,6.037,94.878,-56.829,1,21
0.9976,0.1260,-0.1143,-0.549,88.598,-32.988,1,21
1.0322,0.1099,-0.1230,0.488,86.524,-31.951,1,21
1.0620,0.0962,-0.1157,0.610,83.841,-29.878,1,21
1.0972,0.0884,-0.1270,0.854,81.098,-28.476,1,21
1.1211,0.0854,-0.1294,0.427,77.622,-26.646,1,21
1.1445,0.0864,-0.1367,0.244,73.537,-25.427,1,21
1.1626,0.0781,-0.1548,0.122,69.329,-24.390,1,21
1.1704,0.0815,-0.1616,0.366,64.756,-23.902,1,21
1.0186,-0.0151,-0.4116,27.195,23.659,-28.780,1,21
0.9932,-0.0371,-0.4526,31.098,21.220,-29.695,1,21
0.9697,-0.0723,-0.5005,35.061,19.634,-30.915,1,21
0.9468,-0.1079,-0.5430,40.610,18.232,-32.073,1,21
0.9229,-0.1392,-0.5664,45.244,17.195,-33.720,1,21
0.9092,-0.1611,-0.5757,49.146,16.220,-35.793,1,21
0.8936,-0.1836,-0.6055,50.366,14.146,-38.293,1,21
0.8794,-0.2144,-0.6348,50.732,12.561,-40.854,1,21
0.8848,-0.2827,-0.7129,53.902,10.671,-42.683,1,21
0.8755,-0.3726,-0.7637,66.646,11.037,-43.720,1,21
0.8540,-0.4355,-0.7427,84.939,12.744,-44.268,1,21
0.8311,-0.4360,-0.6841,97.744,13.049,-45.976,1,21
0.8511,-0.4214,-0.6958,98.841,10.732,-49.329,1,21
0.8804,-0.3789,-0.7300,95.854,7.500,-52.866,1,21
0.8843,-0.3506,-0.7427,85.427,4.024,-57.073,1,21
0.8687,-0.3628,-0.7837,73.841,1.098,-60.305,1,21
0.8335,-0.4004,-0.7881,60.854,-1.341,-65.488,1,21
0.8193,-0.4268,-0.7837,57.561,-1.890,-67.134,1,21
0.7822,-0.4590,-0.7803,54.451,-2.927,-71.220,1,21
0.7412,-0.5034,-0.7759,53.354,-3.354,-76.220,1,21
0.7065,-0.5283,-0.7769,54.085,-4.329,-81.341,1,21
0.6846,-0.5356,-0.7622,55.000,-5.427,-87.744,1,21
0.6631,-0.5449,-0.7573,54.939,-6.037,-94.390,1,21
0.6416,-0.5610,-0.7339,54.207,-6.707,-101.037,1,21
0.6465,-0.1777,-1.0693,95.305,-27.988,-66.463,2,21
0.6465,-0.1704,-1.0972,99.939,-28.537,-66.585,2,21
0.6563,-0.1660,-1.1182,104.878,-28.780,-66.037,2,21
0.6650,-0.1699,-1.1499,108.780,-29.390,-65.671,2,21
0.6689,-0.1699,-1.1826,112.378,-29.756,-65.427,2,21
0.6738,-0.1680,-1.2119,115.549,-29.756,-65.122,2,21
0.6763,-0.1807,-1.2310,117.317,-30.122,-64.573,2,21
0.6753,-0.1812,-1.2559,119.146,-30.366,-64.268,2,21
0.6221,-0.8022,-0.3784,6.524,-7.256,-148.415,1,21
0.6196,-0.8140,-0.3589,-3.537,-8.171,-153.780,1,21
0.6230,-0.8037,-0.3550,-13.598,-9.878,-159.390,1,21
0.6138,-0.7822,-0.3496,-24.512,-11.220,-165.732,1,21
0.6021,-0.7358,-0.3403,-37.744,-11.829,-172.317,1,21
0.5869,-0.6763,-0.3174,-52.805,-11.463,-180.000,1,21
0.5688,-0.6226,-0.3013,-69.146,-9.939,-187.500,1,21
0.5420,-0.5723,-0.2744,-84.756,-7.561,-195.000,1,21
0.5146,-0.5156,-0.2427,-99.939,-4.207,-201.463,1,21
0.4995,-0.4668,-0.2368,-114.085,-0.549,-207.805,1,21
0.4805,-0.3911,-0.2227,-126.890,3.354,-213.659,1,21
0.4688,-0.3105,-0.1924,-141.524,7.988,-219.024,1,21
0.4565,-0.2397,-0.1743,-156.768,13.049,-223.537,1,21
0.4517,-0.1714,-0.1709,-171.524,19.085,-227.622,1,21
0.4482,-0.1045,-0.1602,-185.671,25.427,-230.793,1,21
0.4468,-0.0405,-0.1440,-198.537,32.927,-232.744,1,21
0.6401,-0.4146,-1.3984,103.963,-6.646,-54.695,2,21
0.6270,-0.4321,-1.3823,103.171,-4.024,-54.634,2,21
0.6206,-0.4424,-1.3706,101.463,-1.341,-54.512,2,21
0.6104,-0.4644,-1.3418,99.756,0.793,-54.634,2,21
0.6021,-0.4790,-1.3228,97.622,3.293,-55.000,2,21
0.5962,-0.4888,-1.3037,95.305,5.488,-55.427,2,21
0.5962,-0.5049,-1.2930,92.866,7.988,-56.524,2,21
0.5928,-0.5293,-1.2759,89.756,10.061,-56.890,2,21
0.7842,0.9194,0.1460,-48.902,48.415,-47.683,1,21
0.8086,0.9116,0.1528,-52.744,50.610,-44.207,1,21
0.8643,0.8872,0.1553,-60.610,53.659,-37.073,1,21
0.9136,0.8604,0.1719,-67.256,56.585,-30.122,1,21
0.9756,0.8384,0.2002,-76.646,59.695,-20.671,1,21
1.0171,0.8198,0.2188,-82.134,60.854,-15.671,1,21
1.0576,0.8022,0.2358,-86.646,61.159,-11.280,1,21
1.0908,0.7690,0.2456,-90.671,60.854,-7.805,1,21
0.6318,-1.3057,-0.7979,-1.707,19.817,-143.780,2,21
0.6201,-1.2944,-0.8066,-4.695,19.329,-145.610,2,21
0.6060,-1.2832,-0.8062,-7.317,19.268,-148.049,2,21
0.5854,-1.2705,-0.7998,-9.634,19.329,-150.305,2,21
0.5830,-1.2451,-0.7959,-11.098,19.390,-152.683,2,21
0.5684,-1.2188,-0.7871,-11.707,19.756,-154.939,2,21
0.5625,-1.1934,-0.7788,-12.866,20.000,-157.256,2,21
0.5591,-1.1724,-0.7666,-13.476,20.732,-159.634,2,21
1.1323,0.7358,0.2515,-93.293,59.634,-5.366,1,21
1.1733,0.6948,0.2573,-95.671,57.317,-3.720,1,21
1.2163,0.6475,0.2578,-96.463,54.695,-2.378,1,21
1.2686,0.5991,0.2510,-97.073,51.707,-1.707,1,21
1.3252,0.5508,0.2471,-97.256,49.268,-1.890,1,21
1.3721,0.5127,0.2593,-97.378,47.439,-2.500,1,21
1.4189,0.4546,0.2549,-98.171,45.732,-3.598,1,21
1.4775,0.4077,0.2515,-99.268,43.780,-5.122,1,21
0.5601,-1.1328,-0.7588,-15.793,21.341,-162.805,2,21
0.5586,-1.1265,-0.7549,-16.707,21.646,-163.902,2,21
0.5537,-1.1157,-0.7417,-17.622,22.256,-165.793,2,21
0.5469,-1.0913,-0.7227,-18.232,22.927,-167.439,2,21
0.5503,-1.0620,-0.7051,-18.963,23.415,-168.963,2,21
0.5488,-1.0439,-0.6846,-19.573,23.293,-170.061,2,21
0.5527,-1.0195,-0.6499,-20.244,23.476,-171.159,2,21
0.5420,-0.9941,-0.6230,-21.098,23.659,-172.073,2,21
1.5220,0.3428,0.2402,-99.451,41.646,-6.951,1,21
1.5830,0.2856,0.2163,-98.415,39.329,-9.146,1,21
1.6357,0.2285,0.1987,-97.500,36.341,-11.768,1,21
1.6909,0.1826,0.1641,-95.854,34.146,-14.512,1,21
1.7485,0.1431,0.1255,-93.537,31.037,-17.988,1,21
1.8130,0.1206,0.0610,-90.915,28.720,-21.524,1,21
1.8633,0.1133,0.0054,-88.293,26.707,-25.854,1,21
1.9219,0.1211,-0.0615,-86.098,25.061,-29.939,1,21
1.9712,0.1494,-0.1211,-84.146,24.146,-34.939,1,21
2.0220,0.1875,-0.1899,-82.012,24.329,-39.878,1,21
2.0615,0.2407,-0.2324,-80.610,25.549,-44.451,1,21
2.1147,0.2891,-0.2773,-79.207,26.585,-47.744,1,21
2.1689,0.3379,-0.2998,-77.683,27.988,-50.610,1,21
2.2266,0.3726,-0.3267,-76.646,28.659,-51.524,1,21
2.2896,0.4097,-0.3462,-75.305,28.537,-51.341,1,21
2.3677,0.4170,-0.3643,-72.744,26.890,-49.756,1,21
0.5610,-0.6523,-0.3042,-28.720,14.451,-164.634,2,21
0.5674,-0.6138,-0.2798,-28.780,12.866,-162.195,2,21
0.5786,-0.5654,-0.2725,-29.756,11.402,-159.695,2,21
0.5757,-0.5356,-0.2739,-31.707,9.756,-156.402,2,21
0.5884,-0.5151,-0.2886,-34.634,8.841,-153.415,2,21
0.5962,-0.4971,-0.2866,-36.280,8.110,-149.207,2,21
0.5869,-0.4917,-0.2856,-35.915,8.232,-145.244,2,21
0.5854,-0.4888,-0.2695,-35.183,8.110,-140.488,2,21
3.1953,0.0483,-0.4336,-57.195,-58.720,-32.195,1,21
3.2686,-0.0044,-0.4321,-61.585,-72.561,-32.256,1,21
3.3330,-0.0425,-0.4526,-67.439,-86.524,-32.378,1,21
3.4038,-0.0674,-0.4805,-73.902,-101.890,-31.768,1,21
3.4790,-0.0786,-0.5386,-80.915,-117.744,-30.000,1,21
3.5576,-0.0518,-0.6016,-87.988,-133.476,-27.683,1,21
3.6357,0.0039,-0.6431,-96.463,-149.207,-24.451,1,21
3.6934,0.0859,-0.6670,-106.341,-164.268,-20.976,1,21
3.7451,0.1875,-0.6948,-116.768,-179.085,-17.683,1,21
3.7686,0.3047,-0.6938,-126.463,-193.720,-14.390,1,21
3.7900,0.4424,-0.6533,-135.183,-208.537,-11.524,1,21
3.8047,0.5903,-0.6069,-142.683,-223.476,-8.110,1,21
3.8101,0.7378,-0.5063,-148.780,-239.817,-4.512,1,21
3.8252,0.8716,-0.4121,-152.622,-257.622,0.610,1,21
3.8335,0.9995,-0.3174,-153.963,-277.866,6.890,1,21
3.8418,1.1299,-0.2212,-152.622,-299.085,13.902,1,21
0.3501,-0.3853,0.3105,-39.146,6.098,-52.744,2,21
0.3706,-0.3721,0.2935,-45.610,5.122,-47.866,2,21
0.3960,-0.3833,0.2769,-52.805,4.451,-42.317,2,21
0.4209,-0.3979,0.2607,-58.659,4.329,-36.159,2,21
0.4365,-0.4263,0.2563,-62.866,4.085,-29.939,2,21
0.4507,-0.4326,0.2397,-66.829,3.902,-23.110,2,21
0.4707,-0.4585,0.2324,-72.195,3.537,-15.732,2,21
0.4775,-0.4873,0.2153,-77.561,3.902,-8.598,2,21
3.8223,1.2490,-0.1094,-149.512,-321.280,21.585,1,21
3.7856,1.3525,-0.0176,-144.878,-344.268,29.024,1,21
3.7139,1.4380,0.0835,-139.024,-367.317,36.341,1,21
3.6416,1.5220,0.1685,-131.829,-389.390,44.085,1,21
3.5469,1.6011,0.2656,-122.988,-411.280,51.951,1,21
3.4341,1.6592,0.3853,-116.280,-431.402,60.854,1,21
3.3184,1.7026,0.4946,-109.512,-450.732,70.122,1,21
3.1997,1.7256,0.6060,-101.402,-468.963,81.037,1,21
0.4922,-0.5166,0.2173,-82.317,3.659,-0.976,2,21
0.4814,-0.5532,0.2168,-86.585,4.146,6.280,2,21
0.4917,-0.5708,0.2236,-90.061,4.573,13.598,2,21
0.4902,-0.5952,0.2227,-93.963,4.329,20.244,2,21
0.4951,-0.5996,0.2212,-98.171,4.268,26.159,2,21
0.4985,-0.6162,0.2114,-102.805,4.146,31.951,2,21
0.5161,-0.6152,0.1895,-108.171,3.659,36.890,2,21
0.5371,-0.6094,0.1724,-113.902,3.049,40.793,2,21
3.0332,1.7505,0.7720,-87.378,-494.878,98.476,1,21
2.9312,1.7686,0.8794,-77.195,-511.402,111.037,1,21
2.8267,1.7900,0.9824,-67.561,-526.829,123.354,1,21
2.7236,1.8130,1.1060,-58.780,-541.829,135.427,1,21
2.6187,1.8413,1.2207,-50.671,-556.524,147.195,1,21
2.5220,1.8638,1.3345,-42.866,-570.671,158.476,1,21
2.4219,1.8804,1.4634,-35.549,-584.268,169.085,1,21
2.3237,1.9106,1.5796,-27.988,-597.073,180.061,1,21
0.5664,-0.6069,0.1372,-119.085,3.049,44.878,2,21
0.5952,-0.5957,0.1182,-124.878,3.293,48.598,2,21
0.6143,-0.5854,0.1211,-128.476,4.146,52.378,2,21
0.6494,-0.5698,0.1216,-131.524,5.061,55.488,2,21
0.6763,-0.5479,0.1353,-134.207,6.220,58.354,2,21
0.7075,-0.5127,0.1372,-137.256,7.561,61.220,2,21
0.7461,-0.4771,0.1660,-140.427,8.354,63.720,2,21
0.7764,-0.4419,0.1807,-143.293,9.329,66.463,2,21
1.2700,-0.1553,0.3091,-176.951,15.122,84.756,2,21
1.3193,-0.1313,0.3452,-179.451,15.488,87.134,2,21
1.3540,-0.1030,0.3594,-181.585,15.915,89.268,2,21
1.3872,-0.0835,0.3794,-183.963,15.671,91.463,2,21
1.4141,-0.0557,0.3936,-186.037,15.183,93.780,2,21
1.4429,-0.0317,0.4014,-188.537,14.512,95.915,2,21
1.4663,-0.0112,0.4175,-190.854,13.415,98.110,2,21
1.4834,0.0059,0.4150,-193.171,12.378,99.756,2,21
1.4292,3.0195,2.7554,181.707,-714.329,331.707,1,21
1.3550,3.1255,2.8594,187.317,-716.098,340.671,1,21
1.2793,3.2095,2.9585,189.878,-717.866,351.220,1,21
1.1943,3.2866,3.0474,190.244,-719.756,364.207,1,21
1.1152,3.3403,3.1074,189.451,-721.037,379.207,1,21
1.0278,3.3657,3.1479,188.110,-722.683,395.061,1,21
0.9561,3.3813,3.1436,185.671,-724.817,411.037,1,21
0.8989,3.3696,3.1558,182.622,-726.951,425.976,1,21
1.5093,0.0283,0.4175,-196.280,11.707,101.890,2,21
1.5317,0.0420,0.4141,-199.146,11.463,103.659,2,21
1.5615,0.0542,0.4204,-201.341,11.220,105.549,2,21
1.5903,0.0591,0.4258,-203.110,12.073,107.744,2,21
1.6226,0.0679,0.4556,-204.634,12.805,109.878,2,21
1.6743,0.0674,0.4604,-205.854,14.573,111.768,2,21
1.7310,0.0723,0.4790,-208.049,16.707,113.902,2,21
1.8013,0.0845,0.4824,-210.610,18.780,115.305,2,21
-1.3862,2.2622,0.9907,71.646,-675.793,502.073,1,21
-1.4243,2.1914,0.9053,81.098,-663.232,499.634,1,21
-1.4551,2.0815,0.7583,105.549,-637.134,492.561,1,21
-1.4414,2.0010,0.6177,132.012,-613.476,482.561,1,21
-1.3599,1.9536,0.5054,157.439,-591.341,470.183,1,21
-1.2104,1.9097,0.3730,180.000,-569.756,457.012,1,21
-1.0186,1.8872,0.2568,201.220,-548.476,444.207,1,21
-0.6885,1.8564,0.1333,231.037,-514.634,428.659,1,21
-1.1445,1.9385,0.0879,258.720,-207.622,319.085,1,21
-1.2290,1.9897,0.0703,246.890,-194.085,306.037,1,21
-1.2954,2.0249,0.0693,235.732,-181.280,293.049,1,21
-1.3613,2.0391,0.0698,223.293,-167.683,280.793,1,21
-1.4087,2.0200,0.0840,211.463,-153.171,268.902,1,21
-1.4785,1.9707,0.1113,199.695,-137.622,258.902,1,21
-1.5522,1.8994,0.1353,187.195,-120.488,251.098,1,21
-1.6411,1.8149,0.1406,175.915,-102.195,244.634,1,21
1.0571,0.3315,0.0605,-314.329,-71.098,91.951,2,21
1.0352,0.3643,0.0591,-314.939,-73.171,89.939,2,21
1.0244,0.4058,0.0610,-313.171,-74.939,88.232,2,21
1.0137,0.4390,0.0708,-311.280,-76.280,86.951,2,21
1.0029,0.4863,0.0859,-307.622,-77.134,85.366,2,21
0.9961,0.5435,0.0928,-303.476,-78.232,83.720,2,21
0.9888,0.5845,0.1060,-298.720,-79.146,82.439,2,21
0.9844,0.6270,0.1118,-293.720,-79.817,80.793,2,21
-2.2759,1.1929,-0.0122,80.915,26.463,179.207,1,21
-2.2578,1.1904,-0.0161,70.122,34.085,167.622,1,21
-2.1987,1.2031,-0.0103,59.268,41.402,156.829,1,21
-2.1245,1.2378,0.0039,48.537,48.537,146.463,1,21
-2.0254,1.2881,-0.0020,39.390,55.671,136.707,1,21
-1.9229,1.3438,0.0088,30.793,62.317,127.195,1,21
-1.8423,1.3872,0.0176,22.988,67.744,117.500,1,21
-1.7700,1.4170,0.0132,15.854,72.622,107.744,1,21
0.9189,0.8721,0.0972,-215.244,-77.317,74.390,2,21
0.9033,0.8755,0.1011,-210.122,-76.890,74.390,2,21
0.8857,0.8706,0.1006,-199.756,-76.159,74.817,2,21
0.8574,0.8682,0.0942,-189.268,-75.366,75.305,2,21
0.8330,0.8726,0.0952,-178.902,-75.000,75.244,2,21
0.8018,0.8745,0.0894,-169.512,-75.000,75.244,2,21
0.7725,0.8706,0.0884,-159.817,-75.305,75.061,2,21
0.7466,0.8779,0.0825,-150.610,-76.098,75.061,2,21
-1.7153,1.4395,0.0010,9.939,76.463,97.866,1,21
-1.6919,1.4395,-0.0249,5.244,80.122,88.232,1,21
-1.6812,1.4199,-0.0459,1.768,83.232,78.659,1,21
-1.6836,1.3789,-0.0576,-1.098,86.402,68.780,1,21
-1.7012,1.3169,-0.0708,-2.683,89.817,59.024,1,21
-1.7222,1.2554,-0.0723,-3.537,92.683,49.390,1,21
-1.7388,1.1895,-0.0659,-4.207,96.159,40.183,1,21
-1.7544,1.1211,-0.0474,-4.512,99.451,30.793,1,21
0.7031,0.8853,0.0757,-136.402,-76.890,74.207,2,21
0.6821,0.8940,0.0679,-127.256,-77.439,73.963,2,21
0.6743,0.8984,0.0640,-122.500,-77.683,73.598,2,21
0.6606,0.9131,0.0542,-113.110,-77.866,73.171,2,21
0.6460,0.9204,0.0391,-104.146,-77.866,72.378,2,21
0.6221,0.9312,0.0054,-89.756,-76.890,71.341,2,21
0.6099,0.9360,-0.0146,-79.878,-75.793,70.610,2,21
0.6104,0.9453,-0.0244,-74.695,-75.122,70.427,2,21
-1.7578,1.0581,-0.0244,-4.817,103.049,21.829,1,21
-1.7612,0.9985,-0.0098,-5.244,105.366,13.171,1,21
-1.7412,0.9497,0.0020,-5.610,107.683,5.244,1,21
-1.7124,0.9067,0.0088,-6.829,109.268,-2.439,1,21
-1.6733,0.8672,0.0117,-7.561,110.610,-9.451,1,21
-1.6211,0.8276,0.0078,-8.963,112.073,-16.768,1,21
-1.5747,0.8027,0.0059,-10.732,113.049,-22.805,1,21
-1.5249,0.7666,0.0034,-12.866,114.695,-29.390,1,21
-1.0698,0.7085,-0.2427,-21.463,114.695,-93.171,1,21
-1.0278,0.7256,-0.2686,-21.341,114.878,-101.463,1,21
-0.9927,0.7417,-0.3037,-20.854,114.878,-109.329,1,21
-0.9546,0.7554,-0.3359,-20.061,115.244,-117.073,1,21
-0.9199,0.7764,-0.3545,-18.598,115.305,-124.512,1,21
-0.8882,0.7944,-0.3770,-17.622,116.463,-131.951,1,21
-0.8584,0.8062,-0.4014,-16.341,117.561,-138.720,1,21
-0.8311,0.8164,-0.4185,-14.634,118.841,-145.488,1,21
-0.5078,0.7856,-0.4917,15.915,158.354,-221.768,1,21
-0.4834,0.7988,-0.4902,17.012,162.073,-225.000,1,21
-0.4619,0.8135,-0.4805,17.927,165.366,-227.683,1,21
-0.4414,0.8379,-0.4912,19.024,169.024,-230.183,1,21
-0.4160,0.8486,-0.4683,20.122,172.866,-232.683,1,21
-0.3911,0.8569,-0.4604,20.488,177.073,-235.183,1,21
-0.3584,0.8706,-0.4546,21.159,180.610,-237.012,1,21
-0.3374,0.8784,-0.4692,21.768,184.512,-239.390,1,21
0.1772,1.3555,-0.5059,-31.829,345.732,-346.037,1,21
0.1875,1.3730,-0.4966,-32.927,346.280,-345.549,1,21
0.2012,1.3745,-0.4976,-34.878,346.829,-345.610,1,21
0.2129,1.3794,-0.4907,-37.317,347.561,-345.183,1,21
0.2271,1.3901,-0.4839,-40.610,347.866,-345.244,1,21
0.2383,1.4033,-0.4863,-44.268,348.902,-344.939,1,21
0.2378,1.4209,-0.4805,-49.268,349.512,-344.695,1,21
0.2510,1.4468,-0.4834,-53.780,350.183,-344.207,1,21
1.0854,-1.2671,0.3647,141.098,-45.061,105.244,2,21
1.0894,-1.2939,0.3711,133.780,-46.220,104.146,2,21
1.0903,-1.3174,0.3633,126.280,-47.561,102.866,2,21
1.0879,-1.3481,0.3496,117.988,-48.963,101.098,2,21
1.0913,-1.3687,0.3379,109.146,-50.305,99.390,2,21
1.0850,-1.3989,0.3232,98.902,-51.524,97.622,2,21
1.0815,-1.4272,0.3037,88.963,-52.561,95.549,2,21
1.0806,-1.4551,0.2974,78.963,-53.537,93.293,2,21
1.0654,-1.4844,0.2905,63.841,-55.122,89.634,2,21
1.0625,-1.4932,0.2886,58.780,-55.793,89.024,2,21
1.0571,-1.5039,0.2783,47.683,-57.195,86.524,2,21
1.0522,-1.5107,0.2612,35.244,-58.293,83.902,2,21
1.0483,-1.5229,0.2534,22.866,-59.512,81.341,2,21
1.0488,-1.5352,0.2427,10.366,-60.793,78.354,2,21
1.0444,-1.5352,0.2437,-1.585,-62.073,75.732,2,21
1.0400,-1.5283,0.2300,-12.805,-63.841,72.744,2,21
0.8052,0.8916,0.0054,-106.646,288.720,-129.085,1,21
0.8057,0.8867,-0.0107,-105.244,286.463,-126.037,1,21
0.8149,0.8774,-0.0059,-104.207,284.146,-123.354,1,21
0.8271,0.8682,-0.0225,-102.805,281.951,-120.305,1,21
0.8384,0.8589,-0.0371,-101.159,278.841,-117.073,1,21
0.8574,0.8418,-0.0396,-98.841,276.707,-113.780,1,21
0.8740,0.8340,-0.0508,-96.463,273.780,-110.122,1,21
0.8848,0.8218,-0.0615,-94.024,270.793,-107.012,1,21
1.0269,-1.4990,0.2271,-29.573,-66.890,68.232,2,21
1.0317,-1.4956,0.2168,-35.366,-68.293,66.280,2,21
1.0293,-1.4663,0.1816,-46.280,-71.037,62.500,2,21
1.0269,-1.4297,0.1611,-56.707,-73.537,58.110,2,21
1.0308,-1.3955,0.1274,-65.854,-76.220,53.659,2,21
1.0273,-1.3516,0.1011,-73.659,-77.683,49.390,2,21
1.0195,-1.3105,0.0562,-80.427,-79.756,45.183,2,21
1.0254,-1.2534,0.0239,-85.305,-80.976,40.854,2,21
0.9028,0.7979,-0.0732,-90.976,267.622,-103.780,1,21
0.9136,0.7822,-0.0776,-87.805,264.329,-100.976,1,21
0.9268,0.7607,-0.0894,-83.598,261.037,-98.232,1,21
0.9302,0.7417,-0.1191,-79.024,257.012,-96.037,1,21
0.9351,0.7168,-0.1396,-73.171,252.317,-94.146,1,21
0.9458,0.7090,-0.1768,-66.524,247.439,-93.049,1,21
0.9370,0.6929,-0.2080,-58.598,242.317,-92.500,1,21
0.9336,0.6792,-0.2334,-50.793,236.890,-92.195,1,21
1.0225,-1.1782,-0.0181,-89.695,-82.561,35.305,2,21
1.0186,-1.1304,-0.0571,-91.037,-84.024,31.463,2,21
1.0195,-1.1035,-0.0713,-91.220,-84.573,29.817,2,21
1.0161,-1.0615,-0.1240,-91.402,-85.610,26.463,2,21
1.0205,-1.0259,-0.1636,-91.220,-86.402,22.988,2,21
1.0181,-0.9873,-0.2236,-87.744,-86.585,18.415,2,21
1.0186,-0.9766,-0.2549,-83.354,-86.707,15.854,2,21
1.0161,-0.9639,-0.2896,-76.524,-86.768,13.415,2,21
0.9277,0.6699,-0.2593,-42.744,231.037,-92.500,1,21
0.9199,0.6660,-0.2866,-34.268,225.732,-93.415,1,21
0.8975,0.6616,-0.3091,-25.976,220.122,-94.512,1,21
0.8848,0.6665,-0.3325,-17.683,214.817,-95.488,1,21
0.8638,0.6626,-0.3379,-10.610,210.305,-96.768,1,21
0.8423,0.6675,-0.3623,-3.110,205.976,-97.866,1,21
0.8223,0.6729,-0.3730,3.415,202.561,-98.841,1,21
0.8091,0.6650,-0.3813,10.305,199.085,-98.963,1,21
1.0220,-0.9561,-0.3057,-68.537,-87.012,11.280,2,21
1.0171,-0.9600,-0.3120,-59.512,-87.317,8.902,2,21
1.0244,-0.9702,-0.3164,-49.939,-87.561,6.037,2,21
1.0215,-0.9780,-0.3164,-40.305,-87.927,3.720,2,21
1.0195,-0.9980,-0.3179,-30.427,-88.415,0.854,2,21
1.0176,-1.0127,-0.3145,-20.732,-89.146,-2.561,2,21
1.0176,-1.0347,-0.2949,-11.524,-89.634,-5.610,2,21
1.0063,-1.0596,-0.2847,-2.073,-90.671,-9.207,2,21
0.7998,0.6758,-0.3975,16.890,196.037,-99.451,1,21
0.7925,0.6846,-0.3994,22.256,193.659,-99.451,1,21
0.7837,0.7002,-0.4009,27.561,191.585,-99.634,1,21
0.7720,0.7119,-0.4136,33.049,189.695,-99.451,1,21
0.7695,0.7241,-0.4072,39.085,187.622,-99.024,1,21
0.7715,0.7461,-0.3955,44.756,185.976,-99.207,1,21
0.7627,0.7617,-0.3892,50.854,183.720,-98.659,1,21
0.7681,0.7891,-0.3901,57.256,181.280,-98.841,1,21
1.0137,-1.0815,-0.2788,5.549,-91.585,-12.622,2,21
1.0171,-1.1138,-0.2700,13.415,-92.256,-15.854,2,21
1.0078,-1.1396,-0.2622,20.732,-92.927,-18.963,2,21
1.0020,-1.1621,-0.2466,27.683,-93.720,-22.622,2,21
0.9980,-1.1929,-0.2407,34.451,-94.817,-25.610,2,21
0.9893,-1.2158,-0.2339,40.854,-95.976,-29.024,2,21
0.9736,-1.2290,-0.2173,46.646,-97.500,-32.439,2,21
0.9600,-1.2363,-0.2139,52.073,-98.963,-35.488,2,21
0.7700,0.8071,-0.3960,64.878,178.354,-99.085,1,21
0.7876,0.8496,-0.3979,72.317,175.183,-99.390,1,21
0.7935,0.8896,-0.4067,80.427,172.317,-99.634,1,21
0.8076,0.9302,-0.4067,88.049,168.902,-100.122,1,21
0.8198,0.9932,-0.4238,95.000,165.732,-101.280,1,21
0.8213,1.0542,-0.4292,102.317,162.744,-101.829,1,21
0.8262,1.1284,-0.4150,108.841,160.000,-102.805,1,21
0.8242,1.1860,-0.3945,114.573,157.256,-103.476,1,21
0.9575,-1.2466,-0.2183,56.463,-100.122,-38.659,2,21
0.9375,-1.2568,-0.2271,60.671,-101.098,-42.439,2,21
0.9150,-1.2593,-0.2261,64.573,-101.707,-45.549,2,21
0.9097,-1.2651,-0.2344,68.598,-102.439,-48.963,2,21
0.8892,-1.2612,-0.2256,71.829,-102.988,-52.317,2,21
0.8726,-1.2554,-0.2256,75.183,-103.537,-55.488,2,21
0.8550,-1.2539,-0.2256,77.500,-103.902,-58.293,2,21
0.8457,-1.2456,-0.2202,80.244,-104.268,-61.707,2,21
0.8159,1.2466,-0.3896,120.183,154.695,-103.963,1,21
0.8140,1.3115,-0.3823,126.220,152.134,-103.720,1,21
0.8145,1.3745,-0.3604,132.317,149.085,-102.927,1,21
0.8149,1.4351,-0.3433,138.780,146.585,-101.585,1,21
0.8179,1.4995,-0.3218,144.390,144.329,-99.695,1,21
0.8003,1.5483,-0.2788,150.061,142.012,-97.744,1,21
0.7998,1.5923,-0.2505,155.244,139.695,-94.634,1,21
0.8032,1.6177,-0.2300,160.366,137.134,-90.976,1,21
0.8398,-1.2339,-0.2134,82.134,-104.634,-64.756,2,21
0.8257,-1.2246,-0.2007,83.415,-105.183,-68.110,2,21
0.8218,-1.2124,-0.2031,85.244,-105.915,-70.976,2,21
0.8120,-1.2031,-0.2017,85.793,-106.646,-74.146,2,21
0.8125,-1.1924,-0.2085,86.585,-107.256,-77.500,2,21
0.8076,-1.1787,-0.2163,86.829,-107.744,-80.915,2,21
0.8135,-1.1733,-0.2339,87.256,-108.049,-84.268,2,21
0.8135,-1.1577,-0.2397,88.110,-107.683,-87.744,2,21
0.8018,1.6421,-0.2188,166.037,134.390,-86.524,1,21
0.8105,1.6553,-0.1919,172.134,131.646,-81.037,1,21
0.8096,1.6753,-0.1606,178.232,129.207,-75.488,1,21
0.8135,1.6748,-0.1313,183.780,127.561,-69.512,1,21
0.8130,1.6694,-0.0884,188.415,125.732,-63.537,1,21
0.8125,1.6572,-0.0405,192.012,124.146,-56.829,1,21
0.8066,1.6265,-0.0117,194.756,122.134,-50.244,1,21
0.8110,1.5854,0.0083,198.476,118.780,-43.293,1,21
0.8145,1.5483,0.0386,205.183,113.293,-33.049,1,21
0.8164,1.5259,0.0625,209.573,108.659,-27.012,1,21
0.8169,1.5029,0.0845,212.805,104.024,-21.890,1,21
0.8228,1.4922,0.0967,214.878,99.817,-16.890,1,21
0.8213,1.4829,0.1040,215.183,95.427,-12.317,1,21
0.8198,1.4751,0.1064,214.878,91.768,-8.171,1,21
0.8237,1.4648,0.1167,213.720,88.293,-4.085,1,21
0.8252,1.4551,0.1333,212.134,85.793,0.366,1,21
0.8184,1.4385,0.1367,209.634,83.963,4.573,1,21
0.8120,1.4302,0.1411,206.341,82.256,9.695,1,21
0.8154,1.4063,0.1411,202.744,81.159,14.756,1,21
0.8130,1.3804,0.1309,198.659,79.573,20.305,1,21
0.8281,1.3633,0.1230,194.451,78.415,25.854,1,21
0.8306,1.3359,0.1030,190.244,77.378,32.256,1,21
0.8423,1.3179,0.0879,185.488,76.280,37.866,1,21
0.8491,1.2939,0.0801,180.061,75.671,43.902,1,21
0.7998,-0.6108,-0.2935,24.024,-55.061,-110.732,2,21
0.8193,-0.5981,-0.2983,21.585,-52.134,-108.171,2,21
0.8354,-0.5815,-0.3115,17.866,-49.756,-104.817,2,21
0.8516,-0.5684,-0.3276,13.659,-47.927,-101.280,2,21
0.8667,-0.5767,-0.3491,9.634,-46.341,-97.012,2,21
0.8687,-0.5801,-0.3643,4.817,-44.207,-92.683,2,21
0.8623,-0.5786,-0.3672,-0.610,-40.610,-87.866,2,21
0.8403,-0.5830,-0.3730,-6.524,-35.305,-83.902,2,21
0.5591,-0.1699,-0.4976,39.817,57.744,2.134,1,21
0.5313,-0.1958,-0.5337,46.037,61.890,-3.841,1,21
0.5288,-0.2134,-0.5552,53.049,64.878,-9.695,1,21
0.5200,-0.2319,-0.5688,61.646,66.890,-15.488,1,21
0.5215,-0.2441,-0.5737,70.427,67.134,-21.037,1,21
0.5288,-0.2554,-0.5815,79.512,66.037,-26.768,1,21
0.5381,-0.2563,-0.5728,89.268,63.902,-31.524,1,21
0.5449,-0.2505,-0.5688,97.439,61.098,-36.280,1,21
0.6084,-0.4551,-1.0610,31.159,32.256,3.171,2,21
0.6133,-0.4536,-1.0508,40.183,32.988,3.293,2,21
0.6187,-0.4541,-1.0552,49.573,33.963,3.110,2,21
0.6177,-0.4429,-1.0552,59.268,35.305,2.744,2,21
0.6294,-0.4355,-1.0610,68.049,36.341,2.073,2,21
0.6372,-0.4312,-1.0669,77.378,37.805,0.793,2,21
0.6401,-0.4419,-1.0688,86.768,38.780,-0.793,2,21
0.6499,-0.4438,-1.0718,96.707,40.061,-2.439,2,21
0.6528,-0.4526,-1.0728,111.890,41.768,-6.037,2,21
0.6587,-0.4556,-1.0620,116.646,42.378,-7.317,2,21
0.6577,-0.4668,-1.0713,125.976,42.256,-9.756,2,21
0.6665,-0.4834,-1.0732,135.122,42.439,-12.561,2,21
0.6689,-0.4951,-1.0742,143.476,42.134,-15.610,2,21
0.6841,-0.5239,-1.0771,152.439,41.463,-18.720,2,21
0.6777,-0.5527,-1.0850,159.390,40.488,-21.585,2,21
0.6812,-0.5864,-1.0747,166.402,39.390,-24.573,2,21
0.6563,-0.3188,-0.4961,190.366,23.720,-94.573,1,21
0.6426,-0.3213,-0.4790,190.305,22.622,-97.988,1,21
0.6284,-0.3354,-0.4688,189.512,21.585,-101.463,1,21
0.6191,-0.3457,-0.4478,188.720,20.549,-105.305,1,21
0.5986,-0.3516,-0.4453,187.073,18.841,-109.207,1,21
0.5806,-0.3530,-0.4331,184.390,17.805,-113.354,1,21
0.5601,-0.3491,-0.4160,180.488,18.049,-118.293,1,21
0.5308,-0.3511,-0.4043,174.878,19.390,-123.354,1,21
0.7197,-0.9712,-1.1240,199.329,11.341,-57.866,2,21
0.7202,-0.9883,-1.1182,199.146,9.512,-59.756,2,21
0.7197,-1.0249,-1.1338,198.232,5.671,-63.841,2,21
0.7158,-1.0513,-1.1367,197.317,2.256,-67.134,2,21
0.7104,-1.0771,-1.1392,195.183,-1.098,-70.488,2,21
0.7056,-1.1084,-1.1465,190.793,-5.854,-75.732,2,21
0.7051,-1.1172,-1.1538,188.963,-7.317,-77.256,2,21
0.7036,-1.1416,-1.1626,185.305,-10.305,-80.793,2,21
0.5703,0.4961,0.0083,-3.537,55.305,-196.159,1,21
0.6025,0.6216,0.0156,-4.573,58.232,-194.268,1,21
0.6455,0.7407,0.0200,-5.488,60.183,-190.915,1,21
0.6860,0.8428,0.0166,-5.854,61.402,-186.037,1,21
0.7383,0.9502,0.0225,-6.341,61.402,-180.488,1,21
0.7993,1.0488,0.0229,-7.683,61.220,-174.085,1,21
0.8525,1.1333,0.0220,-9.268,60.122,-166.951,1,21
0.9170,1.2085,0.0146,-11.037,58.841,-159.939,1,21
0.5771,-0.8848,-1.0889,-17.622,-34.512,-141.341,2,21
0.5591,-0.8643,-1.0962,-26.707,-33.720,-142.439,2,21
0.5537,-0.8545,-1.0952,-35.244,-32.317,-143.354,2,21
0.5483,-0.8428,-1.0908,-43.963,-31.037,-143.902,2,21
0.5210,-0.8208,-1.0928,-52.195,-29.207,-144.390,2,21
0.5034,-0.8076,-1.0913,-60.244,-27.500,-145.488,2,21
0.4854,-0.7793,-1.0732,-68.841,-25.549,-146.098,2,21
0.4673,-0.7603,-1.0537,-76.829,-23.537,-146.646,2,21
0.4600,-0.7417,-1.0527,-84.573,-21.768,-147.134,2,21
0.4458,-0.7197,-1.0415,-92.012,-19.451,-147.866,2,21
0.4312,-0.7002,-1.0283,-99.024,-17.622,-148.415,2,21
0.4302,-0.6792,-1.0078,-105.793,-15.244,-148.598,2,21
0.4165,-0.6606,-0.9980,-111.280,-12.927,-149.207,2,21
0.4180,-0.6289,-0.9712,-116.220,-10.671,-149.634,2,21
0.4146,-0.6006,-0.9468,-121.159,-8.415,-149.817,2,21
0.4106,-0.5835,-0.9136,-125.244,-6.098,-149.878,2,21
3.2598,1.1724,0.6187,-40.366,-57.561,108.720,1,21
3.2598,1.0771,0.6050,-43.780,-73.171,112.134,1,21
3.2568,0.9863,0.5762,-48.659,-86.768,113.902,1,21
3.2412,0.9341,0.5127,-54.878,-97.378,115.000,1,21
3.2207,0.8984,0.4678,-63.171,-104.512,116.159,1,21
3.1948,0.8965,0.4214,-73.171,-108.293,117.744,1,21
3.1919,0.9224,0.3833,-85.061,-110.122,120.061,1,21
3.2168,0.9663,0.3618,-96.220,-110.854,124.756,1,21
0.2773,-0.3823,-0.6455,-137.622,23.963,-121.220,2,21
0.2666,-0.3838,-0.6323,-136.280,26.037,-117.561,2,21
0.2754,-0.3823,-0.6328,-134.573,28.232,-113.537,2,21
0.2813,-0.3818,-0.6182,-132.500,30.305,-109.207,2,21
0.2832,-0.3809,-0.6123,-130.183,32.805,-104.817,2,21
0.2925,-0.3765,-0.6177,-128.354,35.122,-100.366,2,21
0.3062,-0.3926,-0.6094,-127.195,37.988,-95.488,2,21
0.3149,-0.3926,-0.6143,-126.890,40.915,-90.915,2,21
0.4463,-0.6182,-0.5610,-129.390,67.927,-42.500,2,21
0.4517,-0.6421,-0.5381,-130.915,70.122,-37.073,2,21
0.4570,-0.6694,-0.5151,-132.561,72.073,-32.134,2,21
0.4556,-0.6914,-0.4854,-134.756,73.598,-27.317,2,21
0.4546,-0.7134,-0.4531,-136.463,75.305,-22.805,2,21
0.4692,-0.7290,-0.4263,-138.415,76.463,-18.232,2,21
0.4712,-0.7388,-0.3887,-139.817,77.683,-14.085,2,21
0.4849,-0.7529,-0.3511,-141.098,78.415,-10.305,2,21
0.4814,-0.7651,-0.3228,-141.646,79.146,-5.915,2,21
0.5073,-0.7695,-0.2939,-142.073,79.878,-2.439,2,21
0.5127,-0.7749,-0.2710,-141.829,80.122,1.402,2,21
0.5327,-0.7720,-0.2427,-141.768,80.549,4.817,2,21
0.5386,-0.7690,-0.2173,-141.098,80.793,8.659,2,21
0.5449,-0.7690,-0.1797,-139.817,81.220,11.951,2,21
0.5557,-0.7671,-0.1572,-138.841,81.037,15.610,2,21
0.5576,-0.7710,-0.1367,-137.988,81.159,19.390,2,21
0.7168,1.6768,0.9951,-87.988,-498.415,475.793,1,21
0.7163,1.7842,1.0024,-83.598,-501.951,474.573,1,21
0.7002,1.8887,1.0288,-78.476,-505.976,473.476,1,21
0.6909,1.9932,1.0513,-73.354,-510.122,472.622,1,21
0.6797,2.0933,1.0522,-68.659,-515.000,472.012,1,21
0.6470,2.1855,1.0488,-64.085,-519.695,471.524,1,21
0.6196,2.2739,1.0518,-59.085,-523.049,471.646,1,21
0.5796,2.3501,1.0771,-54.268,-525.976,472.683,1,21
0.5405,2.4150,1.0879,-49.451,-529.024,474.085,1,21
0.4888,2.4604,1.0889,-43.902,-531.585,476.280,1,21
0.4380,2.5020,1.0869,-39.634,-534.085,479.207,1,21
0.3809,2.5386,1.0967,-35.610,-536.037,482.378,1,21
0.3203,2.5396,1.0967,-32.805,-538.659,485.122,1,21
0.2578,2.5474,1.0698,-30.854,-542.256,488.476,1,21
0.1968,2.5371,1.0654,-29.695,-545.183,491.341,1,21
0.1221,2.5103,1.0488,-30.000,-547.927,494.390,1,21
-0.7588,1.3960,-0.9946,-70.183,-373.841,438.720,1,21
-0.6465,1.3281,-1.0630,-47.500,-356.463,430.671,1,21
-0.5044,1.2690,-1.1016,-23.963,-338.720,422.988,1,21
-0.3667,1.2188,-1.1108,-1.159,-320.061,415.610,1,21
-0.2324,1.1719,-1.1182,20.366,-301.402,408.232,1,21
-0.0947,1.1289,-1.1289,40.976,-284.085,400.793,1,21
0.0029,1.0933,-1.1123,60.610,-266.098,393.780,1,21
0.0801,1.0640,-1.0894,79.939,-248.354,386.524,1,21
0.1216,1.0566,-1.0679,98.415,-230.305,378.963,1,21
0.1406,1.0479,-1.0605,114.695,-211.890,370.671,1,21
0.1411,1.0356,-1.0547,129.512,-192.927,361.890,1,21
0.1035,0.9844,-1.0488,142.439,-173.232,352.622,1,21
0.0698,0.9160,-1.0581,153.354,-154.695,343.232,1,21
0.0210,0.8247,-1.0903,162.256,-136.707,333.232,1,21
-0.0308,0.7383,-1.1011,169.573,-119.451,322.439,1,21
-0.1011,0.6646,-1.0713,172.927,-101.951,310.732,1,21
-0.8022,1.1138,-0.6138,125.549,3.293,194.024,1,21
-0.8604,1.2227,-0.5571,117.500,10.244,183.049,1,21
-0.9233,1.3062,-0.4746,108.963,17.317,172.378,1,21
-0.9883,1.3789,-0.3940,99.817,24.451,162.134,1,21
-1.0464,1.4272,-0.2959,90.183,32.134,152.500,1,21
-1.0977,1.4453,-0.2129,80.427,40.305,142.622,1,21
-1.1421,1.4463,-0.1450,70.976,47.561,133.354,1,21
-1.1758,1.4478,-0.0913,61.585,53.049,124.390,1,21
-0.9980,1.0693,0.1499,-127.439,115.854,63.537,1,21
-0.9839,1.0537,0.0947,-133.293,115.061,59.878,1,21
-0.9775,1.0361,0.0186,-136.951,112.927,55.549,1,21
-0.9790,1.0454,-0.0601,-137.744,109.878,51.463,1,21
-0.9980,1.0503,-0.1401,-136.951,106.768,46.585,1,21
-1.0229,1.0640,-0.2070,-133.720,103.720,41.768,1,21
-1.0371,1.0752,-0.2896,-127.866,100.427,36.220,1,21
-1.0640,1.0801,-0.3506,-119.451,98.171,30.610,1,21
-0.3433,0.6069,-0.3188,44.024,105.488,-154.390,1,21
-0.3237,0.6123,-0.3472,42.012,106.037,-160.915,1,21
-0.3052,0.6143,-0.3706,39.756,106.768,-166.951,1,21
-0.2900,0.6128,-0.4014,37.073,107.500,-172.988,1,21
-0.2788,0.6284,-0.4355,34.573,108.232,-178.902,1,21
-0.2661,0.6338,-0.4629,31.524,108.659,-184.695,1,21
-0.2559,0.6528,-0.4873,28.476,109.634,-190.366,1,21
-0.2432,0.6641,-0.5117,25.183,110.122,-195.915,1,21
-0.1602,0.8789,-0.6772,-3.902,123.963,-236.768,1,21
-0.1543,0.8940,-0.6855,-5.183,125.061,-238.354,1,21
-0.1377,0.9077,-0.6924,-7.134,128.476,-241.280,1,21
-0.1260,0.9243,-0.6934,-9.390,131.707,-243.902,1,21
-0.1016,0.9312,-0.6973,-11.341,135.244,-246.280,1,21
-0.0825,0.9414,-0.7090,-13.415,138.902,-248.659,1,21
-0.0640,0.9365,-0.7183,-15.305,142.683,-250.488,1,21
-0.0176,0.9492,-0.7437,-17.561,148.780,-253.354,1,21
0.2046,1.0313,-0.8027,-28.720,186.890,-270.854,1,21
0.2188,1.0410,-0.7930,-29.268,191.037,-272.561,1,21
0.2344,1.0596,-0.8032,-29.024,194.939,-274.085,1,21
0.2593,1.0767,-0.8032,-28.354,198.780,-275.732,1,21
0.2754,1.0820,-0.8174,-26.768,202.439,-276.890,1,21
0.2871,1.0986,-0.8159,-25.427,205.976,-277.683,1,21
0.3032,1.1201,-0.8281,-23.537,209.390,-278.537,1,21
0.3149,1.1357,-0.8354,-21.890,212.744,-279.024,1,21
0.3281,1.1558,-0.8364,-20.427,215.976,-279.878,1,21
0.3364,1.1694,-0.8359,-18.598,219.146,-280.549,1,21
0.3501,1.1938,-0.8242,-17.744,221.768,-281.463,1,21
0.3472,1.2266,-0.8320,-15.915,224.451,-281.890,1,21
0.3525,1.2549,-0.8335,-14.939,226.463,-282.866,1,21
0.3501,1.2705,-0.8130,-13.902,228.598,-283.415,1,21
0.3438,1.2925,-0.8018,-13.659,230.549,-283.963,1,21
0.3486,1.3115,-0.7993,-13.293,231.768,-284.573,1,21
0.4004,1.5259,-0.3984,78.720,299.817,-194.085,1,21
0.3901,1.5249,-0.3794,81.951,298.841,-191.098,1,21
0.3950,1.4951,-0.3711,88.171,296.524,-186.280,1,21
0.3989,1.4727,-0.3604,93.537,294.024,-180.915,1,21
0.3979,1.4429,-0.3618,99.512,291.220,-173.841,1,21
0.3882,1.4150,-0.3467,101.524,290.427,-169.329,1,21
0.3818,1.3745,-0.3545,103.171,289.878,-164.939,1,21
0.3745,1.3525,-0.3618,104.085,290.122,-161.707,1,21
0.8262,-1.2222,0.2461,94.390,-161.890,-72.683,2,21
0.8213,-1.2358,0.2388,94.146,-161.524,-74.695,2,21
0.8066,-1.2373,0.2280,95.000,-160.854,-76.646,2,21
0.8105,-1.2402,0.2183,95.061,-160.549,-78.476,2,21
0.7998,-1.2368,0.2129,95.244,-160.061,-80.244,2,21
0.7959,-1.2334,0.2104,95.732,-159.573,-82.195,2,21
0.7891,-1.2227,0.2114,96.280,-158.902,-83.780,2,21
0.7861,-1.2192,0.2100,96.585,-158.293,-85.427,2,21
0.7017,0.4424,-0.0288,8.415,286.341,-86.037,1,21
0.7085,0.4272,-0.0234,14.573,285.854,-83.293,1,21
0.7290,0.4165,-0.0249,20.976,284.756,-81.037,1,21
0.7373,0.4023,-0.0239,27.195,284.390,-78.963,1,21
0.7578,0.3765,-0.0205,34.268,283.232,-77.439,1,21
0.7720,0.3608,-0.0117,40.915,281.829,-75.610,1,21
0.7939,0.3418,-0.0049,47.927,280.366,-74.512,1,21
0.8145,0.3286,-0.0132,55.610,278.415,-72.805,1,21
0.8354,0.3105,-0.0249,63.537,276.037,-71.585,1,21
0.8667,0.2979,-0.0400,71.646,273.598,-70.793,1,21
0.8804,0.2861,-0.0430,79.817,270.305,-69.756,1,21
0.9058,0.2739,-0.0679,87.561,267.866,-68.780,1,21
0.9385,0.2568,-0.0840,95.732,264.329,-67.866,1,21
0.9517,0.2422,-0.0967,103.963,260.732,-66.890,1,21
0.9819,0.2319,-0.1001,112.012,257.073,-66.220,1,21
1.0059,0.2173,-0.1206,119.695,253.171,-65.305,1,21
1.0908,0.3027,-0.7476,132.256,100.061,-187.927,1,21
1.0537,0.3750,-0.7578,114.512,101.159,-195.305,1,21
1.0415,0.4253,-0.7505,96.951,102.378,-201.829,1,21
1.0220,0.4951,-0.7314,77.988,104.634,-207.073,1,21
1.0200,0.5430,-0.7334,59.634,106.280,-210.793,1,21
1.0273,0.5762,-0.7285,42.500,108.902,-213.902,1,21
1.0376,0.6348,-0.7070,25.671,112.378,-215.488,1,21
1.0552,0.6982,-0.6675,9.268,116.890,-217.073,1,21
1.1299,1.3716,0.1235,96.220,75.366,-94.207,1,21
1.0996,1.4951,0.0723,104.573,73.110,-90.732,1,21
1.0376,1.7256,-0.0205,118.902,67.805,-82.439,1,21
0.9482,1.8584,-0.0542,131.707,59.817,-71.707,1,21
0.7705,1.7969,0.0005,153.902,42.805,-52.012,1,21
0.6465,1.5972,0.0571,171.768,27.500,-38.171,1,21
0.5239,1.3379,0.1045,190.732,11.585,-25.061,1,21
0.4507,1.0645,0.1372,206.646,-2.073,-14.512,1,21
1.0737,0.6421,0.0039,26.524,62.012,54.756,1,21
1.0708,0.5737,0.0396,26.707,52.317,59.329,1,21
1.0625,0.4800,0.0537,27.073,43.110,63.720,1,21
1.0537,0.3833,0.0581,26.463,33.720,66.890,1,21
1.0332,0.2813,0.0537,25.000,25.244,68.841,1,21
1.0195,0.1738,0.0425,23.110,18.232,69.451,1,21
0.9946,0.0718,0.0137,20.427,11.707,69.695,1,21
0.9756,-0.0127,-0.0166,16.707,7.195,68.659,1,21
0.8018,-0.7861,-0.5229,406.524,-57.073,-111.402,2,21
0.7974,-0.8252,-0.5205,412.927,-59.207,-110.488,2,21
0.8091,-0.8564,-0.5225,417.439,-62.256,-109.756,2,21
0.8047,-0.8979,-0.5127,420.244,-65.610,-109.268,2,21
0.8047,-0.9404,-0.5093,420.488,-69.451,-108.598,2,21
0.8018,-0.9814,-0.4907,419.573,-72.866,-108.963,2,21
0.7964,-1.0371,-0.4824,416.463,-76.890,-109.085,2,21
0.8062,-1.0815,-0.4849,411.524,-80.671,-109.512,2,21
0.9580,-0.0933,-0.0356,12.195,3.598,67.195,1,21
0.9341,-0.1475,-0.0815,6.707,1.098,65.366,1,21
0.9053,-0.2051,-0.1143,0.793,0.122,63.659,1,21
0.8887,-0.2422,-0.1504,-5.610,-0.671,61.402,1,21
0.8662,-0.2637,-0.1787,-12.378,0.183,59.085,1,21
0.8291,-0.2710,-0.1987,-20.610,1.524,56.098,1,21
0.7900,-0.2749,-0.2114,-29.024,4.146,52.622,1,21
0.7520,-0.2739,-0.2266,-37.622,7.317,48.902,1,21
0.8081,-1.1191,-0.4731,404.695,-84.817,-109.634,2,21
0.8062,-1.1621,-0.4712,395.488,-89.024,-110.427,2,21
0.8066,-1.1958,-0.4663,384.512,-92.988,-110.732,2,21
0.8071,-1.2305,-0.4722,371.402,-97.134,-110.915,2,21
0.8008,-1.2598,-0.4829,356.768,-100.915,-111.280,2,21
0.7954,-1.2725,-0.4878,340.488,-104.634,-111.585,2,21
0.7954,-1.2881,-0.4971,321.707,-108.110,-111.341,2,21
0.7842,-1.3076,-0.5122,302.866,-111.159,-110.854,2,21
0.7271,-0.2876,-0.2485,-43.720,10.427,45.427,1,21
0.7124,-0.2944,-0.2754,-48.110,13.720,42.256,1,21
0.6890,-0.2979,-0.3047,-49.634,17.073,39.085,1,21
0.6753,-0.2964,-0.3076,-50.793,20.549,36.829,1,21
0.6694,-0.3086,-0.3140,-51.890,23.780,33.659,1,21
0.6675,-0.3169,-0.3232,-51.829,26.951,31.280,1,21
0.6709,-0.3379,-0.3228,-50.610,29.939,29.024,1,21
0.6812,-0.3569,-0.3359,-47.927,33.293,26.646,1,21
0.7813,-1.3271,-0.5244,282.988,-114.024,-109.939,2,21
0.7710,-1.3291,-0.5269,262.500,-116.220,-109.146,2,21
0.7651,-1.3257,-0.5454,240.427,-118.354,-107.866,2,21
0.7505,-1.3218,-0.5479,217.866,-119.878,-106.646,2,21
0.7490,-1.3179,-0.5640,195.427,-121.159,-105.427,2,21
0.7373,-1.3066,-0.5771,172.134,-121.951,-104.146,2,21
0.7271,-1.2930,-0.5830,149.024,-122.622,-102.561,2,21
0.7144,-1.2798,-0.5942,125.854,-123.232,-101.098,2,21
0.6992,-0.3760,-0.3481,-43.963,36.220,24.451,1,21
0.7124,-0.2944,-0.2754,-48.110,13.720,42.256,1,21
0.7329,-0.3838,-0.3833,-32.988,39.512,17.439,1,21
0.7461,-0.3774,-0.3955,-27.317,40.488,12.622,1,21
0.7549,-0.3584,-0.3867,-22.012,40.732,7.134,1,21
0.7583,-0.3389,-0.3613,-17.622,41.585,1.220,1,21
0.7500,-0.3267,-0.3481,-13.110,41.829,-5.549,1,21
0.7378,-0.3169,-0.3335,-7.561,41.463,-12.683,1,21
0.7002,-1.2617,-0.6030,102.805,-123.232,-100.305,2,21
0.6841,-1.2339,-0.6104,79.451,-123.720,-98.537,2,21
0.6729,-1.2104,-0.6123,56.220,-123.537,-97.195,2,21
0.6650,-1.1851,-0.6274,33.598,-123.049,-95.793,2,21
0.6484,-1.1445,-0.6216,10.732,-122.500,-94.329,2,21
0.6279,-1.1187,-0.6357,-11.707,-121.768,-93.171,2,21
0.6157,-1.0859,-0.6416,-33.659,-121.159,-91.402,2,21
0.6108,-1.0527,-0.6680,-55.122,-119.939,-90.305,2,21
0.7139,-0.3032,-0.3252,2.744,40.244,-23.354,1,21
0.7075,-0.3042,-0.3213,6.829,39.695,-27.195,1,21
0.6914,-0.3037,-0.3281,15.915,37.866,-34.878,1,21
0.6768,-0.3057,-0.3428,25.366,36.280,-42.683,1,21
0.6675,-0.3135,-0.3604,35.549,34.817,-50.366,1,21
0.6445,-0.3115,-0.3657,45.671,34.024,-58.110,1,21
0.6274,-0.3047,-0.3628,54.573,34.146,-65.854,1,21
0.6157,-0.3032,-0.3726,62.256,34.939,-73.110,1,21
0.6030,-1.0303,-0.6729,-75.915,-119.268,-89.390,2,21
0.5869,-0.9990,-0.6885,-95.366,-117.439,-88.476,2,21
0.5815,-0.9663,-0.6816,-114.390,-116.280,-87.683,2,21
0.5718,-0.9282,-0.6836,-131.951,-114.451,-86.951,2,21
0.5742,-0.8901,-0.6914,-149.207,-112.927,-86.890,2,21
0.5698,-0.8491,-0.6982,-165.976,-111.280,-86.524,2,21
0.5679,-0.8071,-0.7080,-182.073,-109.817,-86.707,2,21
0.5610,-0.7598,-0.7134,-197.134,-107.927,-87.073,2,21
0.5991,-0.3081,-0.3618,71.829,38.476,-83.415,1,21
0.5962,-0.3110,-0.3569,77.622,41.829,-88.963,1,21
0.5952,-0.3223,-0.3604,84.146,45.610,-93.902,1,21
0.5972,-0.3257,-0.3574,89.695,49.146,-97.561,1,21
0.5908,-0.3418,-0.3530,96.341,52.561,-100.915,1,21
0.5977,-0.3535,-0.3511,101.646,55.488,-103.049,1,21
0.5986,-0.3774,-0.3345,107.927,58.232,-104.390,1,21
0.6143,-0.3970,-0.3486,114.146,60.244,-105.976,1,21
0.7236,-0.5420,-0.2637,162.195,50.915,-116.524,1,21
0.7231,-0.5171,-0.2783,165.061,47.866,-119.634,1,21
0.7178,-0.4790,-0.2910,167.317,44.878,-123.110,1,21
0.7246,-0.4316,-0.3149,168.902,41.707,-127.195,1,21
0.7192,-0.3613,-0.3442,169.573,39.085,-132.073,1,21
0.7144,-0.2900,-0.3701,169.573,36.524,-137.622,1,21
0.6963,-0.2163,-0.3989,168.354,34.451,-143.049,1,21
0.6851,-0.1245,-0.4248,166.585,33.049,-148.659,1,21
0.5898,-0.0527,-0.7925,-259.085,-73.171,-66.341,2,21
0.5903,-0.0342,-0.7949,-252.073,-70.488,-63.963,2,21
0.5884,-0.0332,-0.7979,-244.390,-67.561,-61.829,2,21
0.5957,-0.0308,-0.8081,-236.280,-64.878,-59.573,2,21
0.5889,-0.0288,-0.8018,-227.378,-62.256,-57.317,2,21
0.5996,-0.0337,-0.7998,-217.927,-59.512,-55.244,2,21
0.5962,-0.0435,-0.8052,-208.415,-57.134,-53.476,2,21
0.5923,-0.0566,-0.8110,-198.659,-54.817,-51.341,2,21
3.4170,1.1689,0.1997,-8.963,-352.256,212.500,1,21
3.3179,1.0898,0.1865,-1.646,-363.780,222.866,1,21
3.2153,1.0195,0.1812,2.744,-375.122,232.134,1,21
3.0889,0.9692,0.1797,4.390,-385.061,239.451,1,21
2.9556,0.9199,0.1909,4.207,-394.939,246.646,1,21
2.8135,0.8872,0.1924,2.683,-403.963,254.085,1,21
2.6875,0.8696,0.2246,-0.854,-412.195,262.378,1,21
2.5596,0.8584,0.2485,-6.463,-419.329,270.671,1,21
0.6958,-0.8770,-0.1157,-152.988,103.049,14.573,2,21
0.7021,-0.8706,-0.1050,-155.427,104.268,16.280,2,21
0.7207,-0.8535,-0.0830,-160.183,106.829,19.268,2,21
0.7393,-0.8359,-0.0591,-164.695,108.598,22.500,2,21
0.7563,-0.8306,-0.0322,-168.780,110.366,25.732,2,21
0.7710,-0.8140,-0.0142,-172.195,111.951,29.024,2,21
0.7817,-0.8003,0.0005,-175.610,112.866,32.561,2,21
0.7896,-0.7793,0.0195,-178.171,113.841,36.159,2,21
0.7944,-0.6475,0.1201,-173.354,119.390,69.024,2,21
0.7881,-0.6406,0.1196,-170.854,120.244,72.195,2,21
0.7964,-0.6299,0.1260,-168.293,120.976,75.732,2,21
0.8062,-0.6216,0.1284,-165.305,122.134,79.024,2,21
0.8174,-0.6152,0.1294,-162.500,123.415,82.317,2,21
0.8330,-0.6147,0.1421,-159.207,124.939,85.915,2,21
0.8462,-0.6147,0.1558,-155.976,125.976,88.841,2,21
0.8574,-0.6182,0.1665,-152.683,127.195,91.768,2,21
1.4390,1.1597,1.2383,-101.402,-528.171,381.037,1,21
1.3867,1.2134,1.2939,-104.878,-532.988,383.841,1,21
1.3325,1.2700,1.3491,-108.110,-537.683,386.463,1,21
1.2944,1.3232,1.3999,-111.341,-542.317,389.573,1,21
1.2529,1.3813,1.4336,-113.232,-547.317,393.049,1,21
1.2280,1.4414,1.4683,-114.024,-552.439,396.341,1,21
1.1968,1.5044,1.5151,-115.061,-557.134,400.488,1,21
1.1548,1.5664,1.5596,-116.402,-561.524,403.476,1,21
0.8770,-0.6182,0.1772,-149.634,128.537,94.634,2,21
0.8940,-0.6289,0.1973,-146.524,129.512,96.707,2,21
0.9136,-0.6309,0.2021,-143.841,130.305,98.537,2,21
0.9326,-0.6387,0.2271,-141.341,131.220,100.366,2,21
0.9507,-0.6475,0.2471,-139.390,131.585,101.280,2,21
0.9761,-0.6606,0.2729,-137.622,132.134,102.500,2,21
0.9961,-0.6768,0.2861,-135.793,132.378,103.415,2,21
1.0205,-0.6768,0.3096,-135.122,132.500,104.146,2,21
1.1094,1.6377,1.6055,-117.622,-565.610,406.280,1,21
1.0479,1.6919,1.6333,-117.805,-570.183,408.415,1,21
1.0024,1.7588,1.6455,-116.402,-575.122,410.061,1,21
0.9604,1.8257,1.6421,-114.329,-580.122,411.159,1,21
0.9243,1.9014,1.6284,-111.890,-584.878,412.378,1,21
0.8726,1.9824,1.6294,-111.768,-589.268,413.720,1,21
0.8213,2.0493,1.6348,-112.805,-592.012,415.976,1,21
0.7651,2.1128,1.6465,-115.915,-593.476,418.476,1,21
1.0410,-0.6973,0.3345,-134.024,132.988,104.878,2,21
1.0635,-0.7114,0.3599,-133.902,133.293,105.488,2,21
1.0850,-0.7192,0.3838,-133.110,133.171,106.159,2,21
1.1094,-0.7334,0.4146,-134.268,133.232,107.012,2,21
1.1489,-0.7388,0.4453,-134.512,133.171,107.744,2,21
1.1719,-0.7534,0.4673,-134.817,133.110,108.293,2,21
1.1968,-0.7612,0.4995,-135.915,132.927,109.207,2,21
1.2295,-0.7681,0.5347,-137.439,132.378,109.939,2,21
1.2539,-0.7822,0.5605,-138.780,131.951,110.793,2,21
1.2910,-0.7891,0.5854,-140.915,131.463,111.220,2,21
1.3062,-0.7983,0.6079,-143.232,131.037,111.951,2,21
1.3340,-0.8125,0.6372,-145.854,130.305,112.134,2,21
1.3628,-0.8213,0.6611,-148.780,129.695,112.500,2,21
1.3896,-0.8257,0.6865,-151.341,129.024,112.500,2,21
1.3965,-0.8408,0.7100,-154.451,128.049,112.439,2,21
1.4146,-0.8413,0.7368,-157.683,127.134,112.622,2,21
0.4941,2.4204,1.6641,-127.195,-599.817,454.573,1,21
0.4863,2.4302,1.6826,-126.951,-598.171,456.951,1,21
0.4736,2.4341,1.7256,-126.220,-596.280,458.902,1,21
0.4570,2.4341,1.7031,-124.146,-595.671,460.305,1,21
0.4463,2.4624,1.7153,-120.915,-595.915,460.854,1,21
0.4351,2.5039,1.7236,-119.451,-595.549,461.402,1,21
0.3994,2.5391,1.6973,-118.720,-594.878,461.341,1,21
0.3711,2.5854,1.6680,-115.915,-594.085,462.134,1,21
-0.7871,2.5542,-0.0317,2.500,-509.634,542.866,1,21
-0.8213,2.4971,-0.1016,19.390,-498.049,544.024,1,21
-0.8403,2.4434,-0.1748,36.951,-483.963,544.573,1,21
-0.8530,2.3789,-0.2183,54.573,-469.573,544.573,1,21
-0.8359,2.3154,-0.2417,72.805,-454.207,543.293,1,21
-0.8164,2.2471,-0.2612,89.695,-438.720,542.073,1,21
-0.7886,2.1816,-0.2852,106.585,-422.073,540.000,1,21
-0.7490,2.1099,-0.3193,123.232,-405.793,537.805,1,21
-0.7056,2.0635,-0.3599,140.061,-388.841,534.329,1,21
-0.6670,2.0093,-0.4033,156.341,-370.976,529.939,1,21
-0.6123,1.9702,-0.4512,172.805,-351.585,524.512,1,21
-0.5508,1.9409,-0.4902,189.756,-331.159,518.293,1,21
-0.4907,1.9160,-0.5288,206.037,-308.963,511.829,1,21
-0.4199,1.8657,-0.5664,222.256,-285.427,505.122,1,21
-0.3438,1.8164,-0.5845,236.890,-261.463,498.902,1,21
-0.2612,1.7461,-0.5801,248.598,-236.524,492.622,1,21
-0.0459,1.2563,-0.4727,212.073,-75.732,402.317,1,21
-0.0952,1.2910,-0.4907,206.280,-71.463,396.585,1,21
-0.1816,1.3740,-0.5532,194.695,-63.171,384.268,1,21
-0.2720,1.4707,-0.5996,184.146,-56.037,370.854,1,21
-0.3774,1.5576,-0.6069,173.598,-50.061,356.890,1,21
-0.4624,1.6362,-0.6084,162.256,-45.183,341.951,1,21
-0.5557,1.6816,-0.6182,152.134,-41.220,327.561,1,21
-0.6221,1.7480,-0.6460,143.841,-37.866,313.171,1,21
-1.1831,1.5093,-0.2563,95.610,7.927,159.939,1,21
-1.1836,1.4521,-0.2476,96.037,9.878,151.951,1,21
-1.1738,1.3984,-0.2524,97.134,12.622,144.268,1,21
-1.1670,1.3457,-0.2383,97.866,15.000,136.037,1,21
-1.1650,1.2959,-0.2368,99.146,17.561,128.293,1,21
-1.1509,1.2505,-0.2275,100.732,19.817,119.756,1,21
-1.1265,1.2046,-0.2212,101.707,22.439,111.524,1,21
-1.1079,1.1616,-0.2021,101.890,24.817,103.232,1,21
-0.6899,0.6592,-0.3042,59.451,26.951,-44.085,1,21
-0.6660,0.6255,-0.3145,54.146,26.585,-54.268,1,21
-0.6440,0.5933,-0.3232,48.476,25.732,-64.573,1,21
-0.6221,0.5605,-0.3057,41.890,25.671,-74.634,1,21
-0.6060,0.5273,-0.3154,34.817,25.366,-83.902,1,21
-0.5830,0.5098,-0.3286,28.232,25.061,-92.866,1,21
-0.5659,0.4971,-0.3184,21.402,24.756,-101.707,1,21
-0.5488,0.4863,-0.3149,14.634,23.902,-109.756,1,21
-0.3047,0.8516,-0.6611,-45.000,62.439,-257.988,1,21
-0.2852,0.8735,-0.6763,-46.341,65.732,-260.854,1,21
-0.2705,0.8936,-0.6982,-48.476,69.512,-263.049,1,21
-0.2637,0.8970,-0.7109,-50.854,73.110,-265.488,1,21
-0.2505,0.9131,-0.7217,-53.780,77.195,-267.622,1,21
-0.2510,0.9204,-0.7417,-56.402,81.890,-269.878,1,21
-0.2446,0.9297,-0.7505,-58.780,86.463,-271.829,1,21
-0.2329,0.9399,-0.7510,-61.037,91.098,-274.268,1,21
-0.1094,0.9790,-0.7549,-72.866,137.378,-288.963,1,21
-0.0928,0.9800,-0.7500,-72.805,142.744,-289.939,1,21
-0.0835,0.9844,-0.7505,-71.829,147.927,-290.854,1,21
-0.0752,0.9941,-0.7456,-71.341,152.866,-291.890,1,21
-0.0581,1.0020,-0.7437,-70.610,157.439,-292.683,1,21
-0.0356,1.0137,-0.7642,-69.878,161.524,-293.720,1,21
-0.0298,1.0308,-0.7598,-69.634,166.159,-294.695,1,21
-0.0186,1.0645,-0.7500,-69.939,170.549,-296.037,1,21
1.2412,-0.0674,0.0991,35.671,-47.561,21.159,2,21
1.2534,-0.0693,0.1030,36.098,-48.659,22.439,2,21
1.2559,-0.0879,0.1069,36.951,-49.817,24.817,2,21
1.2402,-0.1060,0.1177,39.085,-50.793,26.646,2,21
1.2529,-0.1250,0.1191,40.915,-52.134,28.110,2,21
1.2324,-0.1323,0.1255,43.598,-53.354,30.305,2,21
1.2261,-0.1460,0.1167,46.280,-54.939,31.951,2,21
1.2202,-0.1729,0.1172,49.817,-56.524,33.780,2,21
-0.0137,1.0801,-0.7671,-70.793,175.427,-297.561,1,21
-0.0063,1.1035,-0.7612,-72.317,180.000,-298.963,1,21
-0.0068,1.1123,-0.7603,-74.268,185.061,-299.756,1,21
-0.0010,1.1274,-0.7622,-76.707,189.878,-301.037,1,21
0.0029,1.1362,-0.7769,-79.207,194.207,-302.256,1,21
0.0015,1.1538,-0.7944,-82.134,199.268,-302.988,1,21
0.0024,1.1567,-0.8062,-84.939,203.293,-303.598,1,21
0.0044,1.1626,-0.8188,-87.927,207.500,-304.024,1,21
0.0215,1.3359,-0.8135,-96.098,242.134,-301.707,1,21
0.0225,1.3481,-0.7949,-94.634,245.183,-300.427,1,21
0.0342,1.3672,-0.7744,-92.683,247.561,-299.024,1,21
0.0352,1.3853,-0.7529,-91.159,250.793,-296.829,1,21
0.0361,1.4004,-0.7261,-88.841,253.110,-294.573,1,21
0.0400,1.4072,-0.7114,-86.951,255.488,-291.890,1,21
0.0488,1.4116,-0.6816,-84.085,257.866,-288.780,1,21
0.0669,1.4185,-0.6523,-78.720,261.463,-283.659,1,21
1.1978,-0.5244,0.2334,142.012,-77.866,46.280,2,21
1.2017,-0.5464,0.2373,147.317,-79.695,46.524,2,21
1.2070,-0.5659,0.2451,152.744,-81.585,45.732,2,21
1.2002,-0.5903,0.2529,157.317,-83.659,45.610,2,21
1.1938,-0.6099,0.2500,161.646,-85.549,44.573,2,21
1.1938,-0.6240,0.2515,165.610,-87.744,43.841,2,21
1.1899,-0.6416,0.2476,169.634,-89.634,42.927,2,21
1.1841,-0.6582,0.2593,173.293,-91.280,42.500,2,21
1.1753,-0.6733,0.2651,177.439,-92.866,41.159,2,21
1.1729,-0.6953,0.2803,180.488,-94.634,41.098,2,21
1.1606,-0.7119,0.2847,184.512,-96.646,40.305,2,21
1.1514,-0.7280,0.2988,187.134,-98.659,39.817,2,21
1.1436,-0.7378,0.3052,190.183,-100.732,38.963,2,21
1.1328,-0.7593,0.3159,192.927,-102.744,38.415,2,21
1.1152,-0.7725,0.3403,194.817,-105.000,37.683,2,21
1.1108,-0.7847,0.3481,196.890,-107.073,36.768,2,21
0.1538,1.5620,-0.5054,-31.220,279.024,-252.439,1,21
0.1602,1.5796,-0.4902,-23.963,281.220,-248.232,1,21
0.1567,1.6045,-0.5034,-15.793,283.720,-243.598,1,21
0.1675,1.6309,-0.5000,-7.195,286.707,-239.085,1,21
0.1738,1.6479,-0.5171,1.646,290.122,-233.963,1,21
0.1763,1.6606,-0.5259,10.122,294.207,-229.756,1,21
0.1592,1.6616,-0.5269,20.305,298.780,-225.793,1,21
0.1299,1.6470,-0.5244,30.488,302.805,-222.439,1,21
0.4341,1.1470,-0.1436,95.305,347.317,-169.085,1,21
0.4438,1.1123,-0.1392,94.634,345.366,-166.524,1,21
0.4551,1.0820,-0.1396,93.841,343.659,-164.634,1,21
0.4570,1.0591,-0.1401,92.805,341.707,-162.744,1,21
0.4575,1.0405,-0.1353,91.341,340.183,-161.890,1,21
0.4561,1.0234,-0.1196,89.329,338.659,-161.280,1,21
0.4580,1.0117,-0.1069,87.195,337.317,-160.671,1,21
0.4531,1.0142,-0.0986,85.061,335.976,-161.037,1,21
0.9126,-1.0605,0.3149,152.805,-152.988,20.793,2,21
0.9058,-1.0508,0.3071,147.805,-154.085,19.878,2,21
0.8950,-1.0527,0.2939,142.866,-155.549,19.451,2,21
0.8989,-1.0425,0.2983,137.866,-156.524,18.841,2,21
0.8911,-1.0439,0.2905,132.561,-157.683,17.805,2,21
0.8887,-1.0425,0.2759,127.561,-158.415,17.012,2,21
0.8872,-1.0483,0.2852,122.256,-159.024,16.280,2,21
0.8804,-1.0474,0.2910,117.927,-159.085,15.549,2,21
0.4551,1.0024,-0.1074,83.293,334.451,-160.854,1,21
0.4443,1.0122,-0.0967,81.646,332.988,-160.305,1,21
0.4438,1.0127,-0.0986,80.610,331.463,-160.183,1,21
0.4360,1.0332,-0.0972,79.573,330.061,-159.878,1,21
0.4268,1.0508,-0.0938,78.720,328.598,-159.085,1,21
0.4238,1.0713,-0.1035,78.902,327.134,-158.171,1,21
0.4087,1.0986,-0.0981,78.841,326.280,-157.256,1,21
0.4028,1.1255,-0.0928,79.268,325.244,-155.976,1,21
0.8584,-1.0449,0.2822,113.720,-160.000,14.451,2,21
0.8506,-1.0435,0.2876,109.390,-161.646,12.988,2,21
0.8438,-1.0269,0.2813,105.000,-163.537,11.524,2,21
0.8457,-1.0273,0.2622,100.244,-165.244,9.451,2,21
0.8467,-1.0161,0.2598,95.610,-166.280,7.988,2,21
0.8442,-1.0112,0.2363,90.915,-166.951,5.549,2,21
0.8438,-1.0034,0.2207,85.671,-167.683,4.024,2,21
0.8628,-0.9946,0.1987,80.793,-168.232,2.500,2,21
0.5254,0.9751,0.1606,124.146,319.878,-120.000,1,21
0.5508,0.9751,0.1704,124.939,319.024,-119.085,1,21
0.5776,0.9673,0.1787,125.732,317.622,-117.805,1,21
0.6079,0.9521,0.1729,125.915,315.183,-116.524,1,21
0.6436,0.9497,0.1660,126.646,313.171,-115.183,1,21
0.6602,0.9414,0.1611,127.683,310.549,-113.476,1,21
0.6846,0.9331,0.1636,128.720,307.561,-112.073,1,21
0.7100,0.9370,0.1470,130.488,304.878,-110.610,1,21
0.7490,-1.0142,-0.0439,8.415,-164.085,-26.037,2,21
0.7515,-1.0117,-0.0386,7.256,-163.720,-27.378,2,21
0.7520,-1.0083,-0.0352,5.366,-162.866,-29.390,2,21
0.7568,-1.0117,-0.0464,3.049,-161.646,-31.707,2,21
0.7554,-1.0068,-0.0464,1.585,-160.000,-34.085,2,21
0.7646,-1.0146,-0.0488,-0.488,-158.720,-36.402,2,21
0.7681,-1.0112,-0.0469,-2.012,-157.134,-38.780,2,21
0.7646,-1.0166,-0.0474,-3.659,-155.793,-41.341,2,21
0.7251,0.9341,0.1338,132.134,301.890,-109.329,1,21
0.7446,0.9292,0.1235,134.512,298.659,-107.683,1,21
0.7520,0.9385,0.1157,137.256,295.000,-106.707,1,21
0.7598,0.9370,0.1011,139.817,291.768,-105.427,1,21
0.7627,0.9185,0.0967,142.378,287.805,-104.146,1,21
0.7632,0.9077,0.0894,144.939,283.902,-102.378,1,21
0.7632,0.8916,0.0684,148.110,280.061,-101.220,1,21
0.7534,0.8794,0.0688,151.768,276.402,-99.756,1,21
0.7734,-1.0151,-0.0557,-5.427,-153.537,-44.695,2,21
0.7700,-1.0239,-0.0552,-5.854,-152.744,-45.915,2,21
0.7681,-1.0156,-0.0586,-6.829,-151.098,-48.232,2,21
0.7666,-1.0181,-0.0659,-7.256,-149.756,-50.122,2,21
0.7720,-1.0132,-0.0640,-7.683,-147.622,-52.317,2,21
0.7676,-1.0107,-0.0630,-8.537,-146.220,-54.207,2,21
0.7681,-1.0161,-0.0654,-8.841,-144.756,-56.220,2,21
0.7646,-1.0073,-0.0679,-9.207,-142.866,-57.866,2,21
0.8662,0.6523,0.1230,168.171,264.756,-76.585,1,21
0.8970,0.6289,0.1309,167.988,264.268,-73.232,1,21
0.9360,0.5962,0.1470,166.646,263.841,-69.573,1,21
0.9717,0.5684,0.1646,165.000,263.476,-65.610,1,21
1.0264,0.5337,0.1826,162.561,262.500,-61.951,1,21
1.0806,0.4951,0.1807,161.280,260.915,-58.476,1,21
1.1357,0.4629,0.1899,159.024,258.963,-54.695,1,21
1.1968,0.4121,0.1997,156.463,256.402,-50.854,1,21
1.4912,-0.2759,0.0347,106.829,161.402,-67.317,1,21
1.4971,-0.2856,0.0259,102.439,159.390,-69.817,1,21
1.5088,-0.2925,0.0000,97.988,157.866,-71.829,1,21
1.5107,-0.3052,-0.0132,93.902,155.976,-72.927,1,21
1.5332,-0.3198,-0.0195,90.122,154.390,-73.537,1,21
1.5591,-0.3340,-0.0234,87.073,152.073,-73.659,1,21
1.5845,-0.3486,-0.0347,84.573,148.841,-73.659,1,21
1.6094,-0.3691,-0.0464,83.476,144.695,-73.780,1,21
1.6182,-0.3779,-0.7905,128.902,63.171,-132.561,1,21
1.5850,-0.3647,-0.8076,128.537,60.732,-135.488,1,21
1.5576,-0.3687,-0.8179,128.293,57.805,-137.866,1,21
1.5342,-0.3911,-0.8467,129.085,54.817,-139.573,1,21
1.5059,-0.4282,-0.8633,132.805,52.134,-141.707,1,21
1.4717,-0.4316,-0.8120,137.378,49.512,-144.024,1,21
1.4443,-0.3975,-0.7432,133.171,46.220,-148.841,1,21
1.4126,-0.3818,-0.7168,123.049,42.744,-155.610,1,21
1.1079,0.1924,-0.5249,63.537,41.524,-219.207,1,21
1.1250,0.3340,-0.5205,60.976,42.378,-223.232,1,21
1.1611,0.4707,-0.5200,57.622,43.232,-224.756,1,21
1.1851,0.6230,-0.5200,52.561,44.085,-225.061,1,21
1.2095,0.7671,-0.5322,46.159,45.488,-224.329,1,21
1.2437,0.9141,-0.5181,38.537,47.683,-222.439,1,21
1.2690,1.0459,-0.4951,30.366,49.756,-219.512,1,21
1.2813,1.1660,-0.4585,22.805,52.012,-215.549,1,21
1.3047,1.2651,-0.4438,17.561,53.537,-210.732,1,21
1.3350,1.3447,-0.4248,15.122,54.878,-204.390,1,21
1.3564,1.4067,-0.3804,14.817,55.244,-197.439,1,21
1.3711,1.4419,-0.3438,16.402,55.366,-189.207,1,21
1.3784,1.4321,-0.3062,20.000,54.146,-179.451,1,21
1.3892,1.3975,-0.2690,25.427,51.829,-169.207,1,21
1.3931,1.3271,-0.2163,33.293,48.659,-157.622,1,21
1.3809,1.2002,-0.1665,44.451,45.488,-145.183,1,21
0.6587,-1.1807,-0.4424,113.049,8.476,-66.037,2,21
0.6626,-1.1758,-0.4575,114.024,6.402,-68.171,2,21
0.6567,-1.1802,-0.4619,115.061,4.207,-70.854,2,21
0.6572,-1.1636,-0.4727,115.488,2.073,-72.988,2,21
0.6538,-1.1631,-0.4790,116.890,-0.427,-75.549,2,21
0.6548,-1.1548,-0.4800,118.415,-2.561,-78.110,2,21
0.6509,-1.1528,-0.4834,119.695,-5.000,-80.488,2,21
0.6509,-1.1392,-0.4849,120.732,-6.829,-83.049,2,21
1.3584,1.0425,-0.1230,58.598,41.768,-133.171,1,21
1.3384,0.8662,-0.0991,75.549,37.805,-120.732,1,21
1.2910,0.6758,-0.0859,95.976,34.573,-109.756,1,21
1.2539,0.5122,-0.0840,118.841,30.793,-100.854,1,21
1.2036,0.3745,-0.0996,143.293,26.646,-93.963,1,21
1.1558,0.2808,-0.1128,166.220,22.805,-90.122,1,21
1.0962,0.2437,-0.1294,186.220,18.415,-88.720,1,21
1.0518,0.2456,-0.1348,200.366,14.329,-88.415,1,21
0.8672,-0.2334,0.0415,-67.134,23.780,109.756,1,21
0.8755,-0.2612,0.0361,-76.402,17.256,107.317,1,21
0.8716,-0.2847,0.0259,-85.000,10.671,104.634,1,21
0.8628,-0.3003,0.0186,-91.829,4.146,101.280,1,21
0.8438,-0.3154,0.0127,-97.805,-2.378,97.988,1,21
0.8208,-0.3154,0.0073,-103.171,-8.476,94.146,1,21
0.8022,-0.3101,0.0024,-107.317,-13.963,89.878,1,21
0.7686,-0.3057,0.0044,-111.220,-18.841,85.610,1,21
0.5137,-0.5342,-1.0747,-37.500,-64.207,-119.390,2,21
0.5054,-0.5083,-1.0615,-40.183,-62.195,-117.561,2,21
0.5093,-0.4888,-1.0469,-42.500,-60.366,-115.488,2,21
0.5103,-0.4736,-1.0317,-44.695,-58.415,-113.354,2,21
0.5063,-0.4502,-1.0190,-46.280,-56.646,-111.220,2,21
0.5044,-0.4312,-1.0039,-48.110,-55.000,-109.024,2,21
0.5024,-0.4150,-0.9849,-49.512,-53.476,-106.829,2,21
0.5063,-0.3960,-0.9771,-50.610,-51.890,-104.207,2,21
0.7280,-0.2925,0.0068,-114.756,-23.476,81.463,1,21
0.7012,-0.2822,0.0190,-117.988,-27.378,77.317,1,21
0.6689,-0.2686,0.0244,-121.524,-30.976,73.476,1,21
0.6377,-0.2544,0.0249,-125.549,-33.841,70.183,1,21
0.6045,-0.2466,0.0293,-128.598,-37.073,67.073,1,21
0.5757,-0.2529,0.0186,-131.159,-39.512,64.512,1,21
0.5518,-0.2456,0.0000,-132.500,-42.256,61.951,1,21
0.5239,-0.2466,-0.0146,-132.866,-45.061,60.061,1,21
0.0254,-1.2192,-0.4653,-125.244,57.744,5.549,2,21
0.0342,-1.2124,-0.4331,-126.829,61.159,4.756,2,21
0.0381,-1.1968,-0.4004,-128.232,64.634,3.902,2,21
0.0493,-1.1885,-0.3618,-128.780,68.049,2.866,2,21
0.0645,-1.1704,-0.3306,-128.902,71.280,1.829,2,21
0.0884,-1.1597,-0.3091,-128.720,74.390,0.793,2,21
0.1060,-1.1528,-0.2817,-129.146,77.561,0.122,2,21
0.1367,-1.1353,-0.2607,-128.354,80.732,-0.915,2,21
2.7437,1.2534,0.9751,-163.476,-453.354,246.951,1,21
2.6221,1.2837,1.0483,-159.573,-465.061,250.976,1,21
2.4937,1.3247,1.1274,-157.012,-475.793,254.634,1,21
2.3696,1.3594,1.1948,-155.000,-486.280,257.439,1,21
2.2500,1.3955,1.2554,-152.683,-497.012,261.341,1,21
2.1450,1.4438,1.3364,-149.390,-506.707,265.732,1,21
2.0469,1.4878,1.4077,-146.524,-516.280,270.976,1,21
1.9551,1.5361,1.4819,-143.720,-526.220,276.890,1,21
0.9751,-0.9336,0.5752,-140.732,141.220,109.268,2,21
1.0063,-0.9395,0.6079,-146.463,142.195,110.549,2,21
1.0308,-0.9419,0.6479,-152.805,143.293,111.829,2,21
1.0635,-0.9473,0.6743,-159.390,144.085,113.110,2,21
1.0894,-0.9473,0.7085,-165.854,144.817,113.720,2,21
1.1294,-0.9482,0.7319,-173.110,145.122,114.451,2,21
1.1567,-0.9561,0.7583,-179.756,145.427,115.183,2,21
1.1733,-0.9595,0.7817,-186.402,145.366,116.037,2,21
0.2358,2.0688,2.4482,-67.012,-681.585,402.439,1,21
0.1680,2.0654,2.3330,-69.756,-689.878,407.439,1,21
0.1050,2.0698,2.2397,-73.232,-696.585,411.646,1,21
0.0386,2.0737,2.1489,-77.927,-701.890,415.061,1,21
-0.0156,2.0923,2.0688,-84.451,-704.634,418.171,1,21
-0.0703,2.1143,1.9927,-90.915,-705.732,420.122,1,21
-0.1167,2.1519,1.8970,-97.378,-705.549,421.280,1,21
-0.1465,2.2168,1.8394,-103.171,-703.902,422.683,1,21
-0.1699,2.2788,1.7275,-108.659,-701.463,423.841,1,21
-0.1597,2.3584,1.6504,-113.049,-698.415,425.671,1,21
-0.1606,2.4580,1.5884,-117.805,-694.512,428.232,1,21
-0.1611,2.5391,1.5391,-122.195,-690.305,431.280,1,21
-0.1606,2.6167,1.4888,-125.671,-685.427,434.939,1,21
-0.1694,2.6860,1.4521,-127.622,-680.976,439.207,1,21
-0.1841,2.7544,1.3936,-127.195,-677.134,443.171,1,21
-0.1963,2.8013,1.3276,-124.024,-674.085,447.012,1,21
-0.5703,2.9102,0.4883,-61.159,-638.537,481.341,1,21
-0.6021,2.8906,0.4351,-59.390,-635.000,484.512,1,21
-0.6836,2.8296,0.2725,-55.671,-627.561,491.280,1,21
-0.7417,2.7808,0.0552,-51.585,-619.512,498.415,1,21
-0.8184,2.7388,-0.2124,-51.585,-606.402,506.159,1,21
-0.9224,2.6450,-0.3906,-48.049,-591.098,513.171,1,21
-1.0127,2.5542,-0.5620,-41.890,-575.000,518.049,1,21
-1.1348,2.4238,-0.8096,-29.390,-548.415,521.280,1,21
-1.1914,2.3296,-0.9419,-18.415,-527.866,520.976,1,21
-1.2212,2.2241,-1.0513,-5.122,-504.207,519.024,1,21
-1.2271,2.1138,-1.1221,11.585,-478.232,515.061,1,21
-1.1851,2.0132,-1.1904,30.305,-450.122,508.841,1,21
-1.0928,1.9185,-1.2188,50.488,-421.220,501.098,1,21
-0.9717,1.8364,-1.2295,70.427,-391.646,491.829,1,21
-0.8003,1.7568,-1.2217,89.512,-360.915,481.707,1,21
-0.5908,1.7061,-1.1943,106.951,-330.610,472.378,1,21
1.3647,-0.7568,1.0317,-268.354,138.841,112.378,2,21
1.3506,-0.7427,1.0244,-262.805,137.561,110.732,2,21
1.3413,-0.7202,1.0127,-256.951,136.341,109.085,2,21
1.3257,-0.7036,1.0044,-250.793,134.817,107.378,2,21
1.3081,-0.6934,0.9727,-244.329,132.744,105.671,2,21
1.2925,-0.6733,0.9561,-237.622,131.037,104.085,2,21
1.2695,-0.6519,0.9434,-231.402,128.354,101.951,2,21
1.2573,-0.6421,0.9175,-224.817,125.915,100.000,2,21
-0.3745,1.6631,-1.1675,122.561,-300.122,463.171,1,21
-0.1567,1.6245,-1.0903,135.000,-269.878,455.427,1,21
0.0459,1.5786,-1.0190,144.390,-239.390,448.110,1,21
0.2271,1.5386,-0.9521,151.707,-209.878,440.854,1,21
0.3760,1.5024,-0.9136,157.134,-182.439,433.171,1,21
0.4834,1.4795,-0.8857,162.317,-159.085,424.634,1,21
0.5454,1.4746,-0.8398,165.061,-139.756,414.207,1,21
0.5527,1.4648,-0.8096,165.915,-124.268,401.098,1,21
1.2305,-0.6177,0.8721,-215.976,121.341,97.561,2,21
1.2148,-0.6221,0.8701,-212.622,120.183,96.463,2,21
1.2007,-0.6113,0.8237,-206.585,116.829,94.634,2,21
1.1743,-0.6011,0.8027,-200.366,113.476,92.439,2,21
1.1606,-0.5801,0.7666,-193.720,109.939,90.122,2,21
1.1504,-0.5669,0.7334,-187.988,106.037,87.439,2,21
1.1265,-0.5508,0.6978,-181.707,101.890,85.244,2,21
1.1216,-0.5313,0.6611,-175.854,97.500,82.256,2,21
0.5103,1.4644,-0.7847,165.244,-112.073,386.402,1,21
0.4419,1.4697,-0.7588,164.573,-102.012,370.854,1,21
0.3403,1.4932,-0.7534,163.110,-94.085,356.280,1,21
0.2080,1.5366,-0.7534,160.366,-85.671,342.317,1,21
0.0835,1.5928,-0.7227,156.341,-76.341,329.390,1,21
-0.0581,1.6382,-0.6753,150.183,-66.402,317.073,1,21
-0.2212,1.7056,-0.6533,142.622,-55.793,305.793,1,21
-0.3667,1.7598,-0.6299,134.878,-45.732,295.488,1,21
1.1147,-0.4902,0.6177,-167.622,90.610,77.927,2,21
1.1172,-0.4653,0.5718,-162.744,85.183,75.183,2,21
1.1162,-0.4458,0.5483,-160.549,82.683,74.207,2,21
1.1357,-0.4131,0.5142,-156.341,77.622,71.402,2,21
1.1509,-0.3794,0.4800,-152.378,72.378,68.720,2,21
1.1890,-0.3208,0.4272,-147.866,64.451,65.549,2,21
1.2041,-0.2817,0.3896,-145.427,59.817,63.415,2,21
1.2358,-0.2407,0.3594,-143.659,55.305,61.159,2,21
-0.5073,1.8130,-0.6118,127.073,-35.488,285.000,1,21
-0.6196,1.8564,-0.5669,119.878,-26.037,275.244,1,21
-0.7466,1.8857,-0.5156,111.829,-16.280,265.915,1,21
-0.8496,1.8994,-0.4619,104.451,-6.951,256.646,1,21
-0.9478,1.9082,-0.3853,96.829,2.622,247.622,1,21
-1.0381,1.8926,-0.3091,88.963,11.402,239.207,1,21
-1.1221,1.8633,-0.2329,81.280,19.817,230.915,1,21
-1.1958,1.8130,-0.1787,73.902,27.134,224.207,1,21
1.2700,-0.2065,0.3247,-142.378,51.037,59.451,2,21
1.2949,-0.1719,0.2949,-141.951,47.195,57.988,2,21
1.3276,-0.1406,0.2778,-141.159,43.902,56.280,2,21
1.3647,-0.1069,0.2539,-140.610,41.341,54.634,2,21
1.3960,-0.0791,0.2446,-139.634,39.207,53.232,2,21
1.4248,-0.0640,0.2422,-138.780,37.683,51.524,2,21
1.4487,-0.0332,0.2407,-137.317,37.073,49.939,2,21
1.4634,-0.0190,0.2529,-135.671,37.317,48.232,2,21
-1.2622,1.7495,-0.1069,66.220,34.512,217.805,1,21
-1.3154,1.6787,-0.0518,58.110,41.037,211.951,1,21
-1.3838,1.5962,-0.0088,50.122,47.134,206.159,1,21
-1.4253,1.5054,0.0288,41.890,52.378,200.488,1,21
-1.4629,1.4214,0.0571,34.085,56.707,194.634,1,21
-1.4893,1.3452,0.0801,26.951,60.061,188.232,1,21
-1.5024,1.2690,0.0991,20.854,62.195,181.768,1,21
-1.5059,1.2183,0.0894,16.341,62.622,174.573,1,21
-1.2310,1.2373,-0.0366,61.646,53.354,73.902,1,21
-1.2114,1.2324,-0.0366,72.134,53.171,62.805,1,21
-1.1875,1.2168,-0.0352,82.866,53.598,52.500,1,21
-1.1836,1.2036,-0.0278,93.598,53.720,42.378,1,21
-1.1709,1.1934,-0.0146,103.841,53.659,32.988,1,21
-1.1641,1.1758,0.0356,112.927,54.451,23.598,1,21
-1.1709,1.1641,0.0762,120.732,55.244,14.634,1,21
-1.1807,1.1440,0.0913,127.317,56.890,5.854,1,21
-0.9585,0.8838,0.2529,125.610,64.939,-68.049,1,21
-0.9116,0.8672,0.2417,118.902,64.573,-75.488,1,21
-0.8628,0.8550,0.2173,110.671,63.841,-82.683,1,21
-0.8271,0.8477,0.1953,101.768,62.927,-90.183,1,21
-0.7808,0.8384,0.1646,92.317,61.341,-97.744,1,21
-0.7515,0.8433,0.1436,82.073,60.061,-104.939,1,21
-0.7114,0.8442,0.1006,71.829,58.902,-111.707,1,21
-0.6802,0.8501,0.0757,61.768,57.073,-118.415,1,21
-0.5571,0.9116,-0.1519,3.659,53.902,-163.537,1,21
-0.5557,0.9092,-0.1855,0.305,55.061,-167.744,1,21
-0.5508,0.9082,-0.2119,-1.646,57.378,-171.951,1,21
-0.5356,0.8989,-0.2407,-4.146,58.963,-176.524,1,21
-0.5303,0.8906,-0.2642,-5.671,61.524,-180.732,1,21
-0.5151,0.8906,-0.2881,-7.988,64.268,-185.366,1,21
-0.5024,0.8813,-0.3018,-9.390,67.256,-189.451,1,21
-0.4912,0.8701,-0.3169,-10.915,70.427,-193.902,1,21
-0.3174,0.8638,-0.4883,-21.829,104.329,-227.744,1,21
-0.3047,0.8735,-0.5068,-21.646,108.232,-231.646,1,21
-0.2881,0.8862,-0.5200,-21.280,111.585,-235.366,1,21
-0.2705,0.9033,-0.5283,-20.854,115.000,-239.024,1,21
-0.2456,0.9082,-0.5547,-20.000,119.085,-242.622,1,21
-0.2246,0.9199,-0.5840,-18.415,122.744,-246.585,1,21
-0.2119,0.9224,-0.5962,-16.768,126.890,-250.061,1,21
-0.1870,0.9346,-0.6050,-14.695,130.976,-253.720,1,21
1.0532,0.0078,0.1816,35.122,-49.329,-10.183,2,21
1.0640,0.0039,0.1880,37.256,-49.756,-7.317,2,21
1.0928,-0.0029,0.2036,40.000,-49.817,-4.573,2,21
1.1040,-0.0078,0.2065,43.110,-49.756,-1.707,2,21
1.1196,-0.0210,0.2100,46.159,-50.000,1.341,2,21
1.1318,-0.0356,0.2139,49.329,-49.695,4.024,2,21
1.1528,-0.0396,0.2178,52.927,-49.634,7.012,2,21
1.1567,-0.0532,0.2251,57.073,-49.939,10.366,2,21
-0.0249,0.9614,-0.6909,-7.866,169.756,-287.805,1,21
-0.0078,0.9639,-0.7070,-9.085,173.780,-291.220,1,21
0.0078,0.9766,-0.7197,-10.427,178.171,-294.817,1,21
0.0176,0.9888,-0.7090,-12.439,182.378,-298.293,1,21
0.0356,1.0005,-0.7329,-14.634,186.707,-301.768,1,21
0.0420,1.0171,-0.7314,-16.829,191.402,-304.939,1,21
0.0566,1.0313,-0.7485,-19.268,195.915,-308.354,1,21
0.0684,1.0454,-0.7441,-21.646,200.427,-311.098,1,21
0.0762,1.0801,-0.7578,-25.305,207.927,-314.573,1,21
0.0845,1.0986,-0.7588,-27.744,213.293,-317.134,1,21
0.0845,1.1191,-0.7671,-29.512,219.085,-319.024,1,21
0.0879,1.1431,-0.7705,-31.037,224.756,-321.220,1,21
0.0859,1.1743,-0.7690,-32.317,230.610,-323.232,1,21
0.0850,1.1963,-0.7603,-33.598,236.707,-324.817,1,21
0.0791,1.2310,-0.7568,-35.122,242.866,-326.646,1,21
0.0742,1.2578,-0.7539,-35.793,248.963,-328.354,1,21
1.0713,-0.2529,0.2300,109.329,-50.671,43.902,2,21
1.0591,-0.2729,0.2329,116.220,-51.463,47.500,2,21
1.0479,-0.3032,0.2358,123.110,-52.500,51.220,2,21
1.0332,-0.3413,0.2383,130.305,-53.476,54.817,2,21
1.0205,-0.3760,0.2393,137.317,-54.817,57.683,2,21
1.0103,-0.4043,0.2383,144.939,-55.549,60.915,2,21
0.9941,-0.4463,0.2393,152.012,-56.585,63.415,2,21
0.9839,-0.4722,0.2437,159.207,-57.927,66.037,2,21
0.2041,1.7778,-0.4702,3.232,380.122,-317.256,1,21
0.2222,1.7979,-0.4395,6.829,380.793,-314.268,1,21
0.2241,1.8281,-0.4224,10.915,381.220,-311.037,1,21
0.2407,1.8501,-0.3931,15.610,381.341,-307.439,1,21
0.2437,1.8730,-0.3804,19.878,380.671,-303.659,1,21
0.2539,1.9004,-0.3560,24.817,379.329,-299.756,1,21
0.2583,1.9253,-0.3359,29.390,378.049,-295.732,1,21
0.2593,1.9458,-0.3267,34.024,376.707,-291.890,1,21
0.2715,1.9653,-0.3188,38.415,375.671,-287.805,1,21
0.2754,1.9702,-0.3066,42.744,375.244,-283.232,1,21
0.2856,1.9810,-0.2866,46.707,374.634,-278.659,1,21
0.2983,1.9771,-0.2690,50.183,374.451,-273.963,1,21
0.3081,1.9688,-0.2583,53.476,374.512,-268.902,1,21
0.3237,1.9575,-0.2500,55.854,374.329,-263.841,1,21
0.3374,1.9409,-0.2334,57.256,375.000,-258.841,1,21
0.3613,1.9146,-0.2290,58.537,375.366,-253.902,1,21
1.0049,-1.1611,0.3589,174.085,-110.366,61.037,2,21
1.0142,-1.1626,0.3638,172.256,-111.341,60.427,2,21
1.0117,-1.1733,0.3745,168.780,-112.927,59.024,2,21
1.0122,-1.1885,0.3789,164.695,-114.756,57.988,2,21
1.0107,-1.1963,0.3848,160.976,-116.707,56.829,2,21
1.0073,-1.2046,0.3779,157.134,-119.146,55.793,2,21
0.9971,-1.2153,0.3916,153.293,-121.098,54.268,2,21
0.9893,-1.2217,0.3843,149.573,-123.232,53.537,2,21
0.3716,1.8735,-0.2153,58.415,376.402,-249.390,1,21
0.3979,1.8462,-0.2051,58.415,377.073,-244.634,1,21
0.4092,1.8096,-0.2031,58.293,377.805,-240.915,1,21
0.4341,1.7690,-0.1851,57.012,377.866,-236.646,1,21
0.4604,1.7319,-0.1675,55.732,378.354,-233.476,1,21
0.4824,1.6968,-0.1431,53.963,378.659,-230.427,1,21
0.4946,1.6626,-0.1025,51.585,379.085,-227.622,1,21
0.5029,1.6284,-0.0552,49.024,379.390,-225.122,1,21
0.9775,-1.2349,0.3833,143.841,-127.195,51.585,2,21
0.9741,-1.2461,0.3794,139.939,-129.634,50.183,2,21
0.9634,-1.2485,0.3828,136.280,-132.073,48.841,2,21
0.9565,-1.2539,0.3818,133.171,-134.573,47.622,2,21
0.9517,-1.2583,0.3892,129.451,-136.585,45.976,2,21
0.9487,-1.2559,0.3799,126.402,-138.780,44.817,2,21
0.9448,-1.2617,0.3789,123.049,-140.671,42.988,2,21
0.9399,-1.2646,0.3711,119.756,-142.866,41.707,2,21
0.5259,1.5732,0.0234,45.000,379.146,-221.890,1,21
0.5337,1.5542,0.0459,42.988,378.841,-220.915,1,21
0.5547,1.5190,0.0923,40.366,377.866,-218.476,1,21
0.5620,1.4888,0.1489,38.171,376.341,-216.280,1,21
0.5830,1.4551,0.1919,35.549,372.744,-213.049,1,21
0.5938,1.4351,0.2192,34.268,370.000,-210.305,1,21
0.6060,1.4307,0.2339,33.902,366.585,-207.805,1,21
0.6191,1.4277,0.2549,34.634,362.988,-204.207,1,21
0.9346,-1.2559,0.3784,117.195,-144.512,40.244,2,21
0.9385,-1.2617,0.3799,114.512,-146.159,38.598,2,21
0.9497,-1.2588,0.3672,111.890,-147.988,37.195,2,21
0.9487,-1.2695,0.3574,109.817,-149.695,35.305,2,21
0.9565,-1.2656,0.3564,107.622,-150.915,33.415,2,21
0.9668,-1.2612,0.3525,105.610,-152.073,31.524,2,21
0.9673,-1.2563,0.3535,103.659,-153.598,28.841,2,21
0.9702,-1.2451,0.3467,102.378,-154.878,26.768,2,21
0.6294,1.4360,0.2681,35.183,359.390,-200.671,1,21
0.6367,1.4463,0.2837,36.037,355.488,-196.585,1,21
0.6411,1.4507,0.3052,37.256,352.195,-192.073,1,21
0.6431,1.4570,0.3169,38.841,348.780,-187.378,1,21
0.6602,1.4551,0.3105,41.280,345.000,-181.768,1,21
0.6660,1.4614,0.3071,44.573,341.402,-176.037,1,21
0.6792,1.4561,0.3228,48.110,338.110,-170.000,1,21
0.6890,1.4497,0.3398,51.646,335.183,-163.841,1,21
0.9653,-1.2285,0.3413,100.427,-156.585,24.329,2,21
0.9600,-1.2183,0.3379,98.841,-158.415,22.134,2,21
0.9668,-1.2075,0.3193,96.707,-159.756,19.817,2,21
0.9663,-1.1973,0.3154,94.695,-161.098,17.927,2,21
0.9585,-1.1870,0.3096,92.805,-162.439,16.220,2,21
0.9541,-1.1831,0.2959,90.732,-163.232,14.573,2,21
0.9478,-1.1802,0.3037,89.451,-164.024,13.171,2,21
0.9351,-1.1826,0.3125,88.293,-164.878,11.829,2,21
0.7002,1.4385,0.3413,55.305,331.951,-156.951,1,21
0.7139,1.4102,0.3369,59.878,328.902,-150.244,1,21
0.7378,1.3872,0.3223,64.146,325.427,-143.902,1,21
0.7637,1.3633,0.3145,69.024,321.768,-137.683,1,21
0.7930,1.3335,0.3091,73.110,318.476,-131.646,1,21
0.8169,1.2974,0.3091,77.805,314.146,-125.976,1,21
0.8491,1.2578,0.2813,81.585,310.061,-120.671,1,21
0.8667,1.2124,0.2783,84.573,305.427,-115.610,1,21
0.9321,-1.1792,0.3130,87.073,-165.610,10.610,2,21
0.9263,-1.1851,0.3267,85.854,-166.463,9.268,2,21
0.9204,-1.1816,0.3252,84.329,-167.378,7.622,2,21
0.9116,-1.1914,0.3320,82.805,-168.354,5.610,2,21
0.8984,-1.1943,0.3159,81.646,-169.512,3.415,2,21
0.8779,-1.1904,0.3296,80.183,-170.366,1.037,2,21
0.8726,-1.1958,0.3232,79.634,-171.037,-1.402,2,21
0.8599,-1.1968,0.3218,78.415,-172.134,-3.902,2,21
0.8994,1.1724,0.2583,87.378,300.549,-110.915,1,21
0.9224,1.1221,0.2383,90.305,295.427,-106.402,1,21
0.9438,1.0767,0.2231,92.256,289.878,-102.439,1,21
0.9614,1.0347,0.1914,93.841,283.841,-98.720,1,21
0.9731,0.9956,0.1802,95.122,278.110,-95.366,1,21
0.9883,0.9365,0.1797,95.671,272.195,-92.256,1,21
0.9927,0.8921,0.1660,95.732,266.220,-89.512,1,21
0.9961,0.8452,0.1528,95.854,260.305,-87.439,1,21
0.8535,-1.1963,0.3164,78.110,-172.805,-6.341,2,21
0.8384,-1.2085,0.3184,77.500,-173.720,-8.963,2,21
0.8369,-1.2036,0.3105,76.890,-174.146,-11.524,2,21
0.8198,-1.2007,0.3081,76.524,-174.695,-13.963,2,21
0.8169,-1.2007,0.2988,76.280,-175.122,-16.402,2,21
0.8105,-1.1929,0.2876,75.915,-175.305,-19.085,2,21
0.7974,-1.1924,0.2803,75.061,-175.671,-21.402,2,21
0.7905,-1.1938,0.2754,74.939,-175.976,-23.902,2,21
0.9854,0.7900,0.1396,95.610,253.841,-85.122,1,21
0.9849,0.7354,0.1328,95.976,247.805,-83.293,1,21
0.9785,0.6860,0.1147,96.341,241.951,-82.073,1,21
0.9692,0.6426,0.1089,96.768,236.585,-80.854,1,21
0.9575,0.5952,0.0952,96.402,231.098,-79.634,1,21
0.9478,0.5400,0.0845,96.220,226.220,-78.171,1,21
0.9424,0.4883,0.0723,97.012,221.220,-76.768,1,21
0.9302,0.4434,0.0566,98.232,216.220,-74.817,1,21
0.7856,-1.1919,0.2749,74.695,-176.220,-26.463,2,21
0.7788,-1.1865,0.2666,74.207,-176.402,-28.841,2,21
0.7593,-1.1831,0.2642,74.268,-176.341,-31.280,2,21
0.7622,-1.1748,0.2446,74.085,-176.463,-34.024,2,21
0.7480,-1.1704,0.2510,73.963,-176.768,-36.402,2,21
0.7363,-1.1621,0.2358,74.024,-176.707,-39.329,2,21
0.7334,-1.1582,0.2378,73.415,-176.890,-41.585,2,21
0.7261,-1.1489,0.2373,73.171,-177.012,-44.512,2,21
0.9204,0.4102,0.0537,99.573,211.585,-73.171,1,21
0.9155,0.3735,0.0576,100.549,206.890,-71.280,1,21
0.9102,0.3477,0.0532,101.402,202.683,-69.634,1,21
0.9106,0.3164,0.0581,102.378,199.024,-67.988,1,21
0.9102,0.2817,0.0630,103.354,194.695,-65.854,1,21
0.9160,0.2485,0.0488,104.329,190.732,-62.988,1,21
0.9155,0.2241,0.0542,107.317,186.402,-59.695,1,21
0.9331,0.1987,0.0283,110.549,181.829,-56.585,1,21
0.6069,-0.9180,0.1313,74.329,-173.476,-81.890,2,21
0.6021,-0.9141,0.1255,74.146,-172.134,-83.232,2,21
0.6069,-0.9116,0.1211,73.476,-170.732,-84.329,2,21
0.5996,-0.9121,0.1221,73.415,-168.963,-85.061,2,21
0.6035,-0.9126,0.1196,72.439,-167.317,-85.549,2,21
0.5991,-0.9209,0.1187,71.890,-165.305,-86.341,2,21
0.5991,-0.9263,0.1157,71.098,-163.902,-87.073,2,21
0.6084,-0.9351,0.1221,69.756,-162.378,-87.683,2,21
1.2217,-0.1738,-0.4810,214.024,86.646,-68.963,1,21
1.2085,-0.1514,-0.4800,207.866,84.756,-75.976,1,21
1.1992,-0.1118,-0.4565,200.488,82.561,-82.866,1,21
1.1792,-0.0796,-0.4600,193.354,81.220,-89.329,1,21
1.1450,-0.0591,-0.4585,186.159,79.390,-94.878,1,21
1.1201,-0.0337,-0.4492,179.512,77.622,-99.878,1,21
1.0894,-0.0088,-0.4443,172.805,75.732,-105.000,1,21
1.0640,0.0234,-0.4253,164.573,74.024,-109.146,1,21
0.9678,0.2183,-0.1460,48.841,97.134,-125.061,1,21
0.9922,0.2432,-0.1035,34.756,102.439,-128.354,1,21
1.0283,0.2598,-0.0630,20.305,107.256,-131.463,1,21
1.0610,0.2910,-0.0195,5.915,111.280,-132.988,1,21
1.0991,0.3213,0.0552,-9.695,115.000,-134.573,1,21
1.1421,0.3457,0.1147,-24.817,117.805,-135.000,1,21
1.1792,0.3599,0.1597,-39.512,120.000,-134.085,1,21
1.2217,0.3691,0.1865,-52.195,120.549,-132.622,1,21
0.6128,-1.2778,-0.2280,13.963,-38.232,-94.939,2,21
0.6025,-1.2593,-0.2515,15.122,-34.085,-95.000,2,21
0.5913,-1.2354,-0.2788,17.317,-29.512,-95.549,2,21
0.5854,-1.2070,-0.2852,18.841,-24.939,-96.280,2,21
0.5840,-1.1797,-0.3032,20.427,-20.549,-96.524,2,21
0.6045,-1.1509,-0.3330,22.439,-15.671,-97.256,2,21
0.6079,-1.1206,-0.3462,24.329,-10.793,-97.866,2,21
0.6138,-1.0938,-0.3623,26.707,-5.610,-97.988,2,21
1.2510,0.3833,0.2085,-62.927,120.915,-130.305,1,21
1.2871,0.3896,0.2344,-71.341,120.366,-127.256,1,21
1.3057,0.3989,0.2578,-78.232,119.756,-124.146,1,21
1.3135,0.4033,0.2764,-84.268,118.415,-121.037,1,21
1.3213,0.4111,0.3081,-89.695,116.646,-117.622,1,21
1.3140,0.4033,0.3403,-94.634,113.902,-114.146,1,21
1.3120,0.3779,0.3521,-97.500,110.488,-109.756,1,21
1.2949,0.3433,0.3433,-97.683,106.463,-105.305,1,21
0.6318,-0.8364,-0.4263,58.171,28.841,-98.841,2,21
0.6216,-0.8252,-0.4365,60.183,29.939,-98.537,2,21
0.6035,-0.8115,-0.4419,64.573,32.073,-98.537,2,21
0.5952,-0.8018,-0.4463,68.963,33.780,-98.537,2,21
0.5688,-0.7881,-0.4580,73.598,35.305,-98.537,2,21
0.5620,-0.7798,-0.4590,77.988,36.646,-98.293,2,21
0.5454,-0.7676,-0.4717,82.866,37.988,-98.354,2,21
0.5347,-0.7578,-0.4771,87.378,39.451,-98.354,2,21
0.5195,-0.7627,-0.4888,93.963,41.341,-98.659,2,21
0.5181,-0.7632,-0.4966,95.976,42.256,-98.659,2,21
0.5215,-0.7593,-0.4971,100.610,43.293,-99.085,2,21
0.5176,-0.7642,-0.4937,104.756,44.634,-99.329,2,21
0.5181,-0.7690,-0.4912,109.451,45.732,-99.573,2,21
0.5220,-0.7627,-0.4902,113.171,46.890,-100.488,2,21
0.5293,-0.7671,-0.4824,117.134,47.256,-101.220,2,21
0.5425,-0.7695,-0.4829,119.817,47.439,-101.890,2,21
0.7485,0.0835,-0.2007,63.598,21.951,62.378,1,21
0.7422,-0.0039,-0.2012,60.305,18.659,62.134,1,21
0.7280,-0.0962,-0.2158,55.854,15.549,60.732,1,21
0.7119,-0.1865,-0.2163,50.183,12.439,59.634,1,21
0.6978,-0.2632,-0.2168,43.902,9.146,57.256,1,21
0.6777,-0.3452,-0.2319,36.646,6.585,54.817,1,21
0.6655,-0.4268,-0.2524,29.146,4.085,51.585,1,21
0.6548,-0.4873,-0.2607,21.341,2.561,47.866,1,21
0.5986,-0.7383,-0.6138,115.366,30.122,-121.037,2,21
0.5942,-0.7280,-0.6260,111.341,29.329,-121.524,2,21
0.5923,-0.7197,-0.6406,107.622,28.354,-121.829,2,21
0.5933,-0.7158,-0.6567,103.110,27.500,-122.012,2,21
0.5835,-0.7124,-0.6704,98.293,26.524,-122.134,2,21
0.5859,-0.7002,-0.6865,93.171,25.915,-122.195,2,21
0.5850,-0.6924,-0.6924,87.561,25.427,-121.951,2,21
0.5908,-0.6846,-0.7090,81.524,25.183,-121.646,2,21
0.6460,-0.5547,-0.2803,13.110,1.220,43.963,1,21
0.6245,-0.6099,-0.3022,5.000,1.220,39.573,1,21
0.6152,-0.6641,-0.3218,-2.927,1.341,35.122,1,21
0.6074,-0.7021,-0.3320,-11.585,2.256,30.122,1,21
0.5962,-0.7485,-0.3545,-19.390,3.841,24.939,1,21
0.5923,-0.7808,-0.3789,-27.500,5.915,19.634,1,21
0.5933,-0.7964,-0.3818,-34.390,8.537,14.329,1,21
0.5879,-0.8120,-0.4009,-42.561,11.341,8.537,1,21
0.5938,-0.6841,-0.7192,75.366,24.329,-121.585,2,21
0.5986,-0.6816,-0.7261,69.207,23.841,-121.037,2,21
0.6030,-0.6802,-0.7290,63.049,22.866,-120.549,2,21
0.6084,-0.6724,-0.7388,56.646,22.317,-120.305,2,21
0.6211,-0.6724,-0.7485,51.037,20.793,-119.451,2,21
0.6191,-0.6592,-0.7520,45.305,19.756,-119.329,2,21
0.6196,-0.6445,-0.7456,39.756,18.110,-118.354,2,21
0.6270,-0.6289,-0.7476,34.573,16.463,-117.927,2,21
0.5884,-0.8433,-0.4272,-48.354,14.634,2.927,1,21
0.5771,-0.8311,-0.4072,-51.646,18.659,-2.683,1,21
0.5820,-0.8237,-0.3867,-62.866,22.012,-9.634,1,21
0.5942,-0.8076,-0.4126,-71.159,25.183,-15.915,1,21
0.6108,-0.7866,-0.4048,-82.744,27.317,-22.073,1,21
0.6279,-0.7930,-0.4321,-93.841,29.329,-27.866,1,21
0.6289,-0.7827,-0.4253,-104.207,30.793,-33.598,1,21
0.6270,-0.7749,-0.4067,-114.451,31.098,-39.329,1,21
0.6357,-0.6191,-0.7515,29.085,14.573,-117.012,2,21
0.6470,-0.6001,-0.7524,23.537,13.110,-116.220,2,21
0.6499,-0.5786,-0.7563,17.622,11.098,-115.427,2,21
0.6670,-0.5698,-0.7573,12.256,9.451,-114.512,2,21
0.6758,-0.5522,-0.7593,7.012,7.927,-113.415,2,21
0.6851,-0.5420,-0.7583,2.378,5.976,-112.012,2,21
0.7061,-0.5298,-0.7617,-2.561,4.329,-110.854,2,21
0.7070,-0.5132,-0.7671,-7.622,2.744,-108.841,2,21
0.6343,-0.7759,-0.3984,-129.146,29.756,-48.049,1,21
0.6348,-0.7764,-0.3975,-133.841,28.902,-51.463,1,21
0.6436,-0.7754,-0.4097,-142.195,25.976,-57.683,1,21
0.6367,-0.7695,-0.3921,-150.854,22.317,-64.634,1,21
0.6396,-0.7588,-0.3765,-161.524,19.024,-71.768,1,21
0.6328,-0.7490,-0.3701,-174.085,15.305,-79.634,1,21
0.6235,-0.7461,-0.3833,-187.744,12.073,-88.171,1,21
0.6084,-0.7344,-0.3896,-201.402,9.939,-96.646,1,21
0.7129,-0.5054,-0.7764,-12.927,1.463,-107.012,2,21
0.7280,-0.4995,-0.7754,-17.317,0.732,-104.573,2,21
0.7319,-0.4834,-0.7715,-21.159,0.000,-102.317,2,21
0.7402,-0.4678,-0.7593,-24.451,-0.793,-99.878,2,21
0.7310,-0.4531,-0.7603,-27.683,-2.012,-97.256,2,21
0.7500,-0.4351,-0.7632,-30.610,-3.659,-94.756,2,21
0.7534,-0.4141,-0.7627,-33.598,-5.122,-92.317,2,21
0.7588,-0.3975,-0.7705,-36.402,-6.768,-89.451,2,21
0.9600,0.6675,0.0825,-44.878,88.963,-107.378,1,21
0.9585,0.7227,0.1230,-31.951,83.841,-106.829,1,21
0.9478,0.7842,0.1592,-20.976,80.122,-106.159,1,21
0.9443,0.8525,0.1709,-11.402,77.073,-104.878,1,21
0.9399,0.9331,0.1777,-2.012,74.268,-103.049,1,21
0.9370,0.9980,0.1758,5.610,71.646,-100.915,1,21
0.9336,1.0737,0.1763,12.134,69.451,-98.354,1,21
0.9443,1.1411,0.1572,18.171,66.951,-95.366,1,21
0.6797,-0.7163,-1.0410,-12.012,-33.476,-0.122,2,21
0.6670,-0.7651,-1.0356,-15.366,-32.744,0.671,2,21
0.6597,-0.8140,-1.0327,-19.451,-32.439,1.463,2,21
0.6450,-0.8555,-1.0249,-24.024,-31.646,2.134,2,21
0.6299,-0.9038,-1.0220,-28.780,-31.463,2.195,2,21
0.6138,-0.9375,-1.0103,-34.146,-30.976,2.561,2,21
0.6021,-0.9780,-1.0039,-39.756,-30.244,2.683,2,21
0.5669,-1.0083,-0.9893,-45.854,-30.183,3.110,2,21
1.3081,1.4580,-0.0190,76.768,50.305,-55.305,1,21
1.3647,1.4429,-0.0454,82.927,45.732,-49.329,1,21
1.4316,1.4258,-0.0591,89.024,40.305,-43.598,1,21
1.5005,1.4126,-0.0762,94.085,34.634,-37.805,1,21
1.5654,1.3960,-0.0830,98.354,28.354,-32.134,1,21
1.6377,1.3662,-0.0923,101.768,21.707,-26.646,1,21
1.7036,1.3491,-0.0796,103.720,15.305,-21.037,1,21
1.7915,1.3071,-0.0811,104.451,8.902,-15.000,1,21
0.3677,-1.1646,-0.8931,-100.488,-20.732,-1.402,2,21
0.3428,-1.1748,-0.8799,-106.524,-19.146,-2.683,2,21
0.3242,-1.1777,-0.8706,-112.866,-17.500,-3.659,2,21
0.3018,-1.1846,-0.8560,-118.293,-15.244,-4.756,2,21
0.2856,-1.1973,-0.8511,-124.329,-12.927,-5.671,2,21
0.2563,-1.1973,-0.8330,-129.695,-10.671,-7.073,2,21
0.2363,-1.2065,-0.8291,-135.305,-7.866,-8.415,2,21
0.2329,-1.2163,-0.8135,-140.732,-4.878,-9.207,2,21
0.5000,-0.9341,-0.1963,-195.061,83.902,18.841,2,21
0.5259,-0.9302,-0.1704,-192.317,87.073,24.451,2,21
0.5396,-0.9229,-0.1636,-190.122,90.366,30.610,2,21
0.5566,-0.9175,-0.1470,-187.622,93.720,36.768,2,21
0.5586,-0.9229,-0.1318,-186.280,96.463,43.232,2,21
0.5723,-0.9307,-0.1245,-183.659,99.756,49.756,2,21
0.5771,-0.9375,-0.1147,-181.524,102.500,56.098,2,21
0.5815,-0.9595,-0.1069,-179.024,105.183,62.500,2,21
4.1221,0.1035,1.1772,-138.720,-377.500,121.280,1,21
4.1104,0.0767,1.2524,-145.854,-393.171,126.159,1,21
4.0791,0.0483,1.3115,-154.085,-408.598,130.000,1,21
4.0225,0.0347,1.3691,-162.073,-422.927,134.024,1,21
3.9702,0.0425,1.4473,-170.366,-436.524,138.049,1,21
3.9106,0.0400,1.5088,-178.720,-448.232,142.012,1,21
3.8428,0.0581,1.5869,-186.098,-458.780,146.829,1,21
3.7715,0.0850,1.6636,-192.378,-468.171,152.012,1,21
2.8579,0.9268,2.5620,-174.634,-533.171,198.659,1,21
2.7480,1.0239,2.6924,-168.049,-541.098,203.232,1,21
2.6450,1.1206,2.8018,-160.549,-549.512,207.805,1,21
2.5469,1.1938,2.9038,-150.244,-560.000,213.049,1,21
2.4438,1.2681,2.9976,-139.634,-570.732,218.598,1,21
2.3271,1.3550,3.0913,-128.780,-582.317,223.720,1,21
2.2261,1.4170,3.1655,-119.756,-594.451,229.085,1,21
2.1245,1.4819,3.2266,-111.280,-606.829,233.720,1,21
0.6855,-1.2993,0.3223,-171.341,151.707,142.256,2,21
0.7100,-1.3115,0.3613,-176.220,153.354,144.756,2,21
0.7280,-1.3091,0.3813,-178.537,154.085,146.159,2,21
0.7529,-1.3149,0.4087,-183.293,154.878,148.476,2,21
0.7969,-1.3169,0.4414,-187.866,155.061,150.854,2,21
0.8584,-1.3247,0.4800,-195.244,154.329,153.537,2,21
0.8950,-1.3271,0.5205,-199.878,153.049,155.183,2,21
0.9390,-1.3345,0.5371,-204.695,151.829,157.378,2,21
2.0156,1.5503,3.3086,-104.207,-618.110,238.049,1,21
1.8979,1.6191,3.4014,-98.659,-628.902,241.768,1,21
1.7720,1.6807,3.4897,-95.366,-638.293,244.695,1,21
1.6338,1.7490,3.5811,-93.049,-646.585,246.768,1,21
1.4976,1.8013,3.6704,-91.220,-654.512,248.232,1,21
1.3569,1.8726,3.7568,-90.183,-661.707,248.537,1,21
1.2310,1.9482,3.8398,-90.183,-668.598,248.354,1,21
1.1089,2.0415,3.9175,-91.524,-675.061,247.500,1,21
0.0322,3.0513,4.3843,-147.561,-751.463,246.037,1,21
-0.0806,3.1313,4.3433,-155.793,-763.415,246.280,1,21
-0.2061,3.1943,4.3125,-164.207,-774.268,246.890,1,21
-0.3145,3.2603,4.2798,-172.256,-783.415,247.622,1,21
-0.4258,3.3179,4.2573,-179.817,-790.793,249.024,1,21
-0.5283,3.3540,4.2231,-185.976,-796.341,250.366,1,21
-0.6240,3.3735,4.1729,-190.915,-801.098,252.439,1,21
-0.7046,3.3882,4.1196,-195.000,-805.183,254.085,1,21
-1.3623,2.9966,3.5571,-208.476,-836.341,242.134,1,21
-1.4297,2.9399,3.4878,-205.488,-841.646,238.354,1,21
-1.5044,2.8813,3.4106,-202.927,-848.354,234.207,1,21
-1.5840,2.7915,3.2964,-201.037,-856.280,229.634,1,21
-1.6655,2.6948,3.1538,-199.085,-866.585,225.183,1,21
-1.7549,2.5957,2.9800,-197.561,-879.024,220.305,1,21
-1.8472,2.5044,2.7974,-194.756,-892.622,214.817,1,21
-1.9409,2.4326,2.6323,-192.256,-905.915,208.902,1,21
-2.8975,2.0874,1.0806,-138.171,-708.293,198.049,1,21
-2.8667,2.0190,0.9932,-119.085,-693.963,191.098,1,21
-2.8047,1.9463,0.8711,-100.366,-683.780,182.378,1,21
-2.7139,1.8496,0.7485,-81.829,-673.841,172.195,1,21
-2.5840,1.7554,0.6187,-62.622,-661.280,161.707,1,21
-2.4082,1.6558,0.4990,-40.976,-644.085,152.805,1,21
-2.2046,1.5669,0.4336,-18.049,-622.439,145.976,1,21
-1.9746,1.4771,0.3730,5.488,-596.768,140.915,1,21
-0.3911,1.3003,0.0464,120.915,-267.256,118.902,1,21
-0.5327,1.2920,-0.0088,117.927,-260.671,113.171,1,21
-0.6934,1.2979,-0.0635,115.366,-252.195,108.049,1,21
-0.8613,1.3022,-0.0889,109.817,-240.183,103.902,1,21
-1.0352,1.2993,-0.1216,104.390,-224.329,100.854,1,21
-1.2231,1.2861,-0.1479,99.207,-205.061,98.537,1,21
-1.4224,1.2725,-0.1572,95.305,-182.988,97.378,1,21
-1.6045,1.2632,-0.1494,91.829,-159.268,96.463,1,21
-1.7832,1.2402,-0.1060,90.305,-135.061,95.305,1,21
-1.9346,1.2104,-0.0781,91.098,-112.134,94.817,1,21
-2.0601,1.1816,-0.0317,92.866,-91.098,93.780,1,21
-2.1411,1.1528,0.0112,94.878,-71.890,92.500,1,21
-2.1802,1.1157,0.0508,97.012,-54.451,90.671,1,21
-2.2017,1.0767,0.0664,98.476,-38.293,89.207,1,21
-2.1914,1.0166,0.0820,99.390,-23.049,87.561,1,21
-2.1514,0.9609,0.0713,100.183,-8.537,86.585,1,21
-1.3745,0.7227,0.4355,72.073,73.171,101.220,1,21
-1.2974,0.7095,0.4736,65.488,79.817,103.476,1,21
-1.2314,0.6924,0.5161,58.354,86.220,104.146,1,21
-1.1738,0.6538,0.5547,50.854,91.951,103.720,1,21
-1.1377,0.6172,0.5679,43.841,97.500,102.256,1,21
-1.1011,0.5850,0.5728,37.439,101.707,98.902,1,21
-1.0820,0.5566,0.5732,31.768,105.305,94.512,1,21
-1.0708,0.5234,0.5503,26.524,108.293,88.232,1,21
-0.9502,0.5029,0.2979,-4.695,145.183,31.402,1,21
-0.9272,0.5190,0.2798,-5.061,150.793,28.963,1,21
-0.8950,0.5386,0.2603,-4.878,155.854,26.463,1,21
-0.8721,0.5420,0.2544,-4.085,161.098,23.171,1,21
-0.8350,0.5645,0.2344,-2.439,165.549,20.000,1,21
-0.8125,0.5620,0.2144,-0.488,170.183,15.610,1,21
-0.7837,0.5732,0.2104,1.951,174.451,11.159,1,21
-0.7485,0.5898,0.2012,4.207,179.085,6.402,1,21
-0.4302,0.6772,0.1475,27.500,214.268,-33.902,1,21
-0.4219,0.6841,0.1318,28.354,215.732,-35.061,1,21
-0.3901,0.6958,0.1343,31.402,218.659,-38.171,1,21
-0.3643,0.6885,0.1265,33.963,221.402,-40.854,1,21
-0.3389,0.6992,0.1089,37.683,223.963,-43.415,1,21
-0.3086,0.6968,0.1030,41.280,226.768,-46.037,1,21
-0.2974,0.7046,0.0952,45.366,229.756,-48.598,1,21
-0.2627,0.7178,0.0947,51.220,234.146,-52.683,1,21
-0.0713,0.8125,0.0073,93.476,266.220,-75.488,1,21
-0.0591,0.8228,-0.0029,97.378,269.512,-77.500,1,21
-0.0249,0.8379,-0.0293,101.098,273.049,-79.878,1,21
-0.0039,0.8447,-0.0269,104.756,276.707,-81.768,1,21
0.0137,0.8486,-0.0479,107.927,280.305,-84.024,1,21
0.0464,0.8516,-0.0698,111.341,284.329,-86.037,1,21
0.0674,0.8633,-0.0820,114.329,289.024,-88.293,1,21
0.0889,0.8735,-0.1035,117.622,293.841,-90.793,1,21
0.3335,1.0181,-0.1494,128.049,361.280,-118.598,1,21
0.3667,1.0596,-0.1807,129.817,366.585,-122.256,1,21
0.3984,1.0947,-0.1987,132.317,371.707,-125.183,1,21
0.4175,1.1484,-0.2241,135.915,376.646,-128.354,1,21
0.4380,1.1934,-0.2373,140.000,380.732,-131.402,1,21
0.4497,1.2563,-0.2402,144.695,383.659,-134.390,1,21
0.4565,1.3110,-0.2300,149.268,385.610,-137.866,1,21
0.4648,1.3701,-0.2251,153.902,386.159,-141.524,1,21
0.4717,1.4131,-0.2124,157.561,386.098,-145.305,1,21
0.4771,1.4482,-0.2192,160.854,385.488,-148.598,1,21
0.4741,1.4819,-0.2231,164.878,384.207,-151.463,1,21
0.4756,1.5054,-0.2275,169.695,382.195,-153.963,1,21
0.4746,1.5200,-0.2397,174.268,379.878,-155.976,1,21
0.4614,1.5435,-0.2554,178.841,377.195,-158.171,1,21
0.4580,1.5474,-0.2720,182.927,375.244,-159.756,1,21
0.4424,1.5566,-0.2925,186.890,373.841,-161.707,1,21
0.4067,1.4814,-0.3682,201.037,395.915,-180.610,1,21
0.4194,1.4678,-0.3662,201.341,399.756,-182.561,1,21
0.4326,1.4692,-0.3540,200.183,402.744,-185.427,1,21
0.4492,1.4585,-0.3501,199.329,405.671,-187.378,1,21
0.4736,1.4668,-0.3374,197.622,407.561,-190.000,1,21
0.4883,1.4756,-0.3247,195.488,409.268,-191.829,1,21
0.5078,1.4775,-0.3174,192.561,409.939,-193.476,1,21
0.5366,1.4956,-0.2983,187.683,410.427,-195.061,1,21
0.6445,1.5352,-0.1460,133.902,387.683,-191.890,1,21
0.6528,1.5303,-0.1333,128.841,384.207,-191.098,1,21
0.6558,1.5176,-0.1206,124.207,380.244,-189.329,1,21
0.6655,1.4976,-0.1084,120.244,376.280,-187.622,1,21
0.6709,1.4863,-0.1060,115.732,372.378,-185.732,1,21
0.6802,1.4517,-0.1123,112.500,368.171,-183.659,1,21
0.6885,1.4336,-0.1079,108.841,364.207,-181.220,1,21
0.6943,1.4141,-0.1045,105.610,360.610,-178.598,1,21
0.7383,0.7734,-0.1914,110.488,176.951,-114.146,1,21
0.7290,0.8018,-0.1670,108.841,175.183,-114.268,1,21
0.7246,0.8398,-0.1602,107.927,172.683,-114.268,1,21
0.7192,0.8794,-0.1494,107.683,170.732,-114.024,1,21
0.7178,0.9072,-0.1426,107.134,168.598,-113.476,1,21
0.7095,0.9546,-0.1377,106.890,167.012,-113.415,1,21
0.7090,0.9907,-0.1226,106.585,165.610,-112.561,1,21
0.7114,1.0239,-0.1113,106.463,165.305,-112.012,1,21
0.2544,-1.4351,0.0132,71.280,-131.524,-118.598,2,21
0.2397,-1.4209,-0.0161,73.354,-129.878,-121.037,2,21
0.2368,-1.4028,-0.0327,75.366,-128.537,-123.476,2,21
0.2275,-1.3862,-0.0454,77.622,-126.829,-125.915,2,21
0.2188,-1.3633,-0.0479,79.573,-124.817,-128.232,2,21
0.2173,-1.3379,-0.0620,81.951,-122.683,-130.671,2,21
0.2070,-1.3032,-0.0728,84.146,-120.366,-132.866,2,21
0.2109,-1.2788,-0.0898,86.159,-117.988,-134.817,2,21
0.4834,-0.6118,-0.0698,134.634,-46.037,-125.122,2,21
0.4897,-0.5796,-0.0571,137.134,-44.024,-121.829,2,21
0.4980,-0.5498,-0.0464,139.695,-42.073,-118.598,2,21
0.5103,-0.5293,-0.0474,142.317,-40.305,-115.244,2,21
0.5132,-0.4927,-0.0459,144.634,-38.476,-111.402,2,21
0.5234,-0.4746,-0.0361,147.134,-36.280,-107.561,2,21
0.5356,-0.4507,-0.0381,150.427,-34.817,-103.476,2,21
0.5415,-0.4292,-0.0420,153.780,-32.683,-99.512,2,21
0.8413,-0.7876,-0.5244,-46.524,57.622,0.366,1,21
0.8179,-0.7568,-0.5415,-48.780,63.720,-6.890,1,21
0.7979,-0.7222,-0.5454,-51.707,69.939,-15.488,1,21
0.7671,-0.6826,-0.5513,-55.244,75.793,-24.451,1,21
0.7417,-0.6440,-0.5640,-58.537,82.012,-33.720,1,21
0.7080,-0.6030,-0.5825,-59.390,87.195,-42.622,1,21
0.6919,-0.5659,-0.6021,-58.476,92.439,-51.280,1,21
0.6655,-0.5000,-0.6230,-56.402,97.012,-59.939,1,21
0.5493,-0.3989,-0.0396,156.646,-30.915,-95.305,2,21
0.5591,-0.3760,-0.0405,160.427,-29.085,-91.159,2,21
0.5664,-0.3604,-0.0308,164.146,-27.134,-86.829,2,21
0.5801,-0.3413,-0.0166,168.293,-25.000,-82.561,2,21
0.5962,-0.3291,0.0000,172.805,-22.866,-77.927,2,21
0.6064,-0.3140,0.0073,177.683,-19.878,-73.659,2,21
0.6221,-0.2983,0.0244,182.988,-17.744,-68.780,2,21
0.6431,-0.2891,0.0459,187.866,-15.671,-64.024,2,21
0.5903,-1.5190,-0.5469,169.695,10.976,43.293,2,21
0.5684,-1.5977,-0.5684,164.634,9.878,41.829,2,21
0.5498,-1.6636,-0.5845,159.451,8.293,40.183,2,21
0.5352,-1.7207,-0.5981,152.683,5.427,37.683,2,21
0.5283,-1.7827,-0.6270,145.915,2.134,34.817,2,21
0.5181,-1.8354,-0.6499,138.963,-1.707,31.341,2,21
0.5200,-1.8833,-0.6709,132.683,-5.976,27.561,2,21
0.5225,-1.9302,-0.6885,126.829,-10.366,23.049,2,21
0.9053,1.3340,0.3159,16.829,203.293,-204.695,1,21
0.9629,1.4263,0.3672,27.622,198.110,-192.805,1,21
1.0225,1.5210,0.3809,42.134,190.183,-180.244,1,21
1.0708,1.6182,0.3794,58.659,180.305,-168.232,1,21
1.1094,1.7222,0.3584,77.805,168.476,-156.646,1,21
1.1299,1.8125,0.3340,97.744,155.305,-145.976,1,21
1.1304,1.8906,0.2920,119.207,141.098,-136.524,1,21
1.1304,1.9683,0.2588,140.183,127.012,-127.622,1,21
0.5298,-1.9648,-0.7241,121.341,-15.244,17.988,2,21
0.5347,-1.9961,-0.7666,116.037,-19.817,11.768,2,21
0.5483,-2.0225,-0.7954,111.037,-24.512,5.122,2,21
0.5596,-2.0361,-0.8374,106.768,-29.268,-1.829,2,21
0.5771,-2.0586,-0.8633,103.598,-34.512,-9.756,2,21
0.5908,-2.0718,-0.9175,101.524,-40.366,-17.622,2,21
0.6099,-2.0908,-0.9526,100.854,-46.037,-26.280,2,21
0.6294,-2.1060,-0.9971,101.037,-51.829,-35.000,2,21
1.1157,2.0068,0.2231,160.976,113.415,-119.268,1,21
1.0894,2.0425,0.2002,180.183,101.098,-110.488,1,21
1.0684,2.0513,0.1660,197.195,90.122,-101.280,1,21
1.0508,2.0508,0.1162,211.890,80.061,-90.732,1,21
1.0186,2.0415,0.0576,224.451,71.463,-79.451,1,21
1.0034,2.0308,-0.0166,233.415,64.024,-67.378,1,21
0.9741,1.9922,-0.0625,239.024,58.232,-54.451,1,21
0.9473,1.9673,-0.1006,240.671,54.207,-41.524,1,21
1.0581,1.2900,-0.1094,154.939,54.695,67.622,1,21
1.1045,1.1831,-0.0874,139.451,59.085,77.622,1,21
1.1553,1.0684,-0.0537,123.232,62.988,86.463,1,21
1.1973,0.9595,-0.0146,106.402,66.585,95.366,1,21
1.2388,0.8398,0.0361,88.780,68.293,103.780,1,21
1.2803,0.7256,0.0845,71.524,68.415,111.098,1,21
1.3081,0.5996,0.1265,54.024,65.915,117.317,1,21
1.3306,0.4917,0.1636,36.341,60.854,122.012,1,21
0.4316,-2.0381,-1.6514,104.817,-112.500,-162.134,2,21
0.4316,-2.0244,-1.6860,98.293,-111.402,-168.476,2,21
0.4580,-2.0063,-1.7036,91.220,-109.878,-174.451,2,21
0.4614,-1.9844,-1.7075,83.049,-107.805,-179.878,2,21
0.4727,-1.9517,-1.7290,74.024,-105.976,-184.695,2,21
0.4902,-1.9302,-1.7520,63.537,-103.720,-188.963,2,21
0.5010,-1.8984,-1.7573,54.573,-99.634,-193.110,2,21
0.5225,-1.8496,-1.7578,45.305,-95.549,-196.037,2,21
1.1182,-0.1724,0.1958,-83.232,-20.549,89.939,1,21
1.0771,-0.1938,0.1650,-93.415,-24.634,84.146,1,21
1.0435,-0.2021,0.1304,-101.951,-26.402,78.720,1,21
1.0078,-0.2114,0.0957,-109.817,-27.134,74.024,1,21
0.9702,-0.2021,0.0679,-115.915,-26.402,69.817,1,21
0.9263,-0.2031,0.0322,-120.976,-25.183,66.037,1,21
0.9019,-0.2002,0.0010,-124.817,-22.744,62.256,1,21
0.8716,-0.1875,-0.0293,-127.561,-21.341,58.537,1,21
0.4932,-1.3081,-1.6406,-32.317,-54.390,-210.244,2,21
0.5010,-1.2524,-1.6060,-37.622,-49.207,-211.524,2,21
0.5049,-1.1968,-1.5635,-42.683,-44.024,-212.866,2,21
0.5059,-1.1450,-1.5337,-46.951,-38.537,-214.085,2,21
0.5029,-1.0918,-1.4810,-50.427,-33.293,-215.183,2,21
0.5215,-1.0449,-1.4326,-53.720,-28.049,-216.524,2,21
0.5410,-1.0146,-1.3784,-56.341,-23.476,-217.378,2,21
0.5532,-0.9766,-1.3350,-59.207,-18.780,-218.659,2,21
0.2861,-0.9941,0.1606,-119.451,-0.732,-117.866,2,21
0.2646,-0.9971,0.1787,-125.854,-1.280,-114.573,2,21
0.2266,-0.9946,0.1929,-132.439,-1.829,-110.366,2,21
0.1924,-1.0039,0.2178,-138.780,-2.195,-106.402,2,21
0.1689,-1.0059,0.2446,-144.939,-2.744,-101.951,2,21
0.1284,-1.0073,0.2588,-150.610,-2.927,-97.073,2,21
0.0952,-1.0142,0.2881,-156.341,-2.866,-92.927,2,21
0.0571,-1.0137,0.3105,-161.890,-2.927,-88.476,2,21
-0.6816,2.6230,1.8594,91.768,-700.915,458.963,1,21
-0.7251,2.5923,1.7852,92.317,-699.024,460.244,1,21
-0.8047,2.5767,1.5552,92.683,-693.110,463.293,1,21
-0.9028,2.5073,1.2979,91.707,-681.280,466.890,1,21
-0.9902,2.4229,1.0542,98.537,-669.268,469.268,1,21
-1.0610,2.3511,0.8252,108.476,-656.037,470.183,1,21
-1.1069,2.3130,0.5825,120.305,-641.768,469.390,1,21
-1.1401,2.2700,0.3384,134.573,-625.305,467.500,1,21
0.2397,2.0103,-0.4424,526.037,-129.085,386.890,1,21
0.1416,2.0522,-0.3755,535.244,-107.134,375.732,1,21
0.0313,2.1162,-0.3013,543.476,-87.744,363.293,1,21
-0.0972,2.1973,-0.2041,552.134,-72.744,349.939,1,21
-0.2300,2.3237,-0.1055,558.963,-61.829,335.854,1,21
-0.3569,2.4663,0.0073,562.866,-54.878,322.744,1,21
-0.5098,2.5933,0.1260,562.012,-51.098,311.159,1,21
-0.6729,2.6943,0.2104,557.683,-48.598,303.049,1,21
-2.7676,1.8896,0.7124,450.061,150.976,228.171,1,21
-2.8325,1.7510,0.7690,432.134,166.585,212.195,1,21
-2.8354,1.6201,0.7988,409.695,177.805,196.037,1,21
-2.8062,1.4727,0.7939,382.622,186.402,180.732,1,21
-2.7500,1.3271,0.7432,352.927,191.646,167.744,1,21
-2.7031,1.1675,0.6816,321.280,193.293,155.610,1,21
-2.6270,1.0313,0.6104,289.451,192.988,145.793,1,21
-2.5000,0.8857,0.5479,257.195,191.768,137.378,1,21
-1.2285,0.4756,0.0586,-28.354,179.329,112.317,1,21
-1.2158,0.4751,-0.0356,-51.951,175.366,106.768,1,21
-1.2222,0.4893,-0.1182,-72.378,170.732,98.598,1,21
-1.2500,0.4956,-0.2139,-90.305,165.366,89.085,1,21
-1.3101,0.5181,-0.3145,-105.427,159.695,77.500,1,21
-1.3804,0.5400,-0.4170,-116.951,154.207,65.061,1,21
-1.4604,0.5562,-0.5063,-125.427,149.878,51.707,1,21
-1.5493,0.5645,-0.5879,-130.305,147.317,38.659,1,21
-1.4609,0.7671,-0.7861,-65.000,136.402,-74.878,1,21
-1.4014,0.7632,-0.7813,-56.098,135.793,-84.207,1,21
-1.3457,0.7490,-0.7769,-47.988,135.427,-93.171,1,21
-1.2871,0.7432,-0.7681,-40.488,134.451,-101.646,1,21
-1.2383,0.7319,-0.7622,-33.293,132.927,-110.305,1,21
-1.1953,0.7163,-0.7563,-26.707,131.280,-118.415,1,21
-1.1563,0.6982,-0.7510,-21.220,129.695,-126.341,1,21
-1.1133,0.6831,-0.7456,-15.427,128.293,-133.841,1,21
-1.0854,0.6602,-0.7314,-9.756,126.951,-141.098,1,21
-1.0444,0.6411,-0.7305,-4.512,125.732,-147.744,1,21
-1.0083,0.6230,-0.7305,0.183,124.878,-154.268,1,21
-0.9814,0.6104,-0.7222,5.183,124.024,-160.610,1,21
-0.9399,0.5840,-0.7188,9.024,123.171,-166.341,1,21
-0.9102,0.5693,-0.7129,12.500,122.866,-171.707,1,21
-0.8745,0.5547,-0.7153,14.939,122.317,-177.378,1,21
-0.8330,0.5420,-0.7183,16.768,121.707,-182.195,1,21
-0.0044,1.0513,-0.9854,-65.305,177.500,-328.841,1,21
0.0112,1.0669,-0.9766,-66.159,181.585,-330.610,1,21
0.0225,1.0898,-0.9727,-67.317,186.220,-332.500,1,21
0.0361,1.1001,-0.9722,-68.415,191.707,-334.085,1,21
0.0371,1.1162,-0.9658,-69.207,196.951,-335.122,1,21
0.0513,1.1313,-0.9653,-70.122,202.378,-336.098,1,21
0.0562,1.1309,-0.9497,-71.463,207.988,-337.073,1,21
0.0674,1.1519,-0.9443,-72.500,213.598,-337.805,1,21
0.1543,1.3164,-0.7827,-93.841,271.402,-343.720,1,21
0.1919,1.3506,-0.7642,-96.890,270.976,-343.720,1,21
0.2119,1.3901,-0.7407,-99.756,269.634,-342.866,1,21
0.2495,1.4355,-0.7251,-102.866,268.110,-341.646,1,21
0.2734,1.4678,-0.7183,-106.159,266.768,-339.512,1,21
0.2939,1.5039,-0.7080,-109.878,265.610,-336.646,1,21
0.3120,1.5415,-0.7061,-113.415,265.427,-333.293,1,21
0.3311,1.5781,-0.6919,-117.378,266.159,-329.939,1,21
0.4248,1.5005,-0.0112,-20.061,286.402,-205.976,1,21
0.4365,1.4653,0.0249,-16.524,288.232,-201.220,1,21
0.4443,1.4419,0.0508,-12.744,290.427,-196.220,1,21
0.4492,1.4219,0.1035,-8.963,293.049,-191.463,1,21
0.4692,1.3960,0.1387,-5.732,295.305,-186.951,1,21
0.4883,1.3770,0.1694,-2.073,297.073,-182.378,1,21
0.5054,1.3711,0.2056,0.366,298.354,-178.171,1,21
0.5293,1.3501,0.2261,3.171,299.512,-173.963,1,21
0.5493,1.3408,0.2539,5.488,299.695,-169.817,1,21
0.5874,1.3218,0.2739,7.683,299.024,-165.732,1,21
0.6084,1.3071,0.2949,9.573,298.110,-161.768,1,21
0.6401,1.3081,0.3110,11.768,296.707,-157.988,1,21
0.6636,1.2944,0.3286,13.476,294.329,-154.207,1,21
0.6885,1.2715,0.3481,16.220,289.939,-149.085,1,21
0.6978,1.2627,0.3564,16.524,288.841,-147.683,1,21
0.7144,1.2231,0.3711,18.780,283.171,-142.988,1,21
0.7085,0.5254,0.2871,-8.659,227.073,-125.305,1,21
0.7134,0.5044,0.2651,-11.890,225.488,-125.122,1,21
0.7271,0.4805,0.2437,-14.695,224.268,-124.268,1,21
0.7334,0.4712,0.2266,-17.073,223.171,-123.354,1,21
0.7515,0.4595,0.2051,-19.634,221.829,-122.256,1,21
0.7510,0.4561,0.1870,-22.378,220.427,-120.793,1,21
0.7563,0.4395,0.1885,-24.512,219.695,-119.390,1,21
0.7690,0.4277,0.1782,-26.890,218.232,-117.805,1,21
0.7754,0.4336,0.1572,-28.659,216.585,-116.159,1,21
0.7808,0.4258,0.1558,-29.390,214.817,-114.146,1,21
0.7905,0.4194,0.1421,-29.817,212.439,-112.012,1,21
0.8081,0.4175,0.1401,-29.268,210.305,-109.939,1,21
0.8115,0.4102,0.1157,-28.049,207.622,-108.171,1,21
0.8242,0.3999,0.0894,-26.585,204.939,-105.976,1,21
0.8311,0.4014,0.0762,-24.695,202.317,-103.963,1,21
0.8384,0.3970,0.0469,-22.317,199.146,-102.195,1,21
0.4912,-1.6294,0.1030,-9.451,-230.000,-53.598,2,21
0.4790,-1.6138,0.0923,-13.720,-228.902,-58.415,2,21
0.4736,-1.6006,0.0801,-18.598,-227.744,-62.927,2,21
0.4741,-1.5967,0.0747,-22.317,-226.707,-66.951,2,21
0.4663,-1.5791,0.0557,-26.768,-225.244,-71.341,2,21
0.4727,-1.5703,0.0439,-30.366,-223.659,-75.549,2,21
0.4575,-1.5620,0.0376,-33.171,-221.890,-79.878,2,21
0.4517,-1.5479,0.0283,-36.280,-220.366,-83.780,2,21
0.8501,0.3848,0.0186,-19.207,196.037,-100.427,1,21
0.8604,0.3818,-0.0176,-15.366,192.439,-98.415,1,21
0.8711,0.3682,-0.0654,-10.671,188.598,-96.524,1,21
0.8862,0.3618,-0.1064,-4.329,184.817,-95.427,1,21
0.8970,0.3594,-0.1592,1.768,180.488,-93.476,1,21
0.9136,0.3589,-0.1997,8.110,176.402,-91.951,1,21
0.9063,0.3579,-0.2402,14.146,172.195,-90.732,1,21
0.9209,0.3604,-0.2729,19.695,168.232,-89.268,1,21
0.4487,-1.5356,0.0210,-38.537,-218.537,-87.866,2,21
0.4468,-1.5142,0.0122,-40.854,-216.951,-92.012,2,21
0.4399,-1.5020,-0.0098,-42.805,-215.000,-95.732,2,21
0.4409,-1.4810,-0.0225,-44.878,-213.293,-100.000,2,21
0.4312,-1.4590,-0.0332,-46.707,-211.341,-103.659,2,21
0.4321,-1.4463,-0.0391,-48.049,-209.451,-107.439,2,21
0.4331,-1.4199,-0.0625,-49.512,-207.439,-110.976,2,21
0.4341,-1.4019,-0.0713,-50.061,-205.183,-114.512,2,21
0.9170,0.3608,-0.3115,24.024,164.085,-88.049,1,21
0.9214,0.3574,-0.3354,28.110,160.061,-87.073,1,21
0.9302,0.3442,-0.3843,31.829,155.854,-85.976,1,21
0.9380,0.3438,-0.4453,36.037,150.732,-84.573,1,21
0.9644,0.3364,-0.5273,41.951,145.366,-82.927,1,21
0.9946,0.3452,-0.6274,48.171,139.329,-81.341,1,21
1.0313,0.3662,-0.7236,54.268,133.780,-79.268,1,21
1.0605,0.3921,-0.8184,58.354,128.110,-77.805,1,21
1.0923,0.4263,-0.9204,60.671,122.927,-76.402,1,21
1.1079,0.4673,-0.9829,60.549,118.598,-75.488,1,21
1.1172,0.5073,-1.0308,57.378,115.000,-75.183,1,21
1.1138,0.5527,-1.0654,52.195,111.402,-75.671,1,21
1.1113,0.5718,-1.0952,45.976,109.024,-75.732,1,21
1.1089,0.6006,-1.1255,39.573,106.707,-76.098,1,21
1.1050,0.6357,-1.1548,33.598,104.939,-76.159,1,21
1.1216,0.6631,-1.1846,28.110,103.415,-75.915,1,21
0.4536,-1.1968,-0.1133,-44.207,-181.829,-138.232,2,21
0.4580,-1.1758,-0.1123,-42.561,-179.268,-140.427,2,21
0.4575,-1.1543,-0.1152,-40.244,-176.463,-141.646,2,21
0.4688,-1.1343,-0.1069,-38.110,-174.207,-143.110,2,21
0.4644,-1.1294,-0.0991,-35.732,-171.646,-144.268,2,21
0.4678,-1.1118,-0.0972,-33.293,-168.963,-145.061,2,21
0.4761,-1.0986,-0.0972,-31.341,-166.402,-145.732,2,21
0.4756,-1.0913,-0.0913,-28.659,-163.780,-146.463,2,21
1.1353,0.7236,-1.2065,18.293,102.866,-74.878,1,21
1.1553,0.7651,-1.2207,11.220,103.598,-73.476,1,21
1.1670,0.7759,-1.2197,7.195,103.780,-72.317,1,21
1.1777,0.8071,-1.2217,-1.402,105.122,-69.756,1,21
1.1973,0.8291,-1.2056,-13.598,107.134,-64.329,1,21
1.2070,0.8325,-1.1841,-20.122,108.780,-60.305,1,21
1.2197,0.8296,-1.1611,-25.915,110.366,-55.732,1,21
1.2354,0.8208,-1.1431,-30.671,111.707,-50.854,1,21
0.4897,-1.0864,-0.0854,-26.524,-160.915,-146.707,2,21
0.4883,-1.0801,-0.0840,-24.390,-158.354,-146.768,2,21
0.4790,-1.0718,-0.0747,-22.256,-155.488,-146.829,2,21
0.4868,-1.0718,-0.0693,-21.220,-152.866,-146.463,2,21
0.4868,-1.0718,-0.0674,-19.146,-150.244,-146.768,2,21
0.4902,-1.0742,-0.0654,-18.780,-147.500,-146.463,2,21
0.4893,-1.0752,-0.0693,-17.866,-144.817,-145.976,2,21
0.4927,-1.0845,-0.0781,-17.561,-142.073,-145.793,2,21
1.2349,0.8091,-1.1011,-34.085,112.866,-46.646,1,21
1.2495,0.7974,-1.0557,-37.073,113.841,-42.683,1,21
1.2471,0.7910,-1.0005,-39.329,114.817,-39.390,1,21
1.2422,0.7891,-0.9390,-41.341,115.610,-36.463,1,21
1.2441,0.7773,-0.8784,-42.439,116.098,-33.720,1,21
1.2476,0.7827,-0.8154,-41.585,116.037,-31.037,1,21
1.2427,0.7944,-0.7402,-40.366,116.402,-28.354,1,21
1.2437,0.8267,-0.6538,-38.110,116.768,-25.610,1,21
1.2959,1.5215,0.0723,27.500,109.024,24.085,1,21
1.3027,1.6025,0.1055,41.037,104.329,32.317,1,21
1.3032,1.6758,0.1436,55.793,97.866,40.793,1,21
1.2993,1.7236,0.1509,71.037,91.463,48.720,1,21
1.3022,1.7549,0.1582,86.280,84.451,56.890,1,21
1.2915,1.7524,0.1523,101.768,77.195,64.146,1,21
1.2808,1.7363,0.1519,116.402,70.122,71.037,1,21
1.2686,1.6875,0.1387,130.976,63.659,76.829,1,21
1.1445,0.9492,-0.0537,201.829,32.073,83.841,1,21
1.1401,0.8833,-0.0493,199.695,33.537,81.829,1,21
1.1318,0.8369,-0.0430,195.915,35.671,79.878,1,21
1.1934,1.3354,0.0493,180.000,42.073,90.244,1,21
1.1279,0.7646,-0.0386,185.366,42.195,77.683,1,21
1.1289,0.7339,-0.0371,179.268,45.427,77.805,1,21
1.1221,0.7007,-0.0234,173.110,48.963,78.659,1,21
1.1113,0.6748,-0.0200,166.220,51.951,79.756,1,21
0.9917,0.3418,0.0474,106.524,59.756,95.671,1,21
0.9844,0.3159,0.0483,103.659,59.268,96.037,1,21
0.9717,0.2808,0.0566,97.805,57.927,96.585,1,21
0.9502,0.2393,0.0708,91.463,57.317,96.890,1,21
0.9346,0.1973,0.0669,84.573,56.524,96.768,1,21
0.9199,0.1450,0.0776,78.780,56.037,96.159,1,21
0.9082,0.1030,0.0845,72.805,55.610,95.305,1,21
0.8955,0.0513,0.0850,67.073,56.220,94.146,1,21
0.2900,-0.9897,0.0913,-65.183,-29.329,-115.854,2,21
0.2944,-0.9507,0.0854,-62.622,-28.476,-115.976,2,21
0.2729,-0.8975,0.0688,-59.024,-27.256,-115.366,2,21
0.2676,-0.8486,0.0620,-54.573,-25.732,-115.305,2,21
0.2725,-0.7905,0.0483,-49.512,-24.329,-114.573,2,21
0.2603,-0.7324,0.0337,-44.268,-22.805,-113.659,2,21
0.2646,-0.6768,0.0200,-38.415,-20.976,-112.683,2,21
0.2695,-0.6206,0.0010,-31.646,-19.329,-111.220,2,21
0.8809,-0.0083,0.0889,59.878,56.646,91.220,1,21
0.8711,-0.0508,0.0898,55.793,57.134,88.780,1,21
0.8564,-0.0898,0.1016,51.402,57.683,85.976,1,21
0.8457,-0.1245,0.1069,46.159,57.927,82.439,1,21
0.8389,-0.1533,0.1157,40.793,58.049,78.293,1,21
0.8193,-0.1787,0.1221,35.427,57.866,73.963,1,21
0.8037,-0.2075,0.1387,29.634,58.110,69.329,1,21
0.7866,-0.2324,0.1538,23.841,57.622,64.207,1,21
0.2788,-0.1187,0.0356,17.927,29.268,-49.268,1,21
0.2539,-0.1382,0.0195,20.549,27.805,-52.439,1,21
0.2373,-0.1660,0.0205,23.598,26.524,-55.732,1,21
0.2163,-0.1816,0.0083,27.012,25.488,-58.963,1,21
0.1992,-0.1963,-0.0034,30.427,24.512,-62.317,1,21
0.1851,-0.2129,-0.0073,33.476,24.085,-65.671,1,21
0.1689,-0.2417,-0.0083,36.646,23.415,-69.024,1,21
0.1455,-0.2485,-0.0059,38.476,23.110,-72.317,1,21
0.5596,-0.4321,-0.6294,145.488,12.256,-24.085,2,21
0.5640,-0.4380,-0.6528,139.451,10.793,-23.415,2,21
0.5718,-0.4478,-0.6890,133.415,10.000,-22.317,2,21
0.5610,-0.4482,-0.7183,126.829,8.537,-21.585,2,21
0.5649,-0.4561,-0.7500,120.732,7.378,-20.854,2,21
0.5708,-0.4541,-0.7671,113.841,5.854,-20.244,2,21
0.5737,-0.4570,-0.7871,106.829,4.207,-19.695,2,21
0.5806,-0.4590,-0.8008,99.512,1.890,-19.024,2,21
3.1001,2.1455,0.4087,-43.110,37.683,66.463,1,21
3.3364,1.9844,0.4429,-57.317,30.610,90.976,1,21
3.5669,1.8101,0.4868,-71.829,21.707,113.780,1,21
3.7695,1.6182,0.5308,-86.585,10.732,133.902,1,21
3.9331,1.4272,0.5854,-100.244,-2.378,150.366,1,21
4.0112,1.2305,0.6426,-113.415,-17.927,162.561,1,21
4.0308,1.0391,0.6787,-124.878,-36.098,169.024,1,21
3.9834,0.8682,0.6772,-134.817,-55.915,169.756,1,21
0.0137,-1.4277,0.1855,46.951,-38.354,-34.268,2,21
-0.0298,-1.4468,0.1875,38.720,-38.659,-35.671,2,21
-0.0752,-1.4590,0.1787,30.183,-38.537,-37.866,2,21
-0.1279,-1.4663,0.1787,21.220,-38.110,-40.000,2,21
-0.1763,-1.4619,0.1792,12.134,-36.829,-42.256,2,21
-0.2026,-1.4541,0.1699,2.744,-35.000,-44.024,2,21
-0.2388,-1.4316,0.1641,-7.012,-32.439,-46.829,2,21
-0.2524,-1.4155,0.1333,-16.951,-28.780,-49.390,2,21
3.5942,1.3442,0.1450,-164.207,-151.463,191.341,1,21
3.5996,1.4404,0.1499,-153.293,-167.073,204.390,1,21
3.6045,1.5239,0.1362,-138.110,-186.341,217.866,1,21
3.6006,1.5938,0.1226,-119.695,-207.134,230.976,1,21
3.5884,1.6338,0.1011,-99.451,-228.171,243.293,1,21
3.5552,1.6626,0.0649,-79.085,-248.598,255.549,1,21
3.5225,1.6538,0.0210,-57.805,-268.902,267.561,1,21
3.4673,1.6411,-0.0225,-36.159,-287.256,279.329,1,21
-0.2656,-1.3896,0.1123,-26.646,-23.537,-51.707,2,21
-0.2739,-1.3584,0.1035,-36.463,-17.134,-53.902,2,21
-0.2871,-1.3311,0.0679,-45.915,-9.634,-56.585,2,21
-0.2930,-1.2964,0.0313,-54.878,-1.280,-58.476,2,21
-0.2813,-1.2778,0.0044,-64.207,7.805,-59.634,2,21
-0.2808,-1.2422,-0.0352,-73.110,17.439,-60.122,2,21
-0.2588,-1.2261,-0.0811,-81.646,27.500,-60.366,2,21
-0.2524,-1.2046,-0.1216,-89.878,37.622,-59.817,2,21
-0.2310,-1.1909,-0.1445,-98.110,47.866,-59.085,2,21
-0.1978,-1.1841,-0.1680,-105.976,58.171,-57.805,2,21
-0.1802,-1.1787,-0.1777,-113.232,68.537,-56.280,2,21
-0.1523,-1.1655,-0.1963,-120.610,78.049,-54.512,2,21
-0.1230,-1.1631,-0.2129,-128.476,87.439,-52.561,2,21
-0.0933,-1.1626,-0.2378,-136.646,96.280,-51.037,2,21
-0.0640,-1.1519,-0.2544,-146.220,104.817,-48.720,2,21
-0.0386,-1.1699,-0.2754,-156.341,112.805,-45.671,2,21
2.7397,1.3267,-0.0073,86.280,-407.378,376.524,1,21
2.6587,1.3096,0.0337,94.817,-417.561,387.561,1,21
2.5742,1.2881,0.0752,101.524,-427.317,397.805,1,21
2.4834,1.2598,0.1133,107.439,-436.463,406.890,1,21
2.4058,1.2153,0.1416,113.171,-445.305,414.451,1,21
2.3169,1.1782,0.1597,118.659,-453.598,421.037,1,21
2.2319,1.1465,0.1733,123.902,-461.098,426.646,1,21
2.1558,1.1211,0.1895,128.415,-467.866,430.793,1,21
-0.0020,-1.1948,-0.3027,-172.622,125.183,-39.817,2,21
0.0088,-1.2109,-0.2998,-177.988,129.146,-37.622,2,21
0.0342,-1.2417,-0.3159,-187.927,137.378,-32.500,2,21
0.0415,-1.2822,-0.3140,-197.683,145.793,-27.195,2,21
0.0532,-1.3154,-0.2998,-206.220,153.841,-21.524,2,21
0.0767,-1.3379,-0.3057,-215.366,162.073,-15.915,2,21
0.0825,-1.3481,-0.2964,-224.939,169.878,-10.244,2,21
0.1030,-1.3560,-0.3032,-234.817,177.256,-4.878,2,21
1.4712,1.3628,0.5815,129.085,-493.537,451.646,1,21
1.4277,1.4023,0.6650,126.768,-495.244,454.878,1,21
1.3896,1.4219,0.7524,124.085,-497.500,458.232,1,21
1.3638,1.4204,0.8315,122.378,-500.244,462.561,1,21
1.3457,1.4282,0.8911,122.500,-504.329,467.256,1,21
1.3315,1.4136,0.9360,123.659,-508.720,471.829,1,21
1.3135,1.4092,0.9751,125.244,-513.537,476.524,1,21
1.3022,1.3979,1.0015,125.427,-517.683,481.098,1,21
1.2554,1.4526,1.2119,81.524,-531.890,482.683,1,21
1.2983,1.5083,1.1890,76.402,-529.329,482.378,1,21
1.3418,1.5801,1.1499,72.927,-525.854,482.317,1,21
1.3789,1.6641,1.0981,70.061,-522.256,482.317,1,21
1.3999,1.7554,1.0562,67.683,-518.293,481.524,1,21
1.3911,1.8579,1.0181,65.122,-513.963,480.671,1,21
1.3735,1.9561,0.9976,62.805,-508.963,478.963,1,21
1.3525,2.0562,0.9771,61.098,-503.598,477.439,1,21
0.7539,-0.6504,0.1567,-287.561,240.610,145.854,2,21
0.8262,-0.6333,0.2393,-274.634,239.207,148.049,2,21
0.9072,-0.6167,0.2939,-261.524,237.378,150.122,2,21
0.9893,-0.6128,0.3457,-248.049,236.098,151.585,2,21
1.0635,-0.6084,0.3921,-235.427,234.634,153.293,2,21
1.1587,-0.6138,0.4243,-222.561,233.232,154.817,2,21
1.2393,-0.6255,0.4370,-210.671,231.280,155.976,2,21
1.3232,-0.6436,0.4414,-198.841,229.451,157.622,2,21
1.3135,2.1631,1.0215,59.268,-496.951,474.878,1,21
1.2710,2.2476,1.0986,56.341,-490.305,472.378,1,21
1.2271,2.3042,1.1758,53.598,-484.024,469.817,1,21
1.1709,2.3540,1.2432,50.854,-479.268,467.927,1,21
1.1348,2.3853,1.3389,47.988,-475.061,465.915,1,21
1.0854,2.3931,1.4375,44.817,-471.402,464.512,1,21
1.0386,2.3892,1.5317,41.098,-468.659,463.902,1,21
0.9800,2.3862,1.6045,37.378,-467.744,463.415,1,21
-1.0879,2.0376,-1.0112,-113.598,-292.561,513.354,1,21
-1.0161,2.0278,-1.0630,-103.110,-282.378,503.171,1,21
-0.9194,2.0190,-1.1074,-89.207,-275.000,491.768,1,21
-0.8076,2.0093,-1.1626,-71.707,-267.683,479.695,1,21
-0.6904,2.0200,-1.2007,-50.854,-259.024,467.805,1,21
-0.5898,2.0337,-1.2173,-30.000,-247.561,457.500,1,21
-0.4766,2.0386,-1.2261,-9.878,-232.927,448.415,1,21
-0.3804,2.0381,-1.2217,9.268,-216.585,441.524,1,21
-0.4321,1.5933,-0.9634,139.756,-42.073,398.780,1,21
-0.5117,1.5767,-0.9375,145.793,-23.780,390.549,1,21
-0.6050,1.5542,-0.9092,149.268,-6.280,382.439,1,21
-0.7065,1.5444,-0.8960,150.549,11.159,374.085,1,21
-0.8140,1.5313,-0.8931,150.061,28.049,365.854,1,21
-0.9258,1.5361,-0.8916,148.049,45.061,357.683,1,21
-1.0400,1.5469,-0.9077,145.122,61.159,349.756,1,21
-1.1631,1.5635,-0.9224,140.915,76.037,341.524,1,21
-1.9297,1.5361,-0.7236,81.037,170.793,254.329,1,21
-1.9614,1.4927,-0.7080,72.378,174.695,245.183,1,21
-1.9731,1.4487,-0.6670,63.110,177.195,236.463,1,21
-1.9854,1.3994,-0.6343,53.110,179.207,228.354,1,21
-1.9917,1.3540,-0.6094,42.805,180.122,220.488,1,21
-1.9751,1.3135,-0.5830,32.744,179.756,213.354,1,21
-1.9497,1.2817,-0.5586,22.195,179.207,206.707,1,21
-1.9189,1.2358,-0.5073,11.585,178.476,200.976,1,21
-1.7075,0.9697,-0.3584,-60.671,175.976,151.402,1,21
-1.7061,0.9536,-0.3481,-64.695,175.305,143.902,1,21
-1.7119,0.9292,-0.3462,-67.561,174.268,135.671,1,21
-1.7207,0.9072,-0.3281,-69.695,173.171,127.378,1,21
-1.7119,0.8789,-0.3003,-72.012,172.012,118.720,1,21
-1.7129,0.8506,-0.2900,-72.805,170.793,110.671,1,21
-1.6992,0.8257,-0.2715,-72.317,169.207,102.012,1,21
-1.6753,0.8091,-0.2495,-71.951,166.951,93.293,1,21
1.2212,0.5039,0.4048,-42.134,-21.037,24.512,2,21
1.2256,0.5112,0.4102,-31.524,-20.854,23.902,2,21
1.2158,0.5254,0.3999,-21.707,-20.488,23.354,2,21
1.2119,0.5352,0.3892,-11.707,-19.756,22.561,2,21
1.2119,0.5381,0.3872,-2.500,-19.146,21.890,2,21
1.2061,0.5444,0.3750,6.768,-18.598,20.732,2,21
1.1929,0.5483,0.3765,15.305,-18.110,19.878,2,21
1.1885,0.5420,0.3618,23.659,-17.622,19.024,2,21
-1.6445,0.7876,-0.2197,-70.549,164.634,84.878,1,21
-1.5977,0.7764,-0.2017,-68.049,161.524,76.585,1,21
-1.5581,0.7656,-0.1895,-65.366,158.415,67.683,1,21
-1.5063,0.7539,-0.1763,-61.646,154.878,59.695,1,21
-1.4414,0.7461,-0.1694,-58.232,151.341,50.793,1,21
-1.3838,0.7329,-0.1602,-54.024,147.561,42.134,1,21
-1.3179,0.7314,-0.1680,-49.146,143.659,33.232,1,21
-1.2485,0.7212,-0.1743,-43.963,139.634,23.902,1,21
-0.6982,0.7402,-0.3071,11.890,109.878,-72.073,1,21
-0.6582,0.7500,-0.3169,17.134,108.354,-82.012,1,21
-0.6240,0.7588,-0.3174,22.317,107.561,-91.768,1,21
-0.5815,0.7666,-0.3433,27.317,106.585,-101.341,1,21
-0.5547,0.7681,-0.3535,32.134,105.793,-110.244,1,21
-0.5249,0.7837,-0.3638,36.768,104.878,-119.695,1,21
-0.4976,0.7891,-0.3789,41.159,104.146,-128.232,1,21
-0.4702,0.7925,-0.3901,45.549,103.171,-136.829,1,21
-0.0654,1.0068,-0.8276,133.110,98.110,-273.598,1,21
-0.0415,1.0107,-0.8286,135.122,101.220,-276.037,1,21
-0.0166,1.0225,-0.8169,136.646,104.024,-277.744,1,21
0.0107,1.0195,-0.8101,137.561,107.500,-279.939,1,21
0.0347,1.0332,-0.7954,138.537,111.524,-282.012,1,21
0.0659,1.0391,-0.7778,138.293,115.305,-283.841,1,21
0.0918,1.0410,-0.7627,137.866,119.756,-285.549,1,21
0.1235,1.0454,-0.7412,136.585,123.415,-286.829,1,21
0.4712,1.1802,-0.8716,93.171,184.024,-312.256,1,21
0.4673,1.1987,-0.8711,92.317,184.939,-313.659,1,21
0.4585,1.2261,-0.8765,89.329,187.744,-315.732,1,21
0.4370,1.2515,-0.9063,84.939,192.744,-317.073,1,21
0.3789,1.2646,-0.9170,79.512,204.756,-318.110,1,21
0.3462,1.3623,-0.9419,75.061,215.366,-315.793,1,21
0.2886,1.2856,-0.9219,73.476,226.463,-312.317,1,21
0.2485,1.2549,-0.8872,79.512,231.707,-313.415,1,21
0.4946,1.3716,-0.8232,98.232,227.805,-319.756,1,21
0.4976,1.3540,-0.8169,97.805,228.171,-317.073,1,21
0.5034,1.3262,-0.8003,97.805,228.720,-314.329,1,21
0.5195,1.2983,-0.7993,97.622,229.024,-311.341,1,21
0.5313,1.2651,-0.7871,97.500,228.963,-309.207,1,21
0.5469,1.2378,-0.7886,96.524,229.207,-307.134,1,21
0.5576,1.2061,-0.7715,95.671,229.634,-305.122,1,21
0.5732,1.1782,-0.7612,93.354,229.878,-303.354,1,21
0.6602,1.0859,-0.4644,29.207,237.683,-248.841,1,21
0.6655,1.0732,-0.4331,31.402,237.744,-245.488,1,21
0.6768,1.0474,-0.4321,34.207,237.439,-242.439,1,21
0.6870,1.0361,-0.4146,36.707,237.073,-239.756,1,21
0.6982,1.0146,-0.4009,39.329,236.829,-236.951,1,21
0.6953,0.9941,-0.3975,42.073,235.610,-234.390,1,21
0.7041,0.9849,-0.3999,44.939,234.939,-231.707,1,21
0.6987,0.9683,-0.3882,47.500,233.720,-229.573,1,21
0.6143,0.7837,-0.1035,94.451,201.707,-167.988,1,21
0.6172,0.7573,-0.0850,99.207,201.829,-165.793,1,21
0.6265,0.7358,-0.0742,104.451,201.463,-163.293,1,21
0.6392,0.7183,-0.0757,109.695,201.280,-161.402,1,21
0.6499,0.6973,-0.0591,115.122,200.366,-158.841,1,21
0.6655,0.6831,-0.0664,120.732,199.573,-156.646,1,21
0.6724,0.6621,-0.0415,125.854,198.659,-154.390,1,21
0.6968,0.6426,-0.0322,130.610,197.134,-152.012,1,21
0.7090,-0.7998,-0.0356,88.841,-69.268,-155.732,2,21
0.7285,-0.7983,-0.0391,91.768,-65.915,-154.512,2,21
0.7495,-0.8096,-0.0640,94.695,-62.256,-153.110,2,21
0.7749,-0.8071,-0.0615,97.622,-58.841,-151.402,2,21
0.8037,-0.8169,-0.0708,100.000,-55.305,-149.451,2,21
0.8115,-0.8252,-0.0767,102.622,-52.012,-147.134,2,21
0.8271,-0.8320,-0.0752,105.488,-48.598,-144.512,2,21
0.8452,-0.8350,-0.0801,107.805,-45.549,-141.707,2,21
1.2544,0.4253,-0.5620,-159.939,83.902,-235.183,1,21
1.2515,0.4990,-0.5425,-177.012,88.110,-236.220,1,21
1.2593,0.5581,-0.4966,-190.427,92.439,-236.280,1,21
1.2588,0.6011,-0.4355,-201.768,96.951,-234.451,1,21
1.2520,0.6309,-0.3472,-209.878,101.402,-230.793,1,21
1.2603,0.6567,-0.2866,-211.829,104.817,-225.244,1,21
1.2744,0.6724,-0.2217,-209.146,106.829,-218.963,1,21
1.2915,0.7183,-0.1509,-201.341,107.744,-211.890,1,21
0.7993,-0.9033,-0.2256,108.232,1.646,-86.524,2,21
0.8081,-0.9180,-0.2471,107.317,4.634,-83.537,2,21
0.8096,-0.9146,-0.2485,106.768,8.171,-80.793,2,21
0.8174,-0.9248,-0.2773,105.427,11.768,-78.354,2,21
0.8350,-0.9268,-0.2881,104.390,14.878,-75.915,2,21
0.8452,-0.9365,-0.3086,103.598,18.171,-73.902,2,21
0.8462,-0.9365,-0.3369,102.317,21.280,-71.951,2,21
0.8633,-0.9458,-0.3647,101.341,24.146,-69.939,2,21
1.3022,0.7720,-0.0703,-190.122,107.256,-204.451,1,21
1.3062,0.8301,0.0186,-178.049,105.671,-196.768,1,21
1.3037,0.8984,0.1084,-163.110,102.866,-189.268,1,21
1.3081,0.9663,0.1797,-146.341,99.573,-181.402,1,21
1.2988,1.0498,0.2290,-126.402,95.427,-173.354,1,21
1.2949,1.1523,0.2490,-104.207,91.707,-165.305,1,21
1.2974,1.2651,0.2407,-80.427,87.927,-156.707,1,21
1.2842,1.3936,0.2207,-56.402,83.537,-148.232,1,21
0.8481,-1.0161,-0.5234,93.171,44.695,-56.951,2,21
0.8540,-1.0195,-0.5317,92.988,46.220,-56.890,2,21
0.8501,-1.0205,-0.5391,93.171,47.256,-56.646,2,21
0.8433,-1.0229,-0.5469,92.866,48.293,-56.524,2,21
0.8442,-1.0249,-0.5430,92.927,48.659,-56.524,2,21
0.8374,-1.0332,-0.5601,92.683,49.268,-57.073,2,21
0.8345,-1.0264,-0.5674,92.683,49.634,-57.744,2,21
0.8384,-1.0273,-0.5840,93.171,49.390,-58.415,2,21
0.9424,1.5103,-0.1045,133.659,33.841,-58.720,1,21
0.9458,1.4702,-0.1597,142.439,32.988,-50.793,1,21
0.9771,1.4277,-0.2026,147.134,34.512,-42.866,1,21
1.0059,1.3794,-0.2290,148.110,37.317,-34.512,1,21
1.0464,1.3271,-0.2627,146.402,41.524,-26.098,1,21
1.0801,1.2720,-0.2871,142.744,46.037,-17.500,1,21
1.1177,1.2178,-0.3130,137.805,49.573,-9.451,1,21
1.1538,1.1587,-0.3237,131.951,52.561,-2.073,1,21
0.8350,-1.0317,-0.5986,93.232,48.963,-59.634,2,21
0.8438,-1.0337,-0.6118,94.085,47.927,-60.915,2,21
0.8423,-1.0239,-0.6143,94.573,46.768,-62.744,2,21
0.8491,-1.0220,-0.6226,95.366,45.183,-64.878,2,21
0.8438,-1.0151,-0.6475,95.427,43.476,-67.134,2,21
0.8506,-1.0034,-0.6602,95.366,41.037,-69.939,2,21
0.8511,-0.9912,-0.6660,95.427,38.720,-73.232,2,21
0.8613,-0.9766,-0.6694,95.244,36.159,-76.037,2,21
1.2012,1.0698,-0.3350,123.841,54.939,7.439,1,21
1.2354,1.0015,-0.3208,118.293,55.122,13.537,1,21
1.2490,0.9590,-0.3252,115.610,54.939,16.463,1,21
1.2764,0.8896,-0.3159,110.732,53.720,22.378,1,21
1.3325,0.7622,-0.2964,102.622,50.061,31.524,1,21
1.3560,0.6729,-0.2876,96.951,47.378,37.805,1,21
1.3735,0.5732,-0.2715,91.098,44.024,44.512,1,21
1.3867,0.4639,-0.2666,83.963,39.878,51.646,1,21
0.8638,-0.9668,-0.6880,95.671,33.476,-79.329,2,21
0.8701,-0.9390,-0.6948,95.549,30.061,-82.378,2,21
0.8799,-0.9248,-0.7080,94.573,27.256,-85.732,2,21
0.8833,-0.9102,-0.7212,94.878,24.207,-88.780,2,21
0.8931,-0.8936,-0.7349,94.085,21.037,-92.134,2,21
0.9009,-0.8809,-0.7432,94.451,18.232,-95.061,2,21
0.8965,-0.8569,-0.7593,94.512,15.061,-98.293,2,21
0.8994,-0.8428,-0.7588,94.207,12.134,-101.341,2,21
1.3867,0.3574,-0.2593,77.195,35.671,58.049,1,21
1.3843,0.2559,-0.2451,70.549,31.280,63.354,1,21
1.3716,0.1440,-0.2266,63.780,27.256,68.293,1,21
1.3496,0.0420,-0.2085,56.159,22.805,71.463,1,21
1.3232,-0.0522,-0.1802,48.293,19.390,72.988,1,21
1.2813,-0.1377,-0.1733,40.854,15.793,73.293,1,21
1.2510,-0.2178,-0.1743,33.293,12.073,72.073,1,21
1.2183,-0.2744,-0.1768,25.549,9.207,69.695,1,21
0.8960,-0.8281,-0.7632,93.841,8.841,-104.268,2,21
0.8882,-0.8188,-0.7739,93.902,5.549,-107.195,2,21
0.8818,-0.8027,-0.7715,93.659,1.951,-109.939,2,21
0.8657,-0.7852,-0.7700,93.476,-1.463,-112.866,2,21
0.8550,-0.7671,-0.7681,93.049,-5.122,-115.488,2,21
0.8374,-0.7573,-0.7803,91.890,-8.659,-118.354,2,21
0.8325,-0.7446,-0.7773,91.463,-12.500,-120.671,2,21
0.8145,-0.7295,-0.7729,90.793,-16.037,-123.476,2,21
1.1943,-0.3320,-0.1865,18.049,6.829,66.768,1,21
1.1475,-0.3828,-0.1997,10.244,5.183,63.049,1,21
1.1138,-0.4077,-0.2075,2.744,4.085,59.207,1,21
1.0806,-0.4346,-0.2280,-5.061,3.720,55.244,1,21
1.0356,-0.4360,-0.2310,-13.110,3.476,50.915,1,21
1.0015,-0.4409,-0.2310,-20.915,4.085,46.890,1,21
0.9697,-0.4321,-0.2373,-28.720,4.817,43.049,1,21
0.9443,-0.4204,-0.2500,-35.488,5.305,39.390,1,21
0.8027,-0.7139,-0.7690,89.634,-19.573,-125.732,2,21
0.7900,-0.7041,-0.7729,88.780,-23.110,-128.171,2,21
0.7817,-0.6870,-0.7852,87.317,-26.585,-130.183,2,21
0.7695,-0.6646,-0.7847,85.610,-29.817,-132.561,2,21
0.7559,-0.6611,-0.7847,83.659,-32.683,-134.390,2,21
0.7451,-0.6611,-0.7915,80.854,-36.098,-136.159,2,21
0.7412,-0.6372,-0.8047,78.415,-38.720,-137.805,2,21
0.7256,-0.6299,-0.8145,75.488,-41.220,-139.085,2,21
0.9292,-0.4214,-0.2715,-40.427,5.732,36.524,1,21
0.9087,-0.4102,-0.2788,-43.963,5.854,34.146,1,21
0.9048,-0.3994,-0.2598,-45.915,6.098,32.622,1,21
0.8936,-0.3950,-0.2705,-46.098,5.122,31.646,1,21
0.8862,-0.3965,-0.2578,-45.122,4.512,30.976,1,21
0.8818,-0.3970,-0.2695,-42.256,2.500,30.732,1,21
0.8760,-0.3936,-0.2686,-38.963,0.793,30.366,1,21
0.8643,-0.4053,-0.2783,-35.732,-1.951,29.390,1,21
0.7246,-0.6177,-0.8193,72.683,-43.354,-140.366,2,21
0.7114,-0.6113,-0.8188,69.634,-45.793,-141.768,2,21
0.7090,-0.6030,-0.8267,65.976,-47.683,-142.988,2,21
0.6914,-0.5903,-0.8311,62.134,-50.000,-143.598,2,21
0.6890,-0.5835,-0.8384,58.232,-51.341,-144.573,2,21
0.6802,-0.5674,-0.8306,54.634,-52.927,-145.244,2,21
0.6748,-0.5591,-0.8359,50.366,-54.329,-145.915,2,21
0.6670,-0.5420,-0.8291,46.341,-55.732,-146.220,2,21
0.8496,-0.4053,-0.2710,-31.463,-4.390,27.744,1,21
0.8389,-0.4131,-0.2803,-27.866,-6.707,25.488,1,21
0.8267,-0.4233,-0.2773,-23.902,-9.146,22.195,1,21
0.8145,-0.4307,-0.2891,-20.000,-10.793,18.963,1,21
0.8066,-0.4429,-0.2954,-15.732,-11.829,15.305,1,21
0.7925,-0.4482,-0.3081,-11.220,-12.988,11.707,1,21
0.7852,-0.4692,-0.3232,-7.744,-13.476,7.927,1,21
0.7729,-0.4849,-0.3408,-3.963,-13.963,4.573,1,21
0.6602,-0.5327,-0.8340,42.012,-56.524,-146.463,2,21
0.6499,-0.5171,-0.8296,38.232,-57.683,-146.646,2,21
0.6392,-0.5044,-0.8179,33.415,-58.232,-146.951,2,21
0.6348,-0.4839,-0.8140,29.146,-58.780,-146.829,2,21
0.6274,-0.4717,-0.8145,24.390,-59.573,-146.890,2,21
0.6279,-0.4507,-0.8105,19.390,-59.756,-146.585,2,21
0.6138,-0.4307,-0.7974,14.268,-60.427,-146.463,2,21
0.6133,-0.4121,-0.8022,9.756,-60.427,-146.098,2,21
0.7671,-0.5044,-0.3369,-1.951,-13.963,1.159,1,21
0.7627,-0.5190,-0.3286,0.000,-14.207,-2.195,1,21
0.7485,-0.5479,-0.3271,-0.122,-14.329,-5.122,1,21
0.7446,-0.5771,-0.3232,-0.915,-14.756,-8.293,1,21
0.7373,-0.6118,-0.3223,-2.866,-15.671,-11.524,1,21
0.7383,-0.6509,-0.3242,-5.488,-16.220,-15.427,1,21
0.7368,-0.6782,-0.3247,-8.780,-16.341,-19.207,1,21
0.7446,-0.7095,-0.3276,-12.378,-15.854,-23.598,1,21
0.6113,-0.3970,-0.8047,4.634,-60.427,-145.976,2,21
0.6147,-0.3643,-0.7915,-0.244,-60.671,-145.427,2,21
0.6069,-0.3408,-0.7939,-4.939,-60.732,-144.512,2,21
0.6118,-0.3286,-0.7905,-9.207,-60.244,-143.780,2,21
0.6177,-0.3149,-0.7886,-12.927,-59.634,-142.561,2,21
0.6138,-0.2896,-0.7764,-16.220,-58.476,-141.220,2,21
0.6177,-0.2725,-0.7803,-19.512,-57.683,-139.573,2,21
0.6245,-0.2529,-0.7725,-22.622,-56.524,-137.683,2,21
0.7437,-0.7305,-0.3267,-16.585,-14.817,-28.659,1,21
0.7480,-0.7383,-0.3179,-21.829,-13.476,-33.780,1,21
0.7524,-0.7441,-0.3262,-27.805,-11.159,-39.695,1,21
0.7539,-0.7324,-0.3218,-33.720,-8.780,-45.671,1,21
0.7544,-0.7056,-0.3149,-40.732,-5.610,-52.256,1,21
0.7534,-0.6704,-0.2993,-48.171,-2.805,-59.329,1,21
0.7534,-0.6323,-0.2925,-56.159,0.549,-66.037,1,21
0.7461,-0.5952,-0.2764,-63.659,3.659,-72.439,1,21
0.6284,-0.2319,-0.7715,-26.098,-55.732,-135.732,2,21
0.6299,-0.2119,-0.7759,-28.415,-54.878,-133.232,2,21
0.6353,-0.1890,-0.7700,-31.524,-53.720,-130.305,2,21
0.6294,-0.1680,-0.7646,-33.171,-52.378,-127.744,2,21
0.6377,-0.1523,-0.7686,-34.695,-51.037,-124.634,2,21
0.6294,-0.1299,-0.7573,-36.707,-49.817,-121.098,2,21
0.6382,-0.1113,-0.7529,-37.622,-48.598,-117.012,2,21
0.6509,-0.0981,-0.7583,-38.293,-47.500,-112.683,2,21
0.7495,-0.5366,-0.2544,-73.537,8.171,-81.280,1,21
0.7485,-0.5107,-0.2578,-76.463,9.756,-83.720,1,21
0.7505,-0.4731,-0.2612,-80.732,12.744,-88.415,1,21
0.7554,-0.4307,-0.2515,-84.573,15.549,-92.134,1,21
0.7593,-0.3887,-0.2554,-87.317,18.537,-95.610,1,21
0.7612,-0.3452,-0.2642,-88.720,21.220,-98.293,1,21
0.7759,-0.2979,-0.2822,-87.744,23.415,-100.305,1,21
0.7676,-0.2471,-0.2842,-84.878,25.366,-102.134,1,21
0.6479,-0.0747,-0.7495,-38.841,-46.159,-108.415,2,21
0.6494,-0.0586,-0.7471,-39.512,-45.122,-103.720,2,21
0.6484,-0.0391,-0.7451,-38.841,-43.902,-98.598,2,21
0.6465,-0.0386,-0.7383,-38.537,-42.500,-93.598,2,21
0.6465,-0.0200,-0.7397,-37.256,-41.463,-88.171,2,21
0.6396,-0.0112,-0.7271,-35.549,-40.244,-82.622,2,21
0.6343,-0.0005,-0.7192,-33.598,-39.451,-77.195,2,21
0.6338,0.0029,-0.7168,-31.280,-38.537,-71.646,2,21
0.7681,-0.1626,-0.2666,-79.756,27.744,-104.634,1,21
0.7578,-0.1025,-0.2632,-74.756,29.329,-106.646,1,21
0.7485,-0.0381,-0.2485,-68.963,30.183,-108.232,1,21
0.7358,0.0342,-0.2241,-61.890,31.280,-109.634,1,21
0.7222,0.0898,-0.2114,-54.695,31.890,-110.854,1,21
0.7002,0.1445,-0.1924,-46.037,32.195,-111.890,1,21
0.6978,0.1992,-0.1719,-36.463,32.439,-112.683,1,21
0.6855,0.2559,-0.1587,-25.061,31.524,-112.927,1,21
0.7261,0.6875,-0.0356,87.256,38.963,-58.232,1,21
0.7559,0.6724,-0.0371,86.585,42.012,-52.805,1,21
0.7886,0.6616,-0.0337,84.756,45.000,-47.561,1,21
0.8145,0.6382,-0.0234,82.622,46.890,-42.317,1,21
0.8564,0.6143,-0.0161,79.512,48.354,-37.256,1,21
0.8911,0.5923,-0.0088,75.976,48.902,-32.622,1,21
0.9248,0.5576,-0.0034,71.890,48.110,-28.049,1,21
0.9653,0.5103,-0.0068,67.805,46.585,-24.268,1,21
0.3818,-0.8169,-0.7671,-43.720,-21.341,42.927,2,21
0.3696,-0.8721,-0.7563,-50.915,-20.366,44.207,2,21
0.3511,-0.9175,-0.7471,-57.805,-19.573,45.366,2,21
0.3403,-0.9570,-0.7295,-65.671,-18.659,46.037,2,21
0.3306,-1.0010,-0.7153,-73.293,-17.683,46.098,2,21
0.3071,-1.0405,-0.6992,-81.098,-16.707,46.341,2,21
0.2900,-1.0762,-0.6606,-89.329,-15.732,46.098,2,21
0.2744,-1.0986,-0.6304,-98.049,-14.756,45.854,2,21
1.2173,0.1992,-0.2671,16.159,8.415,-8.476,1,21
1.2271,0.1982,-0.3022,8.354,5.305,-8.841,1,21
1.2456,0.1992,-0.3350,-0.061,2.805,-9.634,1,21
1.2559,0.1973,-0.3647,-9.329,0.854,-10.915,1,21
1.2676,0.2109,-0.4077,-17.561,-0.122,-11.585,1,21
1.2915,0.2207,-0.4429,-25.488,-1.159,-12.195,1,21
1.3076,0.2383,-0.4609,-32.805,-2.073,-12.439,1,21
1.3428,0.2598,-0.4761,-40.244,-3.171,-11.829,1,21
2.1162,0.2334,-0.4844,-115.732,-38.171,34.512,1,21
2.1855,0.2095,-0.4766,-119.695,-41.280,39.329,1,21
2.3252,0.1772,-0.4399,-128.902,-48.293,48.659,1,21
2.4746,0.1333,-0.4004,-138.049,-56.524,57.622,1,21
2.7095,0.0620,-0.3374,-150.549,-72.317,69.451,1,21
2.8750,0.0127,-0.3120,-157.378,-84.573,75.549,1,21
3.0342,-0.0264,-0.2788,-162.561,-98.354,80.183,1,21
3.1772,-0.0459,-0.2397,-167.622,-112.927,82.439,1,21
0.3809,-0.9644,-0.3145,-206.829,4.817,24.878,2,21
0.4146,-0.9448,-0.3125,-208.659,7.439,26.098,2,21
0.4541,-0.9248,-0.2905,-209.634,10.122,27.683,2,21
0.4995,-0.9067,-0.2783,-210.244,12.317,29.817,2,21
0.5459,-0.8862,-0.2598,-209.329,14.207,32.317,2,21
0.5767,-0.8672,-0.2402,-208.171,16.341,35.427,2,21
0.6230,-0.8379,-0.2212,-206.524,18.049,38.598,2,21
0.6606,-0.8262,-0.2061,-204.329,19.939,42.073,2,21
3.3037,-0.0605,-0.2129,-172.805,-128.049,83.598,1,21
3.4214,-0.0591,-0.1934,-176.951,-143.110,82.317,1,21
3.5010,-0.0391,-0.1753,-181.646,-158.171,80.305,1,21
3.5718,-0.0112,-0.1743,-185.854,-172.805,77.439,1,21
3.6196,0.0371,-0.1694,-188.598,-186.341,74.024,1,21
3.6592,0.1221,-0.1440,-192.073,-198.659,71.646,1,21
3.7007,0.2041,-0.1211,-194.634,-210.427,70.000,1,21
3.7397,0.3159,-0.1084,-196.220,-221.220,69.512,1,21
1.0405,-0.8237,-0.0449,-121.524,64.695,122.805,2,21
1.0361,-0.8516,-0.0376,-117.683,67.805,127.561,2,21
1.0234,-0.8643,-0.0317,-113.537,70.549,132.012,2,21
1.0195,-0.8789,-0.0132,-109.512,73.476,136.220,2,21
1.0122,-0.8911,0.0000,-106.280,76.890,140.122,2,21
1.0078,-0.9004,0.0220,-102.988,80.183,143.902,2,21
1.0117,-0.9067,0.0288,-100.732,83.293,147.378,2,21
1.0190,-0.9111,0.0396,-98.720,86.646,150.305,2,21
3.2329,1.5869,0.9370,-51.341,-437.012,162.988,1,21
3.1567,1.6201,0.9834,-46.707,-448.963,174.207,1,21
3.0542,1.6636,1.0464,-43.049,-460.366,184.329,1,21
2.9658,1.7085,1.0913,-40.793,-471.098,194.817,1,21
2.8730,1.7529,1.1353,-38.354,-481.098,205.244,1,21
2.7612,1.7798,1.1816,-35.671,-490.671,215.854,1,21
2.6650,1.8149,1.2227,-33.293,-499.268,226.341,1,21
2.5713,1.8433,1.2744,-29.634,-507.683,237.134,1,21
1.8706,2.1675,1.6958,12.805,-564.207,327.561,1,21
1.8062,2.2603,1.7173,20.183,-569.207,333.598,1,21
1.7407,2.3618,1.7432,28.415,-573.293,338.841,1,21
1.6729,2.4736,1.7695,36.280,-577.012,343.780,1,21
1.5874,2.5776,1.7974,43.780,-580.122,348.537,1,21
1.5029,2.6831,1.8149,51.768,-582.378,353.780,1,21
1.4028,2.7832,1.8320,60.000,-584.573,359.146,1,21
1.3086,2.8779,1.8564,68.720,-586.037,365.549,1,21
0.3521,3.1973,2.1621,97.744,-590.000,444.390,1,21
0.2505,3.1880,2.1499,92.866,-590.244,451.951,1,21
0.1543,3.1836,2.1279,87.317,-590.244,458.171,1,21
0.0625,3.1753,2.1030,80.915,-589.756,464.085,1,21
-0.0068,3.1665,2.0898,73.110,-588.476,468.841,1,21
-0.0732,3.1631,2.0713,65.549,-586.098,473.415,1,21
-0.1426,3.1431,2.0376,57.927,-582.622,477.683,1,21
-0.1904,3.1353,1.9966,51.037,-578.476,481.646,1,21
1.6162,-1.1299,0.8027,-215.305,119.390,147.012,2,21
1.6323,-1.1333,0.8213,-221.951,117.927,144.512,2,21
1.6436,-1.1250,0.8423,-228.415,116.707,141.951,2,21
1.6548,-1.1143,0.8682,-233.476,114.756,139.268,2,21
1.6631,-1.1011,0.8940,-238.354,112.866,136.585,2,21
1.6719,-1.0747,0.9189,-242.073,111.280,133.780,2,21
1.6738,-1.0352,0.9399,-245.000,109.329,131.159,2,21
1.6807,-1.0107,0.9614,-247.927,107.012,128.841,2,21
-0.2349,3.1343,1.9414,45.854,-574.207,485.732,1,21
-0.2593,3.1279,1.8667,41.707,-570.366,489.939,1,21
-0.2842,3.1333,1.7729,39.207,-567.256,494.085,1,21
-0.3169,3.1470,1.6646,37.927,-565.549,498.354,1,21
-0.3384,3.1553,1.5635,36.890,-563.841,503.049,1,21
-0.3809,3.1777,1.4517,35.976,-562.927,508.171,1,21
-0.4185,3.1831,1.3423,34.817,-560.976,514.024,1,21
-0.4639,3.1890,1.2549,33.659,-558.232,520.915,1,21
1.6982,-0.9766,0.9844,-249.878,104.817,126.341,2,21
1.7036,-0.9424,1.0029,-250.976,102.378,123.659,2,21
1.7085,-0.9033,1.0220,-250.915,100.122,121.341,2,21
1.7134,-0.8594,1.0371,-250.549,98.049,118.841,2,21
1.7285,-0.8193,1.0581,-248.476,95.549,116.280,2,21
1.7358,-0.7773,1.0723,-246.098,93.354,113.780,2,21
1.7461,-0.7339,1.0854,-242.805,91.220,111.037,2,21
1.7515,-0.7056,1.0898,-238.659,89.268,108.354,2,21
-0.9170,2.6309,0.4751,17.073,-470.183,580.366,1,21
-0.9756,2.5078,0.3467,11.951,-444.573,579.268,1,21
-1.0400,2.4004,0.3447,13.293,-420.183,575.183,1,21
-1.0649,2.3306,0.3247,18.354,-400.610,568.963,1,21
-1.0703,2.2896,0.3145,24.878,-385.854,560.610,1,21
-1.0469,2.2725,0.2974,31.707,-374.817,551.098,1,21
-1.0122,2.2695,0.2764,37.988,-366.220,540.976,1,21
-0.9756,2.2646,0.2495,42.988,-357.927,530.854,1,21
-0.9478,2.2466,0.2192,47.012,-349.634,521.280,1,21
-0.9219,2.2241,0.1646,50.122,-340.549,512.927,1,21
-0.9146,2.1890,0.1123,53.659,-330.061,505.488,1,21
-0.9097,2.1377,0.0562,57.012,-318.902,499.268,1,21
-0.9043,2.0659,0.0132,60.915,-306.402,493.780,1,21
-0.9146,1.9912,-0.0288,66.159,-292.378,488.354,1,21
-0.9287,1.9023,-0.0522,72.622,-277.500,483.171,1,21
-0.9390,1.8022,-0.0698,79.695,-261.768,477.378,1,21
-0.8110,1.0884,-0.0249,128.354,-120.549,405.427,1,21
-0.8086,1.0605,0.0029,129.207,-107.256,394.817,1,21
-0.8022,1.0522,0.0229,128.659,-94.695,384.390,1,21
-0.7979,1.0605,0.0234,126.463,-83.293,374.085,1,21
-0.8091,1.0669,0.0225,122.317,-72.500,363.171,1,21
-0.8252,1.0933,0.0215,116.951,-62.744,353.049,1,21
-0.8452,1.1138,0.0103,109.939,-53.963,343.049,1,21
-0.8701,1.1338,-0.0161,101.951,-45.976,332.744,1,21
-1.1470,1.3916,-0.3105,26.098,-13.841,214.329,1,21
-1.1660,1.4106,-0.3159,19.024,-12.744,201.220,1,21
-1.1870,1.4248,-0.3281,12.439,-11.829,188.963,1,21
-1.2100,1.4438,-0.3496,6.463,-10.793,177.500,1,21
-1.2363,1.4580,-0.3687,1.037,-10.183,167.439,1,21
-1.2646,1.4556,-0.3818,-4.146,-9.207,157.805,1,21
-1.3018,1.4526,-0.4116,-8.171,-7.744,149.085,1,21
-1.3511,1.4375,-0.4321,-10.732,-6.098,141.280,1,21
-1.6172,1.2891,-0.5498,7.500,24.085,75.488,1,21
-1.6030,1.2637,-0.5479,12.805,29.146,69.268,1,21
-1.5845,1.2378,-0.5313,19.085,34.512,63.232,1,21
-1.5664,1.2114,-0.5278,24.756,40.122,57.439,1,21
-1.5356,1.1738,-0.5269,30.061,45.183,51.463,1,21
-1.5103,1.1372,-0.5322,35.244,50.671,45.854,1,21
-1.4824,1.0918,-0.5293,40.366,55.610,40.122,1,21
-1.4492,1.0488,-0.5249,44.878,59.939,34.024,1,21
-1.2012,0.7051,-0.5845,53.049,83.354,-22.012,1,21
-1.1582,0.6777,-0.5933,53.049,85.000,-28.476,1,21
-1.1187,0.6592,-0.5977,52.622,86.159,-35.183,1,21
-1.0747,0.6406,-0.5938,52.317,87.134,-41.524,1,21
-1.0376,0.6416,-0.6069,52.744,88.354,-47.988,1,21
-0.9995,0.6294,-0.6074,53.232,89.268,-54.756,1,21
-0.9712,0.6265,-0.6045,52.927,90.976,-61.280,1,21
-0.9268,0.6211,-0.6050,52.988,92.683,-68.110,1,21
0.1875,1.1348,-0.8267,-66.220,215.061,-316.524,1,21
0.2217,1.1597,-0.8506,-63.232,221.524,-318.171,1,21
0.2568,1.1982,-0.8735,-59.451,227.744,-319.817,1,21
0.2920,1.2285,-0.8867,-56.463,234.146,-321.524,1,21
0.3262,1.2734,-0.8970,-52.927,240.976,-322.805,1,21
0.3530,1.3047,-0.8906,-49.817,247.500,-324.329,1,21
0.3843,1.3413,-0.8818,-46.220,255.305,-325.427,1,21
0.4023,1.3853,-0.8765,-42.866,263.415,-325.976,1,21
0.2495,1.6865,-0.7573,-5.854,375.488,-301.037,1,21
0.2617,1.7065,-0.6968,11.585,376.280,-302.927,1,21
0.2993,1.7598,-0.6416,28.354,373.476,-306.402,1,21
0.3647,1.8247,-0.6177,43.415,369.512,-309.817,1,21
0.4209,1.8799,-0.5986,57.378,366.524,-312.622,1,21
0.4624,1.9385,-0.5825,70.732,364.695,-313.354,1,21
0.4976,1.9844,-0.5669,83.110,364.695,-312.500,1,21
0.5044,2.0210,-0.5483,94.878,364.573,-310.671,1,21
0.4443,1.8843,-0.4395,164.146,357.134,-276.585,1,21
0.4365,1.8442,-0.4136,164.207,358.963,-273.537,1,21
0.4385,1.7993,-0.3755,162.805,361.159,-270.671,1,21
0.4341,1.7417,-0.3384,160.366,364.146,-267.683,1,21
0.4370,1.6919,-0.3091,157.561,367.134,-264.756,1,21
0.4414,1.6479,-0.2651,153.659,369.939,-262.012,1,21
0.4570,1.5996,-0.2046,148.598,372.256,-259.329,1,21
0.4741,1.5605,-0.1494,143.293,374.329,-256.646,1,21
0.4937,1.5098,-0.0991,137.195,376.220,-253.902,1,21
0.5132,1.4736,-0.0508,130.732,377.012,-251.341,1,21
0.5396,1.4360,0.0005,124.939,377.073,-248.293,1,21
0.5688,1.3975,0.0264,118.354,376.098,-245.610,1,21
0.6030,1.3633,0.0625,111.646,374.207,-242.500,1,21
0.6450,1.3218,0.0825,103.720,371.768,-239.756,1,21
0.6724,1.2822,0.1172,95.915,368.659,-235.915,1,21
0.7080,1.2368,0.1318,87.378,365.549,-232.561,1,21
0.9961,0.2134,-0.6235,102.927,108.354,-106.646,1,21
0.9902,0.2275,-0.6294,101.646,104.939,-107.378,1,21
0.9858,0.2510,-0.6348,100.183,101.951,-108.049,1,21
0.9873,0.2793,-0.6377,98.902,99.451,-109.207,1,21
0.9771,0.3018,-0.6431,96.890,97.439,-110.427,1,21
0.9800,0.3301,-0.6484,94.695,95.671,-112.012,1,21
0.9819,0.3647,-0.6328,92.134,94.085,-113.659,1,21
0.9814,0.4067,-0.6377,89.207,93.049,-115.366,1,21
0.9707,0.8892,-0.5698,68.963,92.744,-123.232,1,21
0.9673,0.9556,-0.5298,68.354,95.000,-122.927,1,21
0.9644,1.0093,-0.4951,67.256,97.866,-122.683,1,21
0.9653,1.0674,-0.4521,67.500,100.549,-122.073,1,21
0.9604,1.1025,-0.4048,67.988,103.171,-121.341,1,21
0.9634,1.1436,-0.3623,69.207,105.183,-119.939,1,21
0.9688,1.1777,-0.3120,71.037,106.280,-118.049,1,21
0.9766,1.2002,-0.2646,72.805,107.317,-115.549,1,21
0.9961,1.3159,0.0811,97.134,97.134,-77.378,1,21
0.9980,1.3169,0.1177,99.146,95.549,-72.805,1,21
0.9956,1.3096,0.1343,101.829,94.146,-68.049,1,21
0.9902,1.3101,0.1577,104.207,92.622,-63.110,1,21
0.9946,1.2949,0.1689,106.890,91.951,-58.110,1,21
0.9912,1.2759,0.1895,110.305,91.585,-52.256,1,21
0.9805,1.2617,0.2100,115.305,90.671,-46.707,1,21
0.9800,1.2510,0.2188,120.732,89.695,-40.610,1,21
1.0166,1.1133,0.1807,159.939,80.000,25.000,1,21
1.0283,1.0723,0.1646,160.915,80.183,33.110,1,21
1.0386,1.0239,0.1611,160.915,80.427,40.366,1,21
1.0503,0.9712,0.1714,159.878,81.098,47.073,1,21
1.0610,0.9150,0.1655,157.927,82.317,52.378,1,21
1.0703,0.8579,0.1719,154.451,83.354,57.012,1,21
1.0898,0.7920,0.1743,150.061,84.268,60.915,1,21
1.1055,0.7319,0.1665,145.427,85.061,63.780,1,21
1.1416,0.2778,0.2148,91.768,74.146,66.402,1,21
1.1294,0.2363,0.2095,86.037,70.610,64.634,1,21
1.1187,0.1978,0.2012,80.000,66.829,62.866,1,21
1.1118,0.1514,0.1797,74.878,63.110,60.732,1,21
1.0986,0.1152,0.1523,69.695,59.268,58.476,1,21
1.0762,0.0859,0.1201,65.305,56.341,56.037,1,21
1.0664,0.0547,0.0859,60.793,53.720,53.537,1,21
1.0415,0.0264,0.0581,56.829,51.037,50.854,1,21
0.4297,-0.8125,-0.1621,70.427,43.171,-137.073,2,21
0.4253,-0.7852,-0.1733,75.427,45.061,-135.915,2,21
0.4248,-0.7617,-0.1753,80.366,46.768,-134.817,2,21
0.4268,-0.7349,-0.1836,85.610,48.598,-133.354,2,21
0.4282,-0.6997,-0.1792,90.427,49.878,-132.195,2,21
0.4385,-0.6812,-0.1812,94.756,51.280,-130.671,2,21
0.4492,-0.6528,-0.2031,99.146,52.378,-128.841,2,21
0.4512,-0.6377,-0.2114,102.317,53.720,-126.890,2,21
1.0254,0.0024,0.0234,52.622,49.268,47.927,1,21
1.0098,-0.0088,-0.0029,48.354,47.256,45.000,1,21
0.9863,-0.0239,-0.0435,43.841,45.854,41.829,1,21
0.9648,-0.0527,-0.0601,40.122,44.207,38.841,1,21
0.9414,-0.0635,-0.0854,36.646,42.683,35.671,1,21
0.9297,-0.0854,-0.1187,33.171,41.402,32.683,1,21
0.9058,-0.1079,-0.1362,30.549,40.061,29.634,1,21
0.8872,-0.1201,-0.1802,28.537,39.024,26.707,1,21
0.8320,-0.3169,-0.4316,36.341,21.524,10.366,1,21
0.8271,-0.3472,-0.4526,37.744,18.841,9.451,1,21
0.8325,-0.3740,-0.4541,38.476,16.280,8.171,1,21
0.8335,-0.4028,-0.4761,38.232,13.598,7.195,1,21
0.8301,-0.4487,-0.5127,41.646,11.524,6.524,1,21
0.8105,-0.4492,-0.4810,42.012,9.207,4.817,1,21
0.8154,-0.4727,-0.5313,39.573,6.829,2.256,1,21
0.8130,-0.4834,-0.5908,40.000,4.085,-0.305,1,21
0.6528,-0.3921,-0.6353,59.756,-3.171,-35.122,1,21
0.6470,-0.3896,-0.6367,59.878,-3.598,-38.110,1,21
0.6230,-0.3735,-0.6338,60.549,-5.061,-43.841,1,21
0.6646,-0.6396,-0.9194,74.390,-4.817,-48.354,1,21
0.5747,-0.6323,-0.7437,141.037,-0.610,-44.817,1,21
0.5156,-0.4009,-0.3301,141.524,0.854,-53.537,1,21
0.5493,-0.2891,-0.4077,114.695,-2.378,-66.890,1,21
0.6040,-0.2593,-0.5786,72.683,-8.476,-82.622,1,21
0.4585,1.3960,-0.0552,195.488,2.317,-119.512,1,21
0.4331,1.3516,-0.0444,211.220,-3.049,-112.866,1,21
0.4092,1.3003,-0.0527,225.427,-8.049,-106.890,1,21
0.3818,1.2505,-0.0625,238.293,-11.890,-101.951,1,21
0.3726,1.2007,-0.0688,249.268,-15.122,-97.927,1,21
0.3623,1.1440,-0.1001,258.537,-17.134,-94.634,1,21
0.3589,1.0923,-0.1172,265.610,-18.293,-92.439,1,21
0.3647,1.0444,-0.1396,270.244,-17.927,-90.427,1,21
0.3809,0.9971,-0.1582,272.256,-16.341,-89.207,1,21
0.3975,0.9492,-0.1758,272.195,-13.598,-88.171,1,21
0.4067,0.9063,-0.1753,269.024,-9.817,-87.439,1,21
0.4248,0.8599,-0.1807,264.634,-5.305,-86.463,1,21
0.4399,0.8184,-0.1733,258.171,-0.244,-85.183,1,21
0.4541,0.7671,-0.1572,249.878,4.817,-83.415,1,21
0.4736,0.7114,-0.1538,240.732,9.817,-81.402,1,21
0.4995,0.6563,-0.1533,230.549,14.146,-78.476,1,21
1.1484,0.1201,-0.3682,-29.634,24.085,-75.366,1,21
1.2217,0.1479,-0.3945,-43.110,23.293,-78.659,1,21
1.2969,0.1763,-0.4072,-55.061,21.220,-82.439,1,21
1.3809,0.2148,-0.3931,-65.793,18.293,-85.732,1,21
1.4897,0.2578,-0.3989,-75.610,13.232,-88.537,1,21
1.6138,0.2959,-0.4063,-84.390,7.256,-90.549,1,21
1.7461,0.3291,-0.3940,-91.341,-1.098,-91.098,1,21
1.9004,0.3765,-0.3940,-97.317,-11.280,-89.695,1,21
0.6479,-0.9756,-0.6665,-81.951,-32.744,-83.780,2,21
0.6216,-0.9775,-0.6133,-83.476,-31.951,-83.232,2,21
0.6118,-0.9712,-0.5762,-84.939,-31.463,-83.049,2,21
0.5903,-0.9639,-0.5361,-85.976,-31.585,-82.439,2,21
0.5752,-0.9546,-0.5029,-87.561,-31.524,-81.951,2,21
0.5649,-0.9409,-0.4790,-89.390,-31.890,-81.220,2,21
0.5444,-0.9277,-0.4541,-91.220,-32.012,-80.000,2,21
0.5308,-0.9238,-0.4277,-92.866,-32.073,-78.902,2,21
3.4014,0.8975,-1.1328,-169.451,-233.841,-5.244,1,21
3.5039,1.1143,-1.2134,-173.780,-233.902,5.061,1,21
3.6226,1.3594,-1.2500,-176.402,-234.207,17.256,1,21
3.7212,1.6250,-1.2642,-177.134,-236.524,28.415,1,21
3.8237,1.8872,-1.2935,-171.768,-242.622,37.988,1,21
3.9053,2.1582,-1.3057,-158.780,-252.256,46.707,1,21
3.9595,2.4263,-1.2949,-140.793,-262.805,54.207,1,21
3.9834,2.6714,-1.2915,-117.561,-274.207,62.256,1,21
0.5122,-0.9053,-0.1328,-110.610,1.037,-31.768,2,21
0.5283,-0.9248,-0.1182,-112.195,3.659,-29.695,2,21
0.5435,-0.9238,-0.1074,-114.451,6.280,-27.927,2,21
0.5635,-0.9336,-0.0869,-116.341,8.537,-26.098,2,21
0.5820,-0.9395,-0.0562,-118.110,10.732,-24.939,2,21
0.6016,-0.9424,-0.0532,-120.549,12.561,-23.049,2,21
0.6177,-0.9443,-0.0371,-122.866,14.512,-21.646,2,21
0.6382,-0.9487,-0.0161,-125.366,16.341,-19.207,2,21
3.9785,2.8833,-1.2637,-89.207,-285.122,72.195,1,21
3.9517,3.0781,-1.2407,-57.927,-295.000,85.183,1,21
3.9043,3.2231,-1.1958,-24.512,-304.024,100.915,1,21
3.8423,3.3135,-1.1108,9.573,-312.500,119.756,1,21
3.7729,3.3545,-1.0303,43.171,-319.878,141.159,1,21
3.6982,3.3506,-0.9272,76.402,-327.134,165.000,1,21
3.6172,3.2964,-0.8154,107.317,-333.537,189.268,1,21
3.5464,3.2217,-0.7051,136.646,-339.329,213.963,1,21
3.4365,3.0454,-0.5156,175.000,-347.256,249.512,1,21
3.3936,2.9761,-0.4536,185.610,-349.878,260.976,1,21
3.3154,2.8379,-0.2983,204.634,-354.329,282.744,1,21
3.2490,2.6851,-0.1538,219.024,-359.207,302.866,1,21
3.1763,2.5386,-0.0200,231.037,-363.841,321.890,1,21
3.1187,2.4067,0.1167,240.183,-368.598,339.573,1,21
3.0547,2.2974,0.2368,245.671,-373.598,355.915,1,21
2.9849,2.2095,0.3467,247.866,-378.415,370.793,1,21
2.8657,2.0859,0.5190,244.207,-384.756,391.524,1,21
2.7842,2.0283,0.6108,238.598,-388.659,405.000,1,21
2.7070,1.9888,0.7056,232.439,-392.256,417.683,1,21
2.6338,1.9609,0.7705,224.817,-395.732,429.878,1,21
2.5679,1.9780,0.8340,217.012,-398.902,441.220,1,21
2.5010,2.0225,0.9019,208.476,-401.402,452.073,1,21
2.4219,2.0796,0.9526,199.207,-404.268,461.829,1,21
2.3379,2.1572,0.9985,189.573,-406.646,470.793,1,21
1.6416,2.6143,1.4497,123.720,-445.610,553.354,1,21
1.5708,2.6333,1.4844,120.244,-448.841,560.610,1,21
1.4839,2.6401,1.5283,117.439,-451.159,567.012,1,21
1.4087,2.6538,1.5649,114.573,-452.927,572.012,1,21
1.3345,2.6494,1.6147,111.768,-454.207,576.098,1,21
1.2539,2.6445,1.6519,108.963,-455.305,580.244,1,21
1.1904,2.6440,1.6680,106.768,-456.037,584.939,1,21
1.1157,2.6504,1.6777,105.549,-456.341,589.329,1,21
0.9663,-0.5806,0.1470,-214.268,70.732,45.183,2,21
0.9980,-0.5581,0.1670,-213.720,71.585,46.585,2,21
1.0391,-0.5459,0.1929,-213.293,72.378,48.476,2,21
1.0732,-0.5405,0.2212,-212.378,73.110,50.244,2,21
1.1099,-0.5298,0.2539,-211.341,73.415,52.378,2,21
1.1484,-0.5225,0.2778,-210.549,73.902,54.878,2,21
1.1782,-0.5234,0.2988,-209.329,74.390,57.195,2,21
1.2104,-0.5176,0.3267,-208.232,74.695,59.756,2,21
1.0313,2.6714,1.6704,103.171,-455.976,592.866,1,21
0.9521,2.7119,1.6494,100.244,-455.427,595.427,1,21
0.8770,2.7671,1.6050,97.500,-454.817,597.134,1,21
0.8071,2.8530,1.5742,94.207,-453.902,597.805,1,21
0.7212,2.9507,1.5669,89.146,-452.683,597.805,1,21
0.6362,3.0371,1.5776,82.866,-450.854,597.927,1,21
0.5615,3.1265,1.5942,75.915,-449.329,598.780,1,21
0.4883,3.2021,1.6030,69.939,-447.927,600.610,1,21
1.2256,-0.5210,0.3452,-207.195,74.817,62.561,2,21
1.2476,-0.5269,0.3701,-205.488,74.756,65.122,2,21
1.2725,-0.5259,0.3838,-204.024,74.817,67.683,2,21
1.2886,-0.5161,0.3916,-202.805,74.634,70.427,2,21
1.2983,-0.5112,0.4043,-201.707,74.085,73.415,2,21
1.2959,-0.5024,0.4229,-200.244,73.659,76.646,2,21
1.3081,-0.4956,0.4297,-198.720,73.232,79.329,2,21
1.3105,-0.4873,0.4409,-197.744,73.171,82.195,2,21
0.4336,3.2725,1.5991,65.061,-446.768,603.049,1,21
0.3931,3.3403,1.5977,60.610,-445.305,606.585,1,21
0.3447,3.3882,1.5952,55.671,-443.841,610.671,1,21
0.3022,3.4731,1.5840,48.476,-440.671,616.159,1,21
0.2412,3.5195,1.5503,36.585,-433.049,624.146,1,21
0.1626,3.5234,1.5278,26.098,-423.415,633.110,1,21
0.0903,3.4785,1.5044,16.890,-412.500,640.793,1,21
0.0347,3.4116,1.4932,8.598,-402.378,645.305,1,21
1.3218,-0.4775,0.4521,-197.317,73.171,85.366,2,21
1.3315,-0.4731,0.4697,-196.402,73.415,87.988,2,21
1.3389,-0.4683,0.4795,-195.976,73.902,90.793,2,21
1.3506,-0.4595,0.4946,-195.732,74.512,93.354,2,21
1.3643,-0.4517,0.5122,-195.549,75.854,95.915,2,21
1.3726,-0.4531,0.5273,-195.854,76.341,98.110,2,21
1.3862,-0.4536,0.5405,-196.585,77.927,100.305,2,21
1.3999,-0.4575,0.5703,-197.561,79.024,102.134,2,21
-0.6167,1.7671,-0.0488,138.049,-210.183,464.512,1,21
-0.5840,1.7095,-0.0557,145.244,-198.476,457.622,1,21
-0.5479,1.6597,-0.0713,151.646,-186.768,450.671,1,21
-0.5156,1.6138,-0.1084,157.500,-175.305,444.390,1,21
-0.5010,1.5864,-0.1680,162.561,-164.268,437.927,1,21
-0.4956,1.5601,-0.2241,167.195,-154.085,430.976,1,21
-0.5151,1.5596,-0.2739,171.098,-144.207,423.415,1,21
-0.5449,1.5649,-0.2983,174.451,-134.573,415.488,1,21
-1.2017,1.8257,-0.6826,181.524,-64.390,326.768,1,21
-1.2876,1.8599,-0.7119,181.220,-56.768,315.244,1,21
-1.3750,1.8877,-0.7417,180.732,-48.902,304.268,1,21
-1.4556,1.8955,-0.7695,179.817,-40.610,293.659,1,21
-1.5361,1.8901,-0.8018,178.841,-31.951,283.293,1,21
-1.6094,1.8701,-0.8223,178.354,-22.134,273.110,1,21
-1.6802,1.8311,-0.8345,178.415,-12.866,263.963,1,21
-1.7417,1.7842,-0.8462,178.476,-3.232,254.756,1,21
-1.9102,1.1084,-0.8320,169.451,72.561,175.000,1,21
-1.8892,1.0342,-0.8071,165.732,77.927,165.061,1,21
-1.8760,0.9585,-0.7715,160.732,82.500,156.159,1,21
-1.8608,0.8862,-0.7383,155.183,87.256,146.585,1,21
-1.8257,0.8159,-0.7012,149.329,91.890,137.195,1,21
-1.7935,0.7559,-0.6724,143.232,95.915,127.988,1,21
-1.7734,0.6992,-0.6279,135.915,100.793,119.451,1,21
-1.7456,0.6548,-0.6108,127.683,105.488,111.220,1,21
0.9673,0.3394,0.4487,-231.829,-5.305,96.037,2,21
0.9727,0.3560,0.4521,-227.805,-4.268,95.671,2,21
0.9907,0.3750,0.4419,-223.537,-3.902,95.671,2,21
1.0039,0.3950,0.4390,-219.573,-3.720,95.427,2,21
1.0103,0.4121,0.4312,-214.878,-3.720,95.549,2,21
1.0215,0.4380,0.4185,-210.549,-4.146,95.915,2,21
1.0293,0.4639,0.4116,-205.244,-4.634,96.280,2,21
1.0410,0.4785,0.3872,-200.549,-4.817,96.220,2,21
-1.7153,0.6084,-0.5820,119.390,109.695,102.988,1,21
-1.6875,0.5894,-0.5747,111.829,113.902,95.122,1,21
-1.6494,0.5850,-0.5591,102.927,117.317,86.951,1,21
-1.6001,0.5806,-0.5479,94.085,120.427,78.841,1,21
-1.5527,0.5815,-0.5273,84.390,122.195,70.793,1,21
-1.5063,0.5908,-0.5200,75.061,124.207,62.561,1,21
-1.4619,0.5986,-0.5103,65.305,125.488,54.817,1,21
-1.4063,0.6118,-0.5093,55.183,126.524,47.256,1,21
-1.3315,0.6265,-0.5190,41.037,127.317,35.915,1,21
-1.2827,0.6313,-0.5352,31.585,127.378,28.780,1,21
-1.2402,0.6299,-0.5361,22.378,126.646,21.037,1,21
-1.1934,0.6299,-0.5400,14.268,125.793,14.024,1,21
-1.1606,0.6265,-0.5522,6.524,124.451,6.768,1,21
-1.1284,0.6157,-0.5659,-1.159,122.317,-1.037,1,21
-1.1016,0.6079,-0.5786,-7.805,119.634,-8.720,1,21
-1.0806,0.5918,-0.5864,-14.329,117.134,-16.280,1,21
-0.8887,0.4976,-0.6597,-44.573,96.159,-77.378,1,21
-0.8530,0.4863,-0.6572,-45.610,95.183,-82.744,1,21
-0.8398,0.4795,-0.6587,-45.915,94.939,-88.049,1,21
-0.8091,0.4619,-0.6587,-46.768,95.244,-92.805,1,21
-0.7915,0.4443,-0.6592,-46.524,95.793,-97.622,1,21
-0.7686,0.4346,-0.6650,-46.220,96.341,-102.561,1,21
-0.7329,0.4287,-0.6655,-44.695,96.646,-107.439,1,21
-0.7021,0.4302,-0.6606,-43.537,96.524,-112.378,1,21
-0.1733,0.6050,-0.9243,7.988,112.927,-234.329,1,21
-0.1626,0.6245,-0.9517,8.720,114.085,-238.841,1,21
-0.1523,0.6387,-0.9731,9.939,116.098,-243.049,1,21
-0.1494,0.6611,-1.0024,10.854,117.683,-247.561,1,21
-0.1426,0.6836,-1.0142,11.341,119.695,-251.463,1,21
-0.1387,0.7056,-1.0317,11.890,122.195,-255.793,1,21
-0.1309,0.7261,-1.0576,12.561,124.878,-259.634,1,21
-0.1182,0.7451,-1.0806,13.110,127.500,-263.110,1,21
-0.0557,0.9097,-1.0415,23.902,214.756,-309.573,1,21
-0.0361,0.9287,-1.0239,25.244,220.244,-312.439,1,21
-0.0220,0.9478,-1.0005,26.524,225.549,-315.061,1,21
-0.0161,0.9688,-0.9727,26.890,230.549,-317.805,1,21
-0.0049,0.9849,-0.9473,27.500,235.366,-320.488,1,21
0.0088,0.9922,-0.9180,27.195,240.976,-322.866,1,21
0.0200,1.0024,-0.9023,26.707,245.000,-325.244,1,21
0.0273,1.0186,-0.8755,26.159,249.817,-327.500,1,21
0.0459,1.0352,-0.8369,25.000,254.817,-329.756,1,21
0.0508,1.0439,-0.8018,23.415,260.000,-332.073,1,21
0.0654,1.0605,-0.7715,21.098,264.939,-334.634,1,21
0.0747,1.0669,-0.7456,18.841,270.183,-336.890,1,21
0.0781,1.0752,-0.7158,15.732,275.366,-338.841,1,21
0.0898,1.0840,-0.6982,12.866,280.427,-340.366,1,21
0.1016,1.0962,-0.6992,9.573,285.976,-341.951,1,21
0.1113,1.1343,-0.6968,6.220,292.500,-343.110,1,21
0.9619,-0.5371,0.1841,144.451,-65.976,93.476,2,21
0.9614,-0.5723,0.1816,147.744,-67.866,93.171,2,21
0.9580,-0.5820,0.1821,150.915,-69.512,93.171,2,21
0.9536,-0.6152,0.1895,154.207,-70.854,92.866,2,21
0.9521,-0.6411,0.1929,158.232,-71.585,92.805,2,21
0.9556,-0.6689,0.2085,161.829,-71.890,92.317,2,21
0.9683,-0.6919,0.2246,165.732,-72.683,91.646,2,21
0.9624,-0.7217,0.2285,169.634,-73.354,91.098,2,21
0.1035,1.1567,-0.6748,0.976,301.890,-343.598,1,21
0.0776,1.1909,-0.6309,-4.085,312.073,-342.622,1,21
0.0718,1.2275,-0.6040,-7.805,321.524,-340.061,1,21
0.0742,1.2817,-0.5874,-11.463,331.280,-335.793,1,21
0.0977,1.2686,-0.5522,-12.073,340.915,-334.207,1,21
0.1382,1.2720,-0.5010,-10.549,348.780,-334.817,1,21
0.1797,1.2881,-0.4478,-7.622,352.866,-336.037,1,21
0.2114,1.3242,-0.4004,-5.549,353.659,-336.829,1,21
0.9648,-0.7588,0.2544,172.988,-74.573,90.183,2,21
0.9746,-0.7832,0.2607,176.220,-75.915,89.085,2,21
0.9844,-0.8115,0.2676,178.780,-77.561,87.561,2,21
0.9863,-0.8408,0.2876,181.280,-79.695,85.976,2,21
0.9990,-0.8584,0.2949,183.476,-81.524,84.390,2,21
1.0024,-0.8853,0.2969,185.610,-83.598,82.622,2,21
0.9995,-0.9009,0.3164,187.378,-85.915,81.159,2,21
1.0029,-0.9233,0.3237,189.634,-88.049,79.268,2,21
0.2656,1.3701,-0.3496,-3.537,351.463,-337.744,1,21
0.3013,1.4097,-0.3105,-2.439,347.988,-338.049,1,21
0.3359,1.4644,-0.2930,-0.915,342.683,-337.988,1,21
0.3691,1.5054,-0.2515,0.732,337.439,-337.073,1,21
0.3936,1.5586,-0.2109,1.585,331.951,-335.610,1,21
0.4170,1.5947,-0.1782,1.524,327.378,-332.927,1,21
0.4414,1.6284,-0.1523,1.463,322.561,-329.756,1,21
0.4575,1.6602,-0.1255,1.951,318.598,-325.427,1,21
0.5796,1.7554,0.0957,3.537,301.524,-279.390,1,21
0.6001,1.7627,0.1138,5.366,301.768,-274.390,1,21
0.6279,1.7661,0.1338,7.073,301.341,-269.329,1,21
0.6538,1.7778,0.1465,9.268,301.098,-264.695,1,21
0.6733,1.7832,0.1694,11.951,300.366,-259.817,1,21
0.6943,1.7847,0.1953,14.512,299.695,-255.000,1,21
0.7227,1.7769,0.2241,17.561,297.927,-249.756,1,21
0.7461,1.7720,0.2412,20.244,295.732,-244.817,1,21
1.1782,-1.2275,0.2900,122.317,-140.793,1.646,2,21
1.1743,-1.2222,0.2871,120.000,-141.098,0.183,2,21
1.1826,-1.2158,0.2842,117.927,-141.402,-1.524,2,21
1.1836,-1.2119,0.2886,116.463,-142.012,-3.354,2,21
1.1816,-1.2056,0.2905,114.817,-142.439,-4.573,2,21
1.1782,-1.2124,0.2954,113.963,-142.866,-6.159,2,21
1.1870,-1.2114,0.3022,113.171,-143.049,-7.683,2,21
1.1797,-1.2109,0.3135,112.195,-143.598,-9.573,2,21
1.1772,-1.2109,0.3052,111.768,-144.085,-11.341,2,21
1.1777,-1.2095,0.3037,111.768,-144.878,-13.232,2,21
1.1685,-1.2173,0.2959,111.280,-145.183,-15.732,2,21
1.1665,-1.2227,0.2939,111.890,-145.488,-17.866,2,21
1.1597,-1.2275,0.2905,112.073,-145.610,-20.122,2,21
1.1567,-1.2173,0.2793,112.622,-145.488,-22.683,2,21
1.1494,-1.2251,0.2837,112.622,-145.671,-24.878,2,21
1.1489,-1.2319,0.2827,113.293,-145.732,-26.890,2,21
1.3896,0.7036,-0.0928,46.951,170.122,-112.622,1,21
1.3911,0.6821,-0.0942,49.146,168.659,-110.732,1,21
1.3901,0.6655,-0.1289,51.646,166.341,-108.720,1,21
1.3975,0.6450,-0.1553,54.329,164.451,-106.951,1,21
1.3989,0.6270,-0.1797,57.195,162.073,-104.817,1,21
1.3940,0.6069,-0.2085,60.427,159.817,-102.622,1,21
1.4067,0.5864,-0.2529,64.024,157.012,-100.549,1,21
1.4028,0.5654,-0.2871,67.927,153.720,-98.415,1,21
1.0005,-1.3091,0.2368,94.085,-154.146,-69.146,2,21
0.9907,-1.3042,0.2397,93.232,-155.061,-71.951,2,21
0.9814,-1.2891,0.2300,92.073,-156.037,-74.878,2,21
0.9600,-1.2710,0.2363,91.463,-157.012,-77.744,2,21
0.9604,-1.2524,0.2246,90.427,-158.232,-80.610,2,21
0.9414,-1.2354,0.2090,90.061,-159.024,-83.415,2,21
0.9243,-1.2207,0.1919,89.756,-160.122,-85.793,2,21
0.9165,-1.2119,0.1807,89.329,-160.610,-88.354,2,21
1.0806,1.0273,-0.5996,-3.171,106.890,-91.463,1,21
1.0684,1.0347,-0.5249,-0.610,108.963,-88.293,1,21
1.0620,1.0269,-0.4810,4.085,110.732,-84.695,1,21
1.0571,1.0132,-0.4355,10.305,111.524,-79.939,1,21
1.0547,0.9951,-0.3682,17.073,112.134,-74.634,1,21
1.0527,0.9658,-0.3135,23.780,112.378,-68.415,1,21
1.0459,0.9121,-0.2495,30.976,111.951,-62.256,1,21
1.0410,0.8521,-0.1787,38.171,110.793,-55.732,1,21
1.0371,0.7832,-0.1196,45.305,109.085,-48.780,1,21
1.0278,0.6934,-0.0537,53.049,106.159,-41.280,1,21
1.0244,0.6064,0.0054,61.768,102.378,-34.512,1,21
1.0063,0.5195,0.0620,70.488,98.232,-28.415,1,21
0.9839,0.4419,0.1265,80.000,92.927,-23.415,1,21
0.9570,0.3940,0.1582,88.963,88.110,-19.512,1,21
0.9365,0.3530,0.1934,97.622,81.951,-17.622,1,21
0.9146,0.3521,0.1978,105.610,75.732,-16.768,1,21
0.5991,0.5313,0.1406,140.915,37.805,-3.110,1,21
0.5620,0.5195,0.1426,142.317,35.976,1.463,1,21
0.5361,0.5020,0.1455,143.110,34.634,6.098,1,21
0.5186,0.4756,0.1699,143.110,34.146,10.366,1,21
0.5093,0.4526,0.1841,142.439,33.963,14.512,1,21
0.5034,0.4180,0.1929,141.402,34.390,18.415,1,21
0.5020,0.4053,0.2021,140.122,36.280,21.402,1,21
0.5181,0.3911,0.2090,137.988,37.683,24.695,1,21
0.3218,-0.9189,-0.1611,18.537,-105.549,-126.037,2,21
0.3169,-0.8950,-0.1709,18.659,-102.500,-125.488,2,21
0.3052,-0.8667,-0.1777,19.085,-99.329,-125.122,2,21
0.2964,-0.8423,-0.1816,19.512,-96.280,-124.024,2,21
0.2861,-0.8159,-0.1953,20.976,-93.171,-123.780,2,21
0.2813,-0.7881,-0.2026,22.378,-89.756,-122.500,2,21
0.2813,-0.7627,-0.2070,24.207,-86.159,-121.768,2,21
0.2803,-0.7397,-0.2119,26.220,-82.256,-120.854,2,21
0.6602,-0.0186,0.1787,110.000,23.720,65.976,1,21
0.6523,-0.0850,0.1714,107.927,20.549,63.780,1,21
0.6255,-0.1455,0.1631,105.915,18.049,61.585,1,21
0.6157,-0.2041,0.1445,102.988,15.244,58.110,1,21
0.5952,-0.2666,0.1440,100.366,13.780,54.817,1,21
0.5762,-0.3174,0.1289,96.585,12.012,50.915,1,21
0.5571,-0.3647,0.1050,92.622,11.098,45.976,1,21
0.5420,-0.4116,0.0801,87.988,10.549,41.463,1,21
0.5273,-0.4575,0.0596,82.866,10.793,36.463,1,21
0.5132,-0.4854,0.0249,77.805,11.037,31.098,1,21
0.5059,-0.5259,-0.0137,72.500,11.768,25.732,1,21
0.4941,-0.5479,-0.0352,67.134,13.415,20.671,1,21
0.4824,-0.5625,-0.0576,61.890,15.610,14.817,1,21
0.4775,-0.5879,-0.0732,56.098,17.927,9.085,1,21
0.4614,-0.5908,-0.0889,50.061,21.037,3.476,1,21
0.4561,-0.6060,-0.0854,43.354,24.878,-2.256,1,21
0.3140,-0.4219,-0.3579,116.159,4.451,-65.366,2,21
0.3042,-0.4097,-0.3652,117.744,7.439,-61.951,2,21
0.3032,-0.3984,-0.3838,119.268,10.732,-59.024,2,21
0.3086,-0.3799,-0.3936,120.183,13.780,-55.854,2,21
0.3110,-0.3726,-0.4121,120.549,17.073,-52.622,2,21
0.3164,-0.3647,-0.4209,120.976,20.671,-49.451,2,21
0.3237,-0.3496,-0.4331,121.341,24.268,-46.768,2,21
0.3359,-0.3403,-0.4395,121.524,27.378,-43.476,2,21
0.5127,-0.2983,-0.5132,114.695,54.451,-15.122,2,21
0.5396,-0.3086,-0.5322,112.988,56.829,-11.890,2,21
0.5659,-0.3169,-0.5488,110.793,59.024,-8.841,2,21
0.5986,-0.3247,-0.5737,108.841,60.976,-5.610,2,21
0.6240,-0.3345,-0.5894,107.073,62.927,-2.378,2,21
0.6475,-0.3438,-0.6016,104.512,63.963,1.280,2,21
0.6670,-0.3594,-0.6313,102.378,64.939,4.695,2,21
0.6865,-0.3789,-0.6587,99.634,65.976,7.622,2,21
0.5796,-0.5239,-0.4053,20.793,51.524,-185.488,1,21
0.5659,-0.4741,-0.4111,3.963,49.695,-198.598,1,21
0.5469,-0.4312,-0.4263,-14.573,49.817,-210.427,1,21
0.5391,-0.3911,-0.4678,-31.585,51.220,-220.183,1,21
0.5439,-0.3540,-0.5000,-46.463,53.902,-228.049,1,21
0.5332,-0.3135,-0.5234,-60.976,57.988,-234.512,1,21
0.5317,-0.2788,-0.5474,-74.817,62.683,-239.756,1,21
0.5342,-0.2256,-0.5669,-90.122,68.354,-244.634,1,21
0.7988,-0.5771,-0.8379,77.622,65.732,32.439,2,21
0.8218,-0.6084,-0.8311,75.732,64.756,34.268,2,21
0.8306,-0.6357,-0.8550,73.537,63.110,35.793,2,21
0.8442,-0.6519,-0.8623,71.951,61.159,36.646,2,21
0.8594,-0.6812,-0.8706,69.939,58.659,37.378,2,21
0.8701,-0.6958,-0.8818,68.598,55.854,37.561,2,21
0.8872,-0.7261,-0.8960,67.134,52.500,37.134,2,21
0.9053,-0.7485,-0.9058,66.768,49.024,36.646,2,21
0.5474,-0.1792,-0.5674,-106.037,74.878,-249.878,1,21
0.5557,-0.1445,-0.5684,-122.500,82.073,-255.061,1,21
0.5645,-0.1216,-0.5693,-138.415,89.085,-260.915,1,21
0.5781,-0.1479,-0.6157,-145.183,96.707,-265.854,1,21
0.5845,-0.1416,-0.6050,-140.183,103.598,-269.634,1,21
0.5898,-0.0723,-0.5098,-138.049,109.329,-274.268,1,21
0.6133,0.0015,-0.4824,-143.354,114.085,-279.939,1,21
0.6406,0.0854,-0.4819,-151.220,118.780,-284.939,1,21
0.9263,-0.7661,-0.9126,66.159,45.000,35.610,2,21
0.9360,-0.7910,-0.9268,66.098,40.854,33.963,2,21
0.9531,-0.8125,-0.9321,65.610,36.585,32.317,2,21
0.9707,-0.8408,-0.9453,65.610,32.134,30.427,2,21
0.9873,-0.8594,-0.9468,65.915,27.805,28.171,2,21
0.9985,-0.8882,-0.9692,66.280,23.415,25.793,2,21
1.0107,-0.9175,-0.9717,66.402,18.902,23.110,2,21
1.0244,-0.9429,-0.9829,66.646,14.146,20.488,2,21
1.0391,-0.9727,-0.9814,66.585,9.817,17.439,2,21
1.0396,-1.0034,-0.9932,66.402,4.939,14.512,2,21
1.0532,-1.0244,-1.0034,65.854,0.305,11.220,2,21
1.0596,-1.0557,-1.0137,64.634,-4.695,8.049,2,21
1.0747,-1.0845,-1.0137,63.415,-9.085,4.085,2,21
1.0767,-1.1108,-1.0337,61.585,-13.476,0.915,2,21
1.0825,-1.1416,-1.0415,59.634,-18.293,-2.622,2,21
1.0918,-1.1733,-1.0586,56.890,-22.134,-6.220,2,21
0.8364,0.8896,-0.0679,-187.927,174.451,-274.573,1,21
0.8604,0.9487,0.0376,-179.207,175.793,-263.963,1,21
0.8960,0.9917,0.1304,-167.256,173.598,-251.402,1,21
0.9287,1.0371,0.1958,-150.610,168.415,-238.110,1,21
0.9507,1.0938,0.2490,-129.329,159.939,-225.000,1,21
0.9741,1.1748,0.2637,-105.305,148.902,-213.232,1,21
0.9854,1.2534,0.2407,-78.415,136.280,-203.780,1,21
0.9893,1.3687,0.1934,-51.341,122.744,-197.073,1,21
0.9692,1.4951,0.1284,-24.390,109.573,-192.744,1,21
0.9390,1.6245,0.0552,0.732,97.317,-189.756,1,21
0.9053,1.7627,0.0029,23.476,86.524,-187.134,1,21
0.8643,1.8867,-0.0210,43.049,78.049,-182.744,1,21
0.8164,1.9741,-0.0176,61.098,71.037,-176.280,1,21
0.7700,2.0405,0.0112,76.524,64.268,-166.829,1,21
0.7397,2.0820,0.0522,90.671,58.415,-154.329,1,21
0.7021,2.1108,0.0771,103.902,52.927,-138.537,1,21
0.4917,-0.6099,-0.0830,-218.354,97.256,67.683,2,21
0.5083,-0.5977,-0.0723,-216.768,97.317,73.049,2,21
0.5166,-0.5854,-0.0503,-215.549,97.195,77.988,2,21
0.5317,-0.5781,-0.0332,-213.415,97.256,82.988,2,21
0.5483,-0.5674,-0.0088,-211.098,96.890,88.476,2,21
0.5645,-0.5444,0.0005,-208.110,96.768,93.720,2,21
0.5840,-0.5420,0.0098,-205.000,96.220,98.841,2,21
0.5884,-0.5273,0.0127,-202.561,95.854,104.329,2,21
2.7480,1.2583,1.6665,-94.207,-470.732,221.037,1,21
2.7231,1.2656,1.7183,-88.110,-483.537,227.439,1,21
2.7017,1.2686,1.7666,-82.927,-495.305,234.512,1,21
2.6846,1.2798,1.8271,-77.622,-506.524,241.768,1,21
2.6626,1.2788,1.8794,-72.683,-517.012,250.244,1,21
2.6440,1.2798,1.9219,-67.988,-526.707,258.780,1,21
2.6313,1.2661,1.9658,-63.598,-535.305,267.256,1,21
2.6123,1.2515,2.0039,-59.329,-543.720,276.280,1,21
0.6079,-0.5215,0.0249,-199.146,95.854,109.878,2,21
0.6182,-0.5186,0.0293,-195.549,96.098,115.244,2,21
0.6313,-0.5156,0.0400,-191.890,96.220,120.610,2,21
0.6416,-0.5024,0.0439,-188.598,96.585,126.037,2,21
0.6675,-0.5024,0.0522,-184.634,97.256,131.220,2,21
0.6763,-0.5044,0.0649,-181.159,97.500,136.280,2,21
0.6895,-0.5015,0.0801,-177.439,97.744,140.915,2,21
0.7065,-0.4902,0.0889,-174.085,98.049,145.488,2,21
0.7305,-0.4868,0.1084,-170.976,98.293,149.390,2,21
0.7500,-0.4854,0.1216,-167.683,98.354,153.110,2,21
0.7734,-0.4810,0.1465,-164.329,98.720,156.646,2,21
0.8062,-0.4771,0.1685,-161.037,99.207,159.878,2,21
0.8364,-0.4741,0.1836,-158.354,99.878,163.110,2,21
0.8638,-0.4648,0.2051,-155.793,100.427,165.732,2,21
0.8999,-0.4570,0.2319,-152.622,101.524,168.537,2,21
0.9312,-0.4580,0.2539,-150.061,102.561,171.280,2,21
2.1543,1.2412,3.4658,-22.988,-597.866,409.207,1,21
2.0430,1.2993,3.5889,-30.061,-600.732,412.317,1,21
1.9292,1.3691,3.6748,-39.085,-603.537,415.366,1,21
1.8096,1.4424,3.7456,-50.183,-606.402,416.585,1,21
1.7041,1.5269,3.7886,-64.085,-608.171,417.012,1,21
1.6084,1.6138,3.8169,-79.207,-609.390,417.134,1,21
1.5244,1.7144,3.8350,-94.451,-609.573,416.220,1,21
1.4482,1.8247,3.8320,-107.805,-609.390,415.244,1,21
1.3208,-0.4463,0.5151,-127.927,115.000,181.341,2,21
1.3560,-0.4512,0.5444,-126.159,115.976,181.463,2,21
1.3833,-0.4673,0.5815,-125.366,116.890,181.402,2,21
1.3994,-0.4854,0.6255,-125.122,117.744,181.037,2,21
1.4189,-0.5137,0.6650,-125.549,118.780,180.793,2,21
1.4312,-0.5474,0.7261,-126.098,120.061,180.305,2,21
1.4307,-0.5972,0.7563,-127.683,121.402,179.939,2,21
1.4268,-0.6519,0.7842,-129.756,122.988,179.756,2,21
1.4316,-0.7627,0.7979,-132.927,125.061,179.573,2,21
1.4292,-0.7988,0.8013,-133.902,126.037,179.390,2,21
1.4355,-0.8794,0.8164,-135.671,127.500,179.024,2,21
1.4302,-0.9492,0.8091,-137.866,128.963,178.293,2,21
1.4263,-1.0273,0.8042,-140.366,130.854,177.012,2,21
1.4365,-1.0908,0.8130,-143.598,132.561,174.817,2,21
1.4497,-1.1533,0.8066,-146.341,134.512,172.195,2,21
1.4487,-1.2070,0.7998,-150.610,136.159,168.841,2,21
0.8037,3.5059,3.5679,-140.671,-654.329,370.305,1,21
0.7026,3.7231,3.4780,-133.171,-666.524,368.293,1,21
0.6079,3.9238,3.3643,-123.963,-679.817,369.085,1,21
0.5093,4.1162,3.2339,-112.317,-693.232,370.976,1,21
0.3911,4.3003,3.1040,-99.390,-705.915,375.305,1,21
0.2632,4.4731,2.9658,-86.098,-717.622,381.524,1,21
0.1006,4.6211,2.8481,-73.598,-727.012,388.293,1,21
-0.0835,4.7378,2.7529,-64.207,-735.122,396.463,1,21
1.4829,-1.2563,0.7969,-156.646,138.415,163.049,2,21
1.4897,-1.2725,0.7939,-158.720,139.085,160.854,2,21
1.5156,-1.2886,0.7866,-163.232,140.549,156.341,2,21
1.5391,-1.2974,0.7842,-167.805,141.707,151.524,2,21
1.5596,-1.3003,0.7856,-173.049,143.232,146.524,2,21
1.5884,-1.2954,0.7871,-178.049,144.329,141.585,2,21
1.6094,-1.2896,0.7778,-182.988,145.671,136.768,2,21
1.6313,-1.2754,0.7671,-188.354,147.073,131.951,2,21
-0.4136,4.8286,2.6084,-53.963,-745.122,409.268,1,21
-0.5200,4.8325,2.5562,-51.402,-748.720,413.537,1,21
-0.7383,4.8311,2.4521,-49.695,-755.915,422.012,1,21
-0.9365,4.7852,2.3408,-51.159,-763.110,429.390,1,21
-1.1089,4.7144,2.2148,-54.451,-769.085,436.037,1,21
-1.2612,4.6387,2.0947,-58.293,-773.963,442.317,1,21
-1.3931,4.6333,1.9189,-67.622,-771.159,451.098,1,21
-1.5186,4.6431,1.7363,-82.317,-757.866,462.927,1,21
1.6445,-1.2573,0.7471,-195.549,149.024,125.122,2,21
1.6450,-1.2388,0.7368,-199.085,150.244,121.159,2,21
1.6353,-1.2314,0.7324,-200.793,150.610,119.268,2,21
1.6094,-1.1982,0.7065,-204.695,151.280,114.512,2,21
1.5786,-1.1772,0.6914,-206.707,151.951,111.829,2,21
1.5464,-1.1563,0.6802,-208.476,151.951,109.268,2,21
1.5078,-1.1436,0.6655,-209.573,151.768,107.195,2,21
1.4512,-1.1235,0.6475,-210.000,151.951,104.878,2,21
-1.7524,4.6133,1.4038,-117.500,-711.768,486.159,1,21
-1.9551,4.3789,1.2939,-127.256,-674.573,500.732,1,21
-2.1094,4.1890,1.1987,-123.841,-643.841,509.878,1,21
-2.2207,4.0122,1.1216,-116.646,-620.732,513.780,1,21
-2.2813,3.8467,1.0112,-106.951,-602.439,513.293,1,21
-2.3042,3.6782,0.8784,-94.207,-587.683,509.634,1,21
-2.2896,3.5313,0.7231,-79.085,-574.146,503.841,1,21
-2.2559,3.3916,0.5718,-63.720,-560.610,496.037,1,21
-1.7505,1.2783,-0.6812,182.012,-121.463,290.732,1,21
-1.6973,1.2012,-0.6714,180.183,-105.915,279.756,1,21
-1.6680,1.1440,-0.6426,176.768,-91.280,269.329,1,21
-1.6494,1.0874,-0.6167,172.500,-76.280,259.207,1,21
-1.6284,1.0430,-0.5830,166.280,-62.317,249.329,1,21
-1.6250,0.9976,-0.5552,159.817,-48.598,239.817,1,21
-1.6265,0.9746,-0.5381,152.622,-36.646,230.244,1,21
-1.6377,0.9497,-0.4922,145.122,-25.122,220.427,1,21
-1.7031,0.9834,-0.1289,90.976,42.378,126.585,1,21
-1.6782,0.9844,-0.0869,87.561,46.951,115.488,1,21
-1.6475,0.9932,-0.0313,84.085,51.463,104.207,1,21
-1.6152,0.9995,0.0161,80.488,56.220,93.780,1,21
-1.5884,1.0073,0.0713,76.768,60.000,83.415,1,21
-1.5708,0.9932,0.1343,73.110,64.390,73.415,1,21
-1.5435,0.9810,0.1655,69.756,68.110,63.963,1,21
-1.5215,0.9570,0.2021,66.524,71.890,54.817,1,21
-0.4619,0.8052,0.0439,-72.256,85.244,-165.122,1,21
-0.4526,0.8110,0.0142,-72.256,87.622,-169.756,1,21
-0.4546,0.8101,-0.0190,-71.707,89.573,-174.634,1,21
-0.4512,0.8032,-0.0444,-70.183,91.890,-179.634,1,21
-0.4434,0.8130,-0.0762,-69.146,94.695,-184.451,1,21
-0.4443,0.8052,-0.0889,-67.561,97.195,-188.841,1,21
-0.4365,0.8052,-0.1064,-65.488,100.305,-193.720,1,21
-0.4316,0.8066,-0.1201,-63.902,103.354,-197.500,1,21
1.1143,0.0884,-0.1445,51.402,-33.659,35.122,2,21
1.1069,0.0674,-0.1582,49.939,-34.756,33.780,2,21
1.1030,0.0542,-0.1738,47.561,-35.549,32.561,2,21
1.0977,0.0415,-0.1865,45.305,-36.646,31.463,2,21
1.1001,0.0317,-0.1836,42.927,-37.317,30.610,2,21
1.1040,0.0200,-0.1807,40.854,-38.354,30.000,2,21
1.1016,0.0112,-0.1787,38.598,-39.634,29.207,2,21
1.1045,0.0054,-0.1875,36.037,-41.159,28.841,2,21
-0.4219,0.8047,-0.1470,-61.707,106.768,-201.463,1,21
-0.4097,0.8140,-0.1641,-59.451,110.244,-205.000,1,21
-0.3975,0.8213,-0.1665,-57.012,113.963,-208.476,1,21
-0.3833,0.8188,-0.1846,-54.756,117.988,-211.707,1,21
-0.3604,0.8208,-0.1904,-53.232,122.561,-214.695,1,21
-0.3413,0.8311,-0.1958,-51.280,127.073,-217.744,1,21
-0.3213,0.8242,-0.2007,-50.305,131.646,-220.305,1,21
-0.2944,0.8291,-0.2046,-48.720,136.585,-222.805,1,21
1.1108,-0.3022,0.0659,58.171,-55.366,39.390,2,21
1.1108,-0.3335,0.0737,62.439,-56.098,40.427,2,21
1.1147,-0.3628,0.0815,66.951,-57.134,41.037,2,21
1.1089,-0.4009,0.0791,71.280,-57.500,41.890,2,21
1.1157,-0.4360,0.0825,76.037,-58.049,42.866,2,21
1.1157,-0.4668,0.0801,81.220,-58.841,44.024,2,21
1.1128,-0.5034,0.0874,87.500,-59.146,44.634,2,21
1.1143,-0.5371,0.0879,92.317,-59.390,45.976,2,21
0.5435,1.4482,-0.5410,-85.793,353.720,-181.829,1,21
0.5488,1.4600,-0.5566,-85.915,357.256,-179.634,1,21
0.5566,1.4800,-0.5586,-86.341,360.366,-177.134,1,21
0.5630,1.5005,-0.5630,-85.488,364.207,-174.512,1,21
0.5610,1.5342,-0.5728,-84.512,367.317,-172.134,1,21
0.5625,1.5620,-0.5693,-82.805,370.183,-169.634,1,21
0.5601,1.6001,-0.5781,-79.573,372.561,-166.890,1,21
0.5581,1.6353,-0.5918,-75.732,374.207,-164.573,1,21
0.4751,1.5703,-0.7837,59.817,404.634,-101.646,1,21
0.4658,1.5342,-0.7798,65.122,406.341,-100.183,1,21
0.4648,1.4961,-0.7676,69.268,408.902,-98.963,1,21
0.4585,1.4585,-0.7656,73.232,411.037,-98.110,1,21
0.4561,1.4180,-0.7485,76.098,412.927,-97.866,1,21
0.4536,1.3931,-0.7324,78.598,415.183,-97.195,1,21
0.4512,1.3657,-0.7104,80.488,417.195,-97.073,1,21
0.4512,1.3267,-0.6782,81.098,419.939,-96.524,1,21
0.7109,-0.9624,0.3623,44.146,-180.915,-13.415,2,21
0.6978,-0.9668,0.3633,42.988,-181.463,-14.207,2,21
0.6904,-0.9492,0.3579,41.646,-182.317,-15.183,2,21
0.6909,-0.9497,0.3560,42.012,-182.744,-16.402,2,21
0.6816,-0.9409,0.3550,41.768,-182.866,-17.439,2,21
0.6802,-0.9341,0.3452,41.707,-183.049,-18.780,2,21
0.6694,-0.9287,0.3428,41.646,-182.927,-20.427,2,21
0.6650,-0.9209,0.3354,41.585,-182.988,-21.829,2,21
1.2212,0.7266,0.4009,-55.671,341.463,16.829,1,21
1.2417,0.7432,0.3452,-48.354,330.732,22.317,1,21
1.2563,0.7676,0.3140,-40.244,319.451,26.646,1,21
1.2505,0.7915,0.2749,-31.646,307.622,30.244,1,21
1.2339,0.8115,0.2261,-22.378,295.122,33.110,1,21
1.2100,0.8188,0.1768,-12.073,282.073,35.793,1,21
1.1841,0.8301,0.1221,-0.976,268.171,38.476,1,21
1.1416,0.8442,0.0596,10.244,254.756,41.037,1,21
0.6455,-0.9399,0.3110,46.402,-180.427,-35.000,2,21
0.6387,-0.9424,0.3125,47.439,-179.878,-36.707,2,21
0.6387,-0.9561,0.3247,48.232,-179.390,-38.476,2,21
0.6284,-0.9722,0.3110,48.963,-179.329,-39.939,2,21
0.6211,-0.9819,0.3159,49.024,-178.841,-41.646,2,21
0.6177,-1.0078,0.3125,49.268,-178.049,-43.293,2,21
0.6118,-1.0156,0.3120,49.085,-177.256,-45.244,2,21
0.6079,-1.0366,0.3076,48.598,-176.220,-47.012,2,21
0.6509,0.7129,-0.2207,112.683,211.585,81.341,1,21
0.6343,0.6592,-0.2202,128.110,207.988,84.878,1,21
0.6323,0.5972,-0.2046,144.268,202.561,87.805,1,21
0.6265,0.5283,-0.1924,160.793,195.976,89.207,1,21
0.6411,0.4619,-0.1924,176.646,188.171,89.512,1,21
0.6636,0.3848,-0.2075,193.232,179.695,88.963,1,21
0.6729,0.3193,-0.2178,209.085,171.098,87.378,1,21
0.6924,0.2485,-0.2212,223.659,162.073,84.573,1,21
0.5889,-1.0454,0.3018,48.537,-175.000,-48.598,2,21
0.5898,-1.0630,0.3062,47.866,-173.537,-50.122,2,21
0.5815,-1.0718,0.3135,47.317,-172.012,-51.585,2,21
0.5747,-1.0796,0.3120,45.976,-170.427,-53.293,2,21
0.5815,-1.0903,0.3159,44.878,-168.476,-54.451,2,21
0.5757,-1.1069,0.3208,43.720,-166.402,-55.549,2,21
0.5854,-1.1143,0.3247,42.073,-164.451,-56.524,2,21
0.5811,-1.1118,0.3364,40.366,-162.561,-57.805,2,21
0.7427,0.1577,-0.2310,243.720,149.512,78.415,1,21
0.7690,0.1006,-0.2393,256.220,141.707,73.232,1,21
0.7856,0.0830,-0.2368,262.195,138.232,69.939,1,21
0.8198,0.0459,-0.2480,277.622,127.500,60.854,1,21
0.8491,0.0293,-0.2490,287.012,120.427,54.024,1,21
0.8726,0.0293,-0.2393,295.244,113.476,47.439,1,21
0.8857,0.0386,-0.2310,302.012,106.585,39.817,1,21
0.8887,0.0444,-0.2202,306.829,100.061,32.195,1,21
0.5850,-1.1201,0.3403,39.024,-160.610,-58.780,2,21
0.5908,-1.1211,0.3384,36.890,-158.659,-60.000,2,21
0.5923,-1.1265,0.3359,35.732,-156.768,-61.098,2,21
0.5918,-1.1304,0.3418,34.695,-154.878,-61.951,2,21
0.5942,-1.1284,0.3359,33.780,-152.805,-63.232,2,21
0.5918,-1.1279,0.3345,32.195,-150.732,-64.146,2,21
0.5889,-1.1274,0.3315,31.829,-148.659,-65.488,2,21
0.5957,-1.1294,0.3311,30.793,-146.220,-66.646,2,21
0.8989,0.0596,-0.2100,310.671,93.720,24.207,1,21
0.8926,0.0723,-0.1987,313.232,87.927,15.671,1,21
0.8838,0.0874,-0.1904,315.244,81.829,7.317,1,21
0.8643,0.0869,-0.1738,316.646,76.037,-1.159,1,21
0.8535,0.1089,-0.1631,316.463,70.671,-9.634,1,21
0.8374,0.1279,-0.1519,316.037,65.854,-18.354,1,21
0.8276,0.1548,-0.1411,313.476,61.098,-27.256,1,21
0.8125,0.1880,-0.1133,309.756,57.622,-35.976,1,21
0.5879,-1.1294,0.3330,31.098,-143.659,-67.805,2,21
0.5913,-1.1401,0.3306,31.341,-141.524,-68.720,2,21
0.5815,-1.1377,0.3374,32.622,-139.024,-69.756,2,21
0.5796,-1.1318,0.3267,33.537,-136.829,-70.793,2,21
0.5708,-1.1401,0.3223,34.878,-134.939,-72.134,2,21
0.5728,-1.1377,0.3037,35.732,-132.622,-73.171,2,21
0.5728,-1.1396,0.2944,37.378,-130.610,-74.512,2,21
0.5767,-1.1440,0.2930,39.817,-128.049,-75.488,2,21
0.7959,0.2188,-0.0981,303.841,54.756,-44.817,1,21
0.7910,0.2520,-0.1040,297.195,52.805,-53.171,1,21
0.7798,0.2964,-0.0894,289.024,52.683,-61.280,1,21
0.7646,0.3818,-0.0566,278.476,54.024,-67.927,1,21
0.7490,0.4404,-0.0547,265.122,57.622,-72.256,1,21
0.7212,0.4614,-0.0313,252.195,63.049,-77.256,1,21
0.7051,0.4810,0.0078,240.610,66.951,-83.537,1,21
0.7007,0.5088,0.0415,230.305,70.183,-90.061,1,21
1.0503,-0.4097,-0.7510,58.415,-97.012,15.244,2,21
1.0166,-0.4863,-0.7339,56.768,-96.829,20.488,2,21
0.9678,-0.5591,-0.7183,55.427,-96.037,25.122,2,21
0.9219,-0.6406,-0.7041,54.573,-95.183,29.268,2,21
0.8765,-0.7202,-0.6992,52.927,-94.451,32.622,2,21
0.8350,-0.8062,-0.6758,50.854,-93.720,35.732,2,21
0.7954,-0.8999,-0.6719,47.744,-92.927,37.561,2,21
0.7695,-0.9995,-0.6533,44.939,-92.073,40.061,2,21
1.1958,0.3120,0.2754,163.171,121.280,-76.098,1,21
1.2041,0.4287,0.2300,181.280,106.280,-69.695,1,21
1.1816,0.5366,0.2305,193.598,93.963,-63.780,1,21
1.1084,0.6284,0.2505,200.305,83.963,-58.293,1,21
0.9829,0.7139,0.3335,204.207,73.232,-50.488,1,21
0.9014,0.7490,0.3740,206.585,67.927,-45.549,1,21
0.8301,0.7876,0.3774,211.037,62.988,-41.037,1,21
0.7817,0.8247,0.3530,217.073,57.805,-36.829,1,21
0.7534,-1.1001,-0.6426,42.317,-91.280,41.707,2,21
0.7358,-1.2241,-0.6270,41.037,-90.427,42.988,2,21
0.7261,-1.3286,-0.6064,39.878,-90.183,44.207,2,21
0.7183,-1.4360,-0.5874,39.817,-90.244,44.634,2,21
0.7119,-1.5396,-0.5688,40.122,-90.305,43.902,2,21
0.7026,-1.6294,-0.5430,39.329,-91.098,41.646,2,21
0.6958,-1.7090,-0.5063,39.085,-91.890,38.476,2,21
0.6733,-1.7769,-0.4634,37.866,-94.024,34.329,2,21
0.7559,0.9053,0.3257,222.805,52.988,-34.024,1,21
0.7427,0.9868,0.3257,224.939,48.659,-31.646,1,21
0.7168,1.0737,0.3271,222.500,44.634,-29.390,1,21
0.7202,1.1328,0.3618,215.183,41.463,-27.256,1,21
0.7285,1.1724,0.3589,204.268,39.390,-23.659,1,21
0.7485,1.1875,0.3477,192.744,38.659,-18.902,1,21
0.7744,1.1841,0.3032,180.732,39.207,-12.866,1,21
0.8037,1.1577,0.2627,168.902,41.951,-6.341,1,21
0.6592,-1.8418,-0.4370,35.061,-96.707,29.268,2,21
0.6357,-1.9038,-0.3940,30.610,-99.695,23.354,2,21
0.6211,-1.9556,-0.3784,24.451,-102.988,17.683,2,21
0.6089,-2.0068,-0.3579,17.744,-106.159,12.134,2,21
0.5859,-2.0596,-0.3647,9.756,-108.963,6.829,2,21
0.5552,-2.1001,-0.3804,1.098,-111.098,2.073,2,21
0.5386,-2.1455,-0.4072,-8.415,-112.744,-2.073,2,21
0.5107,-2.1836,-0.4385,-17.744,-113.963,-5.671,2,21
0.8286,1.1133,0.2388,158.293,47.012,0.915,1,21
0.8486,1.0459,0.2236,148.171,52.561,7.927,1,21
0.8672,0.9702,0.2188,139.512,58.902,14.451,1,21
0.8877,0.8818,0.2271,131.098,64.512,20.671,1,21
0.9082,0.7969,0.2451,123.110,68.537,26.159,1,21
0.9341,0.7104,0.2622,115.000,70.854,30.915,1,21
0.9502,0.6284,0.2603,106.707,71.098,35.427,1,21
0.9780,0.5508,0.2490,98.110,69.634,39.817,1,21
0.4888,-2.2231,-0.4795,-26.951,-114.512,-9.024,2,21
0.4424,-2.2529,-0.5225,-36.159,-115.427,-11.951,2,21
0.4063,-2.2813,-0.5669,-44.451,-116.646,-14.939,2,21
0.3682,-2.3140,-0.5947,-52.012,-117.561,-17.866,2,21
0.3237,-2.3213,-0.6396,-58.720,-118.841,-20.976,2,21
0.2808,-2.3384,-0.6670,-64.329,-120.122,-24.573,2,21
0.2393,-2.3452,-0.6895,-69.024,-121.280,-29.451,2,21
0.2070,-2.3540,-0.7114,-72.500,-121.890,-34.512,2,21
0.3315,-0.5205,-0.1221,-142.195,86.341,33.963,2,21
0.3403,-0.5586,-0.0977,-144.939,88.598,40.488,2,21
0.3555,-0.5825,-0.0806,-147.866,90.793,46.829,2,21
0.3735,-0.6216,-0.0645,-150.854,92.988,53.171,2,21
0.3726,-0.6514,-0.0381,-154.329,94.939,59.817,2,21
0.3779,-0.6909,-0.0161,-156.951,97.134,66.037,2,21
0.3921,-0.7114,-0.0049,-160.976,98.720,71.951,2,21
0.3955,-0.7510,0.0029,-164.695,100.305,77.134,2,21
3.5352,2.1934,-0.0376,-37.195,-222.073,1.890,1,21
3.5913,2.2275,0.0112,-40.000,-234.512,12.683,1,21
3.6431,2.2764,0.0649,-42.683,-247.012,23.293,1,21
3.6807,2.3149,0.1235,-44.756,-260.366,35.061,1,21
3.7080,2.3735,0.1753,-45.793,-274.451,46.585,1,21
3.7129,2.4229,0.2388,-44.329,-289.939,58.659,1,21
3.6895,2.4790,0.3027,-41.220,-305.732,70.610,1,21
3.6558,2.5195,0.3745,-36.585,-322.134,83.110,1,21
-0.0220,3.0049,1.1167,167.073,-394.817,485.305,1,21
-0.0933,2.9731,1.0977,154.878,-400.671,483.963,1,21
-0.1699,2.9399,1.0718,142.134,-407.256,483.171,1,21
-0.2437,2.8955,1.0542,128.598,-414.024,482.073,1,21
-0.3296,2.8384,1.0332,115.061,-420.610,481.646,1,21
-0.4136,2.7744,1.0049,102.012,-426.707,481.646,1,21
-0.5034,2.7056,0.9980,89.695,-431.524,481.890,1,21
-0.5957,2.6187,0.9683,78.720,-434.512,482.561,1,21
1.4937,-0.7446,0.7212,-113.232,114.085,125.122,2,21
1.4829,-0.7275,0.7158,-113.415,112.378,121.890,2,21
1.4619,-0.7109,0.7139,-113.476,110.427,118.171,2,21
1.4463,-0.6899,0.7207,-113.232,108.232,114.756,2,21
1.4419,-0.6685,0.7163,-114.146,106.463,111.646,2,21
1.4282,-0.6519,0.7119,-114.268,104.573,108.049,2,21
1.4253,-0.6289,0.7017,-114.939,103.049,104.512,2,21
1.4287,-0.6138,0.6860,-115.732,101.463,100.732,2,21
-0.7217,2.5195,0.8872,62.683,-434.939,484.451,1,21
-0.7993,2.4531,0.7949,50.793,-429.146,486.280,1,21
-0.8364,2.4424,0.7178,44.329,-423.232,487.683,1,21
-0.9658,2.4863,0.3149,5.549,-375.122,497.317,1,21
-1.1572,2.2500,0.1519,-18.841,-320.610,504.695,1,21
-1.3125,2.0942,0.1846,-17.988,-278.171,507.256,1,21
-1.3838,2.0059,0.2407,-18.598,-246.280,502.439,1,21
-1.4067,1.9365,0.2866,-22.927,-224.329,493.232,1,21
-1.5444,1.5454,0.0742,-128.476,-143.902,332.866,1,21
-1.6440,1.5254,0.0322,-132.256,-139.085,324.207,1,21
-1.7427,1.4951,-0.0176,-135.732,-134.573,314.878,1,21
-1.8530,1.4570,-0.0430,-138.293,-129.756,306.098,1,21
-1.9624,1.4209,-0.0894,-139.939,-124.451,297.012,1,21
-2.0571,1.3760,-0.1440,-140.549,-119.756,288.049,1,21
-2.1558,1.3105,-0.1973,-139.329,-115.122,278.720,1,21
-2.2505,1.2490,-0.2539,-136.585,-110.305,269.268,1,21
1.1436,-0.2090,0.2822,-150.671,55.122,22.195,2,21
1.1411,-0.1914,0.2842,-150.427,54.085,21.463,2,21
1.1494,-0.1616,0.2534,-150.122,52.195,20.000,2,21
1.1582,-0.1348,0.2466,-149.268,50.549,18.537,2,21
1.1616,-0.1011,0.2256,-148.476,48.598,17.256,2,21
1.1777,-0.0801,0.2070,-147.317,47.073,16.341,2,21
1.1841,-0.0576,0.2056,-145.610,45.427,15.427,2,21
1.1919,-0.0317,0.1875,-143.720,43.780,14.817,2,21
-2.3228,1.1802,-0.2983,-132.378,-106.220,259.024,1,21
-2.3882,1.1162,-0.3545,-126.646,-102.622,248.659,1,21
-2.4312,1.0469,-0.3984,-120.793,-98.963,238.171,1,21
-2.4521,0.9761,-0.4399,-114.390,-94.695,227.195,1,21
-2.4570,0.9141,-0.4780,-107.439,-91.280,216.829,1,21
-2.4424,0.8486,-0.5117,-99.939,-87.012,206.037,1,21
-2.4121,0.7920,-0.5381,-91.890,-83.110,195.610,1,21
-2.3540,0.7344,-0.5645,-83.537,-78.841,185.122,1,21
-1.8989,0.4600,-0.5786,-26.037,-21.890,99.390,1,21
-1.8818,0.4321,-0.5806,-21.159,-14.268,89.268,1,21
-1.8638,0.3872,-0.5811,-16.280,-6.037,78.476,1,21
-1.8550,0.3477,-0.5806,-11.341,1.890,67.500,1,21
-1.8442,0.3149,-0.5747,-6.220,9.878,56.646,1,21
-1.8320,0.2778,-0.5654,-1.341,17.683,45.000,1,21
-1.8169,0.2397,-0.5415,3.110,25.366,33.659,1,21
-1.7974,0.2046,-0.5176,6.768,32.744,22.195,1,21
-1.7544,0.1572,-0.4834,11.159,43.720,5.793,1,21
-1.7295,0.1445,-0.4746,11.951,47.317,0.671,1,21
-1.7021,0.1172,-0.4585,13.049,54.451,-9.573,1,21
-1.6563,0.0996,-0.4409,13.415,61.585,-19.207,1,21
-1.6172,0.0815,-0.4336,13.354,68.354,-28.720,1,21
-1.5762,0.0713,-0.4312,14.024,74.573,-38.293,1,21
-1.5386,0.0635,-0.4263,14.024,80.183,-47.683,1,21
-1.4927,0.0708,-0.4116,14.878,85.488,-56.585,1,21
-1.4341,0.0874,-0.3955,14.573,92.683,-70.671,1,21
-1.3911,0.1025,-0.3950,13.963,97.012,-80.000,1,21
-1.3540,0.1270,-0.3906,13.354,101.463,-89.817,1,21
-1.3208,0.1616,-0.3687,12.500,105.061,-99.146,1,21
-1.2847,0.1792,-0.3677,11.707,108.963,-108.293,1,21
-1.2520,0.2046,-0.3564,10.183,112.622,-117.866,1,21
-1.2192,0.2236,-0.3589,8.476,116.463,-126.707,1,21
-1.1899,0.2461,-0.3604,6.890,120.183,-136.159,1,21
0.9336,0.1489,-0.0410,83.963,-27.561,12.378,2,21
0.9282,0.1279,-0.0259,86.280,-28.049,13.537,2,21
0.9268,0.1094,-0.0239,88.354,-28.293,14.085,2,21
0.9268,0.0977,-0.0244,90.061,-28.720,15.427,2,21
0.9292,0.0688,-0.0103,91.524,-29.207,16.280,2,21
0.9370,0.0474,0.0005,92.195,-29.451,16.951,2,21
0.9375,0.0283,0.0029,92.622,-29.451,17.866,2,21
0.9282,0.0103,0.0083,92.256,-29.390,18.720,2,21
-0.7837,0.8726,-0.2144,-49.451,173.598,-238.476,1,21
-0.7739,0.9204,-0.2256,-52.927,177.805,-239.573,1,21
-0.7583,0.9595,-0.2031,-55.610,182.073,-240.366,1,21
-0.7407,0.9971,-0.1929,-58.476,186.951,-240.427,1,21
-0.7236,1.0386,-0.1943,-60.366,191.768,-240.061,1,21
-0.7070,1.0664,-0.1748,-62.439,196.524,-239.390,1,21
-0.6831,1.1050,-0.1680,-64.512,201.829,-238.415,1,21
-0.6699,1.1289,-0.1748,-65.610,206.951,-237.134,1,21
0.9253,-0.2881,0.1362,85.488,-38.841,38.659,2,21
0.9175,-0.3032,0.1396,86.585,-39.451,39.817,2,21
0.9194,-0.3267,0.1636,88.049,-40.549,41.646,2,21
0.9160,-0.3447,0.1680,89.268,-41.341,42.744,2,21
0.9082,-0.3584,0.1929,91.098,-42.317,44.329,2,21
0.8975,-0.3892,0.1919,92.561,-43.293,46.159,2,21
0.9111,-0.4072,0.2100,94.634,-44.329,47.439,2,21
0.9067,-0.4272,0.2202,96.585,-45.427,48.780,2,21
-0.1558,1.3174,-0.1011,-53.415,273.293,-202.561,1,21
-0.1289,1.3228,-0.0981,-50.305,276.159,-200.793,1,21
-0.0889,1.3301,-0.1089,-46.890,279.207,-199.329,1,21
-0.0620,1.3379,-0.1152,-42.988,281.707,-197.744,1,21
-0.0273,1.3359,-0.1406,-38.780,285.000,-196.280,1,21
0.0010,1.3501,-0.1616,-34.390,287.500,-194.756,1,21
0.0361,1.3545,-0.1855,-28.963,290.488,-193.841,1,21
0.0674,1.3599,-0.2061,-24.024,293.476,-192.744,1,21
0.9448,-0.6074,0.2583,117.744,-56.402,58.049,2,21
0.9453,-0.6250,0.2632,120.366,-57.439,59.573,2,21
0.9443,-0.6392,0.2661,123.232,-58.902,60.488,2,21
0.9341,-0.6646,0.2661,126.098,-60.122,61.707,2,21
0.9370,-0.6870,0.2764,128.720,-61.220,62.866,2,21
0.9341,-0.7041,0.2900,131.707,-62.378,64.268,2,21
0.9316,-0.7183,0.3057,134.146,-63.598,65.549,2,21
0.9253,-0.7334,0.3110,136.524,-64.939,66.463,2,21
0.8564,-0.9194,0.3345,143.963,-91.402,82.134,2,21
0.8535,-0.9326,0.3359,142.439,-92.561,83.049,2,21
0.8521,-0.9375,0.3345,141.037,-93.354,83.537,2,21
0.8457,-0.9482,0.3164,138.537,-94.512,83.963,2,21
0.8403,-0.9658,0.3184,136.707,-95.549,84.207,2,21
0.8354,-0.9785,0.2998,134.329,-95.976,84.634,2,21
0.8281,-0.9932,0.2983,132.317,-96.524,85.000,2,21
0.8364,-1.0112,0.3008,130.305,-96.646,85.122,2,21
0.9077,1.1763,-0.1743,85.244,340.488,-169.634,1,21
0.8931,1.1577,-0.1821,81.585,335.732,-168.110,1,21
0.8706,1.1411,-0.2021,77.744,331.890,-166.646,1,21
0.8643,1.1323,-0.2139,73.537,328.537,-165.671,1,21
0.8501,1.1147,-0.2207,68.232,325.915,-164.451,1,21
0.8491,1.1113,-0.2285,62.439,323.659,-163.354,1,21
0.8345,1.0991,-0.2295,56.646,322.561,-162.012,1,21
0.8237,1.0908,-0.2358,50.671,320.854,-160.488,1,21
0.8926,-1.0679,0.1733,70.854,-109.878,41.768,2,21
0.8906,-1.0742,0.1641,70.732,-110.122,40.488,2,21
0.8770,-1.0796,0.1641,70.183,-110.915,38.110,2,21
0.8682,-1.0942,0.1641,70.000,-111.585,35.793,2,21
0.8560,-1.1118,0.1660,69.512,-112.195,33.232,2,21
0.8340,-1.1206,0.1689,69.207,-113.537,30.549,2,21
0.8296,-1.1250,0.1709,69.146,-114.207,27.683,2,21
0.8169,-1.1279,0.1597,68.598,-115.427,25.000,2,21
0.8647,0.5664,-0.4810,9.573,236.341,-86.341,1,21
0.8423,0.5615,-0.4839,13.902,234.024,-86.463,1,21
0.8218,0.5576,-0.4937,19.390,232.866,-86.341,1,21
0.8096,0.5557,-0.4985,24.512,230.610,-85.976,1,21
0.7954,0.5532,-0.4893,30.244,228.780,-85.366,1,21
0.7905,0.5449,-0.4897,35.854,227.134,-84.695,1,21
0.7773,0.5337,-0.4937,42.195,224.756,-83.841,1,21
0.7729,0.5244,-0.4980,48.293,222.439,-82.744,1,21
0.8135,0.4316,-0.4463,107.317,200.183,-74.878,1,21
0.8276,0.4170,-0.4165,113.232,196.524,-74.390,1,21
0.8462,0.3999,-0.4043,119.573,192.805,-74.024,1,21
0.8633,0.3843,-0.3921,125.549,188.659,-73.598,1,21
0.8862,0.3672,-0.3838,131.707,184.024,-73.415,1,21
0.9102,0.3516,-0.3760,136.341,179.268,-73.476,1,21
0.9336,0.3511,-0.3516,139.695,174.512,-73.720,1,21
0.9453,0.3379,-0.3369,141.829,169.268,-74.329,1,21
0.5410,-0.9585,-0.1089,48.841,-97.561,-59.268,2,21
0.5356,-0.9492,-0.1099,49.878,-95.122,-59.268,2,21
0.5464,-0.9429,-0.1250,51.341,-92.317,-59.146,2,21
0.5537,-0.9424,-0.1118,52.622,-89.756,-59.451,2,21
0.5596,-0.9302,-0.1318,53.780,-87.012,-59.024,2,21
0.5654,-0.9297,-0.1260,54.451,-84.390,-58.963,2,21
0.5698,-0.9321,-0.1279,55.366,-81.646,-58.902,2,21
0.5791,-0.9307,-0.1372,55.976,-79.207,-58.659,2,21
1.0327,0.9771,-0.1499,49.390,40.793,-119.451,1,21
1.0322,1.0269,-0.1216,49.390,38.537,-116.402,1,21
1.0269,1.0747,-0.0884,50.915,36.890,-113.598,1,21
1.0093,1.1230,-0.0605,53.171,35.305,-110.366,1,21
1.0015,1.1675,-0.0459,56.951,33.659,-106.768,1,21
0.9888,1.2070,-0.0205,62.378,32.073,-102.866,1,21
0.9761,1.2563,-0.0303,68.720,30.183,-98.963,1,21
0.9624,1.2988,-0.0244,76.585,28.110,-94.878,1,21
0.5850,-0.9321,-0.1421,56.524,-76.768,-58.598,2,21
0.5942,-0.9419,-0.1519,57.195,-73.963,-58.902,2,21
0.5972,-0.9438,-0.1675,57.683,-71.463,-58.841,2,21
0.6016,-0.9546,-0.1675,57.988,-69.329,-58.841,2,21
0.6079,-0.9590,-0.1748,58.293,-66.829,-58.841,2,21
0.6074,-0.9604,-0.1846,58.659,-64.390,-58.780,2,21
0.6084,-0.9722,-0.1968,58.659,-62.134,-58.780,2,21
0.6079,-0.9844,-0.2002,58.963,-59.329,-58.537,2,21
0.9541,1.3335,-0.0308,84.939,25.915,-90.549,1,21
0.9380,1.3618,-0.0400,93.780,23.902,-85.915,1,21
0.9399,1.3823,-0.0459,103.171,21.646,-81.098,1,21
0.9287,1.3921,-0.0654,112.744,19.695,-75.793,1,21
0.9282,1.3945,-0.0864,121.159,17.622,-70.549,1,21
0.9282,1.3809,-0.0942,130.305,16.402,-64.695,1,21
0.9194,1.3647,-0.1147,138.354,15.305,-58.841,1,21
0.9155,1.3223,-0.1270,145.244,14.573,-52.683,1,21
0.6099,-0.9932,-0.2012,59.390,-57.012,-58.415,2,21
0.6064,-1.0063,-0.2148,59.512,-54.268,-58.171,2,21
0.6055,-1.0132,-0.2217,59.695,-51.524,-58.049,2,21
0.6074,-1.0288,-0.2310,60.000,-48.659,-57.683,2,21
0.6104,-1.0376,-0.2344,60.000,-46.098,-57.195,2,21
0.6094,-1.0459,-0.2393,59.878,-43.049,-56.951,2,21
0.6118,-1.0493,-0.2480,60.427,-39.878,-56.768,2,21
0.6084,-1.0513,-0.2544,59.878,-37.195,-56.402,2,21
0.9263,1.2822,-0.1426,152.439,14.329,-46.463,1,21
0.9233,1.2305,-0.1514,158.293,14.207,-40.488,1,21
0.9360,1.1758,-0.1704,162.683,14.085,-34.512,1,21
0.9648,1.1260,-0.1787,165.671,14.634,-29.207,1,21
0.9751,1.0806,-0.1748,166.829,14.817,-23.902,1,21
0.9976,1.0269,-0.1890,166.463,15.366,-19.268,1,21
1.0234,0.9756,-0.1899,164.024,15.976,-14.573,1,21
1.0381,0.9272,-0.1885,159.695,16.341,-10.366,1,21
0.6108,-1.0703,-0.2593,60.000,-33.963,-55.610,2,21
0.6133,-1.0781,-0.2710,59.634,-31.159,-55.549,2,21
0.6172,-1.0791,-0.2725,59.939,-28.293,-55.061,2,21
0.6143,-1.0884,-0.2827,59.634,-25.488,-54.390,2,21
0.6099,-1.0913,-0.2861,59.512,-22.927,-54.146,2,21
0.6108,-1.0903,-0.2935,59.451,-20.183,-53.659,2,21
0.6118,-1.0967,-0.3188,58.963,-17.927,-53.110,2,21
0.6069,-1.0918,-0.3130,58.415,-15.366,-52.561,2,21
1.0518,0.8833,-0.1880,154.268,16.646,-6.463,1,21
1.0776,0.8311,-0.1948,147.073,16.524,-2.683,1,21
1.0850,0.7871,-0.1899,138.902,15.976,1.037,1,21
1.0977,0.7446,-0.1851,129.634,15.305,4.634,1,21
1.1021,0.7026,-0.1841,119.329,14.634,8.049,1,21
1.1089,0.6616,-0.1904,108.293,13.049,10.671,1,21
1.1167,0.6270,-0.1875,97.134,12.134,13.537,1,21
1.1060,0.5820,-0.1826,85.488,10.488,15.915,1,21
0.5991,-1.0972,-0.3291,58.415,-12.988,-52.195,2,21
0.5967,-1.0850,-0.3408,57.561,-11.098,-51.829,2,21
0.6006,-1.0889,-0.3535,56.768,-8.780,-51.341,2,21
0.5942,-1.0830,-0.3569,56.463,-6.463,-50.976,2,21
0.5859,-1.0840,-0.3618,56.037,-4.573,-50.061,2,21
0.5898,-1.0752,-0.3716,55.976,-2.317,-49.756,2,21
0.5850,-1.0674,-0.3657,55.732,-0.427,-49.207,2,21
0.5820,-1.0576,-0.3687,55.732,1.646,-48.598,2,21
1.0942,0.5483,-0.1660,73.963,9.024,18.841,1,21
1.0830,0.5054,-0.1675,62.500,7.744,21.098,1,21
1.0688,0.4609,-0.1714,51.524,6.159,23.293,1,21
1.0464,0.4341,-0.1743,41.037,4.817,25.122,1,21
1.0303,0.3975,-0.1772,30.549,3.659,26.341,1,21
1.0112,0.3662,-0.1855,20.244,2.988,27.256,1,21
0.9912,0.3403,-0.1836,10.183,2.561,27.988,1,21
0.9678,0.3198,-0.1851,0.976,2.500,28.232,1,21
0.5786,-1.0518,-0.3711,54.817,2.866,-48.049,2,21
0.5762,-1.0405,-0.3667,54.451,5.183,-47.622,2,21
0.5796,-1.0278,-0.3730,53.841,6.646,-47.256,2,21
0.5898,-1.0132,-0.3740,53.476,8.110,-46.646,2,21
0.5908,-1.0044,-0.3838,52.988,9.634,-46.220,2,21
0.6001,-0.9917,-0.3828,52.988,11.341,-45.793,2,21
0.6025,-0.9790,-0.3994,52.622,12.317,-45.183,2,21
0.6050,-0.9531,-0.3926,52.805,13.415,-44.695,2,21
0.9473,0.2881,-0.1841,-8.293,2.866,27.988,1,21
0.9292,0.2690,-0.1797,-16.890,3.537,27.256,1,21
0.9170,0.2505,-0.1870,-24.817,4.634,26.280,1,21
0.9009,0.2354,-0.1982,-31.646,5.366,25.061,1,21
0.8887,0.2251,-0.1948,-38.537,6.098,23.476,1,21
0.8804,0.2124,-0.2007,-45.061,7.317,21.829,1,21
0.8735,0.1987,-0.1934,-51.646,8.293,20.488,1,21
0.8579,0.1958,-0.2026,-57.378,9.085,18.841,1,21
0.8062,-0.6763,-0.6558,73.841,-19.268,-24.390,2,21
0.8149,-0.6733,-0.6582,74.390,-22.256,-24.085,2,21
0.8291,-0.6812,-0.6567,74.756,-25.244,-23.963,2,21
0.8325,-0.6919,-0.6733,74.878,-28.598,-23.537,2,21
0.8506,-0.6938,-0.6851,74.512,-31.585,-23.232,2,21
0.8545,-0.7090,-0.7021,73.963,-34.634,-22.988,2,21
0.8560,-0.7163,-0.7129,73.780,-37.866,-23.049,2,21
0.8560,-0.7300,-0.7285,72.744,-40.976,-22.622,2,21
0.6152,0.0195,-0.3604,-47.561,12.805,-22.500,1,21
0.5981,0.0132,-0.3633,-44.939,13.598,-25.000,1,21
0.5908,0.0024,-0.3740,-41.890,15.122,-27.378,1,21
0.5835,-0.0049,-0.3833,-39.085,16.341,-30.000,1,21
0.5669,-0.0146,-0.3857,-36.220,17.805,-32.561,1,21
0.5532,-0.0205,-0.3867,-32.866,18.537,-35.244,1,21
0.5562,-0.0293,-0.3999,-29.207,20.366,-37.622,1,21
0.5425,-0.0298,-0.4185,-25.610,21.768,-40.244,1,21
0.8599,-0.7363,-0.7310,71.890,-44.024,-22.195,2,21
0.8525,-0.7437,-0.7422,70.732,-46.890,-22.012,2,21
0.8511,-0.7607,-0.7534,69.512,-49.634,-21.707,2,21
0.8457,-0.7695,-0.7583,67.805,-52.561,-21.159,2,21
0.8335,-0.7856,-0.7656,65.732,-54.207,-21.220,2,21
0.8325,-0.8105,-0.7822,63.415,-56.220,-20.793,2,21
0.8154,-0.8320,-0.7837,61.402,-57.622,-20.427,2,21
0.8105,-0.8525,-0.7866,58.780,-59.390,-20.366,2,21
0.5444,-0.0400,-0.4165,-22.622,23.293,-43.049,1,21
0.5381,-0.0420,-0.4209,-20.061,25.305,-45.793,1,21
0.5332,-0.0537,-0.4209,-18.354,27.439,-49.024,1,21
0.5283,-0.0571,-0.4243,-17.012,29.451,-52.622,1,21
0.5186,-0.0732,-0.4209,-15.305,32.195,-55.854,1,21
0.5283,-0.0791,-0.4307,-13.171,34.817,-59.085,1,21
0.5215,-0.0884,-0.4165,-11.646,37.378,-62.256,1,21
0.5313,-0.0952,-0.4087,-9.634,39.817,-65.244,1,21
0.7847,-0.8833,-0.7788,54.695,-61.220,-20.366,2,21
0.7827,-0.8921,-0.7861,53.049,-61.707,-20.671,2,21
0.7793,-0.9189,-0.7778,49.695,-62.561,-21.220,2,21
0.7725,-0.9355,-0.7852,45.732,-63.780,-22.195,2,21
0.7603,-0.9565,-0.7725,42.195,-64.634,-22.744,2,21
0.7500,-0.9746,-0.7583,37.866,-65.915,-24.146,2,21
0.7456,-0.9844,-0.7461,33.354,-66.646,-25.122,2,21
0.7329,-0.9995,-0.7500,28.476,-67.500,-26.280,2,21
0.7036,0.0508,-0.0122,20.305,82.500,-124.817,1,21
0.7129,0.0620,-0.0107,21.159,82.744,-124.451,1,21
0.7397,0.0898,0.0098,22.744,83.415,-123.659,1,21
0.7588,0.1113,0.0361,24.512,83.659,-122.927,1,21
0.7808,0.1289,0.0366,26.524,83.537,-122.500,1,21
0.7949,0.1631,0.0410,29.329,83.293,-121.646,1,21
0.8057,0.2036,0.0522,32.561,82.683,-121.159,1,21
0.8291,0.2524,0.0781,35.183,82.195,-120.976,1,21
0.5977,-0.9580,-0.6416,-84.085,-50.122,-58.841,2,21
0.5928,-0.9512,-0.6401,-85.183,-49.024,-59.756,2,21
0.5776,-0.9443,-0.6504,-85.854,-47.500,-60.671,2,21
0.5762,-0.9385,-0.6450,-86.463,-45.854,-61.524,2,21
0.5703,-0.9399,-0.6450,-85.793,-44.390,-62.439,2,21
0.5659,-0.9233,-0.6450,-85.244,-43.171,-63.537,2,21
0.5630,-0.9214,-0.6558,-84.451,-41.646,-64.329,2,21
0.5552,-0.9150,-0.6553,-83.354,-40.122,-65.427,2,21
0.9331,0.9194,0.0737,25.854,58.720,-89.329,1,21
0.9399,0.9399,0.0552,25.183,58.293,-85.427,1,21
0.9497,0.9697,0.0327,23.415,57.439,-81.159,1,21
0.9648,0.9883,0.0195,21.037,56.463,-77.195,1,21
0.9712,1.0015,-0.0034,18.841,55.366,-72.805,1,21
0.9912,1.0161,-0.0225,16.402,54.146,-68.293,1,21
0.9995,1.0264,-0.0317,14.207,52.988,-63.780,1,21
1.0244,1.0366,-0.0718,12.378,51.646,-58.780,1,21
1.0454,1.0518,-0.0967,10.915,51.341,-53.537,1,21
1.0791,1.0674,-0.1201,8.963,51.037,-47.866,1,21
1.1011,1.0767,-0.1572,7.866,50.488,-41.951,1,21
1.1401,1.0854,-0.1880,5.976,50.427,-35.610,1,21
1.1724,1.0850,-0.2241,4.390,50.183,-29.085,1,21
1.2090,1.0903,-0.2559,2.500,50.061,-21.768,1,21
1.2344,1.0825,-0.2642,0.122,49.878,-15.061,1,21
1.2676,1.0752,-0.2725,-2.134,49.451,-8.537,1,21
1.3159,1.0562,-0.2681,-6.037,49.146,-1.707,1,21
1.3564,1.0322,-0.2700,-9.512,49.024,5.000,1,21
1.4023,1.0015,-0.2686,-13.537,48.354,11.220,1,21
1.4536,0.9648,-0.2632,-16.829,47.317,17.988,1,21
1.5293,0.9238,-0.2813,-19.329,45.732,24.329,1,21
1.6006,0.8843,-0.2710,-21.951,43.354,31.280,1,21
1.6851,0.8384,-0.2749,-24.024,40.610,37.988,1,21
1.7749,0.7988,-0.2744,-27.500,37.317,44.817,1,21
0.0361,-1.1177,-0.3286,-30.915,2.439,-88.232,2,21
0.0088,-1.1240,-0.3149,-31.890,3.293,-88.780,2,21
-0.0098,-1.1338,-0.3008,-33.598,4.207,-89.268,2,21
-0.0498,-1.1406,-0.2969,-35.244,5.427,-89.695,2,21
-0.0630,-1.1475,-0.2935,-37.378,6.707,-90.122,2,21
-0.0972,-1.1538,-0.2905,-39.512,8.659,-90.610,2,21
-0.1304,-1.1538,-0.2827,-42.073,10.610,-91.098,2,21
-0.1606,-1.1636,-0.2773,-43.902,12.988,-91.037,2,21
1.8682,0.7554,-0.2646,-31.707,33.354,51.159,1,21
1.9697,0.7100,-0.2661,-36.098,29.268,56.890,1,21
2.0840,0.6567,-0.2407,-41.341,24.085,62.439,1,21
2.1987,0.6167,-0.2183,-46.524,18.537,67.073,1,21
2.3174,0.5679,-0.2012,-52.317,11.829,71.098,1,21
2.4419,0.5195,-0.1831,-57.805,4.024,74.695,1,21
2.5708,0.4741,-0.1855,-63.476,-5.061,77.439,1,21
2.6885,0.4453,-0.1758,-68.598,-14.695,79.390,1,21
3.0142,0.7051,-0.3901,-100.610,-124.207,57.256,1,21
3.0063,0.7417,-0.4038,-100.488,-128.780,57.195,1,21
2.9795,0.8354,-0.4282,-100.427,-138.354,57.866,1,21
2.9604,0.9126,-0.4604,-99.390,-147.378,59.756,1,21
2.9385,1.0386,-0.4839,-95.610,-161.220,64.817,1,21
2.9277,1.1147,-0.4805,-92.439,-170.122,68.841,1,21
2.9141,1.1987,-0.4683,-89.329,-178.963,73.537,1,21
2.9063,1.2554,-0.4561,-84.390,-188.293,78.293,1,21
2.9106,1.3091,-0.4204,-78.476,-197.988,83.293,1,21
2.9102,1.3423,-0.3818,-71.159,-207.561,89.268,1,21
2.9077,1.3696,-0.3257,-63.354,-217.622,95.366,1,21
2.9102,1.3711,-0.2832,-54.878,-227.988,102.378,1,21
2.8960,1.3623,-0.2388,-45.000,-239.573,109.512,1,21
2.8828,1.3359,-0.1929,-34.268,-251.341,116.646,1,21
2.8467,1.3081,-0.1372,-23.354,-263.110,123.110,1,21
2.8032,1.2700,-0.0981,-12.683,-275.244,128.780,1,21
1.1826,0.5830,1.1987,-25.244,-456.341,253.659,1,21
1.1582,0.5815,1.2100,-29.878,-459.878,256.159,1,21
1.1558,0.5869,1.2129,-33.780,-463.354,258.537,1,21
1.1416,0.6060,1.2227,-36.768,-466.280,260.671,1,21
1.1411,0.6255,1.2324,-39.207,-469.146,262.439,1,21
1.1328,0.6558,1.2427,-41.098,-471.280,263.598,1,21
1.1284,0.6943,1.2637,-42.927,-473.537,264.329,1,21
1.1172,0.7373,1.2837,-44.329,-476.098,264.756,1,21
0.9434,2.0151,1.3315,11.768,-509.878,280.732,1,21
0.9238,2.0913,1.3188,17.561,-510.915,282.622,1,21
0.9019,2.1670,1.3037,22.317,-511.768,285.488,1,21
0.8770,2.2383,1.3105,27.012,-512.012,288.171,1,21
0.8501,2.3149,1.2969,30.732,-511.707,291.585,1,21
0.8154,2.3745,1.2861,34.329,-511.341,295.305,1,21
0.7749,2.4331,1.2734,37.622,-511.463,299.146,1,21
0.7373,2.4839,1.2456,41.402,-511.402,303.293,1,21
1.4961,-0.9839,0.7588,-219.573,127.256,151.646,2,21
1.4868,-0.9829,0.7861,-221.098,127.988,149.695,2,21
1.4775,-0.9775,0.7891,-222.012,128.598,147.134,2,21
1.4766,-0.9780,0.8027,-222.744,129.024,144.268,2,21
1.4629,-0.9702,0.8125,-222.866,129.817,141.707,2,21
1.4556,-0.9561,0.8271,-222.317,130.122,138.902,2,21
1.4502,-0.9458,0.8257,-221.280,130.671,135.793,2,21
1.4473,-0.9321,0.8242,-220.183,131.280,133.293,2,21
1.1108,-0.7422,0.6675,-157.317,128.476,91.646,2,21
1.0815,-0.7183,0.6509,-152.866,127.439,89.085,2,21
1.0591,-0.7012,0.6274,-148.232,126.159,86.402,2,21
1.0337,-0.6914,0.6133,-143.902,125.183,83.902,2,21
1.0146,-0.6763,0.5894,-139.695,123.902,81.768,2,21
0.9873,-0.6523,0.5688,-135.549,122.866,79.390,2,21
0.9688,-0.6289,0.5503,-132.012,121.463,77.378,2,21
0.9512,-0.6152,0.5264,-128.598,120.366,75.488,2,21
-0.9233,2.0938,-0.4087,-2.988,-308.902,387.378,1,21
-0.8369,2.1265,-0.4287,-5.854,-304.573,373.720,1,21
-0.7495,2.1558,-0.4580,-7.927,-303.354,360.671,1,21
-0.6748,2.1743,-0.4775,-9.268,-302.744,348.232,1,21
-0.6094,2.2061,-0.5010,-10.793,-300.549,337.378,1,21
-0.5718,2.2168,-0.5205,-11.646,-296.646,329.085,1,21
-0.5518,2.2271,-0.5020,-13.476,-290.061,322.561,1,21
-0.5576,2.2163,-0.4907,-16.585,-281.707,317.927,1,21
0.9355,-0.5874,0.5015,-125.915,119.024,73.902,2,21
0.9272,-0.5767,0.4917,-123.598,117.805,72.012,2,21
0.9204,-0.5566,0.4775,-121.829,117.012,70.732,2,21
0.9146,-0.5386,0.4580,-120.549,115.915,69.695,2,21
0.9033,-0.5190,0.4419,-119.085,114.756,68.293,2,21
0.8945,-0.5034,0.4346,-118.841,113.780,67.744,2,21
0.8892,-0.4927,0.4102,-118.171,112.866,66.768,2,21
0.8989,-0.4751,0.3989,-117.988,112.195,66.585,2,21
-0.5889,2.2183,-0.4526,-20.122,-272.256,314.268,1,21
-0.6348,2.1987,-0.3887,-24.573,-263.598,311.402,1,21
-0.7026,2.1631,-0.3306,-29.939,-254.817,308.476,1,21
-0.7842,2.1147,-0.2568,-35.305,-247.622,304.756,1,21
-0.8794,2.0850,-0.1860,-41.768,-240.122,300.549,1,21
-0.9966,2.0313,-0.1138,-49.085,-233.110,295.366,1,21
-1.1172,1.9863,-0.0547,-56.463,-225.305,290.488,1,21
-1.2573,1.9302,-0.0063,-64.939,-217.561,285.244,1,21
0.8857,-0.4658,0.3794,-118.171,111.341,66.037,2,21
0.8838,-0.4575,0.3696,-118.232,110.000,65.671,2,21
0.8906,-0.4404,0.3638,-118.841,109.268,65.488,2,21
0.8804,-0.4219,0.3491,-118.963,107.805,65.244,2,21
0.8838,-0.4155,0.3335,-120.122,106.220,64.878,2,21
0.8882,-0.4019,0.3198,-120.183,104.756,64.939,2,21
0.8936,-0.3887,0.3115,-120.488,103.659,64.695,2,21
0.8955,-0.3799,0.3037,-120.122,102.012,64.329,2,21
-1.4912,1.8374,0.0542,-78.354,-204.695,278.841,1,21
-1.5718,1.8018,0.0679,-82.561,-199.756,276.768,1,21
-1.7397,1.7183,0.0815,-91.098,-190.549,272.988,1,21
-1.9204,1.6274,0.0850,-98.659,-180.549,269.268,1,21
-2.0938,1.5391,0.0845,-104.817,-170.793,264.878,1,21
-2.2715,1.4507,0.0615,-109.024,-161.280,259.878,1,21
-2.5293,1.3125,0.0049,-110.854,-148.293,250.305,1,21
-2.6758,1.2212,-0.0386,-110.732,-141.524,242.500,1,21
-1.5298,0.5835,-0.0991,-5.244,43.415,-7.683,1,21
-1.5249,0.5825,-0.0625,1.037,51.463,-16.585,1,21
-1.5112,0.5771,-0.0322,7.622,59.817,-24.939,1,21
-1.5039,0.5625,-0.0068,13.720,67.195,-32.256,1,21
-1.4741,0.5513,0.0225,19.939,73.720,-40.244,1,21
-1.4546,0.5327,0.0381,25.427,79.695,-47.744,1,21
-1.4282,0.5103,0.0640,30.244,85.244,-55.122,1,21
-1.3950,0.4888,0.0791,33.963,90.183,-62.561,1,21
-0.7134,0.7319,0.1401,-2.500,158.598,-156.037,1,21
-0.6958,0.7764,0.1250,-5.793,161.646,-158.415,1,21
-0.6787,0.8218,0.1035,-8.780,164.573,-160.732,1,21
-0.6646,0.8706,0.1025,-11.646,167.195,-162.317,1,21
-0.6470,0.9048,0.0830,-13.598,170.000,-163.780,1,21
-0.6289,0.9448,0.0649,-15.610,172.500,-165.061,1,21
-0.6182,0.9771,0.0562,-16.951,175.854,-165.976,1,21
-0.5977,1.0190,0.0420,-17.805,178.476,-166.768,1,21
1.0869,-0.3491,0.0532,56.463,-42.134,22.012,2,21
1.0884,-0.3608,0.0444,57.195,-44.329,20.244,2,21
1.0859,-0.3677,0.0366,57.744,-46.951,18.720,2,21
1.0835,-0.3794,0.0278,58.780,-49.146,16.829,2,21
1.0977,-0.3833,0.0210,59.634,-51.951,15.305,2,21
1.0903,-0.3955,0.0239,60.366,-54.146,13.354,2,21
1.1006,-0.4023,0.0176,60.915,-56.646,12.195,2,21
1.0874,-0.4063,0.0122,61.280,-58.841,11.220,2,21
-0.5703,1.0518,0.0122,-18.598,182.866,-167.622,1,21
-0.5659,1.0688,0.0020,-19.024,184.512,-167.622,1,21
-0.5474,1.0908,0.0024,-19.024,187.805,-167.622,1,21
-0.5142,1.1196,-0.0034,-19.207,192.866,-167.927,1,21
-0.4937,1.1265,-0.0010,-19.085,196.341,-167.866,1,21
-0.4702,1.1396,-0.0098,-19.695,199.573,-167.622,1,21
-0.4478,1.1431,-0.0151,-19.329,203.232,-167.500,1,21
-0.4219,1.1479,-0.0239,-19.695,206.280,-167.134,1,21
1.0850,-0.4189,0.0195,61.524,-61.159,10.244,2,21
1.0913,-0.4321,0.0254,61.768,-63.293,9.207,2,21
1.0840,-0.4473,0.0244,62.012,-65.305,8.659,2,21
1.0728,-0.4521,0.0269,62.622,-67.256,8.110,2,21
1.0708,-0.4688,0.0347,63.293,-69.329,7.561,2,21
1.0635,-0.4858,0.0430,64.512,-71.220,7.073,2,21
1.0566,-0.4951,0.0454,65.000,-73.415,6.037,2,21
1.0479,-0.5098,0.0459,65.610,-74.939,5.610,2,21
-0.3984,1.1440,-0.0264,-19.451,209.695,-167.195,1,21
-0.3755,1.1455,-0.0234,-19.573,212.805,-166.707,1,21
-0.3574,1.1475,-0.0405,-19.329,216.220,-166.341,1,21
-0.3252,1.1494,-0.0283,-19.573,219.146,-166.280,1,21
-0.3018,1.1426,-0.0361,-19.451,222.988,-165.549,1,21
-0.2759,1.1489,-0.0474,-19.634,226.280,-165.488,1,21
-0.2505,1.1426,-0.0493,-19.451,229.817,-165.000,1,21
-0.2319,1.1416,-0.0518,-18.780,233.476,-163.963,1,21
1.0269,-0.5220,0.0552,66.280,-76.890,4.817,2,21
1.0225,-0.5405,0.0635,67.317,-78.171,4.146,2,21
1.0132,-0.5596,0.0767,67.683,-79.268,3.537,2,21
1.0020,-0.5786,0.0815,68.902,-80.671,2.927,2,21
1.0044,-0.6025,0.0957,70.061,-81.585,2.378,2,21
0.9956,-0.6279,0.1128,71.159,-82.744,2.012,2,21
0.9907,-0.6504,0.1201,72.683,-83.659,1.646,2,21
0.9810,-0.6787,0.1387,73.720,-84.634,1.220,2,21
-0.0337,1.0654,-0.0605,-10.061,273.415,-154.634,1,21
-0.0146,1.0483,-0.0542,-8.232,278.537,-153.232,1,21
0.0024,1.0356,-0.0693,-6.707,283.963,-151.890,1,21
0.0356,1.0093,-0.0845,-5.549,289.268,-150.488,1,21
0.0527,0.9961,-0.0947,-4.207,295.061,-149.024,1,21
0.0796,0.9795,-0.1128,-3.110,301.280,-147.317,1,21
0.1035,0.9678,-0.1343,-2.073,308.293,-145.183,1,21
0.1343,0.9810,-0.1431,-1.341,315.732,-142.073,1,21
0.9126,-0.8672,0.2251,81.524,-98.963,-6.463,2,21
0.9141,-0.8770,0.2354,82.500,-100.915,-7.805,2,21
0.9033,-0.8794,0.2354,82.988,-102.134,-9.268,2,21
0.9033,-0.8848,0.2354,83.598,-104.024,-10.366,2,21
0.8936,-0.8872,0.2290,84.085,-105.366,-11.585,2,21
0.8862,-0.8848,0.2256,85.122,-107.073,-12.744,2,21
0.8916,-0.8833,0.2319,86.037,-108.232,-13.598,2,21
0.8906,-0.8716,0.2339,86.280,-109.939,-14.207,2,21
0.1538,0.9897,-0.1626,-1.890,324.451,-137.317,1,21
0.1743,0.9805,-0.1812,-1.524,333.476,-131.646,1,21
0.1973,0.9404,-0.1914,0.732,343.354,-127.195,1,21
0.2183,0.9038,-0.2163,2.927,354.024,-125.671,1,21
0.2251,0.8687,-0.2207,5.610,365.427,-126.463,1,21
0.2402,0.8530,-0.2021,8.720,376.220,-128.537,1,21
0.2554,0.8506,-0.1929,10.183,385.305,-130.366,1,21
0.2856,0.8374,-0.1973,10.793,394.634,-133.476,1,21
0.8989,-0.8564,0.2314,87.927,-111.951,-14.634,2,21
0.8979,-0.8535,0.2339,89.085,-113.354,-15.000,2,21
0.9033,-0.8481,0.2407,89.634,-113.841,-15.122,2,21
0.9194,-0.8472,0.2358,91.402,-114.878,-15.122,2,21
0.9248,-0.8369,0.2451,93.049,-115.732,-15.000,2,21
0.9360,-0.8286,0.2427,95.854,-117.073,-14.268,2,21
0.9448,-0.8267,0.2446,97.744,-117.988,-13.780,2,21
0.9434,-0.8242,0.2422,99.390,-118.902,-13.232,2,21
0.3052,0.8125,-0.2129,10.671,404.939,-137.073,1,21
0.3164,0.7988,-0.2056,11.280,414.634,-141.768,1,21
0.3354,0.7979,-0.1934,12.683,424.024,-147.195,1,21
0.3506,0.8125,-0.1641,13.598,432.134,-152.622,1,21
0.3604,0.8398,-0.1187,14.512,437.561,-158.049,1,21
0.3931,0.8403,-0.1172,16.037,440.915,-163.780,1,21
0.4136,0.8535,-0.1055,18.232,443.354,-170.000,1,21
0.4312,0.9014,-0.0835,21.098,443.537,-176.402,1,21
0.9297,-0.9229,0.2500,114.268,-126.768,-5.610,2,21
0.9165,-0.9404,0.2529,115.000,-128.049,-4.573,2,21
0.9072,-0.9482,0.2549,116.098,-129.268,-3.659,2,21
0.8989,-0.9575,0.2446,116.159,-130.244,-2.927,2,21
0.8979,-0.9692,0.2344,115.915,-131.707,-2.195,2,21
0.8896,-0.9800,0.2305,116.098,-132.500,-1.402,2,21
0.8896,-1.0000,0.2217,115.854,-133.415,-0.305,2,21
0.8804,-1.0059,0.2222,115.976,-133.659,0.244,2,21
0.4263,1.3013,-0.1641,39.695,428.171,-208.841,1,21
0.4258,1.3149,-0.1733,40.610,428.110,-209.512,1,21
0.4160,1.3442,-0.1919,42.439,427.744,-211.280,1,21
0.4004,1.3667,-0.2134,43.598,428.841,-212.622,1,21
0.3926,1.3813,-0.2139,43.841,429.756,-213.659,1,21
0.3833,1.3857,-0.2339,43.720,430.793,-214.390,1,21
0.3848,1.3940,-0.2393,42.927,431.829,-214.695,1,21
0.3872,1.3955,-0.2524,42.195,432.622,-214.329,1,21
0.8706,-1.0132,0.2319,115.610,-134.268,1.159,2,21
0.8711,-1.0283,0.2222,115.366,-134.634,1.646,2,21
0.8584,-1.0269,0.2251,115.183,-134.573,2.622,2,21
0.8594,-1.0303,0.2266,114.512,-135.427,2.866,2,21
0.8516,-1.0288,0.2222,113.780,-135.427,3.415,2,21
0.8447,-1.0391,0.2310,112.988,-135.793,3.780,2,21
0.8433,-1.0435,0.2241,112.500,-136.159,4.024,2,21
0.8408,-1.0347,0.2349,111.951,-136.707,4.268,2,21
0.3931,1.3931,-0.2412,40.061,434.451,-213.049,1,21
0.3931,1.3853,-0.2495,37.988,435.061,-211.463,1,21
0.4077,1.3857,-0.2319,35.061,435.671,-209.207,1,21
0.4141,1.3726,-0.2358,32.561,435.671,-207.012,1,21
0.4277,1.3584,-0.2256,29.024,435.366,-204.207,1,21
0.4443,1.3457,-0.2051,25.366,434.512,-200.793,1,21
0.4551,1.3325,-0.1792,21.159,433.841,-197.500,1,21
0.4673,1.3076,-0.1523,16.402,432.561,-193.963,1,21
0.4863,1.2861,-0.1333,11.890,430.915,-190.305,1,21
0.4985,1.2573,-0.1128,7.317,428.780,-186.220,1,21
0.5259,1.2310,-0.1016,3.659,426.280,-181.951,1,21
0.5518,1.2124,-0.0884,-0.793,422.988,-177.866,1,21
0.5830,1.1968,-0.0840,-3.902,420.061,-174.146,1,21
0.6074,1.1880,-0.0835,-8.171,416.768,-169.817,1,21
0.6333,1.1689,-0.0928,-11.585,413.598,-166.037,1,21
0.6655,1.1753,-0.0908,-15.000,410.244,-162.317,1,21
0.7500,-1.0967,0.2808,91.524,-142.012,-2.683,2,21
0.7310,-1.0977,0.2759,90.976,-142.439,-3.476,2,21
0.7275,-1.1025,0.2773,90.061,-142.683,-4.390,2,21
0.7168,-1.1069,0.2769,89.512,-143.354,-5.122,2,21
0.7090,-1.1079,0.2808,89.451,-143.354,-5.915,2,21
0.6992,-1.1143,0.2734,88.537,-143.780,-6.707,2,21
0.6914,-1.1128,0.2773,88.354,-143.780,-7.561,2,21
0.6831,-1.1162,0.2603,87.744,-143.902,-8.780,2,21
1.0093,1.3193,-0.2256,-28.354,345.671,-104.878,1,21
1.0205,1.3096,-0.2456,-26.951,341.585,-100.671,1,21
1.0405,1.2979,-0.2549,-25.671,337.988,-96.220,1,21
1.0576,1.2817,-0.2642,-24.024,334.085,-91.951,1,21
1.0776,1.2593,-0.2642,-22.195,330.610,-87.866,1,21
1.0996,1.2388,-0.2822,-19.573,326.646,-83.598,1,21
1.1274,1.2085,-0.2939,-16.402,322.927,-79.329,1,21
1.1519,1.2021,-0.2983,-12.927,318.476,-75.488,1,21
1.1738,1.1802,-0.2979,-8.963,313.963,-71.463,1,21
1.2017,1.1631,-0.3091,-5.061,308.659,-67.805,1,21
1.2236,1.1460,-0.3125,-0.549,303.049,-64.634,1,21
1.2441,1.1260,-0.3237,4.268,297.256,-61.585,1,21
1.2549,1.1050,-0.3320,8.963,291.220,-58.780,1,21
1.2637,1.0923,-0.3340,14.817,284.756,-56.463,1,21
1.2822,1.0732,-0.3442,20.427,277.683,-54.634,1,21
1.2754,1.0679,-0.3438,25.915,271.159,-53.049,1,21
1.2837,1.0498,-0.3496,31.341,264.146,-51.829,1,21
1.2764,1.0435,-0.3481,36.890,257.622,-50.549,1,21
1.2593,1.0249,-0.3486,42.073,250.671,-49.573,1,21
1.2510,1.0186,-0.3467,47.317,243.963,-48.841,1,21
1.2383,1.0117,-0.3389,51.890,237.683,-48.110,1,21
1.2280,0.9946,-0.3364,57.195,231.341,-47.317,1,21
1.2148,0.9834,-0.3335,61.951,224.573,-46.098,1,21
1.1997,0.9688,-0.3267,67.134,217.927,-45.000,1,21
0.6304,-1.1235,0.2910,69.512,-142.500,-32.317,2,21
0.6250,-1.1284,0.2964,68.232,-142.378,-34.146,2,21
0.6138,-1.1328,0.2900,66.829,-142.622,-36.341,2,21
0.6089,-1.1260,0.2910,65.427,-142.988,-38.232,2,21
0.6016,-1.1221,0.2920,64.573,-143.171,-40.000,2,21
0.5977,-1.1187,0.2881,63.476,-143.354,-42.134,2,21
0.5830,-1.1133,0.2871,62.622,-143.841,-43.963,2,21
0.5801,-1.1050,0.2764,61.890,-143.720,-45.671,2,21
1.1943,0.9399,-0.3311,75.061,207.988,-42.866,1,21
1.1890,0.9438,-0.3315,77.256,204.390,-42.012,1,21
1.1851,0.9272,-0.3262,81.463,197.622,-40.183,1,21
1.1650,0.9082,-0.3213,85.671,190.610,-38.780,1,21
1.1553,0.8867,-0.3179,92.012,180.122,-35.854,1,21
1.1523,0.8735,-0.3354,96.768,172.439,-34.329,1,21
1.1382,0.8589,-0.3379,100.793,165.244,-32.927,1,21
1.1357,0.8496,-0.3398,105.305,158.049,-31.585,1,21
0.8027,0.4155,-0.1313,104.512,8.476,0.305,1,21
0.8105,0.4048,-0.1396,100.061,9.878,0.366,1,21
0.8154,0.4067,-0.1533,95.793,11.402,0.732,1,21
0.8179,0.3970,-0.1592,90.976,12.988,0.671,1,21
0.8315,0.3936,-0.1577,86.707,14.878,0.610,1,21
0.8350,0.3882,-0.1616,81.707,17.195,0.671,1,21
0.8433,0.3843,-0.1680,75.976,19.329,0.305,1,21
0.8472,0.3828,-0.1699,70.976,21.402,-0.305,1,21
0.7173,0.2803,-0.1753,4.695,27.134,-28.780,1,21
0.6953,0.2642,-0.1782,2.378,27.744,-30.915,1,21
0.6792,0.2612,-0.1787,-0.244,28.171,-32.988,1,21
0.6650,0.2524,-0.1846,-2.195,28.537,-34.817,1,21
0.6475,0.2456,-0.1792,-4.573,29.512,-36.768,1,21
0.6299,0.2393,-0.1670,-6.463,30.427,-38.902,1,21
0.6196,0.2246,-0.1753,-8.841,31.341,-40.976,1,21
0.6089,0.2168,-0.1655,-10.610,32.134,-42.561,1,21
0.9429,-0.8271,-0.7051,92.073,9.390,-42.927,2,21
0.9517,-0.8340,-0.7227,92.500,3.171,-42.134,2,21
0.9658,-0.8452,-0.7480,92.866,-2.500,-41.037,2,21
0.9688,-0.8569,-0.7637,93.476,-8.598,-39.634,2,21
0.9775,-0.8804,-0.7739,93.537,-14.146,-38.232,2,21
0.9805,-0.9009,-0.7979,93.415,-20.061,-37.012,2,21
0.9814,-0.9233,-0.8237,93.049,-26.280,-35.305,2,21
0.9922,-0.9541,-0.8521,91.890,-31.890,-34.207,2,21
0.6479,-0.0811,-0.2544,5.732,81.951,-94.146,1,21
0.6680,-0.0786,-0.2539,4.451,82.195,-95.854,1,21
0.6816,-0.0840,-0.2476,3.049,82.195,-97.561,1,21
0.7036,-0.0825,-0.2534,0.488,82.012,-99.878,1,21
0.7197,-0.0845,-0.2554,-2.805,81.646,-102.012,1,21
0.7373,-0.0767,-0.2749,-6.159,81.098,-104.512,1,21
0.7524,-0.0659,-0.2749,-9.146,80.488,-107.134,1,21
0.7622,-0.0488,-0.2642,-12.866,79.878,-109.634,1,21
0.9858,-0.9917,-0.8857,90.488,-37.500,-33.049,2,21
0.9814,-1.0332,-0.9053,89.146,-43.476,-31.890,2,21
0.9639,-1.0728,-0.9336,87.378,-49.146,-31.037,2,21
0.9419,-1.1113,-0.9521,85.366,-54.268,-30.549,2,21
0.9189,-1.1543,-0.9722,83.659,-59.512,-30.244,2,21
0.9004,-1.1875,-0.9878,81.402,-64.512,-30.061,2,21
0.8755,-1.2212,-1.0029,79.207,-68.963,-30.305,2,21
0.8320,-1.2622,-1.0088,77.195,-72.317,-30.488,2,21
0.7847,-0.0249,-0.2573,-17.988,79.512,-112.683,1,21
0.7891,-0.0117,-0.2461,-24.451,78.963,-115.610,1,21
0.8047,0.0103,-0.2549,-30.610,77.927,-118.232,1,21
0.8164,0.0249,-0.2900,-34.756,76.585,-120.732,1,21
0.8374,0.0635,-0.3208,-37.683,75.427,-122.805,1,21
0.8569,0.1079,-0.3276,-41.280,74.390,-124.939,1,21
0.8618,0.1650,-0.3296,-47.500,74.024,-126.951,1,21
0.8711,0.2158,-0.3330,-53.902,74.024,-129.085,1,21
1.2920,1.4521,-0.3003,-54.939,112.134,-81.159,1,21
1.3091,1.4878,-0.2603,-47.683,110.061,-75.427,1,21
1.3389,1.5005,-0.2256,-39.573,106.585,-69.207,1,21
1.3521,1.5000,-0.2124,-30.671,102.683,-62.805,1,21
1.3530,1.5000,-0.2100,-21.098,98.476,-55.671,1,21
1.3628,1.4844,-0.1914,-11.768,94.207,-48.110,1,21
1.3672,1.4600,-0.1831,-1.890,90.488,-40.183,1,21
1.3608,1.4380,-0.1611,6.585,87.012,-31.890,1,21
0.7056,-1.2778,-0.6079,-48.415,-87.683,-80.854,2,21
0.6958,-1.2485,-0.5977,-52.561,-86.768,-83.232,2,21
0.6909,-1.2217,-0.5938,-57.073,-86.707,-85.122,2,21
0.6831,-1.1909,-0.5933,-61.280,-85.793,-87.256,2,21
0.6758,-1.1621,-0.6006,-65.061,-85.061,-88.963,2,21
0.6714,-1.1406,-0.5938,-68.293,-84.207,-90.915,2,21
0.6572,-1.1074,-0.6143,-71.768,-83.049,-92.256,2,21
0.6499,-1.0820,-0.6064,-74.329,-81.585,-93.659,2,21
1.3589,1.3931,-0.1416,14.268,84.207,-23.171,1,21
1.3638,1.3579,-0.1255,20.915,81.098,-14.878,1,21
1.3511,1.3062,-0.0977,27.256,78.780,-5.610,1,21
1.3569,1.2432,-0.0605,31.585,76.829,2.744,1,21
1.3691,1.1860,-0.0210,34.939,74.878,11.280,1,21
1.3716,1.1260,0.0146,36.341,72.439,19.512,1,21
1.3926,1.0645,0.0537,36.829,70.793,27.744,1,21
1.4097,1.0039,0.0845,35.915,68.659,35.610,1,21
1.4258,0.9453,0.1162,34.451,65.793,43.049,1,21
1.4551,0.8828,0.1450,31.280,63.232,50.427,1,21
1.4683,0.8267,0.1597,27.561,59.939,57.622,1,21
1.4800,0.7651,0.1880,22.622,56.341,64.146,1,21
1.4937,0.7021,0.2041,17.439,51.707,71.098,1,21
1.4990,0.6401,0.2061,11.768,47.134,77.317,1,21
1.5039,0.5811,0.2085,6.890,41.402,82.744,1,21
1.4946,0.5264,0.1982,2.134,36.037,87.805,1,21
0.2876,-0.7012,-0.5200,-92.500,-58.415,-98.720,2,21
0.2666,-0.6831,-0.5112,-91.829,-57.134,-97.988,2,21
0.2471,-0.6670,-0.4990,-90.854,-55.671,-97.439,2,21
0.2212,-0.6523,-0.4868,-89.878,-54.085,-96.037,2,21
0.2031,-0.6411,-0.4722,-88.659,-52.805,-94.695,2,21
0.1841,-0.6387,-0.4663,-87.439,-50.793,-93.476,2,21
0.1606,-0.6294,-0.4443,-85.244,-48.963,-91.707,2,21
0.1348,-0.6294,-0.4204,-83.780,-47.378,-89.939,2,21
0.1152,-0.6221,-0.4111,-81.585,-45.732,-88.110,2,21
0.0845,-0.6206,-0.3911,-80.000,-43.841,-86.646,2,21
0.0591,-0.6299,-0.3745,-79.024,-42.195,-84.695,2,21
0.0317,-0.6343,-0.3691,-77.805,-40.793,-82.866,2,21
0.0049,-0.6396,-0.3545,-76.646,-39.085,-81.280,2,21
-0.0151,-0.6523,-0.3335,-75.549,-37.256,-79.573,2,21
-0.0488,-0.6650,-0.3096,-74.207,-35.366,-78.049,2,21
-0.0825,-0.6807,-0.2925,-73.780,-33.476,-76.768,2,21
0.9365,-0.1563,0.1006,-99.573,-54.939,71.402,1,21
0.9360,-0.1748,0.1177,-105.305,-52.927,67.073,1,21
0.9570,-0.1953,0.1353,-106.707,-51.585,63.841,1,21
0.9917,-0.1934,0.1616,-106.524,-50.671,60.549,1,21
1.0298,-0.1934,0.2017,-107.378,-50.549,57.378,1,21
1.0923,-0.1909,0.2383,-109.451,-50.793,54.939,1,21
1.1597,-0.2036,0.2583,-112.256,-52.256,52.744,1,21
1.2539,-0.2207,0.2852,-113.232,-55.000,51.220,1,21
-0.3413,-0.9272,-0.1914,-95.244,-10.671,-57.256,2,21
-0.3472,-0.9360,-0.1919,-97.622,-9.207,-56.220,2,21
-0.3740,-0.9668,-0.1865,-101.829,-5.549,-54.878,2,21
-0.3911,-0.9966,-0.1831,-106.585,-1.463,-53.537,2,21
-0.4121,-1.0137,-0.1846,-110.854,3.354,-52.134,2,21
-0.4268,-1.0342,-0.1709,-116.829,11.402,-50.244,2,21
-0.4351,-1.0483,-0.1631,-120.976,17.195,-49.329,2,21
-0.4336,-1.0513,-0.1650,-123.537,20.000,-48.598,2,21
1.3472,-0.2349,0.3252,-114.390,-58.415,49.939,1,21
1.4531,-0.2646,0.3647,-115.610,-62.927,48.598,1,21
1.5894,-0.2944,0.3955,-116.402,-68.476,48.232,1,21
1.7314,-0.3193,0.4209,-116.159,-75.427,47.622,1,21
1.8906,-0.3413,0.4492,-115.488,-84.146,47.256,1,21
2.0439,-0.3706,0.4653,-115.061,-94.451,46.829,1,21
2.2241,-0.4058,0.4629,-114.512,-107.195,46.463,1,21
2.3857,-0.4194,0.4653,-113.293,-122.073,45.671,1,21
-0.4355,-1.0542,-0.1533,-129.329,29.573,-46.463,2,21
-0.4263,-1.0503,-0.1494,-133.110,35.976,-44.817,2,21
-0.4048,-1.0469,-0.1494,-137.012,42.500,-42.927,2,21
-0.3818,-1.0444,-0.1548,-140.549,48.659,-40.610,2,21
-0.3560,-1.0381,-0.1484,-143.354,55.244,-38.171,2,21
-0.3359,-1.0303,-0.1479,-145.549,61.768,-35.793,2,21
-0.3047,-1.0210,-0.1357,-147.012,68.963,-33.232,2,21
-0.2676,-1.0063,-0.1357,-147.988,76.159,-30.488,2,21
2.5356,-0.4316,0.4487,-111.646,-139.146,44.451,1,21
2.6670,-0.4336,0.4561,-110.549,-157.988,42.622,1,21
2.7778,-0.4287,0.4575,-110.854,-178.476,39.939,1,21
2.8643,-0.4302,0.4355,-110.671,-199.207,37.073,1,21
2.9199,-0.4224,0.3940,-108.902,-220.610,33.780,1,21
2.9551,-0.4146,0.3467,-106.159,-241.341,31.037,1,21
2.9526,-0.3750,0.2715,-101.951,-261.159,28.049,1,21
2.9419,-0.3394,0.2065,-97.378,-279.634,25.732,1,21
3.3340,1.0347,0.9092,-133.415,-470.732,87.012,1,21
3.2681,1.1211,0.9790,-127.622,-485.488,87.805,1,21
3.1934,1.2231,1.0498,-121.646,-500.915,90.000,1,21
3.1079,1.3267,1.1001,-114.817,-517.012,94.512,1,21
3.0034,1.4268,1.1582,-108.720,-532.134,100.732,1,21
2.8906,1.5205,1.2041,-102.866,-547.317,108.963,1,21
2.7622,1.6118,1.2485,-97.012,-561.402,118.110,1,21
2.6392,1.6870,1.2979,-92.500,-574.390,128.902,1,21
2.5161,1.7734,1.3647,-89.024,-585.915,140.061,1,21
2.3867,1.8477,1.4453,-86.829,-596.159,151.341,1,21
2.2642,1.8970,1.5063,-85.488,-606.098,163.110,1,21
2.1543,1.9531,1.5625,-83.537,-615.915,175.244,1,21
2.0649,1.9941,1.6187,-81.037,-625.671,187.500,1,21
1.9580,2.0391,1.6665,-77.988,-635.305,199.817,1,21
1.8604,2.0894,1.7432,-76.220,-644.207,212.256,1,21
1.7627,2.1357,1.8125,-75.488,-653.232,224.390,1,21
1.4805,-0.6465,0.8110,-155.183,210.061,119.817,2,21
1.5483,-0.6367,0.8672,-155.793,207.317,121.159,2,21
1.6108,-0.6289,0.9077,-157.744,204.695,122.622,2,21
1.6685,-0.6245,0.9531,-159.695,201.768,124.451,2,21
1.7227,-0.6279,0.9980,-163.110,197.988,126.524,2,21
1.7544,-0.6406,1.0269,-167.683,194.390,128.780,2,21
1.7817,-0.6548,1.0728,-172.317,190.549,131.524,2,21
1.8066,-0.6777,1.1016,-177.012,186.890,133.963,2,21
1.8101,-0.7075,1.1426,-182.378,183.110,136.951,2,21
1.8179,-0.7466,1.1704,-188.232,179.939,139.939,2,21
1.8164,-0.7891,1.1997,-194.085,176.341,142.439,2,21
1.8091,-0.8345,1.2285,-199.634,172.927,145.000,2,21
1.8027,-0.8823,1.2417,-206.220,169.451,147.012,2,21
1.7925,-0.9375,1.2588,-212.805,166.341,148.171,2,21
1.7856,-0.9805,1.2578,-219.939,162.866,148.780,2,21
1.7808,-1.0181,1.2617,-226.524,159.756,149.024,2,21
0.1509,2.2446,2.3994,-30.610,-773.476,373.110,1,21
0.1011,2.2368,2.3594,-31.646,-773.902,374.024,1,21
0.0420,2.2202,2.3013,-33.902,-773.537,375.061,1,21
-0.0195,2.2026,2.2446,-37.195,-772.683,376.037,1,21
-0.0923,2.1709,2.1694,-41.341,-772.195,376.341,1,21
-0.1675,2.1372,2.1006,-46.159,-771.646,375.854,1,21
-0.2456,2.1055,2.0151,-51.646,-771.159,375.061,1,21
-0.3154,2.0728,1.9600,-58.110,-769.939,373.720,1,21
-0.3892,2.0474,1.8970,-65.549,-768.841,372.256,1,21
-0.4463,2.0171,1.8496,-74.085,-767.378,371.159,1,21
-0.5195,1.9751,1.8008,-83.293,-765.366,369.695,1,21
-0.5747,1.9160,1.7422,-92.012,-764.878,368.963,1,21
-0.6465,1.8418,1.6528,-99.634,-764.634,368.598,1,21
-0.6938,1.7681,1.5435,-105.366,-766.402,367.317,1,21
-0.7520,1.6880,1.4482,-108.476,-768.780,366.463,1,21
-0.8066,1.6138,1.3486,-108.902,-771.341,364.695,1,21
1.4258,-0.5869,0.7676,-284.695,91.341,112.927,2,21
1.3770,-0.5928,0.7363,-282.866,89.512,113.598,2,21
1.3320,-0.5996,0.6992,-281.402,87.561,113.841,2,21
1.2710,-0.6074,0.6714,-279.634,85.976,114.146,2,21
1.2285,-0.6211,0.6294,-278.049,84.268,114.085,2,21
1.1782,-0.6328,0.5986,-276.280,82.500,114.268,2,21
1.1372,-0.6460,0.5649,-274.878,80.793,114.085,2,21
1.0884,-0.6460,0.5459,-272.744,79.024,113.780,2,21
0.2681,1.5205,-0.7056,173.902,-386.220,257.805,1,21
0.3921,1.4961,-0.6128,185.732,-355.427,254.451,1,21
0.4771,1.4697,-0.4976,195.488,-326.037,250.427,1,21
0.5313,1.4536,-0.3711,203.476,-300.183,246.098,1,21
0.5322,1.4453,-0.2480,210.000,-278.171,239.573,1,21
0.4912,1.4370,-0.1201,214.573,-260.305,231.220,1,21
0.4419,1.4434,0.0117,218.110,-246.341,221.707,1,21
0.3691,1.4688,0.1499,220.305,-234.085,211.159,1,21
0.8643,-0.5039,0.3677,-250.244,57.744,108.293,2,21
0.8691,-0.4712,0.3452,-247.744,54.939,107.683,2,21
0.8682,-0.4365,0.3174,-244.878,51.890,106.707,2,21
0.8789,-0.4067,0.2925,-241.890,48.780,106.402,2,21
0.8901,-0.3667,0.2651,-239.207,45.793,105.976,2,21
0.8994,-0.3296,0.2427,-235.793,42.805,105.610,2,21
0.9146,-0.2964,0.2129,-232.561,39.512,105.549,2,21
0.9351,-0.2676,0.1924,-228.902,36.220,105.854,2,21
-1.4326,1.9595,0.5249,24.146,-18.659,152.195,1,21
-1.4888,1.9092,0.5073,15.976,-9.207,151.768,1,21
-1.5303,1.8364,0.4863,9.451,-0.610,150.915,1,21
-1.5718,1.7559,0.4663,3.841,7.317,149.939,1,21
-1.5952,1.6655,0.4360,-0.061,15.549,147.805,1,21
-1.6265,1.5752,0.3872,-3.110,23.537,145.244,1,21
-1.6440,1.4858,0.3330,-4.390,31.707,141.768,1,21
-1.6685,1.4194,0.2778,-5.122,39.146,138.110,1,21
-1.6660,1.3560,0.2354,-4.878,46.585,134.268,1,21
-1.6753,1.3003,0.1895,-3.841,54.024,130.366,1,21
-1.6772,1.2578,0.1748,-2.622,61.585,125.854,1,21
-1.6592,1.2314,0.1665,-0.976,70.549,121.524,1,21
-1.6489,1.2065,0.1709,1.159,79.085,117.561,1,21
-1.6099,1.1890,0.1543,4.207,87.012,113.780,1,21
-1.5640,1.1719,0.1406,8.110,94.085,110.061,1,21
-1.5200,1.1719,0.1333,12.622,100.976,106.098,1,21
-0.7583,0.7114,-0.1621,52.927,212.622,-59.329,1,21
-0.7144,0.7100,-0.1650,52.927,214.634,-65.976,1,21
-0.6880,0.7085,-0.1646,51.951,216.707,-72.073,1,21
-0.6484,0.7109,-0.1782,51.098,219.024,-78.415,1,21
-0.6226,0.7129,-0.1792,51.098,221.524,-83.902,1,21
-0.5884,0.7212,-0.1885,50.610,224.207,-89.268,1,21
-0.5625,0.7266,-0.1943,50.976,226.585,-94.451,1,21
-0.5317,0.7349,-0.1968,50.732,229.329,-99.695,1,21
-0.2856,0.7974,-0.1895,48.110,260.610,-139.329,1,21
-0.2476,0.8110,-0.1973,48.354,263.841,-144.024,1,21
-0.2256,0.8140,-0.2080,48.232,267.012,-148.293,1,21
-0.1855,0.8306,-0.2144,48.293,269.878,-152.683,1,21
-0.1641,0.8335,-0.2104,48.476,272.500,-157.195,1,21
-0.1416,0.8535,-0.2070,48.720,275.122,-161.951,1,21
-0.1162,0.8662,-0.2158,48.902,277.805,-166.220,1,21
-0.0801,0.8818,-0.2246,49.573,280.366,-170.671,1,21
0.9868,-0.1904,0.0703,60.122,-33.293,100.366,2,21
0.9907,-0.2085,0.0820,63.232,-34.634,99.268,2,21
1.0068,-0.2178,0.0957,65.732,-36.280,98.598,2,21
1.0244,-0.2354,0.1021,69.207,-38.110,97.561,2,21
1.0400,-0.2529,0.1201,72.683,-39.756,96.829,2,21
1.0474,-0.2729,0.1392,75.610,-41.402,95.915,2,21
1.0713,-0.2778,0.1621,78.780,-42.927,95.549,2,21
1.0874,-0.3032,0.1699,81.829,-44.878,94.939,2,21
0.1035,1.1533,-0.2949,59.451,302.988,-197.683,1,21
0.1221,1.1895,-0.3003,60.427,307.012,-197.866,1,21
0.1426,1.2129,-0.3247,62.195,311.220,-197.683,1,21
0.1587,1.2393,-0.3389,64.268,315.366,-196.890,1,21
0.1636,1.2637,-0.3511,67.439,319.573,-195.732,1,21
0.1768,1.2749,-0.3628,70.488,323.902,-195.976,1,21
0.1748,1.2651,-0.3760,73.293,329.634,-197.439,1,21
0.1719,1.2500,-0.3809,76.890,336.159,-200.244,1,21
1.1055,-0.3120,0.1812,85.000,-46.829,94.512,2,21
1.1187,-0.3320,0.2109,87.988,-48.598,94.451,2,21
1.1216,-0.3491,0.2168,90.488,-50.427,94.207,2,21
1.1323,-0.3657,0.2349,93.659,-52.622,94.329,2,21
1.1362,-0.3804,0.2495,96.768,-54.817,94.573,2,21
1.1348,-0.3940,0.2549,99.817,-57.134,95.061,2,21
1.1304,-0.4253,0.2583,103.537,-59.451,95.732,2,21
1.1245,-0.4424,0.2798,107.500,-61.890,97.012,2,21
0.1704,1.2500,-0.3867,79.939,346.159,-204.329,1,21
0.1660,1.2515,-0.3857,81.098,349.207,-205.671,1,21
0.1719,1.2344,-0.3872,83.902,355.366,-207.927,1,21
0.1802,1.2256,-0.3994,87.317,360.793,-210.671,1,21
0.1885,1.2134,-0.3862,92.439,366.037,-213.293,1,21
0.2090,1.2280,-0.3691,97.256,369.695,-216.829,1,21
0.2314,1.2505,-0.3408,101.768,375.122,-222.073,1,21
0.2563,1.2412,-0.3408,104.390,378.049,-225.488,1,21
1.1143,-0.4609,0.2954,110.976,-63.780,98.110,2,21
1.1104,-0.4868,0.3140,114.939,-65.671,99.695,2,21
1.0903,-0.5239,0.3267,119.024,-67.439,101.037,2,21
1.0742,-0.5591,0.3467,122.744,-68.720,102.805,2,21
1.0747,-0.5947,0.3691,127.439,-70.305,104.512,2,21
1.0649,-0.6377,0.3960,131.463,-71.646,105.976,2,21
1.0537,-0.6841,0.4102,136.585,-72.988,107.378,2,21
1.0566,-0.7329,0.4380,140.976,-74.268,108.476,2,21
0.2715,1.2471,-0.3120,109.024,380.549,-228.354,1,21
0.2900,1.2637,-0.2988,112.683,381.707,-231.159,1,21
0.3125,1.2705,-0.2939,116.280,382.683,-233.720,1,21
0.3325,1.2886,-0.2856,119.024,383.720,-236.159,1,21
0.3486,1.2979,-0.2954,121.220,384.756,-238.171,1,21
0.3662,1.3154,-0.2891,123.720,385.671,-240.122,1,21
0.3774,1.3271,-0.2881,125.244,386.707,-242.012,1,21
0.3872,1.3428,-0.2739,126.524,387.744,-244.085,1,21
0.3989,1.3501,-0.2729,127.256,389.634,-246.098,1,21
0.4053,1.3608,-0.2598,127.195,390.183,-248.354,1,21
0.4136,1.3687,-0.2500,126.341,391.037,-250.305,1,21
0.4282,1.3794,-0.2476,125.061,391.585,-252.683,1,21
0.4307,1.3799,-0.2456,122.988,392.256,-254.878,1,21
0.4482,1.3970,-0.2275,119.512,392.317,-257.073,1,21
0.4609,1.3965,-0.2158,115.976,392.561,-258.720,1,21
0.4697,1.4033,-0.2261,111.951,392.012,-260.366,1,21
0.9097,-1.5249,0.6021,186.037,-130.305,86.768,2,21
0.8896,-1.5469,0.5977,185.549,-134.756,83.537,2,21
0.8682,-1.5596,0.5972,184.573,-139.329,80.061,2,21
0.8574,-1.5708,0.5786,183.354,-144.146,77.195,2,21
0.8442,-1.5757,0.5811,182.561,-148.415,74.024,2,21
0.8315,-1.5894,0.5820,180.915,-152.561,70.976,2,21
0.8208,-1.5864,0.5737,178.598,-157.134,67.622,2,21
0.8286,-1.6011,0.5669,176.524,-161.707,64.695,2,21
0.6563,1.5479,-0.0439,64.573,394.268,-259.695,1,21
0.6802,1.5605,-0.0151,58.963,391.768,-257.073,1,21
0.7070,1.5698,0.0249,52.988,388.598,-253.963,1,21
0.7358,1.5767,0.0503,45.610,384.451,-250.305,1,21
0.7646,1.5747,0.0688,38.354,379.024,-246.524,1,21
0.7949,1.5825,0.0708,30.793,373.902,-241.768,1,21
0.8340,1.5859,0.0596,22.866,368.232,-237.073,1,21
0.8569,1.5996,0.0635,15.244,363.110,-231.646,1,21
0.8247,-1.6069,0.5620,173.841,-165.671,61.341,2,21
0.8281,-1.6196,0.5635,170.793,-169.512,58.476,2,21
0.8320,-1.6353,0.5596,167.378,-173.171,55.305,2,21
0.8350,-1.6533,0.5693,163.780,-176.402,51.951,2,21
0.8374,-1.6616,0.5693,160.061,-179.939,48.659,2,21
0.8398,-1.6763,0.5806,156.098,-183.415,45.305,2,21
0.8467,-1.6895,0.5942,152.012,-186.768,41.829,2,21
0.8457,-1.7012,0.6025,147.866,-190.915,38.537,2,21
0.7764,-1.8389,0.6143,102.195,-227.073,7.927,2,21
0.7632,-1.8594,0.6099,96.037,-230.366,4.756,2,21
0.7432,-1.8843,0.5894,89.695,-233.598,1.524,2,21
0.7158,-1.9028,0.5845,83.171,-237.134,-1.585,2,21
0.6909,-1.9194,0.5791,77.195,-240.244,-5.061,2,21
0.6689,-1.9204,0.5786,71.463,-243.476,-8.232,2,21
0.6372,-1.9292,0.5708,66.829,-246.402,-12.012,2,21
0.6006,-1.9238,0.5679,60.915,-249.817,-15.549,2,21
0.8281,1.4385,-0.0688,-25.610,313.171,-139.573,1,21
0.8340,1.4268,-0.0562,-18.476,312.561,-133.659,1,21
0.8389,1.4150,-0.0317,-11.037,311.890,-128.293,1,21
0.8462,1.3921,-0.0156,-2.500,310.671,-122.378,1,21
0.8535,1.3657,-0.0181,6.585,308.415,-115.976,1,21
0.8667,1.3428,-0.0356,16.585,306.341,-109.756,1,21
0.8779,1.3174,-0.0288,27.256,303.720,-103.171,1,21
0.8979,1.2759,-0.0474,44.634,299.085,-93.780,1,21
0.5649,-1.9248,0.5469,55.305,-253.171,-19.268,2,21
0.5425,-1.9199,0.5342,50.366,-256.037,-22.988,2,21
0.5093,-1.9204,0.5205,45.122,-258.598,-26.829,2,21
0.4702,-1.9082,0.5122,40.793,-260.183,-30.854,2,21
0.4429,-1.9009,0.4761,36.098,-261.646,-34.939,2,21
0.4204,-1.8970,0.4536,32.256,-262.439,-39.146,2,21
0.3984,-1.8784,0.4409,28.354,-262.744,-43.049,2,21
0.3706,-1.8657,0.4282,24.146,-262.439,-47.439,2,21
0.9004,1.2559,-0.0547,50.549,297.317,-91.037,1,21
0.9224,1.1997,-0.0942,68.720,291.524,-82.561,1,21
0.9282,1.1675,-0.0972,80.915,287.561,-77.256,1,21
0.9336,1.1250,-0.1401,93.049,283.598,-73.049,1,21
0.9370,1.0952,-0.1611,104.695,279.817,-68.720,1,21
0.9312,1.0562,-0.1753,115.244,276.098,-65.488,1,21
0.9233,1.0176,-0.1807,125.915,272.805,-62.622,1,21
0.9185,0.9775,-0.2031,135.305,269.756,-60.183,1,21
0.9175,0.9282,-0.2207,144.207,266.402,-58.415,1,21
0.9028,0.8955,-0.2383,152.805,263.537,-57.195,1,21
0.8975,0.8652,-0.2515,161.159,261.159,-55.976,1,21
0.8926,0.8389,-0.2500,168.354,258.902,-55.122,1,21
0.8940,0.8071,-0.2480,174.695,257.439,-54.207,1,21
0.8887,0.7764,-0.2461,180.610,255.915,-53.415,1,21
0.8745,0.7412,-0.2432,185.671,255.000,-52.561,1,21
0.8823,0.7168,-0.2212,191.280,253.659,-51.402,1,21
0.2422,-1.7168,0.3530,-8.049,-249.695,-86.768,2,21
0.2432,-1.6948,0.3501,-13.049,-246.585,-92.927,2,21
0.2432,-1.6860,0.3447,-14.817,-245.305,-94.878,2,21
0.2383,-1.6753,0.3403,-17.744,-243.171,-98.902,2,21
0.2314,-1.6631,0.3433,-21.280,-240.671,-102.805,2,21
0.2314,-1.6558,0.3384,-24.085,-237.805,-106.768,2,21
0.2324,-1.6426,0.3359,-27.256,-235.183,-110.427,2,21
0.2275,-1.6401,0.3413,-30.976,-232.561,-114.085,2,21
0.8828,0.6924,-0.2085,196.402,251.829,-50.549,1,21
0.8833,0.6660,-0.1929,201.159,249.878,-49.512,1,21
0.8872,0.6426,-0.1709,206.159,247.927,-48.354,1,21
0.8882,0.6221,-0.1528,210.549,245.183,-47.439,1,21
0.8931,0.5967,-0.1279,214.573,242.622,-46.524,1,21
0.8940,0.5747,-0.1191,218.415,239.024,-45.488,1,21
0.8955,0.5420,-0.1064,222.500,235.183,-44.329,1,21
0.8921,0.5176,-0.0933,226.707,230.610,-43.293,1,21
0.0815,-1.4136,0.2207,-80.427,-172.378,-168.049,2,21
0.0703,-1.3887,0.2109,-81.280,-168.232,-170.366,2,21
0.0605,-1.3599,0.2197,-82.988,-163.963,-171.768,2,21
0.0439,-1.3369,0.2217,-83.780,-159.512,-173.598,2,21
0.0449,-1.3149,0.2153,-84.390,-154.939,-175.305,2,21
0.0356,-1.2939,0.2183,-84.329,-150.366,-176.585,2,21
0.0298,-1.2729,0.2153,-84.024,-145.793,-178.049,2,21
0.0239,-1.2397,0.2236,-83.537,-141.829,-179.756,2,21
0.8931,0.1743,-0.1128,249.390,140.976,-46.585,1,21
0.8979,0.1577,-0.1196,245.671,134.634,-47.683,1,21
0.8970,0.1318,-0.1177,241.280,127.439,-48.598,1,21
0.8862,0.1113,-0.1387,235.671,120.793,-49.634,1,21
0.8843,0.0869,-0.1226,229.329,113.354,-50.915,1,21
0.8784,0.0571,-0.1431,222.439,106.768,-52.134,1,21
0.8862,0.0381,-0.1787,215.061,100.549,-53.476,1,21
0.8838,0.0234,-0.2178,208.171,94.329,-54.878,1,21
0.0151,-1.2261,0.2065,-83.171,-137.561,-180.976,2,21
0.0186,-1.2041,0.1997,-81.890,-133.049,-182.195,2,21
0.0186,-1.1743,0.1963,-80.488,-129.329,-183.293,2,21
0.0171,-1.1484,0.1860,-78.537,-125.061,-184.329,2,21
0.0161,-1.1313,0.1895,-76.341,-120.915,-185.244,2,21
0.0171,-1.1060,0.1768,-74.573,-116.768,-185.671,2,21
0.0220,-1.0869,0.1792,-72.378,-112.927,-185.915,2,21
0.0322,-1.0752,0.1665,-70.000,-108.476,-185.915,2,21
0.8896,0.0181,-0.2476,200.854,89.329,-56.768,1,21
0.8955,0.0151,-0.2734,192.378,84.817,-59.085,1,21
0.8916,0.0361,-0.3022,182.683,81.280,-61.890,1,21
0.8828,0.0688,-0.3125,171.585,77.927,-65.122,1,21
0.8628,0.0967,-0.3413,159.207,74.268,-69.146,1,21
0.8467,0.1328,-0.3594,146.463,70.549,-73.354,1,21
0.8296,0.1763,-0.3716,133.537,67.012,-78.232,1,21
0.8003,0.2324,-0.3813,119.146,63.293,-83.720,1,21
0.0327,-1.0620,0.1621,-68.232,-104.329,-186.037,2,21
0.0459,-1.0552,0.1426,-66.646,-100.366,-185.610,2,21
0.0513,-1.0464,0.1250,-64.634,-96.280,-185.366,2,21
0.0664,-1.0347,0.1089,-62.195,-92.012,-185.244,2,21
0.0757,-1.0264,0.1011,-60.000,-88.354,-184.512,2,21
0.0781,-1.0195,0.0820,-57.317,-84.390,-183.902,2,21
0.0923,-1.0200,0.0708,-55.427,-80.976,-183.537,2,21
0.0977,-1.0127,0.0713,-53.598,-77.683,-182.561,2,21
0.7607,0.3267,-0.3774,97.256,59.024,-91.768,1,21
0.7441,0.3535,-0.3682,90.000,57.927,-94.146,1,21
0.7178,0.4155,-0.3789,75.854,55.976,-98.537,1,21
0.7012,0.4839,-0.3877,63.171,55.183,-102.683,1,21
0.6855,0.5674,-0.3765,50.915,54.573,-106.098,1,21
0.6753,0.6431,-0.3564,38.293,55.671,-109.268,1,21
0.6689,0.7168,-0.3389,26.220,57.866,-111.890,1,21
0.6670,0.7827,-0.3018,14.695,60.488,-113.780,1,21
0.6680,0.8691,-0.2573,-0.122,65.366,-115.366,1,21
0.6704,0.9170,-0.2153,-8.110,68.902,-115.549,1,21
0.6836,0.9458,-0.1655,-15.183,72.439,-114.512,1,21
0.6973,0.9653,-0.1147,-20.122,75.549,-112.683,1,21
0.7114,0.9775,-0.0791,-23.049,77.805,-110.183,1,21
0.7256,0.9932,-0.0356,-24.329,79.451,-106.890,1,21
0.7441,1.0039,-0.0010,-23.232,80.488,-102.683,1,21
0.7573,1.0176,0.0474,-21.220,80.793,-98.354,1,21
0.6167,1.0591,-0.0151,144.817,33.110,-20.488,1,21
0.6313,1.0449,-0.0088,150.427,35.976,-17.378,1,21
0.6372,1.0332,-0.0088,153.902,39.390,-13.902,1,21
0.6606,1.0342,-0.0137,155.976,43.476,-10.244,1,21
0.6978,1.0405,-0.0137,154.817,47.988,-6.341,1,21
0.7422,1.0503,-0.0190,151.585,52.744,-1.463,1,21
0.7988,1.0605,-0.0205,146.707,57.500,3.780,1,21
0.8477,1.0713,-0.0234,140.732,61.707,9.451,1,21
1.0601,0.6450,0.1040,77.439,50.061,42.805,1,21
1.0596,0.5605,0.1055,69.878,45.244,42.317,1,21
1.0479,0.4736,0.1123,62.195,40.305,41.646,1,21
1.0361,0.3916,0.1079,53.537,35.915,40.122,1,21
1.0210,0.3140,0.1045,44.573,31.402,37.805,1,21
1.0068,0.2383,0.0996,35.122,27.439,35.244,1,21
0.9844,0.1714,0.0679,24.756,23.841,31.646,1,21
0.9619,0.1099,0.0601,15.427,20.671,27.683,1,21
0.8149,-0.0718,-0.2285,-54.207,21.768,-18.232,1,21
0.8154,-0.0640,-0.2412,-56.585,22.134,-20.244,1,21
0.8013,-0.0693,-0.2559,-60.183,23.415,-23.902,1,21
0.7969,-0.0591,-0.2788,-63.110,24.268,-27.134,1,21
0.7920,-0.0586,-0.2930,-65.305,25.061,-31.341,1,21
0.7954,-0.0586,-0.2993,-65.793,26.280,-33.902,1,21
0.8013,-0.0557,-0.3042,-65.366,26.890,-35.671,1,21
0.8037,-0.0483,-0.3140,-64.512,27.500,-37.744,1,21
0.6982,-0.6855,-0.5640,105.122,54.634,-9.024,2,21
0.7119,-0.7036,-0.5615,105.305,53.171,-7.134,2,21
0.7046,-0.7129,-0.5693,105.671,51.768,-5.671,2,21
0.7212,-0.7324,-0.5752,105.732,49.390,-3.963,2,21
0.7173,-0.7437,-0.5718,105.549,47.195,-3.171,2,21
0.7285,-0.7461,-0.5703,105.549,44.207,-2.439,2,21
0.7310,-0.7534,-0.5742,105.122,41.159,-1.646,2,21
0.7344,-0.7603,-0.5908,104.878,37.805,-1.220,2,21
0.8213,-0.1372,-0.3760,-47.988,32.012,-57.256,1,21
0.8164,-0.1426,-0.3857,-45.427,31.890,-60.671,1,21
0.7954,-0.1455,-0.3765,-43.841,31.829,-64.451,1,21
0.7944,-0.1528,-0.3848,-42.622,31.829,-68.841,1,21
0.7778,-0.1499,-0.3940,-40.671,31.951,-73.415,1,21
0.7651,-0.1426,-0.4043,-39.085,32.378,-78.598,1,21
0.7480,-0.1313,-0.4150,-37.073,32.744,-83.841,1,21
0.7207,-0.1138,-0.4258,-34.939,34.146,-89.329,1,21
0.8462,-0.7456,-0.6831,105.427,1.585,-2.439,2,21
0.8569,-0.7363,-0.6943,106.037,-2.683,-2.866,2,21
0.8677,-0.7441,-0.7134,106.524,-6.890,-3.659,2,21
0.8823,-0.7495,-0.7153,107.378,-11.220,-4.512,2,21
0.8994,-0.7515,-0.7285,108.171,-15.427,-5.305,2,21
0.8970,-0.7539,-0.7446,108.476,-19.939,-6.159,2,21
0.9126,-0.7695,-0.7651,108.537,-23.780,-6.951,2,21
0.9224,-0.7866,-0.7798,108.049,-27.561,-7.927,2,21
0.8257,0.5210,-0.0215,36.341,75.366,-150.976,1,21
0.8188,0.5762,-0.0215,43.354,73.598,-147.683,1,21
0.8179,0.6216,-0.0171,50.122,71.159,-144.268,1,21
0.7930,0.6660,-0.0254,56.463,69.146,-141.768,1,21
0.7871,0.7007,-0.0361,62.012,66.890,-138.902,1,21
0.7734,0.7422,-0.0327,66.768,64.451,-137.012,1,21
0.7534,0.7856,-0.0562,70.488,62.256,-134.634,1,21
0.7451,0.8193,-0.0977,73.415,60.366,-132.622,1,21
0.7876,-0.9985,-0.6831,-42.988,-69.878,-63.293,2,21
0.7773,-0.9961,-0.6968,-46.524,-69.451,-64.329,2,21
0.7725,-1.0015,-0.6919,-49.329,-68.659,-65.488,2,21
0.7661,-0.9990,-0.6914,-52.073,-67.683,-66.890,2,21
0.7500,-1.0024,-0.7012,-55.000,-66.890,-67.805,2,21
0.7290,-1.0000,-0.7236,-58.354,-65.610,-69.451,2,21
0.7261,-1.0078,-0.7334,-61.280,-64.268,-70.610,2,21
0.7217,-1.0093,-0.7407,-63.598,-62.561,-72.012,2,21
0.7271,0.8652,-0.1299,75.488,58.720,-128.415,1,21
0.7163,0.8994,-0.1445,75.305,57.988,-125.183,1,21
0.6982,0.9185,-0.1587,74.085,58.049,-121.402,1,21
0.6748,0.9448,-0.1494,72.744,58.476,-116.646,1,21
0.6699,0.9648,-0.1548,70.427,59.146,-111.646,1,21
0.6538,0.9839,-0.1523,67.744,59.634,-106.463,1,21
0.6479,1.0088,-0.1289,65.549,60.854,-100.610,1,21
0.6353,1.0352,-0.1191,62.561,61.707,-94.817,1,21
0.7085,0.9917,-0.0103,38.963,76.402,-36.646,1,21
0.7231,0.9634,0.0117,38.780,77.805,-31.159,1,21
0.7388,0.9165,0.0332,39.268,79.024,-26.159,1,21
0.7622,0.8877,0.0547,39.512,79.268,-22.073,1,21
0.7793,0.8384,0.0659,40.610,79.024,-18.354,1,21
0.7944,0.7998,0.0747,41.280,78.110,-15.061,1,21
0.8198,0.7622,0.1016,42.256,76.829,-12.256,1,21
0.8276,0.7134,0.1191,42.317,75.244,-9.390,1,21
0.5679,-0.8433,-0.7231,-53.049,-44.573,-96.341,2,21
0.5586,-0.8340,-0.7329,-50.488,-42.866,-97.195,2,21
0.5503,-0.8232,-0.7241,-47.683,-42.012,-98.110,2,21
0.5415,-0.8125,-0.7134,-45.244,-40.610,-98.537,2,21
0.5215,-0.8066,-0.7095,-42.805,-39.390,-99.024,2,21
0.5107,-0.8047,-0.7109,-40.610,-38.049,-99.817,2,21
0.5029,-0.7988,-0.7051,-38.963,-36.707,-99.756,2,21
0.4893,-0.7876,-0.7021,-36.951,-35.305,-99.817,2,21
0.8398,0.6738,0.1323,42.622,73.171,-7.195,1,21
0.8560,0.6167,0.1426,42.195,70.427,-5.000,1,21
0.8740,0.5713,0.1392,41.768,66.951,-2.744,1,21
0.8887,0.5313,0.1401,40.671,64.146,-0.915,1,21
0.9004,0.4868,0.1230,39.329,60.610,0.671,1,21
0.9155,0.4336,0.1064,37.500,57.622,2.378,1,21
0.9243,0.3945,0.0908,35.366,54.756,3.780,1,21
0.9316,0.3555,0.0532,32.866,52.622,5.122,1,21
0.4736,-0.7754,-0.7007,-35.732,-33.963,-99.756,2,21
0.4692,-0.7749,-0.6895,-34.634,-32.256,-99.329,2,21
0.4648,-0.7671,-0.6807,-33.171,-30.732,-98.963,2,21
0.4541,-0.7715,-0.6714,-32.378,-29.024,-98.354,2,21
0.4541,-0.7617,-0.6689,-31.829,-27.805,-97.805,2,21
0.4585,-0.7593,-0.6606,-31.098,-26.463,-96.829,2,21
0.4565,-0.7607,-0.6553,-32.073,-25.061,-95.915,2,21
0.4570,-0.7622,-0.6475,-32.378,-23.598,-94.817,2,21
0.9395,0.3169,0.0200,30.610,50.854,5.793,1,21
0.9531,0.2798,-0.0078,28.232,49.695,6.463,1,21
0.9629,0.2490,-0.0474,26.768,49.268,6.585,1,21
0.9824,0.2256,-0.1055,26.220,49.146,6.402,1,21
0.9995,0.2134,-0.1689,26.220,49.695,6.037,1,21
1.0229,0.2178,-0.2212,26.524,50.854,5.061,1,21
1.0415,0.2173,-0.2700,26.829,52.317,4.085,1,21
1.0537,0.2319,-0.2974,26.159,54.695,2.500,1,21
0.4595,-0.7686,-0.6465,-33.537,-22.012,-93.720,2,21
0.4663,-0.7725,-0.6401,-34.329,-20.244,-92.561,2,21
0.4653,-0.7764,-0.6338,-35.915,-19.085,-91.159,2,21
0.4634,-0.7778,-0.6255,-37.256,-17.988,-89.878,2,21
0.4590,-0.7788,-0.6304,-39.268,-16.951,-88.354,2,21
0.4570,-0.7891,-0.6226,-41.341,-15.793,-86.280,2,21
0.4507,-0.7910,-0.6216,-43.902,-15.000,-84.573,2,21
0.4517,-0.7935,-0.6230,-46.159,-13.841,-82.927,2,21
1.0698,0.2378,-0.3179,24.939,57.256,0.976,1,21
1.0747,0.2466,-0.3359,23.415,59.451,-0.488,1,21
1.0903,0.2490,-0.3384,21.829,61.890,-2.317,1,21
1.1113,0.2529,-0.3408,20.305,63.780,-3.720,1,21
1.1333,0.2505,-0.3237,19.756,65.366,-4.512,1,21
1.1592,0.2451,-0.3311,20.061,66.768,-5.366,1,21
1.2065,0.2461,-0.3452,21.585,67.256,-5.061,1,21
1.2568,0.2539,-0.3403,23.841,67.134,-4.268,1,21
0.4351,-0.8018,-0.6118,-49.146,-12.805,-81.098,2,21
0.4302,-0.8091,-0.6118,-51.646,-11.524,-79.207,2,21
0.4116,-0.8037,-0.6113,-54.146,-10.183,-77.378,2,21
0.3975,-0.8042,-0.6030,-57.012,-8.902,-75.610,2,21
0.3848,-0.8091,-0.6074,-59.024,-7.500,-73.598,2,21
0.3677,-0.8008,-0.6016,-61.037,-6.402,-71.768,2,21
0.3594,-0.8047,-0.5908,-62.927,-5.122,-70.305,2,21
0.3330,-0.7925,-0.5825,-64.756,-3.841,-68.537,2,21
1.3101,0.2651,-0.3364,25.488,67.927,-3.049,1,21
1.3672,0.2783,-0.3169,26.463,67.683,-1.524,1,21
1.4316,0.2861,-0.3125,27.561,67.378,0.427,1,21
1.5078,0.2827,-0.2998,27.866,66.524,2.012,1,21
1.5830,0.2896,-0.3047,29.085,64.756,4.207,1,21
1.6680,0.2842,-0.3145,30.854,61.768,6.280,1,21
1.7588,0.2915,-0.3184,32.378,58.476,8.598,1,21
1.8394,0.3096,-0.3130,32.866,54.939,10.671,1,21
0.3174,-0.7808,-0.5649,-66.463,-2.927,-66.341,2,21
0.3008,-0.7739,-0.5581,-67.622,-1.890,-64.634,2,21
0.2808,-0.7700,-0.5386,-68.171,-0.244,-62.622,2,21
0.2695,-0.7515,-0.5293,-69.146,0.976,-60.671,2,21
0.2437,-0.7412,-0.5137,-69.329,2.195,-58.902,2,21
0.2275,-0.7261,-0.5063,-69.390,3.720,-56.890,2,21
0.2173,-0.7144,-0.4912,-69.024,5.000,-54.878,2,21
0.1978,-0.7075,-0.4834,-69.207,6.524,-53.171,2,21
1.9741,0.3218,-0.2959,31.280,48.354,13.963,1,21
2.0176,0.3286,-0.2886,30.122,46.098,15.000,1,21
2.1079,0.3140,-0.2734,27.561,41.037,16.646,1,21
2.1895,0.3071,-0.2559,24.756,35.061,18.963,1,21
2.2778,0.2915,-0.2686,21.951,27.622,21.524,1,21
2.3877,0.2700,-0.2837,21.220,19.085,24.268,1,21
2.5337,0.2461,-0.3247,20.488,5.488,29.451,1,21
2.6465,0.2373,-0.3394,19.024,-3.902,32.866,1,21
0.1895,-0.6890,-0.4712,-68.659,8.110,-51.280,2,21
0.1777,-0.6685,-0.4697,-68.232,9.756,-49.451,2,21
0.1694,-0.6567,-0.4688,-67.805,11.890,-47.378,2,21
0.1611,-0.6499,-0.4644,-67.866,13.902,-45.427,2,21
0.1606,-0.6333,-0.4780,-67.317,16.037,-43.232,2,21
0.1445,-0.6265,-0.4868,-67.012,18.537,-41.280,2,21
0.1479,-0.6255,-0.5005,-66.402,21.220,-38.902,2,21
0.1484,-0.6274,-0.5029,-65.366,24.268,-36.463,2,21
2.7446,0.2246,-0.3687,16.402,-13.537,35.854,1,21
2.8262,0.2158,-0.4019,12.683,-23.110,37.866,1,21
2.9058,0.2075,-0.4292,7.866,-32.134,39.512,1,21
2.9536,0.2085,-0.4331,2.988,-40.549,39.268,1,21
2.9937,0.2192,-0.4272,-3.720,-48.049,38.537,1,21
3.0205,0.2412,-0.4067,-11.402,-54.695,36.463,1,21
3.0532,0.2817,-0.3901,-19.695,-60.793,33.780,1,21
3.0815,0.3232,-0.3662,-28.902,-66.280,32.439,1,21
0.1528,-0.6211,-0.5103,-64.451,27.683,-33.780,2,21
0.1548,-0.6250,-0.5239,-63.049,31.159,-31.402,2,21
0.1724,-0.6338,-0.5220,-62.134,35.244,-28.659,2,21
0.1890,-0.6396,-0.5269,-61.220,39.451,-25.366,2,21
0.2046,-0.6528,-0.5332,-60.183,43.780,-22.378,2,21
0.2358,-0.6582,-0.5356,-59.207,48.354,-19.634,2,21
0.2588,-0.6753,-0.5361,-58.963,53.110,-16.341,2,21
0.2896,-0.6938,-0.5244,-58.598,57.744,-13.659,2,21
3.1182,0.3706,-0.3457,-37.500,-72.195,31.768,1,21
3.1694,0.4375,-0.3301,-45.671,-78.110,33.293,1,21
3.2363,0.5195,-0.2969,-54.573,-83.902,36.463,1,21
3.3047,0.6260,-0.2700,-63.049,-90.366,41.220,1,21
3.3599,0.7334,-0.2241,-71.585,-97.195,47.378,1,21
3.4238,0.8364,-0.1489,-81.585,-104.451,53.476,1,21
3.4907,0.9199,-0.0815,-89.878,-113.476,60.732,1,21
3.5552,0.9990,-0.0088,-96.463,-123.049,68.293,1,21
0.3223,-0.7134,-0.5122,-58.476,61.951,-10.427,2,21
0.3550,-0.7300,-0.4941,-58.841,65.976,-7.134,2,21
0.3931,-0.7393,-0.4780,-59.939,69.573,-4.329,2,21
0.4165,-0.7490,-0.4634,-61.037,72.866,-1.159,2,21
0.4458,-0.7578,-0.4365,-63.232,75.671,1.951,2,21
0.4878,-0.7656,-0.4214,-65.305,78.293,4.939,2,21
0.5132,-0.7715,-0.3965,-67.866,80.671,8.049,2,21
0.5288,-0.7715,-0.3750,-70.549,82.500,11.220,2,21
3.6035,1.0728,0.0806,-100.976,-133.841,75.427,1,21
3.6587,1.1440,0.1738,-104.817,-145.366,82.500,1,21
3.6875,1.1987,0.2710,-107.866,-158.537,88.841,1,21
3.7090,1.2461,0.3550,-109.207,-172.012,95.305,1,21
3.7114,1.2866,0.4385,-108.049,-187.073,101.951,1,21
3.7085,1.3296,0.5112,-105.244,-202.805,108.720,1,21
3.6685,1.3862,0.6143,-102.256,-218.537,115.671,1,21
3.6177,1.4272,0.7026,-100.366,-234.268,122.866,1,21
0.5566,-0.7666,-0.3501,-73.720,84.512,14.329,2,21
0.5708,-0.7539,-0.3374,-77.195,85.793,17.622,2,21
0.5913,-0.7495,-0.3149,-80.915,86.768,21.220,2,21
0.6025,-0.7422,-0.2944,-84.024,88.110,24.695,2,21
0.6118,-0.7324,-0.2783,-87.744,88.720,28.476,2,21
0.6260,-0.7173,-0.2686,-90.671,89.085,32.256,2,21
0.6304,-0.7090,-0.2563,-93.232,89.329,36.037,2,21
0.6216,-0.6929,-0.2397,-95.549,89.512,40.000,2,21
3.5508,1.4619,0.7993,-98.110,-249.634,130.427,1,21
3.4766,1.4971,0.8975,-96.341,-265.183,138.902,1,21
3.4028,1.5234,0.9888,-94.573,-280.000,147.744,1,21
3.3140,1.5527,1.0898,-93.902,-294.878,157.378,1,21
3.2310,1.5752,1.2124,-93.841,-309.329,167.561,1,21
3.1377,1.5913,1.3164,-93.841,-324.024,178.049,1,21
3.0508,1.6064,1.4106,-94.024,-338.841,189.085,1,21
2.9678,1.6289,1.5137,-94.451,-354.024,200.122,1,21
2.8706,1.6636,1.6157,-94.573,-369.329,210.854,1,21
2.7554,1.6890,1.7134,-95.488,-385.305,221.280,1,21
2.6445,1.7036,1.7925,-97.500,-401.707,231.159,1,21
2.5283,1.7222,1.8662,-98.963,-419.207,240.610,1,21
2.4150,1.7534,1.9189,-100.549,-435.976,250.122,1,21
2.2832,1.7773,1.9746,-102.378,-453.598,259.024,1,21
2.1680,1.7974,2.0293,-105.793,-470.244,267.927,1,21
2.0439,1.8218,2.0762,-110.061,-486.220,276.585,1,21
1.9214,1.8428,2.1079,-114.390,-502.500,285.488,1,21
1.8066,1.8560,2.1348,-118.476,-518.720,294.329,1,21
1.6919,1.8574,2.1294,-121.707,-535.000,302.744,1,21
1.5791,1.8838,2.1465,-124.451,-550.549,310.793,1,21
1.4648,1.8994,2.1602,-128.110,-565.061,318.232,1,21
1.3535,1.9214,2.1738,-131.037,-578.963,324.695,1,21
1.2510,1.9360,2.1929,-134.695,-591.890,330.427,1,21
1.1396,1.9517,2.2148,-137.622,-603.841,335.427,1,21
0.2573,2.0850,2.2920,-128.780,-688.293,350.854,1,21
0.1748,2.1001,2.3169,-127.439,-692.500,352.073,1,21
0.1362,2.1045,2.3335,-126.524,-694.573,352.805,1,21
0.0293,2.1133,2.3970,-124.085,-701.524,355.183,1,21
-0.0435,2.0933,2.4277,-122.866,-707.317,356.707,1,21
-0.1289,2.0781,2.4595,-122.256,-714.146,358.354,1,21
-0.2231,2.0435,2.4717,-121.402,-722.439,359.817,1,21
-0.3086,1.9995,2.4766,-121.098,-731.280,360.915,1,21
-0.9922,1.7231,2.0420,-155.000,-794.146,335.122,1,21
-1.0313,1.7305,1.9370,-162.439,-798.110,330.366,1,21
-1.0732,1.7485,1.8237,-170.244,-801.524,325.061,1,21
-1.1074,1.7661,1.6953,-177.866,-803.902,320.427,1,21
-1.1328,1.7925,1.5781,-182.927,-805.427,315.793,1,21
-1.1553,1.8276,1.4600,-185.793,-804.939,311.037,1,21
-1.1880,1.9185,1.3252,-188.780,-800.305,307.805,1,21
-1.2324,1.9917,1.1670,-194.207,-788.902,306.768,1,21
-1.4414,1.8462,0.3296,-107.378,-686.098,268.902,1,21
-1.4668,1.7822,0.1592,-88.476,-680.854,263.902,1,21
-1.4902,1.7046,-0.0122,-68.232,-672.378,258.537,1,21
-1.5176,1.6133,-0.1855,-45.732,-660.671,253.841,1,21
-1.5273,1.5254,-0.3389,-22.073,-646.585,248.476,1,21
-1.5112,1.4258,-0.4663,2.927,-630.000,243.110,1,21
-1.4590,1.3384,-0.5776,29.146,-612.195,237.134,1,21
-1.3784,1.2451,-0.6753,56.707,-594.451,230.122,1,21
-1.2402,1.1821,-0.7593,84.939,-575.793,222.927,1,21
-1.0767,1.1343,-0.8242,111.463,-556.524,216.829,1,21
-0.8760,1.1089,-0.8809,137.256,-536.402,211.707,1,21
-0.6787,1.1021,-0.8784,159.024,-515.122,207.927,1,21
-0.4668,1.1021,-0.8521,176.951,-492.256,205.366,1,21
-0.2695,1.1055,-0.8076,190.793,-468.476,204.268,1,21
-0.0786,1.1108,-0.7290,200.427,-443.720,204.390,1,21
0.0786,1.0952,-0.6250,206.707,-418.598,204.817,1,21
-0.8853,1.7935,0.2813,29.573,-47.195,114.451,1,21
-0.9668,1.7124,0.3428,29.512,-32.012,116.159,1,21
-1.0327,1.6343,0.3960,31.159,-16.280,118.963,1,21
-1.1079,1.5557,0.4551,32.195,-0.976,122.500,1,21
-1.1826,1.4829,0.4907,33.171,12.866,126.585,1,21
-1.2427,1.4014,0.5229,33.476,26.524,130.793,1,21
-1.2930,1.3320,0.5430,33.902,38.537,135.183,1,21
-1.3574,1.2661,0.5469,33.902,49.451,138.902,1,21
-0.9517,1.0298,0.0542,68.232,132.744,107.866,1,21
-0.9233,1.0225,0.0332,72.378,138.232,106.037,1,21
-0.8965,1.0015,-0.0078,75.793,143.354,103.476,1,21
-0.8867,0.9785,-0.0410,79.878,147.866,100.122,1,21
-0.8945,0.9438,-0.0757,83.659,151.585,95.549,1,21
-0.9121,0.9102,-0.0928,87.012,154.756,89.634,1,21
-0.9482,0.8647,-0.1221,90.183,158.598,82.500,1,21
-0.9673,0.8418,-0.1455,93.110,162.012,75.000,1,21
-1.0420,0.7671,-0.1768,110.610,198.110,7.805,1,21
-1.0166,0.7632,-0.1812,112.317,202.439,2.012,1,21
-0.9927,0.7607,-0.1753,114.085,206.280,-3.598,1,21
-0.9639,0.7559,-0.1743,115.366,210.793,-8.537,1,21
-0.9224,0.7549,-0.1631,116.341,215.000,-13.293,1,21
-0.8906,0.7388,-0.1582,116.707,219.939,-17.988,1,21
-0.8584,0.7148,-0.1494,116.707,224.695,-22.073,1,21
-0.8057,0.7056,-0.1406,115.488,229.268,-26.524,1,21
-0.5244,0.5771,-0.2031,73.415,261.463,-67.683,1,21
-0.5054,0.5825,-0.2197,67.134,264.390,-71.159,1,21
-0.4751,0.5835,-0.2280,61.524,266.951,-74.207,1,21
-0.4561,0.6001,-0.2432,56.402,269.268,-77.073,1,21
-0.4253,0.6133,-0.2686,51.402,271.646,-80.122,1,21
-0.3955,0.6289,-0.2803,46.646,273.476,-82.500,1,21
-0.3691,0.6460,-0.2939,41.707,275.915,-85.305,1,21
-0.3408,0.6523,-0.3066,37.378,278.415,-87.927,1,21
-0.3096,0.6665,-0.3149,33.049,280.366,-90.366,1,21
-0.2842,0.6816,-0.3267,30.549,282.683,-93.232,1,21
-0.2412,0.6963,-0.3286,28.598,284.573,-95.732,1,21
-0.2183,0.7183,-0.3364,27.195,286.707,-98.415,1,21
-0.1836,0.7466,-0.3545,26.829,288.659,-101.037,1,21
-0.1504,0.7627,-0.3545,26.341,290.671,-104.146,1,21
-0.1162,0.7886,-0.3755,26.768,292.683,-107.012,1,21
-0.0757,0.8164,-0.3872,27.622,295.061,-110.061,1,21
0.2368,1.0786,-0.2832,228.537,333.720,-286.037,1,21
0.2227,1.0752,-0.2920,232.683,331.037,-291.159,1,21
0.2129,1.0640,-0.3037,236.707,329.451,-296.280,1,21
0.2075,1.0581,-0.3149,239.878,328.476,-301.220,1,21
0.1987,1.0596,-0.3135,242.134,327.622,-305.854,1,21
0.1982,1.0615,-0.3130,243.293,327.134,-309.939,1,21
0.1958,1.0645,-0.2983,243.780,326.768,-313.720,1,21
0.2056,1.0605,-0.2954,243.232,326.646,-317.134,1,21
0.9360,-0.7856,0.0010,117.927,-90.244,52.012,2,21
0.9375,-0.8042,0.0088,116.341,-90.305,51.341,2,21
0.9478,-0.8242,0.0298,115.427,-90.610,50.305,2,21
0.9478,-0.8354,0.0361,114.390,-91.220,49.329,2,21
0.9609,-0.8574,0.0596,113.171,-91.707,48.476,2,21
0.9644,-0.8633,0.0703,112.134,-92.500,47.805,2,21
0.9756,-0.8818,0.0820,110.732,-93.354,46.524,2,21
0.9722,-0.8999,0.0854,109.817,-94.085,45.366,2,21
0.3237,1.0229,-0.0894,199.512,312.500,-327.988,1,21
0.3354,1.0024,-0.0742,192.195,309.207,-327.561,1,21
0.3687,0.9849,-0.0659,184.817,305.366,-326.707,1,21
0.3970,0.9819,-0.0552,177.500,302.012,-325.915,1,21
0.4194,0.9756,-0.0391,170.183,298.476,-325.488,1,21
0.4434,0.9678,-0.0288,161.890,294.756,-325.427,1,21
0.4766,0.9771,-0.0171,154.085,291.037,-325.427,1,21
0.5073,0.9873,-0.0024,145.671,287.683,-325.366,1,21
0.9790,-0.9053,0.0957,108.415,-95.061,44.512,2,21
0.9834,-0.9121,0.1025,107.256,-95.854,43.293,2,21
0.9873,-0.9268,0.1157,106.768,-96.829,41.890,2,21
0.9897,-0.9404,0.1416,106.098,-97.683,41.159,2,21
0.9951,-0.9487,0.1470,105.793,-98.780,39.817,2,21
0.9971,-0.9600,0.1597,105.732,-99.817,38.354,2,21
1.0078,-0.9761,0.1826,106.037,-100.976,36.768,2,21
1.0151,-0.9795,0.2002,105.488,-102.500,35.244,2,21
0.5381,1.0005,0.0313,137.012,283.659,-325.122,1,21
0.5737,1.0210,0.0400,128.415,279.756,-325.000,1,21
0.6069,1.0547,0.0488,119.695,275.488,-324.207,1,21
0.6421,1.0869,0.0493,110.488,270.915,-322.683,1,21
0.6816,1.1230,0.0557,102.378,265.976,-320.610,1,21
0.7271,1.1680,0.0542,93.780,261.159,-317.866,1,21
0.7686,1.2183,0.0576,85.732,256.159,-314.756,1,21
0.8066,1.2666,0.0581,77.866,251.159,-310.610,1,21
1.0229,-0.9941,0.2041,105.915,-103.720,33.476,2,21
1.0264,-1.0015,0.2119,106.220,-105.061,31.341,2,21
1.0361,-1.0127,0.2183,106.463,-106.341,29.451,2,21
1.0464,-1.0181,0.2241,107.073,-107.622,27.622,2,21
1.0386,-1.0405,0.2222,108.354,-108.720,25.427,2,21
1.0581,-1.0513,0.2388,109.268,-109.756,23.415,2,21
1.0674,-1.0591,0.2441,111.220,-110.549,21.646,2,21
1.0806,-1.0811,0.2505,112.622,-111.585,19.451,2,21
0.8564,1.3145,0.0576,70.854,246.037,-305.549,1,21
0.8945,1.3530,0.0513,65.183,240.671,-300.305,1,21
0.9351,1.3984,0.0469,59.939,234.817,-294.085,1,21
0.9780,1.4424,0.0269,56.890,228.476,-287.500,1,21
1.0234,1.4941,0.0293,54.268,221.951,-281.159,1,21
1.0552,1.5376,0.0239,51.768,214.878,-274.146,1,21
1.0938,1.5879,-0.0010,50.671,207.134,-267.256,1,21
1.1274,1.6177,-0.0122,49.024,199.146,-260.488,1,21
1.0938,-1.0913,0.2710,113.720,-112.073,17.622,2,21
1.1138,-1.1035,0.2861,114.817,-112.561,15.183,2,21
1.1309,-1.1226,0.2988,115.610,-113.354,12.927,2,21
1.1484,-1.1460,0.3096,116.159,-114.207,10.122,2,21
1.1597,-1.1704,0.3149,116.585,-115.122,7.744,2,21
1.1694,-1.1826,0.3257,116.890,-116.585,4.878,2,21
1.1763,-1.2036,0.3359,116.829,-118.049,1.829,2,21
1.1802,-1.2319,0.3394,116.280,-119.817,-1.098,2,21
1.1641,1.6655,-0.0337,47.439,191.280,-253.232,1,21
1.1934,1.7119,-0.0527,46.585,183.293,-246.341,1,21
1.2212,1.7573,-0.0747,45.061,175.671,-238.963,1,21
1.2397,1.7979,-0.0874,43.476,168.171,-231.951,1,21
1.2642,1.8423,-0.0991,41.341,161.402,-224.451,1,21
1.2783,1.8809,-0.1162,39.085,155.000,-217.134,1,21
1.2837,1.9082,-0.1460,36.524,149.024,-209.329,1,21
1.3066,1.9375,-0.1621,34.390,143.354,-201.463,1,21
1.1802,-1.2437,0.3560,116.220,-121.768,-4.451,2,21
1.1855,-1.2705,0.3604,115.549,-123.659,-7.744,2,21
1.1758,-1.2900,0.3784,114.756,-125.732,-11.707,2,21
1.1665,-1.3042,0.3887,113.598,-127.866,-15.244,2,21
1.1587,-1.3252,0.4009,112.012,-130.305,-18.659,2,21
1.1489,-1.3413,0.4116,109.939,-132.012,-22.683,2,21
1.1382,-1.3589,0.4160,107.988,-134.268,-26.646,2,21
1.1177,-1.3677,0.4175,106.159,-136.159,-30.427,2,21
1.3188,1.9712,-0.1748,31.890,137.561,-188.293,1,21
1.3257,1.9858,-0.1875,31.280,136.037,-183.841,1,21
1.3350,2.0044,-0.2041,30.610,133.232,-174.634,1,21
1.3477,2.0195,-0.2144,30.671,130.854,-165.183,1,21
1.3643,2.0396,-0.2246,31.585,128.963,-155.610,1,21
1.3804,2.0557,-0.2334,33.293,127.195,-145.976,1,21
1.4009,2.0718,-0.2246,37.988,124.878,-131.707,1,21
1.4155,2.0991,-0.2329,41.585,123.354,-122.256,1,21
1.1069,-1.3813,0.4146,103.659,-138.476,-34.695,2,21
1.0942,-1.3877,0.4170,101.159,-140.366,-39.085,2,21
1.0742,-1.3950,0.4063,98.598,-142.317,-43.415,2,21
1.0571,-1.3989,0.4063,96.159,-144.329,-47.317,2,21
1.0396,-1.4033,0.3936,94.146,-146.037,-52.256,2,21
1.0254,-1.3975,0.3887,91.890,-148.232,-56.646,2,21
1.0078,-1.3955,0.3706,89.878,-149.939,-61.098,2,21
0.9907,-1.3853,0.3608,87.927,-151.707,-65.305,2,21
1.4263,2.1006,-0.2178,46.768,121.585,-112.561,1,21
1.4399,2.1069,-0.2051,51.951,119.878,-102.317,1,21
1.4473,2.1050,-0.1885,58.841,117.744,-92.378,1,21
1.4507,2.0933,-0.1704,65.915,115.305,-82.134,1,21
1.4526,2.0693,-0.1694,74.268,112.439,-71.646,1,21
1.4448,2.0371,-0.1792,82.988,109.573,-61.341,1,21
1.4380,2.0093,-0.1660,92.378,106.951,-50.976,1,21
1.4351,1.9629,-0.1655,102.256,104.390,-40.549,1,21
0.9766,-1.3735,0.3384,86.037,-153.415,-70.183,2,21
0.9580,-1.3652,0.3301,84.695,-155.000,-74.329,2,21
0.9478,-1.3438,0.3027,82.866,-156.098,-78.537,2,21
0.9277,-1.3350,0.2832,81.402,-157.500,-82.622,2,21
0.9160,-1.3198,0.2739,80.183,-158.110,-86.951,2,21
0.8955,-1.3096,0.2607,79.146,-158.902,-91.037,2,21
0.8745,-1.2856,0.2466,78.293,-159.207,-95.183,2,21
0.8618,-1.2788,0.2407,77.012,-159.451,-98.963,2,21
1.4248,1.9131,-0.1733,111.768,101.890,-30.549,1,21
1.4155,1.8628,-0.1655,121.402,100.183,-20.793,1,21
1.3950,1.8047,-0.1572,130.610,98.659,-11.280,1,21
1.3862,1.7402,-0.1504,139.329,97.683,-2.378,1,21
1.3560,1.6733,-0.1499,148.232,96.463,6.220,1,21
1.3423,1.6074,-0.1318,156.402,95.244,14.146,1,21
1.3301,1.5313,-0.1245,164.390,93.963,21.463,1,21
1.3071,1.4648,-0.1147,171.829,92.561,29.024,1,21
0.8560,-1.2578,0.2358,76.159,-159.390,-103.110,2,21
0.8403,-1.2485,0.2236,75.427,-159.695,-107.012,2,21
0.8247,-1.2305,0.2100,74.146,-159.573,-110.793,2,21
0.8154,-1.2202,0.1978,73.049,-160.122,-114.512,2,21
0.8071,-1.2051,0.1860,71.890,-159.878,-118.598,2,21
0.7969,-1.1909,0.1772,70.854,-159.939,-122.500,2,21
0.7832,-1.1777,0.1709,70.183,-159.695,-126.463,2,21
0.7754,-1.1602,0.1631,69.756,-159.695,-129.878,2,21
1.2866,1.3901,-0.1050,178.720,92.012,35.854,1,21
1.2715,1.3203,-0.0957,184.939,90.976,42.256,1,21
1.2520,1.2651,-0.0957,190.915,90.244,48.049,1,21
1.2388,1.1968,-0.0903,195.976,89.451,53.659,1,21
1.2178,1.1367,-0.0742,201.341,88.720,58.963,1,21
1.2075,1.0776,-0.0698,205.305,88.049,63.841,1,21
1.1836,1.0200,-0.0601,209.451,87.317,68.232,1,21
1.1660,0.9692,-0.0469,212.805,86.768,72.744,1,21
0.7554,-1.1436,0.1523,69.024,-159.512,-133.780,2,21
0.7437,-1.1216,0.1470,68.415,-159.207,-137.439,2,21
0.7305,-1.1064,0.1406,67.500,-158.659,-140.793,2,21
0.7212,-1.0850,0.1270,66.646,-158.049,-143.720,2,21
0.7065,-1.0669,0.1123,65.854,-157.927,-146.646,2,21
0.6963,-1.0537,0.1099,65.183,-156.829,-149.451,2,21
0.6802,-1.0376,0.0991,64.390,-156.159,-151.951,2,21
0.6714,-1.0195,0.0977,63.902,-155.305,-154.024,2,21
1.1553,0.9160,-0.0298,215.915,85.976,77.073,1,21
1.1299,0.8594,-0.0215,218.659,85.122,80.366,1,21
1.1089,0.8086,-0.0103,220.976,83.720,84.024,1,21
1.0874,0.7583,0.0034,222.744,82.317,87.012,1,21
1.0630,0.7061,0.0234,224.512,81.037,89.573,1,21
1.0386,0.6602,0.0308,225.183,79.817,92.012,1,21
1.0103,0.6187,0.0366,225.976,78.293,94.024,1,21
0.9941,0.5664,0.0562,226.037,76.585,95.976,1,21
0.6602,-1.0117,0.0845,63.171,-154.146,-156.220,2,21
0.6440,-0.9927,0.0791,62.805,-153.171,-158.049,2,21
0.6377,-0.9702,0.0776,62.683,-151.646,-159.634,2,21
0.6157,-0.9575,0.0591,62.256,-150.671,-161.463,2,21
0.6045,-0.9360,0.0645,61.646,-149.207,-162.195,2,21
0.5918,-0.9194,0.0449,61.280,-147.622,-163.354,2,21
0.5801,-0.9028,0.0366,60.488,-146.037,-164.390,2,21
0.5703,-0.8799,0.0220,59.817,-143.963,-164.939,2,21
0.9619,0.5220,0.0625,225.488,74.878,97.866,1,21
0.9414,0.4746,0.0723,224.756,73.110,99.634,1,21
0.9258,0.4238,0.0918,223.049,71.524,100.488,1,21
0.9023,0.3838,0.1016,221.463,69.817,101.890,1,21
0.8760,0.3423,0.1025,219.024,67.866,102.927,1,21
0.8516,0.3091,0.1230,215.427,66.220,103.476,1,21
0.8301,0.2612,0.1226,212.439,64.329,104.024,1,21
0.8115,0.2197,0.1367,208.902,62.439,104.268,1,21
0.5605,-0.8682,0.0190,58.598,-142.378,-166.037,2,21
0.5498,-0.8438,0.0000,57.927,-140.183,-165.976,2,21
0.5508,-0.8374,-0.0034,57.195,-137.683,-166.524,2,21
0.5479,-0.8223,-0.0151,55.671,-135.244,-166.585,2,21
0.5381,-0.7954,-0.0215,55.000,-132.317,-166.951,2,21
0.5347,-0.7856,-0.0308,53.902,-129.695,-166.768,2,21
0.5396,-0.7642,-0.0381,52.927,-126.951,-166.707,2,21
0.5327,-0.7456,-0.0410,51.768,-124.207,-166.463,2,21
0.7925,0.1836,0.1377,204.817,60.488,104.207,1,21
0.7720,0.1450,0.1387,200.671,58.598,103.841,1,21
0.7520,0.1104,0.1450,195.671,56.768,103.293,1,21
0.7349,0.0747,0.1455,190.610,54.573,102.683,1,21
0.7139,0.0444,0.1592,184.817,52.927,101.402,1,21
0.7056,0.0137,0.1553,179.024,51.098,100.549,1,21
0.6812,-0.0220,0.1582,172.195,49.329,99.085,1,21
0.6709,-0.0537,0.1553,165.427,47.500,97.988,1,21
0.5337,-0.7310,-0.0503,50.427,-121.220,-166.159,2,21
0.5381,-0.7153,-0.0620,49.451,-118.110,-165.366,2,21
0.5518,-0.6924,-0.0698,48.171,-115.061,-164.512,2,21
0.5508,-0.6821,-0.0649,47.195,-112.195,-163.537,2,21
0.5488,-0.6719,-0.0703,45.976,-109.146,-162.561,2,21
0.5464,-0.6465,-0.0786,45.549,-105.854,-161.098,2,21
0.5513,-0.6367,-0.0859,44.756,-102.561,-159.329,2,21
0.5596,-0.6250,-0.1011,43.780,-99.512,-157.683,2,21
0.6621,-0.0840,0.1597,159.329,45.732,96.280,1,21
0.6494,-0.1064,0.1655,152.439,43.963,94.634,1,21
0.6343,-0.1338,0.1685,145.427,42.256,92.805,1,21
0.6211,-0.1577,0.1719,138.049,40.610,91.159,1,21
0.6152,-0.1782,0.1816,130.854,39.329,89.024,1,21
0.6001,-0.2021,0.1797,123.171,37.622,87.012,1,21
0.5903,-0.2334,0.1860,115.854,35.793,84.939,1,21
0.5830,-0.2539,0.1704,109.268,34.390,82.622,1,21
0.5698,-0.3662,-0.2720,-13.598,47.988,-117.500,1,21
0.5723,-0.3599,-0.2778,-20.000,47.927,-124.268,1,21
0.5845,-0.3379,-0.2915,-27.439,48.537,-131.280,1,21
0.5815,-0.3223,-0.2793,-35.610,48.963,-137.866,1,21
0.5874,-0.3115,-0.2832,-45.305,49.817,-145.000,1,21
0.5967,-0.3071,-0.2856,-54.268,50.366,-151.829,1,21
0.6030,-0.2920,-0.3071,-63.232,50.305,-158.476,1,21
0.6113,-0.2690,-0.3091,-72.500,50.549,-165.366,1,21
0.6221,-0.2480,-0.3208,-82.561,51.159,-172.134,1,21
0.6372,-0.2197,-0.3267,-94.329,51.524,-178.415,1,21
0.6348,-0.1826,-0.3516,-106.037,52.317,-185.671,1,21
0.6504,-0.1323,-0.3716,-119.390,53.293,-192.378,1,21
0.6743,-0.1177,-0.4414,-131.524,54.329,-199.207,1,21
0.6777,-0.1030,-0.4897,-135.732,56.646,-204.878,1,21
0.6733,-0.0405,-0.4473,-140.427,59.207,-210.610,1,21
0.6787,0.0205,-0.4521,-148.049,60.854,-217.012,1,21
0.6011,1.0732,-0.0645,-169.024,68.293,-222.012,1,21
0.5981,1.1860,-0.0859,-157.988,65.366,-219.329,1,21
0.5889,1.2837,-0.1094,-145.427,61.768,-215.610,1,21
0.5854,1.3716,-0.1152,-132.012,57.805,-210.732,1,21
0.5747,1.4258,-0.1074,-118.049,53.171,-204.512,1,21
0.5635,1.4717,-0.1011,-102.378,48.598,-196.159,1,21
0.5601,1.4941,-0.0840,-86.280,43.720,-186.707,1,21
0.5562,1.5195,-0.0859,-69.878,39.268,-176.829,1,21
0.7368,-0.1255,-0.0601,18.841,11.585,-82.622,1,21
0.7212,-0.1304,-0.0488,18.171,11.585,-86.646,1,21
0.7095,-0.1313,-0.0430,17.805,11.463,-90.854,1,21
0.7134,-0.1328,-0.0396,17.561,11.585,-95.244,1,21
0.7061,-0.1279,-0.0308,17.073,11.585,-99.634,1,21
0.6987,-0.1240,-0.0181,15.915,11.829,-104.512,1,21
0.6919,-0.1206,-0.0151,14.939,12.256,-109.878,1,21
0.7012,-0.1196,-0.0122,12.927,12.744,-115.061,1,21
0.4746,-0.4233,-0.6401,-42.683,-5.671,-17.317,2,21
0.4619,-0.4272,-0.6152,-35.427,-2.439,-14.756,2,21
0.4497,-0.4399,-0.5933,-28.049,0.488,-12.317,2,21
0.4331,-0.4663,-0.5737,-21.159,3.720,-10.000,2,21
0.4175,-0.4805,-0.5488,-14.268,6.768,-7.683,2,21
0.3994,-0.5122,-0.5361,-7.744,9.695,-5.427,2,21
0.3862,-0.5327,-0.5044,-1.646,12.256,-3.354,2,21
0.3784,-0.5591,-0.4683,4.085,14.573,-0.915,2,21
0.7534,-0.0396,0.0020,-2.805,11.280,-157.195,1,21
0.7646,-0.0088,-0.0127,-5.732,10.549,-160.915,1,21
0.7690,0.0317,0.0098,-9.329,10.732,-164.817,1,21
0.7778,0.0757,-0.0039,-14.207,10.793,-168.415,1,21
0.7871,0.1104,-0.0205,-19.329,11.341,-171.341,1,21
0.8008,0.1392,-0.0527,-22.988,11.646,-174.024,1,21
0.8052,0.1821,-0.0811,-25.244,12.195,-175.671,1,21
0.8174,0.2339,-0.0967,-28.049,13.780,-177.622,1,21
0.8389,0.2910,-0.1099,-31.585,16.829,-179.146,1,21
0.8530,0.3496,-0.1191,-35.732,20.671,-181.341,1,21
0.8765,0.4111,-0.1445,-38.415,25.061,-182.744,1,21
0.9043,0.4648,-0.1636,-39.634,30.244,-184.085,1,21
0.9478,0.5537,-0.1875,-39.756,35.915,-184.817,1,21
0.9912,0.6416,-0.1963,-39.695,41.098,-186.037,1,21
1.0439,0.7407,-0.1997,-40.854,46.829,-186.098,1,21
1.1094,0.8447,-0.1943,-42.744,51.768,-186.220,1,21
0.1943,-1.1963,-0.2793,-17.988,32.256,20.793,2,21
0.1655,-1.2314,-0.2632,-23.293,33.780,20.915,2,21
0.1460,-1.2627,-0.2451,-28.659,35.244,20.732,2,21
0.1411,-1.2754,-0.2339,-31.402,35.976,20.610,2,21
0.1201,-1.2998,-0.2207,-36.890,37.439,20.244,2,21
0.0894,-1.3159,-0.1875,-44.817,40.549,18.720,2,21
0.0771,-1.3315,-0.1758,-49.512,42.317,17.744,2,21
0.0649,-1.3345,-0.1484,-54.390,44.329,16.037,2,21
1.1714,0.9478,-0.2119,-45.122,56.341,-185.427,1,21
1.2510,1.0469,-0.2236,-46.768,59.573,-183.963,1,21
1.3364,1.1592,-0.2324,-47.622,61.951,-181.341,1,21
1.4282,1.2856,-0.2271,-48.232,63.171,-178.537,1,21
1.5327,1.4033,-0.2290,-48.659,63.720,-174.817,1,21
1.6523,1.5273,-0.2271,-49.024,63.110,-171.037,1,21
1.7764,1.6538,-0.2256,-48.720,60.732,-166.098,1,21
1.9023,1.7808,-0.1992,-48.293,57.439,-161.280,1,21
2.1138,1.9409,-0.1826,-47.256,49.329,-152.195,1,21
2.1875,1.9873,-0.1758,-46.341,45.427,-148.659,1,21
2.3491,2.0796,-0.1660,-44.207,36.098,-140.671,1,21
2.5029,2.1646,-0.1665,-41.585,24.634,-131.341,1,21
2.6611,2.2285,-0.1602,-37.439,11.098,-120.976,1,21
2.8052,2.2793,-0.1494,-34.085,-3.598,-110.244,1,21
2.9336,2.3223,-0.1353,-30.671,-20.305,-98.963,1,21
3.0547,2.3452,-0.1514,-27.683,-38.232,-87.439,1,21
3.3940,2.5049,0.8701,-100.305,-377.256,96.585,1,21
3.3271,2.5107,0.9395,-101.037,-401.037,105.793,1,21
3.2373,2.4985,0.9912,-100.366,-426.402,115.122,1,21
3.1450,2.4849,0.9951,-97.439,-451.402,124.939,1,21
3.0308,2.4619,1.0005,-92.683,-475.610,134.451,1,21
2.9170,2.4478,0.9932,-87.134,-498.293,143.902,1,21
2.7910,2.4219,0.9736,-81.220,-518.841,153.232,1,21
2.6587,2.3979,0.9756,-74.573,-536.951,162.134,1,21
1.6870,1.9370,1.4731,21.463,-624.024,233.902,1,21
1.6353,1.8950,1.6094,34.268,-628.659,240.305,1,21
1.5830,1.8540,1.7539,45.854,-633.110,245.488,1,21
1.5376,1.8110,1.8979,56.829,-637.805,250.061,1,21
1.5093,1.7505,2.0142,68.354,-643.780,253.902,1,21
1.4927,1.6934,2.1211,80.976,-651.341,258.293,1,21
1.4653,1.6343,2.2261,93.780,-659.634,262.683,1,21
1.4497,1.5815,2.2876,106.098,-669.390,267.195,1,21
0.7817,2.0972,3.5308,183.537,-735.854,337.683,1,21
0.7559,2.1069,3.5420,182.317,-738.963,340.122,1,21
0.7002,2.1313,3.5366,180.000,-744.573,344.634,1,21
0.6504,2.1660,3.5132,176.951,-751.402,347.744,1,21
0.5601,2.2271,3.4653,171.341,-759.756,350.488,1,21
0.5317,2.2529,3.4429,169.146,-762.317,350.732,1,21
0.4346,2.3584,3.4092,162.927,-767.866,351.037,1,21
0.3799,2.4243,3.3633,158.049,-770.366,350.976,1,21
1.6304,-0.7451,0.4473,-133.232,110.305,82.622,2,21
1.6396,-0.7622,0.4717,-135.732,110.671,80.366,2,21
1.6362,-0.7744,0.4888,-138.049,110.549,78.171,2,21
1.6343,-0.7905,0.4937,-140.915,110.610,75.366,2,21
1.6294,-0.8096,0.5059,-144.634,110.793,72.805,2,21
1.6260,-0.8364,0.5073,-147.683,110.793,70.000,2,21
1.6162,-0.8447,0.5171,-151.402,110.732,67.317,2,21
1.5894,-0.8550,0.5288,-154.390,110.671,64.329,2,21
0.3247,2.5273,3.3115,154.451,-772.500,350.854,1,21
0.2671,2.6333,3.2480,151.585,-774.695,351.159,1,21
0.1963,2.7490,3.1919,148.659,-776.159,351.463,1,21
0.1279,2.8696,3.1450,145.427,-778.110,351.402,1,21
0.0562,2.9741,3.0781,141.951,-779.024,351.463,1,21
-0.0044,3.0654,3.0039,139.024,-780.244,352.378,1,21
-0.0752,3.1436,2.9307,136.220,-781.280,353.049,1,21
-0.1685,3.1997,2.8682,133.963,-780.732,354.207,1,21
1.5791,-0.8672,0.5376,-157.927,110.793,61.890,2,21
1.5591,-0.8696,0.5361,-161.098,110.305,59.146,2,21
1.5376,-0.8735,0.5415,-164.634,110.244,56.341,2,21
1.5151,-0.8755,0.5391,-167.927,110.244,53.720,2,21
1.5000,-0.8794,0.5391,-171.037,109.817,51.951,2,21
1.4854,-0.8765,0.5313,-174.085,109.939,49.878,2,21
1.4800,-0.8652,0.5171,-177.012,110.366,47.744,2,21
1.4790,-0.8560,0.5200,-180.122,110.671,46.402,2,21
-0.2686,3.2188,2.7993,131.585,-778.354,355.061,1,21
-0.3745,3.2173,2.7080,131.280,-776.463,356.037,1,21
-0.4741,3.2148,2.6323,132.073,-774.573,356.402,1,21
-0.5898,3.1909,2.5664,133.354,-772.439,356.098,1,21
-0.7046,3.1465,2.4844,133.110,-771.707,355.000,1,21
-0.8120,3.1016,2.3901,132.439,-772.195,354.390,1,21
-0.8999,3.0493,2.2959,131.524,-774.390,353.659,1,21
-0.9941,2.9971,2.1855,132.134,-776.951,353.537,1,21
1.4746,-0.8535,0.5093,-182.805,111.646,44.573,2,21
1.4741,-0.8501,0.4976,-185.976,112.561,43.232,2,21
1.4824,-0.8496,0.4956,-189.207,113.659,41.707,2,21
1.4912,-0.8379,0.4741,-191.890,114.512,40.488,2,21
1.4956,-0.8398,0.4722,-194.756,115.183,39.390,2,21
1.4907,-0.8423,0.4775,-197.134,115.671,38.354,2,21
1.4805,-0.8477,0.4834,-198.963,115.610,37.439,2,21
1.4751,-0.8379,0.4824,-201.220,115.183,36.463,2,21
-1.0659,2.9409,2.0620,133.963,-780.793,353.841,1,21
-1.1431,2.8843,1.9443,136.646,-784.329,354.573,1,21
-1.2065,2.8228,1.8047,139.573,-786.280,355.244,1,21
-1.2563,2.7456,1.6582,143.841,-786.037,356.829,1,21
-1.2866,2.6865,1.5293,148.537,-780.976,358.476,1,21
-1.3042,2.6616,1.3579,151.951,-769.451,361.707,1,21
-1.3413,2.6875,1.0830,145.488,-738.963,369.451,1,21
-1.4009,2.6328,0.8115,129.207,-682.988,381.220,1,21
1.4590,-0.8389,0.4849,-203.232,114.573,35.671,2,21
1.4263,-0.8433,0.4932,-205.183,113.049,34.939,2,21
1.3970,-0.8369,0.4902,-207.317,111.280,34.451,2,21
1.3687,-0.8359,0.4771,-209.756,109.451,33.659,2,21
1.3306,-0.8369,0.4736,-211.768,107.866,32.988,2,21
1.2891,-0.8340,0.4561,-214.329,105.610,32.073,2,21
1.2476,-0.8354,0.4380,-216.890,103.902,32.012,2,21
1.1992,-0.8354,0.4233,-218.415,101.951,30.732,2,21
-1.4902,2.3594,0.7207,133.293,-618.232,390.976,1,21
-1.5322,2.1831,0.7358,154.207,-561.280,396.951,1,21
-1.5020,2.0732,0.7607,177.012,-517.134,399.024,1,21
-1.4282,1.9873,0.8125,196.829,-484.817,397.378,1,21
-1.3267,1.9321,0.8452,212.256,-461.646,393.659,1,21
-1.2119,1.8711,0.8647,223.049,-445.610,387.927,1,21
-1.1108,1.8267,0.8696,229.634,-433.537,380.488,1,21
-1.0161,1.7915,0.8350,232.866,-422.561,372.683,1,21
1.1563,-0.8286,0.4150,-219.878,100.183,30.305,2,21
1.0903,-0.8267,0.3970,-220.366,98.354,29.207,2,21
1.0479,-0.8115,0.3833,-221.037,96.098,27.988,2,21
1.0044,-0.7959,0.3687,-221.098,94.512,26.890,2,21
0.9546,-0.7754,0.3560,-221.037,92.134,25.366,2,21
0.9155,-0.7520,0.3413,-221.159,89.817,24.146,2,21
0.8789,-0.7280,0.3350,-220.000,87.378,22.195,2,21
0.8418,-0.6914,0.3188,-219.207,84.878,20.549,2,21
-0.9351,1.7637,0.8071,233.780,-411.402,365.366,1,21
-0.8809,1.7334,0.7788,232.012,-398.963,357.805,1,21
-0.8442,1.7017,0.7397,228.902,-384.695,351.829,1,21
-0.8267,1.6655,0.6958,224.817,-368.598,346.280,1,21
-0.8311,1.6299,0.6592,220.000,-352.195,341.159,1,21
-0.8599,1.6001,0.6182,214.451,-336.098,335.854,1,21
-0.9082,1.5566,0.5869,207.988,-321.280,329.939,1,21
-0.9727,1.5244,0.5210,201.402,-307.073,323.232,1,21
-1.9531,1.1226,0.0000,173.476,-162.805,234.939,1,21
-2.0532,1.0894,-0.0420,177.134,-147.561,221.707,1,21
-2.1299,1.0669,-0.0664,181.768,-132.561,208.354,1,21
-2.1787,1.0625,-0.0767,186.768,-117.378,195.427,1,21
-2.1938,1.0493,-0.0801,192.012,-102.744,183.232,1,21
-2.1929,1.0308,-0.0513,197.439,-87.927,173.049,1,21
-2.1602,1.0200,-0.0298,202.805,-72.988,162.927,1,21
-2.1162,1.0112,-0.0049,207.622,-58.171,154.085,1,21
-1.7529,0.8672,0.3486,192.927,59.878,61.585,1,21
-1.7329,0.8433,0.3550,185.366,68.720,51.037,1,21
-1.7080,0.8115,0.3618,177.317,76.402,41.220,1,21
-1.6880,0.7720,0.3730,168.354,83.415,31.524,1,21
-1.6719,0.7310,0.3848,159.085,90.427,22.500,1,21
-1.6519,0.6831,0.4014,148.720,97.500,14.024,1,21
-1.6313,0.6309,0.4082,139.329,104.573,5.976,1,21
-1.6123,0.5869,0.4048,129.024,110.854,-1.280,1,21
0.7461,0.3140,0.1318,-54.390,23.963,-4.024,2,21
0.7578,0.3315,0.1274,-47.561,22.744,-2.622,2,21
0.7588,0.3350,0.1245,-41.159,21.585,-1.524,2,21
0.7593,0.3457,0.1221,-35.183,20.183,-0.488,2,21
0.7705,0.3398,0.1221,-29.939,18.780,0.854,2,21
0.7808,0.3525,0.1211,-25.427,17.439,1.707,2,21
0.7813,0.3496,0.1157,-20.427,15.793,2.622,2,21
0.7856,0.3521,0.1099,-15.488,14.085,3.415,2,21
-1.5845,0.5459,0.3940,118.293,116.402,-8.049,1,21
-1.5688,0.5039,0.3945,107.927,121.463,-14.207,1,21
-1.5469,0.4546,0.3760,97.561,126.220,-20.488,1,21
-1.5166,0.4263,0.3560,87.256,131.098,-25.976,1,21
-1.4907,0.3965,0.3325,76.768,135.427,-31.402,1,21
-1.4634,0.3809,0.3032,66.159,138.963,-36.585,1,21
-1.4248,0.3721,0.2666,56.341,142.378,-42.012,1,21
-1.3867,0.3677,0.2520,46.951,146.037,-46.646,1,21
0.8608,0.3501,0.0854,68.171,-6.646,22.866,2,21
0.8501,0.3477,0.0737,72.378,-7.134,24.146,2,21
0.8472,0.3398,0.0771,76.402,-7.378,24.817,2,21
0.8604,0.3325,0.0854,80.183,-8.049,25.671,2,21
0.8481,0.3223,0.0830,83.476,-8.232,26.463,2,21
0.8433,0.3105,0.0801,86.159,-9.024,26.768,2,21
0.8296,0.2983,0.0786,88.049,-9.512,27.134,2,21
0.8320,0.2754,0.0732,89.268,-10.244,27.744,2,21
-0.6792,0.8076,-0.0610,-4.207,194.634,-134.207,1,21
-0.6519,0.7993,-0.0693,-2.256,197.927,-138.049,1,21
-0.6318,0.7959,-0.0796,-0.427,201.098,-142.378,1,21
-0.6089,0.7920,-0.0898,1.524,204.268,-145.793,1,21
-0.5903,0.7876,-0.0923,1.829,206.829,-150.305,1,21
-0.5659,0.7725,-0.1021,2.317,209.268,-154.512,1,21
-0.5469,0.7607,-0.1152,2.317,211.890,-158.293,1,21
-0.5176,0.7539,-0.1260,2.195,214.024,-162.073,1,21
0.8853,0.0054,0.0669,74.451,-18.598,35.610,2,21
0.9106,-0.0103,0.0742,73.354,-18.354,36.098,2,21
0.9248,-0.0225,0.0796,72.439,-17.744,36.890,2,21
0.9438,-0.0371,0.0908,71.524,-17.134,37.744,2,21
0.9619,-0.0522,0.0967,70.793,-16.890,38.598,2,21
0.9771,-0.0713,0.1074,70.671,-16.707,40.061,2,21
0.9932,-0.0786,0.1235,70.549,-16.646,41.402,2,21
1.0049,-0.0977,0.1377,70.427,-16.951,43.415,2,21
-0.2617,0.6768,-0.1455,-3.780,267.378,-193.720,1,21
-0.2524,0.6787,-0.1406,-4.878,271.524,-195.305,1,21
-0.2363,0.6816,-0.1675,-6.159,275.427,-197.866,1,21
-0.2144,0.6938,-0.1812,-7.195,279.085,-199.939,1,21
-0.1934,0.7036,-0.2065,-8.354,283.232,-202.561,1,21
-0.1714,0.7231,-0.2285,-9.207,288.171,-205.122,1,21
-0.1543,0.7500,-0.2441,-10.732,293.659,-207.561,1,21
-0.1235,0.7817,-0.2705,-12.317,299.756,-209.634,1,21
1.0088,-0.1182,0.1577,70.610,-17.317,45.488,2,21
1.0093,-0.1343,0.1768,71.402,-17.988,47.988,2,21
1.0234,-0.1484,0.1929,71.402,-19.085,50.305,2,21
1.0225,-0.1602,0.1919,71.585,-20.122,53.293,2,21
1.0278,-0.1914,0.2119,71.524,-21.890,56.341,2,21
1.0156,-0.2075,0.2212,71.524,-23.110,59.146,2,21
1.0181,-0.2334,0.2275,72.073,-24.817,61.951,2,21
1.0161,-0.2563,0.2456,72.744,-26.341,64.939,2,21
-0.0967,0.8130,-0.3066,-14.329,306.646,-210.793,1,21
-0.0649,0.8354,-0.3481,-15.793,314.512,-210.793,1,21
-0.0508,0.8213,-0.3760,-16.341,324.512,-212.439,1,21
-0.0420,0.8149,-0.4058,-16.524,336.585,-216.646,1,21
-0.0273,0.8203,-0.4087,-17.073,350.244,-221.524,1,21
-0.0039,0.8306,-0.4282,-17.927,363.780,-226.646,1,21
0.0005,0.8545,-0.4287,-19.634,377.012,-232.012,1,21
0.0200,0.8584,-0.4482,-21.646,389.146,-237.439,1,21
1.1011,-1.0508,0.4390,178.110,-58.598,107.927,2,21
1.0933,-1.0874,0.4355,180.244,-62.378,107.134,2,21
1.0801,-1.1108,0.4346,181.768,-66.280,105.915,2,21
1.0815,-1.1426,0.4438,182.744,-70.244,104.817,2,21
1.0562,-1.1626,0.4683,183.049,-72.561,103.049,2,21
1.0200,-1.1748,0.4795,182.439,-74.024,100.610,2,21
0.9941,-1.1938,0.4868,181.585,-75.000,98.293,2,21
0.9731,-1.2031,0.4878,179.878,-75.976,95.793,2,21
0.2051,1.5693,-0.6436,-54.817,338.415,-309.329,1,21
0.2046,1.5840,-0.6519,-55.915,340.000,-306.707,1,21
0.2002,1.6089,-0.6655,-56.890,341.463,-303.476,1,21
0.2056,1.6406,-0.6563,-58.537,343.537,-299.573,1,21
0.1963,1.6729,-0.6362,-61.220,346.463,-295.732,1,21
0.2007,1.6943,-0.6318,-63.415,349.817,-291.220,1,21
0.2100,1.7178,-0.6147,-66.220,352.256,-286.098,1,21
0.2114,1.7368,-0.5894,-67.683,355.366,-280.061,1,21
0.9565,-1.2051,0.4941,178.293,-78.110,93.598,2,21
0.9409,-1.2056,0.4956,176.037,-80.793,91.768,2,21
0.9336,-1.2051,0.4990,174.146,-83.598,89.878,2,21
0.9253,-1.1890,0.5044,171.707,-86.951,88.110,2,21
0.9170,-1.1958,0.4980,168.963,-90.366,86.585,2,21
0.9175,-1.1880,0.4961,165.732,-93.659,84.329,2,21
0.9141,-1.1772,0.4790,162.561,-96.890,82.256,2,21
0.9248,-1.1719,0.4736,159.695,-99.939,79.817,2,21
0.2290,1.7578,-0.5723,-69.146,358.171,-273.902,1,21
0.2441,1.7666,-0.5571,-70.244,360.488,-267.500,1,21
0.2632,1.7876,-0.5483,-70.549,362.683,-260.549,1,21
0.2900,1.8062,-0.5498,-70.610,364.512,-253.476,1,21
0.3174,1.8218,-0.5532,-70.061,366.524,-246.524,1,21
0.3525,1.8599,-0.5464,-69.085,368.841,-239.634,1,21
0.3779,1.8848,-0.5146,-67.561,371.280,-232.988,1,21
0.3994,1.9053,-0.5186,-66.220,373.293,-225.976,1,21
0.9346,-1.1528,0.4585,156.220,-103.049,77.134,2,21
0.9443,-1.1416,0.4365,153.171,-105.488,74.390,2,21
0.9658,-1.1343,0.4189,150.305,-107.683,71.280,2,21
0.9839,-1.1235,0.4087,147.439,-109.756,68.537,2,21
1.0093,-1.1138,0.4009,144.695,-111.159,65.366,2,21
1.0210,-1.0952,0.3916,142.866,-112.378,62.805,2,21
1.0435,-1.0835,0.3906,140.793,-113.354,60.366,2,21
1.0591,-1.0815,0.3877,138.232,-114.512,58.049,2,21
0.4453,1.9199,-0.4814,-62.378,375.122,-215.427,1,21
0.4614,1.9243,-0.4707,-60.732,375.793,-211.768,1,21
0.4995,1.9336,-0.4595,-56.829,375.915,-204.207,1,21
0.5396,1.9268,-0.4351,-52.683,375.549,-196.524,1,21
0.5952,1.9189,-0.4214,-46.402,373.780,-185.427,1,21
0.6353,1.9048,-0.4185,-42.012,372.195,-177.744,1,21
0.6743,1.8955,-0.4072,-37.500,370.488,-170.427,1,21
0.7095,1.8760,-0.3940,-33.659,368.476,-163.293,1,21
0.7456,1.8486,-0.3848,-29.390,365.793,-156.037,1,21
0.7837,1.8291,-0.3657,-26.220,363.232,-149.085,1,21
0.8149,1.7871,-0.3594,-22.500,360.000,-142.561,1,21
0.8398,1.7534,-0.3560,-18.841,356.463,-136.098,1,21
0.8687,1.7178,-0.3447,-15.305,352.988,-129.634,1,21
0.8940,1.6797,-0.3335,-11.585,349.146,-123.841,1,21
0.9175,1.6396,-0.3193,-7.683,345.000,-118.049,1,21
0.9341,1.6060,-0.3076,-3.963,341.098,-112.927,1,21
1.1821,-1.0928,0.3560,122.256,-125.366,40.854,2,21
1.1870,-1.1064,0.3667,120.854,-126.402,38.780,2,21
1.1909,-1.1206,0.3691,119.878,-127.622,37.012,2,21
1.1724,-1.1362,0.3599,118.598,-128.902,35.000,2,21
1.1753,-1.1494,0.3711,117.012,-130.305,32.805,2,21
1.1655,-1.1606,0.3730,115.915,-131.890,30.366,2,21
1.1563,-1.1816,0.3784,114.085,-133.110,28.049,2,21
1.1440,-1.1943,0.3809,112.012,-135.061,25.488,2,21
1.0669,1.1982,-0.1489,63.963,251.890,-47.683,1,21
1.0586,1.1870,-0.1558,69.573,245.427,-44.573,1,21
1.0435,1.1670,-0.1748,75.061,238.841,-41.646,1,21
1.0337,1.1494,-0.1826,80.671,232.988,-38.720,1,21
1.0151,1.1348,-0.1895,86.341,226.585,-36.280,1,21
1.0020,1.1064,-0.2095,92.195,220.610,-33.598,1,21
0.9932,1.0898,-0.2168,97.744,214.695,-30.671,1,21
0.9771,1.0737,-0.2163,103.720,209.451,-28.171,1,21
0.9355,-1.1377,0.2993,70.976,-163.049,-28.354,2,21
0.9224,-1.1318,0.2891,69.390,-164.268,-31.646,2,21
0.9175,-1.1240,0.2798,68.537,-164.695,-33.476,2,21
0.9043,-1.1196,0.2681,67.256,-165.854,-36.646,2,21
0.8887,-1.1094,0.2534,65.732,-166.585,-39.817,2,21
0.8628,-1.0913,0.2324,63.902,-167.378,-44.451,2,21
0.8550,-1.0811,0.2319,62.988,-167.988,-47.927,2,21
0.8423,-1.0752,0.2144,61.829,-168.415,-50.854,2,21
0.9575,1.0493,-0.2222,108.902,203.963,-24.939,1,21
0.9458,1.0210,-0.2236,114.329,198.841,-22.012,1,21
0.9414,0.9946,-0.2271,119.634,194.390,-19.390,1,21
0.9321,0.9673,-0.2314,125.305,189.634,-16.098,1,21
0.9287,0.9346,-0.2363,130.976,185.061,-12.988,1,21
0.9282,0.9121,-0.2334,136.098,181.037,-9.634,1,21
0.9238,0.8862,-0.2285,141.463,176.829,-6.890,1,21
0.9258,0.8579,-0.2266,146.524,172.378,-3.841,1,21
0.9326,0.5869,-0.1475,185.671,133.963,16.646,1,21
0.9292,0.5723,-0.1470,187.073,132.073,17.012,1,21
0.9253,0.5518,-0.1333,190.427,127.744,17.988,1,21
0.9219,0.5229,-0.1338,192.988,123.354,18.780,1,21
0.9170,0.5039,-0.1221,195.549,119.390,19.268,1,21
0.9028,0.4712,-0.1147,197.866,115.671,19.085,1,21
0.8975,0.4556,-0.1099,199.085,111.585,19.085,1,21
0.8887,0.4380,-0.1079,200.488,108.049,19.085,1,21
0.7109,-0.9966,0.1543,44.817,-164.756,-89.939,2,21
0.7021,-0.9956,0.1499,42.805,-164.390,-90.915,2,21
0.7017,-0.9927,0.1313,40.915,-163.415,-92.012,2,21
0.6885,-0.9927,0.1421,39.085,-162.561,-92.744,2,21
0.6826,-0.9980,0.1299,37.256,-161.402,-93.171,2,21
0.6719,-0.9985,0.1284,35.427,-160.305,-93.354,2,21
0.6621,-0.9961,0.1230,33.720,-158.780,-93.415,2,21
0.6538,-0.9985,0.1201,31.524,-157.378,-93.659,2,21
0.8638,0.4063,-0.0854,201.159,102.561,17.927,1,21
0.8608,0.3950,-0.0752,200.976,98.537,16.951,1,21
0.8481,0.3794,-0.0635,199.634,94.451,15.610,1,21
0.8345,0.3730,-0.0654,197.683,90.610,14.390,1,21
0.8213,0.3638,-0.0605,195.061,86.768,12.866,1,21
0.8174,0.3633,-0.0591,191.646,83.293,11.220,1,21
0.8071,0.3628,-0.0605,187.073,80.122,9.573,1,21
0.7974,0.3735,-0.0459,181.341,77.012,7.439,1,21
0.6494,-0.9961,0.1172,29.695,-155.671,-93.476,2,21
0.6387,-0.9966,0.1172,27.378,-153.963,-93.659,2,21
0.6401,-0.9995,0.1094,25.671,-152.439,-93.293,2,21
0.6260,-0.9956,0.1060,23.841,-150.732,-92.927,2,21
0.6177,-0.9966,0.1060,22.256,-148.659,-92.927,2,21
0.6108,-0.9976,0.1021,21.037,-146.890,-92.500,2,21
0.6094,-1.0020,0.0991,19.146,-144.695,-92.073,2,21
0.6025,-1.0010,0.0874,18.171,-142.561,-92.073,2,21
0.7808,0.8657,-0.0439,72.500,86.098,-24.878,1,21
0.7910,0.9067,-0.0254,70.305,87.012,-26.646,1,21
0.8022,0.9512,-0.0083,69.085,87.134,-27.744,1,21
0.8037,0.9771,0.0166,68.720,86.280,-28.963,1,21
0.8174,1.0049,0.0366,68.354,85.793,-29.024,1,21
0.8198,1.0249,0.0605,68.049,84.695,-29.268,1,21
0.8271,1.0352,0.0942,68.171,83.476,-28.780,1,21
0.8389,1.0317,0.1221,68.049,82.561,-27.866,1,21
0.9141,0.6128,0.2783,58.171,79.939,-1.037,1,21
0.9150,0.5342,0.2930,57.378,78.902,1.768,1,21
0.9268,0.4648,0.2964,56.402,77.744,3.780,1,21
0.9229,0.3916,0.3037,56.098,75.915,5.366,1,21
0.9272,0.3237,0.3062,56.280,73.598,6.463,1,21
0.9287,0.2603,0.3066,55.610,71.098,7.439,1,21
0.9302,0.2021,0.2979,55.183,67.744,7.622,1,21
0.9321,0.1455,0.2930,54.695,64.146,7.561,1,21
0.9302,0.0977,0.2900,53.902,60.671,7.683,1,21
0.9336,0.0488,0.2817,52.378,57.256,7.134,1,21
0.9229,0.0166,0.2861,50.610,53.659,7.073,1,21
0.9194,-0.0171,0.2720,48.049,50.610,7.012,1,21
0.9146,-0.0479,0.2813,44.329,47.866,7.073,1,21
0.9106,-0.0723,0.2793,40.183,45.000,7.195,1,21
0.9019,-0.1030,0.2700,35.732,42.317,7.744,1,21
0.8970,-0.1245,0.2734,30.183,39.939,8.232,1,21
0.6079,0.0381,-0.5469,22.805,40.671,-75.183,1,21
0.6113,0.0474,-0.5596,28.232,43.110,-76.585,1,21
0.6177,0.0464,-0.5620,33.354,45.122,-78.293,1,21
0.6191,0.0552,-0.5498,36.829,47.378,-80.305,1,21
0.6333,0.0615,-0.5283,37.866,48.963,-82.622,1,21
0.6387,0.0498,-0.5059,37.988,50.610,-84.939,1,21
0.6411,0.0259,-0.5015,36.768,52.073,-87.927,1,21
0.6440,0.0034,-0.4893,36.220,52.927,-91.220,1,21
0.7480,-0.8154,-1.3994,59.390,-40.000,-19.573,2,21
0.7432,-0.8389,-1.4248,55.915,-42.866,-21.402,2,21
0.7378,-0.8633,-1.4497,51.341,-45.183,-22.683,2,21
0.7241,-0.8901,-1.4829,46.768,-47.317,-24.024,2,21
0.7202,-0.9160,-1.5073,41.524,-48.902,-24.939,2,21
0.7056,-0.9482,-1.5205,36.098,-50.793,-26.037,2,21
0.6768,-0.9731,-1.5332,29.817,-51.890,-27.012,2,21
0.6631,-0.9941,-1.5376,23.049,-52.988,-27.866,2,21
0.6343,-1.0161,-1.5474,11.402,-54.268,-29.878,2,21
0.6221,-1.0254,-1.5518,7.378,-54.390,-30.183,2,21
0.6011,-1.0332,-1.5566,-0.488,-54.817,-31.402,2,21
0.5903,-1.0352,-1.5479,-9.268,-54.939,-32.805,2,21
0.5708,-1.0405,-1.5464,-17.134,-54.329,-34.268,2,21
0.5601,-1.0371,-1.5332,-25.244,-53.780,-35.610,2,21
0.5449,-1.0283,-1.5127,-33.049,-53.049,-37.195,2,21
0.5283,-1.0190,-1.4883,-41.341,-52.134,-38.720,2,21
0.8760,0.2817,-0.4785,-63.476,89.451,-152.500,1,21
0.8818,0.3652,-0.4487,-69.207,96.037,-153.171,1,21
0.8936,0.4136,-0.4229,-71.768,99.634,-152.927,1,21
0.9155,0.5376,-0.3643,-76.768,110.122,-152.134,1,21
0.9409,0.6304,-0.3105,-78.293,116.585,-151.280,1,21
0.9688,0.7173,-0.2671,-78.232,121.768,-149.451,1,21
1.0122,0.7993,-0.2388,-77.195,126.159,-147.317,1,21
1.0449,0.8960,-0.1860,-74.817,129.085,-144.756,1,21
0.5269,-0.7529,-1.2080,-96.098,-43.354,-43.598,2,21
0.5225,-0.7207,-1.1890,-99.451,-42.866,-42.622,2,21
0.5190,-0.7109,-1.1729,-100.915,-42.683,-41.829,2,21
0.5117,-0.6792,-1.1504,-103.720,-42.256,-40.427,2,21
0.5083,-0.6455,-1.1191,-106.341,-41.524,-37.683,2,21
0.4990,-0.6152,-1.0991,-108.659,-41.402,-35.244,2,21
0.4946,-0.5928,-1.0854,-109.146,-41.037,-33.049,2,21
0.4932,-0.5776,-1.0640,-110.061,-41.037,-30.427,2,21
0.9282,0.3350,0.2832,96.707,33.720,-23.354,1,21
0.9380,0.3208,0.3135,92.378,35.671,-15.366,1,21
0.9517,0.3047,0.3428,86.707,37.317,-6.829,1,21
0.9780,0.2876,0.3750,80.366,39.024,2.012,1,21
0.9985,0.2700,0.4004,73.415,39.878,11.585,1,21
1.0273,0.2534,0.4209,65.793,39.939,21.098,1,21
1.0449,0.2305,0.4346,58.049,39.329,30.366,1,21
1.0737,0.2075,0.4463,50.000,37.622,40.061,1,21
0.2178,-0.6846,-0.8545,-71.463,-34.756,22.256,2,21
0.1968,-0.7085,-0.8296,-68.902,-33.171,23.537,2,21
0.1748,-0.7266,-0.8091,-67.012,-31.707,24.817,2,21
0.1572,-0.7383,-0.7861,-65.793,-30.183,26.159,2,21
0.1367,-0.7603,-0.7773,-64.939,-28.720,27.256,2,21
0.1147,-0.7783,-0.7632,-63.841,-27.134,28.049,2,21
0.0918,-0.7969,-0.7476,-63.598,-25.671,29.146,2,21
0.0728,-0.8174,-0.7202,-63.354,-24.085,29.756,2,21
0.0522,-0.8359,-0.7007,-63.232,-22.012,30.671,2,21
0.0454,-0.8477,-0.6777,-63.537,-20.427,31.463,2,21
0.0244,-0.8672,-0.6558,-63.780,-18.537,32.500,2,21
0.0073,-0.8877,-0.6362,-65.061,-16.890,34.146,2,21
-0.0020,-0.9116,-0.6084,-66.463,-15.183,35.427,2,21
-0.0146,-0.9292,-0.5850,-67.439,-12.561,36.829,2,21
-0.0269,-0.9590,-0.5674,-68.841,-10.183,38.293,2,21
-0.0400,-0.9800,-0.5254,-70.793,-7.927,40.305,2,21
-0.0605,-1.0059,-0.4985,-72.683,-5.488,41.829,2,21
-0.0786,-1.0366,-0.4722,-74.695,-3.110,43.659,2,21
-0.0928,-1.0698,-0.4487,-76.646,-0.671,44.939,2,21
-0.1089,-1.1055,-0.4214,-78.720,1.280,46.463,2,21
-0.1230,-1.1313,-0.3979,-80.976,3.537,47.622,2,21
-0.1519,-1.1675,-0.3745,-82.866,5.549,48.902,2,21
-0.1655,-1.1958,-0.3521,-85.061,8.110,49.695,2,21
-0.1851,-1.2314,-0.3296,-86.463,10.610,50.244,2,21
1.2148,-0.1699,0.1045,-57.073,-7.012,83.293,1,21
1.2173,-0.1821,0.0981,-59.024,-8.110,81.951,1,21
1.2178,-0.1870,0.0952,-63.415,-10.427,79.390,1,21
1.2368,-0.1963,0.0762,-67.012,-13.293,76.402,1,21
1.2549,-0.2026,0.0552,-69.512,-16.524,73.171,1,21
1.2896,-0.2041,0.0474,-72.500,-19.451,70.183,1,21
1.3247,-0.1938,0.0298,-74.329,-22.439,67.500,1,21
1.3677,-0.1709,0.0225,-77.561,-25.427,64.512,1,21
2.0244,0.1021,-0.0166,-123.415,-70.976,35.122,1,21
2.1191,0.1255,-0.0337,-127.683,-79.939,31.951,1,21
2.2129,0.1650,-0.0537,-131.646,-89.390,28.415,1,21
2.3145,0.2036,-0.0781,-135.427,-98.780,25.610,1,21
2.4067,0.2583,-0.1030,-138.659,-108.110,22.622,1,21
2.4980,0.3315,-0.1089,-142.195,-117.439,19.146,1,21
2.5737,0.3984,-0.1274,-145.854,-126.890,15.854,1,21
2.6592,0.4746,-0.1587,-148.232,-136.646,11.951,1,21
0.4980,2.7529,2.1152,62.317,-551.402,509.024,1,21
0.4438,2.7461,2.1206,58.780,-549.817,512.744,1,21
0.3770,2.7217,2.1138,54.085,-547.927,516.707,1,21
0.3311,2.6943,2.0967,49.268,-545.915,520.183,1,21
0.2827,2.6602,2.0596,44.268,-543.780,523.171,1,21
0.2461,2.6313,2.0093,38.598,-541.159,525.732,1,21
0.1992,2.6089,1.9438,32.134,-539.390,527.683,1,21
0.1724,2.5894,1.8730,25.549,-537.439,528.720,1,21
-0.2974,2.4341,1.5444,-52.256,-536.402,515.366,1,21
-0.3433,2.4102,1.5405,-62.927,-538.902,513.780,1,21
-0.3970,2.3652,1.5259,-73.720,-541.768,512.378,1,21
-0.4497,2.3188,1.5171,-85.000,-545.793,511.524,1,21
-0.5020,2.2725,1.4995,-95.793,-550.305,510.183,1,21
-0.5542,2.2158,1.4712,-106.402,-556.098,508.110,1,21
-0.5972,2.1729,1.4180,-116.585,-562.317,506.220,1,21
-0.6455,2.1221,1.3696,-126.524,-569.329,503.049,1,21
-0.6899,2.0776,1.3091,-136.037,-576.220,499.390,1,21
-0.7378,2.0371,1.2324,-144.390,-583.049,495.122,1,21
-0.7729,1.9951,1.1255,-151.585,-588.963,490.000,1,21
-0.8115,1.9590,1.0303,-156.280,-593.659,484.695,1,21
-0.8398,1.9248,0.9233,-158.902,-596.646,478.415,1,21
-0.8872,1.9053,0.7905,-157.866,-598.110,471.646,1,21
-0.9067,1.8979,0.6216,-153.780,-597.134,464.024,1,21
-0.9277,1.9106,0.4712,-146.646,-593.049,455.366,1,21
1.2910,-1.0859,0.4346,-123.720,155.915,99.878,2,21
1.2813,-1.0659,0.4292,-123.902,154.268,96.707,2,21
1.2715,-1.0464,0.4253,-124.390,152.195,93.720,2,21
1.2593,-1.0308,0.4092,-125.244,150.366,90.976,2,21
1.2363,-1.0215,0.4028,-125.732,147.927,88.293,2,21
1.2100,-1.0098,0.3906,-127.195,146.159,85.854,2,21
1.1895,-1.0088,0.3721,-128.598,143.720,83.659,2,21
1.1675,-1.0093,0.3584,-129.939,141.890,81.341,2,21
-0.9438,1.9326,0.2974,-137.744,-585.732,445.549,1,21
-0.9609,1.9600,0.1489,-127.683,-574.207,435.061,1,21
-0.9717,1.9932,-0.0229,-115.915,-557.134,423.537,1,21
-0.9819,2.0342,-0.1973,-101.951,-535.793,411.585,1,21
-0.9902,2.0532,-0.3643,-86.037,-510.610,399.817,1,21
-0.9966,2.0815,-0.5273,-66.768,-483.049,388.476,1,21
-0.9907,2.1147,-0.6602,-47.256,-451.829,376.829,1,21
-0.9878,2.1191,-0.7339,-24.817,-419.878,365.366,1,21
0.8599,-1.0083,0.2085,-154.207,125.732,59.573,2,21
0.8428,-0.9927,0.2002,-158.537,124.146,56.829,2,21
0.8179,-0.9790,0.1997,-162.622,122.683,54.024,2,21
0.7979,-0.9600,0.2036,-166.646,121.098,51.220,2,21
0.7832,-0.9419,0.1997,-171.159,119.390,48.476,2,21
0.7715,-0.9126,0.2085,-175.183,117.317,46.098,2,21
0.7715,-0.8906,0.2031,-178.659,115.061,43.354,2,21
0.7739,-0.8584,0.2075,-182.439,112.988,41.098,2,21
-0.4995,1.7378,-0.7637,176.646,-206.220,280.061,1,21
-0.4980,1.6826,-0.7544,189.634,-191.585,271.951,1,21
-0.5117,1.6284,-0.7388,201.037,-178.476,263.415,1,21
-0.5430,1.5796,-0.7251,210.610,-166.890,253.598,1,21
-0.5947,1.5352,-0.7051,218.598,-155.854,242.744,1,21
-0.6631,1.5034,-0.6948,224.085,-145.610,230.793,1,21
-0.7461,1.4883,-0.6763,228.232,-135.244,219.390,1,21
-0.8433,1.4736,-0.6519,229.390,-123.902,207.866,1,21
0.7666,-0.8213,0.1943,-185.732,110.732,38.537,2,21
0.7749,-0.7866,0.1934,-188.659,108.354,36.280,2,21
0.7866,-0.7505,0.1899,-191.220,106.341,34.146,2,21
0.7847,-0.7119,0.1816,-193.232,104.207,32.195,2,21
0.7939,-0.6714,0.1772,-194.756,102.134,30.183,2,21
0.8062,-0.6313,0.1724,-195.671,100.244,29.085,2,21
0.8164,-0.5859,0.1567,-196.524,97.866,27.866,2,21
0.8281,-0.5479,0.1514,-196.951,96.159,27.195,2,21
-1.3892,0.5552,-0.0220,38.110,172.256,62.378,1,21
-1.3306,0.5122,-0.0205,23.659,172.744,56.585,1,21
-1.2788,0.4805,-0.0254,10.549,172.500,50.793,1,21
-1.2388,0.4546,-0.0317,-2.439,171.890,43.720,1,21
-1.1987,0.4248,-0.0527,-13.598,170.183,35.854,1,21
-1.1631,0.4048,-0.0571,-24.085,168.171,27.988,1,21
-1.1284,0.3999,-0.0537,-33.354,166.402,19.878,1,21
-1.1069,0.3984,-0.0586,-41.585,165.183,11.220,1,21
-0.8721,0.5098,0.0269,-81.280,160.915,-57.561,1,21
-0.8428,0.5239,0.0151,-84.085,160.305,-63.476,1,21
-0.8125,0.5308,0.0034,-87.012,159.146,-69.512,1,21
-0.7925,0.5352,-0.0044,-89.390,158.171,-75.000,1,21
-0.7725,0.5396,-0.0156,-92.317,156.585,-80.976,1,21
-0.7593,0.5376,-0.0332,-95.000,155.244,-86.646,1,21
-0.7349,0.5449,-0.0576,-97.317,153.841,-92.439,1,21
-0.7246,0.5449,-0.0952,-99.085,152.439,-98.110,1,21
-0.5972,0.6504,-0.3198,-78.720,145.122,-153.659,1,21
-0.5674,0.6533,-0.3491,-74.695,145.427,-159.329,1,21
-0.5342,0.6543,-0.3687,-70.183,145.915,-164.207,1,21
-0.5020,0.6567,-0.3945,-65.366,146.768,-169.207,1,21
-0.4688,0.6641,-0.4097,-60.610,147.317,-173.963,1,21
-0.4233,0.6597,-0.4395,-54.695,147.744,-178.841,1,21
-0.3833,0.6689,-0.4614,-48.598,147.439,-183.476,1,21
-0.3447,0.6836,-0.4795,-42.378,147.500,-188.415,1,21
0.0596,0.8584,-0.6606,8.110,148.232,-232.561,1,21
0.0933,0.8799,-0.6880,12.012,148.537,-236.524,1,21
0.1318,0.8975,-0.7144,14.878,149.024,-240.000,1,21
0.1606,0.9185,-0.7305,16.341,150.061,-243.110,1,21
0.1841,0.9409,-0.7617,16.037,152.439,-245.427,1,21
0.2056,0.9634,-0.7969,14.634,154.939,-246.524,1,21
0.2119,0.9355,-0.8384,13.415,158.659,-248.232,1,21
0.2266,0.9351,-0.8521,13.720,160.244,-251.220,1,21
0.8574,-0.6113,0.2388,70.000,-31.159,127.988,2,21
0.8638,-0.6387,0.2437,69.390,-33.110,129.207,2,21
0.8535,-0.6753,0.2549,69.085,-34.329,130.671,2,21
0.8555,-0.7046,0.2656,69.329,-36.159,131.890,2,21
0.8540,-0.7329,0.2720,70.000,-37.805,132.683,2,21
0.8574,-0.7676,0.2925,70.854,-39.634,134.024,2,21
0.8501,-0.8042,0.2925,72.073,-41.463,134.878,2,21
0.8467,-0.8394,0.3071,73.476,-43.354,135.122,2,21
0.8438,-0.8774,0.3154,74.207,-45.488,135.549,2,21
0.8418,-0.9077,0.3154,75.305,-47.378,135.305,2,21
0.8335,-0.9463,0.3296,76.890,-49.512,135.305,2,21
0.8340,-0.9810,0.3291,78.902,-51.280,134.573,2,21
0.8276,-1.0166,0.3389,80.122,-53.659,134.146,2,21
0.8159,-1.0527,0.3467,81.707,-55.915,133.354,2,21
0.8164,-1.0918,0.3447,83.293,-58.049,132.073,2,21
0.8037,-1.1138,0.3403,84.085,-59.939,131.098,2,21
0.3008,1.0615,-1.0649,-12.744,149.939,-292.927,1,21
0.2886,1.0811,-1.0742,-15.061,149.024,-296.768,1,21
0.2910,1.1143,-1.0825,-17.012,147.622,-300.610,1,21
0.2891,1.1450,-1.0889,-18.720,146.463,-304.329,1,21
0.2871,1.1763,-1.0981,-20.183,145.549,-307.012,1,21
0.2764,1.2104,-1.1104,-21.524,145.122,-309.512,1,21
0.2627,1.2378,-1.1084,-22.073,145.122,-311.220,1,21
0.2632,1.2554,-1.1309,-22.866,146.037,-312.195,1,21
0.7939,-1.1714,0.3428,85.488,-63.049,129.207,2,21
0.8003,-1.1851,0.3379,85.732,-64.024,128.598,2,21
0.7964,-1.2124,0.3433,85.488,-66.524,127.317,2,21
0.7944,-1.2446,0.3408,85.244,-68.659,125.915,2,21
0.7998,-1.2764,0.3477,84.451,-70.915,124.146,2,21
0.7935,-1.3027,0.3306,84.085,-73.354,122.744,2,21
0.7954,-1.3203,0.3345,83.598,-75.732,121.037,2,21
0.7817,-1.3530,0.3247,82.683,-79.024,119.451,2,21
0.2495,1.2690,-1.1318,-22.866,147.256,-312.256,1,21
0.2441,1.2871,-1.1499,-21.707,148.659,-311.646,1,21
0.2417,1.3018,-1.1577,-20.366,150.793,-310.610,1,21
0.2480,1.3188,-1.1572,-19.390,153.659,-309.512,1,21
0.2529,1.3413,-1.1479,-19.085,156.890,-308.232,1,21
0.2607,1.3516,-1.1533,-19.329,161.585,-306.524,1,21
0.2661,1.3579,-1.1328,-19.756,166.646,-304.695,1,21
0.2764,1.3701,-1.1187,-20.183,172.134,-302.378,1,21
0.7778,-1.3618,0.3247,81.280,-82.805,116.159,2,21
0.7710,-1.3735,0.3311,80.732,-84.268,115.244,2,21
0.7666,-1.3857,0.3091,79.207,-87.927,112.866,2,21
0.7622,-1.3853,0.2979,77.134,-90.976,110.488,2,21
0.7588,-1.3950,0.2876,75.610,-93.780,108.537,2,21
0.7637,-1.4058,0.2856,74.268,-96.402,106.098,2,21
0.7617,-1.4072,0.2793,72.805,-98.659,103.841,2,21
0.7612,-1.4160,0.2773,71.768,-100.793,101.463,2,21
0.2959,1.3711,-1.1113,-20.732,176.524,-299.695,1,21
0.3091,1.3691,-1.1001,-20.915,180.915,-296.646,1,21
0.3311,1.3638,-1.0938,-21.463,184.634,-293.598,1,21
0.3594,1.3638,-1.0957,-21.341,187.561,-290.732,1,21
0.3862,1.3628,-1.1040,-21.463,190.000,-287.622,1,21
0.4067,1.3604,-1.0996,-22.256,191.646,-284.451,1,21
0.4331,1.3604,-1.1050,-23.293,193.293,-281.707,1,21
0.4600,1.3594,-1.1021,-23.902,195.061,-278.841,1,21
0.7720,-1.4243,0.2690,68.902,-104.024,97.683,2,21
0.7754,-1.4233,0.2744,66.707,-105.793,95.427,2,21
0.7866,-1.4297,0.2676,65.671,-106.951,93.841,2,21
0.7886,-1.4307,0.2720,64.268,-108.537,91.341,2,21
0.8022,-1.4336,0.2661,62.805,-110.915,87.988,2,21
0.8159,-1.4312,0.2646,61.280,-113.171,85.244,2,21
0.8208,-1.4243,0.2529,59.634,-116.463,80.732,2,21
0.8311,-1.4131,0.2476,58.659,-119.207,77.439,2,21
0.5776,-1.3364,0.1816,40.122,-226.829,-38.293,2,21
0.5703,-1.3477,0.1865,37.317,-227.134,-39.878,2,21
0.5596,-1.3599,0.1904,34.390,-226.646,-41.707,2,21
0.5435,-1.3647,0.2002,31.524,-226.585,-44.024,2,21
0.5313,-1.3662,0.1953,28.598,-226.159,-46.159,2,21
0.5205,-1.3687,0.2007,25.610,-226.159,-48.110,2,21
0.5049,-1.3726,0.2065,22.561,-225.610,-50.183,2,21
0.4897,-1.3755,0.2085,19.390,-225.183,-52.805,2,21
0.4194,0.6899,0.0093,33.902,249.146,-156.402,1,21
0.4136,0.6851,0.0181,32.927,248.841,-156.220,1,21
0.4028,0.6738,0.0176,31.098,248.354,-156.159,1,21
0.3877,0.6641,0.0127,29.634,248.293,-155.915,1,21
0.3760,0.6611,0.0190,28.293,248.171,-155.366,1,21
0.3677,0.6592,0.0156,27.378,248.415,-154.939,1,21
0.3647,0.6611,0.0059,26.585,249.024,-154.329,1,21
0.3574,0.6567,0.0146,24.451,250.854,-152.988,1,21
0.4790,-1.3643,0.2114,16.037,-224.390,-55.061,2,21
0.4741,-1.3721,0.2153,12.866,-223.293,-57.866,2,21
0.4663,-1.3691,0.2173,9.024,-222.561,-59.756,2,21
0.4575,-1.3677,0.2173,5.793,-221.159,-62.256,2,21
0.4556,-1.3706,0.2139,2.073,-219.878,-64.451,2,21
0.4561,-1.3662,0.2285,-1.037,-218.598,-66.585,2,21
0.4443,-1.3682,0.2329,-4.146,-216.585,-69.085,2,21
0.4419,-1.3701,0.2393,-6.951,-215.061,-70.976,2,21
0.2988,-0.9727,0.2339,26.037,-94.939,-125.915,2,21
0.3032,-0.9658,0.2236,28.902,-92.988,-125.366,2,21
0.3110,-0.9609,0.2236,32.256,-90.488,-125.488,2,21
0.3086,-0.9570,0.2119,35.427,-88.293,-124.878,2,21
0.3242,-0.9590,0.2231,38.415,-86.524,-124.512,2,21
0.3354,-0.9546,0.2134,41.829,-84.085,-124.024,2,21
0.3403,-0.9546,0.2241,45.061,-82.134,-123.171,2,21
0.3472,-0.9541,0.2246,48.598,-80.183,-122.012,2,21
1.6299,2.2598,0.0918,-14.756,163.476,-127.866,1,21
1.6196,2.2476,0.1548,7.561,156.463,-119.329,1,21
1.6030,2.2437,0.1729,31.098,148.110,-111.768,1,21
1.6069,2.2588,0.1577,55.732,138.049,-104.939,1,21
1.6084,2.2930,0.1436,79.207,126.707,-97.012,1,21
1.5986,2.3413,0.1309,100.183,115.671,-88.232,1,21
1.5767,2.3833,0.1348,116.646,105.061,-76.890,1,21
1.5493,2.4346,0.1558,128.720,95.183,-63.293,1,21
1.5825,2.2173,-0.0693,135.488,44.390,109.268,1,21
1.5693,2.1602,-0.0923,132.561,42.988,116.768,1,21
1.5327,2.0322,-0.1406,126.402,41.159,130.915,1,21
1.4800,1.8848,-0.1636,121.037,39.268,142.317,1,21
1.4326,1.7217,-0.1685,115.915,37.866,151.768,1,21
1.3789,1.5532,-0.1758,111.829,36.585,158.720,1,21
1.3208,1.3794,-0.1694,108.720,36.037,163.963,1,21
1.2827,1.2178,-0.1504,105.183,35.305,167.134,1,21
0.5430,-1.3208,-0.5859,94.817,-81.890,-119.512,2,21
0.5459,-1.3105,-0.6118,97.378,-85.427,-121.220,2,21
0.5410,-1.3008,-0.6411,99.207,-89.329,-123.049,2,21
0.5430,-1.2798,-0.6655,101.098,-92.866,-124.817,2,21
0.5415,-1.2769,-0.6904,102.317,-96.768,-126.341,2,21
0.5386,-1.2695,-0.7095,103.232,-100.488,-128.415,2,21
0.5283,-1.2695,-0.7319,103.902,-104.146,-130.305,2,21
0.5234,-1.2676,-0.7573,104.146,-107.744,-132.134,2,21
0.5151,-1.2637,-0.7808,103.659,-110.976,-133.902,2,21
0.4995,-1.2720,-0.7983,103.232,-113.963,-135.488,2,21
0.4912,-1.2856,-0.8281,102.012,-116.646,-137.195,2,21
0.4731,-1.2983,-0.8535,100.366,-118.720,-138.841,2,21
0.4565,-1.3096,-0.8740,98.049,-120.488,-140.305,2,21
0.4414,-1.3203,-0.8955,95.427,-121.829,-141.707,2,21
0.4209,-1.3350,-0.9170,92.012,-123.110,-142.866,2,21
0.4053,-1.3530,-0.9370,87.805,-123.963,-144.146,2,21
0.3901,-1.3687,-0.9380,83.354,-124.085,-145.610,2,21
0.3740,-1.3911,-0.9722,78.537,-124.207,-146.524,2,21
0.3623,-1.4004,-0.9663,72.622,-123.902,-147.927,2,21
0.3369,-1.4141,-0.9824,66.402,-123.476,-149.085,2,21
0.3340,-1.4214,-0.9858,59.573,-122.622,-150.610,2,21
0.3169,-1.4282,-0.9888,52.683,-122.012,-152.134,2,21
0.3164,-1.4268,-0.9834,45.122,-120.671,-153.720,2,21
0.3120,-1.4253,-0.9863,37.256,-119.512,-155.183,2,21
0.8779,0.1392,0.2065,43.598,1.402,156.585,1,21
0.8472,0.0967,0.2065,41.402,-2.256,155.366,1,21
0.8188,0.0454,0.1958,39.817,-5.610,154.695,1,21
0.7930,0.0103,0.1699,38.415,-8.841,153.415,1,21
0.7583,-0.0317,0.1528,38.293,-12.134,152.500,1,21
0.7456,-0.0752,0.1270,38.476,-14.695,151.098,1,21
0.7197,-0.1104,0.0952,39.207,-17.256,149.695,1,21
0.7061,-0.1494,0.0596,40.183,-19.085,148.415,1,21
0.3003,-1.4175,-0.9839,29.024,-118.354,-157.317,2,21
0.3032,-1.4082,-0.9834,20.305,-117.073,-159.390,2,21
0.3022,-1.3921,-0.9819,10.915,-116.159,-162.134,2,21
0.3022,-1.3687,-0.9780,1.707,-114.512,-164.817,2,21
0.3047,-1.3462,-0.9790,-6.951,-113.171,-167.561,2,21
0.2998,-1.3066,-0.9790,-15.427,-111.768,-170.305,2,21
0.3081,-1.2837,-0.9780,-23.598,-110.183,-173.293,2,21
0.3174,-1.2363,-0.9702,-31.829,-108.171,-175.671,2,21
0.6919,-0.1724,0.0400,41.524,-20.122,147.012,1,21
0.6777,-0.2080,0.0186,42.378,-20.793,145.671,1,21
0.6621,-0.2266,0.0264,42.927,-20.793,144.085,1,21
0.6519,-0.2598,0.0200,42.500,-20.488,142.744,1,21
0.6357,-0.2881,0.0195,42.561,-19.817,141.159,1,21
0.6177,-0.3188,0.0044,42.927,-19.634,139.634,1,21
0.6050,-0.3457,0.0166,44.146,-19.390,137.744,1,21
0.5854,-0.3599,0.0337,45.061,-19.207,135.366,1,21
0.3188,-1.2017,-0.9731,-39.634,-106.768,-177.988,2,21
0.3232,-1.1621,-0.9683,-46.951,-104.817,-180.183,2,21
0.3223,-1.1128,-0.9575,-53.963,-102.500,-182.317,2,21
0.3311,-1.0830,-0.9492,-60.915,-100.488,-184.207,2,21
0.3281,-1.0317,-0.9443,-66.951,-98.232,-185.671,2,21
0.3325,-0.9971,-0.9385,-73.049,-95.976,-186.768,2,21
0.3394,-0.9663,-0.9404,-78.780,-93.293,-187.805,2,21
0.3384,-0.9287,-0.9302,-83.963,-90.793,-188.598,2,21
0.5684,-0.3833,0.0469,45.488,-19.634,132.805,1,21
0.5464,-0.4072,0.0591,47.073,-19.878,130.061,1,21
0.5405,-0.4380,0.0640,49.573,-20.610,127.561,1,21
0.5225,-0.4556,0.0684,52.805,-21.524,124.451,1,21
0.5093,-0.4692,0.0742,57.256,-22.439,121.341,1,21
0.4976,-0.4785,0.0977,60.549,-23.720,117.866,1,21
0.4922,-0.4941,0.0884,63.902,-25.122,113.780,1,21
0.4727,-0.5020,0.0986,67.256,-26.402,109.451,1,21
0.3325,-0.9067,-0.9155,-88.293,-88.049,-188.780,2,21
0.3350,-0.8853,-0.9097,-92.378,-85.061,-189.024,2,21
0.3403,-0.8579,-0.9111,-95.976,-82.744,-189.024,2,21
0.3447,-0.8325,-0.9023,-99.451,-80.183,-188.720,2,21
0.3403,-0.8105,-0.9033,-102.622,-77.805,-188.293,2,21
0.3452,-0.7876,-0.9043,-105.000,-75.915,-187.622,2,21
0.3354,-0.7637,-0.9014,-106.524,-73.902,-186.402,2,21
0.3330,-0.7446,-0.8955,-107.927,-71.524,-185.061,2,21
0.2593,-0.7793,0.0928,80.305,-32.805,-1.280,1,21
0.2559,-0.7837,0.0972,80.122,-33.476,-4.939,1,21
0.2456,-0.8120,0.0957,78.354,-33.720,-11.341,1,21
0.2412,-0.8369,0.1011,77.927,-34.207,-17.317,1,21
0.2402,-0.8740,0.0796,77.866,-34.817,-23.293,1,21
0.2358,-0.9077,0.0513,79.573,-35.427,-29.207,1,21
0.2256,-0.9438,0.0259,82.805,-37.500,-38.110,1,21
0.2280,-0.9551,0.0132,84.878,-39.390,-44.512,1,21
0.1523,-0.6045,-0.8276,-75.427,-39.024,-154.085,2,21
0.1357,-0.6035,-0.8193,-71.037,-37.744,-151.524,2,21
0.1089,-0.6030,-0.7920,-66.707,-36.524,-148.659,2,21
0.0815,-0.6069,-0.7695,-61.829,-34.878,-146.341,2,21
0.0562,-0.6064,-0.7480,-57.683,-33.171,-143.232,2,21
0.0342,-0.6069,-0.7178,-53.293,-31.707,-140.305,2,21
0.0073,-0.6060,-0.6958,-49.207,-29.939,-137.500,2,21
-0.0225,-0.6206,-0.6753,-45.793,-29.146,-134.329,2,21
-0.5112,-0.8477,-0.6250,-68.598,12.500,-80.183,2,21
-0.5322,-0.8599,-0.6235,-74.756,18.171,-76.280,2,21
-0.5503,-0.8726,-0.6294,-81.037,24.817,-72.378,2,21
-0.5547,-0.8872,-0.6426,-87.744,31.463,-68.415,2,21
-0.5645,-0.9014,-0.6465,-94.878,38.476,-64.268,2,21
-0.5620,-0.9077,-0.6362,-100.854,46.220,-60.122,2,21
-0.5532,-0.9194,-0.6323,-107.256,53.354,-55.915,2,21
-0.5449,-0.9224,-0.6309,-113.293,61.159,-51.707,2,21
1.3701,-0.0068,-0.9746,34.146,54.451,-119.695,1,21
1.5576,0.1260,-1.1870,38.415,47.256,-118.841,1,21
1.7515,0.2700,-1.3374,41.890,39.573,-116.768,1,21
1.9463,0.4082,-1.4517,40.549,32.195,-113.659,1,21
2.1387,0.5210,-1.5044,36.585,25.793,-109.329,1,21
2.3135,0.6221,-1.5156,32.622,18.659,-103.659,1,21
2.4844,0.6836,-1.4810,29.390,9.634,-95.915,1,21
2.6455,0.7271,-1.4478,27.317,-2.012,-88.171,1,21
-0.5371,-0.9141,-0.6104,-119.817,68.780,-47.195,2,21
-0.5093,-0.9058,-0.5791,-128.354,79.634,-40.488,2,21
-0.4878,-0.9009,-0.5684,-131.341,83.232,-38.354,2,21
-0.4692,-0.8823,-0.5366,-136.951,90.000,-33.354,2,21
-0.4326,-0.8647,-0.5327,-142.683,96.402,-28.354,2,21
-0.4023,-0.8398,-0.5088,-148.537,102.622,-23.354,2,21
-0.3628,-0.8154,-0.4976,-153.476,108.780,-17.744,2,21
-0.3252,-0.7925,-0.4648,-157.805,114.512,-12.378,2,21
2.7959,0.7388,-1.4219,28.171,-16.341,-79.390,1,21
2.9316,0.7246,-1.4189,30.976,-31.829,-71.524,1,21
3.0547,0.7036,-1.4541,35.488,-48.049,-64.634,1,21
3.1465,0.6880,-1.4844,40.183,-63.293,-58.537,1,21
3.1953,0.6875,-1.5142,41.890,-77.317,-54.695,1,21
3.2095,0.6865,-1.5220,40.122,-88.476,-51.951,1,21
3.1880,0.6973,-1.5039,33.354,-96.341,-50.244,1,21
3.1675,0.6997,-1.4814,23.354,-101.585,-48.232,1,21
3.1626,0.7227,-1.4482,13.293,-104.390,-44.451,1,21
3.2075,0.7612,-1.3999,3.232,-106.159,-37.439,1,21
3.2949,0.8237,-1.3218,-7.805,-106.707,-26.768,1,21
3.4150,0.9048,-1.2280,-20.244,-108.415,-13.841,1,21
3.5542,0.9995,-1.0918,-33.963,-111.402,0.488,1,21
3.6807,1.0742,-0.9658,-46.524,-117.256,14.085,1,21
3.8125,1.1426,-0.8345,-56.829,-126.402,25.915,1,21
3.9355,1.2124,-0.6865,-63.720,-137.866,34.939,1,21
4.0449,1.2813,-0.5547,-68.293,-151.341,42.012,1,21
4.1240,1.3574,-0.4102,-69.756,-165.549,47.378,1,21
4.1904,1.4395,-0.2783,-70.732,-180.366,52.439,1,21
4.2285,1.5146,-0.1338,-69.573,-194.756,58.476,1,21
4.2314,1.5981,0.0117,-68.354,-209.634,64.939,1,21
4.2192,1.6665,0.1494,-66.707,-224.085,72.988,1,21
4.2007,1.7275,0.2627,-65.244,-238.780,82.805,1,21
4.1724,1.7832,0.3911,-63.049,-253.902,94.817,1,21
0.7588,-0.6128,0.2041,-95.610,141.098,171.951,2,21
0.7627,-0.6328,0.2051,-93.780,137.744,178.354,2,21
0.7803,-0.6582,0.2002,-92.134,135.000,184.329,2,21
0.7686,-0.6821,0.2207,-91.585,131.890,190.488,2,21
0.7783,-0.7080,0.2212,-90.915,129.329,195.610,2,21
0.7729,-0.7339,0.2285,-90.610,126.341,200.244,2,21
0.7773,-0.7661,0.2334,-91.341,123.963,204.939,2,21
0.7764,-0.7900,0.2344,-92.012,121.890,208.720,2,21
3.3979,1.9775,1.3813,-23.415,-401.037,241.280,1,21
3.2695,1.9590,1.4463,-21.037,-416.463,256.341,1,21
3.1426,1.9380,1.4951,-21.402,-430.549,269.878,1,21
3.0156,1.9341,1.5317,-22.134,-444.390,281.951,1,21
2.8945,1.9424,1.5698,-24.146,-457.683,292.134,1,21
2.7666,1.9800,1.6064,-27.012,-469.695,300.854,1,21
2.6533,2.0308,1.6499,-31.402,-480.305,308.476,1,21
2.5425,2.0918,1.6890,-36.951,-489.756,315.061,1,21
2.4468,2.1523,1.7202,-42.744,-498.537,320.976,1,21
2.3428,2.2251,1.7627,-47.500,-506.098,326.829,1,21
2.2578,2.3003,1.7896,-52.134,-513.537,332.561,1,21
2.1782,2.3755,1.8345,-55.671,-520.427,338.232,1,21
2.0898,2.4355,1.8848,-59.756,-526.829,343.841,1,21
2.0044,2.4902,1.9346,-62.500,-533.049,349.573,1,21
1.9258,2.5415,1.9980,-64.390,-539.512,355.427,1,21
1.8647,2.5845,2.0396,-64.085,-546.341,361.280,1,21
0.8950,-0.9600,0.2983,-121.829,112.744,224.390,2,21
0.9263,-0.9741,0.3242,-126.585,112.744,224.573,2,21
0.9717,-0.9790,0.3394,-131.768,112.805,224.207,2,21
1.0122,-0.9927,0.3569,-137.683,113.293,223.354,2,21
1.0557,-0.9922,0.3730,-144.024,113.110,222.805,2,21
1.1035,-1.0103,0.3867,-150.854,113.049,222.073,2,21
1.1548,-1.0249,0.3989,-157.439,112.927,221.646,2,21
1.2007,-1.0352,0.4355,-164.451,112.622,220.976,2,21
0.7681,2.9751,2.4692,17.439,-602.256,454.146,1,21
0.6709,2.9917,2.4409,18.780,-605.610,457.073,1,21
0.5825,3.0098,2.4214,19.024,-608.354,460.488,1,21
0.4761,3.0313,2.4121,18.902,-610.427,462.927,1,21
0.3921,3.0522,2.3945,18.841,-611.890,466.280,1,21
0.2993,3.0728,2.3589,20.061,-613.354,469.085,1,21
0.2148,3.1138,2.3359,21.646,-614.878,472.134,1,21
0.1255,3.1523,2.3130,22.073,-616.280,474.634,1,21
1.4004,-1.1216,0.6353,-217.012,112.012,134.146,2,21
1.3848,-1.0903,0.6328,-209.207,113.110,130.610,2,21
1.3765,-1.0684,0.6123,-200.854,114.756,127.012,2,21
1.3652,-1.0444,0.5981,-192.500,115.793,123.415,2,21
1.3501,-1.0200,0.5850,-183.841,117.012,119.817,2,21
1.3452,-1.0024,0.5669,-175.488,118.415,116.402,2,21
1.3335,-0.9766,0.5469,-166.707,119.512,113.293,2,21
1.3228,-0.9487,0.5435,-157.683,120.549,110.000,2,21
-1.5815,2.0488,0.3853,38.659,-452.256,511.768,1,21
-1.4722,2.0376,0.2749,48.537,-437.378,502.561,1,21
-1.3403,2.0303,0.1938,58.293,-423.293,493.110,1,21
-1.2002,2.0415,0.1211,68.415,-408.293,484.085,1,21
-1.0391,2.0669,0.0615,78.049,-392.866,475.244,1,21
-0.8774,2.0791,0.0098,87.500,-377.134,467.805,1,21
-0.7271,2.0869,-0.0371,96.159,-360.061,460.854,1,21
-0.5840,2.0879,-0.0703,103.841,-343.232,454.878,1,21
-0.7607,1.9976,-0.1274,116.220,-235.183,384.756,1,21
-0.8936,2.0527,-0.1211,116.585,-225.000,376.098,1,21
-1.0234,2.1025,-0.1211,117.439,-213.354,368.049,1,21
-1.1533,2.1479,-0.1182,118.963,-200.793,360.122,1,21
-1.2671,2.1953,-0.1104,121.159,-187.439,353.232,1,21
-1.3755,2.2124,-0.0996,122.805,-173.232,345.976,1,21
-1.4858,2.2231,-0.0796,123.780,-159.024,338.598,1,21
-1.6050,2.2192,-0.0386,123.841,-143.963,331.159,1,21
0.8281,-0.3076,0.2104,-105.122,101.585,46.341,2,21
0.8486,-0.2783,0.2017,-107.378,99.634,46.159,2,21
0.8677,-0.2544,0.2026,-109.268,97.378,46.280,2,21
0.8848,-0.2266,0.1929,-111.463,95.427,46.585,2,21
0.9004,-0.2017,0.1982,-113.049,92.378,47.134,2,21
0.9199,-0.1729,0.1855,-114.451,90.183,47.439,2,21
0.9238,-0.1567,0.1831,-115.366,87.683,47.866,2,21
0.9331,-0.1289,0.1714,-116.159,84.817,48.598,2,21
-1.9404,0.6025,0.1016,-34.085,120.183,110.427,1,21
-1.9272,0.5894,0.0791,-36.890,121.585,105.427,1,21
-1.9102,0.5737,0.0479,-40.915,124.329,95.549,1,21
-1.8960,0.5596,0.0293,-43.476,126.341,85.061,1,21
-1.8760,0.5444,-0.0044,-45.305,130.427,69.329,1,21
-1.8555,0.5317,-0.0298,-45.854,133.293,58.841,1,21
-1.8350,0.5278,-0.0439,-44.817,136.341,48.232,1,21
-1.8013,0.5137,-0.0776,-43.293,139.268,37.378,1,21
-0.9678,0.5498,-0.1836,-0.671,186.159,-140.976,1,21
-0.9233,0.5791,-0.1826,1.037,189.207,-149.390,1,21
-0.8867,0.6084,-0.1768,3.780,192.378,-157.744,1,21
-0.8452,0.6353,-0.1689,6.098,195.427,-165.549,1,21
-0.8027,0.6641,-0.1665,7.927,199.146,-172.744,1,21
-0.7715,0.7036,-0.1587,9.451,202.378,-179.878,1,21
-0.7256,0.7354,-0.1528,10.976,205.488,-186.341,1,21
-0.6890,0.7593,-0.1528,11.829,208.293,-192.317,1,21
-0.1851,1.2783,-0.1548,5.549,246.341,-241.585,1,21
-0.1602,1.2944,-0.1426,3.963,249.024,-240.671,1,21
-0.1313,1.3247,-0.1479,2.256,251.768,-239.207,1,21
-0.1069,1.3403,-0.1548,0.488,254.756,-237.744,1,21
-0.0732,1.3623,-0.1470,-0.976,257.622,-236.037,1,21
-0.0449,1.3823,-0.1353,-3.293,261.220,-234.268,1,21
-0.0186,1.3945,-0.1367,-5.000,264.451,-232.256,1,21
0.0005,1.4160,-0.1279,-6.341,267.500,-230.427,1,21
0.0210,1.4185,-0.1094,-7.744,271.098,-228.293,1,21
0.0410,1.4316,-0.0986,-9.268,274.085,-226.220,1,21
0.0591,1.4390,-0.0825,-10.488,276.890,-223.902,1,21
0.0767,1.4404,-0.0732,-11.280,280.122,-221.707,1,21
0.0933,1.4438,-0.0659,-11.463,282.805,-219.451,1,21
0.1040,1.4399,-0.0537,-10.549,285.854,-216.768,1,21
0.1157,1.4399,-0.0469,-9.085,289.329,-214.451,1,21
0.1362,1.4351,-0.0430,-6.585,292.988,-211.829,1,21
1.0596,-0.5103,0.2900,56.646,-50.976,46.829,2,21
1.0645,-0.5220,0.2783,58.963,-52.439,46.463,2,21
1.0732,-0.5415,0.2949,61.646,-54.268,45.854,2,21
1.0835,-0.5640,0.3008,64.512,-55.549,45.427,2,21
1.0869,-0.5835,0.3003,67.744,-57.012,45.000,2,21
1.0928,-0.5986,0.3252,71.402,-58.902,45.122,2,21
1.0918,-0.6045,0.3296,75.122,-60.488,44.817,2,21
1.1016,-0.6211,0.3369,79.024,-62.378,45.000,2,21
1.0737,-0.7295,0.3789,108.049,-81.768,49.695,2,21
1.0742,-0.7563,0.3765,110.549,-83.354,50.793,2,21
1.0659,-0.7754,0.3760,113.598,-85.427,51.768,2,21
1.0688,-0.7993,0.3804,116.707,-87.256,53.171,2,21
1.0688,-0.8262,0.3833,119.390,-88.720,54.207,2,21
1.0591,-0.8472,0.3755,122.073,-90.610,55.244,2,21
1.0542,-0.8784,0.3701,125.000,-92.134,55.976,2,21
1.0498,-0.8979,0.3726,127.439,-93.720,57.317,2,21
0.8438,1.1494,0.3052,38.902,453.354,-177.317,1,21
0.9224,1.1338,0.3643,38.354,452.927,-178.049,1,21
1.0049,1.1157,0.3945,37.378,448.415,-178.659,1,21
1.0732,1.1157,0.4160,36.037,441.768,-179.268,1,21
1.1270,1.1079,0.4321,33.171,432.866,-180.183,1,21
1.1670,1.1143,0.4224,30.427,423.293,-181.159,1,21
1.1831,1.1128,0.4150,27.012,413.354,-182.195,1,21
1.1802,1.1123,0.3828,24.085,403.780,-183.537,1,21
1.1606,1.1152,0.3413,21.280,395.122,-184.939,1,21
1.1191,1.1240,0.2939,19.146,388.171,-186.951,1,21
1.0752,1.1396,0.2603,17.256,382.805,-189.512,1,21
1.0146,1.1670,0.2148,15.427,380.244,-192.439,1,21
0.9551,1.1938,0.1758,13.598,379.512,-195.793,1,21
0.8950,1.2261,0.1460,11.159,380.732,-199.207,1,21
0.8340,1.2485,0.1250,8.780,383.720,-202.134,1,21
0.7813,1.2788,0.0933,5.732,387.988,-204.695,1,21
0.7437,1.3071,0.0645,3.659,392.561,-206.159,1,21
0.7051,1.3281,0.0352,2.012,396.951,-206.707,1,21
0.6772,1.3486,0.0200,1.280,401.402,-205.793,1,21
0.6670,1.3721,0.0063,0.305,405.488,-204.207,1,21
0.6499,1.3843,0.0103,-0.061,408.841,-201.707,1,21
0.6348,1.3960,0.0146,-1.646,412.073,-198.598,1,21
0.6240,1.4004,0.0371,-2.622,414.085,-194.634,1,21
0.6182,1.3979,0.0591,-3.780,414.878,-190.366,1,21
0.9326,-1.2422,0.3477,126.037,-127.073,54.085,2,21
0.9248,-1.2407,0.3477,124.024,-129.146,52.561,2,21
0.9131,-1.2510,0.3423,121.890,-131.524,50.915,2,21
0.8975,-1.2559,0.3457,119.634,-133.537,48.841,2,21
0.8999,-1.2607,0.3345,116.951,-135.549,47.195,2,21
0.8901,-1.2632,0.3359,113.963,-137.439,44.939,2,21
0.8872,-1.2651,0.3315,110.793,-139.146,42.988,2,21
0.8882,-1.2690,0.3296,108.110,-141.037,40.732,2,21
0.6182,1.3848,0.0830,-4.695,415.366,-185.549,1,21
0.6187,1.3643,0.1064,-4.939,415.000,-180.671,1,21
0.6240,1.3394,0.1387,-6.341,413.963,-175.366,1,21
0.6309,1.3066,0.1826,-7.927,412.683,-169.817,1,21
0.6445,1.2690,0.2085,-9.451,410.732,-163.902,1,21
0.6572,1.2236,0.2505,-11.463,409.085,-157.927,1,21
0.6812,1.1733,0.2773,-13.841,406.951,-151.829,1,21
0.7070,1.1265,0.3159,-16.768,404.695,-145.793,1,21
1.2197,0.9492,-0.2266,-14.756,298.476,-88.659,1,21
1.2378,0.9229,-0.2549,-10.427,293.293,-85.305,1,21
1.2578,0.9048,-0.2759,-5.183,287.927,-82.500,1,21
1.2695,0.8760,-0.3062,0.061,282.073,-79.695,1,21
1.2998,0.8530,-0.3311,5.915,276.280,-77.683,1,21
1.3232,0.8325,-0.3472,11.463,269.573,-76.341,1,21
1.3374,0.8042,-0.3784,16.951,263.537,-75.488,1,21
1.3511,0.7896,-0.3945,22.439,257.256,-75.000,1,21
1.3545,0.6211,-0.6426,63.720,193.841,-81.829,1,21
1.3472,0.6133,-0.6802,68.598,186.402,-82.988,1,21
1.3389,0.6206,-0.7173,73.476,178.841,-85.000,1,21
1.3252,0.6138,-0.7456,77.439,172.317,-86.768,1,21
1.3081,0.6182,-0.7729,80.854,165.976,-88.659,1,21
1.2876,0.6274,-0.7886,84.024,159.939,-90.732,1,21
1.2695,0.6489,-0.8130,87.134,154.085,-92.683,1,21
1.2451,0.6699,-0.8340,90.427,148.415,-94.512,1,21
1.2207,0.7134,-0.8530,93.963,142.744,-96.341,1,21
1.2056,0.7686,-0.8604,97.195,137.683,-97.805,1,21
1.1782,0.8223,-0.8765,100.610,132.744,-99.390,1,21
1.1577,0.9072,-0.8682,103.841,127.805,-100.976,1,21
1.1270,0.9771,-0.8730,107.500,123.598,-102.195,1,21
1.1113,1.0708,-0.8633,111.402,119.634,-103.902,1,21
1.0884,1.1528,-0.8589,116.037,116.768,-105.000,1,21
1.0737,1.2246,-0.8281,121.402,114.451,-106.037,1,21
0.9678,1.4839,0.2251,251.585,54.939,4.817,1,21
0.9502,1.4722,0.2412,252.439,50.976,9.695,1,21
0.9385,1.4585,0.2412,253.171,46.951,14.634,1,21
0.9219,1.4355,0.2485,253.354,42.988,19.207,1,21
0.8926,1.4136,0.2529,251.707,38.963,23.780,1,21
0.8779,1.3848,0.2563,249.451,35.488,27.866,1,21
0.8574,1.3359,0.2671,246.463,32.622,31.341,1,21
0.8418,1.2905,0.2646,242.561,30.671,35.305,1,21
0.8418,0.8770,0.2100,173.598,40.854,69.329,1,21
0.8398,0.8281,0.1968,164.207,41.829,72.866,1,21
0.8418,0.7891,0.1831,154.695,42.317,76.524,1,21
0.8438,0.7563,0.1729,144.878,42.073,79.573,1,21
0.8447,0.7134,0.1709,135.366,41.829,82.195,1,21
0.8384,0.6709,0.1626,126.463,41.402,84.512,1,21
0.8354,0.6367,0.1641,117.805,41.159,86.890,1,21
0.8306,0.5981,0.1719,110.183,41.159,88.354,1,21
0.8218,0.5620,0.1792,102.683,41.098,90.488,1,21
0.8057,0.5195,0.1890,96.402,41.341,92.134,1,21
0.7964,0.4814,0.2021,90.549,41.341,93.537,1,21
0.7778,0.4414,0.2246,85.244,41.524,94.390,1,21
0.7568,0.3975,0.2407,80.305,41.768,95.183,1,21
0.7397,0.3555,0.2480,76.463,41.646,95.671,1,21
0.7295,0.3091,0.2495,72.927,40.976,96.402,1,21
0.7065,0.2534,0.2622,69.512,40.915,96.585,1,21
0.3950,-0.9692,0.1841,194.268,-25.183,-98.963,2,21
0.4009,-0.9639,0.1870,182.500,-21.585,-97.805,2,21
0.4087,-0.9663,0.1846,170.427,-17.805,-96.402,2,21
0.4146,-0.9614,0.1816,159.024,-14.268,-95.244,2,21
0.4243,-0.9561,0.1821,147.500,-10.610,-94.207,2,21
0.4307,-0.9434,0.1787,136.463,-7.073,-92.927,2,21
0.4370,-0.9331,0.1621,125.549,-3.841,-91.341,2,21
0.4360,-0.9199,0.1538,115.244,-0.488,-90.000,2,21
0.3755,-0.1563,-0.7676,43.841,124.207,-219.756,1,21
0.3848,-0.0996,-0.7632,41.707,132.561,-221.768,1,21
0.4121,-0.0381,-0.7349,38.110,139.268,-224.268,1,21
0.4229,0.0068,-0.7031,33.171,144.390,-226.402,1,21
0.4331,0.0195,-0.6509,27.927,147.622,-228.598,1,21
0.4458,0.0181,-0.6196,22.439,147.805,-231.037,1,21
0.4644,-0.0117,-0.6123,19.512,145.183,-233.415,1,21
0.4873,-0.0654,-0.6099,21.707,140.549,-235.915,1,21
0.9805,-1.2827,-0.6108,2.622,-63.232,43.841,2,21
0.9321,-1.3105,-0.6611,5.122,-72.134,43.963,2,21
0.8950,-1.3379,-0.7095,8.049,-80.610,44.512,2,21
0.8530,-1.3667,-0.7524,11.220,-88.598,44.634,2,21
0.8018,-1.3916,-0.7964,13.232,-95.915,44.085,2,21
0.7578,-1.4209,-0.8462,15.915,-102.500,43.354,2,21
0.7080,-1.4487,-0.8784,18.598,-108.049,42.744,2,21
0.6631,-1.4761,-0.9043,21.280,-112.744,41.951,2,21
0.4985,-0.0879,-0.5649,25.976,133.659,-239.146,1,21
0.5181,-0.1060,-0.5205,26.037,125.244,-243.354,1,21
0.5381,-0.1162,-0.5073,20.793,116.098,-249.512,1,21
0.5493,-0.1152,-0.4893,14.573,107.012,-256.280,1,21
0.5332,-0.1118,-0.4463,4.817,98.963,-264.268,1,21
0.5093,-0.0952,-0.4482,-7.012,92.256,-273.171,1,21
0.4819,-0.0679,-0.4165,-19.146,87.439,-282.073,1,21
0.4502,-0.0264,-0.3418,-32.744,85.183,-290.854,1,21
0.6113,-1.5107,-0.9268,23.902,-116.768,40.427,2,21
0.5762,-1.5483,-0.9536,25.488,-119.207,38.780,2,21
0.5249,-1.5835,-0.9751,27.195,-120.976,36.402,2,21
0.4932,-1.6201,-0.9775,28.293,-121.890,33.720,2,21
0.4658,-1.6626,-0.9863,28.963,-121.829,30.305,2,21
0.4341,-1.6953,-0.9819,29.268,-121.341,26.890,2,21
0.4126,-1.7329,-0.9712,28.780,-119.939,22.683,2,21
0.4092,-1.7661,-0.9536,27.317,-118.902,18.110,2,21
0.3921,0.4419,0.4146,-84.573,150.671,-292.683,1,21
0.4199,0.5303,0.5098,-72.134,156.829,-284.634,1,21
0.4429,0.6006,0.5547,-65.366,158.232,-280.244,1,21
0.5098,0.7925,0.6270,-50.244,159.085,-270.732,1,21
0.6377,1.1777,0.6904,-27.561,152.988,-254.451,1,21
0.7407,1.4854,0.7065,-14.878,144.512,-240.366,1,21
0.8188,1.7949,0.7065,-6.280,131.829,-224.939,1,21
0.8521,2.0435,0.6968,-1.341,115.793,-207.378,1,21
0.4492,-1.9126,-0.7012,-41.463,-104.207,-26.463,2,21
0.4487,-1.9004,-0.6963,-46.646,-103.476,-28.598,2,21
0.4492,-1.8945,-0.6743,-57.561,-102.378,-32.866,2,21
0.4526,-1.8643,-0.6475,-68.537,-101.280,-37.073,2,21
0.4497,-1.8389,-0.6411,-78.963,-100.244,-40.732,2,21
0.4404,-1.8140,-0.6328,-89.756,-99.268,-44.329,2,21
0.4316,-1.7798,-0.6245,-99.817,-98.232,-47.683,2,21
0.4199,-1.7480,-0.6255,-110.183,-97.134,-50.915,2,21
0.4019,-1.6963,-0.6191,-123.963,-94.817,-55.305,2,21
0.3955,-1.6748,-0.6270,-128.476,-93.780,-56.463,2,21
0.3906,-1.6387,-0.6260,-136.768,-92.012,-58.659,2,21
0.3779,-1.6011,-0.6440,-145.061,-89.939,-60.610,2,21
0.3672,-1.5547,-0.6470,-152.195,-87.622,-62.500,2,21
0.3530,-1.5186,-0.6606,-159.329,-85.000,-64.024,2,21
0.3394,-1.4849,-0.6738,-165.488,-82.134,-65.244,2,21
0.3252,-1.4487,-0.6753,-170.549,-79.146,-66.037,2,21
0.5703,1.8428,0.1738,77.500,23.476,-124.268,1,21
0.5815,1.7417,0.2246,76.890,34.268,-121.707,1,21
0.6255,1.6602,0.2871,74.329,43.537,-120.793,1,21
0.6836,1.6030,0.3701,69.451,51.220,-120.244,1,21
0.7603,1.5703,0.4121,61.646,56.037,-118.963,1,21
0.8516,1.5552,0.4180,51.037,58.902,-115.366,1,21
0.9434,1.5391,0.4321,38.232,60.122,-109.512,1,21
1.0439,1.5264,0.4399,23.780,60.244,-100.610,1,21
0.3052,-1.4092,-0.6870,-176.402,-74.512,-67.073,2,21
0.2871,-1.3696,-0.6816,-179.512,-71.402,-67.744,2,21
0.2656,-1.3345,-0.6792,-181.524,-68.415,-67.988,2,21
0.2476,-1.3076,-0.6802,-183.171,-65.122,-68.720,2,21
0.2192,-1.2700,-0.6802,-183.780,-62.256,-69.329,2,21
0.1924,-1.2324,-0.6709,-184.085,-59.085,-69.512,2,21
0.1787,-1.1919,-0.6650,-183.659,-56.037,-69.634,2,21
0.1533,-1.1538,-0.6509,-182.622,-53.110,-69.817,2,21
1.1265,1.5098,0.4380,7.988,59.512,-88.598,1,21
1.2153,1.4951,0.4438,-8.171,58.415,-74.695,1,21
1.3052,1.4834,0.4473,-24.451,56.829,-58.963,1,21
1.3994,1.4692,0.4399,-40.549,54.878,-41.890,1,21
1.4956,1.4492,0.4185,-55.793,51.951,-24.207,1,21
1.5898,1.4282,0.4194,-69.756,48.476,-6.585,1,21
1.6777,1.3848,0.4023,-82.927,44.024,9.756,1,21
1.7529,1.3350,0.3774,-94.329,38.293,24.756,1,21
0.1260,-1.1201,-0.6523,-180.671,-50.183,-69.756,2,21
0.0918,-1.0806,-0.6431,-178.476,-47.195,-69.634,2,21
0.0654,-1.0430,-0.6353,-175.549,-43.902,-69.390,2,21
0.0371,-1.0034,-0.6304,-171.951,-40.793,-68.902,2,21
0.0122,-0.9648,-0.6104,-168.415,-37.927,-68.049,2,21
-0.0127,-0.9229,-0.6104,-163.780,-34.695,-67.378,2,21
-0.0376,-0.8882,-0.6064,-159.390,-31.463,-66.037,2,21
-0.0669,-0.8584,-0.5903,-154.268,-27.927,-64.451,2,21
-0.0928,-0.8237,-0.5728,-148.537,-24.390,-62.988,2,21
-0.1216,-0.7920,-0.5601,-142.378,-20.244,-60.671,2,21
-0.1533,-0.7686,-0.5444,-135.793,-16.585,-58.476,2,21
-0.1816,-0.7417,-0.5239,-128.720,-12.622,-56.037,2,21
-0.2061,-0.7188,-0.5034,-121.220,-8.902,-53.598,2,21
-0.2246,-0.7041,-0.4893,-113.293,-5.000,-51.037,2,21
-0.2461,-0.6753,-0.4531,-105.183,-1.220,-48.720,2,21
-0.2539,-0.6611,-0.4390,-97.012,2.683,-46.341,2,21
2.0405,0.9624,-0.0054,-128.110,-36.220,71.829,1,21
2.0181,0.9829,-0.0527,-124.817,-41.220,71.159,1,21
1.9829,1.0117,-0.1079,-122.073,-45.061,70.305,1,21
1.9585,1.0303,-0.1699,-119.390,-47.988,70.305,1,21
1.9268,1.0508,-0.2344,-115.305,-50.244,71.220,1,21
1.9204,1.0713,-0.3042,-111.159,-52.073,73.171,1,21
1.9219,1.0864,-0.3882,-105.244,-52.927,76.463,1,21
1.9409,1.1079,-0.4629,-98.780,-54.085,81.159,1,21
2.3311,1.2827,-0.6021,-36.037,-64.146,140.000,1,21
2.3799,1.2788,-0.5938,-25.976,-68.171,146.463,1,21
2.4219,1.2695,-0.5986,-15.061,-72.744,152.805,1,21
2.4697,1.2573,-0.5938,-4.024,-77.439,158.659,1,21
2.5083,1.2485,-0.5737,6.341,-82.012,164.390,1,21
2.5571,1.2329,-0.5723,16.646,-86.585,170.183,1,21
2.6030,1.2139,-0.5615,26.159,-91.037,175.854,1,21
2.6396,1.1904,-0.5464,37.256,-95.976,181.220,1,21
2.1299,0.8232,1.8027,-173.841,-443.293,350.244,1,21
2.0991,0.8730,1.8696,-180.427,-451.402,351.280,1,21
2.0747,0.9272,1.9326,-184.939,-459.695,352.134,1,21
2.0405,0.9673,1.9824,-187.927,-468.171,352.561,1,21
2.0083,1.0107,2.0234,-188.720,-477.134,353.171,1,21
1.9688,1.0566,2.0635,-186.524,-486.220,353.476,1,21
1.9375,1.0947,2.0952,-183.841,-495.366,353.841,1,21
1.8921,1.1421,2.1372,-180.305,-504.817,353.476,1,21
1.8447,1.1851,2.1934,-176.037,-513.963,352.866,1,21
1.7808,1.2241,2.2510,-171.707,-523.293,351.463,1,21
1.6978,1.2651,2.2891,-167.256,-532.439,349.512,1,21
1.6372,1.2949,2.3286,-160.976,-541.463,347.805,1,21
1.5615,1.3296,2.3545,-154.024,-550.488,346.098,1,21
1.4858,1.3735,2.3945,-145.915,-559.024,344.939,1,21
1.4111,1.3999,2.4370,-138.171,-567.561,344.695,1,21
1.3320,1.4292,2.5029,-131.463,-575.793,344.695,1,21
1.1953,1.4414,2.5771,-122.988,-587.805,345.793,1,21
1.1445,1.4331,2.5923,-119.878,-591.829,346.341,1,21
1.0454,1.4331,2.6182,-114.329,-599.817,347.866,1,21
0.9492,1.4272,2.6328,-108.963,-607.561,348.780,1,21
0.8203,1.4365,2.6206,-104.512,-618.537,349.268,1,21
0.7827,1.4399,2.6147,-103.963,-622.012,349.268,1,21
0.6748,1.4707,2.5698,-106.341,-630.854,349.207,1,21
0.6147,1.4805,2.5249,-109.573,-635.915,349.085,1,21
1.5146,-1.1567,0.9404,-147.317,170.732,102.134,2,21
1.5254,-1.1582,0.9521,-149.512,169.512,99.146,2,21
1.5273,-1.1572,0.9448,-151.280,167.927,96.829,2,21
1.5352,-1.1563,0.9492,-153.415,166.707,93.659,2,21
1.5313,-1.1499,0.9424,-155.549,165.183,91.098,2,21
1.5366,-1.1440,0.9346,-157.378,163.902,88.110,2,21
1.5288,-1.1396,0.9253,-159.573,162.500,85.183,2,21
1.5278,-1.1299,0.9131,-160.915,160.854,82.439,2,21
0.8203,-0.7529,0.2534,-217.927,159.085,13.415,2,21
0.8071,-0.7251,0.2402,-218.720,159.268,12.561,2,21
0.7891,-0.7090,0.2285,-218.598,159.634,12.317,2,21
0.7744,-0.6851,0.2139,-218.415,160.000,11.951,2,21
0.7520,-0.6660,0.2017,-218.049,160.244,11.890,2,21
0.7427,-0.6294,0.1953,-217.256,160.305,11.890,2,21
0.7158,-0.6152,0.1782,-215.976,160.427,11.341,2,21
0.7012,-0.5820,0.1733,-214.573,160.305,11.585,2,21
-0.9966,1.8896,-1.0195,48.780,-387.195,264.146,1,21
-0.9805,1.8345,-1.0146,60.122,-369.573,261.707,1,21
-0.9844,1.7798,-1.0244,69.878,-352.744,259.024,1,21
-0.9980,1.7393,-1.0464,79.024,-336.768,255.732,1,21
-1.0225,1.7158,-1.0537,88.232,-321.159,251.524,1,21
-1.0596,1.6953,-1.0825,97.195,-304.695,246.463,1,21
-1.1094,1.6738,-1.0801,107.378,-287.744,240.732,1,21
-1.1685,1.6602,-1.0918,118.354,-269.939,233.902,1,21
-1.3408,1.1797,0.8384,45.000,100.854,76.159,1,21
-1.3525,1.1299,0.8413,32.378,105.854,72.134,1,21
-1.3516,1.0796,0.8477,19.085,109.695,67.622,1,21
-1.3496,1.0156,0.8330,5.732,112.988,62.683,1,21
-1.3359,0.9565,0.8242,-6.829,115.366,57.622,1,21
-1.3208,0.9063,0.8188,-19.268,116.829,52.683,1,21
-1.2983,0.8594,0.8145,-30.854,117.622,48.171,1,21
-1.2788,0.8232,0.7881,-42.561,118.171,44.634,1,21
-1.2388,0.7920,0.7739,-53.049,118.293,41.585,1,21
-1.2129,0.7734,0.7563,-63.659,118.049,39.512,1,21
-1.1729,0.7510,0.7378,-73.171,118.171,37.500,1,21
-1.1387,0.7290,0.7271,-82.744,118.354,35.854,1,21
-1.0894,0.7031,0.6841,-90.671,119.085,34.451,1,21
-1.0469,0.6724,0.6533,-97.012,119.939,33.110,1,21
-1.0054,0.6455,0.6084,-101.646,121.585,31.341,1,21
-0.9624,0.6216,0.5811,-105.122,123.232,28.902,1,21
-0.9312,0.6021,0.5415,-106.707,124.817,25.976,1,21
-0.8984,0.5869,0.5093,-108.171,126.220,22.500,1,21
-0.8701,0.5664,0.4897,-108.537,127.744,18.049,1,21
-0.8374,0.5566,0.4692,-108.110,129.146,12.866,1,21
-0.8096,0.5479,0.4478,-107.134,130.183,7.622,1,21
-0.7900,0.5361,0.4321,-105.061,131.098,1.829,1,21
-0.7695,0.5391,0.3999,-102.561,132.134,-4.451,1,21
-0.7456,0.5444,0.3804,-99.146,132.866,-10.793,1,21
-0.7222,0.5498,0.3594,-94.817,134.024,-17.561,1,21
-0.7134,0.5610,0.3291,-90.976,135.122,-24.695,1,21
-0.6909,0.5610,0.3101,-86.280,136.585,-31.524,1,21
-0.6675,0.5630,0.2959,-81.159,138.293,-38.902,1,21
-0.6484,0.5703,0.2700,-75.854,140.366,-46.159,1,21
-0.6323,0.5732,0.2544,-69.207,142.683,-53.354,1,21
-0.6167,0.5835,0.2515,-62.500,145.122,-60.183,1,21
-0.6045,0.5889,0.2373,-56.098,147.073,-67.378,1,21
-0.5874,0.5991,0.2212,-46.707,151.341,-77.805,1,21
-0.5718,0.5972,0.1982,-43.354,152.500,-81.098,1,21
-0.5605,0.6040,0.1963,-37.134,155.061,-87.805,1,21
-0.5488,0.6045,0.1631,-31.524,157.378,-94.451,1,21
-0.5342,0.6050,0.1406,-25.854,160.427,-100.549,1,21
-0.5195,0.6025,0.1069,-20.122,162.988,-106.402,1,21
-0.5044,0.6074,0.0825,-14.756,165.610,-112.622,1,21
-0.4893,0.6094,0.0483,-7.317,169.512,-121.524,1,21
-0.4707,0.6152,0.0322,-3.537,172.500,-127.317,1,21
-0.4561,0.6182,0.0029,0.183,175.427,-132.988,1,21
-0.4438,0.6147,-0.0166,3.232,178.598,-138.354,1,21
-0.4341,0.6104,-0.0317,6.037,181.280,-143.232,1,21
-0.4111,0.6152,-0.0474,7.561,184.634,-147.927,1,21
-0.4023,0.6104,-0.0557,8.963,187.317,-152.378,1,21
-0.3804,0.6064,-0.0645,9.756,190.366,-156.463,1,21
-0.3589,0.6045,-0.0811,10.000,193.537,-159.878,1,21
0.0728,1.2246,-0.3110,-40.244,310.244,-200.976,1,21
0.0923,1.2549,-0.3296,-37.927,317.866,-201.768,1,21
0.0957,1.2808,-0.3438,-35.061,324.512,-202.317,1,21
0.1187,1.3105,-0.3521,-31.220,330.061,-202.927,1,21
0.1440,1.3442,-0.3711,-27.500,334.573,-203.293,1,21
0.1729,1.3745,-0.3896,-23.537,338.841,-203.841,1,21
0.1963,1.4033,-0.4150,-19.573,342.805,-203.537,1,21
0.2251,1.4287,-0.4487,-15.671,346.890,-203.293,1,21
0.4326,1.7573,-0.5112,46.037,423.902,-185.854,1,21
0.4404,1.7642,-0.5146,47.927,425.122,-185.610,1,21
0.4561,1.7925,-0.5122,51.829,427.378,-184.329,1,21
0.4702,1.8184,-0.5098,55.732,428.902,-183.415,1,21
0.4946,1.8677,-0.5127,62.561,430.305,-181.829,1,21
0.4990,1.8950,-0.5024,66.098,431.098,-180.793,1,21
0.5117,1.9233,-0.4985,69.268,432.134,-179.268,1,21
0.5127,1.9458,-0.4771,72.622,432.866,-177.683,1,21
0.5586,2.0352,-0.3940,99.756,425.976,-146.220,1,21
0.5522,2.0239,-0.3877,100.854,424.512,-141.890,1,21
0.5552,2.0020,-0.3838,101.341,423.354,-137.317,1,21
0.5547,1.9897,-0.3794,101.220,422.683,-132.927,1,21
0.5522,1.9526,-0.3735,100.732,421.768,-128.537,1,21
0.5469,1.9326,-0.3706,100.427,421.037,-123.902,1,21
0.5464,1.8916,-0.3589,99.695,420.366,-119.756,1,21
0.5425,1.8525,-0.3530,98.963,420.061,-115.549,1,21
0.8955,-1.3169,0.4072,41.220,-191.037,-19.756,2,21
0.8916,-1.3247,0.3984,38.232,-192.195,-21.951,2,21
0.8823,-1.3286,0.4072,35.854,-193.598,-23.902,2,21
0.8745,-1.3281,0.3911,33.232,-194.634,-26.402,2,21
0.8726,-1.3296,0.3892,30.305,-196.280,-28.354,2,21
0.8599,-1.3271,0.3960,27.378,-197.256,-30.549,2,21
0.8579,-1.3306,0.3872,23.963,-198.415,-32.988,2,21
0.8481,-1.3223,0.3818,20.976,-199.024,-35.549,2,21
0.6860,1.0059,0.1445,29.878,408.354,-64.756,1,21
0.7075,0.9595,0.1724,25.183,405.915,-61.098,1,21
0.7207,0.9121,0.2007,20.122,403.598,-57.805,1,21
0.7495,0.8672,0.2236,16.646,400.610,-54.268,1,21
0.7783,0.8257,0.2446,13.293,397.439,-51.098,1,21
0.7993,0.8027,0.2583,11.220,393.963,-48.171,1,21
0.8242,0.7676,0.2637,10.000,389.207,-45.000,1,21
0.8477,0.7505,0.2632,8.780,384.878,-42.744,1,21
0.7490,-1.2944,0.4116,-6.829,-206.463,-56.463,2,21
0.7354,-1.2871,0.4043,-9.024,-207.012,-58.720,2,21
0.7183,-1.2725,0.4121,-11.768,-207.622,-61.220,2,21
0.7109,-1.2725,0.4019,-13.598,-207.927,-63.841,2,21
0.6919,-1.2671,0.4028,-15.244,-208.049,-66.341,2,21
0.6758,-1.2617,0.3936,-17.439,-208.354,-68.659,2,21
0.6626,-1.2593,0.3975,-18.415,-208.293,-71.220,2,21
0.6499,-1.2529,0.3848,-19.390,-208.293,-73.720,2,21
0.9507,0.6484,0.2520,6.646,342.866,-25.061,1,21
0.9526,0.6377,0.2485,6.707,339.024,-23.415,1,21
0.9609,0.6362,0.2480,7.256,335.122,-22.073,1,21
0.9585,0.6104,0.2412,7.744,331.220,-20.122,1,21
0.9678,0.6025,0.2334,8.780,327.561,-18.171,1,21
0.9688,0.5845,0.2197,9.878,323.598,-16.280,1,21
0.9824,0.5674,0.1992,11.707,319.085,-13.841,1,21
0.9976,0.5386,0.1689,14.695,314.146,-10.549,1,21
1.0869,0.2822,-0.1777,64.878,257.622,8.171,1,21
1.0903,0.2529,-0.2388,72.134,250.183,7.744,1,21
1.1011,0.2437,-0.2983,79.695,242.439,5.793,1,21
1.1094,0.2310,-0.3555,87.500,234.146,3.110,1,21
1.1001,0.2393,-0.4038,94.512,225.366,-0.061,1,21
1.0928,0.2480,-0.4575,99.756,216.159,-4.207,1,21
1.0713,0.2686,-0.4829,103.354,207.012,-8.476,1,21
1.0498,0.2793,-0.4907,105.183,198.720,-12.439,1,21
0.7324,0.4204,-0.3364,82.622,172.561,-42.439,1,21
0.7373,0.4365,-0.2974,77.195,175.183,-44.573,1,21
0.7349,0.4468,-0.2441,71.585,177.744,-46.220,1,21
0.7397,0.4487,-0.1890,67.073,180.732,-47.805,1,21
0.7549,0.4434,-0.1396,62.683,183.354,-49.817,1,21
0.7734,0.4302,-0.0918,59.085,184.878,-51.341,1,21
0.8076,0.4072,-0.0527,56.341,185.427,-53.415,1,21
0.8398,0.3867,-0.0146,52.561,184.512,-54.878,1,21
0.3662,-1.1597,0.3110,19.695,-184.329,-136.890,2,21
0.3706,-1.1626,0.2998,23.049,-182.744,-137.683,2,21
0.3599,-1.1631,0.2847,26.768,-181.280,-138.232,2,21
0.3564,-1.1719,0.2734,30.000,-179.573,-139.024,2,21
0.3535,-1.1763,0.2627,33.110,-178.354,-139.207,2,21
0.3477,-1.1816,0.2642,35.732,-177.012,-139.756,2,21
0.3452,-1.1914,0.2617,38.232,-175.427,-140.000,2,21
0.3418,-1.1919,0.2485,40.366,-174.207,-140.305,2,21
0.8740,0.3574,0.0288,48.902,181.829,-56.890,1,21
0.9136,0.3203,0.0664,45.427,177.927,-59.024,1,21
0.9316,0.2949,0.0942,42.073,172.500,-61.768,1,21
0.9512,0.2837,0.1001,38.841,166.585,-64.634,1,21
0.9556,0.2695,0.1191,36.341,160.610,-68.232,1,21
0.9521,0.2744,0.1260,35.671,155.000,-72.134,1,21
0.9321,0.2842,0.1377,36.280,150.976,-76.159,1,21
0.9175,0.3110,0.1514,37.866,147.622,-80.305,1,21
0.3525,-1.2070,0.2456,41.768,-172.805,-140.671,2,21
0.3413,-1.2153,0.2432,43.415,-171.341,-141.159,2,21
0.3364,-1.2197,0.2295,44.634,-169.817,-141.829,2,21
0.3354,-1.2266,0.2256,45.854,-168.537,-142.622,2,21
0.3311,-1.2466,0.2144,46.159,-167.195,-143.476,2,21
0.3306,-1.2534,0.2144,46.890,-165.793,-144.512,2,21
0.3320,-1.2593,0.2051,47.134,-164.695,-145.427,2,21
0.3232,-1.2739,0.1826,47.622,-163.232,-147.012,2,21
0.8965,0.3433,0.1826,42.256,146.524,-84.024,1,21
0.8643,0.3809,0.2217,48.354,146.524,-87.317,1,21
0.8340,0.4346,0.2798,56.768,147.683,-90.244,1,21
0.8081,0.5171,0.3555,65.244,148.963,-92.805,1,21
0.7905,0.5947,0.4253,76.768,149.573,-94.573,1,21
0.7803,0.6812,0.4824,90.183,148.780,-94.878,1,21
0.7783,0.7759,0.5469,104.390,146.707,-93.902,1,21
0.7900,0.8584,0.6079,119.268,142.439,-91.524,1,21
0.7681,1.1626,0.8965,256.159,73.232,-34.634,1,21
0.7656,1.1387,0.8989,261.037,69.939,-32.744,1,21
0.7437,1.0986,0.9111,268.293,63.598,-30.793,1,21
0.7275,1.0352,0.9194,275.305,57.378,-29.878,1,21
0.7188,0.9307,0.9092,282.866,48.110,-29.390,1,21
0.7178,0.8862,0.8970,284.573,45.366,-29.268,1,21
0.7314,0.7891,0.8657,287.805,37.683,-30.427,1,21
0.7397,0.7329,0.8228,287.927,33.415,-30.915,1,21
0.9116,0.4473,0.2368,240.305,15.732,-22.500,1,21
0.9292,0.4287,0.1826,230.305,15.244,-18.963,1,21
0.9414,0.4268,0.1372,219.939,14.817,-14.939,1,21
0.9458,0.4199,0.1011,209.573,14.939,-10.549,1,21
0.9541,0.4297,0.0508,198.415,14.817,-5.671,1,21
0.9668,0.4355,0.0210,186.890,14.573,-0.915,1,21
0.9658,0.4453,0.0044,175.305,14.573,4.756,1,21
0.9634,0.4482,-0.0103,163.171,13.902,10.061,1,21
0.7876,-0.4033,-0.1123,-59.939,34.146,35.427,1,21
0.7979,-0.4082,-0.1226,-67.805,37.073,29.268,1,21
0.8037,-0.4160,-0.1411,-74.817,38.720,22.927,1,21
0.8081,-0.4204,-0.1729,-80.122,40.549,16.098,1,21
0.8169,-0.4058,-0.1812,-83.415,41.524,9.085,1,21
0.8237,-0.3877,-0.1895,-85.366,42.622,2.439,1,21
0.8267,-0.3608,-0.1943,-87.561,43.232,-3.659,1,21
0.8286,-0.3315,-0.2041,-90.061,44.268,-10.366,1,21
0.6680,-0.1494,-0.3467,-59.024,38.171,-75.061,1,21
0.6509,-0.1523,-0.3511,-51.890,38.049,-83.537,1,21
0.6387,-0.1572,-0.3564,-45.061,39.390,-91.890,1,21
0.6284,-0.1729,-0.3745,-38.354,41.280,-99.878,1,21
0.6221,-0.1875,-0.3979,-31.341,43.354,-107.927,1,21
0.6270,-0.2114,-0.4082,-24.512,45.732,-115.732,1,21
0.6289,-0.2310,-0.4302,-18.049,48.537,-122.988,1,21
0.6226,-0.2417,-0.4326,-13.232,52.012,-129.451,1,21
1.3062,-1.2939,-1.0166,80.854,8.841,-10.854,2,21
1.3018,-1.3037,-1.0469,79.085,0.061,-14.634,2,21
1.3037,-1.3081,-1.0928,77.012,-8.537,-18.354,2,21
1.2905,-1.3315,-1.1304,75.244,-16.951,-22.012,2,21
1.2725,-1.3457,-1.1660,73.780,-24.634,-25.488,2,21
1.2554,-1.3608,-1.2124,71.951,-31.585,-28.780,2,21
1.2290,-1.3726,-1.2544,70.549,-37.866,-31.707,2,21
1.2041,-1.3970,-1.2944,69.146,-43.476,-34.512,2,21
1.1787,-1.4199,-1.3232,68.232,-47.805,-37.439,2,21
1.1377,-1.4434,-1.3398,66.524,-51.707,-40.183,2,21
1.1069,-1.4697,-1.3516,64.817,-55.122,-43.293,2,21
1.0742,-1.4888,-1.3647,62.683,-58.293,-46.280,2,21
1.0435,-1.5078,-1.3667,59.634,-60.671,-49.756,2,21
1.0176,-1.5327,-1.3530,55.976,-62.866,-53.232,2,21
0.9956,-1.5537,-1.3516,52.256,-64.695,-57.134,2,21
0.9805,-1.5718,-1.3154,47.988,-65.793,-60.549,2,21
0.1650,2.0156,-0.2358,24.512,31.463,-180.427,1,21
0.1753,2.0044,-0.2656,27.195,34.512,-167.927,1,21
0.1826,1.9814,-0.2925,29.024,40.000,-155.427,1,21
0.2202,1.9629,-0.3179,29.756,48.476,-143.476,1,21
0.2617,1.9297,-0.3325,30.122,59.085,-131.707,1,21
0.3174,1.9038,-0.3345,29.451,72.561,-120.610,1,21
0.3740,1.8662,-0.3462,27.317,86.890,-110.000,1,21
0.5015,1.8198,-0.3491,24.512,109.024,-95.183,1,21
0.9106,-1.5977,-0.9048,-14.878,-73.902,-97.073,2,21
0.8911,-1.5747,-0.8584,-23.841,-75.000,-100.915,2,21
0.8765,-1.5488,-0.8071,-32.256,-76.037,-104.756,2,21
0.8628,-1.5078,-0.7700,-40.610,-76.707,-108.354,2,21
0.8413,-1.4780,-0.7305,-49.146,-77.744,-111.646,2,21
0.8320,-1.4468,-0.6948,-57.378,-78.354,-114.512,2,21
0.8159,-1.4121,-0.6611,-65.122,-78.720,-117.317,2,21
0.7974,-1.3745,-0.6338,-72.439,-78.720,-119.451,2,21
1.5469,1.6362,0.1177,0.854,149.207,-23.293,1,21
1.6772,1.6157,0.1704,-0.732,138.293,-16.463,1,21
1.7832,1.5864,0.2300,-1.341,125.366,-10.610,1,21
1.8501,1.5498,0.2900,-2.073,110.366,-5.305,1,21
1.8975,1.5005,0.3389,-1.890,94.085,-1.098,1,21
1.9146,1.4429,0.3740,-2.195,76.890,1.524,1,21
1.9102,1.3809,0.3857,-2.256,59.878,2.866,1,21
1.8784,1.3066,0.4028,-2.195,43.171,2.866,1,21
0.7075,-1.0610,-0.4922,-122.378,-78.841,-133.476,2,21
0.6968,-1.0293,-0.4780,-126.646,-78.537,-133.659,2,21
0.6953,-0.9829,-0.4712,-129.756,-78.415,-133.902,2,21
0.6831,-0.9600,-0.4619,-132.683,-78.232,-133.902,2,21
0.6694,-0.9214,-0.4551,-134.756,-77.500,-133.537,2,21
0.6597,-0.8916,-0.4409,-136.646,-77.134,-132.927,2,21
0.6465,-0.8604,-0.4248,-137.683,-76.585,-131.707,2,21
0.6309,-0.8242,-0.4131,-138.110,-76.220,-130.366,2,21
0.6157,-0.7939,-0.4111,-138.293,-75.549,-128.780,2,21
0.5977,-0.7651,-0.3936,-137.744,-74.756,-126.585,2,21
0.5835,-0.7305,-0.3867,-137.256,-73.963,-124.512,2,21
0.5640,-0.7021,-0.3936,-135.854,-72.805,-122.134,2,21
0.5508,-0.6763,-0.3921,-133.841,-72.134,-119.573,2,21
0.5366,-0.6514,-0.3818,-131.341,-70.610,-117.317,2,21
0.5205,-0.6313,-0.3789,-128.963,-69.756,-114.756,2,21
0.5029,-0.6133,-0.3657,-125.183,-68.293,-112.500,2,21
2.4365,1.5762,0.0176,-2.317,-34.634,108.232,1,21
2.4404,1.5747,0.0264,9.268,-41.707,118.476,1,21
2.4507,1.5474,0.0444,21.159,-48.537,129.451,1,21
2.4639,1.5161,0.0527,32.744,-55.854,140.244,1,21
2.4849,1.4834,0.0801,43.598,-63.232,150.366,1,21
2.5034,1.4487,0.1138,52.744,-70.610,160.183,1,21
2.5098,1.3960,0.1577,58.720,-78.232,169.573,1,21
2.5293,1.3364,0.1909,62.683,-86.646,177.561,1,21
0.1602,-0.7041,0.0161,-67.073,-31.463,-69.390,2,21
0.1519,-0.7236,0.0210,-67.256,-30.244,-68.049,2,21
0.1113,-0.7505,0.0415,-68.476,-27.988,-65.183,2,21
0.0850,-0.7891,0.0625,-69.634,-25.061,-62.561,2,21
0.0454,-0.8145,0.1016,-71.341,-22.683,-59.695,2,21
0.0073,-0.8442,0.1357,-73.598,-19.451,-57.012,2,21
-0.0151,-0.8740,0.1719,-76.098,-16.341,-54.329,2,21
-0.0386,-0.8940,0.1938,-79.573,-12.805,-51.829,2,21
2.5635,1.2603,0.2202,66.159,-95.915,185.732,1,21
2.5933,1.1899,0.2461,69.146,-106.098,193.171,1,21
2.6348,1.1289,0.2588,71.220,-117.256,200.732,1,21
2.6689,1.0801,0.2856,72.866,-128.963,207.439,1,21
2.6958,1.0425,0.3149,72.866,-141.159,212.866,1,21
2.7197,1.0083,0.3452,71.402,-153.780,217.561,1,21
2.7310,0.9741,0.3491,69.085,-166.707,220.976,1,21
2.7358,0.9565,0.3765,66.098,-179.939,224.268,1,21
-0.0898,-0.9126,0.2534,-85.427,-7.439,-47.927,2,21
-0.1040,-0.9224,0.2759,-87.073,-5.610,-46.829,2,21
-0.1313,-0.9238,0.3003,-91.341,-2.134,-44.085,2,21
-0.1470,-0.9229,0.3252,-96.646,1.585,-41.890,2,21
-0.1592,-0.9111,0.3330,-102.378,5.732,-39.451,2,21
-0.1743,-0.9014,0.3516,-108.902,9.939,-36.951,2,21
-0.1689,-0.8906,0.3560,-115.549,15.366,-34.817,2,21
-0.1587,-0.8711,0.3506,-122.500,20.732,-32.500,2,21
2.7383,0.9448,0.4063,60.366,-201.098,229.024,1,21
2.7305,0.9443,0.4014,56.829,-215.000,231.890,1,21
2.7266,0.9478,0.3843,55.061,-222.012,233.415,1,21
2.7207,0.9751,0.3887,51.341,-236.220,236.646,1,21
2.7012,1.0371,0.4180,44.207,-255.854,240.915,1,21
2.6777,1.0757,0.4385,37.927,-268.963,243.659,1,21
2.6592,1.1216,0.4673,31.402,-282.012,246.402,1,21
2.6338,1.1489,0.4912,24.939,-295.427,250.122,1,21
-0.1362,-0.8403,0.3457,-131.829,30.244,-29.634,2,21
-0.1118,-0.8159,0.3530,-137.073,36.829,-27.500,2,21
-0.0952,-0.7974,0.3496,-140.000,40.610,-26.159,2,21
-0.0566,-0.7603,0.3330,-144.817,47.256,-23.659,2,21
-0.0264,-0.7378,0.3320,-149.085,53.720,-20.732,2,21
0.0396,-0.6865,0.3213,-154.695,62.805,-16.280,2,21
0.0874,-0.6426,0.3237,-157.012,67.866,-12.683,2,21
0.1313,-0.6055,0.3140,-159.146,72.683,-9.268,2,21
2.6108,1.1714,0.5273,17.744,-309.451,253.476,1,21
2.5771,1.1895,0.5889,10.366,-323.780,257.073,1,21
2.5542,1.2012,0.6670,1.280,-337.195,259.939,1,21
2.5366,1.1978,0.7412,-8.780,-350.915,262.561,1,21
2.5059,1.1753,0.8354,-19.451,-364.024,265.549,1,21
2.4912,1.1523,0.9180,-27.927,-377.561,268.902,1,21
2.4751,1.1211,0.9917,-35.671,-391.341,271.707,1,21
2.4570,1.0913,1.0781,-40.915,-405.366,274.512,1,21
0.1763,-0.5625,0.3037,-160.793,76.341,-5.488,2,21
0.2217,-0.5293,0.2959,-161.890,79.573,-1.402,2,21
0.2681,-0.4961,0.2715,-162.805,82.317,3.049,2,21
0.3110,-0.4546,0.2451,-164.146,84.817,7.378,2,21
0.3486,-0.4297,0.2231,-165.488,86.585,12.073,2,21
0.3853,-0.3882,0.1914,-166.707,88.415,17.317,2,21
0.4121,-0.3604,0.1650,-168.110,90.366,22.561,2,21
0.4399,-0.3374,0.1387,-168.537,92.195,28.415,2,21
2.4214,1.0776,1.1650,-45.610,-419.268,276.524,1,21
2.3809,1.0728,1.2607,-49.451,-432.805,277.561,1,21
2.3291,1.0605,1.3755,-53.354,-446.463,277.805,1,21
2.2744,1.0405,1.4736,-57.073,-459.512,277.073,1,21
2.2295,1.0171,1.5605,-58.354,-472.805,276.463,1,21
2.1704,1.0166,1.6416,-57.622,-486.280,276.524,1,21
2.1099,1.0059,1.7222,-54.939,-500.122,276.159,1,21
2.0474,1.0068,1.7969,-52.073,-514.329,275.427,1,21
0.6494,2.4199,2.8594,12.622,-698.780,239.329,1,21
0.5938,2.4512,2.8677,19.146,-700.732,238.963,1,21
0.5024,2.5283,2.8589,32.744,-704.451,238.171,1,21
0.4067,2.6304,2.8682,46.707,-707.805,237.988,1,21
0.2983,2.7202,2.8687,60.000,-711.463,238.963,1,21
0.1924,2.8110,2.8525,71.951,-714.939,240.976,1,21
0.0854,2.9092,2.8232,83.963,-718.963,244.451,1,21
-0.0264,3.0122,2.8145,93.963,-722.134,249.939,1,21
2.0513,-0.7920,0.3667,-252.439,50.122,31.768,2,21
2.0034,-0.7847,0.3975,-260.122,47.622,28.232,2,21
1.9526,-0.7651,0.4111,-267.805,45.000,25.122,2,21
1.9072,-0.7500,0.4131,-275.305,42.439,21.280,2,21
1.8608,-0.7324,0.4258,-283.110,39.939,17.683,2,21
1.8110,-0.7231,0.4248,-290.610,38.049,14.146,2,21
1.7661,-0.7349,0.3921,-297.805,37.012,10.854,2,21
1.7256,-0.7671,0.3477,-303.171,36.585,8.476,2,21
1.6646,-0.8101,0.3062,-304.329,35.610,6.707,2,21
1.6069,-0.8638,0.2964,-297.439,32.866,6.098,2,21
1.6519,-0.8730,0.2603,-282.378,30.671,2.622,2,21
1.7007,-0.8413,0.1401,-260.549,30.610,-7.195,2,21
1.6567,-0.8257,0.0488,-242.622,28.902,-18.354,2,21
1.5562,-0.7632,0.0386,-225.488,25.976,-27.622,2,21
1.4243,-0.6631,0.0981,-211.707,22.622,-34.390,2,21
1.3145,-0.5918,0.2212,-202.134,19.634,-40.305,2,21
-0.7817,1.0620,-1.4170,215.122,-288.415,360.915,1,21
-0.7070,1.0889,-1.5381,210.549,-270.732,358.293,1,21
-0.6650,1.0952,-1.5435,206.280,-248.902,357.378,1,21
-0.6489,1.1260,-1.4316,198.780,-223.232,357.256,1,21
-0.6523,1.1045,-1.3101,187.744,-195.000,355.061,1,21
-0.6362,1.0869,-1.0938,185.854,-171.341,352.561,1,21
-0.6035,1.0737,-0.7988,190.244,-153.902,347.988,1,21
-0.5557,1.1074,-0.4800,198.476,-142.500,341.037,1,21
0.8926,-0.0293,0.5894,-210.854,-4.695,-70.854,2,21
0.8809,-0.0605,0.5894,-224.817,-6.585,-66.585,2,21
0.8823,-0.1035,0.5757,-240.061,-8.110,-61.280,2,21
0.8921,-0.1616,0.5605,-254.207,-9.573,-55.549,2,21
0.8945,-0.2173,0.5317,-265.366,-9.939,-49.329,2,21
0.8892,-0.2656,0.5122,-273.476,-9.878,-42.439,2,21
0.8438,-0.2837,0.5010,-278.780,-10.000,-36.463,2,21
0.7920,-0.3003,0.4912,-282.683,-10.610,-31.646,2,21
0.4053,0.1665,0.5718,-297.195,-33.963,-41.037,2,21
0.4102,0.2451,0.5947,-295.549,-35.366,-38.537,2,21
0.4097,0.3315,0.6074,-292.988,-36.280,-35.305,2,21
0.4067,0.4067,0.6274,-290.793,-36.524,-31.280,2,21
0.4209,0.4946,0.6421,-286.768,-36.707,-27.439,2,21
0.4272,0.5737,0.6587,-282.622,-37.317,-22.744,2,21
0.4365,0.6504,0.6719,-277.256,-37.866,-19.146,2,21
0.4438,0.7319,0.6743,-271.220,-38.354,-15.183,2,21
0.5142,1.2559,0.5737,-187.378,-55.671,15.061,2,21
0.5122,1.2881,0.5591,-174.695,-57.683,19.695,2,21
0.5117,1.3081,0.5356,-161.829,-59.390,24.207,2,21
0.5132,1.3164,0.5088,-148.659,-61.220,28.841,2,21
0.5049,1.3115,0.4922,-135.122,-61.890,33.537,2,21
0.5049,1.3071,0.4575,-121.037,-63.171,37.866,2,21
0.4971,1.2979,0.4380,-106.463,-64.390,42.012,2,21
0.5049,1.2881,0.4033,-92.378,-65.610,45.854,2,21
-1.5264,0.3008,-0.4155,-52.988,130.854,61.037,1,21
-1.5093,0.3496,-0.3843,-65.793,131.280,54.207,1,21
-1.4917,0.3896,-0.3618,-75.732,132.134,47.500,1,21
-1.4800,0.4331,-0.3340,-84.390,133.720,40.122,1,21
-1.4668,0.4639,-0.3247,-90.549,135.854,32.500,1,21
-1.4673,0.4961,-0.3091,-94.207,138.415,24.268,1,21
-1.4526,0.5220,-0.2891,-95.976,142.012,15.793,1,21
-1.4424,0.5420,-0.2632,-96.159,145.366,6.890,1,21
-1.1191,0.7471,-0.0391,-65.244,170.427,-68.110,1,21
-1.0693,0.7632,-0.0337,-61.341,172.378,-74.756,1,21
-1.0239,0.7798,-0.0327,-57.195,174.146,-81.646,1,21
-0.9766,0.7856,-0.0313,-53.598,175.183,-88.232,1,21
-0.9360,0.8057,-0.0273,-50.183,175.915,-94.451,1,21
-0.8813,0.8184,-0.0215,-47.622,176.463,-101.037,1,21
-0.8374,0.8247,-0.0259,-46.037,177.500,-106.951,1,21
-0.8042,0.8359,-0.0332,-45.061,178.049,-113.110,1,21
-0.7656,0.8438,-0.0562,-44.390,178.476,-118.720,1,21
-0.7241,0.8438,-0.0645,-44.695,178.415,-124.146,1,21
-0.6953,0.8467,-0.0762,-44.573,178.110,-129.512,1,21
-0.6660,0.8540,-0.0840,-45.976,177.866,-135.183,1,21
-0.6455,0.8560,-0.0933,-46.646,177.317,-140.488,1,21
-0.6201,0.8623,-0.1035,-47.134,177.195,-146.220,1,21
-0.6064,0.8687,-0.1099,-47.988,176.159,-151.585,1,21
-0.5786,0.8706,-0.1069,-48.415,176.037,-156.829,1,21
-0.5688,0.8887,-0.1167,-48.841,175.732,-161.890,1,21
-0.5557,0.8926,-0.1206,-49.146,175.610,-166.463,1,21
-0.5366,0.9092,-0.1230,-49.695,175.610,-170.854,1,21
-0.5151,0.9194,-0.1416,-50.427,175.854,-175.061,1,21
-0.4985,0.9312,-0.1450,-50.976,176.220,-178.110,1,21
-0.4912,0.9360,-0.1616,-51.707,176.707,-181.098,1,21
-0.4604,0.9487,-0.1758,-52.134,177.195,-183.780,1,21
-0.4507,0.9624,-0.1772,-53.171,178.659,-186.220,1,21
-0.4321,0.9702,-0.1904,-53.598,180.183,-189.085,1,21
-0.4131,0.9814,-0.1953,-53.720,181.220,-191.402,1,21
-0.3872,0.9844,-0.2144,-53.780,182.805,-193.780,1,21
-0.3604,1.0015,-0.2227,-53.476,184.207,-196.585,1,21
-0.3315,1.0142,-0.2300,-53.171,185.610,-199.207,1,21
-0.3042,1.0327,-0.2510,-52.256,187.195,-201.890,1,21
-0.2661,1.0381,-0.2661,-50.732,188.659,-205.122,1,21
-0.2378,1.0601,-0.2896,-49.146,190.732,-207.927,1,21
0.3286,1.3623,-0.5400,-10.061,307.744,-239.756,1,21
0.3477,1.3613,-0.5396,-11.037,312.195,-242.134,1,21
0.3652,1.3584,-0.5522,-11.524,316.463,-243.902,1,21
0.3672,1.3750,-0.5410,-11.707,321.098,-245.671,1,21
0.3833,1.3789,-0.5288,-12.500,326.037,-247.378,1,21
0.3877,1.3843,-0.5161,-12.744,330.366,-248.902,1,21
0.3955,1.4014,-0.4868,-12.195,333.598,-250.671,1,21
0.4131,1.4287,-0.4678,-12.500,336.220,-252.378,1,21
1.2002,-0.7402,0.5488,225.122,6.768,106.829,2,21
1.1914,-0.7427,0.5576,223.537,3.415,105.671,2,21
1.1895,-0.7456,0.5757,221.829,0.122,104.329,2,21
1.1841,-0.7363,0.5776,220.610,-3.110,103.171,2,21
1.1953,-0.7349,0.5762,218.598,-6.220,101.707,2,21
1.1953,-0.7310,0.5635,216.707,-8.902,100.976,2,21
1.1948,-0.7407,0.5576,214.573,-12.073,100.122,2,21
1.2095,-0.7417,0.5542,212.866,-14.390,99.207,2,21
0.7192,1.7842,-0.2173,11.098,352.439,-222.134,1,21
0.7388,1.7734,-0.2197,13.780,350.671,-217.805,1,21
0.7495,1.7690,-0.2119,16.524,348.720,-213.720,1,21
0.7617,1.7695,-0.2178,19.268,346.829,-209.146,1,21
0.7705,1.7588,-0.2188,21.585,344.573,-205.183,1,21
0.7769,1.7456,-0.2178,24.207,342.256,-201.220,1,21
0.7690,1.7334,-0.2153,26.463,339.878,-196.585,1,21
0.7690,1.7222,-0.2295,28.354,337.683,-192.805,1,21
0.8496,1.1436,0.3149,-4.756,353.537,-117.439,1,21
0.8833,1.0942,0.3423,-8.415,350.915,-112.988,1,21
0.9194,1.0454,0.3691,-12.195,347.927,-108.537,1,21
0.9448,0.9971,0.3647,-16.159,344.024,-104.817,1,21
0.9775,0.9551,0.3931,-19.573,340.061,-100.610,1,21
1.0054,0.9092,0.3926,-22.744,335.061,-96.890,1,21
1.0215,0.8735,0.4028,-25.854,330.061,-93.537,1,21
1.0381,0.8325,0.3926,-29.146,324.329,-90.244,1,21
1.0483,0.7939,0.3926,-32.500,318.720,-87.439,1,21
1.0605,0.7671,0.3779,-35.000,312.927,-84.329,1,21
1.0688,0.7339,0.3481,-37.683,307.256,-81.768,1,21
1.0781,0.7139,0.3174,-39.146,301.524,-78.963,1,21
1.0811,0.6904,0.2856,-40.122,295.976,-76.341,1,21
1.0830,0.6777,0.2520,-40.793,290.976,-73.720,1,21
1.0796,0.6675,0.2178,-41.768,286.220,-71.280,1,21
1.0718,0.6553,0.1826,-41.951,282.012,-68.659,1,21
0.9824,-1.0562,0.0908,55.854,-117.195,27.500,2,21
0.9639,-1.0508,0.0674,55.244,-117.317,26.707,2,21
0.9541,-1.0532,0.0522,52.500,-118.293,24.634,2,21
0.9380,-1.0527,0.0547,51.951,-118.902,22.805,2,21
0.9302,-1.0513,0.0425,51.280,-119.451,20.793,2,21
0.9219,-1.0410,0.0215,51.220,-120.244,18.780,2,21
0.8994,-1.0347,0.0151,50.732,-120.732,16.585,2,21
0.8921,-1.0308,0.0010,51.280,-120.976,14.451,2,21
0.9253,0.4292,-0.3472,122.195,236.768,-47.561,1,21
0.9155,0.4116,-0.3252,130.000,233.963,-49.390,1,21
0.9116,0.3857,-0.2983,137.073,230.854,-51.098,1,21
0.9180,0.3677,-0.2837,143.659,226.768,-52.561,1,21
0.9189,0.3394,-0.2725,149.939,222.744,-53.659,1,21
0.9336,0.3057,-0.2681,155.183,218.354,-54.634,1,21
0.9370,0.2754,-0.2568,159.695,214.329,-55.671,1,21
0.9395,0.2461,-0.2510,163.232,209.512,-56.951,1,21
0.9590,0.2002,-0.2461,166.768,203.110,-59.329,1,21
0.9668,0.1870,-0.2505,167.439,201.098,-60.244,1,21
0.9785,0.1680,-0.2456,167.866,196.585,-63.171,1,21
0.9902,0.1606,-0.2549,168.476,192.805,-65.976,1,21
1.0054,0.1489,-0.2378,166.829,186.707,-71.768,1,21
1.0107,0.1509,-0.2354,164.390,183.415,-77.195,1,21
1.0142,0.1606,-0.2251,160.427,180.000,-82.500,1,21
1.0112,0.1704,-0.2344,156.159,176.646,-89.024,1,21
1.0112,0.1978,-0.2197,150.976,173.293,-95.305,1,21
0.9893,0.2354,-0.2080,145.122,170.488,-102.317,1,21
0.9805,0.2769,-0.2134,139.329,167.012,-108.963,1,21
0.9673,0.3276,-0.2324,134.695,164.329,-115.183,1,21
0.9580,0.3794,-0.2305,130.854,161.280,-120.976,1,21
0.9365,0.4487,-0.2207,126.280,158.780,-126.829,1,21
0.9189,0.5244,-0.1973,121.341,157.561,-131.768,1,21
0.9004,0.6021,-0.1948,116.280,155.976,-136.768,1,21
0.7368,1.3975,0.1958,116.768,63.049,-45.671,1,21
0.7271,1.3774,0.1982,113.415,59.634,-38.902,1,21
0.7334,1.3462,0.1973,110.244,56.646,-31.159,1,21
0.7271,1.3174,0.1938,106.585,53.902,-23.476,1,21
0.7334,1.2852,0.2002,103.232,52.012,-15.366,1,21
0.7412,1.2437,0.2095,98.780,50.915,-7.073,1,21
0.7437,1.2090,0.2109,94.573,50.305,1.951,1,21
0.7524,1.1689,0.2148,89.634,50.183,10.793,1,21
0.8418,0.2700,0.1597,-0.183,19.573,89.024,1,21
0.8184,0.2310,0.1318,-1.951,15.244,87.561,1,21
0.8042,0.1943,0.0894,-3.780,10.854,85.549,1,21
0.7759,0.1577,0.0503,-5.488,6.890,83.963,1,21
0.7495,0.1245,0.0161,-6.707,3.720,81.890,1,21
0.7271,0.0903,-0.0259,-7.622,1.341,79.695,1,21
0.7056,0.0527,-0.0630,-8.049,-0.732,77.927,1,21
0.6875,0.0195,-0.0972,-7.927,-1.463,75.854,1,21
0.5679,-0.5146,-0.2563,10.122,-51.341,-70.183,2,21
0.5713,-0.4941,-0.2588,7.012,-49.024,-68.963,2,21
0.5786,-0.4751,-0.2573,3.841,-46.402,-67.988,2,21
0.5796,-0.4580,-0.2686,0.488,-44.024,-66.707,2,21
0.5918,-0.4419,-0.2739,-2.378,-41.341,-64.817,2,21
0.6001,-0.4248,-0.2837,-5.793,-38.537,-63.354,2,21
0.6094,-0.4067,-0.2842,-8.963,-35.488,-61.585,2,21
0.6187,-0.3950,-0.2930,-12.683,-32.439,-59.878,2,21
0.6738,-0.0127,-0.1479,-7.317,-1.890,74.451,1,21
0.6523,-0.0503,-0.1748,-6.280,-1.280,72.622,1,21
0.6382,-0.0918,-0.1919,-5.000,0.061,71.341,1,21
0.6206,-0.1265,-0.2217,-4.024,1.890,69.756,1,21
0.6187,-0.1602,-0.2422,-2.256,5.061,68.537,1,21
0.6060,-0.1958,-0.2632,-0.793,8.293,67.256,1,21
0.6069,-0.2300,-0.2876,1.098,12.317,66.159,1,21
0.6162,-0.2617,-0.3057,3.537,16.220,65.122,1,21
0.8247,-0.3218,-0.2949,-37.683,-3.659,-37.439,2,21
0.8560,-0.3159,-0.2900,-39.085,-1.341,-34.329,2,21
0.8789,-0.3203,-0.3027,-40.549,0.671,-31.220,2,21
0.8975,-0.3271,-0.3159,-41.951,2.866,-27.805,2,21
0.9219,-0.3398,-0.3281,-43.354,4.634,-23.902,2,21
0.9331,-0.3589,-0.3506,-43.963,6.707,-20.488,2,21
0.9604,-0.3682,-0.3574,-44.085,9.085,-16.341,2,21
0.9609,-0.3945,-0.3730,-44.024,11.280,-12.622,2,21
0.9336,-0.3696,-0.2690,35.244,85.854,22.439,1,21
0.9263,-0.3643,-0.2539,37.073,85.122,15.122,1,21
0.9214,-0.3604,-0.2554,40.793,84.207,6.951,1,21
0.9063,-0.3589,-0.2310,44.634,82.927,-2.378,1,21
0.8901,-0.3604,-0.2241,48.659,81.402,-12.012,1,21
0.8643,-0.3652,-0.2148,52.195,79.817,-22.561,1,21
0.8477,-0.3745,-0.2295,56.646,78.354,-33.293,1,21
0.8364,-0.3970,-0.2549,60.854,77.256,-44.268,1,21
1.0132,-0.7104,-0.5977,-41.159,27.439,24.695,2,21
1.0171,-0.7373,-0.6274,-40.610,28.110,27.988,2,21
1.0239,-0.7686,-0.6650,-39.695,28.780,30.854,2,21
1.0313,-0.8008,-0.7139,-39.024,28.780,33.720,2,21
1.0444,-0.8252,-0.7505,-38.293,29.207,35.915,2,21
1.0518,-0.8579,-0.7876,-37.073,29.512,37.683,2,21
1.0591,-0.8823,-0.8335,-35.122,29.817,39.207,2,21
1.0640,-0.9106,-0.8662,-33.293,29.817,40.244,2,21
0.9453,-1.1646,-0.9399,32.439,-3.902,-0.183,2,21
0.9380,-1.1719,-0.9351,35.732,-7.317,-5.183,2,21
0.9277,-1.1802,-0.9316,38.902,-10.427,-9.817,2,21
0.9258,-1.1846,-0.9282,41.768,-13.720,-14.695,2,21
0.9224,-1.1924,-0.9058,44.573,-17.073,-19.390,2,21
0.9219,-1.1968,-0.9009,46.524,-20.732,-24.085,2,21
0.9150,-1.1919,-0.9014,47.317,-24.756,-29.085,2,21
0.9170,-1.1929,-0.9214,47.866,-28.415,-33.476,2,21
0.9072,-1.1855,-0.9404,47.317,-33.963,-40.183,2,21
0.8975,-1.1924,-0.9478,47.317,-35.732,-42.500,2,21
0.8857,-1.1909,-0.9619,46.768,-39.085,-46.707,2,21
0.8701,-1.1846,-0.9736,46.220,-42.134,-50.732,2,21
0.8511,-1.1831,-0.9858,45.183,-45.244,-54.573,2,21
0.8315,-1.1719,-1.0000,42.866,-47.988,-58.354,2,21
0.8081,-1.1660,-1.0225,40.061,-50.671,-62.134,2,21
0.7876,-1.1636,-1.0337,36.768,-53.049,-65.305,2,21
0.9585,1.1758,0.1670,-16.280,109.695,-148.902,1,21
0.9443,1.1870,0.1831,-6.220,101.098,-142.256,1,21
0.9185,1.1953,0.2051,3.720,92.622,-135.732,1,21
0.9048,1.2026,0.2275,14.085,84.085,-129.756,1,21
0.8789,1.1929,0.2339,23.841,75.427,-124.329,1,21
0.8599,1.2041,0.2441,34.024,66.829,-119.268,1,21
0.8394,1.2119,0.2490,43.171,58.720,-113.659,1,21
0.8320,1.2314,0.2495,51.037,51.037,-108.110,1,21
1.1362,0.5449,-0.1328,48.293,-33.537,4.878,1,21
1.1055,0.5000,-0.1426,47.683,-37.439,3.841,1,21
1.0835,0.4702,-0.1577,46.646,-41.037,3.171,1,21
1.0513,0.4346,-0.1689,45.183,-43.720,2.317,1,21
1.0234,0.3901,-0.1860,43.171,-46.037,1.951,1,21
1.0073,0.3530,-0.1958,40.549,-47.439,1.220,1,21
0.9902,0.3340,-0.2056,37.683,-47.988,1.280,1,21
0.9961,0.2925,-0.2334,34.817,-47.317,1.890,1,21
0.1782,-0.4434,-0.5918,-138.841,-37.927,-90.732,2,21
0.1655,-0.4150,-0.5801,-140.854,-36.951,-87.988,2,21
0.1548,-0.3901,-0.5669,-141.951,-35.793,-85.122,2,21
0.1401,-0.3730,-0.5645,-142.744,-34.573,-81.890,2,21
0.1323,-0.3560,-0.5615,-143.354,-33.049,-78.293,2,21
0.1177,-0.3350,-0.5703,-143.720,-31.707,-74.329,2,21
0.1035,-0.3237,-0.5649,-143.232,-30.122,-70.671,2,21
0.0923,-0.3096,-0.5571,-142.378,-28.720,-66.402,2,21
0.9966,0.2700,-0.2334,31.220,-45.915,2.622,1,21
1.0088,0.2598,-0.2471,27.805,-43.476,3.415,1,21
1.0210,0.2495,-0.2378,23.415,-40.549,4.695,1,21
1.0376,0.2305,-0.2402,19.268,-37.683,6.098,1,21
1.0562,0.2197,-0.2432,15.549,-34.878,7.134,1,21
1.0781,0.2100,-0.2485,12.256,-32.988,8.415,1,21
1.1011,0.2100,-0.2495,9.695,-31.768,9.329,1,21
1.1318,0.2158,-0.2520,7.927,-31.341,10.000,1,21
0.0811,-0.3018,-0.5591,-140.854,-27.073,-62.012,2,21
0.0674,-0.2979,-0.5605,-138.720,-25.427,-57.805,2,21
0.0581,-0.2964,-0.5425,-136.341,-23.902,-53.110,2,21
0.0483,-0.2852,-0.5254,-133.293,-21.829,-49.207,2,21
0.0361,-0.2832,-0.5156,-130.366,-20.244,-44.939,2,21
0.0210,-0.2759,-0.5068,-126.951,-18.293,-40.976,2,21
0.0068,-0.2725,-0.5000,-123.415,-16.829,-37.195,2,21
-0.0020,-0.2793,-0.4907,-120.000,-15.549,-33.902,2,21
1.1660,0.2520,-0.2510,6.402,-31.524,10.305,1,21
1.1865,0.2856,-0.2456,4.512,-32.073,10.305,1,21
1.2012,0.3076,-0.2456,3.476,-33.354,9.634,1,21
1.2070,0.3433,-0.2480,3.293,-34.756,9.207,1,21
1.2119,0.3711,-0.2393,3.049,-36.707,9.024,1,21
1.2188,0.4043,-0.2339,3.110,-38.963,8.902,1,21
1.2104,0.4370,-0.2271,4.024,-41.341,9.268,1,21
1.2026,0.4712,-0.2163,5.061,-43.110,9.695,1,21
-0.0171,-0.2773,-0.4888,-116.524,-14.451,-30.244,2,21
-0.0244,-0.2793,-0.4907,-112.988,-13.049,-26.829,2,21
-0.0317,-0.2871,-0.4922,-108.963,-11.707,-23.476,2,21
-0.0464,-0.2852,-0.4858,-105.061,-10.061,-20.122,2,21
-0.0493,-0.2847,-0.4810,-100.854,-8.415,-16.524,2,21
-0.0635,-0.2949,-0.4771,-96.707,-7.012,-12.866,2,21
-0.0728,-0.3037,-0.4727,-92.927,-5.183,-9.207,2,21
-0.0850,-0.3120,-0.4707,-88.720,-3.476,-5.305,2,21
2.8901,0.4497,0.1899,-22.927,-143.293,85.793,1,21
2.9380,0.5024,0.1646,-26.646,-151.220,85.793,1,21
2.9849,0.5557,0.1509,-30.061,-158.049,86.220,1,21
3.0171,0.6255,0.1333,-33.841,-163.841,87.073,1,21
3.0322,0.6997,0.1172,-37.012,-170.427,86.829,1,21
3.0313,0.7744,0.1089,-40.244,-177.073,87.439,1,21
3.0410,0.8452,0.1025,-42.622,-184.878,87.439,1,21
3.0522,0.9170,0.0957,-44.146,-192.622,88.963,1,21
3.0771,1.0024,0.0996,-44.878,-199.756,91.341,1,21
3.1006,1.1060,0.1230,-45.549,-206.463,95.183,1,21
3.1265,1.2002,0.1504,-47.073,-213.354,99.878,1,21
3.1475,1.2910,0.1836,-49.329,-220.610,105.976,1,21
3.1777,1.3628,0.2295,-52.378,-228.476,112.195,1,21
3.2158,1.4312,0.2759,-55.061,-236.951,119.939,1,21
3.2544,1.4893,0.3223,-57.256,-246.585,128.232,1,21
3.2813,1.5405,0.3555,-59.390,-256.463,137.500,1,21
3.3086,1.5811,0.4077,-61.098,-266.707,146.768,1,21
3.3188,1.5996,0.4595,-63.049,-277.317,155.488,1,21
3.3115,1.6245,0.5059,-65.427,-288.293,163.902,1,21
3.2998,1.6372,0.5459,-66.829,-300.000,171.768,1,21
3.2700,1.6553,0.5913,-67.378,-312.378,179.512,1,21
3.2197,1.6812,0.6226,-66.524,-325.061,186.402,1,21
3.1567,1.7188,0.6743,-65.610,-338.171,192.561,1,21
3.0728,1.7607,0.7202,-64.756,-351.341,198.659,1,21
2.2441,2.0464,1.3154,-49.085,-454.146,292.256,1,21
2.1606,2.0630,1.3994,-47.134,-464.207,302.866,1,21
2.0723,2.0659,1.4780,-45.610,-474.268,313.476,1,21
1.9800,2.0737,1.5566,-44.451,-483.963,323.354,1,21
1.8887,2.0747,1.6221,-44.329,-493.232,332.195,1,21
1.8037,2.0557,1.6914,-44.573,-502.805,340.427,1,21
1.7070,2.0615,1.7388,-44.939,-511.890,347.805,1,21
1.6270,2.0537,1.7554,-44.390,-520.976,354.878,1,21
0.8042,2.3530,1.9209,-47.256,-575.976,384.756,1,21
0.7236,2.3940,1.9531,-45.732,-580.854,386.402,1,21
0.6343,2.4321,1.9976,-43.354,-585.488,388.110,1,21
0.5591,2.4707,2.0293,-39.573,-590.061,390.122,1,21
0.4785,2.5049,2.0664,-34.939,-594.512,392.744,1,21
0.4082,2.5283,2.1250,-29.878,-598.476,395.488,1,21
0.3223,2.5503,2.1914,-24.878,-602.195,398.354,1,21
0.2402,2.5625,2.2568,-20.366,-605.610,401.768,1,21
0.1597,1.3071,-0.4155,29.268,-257.195,189.817,1,21
0.1768,1.3223,-0.4175,37.073,-238.232,185.366,1,21
0.1631,1.3413,-0.3726,42.012,-219.634,180.793,1,21
0.1055,1.3413,-0.3447,44.634,-202.012,175.061,1,21
0.0093,1.3369,-0.3506,43.659,-185.183,168.963,1,21
-0.1440,1.3135,-0.3740,40.061,-168.963,162.500,1,21
-0.3110,1.2900,-0.4214,35.183,-152.317,156.159,1,21
-0.4893,1.2852,-0.4556,30.061,-134.634,150.122,1,21
0.8237,0.1309,0.0137,-151.098,51.951,13.841,2,21
0.8311,0.1479,0.0068,-148.537,51.098,15.122,2,21
0.8359,0.1641,0.0049,-145.549,49.695,16.768,2,21
0.8408,0.1812,-0.0068,-142.439,48.415,18.537,2,21
0.8398,0.1934,-0.0156,-139.024,46.768,20.183,2,21
0.8442,0.1982,-0.0332,-135.793,45.549,21.890,2,21
0.8408,0.2051,-0.0293,-132.073,43.780,24.451,2,21
0.8354,0.2075,-0.0293,-127.561,42.561,26.402,2,21
-2.0083,1.4839,-0.6079,5.305,96.220,103.780,1,21
-1.9277,1.3838,-0.5933,3.659,103.354,100.793,1,21
-1.8267,1.2866,-0.5547,0.732,110.305,98.354,1,21
-1.7329,1.2002,-0.5107,-3.720,117.439,95.793,1,21
-1.6519,1.1245,-0.4692,-8.963,124.451,93.537,1,21
-1.5742,1.0654,-0.4219,-14.573,131.524,91.829,1,21
-1.5142,1.0093,-0.3833,-19.756,137.622,89.878,1,21
-1.4629,0.9678,-0.3521,-25.366,143.902,88.171,1,21
-0.3828,0.9131,-0.1094,135.488,332.622,-143.841,1,21
-0.3516,0.9253,-0.0928,137.256,336.037,-149.329,1,21
-0.3110,0.9395,-0.0649,138.720,338.902,-154.512,1,21
-0.2764,0.9639,-0.0532,139.878,341.646,-159.695,1,21
-0.2388,0.9893,-0.0396,140.793,343.720,-164.817,1,21
-0.2046,1.0068,-0.0322,141.585,345.305,-170.122,1,21
-0.1655,1.0234,-0.0293,141.829,346.463,-174.512,1,21
-0.1338,1.0571,-0.0347,141.890,346.829,-179.573,1,21
-0.1040,1.0806,-0.0278,142.134,347.622,-184.024,1,21
-0.0859,1.1108,-0.0459,142.134,347.561,-188.659,1,21
-0.0537,1.1460,-0.0474,141.768,347.439,-192.744,1,21
-0.0391,1.1733,-0.0366,141.098,347.134,-196.646,1,21
-0.0234,1.2095,-0.0366,140.122,347.195,-200.976,1,21
-0.0122,1.2480,-0.0313,138.110,347.073,-204.634,1,21
-0.0107,1.2725,-0.0195,135.610,346.829,-208.415,1,21
-0.0054,1.3003,-0.0005,133.293,346.890,-211.220,1,21
0.0337,1.3691,0.1104,101.098,356.707,-215.549,1,21
0.0371,1.3647,0.1118,99.024,358.110,-214.878,1,21
0.0464,1.3442,0.1211,94.695,361.463,-213.171,1,21
0.0615,1.3242,0.1187,90.488,365.183,-211.402,1,21
0.0859,1.3096,0.1250,83.110,371.829,-208.963,1,21
0.1025,1.3008,0.1245,78.659,376.646,-206.829,1,21
0.1216,1.3086,0.1431,74.146,381.829,-204.451,1,21
0.1519,1.3232,0.1426,68.537,387.866,-201.463,1,21
1.0591,-0.8916,0.3223,128.659,-85.610,48.720,2,21
1.0566,-0.8994,0.3242,129.024,-86.585,47.927,2,21
1.0498,-0.9009,0.3203,129.756,-88.537,46.890,2,21
1.0474,-0.9136,0.3306,131.220,-90.854,45.793,2,21
1.0454,-0.9248,0.3281,132.012,-92.805,44.390,2,21
1.0459,-0.9355,0.3423,132.927,-94.878,43.415,2,21
1.0435,-0.9502,0.3457,133.841,-96.585,42.317,2,21
1.0425,-0.9512,0.3467,134.329,-98.415,41.280,2,21
0.1714,1.3633,0.1299,61.707,394.695,-195.488,1,21
0.1836,1.3198,0.1172,56.463,404.085,-190.854,1,21
0.1743,1.2813,0.1323,54.756,413.049,-190.061,1,21
0.1904,1.2715,0.1470,53.537,420.183,-190.488,1,21
0.2202,1.2876,0.1519,51.829,426.037,-191.768,1,21
0.2305,1.2920,0.1646,49.390,432.256,-192.927,1,21
0.2378,1.2881,0.2158,47.500,436.951,-194.390,1,21
0.2686,1.2847,0.2490,47.256,439.634,-196.220,1,21
0.5767,1.4912,0.4648,38.049,420.793,-202.988,1,21
0.6064,1.5088,0.4819,36.220,417.805,-201.402,1,21
0.6299,1.5142,0.4922,34.512,415.671,-199.146,1,21
0.6494,1.5166,0.4980,32.683,412.988,-196.585,1,21
0.6660,1.5195,0.5073,31.220,410.610,-194.085,1,21
0.6875,1.5244,0.5161,29.634,408.415,-191.402,1,21
0.7139,1.5186,0.5361,27.622,405.793,-189.024,1,21
0.7266,1.5112,0.5430,25.183,403.171,-185.854,1,21
0.7534,1.4810,0.5596,23.049,400.915,-183.171,1,21
0.7642,1.4688,0.5708,20.427,397.988,-180.000,1,21
0.7798,1.4326,0.5596,18.537,394.451,-176.829,1,21
0.8008,1.4028,0.5586,16.890,390.793,-173.049,1,21
0.8110,1.3765,0.5605,15.061,386.585,-169.817,1,21
0.8247,1.3467,0.5493,13.537,382.927,-166.341,1,21
0.8315,1.3203,0.5474,12.073,378.963,-163.049,1,21
0.8394,1.2935,0.5361,10.305,375.671,-159.939,1,21
0.8369,1.2681,0.5464,8.598,372.256,-156.524,1,21
0.8467,1.2446,0.5503,7.134,369.573,-153.354,1,21
0.8589,1.2300,0.5464,5.976,366.951,-150.061,1,21
0.8687,1.2183,0.5483,5.549,364.573,-146.524,1,21
0.8809,1.2085,0.5435,5.732,362.317,-142.805,1,21
0.8857,1.2002,0.5415,6.220,360.183,-139.329,1,21
0.9019,1.2017,0.5464,7.012,358.293,-135.366,1,21
0.9170,1.1958,0.5449,8.354,356.280,-131.220,1,21
1.0947,0.8413,-0.3721,45.427,65.915,-123.963,1,21
1.0898,0.8945,-0.3530,36.951,67.561,-121.890,1,21
1.0859,0.9502,-0.3105,30.915,70.000,-118.171,1,21
1.0747,1.0210,-0.2666,26.829,72.683,-114.085,1,21
1.0703,1.1016,-0.2168,25.122,75.671,-109.512,1,21
1.0605,1.1875,-0.1553,25.549,78.232,-104.146,1,21
1.0527,1.2666,-0.1001,28.171,80.854,-98.720,1,21
1.0527,1.3486,-0.0366,34.024,81.890,-92.744,1,21
0.4556,-1.1821,0.0713,67.439,-175.793,-143.476,2,21
0.4492,-1.1685,0.0640,67.927,-174.085,-145.427,2,21
0.4487,-1.1606,0.0503,67.500,-172.744,-146.707,2,21
0.4404,-1.1509,0.0527,67.500,-170.732,-148.049,2,21
0.4341,-1.1348,0.0420,67.744,-169.207,-149.024,2,21
0.4302,-1.1245,0.0376,67.744,-167.744,-150.244,2,21
0.4263,-1.1055,0.0200,67.866,-165.915,-151.037,2,21
0.4238,-1.0967,0.0117,67.561,-163.841,-151.707,2,21
1.0483,1.4155,0.0313,42.500,82.012,-86.098,1,21
1.0435,1.4980,0.0845,54.329,80.488,-79.451,1,21
1.0405,1.5737,0.1313,68.841,77.256,-72.134,1,21
1.0454,1.6436,0.1494,85.061,72.622,-64.695,1,21
1.0527,1.7227,0.1680,103.598,66.646,-56.829,1,21
1.0498,1.7783,0.1929,121.585,60.549,-48.598,1,21
1.0352,1.8228,0.2056,139.878,54.085,-38.720,1,21
1.0259,1.8296,0.2021,157.805,47.256,-28.598,1,21
0.4102,-1.0786,0.0103,67.134,-161.951,-152.378,2,21
0.4072,-1.0684,-0.0029,66.524,-159.878,-152.500,2,21
0.3979,-1.0542,-0.0176,65.976,-157.744,-152.744,2,21
0.3950,-1.0405,-0.0229,66.341,-155.244,-152.927,2,21
0.3848,-1.0264,-0.0239,65.915,-153.354,-152.622,2,21
0.3706,-1.0103,-0.0293,65.671,-150.610,-151.951,2,21
0.3569,-0.9937,-0.0303,65.122,-148.476,-151.829,2,21
0.3467,-0.9819,-0.0454,65.122,-146.159,-150.915,2,21
0.9917,1.7998,0.2002,184.451,37.988,-11.159,1,21
0.9736,1.7773,0.2100,192.378,35.000,-4.939,1,21
0.9424,1.7129,0.2085,207.744,29.207,7.134,1,21
0.9092,1.6235,0.1895,221.768,23.902,19.268,1,21
0.8774,1.5181,0.1875,233.049,19.634,30.244,1,21
0.8511,1.4048,0.1631,242.744,16.402,40.854,1,21
0.8369,1.2866,0.1431,250.305,13.720,49.634,1,21
0.8159,1.1191,0.1089,258.171,11.890,59.512,1,21
0.8101,1.0010,0.0815,260.488,11.829,64.390,1,21
0.8140,0.8999,0.0571,260.915,12.500,67.500,1,21
0.8262,0.7949,0.0239,259.451,13.598,69.512,1,21
0.8301,0.6992,0.0020,256.098,14.939,70.976,1,21
0.8452,0.6304,-0.0308,251.463,16.280,71.585,1,21
0.8511,0.5474,-0.0464,245.366,17.744,72.134,1,21
0.8564,0.4722,-0.0610,237.805,19.146,72.195,1,21
0.8604,0.4111,-0.0728,229.207,19.878,72.866,1,21
0.8652,0.3574,-0.0879,220.000,20.549,73.598,1,21
0.8633,0.2988,-0.0981,210.427,20.549,74.512,1,21
0.8584,0.2441,-0.0977,200.793,19.573,75.732,1,21
0.8516,0.1914,-0.1113,190.549,18.415,76.951,1,21
0.8369,0.1328,-0.1279,180.793,16.585,78.293,1,21
0.8193,0.0708,-0.1401,171.037,14.207,79.207,1,21
0.8076,0.0151,-0.1660,161.707,11.524,79.634,1,21
0.7856,-0.0430,-0.1768,152.378,8.963,79.939,1,21
0.3477,-0.7339,-0.1675,64.329,-101.159,-136.280,2,21
0.3608,-0.7163,-0.1753,64.146,-98.354,-134.939,2,21
0.3633,-0.7090,-0.1763,64.024,-95.671,-133.476,2,21
0.3643,-0.6968,-0.1812,63.415,-92.927,-131.585,2,21
0.3735,-0.6855,-0.1899,63.171,-90.061,-129.878,2,21
0.3726,-0.6689,-0.1924,62.622,-87.317,-128.171,2,21
0.3784,-0.6538,-0.2070,62.134,-84.512,-126.402,2,21
0.3799,-0.6416,-0.2148,61.402,-82.073,-124.695,2,21
0.7583,-0.0942,-0.1958,144.329,7.622,79.756,1,21
0.7344,-0.1465,-0.2046,136.037,7.195,79.329,1,21
0.7041,-0.1855,-0.2104,129.024,7.866,78.293,1,21
0.6816,-0.2271,-0.2163,120.793,10.244,77.073,1,21
0.6572,-0.2778,-0.2173,113.537,12.927,75.366,1,21
0.6230,-0.3105,-0.2158,106.159,16.220,73.415,1,21
0.5986,-0.3584,-0.2061,99.207,20.000,70.976,1,21
0.5757,-0.3975,-0.1919,91.951,23.963,68.476,1,21
0.5264,-0.6074,-0.2178,34.085,59.878,39.512,1,21
0.5391,-0.6099,-0.2148,27.500,64.329,35.915,1,21
0.5527,-0.6152,-0.2290,22.134,68.415,32.622,1,21
0.5630,-0.6147,-0.2217,16.768,71.707,29.146,1,21
0.5718,-0.6055,-0.2339,12.622,74.573,24.939,1,21
0.5845,-0.6001,-0.2275,8.354,76.768,20.610,1,21
0.5967,-0.5820,-0.2339,5.244,77.683,15.915,1,21
0.6025,-0.5659,-0.2324,2.378,78.171,10.488,1,21
0.4946,-0.3003,-0.3047,-8.963,57.805,-55.732,1,21
0.4463,-0.2734,-0.3188,-10.122,55.671,-64.329,1,21
0.4077,-0.2480,-0.3364,-11.098,53.598,-72.805,1,21
0.3691,-0.2178,-0.3398,-12.317,52.378,-81.524,1,21
0.3315,-0.1914,-0.3496,-13.841,51.463,-89.756,1,21
0.3062,-0.1792,-0.3628,-15.915,51.524,-97.866,1,21
0.2744,-0.1719,-0.3711,-18.049,51.890,-105.854,1,21
0.2563,-0.1650,-0.3848,-20.610,53.598,-113.110,1,21
0.3081,-0.0200,-0.4092,-62.805,108.415,-174.024,1,21
0.3184,0.0234,-0.4102,-66.098,114.390,-180.793,1,21
0.3301,0.0718,-0.3823,-68.902,118.963,-186.890,1,21
0.3516,0.1318,-0.3652,-71.220,123.171,-192.378,1,21
0.3682,0.1895,-0.3403,-73.841,126.646,-196.951,1,21
0.3887,0.2485,-0.3232,-75.000,129.695,-201.037,1,21
0.4121,0.3193,-0.2876,-75.549,132.134,-203.963,1,21
0.4243,0.3882,-0.2451,-75.976,135.061,-206.463,1,21
0.6362,0.9146,0.1479,-62.805,135.000,-185.244,1,21
0.6851,0.9604,0.1563,-58.720,130.427,-178.720,1,21
0.7251,1.0034,0.1567,-54.695,124.756,-171.707,1,21
0.7725,1.0547,0.1548,-52.195,118.537,-165.061,1,21
0.8252,1.0918,0.1294,-50.915,112.073,-157.866,1,21
0.8770,1.1245,0.0874,-50.610,105.732,-150.244,1,21
0.9238,1.1606,0.0542,-50.976,99.878,-142.500,1,21
0.9683,1.1860,0.0103,-51.098,94.207,-134.817,1,21
1.4370,1.1484,0.0776,-95.122,3.598,37.073,1,21
1.4336,1.0938,0.0718,-92.195,0.915,38.537,1,21
1.4248,0.9966,0.0620,-86.707,-4.268,40.915,1,21
1.4116,0.8955,0.0317,-81.646,-9.512,42.073,1,21
1.3994,0.7983,0.0112,-76.159,-14.878,42.073,1,21
1.3818,0.7051,0.0049,-71.220,-19.939,41.646,1,21
1.3535,0.6260,-0.0054,-67.378,-24.756,40.183,1,21
1.3364,0.5479,-0.0327,-62.683,-29.695,38.171,1,21
0.8706,-0.8232,-1.0986,28.780,-47.256,-82.866,2,21
0.8687,-0.8071,-1.0898,24.695,-47.988,-83.415,2,21
0.8501,-0.7900,-1.0713,19.634,-48.720,-83.780,2,21
0.8408,-0.7661,-1.0537,14.817,-49.207,-83.963,2,21
0.8452,-0.7500,-1.0391,9.878,-49.390,-84.146,2,21
0.8472,-0.7295,-1.0332,4.695,-49.085,-84.085,2,21
0.8433,-0.7271,-1.0020,0.061,-48.232,-83.963,2,21
0.8418,-0.7139,-0.9814,-4.634,-47.622,-83.537,2,21
1.0391,0.2451,-0.2432,-29.085,-56.829,26.646,1,21
1.0112,0.2256,-0.2603,-25.427,-58.537,26.159,1,21
0.9780,0.1968,-0.2856,-21.402,-60.244,25.671,1,21
0.9507,0.1655,-0.3169,-15.976,-61.646,25.427,1,21
0.9312,0.1426,-0.3545,-10.793,-62.866,24.573,1,21
0.9106,0.1099,-0.3975,-4.268,-64.573,23.841,1,21
0.8838,0.1182,-0.4106,0.854,-65.549,22.866,1,21
0.8633,0.1074,-0.4199,4.085,-66.220,20.976,1,21
0.8452,-0.6157,-0.7803,-62.683,-44.207,-80.488,2,21
0.8330,-0.6006,-0.7734,-69.329,-44.390,-80.000,2,21
0.8218,-0.5854,-0.7554,-75.610,-44.207,-78.902,2,21
0.8008,-0.5630,-0.7480,-81.951,-44.573,-78.110,2,21
0.7920,-0.5469,-0.7451,-87.805,-44.512,-76.890,2,21
0.7773,-0.5308,-0.7402,-93.110,-44.573,-75.488,2,21
0.7632,-0.5083,-0.7485,-97.744,-44.451,-74.024,2,21
0.7549,-0.4893,-0.7412,-102.195,-43.841,-72.744,2,21
0.8384,0.0859,-0.4727,8.415,-66.890,19.085,1,21
0.8110,0.0957,-0.4756,12.988,-66.829,16.951,1,21
0.7803,0.1133,-0.4702,15.488,-66.098,14.268,1,21
0.7534,0.1289,-0.4780,16.463,-64.695,11.341,1,21
0.7119,0.1406,-0.4683,18.232,-63.049,8.232,1,21
0.6787,0.1646,-0.4702,19.329,-60.610,4.329,1,21
0.6484,0.1909,-0.4673,21.220,-57.988,0.915,1,21
0.6196,0.2007,-0.4756,23.780,-54.939,-2.073,1,21
0.7300,-0.4795,-0.7358,-105.854,-43.902,-70.915,2,21
0.7173,-0.4492,-0.7368,-108.537,-43.415,-69.390,2,21
0.7021,-0.4248,-0.7295,-110.610,-42.927,-67.439,2,21
0.6865,-0.4077,-0.7290,-112.195,-42.256,-65.732,2,21
0.6704,-0.3887,-0.7310,-113.476,-41.768,-63.354,2,21
0.6563,-0.3687,-0.7334,-114.268,-40.915,-61.280,2,21
0.6362,-0.3574,-0.7383,-114.573,-39.695,-58.476,2,21
0.6216,-0.3535,-0.7388,-114.329,-38.841,-55.427,2,21
0.5947,0.2207,-0.5039,27.683,-51.829,-4.878,1,21
0.5737,0.2373,-0.5205,33.476,-48.476,-7.012,1,21
0.5615,0.2632,-0.5361,39.207,-45.122,-8.476,1,21
0.5425,0.2783,-0.5454,43.537,-40.549,-9.878,1,21
0.5308,0.2866,-0.5576,47.683,-36.280,-10.305,1,21
0.5234,0.2949,-0.5811,52.378,-31.463,-10.610,1,21
0.5220,0.3076,-0.5811,58.049,-26.037,-10.610,1,21
0.5205,0.3105,-0.5869,62.195,-20.183,-9.939,1,21
0.6016,-0.3564,-0.7417,-113.415,-37.439,-52.500,2,21
0.5796,-0.3540,-0.7349,-112.256,-36.463,-48.902,2,21
0.5566,-0.3530,-0.7310,-110.671,-35.244,-45.488,2,21
0.5396,-0.3613,-0.7339,-108.963,-34.390,-42.195,2,21
0.5151,-0.3638,-0.7266,-106.646,-33.049,-38.780,2,21
0.4902,-0.3716,-0.7197,-105.000,-31.707,-35.488,2,21
0.4644,-0.3887,-0.7100,-103.293,-30.488,-32.073,2,21
0.4424,-0.3979,-0.7100,-101.220,-29.390,-28.537,2,21
0.5229,0.3164,-0.5713,65.915,-14.146,-9.512,1,21
0.5244,0.3188,-0.5469,68.902,-7.012,-8.537,1,21
0.5308,0.3057,-0.5322,71.524,0.854,-8.049,1,21
0.5439,0.2886,-0.5234,75.427,8.659,-7.256,1,21
0.5752,0.2769,-0.5181,80.915,16.829,-5.915,1,21
0.6094,0.2588,-0.5391,87.927,24.695,-5.061,1,21
0.6528,0.2573,-0.5610,96.220,32.012,-4.024,1,21
0.6958,0.2808,-0.5728,105.427,39.939,-2.927,1,21
3.8462,-0.6084,0.4160,98.780,-179.146,159.146,1,21
3.7778,-0.5801,0.4102,94.390,-196.402,156.707,1,21
3.7017,-0.5386,0.4116,85.854,-210.427,154.451,1,21
3.6450,-0.4829,0.4077,74.146,-220.732,154.085,1,21
3.6152,-0.4028,0.4082,59.634,-228.171,156.524,1,21
3.6377,-0.3125,0.3960,43.049,-232.256,162.805,1,21
3.6724,-0.1831,0.3926,24.634,-234.695,172.744,1,21
3.7202,-0.0459,0.4282,4.878,-235.854,184.268,1,21
-0.0107,-0.7905,-0.2451,-92.927,40.854,2.744,2,21
0.0117,-0.7783,-0.2490,-93.110,44.146,3.659,2,21
0.0581,-0.7544,-0.2271,-93.720,50.488,5.427,2,21
0.1226,-0.7329,-0.2241,-93.841,57.378,7.378,2,21
0.1831,-0.7246,-0.2109,-94.268,64.451,10.000,2,21
0.2397,-0.7256,-0.2036,-94.268,72.317,12.500,2,21
0.3145,-0.7241,-0.1865,-94.878,80.000,15.732,2,21
0.3809,-0.7471,-0.1719,-94.756,87.866,18.902,2,21
3.7568,0.0991,0.4932,-16.585,-238.171,196.159,1,21
3.8042,0.2300,0.5532,-37.195,-243.232,207.927,1,21
3.8633,0.3467,0.6323,-55.183,-251.402,218.293,1,21
3.9038,0.4634,0.6885,-68.537,-263.049,227.500,1,21
3.9395,0.5889,0.7446,-77.622,-278.049,235.061,1,21
3.9414,0.7227,0.7983,-83.476,-294.817,240.366,1,21
3.9082,0.8579,0.8335,-87.561,-314.085,243.537,1,21
3.8398,0.9854,0.8638,-88.598,-334.329,245.244,1,21
0.5010,-0.7881,-0.1372,-95.244,99.573,24.390,2,21
0.5908,-0.8267,-0.1021,-95.915,106.585,28.780,2,21
0.6797,-0.8687,-0.0679,-95.976,113.232,32.622,2,21
0.7588,-0.9146,-0.0103,-96.280,119.146,36.829,2,21
0.8516,-0.9688,0.0229,-97.805,124.634,40.549,2,21
0.9341,-1.0200,0.0498,-99.878,128.476,44.573,2,21
0.9985,-1.0654,0.0752,-102.988,131.829,48.049,2,21
1.0547,-1.1152,0.0928,-106.768,133.963,51.341,2,21
3.7529,1.1221,0.8643,-87.744,-355.488,246.037,1,21
3.6567,1.2607,0.8882,-83.720,-376.402,246.402,1,21
3.5225,1.4067,0.9282,-80.854,-396.951,247.378,1,21
3.3545,1.5273,0.9707,-78.354,-416.585,249.207,1,21
3.1855,1.6240,1.0005,-76.951,-436.159,252.561,1,21
3.0103,1.6982,1.0288,-74.878,-455.244,257.378,1,21
2.8345,1.7583,1.0371,-72.927,-473.171,263.232,1,21
2.6675,1.7959,1.0508,-71.280,-490.061,270.976,1,21
1.0859,-1.1548,0.1201,-110.915,135.671,54.390,2,21
1.1089,-1.1899,0.1328,-115.610,136.098,56.707,2,21
1.1201,-1.2227,0.1538,-120.976,135.854,59.085,2,21
1.0996,-1.2456,0.1592,-126.402,134.756,61.402,2,21
1.0664,-1.2666,0.1567,-132.012,133.476,62.988,2,21
1.0205,-1.2803,0.1563,-136.829,132.012,64.695,2,21
0.9663,-1.2793,0.1538,-141.951,130.427,66.646,2,21
0.9141,-1.2705,0.1533,-145.793,129.329,68.720,2,21
2.5127,1.8115,1.0630,-71.463,-504.878,279.634,1,21
2.3687,1.8047,1.0625,-72.317,-518.110,288.659,1,21
2.2246,1.7856,1.0698,-73.902,-530.122,299.085,1,21
2.0747,1.7583,1.0674,-76.524,-542.317,308.415,1,21
1.9434,1.7183,1.0708,-79.451,-553.720,318.049,1,21
1.8179,1.6738,1.0840,-82.988,-564.939,326.098,1,21
1.6816,1.6240,1.0928,-87.134,-576.341,334.146,1,21
1.5674,1.5708,1.1021,-90.488,-587.683,340.671,1,21
1.4648,1.5239,1.0991,-93.841,-599.512,345.976,1,21
1.3594,1.5000,1.1089,-97.134,-610.061,350.610,1,21
1.2612,1.4883,1.1138,-100.122,-620.671,354.390,1,21
1.1626,1.4839,1.1299,-103.110,-629.634,357.012,1,21
1.0679,1.4912,1.1660,-106.037,-637.744,359.390,1,21
0.9722,1.5010,1.1860,-109.390,-645.610,360.610,1,21
0.8774,1.5220,1.1973,-111.768,-652.378,361.098,1,21
0.7964,1.5586,1.1997,-112.561,-658.476,360.976,1,21
0.7319,-0.9873,0.1323,-159.268,139.939,89.573,2,21
0.7588,-0.9526,0.1416,-158.293,141.646,90.793,2,21
0.7876,-0.9302,0.1543,-157.500,143.110,92.134,2,21
0.8242,-0.9063,0.1602,-156.707,144.146,93.598,2,21
0.8652,-0.8823,0.1777,-155.915,144.817,94.573,2,21
0.9067,-0.8608,0.2056,-156.280,145.366,95.671,2,21
0.9414,-0.8486,0.2148,-156.037,145.976,96.463,2,21
0.9790,-0.8369,0.2329,-156.463,145.854,97.744,2,21
0.7153,1.5996,1.2188,-113.049,-663.476,360.793,1,21
0.6421,1.6475,1.2432,-113.476,-667.012,360.244,1,21
0.5586,1.6968,1.2671,-113.171,-670.366,358.780,1,21
0.4849,1.7363,1.2866,-112.866,-672.805,357.988,1,21
0.4141,1.7671,1.2813,-111.037,-676.037,356.524,1,21
0.3521,1.8154,1.2827,-107.866,-679.146,355.000,1,21
0.2983,1.8408,1.3032,-104.756,-682.683,353.841,1,21
0.2344,1.8608,1.3115,-102.378,-685.915,352.683,1,21
-0.2485,1.8120,1.2949,-103.963,-697.500,347.561,1,21
-0.2690,1.8105,1.2925,-106.463,-696.585,347.744,1,21
-0.2710,1.8052,1.2607,-108.476,-694.451,348.841,1,21
-0.2705,1.8042,1.2178,-110.488,-692.683,349.329,1,21
-0.2617,1.8081,1.1582,-111.646,-690.732,350.000,1,21
-0.2559,1.8120,1.0732,-112.012,-689.939,350.549,1,21
-0.2520,1.8184,0.9824,-112.500,-688.902,349.878,1,21
-0.2495,1.8296,0.9121,-113.110,-687.439,349.024,1,21
-0.0371,1.1519,-0.7163,127.317,-400.488,282.317,1,21
0.0386,1.1235,-0.6885,144.268,-375.000,279.878,1,21
0.1177,1.1011,-0.6685,160.610,-349.390,278.293,1,21
0.1890,1.0747,-0.6392,174.512,-323.293,276.646,1,21
0.2671,1.0566,-0.6279,186.524,-297.683,275.366,1,21
0.3364,1.0278,-0.5972,196.037,-272.256,274.268,1,21
0.3975,1.0068,-0.5713,203.232,-247.744,273.720,1,21
0.4668,0.9888,-0.5376,208.232,-224.329,273.841,1,21
0.4385,1.1143,-0.1650,175.000,-84.512,213.476,1,21
0.3872,1.2085,-0.1025,165.610,-74.268,200.488,1,21
0.3193,1.3257,-0.0405,155.610,-65.305,188.659,1,21
0.2256,1.5015,0.0366,137.195,-52.866,173.415,1,21
0.1880,1.5630,0.0591,130.732,-49.512,169.329,1,21
0.0967,1.6807,0.0996,117.439,-43.598,162.744,1,21
0.0190,1.7896,0.1460,103.720,-38.659,158.476,1,21
-0.0645,1.8740,0.1860,91.524,-34.634,155.915,1,21
0.8198,-0.2554,0.4551,-232.256,81.585,64.146,2,21
0.8096,-0.2188,0.4434,-230.732,81.098,63.537,2,21
0.8032,-0.1841,0.4209,-229.085,80.671,63.659,2,21
0.8003,-0.1421,0.4150,-227.195,80.366,63.902,2,21
0.8027,-0.1147,0.4048,-224.146,80.061,64.024,2,21
0.8013,-0.0786,0.3853,-221.098,79.451,64.695,2,21
0.7954,-0.0415,0.3867,-217.683,79.695,65.244,2,21
0.8057,-0.0142,0.3701,-214.085,79.207,66.037,2,21
-0.2017,1.9961,0.2998,76.524,-28.110,153.963,1,21
-0.2476,2.0298,0.3428,71.098,-26.159,153.841,1,21
-0.3545,2.0918,0.4116,62.439,-22.561,154.207,1,21
-0.4507,2.1284,0.4702,55.793,-18.720,155.244,1,21
-0.5527,2.1616,0.5161,50.854,-15.244,157.134,1,21
-0.6733,2.1743,0.5566,47.073,-10.732,159.573,1,21
-0.7852,2.1514,0.5845,44.146,-4.878,162.500,1,21
-0.9590,2.0742,0.5859,40.244,6.280,166.768,1,21
0.8857,0.1646,0.3267,-173.780,74.756,72.439,2,21
0.8940,0.1719,0.3262,-167.927,73.598,73.110,2,21
0.9043,0.1846,0.3252,-161.768,72.561,73.902,2,21
0.9121,0.1968,0.3359,-155.122,71.402,74.390,2,21
0.9116,0.2158,0.3511,-148.232,69.817,74.573,2,21
0.9233,0.2280,0.3457,-141.646,68.232,75.366,2,21
0.9360,0.2476,0.3550,-134.878,66.280,75.732,2,21
0.9434,0.2622,0.3511,-128.171,64.634,76.463,2,21
-1.6675,1.1016,0.3970,26.341,86.280,134.756,1,21
-1.6860,1.0308,0.3530,21.402,90.427,128.232,1,21
-1.6992,0.9658,0.3081,16.524,93.354,121.829,1,21
-1.6997,0.9185,0.2671,11.585,95.854,115.671,1,21
-1.6909,0.8901,0.2212,6.585,98.049,109.756,1,21
-1.6548,0.8604,0.1689,1.707,99.390,103.902,1,21
-1.6274,0.8467,0.1343,-2.439,100.854,98.354,1,21
-1.5669,0.8418,0.0732,-5.122,102.134,92.744,1,21
0.9438,0.2803,0.3569,-120.976,62.927,77.012,2,21
0.9717,0.3027,0.3477,-113.476,61.220,77.866,2,21
0.9702,0.3188,0.3550,-106.280,59.207,78.720,2,21
0.9863,0.3325,0.3594,-98.415,57.439,79.939,2,21
0.9897,0.3545,0.3486,-90.549,56.037,81.037,2,21
1.0044,0.3740,0.3433,-82.561,54.329,81.890,2,21
1.0176,0.3975,0.3394,-74.268,52.561,82.561,2,21
1.0317,0.4170,0.3354,-66.037,50.915,83.598,2,21
-1.5049,0.8389,0.0415,-6.707,103.902,87.134,1,21
-1.4551,0.8579,0.0059,-7.988,105.427,81.098,1,21
-1.3901,0.8848,-0.0273,-7.561,107.988,75.427,1,21
-1.3433,0.9170,-0.0469,-6.890,109.817,69.878,1,21
-1.2925,0.9468,-0.0801,-4.451,112.561,64.207,1,21
-1.2573,0.9844,-0.0942,-1.890,115.427,58.780,1,21
-1.2363,1.0156,-0.1021,0.000,117.561,52.439,1,21
-1.2183,1.0352,-0.1211,2.012,120.488,45.793,1,21
1.0317,0.4531,0.3247,-52.683,48.110,84.939,2,21
1.0317,0.4600,0.3271,-48.110,47.195,85.183,2,21
1.0474,0.4956,0.3149,-38.841,45.244,85.854,2,21
1.0620,0.5142,0.3203,-29.451,42.927,86.402,2,21
1.0674,0.5444,0.3164,-20.366,40.793,87.195,2,21
1.0752,0.5684,0.3086,-11.280,38.171,87.866,2,21
1.0854,0.5903,0.3022,-2.134,35.732,88.598,2,21
1.0854,0.6128,0.2964,6.829,33.110,89.390,2,21
-1.3276,0.9814,-0.2480,54.817,162.683,-10.732,1,21
-1.3145,0.9546,-0.2544,62.195,167.988,-17.988,1,21
-1.3008,0.9321,-0.2622,70.000,172.622,-24.817,1,21
-1.2798,0.9023,-0.2661,77.561,177.866,-32.134,1,21
-1.2461,0.8740,-0.2627,85.122,182.317,-39.817,1,21
-1.2178,0.8433,-0.2622,91.037,187.256,-46.829,1,21
-1.1826,0.8125,-0.2480,95.915,191.646,-54.451,1,21
-1.1353,0.7803,-0.2476,101.585,196.220,-61.463,1,21
-0.7314,0.6006,-0.1904,104.817,231.829,-125.061,1,21
-0.6875,0.5884,-0.1987,100.671,236.098,-131.098,1,21
-0.6592,0.5806,-0.1875,95.915,240.122,-136.890,1,21
-0.6201,0.5801,-0.2090,90.549,244.085,-142.927,1,21
-0.5884,0.5771,-0.1919,84.512,247.439,-148.780,1,21
-0.5522,0.5801,-0.2012,77.683,250.427,-154.817,1,21
-0.5127,0.5840,-0.1997,69.695,253.476,-160.610,1,21
-0.4756,0.5942,-0.2007,62.134,256.037,-166.646,1,21
-0.1919,0.7505,-0.2886,-8.354,273.537,-213.598,1,21
-0.1719,0.7866,-0.2910,-13.902,275.183,-217.561,1,21
-0.1528,0.8276,-0.3003,-19.085,276.707,-221.280,1,21
-0.1323,0.8633,-0.2954,-24.512,278.537,-224.512,1,21
-0.1001,0.9053,-0.3032,-28.354,280.854,-227.561,1,21
-0.0806,0.9443,-0.3101,-31.159,283.902,-230.122,1,21
-0.0522,0.9854,-0.3252,-33.841,286.463,-231.768,1,21
-0.0298,1.0332,-0.3306,-34.451,288.963,-233.293,1,21
0.1899,1.3799,-0.3838,-21.341,346.280,-233.780,1,21
0.2261,1.3960,-0.3999,-20.793,359.451,-230.732,1,21
0.2612,1.4160,-0.4121,-19.573,374.939,-229.390,1,21
0.2798,1.4214,-0.4155,-17.012,391.037,-228.537,1,21
0.2983,1.4360,-0.3901,-14.024,405.061,-227.866,1,21
0.3208,1.4424,-0.3638,-9.329,416.707,-227.256,1,21
0.3516,1.4717,-0.3301,-4.512,424.573,-227.927,1,21
0.3901,1.5010,-0.2778,-0.305,430.183,-228.598,1,21
1.2500,0.4741,0.3496,-45.671,305.183,-29.390,1,21
1.2598,0.4072,0.3496,-48.293,299.939,-25.610,1,21
1.2803,0.3394,0.3608,-50.671,293.720,-22.317,1,21
1.2959,0.2651,0.3501,-51.159,287.195,-19.207,1,21
1.2998,0.2134,0.3345,-49.939,280.061,-16.768,1,21
1.3125,0.1602,0.3242,-47.073,273.171,-14.939,1,21
1.3057,0.1211,0.3140,-43.963,266.159,-13.963,1,21
1.2964,0.1045,0.2949,-40.366,259.512,-14.085,1,21
1.1865,0.7559,-0.1885,0.305,226.463,-32.195,1,21
1.1821,0.8428,-0.2266,7.500,226.768,-31.463,1,21
1.1792,0.9297,-0.2612,16.890,227.195,-29.329,1,21
1.1826,1.0034,-0.2915,29.390,226.463,-25.915,1,21
1.1963,1.0659,-0.3223,42.805,225.244,-21.159,1,21
1.2012,1.1221,-0.3525,58.415,222.073,-16.037,1,21
1.2227,1.1592,-0.3882,75.671,217.805,-10.244,1,21
1.2397,1.1772,-0.4297,93.720,212.256,-3.841,1,21
0.9780,0.6113,-0.9146,238.232,193.598,21.402,1,21
0.9619,0.5522,-0.8896,243.232,195.732,19.024,1,21
0.9292,0.4277,-0.8384,250.183,198.537,12.927,1,21
0.9375,0.3145,-0.8022,255.366,198.049,6.220,1,21
0.9546,0.1514,-0.7314,266.098,188.598,-4.207,1,21
0.9927,0.0757,-0.6802,273.293,177.439,-11.585,1,21
1.0283,0.0186,-0.6348,278.780,165.000,-18.720,1,21
1.0664,-0.0229,-0.6157,283.171,150.976,-25.610,1,21
1.1064,-0.0439,-0.6011,286.890,137.256,-32.378,1,21
1.1230,-0.0474,-0.5864,288.963,124.085,-38.780,1,21
1.1343,-0.0474,-0.5693,289.939,112.317,-45.183,1,21
1.1460,-0.0361,-0.5527,289.756,102.378,-51.402,1,21
1.1475,-0.0225,-0.5278,288.476,93.841,-56.829,1,21
1.1509,0.0000,-0.4912,285.854,86.463,-61.585,1,21
1.1421,0.0249,-0.4590,282.439,80.244,-66.341,1,21
1.1382,0.0420,-0.4326,278.476,74.634,-70.061,1,21
0.4136,-0.7861,-0.0156,91.585,-66.707,-76.890,2,21
0.4258,-0.7983,-0.0176,92.134,-65.488,-76.768,2,21
0.4424,-0.8076,-0.0259,94.085,-62.683,-76.098,2,21
0.4634,-0.8281,-0.0229,95.122,-60.427,-75.854,2,21
0.4761,-0.8486,-0.0327,95.671,-58.049,-75.122,2,21
0.5098,-0.8765,-0.0425,95.488,-54.817,-74.695,2,21
0.5171,-0.8940,-0.0522,94.939,-53.171,-74.024,2,21
0.5352,-0.9092,-0.0562,93.780,-51.768,-73.537,2,21
1.1387,0.0718,-0.3809,273.902,69.573,-73.659,1,21
1.1279,0.0942,-0.3467,268.537,65.305,-76.768,1,21
1.1157,0.1245,-0.3457,263.476,61.829,-80.122,1,21
1.0913,0.1582,-0.3208,258.537,57.927,-83.476,1,21
1.0679,0.2041,-0.2881,254.695,54.207,-87.378,1,21
1.0474,0.2461,-0.2593,249.573,50.244,-92.012,1,21
1.0215,0.3091,-0.2222,242.988,46.341,-96.707,1,21
0.9932,0.3545,-0.2012,235.366,43.354,-102.012,1,21
0.9692,0.4180,-0.1821,226.402,40.793,-107.500,1,21
0.9463,0.4780,-0.1787,215.549,39.329,-111.707,1,21
0.9263,0.5674,-0.1738,203.415,40.122,-114.756,1,21
0.9141,0.6563,-0.1821,187.927,42.561,-113.293,1,21
0.9229,0.6875,-0.1855,174.024,48.476,-112.927,1,21
0.9209,0.7197,-0.1704,161.220,55.488,-114.512,1,21
0.9351,0.7510,-0.1577,149.573,62.988,-116.951,1,21
0.9541,0.7925,-0.1245,137.805,70.183,-119.817,1,21
1.1509,0.1772,0.2339,101.098,20.610,59.573,1,21
1.1406,0.0908,0.2363,90.549,17.805,54.390,1,21
1.1357,0.0205,0.2295,79.024,16.159,48.415,1,21
1.1104,-0.0483,0.2192,66.646,14.817,41.768,1,21
1.0884,-0.1094,0.1855,53.902,13.293,34.878,1,21
1.0654,-0.1509,0.1558,40.610,11.768,28.415,1,21
1.0342,-0.1870,0.1323,28.659,10.549,22.012,1,21
0.9956,-0.2100,0.0708,16.707,8.476,15.671,1,21
0.7061,-0.1445,-0.2324,-60.732,10.549,-22.561,1,21
0.6895,-0.1475,-0.2534,-63.720,12.439,-24.939,1,21
0.6748,-0.1514,-0.2681,-65.427,13.720,-27.073,1,21
0.6670,-0.1484,-0.2891,-65.366,14.451,-28.963,1,21
0.6475,-0.1621,-0.2944,-64.634,15.000,-30.793,1,21
0.6318,-0.1694,-0.3076,-63.537,13.963,-32.500,1,21
0.6265,-0.1792,-0.3198,-62.378,13.476,-34.207,1,21
0.6079,-0.1924,-0.3193,-61.037,11.890,-35.915,1,21
0.6011,-0.2119,-0.3428,-59.634,10.732,-37.561,1,21
0.5957,-0.2188,-0.3540,-57.744,9.451,-39.268,1,21
0.5864,-0.2305,-0.3569,-56.037,8.476,-41.037,1,21
0.5815,-0.2515,-0.3818,-54.329,7.744,-42.561,1,21
0.5859,-0.2549,-0.3833,-52.012,7.927,-44.573,1,21
0.5815,-0.2661,-0.3965,-50.061,8.659,-45.915,1,21
0.5723,-0.2744,-0.3989,-48.293,10.366,-47.622,1,21
0.5728,-0.2803,-0.4023,-48.049,11.890,-49.024,1,21
0.5557,-0.4336,-0.6548,33.171,-64.878,-71.341,2,21
0.5405,-0.4219,-0.6597,30.610,-65.244,-70.305,2,21
0.5225,-0.4077,-0.6538,27.500,-65.061,-69.512,2,21
0.5146,-0.3916,-0.6543,24.451,-65.793,-68.171,2,21
0.5083,-0.3804,-0.6592,21.707,-65.671,-67.195,2,21
0.4932,-0.3682,-0.6685,18.841,-65.793,-66.341,2,21
0.4868,-0.3550,-0.6670,15.915,-65.366,-65.732,2,21
0.4858,-0.3340,-0.6646,13.110,-65.061,-65.000,2,21
0.5679,-0.2905,-0.3887,-47.561,14.878,-51.220,1,21
0.5640,-0.3115,-0.3921,-47.866,17.744,-52.805,1,21
0.5688,-0.3262,-0.3970,-47.195,20.915,-54.695,1,21
0.5645,-0.3481,-0.3926,-45.427,24.024,-57.378,1,21
0.5625,-0.3574,-0.4053,-43.110,27.256,-60.000,1,21
0.5625,-0.3599,-0.3896,-40.366,30.610,-63.963,1,21
0.5537,-0.3696,-0.3955,-37.805,33.598,-68.293,1,21
0.5581,-0.3647,-0.3975,-35.183,36.463,-73.049,1,21
0.4868,-0.3242,-0.6694,10.244,-64.817,-63.963,2,21
0.4756,-0.3066,-0.6729,7.561,-64.268,-63.232,2,21
0.4751,-0.2930,-0.6719,4.695,-63.537,-62.439,2,21
0.4766,-0.2905,-0.6758,2.073,-62.805,-61.524,2,21
0.4751,-0.2803,-0.6826,-0.549,-62.012,-60.488,2,21
0.4727,-0.2642,-0.6792,-3.232,-61.098,-59.390,2,21
0.4727,-0.2651,-0.6855,-5.061,-59.756,-58.354,2,21
0.4727,-0.2588,-0.6826,-7.439,-58.415,-56.951,2,21
0.5610,-0.3604,-0.3926,-31.463,39.268,-78.232,1,21
0.5635,-0.3525,-0.4038,-28.110,41.220,-83.841,1,21
0.5610,-0.3525,-0.4019,-23.902,43.415,-89.146,1,21
0.5605,-0.3462,-0.4097,-19.634,45.305,-94.573,1,21
0.5640,-0.3433,-0.4165,-14.573,46.707,-99.573,1,21
0.5645,-0.3433,-0.4126,-9.268,48.415,-104.512,1,21
0.5586,-0.3364,-0.4106,-3.537,49.329,-109.024,1,21
0.5664,-0.3320,-0.4126,2.134,50.427,-113.659,1,21
0.4648,-0.1958,-0.2988,41.220,54.817,-150.732,1,21
0.4482,-0.1782,-0.2607,43.537,55.671,-153.963,1,21
0.4404,-0.1606,-0.2427,45.061,56.402,-156.159,1,21
0.4214,-0.1401,-0.2207,46.220,57.622,-158.902,1,21
0.4209,-0.1221,-0.1895,47.561,58.293,-160.549,1,21
0.4160,-0.1021,-0.1533,48.110,59.939,-162.073,1,21
0.4194,-0.0928,-0.1201,48.415,61.768,-162.744,1,21
0.4160,-0.0898,-0.0918,48.293,63.232,-163.171,1,21
0.5283,-0.3501,-0.6563,-32.317,-33.902,-30.854,2,21
0.5425,-0.3613,-0.6616,-32.866,-32.500,-28.659,2,21
0.5391,-0.3779,-0.6636,-33.415,-31.037,-26.768,2,21
0.5352,-0.3892,-0.6616,-34.146,-29.573,-25.000,2,21
0.5376,-0.4014,-0.6719,-34.817,-28.354,-22.744,2,21
0.5410,-0.4219,-0.6753,-35.488,-27.012,-21.098,2,21
0.5415,-0.4385,-0.6738,-36.341,-25.549,-19.085,2,21
0.5327,-0.4590,-0.6792,-36.463,-24.024,-17.622,2,21
0.4272,-0.0830,-0.0742,49.390,65.427,-162.866,1,21
0.4370,-0.0679,-0.0508,51.098,67.256,-161.707,1,21
0.4624,-0.0366,-0.0259,53.171,70.061,-160.244,1,21
0.4858,-0.0034,0.0054,54.268,73.354,-158.780,1,21
0.5117,0.0493,0.0215,55.732,76.890,-156.707,1,21
0.5405,0.1187,0.0527,56.280,81.341,-154.817,1,21
0.5596,0.1860,0.0894,56.890,86.220,-152.805,1,21
0.5811,0.2686,0.1201,57.073,91.707,-150.488,1,21
0.5308,-0.4897,-0.6768,-36.829,-21.768,-15.183,2,21
0.5361,-0.5000,-0.6694,-36.524,-21.098,-14.390,2,21
0.5171,-0.5220,-0.6689,-36.646,-19.329,-12.988,2,21
0.5215,-0.5439,-0.6729,-36.280,-17.866,-11.646,2,21
0.5205,-0.5732,-0.6841,-35.854,-16.280,-10.854,2,21
0.5186,-0.5884,-0.6831,-36.037,-14.573,-10.061,2,21
0.5156,-0.6206,-0.6909,-35.976,-12.927,-9.573,2,21
0.5161,-0.6523,-0.6929,-35.427,-11.220,-9.390,2,21
0.6152,0.3462,0.1411,57.256,96.280,-147.805,1,21
0.6250,0.4282,0.1470,58.841,99.817,-144.817,1,21
0.6479,0.5151,0.1494,61.707,102.012,-141.707,1,21
0.6704,0.6108,0.1328,65.549,102.927,-138.476,1,21
0.6909,0.7168,0.1382,69.268,102.561,-135.183,1,21
0.7046,0.8159,0.1372,72.622,101.159,-131.951,1,21
0.7085,0.9141,0.1387,75.427,98.963,-127.927,1,21
0.7188,0.9985,0.1401,78.110,95.671,-123.841,1,21
0.5962,-0.8911,-0.6885,-26.768,0.000,-16.220,2,21
0.5977,-0.8984,-0.6851,-26.220,0.488,-16.829,2,21
0.6030,-0.9233,-0.6885,-25.488,1.402,-17.805,2,21
0.5981,-0.9419,-0.6885,-25.122,1.951,-19.146,2,21
0.6128,-0.9585,-0.6880,-25.244,2.317,-19.756,2,21
0.6069,-0.9795,-0.6904,-24.756,2.744,-20.610,2,21
0.6035,-0.9961,-0.6851,-24.695,2.988,-21.098,2,21
0.6060,-1.0103,-0.6787,-24.024,3.171,-21.463,2,21
0.8535,1.3877,-0.0967,121.829,75.122,-68.232,1,21
0.8789,1.3701,-0.1118,122.805,75.183,-61.037,1,21
0.9121,1.3486,-0.1196,123.049,75.366,-54.451,1,21
0.9473,1.3242,-0.1240,122.500,75.671,-47.561,1,21
0.9907,1.3101,-0.1128,121.768,75.793,-40.549,1,21
1.0293,1.2959,-0.1035,119.329,75.488,-33.720,1,21
1.0713,1.2769,-0.0869,115.671,75.122,-26.463,1,21
1.1162,1.2578,-0.0737,111.890,74.024,-19.634,1,21
1.1626,1.2407,-0.0479,106.402,72.195,-12.744,1,21
1.2129,1.2119,-0.0342,99.878,70.061,-5.427,1,21
1.2646,1.1772,-0.0210,92.500,67.622,1.890,1,21
1.3320,1.1357,-0.0127,84.817,64.512,9.817,1,21
1.4058,1.0879,-0.0034,75.610,61.098,17.988,1,21
1.4985,1.0298,-0.0117,65.488,57.195,26.585,1,21
1.5962,0.9634,-0.0117,54.695,52.439,35.732,1,21
1.7090,0.8994,-0.0210,42.500,47.317,44.634,1,21
0.4561,-1.1245,-0.6733,-27.988,1.585,-21.524,2,21
0.4390,-1.1240,-0.6655,-28.598,0.915,-21.159,2,21
0.4092,-1.1362,-0.6567,-29.695,0.732,-20.549,2,21
0.3906,-1.1440,-0.6680,-31.341,0.549,-20.000,2,21
0.3696,-1.1572,-0.6812,-32.805,-0.122,-19.085,2,21
0.3345,-1.1631,-0.6904,-35.000,-0.183,-18.841,2,21
0.3066,-1.1685,-0.7031,-37.195,-0.366,-17.866,2,21
0.2842,-1.1772,-0.7075,-39.817,-0.305,-17.134,2,21
1.8145,0.8301,-0.0127,29.085,42.073,53.598,1,21
1.9443,0.7437,-0.0283,15.366,34.939,61.585,1,21
2.0728,0.6538,-0.0449,1.646,27.012,69.085,1,21
2.1982,0.5630,-0.0518,-11.463,17.805,75.305,1,21
2.3052,0.4751,-0.0596,-24.512,7.683,79.085,1,21
2.4092,0.3936,-0.0601,-37.927,-3.720,80.671,1,21
2.4980,0.3208,-0.0977,-51.646,-16.585,79.146,1,21
2.5742,0.2622,-0.1328,-63.598,-29.634,75.427,1,21
0.2446,-1.1826,-0.7134,-41.951,-0.061,-16.037,2,21
0.2183,-1.1870,-0.7153,-44.390,0.732,-14.878,2,21
0.1909,-1.1851,-0.7173,-46.220,1.280,-13.537,2,21
0.1479,-1.1875,-0.7109,-48.171,1.951,-12.378,2,21
0.1177,-1.1870,-0.7148,-50.549,3.110,-11.098,2,21
0.0815,-1.1802,-0.7065,-52.805,4.512,-9.390,2,21
0.0522,-1.1719,-0.6948,-54.573,5.854,-7.866,2,21
0.0171,-1.1606,-0.6997,-56.463,7.988,-6.280,2,21
3.5337,1.0806,-0.7188,-101.646,-191.463,87.073,1,21
3.5122,1.1660,-0.7368,-90.549,-203.232,87.866,1,21
3.4839,1.2520,-0.7397,-79.756,-213.659,89.878,1,21
3.4395,1.3472,-0.7173,-68.841,-223.963,93.293,1,21
3.4141,1.4185,-0.6924,-56.646,-234.939,99.146,1,21
3.3853,1.4839,-0.6514,-42.561,-246.707,106.463,1,21
3.3618,1.5283,-0.6084,-27.988,-258.963,116.037,1,21
3.3364,1.5635,-0.5454,-14.146,-272.012,126.890,1,21
3.0161,1.1904,0.4131,72.134,-372.439,246.890,1,21
2.9634,1.1357,0.5396,73.049,-383.963,258.720,1,21
2.9043,1.0811,0.6563,72.866,-395.549,270.610,1,21
2.8374,1.0420,0.7705,72.317,-406.951,281.951,1,21
2.7676,1.0410,0.8735,71.463,-416.951,292.866,1,21
2.7021,1.0439,0.9883,70.244,-426.280,303.293,1,21
2.6240,1.0669,1.1025,68.598,-434.878,312.622,1,21
2.5454,1.1099,1.2104,66.768,-442.744,321.951,1,21
-0.0024,2.8506,2.1040,123.902,-634.695,565.366,1,21
-0.0874,2.8887,2.0234,113.110,-637.988,578.720,1,21
-0.1646,2.9194,1.9258,101.829,-642.195,591.585,1,21
-0.2495,2.9824,1.7588,88.963,-644.329,602.927,1,21
-0.4072,3.0942,1.5488,70.854,-632.744,618.841,1,21
-0.5820,3.0933,1.4258,53.049,-616.463,634.756,1,21
-0.7383,3.0747,1.2734,37.256,-599.024,646.463,1,21
-0.8745,3.0605,1.1138,22.195,-581.220,655.000,1,21
1.2969,-1.2988,0.5293,-310.549,155.061,156.159,2,21
1.2974,-1.3130,0.5591,-309.146,154.146,157.439,2,21
1.2944,-1.3291,0.5889,-307.927,153.232,157.561,2,21
1.2935,-1.3413,0.6274,-307.073,152.195,157.927,2,21
1.2881,-1.3540,0.6602,-305.671,150.976,157.622,2,21
1.2944,-1.3691,0.6963,-305.183,149.634,156.829,2,21
1.2954,-1.3823,0.7368,-304.085,148.049,156.159,2,21
1.2993,-1.4038,0.7534,-302.927,146.768,155.366,2,21
-0.9956,3.0171,0.9482,6.585,-561.768,661.098,1,21
-1.0977,2.9189,0.8140,-7.927,-542.378,665.366,1,21
-1.1294,2.8027,0.6797,-18.171,-526.585,666.829,1,21
-1.1006,2.6929,0.6206,-25.854,-517.744,665.488,1,21
-1.0313,2.5903,0.5913,-33.110,-515.244,662.195,1,21
-0.9492,2.5000,0.5425,-42.378,-516.829,658.049,1,21
-0.9072,2.4097,0.4673,-53.537,-518.537,654.390,1,21
-0.8872,2.3325,0.3486,-64.939,-519.756,652.317,1,21
1.3086,-1.4189,0.7793,-301.463,145.610,154.329,2,21
1.3154,-1.4448,0.7974,-299.756,144.451,152.805,2,21
1.3223,-1.4604,0.8110,-298.293,142.866,151.220,2,21
1.3379,-1.4717,0.8296,-296.768,141.768,148.963,2,21
1.3384,-1.4810,0.8530,-295.427,140.122,146.341,2,21
1.3496,-1.4814,0.8643,-293.780,138.171,143.476,2,21
1.3501,-1.4844,0.8901,-292.683,136.585,140.305,2,21
1.3540,-1.4814,0.9014,-291.220,135.183,136.524,2,21
1.3530,-1.4702,0.9131,-289.512,133.049,133.171,2,21
1.3535,-1.4556,0.9121,-288.415,131.768,129.329,2,21
1.3501,-1.4404,0.9238,-287.012,129.695,125.915,2,21
1.3501,-1.4204,0.9355,-285.427,128.720,122.073,2,21
1.3384,-1.4009,0.9199,-284.390,127.012,118.598,2,21
1.3438,-1.3789,0.9155,-282.988,125.671,114.695,2,21
1.3320,-1.3501,0.9028,-281.220,124.268,111.037,2,21
1.3149,-1.3291,0.8921,-279.451,122.683,107.317,2,21
-1.5024,1.6597,-0.7988,-86.890,-460.915,622.073,1,21
-1.6157,1.5190,-0.9692,-80.488,-442.561,617.195,1,21
-1.7310,1.3516,-1.2495,-73.415,-420.305,612.744,1,21
-1.7891,1.1445,-1.5322,-65.549,-399.512,605.610,1,21
-1.7720,0.8945,-1.7866,-57.012,-381.524,593.902,1,21
-1.6860,0.6396,-2.0088,-47.561,-365.488,576.951,1,21
-1.5225,0.3906,-2.1963,-36.585,-351.037,557.500,1,21
-1.2905,0.1821,-2.3242,-23.354,-336.890,535.915,1,21
-0.9990,0.0396,-2.4370,-6.037,-324.512,515.610,1,21
-0.6978,-0.0127,-2.4688,12.073,-310.671,497.500,1,21
-0.3955,-0.0093,-2.4229,29.817,-294.451,482.866,1,21
-0.0815,0.0776,-2.3931,50.671,-280.061,473.537,1,21
0.2124,0.2407,-2.3340,74.207,-267.256,467.866,1,21
0.4575,0.3765,-2.2319,93.659,-249.878,463.110,1,21
0.6118,0.4575,-2.1284,113.598,-229.024,460.122,1,21
0.7056,0.4917,-2.0054,136.463,-207.195,458.110,1,21
-1.1963,1.9663,0.3379,44.939,128.171,71.098,1,21
-1.2593,1.8770,0.2974,35.244,137.805,76.463,1,21
-1.3101,1.7891,0.2578,27.683,145.366,81.159,1,21
-1.3472,1.6968,0.2285,21.159,150.793,85.610,1,21
-1.3672,1.5918,0.1924,15.366,154.695,89.146,1,21
-1.3989,1.4937,0.1597,9.573,156.707,90.976,1,21
-1.4023,1.3848,0.1240,2.256,157.073,91.646,1,21
-1.3999,1.2954,0.0840,-5.610,155.305,91.159,1,21
0.9600,0.3013,0.2100,-51.951,53.476,36.037,2,21
1.0073,0.3232,0.2065,-46.890,52.805,37.317,2,21
1.0410,0.3423,0.1953,-41.463,52.317,39.024,2,21
1.0825,0.3574,0.1982,-36.341,52.073,41.402,2,21
1.1133,0.3755,0.1870,-30.671,51.829,43.720,2,21
1.1597,0.3887,0.1851,-25.671,51.524,46.037,2,21
1.1831,0.4058,0.1729,-20.244,50.732,48.720,2,21
1.2163,0.4219,0.1548,-15.183,49.695,51.402,2,21
-1.3901,1.2188,0.0273,-14.268,152.134,89.695,1,21
-1.3560,1.1528,-0.0205,-23.110,147.256,87.988,1,21
-1.3081,1.1406,-0.0776,-32.012,141.220,85.854,1,21
-1.2480,1.1523,-0.1343,-39.573,134.329,83.415,1,21
-1.1904,1.1768,-0.1919,-46.402,128.720,81.159,1,21
-1.1187,1.2119,-0.2559,-51.768,123.537,78.720,1,21
-1.0532,1.2451,-0.3101,-55.427,119.634,76.280,1,21
-0.9995,1.2852,-0.3652,-56.524,116.402,73.963,1,21
-0.5757,0.1016,-0.6748,-43.415,139.268,-129.512,1,21
-0.5767,0.0796,-0.6831,-47.317,141.524,-137.744,1,21
-0.5796,0.0444,-0.6846,-51.037,143.720,-145.793,1,21
-0.5679,0.0264,-0.6846,-54.939,145.732,-154.573,1,21
-0.5625,0.0176,-0.6846,-58.476,147.195,-163.841,1,21
-0.5449,0.0088,-0.6929,-62.012,147.622,-172.988,1,21
-0.5205,0.0078,-0.6860,-66.098,148.902,-181.951,1,21
-0.4976,0.0239,-0.6875,-70.122,149.756,-190.854,1,21
-0.2334,0.2876,-0.8618,-99.634,157.012,-255.793,1,21
-0.2061,0.3223,-0.8657,-99.756,158.415,-261.280,1,21
-0.1807,0.3545,-0.8833,-99.207,159.939,-266.707,1,21
-0.1670,0.3887,-0.8960,-98.354,161.098,-272.195,1,21
-0.1455,0.4272,-0.9092,-96.951,162.622,-277.195,1,21
-0.1240,0.4722,-0.9233,-95.793,163.841,-282.561,1,21
-0.1074,0.5049,-0.9136,-94.756,165.366,-287.439,1,21
-0.0928,0.5439,-0.9277,-94.268,166.951,-292.134,1,21
0.0903,1.1094,-0.8730,-98.963,234.207,-331.646,1,21
0.1074,1.1382,-0.8657,-97.805,240.488,-331.524,1,21
0.1226,1.1777,-0.8638,-95.671,246.890,-331.098,1,21
0.1289,1.2192,-0.8613,-93.780,253.476,-330.427,1,21
0.1445,1.2607,-0.8535,-91.585,260.305,-329.573,1,21
0.1558,1.2920,-0.8428,-88.659,267.195,-328.232,1,21
0.1724,1.3350,-0.8481,-84.756,273.963,-327.378,1,21
0.1865,1.3657,-0.8330,-80.427,280.671,-326.037,1,21
0.5459,1.9834,-0.5293,-3.415,381.037,-288.110,1,21
0.5610,2.0034,-0.5171,-2.866,382.500,-285.366,1,21
0.5815,2.0264,-0.4946,-2.500,386.037,-279.939,1,21
0.5928,2.0869,-0.4658,-2.317,390.122,-274.451,1,21
0.6069,2.1431,-0.4580,-6.890,395.427,-262.378,1,21
0.6060,2.0776,-0.4160,-5.366,400.915,-254.756,1,21
0.5991,2.0366,-0.3765,-0.732,403.841,-251.402,1,21
0.6250,2.0088,-0.3159,6.159,403.476,-249.268,1,21
0.8398,2.1060,0.1011,39.207,411.890,-202.317,1,21
0.8506,2.1152,0.1616,47.988,411.890,-194.085,1,21
0.8779,2.1113,0.2217,56.951,411.159,-185.488,1,21
0.9077,2.1104,0.2656,67.134,409.939,-176.951,1,21
0.9365,2.1055,0.3232,77.439,408.232,-168.476,1,21
0.9639,2.1035,0.3784,88.780,406.037,-159.146,1,21
0.9966,2.0806,0.4346,100.488,403.659,-150.061,1,21
1.0430,2.0474,0.4644,111.524,400.610,-140.671,1,21
1.2988,1.4194,0.5298,189.634,343.598,-62.866,1,21
1.3169,1.3267,0.4951,194.268,335.427,-56.341,1,21
1.3237,1.2275,0.4648,197.988,327.256,-50.061,1,21
1.3350,1.1372,0.4277,200.854,318.963,-44.512,1,21
1.3428,1.0376,0.4004,203.232,311.341,-39.756,1,21
1.3457,0.9438,0.3857,204.329,304.390,-35.305,1,21
1.3516,0.8530,0.3633,205.000,297.927,-32.561,1,21
1.3545,0.7515,0.3438,205.854,291.098,-29.695,1,21
0.8257,-1.2471,0.3403,150.732,-201.220,-36.646,2,21
0.8159,-1.2510,0.3472,150.610,-202.927,-38.232,2,21
0.8154,-1.2515,0.3438,150.122,-203.780,-39.207,2,21
0.8081,-1.2583,0.3359,149.878,-204.939,-41.341,2,21
0.7979,-1.2671,0.3374,149.085,-206.463,-42.866,2,21
0.7764,-1.2764,0.3364,147.561,-208.171,-45.915,2,21
0.7710,-1.2729,0.3257,146.341,-209.329,-47.927,2,21
0.7686,-1.2764,0.3423,144.939,-210.305,-49.817,2,21
1.3413,0.6655,0.3066,206.341,285.732,-26.951,1,21
1.3296,0.5879,0.2803,206.707,280.305,-24.817,1,21
1.3330,0.5005,0.2544,207.073,275.061,-22.927,1,21
1.3315,0.4253,0.2368,207.744,269.573,-21.890,1,21
1.3311,0.3662,0.2188,208.659,263.293,-21.585,1,21
1.3350,0.3018,0.1851,209.756,256.829,-21.890,1,21
1.3345,0.2451,0.1606,210.732,249.146,-22.256,1,21
1.3354,0.1968,0.1353,211.463,240.915,-22.866,1,21
0.7573,-1.2817,0.3320,143.171,-211.402,-51.585,2,21
0.7505,-1.2876,0.3340,141.585,-212.256,-53.537,2,21
0.7334,-1.2876,0.3257,139.329,-213.293,-55.305,2,21
0.7285,-1.2773,0.3188,137.256,-213.963,-57.134,2,21
0.7236,-1.2764,0.3213,134.573,-214.329,-58.659,2,21
0.7100,-1.2798,0.3218,131.951,-214.939,-60.854,2,21
0.7070,-1.2690,0.3149,129.451,-215.305,-62.622,2,21
0.6958,-1.2720,0.3257,126.280,-215.915,-64.878,2,21
1.3218,0.1558,0.1089,212.561,232.744,-23.476,1,21
1.3018,0.1201,0.0830,213.841,224.390,-24.512,1,21
1.2881,0.0938,0.0571,215.549,216.037,-25.244,1,21
1.2671,0.0625,0.0352,217.988,207.927,-25.671,1,21
1.2495,0.0400,0.0176,220.549,200.000,-27.073,1,21
1.2354,0.0200,-0.0171,223.902,192.134,-27.927,1,21
1.2065,0.0029,-0.0342,227.866,184.207,-28.841,1,21
1.1934,-0.0098,-0.0479,232.195,176.402,-30.000,1,21
0.6938,-1.2588,0.3091,122.866,-216.159,-66.463,2,21
0.6860,-1.2539,0.3105,119.756,-216.463,-68.598,2,21
0.6782,-1.2451,0.3076,116.402,-216.646,-70.488,2,21
0.6699,-1.2407,0.3101,113.232,-216.829,-72.561,2,21
0.6665,-1.2280,0.3091,110.000,-216.829,-74.390,2,21
0.6572,-1.2183,0.3086,106.768,-216.463,-76.402,2,21
0.6470,-1.2075,0.3032,103.354,-216.707,-78.659,2,21
0.6392,-1.1987,0.2998,99.817,-216.585,-80.549,2,21
0.8730,0.7407,-0.0181,7.744,33.780,-140.793,1,21
0.8789,0.7539,0.0151,14.817,34.329,-136.524,1,21
0.8770,0.7861,0.0488,23.537,35.488,-132.378,1,21
0.8730,0.8203,0.0806,33.415,35.976,-127.256,1,21
0.8770,0.8721,0.0991,43.659,36.585,-122.378,1,21
0.8799,0.9253,0.1221,54.512,36.646,-117.317,1,21
0.8813,0.9814,0.1211,66.951,36.280,-112.073,1,21
0.8882,1.0522,0.1055,79.817,35.305,-106.341,1,21
1.0391,-0.2368,-0.0713,86.585,29.878,54.878,1,21
1.0542,-0.3179,-0.0923,73.780,27.988,51.524,1,21
1.0669,-0.3765,-0.0986,61.037,26.646,47.561,1,21
1.0698,-0.4355,-0.1187,46.341,25.366,43.232,1,21
1.0698,-0.4810,-0.1196,30.793,24.268,38.171,1,21
1.0776,-0.5161,-0.1353,14.939,23.780,32.561,1,21
1.0620,-0.5449,-0.1436,-1.707,23.476,26.341,1,21
1.0508,-0.5566,-0.1621,-18.963,23.415,20.061,1,21
1.0298,-0.5713,-0.1641,-35.610,23.415,13.415,1,21
1.0083,-0.5708,-0.1758,-51.707,23.598,7.012,1,21
0.9824,-0.5654,-0.1934,-67.378,23.720,-0.122,1,21
0.9521,-0.5557,-0.1831,-82.134,23.902,-6.524,1,21
0.9292,-0.5352,-0.1987,-95.793,23.841,-13.232,1,21
0.9019,-0.5117,-0.2046,-108.598,24.390,-19.207,1,21
0.8799,-0.4878,-0.2041,-120.305,25.122,-25.244,1,21
0.8604,-0.4673,-0.2178,-130.183,25.915,-30.244,1,21
0.5396,-0.2622,-0.4600,-24.512,98.902,-166.037,1,21
0.5366,-0.2505,-0.4385,-23.902,100.915,-167.988,1,21
0.5293,-0.2417,-0.4058,-23.110,104.512,-170.793,1,21
0.5229,-0.2251,-0.3608,-22.195,109.451,-174.634,1,21
0.5181,-0.2163,-0.3267,-21.220,112.683,-176.951,1,21
0.5107,-0.2031,-0.2993,-20.244,114.756,-178.537,1,21
0.5146,-0.1978,-0.2739,-18.902,116.829,-180.183,1,21
0.5161,-0.1816,-0.2485,-17.195,118.110,-181.768,1,21
0.3208,-1.7310,-0.8877,30.549,-122.622,-0.244,2,21
0.3281,-1.7505,-0.8682,21.037,-121.159,-4.756,2,21
0.3340,-1.7637,-0.8530,12.134,-119.390,-9.756,2,21
0.3384,-1.7720,-0.8276,2.195,-117.805,-14.756,2,21
0.3438,-1.7729,-0.8188,-7.805,-115.610,-19.695,2,21
0.3481,-1.7778,-0.8120,-17.866,-113.598,-24.939,2,21
0.3589,-1.7783,-0.8101,-28.171,-112.073,-30.183,2,21
0.3618,-1.7734,-0.8086,-38.720,-110.366,-34.939,2,21
0.5747,-0.0171,-0.0518,-5.061,123.963,-188.232,1,21
0.5874,0.0215,-0.0444,-2.622,124.634,-187.866,1,21
0.5928,0.0718,-0.0210,-0.183,124.268,-187.561,1,21
0.5986,0.1284,0.0225,1.220,125.305,-186.951,1,21
0.6016,0.1875,0.0596,1.829,125.793,-186.220,1,21
0.6094,0.2495,0.0952,1.707,126.707,-185.061,1,21
0.6040,0.3018,0.1265,2.012,127.012,-183.354,1,21
0.6147,0.3545,0.1372,3.110,126.402,-181.524,1,21
0.3599,-1.7725,-0.8203,-48.598,-108.780,-39.695,2,21
0.3706,-1.7666,-0.8423,-58.049,-106.890,-44.207,2,21
0.3711,-1.7573,-0.8613,-66.890,-105.000,-48.476,2,21
0.3652,-1.7461,-0.8662,-74.756,-103.171,-52.256,2,21
0.3735,-1.7319,-0.8882,-82.317,-101.341,-56.341,2,21
0.3774,-1.7178,-0.9209,-89.268,-98.963,-59.817,2,21
0.3784,-1.6934,-0.9556,-96.220,-96.524,-63.049,2,21
0.3818,-1.6670,-0.9854,-102.561,-93.537,-66.220,2,21
0.6177,0.4189,0.1465,5.915,125.610,-178.720,1,21
0.6216,0.4819,0.1567,9.390,124.207,-176.037,1,21
0.6289,0.5610,0.1729,11.402,122.683,-172.988,1,21
0.6392,0.6304,0.1821,13.902,121.646,-169.451,1,21
0.6567,0.6953,0.1567,15.732,119.878,-165.671,1,21
0.6714,0.7627,0.1387,18.841,118.232,-161.280,1,21
0.6846,0.8306,0.1191,21.220,116.524,-156.463,1,21
0.7046,0.8931,0.0981,23.476,115.061,-150.854,1,21
0.3813,-1.6372,-1.0093,-108.415,-90.549,-69.329,2,21
0.3765,-1.6089,-1.0425,-113.598,-86.951,-71.829,2,21
0.3779,-1.5732,-1.0688,-118.659,-83.537,-74.207,2,21
0.3696,-1.5337,-1.0869,-122.805,-79.512,-76.524,2,21
0.3716,-1.4990,-1.1147,-126.463,-75.732,-78.659,2,21
0.3706,-1.4531,-1.1309,-129.878,-71.524,-80.366,2,21
0.3696,-1.4189,-1.1406,-132.256,-67.378,-81.524,2,21
0.3643,-1.3740,-1.1377,-134.085,-62.683,-82.744,2,21
0.7295,0.9531,0.0884,24.024,114.390,-145.244,1,21
0.7437,1.0034,0.0864,23.720,114.207,-139.268,1,21
0.7637,1.0430,0.0742,22.744,113.537,-132.866,1,21
0.7783,1.0767,0.0796,21.646,113.293,-126.768,1,21
0.7900,1.0977,0.0889,20.610,112.561,-120.610,1,21
0.8174,1.1138,0.1025,20.183,112.012,-114.573,1,21
0.8301,1.1147,0.1353,18.598,110.854,-109.268,1,21
0.8652,1.1138,0.1470,17.988,109.512,-103.598,1,21
0.8892,1.1099,0.1553,16.890,107.134,-98.476,1,21
0.9268,1.0879,0.1641,15.793,104.817,-93.171,1,21
0.9639,1.0752,0.1733,14.573,102.561,-88.110,1,21
1.0117,1.0532,0.1890,12.805,99.878,-82.744,1,21
1.0532,1.0259,0.1865,10.366,97.012,-77.561,1,21
1.0991,0.9937,0.1890,8.049,94.207,-71.951,1,21
1.1392,0.9644,0.1948,4.756,91.463,-66.524,1,21
1.1768,0.9224,0.2144,0.976,88.293,-60.671,1,21
0.2988,-1.0737,-1.0776,-117.866,-20.427,-85.305,2,21
0.2905,-1.0566,-1.0630,-113.415,-15.915,-85.549,2,21
0.2681,-1.0435,-1.0327,-108.598,-11.707,-85.732,2,21
0.2583,-1.0347,-1.0225,-103.598,-7.378,-85.549,2,21
0.2393,-1.0244,-0.9932,-99.024,-3.415,-85.427,2,21
0.2227,-1.0234,-0.9751,-94.512,0.366,-85.061,2,21
0.2085,-1.0225,-0.9365,-90.061,3.841,-84.634,2,21
0.1919,-1.0234,-0.9150,-86.341,7.439,-84.329,2,21
1.2197,0.8799,0.2051,-3.049,84.939,-55.427,1,21
1.2700,0.8457,0.1992,-7.012,81.220,-49.634,1,21
1.3076,0.8154,0.2148,-10.854,76.829,-44.146,1,21
1.3423,0.7920,0.2134,-15.671,72.683,-39.085,1,21
1.3760,0.7622,0.2339,-21.341,68.415,-34.268,1,21
1.4106,0.7290,0.2314,-26.768,63.963,-29.329,1,21
1.4429,0.6992,0.2275,-32.439,59.024,-24.573,1,21
1.4668,0.6670,0.2158,-37.195,53.354,-20.061,1,21
1.7388,0.9033,-0.3477,-33.171,-37.195,30.305,1,21
1.7871,0.9189,-0.3594,-29.207,-41.707,35.915,1,21
1.8335,0.9233,-0.3823,-24.451,-45.671,41.768,1,21
1.8906,0.9429,-0.3755,-19.634,-49.695,47.805,1,21
1.9536,0.9414,-0.3799,-14.634,-54.024,53.354,1,21
2.0215,0.9429,-0.3716,-10.305,-58.293,58.841,1,21
2.0996,0.9351,-0.3608,-6.951,-63.659,63.841,1,21
2.1924,0.9209,-0.3462,-4.085,-69.268,68.902,1,21
2.2910,0.9048,-0.3438,-1.585,-75.854,73.659,1,21
2.4063,0.8804,-0.3374,0.305,-83.415,78.171,1,21
2.5273,0.8452,-0.3491,1.951,-91.646,82.744,1,21
2.6543,0.8174,-0.3579,2.195,-100.305,86.341,1,21
2.7754,0.7832,-0.3604,0.183,-108.110,88.598,1,21
2.8901,0.7612,-0.3525,-2.927,-115.854,89.390,1,21
2.9868,0.7354,-0.3447,-7.317,-122.927,88.841,1,21
3.0747,0.7139,-0.2993,-11.768,-130.061,86.280,1,21
3.1626,0.7017,-0.2656,-15.671,-137.927,83.110,1,21
3.2358,0.7070,-0.2246,-18.659,-145.915,79.756,1,21
3.3018,0.7261,-0.1665,-21.220,-155.061,76.037,1,21
3.3662,0.7539,-0.1138,-23.720,-164.634,73.537,1,21
3.4399,0.7886,-0.0420,-25.610,-174.634,72.073,1,21
3.4868,0.8320,0.0176,-28.354,-184.268,72.439,1,21
3.5352,0.8716,0.0854,-30.732,-193.354,74.268,1,21
3.5747,0.9092,0.1523,-32.195,-202.744,77.073,1,21
-0.1265,-0.8071,0.0708,-139.085,137.439,3.720,2,21
-0.1006,-0.8066,0.0923,-139.268,139.817,9.939,2,21
-0.0781,-0.8003,0.1216,-139.329,142.805,15.915,2,21
-0.0493,-0.8042,0.1338,-140.122,144.634,21.829,2,21
-0.0249,-0.7930,0.1528,-140.915,146.707,27.805,2,21
-0.0054,-0.8013,0.1538,-141.890,148.171,33.476,2,21
0.0181,-0.8057,0.1733,-142.500,149.878,39.329,2,21
0.0425,-0.8140,0.1816,-143.598,151.707,45.183,2,21
3.6143,0.9497,0.2144,-33.110,-211.951,80.488,1,21
3.6445,0.9648,0.2739,-33.415,-221.341,84.451,1,21
3.6729,0.9741,0.3511,-32.927,-231.646,87.988,1,21
3.6855,0.9893,0.4478,-32.195,-242.744,92.500,1,21
3.6719,0.9980,0.5264,-31.829,-254.817,97.317,1,21
3.6650,1.0073,0.6196,-30.793,-267.805,102.439,1,21
3.6191,1.0195,0.7095,-31.037,-281.280,107.561,1,21
3.5645,1.0415,0.8003,-30.793,-294.878,113.354,1,21
0.0664,-0.8218,0.1958,-144.207,153.476,51.037,2,21
0.0942,-0.8369,0.1958,-144.451,155.244,56.890,2,21
0.1182,-0.8579,0.2070,-145.122,157.073,62.744,2,21
0.1357,-0.8848,0.2124,-145.915,158.659,68.659,2,21
0.1641,-0.9053,0.2217,-146.402,160.244,74.207,2,21
0.1743,-0.9365,0.2207,-147.012,161.768,79.329,2,21
0.1875,-0.9658,0.2207,-147.561,163.232,84.207,2,21
0.2017,-0.9922,0.2251,-148.659,163.841,89.146,2,21
3.0874,1.3452,1.5508,-55.000,-406.585,196.341,1,21
3.0498,1.3936,1.6011,-57.561,-418.476,208.537,1,21
3.0234,1.4507,1.6421,-58.780,-429.878,220.488,1,21
2.9746,1.5146,1.6890,-58.780,-441.646,232.317,1,21
2.9072,1.5869,1.7500,-58.963,-452.866,243.720,1,21
2.8193,1.6465,1.8037,-58.659,-464.756,254.085,1,21
2.7261,1.7075,1.8691,-57.622,-476.463,263.476,1,21
2.6230,1.7480,1.9243,-55.305,-488.537,273.293,1,21
1.6733,1.9653,2.4785,-31.098,-577.988,363.780,1,21
1.5835,1.9663,2.5337,-27.012,-584.329,371.829,1,21
1.5024,1.9741,2.5869,-23.415,-589.939,379.207,1,21
1.4233,1.9810,2.6406,-20.305,-595.305,385.488,1,21
1.3442,1.9922,2.6870,-17.805,-599.817,390.976,1,21
1.2651,2.0059,2.7329,-15.610,-603.902,396.220,1,21
1.1978,2.0352,2.7773,-13.659,-607.073,400.915,1,21
1.1255,2.0659,2.8242,-11.768,-609.878,405.366,1,21
0.3896,2.4907,3.0977,-26.463,-642.622,436.037,1,21
0.3184,2.5322,3.0796,-29.512,-647.805,440.305,1,21
0.2524,2.5771,3.0439,-32.500,-653.293,444.390,1,21
0.2046,2.6162,3.0103,-35.244,-659.207,448.293,1,21
0.1299,2.6592,2.9863,-38.780,-664.939,451.890,1,21
0.0537,2.6924,2.9580,-43.537,-670.488,454.878,1,21
-0.0186,2.7183,2.9258,-48.902,-677.012,457.012,1,21
-0.0962,2.7397,2.8809,-55.427,-683.476,458.902,1,21
-0.8501,2.7417,2.5142,-135.061,-738.537,445.488,1,21
-0.9458,2.7041,2.4619,-147.378,-747.012,441.341,1,21
-1.0229,2.6567,2.3740,-159.634,-757.988,436.341,1,21
-1.1064,2.6113,2.3101,-172.073,-771.220,430.671,1,21
-1.2026,2.5664,2.2266,-183.720,-785.915,423.110,1,21
-1.2944,2.5142,2.1470,-194.390,-802.683,415.244,1,21
-1.3887,2.4712,2.0742,-202.378,-820.427,406.280,1,21
-1.4834,2.4351,2.0063,-208.049,-838.537,396.890,1,21
1.2822,-1.0000,0.9312,-204.451,183.780,85.366,2,21
1.2896,-0.9766,0.9360,-203.171,184.756,84.024,2,21
1.2998,-0.9482,0.9463,-202.378,185.244,82.927,2,21
1.3052,-0.9258,0.9419,-201.341,185.549,81.463,2,21
1.3149,-0.8926,0.9399,-200.854,185.000,81.098,2,21
1.3296,-0.8638,0.9453,-199.634,185.000,80.549,2,21
1.3364,-0.8345,0.9448,-198.659,184.085,80.183,2,21
1.3447,-0.8003,0.9395,-197.439,183.354,80.183,2,21
-1.5864,2.3975,1.9434,-210.976,-855.549,387.073,1,21
-1.6870,2.3672,1.8721,-210.976,-870.549,377.317,1,21
-1.7871,2.3696,1.7793,-208.780,-884.146,368.049,1,21
-1.8691,2.3735,1.6235,-206.159,-894.146,359.878,1,21
-1.9312,2.6113,1.2212,-212.012,-890.610,354.512,1,21
-2.1670,2.6460,0.4595,-260.488,-822.866,362.317,1,21
-2.4893,2.3838,0.3633,-241.220,-749.817,370.000,1,21
-2.6924,2.2998,0.2783,-206.890,-695.549,366.829,1,21
-1.3340,1.3711,0.9966,118.049,55.915,-32.134,1,21
-1.3403,1.3120,1.0601,115.183,65.854,-37.988,1,21
-1.3330,1.2559,1.0986,110.732,74.939,-41.707,1,21
-1.3252,1.1997,1.1274,105.061,82.988,-44.512,1,21
-1.3071,1.1392,1.1406,98.415,89.756,-46.463,1,21
-1.2798,1.1006,1.1621,90.305,95.366,-48.476,1,21
-1.2476,1.0508,1.1763,82.073,100.244,-50.549,1,21
-1.2061,1.0117,1.1792,72.195,104.512,-52.805,1,21
-0.6230,0.6616,0.6255,-18.902,121.037,-69.634,1,21
-0.5781,0.6328,0.5391,-25.671,122.317,-69.146,1,21
-0.5444,0.6079,0.4746,-32.378,123.963,-68.720,1,21
-0.5186,0.5825,0.4004,-38.780,125.671,-67.988,1,21
-0.4976,0.5586,0.3447,-44.695,128.171,-67.378,1,21
-0.4756,0.5474,0.2793,-50.610,130.122,-66.585,1,21
-0.4673,0.5342,0.2212,-55.610,132.683,-66.159,1,21
-0.4536,0.5352,0.1709,-59.878,134.634,-66.707,1,21
1.3687,0.0952,0.1504,-29.573,4.512,42.805,2,21
1.3755,0.0991,0.1392,-23.537,1.280,41.707,2,21
1.3677,0.0938,0.1382,-17.622,-1.768,40.793,2,21
1.3511,0.0898,0.1265,-11.159,-4.634,39.329,2,21
1.3516,0.0786,0.1128,-5.366,-7.195,37.988,2,21
1.3486,0.0713,0.1084,1.098,-10.244,36.707,2,21
1.3325,0.0547,0.1035,7.744,-12.561,35.732,2,21
1.3203,0.0352,0.0918,14.146,-15.549,34.085,2,21
-0.4380,0.5391,0.1211,-65.183,138.598,-68.415,1,21
-0.4316,0.5532,0.1021,-66.768,140.244,-69.024,1,21
-0.4131,0.5640,0.0742,-69.695,143.232,-71.280,1,21
-0.3999,0.5859,0.0405,-72.500,146.890,-73.780,1,21
-0.3794,0.6016,0.0205,-74.512,151.098,-76.646,1,21
-0.3623,0.6265,-0.0107,-76.341,155.000,-79.634,1,21
-0.3462,0.6396,-0.0313,-77.073,158.963,-83.293,1,21
-0.3203,0.6704,-0.0610,-76.220,162.866,-86.463,1,21
1.3101,0.0220,0.0889,21.280,-18.110,32.683,2,21
1.2905,0.0112,0.0791,27.500,-20.976,31.402,2,21
1.2822,-0.0093,0.0742,33.537,-23.659,29.451,2,21
1.2710,-0.0303,0.0703,39.451,-26.646,28.354,2,21
1.2593,-0.0493,0.0532,44.634,-29.085,26.646,2,21
1.2466,-0.0796,0.0474,49.939,-31.951,25.000,2,21
1.2427,-0.1050,0.0493,54.756,-34.756,23.232,2,21
1.2251,-0.1226,0.0483,58.659,-37.256,21.768,2,21
-0.2944,0.7017,-0.0854,-74.878,168.659,-91.829,1,21
-0.2637,0.7236,-0.0991,-73.720,172.561,-95.671,1,21
-0.2524,0.7471,-0.1167,-72.317,176.524,-99.634,1,21
-0.2388,0.7637,-0.1343,-70.427,180.976,-103.171,1,21
-0.2158,0.7695,-0.1455,-68.110,185.061,-107.195,1,21
-0.2017,0.7759,-0.1494,-66.220,189.268,-110.671,1,21
-0.1812,0.7856,-0.1758,-64.329,193.720,-114.085,1,21
-0.1655,0.7974,-0.1738,-61.768,198.049,-117.256,1,21
1.2178,-0.1519,0.0386,62.683,-40.244,20.122,2,21
1.2095,-0.1758,0.0396,66.037,-42.927,18.354,2,21
1.2100,-0.2124,0.0352,68.902,-45.305,17.073,2,21
1.2065,-0.2305,0.0347,70.732,-47.805,15.427,2,21
1.1919,-0.2505,0.0342,72.683,-50.061,13.720,2,21
1.1855,-0.2759,0.0249,73.354,-52.134,12.439,2,21
1.1807,-0.3037,0.0186,73.780,-54.695,10.610,2,21
1.1699,-0.3237,0.0269,73.720,-56.768,9.207,2,21
-0.1460,0.7949,-0.1963,-60.000,202.256,-120.122,1,21
-0.1313,0.8008,-0.2080,-57.927,206.524,-122.805,1,21
-0.1177,0.7954,-0.2153,-55.427,210.488,-124.939,1,21
-0.0981,0.7974,-0.2295,-52.744,214.085,-126.951,1,21
-0.0874,0.7979,-0.2534,-50.488,217.683,-128.598,1,21
-0.0762,0.8066,-0.2603,-47.866,220.976,-130.549,1,21
-0.0708,0.7974,-0.2852,-44.817,224.085,-131.890,1,21
-0.0591,0.8125,-0.2974,-41.646,227.073,-133.232,1,21
0.0410,0.8677,-0.3877,-31.890,280.610,-129.573,1,21
0.0332,0.8325,-0.3828,-31.524,290.122,-128.232,1,21
0.0381,0.8062,-0.3809,-31.098,298.963,-128.598,1,21
0.0513,0.7905,-0.3750,-31.890,306.524,-129.451,1,21
0.0747,0.7856,-0.3696,-33.537,313.232,-130.793,1,21
0.0957,0.7798,-0.3936,-35.976,319.390,-131.463,1,21
0.1377,0.7754,-0.4019,-38.780,325.915,-132.744,1,21
0.1694,0.7720,-0.4155,-43.110,332.927,-133.110,1,21
0.3374,0.7866,-0.4482,-77.500,366.707,-147.927,1,21
0.3433,0.7983,-0.4565,-79.634,365.488,-150.244,1,21
0.3457,0.8232,-0.4585,-81.585,363.415,-152.439,1,21
0.3467,0.8687,-0.4619,-82.988,360.915,-154.451,1,21
0.3423,0.9097,-0.4629,-84.329,358.232,-156.646,1,21
0.3271,0.9424,-0.4619,-85.549,355.488,-158.476,1,21
0.3115,0.9775,-0.4727,-85.671,352.561,-159.878,1,21
0.2827,1.0054,-0.4707,-85.000,349.817,-161.280,1,21
0.9263,-0.8921,0.1660,102.988,-112.378,0.854,2,21
0.9292,-0.9048,0.1738,106.220,-113.049,1.220,2,21
0.9375,-0.9150,0.1753,107.378,-113.354,1.098,2,21
0.9341,-0.9346,0.1870,109.695,-114.085,1.280,2,21
0.9434,-0.9595,0.2036,112.744,-115.610,0.915,2,21
0.9517,-0.9688,0.2090,114.634,-116.768,0.732,2,21
0.9497,-0.9854,0.2217,115.854,-118.110,-0.061,2,21
0.9453,-0.9893,0.2227,116.585,-119.451,-0.610,2,21
0.0742,1.1035,-0.5708,-57.561,350.854,-152.439,1,21
0.0669,1.1060,-0.5781,-55.671,353.415,-151.646,1,21
0.0679,1.0972,-0.5918,-50.854,359.024,-150.549,1,21
0.0596,1.0957,-0.5923,-46.890,365.488,-149.390,1,21
0.0703,1.1021,-0.6123,-40.366,375.366,-147.927,1,21
0.0771,1.1108,-0.6230,-36.646,382.012,-147.439,1,21
0.0859,1.1108,-0.6240,-32.927,388.780,-146.768,1,21
0.0962,1.1333,-0.6235,-29.390,395.488,-146.524,1,21
0.2373,1.2822,-0.6240,10.854,430.244,-148.293,1,21
0.2402,1.3125,-0.6162,17.012,431.890,-149.146,1,21
0.2500,1.3398,-0.6187,24.207,432.561,-149.695,1,21
0.2568,1.3682,-0.6113,31.646,432.866,-150.244,1,21
0.2583,1.3887,-0.5869,38.537,432.744,-150.793,1,21
0.2671,1.4224,-0.5557,45.366,433.049,-150.488,1,21
0.2617,1.4355,-0.5264,51.829,432.805,-150.976,1,21
0.2808,1.4414,-0.4917,57.988,432.561,-150.366,1,21
0.7549,-1.1274,0.2905,107.073,-139.573,-13.171,2,21
0.7534,-1.1216,0.2847,105.610,-140.427,-14.390,2,21
0.7593,-1.1226,0.2813,104.207,-141.280,-15.976,2,21
0.7573,-1.1211,0.2832,102.561,-141.829,-17.195,2,21
0.7544,-1.1226,0.2700,101.037,-142.195,-18.171,2,21
0.7505,-1.1143,0.2754,99.207,-142.805,-19.451,2,21
0.7554,-1.1084,0.2710,97.805,-142.744,-20.610,2,21
0.7612,-1.1108,0.2646,95.610,-143.049,-21.402,2,21
0.7715,-1.1167,0.2749,93.537,-143.171,-22.256,2,21
0.7695,-1.1108,0.2656,92.195,-143.171,-23.537,2,21
0.7754,-1.1157,0.2676,90.488,-143.415,-24.207,2,21
0.7759,-1.1211,0.2695,88.354,-143.537,-25.183,2,21
0.7690,-1.1235,0.2651,86.463,-144.207,-25.915,2,21
0.7676,-1.1338,0.2617,84.512,-144.268,-26.768,2,21
0.7666,-1.1431,0.2534,83.171,-144.573,-27.927,2,21
0.7632,-1.1475,0.2603,81.585,-145.244,-28.841,2,21
0.4121,1.2930,-0.3018,90.854,416.037,-135.732,1,21
0.4360,1.2656,-0.2983,91.220,413.598,-134.207,1,21
0.4580,1.2358,-0.2852,90.793,410.610,-133.232,1,21
0.4868,1.2124,-0.2910,89.756,407.683,-131.585,1,21
0.5137,1.1919,-0.2822,88.171,404.268,-131.159,1,21
0.5420,1.1743,-0.2793,86.220,400.915,-130.427,1,21
0.5718,1.1646,-0.2778,83.963,396.646,-130.244,1,21
0.5898,1.1563,-0.2944,81.098,392.561,-129.878,1,21
0.7598,-1.1455,0.2549,81.098,-146.098,-30.122,2,21
0.7476,-1.1436,0.2485,80.000,-146.707,-31.463,2,21
0.7407,-1.1465,0.2529,79.024,-147.317,-32.439,2,21
0.7388,-1.1455,0.2520,78.171,-148.049,-33.476,2,21
0.7251,-1.1406,0.2441,77.439,-148.537,-34.634,2,21
0.7192,-1.1372,0.2461,76.768,-148.780,-35.549,2,21
0.7104,-1.1289,0.2471,76.280,-149.207,-36.829,2,21
0.7090,-1.1265,0.2480,75.610,-149.390,-37.988,2,21
0.6167,1.1450,-0.2935,78.537,387.744,-129.634,1,21
0.6348,1.1362,-0.2803,75.427,382.988,-129.390,1,21
0.6479,1.1328,-0.2778,72.317,378.049,-129.146,1,21
0.6699,1.1270,-0.2798,69.329,372.561,-128.659,1,21
0.6738,1.1152,-0.2891,66.463,367.500,-127.988,1,21
0.6812,1.1162,-0.2886,64.268,362.012,-127.073,1,21
0.6963,1.1123,-0.2935,62.256,357.439,-125.854,1,21
0.7017,1.1177,-0.2910,60.793,352.561,-124.939,1,21
0.7051,1.1182,-0.2920,58.963,348.598,-123.902,1,21
0.7119,1.1211,-0.2817,57.256,344.451,-122.744,1,21
0.7207,1.1245,-0.2642,56.098,340.671,-121.646,1,21
0.7139,1.1318,-0.2695,55.183,336.951,-119.634,1,21
0.7280,1.1313,-0.2681,54.939,333.293,-118.476,1,21
0.7290,1.1348,-0.2661,54.512,329.573,-115.915,1,21
0.7427,1.1323,-0.2559,54.573,326.098,-113.720,1,21
0.7485,1.1318,-0.2524,54.573,322.256,-111.159,1,21
0.6582,-1.0557,0.2236,74.756,-152.622,-46.768,2,21
0.6538,-1.0513,0.2305,74.451,-152.866,-48.232,2,21
0.6543,-1.0371,0.2246,74.207,-153.659,-49.207,2,21
0.6538,-1.0337,0.2139,73.963,-154.817,-50.061,2,21
0.6538,-1.0283,0.2144,73.476,-155.854,-51.098,2,21
0.6533,-1.0264,0.1885,72.439,-156.890,-52.012,2,21
0.6592,-1.0186,0.1606,70.549,-158.232,-52.927,2,21
0.6523,-1.0234,0.1382,68.963,-159.024,-54.329,2,21
1.0479,0.9131,-0.3594,98.476,233.537,-64.146,1,21
1.0469,0.8838,-0.3711,101.829,227.256,-63.110,1,21
1.0488,0.8667,-0.3779,104.268,220.854,-62.500,1,21
1.0483,0.8516,-0.3799,106.829,214.756,-62.195,1,21
1.0459,0.8335,-0.3721,108.537,209.207,-61.646,1,21
1.0322,0.8174,-0.3687,109.207,203.354,-61.524,1,21
1.0156,0.7939,-0.3462,109.451,198.293,-62.012,1,21
1.0107,0.7651,-0.3486,109.451,193.049,-61.951,1,21
1.0688,0.5796,-0.3594,115.427,141.463,-62.012,1,21
1.0815,0.5645,-0.3730,117.744,135.732,-62.134,1,21
1.0977,0.5352,-0.3857,121.768,130.183,-62.378,1,21
1.1016,0.5210,-0.4004,126.707,125.122,-63.232,1,21
1.1133,0.5078,-0.4204,132.805,120.732,-63.841,1,21
1.1104,0.5010,-0.4326,138.293,117.317,-64.756,1,21
1.1060,0.4893,-0.4419,143.598,113.476,-65.915,1,21
1.0947,0.4668,-0.4438,147.805,109.695,-67.134,1,21
0.6670,-0.8398,-0.2959,-45.061,-111.280,-97.195,2,21
0.6694,-0.8228,-0.2959,-44.024,-109.268,-96.768,2,21
0.6758,-0.8154,-0.3066,-42.683,-106.890,-96.585,2,21
0.6758,-0.8145,-0.3179,-41.341,-104.939,-95.793,2,21
0.6860,-0.8140,-0.3364,-39.573,-102.561,-95.305,2,21
0.6787,-0.8076,-0.3433,-37.378,-100.427,-94.329,2,21
0.6802,-0.8140,-0.3564,-35.061,-98.049,-93.110,2,21
0.6650,-0.8198,-0.3677,-32.134,-95.732,-92.134,2,21
0.8984,0.4023,-0.2002,130.976,61.707,-116.037,1,21
0.8896,0.4390,-0.1743,122.988,62.317,-119.695,1,21
0.8687,0.4829,-0.1465,114.878,63.293,-122.866,1,21
0.8589,0.5098,-0.1279,108.110,65.366,-125.488,1,21
0.8506,0.5479,-0.1123,102.012,67.378,-127.622,1,21
0.8511,0.5938,-0.0840,97.805,70.183,-129.695,1,21
0.8472,0.6377,-0.0576,93.720,73.110,-130.427,1,21
0.8545,0.6763,-0.0288,90.976,76.280,-130.915,1,21
0.9785,1.0737,0.2607,116.585,76.098,-110.915,1,21
1.0024,1.1313,0.2896,121.524,71.829,-107.744,1,21
1.0093,1.1904,0.3003,126.402,66.768,-104.390,1,21
1.0239,1.2446,0.3315,129.451,62.012,-101.463,1,21
1.0303,1.2915,0.3496,132.500,57.744,-97.378,1,21
1.0361,1.3398,0.3521,134.878,53.841,-93.049,1,21
1.0356,1.3726,0.3467,136.707,50.183,-88.293,1,21
1.0317,1.3940,0.3369,138.415,47.012,-83.049,1,21
0.5796,-1.0020,-0.4800,81.402,-8.415,-81.829,2,21
0.5747,-0.9893,-0.4844,80.854,-8.171,-82.134,2,21
0.5718,-0.9834,-0.4907,79.695,-7.256,-82.561,2,21
0.5708,-0.9653,-0.4932,78.415,-6.341,-83.171,2,21
0.5688,-0.9595,-0.4951,76.646,-5.549,-83.780,2,21
0.5713,-0.9561,-0.5049,75.671,-4.817,-84.268,2,21
0.5718,-0.9404,-0.4995,74.146,-4.268,-84.695,2,21
0.5698,-0.9258,-0.4985,72.500,-3.659,-85.488,2,21
1.0308,1.2563,0.2231,125.061,44.268,-14.878,1,21
1.0278,1.1841,0.2139,121.768,45.244,-5.610,1,21
1.0366,1.1265,0.2080,118.720,46.463,3.476,1,21
1.0474,1.0522,0.2021,115.061,46.768,12.195,1,21
1.0444,0.9741,0.2026,111.098,46.890,20.549,1,21
1.0532,0.8975,0.2095,107.134,46.220,28.354,1,21
1.0557,0.8105,0.2090,102.805,45.061,35.000,1,21
1.0601,0.7266,0.2173,98.476,43.598,41.037,1,21
0.4175,-0.5376,-0.4663,13.659,9.695,-110.122,1,21
0.3901,-0.5322,-0.4746,13.598,12.195,-118.110,1,21
0.3794,-0.5352,-0.4785,14.512,15.244,-125.244,1,21
0.3755,-0.5400,-0.4858,14.939,18.171,-133.354,1,21
0.3633,-0.5425,-0.5010,15.732,20.793,-141.280,1,21
0.3633,-0.5459,-0.5054,17.500,23.110,-149.268,1,21
0.3633,-0.5313,-0.5107,18.537,25.183,-157.195,1,21
0.3745,-0.5093,-0.5054,19.756,27.195,-164.817,1,21
0.4175,-0.6724,-1.0513,-47.866,-37.012,-27.927,2,21
0.4185,-0.6772,-1.0464,-49.573,-36.037,-27.683,2,21
0.4106,-0.6841,-1.0444,-51.402,-34.939,-27.012,2,21
0.4126,-0.6880,-1.0449,-53.232,-33.963,-26.646,2,21
0.4033,-0.6938,-1.0342,-54.634,-32.744,-26.037,2,21
0.4028,-0.6982,-1.0308,-56.037,-31.707,-25.366,2,21
0.3999,-0.7046,-1.0215,-57.378,-30.366,-24.878,2,21
0.3896,-0.7100,-1.0103,-58.598,-29.146,-24.268,2,21
0.6616,1.7231,-0.4058,38.841,66.220,-116.402,1,21
0.7031,1.7573,-0.4233,39.756,68.841,-109.451,1,21
0.7554,1.7715,-0.4248,40.244,71.707,-102.378,1,21
0.8032,1.7725,-0.4307,39.207,74.878,-94.512,1,21
0.8584,1.7588,-0.4199,36.524,78.476,-86.463,1,21
0.9209,1.7349,-0.4116,32.317,81.159,-78.232,1,21
0.9883,1.7061,-0.4229,26.707,83.963,-70.183,1,21
1.0444,1.6680,-0.4106,21.220,86.402,-61.707,1,21
0.3828,-0.7046,-1.0059,-59.451,-28.049,-23.537,2,21
0.3721,-0.7080,-1.0034,-60.549,-26.829,-23.110,2,21
0.3584,-0.7109,-0.9937,-61.463,-25.610,-22.134,2,21
0.3589,-0.6973,-0.9966,-62.317,-24.451,-21.646,2,21
0.3359,-0.7002,-0.9854,-62.866,-23.232,-21.280,2,21
0.3291,-0.7007,-0.9795,-63.720,-22.256,-20.427,2,21
0.3271,-0.6973,-0.9761,-64.573,-20.976,-19.817,2,21
0.3101,-0.6938,-0.9692,-65.427,-19.329,-19.024,2,21
1.6533,1.3628,-0.4751,-59.634,85.122,19.146,1,21
1.6992,1.3394,-0.4800,-62.683,81.829,24.878,1,21
1.7334,1.3018,-0.4663,-64.390,77.622,29.756,1,21
1.7686,1.2715,-0.4487,-64.451,73.232,33.841,1,21
1.8047,1.2402,-0.4150,-64.268,68.110,37.195,1,21
1.8413,1.1914,-0.3945,-63.171,62.317,40.488,1,21
1.8784,1.1401,-0.3799,-62.378,55.793,43.720,1,21
1.9224,1.0859,-0.3486,-61.098,48.720,47.073,1,21
0.2227,-0.6953,-0.8530,-63.537,-2.927,-10.793,2,21
0.2148,-0.7007,-0.8354,-62.378,-0.793,-10.122,2,21
0.2100,-0.7124,-0.8198,-61.524,1.463,-9.329,2,21
0.1953,-0.7158,-0.7886,-60.244,3.659,-8.537,2,21
0.1875,-0.7109,-0.7617,-59.573,5.854,-7.988,2,21
0.1841,-0.7192,-0.7354,-58.232,8.049,-7.683,2,21
0.1670,-0.7271,-0.7153,-57.134,10.122,-7.561,2,21
0.1611,-0.7236,-0.6870,-55.915,12.622,-7.073,2,21
1.9771,1.0269,-0.3276,-59.939,41.829,51.341,1,21
2.0415,0.9712,-0.3228,-59.390,34.634,56.098,1,21
2.1123,0.9141,-0.2886,-58.415,27.866,61.098,1,21
2.1992,0.8584,-0.2407,-58.963,22.012,67.012,1,21
2.3042,0.8062,-0.1851,-60.122,16.890,72.744,1,21
2.4170,0.7578,-0.1411,-62.805,11.951,79.268,1,21
2.5449,0.6875,-0.0854,-65.976,6.280,85.976,1,21
2.6899,0.6396,-0.0234,-69.573,-0.488,92.866,1,21
3.9966,1.0659,0.6177,-12.073,-354.085,248.049,1,21
3.9019,1.0781,0.6587,-1.524,-365.793,257.378,1,21
3.8071,1.0898,0.7129,7.561,-376.829,266.646,1,21
3.7031,1.0957,0.7886,15.549,-387.439,275.732,1,21
3.5898,1.1035,0.8682,21.890,-397.561,284.451,1,21
3.4717,1.1021,0.9521,26.037,-406.463,293.415,1,21
3.3594,1.1040,1.0405,28.537,-415.122,301.890,1,21
3.2495,1.1094,1.1499,30.183,-423.537,310.549,1,21
2.1279,1.6880,1.8418,-12.561,-496.768,374.512,1,21
2.0698,1.7461,1.8608,-16.037,-500.183,377.988,1,21
1.9561,1.8535,1.9155,-23.293,-507.134,384.085,1,21
1.8413,1.9546,1.9409,-30.061,-514.451,390.732,1,21
1.6797,2.1006,1.9644,-38.293,-527.195,400.183,1,21
1.5835,2.2036,1.9487,-42.561,-535.976,406.707,1,21
1.4658,2.2964,1.9521,-46.220,-544.878,413.780,1,21
1.3530,2.3960,1.9619,-50.427,-553.476,420.061,1,21
0.4292,-1.2373,-0.1860,-169.878,191.159,153.232,2,21
0.4487,-1.2295,-0.1694,-168.780,192.195,156.890,2,21
0.4756,-1.2090,-0.1465,-167.256,193.293,160.122,2,21
0.5063,-1.2017,-0.1284,-164.085,194.634,163.415,2,21
0.5352,-1.1938,-0.1099,-160.915,195.366,166.280,2,21
0.5640,-1.1865,-0.0908,-157.378,195.915,168.902,2,21
0.5972,-1.1797,-0.0732,-152.988,196.707,171.463,2,21
0.6304,-1.1982,-0.0620,-148.659,197.317,173.598,2,21
1.2393,2.4907,1.9644,-53.780,-561.951,425.976,1,21
1.1235,2.5923,1.9736,-56.951,-570.122,431.341,1,21
1.0078,2.6880,1.9849,-59.817,-578.598,436.037,1,21
0.8979,2.7793,2.0000,-62.622,-585.915,440.671,1,21
0.7983,2.8843,2.0264,-65.488,-592.073,444.512,1,21
0.6841,2.9868,2.0576,-68.354,-597.622,448.780,1,21
0.5791,3.0791,2.0942,-71.951,-602.683,452.988,1,21
0.4551,3.1714,2.1484,-75.366,-607.378,457.378,1,21
-1.7036,1.9790,0.6914,-92.439,-657.805,496.890,1,21
-1.7749,1.8379,0.5938,-101.463,-626.463,496.098,1,21
-1.8203,1.7266,0.5435,-102.622,-597.927,493.171,1,21
-1.8296,1.6133,0.4653,-102.866,-572.866,487.683,1,21
-1.7998,1.5093,0.3594,-101.585,-551.402,480.183,1,21
-1.7402,1.4180,0.2500,-98.110,-533.598,470.854,1,21
-1.6602,1.3174,0.1309,-92.622,-518.110,460.610,1,21
-1.5337,1.2402,-0.0200,-85.366,-502.622,448.841,1,21
0.4180,1.0210,-0.9546,-6.707,-258.902,340.915,1,21
0.6826,1.0776,-0.9741,0.122,-229.451,334.268,1,21
0.9102,1.1611,-0.9893,3.720,-201.829,328.720,1,21
1.0410,1.2153,-0.9717,5.793,-179.085,321.951,1,21
1.0952,1.2573,-0.9302,7.744,-163.476,311.646,1,21
1.0488,1.2842,-0.8804,11.280,-155.854,296.280,1,21
0.8984,1.3027,-0.8096,17.378,-155.427,275.610,1,21
0.6851,1.3472,-0.7603,25.244,-158.720,251.098,1,21
0.9351,-0.8823,0.6191,-158.110,129.146,83.110,2,21
0.9141,-0.8481,0.5737,-158.963,125.610,79.024,2,21
0.8857,-0.8066,0.5508,-160.610,122.012,75.854,2,21
0.8696,-0.7642,0.5190,-162.073,118.537,72.073,2,21
0.8687,-0.7275,0.4858,-163.659,114.634,68.415,2,21
0.8628,-0.6851,0.4683,-164.878,111.341,65.061,2,21
0.8701,-0.6484,0.4419,-165.671,108.537,61.341,2,21
0.8789,-0.6172,0.4321,-166.890,106.220,57.866,2,21
0.4492,1.4185,-0.7026,32.073,-162.073,226.098,1,21
0.2285,1.5156,-0.6602,34.817,-162.012,205.000,1,21
0.0024,1.6001,-0.6313,32.744,-157.927,189.878,1,21
-0.2100,1.6660,-0.6025,28.232,-149.207,180.976,1,21
-0.4238,1.7026,-0.5479,21.829,-137.622,177.195,1,21
-0.6572,1.7344,-0.4780,13.049,-123.110,177.988,1,21
-0.8809,1.7681,-0.4170,3.598,-106.280,181.524,1,21
-1.1304,1.7671,-0.3442,-5.854,-87.378,187.378,1,21
0.8882,-0.5781,0.4146,-166.890,104.085,54.573,2,21
0.9175,-0.5425,0.4160,-167.256,103.171,51.220,2,21
0.9492,-0.5005,0.4189,-167.195,102.134,48.110,2,21
0.9756,-0.4707,0.4253,-166.098,101.524,44.756,2,21
1.0146,-0.4331,0.4312,-165.183,101.098,41.646,2,21
1.0503,-0.4014,0.4429,-163.780,100.183,39.024,2,21
1.0889,-0.3594,0.4473,-162.012,99.024,36.037,2,21
1.1396,-0.3247,0.4565,-160.122,97.439,33.598,2,21
-1.3887,1.7729,-0.2852,-13.720,-66.829,193.780,1,21
-1.6392,1.7539,-0.2373,-19.207,-45.244,200.244,1,21
-1.8774,1.7290,-0.1860,-20.427,-23.232,205.610,1,21
-2.0952,1.6865,-0.1514,-18.780,-0.671,209.573,1,21
-2.2798,1.6172,-0.1035,-13.598,22.012,210.488,1,21
-2.4160,1.5444,-0.0684,-5.854,43.841,208.537,1,21
-2.5171,1.4521,-0.0439,2.683,63.841,203.598,1,21
-2.5840,1.3599,-0.0254,11.646,81.646,195.549,1,21
1.1709,-0.2891,0.4600,-158.476,95.549,31.280,2,21
1.2007,-0.2568,0.4575,-155.671,93.171,29.390,2,21
1.2271,-0.2280,0.4639,-152.317,90.671,27.988,2,21
1.2476,-0.2026,0.4688,-148.293,88.354,26.646,2,21
1.2690,-0.1826,0.4619,-143.902,85.793,25.549,2,21
1.2783,-0.1548,0.4536,-139.329,82.927,24.939,2,21
1.2817,-0.1250,0.4585,-134.512,80.244,24.451,2,21
1.2754,-0.1006,0.4541,-129.390,77.500,24.207,2,21
-2.5908,1.2632,-0.0098,19.268,97.012,184.512,1,21
-2.5630,1.1748,0.0288,24.695,109.146,173.354,1,21
-2.4893,1.1064,0.0542,28.537,119.024,162.378,1,21
-2.3613,1.0322,0.0835,28.841,126.768,153.415,1,21
-2.2041,0.9741,0.1250,26.829,132.866,146.524,1,21
-2.0166,0.9321,0.1567,22.073,137.927,141.220,1,21
-1.8267,0.8892,0.2041,15.732,142.317,137.927,1,21
-1.6367,0.8745,0.2300,8.780,146.098,135.183,1,21
1.2827,-0.0796,0.4341,-123.780,74.451,24.329,2,21
1.2715,-0.0693,0.4160,-118.354,71.220,24.512,2,21
1.2646,-0.0591,0.4063,-112.256,68.659,24.817,2,21
1.2539,-0.0508,0.3828,-106.890,65.732,25.671,2,21
1.2363,-0.0435,0.3633,-101.098,62.927,25.793,2,21
1.2295,-0.0352,0.3408,-95.244,60.610,26.037,2,21
1.2104,-0.0342,0.3286,-89.634,58.232,26.768,2,21
1.2026,-0.0298,0.3042,-84.512,56.341,27.561,2,21
-0.6953,0.8862,-0.0249,32.195,174.024,-20.915,1,21
-0.6787,0.8916,-0.0278,34.939,174.939,-24.390,1,21
-0.6436,0.8887,-0.0376,39.939,176.890,-30.976,1,21
-0.6138,0.8950,-0.0518,43.963,178.476,-37.622,1,21
-0.5854,0.8926,-0.0518,47.866,180.122,-43.902,1,21
-0.5601,0.8970,-0.0703,50.610,181.768,-49.817,1,21
-0.5181,0.8931,-0.0718,54.146,184.146,-57.683,1,21
-0.4854,0.8960,-0.0752,55.183,185.061,-62.805,1,21
1.0078,-0.1274,0.1284,10.244,27.805,13.354,2,21
1.0020,-0.1270,0.1235,10.915,26.951,12.744,2,21
1.0049,-0.1426,0.1333,12.500,25.366,11.220,2,21
0.9971,-0.1538,0.1304,14.085,23.415,9.634,2,21
1.0054,-0.1567,0.1304,15.549,21.829,7.927,2,21
1.0020,-0.1729,0.1255,16.890,19.573,6.524,2,21
1.0044,-0.1772,0.1260,18.049,17.805,4.695,2,21
1.0034,-0.1860,0.1255,19.146,15.671,2.988,2,21
-0.4697,0.8906,-0.0854,56.463,186.707,-68.110,1,21
-0.4414,0.8887,-0.0923,57.012,188.171,-72.988,1,21
-0.4302,0.8848,-0.1074,57.012,189.390,-77.744,1,21
-0.4072,0.8823,-0.1235,56.707,190.549,-82.561,1,21
-0.3901,0.8848,-0.1318,56.098,191.524,-87.622,1,21
-0.3770,0.8833,-0.1367,54.939,192.256,-92.317,1,21
-0.3501,0.8789,-0.1514,52.805,193.293,-96.890,1,21
-0.3394,0.8682,-0.1582,50.427,194.207,-101.402,1,21
1.0396,-0.2056,0.1313,27.256,-1.341,-14.390,2,21
1.0522,-0.2070,0.1431,27.195,-2.561,-15.061,2,21
1.0703,-0.2056,0.1509,27.927,-3.720,-15.793,2,21
1.0742,-0.2090,0.1460,27.805,-4.207,-16.037,2,21
1.1050,-0.2236,0.1445,27.317,-5.854,-16.463,2,21
1.1138,-0.2290,0.1631,26.646,-7.012,-16.463,2,21
1.1313,-0.2334,0.1704,25.488,-8.354,-15.793,2,21
1.1367,-0.2471,0.1699,25.244,-9.268,-15.244,2,21
-0.1387,0.9072,-0.2573,19.695,199.634,-132.439,1,21
-0.1138,0.9326,-0.2754,16.402,200.366,-134.878,1,21
-0.0933,0.9487,-0.2905,13.598,200.976,-136.890,1,21
-0.0698,0.9697,-0.2998,10.915,201.402,-138.780,1,21
-0.0503,0.9814,-0.3169,9.207,202.439,-140.366,1,21
-0.0254,1.0029,-0.3213,7.866,203.171,-141.646,1,21
-0.0200,1.0166,-0.3364,7.012,204.512,-142.805,1,21
-0.0073,1.0269,-0.3491,7.256,205.732,-144.390,1,21
1.1548,-0.2505,0.1714,24.207,-10.732,-14.878,2,21
1.1470,-0.2681,0.1807,23.232,-11.707,-14.146,2,21
1.1519,-0.2725,0.1855,21.402,-13.110,-12.927,2,21
1.1548,-0.2852,0.1963,20.610,-14.634,-12.073,2,21
1.1538,-0.2905,0.1919,19.451,-16.402,-10.976,2,21
1.1548,-0.2988,0.1968,18.659,-18.049,-9.756,2,21
1.1553,-0.3057,0.2080,17.927,-20.000,-7.927,2,21
1.1538,-0.3071,0.2100,17.317,-21.829,-6.402,2,21
0.0044,1.0420,-0.3599,7.683,206.585,-145.244,1,21
0.0205,1.0591,-0.3730,9.573,207.988,-146.524,1,21
0.0347,1.0630,-0.3960,11.829,209.756,-147.683,1,21
0.0474,1.0884,-0.3950,15.000,211.220,-149.146,1,21
0.0698,1.1099,-0.4136,19.085,212.927,-150.183,1,21
0.0737,1.1333,-0.4277,23.720,214.512,-151.829,1,21
0.0854,1.1499,-0.4399,29.146,216.890,-153.780,1,21
0.1113,1.1768,-0.4580,34.939,218.232,-155.549,1,21
1.1460,-0.3149,0.2188,17.073,-23.963,-4.451,2,21
1.1484,-0.3262,0.2168,16.646,-26.159,-2.744,2,21
1.1436,-0.3257,0.2173,16.159,-28.476,-0.122,2,21
1.1387,-0.3340,0.2119,15.976,-30.732,2.317,2,21
1.1338,-0.3418,0.2065,16.098,-33.232,4.512,2,21
1.1348,-0.3516,0.2046,16.280,-35.549,7.073,2,21
1.1289,-0.3623,0.2070,16.890,-37.927,9.695,2,21
1.1230,-0.3750,0.1929,18.232,-40.305,11.768,2,21
1.0557,-0.5093,0.1689,54.695,-58.537,32.134,2,21
1.0474,-0.5273,0.1738,60.671,-60.305,33.354,2,21
1.0439,-0.5396,0.1738,67.012,-62.622,34.573,2,21
1.0239,-0.5513,0.1855,73.415,-64.817,35.549,2,21
1.0166,-0.5659,0.1914,80.549,-66.646,36.646,2,21
1.0098,-0.5791,0.2021,87.012,-68.720,37.378,2,21
1.0010,-0.6040,0.2197,93.963,-70.915,37.500,2,21
0.9897,-0.6201,0.2202,100.366,-73.232,37.866,2,21
0.3188,1.1885,-0.5815,154.512,248.902,-178.354,1,21
0.3223,1.1753,-0.5933,157.317,250.305,-179.695,1,21
0.3306,1.1675,-0.6030,158.841,251.098,-181.524,1,21
0.3379,1.1587,-0.6128,159.512,252.561,-183.780,1,21
0.3477,1.1558,-0.6318,158.659,254.024,-186.037,1,21
0.3442,1.1519,-0.6475,157.988,255.915,-187.988,1,21
0.3657,1.1519,-0.6504,155.610,258.110,-190.488,1,21
0.3716,1.1602,-0.6587,152.744,260.915,-192.134,1,21
0.4253,1.2017,-0.6577,108.902,293.049,-196.585,1,21
0.4414,1.1973,-0.6313,105.305,293.537,-196.829,1,21
0.4556,1.2017,-0.6055,102.073,292.866,-196.768,1,21
0.4810,1.2212,-0.6084,99.146,290.793,-197.012,1,21
0.5000,1.2314,-0.5933,95.854,289.268,-197.256,1,21
0.5225,1.2466,-0.5771,92.439,288.354,-197.134,1,21
0.5303,1.2554,-0.5557,90.183,287.500,-197.256,1,21
0.5479,1.2671,-0.5391,88.354,284.939,-196.829,1,21
0.9199,-0.9536,0.2393,159.390,-105.305,30.671,2,21
0.9243,-0.9731,0.2446,157.683,-106.829,30.000,2,21
0.9258,-0.9917,0.2466,155.732,-108.537,29.390,2,21
0.9219,-1.0088,0.2422,152.988,-110.244,28.902,2,21
0.9346,-1.0308,0.2397,150.122,-111.951,27.927,2,21
0.9248,-1.0425,0.2397,146.829,-113.110,27.073,2,21
0.9238,-1.0620,0.2334,142.927,-114.695,26.159,2,21
0.9268,-1.0649,0.2285,138.415,-116.159,25.427,2,21
0.5522,1.2808,-0.5415,86.220,282.683,-196.280,1,21
0.5601,1.3013,-0.5278,84.207,280.061,-195.976,1,21
0.5752,1.3110,-0.5288,83.232,277.134,-195.061,1,21
0.5801,1.3223,-0.5210,81.829,274.695,-194.085,1,21
0.5923,1.3340,-0.5171,81.280,272.195,-192.683,1,21
0.5981,1.3491,-0.5161,80.915,270.244,-190.854,1,21
0.5977,1.3501,-0.5112,81.037,268.293,-189.268,1,21
0.5972,1.3579,-0.5073,81.646,266.463,-187.317,1,21
0.8999,-0.9565,0.2217,84.695,-143.902,-5.976,2,21
0.8862,-0.9473,0.2314,85.122,-144.695,-6.829,2,21
0.8877,-0.9463,0.2280,84.817,-145.488,-7.744,2,21
0.8823,-0.9434,0.2261,85.732,-146.524,-8.232,2,21
0.8770,-0.9390,0.2393,85.915,-147.134,-9.146,2,21
0.8721,-0.9424,0.2441,86.524,-148.415,-9.878,2,21
0.8647,-0.9331,0.2446,87.256,-149.024,-10.488,2,21
0.8599,-0.9375,0.2520,87.927,-150.122,-11.524,2,21
0.6274,0.9390,-0.3398,106.098,251.220,-144.085,1,21
0.6431,0.9087,-0.3115,104.695,250.549,-142.195,1,21
0.6528,0.8979,-0.2979,103.049,249.939,-141.037,1,21
0.6646,0.8843,-0.2695,101.098,247.988,-139.756,1,21
0.6738,0.8618,-0.2471,99.268,246.524,-138.537,1,21
0.6821,0.8398,-0.2393,97.073,244.390,-137.195,1,21
0.6909,0.8203,-0.2227,95.427,242.073,-135.915,1,21
0.7065,0.8013,-0.2139,93.841,239.451,-134.939,1,21
0.8496,-0.9355,0.2510,88.354,-151.159,-12.134,2,21
0.8511,-0.9399,0.2451,88.780,-151.463,-12.744,2,21
0.8452,-0.9399,0.2446,89.268,-152.317,-13.476,2,21
0.8335,-0.9385,0.2446,89.878,-152.988,-14.512,2,21
0.8330,-0.9424,0.2368,90.305,-153.537,-15.610,2,21
0.8208,-0.9380,0.2339,90.793,-154.207,-15.976,2,21
0.8120,-0.9326,0.2183,91.159,-154.573,-16.951,2,21
0.8125,-0.9390,0.2134,90.976,-155.122,-17.439,2,21
0.7158,0.7778,-0.1958,91.341,234.573,-133.232,1,21
0.7227,0.7705,-0.1958,90.854,233.476,-132.927,1,21
0.7280,0.7529,-0.1699,89.207,229.756,-132.317,1,21
0.7295,0.7417,-0.1665,87.988,226.524,-131.951,1,21
0.7256,0.7144,-0.1641,86.707,222.866,-131.402,1,21
0.7339,0.7061,-0.1587,85.732,219.146,-131.159,1,21
0.7368,0.6807,-0.1606,85.610,215.427,-131.098,1,21
0.7324,0.6738,-0.1597,85.183,211.829,-131.280,1,21
0.8105,-0.9375,0.2114,91.402,-155.305,-17.988,2,21
0.8071,-0.9409,0.2124,91.098,-155.305,-18.537,2,21
0.8008,-0.9365,0.2085,91.280,-155.305,-19.207,2,21
0.8018,-0.9419,0.1978,90.915,-154.695,-19.390,2,21
0.7974,-0.9507,0.1958,90.976,-154.573,-19.878,2,21
0.7920,-0.9507,0.2017,90.488,-154.390,-20.427,2,21
0.7935,-0.9526,0.1997,90.122,-153.720,-20.854,2,21
0.7842,-0.9580,0.2007,89.573,-153.598,-21.585,2,21
0.7334,0.6499,-0.1865,85.366,206.402,-131.951,1,21
0.7280,0.6416,-0.2056,85.793,202.805,-132.256,1,21
0.7212,0.6436,-0.2227,85.793,199.695,-133.902,1,21
0.6973,0.6284,-0.2354,84.512,196.768,-135.793,1,21
0.6846,0.6235,-0.2339,83.841,194.329,-138.110,1,21
0.6660,0.6104,-0.2397,82.744,191.829,-140.732,1,21
0.6494,0.6001,-0.2593,82.683,189.085,-142.683,1,21
0.6357,0.5933,-0.2710,83.354,186.280,-144.939,1,21
0.7910,-0.9590,0.2134,88.841,-153.415,-22.317,2,21
0.7832,-0.9600,0.2178,88.354,-153.415,-22.988,2,21
0.7764,-0.9634,0.2246,87.439,-153.598,-24.146,2,21
0.7773,-0.9590,0.2368,86.463,-153.659,-25.061,2,21
0.7695,-0.9658,0.2437,85.976,-153.780,-26.098,2,21
0.7661,-0.9683,0.2490,85.366,-154.085,-27.256,2,21
0.7578,-0.9624,0.2534,84.817,-154.390,-28.537,2,21
0.7495,-0.9629,0.2622,84.329,-155.122,-29.939,2,21
0.6211,0.5806,-0.2788,83.963,183.232,-146.829,1,21
0.6064,0.5645,-0.2793,83.963,180.000,-148.720,1,21
0.5830,0.5566,-0.2720,83.232,177.012,-150.305,1,21
0.5640,0.5293,-0.2671,81.585,174.451,-152.256,1,21
0.5586,0.5103,-0.2593,79.939,172.195,-153.476,1,21
0.5488,0.4907,-0.2456,77.500,169.695,-154.451,1,21
0.5322,0.4692,-0.2324,75.671,167.744,-155.793,1,21
0.5215,0.4414,-0.2275,72.744,166.220,-156.768,1,21
0.7397,-0.9570,0.2671,83.902,-155.549,-31.341,2,21
0.7349,-0.9473,0.2627,83.476,-156.098,-32.622,2,21
0.7261,-0.9492,0.2632,83.232,-156.280,-34.207,2,21
0.7100,-0.9390,0.2739,83.171,-157.439,-35.793,2,21
0.6982,-0.9253,0.2671,82.378,-157.927,-37.073,2,21
0.6890,-0.9189,0.2578,82.195,-158.354,-38.537,2,21
0.6816,-0.9111,0.2476,81.341,-158.720,-39.817,2,21
0.6665,-0.9087,0.2539,80.976,-158.963,-40.671,2,21
0.5068,0.4214,-0.2202,70.488,165.244,-158.049,1,21
0.5029,0.4067,-0.2085,67.256,164.390,-159.268,1,21
0.4800,0.3867,-0.1851,64.817,163.841,-160.854,1,21
0.4766,0.3667,-0.1567,61.220,163.537,-162.561,1,21
0.4668,0.3584,-0.1411,58.232,163.415,-164.329,1,21
0.4565,0.3364,-0.1357,55.183,163.293,-166.037,1,21
0.4614,0.3135,-0.1182,52.744,162.927,-167.561,1,21
0.4595,0.3042,-0.1113,50.305,162.988,-168.841,1,21
0.6499,-0.8955,0.2456,80.061,-159.268,-42.256,2,21
0.6484,-0.8965,0.2417,79.878,-159.146,-42.683,2,21
0.6431,-0.8892,0.2329,79.573,-159.268,-43.415,2,21
0.6294,-0.8887,0.2310,79.329,-159.146,-44.207,2,21
0.6284,-0.8862,0.2183,79.024,-158.902,-44.695,2,21
0.6084,-0.8799,0.2148,78.476,-158.902,-45.488,2,21
0.6011,-0.8872,0.2104,78.171,-158.537,-45.732,2,21
0.5947,-0.8833,0.1968,78.049,-158.232,-46.280,2,21
0.7285,1.4600,-0.1118,142.439,124.817,-117.439,1,21
0.7461,1.4473,-0.1313,144.085,121.951,-112.439,1,21
0.7622,1.4355,-0.1606,145.000,119.817,-106.829,1,21
0.7915,1.4043,-0.1812,144.573,118.232,-102.195,1,21
0.8159,1.3696,-0.1924,143.354,116.524,-97.805,1,21
0.8320,1.3408,-0.2085,139.939,116.646,-94.329,1,21
0.8584,1.3022,-0.2148,135.366,116.159,-90.732,1,21
0.8960,1.2720,-0.2485,129.085,116.402,-87.317,1,21
0.5454,-1.0269,-0.1733,31.037,-97.073,-61.829,2,21
0.5498,-1.0254,-0.1797,30.671,-94.939,-62.317,2,21
0.5518,-1.0229,-0.1807,30.305,-92.805,-62.866,2,21
0.5547,-1.0225,-0.1826,30.183,-90.488,-63.110,2,21
0.5581,-1.0181,-0.1865,30.488,-88.354,-63.232,2,21
0.5571,-1.0156,-0.1831,30.732,-85.732,-63.659,2,21
0.5537,-1.0161,-0.1772,31.524,-82.927,-63.659,2,21
0.5605,-1.0166,-0.1768,32.439,-80.000,-64.024,2,21
0.9287,1.2710,-0.2642,121.341,116.829,-83.659,1,21
0.9575,1.2603,-0.2808,110.671,117.134,-80.000,1,21
0.9961,1.2637,-0.2847,97.927,117.927,-75.183,1,21
1.0264,1.2681,-0.2866,83.232,119.085,-69.695,1,21
1.0601,1.2715,-0.3042,67.805,120.488,-63.171,1,21
1.1001,1.2856,-0.3145,51.280,121.768,-55.122,1,21
1.1304,1.2944,-0.3247,35.183,123.841,-46.524,1,21
1.1582,1.2939,-0.3110,18.902,126.524,-37.073,1,21
1.6206,0.0122,-0.4170,-2.073,86.585,64.268,1,21
1.5825,-0.0498,-0.4766,5.122,82.317,60.366,1,21
1.5410,-0.1099,-0.5254,10.732,79.085,56.463,1,21
1.5015,-0.1655,-0.5708,14.695,75.976,52.805,1,21
1.4707,-0.2114,-0.6333,17.866,73.780,48.780,1,21
1.4595,-0.2632,-0.6938,21.098,71.159,44.756,1,21
1.4546,-0.2935,-0.7612,23.963,69.268,40.610,1,21
1.4575,-0.3291,-0.8467,26.951,67.805,36.707,1,21
0.7759,-0.9058,-0.2603,73.537,17.378,-33.110,2,21
0.7842,-0.8994,-0.2700,75.610,20.488,-31.951,2,21
0.7915,-0.8940,-0.2817,78.415,23.415,-30.366,2,21
0.8003,-0.8979,-0.3066,79.939,26.098,-28.963,2,21
0.8071,-0.9043,-0.3237,81.463,28.659,-27.500,2,21
0.8184,-0.9053,-0.3496,82.195,31.402,-26.341,2,21
0.8291,-0.9121,-0.3838,83.598,33.780,-25.183,2,21
0.8311,-0.9180,-0.4043,85.305,36.280,-23.841,2,21
1.4390,-0.3545,-0.9678,29.451,65.305,30.061,1,21
1.4292,-0.3774,-1.0498,29.329,63.476,25.488,1,21
1.4028,-0.4038,-1.1499,29.939,60.549,20.122,1,21
1.3638,-0.4409,-1.2358,30.549,57.317,14.512,1,21
1.3076,-0.4746,-1.3062,31.768,53.598,7.988,1,21
1.2339,-0.5210,-1.3711,33.293,49.695,0.122,1,21
1.1436,-0.5728,-1.4028,34.817,46.220,-9.390,1,21
1.0439,-0.6152,-1.4165,36.037,42.805,-20.732,1,21
0.8252,-0.9287,-0.4121,88.049,39.024,-22.195,2,21
0.8291,-0.9302,-0.4224,90.793,41.402,-21.280,2,21
0.8276,-0.9370,-0.4194,93.415,43.293,-19.878,2,21
0.8320,-0.9434,-0.4248,95.549,45.000,-18.841,2,21
0.8257,-0.9478,-0.4233,97.500,46.098,-17.805,2,21
0.8130,-0.9624,-0.4370,99.207,46.951,-17.622,2,21
0.8110,-0.9678,-0.4429,100.366,47.317,-17.378,2,21
0.8032,-0.9800,-0.4600,101.402,47.134,-17.439,2,21
0.9365,-0.6836,-1.4004,36.951,41.037,-34.573,1,21
0.8438,-0.7393,-1.3604,36.341,40.610,-49.634,1,21
0.7524,-0.7915,-1.3169,34.878,42.134,-66.646,1,21
0.6899,-0.8364,-1.2617,32.683,45.915,-83.780,1,21
0.6460,-0.8687,-1.2119,29.634,52.317,-100.854,1,21
0.6182,-0.8755,-1.1538,25.732,60.488,-116.890,1,21
0.5942,-0.8721,-1.0864,20.305,70.732,-132.134,1,21
0.6030,-0.8252,-1.0264,14.634,81.524,-145.244,1,21
0.8003,-0.9897,-0.4810,102.622,47.317,-17.622,2,21
0.7930,-1.0093,-0.5024,103.598,47.073,-18.049,2,21
0.7817,-1.0220,-0.5020,104.451,46.585,-18.598,2,21
0.7754,-1.0454,-0.5142,105.915,45.854,-19.573,2,21
0.7593,-1.0562,-0.5234,107.561,45.061,-20.427,2,21
0.7549,-1.0762,-0.5386,108.659,44.146,-21.768,2,21
0.7417,-1.0947,-0.5352,109.268,42.256,-23.598,2,21
0.7451,-1.1006,-0.5503,109.817,40.793,-25.854,2,21
0.6084,-0.7681,-0.9424,7.683,93.232,-156.829,1,21
0.6274,-0.6899,-0.8657,0.671,104.024,-166.159,1,21
0.6426,-0.5981,-0.7915,-6.707,113.659,-173.293,1,21
0.6665,-0.5103,-0.7158,-13.476,120.549,-178.293,1,21
0.6982,-0.4189,-0.6450,-19.878,125.610,-182.134,1,21
0.7231,-0.3242,-0.5913,-24.085,127.622,-184.146,1,21
0.7573,-0.2388,-0.5249,-26.585,127.195,-185.061,1,21
0.7837,-0.1523,-0.4658,-27.439,125.000,-185.549,1,21
0.7402,-1.1162,-0.5557,109.878,38.171,-28.110,2,21
0.7417,-1.1279,-0.5718,110.732,36.159,-30.854,2,21
0.7432,-1.1289,-0.5767,110.671,33.476,-33.537,2,21
0.7441,-1.1396,-0.5854,110.305,30.305,-36.402,2,21
0.7461,-1.1445,-0.5996,109.085,27.134,-39.634,2,21
0.7446,-1.1543,-0.6118,107.744,23.841,-42.378,2,21
0.7485,-1.1538,-0.6230,106.280,20.061,-45.915,2,21
0.7549,-1.1563,-0.6255,104.756,15.549,-48.902,2,21
0.8169,-0.0762,-0.4126,-26.220,121.280,-185.427,1,21
0.8325,0.0020,-0.3687,-23.232,115.854,-185.366,1,21
0.8462,0.0718,-0.3271,-17.439,109.207,-184.695,1,21
0.8540,0.1436,-0.2900,-9.878,102.134,-183.841,1,21
0.8525,0.2266,-0.2505,-1.585,94.451,-182.805,1,21
0.8472,0.3193,-0.2070,7.927,86.707,-180.976,1,21
0.8335,0.3955,-0.1685,18.049,78.902,-178.780,1,21
0.8271,0.4849,-0.1597,29.390,70.976,-175.732,1,21
0.6377,-1.1763,-0.9365,38.963,-59.512,-79.756,2,21
0.6260,-1.1885,-0.9443,31.890,-62.561,-79.756,2,21
0.6021,-1.2026,-0.9526,23.598,-65.732,-80.305,2,21
0.6016,-1.2188,-0.9727,15.915,-68.110,-80.976,2,21
0.5840,-1.2158,-0.9805,7.134,-70.732,-81.220,2,21
0.5605,-1.2339,-0.9961,-1.585,-72.988,-82.012,2,21
0.5483,-1.2314,-0.9995,-10.122,-74.817,-82.439,2,21
0.5229,-1.2363,-1.0068,-19.207,-76.220,-82.988,2,21
0.5317,1.0791,-0.0903,210.244,0.488,-57.256,1,21
0.5469,1.0444,-0.0664,206.037,1.098,-48.780,1,21
0.5591,1.0054,-0.0625,200.549,2.927,-39.756,1,21
0.5806,0.9785,-0.0625,192.439,5.671,-31.037,1,21
0.6079,0.9434,-0.0630,182.805,9.207,-22.073,1,21
0.6460,0.9189,-0.0596,171.402,14.207,-13.415,1,21
0.6812,0.8916,-0.0591,158.171,19.817,-4.817,1,21
0.7329,0.8687,-0.0459,143.720,25.854,4.329,1,21
1.0649,0.6602,0.1611,29.634,20.854,62.256,1,21
1.0811,0.6484,0.1704,24.207,10.976,64.268,1,21
1.0791,0.6377,0.1636,20.183,2.073,65.793,1,21
1.0723,0.6206,0.1592,17.500,-7.378,66.707,1,21
1.0557,0.6074,0.1494,14.695,-15.549,67.256,1,21
1.0400,0.5903,0.1460,12.256,-22.256,67.378,1,21
1.0171,0.5718,0.1357,10.488,-27.866,67.012,1,21
0.9839,0.5405,0.1201,8.841,-32.256,66.402,1,21
0.9624,0.5132,0.1133,6.829,-35.671,66.220,1,21
0.9458,0.4849,0.1006,5.488,-38.354,65.488,1,21
0.9224,0.4619,0.1021,4.268,-39.207,64.451,1,21
0.9087,0.4453,0.1289,2.195,-39.390,63.354,1,21
0.8975,0.4199,0.1479,-0.671,-38.537,62.134,1,21
0.8921,0.4023,0.1626,-2.988,-38.049,61.220,1,21
0.8970,0.3794,0.1685,-4.878,-37.378,60.854,1,21
0.9082,0.3604,0.1855,-5.793,-37.012,60.732,1,21
0.2222,-0.7402,-0.7285,-143.659,-46.524,-97.134,2,21
0.2056,-0.7373,-0.7124,-141.159,-44.268,-96.463,2,21
0.1895,-0.7217,-0.7021,-138.293,-41.768,-95.732,2,21
0.1689,-0.7163,-0.6958,-135.000,-39.085,-94.817,2,21
0.1479,-0.7095,-0.6865,-131.951,-36.829,-93.476,2,21
0.1270,-0.7100,-0.6753,-128.476,-34.329,-92.073,2,21
0.1060,-0.7104,-0.6748,-125.122,-32.012,-90.732,2,21
0.0840,-0.7144,-0.6748,-121.829,-29.390,-89.634,2,21
1.8872,0.0146,0.1113,-12.622,-82.317,104.024,1,21
1.9424,-0.0122,0.0840,-14.695,-87.500,107.378,1,21
2.0117,-0.0503,0.0518,-16.768,-93.293,110.915,1,21
2.0869,-0.0854,0.0273,-19.329,-98.780,114.817,1,21
2.1582,-0.1162,0.0068,-22.561,-103.720,118.902,1,21
2.2378,-0.1489,-0.0112,-26.341,-108.476,123.232,1,21
2.3242,-0.1836,-0.0190,-31.341,-112.866,127.134,1,21
2.4131,-0.2207,-0.0317,-37.683,-116.951,131.098,1,21
-0.3096,-0.7964,-0.5283,-72.012,42.744,-40.793,2,21
-0.3076,-0.8076,-0.4937,-68.659,49.817,-37.439,2,21
-0.2925,-0.8184,-0.4722,-64.817,57.317,-33.963,2,21
-0.2690,-0.8286,-0.4385,-60.976,64.512,-30.244,2,21
-0.2559,-0.8374,-0.4033,-57.500,72.256,-26.707,2,21
-0.2285,-0.8516,-0.3530,-54.329,79.512,-23.293,2,21
-0.1958,-0.8579,-0.3188,-51.037,86.037,-19.939,2,21
-0.1538,-0.8716,-0.2769,-48.049,92.744,-16.280,2,21
2.4941,-0.2686,-0.0298,-44.756,-120.854,134.695,1,21
2.5815,-0.3125,-0.0220,-53.354,-125.183,137.927,1,21
2.6606,-0.3560,-0.0215,-63.171,-129.634,139.756,1,21
2.7417,-0.4033,-0.0015,-74.329,-135.000,141.037,1,21
2.8237,-0.4507,-0.0166,-86.585,-139.390,141.768,1,21
2.9009,-0.4800,-0.0200,-100.244,-144.146,142.012,1,21
2.9487,-0.5049,-0.0020,-117.500,-147.683,141.829,1,21
2.9883,-0.5210,0.0190,-137.622,-150.183,140.610,1,21
3.1250,0.2632,-0.0078,-315.488,-171.159,137.500,1,21
3.1123,0.4224,0.0010,-321.890,-179.878,139.817,1,21
3.1050,0.5059,0.0083,-324.756,-184.512,141.037,1,21
3.0679,0.7134,0.0562,-329.512,-201.159,144.512,1,21
3.0317,0.8418,0.0825,-329.695,-213.354,147.134,1,21
2.9961,0.9546,0.1113,-328.841,-225.427,150.671,1,21
2.9429,1.0605,0.1494,-326.220,-237.683,154.878,1,21
2.8857,1.1592,0.1982,-323.720,-250.122,159.756,1,21
1.2646,2.0098,1.4692,-166.220,-558.232,335.000,1,21
1.1748,2.0527,1.5288,-157.195,-568.171,333.171,1,21
1.0806,2.0874,1.5728,-147.988,-577.500,331.280,1,21
0.9824,2.1245,1.6260,-138.659,-586.951,329.512,1,21
0.9014,2.1543,1.6646,-129.756,-596.159,328.293,1,21
0.8203,2.1816,1.7085,-121.768,-603.963,327.256,1,21
0.7358,2.2217,1.7759,-115.122,-610.915,326.768,1,21
0.6597,2.2485,1.8340,-109.573,-617.683,327.378,1,21
1.3599,-0.8950,0.5703,-242.622,122.195,127.134,2,21
1.3545,-0.9106,0.5566,-243.415,123.476,127.805,2,21
1.3506,-0.9214,0.5557,-244.146,124.939,128.049,2,21
1.3584,-0.9331,0.5693,-244.756,126.524,128.110,2,21
1.3584,-0.9326,0.5732,-245.427,128.232,127.805,2,21
1.3560,-0.9438,0.5713,-246.159,129.939,127.622,2,21
1.3530,-0.9365,0.5786,-247.012,131.524,127.012,2,21
1.3525,-0.9336,0.5786,-247.561,132.927,126.280,2,21
-1.0283,1.6157,1.2231,-214.085,-833.415,340.122,1,21
-1.0552,1.6104,1.0981,-220.305,-834.573,337.866,1,21
-1.0913,1.6025,0.9878,-225.244,-833.720,334.878,1,21
-1.1294,1.5796,0.9058,-230.122,-831.341,331.280,1,21
-1.1655,1.5283,0.8003,-232.927,-827.195,327.012,1,21
-1.1855,1.4819,0.6997,-232.134,-822.012,321.768,1,21
-1.1968,1.4360,0.6118,-228.780,-814.451,315.854,1,21
-1.2178,1.3877,0.5190,-224.268,-805.488,308.415,1,21
1.3594,-0.9243,0.5869,-249.146,134.329,125.183,2,21
1.3545,-0.9209,0.5933,-250.183,135.549,124.268,2,21
1.3628,-0.9092,0.6035,-251.220,136.890,123.598,2,21
1.3530,-0.8994,0.6138,-252.256,138.293,122.805,2,21
1.3579,-0.8906,0.6313,-253.049,139.268,122.012,2,21
1.3535,-0.8809,0.6509,-253.841,140.854,121.524,2,21
1.3486,-0.8677,0.6729,-254.329,142.012,120.793,2,21
1.3457,-0.8608,0.6787,-255.305,142.866,120.732,2,21
-1.2241,1.3374,0.3999,-217.195,-794.268,300.427,1,21
-1.2256,1.2944,0.2622,-208.963,-780.610,291.037,1,21
-1.2368,1.2559,0.1284,-203.049,-761.646,280.549,1,21
-1.2471,1.1987,-0.0249,-198.598,-733.415,270.122,1,21
-1.2637,1.1147,-0.1201,-188.659,-701.037,259.329,1,21
-1.2642,1.0537,-0.1865,-174.329,-667.622,247.866,1,21
-1.2358,0.9893,-0.3003,-156.524,-635.366,235.000,1,21
-1.1792,0.9424,-0.3994,-136.402,-604.512,221.220,1,21
0.1807,1.1040,-1.1519,54.695,-354.268,119.756,1,21
0.3472,1.1870,-1.1558,71.585,-324.390,114.146,1,21
0.4976,1.2651,-1.2344,87.012,-295.915,109.451,1,21
0.6118,1.3691,-1.2632,102.378,-269.695,104.390,1,21
0.6616,1.4668,-1.2690,115.915,-246.585,96.829,1,21
0.6890,1.5791,-1.2393,127.561,-226.098,87.500,1,21
0.6655,1.7065,-1.2021,137.805,-209.024,76.829,1,21
0.6035,1.8511,-1.1455,147.744,-195.183,65.793,1,21
-0.5747,0.4585,-0.0718,74.024,232.378,-84.756,1,21
-0.5400,0.4604,-0.0786,74.024,235.671,-93.476,1,21
-0.4941,0.4609,-0.0625,72.866,238.780,-101.768,1,21
-0.4570,0.4751,-0.0513,71.098,241.280,-109.573,1,21
-0.4253,0.4937,-0.0635,68.110,243.415,-117.195,1,21
-0.3931,0.5190,-0.0532,64.634,244.817,-124.268,1,21
-0.3672,0.5527,-0.0581,59.939,246.341,-131.220,1,21
-0.3428,0.5938,-0.0596,55.183,247.683,-137.500,1,21
1.0352,-0.5757,0.2402,29.878,-77.988,-51.768,2,21
1.0342,-0.5767,0.2280,35.061,-79.024,-51.829,2,21
1.0371,-0.5806,0.2256,40.488,-79.939,-51.402,2,21
1.0454,-0.5806,0.2266,46.646,-81.098,-50.549,2,21
1.0474,-0.5850,0.2256,52.317,-82.134,-49.817,2,21
1.0566,-0.5908,0.2266,58.598,-83.171,-49.146,2,21
1.0630,-0.5938,0.2246,64.085,-84.085,-47.988,2,21
1.0659,-0.6050,0.2197,69.939,-84.756,-46.890,2,21
0.2476,1.6006,-0.5991,-12.683,318.537,-190.366,1,21
0.2632,1.6235,-0.6182,-9.268,324.146,-187.500,1,21
0.2729,1.6479,-0.6284,-4.634,329.756,-183.354,1,21
0.2935,1.6519,-0.6392,-0.915,335.671,-178.598,1,21
0.3130,1.6533,-0.6626,3.780,343.049,-176.159,1,21
0.3325,1.6616,-0.6592,8.598,350.915,-173.780,1,21
0.3364,1.6484,-0.6699,13.415,357.622,-172.683,1,21
0.3379,1.6582,-0.6772,18.354,364.146,-171.707,1,21
1.0688,-0.6113,0.2285,76.220,-85.976,-46.037,2,21
1.0806,-0.6284,0.2280,81.890,-86.890,-45.000,2,21
1.0830,-0.6406,0.2349,87.378,-88.110,-44.268,2,21
1.0952,-0.6626,0.2446,93.049,-89.390,-43.598,2,21
1.1060,-0.6763,0.2427,97.866,-90.732,-42.927,2,21
1.1108,-0.6943,0.2402,102.622,-92.012,-42.561,2,21
1.1226,-0.7124,0.2461,106.585,-93.415,-42.195,2,21
1.1260,-0.7310,0.2505,110.305,-94.695,-41.829,2,21
0.3433,1.6606,-0.6680,23.720,368.902,-170.854,1,21
0.3379,1.6553,-0.6758,28.780,373.354,-170.244,1,21
0.3481,1.6455,-0.6704,35.793,376.585,-169.817,1,21
0.3530,1.6411,-0.6758,43.049,378.354,-170.000,1,21
0.3555,1.6411,-0.6685,51.220,378.841,-170.671,1,21
0.3706,1.6533,-0.6558,58.841,378.476,-171.524,1,21
0.3848,1.6582,-0.6743,64.329,377.988,-172.500,1,21
0.4038,1.6528,-0.6880,70.610,378.415,-173.049,1,21
1.0005,-0.9810,0.2441,120.610,-125.061,-37.988,2,21
0.9902,-0.9902,0.2476,119.939,-126.951,-38.232,2,21
0.9717,-1.0059,0.2451,119.085,-128.659,-38.293,2,21
0.9614,-1.0146,0.2393,118.049,-130.854,-38.902,2,21
0.9390,-1.0171,0.2349,116.646,-132.866,-39.085,2,21
0.9243,-1.0249,0.2275,114.817,-135.061,-39.939,2,21
0.9185,-1.0332,0.2319,112.744,-136.890,-40.610,2,21
0.9053,-1.0400,0.2192,110.915,-138.598,-41.280,2,21
0.4263,1.3765,-0.2378,53.476,364.268,-161.890,1,21
0.4414,1.3442,-0.2139,45.061,362.378,-160.549,1,21
0.4404,1.3228,-0.2046,36.280,361.098,-159.024,1,21
0.4438,1.3149,-0.2036,27.805,360.000,-157.378,1,21
0.4370,1.3174,-0.1846,19.939,360.244,-156.463,1,21
0.4443,1.3193,-0.1411,12.134,361.585,-155.244,1,21
0.4287,1.3315,-0.0859,3.659,363.902,-154.573,1,21
0.4199,1.3472,-0.0547,-4.024,366.707,-153.537,1,21
0.8921,-1.0449,0.2173,108.232,-140.671,-42.561,2,21
0.8906,-1.0508,0.2080,107.439,-141.280,-42.927,2,21
0.8770,-1.0586,0.1982,105.000,-142.317,-43.598,2,21
0.8691,-1.0649,0.1846,103.049,-143.415,-43.963,2,21
0.8569,-1.0737,0.1836,101.037,-144.268,-44.817,2,21
0.8491,-1.0723,0.1797,99.573,-145.000,-45.549,2,21
0.8320,-1.0771,0.1719,97.683,-145.915,-46.098,2,21
0.8306,-1.0693,0.1704,96.037,-146.524,-46.585,2,21
0.4111,1.3574,-0.0190,-10.122,369.146,-151.829,1,21
0.4043,1.3745,0.0063,-14.939,370.610,-150.244,1,21
0.4053,1.3838,0.0444,-18.841,372.012,-147.683,1,21
0.3965,1.4077,0.0884,-22.744,373.171,-145.122,1,21
0.3984,1.4146,0.1206,-25.366,373.780,-141.463,1,21
0.4028,1.4253,0.1489,-27.988,373.963,-137.683,1,21
0.3989,1.4199,0.1738,-28.537,373.720,-132.744,1,21
0.4106,1.4204,0.1836,-28.110,372.927,-127.256,1,21
0.8218,-1.0703,0.1704,93.110,-147.134,-47.988,2,21
0.8159,-1.0718,0.1685,92.073,-147.256,-48.415,2,21
0.8110,-1.0669,0.1724,89.756,-146.768,-49.329,2,21
0.8022,-1.0625,0.1650,87.378,-146.524,-50.244,2,21
0.8032,-1.0654,0.1675,84.878,-145.915,-51.159,2,21
0.8003,-1.0562,0.1680,81.829,-145.244,-52.256,2,21
0.8047,-1.0527,0.1763,79.756,-144.512,-53.476,2,21
0.8018,-1.0503,0.1753,76.524,-144.146,-54.329,2,21
0.4229,1.4072,0.2104,-25.549,370.610,-118.537,1,21
0.4243,1.3984,0.2109,-23.963,369.695,-115.488,1,21
0.4380,1.3862,0.2114,-21.402,367.439,-109.024,1,21
0.4512,1.3691,0.1958,-17.622,364.817,-102.622,1,21
0.4668,1.3511,0.1895,-13.659,362.134,-95.915,1,21
0.4810,1.3311,0.1807,-9.878,359.695,-89.268,1,21
0.4897,1.2866,0.1616,-3.720,355.854,-79.512,1,21
0.4937,1.2388,0.1621,0.366,353.537,-73.232,1,21
0.8193,-1.0337,0.1787,71.280,-143.415,-56.341,2,21
0.8301,-1.0264,0.1724,66.890,-143.171,-57.317,2,21
0.8281,-1.0342,0.1763,65.183,-142.805,-58.171,2,21
0.8296,-1.0176,0.1860,61.037,-141.951,-59.939,2,21
0.8374,-1.0244,0.1826,57.073,-141.341,-61.159,2,21
0.8354,-1.0190,0.1890,53.963,-140.671,-62.439,2,21
0.8408,-1.0049,0.1973,50.671,-140.305,-64.024,2,21
0.8340,-0.9971,0.2036,48.293,-140.610,-65.305,2,21
0.5005,1.2041,0.1499,4.024,350.915,-67.256,1,21
0.4980,1.1548,0.1460,7.683,349.085,-61.890,1,21
0.4951,1.1089,0.1382,11.585,346.951,-56.768,1,21
0.5088,1.0527,0.1240,15.671,344.817,-52.439,1,21
0.5029,1.0020,0.1104,20.000,342.805,-48.537,1,21
0.5063,0.9507,0.0947,24.939,340.915,-45.427,1,21
0.5044,0.9033,0.0874,29.390,339.268,-42.622,1,21
0.5024,0.8647,0.0762,33.598,337.988,-40.671,1,21
0.8306,-0.9731,0.1963,44.024,-141.951,-68.049,2,21
0.8169,-0.9492,0.1934,41.585,-143.049,-70.122,2,21
0.8105,-0.9341,0.1768,39.390,-144.085,-71.829,2,21
0.8096,-0.9087,0.1665,37.744,-144.878,-74.024,2,21
0.7983,-0.8926,0.1602,36.707,-145.732,-75.976,2,21
0.7915,-0.8716,0.1475,36.341,-146.159,-77.866,2,21
0.7817,-0.8589,0.1470,35.671,-146.707,-79.756,2,21
0.7861,-0.8442,0.1362,35.732,-146.402,-81.585,2,21
0.5039,0.8271,0.0801,37.805,336.220,-38.963,1,21
0.5000,0.7949,0.0781,42.317,334.756,-37.256,1,21
0.5024,0.7686,0.0752,47.012,332.622,-36.402,1,21
0.5044,0.7490,0.0698,52.378,331.159,-35.305,1,21
0.5166,0.7437,0.0703,57.317,328.902,-34.634,1,21
0.5200,0.7339,0.0674,62.378,327.683,-33.841,1,21
0.5186,0.7339,0.0767,66.951,325.549,-33.171,1,21
0.5269,0.7368,0.0962,71.341,323.659,-32.134,1,21
0.7715,-0.8296,0.1367,35.854,-146.220,-83.232,2,21
0.7642,-0.8149,0.1348,37.195,-145.427,-84.329,2,21
0.7568,-0.8052,0.1279,38.659,-144.878,-85.671,2,21
0.7539,-0.7939,0.1226,40.305,-144.024,-86.646,2,21
0.7480,-0.7900,0.1167,42.378,-142.988,-87.256,2,21
0.7451,-0.7754,0.1123,44.756,-142.256,-87.683,2,21
0.7363,-0.7715,0.1055,47.439,-141.220,-87.866,2,21
0.7290,-0.7676,0.1201,50.244,-140.183,-88.293,2,21
0.5313,0.7402,0.1274,75.793,321.463,-30.854,1,21
0.5352,0.7437,0.1372,80.488,319.451,-29.512,1,21
0.5420,0.7358,0.1543,85.244,317.195,-28.293,1,21
0.5483,0.7388,0.1860,90.244,313.841,-26.646,1,21
0.5581,0.7402,0.1997,95.915,310.732,-25.183,1,21
0.5708,0.7358,0.2119,101.707,306.524,-23.598,1,21
0.5806,0.7290,0.2256,108.659,302.012,-21.890,1,21
0.6001,0.7300,0.2275,116.463,296.829,-20.305,1,21
0.7256,-0.7734,0.1055,52.988,-139.085,-88.110,2,21
0.7217,-0.7734,0.1060,55.610,-137.805,-87.744,2,21
0.7080,-0.7822,0.1118,58.415,-136.220,-87.317,2,21
0.7134,-0.8032,0.1055,61.098,-134.695,-86.890,2,21
0.7056,-0.8105,0.1167,64.329,-133.293,-86.280,2,21
0.6958,-0.8276,0.1196,66.890,-131.646,-85.610,2,21
0.6934,-0.8457,0.1196,69.573,-130.183,-85.122,2,21
0.6807,-0.8638,0.1177,72.317,-129.085,-84.695,2,21
0.6133,0.7109,0.2324,123.415,291.159,-18.476,1,21
0.6362,0.7051,0.2158,132.378,284.939,-17.317,1,21
0.6548,0.6919,0.1963,141.280,278.354,-16.098,1,21
0.6729,0.6768,0.1865,150.244,271.463,-15.122,1,21
0.6821,0.6631,0.1792,159.329,264.573,-14.390,1,21
0.6885,0.6479,0.1484,168.963,257.927,-14.085,1,21
0.6943,0.6318,0.1460,177.439,251.037,-14.329,1,21
0.6997,0.6025,0.1313,186.646,244.085,-14.634,1,21
0.7085,0.5786,0.1094,195.793,237.439,-15.366,1,21
0.7070,0.5415,0.0835,204.451,230.915,-16.524,1,21
0.7046,0.5132,0.0635,213.598,224.146,-17.744,1,21
0.7075,0.4795,0.0234,222.439,217.622,-19.451,1,21
0.7100,0.4517,-0.0073,231.646,211.402,-21.220,1,21
0.7163,0.4243,-0.0308,240.000,205.122,-23.171,1,21
0.7100,0.4014,-0.0698,247.744,199.451,-25.610,1,21
0.7207,0.3745,-0.1016,255.305,193.780,-28.476,1,21
0.7251,0.3452,-0.1606,263.110,188.902,-32.012,1,21
0.7256,0.3198,-0.2104,270.732,183.598,-35.366,1,21
0.7324,0.3115,-0.2603,278.476,179.024,-40.305,1,21
0.7417,0.3184,-0.3013,284.756,175.000,-45.732,1,21
0.7490,0.3413,-0.3364,289.573,171.463,-52.439,1,21
0.7471,0.3789,-0.3682,292.195,168.841,-59.695,1,21
0.7466,0.4336,-0.3682,293.110,167.256,-68.049,1,21
0.7432,0.4922,-0.3750,291.341,165.549,-75.732,1,21
0.6514,1.2256,-0.3921,255.488,136.220,-105.488,1,21
0.6406,1.3042,-0.3569,249.207,135.488,-105.122,1,21
0.6367,1.3452,-0.3379,245.671,135.305,-105.244,1,21
0.6260,1.4727,-0.2446,233.598,137.378,-104.268,1,21
0.6240,1.5405,-0.1758,224.756,140.244,-102.622,1,21
0.6250,1.5991,-0.0903,216.402,143.293,-100.488,1,21
0.6235,1.6387,-0.0122,208.659,146.341,-96.707,1,21
0.6377,1.6582,0.0981,201.524,148.720,-92.500,1,21
0.9287,0.7554,0.6353,235.671,122.805,-45.915,1,21
0.9717,0.6563,0.6221,251.341,115.793,-43.415,1,21
0.9976,0.5884,0.6104,266.220,109.573,-41.037,1,21
1.0342,0.5596,0.6050,279.756,103.720,-39.634,1,21
1.0615,0.5557,0.5830,291.037,97.927,-37.073,1,21
1.0850,0.5820,0.5508,299.939,92.683,-34.146,1,21
1.0903,0.6045,0.5088,306.585,86.341,-29.573,1,21
1.0767,0.6348,0.4653,310.610,79.512,-24.024,1,21
1.1499,0.1025,-0.1978,142.561,86.037,8.598,1,21
1.2017,0.1655,-0.1943,122.317,89.939,12.622,1,21
1.2480,0.2231,-0.1982,104.573,90.488,16.890,1,21
1.2856,0.2524,-0.2104,89.878,87.134,20.488,1,21
1.3042,0.2656,-0.2163,78.354,81.951,24.390,1,21
1.3184,0.2485,-0.2329,69.268,75.244,27.561,1,21
1.3198,0.2197,-0.2676,62.561,67.805,30.061,1,21
1.3027,0.1719,-0.2925,57.500,60.915,31.280,1,21
0.8237,-0.8555,-0.3774,97.927,-3.780,-29.939,2,21
0.8232,-0.8682,-0.3867,98.415,-0.976,-26.463,2,21
0.8315,-0.8740,-0.4028,99.024,2.439,-22.988,2,21
0.8145,-0.8809,-0.4136,100.000,5.244,-19.939,2,21
0.8101,-0.8877,-0.4248,100.793,8.476,-16.951,2,21
0.8037,-0.8965,-0.4438,101.280,11.463,-14.573,2,21
0.8027,-0.8877,-0.4639,101.220,14.390,-12.500,2,21
0.8042,-0.8892,-0.4824,101.280,17.744,-11.098,2,21
1.0830,-0.2676,-0.5391,-2.561,49.268,19.268,1,21
1.0825,-0.2798,-0.5508,-12.317,52.195,18.415,1,21
1.0830,-0.2803,-0.5752,-21.463,55.549,18.049,1,21
1.0947,-0.2783,-0.5894,-30.122,59.268,18.110,1,21
1.1099,-0.2666,-0.5962,-38.293,63.354,18.354,1,21
1.1333,-0.2583,-0.6021,-45.244,66.890,18.841,1,21
1.1572,-0.2334,-0.5962,-51.402,70.732,19.024,1,21
1.1826,-0.2153,-0.5986,-56.585,73.720,19.512,1,21
0.9966,0.0127,-0.3662,55.061,51.159,-61.098,1,21
0.9907,-0.0005,-0.3291,55.671,49.817,-60.244,1,21
0.9746,-0.0156,-0.3042,55.427,47.500,-59.390,1,21
0.9702,-0.0303,-0.2788,54.878,45.183,-58.537,1,21
0.9551,-0.0522,-0.2573,54.512,43.049,-57.317,1,21
0.9507,-0.0698,-0.2397,54.024,40.671,-56.402,1,21
0.9458,-0.0791,-0.2197,53.841,38.476,-54.878,1,21
0.9365,-0.0894,-0.1870,52.134,37.256,-53.598,1,21
0.7529,-1.1362,-0.6636,-35.305,-63.780,-67.256,2,21
0.7549,-1.0938,-0.6147,-42.683,-63.902,-70.671,2,21
0.7612,-1.0571,-0.5825,-50.305,-64.268,-74.146,2,21
0.7661,-1.0220,-0.5410,-57.195,-64.878,-77.378,2,21
0.7725,-0.9814,-0.5205,-63.780,-65.305,-79.878,2,21
0.7603,-0.9541,-0.5024,-69.573,-65.793,-82.561,2,21
0.7666,-0.9194,-0.4702,-75.305,-66.220,-84.756,2,21
0.7583,-0.8882,-0.4658,-80.671,-66.098,-86.463,2,21
0.9170,-0.0352,-0.0469,37.439,28.476,-23.841,1,21
0.9272,-0.0220,-0.0449,36.829,27.988,-22.378,1,21
0.9219,0.0024,-0.0249,35.732,27.012,-20.183,1,21
0.9180,0.0449,-0.0132,34.390,26.402,-17.561,1,21
0.9194,0.0977,-0.0068,31.098,25.915,-14.817,1,21
0.9146,0.1294,0.0151,28.841,25.183,-13.171,1,21
0.9092,0.1577,0.0371,26.768,24.634,-11.829,1,21
0.9102,0.1821,0.0586,25.366,24.024,-10.061,1,21
0.9155,0.2041,0.0566,24.146,22.988,-8.110,1,21
0.9199,0.2217,0.0776,23.232,21.951,-6.220,1,21
0.9243,0.2358,0.0991,22.378,21.280,-4.146,1,21
0.9307,0.2524,0.1226,21.829,20.061,-2.317,1,21
0.9365,0.2676,0.1226,20.000,18.902,-0.122,1,21
0.9453,0.2876,0.1299,19.146,17.439,1.341,1,21
0.9658,0.2900,0.1484,17.866,16.220,3.110,1,21
0.9712,0.3013,0.1509,15.732,14.512,4.695,1,21
0.7808,0.1709,0.1919,-60.183,-21.524,-4.146,1,21
0.7529,0.1436,0.1875,-65.854,-22.256,-4.939,1,21
0.7373,0.1211,0.1797,-71.585,-23.415,-5.061,1,21
0.7275,0.0898,0.1602,-75.183,-24.268,-4.573,1,21
0.7246,0.0811,0.1353,-77.927,-24.878,-4.390,1,21
0.7173,0.0601,0.1118,-79.817,-26.037,-3.841,1,21
0.7183,0.0415,0.0908,-81.707,-26.402,-3.110,1,21
0.7109,0.0327,0.0703,-83.537,-27.012,-2.683,1,21
0.6992,0.0117,0.0610,-85.122,-27.866,-2.683,1,21
0.6938,-0.0112,0.0264,-86.646,-28.476,-2.683,1,21
0.6807,-0.0352,0.0112,-87.805,-29.207,-2.561,1,21
0.6772,-0.0581,-0.0078,-88.293,-30.671,-3.476,1,21
0.6709,-0.0894,-0.0264,-88.720,-31.890,-4.451,1,21
0.6543,-0.1064,-0.0454,-88.720,-33.780,-5.915,1,21
0.6406,-0.1318,-0.0703,-88.963,-35.549,-7.500,1,21
0.6328,-0.1631,-0.0947,-88.354,-37.134,-9.695,1,21
1.9287,0.4097,-0.5913,-29.939,-56.341,-85.610,1,21
2.0347,0.4468,-0.5854,-31.768,-63.780,-83.415,1,21
2.1338,0.4785,-0.5786,-36.220,-70.976,-79.512,1,21
2.2476,0.5015,-0.5723,-41.585,-78.841,-74.695,1,21
2.3608,0.5273,-0.5659,-47.561,-87.622,-68.598,1,21
2.4785,0.5547,-0.5508,-54.817,-97.500,-61.768,1,21
2.5967,0.5806,-0.5425,-63.415,-107.439,-54.451,1,21
2.7026,0.6084,-0.5166,-73.537,-119.268,-47.378,1,21
3.6470,1.0488,-0.5825,-166.220,-212.866,2.134,1,21
3.7178,1.1860,-0.5771,-171.646,-220.000,6.280,1,21
3.7793,1.3232,-0.5796,-174.085,-227.500,10.671,1,21
3.8374,1.4893,-0.5688,-173.780,-234.939,15.488,1,21
3.8730,1.6450,-0.5459,-170.976,-243.293,20.854,1,21
3.8965,1.7891,-0.5186,-165.915,-252.561,26.951,1,21
3.9160,1.9121,-0.4883,-158.476,-262.439,34.268,1,21
3.9072,2.0166,-0.4487,-149.146,-272.622,43.232,1,21
3.2119,1.9727,0.1680,-34.085,-359.207,142.500,1,21
3.1533,1.9697,0.2119,-27.988,-363.659,146.829,1,21
3.0474,1.9331,0.2861,-16.159,-372.744,155.732,1,21
2.9346,1.9150,0.3755,-4.817,-381.768,164.634,1,21
2.8232,1.8994,0.4531,5.793,-391.037,173.232,1,21
2.7173,1.8848,0.5273,15.976,-400.366,181.341,1,21
2.5596,1.8545,0.6450,28.476,-413.780,193.232,1,21
2.4565,1.8286,0.7104,35.793,-421.951,201.159,1,21
1.2446,-1.0815,0.1846,-103.049,106.220,141.585,2,21
1.2314,-1.1265,0.1782,-109.146,105.671,142.317,2,21
1.2227,-1.1641,0.1851,-115.061,105.915,142.256,2,21
1.2134,-1.1924,0.1753,-121.037,106.037,142.195,2,21
1.2134,-1.2217,0.1934,-126.220,106.280,141.829,2,21
1.1997,-1.2388,0.2021,-132.134,106.524,141.341,2,21
1.2163,-1.2485,0.2090,-137.805,106.463,140.244,2,21
1.2202,-1.2500,0.2295,-143.659,106.463,138.841,2,21
1.5977,1.7412,1.2983,68.293,-487.866,254.268,1,21
1.5142,1.7485,1.3638,69.512,-493.171,257.744,1,21
1.4360,1.7656,1.4355,70.488,-496.890,260.610,1,21
1.3569,1.7837,1.5181,70.915,-500.244,262.988,1,21
1.2939,1.8022,1.5869,71.037,-503.476,265.305,1,21
1.2334,1.8135,1.6709,71.768,-506.341,267.805,1,21
1.1855,1.8301,1.7476,72.317,-509.878,270.732,1,21
1.1436,1.8354,1.8281,73.476,-513.720,273.780,1,21
0.7734,1.9551,2.1816,68.415,-555.427,295.671,1,21
0.7163,1.9814,2.1777,64.878,-556.890,297.805,1,21
0.6890,2.0024,2.1680,61.402,-558.171,300.305,1,21
0.6494,2.0415,2.1328,58.110,-560.183,302.744,1,21
0.6152,2.0752,2.0859,55.732,-561.707,305.488,1,21
0.5903,2.1421,2.0381,52.805,-562.744,307.988,1,21
0.5513,2.1938,1.9858,48.963,-563.659,310.488,1,21
0.5176,2.2583,1.9419,45.793,-563.537,313.171,1,21
-0.4263,2.5000,1.9746,-40.793,-564.634,349.878,1,21
-0.5000,2.4189,2.0190,-53.171,-565.366,348.963,1,21
-0.5693,2.3198,2.0488,-66.707,-566.890,348.049,1,21
-0.6431,2.2305,2.0732,-81.098,-568.659,346.341,1,21
-0.7036,2.1401,2.0635,-96.037,-570.671,343.598,1,21
-0.7715,2.0498,2.0688,-111.037,-572.195,340.732,1,21
-0.8213,1.9775,2.0591,-127.866,-573.049,337.073,1,21
-0.8750,1.8931,2.0640,-145.976,-572.073,333.720,1,21
1.2256,-0.6611,0.5464,-160.854,121.829,55.122,2,21
1.2095,-0.6328,0.5581,-157.134,123.171,54.024,2,21
1.2007,-0.6138,0.5542,-153.902,124.085,52.439,2,21
1.2080,-0.5801,0.5640,-150.854,124.878,50.793,2,21
1.1885,-0.5630,0.5557,-147.622,125.671,49.512,2,21
1.1807,-0.5396,0.5811,-144.756,126.280,48.049,2,21
1.1724,-0.5195,0.5825,-141.341,126.951,46.402,2,21
1.1650,-0.5039,0.5830,-137.805,127.439,45.122,2,21
-0.9424,1.7759,2.0039,-172.805,-567.378,328.476,1,21
-0.9624,1.7148,1.9385,-189.268,-562.256,325.061,1,21
-0.9766,1.6841,1.8799,-197.012,-558.659,323.293,1,21
-0.9707,1.6484,1.6802,-214.390,-546.524,317.256,1,21
-0.9541,1.6802,1.5093,-224.878,-535.122,312.073,1,21
-0.9370,1.7236,1.3652,-235.549,-519.329,306.402,1,21
-0.9351,1.8042,1.1792,-246.585,-498.232,299.573,1,21
-0.9370,1.8608,1.0225,-254.085,-474.085,291.890,1,21
1.1543,-0.4878,0.5815,-135.488,128.110,43.354,2,21
1.1343,-0.4736,0.5718,-132.927,128.293,41.829,2,21
1.1284,-0.4604,0.5811,-130.427,128.720,40.366,2,21
1.1079,-0.4556,0.5884,-127.561,129.024,38.963,2,21
1.0830,-0.4473,0.5894,-123.415,128.902,37.561,2,21
1.0640,-0.4297,0.6084,-118.902,128.780,36.037,2,21
1.0430,-0.4160,0.6133,-113.963,127.988,34.695,2,21
1.0210,-0.3848,0.6128,-110.061,126.585,32.988,2,21
-0.9492,1.9517,0.9233,-254.573,-453.171,282.927,1,21
-0.9634,2.0581,0.8745,-251.646,-435.366,272.744,1,21
-0.9790,2.1704,0.8462,-247.012,-422.317,261.280,1,21
-0.9849,2.2710,0.8276,-241.890,-414.451,250.183,1,21
-1.0068,2.3525,0.8081,-234.390,-411.951,240.671,1,21
-1.0366,2.4302,0.7666,-226.037,-413.354,233.354,1,21
-1.0815,2.4932,0.7134,-215.976,-416.341,228.354,1,21
-1.1396,2.5342,0.6382,-204.390,-418.537,225.732,1,21
-1.2295,2.5522,0.5386,-190.915,-417.988,225.854,1,21
-1.3506,2.5483,0.4517,-176.768,-413.049,227.927,1,21
-1.4946,2.5181,0.3394,-160.427,-402.256,230.976,1,21
-1.6719,2.4536,0.2300,-141.280,-386.037,234.390,1,21
-1.8711,2.3882,0.1274,-118.780,-365.549,237.012,1,21
-2.0801,2.3105,0.0381,-93.354,-342.073,238.415,1,21
-2.2754,2.2422,-0.0244,-66.463,-317.805,237.561,1,21
-2.4609,2.1636,-0.0645,-38.537,-293.476,234.939,1,21
1.1958,0.1709,0.0210,32.195,-47.927,0.915,2,21
1.1919,0.1572,0.0269,32.561,-48.963,1.646,2,21
1.1733,0.1401,0.0273,33.720,-50.976,2.805,2,21
1.1641,0.1143,0.0337,34.878,-52.866,3.598,2,21
1.1401,0.0913,0.0405,35.854,-54.390,4.451,2,21
1.1299,0.0684,0.0405,36.768,-56.402,4.512,2,21
1.1162,0.0420,0.0410,37.195,-58.110,4.756,2,21
1.0918,0.0264,0.0410,37.561,-59.512,4.695,2,21
-0.8247,0.8140,0.0254,21.037,256.402,-147.500,1,21
-0.7993,0.8555,0.0332,23.232,258.841,-151.646,1,21
-0.7715,0.8936,0.0498,25.854,260.915,-155.305,1,21
-0.7402,0.9233,0.0605,28.049,262.988,-158.659,1,21
-0.7065,0.9575,0.0581,30.366,264.573,-162.744,1,21
-0.6753,0.9878,0.0688,32.744,266.159,-166.280,1,21
-0.6479,1.0112,0.0767,35.244,268.171,-169.451,1,21
-0.6025,1.0288,0.0728,37.195,269.207,-172.805,1,21
0.9194,-0.7061,0.2773,136.646,-102.378,60.549,2,21
0.9072,-0.7163,0.2871,139.207,-103.049,61.585,2,21
0.9038,-0.7300,0.2788,141.463,-104.573,62.622,2,21
0.8984,-0.7451,0.2910,143.171,-105.854,63.537,2,21
0.8848,-0.7622,0.2886,144.756,-106.707,64.512,2,21
0.8662,-0.7876,0.2939,146.524,-107.622,65.427,2,21
0.8662,-0.7974,0.3003,147.378,-108.537,66.524,2,21
0.8521,-0.8218,0.2925,148.598,-109.146,67.683,2,21
0.6040,1.3315,-0.0137,58.171,365.976,-192.866,1,21
0.6099,1.3330,-0.0249,56.951,365.366,-192.622,1,21
0.6157,1.3311,-0.0225,55.000,365.305,-191.768,1,21
0.6216,1.3203,-0.0171,54.329,365.305,-190.793,1,21
0.6318,1.3213,-0.0229,53.232,365.061,-190.122,1,21
0.6357,1.3081,-0.0137,52.622,365.183,-188.902,1,21
0.6387,1.2959,-0.0127,51.768,364.512,-188.049,1,21
0.6401,1.2783,-0.0088,51.098,364.207,-186.829,1,21
0.7446,-1.0190,0.2402,134.451,-123.476,59.512,2,21
0.7544,-1.0249,0.2373,131.402,-123.354,58.110,2,21
0.7554,-1.0322,0.2266,127.744,-123.232,56.646,2,21
0.7646,-1.0391,0.2290,124.085,-123.049,55.427,2,21
0.7739,-1.0405,0.2168,120.427,-122.927,53.598,2,21
0.7886,-1.0469,0.2114,116.220,-123.110,52.195,2,21
0.7905,-1.0469,0.2197,112.561,-123.049,50.122,2,21
0.7959,-1.0479,0.2134,108.537,-123.110,48.293,2,21
0.7192,0.9067,0.2368,17.683,344.146,-162.073,1,21
0.7246,0.8843,0.2314,14.146,341.707,-161.280,1,21
0.7310,0.8647,0.2329,10.183,339.085,-160.610,1,21
0.7417,0.8413,0.2246,6.402,336.341,-159.695,1,21
0.7500,0.8218,0.2197,2.073,333.598,-159.024,1,21
0.7539,0.8042,0.1997,-2.012,330.671,-158.659,1,21
0.7588,0.7954,0.1851,-6.098,327.683,-158.476,1,21
0.7637,0.7734,0.1641,-9.817,324.390,-157.866,1,21
0.7725,0.6558,0.1201,-51.951,307.744,-153.171,1,21
0.7793,0.6465,0.1177,-56.280,306.159,-151.768,1,21
0.7847,0.6323,0.1108,-60.061,304.329,-150.488,1,21
0.7979,0.6128,0.0923,-63.780,301.890,-149.085,1,21
0.8052,0.5977,0.0786,-67.195,299.573,-147.500,1,21
0.8081,0.5820,0.0605,-69.451,296.707,-145.915,1,21
0.8184,0.5752,0.0327,-70.915,293.902,-144.573,1,21
0.8306,0.5596,0.0059,-71.768,290.854,-143.049,1,21
0.8564,-0.9077,0.2544,74.939,-128.354,19.390,2,21
0.8413,-0.9150,0.2510,74.634,-128.415,17.622,2,21
0.8340,-0.9189,0.2456,73.598,-128.780,16.646,2,21
0.8267,-0.9272,0.2480,72.866,-128.963,15.427,2,21
0.8242,-0.9248,0.2354,72.195,-128.780,13.841,2,21
0.8140,-0.9414,0.2344,71.402,-129.024,12.927,2,21
0.8115,-0.9487,0.2300,71.037,-129.207,11.707,2,21
0.8125,-0.9570,0.2212,70.122,-129.146,10.061,2,21
0.8242,0.5503,-0.0127,-72.317,288.049,-141.707,1,21
0.8311,0.5459,-0.0171,-73.476,284.634,-140.915,1,21
0.8193,0.5327,-0.0293,-74.451,282.073,-140.061,1,21
0.8096,0.5122,-0.0537,-75.244,279.268,-139.573,1,21
0.7998,0.5005,-0.0537,-75.793,276.768,-138.780,1,21
0.7974,0.4980,-0.0625,-75.610,274.268,-138.841,1,21
0.7793,0.4966,-0.0718,-75.793,271.951,-138.841,1,21
0.7725,0.4863,-0.0864,-75.549,269.512,-138.841,1,21
0.8081,-0.9766,0.2148,69.573,-129.512,8.720,2,21
0.8013,-0.9897,0.2080,68.720,-129.390,7.439,2,21
0.7939,-0.9932,0.1997,68.049,-129.817,5.671,2,21
0.7861,-1.0020,0.1797,67.744,-130.366,4.024,2,21
0.7808,-1.0103,0.1782,67.439,-130.366,2.256,2,21
0.7769,-1.0156,0.1655,67.683,-130.671,0.366,2,21
0.7671,-1.0190,0.1748,68.171,-131.220,-1.585,2,21
0.7676,-1.0234,0.1694,68.415,-131.463,-3.902,2,21
0.7588,0.4897,-0.1118,-74.817,266.524,-138.841,1,21
0.7524,0.5044,-0.1138,-75.000,264.573,-138.354,1,21
0.7417,0.5127,-0.1079,-75.061,262.439,-138.354,1,21
0.7324,0.5181,-0.1118,-76.768,260.488,-137.805,1,21
0.7261,0.5244,-0.1074,-77.500,258.963,-137.012,1,21
0.7231,0.5200,-0.1079,-78.110,257.134,-135.976,1,21
0.7388,0.5293,-0.1240,-78.476,254.939,-134.634,1,21
0.7466,0.5366,-0.1299,-77.439,252.805,-133.293,1,21
0.7554,0.5474,-0.1426,-76.402,250.732,-131.098,1,21
0.7759,0.5684,-0.1436,-75.366,248.780,-129.695,1,21
0.7813,0.5869,-0.1494,-74.939,246.341,-128.049,1,21
0.8081,0.5918,-0.1519,-74.329,243.354,-126.341,1,21
0.8228,0.6040,-0.1655,-72.988,240.427,-124.695,1,21
0.8423,0.6157,-0.1763,-71.220,236.707,-122.988,1,21
0.8740,0.6338,-0.1963,-68.537,232.378,-121.585,1,21
0.8950,0.6523,-0.2207,-65.671,227.622,-120.549,1,21
0.7251,-1.0459,0.1646,71.159,-129.695,-18.659,2,21
0.7183,-1.0459,0.1724,71.098,-129.756,-20.366,2,21
0.7114,-1.0449,0.1704,71.280,-129.939,-21.707,2,21
0.7085,-1.0474,0.1763,71.037,-129.939,-23.171,2,21
0.7051,-1.0439,0.1807,71.463,-130.183,-24.939,2,21
0.7104,-1.0381,0.1826,71.890,-130.488,-26.220,2,21
0.7075,-1.0356,0.1816,72.561,-130.366,-27.988,2,21
0.6978,-1.0278,0.1875,72.622,-130.366,-29.573,2,21
0.9141,0.6777,-0.2383,-62.622,222.805,-119.451,1,21
0.9282,0.7124,-0.2539,-59.878,217.927,-119.024,1,21
0.9482,0.7354,-0.2710,-56.768,213.354,-119.085,1,21
0.9727,0.7744,-0.2983,-53.963,208.598,-119.207,1,21
0.9907,0.8242,-0.3311,-49.939,203.963,-119.207,1,21
1.0020,0.8662,-0.3511,-46.037,199.573,-119.085,1,21
1.0205,0.9082,-0.3574,-41.768,195.427,-119.146,1,21
1.0269,0.9639,-0.3711,-37.500,191.341,-118.963,1,21
0.6953,-1.0205,0.1924,73.415,-130.183,-31.098,2,21
0.6973,-1.0151,0.1963,73.963,-130.183,-32.683,2,21
0.6934,-1.0020,0.1929,74.512,-129.756,-34.085,2,21
0.6914,-0.9927,0.1807,75.366,-129.817,-35.793,2,21
0.6909,-0.9819,0.1738,76.098,-129.634,-36.951,2,21
0.6938,-0.9795,0.1582,76.524,-129.329,-38.171,2,21
0.6914,-0.9731,0.1533,77.317,-128.476,-39.512,2,21
0.6895,-0.9741,0.1416,78.232,-127.500,-40.244,2,21
1.0391,1.0054,-0.3916,-32.866,187.256,-118.659,1,21
1.0459,1.0464,-0.4131,-27.683,182.622,-118.293,1,21
1.0645,1.0928,-0.4209,-21.890,177.805,-117.195,1,21
1.0591,1.1348,-0.4399,-15.854,173.110,-116.098,1,21
1.0713,1.1709,-0.4556,-9.024,167.805,-114.207,1,21
1.0864,1.2041,-0.4653,-2.439,162.439,-112.439,1,21
1.0923,1.2295,-0.4785,4.146,156.890,-110.000,1,21
1.1123,1.2617,-0.4961,11.037,151.646,-107.683,1,21
1.2334,1.4512,-0.5210,74.878,111.707,-71.646,1,21
1.2471,1.4644,-0.5171,82.683,106.829,-66.646,1,21
1.2573,1.4878,-0.5127,90.549,101.829,-62.012,1,21
1.2583,1.4951,-0.5000,97.500,97.195,-57.683,1,21
1.2646,1.5039,-0.4883,105.061,92.988,-53.598,1,21
1.2676,1.5234,-0.4658,111.768,88.293,-50.122,1,21
1.2725,1.5229,-0.4546,118.598,83.841,-46.280,1,21
1.2744,1.5278,-0.4263,124.390,79.268,-42.439,1,21
1.2739,1.5210,-0.3950,128.720,74.878,-38.415,1,21
1.2715,1.5161,-0.3740,133.110,70.061,-34.024,1,21
1.2690,1.4941,-0.3525,136.707,65.244,-29.268,1,21
1.2661,1.4785,-0.3389,140.183,59.939,-24.512,1,21
1.2607,1.4624,-0.3315,143.476,54.695,-19.268,1,21
1.2554,1.4404,-0.3271,145.488,49.451,-13.902,1,21
1.2544,1.4175,-0.3208,146.829,44.756,-8.415,1,21
1.2437,1.3936,-0.3311,147.073,40.122,-2.927,1,21
1.3765,1.1763,-0.3740,118.598,24.512,52.866,1,21
1.3984,1.1631,-0.3696,113.415,23.354,57.500,1,21
1.4146,1.1470,-0.3721,108.232,22.195,61.585,1,21
1.4292,1.1299,-0.3721,103.232,20.366,64.817,1,21
1.4282,1.1128,-0.3765,98.902,18.659,68.110,1,21
1.4209,1.0928,-0.3730,94.695,16.159,70.671,1,21
1.4072,1.0845,-0.3770,90.793,13.354,72.561,1,21
1.3931,1.0645,-0.3979,87.927,10.671,74.207,1,21
0.9854,0.6929,-0.3662,71.280,8.720,107.317,1,21
0.9839,0.6484,-0.3560,71.524,9.634,108.598,1,21
0.9780,0.6099,-0.3447,71.646,10.366,109.878,1,21
0.9766,0.5771,-0.3232,71.951,10.366,111.098,1,21
0.9678,0.5381,-0.3101,72.317,10.793,111.585,1,21
0.9648,0.4995,-0.3066,71.768,10.244,112.317,1,21
0.9614,0.4585,-0.2891,71.829,9.939,112.195,1,21
0.9399,0.4253,-0.2725,72.134,9.268,111.707,1,21
0.7573,-1.1113,-0.3433,37.805,-8.354,-79.756,2,21
0.7671,-1.0908,-0.3623,36.220,-5.549,-79.329,2,21
0.7769,-1.0684,-0.3706,34.329,-3.049,-78.780,2,21
0.7847,-1.0425,-0.3843,32.500,-0.732,-78.049,2,21
0.7900,-1.0317,-0.4087,30.915,1.098,-77.317,2,21
0.7964,-1.0151,-0.4219,29.512,2.988,-76.159,2,21
0.7998,-1.0010,-0.4473,29.268,4.329,-75.183,2,21
0.8052,-0.9756,-0.4600,28.476,5.976,-73.720,2,21
0.9331,0.3896,-0.2681,71.646,8.476,110.793,1,21
0.9121,0.3623,-0.2539,71.646,7.622,110.122,1,21
0.9063,0.3315,-0.2520,71.280,6.768,108.476,1,21
0.8877,0.3062,-0.2441,71.341,6.159,107.195,1,21
0.8706,0.2769,-0.2275,70.915,5.183,105.488,1,21
0.8428,0.2539,-0.2241,70.183,4.756,103.293,1,21
0.8315,0.2373,-0.2192,70.244,4.146,100.793,1,21
0.8032,0.2192,-0.2109,69.512,3.049,98.598,1,21
0.6021,0.1499,-0.1724,69.939,-1.037,71.768,1,21
0.5811,0.1362,-0.1685,70.854,-1.768,69.024,1,21
0.5615,0.1338,-0.1714,71.341,-2.378,65.854,1,21
0.5400,0.1206,-0.1680,72.500,-2.561,62.988,1,21
0.5195,0.1177,-0.1724,73.780,-3.354,60.122,1,21
0.4995,0.1187,-0.1748,75.000,-3.537,57.500,1,21
0.4907,0.1021,-0.1772,75.732,-3.598,54.939,1,21
0.4712,0.0874,-0.1787,77.134,-3.841,52.317,1,21
0.7710,-0.7920,-0.6553,80.000,-4.756,-47.256,2,21
0.7607,-0.7783,-0.6685,84.024,-8.598,-46.829,2,21
0.7617,-0.7769,-0.6836,88.354,-12.622,-45.854,2,21
0.7690,-0.7729,-0.7051,91.951,-17.012,-45.122,2,21
0.7573,-0.7803,-0.7324,94.451,-21.890,-44.085,2,21
0.7646,-0.7832,-0.7617,96.646,-26.768,-43.232,2,21
0.7671,-0.8037,-0.7881,98.537,-31.037,-42.317,2,21
0.7593,-0.8257,-0.8174,100.427,-35.854,-41.280,2,21
0.4512,0.0674,-0.1812,78.110,-3.598,49.085,1,21
0.4409,0.0503,-0.1787,78.963,-3.537,46.646,1,21
0.4380,0.0439,-0.1846,79.268,-3.354,45.610,1,21
0.4194,0.0142,-0.1899,81.463,-2.927,42.622,1,21
0.4023,-0.0220,-0.1880,82.561,-2.256,40.305,1,21
0.3853,-0.0454,-0.1934,83.963,-1.646,38.598,1,21
0.3745,-0.0762,-0.1909,85.915,-0.976,36.951,1,21
0.3730,-0.1074,-0.1992,87.988,-0.610,35.305,1,21
0.7534,-0.8452,-0.8281,102.378,-40.549,-40.000,2,21
0.7563,-0.8662,-0.8589,103.659,-45.671,-39.024,2,21
0.7397,-0.8960,-0.8804,103.780,-50.488,-38.110,2,21
0.7295,-0.9189,-0.9082,103.232,-55.732,-36.890,2,21
0.7139,-0.9585,-0.9355,101.890,-60.488,-35.976,2,21
0.6973,-0.9961,-0.9658,100.610,-64.634,-34.878,2,21
0.6733,-1.0269,-0.9810,98.537,-69.329,-33.720,2,21
0.6387,-1.0645,-0.9990,95.732,-73.415,-32.500,2,21
0.9312,0.2524,-0.5205,-41.037,143.780,-163.780,1,21
1.0200,0.2881,-0.5171,-40.610,151.463,-165.488,1,21
1.1201,0.3120,-0.5127,-40.061,158.232,-166.951,1,21
1.2358,0.3408,-0.5122,-39.756,164.085,-167.500,1,21
1.3574,0.3687,-0.4893,-39.634,168.415,-167.622,1,21
1.5083,0.3975,-0.4590,-40.854,171.280,-167.561,1,21
1.6709,0.4292,-0.4307,-43.232,172.622,-167.012,1,21
1.8608,0.4468,-0.3960,-46.707,172.256,-165.610,1,21
3.9111,0.4253,0.1313,-113.354,64.817,-132.927,1,21
3.9990,0.4272,0.1411,-116.768,43.415,-135.793,1,21
4.0645,0.4453,0.1343,-119.329,23.110,-139.695,1,21
4.0981,0.4946,0.1133,-121.524,5.000,-143.780,1,21
4.1108,0.5640,0.1045,-123.902,-9.878,-146.463,1,21
4.1011,0.6318,0.0854,-127.317,-20.671,-146.524,1,21
4.0820,0.7275,0.0933,-131.707,-28.476,-143.659,1,21
4.0659,0.8145,0.0913,-135.732,-33.476,-138.598,1,21
4.5571,2.1455,0.6572,-103.720,-120.732,-3.476,1,21
4.5762,2.2354,0.7563,-89.268,-137.195,12.622,1,21
4.5752,2.3008,0.8569,-74.634,-155.549,29.146,1,21
4.5518,2.3462,0.9277,-59.573,-174.634,46.585,1,21
4.5137,2.3691,0.9927,-44.512,-195.183,64.573,1,21
4.4517,2.3760,1.0591,-28.902,-216.951,83.293,1,21
4.3442,2.3740,1.1333,-13.963,-239.085,103.110,1,21
4.2241,2.3408,1.1997,-0.915,-261.220,122.683,1,21
2.4668,1.7451,1.6011,48.598,-437.500,285.793,1,21
2.2910,1.7041,1.6094,44.512,-450.854,298.232,1,21
2.2153,1.6958,1.6089,41.951,-457.134,303.598,1,21
2.0591,1.6772,1.6128,36.829,-468.780,313.780,1,21
1.8496,1.6636,1.6265,28.171,-483.354,326.341,1,21
1.7246,1.6665,1.6436,21.890,-491.768,332.744,1,21
1.6035,1.6724,1.6460,15.610,-499.573,338.293,1,21
1.4858,1.6646,1.6563,10.549,-506.890,342.866,1,21
0.9551,-0.8022,0.2524,-172.561,174.573,102.744,2,21
0.9673,-0.8062,0.2598,-172.012,173.598,103.049,2,21
0.9897,-0.8052,0.2729,-171.585,172.134,102.561,2,21
1.0054,-0.8140,0.2788,-171.341,170.732,102.439,2,21
1.0151,-0.8135,0.2896,-170.610,169.573,101.890,2,21
1.0386,-0.8184,0.2983,-169.634,168.232,101.159,2,21
1.0503,-0.8247,0.3213,-169.207,167.134,100.000,2,21
1.0654,-0.8286,0.3457,-168.293,165.610,99.085,2,21
1.3779,1.6558,1.6563,6.037,-514.573,346.341,1,21
1.2783,1.6587,1.6563,3.598,-522.012,349.512,1,21
1.1748,1.6582,1.6533,1.951,-529.878,351.220,1,21
1.0781,1.6626,1.6509,2.317,-537.927,352.622,1,21
0.9795,1.6772,1.6572,3.232,-545.305,353.476,1,21
0.8857,1.6875,1.6641,4.451,-553.110,353.659,1,21
0.7983,1.7021,1.6733,6.829,-560.366,353.476,1,21
0.7017,1.7285,1.6797,9.878,-567.500,352.500,1,21
0.0811,2.1069,1.7427,38.476,-588.537,348.963,1,21
0.0615,2.1548,1.7441,41.463,-584.329,352.744,1,21
0.0518,2.2104,1.7563,44.695,-578.963,357.378,1,21
0.0400,2.2451,1.7725,47.866,-573.415,363.110,1,21
0.0332,2.2847,1.7866,49.329,-568.110,369.085,1,21
0.0332,2.3076,1.8027,50.122,-562.622,375.366,1,21
0.0371,2.3335,1.8076,50.183,-559.146,381.646,1,21
0.0435,2.3408,1.8149,48.841,-556.829,387.256,1,21
-1.3018,1.9189,1.2944,-156.280,-732.744,285.061,1,21
-1.3662,1.9663,1.1309,-162.317,-730.915,279.939,1,21
-1.4224,2.0767,0.8403,-170.915,-716.280,275.976,1,21
-1.5391,2.3608,0.1724,-209.695,-650.305,277.439,1,21
-1.8213,2.0498,0.2520,-219.939,-557.439,283.780,1,21
-1.9526,2.0225,0.3237,-205.000,-492.805,284.512,1,21
-2.0156,2.0063,0.3623,-190.305,-440.976,278.902,1,21
-2.0229,1.9966,0.4209,-174.573,-403.354,268.476,1,21
-2.4570,0.8545,-0.0171,7.561,-65.122,105.610,1,21
-2.5376,0.7559,-0.0479,8.720,-55.244,103.720,1,21
-2.5620,0.6660,-0.0635,8.598,-46.951,101.524,1,21
-2.5620,0.5791,-0.0854,7.683,-39.512,100.183,1,21
-2.5396,0.5063,-0.1064,5.854,-32.378,99.085,1,21
-2.4766,0.4385,-0.1450,3.293,-24.817,99.207,1,21
-2.4043,0.3848,-0.1963,0.122,-16.829,99.390,1,21
-2.3145,0.3462,-0.2656,-2.683,-7.683,99.512,1,21
1.1694,0.0522,0.2759,-41.159,42.073,43.780,2,21
1.1694,0.0581,0.2729,-37.439,40.732,43.963,2,21
1.1821,0.0791,0.2637,-30.122,37.622,43.415,2,21
1.1738,0.0977,0.2471,-23.110,35.061,43.110,2,21
1.1772,0.1118,0.2236,-15.854,32.378,43.049,2,21
1.1860,0.1289,0.2046,-8.598,29.512,42.744,2,21
1.1934,0.1523,0.1875,-1.524,27.134,42.561,2,21
1.2036,0.1558,0.1680,5.854,24.024,42.927,2,21
1.2124,0.1719,0.1470,12.927,21.341,42.988,2,21
1.2158,0.1870,0.1235,19.756,18.598,43.293,2,21
1.2324,0.2017,0.1094,26.098,15.671,43.963,2,21
1.2388,0.2090,0.0864,32.317,12.988,44.573,2,21
1.2456,0.2114,0.0684,38.537,10.549,45.061,2,21
1.2651,0.2173,0.0508,43.780,7.561,45.854,2,21
1.2539,0.2178,0.0439,49.817,5.061,46.585,2,21
1.2603,0.2183,0.0234,55.610,2.134,47.317,2,21
-1.8032,0.3535,-0.5576,-0.183,110.183,43.963,1,21
-1.7720,0.3413,-0.5391,-1.341,121.707,32.256,1,21
-1.7334,0.3237,-0.5283,-3.902,132.561,20.122,1,21
-1.7114,0.2993,-0.5112,-7.805,141.585,7.805,1,21
-1.6924,0.2715,-0.4912,-12.378,149.512,-5.000,1,21
-1.6660,0.2490,-0.4863,-18.171,157.378,-17.256,1,21
-1.6406,0.2275,-0.4868,-24.024,164.390,-28.415,1,21
-1.6074,0.2148,-0.4844,-28.780,170.305,-39.756,1,21
-1.5776,0.2231,-0.4756,-34.146,175.488,-49.939,1,21
-1.5454,0.2480,-0.4648,-38.841,179.573,-59.390,1,21
-1.5195,0.2847,-0.4429,-43.963,183.293,-68.232,1,21
-1.4805,0.3350,-0.4297,-48.232,187.439,-75.915,1,21
-1.4565,0.3950,-0.4106,-52.256,191.402,-83.110,1,21
-1.4199,0.4585,-0.4019,-54.573,196.159,-89.024,1,21
-1.3921,0.5234,-0.3838,-55.976,201.585,-94.024,1,21
-1.3569,0.6035,-0.3691,-55.244,207.378,-98.293,1,21
1.1885,0.1074,-0.0991,92.012,-29.634,51.280,2,21
1.1694,0.0913,-0.1074,93.841,-32.744,51.646,2,21
1.1650,0.0630,-0.1045,95.549,-35.976,52.073,2,21
1.1519,0.0386,-0.1064,96.646,-38.902,52.378,2,21
1.1514,0.0098,-0.1123,97.012,-42.256,52.866,2,21
1.1392,-0.0176,-0.1025,97.500,-45.244,53.415,2,21
1.1338,-0.0439,-0.1030,96.707,-48.537,54.024,2,21
1.1304,-0.0723,-0.0889,95.854,-51.829,54.512,2,21
-1.3149,0.7051,-0.3682,-51.098,217.500,-103.659,1,21
-1.3081,0.7461,-0.3677,-48.720,220.915,-105.305,1,21
-1.2773,0.8145,-0.3667,-42.683,228.171,-108.415,1,21
-1.2573,0.8843,-0.3643,-35.610,234.878,-111.585,1,21
-1.2290,0.9453,-0.3462,-28.354,241.646,-114.939,1,21
-1.1997,1.0063,-0.3291,-20.183,248.049,-118.598,1,21
-1.1563,1.0674,-0.2822,-9.085,257.317,-125.061,1,21
-1.1216,1.0991,-0.2554,-2.134,263.293,-129.512,1,21
1.1196,-0.1021,-0.0874,93.902,-54.878,54.939,2,21
1.1177,-0.1338,-0.0635,91.707,-57.988,55.732,2,21
1.1064,-0.1602,-0.0547,89.390,-61.280,55.793,2,21
1.1016,-0.1807,-0.0444,86.524,-64.085,55.976,2,21
1.0854,-0.2100,-0.0313,83.598,-67.256,56.098,2,21
1.0796,-0.2383,-0.0171,80.488,-70.244,56.098,2,21
1.0713,-0.2554,-0.0068,77.439,-72.988,55.610,2,21
1.0615,-0.2778,0.0112,73.902,-75.793,55.366,2,21
-1.0947,1.1172,-0.2246,4.756,268.415,-134.207,1,21
-1.0581,1.1328,-0.1909,10.976,273.841,-138.720,1,21
-1.0249,1.1396,-0.1655,16.463,278.171,-143.232,1,21
-0.9863,1.1372,-0.1567,21.524,281.646,-147.988,1,21
-0.9604,1.1338,-0.1416,25.976,284.817,-152.561,1,21
-0.9136,1.1240,-0.1362,30.000,287.500,-157.073,1,21
-0.8784,1.1182,-0.1143,32.561,289.451,-161.402,1,21
-0.8457,1.1138,-0.1133,34.878,291.159,-165.793,1,21
0.9517,-0.5728,0.1240,34.268,-109.451,39.939,2,21
0.9487,-0.5962,0.1348,35.488,-110.366,39.573,2,21
0.9409,-0.6196,0.1582,37.256,-111.220,39.207,2,21
0.9448,-0.6479,0.1704,39.268,-112.378,38.902,2,21
0.9419,-0.6763,0.1855,40.671,-113.293,38.171,2,21
0.9351,-0.7017,0.1890,42.622,-114.634,37.866,2,21
0.9438,-0.7266,0.2144,44.329,-115.976,37.500,2,21
0.9429,-0.7539,0.2324,46.463,-117.195,37.073,2,21
-0.1777,1.1987,0.0698,41.524,347.561,-185.244,1,21
-0.1357,1.2012,0.0757,42.988,353.598,-184.512,1,21
-0.0747,1.2241,0.0825,44.695,359.573,-183.841,1,21
-0.0273,1.2358,0.0894,45.671,366.280,-183.171,1,21
0.0142,1.2642,0.0938,46.463,373.537,-182.744,1,21
0.0640,1.2842,0.1108,46.951,382.134,-182.012,1,21
0.1133,1.3193,0.1143,46.159,391.402,-181.524,1,21
0.1899,1.3643,0.1177,43.720,402.988,-180.427,1,21
1.1104,1.6743,0.3569,39.756,407.012,-168.171,1,21
1.0840,1.6719,0.3301,40.793,397.622,-164.817,1,21
1.0420,1.6689,0.3018,42.500,389.329,-160.793,1,21
0.9932,1.6533,0.2690,44.756,382.500,-156.768,1,21
0.9443,1.6392,0.2417,47.256,376.951,-153.415,1,21
0.8936,1.6230,0.2246,49.451,372.622,-150.610,1,21
0.8472,1.5977,0.2119,50.671,369.756,-148.049,1,21
0.8032,1.5620,0.1846,51.341,367.988,-145.793,1,21
0.7046,-1.2319,0.2222,32.012,-155.061,4.085,2,21
0.7021,-1.2090,0.2144,29.146,-154.634,1.220,2,21
0.6934,-1.1899,0.2227,26.585,-154.573,-1.341,2,21
0.6831,-1.1753,0.2241,24.451,-154.329,-4.024,2,21
0.6885,-1.1450,0.2090,23.171,-154.329,-6.585,2,21
0.6782,-1.1333,0.2144,21.646,-154.207,-9.024,2,21
0.6680,-1.1133,0.2017,20.793,-154.146,-11.220,2,21
0.6626,-1.0977,0.2192,20.488,-153.598,-13.110,2,21
0.8911,0.9067,-0.0620,23.902,304.695,-78.110,1,21
0.8857,0.8916,-0.0767,24.512,301.220,-77.134,1,21
0.8716,0.8765,-0.0737,25.671,298.110,-76.280,1,21
0.8721,0.8579,-0.0903,26.768,295.183,-75.427,1,21
0.8633,0.8374,-0.0996,28.415,292.073,-74.512,1,21
0.8652,0.8276,-0.1079,28.902,288.841,-73.415,1,21
0.8599,0.7939,-0.1221,31.037,285.854,-72.195,1,21
0.8584,0.7847,-0.1367,32.927,282.439,-71.159,1,21
0.9219,0.3770,-0.4185,151.585,108.415,-105.671,1,21
0.9238,0.4092,-0.4243,149.024,105.488,-107.439,1,21
0.9146,0.4355,-0.4336,146.646,102.866,-108.780,1,21
0.9243,0.4756,-0.4180,143.537,100.183,-110.061,1,21
0.9233,0.5078,-0.4136,140.122,98.049,-111.707,1,21
0.9214,0.5498,-0.4126,137.805,95.488,-112.866,1,21
0.9238,0.5796,-0.4028,135.305,92.988,-113.780,1,21
0.9258,0.6221,-0.3877,132.500,90.793,-114.878,1,21
0.9487,0.8711,-0.3335,116.159,67.439,-111.220,1,21
0.9414,0.9038,-0.3203,115.305,65.549,-110.122,1,21
0.9395,0.9341,-0.3076,114.756,63.720,-109.512,1,21
0.9292,0.9580,-0.2915,113.415,61.585,-108.537,1,21
0.9302,0.9746,-0.2754,112.561,59.878,-108.049,1,21
0.9268,1.0044,-0.2661,112.256,57.622,-107.622,1,21
0.9219,1.0317,-0.2637,111.402,55.488,-107.256,1,21
0.9155,1.0601,-0.2593,110.549,53.537,-106.890,1,21
0.5430,-1.1143,-0.0020,153.049,-85.427,-45.610,2,21
0.5410,-1.1318,-0.0103,152.378,-84.878,-46.768,2,21
0.5220,-1.1543,-0.0098,151.159,-83.720,-47.805,2,21
0.5146,-1.1680,-0.0181,149.451,-82.805,-49.146,2,21
0.5068,-1.1724,-0.0244,148.110,-81.646,-50.488,2,21
0.4976,-1.1748,-0.0269,145.915,-80.549,-51.890,2,21
0.4897,-1.1699,-0.0254,143.841,-79.024,-53.049,2,21
0.4888,-1.1665,-0.0391,141.280,-78.049,-53.963,2,21
1.0889,0.6587,0.0581,19.939,46.280,-7.195,1,21
1.0933,0.6333,0.0630,16.707,45.732,-5.976,1,21
1.1108,0.5776,0.0854,9.085,44.024,-4.756,1,21
1.1138,0.5225,0.0889,1.524,42.195,-3.537,1,21
1.1226,0.4521,0.1123,-10.244,38.537,-2.439,1,21
1.1255,0.4028,0.1206,-18.598,35.915,-2.195,1,21
1.1143,0.3721,0.1304,-27.195,33.293,-2.622,1,21
1.1133,0.3384,0.1270,-35.549,30.427,-3.049,1,21
0.9624,0.2178,-0.0649,-97.622,15.305,-14.939,1,21
0.9492,0.2271,-0.0752,-102.012,15.976,-15.793,1,21
0.9238,0.2261,-0.1050,-105.427,16.646,-17.012,1,21
0.9146,0.2300,-0.1245,-108.049,17.866,-18.049,1,21
0.8975,0.2305,-0.1602,-108.902,18.232,-18.720,1,21
0.8843,0.2319,-0.1895,-109.024,18.963,-19.512,1,21
0.8828,0.2407,-0.2144,-107.927,19.634,-20.244,1,21
0.8657,0.2461,-0.2466,-106.402,20.244,-21.341,1,21
0.7856,0.2075,-0.3887,-73.780,28.110,-32.317,1,21
0.7725,0.1948,-0.3975,-68.293,28.659,-33.598,1,21
0.7676,0.1792,-0.4204,-62.378,29.207,-35.305,1,21
0.7539,0.1572,-0.4258,-56.768,29.634,-37.012,1,21
0.7476,0.1421,-0.4341,-50.671,30.244,-38.720,1,21
0.7446,0.1294,-0.4595,-44.756,30.915,-40.793,1,21
0.7422,0.1089,-0.4624,-39.512,32.012,-42.683,1,21
0.7437,0.0869,-0.4922,-33.354,32.927,-44.390,1,21
0.6802,-0.0352,-0.5303,20.671,46.037,-63.963,1,21
0.6621,-0.0464,-0.5249,26.037,46.098,-67.012,1,21
0.6519,-0.0645,-0.5215,31.402,45.000,-70.122,1,21
0.6362,-0.0791,-0.5068,36.220,43.841,-73.415,1,21
0.6177,-0.0898,-0.4980,40.061,42.500,-77.500,1,21
0.6025,-0.1123,-0.4951,43.293,40.793,-81.220,1,21
0.5874,-0.1289,-0.4907,45.793,39.451,-84.878,1,21
0.5703,-0.1436,-0.4795,47.622,37.866,-88.963,1,21
0.3750,-0.2109,-0.3521,44.390,37.195,-126.707,1,21
0.3618,-0.2192,-0.3501,44.207,37.256,-129.268,1,21
0.3574,-0.2197,-0.3428,44.390,37.256,-131.280,1,21
0.3423,-0.2295,-0.3281,43.780,37.378,-133.354,1,21
0.3442,-0.2310,-0.3213,42.439,37.134,-135.000,1,21
0.3428,-0.2368,-0.3071,40.061,37.500,-136.402,1,21
0.3369,-0.2310,-0.2959,37.195,37.561,-137.805,1,21
0.3379,-0.2246,-0.2778,33.110,38.171,-138.415,1,21
0.3560,0.9468,-0.0605,-102.927,80.000,-151.707,1,21
0.3770,1.0103,-0.0430,-101.707,87.622,-151.585,1,21
0.4043,1.0786,-0.0273,-99.939,94.512,-151.098,1,21
0.4375,1.1211,-0.0083,-97.866,100.549,-151.159,1,21
0.4829,1.1567,0.0186,-94.939,106.646,-151.098,1,21
0.5283,1.1787,0.0439,-92.561,110.976,-150.671,1,21
0.5859,1.1885,0.0688,-89.817,114.573,-150.122,1,21
0.6333,1.2085,0.0889,-86.829,116.890,-148.963,1,21
0.6836,1.2090,0.1123,-84.573,118.537,-147.500,1,21
0.7275,1.2119,0.1343,-81.707,118.354,-144.939,1,21
0.7827,1.2075,0.1572,-79.512,117.439,-142.256,1,21
0.8350,1.2065,0.1885,-77.012,115.549,-138.720,1,21
0.8901,1.2065,0.2168,-75.244,113.598,-134.878,1,21
0.9453,1.2119,0.2529,-73.780,111.402,-130.305,1,21
1.0078,1.2158,0.2964,-73.232,109.634,-125.610,1,21
1.0693,1.2246,0.3428,-73.476,107.866,-120.305,1,21
2.1792,1.1709,0.7017,-131.220,10.122,5.244,1,21
2.1909,1.1748,0.6948,-132.500,6.524,6.951,1,21
2.2358,1.1899,0.6807,-136.098,0.366,10.183,1,21
2.2715,1.2061,0.6694,-140.366,-5.244,13.902,1,21
2.3135,1.2266,0.6670,-144.817,-10.061,17.988,1,21
2.3628,1.2471,0.6421,-149.146,-14.878,22.317,1,21
2.4375,1.2837,0.5962,-152.073,-22.195,30.488,1,21
2.4990,1.3188,0.5605,-152.744,-27.805,36.463,1,21
-0.2251,-0.4927,-0.2471,-95.671,8.293,-48.598,2,21
-0.2227,-0.4956,-0.2422,-96.463,11.585,-45.915,2,21
-0.2246,-0.4893,-0.2456,-97.500,15.122,-43.171,2,21
-0.2324,-0.4922,-0.2368,-98.720,19.268,-40.610,2,21
-0.2324,-0.4927,-0.2271,-99.390,23.841,-38.049,2,21
-0.2231,-0.5063,-0.2153,-100.427,28.780,-35.366,2,21
-0.2134,-0.5078,-0.1890,-101.524,33.780,-32.988,2,21
-0.1953,-0.5093,-0.1758,-102.683,39.451,-30.183,2,21
2.5620,1.3701,0.5264,-152.195,-34.329,42.683,1,21
2.6226,1.4092,0.4951,-150.427,-41.829,49.085,1,21
2.6802,1.4595,0.4580,-147.683,-49.878,55.244,1,21
2.7378,1.4932,0.3975,-143.659,-59.390,61.037,1,21
2.7920,1.5449,0.3462,-137.256,-69.634,67.317,1,21
2.8408,1.5933,0.3140,-129.451,-80.244,72.866,1,21
2.8887,1.6323,0.2637,-120.427,-91.524,78.720,1,21
2.9150,1.6675,0.2266,-109.634,-103.537,84.146,1,21
1.7275,1.1768,1.5068,-8.415,-546.707,221.280,1,21
1.6738,1.1606,1.5786,-16.341,-560.610,220.854,1,21
1.6235,1.1533,1.6470,-26.098,-573.354,220.488,1,21
1.5620,1.1382,1.7251,-36.768,-585.671,219.756,1,21
1.5088,1.1235,1.8066,-46.951,-596.951,218.110,1,21
1.4624,1.1084,1.8896,-56.646,-607.256,216.280,1,21
1.4170,1.1055,1.9771,-65.732,-616.890,213.659,1,21
1.3809,1.1025,2.0576,-73.171,-625.976,211.220,1,21
1.3638,-0.7383,0.1001,-88.476,140.610,50.000,2,21
1.3652,-0.7319,0.0869,-83.598,139.390,48.171,2,21
1.3823,-0.7153,0.0830,-79.512,138.537,46.098,2,21
1.3872,-0.7007,0.0698,-76.646,137.134,44.085,2,21
1.3965,-0.6899,0.0698,-73.902,135.793,42.073,2,21
1.3994,-0.6665,0.0610,-71.463,134.756,40.671,2,21
1.4150,-0.6553,0.0596,-69.634,133.293,39.024,2,21
1.4185,-0.6455,0.0566,-68.659,131.341,37.866,2,21
1.3389,1.1025,2.1323,-79.146,-634.817,207.805,1,21
1.2993,1.1147,2.2217,-82.134,-643.720,203.780,1,21
1.2539,1.1523,2.3003,-82.195,-652.134,199.878,1,21
1.2036,1.1963,2.3867,-80.183,-660.305,194.756,1,21
1.1387,1.2534,2.4785,-75.488,-668.841,189.817,1,21
1.0640,1.2979,2.5537,-68.354,-677.561,184.634,1,21
0.9917,1.3511,2.6313,-60.488,-687.134,179.024,1,21
0.8965,1.4072,2.7197,-51.768,-697.500,173.720,1,21
1.4116,-0.6372,0.0562,-67.439,130.122,36.341,2,21
1.4224,-0.6250,0.0684,-67.439,128.780,35.122,2,21
1.4292,-0.6177,0.0776,-67.256,127.439,34.207,2,21
1.4199,-0.6113,0.0820,-67.439,126.037,33.537,2,21
1.4375,-0.6108,0.0972,-68.171,125.244,33.049,2,21
1.4336,-0.6118,0.1187,-69.146,124.268,32.622,2,21
1.4312,-0.6226,0.1328,-70.671,123.598,32.195,2,21
1.4282,-0.6309,0.1470,-72.988,123.110,32.317,2,21
0.7588,1.4561,2.7944,-37.805,-715.671,167.073,1,21
0.6611,1.4648,2.8169,-27.805,-729.085,163.476,1,21
0.6104,1.4712,2.8291,-22.439,-735.854,162.012,1,21
0.4639,1.4775,2.8418,-5.488,-756.951,158.963,1,21
0.3604,1.4810,2.8345,5.732,-770.427,157.744,1,21
0.2661,1.4878,2.8223,15.854,-783.049,156.829,1,21
0.1802,1.4819,2.7910,25.244,-794.207,156.707,1,21
0.1064,1.4858,2.7500,35.061,-804.390,157.561,1,21
1.4214,-0.6499,0.1772,-75.610,122.500,32.195,2,21
1.4219,-0.6787,0.2007,-78.841,122.012,32.317,2,21
1.4097,-0.7051,0.2217,-82.805,121.280,32.317,2,21
1.4038,-0.7290,0.2456,-87.927,120.183,32.256,2,21
1.3979,-0.7656,0.2515,-93.902,119.085,32.561,2,21
1.3843,-0.7954,0.2690,-100.061,117.500,32.500,2,21
1.3726,-0.8218,0.2852,-107.012,115.915,32.500,2,21
1.3472,-0.8545,0.2915,-113.476,114.146,32.500,2,21
0.0454,1.4795,2.6870,43.354,-813.476,158.780,1,21
-0.0029,1.4756,2.5928,51.159,-821.646,160.671,1,21
-0.0503,1.4712,2.5024,58.537,-828.720,163.293,1,21
-0.0942,1.4624,2.4097,65.000,-834.390,165.854,1,21
-0.1460,1.4624,2.3135,70.061,-838.110,169.024,1,21
-0.1875,1.4746,2.2295,74.268,-839.512,172.500,1,21
-0.2432,1.5020,2.1553,78.476,-839.146,175.427,1,21
-0.2876,1.5215,2.0728,81.402,-836.585,178.537,1,21
-1.2720,1.6494,1.0879,53.476,-700.793,203.293,1,21
-1.3467,1.5640,1.0161,55.549,-681.402,206.341,1,21
-1.4189,1.4907,0.9526,59.512,-664.207,208.720,1,21
-1.4688,1.4165,0.8862,63.963,-647.988,210.061,1,21
-1.4961,1.3564,0.8013,67.683,-632.622,211.098,1,21
-1.5190,1.2808,0.7139,71.341,-618.171,212.073,1,21
-1.5249,1.2095,0.6187,74.573,-603.415,212.927,1,21
-1.5020,1.1436,0.5288,78.841,-588.659,213.049,1,21
-0.6147,0.9307,0.0513,120.854,-113.841,127.012,1,21
-0.6553,1.0117,0.1108,113.537,-102.256,116.707,1,21
-0.6978,1.0879,0.1577,105.915,-91.341,108.110,1,21
-0.7456,1.1748,0.1987,98.415,-81.341,101.524,1,21
-0.7876,1.2563,0.2456,91.768,-72.012,96.463,1,21
-0.8281,1.3247,0.2935,85.732,-62.561,93.232,1,21
-0.8823,1.3867,0.3560,80.305,-53.354,92.439,1,21
-0.9302,1.4443,0.4111,75.671,-43.476,92.561,1,21
0.5840,-0.1768,0.3848,-202.988,66.524,21.768,2,21
0.5776,-0.1724,0.3789,-201.341,65.610,21.768,2,21
0.5649,-0.1333,0.3682,-196.585,63.049,21.768,2,21
0.5640,-0.1221,0.3682,-194.817,62.256,21.768,2,21
0.5493,-0.1064,0.3599,-191.220,60.549,22.134,2,21
0.5474,-0.0713,0.3311,-185.305,57.927,22.439,2,21
0.5371,-0.0449,0.3311,-181.402,56.280,22.500,2,21
0.5342,-0.0229,0.3149,-177.561,54.573,22.622,2,21
-0.9844,1.4780,0.4531,71.585,-33.110,94.451,1,21
-1.0435,1.5005,0.4995,69.207,-22.317,97.744,1,21
-1.1108,1.5000,0.5474,66.707,-10.610,101.280,1,21
-1.1768,1.4810,0.5894,65.183,1.890,105.488,1,21
-1.2568,1.4434,0.6187,64.512,14.451,109.146,1,21
-1.3398,1.3975,0.6357,63.902,27.012,112.134,1,21
-1.4141,1.3359,0.6475,63.963,39.451,113.720,1,21
-1.4907,1.2856,0.6509,64.268,50.793,114.329,1,21
-1.6787,0.8682,0.4565,45.610,124.939,79.329,1,21
-1.6255,0.8472,0.4712,42.988,130.427,77.256,1,21
-1.5605,0.8345,0.4805,40.000,136.585,75.915,1,21
-1.4854,0.8252,0.4985,36.037,142.622,75.488,1,21
-1.4102,0.8096,0.4976,32.317,148.598,75.122,1,21
-1.3384,0.8003,0.5015,27.317,154.390,75.549,1,21
-1.2681,0.7861,0.4912,23.232,159.024,75.915,1,21
-1.2036,0.7778,0.4810,19.085,163.232,75.915,1,21
-1.0264,0.7412,0.2144,-18.841,185.976,43.110,1,21
-1.0317,0.7427,0.1733,-20.732,188.963,37.378,1,21
-1.0415,0.7373,0.1406,-21.890,191.829,31.524,1,21
-1.0479,0.7349,0.1016,-22.500,195.183,26.220,1,21
-1.0498,0.7329,0.0708,-21.463,199.146,20.976,1,21
-1.0498,0.7314,0.0488,-21.159,203.232,15.549,1,21
-1.0444,0.7358,0.0200,-20.427,207.805,9.939,1,21
-1.0361,0.7261,0.0059,-19.329,212.378,4.451,1,21
-0.7734,0.6792,-0.0522,5.915,257.866,-36.890,1,21
-0.7607,0.6797,-0.0454,7.988,260.244,-38.537,1,21
-0.7314,0.6807,-0.0376,11.463,264.573,-42.683,1,21
-0.6973,0.6782,-0.0405,15.061,269.207,-46.707,1,21
-0.6548,0.6934,-0.0381,20.305,276.341,-52.622,1,21
-0.6260,0.6963,-0.0371,23.720,281.280,-56.585,1,21
-0.5903,0.7041,-0.0410,27.012,286.098,-60.427,1,21
-0.5605,0.7144,-0.0293,30.366,290.976,-64.207,1,21
0.9141,0.3721,0.0703,73.171,-7.866,86.280,2,21
0.9165,0.3491,0.0732,75.732,-8.171,88.293,2,21
0.9185,0.3315,0.0737,77.805,-8.902,90.305,2,21
0.9160,0.3174,0.0806,79.207,-9.573,92.012,2,21
0.9233,0.2969,0.0698,79.207,-10.427,94.024,2,21
0.9194,0.2798,0.0664,79.146,-11.402,95.915,2,21
0.9263,0.2500,0.0757,78.537,-12.439,97.500,2,21
0.9316,0.2275,0.0742,78.171,-13.902,99.512,2,21
-0.5254,0.7212,-0.0332,33.476,295.793,-67.988,1,21
-0.4980,0.7266,-0.0264,36.402,300.793,-71.585,1,21
-0.4595,0.7349,-0.0313,39.207,305.732,-75.244,1,21
-0.4287,0.7339,-0.0327,42.195,310.793,-78.902,1,21
-0.4019,0.7451,-0.0288,45.000,316.646,-82.744,1,21
-0.3677,0.7500,-0.0161,47.744,322.805,-86.159,1,21
-0.3311,0.7480,-0.0161,51.098,328.415,-89.817,1,21
-0.2969,0.7520,-0.0308,54.268,334.451,-93.293,1,21
0.9307,0.2100,0.0737,77.622,-15.549,101.037,2,21
0.9419,0.1816,0.0879,76.524,-17.439,102.500,2,21
0.9497,0.1558,0.0903,75.427,-18.598,103.780,2,21
0.9634,0.1270,0.0962,74.390,-19.695,105.427,2,21
0.9697,0.1045,0.1025,73.720,-20.854,106.463,2,21
0.9775,0.0840,0.1069,73.659,-21.951,107.500,2,21
0.9824,0.0610,0.1104,74.146,-23.354,108.354,2,21
0.9976,0.0513,0.1152,73.963,-24.939,109.817,2,21
-0.2612,0.7490,-0.0303,57.683,340.793,-96.463,1,21
-0.2188,0.7598,-0.0498,61.707,347.500,-100.061,1,21
-0.1733,0.7676,-0.0522,65.732,355.061,-103.476,1,21
-0.1328,0.7905,-0.0688,68.537,363.720,-106.280,1,21
-0.0864,0.8687,-0.0664,69.634,373.598,-107.073,1,21
-0.0332,0.8574,-0.0962,69.634,385.305,-105.366,1,21
-0.0083,0.8296,-0.1284,72.561,398.963,-106.280,1,21
0.0142,0.8281,-0.1440,76.524,413.354,-110.244,1,21
0.8071,1.6279,0.0786,-12.439,413.841,-163.598,1,21
0.8525,1.6216,0.0806,-18.171,410.854,-157.683,1,21
0.9087,1.6167,0.0703,-23.354,406.951,-151.768,1,21
0.9434,1.6035,0.0718,-27.500,403.171,-146.037,1,21
0.9883,1.6011,0.0742,-31.463,399.024,-140.732,1,21
1.0234,1.5835,0.0908,-35.366,394.512,-135.061,1,21
1.0596,1.5674,0.1006,-38.476,390.061,-129.573,1,21
1.0903,1.5449,0.1162,-41.341,385.183,-124.329,1,21
1.0313,-1.7031,0.5654,212.988,-117.988,108.659,2,21
1.0474,-1.6675,0.5479,206.280,-118.841,103.963,2,21
1.0649,-1.6328,0.5273,199.268,-119.329,99.695,2,21
1.0811,-1.6025,0.5156,192.317,-120.305,96.037,2,21
1.1074,-1.5757,0.4951,185.671,-121.829,93.171,2,21
1.1172,-1.5469,0.4819,178.110,-122.988,90.793,2,21
1.1416,-1.5215,0.4712,170.793,-124.695,88.476,2,21
1.1426,-1.5015,0.4634,163.537,-126.402,86.341,2,21
1.1274,1.5181,0.1299,-43.537,380.122,-118.171,1,21
1.1621,1.4829,0.1387,-44.695,374.695,-112.866,1,21
1.1963,1.4692,0.1538,-45.305,369.329,-106.829,1,21
1.2319,1.4414,0.1577,-44.451,363.415,-100.976,1,21
1.2627,1.4121,0.1602,-43.415,357.012,-95.061,1,21
1.2930,1.3931,0.1631,-41.524,350.366,-89.268,1,21
1.3311,1.3677,0.1670,-39.085,343.354,-83.598,1,21
1.3604,1.3369,0.1621,-36.585,336.098,-78.049,1,21
1.1494,-1.4863,0.4492,155.671,-128.232,84.146,2,21
1.1553,-1.4678,0.4458,148.110,-130.000,81.951,2,21
1.1528,-1.4580,0.4341,140.122,-132.073,79.451,2,21
1.1553,-1.4536,0.4224,132.378,-133.963,76.829,2,21
1.1509,-1.4438,0.4175,124.573,-135.915,74.329,2,21
1.1440,-1.4365,0.4102,117.073,-137.683,71.220,2,21
1.1279,-1.4292,0.4102,110.000,-139.573,68.049,2,21
1.1235,-1.4199,0.4063,102.683,-142.012,64.512,2,21
1.3784,1.3115,0.1548,-32.744,328.232,-72.561,1,21
1.3994,1.2842,0.1382,-28.780,320.305,-67.378,1,21
1.4263,1.2495,0.1167,-23.537,311.524,-62.439,1,21
1.4429,1.2153,0.0952,-18.049,302.805,-57.500,1,21
1.4644,1.1914,0.0698,-11.524,293.598,-52.744,1,21
1.4653,1.1724,0.0332,-4.573,284.512,-48.720,1,21
1.4766,1.1382,0.0024,2.317,275.305,-44.939,1,21
1.4829,1.1226,-0.0376,9.634,265.732,-41.463,1,21
1.1157,-1.3989,0.3926,92.439,-144.939,59.024,2,21
1.1064,-1.3921,0.3794,89.268,-146.341,57.439,2,21
1.0942,-1.3750,0.3828,82.561,-148.476,53.537,2,21
1.0796,-1.3608,0.3682,75.976,-151.037,49.939,2,21
1.0630,-1.3350,0.3540,70.427,-153.110,46.220,2,21
1.0532,-1.3154,0.3374,65.000,-155.610,42.622,2,21
1.0430,-1.2881,0.3403,60.061,-158.049,38.902,2,21
1.0293,-1.2637,0.3223,55.000,-160.183,35.610,2,21
1.4741,1.0996,-0.0679,16.951,256.646,-38.902,1,21
1.4795,1.0811,-0.0996,24.207,247.805,-36.098,1,21
1.4756,1.0625,-0.1533,31.768,239.268,-33.415,1,21
1.4639,1.0444,-0.1895,39.390,230.732,-31.159,1,21
1.4473,1.0386,-0.2222,47.256,222.927,-28.537,1,21
1.4399,1.0435,-0.2510,55.793,215.305,-26.768,1,21
1.4287,1.0449,-0.2856,65.183,208.293,-25.549,1,21
1.4165,1.0488,-0.3228,75.671,201.646,-24.817,1,21
1.0200,-1.2144,0.3047,48.476,-163.476,30.610,2,21
1.0137,-1.2012,0.3022,46.220,-164.573,29.329,2,21
1.0063,-1.1748,0.2949,42.378,-166.524,26.037,2,21
0.9956,-1.1489,0.2896,39.268,-168.415,23.354,2,21
0.9805,-1.1250,0.2856,36.402,-170.061,20.244,2,21
0.9741,-1.0996,0.2705,34.329,-171.829,17.927,2,21
0.9688,-1.0757,0.2593,32.134,-173.720,15.366,2,21
0.9570,-1.0532,0.2490,30.122,-175.061,12.439,2,21
1.4053,1.0444,-0.3555,87.195,195.671,-24.207,1,21
1.3960,1.0483,-0.3789,98.354,189.024,-23.537,1,21
1.3789,1.0400,-0.3940,109.268,182.744,-22.744,1,21
1.3540,1.0264,-0.4082,118.780,175.854,-21.402,1,21
1.3296,1.0088,-0.4312,127.012,169.085,-19.939,1,21
1.3013,0.9858,-0.4326,135.549,161.707,-17.988,1,21
1.2783,0.9658,-0.4404,143.780,155.122,-15.793,1,21
1.2524,0.9434,-0.4360,150.610,148.963,-13.659,1,21
0.9585,-1.0210,0.2314,27.622,-177.744,8.598,2,21
0.9453,-1.0020,0.2173,26.707,-178.902,5.610,2,21
0.9429,-0.9946,0.2183,26.098,-179.695,4.512,2,21
0.9287,-0.9780,0.2100,25.183,-181.037,1.768,2,21
0.9253,-0.9619,0.2104,24.451,-181.951,-0.732,2,21
0.9033,-0.9434,0.1875,23.780,-182.866,-4.756,2,21
0.8901,-0.9277,0.1772,22.622,-183.537,-6.768,2,21
0.8706,-0.9238,0.1758,21.890,-183.963,-8.963,2,21
1.2378,0.9214,-0.4429,157.073,143.293,-11.463,1,21
1.2236,0.9043,-0.4438,164.512,137.927,-9.634,1,21
1.2051,0.8931,-0.4526,171.280,133.659,-8.232,1,21
1.1958,0.8857,-0.4512,178.415,129.695,-7.561,1,21
1.1870,0.8804,-0.4419,183.963,126.585,-6.951,1,21
1.1821,0.8765,-0.4214,188.841,123.780,-7.622,1,21
1.1816,0.8633,-0.4102,193.476,121.524,-7.744,1,21
1.1909,0.8564,-0.3892,199.756,118.902,-7.561,1,21
0.8682,-0.9243,0.1758,20.610,-184.451,-11.037,2,21
0.8530,-0.9185,0.1704,19.512,-184.573,-12.927,2,21
0.8433,-0.9204,0.1758,17.988,-184.817,-14.939,2,21
0.8325,-0.9214,0.1851,16.707,-184.939,-16.585,2,21
0.8188,-0.9282,0.1792,14.695,-185.000,-18.841,2,21
0.8071,-0.9360,0.1797,12.988,-185.183,-21.037,2,21
0.7905,-0.9448,0.1743,10.915,-185.244,-23.293,2,21
0.7783,-0.9512,0.1802,9.634,-185.305,-25.366,2,21
1.1934,0.8384,-0.3691,207.012,115.305,-7.134,1,21
1.2031,0.8276,-0.3447,215.000,112.073,-6.585,1,21
1.2036,0.8169,-0.3262,222.012,108.049,-5.854,1,21
1.2012,0.7993,-0.3032,228.598,103.537,-5.427,1,21
1.1909,0.7852,-0.2788,235.000,98.415,-5.000,1,21
1.1836,0.7593,-0.2524,240.122,93.293,-5.122,1,21
1.1631,0.7275,-0.2363,245.122,87.927,-5.244,1,21
1.1377,0.6919,-0.2163,250.305,82.561,-5.976,1,21
0.7617,-0.9590,0.1792,7.317,-185.488,-27.744,2,21
0.7456,-0.9692,0.1807,5.793,-185.549,-30.122,2,21
0.7192,-0.9683,0.1782,3.659,-185.305,-32.683,2,21
0.7065,-0.9795,0.1880,1.463,-185.366,-35.061,2,21
0.6978,-0.9751,0.1919,-0.732,-184.756,-37.439,2,21
0.6885,-0.9819,0.1934,-3.232,-184.451,-39.390,2,21
0.6729,-0.9849,0.2007,-5.732,-183.902,-41.646,2,21
0.6567,-0.9854,0.2065,-7.805,-183.598,-43.659,2,21
1.1040,0.6421,-0.1753,256.829,75.488,-7.256,1,21
1.0923,0.6216,-0.1680,258.780,73.171,-7.866,1,21
1.0654,0.5830,-0.1396,262.073,69.085,-9.146,1,21
1.0444,0.5459,-0.1021,264.451,65.366,-10.488,1,21
1.0166,0.4858,-0.0542,266.707,60.305,-12.744,1,21
1.0044,0.4644,-0.0400,267.134,58.720,-13.537,1,21
0.9927,0.4072,-0.0083,267.134,54.268,-15.854,1,21
0.9727,0.3794,0.0225,265.854,51.402,-17.622,1,21
0.6455,-0.9961,0.2061,-10.244,-182.988,-45.488,2,21
0.6436,-0.9897,0.2031,-12.561,-182.561,-47.317,2,21
0.6245,-0.9922,0.1987,-15.061,-181.890,-49.451,2,21
0.6133,-0.9937,0.1909,-17.012,-181.159,-51.098,2,21
0.6045,-0.9995,0.1914,-19.390,-180.244,-52.866,2,21
0.5991,-0.9971,0.1772,-21.768,-179.451,-54.390,2,21
0.5918,-1.0005,0.1772,-23.537,-178.598,-56.037,2,21
0.5859,-1.0024,0.1792,-25.244,-177.622,-57.622,2,21
0.9683,0.3403,0.0430,264.146,48.232,-19.939,1,21
0.9600,0.3140,0.0557,261.524,45.183,-21.890,1,21
0.9580,0.2891,0.0742,257.256,42.378,-24.512,1,21
0.9512,0.2798,0.1006,252.805,39.634,-26.768,1,21
0.9438,0.2554,0.1104,247.195,37.012,-29.451,1,21
0.9341,0.2422,0.1133,240.915,34.451,-32.073,1,21
0.9253,0.2363,0.1299,234.146,31.829,-34.939,1,21
0.9126,0.2271,0.1401,226.768,29.634,-37.622,1,21
0.5781,-1.0103,0.1777,-26.890,-176.037,-58.902,2,21
0.5845,-1.0088,0.1748,-28.293,-174.634,-60.244,2,21
0.5801,-1.0112,0.1694,-29.817,-172.988,-61.524,2,21
0.5791,-1.0215,0.1582,-31.159,-171.280,-62.988,2,21
0.5771,-1.0273,0.1538,-32.134,-169.451,-64.207,2,21
0.5757,-1.0332,0.1641,-33.049,-167.744,-65.854,2,21
0.5703,-1.0396,0.1563,-33.780,-165.793,-66.951,2,21
0.5698,-1.0356,0.1519,-34.573,-163.780,-68.171,2,21
0.9048,0.2153,0.1499,219.207,27.317,-40.366,1,21
0.8867,0.2124,0.1689,211.037,25.732,-43.110,1,21
0.8755,0.1973,0.1738,203.293,23.659,-45.427,1,21
0.8633,0.1782,0.1802,196.524,22.256,-47.927,1,21
0.8555,0.1738,0.1846,189.573,20.854,-49.634,1,21
0.8340,0.1553,0.2031,183.110,19.390,-51.646,1,21
0.8311,0.1509,0.2041,176.037,17.927,-52.622,1,21
0.8213,0.1460,0.2065,169.756,16.341,-54.024,1,21
0.8140,0.1475,0.2163,163.293,14.939,-55.000,1,21
0.8037,0.1519,0.2124,156.951,13.598,-55.732,1,21
0.7910,0.1650,0.2231,150.671,12.622,-56.098,1,21
0.7832,0.1831,0.2212,144.451,11.951,-56.037,1,21
0.7793,0.1992,0.2314,137.988,11.463,-55.366,1,21
0.7568,0.2280,0.2251,132.439,10.854,-54.451,1,21
0.7549,0.2432,0.2188,127.256,10.305,-53.171,1,21
0.7412,0.2705,0.2129,123.232,9.512,-51.159,1,21
0.7036,0.3188,0.1489,83.720,2.927,-28.780,1,21
0.7051,0.3149,0.1494,77.988,1.768,-26.524,1,21
0.7046,0.3047,0.1465,71.829,0.854,-24.573,1,21
0.7061,0.3022,0.1367,65.427,0.000,-22.805,1,21
0.7090,0.2974,0.1089,58.841,-1.159,-21.098,1,21
0.7134,0.2876,0.0903,52.744,-2.012,-19.634,1,21
0.7144,0.2856,0.0654,45.671,-2.561,-17.988,1,21
0.7168,0.2798,0.0396,38.902,-2.866,-16.707,1,21
0.7222,0.2769,0.0122,31.341,-2.744,-15.793,1,21
0.7144,0.2710,-0.0156,24.024,-2.256,-15.366,1,21
0.7251,0.2695,-0.0479,16.646,-1.646,-14.451,1,21
0.7134,0.2632,-0.0625,9.512,-0.915,-14.207,1,21
0.7119,0.2690,-0.0820,2.012,0.061,-13.963,1,21
0.7036,0.2573,-0.1045,-5.488,1.098,-14.024,1,21
0.7017,0.2510,-0.1221,-12.378,2.195,-14.085,1,21
0.6958,0.2427,-0.1406,-19.085,3.232,-14.024,1,21
0.6816,0.2388,-0.1543,-25.793,4.451,-14.146,1,21
0.6797,0.2295,-0.1777,-32.317,6.098,-14.146,1,21
0.6753,0.2227,-0.1875,-38.720,7.805,-14.390,1,21
0.6709,0.2075,-0.1914,-45.122,9.756,-14.390,1,21
0.6611,0.2017,-0.2090,-51.220,11.951,-14.512,1,21
0.6523,0.1851,-0.2217,-56.829,14.390,-14.512,1,21
0.6465,0.1733,-0.2285,-62.622,17.012,-14.817,1,21
0.6421,0.1641,-0.2300,-67.744,20.061,-14.939,1,21
0.6685,0.2334,-0.4351,-67.439,79.024,-66.707,1,21
0.6729,0.2246,-0.4185,-62.195,80.183,-68.110,1,21
0.6729,0.2246,-0.4155,-57.683,81.585,-69.939,1,21
0.6777,0.2183,-0.4126,-54.024,82.195,-71.707,1,21
0.6875,0.2017,-0.3911,-51.159,82.927,-73.293,1,21
0.6875,0.1958,-0.3774,-48.841,83.598,-75.183,1,21
0.6992,0.1821,-0.3643,-48.476,84.146,-77.195,1,21
0.6968,0.1758,-0.3516,-49.512,84.573,-79.756,1,21
0.8477,0.2393,-0.2051,-111.524,110.244,-96.890,1,21
0.8838,0.2773,-0.1792,-122.805,117.195,-97.012,1,21
0.9287,0.3071,-0.1592,-134.085,124.146,-96.524,1,21
0.9771,0.3486,-0.1348,-145.183,131.768,-95.610,1,21
1.0347,0.3818,-0.1196,-154.573,138.902,-94.329,1,21
1.0928,0.4199,-0.1162,-162.744,144.939,-92.378,1,21
1.1572,0.4731,-0.1094,-169.268,150.183,-89.939,1,21
1.2197,0.5225,-0.0996,-174.512,153.415,-87.073,1,21
1.5781,0.8516,-0.0713,-143.720,102.500,-53.720,1,21
1.5684,0.8491,-0.0703,-138.537,97.744,-52.317,1,21
1.5435,0.8359,-0.0669,-128.537,88.293,-50.305,1,21
1.5137,0.8203,-0.0693,-117.988,79.695,-48.598,1,21
1.4746,0.7915,-0.0625,-107.439,72.378,-46.585,1,21
1.4365,0.7720,-0.0518,-97.683,65.793,-44.695,1,21
1.3901,0.7437,-0.0391,-88.476,60.793,-42.622,1,21
1.3413,0.7109,-0.0234,-75.671,54.146,-38.659,1,21
1.2544,0.4087,0.0513,-30.854,25.976,12.988,1,21
1.2515,0.3521,0.0596,-28.293,21.341,21.280,1,21
1.2485,0.3062,0.0645,-26.341,16.463,29.695,1,21
1.2397,0.2544,0.0669,-24.329,11.159,37.073,1,21
1.2290,0.1924,0.0635,-22.256,5.915,44.329,1,21
1.2231,0.1406,0.0723,-21.159,0.610,50.549,1,21
1.2109,0.0864,0.0615,-20.000,-4.878,55.915,1,21
1.1948,0.0313,0.0698,-20.183,-10.061,60.366,1,21
0.8921,0.0474,-0.0317,-42.317,-40.488,44.634,1,21
0.8955,0.0732,-0.0601,-41.707,-41.341,41.341,1,21
0.8936,0.1094,-0.0981,-39.939,-42.561,38.232,1,21
0.8965,0.1431,-0.1196,-36.890,-44.207,35.061,1,21
0.8955,0.1919,-0.1514,-33.293,-45.854,31.220,1,21
0.8999,0.2417,-0.1533,-31.951,-47.012,27.012,1,21
0.8965,0.2837,-0.1646,-31.646,-48.293,22.378,1,21
0.8872,0.3223,-0.1680,-32.195,-48.902,17.256,1,21
0.8921,0.3516,-0.1909,-32.622,-49.512,11.341,1,21
0.8989,0.3896,-0.2178,-31.280,-49.817,5.549,1,21
0.8950,0.4204,-0.2378,-28.232,-50.366,-0.366,1,21
0.9058,0.4614,-0.2720,-24.512,-50.549,-7.012,1,21
0.9199,0.5059,-0.2886,-20.610,-50.732,-13.902,1,21
0.9243,0.5645,-0.3057,-17.134,-51.159,-21.341,1,21
0.9429,0.6035,-0.3188,-14.878,-51.341,-28.963,1,21
0.9521,0.6489,-0.3345,-12.683,-51.159,-36.646,1,21
1.2314,1.1831,-0.3364,19.512,-47.744,-84.939,1,21
1.2876,1.2471,-0.3076,21.585,-48.841,-86.768,1,21
1.3447,1.3081,-0.2925,22.866,-51.159,-87.927,1,21
1.4092,1.3550,-0.2622,25.305,-53.963,-88.720,1,21
1.4766,1.4019,-0.2314,28.659,-58.354,-88.780,1,21
1.5435,1.4375,-0.2129,32.988,-64.329,-88.354,1,21
1.6094,1.4639,-0.1855,38.171,-71.829,-87.744,1,21
1.6772,1.4897,-0.1655,44.878,-80.854,-87.256,1,21
1.7393,1.5034,-0.1284,51.768,-92.073,-86.402,1,21
1.8018,1.5044,-0.1064,58.963,-104.878,-85.671,1,21
1.8623,1.4990,-0.0991,66.402,-119.695,-84.390,1,21
1.9160,1.4917,-0.0811,72.927,-135.976,-82.683,1,21
1.9604,1.4683,-0.0581,76.951,-153.963,-80.427,1,21
2.0068,1.4204,-0.0366,77.805,-172.134,-77.073,1,21
2.0332,1.3604,-0.0083,74.390,-191.159,-73.171,1,21
2.0771,1.2813,0.0005,68.598,-210.183,-67.439,1,21
2.8291,0.4341,0.2173,-88.171,-339.451,10.427,1,21
2.9243,0.3486,0.3101,-122.134,-347.378,13.841,1,21
2.9819,0.2466,0.4248,-156.098,-354.085,13.780,1,21
3.0264,0.1475,0.5376,-190.305,-361.646,8.841,1,21
3.0752,0.0479,0.6074,-220.732,-369.939,-0.122,1,21
3.1841,0.0112,0.6362,-245.549,-378.720,-11.524,1,21
3.3403,0.0640,0.6709,-266.037,-387.439,-21.829,1,21
3.4917,0.2271,0.6987,-284.024,-396.646,-30.854,1,21
0.6689,-0.7529,0.5493,-45.305,205.549,46.768,2,21
0.7290,-0.7441,0.5566,-44.085,208.841,49.939,2,21
0.7847,-0.7344,0.5571,-42.927,212.622,53.293,2,21
0.8491,-0.7261,0.5635,-42.439,215.915,56.524,2,21
0.9121,-0.7153,0.5562,-41.951,218.720,59.756,2,21
0.9805,-0.7129,0.5552,-42.378,221.890,63.415,2,21
1.0381,-0.7104,0.5571,-42.927,224.573,66.951,2,21
1.0938,-0.7104,0.5562,-43.476,226.707,70.793,2,21
3.5596,0.4585,0.7554,-300.061,-406.402,-39.146,1,21
3.5337,0.7251,0.8394,-312.622,-418.659,-48.476,1,21
3.4331,0.9731,0.9702,-319.817,-433.659,-58.415,1,21
3.2773,1.1753,1.1309,-320.305,-450.915,-67.561,1,21
3.1299,1.3223,1.2837,-314.146,-470.305,-75.244,1,21
2.9824,1.4063,1.4287,-301.463,-490.549,-79.085,1,21
2.8750,1.4556,1.5498,-284.024,-511.707,-78.902,1,21
2.7813,1.4824,1.6694,-262.988,-531.890,-74.390,1,21
1.1582,-0.7178,0.5620,-44.207,229.024,73.841,2,21
1.2061,-0.7271,0.5630,-44.634,231.037,77.073,2,21
1.2456,-0.7471,0.5542,-45.183,233.049,79.756,2,21
1.2827,-0.7593,0.5581,-45.976,234.451,82.622,2,21
1.3105,-0.7808,0.5635,-47.012,234.573,84.817,2,21
1.3325,-0.8110,0.5645,-48.293,233.720,86.829,2,21
1.3472,-0.8369,0.5483,-49.024,232.134,88.415,2,21
1.3486,-0.8647,0.5356,-50.183,230.732,89.695,2,21
2.6841,1.5054,1.7856,-241.220,-551.646,-66.280,1,21
2.5742,1.4961,1.8975,-219.939,-570.915,-55.793,1,21
2.4575,1.4766,1.9897,-198.780,-590.488,-44.756,1,21
2.3281,1.4258,2.0542,-177.256,-611.220,-33.841,1,21
2.1777,1.3623,2.1143,-156.707,-633.293,-24.024,1,21
2.0337,1.2866,2.1704,-137.866,-655.915,-15.915,1,21
1.8970,1.2056,2.2324,-122.378,-678.963,-9.207,1,21
1.7544,1.1377,2.2798,-109.695,-700.549,-3.537,1,21
1.3486,-0.8950,0.5186,-51.098,229.268,90.793,2,21
1.3403,-0.9263,0.5161,-51.890,227.683,91.524,2,21
1.3335,-0.9541,0.5093,-52.866,226.768,92.195,2,21
1.3193,-0.9839,0.5239,-53.598,225.976,92.256,2,21
1.3184,-1.0146,0.5264,-54.695,225.305,92.073,2,21
1.3149,-1.0352,0.5391,-56.646,225.000,91.646,2,21
1.3223,-1.0615,0.5439,-58.963,224.817,90.488,2,21
1.3384,-1.0884,0.5557,-61.707,224.207,89.085,2,21
1.5244,1.0352,2.3545,-97.012,-729.268,3.354,1,21
1.4497,1.0073,2.3799,-94.024,-738.171,5.366,1,21
1.2900,0.9648,2.4268,-89.634,-754.634,8.902,1,21
1.1245,0.9180,2.4844,-86.951,-769.512,12.439,1,21
0.9648,0.8994,2.5220,-85.915,-783.171,15.732,1,21
0.8091,0.8818,2.5586,-86.951,-796.402,19.451,1,21
0.6597,0.8662,2.5757,-87.988,-807.866,23.354,1,21
0.5332,0.8491,2.5742,-89.695,-819.512,27.805,1,21
1.3574,-1.1089,0.5684,-64.512,223.537,87.195,2,21
1.3774,-1.1299,0.5874,-67.195,222.988,85.061,2,21
1.4019,-1.1455,0.6001,-70.427,222.012,82.561,2,21
1.4233,-1.1533,0.6167,-73.476,220.732,79.634,2,21
1.4561,-1.1553,0.6338,-76.098,219.268,76.098,2,21
1.4834,-1.1514,0.6436,-79.268,217.439,72.866,2,21
1.5029,-1.1470,0.6489,-82.134,215.061,69.146,2,21
1.5269,-1.1299,0.6631,-85.366,211.951,65.549,2,21
0.3857,0.8506,2.5571,-90.183,-835.244,35.366,1,21
0.3140,0.8354,2.5210,-89.634,-844.939,40.427,1,21
0.2510,0.8320,2.4556,-87.500,-853.841,45.183,1,21
0.1973,0.8354,2.4043,-82.988,-861.341,49.146,1,21
0.1382,0.8311,2.3296,-77.256,-867.805,51.098,1,21
0.0889,0.8286,2.2495,-68.171,-873.171,51.463,1,21
0.0391,0.8379,2.1689,-56.280,-877.439,49.634,1,21
-0.0186,0.8638,2.0952,-42.378,-880.915,45.732,1,21
1.5483,-1.1226,0.6553,-88.049,209.024,62.317,2,21
1.5781,-1.1025,0.6475,-90.610,205.122,58.780,2,21
1.5908,-1.0903,0.6450,-93.171,201.402,55.976,2,21
1.5967,-1.0771,0.6382,-95.427,197.866,52.927,2,21
1.6104,-1.0674,0.6353,-97.256,194.634,50.122,2,21
1.6201,-1.0586,0.6323,-99.451,191.402,47.744,2,21
1.6211,-1.0552,0.6245,-101.098,188.232,44.939,2,21
1.6235,-1.0542,0.6157,-103.293,185.488,42.866,2,21
-0.0640,0.8936,2.0088,-26.463,-883.415,40.488,1,21
-0.1113,0.9268,1.9199,-8.598,-885.732,34.268,1,21
-0.1479,0.9883,1.8564,8.963,-885.915,28.354,1,21
-0.1772,1.0547,1.7754,26.098,-884.756,23.110,1,21
-0.1836,1.1172,1.6851,42.317,-881.402,19.939,1,21
-0.1821,1.1943,1.5933,59.268,-877.134,18.841,1,21
-0.1680,1.2886,1.4878,76.463,-871.646,20.366,1,21
-0.1533,1.3813,1.4058,93.110,-864.207,24.085,1,21
1.6138,-1.0596,0.5884,-106.463,181.829,39.756,2,21
1.6040,-1.0625,0.5884,-107.622,180.549,38.659,2,21
1.6006,-1.0801,0.5732,-109.939,178.110,36.707,2,21
1.5879,-1.0933,0.5596,-112.134,176.037,34.939,2,21
1.5737,-1.1206,0.5469,-114.939,173.902,33.049,2,21
1.5581,-1.1401,0.5366,-118.476,172.012,31.524,2,21
1.5532,-1.1646,0.5244,-122.134,170.183,29.878,2,21
1.5273,-1.2041,0.5117,-126.280,168.049,27.805,2,21
-0.1421,1.4727,1.3091,106.585,-855.427,28.659,1,21
-0.1294,1.5615,1.1992,119.390,-845.915,34.268,1,21
-0.1133,1.6245,1.0884,131.280,-835.549,40.244,1,21
-0.1040,1.6924,0.9570,142.622,-825.366,46.463,1,21
-0.0957,1.7393,0.8335,154.756,-815.488,52.683,1,21
-0.0859,1.7798,0.6943,168.659,-805.549,57.988,1,21
-0.0806,1.8193,0.5679,182.805,-796.402,62.744,1,21
-0.0786,1.8481,0.4438,197.439,-787.500,66.341,1,21
1.4907,-1.2505,0.4868,-132.744,165.244,24.939,2,21
1.4858,-1.2695,0.4814,-135.122,164.085,23.902,2,21
1.4668,-1.2993,0.4663,-139.451,161.890,21.280,2,21
1.4370,-1.3320,0.4443,-144.329,159.756,18.537,2,21
1.4058,-1.3511,0.4282,-149.268,157.622,15.915,2,21
1.3721,-1.3657,0.4131,-154.207,155.427,12.500,2,21
1.3325,-1.3789,0.3906,-159.207,153.232,9.573,2,21
1.2935,-1.3823,0.3726,-164.756,151.280,6.646,2,21
-0.0967,1.6851,0.2432,278.293,-645.610,117.195,1,21
-0.1001,1.6152,0.3071,280.244,-623.720,130.488,1,21
-0.1030,1.5576,0.3159,280.915,-602.256,144.878,1,21
-0.1113,1.5000,0.3018,282.927,-582.561,160.061,1,21
-0.1221,1.4551,0.2583,284.939,-563.171,174.939,1,21
-0.1533,1.4272,0.1802,285.488,-544.634,188.049,1,21
-0.1865,1.4165,0.0703,282.317,-526.707,198.293,1,21
-0.2368,1.4165,-0.0820,272.927,-505.305,205.061,1,21
0.9971,-1.1431,0.2480,-210.976,133.659,-12.927,2,21
0.9678,-1.0996,0.2280,-213.659,131.890,-14.146,2,21
0.9390,-1.0527,0.2236,-216.341,129.939,-15.183,2,21
0.9111,-1.0034,0.2036,-218.720,128.232,-16.646,2,21
0.8945,-0.9668,0.1890,-220.732,126.220,-18.354,2,21
0.8613,-0.9126,0.1626,-221.951,123.902,-19.451,2,21
0.8428,-0.8706,0.1411,-223.049,122.073,-20.488,2,21
0.8188,-0.8252,0.1206,-223.659,119.451,-21.646,2,21
-0.5010,1.5713,0.0977,210.671,-233.354,146.951,1,21
-0.4248,1.6470,0.2065,214.756,-211.829,132.256,1,21
-0.3301,1.7368,0.3101,220.061,-190.549,118.720,1,21
-0.2412,1.8159,0.4043,225.305,-170.122,107.134,1,21
-0.1597,1.8887,0.5024,230.976,-150.061,98.110,1,21
-0.0811,1.9546,0.5928,236.524,-129.939,91.402,1,21
-0.0205,2.0098,0.6953,241.220,-110.732,87.500,1,21
0.0176,2.0503,0.8013,244.390,-91.463,85.732,1,21
0.7070,-0.4585,-0.0488,-207.866,103.841,-24.512,2,21
0.6997,-0.4282,-0.0591,-203.963,102.012,-23.902,2,21
0.6953,-0.3857,-0.0869,-200.793,100.671,-23.902,2,21
0.6860,-0.3521,-0.1060,-197.012,99.451,-23.354,2,21
0.6836,-0.3203,-0.1152,-192.988,97.927,-23.110,2,21
0.6802,-0.2920,-0.1431,-189.512,97.012,-22.561,2,21
0.6729,-0.2715,-0.1587,-185.610,95.915,-22.073,2,21
0.6670,-0.2441,-0.1831,-181.159,94.512,-20.976,2,21
0.0234,2.0405,0.9819,245.122,-61.890,85.061,1,21
0.0132,2.0317,1.0508,245.244,-53.110,85.183,1,21
0.0103,1.9956,1.1763,244.268,-38.110,85.427,1,21
-0.0122,1.9434,1.2769,242.622,-26.402,87.195,1,21
-0.0537,1.8359,1.4038,237.378,-15.366,90.793,1,21
-0.0752,1.7925,1.4351,235.366,-13.354,91.951,1,21
-0.1411,1.6567,1.5498,227.866,-11.159,95.549,1,21
-0.1934,1.5610,1.6064,222.500,-13.110,97.683,1,21
0.6494,-0.2153,-0.1870,-176.707,93.598,-19.939,2,21
0.6396,-0.1958,-0.2056,-171.585,92.561,-18.720,2,21
0.6265,-0.1797,-0.2227,-166.159,91.646,-16.768,2,21
0.6167,-0.1597,-0.2310,-160.061,90.549,-15.122,2,21
0.5869,-0.1372,-0.2456,-153.902,89.573,-12.988,2,21
0.5684,-0.1162,-0.2461,-146.890,88.780,-11.341,2,21
0.5503,-0.0903,-0.2617,-140.549,87.744,-9.024,2,21
0.5249,-0.0693,-0.2676,-133.902,86.707,-6.768,2,21
-0.2578,1.4893,1.6821,215.793,-16.768,98.963,1,21
-0.3271,1.4146,1.7407,207.195,-22.317,99.207,1,21
-0.4150,1.3428,1.7881,196.585,-29.085,98.902,1,21
-0.4790,1.2739,1.8096,182.378,-37.073,97.439,1,21
-0.5723,1.1997,1.8159,165.732,-46.341,95.488,1,21
-0.6670,1.1396,1.8105,146.159,-55.793,93.780,1,21
-0.7549,1.0767,1.7690,123.354,-65.000,91.646,1,21
-0.8521,1.0376,1.7080,96.890,-71.829,90.000,1,21
0.5049,-0.0449,-0.2646,-126.768,85.915,-4.024,2,21
0.4780,-0.0332,-0.2637,-119.329,84.756,-1.463,2,21
0.4590,-0.0098,-0.2715,-111.951,83.537,1.585,2,21
0.4453,0.0049,-0.2661,-104.634,82.744,4.695,2,21
0.4263,0.0249,-0.2676,-96.707,82.195,8.049,2,21
0.4155,0.0439,-0.2637,-88.963,81.829,12.012,2,21
0.4111,0.0625,-0.2632,-80.488,81.646,15.427,2,21
0.4043,0.0781,-0.2598,-72.256,81.524,19.207,2,21
-1.2788,0.7676,0.3862,12.866,76.585,85.915,1,21
-1.1670,0.7568,0.3452,20.061,84.939,84.695,1,21
-1.0664,0.7461,0.2979,26.524,92.622,82.073,1,21
-0.9805,0.7329,0.2549,33.720,99.695,78.110,1,21
-0.8989,0.7061,0.2114,40.122,105.671,71.707,1,21
-0.8311,0.6851,0.1606,45.976,110.610,63.841,1,21
-0.7749,0.6587,0.1265,52.073,114.634,54.329,1,21
-0.7329,0.6499,0.0898,57.195,117.805,43.171,1,21
0.6069,0.1006,-0.0200,81.463,75.610,72.927,2,21
0.6099,0.0962,-0.0122,87.805,74.390,75.122,2,21
0.6064,0.0845,0.0063,93.902,73.232,76.768,2,21
0.6069,0.0791,0.0156,99.207,71.951,78.415,2,21
0.6079,0.0669,0.0337,103.049,70.610,79.451,2,21
0.6118,0.0498,0.0410,106.829,69.878,80.366,2,21
0.6235,0.0283,0.0591,109.207,68.841,81.341,2,21
0.6333,0.0088,0.0601,111.098,68.354,81.402,2,21
-0.6870,0.6313,0.0547,62.012,120.915,30.793,1,21
-0.6807,0.6147,0.0127,66.037,123.659,17.805,1,21
-0.6641,0.6016,-0.0181,69.146,126.585,5.000,1,21
-0.6602,0.5845,-0.0532,71.524,129.756,-7.988,1,21
-0.6572,0.5625,-0.0864,73.049,132.683,-19.695,1,21
-0.6733,0.5396,-0.1182,74.146,136.341,-30.671,1,21
-0.6890,0.5264,-0.1367,74.146,140.915,-40.976,1,21
-0.7109,0.5029,-0.1548,73.049,145.305,-50.732,1,21
0.6416,-0.0146,0.0762,112.622,67.927,81.402,2,21
0.6606,-0.0347,0.0923,113.476,67.134,81.098,2,21
0.6821,-0.0547,0.1050,113.902,65.976,80.366,2,21
0.7002,-0.0811,0.1113,113.049,64.878,79.390,2,21
0.7251,-0.1060,0.1128,110.915,63.232,78.354,2,21
0.7471,-0.1284,0.1260,107.683,61.463,76.890,2,21
0.7754,-0.1533,0.1348,103.841,59.756,75.305,2,21
0.7959,-0.1758,0.1396,98.902,57.683,73.780,2,21
-0.7402,0.4819,-0.1572,71.463,150.671,-59.573,1,21
-0.7686,0.4619,-0.1646,69.085,156.463,-67.683,1,21
-0.7939,0.4434,-0.1792,66.463,162.317,-75.305,1,21
-0.8130,0.4380,-0.2046,63.476,168.232,-82.744,1,21
-0.8271,0.4326,-0.2207,60.549,174.085,-90.061,1,21
-0.8315,0.4258,-0.2339,57.195,179.817,-96.829,1,21
-0.8335,0.4341,-0.2368,53.963,185.488,-103.110,1,21
-0.8232,0.4478,-0.2358,49.268,191.220,-109.390,1,21
-0.7998,0.4697,-0.2437,42.134,199.817,-117.317,1,21
-0.7842,0.4883,-0.2412,39.512,202.683,-119.512,1,21
-0.7632,0.5127,-0.2324,34.207,207.927,-123.841,1,21
-0.7378,0.5430,-0.2305,28.963,212.927,-127.683,1,21
-0.7046,0.5718,-0.2178,23.415,218.415,-130.427,1,21
-0.6768,0.6064,-0.2109,18.171,223.354,-132.927,1,21
-0.6440,0.6426,-0.2085,13.537,228.598,-134.634,1,21
-0.6138,0.6812,-0.2109,8.841,233.659,-136.463,1,21
-0.3291,0.9819,-0.2476,-6.524,281.829,-149.024,1,21
-0.2993,1.0063,-0.2397,-5.732,287.439,-150.610,1,21
-0.2905,1.0171,-0.2241,-4.817,292.134,-151.951,1,21
-0.2671,1.0391,-0.2153,-3.354,296.280,-154.146,1,21
-0.2500,1.0435,-0.2114,-2.988,300.244,-156.707,1,21
-0.2329,1.0513,-0.2158,-1.951,303.598,-158.902,1,21
-0.2188,1.0542,-0.2256,-1.341,306.707,-161.463,1,21
-0.1958,1.0488,-0.2363,-0.610,310.122,-164.024,1,21
-0.0366,1.1343,-0.2832,10.854,367.561,-184.390,1,21
-0.0166,1.1504,-0.2827,12.927,377.195,-185.427,1,21
0.0039,1.1636,-0.2764,14.085,386.159,-187.195,1,21
0.0371,1.1714,-0.2773,15.305,395.793,-187.988,1,21
0.0640,1.1758,-0.2603,15.854,405.427,-188.659,1,21
0.0972,1.1895,-0.2612,16.646,414.878,-189.329,1,21
0.1343,1.2021,-0.2637,16.159,424.756,-189.756,1,21
0.1807,1.1963,-0.2617,14.390,435.854,-189.756,1,21
0.8813,1.5132,-0.0322,-27.622,411.463,-233.720,1,21
0.8418,1.5693,-0.0576,-27.134,402.927,-235.915,1,21
0.8154,1.6362,-0.0889,-25.671,395.488,-237.744,1,21
0.7769,1.6958,-0.1055,-23.659,389.329,-238.049,1,21
0.7300,1.7417,-0.1216,-21.890,384.329,-237.439,1,21
0.6968,1.7764,-0.1523,-19.634,380.488,-235.244,1,21
0.6548,1.8101,-0.1753,-16.951,378.171,-232.195,1,21
0.6182,1.8374,-0.2051,-14.268,376.707,-227.439,1,21
0.4238,1.6953,-0.1416,19.085,388.476,-166.463,1,21
0.4297,1.6665,-0.1279,21.951,390.244,-159.756,1,21
0.4429,1.6250,-0.1143,23.415,391.585,-152.622,1,21
0.4526,1.5889,-0.1050,25.976,393.232,-145.366,1,21
0.4624,1.5454,-0.0923,28.171,394.451,-138.293,1,21
0.4873,1.5083,-0.0757,29.817,396.037,-131.220,1,21
0.4980,1.4595,-0.0469,31.220,397.622,-124.695,1,21
0.5161,1.4268,-0.0137,32.927,398.598,-118.598,1,21
0.7188,-0.9551,0.4570,100.183,-139.390,57.317,2,21
0.7163,-0.9609,0.4463,101.463,-141.524,56.585,2,21
0.7197,-0.9575,0.4404,102.561,-143.902,54.878,2,21
0.7124,-0.9609,0.4395,103.659,-146.341,53.841,2,21
0.7158,-0.9644,0.4263,105.244,-148.537,52.439,2,21
0.7061,-0.9658,0.4253,106.341,-150.854,51.159,2,21
0.7100,-0.9639,0.4092,107.439,-153.049,49.695,2,21
0.7002,-0.9731,0.3989,108.476,-155.732,48.415,2,21
0.5293,1.3809,0.0205,34.268,398.963,-112.683,1,21
0.5542,1.3354,0.0508,34.939,399.146,-107.683,1,21
0.5757,1.2861,0.0786,36.524,397.744,-102.317,1,21
0.6055,1.2446,0.0977,37.683,396.037,-97.866,1,21
0.6270,1.2026,0.1206,38.963,393.171,-93.902,1,21
0.6597,1.1558,0.1421,39.390,390.183,-90.061,1,21
0.6860,1.1167,0.1479,39.512,385.976,-86.220,1,21
0.7114,1.0679,0.1611,39.451,381.220,-82.622,1,21
0.7012,-0.9731,0.3882,109.573,-157.866,47.622,2,21
0.7051,-0.9790,0.3760,110.671,-159.939,46.098,2,21
0.6836,-0.9766,0.3691,111.402,-161.585,45.366,2,21
0.6909,-0.9810,0.3550,112.805,-163.110,44.512,2,21
0.6943,-0.9761,0.3452,113.902,-165.122,43.598,2,21
0.6719,-0.9785,0.3389,114.817,-166.585,43.049,2,21
0.6753,-0.9756,0.3218,115.976,-167.988,42.622,2,21
0.6738,-0.9731,0.3135,117.012,-169.207,42.195,2,21
0.7358,1.0200,0.1768,38.659,375.976,-79.451,1,21
0.7588,0.9673,0.1875,38.415,370.732,-75.915,1,21
0.7852,0.9268,0.1777,37.683,364.817,-72.622,1,21
0.8042,0.8818,0.1777,37.439,358.902,-69.329,1,21
0.8218,0.8374,0.1611,36.890,352.500,-66.646,1,21
0.8433,0.7979,0.1626,35.854,346.585,-63.720,1,21
0.8574,0.7554,0.1528,34.573,340.427,-61.463,1,21
0.8799,0.7236,0.1440,32.927,334.146,-59.207,1,21
0.6704,-0.9736,0.3110,117.561,-170.671,42.012,2,21
0.6670,-0.9697,0.3013,118.293,-171.951,41.463,2,21
0.6650,-0.9678,0.2954,119.451,-172.988,41.402,2,21
0.6699,-0.9619,0.2974,119.634,-174.024,40.610,2,21
0.6753,-0.9639,0.2910,120.122,-175.122,40.488,2,21
0.6650,-0.9580,0.2954,120.610,-176.585,40.061,2,21
0.6689,-0.9556,0.2935,121.585,-177.622,39.634,2,21
0.6753,-0.9531,0.2983,121.159,-178.841,39.085,2,21
0.8975,0.6841,0.1152,31.037,328.171,-56.707,1,21
0.9136,0.6592,0.1001,28.780,322.500,-54.756,1,21
0.9316,0.6226,0.0820,26.646,317.378,-52.866,1,21
0.9365,0.5972,0.0615,24.390,312.195,-51.280,1,21
0.9546,0.5723,0.0269,22.622,306.829,-49.451,1,21
0.9683,0.5479,-0.0015,21.159,301.829,-47.927,1,21
0.9795,0.5313,-0.0269,20.122,296.768,-46.951,1,21
0.9917,0.5112,-0.0557,19.573,291.402,-45.610,1,21
0.6841,-0.9526,0.2925,121.524,-180.000,38.598,2,21
0.6768,-0.9551,0.2974,121.768,-181.585,38.415,2,21
0.6812,-0.9468,0.3008,121.951,-182.500,37.622,2,21
0.6851,-0.9561,0.3008,122.744,-183.902,37.317,2,21
0.6885,-0.9546,0.3091,123.293,-185.122,36.890,2,21
0.6831,-0.9541,0.3052,123.232,-185.793,36.585,2,21
0.6890,-0.9590,0.3071,123.415,-186.707,35.976,2,21
0.6855,-0.9624,0.3110,123.476,-187.805,35.549,2,21
1.0010,0.5020,-0.0684,18.963,286.463,-44.573,1,21
1.0107,0.4932,-0.0977,18.963,281.159,-43.841,1,21
1.0239,0.4829,-0.1348,20.244,275.549,-43.110,1,21
1.0259,0.4829,-0.1553,22.561,270.244,-42.805,1,21
1.0293,0.4829,-0.1782,25.488,264.695,-41.890,1,21
1.0381,0.4868,-0.1997,28.963,259.390,-41.585,1,21
1.0371,0.4883,-0.2305,33.293,253.659,-41.524,1,21
1.0322,0.4897,-0.2500,38.537,248.049,-41.646,1,21
1.0376,0.4883,-0.2671,43.720,242.622,-41.280,1,21
1.0308,0.4912,-0.2896,50.061,236.768,-41.037,1,21
1.0376,0.4849,-0.3188,57.073,231.402,-41.098,1,21
1.0376,0.4980,-0.3428,64.695,225.854,-41.037,1,21
1.0347,0.5117,-0.3608,72.500,221.220,-41.463,1,21
1.0327,0.5420,-0.3882,79.756,217.683,-42.134,1,21
1.0361,0.5728,-0.3882,86.768,213.659,-43.659,1,21
1.0303,0.6089,-0.4063,93.110,210.549,-45.183,1,21
1.0142,0.6460,-0.4258,99.756,206.951,-47.012,1,21
1.0122,0.6997,-0.4131,106.402,203.720,-49.390,1,21
0.9966,0.7583,-0.3901,111.463,200.732,-51.829,1,21
0.9766,0.8174,-0.3481,115.183,198.110,-54.634,1,21
0.9570,0.8613,-0.3257,118.841,195.488,-57.195,1,21
0.9526,0.9111,-0.3359,123.902,192.500,-59.146,1,21
0.9551,0.9634,-0.3330,130.976,189.329,-60.610,1,21
0.9507,1.0200,-0.3296,137.805,186.463,-61.524,1,21
0.6475,-1.2476,0.4385,83.171,-183.110,29.878,2,21
0.6499,-1.2690,0.4473,79.878,-182.073,28.841,2,21
0.6479,-1.2827,0.4575,76.220,-181.463,27.256,2,21
0.6470,-1.3076,0.4756,72.744,-180.793,26.098,2,21
0.6431,-1.3237,0.4927,69.512,-179.695,24.512,2,21
0.6382,-1.3340,0.4951,66.159,-179.268,22.805,2,21
0.6504,-1.3506,0.5073,62.805,-178.415,21.402,2,21
0.6470,-1.3711,0.5181,59.085,-178.049,19.390,2,21
0.9424,1.1123,-0.3018,147.012,183.171,-62.439,1,21
0.9434,1.1450,-0.2896,149.512,182.561,-62.439,1,21
0.9438,1.2183,-0.2480,156.524,180.671,-62.439,1,21
0.9561,1.2422,-0.2466,159.329,179.817,-62.256,1,21
0.9551,1.3027,-0.2163,167.744,177.927,-61.098,1,21
0.9697,1.3364,-0.1934,173.476,176.280,-59.512,1,21
0.9844,1.3696,-0.1685,179.756,174.817,-58.354,1,21
0.9966,1.3989,-0.1548,185.732,173.110,-56.646,1,21
1.1890,1.3486,0.0376,220.244,150.366,-40.671,1,21
1.2061,1.3042,0.0630,221.159,146.280,-39.512,1,21
1.2192,1.2495,0.0981,222.012,141.951,-38.415,1,21
1.2217,1.1948,0.1323,222.500,136.829,-37.317,1,21
1.2314,1.1450,0.1533,223.537,131.646,-36.341,1,21
1.2437,1.0967,0.1772,223.354,126.341,-35.610,1,21
1.2495,1.0483,0.1997,223.780,120.915,-34.573,1,21
1.2598,0.9990,0.2212,224.024,115.427,-33.293,1,21
0.6411,-1.5488,0.6377,19.512,-162.988,-19.878,2,21
0.6372,-1.5547,0.6309,17.866,-162.195,-22.073,2,21
0.6338,-1.5684,0.6392,15.915,-161.524,-24.390,2,21
0.6377,-1.5845,0.6387,14.085,-160.488,-26.768,2,21
0.6201,-1.5938,0.6294,12.317,-159.634,-29.512,2,21
0.6211,-1.6064,0.6294,10.610,-158.963,-32.317,2,21
0.6172,-1.6182,0.6284,9.207,-158.415,-34.939,2,21
0.6030,-1.6260,0.6128,7.622,-157.622,-38.110,2,21
1.4063,0.4810,0.2285,138.110,65.061,19.634,1,21
1.4092,0.4434,0.1934,127.683,61.280,22.561,1,21
1.4058,0.4150,0.1680,117.561,56.951,25.061,1,21
1.3950,0.3745,0.1450,107.622,52.561,27.134,1,21
1.3867,0.3506,0.1167,98.293,48.720,28.841,1,21
1.3716,0.3223,0.0957,88.659,44.085,30.183,1,21
1.3584,0.2974,0.0723,79.024,40.061,30.793,1,21
1.3467,0.2578,0.0376,69.695,36.341,31.646,1,21
1.1284,0.0449,-0.1807,2.500,20.122,31.220,1,21
1.1240,0.0376,-0.1826,-1.220,19.756,31.098,1,21
1.1030,0.0264,-0.1953,-7.683,19.573,30.671,1,21
1.0903,0.0107,-0.1880,-13.110,19.390,30.305,1,21
1.0757,-0.0078,-0.2129,-18.537,19.024,30.000,1,21
1.0654,-0.0313,-0.2324,-23.049,18.963,29.878,1,21
1.0508,-0.0337,-0.2441,-26.646,18.598,29.634,1,21
1.0405,-0.0562,-0.2544,-29.512,18.354,29.451,1,21
0.9209,-0.1274,-0.3086,-26.951,13.780,20.793,1,21
0.9023,-0.1304,-0.3086,-23.720,13.171,20.061,1,21
0.8896,-0.1362,-0.3052,-20.305,12.561,19.512,1,21
0.8677,-0.1436,-0.3091,-16.890,11.829,19.268,1,21
0.8496,-0.1572,-0.3027,-13.049,11.220,18.354,1,21
0.8325,-0.1670,-0.2964,-10.305,10.854,17.683,1,21
0.8188,-0.1763,-0.3037,-6.768,10.610,16.829,1,21
0.8086,-0.1885,-0.2964,-3.598,10.244,15.732,1,21
0.6826,-0.1597,-0.3491,27.683,11.585,-4.451,1,21
0.6709,-0.1440,-0.3477,30.854,12.988,-7.561,1,21
0.6553,-0.1362,-0.3608,34.512,15.061,-10.610,1,21
0.6387,-0.1289,-0.3579,38.780,17.744,-13.415,1,21
0.6338,-0.1162,-0.3589,43.110,20.488,-16.037,1,21
0.6196,-0.1069,-0.3599,47.988,23.902,-18.963,1,21
0.6201,-0.0957,-0.3560,53.232,27.378,-20.854,1,21
0.6128,-0.0894,-0.3550,59.146,30.671,-22.927,1,21
0.0532,-0.3296,-0.2666,-155.976,-134.329,-113.171,2,21
0.0547,-0.3037,-0.2891,-151.768,-134.756,-112.561,2,21
0.0601,-0.2822,-0.3115,-147.012,-135.305,-111.585,2,21
0.0522,-0.2646,-0.3413,-141.768,-135.610,-111.037,2,21
0.0566,-0.2422,-0.3916,-136.463,-135.732,-110.366,2,21
0.0459,-0.2354,-0.4272,-130.000,-135.244,-109.573,2,21
0.0415,-0.2256,-0.4688,-123.171,-134.390,-108.598,2,21
0.0386,-0.2188,-0.4902,-115.732,-133.354,-107.317,2,21
0.6128,-0.0796,-0.3447,65.122,33.963,-24.756,1,21
0.6025,-0.0669,-0.3320,71.280,37.805,-26.585,1,21
0.6108,-0.0591,-0.3237,76.890,40.793,-27.927,1,21
0.6143,-0.0430,-0.3154,83.476,43.841,-29.207,1,21
0.6152,-0.0347,-0.3032,90.183,46.463,-30.244,1,21
0.6240,-0.0225,-0.2720,96.646,48.780,-31.341,1,21
0.6289,-0.0156,-0.2583,103.659,51.037,-32.256,1,21
0.6353,-0.0146,-0.2480,110.183,52.317,-33.415,1,21
0.0356,-0.2119,-0.5190,-107.195,-132.378,-105.549,2,21
0.0244,-0.2021,-0.5454,-99.024,-131.341,-103.476,2,21
0.0146,-0.2036,-0.5762,-90.793,-130.305,-101.402,2,21
0.0098,-0.2056,-0.6001,-82.012,-129.756,-99.329,2,21
0.0049,-0.2070,-0.6260,-73.232,-128.293,-96.524,2,21
-0.0049,-0.2114,-0.6606,-65.061,-127.256,-93.841,2,21
-0.0063,-0.2227,-0.6860,-56.768,-125.854,-90.732,2,21
-0.0127,-0.2349,-0.7271,-48.476,-123.841,-88.049,2,21
0.6499,-0.0166,-0.2397,117.317,53.232,-34.024,1,21
0.6631,-0.0171,-0.2266,124.390,53.902,-34.756,1,21
0.6772,-0.0200,-0.2275,131.768,53.720,-35.366,1,21
0.6865,-0.0176,-0.2114,138.476,53.780,-35.671,1,21
0.6953,-0.0181,-0.2036,144.512,53.476,-36.402,1,21
0.7104,-0.0181,-0.1865,149.207,53.171,-36.951,1,21
0.7173,-0.0181,-0.1694,153.476,52.622,-37.622,1,21
0.7227,-0.0234,-0.1558,157.134,52.195,-38.598,1,21
-0.0225,-0.2500,-0.7734,-40.061,-121.463,-85.061,2,21
-0.0239,-0.2749,-0.8105,-32.500,-118.841,-82.500,2,21
-0.0298,-0.3052,-0.8472,-24.756,-115.610,-79.878,2,21
-0.0259,-0.3467,-0.8931,-17.317,-111.829,-77.317,2,21
-0.0376,-0.3828,-0.9214,-10.305,-108.049,-74.695,2,21
-0.0439,-0.4272,-0.9375,-3.780,-104.146,-72.378,2,21
-0.0479,-0.4683,-0.9692,2.134,-100.488,-70.610,2,21
-0.0469,-0.5039,-0.9858,7.561,-96.524,-68.841,2,21
0.7202,-0.0234,-0.1411,160.915,50.915,-39.634,1,21
0.7319,-0.0195,-0.1323,163.902,49.939,-40.976,1,21
0.7339,-0.0205,-0.1074,166.524,48.780,-42.500,1,21
0.7256,-0.0200,-0.1035,168.293,47.256,-44.024,1,21
0.7192,-0.0225,-0.0903,169.878,45.732,-45.488,1,21
0.7188,-0.0195,-0.0781,171.159,44.207,-47.622,1,21
0.7144,-0.0098,-0.0757,172.012,42.622,-49.024,1,21
0.7080,-0.0029,-0.0571,172.195,41.463,-50.732,1,21
-0.0542,-0.5576,-1.0020,11.768,-93.049,-67.439,2,21
-0.0591,-0.5981,-1.0210,15.305,-89.146,-65.976,2,21
-0.0557,-0.6284,-1.0425,18.049,-85.976,-64.878,2,21
-0.0591,-0.6729,-1.0640,19.512,-82.256,-63.963,2,21
-0.0615,-0.7129,-1.0903,20.671,-78.598,-63.171,2,21
-0.0669,-0.7422,-1.1138,21.280,-74.878,-62.378,2,21
-0.0645,-0.7729,-1.1250,21.829,-70.976,-61.463,2,21
-0.0698,-0.8091,-1.1377,21.829,-66.768,-60.793,2,21
0.6968,0.0142,-0.0498,171.098,39.695,-53.537,1,21
0.6987,0.0156,-0.0469,170.732,39.207,-54.207,1,21
0.6924,0.0073,-0.0479,169.939,38.415,-55.793,1,21
0.6782,0.0254,-0.0449,168.476,37.439,-57.317,1,21
0.6660,0.0244,-0.0469,166.037,36.768,-59.329,1,21
0.6660,0.0215,-0.0522,165.244,36.220,-59.878,1,21
0.6460,0.0220,-0.0464,161.890,35.427,-61.890,1,21
0.6431,0.0293,-0.0430,158.780,34.939,-63.232,1,21
0.5566,0.0806,-0.0430,120.122,31.951,-79.390,1,21
0.5542,0.0942,-0.0449,114.390,31.646,-81.707,1,21
0.5464,0.1011,-0.0459,108.720,30.549,-84.024,1,21
0.5278,0.1094,-0.0459,103.415,30.183,-86.280,1,21
0.5264,0.1152,-0.0483,97.256,29.817,-88.293,1,21
0.5112,0.1299,-0.0332,91.463,30.000,-90.366,1,21
0.5078,0.1318,-0.0361,84.878,29.634,-92.317,1,21
0.4985,0.1499,-0.0190,78.171,30.122,-94.268,1,21
0.4375,0.1367,-0.0430,15.549,25.793,-108.720,1,21
0.4326,0.1309,-0.0488,6.280,25.610,-110.671,1,21
0.4292,0.1147,-0.0654,-2.378,26.037,-112.500,1,21
0.4243,0.1025,-0.0933,-11.159,25.976,-114.512,1,21
0.4263,0.0967,-0.1279,-19.695,26.280,-116.951,1,21
0.4209,0.0859,-0.1602,-27.866,27.012,-119.390,1,21
0.4316,0.0786,-0.2012,-36.524,27.927,-121.707,1,21
0.4302,0.0801,-0.2378,-45.122,29.451,-124.512,1,21
-0.2891,-0.9712,-1.1040,-14.695,64.573,-35.061,2,21
-0.3071,-0.9648,-1.0776,-15.793,67.988,-33.232,2,21
-0.3320,-0.9644,-1.0581,-16.707,72.134,-31.280,2,21
-0.3359,-0.9624,-1.0200,-17.500,75.488,-29.024,2,21
-0.3472,-0.9668,-0.9995,-18.171,79.085,-26.829,2,21
-0.3574,-0.9561,-0.9663,-18.720,82.744,-24.512,2,21
-0.3623,-0.9487,-0.9336,-18.598,86.402,-22.317,2,21
-0.3750,-0.9419,-0.9019,-18.232,89.939,-19.756,2,21
0.4321,0.0732,-0.2813,-53.476,31.037,-126.829,1,21
0.4399,0.0708,-0.3267,-61.951,33.415,-129.634,1,21
0.4380,0.0693,-0.3657,-69.634,35.915,-131.951,1,21
0.4468,0.0698,-0.3999,-76.829,39.207,-134.573,1,21
0.4551,0.0820,-0.4409,-83.841,42.500,-137.500,1,21
0.4634,0.0972,-0.4648,-91.098,46.463,-140.000,1,21
0.4668,0.1133,-0.4897,-98.354,50.671,-142.195,1,21
0.4873,0.1401,-0.5151,-105.610,55.549,-144.573,1,21
-0.3750,-0.9429,-0.8545,-17.927,93.415,-17.317,2,21
-0.3828,-0.9268,-0.8252,-17.378,97.012,-14.695,2,21
-0.3765,-0.9224,-0.7832,-16.159,100.549,-12.134,2,21
-0.3813,-0.9106,-0.7432,-14.939,104.329,-9.329,2,21
-0.3735,-0.9072,-0.6997,-12.439,108.110,-6.524,2,21
-0.3643,-0.8979,-0.6528,-10.366,111.463,-3.659,2,21
-0.3530,-0.8906,-0.6069,-7.744,114.939,-0.610,2,21
-0.3398,-0.8901,-0.5693,-5.122,118.171,2.439,2,21
0.5059,0.1704,-0.5361,-112.317,60.427,-146.220,1,21
0.5337,0.2168,-0.5483,-118.293,65.793,-147.500,1,21
0.5713,0.2534,-0.5591,-124.695,71.159,-148.171,1,21
0.6138,0.3154,-0.5938,-129.573,76.707,-148.293,1,21
0.6611,0.3643,-0.5972,-135.854,82.500,-147.927,1,21
0.7183,0.4253,-0.5806,-142.134,89.329,-146.707,1,21
0.7856,0.4790,-0.5630,-150.427,96.463,-144.878,1,21
0.8682,0.5366,-0.5488,-158.720,103.963,-141.829,1,21
2.5044,0.8706,0.0435,-266.951,138.963,-101.646,1,21
2.7905,0.9111,0.1406,-273.232,129.329,-99.390,1,21
3.0747,0.9429,0.2100,-275.427,113.902,-98.476,1,21
3.3428,1.0000,0.2588,-273.415,92.988,-99.451,1,21
3.5527,1.0630,0.2915,-267.012,66.341,-103.476,1,21
3.6973,1.1436,0.2778,-255.854,34.451,-110.976,1,21
3.7842,1.2471,0.2471,-241.341,-0.671,-121.463,1,21
3.8120,1.3687,0.1743,-222.622,-38.110,-132.927,1,21
3.1714,2.3257,-0.4468,-117.134,-202.012,-79.207,1,21
3.2246,2.2896,-0.3394,-117.378,-206.341,-61.402,1,21
3.3677,2.2554,-0.2402,-116.220,-211.890,-41.890,1,21
3.5571,2.2344,-0.0928,-116.220,-220.122,-21.159,1,21
3.7480,2.2158,0.0352,-115.244,-231.463,-0.366,1,21
3.9058,2.2021,0.1768,-112.256,-248.049,18.963,1,21
4.0220,2.1572,0.3140,-106.951,-269.024,34.390,1,21
4.0586,2.1128,0.4692,-97.927,-294.329,45.976,1,21
4.0586,2.0635,0.6055,-86.829,-320.732,53.598,1,21
4.0107,2.0020,0.7461,-73.659,-347.927,58.659,1,21
3.9404,1.9302,0.8374,-59.268,-373.293,63.659,1,21
3.8257,1.8745,0.9229,-44.329,-396.280,69.268,1,21
3.7075,1.8306,1.0039,-31.585,-417.073,76.890,1,21
3.5747,1.7871,1.0835,-20.000,-434.756,86.890,1,21
3.4414,1.7480,1.1528,-10.549,-450.732,98.476,1,21
3.2959,1.7017,1.2271,-1.524,-464.756,112.195,1,21
0.6255,-1.2769,0.1572,-78.171,146.890,115.000,2,21
0.6401,-1.2573,0.1460,-86.159,144.573,115.000,2,21
0.6523,-1.2427,0.1367,-94.268,142.500,115.244,2,21
0.6689,-1.2290,0.1118,-102.195,140.549,115.244,2,21
0.6870,-1.2251,0.0884,-110.183,139.268,115.244,2,21
0.6948,-1.2246,0.0762,-117.195,138.720,115.244,2,21
0.7168,-1.2397,0.0737,-123.232,138.780,115.183,2,21
0.7319,-1.2505,0.0737,-129.146,139.024,114.939,2,21
3.1538,1.6670,1.2944,6.524,-478.537,127.012,1,21
2.9995,1.6436,1.3579,14.573,-490.915,142.134,1,21
2.8511,1.6226,1.4395,21.098,-502.927,157.683,1,21
2.6982,1.5967,1.5059,27.012,-513.963,172.805,1,21
2.5493,1.5718,1.5684,31.402,-524.634,187.195,1,21
2.3979,1.5435,1.6187,35.915,-534.939,201.585,1,21
2.2588,1.5161,1.6704,39.268,-544.329,214.756,1,21
2.1260,1.4849,1.7144,42.500,-552.744,228.110,1,21
0.7593,-1.2759,0.0732,-136.768,139.817,114.207,2,21
0.7695,-1.2793,0.0776,-139.329,140.366,113.780,2,21
0.7959,-1.2954,0.0728,-143.963,140.732,112.744,2,21
0.8203,-1.3130,0.0732,-149.085,142.195,111.280,2,21
0.8579,-1.3315,0.0864,-154.085,143.354,109.573,2,21
0.8853,-1.3477,0.1074,-158.232,144.878,107.500,2,21
0.9253,-1.3516,0.1245,-162.256,146.037,105.122,2,21
0.9600,-1.3550,0.1494,-166.707,146.890,102.744,2,21
1.9912,1.4614,1.7524,45.244,-560.549,240.732,1,21
1.8691,1.4351,1.7910,47.317,-567.683,252.561,1,21
1.7598,1.4097,1.8291,48.598,-573.537,263.598,1,21
1.6597,1.3877,1.8608,49.756,-579.329,273.963,1,21
1.5713,1.3633,1.8809,50.549,-584.024,283.963,1,21
1.4839,1.3594,1.8921,52.195,-588.780,292.195,1,21
1.4175,1.3481,1.8823,54.085,-593.415,300.427,1,21
1.3457,1.3613,1.8818,56.402,-597.561,307.256,1,21
1.0010,-1.3604,0.1665,-171.463,147.622,99.817,2,21
1.0420,-1.3467,0.1777,-176.037,147.866,97.195,2,21
1.0889,-1.3389,0.1943,-181.037,148.598,93.902,2,21
1.1318,-1.3320,0.2109,-185.915,148.841,91.037,2,21
1.1782,-1.3135,0.2271,-190.915,149.268,88.293,2,21
1.2217,-1.2954,0.2339,-195.061,149.756,85.488,2,21
1.2554,-1.2754,0.2588,-199.146,150.061,83.049,2,21
1.2896,-1.2490,0.2666,-202.561,150.183,80.915,2,21
1.2666,1.3823,1.8921,57.012,-600.549,312.744,1,21
1.2090,1.4121,1.8813,56.829,-603.049,317.988,1,21
1.1465,1.4468,1.8789,56.585,-605.305,322.500,1,21
1.0962,1.4839,1.8726,56.951,-606.220,327.378,1,21
1.0464,1.5435,1.8770,56.951,-605.671,332.195,1,21
1.0117,1.6084,1.8809,58.537,-603.598,337.622,1,21
0.9766,1.6948,1.9214,60.427,-599.634,342.744,1,21
0.9458,1.7837,1.9697,62.744,-594.939,348.415,1,21
1.3276,-1.1997,0.2993,-207.073,150.122,77.988,2,21
1.3496,-1.1602,0.3169,-209.634,149.939,76.585,2,21
1.3691,-1.1460,0.3247,-210.915,149.817,75.488,2,21
1.3774,-1.1025,0.3325,-213.537,149.817,74.390,2,21
1.3911,-1.0635,0.3462,-214.817,149.512,74.024,2,21
1.3823,-1.0098,0.3608,-216.707,149.390,73.171,2,21
1.3726,-0.9717,0.3735,-217.073,149.146,73.049,2,21
1.3667,-0.9409,0.3857,-216.829,149.268,73.171,2,21
0.9131,1.9077,2.0371,67.744,-587.256,356.524,1,21
0.9092,1.9521,2.0640,69.817,-584.817,359.451,1,21
0.8901,2.0352,2.1123,74.024,-580.793,364.939,1,21
0.8730,2.1021,2.1714,78.598,-577.561,370.366,1,21
0.8569,2.1602,2.2192,82.866,-575.000,375.915,1,21
0.8281,2.2056,2.2524,86.707,-573.232,380.610,1,21
0.7930,2.2388,2.2910,90.000,-572.012,385.244,1,21
0.7422,2.2529,2.3120,95.305,-571.768,391.098,1,21
-0.9458,2.2881,1.2104,46.220,-654.512,382.988,1,21
-1.0103,2.2285,1.1328,41.951,-661.829,384.146,1,21
-1.0610,2.1641,1.0396,38.963,-666.220,384.756,1,21
-1.1191,2.1187,0.9512,36.829,-666.707,384.207,1,21
-1.1655,2.0796,0.8687,34.207,-663.354,382.073,1,21
-1.1987,2.0410,0.7695,31.159,-655.061,378.963,1,21
-1.2344,2.0029,0.6650,28.049,-641.463,374.817,1,21
-1.2646,1.9731,0.5435,22.866,-621.098,370.061,1,21
0.7817,-0.9731,0.4185,-92.744,163.598,72.195,2,21
0.7700,-0.9458,0.4243,-90.427,161.890,69.329,2,21
0.7534,-0.9111,0.4272,-88.049,160.671,66.768,2,21
0.7480,-0.8730,0.4194,-86.159,159.451,63.902,2,21
0.7534,-0.8296,0.4316,-84.268,158.171,61.037,2,21
0.7588,-0.7979,0.4351,-81.829,156.646,57.988,2,21
0.7744,-0.7578,0.4268,-79.878,155.366,54.695,2,21
0.7974,-0.7222,0.4214,-77.073,154.085,51.768,2,21
-1.6724,1.6616,0.4102,-1.098,-346.829,307.378,1,21
-1.6714,1.6553,0.4121,1.646,-341.280,295.854,1,21
-1.6665,1.6416,0.3994,3.902,-335.366,285.366,1,21
-1.6748,1.6289,0.3584,6.159,-327.561,276.159,1,21
-1.6958,1.5986,0.3262,7.561,-317.500,268.354,1,21
-1.7090,1.5645,0.2954,9.390,-305.610,261.524,1,21
-1.7290,1.5103,0.2554,11.646,-292.378,254.878,1,21
-1.7500,1.4482,0.2231,13.841,-279.634,248.049,1,21
0.8174,-0.6880,0.4131,-74.451,152.439,49.146,2,21
0.8394,-0.6465,0.4063,-71.829,150.976,46.280,2,21
0.8765,-0.6162,0.4063,-69.695,148.902,43.963,2,21
0.9067,-0.5840,0.3872,-67.195,147.195,41.646,2,21
0.9229,-0.5547,0.3823,-64.329,144.451,39.268,2,21
0.9487,-0.5176,0.3691,-61.707,142.073,37.500,2,21
0.9565,-0.4907,0.3569,-58.841,139.329,35.122,2,21
0.9761,-0.4707,0.3521,-55.427,136.098,33.720,2,21
-1.7661,1.3882,0.1973,15.976,-267.622,240.610,1,21
-1.7637,1.3252,0.1743,17.561,-256.646,232.378,1,21
-1.7666,1.2554,0.1743,17.805,-246.341,222.988,1,21
-1.7524,1.1948,0.1553,17.317,-237.317,213.476,1,21
-1.7300,1.1362,0.1274,16.829,-229.512,204.024,1,21
-1.7144,1.0767,0.0972,15.549,-222.195,194.512,1,21
-1.6860,1.0244,0.0684,13.720,-215.183,185.488,1,21
-1.6611,0.9854,0.0142,12.256,-208.232,176.646,1,21
0.9844,-0.4438,0.3359,-51.890,132.500,31.829,2,21
0.9917,-0.4214,0.3267,-48.476,129.085,30.122,2,21
0.9912,-0.3970,0.3086,-45.305,125.610,28.476,2,21
0.9858,-0.3701,0.2988,-42.134,121.768,26.829,2,21
0.9912,-0.3569,0.2813,-39.146,118.171,25.183,2,21
0.9839,-0.3384,0.2729,-35.915,114.451,23.841,2,21
0.9873,-0.3276,0.2520,-33.049,111.098,22.195,2,21
0.9863,-0.3066,0.2490,-30.427,107.622,20.671,2,21
-1.6216,0.9326,-0.0645,10.183,-198.110,163.963,1,21
-1.5986,0.9160,-0.1226,9.634,-191.098,155.427,1,21
-1.5928,0.9087,-0.1504,9.512,-187.927,150.976,1,21
-1.5879,0.9175,-0.2031,10.000,-181.220,142.073,1,21
-1.5859,0.9429,-0.2427,10.732,-170.549,127.378,1,21
-1.5850,0.9717,-0.2622,10.915,-162.378,117.195,1,21
-1.5869,1.0020,-0.2510,11.402,-153.476,106.280,1,21
-1.6011,1.0371,-0.2407,11.951,-143.780,95.122,1,21
0.9951,-0.2905,0.2393,-27.744,104.451,19.390,2,21
0.9922,-0.2778,0.2275,-25.122,100.915,17.988,2,21
0.9941,-0.2686,0.2236,-22.317,98.232,16.646,2,21
0.9980,-0.2559,0.2163,-20.122,94.695,15.854,2,21
1.0098,-0.2480,0.2100,-17.683,91.098,14.878,2,21
1.0073,-0.2368,0.2031,-15.549,87.683,14.146,2,21
1.0166,-0.2261,0.1929,-13.476,83.902,13.720,2,21
1.0225,-0.2080,0.1841,-11.768,80.244,13.232,2,21
-1.6211,1.0747,-0.2275,12.561,-133.598,84.024,1,21
-1.6304,1.1050,-0.2168,13.232,-122.683,73.354,1,21
-1.6470,1.1152,-0.2021,13.598,-112.012,62.744,1,21
-1.6572,1.1274,-0.1636,13.780,-100.427,52.805,1,21
-1.6763,1.1289,-0.1255,13.902,-87.927,43.110,1,21
-1.6797,1.1118,-0.0811,13.659,-75.427,33.720,1,21
-1.6914,1.0859,-0.0474,13.598,-62.256,25.305,1,21
-1.6992,1.0625,-0.0181,13.780,-49.939,17.195,1,21
1.2505,-0.0786,0.0347,18.293,12.805,13.902,2,21
1.2549,-0.0835,0.0366,19.146,8.841,13.841,2,21
1.2505,-0.0859,0.0439,20.549,4.268,13.902,2,21
1.2427,-0.0908,0.0430,21.220,-0.427,13.232,2,21
1.2324,-0.0972,0.0288,21.646,-5.061,12.866,2,21
1.2241,-0.1099,0.0137,21.707,-9.756,12.073,2,21
1.2075,-0.1274,0.0151,21.951,-14.512,11.098,2,21
1.1831,-0.1416,0.0093,22.317,-18.963,10.183,2,21
-1.5049,0.4766,0.3003,-64.268,117.378,-59.329,1,21
-1.4541,0.4595,0.3062,-72.317,123.232,-62.317,1,21
-1.4150,0.4526,0.3086,-80.183,129.268,-65.122,1,21
-1.3672,0.4468,0.3066,-87.866,134.695,-68.476,1,21
-1.3145,0.4526,0.3110,-95.671,140.305,-71.829,1,21
-1.2700,0.4614,0.3188,-103.232,145.427,-75.366,1,21
-1.2119,0.4766,0.3086,-110.976,150.854,-78.841,1,21
-1.1636,0.4849,0.3086,-117.622,155.915,-82.256,1,21
1.1724,-0.1563,0.0029,23.171,-22.988,8.902,2,21
1.1572,-0.1665,0.0166,23.659,-27.256,7.683,2,21
1.1265,-0.1787,0.0117,24.268,-31.402,6.402,2,21
1.1177,-0.1826,0.0078,24.024,-35.427,4.756,2,21
1.0928,-0.1934,-0.0063,23.902,-39.207,3.354,2,21
1.0801,-0.2021,-0.0005,24.024,-42.622,1.707,2,21
1.0605,-0.2183,-0.0059,24.268,-45.976,0.183,2,21
1.0444,-0.2246,-0.0068,25.000,-49.451,-1.280,2,21
-1.1055,0.5024,0.3037,-123.963,160.915,-85.610,1,21
-1.0474,0.5239,0.2974,-129.451,165.854,-88.720,1,21
-0.9985,0.5493,0.2930,-133.902,170.915,-91.951,1,21
-0.9565,0.5791,0.2944,-137.866,176.037,-95.427,1,21
-0.9028,0.6025,0.2749,-140.793,180.976,-98.415,1,21
-0.8569,0.6294,0.2642,-143.537,185.976,-101.951,1,21
-0.8159,0.6563,0.2534,-145.854,190.427,-105.305,1,21
-0.7705,0.6812,0.2378,-146.951,195.122,-108.476,1,21
1.0405,-0.2266,-0.0063,25.366,-52.378,-2.988,2,21
1.0278,-0.2354,-0.0161,25.610,-55.427,-4.512,2,21
1.0264,-0.2329,-0.0054,25.244,-58.354,-6.220,2,21
1.0161,-0.2451,-0.0020,24.268,-60.732,-7.927,2,21
1.0181,-0.2510,0.0015,24.085,-63.354,-9.756,2,21
1.0117,-0.2642,0.0122,23.537,-65.488,-11.768,2,21
0.9956,-0.2754,0.0215,22.561,-67.744,-12.866,2,21
0.9985,-0.2954,0.0298,21.890,-70.000,-14.634,2,21
-0.7256,0.7002,0.2202,-146.951,199.329,-111.402,1,21
-0.6860,0.7280,0.2002,-146.159,203.780,-114.634,1,21
-0.6509,0.7505,0.1831,-144.878,208.780,-118.293,1,21
-0.6138,0.7764,0.1729,-142.744,213.110,-121.829,1,21
-0.5752,0.7944,0.1597,-140.671,217.195,-125.488,1,21
-0.5391,0.8193,0.1445,-138.415,221.220,-129.451,1,21
-0.5093,0.8340,0.1323,-136.220,225.366,-132.927,1,21
-0.4727,0.8525,0.1201,-132.439,228.902,-136.037,1,21
1.0063,0.9805,-0.3403,15.915,375.793,-61.890,1,21
1.0273,0.9580,-0.3569,14.817,371.707,-59.146,1,21
1.0405,0.9233,-0.3594,14.268,367.927,-56.463,1,21
1.0640,0.8940,-0.3706,14.085,363.659,-54.024,1,21
1.0869,0.8638,-0.3745,13.659,360.000,-52.073,1,21
1.1030,0.8428,-0.3804,13.293,355.427,-49.878,1,21
1.1221,0.8130,-0.3794,12.927,351.280,-48.049,1,21
1.1470,0.7993,-0.3799,11.951,347.317,-46.280,1,21
1.3242,0.6216,-0.4136,47.134,269.329,-29.695,1,21
1.3325,0.6167,-0.4199,51.951,263.293,-29.573,1,21
1.3218,0.6177,-0.4336,57.561,257.073,-29.695,1,21
1.3149,0.6079,-0.4419,63.354,251.463,-29.573,1,21
1.3130,0.5991,-0.4482,69.451,245.549,-29.573,1,21
1.3120,0.5869,-0.4648,75.183,240.122,-29.024,1,21
1.3081,0.5791,-0.4663,81.707,235.000,-28.902,1,21
1.3101,0.5620,-0.4595,88.537,229.878,-28.354,1,21
0.7383,-0.9385,-0.0493,65.549,-101.951,-24.024,2,21
0.7290,-0.9307,-0.0483,66.280,-100.976,-24.085,2,21
0.7358,-0.9263,-0.0605,66.280,-100.183,-24.451,2,21
0.7339,-0.9194,-0.0498,67.134,-99.207,-24.817,2,21
0.7319,-0.9175,-0.0547,67.927,-98.598,-25.000,2,21
0.7363,-0.9092,-0.0605,68.049,-97.805,-25.671,2,21
0.7261,-0.9087,-0.0659,68.598,-96.890,-26.280,2,21
0.7349,-0.9043,-0.0684,68.720,-95.915,-26.524,2,21
1.3032,0.5562,-0.4424,95.244,224.817,-27.866,1,21
1.3115,0.5435,-0.4370,102.561,219.634,-27.622,1,21
1.3340,0.5190,-0.4463,110.854,214.329,-27.622,1,21
1.3384,0.5122,-0.4565,119.817,208.902,-27.256,1,21
1.3525,0.4971,-0.4639,129.451,202.927,-27.256,1,21
1.3638,0.4897,-0.4937,138.659,197.317,-27.073,1,21
1.3784,0.4805,-0.5244,148.232,190.976,-27.317,1,21
1.3853,0.4834,-0.5425,158.110,185.122,-27.805,1,21
0.7251,-0.9053,-0.0669,69.085,-95.366,-27.622,2,21
0.7236,-0.9053,-0.0718,69.207,-94.512,-28.110,2,21
0.7227,-0.8999,-0.0811,69.268,-93.780,-28.841,2,21
0.7158,-0.9019,-0.0854,69.207,-93.049,-29.878,2,21
0.7222,-0.9033,-0.1016,68.963,-92.439,-30.366,2,21
0.7217,-0.9063,-0.1050,68.780,-91.646,-31.159,2,21
0.7173,-0.9102,-0.1128,68.171,-90.549,-31.463,2,21
0.7256,-0.9180,-0.1260,68.110,-89.329,-32.134,2,21
1.3887,0.4946,-0.5625,167.073,178.963,-28.537,1,21
1.3862,0.5107,-0.5693,175.732,173.293,-29.817,1,21
1.3877,0.5278,-0.5645,183.598,167.988,-31.524,1,21
1.3794,0.5464,-0.5361,190.732,163.049,-33.354,1,21
1.3823,0.5571,-0.5303,197.866,158.110,-35.854,1,21
1.3857,0.5586,-0.5264,206.585,152.805,-38.049,1,21
1.3779,0.5791,-0.5352,215.549,147.561,-40.183,1,21
1.3857,0.5918,-0.5430,224.329,142.561,-42.500,1,21
0.7227,-0.9326,-0.1411,68.354,-88.293,-32.683,2,21
0.7300,-0.9390,-0.1528,68.354,-87.134,-32.622,2,21
0.7368,-0.9434,-0.1626,68.049,-86.037,-32.805,2,21
0.7295,-0.9517,-0.1719,67.805,-84.512,-32.805,2,21
0.7329,-0.9658,-0.1885,67.805,-83.354,-32.988,2,21
0.7354,-0.9727,-0.2031,67.073,-82.134,-32.927,2,21
0.7285,-0.9780,-0.2173,66.951,-80.183,-32.561,2,21
0.7271,-0.9980,-0.2197,66.707,-78.415,-32.439,2,21
0.9736,0.3823,0.0337,98.720,18.110,-15.488,1,21
0.9736,0.3618,0.0210,95.854,17.256,-12.927,1,21
0.9727,0.3340,0.0063,92.256,15.122,-10.488,1,21
0.9722,0.3154,-0.0034,88.902,12.927,-9.024,1,21
0.9663,0.3013,-0.0200,85.610,10.915,-8.293,1,21
0.9639,0.2837,-0.0400,81.890,8.537,-7.683,1,21
0.9463,0.2671,-0.0483,78.232,6.951,-7.134,1,21
0.9292,0.2505,-0.0542,74.756,5.244,-6.951,1,21
0.5479,-0.9502,-0.5767,42.012,-60.549,-49.695,2,21
0.5474,-0.9434,-0.5771,42.378,-60.671,-50.244,2,21
0.5347,-0.9316,-0.5840,42.927,-61.341,-51.341,2,21
0.5361,-0.9092,-0.5767,43.659,-62.012,-52.500,2,21
0.5264,-0.8911,-0.5830,44.573,-62.683,-53.841,2,21
0.5225,-0.8701,-0.5854,45.305,-63.049,-55.000,2,21
0.5254,-0.8496,-0.5884,46.890,-63.720,-56.280,2,21
0.5132,-0.8228,-0.5811,47.622,-64.573,-57.378,2,21
0.9185,0.2461,-0.0630,71.159,4.207,-6.524,1,21
0.8975,0.2271,-0.0591,67.805,2.256,-6.341,1,21
0.8755,0.2173,-0.0713,64.756,1.646,-6.220,1,21
0.8433,0.2065,-0.0693,61.829,0.793,-6.098,1,21
0.8149,0.1904,-0.0669,58.780,-0.427,-6.159,1,21
0.7930,0.1865,-0.0708,56.646,-1.585,-6.768,1,21
0.7637,0.1665,-0.0703,55.061,-2.195,-6.951,1,21
0.7407,0.1587,-0.0811,53.841,-2.866,-7.744,1,21
0.5117,-0.8149,-0.5942,49.146,-65.488,-58.902,2,21
0.5005,-0.7886,-0.5840,50.122,-65.976,-59.329,2,21
0.4985,-0.7764,-0.5918,50.976,-66.951,-60.061,2,21
0.4990,-0.7637,-0.5928,52.378,-67.561,-60.610,2,21
0.4854,-0.7568,-0.5977,53.354,-67.927,-61.098,2,21
0.4810,-0.7466,-0.5991,53.720,-68.537,-61.220,2,21
0.4814,-0.7305,-0.5991,54.207,-69.512,-61.524,2,21
0.4697,-0.7236,-0.5967,54.817,-69.817,-61.585,2,21
0.7031,0.1396,-0.0791,51.951,-4.390,-9.329,1,21
0.6899,0.1309,-0.0903,51.159,-4.695,-9.817,1,21
0.6646,0.1226,-0.0889,49.329,-5.488,-11.585,1,21
0.6470,0.1074,-0.1001,46.524,-6.341,-13.110,1,21
0.6240,0.0996,-0.1079,43.537,-7.195,-14.573,1,21
0.6006,0.0825,-0.1206,40.305,-7.561,-16.037,1,21
0.5894,0.0718,-0.1240,37.317,-7.622,-17.195,1,21
0.5527,0.0610,-0.1333,32.256,-7.317,-19.207,1,21
0.4644,-0.7173,-0.6016,54.817,-70.793,-61.707,2,21
0.4580,-0.7158,-0.6045,55.244,-71.280,-61.707,2,21
0.4478,-0.6982,-0.6030,55.183,-72.012,-61.829,2,21
0.4487,-0.6997,-0.5991,55.000,-72.500,-61.768,2,21
0.4385,-0.6919,-0.6016,54.634,-73.476,-61.890,2,21
0.4297,-0.6885,-0.6025,54.329,-74.268,-61.829,2,21
0.4189,-0.6841,-0.6006,54.085,-74.695,-61.951,2,21
0.4165,-0.6772,-0.5986,53.598,-75.549,-62.134,2,21
0.5332,0.0410,-0.1328,29.207,-7.317,-20.488,1,21
0.5234,0.0415,-0.1543,27.012,-6.585,-21.280,1,21
0.5029,0.0337,-0.1636,25.427,-6.463,-22.561,1,21
0.4946,0.0366,-0.1709,24.085,-5.976,-23.780,1,21
0.4805,0.0371,-0.1807,22.683,-5.610,-24.695,1,21
0.4683,0.0425,-0.1890,20.915,-5.122,-26.220,1,21
0.4639,0.0474,-0.1782,18.720,-5.183,-27.561,1,21
0.4448,0.0522,-0.1772,17.500,-4.756,-29.329,1,21
0.3999,-0.6768,-0.6001,53.293,-76.220,-62.500,2,21
0.4014,-0.6670,-0.6040,52.683,-76.951,-62.927,2,21
0.3950,-0.6680,-0.6069,51.707,-77.866,-63.171,2,21
0.3799,-0.6538,-0.6045,51.037,-78.293,-63.780,2,21
0.3789,-0.6494,-0.6147,50.427,-78.598,-64.329,2,21
0.3696,-0.6465,-0.6133,49.878,-79.268,-65.000,2,21
0.3643,-0.6416,-0.6025,49.207,-79.329,-65.549,2,21
0.3608,-0.6367,-0.6035,48.415,-79.390,-66.037,2,21
0.4312,0.0566,-0.1743,16.037,-4.573,-31.037,1,21
0.4287,0.0557,-0.1650,15.671,-4.512,-32.561,1,21
0.4199,0.0630,-0.1519,15.854,-4.512,-34.573,1,21
0.4087,0.0713,-0.1597,16.951,-4.939,-35.793,1,21
0.4155,0.0806,-0.1685,18.598,-4.817,-37.683,1,21
0.4204,0.0903,-0.1558,20.061,-5.427,-39.573,1,21
0.4146,0.0986,-0.1411,21.098,-5.427,-41.220,1,21
0.4165,0.1089,-0.1255,21.524,-5.793,-42.744,1,21
0.2124,-1.3164,-0.6567,-21.402,-47.866,-71.037,2,21
0.1870,-1.3330,-0.6626,-25.793,-45.854,-71.098,2,21
0.1689,-1.3638,-0.6675,-30.610,-44.268,-71.220,2,21
0.1440,-1.3843,-0.6860,-35.427,-42.683,-71.098,2,21
0.1289,-1.3945,-0.6865,-39.634,-40.793,-71.341,2,21
0.0913,-1.4111,-0.6973,-44.146,-38.841,-71.646,2,21
0.0654,-1.4219,-0.6973,-47.988,-36.890,-71.585,2,21
0.0498,-1.4204,-0.7100,-51.707,-34.634,-72.073,2,21
0.4512,0.2061,-0.1123,28.659,15.244,-92.500,1,21
0.4712,0.2007,-0.1206,27.439,16.829,-93.780,1,21
0.4746,0.1948,-0.1357,26.585,19.268,-95.244,1,21
0.4961,0.1992,-0.1538,25.366,21.707,-95.976,1,21
0.5190,0.1943,-0.1533,22.988,24.451,-96.707,1,21
0.5415,0.1880,-0.1709,20.366,27.866,-97.256,1,21
0.5762,0.1899,-0.1846,16.524,31.768,-97.500,1,21
0.6040,0.1807,-0.1909,12.134,35.671,-97.134,1,21
0.0190,-1.4312,-0.7246,-55.061,-32.073,-72.195,2,21
-0.0068,-1.4351,-0.7354,-58.293,-29.573,-72.500,2,21
-0.0308,-1.4336,-0.7422,-61.463,-26.220,-72.134,2,21
-0.0630,-1.4365,-0.7568,-63.841,-22.622,-72.195,2,21
-0.0913,-1.4399,-0.7632,-66.037,-19.085,-72.378,2,21
-0.1221,-1.4351,-0.7656,-67.805,-15.183,-72.317,2,21
-0.1582,-1.4424,-0.7695,-69.817,-11.280,-72.073,2,21
-0.1841,-1.4346,-0.7715,-71.280,-7.317,-72.195,2,21
0.6553,0.1689,-0.2280,4.573,41.280,-96.646,1,21
0.6914,0.1597,-0.2334,-0.610,44.939,-95.793,1,21
0.7173,0.1519,-0.2388,-3.049,47.073,-95.244,1,21
0.7607,0.1426,-0.2432,-9.329,50.793,-94.695,1,21
0.8457,0.1338,-0.2646,-18.476,56.646,-93.537,1,21
0.8994,0.1274,-0.2783,-25.061,60.366,-92.805,1,21
0.9688,0.1216,-0.2705,-31.524,64.573,-91.829,1,21
1.0493,0.1152,-0.2686,-38.720,69.390,-90.366,1,21
-0.2158,-1.4380,-0.7764,-72.988,-3.354,-71.585,2,21
-0.2446,-1.4375,-0.7700,-74.085,0.976,-71.402,2,21
-0.2642,-1.4302,-0.7656,-75.183,5.061,-71.220,2,21
-0.3018,-1.4277,-0.7656,-76.098,9.878,-70.183,2,21
-0.3154,-1.4131,-0.7583,-76.890,14.695,-69.390,2,21
-0.3364,-1.4053,-0.7466,-77.927,19.207,-68.476,2,21
-0.3555,-1.3936,-0.7461,-77.927,24.390,-67.683,2,21
-0.3716,-1.3804,-0.7324,-78.110,29.695,-66.402,2,21
1.1348,0.1104,-0.2661,-44.451,73.354,-89.268,1,21
1.2271,0.0986,-0.2607,-49.817,77.317,-87.805,1,21
1.3389,0.0967,-0.2671,-53.476,80.671,-86.707,1,21
1.4624,0.1064,-0.2715,-56.159,82.866,-85.366,1,21
1.6060,0.1162,-0.2676,-57.317,83.902,-84.329,1,21
1.7671,0.1372,-0.2686,-58.232,83.110,-82.683,1,21
1.9351,0.1538,-0.2808,-57.805,80.915,-80.854,1,21
2.1211,0.1650,-0.2969,-55.671,75.793,-79.390,1,21
-0.3911,-1.3662,-0.7275,-78.780,34.939,-64.878,2,21
-0.4019,-1.3521,-0.7168,-78.415,40.488,-62.927,2,21
-0.4189,-1.3286,-0.7153,-78.171,46.707,-60.915,2,21
-0.4150,-1.3198,-0.7095,-77.805,52.988,-58.476,2,21
-0.4292,-1.3008,-0.6909,-76.646,59.573,-55.305,2,21
-0.4268,-1.2861,-0.6563,-75.122,66.220,-52.317,2,21
-0.4199,-1.2671,-0.6353,-72.805,73.110,-48.598,2,21
-0.4023,-1.2393,-0.6138,-70.793,79.878,-44.451,2,21
2.2998,0.1836,-0.3208,-52.561,68.720,-77.012,1,21
2.4639,0.1948,-0.3379,-48.963,59.329,-75.061,1,21
2.6099,0.2012,-0.3716,-43.902,48.415,-74.085,1,21
2.7119,0.2026,-0.4111,-38.232,36.341,-73.537,1,21
2.7749,0.1807,-0.4482,-31.280,23.537,-74.756,1,21
2.8164,0.1567,-0.5034,-22.500,10.366,-77.622,1,21
2.8379,0.1274,-0.5762,-12.805,-2.744,-80.976,1,21
2.8687,0.1030,-0.6489,-2.866,-14.695,-84.146,1,21
2.8901,0.0879,-0.7031,3.902,-23.841,-86.585,1,21
2.9419,0.0615,-0.7593,7.439,-30.549,-87.439,1,21
2.9883,0.0298,-0.8110,7.988,-35.671,-87.439,1,21
3.0591,-0.0112,-0.8320,5.488,-39.756,-84.939,1,21
3.1260,-0.0278,-0.8481,1.341,-44.207,-80.183,1,21
3.1958,-0.0444,-0.8311,-5.915,-49.207,-73.841,1,21
3.2710,-0.0444,-0.8311,-15.976,-54.817,-66.829,1,21
3.3413,-0.0293,-0.8267,-27.317,-61.402,-59.634,1,21
3.4106,1.6064,-0.3267,-3.720,-262.073,174.939,1,21
3.3101,1.5825,-0.2109,0.305,-275.854,199.512,1,21
3.2168,1.5566,-0.0991,1.402,-288.902,223.780,1,21
3.1191,1.5137,0.0293,1.220,-302.012,247.073,1,21
3.0225,1.4810,0.1489,-0.976,-315.122,269.634,1,21
2.9307,1.4468,0.2783,-5.854,-328.232,291.280,1,21
2.8447,1.4194,0.4131,-12.744,-340.915,310.732,1,21
2.7749,1.4072,0.5400,-20.915,-353.293,328.963,1,21
0.3716,-1.0112,0.2905,-200.915,155.122,133.293,2,21
0.4253,-1.0024,0.2866,-202.988,154.146,133.232,2,21
0.5000,-1.0083,0.2949,-204.329,153.110,133.537,2,21
0.5527,-1.0103,0.3130,-205.061,152.256,133.841,2,21
0.6304,-1.0220,0.3193,-205.366,151.524,134.268,2,21
0.6968,-1.0391,0.3311,-206.098,150.793,134.512,2,21
0.7646,-1.0586,0.3486,-206.220,150.610,135.793,2,21
0.8252,-1.0767,0.3579,-206.829,150.122,136.341,2,21
1.4673,3.0786,1.3188,-90.244,-543.110,462.439,1,21
1.4023,3.1714,1.3398,-82.012,-549.878,465.549,1,21
1.3496,3.2642,1.3730,-73.780,-555.366,469.573,1,21
1.2969,3.3477,1.4048,-65.915,-559.756,474.878,1,21
1.2544,3.4072,1.4419,-58.354,-562.500,481.524,1,21
1.2163,3.4658,1.4775,-51.098,-564.146,490.244,1,21
1.1719,3.5024,1.5103,-44.207,-565.671,499.939,1,21
1.1206,3.5293,1.5474,-36.463,-567.073,510.976,1,21
1.3271,-1.2676,0.5591,-225.183,143.659,142.073,2,21
1.3696,-1.2759,0.5786,-227.866,142.561,142.073,2,21
1.3911,-1.2759,0.5791,-229.329,142.256,142.134,2,21
1.4268,-1.2778,0.5991,-231.707,140.976,142.683,2,21
1.4585,-1.2744,0.6064,-233.780,140.061,142.561,2,21
1.4932,-1.2588,0.6255,-235.854,139.085,142.805,2,21
1.5103,-1.2529,0.6348,-237.195,138.841,143.476,2,21
1.5176,-1.2349,0.6406,-238.659,138.293,143.720,2,21
1.0713,3.5278,1.5728,-28.720,-569.207,522.134,1,21
1.0029,3.5005,1.5830,-20.854,-571.951,533.110,1,21
0.9399,3.4463,1.6084,-13.110,-574.817,542.927,1,21
0.8789,3.3813,1.5967,-5.488,-578.598,551.159,1,21
0.8047,3.3066,1.5820,2.317,-581.707,557.561,1,21
0.7285,3.2358,1.5581,10.061,-584.634,561.768,1,21
0.6548,3.1650,1.5479,16.341,-586.463,564.268,1,21
0.5771,3.1045,1.5269,21.159,-587.927,565.549,1,21
-0.0635,2.6816,1.2998,0.854,-592.012,575.305,1,21
-0.1250,2.6431,1.2749,-7.317,-590.976,576.707,1,21
-0.1914,2.6089,1.2544,-15.549,-591.524,577.500,1,21
-0.2549,2.5786,1.2119,-23.537,-592.439,577.500,1,21
-0.3076,2.5498,1.1763,-32.195,-593.963,576.890,1,21
-0.3779,2.5317,1.1572,-40.671,-595.671,575.610,1,21
-0.4487,2.5117,1.1396,-49.939,-597.622,573.476,1,21
-0.5293,2.4863,1.1265,-58.841,-600.732,570.549,1,21
1.3237,-1.3931,0.7393,-242.744,158.841,136.707,2,21
1.3213,-1.3896,0.7319,-242.683,160.183,134.146,2,21
1.3071,-1.3862,0.7383,-242.683,161.098,131.402,2,21
1.2998,-1.3740,0.7441,-241.890,162.378,128.354,2,21
1.2993,-1.3506,0.7393,-240.732,163.110,125.671,2,21
1.2866,-1.3301,0.7349,-239.390,164.085,122.805,2,21
1.2793,-1.3076,0.7383,-237.134,165.305,120.000,2,21
1.2710,-1.2759,0.7397,-234.573,166.220,117.317,2,21
-0.6011,2.4482,1.0874,-67.744,-605.488,566.646,1,21
-0.6860,2.4116,1.0386,-74.573,-611.341,562.500,1,21
-0.7651,2.3682,1.0059,-79.939,-618.598,557.744,1,21
-0.8486,2.3027,0.9834,-84.146,-626.159,552.256,1,21
-0.9380,2.2300,0.9609,-85.854,-634.512,546.159,1,21
-1.0186,2.1577,0.9106,-85.793,-643.110,539.817,1,21
-1.0942,2.0869,0.8433,-84.268,-651.402,532.805,1,21
-1.1675,2.0122,0.7549,-80.854,-657.317,525.793,1,21
1.2642,-1.2534,0.7246,-231.829,167.012,114.390,2,21
1.2676,-1.2183,0.7192,-228.963,167.866,111.707,2,21
1.2578,-1.1904,0.7100,-225.549,168.780,108.720,2,21
1.2505,-1.1592,0.7026,-222.073,169.573,106.037,2,21
1.2407,-1.1406,0.7026,-217.317,170.549,103.476,2,21
1.2290,-1.1089,0.7021,-212.622,171.402,100.793,2,21
1.2144,-1.0864,0.7041,-207.866,172.012,98.293,2,21
1.2051,-1.0576,0.6895,-202.988,172.439,95.976,2,21
-1.2251,1.9526,0.6611,-77.134,-658.841,519.085,1,21
-1.2651,1.9150,0.5493,-74.695,-652.134,513.598,1,21
-1.3188,1.9243,0.3687,-82.622,-626.220,512.073,1,21
-1.4121,1.8550,0.0742,-101.280,-568.963,514.512,1,21
-1.5693,1.5435,0.0771,-104.085,-497.927,515.122,1,21
-1.6006,1.3711,0.1152,-92.195,-440.671,510.183,1,21
-1.4961,1.2559,0.1255,-80.915,-396.951,498.720,1,21
-1.3003,1.1758,0.1450,-71.159,-364.390,481.707,1,21
1.1821,-1.0342,0.6914,-198.354,172.561,93.902,2,21
1.1680,-1.0093,0.6743,-193.537,172.561,92.012,2,21
1.1499,-0.9937,0.6709,-188.598,172.683,89.878,2,21
1.1177,-0.9771,0.6543,-184.085,172.744,88.354,2,21
1.1040,-0.9595,0.6436,-179.207,172.805,86.341,2,21
1.0713,-0.9429,0.6299,-174.268,172.317,84.817,2,21
1.0288,-0.9199,0.6128,-169.634,172.195,83.232,2,21
1.0049,-0.9067,0.5786,-164.451,172.256,81.402,2,21
-0.8813,1.1064,0.1660,-58.841,-328.110,452.683,1,21
-0.7314,1.0850,0.1587,-55.610,-317.378,442.988,1,21
-0.4224,1.0532,0.1655,-49.085,-297.744,424.268,1,21
-0.1411,1.0303,0.1499,-44.573,-278.537,407.561,1,21
0.2642,0.9976,0.0830,-39.024,-250.427,389.146,1,21
0.5176,0.9937,0.0649,-37.134,-231.585,380.122,1,21
0.7324,0.9961,0.0703,-37.378,-213.415,373.293,1,21
0.9097,1.0078,0.0571,-40.610,-198.049,369.329,1,21
0.9658,-0.8911,0.5542,-159.939,171.951,80.122,2,21
0.9292,-0.8789,0.5425,-155.183,171.890,78.476,2,21
0.8926,-0.8682,0.5107,-150.915,171.585,77.134,2,21
0.8550,-0.8550,0.4897,-146.585,171.280,75.854,2,21
0.8076,-0.8438,0.4736,-142.622,170.793,74.024,2,21
0.7803,-0.8364,0.4556,-138.537,170.244,72.439,2,21
0.7378,-0.8247,0.4355,-134.939,169.024,70.793,2,21
0.7075,-0.8076,0.4282,-131.524,167.927,69.024,2,21
0.9844,0.9551,0.0947,-43.476,-187.561,365.244,1,21
0.9917,0.8687,0.1333,-43.659,-183.963,356.768,1,21
0.9746,0.7925,0.1675,-41.402,-189.146,342.683,1,21
0.9307,0.7705,0.1997,-36.890,-200.549,325.183,1,21
0.8530,0.8037,0.2153,-32.805,-216.098,304.756,1,21
0.7397,0.8813,0.1797,-30.915,-231.402,283.110,1,21
0.6050,0.9956,0.1240,-30.732,-243.780,261.951,1,21
0.4248,1.1465,0.0278,-33.537,-251.768,242.073,1,21
-1.6582,1.5352,0.1143,188.354,62.927,127.195,1,21
-1.5625,1.4902,0.0933,187.500,73.049,122.561,1,21
-1.4619,1.4390,0.0737,184.024,81.890,117.683,1,21
-1.3745,1.3789,0.0430,178.415,89.695,112.622,1,21
-1.3013,1.3018,0.0137,170.793,96.098,107.134,1,21
-1.2554,1.2271,-0.0156,161.768,101.707,100.793,1,21
-1.2231,1.1440,-0.0415,151.220,105.915,94.085,1,21
-1.2124,1.0513,-0.0679,139.085,109.451,86.707,1,21
-1.2861,0.4570,-0.3726,23.537,138.720,-5.427,1,21
-1.2666,0.4399,-0.3882,18.841,141.159,-10.366,1,21
-1.2437,0.4321,-0.4048,10.549,145.793,-19.451,1,21
-1.2012,0.4199,-0.4341,2.622,150.305,-28.354,1,21
-1.1611,0.4165,-0.4458,-4.695,154.329,-37.134,1,21
-1.1255,0.4180,-0.4551,-11.341,158.110,-45.671,1,21
-1.0933,0.4253,-0.4790,-17.866,161.768,-53.963,1,21
-1.0581,0.4263,-0.4751,-23.902,165.061,-62.134,1,21
-0.8906,0.5659,-0.4282,-48.780,201.341,-125.366,1,21
-0.8682,0.5776,-0.4116,-49.085,205.671,-130.549,1,21
-0.8423,0.5967,-0.3867,-49.085,209.451,-135.915,1,21
-0.8120,0.6182,-0.3726,-48.232,213.537,-140.915,1,21
-0.7861,0.6343,-0.3530,-47.683,217.134,-145.976,1,21
-0.7563,0.6421,-0.3535,-45.793,220.366,-150.793,1,21
-0.7339,0.6729,-0.3462,-44.085,223.598,-155.122,1,21
-0.7021,0.7075,-0.3428,-41.890,226.280,-159.756,1,21
-0.6758,0.7285,-0.3398,-40.061,229.085,-163.902,1,21
-0.6494,0.7368,-0.3428,-37.866,231.951,-168.049,1,21
-0.6318,0.7432,-0.3457,-35.427,235.183,-172.073,1,21
-0.6079,0.7568,-0.3452,-33.232,238.293,-176.402,1,21
-0.5869,0.7734,-0.3501,-31.037,241.768,-180.061,1,21
-0.5684,0.7920,-0.3394,-29.207,245.061,-183.780,1,21
-0.5410,0.7920,-0.3286,-27.256,248.415,-187.195,1,21
-0.5220,0.8091,-0.3306,-26.646,251.463,-190.122,1,21
-0.2886,0.9038,-0.3047,-24.512,288.537,-211.402,1,21
-0.2588,0.9180,-0.3032,-24.512,293.720,-213.171,1,21
-0.2271,0.9287,-0.3047,-24.451,299.268,-215.427,1,21
-0.1997,0.9424,-0.3052,-24.085,305.061,-217.195,1,21
-0.1655,0.9536,-0.3047,-23.841,311.098,-219.451,1,21
-0.1406,0.9678,-0.3159,-23.902,317.744,-221.402,1,21
-0.1143,0.9897,-0.3159,-23.902,325.366,-223.476,1,21
-0.0845,0.9995,-0.3223,-23.049,332.622,-225.122,1,21
1.0225,-0.6450,0.3530,80.366,-87.317,102.317,2,21
1.0200,-0.6665,0.3560,83.293,-88.354,101.646,2,21
1.0156,-0.7109,0.3569,89.451,-90.488,100.549,2,21
1.0142,-0.7505,0.3721,95.244,-92.927,99.390,2,21
1.0039,-0.7959,0.3848,101.646,-95.122,98.293,2,21
1.0000,-0.8462,0.4038,107.927,-97.500,96.829,2,21
0.9824,-0.8887,0.4175,113.537,-99.756,95.732,2,21
0.9795,-0.9243,0.4424,119.695,-102.134,94.390,2,21
-0.0566,1.0132,-0.3140,-22.256,339.634,-227.012,1,21
-0.0225,1.0371,-0.3384,-22.378,347.622,-229.024,1,21
-0.0049,1.0601,-0.3398,-22.378,356.890,-231.524,1,21
0.0220,1.0591,-0.3599,-23.780,367.683,-234.207,1,21
0.0474,1.0625,-0.3530,-23.049,379.207,-236.768,1,21
0.0620,1.0791,-0.3413,-21.341,389.390,-239.939,1,21
0.0679,1.1133,-0.3169,-19.268,397.195,-242.805,1,21
0.1084,1.1377,-0.2959,-17.805,403.110,-245.793,1,21
0.9707,-0.9844,0.4795,127.500,-105.854,92.500,2,21
0.9741,-1.0210,0.4937,132.561,-108.476,91.037,2,21
0.9697,-1.0420,0.5020,134.939,-110.000,90.366,2,21
0.9668,-1.1021,0.5186,142.256,-114.451,88.049,2,21
0.9590,-1.1396,0.5488,147.256,-117.500,86.341,2,21
0.9595,-1.1753,0.5522,151.341,-120.549,84.634,2,21
0.9492,-1.2104,0.5742,156.098,-123.415,82.805,2,21
0.9453,-1.2446,0.5869,160.366,-126.402,80.915,2,21
0.1436,1.1572,-0.2808,-16.159,407.500,-249.024,1,21
0.1782,1.1694,-0.2471,-12.683,410.244,-252.439,1,21
0.2163,1.2041,-0.2251,-8.963,410.122,-256.220,1,21
0.2622,1.2280,-0.1997,-5.122,408.963,-259.451,1,21
0.3096,1.2627,-0.1963,-2.134,406.585,-262.805,1,21
0.3320,1.2959,-0.1777,0.854,403.902,-265.549,1,21
0.3770,1.3296,-0.1646,4.329,400.610,-268.049,1,21
0.4087,1.3584,-0.1621,7.622,396.829,-270.061,1,21
0.9414,-1.2710,0.6055,164.695,-129.573,78.780,2,21
0.9399,-1.3076,0.6182,168.293,-132.622,76.829,2,21
0.9268,-1.3389,0.6104,171.951,-135.915,74.451,2,21
0.9326,-1.3647,0.6221,174.939,-139.390,72.134,2,21
0.9297,-1.3994,0.6216,177.866,-142.927,69.573,2,21
0.9312,-1.4224,0.6138,180.183,-146.463,67.439,2,21
0.9297,-1.4512,0.6123,182.012,-149.939,64.695,2,21
0.9253,-1.4756,0.6055,184.268,-153.476,62.195,2,21
0.4487,1.4067,-0.1431,12.378,390.671,-272.744,1,21
0.4531,1.4219,-0.1455,13.780,388.537,-273.780,1,21
0.4663,1.4487,-0.1519,17.378,384.268,-275.000,1,21
0.4839,1.4746,-0.1445,20.427,380.122,-276.707,1,21
0.4873,1.5020,-0.1338,23.659,376.524,-277.927,1,21
0.4961,1.5186,-0.1421,26.524,372.866,-279.207,1,21
0.4980,1.5425,-0.1396,30.000,368.659,-280.549,1,21
0.5010,1.5635,-0.1367,32.500,365.854,-280.793,1,21
0.4937,1.6807,-0.0674,35.610,362.500,-272.988,1,21
0.5010,1.6963,-0.0635,32.927,362.622,-271.037,1,21
0.5107,1.7158,-0.0479,30.000,363.110,-268.293,1,21
0.5156,1.7271,-0.0327,26.890,363.963,-265.427,1,21
0.5210,1.7490,-0.0142,23.780,364.695,-262.500,1,21
0.5229,1.7666,-0.0005,20.244,365.244,-258.598,1,21
0.5396,1.7881,0.0337,15.976,365.366,-254.451,1,21
0.5430,1.7979,0.0479,11.951,364.451,-250.061,1,21
0.7363,-1.0957,0.1621,44.146,-224.634,-32.988,2,21
0.7300,-1.0835,0.1343,42.927,-225.305,-35.000,2,21
0.7227,-1.0786,0.1113,42.561,-225.793,-36.768,2,21
0.7173,-1.0747,0.1128,42.439,-225.854,-37.927,2,21
0.6982,-1.0747,0.0996,42.195,-225.305,-38.963,2,21
0.6890,-1.0801,0.0967,42.927,-224.451,-40.000,2,21
0.6743,-1.0752,0.0952,43.171,-223.232,-40.976,2,21
0.6611,-1.0757,0.1079,43.537,-222.317,-41.524,2,21
0.9688,0.8228,-0.0371,-19.268,290.915,-70.854,1,21
0.9741,0.7822,-0.0547,-15.915,285.610,-67.256,1,21
0.9678,0.7437,-0.0669,-11.646,279.756,-64.329,1,21
0.9736,0.7031,-0.0796,-8.049,274.268,-61.890,1,21
0.9614,0.6729,-0.0864,-5.000,268.659,-60.366,1,21
0.9541,0.6343,-0.1030,-2.317,263.110,-58.963,1,21
0.9556,0.6006,-0.1260,0.671,257.378,-58.780,1,21
0.9458,0.5786,-0.1602,2.744,252.073,-58.598,1,21
0.6514,-1.0840,0.1089,43.902,-220.793,-42.073,2,21
0.6353,-1.0889,0.1074,43.476,-219.573,-43.110,2,21
0.6211,-1.1050,0.1084,42.805,-218.841,-44.146,2,21
0.6221,-1.1055,0.1055,42.317,-218.354,-44.878,2,21
0.6089,-1.1138,0.1152,42.012,-217.256,-46.220,2,21
0.6035,-1.1191,0.1196,41.829,-216.402,-47.439,2,21
0.5947,-1.1226,0.1196,41.220,-215.671,-49.146,2,21
0.5889,-1.1177,0.1206,39.451,-215.305,-50.793,2,21
0.9380,0.5439,-0.1992,5.427,244.390,-58.659,1,21
0.9341,0.5322,-0.2212,6.402,240.305,-59.573,1,21
0.9360,0.5288,-0.2275,6.707,238.659,-60.061,1,21
0.9111,0.5278,-0.2397,6.768,235.427,-61.585,1,21
0.8970,0.5107,-0.2588,5.000,231.159,-64.878,1,21
0.8911,0.4966,-0.2808,5.305,228.354,-67.012,1,21
0.9004,0.4937,-0.3047,6.524,224.390,-68.171,1,21
0.9033,0.4941,-0.3218,8.537,220.427,-68.780,1,21
0.9292,0.3882,-0.3076,-10.671,172.927,-73.841,1,21
0.9229,0.3735,-0.3047,-15.366,168.598,-76.098,1,21
0.9268,0.3662,-0.3350,-18.902,164.695,-78.293,1,21
0.9316,0.3818,-0.3579,-20.122,162.683,-79.878,1,21
0.9355,0.4229,-0.3672,-20.427,162.134,-82.256,1,21
0.9248,0.4985,-0.3315,-21.280,164.573,-84.695,1,21
0.9106,0.5889,-0.3018,-21.585,168.415,-88.171,1,21
0.8887,0.6714,-0.2559,-20.488,172.500,-91.341,1,21
0.5308,-1.2246,0.1514,-37.439,-186.037,-71.402,2,21
0.5127,-1.2251,0.1660,-41.220,-183.598,-72.927,2,21
0.5151,-1.2280,0.1777,-45.122,-181.159,-74.146,2,21
0.5044,-1.2158,0.1860,-48.293,-179.085,-75.488,2,21
0.5024,-1.2188,0.1948,-50.915,-177.012,-77.378,2,21
0.5010,-1.2134,0.2041,-53.110,-174.878,-78.659,2,21
0.4873,-1.2031,0.2163,-54.695,-172.927,-80.549,2,21
0.4829,-1.1943,0.2178,-55.671,-171.220,-82.378,2,21
0.8726,0.7578,-0.2163,-15.976,176.098,-95.000,1,21
0.8521,0.8438,-0.1670,-8.598,178.293,-97.683,1,21
0.8491,0.9282,-0.1333,0.366,179.268,-100.122,1,21
0.8374,0.9995,-0.0718,12.561,178.110,-101.402,1,21
0.8306,1.0776,-0.0210,26.280,175.976,-102.317,1,21
0.8384,1.1338,0.0322,41.463,172.500,-101.707,1,21
0.8330,1.1997,0.0781,58.902,167.805,-100.183,1,21
0.8340,1.2651,0.1294,77.134,162.134,-97.805,1,21
0.4868,-1.1895,0.2266,-56.585,-169.573,-84.024,2,21
0.4790,-1.1870,0.2261,-56.829,-167.439,-85.793,2,21
0.4751,-1.1802,0.2163,-57.134,-165.305,-87.561,2,21
0.4702,-1.1807,0.2129,-56.463,-163.232,-89.268,2,21
0.4619,-1.1772,0.2183,-56.280,-160.854,-90.915,2,21
0.4619,-1.1870,0.2227,-55.549,-158.780,-92.622,2,21
0.4565,-1.1895,0.2256,-54.634,-156.646,-93.659,2,21
0.4487,-1.1924,0.2437,-53.720,-154.390,-94.939,2,21
0.8394,1.3076,0.1528,97.134,156.341,-93.354,1,21
0.8462,1.3687,0.1880,116.402,149.695,-88.354,1,21
0.8452,1.4004,0.2178,135.671,142.744,-82.378,1,21
0.8472,1.4321,0.2241,153.720,135.854,-75.183,1,21
0.8438,1.4624,0.2266,171.463,129.268,-67.012,1,21
0.8433,1.4858,0.2402,186.768,122.988,-59.268,1,21
0.8359,1.4912,0.2349,200.244,118.049,-51.159,1,21
0.8228,1.4961,0.2271,212.378,113.171,-43.354,1,21
0.3892,-1.2778,0.2676,-47.744,-136.159,-108.598,2,21
0.3740,-1.2769,0.2578,-47.012,-134.146,-110.854,2,21
0.3530,-1.2769,0.2539,-46.463,-131.890,-112.256,2,21
0.3374,-1.2769,0.2456,-45.488,-130.000,-114.329,2,21
0.3228,-1.2710,0.2363,-44.878,-127.988,-116.280,2,21
0.3159,-1.2588,0.2222,-44.268,-126.037,-118.476,2,21
0.2944,-1.2456,0.2163,-43.476,-124.085,-120.366,2,21
0.2817,-1.2334,0.2002,-43.110,-121.707,-122.683,2,21
0.7983,1.2852,0.2515,250.610,92.866,-11.585,1,21
0.8184,1.2544,0.2637,247.195,91.524,-10.183,1,21
0.8501,1.2368,0.2876,242.744,90.366,-8.780,1,21
0.8760,1.2202,0.2925,237.134,88.293,-5.976,1,21
0.8979,1.2095,0.2998,231.402,86.951,-2.683,1,21
0.9248,1.1953,0.2964,224.451,84.329,1.159,1,21
0.9482,1.1812,0.3086,217.439,81.707,5.427,1,21
0.9717,1.1660,0.3027,209.878,79.207,10.305,1,21
1.0039,1.1504,0.2813,198.415,74.634,18.354,1,21
1.0020,1.1543,0.2690,194.634,72.866,21.159,1,21
1.0112,1.1411,0.2646,187.134,69.451,26.524,1,21
1.0083,1.1279,0.2407,179.329,66.341,32.195,1,21
1.0151,1.1001,0.2236,171.402,62.805,37.134,1,21
1.0054,1.0815,0.1934,163.720,59.512,41.463,1,21
0.9902,1.0415,0.1777,156.463,56.220,45.976,1,21
0.9834,1.0137,0.1563,149.512,53.354,49.817,1,21
0.2339,-1.1011,0.1206,-37.317,-95.854,-134.146,2,21
0.2285,-1.0854,0.1128,-37.012,-92.927,-134.878,2,21
0.2388,-1.0752,0.0918,-36.098,-89.939,-135.915,2,21
0.2285,-1.0591,0.0894,-35.610,-87.317,-136.220,2,21
0.2324,-1.0396,0.0830,-34.634,-84.207,-136.890,2,21
0.2295,-1.0166,0.0786,-33.780,-81.341,-137.195,2,21
0.2295,-0.9932,0.0737,-32.988,-78.232,-137.317,2,21
0.2334,-0.9849,0.0605,-32.317,-75.061,-137.317,2,21
0.9668,0.9429,0.1211,139.939,50.549,55.122,1,21
0.9600,0.8979,0.0986,134.085,49.024,57.988,1,21
0.9453,0.8477,0.0859,128.049,48.171,60.854,1,21
0.9482,0.7935,0.0684,122.561,47.988,63.659,1,21
0.9399,0.7480,0.0537,116.524,48.171,66.463,1,21
0.9453,0.6851,0.0420,110.732,49.024,69.451,1,21
0.9365,0.6255,0.0376,105.061,49.878,71.463,1,21
0.9429,0.5688,0.0439,98.598,50.915,73.537,1,21
0.2427,-0.9482,0.0464,-31.280,-70.061,-136.951,2,21
0.2383,-0.9292,0.0278,-30.793,-66.220,-136.707,2,21
0.2476,-0.9287,0.0215,-30.793,-64.268,-136.159,2,21
0.2515,-0.9121,0.0220,-29.878,-60.488,-135.427,2,21
0.2705,-0.8984,0.0220,-29.146,-55.976,-134.634,2,21
0.2642,-0.8882,0.0098,-28.354,-51.951,-133.110,2,21
0.2764,-0.8662,0.0093,-27.744,-47.744,-131.829,2,21
0.2842,-0.8477,0.0078,-27.073,-44.024,-130.366,2,21
0.9346,0.5190,0.0435,92.744,52.012,75.549,1,21
0.9336,0.4575,0.0449,86.768,53.110,77.012,1,21
0.9331,0.4131,0.0532,81.463,53.659,77.927,1,21
0.9360,0.3613,0.0552,75.854,54.146,78.476,1,21
0.9297,0.3149,0.0581,70.244,53.841,78.110,1,21
0.9189,0.2729,0.0601,65.122,53.049,77.561,1,21
0.9175,0.2256,0.0674,60.244,51.951,76.646,1,21
0.9067,0.1860,0.0732,55.122,50.610,75.183,1,21
0.2915,-0.8359,-0.0112,-27.317,-38.354,-127.439,2,21
0.2930,-0.8213,-0.0205,-27.500,-34.817,-125.427,2,21
0.2944,-0.8115,-0.0386,-27.805,-31.159,-123.354,2,21
0.2954,-0.8027,-0.0415,-27.500,-27.927,-121.220,2,21
0.2959,-0.7925,-0.0522,-27.134,-24.817,-118.902,2,21
0.2886,-0.7871,-0.0625,-26.585,-21.524,-116.707,2,21
0.2798,-0.7676,-0.0654,-26.098,-18.720,-114.207,2,21
0.2705,-0.7510,-0.0713,-25.366,-16.220,-111.951,2,21
0.8882,0.1475,0.0752,50.366,48.902,73.171,1,21
0.8745,0.1162,0.0850,46.159,47.317,70.854,1,21
0.8633,0.0791,0.0830,41.707,45.427,68.354,1,21
0.8408,0.0469,0.0913,37.866,43.598,65.244,1,21
0.8301,0.0190,0.0811,34.146,42.134,62.378,1,21
0.8076,-0.0073,0.0859,30.366,40.183,59.390,1,21
0.7993,-0.0273,0.0962,26.707,39.146,56.159,1,21
0.7842,-0.0532,0.0762,23.476,38.171,53.232,1,21
0.3623,-0.3887,-0.2505,-12.012,33.963,-57.317,2,21
0.3765,-0.3818,-0.2573,-13.537,37.866,-53.049,2,21
0.3984,-0.3945,-0.2642,-14.573,40.671,-48.780,2,21
0.4282,-0.3989,-0.2681,-15.183,42.988,-44.024,2,21
0.4536,-0.4131,-0.2813,-15.183,45.244,-39.817,2,21
0.4707,-0.4189,-0.2959,-15.610,46.646,-36.037,2,21
0.4946,-0.4307,-0.3076,-16.524,48.293,-32.256,2,21
0.5181,-0.4360,-0.3130,-17.744,50.183,-29.024,2,21
0.7773,-0.0889,-0.2534,42.012,40.854,-13.476,1,21
0.7656,-0.0771,-0.2803,46.341,39.634,-19.634,1,21
0.7607,-0.0479,-0.3115,50.061,38.049,-25.427,1,21
0.7456,-0.0405,-0.3501,54.756,36.829,-31.037,1,21
0.7305,-0.0303,-0.3843,60.610,35.610,-36.585,1,21
0.7222,-0.0073,-0.4033,66.829,34.390,-41.768,1,21
0.6982,0.0098,-0.4443,71.951,34.146,-46.890,1,21
0.6846,0.0239,-0.4590,75.854,33.841,-51.829,1,21
0.5371,-0.4409,-0.3286,-18.659,51.402,-25.427,2,21
0.5596,-0.4580,-0.3379,-19.939,52.500,-21.829,2,21
0.5742,-0.4604,-0.3438,-20.915,53.293,-18.415,2,21
0.5859,-0.4868,-0.3564,-21.707,54.024,-14.817,2,21
0.5952,-0.4995,-0.3594,-22.561,54.573,-11.280,2,21
0.6118,-0.5132,-0.3672,-23.232,54.817,-7.622,2,21
0.6260,-0.5298,-0.3784,-23.720,54.634,-3.598,2,21
0.6240,-0.5352,-0.3872,-24.329,54.451,-0.366,2,21
0.6758,0.0278,-0.4863,79.695,33.780,-56.951,1,21
0.6567,0.0347,-0.5063,82.927,34.024,-61.890,1,21
0.6357,0.0264,-0.5430,85.549,34.451,-66.768,1,21
0.6196,0.0308,-0.5640,88.293,34.451,-72.195,1,21
0.6001,0.0313,-0.5859,90.488,35.366,-77.866,1,21
0.5874,0.0254,-0.6040,92.134,36.341,-83.963,1,21
0.5732,0.0259,-0.6187,93.232,38.110,-90.610,1,21
0.5693,0.0161,-0.6382,93.841,40.671,-96.707,1,21
0.6899,-0.9248,-0.9297,78.598,-37.927,-6.402,2,21
0.6719,-0.9473,-0.9717,82.012,-42.378,-9.512,2,21
0.6670,-0.9585,-1.0103,85.610,-46.463,-12.500,2,21
0.6450,-0.9771,-1.0474,88.537,-50.061,-15.671,2,21
0.6450,-1.0000,-1.0757,91.341,-54.085,-18.720,2,21
0.6411,-1.0088,-1.1133,93.476,-57.866,-21.890,2,21
0.6196,-1.0293,-1.1548,94.878,-61.159,-24.817,2,21
0.6060,-1.0371,-1.1953,95.244,-64.512,-27.805,2,21
0.8652,0.0234,-0.0352,7.500,69.878,-168.110,1,21
0.8481,0.0659,-0.0278,10.244,65.610,-166.098,1,21
0.8491,0.1201,-0.0161,13.598,61.341,-163.537,1,21
0.8369,0.1763,-0.0068,16.951,56.768,-160.915,1,21
0.8169,0.2466,-0.0044,19.268,52.744,-157.683,1,21
0.7993,0.3140,-0.0059,21.707,48.598,-154.634,1,21
0.7729,0.3896,-0.0098,23.963,45.366,-152.073,1,21
0.7510,0.4531,-0.0317,25.671,42.622,-148.720,1,21
0.6465,1.0518,-0.1006,33.963,44.756,-91.098,1,21
0.6587,1.0776,-0.1040,34.878,45.366,-88.354,1,21
0.6733,1.0962,-0.1123,36.890,45.976,-85.122,1,21
0.6758,1.1226,-0.1187,38.171,46.037,-81.524,1,21
0.6870,1.1460,-0.1206,39.390,45.793,-77.439,1,21
0.6899,1.1577,-0.1357,41.037,44.878,-72.988,1,21
0.6870,1.1567,-0.1299,42.805,44.024,-68.232,1,21
0.6943,1.1553,-0.1406,45.244,43.476,-63.171,1,21
0.3169,-0.9526,-1.3516,-84.390,-43.293,-80.122,2,21
0.3154,-0.9209,-1.3140,-92.317,-40.183,-81.280,2,21
0.3096,-0.8940,-1.2910,-99.634,-37.317,-82.439,2,21
0.3145,-0.8574,-1.2661,-106.829,-34.085,-83.659,2,21
0.3218,-0.8193,-1.2363,-112.805,-30.976,-84.146,2,21
0.3262,-0.7944,-1.1987,-118.110,-27.866,-84.634,2,21
0.3184,-0.7612,-1.1714,-122.988,-25.305,-84.573,2,21
0.3257,-0.7251,-1.1587,-126.951,-21.951,-84.146,2,21
0.6885,1.1211,-0.1426,48.780,41.768,-54.695,1,21
0.6895,1.1074,-0.1416,49.939,41.220,-51.768,1,21
0.6826,1.0708,-0.1392,51.890,40.610,-45.854,1,21
0.6797,1.0313,-0.1255,52.988,39.146,-40.610,1,21
0.6787,0.9702,-0.1157,54.268,38.415,-35.366,1,21
0.6748,0.9058,-0.0962,54.207,37.500,-30.305,1,21
0.6738,0.8325,-0.0981,54.085,36.402,-25.915,1,21
0.6831,0.7715,-0.0923,53.232,35.671,-21.768,1,21
-0.2715,-0.7808,-0.8521,-8.537,36.463,-24.756,2,21
-0.2871,-0.7817,-0.8350,-4.329,38.354,-24.024,2,21
-0.3169,-0.8140,-0.8008,3.476,42.439,-21.524,2,21
-0.3413,-0.8472,-0.7529,11.159,46.890,-19.146,2,21
-0.3613,-0.8706,-0.7046,19.146,52.805,-17.195,2,21
-0.3843,-0.8989,-0.6748,25.976,58.110,-14.573,2,21
-0.3979,-0.9307,-0.6260,32.500,63.841,-12.622,2,21
-0.4160,-0.9585,-0.5679,38.354,68.963,-9.939,2,21
2.7168,0.7466,0.3545,-89.268,8.841,69.390,1,21
2.8687,0.7622,0.3926,-90.122,-0.610,75.122,1,21
3.0278,0.7715,0.4263,-90.671,-11.707,80.610,1,21
3.1816,0.7676,0.4370,-90.427,-23.963,86.585,1,21
3.3276,0.7598,0.4375,-89.451,-37.866,92.134,1,21
3.4697,0.7500,0.4087,-87.683,-52.500,97.683,1,21
3.5903,0.7290,0.3730,-84.695,-67.805,103.415,1,21
3.6978,0.7178,0.3198,-80.671,-83.110,108.415,1,21
-0.4185,-0.9956,-0.5044,43.415,74.756,-7.500,2,21
-0.4292,-1.0322,-0.4375,47.988,80.244,-5.183,2,21
-0.4297,-1.0586,-0.3545,51.280,85.305,-2.805,2,21
-0.4351,-1.0918,-0.2866,53.354,90.061,-0.427,2,21
-0.4268,-1.1230,-0.2314,53.354,94.512,2.134,2,21
-0.4229,-1.1509,-0.1743,51.768,99.146,4.939,2,21
-0.4146,-1.1821,-0.1196,48.963,103.232,8.171,2,21
-0.3960,-1.2075,-0.0596,44.146,107.927,11.585,2,21
3.7632,0.7026,0.2466,-76.341,-98.598,112.683,1,21
3.8013,0.6973,0.1611,-71.220,-114.024,116.098,1,21
3.8022,0.7104,0.0708,-66.220,-128.841,118.049,1,21
3.7974,0.7485,-0.0410,-62.073,-142.927,119.329,1,21
3.7852,0.8037,-0.1636,-58.963,-155.549,121.402,1,21
3.7754,0.8804,-0.2686,-57.561,-166.463,124.634,1,21
3.7661,0.9736,-0.3452,-58.293,-176.829,130.671,1,21
3.7559,1.0771,-0.4072,-60.610,-186.098,138.537,1,21
-0.3794,-1.2588,0.0303,35.427,114.878,17.012,2,21
-0.3564,-1.2896,0.0571,28.354,119.390,20.610,2,21
-0.3491,-1.2974,0.0737,24.512,121.220,22.195,2,21
-0.3320,-1.3242,0.0898,15.793,125.244,26.220,2,21
-0.3008,-1.3428,0.1177,6.463,129.756,29.573,2,21
-0.2568,-1.3652,0.1675,-7.317,135.671,34.817,2,21
-0.2300,-1.3628,0.1958,-16.280,139.634,38.293,2,21
-0.1938,-1.3696,0.2339,-25.488,143.659,41.707,2,21
3.7661,1.1768,-0.4385,-64.268,-195.366,149.573,1,21
3.7739,1.2632,-0.4482,-67.866,-205.366,162.134,1,21
3.7920,1.3325,-0.4492,-69.756,-215.915,175.610,1,21
3.7974,1.4106,-0.4497,-70.183,-227.561,188.537,1,21
3.7920,1.4873,-0.4399,-69.268,-240.305,200.244,1,21
3.7695,1.5645,-0.4004,-69.146,-253.293,210.366,1,21
3.7314,1.6201,-0.3589,-68.354,-266.707,219.024,1,21
3.6914,1.6772,-0.3179,-65.671,-281.585,227.378,1,21
3.0137,1.5396,0.5610,-49.451,-401.037,312.439,1,21
2.9731,1.5210,0.6333,-49.024,-406.402,316.707,1,21
2.8901,1.4868,0.7295,-47.073,-417.439,325.488,1,21
2.8076,1.4556,0.8276,-44.573,-428.598,333.171,1,21
2.7158,1.4390,0.9155,-41.098,-438.902,340.427,1,21
2.6216,1.4478,0.9692,-37.317,-449.085,346.220,1,21
2.5166,1.4634,1.0229,-32.683,-458.902,351.951,1,21
2.3311,1.5098,1.1099,-25.854,-472.073,358.354,1,21
0.5005,-0.9111,0.4888,-40.305,176.402,119.390,2,21
0.5342,-0.8926,0.4917,-37.378,175.427,121.829,2,21
0.5918,-0.8877,0.4961,-34.878,174.207,124.085,2,21
0.6323,-0.8760,0.4971,-32.500,172.500,126.402,2,21
0.6836,-0.8779,0.5029,-30.793,170.549,128.476,2,21
0.7388,-0.8750,0.5107,-28.720,168.659,130.854,2,21
0.7930,-0.8867,0.5229,-27.744,166.159,132.927,2,21
0.8535,-0.8989,0.5181,-27.134,163.415,134.878,2,21
1.1206,1.9854,1.7300,-3.537,-531.585,386.890,1,21
1.0122,2.0142,1.8018,-4.146,-537.805,391.524,1,21
0.9082,2.0400,1.8628,-5.854,-544.634,395.732,1,21
0.8262,2.0449,1.9292,-7.561,-551.707,400.305,1,21
0.7451,2.0601,1.9585,-8.659,-558.720,405.000,1,21
0.6943,2.0874,1.9966,-9.695,-564.939,410.061,1,21
0.6514,2.1216,2.0239,-10.610,-570.671,415.061,1,21
0.5996,2.1543,2.0571,-13.171,-575.488,419.207,1,21
0.5435,2.1968,2.1104,-16.951,-580.305,422.439,1,21
0.4707,2.2280,2.1621,-22.622,-585.244,425.183,1,21
0.3975,2.2544,2.2017,-29.207,-590.671,426.402,1,21
0.3218,2.2744,2.2588,-36.402,-596.646,427.927,1,21
0.2490,2.3022,2.3022,-43.780,-602.866,429.329,1,21
0.1621,2.3154,2.3389,-52.439,-609.390,431.402,1,21
0.0776,2.3291,2.3628,-61.768,-615.671,433.841,1,21
0.0039,2.3135,2.3740,-70.976,-622.622,436.463,1,21
1.1670,-1.5278,0.4136,-176.585,123.293,135.671,2,21
1.1743,-1.5078,0.4243,-178.902,122.012,133.598,2,21
1.1685,-1.4854,0.4277,-180.549,120.793,131.646,2,21
1.1733,-1.4590,0.4404,-181.524,119.512,129.573,2,21
1.1787,-1.4302,0.4399,-181.890,118.415,127.500,2,21
1.1865,-1.3945,0.4395,-181.890,117.622,125.732,2,21
1.1836,-1.3652,0.4536,-180.976,116.890,124.085,2,21
1.1987,-1.3306,0.4570,-179.756,116.646,122.439,2,21
-0.8076,1.7837,1.2026,-127.561,-669.146,437.744,1,21
-0.8257,1.7500,1.1846,-125.061,-662.805,436.585,1,21
-0.8252,1.7046,1.1680,-121.768,-656.341,435.061,1,21
-0.8442,1.6484,1.1587,-119.756,-650.488,433.354,1,21
-0.8496,1.5806,1.1406,-118.232,-645.976,430.610,1,21
-0.8560,1.5132,1.1240,-117.561,-641.463,427.134,1,21
-0.8574,1.4478,1.1035,-117.866,-637.134,422.378,1,21
-0.8647,1.3721,1.0845,-118.415,-632.622,416.707,1,21
1.2178,-1.2935,0.4517,-178.049,116.098,121.037,2,21
1.2354,-1.2642,0.4585,-175.976,115.793,119.695,2,21
1.2510,-1.2422,0.4565,-173.537,115.732,118.354,2,21
1.2759,-1.2046,0.4634,-170.671,116.037,117.439,2,21
1.2920,-1.1826,0.4658,-168.049,116.220,116.463,2,21
1.2988,-1.1548,0.4648,-164.939,116.890,115.488,2,21
1.3169,-1.1377,0.4653,-161.951,117.744,115.366,2,21
1.3286,-1.1230,0.4639,-158.720,118.963,114.634,2,21
-0.8647,1.3027,1.0508,-119.939,-626.829,410.122,1,21
-0.8477,1.2383,0.9976,-122.073,-619.329,402.988,1,21
-0.8247,1.1763,0.9385,-124.207,-609.939,395.549,1,21
-0.8003,1.1206,0.8540,-127.622,-598.293,387.561,1,21
-0.7515,1.0879,0.7563,-132.256,-583.720,379.573,1,21
-0.7056,1.0640,0.6582,-137.561,-566.220,371.159,1,21
-0.6699,1.0396,0.5649,-145.793,-544.939,362.622,1,21
-0.6260,1.0215,0.4761,-153.841,-520.671,353.171,1,21
1.3218,-1.0977,0.4648,-155.183,120.549,114.390,2,21
1.3242,-1.0806,0.4604,-151.951,122.256,113.963,2,21
1.3203,-1.0669,0.4521,-148.598,124.085,113.841,2,21
1.3149,-1.0444,0.4404,-145.610,125.915,113.476,2,21
1.3096,-1.0313,0.4219,-142.439,127.988,113.293,2,21
1.2925,-1.0171,0.4146,-140.183,130.061,112.744,2,21
1.2783,-1.0005,0.4023,-137.439,132.683,112.561,2,21
1.2583,-0.9888,0.3809,-135.549,134.939,111.585,2,21
-0.5488,0.9761,0.3472,-163.476,-481.098,339.085,1,21
-0.5142,0.9702,0.3159,-165.732,-468.537,334.207,1,21
-0.4404,0.9541,0.2446,-167.927,-445.549,324.268,1,21
-0.3574,0.9482,0.1685,-167.866,-426.159,313.476,1,21
-0.1938,0.9766,0.0371,-164.573,-402.134,297.256,1,21
-0.0708,1.0190,-0.0488,-160.793,-388.841,286.585,1,21
0.0352,1.0825,-0.1191,-156.524,-376.951,276.159,1,21
0.1313,1.1401,-0.1782,-152.378,-365.305,265.915,1,21
1.2397,-0.9883,0.3584,-133.476,137.500,111.037,2,21
1.2100,-0.9731,0.3330,-131.829,139.939,110.671,2,21
1.1841,-0.9600,0.3096,-130.305,142.561,109.634,2,21
1.1528,-0.9541,0.2983,-129.146,145.122,108.963,2,21
1.1172,-0.9429,0.2891,-128.171,148.232,107.805,2,21
1.0791,-0.9399,0.2642,-128.049,151.280,106.768,2,21
1.0513,-0.9258,0.2500,-128.293,154.085,105.366,2,21
1.0200,-0.9150,0.2417,-129.451,156.768,104.268,2,21
-0.4746,2.0864,-0.3555,-1.646,-194.878,160.061,1,21
-0.5835,2.1274,-0.3159,8.415,-181.890,158.293,1,21
-0.7021,2.1621,-0.2705,18.537,-168.841,157.500,1,21
-0.8135,2.1885,-0.2515,28.476,-155.915,157.988,1,21
-0.9355,2.2070,-0.2266,38.293,-142.073,159.329,1,21
-1.0522,2.2041,-0.2095,48.232,-126.951,161.220,1,21
-1.1807,2.1880,-0.1758,57.073,-110.671,163.841,1,21
-1.3125,2.1528,-0.1685,66.098,-92.744,166.890,1,21
-1.4390,2.1084,-0.1416,75.549,-74.634,170.000,1,21
-1.5571,2.0513,-0.1255,83.963,-56.280,172.744,1,21
-1.6670,1.9775,-0.1265,92.988,-38.110,175.122,1,21
-1.7612,1.9121,-0.1187,100.366,-21.098,176.524,1,21
-1.8428,1.8320,-0.1147,107.378,-4.756,177.012,1,21
-1.8931,1.7583,-0.1323,112.683,10.061,176.585,1,21
-1.9316,1.6914,-0.1401,117.195,23.354,175.244,1,21
-1.9482,1.6108,-0.1543,120.488,35.915,172.622,1,21
-1.4097,1.1416,-0.0288,101.098,118.171,124.329,1,21
-1.3486,1.0996,-0.0234,95.305,124.451,118.232,1,21
-1.3062,1.0562,-0.0273,88.415,130.244,111.890,1,21
-1.2705,1.0137,-0.0239,80.549,135.122,105.549,1,21
-1.2549,0.9614,-0.0195,72.866,139.878,98.659,1,21
-1.2485,0.9160,-0.0313,64.756,144.329,91.463,1,21
-1.2583,0.8706,-0.0400,56.890,148.049,83.415,1,21
-1.2607,0.8286,-0.0718,49.512,151.890,75.061,1,21
-1.1724,0.5933,-0.1724,4.390,191.463,-15.488,1,21
-1.1318,0.5869,-0.1865,2.134,196.280,-24.512,1,21
-1.0864,0.5879,-0.1855,0.976,200.976,-32.744,1,21
-1.0430,0.5977,-0.1812,-0.244,205.976,-40.854,1,21
-1.0054,0.5972,-0.1792,-1.524,210.366,-48.354,1,21
-0.9683,0.5991,-0.1787,-2.256,214.207,-55.915,1,21
-0.9380,0.5996,-0.1792,-3.232,218.476,-62.927,1,21
-0.8979,0.6055,-0.1763,-2.866,222.195,-69.512,1,21
-0.8726,0.6084,-0.1621,-2.500,226.220,-76.159,1,21
-0.8477,0.6172,-0.1611,-1.463,230.305,-82.744,1,21
-0.8198,0.6265,-0.1548,0.610,234.146,-89.024,1,21
-0.8066,0.6401,-0.1333,2.500,238.354,-95.305,1,21
-0.7832,0.6504,-0.1177,4.817,242.195,-101.951,1,21
-0.7646,0.6655,-0.0938,6.768,246.220,-108.354,1,21
-0.7466,0.6836,-0.0771,8.963,250.183,-114.695,1,21
-0.7163,0.6958,-0.0630,11.220,253.963,-121.524,1,21
-0.6953,0.7119,-0.0557,14.268,256.890,-127.927,1,21
-0.6660,0.7280,-0.0381,16.646,259.451,-134.634,1,21
-0.6279,0.7510,-0.0303,19.329,261.768,-140.854,1,21
-0.5918,0.7729,-0.0229,21.220,263.476,-147.012,1,21
-0.5566,0.7993,-0.0186,23.537,264.939,-153.232,1,21
-0.5103,0.8140,-0.0083,25.671,266.037,-159.451,1,21
-0.4707,0.8486,0.0015,27.378,267.012,-165.549,1,21
-0.4375,0.8716,0.0142,28.659,268.293,-171.463,1,21
-0.4053,0.8975,0.0063,30.671,269.146,-177.256,1,21
-0.3652,0.9321,0.0244,32.073,270.122,-183.110,1,21
-0.3218,0.9590,0.0215,33.354,270.610,-188.049,1,21
-0.2817,0.9824,0.0425,34.939,271.402,-192.805,1,21
-0.2456,1.0054,0.0615,36.585,272.317,-197.317,1,21
-0.2036,1.0342,0.0698,37.683,272.805,-201.220,1,21
-0.1699,1.0581,0.0786,38.963,273.720,-204.878,1,21
-0.1313,1.0811,0.0850,40.549,274.451,-208.232,1,21
-0.0928,1.1035,0.0972,42.622,274.939,-210.793,1,21
-0.0518,1.1289,0.0996,44.634,275.488,-213.049,1,21
-0.0195,1.1460,0.1001,46.341,275.915,-214.878,1,21
0.0078,1.1753,0.1035,48.110,277.378,-216.341,1,21
0.0366,1.1880,0.1025,50.000,278.598,-217.500,1,21
0.0659,1.1953,0.1074,51.463,280.244,-218.293,1,21
0.0923,1.2080,0.0918,54.268,282.012,-218.963,1,21
0.1294,1.2227,0.0864,56.890,283.232,-219.329,1,21
0.1646,1.2271,0.0864,59.329,285.305,-219.329,1,21
0.2041,1.2476,0.0723,62.134,288.110,-219.085,1,21
0.2388,1.2573,0.0718,64.695,290.793,-218.415,1,21
0.2661,1.3086,0.0488,67.073,295.122,-216.463,1,21
0.3091,1.3442,0.0225,68.659,300.366,-211.890,1,21
0.3408,1.3008,-0.0063,72.927,307.683,-208.293,1,21
0.3672,1.2852,0.0073,79.085,315.488,-208.476,1,21
0.3931,1.2954,0.0132,84.939,321.220,-210.000,1,21
0.4438,1.3052,-0.0029,89.268,325.976,-210.976,1,21
0.4839,1.2983,-0.0142,94.146,330.610,-212.866,1,21
0.5293,1.2983,-0.0298,98.415,334.512,-214.695,1,21
0.5762,1.3213,-0.0449,101.890,338.963,-216.707,1,21
0.6191,1.3184,-0.0542,104.329,344.024,-218.537,1,21
0.6567,1.3096,-0.0420,107.866,349.085,-220.671,1,21
0.6890,1.2920,-0.0122,112.134,352.439,-223.110,1,21
0.7319,1.3291,0.0010,116.585,353.354,-226.037,1,21
0.7964,1.3442,0.0347,120.061,352.988,-230.915,1,21
0.8179,1.3457,0.0430,121.463,352.256,-232.744,1,21
0.8701,1.3809,0.0723,123.963,348.780,-235.915,1,21
0.9146,1.4004,0.0957,126.037,344.756,-239.817,1,21
0.9502,1.4556,0.1099,127.927,337.439,-245.000,1,21
0.9609,1.4839,0.1196,128.293,332.073,-248.171,1,21
0.9678,1.5142,0.1113,129.756,327.317,-251.037,1,21
0.9702,1.5464,0.1055,131.524,322.866,-253.476,1,21
1.0015,-1.2891,0.2363,-20.305,-167.073,-17.561,2,21
1.0000,-1.3032,0.2207,-20.061,-169.024,-20.610,2,21
0.9893,-1.3105,0.2002,-19.268,-170.732,-23.720,2,21
0.9780,-1.3130,0.1792,-18.171,-172.317,-27.012,2,21
0.9692,-1.3159,0.1499,-16.646,-173.963,-30.183,2,21
0.9546,-1.3257,0.1294,-15.061,-175.366,-33.354,2,21
0.9365,-1.3267,0.1143,-12.744,-176.646,-36.585,2,21
0.9258,-1.3350,0.0986,-10.000,-178.171,-40.305,2,21
0.9028,1.7065,0.0244,142.988,307.622,-248.354,1,21
0.9028,1.7070,-0.0093,143.110,307.256,-244.573,1,21
0.8984,1.7104,-0.0454,143.354,307.134,-240.793,1,21
0.8916,1.7129,-0.0801,143.659,307.500,-236.829,1,21
0.8906,1.7188,-0.0991,143.293,308.293,-233.110,1,21
0.8779,1.7129,-0.1333,142.317,309.512,-228.841,1,21
0.8672,1.7051,-0.1602,140.976,310.366,-225.610,1,21
0.8564,1.6890,-0.1841,139.695,311.037,-221.646,1,21
0.9102,-1.3369,0.0903,-7.378,-179.207,-43.963,2,21
0.8999,-1.3350,0.0811,-4.451,-180.488,-47.317,2,21
0.8779,-1.3428,0.0815,-1.951,-181.829,-51.220,2,21
0.8687,-1.3491,0.0742,0.732,-183.354,-54.451,2,21
0.8560,-1.3569,0.0640,3.354,-184.756,-57.988,2,21
0.8506,-1.3711,0.0605,5.732,-186.098,-61.646,2,21
0.8354,-1.3765,0.0493,7.561,-187.134,-65.366,2,21
0.8179,-1.3867,0.0464,10.183,-188.049,-69.268,2,21
0.8574,1.6714,-0.2246,138.354,311.524,-218.232,1,21
0.8506,1.6431,-0.2490,136.524,311.829,-214.512,1,21
0.8555,1.6191,-0.2642,134.817,311.646,-211.037,1,21
0.8540,1.5830,-0.2847,132.439,311.951,-207.561,1,21
0.8638,1.5444,-0.3096,129.817,311.829,-203.659,1,21
0.8604,1.4985,-0.3286,126.951,311.890,-199.939,1,21
0.8701,1.4546,-0.3545,123.232,312.073,-195.610,1,21
0.8726,1.4233,-0.3726,119.573,312.439,-191.646,1,21
0.8027,-1.3940,0.0444,12.927,-188.720,-72.622,2,21
0.7861,-1.4106,0.0444,15.244,-189.451,-75.915,2,21
0.7700,-1.4155,0.0381,17.439,-189.939,-79.390,2,21
0.7578,-1.4219,0.0386,19.573,-190.427,-83.049,2,21
0.7329,-1.4282,0.0444,21.524,-191.280,-86.402,2,21
0.7236,-1.4399,0.0498,22.683,-191.646,-89.817,2,21
0.7119,-1.4399,0.0552,23.841,-192.256,-93.659,2,21
0.7061,-1.4517,0.0649,24.512,-192.439,-97.439,2,21
0.8931,1.3843,-0.3843,115.610,313.476,-186.890,1,21
0.9092,1.3618,-0.4146,110.915,315.061,-182.439,1,21
0.9312,1.3364,-0.4292,105.549,317.073,-177.622,1,21
0.9404,1.3252,-0.4297,99.268,320.000,-172.805,1,21
0.9531,1.3159,-0.4292,93.232,323.232,-167.683,1,21
0.9834,1.2891,-0.4268,86.768,325.793,-162.561,1,21
0.9980,1.2754,-0.4121,80.610,328.415,-156.951,1,21
1.0239,1.2510,-0.3936,75.122,329.817,-151.341,1,21
1.2510,0.3296,-0.6191,2.988,257.683,-64.756,1,21
1.2349,0.3384,-0.6416,4.695,256.768,-63.415,1,21
1.2251,0.3418,-0.6387,6.951,255.976,-61.341,1,21
1.2109,0.3506,-0.6479,10.061,255.244,-59.939,1,21
1.2056,0.3496,-0.6421,14.207,253.720,-58.049,1,21
1.1963,0.3525,-0.6523,19.695,251.951,-56.402,1,21
1.1992,0.3506,-0.6543,25.854,250.122,-54.695,1,21
1.1953,0.3540,-0.6626,33.293,247.927,-53.232,1,21
0.4512,-1.3315,-0.1763,70.610,-158.537,-184.024,2,21
0.4302,-1.3223,-0.1841,74.390,-156.463,-184.695,2,21
0.4180,-1.3047,-0.1948,77.988,-154.024,-184.939,2,21
0.4019,-1.2964,-0.2036,81.098,-151.707,-185.671,2,21
0.3828,-1.2930,-0.2075,83.598,-149.085,-185.488,2,21
0.3608,-1.2817,-0.2065,86.280,-146.220,-185.976,2,21
0.3467,-1.2651,-0.2080,89.024,-143.841,-185.915,2,21
0.3335,-1.2622,-0.2061,91.159,-141.037,-186.220,2,21
1.1909,0.3574,-0.6616,42.073,245.366,-51.646,1,21
1.1890,0.3628,-0.6680,51.098,242.805,-50.122,1,21
1.1777,0.3726,-0.6694,60.366,239.878,-48.780,1,21
1.1733,0.3784,-0.6533,69.512,236.707,-47.866,1,21
1.1675,0.3906,-0.6538,79.146,233.841,-47.256,1,21
1.1509,0.4014,-0.6494,89.634,230.671,-46.707,1,21
1.1499,0.4043,-0.6445,99.817,227.622,-46.463,1,21
1.1279,0.4194,-0.6362,110.183,224.939,-46.159,1,21
0.2949,-1.2544,-0.2036,93.720,-137.378,-185.793,2,21
0.2881,-1.2388,-0.2036,94.634,-135.915,-186.098,2,21
0.2744,-1.2261,-0.2100,96.280,-133.537,-185.976,2,21
0.2603,-1.2114,-0.2124,97.378,-131.159,-185.915,2,21
0.2534,-1.2017,-0.2197,98.232,-128.415,-186.280,2,21
0.2378,-1.1909,-0.2275,98.537,-125.488,-185.976,2,21
0.2334,-1.1855,-0.2290,98.537,-122.256,-186.037,2,21
0.2275,-1.1782,-0.2485,98.598,-118.841,-186.159,2,21
1.1255,0.4175,-0.6172,120.915,221.707,-45.671,1,21
1.1123,0.4258,-0.6108,132.195,218.415,-44.817,1,21
1.1084,0.4282,-0.6094,143.476,215.000,-44.207,1,21
1.0942,0.4375,-0.5957,154.451,211.524,-43.780,1,21
1.0889,0.4336,-0.5913,164.573,208.171,-43.232,1,21
1.0737,0.4375,-0.5781,174.024,204.329,-43.232,1,21
1.0552,0.4390,-0.5620,182.988,200.793,-43.232,1,21
1.0518,0.4297,-0.5518,191.707,197.195,-43.780,1,21
0.2207,-1.1733,-0.2539,98.476,-113.963,-186.646,2,21
0.2188,-1.1699,-0.2583,98.110,-112.500,-186.402,2,21
0.2207,-1.1655,-0.2573,97.561,-109.390,-186.402,2,21
0.2183,-1.1553,-0.2681,96.463,-106.463,-186.402,2,21
0.2178,-1.1455,-0.2617,94.817,-103.841,-186.402,2,21
0.2104,-1.1431,-0.2642,93.049,-101.341,-186.463,2,21
0.2153,-1.1343,-0.2671,91.037,-98.780,-186.463,2,21
0.2095,-1.1221,-0.2686,89.817,-96.585,-186.402,2,21
1.0361,0.4219,-0.5410,199.573,193.598,-44.756,1,21
1.0327,0.4092,-0.5239,206.829,190.061,-45.549,1,21
1.0200,0.3970,-0.5020,213.659,186.280,-46.402,1,21
1.0195,0.3662,-0.4844,220.183,182.744,-47.561,1,21
1.0225,0.3467,-0.4771,225.915,178.415,-48.537,1,21
1.0166,0.3325,-0.4775,230.854,174.268,-49.939,1,21
1.0205,0.3179,-0.4595,235.122,169.695,-51.341,1,21
1.0166,0.2988,-0.4521,237.561,165.183,-53.293,1,21
0.8794,0.3120,-0.3110,203.476,127.561,-83.963,1,21
0.8706,0.3281,-0.2842,194.451,125.122,-86.707,1,21
0.8647,0.3350,-0.2671,186.037,122.561,-89.390,1,21
0.8594,0.3486,-0.2505,177.012,120.244,-91.341,1,21
0.8594,0.3682,-0.2339,167.988,118.293,-92.927,1,21
0.8540,0.3789,-0.2095,158.293,116.402,-93.598,1,21
0.8594,0.4019,-0.1753,148.110,114.817,-94.146,1,21
0.8657,0.4175,-0.1533,138.110,113.476,-93.720,1,21
0.8525,0.3838,0.1191,80.793,88.902,-64.451,1,21
0.8491,0.3872,0.1353,81.037,87.256,-62.744,1,21
0.8364,0.3950,0.1533,81.890,83.780,-59.024,1,21
0.8330,0.4048,0.1563,83.171,79.817,-55.610,1,21
0.8242,0.4146,0.1577,85.549,75.793,-52.744,1,21
0.8081,0.4355,0.1479,88.963,71.524,-49.512,1,21
0.8027,0.4585,0.1440,92.683,67.134,-46.280,1,21
0.7842,0.5059,0.1304,98.476,60.427,-42.012,1,21
0.7090,0.5913,0.1235,108.415,27.683,-7.561,1,21
0.7271,0.5894,0.1206,104.451,26.951,-2.073,1,21
0.7505,0.5903,0.1216,100.244,27.378,3.537,1,21
0.7803,0.6030,0.1216,94.512,28.232,8.841,1,21
0.8018,0.5981,0.1304,87.439,29.878,14.085,1,21
0.8374,0.6035,0.1362,79.878,30.976,19.207,1,21
0.8589,0.5962,0.1445,71.159,32.195,23.963,1,21
0.8804,0.5854,0.1558,62.866,32.988,28.110,1,21
1.0078,0.2578,0.2271,-2.378,9.146,49.756,1,21
1.0005,0.2134,0.2275,-9.085,6.098,50.244,1,21
1.0068,0.1699,0.2305,-16.159,2.927,50.061,1,21
0.9897,0.1221,0.2114,-22.988,0.183,49.756,1,21
0.9863,0.0869,0.1777,-29.085,-2.073,48.720,1,21
0.9785,0.0591,0.1401,-35.183,-3.841,46.402,1,21
0.9697,0.0449,0.0933,-40.366,-5.061,43.720,1,21
0.9624,0.0210,0.0527,-45.427,-5.732,39.329,1,21
0.4902,-0.3589,-0.3110,71.280,26.768,-179.817,1,21
0.4551,-0.3003,-0.2930,74.939,25.549,-182.683,1,21
0.4258,-0.2329,-0.2803,78.476,23.902,-184.573,1,21
0.3926,-0.1484,-0.2578,82.439,21.951,-186.463,1,21
0.3647,-0.0645,-0.2339,85.488,19.939,-188.354,1,21
0.3267,0.0225,-0.2188,89.085,17.866,-189.573,1,21
0.2944,0.1235,-0.1929,92.683,15.366,-190.732,1,21
0.2671,0.2261,-0.1802,95.915,13.171,-191.463,1,21
1.2256,-1.7651,-1.2290,20.549,-47.744,-57.073,2,21
1.2256,-1.7920,-1.2090,16.829,-47.195,-60.854,2,21
1.2124,-1.8540,-1.1675,9.390,-45.488,-68.841,2,21
1.1968,-1.9058,-1.1309,1.646,-44.329,-76.829,2,21
1.1812,-1.9619,-1.0815,-6.951,-43.293,-85.183,2,21
1.1655,-2.0122,-1.0361,-15.122,-42.134,-93.720,2,21
1.1431,-2.0620,-0.9844,-23.171,-41.402,-102.256,2,21
1.1255,-2.0874,-0.9355,-32.073,-40.793,-110.671,2,21
1.0913,-2.1357,-0.8662,-46.463,-40.915,-123.720,2,21
1.0767,-2.1484,-0.8501,-51.159,-40.976,-128.110,2,21
1.0586,-2.1577,-0.8037,-60.610,-41.098,-137.073,2,21
1.0298,-2.1636,-0.7778,-70.305,-41.341,-145.854,2,21
1.0054,-2.1592,-0.7305,-79.878,-41.707,-153.780,2,21
0.9819,-2.1455,-0.7075,-89.329,-42.134,-162.073,2,21
0.9507,-2.1270,-0.6763,-99.146,-42.683,-169.634,2,21
0.9229,-2.1069,-0.6616,-109.329,-43.537,-176.707,2,21
0.2813,0.6836,-0.4063,17.012,80.366,-139.268,1,21
0.2998,0.6836,-0.3936,12.012,84.390,-137.805,1,21
0.3398,0.6895,-0.3633,1.463,92.500,-135.183,1,21
0.3901,0.7021,-0.3252,-8.841,101.098,-132.134,1,21
0.4434,0.7070,-0.3013,-18.232,108.902,-128.659,1,21
0.4917,0.7207,-0.2661,-27.378,115.915,-124.817,1,21
0.5591,0.7437,-0.2397,-35.000,122.866,-120.427,1,21
0.6357,0.7671,-0.1782,-42.744,129.207,-116.037,1,21
0.8799,-2.0571,-0.6455,-123.476,-44.573,-186.037,2,21
0.8418,-2.0132,-0.6318,-132.256,-44.878,-191.098,2,21
0.8213,-2.0015,-0.6367,-136.646,-45.183,-193.415,2,21
0.7974,-1.9629,-0.6309,-144.207,-45.366,-197.744,2,21
0.7583,-1.9219,-0.6289,-151.037,-45.854,-201.341,2,21
0.7075,-1.8623,-0.6118,-158.780,-46.037,-205.671,2,21
0.6738,-1.8198,-0.6011,-162.622,-46.280,-207.866,2,21
0.6265,-1.7690,-0.5889,-165.793,-46.463,-209.451,2,21
0.1929,-1.4985,-0.4312,-135.305,-41.524,-217.683,2,21
0.1338,-1.4570,-0.4063,-129.268,-40.854,-217.988,2,21
0.0728,-1.4189,-0.4043,-124.390,-41.037,-218.415,2,21
0.0313,-1.3936,-0.3960,-118.963,-40.305,-218.659,2,21
-0.0210,-1.3560,-0.3911,-114.695,-39.756,-218.171,2,21
-0.0757,-1.3252,-0.3701,-109.756,-39.085,-217.195,2,21
-0.1265,-1.2974,-0.3540,-105.732,-38.415,-215.671,2,21
-0.1758,-1.2617,-0.3540,-102.378,-37.683,-213.659,2,21
4.0137,0.6465,0.8921,-92.134,-99.939,6.280,1,21
4.0386,0.6245,0.7163,-88.049,-116.951,-0.488,1,21
4.0728,0.6396,0.5513,-92.683,-120.122,-2.744,1,21
4.1216,0.6489,0.3730,-105.061,-111.159,-1.768,1,21
4.1968,0.6836,0.2466,-120.305,-94.756,1.463,1,21
4.2930,0.7598,0.2046,-136.159,-76.220,6.463,1,21
4.4058,0.9087,0.1768,-148.171,-62.805,13.354,1,21
4.5059,1.1143,0.2075,-153.720,-58.841,23.293,1,21
4.5996,1.3789,0.2739,-154.756,-64.939,35.061,1,21
4.6694,1.6460,0.3530,-152.683,-78.293,49.268,1,21
4.7227,1.8799,0.3936,-147.317,-95.061,65.915,1,21
4.7539,2.0562,0.3931,-138.902,-112.378,85.488,1,21
4.7681,2.1973,0.3525,-127.500,-128.476,106.951,1,21
4.7588,2.2700,0.3105,-114.512,-143.659,129.817,1,21
4.7388,2.2861,0.2510,-101.585,-157.866,153.659,1,21
4.6821,2.2583,0.2100,-90.244,-171.341,177.561,1,21
1.5649,1.6641,1.1133,-76.951,-549.268,425.183,1,21
1.5103,1.6743,1.1494,-76.829,-554.817,424.024,1,21
1.3965,1.6924,1.2036,-76.280,-565.061,421.829,1,21
1.2910,1.7231,1.2617,-74.573,-574.634,420.793,1,21
1.1577,1.7837,1.3306,-69.817,-587.195,420.183,1,21
1.0718,1.8257,1.3623,-65.732,-594.878,419.573,1,21
1.0005,1.8838,1.4028,-60.793,-601.220,419.573,1,21
0.9326,1.9307,1.4336,-55.915,-606.951,419.268,1,21
0.8657,1.9810,1.4707,-51.098,-611.463,419.146,1,21
0.8037,2.0288,1.5029,-45.488,-615.305,419.024,1,21
0.7598,2.0718,1.5400,-39.634,-618.720,419.085,1,21
0.7217,2.1196,1.5703,-33.110,-620.488,419.329,1,21
0.6772,2.1724,1.6182,-26.220,-622.256,419.451,1,21
0.6445,2.2197,1.6846,-19.634,-622.561,418.720,1,21
0.6284,2.2671,1.7598,-13.110,-622.927,418.049,1,21
0.6016,2.3223,1.8286,-7.134,-623.780,416.707,1,21
-0.8042,2.0576,1.5327,-71.646,-717.439,405.366,1,21
-0.8491,2.0259,1.5200,-76.037,-716.585,403.537,1,21
-0.8833,1.9775,1.4761,-78.841,-716.220,401.159,1,21
-0.9229,1.9287,1.4346,-80.183,-717.012,398.049,1,21
-0.9565,1.8682,1.3838,-80.610,-718.659,394.024,1,21
-0.9863,1.7949,1.3169,-79.939,-721.280,389.695,1,21
-1.0195,1.7329,1.2197,-78.780,-724.085,384.817,1,21
-1.0444,1.6558,1.1509,-77.988,-726.646,379.451,1,21
-1.0737,1.5835,1.0459,-76.951,-727.134,374.268,1,21
-1.1011,1.5166,0.9478,-77.256,-724.329,369.207,1,21
-1.1235,1.4546,0.8291,-79.207,-714.329,365.122,1,21
-1.1548,1.3892,0.6499,-84.451,-693.415,362.500,1,21
-1.1851,1.2681,0.4473,-89.146,-659.817,360.732,1,21
-1.2114,1.1216,0.3262,-86.646,-622.378,357.317,1,21
-1.1870,1.0063,0.2554,-75.427,-588.171,352.134,1,21
-1.1226,0.9258,0.2070,-61.951,-559.146,345.000,1,21
0.4785,1.2778,-0.7212,218.110,-221.341,200.671,1,21
0.3428,1.2822,-0.6509,229.451,-214.451,183.171,1,21
0.2041,1.2930,-0.5972,237.317,-206.585,166.951,1,21
0.0513,1.3267,-0.5640,240.732,-196.890,152.683,1,21
-0.0898,1.3765,-0.5703,240.305,-184.024,141.646,1,21
-0.2393,1.4292,-0.5552,233.293,-167.195,133.354,1,21
-0.3916,1.4561,-0.5332,223.841,-146.463,129.024,1,21
-0.5518,1.4976,-0.4985,213.902,-122.378,126.646,1,21
0.7798,0.2974,0.4834,-307.927,-65.244,-38.537,2,21
0.7549,0.3218,0.4775,-307.866,-65.549,-39.085,2,21
0.7188,0.3716,0.4639,-306.220,-66.341,-39.939,2,21
0.6943,0.4292,0.4507,-304.756,-66.646,-40.671,2,21
0.6558,0.4805,0.4380,-302.378,-66.768,-40.976,2,21
0.6270,0.5352,0.4189,-299.146,-66.890,-40.915,2,21
0.5903,0.5918,0.4136,-295.122,-66.463,-40.793,2,21
0.5552,0.6484,0.4121,-291.402,-66.098,-40.244,2,21
-1.9731,1.9604,-0.2129,161.159,103.841,161.768,1,21
-2.0767,1.9702,-0.1714,165.183,121.524,163.720,1,21
-2.1538,1.9302,-0.1079,171.098,137.195,163.110,1,21
-2.2139,1.8735,-0.0649,177.378,151.524,160.671,1,21
-2.2554,1.7871,-0.0107,182.622,163.476,156.280,1,21
-2.2588,1.6729,0.0513,186.768,173.720,150.732,1,21
-2.2451,1.5430,0.1138,187.561,183.415,144.024,1,21
-2.1890,1.3921,0.1641,186.098,191.646,134.939,1,21
-1.1763,0.5020,0.3633,28.110,234.329,76.585,1,21
-1.1206,0.4634,0.3374,4.390,234.817,72.073,1,21
-1.0752,0.4390,0.2949,-18.354,234.817,66.707,1,21
-1.0537,0.4180,0.2515,-39.268,235.244,60.976,1,21
-1.0322,0.4063,0.1992,-58.415,234.878,55.122,1,21
-1.0386,0.3955,0.1450,-74.878,234.817,48.780,1,21
-1.0439,0.3901,0.0801,-89.146,234.756,41.890,1,21
-1.0693,0.3877,0.0127,-100.793,234.695,34.878,1,21
-1.1680,0.6235,-0.4038,-118.293,245.488,-32.683,1,21
-1.1494,0.6367,-0.4141,-115.976,246.463,-35.793,1,21
-1.1299,0.6611,-0.4370,-110.366,248.780,-41.646,1,21
-1.1128,0.6899,-0.4463,-103.963,251.524,-47.439,1,21
-1.0811,0.7173,-0.4507,-97.256,254.329,-53.171,1,21
-1.0474,0.7358,-0.4360,-90.000,257.866,-59.024,1,21
-1.0107,0.7520,-0.4199,-81.402,261.524,-65.366,1,21
-0.9580,0.7637,-0.4106,-69.207,266.524,-75.061,1,21
-0.6792,0.7397,-0.2886,-10.671,293.232,-132.683,1,21
-0.6489,0.7441,-0.2842,-5.427,294.573,-138.415,1,21
-0.6250,0.7456,-0.2754,-1.463,295.671,-144.695,1,21
-0.5884,0.7441,-0.2764,2.500,296.707,-150.061,1,21
-0.5610,0.7344,-0.2749,6.646,297.500,-155.732,1,21
-0.5293,0.7456,-0.2754,10.488,298.476,-161.829,1,21
-0.4912,0.7427,-0.2808,13.354,299.512,-167.378,1,21
-0.4565,0.7568,-0.2642,16.646,300.610,-173.110,1,21
-0.1255,0.9766,-0.2856,35.915,305.427,-226.280,1,21
-0.0903,0.9946,-0.3013,37.866,305.000,-230.183,1,21
-0.0513,1.0381,-0.3145,39.329,305.183,-234.207,1,21
-0.0215,1.0591,-0.3257,40.427,305.183,-237.622,1,21
-0.0010,1.0786,-0.3457,41.402,305.793,-241.159,1,21
0.0249,1.1123,-0.3564,42.317,307.012,-243.963,1,21
0.0474,1.1250,-0.3677,43.598,308.293,-246.463,1,21
0.0679,1.1411,-0.3784,44.878,309.939,-249.146,1,21
0.0933,1.1548,-0.3901,46.402,311.890,-251.585,1,21
0.1074,1.1694,-0.4004,46.768,314.756,-254.268,1,21
0.1318,1.1807,-0.4136,47.378,317.805,-256.707,1,21
0.1431,1.1836,-0.4111,46.890,321.463,-259.085,1,21
0.1587,1.1865,-0.4063,46.463,324.939,-261.768,1,21
0.1626,1.1948,-0.4419,46.159,327.805,-263.537,1,21
0.1592,1.2246,-0.4561,44.939,330.732,-264.207,1,21
0.1968,1.2373,-0.4878,42.195,335.915,-263.902,1,21
1.0146,-0.0991,0.5049,219.207,10.671,101.585,2,21
1.0054,-0.1270,0.5039,222.195,7.805,102.988,2,21
0.9985,-0.1616,0.4932,225.488,5.000,104.390,2,21
1.0005,-0.1890,0.4961,228.415,2.439,105.854,2,21
0.9912,-0.2090,0.4893,231.768,-0.061,107.561,2,21
0.9844,-0.2393,0.4946,235.000,-2.195,108.780,2,21
0.9976,-0.2700,0.4932,237.988,-3.659,110.488,2,21
1.0083,-0.2979,0.4902,241.159,-5.244,111.524,2,21
1.2417,0.8403,0.2173,54.695,245.061,-61.829,1,21
1.2671,0.7905,0.2085,55.549,240.793,-59.024,1,21
1.2715,0.7534,0.1855,56.951,235.549,-56.768,1,21
1.2847,0.7236,0.1758,59.939,230.000,-54.634,1,21
1.2896,0.7012,0.1563,62.500,224.146,-52.500,1,21
1.2900,0.6792,0.1450,65.305,218.537,-51.220,1,21
1.2769,0.6548,0.1182,67.866,212.378,-49.939,1,21
1.2759,0.6416,0.0757,71.037,206.341,-48.902,1,21
1.0293,-1.3159,0.2500,201.829,-95.915,83.049,2,21
1.0215,-1.3291,0.2354,197.256,-97.744,81.402,2,21
1.0166,-1.3418,0.2402,194.817,-98.720,80.549,2,21
1.0054,-1.3594,0.2402,190.244,-100.061,78.841,2,21
0.9985,-1.3755,0.2490,186.280,-101.768,77.195,2,21
0.9819,-1.3867,0.2466,179.756,-104.695,74.207,2,21
0.9780,-1.3848,0.2568,175.061,-106.646,72.439,2,21
0.9829,-1.3823,0.2593,173.049,-107.561,71.341,2,21
1.0850,0.3931,-0.1895,151.707,137.378,-30.305,1,21
1.0889,0.3877,-0.2002,156.402,134.451,-29.939,1,21
1.0762,0.3887,-0.2104,161.220,131.524,-30.183,1,21
1.0693,0.3955,-0.2183,165.976,128.415,-30.732,1,21
1.0576,0.3984,-0.2305,170.488,125.244,-31.463,1,21
1.0396,0.4087,-0.2290,175.122,122.073,-32.805,1,21
1.0244,0.4219,-0.2344,179.634,118.841,-34.329,1,21
1.0132,0.4385,-0.2378,183.902,115.854,-35.488,1,21
0.6533,-1.2329,-0.0835,81.524,-130.549,23.720,2,21
0.6479,-1.2212,-0.0986,77.744,-130.427,21.646,2,21
0.6475,-1.2075,-0.1191,74.207,-129.878,19.573,2,21
0.6440,-1.1890,-0.1436,70.793,-129.146,17.561,2,21
0.6421,-1.1650,-0.1611,67.561,-128.110,15.610,2,21
0.6431,-1.1572,-0.1738,64.085,-127.195,14.024,2,21
0.6357,-1.1323,-0.1885,61.341,-125.671,12.195,2,21
0.6353,-1.1226,-0.1987,58.171,-124.207,11.098,2,21
0.7959,0.3062,-0.1738,201.890,77.073,-54.329,1,21
0.7871,0.3052,-0.1621,194.756,76.341,-59.024,1,21
0.7754,0.3071,-0.1445,186.951,76.341,-63.659,1,21
0.7559,0.3169,-0.1387,178.598,76.402,-68.659,1,21
0.7422,0.3247,-0.1260,170.305,77.134,-72.927,1,21
0.7275,0.3345,-0.1045,161.098,79.085,-77.439,1,21
0.7134,0.3525,-0.0786,151.524,81.098,-81.402,1,21
0.7080,0.3589,-0.0571,142.256,83.415,-84.390,1,21
0.6382,-1.1006,-0.2148,55.549,-122.256,10.000,2,21
0.6411,-1.0918,-0.2275,53.659,-120.610,9.207,2,21
0.6357,-1.0767,-0.2285,51.768,-118.537,8.476,2,21
0.6372,-1.0640,-0.2251,50.183,-116.463,8.293,2,21
0.6372,-1.0508,-0.2246,49.024,-114.329,7.866,2,21
0.6343,-1.0342,-0.2246,48.537,-112.561,7.927,2,21
0.6274,-1.0190,-0.2266,47.378,-110.671,7.744,2,21
0.6372,-1.0034,-0.2183,46.829,-109.207,7.622,2,21
0.7046,0.3662,-0.0615,133.963,86.707,-86.646,1,21
0.7017,0.3794,-0.0410,126.341,89.329,-88.110,1,21
0.7070,0.3931,-0.0234,119.512,92.012,-88.841,1,21
0.7017,0.4121,-0.0054,112.805,95.244,-88.841,1,21
0.7148,0.4272,0.0215,107.012,97.805,-88.476,1,21
0.7188,0.4375,0.0518,101.037,100.671,-87.012,1,21
0.7241,0.4443,0.0801,96.585,102.805,-85.000,1,21
0.7310,0.4478,0.1074,93.232,104.146,-82.073,1,21
0.6289,-0.9907,-0.2197,46.220,-107.561,7.927,2,21
0.6353,-0.9775,-0.2217,45.732,-105.610,7.500,2,21
0.6362,-0.9668,-0.2251,45.122,-104.146,7.866,2,21
0.6328,-0.9614,-0.2139,45.488,-102.317,7.683,2,21
0.6353,-0.9458,-0.2231,45.793,-100.732,7.317,2,21
0.6377,-0.9341,-0.2148,46.463,-99.390,7.378,2,21
0.6318,-0.9258,-0.2109,47.866,-97.622,7.439,2,21
0.6284,-0.9194,-0.2002,49.390,-95.976,7.195,2,21
0.7319,0.4517,0.1353,91.951,104.939,-78.963,1,21
0.7388,0.4575,0.1567,92.256,105.122,-75.122,1,21
0.7480,0.4766,0.1802,93.232,104.512,-71.098,1,21
0.7573,0.4897,0.1968,96.159,103.232,-66.829,1,21
0.7607,0.5156,0.2217,99.085,101.341,-61.951,1,21
0.7705,0.5259,0.2285,103.171,98.963,-57.134,1,21
0.7725,0.5435,0.2334,107.195,96.159,-52.195,1,21
0.7793,0.5488,0.2354,112.012,92.927,-47.622,1,21
0.6343,-0.9097,-0.1963,50.488,-94.451,7.561,2,21
0.6372,-0.9019,-0.1958,52.134,-92.805,7.622,2,21
0.6260,-0.8931,-0.1958,53.963,-91.524,7.866,2,21
0.6372,-0.8877,-0.1904,55.122,-90.000,7.744,2,21
0.6377,-0.8755,-0.2056,55.976,-88.598,8.293,2,21
0.6396,-0.8735,-0.2036,56.951,-86.890,8.720,2,21
0.6318,-0.8716,-0.2051,58.537,-85.244,9.756,2,21
0.6289,-0.8604,-0.2192,59.207,-83.232,10.366,2,21
0.7915,0.5547,0.2163,119.390,87.439,-40.427,1,21
0.7910,0.5527,0.2119,121.768,85.793,-38.171,1,21
0.7939,0.5381,0.1973,126.341,82.134,-33.659,1,21
0.7983,0.5161,0.1875,130.122,78.232,-29.634,1,21
0.8037,0.4717,0.1563,135.305,73.902,-24.451,1,21
0.8022,0.4258,0.1323,137.683,70.976,-21.829,1,21
0.8159,0.3774,0.1099,138.902,68.780,-19.573,1,21
0.8179,0.3262,0.0957,140.000,67.439,-17.744,1,21
0.6240,-0.8574,-0.2158,60.549,-81.341,12.195,2,21
0.6182,-0.8472,-0.2173,61.585,-79.146,13.720,2,21
0.6250,-0.8501,-0.2173,62.683,-77.012,15.488,2,21
0.6245,-0.8452,-0.2139,63.354,-74.756,17.195,2,21
0.6182,-0.8472,-0.2124,63.720,-72.317,19.207,2,21
0.6235,-0.8433,-0.2041,64.085,-69.756,21.585,2,21
0.6123,-0.8525,-0.1938,64.695,-67.439,23.476,2,21
0.6133,-0.8555,-0.1826,64.878,-64.939,26.220,2,21
0.8232,0.2729,0.0693,139.634,66.524,-16.768,1,21
0.8340,0.2280,0.0552,137.744,67.012,-15.976,1,21
0.8413,0.1802,0.0415,134.634,67.744,-15.671,1,21
0.8677,0.1216,0.0210,130.244,68.659,-15.366,1,21
0.8848,0.0757,0.0132,124.390,69.878,-15.854,1,21
0.9009,0.0396,-0.0039,116.951,71.280,-16.890,1,21
0.9238,0.0059,-0.0166,108.902,73.110,-18.049,1,21
0.9365,-0.0210,-0.0254,99.024,73.963,-19.512,1,21
0.6147,-0.8579,-0.1836,65.305,-62.683,27.866,2,21
0.6069,-0.8647,-0.1680,65.061,-60.671,29.634,2,21
0.6089,-0.8569,-0.1631,65.366,-59.085,31.402,2,21
0.6045,-0.8599,-0.1563,65.305,-57.561,32.744,2,21
0.5996,-0.8540,-0.1401,65.427,-56.341,34.207,2,21
0.5947,-0.8491,-0.1313,65.366,-55.427,35.549,2,21
0.5835,-0.8281,-0.1299,65.122,-54.817,36.768,2,21
0.5796,-0.8218,-0.1299,64.817,-54.207,37.866,2,21
0.5645,-0.6802,-0.1284,62.073,-53.963,51.098,2,21
0.5688,-0.6685,-0.1431,61.646,-53.780,53.293,2,21
0.5698,-0.6631,-0.1460,61.524,-53.963,55.427,2,21
0.5679,-0.6646,-0.1563,61.037,-54.207,57.988,2,21
0.5762,-0.6670,-0.1597,61.463,-54.390,60.610,2,21
0.5815,-0.6758,-0.1660,61.951,-54.817,63.232,2,21
0.5854,-0.6880,-0.1758,62.073,-55.549,66.037,2,21
0.5879,-0.7080,-0.1860,62.134,-56.524,68.415,2,21
0.9766,-0.0625,-0.1216,-73.720,84.329,-36.463,1,21
0.9614,-0.0557,-0.1245,-82.195,87.317,-38.537,1,21
0.9385,-0.0576,-0.1250,-89.939,89.695,-40.854,1,21
0.9346,-0.0664,-0.1328,-96.341,92.134,-43.293,1,21
0.9268,-0.0654,-0.1133,-101.890,94.451,-45.671,1,21
0.9263,-0.0649,-0.1016,-107.256,97.073,-48.049,1,21
0.9302,-0.0640,-0.0967,-112.805,100.061,-50.793,1,21
0.9390,-0.0625,-0.0962,-117.500,102.561,-52.683,1,21
0.5615,-1.2319,-0.7563,36.585,-90.854,76.402,2,21
0.5566,-1.2515,-0.7881,35.183,-93.841,74.756,2,21
0.5513,-1.2681,-0.8247,34.878,-97.134,72.988,2,21
0.5488,-1.2886,-0.8521,35.610,-99.939,70.976,2,21
0.5601,-1.3003,-0.8623,37.500,-102.317,69.573,2,21
0.5459,-1.3149,-0.8857,40.427,-105.061,67.439,2,21
0.5449,-1.3311,-0.9248,42.988,-107.317,65.122,2,21
0.5454,-1.3394,-0.9585,46.341,-108.415,61.768,2,21
1.0942,0.3296,-0.2686,-76.829,117.500,-113.537,1,21
1.0806,0.3550,-0.2749,-66.037,115.061,-115.183,1,21
1.0752,0.3716,-0.2700,-55.366,112.256,-116.159,1,21
1.0640,0.3936,-0.2856,-44.390,108.598,-116.890,1,21
1.0620,0.4019,-0.3130,-32.439,105.854,-116.829,1,21
1.0542,0.4302,-0.3101,-21.829,103.354,-116.890,1,21
1.0493,0.4443,-0.2979,-12.622,101.037,-116.890,1,21
1.0371,0.4536,-0.3003,-4.756,99.939,-116.402,1,21
0.8682,-1.9229,-1.1909,-79.573,-61.890,-198.537,2,21
0.8398,-1.9282,-1.1597,-83.598,-61.768,-203.110,2,21
0.7964,-1.9351,-1.1187,-87.134,-61.768,-207.134,2,21
0.7559,-1.9321,-1.0625,-90.366,-62.317,-211.220,2,21
0.7104,-1.9263,-1.0103,-93.415,-62.256,-215.549,2,21
0.6548,-1.9165,-0.9575,-97.927,-61.890,-219.573,2,21
0.6006,-1.9189,-0.9106,-102.927,-61.280,-223.720,2,21
0.5537,-1.8999,-0.8599,-108.841,-60.610,-227.744,2,21
0.4116,0.2310,0.2393,-152.134,12.500,-54.878,1,21
0.4126,0.2368,0.2197,-162.134,15.366,-54.573,1,21
0.4058,0.2334,0.1953,-171.524,17.500,-53.476,1,21
0.3887,0.2461,0.1782,-180.061,20.488,-52.622,1,21
0.3794,0.2500,0.1631,-188.841,23.232,-51.159,1,21
0.3594,0.2524,0.1689,-197.073,26.220,-50.000,1,21
0.3477,0.2373,0.1602,-205.183,29.390,-48.476,1,21
0.3350,0.2236,0.1440,-212.012,32.561,-46.707,1,21
0.5068,-1.8916,-0.8086,-115.000,-59.146,-231.524,2,21
0.4614,-1.8818,-0.7554,-120.854,-57.683,-235.183,2,21
0.4199,-1.8696,-0.7104,-126.524,-56.707,-238.415,2,21
0.3828,-1.8535,-0.6626,-132.012,-55.793,-241.707,2,21
0.3413,-1.8335,-0.6050,-137.866,-54.878,-245.244,2,21
0.3042,-1.8169,-0.5649,-143.537,-54.878,-248.293,2,21
0.2808,-1.7886,-0.5034,-149.512,-55.305,-251.646,2,21
0.2383,-1.7646,-0.4565,-154.573,-56.037,-254.085,2,21
0.3291,0.2080,0.1240,-216.829,35.488,-45.305,1,21
0.3291,0.1826,0.0903,-219.390,38.171,-43.354,1,21
0.3291,0.1553,0.0410,-219.695,40.671,-41.402,1,21
0.3423,0.1416,-0.0098,-217.134,42.683,-39.268,1,21
0.3574,0.1182,-0.0664,-211.829,43.780,-37.256,1,21
0.3809,0.1128,-0.1099,-203.415,44.634,-35.305,1,21
0.4077,0.1094,-0.1533,-194.817,44.939,-33.476,1,21
0.4312,0.1152,-0.1807,-186.341,45.671,-32.317,1,21
0.2031,-1.7295,-0.3931,-158.780,-57.134,-256.646,2,21
0.1616,-1.6958,-0.3408,-163.110,-58.537,-258.476,2,21
0.1270,-1.6572,-0.2725,-166.829,-60.061,-259.451,2,21
0.0840,-1.6104,-0.2173,-170.183,-61.585,-260.610,2,21
0.0283,-1.5742,-0.1650,-172.866,-63.171,-260.793,2,21
-0.0093,-1.5234,-0.0933,-174.390,-64.756,-260.976,2,21
-0.0562,-1.4771,-0.0259,-175.732,-65.915,-260.244,2,21
-0.1123,-1.4404,0.0327,-176.402,-67.256,-259.207,2,21
0.4619,0.1245,-0.2085,-177.927,46.646,-31.524,1,21
0.4800,0.1309,-0.2236,-169.512,48.232,-31.646,1,21
0.4937,0.1455,-0.2241,-161.280,50.000,-32.439,1,21
0.5239,0.1563,-0.2202,-152.805,52.744,-34.634,1,21
0.5376,0.1743,-0.2129,-144.756,55.854,-38.049,1,21
0.5420,0.1924,-0.2007,-136.220,59.085,-42.256,1,21
0.5586,0.2021,-0.1812,-122.927,64.512,-51.037,1,21
0.5649,0.2100,-0.1772,-112.683,67.134,-57.805,1,21
-0.1592,-1.3940,0.0801,-175.793,-68.841,-258.171,2,21
-0.2207,-1.3574,0.1328,-174.512,-70.000,-256.585,2,21
-0.2666,-1.3159,0.1885,-172.134,-71.585,-254.756,2,21
-0.3291,-1.2886,0.2300,-169.085,-72.988,-252.683,2,21
-0.3770,-1.2490,0.2588,-165.061,-74.512,-250.305,2,21
-0.4414,-1.2119,0.2969,-160.549,-75.366,-247.622,2,21
-0.5122,-1.1885,0.3164,-155.549,-76.585,-245.061,2,21
-0.5791,-1.1694,0.3442,-150.366,-76.951,-242.195,2,21
0.5708,0.2217,-0.1650,-101.707,69.085,-65.122,1,21
0.5767,0.2329,-0.1392,-90.610,70.488,-72.927,1,21
0.5830,0.2563,-0.1040,-82.500,71.524,-80.854,1,21
0.6006,0.2632,-0.0508,-75.732,72.988,-88.110,1,21
0.6270,0.2910,-0.0234,-71.098,75.122,-94.268,1,21
0.6675,0.3027,0.0078,-67.500,78.476,-98.841,1,21
0.7129,0.3140,0.0151,-64.024,83.659,-101.280,1,21
0.7998,0.3398,0.0347,-59.817,90.366,-101.524,1,21
-0.6382,-1.1406,0.3623,-145.061,-77.256,-239.207,2,21
-0.7046,-1.1270,0.3818,-139.695,-76.524,-236.159,2,21
-0.7710,-1.1045,0.3940,-134.390,-75.549,-233.415,2,21
-0.8296,-1.0933,0.4053,-129.268,-74.207,-230.000,2,21
-0.8926,-1.0835,0.3936,-124.207,-72.195,-227.256,2,21
-0.9502,-1.0693,0.3799,-120.305,-70.183,-223.902,2,21
-1.0010,-1.0679,0.3682,-117.500,-67.012,-220.549,2,21
-1.0527,-1.0542,0.3521,-115.366,-63.902,-217.744,2,21
0.9019,0.3672,0.0596,-56.280,99.573,-99.390,1,21
1.0454,0.3970,0.0513,-52.805,110.671,-95.000,1,21
1.2329,0.4224,0.0439,-48.963,123.476,-87.622,1,21
1.4810,0.4551,0.0205,-44.329,137.012,-77.927,1,21
1.8096,0.5063,0.0293,-41.463,149.939,-66.098,1,21
2.2461,0.5527,0.0537,-41.159,160.549,-52.195,1,21
2.8179,0.6177,0.1128,-44.146,167.256,-35.427,1,21
3.4663,0.6841,0.2056,-50.854,169.085,-16.220,1,21
-1.0918,-1.0513,0.3228,-114.695,-60.000,-213.780,2,21
-1.1260,-1.0493,0.2788,-115.122,-56.159,-210.122,2,21
-1.1519,-1.0498,0.2476,-117.256,-51.585,-206.463,2,21
-1.1719,-1.0479,0.2061,-120.000,-47.195,-202.439,2,21
-1.1851,-1.0454,0.1987,-122.683,-41.585,-198.598,2,21
-1.1953,-1.0537,0.1753,-125.610,-35.488,-193.963,2,21
-1.1943,-1.0469,0.1680,-127.988,-28.598,-189.939,2,21
-1.1890,-1.0308,0.1641,-130.305,-21.646,-185.976,2,21
4.1748,0.7402,0.3779,-60.244,165.061,0.610,1,21
4.6616,0.7871,0.5308,-73.537,154.024,15.549,1,21
4.8970,0.7690,0.6938,-77.805,128.415,18.598,1,21
4.8823,0.6523,0.8481,-66.037,86.098,3.963,1,21
4.7007,0.4902,0.9351,-34.329,28.780,-28.354,1,21
4.4619,0.3706,0.9468,8.110,-34.146,-73.354,1,21
4.2617,0.3804,0.7876,48.110,-91.463,-119.817,1,21
4.2314,0.5645,0.4585,79.024,-132.439,-155.244,1,21
-1.1729,-1.0098,0.1685,-132.805,-13.780,-182.866,2,21
-1.1489,-0.9780,0.1689,-134.878,-6.220,-179.756,2,21
-1.1240,-0.9346,0.1904,-136.890,1.707,-176.463,2,21
-1.0952,-0.9014,0.2056,-138.476,9.817,-173.720,2,21
-1.0557,-0.8486,0.2139,-139.451,17.866,-171.646,2,21
-1.0103,-0.7954,0.2358,-139.878,25.610,-168.780,2,21
-0.9751,-0.7368,0.2417,-140.122,33.049,-166.037,2,21
-0.9316,-0.6841,0.2656,-139.146,40.183,-162.317,2,21
4.3022,0.9395,0.1089,97.866,-148.476,-173.171,1,21
4.3047,1.4092,-0.0703,100.671,-142.073,-175.671,1,21
4.2207,1.8647,-0.0942,87.195,-122.866,-168.841,1,21
4.1240,2.2065,0.0435,67.500,-102.378,-154.268,1,21
4.0796,2.4351,0.2573,51.341,-88.902,-132.988,1,21
4.1792,2.5576,0.5068,45.366,-86.890,-105.305,1,21
4.4033,2.6128,0.7388,51.585,-96.037,-72.866,1,21
4.6997,2.6255,0.9648,64.512,-115.122,-38.841,1,21
-0.8838,-0.6177,0.2744,-137.195,47.195,-158.780,2,21
-0.8379,-0.5596,0.2754,-134.939,53.902,-154.573,2,21
-0.7974,-0.4956,0.2734,-132.500,60.427,-149.695,2,21
-0.7485,-0.4385,0.2690,-129.634,66.402,-144.512,2,21
-0.7134,-0.3818,0.2456,-126.402,72.500,-139.085,2,21
-0.6602,-0.3340,0.2212,-124.329,77.561,-132.744,2,21
-0.6226,-0.2949,0.1704,-122.805,82.317,-126.402,2,21
-0.5747,-0.2646,0.1167,-122.256,87.073,-120.000,2,21
4.9873,2.5913,1.1899,78.780,-140.488,-6.280,1,21
5.1895,2.4937,1.3799,89.756,-169.939,22.012,1,21
5.2935,2.3477,1.5479,97.683,-203.110,45.000,1,21
5.2808,2.1680,1.6812,103.293,-237.866,63.110,1,21
5.1787,1.9785,1.7686,106.829,-274.512,77.256,1,21
5.0474,1.8232,1.8203,106.585,-311.768,89.695,1,21
4.8755,1.7139,1.8438,101.646,-347.439,101.159,1,21
4.7100,1.6504,1.8359,90.366,-380.122,112.866,1,21
-0.5356,-0.2456,0.0854,-121.646,91.707,-112.988,2,21
-0.4907,-0.2412,0.0347,-120.488,96.463,-106.280,2,21
-0.4414,-0.2393,-0.0068,-119.390,101.585,-99.146,2,21
-0.3950,-0.2466,-0.0435,-118.293,106.585,-92.378,2,21
-0.3486,-0.2554,-0.0820,-117.134,112.073,-85.183,2,21
-0.3105,-0.2671,-0.1152,-116.037,117.561,-78.293,2,21
-0.2598,-0.2964,-0.1523,-115.366,123.354,-71.585,2,21
-0.2178,-0.3350,-0.1880,-115.793,128.659,-65.183,2,21
4.5493,1.6348,1.8169,72.988,-407.866,125.610,1,21
4.3872,1.6763,1.8203,50.488,-429.085,140.427,1,21
4.2324,1.7554,1.8530,23.415,-445.244,156.159,1,21
4.0796,1.8359,1.8940,-6.159,-457.561,172.378,1,21
3.9346,1.9214,1.9604,-34.634,-468.659,189.390,1,21
3.7993,2.0010,2.0332,-60.305,-480.427,206.402,1,21
3.6616,2.0879,2.1318,-82.317,-493.598,222.988,1,21
3.5151,2.1821,2.2412,-101.768,-509.329,238.232,1,21
-0.1699,-0.3711,-0.2344,-117.500,133.902,-58.963,2,21
-0.1133,-0.4282,-0.2690,-119.329,139.390,-53.780,2,21
-0.0537,-0.4722,-0.2881,-120.793,144.817,-48.415,2,21
-0.0054,-0.5195,-0.3047,-122.378,150.244,-43.598,2,21
0.0562,-0.5625,-0.3330,-123.841,155.854,-39.390,2,21
0.1309,-0.5815,-0.3491,-125.671,162.805,-34.573,2,21
0.1885,-0.6035,-0.3564,-129.085,169.085,-29.451,2,21
0.2559,-0.6196,-0.3428,-132.256,174.024,-24.756,2,21
3.3589,2.2583,2.3350,-117.622,-527.195,251.768,1,21
3.1865,2.3306,2.4355,-131.220,-546.890,263.963,1,21
2.9995,2.3857,2.5151,-142.622,-567.866,275.000,1,21
2.8081,2.4043,2.5898,-151.829,-589.817,285.427,1,21
2.6104,2.3970,2.6377,-157.988,-611.768,295.366,1,21
2.4150,2.3774,2.6655,-160.610,-632.866,304.329,1,21
2.2197,2.3638,2.6909,-161.768,-652.744,312.927,1,21
2.0215,2.3477,2.7056,-160.732,-670.183,319.939,1,21
0.3394,-0.6191,-0.3403,-136.890,177.988,-19.451,2,21
0.4009,-0.6167,-0.2852,-142.439,180.122,-13.720,2,21
0.4805,-0.6089,-0.2397,-148.293,178.415,-8.232,2,21
0.5713,-0.6064,-0.2280,-155.549,175.366,-2.927,2,21
0.6548,-0.6084,-0.2202,-164.573,171.829,1.402,2,21
0.7339,-0.6128,-0.2104,-173.720,167.988,4.756,2,21
0.8252,-0.6177,-0.1978,-183.049,164.268,7.805,2,21
0.9063,-0.6113,-0.1836,-190.854,161.037,10.183,2,21
1.4639,0.0171,0.0088,-239.085,74.085,66.402,2,21
1.4805,0.0269,0.0059,-236.220,71.463,73.902,2,21
1.5073,0.0337,0.0195,-233.049,68.963,81.524,2,21
1.5439,0.0176,0.0342,-229.695,67.317,88.476,2,21
1.5918,-0.0005,0.0469,-226.280,66.220,94.939,2,21
1.6504,-0.0186,0.0659,-223.171,65.549,100.854,2,21
1.7197,-0.0352,0.0859,-220.427,64.695,106.585,2,21
1.7856,-0.0684,0.1011,-218.415,64.329,110.915,2,21
1.8237,-0.1396,0.7583,-292.927,16.037,151.037,2,21
1.7852,-0.1504,0.7847,-295.549,14.451,151.037,2,21
1.7471,-0.1782,0.8057,-297.744,12.805,151.341,2,21
1.6987,-0.1958,0.8364,-299.451,11.890,151.402,2,21
1.6509,-0.2310,0.8647,-300.793,10.793,151.341,2,21
1.6055,-0.2510,0.8970,-302.073,9.512,150.671,2,21
1.5620,-0.2798,0.9180,-303.354,7.622,150.061,2,21
1.5181,-0.3008,0.9331,-304.146,5.183,148.110,2,21
-0.9253,1.0151,0.2671,-64.817,-502.561,280.793,1,21
-0.8354,1.0625,0.2212,-63.902,-500.183,272.012,1,21
-0.6470,1.1563,0.1284,-60.305,-492.317,256.951,1,21
-0.4639,1.2466,0.0142,-54.390,-481.280,243.963,1,21
-0.2881,1.3369,-0.1182,-45.244,-467.317,233.415,1,21
-0.1372,1.4131,-0.2573,-32.195,-451.951,225.305,1,21
0.0015,1.4976,-0.3398,-17.317,-436.707,218.537,1,21
0.0986,1.5732,-0.4063,-1.890,-421.524,211.646,1,21
1.4907,-0.3213,0.9360,-305.610,2.500,145.854,2,21
1.4575,-0.3247,0.9380,-306.220,-0.488,142.988,2,21
1.4321,-0.3335,0.9316,-306.585,-3.963,140.000,2,21
1.4150,-0.3330,0.9321,-307.256,-7.988,135.915,2,21
1.3984,-0.3228,0.9121,-308.415,-11.402,132.134,2,21
1.3789,-0.3130,0.9141,-309.939,-14.939,127.744,2,21
1.3584,-0.3066,0.8911,-311.159,-18.659,123.720,2,21
1.3354,-0.2871,0.8760,-312.439,-22.073,119.817,2,21
0.1899,1.6533,-0.4756,19.634,-401.098,200.793,1,21
0.2163,1.6797,-0.5430,35.061,-389.512,193.415,1,21
0.2188,1.6904,-0.6025,50.915,-378.963,186.098,1,21
0.1997,1.6987,-0.6489,67.378,-368.415,179.146,1,21
0.1504,1.6924,-0.6982,83.720,-357.988,173.354,1,21
0.0771,1.6890,-0.7402,99.695,-346.707,168.232,1,21
-0.0073,1.6812,-0.7676,114.756,-333.963,163.232,1,21
-0.1035,1.6875,-0.8145,129.207,-321.098,158.537,1,21
0.8789,0.1445,0.4238,-278.049,-66.159,62.866,2,21
0.8682,0.1724,0.4146,-271.768,-66.098,59.451,2,21
0.8550,0.2100,0.4126,-264.756,-65.976,56.037,2,21
0.8501,0.2554,0.3965,-257.317,-65.549,52.500,2,21
0.8442,0.2983,0.3960,-248.963,-64.756,49.329,2,21
0.8442,0.3408,0.3994,-240.122,-63.780,45.976,2,21
0.8457,0.3911,0.4014,-230.671,-62.317,42.866,2,21
0.8418,0.4248,0.3999,-220.610,-61.159,40.244,2,21
-1.4590,1.4380,-0.1533,281.159,-2.744,141.098,1,21
-1.5059,1.3647,-0.0986,277.317,14.634,137.683,1,21
-1.5474,1.2891,-0.0420,271.037,30.854,133.415,1,21
-1.5781,1.2080,0.0176,262.256,46.220,128.720,1,21
-1.5947,1.1406,0.0869,250.366,61.037,123.780,1,21
-1.5942,1.0610,0.1514,236.098,75.427,118.110,1,21
-1.5854,0.9780,0.2124,218.902,89.085,113.110,1,21
-1.5708,0.8984,0.2622,199.207,102.195,107.378,1,21
0.8472,0.4678,0.4019,-210.732,-59.756,37.317,2,21
0.8467,0.5156,0.3994,-200.793,-58.354,34.634,2,21
0.8545,0.5674,0.3960,-191.098,-57.134,32.317,2,21
0.8481,0.6108,0.3887,-181.585,-55.732,30.061,2,21
0.8564,0.6450,0.3828,-171.890,-54.146,28.354,2,21
0.8481,0.6831,0.3628,-162.500,-52.988,26.707,2,21
0.8491,0.7114,0.3491,-152.866,-51.890,25.427,2,21
0.8311,0.7358,0.3315,-142.927,-50.976,24.573,2,21
-1.5317,0.8218,0.3130,178.171,113.537,102.378,1,21
-1.4761,0.7520,0.3369,155.549,122.927,97.317,1,21
-1.4297,0.6880,0.3921,131.707,130.854,92.256,1,21
-1.3740,0.6333,0.4097,105.915,137.073,87.073,1,21
-1.3130,0.5913,0.4268,79.573,142.012,81.463,1,21
-1.2632,0.5542,0.4429,52.317,145.915,76.037,1,21
-1.2202,0.5190,0.4468,24.817,148.476,70.610,1,21
-1.1694,0.5054,0.4438,-2.134,150.244,65.488,1,21
0.8203,0.7676,0.3125,-133.049,-50.122,23.476,2,21
0.7969,0.7866,0.2964,-122.744,-49.146,23.110,2,21
0.7817,0.8105,0.2632,-112.561,-48.110,22.378,2,21
0.7671,0.8237,0.2407,-102.988,-47.195,22.317,2,21
0.7402,0.8481,0.2119,-93.293,-45.854,21.768,2,21
0.7188,0.8672,0.1748,-84.024,-44.512,21.098,2,21
0.7021,0.8726,0.1641,-74.695,-43.232,20.366,2,21
0.6875,0.8901,0.1240,-66.037,-42.073,20.122,2,21
-1.1426,0.4844,0.4370,-28.476,151.098,60.488,1,21
-1.1030,0.4727,0.4326,-53.354,152.561,56.037,1,21
-1.0703,0.4771,0.4141,-76.220,152.988,51.646,1,21
-1.0439,0.4810,0.3896,-97.439,153.720,47.805,1,21
-1.0234,0.4902,0.3457,-115.732,154.207,44.085,1,21
-0.9937,0.4995,0.2954,-132.195,153.841,41.037,1,21
-0.9761,0.5205,0.2466,-145.976,154.207,37.439,1,21
-0.9502,0.5386,0.2158,-157.744,154.695,33.720,1,21
0.6724,0.9063,0.1001,-56.951,-40.793,19.390,2,21
0.6626,0.9194,0.0762,-48.171,-39.573,18.598,2,21
0.6528,0.9282,0.0640,-39.573,-38.110,17.927,2,21
0.6514,0.9419,0.0352,-31.159,-36.463,17.134,2,21
0.6572,0.9561,0.0068,-23.171,-34.207,16.159,2,21
0.6553,0.9653,-0.0059,-15.061,-32.378,15.366,2,21
0.6611,0.9692,-0.0264,-7.683,-30.000,14.207,2,21
0.6733,0.9727,-0.0513,0.305,-27.561,13.049,2,21
-0.9331,0.5527,0.1670,-167.134,154.939,30.122,1,21
-0.9111,0.5581,0.1216,-173.537,155.244,25.793,1,21
-0.9023,0.5728,0.0806,-178.049,155.549,21.890,1,21
-0.8853,0.5801,0.0288,-180.427,156.098,17.744,1,21
-0.8794,0.5952,-0.0093,-180.183,157.012,13.171,1,21
-0.8696,0.6162,-0.0439,-178.476,158.171,8.720,1,21
-0.8662,0.6309,-0.0859,-174.756,158.841,3.659,1,21
-0.8628,0.6631,-0.1357,-169.329,159.512,-1.707,1,21
0.6812,0.9775,-0.0786,8.049,-24.634,11.829,2,21
0.6953,0.9761,-0.0962,15.488,-21.829,10.793,2,21
0.7080,0.9873,-0.1201,22.561,-19.024,9.207,2,21
0.7188,0.9849,-0.1445,28.659,-16.341,7.927,2,21
0.7388,0.9775,-0.1626,34.512,-13.720,6.890,2,21
0.7520,0.9639,-0.1841,40.183,-11.220,5.915,2,21
0.7593,0.9512,-0.2026,45.671,-8.841,4.878,2,21
0.7632,0.9287,-0.2144,50.671,-6.463,3.780,2,21
-0.8530,0.7007,-0.1958,-158.476,160.427,-9.573,1,21
-0.8511,0.7104,-0.2090,-154.451,160.915,-12.561,1,21
-0.8530,0.7373,-0.2373,-145.915,162.195,-18.232,1,21
-0.8413,0.7598,-0.2568,-136.159,163.720,-24.207,1,21
-0.8423,0.7837,-0.2891,-119.329,166.829,-32.927,1,21
-0.8340,0.8066,-0.2939,-107.927,169.146,-38.171,1,21
-0.8335,0.8101,-0.3125,-95.732,171.890,-43.902,1,21
-0.8320,0.8135,-0.3169,-83.232,174.695,-49.390,1,21
-0.6763,0.6553,-0.3267,5.000,195.488,-101.707,1,21
-0.6567,0.6436,-0.3379,10.366,197.134,-107.622,1,21
-0.6274,0.6270,-0.3398,15.366,198.293,-113.963,1,21
-0.5981,0.6118,-0.3301,19.268,200.000,-119.695,1,21
-0.5728,0.6030,-0.3203,22.622,201.524,-124.878,1,21
-0.5469,0.5928,-0.3262,24.634,203.476,-130.366,1,21
-0.5215,0.5903,-0.3389,26.646,204.817,-134.939,1,21
-0.4834,0.5845,-0.3462,27.744,206.463,-139.512,1,21
-0.2754,0.5742,-0.3950,9.451,227.378,-176.951,1,21
-0.2402,0.5776,-0.3994,5.610,229.634,-181.402,1,21
-0.2148,0.5835,-0.4253,0.732,231.768,-185.732,1,21
-0.2007,0.5830,-0.4355,-3.963,234.451,-190.244,1,21
-0.1704,0.5820,-0.4629,-8.902,237.073,-194.573,1,21
-0.1494,0.5864,-0.4834,-14.207,239.512,-198.598,1,21
-0.1255,0.5972,-0.4951,-19.756,242.378,-203.110,1,21
-0.1035,0.5986,-0.5171,-24.634,245.000,-207.195,1,21
-0.0820,0.6060,-0.5396,-30.122,247.805,-211.463,1,21
-0.0625,0.6162,-0.5479,-35.061,251.341,-216.098,1,21
-0.0396,0.6206,-0.5635,-40.366,254.756,-220.000,1,21
-0.0298,0.6396,-0.5713,-44.939,258.415,-224.207,1,21
-0.0186,0.6475,-0.5698,-49.268,262.195,-228.598,1,21
-0.0088,0.6621,-0.5854,-53.780,265.976,-232.439,1,21
0.0112,0.6680,-0.5874,-57.683,269.939,-236.402,1,21
0.0215,0.6831,-0.5986,-61.159,274.268,-239.756,1,21
0.0327,0.6899,-0.6074,-65.122,278.598,-243.293,1,21
0.0371,0.6943,-0.6162,-68.476,283.598,-246.524,1,21
0.0454,0.6943,-0.6270,-71.890,288.049,-249.512,1,21
0.0464,0.7007,-0.6343,-75.061,292.988,-252.561,1,21
0.0474,0.7061,-0.6299,-77.805,298.171,-255.305,1,21
0.0547,0.7236,-0.6436,-80.244,303.232,-258.598,1,21
0.0435,0.7314,-0.6631,-83.049,308.354,-261.768,1,21
0.0400,0.7378,-0.6836,-85.000,313.171,-265.000,1,21
1.0186,0.3843,0.1733,206.463,33.537,3.171,2,21
1.0146,0.3677,0.1782,210.427,32.866,5.366,2,21
1.0151,0.3569,0.1904,213.841,32.439,8.232,2,21
1.0107,0.3340,0.1963,217.622,31.646,10.488,2,21
1.0176,0.3091,0.2109,221.646,30.915,12.927,2,21
1.0127,0.2871,0.2192,225.427,30.000,15.488,2,21
1.0083,0.2671,0.2271,229.573,29.451,18.293,2,21
1.0156,0.2437,0.2480,233.841,28.476,20.732,2,21
1.0171,0.1963,0.2725,240.244,27.195,25.488,2,21
1.0088,0.1899,0.2788,242.134,26.768,27.256,2,21
1.0000,0.1567,0.2983,246.098,25.793,30.244,2,21
0.9961,0.1333,0.3110,250.000,24.329,33.598,2,21
0.9961,0.0986,0.3267,252.927,23.232,36.707,2,21
0.9814,0.0625,0.3457,256.037,21.829,40.061,2,21
0.9858,0.0210,0.3662,258.537,20.976,43.293,2,21
0.9780,-0.0259,0.3877,261.585,19.939,46.341,2,21
-0.0869,1.2871,-0.8271,-95.610,354.634,-311.707,1,21
-0.1128,1.3550,-0.8188,-95.793,358.598,-315.366,1,21
-0.1357,1.4224,-0.8076,-95.244,362.439,-318.293,1,21
-0.1504,1.4858,-0.8071,-94.207,365.854,-319.817,1,21
-0.1689,1.5518,-0.8130,-92.561,369.939,-320.366,1,21
-0.1714,1.6147,-0.8032,-90.671,374.024,-320.610,1,21
-0.1885,1.6704,-0.8032,-88.780,379.207,-320.366,1,21
-0.1938,1.7246,-0.7739,-86.707,385.122,-319.756,1,21
0.9746,-0.0757,0.4194,264.878,17.561,50.915,2,21
0.9717,-0.0986,0.4248,266.220,16.768,52.378,2,21
0.9756,-0.1304,0.4463,268.415,15.183,54.939,2,21
0.9756,-0.1729,0.4517,270.183,13.598,57.866,2,21
0.9688,-0.2158,0.4595,271.463,11.402,60.183,2,21
0.9844,-0.2544,0.4722,272.012,9.207,62.317,2,21
0.9775,-0.2876,0.4614,272.256,6.707,65.000,2,21
0.9858,-0.3267,0.4678,271.951,4.817,67.012,2,21
-0.1865,1.7700,-0.7544,-84.207,390.976,-318.720,1,21
-0.1895,1.8208,-0.7227,-80.976,397.134,-317.622,1,21
-0.1821,1.8564,-0.6880,-78.171,403.476,-316.707,1,21
-0.1641,1.9058,-0.6606,-75.061,409.634,-315.671,1,21
-0.1484,1.9468,-0.6221,-73.110,415.427,-314.817,1,21
-0.1357,1.9795,-0.5811,-70.854,420.671,-313.598,1,21
-0.1172,2.0259,-0.5356,-70.427,426.463,-311.707,1,21
-0.0913,2.0596,-0.5044,-70.610,432.195,-309.390,1,21
0.9160,1.4141,0.5557,-122.622,401.951,-73.537,1,21
0.9688,1.3516,0.5439,-124.451,396.220,-66.463,1,21
1.0137,1.2949,0.5298,-125.488,389.573,-59.451,1,21
1.0522,1.2280,0.5210,-125.671,382.012,-52.805,1,21
1.0879,1.1895,0.5054,-125.000,373.963,-46.890,1,21
1.1157,1.1328,0.4922,-124.207,364.939,-41.220,1,21
1.1377,1.0923,0.4702,-122.561,355.488,-36.890,1,21
1.1558,1.0498,0.4507,-120.244,345.854,-32.805,1,21
0.6372,-1.2832,0.2358,67.683,-101.890,15.732,2,21
0.6348,-1.2617,0.2178,65.122,-102.927,13.415,2,21
0.6294,-1.2393,0.2109,62.988,-103.902,11.341,2,21
0.6396,-1.2178,0.1934,60.549,-103.963,9.634,2,21
0.6445,-1.1992,0.1968,59.085,-103.659,8.232,2,21
0.6509,-1.1938,0.1860,56.829,-102.988,7.256,2,21
0.6670,-1.1836,0.1675,55.366,-101.768,6.463,2,21
0.6890,-1.1733,0.1675,53.598,-99.756,5.854,2,21
0.8330,0.6396,0.5933,260.671,80.854,26.585,1,21
0.8335,0.6235,0.5757,263.902,78.720,29.512,1,21
0.8359,0.6104,0.5767,267.012,76.829,33.110,1,21
0.8525,0.6011,0.5718,269.695,75.854,36.280,1,21
0.8618,0.5894,0.5625,270.976,74.817,40.305,1,21
0.8701,0.5762,0.5605,272.561,74.390,43.476,1,21
0.8823,0.5620,0.5571,273.841,74.146,46.707,1,21
0.8906,0.5415,0.5547,273.841,73.902,50.061,1,21
0.7153,-1.1689,0.1577,51.951,-97.988,5.854,2,21
0.7417,-1.1646,0.1470,49.817,-95.488,5.671,2,21
0.7686,-1.1689,0.1489,47.012,-93.659,6.098,2,21
0.8105,-1.1831,0.1274,44.207,-91.585,6.585,2,21
0.8267,-1.1987,0.1123,40.854,-89.512,7.073,2,21
0.8599,-1.2178,0.1001,38.293,-87.256,7.866,2,21
0.8696,-1.2373,0.0928,35.671,-85.549,8.780,2,21
0.8706,-1.2515,0.0786,32.744,-83.841,9.390,2,21
0.9160,0.5151,0.5474,272.683,73.171,53.963,1,21
0.9224,0.4893,0.5562,270.488,72.073,55.976,1,21
0.9229,0.4766,0.5532,268.720,71.585,56.646,1,21
0.9355,0.4326,0.5547,262.012,68.232,58.841,1,21
0.9351,0.3975,0.5498,256.646,65.488,59.878,1,21
0.9351,0.3550,0.5381,249.634,61.585,60.122,1,21
0.9380,0.3096,0.5225,241.402,57.622,60.427,1,21
0.9321,0.2588,0.5112,232.927,53.049,60.122,1,21
0.8789,-1.2720,0.0708,29.939,-82.439,9.756,2,21
0.8662,-1.2847,0.0518,26.768,-81.037,10.244,2,21
0.8457,-1.3052,0.0166,23.171,-80.183,10.549,2,21
0.8237,-1.3149,-0.0161,19.634,-79.268,10.976,2,21
0.7856,-1.3252,-0.0513,16.585,-78.780,11.829,2,21
0.7544,-1.3252,-0.0889,15.000,-78.415,12.439,2,21
0.7202,-1.3286,-0.1206,13.110,-77.744,12.805,2,21
0.6875,-1.3164,-0.1357,11.768,-77.683,13.415,2,21
0.9204,0.1978,0.4932,223.110,48.415,60.000,1,21
0.9146,0.1333,0.4712,212.439,43.415,59.390,1,21
0.8960,0.0718,0.4482,202.195,38.415,58.720,1,21
0.8838,0.0132,0.4092,190.732,33.659,57.683,1,21
0.8789,-0.0405,0.3906,179.085,29.634,56.707,1,21
0.8633,-0.0894,0.3481,166.890,25.671,55.122,1,21
0.8555,-0.1465,0.3135,154.390,22.988,53.476,1,21
0.8501,-0.1924,0.2788,141.098,21.037,51.768,1,21
0.6621,-1.3081,-0.1494,10.305,-76.768,13.780,2,21
0.6362,-1.2949,-0.1719,9.634,-76.037,14.390,2,21
0.6104,-1.2769,-0.1890,8.476,-75.366,14.939,2,21
0.6025,-1.2681,-0.2065,7.866,-74.939,16.159,2,21
0.5923,-1.2539,-0.2227,7.378,-73.841,16.768,2,21
0.5938,-1.2446,-0.2363,7.866,-72.683,17.683,2,21
0.6011,-1.2344,-0.2412,9.695,-71.159,18.354,2,21
0.6016,-1.2217,-0.2471,12.561,-69.268,19.085,2,21
0.8511,-0.2397,0.2495,127.317,20.122,50.244,1,21
0.8452,-0.2749,0.2207,113.232,20.000,48.354,1,21
0.8535,-0.2974,0.1938,98.780,21.098,46.280,1,21
0.8594,-0.3369,0.1743,83.049,22.683,44.451,1,21
0.8594,-0.3574,0.1611,67.073,25.244,42.439,1,21
0.8672,-0.3799,0.1592,49.756,28.110,40.305,1,21
0.8730,-0.3901,0.1592,31.768,31.463,37.622,1,21
0.8843,-0.4116,0.1553,14.085,35.488,35.244,1,21
0.9536,-0.0483,-0.2056,-120.000,42.378,-3.049,1,21
0.9409,-0.0381,-0.2500,-119.268,38.841,-6.098,1,21
0.9360,-0.0342,-0.2964,-117.073,35.488,-9.329,1,21
0.9189,-0.0254,-0.3472,-114.878,32.317,-12.256,1,21
0.8975,-0.0151,-0.3848,-111.768,29.756,-15.976,1,21
0.8823,0.0005,-0.4053,-109.207,27.683,-19.756,1,21
0.8618,0.0176,-0.4351,-106.890,26.524,-23.720,1,21
0.8398,0.0195,-0.4492,-105.427,26.159,-27.622,1,21
0.8149,0.0293,-0.4639,-103.537,26.098,-32.012,1,21
0.7959,0.0410,-0.4795,-101.951,26.707,-36.037,1,21
0.7852,0.0415,-0.5020,-99.512,27.683,-40.427,1,21
0.7676,0.0483,-0.5146,-96.280,28.841,-44.146,1,21
0.7544,0.0635,-0.5449,-92.744,30.366,-47.927,1,21
0.7529,0.0693,-0.5537,-88.232,31.829,-51.280,1,21
0.7529,0.0801,-0.5625,-83.537,33.598,-54.695,1,21
0.7471,0.0938,-0.5859,-77.927,35.793,-57.317,1,21
0.8818,-1.2295,-0.9976,86.159,-75.244,18.049,2,21
0.8672,-1.2686,-1.0215,83.537,-76.646,15.610,2,21
0.8501,-1.3037,-1.0552,80.122,-78.415,13.232,2,21
0.8286,-1.3418,-1.0815,75.793,-79.878,10.427,2,21
0.8091,-1.3813,-1.1226,70.854,-81.463,7.073,2,21
0.7935,-1.4238,-1.1479,66.159,-82.378,3.354,2,21
0.7690,-1.4556,-1.1567,60.610,-83.049,-1.098,2,21
0.7520,-1.4858,-1.1919,54.451,-83.841,-5.061,2,21
0.7471,0.1201,-0.6050,-69.573,38.476,-61.280,1,21
0.7578,0.1270,-0.6099,-66.646,39.573,-62.500,1,21
0.7661,0.1362,-0.6270,-60.732,41.341,-65.122,1,21
0.7651,0.1519,-0.6406,-53.902,43.110,-68.171,1,21
0.7573,0.1602,-0.6475,-47.134,44.878,-71.768,1,21
0.7637,0.1772,-0.6494,-40.183,46.220,-75.366,1,21
0.7549,0.1763,-0.6753,-32.683,47.439,-79.634,1,21
0.7534,0.1851,-0.6831,-25.305,48.659,-83.902,1,21
0.7368,-1.5117,-1.2080,48.110,-84.024,-9.573,2,21
0.7158,-1.5337,-1.2266,41.402,-84.024,-14.329,2,21
0.7002,-1.5547,-1.2437,33.780,-83.476,-19.512,2,21
0.6919,-1.5654,-1.2573,26.159,-82.683,-24.695,2,21
0.6831,-1.5747,-1.2656,18.659,-81.646,-30.122,2,21
0.6729,-1.5732,-1.2725,10.183,-80.488,-35.549,2,21
0.6689,-1.5674,-1.2881,1.646,-79.207,-41.341,2,21
0.6709,-1.5566,-1.2817,-7.439,-77.378,-47.134,2,21
0.7485,0.1758,-0.6963,-14.024,49.939,-90.671,1,21
0.7520,0.1763,-0.7153,-5.671,50.427,-94.817,1,21
0.7456,0.1680,-0.7295,3.415,50.915,-98.598,1,21
0.7471,0.1616,-0.7314,12.561,51.707,-101.890,1,21
0.7568,0.1475,-0.7407,20.732,52.378,-104.634,1,21
0.7544,0.1431,-0.7393,28.963,53.598,-107.073,1,21
0.7578,0.1235,-0.7266,37.134,55.122,-109.085,1,21
0.7583,0.1064,-0.7095,44.390,56.159,-110.976,1,21
0.6743,-1.5381,-1.2861,-16.159,-75.427,-52.988,2,21
0.6875,-1.5132,-1.2910,-24.451,-73.476,-59.085,2,21
0.6943,-1.4922,-1.2871,-33.049,-71.402,-65.061,2,21
0.7095,-1.4634,-1.2632,-40.793,-69.329,-70.976,2,21
0.7178,-1.4214,-1.2485,-48.110,-67.256,-76.829,2,21
0.7407,-1.3828,-1.2222,-54.756,-65.732,-82.561,2,21
0.7607,-1.3379,-1.1890,-60.610,-64.207,-87.927,2,21
0.7778,-1.2959,-1.1587,-65.488,-63.232,-93.232,2,21
0.7690,0.0898,-0.6841,51.341,57.927,-112.073,1,21
0.7700,0.0654,-0.6621,57.439,59.329,-113.293,1,21
0.7759,0.0498,-0.6133,63.780,61.159,-114.329,1,21
0.7881,0.0244,-0.5820,69.695,62.988,-115.000,1,21
0.7847,-0.0044,-0.5439,75.915,64.573,-115.488,1,21
0.7974,-0.0366,-0.5000,82.683,66.220,-115.427,1,21
0.8052,-0.0532,-0.4478,89.146,67.439,-115.793,1,21
0.8252,-0.0815,-0.4160,97.012,68.841,-115.610,1,21
0.8491,-0.1079,-0.3477,106.646,70.183,-115.244,1,21
0.8726,-0.1372,-0.2847,116.585,72.073,-114.390,1,21
0.8911,-0.1748,-0.2080,127.317,73.476,-112.622,1,21
0.9194,-0.2090,-0.1328,138.841,74.146,-109.756,1,21
0.9507,-0.2310,-0.0381,152.439,74.207,-106.768,1,21
0.9883,-0.2310,0.0381,166.585,73.720,-102.927,1,21
1.0220,-0.1963,0.1187,180.976,72.439,-98.537,1,21
1.0513,-0.1182,0.1880,195.671,70.305,-95.000,1,21
0.9712,-0.9146,-0.9634,-71.402,-60.915,-124.878,2,21
0.9897,-0.8857,-0.9478,-67.317,-61.098,-126.220,2,21
1.0098,-0.8594,-0.9385,-63.415,-61.402,-127.561,2,21
1.0293,-0.8208,-0.9443,-58.902,-61.280,-128.537,2,21
1.0522,-0.8008,-0.9419,-54.634,-61.524,-129.451,2,21
1.0693,-0.7715,-0.9526,-49.573,-61.463,-130.366,2,21
1.0820,-0.7593,-0.9570,-44.146,-62.012,-131.098,2,21
1.1089,-0.7422,-0.9741,-38.171,-62.561,-131.341,2,21
1.0752,-0.0083,0.2378,210.061,67.378,-91.829,1,21
1.0718,0.1294,0.2495,223.598,63.049,-89.695,1,21
1.0869,0.2915,0.2583,236.524,57.683,-88.049,1,21
1.0728,0.4678,0.2520,247.744,50.915,-87.134,1,21
1.0684,0.6367,0.2554,255.610,43.841,-85.915,1,21
1.0542,0.7783,0.2300,259.634,36.341,-84.085,1,21
1.0532,0.9111,0.1865,260.366,29.573,-79.878,1,21
1.0444,1.0142,0.1509,257.561,23.415,-72.622,1,21
1.1377,-0.7432,-0.9873,-31.280,-64.573,-131.829,2,21
1.1519,-0.7412,-0.9917,-23.537,-68.049,-131.951,2,21
1.1812,-0.7314,-0.9844,-14.695,-73.171,-131.829,2,21
1.2036,-0.7236,-0.9629,-5.915,-79.634,-131.707,2,21
1.2329,-0.7114,-0.9175,3.049,-85.305,-131.402,2,21
1.2310,-0.7036,-0.8877,10.000,-89.268,-131.768,2,21
1.2324,-0.6875,-0.8477,15.000,-90.488,-132.012,2,21
1.2241,-0.6865,-0.8140,18.293,-88.476,-133.476,2,21
1.0347,1.0942,0.1304,249.878,18.049,-62.317,1,21
1.0181,1.1465,0.0947,238.598,13.659,-49.146,1,21
1.0103,1.1758,0.0200,225.671,10.122,-35.183,1,21
1.0024,1.1958,-0.0703,212.134,7.744,-20.427,1,21
0.9941,1.2114,-0.1548,197.866,6.098,-6.829,1,21
0.9941,1.2197,-0.2173,182.256,6.159,4.939,1,21
0.9990,1.2104,-0.2583,164.207,7.744,15.183,1,21
1.0151,1.1782,-0.3223,144.939,10.366,23.780,1,21
1.1973,-0.6758,-0.7900,19.878,-84.329,-135.732,2,21
1.1958,-0.6890,-0.7578,20.854,-79.695,-137.683,2,21
1.1968,-0.6948,-0.7280,22.256,-76.159,-139.634,2,21
1.2085,-0.7114,-0.6982,23.598,-75.427,-140.549,2,21
1.2280,-0.7222,-0.6367,24.878,-76.037,-141.037,2,21
1.2520,-0.7207,-0.5825,25.915,-77.439,-140.915,2,21
1.2681,-0.7324,-0.5342,24.329,-78.780,-141.098,2,21
1.2842,-0.7393,-0.4941,21.098,-80.915,-141.159,2,21
1.0308,1.1006,-0.3892,128.354,13.720,31.890,1,21
1.0439,1.0688,-0.3809,115.366,17.927,38.659,1,21
1.0503,1.0298,-0.2822,100.244,24.451,42.439,1,21
1.0894,0.9883,-0.2012,83.110,31.951,43.110,1,21
1.1475,0.9180,-0.1372,67.134,39.024,42.256,1,21
1.1929,0.8477,-0.0962,53.902,44.451,42.500,1,21
1.2363,0.7808,-0.0435,41.646,48.049,42.927,1,21
1.2715,0.7256,0.0166,29.512,49.634,44.939,1,21
1.3145,-0.7476,-0.4683,16.098,-83.841,-141.098,2,21
1.3477,-0.7720,-0.4253,9.329,-87.927,-140.427,2,21
1.3638,-0.7886,-0.3784,3.232,-91.402,-139.390,2,21
1.3545,-0.8188,-0.3340,-3.049,-94.573,-137.866,2,21
1.3413,-0.8540,-0.2881,-10.366,-97.683,-136.463,2,21
1.3267,-0.8911,-0.2417,-17.866,-100.793,-134.085,2,21
1.2988,-0.9331,-0.2051,-26.037,-103.780,-131.585,2,21
1.2651,-1.0000,-0.1797,-34.878,-106.951,-128.963,2,21
1.2866,0.6606,0.0767,15.976,47.500,47.683,1,21
1.2881,0.5933,0.1270,1.159,43.659,51.524,1,21
1.2788,0.5249,0.1738,-14.329,37.988,54.329,1,21
1.2529,0.4624,0.2119,-30.122,31.524,57.012,1,21
1.2178,0.4014,0.2148,-44.268,24.573,58.476,1,21
1.1724,0.3481,0.2310,-56.890,18.293,59.085,1,21
1.1226,0.3101,0.2246,-68.293,13.110,59.085,1,21
1.0645,0.2847,0.2100,-77.866,9.573,57.988,1,21
1.2236,-1.0498,-0.1665,-43.598,-110.610,-126.098,2,21
1.1753,-1.1216,-0.1582,-53.110,-114.146,-123.902,2,21
1.1187,-1.1860,-0.1484,-61.768,-117.378,-121.951,2,21
1.0693,-1.2563,-0.1597,-70.671,-120.610,-120.976,2,21
1.0112,-1.3223,-0.1719,-79.756,-123.780,-120.549,2,21
0.9590,-1.3838,-0.1899,-89.207,-127.012,-121.220,2,21
0.9023,-1.4487,-0.2080,-97.988,-129.939,-122.012,2,21
0.8408,-1.5220,-0.2300,-106.707,-132.378,-122.744,2,21
0.7798,-1.5864,-0.2583,-114.817,-134.207,-124.512,2,21
0.7178,-1.6299,-0.2803,-122.805,-135.854,-126.341,2,21
0.6680,-1.6812,-0.3052,-131.341,-137.439,-128.598,2,21
0.6045,-1.7178,-0.3491,-140.183,-138.659,-131.037,2,21
0.5532,-1.7515,-0.3691,-148.720,-139.573,-133.780,2,21
0.4956,-1.7749,-0.3965,-157.805,-139.939,-136.463,2,21
0.4370,-1.7915,-0.4316,-166.585,-140.122,-139.207,2,21
0.3906,-1.8076,-0.4600,-174.878,-139.329,-142.317,2,21
0.5449,0.3096,0.2686,-112.927,25.061,41.037,1,21
0.4971,0.2837,0.2861,-110.671,25.976,38.293,1,21
0.4551,0.2563,0.3091,-108.232,24.939,35.305,1,21
0.4150,0.2178,0.3462,-105.549,23.232,32.012,1,21
0.3770,0.1699,0.3647,-101.829,19.756,28.476,1,21
0.3315,0.1152,0.3818,-98.780,15.732,24.634,1,21
0.2983,0.0464,0.3896,-95.061,10.488,20.427,1,21
0.2681,-0.0200,0.4033,-91.159,4.756,16.220,1,21
0.3394,-1.8169,-0.4771,-183.110,-138.293,-144.390,2,21
0.3018,-1.8232,-0.4893,-190.305,-136.402,-146.707,2,21
0.2437,-1.8252,-0.5078,-196.951,-133.780,-148.780,2,21
0.2061,-1.8242,-0.5054,-201.768,-130.244,-150.671,2,21
0.1494,-1.8193,-0.4961,-205.549,-127.195,-152.378,2,21
0.0928,-1.8096,-0.4922,-207.744,-124.268,-154.085,2,21
0.0542,-1.7930,-0.4971,-209.878,-122.805,-155.244,2,21
0.0127,-1.7813,-0.5010,-211.159,-121.646,-156.280,2,21
0.2285,-0.0840,0.4097,-87.744,-0.732,11.951,1,21
0.1924,-0.1553,0.4146,-84.878,-6.402,6.890,1,21
0.1660,-0.2261,0.4185,-82.622,-11.524,1.524,1,21
0.1377,-0.2979,0.4155,-81.341,-15.854,-4.024,1,21
0.1201,-0.3623,0.3945,-80.854,-19.207,-10.122,1,21
0.1138,-0.4238,0.3760,-80.305,-21.524,-15.976,1,21
0.0967,-0.4810,0.3447,-80.427,-22.988,-22.134,1,21
0.0977,-0.5366,0.2964,-80.732,-22.683,-27.744,1,21
-0.0347,-1.7642,-0.5239,-212.134,-120.915,-157.317,2,21
-0.0747,-1.7534,-0.5322,-211.951,-119.756,-158.293,2,21
-0.1274,-1.7388,-0.5313,-210.732,-119.085,-159.512,2,21
-0.1895,-1.7212,-0.5391,-208.354,-117.317,-160.366,2,21
-0.2412,-1.7119,-0.5176,-204.817,-116.098,-161.585,2,21
-0.2915,-1.6958,-0.5000,-200.915,-114.939,-162.561,2,21
-0.3501,-1.6841,-0.4902,-196.585,-112.866,-163.659,2,21
-0.4067,-1.6753,-0.4946,-192.317,-111.098,-164.634,2,21
0.1094,-0.5781,0.2622,-80.732,-21.707,-33.780,1,21
0.1128,-0.6094,0.2368,-81.463,-19.268,-39.878,1,21
0.1240,-0.6206,0.2085,-83.110,-15.427,-46.463,1,21
0.1392,-0.6211,0.1846,-85.244,-10.732,-53.598,1,21
0.1509,-0.5991,0.1777,-87.561,-5.366,-61.402,1,21
0.1631,-0.5869,0.1558,-90.732,0.671,-69.939,1,21
0.1792,-0.5552,0.1406,-92.073,5.610,-78.902,1,21
0.1997,-0.5181,0.1182,-92.012,9.878,-87.439,1,21
-0.4604,-1.6699,-0.4883,-187.927,-108.537,-165.671,2,21
-0.5195,-1.6558,-0.4785,-182.927,-105.488,-167.195,2,21
-0.5718,-1.6460,-0.4756,-177.317,-102.012,-169.390,2,21
-0.6104,-1.6245,-0.4771,-171.463,-97.683,-170.915,2,21
-0.6631,-1.6104,-0.4751,-164.939,-92.439,-173.659,2,21
-0.7090,-1.5815,-0.4844,-158.537,-86.402,-176.646,2,21
-0.7544,-1.5527,-0.4976,-152.073,-79.878,-179.146,2,21
-0.7964,-1.5146,-0.5015,-145.671,-72.317,-182.378,2,21
4.4336,0.8618,-0.2695,-176.037,-70.183,-96.037,1,21
4.4976,1.1323,-0.2607,-181.585,-111.341,-104.756,1,21
4.4663,1.4258,-0.2915,-180.122,-154.024,-117.134,1,21
4.3589,1.7324,-0.3730,-174.024,-193.476,-129.207,1,21
4.2231,2.0986,-0.4844,-168.841,-225.610,-137.622,1,21
4.1772,2.5840,-0.5840,-156.524,-246.951,-140.915,1,21
4.2456,2.9888,-0.7124,-139.817,-258.110,-131.159,1,21
4.4717,3.2617,-0.9248,-131.768,-261.402,-105.122,1,21
0.0215,-0.4150,-0.0581,-86.341,71.646,-87.378,2,21
0.0225,-0.3779,-0.0679,-87.317,69.939,-83.720,2,21
0.0259,-0.3032,-0.1064,-90.427,67.012,-75.427,2,21
0.0439,-0.2363,-0.1245,-95.427,65.244,-67.012,2,21
0.0566,-0.1885,-0.1313,-100.671,65.000,-57.256,2,21
0.0703,-0.1646,-0.1548,-106.402,66.037,-46.951,2,21
0.0801,-0.1426,-0.1538,-111.098,68.354,-36.402,2,21
0.1035,-0.1274,-0.1519,-114.878,71.646,-26.280,2,21
4.9517,3.4409,-1.1382,-137.866,-245.854,-63.963,1,21
5.1631,3.4136,-0.9897,-144.756,-230.671,-53.598,1,21
5.2749,3.3765,-0.7070,-142.195,-225.610,-55.061,1,21
5.3848,3.4185,-0.3945,-127.561,-235.549,-59.817,1,21
5.4663,3.5854,-0.1099,-102.195,-257.073,-60.427,1,21
5.5156,3.8364,0.1528,-70.610,-283.598,-51.951,1,21
5.5171,4.0962,0.3447,-40.671,-310.549,-32.500,1,21
5.4551,4.2905,0.5532,-14.817,-335.427,-2.927,1,21
0.1372,-0.1167,-0.1367,-119.817,77.683,-13.232,2,21
0.1494,-0.1079,-0.1455,-121.463,79.451,-9.207,2,21
0.1938,-0.0972,-0.1230,-125.244,83.415,-2.622,2,21
0.2446,-0.0859,-0.1084,-128.902,87.195,3.841,2,21
0.3130,-0.0845,-0.0928,-132.927,90.488,9.146,2,21
0.3984,-0.0728,-0.0664,-136.585,93.171,14.390,2,21
0.4854,-0.0684,-0.0303,-141.098,95.305,18.841,2,21
0.6064,-0.0601,0.0063,-145.366,96.646,22.805,2,21
5.3633,4.3887,0.7480,5.305,-356.768,33.902,1,21
5.2568,4.3970,0.9453,21.159,-376.220,74.756,1,21
5.1396,4.3003,1.1504,34.329,-394.146,117.683,1,21
5.0366,4.1221,1.3511,46.463,-411.585,160.244,1,21
4.9175,3.9297,1.5605,56.341,-430.061,200.671,1,21
4.7822,3.7148,1.7700,64.024,-450.183,237.195,1,21
4.6069,3.5176,1.9668,68.232,-470.671,268.293,1,21
4.4014,3.3486,2.1309,70.061,-491.707,294.695,1,21
0.7856,-0.0552,0.0737,-152.073,96.707,27.927,2,21
0.9351,-0.0483,0.1011,-157.805,94.756,30.610,2,21
1.0840,-0.0483,0.1353,-164.207,91.768,33.049,2,21
1.2344,-0.0581,0.1543,-171.585,87.805,34.817,2,21
1.3940,-0.0674,0.1753,-179.024,83.293,36.159,2,21
1.5425,-0.0889,0.1885,-185.915,78.659,37.012,2,21
1.6738,-0.1064,0.2061,-192.439,73.841,37.744,2,21
1.7617,-0.1294,0.2227,-197.683,68.963,38.232,2,21
4.1587,3.2227,2.2627,69.085,-513.293,317.073,1,21
3.9033,3.1616,2.3652,66.220,-533.476,336.402,1,21
3.6245,3.1587,2.4561,60.976,-551.768,353.537,1,21
3.3389,3.1963,2.5518,52.805,-566.341,369.512,1,21
3.0684,3.2446,2.6401,43.049,-579.390,384.756,1,21
2.8086,3.2852,2.7256,33.902,-590.671,400.305,1,21
2.5610,3.3096,2.7944,27.073,-601.829,415.427,1,21
2.3291,3.3164,2.8662,23.293,-612.866,431.159,1,21
-0.8003,2.3403,2.9868,52.378,-734.695,544.207,1,21
-0.8325,2.3677,2.8682,49.817,-731.463,536.890,1,21
-0.8623,2.4204,2.6519,47.134,-726.890,526.341,1,21
-0.8647,2.4297,2.5913,46.098,-725.488,522.927,1,21
-0.8872,2.4741,2.4800,44.573,-721.768,516.524,1,21
-0.9126,2.4971,2.3916,41.402,-717.378,510.671,1,21
-0.9434,2.5161,2.3721,37.988,-711.951,505.549,1,21
-0.9795,2.4990,2.3384,34.390,-706.829,500.549,1,21
1.5024,0.2813,0.5474,-250.976,14.817,103.476,2,21
1.5044,0.2725,0.5698,-249.817,13.415,104.451,2,21
1.4941,0.2651,0.6035,-249.329,11.707,105.427,2,21
1.4829,0.2671,0.6455,-249.268,10.305,106.585,2,21
1.4805,0.2686,0.6689,-249.817,8.476,107.622,2,21
1.4829,0.2759,0.6865,-250.549,5.793,108.659,2,21
1.4810,0.2852,0.7070,-251.768,2.805,109.634,2,21
1.4712,0.2920,0.7212,-253.537,-0.610,110.488,2,21
1.4712,0.3169,0.7251,-255.305,-4.512,111.159,2,21
1.4507,0.3296,0.7148,-257.500,-8.476,112.134,2,21
1.4346,0.3472,0.7031,-258.110,-12.561,112.927,2,21
1.4028,0.3516,0.6934,-259.512,-16.890,114.573,2,21
1.3706,0.3794,0.6738,-260.122,-20.732,115.305,2,21
1.3252,0.3887,0.6538,-260.732,-24.756,116.768,2,21
1.2876,0.3975,0.6182,-260.915,-28.476,117.927,2,21
1.2490,0.4116,0.5718,-261.280,-32.195,118.963,2,21
-1.3325,1.9409,2.0820,4.146,-738.354,455.122,1,21
-1.3804,1.8809,2.0127,-1.037,-746.402,448.110,1,21
-1.4307,1.8335,1.9131,-5.915,-753.171,440.671,1,21
-1.4810,1.8042,1.7959,-12.622,-758.598,433.354,1,21
-1.5254,1.7925,1.6416,-21.829,-758.354,426.280,1,21
-1.5859,1.8481,1.3936,-35.549,-747.805,420.549,1,21
-1.7021,1.9229,0.9722,-69.085,-705.549,420.610,1,21
-1.9268,1.7129,0.8062,-86.037,-645.610,423.171,1,21
1.2158,0.4106,0.5356,-261.951,-35.732,120.061,2,21
1.1816,0.4111,0.4922,-261.280,-38.780,121.037,2,21
1.1450,0.3975,0.4512,-260.183,-41.890,121.890,2,21
1.1050,0.3887,0.4219,-258.354,-44.390,122.500,2,21
1.0776,0.3804,0.3896,-255.915,-46.341,123.110,2,21
1.0493,0.3618,0.3677,-252.744,-47.988,123.841,2,21
1.0234,0.3462,0.3438,-249.695,-49.329,124.024,2,21
1.0024,0.3398,0.3179,-246.951,-50.549,124.146,2,21
-2.0771,1.6338,0.7402,-82.134,-595.976,422.195,1,21
-2.1489,1.6177,0.7007,-75.183,-557.927,414.939,1,21
-2.1426,1.6382,0.6519,-69.268,-532.683,403.293,1,21
-2.0684,1.6572,0.5840,-62.256,-517.988,388.537,1,21
-1.9399,1.6836,0.4629,-52.744,-510.549,372.012,1,21
-1.7988,1.7178,0.3179,-40.305,-505.244,354.390,1,21
-1.6338,1.7700,0.1563,-25.122,-500.122,337.866,1,21
-1.4614,1.8184,-0.0112,-8.110,-492.622,322.866,1,21
0.9951,0.3232,0.2974,-244.695,-51.524,123.841,2,21
0.9912,0.3154,0.2744,-243.293,-52.561,123.232,2,21
0.9746,0.3042,0.2627,-242.256,-53.232,122.317,2,21
0.9697,0.2949,0.2524,-240.854,-54.024,121.707,2,21
0.9619,0.2842,0.2446,-240.183,-55.366,120.366,2,21
0.9604,0.2808,0.2354,-239.451,-56.037,119.512,2,21
0.9541,0.2783,0.2324,-239.085,-57.622,118.780,2,21
0.9482,0.2793,0.2207,-239.512,-58.841,117.439,2,21
-1.3018,1.8491,-0.1738,10.488,-482.195,310.305,1,21
-1.1455,1.8745,-0.2979,30.732,-468.841,299.878,1,21
-1.0142,1.8857,-0.3662,53.963,-453.598,290.183,1,21
-0.9097,1.8955,-0.4502,77.866,-437.378,280.732,1,21
-0.8276,1.8936,-0.5923,101.707,-422.073,271.098,1,21
-0.7705,1.8696,-0.6831,123.841,-406.098,261.280,1,21
-0.7354,1.8237,-0.7554,143.659,-387.256,252.195,1,21
-0.7246,1.7666,-0.8403,162.927,-367.195,244.329,1,21
0.9414,0.2798,0.2148,-240.122,-60.427,116.280,2,21
0.9307,0.2866,0.1992,-240.183,-62.073,115.427,2,21
0.9175,0.2905,0.2061,-240.488,-63.963,114.512,2,21
0.9043,0.2998,0.1963,-241.220,-65.610,113.354,2,21
0.8853,0.3149,0.1812,-241.341,-67.622,112.317,2,21
0.8774,0.3276,0.1704,-241.646,-69.756,111.280,2,21
0.8657,0.3413,0.1641,-241.768,-71.646,110.244,2,21
0.8398,0.3599,0.1494,-240.793,-73.171,108.963,2,21
-0.7080,1.7129,-0.9160,181.402,-347.134,238.232,1,21
-0.7212,1.6465,-0.9800,198.171,-326.159,233.049,1,21
-0.7593,1.5781,-1.0503,212.378,-303.720,229.024,1,21
-0.7969,1.4907,-1.1270,224.146,-281.098,226.280,1,21
-0.8594,1.3945,-1.2075,233.049,-257.439,223.293,1,21
-0.9111,1.3071,-1.2520,240.732,-232.866,220.671,1,21
-0.9897,1.2124,-1.2588,245.915,-207.012,216.951,1,21
-1.0591,1.1299,-1.2520,248.720,-180.671,212.073,1,21
-1.2695,0.4424,-0.0913,57.927,116.280,63.354,1,21
-1.2080,0.4702,-0.0122,39.756,121.159,56.707,1,21
-1.1411,0.5181,0.0498,21.829,124.634,50.244,1,21
-1.0835,0.5718,0.1021,5.549,127.500,44.573,1,21
-1.0264,0.6299,0.1396,-9.512,130.305,38.902,1,21
-0.9756,0.6934,0.1763,-23.963,132.073,33.720,1,21
-0.9214,0.7568,0.2129,-36.890,133.537,29.085,1,21
-0.8726,0.8218,0.2363,-48.537,134.390,24.939,1,21
-0.7920,1.0737,0.2578,-84.268,125.122,-7.256,1,21
-0.8179,1.0391,0.2393,-82.927,126.098,-12.012,1,21
-0.8501,0.9971,0.2046,-80.854,127.317,-17.073,1,21
-0.8647,0.9478,0.1748,-79.146,128.902,-23.537,1,21
-0.8965,0.8921,0.1372,-77.561,130.427,-29.939,1,21
-0.9126,0.8560,0.0854,-75.549,131.463,-36.341,1,21
-0.9292,0.8228,0.0552,-74.390,133.232,-42.805,1,21
-0.9341,0.8018,-0.0015,-72.439,134.024,-49.085,1,21
-0.9302,0.7808,-0.0371,-70.854,134.695,-54.939,1,21
-0.9126,0.7720,-0.0713,-68.354,136.037,-60.549,1,21
-0.8931,0.7705,-0.1060,-65.793,136.829,-65.671,1,21
-0.8647,0.7754,-0.1421,-62.195,138.171,-70.427,1,21
-0.8369,0.7749,-0.1694,-58.841,139.878,-74.817,1,21
-0.8081,0.7837,-0.1968,-55.061,141.341,-79.634,1,21
-0.7827,0.7754,-0.2222,-51.402,143.110,-84.451,1,21
-0.7554,0.7749,-0.2412,-47.439,144.268,-89.329,1,21
-0.5879,0.6797,-0.3535,-17.866,153.049,-137.744,1,21
-0.5732,0.6670,-0.3608,-15.549,154.207,-142.805,1,21
-0.5562,0.6597,-0.3652,-13.110,155.976,-147.683,1,21
-0.5435,0.6597,-0.3804,-10.732,157.988,-152.500,1,21
-0.5220,0.6572,-0.3794,-9.085,160.061,-157.744,1,21
-0.5054,0.6572,-0.3901,-8.110,162.012,-162.683,1,21
-0.4863,0.6475,-0.3979,-6.890,164.146,-167.988,1,21
-0.4644,0.6426,-0.3960,-6.098,166.524,-173.110,1,21
-0.2944,0.6494,-0.3838,-14.512,188.476,-214.573,1,21
-0.2773,0.6411,-0.3770,-16.463,190.427,-218.171,1,21
-0.2598,0.6475,-0.3813,-18.537,193.110,-221.951,1,21
-0.2368,0.6504,-0.3853,-21.220,195.732,-225.427,1,21
-0.2305,0.6538,-0.3945,-24.451,198.171,-229.024,1,21
-0.2222,0.6475,-0.3999,-28.110,201.220,-232.927,1,21
-0.2017,0.6514,-0.4019,-31.829,204.573,-236.341,1,21
-0.1797,0.6538,-0.4106,-36.280,208.293,-239.878,1,21
0.9390,1.0137,-0.2373,130.732,313.354,-85.732,1,21
0.9429,0.9839,-0.2163,133.780,307.500,-85.610,1,21
0.9390,0.9512,-0.1963,136.402,301.463,-85.732,1,21
0.9360,0.9253,-0.1738,138.841,294.512,-86.037,1,21
0.9302,0.9058,-0.1538,141.768,287.988,-86.280,1,21
0.9253,0.8857,-0.1299,144.695,280.915,-86.585,1,21
0.9268,0.8638,-0.1055,147.866,273.963,-86.463,1,21
0.9214,0.8511,-0.1040,151.159,266.768,-86.402,1,21
0.9111,0.7095,-0.0044,172.439,208.476,-80.061,1,21
0.9150,0.6914,-0.0010,175.122,201.768,-78.902,1,21
0.9087,0.6670,-0.0039,176.890,195.793,-78.476,1,21
0.9048,0.6338,-0.0093,178.659,189.207,-78.415,1,21
0.8984,0.6284,-0.0093,181.524,183.476,-77.866,1,21
0.9009,0.5991,-0.0181,183.841,177.378,-78.049,1,21
0.8936,0.5767,-0.0278,186.220,171.220,-78.354,1,21
0.8936,0.5498,-0.0200,187.866,165.122,-79.573,1,21
1.1128,-0.8311,0.2104,117.744,-95.854,-2.195,2,21
1.1001,-0.8486,0.2026,114.756,-96.524,-2.561,2,21
1.0864,-0.8667,0.1929,111.768,-96.890,-2.988,2,21
1.0815,-0.8794,0.1929,109.146,-97.256,-3.293,2,21
1.0610,-0.8877,0.1816,105.793,-97.866,-3.780,2,21
1.0513,-0.8979,0.1772,102.744,-98.415,-4.512,2,21
1.0405,-0.9102,0.1611,98.537,-99.024,-4.756,2,21
1.0317,-0.9219,0.1582,94.695,-99.634,-5.305,2,21
0.8813,0.5308,-0.0098,188.720,159.268,-80.793,1,21
0.8647,0.5132,0.0029,189.085,153.598,-82.439,1,21
0.8584,0.4937,0.0161,189.146,148.049,-84.146,1,21
0.8506,0.4644,0.0132,187.988,142.500,-86.220,1,21
0.8413,0.4429,0.0273,186.646,137.073,-87.622,1,21
0.8379,0.4253,0.0181,185.061,131.280,-89.573,1,21
0.8237,0.4209,0.0352,182.500,125.793,-91.829,1,21
0.8228,0.4248,0.0444,178.598,121.098,-94.207,1,21
0.6699,0.5771,0.3032,104.878,94.146,-116.037,1,21
0.6582,0.5928,0.3560,96.829,92.378,-116.951,1,21
0.6396,0.6104,0.3989,90.000,91.280,-117.500,1,21
0.6201,0.6226,0.4409,83.659,89.878,-117.744,1,21
0.5918,0.6426,0.4956,79.085,88.598,-117.439,1,21
0.5845,0.6577,0.5352,75.488,87.744,-116.890,1,21
0.5552,0.6670,0.5723,73.354,86.890,-115.244,1,21
0.5430,0.6719,0.6011,74.085,85.915,-113.476,1,21
0.5449,0.8418,0.3213,155.061,56.829,-78.171,1,21
0.5386,0.8149,0.2446,163.476,51.768,-72.317,1,21
0.5405,0.7813,0.1953,170.305,47.439,-66.524,1,21
0.5366,0.7485,0.1499,175.671,43.293,-60.793,1,21
0.5273,0.7095,0.1147,179.695,40.976,-55.244,1,21
0.5293,0.6655,0.0938,181.707,39.268,-49.817,1,21
0.5386,0.6343,0.0361,182.256,39.085,-45.061,1,21
0.5674,0.5923,-0.1060,183.354,38.841,-40.427,1,21
0.7529,0.3145,-0.1675,66.951,38.841,5.976,1,21
0.7319,0.2354,-0.2124,60.305,34.085,3.415,1,21
0.7129,0.1509,-0.2383,53.049,29.085,0.732,1,21
0.6890,0.0674,-0.2808,46.220,24.085,-2.927,1,21
0.6646,-0.0093,-0.3164,39.146,19.512,-7.012,1,21
0.6426,-0.0845,-0.3481,32.073,15.915,-11.402,1,21
0.6304,-0.1548,-0.3760,24.451,12.866,-16.280,1,21
0.5918,-0.2085,-0.4019,16.951,11.463,-21.951,1,21
0.5781,-0.2461,-0.4199,8.049,11.037,-27.866,1,21
0.5576,-0.2886,-0.4409,-0.976,12.683,-34.085,1,21
0.5415,-0.3135,-0.4634,-9.695,14.329,-40.366,1,21
0.5264,-0.3359,-0.4780,-18.110,17.622,-46.829,1,21
0.5181,-0.3423,-0.4897,-26.037,21.646,-52.988,1,21
0.5142,-0.3506,-0.4771,-34.451,26.829,-59.146,1,21
0.5034,-0.3423,-0.4683,-42.683,32.439,-64.756,1,21
0.5083,-0.3516,-0.4565,-50.732,37.866,-69.817,1,21
0.8032,-0.3188,-0.6235,-93.415,66.402,-104.268,1,21
0.8169,-0.3652,-0.6899,-87.073,66.951,-106.402,1,21
0.8042,-0.3882,-0.6514,-67.927,68.232,-110.366,1,21
0.7817,-0.3384,-0.5332,-54.634,69.207,-116.768,1,21
0.8203,-0.2285,-0.4878,-70.000,66.707,-133.659,1,21
0.8384,-0.2119,-0.5444,-75.793,65.671,-139.573,1,21
0.8799,-0.2095,-0.6782,-84.634,63.963,-155.366,1,21
0.8696,-0.1982,-0.6602,-85.549,64.329,-165.122,1,21
0.8247,-0.2300,-0.5562,-111.646,91.037,-227.073,1,21
0.8242,-0.2017,-0.5488,-117.744,95.732,-231.524,1,21
0.8311,-0.1675,-0.5181,-124.207,100.610,-235.305,1,21
0.8232,-0.1484,-0.4946,-131.402,105.122,-238.902,1,21
0.8242,-0.1245,-0.4546,-138.720,109.451,-241.524,1,21
0.8218,-0.1006,-0.4053,-146.646,113.902,-243.720,1,21
0.8228,-0.0850,-0.3574,-154.146,118.354,-244.817,1,21
0.8291,-0.0864,-0.2993,-161.159,122.195,-244.817,1,21
0.9302,0.0757,0.0249,-23.476,50.732,20.671,1,21
0.9224,0.0508,0.0625,-26.768,44.939,12.134,1,21
0.9150,0.0391,0.0850,-31.890,40.366,3.232,1,21
0.8984,0.0415,0.1392,-38.720,37.134,-5.671,1,21
0.8848,0.0337,0.1611,-46.707,35.427,-13.415,1,21
0.8687,0.0347,0.2002,-55.488,34.695,-20.671,1,21
0.8496,0.0283,0.2158,-64.390,34.817,-26.585,1,21
0.8418,0.0264,0.2451,-72.256,35.915,-30.976,1,21
0.3521,-0.4624,-0.5386,-137.195,-62.927,-109.512,2,21
0.3481,-0.4541,-0.5342,-136.098,-62.317,-109.146,2,21
0.3418,-0.4424,-0.5376,-133.232,-61.159,-108.354,2,21
0.3311,-0.4312,-0.5391,-131.220,-60.061,-106.524,2,21
0.3179,-0.4297,-0.5391,-128.659,-58.171,-105.610,2,21
0.3174,-0.4233,-0.5454,-126.280,-56.707,-103.780,2,21
0.3086,-0.4199,-0.5376,-123.415,-54.634,-102.073,2,21
0.3008,-0.4233,-0.5317,-120.427,-52.500,-99.939,2,21
1.3115,0.0771,0.5703,-102.988,76.951,-28.659,1,21
1.4165,0.1182,0.6235,-100.732,78.598,-26.951,1,21
1.5293,0.1543,0.6860,-98.902,78.780,-24.390,1,21
1.6465,0.1992,0.7598,-96.951,76.707,-21.707,1,21
1.7422,0.2476,0.8345,-95.305,73.110,-18.293,1,21
1.8306,0.3008,0.9014,-94.024,66.707,-14.573,1,21
1.9189,0.3467,0.9839,-93.110,57.744,-10.366,1,21
1.9971,0.3867,1.0464,-92.317,47.256,-6.159,1,21
0.3008,-0.4248,-0.5254,-116.707,-49.085,-96.951,2,21
0.2935,-0.4321,-0.5244,-114.085,-46.890,-94.878,2,21
0.2905,-0.4375,-0.5269,-113.049,-45.671,-93.476,2,21
0.2998,-0.4526,-0.5249,-110.305,-42.927,-91.585,2,21
0.2915,-0.4600,-0.5195,-107.927,-39.878,-89.756,2,21
0.2944,-0.4761,-0.5278,-105.732,-36.707,-87.622,2,21
0.2925,-0.4927,-0.5220,-103.659,-33.293,-85.671,2,21
0.2847,-0.5132,-0.5273,-101.463,-30.610,-84.268,2,21
2.0605,0.4253,1.1196,-92.012,34.634,-1.646,1,21
2.1201,0.4570,1.1821,-91.585,20.671,2.866,1,21
2.1807,0.5015,1.2388,-92.012,5.976,7.683,1,21
2.2222,0.5415,1.2822,-94.207,-8.598,12.439,1,21
2.2827,0.5654,1.3130,-97.744,-22.317,16.707,1,21
2.3252,0.5908,1.3364,-103.110,-34.817,21.646,1,21
2.3931,0.6152,1.3589,-110.793,-45.793,27.378,1,21
2.4639,0.6357,1.3613,-120.549,-54.817,33.476,1,21
0.4897,-0.6060,-0.3936,-115.854,27.866,-51.646,2,21
0.5010,-0.5967,-0.3984,-116.646,30.427,-48.232,2,21
0.5005,-0.5791,-0.3926,-116.890,32.927,-45.305,2,21
0.5127,-0.5654,-0.3955,-117.256,35.854,-42.378,2,21
0.5078,-0.5557,-0.4004,-116.280,38.537,-39.390,2,21
0.5122,-0.5454,-0.3945,-114.207,41.280,-36.646,2,21
0.5117,-0.5264,-0.3804,-111.951,43.963,-34.390,2,21
0.5083,-0.5137,-0.3833,-109.024,46.098,-31.585,2,21
3.4429,2.3550,0.2163,-289.085,-217.622,97.927,1,21
3.3945,2.8076,0.0503,-262.744,-237.805,107.683,1,21
3.3672,2.9556,-0.0200,-251.829,-245.488,113.110,1,21
3.3159,3.2485,-0.1475,-230.305,-263.780,127.317,1,21
3.1787,3.6504,-0.2661,-203.659,-292.561,157.866,1,21
3.1216,3.7568,-0.2954,-195.610,-302.256,170.305,1,21
2.9731,3.8281,-0.3799,-179.573,-320.427,197.317,1,21
2.8140,3.7871,-0.4648,-161.707,-334.878,224.268,1,21
0.5063,-0.4863,-0.3687,-106.098,48.354,-29.085,2,21
0.5088,-0.4673,-0.3628,-102.744,50.549,-26.951,2,21
0.5161,-0.4458,-0.3613,-99.756,52.195,-24.817,2,21
0.5234,-0.4233,-0.3618,-96.829,54.146,-22.500,2,21
0.5234,-0.3945,-0.3623,-93.780,55.854,-19.817,2,21
0.5342,-0.3789,-0.3613,-90.000,57.561,-17.439,2,21
0.5552,-0.3647,-0.3726,-87.195,59.817,-14.146,2,21
0.5664,-0.3423,-0.3882,-83.902,61.280,-10.854,2,21
2.5454,3.5059,-0.4893,-134.939,-346.220,255.061,1,21
2.3730,3.2236,-0.5186,-121.707,-348.598,264.390,1,21
2.2285,2.9150,-0.5425,-111.768,-349.268,263.841,1,21
2.1362,2.6870,-0.5601,-102.378,-349.207,254.939,1,21
2.1089,2.5483,-0.5620,-89.268,-350.549,241.524,1,21
2.1035,2.5024,-0.5347,-76.037,-353.476,227.195,1,21
2.0991,2.5366,-0.4810,-65.122,-357.439,214.878,1,21
2.0859,2.5884,-0.4150,-57.805,-362.683,205.915,1,21
0.5879,-0.3257,-0.4072,-80.732,63.720,-7.744,2,21
0.6055,-0.3267,-0.4233,-78.293,65.610,-3.841,2,21
0.6196,-0.3223,-0.4312,-75.488,67.500,0.183,2,21
0.6475,-0.3296,-0.4521,-73.232,69.878,4.146,2,21
0.6606,-0.3315,-0.4658,-70.366,72.073,8.598,2,21
0.6753,-0.3433,-0.4683,-68.110,73.963,13.110,2,21
0.6841,-0.3574,-0.4761,-65.976,75.549,17.256,2,21
0.6909,-0.3696,-0.4863,-63.537,77.073,21.768,2,21
2.0659,2.6470,-0.3555,-51.402,-368.476,201.037,1,21
2.0229,2.6958,-0.2744,-44.878,-374.695,201.829,1,21
1.9634,2.7251,-0.1733,-37.378,-380.915,208.049,1,21
1.9092,2.7197,-0.0493,-29.573,-387.378,219.024,1,21
1.8633,2.7036,0.0664,-22.683,-393.171,234.268,1,21
1.8105,2.6436,0.2134,-16.707,-398.354,252.378,1,21
1.7817,2.5542,0.3628,-13.049,-402.500,272.317,1,21
1.7583,2.4399,0.5264,-10.549,-405.915,292.622,1,21
0.7021,-0.3965,-0.4844,-61.646,77.866,25.976,2,21
0.7031,-0.4097,-0.4727,-59.146,78.415,29.878,2,21
0.7012,-0.4263,-0.4663,-57.683,78.537,33.476,2,21
0.7095,-0.4297,-0.4526,-56.402,77.927,37.073,2,21
0.7061,-0.4434,-0.4385,-55.610,77.073,40.061,2,21
0.7070,-0.4492,-0.4224,-54.756,75.793,43.049,2,21
0.7090,-0.4517,-0.3989,-54.451,74.390,45.244,2,21
0.7061,-0.4487,-0.3833,-54.634,72.439,47.561,2,21
1.7285,2.2891,0.6670,-8.537,-409.634,312.561,1,21
1.7119,2.1279,0.8198,-7.500,-413.780,330.976,1,21
1.6743,1.9551,0.9692,-6.524,-419.756,347.073,1,21
1.6274,1.7754,1.1377,-5.610,-425.976,360.549,1,21
1.5786,1.5967,1.2915,-4.817,-433.841,370.854,1,21
1.5244,1.4185,1.4331,-3.598,-443.537,378.232,1,21
1.4834,1.2417,1.5752,-2.561,-454.085,383.354,1,21
1.4419,1.0972,1.7119,-1.768,-465.671,386.585,1,21
0.7148,-0.4443,-0.3721,-55.427,70.549,49.451,2,21
0.7114,-0.4409,-0.3594,-57.317,68.720,50.915,2,21
0.7231,-0.4331,-0.3511,-58.537,66.951,52.195,2,21
0.7256,-0.4155,-0.3325,-59.634,65.488,53.171,2,21
0.7393,-0.4063,-0.3257,-60.610,64.268,54.268,2,21
0.7456,-0.3892,-0.3140,-61.585,63.537,54.878,2,21
0.7720,-0.3691,-0.2998,-62.561,63.232,55.244,2,21
0.8018,-0.3496,-0.2876,-63.476,63.049,55.427,2,21
1.5083,-0.0752,0.2847,-110.610,49.024,63.354,2,21
1.5396,-0.0537,0.2988,-116.402,48.720,62.683,2,21
1.5742,-0.0439,0.3247,-122.622,48.415,62.317,2,21
1.5913,-0.0181,0.3438,-128.476,47.988,62.012,2,21
1.6216,0.0024,0.3691,-134.512,47.256,61.280,2,21
1.6421,0.0303,0.3901,-140.549,46.524,60.549,2,21
1.6553,0.0586,0.4160,-146.463,45.305,60.549,2,21
1.6660,0.0947,0.4375,-152.073,44.024,60.244,2,21
-0.3672,1.7935,2.1094,-48.537,-699.085,378.232,1,21
-0.4180,1.8872,2.0293,-45.610,-702.012,377.683,1,21
-0.4663,1.9727,1.9404,-42.561,-702.378,377.561,1,21
-0.5161,2.0376,1.8579,-38.598,-701.159,377.317,1,21
-0.5845,2.1362,1.7598,-30.976,-695.305,377.317,1,21
-0.6318,2.2046,1.6953,-24.878,-689.573,377.134,1,21
-0.6724,2.2495,1.6396,-18.293,-683.537,377.256,1,21
-0.7192,2.2842,1.6021,-10.732,-678.171,377.378,1,21
1.6738,0.1211,0.4556,-158.171,42.439,60.427,2,21
1.6670,0.1499,0.4702,-163.598,40.244,61.037,2,21
1.6758,0.1768,0.4819,-168.841,38.354,61.829,2,21
1.6597,0.2119,0.4985,-173.598,36.220,62.744,2,21
1.6475,0.2397,0.5049,-178.049,34.329,63.598,2,21
1.6367,0.2646,0.5059,-182.134,32.439,64.878,2,21
1.6226,0.2847,0.5039,-185.732,30.915,66.524,2,21
1.6021,0.3062,0.5068,-188.354,29.390,67.927,2,21
-0.7656,2.3179,1.5791,-2.927,-673.415,376.768,1,21
-0.8286,2.3345,1.5728,2.988,-670.549,375.854,1,21
-0.8892,2.3179,1.5654,8.720,-669.329,374.634,1,21
-0.9541,2.2974,1.5254,13.780,-670.671,373.720,1,21
-1.0156,2.2627,1.4868,17.988,-675.244,372.622,1,21
-1.0801,2.2119,1.4502,21.037,-681.890,371.280,1,21
-1.1563,2.1519,1.4014,21.890,-690.488,369.695,1,21
-1.2329,2.0913,1.3579,21.341,-699.573,367.988,1,21
-2.1660,1.3354,0.2676,-50.915,-438.293,376.341,1,21
-2.1475,1.2231,0.2803,-52.927,-417.683,373.476,1,21
-2.0708,1.1187,0.3584,-52.927,-408.415,367.988,1,21
-1.9922,1.0142,0.3789,-49.390,-404.146,360.183,1,21
-1.9277,0.9399,0.3687,-41.524,-401.646,349.756,1,21
-1.8389,0.9092,0.2290,-29.329,-399.512,336.829,1,21
-1.7437,0.9292,0.0508,-15.671,-395.549,323.110,1,21
-1.6162,1.0039,-0.1382,-4.390,-389.390,309.878,1,21
-1.0273,0.9600,-1.9219,8.841,-221.707,279.146,1,21
-0.9307,0.9404,-1.9507,19.695,-207.561,263.415,1,21
-0.8154,0.9575,-1.9902,27.988,-194.756,244.939,1,21
-0.6953,0.9873,-2.0010,32.927,-182.012,226.524,1,21
-0.5928,1.0332,-1.9819,33.780,-168.293,209.390,1,21
-0.5303,1.0640,-1.9316,32.012,-152.012,194.817,1,21
-0.5044,1.0737,-1.8403,28.354,-133.963,182.012,1,21
-0.5264,1.0747,-1.7549,25.061,-113.537,171.646,1,21
0.8594,0.3569,0.1860,-176.646,-15.000,82.378,2,21
0.8467,0.3501,0.1558,-179.878,-18.354,81.341,2,21
0.8228,0.3408,0.1274,-182.317,-21.220,80.366,2,21
0.7988,0.3354,0.0986,-184.024,-23.720,79.085,2,21
0.7837,0.3379,0.0820,-184.146,-25.732,78.415,2,21
0.7554,0.3384,0.0684,-182.927,-27.561,77.439,2,21
0.7310,0.3403,0.0615,-180.732,-29.207,76.402,2,21
0.7026,0.3501,0.0601,-178.171,-30.793,75.183,2,21
-0.5742,1.0757,-1.6816,22.866,-91.951,162.317,1,21
-0.6655,1.0908,-1.5854,21.098,-69.878,153.659,1,21
-0.7861,1.1079,-1.4839,18.659,-47.012,145.122,1,21
-0.9082,1.1333,-1.3848,15.671,-24.268,136.220,1,21
-1.0479,1.1533,-1.2729,13.110,-1.951,127.500,1,21
-1.1943,1.1724,-1.1538,9.756,20.671,118.902,1,21
-1.3184,1.1792,-1.0200,6.341,42.439,110.610,1,21
-1.4331,1.1758,-0.8848,3.354,62.622,102.744,1,21
-1.4873,1.0244,0.0728,-30.244,174.390,38.171,1,21
-1.4111,0.9795,0.1611,-34.451,179.329,34.268,1,21
-1.3301,0.9253,0.2334,-39.207,182.805,31.707,1,21
-1.2495,0.8755,0.3125,-43.415,186.280,29.390,1,21
-1.1812,0.8350,0.3896,-48.659,188.963,28.293,1,21
-1.1045,0.7925,0.4727,-55.122,191.646,27.439,1,21
-1.0391,0.7402,0.5488,-61.098,193.415,27.073,1,21
-0.9775,0.6865,0.6108,-67.256,194.451,27.195,1,21
-0.6660,0.2842,0.4087,-144.573,204.268,12.622,1,21
-0.6377,0.2603,0.3550,-149.878,204.634,8.841,1,21
-0.5977,0.2720,0.3203,-155.183,204.268,4.695,1,21
-0.5610,0.2744,0.2817,-158.963,203.780,0.061,1,21
-0.5352,0.3071,0.2603,-162.073,202.622,-4.268,1,21
-0.5063,0.3374,0.2305,-164.268,201.585,-8.902,1,21
-0.4697,0.3784,0.1958,-167.195,200.122,-13.598,1,21
-0.4414,0.4272,0.1641,-168.049,198.963,-17.866,1,21
0.1328,0.9761,-0.2598,67.317,291.646,-172.866,1,21
0.1421,0.9751,-0.2676,69.329,292.439,-175.244,1,21
0.1587,0.9990,-0.2856,72.256,293.659,-179.695,1,21
0.1685,1.0146,-0.2866,74.573,295.427,-184.146,1,21
0.1909,1.0381,-0.2925,75.549,297.866,-190.732,1,21
0.1987,1.0435,-0.3066,75.549,298.598,-192.927,1,21
0.2227,1.0698,-0.3267,74.268,302.012,-198.841,1,21
0.2334,1.0811,-0.3364,72.012,304.634,-201.707,1,21
0.9009,0.3364,0.0688,107.805,19.207,26.220,2,21
0.9077,0.3101,0.0737,110.854,19.695,27.500,2,21
0.9116,0.2871,0.0825,113.841,20.122,28.963,2,21
0.9126,0.2622,0.0835,116.707,20.610,30.854,2,21
0.9253,0.2383,0.0938,119.756,20.854,32.256,2,21
0.9287,0.2158,0.1006,121.707,20.854,34.085,2,21
0.9341,0.1948,0.1040,124.207,20.915,35.610,2,21
0.9502,0.1670,0.1138,125.732,20.549,36.951,2,21
0.2524,1.1050,-0.3555,69.329,307.256,-204.024,1,21
0.2700,1.1201,-0.3828,65.793,310.488,-205.793,1,21
0.2837,1.1567,-0.4136,62.195,313.659,-205.915,1,21
0.3018,1.2017,-0.4346,57.561,317.500,-204.817,1,21
0.3013,1.2109,-0.4751,52.439,321.829,-203.354,1,21
0.2988,1.2261,-0.4946,48.171,326.463,-202.927,1,21
0.2964,1.2173,-0.5054,44.390,331.159,-204.085,1,21
0.2930,1.2212,-0.5249,40.488,337.134,-206.646,1,21
0.9458,0.1538,0.1128,128.232,20.366,38.720,2,21
0.9536,0.1353,0.1177,129.390,19.451,40.000,2,21
0.9595,0.1250,0.1138,131.402,18.902,41.646,2,21
0.9658,0.1055,0.1182,132.622,18.598,43.598,2,21
0.9761,0.0957,0.1177,134.634,17.500,45.183,2,21
0.9780,0.0859,0.1177,135.732,16.768,47.012,2,21
0.9917,0.0684,0.1216,137.439,16.402,49.268,2,21
0.9941,0.0518,0.1240,138.780,15.549,51.829,2,21
0.2813,1.2295,-0.5479,35.976,343.780,-209.878,1,21
0.2705,1.2271,-0.5444,32.134,350.732,-212.988,1,21
0.2671,1.2402,-0.5342,28.049,357.195,-216.585,1,21
0.2593,1.2368,-0.5044,25.061,363.659,-220.488,1,21
0.2642,1.2637,-0.4712,22.439,367.866,-223.841,1,21
0.2725,1.2886,-0.4595,19.817,370.976,-227.439,1,21
0.2847,1.3120,-0.4307,17.134,373.354,-230.488,1,21
0.2944,1.3379,-0.4360,14.878,375.183,-233.293,1,21
0.9927,0.0356,0.1289,139.756,15.671,54.268,2,21
1.0015,0.0249,0.1270,141.402,15.061,56.707,2,21
1.0029,0.0078,0.1357,142.256,14.878,59.756,2,21
1.0034,-0.0088,0.1426,143.537,14.573,62.073,2,21
1.0063,-0.0352,0.1514,144.695,14.634,65.305,2,21
0.9990,-0.0508,0.1577,146.341,14.024,68.232,2,21
0.9971,-0.0796,0.1670,147.927,13.841,71.280,2,21
0.9897,-0.0972,0.1826,150.061,13.598,73.963,2,21
0.3120,1.3564,-0.4092,12.866,376.585,-235.488,1,21
0.3252,1.3975,-0.4082,11.402,377.012,-236.951,1,21
0.3354,1.4307,-0.3916,9.878,377.439,-237.622,1,21
0.3330,1.4653,-0.3862,7.256,378.293,-237.866,1,21
0.3438,1.4980,-0.3628,5.244,378.902,-237.378,1,21
0.3477,1.5327,-0.3569,2.866,379.756,-236.646,1,21
0.3477,1.5625,-0.3433,0.854,380.671,-235.122,1,21
0.3511,1.5859,-0.3271,-1.402,381.280,-233.415,1,21
1.0820,-0.8867,0.1724,106.646,-29.329,72.622,2,21
1.0850,-0.8887,0.1660,105.915,-29.817,71.646,2,21
1.0918,-0.9023,0.1709,104.634,-30.427,69.756,2,21
1.0898,-0.8960,0.1655,102.866,-31.159,68.049,2,21
1.0933,-0.9072,0.1577,101.463,-31.890,66.280,2,21
1.0991,-0.9028,0.1538,99.756,-32.378,64.512,2,21
1.0889,-0.9048,0.1499,98.293,-32.805,62.744,2,21
1.0903,-0.9004,0.1455,97.378,-33.293,60.610,2,21
0.9316,0.7456,-0.0186,128.537,270.122,-31.768,1,21
0.9355,0.7119,-0.0122,136.037,265.366,-31.159,1,21
0.9458,0.6807,-0.0132,143.110,261.159,-30.976,1,21
0.9570,0.6577,-0.0083,149.939,256.463,-31.098,1,21
0.9697,0.6211,-0.0044,156.037,251.829,-30.976,1,21
0.9756,0.5986,0.0142,161.646,247.683,-31.341,1,21
0.9829,0.5645,0.0215,165.732,242.927,-32.195,1,21
1.0005,0.5405,0.0376,169.817,238.171,-32.927,1,21
1.0854,-0.8892,0.1445,96.098,-34.390,57.805,2,21
1.0796,-0.8853,0.1270,94.390,-34.878,55.915,2,21
1.0889,-0.8779,0.1240,94.268,-35.122,54.878,2,21
1.0771,-0.8569,0.1118,92.622,-35.854,51.951,2,21
1.0776,-0.8506,0.1021,91.829,-35.854,49.817,2,21
1.0791,-0.8369,0.0972,90.854,-35.549,48.171,2,21
1.0801,-0.8257,0.0859,90.549,-35.183,46.585,2,21
1.0781,-0.8218,0.0811,90.427,-35.000,44.939,2,21
1.0039,0.5093,0.0391,173.049,233.293,-33.963,1,21
1.0166,0.4790,0.0361,175.976,228.049,-35.122,1,21
1.0361,0.4507,0.0244,179.085,222.805,-36.280,1,21
1.0410,0.4287,0.0215,182.073,217.195,-38.232,1,21
1.0591,0.4287,0.0142,184.573,211.220,-40.366,1,21
1.0635,0.4321,0.0034,186.037,205.854,-43.354,1,21
1.0747,0.4351,0.0073,185.976,200.427,-46.890,1,21
1.0737,0.4399,0.0054,185.305,195.305,-50.305,1,21
1.0806,-0.7852,-0.0088,97.256,-28.963,34.817,2,21
1.0693,-0.7808,-0.0112,98.232,-28.232,33.415,2,21
1.0635,-0.7930,-0.0361,99.451,-27.378,31.951,2,21
1.0654,-0.7886,-0.0449,100.488,-26.585,30.671,2,21
1.0591,-0.7871,-0.0757,100.915,-25.793,29.634,2,21
1.0547,-0.7905,-0.0879,102.012,-24.939,28.049,2,21
1.0542,-0.7930,-0.0938,102.683,-23.780,26.707,2,21
1.0591,-0.7910,-0.0972,103.598,-23.049,25.671,2,21
1.0347,0.7788,-0.0962,165.122,150.976,-82.439,1,21
1.0308,0.8203,-0.0933,161.463,147.988,-85.061,1,21
1.0205,0.8589,-0.0962,157.500,145.305,-87.256,1,21
1.0117,0.8936,-0.0981,154.512,142.134,-88.476,1,21
1.0034,0.9351,-0.0947,152.012,139.146,-90.183,1,21
0.9985,0.9634,-0.0806,149.024,135.976,-91.402,1,21
0.9941,1.0093,-0.0596,145.183,133.110,-92.561,1,21
0.9941,1.0332,-0.0391,141.829,130.732,-94.024,1,21
1.0547,-0.7930,-0.0977,104.634,-22.073,24.695,2,21
1.0552,-0.7974,-0.1084,105.549,-21.646,23.598,2,21
1.0557,-0.7964,-0.1182,106.220,-20.976,22.561,2,21
1.0547,-0.7988,-0.1255,107.134,-20.427,21.646,2,21
1.0596,-0.7910,-0.1333,107.866,-19.939,20.427,2,21
1.0537,-0.8027,-0.1357,108.171,-19.695,19.146,2,21
1.0659,-0.8003,-0.1484,108.476,-19.634,18.171,2,21
1.0688,-0.7969,-0.1563,108.598,-19.146,16.220,2,21
1.0703,-0.8037,-0.1694,108.963,-18.902,14.817,2,21
1.0796,-0.8027,-0.1719,108.598,-18.659,13.415,2,21
1.0889,-0.8047,-0.1792,109.573,-18.293,11.646,2,21
1.0933,-0.8110,-0.1807,109.878,-18.293,10.061,2,21
1.1050,-0.8047,-0.1885,110.122,-17.927,8.354,2,21
1.1094,-0.8076,-0.1929,110.366,-18.049,7.317,2,21
1.1191,-0.8071,-0.2002,110.183,-17.927,5.488,2,21
1.1182,-0.8062,-0.2095,110.305,-17.927,4.268,2,21
1.1230,-0.8169,-0.2148,110.000,-18.293,2.988,2,21
1.1240,-0.8130,-0.2236,109.878,-18.110,1.463,2,21
1.1284,-0.8062,-0.2261,109.573,-18.476,0.305,2,21
1.1357,-0.8008,-0.2383,109.329,-18.415,-0.915,2,21
1.1328,-0.8018,-0.2559,108.598,-18.720,-1.951,2,21
1.1362,-0.8057,-0.2593,107.317,-18.963,-2.927,2,21
1.1460,-0.8057,-0.2686,106.220,-18.354,-4.085,2,21
1.1382,-0.8203,-0.2769,105.427,-18.110,-4.878,2,21
1.1602,0.8237,0.3262,137.073,79.146,-53.110,1,21
1.1494,0.7734,0.3149,141.646,73.049,-49.146,1,21
1.1440,0.7402,0.2905,146.951,66.707,-45.366,1,21
1.1289,0.7129,0.2642,150.976,60.427,-42.439,1,21
1.1177,0.7075,0.2363,154.695,54.634,-40.122,1,21
1.0981,0.6992,0.2114,156.707,48.841,-38.049,1,21
1.0820,0.7061,0.1987,156.098,43.963,-36.037,1,21
1.0591,0.7051,0.1772,155.000,39.207,-33.963,1,21
1.1357,-0.8247,-0.2788,105.000,-17.866,-5.610,2,21
1.1348,-0.8369,-0.2896,104.451,-18.232,-6.037,2,21
1.1475,-0.8379,-0.2944,103.354,-18.598,-7.317,2,21
1.1504,-0.8525,-0.3145,102.012,-19.146,-8.476,2,21
1.1616,-0.8550,-0.3223,100.305,-20.000,-9.512,2,21
1.1680,-0.8657,-0.3389,98.049,-20.427,-10.732,2,21
1.1787,-0.8721,-0.3643,96.402,-20.488,-12.073,2,21
1.1943,-0.8799,-0.3682,94.329,-20.793,-12.988,2,21
1.0474,0.6899,0.1602,153.354,35.061,-31.646,1,21
1.0469,0.6714,0.1333,150.427,31.524,-28.902,1,21
1.0273,0.6631,0.1289,146.951,28.354,-26.159,1,21
1.0313,0.6538,0.1245,142.561,25.244,-22.866,1,21
1.0293,0.6440,0.1367,136.890,23.293,-19.512,1,21
1.0449,0.6274,0.1309,129.573,20.976,-16.220,1,21
1.0586,0.6411,0.1143,122.439,19.634,-12.134,1,21
1.0815,0.6563,0.1016,114.390,18.110,-7.988,1,21
1.1655,0.6655,-0.1099,43.110,-11.341,61.463,1,21
1.1299,0.6157,-0.1338,42.622,-14.024,62.256,1,21
1.1035,0.5747,-0.1558,41.829,-15.854,62.927,1,21
1.0645,0.5259,-0.1758,40.549,-17.195,63.415,1,21
1.0361,0.4878,-0.2031,39.207,-17.622,63.780,1,21
1.0073,0.4502,-0.2119,37.073,-17.500,63.780,1,21
0.9697,0.4194,-0.2285,35.427,-16.890,63.171,1,21
0.9404,0.3906,-0.2236,32.744,-16.463,62.561,1,21
0.9092,0.3667,-0.2388,30.305,-15.488,61.463,1,21
0.8853,0.3369,-0.2397,27.561,-14.756,59.878,1,21
0.8604,0.3086,-0.2397,25.732,-13.720,58.598,1,21
0.8345,0.2822,-0.2373,23.354,-12.744,56.707,1,21
0.8071,0.2461,-0.2358,20.671,-11.707,53.720,1,21
0.7930,0.2280,-0.2412,19.878,-11.524,52.927,1,21
0.7813,0.2100,-0.2441,17.866,-10.854,51.463,1,21
0.7676,0.1860,-0.2388,16.159,-10.732,49.451,1,21
0.7490,0.1572,-0.2432,14.146,-10.061,47.134,1,21
0.7461,0.1475,-0.2437,13.354,-10.122,46.524,1,21
0.7256,0.1206,-0.2334,11.159,-9.878,44.207,1,21
0.7139,0.1011,-0.2500,10.000,-9.939,42.805,1,21
0.7002,0.0864,-0.2378,8.598,-9.451,41.098,1,21
0.6963,0.0654,-0.2354,7.683,-9.329,39.756,1,21
0.6802,0.0522,-0.2339,6.220,-9.512,38.415,1,21
0.6714,0.0342,-0.2354,5.610,-9.085,36.768,1,21
0.5605,-0.0767,-0.3105,6.768,-3.476,14.207,1,21
0.5444,-0.0845,-0.3276,7.622,-1.585,10.915,1,21
0.5313,-0.0879,-0.3174,8.293,0.366,7.622,1,21
0.5195,-0.0928,-0.3389,9.878,2.256,4.573,1,21
0.5151,-0.1030,-0.3491,11.829,4.573,1.341,1,21
0.5044,-0.1079,-0.3579,13.415,6.402,-1.524,1,21
0.4932,-0.1167,-0.3604,15.488,8.963,-4.573,1,21
0.4834,-0.1172,-0.3638,16.951,11.037,-7.744,1,21
0.7964,-0.6260,-0.5737,20.061,-72.378,-57.439,2,21
0.7813,-0.6187,-0.5737,19.573,-72.134,-58.659,2,21
0.7744,-0.6108,-0.5708,18.415,-71.707,-59.878,2,21
0.7646,-0.6079,-0.5713,17.378,-70.793,-61.402,2,21
0.7529,-0.6060,-0.5586,16.280,-70.671,-62.683,2,21
0.7427,-0.6108,-0.5547,15.000,-70.000,-63.659,2,21
0.7339,-0.6074,-0.5391,14.085,-69.390,-64.634,2,21
0.7222,-0.6025,-0.5337,13.232,-69.024,-65.854,2,21
0.4707,-0.1196,-0.3726,18.841,13.537,-11.159,1,21
0.4619,-0.1187,-0.3760,20.671,15.854,-14.268,1,21
0.4541,-0.1226,-0.3774,22.256,18.171,-17.744,1,21
0.4443,-0.1226,-0.3701,23.841,20.366,-20.976,1,21
0.4326,-0.1206,-0.3662,25.915,22.500,-24.573,1,21
0.4316,-0.1182,-0.3550,27.012,24.634,-28.415,1,21
0.4126,-0.1182,-0.3457,28.780,26.463,-31.829,1,21
0.4009,-0.1157,-0.3496,30.244,28.293,-35.427,1,21
0.7051,-0.5913,-0.5205,12.012,-68.293,-66.951,2,21
0.7026,-0.5923,-0.5186,10.549,-67.988,-68.110,2,21
0.6943,-0.5747,-0.5137,8.659,-67.683,-69.207,2,21
0.6836,-0.5645,-0.5137,7.256,-67.256,-70.000,2,21
0.6782,-0.5518,-0.5117,5.366,-66.585,-71.280,2,21
0.6704,-0.5449,-0.5039,3.476,-66.524,-72.073,2,21
0.6626,-0.5303,-0.5107,1.707,-65.610,-73.049,2,21
0.6587,-0.5283,-0.4937,0.610,-64.817,-73.720,2,21
0.3921,-0.1250,-0.3442,31.768,29.817,-39.207,1,21
0.3838,-0.1162,-0.3403,33.415,31.768,-42.866,1,21
0.3809,-0.1152,-0.3232,35.183,33.415,-46.280,1,21
0.3667,-0.1240,-0.3174,36.524,35.061,-50.061,1,21
0.3613,-0.1235,-0.3076,37.866,36.768,-53.659,1,21
0.3501,-0.1221,-0.3081,39.390,38.049,-57.378,1,21
0.3408,-0.1392,-0.3013,40.793,39.878,-60.549,1,21
0.3340,-0.1450,-0.2998,41.951,41.220,-63.902,1,21
0.6543,-0.5156,-0.4980,-0.854,-63.902,-74.451,2,21
0.6543,-0.5015,-0.4854,-1.829,-63.049,-75.000,2,21
0.6465,-0.4927,-0.4976,-3.902,-62.195,-75.122,2,21
0.6543,-0.4814,-0.5049,-5.915,-61.341,-76.037,2,21
0.6509,-0.4692,-0.4985,-8.293,-60.061,-75.854,2,21
0.6519,-0.4663,-0.5166,-10.000,-59.085,-76.159,2,21
0.6548,-0.4653,-0.5220,-11.646,-57.866,-76.098,2,21
0.6533,-0.4595,-0.5225,-13.049,-56.707,-75.976,2,21
0.3315,-0.1523,-0.2979,43.293,42.805,-66.951,1,21
0.3291,-0.1572,-0.2925,44.573,44.451,-69.817,1,21
0.3276,-0.1641,-0.3066,45.915,46.463,-72.805,1,21
0.3267,-0.1694,-0.3042,47.012,48.354,-75.793,1,21
0.3193,-0.1689,-0.2993,47.927,50.549,-78.476,1,21
0.3120,-0.1680,-0.3022,48.537,52.500,-81.280,1,21
0.3062,-0.1733,-0.2949,48.476,55.061,-84.512,1,21
0.3101,-0.1748,-0.2979,48.780,57.256,-87.073,1,21
0.6509,-0.4580,-0.5303,-15.000,-54.573,-75.549,2,21
0.6484,-0.4590,-0.5259,-15.793,-53.902,-75.549,2,21
0.6465,-0.4678,-0.5317,-17.195,-52.378,-75.427,2,21
0.6406,-0.4707,-0.5210,-18.232,-50.793,-75.061,2,21
0.6309,-0.4717,-0.5156,-18.902,-49.207,-74.634,2,21
0.6279,-0.4727,-0.5000,-19.207,-47.683,-74.207,2,21
0.6196,-0.4736,-0.4971,-20.000,-46.951,-73.902,2,21
0.6128,-0.4805,-0.4868,-19.878,-45.549,-73.476,2,21
0.3047,-0.1704,-0.2939,48.659,59.390,-90.061,1,21
0.3027,-0.1660,-0.2993,48.293,61.341,-93.049,1,21
0.2974,-0.1655,-0.2798,47.744,63.354,-96.098,1,21
0.2861,-0.1572,-0.2651,46.585,65.244,-99.573,1,21
0.2793,-0.1470,-0.2456,44.573,66.707,-102.439,1,21
0.2788,-0.1367,-0.2275,42.317,67.988,-106.037,1,21
0.2720,-0.1221,-0.2173,39.817,69.390,-109.390,1,21
0.2549,-0.1050,-0.2109,38.476,70.488,-112.622,1,21
0.1299,0.1255,-0.1299,27.256,78.476,-140.732,1,21
0.1055,0.1455,-0.1152,26.951,80.244,-143.171,1,21
0.0845,0.1660,-0.1060,26.951,81.829,-145.000,1,21
0.0776,0.1880,-0.0806,27.439,83.780,-146.707,1,21
0.0610,0.1934,-0.0552,27.256,85.671,-148.537,1,21
0.0420,0.2017,-0.0283,27.622,87.256,-149.756,1,21
0.0278,0.2065,0.0029,26.951,88.659,-150.854,1,21
0.0098,0.2007,0.0293,26.220,90.183,-152.256,1,21
0.2349,0.1479,0.0024,-35.366,184.024,-158.415,1,21
0.3032,0.1807,0.0054,-51.341,198.171,-155.671,1,21
0.3818,0.2104,0.0269,-68.537,213.476,-152.500,1,21
0.4697,0.2495,0.0469,-87.195,229.085,-148.598,1,21
0.5815,0.2739,0.0752,-107.561,245.854,-144.207,1,21
0.7026,0.3130,0.1021,-130.366,263.293,-138.841,1,21
0.8711,0.3403,0.1377,-153.780,281.159,-132.744,1,21
1.0649,0.3599,0.1768,-177.805,299.695,-125.793,1,21
0.6626,-0.7788,-0.2549,-118.963,81.280,-15.976,2,21
0.6660,-0.7729,-0.2432,-117.927,80.549,-12.317,2,21
0.6685,-0.7651,-0.2373,-116.524,79.634,-8.232,2,21
0.6748,-0.7534,-0.2212,-115.061,78.110,-4.451,2,21
0.6748,-0.7329,-0.2085,-112.927,76.098,-0.732,2,21
0.6792,-0.7207,-0.2017,-110.488,74.390,2.622,2,21
0.6870,-0.7109,-0.1758,-108.049,72.256,6.220,2,21
0.6924,-0.6973,-0.1660,-105.610,69.939,9.451,2,21
3.8359,2.9575,1.2051,137.256,-425.427,90.915,1,21
3.6069,2.8184,1.2983,148.476,-452.012,110.427,1,21
3.3794,2.6860,1.4131,156.220,-475.976,131.463,1,21
3.1519,2.5542,1.5469,160.183,-496.951,152.866,1,21
2.9312,2.4321,1.6938,161.402,-516.280,174.329,1,21
2.7329,2.3052,1.8320,160.610,-534.451,195.061,1,21
2.5244,2.1807,1.9663,158.049,-552.561,215.183,1,21
2.3223,2.0635,2.0591,154.512,-571.280,233.841,1,21
0.6978,-0.6729,-0.1475,-102.622,68.171,12.927,2,21
0.7012,-0.6597,-0.1294,-100.183,66.280,16.037,2,21
0.7188,-0.6519,-0.1001,-97.927,64.695,18.841,2,21
0.7280,-0.6470,-0.0581,-95.549,62.988,21.829,2,21
0.7344,-0.6436,-0.0220,-93.110,61.646,24.390,2,21
0.7539,-0.6372,0.0293,-90.671,60.427,26.646,2,21
0.7710,-0.6411,0.0728,-88.780,59.268,28.659,2,21
0.7915,-0.6367,0.1118,-88.171,57.988,30.488,2,21
2.1245,1.9722,2.1509,150.549,-589.634,250.366,1,21
1.9395,1.8833,2.2031,146.037,-608.293,264.146,1,21
1.7524,1.8115,2.2227,141.402,-625.671,276.585,1,21
1.5898,1.7588,2.2241,136.829,-641.463,287.317,1,21
1.4355,1.7266,2.2158,130.732,-654.817,297.256,1,21
1.2930,1.7227,2.2207,123.232,-665.732,306.646,1,21
1.1655,1.7119,2.2168,114.573,-674.146,315.549,1,21
1.0425,1.7031,2.1885,105.610,-681.098,324.756,1,21
0.8174,-0.6465,0.1704,-87.927,57.012,31.280,2,21
0.8267,-0.6538,0.2124,-89.268,56.159,32.378,2,21
0.8564,-0.6675,0.2583,-90.671,55.244,33.110,2,21
0.8921,-0.6919,0.3047,-92.927,54.085,33.354,2,21
0.9258,-0.7100,0.3423,-95.061,52.866,34.268,2,21
0.9658,-0.7246,0.3867,-97.622,51.768,34.634,2,21
0.9971,-0.7324,0.4219,-101.159,50.183,35.305,2,21
1.0381,-0.7466,0.4478,-105.305,48.780,35.732,2,21
0.9473,1.7012,2.1396,99.878,-686.768,334.329,1,21
0.8594,1.7114,2.1030,95.854,-691.585,343.171,1,21
0.7847,1.7222,2.0820,94.268,-695.976,351.585,1,21
0.7173,1.7466,2.0757,93.232,-698.841,358.841,1,21
0.6611,1.7671,2.0835,92.805,-701.524,365.183,1,21
0.6128,1.7739,2.0835,93.232,-703.963,371.098,1,21
0.5825,1.7915,2.0947,95.671,-706.220,376.463,1,21
0.5586,1.8047,2.1235,99.329,-708.354,381.951,1,21
0.5664,1.8252,2.1724,103.354,-709.695,388.049,1,21
0.5854,1.8525,2.2456,107.622,-709.817,395.183,1,21
0.6260,1.8647,2.3237,111.585,-708.963,403.171,1,21
0.6753,1.8921,2.3911,116.890,-708.476,412.134,1,21
0.7046,1.9277,2.4722,121.951,-708.232,421.951,1,21
0.7212,1.9497,2.5313,126.220,-709.329,430.976,1,21
0.7114,1.9614,2.5850,130.610,-712.439,438.841,1,21
0.6821,1.9819,2.6304,134.451,-716.037,444.878,1,21
1.3989,-0.3481,0.7900,-205.976,25.915,60.671,2,21
1.4438,-0.2983,0.8081,-209.695,25.732,61.829,2,21
1.4844,-0.2534,0.8286,-212.866,26.159,63.110,2,21
1.5264,-0.1948,0.8325,-215.671,26.098,64.634,2,21
1.5635,-0.1577,0.8521,-218.476,26.220,66.098,2,21
1.6113,-0.1128,0.8638,-221.037,25.854,67.683,2,21
1.6445,-0.0796,0.8745,-223.293,25.671,69.268,2,21
1.6670,-0.0454,0.8818,-225.488,25.000,71.159,2,21
0.4009,2.1597,2.1689,148.659,-722.500,466.585,1,21
0.3755,2.1890,2.0757,145.183,-720.122,467.134,1,21
0.3364,2.2261,2.0024,140.976,-717.012,467.195,1,21
0.3135,2.2754,1.9277,136.829,-713.476,466.463,1,21
0.2764,2.3203,1.8657,133.049,-709.817,466.037,1,21
0.2290,2.3784,1.8135,129.573,-705.244,465.671,1,21
0.1865,2.4390,1.7671,126.280,-700.915,465.549,1,21
0.1343,2.4995,1.7329,122.622,-695.671,465.183,1,21
1.3086,-0.0947,0.6099,-219.634,21.037,99.085,2,21
1.2876,-0.0918,0.6094,-219.573,20.488,98.659,2,21
1.2700,-0.0923,0.5815,-219.451,19.085,98.049,2,21
1.2427,-0.0908,0.5547,-218.841,18.293,96.829,2,21
1.2129,-0.0962,0.5278,-218.780,17.744,95.793,2,21
1.2056,-0.1025,0.5103,-219.390,17.012,94.756,2,21
1.1914,-0.1089,0.4712,-219.390,16.341,93.415,2,21
1.1699,-0.1230,0.4395,-220.610,16.037,91.829,2,21
1.1523,-0.1401,0.4009,-222.683,15.549,89.695,2,21
1.1289,-0.1528,0.3662,-223.902,16.037,87.378,2,21
1.1260,-0.1567,0.3501,-225.061,16.037,86.707,2,21
1.1138,-0.1729,0.3242,-226.707,16.220,84.695,2,21
1.0967,-0.1885,0.2983,-228.354,16.159,82.500,2,21
1.0698,-0.2036,0.2471,-230.671,15.976,78.841,2,21
1.0571,-0.2104,0.2261,-232.500,15.549,76.280,2,21
1.0352,-0.2148,0.2026,-233.293,15.000,73.659,2,21
-0.1421,1.5474,-0.6050,81.159,-350.671,304.634,1,21
-0.1460,1.4648,-0.6523,88.354,-331.159,303.963,1,21
-0.1987,1.3589,-0.7197,92.622,-309.939,302.866,1,21
-0.2622,1.2500,-0.7842,94.878,-288.841,300.610,1,21
-0.3701,1.1655,-0.8442,94.817,-266.951,295.976,1,21
-0.4805,1.0938,-0.9146,92.012,-245.244,288.598,1,21
-0.6167,1.0347,-0.9766,86.768,-224.573,278.415,1,21
-0.7275,0.9961,-1.0229,81.280,-204.878,265.854,1,21
1.0195,-0.2075,0.1655,-234.268,13.963,70.976,2,21
0.9956,-0.1987,0.1553,-235.244,12.927,68.598,2,21
0.9824,-0.1875,0.1250,-236.402,11.768,65.976,2,21
0.9473,-0.1802,0.1064,-237.134,10.366,63.293,2,21
0.9385,-0.1719,0.0854,-237.683,8.841,60.854,2,21
0.9126,-0.1519,0.0747,-237.988,7.988,58.293,2,21
0.9014,-0.1372,0.0576,-238.171,6.890,55.244,2,21
0.8838,-0.1108,0.0342,-238.232,6.585,52.988,2,21
-0.8228,0.9873,-1.0498,74.512,-186.098,251.707,1,21
-0.8901,1.0073,-1.0537,70.122,-167.988,237.195,1,21
-0.9277,1.0698,-1.0498,66.585,-151.220,223.476,1,21
-0.9424,1.1636,-1.0151,66.220,-135.122,211.890,1,21
-0.9282,1.2852,-0.9741,68.232,-120.732,201.768,1,21
-0.9092,1.4253,-0.8999,72.073,-107.500,193.963,1,21
-0.8813,1.5620,-0.8296,77.012,-94.939,187.744,1,21
-0.8569,1.6851,-0.7529,82.500,-82.561,183.537,1,21
0.8589,0.3955,0.0220,-174.146,6.829,15.610,2,21
0.8579,0.4238,0.0132,-167.134,6.768,15.061,2,21
0.8530,0.4438,0.0161,-160.122,6.463,14.512,2,21
0.8452,0.4551,0.0029,-152.866,6.585,14.329,2,21
0.8389,0.4780,-0.0103,-145.549,6.524,13.902,2,21
0.8335,0.4980,-0.0132,-138.049,6.585,13.659,2,21
0.8350,0.5107,-0.0205,-130.366,6.890,13.354,2,21
0.8149,0.5244,-0.0298,-122.683,7.317,12.927,2,21
-1.4307,1.0542,0.5942,129.695,120.488,105.671,1,21
-1.4121,1.0352,0.5986,125.915,123.354,101.890,1,21
-1.3750,0.9971,0.5947,118.598,128.598,94.878,1,21
-1.3311,0.9609,0.5854,110.366,132.195,87.927,1,21
-1.2642,0.9277,0.5557,96.951,135.793,77.744,1,21
-1.2412,0.9155,0.5522,92.439,136.890,74.451,1,21
-1.2124,0.8975,0.5322,82.988,138.537,67.683,1,21
-1.1626,0.8569,0.4839,69.756,141.098,57.561,1,21
-1.1411,0.8354,0.4458,61.341,142.622,51.159,1,21
-1.1128,0.8140,0.3931,53.780,143.963,44.573,1,21
-1.0938,0.7930,0.3477,46.463,145.427,38.720,1,21
-1.0674,0.7710,0.3125,39.329,146.463,32.744,1,21
-1.0444,0.7524,0.2632,32.500,147.805,27.073,1,21
-1.0356,0.7339,0.2227,25.732,148.659,21.951,1,21
-1.0137,0.7148,0.1772,19.329,149.329,17.195,1,21
-1.0010,0.6963,0.1382,13.598,149.512,12.317,1,21
-0.9072,0.6567,-0.1997,4.085,155.183,-31.524,1,21
-0.9053,0.6499,-0.2114,5.854,156.829,-36.707,1,21
-0.8975,0.6479,-0.2236,8.537,158.963,-42.073,1,21
-0.8833,0.6450,-0.2280,10.305,161.280,-47.683,1,21
-0.8633,0.6309,-0.2388,12.195,163.902,-53.354,1,21
-0.8521,0.6191,-0.2485,13.049,166.707,-59.085,1,21
-0.8398,0.5996,-0.2559,14.146,169.573,-64.939,1,21
-0.8110,0.5781,-0.2729,15.732,172.195,-70.732,1,21
0.8872,0.6055,-0.0669,41.951,25.671,7.012,2,21
0.8887,0.5996,-0.0601,46.159,25.732,6.829,2,21
0.8872,0.5879,-0.0547,49.878,25.671,6.585,2,21
0.8848,0.5684,-0.0557,53.780,25.854,6.707,2,21
0.8823,0.5649,-0.0454,56.646,25.976,6.402,2,21
0.8906,0.5537,-0.0361,60.610,26.220,6.402,2,21
0.8945,0.5381,-0.0322,63.354,26.402,6.341,2,21
0.9043,0.5313,-0.0273,66.707,26.585,5.854,2,21
-0.8003,0.5605,-0.2656,17.622,174.268,-76.524,1,21
-0.7764,0.5391,-0.2686,18.902,176.829,-82.744,1,21
-0.7554,0.5283,-0.2593,19.939,179.024,-89.329,1,21
-0.7295,0.5259,-0.2598,19.146,181.037,-96.341,1,21
-0.7075,0.5254,-0.2651,18.659,183.476,-102.866,1,21
-0.6777,0.5239,-0.2749,17.012,185.610,-108.537,1,21
-0.6567,0.5298,-0.2842,15.488,188.110,-114.207,1,21
-0.6357,0.5332,-0.3037,14.390,190.366,-119.329,1,21
1.1245,0.2778,0.1021,72.561,25.305,17.805,2,21
1.1230,0.2549,0.1064,72.744,24.268,19.268,2,21
1.1064,0.2446,0.1123,73.354,23.293,20.366,2,21
1.1094,0.2295,0.1113,73.902,22.317,21.646,2,21
1.1025,0.2222,0.1211,75.000,21.341,22.439,2,21
1.1035,0.2134,0.1318,76.585,20.671,23.841,2,21
1.0967,0.2031,0.1392,78.720,19.451,24.695,2,21
1.1006,0.2021,0.1548,81.341,18.537,25.610,2,21
-0.3296,0.6714,-0.4082,-1.280,221.707,-189.939,1,21
-0.3228,0.6694,-0.4004,-0.732,224.451,-192.500,1,21
-0.3174,0.6602,-0.4121,-1.098,227.805,-194.756,1,21
-0.2993,0.6553,-0.4141,-0.976,231.037,-197.744,1,21
-0.2979,0.6489,-0.4214,-0.244,233.963,-200.488,1,21
-0.2837,0.6528,-0.4170,0.671,237.378,-203.841,1,21
-0.2666,0.6504,-0.4136,2.256,240.610,-207.012,1,21
-0.2544,0.6514,-0.4219,4.024,243.841,-211.159,1,21
-0.2183,0.6538,-0.4414,7.256,249.146,-217.012,1,21
-0.2046,0.6567,-0.4409,8.476,250.976,-219.085,1,21
-0.1743,0.6650,-0.4595,11.585,254.451,-223.598,1,21
-0.1450,0.6714,-0.4810,15.488,257.683,-227.683,1,21
-0.0835,0.7021,-0.5112,21.646,262.927,-234.878,1,21
-0.0454,0.7246,-0.5278,25.488,266.829,-240.000,1,21
-0.0127,0.7461,-0.5493,29.207,271.402,-245.061,1,21
0.0200,0.7681,-0.5664,33.232,275.305,-250.427,1,21
0.1470,0.9722,-0.7148,38.720,309.085,-294.695,1,21
0.1333,0.9761,-0.7305,37.256,313.537,-299.695,1,21
0.1260,0.9937,-0.7427,36.037,317.561,-304.268,1,21
0.1167,1.0156,-0.7495,35.305,320.976,-309.451,1,21
0.1343,1.0483,-0.7627,34.329,325.244,-314.756,1,21
0.1055,1.0698,-0.7788,31.768,330.854,-320.183,1,21
0.0674,1.0923,-0.7642,30.244,334.939,-324.512,1,21
0.0615,1.1177,-0.7417,29.207,335.732,-328.232,1,21
1.1479,-0.4819,0.3037,188.841,-13.476,54.085,2,21
1.1406,-0.5200,0.3018,190.488,-15.610,54.024,2,21
1.1416,-0.5405,0.3096,192.134,-17.927,53.598,2,21
1.1304,-0.5767,0.3105,192.866,-20.183,53.293,2,21
1.1216,-0.6021,0.3003,193.598,-22.439,52.805,2,21
1.1079,-0.6343,0.3091,193.598,-24.878,52.012,2,21
1.1055,-0.6670,0.3188,193.476,-27.500,51.463,2,21
1.0811,-0.6929,0.3130,192.805,-29.634,50.427,2,21
0.2134,1.4834,-0.6553,11.037,343.841,-346.280,1,21
0.2178,1.5195,-0.6289,5.976,344.939,-346.280,1,21
0.2295,1.5596,-0.6113,1.098,345.671,-345.732,1,21
0.2319,1.5942,-0.5933,-4.329,346.463,-344.329,1,21
0.2544,1.6333,-0.5684,-10.488,347.439,-342.439,1,21
0.2671,1.6660,-0.5396,-16.159,348.476,-339.878,1,21
0.2725,1.7041,-0.5142,-23.232,349.390,-336.951,1,21
0.2759,1.7246,-0.4717,-29.817,350.366,-333.598,1,21
0.2896,1.7632,-0.4536,-35.854,351.463,-329.817,1,21
0.3022,1.7900,-0.4390,-42.500,352.439,-325.549,1,21
0.3184,1.8188,-0.4087,-48.720,353.476,-320.671,1,21
0.3330,1.8354,-0.3750,-54.817,354.634,-315.793,1,21
0.3516,1.8608,-0.3540,-60.610,355.061,-310.183,1,21
0.3740,1.8799,-0.3511,-66.037,355.732,-304.024,1,21
0.3931,1.8936,-0.3364,-72.256,355.366,-297.500,1,21
0.4160,1.8999,-0.3247,-78.171,355.183,-290.671,1,21
0.5859,1.9038,-0.2930,-108.720,355.610,-222.988,1,21
0.6055,1.9033,-0.2842,-107.622,356.463,-215.061,1,21
0.6147,1.8916,-0.2524,-105.244,357.012,-207.012,1,21
0.6377,1.8823,-0.2432,-102.195,357.744,-198.720,1,21
0.6558,1.8789,-0.2114,-98.110,358.720,-190.488,1,21
0.6733,1.8726,-0.1831,-92.927,359.390,-181.707,1,21
0.6909,1.8594,-0.1646,-87.561,359.634,-172.927,1,21
0.7153,1.8384,-0.1333,-81.768,359.329,-164.085,1,21
1.1201,0.6509,-0.1655,73.841,203.902,-22.073,1,21
1.1133,0.6328,-0.1958,77.378,195.732,-22.500,1,21
1.1035,0.6201,-0.2212,80.427,187.744,-23.293,1,21
1.0933,0.6099,-0.2363,84.146,180.671,-23.537,1,21
1.0811,0.6147,-0.2607,87.683,174.207,-23.963,1,21
1.0776,0.6118,-0.2725,92.317,168.049,-24.024,1,21
1.0688,0.6108,-0.2959,98.110,162.073,-23.841,1,21
1.0649,0.6206,-0.2954,104.268,156.768,-23.598,1,21
1.0610,0.6240,-0.2983,111.159,151.280,-22.378,1,21
1.0649,0.6328,-0.2993,119.024,145.976,-21.402,1,21
1.0625,0.6289,-0.3193,127.744,140.366,-19.939,1,21
1.0688,0.6333,-0.3203,137.195,134.329,-19.024,1,21
1.0693,0.6396,-0.3174,147.134,127.561,-17.500,1,21
1.0757,0.6406,-0.3252,155.854,120.976,-16.402,1,21
1.0693,0.6377,-0.3164,164.329,113.841,-15.244,1,21
1.0684,0.6343,-0.3130,172.317,106.220,-14.329,1,21
0.8711,-0.5137,0.2500,133.354,-60.305,42.683,2,21
0.8691,-0.5229,0.2534,132.866,-60.671,43.720,2,21
0.8608,-0.5288,0.2612,132.378,-60.976,44.573,2,21
0.8628,-0.5479,0.2563,131.646,-61.280,45.793,2,21
0.8633,-0.5562,0.2729,131.646,-61.341,46.524,2,21
0.8540,-0.5693,0.2695,131.341,-61.951,47.195,2,21
0.8511,-0.5815,0.2705,130.854,-62.256,47.866,2,21
0.8384,-0.5986,0.2813,130.549,-62.744,48.476,2,21
1.0684,0.6250,-0.3105,179.756,98.841,-13.598,1,21
1.0664,0.6143,-0.3208,187.744,91.280,-12.805,1,21
1.0591,0.6099,-0.3228,195.244,83.902,-12.500,1,21
1.0449,0.6143,-0.3135,202.500,77.195,-12.256,1,21
1.0332,0.6206,-0.3115,209.146,71.341,-11.463,1,21
1.0264,0.6187,-0.3164,214.695,65.488,-11.585,1,21
1.0127,0.6289,-0.3140,220.610,60.183,-11.951,1,21
1.0020,0.6289,-0.3091,225.732,55.183,-12.073,1,21
0.7183,0.3540,-0.0488,239.024,-23.415,-47.378,1,21
0.7075,0.3989,-0.0718,236.585,-24.512,-48.232,1,21
0.6948,0.4487,-0.0972,233.476,-24.939,-48.049,1,21
0.6831,0.5044,-0.1152,228.720,-25.366,-47.439,1,21
0.6729,0.5493,-0.1543,222.927,-25.366,-45.610,1,21
0.6592,0.5918,-0.1753,216.402,-25.000,-43.171,1,21
0.6450,0.6230,-0.1929,209.451,-24.573,-40.244,1,21
0.6201,0.6475,-0.2178,201.829,-23.720,-36.768,1,21
0.6919,0.5425,-0.4277,120.793,8.963,-0.610,1,21
0.7095,0.5190,-0.4536,109.878,15.793,2.439,1,21
0.7344,0.4932,-0.4697,99.024,22.317,4.695,1,21
0.7495,0.4722,-0.4844,87.317,28.476,6.829,1,21
0.7700,0.4565,-0.5020,76.585,34.146,8.049,1,21
0.7813,0.4375,-0.5073,65.793,39.634,9.268,1,21
0.7964,0.4258,-0.5142,54.939,44.085,9.939,1,21
0.8042,0.4146,-0.5127,44.573,47.561,10.488,1,21
0.9702,-0.9492,-0.2129,49.512,-27.439,17.317,2,21
0.9956,-0.9424,-0.2412,52.195,-25.244,16.280,2,21
1.0122,-0.9409,-0.2568,55.305,-23.171,15.549,2,21
1.0239,-0.9395,-0.2734,59.573,-20.610,14.512,2,21
1.0444,-0.9482,-0.2837,63.780,-18.049,13.902,2,21
1.0649,-0.9551,-0.3120,67.744,-15.244,13.171,2,21
1.0845,-0.9766,-0.3330,71.280,-12.988,12.073,2,21
1.1035,-0.9951,-0.3633,74.390,-10.854,11.280,2,21
0.7222,0.3579,-0.4775,-20.122,56.280,11.098,1,21
0.7144,0.3477,-0.4722,-25.183,56.890,10.488,1,21
0.6973,0.3252,-0.4668,-29.756,57.744,9.451,1,21
0.6821,0.3047,-0.4644,-33.902,58.537,8.537,1,21
0.6655,0.2881,-0.4565,-37.683,60.183,6.707,1,21
0.6519,0.2720,-0.4414,-41.463,61.220,5.122,1,21
0.6416,0.2515,-0.4385,-44.573,62.744,2.866,1,21
0.6255,0.2202,-0.4336,-47.134,64.512,0.183,1,21
1.1367,-1.1353,-0.4536,96.829,-4.878,-1.098,2,21
1.1514,-1.1299,-0.4688,97.500,-4.756,-3.354,2,21
1.1724,-1.1230,-0.4839,97.622,-4.451,-5.427,2,21
1.1924,-1.1055,-0.4990,97.439,-4.085,-7.439,2,21
1.2280,-1.0889,-0.5190,97.012,-3.902,-9.146,2,21
1.2627,-1.0718,-0.5239,96.280,-3.902,-10.488,2,21
1.3062,-1.0562,-0.5410,94.756,-4.329,-11.768,2,21
1.3545,-1.0332,-0.5566,92.988,-5.000,-12.317,2,21
1.6235,-0.9434,-0.6992,75.854,-22.805,-8.354,2,21
1.6406,-0.9541,-0.7153,73.537,-25.061,-7.378,2,21
1.6470,-0.9575,-0.7393,71.829,-27.439,-6.159,2,21
1.6367,-0.9653,-0.7627,69.939,-29.756,-5.549,2,21
1.6226,-0.9707,-0.7637,67.561,-32.317,-4.451,2,21
1.6016,-0.9839,-0.7842,65.366,-34.573,-3.537,2,21
1.5923,-1.0015,-0.8081,62.805,-37.439,-2.134,2,21
1.5503,-1.0161,-0.8154,60.183,-40.061,-1.585,2,21
0.5298,0.0029,-0.3101,-48.902,96.951,-59.817,1,21
0.5303,-0.0117,-0.3398,-44.634,97.378,-64.085,1,21
0.5264,-0.0195,-0.3828,-38.476,97.561,-68.171,1,21
0.5254,-0.0210,-0.3979,-32.683,97.317,-72.561,1,21
0.5239,-0.0146,-0.4224,-27.805,97.683,-77.683,1,21
0.5229,-0.0166,-0.4448,-23.537,97.500,-82.622,1,21
0.5093,-0.0142,-0.4868,-18.902,97.500,-88.232,1,21
0.5034,-0.0073,-0.5049,-13.780,97.195,-93.598,1,21
0.3887,0.0581,-0.6655,30.000,86.402,-137.622,1,21
0.3833,0.0571,-0.6851,34.390,84.634,-141.341,1,21
0.3691,0.0562,-0.7104,38.963,83.110,-145.061,1,21
0.3589,0.0640,-0.7427,42.805,81.341,-148.780,1,21
0.3491,0.0679,-0.7495,46.402,80.244,-151.768,1,21
0.3413,0.0732,-0.7627,48.354,79.695,-155.061,1,21
0.3330,0.0688,-0.7480,49.634,79.817,-157.622,1,21
0.3286,0.0664,-0.7329,50.610,79.573,-160.366,1,21
0.3159,0.0620,-0.7129,51.159,80.488,-162.561,1,21
0.3193,0.0552,-0.6958,51.341,80.915,-164.695,1,21
0.3105,0.0508,-0.6733,51.646,81.707,-165.976,1,21
0.3101,0.0400,-0.6558,51.280,82.256,-167.378,1,21
0.3066,0.0376,-0.6294,51.159,82.683,-168.537,1,21
0.3115,0.0396,-0.6104,50.610,82.988,-169.268,1,21
0.3135,0.0322,-0.5732,49.451,83.232,-170.122,1,21
0.3120,0.0259,-0.5674,47.988,83.415,-171.159,1,21
0.3311,0.1045,-0.3130,58.476,84.634,-178.659,1,21
0.3491,0.1440,-0.2910,62.378,84.756,-179.207,1,21
0.3403,0.1948,-0.2510,65.976,84.512,-179.817,1,21
0.3623,0.2471,-0.2075,69.268,84.634,-179.390,1,21
0.3716,0.2954,-0.1826,72.683,85.122,-178.476,1,21
0.3770,0.3364,-0.1606,76.463,84.817,-176.585,1,21
0.3843,0.3794,-0.1304,80.976,84.695,-174.085,1,21
0.3916,0.4268,-0.1060,84.939,83.902,-171.037,1,21
0.5366,-0.7344,-0.2412,-50.183,-118.963,-82.195,2,21
0.5229,-0.7319,-0.2485,-52.622,-118.598,-82.988,2,21
0.5146,-0.7261,-0.2373,-54.939,-118.171,-83.537,2,21
0.4971,-0.7222,-0.2397,-57.134,-117.805,-84.146,2,21
0.4844,-0.7188,-0.2324,-58.902,-117.134,-84.756,2,21
0.4717,-0.7178,-0.2280,-61.159,-116.768,-85.183,2,21
0.4526,-0.7173,-0.2319,-63.110,-116.524,-85.488,2,21
0.4409,-0.7090,-0.2363,-65.122,-115.976,-86.037,2,21
0.6250,0.6069,-0.0088,88.780,84.207,-139.268,1,21
0.6572,0.6064,-0.0234,85.854,84.451,-137.927,1,21
0.6821,0.6060,-0.0352,82.439,84.390,-137.256,1,21
0.7124,0.6045,-0.0439,78.841,84.390,-136.829,1,21
0.7383,0.6104,-0.0464,75.000,84.329,-137.317,1,21
0.7710,0.6177,-0.0391,70.427,84.695,-137.927,1,21
0.8062,0.6392,-0.0278,65.976,85.305,-138.415,1,21
0.8271,0.6650,-0.0176,60.488,85.915,-139.451,1,21
0.4194,-0.7085,-0.2329,-67.073,-115.671,-85.854,2,21
0.4043,-0.7065,-0.2441,-68.963,-115.244,-86.463,2,21
0.3872,-0.7002,-0.2344,-70.427,-115.000,-86.707,2,21
0.3647,-0.6836,-0.2422,-71.585,-113.963,-86.890,2,21
0.3467,-0.6797,-0.2402,-72.439,-113.598,-87.439,2,21
0.3228,-0.6714,-0.2310,-73.293,-112.683,-87.439,2,21
0.3071,-0.6597,-0.2358,-74.329,-112.378,-87.683,2,21
0.2935,-0.6421,-0.2334,-74.939,-111.768,-87.927,2,21
0.8584,0.6899,0.0088,55.244,87.256,-140.427,1,21
0.8818,0.7236,0.0269,50.305,88.171,-141.220,1,21
0.9141,0.7598,0.0449,45.061,89.268,-141.585,1,21
0.9331,0.7944,0.0830,39.939,90.366,-142.073,1,21
0.9604,0.8389,0.1289,34.512,91.159,-141.585,1,21
0.9819,0.8872,0.1733,28.537,92.134,-141.159,1,21
1.0112,0.9326,0.2192,22.317,92.988,-139.756,1,21
1.0342,0.9604,0.2754,15.671,93.659,-137.805,1,21
0.2739,-0.6357,-0.2354,-75.732,-110.793,-87.744,2,21
0.2524,-0.6187,-0.2373,-76.098,-109.939,-87.988,2,21
0.2427,-0.6108,-0.2422,-76.646,-108.780,-88.232,2,21
0.2275,-0.6064,-0.2476,-77.500,-107.683,-88.232,2,21
0.2090,-0.5977,-0.2524,-77.927,-106.098,-87.988,2,21
0.2007,-0.5913,-0.2520,-78.232,-104.207,-88.171,2,21
0.1802,-0.5869,-0.2632,-77.927,-102.500,-87.866,2,21
0.1709,-0.5884,-0.2656,-77.988,-100.427,-87.683,2,21
1.0679,0.9990,0.3320,9.451,94.634,-134.878,1,21
1.1040,1.0313,0.3804,4.024,95.366,-131.098,1,21
1.1431,1.0605,0.4336,-0.854,96.341,-126.524,1,21
1.1846,1.0864,0.4819,-5.427,97.073,-121.098,1,21
1.2285,1.1099,0.5249,-9.634,97.500,-115.427,1,21
1.2754,1.1216,0.5664,-13.963,97.256,-108.902,1,21
1.3237,1.1367,0.6167,-18.171,97.439,-102.378,1,21
1.3691,1.1299,0.6675,-21.890,96.768,-95.244,1,21
0.1519,-0.5815,-0.2681,-77.622,-98.476,-87.134,2,21
0.1328,-0.5840,-0.2744,-77.500,-97.012,-86.951,2,21
0.1216,-0.5835,-0.2827,-76.463,-95.000,-86.037,2,21
0.0957,-0.5864,-0.2832,-75.793,-93.293,-85.610,2,21
0.0728,-0.5972,-0.2920,-74.329,-91.829,-84.756,2,21
0.0562,-0.5996,-0.3037,-73.049,-89.939,-83.841,2,21
0.0308,-0.6060,-0.3042,-71.768,-88.049,-82.866,2,21
0.0044,-0.6123,-0.2979,-70.122,-86.159,-81.768,2,21
1.4097,1.1353,0.7266,-25.244,95.793,-88.049,1,21
1.4556,1.1182,0.7861,-28.232,93.598,-81.037,1,21
1.5093,1.1016,0.8213,-30.854,91.280,-74.085,1,21
1.5537,1.0728,0.8608,-32.805,87.561,-67.500,1,21
1.6040,1.0435,0.8906,-34.634,83.293,-60.549,1,21
1.6528,0.9976,0.9194,-37.134,78.537,-53.963,1,21
1.6899,0.9556,0.9380,-39.146,72.622,-47.317,1,21
1.7378,0.9146,0.9502,-41.890,67.317,-40.854,1,21
-0.0088,-0.6191,-0.3115,-68.780,-83.780,-80.366,2,21
-0.0405,-0.6333,-0.3281,-67.378,-81.280,-79.085,2,21
-0.0767,-0.6416,-0.3262,-65.854,-78.841,-77.622,2,21
-0.0928,-0.6484,-0.3403,-64.451,-75.671,-75.915,2,21
-0.1245,-0.6626,-0.3491,-63.232,-72.317,-74.634,2,21
-0.1436,-0.6782,-0.3555,-61.829,-68.476,-72.744,2,21
-0.1694,-0.6890,-0.3687,-60.305,-64.207,-71.402,2,21
-0.2012,-0.6992,-0.3711,-58.171,-59.512,-69.573,2,21
1.7773,0.8525,0.9565,-45.061,61.341,-34.390,1,21
1.8218,0.8052,0.9565,-47.988,55.732,-28.476,1,21
1.8525,0.7637,0.9688,-51.890,50.732,-23.659,1,21
1.8804,0.7168,0.9731,-56.829,45.854,-18.232,1,21
1.8892,0.6709,0.9702,-61.402,41.463,-14.329,1,21
1.8999,0.6396,0.9722,-67.378,37.256,-11.280,1,21
1.9102,0.6152,0.9849,-73.902,33.780,-8.841,1,21
1.9116,0.5825,0.9805,-80.793,30.549,-6.890,1,21
-0.2065,-0.7144,-0.3750,-56.220,-54.695,-68.293,2,21
-0.2339,-0.7241,-0.3857,-54.817,-50.000,-66.341,2,21
-0.2456,-0.7358,-0.4028,-53.598,-45.061,-65.305,2,21
-0.2573,-0.7471,-0.4155,-53.780,-40.183,-63.537,2,21
-0.2788,-0.7617,-0.4380,-54.085,-34.878,-61.646,2,21
-0.2866,-0.7729,-0.4556,-54.268,-30.244,-59.695,2,21
-0.3081,-0.7876,-0.4678,-54.817,-25.122,-57.622,2,21
-0.3281,-0.7939,-0.4863,-54.756,-19.878,-55.305,2,21
-0.0571,-0.9546,-0.4556,-67.317,105.854,-22.195,2,21
-0.0142,-0.9683,-0.4570,-68.598,110.732,-20.183,2,21
0.0259,-0.9766,-0.4629,-70.366,115.549,-17.378,2,21
0.0605,-0.9878,-0.4619,-72.134,119.878,-14.451,2,21
0.1089,-1.0093,-0.4678,-74.451,124.634,-11.402,2,21
0.1387,-1.0190,-0.4722,-76.951,128.598,-8.354,2,21
0.1704,-1.0342,-0.4741,-79.451,132.805,-4.390,2,21
0.1997,-1.0566,-0.4893,-82.500,136.768,-0.610,2,21
2.8335,0.7627,-0.4526,-154.146,-73.598,116.098,1,21
2.8647,0.7500,-0.5029,-152.317,-86.402,117.012,1,21
2.8931,0.7451,-0.5591,-152.622,-99.146,117.439,1,21
2.9102,0.7495,-0.6104,-152.988,-112.378,116.646,1,21
2.9092,0.7837,-0.6626,-153.598,-125.732,115.244,1,21
2.8950,0.8242,-0.7178,-154.451,-139.329,113.049,1,21
2.8657,0.8755,-0.7925,-155.854,-153.720,110.732,1,21
2.8218,0.9517,-0.8779,-156.707,-169.817,108.537,1,21
2.3042,1.8877,-1.0742,-148.963,-312.622,109.207,1,21
2.2402,1.9653,-0.9858,-142.439,-324.817,111.280,1,21
2.1733,2.0308,-0.8774,-133.598,-336.646,112.683,1,21
2.1221,2.0850,-0.7505,-122.683,-348.659,113.963,1,21
2.0688,2.1260,-0.6318,-110.305,-361.159,115.122,1,21
2.0205,2.1450,-0.5054,-96.524,-373.598,116.951,1,21
1.9878,2.1577,-0.3677,-82.805,-385.915,119.329,1,21
1.9502,2.1504,-0.2358,-69.695,-398.415,123.171,1,21
1.8164,1.2808,1.8716,-77.195,-612.561,244.268,1,21
1.8140,1.3467,1.8862,-75.427,-622.195,250.305,1,21
1.8193,1.4590,1.9170,-74.512,-629.512,257.988,1,21
1.8086,1.5879,1.9424,-74.085,-636.280,265.610,1,21
1.8062,1.7090,1.9658,-72.866,-643.902,273.476,1,21
1.7866,1.8379,1.9932,-68.232,-651.159,280.427,1,21
1.7617,1.9448,2.0303,-60.305,-658.476,287.317,1,21
1.7412,2.0454,2.0586,-51.585,-665.915,294.268,1,21
0.8750,2.0605,2.6860,62.378,-727.622,366.098,1,21
0.7847,2.0249,2.7354,76.463,-730.976,373.415,1,21
0.6958,2.0063,2.7773,91.280,-734.634,379.817,1,21
0.6235,1.9966,2.7837,106.280,-738.780,386.402,1,21
0.5449,1.9966,2.7842,120.427,-743.415,392.683,1,21
0.4678,2.0005,2.7700,132.988,-748.720,398.415,1,21
0.3789,2.0103,2.7368,143.902,-753.659,404.146,1,21
0.2871,2.0269,2.6792,152.988,-758.720,409.085,1,21
-1.6177,1.3892,0.5796,86.890,96.768,165.793,1,21
-1.5977,1.3389,0.5811,81.829,103.598,159.756,1,21
-1.5845,1.3008,0.5601,76.220,110.305,153.720,1,21
-1.5815,1.2515,0.5342,70.732,116.524,147.988,1,21
-1.5703,1.2007,0.5151,65.854,122.317,142.195,1,21
-1.5762,1.1514,0.4785,60.122,127.683,136.585,1,21
-1.5806,1.1055,0.4443,55.061,132.683,130.854,1,21
-1.5938,1.0527,0.4116,49.939,137.500,124.756,1,21
-0.6572,0.5566,-0.1021,22.073,245.000,-76.524,1,21
-0.6279,0.5718,-0.1206,21.768,247.317,-86.646,1,21
-0.5923,0.5898,-0.1255,21.098,249.146,-96.768,1,21
-0.5625,0.6104,-0.1528,20.305,250.915,-106.098,1,21
-0.5498,0.6177,-0.1675,19.024,252.073,-115.854,1,21
-0.5322,0.6309,-0.1875,17.378,252.988,-125.122,1,21
-0.5200,0.6431,-0.2139,15.488,254.146,-134.146,1,21
-0.5122,0.6533,-0.2339,12.378,255.244,-143.110,1,21
-0.4507,0.8301,-0.3799,-19.146,271.280,-207.683,1,21
-0.4395,0.8521,-0.3975,-22.622,273.963,-212.195,1,21
-0.4224,0.8721,-0.3984,-25.549,276.951,-216.463,1,21
-0.4048,0.8872,-0.3940,-28.232,280.183,-220.366,1,21
-0.3892,0.9038,-0.3921,-30.732,283.537,-224.146,1,21
-0.3643,0.9199,-0.4004,-32.805,287.683,-227.805,1,21
-0.3438,0.9399,-0.4077,-34.146,291.463,-230.671,1,21
-0.3164,0.9575,-0.4116,-36.098,295.671,-234.512,1,21
-0.2954,0.9780,-0.4053,-37.439,300.244,-237.805,1,21
-0.2666,0.9932,-0.4067,-39.268,305.061,-241.220,1,21
-0.2461,1.0112,-0.3999,-41.402,310.244,-244.268,1,21
-0.4048,0.8872,-0.3940,-28.232,280.183,-220.366,1,21
-0.1992,1.0601,-0.3789,-45.915,320.915,-250.732,1,21
-0.1733,1.0913,-0.3833,-48.110,326.341,-253.841,1,21
-0.1470,1.1270,-0.3857,-50.793,332.012,-256.463,1,21
-0.1284,1.1738,-0.3853,-54.512,339.573,-258.720,1,21
1.0811,0.0093,0.0288,134.878,21.159,68.902,2,21
1.0952,-0.0088,0.0459,134.390,19.085,70.610,2,21
1.1064,-0.0415,0.0630,134.268,16.402,72.927,2,21
1.1157,-0.0698,0.0786,133.780,13.415,74.512,2,21
1.1216,-0.1128,0.0981,134.390,10.488,76.463,2,21
1.1392,-0.1572,0.1206,134.390,7.073,78.415,2,21
1.1318,-0.1997,0.1392,134.817,3.963,79.756,2,21
1.1255,-0.2441,0.1650,134.634,0.305,81.463,2,21
-0.1167,1.2090,-0.3848,-59.024,348.171,-260.793,1,21
-0.0898,1.2583,-0.3838,-63.415,357.256,-261.280,1,21
-0.0801,1.2861,-0.3892,-66.890,367.683,-262.744,1,21
-0.0547,1.3188,-0.3735,-69.085,376.646,-264.146,1,21
-0.0288,1.3691,-0.3516,-71.341,384.756,-266.646,1,21
-0.0078,1.4229,-0.3384,-74.817,392.683,-268.780,1,21
0.0103,1.4629,-0.3325,-77.744,400.854,-270.427,1,21
0.0171,1.4951,-0.3198,-80.061,409.146,-271.402,1,21
1.0405,-0.7529,0.2432,132.622,-33.171,90.793,2,21
1.0308,-0.8237,0.2432,132.622,-36.768,91.524,2,21
1.0239,-0.8813,0.2388,132.622,-40.305,92.500,2,21
1.0093,-0.9355,0.2437,132.744,-43.841,93.902,2,21
1.0103,-0.9863,0.2476,133.415,-47.134,95.366,2,21
0.9951,-1.0400,0.2471,134.329,-50.244,96.524,2,21
1.0015,-1.0806,0.2593,135.183,-53.720,98.171,2,21
0.9956,-1.1245,0.2778,136.524,-56.890,99.878,2,21
0.2773,1.8477,-0.0903,-48.598,421.402,-263.476,1,21
0.3125,1.8809,-0.0776,-42.134,418.902,-260.366,1,21
0.3428,1.8867,-0.0684,-35.610,415.854,-256.463,1,21
0.3774,1.8989,-0.0688,-28.476,412.866,-252.317,1,21
0.3999,1.8970,-0.0645,-21.524,409.634,-248.049,1,21
0.4341,1.8984,-0.0693,-14.817,406.707,-243.598,1,21
0.4521,1.8833,-0.0747,-8.720,403.659,-239.146,1,21
0.4697,1.8652,-0.0791,-2.805,400.793,-234.634,1,21
0.4883,1.8403,-0.0835,2.317,398.476,-230.915,1,21
0.5078,1.8232,-0.0708,6.585,396.159,-227.073,1,21
0.5190,1.7925,-0.0640,9.573,394.573,-223.598,1,21
0.5405,1.7739,-0.0654,11.646,393.415,-220.061,1,21
0.5493,1.7412,-0.0552,12.927,392.317,-217.012,1,21
0.5723,1.7251,-0.0449,13.354,391.098,-214.085,1,21
0.5879,1.6958,-0.0371,12.317,390.305,-210.671,1,21
0.6094,1.6812,-0.0259,11.402,389.939,-207.683,1,21
1.0200,-1.2300,0.4609,131.341,-98.780,67.378,2,21
1.0190,-1.2319,0.4702,128.415,-101.829,65.427,2,21
1.0161,-1.2388,0.4717,125.549,-104.085,63.659,2,21
1.0181,-1.2368,0.4780,122.134,-106.768,61.768,2,21
1.0088,-1.2358,0.4819,118.354,-109.695,60.122,2,21
1.0117,-1.2437,0.4697,114.512,-112.134,58.720,2,21
1.0039,-1.2544,0.4644,110.366,-114.207,57.256,2,21
0.9956,-1.2559,0.4614,106.585,-116.402,55.488,2,21
0.9082,1.6509,0.1563,3.720,390.244,-169.207,1,21
0.9336,1.6475,0.1665,4.024,389.085,-166.768,1,21
0.9712,1.6470,0.1836,5.000,386.585,-161.768,1,21
1.0161,1.6484,0.2085,6.707,383.415,-156.402,1,21
1.0454,1.6406,0.2227,8.415,378.841,-150.671,1,21
1.0864,1.6323,0.2412,10.366,374.451,-144.756,1,21
1.1162,1.6274,0.2520,13.049,368.720,-138.963,1,21
1.1455,1.6035,0.2686,18.171,359.085,-129.817,1,21
1.0986,1.0840,0.0566,84.024,256.951,-51.220,1,21
1.0972,1.0522,0.0435,87.195,252.561,-46.707,1,21
1.0908,1.0122,0.0396,90.549,248.293,-42.500,1,21
1.0913,0.9878,0.0425,93.476,244.146,-38.537,1,21
1.0859,0.9546,0.0225,97.073,239.329,-34.390,1,21
1.0889,0.9170,0.0278,100.549,234.817,-30.244,1,21
1.0864,0.8896,0.0200,103.537,230.244,-26.402,1,21
1.0752,0.8418,0.0283,107.012,225.000,-22.561,1,21
0.8628,0.3711,-0.1289,193.720,67.256,17.744,1,21
0.8560,0.3521,-0.1221,193.537,65.183,16.098,1,21
0.8506,0.3315,-0.1201,192.744,60.793,12.439,1,21
0.8320,0.3022,-0.1167,192.927,56.646,9.146,1,21
0.8140,0.2646,-0.1255,192.683,51.098,3.415,1,21
0.7949,0.2500,-0.1270,192.927,47.988,-0.061,1,21
0.7808,0.2236,-0.1240,192.317,45.244,-3.720,1,21
0.7705,0.2134,-0.1353,191.463,42.561,-7.317,1,21
0.8159,0.4360,-0.2998,138.476,65.549,-45.244,1,21
0.8330,0.4746,-0.2842,133.171,68.415,-46.159,1,21
0.8423,0.4976,-0.2637,126.220,70.854,-47.317,1,21
0.8594,0.5225,-0.2515,118.780,72.805,-49.146,1,21
0.8701,0.5527,-0.2456,111.768,73.110,-50.549,1,21
0.8813,0.5693,-0.2500,105.488,72.561,-52.500,1,21
0.8984,0.5850,-0.2446,100.549,70.915,-54.024,1,21
0.9082,0.6143,-0.2485,96.098,68.963,-56.098,1,21
0.9224,0.6421,-0.2544,92.195,66.646,-57.683,1,21
0.9263,0.6763,-0.2598,88.963,64.939,-59.390,1,21
0.9331,0.7124,-0.2686,85.427,62.378,-60.610,1,21
0.9380,0.7495,-0.2700,81.768,60.915,-61.524,1,21
0.9385,0.7817,-0.2798,78.537,60.000,-61.951,1,21
0.9390,0.8115,-0.2842,75.793,58.902,-62.073,1,21
0.9346,0.8340,-0.2993,73.354,58.049,-60.915,1,21
0.9360,0.8633,-0.3086,71.768,57.805,-59.573,1,21
0.6982,-0.8872,-0.1816,1.524,2.134,-43.841,2,21
0.6943,-0.8965,-0.1831,9.207,4.207,-42.500,2,21
0.7017,-0.9082,-0.1958,12.927,5.000,-41.890,2,21
0.6924,-0.9224,-0.2246,20.732,7.256,-40.793,2,21
0.6797,-0.9443,-0.2422,28.537,8.902,-40.183,2,21
0.6689,-0.9546,-0.2573,36.707,10.854,-40.244,2,21
0.6577,-0.9888,-0.2700,48.659,13.232,-40.549,2,21
0.6509,-0.9995,-0.2725,52.744,14.085,-40.976,2,21
0.9380,0.8853,-0.3291,70.061,57.134,-57.561,1,21
0.9404,0.8975,-0.3438,68.841,57.073,-55.122,1,21
0.9355,0.9150,-0.3667,67.866,56.646,-52.622,1,21
0.9346,0.9106,-0.3799,67.195,56.402,-49.573,1,21
0.9331,0.9043,-0.3999,66.707,56.220,-46.524,1,21
0.9238,0.8955,-0.4116,66.646,55.976,-43.049,1,21
0.9170,0.8789,-0.4316,66.402,55.671,-39.268,1,21
0.9136,0.8506,-0.4189,66.707,55.976,-36.098,1,21
0.9058,0.0854,-0.2026,40.305,60.366,14.878,1,21
0.9170,0.0557,-0.2388,38.720,58.963,15.549,1,21
0.9126,0.0547,-0.2725,37.378,57.805,15.549,1,21
0.9141,0.0488,-0.2881,35.549,56.585,15.183,1,21
0.9063,0.0527,-0.2944,32.500,56.646,14.024,1,21
0.9033,0.0669,-0.3076,28.415,56.402,12.195,1,21
0.9072,0.0645,-0.3198,23.720,56.402,10.549,1,21
0.9136,0.0757,-0.3501,20.244,56.768,9.085,1,21
0.9282,0.0737,-0.5737,21.707,70.915,-3.780,1,21
0.9253,0.0610,-0.5825,25.915,71.159,-6.037,1,21
0.9292,0.0469,-0.6069,31.220,70.610,-8.110,1,21
0.9199,0.0332,-0.6357,37.805,68.841,-9.817,1,21
0.9185,0.0137,-0.6758,45.061,66.220,-10.915,1,21
0.9146,0.0010,-0.7090,53.415,63.598,-11.707,1,21
0.8979,-0.0132,-0.7500,61.646,60.000,-12.195,1,21
0.8677,-0.0068,-0.7925,68.171,58.110,-12.622,1,21
0.6958,-0.2339,-0.9321,104.634,70.427,-47.378,1,21
0.7231,-0.2388,-0.9189,107.866,63.354,-54.268,1,21
0.7456,-0.2422,-0.9146,111.098,56.768,-60.000,1,21
0.7715,-0.2305,-0.9263,113.659,50.671,-64.878,1,21
0.7900,-0.2158,-0.9204,116.220,46.159,-69.024,1,21
0.7998,-0.1938,-0.8916,117.988,42.317,-73.354,1,21
0.7935,-0.1772,-0.8618,118.780,39.939,-77.744,1,21
0.7886,-0.1548,-0.8271,118.537,38.293,-82.439,1,21
0.6250,-0.1528,-0.4390,85.854,58.720,-107.866,1,21
0.6289,-0.1665,-0.3833,79.939,63.232,-111.098,1,21
0.6299,-0.1797,-0.3306,73.780,66.768,-114.268,1,21
0.6318,-0.1802,-0.2822,67.683,69.085,-117.073,1,21
0.6479,-0.1826,-0.2261,61.585,70.244,-119.512,1,21
0.6553,-0.1782,-0.1924,55.183,70.427,-121.829,1,21
0.6665,-0.1885,-0.1514,49.634,70.183,-122.988,1,21
0.6768,-0.1899,-0.1240,43.659,69.390,-124.085,1,21
0.6802,-0.4243,-0.5957,-44.390,-69.024,-55.244,2,21
0.6753,-0.4380,-0.5947,-43.598,-66.890,-54.207,2,21
0.6504,-0.4517,-0.5928,-42.561,-64.512,-53.354,2,21
0.6436,-0.4614,-0.5889,-41.098,-62.134,-52.744,2,21
0.6343,-0.4805,-0.5674,-39.939,-59.756,-51.768,2,21
0.6235,-0.4937,-0.5679,-39.390,-57.866,-51.646,2,21
0.6226,-0.5078,-0.5659,-39.146,-55.671,-50.976,2,21
0.6113,-0.5269,-0.5630,-39.268,-53.841,-51.220,2,21
0.6934,-0.2051,-0.0708,36.159,67.134,-125.305,1,21
0.6953,-0.2085,-0.0527,33.293,66.037,-125.610,1,21
0.6982,-0.2246,-0.0259,28.110,64.024,-125.793,1,21
0.7031,-0.2388,-0.0005,24.085,61.341,-125.488,1,21
0.7021,-0.2720,0.0259,20.488,57.622,-124.207,1,21
0.7012,-0.2910,0.0537,20.122,54.878,-122.927,1,21
0.6909,-0.2856,0.0786,20.061,52.561,-121.768,1,21
0.6768,-0.2686,0.0986,20.244,50.000,-120.183,1,21
0.6104,-0.5532,-0.5620,-39.756,-51.768,-50.671,2,21
0.6118,-0.5835,-0.5713,-39.573,-49.695,-51.037,2,21
0.6226,-0.6035,-0.5708,-39.512,-47.317,-51.159,2,21
0.6211,-0.6440,-0.5723,-40.000,-45.488,-51.585,2,21
0.6245,-0.6699,-0.5718,-39.634,-43.598,-51.707,2,21
0.6304,-0.6978,-0.5640,-39.512,-41.951,-52.073,2,21
0.6318,-0.7168,-0.5488,-39.329,-40.366,-52.988,2,21
0.6323,-0.7363,-0.5439,-38.902,-39.756,-53.598,2,21
0.6602,-0.2368,0.1143,21.037,47.927,-119.512,1,21
0.6367,-0.1880,0.1162,22.134,45.671,-119.268,1,21
0.6201,-0.1235,0.1021,23.049,43.659,-119.634,1,21
0.5996,-0.0596,0.0889,25.305,41.768,-120.000,1,21
0.5723,0.0234,0.0640,28.232,40.244,-120.610,1,21
0.5435,0.1123,0.0430,31.280,38.963,-121.646,1,21
0.5161,0.1982,0.0176,35.366,37.866,-122.012,1,21
0.4854,0.2939,0.0039,39.329,37.317,-122.012,1,21
0.6250,-0.8564,-0.5723,-34.512,-30.244,-65.305,2,21
0.6284,-0.8682,-0.5757,-33.171,-28.841,-66.707,2,21
0.6221,-0.8833,-0.5854,-31.098,-27.378,-67.805,2,21
0.6240,-0.8984,-0.5913,-29.207,-25.671,-69.024,2,21
0.6196,-0.9170,-0.5938,-27.256,-23.963,-70.671,2,21
0.6226,-0.9429,-0.5996,-24.878,-22.317,-71.951,2,21
0.6196,-0.9619,-0.6045,-22.378,-21.098,-73.354,2,21
0.6123,-0.9839,-0.6050,-20.549,-19.573,-75.122,2,21
0.2944,0.8286,-0.0601,91.402,22.378,-98.537,1,21
0.2891,0.8462,-0.0615,95.854,20.061,-93.293,1,21
0.2817,0.8589,-0.0796,99.451,17.927,-88.476,1,21
0.2788,0.8550,-0.1006,101.646,16.341,-83.476,1,21
0.2856,0.8501,-0.1089,103.171,16.037,-78.963,1,21
0.2856,0.8281,-0.1235,103.415,16.463,-74.512,1,21
0.2998,0.8096,-0.1265,102.988,17.927,-70.549,1,21
0.3115,0.7666,-0.1421,100.976,20.610,-67.134,1,21
0.6045,-1.0054,-0.6084,-18.049,-18.476,-77.073,2,21
0.5972,-1.0298,-0.6206,-16.037,-17.195,-79.085,2,21
0.5854,-1.0532,-0.6245,-13.902,-16.220,-81.524,2,21
0.5732,-1.0693,-0.6284,-12.134,-15.610,-83.902,2,21
0.5645,-1.0776,-0.6309,-10.854,-14.817,-85.976,2,21
0.5474,-1.0952,-0.6396,-9.451,-14.268,-88.415,2,21
0.5352,-1.1050,-0.6401,-8.232,-13.902,-90.854,2,21
0.5161,-1.1094,-0.6426,-7.317,-13.415,-92.683,2,21
0.3140,0.7344,-0.1694,99.268,23.841,-64.207,1,21
0.3315,0.6904,-0.1855,97.317,27.988,-62.073,1,21
0.3545,0.6475,-0.2017,94.573,32.317,-60.305,1,21
0.3770,0.6025,-0.2070,91.951,37.744,-59.146,1,21
0.3901,0.5581,-0.2075,88.232,43.598,-58.537,1,21
0.4160,0.5186,-0.2197,84.634,48.841,-58.902,1,21
0.4282,0.4712,-0.2212,80.305,53.963,-59.085,1,21
0.4448,0.4312,-0.2202,75.488,58.659,-59.268,1,21
0.3960,-0.9907,-0.6694,-2.439,-9.329,-105.976,2,21
0.3818,-0.9751,-0.6699,-1.768,-8.476,-107.073,2,21
0.3691,-0.9526,-0.6807,-0.671,-7.256,-108.232,2,21
0.3569,-0.9331,-0.6836,-0.061,-6.402,-108.720,2,21
0.3467,-0.9307,-0.6860,0.671,-5.305,-109.573,2,21
0.3325,-0.9131,-0.6904,1.463,-4.268,-110.244,2,21
0.3237,-0.9009,-0.6909,1.829,-3.659,-110.549,2,21
0.3203,-0.8945,-0.6968,1.402,-2.622,-110.610,2,21
0.5703,0.2832,-0.1147,5.488,88.354,-57.012,1,21
0.5869,0.2822,-0.0923,-3.110,90.793,-56.890,1,21
0.6006,0.2837,-0.0625,-12.317,93.476,-56.890,1,21
0.6177,0.2847,-0.0244,-22.622,96.951,-57.927,1,21
0.6338,0.2778,0.0103,-32.805,99.939,-58.659,1,21
0.6514,0.2656,0.0591,-42.744,103.659,-60.244,1,21
0.6821,0.2651,0.1191,-50.915,107.256,-61.341,1,21
0.7144,0.2554,0.1826,-59.756,111.829,-63.171,1,21
0.2979,-0.8979,-0.7090,0.549,-0.854,-110.732,2,21
0.2847,-0.8926,-0.7217,0.061,-0.244,-110.610,2,21
0.2710,-0.8979,-0.7197,-1.098,0.732,-109.695,2,21
0.2568,-0.8945,-0.7339,-2.866,2.683,-109.146,2,21
0.2324,-0.9038,-0.7397,-5.000,3.780,-108.354,2,21
0.2095,-0.9087,-0.7456,-8.232,4.817,-107.073,2,21
0.1909,-0.9067,-0.7549,-12.134,6.341,-105.671,2,21
0.1587,-0.9150,-0.7646,-16.951,7.012,-104.024,2,21
0.7861,0.2466,0.2744,-72.378,118.963,-66.098,1,21
0.8218,0.2422,0.3076,-76.402,121.463,-66.951,1,21
0.9141,0.2344,0.3516,-82.927,125.732,-68.171,1,21
1.0210,0.2236,0.4043,-88.476,129.390,-69.146,1,21
1.1528,0.2197,0.4453,-92.927,132.195,-69.634,1,21
1.3154,0.2158,0.4761,-96.463,133.780,-69.390,1,21
1.5176,0.2319,0.5142,-100.122,133.537,-68.902,1,21
1.7349,0.2471,0.5444,-103.415,131.829,-67.378,1,21
0.1147,-0.9150,-0.7817,-24.878,8.902,-101.220,2,21
0.0977,-0.9160,-0.7944,-27.683,9.451,-100.061,2,21
0.0576,-0.9111,-0.8115,-34.512,10.671,-97.500,2,21
0.0205,-0.9126,-0.8252,-41.341,12.073,-94.573,2,21
-0.0098,-0.9126,-0.8315,-48.354,13.659,-91.707,2,21
-0.0547,-0.9023,-0.8369,-54.878,15.854,-88.049,2,21
-0.0889,-0.8853,-0.8257,-61.463,18.049,-84.573,2,21
-0.1270,-0.8599,-0.8105,-68.049,20.183,-80.549,2,21
2.7944,1.7046,0.5542,-122.744,-431.280,183.354,1,21
2.6680,1.6777,0.6284,-113.476,-443.293,193.171,1,21
2.5444,1.6504,0.6968,-104.695,-454.817,202.317,1,21
2.4336,1.6104,0.7651,-95.610,-465.915,211.159,1,21
2.3203,1.5884,0.8433,-86.646,-476.463,219.756,1,21
2.2393,1.5669,0.9355,-77.683,-487.378,227.744,1,21
2.1353,1.5464,1.0039,-68.841,-498.110,235.183,1,21
2.0366,1.5283,1.0874,-60.122,-508.354,242.073,1,21
1.9429,1.5073,1.1655,-51.524,-518.841,248.659,1,21
1.8501,1.4897,1.2480,-43.780,-528.232,255.061,1,21
1.7544,1.4800,1.3081,-37.073,-537.439,261.098,1,21
1.6665,1.4634,1.3921,-31.402,-545.671,266.829,1,21
1.5811,1.4434,1.4556,-25.915,-552.988,272.195,1,21
1.4917,1.4365,1.5176,-21.037,-560.061,277.805,1,21
1.4048,1.4268,1.5928,-16.951,-566.159,282.500,1,21
1.3218,1.4312,1.6382,-14.085,-572.439,287.866,1,21
0.8877,-1.1729,0.2827,-74.390,118.110,101.707,2,21
0.9150,-1.1763,0.3013,-77.805,116.585,100.915,2,21
0.9355,-1.1724,0.3110,-82.012,115.305,100.122,2,21
0.9648,-1.1714,0.3120,-85.976,114.085,98.598,2,21
0.9854,-1.1626,0.3306,-89.085,113.415,97.866,2,21
1.0068,-1.1553,0.3384,-92.439,112.866,96.585,2,21
1.0181,-1.1470,0.3608,-95.183,112.012,95.610,2,21
1.0264,-1.1313,0.3677,-97.500,111.585,94.390,2,21
1.2080,1.4375,1.7041,-9.268,-580.549,295.305,1,21
1.1714,1.4487,1.7222,-7.378,-582.622,297.561,1,21
1.1167,1.4741,1.7451,-3.780,-586.951,302.073,1,21
1.0669,1.5103,1.7559,1.037,-590.427,307.256,1,21
1.0249,1.5488,1.7710,6.341,-593.598,312.073,1,21
1.0039,1.5981,1.7778,11.829,-596.890,317.805,1,21
0.9771,1.6465,1.7954,17.988,-599.085,323.293,1,21
0.9272,1.7041,1.8174,28.537,-602.073,331.524,1,21
1.0425,-1.1152,0.3989,-100.061,111.037,93.293,2,21
1.0474,-1.1025,0.4180,-101.829,110.549,92.195,2,21
1.0547,-1.0859,0.4385,-103.780,110.244,90.976,2,21
1.0732,-1.0747,0.4668,-106.402,109.878,90.061,2,21
1.0874,-1.0703,0.4785,-109.207,110.061,89.390,2,21
1.1104,-1.0649,0.4932,-112.927,109.878,87.927,2,21
1.1460,-1.0635,0.4990,-117.622,110.427,87.134,2,21
1.1699,-1.0913,0.5054,-121.524,111.220,86.159,2,21
0.9019,1.7329,1.8389,36.037,-604.024,336.280,1,21
0.8706,1.7515,1.8452,44.573,-606.524,340.427,1,21
0.8291,1.7725,1.8735,52.988,-608.902,343.780,1,21
0.7891,1.7910,1.9009,60.000,-610.671,346.341,1,21
0.7285,1.8052,1.9297,66.463,-611.585,348.598,1,21
0.6694,1.8071,1.9502,72.622,-612.378,350.976,1,21
0.6167,1.8047,1.9688,78.537,-613.049,353.415,1,21
0.5649,1.8052,1.9858,83.598,-613.841,356.280,1,21
1.1909,-1.1079,0.5181,-125.854,112.866,84.756,2,21
1.2256,-1.1421,0.5356,-129.390,114.573,83.293,2,21
1.2358,-1.1680,0.5708,-132.378,116.402,82.073,2,21
1.2534,-1.1919,0.6152,-135.793,118.598,80.732,2,21
1.2612,-1.2246,0.6465,-139.634,119.634,79.085,2,21
1.2671,-1.2456,0.6694,-144.268,121.098,77.012,2,21
1.2651,-1.2739,0.6929,-151.280,121.585,75.488,2,21
1.2637,-1.2896,0.7129,-158.659,122.134,72.866,2,21
0.5171,1.8042,1.9849,88.476,-614.329,358.902,1,21
0.4731,1.8193,1.9810,91.829,-614.939,361.463,1,21
0.4263,1.8413,1.9614,93.902,-615.366,363.659,1,21
0.3794,1.8574,1.9429,94.878,-615.366,365.061,1,21
0.3286,1.8628,1.9053,95.427,-614.878,366.707,1,21
0.2886,1.8774,1.8677,95.488,-614.756,368.232,1,21
0.2471,1.8848,1.8257,94.939,-614.878,369.939,1,21
0.2007,1.8882,1.7856,93.780,-614.390,371.524,1,21
1.2529,-1.3125,0.7319,-166.951,122.683,70.915,2,21
1.2407,-1.3301,0.7568,-175.427,122.927,69.268,2,21
1.2139,-1.3364,0.7778,-183.841,123.598,67.622,2,21
1.2051,-1.3462,0.7832,-193.110,123.780,66.829,2,21
1.1875,-1.3540,0.8042,-203.049,124.146,65.671,2,21
1.1646,-1.3521,0.8071,-212.317,125.000,64.939,2,21
1.1597,-1.3486,0.8159,-221.890,125.061,63.902,2,21
1.1426,-1.3296,0.8252,-231.646,125.732,63.049,2,21
0.1626,1.9072,1.7319,91.159,-612.988,373.232,1,21
0.1289,1.9126,1.6631,88.598,-611.280,374.695,1,21
0.0981,1.9302,1.6104,85.122,-608.720,376.463,1,21
0.0757,1.9561,1.5508,81.951,-605.671,378.598,1,21
0.0664,1.9951,1.4961,78.780,-602.378,380.366,1,21
0.0527,2.0278,1.4517,75.000,-598.171,382.927,1,21
0.0317,2.0503,1.3979,70.976,-593.780,385.061,1,21
0.0181,2.0684,1.3501,67.927,-590.244,387.622,1,21
1.1255,-1.3115,0.8247,-240.427,126.098,62.073,2,21
1.1143,-1.2871,0.8291,-249.390,126.341,61.220,2,21
1.1089,-1.2583,0.8188,-257.439,127.195,60.061,2,21
1.1045,-1.2285,0.8125,-265.732,127.500,59.512,2,21
1.1050,-1.1992,0.8145,-273.354,128.354,58.659,2,21
1.0918,-1.1626,0.8081,-280.122,129.146,57.988,2,21
1.1006,-1.1357,0.8086,-286.220,129.756,57.378,2,21
1.1030,-1.1006,0.7974,-291.524,130.183,56.890,2,21
1.1055,-1.0698,0.7944,-295.915,130.915,56.890,2,21
1.1069,-1.0435,0.7974,-300.061,131.707,56.280,2,21
1.1201,-1.0117,0.8071,-303.171,131.768,56.646,2,21
1.1162,-0.9844,0.8105,-305.549,132.439,56.585,2,21
1.1099,-0.9492,0.8076,-306.585,132.683,56.829,2,21
1.1045,-0.9248,0.8169,-307.378,132.988,57.134,2,21
1.0923,-0.8882,0.8213,-307.195,132.866,57.256,2,21
1.0903,-0.8574,0.8174,-306.159,132.988,57.561,2,21
-0.6138,2.0044,0.1924,1.098,-437.561,408.902,1,21
-0.5640,1.9536,0.1729,6.463,-428.963,406.220,1,21
-0.5049,1.9058,0.1670,14.634,-420.244,403.720,1,21
-0.4307,1.8579,0.1470,24.085,-410.732,400.732,1,21
-0.3613,1.7964,0.1406,34.573,-399.634,397.500,1,21
-0.2773,1.7529,0.1309,45.488,-387.866,393.780,1,21
-0.1899,1.7007,0.1191,56.646,-374.695,389.939,1,21
-0.1025,1.6504,0.1304,68.415,-360.732,385.305,1,21
1.1055,-0.5264,0.8403,-269.695,132.866,60.366,2,21
1.1123,-0.4971,0.8462,-262.561,132.744,61.524,2,21
1.1309,-0.4639,0.8550,-255.427,132.256,62.622,2,21
1.1426,-0.4258,0.8516,-247.561,132.134,64.085,2,21
1.1528,-0.3931,0.8501,-239.939,131.646,65.854,2,21
1.1558,-0.3735,0.8340,-231.646,131.037,67.561,2,21
1.1548,-0.3525,0.8291,-223.720,130.610,69.451,2,21
1.1523,-0.3286,0.8091,-216.098,129.634,71.707,2,21
-0.0117,1.6187,0.1235,80.427,-346.951,380.915,1,21
0.0771,1.5957,0.1230,92.866,-333.354,375.915,1,21
0.1621,1.5923,0.1323,104.756,-318.963,370.915,1,21
0.2539,1.6099,0.1294,116.707,-304.939,365.732,1,21
0.3174,1.6431,0.1255,128.720,-291.951,360.854,1,21
0.3813,1.6978,0.1074,139.268,-278.476,355.976,1,21
0.4155,1.7407,0.0771,148.415,-264.573,351.646,1,21
0.4282,1.7925,0.0044,156.951,-250.427,348.415,1,21
1.1367,-0.3198,0.7925,-207.927,128.720,73.841,2,21
1.1230,-0.3086,0.7749,-200.122,127.866,75.976,2,21
1.0996,-0.3052,0.7588,-192.683,126.768,77.866,2,21
1.0674,-0.3076,0.7432,-185.183,125.183,80.000,2,21
1.0488,-0.3047,0.7222,-178.476,123.598,81.707,2,21
1.0293,-0.3125,0.6973,-172.500,121.280,83.171,2,21
0.9985,-0.3154,0.6729,-166.829,119.146,84.573,2,21
0.9727,-0.3340,0.6504,-161.768,116.463,85.305,2,21
0.9580,-0.3369,0.6265,-156.463,113.171,85.915,2,21
0.9307,-0.3389,0.6074,-152.256,110.122,86.402,2,21
0.9229,-0.3428,0.5840,-148.293,106.707,86.585,2,21
0.9023,-0.3545,0.5601,-144.878,102.927,86.829,2,21
0.9023,-0.3457,0.5371,-142.317,99.207,86.707,2,21
0.8989,-0.3379,0.5195,-139.878,95.183,86.585,2,21
0.8950,-0.3364,0.4990,-138.110,91.159,86.220,2,21
0.9106,-0.3267,0.4722,-136.402,87.439,85.915,2,21
-0.2368,2.6704,-0.5669,197.256,-124.512,299.146,1,21
-0.3545,2.7148,-0.5942,195.061,-113.537,293.659,1,21
-0.4678,2.7246,-0.6226,192.134,-103.537,287.805,1,21
-0.5903,2.7134,-0.6460,187.927,-93.476,281.829,1,21
-0.6904,2.6772,-0.6523,182.256,-83.720,276.220,1,21
-0.8076,2.6196,-0.6514,174.817,-74.146,270.366,1,21
-0.9258,2.5542,-0.6660,167.500,-64.390,264.329,1,21
-1.0347,2.4790,-0.6733,160.061,-54.329,259.085,1,21
1.1699,0.0923,0.3950,-48.963,8.110,65.732,2,21
1.1616,0.0991,0.3945,-44.390,6.585,64.634,2,21
1.1641,0.0942,0.3906,-39.878,4.329,63.232,2,21
1.1597,0.0977,0.3833,-35.488,2.622,61.890,2,21
1.1631,0.0957,0.3740,-31.402,1.098,60.427,2,21
1.1611,0.0918,0.3696,-27.256,-0.732,58.902,2,21
1.1484,0.0820,0.3696,-23.293,-2.622,57.439,2,21
1.1465,0.0830,0.3633,-19.268,-4.756,56.098,2,21
-1.5552,0.4307,-0.6494,28.293,212.866,46.402,1,21
-1.4980,0.4121,-0.6548,26.768,213.598,34.939,1,21
-1.4385,0.3892,-0.6636,25.183,213.780,23.841,1,21
-1.3892,0.3677,-0.6616,24.878,213.720,12.683,1,21
-1.3374,0.3486,-0.6694,24.146,213.963,1.768,1,21
-1.2847,0.3384,-0.6616,23.780,214.207,-8.476,1,21
-1.2427,0.3081,-0.6753,23.293,213.902,-19.146,1,21
-1.2007,0.3013,-0.6787,23.232,213.659,-29.817,1,21
1.1416,0.0762,0.3667,-15.854,-6.159,54.207,2,21
1.1289,0.0679,0.3623,-12.073,-8.537,52.866,2,21
1.1147,0.0625,0.3550,-8.598,-10.244,51.037,2,21
1.1133,0.0518,0.3477,-6.037,-12.317,49.329,2,21
1.1074,0.0430,0.3452,-2.927,-14.085,47.500,2,21
1.0928,0.0254,0.3374,-0.488,-15.976,45.854,2,21
1.0820,0.0205,0.3340,2.073,-17.622,44.085,2,21
1.0854,0.0083,0.3398,4.329,-19.268,42.439,2,21
-1.1533,0.2808,-0.6875,23.537,212.866,-39.939,1,21
-1.1260,0.2612,-0.6919,24.085,212.073,-50.610,1,21
-1.0923,0.2632,-0.6992,24.085,210.732,-61.280,1,21
-1.0635,0.2568,-0.6963,24.268,209.329,-71.890,1,21
-1.0366,0.2500,-0.6899,24.939,208.354,-82.256,1,21
-1.0098,0.2534,-0.6943,25.061,207.134,-92.805,1,21
-0.9824,0.2529,-0.6914,25.793,206.463,-102.744,1,21
-0.9507,0.2500,-0.6909,26.220,205.671,-111.951,1,21
1.0181,-0.0122,0.3091,50.061,-56.524,16.159,2,21
1.0156,-0.0176,0.2993,51.829,-58.659,15.610,2,21
1.0239,-0.0317,0.2925,53.598,-60.671,15.610,2,21
1.0205,-0.0269,0.2900,54.878,-62.866,15.549,2,21
1.0205,-0.0405,0.2803,57.378,-64.695,16.037,2,21
1.0176,-0.0547,0.2778,58.354,-66.524,15.976,2,21
1.0103,-0.0518,0.2749,60.000,-68.232,16.463,2,21
1.0254,-0.0713,0.2710,60.915,-69.756,16.890,2,21
-0.4556,0.4019,-0.5488,33.049,203.780,-245.183,1,21
-0.4302,0.4160,-0.5332,31.220,204.573,-250.732,1,21
-0.4067,0.4224,-0.5112,28.841,205.244,-255.732,1,21
-0.3745,0.4360,-0.4883,25.671,206.463,-260.732,1,21
-0.3379,0.4370,-0.5391,23.659,206.707,-265.488,1,21
-0.3120,0.4512,-0.5112,22.195,207.012,-270.122,1,21
-0.2930,0.4785,-0.4990,19.634,207.927,-274.939,1,21
-0.2681,0.5005,-0.4932,15.854,208.841,-279.756,1,21
1.0083,-0.1650,0.2231,73.659,-82.561,25.915,2,21
0.9980,-0.1743,0.2280,75.793,-83.537,27.744,2,21
0.9956,-0.1924,0.2217,77.805,-84.573,29.634,2,21
0.9834,-0.2095,0.2207,79.695,-85.854,31.341,2,21
0.9800,-0.2202,0.2241,81.707,-86.341,33.537,2,21
0.9766,-0.2397,0.2275,83.720,-87.561,35.854,2,21
0.9722,-0.2627,0.2212,85.366,-88.232,37.744,2,21
0.9668,-0.2754,0.2329,87.561,-88.902,40.122,2,21
-0.0894,0.7603,-0.4932,-18.110,216.890,-320.000,1,21
-0.0688,0.7871,-0.4888,-20.793,218.232,-324.146,1,21
-0.0532,0.8330,-0.4775,-23.293,219.756,-327.988,1,21
-0.0342,0.8750,-0.4756,-25.122,220.549,-331.768,1,21
-0.0161,0.9165,-0.4658,-26.951,221.646,-335.488,1,21
-0.0029,0.9590,-0.4668,-28.902,222.866,-339.329,1,21
0.0107,0.9980,-0.4604,-30.366,224.634,-343.049,1,21
0.0195,1.0435,-0.4502,-32.866,226.524,-345.854,1,21
0.0283,1.0801,-0.4521,-34.939,228.171,-349.207,1,21
0.0303,1.1094,-0.4341,-37.439,230.000,-352.012,1,21
0.0342,1.1436,-0.4321,-39.817,232.073,-354.512,1,21
0.0410,1.1665,-0.4272,-42.927,234.024,-356.524,1,21
0.0435,1.1904,-0.4214,-45.549,235.976,-358.049,1,21
0.0469,1.2002,-0.4136,-48.963,238.841,-359.512,1,21
0.0435,1.2266,-0.4307,-51.890,241.463,-360.671,1,21
0.0566,1.2402,-0.4019,-54.939,244.817,-361.341,1,21
0.0674,1.2466,-0.4092,-57.073,247.744,-362.378,1,21
0.0728,1.2588,-0.3926,-58.902,251.524,-362.988,1,21
0.0840,1.2720,-0.3799,-60.366,254.939,-363.780,1,21
0.0972,1.2925,-0.3604,-61.585,258.598,-364.329,1,21
0.1206,1.3296,-0.3257,-62.561,261.768,-365.061,1,21
0.1372,1.3462,-0.3027,-63.232,264.756,-365.610,1,21
0.1606,1.3892,-0.2783,-62.866,267.805,-366.037,1,21
0.1904,1.4209,-0.2427,-63.171,270.000,-366.402,1,21
0.9185,-0.6318,0.2007,125.000,-98.354,74.085,2,21
0.9282,-0.6504,0.2041,127.561,-99.085,75.732,2,21
0.9160,-0.6763,0.2100,129.512,-99.573,77.683,2,21
0.9224,-0.6963,0.2129,131.524,-100.061,79.085,2,21
0.9194,-0.7241,0.2021,133.049,-100.732,80.610,2,21
0.9243,-0.7412,0.1982,133.902,-101.037,81.890,2,21
0.9175,-0.7651,0.1929,135.427,-101.524,82.500,2,21
0.9082,-0.7876,0.1992,137.378,-101.890,83.720,2,21
0.2134,1.4702,-0.2085,-62.927,273.354,-366.037,1,21
0.2251,1.4883,-0.1929,-62.866,274.146,-365.793,1,21
0.2471,1.5264,-0.1816,-62.317,275.671,-364.878,1,21
0.2671,1.5547,-0.1646,-62.439,276.524,-364.024,1,21
0.2847,1.6016,-0.1387,-61.951,278.232,-362.256,1,21
0.3120,1.6616,-0.1104,-61.829,279.939,-360.183,1,21
0.3306,1.7012,-0.0854,-61.524,281.707,-357.988,1,21
0.3530,1.7339,-0.0674,-60.610,283.171,-355.610,1,21
0.9150,-0.8110,0.2031,138.780,-102.317,84.390,2,21
0.9170,-0.8389,0.2002,140.610,-102.683,85.122,2,21
0.9160,-0.8521,0.1924,141.707,-103.293,85.244,2,21
0.9185,-0.8765,0.1909,143.720,-103.476,85.488,2,21
0.9058,-0.8994,0.1948,144.329,-103.963,85.549,2,21
0.9111,-0.9102,0.1880,145.671,-104.451,85.244,2,21
0.9082,-0.9307,0.1875,147.073,-105.244,85.427,2,21
0.9053,-0.9478,0.1821,147.744,-106.098,84.878,2,21
0.3652,1.7666,-0.0444,-58.780,284.451,-352.683,1,21
0.3867,1.7905,-0.0313,-56.585,285.427,-349.512,1,21
0.4028,1.8301,-0.0054,-54.329,286.646,-346.341,1,21
0.4209,1.8613,0.0166,-52.317,287.561,-342.439,1,21
0.4399,1.8813,0.0234,-49.939,288.293,-338.780,1,21
0.4531,1.9087,0.0415,-48.354,289.390,-334.451,1,21
0.4609,1.9272,0.0537,-45.854,290.610,-330.366,1,21
0.4727,1.9492,0.0537,-45.610,294.390,-326.037,1,21
0.9067,-0.9712,0.1714,147.805,-106.951,84.512,2,21
0.8999,-0.9829,0.1758,148.171,-107.683,84.207,2,21
0.8984,-1.0039,0.1631,147.744,-108.537,83.780,2,21
0.8882,-1.0205,0.1655,147.134,-109.390,83.293,2,21
0.8896,-1.0518,0.1665,146.463,-110.122,82.805,2,21
0.8804,-1.0688,0.1621,145.793,-110.854,82.317,2,21
0.8838,-1.0879,0.1709,145.366,-112.073,81.646,2,21
0.8823,-1.1099,0.1650,143.780,-112.805,80.854,2,21
0.4634,1.9624,0.0830,-43.720,298.232,-320.366,1,21
0.4712,1.9712,0.1333,-40.854,299.695,-315.000,1,21
0.4863,1.9849,0.1694,-37.134,299.817,-310.000,1,21
0.5039,1.9946,0.2007,-33.841,298.354,-304.329,1,21
0.5303,2.0063,0.2192,-30.610,296.951,-298.598,1,21
0.5542,2.0083,0.2500,-27.317,295.610,-292.744,1,21
0.5796,2.0132,0.2681,-24.024,294.817,-285.732,1,21
0.5933,2.0103,0.2856,-19.817,293.720,-278.537,1,21
0.8799,-1.1279,0.1616,142.744,-114.024,80.061,2,21
0.8755,-1.1479,0.1680,140.915,-114.817,78.720,2,21
0.8687,-1.1685,0.1626,138.415,-115.610,77.744,2,21
0.8604,-1.1826,0.1636,136.524,-116.768,76.037,2,21
0.8535,-1.1973,0.1592,134.695,-117.256,74.573,2,21
0.8579,-1.2075,0.1543,132.378,-117.927,72.988,2,21
0.8525,-1.2192,0.1563,129.695,-119.024,71.220,2,21
0.8540,-1.2275,0.1680,127.134,-119.634,69.634,2,21
0.6191,1.9956,0.3037,-15.549,293.171,-271.585,1,21
0.6357,1.9927,0.3433,-10.732,292.012,-264.512,1,21
0.6519,1.9766,0.3579,-6.585,291.220,-257.195,1,21
0.6792,1.9678,0.3882,-2.256,290.183,-249.756,1,21
0.6958,1.9492,0.4048,2.561,287.866,-242.195,1,21
0.7192,1.9312,0.4087,7.195,285.549,-233.902,1,21
0.7524,1.9077,0.4058,11.829,283.049,-226.098,1,21
0.7954,1.8823,0.4038,16.951,280.610,-218.110,1,21
1.1704,1.6162,0.2485,47.683,259.329,-152.500,1,21
1.1968,1.5771,0.2236,49.573,258.476,-144.268,1,21
1.2217,1.5225,0.2100,53.110,255.915,-137.561,1,21
1.2549,1.4858,0.2051,57.378,251.951,-132.317,1,21
1.2866,1.4443,0.1851,61.463,246.220,-127.744,1,21
1.3184,1.4082,0.1699,65.000,240.671,-123.232,1,21
1.3423,1.3857,0.1470,67.927,234.573,-119.024,1,21
1.3652,1.3560,0.1162,71.037,229.329,-114.695,1,21
0.9639,-1.0806,0.2070,92.317,-135.427,34.451,2,21
0.9663,-1.0791,0.2002,91.768,-135.915,33.598,2,21
0.9712,-1.0723,0.2104,90.854,-136.951,32.622,2,21
0.9800,-1.0742,0.2158,90.427,-137.927,31.341,2,21
0.9863,-1.0718,0.2271,89.817,-139.146,30.122,2,21
0.9775,-1.0728,0.2256,89.451,-140.183,28.963,2,21
0.9795,-1.0737,0.2295,88.963,-141.463,27.805,2,21
0.9751,-1.0684,0.2305,88.049,-142.805,26.524,2,21
1.3779,1.3296,0.0889,73.110,224.329,-109.817,1,21
1.3833,1.3057,0.0669,75.915,219.390,-105.183,1,21
1.3774,1.2710,0.0464,78.476,214.939,-100.122,1,21
1.3716,1.2373,0.0122,80.854,210.610,-95.610,1,21
1.3672,1.2031,-0.0156,83.537,206.341,-90.793,1,21
1.3599,1.1714,-0.0469,86.402,202.317,-86.646,1,21
1.3491,1.1450,-0.0703,89.329,198.354,-82.805,1,21
1.3452,1.1152,-0.0981,92.561,194.878,-79.024,1,21
0.8965,0.3770,-0.1650,137.622,108.720,-43.780,1,21
0.8843,0.3550,-0.1631,135.793,106.646,-44.207,1,21
0.8804,0.3345,-0.1836,134.573,104.756,-45.305,1,21
0.8789,0.3135,-0.1929,133.841,103.415,-46.280,1,21
0.8750,0.2930,-0.2061,132.683,102.134,-47.134,1,21
0.8633,0.2773,-0.2085,131.220,101.707,-48.902,1,21
0.8638,0.2681,-0.2153,129.817,101.159,-50.549,1,21
0.8540,0.2578,-0.2114,127.439,100.793,-52.744,1,21
0.8057,0.2739,-0.2051,99.451,96.159,-68.659,1,21
0.7969,0.2900,-0.1987,95.915,95.549,-70.122,1,21
0.7886,0.2993,-0.1958,92.317,95.549,-70.976,1,21
0.7891,0.3164,-0.2007,89.146,94.695,-71.951,1,21
0.7793,0.3354,-0.2124,86.829,94.817,-72.805,1,21
0.7739,0.3521,-0.2144,85.183,94.268,-73.232,1,21
0.7686,0.3628,-0.2271,83.232,94.024,-73.841,1,21
0.7642,0.3848,-0.2188,81.402,93.902,-74.268,1,21
0.7656,0.4067,-0.2227,79.512,93.659,-74.573,1,21
0.7573,0.4282,-0.2104,77.561,93.415,-74.756,1,21
0.7598,0.4478,-0.2197,75.671,93.780,-74.573,1,21
0.7539,0.4644,-0.2158,73.780,93.659,-74.817,1,21
0.7573,0.4844,-0.2090,72.317,94.268,-74.085,1,21
0.7686,0.5000,-0.2114,70.854,94.695,-73.841,1,21
0.7715,0.5210,-0.1909,69.573,95.610,-72.744,1,21
0.7861,0.5303,-0.2007,68.232,95.854,-72.195,1,21
0.8057,0.5386,-0.1704,67.073,96.585,-70.671,1,21
0.8091,0.5430,-0.1743,66.646,96.890,-70.000,1,21
0.8237,0.5469,-0.1714,65.732,97.317,-68.598,1,21
0.8413,0.5459,-0.1689,65.366,97.683,-67.561,1,21
0.8564,0.5527,-0.1689,65.183,98.171,-66.829,1,21
0.8911,0.5620,-0.1558,65.732,98.780,-65.854,1,21
0.8975,0.5586,-0.1582,65.732,98.902,-65.488,1,21
0.9277,0.5635,-0.1636,66.524,98.963,-65.244,1,21
