ax,ay,az,gx,gy,gz,slot,label
-1.1548,-0.0874,0.3062,-49.207,12.256,21.768,4,42
-1.1533,-0.0703,0.3149,-45.793,14.512,21.951,4,42
-1.1470,-0.0605,0.3027,-42.927,16.524,22.561,4,42
-1.1338,-0.0679,0.2822,-40.183,18.780,23.354,4,42
-1.1157,-0.0864,0.2334,-37.805,20.366,24.695,4,42
-1.0962,-0.1064,0.2021,-35.732,21.768,25.671,4,42
-1.0771,-0.1147,0.1831,-34.268,23.537,26.951,4,42
-1.0552,-0.1387,0.1733,-33.841,24.695,27.622,4,42
-1.0107,0.0283,0.0928,-5.793,8.171,25.915,3,42
-1.0073,0.0176,0.0854,-5.183,8.415,25.732,3,42
-1.0122,0.0054,0.0874,-4.695,8.963,25.854,3,42
-1.0225,0.0024,0.1035,-4.634,9.329,26.220,3,42
-1.0195,-0.0034,0.1045,-4.817,9.878,26.098,3,42
-1.0186,-0.0034,0.1094,-6.159,10.488,26.280,3,42
-1.0254,-0.0142,0.1162,-7.500,10.976,26.280,3,42
-1.0347,-0.0166,0.1167,-9.268,11.768,26.159,3,42
-1.0376,-0.0156,0.1294,-11.037,12.378,26.585,3,42
-1.0479,-0.0288,0.1323,-12.988,13.110,26.524,3,42
-1.0532,-0.0298,0.1299,-15.183,13.902,26.585,3,42
-1.0596,-0.0361,0.1323,-17.439,14.756,26.402,3,42
-1.0669,-0.0469,0.1401,-20.000,15.305,25.671,3,42
-1.0762,-0.0557,0.1318,-22.195,15.854,25.122,3,42
-1.0864,-0.0581,0.1338,-25.244,16.890,24.634,3,42
-1.0889,-0.0708,0.1392,-28.537,17.378,23.902,3,42
-1.0581,-0.0942,0.0767,-21.098,26.159,26.159,4,42
-1.0630,-0.0884,0.0820,-18.841,26.768,26.524,4,42
-1.0601,-0.1025,0.0874,-16.646,26.951,26.890,4,42
-1.0586,-0.1206,0.0923,-14.329,27.378,27.195,4,42
-1.0615,-0.1240,0.0850,-11.037,27.927,27.195,4,42
-1.0654,-0.1401,0.0771,-8.049,28.476,27.378,4,42
-1.0586,-0.1450,0.0728,-5.305,29.268,27.317,4,42
-1.0571,-0.1553,0.0718,-2.561,29.817,27.439,4,42
-1.0986,-0.0972,0.1963,-60.793,25.122,19.695,3,42
-1.1021,-0.1016,0.1880,-64.207,26.159,19.146,3,42
-1.0952,-0.1118,0.1909,-67.378,27.073,18.598,3,42
-1.0962,-0.1240,0.2041,-70.854,27.866,17.866,3,42
-1.0962,-0.1294,0.1958,-74.512,28.598,16.707,3,42
-1.1064,-0.1313,0.2061,-78.659,29.390,15.488,3,42
-1.1064,-0.1465,0.2227,-83.902,30.427,13.841,3,42
-1.1030,-0.1660,0.2407,-89.268,31.220,12.500,3,42
-1.0522,-0.1860,0.1001,0.305,34.085,26.951,4,42
-1.0571,-0.1807,0.0996,-1.280,34.390,26.829,4,42
-1.0518,-0.1753,0.0820,-2.927,34.329,27.073,4,42
-1.0513,-0.1660,0.0791,-5.244,34.146,27.073,4,42
-1.0474,-0.1714,0.0679,-7.683,34.085,27.866,4,42
-1.0483,-0.1729,0.0625,-10.122,34.024,27.805,4,42
-1.0464,-0.1694,0.0566,-13.293,33.415,28.049,4,42
-1.0430,-0.1738,0.0479,-16.768,32.927,27.988,4,42
-1.0410,-0.1709,0.0371,-19.634,32.195,28.049,4,42
-1.0430,-0.1670,0.0405,-22.561,31.524,27.988,4,42
-1.0337,-0.1436,0.0347,-25.976,30.976,27.256,4,42
-1.0303,-0.1450,0.0327,-28.902,29.878,26.829,4,42
-1.0303,-0.1372,0.0278,-31.280,28.963,26.463,4,42
-1.0225,-0.1348,0.0059,-33.598,27.927,26.159,4,42
-1.0195,-0.1187,0.0044,-35.305,26.890,25.854,4,42
-1.0186,-0.1045,-0.0054,-36.402,25.976,25.549,4,42
-1.0229,-0.0806,-0.0078,-37.927,24.939,24.695,4,42
-1.0103,-0.0610,-0.0132,-38.659,23.963,24.329,4,42
-1.0186,-0.0503,-0.0225,-38.537,22.683,23.841,4,42
-1.0273,-0.0322,-0.0210,-38.537,21.585,23.232,4,42
-1.0303,-0.0181,-0.0254,-38.171,20.427,22.744,4,42
-1.0337,-0.0068,-0.0234,-37.256,19.390,22.256,4,42
-1.0435,0.0078,-0.0322,-37.073,18.049,21.220,4,42
-1.0444,0.0190,-0.0459,-37.256,16.951,20.549,4,42
-0.8862,-1.4082,0.1606,-166.402,19.207,-62.195,3,42
-0.8740,-1.3608,0.2139,-161.159,18.171,-70.854,3,42
-0.8750,-1.2095,0.2471,-158.598,18.171,-76.585,3,42
-0.8936,-0.9927,0.2378,-159.756,17.927,-78.780,3,42
-0.9102,-0.7661,0.2017,-165.366,17.317,-77.317,3,42
-0.9199,-0.5640,0.1650,-175.671,16.646,-72.866,3,42
-0.9282,-0.4126,0.1030,-189.329,15.671,-66.524,3,42
-0.9355,-0.3164,0.0562,-203.720,14.634,-59.451,3,42
-0.9541,-0.2568,-0.0044,-218.476,13.293,-49.695,3,42
-0.9648,-0.2437,-0.0103,-221.159,12.927,-47.195,3,42
-0.9756,-0.2373,0.0078,-224.085,11.829,-42.500,3,42
-0.9751,-0.2524,0.0215,-223.780,9.512,-38.110,3,42
-0.9692,-0.2744,0.0234,-221.524,8.476,-37.012,3,42
-0.9629,-0.2832,0.0220,-218.476,7.378,-37.561,3,42
-0.9551,-0.2930,0.0059,-215.122,6.646,-39.451,3,42
-0.9380,-0.2856,-0.0073,-212.134,5.183,-42.439,3,42
-1.0464,0.0356,0.0205,-20.549,2.256,7.195,4,42
-1.0557,0.0181,0.0352,-19.207,2.256,6.768,4,42
-1.0508,0.0020,0.0386,-17.195,1.951,6.585,4,42
-1.0562,-0.0142,0.0381,-15.732,1.768,6.220,4,42
-1.0552,-0.0225,0.0439,-14.329,1.829,5.488,4,42
-1.0576,-0.0269,0.0386,-13.293,1.951,4.329,4,42
-1.0562,-0.0239,0.0410,-12.927,1.829,3.537,4,42
-1.0620,-0.0283,0.0381,-13.232,1.402,2.805,4,42
-1.0698,-0.0244,0.0269,-13.476,1.220,2.439,4,42
-1.0742,-0.0264,0.0313,-12.988,1.280,2.012,4,42
-1.0776,-0.0205,0.0508,-12.561,2.134,1.646,4,42
-1.0747,-0.0249,0.0571,-11.951,2.195,1.159,4,42
-1.0840,-0.0210,0.0483,-11.280,2.317,0.671,4,42
-1.0771,-0.0400,0.0527,-9.573,2.500,-0.061,4,42
-1.0771,-0.0444,0.0654,-7.439,2.927,-0.549,4,42
-1.0850,-0.0425,0.0645,-5.915,3.476,-0.732,4,42
-1.0811,-0.0518,0.0576,-5.427,4.329,-0.793,4,42
-1.0757,-0.0688,0.0596,-5.122,4.268,-1.159,4,42
-1.0713,-0.0723,0.0522,-5.305,4.573,-1.463,4,42
-1.0728,-0.0889,0.0449,-5.610,4.817,-1.707,4,42
-1.0737,-0.0942,0.0425,-5.915,5.427,-1.951,4,42
-1.0713,-0.1006,0.0444,-6.829,5.793,-2.073,4,42
-1.0723,-0.0894,0.0630,-7.683,6.341,-2.622,4,42
-1.0815,-0.0884,0.0615,-9.024,6.098,-3.354,4,42
-0.8057,0.8950,0.7798,-154.451,-28.780,-17.500,3,42
-0.8599,0.9761,0.6294,-162.988,-25.793,-15.183,3,42
-0.9326,1.0464,0.4404,-167.744,-23.293,-13.110,3,42
-1.0166,1.1113,0.2607,-168.537,-21.402,-11.280,3,42
-1.1152,1.1646,0.0933,-167.134,-19.573,-9.634,3,42
-1.2314,1.2051,-0.0552,-163.659,-16.829,-8.415,3,42
-1.3525,1.2344,-0.1870,-158.598,-13.780,-7.195,3,42
-1.4600,1.2510,-0.3135,-151.159,-11.098,-5.915,3,42
-1.5493,1.2627,-0.4224,-140.549,-7.683,-4.512,3,42
-1.6348,1.2627,-0.5166,-128.415,-3.354,-3.354,3,42
-1.6987,1.2471,-0.5615,-117.500,0.976,-2.256,3,42
-1.7524,1.2124,-0.5996,-109.817,5.000,-2.561,3,42
-1.7559,1.1558,-0.6250,-100.976,9.085,-4.146,3,42
-1.7358,1.1279,-0.6421,-88.537,13.293,-6.098,3,42
-1.6802,1.1255,-0.5854,-75.610,18.110,-9.085,3,42
-1.6045,1.1289,-0.5132,-65.366,21.402,-11.707,3,42
-1.5269,1.1226,-0.4326,-56.524,23.841,-14.390,3,42
-1.4497,1.1118,-0.3579,-47.378,26.768,-16.707,3,42
-1.3774,1.0898,-0.2813,-37.500,29.390,-17.927,3,42
-1.3208,1.0703,-0.1929,-26.402,31.037,-18.232,3,42
-1.2539,1.0449,-0.0942,-14.939,31.707,-18.171,3,42
-1.2017,1.0039,0.0161,-3.232,32.134,-17.805,3,42
-1.1519,0.9639,0.0972,7.744,31.585,-16.951,3,42
-1.1079,0.8960,0.1807,17.988,31.707,-15.976,3,42
-1.0391,-0.1387,-0.0181,-4.756,4.817,-8.537,4,42
-1.0469,-0.1455,-0.0229,-5.366,3.841,-8.720,4,42
-1.0405,-0.1523,-0.0259,-6.402,3.415,-8.659,4,42
-1.0400,-0.1416,-0.0269,-6.646,2.866,-8.780,4,42
-1.0381,-0.1401,-0.0269,-7.500,2.805,-8.841,4,42
-1.0449,-0.1323,-0.0215,-8.232,1.951,-8.720,4,42
-1.0479,-0.1270,-0.0234,-9.146,1.646,-9.024,4,42
-1.0547,-0.1235,-0.0278,-10.061,1.098,-8.902,4,42
-1.0645,-0.1279,-0.0229,-10.793,0.854,-8.537,4,42
-1.0610,-0.1328,-0.0137,-10.793,0.183,-8.720,4,42
-1.0645,-0.1294,-0.0107,-10.610,-0.244,-8.841,4,42
-1.0571,-0.1411,-0.0186,-10.549,-0.366,-9.146,4,42
-1.0537,-0.1353,-0.0078,-9.817,-0.488,-9.146,4,42
-1.0498,-0.1348,-0.0107,-8.902,-0.854,-9.451,4,42
-1.0503,-0.1250,-0.0024,-8.537,-1.402,-9.756,4,42
-1.0444,-0.1021,-0.0083,-8.354,-1.524,-10.305,4,42
-1.0493,-0.0952,0.0059,-9.146,-1.829,-10.244,4,42
-1.0596,-0.0864,0.0088,-9.939,-2.012,-10.366,4,42
-1.0552,-0.0781,0.0127,-11.220,-2.256,-10.061,4,42
-1.0576,-0.0801,0.0073,-13.110,-2.439,-10.122,4,42
-1.0547,-0.0864,0.0029,-15.122,-2.866,-10.305,4,42
-1.0537,-0.1016,-0.0044,-15.488,-3.415,-10.549,4,42
-1.0532,-0.1157,-0.0020,-15.244,-3.537,-10.427,4,42
-1.0508,-0.1265,0.0107,-14.817,-3.720,-10.488,4,42
-1.0527,-0.1216,0.0146,-15.122,-3.841,-10.793,4,42
-1.0542,-0.1182,0.0156,-15.671,-4.085,-11.280,4,42
-1.0571,-0.1226,0.0234,-16.707,-4.207,-11.341,4,42
-1.0508,-0.1182,0.0161,-17.866,-4.207,-11.646,4,42
-1.0547,-0.1206,0.0161,-18.659,-4.573,-11.951,4,42
-1.0469,-0.1201,0.0186,-18.720,-4.512,-12.195,4,42
-1.0498,-0.1123,0.0103,-19.207,-4.756,-12.256,4,42
-1.0503,-0.1162,0.0142,-19.817,-4.756,-12.195,4,42
-1.0503,-0.1113,0.0132,-20.244,-4.756,-12.134,4,42
-1.0654,-0.1172,0.0137,-20.854,-4.817,-12.561,4,42
-1.0615,-0.1191,0.0132,-21.585,-4.878,-12.622,4,42
-1.0742,-0.1221,0.0137,-22.317,-4.878,-12.866,4,42
-1.0752,-0.1343,0.0273,-23.232,-4.756,-13.049,4,42
-1.0703,-0.1353,0.0356,-23.110,-4.268,-13.171,4,42
-1.0669,-0.1362,0.0435,-23.537,-4.634,-14.024,4,42
-1.0591,-0.1338,0.0303,-23.720,-4.390,-13.963,4,42
-0.5225,-0.5132,0.1309,-33.232,12.256,-26.159,3,42
-0.5220,-0.5405,0.1665,-29.817,10.427,-25.854,3,42
-0.5435,-0.5698,0.1821,-26.524,8.780,-25.122,3,42
-0.5781,-0.6050,0.1953,-23.049,7.317,-24.634,3,42
-0.5972,-0.6343,0.2168,-20.366,5.854,-23.902,3,42
-0.6411,-0.6616,0.2202,-17.927,5.183,-22.927,3,42
-0.6724,-0.6899,0.2222,-16.402,5.366,-22.378,3,42
-0.7139,-0.7017,0.2026,-17.195,5.366,-22.012,3,42
-0.7617,-0.7051,0.1821,-19.207,6.280,-21.768,3,42
-0.7861,-0.7104,0.1694,-23.780,7.256,-21.585,3,42
-0.8188,-0.6968,0.1475,-30.000,8.232,-21.585,3,42
-0.8369,-0.6816,0.1216,-37.317,8.720,-22.012,3,42
-0.8379,-0.6650,0.1206,-45.549,8.415,-22.622,3,42
-0.8242,-0.6646,0.1191,-53.293,6.524,-22.927,3,42
-0.7988,-0.6865,0.1323,-60.244,4.268,-22.744,3,42
-0.7651,-0.7139,0.1694,-66.280,1.037,-22.622,3,42
-0.7197,-0.7310,0.2070,-71.037,-2.195,-22.256,3,42
-0.6846,-0.7349,0.2393,-76.402,-5.488,-22.012,3,42
-0.6484,-0.7158,0.2739,-81.463,-8.598,-21.707,3,42
-0.6309,-0.6753,0.2886,-88.963,-11.159,-21.585,3,42
-0.6152,-0.6245,0.3125,-97.927,-13.476,-21.280,3,42
-0.6138,-0.5649,0.3130,-108.049,-14.817,-20.976,3,42
-0.6289,-0.4990,0.2988,-118.598,-16.220,-19.512,3,42
-0.6426,-0.4302,0.2905,-128.293,-17.256,-18.171,3,42
-0.6802,-0.3237,0.2295,-141.098,-17.866,-14.207,3,42
-0.7119,-0.2637,0.2012,-148.049,-18.232,-11.159,3,42
-0.7290,-0.2065,0.1685,-153.537,-18.598,-8.659,3,42
-0.7603,-0.1621,0.1328,-158.415,-18.537,-6.037,3,42
-0.7710,-0.1338,0.0986,-161.707,-18.659,-4.085,3,42
-0.7788,-0.1133,0.0693,-163.780,-18.110,-2.317,3,42
-0.7808,-0.0928,0.0474,-164.085,-18.354,-0.610,3,42
-0.7715,-0.0791,0.0337,-163.110,-17.927,0.610,3,42
-0.7749,-0.0703,0.0264,-160.061,-17.317,1.463,3,42
-0.7651,-0.0669,0.0195,-155.610,-17.378,1.707,3,42
-0.7734,-0.0601,0.0029,-150.244,-16.890,1.280,3,42
-0.7725,-0.0605,-0.0117,-144.146,-16.585,0.305,3,42
-0.7803,-0.0601,-0.0342,-137.561,-16.463,-0.854,3,42
-0.7896,-0.0669,-0.0366,-130.305,-15.549,-2.439,3,42
-0.8071,-0.0693,-0.0430,-122.927,-14.756,-3.902,3,42
-0.8164,-0.0674,-0.0659,-115.122,-14.146,-5.854,3,42
-0.8218,-0.0718,-0.0679,-107.256,-13.902,-7.561,3,42
-0.8164,-0.0742,-0.0811,-100.549,-13.537,-9.451,3,42
-0.8110,-0.1021,-0.0908,-93.171,-13.476,-11.585,3,42
-0.7979,-0.1187,-0.1143,-86.524,-13.598,-13.537,3,42
-0.7749,-0.1445,-0.1226,-79.878,-12.561,-16.037,3,42
-0.7603,-0.1709,-0.1411,-74.146,-12.500,-18.293,3,42
-0.7373,-0.1885,-0.1392,-69.634,-11.585,-20.427,3,42
-0.7266,-0.1997,-0.1367,-67.134,-10.976,-21.463,3,42
-0.7231,-0.2065,-0.1333,-65.549,-10.061,-22.561,3,42
-0.7251,-0.1924,-0.1206,-64.817,-9.329,-23.110,3,42
-0.7290,-0.1699,-0.1108,-63.598,-8.171,-23.110,3,42
-0.7441,-0.1118,-0.1313,-61.402,-6.220,-22.866,3,42
-0.7549,0.0200,-0.2236,-58.720,-3.232,-20.732,3,42
-0.7871,0.2212,-0.3643,-57.195,2.866,-16.280,3,42
-0.9072,0.5254,-0.5391,-55.854,12.012,-10.427,3,42
-1.1636,0.9531,-0.6353,-49.512,23.415,-2.622,3,42
-1.8228,1.8042,-0.7085,-20.122,41.098,16.585,3,42
-2.5347,2.4185,-0.9775,7.317,54.146,36.829,3,42
-3.7383,2.8037,-1.3481,22.988,72.195,67.256,3,42
-5.4736,2.5830,-1.3940,17.561,91.098,103.963,3,42
-6.3662,1.6309,-0.9502,2.134,100.061,134.085,3,42
-5.9443,0.5283,-0.3042,-3.476,99.390,137.317,3,42
-4.2783,-0.0186,0.4209,7.256,93.171,107.805,3,42
-2.8511,-0.2490,1.0781,19.817,84.573,59.024,3,42
-1.3672,-0.3252,1.5444,33.476,72.500,14.207,3,42
-0.3438,-0.2197,1.8442,44.817,59.573,-20.732,3,42
0.4858,-0.1372,1.7749,41.402,59.634,-44.329,3,42
1.1206,-0.1089,1.3506,41.280,62.378,-53.963,3,42
1.4502,-0.1123,0.8438,47.195,63.902,-48.537,3,42
1.3442,-0.2476,0.2905,57.988,62.805,-31.829,3,42
0.7900,-0.5386,-0.2109,75.366,57.744,-15.183,3,42
0.0068,-0.9155,-0.5654,100.488,53.049,-6.159,3,42
-1.6011,-1.6782,0.4307,23.293,74.146,-96.463,4,42
-1.6733,-2.0352,0.2197,17.378,78.902,-107.805,4,42
-1.6777,-2.0962,0.1348,13.598,83.293,-123.110,4,42
-1.8540,-1.9292,0.1128,2.378,86.220,-133.476,4,42
-2.0518,-1.5542,0.1094,-14.146,87.866,-140.732,4,42
-2.2065,-1.0942,0.2871,-29.512,89.512,-141.829,4,42
-2.3569,-0.7666,0.5176,-46.768,91.890,-137.744,4,42
-2.4766,-0.6343,0.6743,-62.744,94.756,-130.427,4,42
-2.5298,-0.6255,0.6797,-75.122,98.049,-124.268,4,42
-2.5757,-0.5894,0.6958,-80.122,101.768,-120.244,4,42
-2.6348,-0.4883,0.7012,-83.537,104.512,-118.110,4,42
-2.6948,-0.3848,0.6963,-88.598,107.256,-118.232,4,42
-2.7573,-0.3286,0.6621,-92.378,110.366,-117.195,4,42
-2.8062,-0.3330,0.6519,-95.244,113.537,-117.378,4,42
-2.8428,-0.3823,0.6855,-95.854,117.073,-119.268,4,42
-2.8955,-0.4473,0.7510,-95.915,120.610,-124.207,4,42
-2.9507,-0.5073,0.8418,-96.280,124.085,-130.793,4,42
-3.0186,-0.5034,0.9458,-96.951,127.317,-138.598,4,42
-3.0742,-0.4321,1.0527,-99.817,131.220,-146.037,4,42
-3.1392,-0.3564,1.1841,-105.366,135.122,-151.585,4,42
-3.2139,-0.2642,1.2534,-113.049,137.622,-154.085,4,42
-3.2905,-0.1885,1.3516,-122.500,140.427,-153.354,4,42
-3.3408,-0.1104,1.4214,-133.232,142.805,-151.098,4,42
-3.3706,-0.1060,1.4937,-144.512,145.488,-148.049,4,42
-3.3628,-0.0840,1.5923,-155.549,147.866,-145.305,4,42
-3.3315,-0.0571,1.6934,-168.902,149.268,-143.598,4,42
-3.2695,0.0093,1.8130,-183.049,150.549,-142.378,4,42
-3.2031,0.0591,1.9253,-196.585,151.707,-141.585,4,42
-3.1123,0.1782,2.0698,-209.695,150.854,-139.756,4,42
-3.0181,0.3081,2.2134,-227.256,149.573,-137.500,4,42
-2.9258,0.4038,2.2983,-245.915,148.171,-133.415,4,42
-2.8164,0.4902,2.3789,-260.671,145.610,-127.988,4,42
-0.9771,-0.2251,-0.3232,-21.280,45.061,-28.780,3,42
-0.9946,-0.2158,-0.2837,-25.610,42.622,-31.585,3,42
-0.9829,-0.1616,-0.2876,-30.183,39.573,-32.073,3,42
-0.9526,-0.0825,-0.3247,-35.427,37.256,-32.134,3,42
-0.9243,-0.0249,-0.3560,-41.037,34.756,-32.622,3,42
-0.9082,0.0117,-0.3628,-45.122,31.768,-34.085,3,42
-0.9028,0.0166,-0.3784,-45.915,29.268,-35.732,3,42
-0.9165,0.0015,-0.3667,-44.634,25.549,-37.256,3,42
-0.9380,-0.0591,-0.3530,-41.707,22.744,-37.805,3,42
-0.9609,-0.1465,-0.3271,-36.951,20.366,-37.195,3,42
-0.9766,-0.2314,-0.3003,-30.610,17.744,-36.524,3,42
-0.9604,-0.2847,-0.2954,-25.244,15.915,-36.524,3,42
-0.9292,-0.2939,-0.2827,-21.585,13.841,-36.098,3,42
-0.8975,-0.2915,-0.2749,-20.427,11.890,-35.183,3,42
-0.8784,-0.2744,-0.2769,-19.756,9.085,-35.122,3,42
-0.8599,-0.2476,-0.3223,-16.890,6.159,-34.512,3,42
-0.8638,-0.2192,-0.3833,-12.622,3.598,-34.451,3,42
-0.8618,-0.1978,-0.4331,-8.415,0.488,-34.024,3,42
-0.8794,-0.1831,-0.4639,-3.720,-1.707,-33.110,3,42
-0.8711,-0.1973,-0.4692,0.854,-4.695,-32.012,3,42
-0.8833,-0.2002,-0.4434,4.634,-7.195,-30.549,3,42
-0.8970,-0.2222,-0.4214,7.439,-10.854,-28.598,3,42
-0.8984,-0.2651,-0.3867,9.878,-13.171,-27.073,3,42
-0.9043,-0.3081,-0.3584,13.049,-15.732,-25.549,3,42
-1.0708,1.8081,1.8784,-204.939,0.732,-12.744,4,42
-1.0664,1.6841,1.9028,-229.085,-15.061,-35.671,4,42
-1.0537,1.5503,1.9600,-243.049,-48.537,-60.549,4,42
-1.0166,1.3916,1.9858,-249.085,-97.073,-86.280,4,42
-0.9551,1.2178,1.9976,-246.098,-151.951,-110.671,4,42
-0.9224,1.0220,1.9146,-235.366,-203.963,-130.732,4,42
-0.9155,0.8535,1.8003,-216.037,-244.756,-144.085,4,42
-0.9395,0.7495,1.6704,-191.280,-272.500,-149.634,4,42
-0.8955,-0.2461,-0.2466,11.585,-43.720,-3.110,3,42
-0.9131,-0.2183,-0.2251,14.939,-44.329,-3.049,3,42
-0.9355,-0.2202,-0.2002,16.341,-45.000,-3.354,3,42
-0.9512,-0.2539,-0.1899,18.476,-45.854,-4.085,3,42
-0.9644,-0.2827,-0.1797,22.500,-45.854,-4.085,3,42
-0.9653,-0.2905,-0.1719,25.732,-46.707,-4.939,3,42
-0.9741,-0.3193,-0.1807,25.366,-47.500,-6.098,3,42
-0.9702,-0.3506,-0.1699,23.598,-47.927,-7.012,3,42
-1.7529,0.6108,1.2114,-40.305,-250.793,-71.829,4,42
-1.8296,0.6021,1.1934,-45.610,-256.524,-62.622,4,42
-1.9194,0.5786,1.1738,-56.524,-264.207,-55.244,4,42
-2.0122,0.5508,1.1436,-71.829,-273.902,-49.878,4,42
-2.0898,0.5088,1.1064,-90.549,-284.634,-46.524,4,42
-2.1567,0.4668,1.0703,-110.122,-297.012,-45.854,4,42
-2.2056,0.4287,1.0371,-129.634,-309.146,-48.537,4,42
-2.2378,0.3945,0.9746,-146.951,-321.768,-54.329,4,42
-2.5117,0.2798,0.5171,-183.354,-360.000,-130.000,4,42
-2.6201,0.2690,0.5010,-188.537,-356.829,-133.354,4,42
-2.7480,0.2637,0.5308,-193.415,-354.878,-136.707,4,42
-2.8677,0.2725,0.6035,-196.829,-357.561,-139.756,4,42
-2.9673,0.2827,0.6763,-198.476,-365.976,-143.232,4,42
-3.0703,0.3018,0.7476,-199.451,-380.183,-146.585,4,42
-3.0947,0.3340,0.7935,-199.268,-396.951,-148.293,4,42
-3.0874,0.3555,0.8052,-197.927,-413.841,-149.817,4,42
-1.0117,-0.2554,-0.0283,-22.805,-43.598,11.220,3,42
-1.0117,-0.2529,-0.0283,-21.829,-42.927,12.256,3,42
-1.0059,-0.2461,-0.0332,-20.366,-42.561,12.683,3,42
-1.0034,-0.2295,-0.0215,-18.963,-41.951,13.232,3,42
-0.9951,-0.2002,-0.0347,-17.683,-41.220,13.902,3,42
-0.9863,-0.1460,-0.0464,-15.549,-40.061,14.939,3,42
-0.9888,-0.1113,-0.0439,-14.573,-39.329,15.366,3,42
-0.9971,-0.0986,-0.0205,-14.329,-38.841,16.159,3,42
-3.2979,0.6157,0.1958,-251.037,-452.317,-89.146,4,42
-3.2070,0.5327,0.0732,-228.902,-458.110,-80.000,4,42
-3.1978,0.5728,-0.0317,-205.488,-464.573,-79.146,4,42
-3.2051,0.7563,-0.1250,-191.280,-477.927,-86.341,4,42
-3.1973,0.9390,-0.2188,-191.768,-496.707,-92.378,4,42
-3.1567,1.0854,-0.3433,-200.366,-517.988,-89.878,4,42
-3.1602,1.2104,-0.4536,-216.829,-537.683,-75.366,4,42
-3.1729,1.3091,-0.5859,-238.659,-552.744,-53.110,4,42
-3.2349,1.4312,-0.7642,-266.341,-561.159,-26.768,4,42
-3.2563,1.5430,-0.9434,-298.476,-564.756,-2.317,4,42
-3.2358,1.6519,-1.0938,-328.476,-559.756,21.524,4,42
-3.1772,1.8003,-1.2856,-357.378,-550.000,42.195,4,42
-3.0811,1.9238,-1.4531,-386.341,-541.402,58.049,4,42
-2.9385,2.0303,-1.6201,-413.963,-537.622,70.305,4,42
-2.7744,2.1255,-1.7446,-439.939,-540.732,78.171,4,42
-2.5825,2.2339,-1.8887,-460.610,-549.512,80.915,4,42
-2.4106,2.3105,-2.0342,-472.500,-558.963,78.049,4,42
-2.2651,2.3760,-2.1362,-468.476,-568.598,71.341,4,42
-2.2100,2.3960,-2.1440,-455.366,-577.988,61.646,4,42
-2.2612,2.3618,-2.1123,-439.085,-588.598,51.585,4,42
-2.4561,2.2075,-2.0801,-417.073,-603.171,43.049,4,42
-2.7588,1.9463,-2.0576,-385.305,-620.732,37.683,4,42
-3.1143,1.6631,-2.1113,-346.646,-633.293,37.073,4,42
-3.7256,1.4844,-2.7578,-331.037,-622.500,38.354,4,42
-7.0459,-3.7412,-5.3887,-247.073,-577.683,-65.976,4,42
-6.6167,-4.5825,-5.3877,-42.622,-612.622,-200.671,4,42
-5.9888,-4.8438,-3.4692,120.244,-613.110,-308.110,4,42
-6.5757,-2.0283,-9.0166,358.963,-655.976,-210.366,4,42
-9.2798,-1.1138,-12.6113,408.720,-584.573,-207.805,4,42
-11.5020,-0.8496,-16.0000,226.159,-383.841,-322.195,4,42
-8.7998,-2.9214,-15.6938,-314.329,-59.817,-369.817,4,42
-0.1948,-1.4478,-11.5708,-754.878,235.244,-353.659,4,42
-1.0176,0.1499,0.0396,-16.463,-13.841,17.256,3,42
-1.0171,0.1699,0.0806,-10.183,-12.256,16.951,3,42
-1.0454,0.1758,0.1084,-7.317,-11.402,15.793,3,42
-1.0762,0.1162,0.1001,-9.329,-11.159,13.598,3,42
-1.0645,-0.0146,0.0874,-11.646,-10.244,11.585,3,42
-1.0327,-0.1519,0.0674,-10.976,-9.024,10.793,3,42
-0.9761,-0.1953,0.0537,-7.439,-7.378,10.671,3,42
-0.9282,-0.1147,0.0215,-3.171,-5.427,11.524,3,42
-0.9214,0.0527,0.0278,-2.073,-3.293,12.439,3,42
-0.9541,0.2354,0.0532,-5.854,-1.646,12.805,3,42
-1.0112,0.3462,0.0737,-12.744,-0.915,12.317,3,42
-1.0664,0.3535,0.0801,-20.610,0.305,10.915,3,42
-1.1157,0.2739,0.0767,-27.073,0.854,9.207,3,42
-1.1440,0.1528,0.0752,-31.037,2.012,7.073,3,42
-1.1606,0.0376,0.0771,-33.841,2.744,4.817,3,42
-1.1685,-0.0718,0.0859,-35.671,3.720,2.134,3,42
0.8677,3.2461,-1.9355,-10.488,39.451,109.634,4,42
1.3120,3.1289,-1.7666,-4.268,25.854,116.341,4,42
1.3823,2.7300,-1.6118,2.683,14.756,135.976,4,42
1.2153,1.9897,-1.4858,52.439,-6.402,163.293,4,42
1.1401,1.3291,-1.4365,104.329,-21.707,191.220,4,42
0.4019,0.3901,-1.0479,163.110,-19.939,210.183,4,42
-0.2153,-0.3794,-0.7012,213.780,-16.707,204.024,4,42
-0.6523,-0.9985,-0.6689,242.073,-12.073,179.939,4,42
-1.0840,-0.0664,0.0054,-11.463,8.902,-13.963,3,42
-1.0591,-0.0830,-0.0005,-9.756,9.085,-14.085,3,42
-1.0303,-0.1216,-0.0063,-7.134,9.146,-14.512,3,42
-0.9829,-0.1553,-0.0254,-6.524,9.329,-14.939,3,42
-0.9702,-0.1743,-0.0391,-8.476,9.085,-15.610,3,42
-0.9575,-0.1831,-0.0332,-11.707,9.024,-16.280,3,42
-0.9546,-0.1875,-0.0293,-14.756,8.902,-16.463,3,42
-0.9521,-0.1802,-0.0229,-17.683,9.024,-16.402,3,42
-1.7568,-0.7988,-2.2837,253.049,61.585,43.293,4,42
-2.0820,-0.6187,-2.4014,233.659,86.829,42.073,4,42
-2.0854,-0.4546,-2.4351,213.902,120.915,38.963,4,42
-1.9063,-0.3701,-2.4346,188.841,153.110,35.793,4,42
-1.7329,-0.2617,-2.4219,167.195,180.732,31.768,4,42
-1.6157,-0.2061,-2.3794,150.549,201.707,27.439,4,42
-1.5269,-0.0728,-2.3701,135.244,218.171,20.122,4,42
-1.4282,0.0176,-2.3022,126.280,221.159,8.293,4,42
-1.3765,0.1118,-2.1538,132.256,217.622,-7.317,4,42
-1.3193,0.1553,-1.9800,147.866,209.268,-23.659,4,42
-1.2744,0.1533,-1.8447,171.890,201.707,-40.488,4,42
-1.3296,0.0659,-1.8457,193.963,203.232,-57.683,4,42
-1.4648,-0.0273,-1.9463,202.439,219.207,-75.976,4,42
-1.5674,-0.1309,-1.9517,206.098,235.793,-87.012,4,42
-1.5073,-0.1694,-1.7559,219.817,239.268,-85.671,4,42
-1.3267,-0.1172,-1.4600,239.024,227.134,-71.585,4,42
-0.9702,-0.1758,-0.0483,-1.585,17.622,-11.341,3,42
-0.9746,-0.1479,-0.0488,1.220,18.049,-10.915,3,42
-0.9819,-0.1309,-0.0444,3.354,18.902,-10.427,3,42
-0.9849,-0.1235,-0.0186,5.305,19.695,-9.512,3,42
-1.0059,-0.1191,0.0020,7.500,20.732,-8.537,3,42
-1.0176,-0.0991,0.0249,9.207,21.646,-7.866,3,42
-1.0288,-0.0967,0.0410,10.610,22.561,-7.195,3,42
-1.0273,-0.0918,0.0474,12.195,23.780,-6.951,3,42
-1.7744,0.1260,-1.1230,266.646,169.939,80.488,4,42
-1.8643,0.0098,-1.0308,270.610,181.280,77.744,4,42
-1.8892,-0.0503,-0.9224,275.915,188.354,75.671,4,42
-1.8994,-0.0776,-0.8916,277.866,194.573,72.866,4,42
-1.8901,-0.0894,-0.9302,276.768,202.561,69.756,4,42
-1.9136,-0.0757,-0.9414,275.854,211.707,65.732,4,42
-1.9604,-0.1396,-1.0474,268.476,225.061,59.085,4,42
-2.0024,-0.1797,-1.1289,262.927,238.049,52.683,4,42
-2.0254,-0.1978,-1.1592,255.305,249.390,45.915,4,42
-2.0278,-0.2129,-1.1528,245.671,259.512,40.488,4,42
-1.9966,-0.2256,-1.1211,233.963,267.439,36.280,4,42
-1.9497,-0.2280,-1.0781,219.024,274.085,32.439,4,42
-1.9238,-0.2290,-1.0493,201.768,280.366,28.963,4,42
-1.9106,-0.2197,-1.0234,183.720,286.585,24.817,4,42
-1.9150,-0.1953,-1.0137,165.671,292.256,20.366,4,42
-1.9414,-0.1606,-1.0117,148.354,297.805,16.098,4,42
-1.9863,-0.1172,-0.9985,133.354,303.171,12.012,4,42
-2.0483,-0.0645,-0.9878,121.463,307.805,8.293,4,42
-2.1050,0.0005,-0.9624,112.439,312.744,5.976,4,42
-2.1699,0.0708,-0.9136,105.610,317.012,3.963,4,42
-2.2236,0.1411,-0.8716,100.366,321.098,3.049,4,42
-2.2656,0.2002,-0.8164,97.744,324.512,3.049,4,42
-2.2920,0.2568,-0.7891,95.610,327.927,3.841,4,42
-2.3169,0.2954,-0.7476,94.756,330.427,5.488,4,42
-2.3213,0.3208,-0.7080,93.780,332.683,7.683,4,42
-2.3237,0.3457,-0.7012,92.378,334.268,10.366,4,42
-2.3330,0.3643,-0.7070,91.037,336.402,13.232,4,42
-2.3330,0.3628,-0.7012,90.244,337.866,16.098,4,42
-2.3379,0.3755,-0.6885,89.756,338.841,19.024,4,42
-2.3301,0.3843,-0.6885,90.244,338.780,22.256,4,42
-2.3184,0.3979,-0.6846,91.098,337.927,25.305,4,42
-2.3174,0.4141,-0.6870,93.476,335.976,28.598,4,42
-2.3018,0.4404,-0.6768,97.256,333.902,30.732,4,42
-2.3062,0.4521,-0.6816,102.805,331.463,32.561,4,42
-2.3042,0.4697,-0.6743,110.488,328.902,33.902,4,42
-2.3179,0.4771,-0.6440,118.232,326.768,34.207,4,42
-2.3413,0.4775,-0.6079,127.134,324.573,33.659,4,42
-2.3564,0.4722,-0.5356,135.671,322.317,32.866,4,42
-2.3765,0.4570,-0.4502,145.976,319.512,31.707,4,42
-2.3862,0.4551,-0.3154,157.561,315.488,30.610,4,42
-1.0269,-0.2617,-0.1157,-22.866,52.866,-6.646,3,42
-1.0225,-0.2759,-0.1045,-20.061,53.841,-6.037,3,42
-1.0151,-0.2930,-0.0957,-17.683,54.390,-5.671,3,42
-1.0015,-0.2964,-0.1060,-14.329,55.000,-4.817,3,42
-0.9761,-0.3120,-0.1406,-10.305,56.098,-3.841,3,42
-0.9683,-0.3228,-0.1646,-5.549,57.134,-2.805,3,42
-0.9722,-0.3452,-0.1587,-0.366,58.476,-2.256,3,42
-0.9707,-0.3560,-0.1240,3.659,59.207,-1.768,3,42
-0.9585,-0.3633,-0.0850,7.439,58.963,-1.280,3,42
-0.9546,-0.3774,-0.0566,10.671,59.024,-0.549,3,42
-0.9517,-0.3765,-0.0674,14.268,59.634,0.976,3,42
-0.9468,-0.3584,-0.0918,16.585,60.671,2.500,3,42
-0.9546,-0.3457,-0.1392,17.988,61.341,3.780,3,42
-0.9751,-0.3447,-0.1616,17.866,62.927,4.878,3,42
-0.9961,-0.3555,-0.1753,16.220,63.963,5.610,3,42
-1.0171,-0.3838,-0.1670,14.329,65.366,5.976,3,42
-1.8413,0.4878,0.6113,69.329,250.915,12.927,4,42
-1.7944,0.5093,0.5356,61.280,246.463,14.085,4,42
-1.7896,0.4824,0.6133,53.720,245.305,11.951,4,42
-1.7178,0.6611,0.7466,44.756,232.012,15.000,4,42
-1.6387,0.7148,0.8950,30.000,215.549,18.476,4,42
-1.5332,0.8979,0.8799,25.427,200.305,26.341,4,42
-1.4819,0.9937,0.7241,7.195,195.488,29.085,4,42
-1.4849,1.1470,0.6826,-2.744,198.171,27.256,4,42
-1.1104,-0.3623,0.3286,-11.890,86.890,12.683,3,42
-1.0249,-0.3247,0.2798,-12.500,88.598,12.805,3,42
-0.9531,-0.2896,0.1304,-11.159,90.427,13.720,3,42
-0.9824,-0.2261,-0.0073,-9.207,92.805,12.012,3,42
-0.9995,-0.2261,-0.1646,-7.500,96.829,10.671,3,42
-1.0625,-0.2085,-0.2324,-3.780,98.537,9.634,3,42
-1.0381,-0.2153,-0.2012,-1.098,99.024,8.598,3,42
-0.9556,-0.2466,-0.1558,0.671,98.902,9.085,3,42
-0.8086,-0.2432,-0.1592,3.049,96.707,10.488,3,42
-0.7397,-0.2290,-0.2183,4.024,93.720,12.317,3,42
-0.7568,-0.2520,-0.3579,6.768,91.524,13.902,3,42
-0.8599,-0.2661,-0.4839,11.402,89.939,13.963,3,42
-0.9639,-0.2705,-0.5283,12.805,90.000,13.720,3,42
-0.9922,-0.3008,-0.4897,11.463,89.451,13.902,3,42
-0.9272,-0.3613,-0.4028,9.451,87.988,14.695,3,42
-0.8755,-0.3735,-0.3696,7.317,85.854,15.610,3,42
0.3516,1.3574,8.7778,423.780,-213.110,26.951,4,42
0.0449,0.7305,5.1836,373.110,-188.659,52.012,4,42
-0.7949,-0.2129,3.6455,312.988,-156.951,105.549,4,42
-1.8091,-1.1201,1.7944,215.305,-154.329,142.866,4,42
-2.8794,-2.1255,-0.7295,105.122,-153.476,145.183,4,42
-4.3794,-2.5151,-2.2144,28.232,-156.890,128.110,4,42
-8.0698,-2.3823,-3.1211,-36.951,-180.427,87.683,4,42
-10.3691,-1.9214,-3.3481,-11.463,-152.561,32.195,4,42
-10.7603,-1.6685,-2.5420,75.854,-145.610,-13.537,4,42
-8.6421,-1.8662,-0.3599,160.610,-146.463,-2.927,4,42
-6.1938,-1.7808,1.0718,187.561,-147.256,39.695,4,42
-3.8833,-1.3999,2.9761,90.244,-139.451,65.305,4,42
-1.9917,-0.5776,2.7324,15.610,-129.329,93.415,4,42
-0.2837,-0.2813,2.3135,-78.598,-126.646,87.561,4,42
1.1392,-0.4082,1.7646,-160.183,-132.683,58.902,4,42
1.1440,-0.5410,1.2383,-168.780,-129.695,40.244,4,42
-3.4043,0.0200,0.4946,-49.207,-57.317,-4.268,4,42
-3.2222,0.1870,0.8125,-11.768,-38.902,1.829,4,42
-3.2964,0.3135,1.1240,15.671,-21.402,6.098,4,42
-3.2002,0.1738,1.3848,27.561,-8.232,9.817,4,42
-3.1362,-0.0640,1.5435,22.134,0.915,8.171,4,42
-3.1333,-0.3452,1.6060,3.841,8.293,0.732,4,42
-3.1587,-0.5625,1.5483,-16.768,15.427,-8.232,4,42
-3.1328,-0.6675,1.4438,-39.268,22.012,-20.183,4,42
-2.8521,-0.6157,1.2988,-54.756,34.939,-33.598,4,42
-2.6924,-0.5122,1.2549,-55.671,39.695,-34.329,4,42
-2.3521,-0.2422,1.1646,-55.915,49.024,-32.073,4,42
-2.1274,-0.0264,1.1021,-56.707,56.951,-28.293,4,42
-2.0474,0.0498,1.0635,-53.963,64.512,-26.951,4,42
-2.1201,0.0146,1.0811,-44.390,71.951,-28.110,4,42
-2.4233,-0.0347,1.1982,-29.878,84.695,-35.061,4,42
-2.5498,-0.0576,1.2466,-26.951,89.268,-37.500,4,42
-2.9521,-0.1206,1.3511,-21.463,102.744,-41.524,4,42
-3.2197,-0.1777,1.4297,-20.061,111.829,-40.244,4,42
-3.3413,-0.2139,1.4556,-20.061,116.220,-39.512,4,42
-3.5176,-0.2930,1.4766,-21.098,124.268,-39.329,4,42
-3.5894,-0.3892,1.4824,-22.134,131.341,-41.890,4,42
-3.4463,-0.4673,1.5864,-24.085,141.098,-49.512,4,42
-3.2544,-0.4897,1.6768,-26.951,148.780,-54.573,4,42
-3.0762,-0.4888,1.7603,-29.451,156.159,-57.561,4,42
-2.9829,-0.4561,1.8804,-31.524,163.902,-58.476,4,42
-3.0205,-0.3882,2.1152,-34.451,171.341,-57.012,4,42
-3.1396,-0.3403,2.2969,-37.988,175.610,-54.634,4,42
-3.2568,-0.4141,2.3667,-45.854,178.902,-50.976,4,42
-3.3062,-0.5923,2.2827,-55.976,183.415,-45.427,4,42
-3.3081,-0.7305,2.2100,-66.768,188.963,-41.098,4,42
-3.2827,-0.7070,2.4434,-78.537,192.439,-38.659,4,42
-3.1641,-0.6890,2.7646,-92.805,190.000,-37.927,4,42
-3.0015,-0.6924,2.9653,-107.073,185.610,-35.549,4,42
-2.8032,-0.6479,3.1099,-120.793,179.390,-33.720,4,42
-2.6343,-0.5859,3.2158,-136.220,174.878,-32.744,4,42
-2.4961,-0.4399,3.3872,-150.122,170.061,-32.988,4,42
-2.3594,-0.2456,3.4424,-168.415,162.317,-34.024,4,42
-2.1621,-0.2832,3.4053,-174.573,149.268,-29.878,4,42
-2.0669,-0.0610,3.6279,-179.634,141.463,-22.988,4,42
-1.8857,0.0698,3.5000,-184.634,129.024,-16.098,4,42
-1.7129,0.2100,3.2485,-184.939,118.049,-7.195,4,42
-1.5605,0.2949,2.7949,-186.402,109.024,2.012,4,42
-1.4272,0.3320,2.1997,-190.915,99.817,9.329,4,42
-1.2534,0.3340,1.7471,-203.963,88.110,12.317,4,42
-1.1772,0.1909,1.3540,-221.951,72.317,9.573,4,42
-1.1421,0.0405,1.1313,-229.268,56.463,0.427,4,42
-1.0874,-0.1016,1.0566,-218.841,42.317,-12.317,4,42
-1.1025,-0.2349,1.1147,-191.463,25.488,-23.110,4,42
-1.1670,-0.2979,1.2427,-150.427,6.707,-30.305,4,42
-1.1489,-0.2881,1.4189,-107.378,-12.927,-35.122,4,42
-1.1709,-0.2412,1.6113,-74.207,-33.720,-36.707,4,42
-0.9824,-0.1797,1.9805,-46.159,-55.854,-38.780,4,42
-0.8843,-0.1934,2.2764,-23.354,-70.305,-47.683,4,42
-0.9399,-0.2266,2.5396,-5.305,-95.000,-60.793,4,42
-1.2983,-0.1621,2.6938,3.476,-137.134,-70.122,4,42
-1.5171,-0.0811,2.7871,13.110,-183.963,-77.073,4,42
-1.7119,0.0093,2.8677,35.976,-229.268,-86.098,4,42
-1.8154,0.2686,2.9785,76.037,-272.134,-89.573,4,42
-1.7651,0.6865,3.2095,118.902,-305.732,-86.098,4,42
-1.5151,1.2021,3.5400,150.366,-333.293,-73.902,4,42
-1.1768,1.7695,3.7368,167.195,-353.902,-53.110,4,42
-0.8320,1.9985,3.7339,163.902,-367.134,-18.841,4,42
-0.8335,2.2671,3.3481,133.963,-358.780,29.329,4,42
-0.9189,2.0127,2.8608,77.317,-330.915,67.195,4,42
-1.0005,1.4805,2.3745,11.402,-297.073,69.390,4,42
-1.3101,0.8960,2.0059,-60.610,-266.037,49.329,4,42
-1.3979,0.4707,1.8911,-118.902,-251.220,15.915,4,42
-1.2441,0.3350,1.7754,-173.963,-237.683,-11.037,4,42
-1.2974,0.0508,1.8223,-216.646,-230.671,-29.451,4,42
-1.3867,-0.2554,2.0063,-239.085,-239.695,-51.280,4,42
-1.4136,-0.4331,2.1523,-252.927,-260.915,-73.110,4,42
-1.4189,-0.5327,2.2788,-262.439,-284.939,-91.341,4,42
-1.3770,0.3013,0.0664,-92.073,-84.878,-3.171,3,42
-1.4282,0.3149,0.0542,-82.927,-81.037,-2.622,3,42
-1.5020,0.3315,0.0684,-70.000,-76.707,-0.793,3,42
-1.5195,0.4121,0.0791,-56.463,-72.012,1.463,3,42
-1.5039,0.4951,0.1064,-44.024,-66.890,4.695,3,42
-1.5024,0.5576,0.0913,-30.061,-62.561,7.256,3,42
-1.4595,0.6445,0.0938,-15.915,-58.171,10.732,3,42
-1.3789,0.7578,0.1587,-0.732,-51.402,15.000,3,42
-2.3721,1.1914,1.9590,-339.756,-437.378,-43.354,4,42
-2.5967,1.4810,1.7813,-357.256,-424.390,-28.049,4,42
-2.8340,1.7554,1.6211,-378.476,-404.939,-16.890,4,42
-3.0835,1.9883,1.5142,-402.927,-383.720,-11.098,4,42
-3.2813,2.1660,1.4927,-426.646,-366.829,-13.415,4,42
-3.4106,2.3120,1.5044,-448.902,-358.476,-24.390,4,42
-3.4863,2.3828,1.5063,-465.976,-358.293,-41.159,4,42
-3.6479,2.4619,1.4224,-476.829,-362.805,-63.232,4,42
-3.8643,2.5366,1.2886,-481.098,-368.598,-91.402,4,42
-3.9565,2.5288,1.1387,-480.000,-372.378,-120.976,4,42
-4.0474,2.4854,0.9868,-470.244,-375.000,-147.683,4,42
-4.1021,2.4282,0.8604,-453.902,-376.524,-169.390,4,42
-4.1470,2.3799,0.7373,-432.073,-378.171,-184.939,4,42
-4.2246,2.3428,0.6055,-409.207,-380.915,-195.549,4,42
-4.1670,2.3062,0.5313,-386.341,-384.512,-201.768,4,42
-4.3330,2.2598,0.3945,-364.756,-391.037,-203.537,4,42
-0.9121,-0.6704,0.1841,153.476,-11.280,33.780,3,42
-0.8750,-0.7300,0.1421,152.805,-8.841,36.463,3,42
-0.8340,-0.8042,0.1191,151.768,-6.524,38.415,3,42
-0.8101,-0.8794,0.1104,152.622,-4.146,38.293,3,42
-0.7793,-0.9292,0.0996,150.671,-1.829,37.866,3,42
-0.7485,-1.0210,0.0693,151.890,0.183,36.098,3,42
-0.7266,-1.0156,0.0361,152.744,2.561,33.902,3,42
-0.7026,-1.0122,-0.0078,150.610,4.695,31.463,3,42
-0.6772,-0.9810,-0.0571,147.317,6.159,28.780,3,42
-0.6768,-0.9707,-0.0732,146.037,6.890,27.927,3,42
-0.6763,-0.9795,-0.0879,143.354,7.439,26.037,3,42
-0.6665,-0.9937,-0.1011,138.232,7.256,23.841,3,42
-0.6445,-1.0132,-0.0947,132.012,7.500,22.378,3,42
-0.6484,-1.0708,-0.1021,125.915,7.195,20.549,3,42
-0.6245,-1.1421,-0.1338,116.037,6.951,19.573,3,42
-0.6016,-1.1938,-0.1821,108.720,6.037,20.244,3,42
-3.7549,0.0352,-1.6392,211.159,-632.073,-119.817,4,42
-3.9248,-1.9902,-2.8926,361.585,-722.683,-199.512,4,42
-6.8853,-4.9795,-6.2295,349.268,-448.720,-340.244,4,42
-7.4590,-7.0039,-9.5518,535.488,-252.805,-392.378,4,42
-8.1919,-3.7715,-6.5605,701.890,-269.085,-240.427,4,42
-8.6953,-2.0044,-10.8096,135.488,-372.317,-163.354,4,42
-7.4438,-6.0913,-16.0000,-290.305,-284.756,-277.805,4,42
-6.6870,-3.6768,-16.0000,-545.244,-150.183,-252.805,4,42
1.3389,-0.2661,-16.0000,-585.000,-124.512,-106.037,4,42
6.3638,1.5513,-14.4927,-279.329,-43.415,14.329,4,42
5.5239,2.7822,-11.5112,44.573,5.915,102.866,4,42
3.2939,3.4136,-9.3306,145.488,-1.037,120.366,4,42
1.6128,3.1338,-7.5977,16.646,-3.049,63.232,4,42
0.2852,2.5659,-5.8882,-116.280,-9.634,2.805,4,42
-0.2983,1.9941,-4.2607,-154.085,-12.500,-26.280,4,42
-0.3945,1.5449,-2.7427,-147.439,-12.195,-32.988,4,42
-0.3936,1.2798,-1.7041,-137.622,-18.537,-35.366,4,42
-0.3110,1.1187,-1.1924,-125.305,-35.549,-35.061,4,42
-0.4458,1.0073,-0.9673,-103.537,-61.585,-24.512,4,42
-0.4380,1.0225,-0.8877,-61.585,-107.805,4.024,4,42
0.1479,1.3364,-1.0625,-38.110,-136.463,34.634,4,42
0.5947,1.7642,-1.0054,-29.146,-155.244,76.402,4,42
1.1899,1.6670,-0.9355,-16.524,-166.707,114.085,4,42
1.8892,1.3843,-0.5938,28.841,-162.256,127.561,4,42
-1.8145,0.4155,0.4424,-63.963,-55.549,43.780,3,42
-2.0771,0.7959,0.5830,-55.305,-52.622,50.183,3,42
-2.3989,1.6069,0.8423,-35.183,-50.183,69.390,3,42
-2.9907,2.2529,1.1875,-23.537,-43.963,85.854,3,42
-3.3252,2.5991,1.1543,-9.634,-47.378,102.378,3,42
-3.2935,2.3330,1.2222,-3.232,-44.512,111.585,3,42
-2.7646,1.5615,0.8481,15.366,-37.134,100.305,3,42
-1.9932,0.8359,0.5830,47.073,-27.256,76.220,3,42
-1.4756,-0.7554,-3.4399,-10.122,-20.061,-6.524,4,42
-0.9458,-0.9268,-3.6353,-14.390,35.366,-45.732,4,42
-0.9937,-0.8730,-3.2979,-15.000,65.793,-64.512,4,42
-1.0459,-1.0415,-3.4033,6.280,47.805,-81.341,4,42
-2.1621,-1.1479,-3.3989,4.207,18.476,-80.488,4,42
-2.7354,-1.2856,-3.9395,-7.988,13.232,-79.207,4,42
-2.6382,-1.0820,-4.2583,-27.805,46.890,-77.134,4,42
-1.6284,-0.7124,-4.0459,-33.841,98.049,-71.159,4,42
-0.6328,1.1099,-2.2339,24.573,168.171,41.037,4,42
-0.5034,0.9346,-2.0122,73.232,174.451,60.244,4,42
-0.3247,0.9331,-1.7764,111.646,176.524,82.317,4,42
-0.1704,0.9985,-1.6260,118.110,172.500,103.293,4,42
-0.0630,1.0991,-1.6001,100.976,157.500,118.598,4,42
-0.0190,1.1929,-1.7427,75.122,133.902,129.695,4,42
-0.0322,1.2441,-1.9941,57.805,106.341,137.622,4,42
-0.1133,1.2686,-2.2349,60.366,78.780,142.500,4,42
-0.2720,1.1982,-2.4058,88.841,54.634,148.110,4,42
-0.5234,0.9790,-2.4209,146.646,36.098,150.671,4,42
-0.8604,0.7280,-2.2632,218.171,23.354,149.390,4,42
-1.2358,0.4336,-1.9541,278.780,19.329,144.207,4,42
-1.5088,0.0098,-1.6494,320.122,20.305,134.329,4,42
-1.7407,-0.3315,-1.2290,352.012,32.195,123.354,4,42
-1.9565,-0.6846,-0.9321,367.073,49.329,113.293,4,42
-2.0107,-0.9692,-0.8047,374.512,69.817,101.890,4,42
-1.9834,-1.1465,-0.7451,372.500,93.780,93.476,4,42
-1.7778,-1.1914,-0.6450,372.012,111.463,86.951,4,42
-1.6382,-1.3081,-0.7280,347.073,137.622,81.829,4,42
-1.5942,-1.2734,-0.8013,330.000,158.293,70.122,4,42
-1.5322,-1.1733,-0.8403,311.890,178.354,55.915,4,42
-1.5420,-1.0469,-0.7900,295.061,192.866,41.707,4,42
-1.5615,-0.9336,-0.7510,276.707,205.122,27.195,4,42
-1.6377,-0.8101,-0.7520,258.537,216.829,12.622,4,42
-1.7363,-0.6875,-0.8120,242.683,226.707,-0.549,4,42
-1.8584,-0.5571,-0.9131,229.634,235.427,-11.524,4,42
-2.0068,-0.4321,-0.9697,219.390,244.268,-19.085,4,42
-2.1479,-0.3330,-0.9844,211.524,251.951,-23.963,4,42
-2.2559,-0.2402,-0.9922,204.634,259.451,-27.073,4,42
-2.3228,-0.1646,-1.0117,197.439,267.988,-30.427,4,42
-2.3335,-0.1025,-1.0796,191.951,275.427,-32.256,4,42
-2.2886,-0.0386,-1.1499,188.354,282.805,-31.524,4,42
-2.2104,0.0132,-1.2266,186.280,290.000,-28.232,4,42
-2.1255,0.0806,-1.2861,184.817,295.854,-22.439,4,42
-2.0269,0.1499,-1.3413,184.329,302.012,-14.756,4,42
-1.9639,0.2104,-1.3857,183.476,306.280,-7.134,4,42
-1.9229,0.2856,-1.4307,182.195,311.220,0.305,4,42
-1.9229,0.3193,-1.4829,182.256,315.549,5.793,4,42
-1.9360,0.3423,-1.5039,184.329,318.659,10.610,4,42
-1.9678,0.3511,-1.5054,185.915,322.500,14.390,4,42
-2.4648,0.0083,-0.5947,126.951,333.537,39.695,4,42
-2.5078,-0.0127,-0.5059,115.122,331.951,41.463,4,42
-2.5488,-0.0122,-0.4253,105.427,330.488,42.927,4,42
-2.5728,-0.0029,-0.3579,99.207,327.561,44.390,4,42
-2.5747,0.0186,-0.3262,96.463,324.329,45.793,4,42
-2.5732,0.0503,-0.2866,97.378,320.793,48.232,4,42
-2.5649,0.0933,-0.2588,101.280,317.317,50.244,4,42
-2.5415,0.1416,-0.2456,108.720,313.537,51.585,4,42
-0.9707,-0.1646,-0.0449,-15.427,38.171,0.061,3,42
-0.9678,-0.1138,-0.0728,-15.305,38.780,1.280,3,42
-0.9688,-0.0693,-0.0972,-14.329,39.329,2.256,3,42
-0.9731,-0.0347,-0.1069,-12.439,39.390,2.744,3,42
-0.9912,-0.0244,-0.1353,-9.146,39.268,2.500,3,42
-0.9995,-0.0366,-0.1846,-3.476,39.329,2.622,3,42
-1.0049,-0.0342,-0.2070,3.598,39.695,2.317,3,42
-1.0151,-0.0332,-0.2119,11.402,40.488,2.012,3,42
-1.0264,-0.0103,-0.1719,19.146,41.280,2.073,3,42
-1.0293,-0.0093,-0.1450,25.793,41.829,1.707,3,42
-1.0205,-0.0259,-0.1255,32.073,42.256,1.707,3,42
-1.0083,-0.0586,-0.1201,39.939,42.317,2.500,3,42
-1.0005,-0.0791,-0.1309,47.561,42.927,3.354,3,42
-0.9897,-0.1001,-0.1270,54.512,42.805,4.268,3,42
-1.0020,-0.1357,-0.1440,60.183,43.110,4.878,3,42
-0.9858,-0.1665,-0.1504,64.939,43.354,5.000,3,42
-2.5557,0.8638,0.0815,284.268,282.805,-3.171,4,42
-2.5181,0.8530,0.1401,273.780,287.439,-5.305,4,42
-2.4888,0.8408,0.1973,258.963,293.354,-7.256,4,42
-2.4668,0.8154,0.2705,240.000,299.878,-8.720,4,42
-2.4390,0.7871,0.3291,218.720,306.707,-10.183,4,42
-2.4048,0.7549,0.4038,196.524,312.683,-12.012,4,42
-2.3374,0.7070,0.4624,175.610,317.744,-13.354,4,42
-2.2700,0.6606,0.5181,156.220,322.256,-15.000,4,42
-2.1948,0.6172,0.5923,139.390,325.610,-14.756,4,42
-2.1401,0.5659,0.6758,125.976,326.646,-14.268,4,42
-2.1030,0.5059,0.7622,115.427,323.415,-14.329,4,42
-1.9976,0.5034,0.8643,105.244,316.037,-14.817,4,42
-1.8936,0.5181,0.9409,90.915,307.561,-14.695,4,42
-1.7827,0.5479,1.0054,74.573,299.329,-13.354,4,42
-1.7720,0.5117,1.0952,59.451,288.354,-11.890,4,42
-1.6235,0.5396,1.1445,43.780,277.927,-11.585,4,42
-1.0850,-0.1606,-0.0010,92.927,52.805,18.354,3,42
-1.0947,-0.1611,-0.0132,94.817,55.244,17.500,3,42
-1.0952,-0.1865,0.0186,95.305,57.256,16.646,3,42
-1.0884,-0.2085,0.0400,95.427,59.024,16.280,3,42
-1.0752,-0.2261,0.0566,94.390,60.671,16.280,3,42
-1.0562,-0.2358,0.0576,92.805,61.524,16.280,3,42
-1.0225,-0.2593,0.0132,90.244,62.439,16.220,3,42
-1.0029,-0.2847,-0.0254,87.439,62.988,16.402,3,42
-0.9741,-0.3154,-0.0894,84.329,63.232,15.793,3,42
-0.9463,-0.3433,-0.1602,81.402,63.902,15.549,3,42
-0.9253,-0.3579,-0.2173,77.439,63.659,15.122,3,42
-0.8979,-0.3745,-0.2505,72.439,63.171,15.244,3,42
-0.8638,-0.4009,-0.2998,65.610,62.805,16.098,3,42
-0.8330,-0.4341,-0.3257,59.390,61.463,16.768,3,42
-0.8315,-0.4702,-0.3433,53.415,60.427,17.317,3,42
-0.8394,-0.4854,-0.3330,46.829,58.598,17.561,3,42
-0.8608,-0.4966,-0.2661,34.573,57.134,17.866,3,42
-0.8745,-0.5049,-0.2515,30.122,56.768,18.293,3,42
-0.8950,-0.5176,-0.2310,22.378,55.732,19.268,3,42
-0.9263,-0.5308,-0.2251,10.549,53.902,20.976,3,42
-0.9443,-0.5347,-0.2197,4.146,52.561,21.037,3,42
-0.9893,-0.5195,-0.1899,-2.317,51.341,21.524,3,42
-0.9941,-0.4810,-0.1592,-9.695,50.610,20.610,3,42
-1.0034,-0.4346,-0.1470,-16.098,50.427,20.244,3,42
-0.9746,-0.3921,-0.1831,-21.829,50.122,20.915,3,42
-0.9468,-0.3726,-0.2290,-26.402,49.390,21.220,3,42
-0.9634,-0.3643,-0.2632,-29.207,48.354,21.220,3,42
-1.0068,-0.3638,-0.2681,-32.927,47.439,20.488,3,42
-1.0464,-0.3540,-0.2778,-36.829,46.585,20.366,3,42
-1.0708,-0.3364,-0.2524,-41.037,46.829,20.305,3,42
-1.0913,-0.3267,-0.2261,-44.695,46.890,20.427,3,42
-1.0869,-0.3027,-0.2012,-47.134,47.073,20.244,3,42
-0.8257,1.3438,3.8223,300.671,-156.890,19.085,4,42
-1.0054,0.8003,2.2974,274.695,-136.768,44.390,4,42
-1.2979,0.2183,1.1309,260.122,-128.720,69.268,4,42
-1.8301,-0.1470,-0.1655,223.841,-137.317,78.598,4,42
-3.0479,-0.3135,-1.3330,167.256,-147.256,77.256,4,42
-4.1855,-0.4604,-1.8413,109.329,-161.037,68.780,4,42
-7.0918,-0.6841,-2.0078,101.463,-178.354,64.512,4,42
-8.6621,-0.4355,-1.4629,164.146,-176.159,67.256,4,42
-8.3882,-0.2017,-0.0732,200.488,-169.146,66.646,4,42
-6.6890,-0.4238,1.1260,209.512,-171.463,78.537,4,42
-4.6694,-0.5972,1.8711,195.183,-164.024,96.829,4,42
-2.7988,-0.6011,2.0703,173.598,-152.866,113.293,4,42
-1.2852,-0.5356,1.8008,142.500,-143.171,123.232,4,42
-0.1372,-0.6563,1.2822,110.305,-143.354,123.598,4,42
0.4814,-0.8569,0.7314,87.134,-152.073,118.780,4,42
0.4443,-1.1201,0.3438,71.402,-165.976,112.256,4,42
-1.6211,-0.0581,-0.1553,-58.720,56.402,-3.232,3,42
-1.6641,-0.0562,-0.1147,-56.402,57.927,-4.390,3,42
-1.7070,-0.0674,-0.0811,-52.500,60.183,-5.366,3,42
-1.7222,-0.0278,-0.1230,-47.134,60.671,-6.463,3,42
-1.7397,0.0098,-0.1069,-41.402,61.524,-7.073,3,42
-1.7295,0.0049,-0.0527,-35.610,61.646,-8.171,3,42
-1.6738,0.0127,-0.0625,-29.817,62.561,-10.122,3,42
-1.6675,0.0156,-0.1401,-24.939,62.439,-10.061,3,42
-1.7070,-0.0156,-0.2422,-22.317,62.195,-9.146,3,42
-1.7021,-0.0127,-0.2871,-24.146,63.963,-8.720,3,42
-1.6172,0.1055,-0.2451,-28.110,66.707,-9.268,3,42
-1.5688,0.2271,-0.2388,-32.622,65.976,-7.317,3,42
-1.5386,0.2539,-0.3228,-34.329,63.598,-4.329,3,42
-1.5410,0.1665,-0.4048,-33.659,63.537,-3.537,3,42
-1.5430,0.0396,-0.4258,-31.159,65.793,-5.122,3,42
-1.5122,-0.0732,-0.4111,-28.415,67.622,-8.720,3,42
-1.4370,-0.1587,-0.3853,-25.488,67.683,-11.707,3,42
-1.3545,-0.2432,-0.3569,-21.707,66.951,-13.598,3,42
-1.2690,-0.3525,-0.3501,-17.866,65.488,-14.695,3,42
-1.1963,-0.4663,-0.3394,-13.537,63.902,-16.463,3,42
-1.1250,-0.5542,-0.3257,-7.683,62.195,-18.902,3,42
-1.0386,-0.6025,-0.3071,-2.256,59.573,-21.280,3,42
-0.9380,-0.6411,-0.3115,0.061,56.463,-22.988,3,42
-0.8369,-0.6909,-0.3291,0.488,52.988,-25.122,3,42
-0.6943,-0.7944,-0.3721,-1.280,47.622,-27.500,3,42
-0.6489,-0.8765,-0.3872,-2.683,42.744,-28.476,3,42
-0.6318,-0.9497,-0.3765,-5.488,39.085,-29.451,3,42
-0.6187,-1.0483,-0.3872,-10.305,36.585,-29.451,3,42
-0.5601,-1.1455,-0.3511,-15.549,33.049,-29.756,3,42
-0.5493,-1.2930,-0.3555,-23.415,29.817,-31.280,3,42
-0.5000,-1.4873,-0.3789,-31.829,27.866,-33.537,3,42
-0.4424,-1.6870,-0.3760,-38.963,25.854,-37.012,3,42
-0.3682,-1.7695,-0.2583,-45.549,24.695,-40.183,3,42
-0.2793,-1.7246,-0.1221,-55.732,23.720,-42.988,3,42
-0.1631,-1.5586,-0.0498,-70.549,20.061,-45.122,3,42
-0.0645,-1.3374,-0.0098,-90.610,15.183,-45.976,3,42
-0.0039,-1.1372,-0.0068,-112.866,10.000,-46.220,3,42
0.0361,-0.9946,0.0166,-134.268,5.488,-46.463,3,42
0.0718,-0.9126,-0.0093,-149.024,1.220,-46.829,3,42
0.1489,-0.8647,0.0278,-155.366,-3.659,-47.073,3,42
-1.4937,-0.4404,0.5103,52.927,100.610,-40.366,4,42
-1.5781,-0.5571,0.5239,47.683,106.220,-41.341,4,42
-1.6621,-0.7490,0.5024,41.646,112.561,-43.415,4,42
-1.7759,-1.0752,0.5713,35.427,120.122,-46.768,4,42
-1.8394,-1.3633,0.5830,26.463,126.463,-53.476,4,42
-1.9067,-1.5244,0.6040,17.012,130.976,-62.561,4,42
-1.9653,-1.5532,0.6455,4.817,133.841,-72.134,4,42
-2.0840,-1.3818,0.6436,-7.378,135.061,-79.085,4,42
0.8530,-0.3389,0.7354,-122.805,-47.866,-68.354,3,42
0.8564,-0.2285,0.9058,-115.427,-52.317,-71.159,3,42
0.8535,-0.0825,1.0029,-113.780,-59.573,-72.561,3,42
0.8867,0.0044,0.9902,-114.207,-67.622,-71.951,3,42
0.9312,0.0093,0.8237,-112.866,-73.598,-70.427,3,42
0.9438,-0.0283,0.5137,-108.659,-77.195,-70.061,3,42
0.9048,-0.0923,0.0933,-105.854,-76.829,-71.159,3,42
0.7832,-0.1978,-0.3765,-103.963,-73.902,-74.024,3,42
-3.3403,-0.9346,1.6045,-26.768,200.183,-93.293,4,42
-3.3940,-0.9360,1.7324,-33.415,203.354,-90.915,4,42
-3.4160,-0.9912,1.8237,-42.866,204.268,-87.622,4,42
-3.5039,-1.0068,2.0435,-50.915,206.646,-82.927,4,42
-3.5527,-1.0498,2.2271,-65.183,206.341,-80.854,4,42
-3.5806,-1.0708,2.3872,-77.195,205.488,-79.512,4,42
-3.6104,-1.0391,2.5508,-90.915,203.354,-78.720,4,42
-3.6309,-1.0562,2.7373,-104.817,200.244,-79.146,4,42
-3.6499,-1.0610,3.0474,-111.829,197.134,-77.195,4,42
-3.6294,-0.9766,3.3564,-120.122,190.915,-74.756,4,42
-3.5532,-0.9214,3.6475,-128.902,184.146,-71.951,4,42
-3.3970,-0.8394,4.0137,-139.085,174.573,-67.500,4,42
-3.2119,-0.6123,4.3726,-153.902,160.854,-62.439,4,42
-2.9360,-0.3096,4.7358,-167.622,144.207,-57.927,4,42
-2.6143,0.0410,5.0747,-175.122,126.159,-52.866,4,42
-2.2339,0.3569,5.1328,-181.220,109.146,-45.854,4,42
-1.6738,0.5552,4.3696,-189.451,94.939,-29.878,4,42
-1.4258,0.5156,3.3350,-206.890,91.524,-13.902,4,42
-1.3525,0.4541,2.7197,-221.707,91.159,-5.976,4,42
-1.2930,-0.0864,1.0654,-284.451,90.244,4.634,4,42
-1.3281,-0.4238,0.7075,-302.012,88.415,0.183,4,42
-1.2949,-1.2744,0.1978,-313.354,80.488,-30.244,4,42
-1.2896,-1.7217,-0.2021,-244.756,74.817,-109.390,4,42
-1.6162,-1.3774,-0.2026,-162.744,78.659,-151.646,4,42
-1.8115,-0.7690,0.0288,-83.841,84.939,-171.890,4,42
-1.9736,-0.3213,0.4575,-21.341,85.732,-178.110,4,42
-1.8765,-0.0586,0.9761,18.049,76.768,-186.341,4,42
-1.7100,0.0820,1.5298,30.610,57.012,-199.268,4,42
-1.7251,0.0088,2.0503,23.780,15.488,-211.524,4,42
-1.9932,-0.1230,2.3306,-2.012,-56.646,-215.366,4,42
-1.7764,-0.1724,2.3340,-54.512,-133.841,-212.744,4,42
-1.6323,-0.2861,2.2529,-113.049,-203.598,-204.817,4,42
-0.5654,-1.5356,-0.4512,23.780,-37.195,-8.293,3,42
-0.3530,-1.3379,-0.3218,-8.963,-39.207,11.707,3,42
-0.3652,-1.1738,-0.3115,-40.122,-44.512,17.500,3,42
-0.4697,-1.0938,-0.5288,-50.305,-50.427,10.061,3,42
-0.4976,-1.0093,-0.6006,-52.927,-55.244,7.317,3,42
-0.4888,-0.8394,-0.4937,-58.293,-59.207,2.012,3,42
-0.6401,-0.6050,-0.3687,-72.256,-57.866,-0.305,3,42
-0.7144,-0.3564,-0.3706,-84.268,-61.768,-4.817,3,42
-0.7500,-0.1221,-0.4409,-81.707,-66.098,-2.500,3,42
-0.8623,0.1064,-0.4355,-75.732,-68.720,2.439,3,42
-0.9590,0.1904,-0.3843,-71.585,-71.463,7.256,3,42
-1.0767,0.1514,-0.2817,-68.720,-73.415,10.976,3,42
-1.1880,0.0415,-0.2280,-59.634,-73.354,13.232,3,42
-1.2246,-0.0244,-0.2524,-42.927,-73.598,14.878,3,42
-1.2051,-0.0166,-0.3257,-24.085,-73.598,15.732,3,42
-1.1577,0.0176,-0.4053,-8.659,-74.573,15.000,3,42
-0.4463,-0.0972,1.5493,-217.134,-298.720,-212.317,4,42
-0.7280,-0.1475,1.8262,-255.671,-349.817,-209.329,4,42
-0.9033,-0.1094,1.9082,-293.293,-390.793,-198.415,4,42
-1.0063,-0.0757,2.0811,-316.220,-409.146,-180.793,4,42
-1.1958,0.0269,2.2012,-341.220,-421.890,-160.366,4,42
-1.4189,0.1738,2.2476,-352.744,-421.524,-138.171,4,42
-1.6167,0.3076,2.2529,-359.817,-416.098,-115.549,4,42
-1.7705,0.4761,2.1836,-361.159,-406.341,-96.159,4,42
-1.9258,0.6738,2.0225,-359.146,-393.110,-80.976,4,42
-2.0889,0.9360,1.7114,-356.829,-371.890,-70.183,4,42
-2.3530,1.1846,1.3091,-358.963,-336.098,-64.085,4,42
-2.7300,1.4375,0.9390,-364.695,-282.988,-65.488,4,42
-2.9458,1.6196,0.8447,-365.305,-232.622,-71.524,4,42
-3.0513,1.5703,1.0146,-344.207,-211.098,-92.012,4,42
-2.9170,1.6216,1.1631,-319.146,-222.012,-127.622,4,42
-2.7534,1.7124,1.1362,-301.098,-251.159,-169.451,4,42
-2.3032,1.7876,1.0698,-285.732,-290.000,-205.610,4,42
-1.8794,1.8442,0.9370,-280.610,-323.476,-226.220,4,42
-1.6553,1.6880,0.7896,-277.378,-346.341,-234.573,4,42
-1.5513,1.5107,0.7144,-266.280,-363.902,-239.756,4,42
-1.5474,1.3516,0.6519,-256.951,-374.085,-243.049,4,42
-1.5991,1.2427,0.5747,-251.280,-377.378,-245.183,4,42
-1.7646,1.1143,0.5215,-247.134,-376.098,-247.256,4,42
-1.9731,0.9780,0.4800,-240.854,-375.000,-250.732,4,42
-0.9692,-0.1914,-0.1621,-103.537,-90.366,8.963,3,42
-0.9712,-0.2271,-0.1431,-107.317,-90.000,8.963,3,42
-0.9800,-0.2803,-0.0986,-111.037,-90.183,7.622,3,42
-0.9863,-0.3525,-0.0610,-114.451,-89.939,6.280,3,42
-0.9927,-0.4556,-0.0234,-116.402,-89.634,4.756,3,42
-0.9980,-0.5317,0.0063,-116.402,-89.939,2.927,3,42
-0.9956,-0.6045,0.0498,-114.817,-89.390,1.280,3,42
-0.9868,-0.6689,0.0830,-111.890,-89.512,-0.244,3,42
-0.9648,-0.6860,0.0996,-107.683,-89.085,-1.220,3,42
-0.9370,-0.6924,0.0947,-103.049,-88.841,-1.768,3,42
-0.9097,-0.6748,0.0967,-97.683,-87.805,-1.646,3,42
-0.8857,-0.6406,0.0908,-93.354,-86.646,-1.159,3,42
-0.8657,-0.6030,0.0806,-89.024,-85.427,-0.488,3,42
-0.8618,-0.5581,0.0728,-85.488,-84.451,0.183,3,42
-0.8511,-0.4951,0.0762,-82.256,-81.768,1.707,3,42
-0.8525,-0.4639,0.0781,-81.646,-80.366,2.683,3,42
-3.8179,1.5396,-0.7881,-143.171,-462.561,-170.061,4,42
-4.0205,1.7427,-0.9790,-172.256,-461.951,-171.159,4,42
-4.0156,1.8125,-1.1836,-197.683,-462.378,-175.244,4,42
-3.7471,1.7104,-1.3247,-205.854,-468.476,-175.549,4,42
-2.8447,0.8960,-0.3047,-100.183,-450.915,-216.768,4,42
-2.8345,1.3975,-1.2192,-140.671,-482.683,-152.744,4,42
-2.4287,1.3979,-1.0791,-86.524,-488.171,-133.537,4,42
-2.8247,-0.6162,-0.3486,-6.707,-500.915,-127.683,4,42
-0.9004,-0.3916,0.0962,-98.720,-68.293,22.317,3,42
-0.9126,-0.3408,0.0986,-101.890,-66.768,24.695,3,42
-0.9297,-0.2583,0.0942,-105.671,-65.183,26.585,3,42
-0.9385,-0.1646,0.0859,-111.402,-63.049,28.293,3,42
-0.9487,-0.0664,0.0859,-118.720,-60.305,29.451,3,42
-0.9658,0.0156,0.0913,-126.280,-58.415,30.000,3,42
-0.9888,0.0723,0.0952,-133.476,-56.707,30.183,3,42
-1.0234,0.1001,0.1128,-139.634,-55.732,29.634,3,42
-1.0498,0.1016,0.1128,-144.634,-54.451,28.963,3,42
-1.0820,0.0815,0.0991,-147.866,-53.780,27.988,3,42
-1.1104,0.0444,0.0981,-149.329,-52.805,26.707,3,42
-1.1328,-0.0176,0.1001,-149.878,-51.524,25.183,3,42
-1.1543,-0.0684,0.0854,-149.146,-50.732,23.720,3,42
-1.1724,-0.1123,0.0605,-149.512,-50.244,22.195,3,42
-1.1646,-0.1436,0.0103,-150.122,-49.817,21.098,3,42
-1.1240,-0.1592,-0.0405,-149.451,-48.476,21.159,3,42
0.7051,4.1133,-3.6943,91.402,-151.402,82.195,4,42
0.5508,3.5415,-2.8774,102.866,-120.854,126.646,4,42
0.3965,2.9771,-2.0977,103.293,-90.244,159.024,4,42
0.1553,2.3486,-1.7129,40.976,-61.646,173.537,4,42
-0.2705,1.9507,-1.7061,-88.049,-31.768,181.524,4,42
-0.7095,1.5830,-1.9575,-209.146,-19.207,196.280,4,42
-0.9463,1.2129,-2.1050,-264.512,-32.195,212.866,4,42
-0.9341,0.7485,-1.8257,-256.280,-48.659,221.220,4,42
-0.1450,-0.2222,-1.0366,-127.927,-76.220,-58.171,4,42
-0.6714,-0.3081,-1.5513,-61.402,-67.988,-84.878,4,42
-1.0171,-0.1685,-2.0747,-0.061,-36.341,-98.476,4,42
-1.3462,0.1450,-2.5674,61.098,1.707,-90.976,4,42
-1.2583,0.4448,-2.7036,126.280,39.695,-63.841,4,42
-1.8584,0.7417,-2.9937,176.585,62.744,-27.805,4,42
-1.5952,1.1104,-3.0078,223.659,90.244,3.598,4,42
-1.3218,1.4937,-3.1064,254.573,113.841,31.829,4,42
-1.0439,1.9194,-3.1279,272.439,138.902,65.427,4,42
-0.7256,2.3003,-2.9785,285.915,154.268,94.634,4,42
-0.5283,2.5498,-2.6938,276.098,175.305,120.732,4,42
-0.4443,2.6885,-2.4966,252.012,187.744,136.707,4,42
-0.4385,2.6987,-2.3276,222.866,196.159,143.293,4,42
-0.4990,2.6387,-2.1392,198.293,199.329,138.841,4,42
-0.7212,2.4063,-1.9971,179.146,197.805,128.537,4,42
-1.0156,2.0112,-1.8892,168.110,191.890,114.573,4,42
-1.3032,1.6616,-1.8486,160.549,189.695,91.585,4,42
-1.5518,1.1548,-1.9038,157.927,198.659,57.439,4,42
-1.6670,1.0332,-1.9624,145.976,223.049,24.451,4,42
-1.6406,0.8296,-1.9487,133.110,252.622,-4.024,4,42
-1.4834,0.6167,-1.8228,145.427,270.305,-27.134,4,42
-1.2290,0.4668,-1.6519,174.573,264.146,-38.780,4,42
-0.9453,0.3906,-1.4570,205.000,233.354,-37.256,4,42
-0.6201,0.3711,-1.1538,230.244,185.000,-19.207,4,42
-0.2617,0.2886,-0.9404,254.024,132.134,5.915,4,42
-0.0493,0.2334,-0.9082,268.902,96.890,27.500,4,42
-0.0464,0.2559,-0.9932,265.732,84.695,42.927,4,42
-0.1812,0.3247,-1.0791,254.695,84.512,59.695,4,42
-0.4102,0.4683,-1.1455,247.988,86.646,81.402,4,42
-0.6021,0.6030,-1.1636,247.866,87.378,106.037,4,42
-0.8999,0.6787,-1.1880,256.098,89.939,126.585,4,42
-1.1689,0.6494,-1.1646,267.744,97.256,139.695,4,42
-1.0542,0.0083,0.1128,47.561,29.817,-6.707,3,42
-1.0601,-0.0054,0.1104,50.732,31.585,-6.951,3,42
-1.0737,-0.0332,0.1074,52.927,33.537,-7.073,3,42
-1.0742,-0.0498,0.0923,54.817,35.122,-7.256,3,42
-1.0742,-0.0708,0.0933,56.159,37.073,-7.195,3,42
-1.0742,-0.0713,0.0850,56.463,38.598,-7.500,3,42
-1.0664,-0.0771,0.0786,56.341,40.000,-6.951,3,42
-1.0576,-0.0601,0.0820,56.463,41.646,-7.256,3,42
-1.0474,-0.0435,0.0786,56.220,42.866,-7.134,3,42
-1.0386,-0.0181,0.0815,55.305,44.146,-7.500,3,42
-1.0288,0.0044,0.0762,54.268,45.915,-7.866,3,42
-1.0317,0.0171,0.0718,53.780,47.561,-8.415,3,42
-1.0283,0.0264,0.0654,53.659,49.329,-8.963,3,42
-1.0254,0.0410,0.0684,54.573,50.854,-9.512,3,42
-1.0308,0.0557,0.0718,57.134,52.866,-10.366,3,42
-1.0342,0.0679,0.0815,59.512,55.854,-10.732,3,42
-1.0396,0.0776,0.0913,62.927,57.927,-11.585,3,42
-1.0444,0.0840,0.0957,67.378,60.610,-12.378,3,42
-1.0405,0.0928,0.0991,74.024,63.171,-12.988,3,42
-1.0420,0.1133,0.0967,85.549,67.073,-13.232,3,42
-1.0322,0.1377,0.1030,93.780,70.854,-13.963,3,42
-1.0347,0.1538,0.1011,101.951,73.293,-14.451,3,42
-1.0386,0.1680,0.1118,109.329,75.732,-14.939,3,42
-1.0522,0.1665,0.1143,117.683,78.780,-15.549,3,42
-2.1152,0.1616,-1.1201,194.451,314.573,73.293,4,42
-2.1411,0.1948,-1.0874,183.354,315.610,74.085,4,42
-2.1475,0.2129,-1.0757,170.793,316.341,75.122,4,42
-2.1362,0.2412,-1.0654,157.439,317.195,75.793,4,42
-2.1191,0.2632,-1.0830,143.780,318.049,76.890,4,42
-2.1118,0.2705,-1.0962,130.732,318.720,78.171,4,42
-2.1001,0.2808,-1.1011,119.634,319.207,79.451,4,42
-2.0669,0.2896,-1.1128,109.329,318.963,81.463,4,42
-1.0835,-0.1436,0.1685,163.232,100.671,-20.793,3,42
-1.0713,-0.1938,0.1108,166.037,102.256,-21.402,3,42
-1.0479,-0.2427,0.0830,167.622,103.720,-21.037,3,42
-1.0439,-0.2695,0.0767,166.402,104.451,-21.220,3,42
-1.0430,-0.2935,0.0767,162.012,104.695,-21.890,3,42
-1.0464,-0.3228,0.0723,156.280,104.146,-22.317,3,42
-1.0366,-0.3564,0.0601,151.341,103.780,-22.317,3,42
-1.0337,-0.3770,0.0483,147.500,103.720,-22.073,3,42
-1.0117,-0.3052,-0.0303,109.573,113.476,-6.585,3,42
-1.0273,-0.3193,-0.0132,107.744,114.329,-5.793,3,42
-1.0356,-0.3467,0.0195,104.695,116.463,-4.634,3,42
-1.0430,-0.3779,0.0986,100.732,120.427,-3.293,3,42
-1.0337,-0.3975,0.1890,97.988,123.232,-1.829,3,42
-1.0264,-0.4131,0.2959,95.122,125.854,-0.610,3,42
-1.0029,-0.4351,0.3760,91.463,127.378,1.220,3,42
-0.9717,-0.4502,0.3687,89.085,128.659,2.988,3,42
-0.9258,-0.4614,0.2827,86.585,129.573,4.756,3,42
-0.8853,-0.4946,0.1416,84.024,130.427,6.037,3,42
-0.8799,-0.5322,0.0073,80.915,132.195,5.549,3,42
-0.8979,-0.5947,-0.1011,76.402,133.293,3.659,3,42
-0.9326,-0.6416,-0.1860,72.256,133.171,0.793,3,42
-0.9453,-0.6807,-0.2368,67.012,132.500,-1.159,3,42
-0.9346,-0.6929,-0.2783,61.890,132.256,-2.439,3,42
-0.8794,-0.6826,-0.3013,57.317,132.073,-2.317,3,42
-0.8003,-0.6797,-0.3340,53.598,132.622,-1.707,3,42
-0.7480,-0.6587,-0.3662,49.939,133.171,-1.220,3,42
-0.7471,-0.6533,-0.3662,45.244,132.683,-0.183,3,42
-0.7983,-0.6372,-0.3726,39.878,131.951,0.671,3,42
-0.8711,-0.6294,-0.3569,31.890,130.976,2.561,3,42
-0.9463,-0.6089,-0.3257,22.134,129.756,5.427,3,42
-1.0073,-0.5889,-0.2573,10.915,129.634,8.963,3,42
-1.0293,-0.5630,-0.1836,-0.366,130.061,12.500,3,42
-1.0161,-0.5205,-0.1265,-10.976,130.671,15.000,3,42
-1.0137,-0.4658,-0.0767,-20.793,132.012,16.829,3,42
-1.0264,-0.3862,-0.0171,-29.024,132.317,18.598,3,42
-1.0190,-0.3369,0.0200,-34.756,131.768,20.427,3,42
-0.9263,-0.2788,0.0278,-38.415,132.195,21.890,3,42
-0.7705,-0.2671,-0.0088,-40.000,132.683,22.256,3,42
-0.5728,-0.3086,-0.1191,-36.098,132.561,20.976,3,42
-0.4707,-0.3818,-0.3145,-28.293,129.146,16.463,3,42
-0.5625,-0.5088,-0.5757,-16.951,121.646,8.171,3,42
-0.6279,-0.5371,-0.6445,-14.390,119.573,5.976,3,42
-0.6895,-0.5469,-0.7832,-11.220,116.829,3.415,3,42
-0.6094,-0.5356,-0.8794,-10.793,115.671,2.927,3,42
-0.5464,-0.5176,-0.9199,-12.195,110.915,4.085,3,42
-0.5464,-0.5171,-0.8950,-15.244,104.024,5.793,3,42
-0.6089,-0.5059,-0.8145,-20.427,97.683,7.683,3,42
-0.6787,-0.4644,-0.7183,-28.354,93.110,10.488,3,42
-0.7378,-0.4082,-0.6401,-36.646,88.780,13.354,3,42
-0.8105,-0.3408,-0.5615,-43.354,84.024,16.159,3,42
-0.9106,-0.2549,-0.4873,-49.451,79.512,17.988,3,42
-0.9790,-0.1372,-0.4360,-53.537,75.671,19.207,3,42
-1.0029,-0.0127,-0.3984,-54.146,72.988,19.634,3,42
-1.0010,0.0757,-0.3789,-52.622,70.793,19.329,3,42
-0.9785,0.1367,-0.3862,-48.537,67.988,18.537,3,42
-0.9487,0.1641,-0.3916,-43.537,65.671,17.500,3,42
0.3857,-3.8228,2.9775,-215.793,-105.183,30.061,4,42
0.1152,-3.6152,2.5483,-266.707,-93.110,-13.293,4,42
-0.7183,-3.0557,2.3198,-298.598,-80.793,-56.220,4,42
-1.6348,-2.2871,2.2417,-326.402,-76.890,-85.610,4,42
-2.4243,-1.1836,1.8525,-348.110,-77.439,-91.463,4,42
-3.0640,-0.2158,1.4824,-361.159,-76.890,-92.683,4,42
-4.0107,0.8354,1.0015,-345.122,-71.768,-91.890,4,42
-4.2549,1.3218,0.7192,-296.829,-49.878,-81.768,4,42
-4.2480,1.3687,0.7949,-227.073,-25.061,-47.561,4,42
-4.0107,1.1650,1.0356,-160.244,2.805,-8.232,4,42
-3.7109,0.8042,1.3330,-106.463,25.915,11.159,4,42
-3.5938,0.5122,1.5293,-69.329,39.268,14.085,4,42
-3.6274,0.2573,1.5645,-49.573,43.963,8.476,4,42
-3.8237,0.0605,1.4478,-37.683,47.805,-1.524,4,42
-4.1289,-0.1782,1.3262,-30.183,54.268,-16.890,4,42
-4.3643,-0.5269,1.3101,-26.890,60.854,-33.476,4,42
-0.9160,-0.1030,-0.5581,4.085,9.939,-19.573,3,42
-0.8984,-0.0781,-0.5811,1.829,6.220,-21.768,3,42
-0.8813,-0.0518,-0.5967,-0.366,2.195,-23.720,3,42
-0.8613,-0.0044,-0.6221,-2.500,-2.744,-25.610,3,42
-0.8389,0.0391,-0.6543,-4.878,-8.171,-27.561,3,42
-0.7988,0.0776,-0.7021,-6.707,-14.451,-29.512,3,42
-0.7495,0.1040,-0.7427,-6.585,-20.854,-31.159,3,42
-0.6968,0.1128,-0.7856,-5.061,-27.439,-32.561,3,42
-0.6455,0.1079,-0.8081,-2.561,-33.476,-33.720,3,42
-0.6177,0.0942,-0.8398,1.890,-41.646,-35.488,3,42
-0.6323,0.0840,-0.8608,5.793,-48.354,-36.646,3,42
-0.6577,0.0288,-0.8594,10.549,-54.939,-37.744,3,42
-0.6831,-0.0278,-0.8398,15.183,-60.366,-38.902,3,42
-0.7012,-0.0737,-0.8145,19.207,-65.549,-39.878,3,42
-0.7119,-0.1128,-0.7896,20.915,-70.732,-40.122,3,42
-0.7412,-0.1626,-0.7314,21.037,-75.671,-40.061,3,42
-3.2959,-1.2832,3.8789,-192.744,137.805,-45.000,4,42
-3.1035,-1.2563,4.0283,-205.000,129.329,-43.659,4,42
-2.9370,-1.0698,4.4087,-213.354,118.902,-40.976,4,42
-2.7725,-0.7886,4.7847,-224.573,105.976,-37.744,4,42
-2.6108,-0.5596,4.9048,-235.427,93.659,-34.207,4,42
-2.4346,-0.4097,4.7119,-243.049,82.500,-27.439,4,42
-2.2925,-0.2827,4.0996,-250.671,77.805,-15.244,4,42
-2.2681,-0.1323,3.1118,-272.378,82.439,-0.732,4,42
-0.8877,-0.4824,-0.5112,-14.695,-103.354,-33.232,3,42
-0.9175,-0.4961,-0.5239,-17.988,-105.915,-33.171,3,42
-0.9375,-0.4619,-0.5010,-22.378,-107.134,-33.049,3,42
-0.9487,-0.4019,-0.4590,-26.707,-107.805,-32.500,3,42
-0.9419,-0.3730,-0.4268,-30.122,-108.049,-31.280,3,42
-0.9482,-0.3760,-0.4136,-31.159,-108.476,-30.549,3,42
-0.9561,-0.3711,-0.3843,-30.488,-108.902,-30.244,3,42
-0.9692,-0.3491,-0.3462,-30.122,-108.720,-30.122,3,42
-2.0864,0.0010,1.2495,-86.829,101.768,-137.195,4,42
-2.2754,-0.0405,1.6504,-46.280,55.793,-148.415,4,42
-2.3213,-0.1924,1.9351,-26.524,5.122,-163.049,4,42
-2.2881,-0.3794,2.0225,-17.500,-54.329,-170.976,4,42
-1.7183,-0.4814,2.0547,-20.854,-114.451,-180.183,4,42
-1.6855,-0.5928,2.0386,-36.037,-192.805,-180.671,4,42
-1.6543,-0.5928,2.0044,-56.890,-265.793,-173.049,4,42
-1.8477,-0.6025,2.0854,-76.463,-321.159,-162.622,4,42
-0.9751,-0.4355,-0.2275,-24.573,-107.988,-24.024,3,42
-0.9668,-0.4365,-0.2202,-26.037,-107.866,-23.293,3,42
-0.9497,-0.4443,-0.2144,-26.646,-107.561,-22.317,3,42
-0.9321,-0.4448,-0.2451,-27.256,-106.768,-21.159,3,42
-0.9248,-0.4561,-0.2603,-26.951,-106.646,-20.183,3,42
-0.9194,-0.4629,-0.2671,-27.988,-106.098,-19.146,3,42
-0.9243,-0.4741,-0.2549,-28.841,-105.915,-19.024,3,42
-0.9326,-0.4883,-0.2266,-30.122,-105.549,-18.902,3,42
-0.3955,0.8027,0.8394,157.744,2.378,-44.451,4,42
-0.1992,0.5649,1.2378,177.256,-16.280,-73.598,4,42
-0.0791,0.4619,1.6499,151.159,-55.305,-101.524,4,42
-0.0015,0.3213,1.8999,90.183,-102.012,-131.585,4,42
-0.0376,0.1299,1.9907,16.707,-141.341,-158.902,4,42
-0.4829,-0.1055,2.2666,-43.780,-188.110,-181.463,4,42
-0.6992,-0.3286,2.4404,-85.671,-246.707,-193.171,4,42
-0.7334,-0.4375,2.4395,-118.841,-300.732,-194.451,4,42
-0.7344,-0.4072,2.3618,-146.707,-338.415,-187.866,4,42
-0.7202,-0.3638,2.3003,-170.000,-361.037,-174.939,4,42
-0.7495,-0.3169,2.2671,-187.073,-374.634,-158.171,4,42
-0.8623,-0.2422,2.2251,-197.134,-383.232,-140.793,4,42
-0.9639,-0.1343,2.1719,-201.951,-390.366,-128.049,4,42
-1.0952,-0.0420,2.0757,-202.622,-397.317,-120.244,4,42
-1.2202,0.0557,1.9414,-201.159,-403.720,-116.768,4,42
-1.3472,0.1509,1.7671,-199.207,-406.890,-116.951,4,42
-1.4775,0.2383,1.5581,-199.634,-405.549,-118.659,4,42
-1.6211,0.3213,1.3711,-203.293,-396.646,-122.073,4,42
-1.7275,0.3564,1.2065,-209.207,-382.744,-126.890,4,42
-1.8540,0.3428,1.1440,-214.573,-369.756,-134.573,4,42
-1.9507,0.3237,1.1128,-219.512,-362.073,-144.695,4,42
-2.0156,0.3179,1.1465,-223.232,-361.524,-156.707,4,42
-2.0552,0.3550,1.1479,-226.768,-368.659,-170.061,4,42
-2.1367,0.3940,1.1113,-231.707,-379.756,-184.268,4,42
-0.6387,-0.8965,0.0952,-67.378,-71.463,-7.439,3,42
-0.5791,-0.8379,0.0723,-65.549,-69.146,-8.354,3,42
-0.5771,-0.7563,0.0552,-66.037,-67.378,-5.549,3,42
-0.5869,-0.6938,0.0103,-68.598,-65.854,-1.402,3,42
-0.6167,-0.6143,0.0171,-73.232,-64.817,2.683,3,42
-0.6514,-0.5718,-0.0205,-79.756,-61.890,5.427,3,42
-0.6626,-0.5933,-0.0723,-81.585,-61.159,8.049,3,42
-0.6694,-0.5947,-0.0586,-81.707,-60.976,10.488,3,42
-0.6880,-0.5981,-0.0625,-81.098,-59.024,12.134,3,42
-0.7036,-0.5776,-0.0684,-79.390,-57.439,13.293,3,42
-0.7056,-0.5356,-0.0757,-77.134,-55.610,14.390,3,42
-0.7026,-0.4639,-0.1045,-73.720,-54.390,16.098,3,42
-0.7124,-0.3506,-0.1431,-70.427,-52.439,17.805,3,42
-0.7246,-0.2236,-0.1631,-68.171,-50.915,19.512,3,42
-0.7563,-0.0703,-0.1802,-66.646,-49.634,21.829,3,42
-0.7920,0.1152,-0.1821,-64.878,-47.988,24.329,3,42
-6.1753,-0.6099,-0.4805,20.549,-618.902,-437.622,4,42
-7.7207,-1.2915,-3.8057,-49.512,-482.500,-542.134,4,42
-8.9727,-1.6963,-6.5718,-20.915,-270.122,-717.683,4,42
-7.3618,0.8662,-7.7217,-70.427,-230.793,-647.500,4,42
-4.9585,1.4824,-10.3135,-102.988,-265.000,-630.732,4,42
-0.1079,0.7329,-11.7500,-221.524,-418.049,-489.329,4,42
-2.6021,-0.8740,-13.4331,-458.841,-454.634,-297.256,4,42
-8.9849,-1.9185,-14.5718,-761.646,-433.963,-207.927,4,42
-1.4761,0.6904,0.0327,-20.793,-36.646,36.768,3,42
-1.5029,0.5708,0.0859,-13.659,-35.000,34.390,3,42
-1.5220,0.4844,0.1548,-10.305,-32.927,32.195,3,42
-1.5332,0.3794,0.1885,-11.768,-31.890,29.695,3,42
-1.5293,0.2354,0.1387,-14.329,-31.341,27.256,3,42
-1.4795,0.0869,0.0684,-15.732,-31.159,24.268,3,42
-1.3892,-0.0576,0.0020,-16.098,-30.915,21.220,3,42
-1.2788,-0.1802,-0.0518,-13.537,-30.610,18.049,3,42
-1.1914,-0.2554,-0.0073,-10.244,-30.183,15.915,3,42
-1.1484,-0.2803,0.0581,-8.902,-30.610,12.500,3,42
-1.1377,-0.2998,0.0454,-7.866,-30.732,9.329,3,42
-1.1299,-0.3403,-0.0586,-6.220,-31.707,6.463,3,42
-1.1104,-0.3911,-0.1484,-3.171,-31.768,5.305,3,42
-1.0840,-0.4526,-0.1587,-2.378,-31.951,5.244,3,42
-1.0605,-0.5054,-0.1465,-5.549,-32.927,5.610,3,42
-1.0396,-0.5352,-0.1050,-12.561,-33.841,6.463,3,42
4.3203,-0.3774,2.0117,-306.220,-1.524,40.305,4,42
5.3003,0.0723,1.6011,-272.866,9.878,-45.305,4,42
4.2319,0.9521,0.8237,-141.280,41.646,-158.720,4,42
3.7607,3.4805,0.0278,-49.695,-65.854,-210.854,4,42
2.6582,4.1465,-0.3481,-56.280,-124.024,-182.073,4,42
0.2012,4.3540,-0.9805,-77.378,-206.585,-90.793,4,42
-1.5518,2.6963,-2.1045,-31.707,-195.366,-61.463,4,42
-2.0977,1.7310,-2.5894,53.902,-108.171,-87.256,4,42
-1.0962,-0.3008,-0.0605,-73.537,-36.646,13.110,3,42
-1.0820,-0.2827,-0.0718,-81.402,-36.463,12.073,3,42
-1.0493,-0.2173,-0.0640,-85.915,-36.402,10.244,3,42
-1.0391,-0.1221,-0.0391,-86.585,-35.915,7.805,3,42
-1.0225,-0.0181,-0.0034,-84.695,-35.488,5.610,3,42
-1.0205,0.0859,0.0288,-81.037,-34.756,3.841,3,42
-1.0195,0.1611,0.0557,-77.622,-33.537,3.171,3,42
-1.0137,0.1953,0.0298,-73.354,-32.073,2.256,3,42
-1.0098,0.1841,0.0068,-69.878,-30.610,1.646,3,42
-1.0083,0.1401,-0.0044,-65.854,-29.085,0.305,3,42
-1.0078,0.0933,-0.0088,-61.280,-27.927,-1.037,3,42
-1.0181,0.0615,0.0034,-57.073,-26.524,-3.171,3,42
-1.0171,0.0425,0.0151,-54.451,-24.878,-5.549,3,42
-1.0225,0.0381,0.0156,-52.073,-22.927,-7.561,3,42
-1.0249,0.0566,0.0225,-50.000,-21.341,-9.573,3,42
-1.0293,0.0806,0.0264,-47.622,-19.390,-11.280,3,42
-1.0259,0.1045,0.0249,-45.122,-17.561,-11.829,3,42
-1.0313,0.1177,0.0200,-42.256,-15.915,-12.134,3,42
-1.0396,0.1226,0.0029,-39.085,-14.268,-11.951,3,42
-1.0464,0.1289,-0.0039,-35.854,-12.683,-11.707,3,42
-1.0356,0.1431,-0.0054,-33.780,-10.793,-12.012,3,42
-1.0352,0.1294,-0.0010,-31.890,-9.390,-11.707,3,42
-1.0225,0.1001,-0.0146,-28.598,-7.927,-11.280,3,42
-1.0073,0.0835,0.0059,-23.476,-6.280,-11.037,3,42
-0.5923,-0.3857,-1.8472,316.463,79.878,163.598,4,42
-0.3857,-0.6802,-1.6182,328.354,-33.598,177.134,4,42
-0.2915,-0.7417,-1.6094,358.354,-69.512,170.671,4,42
-0.4888,-0.5518,-1.4585,363.476,-49.146,164.878,4,42
-0.9194,-0.3784,-1.1313,343.476,-16.402,175.793,4,42
-1.2725,-0.2842,-0.8716,311.402,2.805,194.634,4,42
-1.4199,-0.3008,-0.1631,285.427,11.220,212.073,4,42
-1.7090,-0.3657,-0.2456,239.695,31.585,219.878,4,42
-1.0181,0.0088,0.0864,27.134,12.500,-14.878,3,42
-1.0220,0.0171,0.0771,30.976,14.634,-15.000,3,42
-1.0444,0.0254,0.0483,34.207,16.890,-14.268,3,42
-1.0469,0.0454,0.0293,36.707,18.780,-13.293,3,42
-1.0527,0.0483,0.0161,38.293,20.976,-12.927,3,42
-1.0610,0.0454,0.0122,39.451,22.622,-12.927,3,42
-1.0703,0.0313,0.0205,40.732,25.061,-13.598,3,42
-1.0771,0.0137,0.0400,41.524,27.012,-13.659,3,42
-2.1113,0.0703,-0.8403,187.988,192.805,112.866,4,42
-2.1318,0.0869,-0.9561,199.939,210.366,104.939,4,42
-2.1411,0.0728,-1.0464,216.220,226.951,98.537,4,42
-2.1230,0.0430,-1.1284,235.427,241.463,92.561,4,42
-2.1035,0.0132,-1.1724,252.683,253.293,88.415,4,42
-2.1030,0.0039,-1.2051,267.012,262.683,85.549,4,42
-2.1211,-0.0171,-1.2231,276.280,269.573,83.780,4,42
-2.1563,-0.0103,-1.2715,282.805,274.756,83.171,4,42
-1.0112,0.0332,0.0132,69.024,51.890,-3.232,3,42
-1.0225,0.0532,-0.0225,70.305,54.512,-2.378,3,42
-1.0337,0.0610,-0.0098,69.695,57.012,-1.341,3,42
-1.0625,0.0322,0.0347,67.561,59.146,-1.159,3,42
-1.0840,-0.0249,0.0586,66.402,61.341,-1.280,3,42
-1.1089,-0.0874,0.0928,67.195,64.024,-0.671,3,42
-1.1250,-0.1387,0.1313,67.134,66.951,0.244,3,42
-1.1226,-0.1836,0.1621,65.732,69.390,0.366,3,42
-2.1758,0.2720,-1.5684,248.354,299.085,94.085,4,42
-2.1846,0.3062,-1.4888,238.354,300.122,94.146,4,42
-2.2197,0.3481,-1.4482,226.220,303.537,92.988,4,42
-2.2837,0.3623,-1.4155,212.805,307.134,91.280,4,42
-2.3296,0.3677,-1.3569,200.671,310.549,89.634,4,42
-2.3770,0.3701,-1.3027,189.085,314.390,88.171,4,42
-2.3950,0.3740,-1.2412,178.232,319.024,87.195,4,42
-2.3984,0.3716,-1.1758,168.780,323.354,87.073,4,42
-1.1245,-0.4224,0.0767,36.890,81.098,5.976,3,42
-1.1133,-0.4170,0.0044,34.024,81.280,7.439,3,42
-1.1069,-0.4116,-0.0342,32.744,81.646,7.866,3,42
-1.0923,-0.3857,-0.0850,30.061,82.012,9.024,3,42
-1.0737,-0.3472,-0.1313,26.463,81.951,9.390,3,42
-1.0464,-0.2861,-0.1821,20.244,81.402,9.634,3,42
-1.0308,-0.2666,-0.1846,16.768,80.976,9.756,3,42
-1.0146,-0.2612,-0.1885,15.061,80.061,9.634,3,42
-0.9863,-0.2637,-0.2007,15.671,79.268,10.244,3,42
-0.9507,-0.2612,-0.2290,17.805,78.171,11.341,3,42
-0.9067,-0.2622,-0.2671,21.463,77.073,12.256,3,42
-0.8774,-0.2549,-0.2993,24.878,76.280,13.354,3,42
-0.8486,-0.2461,-0.3135,28.354,75.732,13.476,3,42
-0.8218,-0.2314,-0.3242,32.134,75.061,13.659,3,42
-0.8042,-0.2129,-0.3228,35.793,74.451,13.415,3,42
-0.8081,-0.1909,-0.3188,38.598,74.024,13.171,3,42
-0.9536,-0.3989,-0.0537,42.744,82.439,18.354,3,42
-0.9995,-0.4673,0.0391,41.585,84.695,17.561,3,42
-1.0674,-0.5190,0.1211,40.061,87.134,17.012,3,42
-1.1113,-0.5371,0.1904,38.476,89.268,16.829,3,42
-1.1514,-0.5283,0.2456,36.524,91.585,17.683,3,42
-1.1577,-0.5083,0.2500,35.427,94.085,18.780,3,42
-1.1387,-0.4951,0.1929,36.524,96.585,20.366,3,42
-1.1187,-0.4946,0.1226,38.354,99.268,21.524,3,42
-1.0811,-0.5552,0.0107,42.988,103.049,20.793,3,42
-1.0684,-0.5791,-0.0225,44.390,104.268,20.244,3,42
-1.0283,-0.6133,-0.0986,46.829,107.256,18.049,3,42
-0.9922,-0.6460,-0.1445,49.146,108.841,16.341,3,42
-0.9443,-0.6221,-0.1597,49.268,110.915,15.366,3,42
-0.8545,-0.5063,-0.1670,45.427,112.744,16.707,3,42
-0.8076,-0.4282,-0.1660,40.793,113.232,19.146,3,42
-0.7896,-0.3608,-0.1982,36.524,112.317,22.073,3,42
-1.5347,0.9873,0.8608,49.024,183.963,-4.268,4,42
-1.2192,1.2441,0.0645,-52.317,124.085,-6.098,4,42
-0.8208,0.1230,0.4966,-11.159,60.671,26.707,4,42
-1.1064,1.0278,0.1436,143.780,62.195,76.159,4,42
-2.7891,2.8540,4.1577,286.646,67.683,83.232,4,42
-3.5215,3.9448,8.8921,358.232,25.427,20.427,4,42
-2.7041,4.6431,10.0293,262.622,-15.427,-52.500,4,42
-1.3813,3.4238,9.0610,153.659,-65.305,-55.183,4,42
-0.2925,0.2388,6.8208,141.707,-77.805,22.561,4,42
-0.2070,-2.1533,5.3184,248.110,-27.439,92.134,4,42
-0.8896,-2.5635,6.1353,372.500,12.012,81.341,4,42
-1.0576,-1.4316,7.6807,422.317,-28.171,17.683,4,42
-0.9873,-0.1162,8.5635,463.659,-86.646,-13.476,4,42
-1.1836,1.0864,9.4014,500.305,-110.427,8.171,4,42
-1.4478,0.8022,10.1104,496.280,-127.378,52.195,4,42
-1.4717,-0.0703,10.5664,499.390,-160.183,93.780,4,42
-1.0933,-0.3994,9.1582,477.317,-199.573,104.146,4,42
-0.7632,-0.5850,5.5244,393.780,-204.634,88.354,4,42
-1.4194,-1.6123,2.9258,281.585,-161.220,86.402,4,42
-2.7305,-3.0264,1.1382,164.695,-140.183,98.780,4,42
-4.0200,-4.1807,-0.7998,48.720,-138.902,61.768,4,42
-7.1602,-4.6069,-1.8594,-34.817,-131.280,-13.110,4,42
-9.3589,-3.5654,-1.6650,-82.500,-139.268,-88.963,4,42
-9.9292,-2.3071,-1.2656,-97.622,-130.061,-98.963,4,42
-8.1836,-1.0845,-0.3760,-29.939,-116.829,-39.695,4,42
-5.1689,-0.5210,0.6650,-4.207,-100.793,35.244,4,42
-2.5752,-0.5386,1.7231,-12.988,-96.768,83.659,4,42
-1.2412,-0.4482,2.5879,-60.732,-92.988,91.159,4,42
-0.4668,-0.4697,2.7402,-124.695,-91.524,71.220,4,42
-0.4048,-0.5918,2.5977,-167.622,-80.000,35.976,4,42
-0.8745,-0.6655,2.2871,-198.171,-73.110,-1.098,4,42
-1.7197,-0.4995,1.9277,-214.329,-61.524,-24.939,4,42
-2.7495,-0.2681,1.4546,-216.159,-56.890,-35.183,4,42
-4.0186,0.2603,0.7910,-181.524,-51.951,-40.488,4,42
-4.1333,0.6870,0.1982,-118.415,-34.878,-46.890,4,42
-3.9639,0.9092,0.1865,-42.439,-17.683,-38.902,4,42
-3.6230,0.6689,0.5850,12.439,3.171,-15.244,4,42
-3.3120,0.2358,1.1426,43.476,23.963,1.098,4,42
-3.1602,-0.1777,1.6938,52.622,41.037,3.902,4,42
-3.2422,-0.3892,1.9966,45.793,56.524,-1.463,4,42
-0.8247,0.1558,-0.6450,-1.098,-15.854,-10.488,3,42
-0.8247,0.1606,-0.6538,-3.841,-19.939,-13.780,3,42
-0.7983,0.1670,-0.6621,-6.220,-24.146,-16.646,3,42
-0.7695,0.1592,-0.6611,-7.927,-28.780,-20.244,3,42
-0.7539,0.1396,-0.6821,-7.805,-33.476,-23.171,3,42
-0.7700,0.1113,-0.7031,-6.402,-38.293,-25.610,3,42
-0.7954,0.0898,-0.7041,-6.037,-43.293,-27.622,3,42
-0.8223,0.0562,-0.6646,-7.134,-46.829,-29.878,3,42
-3.9067,-0.7490,2.3374,-167.805,192.805,-47.683,4,42
-3.7925,-0.7251,2.5806,-176.890,194.207,-45.549,4,42
-3.6753,-0.7314,2.8120,-188.354,193.232,-43.415,4,42
-3.5464,-0.8003,2.9790,-200.854,190.122,-41.585,4,42
-3.4038,-0.9014,3.0415,-215.732,185.915,-39.634,4,42
-3.2622,-0.8599,3.1172,-229.329,180.488,-38.537,4,42
-3.0962,-0.7026,3.3525,-243.354,172.012,-37.988,4,42
-2.9355,-0.5918,3.6938,-258.293,163.780,-37.622,4,42
-2.7378,-0.4507,4.0210,-269.939,150.610,-36.646,4,42
-2.4683,-0.2837,4.1934,-282.805,135.366,-35.305,4,42
-2.1597,-0.1099,4.1367,-292.805,121.037,-32.439,4,42
-1.8350,0.0962,3.8320,-299.207,112.744,-26.402,4,42
-1.5283,0.3560,3.1250,-304.268,106.707,-16.768,4,42
-1.2661,0.5103,2.2720,-317.805,98.110,-5.366,4,42
-1.1211,0.4888,1.3799,-334.085,88.354,3.293,4,42
-1.1548,0.0908,0.6597,-346.159,79.451,1.524,4,42
-0.9473,-0.3315,-0.3159,-34.146,-70.305,-27.195,3,42
-0.9414,-0.3281,-0.3076,-32.561,-70.061,-26.646,3,42
-0.9414,-0.3169,-0.2974,-30.793,-69.939,-25.732,3,42
-0.9419,-0.3052,-0.3071,-27.317,-69.939,-24.268,3,42
-0.9434,-0.2842,-0.2988,-23.049,-68.780,-23.110,3,42
-0.9517,-0.2637,-0.2842,-19.329,-66.463,-21.768,3,42
-0.9478,-0.2495,-0.2681,-14.817,-64.573,-21.098,3,42
-0.9321,-0.2368,-0.2437,-9.390,-63.354,-20.183,3,42
-0.8545,2.7456,4.0088,75.488,-296.890,10.061,4,42
-0.6772,2.8818,3.8477,30.732,-295.061,42.195,4,42
-0.6104,2.7412,3.4946,-24.329,-293.476,54.817,4,42
-0.6182,2.3760,3.0410,-75.671,-293.659,44.146,4,42
-0.5928,2.0034,2.6113,-116.463,-293.293,18.841,4,42
-0.7480,1.5952,2.3354,-143.902,-293.598,-8.232,4,42
-0.6108,1.2871,2.1445,-159.024,-290.122,-31.585,4,42
-0.7842,0.9087,2.1089,-167.134,-283.841,-47.927,4,42
-0.9888,-0.4658,-0.1826,21.463,-54.085,-15.122,3,42
-0.9829,-0.4600,-0.1567,21.524,-52.744,-13.902,3,42
-0.9780,-0.4590,-0.1445,21.220,-51.707,-12.744,3,42
-0.9678,-0.4644,-0.1646,19.451,-50.671,-12.012,3,42
-0.9546,-0.4741,-0.1816,18.354,-49.817,-11.646,3,42
-0.9370,-0.4751,-0.1831,17.134,-48.720,-11.098,3,42
-0.9194,-0.4614,-0.1860,14.817,-47.622,-10.732,3,42
-0.9019,-0.4595,-0.1689,11.037,-46.768,-10.610,3,42
-2.1826,-0.5718,2.0342,-128.780,-435.854,-173.293,4,42
-2.2192,-0.3828,1.9282,-126.463,-451.890,-185.915,4,42
-2.2324,-0.0913,1.8286,-128.598,-462.805,-181.768,4,42
-2.0332,0.0918,1.7417,-136.585,-467.622,-161.646,4,42
-1.9517,0.3164,1.6611,-144.024,-468.476,-135.671,4,42
-1.9048,0.5020,1.6255,-153.293,-470.671,-110.427,4,42
-1.9038,0.6602,1.6060,-163.476,-474.939,-87.500,4,42
-1.9888,0.8091,1.5752,-174.817,-482.439,-67.439,4,42
-2.1104,0.9233,1.5283,-187.317,-493.049,-52.073,4,42
-2.2739,1.0166,1.4956,-200.061,-507.561,-41.098,4,42
-2.4717,1.0874,1.4653,-213.293,-524.451,-34.878,4,42
-2.6958,1.1279,1.4077,-225.732,-542.622,-34.268,4,42
-2.9468,1.1646,1.3418,-236.890,-560.427,-37.744,4,42
-3.2300,1.2007,1.2607,-245.793,-575.427,-45.244,4,42
-3.5469,1.2456,1.1763,-250.671,-587.988,-57.378,4,42
-3.8936,1.3491,1.0815,-250.854,-597.500,-74.329,4,42
-0.9185,-0.3364,-0.1963,-13.598,-26.890,-2.317,3,42
-0.9243,-0.3232,-0.2012,-12.866,-26.585,-1.951,3,42
-0.9629,-0.3208,-0.1802,-11.159,-25.366,-0.976,3,42
-0.9888,-0.3267,-0.1670,-9.451,-24.390,0.305,3,42
-0.9961,-0.3354,-0.1548,-6.585,-23.354,2.134,3,42
-0.9883,-0.3252,-0.1475,-4.268,-22.378,3.659,3,42
-0.9780,-0.2983,-0.1709,-1.768,-22.378,5.000,3,42
-0.9556,-0.2656,-0.1968,0.244,-21.951,6.037,3,42
-5.4531,2.2871,0.4141,-154.817,-509.634,-250.183,4,42
-5.7246,2.4497,0.1968,-148.354,-497.256,-238.659,4,42
-6.0342,2.6274,-0.0942,-151.037,-482.866,-223.293,4,42
-6.2588,2.7554,-0.4365,-156.098,-469.512,-203.415,4,42
-6.3408,2.7705,-0.7944,-154.329,-465.671,-178.780,4,42
-6.1860,2.6870,-1.1191,-140.915,-475.854,-150.000,4,42
-6.1260,2.5361,-1.2695,-113.598,-498.720,-114.756,4,42
-5.6460,2.5605,-1.3813,-74.634,-539.756,-68.293,4,42
-0.9771,0.0972,-0.2275,-2.317,-19.146,12.805,3,42
-1.0000,0.1177,-0.2427,-0.061,-18.902,13.415,3,42
-1.0234,0.1362,-0.2441,1.890,-18.659,14.451,3,42
-1.0479,0.1387,-0.2349,4.390,-18.293,15.610,3,42
-1.0767,0.1372,-0.2275,6.829,-17.683,15.549,3,42
-1.0884,0.1216,-0.2397,8.598,-17.500,15.671,3,42
-1.1006,0.0933,-0.2456,10.366,-16.646,15.488,3,42
-1.1245,0.0830,-0.2236,10.610,-16.098,15.427,3,42
-1.1533,0.0664,-0.1982,9.634,-15.915,14.512,3,42
-1.1675,0.0630,-0.1880,7.561,-15.061,13.780,3,42
-1.1528,0.0620,-0.1597,6.280,-14.268,13.232,3,42
-1.1558,0.0498,-0.0928,5.976,-13.171,13.232,3,42
-1.1973,0.0322,-0.0195,5.488,-12.256,13.049,3,42
-1.2681,-0.0176,-0.0391,3.720,-12.073,11.951,3,42
-1.2847,-0.1040,-0.1265,0.061,-11.890,11.037,3,42
-1.1973,-0.2642,-0.2275,-2.439,-12.012,11.159,3,42
-0.9604,-0.5005,-0.2739,1.890,-11.098,12.561,3,42
-0.8647,-0.5220,-0.2158,4.939,-12.195,11.585,3,42
-0.8608,-0.4116,-0.1689,2.866,-13.841,8.293,3,42
-0.8950,-0.3057,-0.1494,-4.207,-14.634,4.756,3,42
-0.9478,-0.2734,-0.1636,-10.976,-14.451,3.415,3,42
-0.9941,-0.3179,-0.1631,-14.451,-14.329,4.329,3,42
-1.0225,-0.3750,-0.1641,-16.280,-15.366,5.427,3,42
-1.0381,-0.4214,-0.1899,-17.988,-16.829,5.854,3,42
-1.0361,-0.4321,-0.2285,-19.146,-17.500,6.220,3,42
-1.0205,-0.4092,-0.2700,-20.061,-18.841,6.280,3,42
-1.0068,-0.3457,-0.2627,-23.110,-20.061,6.524,3,42
-0.9912,-0.2734,-0.2568,-27.988,-21.402,6.829,3,42
-0.9712,-0.1777,-0.2363,-33.293,-22.012,6.220,3,42
-0.9600,-0.0938,-0.2378,-38.171,-22.866,6.402,3,42
-0.9443,-0.0186,-0.2441,-41.829,-23.171,6.524,3,42
-0.9409,0.0425,-0.2500,-43.537,-23.415,6.951,3,42
-0.9263,0.0811,-0.2559,-44.390,-23.598,7.683,3,42
-0.9302,0.1201,-0.2495,-43.354,-23.659,8.171,3,42
-0.9277,0.1426,-0.2500,-41.220,-23.537,7.805,3,42
-0.9346,0.1494,-0.2339,-37.805,-23.049,7.683,3,42
-0.9443,0.1543,-0.2305,-33.476,-22.134,6.951,3,42
-0.9639,0.1499,-0.2080,-29.085,-21.890,6.402,3,42
-0.9819,0.1475,-0.1929,-24.878,-21.524,5.305,3,42
-0.9878,0.1177,-0.1704,-19.939,-21.159,4.390,3,42
-1.6211,1.0747,-2.7686,376.768,173.476,67.988,4,42
-1.6553,1.2378,-2.7998,355.366,202.805,77.866,4,42
-1.6587,1.3330,-2.7388,325.854,233.841,79.268,4,42
-1.6177,1.3667,-2.6396,289.329,259.756,70.183,4,42
-1.5620,1.3496,-2.5015,249.085,279.573,48.902,4,42
-1.5259,1.2856,-2.3638,209.756,294.756,17.134,4,42
-1.4810,1.2041,-2.2002,177.927,305.915,-18.902,4,42
-1.4136,1.0967,-2.0610,156.646,311.585,-52.012,4,42
-1.2930,0.9092,-1.9580,148.841,311.220,-74.695,4,42
-1.1211,0.7212,-1.9092,158.963,306.037,-82.378,4,42
-0.9316,0.5532,-1.8877,180.305,293.963,-75.854,4,42
-0.6826,0.4893,-1.8716,202.683,273.780,-55.793,4,42
-0.4917,0.4443,-1.9771,213.780,249.512,-31.159,4,42
-0.4067,0.3867,-2.0415,212.805,221.037,-6.402,4,42
-0.3052,0.4468,-1.9980,211.220,186.524,22.012,4,42
-0.2397,0.5732,-1.9111,213.293,153.293,54.634,4,42
-1.0210,-0.1440,-0.1377,-29.939,-5.305,4.573,3,42
-1.0190,-0.1460,-0.1187,-25.732,-4.451,5.427,3,42
-1.0210,-0.1470,-0.1172,-21.524,-3.232,5.976,3,42
-1.0225,-0.1509,-0.1211,-16.159,-2.012,6.707,3,42
-1.0176,-0.1416,-0.1216,-10.244,-0.488,7.134,3,42
-1.0034,-0.1221,-0.1387,-4.268,0.976,7.500,3,42
-0.9922,-0.0986,-0.1426,1.280,2.012,7.988,3,42
-0.9805,-0.0801,-0.1387,6.159,3.049,8.354,3,42
-0.9688,-0.0713,-0.1460,10.610,4.329,8.902,3,42
-0.9521,-0.0669,-0.1597,14.817,5.244,9.451,3,42
-0.9375,-0.0708,-0.1440,19.329,7.012,10.244,3,42
-0.9277,-0.0757,-0.1489,25.000,8.293,11.402,3,42
-0.9019,-0.0889,-0.1470,30.488,9.756,12.378,3,42
-0.8989,-0.0947,-0.1460,35.610,11.098,13.354,3,42
-0.9009,-0.0972,-0.1333,40.061,13.110,13.963,3,42
-0.8950,-0.1040,-0.1187,44.024,14.573,13.963,3,42
-0.9355,-0.0391,-0.0869,84.207,38.232,22.134,3,42
-0.9521,-0.0449,-0.0713,87.134,41.280,22.439,3,42
-0.9810,-0.0679,-0.0537,89.756,44.329,22.500,3,42
-0.9966,-0.0654,-0.0210,92.866,47.622,21.951,3,42
-1.0190,-0.0625,0.0112,95.854,50.915,21.524,3,42
-1.0498,-0.0449,0.0547,98.537,55.366,21.341,3,42
-1.0884,-0.0122,0.0996,99.573,59.085,21.098,3,42
-1.1133,0.0107,0.1436,102.012,62.561,21.524,3,42
-1.7510,0.2661,-0.4189,25.915,314.695,56.951,4,42
-1.7593,0.2715,-0.3428,32.683,312.134,57.134,4,42
-1.7456,0.2676,-0.2393,41.220,309.024,56.585,4,42
-1.7344,0.2759,-0.1216,50.671,304.207,56.585,4,42
-1.7153,0.2715,-0.0020,61.646,297.866,56.768,4,42
-1.7007,0.2856,0.0874,72.622,290.427,57.866,4,42
-1.6782,0.3037,0.1636,81.585,282.561,59.756,4,42
-1.6816,0.3291,0.2627,89.939,275.549,62.927,4,42
-1.3574,-0.1987,0.0913,115.183,96.890,14.573,3,42
-1.3652,-0.2676,0.0757,114.268,98.415,14.939,3,42
-1.3623,-0.3579,0.0801,109.939,100.976,15.305,3,42
-1.3521,-0.4653,0.0723,104.085,103.902,15.000,3,42
-1.3286,-0.5674,0.0610,97.805,106.341,13.963,3,42
-1.2949,-0.6504,0.0610,90.244,108.902,13.659,3,42
-1.2651,-0.7217,0.0640,81.524,111.159,14.085,3,42
-1.2031,-0.7954,0.0181,65.488,114.634,15.549,3,42
-1.3706,0.2173,1.5742,19.756,164.512,84.756,4,42
-1.1963,0.1367,1.4614,12.805,149.634,83.537,4,42
-1.0571,0.0776,1.1318,3.659,142.256,80.000,4,42
-0.9419,0.3140,1.0835,-8.598,144.817,76.098,4,42
-0.8423,0.5010,1.3022,-16.280,143.780,80.366,4,42
-0.7686,0.7183,1.1675,-28.841,129.085,86.402,4,42
-0.6641,1.0044,0.8413,-59.512,117.683,87.439,4,42
-0.5161,1.4717,0.2822,-104.939,125.366,76.768,4,42
-0.9907,-0.3042,-0.2930,-5.610,124.207,21.341,3,42
-0.9761,-0.2412,-0.3052,-6.463,123.902,21.951,3,42
-0.9482,-0.1743,-0.4053,-6.585,123.293,24.024,3,42
-0.8223,-0.0371,-0.4482,-6.585,124.146,26.951,3,42
-0.7285,0.0376,-0.4287,-8.354,124.390,29.634,3,42
-0.6812,0.0225,-0.4443,-7.744,122.073,29.512,3,42
-0.6968,-0.0415,-0.4922,-3.049,119.817,27.439,3,42
-0.6743,-0.0391,-0.5049,0.793,119.268,26.707,3,42
0.6182,-5.4775,0.8340,-135.976,-554.146,101.037,4,42
-5.2817,-15.1719,1.9038,437.317,199.634,125.610,4,42
-4.5557,-9.1611,7.5996,741.585,62.500,184.939,4,42
-1.5635,0.5820,5.9185,76.220,-175.915,-82.317,4,42
-0.5576,-0.7803,3.8794,203.841,-119.146,-0.671,4,42
-1.7075,1.0654,4.8564,361.159,-75.549,123.780,4,42
-2.4819,1.3818,4.1289,296.098,-93.415,111.585,4,42
-3.3325,0.9854,1.8066,227.012,-126.951,24.390,4,42
-3.5132,0.1641,-0.3813,169.573,-145.976,-47.622,4,42
-3.7661,-1.1538,-2.0288,216.951,-158.293,-11.463,4,42
-5.1514,-1.6597,-1.4893,337.256,-146.341,58.232,4,42
-7.3950,-1.8193,0.6689,405.915,-134.878,79.329,4,42
-8.7866,-2.9282,1.9980,356.585,-137.500,74.695,4,42
-8.1338,-3.8931,2.7261,286.280,-135.549,89.207,4,42
-6.2046,-4.0356,3.1528,183.110,-137.439,97.439,4,42
-4.0220,-3.9414,2.5254,46.646,-145.793,88.415,4,42
-0.9658,-0.5981,-0.5229,-17.256,65.061,26.890,3,42
-0.9863,-0.4702,-0.5220,-21.585,62.866,28.232,3,42
-0.9951,-0.3379,-0.5186,-25.305,60.549,29.024,3,42
-1.0288,-0.1895,-0.5151,-28.780,58.232,30.061,3,42
-1.0845,-0.0137,-0.5073,-31.463,56.341,30.549,3,42
-1.0894,0.1343,-0.4888,-30.488,54.085,31.402,3,42
-1.0659,0.2080,-0.4976,-24.634,52.317,31.707,3,42
-1.0166,0.2256,-0.5186,-16.890,50.061,30.427,3,42
-3.3037,-0.3496,1.4443,-39.085,24.939,10.305,4,42
-3.4023,-0.4253,1.2935,-35.366,29.939,0.610,4,42
-3.5112,-0.5415,1.1548,-27.134,36.280,-5.488,4,42
-3.4883,-0.6665,1.1592,-20.793,44.878,-8.902,4,42
-3.2095,-0.8057,1.2305,-21.768,54.573,-13.110,4,42
-2.8013,-0.8672,1.3379,-27.134,64.451,-18.780,4,42
-2.4614,-0.7954,1.4590,-34.451,72.988,-24.512,4,42
-2.3677,-0.6392,1.5547,-42.256,80.793,-29.817,4,42
-2.5044,-0.4966,1.6367,-48.415,88.232,-33.476,4,42
-2.8320,-0.3984,1.6987,-53.598,96.037,-35.427,4,42
-3.2095,-0.3140,1.7441,-59.268,103.537,-36.524,4,42
-3.5781,-0.2607,1.8164,-64.329,109.878,-37.256,4,42
-3.8677,-0.2637,1.8877,-68.110,116.951,-36.463,4,42
-4.0576,-0.2920,1.9678,-66.280,124.268,-35.122,4,42
-4.1025,-0.3281,2.0371,-60.915,131.829,-35.061,4,42
-3.9951,-0.4087,2.0996,-53.415,139.085,-35.915,4,42
-0.9761,0.1836,-0.6245,31.037,-48.780,-20.183,3,42
-0.9604,0.1729,-0.5840,32.500,-51.768,-21.829,3,42
-0.9258,0.1431,-0.5698,33.720,-55.915,-23.476,3,42
-0.8896,0.1035,-0.5537,34.817,-59.146,-25.915,3,42
-0.8447,0.0679,-0.5605,35.244,-62.561,-28.476,3,42
-0.8169,0.0581,-0.5625,35.854,-65.488,-30.915,3,42
-0.7764,0.0449,-0.5977,36.951,-68.659,-33.476,3,42
-0.7671,0.0151,-0.6372,37.439,-72.134,-36.098,3,42
-3.4121,-1.2222,3.5396,-79.512,161.768,-19.817,4,42
-3.2886,-1.3394,3.7129,-90.000,155.854,-18.293,4,42
-3.1050,-1.3047,4.0620,-98.049,145.122,-15.549,4,42
-2.8667,-1.0669,4.3491,-114.085,130.244,-11.524,4,42
-2.6040,-0.8081,4.6343,-134.695,113.902,-7.012,4,42
-2.3384,-0.6060,4.8022,-152.744,96.280,0.183,4,42
-2.0898,-0.4346,4.6987,-165.000,80.854,10.427,4,42
-1.9106,-0.2612,4.1323,-172.866,71.220,20.244,4,42
-0.9336,-0.2046,-0.4009,15.366,-87.988,-45.610,3,42
-0.9556,-0.2046,-0.3945,11.768,-88.537,-47.134,3,42
-0.9629,-0.2114,-0.3994,8.232,-88.720,-47.988,3,42
-0.9800,-0.1929,-0.3711,4.817,-89.146,-48.415,3,42
-0.9785,-0.1787,-0.3677,1.098,-89.390,-48.598,3,42
-0.9746,-0.1772,-0.3608,-3.049,-89.451,-48.476,3,42
-1.0000,-0.1870,-0.3296,-7.256,-89.451,-48.476,3,42
-1.0127,-0.2041,-0.3188,-11.280,-88.780,-47.866,3,42
-1.7295,-0.0884,0.4624,-42.073,107.134,-83.049,4,42
-2.0078,-0.0737,0.8242,7.927,72.378,-88.110,4,42
-1.8740,-0.1450,1.1558,33.598,36.280,-99.207,4,42
-2.2773,-0.3735,1.4199,44.634,-9.207,-110.305,4,42
-1.6025,-0.4502,1.6626,45.244,-59.939,-120.793,4,42
-1.5679,-0.5674,1.7681,38.293,-123.354,-127.134,4,42
-1.4365,-0.5518,1.8159,22.256,-198.415,-124.268,4,42
-1.4141,-0.5352,1.8013,-7.866,-263.659,-115.549,4,42
-0.9253,-0.3906,-0.3608,-32.500,-88.780,-38.110,3,42
-0.9092,-0.4033,-0.3735,-32.744,-88.902,-36.159,3,42
-0.9028,-0.3965,-0.3662,-31.646,-89.756,-33.293,3,42
-0.8994,-0.3936,-0.3535,-31.341,-89.817,-31.037,3,42
-0.8931,-0.4160,-0.3452,-31.037,-90.061,-28.598,3,42
-0.8877,-0.4346,-0.3394,-30.122,-90.305,-26.585,3,42
-0.8809,-0.4800,-0.3320,-28.841,-90.244,-24.634,3,42
-0.8853,-0.5225,-0.3101,-27.256,-90.305,-22.744,3,42
-0.7632,0.2090,2.5142,-165.732,-315.915,-80.427,4,42
-0.8682,0.2114,2.3696,-187.378,-327.317,-85.061,4,42
-1.0034,0.2598,2.2031,-205.549,-327.622,-85.793,4,42
-1.1685,0.3247,2.0205,-220.366,-317.805,-82.805,4,42
-1.3442,0.4063,1.8662,-233.902,-302.012,-79.207,4,42
-1.4561,0.4985,1.7622,-245.061,-284.634,-77.256,4,42
-1.5313,0.5596,1.7192,-253.598,-272.317,-79.390,4,42
-1.5693,0.5825,1.7529,-255.366,-273.720,-86.280,4,42
-0.8936,-0.5767,-0.2290,-16.341,-89.695,-12.866,3,42
-0.9736,-0.5078,-0.1050,-38.293,-85.671,-5.061,3,42
-0.9692,-0.5171,-0.1016,-43.171,-85.000,-4.207,3,42
-0.9712,-0.5313,-0.0884,-51.707,-84.207,-3.598,3,42
-0.9785,-0.5469,-0.0869,-57.134,-82.927,-3.232,3,42
-0.9668,-0.5493,-0.0801,-62.195,-81.341,-2.683,3,42
-0.9678,-0.5449,-0.0479,-67.134,-79.939,-2.134,3,42
-0.9634,-0.5225,-0.0073,-72.805,-78.354,-1.402,3,42
-0.9492,-0.4956,0.0332,-78.110,-76.829,-0.732,3,42
-0.9355,-0.4614,0.0615,-83.110,-75.427,0.366,3,42
-0.9092,-0.4214,0.0869,-87.866,-73.659,0.854,3,42
-0.8867,-0.3784,0.0913,-93.232,-72.012,1.220,3,42
-0.8584,-0.3447,0.0679,-96.646,-70.000,1.890,3,42
-0.8506,-0.3003,0.0566,-98.293,-67.561,2.927,3,42
-0.8481,-0.2393,0.0278,-100.122,-65.610,3.598,3,42
-0.8604,-0.1729,-0.0059,-102.866,-64.024,4.146,3,42
-0.8838,-0.1118,-0.0269,-104.268,-61.341,4.512,3,42
-0.9019,-0.0625,-0.0332,-103.476,-58.720,5.244,3,42
-0.9243,-0.0205,-0.0571,-100.305,-56.463,6.707,3,42
-0.9380,0.0298,-0.0757,-96.463,-55.183,8.354,3,42
-0.9429,0.0918,-0.0742,-93.720,-53.902,9.817,3,42
-0.9521,0.1387,-0.0796,-90.671,-52.500,10.610,3,42
-0.9614,0.1641,-0.1074,-85.854,-50.915,11.159,3,42
-0.9521,0.1821,-0.1543,-78.780,-49.207,11.585,3,42
-0.9580,0.2124,-0.2129,-68.780,-47.134,12.012,3,42
-0.9648,0.2607,-0.2319,-59.207,-45.427,12.439,3,42
-0.9678,0.2974,-0.2188,-51.341,-43.780,11.951,3,42
-0.9834,0.3193,-0.2153,-43.293,-42.012,11.524,3,42
-0.9883,0.3081,-0.2041,-32.866,-40.366,11.585,3,42
-0.9878,0.2808,-0.1821,-21.768,-39.451,11.402,3,42
-0.9756,0.2324,-0.1475,-10.976,-38.415,11.402,3,42
-0.9448,0.1636,-0.1387,0.183,-36.829,10.976,3,42
-0.9077,0.0522,-0.1392,20.061,-34.085,10.488,3,42
-0.8872,0.0161,-0.1387,26.768,-33.415,10.366,3,42
-0.8779,-0.0156,-0.1299,39.390,-31.280,9.878,3,42
-0.9287,-0.0601,-0.0811,52.683,-29.268,8.537,3,42
-0.9883,-0.0918,-0.0688,59.329,-28.110,7.561,3,42
-1.0513,-0.1475,-0.0444,63.841,-26.220,6.585,3,42
-1.0879,-0.2139,-0.0186,68.171,-25.061,6.037,3,42
-1.0601,-0.3057,-0.0449,73.476,-24.695,5.610,3,42
-1.0317,-0.3706,-0.0630,79.329,-24.268,6.159,3,42
-1.0249,-0.3975,-0.0527,83.537,-23.476,7.134,3,42
-1.0430,-0.3945,-0.0508,84.451,-23.293,7.744,3,42
-1.0991,-0.3926,-0.0776,84.207,-24.207,8.049,3,42
-1.1587,-0.4063,-0.1035,82.256,-25.244,8.293,3,42
-1.2227,-0.4321,-0.0864,77.988,-26.707,8.415,3,42
-1.2876,-0.4707,-0.0708,70.976,-28.110,7.988,3,42
-1.3071,-0.5264,-0.0684,63.049,-29.695,7.378,3,42
-0.3047,0.2896,-4.0293,-398.293,-134.695,272.561,4,42
0.5112,0.0356,-2.5420,-152.073,-128.293,264.634,4,42
1.8286,-0.1235,-0.7632,18.841,-68.598,211.341,4,42
2.9531,0.0034,0.1724,131.585,13.780,141.951,4,42
3.3101,0.3325,0.3760,211.341,54.756,91.768,4,42
2.6885,1.5854,0.7314,98.780,75.976,59.146,4,42
1.3384,1.9482,-0.1387,-39.939,49.878,56.037,4,42
1.2759,1.7520,-0.2383,-132.866,-0.671,67.317,4,42
-0.0264,0.7563,-1.1089,-201.768,-40.671,97.866,4,42
-1.0562,-0.2227,-2.0386,-199.146,-32.439,84.207,4,42
-1.6401,-0.5664,-2.6055,-152.012,3.963,48.963,4,42
-1.8828,-0.6206,-2.8970,-84.085,46.402,14.634,4,42
-1.6631,-0.5869,-3.3301,-10.793,97.744,-0.976,4,42
-2.6055,-0.3423,-3.5576,50.610,151.402,-4.939,4,42
-2.7148,-0.2090,-3.5996,144.756,183.110,-1.220,4,42
-2.0425,-0.0605,-3.2852,209.512,209.634,5.610,4,42
-1.7793,0.0396,-2.8970,238.598,231.890,19.939,4,42
-1.8569,0.1128,-2.6523,245.488,229.573,36.707,4,42
-1.6855,0.2139,-2.6377,233.780,230.061,44.512,4,42
-1.5225,0.1094,-2.6772,207.378,248.232,42.012,4,42
-1.4448,0.2080,-2.7002,171.829,275.671,34.878,4,42
-1.4019,0.3735,-2.6470,126.524,300.000,27.256,4,42
-1.3535,0.5869,-2.4741,89.817,309.512,17.073,4,42
-1.3154,0.7949,-2.3291,65.183,300.305,4.878,4,42
-1.2627,0.9458,-2.2148,55.427,277.195,-9.634,4,42
-1.1895,1.0371,-2.0659,61.524,249.573,-24.634,4,42
-1.0508,1.1147,-1.8779,80.061,221.585,-35.915,4,42
-0.8325,1.1333,-1.6846,113.476,194.207,-37.622,4,42
-0.6587,1.0898,-1.5615,152.683,175.427,-31.829,4,42
-0.5908,1.0542,-1.5181,182.012,169.756,-20.305,4,42
-0.5840,1.0737,-1.4063,204.817,165.427,9.817,4,42
-0.5776,1.0981,-1.3550,210.061,161.159,22.317,4,42
-0.5898,1.1113,-1.2891,220.427,143.720,60.854,4,42
-0.6650,1.0317,-1.3296,225.183,136.280,82.439,4,42
-0.7437,0.9746,-1.3574,228.720,134.878,92.134,4,42
-1.0449,0.7402,-1.3179,247.683,137.195,118.720,4,42
-1.1768,0.6704,-1.2827,254.817,139.756,126.646,4,42
-1.5747,0.4136,-1.1084,274.329,150.061,148.232,4,42
-1.8237,0.2544,-1.0439,281.341,157.073,158.598,4,42
-2.0254,0.1631,-0.9043,287.561,169.329,166.585,4,42
-2.1812,0.0688,-0.9097,285.793,182.805,170.305,4,42
-2.2793,0.0352,-0.9097,282.866,195.183,170.549,4,42
-2.3506,0.0142,-0.9692,278.780,208.049,166.768,4,42
-2.3823,0.0103,-1.0371,274.939,220.488,161.220,4,42
-2.3872,0.0020,-1.1011,270.610,234.085,153.232,4,42
-2.3711,-0.0146,-1.1406,264.817,247.988,143.354,4,42
-2.3428,-0.0532,-1.1577,257.988,262.012,132.744,4,42
-2.2759,-0.1021,-1.1841,250.610,275.793,121.280,4,42
-2.2046,-0.1460,-1.2095,245.000,289.329,109.878,4,42
-2.1274,-0.2021,-1.2368,240.671,301.707,99.024,4,42
-2.0459,-0.2422,-1.2612,238.720,313.049,89.817,4,42
-1.9761,-0.2749,-1.2612,238.049,323.049,81.646,4,42
-1.9282,-0.2778,-1.2344,238.110,330.122,75.244,4,42
-1.9033,-0.2720,-1.1606,236.890,335.671,69.695,4,42
-1.9053,-0.2534,-1.0742,232.134,339.085,64.634,4,42
-1.9141,-0.2456,-0.9746,224.085,339.939,60.671,4,42
-1.9463,-0.2075,-0.8735,214.024,339.390,56.707,4,42
-1.9658,-0.1699,-0.7764,202.622,339.268,51.829,4,42
-1.9775,-0.1743,-0.7207,188.780,337.195,48.171,4,42
-1.9966,-0.1655,-0.6514,174.634,333.476,46.159,4,42
-2.0161,-0.1504,-0.5806,160.610,331.646,44.146,4,42
-2.0313,-0.1401,-0.5327,145.976,329.634,42.317,4,42
-2.0342,-0.1357,-0.4941,132.378,327.012,39.939,4,42
-2.0269,-0.1294,-0.4561,120.915,324.024,38.720,4,42
-1.0542,-0.3452,-0.0576,23.476,64.695,7.073,3,42
-1.0557,-0.3423,-0.0601,22.256,66.707,7.561,3,42
-1.0537,-0.3242,-0.0532,21.098,68.598,7.622,3,42
-1.0640,-0.3086,-0.0386,18.963,69.695,7.683,3,42
-1.0576,-0.2881,-0.0225,18.110,71.646,7.683,3,42
-1.0547,-0.2593,-0.0181,18.232,73.841,8.171,3,42
-1.0498,-0.2290,0.0078,19.024,75.732,8.537,3,42
-1.0337,-0.1885,0.0391,18.902,78.049,8.415,3,42
-1.0229,-0.1411,0.0674,18.780,80.488,7.866,3,42
-1.0054,-0.0903,0.0947,18.171,83.110,7.439,3,42
-0.9893,-0.0234,0.1016,17.866,85.122,6.707,3,42
-0.9692,0.0313,0.0742,17.073,87.988,6.341,3,42
-0.9507,0.0796,0.0356,15.671,91.037,6.768,3,42
-0.9492,0.1406,0.0552,11.524,95.610,6.220,3,42
-0.9795,0.1914,0.1548,2.927,99.756,5.061,3,42
-1.0000,0.2134,0.2329,-9.512,102.500,3.232,3,42
-0.9956,0.0845,0.0205,-16.402,105.183,3.841,3,42
-0.9551,-0.0464,-0.1353,-7.866,106.951,8.232,3,42
-0.9624,-0.1172,-0.1445,-1.829,107.866,13.110,3,42
-0.9858,-0.1719,-0.1553,-4.329,106.768,14.268,3,42
-0.9790,-0.2607,-0.2290,-8.537,106.890,12.622,3,42
-0.9702,-0.3296,-0.2749,-9.878,107.744,10.122,3,42
-0.9253,-0.3979,-0.3076,-12.500,107.317,8.049,3,42
-0.8975,-0.4565,-0.3564,-15.915,106.341,7.927,3,42
-1.7817,0.7915,0.7354,-84.756,243.110,93.720,4,42
-1.8247,0.8774,0.8086,-114.146,248.232,95.122,4,42
-1.8521,0.8198,1.0117,-116.890,234.634,94.085,4,42
-1.7603,0.8882,1.0381,-123.537,205.732,89.146,4,42
-1.6426,0.9023,0.9170,-138.780,181.585,82.195,4,42
-1.5630,1.0796,0.6689,-145.793,174.390,73.415,4,42
-1.6172,1.2524,0.3359,-164.817,187.195,59.268,4,42
-1.6938,1.4165,-0.2324,-188.537,212.744,36.829,4,42
-0.8945,-0.2524,-0.1021,-39.451,106.951,20.366,3,42
-0.9624,-0.1665,-0.0127,-38.049,108.049,22.500,3,42
-0.9917,-0.0532,0.0161,-33.780,108.659,25.427,3,42
-0.9702,0.0737,0.0020,-28.354,108.659,29.756,3,42
-0.9229,0.1831,-0.0752,-21.707,108.232,34.146,3,42
-0.8521,0.2310,-0.1992,-13.354,107.073,37.317,3,42
-0.7524,0.2358,-0.3584,-2.744,105.366,37.500,3,42
-0.6030,0.1812,-0.4878,7.378,103.049,35.305,3,42
-0.4106,0.0757,-0.6445,20.061,100.488,31.951,3,42
-0.1938,-0.0405,-0.7769,32.683,96.524,26.951,3,42
-0.0498,-0.1748,-0.8301,41.768,92.256,20.793,3,42
-0.0205,-0.3105,-0.8594,48.963,86.951,13.780,3,42
-0.0610,-0.4312,-0.9009,54.329,80.244,8.902,3,42
-0.1567,-0.5747,-0.9087,56.829,74.451,6.585,3,42
-0.3115,-0.6973,-0.8892,55.671,69.390,6.402,3,42
-0.4980,-0.7837,-0.8477,52.073,64.939,7.744,3,42
-0.8438,-0.8862,-0.7437,45.000,58.232,13.537,3,42
-1.1240,-0.9619,-0.6440,41.037,54.085,18.902,3,42
-1.4312,-0.9922,-0.4946,35.305,51.890,23.720,3,42
-1.7129,-0.9536,-0.3413,25.305,50.732,27.439,3,42
-1.8452,-0.8623,-0.2109,16.402,50.183,30.488,3,42
-1.7925,-0.7393,-0.1807,10.610,50.366,34.268,3,42
-1.6382,-0.5576,-0.1567,3.476,51.159,34.817,3,42
-1.4731,-0.3403,-0.1367,-4.268,50.976,32.256,3,42
-1.3154,-0.1079,-0.1484,-9.146,49.634,30.061,3,42
-1.1694,0.0845,-0.2300,-11.159,48.659,28.902,3,42
-1.0483,0.2363,-0.3374,-8.659,47.561,27.744,3,42
-0.9634,0.3315,-0.4194,-5.610,46.280,25.488,3,42
-0.8853,0.3906,-0.4849,0.549,44.390,23.232,3,42
-0.8296,0.4165,-0.5615,8.171,41.951,19.756,3,42
-0.7783,0.4434,-0.6079,17.012,39.939,16.707,3,42
-0.7227,0.4443,-0.6470,25.366,37.439,13.110,3,42
-0.6436,0.3765,-0.7041,34.207,34.512,10.427,3,42
-0.5869,0.2866,-0.7720,42.866,30.244,7.439,3,42
-0.5552,0.1816,-0.8169,49.146,25.732,4.573,3,42
-0.5747,0.0791,-0.8174,52.256,20.915,1.707,3,42
-0.6040,-0.0288,-0.8140,53.780,15.061,-0.610,3,42
-0.6489,-0.1299,-0.8037,52.988,9.085,-2.134,3,42
-0.7031,-0.2256,-0.7617,51.159,2.866,-3.232,3,42
-0.7764,-0.3052,-0.7397,46.707,-2.927,-3.963,3,42
-3.1343,-0.5347,3.8086,-145.854,130.610,-39.268,4,42
-3.1660,-0.5308,3.9507,-155.366,126.768,-35.671,4,42
-3.2070,-0.4985,4.1831,-159.024,119.268,-30.854,4,42
-3.2056,-0.4585,4.3486,-158.720,110.671,-24.390,4,42
-3.1821,-0.3823,4.6484,-151.829,100.671,-15.671,4,42
-3.0630,-0.1973,4.6333,-151.524,88.537,-3.841,4,42
-2.9316,-0.1450,4.3169,-157.805,85.000,8.720,4,42
-2.8794,-0.2559,3.6245,-167.378,91.341,21.951,4,42
-0.7334,0.0381,-0.5264,43.963,-77.927,-18.902,3,42
-0.7476,-0.0381,-0.4775,41.098,-79.817,-19.268,3,42
-0.7593,-0.1235,-0.4307,37.683,-81.585,-19.817,3,42
-0.7749,-0.2051,-0.3809,33.659,-82.439,-19.634,3,42
-0.8013,-0.2847,-0.3628,30.305,-83.232,-19.512,3,42
-0.8379,-0.3701,-0.3315,27.439,-83.659,-19.695,3,42
-0.8960,-0.4375,-0.2964,25.366,-83.476,-20.183,3,42
-0.9443,-0.4688,-0.2666,21.280,-83.293,-20.549,3,42
-0.9868,-0.4829,-0.2261,17.439,-83.354,-20.793,3,42
-0.9932,-0.5078,-0.2046,14.268,-83.171,-19.817,3,42
-0.9912,-0.5229,-0.2129,12.988,-82.378,-17.866,3,42
-0.9795,-0.5273,-0.2075,13.537,-81.524,-16.037,3,42
-0.9697,-0.5205,-0.1973,14.451,-80.061,-14.207,3,42
-0.9590,-0.5098,-0.1646,15.915,-79.268,-12.378,3,42
-0.9424,-0.4995,-0.1553,17.439,-78.354,-10.610,3,42
-0.9302,-0.4683,-0.1519,19.146,-77.744,-9.207,3,42
-1.0039,-0.4600,2.1812,-71.890,-171.707,-108.659,4,42
-0.6587,-0.3364,2.1685,-77.073,-225.671,-107.378,4,42
-0.4438,-0.1445,2.1235,-95.915,-267.012,-111.098,4,42
-0.6460,0.1748,1.9019,-109.207,-292.805,-118.841,4,42
-1.1641,0.7808,1.5181,-109.329,-313.476,-100.915,4,42
-1.8213,1.7720,1.0161,-98.598,-307.012,-80.183,4,42
-2.2891,2.5332,0.4019,-88.841,-274.207,-41.402,4,42
-2.4814,2.6152,0.0327,-58.598,-210.610,-14.817,4,42
-0.8784,-0.2197,-0.2222,39.207,-71.829,-6.829,3,42
-0.8530,-0.2222,-0.2324,40.854,-71.951,-6.768,3,42
-0.8213,-0.2441,-0.2290,41.890,-71.890,-6.585,3,42
-0.7939,-0.2710,-0.2144,42.134,-71.220,-7.195,3,42
-0.7651,-0.2959,-0.1948,42.317,-71.159,-7.256,3,42
-0.7598,-0.3354,-0.1880,41.829,-70.854,-7.317,3,42
-0.7607,-0.3525,-0.1694,40.793,-70.305,-7.256,3,42
-0.7632,-0.3716,-0.1626,38.720,-70.305,-7.744,3,42
-0.7930,-0.3916,-0.1406,35.976,-69.451,-7.256,3,42
-0.8154,-0.3940,-0.1396,33.902,-69.024,-7.073,3,42
-0.8491,-0.3970,-0.1177,31.890,-68.476,-6.463,3,42
-0.8794,-0.4038,-0.1099,29.512,-67.500,-5.671,3,42
-0.9058,-0.4102,-0.0991,27.805,-67.073,-4.817,3,42
-0.9277,-0.3989,-0.0879,26.463,-65.915,-3.598,3,42
-0.9424,-0.3926,-0.0713,24.451,-64.817,-2.622,3,42
-0.9473,-0.3896,-0.0635,22.500,-63.841,-1.524,3,42
-0.9487,-0.3916,-0.0605,20.244,-62.683,-0.549,3,42
-0.9365,-0.4033,-0.0547,17.805,-61.463,0.183,3,42
-0.9214,-0.4106,-0.0557,15.183,-60.305,1.341,3,42
-0.9004,-0.4395,-0.0635,11.890,-59.695,1.585,3,42
-0.8926,-0.4712,-0.0664,9.207,-58.415,1.829,3,42
-0.8882,-0.4976,-0.0820,6.341,-57.378,2.073,3,42
-0.8813,-0.5220,-0.0879,4.512,-56.341,2.195,3,42
-0.8931,-0.5391,-0.0732,1.341,-55.061,2.927,3,42
-1.3398,1.3047,1.9824,-176.646,-491.524,-127.683,4,42
-1.4810,1.2241,1.7896,-173.232,-510.000,-133.476,4,42
-1.6533,1.1289,1.5845,-171.220,-526.463,-140.793,4,42
-1.8564,1.0439,1.3540,-171.341,-540.061,-147.500,4,42
-2.0386,0.9868,1.1436,-172.134,-549.756,-152.927,4,42
-2.1870,0.9541,0.9331,-173.415,-556.524,-156.585,4,42
-2.3594,0.9478,0.7480,-176.463,-561.890,-158.232,4,42
-2.5400,0.9326,0.5767,-181.585,-566.463,-156.890,4,42
-0.9971,-0.6035,-0.0625,-25.671,-46.402,15.671,3,42
-1.0249,-0.5825,-0.0620,-28.232,-45.366,16.890,3,42
-1.0532,-0.5586,-0.0376,-29.329,-43.841,18.049,3,42
-1.0894,-0.5098,-0.0083,-30.244,-42.805,19.085,3,42
-1.1191,-0.4321,0.0039,-30.610,-41.159,20.854,3,42
-1.1528,-0.3291,0.0200,-30.854,-40.000,22.439,3,42
-1.1714,-0.2090,0.0249,-30.915,-37.744,24.146,3,42
-1.1929,-0.0718,0.0342,-31.341,-35.549,26.402,3,42
-6.6357,3.5430,-1.7290,-582.622,-453.780,-334.512,4,42
-6.8252,0.2964,-3.0723,-469.451,-409.878,-481.951,4,42
-7.0303,-0.7910,-3.5874,-335.854,-415.671,-570.793,4,42
-7.2778,-0.4346,-4.8081,-147.317,-412.744,-722.317,4,42
-9.2026,0.1260,-10.2476,-67.927,-199.756,-820.366,4,42
-7.3584,1.1841,-12.2119,305.305,-225.671,-796.280,4,42
-6.0288,-1.7939,-15.9995,441.707,-388.110,-628.476,4,42
-10.4424,-8.9380,-15.9980,188.902,-345.000,-526.890,4,42
-1.1060,0.1567,-0.1021,-36.220,-16.098,27.439,3,42
-1.0527,0.1084,-0.1196,-35.915,-15.427,25.183,3,42
-1.0352,0.0503,-0.1270,-37.012,-14.146,22.439,3,42
-1.0313,-0.0093,-0.1108,-38.841,-13.171,19.146,3,42
-1.0322,-0.0845,-0.0967,-40.854,-12.439,15.610,3,42
-1.0264,-0.1445,-0.0962,-41.402,-12.195,12.317,3,42
-0.9907,-0.1704,-0.1353,-40.854,-11.890,10.061,3,42
-0.9165,-0.1582,-0.1865,-40.427,-10.549,9.024,3,42
-0.3994,3.7432,-5.8081,-124.451,-53.659,130.305,4,42
-0.8140,2.9775,-4.6353,-74.573,-19.329,159.878,4,42
-1.2988,2.4976,-3.7261,-75.305,19.451,182.195,4,42
-1.5259,2.5215,-3.5005,-162.317,57.073,185.244,4,42
-1.5005,3.2876,-4.9116,-362.561,140.305,205.549,4,42
-2.1802,2.2715,-7.0273,-652.561,276.159,258.354,4,42
-2.0039,0.9985,-6.8706,-615.061,216.402,293.110,4,42
-1.6919,-0.2866,-3.6606,-399.451,34.024,305.976,4,42
-1.0684,-0.1094,-0.1768,-15.305,-6.280,5.610,3,42
-1.0649,-0.0889,-0.1709,-14.207,-6.707,5.305,3,42
-1.0586,-0.0942,-0.1680,-15.488,-7.378,4.634,3,42
-1.0605,-0.1133,-0.1733,-17.195,-7.622,4.146,3,42
-1.0620,-0.1504,-0.1626,-18.293,-8.232,3.659,3,42
-1.0581,-0.1763,-0.1577,-19.573,-8.963,3.232,3,42
-1.0513,-0.1821,-0.1343,-21.159,-9.024,2.988,3,42
-1.0513,-0.1680,-0.1177,-23.232,-8.963,2.866,3,42
-0.6230,1.2412,-1.8296,-190.244,-81.646,81.159,4,42
-1.4731,1.0020,-2.2134,-101.402,-14.695,83.659,4,42
-1.7314,0.9839,-2.2266,-1.524,40.000,83.354,4,42
-0.9482,0.8237,-1.9351,85.488,76.402,82.134,4,42
-2.0552,1.0161,-1.9028,150.915,94.390,93.841,4,42
-1.9209,1.0874,-1.8179,200.244,132.744,90.793,4,42
-1.4575,1.2100,-2.0103,253.598,151.341,84.878,4,42
-1.7373,1.2397,-2.1230,285.244,162.683,79.695,4,42
-0.9614,-0.0815,-0.2227,-44.878,-11.768,-4.085,3,42
-0.9521,-0.0522,-0.2251,-49.329,-12.500,-5.549,3,42
-0.9468,-0.0195,-0.2339,-54.756,-13.841,-7.378,3,42
-0.9355,0.0142,-0.2363,-58.598,-15.000,-9.634,3,42
-0.9385,0.0391,-0.2617,-59.146,-16.220,-11.159,3,42
-0.9409,0.0718,-0.2588,-58.415,-17.134,-11.585,3,42
-0.9536,0.0874,-0.2490,-58.110,-18.354,-12.134,3,42
-0.9473,0.0898,-0.2402,-57.988,-19.756,-12.683,3,42
-0.9722,1.0415,-1.7788,199.573,225.976,-62.195,4,42
-0.8320,0.8848,-1.7749,212.256,222.561,-54.451,4,42
-0.7388,0.8105,-1.7183,234.085,221.402,-37.073,4,42
-0.6597,0.7969,-1.6182,258.841,218.841,-14.207,4,42
-0.5972,0.8110,-1.5078,280.915,212.500,11.463,4,42
-0.5430,0.8643,-1.4297,293.171,201.037,37.683,4,42
-0.4971,0.9058,-1.3784,298.354,183.841,62.012,4,42
-0.4580,0.9224,-1.3633,299.390,164.329,84.207,4,42
-0.4487,0.9321,-1.4150,298.049,146.951,103.902,4,42
-0.5029,0.9224,-1.4692,296.524,134.573,120.000,4,42
-0.6191,0.9014,-1.5171,298.049,127.683,133.659,4,42
-0.7710,0.8594,-1.5293,302.195,125.366,144.695,4,42
-0.9531,0.8213,-1.5122,307.805,126.646,154.146,4,42
-1.1382,0.7759,-1.4292,311.524,131.280,162.744,4,42
-1.3101,0.7173,-1.3350,310.122,136.585,170.366,4,42
-1.5327,0.6196,-1.2495,306.159,142.744,176.951,4,42
-0.9814,-0.2852,-0.0723,-51.707,-25.183,-9.939,3,42
-0.9912,-0.2905,-0.0562,-49.024,-24.085,-9.390,3,42
-0.9971,-0.2944,-0.0444,-45.122,-23.110,-8.049,3,42
-1.0122,-0.2837,-0.0195,-41.220,-21.524,-7.134,3,42
-1.0142,-0.2583,-0.0112,-36.890,-20.183,-5.915,3,42
-1.0210,-0.2451,0.0122,-32.622,-19.085,-5.061,3,42
-1.0298,-0.2134,0.0137,-27.256,-17.927,-4.024,3,42
-1.0356,-0.1904,0.0103,-22.866,-16.402,-2.927,3,42
-2.1958,0.2046,-1.0801,294.512,229.817,132.866,4,42
-2.1421,0.1475,-1.0107,291.524,238.841,122.317,4,42
-2.0649,0.1006,-0.9536,284.573,247.378,112.561,4,42
-2.0029,0.0503,-0.9077,275.732,255.549,104.756,4,42
-1.9761,0.0156,-0.8784,266.280,263.110,97.744,4,42
-1.9580,-0.0039,-0.8291,256.829,270.244,92.561,4,42
-1.9331,-0.0171,-0.7622,246.402,274.573,89.207,4,42
-1.9487,-0.0142,-0.6821,236.707,278.049,87.256,4,42
-1.0654,-0.1187,-0.0024,2.805,-1.341,3.110,3,42
-1.0654,-0.1133,0.0132,6.037,0.793,3.171,3,42
-1.0493,-0.1152,-0.0005,10.061,2.805,2.866,3,42
-1.0410,-0.1064,-0.0024,14.695,4.573,2.683,3,42
-1.0400,-0.0913,0.0049,20.061,7.073,2.805,3,42
-1.0503,-0.0801,0.0073,27.256,10.366,2.866,3,42
-1.0649,-0.0615,0.0181,31.707,12.866,2.195,3,42
-1.0718,-0.0503,0.0317,35.244,14.817,2.073,3,42
-1.0830,-0.0479,0.0225,39.329,17.439,1.829,3,42
-1.0957,-0.0464,0.0347,43.293,20.000,1.585,3,42
-1.1128,-0.0503,0.0483,47.317,22.500,1.402,3,42
-1.1138,-0.0581,0.0488,51.280,25.305,1.280,3,42
-1.1172,-0.0576,0.0522,55.000,27.927,0.610,3,42
-1.1230,-0.0601,0.0654,58.902,30.366,0.305,3,42
-1.1226,-0.0547,0.0820,61.951,33.415,-0.244,3,42
-1.1279,-0.0454,0.0864,63.659,36.037,-0.549,3,42
-1.1177,-0.0386,0.1050,64.817,39.085,-0.976,3,42
-1.1309,-0.0352,0.1094,65.305,41.585,-1.463,3,42
-1.1245,-0.0273,0.1318,65.610,45.366,-1.951,3,42
-1.1270,-0.0229,0.1563,65.000,48.537,-2.988,3,42
-1.1318,-0.0181,0.1694,63.720,52.134,-3.232,3,42
-1.1392,-0.0259,0.1924,61.341,55.427,-3.902,3,42
-1.1382,-0.0430,0.2144,57.622,58.293,-4.817,3,42
-1.1362,-0.0688,0.2334,53.232,61.524,-5.671,3,42
-1.8130,0.3208,-0.0430,129.512,240.244,82.073,4,42
-1.8369,0.3140,0.0234,129.878,237.927,81.220,4,42
-1.8486,0.2959,0.1074,133.293,234.512,79.817,4,42
-1.8242,0.2788,0.1982,139.146,229.512,77.500,4,42
-1.7915,0.2593,0.2915,147.378,223.110,74.268,4,42
-1.7490,0.2212,0.3647,158.963,216.585,70.671,4,42
-1.7017,0.2041,0.4634,171.951,209.817,67.073,4,42
-1.6450,0.2036,0.5508,185.183,204.207,63.598,4,42
-1.6006,0.2134,0.6025,194.878,200.122,61.463,4,42
-1.5645,0.2090,0.6323,201.707,195.610,60.000,4,42
-1.5503,0.2017,0.6606,205.976,191.159,60.427,4,42
-1.5747,0.2461,0.7549,200.305,189.146,62.988,4,42
-1.5879,0.3008,0.8589,181.768,190.000,67.744,4,42
-1.6079,0.3638,0.9424,152.256,192.866,72.683,4,42
-1.6143,0.3789,0.9873,116.951,194.512,77.256,4,42
-1.5757,0.3770,0.9277,80.854,195.305,79.329,4,42
-1.5845,0.4966,0.7197,33.963,205.427,78.841,4,42
-1.5371,0.6211,0.6958,-13.963,222.622,79.329,4,42
-1.5508,0.6904,0.6455,-55.610,227.622,81.098,4,42
-1.4888,0.8398,0.5913,-94.024,216.463,82.927,4,42
-1.4009,0.9395,0.2930,-147.073,203.902,77.561,4,42
-1.2695,1.3584,-0.0991,-209.329,209.146,60.244,4,42
-1.1650,2.0415,-0.5908,-304.756,229.573,39.817,4,42
-1.2612,3.5815,-2.4658,-495.671,270.732,8.963,4,42
-0.9419,-0.3105,-0.1245,0.488,154.878,8.110,3,42
-0.8774,-0.2441,-0.1528,-3.171,155.854,6.646,3,42
-0.7466,-0.2100,-0.2505,-4.878,154.695,7.439,3,42
-0.6660,-0.1797,-0.3989,-3.720,151.524,10.122,3,42
-0.6641,-0.1934,-0.5542,-1.890,147.622,12.988,3,42
-0.6992,-0.2100,-0.6689,0.244,144.512,14.695,3,42
-0.7017,-0.2739,-0.6978,-0.549,141.951,15.793,3,42
-0.6157,-0.4204,-0.7256,-0.671,139.085,17.134,3,42
-0.5503,-0.5923,-0.7930,0.122,135.488,17.805,3,42
-0.6074,-0.7310,-0.7881,-1.220,131.280,17.988,3,42
-0.6523,-0.7808,-0.6919,-7.195,127.195,19.939,3,42
-0.6323,-0.7026,-0.6641,-19.085,124.939,21.890,3,42
-0.5835,-0.6040,-0.6753,-30.427,121.159,23.963,3,42
-0.5757,-0.5811,-0.6826,-38.171,116.585,25.305,3,42
-0.6357,-0.6045,-0.6948,-41.890,111.098,25.610,3,42
-0.7388,-0.6055,-0.6597,-43.720,106.646,25.427,3,42
-0.8735,-0.5234,-0.5757,-46.585,100.671,26.646,3,42
-0.9038,-0.4502,-0.5269,-47.256,98.171,27.622,3,42
-0.9546,-0.2871,-0.4482,-49.390,94.329,30.549,3,42
-1.0059,-0.1240,-0.3848,-51.524,89.756,34.573,3,42
-0.9834,-0.1206,-0.3638,-48.354,88.293,35.976,3,42
-0.9253,-0.1284,-0.3657,-43.963,86.707,35.488,3,42
-0.8745,-0.1182,-0.3594,-39.451,83.537,33.537,3,42
-0.8442,-0.0908,-0.3462,-33.841,79.939,31.098,3,42
-0.8062,-0.0625,-0.3896,-26.585,76.951,28.110,3,42
-0.7827,-0.0381,-0.4624,-20.305,74.817,24.695,3,42
-0.7612,0.0146,-0.5088,-11.890,73.293,21.768,3,42
-0.7144,0.0967,-0.5444,-4.085,72.134,19.451,3,42
-0.6455,0.1367,-0.6157,3.293,69.390,16.951,3,42
-0.6021,0.1626,-0.7085,9.878,65.793,14.329,3,42
-0.5718,0.2026,-0.7813,14.939,60.976,11.707,3,42
-0.5449,0.2070,-0.8359,19.878,54.695,9.695,3,42
-3.4834,0.5386,1.8291,-22.195,15.549,0.610,4,42
-3.3252,0.3130,2.2207,-10.671,42.195,24.695,4,42
-3.2378,0.2368,2.3345,-10.061,63.780,25.732,4,42
-3.2686,0.0757,2.2422,-15.061,74.390,13.537,4,42
-3.5459,-0.0659,1.9849,-17.378,76.585,7.073,4,42
-4.0234,-0.1948,1.6494,-13.780,77.927,3.963,4,42
-4.5850,-0.3867,1.4468,5.244,83.720,-3.110,4,42
-5.0117,-0.6665,1.4868,30.427,92.927,-18.537,4,42
-4.9644,-1.0444,1.7295,44.817,101.829,-35.244,4,42
-4.3799,-1.2720,2.0796,46.585,111.159,-45.122,4,42
-3.6440,-1.1890,2.4575,37.317,120.366,-46.585,4,42
-2.9150,-0.9409,2.8257,0.061,130.549,-41.646,4,42
-2.8296,-0.9297,2.8711,-13.720,132.927,-39.146,4,42
-2.9058,-0.9546,2.9302,-37.744,137.134,-35.244,4,42
-3.2178,-0.9736,2.9917,-57.866,140.732,-34.939,4,42
-3.6328,-0.9556,3.0571,-72.744,143.659,-38.720,4,42
-4.0088,-0.9048,3.1240,-81.463,145.549,-42.683,4,42
-4.2285,-0.8413,3.2129,-84.146,148.171,-43.171,4,42
-4.2485,-0.7646,3.3486,-83.476,148.659,-38.293,4,42
-4.0532,-0.7285,3.4707,-82.073,147.683,-31.524,4,42
-3.6938,-0.7197,3.7275,-77.927,144.268,-22.317,4,42
-3.3232,-0.7139,3.9595,-76.159,139.512,-13.293,4,42
-3.0244,-0.7510,4.2515,-76.280,131.220,-6.098,4,42
-2.7871,-0.6724,4.6479,-77.378,117.683,1.646,4,42
-2.5527,-0.4712,4.7026,-93.232,97.073,12.500,4,42
-2.4888,-0.4097,4.6392,-97.622,90.976,17.378,4,42
-2.4375,-0.2700,4.5054,-104.512,82.317,29.329,4,42
-2.4106,-0.1597,4.0093,-114.085,85.671,40.183,4,42
-2.5547,0.1221,3.0854,-138.415,94.939,47.073,4,42
-2.5249,0.1357,2.1152,-190.610,102.378,55.000,4,42
-2.5762,-0.5317,1.0156,-267.317,82.805,41.098,4,42
-1.1860,-0.5405,0.5513,-298.293,91.890,6.890,4,42
-0.6475,-0.6201,0.2681,-295.549,106.037,-23.354,4,42
-1.0801,-0.5190,0.3066,-246.646,102.012,-46.159,4,42
-1.4692,-0.4082,0.3359,-187.683,79.634,-54.573,4,42
-1.6826,-0.2373,0.4785,-141.037,68.232,-63.110,4,42
-2.4810,-0.2324,0.8770,-110.244,56.829,-75.488,4,42
-2.1738,-0.3574,1.4092,-93.963,34.695,-86.037,4,42
-1.9756,-0.5015,2.0366,-98.598,1.402,-112.500,4,42
-1.8926,-0.5776,2.5327,-117.134,-66.463,-129.390,4,42
-0.8984,-0.5225,-0.3237,-10.549,-86.951,-25.915,3,42
-0.8911,-0.5166,-0.3110,-8.841,-87.195,-24.573,3,42
-0.8872,-0.5137,-0.3105,-8.110,-87.378,-22.439,3,42
-0.8828,-0.5044,-0.2959,-7.195,-87.866,-20.976,3,42
-0.8921,-0.4849,-0.2852,-6.646,-87.866,-18.963,3,42
-0.9072,-0.4629,-0.2847,-4.939,-88.659,-17.317,3,42
-0.9058,-0.4355,-0.2690,-3.354,-88.659,-15.549,3,42
-0.9121,-0.4175,-0.2744,-1.829,-88.476,-13.232,3,42
-0.6230,1.8989,1.8438,-165.732,-210.122,-9.573,4,42
-0.5972,1.8838,2.0684,-141.220,-183.110,-13.110,4,42
-0.5737,1.8887,2.3042,-126.280,-169.390,-12.134,4,42
-0.5337,1.7598,2.5410,-125.122,-169.390,-13.354,4,42
-0.6074,1.6855,2.7749,-138.049,-184.085,-21.037,4,42
-0.7935,1.6294,2.9438,-159.756,-210.854,-26.098,4,42
-0.9648,1.5654,2.9785,-183.171,-239.756,-37.500,4,42
-1.0962,1.4780,2.9033,-205.671,-263.841,-56.402,4,42
-0.8711,-0.4082,-0.1650,3.841,-83.780,-6.890,3,42
-0.8945,-0.4180,-0.1743,4.207,-82.683,-7.805,3,42
-0.9067,-0.4424,-0.1772,5.305,-81.768,-8.354,3,42
-0.9248,-0.4404,-0.1777,6.707,-80.244,-8.963,3,42
-0.9570,-0.4482,-0.1484,7.195,-78.963,-9.390,3,42
-0.9707,-0.4463,-0.1250,7.622,-77.866,-9.817,3,42
-0.9858,-0.4365,-0.0977,6.646,-76.890,-9.817,3,42
-0.9951,-0.4160,-0.0557,5.000,-75.732,-10.061,3,42
-1.0073,-0.3906,-0.0420,3.110,-74.268,-9.878,3,42
-1.0059,-0.3711,-0.0347,0.732,-73.293,-9.024,3,42
-1.0024,-0.3608,-0.0352,-1.220,-71.707,-7.317,3,42
-0.9907,-0.3398,-0.0171,-4.390,-69.878,-5.549,3,42
-0.9795,-0.3325,-0.0293,-6.951,-68.476,-3.415,3,42
-0.9448,-0.3193,-0.0625,-10.061,-66.707,-1.463,3,42
-0.9160,-0.3042,-0.0732,-13.049,-64.756,0.976,3,42
-0.8818,-0.2900,-0.0933,-16.707,-62.683,3.171,3,42
-1.9521,1.3623,1.0044,-305.366,-396.890,-128.293,4,42
-2.1011,1.4824,0.9180,-298.963,-406.159,-127.073,4,42
-2.2642,1.6060,0.8398,-292.195,-415.671,-128.293,4,42
-2.4370,1.7280,0.7202,-286.220,-424.329,-132.134,4,42
-2.5889,1.8931,0.5825,-283.720,-428.963,-138.537,4,42
-2.7617,2.0532,0.4365,-284.207,-430.793,-146.220,4,42
-2.8247,2.1650,0.3423,-285.732,-432.317,-159.146,4,42
-3.2080,2.2690,0.1650,-290.244,-436.524,-175.305,4,42
-1.1245,-0.0830,0.0278,-26.098,-37.256,14.390,3,42
-1.1567,-0.1152,0.0239,-23.110,-34.573,14.634,3,42
-1.1826,-0.1597,0.0034,-19.878,-32.805,14.939,3,42
-1.1934,-0.2056,-0.0078,-16.280,-30.976,14.817,3,42
-1.1743,-0.2324,-0.0288,-11.585,-30.061,15.122,3,42
-1.1606,-0.2261,-0.0029,-9.878,-26.890,15.305,3,42
-1.1304,-0.2251,-0.0439,-6.829,-24.817,15.366,3,42
-1.0996,-0.1807,-0.0503,-2.988,-23.354,16.159,3,42
-4.1567,2.6621,-1.1260,-234.634,-472.500,-357.317,4,42
-3.9282,2.5376,-1.4971,-211.159,-462.256,-349.573,4,42
-3.6021,2.3384,-1.9805,-180.000,-447.927,-340.671,4,42
-3.4575,1.7974,-2.5244,-131.951,-440.488,-329.695,4,42
-3.8169,0.2490,-3.5181,-15.061,-463.720,-347.134,4,42
-3.8848,-1.4443,-6.1602,112.195,-445.976,-429.146,4,42
-4.1890,-3.1748,-7.6973,272.988,-405.366,-563.780,4,42
-3.7056,-3.5327,-9.6567,737.744,-445.305,-530.732,4,42
-0.9692,-0.2510,-0.2246,10.854,-16.707,11.341,3,42
-0.9546,-0.2524,-0.2368,8.841,-17.500,10.549,3,42
-0.9614,-0.2275,-0.2417,4.634,-18.354,9.451,3,42
-0.9712,-0.1943,-0.2485,-0.976,-18.902,8.293,3,42
-0.9819,-0.1616,-0.2739,-8.049,-19.695,8.232,3,42
-0.9858,-0.1226,-0.2539,-16.768,-19.695,7.561,3,42
-1.0098,-0.0962,-0.1899,-25.793,-20.122,7.378,3,42
-1.0566,-0.0552,-0.1152,-33.354,-21.037,7.378,3,42
2.7070,3.7666,-10.7485,-93.659,104.085,75.244,4,42
1.2090,3.1548,-8.1978,-174.451,55.488,68.049,4,42
-0.0513,2.3125,-6.0757,-191.646,23.598,85.061,4,42
-0.8896,1.7104,-4.4653,-210.122,-5.366,106.463,4,42
-1.3594,1.3120,-3.5479,-256.646,-17.744,128.049,4,42
-1.5532,1.3013,-3.1919,-328.293,-16.585,150.244,4,42
-1.4253,1.7139,-3.6514,-433.659,14.024,180.305,4,42
-1.5313,2.2856,-6.0063,-692.012,157.317,231.768,4,42
-1.1172,0.0498,-0.0527,-76.341,-17.256,1.585,3,42
-1.0903,-0.0830,-0.0830,-66.585,-16.463,0.244,3,42
-1.0454,-0.1406,-0.1016,-54.695,-15.549,-0.366,3,42
-1.0068,-0.1250,-0.1357,-43.537,-14.451,-1.646,3,42
-0.9956,-0.0552,-0.1582,-34.390,-14.024,-3.049,3,42
-0.9883,0.0059,-0.1733,-27.744,-13.780,-5.244,3,42
-1.0024,0.0410,-0.2012,-22.378,-13.598,-7.988,3,42
-1.0166,0.0405,-0.1870,-17.317,-13.720,-10.244,3,42
2.3501,1.8120,-0.3579,-47.683,-21.768,63.659,4,42
1.0171,1.6865,-1.2358,-152.195,-25.366,113.780,4,42
0.0562,1.1787,-2.0044,-183.354,3.841,115.915,4,42
-0.3511,0.7334,-2.2510,-160.549,48.232,100.000,4,42
-0.5942,0.4805,-2.1494,-96.890,80.549,87.683,4,42
-0.8535,0.3721,-1.7056,-33.110,98.232,82.134,4,42
-1.0083,0.3560,-1.5288,17.927,104.085,81.220,4,42
-1.1196,0.4150,-1.5127,74.512,108.110,79.695,4,42
-0.9810,-0.1152,-0.2305,-2.500,-16.890,-14.390,3,42
-0.9751,-0.1401,-0.2358,-5.976,-17.378,-13.963,3,42
-0.9653,-0.1611,-0.2300,-10.244,-18.476,-13.659,3,42
-0.9585,-0.1733,-0.2295,-14.817,-19.146,-13.293,3,42
-0.9497,-0.1675,-0.2056,-19.634,-19.939,-12.927,3,42
-0.9468,-0.1577,-0.1904,-23.232,-20.122,-13.537,3,42
-0.9443,-0.1265,-0.1763,-25.854,-20.488,-13.476,3,42
-0.9395,-0.0913,-0.1631,-26.890,-20.244,-13.171,3,42
-0.8901,0.9282,-1.6689,232.439,229.451,11.037,4,42
-0.8906,0.8013,-1.6523,234.451,229.756,-1.585,4,42
-0.8213,0.7188,-1.6489,240.305,229.512,-13.720,4,42
-0.8130,0.6265,-1.6123,248.902,229.878,-20.915,4,42
-0.8315,0.5562,-1.6055,260.671,231.098,-22.073,4,42
-0.8848,0.4883,-1.5654,276.829,228.963,-17.744,4,42
-0.8604,0.4702,-1.5303,295.122,225.793,-9.024,4,42
-0.8286,0.4990,-1.4893,308.537,223.171,4.390,4,42
-0.9375,-0.1748,-0.1318,-2.805,-19.817,-13.841,3,42
-0.9287,-0.2192,-0.1255,3.049,-20.183,-12.378,3,42
-0.9253,-0.2588,-0.1328,6.037,-20.183,-10.671,3,42
-0.9058,-0.3052,-0.1670,6.890,-19.939,-9.085,3,42
-0.9150,-0.3149,-0.2070,6.646,-19.939,-7.988,3,42
-0.9189,-0.3096,-0.2188,6.768,-19.634,-7.134,3,42
-0.9272,-0.2773,-0.2129,7.317,-19.268,-6.280,3,42
-0.9458,-0.2373,-0.2021,8.110,-18.841,-4.878,3,42
-1.1240,0.4878,-1.6802,308.476,170.488,111.951,4,42
-1.2402,0.4399,-1.6123,315.976,178.110,120.793,4,42
-1.3721,0.3857,-1.5156,320.122,183.171,126.646,4,42
-1.5078,0.3149,-1.4585,319.451,189.573,127.622,4,42
-1.6338,0.2388,-1.4165,313.659,198.049,126.402,4,42
-1.6719,0.1689,-1.3662,305.122,207.866,122.866,4,42
-1.8003,0.0918,-1.3047,294.512,216.768,118.171,4,42
-1.8311,0.0508,-1.2847,281.585,226.951,113.902,4,42
-0.9917,0.0430,-0.0815,19.817,-9.085,7.622,3,42
-1.0103,0.0415,-0.0679,21.159,-7.134,7.927,3,42
-1.0317,0.0176,-0.0698,22.683,-5.549,7.988,3,42
-1.0542,-0.0005,-0.0591,24.634,-3.476,8.171,3,42
-1.0728,-0.0117,-0.0508,27.134,-1.707,7.744,3,42
-1.1021,-0.0151,-0.0298,30.183,0.366,7.378,3,42
-1.1152,-0.0068,-0.0151,33.049,2.561,7.317,3,42
-1.1318,0.0073,-0.0063,35.183,4.512,6.707,3,42
-1.7119,0.0127,-0.9487,194.329,256.646,86.768,4,42
-1.7139,0.0532,-0.9106,191.829,256.524,88.963,4,42
-1.7222,0.0981,-0.8667,189.939,255.854,91.220,4,42
-1.7417,0.1455,-0.8257,186.768,255.366,93.659,4,42
-1.7666,0.2026,-0.7910,183.659,254.695,95.793,4,42
-1.7900,0.2334,-0.7651,179.329,253.841,97.805,4,42
-1.8218,0.2725,-0.7261,175.183,252.866,99.268,4,42
-1.8521,0.3105,-0.6875,170.244,252.256,100.549,4,42
-1.1274,-0.0591,-0.0083,43.415,22.500,-0.061,3,42
-1.1128,-0.0703,0.0020,42.317,24.573,-0.427,3,42
-1.1108,-0.0879,0.0098,41.463,26.463,-1.098,3,42
-1.1040,-0.1152,0.0220,40.427,28.415,-1.037,3,42
-1.0923,-0.1338,0.0186,39.024,30.610,-1.341,3,42
-1.0854,-0.1582,0.0308,37.988,32.927,-2.134,3,42
-1.0850,-0.1865,0.0391,37.134,35.427,-2.500,3,42
-1.0938,-0.2051,0.0693,35.671,38.354,-3.415,3,42
-1.9912,0.3965,-0.2080,143.841,221.951,96.402,4,42
-1.9966,0.3892,-0.1714,141.890,218.232,95.244,4,42
-2.0142,0.4028,-0.1187,139.268,214.756,93.049,4,42
-1.9893,0.3623,-0.0923,134.695,212.500,89.634,4,42
-1.9644,0.4136,-0.0601,131.220,208.171,86.768,4,42
-1.9238,0.3379,0.0571,131.463,201.707,83.354,4,42
-1.8999,0.3774,0.0039,129.329,201.098,80.366,4,42
-1.9365,0.3794,0.0405,123.598,201.280,77.927,4,42
-1.9800,0.4409,0.0396,118.476,201.280,74.573,4,42
-2.0200,0.4858,0.0503,115.244,201.220,69.573,4,42
-2.0518,0.5254,0.0615,114.207,201.463,65.976,4,42
-2.0840,0.5845,0.0850,114.939,201.829,63.354,4,42
-2.1226,0.6206,0.1089,116.159,202.927,61.463,4,42
-2.1367,0.6748,0.1572,118.171,204.390,60.244,4,42
-2.1660,0.7334,0.2090,119.573,206.951,59.146,4,42
-2.1748,0.7778,0.2622,120.732,210.366,58.780,4,42
-2.1860,0.8091,0.3281,121.524,213.354,58.171,4,42
-2.1855,0.8306,0.4004,121.280,214.634,56.890,4,42
-2.1772,0.8394,0.4756,119.512,213.841,55.976,4,42
-2.1431,0.8657,0.4897,111.037,213.598,55.305,4,42
-2.1787,0.9521,0.4033,86.768,223.902,53.841,4,42
-2.1890,0.9351,0.5767,65.915,228.780,55.122,4,42
-2.1348,0.9668,0.6426,54.695,215.061,57.317,4,42
-2.1079,1.0210,0.4526,27.683,205.732,57.683,4,42
-2.1494,1.1299,0.0039,-17.683,225.366,47.378,4,42
-2.1929,1.1606,-0.1812,-33.415,239.939,39.573,4,42
-2.2778,1.2344,-0.6733,-67.195,272.805,15.793,4,42
-2.6660,2.5479,-2.6196,-232.805,315.000,-28.415,4,42
-2.8853,2.1597,-2.6924,-312.622,300.183,-42.195,4,42
-1.7090,-0.7720,-2.3237,-124.512,194.634,-50.976,4,42
-1.8799,0.9468,1.9185,375.061,85.671,2.195,4,42
-3.7734,3.4595,10.0986,706.159,60.793,-78.110,4,42
-4.0034,5.9829,14.7124,670.549,3.902,-184.634,4,42
-2.1099,5.5205,13.2607,234.756,-101.159,-179.207,4,42
-0.5757,1.5918,8.9282,72.439,-196.037,16.402,4,42
-0.1436,-1.5034,6.5396,114.634,-92.988,152.317,4,42
-1.0977,-4.3760,6.1226,247.927,45.854,113.841,4,42
-1.2988,-4.7139,8.3018,418.780,35.000,3.049,4,42
-0.7925,-2.2739,9.8560,489.390,-37.500,-63.720,4,42
-0.5264,-0.3105,10.8184,528.232,-60.366,-71.220,4,42
-1.0674,0.0190,-0.3149,-13.780,74.939,20.000,3,42
-1.0049,0.1431,-0.3174,-10.488,74.329,17.927,3,42
-0.8872,0.2222,-0.3643,-5.183,71.951,16.402,3,42
-0.7793,0.2329,-0.4785,2.927,68.598,14.451,3,42
-0.7046,0.2324,-0.6099,10.488,64.390,11.829,3,42
-0.6309,0.1328,-0.8218,20.305,59.329,8.354,3,42
-0.5903,0.0386,-0.9019,25.793,55.488,5.549,3,42
-0.5742,-0.0596,-0.9233,30.305,50.488,3.232,3,42
-0.6060,-0.1328,-0.9121,33.659,44.451,1.524,3,42
-0.6602,-0.1914,-0.8628,34.756,39.268,0.000,3,42
-0.7334,-0.2236,-0.7817,32.744,33.598,-0.610,3,42
-0.7837,-0.2358,-0.6895,29.878,28.476,-1.280,3,42
-0.8218,-0.2344,-0.6196,25.610,23.232,-2.500,3,42
-0.8623,-0.2075,-0.5820,20.488,17.805,-3.171,3,42
-0.9121,-0.1440,-0.5591,15.183,12.988,-3.902,3,42
-0.9409,-0.0640,-0.5557,9.512,8.049,-5.061,3,42
-0.9502,0.0078,-0.5566,6.829,3.293,-7.012,3,42
-0.9419,0.0449,-0.5649,5.793,-1.402,-9.024,3,42
-0.9263,0.0352,-0.5737,7.866,-6.098,-11.280,3,42
-0.9067,0.0205,-0.5972,10.244,-11.098,-13.598,3,42
-0.8525,0.0122,-0.6230,12.988,-15.427,-16.220,3,42
-0.7939,0.0024,-0.6836,16.890,-20.976,-18.902,3,42
-0.7534,-0.0063,-0.7422,20.793,-26.402,-20.854,3,42
-0.7358,-0.0020,-0.7930,23.902,-32.256,-23.049,3,42
-0.7373,-0.0029,-0.8242,26.220,-38.171,-24.939,3,42
-0.7344,-0.0117,-0.8257,27.622,-43.902,-26.402,3,42
-0.7241,-0.0400,-0.8125,27.927,-49.573,-26.951,3,42
-0.7144,-0.0874,-0.7900,28.598,-55.305,-27.561,3,42
-0.7178,-0.1270,-0.7710,27.561,-60.427,-28.171,3,42
-0.7241,-0.1592,-0.7358,24.573,-65.976,-28.232,3,42
-0.7505,-0.1577,-0.6963,20.549,-70.610,-28.476,3,42
-0.7778,-0.1440,-0.6641,16.280,-74.512,-28.476,3,42
-2.8345,-0.9180,4.1997,-172.012,79.146,1.098,4,42
-2.7080,-0.6919,4.2354,-167.073,64.085,6.402,4,42
-2.5845,-0.4556,3.9888,-166.463,56.098,16.402,4,42
-2.5239,-0.2827,3.1533,-172.927,57.622,29.085,4,42
-2.5171,-0.0894,2.0981,-195.244,68.049,39.634,4,42
-2.9380,-0.0166,1.2349,-238.720,65.732,51.463,4,42
-2.6870,-0.2710,0.5181,-289.817,61.463,44.695,4,42
-1.5557,-0.5127,0.0146,-326.890,74.024,7.500,4,42
-0.9473,-0.3027,-0.3691,-1.159,-94.756,-27.195,3,42
-0.9478,-0.3403,-0.3560,-4.024,-95.488,-26.829,3,42
-0.9355,-0.3638,-0.3447,-6.220,-96.829,-26.159,3,42
-0.9165,-0.3955,-0.3345,-7.622,-97.988,-25.549,3,42
-0.8960,-0.4272,-0.3291,-9.329,-98.963,-24.878,3,42
-0.8740,-0.4546,-0.3018,-11.341,-99.878,-24.207,3,42
-0.8794,-0.4731,-0.2837,-12.683,-101.341,-23.780,3,42
-0.8735,-0.4834,-0.2510,-14.085,-102.439,-23.171,3,42
-0.8623,-0.4873,-0.2461,-14.878,-103.780,-22.439,3,42
-0.8657,-0.4893,-0.2432,-15.793,-104.390,-21.524,3,42
-0.8696,-0.4800,-0.2446,-15.183,-105.061,-19.817,3,42
-0.8838,-0.4521,-0.2358,-14.390,-105.488,-18.476,3,42
-0.8936,-0.4214,-0.2261,-13.720,-105.183,-16.951,3,42
-0.9063,-0.3813,-0.2207,-12.805,-105.061,-15.427,3,42
-0.9102,-0.3516,-0.2119,-12.073,-104.146,-14.329,3,42
-0.9126,-0.3184,-0.1987,-11.402,-103.659,-12.866,3,42
-0.9028,-0.2935,-0.2036,-11.098,-103.415,-11.646,3,42
-0.9058,-0.2832,-0.1963,-11.098,-102.378,-10.183,3,42
-0.9072,-0.2759,-0.1938,-10.488,-101.829,-9.695,3,42
-0.9053,-0.2813,-0.1963,-10.183,-100.732,-8.598,3,42
-0.9126,-0.2856,-0.1909,-9.939,-99.451,-7.927,3,42
-0.9053,-0.2993,-0.1777,-8.963,-97.927,-7.683,3,42
-0.9204,-0.3110,-0.1504,-8.354,-96.280,-6.768,3,42
-0.9312,-0.3184,-0.1167,-8.537,-94.756,-7.256,3,42
-0.9902,-0.3936,0.0088,-11.585,-80.122,-9.207,3,42
-0.9956,-0.4043,0.0029,-10.549,-77.805,-8.780,3,42
-0.9858,-0.4102,-0.0059,-10.854,-75.854,-8.354,3,42
-0.9893,-0.4063,-0.0137,-12.195,-73.902,-7.988,3,42
-0.9819,-0.4038,-0.0044,-14.634,-71.402,-7.317,3,42
-0.9844,-0.4170,0.0200,-17.317,-69.390,-6.890,3,42
-0.9814,-0.4404,0.0386,-19.695,-67.622,-5.915,3,42
-0.9810,-0.4463,0.0610,-21.037,-65.488,-5.305,3,42
-0.9863,-0.4541,0.0679,-22.500,-63.476,-5.305,3,42
-0.9897,-0.4546,0.0864,-24.939,-61.159,-5.122,3,42
-0.9912,-0.4526,0.0952,-28.110,-59.024,-5.000,3,42
-0.9961,-0.4512,0.1069,-31.829,-57.073,-4.695,3,42
-1.0049,-0.4678,0.1133,-35.427,-55.000,-4.024,3,42
-1.0107,-0.4727,0.0972,-38.476,-52.927,-3.415,3,42
-1.0107,-0.4839,0.0859,-41.037,-51.463,-2.256,3,42
-1.0195,-0.4863,0.0737,-42.256,-49.756,-0.854,3,42
-2.5845,1.0137,0.9878,-207.195,-540.549,-141.463,4,42
-2.7412,0.9824,0.8779,-203.598,-547.012,-152.744,4,42
-3.0947,0.9780,0.8052,-200.610,-553.780,-165.244,4,42
-3.0967,0.9165,0.7793,-202.500,-559.939,-173.720,4,42
-3.2993,1.0146,0.7090,-206.037,-565.122,-184.695,4,42
-3.4995,1.1592,0.6196,-216.159,-573.049,-197.744,4,42
-3.7651,1.3950,0.5132,-231.890,-581.585,-213.841,4,42
-4.2378,1.7866,0.3647,-255.976,-589.085,-237.439,4,42
-1.0264,-0.4561,-0.0098,-55.488,-39.817,8.598,3,42
-1.0210,-0.4438,-0.0400,-57.439,-39.573,9.634,3,42
-1.0107,-0.3979,-0.0747,-61.159,-39.390,11.280,3,42
-1.0137,-0.3208,-0.1201,-66.341,-39.451,13.537,3,42
-1.0063,-0.2827,-0.1528,-69.451,-39.451,15.000,3,42
-1.0039,-0.2441,-0.1587,-72.073,-39.573,15.549,3,42
-1.0146,-0.2085,-0.1558,-74.939,-40.000,16.280,3,42
-1.0278,-0.1885,-0.1489,-78.476,-40.488,16.402,3,42
-1.0313,-0.0557,-0.0342,-102.500,-40.488,17.256,3,42
-1.0522,-0.0742,0.0234,-104.695,-40.427,16.829,3,42
-1.0786,-0.1304,0.0601,-106.402,-40.366,15.793,3,42
-1.0776,-0.1602,0.0503,-107.622,-40.915,14.573,3,42
-1.0527,-0.1777,0.0127,-108.354,-40.671,14.146,3,42
-0.9795,-0.1719,-0.0449,-108.841,-38.537,14.695,3,42
-0.9580,-0.1733,-0.0527,-106.768,-34.451,15.732,3,42
-0.9648,-0.1719,-0.0244,-102.073,-31.585,17.134,3,42
-1.7988,2.8413,-3.6812,-247.866,-4.939,128.171,4,42
-1.6021,3.9019,-4.8428,-392.561,107.073,188.963,4,42
-2.5376,3.0259,-6.5068,-674.207,245.061,329.573,4,42
-1.9702,1.0410,-6.7188,-631.159,223.171,436.707,4,42
-1.0347,-0.4941,-4.9829,-295.610,133.841,450.732,4,42
0.4375,-0.3828,-1.4961,-15.854,58.598,391.280,4,42
2.3525,-0.6768,0.7905,45.915,41.280,276.159,4,42
4.3809,-0.1953,1.2646,50.488,55.610,162.439,4,42
-1.0967,0.0737,0.0571,-59.878,-22.683,13.049,3,42
-1.1113,0.0923,0.0654,-60.061,-22.317,11.951,3,42
-1.1299,0.1074,0.0679,-60.793,-21.707,9.695,3,42
-1.1147,0.0776,0.0444,-61.037,-20.183,6.037,3,42
-1.0918,0.0249,-0.0020,-57.866,-19.268,4.451,3,42
-1.0693,-0.0283,-0.0552,-50.061,-17.866,3.354,3,42
-1.0581,-0.0596,-0.0601,-40.793,-16.280,2.378,3,42
-1.0537,-0.0498,-0.0332,-32.683,-15.122,0.549,3,42
-0.2959,1.4072,-2.3247,28.841,160.305,105.915,4,42
-1.3887,1.1724,-2.4307,138.476,166.707,106.402,4,42
-0.8613,0.8916,-1.4946,243.780,165.061,94.329,4,42
-1.0962,0.8174,-1.2222,314.268,165.244,92.988,4,42
-0.8896,0.8638,-1.0581,349.817,164.878,88.354,4,42
-0.7617,0.9561,-1.0283,371.037,166.220,82.866,4,42
-0.7427,1.0957,-1.0605,381.646,171.159,74.451,4,42
-0.6909,1.2373,-1.1709,381.524,181.829,68.110,4,42
-0.6768,1.3911,-1.2275,375.976,192.073,60.000,4,42
-0.6348,1.5503,-1.2466,356.951,203.354,51.707,4,42
-0.6162,1.6250,-1.2817,331.220,210.366,42.256,4,42
-0.6016,1.6362,-1.2964,304.634,211.768,32.622,4,42
-0.5806,1.6182,-1.3096,283.780,208.293,22.439,4,42
-0.5713,1.5908,-1.3091,271.829,203.354,11.768,4,42
-0.5947,1.5410,-1.3301,267.012,199.268,1.402,4,42
-0.6421,1.4888,-1.4009,268.841,197.805,-6.463,4,42
-0.9819,0.1616,-0.1436,-40.976,-16.341,-11.707,3,42
-0.9956,0.1299,-0.1235,-44.512,-16.585,-12.012,3,42
-1.0063,0.0732,-0.1157,-47.500,-16.646,-12.012,3,42
-1.0088,0.0024,-0.0996,-50.488,-16.707,-11.951,3,42
-1.0044,-0.0483,-0.0781,-52.256,-17.073,-12.012,3,42
-0.9917,-0.1040,-0.0566,-54.268,-17.866,-11.585,3,42
-0.9771,-0.1353,-0.0552,-55.915,-17.988,-11.098,3,42
-0.9565,-0.1611,-0.0933,-58.110,-17.866,-10.610,3,42
-1.0498,0.5054,-1.4980,374.695,198.354,105.000,4,42
-1.0874,0.4653,-1.5122,373.537,192.256,109.939,4,42
-1.2090,0.3916,-1.5244,374.695,185.488,120.244,4,42
-1.4795,0.3389,-1.4932,377.988,187.744,139.085,4,42
-1.5952,0.3311,-1.4746,377.866,191.402,145.854,4,42
-1.8110,0.3179,-1.4287,375.305,200.000,157.683,4,42
-2.0176,0.3018,-1.4053,366.646,209.451,166.890,4,42
-2.2261,0.2505,-1.4092,352.317,217.561,173.720,4,42
-0.8799,-0.1201,-0.0820,-70.671,-19.390,-4.085,3,42
-0.8833,-0.1235,-0.1421,-73.598,-17.866,-1.037,3,42
-0.8892,-0.1460,-0.1582,-74.268,-16.341,2.073,3,42
-0.8882,-0.1519,-0.1484,-74.329,-16.159,4.268,3,42
-0.9097,-0.1304,-0.1309,-74.573,-16.159,5.549,3,42
-0.9321,-0.1143,-0.1172,-77.927,-15.488,6.037,3,42
-0.9644,-0.1055,-0.1128,-81.098,-14.207,6.402,3,42
-0.9902,-0.1157,-0.1055,-82.439,-13.354,6.768,3,42
-1.0171,-0.1201,-0.0894,-81.524,-12.073,7.744,3,42
-1.0459,-0.1147,-0.0586,-78.963,-10.122,8.476,3,42
-1.0693,-0.1138,-0.0200,-75.244,-8.171,9.390,3,42
-1.0913,-0.1006,0.0142,-69.634,-6.159,9.268,3,42
-1.1152,-0.0884,0.0332,-62.683,-4.512,8.780,3,42
-1.1255,-0.0781,0.0576,-53.171,-2.378,8.720,3,42
-1.1357,-0.0498,0.0703,-43.537,-0.793,8.415,3,42
-1.1533,-0.0410,0.0898,-33.659,1.646,8.110,3,42
-1.1602,-0.0386,0.0835,-24.573,3.659,7.866,3,42
-1.1650,-0.0327,0.0908,-16.159,5.488,7.195,3,42
-1.1685,-0.0342,0.0898,-9.024,7.744,6.341,3,42
-1.1528,-0.0239,0.0986,-2.500,9.939,5.000,3,42
-1.1392,-0.0229,0.1182,1.768,12.683,4.207,3,42
-1.1104,-0.0195,0.1177,6.159,16.037,3.293,3,42
-1.0796,-0.0225,0.1270,9.878,19.390,3.110,3,42
-1.0601,-0.0210,0.1152,13.415,22.622,2.744,3,42
-1.0342,-0.0366,0.0854,18.049,27.256,2.256,3,42
-1.0229,-0.0410,0.0640,22.073,30.671,1.402,3,42
-1.0210,-0.0439,0.0547,26.829,33.780,0.427,3,42
-1.0303,-0.0366,0.0679,31.585,37.073,-0.366,3,42
-1.0444,-0.0352,0.0693,35.671,39.756,-1.159,3,42
-1.0591,-0.0337,0.0723,40.244,42.744,-1.768,3,42
-1.0732,-0.0205,0.0830,45.610,45.610,-1.646,3,42
-1.0815,-0.0093,0.0889,51.037,48.841,-1.768,3,42
-1.0972,-0.0029,0.1147,55.549,52.195,-1.159,3,42
-1.1187,0.0039,0.1294,60.549,55.366,-0.610,3,42
-1.1323,-0.0112,0.1343,64.085,58.110,-0.244,3,42
-1.1406,-0.0508,0.1479,68.049,60.610,0.183,3,42
-1.1396,-0.0938,0.1548,70.976,63.537,0.671,3,42
-1.1455,-0.1460,0.1563,74.329,66.951,0.610,3,42
-1.1353,-0.1938,0.1646,78.049,70.183,1.098,3,42
-1.1372,-0.2427,0.1895,82.195,72.988,1.159,3,42
-2.6079,0.9214,-0.2085,157.805,328.720,91.280,4,42
-2.5146,0.9463,-0.0508,162.805,322.805,92.317,4,42
-2.3833,0.8286,0.0415,170.000,312.805,94.268,4,42
-2.3477,1.0049,0.4736,183.232,306.951,94.329,4,42
-2.2358,0.9678,0.5093,178.659,299.756,92.500,4,42
-2.1484,0.9507,0.5923,181.768,293.537,91.098,4,42
-2.0894,0.9380,0.6606,182.927,285.915,90.427,4,42
-2.0186,0.9121,0.7588,181.585,279.512,88.780,4,42
-1.9414,0.8799,0.8296,179.756,273.659,87.378,4,42
-1.8794,0.8369,0.9009,176.890,267.256,85.427,4,42
-1.8198,0.8115,0.9775,173.598,260.488,83.232,4,42
-1.7534,0.7642,1.0483,169.573,252.378,80.671,4,42
-1.6968,0.7354,1.1147,165.610,243.659,78.293,4,42
-1.6226,0.7236,1.1416,160.915,233.780,75.427,4,42
-1.5542,0.6719,1.1470,153.232,223.659,71.951,4,42
-1.4648,0.6362,1.3149,154.756,209.878,69.756,4,42
-1.3779,0.6133,1.3784,147.317,195.244,68.659,4,42
-1.3032,0.5356,1.4121,128.963,181.220,64.451,4,42
-1.2466,0.5884,1.2090,113.780,171.280,57.622,4,42
-1.2617,0.7090,1.0483,100.549,172.805,46.951,4,42
-1.3555,0.8481,1.1772,89.573,178.171,34.817,4,42
-1.3862,1.0742,1.3965,76.951,174.939,23.841,4,42
-1.3154,1.2598,1.4951,60.061,160.671,15.061,4,42
-1.1235,1.3682,1.3691,30.000,135.854,8.598,4,42
-0.7622,1.3057,0.6377,-18.476,100.122,6.402,4,42
-0.4526,0.7813,0.9580,-39.268,64.817,18.110,4,42
-0.8101,0.8745,2.0488,59.634,56.402,48.963,4,42
-1.8511,1.8452,4.6611,190.915,33.537,55.976,4,42
-2.6133,3.0933,8.3682,258.171,14.817,1.768,4,42
-1.6592,2.7046,8.5508,285.427,-2.378,-60.061,4,42
-0.3071,1.8262,7.1221,293.902,-98.659,-17.134,4,42
-0.0562,0.9536,6.3008,276.646,-168.537,63.780,4,42
-0.7046,-0.9106,5.4136,255.061,-146.890,94.207,4,42
-1.6431,-2.5142,5.1064,328.902,-76.402,82.012,4,42
-2.2822,-2.6509,5.8887,423.720,-51.585,54.817,4,42
-1.7754,-1.4717,6.7251,430.000,-87.012,17.988,4,42
-2.1899,-1.1147,7.1826,358.902,-135.122,-2.439,4,42
-1.8452,-0.7041,8.0020,305.793,-160.915,2.683,4,42
-1.6787,-0.3975,9.0513,264.085,-186.646,13.476,4,42
-1.4990,-0.1714,9.2661,218.659,-224.451,19.146,4,42
-1.5020,0.2388,8.1914,173.049,-259.817,21.159,4,42
-1.8887,0.7568,5.2026,123.659,-269.451,20.976,4,42
-2.9536,0.6440,2.2935,72.378,-235.671,30.549,4,42
-4.8618,0.1079,1.0391,36.585,-191.585,57.500,4,42
-6.7402,-0.4609,0.0078,18.415,-172.134,61.402,4,42
-8.0205,-0.9648,-1.0918,23.720,-159.451,23.354,4,42
-8.2461,-1.1157,-1.3491,48.902,-150.671,-20.915,4,42
-7.2671,-1.3896,-1.1279,60.671,-151.707,-33.110,4,42
-5.6846,-1.7827,-0.1743,89.695,-146.402,-0.976,4,42
-4.5220,-1.9229,1.1929,74.085,-123.598,49.024,4,42
-3.4932,-3.6157,1.9141,-33.232,-115.793,87.744,4,42
-3.9854,-6.2754,1.4229,-160.366,-97.256,87.439,4,42
-5.9790,-9.8813,1.6221,-264.268,-99.024,24.512,4,42
-8.7798,-11.2554,1.2612,-229.207,-127.317,-100.000,4,42
-10.2051,-5.8721,1.8281,-97.317,-143.598,-225.488,4,42
-7.9639,0.6812,2.8721,-51.829,-117.073,-240.976,4,42
-4.4697,5.3818,3.3330,-91.280,-64.451,-150.854,4,42
-1.3682,6.5845,2.9038,-114.146,21.829,-12.805,4,42
0.5996,5.7607,2.5654,-118.841,47.073,105.488,4,42
-0.0864,3.6543,1.4663,-118.049,42.256,154.268,4,42
-1.7202,-0.2319,0.3135,-87.683,45.305,159.817,4,42
-3.2432,-2.5039,0.0327,-20.000,70.183,112.073,4,42
-3.7466,-2.7261,0.6616,3.232,75.610,23.415,4,42
-2.9370,-2.2554,0.9780,-25.366,88.110,-42.195,4,42
-3.4683,-2.2256,1.0488,-78.780,92.927,-42.317,4,42
-3.8120,-2.2432,0.8364,-129.268,100.244,-38.354,4,42
-4.5737,-2.2227,0.8867,-157.073,110.854,-44.390,4,42
-5.4521,-1.7803,1.2515,-150.244,120.000,-67.683,4,42
-6.0698,-1.2397,1.5132,-135.183,134.451,-96.890,4,42
-6.1094,-0.7188,1.7007,-107.073,151.463,-114.451,4,42
-5.6211,-0.2759,1.8091,-78.232,172.866,-111.707,4,42
-4.8940,0.2476,1.7407,-72.927,188.476,-92.256,4,42
-4.1084,0.2207,1.8447,-102.134,199.268,-64.390,4,42
-3.5591,-0.2339,1.9409,-137.073,208.293,-29.451,4,42
-3.3491,-0.8521,1.9844,-167.805,215.671,-8.537,4,42
-3.5005,-1.4043,2.0151,-190.000,220.549,-9.878,4,42
-3.9453,-1.6650,2.0581,-205.061,222.500,-28.171,4,42
-4.4902,-1.7114,2.2422,-215.366,223.902,-52.866,4,42
-4.9209,-1.6313,2.5078,-221.890,225.488,-71.768,4,42
-5.0273,-1.5015,2.8350,-226.098,226.646,-80.000,4,42
-4.7617,-1.3325,3.1040,-230.061,226.707,-77.988,4,42
-4.2163,-1.1709,3.3252,-235.244,224.390,-70.305,4,42
-3.6279,-1.0269,3.6079,-242.561,219.390,-60.610,4,42
-3.1348,-0.8442,3.8535,-252.134,210.549,-51.707,4,42
-2.7827,-0.6685,4.0542,-266.341,199.451,-44.390,4,42
-2.5210,-0.5190,4.3008,-281.280,183.110,-38.049,4,42
-2.2852,-0.3555,4.5342,-295.549,162.195,-32.927,4,42
-2.0469,-0.1963,4.7046,-308.780,138.963,-27.500,4,42
-1.7866,-0.0615,4.7085,-313.841,114.085,-20.671,4,42
-1.5049,0.0923,4.5176,-307.561,91.037,-9.451,4,42
-1.2158,0.2021,4.2031,-288.171,70.610,6.524,4,42
-0.9639,0.3486,3.8379,-260.915,47.866,24.024,4,42
-0.7109,0.4146,3.4277,-234.390,23.293,36.098,4,42
-0.4463,0.3569,2.9292,-206.646,-5.671,38.598,4,42
-0.2729,0.0669,2.4756,-169.451,-32.866,25.671,4,42
-0.2285,-0.3496,2.2598,-124.146,-51.098,2.805,4,42
-1.0986,-0.1631,-0.0195,-124.878,-75.732,-15.915,3,42
-1.0767,-0.1636,-0.0166,-124.207,-73.720,-15.549,3,42
-1.0796,-0.1743,-0.0376,-122.927,-71.707,-14.695,3,42
-1.0967,-0.1934,-0.0518,-119.878,-69.268,-14.451,3,42
-1.0933,-0.2002,-0.0503,-116.220,-66.402,-14.268,3,42
-1.0566,-0.2104,-0.0303,-112.622,-63.232,-14.207,3,42
-1.0498,-0.2529,-0.0132,-104.817,-60.732,-14.329,3,42
-1.0205,-0.2642,0.0073,-99.207,-58.354,-14.390,3,42
-0.8179,-0.7705,-0.1973,-58.171,-43.659,-12.622,3,42
-0.7798,-0.8125,-0.2104,-55.915,-42.866,-13.415,3,42
-0.7437,-0.8706,-0.2134,-55.427,-42.683,-14.329,3,42
-0.7153,-0.9346,-0.2339,-55.610,-42.317,-15.610,3,42
-0.7134,-0.9907,-0.2603,-55.366,-42.256,-16.402,3,42
-0.6846,-1.0054,-0.2783,-56.402,-41.159,-16.646,3,42
-0.6567,-0.9907,-0.2832,-58.598,-40.305,-15.915,3,42
-0.6436,-0.9707,-0.2837,-61.768,-39.451,-14.695,3,42
-0.6274,-0.9575,-0.2905,-66.402,-39.573,-13.171,3,42
-0.6216,-0.9697,-0.2852,-72.256,-38.780,-12.256,3,42
-0.6284,-1.0088,-0.2515,-78.232,-37.744,-12.317,3,42
-0.6216,-1.0498,-0.2178,-83.963,-36.341,-13.659,3,42
-0.5903,-1.0815,-0.2134,-88.476,-35.915,-13.841,3,42
-0.5728,-1.1035,-0.2061,-93.720,-36.524,-13.963,3,42
-0.6084,-1.1284,-0.2109,-99.207,-36.707,-14.451,3,42
-0.6421,-1.1118,-0.2148,-105.183,-37.073,-14.756,3,42
-0.7085,-1.0508,-0.1729,-113.659,-36.890,-15.183,3,42
-0.7710,-0.9600,-0.1436,-125.244,-36.768,-15.061,3,42
-0.8066,-0.8472,-0.1079,-135.793,-36.768,-14.207,3,42
-0.8394,-0.6816,-0.0786,-144.512,-36.341,-12.195,3,42
-0.8877,-0.5039,-0.0659,-150.183,-35.732,-8.720,3,42
-0.9844,-0.1597,-0.0322,-155.671,-34.756,-3.049,3,42
-1.0889,0.1113,0.0171,-158.110,-33.232,1.524,3,42
-1.2095,0.3848,0.0552,-158.659,-31.341,7.317,3,42
-1.3374,0.6387,0.0786,-157.500,-29.268,13.171,3,42
-1.4590,0.8892,0.1421,-153.780,-26.768,18.841,3,42
-1.5708,1.0693,0.2388,-149.146,-22.988,22.317,3,42
-1.6338,1.1660,0.2993,-140.488,-19.085,24.146,3,42
-1.6260,1.1851,0.2817,-126.220,-16.159,24.085,3,42
-1.5664,1.1665,0.2471,-107.805,-13.293,22.866,3,42
-1.5024,1.0737,0.1948,-88.354,-10.183,20.427,3,42
-1.4121,0.9082,0.1050,-68.415,-7.378,16.768,3,42
-4.4556,2.0566,-0.0024,139.329,-533.659,-160.427,4,42
-4.4482,2.4780,-0.0625,146.098,-555.610,-110.122,4,42
-4.5518,2.8950,-0.2114,141.829,-577.012,-67.439,4,42
-4.7041,3.2319,-0.4258,133.110,-595.976,-32.988,4,42
-4.9092,3.5112,-0.7524,125.305,-608.110,-6.585,4,42
-5.0181,3.5508,-1.0718,119.207,-613.415,15.732,4,42
-5.2310,3.7178,-1.4136,125.793,-616.159,37.500,4,42
-5.3062,3.7080,-1.7832,138.232,-626.280,57.012,4,42
-5.3413,3.6250,-2.1328,156.951,-644.634,79.817,4,42
-5.3286,3.5742,-2.4307,187.256,-666.890,105.915,4,42
-5.3892,3.0981,-2.7148,202.988,-675.854,123.598,4,42
-6.8174,-0.0083,-3.9263,311.524,-727.927,42.195,4,42
-7.2241,-2.3818,-5.5015,362.317,-693.902,-190.915,4,42
-7.7783,-5.0249,-5.5840,388.110,-588.476,-388.537,4,42
-6.6963,-8.9961,-14.7803,517.805,-590.915,-270.061,4,42
-12.8013,-2.0874,-15.9858,806.707,-340.366,-201.951,4,42
-0.7700,-0.7192,-0.4419,6.524,-28.720,25.671,3,42
-0.6504,-0.8623,-0.5366,17.683,-28.598,25.854,3,42
-0.6992,-0.8447,-0.4614,32.622,-27.561,25.366,3,42
-0.8481,-0.5981,-0.2813,34.817,-28.171,23.171,3,42
-0.9980,-0.2852,-0.1357,23.780,-29.756,22.134,3,42
-1.1133,-0.0532,-0.0688,9.878,-31.463,23.171,3,42
-1.1768,0.0093,-0.0454,2.866,-32.439,25.976,3,42
-1.1963,-0.0313,-0.0454,5.610,-32.683,28.902,3,42
-0.7334,2.0513,-2.4814,-395.671,30.671,101.951,4,42
-0.4243,2.2261,-2.9243,-395.366,136.402,90.183,4,42
-0.3569,1.9014,-2.8833,-331.707,190.732,78.659,4,42
-0.0767,1.7334,-1.9419,-219.146,175.610,62.744,4,42
0.2896,1.5122,-0.8389,-134.878,131.707,60.793,4,42
0.3174,1.6216,-0.0518,-137.500,90.366,76.220,4,42
0.0527,1.5464,0.0811,-171.159,45.976,90.915,4,42
0.1660,0.4321,-0.0562,-210.793,8.293,92.439,4,42
0.3828,-0.2280,-0.2031,-191.159,-14.878,73.354,4,42
0.3022,-0.6987,-0.5718,-143.354,-6.159,44.756,4,42
-0.0332,-0.7515,-1.0015,-85.671,22.683,27.622,4,42
-0.5625,-0.6455,-1.3906,-42.988,59.512,22.317,4,42
-0.8999,-0.6289,-1.7021,-9.146,97.622,23.415,4,42
-1.5674,-0.6460,-1.9473,22.134,132.500,29.634,4,42
-1.6748,-0.7485,-1.9399,60.915,168.476,28.171,4,42
-1.6802,-0.7173,-1.9194,95.244,196.098,25.000,4,42
-0.9346,0.0347,-0.0801,-15.976,-33.537,17.195,3,42
-0.9355,0.0566,-0.0947,-15.366,-33.963,16.829,3,42
-0.9316,0.0815,-0.1426,-12.439,-33.415,16.707,3,42
-0.9771,0.1572,-0.1230,-5.244,-30.244,16.524,3,42
-1.0171,0.1992,-0.0801,-3.110,-29.146,15.549,3,42
-1.0469,0.2334,-0.0649,-2.866,-28.476,13.720,3,42
-1.0479,0.2598,-0.0547,-0.732,-27.012,12.378,3,42
-1.0278,0.2764,-0.0527,4.146,-25.244,11.890,3,42
-1.3525,0.9521,-2.2944,61.402,188.841,7.256,4,42
-1.3892,1.1616,-2.2163,56.341,188.537,-12.195,4,42
-1.3291,1.2754,-2.1826,56.402,195.305,-28.659,4,42
-1.2183,1.2861,-2.2300,57.927,210.610,-39.451,4,42
-1.0801,1.1973,-2.3984,64.817,231.585,-41.159,4,42
-0.9785,1.0732,-2.5664,79.268,253.659,-32.744,4,42
-0.9399,0.9492,-2.6934,97.500,270.122,-19.268,4,42
-0.9663,0.8315,-2.7354,116.524,276.341,-5.122,4,42
-0.9741,0.2192,-0.1250,26.585,-16.585,-5.244,3,42
-0.9790,0.2554,-0.1563,25.549,-15.671,-6.402,3,42
-0.9897,0.2998,-0.1558,24.024,-15.183,-7.073,3,42
-0.9922,0.3418,-0.1465,22.866,-14.390,-8.415,3,42
-0.9883,0.3813,-0.1318,21.707,-14.573,-9.268,3,42
-0.9902,0.4126,-0.1089,20.793,-14.268,-9.634,3,42
-0.9873,0.4370,-0.1108,19.878,-13.902,-10.000,3,42
-0.9795,0.4580,-0.1084,18.354,-13.841,-9.878,3,42
-1.8677,0.4658,-1.6528,164.146,280.000,105.793,4,42
-1.8691,0.4937,-1.6089,160.976,286.098,111.768,4,42
-1.8638,0.5181,-1.6147,157.988,290.671,114.695,4,42
-1.8384,0.5430,-1.6597,156.220,294.939,114.756,4,42
-1.8403,0.5449,-1.7163,155.976,299.390,113.902,4,42
-1.8481,0.5449,-1.7632,157.195,304.268,111.585,4,42
-1.8726,0.5308,-1.7876,160.183,309.207,109.146,4,42
-1.9194,0.5181,-1.7749,163.963,313.598,106.159,4,42
-2.3208,0.4761,-1.4683,117.805,358.720,92.866,4,42
-2.3315,0.5386,-1.4170,110.000,362.622,95.305,4,42
-2.3511,0.6260,-1.3633,105.427,364.573,98.293,4,42
-2.4043,0.7124,-1.2881,102.378,365.366,101.098,4,42
-2.4683,0.7930,-1.2109,102.866,365.488,103.171,4,42
-2.5415,0.8657,-1.1440,107.012,365.488,104.024,4,42
-2.5928,0.9033,-1.0674,115.061,365.610,105.061,4,42
-2.6445,0.9180,-0.9902,126.524,366.280,105.854,4,42
-2.6870,0.9199,-0.9067,140.122,367.866,106.524,4,42
-2.7266,0.8970,-0.7974,153.963,370.366,106.463,4,42
-2.7456,0.8486,-0.6997,165.915,373.293,105.976,4,42
-2.7432,0.7852,-0.5991,176.280,375.671,105.366,4,42
-2.7520,0.7163,-0.5347,183.049,378.476,103.963,4,42
-2.7427,0.6470,-0.4712,188.110,381.220,101.890,4,42
-2.7407,0.5786,-0.3867,190.610,383.780,98.171,4,42
-2.6978,0.5029,-0.3247,191.707,384.451,95.000,4,42
-2.6143,0.4985,-0.0923,195.732,382.500,92.439,4,42
-2.5879,0.4272,-0.0962,190.488,380.915,88.598,4,42
-2.5308,0.3657,0.0039,189.146,378.841,85.122,4,42
-2.4834,0.3159,0.1016,189.268,375.732,79.146,4,42
-2.4014,0.2656,0.2153,189.207,371.341,74.390,4,42
-2.3276,0.2378,0.3184,187.073,366.951,70.427,4,42
-2.2578,0.2070,0.3950,184.390,361.768,66.768,4,42
-2.1880,0.1821,0.4736,181.524,356.098,63.963,4,42
-2.1187,0.1870,0.5352,177.012,350.122,61.829,4,42
-2.0435,0.2085,0.5967,171.890,343.415,60.305,4,42
-1.9731,0.2534,0.6577,164.573,337.622,60.122,4,42
-1.9072,0.2979,0.7378,155.305,332.439,60.854,4,42
-1.8398,0.3486,0.8481,142.561,327.622,61.402,4,42
-1.7759,0.3555,1.0005,124.146,323.171,62.012,4,42
-1.7085,0.2876,1.1865,102.195,318.720,60.671,4,42
-1.6294,0.1729,1.3882,77.500,311.463,58.659,4,42
-1.5361,0.0586,1.5557,48.476,298.476,55.122,4,42
-1.4209,-0.0352,1.6001,17.195,282.500,52.073,4,42
-1.2417,-0.1318,1.7012,-12.073,264.573,49.024,4,42
-1.2231,-0.1260,1.6597,-29.085,258.110,50.549,4,42
-1.2080,-0.1021,1.6377,-45.427,250.305,48.293,4,42
-1.1836,-0.1084,1.6724,-52.317,241.585,45.793,4,42
-1.1353,-0.1587,1.6577,-54.573,227.866,40.488,4,42
-1.1045,-0.2676,1.9980,-30.122,206.402,37.439,4,42
-1.1768,-0.3018,0.0972,89.451,176.524,31.220,3,42
-1.0508,-0.1084,0.0928,91.890,179.268,32.927,3,42
-0.9146,0.0781,0.0425,96.829,179.878,35.976,3,42
-0.7847,0.2427,-0.0986,103.110,178.841,38.354,3,42
-0.6372,0.3535,-0.2866,110.427,176.707,39.390,3,42
-0.5547,0.4370,-0.4521,113.049,176.524,39.512,3,42
-0.4702,0.4707,-0.6348,119.817,174.146,37.866,3,42
-0.3867,0.5225,-0.6714,123.232,170.061,36.524,3,42
-4.2368,5.3442,13.6113,566.037,130.671,13.841,4,42
-4.0806,2.8608,15.9863,357.317,218.049,-155.610,4,42
-1.5503,-1.2017,15.9673,158.780,-97.256,-56.585,4,42
0.2148,-3.5391,13.5078,250.549,-367.683,138.841,4,42
0.3418,-7.0366,9.0078,379.024,-382.073,131.951,4,42
-1.8496,-8.2339,6.4028,544.756,-139.634,22.134,4,42
-3.1660,-5.8223,9.5073,672.195,12.805,-142.927,4,42
-2.5928,-1.3125,9.2344,582.439,-124.573,-180.793,4,42
-1.6719,1.1338,4.7788,332.805,-234.634,-140.000,4,42
-2.1646,-0.1450,0.6587,120.610,-157.317,-50.488,4,42
-3.8213,-1.7920,-1.2563,42.500,-120.976,41.951,4,42
-6.4854,-2.8369,-1.8550,-94.207,-159.756,62.622,4,42
-9.0903,-4.0498,-1.3706,-212.317,-165.000,39.634,4,42
-11.5918,-3.5503,-0.7202,-195.000,-158.659,12.500,4,42
-10.7988,-2.2852,0.5869,-153.049,-184.573,13.415,4,42
-8.2939,-1.5474,2.6797,-104.878,-168.415,46.463,4,42
-5.4541,-1.2930,3.2842,-95.671,-138.537,72.988,4,42
-3.2178,-0.9902,2.6392,-178.720,-118.171,68.720,4,42
-1.5352,-1.4893,2.0093,-209.146,-88.537,52.805,4,42
-0.6479,-1.3774,1.3242,-190.244,-77.134,24.085,4,42
-0.8799,-0.9551,1.2471,-187.195,-83.780,-29.573,4,42
-1.8237,-1.0498,1.4893,-220.122,-112.683,-76.768,4,42
-2.7104,-1.2490,1.1914,-218.232,-128.293,-98.354,4,42
-3.7637,-0.1123,0.8765,-127.927,-100.732,-120.671,4,42
-4.2041,1.0557,0.8721,-29.817,-41.829,-133.049,4,42
-4.0342,1.0488,1.1626,25.610,-8.293,-87.134,4,42
-3.6504,0.0459,1.2393,65.732,17.622,-2.866,4,42
-3.4570,-1.0239,1.4468,90.610,41.463,62.439,4,42
-3.4521,-1.7197,1.6260,75.366,55.183,78.232,4,42
-3.4854,-2.5781,1.7104,33.537,63.598,59.878,4,42
-3.8096,-2.9707,1.8271,-0.244,66.829,28.659,4,42
-4.3594,-2.8970,1.8193,-19.695,67.134,-11.037,4,42
-4.9033,-2.5767,1.5610,-29.939,65.183,-46.768,4,42
-5.2671,-2.3540,1.3862,-23.720,67.805,-65.854,4,42
-5.3574,-2.2505,1.5576,-6.646,78.049,-62.500,4,42
-4.7681,-2.2388,2.3018,-3.049,102.683,-34.756,4,42
-4.4561,-2.2202,2.5137,-12.439,109.390,-25.976,4,42
-3.8203,-2.2798,2.8091,-36.037,120.305,-16.037,4,42
-3.3784,-2.2324,2.9819,-61.829,124.939,-17.622,4,42
-3.1377,-2.1318,3.1333,-86.402,127.622,-23.963,4,42
-3.1489,-1.9604,3.2646,-119.207,130.854,-30.488,4,42
-3.3677,-1.8789,3.4077,-138.171,134.939,-31.829,4,42
-3.4897,-1.8613,3.4531,-146.159,135.610,-32.073,4,42
-3.7769,-1.8511,3.6890,-156.707,134.085,-29.817,4,42
-3.8174,-1.7583,3.9199,-153.598,129.085,-25.854,4,42
-3.7085,-1.6235,4.2305,-148.598,120.976,-20.244,4,42
-3.4702,-1.4448,4.5469,-144.451,109.329,-14.939,4,42
-3.1802,-1.2207,5.0322,-142.805,93.537,-10.671,4,42
-0.7563,-0.1157,-0.5791,79.024,-91.037,-14.146,3,42
-0.8003,-0.1831,-0.5195,79.024,-93.049,-14.329,3,42
-0.8579,-0.2397,-0.4502,78.902,-95.122,-13.780,3,42
-0.9106,-0.2832,-0.3955,77.012,-96.585,-13.293,3,42
-0.9751,-0.3013,-0.3428,73.659,-97.927,-12.622,3,42
-1.0117,-0.2905,-0.3223,69.878,-97.988,-12.439,3,42
-1.0269,-0.2705,-0.3027,65.854,-97.561,-12.622,3,42
-1.0552,-0.2412,-0.2725,60.793,-97.012,-12.927,3,42
-0.4238,-1.1079,0.5171,-304.024,109.878,-43.171,4,42
-0.3945,-0.7378,0.7437,-261.037,118.171,-74.268,4,42
-1.1841,-0.4385,1.1147,-199.573,96.524,-81.585,4,42
-2.0918,-0.0947,1.3159,-151.707,79.573,-88.354,4,42
-2.0620,0.1016,1.6616,-114.451,61.524,-95.915,4,42
-2.1743,0.0366,2.0723,-91.768,42.622,-123.963,4,42
-2.4927,-0.0918,2.4819,-68.537,-5.976,-148.841,4,42
-2.6479,-0.2021,2.7832,-57.683,-81.159,-165.915,4,42
-2.4902,-0.3564,2.7090,-58.841,-164.329,-171.524,4,42
-3.2026,-0.6719,2.2773,-59.024,-244.207,-161.707,4,42
-3.4170,-0.6255,1.7739,-53.110,-310.671,-126.098,4,42
-3.4756,-0.1768,1.5483,-45.610,-345.976,-80.793,4,42
-2.7886,0.7588,1.5186,-46.890,-353.537,-20.854,4,42
-1.5376,2.0781,1.4185,-66.402,-330.610,28.598,4,42
-0.4082,2.7993,1.1104,-96.037,-290.427,40.427,4,42
0.1201,3.6460,0.5098,-100.244,-242.927,48.415,4,42
0.2417,3.3833,-0.3364,-55.976,-181.829,59.451,4,42
-0.3481,2.8242,-0.8457,22.866,-116.707,62.927,4,42
-0.7446,2.0835,-0.7168,106.524,-73.110,17.988,4,42
-0.9224,1.4468,-0.2461,149.390,-69.817,-31.220,4,42
-0.9238,0.8877,0.3774,148.110,-99.207,-76.098,4,42
-0.7705,0.4209,1.0786,110.976,-148.780,-110.610,4,42
-0.7417,0.1035,1.7056,53.780,-205.244,-133.110,4,42
-0.7437,-0.0679,2.2397,-7.256,-257.927,-147.561,4,42
-0.8345,-0.1826,2.6353,-63.902,-301.159,-155.427,4,42
-0.7256,-0.4458,3.1626,-122.195,-338.354,-160.000,4,42
-0.8384,-0.3379,3.1040,-162.012,-359.878,-151.463,4,42
-0.9253,-0.3560,3.0771,-191.463,-374.695,-140.610,4,42
-1.0732,-0.2964,2.9595,-208.110,-384.573,-123.171,4,42
-1.2261,-0.1450,2.7480,-204.329,-387.744,-101.402,4,42
-1.3735,0.0400,2.5596,-188.780,-386.585,-81.341,4,42
-1.5605,0.2368,2.3389,-171.037,-380.000,-65.549,4,42
-1.7861,0.4131,2.1572,-157.195,-369.085,-57.073,4,42
-2.0083,0.5278,1.9805,-149.085,-354.878,-56.524,4,42
-2.1606,0.5605,1.8599,-144.085,-342.012,-64.756,4,42
-2.2070,0.5386,1.7739,-140.183,-334.024,-77.744,4,42
-2.2397,0.4795,1.7153,-135.732,-334.268,-95.244,4,42
-2.2910,0.4316,1.6738,-132.317,-344.085,-115.671,4,42
-2.3252,0.4077,1.5991,-131.646,-360.366,-140.976,4,42
-2.3037,0.3384,1.4888,-133.659,-380.366,-163.598,4,42
-2.3062,0.2827,1.3662,-136.280,-399.329,-182.195,4,42
-2.3369,0.2354,1.1919,-140.427,-414.024,-197.622,4,42
-2.4043,0.2085,1.0610,-147.195,-424.024,-209.329,4,42
-2.4805,0.1963,0.9463,-157.256,-428.476,-217.927,4,42
-2.5679,0.1938,0.8374,-171.463,-429.756,-224.390,4,42
-2.6484,0.1968,0.7354,-188.963,-428.049,-229.024,4,42
-2.7139,0.2100,0.6230,-208.354,-424.390,-231.463,4,42
-2.7803,0.2427,0.5024,-227.317,-419.817,-232.134,4,42
-0.5552,-0.4238,-0.0625,-10.732,-53.232,2.195,3,42
-0.5498,-0.4590,-0.0420,-18.293,-51.890,1.341,3,42
-0.5542,-0.4897,-0.0234,-25.854,-50.305,1.341,3,42
-0.5825,-0.4819,-0.0205,-33.354,-48.415,1.646,3,42
-0.6201,-0.4424,-0.0186,-40.976,-46.524,2.073,3,42
-0.6514,-0.3730,-0.0239,-48.232,-45.183,2.988,3,42
-0.7231,-0.3052,-0.0181,-56.098,-42.439,4.634,3,42
-0.8076,-0.2329,-0.0425,-61.463,-39.695,5.854,3,42
-0.8989,-0.1694,-0.0439,-65.854,-37.256,6.890,3,42
-1.0044,-0.1226,-0.0645,-69.329,-34.756,7.256,3,42
-1.1343,-0.1123,-0.0713,-71.098,-31.707,8.049,3,42
-1.2729,-0.1143,-0.0522,-71.707,-27.988,8.415,3,42
-1.4185,-0.1450,0.0210,-71.037,-25.000,7.561,3,42
-1.5664,-0.1904,0.0947,-69.695,-22.805,6.524,3,42
-1.7041,-0.2549,0.1245,-66.341,-20.732,5.061,3,42
-1.8091,-0.3232,0.1392,-60.366,-19.146,4.207,3,42
-3.1572,-2.1426,-6.1279,146.951,-463.110,-461.341,4,42
-4.1045,-2.1504,-9.4741,299.756,-333.720,-543.537,4,42
-4.6367,-1.9355,-10.4800,499.146,-328.902,-503.963,4,42
-4.6763,-1.6704,-13.2451,527.256,-382.378,-378.841,4,42
-9.3477,-5.2998,-15.7280,-51.098,-390.976,-223.902,4,42
-13.0107,-11.3486,-12.6655,-529.573,-292.317,-268.720,4,42
-5.7822,-7.6089,-7.4424,-799.024,-237.134,-142.561,4,42
4.0996,2.8584,-8.3052,-751.768,-109.756,151.524,4,42
4.9951,8.1079,-9.9067,-578.841,32.988,241.341,4,42
4.8911,8.3130,-11.7798,-228.963,-14.695,246.951,4,42
3.0674,8.8027,-11.3613,-218.171,-81.524,249.451,4,42
1.9219,7.7158,-9.7769,-370.915,-103.841,201.159,4,42
0.9629,6.1743,-8.0947,-418.598,-90.915,144.695,4,42
0.1646,4.8081,-6.4951,-339.329,-107.195,92.683,4,42
-0.2148,3.8926,-5.1489,-231.341,-142.073,81.646,4,42
-0.1499,3.4927,-4.2505,-158.720,-166.768,95.061,4,42
-1.1011,-0.0430,-0.1621,-20.793,-9.939,1.646,3,42
-1.1211,0.0337,-0.1177,-23.537,-10.427,1.280,3,42
-1.1255,0.0718,-0.0786,-28.780,-10.366,1.280,3,42
-1.1279,0.0786,-0.0732,-34.756,-10.549,1.402,3,42
-1.1104,0.0493,-0.0972,-39.634,-10.183,1.524,3,42
-1.0957,0.0244,-0.1255,-42.378,-9.817,1.341,3,42
-1.0786,0.0044,-0.1431,-42.805,-9.512,0.732,3,42
-1.0625,0.0186,-0.1382,-41.098,-9.817,-0.427,3,42
-1.0664,0.0391,-0.1025,-38.720,-9.146,-2.012,3,42
-1.0591,0.0542,-0.0596,-36.768,-8.293,-3.841,3,42
-1.0674,0.0474,-0.0313,-34.329,-7.866,-5.549,3,42
-1.0688,0.0308,-0.0376,-32.561,-7.561,-6.646,3,42
-1.0596,-0.0083,-0.0405,-32.439,-7.378,-7.622,3,42
-1.0542,-0.0552,-0.1089,-32.439,-6.524,-8.476,3,42
-1.0415,-0.1045,-0.1567,-33.598,-5.671,-9.695,3,42
-1.0552,-0.1533,-0.0986,-36.646,-5.488,-10.915,3,42
-0.1509,1.9800,-3.3940,41.402,84.146,42.317,4,42
-1.4990,1.9741,-3.8491,167.256,122.195,74.207,4,42
-0.5801,1.7729,-2.7505,291.463,136.037,91.524,4,42
-0.9282,1.7646,-2.6079,407.134,149.939,115.183,4,42
-0.9639,1.8081,-1.9824,457.500,159.390,131.159,4,42
-0.7573,1.9707,-1.6011,463.354,169.390,138.476,4,42
-0.5605,2.0962,-1.3828,451.646,184.939,138.598,4,42
-0.4209,2.2661,-1.3042,420.183,201.280,130.366,4,42
-1.0698,-0.1982,-0.0796,-40.305,-7.988,-13.354,3,42
-1.0698,-0.2090,-0.1968,-40.305,-8.537,-15.915,3,42
-1.0796,-0.1880,-0.2295,-39.512,-5.976,-17.195,3,42
-1.1064,-0.1460,-0.1079,-46.951,-6.280,-17.439,3,42
-1.1128,-0.1338,-0.0630,-50.976,-7.866,-17.439,3,42
-1.1055,-0.1240,-0.0464,-57.805,-9.939,-18.110,3,42
-1.0791,-0.1206,-0.1792,-60.976,-8.232,-18.232,3,42
-1.0713,-0.1089,-0.1938,-62.012,-5.488,-17.073,3,42
-0.8936,2.0454,-1.2769,201.646,174.878,24.817,4,42
-0.9556,1.7207,-1.3403,215.976,196.890,35.793,4,42
-0.9839,1.3496,-1.3965,247.256,227.744,51.402,4,42
-0.9849,0.9985,-1.4102,291.402,263.110,69.512,4,42
-0.9849,0.6729,-1.4067,339.390,296.159,88.049,4,42
-1.0146,0.3770,-1.3652,385.793,320.427,102.439,4,42
-1.0122,0.1455,-1.2813,423.049,330.793,111.098,4,42
-1.0083,-0.0229,-1.2095,446.159,326.341,114.329,4,42
-1.7363,-0.1328,-0.6924,313.354,222.134,158.720,4,42
-1.8594,-0.1758,-0.6470,292.683,228.171,165.366,4,42
-1.9160,-0.2583,-0.6592,267.073,228.841,167.805,4,42
-1.9409,-0.3159,-0.6377,239.146,223.963,167.622,4,42
-1.9766,-0.3262,-0.6738,214.146,218.049,164.512,4,42
-1.9849,-0.2959,-0.7778,196.037,213.354,158.902,4,42
-1.9497,-0.2188,-0.8564,186.280,212.134,153.902,4,42
-1.8965,-0.1069,-0.9189,182.805,215.244,150.854,4,42
-1.8203,-0.0029,-0.9507,182.500,221.037,150.549,4,42
-1.7275,0.1084,-0.9502,184.695,229.207,151.524,4,42
-1.6382,0.1689,-0.9453,190.610,238.171,151.890,4,42
-1.5542,0.2036,-0.8940,196.402,247.378,151.768,4,42
-1.4966,0.2231,-0.8364,200.183,255.976,151.098,4,42
-1.4844,0.1963,-0.7813,201.829,262.134,148.841,4,42
-1.4961,0.1479,-0.7026,200.427,266.829,145.915,4,42
-1.5259,0.0942,-0.6436,195.488,270.000,142.866,4,42
-2.1558,-0.1548,-0.6016,102.317,257.134,132.256,4,42
-2.1685,-0.1147,-0.6323,99.695,254.573,132.134,4,42
-2.1631,-0.0859,-0.6694,99.512,251.220,131.951,4,42
-2.1445,-0.0522,-0.6724,101.098,247.256,131.220,4,42
-2.1235,-0.0151,-0.6440,103.537,243.720,130.183,4,42
-2.0923,0.0068,-0.6196,106.524,239.756,128.659,4,42
-2.0767,0.0347,-0.5562,108.293,236.463,127.012,4,42
-2.0762,0.0332,-0.4907,108.354,233.841,125.122,4,42
-1.2173,-0.2266,0.1587,-17.622,59.695,17.744,3,42
-1.2285,-0.2280,0.1719,-15.183,62.866,18.780,3,42
-1.2393,-0.2144,0.2031,-13.537,66.768,19.085,3,42
-1.2559,-0.1943,0.2656,-14.878,69.817,18.415,3,42
-1.2339,-0.2344,0.2446,-19.634,72.622,16.585,3,42
-1.1831,-0.3784,0.1245,-17.988,76.220,17.012,3,42
-1.1484,-0.4976,0.0459,-8.598,80.610,18.780,3,42
-1.1465,-0.5103,0.0615,-2.012,83.415,19.512,3,42
-1.1489,-0.4990,0.0693,-2.927,84.634,18.232,3,42
-1.1465,-0.4932,0.0581,-6.463,87.073,15.427,3,42
-1.1470,-0.4751,0.0557,-10.732,90.305,13.049,3,42
-1.1479,-0.4434,0.0483,-15.915,93.476,11.524,3,42
-1.1748,-0.3784,0.0757,-22.256,98.415,13.232,3,42
-1.1992,-0.3486,0.1055,-27.012,102.195,17.073,3,42
-1.2354,-0.3301,0.1382,-31.037,106.037,20.488,3,42
-1.2559,-0.3379,0.1772,-34.573,110.244,23.780,3,42
-1.2627,-0.3447,0.2041,-37.500,114.451,25.793,3,42
-1.2290,-0.3481,0.2178,-39.085,118.537,27.012,3,42
-1.1694,-0.3418,0.2158,-39.268,122.134,27.866,3,42
-1.0864,-0.3159,0.1821,-38.232,124.817,27.561,3,42
-0.9971,-0.2886,0.1294,-35.976,127.317,26.890,3,42
-0.9209,-0.2598,0.0703,-32.927,128.598,25.183,3,42
-0.8330,-0.2046,-0.0029,-28.963,129.085,23.110,3,42
-0.7134,-0.1499,-0.1143,-24.451,128.780,22.134,3,42
-0.5674,-0.1011,-0.2749,-18.171,127.317,21.037,3,42
-0.4243,-0.0596,-0.4648,-9.939,125.244,20.488,3,42
-0.2920,-0.0669,-0.7021,-0.610,122.317,18.476,3,42
-0.2144,-0.1226,-0.9287,10.732,117.866,15.793,3,42
-0.2529,-0.2212,-1.0981,22.195,111.768,11.890,3,42
-0.2051,-0.2598,-1.2744,24.390,109.939,10.061,3,42
-0.2793,-0.3813,-1.2964,32.012,102.988,6.524,3,42
-0.3042,-0.3872,-1.0718,34.268,97.134,8.476,3,42
-0.3516,-0.3608,-0.9722,28.720,92.561,12.500,3,42
-0.4395,-0.3276,-0.8496,24.817,87.439,17.317,3,42
-0.5723,-0.3457,-0.6831,23.354,82.744,22.927,3,42
-0.8521,-0.3711,-0.5371,21.951,77.439,28.415,3,42
-1.1563,-0.4497,-0.4194,20.000,74.268,31.341,3,42
-1.4619,-0.4990,-0.2339,15.061,73.354,32.988,3,42
-1.5845,-0.5493,-0.1514,10.305,72.927,34.329,3,42
-1.5298,-0.4976,-0.0396,8.354,73.110,33.780,3,42
-3.0552,-2.6533,0.0229,-5.610,-88.720,30.122,4,42
-5.9458,-3.0835,-2.0459,-154.878,-101.768,-15.854,4,42
-9.5298,-3.1753,-2.6294,-270.366,-99.756,-70.915,4,42
-11.2603,-3.7261,-3.0117,-280.305,-112.012,-80.061,4,42
-11.7891,-3.2930,-1.7300,-132.683,-75.427,-35.854,4,42
-9.3120,-2.5933,0.0322,-61.646,-65.854,66.280,4,42
-6.3018,-2.4917,2.5293,-112.500,-55.488,91.341,4,42
-4.1265,-1.9824,3.1328,-164.878,-51.890,62.317,4,42
-0.6567,-0.1753,-0.5688,43.780,55.549,10.793,3,42
-0.5796,-0.2534,-0.6338,48.110,50.915,9.878,3,42
-0.5557,-0.2705,-0.6675,49.634,46.951,8.659,3,42
-0.5366,-0.2456,-0.7188,48.720,42.439,7.256,3,42
-0.4741,-0.1675,-0.8223,47.439,37.195,6.220,3,42
-0.4517,-0.0581,-0.9136,46.341,30.793,5.122,3,42
-0.4849,0.0352,-0.9556,43.841,24.329,3.841,3,42
-0.5391,0.0947,-0.9634,42.012,18.598,2.439,3,42
-4.3335,-0.2280,2.1284,3.171,114.512,9.756,4,42
-3.8403,-1.1460,2.1353,5.732,140.793,53.293,4,42
-3.6455,-1.8530,2.2075,6.951,157.256,67.134,4,42
-3.8423,-2.1338,2.4297,-1.098,163.476,53.902,4,42
-4.3804,-2.4023,2.5342,-27.683,162.988,26.768,4,42
-5.0767,-2.6157,2.5542,-54.085,157.195,1.463,4,42
-5.8301,-2.7617,2.5166,-59.817,149.756,-25.305,4,42
-6.2329,-2.7827,2.4897,-57.500,139.207,-50.427,4,42
-0.8750,-0.0381,-0.7144,40.000,-34.451,-9.695,3,42
-0.8315,-0.0552,-0.7202,39.939,-39.756,-12.012,3,42
-0.7983,-0.0659,-0.7241,40.427,-45.000,-13.415,3,42
-0.7876,-0.0586,-0.7065,39.146,-49.878,-15.061,3,42
-0.8047,-0.0610,-0.6743,36.341,-55.671,-16.341,3,42
-0.8379,-0.0688,-0.6538,31.951,-60.793,-16.890,3,42
-0.8574,-0.0776,-0.6138,28.232,-65.610,-17.805,3,42
-0.8799,-0.0786,-0.5752,24.573,-69.329,-17.683,3,42
-1.7876,-1.1680,5.0190,-181.646,38.780,-15.549,4,42
-1.7017,-0.8989,4.1099,-187.927,31.402,-11.037,4,42
-1.8159,-0.8232,2.8208,-201.890,38.902,1.768,4,42
-2.0825,-0.9648,1.5186,-226.585,58.720,12.927,4,42
-2.2207,-1.2998,0.5664,-257.073,81.585,10.671,4,42
-1.8101,-1.5776,0.2437,-271.280,98.598,-9.451,4,42
-0.5537,-1.5117,0.3359,-262.866,116.280,-47.622,4,42
-0.8770,-1.2207,0.4468,-225.122,121.280,-82.927,4,42
-0.9497,-0.2124,-0.3560,-0.854,-88.659,-16.341,3,42
-0.9702,-0.2534,-0.3340,-2.622,-89.268,-16.220,3,42
-0.9878,-0.2925,-0.3237,-4.024,-89.329,-16.280,3,42
-0.9937,-0.3394,-0.3032,-5.549,-89.329,-15.793,3,42
-1.0068,-0.3770,-0.2881,-6.768,-89.390,-15.122,3,42
-1.0127,-0.4272,-0.2759,-7.012,-89.390,-14.817,3,42
-1.0063,-0.4639,-0.2725,-7.500,-89.451,-13.963,3,42
-0.9941,-0.4766,-0.2568,-7.744,-89.085,-13.293,3,42
-0.9741,-0.4868,-0.2305,-9.024,-89.085,-13.049,3,42
-0.9517,-0.4834,-0.2109,-10.488,-88.902,-12.561,3,42
-0.9434,-0.4639,-0.1953,-12.500,-88.659,-11.951,3,42
-0.9355,-0.4263,-0.1802,-14.146,-88.354,-11.220,3,42
-0.9385,-0.3643,-0.1660,-16.463,-88.232,-10.549,3,42
-0.9512,-0.3047,-0.1587,-19.146,-87.134,-9.878,3,42
-0.9575,-0.2739,-0.1660,-21.402,-85.671,-9.146,3,42
-0.9590,-0.2573,-0.1670,-23.598,-83.720,-8.598,3,42
-0.0752,2.2051,-0.3936,4.573,-83.963,-47.561,4,42
-0.1699,1.7075,-0.0054,36.341,-76.220,-72.805,4,42
-0.3867,1.1948,0.5825,44.634,-92.927,-101.524,4,42
-0.4937,0.7544,1.2192,25.793,-125.183,-132.927,4,42
-0.5430,0.3833,1.7915,-18.232,-165.366,-161.646,4,42
-0.6099,0.0908,2.2930,-78.415,-209.146,-184.085,4,42
-0.5879,-0.1841,2.8159,-145.671,-255.610,-203.171,4,42
-0.6631,-0.3071,3.0254,-197.866,-291.280,-212.622,4,42
-1.0122,-0.5117,-0.0400,-22.988,-64.207,-8.902,3,42
-1.0137,-0.5352,-0.0566,-21.829,-63.780,-9.024,3,42
-1.0142,-0.5679,-0.0586,-19.390,-62.317,-9.939,3,42
-1.0039,-0.6240,-0.0781,-14.878,-61.037,-10.793,3,42
-0.9922,-0.6450,-0.0977,-13.232,-59.939,-11.829,3,42
-0.9814,-0.6606,-0.0986,-13.537,-59.024,-13.049,3,42
-0.9795,-0.6719,-0.0801,-15.976,-58.171,-14.207,3,42
-0.9600,-0.6987,-0.0723,-19.817,-57.439,-15.183,3,42
-1.4429,0.2734,2.3018,-229.329,-326.890,-155.244,4,42
-1.3945,0.3457,2.2651,-205.610,-319.756,-187.134,4,42
-1.2539,0.3887,2.1982,-179.451,-317.500,-224.573,4,42
-1.0972,0.4941,2.1699,-153.476,-322.256,-260.427,4,42
-0.9458,0.5684,2.1606,-129.573,-333.720,-286.585,4,42
-0.8135,0.6758,2.1265,-107.012,-354.390,-302.683,4,42
-0.7192,0.7847,2.0635,-89.878,-379.756,-306.463,4,42
-0.7056,0.8945,1.9917,-77.012,-408.720,-301.037,4,42
-0.7163,0.9854,1.8848,-67.500,-439.695,-289.390,4,42
-0.7744,1.1162,1.7607,-63.841,-468.780,-272.622,4,42
-0.9189,1.1426,1.6313,-63.537,-494.939,-253.720,4,42
-1.1064,1.0952,1.4834,-64.146,-516.220,-235.488,4,42
-1.3809,0.8760,1.3291,-58.598,-533.049,-224.573,4,42
-1.6729,0.7236,1.2129,-46.890,-546.159,-223.293,4,42
-1.9312,0.6836,1.1265,-37.195,-555.671,-225.854,4,42
-2.1919,0.7144,1.0459,-29.817,-561.585,-225.915,4,42
-2.3584,0.7695,0.9536,-24.573,-563.415,-223.841,4,42
-2.3579,0.8516,0.8716,-20.549,-561.951,-220.976,4,42
-2.8193,0.9702,0.7417,-21.159,-561.646,-214.573,4,42
-2.6636,0.9678,0.6733,-24.756,-556.037,-205.183,4,42
-2.8115,1.1611,0.5469,-32.805,-549.390,-196.098,4,42
-3.0156,1.3384,0.4302,-47.683,-541.951,-186.951,4,42
-3.2983,1.5562,0.3296,-73.110,-534.939,-177.683,4,42
-3.8052,1.9575,0.2061,-113.537,-530.183,-172.683,4,42
-4.6294,2.6016,0.1211,-180.061,-523.415,-180.488,4,42
-5.4927,3.2705,0.1528,-269.512,-506.037,-205.854,4,42
-6.0190,3.6665,0.1831,-351.037,-479.085,-237.744,4,42
-6.1704,3.8789,0.0625,-401.707,-454.390,-257.988,4,42
-5.8564,3.8154,-0.1201,-416.951,-440.915,-283.476,4,42
-5.4419,3.5347,-0.3320,-397.866,-436.646,-287.805,4,42
-4.9175,3.2637,-0.4868,-347.622,-443.720,-285.061,4,42
-4.8423,1.4243,-1.7983,-322.500,-430.244,-315.305,4,42
-5.9800,-0.5542,-3.6323,-44.512,-425.305,-459.390,4,42
-6.7710,-4.2427,-8.4956,207.378,-523.415,-496.220,4,42
-11.4390,-4.7617,-15.4604,390.122,-433.720,-491.098,4,42
-16.0000,-5.8179,-15.9897,597.012,-298.598,-556.463,4,42
-8.6934,-8.9990,-16.0000,487.988,-179.085,-680.366,4,42
-1.9531,-9.6191,-8.9316,-59.329,-33.841,-553.232,4,42
1.6606,-0.7949,-3.2114,-512.317,-89.390,-250.122,4,42
3.8223,5.4873,-6.6831,-702.073,-210.976,8.537,4,42
-0.9707,-0.3599,-0.1001,-19.146,-15.366,22.012,3,42
-0.9873,-0.3740,-0.0825,-26.220,-14.756,22.256,3,42
-1.0186,-0.3203,-0.0605,-33.476,-16.890,20.427,3,42
-1.0068,-0.2588,-0.1118,-44.329,-18.720,17.073,3,42
-0.9116,-0.2285,-0.2393,-51.402,-18.232,15.000,3,42
-0.7988,-0.1743,-0.3438,-50.793,-16.646,15.915,3,42
-0.7803,-0.0532,-0.3042,-44.939,-15.549,17.683,3,42
-0.8853,0.1143,-0.1499,-39.634,-17.073,17.561,3,42
-1.0415,0.2583,-0.0093,-40.732,-19.146,13.963,3,42
-1.1782,0.2915,0.0093,-45.854,-20.305,8.049,3,42
-1.2251,0.1943,-0.0693,-48.902,-19.939,3.659,3,42
-1.1953,0.0317,-0.1787,-46.768,-18.841,2.012,3,42
-1.1147,-0.0815,-0.2744,-39.390,-19.146,1.463,3,42
-1.0195,-0.1030,-0.3076,-30.549,-20.488,2.439,3,42
-0.9644,-0.0527,-0.3115,-23.354,-21.951,2.378,3,42
-0.9453,0.0205,-0.3115,-18.963,-23.659,1.341,3,42
-0.9546,0.0830,-0.3071,-15.305,-26.341,-0.366,3,42
-0.9551,0.0908,-0.2969,-13.415,-28.049,-1.220,3,42
-0.9722,0.0845,-0.2817,-12.683,-29.329,-1.280,3,42
-0.9893,0.0806,-0.2461,-14.146,-30.793,-1.768,3,42
-1.0151,0.0679,-0.2046,-17.195,-31.890,-2.866,3,42
-1.0225,0.0293,-0.1948,-19.451,-32.195,-4.085,3,42
-1.0161,-0.0156,-0.1895,-19.695,-32.622,-4.451,3,42
-0.9976,-0.0732,-0.1895,-18.110,-32.439,-4.451,3,42
-1.8584,0.9229,-2.5845,143.841,189.695,30.183,4,42
-0.6558,1.1948,-2.8413,209.329,212.134,32.500,4,42
-1.1460,1.2861,-2.9658,291.280,217.195,32.622,4,42
-1.2437,1.5698,-2.6255,324.939,226.585,57.683,4,42
-1.1113,1.7803,-2.4199,321.463,238.841,80.183,4,42
-1.1230,1.9165,-2.1299,307.439,246.646,89.512,4,42
-1.2129,2.1318,-1.8887,293.049,251.098,82.622,4,42
-1.2974,2.3452,-1.7725,275.000,254.817,61.829,4,42
-1.3696,2.4531,-1.7534,260.183,258.902,38.232,4,42
-1.4648,2.4395,-1.7798,253.963,265.915,22.073,4,42
-1.5322,2.2559,-1.7676,254.512,277.622,16.037,4,42
-1.5273,1.9673,-1.7764,258.049,293.841,20.244,4,42
-1.4648,1.6440,-1.8335,264.756,309.939,31.280,4,42
-1.3584,1.3447,-1.9355,273.476,320.122,46.768,4,42
-1.2505,1.1040,-2.0151,283.293,319.634,64.634,4,42
-1.1714,0.9453,-2.0361,288.720,309.451,82.866,4,42
-1.1533,0.8076,-1.8779,281.037,279.390,105.549,4,42
-1.1909,0.7407,-1.7158,265.793,256.646,117.439,4,42
-1.2344,0.6997,-1.6357,256.585,247.500,122.866,4,42
-1.4380,0.5957,-1.4014,228.049,231.951,138.110,4,42
-1.5195,0.5605,-1.3345,217.500,230.488,142.866,4,42
-1.7852,0.4766,-1.1978,181.037,231.585,153.354,4,42
-1.9150,0.4297,-1.1479,154.085,231.159,157.439,4,42
-2.0093,0.4048,-1.1401,126.585,229.817,159.695,4,42
-2.0625,0.4199,-1.1519,103.780,227.744,160.732,4,42
-2.0874,0.4619,-1.1675,88.780,226.402,159.085,4,42
-2.0771,0.5376,-1.1973,83.963,227.012,155.793,4,42
-2.0601,0.6362,-1.2305,88.537,231.220,152.195,4,42
-2.0684,0.7446,-1.2207,98.171,238.049,149.451,4,42
-2.0889,0.8491,-1.2231,110.366,246.890,148.476,4,42
-2.1318,0.9268,-1.2275,123.476,257.195,149.085,4,42
-2.1943,0.9434,-1.2163,136.829,268.963,150.366,4,42
-2.2720,0.9160,-1.1973,150.854,282.622,152.744,4,42
-2.3530,0.8579,-1.1821,164.207,297.073,154.085,4,42
-2.4238,0.7676,-1.1538,176.524,312.134,155.000,4,42
-2.4819,0.6670,-1.1108,184.329,325.793,154.695,4,42
-2.5156,0.5645,-1.0649,187.744,337.012,153.902,4,42
-2.5303,0.4727,-0.9854,187.561,344.329,153.171,4,42
-2.5244,0.3950,-0.8945,184.573,347.256,152.317,4,42
-2.5229,0.3384,-0.7954,177.988,347.256,150.732,4,42
-2.5225,0.2900,-0.7056,167.561,343.963,149.512,4,42
-2.5396,0.2813,-0.6504,158.293,340.244,147.317,4,42
-2.5244,0.2695,-0.6328,150.305,336.707,145.061,4,42
-2.4814,0.3062,-0.6187,143.476,332.683,144.146,4,42
-2.4683,0.3618,-0.6113,138.902,328.841,144.146,4,42
-2.4556,0.4102,-0.5698,137.012,326.829,144.878,4,42
-2.4058,0.4565,-0.5444,134.756,326.159,146.463,4,42
-2.3618,0.4883,-0.5068,134.207,326.037,149.207,4,42
-2.3481,0.4971,-0.4482,134.024,326.463,150.793,4,42
-2.3281,0.4824,-0.3921,134.146,327.683,150.610,4,42
-2.3125,0.4067,-0.3691,133.171,325.427,150.366,4,42
-2.3433,0.4302,-0.2876,134.024,328.476,149.573,4,42
-2.3545,0.3755,-0.2383,127.744,328.841,146.646,4,42
-2.3853,0.3389,-0.2139,120.488,330.000,144.146,4,42
-2.4209,0.3018,-0.1743,112.500,331.341,140.793,4,42
-2.4648,0.2715,-0.1265,106.402,331.829,138.171,4,42
-2.3286,0.3452,0.6084,102.500,312.073,129.695,4,42
-2.2344,0.4043,0.6753,93.171,317.195,126.707,4,42
-2.2280,0.4175,0.7559,81.280,322.256,122.439,4,42
-2.3770,0.4043,0.8618,74.207,318.780,122.622,4,42
-2.4438,0.3794,0.9897,71.524,303.780,127.195,4,42
-2.5083,0.3418,0.8936,52.439,293.902,128.598,4,42
-2.4678,0.6963,1.0840,17.439,296.402,125.061,4,42
-2.2075,1.0298,1.1763,-34.390,285.000,132.317,4,42
-0.9321,-0.5444,0.0000,-44.817,144.817,13.598,3,42
-0.8521,-0.5215,-0.1309,-40.305,142.744,16.707,3,42
-0.8140,-0.4800,-0.2598,-40.854,141.463,18.476,3,42
-0.7754,-0.4731,-0.3877,-42.622,139.817,18.841,3,42
-0.7441,-0.4722,-0.5269,-44.024,140.305,19.085,3,42
-0.7202,-0.4927,-0.6509,-36.402,137.927,16.951,3,42
-0.7002,-0.4717,-0.6860,-30.305,134.573,17.317,3,42
-0.6538,-0.4707,-0.7402,-23.415,131.768,17.378,3,42
-0.6294,-0.4141,-0.7085,-21.341,129.207,17.927,3,42
-0.5894,-0.3911,-0.6274,-21.098,126.524,20.244,3,42
-0.4966,-0.3799,-0.6060,-17.744,122.500,24.024,3,42
-0.5151,-0.3975,-0.6699,-14.573,118.232,27.256,3,42
-0.6221,-0.4595,-0.6885,-11.585,113.293,27.195,3,42
-0.7227,-0.4902,-0.6719,-7.317,109.634,26.829,3,42
-0.7827,-0.4658,-0.6660,-4.390,105.915,27.317,3,42
-0.8354,-0.5420,-0.5967,-4.756,98.841,27.622,3,42
-0.8877,-0.5693,-0.5190,-3.537,94.573,27.500,3,42
-0.9023,-0.5322,-0.4600,-2.256,89.451,27.683,3,42
-0.8931,-0.4233,-0.4565,-2.195,84.329,29.146,3,42
-0.8770,-0.2671,-0.4961,-2.866,79.329,30.793,3,42
-0.8560,-0.0981,-0.5459,-4.329,74.756,32.195,3,42
-0.8525,0.0166,-0.5918,-5.915,70.305,32.805,3,42
-0.8237,0.0620,-0.6123,-5.915,65.488,32.012,3,42
-0.7783,0.0547,-0.6367,-3.232,61.768,30.122,3,42
-0.7319,0.0576,-0.5942,0.122,57.378,27.622,3,42
-0.6772,0.0732,-0.6074,3.293,53.110,24.390,3,42
-0.7368,0.0908,-0.7002,5.732,49.207,21.768,3,42
-0.8389,0.1045,-0.6567,9.207,47.317,20.244,3,42
-0.8809,0.0972,-0.5376,10.244,45.549,18.232,3,42
-0.8613,0.0376,-0.4771,13.232,42.500,15.244,3,42
-0.8477,-0.0327,-0.4712,16.037,38.476,12.988,3,42
-0.8652,-0.0747,-0.4990,17.012,35.061,10.671,3,42
-0.8730,-0.0586,-0.5269,17.134,32.256,7.317,3,42
-0.8433,-0.0215,-0.5728,16.890,29.451,2.622,3,42
-0.8042,0.0537,-0.6045,16.220,26.037,-1.707,3,42
-0.7891,0.1299,-0.6313,13.780,21.707,-4.634,3,42
-0.8120,0.1533,-0.6465,11.463,16.402,-7.073,3,42
-0.8457,0.1440,-0.6484,9.512,11.707,-9.451,3,42
-0.8936,0.1260,-0.5977,6.524,6.159,-11.951,3,42
-0.9336,0.0903,-0.5522,2.073,1.402,-13.476,3,42
-0.9399,0.0684,-0.5317,-0.610,-3.720,-15.000,3,42
-0.9126,0.0273,-0.5708,-1.646,-8.963,-16.768,3,42
-0.8647,-0.0117,-0.6416,-0.671,-14.085,-18.841,3,42
-0.8262,-0.1001,-0.7168,2.256,-19.817,-21.280,3,42
-0.7871,-0.2051,-0.7515,6.098,-26.280,-23.963,3,42
-0.7466,-0.2705,-0.7617,9.146,-32.683,-26.159,3,42
-0.6860,-0.3213,-0.7915,12.500,-43.659,-27.927,3,42
-0.6709,-0.2749,-0.7954,12.866,-50.915,-29.268,3,42
-0.6738,-0.1938,-0.8062,12.195,-57.317,-30.427,3,42
-0.6841,-0.0952,-0.7803,10.854,-63.354,-30.976,3,42
-0.7114,-0.0415,-0.7383,7.805,-68.659,-32.073,3,42
-0.7378,-0.0239,-0.6958,5.305,-72.927,-32.561,3,42
-0.7764,-0.0327,-0.6265,2.866,-77.012,-33.049,3,42
-0.8252,-0.0400,-0.5562,1.159,-80.061,-33.537,3,42
-0.8560,-0.0713,-0.4858,-1.890,-82.683,-33.049,3,42
-0.9053,-0.1011,-0.3955,-5.732,-84.085,-32.744,3,42
-0.9487,-0.1406,-0.3306,-10.122,-84.695,-32.439,3,42
-0.9780,-0.1836,-0.2524,-14.695,-85.244,-32.012,3,42
-1.0000,-0.2163,-0.2080,-19.634,-85.122,-31.707,3,42
-1.0190,-0.2383,-0.1782,-24.146,-85.366,-31.463,3,42
-1.0293,-0.2407,-0.1636,-28.415,-85.671,-30.854,3,42
-1.0244,-0.2471,-0.1758,-31.768,-86.159,-30.549,3,42
-1.0132,-0.2651,-0.2041,-34.390,-87.012,-30.366,3,42
-0.9824,-0.3062,-0.2271,-36.280,-88.354,-29.634,3,42
-0.9604,-0.3730,-0.2666,-36.646,-88.659,-29.634,3,42
-0.9272,-0.4531,-0.2915,-35.732,-89.390,-29.756,3,42
-0.9102,-0.5225,-0.2959,-32.988,-89.573,-29.756,3,42
-0.8823,-0.5718,-0.3120,-30.122,-90.000,-29.207,3,42
-0.8516,-0.5928,-0.3193,-27.805,-90.732,-28.293,3,42
-0.8286,-0.5806,-0.3335,-26.220,-91.037,-27.439,3,42
-0.8145,-0.5693,-0.3359,-25.488,-91.585,-25.976,3,42
-0.8115,-0.5342,-0.3130,-25.305,-91.280,-24.207,3,42
0.4141,1.7471,1.5342,-173.902,-201.890,-57.012,4,42
0.2021,2.5186,1.1016,-154.634,-190.000,-69.634,4,42
-0.1699,3.0840,0.8560,-132.317,-161.646,-81.768,4,42
-0.9727,3.1992,0.6816,-112.439,-125.244,-99.024,4,42
-1.4155,2.7686,0.7734,-86.280,-111.341,-116.951,4,42
-1.7471,2.2256,1.1797,-66.768,-124.390,-123.049,4,42
-1.7378,1.4912,1.6543,-62.988,-148.902,-140.305,4,42
-1.5811,0.9248,2.2183,-79.146,-178.659,-170.732,4,42
-0.9326,-0.3516,-0.1694,-26.951,-87.805,-4.817,3,42
-0.9517,-0.3643,-0.1299,-23.780,-86.220,-4.390,3,42
-0.9673,-0.3613,-0.0889,-20.000,-84.634,-3.720,3,42
-0.9980,-0.3579,-0.0444,-17.073,-83.171,-3.598,3,42
-1.0171,-0.3433,0.0010,-14.085,-81.463,-4.024,3,42
-1.0352,-0.3184,0.0161,-11.707,-79.634,-4.756,3,42
-1.0474,-0.2876,0.0234,-9.268,-77.866,-5.427,3,42
-1.0688,-0.2661,0.0483,-7.256,-75.976,-6.341,3,42
-1.0273,0.3140,3.0791,-129.451,-323.354,-208.780,4,42
-1.0913,0.3750,3.0000,-119.512,-344.329,-205.305,4,42
-1.1611,0.4253,2.8599,-108.841,-369.756,-203.293,4,42
-1.2124,0.4521,2.6675,-99.329,-396.280,-202.866,4,42
-1.2490,0.4810,2.4468,-92.134,-421.098,-203.598,4,42
-1.2964,0.4888,2.2124,-87.805,-441.524,-204.634,4,42
-1.3315,0.4937,1.9824,-86.768,-457.866,-206.463,4,42
-1.3789,0.5190,1.7778,-88.171,-470.549,-207.988,4,42
-2.6323,0.8042,0.8633,-123.110,-558.902,-214.268,4,42
-2.8052,0.9019,0.8486,-123.049,-565.000,-221.159,4,42
-3.1343,1.0283,0.7627,-122.439,-568.780,-228.537,4,42
-3.5059,1.2002,0.6353,-122.378,-568.963,-234.878,4,42
-3.8438,1.5586,0.4131,-129.085,-562.317,-239.085,4,42
-4.0620,2.0859,0.0078,-164.451,-534.268,-243.171,4,42
-4.5630,2.4966,-0.3311,-205.244,-499.512,-254.939,4,42
-5.1040,2.8994,-0.4727,-233.720,-486.951,-286.098,4,42
-1.0098,-0.3447,-0.0996,-40.549,-28.232,-6.829,3,42
-1.0127,-0.3569,-0.0850,-40.854,-27.439,-6.707,3,42
-1.0161,-0.3696,-0.0806,-42.317,-27.439,-6.646,3,42
-1.0142,-0.3774,-0.0728,-43.659,-27.134,-6.463,3,42
-1.0244,-0.3843,-0.0581,-44.207,-27.317,-6.220,3,42
-1.0239,-0.3921,-0.0547,-44.817,-27.500,-5.732,3,42
-1.0225,-0.3916,-0.0615,-45.671,-27.805,-5.305,3,42
-1.0210,-0.3833,-0.0723,-47.439,-27.561,-5.000,3,42
-14.6235,-8.5474,-13.6831,638.598,-402.805,-210.183,4,42
-15.9824,-13.4224,-16.0000,102.378,-400.061,-318.110,4,42
-7.9150,-5.7329,-12.3428,-635.549,-50.427,-202.561,4,42
5.2642,5.4937,-9.9727,-1105.122,80.183,-58.902,4,42
8.8628,9.6704,-13.2920,-886.159,84.817,-48.476,4,42
6.8984,12.6279,-13.6182,-271.707,-47.317,33.110,4,42
3.9912,12.7441,-14.2256,-290.305,-224.512,136.341,4,42
2.3623,10.8623,-11.8486,-411.646,-246.220,137.195,4,42
-0.4292,7.2500,-8.1274,-387.927,-190.366,126.098,4,42
-1.2183,5.4976,-6.6904,-378.415,-193.293,140.732,4,42
-1.3960,4.7280,-6.0610,-361.707,-192.927,146.890,4,42
-1.9072,3.6685,-5.0347,-287.195,-154.207,174.573,4,42
-2.0093,3.6372,-4.6421,-280.671,-135.000,181.463,4,42
-1.7573,5.1499,-4.9658,-392.988,-58.354,215.244,4,42
-2.8516,4.7251,-7.5723,-1037.622,211.768,444.512,4,42
-2.6333,2.9048,-7.4346,-986.341,166.098,501.037,4,42
-1.0630,-0.2407,-0.0288,-94.878,-26.402,5.976,3,42
-1.0308,-0.2627,-0.0967,-88.598,-25.366,6.098,3,42
-0.9697,-0.2437,-0.1870,-71.829,-23.659,7.683,3,42
-0.9077,-0.0776,-0.2349,-45.976,-21.707,9.756,3,42
-0.9194,0.0903,-0.2178,-33.110,-21.280,11.220,3,42
-0.9492,0.2329,-0.1943,-25.976,-21.646,11.768,3,42
-0.9868,0.3130,-0.1655,-21.829,-22.012,11.951,3,42
-1.0181,0.3301,-0.1855,-20.061,-22.805,11.829,3,42
-1.1226,2.5439,-3.3652,-207.683,72.744,86.402,4,42
-1.2612,2.2744,-4.0205,-15.305,179.756,99.512,4,42
-1.8169,1.9482,-3.3394,184.817,244.695,120.061,4,42
-0.7070,2.0903,-2.7939,303.476,248.659,141.646,4,42
-1.1504,2.0762,-2.2510,420.671,237.927,138.537,4,42
-0.8066,2.1836,-1.3555,467.439,208.293,149.085,4,42
-0.4189,2.4375,-1.1704,489.024,192.134,159.817,4,42
-0.0283,2.7144,-0.9795,498.902,183.354,160.549,4,42
0.1582,2.9028,-0.8525,491.951,178.780,150.305,4,42
0.2026,3.0654,-0.8550,469.695,174.939,130.244,4,42
0.0796,3.2256,-0.8857,430.610,169.390,101.159,4,42
-0.1528,3.3818,-0.9824,376.951,163.476,66.341,4,42
-0.4932,3.4834,-1.0972,321.646,156.768,30.244,4,42
-0.7939,3.4727,-1.1875,278.476,150.610,-1.220,4,42
-0.9932,3.3462,-1.2349,253.659,150.244,-21.402,4,42
-1.0723,3.1133,-1.2949,253.232,159.390,-28.415,4,42
-0.9971,0.0166,-0.1201,20.915,-30.427,-6.037,3,42
-1.0020,0.0225,-0.1294,21.707,-30.183,-6.524,3,42
-0.9971,0.0313,-0.1313,21.585,-30.122,-6.951,3,42
-1.0015,0.0283,-0.1318,20.183,-30.549,-7.012,3,42
-1.0044,0.0132,-0.1211,16.585,-31.341,-7.317,3,42
-1.0122,-0.0156,-0.1147,12.195,-32.439,-7.744,3,42
-1.0107,-0.0513,-0.1157,7.073,-33.232,-8.354,3,42
-1.0127,-0.0923,-0.1196,2.317,-33.659,-9.390,3,42
-0.7856,0.4165,-0.6216,503.537,262.134,159.024,4,42
-0.7778,0.3086,-0.5884,475.488,226.951,166.524,4,42
-0.8208,0.2144,-0.6406,451.220,198.049,170.549,4,42
-0.9219,0.1597,-0.7349,430.610,180.366,171.524,4,42
-1.0728,0.1396,-0.7803,410.122,173.049,172.317,4,42
-1.2271,0.1147,-0.7842,388.659,175.122,175.549,4,42
-1.4048,0.0845,-0.7319,367.012,181.463,181.585,4,42
-1.5830,0.0220,-0.6587,343.841,189.695,189.268,4,42
-1.1045,-0.2471,0.1919,-21.890,2.927,5.915,3,42
-1.1123,-0.2607,0.1938,-20.976,5.488,6.585,3,42
-1.1191,-0.2603,0.1851,-20.488,8.293,7.134,3,42
-1.1177,-0.2681,0.1821,-19.512,10.793,7.622,3,42
-1.1187,-0.2661,0.1729,-18.415,13.598,8.415,3,42
-1.1240,-0.2637,0.1621,-16.037,17.012,9.268,3,42
-1.1211,-0.2588,0.1455,-13.171,20.305,9.817,3,42
-1.1182,-0.2471,0.1167,-10.183,23.415,10.549,3,42
-2.1792,0.0776,-0.5908,150.793,248.232,137.927,4,42
-2.1431,0.0854,-0.6270,152.012,254.146,137.439,4,42
-2.0815,0.0972,-0.6333,152.378,258.598,137.134,4,42
-2.0156,0.1055,-0.6279,151.707,260.732,136.951,4,42
-1.9639,0.1221,-0.5820,148.598,261.341,136.768,4,42
-1.9170,0.1274,-0.5576,141.707,259.756,136.280,4,42
-1.8838,0.1255,-0.5186,133.354,256.890,135.976,4,42
-1.8799,0.1250,-0.4741,124.207,254.085,135.061,4,42
-1.8877,0.1235,-0.4429,114.451,251.037,134.329,4,42
-1.9097,0.1318,-0.4121,106.463,249.085,134.085,4,42
-1.9360,0.1440,-0.3735,98.780,248.354,133.720,4,42
-1.9722,0.1611,-0.3247,91.768,248.171,133.415,4,42
-2.0127,0.1719,-0.2710,86.098,247.683,132.012,4,42
-2.0469,0.1909,-0.1948,82.134,246.402,130.732,4,42
-2.0718,0.2021,-0.1108,79.878,242.744,128.232,4,42
-2.0967,0.1660,-0.0952,80.915,236.585,125.549,4,42
-2.0830,0.2417,0.1133,82.683,226.829,122.622,4,42
-2.1304,0.2437,0.1211,82.683,213.780,119.024,4,42
-2.1382,0.2017,0.2642,81.159,203.171,115.732,4,42
-2.1396,0.2090,0.3760,87.073,194.085,114.329,4,42
-2.1699,0.2422,0.4668,90.122,185.000,113.110,4,42
-2.1880,0.2666,0.5430,92.012,176.524,112.256,4,42
-2.1958,0.3022,0.6045,94.085,168.902,112.317,4,42
-2.1919,0.3569,0.6323,94.695,163.537,113.110,4,42
-1.1421,-0.3672,0.1411,31.951,91.098,11.098,3,42
-1.1436,-0.3979,0.1758,31.463,94.512,11.098,3,42
-1.1621,-0.4009,0.2266,32.439,98.049,11.220,3,42
-1.1426,-0.3999,0.2622,34.573,101.220,11.341,3,42
-1.1196,-0.3647,0.3081,37.378,104.329,12.195,3,42
-1.0757,-0.3208,0.2886,40.305,107.683,12.988,3,42
-1.0376,-0.2900,0.2207,42.805,111.585,13.720,3,42
-1.0210,-0.2534,0.1650,44.939,115.915,14.634,3,42
-1.0386,-0.2212,0.1333,45.183,121.768,15.427,3,42
-1.0688,-0.2129,0.1553,44.390,125.000,14.817,3,42
-1.1006,-0.2041,0.2002,42.683,127.622,14.634,3,42
-1.0957,-0.2041,0.2446,41.402,130.488,14.512,3,42
-1.0708,-0.1997,0.2764,40.488,132.683,14.512,3,42
-1.0342,-0.1987,0.2549,40.915,134.512,15.427,3,42
-0.9971,-0.1934,0.1689,43.110,135.305,16.707,3,42
-0.9434,-0.2095,0.0469,46.951,135.915,17.439,3,42
-0.8911,-0.2246,-0.1221,52.317,137.378,17.012,3,42
-0.8594,-0.2554,-0.2925,56.707,137.622,15.366,3,42
-0.8159,-0.3384,-0.4253,61.768,137.500,12.134,3,42
-0.8228,-0.4038,-0.5151,64.756,136.951,8.293,3,42
-0.8750,-0.4531,-0.5239,64.329,133.780,5.610,3,42
-0.8296,-0.4419,-0.5088,60.366,128.841,5.183,3,42
-0.6851,-0.3779,-0.5791,54.939,123.780,7.012,3,42
-0.6016,-0.3247,-0.7593,47.622,117.622,9.878,3,42
-0.6191,-0.3359,-0.9053,39.451,111.402,11.951,3,42
-0.6860,-0.3740,-0.9297,31.829,106.890,13.171,3,42
-0.7051,-0.3979,-0.8496,25.000,102.256,13.963,3,42
-0.6743,-0.4092,-0.7524,19.512,96.402,14.573,3,42
-0.6758,-0.4351,-0.6294,15.122,90.915,15.427,3,42
-0.7275,-0.4785,-0.5156,13.963,85.488,17.012,3,42
-0.8179,-0.4771,-0.3774,14.878,81.280,18.537,3,42
-0.8525,-0.4282,-0.2778,14.878,77.317,19.756,3,42
-0.8564,-0.3579,-0.2202,15.061,73.720,20.854,3,42
-0.8452,-0.2900,-0.2656,15.854,70.122,20.854,3,42
-0.8545,-0.2300,-0.3594,18.415,67.744,19.451,3,42
-0.8472,-0.1411,-0.4580,21.707,64.695,17.622,3,42
-0.8286,-0.0366,-0.5708,23.598,61.159,15.549,3,42
-0.7773,0.0547,-0.6929,26.098,56.463,13.598,3,42
-0.7339,0.1167,-0.8101,28.110,52.012,11.037,3,42
-0.7021,0.1367,-0.9165,30.793,46.585,8.659,3,42
-0.6582,0.1128,-0.9961,32.195,36.951,5.732,3,42
-0.6328,0.0645,-1.0459,31.707,29.451,4.268,3,42
-0.6357,-0.0176,-1.0244,28.354,22.012,3.598,3,42
-0.6309,-0.1416,-0.9648,23.293,14.146,2.378,3,42
-0.6333,-0.2437,-0.8735,17.256,6.098,0.610,3,42
-0.6743,-0.2847,-0.7642,9.268,-2.073,-0.366,3,42
-0.7539,-0.2754,-0.6763,1.829,-10.000,-0.732,3,42
-0.8423,-0.2241,-0.5815,-4.878,-16.402,-0.793,3,42
-0.9106,-0.1558,-0.5269,-10.671,-22.012,-1.341,3,42
-0.9424,-0.0737,-0.4883,-13.963,-27.439,-2.683,3,42
-0.9282,-0.0029,-0.5083,-15.610,-32.134,-4.634,3,42
-0.8979,0.0542,-0.5547,-14.817,-36.951,-6.890,3,42
-0.8721,0.0767,-0.6118,-13.476,-41.646,-9.268,3,42
-0.8584,0.0889,-0.6646,-11.220,-46.402,-11.646,3,42
-0.8477,0.0757,-0.6924,-10.183,-51.646,-13.841,3,42
-0.8423,0.0542,-0.6904,-9.085,-56.890,-15.854,3,42
-0.8350,0.0166,-0.6611,-8.598,-62.683,-18.476,3,42
-0.8311,-0.0205,-0.6279,-8.354,-68.171,-20.244,3,42
-0.8184,-0.0537,-0.6147,-8.232,-73.293,-21.890,3,42
-0.8037,-0.0840,-0.5913,-6.951,-78.232,-23.598,3,42
-0.8081,-0.1133,-0.5991,-6.524,-82.744,-24.817,3,42
-0.8081,-0.1113,-0.5903,-7.073,-86.585,-26.585,3,42
-0.8179,-0.1006,-0.5884,-8.232,-89.451,-27.683,3,42
-0.8262,-0.0757,-0.5615,-10.183,-92.439,-28.171,3,42
-0.8491,-0.0698,-0.5356,-12.988,-94.573,-28.476,3,42
-0.8667,-0.0605,-0.4902,-16.585,-96.951,-28.415,3,42
-0.8740,-0.0698,-0.4321,-21.159,-98.293,-28.476,3,42
-0.8711,-0.0820,-0.4023,-26.524,-99.573,-28.049,3,42
-0.8813,-0.1074,-0.3833,-30.915,-100.305,-27.927,3,42
-0.9009,-0.1494,-0.3677,-34.756,-101.159,-28.049,3,42
-0.9185,-0.1772,-0.3496,-37.988,-101.585,-27.866,3,42
-0.9414,-0.2100,-0.2949,-41.220,-101.524,-27.866,3,42
-0.9653,-0.2168,-0.2129,-48.537,-101.829,-27.012,3,42
-0.9727,-0.2476,-0.1685,-53.293,-101.585,-26.585,3,42
-0.9751,-0.2920,-0.1333,-57.805,-100.671,-26.402,3,42
-0.9819,-0.3306,-0.1162,-60.793,-99.756,-26.220,3,42
-0.9751,-0.3711,-0.0820,-63.110,-98.963,-25.610,3,42
-0.9727,-0.3945,-0.0718,-64.451,-98.780,-25.427,3,42
-0.9624,-0.4175,-0.0396,-65.671,-97.622,-24.634,3,42
-0.9575,-0.4492,-0.0200,-66.707,-97.134,-24.085,3,42
-0.9634,-0.4741,0.0137,-67.927,-96.280,-23.354,3,42
-0.9648,-0.5122,0.0479,-67.805,-95.854,-23.049,3,42
-0.9668,-0.5542,0.0747,-67.073,-94.756,-22.256,3,42
-0.9702,-0.5801,0.0952,-65.061,-93.415,-21.768,3,42
-0.9717,-0.5859,0.1167,-60.549,-91.829,-20.427,3,42
-0.9780,-0.5884,0.1196,-56.280,-89.939,-18.537,3,42
-0.9717,-0.5874,0.0996,-50.793,-87.622,-16.220,3,42
-0.9824,-0.6006,0.0820,-45.854,-85.366,-14.451,3,42
-0.9912,-0.5908,0.0620,-41.524,-82.378,-12.561,3,42
-0.9927,-0.5801,0.0356,-37.500,-78.171,-11.585,3,42
-1.0020,-0.5566,0.0176,-34.329,-73.598,-10.061,3,42
-1.0098,-0.5073,0.0513,-30.549,-69.512,-8.354,3,42
-1.0112,-0.4727,0.0698,-27.622,-66.890,-6.280,3,42
-1.0156,-0.4614,0.1035,-24.085,-64.451,-3.598,3,42
-1.0176,-0.4614,0.1021,-19.024,-62.134,-0.793,3,42
-1.0098,-0.4727,0.1011,-12.927,-59.817,2.134,3,42
-1.0127,-0.4766,0.1030,-5.793,-57.134,4.329,3,42
-1.0103,-0.4678,0.1201,1.280,-54.390,5.915,3,42
-1.0044,-0.4448,0.1196,8.293,-51.646,6.524,3,42
-0.9897,-0.4150,0.1138,15.183,-49.390,6.524,3,42
-0.9775,-0.3955,0.0879,20.915,-47.073,6.463,3,42
-0.9644,-0.3779,0.0425,25.610,-44.451,5.976,3,42
-0.9424,-0.3672,0.0029,29.451,-42.012,6.341,3,42
-0.9453,-0.3652,-0.0278,33.780,-39.878,6.341,3,42
-1.4771,0.5127,2.3667,-200.671,-376.524,-143.780,4,42
-1.5913,0.6328,2.2202,-194.878,-376.463,-140.244,4,42
-1.7080,0.7002,2.0796,-193.780,-371.646,-141.951,4,42
-1.8047,0.7129,1.9585,-196.524,-366.280,-150.000,4,42
-1.8853,0.6836,1.8574,-198.476,-363.780,-164.695,4,42
-1.9497,0.6348,1.7783,-199.634,-366.463,-185.427,4,42
-2.0044,0.5879,1.6758,-196.829,-375.549,-209.939,4,42
-2.0112,0.5610,1.5811,-190.732,-387.561,-234.878,4,42
-2.0127,0.5391,1.4692,-182.622,-400.061,-257.195,4,42
-2.0474,0.5083,1.3638,-173.354,-412.134,-275.488,4,42
-2.1196,0.4829,1.2603,-163.841,-421.098,-289.207,4,42
-2.2368,0.4375,1.1611,-155.610,-427.561,-299.329,4,42
-2.4111,0.3809,1.0581,-148.415,-430.793,-306.402,4,42
-2.5894,0.3701,0.9702,-141.646,-431.707,-310.732,4,42
-2.6699,0.3936,0.8711,-135.305,-433.171,-316.280,4,42
-2.8730,0.3252,0.8374,-129.451,-436.220,-319.939,4,42
-1.0815,-0.2700,0.0337,33.049,-10.061,17.195,3,42
-1.0942,-0.2744,0.0684,28.720,-9.207,17.561,3,42
-1.0801,-0.3076,0.0942,23.902,-7.988,16.463,3,42
-1.0762,-0.3408,0.1089,19.146,-6.829,15.610,3,42
-1.0498,-0.3896,0.1152,15.122,-5.793,15.061,3,42
-1.0308,-0.4316,0.1191,12.256,-4.817,14.146,3,42
-1.0039,-0.4683,0.0957,9.756,-4.390,14.451,3,42
-0.9780,-0.4922,0.0669,7.195,-3.537,14.939,3,42
-5.1108,2.3589,0.1450,-149.390,-514.268,-346.341,4,42
-5.4512,2.7324,0.0112,-168.659,-516.646,-361.280,4,42
-5.3853,3.0049,-0.1299,-178.902,-517.866,-378.780,4,42
-4.9272,3.1108,-0.3511,-184.451,-501.037,-389.329,4,42
-4.3281,1.7759,-1.2036,-172.744,-457.317,-405.671,4,42
-5.2222,0.3208,-1.8013,-10.549,-439.695,-481.646,4,42
-7.2666,-1.2729,-4.5332,202.988,-499.085,-579.146,4,42
-14.0479,-7.5786,-10.4590,573.841,-572.378,-638.110,4,42
-15.9795,-7.8804,-16.0000,1116.280,-515.854,-475.732,4,42
-13.6929,0.3032,-14.0503,356.524,-278.415,-439.024,4,42
0.5205,-2.2378,-15.0640,-948.720,156.951,-604.756,4,42
4.9351,1.9321,-14.5586,-1316.037,274.573,-386.402,4,42
10.5059,8.2642,-16.0000,-1008.476,229.817,-120.488,4,42
10.5640,11.2305,-15.8540,-98.476,-9.695,-50.915,4,42
4.3472,12.2007,-13.4805,89.817,-200.427,-6.402,4,42
-0.0703,11.8984,-10.8530,-56.707,-282.866,58.049,4,42
-1.1089,0.1719,-0.0127,-19.817,0.915,23.537,3,42
-1.0630,0.1763,-0.0737,-21.829,-0.061,21.402,3,42
-0.9595,0.1685,-0.1616,-25.305,-1.159,19.878,3,42
-0.8628,0.1523,-0.2285,-26.220,-0.122,20.427,3,42
-0.8408,0.1631,-0.2373,-23.537,0.854,21.463,3,42
-0.8950,0.1885,-0.1655,-22.744,-0.427,20.854,3,42
-1.0044,0.1914,-0.0864,-27.805,-3.537,16.646,3,42
-1.0908,0.1021,-0.0645,-35.488,-5.061,11.037,3,42
-1.6602,3.5059,-3.6240,-544.512,-171.951,250.244,4,42
-1.6123,3.1025,-4.5615,-827.866,-152.683,357.805,4,42
-1.0210,2.0801,-4.6299,-883.659,-166.098,429.390,4,42
0.6011,1.4409,-4.0820,-741.402,-145.122,452.866,4,42
2.1426,0.9038,-2.3623,-526.098,-50.122,427.683,4,42
3.2393,0.4985,0.1831,-315.732,92.439,322.561,4,42
3.0107,0.4995,0.5845,-188.049,176.280,156.037,4,42
1.8325,1.6636,2.2461,-148.902,148.293,5.854,4,42
0.7866,2.4014,0.5601,-145.488,64.329,-112.195,4,42
0.0703,2.9282,0.1987,-144.085,-35.122,-150.793,4,42
-0.5972,3.9863,-0.1582,-124.878,-75.549,-106.707,4,42
-1.1572,3.9028,-1.0049,-141.280,-68.354,-32.317,4,42
-1.5938,2.3159,-2.2568,-86.159,-13.902,16.098,4,42
-1.2754,1.1372,-3.1304,26.890,63.476,28.598,4,42
-2.0591,0.7456,-3.2520,145.671,125.671,34.878,4,42
-2.0801,0.6187,-3.0166,255.488,214.268,33.537,4,42
-1.4966,1.0396,-2.7500,342.256,234.390,35.427,4,42
-1.3066,1.4414,-2.1445,420.671,255.000,39.634,4,42
-1.0234,2.0835,-1.6787,452.073,256.220,51.524,4,42
-0.7832,2.6084,-1.3101,439.756,253.110,62.195,4,42
-0.5815,2.9360,-1.0664,405.671,241.707,69.573,4,42
-0.4971,3.0767,-0.9312,369.451,224.939,71.341,4,42
-0.5317,3.2114,-0.8252,322.866,206.829,67.134,4,42
-0.7046,3.2871,-0.8081,267.866,189.146,56.707,4,42
-0.9819,-0.0239,-0.1470,7.988,-20.671,-8.902,3,42
-0.9673,0.0039,-0.1533,7.622,-21.037,-8.659,3,42
-0.9517,0.0322,-0.1489,8.293,-21.220,-8.537,3,42
-0.9507,0.0366,-0.1323,7.134,-21.220,-7.683,3,42
-0.9604,0.0347,-0.1187,5.183,-21.037,-7.012,3,42
-0.9600,0.0244,-0.1025,1.402,-21.037,-6.463,3,42
-0.9722,0.0083,-0.0894,-3.963,-20.976,-6.524,3,42
-0.9873,0.0015,-0.0786,-9.512,-20.427,-6.829,3,42
-0.9937,0.0088,-0.0664,-13.963,-19.939,-7.256,3,42
-0.9971,0.0103,-0.0537,-17.439,-19.329,-7.988,3,42
-1.0117,0.0205,-0.0454,-19.268,-18.598,-8.354,3,42
-1.0029,0.0288,-0.0293,-19.573,-17.866,-8.841,3,42
-1.0088,0.0186,-0.0210,-18.841,-16.646,-8.415,3,42
-1.0049,0.0098,-0.0029,-16.951,-15.366,-8.476,3,42
-1.0044,-0.0103,0.0103,-15.549,-14.146,-8.476,3,42
-1.0122,-0.0234,0.0283,-13.598,-12.805,-8.659,3,42
-1.5767,0.5391,-1.0830,418.841,160.854,197.256,4,42
-1.8140,0.3652,-1.0566,415.488,166.037,205.854,4,42
-1.9727,0.2974,-1.0137,405.549,176.646,214.878,4,42
-2.1040,0.2305,-0.9766,384.329,189.390,226.463,4,42
-2.1494,0.1880,-0.9756,360.732,198.415,237.195,4,42
-2.3174,0.1353,-0.9785,336.037,202.317,244.695,4,42
-2.4067,0.1558,-1.0425,317.317,201.768,242.317,4,42
-2.4746,0.2305,-1.1279,297.805,202.622,232.195,4,42
-2.5303,0.2456,-1.2173,284.146,206.463,215.305,4,42
-2.5249,0.3022,-1.3203,275.976,215.671,196.463,4,42
-2.4619,0.3745,-1.3882,271.646,230.183,180.244,4,42
-2.3262,0.4272,-1.4355,273.780,246.829,169.695,4,42
-2.2046,0.4541,-1.4478,281.159,263.659,163.780,4,42
-2.1016,0.4600,-1.4155,292.073,279.268,159.756,4,42
-2.0298,0.4683,-1.3623,302.561,291.768,155.793,4,42
-2.0020,0.4561,-1.2451,311.280,302.073,151.585,4,42
-1.9966,0.4258,-1.1235,315.366,309.634,147.988,4,42
-2.0166,0.3999,-0.9692,314.756,314.817,144.695,4,42
-2.0659,0.3687,-0.8521,309.573,316.890,142.378,4,42
-2.1167,0.3408,-0.7397,301.159,316.646,140.366,4,42
-2.1597,0.3013,-0.6523,290.488,314.756,139.024,4,42
-2.1948,0.2666,-0.5830,277.012,311.646,137.439,4,42
-2.2124,0.2319,-0.5156,261.951,308.232,136.463,4,42
-2.2144,0.2056,-0.4785,245.061,304.146,135.671,4,42
-2.1997,0.1875,-0.4424,228.110,300.000,135.122,4,42
-2.1680,0.1782,-0.4160,212.134,293.841,135.061,4,42
-2.1411,0.1621,-0.3940,196.341,286.951,134.939,4,42
-2.1362,0.1338,-0.3760,181.951,278.476,134.512,4,42
-2.1396,0.1108,-0.3750,168.902,269.695,134.024,4,42
-2.1592,0.1089,-0.3623,156.159,261.402,133.598,4,42
-2.1665,0.1147,-0.3525,145.122,254.146,133.476,4,42
-2.1758,0.1348,-0.3481,134.878,248.293,132.683,4,42
-1.0566,-0.1333,0.0981,54.085,68.720,-2.134,3,42
-1.0537,-0.1289,0.0840,52.561,70.793,-1.829,3,42
-1.0659,-0.1299,0.0625,49.085,73.902,-1.220,3,42
-1.0801,-0.1436,0.0503,44.146,77.073,-0.427,3,42
-1.1045,-0.1836,0.0361,39.207,79.512,0.549,3,42
-1.1294,-0.2876,0.0283,33.902,83.232,1.402,3,42
-1.1582,-0.3643,0.0488,32.378,86.402,2.134,3,42
-1.1768,-0.4424,0.0952,32.683,89.390,2.378,3,42
-1.1836,-0.5137,0.1338,34.695,92.683,3.049,3,42
-1.1890,-0.5513,0.1860,37.195,96.707,3.598,3,42
-1.1851,-0.5576,0.2568,38.598,101.220,4.451,3,42
-1.1787,-0.5356,0.3232,38.354,106.159,5.427,3,42
-1.1582,-0.5117,0.3667,35.915,111.280,6.707,3,42
-1.1357,-0.4795,0.3979,30.366,116.098,7.866,3,42
-1.1191,-0.4727,0.4004,23.537,121.098,9.695,3,42
-1.0796,-0.4834,0.3784,15.976,124.695,10.427,3,42
-1.0938,-0.4980,0.4170,6.890,129.329,10.732,3,42
-1.1104,-0.5566,0.3232,0.488,131.524,12.683,3,42
-1.0791,-0.5850,0.4468,-5.854,134.024,11.829,3,42
-1.0830,-0.6201,0.3955,-16.341,140.976,11.341,3,42
-1.0122,-0.6401,0.2417,-18.293,141.768,11.524,3,42
-0.9316,-0.5771,0.1719,-19.939,142.927,12.012,3,42
-0.8730,-0.5161,0.0034,-21.341,145.183,12.134,3,42
-0.8125,-0.4131,-0.1426,-20.793,146.463,12.195,3,42
-0.7793,-0.3325,-0.2583,-17.195,146.524,12.256,3,42
-0.7515,-0.2485,-0.3857,-14.390,147.500,12.622,3,42
-0.7090,-0.2314,-0.5112,-7.256,145.915,12.317,3,42
-0.6958,-0.2109,-0.6147,-0.854,143.659,11.951,3,42
-0.6636,-0.2295,-0.7739,3.902,140.610,10.915,3,42
-0.6396,-0.1973,-0.8848,7.683,137.683,10.610,3,42
-0.6401,-0.1387,-0.8970,5.305,133.598,11.585,3,42
-0.6138,-0.1592,-0.8916,0.976,129.390,12.927,3,42
-0.6377,-0.2266,-0.8271,-2.927,124.878,14.329,3,42
-0.6958,-0.3159,-0.6563,-7.195,120.244,15.732,3,42
-0.6050,-0.3706,-0.5381,-11.159,115.061,18.720,3,42
-0.6724,-0.4219,-0.5054,-8.902,103.415,18.659,3,42
-0.7900,-0.4014,-0.3765,-12.805,98.415,19.634,3,42
-0.8604,-0.4189,-0.4219,-20.427,93.902,19.024,3,42
-0.9004,-0.3950,-0.5625,-21.159,88.354,18.780,3,42
-0.8950,-0.3198,-0.5469,-19.268,84.695,19.939,3,42
-0.8101,-0.2080,-0.5498,-19.146,80.244,20.061,3,42
-0.7578,-0.1519,-0.5845,-18.049,74.451,18.902,3,42
-0.7407,-0.0796,-0.6680,-14.268,68.049,17.561,3,42
-0.7549,0.0117,-0.7275,-12.073,62.256,16.585,3,42
-0.7505,0.0859,-0.7715,-10.000,56.585,16.585,3,42
-0.7271,0.1089,-0.7949,-7.805,51.585,15.732,3,42
-0.7065,0.0601,-0.7944,-4.390,46.098,14.390,3,42
-0.6914,-0.0068,-0.7725,-1.646,41.159,12.622,3,42
-0.7163,-0.0566,-0.7324,0.061,37.256,11.037,3,42
-0.7554,-0.1025,-0.6846,-0.671,33.476,9.451,3,42
-0.7954,-0.1035,-0.6147,-1.829,30.122,7.988,3,42
-0.8315,-0.0640,-0.5483,-5.549,25.305,7.134,3,42
-0.8560,-0.0381,-0.5122,-10.061,20.732,5.061,3,42
-0.8633,-0.0322,-0.4956,-12.195,16.402,2.500,3,42
-0.8770,-0.0225,-0.5000,-11.890,12.866,-1.037,3,42
-0.8779,-0.0093,-0.5273,-10.732,9.329,-5.244,3,42
-0.8950,0.0342,-0.5537,-10.122,5.671,-9.024,3,42
-0.9180,0.1099,-0.5435,-10.488,1.951,-11.890,3,42
-0.9507,0.1626,-0.5342,-13.110,-1.951,-14.756,3,42
-0.9731,0.1724,-0.5205,-15.854,-6.159,-17.134,3,42
-0.9653,0.1572,-0.5176,-18.841,-10.549,-19.817,3,42
-0.9468,0.1382,-0.5200,-21.098,-15.671,-21.159,3,42
-0.8975,0.0859,-0.5781,-21.707,-21.402,-23.049,3,42
-0.8447,0.0151,-0.6709,-20.122,-26.951,-25.427,3,42
-0.7505,-0.0928,-0.8003,-15.427,-36.707,-29.024,3,42
-0.7251,-0.1289,-0.8271,-13.293,-40.061,-29.939,3,42
-0.6909,-0.1748,-0.8569,-10.732,-46.585,-31.220,3,42
-0.6787,-0.1782,-0.8623,-9.390,-54.817,-31.524,3,42
-0.6875,-0.1504,-0.8403,-10.244,-65.732,-30.610,3,42
-0.6865,-0.1206,-0.8174,-11.159,-72.561,-29.695,3,42
-0.6938,-0.0981,-0.8081,-12.195,-78.963,-28.902,3,42
-0.7095,-0.0752,-0.7827,-13.841,-84.939,-28.293,3,42
-0.7261,-0.0728,-0.7598,-13.841,-89.939,-28.049,3,42
-0.7607,-0.0903,-0.7119,-12.683,-94.329,-27.927,3,42
-0.7979,-0.1138,-0.6460,-10.976,-98.354,-27.561,3,42
-0.8384,-0.1289,-0.5796,-9.024,-101.646,-26.890,3,42
-0.8652,-0.1313,-0.5107,-6.768,-104.756,-26.707,3,42
-0.8882,-0.1445,-0.4443,-5.610,-106.768,-25.915,3,42
-0.8970,-0.1777,-0.4053,-4.939,-107.561,-25.610,3,42
-0.9043,-0.2104,-0.3667,-4.695,-107.439,-25.732,3,42
-0.9092,-0.2466,-0.3306,-5.305,-107.805,-25.732,3,42
-0.9199,-0.2715,-0.2944,-6.098,-107.195,-25.732,3,42
-0.9409,-0.2852,-0.2490,-8.171,-107.073,-25.305,3,42
-0.9639,-0.3032,-0.2056,-11.646,-107.195,-24.207,3,42
-0.9829,-0.3213,-0.1543,-16.280,-106.646,-23.232,3,42
-0.9917,-0.3696,-0.1206,-20.854,-107.134,-22.317,3,42
-0.9775,-0.4365,-0.1157,-25.793,-107.073,-21.280,3,42
-0.9531,-0.4985,-0.1401,-29.512,-106.524,-21.037,3,42
-3.1709,-0.8672,1.7490,-141.098,0.610,-124.329,4,42
-3.3296,-0.9253,2.2070,-156.707,-57.134,-143.963,4,42
-3.2241,-0.9282,2.4502,-189.207,-105.366,-161.646,4,42
-2.9727,-0.7422,2.3447,-203.537,-147.866,-153.476,4,42
-2.1353,-0.3447,2.1523,-210.793,-171.707,-130.427,4,42
-1.4805,0.1069,2.0322,-213.049,-177.012,-106.951,4,42
-0.9780,0.4849,1.8374,-203.841,-176.524,-95.366,4,42
-0.6509,0.7178,1.7329,-176.768,-171.524,-105.244,4,42
-0.4072,0.8799,1.7124,-137.927,-168.476,-121.159,4,42
-0.3857,1.5161,1.6489,-86.768,-160.183,-137.927,4,42
-0.4097,1.8237,1.7549,-49.817,-149.695,-147.927,4,42
-0.4429,2.0640,1.9316,-40.976,-142.073,-143.841,4,42
-0.5605,1.9736,2.0664,-58.232,-145.427,-130.671,4,42
-0.7603,1.3652,2.1680,-86.098,-162.744,-116.768,4,42
-0.9526,0.6445,2.2271,-114.085,-187.378,-126.341,4,42
-1.0942,0.2705,2.2988,-143.720,-213.902,-150.854,4,42
-1.1743,0.0811,2.3096,-170.488,-238.415,-173.902,4,42
-1.1929,-0.0049,2.3057,-188.049,-255.305,-189.939,4,42
-1.1929,-0.0283,2.3071,-195.488,-262.805,-199.268,4,42
-1.1763,-0.0454,2.3345,-195.732,-263.841,-204.207,4,42
-1.1694,-0.0420,2.3535,-191.463,-262.195,-206.951,4,42
-1.1807,-0.0293,2.3789,-184.085,-261.463,-207.805,4,42
-1.1982,0.0000,2.3730,-175.610,-263.537,-208.963,4,42
-1.2271,0.0327,2.3447,-167.378,-268.659,-209.634,4,42
-1.0566,-0.3096,0.1182,45.854,-69.695,-2.256,3,42
-1.0762,-0.3047,0.1235,46.341,-66.037,-2.805,3,42
-1.0869,-0.3071,0.1177,45.732,-63.902,-2.805,3,42
-1.1021,-0.3076,0.1333,44.817,-62.012,-2.805,3,42
-1.1025,-0.3042,0.1230,43.720,-60.549,-3.537,3,42
-1.0830,-0.3052,0.1108,41.524,-59.268,-3.232,3,42
-1.0605,-0.2900,0.0762,39.390,-58.232,-2.744,3,42
-1.0337,-0.2695,0.0225,36.037,-57.073,-1.402,3,42
-1.7290,0.1699,1.7222,-158.659,-370.732,-264.390,4,42
-1.7388,0.1943,1.6753,-154.756,-380.976,-267.195,4,42
-1.7549,0.2266,1.6270,-148.963,-391.280,-267.866,4,42
-1.8027,0.2725,1.5811,-142.744,-402.073,-267.256,4,42
-1.8589,0.3081,1.5239,-136.159,-413.415,-263.841,4,42
-1.9165,0.3765,1.4761,-129.756,-424.573,-258.841,4,42
-2.0186,0.4399,1.4355,-123.963,-435.061,-254.207,4,42
-2.1172,0.5415,1.3623,-118.354,-444.329,-248.537,4,42
-1.0293,-0.5000,0.1294,-17.927,-34.207,16.037,3,42
-1.0386,-0.5137,0.1235,-14.024,-31.524,17.317,3,42
-1.0449,-0.5112,0.1064,-11.280,-30.061,18.598,3,42
-1.0381,-0.4976,0.0942,-9.573,-28.110,19.939,3,42
-1.0464,-0.4873,0.0864,-9.573,-27.256,21.524,3,42
-1.0410,-0.4756,0.0693,-10.061,-26.220,23.537,3,42
-1.0303,-0.4653,0.0479,-11.951,-26.280,25.183,3,42
-1.0161,-0.4570,0.0293,-13.598,-26.280,26.951,3,42
-6.4023,1.2593,-4.6855,-73.659,-370.366,-505.244,4,42
-9.8701,-3.4912,-11.5146,345.915,-418.293,-581.098,4,42
-16.0000,-12.1035,-16.0000,1021.646,-345.366,-553.476,4,42
-15.1226,-5.7813,-10.4224,567.439,-283.780,-614.878,4,42
-0.0225,-5.4429,-11.1040,-983.963,60.061,-601.402,4,42
8.2925,-0.5469,-13.6348,-1298.659,232.256,-321.280,4,42
11.1489,8.4209,-15.9263,-801.402,159.146,-101.646,4,42
7.4941,10.7026,-15.9966,-99.817,-22.927,-86.890,4,42
-0.9541,-0.0156,-0.1777,-38.415,-27.317,37.927,3,42
-0.9912,0.0156,-0.1606,-47.744,-26.463,39.329,3,42
-1.0405,0.0444,-0.1509,-58.537,-26.707,39.634,3,42
-1.0610,0.0796,-0.1440,-70.000,-28.232,38.780,3,42
-1.0288,0.1553,-0.1563,-81.098,-30.244,38.049,3,42
-0.9678,0.2329,-0.1714,-90.244,-29.939,39.451,3,42
-0.9482,0.2974,-0.1802,-96.098,-27.439,42.439,3,42
-0.9902,0.3125,-0.1294,-100.854,-24.024,45.366,3,42
-0.9814,0.0688,-0.0229,-78.841,-15.244,17.927,3,42
-0.9937,0.1582,0.0098,-62.012,-13.354,18.415,3,42
-1.0225,0.2515,0.0181,-47.561,-11.646,18.476,3,42
-1.0669,0.3398,0.0132,-35.549,-10.549,18.415,3,42
-1.0928,0.3931,0.0181,-25.061,-9.268,17.866,3,42
-1.1260,0.4121,0.0181,-15.366,-7.744,16.890,3,42
-1.1230,0.4053,0.0215,-5.366,-5.854,15.793,3,42
-1.1191,0.3896,0.0151,4.878,-4.451,13.476,3,42
-1.1021,0.3525,0.0273,14.573,-3.110,10.366,3,42
-1.0830,0.3276,0.0190,25.000,-1.829,6.220,3,42
-1.0513,0.2886,0.0186,33.659,-0.488,2.256,3,42
-1.0366,0.2505,0.0176,42.073,0.732,-2.195,3,42
-1.0220,0.2090,0.0215,49.573,1.768,-5.915,3,42
-1.0122,0.1802,0.0239,56.707,2.866,-9.573,3,42
-1.0166,0.1602,0.0273,62.988,4.146,-12.073,3,42
-1.0190,0.1455,0.0337,67.683,5.427,-13.720,3,42
-1.0254,0.1265,0.0273,70.915,6.768,-15.244,3,42
-1.0322,0.1108,0.0225,73.110,7.988,-16.159,3,42
-1.0259,0.1016,0.0186,74.817,9.146,-16.585,3,42
-1.0293,0.0908,0.0176,75.793,9.573,-17.012,3,42
-1.0386,0.0874,0.0083,75.305,10.244,-17.317,3,42
-1.0303,0.0786,0.0098,73.659,10.732,-17.805,3,42
-1.0347,0.0610,0.0093,70.732,10.305,-17.561,3,42
-1.0283,0.0327,0.0068,65.366,10.244,-17.622,3,42
-1.1548,2.8901,-0.9658,298.780,200.976,29.695,4,42
-1.2163,2.9453,-0.9346,275.915,202.195,18.415,4,42
-1.2725,2.8818,-0.9385,258.780,202.073,8.232,4,42
-1.3086,2.7075,-0.9458,250.671,202.622,1.829,4,42
-1.2583,2.4155,-1.0068,257.561,207.012,1.220,4,42
-1.2139,2.0415,-1.0796,282.012,217.866,8.537,4,42
-1.1626,1.6372,-1.1177,319.573,236.585,22.012,4,42
-1.1221,1.2852,-1.1313,362.805,262.256,39.695,4,42
-1.0190,-0.0488,-0.0171,54.207,8.963,-18.415,3,42
-1.0117,-0.1279,-0.0293,47.012,8.415,-19.451,3,42
-1.0005,-0.2061,-0.0361,42.012,7.744,-19.939,3,42
-0.9946,-0.2715,-0.0425,38.841,7.927,-20.976,3,42
-0.9790,-0.3101,-0.0303,38.415,8.232,-21.707,3,42
-0.9795,-0.3320,-0.0049,39.756,9.329,-22.073,3,42
-0.9766,-0.3291,0.0137,41.585,11.280,-22.256,3,42
-0.9766,-0.3076,0.0439,44.451,13.049,-22.073,3,42
-0.9844,-0.2700,0.0527,47.927,14.695,-21.159,3,42
-0.9995,-0.2090,0.0586,50.732,16.402,-19.817,3,42
-1.0078,-0.1577,0.0581,52.866,18.415,-18.415,3,42
-1.0234,-0.1128,0.0645,54.146,20.488,-16.890,3,42
-1.0303,-0.0840,0.0469,54.878,22.500,-14.573,3,42
-1.0322,-0.0635,0.0479,55.305,24.207,-12.988,3,42
-1.0391,-0.0571,0.0537,55.305,25.976,-11.524,3,42
-1.0454,-0.0571,0.0479,54.756,28.049,-10.427,3,42
-1.0532,-0.0664,0.0562,53.780,29.451,-9.634,3,42
-1.0518,-0.0796,0.0596,52.439,31.037,-9.390,3,42
-1.0479,-0.0874,0.0576,50.854,32.073,-9.085,3,42
-1.0415,-0.0981,0.0684,49.024,32.561,-9.695,3,42
-1.0420,-0.1157,0.0649,47.012,33.537,-10.122,3,42
-1.0303,-0.1309,0.0586,44.390,33.902,-10.793,3,42
-1.0313,-0.1445,0.0337,42.012,34.756,-10.793,3,42
-1.0273,-0.1587,0.0273,39.390,36.159,-11.220,3,42
-1.0293,-0.1655,0.0093,36.768,37.073,-11.524,3,42
-1.0298,-0.1782,-0.0103,34.878,38.415,-11.646,3,42
-1.0293,-0.1831,-0.0083,33.720,39.634,-11.524,3,42
-1.0376,-0.1987,-0.0039,33.720,41.098,-11.220,3,42
-1.0557,-0.2109,0.0127,34.024,42.378,-10.427,3,42
-1.0688,-0.2192,0.0308,34.390,44.024,-9.634,3,42
-1.0815,-0.2339,0.0645,35.244,45.732,-8.659,3,42
-1.0991,-0.2207,0.0737,36.646,47.805,-7.622,3,42
-2.2554,0.2061,-0.2891,182.500,269.878,134.207,4,42
-2.2573,0.1963,-0.3008,178.110,266.646,132.988,4,42
-2.2402,0.1953,-0.2979,176.220,264.024,131.951,4,42
-2.2036,0.2129,-0.3105,175.305,261.220,131.646,4,42
-2.1504,0.2378,-0.3101,175.610,259.146,130.793,4,42
-2.0923,0.2554,-0.3008,176.341,256.829,130.305,4,42
-2.0454,0.2969,-0.2983,178.354,254.939,128.841,4,42
-2.0146,0.3242,-0.2710,180.183,254.024,126.768,4,42
-1.9800,0.3477,-0.2183,184.634,254.207,123.354,4,42
-2.0063,0.3569,-0.2612,188.171,252.866,122.744,4,42
-1.9624,0.3940,-0.1558,188.780,253.415,119.817,4,42
-2.0425,0.3691,0.0161,190.976,254.756,114.390,4,42
-2.0693,0.3706,0.0396,191.951,255.427,112.500,4,42
-2.1177,0.3335,0.1060,193.293,256.098,107.805,4,42
-2.1563,0.2993,0.1943,194.390,255.427,102.622,4,42
-2.1797,0.2520,0.2773,194.878,253.659,97.378,4,42
-1.1348,-0.2573,0.1650,20.061,97.073,-10.061,3,42
-1.1616,-0.2651,0.1895,11.098,100.183,-9.573,3,42
-1.1748,-0.2656,0.2075,2.378,102.866,-9.146,3,42
-1.1899,-0.2612,0.2471,-6.951,106.280,-8.232,3,42
-1.1890,-0.2612,0.2734,-17.439,108.963,-6.890,3,42
-1.1875,-0.2778,0.2954,-27.378,112.073,-5.244,3,42
-1.1655,-0.3027,0.3032,-37.317,114.634,-4.024,3,42
-1.1313,-0.3354,0.2622,-45.671,117.012,-3.049,3,42
-1.0674,-0.3823,0.1895,-52.744,120.122,-2.195,3,42
-1.0161,-0.4131,0.1172,-57.317,124.573,-2.317,3,42
-0.9736,-0.4141,0.0815,-60.732,129.695,-3.171,3,42
-0.9409,-0.3740,0.0898,-63.293,134.268,-4.573,3,42
-0.9219,-0.2949,0.1226,-67.134,136.951,-4.817,3,42
-0.8838,-0.2437,0.1030,-70.183,137.561,-3.354,3,42
-0.8369,-0.2212,0.0073,-70.244,136.829,0.732,3,42
-0.7798,-0.1782,-0.2002,-62.317,135.793,7.439,3,42
-0.7852,-0.1206,-0.3232,-57.134,135.366,9.329,3,42
-0.8281,-0.0669,-0.4258,-54.878,134.878,8.902,3,42
-0.8701,-0.0220,-0.4785,-51.951,134.390,8.476,3,42
-0.8862,-0.0034,-0.4795,-49.268,132.988,8.415,3,42
-0.8853,-0.0234,-0.4214,-47.012,131.524,9.573,3,42
-0.8286,-0.1035,-0.3833,-44.817,130.183,12.012,3,42
-0.7461,-0.2231,-0.3809,-40.793,129.268,13.780,3,42
-0.6968,-0.3057,-0.4141,-35.732,127.439,14.878,3,42
-0.7227,-0.3516,-0.4780,-32.744,124.695,15.000,3,42
-0.7197,-0.3838,-0.5635,-31.707,122.500,13.963,3,42
-0.7554,-0.4111,-0.6104,-32.805,121.098,13.476,3,42
-0.7627,-0.4946,-0.5967,-33.232,119.695,13.293,3,42
-0.7622,-0.6177,-0.5767,-30.793,118.415,12.744,3,42
-0.8164,-0.7188,-0.5073,-27.500,116.646,12.012,3,42
-0.8828,-0.7646,-0.3745,-25.732,113.537,12.012,3,42
-0.8540,-0.6895,-0.3247,-24.085,111.463,13.232,3,42
-0.8027,-0.5020,-0.3213,-24.817,109.573,15.610,3,42
-0.8521,-0.3359,-0.3599,-26.707,106.524,18.598,3,42
-0.9590,-0.2686,-0.3501,-29.085,103.720,20.610,3,42
-1.0547,-0.2681,-0.3154,-30.427,101.829,21.280,3,42
-1.0293,-0.2607,-0.3169,-30.244,100.000,20.854,3,42
-0.9053,-0.1860,-0.3081,-31.280,97.195,20.366,3,42
-0.7896,-0.0894,-0.3169,-32.012,92.988,21.159,3,42
-0.7515,-0.0190,-0.4170,-30.488,87.683,21.890,3,42
-0.7510,0.0571,-0.5771,-25.061,82.378,20.610,3,42
-0.7285,0.1323,-0.6782,-18.415,77.927,19.451,3,42
-0.6719,0.1440,-0.7397,-10.671,74.451,18.659,3,42
-0.6172,0.0566,-0.8213,0.732,70.000,17.378,3,42
-0.5732,-0.0718,-0.9072,12.927,65.122,15.610,3,42
-0.6069,-0.1782,-0.8940,21.768,60.000,13.841,3,42
-0.6587,-0.2476,-0.8193,25.488,54.634,12.683,3,42
-0.7104,-0.2202,-0.6553,24.512,47.988,12.195,3,42
-0.7153,-0.1611,-0.6045,23.415,43.780,12.378,3,42
-0.7310,-0.1099,-0.6279,23.720,39.634,12.073,3,42
-0.7646,-0.0947,-0.6538,25.000,35.488,11.037,3,42
-0.8208,-0.0757,-0.6396,24.451,31.098,8.171,3,42
-0.8662,-0.0469,-0.6289,22.988,27.134,5.305,3,42
-0.9048,0.0249,-0.5972,21.585,22.927,2.866,3,42
-0.9521,0.1006,-0.5713,20.122,18.720,0.549,3,42
-0.9839,0.1904,-0.5542,19.756,14.695,-1.402,3,42
-0.9712,0.2949,-0.5640,19.512,10.915,-4.268,3,42
-0.9683,0.3394,-0.5767,19.817,6.220,-6.951,3,42
-0.9692,0.3398,-0.6118,20.549,1.402,-10.000,3,42
-0.9390,0.2964,-0.6553,21.402,-3.963,-13.232,3,42
-0.8779,0.2363,-0.7041,22.256,-10.488,-16.524,3,42
-0.7783,0.1885,-0.7827,23.476,-17.012,-19.451,3,42
-0.6812,0.1270,-0.8691,24.024,-24.085,-21.646,3,42
-0.6445,0.0474,-0.9077,24.207,-31.707,-23.902,3,42
-0.6348,-0.0400,-0.9175,23.476,-38.720,-25.366,3,42
-0.6528,-0.0952,-0.8794,22.012,-46.220,-26.585,3,42
-0.6655,-0.1152,-0.8315,19.329,-52.927,-27.012,3,42
-0.6870,-0.1279,-0.7642,16.524,-59.390,-27.561,3,42
-0.7168,-0.1309,-0.6953,14.451,-64.878,-28.598,3,42
-0.7197,-0.1304,-0.6621,13.780,-69.451,-29.207,3,42
-0.7329,-0.1187,-0.6211,13.659,-73.780,-30.549,3,42
-0.7646,-0.0918,-0.5913,13.476,-77.805,-31.463,3,42
-0.8379,-0.0469,-0.5405,12.622,-83.049,-32.927,3,42
-0.8604,-0.0337,-0.5254,11.951,-84.268,-33.171,3,42
-0.8945,-0.0332,-0.4673,10.793,-86.768,-33.354,3,42
-0.9053,-0.0601,-0.4185,9.146,-88.110,-33.415,3,42
-0.8960,-0.1113,-0.3882,7.439,-89.390,-33.841,3,42
-0.8931,-0.1768,-0.3784,5.427,-91.037,-34.024,3,42
-0.9238,-0.2744,-0.3760,0.793,-93.902,-33.963,3,42
-0.9414,-0.3174,-0.3652,-3.476,-95.366,-33.720,3,42
-0.9487,-0.3433,-0.3320,-8.232,-96.768,-32.744,3,42
-0.9395,-0.3604,-0.3140,-12.805,-98.049,-31.037,3,42
-0.9175,-0.3896,-0.3193,-16.037,-99.329,-29.146,3,42
-0.8877,-0.4121,-0.3398,-17.378,-100.366,-27.683,3,42
-0.8672,-0.4414,-0.3379,-17.622,-101.159,-26.951,3,42
-0.8555,-0.4668,-0.3413,-17.073,-101.951,-25.915,3,42
-0.8496,-0.4858,-0.3354,-15.610,-102.744,-24.756,3,42
-0.8481,-0.4897,-0.3267,-14.146,-103.476,-23.476,3,42
-0.8394,-0.4775,-0.3345,-12.012,-104.024,-22.195,3,42
-0.8340,-0.4312,-0.3394,-8.963,-104.939,-20.488,3,42
-0.8271,-0.3760,-0.3364,-5.854,-105.610,-19.146,3,42
-0.8232,-0.3330,-0.3130,-3.659,-105.976,-17.073,3,42
-0.8408,-0.2988,-0.2876,-1.341,-106.220,-16.159,3,42
-0.8555,-0.2754,-0.2646,0.610,-106.098,-14.878,3,42
-0.8701,-0.2734,-0.2520,3.232,-106.220,-14.390,3,42
-0.8755,-0.2813,-0.2349,5.915,-105.488,-13.659,3,42
-0.2251,1.2324,2.7124,-110.671,-153.049,-162.073,4,42
-0.3462,0.9883,3.1274,-130.305,-160.549,-166.707,4,42
-0.5386,0.5215,3.4131,-158.902,-185.183,-167.317,4,42
-0.7363,0.1606,3.5674,-181.463,-217.439,-174.451,4,42
-0.8389,0.0200,3.5542,-194.756,-249.695,-186.159,4,42
-0.8633,0.0635,3.4316,-196.585,-274.939,-196.768,4,42
-0.8379,0.1973,3.2134,-190.061,-289.634,-202.683,4,42
-0.7905,0.3960,2.9922,-180.366,-293.659,-201.524,4,42
-0.9922,-0.6577,0.0103,27.012,-92.744,-3.232,3,42
-0.9995,-0.6611,0.0337,25.610,-90.915,-3.476,3,42
-1.0029,-0.6826,0.0269,24.939,-88.963,-3.476,3,42
-1.0127,-0.6992,0.0073,25.122,-86.890,-3.232,3,42
-1.0249,-0.7002,0.0269,24.146,-85.000,-3.293,3,42
-1.0469,-0.6733,0.0615,18.415,-81.890,-4.390,3,42
-1.0571,-0.6445,0.0850,13.476,-79.878,-5.488,3,42
-1.0566,-0.6313,0.0942,8.232,-78.110,-6.524,3,42
-0.9063,1.0610,1.9263,-221.890,-385.061,-193.110,4,42
-1.0557,0.9707,1.7446,-224.268,-406.707,-201.220,4,42
-1.1885,0.9067,1.5630,-222.988,-425.366,-211.524,4,42
-1.3574,0.8613,1.3735,-219.817,-437.988,-220.732,4,42
-1.6064,0.7637,1.2031,-211.220,-447.866,-227.622,4,42
-1.7573,0.7002,1.0845,-190.976,-459.634,-234.329,4,42
-1.8032,0.7104,1.0103,-174.634,-465.915,-241.890,4,42
-1.7300,0.7725,0.9116,-162.683,-466.037,-249.878,4,42
-1.0742,-0.1245,0.1035,-43.963,-61.646,1.768,3,42
-1.0840,-0.0825,0.1016,-55.427,-60.061,3.232,3,42
-1.0928,-0.0425,0.0859,-65.793,-58.293,4.024,3,42
-1.0952,-0.0166,0.0659,-74.878,-55.854,5.488,3,42
-1.0874,0.0225,0.0615,-83.659,-52.805,6.768,3,42
-1.0806,0.0532,0.0596,-93.049,-50.488,7.927,3,42
-1.0708,0.1001,0.0352,-102.805,-48.598,8.537,3,42
-1.0562,0.1372,-0.0039,-112.927,-47.378,8.415,3,42
-2.7124,1.0444,-0.1362,-59.451,-440.488,-340.549,4,42
-2.9302,1.1006,-0.3984,-65.549,-430.244,-356.098,4,42
-3.1865,1.1367,-0.6328,-75.915,-419.024,-370.671,4,42
-3.5259,1.2036,-0.8530,-83.049,-409.024,-383.476,4,42
-3.9009,1.2764,-1.0820,-84.695,-405.305,-400.488,4,42
-4.1665,1.2651,-1.1479,-73.415,-401.646,-416.280,4,42
-4.2969,1.1885,-1.5264,-65.427,-406.951,-431.159,4,42
-4.0649,0.9819,-1.6387,-45.366,-412.073,-452.439,4,42
-3.9619,0.8062,-1.9658,-4.451,-408.598,-455.183,4,42
-3.9614,0.6646,-2.1279,41.098,-415.488,-426.402,4,42
-4.0435,0.4941,-2.2490,72.439,-431.890,-375.244,4,42
-4.6392,0.1099,-2.2813,139.817,-470.671,-357.500,4,42
-5.0137,0.0098,-3.4883,185.793,-560.183,-298.232,4,42
-5.1289,-1.7939,-4.9570,172.805,-607.500,-277.012,4,42
-7.2964,-7.1182,-10.6401,394.146,-560.976,-218.293,4,42
-15.4492,-14.5952,-15.6172,974.207,-390.732,-24.329,4,42
-1.0288,-0.3154,-0.0190,-51.037,-19.756,4.024,3,42
-1.0347,-0.3462,-0.0425,-38.720,-18.415,5.671,3,42
-1.0332,-0.3369,-0.0688,-28.963,-17.561,7.378,3,42
-1.0146,-0.2856,-0.1089,-21.829,-16.341,8.963,3,42
-1.0010,-0.2319,-0.1152,-15.915,-14.451,11.402,3,42
-1.0317,-0.2163,-0.0806,-11.159,-12.988,14.085,3,42
-1.1030,-0.2114,-0.0698,-6.829,-14.085,16.098,3,42
-1.1445,-0.1675,-0.1133,-7.500,-15.976,15.976,3,42
-1.1323,-0.1060,-0.1431,-16.829,-17.683,15.244,3,42
-1.0820,-0.1338,-0.2002,-28.659,-16.890,16.280,3,42
-0.9971,-0.1802,-0.2686,-30.488,-14.329,19.939,3,42
-0.9795,-0.1377,-0.2046,-24.085,-11.585,24.573,3,42
-1.0410,-0.0386,-0.0278,-22.439,-12.195,26.707,3,42
-1.1543,0.0151,0.1270,-29.756,-15.244,23.110,3,42
-1.2344,-0.0322,0.1758,-39.573,-18.659,16.463,3,42
-1.2388,-0.1602,0.0796,-43.780,-19.573,10.061,3,42
-1.1655,-0.2808,-0.1177,-40.366,-17.866,6.585,3,42
-1.0479,-0.3687,-0.2114,-33.902,-15.915,7.561,3,42
-0.9614,-0.3975,-0.2363,-30.610,-17.073,9.817,3,42
-0.9077,-0.3213,-0.2754,-26.524,-19.146,10.183,3,42
-0.8877,-0.1182,-0.3247,-21.768,-19.695,7.866,3,42
-0.9258,0.0864,-0.2588,-22.622,-19.634,5.854,3,42
-0.9878,0.2021,-0.1572,-27.439,-21.646,3.415,3,42
-1.0337,0.2578,-0.1343,-27.744,-24.573,0.305,3,42
-1.0518,0.3149,-0.1689,-23.354,-23.780,-1.463,3,42
-1.0537,0.3037,-0.1558,-22.927,-22.744,-1.098,3,42
-1.0610,0.2329,-0.1221,-22.500,-22.805,0.244,3,42
-1.0122,0.1484,-0.0913,-20.000,-26.098,-0.549,3,42
-0.9434,0.1528,-0.1563,-14.451,-26.585,-2.378,3,42
-0.8730,0.2031,-0.2314,-7.073,-23.659,-2.683,3,42
-0.8574,0.2339,-0.2065,-3.659,-21.707,-1.524,3,42
-0.8613,0.2192,-0.1890,-3.171,-22.195,-0.976,3,42
-0.8701,0.2192,-0.1563,-2.805,-24.207,-3.049,3,42
-0.8701,0.2407,-0.1401,-2.195,-25.488,-5.976,3,42
-0.8936,0.2544,-0.1230,-1.402,-24.634,-7.927,3,42
-0.9233,0.2290,-0.1040,-0.671,-23.963,-9.512,3,42
-0.9526,0.1934,-0.0996,0.366,-23.598,-10.427,3,42
-0.9727,0.1274,-0.1206,2.317,-23.659,-10.854,3,42
-0.9814,0.0649,-0.1250,4.939,-23.354,-10.732,3,42
-0.9878,0.0063,-0.1025,6.463,-23.171,-11.524,3,42
-1.1914,2.0703,-0.6689,219.756,201.585,11.951,4,42
-1.1294,2.0020,-0.7358,225.244,202.988,12.378,4,42
-1.1245,1.9517,-0.7588,229.573,204.817,14.146,4,42
-1.1641,1.7651,-0.8276,246.098,218.293,26.646,4,42
-1.2256,1.5698,-0.9233,260.244,230.122,40.427,4,42
-1.2861,1.3560,-1.0391,279.817,242.012,56.951,4,42
-1.3359,1.1553,-1.1572,304.573,251.341,74.817,4,42
-1.3794,1.0039,-1.2451,333.415,255.671,91.463,4,42
-1.0137,-0.2905,-0.0073,-0.427,-20.366,-11.159,3,42
-1.0190,-0.2710,0.0010,1.280,-19.085,-9.573,3,42
-1.0269,-0.2583,-0.0029,3.232,-18.293,-8.537,3,42
-1.0273,-0.2524,0.0073,4.817,-17.378,-7.683,3,42
-1.0420,-0.2490,-0.0078,6.890,-16.098,-7.012,3,42
-1.0474,-0.2314,-0.0093,8.049,-14.939,-6.220,3,42
-1.0596,-0.2251,0.0000,7.317,-13.232,-5.183,3,42
-1.0659,-0.2207,-0.0024,7.256,-11.402,-4.146,3,42
-1.0610,-0.2041,-0.0083,8.293,-9.329,-2.561,3,42
-1.0601,-0.1938,-0.0112,9.268,-8.537,-1.951,3,42
-1.0366,-0.1650,-0.0234,11.524,-6.341,-0.793,3,42
-1.0225,-0.1216,-0.0063,14.512,-3.476,0.915,3,42
-1.0161,-0.1108,0.0024,16.280,-2.439,1.402,3,42
-1.0122,-0.0840,0.0034,19.329,0.061,1.890,3,42
-1.0059,-0.0439,0.0298,22.317,2.744,2.500,3,42
-1.0200,-0.0161,0.0352,23.841,5.549,3.415,3,42
-2.1548,0.5176,-1.2056,282.866,234.207,150.305,4,42
-2.1880,0.5269,-1.2080,281.463,239.268,146.159,4,42
-2.2251,0.5405,-1.1606,282.866,246.585,142.439,4,42
-2.2559,0.5498,-1.0918,285.915,254.390,139.268,4,42
-2.2749,0.5552,-0.9917,289.329,263.049,136.463,4,42
-2.3027,0.5610,-0.8970,292.927,270.854,135.061,4,42
-2.3193,0.5562,-0.7891,294.390,278.171,133.963,4,42
-2.3335,0.5371,-0.7046,294.695,284.756,134.329,4,42
-2.5771,0.2949,-0.3794,244.512,290.366,131.402,4,42
-2.5298,0.2944,-0.3682,239.207,289.268,129.573,4,42
-2.4990,0.3145,-0.3760,235.854,290.793,127.134,4,42
-2.4604,0.3281,-0.3677,233.354,293.841,124.573,4,42
-2.4282,0.3374,-0.3643,231.220,298.841,121.829,4,42
-2.4004,0.3335,-0.3472,229.573,303.963,118.415,4,42
-2.3857,0.3091,-0.3154,228.598,309.268,113.963,4,42
-2.3721,0.2744,-0.2856,228.780,314.207,108.841,4,42
-2.3677,0.2393,-0.2378,230.366,318.476,102.988,4,42
-2.3916,0.2070,-0.1919,232.683,322.195,96.646,4,42
-2.4229,0.1763,-0.1519,234.695,324.268,89.756,4,42
-2.4482,0.1362,-0.0938,235.488,325.610,83.171,4,42
-2.4756,0.1016,-0.0493,235.122,325.976,77.744,4,42
-2.4771,0.0688,-0.0068,233.963,325.488,72.439,4,42
-2.4702,0.0371,0.0283,232.378,325.061,68.902,4,42
-2.4463,0.0151,0.0757,229.695,324.573,65.854,4,42
-2.4229,0.0024,0.1147,225.061,323.354,63.354,4,42
-2.3867,0.0044,0.1807,218.598,321.220,61.280,4,42
-2.3398,0.0259,0.2559,209.207,319.146,59.512,4,42
-2.2871,0.0610,0.3120,196.037,316.463,57.744,4,42
-2.2319,0.1001,0.3687,180.732,313.415,56.341,4,42
-2.1919,0.1533,0.4360,162.317,310.427,55.915,4,42
-2.1548,0.2222,0.5278,139.939,308.537,56.037,4,42
-2.1362,0.3037,0.6187,114.817,307.988,57.439,4,42
-2.1187,0.3711,0.7148,86.098,308.476,59.634,4,42
-2.0942,0.4541,0.8013,54.573,310.488,62.134,4,42
-2.1123,0.5298,0.8716,18.232,312.378,65.305,4,42
-2.1660,0.5435,0.9321,-19.390,314.695,68.902,4,42
-2.2305,0.5259,0.9497,-54.085,315.061,73.232,4,42
-2.2529,0.4458,0.9316,-80.549,311.159,77.744,4,42
-2.2446,0.3608,0.8687,-97.012,302.073,81.463,4,42
-2.2891,0.2061,0.7642,-106.951,297.195,81.890,4,42
-2.2656,0.2583,0.8413,-80.122,275.244,85.427,4,42
-2.1636,0.5195,0.7749,-50.122,236.707,94.390,4,42
-2.2354,0.9897,0.3721,-57.744,211.707,103.537,4,42
-2.7939,2.3359,-1.4966,-152.073,232.073,106.707,4,42
-2.7041,2.5425,-3.8677,-220.061,210.915,115.244,4,42
-1.9023,1.9443,-2.6963,4.573,168.354,161.402,4,42
-2.1523,3.5498,0.3867,141.890,101.768,170.976,4,42
-3.3403,2.7061,5.0435,364.451,123.476,91.280,4,42
-0.9727,-0.3999,-0.2656,12.134,104.390,19.268,3,42
-1.0039,-0.4043,-0.2051,7.500,104.634,21.098,3,42
-1.0161,-0.4058,-0.1279,1.220,104.878,21.585,3,42
-0.9995,-0.4292,-0.0654,-5.000,106.646,21.402,3,42
-0.9873,-0.4146,0.0020,-11.159,108.780,20.366,3,42
-1.0078,-0.3340,0.0894,-17.439,110.061,19.207,3,42
-1.0176,-0.2412,0.1616,-23.598,109.634,19.329,3,42
-0.9863,-0.1362,0.1313,-26.646,108.171,20.244,3,42
0.3105,-4.7046,13.7939,386.829,112.317,-104.451,4,42
0.3198,-4.8955,14.8936,369.939,209.390,-150.366,4,42
0.2710,-3.4678,14.2178,441.768,160.671,-117.866,4,42
0.8647,-0.5439,10.0913,465.793,-70.183,-67.012,4,42
1.2183,0.3325,5.0762,295.732,-364.756,9.390,4,42
0.7651,-0.6763,0.1870,67.988,-578.659,92.561,4,42
-1.6851,-3.6655,-7.0078,-338.720,-496.037,100.183,4,42
-10.6182,-7.7744,-6.2383,-490.305,16.037,33.171,4,42
-16.0000,-3.9595,-1.5923,-64.146,-135.244,135.610,4,42
-16.0000,-2.9370,-1.3599,-262.439,-142.988,108.598,4,42
-11.3169,-2.8213,-1.4619,-118.049,-104.634,-49.024,4,42
-4.9194,-1.5806,1.4141,33.415,-104.695,-48.171,4,42
-2.1401,-0.8672,3.3076,79.329,-9.817,15.976,4,42
-1.4966,-0.6597,4.1382,23.171,47.439,43.354,4,42
-1.1431,-0.0684,4.1362,-76.890,64.024,22.805,4,42
-0.9209,0.1040,3.6377,-172.134,49.817,-41.646,4,42
-0.9321,-0.0879,3.0298,-233.415,14.390,-105.183,4,42
-1.3257,-0.0503,2.0903,-213.293,-46.098,-136.037,4,42
-1.6680,0.6616,1.5449,-98.354,-90.366,-130.366,4,42
-2.3765,1.7017,1.3081,-66.585,-59.024,-109.390,4,42
-4.0122,1.4780,1.4780,-88.354,33.354,-71.037,4,42
-4.8940,0.7100,2.0322,-23.963,101.890,-7.256,4,42
-5.1943,-0.1704,2.2036,17.744,140.305,54.451,4,42
-5.0645,-1.1304,2.2710,33.598,160.366,94.268,4,42
-4.5679,-1.7036,2.5620,45.183,167.500,111.768,4,42
-4.3628,-2.0591,2.9478,26.037,159.756,116.037,4,42
-4.7129,-2.6548,3.0200,-46.280,144.451,87.378,4,42
-5.2871,-3.5898,2.5830,-116.707,119.268,39.268,4,42
-5.6777,-3.8906,1.8003,-116.829,99.817,-19.939,4,42
-5.3516,-3.3716,1.6367,-58.171,108.110,-55.976,4,42
-4.4697,-2.7290,2.3921,-6.646,128.293,-42.927,4,42
-3.5186,-2.3203,3.2417,-5.854,144.634,-6.768,4,42
-2.8413,-2.1802,3.8589,-42.805,152.622,23.598,4,42
-2.4644,-2.0850,4.3213,-79.512,149.451,37.134,4,42
-2.2686,-1.9673,4.6621,-113.415,143.537,38.171,4,42
-2.1445,-1.9141,4.9150,-150.671,137.256,28.780,4,42
-2.0156,-1.9385,5.0854,-187.927,126.524,10.671,4,42
-1.9688,-1.9175,5.0356,-220.732,106.768,-7.317,4,42
-1.7314,-1.7646,4.4985,-244.024,79.146,-16.890,4,42
-1.6260,-1.4902,3.5342,-259.207,51.159,-15.854,4,42
-1.5737,-1.1460,2.4038,-276.098,34.939,0.427,4,42
-1.7866,-1.0161,1.3052,-318.415,44.695,23.902,4,42
-1.7476,-1.0117,0.4648,-363.476,81.463,32.012,4,42
-1.9019,-0.9673,-0.0537,-379.390,110.366,27.622,4,42
-2.3560,-0.7808,-0.3643,-379.756,122.561,20.793,4,42
-2.3545,-0.4780,-0.5552,-370.244,135.061,5.793,4,42
-2.6616,-0.2969,-0.5259,-343.476,137.866,-8.476,4,42
-2.8716,-0.2739,-0.2437,-299.878,128.049,-30.854,4,42
-3.5225,-0.3804,0.3647,-260.915,100.366,-45.061,4,42
-3.8896,-0.5317,1.0918,-240.366,60.305,-64.756,4,42
-4.1519,-0.7676,1.8008,-237.317,10.610,-97.561,4,42
-4.0078,-0.9731,2.3198,-248.841,-35.610,-138.963,4,42
-3.3257,-0.9658,2.7681,-274.329,-90.427,-167.561,4,42
-2.4971,-0.6611,2.8057,-279.390,-105.427,-164.207,4,42
-1.6016,-0.4316,2.6875,-305.732,-122.988,-149.939,4,42
-0.9053,-0.3013,2.4790,-296.341,-126.707,-136.098,4,42
-0.9565,-0.4634,0.0122,-25.366,-90.305,-16.037,3,42
-0.9536,-0.4546,-0.0127,-20.305,-88.476,-14.146,3,42
-0.9658,-0.4292,-0.0352,-15.854,-86.463,-12.134,3,42
-0.9590,-0.3984,-0.0430,-11.951,-84.146,-10.122,3,42
-0.9712,-0.3516,-0.0381,-8.902,-82.622,-7.805,3,42
-0.9644,-0.3120,-0.0435,-6.951,-81.159,-6.159,3,42
-0.9585,-0.2700,-0.0605,-5.732,-79.634,-4.146,3,42
-0.9468,-0.2490,-0.0659,-4.390,-77.561,-2.744,3,42
-0.9434,-0.2207,-0.0669,-1.951,-75.000,-1.646,3,42
-0.9390,-0.2036,-0.0288,1.463,-72.927,-1.280,3,42
-0.9600,-0.1748,0.0278,6.341,-70.549,-1.524,3,42
-0.9756,-0.1484,0.0962,12.073,-68.293,-1.463,3,42
-0.9897,-0.1250,0.1553,17.683,-66.098,-2.073,3,42
-1.0054,-0.0991,0.1948,22.988,-63.659,-2.134,3,42
-1.0254,-0.0830,0.2080,27.683,-61.524,-2.134,3,42
-1.0381,-0.0942,0.2061,31.037,-59.085,-2.134,3,42
-1.0854,0.5781,2.9995,-232.683,-229.573,-241.829,4,42
-1.1211,0.5439,2.9810,-229.634,-248.780,-242.622,4,42
-1.1895,0.4888,2.9600,-223.963,-269.756,-244.634,4,42
-1.2627,0.4189,2.9063,-214.146,-291.463,-247.561,4,42
-1.3340,0.3359,2.8599,-201.341,-313.841,-250.915,4,42
-1.3994,0.2715,2.7930,-187.195,-335.000,-254.695,4,42
-1.4531,0.2139,2.7114,-172.073,-354.512,-258.415,4,42
-1.4932,0.1763,2.6074,-157.866,-371.646,-262.195,4,42
-1.5288,0.1782,2.5044,-146.890,-386.463,-266.220,4,42
-1.5557,0.1904,2.4204,-139.695,-398.963,-269.207,4,42
-1.5806,0.2222,2.3184,-136.220,-409.695,-272.012,4,42
-1.6216,0.2759,2.2412,-136.524,-419.695,-274.390,4,42
-1.6699,0.3164,2.1655,-138.659,-429.878,-276.341,4,42
-1.7192,0.3662,2.0957,-141.646,-442.195,-277.500,4,42
-1.7798,0.4146,2.0527,-145.305,-456.707,-278.110,4,42
-1.8335,0.4565,1.9785,-149.268,-473.049,-277.317,4,42
-1.0537,-0.5435,0.1440,-8.110,-10.366,5.061,3,42
-1.0459,-0.5566,0.1899,-12.012,-7.866,5.915,3,42
-1.0283,-0.5537,0.2363,-15.305,-5.610,6.829,3,42
-1.0122,-0.5449,0.2451,-17.439,-3.659,7.683,3,42
-0.9863,-0.5405,0.2383,-18.659,-2.317,9.268,3,42
-0.9653,-0.5283,0.2251,-19.634,-0.549,10.610,3,42
-0.9531,-0.5137,0.1924,-19.146,0.915,11.890,3,42
-0.9399,-0.4927,0.1660,-19.146,2.500,12.683,3,42
-4.3623,1.4883,0.9341,-165.000,-579.390,-253.476,4,42
-4.8540,1.9277,0.8467,-182.195,-581.707,-263.110,4,42
-5.1230,2.2158,0.8169,-192.134,-581.707,-271.951,4,42
-6.0239,3.3208,0.8662,-240.427,-564.634,-312.744,4,42
-6.2949,3.7427,0.9595,-287.317,-526.890,-341.341,4,42
-4.9995,3.1895,0.8887,-287.927,-464.451,-387.744,4,42
-4.2310,2.7754,0.6152,-220.793,-378.293,-397.134,4,42
-4.5840,2.7153,0.1885,-176.768,-319.573,-383.232,4,42
-5.3564,2.7476,-0.5322,-187.805,-307.012,-338.963,4,42
-6.0840,2.7046,-1.5610,-241.768,-331.402,-290.061,4,42
-6.1030,2.0352,-2.9751,-256.341,-392.683,-290.366,4,42
-5.3145,1.1372,-3.6396,-175.549,-443.537,-337.378,4,42
-3.6992,0.3789,-3.5654,-36.280,-550.732,-383.537,4,42
-3.5845,0.2017,-3.6982,149.573,-644.451,-380.976,4,42
-3.6724,-1.3896,-6.8628,294.695,-757.622,-360.366,4,42
-6.6294,-7.9902,-12.8906,470.976,-719.451,-356.098,4,42
-1.0249,-0.1885,-0.0991,-76.037,-6.159,24.268,3,42
-1.0239,-0.1909,-0.0981,-79.024,-5.671,23.659,3,42
-1.0352,-0.2163,-0.0928,-83.110,-4.573,22.500,3,42
-1.0498,-0.2300,-0.0640,-85.671,-3.598,21.159,3,42
-1.0469,-0.2119,-0.0415,-87.317,-2.927,19.878,3,42
-1.0190,-0.1558,-0.0234,-88.354,-2.195,19.268,3,42
-0.9888,-0.0630,-0.0020,-89.268,-1.037,19.573,3,42
-0.9917,0.0298,0.0146,-90.183,2.866,21.341,3,42
0.3257,6.8462,-8.9326,-59.939,-64.451,93.780,4,42
-0.4663,4.9067,-5.5898,-86.037,-90.183,104.390,4,42
-1.4692,3.4653,-3.5859,-225.427,-134.085,107.439,4,42
-2.2969,2.6958,-2.9170,-341.707,-192.561,104.512,4,42
-1.9937,3.1055,-3.5254,-442.073,-213.659,93.476,4,42
-1.7715,4.3418,-4.0103,-688.476,-136.402,117.927,4,42
-1.7993,4.1021,-4.3374,-988.232,-2.073,186.646,4,42
-2.1743,2.7695,-4.3423,-1020.976,59.390,209.878,4,42
-1.0576,0.1299,0.0933,-74.085,9.207,20.000,3,42
-1.0708,0.1479,0.0981,-65.671,8.110,16.463,3,42
-1.0776,0.1455,0.0234,-59.146,7.622,13.537,3,42
-1.0435,0.1206,-0.1104,-51.951,8.963,12.073,3,42
-1.0015,0.0879,-0.2427,-42.012,9.939,11.220,3,42
-0.9658,0.0776,-0.3242,-31.341,10.183,11.159,3,42
-0.9546,0.0972,-0.3496,-22.317,9.512,10.122,3,42
-0.9653,0.1074,-0.3423,-15.671,7.317,8.171,3,42
-0.9316,-0.0073,-0.2310,-1.524,-12.988,-4.024,3,42
-0.9082,0.0322,-0.2485,-2.317,-16.037,-6.098,3,42
-0.8813,0.0850,-0.3228,-1.646,-16.098,-6.951,3,42
-0.8643,0.0903,-0.3896,-1.341,-15.183,-5.122,3,42
-0.8892,0.0815,-0.3794,-1.524,-15.549,-2.317,3,42
-0.9180,0.0923,-0.2905,-1.280,-19.207,-1.280,3,42
-0.9443,0.1519,-0.2275,-1.037,-21.402,-2.988,3,42
-0.9629,0.2046,-0.1694,-0.366,-22.378,-5.488,3,42
-1.3477,1.8804,-1.3999,302.622,265.000,-56.585,4,42
-1.1694,1.8232,-1.3237,293.537,242.927,-52.988,4,42
-0.9150,1.7119,-1.2310,282.744,229.329,-34.390,4,42
-0.7212,1.5620,-1.1948,274.512,223.963,-6.402,4,42
-0.5283,1.4287,-1.2026,270.122,224.634,24.817,4,42
-0.3823,1.3491,-1.1997,267.927,226.159,56.890,4,42
-0.3066,1.3013,-1.1958,262.439,224.695,85.793,4,42
-0.2969,1.2690,-1.1836,255.976,217.073,110.427,4,42
-0.3169,1.2798,-1.1479,246.524,204.146,131.646,4,42
-0.4424,1.2559,-1.1196,233.049,189.329,149.390,4,42
-0.5737,1.2324,-1.0684,221.159,176.159,164.146,4,42
-0.6519,1.2158,-1.0459,208.598,169.024,175.854,4,42
-0.8438,1.1343,-1.0000,197.561,168.780,187.927,4,42
-1.2646,0.9785,-0.9429,199.573,163.415,200.305,4,42
-1.5396,0.8945,-0.8843,203.232,152.805,210.122,4,42
-1.7891,0.8311,-0.8467,192.500,146.829,213.659,4,42
-0.9971,-0.3677,0.0464,5.061,-8.659,8.720,3,42
-0.9922,-0.3408,0.0645,3.171,-6.463,10.549,3,42
-0.9902,-0.3066,0.0771,1.280,-4.268,11.707,3,42
-0.9976,-0.2778,0.0791,-0.732,-2.195,13.354,3,42
-1.0234,-0.2476,0.1001,-2.134,0.000,14.268,3,42
-1.0503,-0.2354,0.1240,-4.390,2.134,15.244,3,42
-1.0898,-0.2290,0.1509,-6.037,4.451,15.671,3,42
-1.1367,-0.2305,0.1641,-7.378,6.768,15.305,3,42
-1.1987,-0.2144,0.1802,-8.598,11.098,15.183,3,42
-1.2051,-0.2026,0.1841,-8.415,12.561,15.488,3,42
-1.1982,-0.1670,0.1772,-8.293,15.244,16.037,3,42
-1.1714,-0.1294,0.1509,-7.073,18.232,17.317,3,42
-1.1396,-0.0708,0.1270,-5.427,20.671,19.390,3,42
-1.0859,-0.0146,0.0859,-0.976,24.695,21.951,3,42
-1.0698,0.0210,0.0693,2.988,27.134,22.927,3,42
-1.0620,0.0518,0.0498,7.561,29.512,23.232,3,42
-1.8354,0.7466,-0.0269,164.512,209.024,156.890,4,42
-1.8691,0.7485,-0.0161,170.366,211.037,153.720,4,42
-1.9199,0.7471,-0.0020,176.098,211.707,150.549,4,42
-1.9697,0.7510,-0.0093,181.098,212.012,147.988,4,42
-2.0322,0.7397,-0.0103,185.366,211.768,144.634,4,42
-2.0591,0.7432,-0.0200,190.366,211.890,141.768,4,42
-2.0859,0.7466,-0.0459,195.549,212.561,138.232,4,42
-2.1245,0.7461,-0.0698,201.159,213.963,135.854,4,42
-1.0908,0.1528,0.1318,43.659,60.549,7.378,3,42
-1.1040,0.1699,0.1318,45.122,64.268,5.549,3,42
-1.1147,0.1768,0.1406,46.463,68.049,3.841,3,42
-1.1255,0.1777,0.1567,48.171,71.890,2.378,3,42
-1.1470,0.1885,0.1655,50.488,75.915,0.854,3,42
-1.1543,0.1875,0.1748,53.293,79.756,0.000,3,42
-1.1631,0.1846,0.1699,56.646,83.537,-0.854,3,42
-1.1509,0.1943,0.1641,60.366,87.683,-2.073,3,42
-2.1260,0.7905,0.0586,243.963,233.110,119.939,4,42
-2.1260,0.7847,0.0928,240.061,235.122,116.159,4,42
-2.1348,0.7681,0.1431,234.756,237.256,111.707,4,42
-2.1431,0.7476,0.1929,228.476,240.000,107.134,4,42
-2.1357,0.7231,0.2656,221.037,243.171,102.500,4,42
-2.1450,0.7031,0.3384,211.646,247.134,97.866,4,42
-2.1484,0.6772,0.4160,200.366,251.951,93.780,4,42
-2.1543,0.6563,0.5166,186.646,258.415,90.122,4,42
-1.1592,-0.2515,0.2705,28.415,132.256,-4.024,3,42
-1.1191,-0.4517,0.1479,36.463,134.207,-0.915,3,42
-1.0688,-0.7134,0.0356,59.756,137.256,4.024,3,42
-1.0752,-0.8105,0.0840,76.098,137.744,4.939,3,42
-1.0591,-0.8921,0.1787,74.268,137.378,-2.500,3,42
-1.0352,-0.9761,0.1460,67.195,137.744,-8.171,3,42
-1.0220,-1.0596,0.0840,64.390,138.537,-10.061,3,42
-1.0151,-1.0571,0.0415,66.402,139.268,-7.195,3,42
-1.9556,-0.3491,1.3872,52.378,233.110,60.000,4,42
-1.8750,-0.4746,1.3472,46.768,224.756,62.195,4,42
-1.7979,-0.5508,1.2529,47.134,218.963,65.610,4,42
-1.7202,-0.5654,1.1436,54.329,214.390,69.268,4,42
-1.6680,-0.6426,1.0454,64.512,211.220,71.037,4,42
-1.6660,-0.5654,0.9712,76.890,209.024,80.427,4,42
-1.6538,-0.5181,0.7710,83.476,208.598,85.488,4,42
-1.6924,-0.4097,0.8940,99.939,206.585,87.073,4,42
-0.4741,-0.4575,-0.8198,16.585,121.768,12.988,3,42
-0.4604,-0.4907,-0.7847,16.951,117.683,15.793,3,42
-0.4834,-0.4956,-0.7339,15.244,114.146,17.805,3,42
-0.5264,-0.4922,-0.7280,12.500,110.427,19.512,3,42
-0.6367,-0.4917,-0.6709,10.549,107.744,21.220,3,42
-0.7900,-0.4907,-0.5571,9.329,105.122,24.024,3,42
-0.9033,-0.5298,-0.5098,9.085,102.561,26.524,3,42
-1.0107,-0.5308,-0.4429,11.341,100.122,28.720,3,42
-1.1235,-0.4775,-0.3052,8.537,98.963,30.671,3,42
-1.1650,-0.4155,-0.2222,4.756,96.524,32.317,3,42
-1.1362,-0.3545,-0.1982,1.524,95.183,34.634,3,42
-1.1587,-0.3042,-0.1631,-1.768,93.902,35.305,3,42
-1.1270,-0.2656,-0.1392,-5.366,93.720,35.854,3,42
-1.1313,-0.2090,-0.1753,-6.524,92.927,35.671,3,42
-1.1548,-0.1235,-0.1143,-6.220,92.317,35.488,3,42
-1.1260,-0.0005,-0.0752,-5.122,93.110,35.671,3,42
-0.3413,-7.6636,8.5439,371.463,-267.134,70.366,4,42
-0.7114,-3.9858,5.7476,381.768,-102.256,-116.524,4,42
0.0503,-1.9507,3.2642,280.610,-54.512,-190.183,4,42
0.4404,-1.6934,1.7051,170.854,-60.915,-166.829,4,42
0.2607,-1.5645,0.6733,76.890,-92.988,-94.939,4,42
-0.9043,-1.2261,-1.2412,-61.768,-129.207,-22.073,4,42
-4.4985,-1.1597,-4.8335,-351.768,-91.707,44.756,4,42
-9.5591,0.5903,-4.7886,-466.768,-154.817,98.293,4,42
-0.4268,-0.1206,-0.9209,48.902,68.110,17.439,3,42
-0.4614,-0.1108,-0.9263,50.915,62.195,17.317,3,42
-0.5391,-0.1382,-0.9292,51.402,56.220,17.805,3,42
-0.6333,-0.1665,-0.8276,50.427,50.671,18.232,3,42
-0.6870,-0.2144,-0.7715,49.512,45.000,18.780,3,42
-0.8228,-0.2490,-0.7588,48.476,39.390,18.354,3,42
-0.9634,-0.2607,-0.6494,45.549,35.244,18.354,3,42
-1.0425,-0.2358,-0.5181,42.683,31.768,17.012,3,42
-1.3872,-3.4302,1.0752,-120.122,19.512,-72.500,4,42
-0.8735,-2.3774,0.8750,-77.866,51.890,-70.183,4,42
-0.7153,-1.1069,0.9204,-9.451,73.780,-73.780,4,42
-0.9517,-0.2109,1.2393,14.878,80.488,-73.415,4,42
-1.3584,0.2036,1.9541,-0.366,81.829,-67.683,4,42
-1.6553,0.1572,2.3735,-24.939,84.939,-42.683,4,42
-2.1426,-0.0391,2.6196,-51.280,85.244,-1.707,4,42
-2.7437,-0.5840,2.4448,-83.476,91.098,40.122,4,42
-0.8066,-0.0376,-0.7251,63.354,1.524,-5.122,3,42
-0.7808,-0.1621,-0.7104,61.341,-3.902,-6.341,3,42
-0.7573,-0.2378,-0.6699,55.915,-8.841,-6.646,3,42
-0.7485,-0.2754,-0.6294,49.390,-13.841,-6.585,3,42
-0.7451,-0.2764,-0.6064,43.598,-18.354,-6.890,3,42
-0.7520,-0.2393,-0.6016,38.415,-22.988,-7.317,3,42
-0.7441,-0.1865,-0.6162,34.756,-27.500,-7.927,3,42
-0.7407,-0.1289,-0.6475,32.134,-32.134,-9.329,3,42
-3.0181,-2.0640,2.7749,32.256,177.927,-24.390,4,42
-2.6890,-1.9893,3.1001,30.305,185.976,-15.549,4,42
-2.2939,-1.9575,3.6587,-0.061,196.098,1.220,4,42
-2.1025,-2.0605,4.0488,-52.378,199.756,10.976,4,42
-1.8789,-2.2271,4.2505,-116.585,196.768,9.512,4,42
-1.7720,-2.4839,4.3296,-180.061,187.073,-2.866,4,42
-1.9575,-2.7441,4.4150,-221.341,161.646,-13.720,4,42
-2.0391,-2.7808,4.4556,-237.622,129.146,-18.598,4,42
-0.8374,-0.0444,-0.5415,38.902,-72.744,-14.329,3,42
-0.8613,-0.1035,-0.5156,40.427,-75.244,-14.634,3,42
-0.8672,-0.1548,-0.4897,42.500,-77.622,-14.573,3,42
-0.8877,-0.2153,-0.4766,45.915,-80.000,-14.390,3,42
-0.9106,-0.2573,-0.4536,48.902,-82.317,-14.756,3,42
-0.9111,-0.2705,-0.4302,52.378,-84.146,-15.000,3,42
-0.9268,-0.2656,-0.4121,55.732,-85.732,-13.902,3,42
-0.9331,-0.2549,-0.4048,58.598,-87.439,-12.622,3,42
-2.2412,-0.6206,0.4570,-465.854,135.793,10.183,4,42
-2.6875,-0.6172,0.5127,-448.293,122.439,-7.744,4,42
-2.9150,-0.6445,0.8257,-408.720,105.000,-35.061,4,42
-3.1597,-0.8198,1.3779,-374.451,77.988,-65.183,4,42
-3.1104,-1.0068,2.0493,-355.732,55.366,-101.159,4,42
-3.1558,-1.2520,2.6587,-346.280,30.366,-140.793,4,42
-2.7725,-1.3940,2.9814,-341.463,12.988,-173.476,4,42
-2.5630,-1.4561,3.0503,-316.768,-8.171,-189.573,4,42
-0.8506,-0.4116,-0.3882,61.037,-101.585,0.915,3,42
-0.8413,-0.3916,-0.3911,60.305,-103.049,2.683,3,42
-0.8501,-0.3706,-0.4004,59.085,-104.451,4.573,3,42
-0.8613,-0.3359,-0.3828,58.354,-105.915,6.159,3,42
-0.8794,-0.3096,-0.3477,57.378,-107.317,6.829,3,42
-0.8809,-0.2847,-0.3301,57.317,-108.171,8.415,3,42
-0.8936,-0.2622,-0.3066,58.780,-107.500,9.451,3,42
-0.9014,-0.2324,-0.2964,60.122,-107.683,10.671,3,42
-0.0728,2.6445,2.0234,50.915,-139.939,-215.671,4,42
-0.5156,3.0063,1.5073,32.073,-121.341,-180.549,4,42
-1.3735,2.4956,0.9824,6.098,-113.780,-133.415,4,42
-1.9365,1.5083,0.5884,-10.366,-107.439,-128.476,4,42
-1.4307,0.8672,0.8179,-37.561,-100.122,-163.780,4,42
-1.6162,0.6025,1.2710,-88.598,-99.451,-198.780,4,42
-0.8711,0.5640,2.0151,-148.963,-108.293,-215.671,4,42
-0.7451,0.4751,2.6255,-211.890,-142.988,-218.720,4,42
-0.8823,-0.1860,-0.1426,72.805,-101.646,8.232,3,42
-0.8936,-0.1743,-0.1094,73.720,-100.427,7.134,3,42
-0.9155,-0.1196,-0.0566,73.598,-99.634,5.915,3,42
-0.9419,-0.0625,0.0024,72.683,-98.841,5.427,3,42
-0.9639,0.0024,0.0239,72.073,-98.171,5.915,3,42
-0.9858,0.0420,0.0283,71.280,-96.951,7.195,3,42
-0.9888,0.0581,0.0112,69.695,-95.366,7.988,3,42
-0.9912,0.0371,-0.0293,68.780,-94.146,8.720,3,42
-1.8408,-0.8911,2.3848,-82.439,-371.159,-244.878,4,42
-1.9780,-0.9932,2.3545,-47.012,-350.549,-235.122,4,42
-2.0737,-0.9268,2.2656,-22.927,-335.183,-234.207,4,42
-2.1577,-0.8467,2.1611,-11.402,-325.183,-244.573,4,42
-2.1997,-0.7446,2.0259,-9.817,-322.012,-260.305,4,42
-2.2437,-0.6440,1.8940,-13.110,-324.634,-277.134,4,42
-2.2788,-0.5635,1.7520,-20.549,-331.402,-293.476,4,42
-2.3301,-0.5039,1.6147,-30.305,-341.220,-308.110,4,42
-0.9878,-0.1875,-0.0200,46.037,-81.220,8.598,3,42
-0.9790,-0.2378,0.0107,40.244,-79.085,8.720,3,42
-0.9541,-0.2734,0.0488,34.634,-76.159,9.390,3,42
-0.9385,-0.2817,0.0728,29.939,-73.537,10.549,3,42
-0.9277,-0.3052,0.0874,24.390,-70.732,12.500,3,42
-0.9365,-0.3501,0.0972,18.659,-67.683,13.780,3,42
-0.9521,-0.4077,0.1289,13.354,-64.756,14.390,3,42
-0.9790,-0.4629,0.1729,9.024,-61.280,13.902,3,42
-3.7505,1.4492,1.1704,-109.695,-545.488,-337.012,4,42
-3.4854,1.6606,1.2129,15.122,-471.646,-266.341,4,42
-3.2681,2.2773,1.1460,136.524,-406.463,-173.476,4,42
-5.0996,0.3022,-1.4673,165.549,-181.220,-212.927,4,42
-14.6489,0.3721,-3.4731,367.073,-91.341,-372.622,4,42
-15.9810,-0.7349,-10.8564,310.671,-148.902,-416.220,4,42
-16.0000,0.1362,-16.0000,-324.451,243.963,-856.890,4,42
-6.0776,2.2295,-15.9233,-433.659,125.854,-1018.720,4,42
-1.0723,-0.4668,-0.0112,-69.146,-18.963,17.439,3,42
-1.0635,-0.4224,-0.0015,-74.390,-17.805,17.561,3,42
-1.0635,-0.3613,0.0254,-78.902,-16.220,17.561,3,42
-1.0674,-0.2627,0.0430,-82.012,-14.695,18.049,3,42
-1.1035,-0.1533,0.0737,-84.512,-12.561,18.537,3,42
-1.1504,-0.0718,0.1431,-88.963,-9.024,19.268,3,42
-1.2188,-0.0420,0.1978,-93.720,-7.073,19.085,3,42
-1.2344,-0.0425,0.2017,-96.890,-6.220,17.561,3,42
-1.1514,-0.0591,0.1104,-99.146,-3.598,15.427,3,42
-1.0386,-0.0142,-0.0063,-96.707,1.463,13.232,3,42
-0.9756,0.1211,-0.0654,-90.549,6.646,13.780,3,42
-0.9849,0.2822,0.0015,-86.585,8.537,16.098,3,42
-1.0479,0.3945,0.1021,-85.183,8.171,18.963,3,42
-1.1201,0.4072,0.1953,-86.646,7.012,19.573,3,42
-1.1411,0.3379,0.2017,-89.451,6.463,16.463,3,42
-1.1245,0.2168,0.1318,-90.427,7.683,10.061,3,42
0.0996,3.9111,-2.2188,-787.805,-556.280,226.159,4,42
1.5005,4.8091,-2.4023,-988.415,-502.683,186.951,4,42
3.3105,5.3037,-2.1558,-1051.402,-337.012,79.207,4,42
3.7573,3.8032,-1.8696,-713.232,-48.354,-35.915,4,42
1.4341,1.5288,-1.3022,-277.683,132.561,-81.341,4,42
-1.1143,0.0884,-1.3037,53.232,266.159,-19.695,4,42
-2.0200,0.0913,-0.9277,231.402,273.415,-5.610,4,42
-1.6304,0.3228,-1.0171,290.244,250.488,-40.061,4,42
-1.0107,0.2666,-0.1841,-43.171,7.134,-5.915,3,42
-0.9922,0.2534,-0.1699,-36.768,6.951,-6.463,3,42
-0.9858,0.2563,-0.1602,-32.561,6.768,-7.927,3,42
-0.9819,0.2524,-0.1606,-30.061,6.707,-9.573,3,42
-0.9810,0.2402,-0.1738,-25.244,7.317,-10.488,3,42
-0.9839,0.2368,-0.1880,-17.866,7.439,-10.305,3,42
-0.9932,0.2725,-0.1938,-9.878,8.720,-9.451,3,42
-1.0225,0.3110,-0.1577,-3.415,9.390,-8.780,3,42
-0.8354,4.4912,0.0313,444.512,153.049,57.378,4,42
-0.9292,4.9302,0.3442,402.073,146.037,29.878,4,42
-0.9600,4.8389,0.1733,361.585,153.902,-10.366,4,42
-1.2476,4.8374,0.0664,345.915,156.951,-31.341,4,42
-1.3589,4.6821,-0.0635,350.488,158.232,-23.780,4,42
-1.1953,4.2661,-0.2026,360.732,163.720,10.305,4,42
-1.2769,3.5894,-0.5620,383.232,176.524,59.512,4,42
-1.2744,2.9116,-0.9512,424.024,197.012,104.573,4,42
-1.2573,2.4053,-1.3872,477.378,221.707,139.024,4,42
-1.2148,2.0620,-1.7402,530.244,245.549,161.341,4,42
-1.1538,1.8687,-1.9521,569.085,260.976,177.012,4,42
-1.0649,1.7637,-1.5640,587.195,269.329,188.598,4,42
-1.2666,1.5767,-2.1455,588.598,265.976,198.171,4,42
-1.2866,1.3608,-1.5161,559.512,228.841,206.463,4,42
-1.4976,1.0225,-1.4424,527.805,203.049,213.598,4,42
-1.7197,0.7305,-1.2271,497.439,184.268,221.280,4,42
-0.9536,-0.2505,-0.1821,40.061,20.915,-16.524,3,42
-0.9497,-0.2651,-0.2080,36.890,20.244,-15.061,3,42
-0.9448,-0.2666,-0.2261,33.049,19.451,-13.293,3,42
-0.9526,-0.2568,-0.2319,27.927,18.598,-11.707,3,42
-0.9629,-0.2524,-0.2256,22.561,17.378,-10.061,3,42
-0.9785,-0.2456,-0.1963,16.890,17.134,-7.988,3,42
-0.9858,-0.2393,-0.1582,11.768,16.037,-5.915,3,42
-0.9922,-0.2319,-0.1260,7.500,16.463,-3.902,3,42
-2.8389,0.6333,-1.6592,237.195,252.927,187.683,4,42
-2.7383,0.7339,-1.5605,226.220,261.951,173.354,4,42
-2.6802,0.7515,-1.4424,223.780,276.524,166.098,4,42
-2.6782,0.7378,-1.3149,227.683,295.488,163.354,4,42
-2.7231,0.7168,-1.1641,230.793,317.622,165.122,4,42
-2.7930,0.6885,-1.0210,233.232,339.268,169.207,4,42
-2.8525,0.6650,-0.8936,235.183,357.622,175.061,4,42
-2.8853,0.6387,-0.7505,234.634,371.037,181.585,4,42
-0.9956,-0.1880,-0.0278,2.195,24.939,8.476,3,42
-0.9971,-0.1938,-0.0366,3.476,26.768,8.537,3,42
-0.9951,-0.2046,-0.0347,4.878,28.598,8.476,3,42
-1.0059,-0.2275,-0.0269,7.378,30.183,8.659,3,42
-1.0195,-0.2578,-0.0186,11.159,31.585,8.963,3,42
-1.0430,-0.2856,0.0073,14.756,33.293,9.390,3,42
-1.0732,-0.3120,0.0552,18.902,35.488,9.329,3,42
-1.0923,-0.3252,0.0864,22.561,37.988,9.695,3,42
-1.1221,-0.3311,0.1050,25.305,40.305,9.878,3,42
-1.1318,-0.3315,0.1182,27.927,42.683,9.573,3,42
-1.1377,-0.3247,0.1099,29.573,45.366,9.268,3,42
-1.1294,-0.3179,0.0972,31.524,47.866,9.390,3,42
-1.1313,-0.3154,0.0864,32.561,50.549,9.146,3,42
-1.1343,-0.3271,0.0903,32.561,53.415,9.207,3,42
-1.1377,-0.3242,0.1025,31.037,56.280,8.963,3,42
-1.1382,-0.3174,0.1030,28.780,58.963,8.963,3,42
-1.1328,-0.2964,0.1216,24.329,62.195,9.939,3,42
-1.1250,-0.2788,0.1348,19.817,64.451,10.732,3,42
-1.1050,-0.2437,0.1187,13.049,66.463,11.646,3,42
-1.0879,-0.2036,0.0703,5.732,68.902,11.829,3,42
-1.0630,-0.1763,0.0029,-1.646,71.402,12.500,3,42
-1.0313,-0.1411,-0.0703,-9.268,73.720,12.317,3,42
-1.0181,-0.1147,-0.1182,-18.110,75.671,12.683,3,42
-1.0059,-0.1030,-0.1401,-27.195,77.317,12.439,3,42
-1.1763,-0.6074,1.8423,25.244,269.512,116.098,4,42
-1.2861,-0.7559,1.7827,7.073,264.634,127.744,4,42
-0.9863,-0.6089,1.6904,2.866,252.744,138.232,4,42
-0.7773,-0.5181,1.6909,1.402,252.683,145.732,4,42
-0.7988,-0.3516,1.6841,27.744,248.537,152.317,4,42
-0.9258,-0.3047,1.5425,43.598,230.793,153.171,4,42
-0.9634,-0.1484,1.2861,68.720,197.622,146.037,4,42
-1.1738,0.1772,0.4551,137.073,145.000,130.793,4,42
-0.9546,-0.4341,-0.0459,-89.207,102.683,13.354,3,42
-0.8945,-0.4419,-0.0864,-94.634,102.927,16.402,3,42
-0.8398,-0.4673,-0.1836,-98.720,103.049,19.329,3,42
-0.8018,-0.4863,-0.2729,-102.195,102.805,20.732,3,42
-0.8428,-0.5200,-0.3340,-105.366,102.561,19.878,3,42
-0.8755,-0.5156,-0.3765,-105.366,102.378,18.110,3,42
-0.9053,-0.4575,-0.3604,-106.098,100.976,16.951,3,42
-0.8311,-0.4395,-0.3442,-102.622,100.610,19.573,3,42
4.7900,-13.9556,10.8457,161.402,-666.951,134.451,4,42
3.6104,-8.8530,9.8003,567.744,-726.159,356.463,4,42
4.1445,-5.3364,8.8779,621.280,-684.939,327.439,4,42
2.1050,-0.5527,5.7886,551.159,-417.561,-25.183,4,42
1.2363,0.1367,3.9424,495.488,-316.585,-100.549,4,42
0.4946,0.3911,0.9980,353.232,-220.732,-182.500,4,42
-0.2158,0.7129,-0.0664,315.976,-262.500,-160.061,4,42
-1.4492,1.8174,-1.1777,210.366,-380.610,-104.146,4,42
-0.9028,-0.0537,-0.2642,-114.939,95.061,32.317,3,42
-0.8369,-0.0088,-0.2598,-115.610,93.476,34.268,3,42
-0.7959,0.0557,-0.3452,-115.366,91.585,35.671,3,42
-0.7993,0.1406,-0.4316,-113.841,88.780,36.890,3,42
-0.8525,0.1768,-0.5181,-108.598,85.854,36.890,3,42
-0.8848,0.1807,-0.5625,-100.854,83.841,36.585,3,42
-0.8750,0.1475,-0.5693,-91.280,81.951,35.610,3,42
-0.8311,0.0962,-0.5254,-79.329,79.878,34.451,3,42
-1.6655,-0.4238,1.6792,64.207,0.854,-31.037,4,42
-2.3823,-0.4946,1.7700,20.915,-9.878,21.829,4,42
-3.3340,-0.3999,1.8867,-26.341,-17.378,64.939,4,42
-3.7944,-0.5439,2.0586,-71.037,-18.293,97.439,4,42
-4.7710,-0.5479,1.8979,-113.476,-27.012,120.244,4,42
-4.8428,-1.2056,2.0337,-135.122,-15.549,118.354,4,42
-5.0493,-1.3228,1.4360,-150.427,-4.695,81.402,4,42
-4.8564,-1.9443,0.7969,-136.768,3.963,40.122,4,42
-4.0913,-2.2505,0.1963,-85.854,32.378,14.573,4,42
-3.0562,-2.1802,0.1558,-11.890,73.293,3.049,4,42
-2.2246,-1.7905,0.4795,44.817,110.488,-0.305,4,42
-1.7202,-1.3706,0.8657,61.951,137.683,-1.220,4,42
-1.5195,-1.0952,1.2139,51.341,151.768,-3.598,4,42
-1.5605,-0.9590,1.5229,31.098,154.939,-7.195,4,42
-1.7734,-0.8701,1.7988,15.000,152.805,-7.439,4,42
-2.3345,-0.7437,2.0356,1.280,150.366,-0.183,4,42
-3.0674,-0.6782,2.1753,-23.049,150.976,12.134,4,42
-3.8345,-0.7817,2.1846,-56.524,156.646,25.000,4,42
-4.4307,-1.0322,2.1133,-81.768,165.732,34.634,4,42
-4.6392,-1.3125,2.0815,-85.793,171.585,44.512,4,42
-4.6226,-1.6362,2.0845,-74.634,170.366,57.012,4,42
-4.4575,-1.9463,2.1196,-63.110,174.817,64.329,4,42
-4.2021,-2.0820,2.2446,-45.915,185.610,61.098,4,42
-3.9136,-2.0444,2.4316,-26.037,200.793,49.085,4,42
-0.7705,0.1904,-0.7056,42.744,-57.012,-25.854,3,42
-0.7983,0.2441,-0.6592,44.451,-61.280,-28.659,3,42
-0.8174,0.2803,-0.6211,45.427,-65.122,-30.854,3,42
-0.8105,0.2822,-0.5908,46.037,-68.476,-32.866,3,42
-0.8306,0.2651,-0.5415,46.524,-71.707,-34.329,3,42
-0.8452,0.2461,-0.5000,45.427,-74.695,-35.793,3,42
-0.8706,0.2202,-0.4570,42.866,-76.646,-37.805,3,42
-0.8921,0.1904,-0.4253,39.573,-78.902,-39.146,3,42
-1.0283,-1.0386,1.6704,-222.622,82.561,26.890,4,42
-1.0566,-0.7544,1.1382,-248.720,34.573,35.793,4,42
-1.4341,-0.5488,0.6382,-301.585,-5.976,48.110,4,42
-1.8989,-0.4473,0.1274,-360.305,-30.183,62.012,4,42
-2.4966,-0.5283,-0.1626,-385.610,-38.354,70.305,4,42
-3.0239,-0.7246,-0.2153,-371.402,-16.890,60.854,4,42
-4.3472,-1.2437,0.0244,-305.915,1.585,41.890,4,42
-4.6313,-1.3550,0.5063,-227.317,13.293,16.707,4,42
-0.9355,-0.5518,-0.2588,-45.244,-80.305,-44.451,3,42
-0.9307,-0.5366,-0.2798,-46.890,-80.000,-42.378,3,42
-0.9282,-0.5220,-0.2607,-47.500,-79.695,-40.488,3,42
-0.9175,-0.4990,-0.2529,-46.341,-79.207,-38.415,3,42
-0.9141,-0.4868,-0.2637,-43.110,-79.207,-35.854,3,42
-0.9307,-0.4810,-0.2729,-38.232,-78.780,-33.537,3,42
-0.9473,-0.4775,-0.2466,-33.354,-78.171,-31.341,3,42
-0.9668,-0.4785,-0.2241,-27.378,-77.073,-29.573,3,42
-0.9839,-0.4766,-0.1943,-21.098,-75.976,-27.012,3,42
-0.9751,-0.4648,-0.1758,-14.878,-74.451,-24.207,3,42
-0.9619,-0.4575,-0.1699,-9.024,-72.561,-21.402,3,42
-0.9316,-0.4526,-0.1807,-3.537,-70.793,-19.146,3,42
-0.9092,-0.4336,-0.2012,2.378,-69.085,-16.707,3,42
-0.8984,-0.4136,-0.2168,7.805,-68.110,-14.268,3,42
-0.8945,-0.4004,-0.2173,12.439,-67.683,-12.500,3,42
-0.9116,-0.3960,-0.2114,17.439,-66.646,-10.854,3,42
-0.9307,-0.3794,-0.2168,21.341,-65.427,-9.878,3,42
-0.9551,-0.3828,-0.1875,25.854,-64.085,-8.963,3,42
-0.9751,-0.3823,-0.1704,29.451,-63.232,-7.805,3,42
-0.9800,-0.3945,-0.1611,33.415,-62.378,-7.012,3,42
-0.9858,-0.4053,-0.1875,37.744,-61.951,-6.098,3,42
-0.9663,-0.4204,-0.2305,43.415,-61.463,-5.366,3,42
-0.9517,-0.4170,-0.2695,46.646,-60.854,-5.793,3,42
-0.9395,-0.3838,-0.2583,47.805,-60.305,-6.707,3,42
-0.9277,-0.3613,-0.2319,46.098,-60.427,-8.171,3,42
-0.9141,-0.3477,-0.2432,43.902,-60.000,-9.085,3,42
-0.9038,-0.3394,-0.2173,42.195,-59.695,-9.085,3,42
-0.9082,-0.3091,-0.1646,38.476,-59.512,-9.146,3,42
-0.9087,-0.2637,-0.1250,32.317,-59.634,-9.085,3,42
-0.9185,-0.2417,-0.1147,25.549,-59.451,-8.537,3,42
-0.9180,-0.2334,-0.1309,19.390,-58.963,-7.927,3,42
-0.9316,-0.2129,-0.1387,13.476,-58.598,-5.732,3,42
-3.1675,1.1875,0.9976,-154.451,-405.488,-411.159,4,42
-3.3027,1.2627,0.9741,-140.976,-407.500,-403.232,4,42
-3.4282,1.3936,0.9624,-129.085,-413.780,-394.878,4,42
-3.4956,1.6182,0.9399,-117.195,-421.585,-383.780,4,42
-3.5981,1.8657,0.9028,-106.280,-426.707,-372.744,4,42
-3.4233,2.1235,0.9585,-92.744,-428.293,-357.805,4,42
-3.0425,2.2632,1.0942,-66.159,-413.537,-328.902,4,42
-3.1865,2.5620,1.1089,-36.159,-393.659,-282.012,4,42
-3.6147,2.8110,1.0933,-10.732,-381.829,-218.963,4,42
-4.2236,3.1060,0.9893,12.317,-387.622,-147.622,4,42
-6.2588,3.3965,-0.2998,-4.878,-364.329,-133.232,4,42
-9.2095,3.9331,-3.2153,-14.512,-447.256,-166.646,4,42
-13.2461,-3.9683,-11.0347,-159.451,-502.805,-357.134,4,42
-15.9731,-8.3330,-16.0000,-71.280,-78.963,-827.927,4,42
-16.0000,5.4395,-16.0000,-66.646,306.951,-773.476,4,42
-0.8403,6.5913,-15.5786,207.744,312.134,-959.085,4,42
5.1787,7.3574,-2.0269,-238.841,190.732,-835.122,4,42
14.1606,4.7974,-0.4639,-1415.915,287.439,-481.585,4,42
9.7300,2.8184,-12.1553,-997.317,27.134,-291.341,4,42
4.5190,11.0859,-11.8037,18.841,-428.598,-463.354,4,42
2.8662,15.9995,-8.2407,90.915,-565.183,-333.232,4,42
-0.2085,15.7368,-8.1050,-138.720,-428.841,-74.878,4,42
-1.3911,10.2778,-6.6343,-232.866,-214.939,54.146,4,42
-1.0713,7.2129,-5.1045,-154.146,-88.841,55.488,4,42
-0.8755,-0.2256,-0.3091,-41.585,-28.598,6.037,3,42
-0.8354,-0.0874,-0.2520,-40.549,-28.049,9.268,3,42
-0.8784,0.1362,-0.1182,-43.354,-28.841,11.585,3,42
-1.0000,0.3271,0.0444,-53.902,-30.122,11.341,3,42
-1.1084,0.3423,0.0986,-63.963,-30.488,8.720,3,42
-1.1743,0.2090,0.0605,-68.415,-28.537,6.098,3,42
-1.1982,0.0063,-0.0449,-64.878,-27.012,4.268,3,42
-1.1577,-0.1743,-0.1514,-58.659,-26.341,3.598,3,42
-1.0796,-0.2739,-0.2231,-54.207,-26.707,3.415,3,42
-0.9849,-0.2896,-0.2793,-53.354,-27.805,3.537,3,42
-0.9253,-0.2329,-0.2852,-56.098,-28.963,2.866,3,42
-0.9111,-0.1309,-0.2676,-61.463,-30.366,1.098,3,42
-0.9204,-0.0264,-0.2129,-67.866,-31.951,-0.610,3,42
-0.9424,0.0469,-0.1445,-72.256,-32.927,-2.988,3,42
-0.9634,0.1084,-0.1133,-73.902,-32.927,-4.756,3,42
-0.9805,0.1626,-0.1328,-70.915,-32.683,-5.427,3,42
-0.9985,0.2041,-0.1367,-62.805,-32.256,-5.244,3,42
-1.0049,0.1982,-0.1509,-60.122,-32.378,-5.244,3,42
-1.0166,0.1885,-0.2192,-53.049,-32.500,-5.122,3,42
-1.0313,0.1602,-0.2446,-42.439,-30.366,-4.512,3,42
-1.0527,0.1206,-0.1748,-39.329,-29.939,-4.817,3,42
-1.0737,0.0791,-0.1064,-38.110,-30.488,-6.037,3,42
-1.0806,0.0215,-0.0649,-36.768,-31.280,-8.049,3,42
-1.0693,-0.0220,-0.1133,-32.927,-30.305,-9.573,3,42
-1.7998,2.7593,-0.8296,412.317,99.817,45.488,4,42
-1.7451,3.0264,-0.6777,385.488,130.427,34.695,4,42
-1.5767,3.1543,-0.7124,361.768,157.073,16.159,4,42
-1.4248,3.2632,-0.5698,338.537,192.317,-6.524,4,42
-1.3877,3.3623,-0.5864,316.220,203.171,-28.720,4,42
-1.4160,3.3809,-0.7183,303.232,207.317,-46.280,4,42
-1.2964,3.2798,-0.8252,301.220,204.878,-56.220,4,42
-1.1802,3.0425,-0.9634,302.927,200.000,-49.817,4,42
-0.9883,0.0137,-0.1382,-0.793,-21.768,-12.317,3,42
-1.0054,0.0068,-0.1060,-1.280,-20.732,-11.646,3,42
-1.0103,-0.0146,-0.0820,-3.110,-21.220,-11.890,3,42
-1.0190,-0.0459,-0.0806,-3.537,-21.037,-12.805,3,42
-1.0171,-0.0630,-0.0596,-2.744,-19.573,-13.232,3,42
-1.0107,-0.0811,-0.0439,-0.976,-18.293,-13.232,3,42
-1.0010,-0.0825,-0.0161,0.000,-16.707,-12.012,3,42
-0.9888,-0.0718,-0.0234,0.549,-15.671,-11.159,3,42
-0.9800,-0.0464,-0.0234,0.000,-14.573,-10.183,3,42
-0.9849,-0.0303,-0.0400,-0.305,-12.927,-9.573,3,42
-0.9834,-0.0229,-0.0527,-0.183,-11.585,-8.598,3,42
-0.9805,-0.0078,-0.0557,0.305,-9.939,-7.500,3,42
-0.9771,-0.0049,-0.0645,1.098,-8.476,-6.829,3,42
-0.9814,0.0039,-0.0518,2.134,-7.012,-6.098,3,42
-0.9790,0.0088,-0.0645,3.415,-5.976,-5.183,3,42
-0.9761,0.0186,-0.0757,5.610,-4.695,-4.207,3,42
-2.3345,-0.1089,-1.2817,293.720,161.280,195.061,4,42
-2.4927,-0.0679,-1.2964,275.488,162.256,188.780,4,42
-2.5454,-0.0073,-1.3208,264.817,163.598,184.573,4,42
-2.5518,0.2051,-1.3374,231.707,170.305,172.134,4,42
-2.5205,0.2832,-1.3438,221.890,174.024,168.780,4,42
-2.4595,0.4053,-1.3750,210.671,183.537,161.829,4,42
-2.2915,0.5010,-1.3730,209.146,202.927,156.159,4,42
-2.1870,0.5142,-1.3511,215.183,218.110,155.000,4,42
-2.3345,-0.1089,-1.2817,293.720,161.280,195.061,4,42
-2.0850,0.5220,-1.2349,231.768,253.537,156.341,4,42
-2.0845,0.5381,-1.1465,238.902,270.854,159.024,4,42
-2.0908,0.5537,-1.0361,243.110,285.427,162.256,4,42
-2.1187,0.5786,-0.9224,244.390,296.646,166.707,4,42
-2.1528,0.5972,-0.7944,242.988,302.988,170.549,4,42
-2.1992,0.6006,-0.6821,239.634,305.244,174.390,4,42
-2.2437,0.6074,-0.5649,234.207,304.390,177.622,4,42
-1.1182,0.0474,0.1289,23.171,41.280,-2.195,3,42
-1.1338,0.0532,0.1309,27.683,45.244,-2.500,3,42
-1.1558,0.0674,0.1367,32.317,48.902,-2.378,3,42
-1.1753,0.0791,0.1563,36.768,53.232,-2.744,3,42
-1.1982,0.0884,0.1714,41.829,57.256,-2.500,3,42
-1.2222,0.1021,0.1924,46.341,61.768,-2.073,3,42
-1.2378,0.1064,0.2021,50.305,66.037,-1.768,3,42
-1.2480,0.0767,0.1943,53.902,70.671,-1.402,3,42
-2.4185,0.6528,0.0151,167.622,261.402,178.659,4,42
-2.3740,0.6289,0.0713,167.012,263.780,176.585,4,42
-2.3198,0.5752,0.1182,166.524,266.402,174.390,4,42
-2.2529,0.5063,0.1929,164.939,267.927,171.524,4,42
-2.2222,0.4380,0.2310,164.939,271.341,168.598,4,42
-2.1938,0.3735,0.2456,162.622,273.110,165.305,4,42
-2.1641,0.2988,0.2466,159.573,272.317,161.951,4,42
-2.1309,0.2222,0.2671,156.220,269.939,158.110,4,42
-1.1401,-0.7524,0.1162,33.720,110.671,-4.207,3,42
-1.1519,-0.8765,0.0161,46.951,115.244,1.341,3,42
-1.1919,-0.8652,0.0610,48.232,116.524,3.232,3,42
-1.2275,-0.8335,0.0649,36.890,116.463,1.829,3,42
-1.2134,-0.8403,0.0776,23.476,117.561,-0.183,3,42
-1.1890,-0.8472,0.0933,11.890,118.659,-0.976,3,42
-1.1626,-0.8320,0.0820,-0.610,120.427,-0.366,3,42
-1.1260,-0.8218,0.0342,-12.073,122.317,1.951,3,42
-1.9370,-0.1367,1.2388,76.098,256.220,117.866,4,42
-1.9063,-0.2505,1.3257,48.659,256.280,112.927,4,42
-1.8604,-0.4087,1.3931,17.195,252.500,111.585,4,42
-1.7920,-0.5630,1.3901,-9.146,244.451,112.744,4,42
-1.7036,-0.6802,1.3418,-22.500,232.683,114.939,4,42
-1.6328,-0.7061,1.2739,-23.476,219.329,118.232,4,42
-1.5298,-0.6587,1.2300,-16.524,205.488,120.122,4,42
-1.4229,-0.5269,1.2139,-8.415,194.512,122.439,4,42
-0.5776,-0.1348,-0.6274,-59.268,117.622,11.159,3,42
-0.6191,-0.0190,-0.6230,-58.659,116.341,11.280,3,42
-0.6519,0.0820,-0.6245,-54.268,114.756,13.598,3,42
-0.6812,0.1650,-0.6284,-47.134,113.720,17.683,3,42
-0.6719,0.2173,-0.6113,-39.085,113.415,22.195,3,42
-0.6611,0.2275,-0.5562,-30.854,113.780,25.671,3,42
-0.6772,0.1929,-0.4746,-20.915,114.085,27.866,3,42
-0.7183,0.1357,-0.3682,-10.793,114.512,29.573,3,42
-2.6968,2.3970,0.8081,96.524,164.512,123.659,4,42
-2.8174,5.7354,-2.2500,48.171,50.244,107.622,4,42
-1.6890,2.9624,-0.9629,-236.402,-80.610,88.841,4,42
-1.4463,2.2129,2.9526,-161.707,-64.695,58.841,4,42
-0.6738,-0.5073,10.9692,60.549,165.549,-28.476,4,42
-0.4824,-4.7534,15.9995,265.610,792.134,17.561,4,42
-7.9438,-5.8794,15.7021,265.671,1110.854,38.598,4,42
-5.4922,-10.4224,11.4385,378.171,714.573,-69.817,4,42
0.1519,-11.7378,9.8643,553.415,152.256,66.890,4,42
1.1631,-11.1318,12.3618,733.293,-217.256,203.659,4,42
0.6191,-9.4312,14.3110,600.183,-408.598,135.488,4,42
1.4282,-6.0811,12.2593,487.012,-466.890,-41.037,4,42
0.8774,-2.2969,8.0127,549.390,-452.500,-169.024,4,42
0.8364,-1.0317,3.8462,454.817,-441.098,-186.159,4,42
0.7686,-0.5815,1.5508,304.634,-463.293,-156.341,4,42
0.2002,-0.5356,-0.0112,133.598,-526.646,-95.488,4,42
-1.1079,-0.1899,-1.6484,-107.317,-638.963,-15.427,4,42
-7.0103,-0.1299,-5.2676,-759.390,-624.817,72.439,4,42
-14.9893,-2.3730,-3.8667,-977.561,-465.976,119.207,4,42
-11.9004,-4.1411,-2.0830,-484.024,-424.756,201.220,4,42
-13.7788,-5.7539,-1.2515,-150.976,-148.232,156.341,4,42
-8.1357,-4.3486,1.7671,62.378,-118.232,113.902,4,42
-4.7915,-3.2456,2.3613,74.573,-95.671,50.854,4,42
-2.8730,-3.4165,2.5117,-54.939,-61.768,31.585,4,42
-1.0049,-0.0249,-0.5039,21.707,50.915,23.780,3,42
-0.9927,0.1060,-0.4658,21.585,49.329,22.134,3,42
-0.9819,0.2617,-0.4375,21.341,48.293,19.817,3,42
-0.9644,0.3740,-0.4507,22.195,47.317,17.988,3,42
-0.9067,0.3945,-0.5088,27.134,46.037,16.280,3,42
-0.8745,0.3560,-0.5430,32.683,43.659,13.841,3,42
-0.8457,0.2461,-0.5444,37.317,41.402,11.341,3,42
-0.8101,0.0972,-0.5527,40.122,39.329,8.598,3,42
-1.9663,1.2490,2.9775,115.976,120.061,-45.000,4,42
-1.9355,0.8223,3.1191,2.683,82.805,93.841,4,42
-2.8130,0.1226,2.9209,-122.561,8.537,189.634,4,42
-3.2324,-0.9404,2.5229,-227.195,-74.878,271.220,4,42
-3.5962,-2.0049,1.8696,-279.390,-178.598,293.780,4,42
-4.4419,-3.3218,0.3354,-323.232,-235.488,244.268,4,42
-6.3931,-4.8101,-2.0225,-446.585,-34.146,52.561,4,42
-6.9072,-4.9380,-0.8862,-104.512,115.854,-46.159,4,42
-5.8359,-3.2295,0.3413,186.951,181.524,-17.805,4,42
-4.9023,-2.4155,1.5337,238.537,246.463,14.451,4,42
-3.9053,-2.1738,2.3804,185.854,248.841,28.720,4,42
-3.1553,-2.0991,2.7354,95.732,229.573,26.646,4,42
-2.6787,-2.1367,2.8433,16.890,213.293,13.415,4,42
-2.4907,-2.2910,2.8633,-35.854,202.866,3.049,4,42
-2.5532,-2.5049,2.8203,-75.244,195.000,1.890,4,42
-2.7720,-2.6885,2.8096,-108.537,185.854,11.768,4,42
-3.0366,-2.8159,2.8574,-135.305,175.671,27.927,4,42
-3.1670,-2.8345,2.9556,-162.317,168.598,43.780,4,42
-3.1904,-2.8496,3.0771,-183.293,162.866,55.183,4,42
-3.1831,-2.8501,3.1528,-199.573,160.244,60.427,4,42
-3.0361,-2.8032,3.2061,-211.951,161.890,60.976,4,42
-2.7925,-2.7563,3.3486,-219.390,171.037,55.549,4,42
-2.7822,-2.7998,3.5098,-222.744,179.390,50.976,4,42
-2.4614,-2.7417,3.7822,-224.451,193.354,44.756,4,42
-2.3975,-2.7134,4.0649,-221.890,212.561,35.000,4,42
-2.2573,-2.5806,4.2065,-217.927,228.963,27.134,4,42
-2.0972,-2.3232,4.0259,-212.561,240.488,15.305,4,42
-1.8867,-1.9121,3.4976,-203.659,235.915,5.976,4,42
-1.6279,-1.4639,2.7959,-193.110,213.049,0.000,4,42
-1.3799,-1.0713,2.1196,-188.902,171.463,1.890,4,42
-1.1846,-0.7588,1.6289,-196.585,116.341,10.793,4,42
-1.1426,-0.5386,1.3379,-228.780,53.902,25.732,4,42
-1.3418,-0.3164,1.0225,-284.268,-7.683,42.378,4,42
-1.7402,-0.2065,0.5854,-352.500,-50.366,58.049,4,42
-2.3896,-0.3896,0.2217,-409.695,-65.549,66.280,4,42
-2.9541,-0.7349,0.0752,-425.793,-56.098,58.902,4,42
-3.1206,-0.9448,0.2666,-401.768,-20.000,30.366,4,42
-3.2402,-1.1943,0.8120,-354.939,23.902,-14.939,4,42
-2.7280,-1.3281,1.3472,-318.110,59.207,-52.195,4,42
-2.4512,-1.5527,2.2319,-308.354,87.439,-88.659,4,42
-1.2153,-1.2744,2.2251,-314.451,120.671,-121.707,4,42
-0.9536,-1.2368,2.0918,-323.110,141.829,-153.902,4,42
-0.7173,-1.2583,1.9019,-308.415,133.841,-174.695,4,42
-0.7310,-1.3618,1.7896,-257.195,99.512,-185.000,4,42
-0.8599,-1.2344,1.7192,-164.634,43.963,-190.061,4,42
-0.8281,-0.7773,1.7622,-60.854,-19.268,-190.671,4,42
-0.6997,-0.1089,1.7915,23.780,-81.829,-195.671,4,42
-0.4902,0.4922,1.8008,81.768,-138.415,-213.963,4,42
-0.3618,0.9648,1.8154,113.354,-187.866,-242.134,4,42
-0.4390,1.7749,1.8809,112.561,-228.963,-266.341,4,42
-0.3848,2.2891,1.8193,46.585,-245.183,-273.232,4,42
-0.3599,2.5073,1.7612,-52.073,-239.146,-253.415,4,42
-0.4077,2.4771,1.7876,-136.402,-229.024,-218.171,4,42
-0.5518,1.9258,1.9707,-195.854,-224.024,-172.134,4,42
-0.7910,0.9678,2.1494,-221.341,-226.159,-146.646,4,42
-1.0342,0.3896,2.5381,-243.963,-236.646,-152.378,4,42
-0.9326,-0.4263,-0.1235,-38.171,-89.024,-21.098,3,42
-0.9595,-0.3984,-0.1123,-41.951,-87.378,-20.976,3,42
-0.9800,-0.3569,-0.0977,-44.085,-86.280,-20.549,3,42
-1.0049,-0.3154,-0.0884,-44.695,-85.427,-19.390,3,42
-1.0103,-0.2764,-0.0771,-43.720,-84.024,-18.537,3,42
-1.0200,-0.2314,-0.0776,-43.780,-82.561,-17.012,3,42
-1.0239,-0.2153,-0.0654,-45.122,-80.671,-15.854,3,42
-1.0381,-0.2153,-0.0776,-46.951,-79.207,-14.451,3,42
-1.2310,-0.9063,1.7949,-85.671,-254.146,-276.037,4,42
-1.2607,-0.7329,1.7646,-66.768,-232.988,-292.988,4,42
-1.3096,-0.5317,1.7549,-53.293,-222.622,-301.585,4,42
-1.3652,-0.3516,1.7192,-42.073,-224.634,-303.293,4,42
-1.4165,-0.2227,1.6602,-34.024,-236.890,-301.707,4,42
-1.4771,-0.1069,1.6001,-30.244,-256.220,-299.024,4,42
-1.5444,-0.0117,1.5049,-30.549,-278.963,-296.768,4,42
-1.6631,0.0508,1.3926,-35.915,-302.317,-295.366,4,42
-0.9272,-0.2817,-0.0952,-79.817,-62.073,-3.415,3,42
-0.9316,-0.2432,-0.0674,-81.951,-59.939,-3.232,3,42
-0.9448,-0.2134,-0.0376,-83.841,-57.561,-3.171,3,42
-0.9658,-0.2104,-0.0093,-85.122,-55.366,-3.049,3,42
-0.9834,-0.2139,0.0264,-84.512,-53.293,-2.805,3,42
-1.0010,-0.2168,0.0444,-83.293,-51.341,-2.561,3,42
-1.0132,-0.2231,0.0259,-80.000,-49.573,-2.378,3,42
-1.0137,-0.2280,0.0020,-75.122,-48.049,-2.012,3,42
-1.0273,-0.2104,-0.0327,-70.488,-46.159,-1.707,3,42
-1.0361,-0.1963,-0.0591,-65.732,-44.634,-1.098,3,42
-1.0527,-0.1968,-0.0791,-61.037,-43.293,-1.037,3,42
-1.0547,-0.1963,-0.1069,-56.402,-41.951,-0.915,3,42
-1.0635,-0.2129,-0.1338,-51.768,-40.915,-0.549,3,42
-1.0562,-0.2188,-0.1348,-46.951,-40.061,-0.671,3,42
-1.0542,-0.2075,-0.1387,-42.927,-39.390,-0.854,3,42
-1.0361,-0.1865,-0.1313,-39.817,-38.415,-1.585,3,42
-3.5112,1.9375,0.8535,79.451,-334.695,-240.732,4,42
-3.8306,2.2886,0.7134,119.207,-346.585,-192.012,4,42
-3.9873,2.7241,0.3389,125.000,-367.378,-143.720,4,42
-4.7021,3.0464,-0.7847,82.988,-365.976,-139.390,4,42
-6.0967,3.3013,-2.2139,29.329,-402.256,-197.561,4,42
-7.1338,-0.2104,-6.4922,-24.634,-428.780,-324.207,4,42
-14.4370,-11.5815,-16.0000,65.427,-196.951,-675.061,4,42
-15.9771,-7.6274,-16.0000,483.232,58.171,-782.500,4,42
-3.5361,10.3091,-9.7515,333.841,29.573,-561.646,4,42
8.4092,3.0732,-2.8213,-773.841,276.951,-350.732,4,42
8.7334,3.1484,-3.5522,-1201.646,318.293,-214.146,4,42
6.2930,9.6538,-15.6465,-755.488,-28.415,-117.378,4,42
4.5708,13.6177,-14.5068,-457.561,-215.183,-123.354,4,42
0.3315,15.1289,-12.2222,-163.232,-362.805,-41.829,4,42
0.7266,11.7070,-9.1094,-32.683,-125.305,65.061,4,42
0.3174,7.8872,-6.9956,-44.817,29.939,40.915,4,42
-0.0313,5.6582,-4.9849,-106.646,26.646,27.744,4,42
-0.3403,4.0439,-3.8599,-160.366,-72.317,33.659,4,42
-0.7910,3.0063,-2.9546,-173.720,-195.732,54.573,4,42
-0.5874,2.8726,-2.5127,-180.244,-295.244,73.171,4,42
-0.7319,2.8677,-2.4424,-211.280,-342.317,84.573,4,42
-0.7969,3.3545,-2.4194,-255.793,-355.000,90.366,4,42
-1.2021,3.5781,-2.1221,-355.854,-335.000,101.220,4,42
-1.3164,3.5142,-1.6172,-461.098,-322.378,103.841,4,42
-1.1650,-0.1670,-0.0396,-55.366,-16.646,-0.793,3,42
-1.1602,-0.2231,-0.0918,-44.329,-16.524,0.183,3,42
-1.1118,-0.2603,-0.1489,-33.720,-17.012,1.829,3,42
-1.0479,-0.2466,-0.2188,-23.171,-16.707,3.354,3,42
-0.9849,-0.1816,-0.2588,-14.512,-16.524,4.634,3,42
-0.9429,-0.0669,-0.2681,-8.902,-16.829,5.183,3,42
-0.9243,0.0322,-0.2305,-7.195,-16.951,4.695,3,42
-0.9326,0.1108,-0.1909,-7.988,-16.890,3.049,3,42
-0.9370,0.1265,-0.1704,-7.866,-16.829,1.707,3,42
-0.9375,0.1304,-0.1685,-5.061,-16.646,0.976,3,42
-0.9531,0.1206,-0.1465,0.122,-16.220,0.427,3,42
-0.9497,0.1260,-0.1313,5.488,-15.183,0.671,3,42
-0.9521,0.1377,-0.1333,11.098,-13.841,1.220,3,42
-0.9448,0.1587,-0.1504,16.098,-13.415,1.707,3,42
-0.9604,0.1689,-0.1572,20.122,-12.561,2.012,3,42
-0.9561,0.1826,-0.1606,23.293,-12.378,1.707,3,42
-1.2422,2.2612,-0.9771,335.488,57.012,95.366,4,42
-1.3472,2.5894,-0.8345,351.524,55.732,107.012,4,42
-1.4873,2.8174,-0.8242,354.268,71.890,105.244,4,42
-1.5576,2.9658,-0.7681,346.646,103.659,93.171,4,42
-1.6230,3.0518,-0.7373,344.634,138.720,76.524,4,42
-1.5898,3.1396,-0.6797,349.329,171.280,60.976,4,42
-1.5430,3.1860,-0.6328,356.524,198.598,50.183,4,42
-1.4956,3.1929,-0.5854,365.915,219.939,42.500,4,42
-1.0576,-0.0894,-0.0957,34.451,-7.805,-9.695,3,42
-1.0410,-0.1182,-0.1108,33.720,-7.622,-10.915,3,42
-1.0259,-0.1382,-0.1094,31.463,-7.317,-12.561,3,42
-1.0127,-0.1475,-0.1074,28.293,-6.707,-14.146,3,42
-0.9912,-0.1743,-0.0952,25.000,-6.890,-15.305,3,42
-0.9917,-0.1934,-0.0869,21.402,-6.707,-16.159,3,42
-0.9775,-0.2256,-0.0757,17.805,-6.463,-16.098,3,42
-0.9722,-0.2437,-0.0898,13.841,-6.402,-16.220,3,42
-0.9707,-0.2515,-0.1030,9.207,-6.037,-15.915,3,42
-0.9561,-0.2637,-0.1138,3.780,-5.488,-14.939,3,42
-0.9531,-0.2720,-0.1167,-3.293,-4.878,-13.476,3,42
-0.9614,-0.2856,-0.1328,-10.732,-4.085,-12.561,3,42
-0.9517,-0.3008,-0.1406,-17.439,-3.537,-10.793,3,42
-0.9482,-0.2998,-0.1382,-23.415,-2.805,-9.634,3,42
-0.9429,-0.2798,-0.1294,-28.902,-1.768,-8.720,3,42
-0.9468,-0.2510,-0.1294,-34.390,-0.915,-7.805,3,42
-2.1348,1.2959,-1.3574,370.122,175.000,196.280,4,42
-2.3691,1.1138,-1.4487,362.561,179.878,198.659,4,42
-2.5874,0.9395,-1.4634,355.732,186.890,198.598,4,42
-2.7378,0.8110,-1.4663,345.854,193.841,198.110,4,42
-2.8398,0.7114,-1.3931,336.707,200.549,196.220,4,42
-2.9023,0.6655,-1.3179,325.549,206.341,194.390,4,42
-2.9126,0.6362,-1.1880,314.573,211.463,192.622,4,42
-2.8955,0.6001,-1.0786,302.378,216.402,190.244,4,42
-2.8701,0.5674,-0.9824,292.073,222.805,186.951,4,42
-2.8496,0.5034,-0.9131,282.927,229.573,183.415,4,42
-2.8232,0.4775,-0.8462,275.549,236.829,182.012,4,42
-2.8022,0.4414,-0.8057,269.634,245.549,181.402,4,42
-2.7642,0.4229,-0.7627,266.098,256.524,180.915,4,42
-2.7056,0.4277,-0.7256,263.841,269.695,181.220,4,42
-2.6362,0.4512,-0.6880,261.585,283.415,182.012,4,42
-2.5718,0.4741,-0.6362,257.988,297.256,182.988,4,42
-2.5449,0.5059,-0.5630,251.585,307.805,184.390,4,42
-2.5630,0.5229,-0.4844,240.976,315.122,184.817,4,42
-2.6045,0.5205,-0.4019,225.793,317.317,184.451,4,42
-2.6567,0.5103,-0.3340,208.049,314.085,182.866,4,42
-2.7100,0.5063,-0.2974,188.476,307.134,181.524,4,42
-2.7524,0.5049,-0.2427,168.963,297.561,180.671,4,42
-2.7695,0.5146,-0.2246,150.366,289.146,181.524,4,42
-2.7695,0.5332,-0.2075,134.024,282.195,182.378,4,42
-2.7505,0.5649,-0.2212,121.402,279.268,183.780,4,42
-2.7456,0.5967,-0.2354,112.012,278.963,184.451,4,42
-2.7358,0.6104,-0.2495,105.610,280.061,184.390,4,42
-2.7373,0.6025,-0.2402,102.317,282.683,183.598,4,42
-2.7271,0.5830,-0.2090,101.890,286.524,183.049,4,42
-2.7202,0.5776,-0.1484,103.537,289.085,182.805,4,42
-2.7124,0.5732,-0.0537,105.244,290.122,185.305,4,42
-2.7231,0.5869,0.0513,106.829,286.829,192.988,4,42
-2.6807,0.5669,0.1416,107.744,282.012,203.537,4,42
-2.5977,0.4907,0.2363,107.622,278.293,210.427,4,42
-2.5215,0.3911,0.3018,105.305,278.841,208.841,4,42
-2.5249,0.3447,0.3608,100.854,279.878,204.451,4,42
-2.5337,0.3159,0.4150,91.646,278.354,202.256,4,42
-2.5288,0.2715,0.4912,78.476,273.598,201.402,4,42
-2.5103,0.2300,0.5527,63.476,268.659,201.220,4,42
-2.5073,0.1978,0.6367,50.427,265.610,200.549,4,42
-2.5112,0.1606,0.7319,42.500,264.024,198.415,4,42
-2.5020,0.1304,0.8232,39.146,264.390,193.902,4,42
-2.4434,0.0942,0.8901,37.378,266.098,189.146,4,42
-2.4233,0.1113,0.9297,34.146,267.561,185.061,4,42
-2.3564,0.0781,1.0391,25.915,264.085,180.122,4,42
-2.3374,0.1543,1.0254,21.585,262.988,179.146,4,42
-2.2866,0.2021,1.0542,15.854,258.110,178.720,4,42
-2.2222,0.2505,1.0771,13.293,252.378,177.073,4,42
-2.1641,0.3149,1.1069,14.390,245.976,174.939,4,42
-2.0981,0.3784,1.1494,20.122,239.817,172.256,4,42
-2.0151,0.4399,1.2271,27.195,235.122,169.756,4,42
-1.9600,0.5010,1.3145,35.427,233.049,167.805,4,42
-1.9238,0.5420,1.3804,44.268,231.768,167.744,4,42
-1.8779,0.5664,1.4229,53.049,230.183,168.476,4,42
-1.8633,0.5737,1.3916,60.610,225.366,168.780,4,42
-1.8540,0.5557,1.4282,68.537,213.537,170.732,4,42
-1.8271,0.5513,1.3691,80.305,196.707,174.939,4,42
-1.8994,0.7139,1.0723,106.585,173.720,177.073,4,42
-2.0674,1.2207,0.4951,157.134,137.988,171.280,4,42
-2.1499,1.7583,0.4912,211.463,92.256,152.927,4,42
-2.1963,1.7759,1.7109,223.354,71.341,133.841,4,42
-2.4907,1.7993,3.4453,204.024,108.537,120.183,4,42
-2.0938,1.0444,6.3579,169.756,223.659,109.573,4,42
-2.4492,-0.4961,8.9746,64.085,410.122,105.427,4,42
-3.1362,-2.5425,9.4521,-90.488,553.598,103.415,4,42
-3.5347,-4.1440,7.8203,-121.524,550.488,76.768,4,42
-2.8809,-6.6460,6.0723,86.098,388.963,35.671,4,42
-1.7725,-7.5967,5.7202,394.512,149.512,86.159,4,42
-1.5430,-7.4204,7.1846,608.902,-52.378,113.293,4,42
-1.2393,-6.9189,9.1440,613.720,-155.915,62.927,4,42
-0.9424,-6.7979,10.2510,480.366,-148.232,-24.268,4,42
-0.5332,-7.2100,10.6436,365.488,-70.244,-91.646,4,42
-12.5693,-2.2178,-6.9429,-1284.024,-534.512,78.780,4,42
-14.5054,-4.9546,-4.5186,-399.268,-3.171,115.732,4,42
-10.6948,-3.2593,-0.7515,101.341,73.598,240.122,4,42
-7.6997,-3.2139,1.9976,-24.634,53.293,163.902,4,42
-4.9277,-2.5513,3.6719,-230.610,41.951,6.646,4,42
-2.6753,-2.7764,2.9810,-402.012,82.012,-87.988,4,42
-1.7964,-2.7905,2.0776,-387.988,133.720,-109.390,4,42
-2.3237,-2.1680,1.3052,-248.537,149.939,-87.317,4,42
-2.8984,-0.6143,0.9746,-66.829,98.354,-83.963,4,42
-3.0400,1.2344,1.3120,126.646,42.378,-127.256,4,42
-3.2397,2.5146,2.1016,217.195,8.232,-142.744,4,42
-2.8979,2.3188,2.2554,153.902,0.183,-94.268,4,42
-2.7300,0.9199,1.8447,-14.695,-12.988,15.305,4,42
-2.9150,-0.7710,1.1187,-113.415,-16.890,132.195,4,42
-3.6099,-2.0059,0.5713,-114.817,-19.634,178.049,4,42
-4.8574,-3.9800,0.6250,-92.744,6.159,218.902,4,42
-0.9331,0.0054,-0.4429,-58.537,-107.744,-36.037,3,42
-0.9375,0.0269,-0.4067,-60.244,-108.232,-36.646,3,42
-0.9404,0.0601,-0.3486,-62.744,-108.659,-36.707,3,42
-0.9712,0.0557,-0.3145,-65.671,-108.720,-37.378,3,42
-1.0044,0.0156,-0.3120,-68.476,-108.415,-39.268,3,42
-1.0435,-0.0469,-0.2603,-71.829,-105.976,-41.159,3,42
-1.0449,-0.1094,-0.1973,-74.024,-103.720,-41.402,3,42
-1.0581,-0.1353,-0.1235,-75.793,-102.622,-40.549,3,42
-1.1025,-0.1211,-0.0796,-80.549,-102.622,-39.207,3,42
-1.1421,-0.1230,-0.0605,-89.268,-102.073,-38.232,3,42
-1.2080,-0.0815,-0.0586,-99.390,-100.000,-37.073,3,42
-1.2417,-0.0029,-0.0146,-109.451,-96.280,-34.451,3,42
-1.2744,0.0547,0.0156,-117.805,-93.171,-31.280,3,42
-1.2803,0.0859,0.0396,-122.073,-90.732,-28.293,3,42
-1.2900,0.1123,0.0640,-122.134,-87.805,-25.976,3,42
-1.3008,0.1440,0.0654,-119.207,-83.902,-24.329,3,42
-1.3037,0.2002,0.0464,-112.927,-79.085,-22.927,3,42
-1.3101,0.2905,0.0273,-103.902,-74.817,-21.463,3,42
-1.2915,0.3628,0.0044,-96.098,-70.610,-20.732,3,42
-1.2686,0.3999,-0.0503,-87.744,-65.976,-19.207,3,42
-1.3193,0.3921,-0.0347,-78.232,-60.549,-17.744,3,42
-1.3726,0.4116,-0.0166,-67.073,-54.512,-15.305,3,42
-1.3833,0.4775,-0.0078,-56.402,-47.073,-11.646,3,42
-1.3833,0.5439,-0.0054,-45.549,-39.512,-8.780,3,42
-1.3770,0.6987,0.0278,-28.476,-29.573,-3.476,3,42
-1.3335,0.8149,0.0898,-20.671,-24.085,0.000,3,42
-1.3203,0.8779,0.1372,-12.439,-18.720,3.841,3,42
-1.2817,0.8789,0.2129,-2.805,-14.695,6.402,3,42
-1.3071,0.8047,0.2656,8.354,-11.280,7.561,3,42
-1.3320,0.6782,0.3394,21.341,-7.805,7.988,3,42
-1.3623,0.5386,0.3843,35.976,-3.780,7.134,3,42
-1.3242,0.4443,0.4204,51.463,0.610,6.951,3,42
-0.9009,-1.3936,1.4736,-203.110,-97.195,-424.024,4,42
-0.9399,-1.3745,1.6831,-271.524,-127.805,-425.000,4,42
-1.0571,-1.5234,1.8511,-329.878,-170.732,-422.256,4,42
-1.2500,-1.8179,1.9507,-368.293,-225.183,-425.000,4,42
-1.4585,-2.1421,1.9736,-381.707,-289.451,-436.890,4,42
-1.6587,-2.4375,1.8901,-369.268,-357.866,-456.341,4,42
-1.9189,-2.6138,1.7354,-332.134,-422.439,-480.976,4,42
-2.2329,-2.1240,1.6904,-292.561,-479.939,-490.549,4,42
-2.5962,-1.5942,1.7568,-271.646,-528.293,-465.061,4,42
-2.9829,-1.1621,1.8267,-257.988,-564.573,-426.890,4,42
-3.4312,-0.8262,2.0010,-247.805,-583.720,-385.671,4,42
-3.5771,-0.5503,2.2827,-249.878,-589.390,-343.354,4,42
-4.3740,-0.2144,2.3979,-262.866,-580.244,-309.634,4,42
-4.8701,0.1318,2.4463,-288.171,-549.329,-292.378,4,42
-5.3374,0.5161,2.3867,-311.585,-506.159,-295.549,4,42
-5.8159,0.8608,2.2905,-320.671,-459.024,-321.098,4,42
-6.2139,1.2778,2.2290,-311.829,-415.610,-365.061,4,42
-6.3237,1.5776,2.2148,-288.293,-368.476,-424.451,4,42
-6.2266,1.7012,2.2241,-248.232,-313.293,-482.317,4,42
-6.1289,1.7295,2.1230,-199.939,-256.402,-520.671,4,42
-6.0688,1.7695,1.9419,-147.195,-205.976,-552.500,4,42
-6.1455,1.8193,1.7002,-100.732,-171.524,-570.610,4,42
-6.2632,1.7432,1.4526,-52.927,-151.646,-575.671,4,42
-6.4429,1.7051,1.1826,-0.305,-143.415,-565.732,4,42
-6.5669,1.7100,0.9219,50.488,-151.951,-550.793,4,42
-6.4697,1.7915,0.7241,88.476,-179.451,-537.500,4,42
-6.1440,1.9575,0.6265,107.134,-223.049,-526.524,4,42
-5.7383,2.1792,0.5991,99.207,-277.866,-516.341,4,42
-5.2754,2.2510,0.6177,74.268,-342.195,-497.744,4,42
-4.7744,2.2441,0.6099,50.183,-406.098,-470.366,4,42
-4.3198,2.2349,0.6348,36.890,-458.598,-435.305,4,42
-3.9834,2.3125,0.6636,38.841,-493.415,-390.000,4,42
-3.8687,2.5493,0.6504,53.476,-511.829,-336.829,4,42
-3.9507,2.8647,0.5664,72.988,-517.378,-281.402,4,42
-4.1851,3.2988,0.4321,92.012,-514.573,-231.707,4,42
-4.4531,3.7954,0.2202,101.159,-509.634,-194.146,4,42
-4.6709,4.1968,-0.0210,93.720,-508.354,-174.878,4,42
-4.8291,4.5386,-0.2563,76.463,-515.122,-174.939,4,42
-4.8467,4.7109,-0.5347,56.829,-535.732,-186.829,4,42
-4.7979,4.1377,-1.3047,49.756,-565.183,-207.256,4,42
-6.8374,0.1836,-4.8267,229.390,-535.732,-431.341,4,42
-9.3682,-4.0581,-7.0327,430.244,-636.280,-469.390,4,42
-15.1455,-4.4697,-15.2251,-71.402,-411.220,-218.659,4,42
-14.7427,4.3140,-15.9893,-572.866,-30.061,-168.415,4,42
-2.7568,15.1255,-16.0000,-572.561,-44.085,-250.427,4,42
3.3984,13.4932,-16.0000,-529.878,-131.280,-338.963,4,42
3.1909,10.3213,-13.3003,-386.220,-153.659,-288.841,4,42
2.2109,9.8198,-8.7148,-287.134,-78.293,-207.195,4,42
0.7915,10.0190,-6.6514,-365.000,-13.232,-97.500,4,42
-0.6846,8.4688,-5.6030,-354.817,-27.378,-37.012,4,42
-1.0601,6.6475,-4.3311,-199.695,-73.537,-51.585,4,42
-1.2559,5.3057,-3.2026,-72.866,-120.854,-68.171,4,42
-1.2656,4.5947,-2.2007,-1.646,-164.756,-87.622,4,42
-1.1030,4.2168,-1.3608,8.415,-189.695,-114.512,4,42
-0.8579,4.1450,-0.8540,-17.866,-197.134,-145.793,4,42
-0.6826,3.8359,-0.6709,-65.732,-196.037,-187.622,4,42
-0.6040,3.4302,-0.3979,-89.207,-222.683,-222.195,4,42
-0.5215,3.4702,-0.5576,-170.488,-237.988,-251.159,4,42
-0.5601,3.3350,-0.3135,-218.598,-289.512,-279.390,4,42
-0.1807,3.0879,-0.1523,-258.476,-332.378,-284.024,4,42
0.1523,2.7725,-0.2002,-292.256,-370.671,-254.268,4,42
0.4243,2.7056,-0.3242,-305.610,-399.207,-184.756,4,42
0.6538,2.7666,-0.6646,-300.183,-422.622,-95.610,4,42
0.7578,2.5371,-1.1533,-280.671,-442.134,-4.573,4,42
-0.9648,-0.5005,-0.2749,38.293,-48.354,4.085,3,42
-0.9604,-0.4912,-0.1548,24.268,-50.915,4.756,3,42
-0.9414,-0.4849,-0.0557,9.207,-54.634,6.098,3,42
-0.9043,-0.4946,-0.0200,-4.451,-58.963,8.354,3,42
-0.8760,-0.5186,-0.0518,-14.390,-62.317,11.402,3,42
-0.8750,-0.5234,-0.1118,-20.427,-64.207,14.146,3,42
-0.8682,-0.5103,-0.1665,-26.280,-65.305,16.585,3,42
-0.8701,-0.4985,-0.2437,-32.683,-67.317,17.927,3,42
-0.8882,-0.4751,-0.3149,-38.171,-69.695,18.659,3,42
-0.9165,-0.4360,-0.3555,-42.622,-72.195,17.500,3,42
-0.9551,-0.3682,-0.3335,-46.707,-74.329,15.366,3,42
-0.9868,-0.2690,-0.2832,-49.634,-76.037,12.683,3,42
-1.0039,-0.1582,-0.2554,-52.012,-78.232,10.244,3,42
-0.9893,-0.0630,-0.2397,-50.854,-79.512,8.415,3,42
-0.9707,0.0083,-0.2295,-46.220,-80.671,6.890,3,42
-0.9614,0.0527,-0.2104,-37.805,-80.061,6.341,3,42
-0.9570,0.0806,-0.2007,-28.476,-79.817,6.463,3,42
-0.9468,0.0903,-0.2061,-20.305,-79.939,6.463,3,42
-0.9463,0.0742,-0.1904,-14.024,-79.451,5.732,3,42
-0.9551,0.0317,-0.1860,-8.171,-79.085,5.732,3,42
-0.9614,-0.0479,-0.2178,-3.415,-79.329,4.939,3,42
-0.9385,-0.1475,-0.2739,2.622,-80.244,4.451,3,42
-0.9121,-0.2339,-0.3213,8.780,-80.549,4.451,3,42
-0.9067,-0.2959,-0.3340,15.427,-81.402,4.939,3,42
-0.9272,-0.3579,-0.2969,20.976,-82.988,6.220,3,42
-0.9453,-0.3809,-0.2754,20.427,-84.085,7.622,3,42
-0.9585,-0.3931,-0.2598,17.561,-84.085,8.598,3,42
-0.9556,-0.3799,-0.2427,12.073,-83.841,9.878,3,42
-0.9590,-0.3379,-0.2002,3.171,-84.207,10.915,3,42
-0.9751,-0.2988,-0.1523,-8.049,-84.634,11.951,3,42
-0.9897,-0.2676,-0.1104,-20.122,-85.183,12.195,3,42
-1.0020,-0.2510,-0.0649,-31.646,-85.671,13.171,3,42
-0.9883,-0.2451,-0.0068,-41.341,-85.366,14.207,3,42
-1.0034,-0.2305,0.0381,-50.305,-84.329,14.939,3,42
-1.0791,-0.2612,0.0132,-56.829,-83.476,14.817,3,42
-1.0532,-0.3154,-0.2324,-62.805,-81.890,13.354,3,42
-0.8745,-0.2676,-0.1973,-65.366,-75.000,14.573,3,42
-0.9302,-0.2002,-0.0688,-68.841,-69.085,17.500,3,42
-0.9902,-0.0542,0.0508,-83.476,-68.841,15.244,3,42
-1.0210,0.0332,0.0898,-98.476,-69.878,10.427,3,42
-2.3569,0.1855,-1.0449,108.171,289.573,197.134,4,42
-2.3813,0.2456,-1.0205,85.976,288.963,195.793,4,42
-2.4009,0.3286,-0.9893,67.927,290.915,196.951,4,42
-2.4219,0.4043,-0.9434,53.841,294.878,200.732,4,42
-2.4443,0.4707,-0.8618,43.598,299.939,206.220,4,42
-2.4609,0.5249,-0.7788,36.646,305.122,214.329,4,42
-2.4678,0.5659,-0.6699,32.988,310.000,224.085,4,42
-2.4834,0.5986,-0.5605,31.463,313.232,233.902,4,42
-2.4966,0.6353,-0.4702,30.610,314.573,244.573,4,42
-2.5068,0.6577,-0.3589,29.817,313.598,254.390,4,42
-2.5259,0.6821,-0.2661,27.500,311.098,263.780,4,42
-2.5396,0.6836,-0.1714,24.512,307.134,272.622,4,42
-2.5366,0.6899,-0.0889,21.951,303.049,282.012,4,42
-2.5356,0.6978,-0.0117,19.207,298.476,291.280,4,42
-2.5483,0.7222,0.0439,17.012,294.390,300.061,4,42
-2.5317,0.7437,0.0952,14.939,289.573,307.866,4,42
-2.5269,0.7861,0.1523,13.598,285.915,314.939,4,42
-2.5269,0.8257,0.2183,13.354,282.683,320.671,4,42
-2.5107,0.8530,0.2568,14.878,279.756,325.305,4,42
-2.5000,0.8809,0.2876,18.415,276.646,329.329,4,42
-2.4761,0.8789,0.3550,23.293,272.866,331.707,4,42
-2.4067,0.8325,0.4180,27.195,270.000,333.354,4,42
-2.3267,0.7822,0.5073,30.488,267.805,334.695,4,42
-2.2666,0.7051,0.5928,32.256,265.793,335.122,4,42
-2.2041,0.6060,0.6646,31.768,260.671,334.512,4,42
-2.1733,0.5059,0.7305,27.866,252.073,333.110,4,42
-2.1465,0.4028,0.8267,21.585,241.646,330.305,4,42
-2.1079,0.2969,0.9492,13.780,230.061,326.829,4,42
-1.9946,0.1865,1.1021,4.695,221.098,323.598,4,42
-1.8936,0.1367,1.2915,-5.793,216.341,321.768,4,42
-1.8218,0.1318,1.4634,-23.171,216.463,322.927,4,42
-1.8198,0.0356,1.5708,-41.220,219.146,322.256,4,42
-1.1968,0.3262,0.5220,255.305,106.463,-36.037,3,42
-1.1670,0.3364,0.5171,259.085,111.463,-39.390,3,42
-1.1260,0.3281,0.4902,260.854,117.622,-41.402,3,42
-1.1123,0.3091,0.4556,261.159,123.476,-42.805,3,42
-1.0928,0.2646,0.4385,260.488,129.878,-43.659,3,42
-1.1055,0.2236,0.4688,259.451,134.817,-45.183,3,42
-1.1113,0.1797,0.5322,256.951,138.354,-46.951,3,42
-1.0981,0.1260,0.5566,251.890,140.427,-48.354,3,42
-1.2402,-1.5220,1.2559,-22.744,163.720,214.878,4,42
-1.0947,-1.6147,1.0830,25.549,142.927,208.354,4,42
-0.9937,-1.6470,0.9692,78.415,125.549,200.366,4,42
-0.8989,-1.6509,0.9321,127.622,115.488,187.927,4,42
-0.8267,-1.6592,0.9619,165.000,114.268,177.256,4,42
-0.8271,-1.5625,1.0112,190.244,121.585,165.854,4,42
-0.8848,-1.4551,1.0757,203.537,136.341,154.085,4,42
-0.9810,-1.3135,1.1177,206.341,156.220,142.317,4,42
-1.0791,-1.1582,1.1143,207.500,179.024,132.378,4,42
-1.2178,-1.0161,1.0859,217.744,202.073,124.390,4,42
-1.3604,-0.8862,1.0518,237.256,221.646,119.695,4,42
-1.2983,-0.5693,1.0166,270.793,233.476,122.500,4,42
-1.0332,0.5015,0.7231,344.024,239.878,129.939,4,42
-1.7280,3.3384,-2.8672,584.024,183.902,163.171,4,42
0.2778,10.4336,-6.8735,557.317,-131.402,215.000,4,42
-0.3633,7.5767,-1.8408,31.098,-243.659,129.390,4,42
0.0073,1.6777,4.6733,-130.610,-215.854,-36.159,4,42
0.4116,-2.9126,11.5557,-218.902,25.671,-179.939,4,42
-0.7661,-10.7026,15.2144,-90.671,651.098,-125.366,4,42
-7.4175,-15.6880,15.5474,486.220,1258.659,-41.829,4,42
-7.6343,-14.2910,5.7046,871.524,970.671,-47.134,4,42
-1.8242,-10.7979,2.2803,1115.915,120.305,-79.329,4,42
0.6914,-9.7778,5.1304,995.061,-423.293,-85.610,4,42
0.4194,-7.1587,11.6294,598.476,-611.220,-50.488,4,42
0.1567,-3.0229,8.7930,98.476,-428.293,20.061,4,42
0.3110,-1.9219,5.4731,204.268,-295.488,-1.159,4,42
0.7275,-2.1929,4.3267,273.780,-258.902,-16.524,4,42
1.1479,-2.2227,0.9297,306.463,-309.268,-3.598,4,42
0.7896,-2.4004,0.7202,290.061,-352.195,0.061,4,42
-0.3506,-3.3613,0.4614,246.646,-448.232,-20.854,4,42
-6.4990,-4.4702,-0.0063,-0.854,-750.793,-27.317,4,42
-11.9214,-4.2925,-1.6309,-317.683,-792.195,-43.415,4,42
-0.7314,0.1831,-0.3345,0.488,127.134,48.598,3,42
-0.6343,0.1533,-0.5625,18.232,122.866,44.573,3,42
-0.5142,0.0771,-0.7607,35.366,117.256,39.268,3,42
-0.4385,0.0215,-0.9810,47.927,110.976,35.976,3,42
-0.4438,-0.0796,-1.1831,58.049,103.902,33.232,3,42
-0.4336,-0.1387,-1.2402,65.366,97.317,32.744,3,42
-0.5283,-0.1665,-1.1006,66.280,89.695,31.098,3,42
-0.5718,-0.1025,-1.0005,63.720,83.049,30.915,3,42
-0.6045,-1.1567,1.8823,-115.549,40.549,-193.720,4,42
-0.7310,0.2852,1.5557,-13.354,78.598,-261.037,4,42
-1.0952,1.2983,1.4526,57.622,91.220,-284.634,4,42
-1.7349,2.2510,1.6172,109.634,77.317,-276.463,4,42
-2.1958,2.8481,1.9844,130.000,43.110,-202.988,4,42
-2.5161,2.6919,2.5322,96.646,-8.720,-55.183,4,42
-2.2129,1.8740,2.9468,11.098,-43.293,124.817,4,42
-2.1851,1.0762,2.9502,-95.915,-56.890,250.244,4,42
-2.5327,-0.2378,2.9331,-191.220,-68.354,282.317,4,42
-3.3540,-1.3579,2.4033,-262.439,-86.341,259.207,4,42
-4.4385,-2.6475,1.3359,-284.695,-98.659,159.634,4,42
-5.8989,-4.0190,-0.4956,-289.024,-32.805,-12.378,4,42
-6.3701,-3.9150,-0.9219,-202.012,96.890,-138.476,4,42
-5.5854,-2.8179,0.0752,55.061,135.488,-94.634,4,42
-4.3857,-2.2275,0.9014,211.524,151.524,-11.098,4,42
-3.5249,-2.1787,1.6841,211.341,184.756,40.915,4,42
-0.9370,0.2744,-0.5410,40.732,11.585,-3.902,3,42
-0.8223,0.2881,-0.6460,42.561,6.951,-7.378,3,42
-0.6909,0.2471,-0.7212,45.183,1.402,-10.000,3,42
-0.6021,0.1733,-0.8110,47.256,-5.122,-11.707,3,42
-0.5596,0.0605,-0.8945,47.317,-13.049,-13.110,3,42
-0.5620,-0.0781,-0.9741,46.159,-20.732,-14.634,3,42
-0.5693,-0.2012,-1.0068,43.476,-29.817,-15.610,3,42
-0.5938,-0.2651,-0.9775,38.110,-38.171,-16.402,3,42
-4.0298,-3.6470,1.9956,-157.378,171.341,103.476,4,42
-4.2246,-3.7534,2.2314,-137.927,203.841,112.439,4,42
-4.1616,-3.8315,2.5957,-99.756,239.817,122.195,4,42
-3.3589,-3.6123,3.1450,-75.000,279.329,127.927,4,42
-2.8530,-3.5928,3.7266,-89.939,318.232,120.488,4,42
-2.5884,-3.6831,4.1489,-137.866,344.329,94.756,4,42
-2.5332,-3.8770,4.4385,-202.683,356.098,60.976,4,42
-2.5962,-3.9937,4.5229,-254.024,355.793,30.732,4,42
-2.5254,-3.8774,4.2993,-266.829,343.537,12.927,4,42
-2.2749,-3.4063,3.7104,-238.537,317.927,11.524,4,42
-1.8867,-2.7510,2.8916,-192.439,277.744,21.951,4,42
-1.5322,-2.1279,1.8813,-153.232,217.012,43.841,4,42
-1.3589,-1.7964,0.9819,-135.061,136.220,75.610,4,42
-1.4976,-1.9189,0.0146,-152.805,47.073,112.134,4,42
-2.3198,-1.8989,-1.2412,-232.683,-2.134,133.963,4,42
-3.8276,-1.9199,-2.2124,-385.000,34.939,138.354,4,42
-4.9854,-1.7935,-3.1855,-474.146,138.963,137.866,4,42
-4.3848,-1.5400,-1.7495,-431.463,186.829,149.634,4,42
-3.0684,-1.0591,-0.1543,-257.134,227.378,134.573,4,42
-1.7910,-0.8613,0.9766,-109.573,262.134,89.146,4,42
-0.7466,-0.4766,1.3311,-87.256,265.671,29.146,4,42
-0.4170,-0.5645,3.1030,-162.134,301.768,-54.939,4,42
-0.9668,-0.5620,2.5645,-262.500,314.329,-139.085,4,42
-1.3740,-0.8037,2.5913,-340.183,262.561,-206.402,4,42
-0.3726,2.2632,0.6499,-86.707,-152.805,-125.122,4,42
-0.4375,1.9722,0.9253,-96.646,-104.573,-145.732,4,42
-0.5269,1.4849,1.5605,-78.293,-40.488,-171.341,4,42
-0.7104,1.2544,2.1362,-99.390,-5.183,-213.537,4,42
-0.8965,0.7368,3.1558,-160.671,25.793,-258.659,4,42
-1.0972,0.1548,3.8774,-264.756,38.293,-305.000,4,42
-1.2886,-0.5078,4.0005,-352.744,30.000,-335.732,4,42
-1.3369,-1.1895,3.8027,-388.293,-9.512,-349.695,4,42
-0.6714,-0.0195,-0.3140,-40.122,-63.963,-18.293,3,42
-0.6499,0.0459,-0.3506,-38.293,-65.854,-15.854,3,42
-0.6440,0.1226,-0.4248,-37.439,-67.866,-12.866,3,42
-0.6631,0.1787,-0.4741,-35.366,-69.390,-9.451,3,42
-0.6909,0.2148,-0.5034,-33.598,-70.244,-5.427,3,42
-0.7144,0.2041,-0.5347,-30.488,-72.256,-2.805,3,42
-0.7505,0.1494,-0.5576,-26.585,-73.110,-1.037,3,42
-0.7944,0.0728,-0.5513,-22.195,-74.390,-0.427,3,42
-0.8320,-0.0039,-0.5439,-18.415,-75.366,0.061,3,42
-0.8872,-0.0776,-0.5151,-14.390,-75.549,1.037,3,42
-0.9585,-0.1382,-0.4297,-9.512,-75.854,2.134,3,42
-1.0327,-0.1943,-0.3135,-5.671,-75.976,3.537,3,42
-1.0962,-0.2539,-0.2104,-1.768,-76.829,4.329,3,42
-1.1484,-0.2866,-0.1357,1.646,-75.976,4.695,3,42
-1.1841,-0.3115,-0.0615,4.512,-74.207,5.061,3,42
-1.2241,-0.3213,0.0225,6.098,-71.220,5.793,3,42
-1.5073,-0.3115,1.3013,-12.134,-214.939,-454.085,4,42
-1.5762,-0.3481,1.3574,-11.098,-225.183,-454.817,4,42
-1.7349,-0.2544,1.4312,-11.585,-239.207,-458.049,4,42
-1.8384,-0.1421,1.5132,-15.549,-260.122,-454.939,4,42
-1.9644,-0.0493,1.5879,-19.756,-285.427,-450.000,4,42
-2.2119,0.1021,1.7065,-25.793,-314.695,-440.732,4,42
-2.4443,0.2476,1.8491,-32.073,-346.646,-427.988,4,42
-2.7046,0.4980,2.0186,-39.512,-376.646,-413.476,4,42
-3.0479,0.8418,2.2246,-49.756,-403.902,-390.183,4,42
-3.1333,1.1826,2.3701,-60.854,-426.707,-355.976,4,42
-4.0034,1.4907,2.1113,-62.744,-445.000,-312.683,4,42
-3.9712,1.4556,1.8896,-50.732,-453.049,-267.134,4,42
-4.4297,1.5503,1.5337,-15.732,-442.073,-224.634,4,42
-4.9058,1.8936,0.9805,35.061,-420.061,-200.305,4,42
-5.2803,2.3169,0.2759,69.756,-403.171,-207.317,4,42
-5.2998,2.8169,-0.2729,55.061,-400.305,-234.817,4,42
-5.0923,3.4297,-0.6499,18.049,-400.488,-267.195,4,42
-4.4976,3.4966,-1.1221,-20.854,-406.890,-335.671,4,42
-3.8945,3.3306,-1.3926,-57.256,-410.854,-394.878,4,42
-4.2695,2.8687,-3.7417,-43.049,-360.427,-490.854,4,42
-5.3242,1.1763,-5.5977,-15.549,-296.829,-591.341,4,42
-10.6182,-3.2720,-11.0815,37.073,-125.488,-762.195,4,42
-16.0000,-8.3286,-16.0000,-192.012,283.659,-817.927,4,42
-16.0000,1.2075,-16.0000,-215.854,506.768,-489.634,4,42
-0.9980,-0.4214,-0.0513,-151.890,-24.146,2.012,3,42
-0.9785,-0.3833,-0.0728,-156.037,-25.671,2.439,3,42
-0.9404,-0.3291,-0.1777,-157.317,-26.341,2.439,3,42
-0.9180,-0.2783,-0.2734,-156.220,-25.244,2.439,3,42
-0.9258,-0.2544,-0.2710,-152.134,-23.354,2.988,3,42
-0.9546,-0.2056,-0.2178,-145.488,-23.354,2.805,3,42
-1.0029,-0.1001,-0.1851,-139.207,-24.939,1.037,3,42
-1.0337,0.0342,-0.1699,-136.829,-26.098,-1.463,3,42
-3.1665,7.1973,-6.5059,-420.854,-107.744,-32.561,4,42
-2.6572,6.3164,-4.4961,-324.268,-53.476,-88.963,4,42
-1.6738,5.3711,-2.6284,-288.171,-59.329,-118.049,4,42
-1.4648,4.6836,-1.7534,-282.683,-84.329,-111.707,4,42
-1.2856,4.0493,-1.3994,-240.061,-146.768,-79.207,4,42
-0.7588,3.9063,-1.2739,-203.171,-203.841,-54.695,4,42
-0.4512,3.7446,-1.1895,-186.829,-238.963,-41.524,4,42
-0.3154,3.8682,-1.0391,-195.000,-259.207,-37.744,4,42
-0.2227,4.0029,-0.8511,-240.183,-274.146,-40.122,4,42
-0.1475,4.0200,-0.7290,-294.573,-280.244,-56.463,4,42
-0.0420,3.9673,-0.2568,-324.512,-283.110,-73.598,4,42
0.0928,4.6162,0.2363,-303.171,-270.549,-91.768,4,42
0.1304,5.1719,0.5513,-280.366,-260.915,-98.476,4,42
0.1074,5.4961,0.2065,-316.646,-291.829,-68.598,4,42
0.4287,5.3672,-0.5400,-465.671,-373.720,-9.390,4,42
0.6558,3.6797,-1.4785,-644.573,-441.220,99.695,4,42
-0.9927,-0.1572,-0.1191,-47.500,-18.963,-12.195,3,42
-1.0083,-0.1606,-0.0884,-49.512,-20.183,-12.622,3,42
-1.0024,-0.1704,-0.0903,-50.854,-20.732,-13.537,3,42
-0.9795,-0.1880,-0.1333,-51.341,-20.671,-14.146,3,42
-0.9512,-0.1904,-0.1675,-49.634,-19.390,-13.537,3,42
-0.9316,-0.1797,-0.1855,-48.110,-18.720,-11.341,3,42
-0.9268,-0.1572,-0.1597,-48.476,-18.963,-9.573,3,42
-0.9409,-0.1284,-0.1147,-51.463,-20.000,-8.841,3,42
-1.6294,1.9126,-0.3188,162.439,205.671,185.305,4,42
-1.3364,1.5210,-0.2993,136.890,126.707,196.280,4,42
-1.2476,1.2671,-0.8760,130.000,31.159,196.585,4,42
-1.0469,1.1147,-0.7617,152.622,-45.549,189.390,4,42
-1.0259,1.1636,-0.8691,210.183,-83.841,166.463,4,42
-1.0083,1.4878,-0.9185,270.244,-96.524,127.378,4,42
-0.9971,2.0513,-0.9238,318.232,-63.902,86.341,4,42
-1.1333,2.6572,-0.8042,335.610,14.207,65.854,4,42
-0.9448,-0.0029,-0.1494,-55.183,-20.244,-8.354,3,42
-0.9316,0.0142,-0.1802,-47.866,-19.207,-8.780,3,42
-0.9214,0.0508,-0.1982,-39.695,-17.927,-8.049,3,42
-0.9331,0.1025,-0.1855,-33.232,-16.951,-7.622,3,42
-0.9502,0.1641,-0.1626,-29.817,-16.585,-7.317,3,42
-0.9736,0.1909,-0.1572,-28.963,-16.280,-7.622,3,42
-0.9819,0.1929,-0.1426,-27.927,-16.159,-8.841,3,42
-0.9829,0.1816,-0.1284,-25.061,-15.976,-10.061,3,42
-1.0356,2.1851,0.3423,422.500,219.268,140.183,4,42
-0.8916,1.8462,0.2500,434.939,200.183,159.939,4,42
-0.7881,1.6392,0.1948,442.439,180.915,180.305,4,42
-0.7231,1.4482,0.1519,439.756,163.598,199.390,4,42
-0.7207,1.2700,0.1016,430.183,147.988,214.634,4,42
-0.7563,1.1294,0.0840,420.549,134.573,223.110,4,42
-0.8247,1.0317,0.0469,412.134,123.171,225.610,4,42
-0.9019,0.9492,0.0322,406.768,112.805,224.207,4,42
-0.9980,0.9063,0.0195,402.744,102.683,221.829,4,42
-1.1123,0.8945,0.0005,398.780,90.610,219.817,4,42
-1.2373,0.8652,0.0010,392.988,78.232,219.390,4,42
-1.3838,0.8262,-0.0313,385.488,67.988,219.878,4,42
-1.5386,0.7759,-0.0635,375.244,60.671,221.585,4,42
-1.7271,0.7041,-0.1377,363.476,56.585,224.329,4,42
-1.9189,0.5830,-0.2173,352.866,57.073,226.768,4,42
-2.1416,0.4541,-0.2988,344.329,62.073,228.415,4,42
-2.5171,0.2896,-0.3945,331.220,79.634,226.280,4,42
-2.6543,0.2246,-0.4185,326.951,87.744,224.024,4,42
-2.8623,0.1182,-0.4819,319.451,107.073,216.707,4,42
-2.9224,0.1191,-0.5293,311.037,139.207,205.366,4,42
-2.9370,0.1421,-0.5229,308.293,149.451,201.890,4,42
-2.8657,0.1816,-0.4844,300.427,169.390,193.963,4,42
-2.6006,0.1865,-0.3682,282.073,196.402,185.183,4,42
-2.5024,0.1875,-0.3428,275.488,204.756,183.415,4,42
-2.2202,0.2075,-0.2939,257.561,224.634,177.866,4,42
-2.0410,0.2017,-0.2515,249.146,233.110,175.549,4,42
-1.8994,0.1860,-0.2021,245.000,238.963,174.573,4,42
-1.7910,0.1743,-0.1470,244.695,242.256,175.427,4,42
-1.7280,0.1479,-0.0796,243.780,243.476,177.622,4,42
-1.6992,0.1465,-0.0103,240.366,241.402,181.280,4,42
-1.7065,0.1294,0.0684,233.171,236.951,185.976,4,42
-1.7417,0.1104,0.1245,223.476,229.817,190.732,4,42
-1.7695,0.0923,0.1738,211.707,222.134,195.366,4,42
-1.8438,0.0732,0.2085,200.305,214.146,200.061,4,42
-1.9155,0.0635,0.2339,189.085,206.098,203.354,4,42
-1.9878,0.0669,0.2388,179.207,199.024,205.671,4,42
-2.0513,0.0737,0.2500,171.220,193.354,206.646,4,42
-2.0884,0.0884,0.2471,164.146,190.000,206.890,4,42
-2.1279,0.0986,0.2466,159.390,189.207,207.073,4,42
-2.1431,0.1187,0.2534,156.707,190.305,206.402,4,42
-1.2598,-0.2080,0.2505,39.451,94.207,10.549,3,42
-1.2378,-0.2769,0.2446,39.695,96.890,10.549,3,42
-1.1953,-0.3555,0.1958,39.451,100.244,10.915,3,42
-1.1553,-0.4448,0.1504,39.939,104.512,10.671,3,42
-1.1440,-0.5176,0.1357,41.585,109.634,10.183,3,42
-1.1553,-0.5342,0.1445,40.793,114.085,8.354,3,42
-1.1655,-0.5537,0.1836,36.463,117.378,6.159,3,42
-1.1509,-0.5928,0.2031,31.707,120.183,5.061,3,42
-1.9463,0.2935,0.3555,120.244,210.915,197.012,4,42
-1.9932,0.2642,0.3989,107.439,212.622,196.524,4,42
-1.9063,0.2490,0.4492,96.829,213.902,196.280,4,42
-1.9155,0.2051,0.4907,89.024,215.366,196.707,4,42
-1.9512,0.1646,0.5410,86.829,212.805,200.305,4,42
-1.9521,0.1338,0.6123,88.354,208.232,204.024,4,42
-2.0425,0.1006,0.6895,93.293,201.890,208.415,4,42
-2.0361,0.1572,0.8188,96.341,194.756,211.159,4,42
-0.8413,-0.7759,-0.4399,40.793,119.817,11.098,3,42
-0.7959,-0.6904,-0.4214,35.427,117.622,13.293,3,42
-0.7627,-0.5908,-0.4028,28.659,116.037,15.366,3,42
-0.7231,-0.4829,-0.3950,21.402,114.756,18.537,3,42
-0.7007,-0.3579,-0.3823,12.683,111.829,23.171,3,42
-0.7041,-0.3291,-0.3892,10.427,110.854,24.573,3,42
-0.7290,-0.3149,-0.3765,5.854,110.793,27.012,3,42
-0.7476,-0.3120,-0.3413,2.683,109.512,28.720,3,42
-4.8223,-7.3511,15.9995,26.707,783.293,22.317,4,42
-6.2754,-11.2939,11.9854,276.890,1036.098,-106.524,4,42
-6.0811,-13.0435,5.1611,261.037,942.988,-198.476,4,42
-1.1060,-12.9263,1.4800,397.744,423.659,-138.902,4,42
1.5933,-12.7852,4.5415,564.817,68.171,-8.780,4,42
2.3232,-11.5464,10.0845,543.720,-53.415,64.817,4,42
1.6104,-10.0503,13.0762,423.537,127.134,23.171,4,42
1.7324,-6.8311,10.4424,442.683,244.878,-94.634,4,42
-0.6411,-0.2817,-0.7349,77.866,85.366,29.817,3,42
-0.6382,-0.2461,-0.7705,76.646,79.878,29.024,3,42
-0.5928,-0.2212,-0.8120,74.512,75.000,29.573,3,42
-0.5313,-0.1553,-0.8252,74.146,69.146,30.244,3,42
-0.5166,-0.0767,-0.8413,72.317,63.415,30.854,3,42
-0.5322,0.0107,-0.8364,69.024,58.354,30.427,3,42
-0.6045,0.1030,-0.7993,65.366,53.537,30.732,3,42
-0.6943,0.1719,-0.7612,63.659,49.390,31.402,3,42
-15.2983,-6.3389,-16.0000,-280.610,-740.000,147.134,4,42
-16.0000,-0.3604,-1.4883,277.744,133.902,180.732,4,42
-10.3066,-2.2295,2.8174,5.793,95.122,9.939,4,42
-5.4946,-1.8384,3.8047,-143.293,37.866,-145.061,4,42
-2.7637,-2.4839,3.8247,-261.951,43.720,-212.622,4,42
-1.5308,-2.7480,3.1714,-307.622,112.378,-188.598,4,42
-1.1509,-2.7998,2.2051,-265.366,205.122,-145.732,4,42
-1.0938,-1.7686,0.8970,-191.037,261.463,-118.841,4,42
-1.0527,0.0244,-0.5542,59.634,19.634,12.134,3,42
-1.0430,-0.0508,-0.5337,56.829,15.793,10.183,3,42
-1.0015,-0.1270,-0.5190,52.988,11.890,8.110,3,42
-0.9385,-0.1890,-0.5239,49.268,7.256,5.671,3,42
-0.8604,-0.2231,-0.5718,45.305,2.317,3.963,3,42
-0.8013,-0.2480,-0.6406,42.500,-3.476,1.768,3,42
-0.7422,-0.3013,-0.6978,40.610,-9.207,-0.549,3,42
-0.6899,-0.3423,-0.7319,38.720,-15.549,-3.415,3,42
-4.4565,-3.3999,3.0249,-217.805,-51.159,288.780,4,42
-5.8369,-4.8296,2.8413,-245.122,-205.488,247.195,4,42
-6.9990,-5.3354,1.7725,-210.915,-366.341,131.707,4,42
-6.3867,-4.9175,-2.8765,-132.866,-314.573,-5.915,4,42
-6.4849,-3.3174,-1.8491,-20.305,-0.183,-6.280,4,42
-6.0669,-3.0234,1.7930,-194.268,138.659,45.793,4,42
-4.5464,-3.6968,3.0806,-375.366,177.561,58.598,4,42
-3.1987,-3.9824,3.3608,-414.390,213.049,49.878,4,42
-2.3594,-4.2637,3.4429,-376.402,261.098,57.378,4,42
-1.9941,-4.4111,3.2866,-324.695,301.707,80.488,4,42
-1.6714,-4.4736,3.3198,-280.976,339.634,101.220,4,42
-1.3618,-4.5444,3.3716,-268.476,374.939,105.305,4,42
-1.1460,-4.3809,3.3916,-294.024,414.573,86.646,4,42
-1.0283,-3.9365,3.2134,-333.841,451.220,56.280,4,42
-0.9482,-3.3140,2.8457,-357.378,477.866,22.012,4,42
-0.8755,-2.7095,2.2637,-348.476,490.061,-10.732,4,42
-0.9063,-0.1489,-0.4561,23.841,-87.561,-18.049,3,42
-0.8994,-0.1758,-0.4507,25.183,-88.598,-19.024,3,42
-0.8965,-0.2085,-0.4121,25.305,-89.268,-19.207,3,42
-0.8818,-0.2451,-0.4033,25.854,-90.427,-18.963,3,42
-0.8833,-0.2905,-0.3877,26.402,-90.793,-18.415,3,42
-0.8965,-0.3203,-0.3696,25.793,-91.280,-17.988,3,42
-0.9063,-0.3633,-0.3345,24.695,-91.646,-17.073,3,42
-0.9146,-0.4175,-0.3140,22.927,-92.012,-14.939,3,42
-5.7461,-2.1284,0.3433,-541.951,-66.951,-1.098,4,42
-5.6753,-2.6304,0.4204,-502.378,-10.732,-49.085,4,42
-4.2144,-2.5249,0.8979,-392.561,41.524,-100.915,4,42
-2.7173,-2.0786,1.5137,-267.805,81.037,-138.476,4,42
-1.6084,-1.5176,2.1265,-197.744,112.805,-157.988,4,42
-0.1045,-0.6763,2.3535,-232.805,165.610,-176.159,4,42
0.4092,-0.3701,2.3115,-370.854,235.854,-209.939,4,42
0.7969,-0.5156,2.0850,-510.244,290.488,-233.293,4,42
0.3018,-0.7710,1.7769,-557.012,321.829,-242.988,4,42
-0.3003,-0.9292,1.6509,-472.683,316.585,-243.598,4,42
-0.8501,-0.8481,1.5732,-282.134,275.854,-251.037,4,42
-0.6895,-0.9189,2.1826,-65.732,202.256,-279.878,4,42
-0.5244,-0.3730,2.8608,114.878,128.537,-309.756,4,42
-0.3760,-0.2144,3.3286,198.598,57.805,-334.329,4,42
-0.2803,0.1050,3.6582,189.146,-13.110,-339.390,4,42
-0.3247,0.3071,3.7246,117.622,-85.244,-318.659,4,42
-0.9849,-0.1787,-0.1011,42.012,-70.061,1.829,3,42
-0.9922,-0.1689,-0.0635,44.146,-67.805,1.585,3,42
-0.9937,-0.1572,-0.0186,43.476,-65.244,0.732,3,42
-1.0010,-0.1528,-0.0039,41.890,-62.439,-0.305,3,42
-1.0117,-0.1577,0.0088,40.671,-60.244,-0.793,3,42
-1.0137,-0.1558,-0.0049,40.610,-57.805,-0.732,3,42
-1.0195,-0.1577,-0.0078,40.610,-55.549,-0.915,3,42
-1.0220,-0.1548,-0.0225,39.451,-53.171,-0.427,3,42
-1.0181,-0.1509,-0.0532,36.951,-49.390,-0.976,3,42
-1.0210,-0.1504,-0.0659,35.244,-48.659,-0.915,3,42
-1.0073,-0.1504,-0.0796,32.500,-46.037,-0.854,3,42
-0.9844,-0.1606,-0.0757,29.573,-44.146,-0.793,3,42
-0.9844,-0.1675,-0.0586,27.256,-41.341,-0.793,3,42
-0.9819,-0.1597,-0.0313,25.061,-39.451,-0.732,3,42
-0.9790,-0.1460,-0.0059,21.768,-35.854,-0.793,3,42
-0.9839,-0.1475,-0.0044,19.207,-32.866,-0.793,3,42
-1.0054,-0.1460,-0.0020,17.805,-29.817,0.244,3,42
-1.0200,-0.1660,0.0200,16.159,-26.463,0.366,3,42
-1.0522,-0.1919,0.0366,14.756,-23.476,0.854,3,42
-1.0801,-0.2319,0.0620,12.683,-20.244,1.159,3,42
-1.1025,-0.2656,0.0830,11.098,-17.073,1.951,3,42
-1.1196,-0.2983,0.1143,9.695,-13.476,2.988,3,42
-1.1230,-0.3374,0.1201,7.805,-10.976,4.085,3,42
-1.1240,-0.3853,0.0981,5.915,-8.293,4.939,3,42
-2.6699,0.5537,1.6948,-128.354,-274.268,-462.988,4,42
-2.8335,0.6934,1.6538,-132.866,-278.476,-451.585,4,42
-3.0000,0.8081,1.6279,-132.805,-286.159,-435.671,4,42
-3.2017,0.8716,1.5796,-126.585,-293.659,-419.146,4,42
-3.3936,0.9502,1.5967,-114.268,-300.610,-406.463,4,42
-3.5688,1.0640,1.5347,-95.061,-306.951,-396.890,4,42
-3.7993,1.1997,1.4897,-64.634,-310.915,-387.317,4,42
-3.9053,1.3403,1.5303,-25.061,-308.476,-374.512,4,42
-4.1436,1.5903,1.6494,19.817,-299.634,-358.171,4,42
-4.4004,1.9473,1.7441,67.744,-285.427,-346.280,4,42
-4.6313,2.1816,1.8540,113.659,-264.939,-337.988,4,42
-4.9209,2.6982,1.8989,150.610,-241.829,-338.963,4,42
-5.1885,3.1772,1.8271,161.890,-222.988,-359.695,4,42
-5.3198,3.4150,1.5571,146.220,-213.659,-387.378,4,42
-5.3047,3.6309,1.1719,113.902,-224.329,-420.427,4,42
-5.0581,3.6953,0.7017,68.720,-254.512,-441.585,4,42
-4.7051,3.9473,0.2939,20.305,-301.829,-444.573,4,42
-4.0259,3.8359,-0.5327,-43.171,-343.720,-426.951,4,42
-4.5664,3.3184,-2.5903,-110.915,-272.988,-482.805,4,42
-7.1152,-1.0542,-6.4243,-101.829,-212.927,-619.634,4,42
-16.0000,-6.9023,-15.5474,-267.378,82.866,-895.732,4,42
-15.9956,-1.8228,-15.9858,-1030.488,553.110,-603.659,4,42
-1.9487,7.7666,-11.8389,-513.841,363.171,-509.329,4,42
4.1064,9.2290,-5.4990,134.512,45.000,-396.707,4,42
-0.9653,0.1606,-0.2939,-22.012,15.305,8.476,3,42
-0.9229,0.1245,-0.3145,-19.390,14.634,7.317,3,42
-0.9028,0.0957,-0.3306,-15.122,14.146,6.280,3,42
-0.9575,0.0996,-0.3291,-10.854,12.500,5.305,3,42
-1.0254,0.1289,-0.3076,-9.329,11.098,3.110,3,42
-1.0073,0.1284,-0.3281,-12.561,8.963,1.341,3,42
-0.9033,0.0239,-0.4199,-15.427,9.024,1.768,3,42
-0.7769,-0.1040,-0.5029,-10.732,9.695,3.537,3,42
-0.8335,4.6274,-1.8423,-156.951,-85.244,-87.500,4,42
-0.8667,4.3086,-1.7583,-152.683,-109.878,-70.305,4,42
-0.9370,3.7510,-1.2197,-150.793,-171.768,-27.500,4,42
-0.9956,3.5645,-0.7612,-183.354,-243.902,11.341,4,42
-1.0566,3.4556,-0.6904,-210.000,-262.622,14.268,4,42
-1.1187,3.3462,-0.2578,-260.793,-291.402,5.976,4,42
-1.0190,3.1191,0.2104,-274.634,-305.732,-16.707,4,42
-0.8081,3.3047,1.1206,-201.341,-294.817,-52.317,4,42
-0.9395,-0.2329,-0.4346,-3.049,-4.634,-5.671,3,42
-0.8755,-0.2012,-0.4297,-6.159,-7.073,-6.585,3,42
-0.8394,-0.1455,-0.4126,-8.232,-9.207,-7.012,3,42
-0.8203,-0.0576,-0.3755,-11.280,-11.768,-7.012,3,42
-0.8276,0.0303,-0.3374,-14.512,-12.988,-6.951,3,42
-0.8521,0.1025,-0.3008,-17.195,-14.085,-6.037,3,42
-0.8682,0.1470,-0.2900,-18.659,-14.329,-4.512,3,42
-0.8984,0.1606,-0.2773,-18.415,-14.695,-2.805,3,42
0.0996,1.2690,-0.3750,166.951,157.378,172.012,4,42
0.0918,1.2324,-0.0498,144.268,141.463,170.732,4,42
-0.1167,1.9360,1.2671,205.366,132.927,151.646,4,42
-0.5010,1.6738,0.1948,207.073,118.841,131.585,4,42
-0.8223,2.0181,0.1851,209.268,77.927,116.220,4,42
-0.9590,2.2310,0.0894,210.915,32.561,106.220,4,42
-1.0874,2.6035,0.0635,223.354,1.037,101.951,4,42
-1.1382,2.9668,0.0649,239.207,-12.561,109.817,4,42
-1.0293,-0.0894,-0.1904,10.427,-10.488,-9.695,3,42
-1.0142,-0.1123,-0.2129,15.244,-10.244,-10.854,3,42
-1.0083,-0.1362,-0.1982,18.963,-9.939,-11.463,3,42
-1.0029,-0.1489,-0.2075,22.134,-9.756,-12.134,3,42
-1.0049,-0.1689,-0.2065,24.512,-9.695,-12.256,3,42
-1.0054,-0.1904,-0.2051,26.037,-9.451,-12.195,3,42
-0.9966,-0.2222,-0.2241,26.280,-9.939,-11.646,3,42
-0.9927,-0.2510,-0.2236,25.732,-10.366,-11.280,3,42
-1.6948,2.3896,0.2314,372.012,160.427,90.183,4,42
-1.5630,2.2173,0.1704,394.878,164.085,91.463,4,42
-1.4341,2.0244,0.1001,418.780,162.683,97.073,4,42
-1.3071,1.8428,0.0684,441.768,157.988,105.793,4,42
-1.2109,1.6553,0.0542,460.366,150.671,117.744,4,42
-1.1162,1.5210,0.0688,471.890,142.927,131.585,4,42
-1.0317,1.4717,0.0801,470.244,134.329,151.159,4,42
-0.9746,1.3892,0.0938,453.720,126.585,178.415,4,42
-0.9624,1.2896,0.0981,429.939,119.573,204.573,4,42
-0.9775,1.1699,0.0986,406.341,113.902,224.207,4,42
-1.0337,1.0171,0.0898,386.463,109.817,237.073,4,42
-1.1216,0.9058,0.0942,370.244,107.683,245.305,4,42
-1.2729,0.7573,0.0762,354.268,105.793,251.159,4,42
-1.4272,0.6577,0.0322,339.390,101.890,251.159,4,42
-1.5889,0.5576,0.0200,324.817,97.439,251.463,4,42
-1.8130,0.4189,-0.0317,313.354,93.963,249.512,4,42
-0.9907,-0.1563,-0.1528,5.183,-7.683,5.732,3,42
-1.0034,-0.1597,-0.1602,6.890,-7.012,6.098,3,42
-1.0078,-0.1465,-0.1523,10.427,-6.220,6.707,3,42
-1.0063,-0.1470,-0.1406,14.451,-4.207,7.683,3,42
-1.0073,-0.1431,-0.1191,17.622,-2.927,8.049,3,42
-1.0088,-0.1509,-0.1147,21.037,-1.768,8.720,3,42
-0.9932,-0.1558,-0.1162,25.305,-1.037,8.902,3,42
-0.9854,-0.1499,-0.1367,28.598,0.488,9.756,3,42
-2.2524,0.1978,-0.3496,312.134,169.878,195.915,4,42
-2.1353,0.1924,-0.3003,308.049,178.902,194.268,4,42
-2.0244,0.1772,-0.2402,302.317,184.451,191.951,4,42
-1.9263,0.1523,-0.1943,297.073,187.866,188.902,4,42
-1.8574,0.1138,-0.1230,292.134,189.329,185.671,4,42
-1.8027,0.0840,-0.0562,287.866,190.427,183.354,4,42
-1.7778,0.0439,0.0137,283.537,190.854,181.402,4,42
-1.7817,0.0000,0.0864,277.683,191.098,180.183,4,42
-0.9980,-0.1763,-0.1060,46.585,13.415,16.524,3,42
-1.0063,-0.1475,-0.0957,47.012,15.366,17.317,3,42
-1.0229,-0.1157,-0.0972,47.256,17.683,18.232,3,42
-1.0420,-0.0903,-0.0811,48.598,20.000,18.902,3,42
-1.0635,-0.0522,-0.0605,49.024,22.561,19.146,3,42
-1.0898,-0.0166,-0.0430,49.451,25.305,19.817,3,42
-1.1084,0.0015,-0.0234,49.268,27.805,20.000,3,42
-1.1201,0.0054,0.0015,49.390,31.098,20.061,3,42
-1.1377,-0.0039,0.0220,49.207,34.268,20.549,3,42
-1.1460,-0.0229,0.0420,50.000,37.561,20.610,3,42
-1.1543,-0.0493,0.0532,51.280,40.549,20.793,3,42
-1.1563,-0.0962,0.0737,52.134,43.720,20.183,3,42
-1.1567,-0.1460,0.0693,53.232,47.317,19.085,3,42
-1.1548,-0.1948,0.0864,52.012,50.793,17.317,3,42
-1.1445,-0.2559,0.0723,51.585,53.659,15.183,3,42
-1.1235,-0.2979,0.0381,52.378,56.829,13.720,3,42
-2.1450,-0.1357,0.2461,211.341,192.744,194.573,4,42
-2.1196,-0.0972,0.2476,205.732,193.476,194.268,4,42
-2.0796,-0.0771,0.2505,200.488,194.695,193.720,4,42
-2.0195,-0.0439,0.2769,194.390,195.793,191.951,4,42
-1.9790,-0.0298,0.2954,188.780,196.951,189.756,4,42
-1.9487,-0.0269,0.3135,182.866,198.049,187.134,4,42
-1.9180,-0.0200,0.3252,176.829,198.476,184.146,4,42
-1.9004,-0.0229,0.3506,171.098,198.354,181.646,4,42
-1.1021,-0.3345,0.0220,53.720,60.000,12.622,3,42
-1.0869,-0.3306,0.0181,52.988,63.171,11.890,3,42
-1.0752,-0.3315,0.0195,51.768,66.098,11.098,3,42
-1.0610,-0.3071,-0.0049,49.085,70.305,11.159,3,42
-1.0771,-0.2969,-0.0137,47.622,73.659,11.646,3,42
-1.0923,-0.2959,-0.0137,45.549,76.951,12.500,3,42
-1.1172,-0.2729,0.0010,43.232,80.671,13.537,3,42
-1.1514,-0.2593,0.0415,39.817,84.390,14.146,3,42
-1.8838,-0.3218,0.3486,102.256,196.037,170.488,4,42
-1.9004,-0.3076,0.3887,97.378,196.402,172.988,4,42
-1.9082,-0.2842,0.4595,92.256,197.622,175.854,4,42
-1.9092,-0.2764,0.5205,85.732,199.451,178.963,4,42
-1.9263,-0.2891,0.5762,77.195,200.915,180.976,4,42
-1.9551,-0.3276,0.6353,67.073,202.744,181.341,4,42
-1.9111,-0.3760,0.6606,56.829,203.780,181.402,4,42
-1.9521,-0.3667,0.6792,48.902,202.561,179.695,4,42
-1.9741,-0.3979,0.6758,42.744,199.512,177.500,4,42
-1.9565,-0.4214,0.6978,36.037,195.061,180.061,4,42
-1.9497,-0.4399,0.6816,32.073,190.488,183.354,4,42
-1.9634,-0.2666,0.6602,41.707,186.280,185.366,4,42
-1.9434,0.4141,0.5508,62.256,177.195,198.110,4,42
-2.5415,3.2842,-1.4858,128.171,154.695,207.500,4,42
-0.9751,7.7168,-5.8760,40.427,-14.268,281.463,4,42
-0.5063,3.7446,-0.2998,-171.585,-72.134,223.415,4,42
-0.5664,2.2090,2.6387,-306.585,-43.537,160.793,4,42
0.0938,-1.6289,6.4038,-416.829,172.073,105.854,4,42
-0.4917,-7.4731,11.7729,-599.390,474.207,116.707,4,42
-5.1226,-12.3081,13.7437,-448.902,923.598,105.549,4,42
-11.7695,-15.9521,14.2856,66.768,1165.488,129.512,4,42
-8.4644,-15.9995,5.5308,625.854,1052.134,-97.439,4,42
0.6016,-14.9629,-0.3960,1030.122,340.549,-92.927,4,42
5.3813,-10.1177,6.5615,1170.976,-93.110,40.122,4,42
4.5205,-11.0435,15.9995,643.659,-48.659,199.817,4,42
4.5181,-5.2202,11.7373,-105.000,183.354,23.659,4,42
3.6162,-4.4092,5.8643,-25.061,111.220,-214.207,4,42
2.7251,-3.5259,2.5747,418.415,-107.744,-225.000,4,42
1.8643,-0.7969,3.5610,711.890,-310.671,-227.866,4,42
0.7700,1.8652,3.2173,685.671,-470.610,-167.683,4,42
-0.8628,3.7153,3.1685,456.585,-678.598,-97.439,4,42
-3.2471,4.6909,3.4351,-44.756,-974.268,-35.854,4,42
-0.5913,-0.0107,-0.6558,-30.610,77.805,27.805,3,42
-0.6104,-0.0034,-0.7231,-24.695,73.232,25.976,3,42
-0.6279,0.0176,-0.7979,-18.841,68.232,23.171,3,42
-0.6563,0.0444,-0.8701,-13.659,62.744,20.610,3,42
-0.6860,0.0732,-0.8740,-9.390,57.500,18.354,3,42
-0.7295,0.1504,-0.8335,-6.646,51.524,17.073,3,42
-0.7964,0.2017,-0.7876,-6.037,45.671,16.402,3,42
-0.8428,0.2397,-0.7080,-4.939,41.098,15.976,3,42
-2.8379,-0.5996,3.7075,-386.402,156.463,-191.098,4,42
-1.7583,-0.6543,2.5972,-291.951,231.037,-267.866,4,42
-0.7944,-0.0073,1.7515,-149.878,294.207,-330.000,4,42
-0.1387,-0.0205,1.4761,-49.329,353.476,-360.366,4,42
0.2715,0.0581,1.2251,22.012,407.744,-360.976,4,42
0.6694,-0.0703,1.0332,51.890,459.451,-312.378,4,42
1.5288,-0.5542,0.3760,55.976,488.232,-207.805,4,42
1.9512,0.1870,-0.1738,57.439,467.744,-60.244,4,42
-0.9038,0.0796,-0.6025,14.634,12.622,-8.537,3,42
-0.8315,0.1011,-0.6162,15.610,8.780,-12.805,3,42
-0.8022,0.1011,-0.6108,15.122,4.817,-16.280,3,42
-0.7783,0.1411,-0.5767,13.354,1.220,-19.146,3,42
-0.7339,0.1992,-0.5854,11.098,-2.805,-21.341,3,42
-0.7158,0.2505,-0.6143,9.268,-6.951,-24.085,3,42
-0.7061,0.2725,-0.6431,10.000,-11.159,-26.768,3,42
-0.6904,0.2715,-0.7007,11.890,-15.732,-29.878,3,42
-0.6758,0.2075,-0.8042,16.098,-23.902,-35.244,3,42
-0.6738,0.1870,-0.8193,17.378,-26.768,-36.890,3,42
-0.6665,0.1201,-0.8604,19.634,-37.134,-41.890,3,42
-0.6821,0.0684,-0.8584,19.695,-44.024,-44.451,3,42
-0.6943,0.0103,-0.8247,18.415,-51.159,-46.646,3,42
-0.7051,-0.0322,-0.7915,15.183,-58.049,-48.537,3,42
-0.7134,-0.0776,-0.7402,11.098,-64.695,-49.634,3,42
-0.7368,-0.0854,-0.6914,6.341,-70.488,-51.037,3,42
-0.7632,-0.0649,-0.6597,0.488,-75.793,-51.524,3,42
-0.7808,-0.0439,-0.6182,-4.268,-80.854,-52.500,3,42
-0.8120,-0.0137,-0.6055,-8.415,-84.939,-53.476,3,42
-0.8525,0.0132,-0.5688,-10.854,-88.780,-54.634,3,42
-0.8779,0.0469,-0.5396,-12.317,-91.829,-55.732,3,42
-0.8921,0.0801,-0.5195,-12.866,-94.390,-56.707,3,42
-0.9009,0.0977,-0.4795,-12.378,-96.220,-57.744,3,42
-0.8960,0.1025,-0.4702,-11.402,-98.110,-58.415,3,42
-1.8994,-4.4946,2.8940,-197.500,237.073,136.280,4,42
-1.8818,-4.1436,3.2515,-287.134,212.195,106.098,4,42
-1.8164,-3.6343,3.3477,-382.195,195.549,72.927,4,42
-1.6563,-2.9673,3.1245,-441.707,185.488,41.829,4,42
-1.4971,-2.2603,2.6948,-447.744,180.000,20.610,4,42
-1.5151,-1.7090,2.1421,-417.622,170.610,12.561,4,42
-1.6006,-1.3071,1.6987,-391.463,148.780,17.988,4,42
-1.7568,-1.1738,1.0620,-401.341,108.354,37.134,4,42
-0.9185,-0.4941,-0.3711,-18.232,-108.963,-58.841,3,42
-0.8960,-0.5391,-0.3765,-22.378,-111.098,-57.683,3,42
-0.8701,-0.5786,-0.4209,-25.915,-111.829,-55.610,3,42
-0.8477,-0.5957,-0.4180,-28.354,-113.110,-53.354,3,42
-0.8213,-0.5928,-0.3984,-30.549,-114.146,-50.915,3,42
-0.8179,-0.5947,-0.4136,-34.451,-115.366,-48.293,3,42
-0.8389,-0.5737,-0.4028,-38.841,-116.220,-45.915,3,42
-0.8657,-0.5474,-0.3481,-44.146,-116.890,-42.561,3,42
-1.1548,-2.2930,2.9678,-572.378,242.561,-91.585,4,42
-0.6436,-1.8564,3.1479,-667.683,312.683,-110.610,4,42
-0.4531,-1.5835,2.9526,-748.598,382.866,-137.622,4,42
-0.7515,-1.6406,2.5718,-775.366,426.037,-172.805,4,42
-1.2700,-1.7559,1.9692,-731.585,414.024,-206.037,4,42
-1.6841,-1.6968,1.3735,-610.732,339.207,-232.683,4,42
-1.7358,-1.2222,1.3965,-420.000,233.293,-266.768,4,42
-1.4956,-0.6851,1.6357,-182.500,139.695,-317.866,4,42
-0.9414,-0.3823,-0.1748,-56.890,-114.939,-14.085,3,42
-0.9438,-0.4268,-0.1958,-59.939,-113.293,-11.280,3,42
-0.9448,-0.4692,-0.1880,-62.622,-111.585,-9.573,3,42
-0.9536,-0.4966,-0.1587,-63.476,-110.000,-8.537,3,42
-0.9663,-0.5098,-0.1230,-64.939,-108.110,-7.134,3,42
-0.9688,-0.5137,-0.1055,-66.220,-106.280,-6.220,3,42
-0.9712,-0.4937,-0.0684,-67.500,-104.207,-5.488,3,42
-0.9756,-0.4795,-0.0503,-70.244,-101.646,-5.061,3,42
-0.0313,0.2300,2.4585,-267.622,-163.780,-157.073,4,42
-0.1729,-0.5195,2.1812,-313.598,-178.415,-131.646,4,42
-0.4497,-1.1875,2.0088,-334.390,-197.195,-130.732,4,42
-0.7515,-1.7793,1.8691,-333.293,-223.963,-153.171,4,42
-0.9624,-2.1128,1.6108,-315.976,-261.220,-201.829,4,42
-1.0171,-2.6924,1.3950,-279.390,-300.671,-248.780,4,42
-1.0137,-2.6475,0.9956,-220.671,-345.488,-309.878,4,42
-0.8691,-2.7666,0.4585,-152.256,-365.732,-369.207,4,42
-1.0396,-0.1226,0.0386,-100.610,-80.793,-4.207,3,42
-1.0400,-0.1079,0.0234,-104.085,-77.927,-3.537,3,42
-1.0352,-0.1045,-0.0005,-107.134,-75.305,-3.232,3,42
-1.0313,-0.1079,-0.0166,-108.780,-72.683,-2.988,3,42
-1.0283,-0.1182,-0.0288,-110.000,-70.061,-2.622,3,42
-1.0337,-0.1333,-0.0078,-109.939,-67.256,-2.317,3,42
-1.0557,-0.1548,0.0005,-109.329,-64.512,-2.439,3,42
-1.0557,-0.1797,0.0342,-107.561,-61.768,-2.744,3,42
-1.8403,-0.2056,1.6050,147.622,-163.963,-530.122,4,42
-2.0264,0.0542,1.7393,206.220,-163.598,-530.000,4,42
-2.3589,0.4536,1.9507,265.305,-177.317,-503.293,4,42
-2.7100,1.0107,2.1577,315.183,-209.329,-440.061,4,42
-2.9824,1.7607,2.3706,352.256,-250.915,-344.512,4,42
-3.1255,2.7329,2.5386,346.646,-282.622,-228.902,4,42
-3.2188,3.5049,2.4609,291.524,-288.232,-129.268,4,42
-3.5366,3.6396,2.0952,219.939,-263.232,-119.451,4,42
-1.0083,-0.2197,0.0771,-18.659,-32.744,-6.524,3,42
-1.0098,-0.2061,0.0459,-11.402,-29.939,-6.280,3,42
-1.0156,-0.1934,0.0063,-5.244,-27.683,-6.280,3,42
-1.0225,-0.2051,-0.0239,-0.366,-25.610,-5.854,3,42
-1.0273,-0.2236,-0.0591,2.866,-23.780,-5.549,3,42
-1.0313,-0.2510,-0.0728,5.061,-21.890,-5.305,3,42
-1.0313,-0.2822,-0.0801,6.341,-20.244,-5.061,3,42
-1.0381,-0.3032,-0.0835,6.280,-19.268,-4.695,3,42
-1.0449,-0.3203,-0.0820,4.817,-17.866,-3.780,3,42
-1.0513,-0.3418,-0.0615,1.951,-17.134,-2.439,3,42
-1.0610,-0.3438,-0.0483,-2.927,-16.220,-1.341,3,42
-1.0698,-0.3496,-0.0283,-8.415,-15.549,0.427,3,42
-1.0894,-0.3633,-0.0078,-14.512,-14.451,1.890,3,42
-1.0923,-0.3726,0.0161,-20.549,-12.927,3.476,3,42
-1.1021,-0.3657,0.0386,-26.829,-11.646,4.329,3,42
-1.0918,-0.3545,0.0635,-32.317,-10.732,5.122,3,42
-1.0723,-0.3213,0.0449,-36.585,-10.305,5.610,3,42
-1.0361,-0.2876,-0.0127,-39.817,-9.817,6.585,3,42
-1.0024,-0.2402,-0.0454,-42.561,-8.841,7.073,3,42
-1.0093,-0.2178,-0.0654,-46.159,-7.988,7.134,3,42
-1.0435,-0.2031,-0.0547,-51.037,-8.049,6.037,3,42
-1.0596,-0.1689,-0.0737,-56.159,-9.390,3.841,3,42
-1.0361,-0.1245,-0.1274,-63.049,-10.671,2.256,3,42
-0.9819,-0.0859,-0.2061,-70.427,-10.427,1.220,3,42
-1.4189,5.2202,-3.8154,-437.073,-43.537,-43.598,4,42
-1.3677,4.4595,-2.3330,-353.841,-33.720,-41.220,4,42
-1.3994,3.7749,-1.2793,-259.146,-22.866,-10.976,4,42
-1.5020,2.7021,-1.1533,-67.988,-11.220,-9.207,4,42
-1.4243,2.3286,-0.8872,91.220,-22.683,-23.659,4,42
-1.1963,1.9478,-0.5630,206.646,-40.671,-27.256,4,42
-1.0020,1.9165,-0.2734,304.451,-54.390,-14.817,4,42
-0.9961,2.3521,0.0674,395.793,-66.707,2.683,4,42
-1.1606,3.2837,0.5127,493.963,-76.646,38.049,4,42
-1.1914,4.7017,0.8394,544.939,-91.585,83.293,4,42
-0.8706,6.3369,0.5527,460.427,-91.463,137.012,4,42
-0.2510,6.6284,-1.2563,171.098,-11.829,215.427,4,42
-0.5869,3.0112,-4.0537,-154.878,146.341,284.085,4,42
-1.4673,0.0054,-5.0571,-264.207,247.988,296.524,4,42
-1.3809,-1.5713,-3.9448,-242.317,195.854,282.500,4,42
-1.0146,-2.0796,-2.4282,-157.073,139.085,271.037,4,42
-0.9854,0.1318,-0.2798,-65.122,-12.439,-6.524,3,42
-0.9854,0.1216,-0.2373,-62.134,-13.963,-7.256,3,42
-0.9849,0.1157,-0.2119,-57.927,-14.878,-7.561,3,42
-0.9727,0.1108,-0.1802,-52.012,-14.939,-8.110,3,42
-0.9717,0.0928,-0.1758,-45.000,-14.329,-8.354,3,42
-0.9702,0.0669,-0.1646,-37.683,-14.146,-8.720,3,42
-0.9629,0.0562,-0.1719,-30.305,-13.841,-9.146,3,42
-0.9609,0.0513,-0.1914,-23.110,-13.841,-9.512,3,42
-0.9663,0.0288,-0.1943,-12.805,-13.841,-10.183,3,42
-0.9697,0.0244,-0.2036,-9.085,-13.537,-10.366,3,42
-0.9771,0.0244,-0.2168,-2.195,-13.049,-10.427,3,42
-0.9951,0.0161,-0.2109,3.598,-12.561,-10.610,3,42
-1.0068,0.0063,-0.1987,8.232,-12.195,-11.037,3,42
-1.0171,-0.0269,-0.1660,11.037,-11.402,-11.524,3,42
-1.0322,-0.0659,-0.1338,12.500,-10.793,-12.073,3,42
-1.0264,-0.1211,-0.0933,13.232,-10.793,-12.073,3,42
-2.1255,1.8521,0.1528,379.207,122.683,186.037,4,42
-2.1479,1.8804,0.1982,397.317,129.634,178.049,4,42
-2.1445,1.8652,0.2729,409.573,137.988,170.366,4,42
-2.0923,1.7969,0.3037,418.171,147.805,164.634,4,42
-2.0151,1.6807,0.2983,424.085,157.073,162.134,4,42
-1.9194,1.5132,0.2656,427.317,166.524,161.890,4,42
-1.8003,1.3110,0.1958,427.622,175.244,164.512,4,42
-1.6924,1.0972,0.1309,424.939,182.317,169.390,4,42
-0.9673,-0.3618,-0.1221,-13.963,-12.744,-5.244,3,42
-0.9780,-0.3750,-0.0981,-17.378,-12.988,-4.573,3,42
-0.9961,-0.3853,-0.0903,-20.427,-13.049,-3.780,3,42
-0.9932,-0.3911,-0.0703,-23.049,-12.744,-3.354,3,42
-0.9922,-0.4038,-0.0732,-24.817,-12.744,-2.866,3,42
-0.9937,-0.4028,-0.0762,-26.159,-11.890,-2.500,3,42
-0.9878,-0.4053,-0.0801,-25.305,-11.524,-1.402,3,42
-0.9917,-0.3945,-0.0815,-24.085,-10.549,-0.427,3,42
-1.3984,0.3252,0.0649,349.695,192.073,230.549,4,42
-1.4312,0.8340,0.0518,405.549,189.085,185.610,4,42
-1.5381,0.3330,0.1792,349.939,196.585,227.378,4,42
-1.6294,0.2422,0.2041,342.744,201.463,223.537,4,42
-1.7612,0.0698,0.2061,333.537,206.829,215.305,4,42
-1.8662,-0.0737,0.2046,325.854,210.488,202.683,4,42
-1.9390,-0.1567,0.1841,318.049,213.232,190.610,4,42
-1.9673,-0.2222,0.1411,308.720,214.512,183.902,4,42
-1.9805,-0.2651,0.0928,300.183,215.610,182.927,4,42
-1.9399,-0.2886,0.0283,292.317,216.524,184.390,4,42
-1.8877,-0.3008,0.0103,286.524,216.585,184.878,4,42
-1.8281,-0.3311,0.0215,279.939,214.451,185.305,4,42
-1.7769,-0.3643,0.0610,272.073,210.854,185.488,4,42
-1.7163,-0.3999,0.1172,261.707,206.280,186.524,4,42
-1.6553,-0.4272,0.2031,250.427,202.988,187.378,4,42
-1.6284,-0.4512,0.2085,239.329,201.159,187.622,4,42
-0.9839,-0.2275,-0.1147,-47.500,8.171,9.817,3,42
-0.9888,-0.2036,-0.1206,-48.659,8.415,9.329,3,42
-0.9805,-0.1558,-0.1294,-47.866,9.146,10.000,3,42
-0.9761,-0.0859,-0.1108,-46.829,9.756,10.854,3,42
-0.9766,-0.0254,-0.1104,-45.305,10.488,12.012,3,42
-0.9736,0.0234,-0.1230,-44.634,11.646,12.683,3,42
-0.9785,0.0532,-0.1284,-42.317,12.622,13.354,3,42
-0.9819,0.0605,-0.1436,-38.415,13.293,13.598,3,42
-1.5801,-0.4116,-0.0591,167.500,192.744,183.841,4,42
-1.6035,-0.3945,-0.0645,155.366,191.585,184.573,4,42
-1.6265,-0.3760,-0.0571,142.805,191.463,185.183,4,42
-1.6670,-0.3467,-0.0542,130.488,190.000,185.793,4,42
-1.6836,-0.3301,-0.0322,120.427,189.146,186.220,4,42
-1.7119,-0.3135,-0.0264,112.561,187.805,186.829,4,42
-1.7339,-0.3149,-0.0122,107.378,186.646,187.561,4,42
-1.7534,-0.3218,-0.0024,103.354,184.939,187.683,4,42
-1.7856,-0.3237,0.0156,99.695,182.561,187.622,4,42
-1.8018,-0.3481,0.0415,94.451,179.817,186.646,4,42
-1.8057,-0.3589,0.0854,87.683,176.646,184.939,4,42
-1.7964,-0.3755,0.1172,78.415,172.866,183.415,4,42
-1.7803,-0.3921,0.1475,68.598,169.085,181.402,4,42
-1.7603,-0.4106,0.2007,57.622,165.427,178.963,4,42
-1.7217,-0.4238,0.2373,46.280,160.488,176.402,4,42
-1.6729,-0.4458,0.2734,35.549,155.915,174.268,4,42
-1.6196,-0.4663,0.2969,26.585,151.402,171.646,4,42
-1.5645,-0.4868,0.3369,18.659,147.622,169.878,4,42
-1.5215,-0.4946,0.3862,10.671,143.354,168.841,4,42
-1.4800,-0.4971,0.4316,1.707,138.476,167.134,4,42
-1.4414,-0.4966,0.5015,-8.476,132.744,166.463,4,42
-1.4136,-0.5112,0.5605,-19.634,127.073,165.610,4,42
-1.3833,-0.5303,0.6230,-30.732,121.829,164.817,4,42
-1.3594,-0.5532,0.6621,-39.634,118.415,163.902,4,42
-1.3569,-0.5732,0.6943,-46.402,116.280,163.476,4,42
-1.3574,-0.5742,0.7153,-51.220,114.146,162.866,4,42
-1.3569,-0.5737,0.7256,-56.220,111.402,162.317,4,42
-1.3628,-0.5469,0.7310,-61.707,107.378,161.768,4,42
-1.3545,-0.5054,0.7305,-68.537,102.866,161.220,4,42
-1.3540,-0.4561,0.7319,-75.488,98.780,160.915,4,42
-1.3750,-0.3950,0.7139,-81.646,95.366,161.159,4,42
-1.3950,-0.3228,0.7036,-86.585,92.256,161.220,4,42
-1.4292,-0.2456,0.7188,-90.305,89.146,162.134,4,42
-1.4771,-0.1650,0.7246,-93.171,86.707,163.476,4,42
-1.5269,-0.0933,0.7451,-94.817,84.695,165.366,4,42
-1.5903,-0.0293,0.7646,-94.695,84.085,167.256,4,42
-1.6519,0.0439,0.8130,-93.537,84.573,167.927,4,42
-1.7021,0.1890,0.8403,-95.854,86.402,173.049,4,42
-1.7568,0.1943,0.7007,-96.951,91.037,179.390,4,42
-1.7959,0.1924,0.5190,-99.085,96.524,183.110,4,42
-0.9951,-0.4883,-0.0747,123.049,101.341,23.049,3,42
-0.9868,-0.4946,-0.1016,118.780,102.073,23.293,3,42
-0.9912,-0.5176,-0.1333,113.476,102.805,22.988,3,42
-0.9888,-0.5454,-0.1558,107.927,104.024,22.805,3,42
-1.0034,-0.5630,-0.1411,101.585,104.756,22.866,3,42
-1.0249,-0.5728,-0.1030,94.695,104.878,22.866,3,42
-1.0078,-0.5391,-0.0801,87.439,104.329,23.537,3,42
-0.9683,-0.4790,-0.0962,80.793,104.268,24.756,3,42
-0.9736,-0.4419,-0.1055,75.061,103.720,25.671,3,42
-0.9468,-0.4141,-0.1279,72.195,102.866,25.976,3,42
-0.9116,-0.3613,-0.1846,71.159,103.049,25.488,3,42
-0.9121,-0.3311,-0.2261,71.280,102.683,24.573,3,42
-0.8887,-0.3003,-0.2749,72.195,100.793,23.354,3,42
-0.8667,-0.2632,-0.3164,74.207,98.780,22.317,3,42
-0.8403,-0.2446,-0.3667,77.561,96.098,21.585,3,42
-0.8218,-0.2231,-0.3975,82.256,92.927,19.817,3,42
1.9487,-1.9224,1.9854,261.524,91.463,-188.780,4,42
1.2397,-1.6768,2.0957,295.549,106.037,-205.976,4,42
-0.6108,-0.7290,1.7021,366.220,41.037,-208.110,4,42
-2.7476,0.7007,3.4009,322.195,-241.707,-148.171,4,42
-4.0918,1.2432,4.3594,204.634,-383.232,-92.500,4,42
-8.1797,1.8921,5.5044,-215.305,-737.195,79.451,4,42
-9.0229,-1.9814,4.4419,-619.756,-1120.244,313.537,4,42
-15.3198,-10.0410,-11.2393,1543.659,190.244,165.793,4,42
-0.7798,-0.0181,-0.6807,91.463,54.146,9.573,3,42
-0.7622,0.0317,-0.6504,85.122,48.293,9.878,3,42
-0.7563,0.0557,-0.6479,79.756,42.256,8.598,3,42
-0.7642,0.0132,-0.6733,75.915,36.341,6.646,3,42
-0.7954,-0.0205,-0.6792,74.573,31.159,4.207,3,42
-0.8159,-0.0371,-0.6821,72.500,26.463,2.256,3,42
-0.8062,-0.0322,-0.7012,68.659,21.524,0.549,3,42
-0.7930,-0.0259,-0.7144,64.756,16.280,-0.976,3,42
-0.7573,-0.0176,-0.7178,60.183,10.610,-2.195,3,42
-0.7461,-0.0342,-0.7168,55.610,4.878,-3.049,3,42
-0.7568,-0.0801,-0.6812,50.793,-0.427,-4.024,3,42
-0.7900,-0.1147,-0.6245,45.732,-5.366,-4.817,3,42
-0.8188,-0.1558,-0.5586,41.829,-9.817,-6.098,3,42
-0.8540,-0.1982,-0.5083,38.780,-13.598,-6.768,3,42
-0.8691,-0.2500,-0.4580,37.561,-17.805,-8.476,3,42
-0.9043,-0.3174,-0.4360,37.622,-21.524,-10.610,3,42
-3.5664,-4.0293,1.5459,-369.390,99.390,-12.500,4,42
-2.7930,-4.1357,1.6279,-488.476,95.183,-3.171,4,42
-2.2769,-4.2056,1.8452,-581.524,89.634,-2.073,4,42
-2.0005,-4.0601,2.3008,-674.085,76.463,1.402,4,42
-1.8325,-4.4595,2.5845,-751.098,63.110,6.829,4,42
-1.5933,-4.8916,2.6958,-767.927,58.354,13.963,4,42
-1.2241,-5.1045,2.6909,-710.366,66.280,32.317,4,42
-0.8315,-4.7896,2.5132,-588.476,90.305,55.549,4,42
-0.5562,-4.0728,2.2773,-439.878,130.305,70.244,4,42
-0.3374,-3.1831,1.9009,-313.720,168.293,71.463,4,42
-0.1958,-2.2476,1.5059,-229.756,192.073,54.817,4,42
-0.1104,-1.2856,1.0181,-186.463,194.329,17.317,4,42
0.2817,-1.0024,0.6118,-190.732,158.049,-32.195,4,42
0.5625,-0.8286,0.3979,-227.134,88.780,-70.793,4,42
0.4722,-0.8340,0.5278,-289.390,15.427,-95.488,4,42
0.2373,-0.6890,0.6650,-351.707,-21.463,-111.463,4,42
0.5840,-0.6724,0.6499,-432.378,-62.866,-142.256,4,42
0.2236,-0.5591,0.8398,-517.744,-82.073,-157.927,4,42
-0.2837,-0.8628,0.9302,-590.427,-81.463,-176.037,4,42
-2.0718,-1.2104,0.3159,-691.402,-53.049,-180.122,4,42
-3.4033,-2.2300,-0.0903,-749.695,-16.159,-198.354,4,42
-2.8872,-3.0176,-0.0967,-744.085,48.963,-229.939,4,42
-3.8462,-3.7896,-1.1060,-684.512,111.037,-260.915,4,42
-3.7754,-3.0698,-0.1343,-577.073,159.390,-250.854,4,42
-2.7012,-2.1509,0.2529,-444.451,190.061,-246.098,4,42
-2.5576,-1.8589,0.6025,-324.695,163.415,-252.805,4,42
-2.4116,-1.6831,1.3369,-199.329,103.110,-261.951,4,42
-2.5635,-1.4268,2.1553,-8.110,41.707,-272.195,4,42
-2.6758,-0.5664,2.5552,234.512,-18.415,-254.878,4,42
-2.7041,0.7979,3.3691,450.976,-59.390,-227.500,4,42
-2.6987,2.9312,4.0415,547.195,-97.378,-237.256,4,42
-2.4009,5.1353,4.4272,503.598,-122.256,-294.268,4,42
-2.0498,6.2554,3.8525,299.695,-142.439,-383.232,4,42
-1.0415,4.6592,2.6880,41.159,-162.012,-474.085,4,42
-0.2637,3.2441,1.6865,-131.037,-157.988,-462.561,4,42
0.1812,1.2979,0.8223,-204.573,-125.671,-429.207,4,42
0.2563,0.0449,0.3799,-211.280,-79.878,-396.707,4,42
0.2197,-0.8350,0.0806,-200.061,-24.024,-350.305,4,42
0.0410,-1.1392,0.0132,-189.817,34.878,-303.720,4,42
-0.2378,-1.2148,-0.0176,-190.061,76.037,-301.037,4,42
-0.9526,-0.2188,-0.1318,-8.232,-53.902,8.049,3,42
-0.9512,-0.1909,-0.1382,-8.232,-53.232,8.598,3,42
-0.9639,-0.1831,-0.1411,-7.988,-51.829,8.963,3,42
-0.9683,-0.1636,-0.1431,-7.866,-51.037,9.085,3,42
-0.9790,-0.1514,-0.1353,-6.951,-50.061,9.024,3,42
-0.9805,-0.1450,-0.1152,-6.280,-48.963,9.146,3,42
-0.9858,-0.1597,-0.1260,-4.268,-47.866,9.451,3,42
-0.9858,-0.1724,-0.1279,-0.366,-46.951,10.244,3,42
-0.9893,-0.1743,-0.0967,2.744,-46.037,10.793,3,42
-1.0054,-0.1812,-0.0786,5.122,-44.329,10.183,3,42
-1.0176,-0.1904,-0.0703,7.134,-42.744,10.000,3,42
-1.0186,-0.2007,-0.0640,9.817,-41.159,9.756,3,42
-1.0156,-0.2153,-0.0503,12.805,-39.390,9.512,3,42
-1.0229,-0.2148,-0.0488,15.305,-37.988,9.756,3,42
-1.0225,-0.2148,-0.0522,17.317,-36.524,10.671,3,42
-1.0220,-0.2065,-0.0566,19.207,-34.451,10.915,3,42
-2.2588,-0.5938,1.3760,-33.780,-59.573,-444.634,4,42
-2.2681,-0.5454,1.4287,-77.439,-56.646,-453.963,4,42
-2.3501,-0.4805,1.3438,-128.171,-49.695,-455.183,4,42
-2.4731,-0.5039,1.1553,-183.049,-43.415,-447.500,4,42
-2.6323,-0.6318,0.8711,-223.476,-38.598,-438.902,4,42
-2.7842,-0.7705,0.6270,-233.293,-33.537,-437.195,4,42
-2.8960,-0.8311,0.4917,-220.549,-32.805,-437.988,4,42
-2.9810,-0.8242,0.4707,-196.829,-37.927,-437.622,4,42
-1.0146,-0.2627,-0.0366,22.927,-19.817,17.256,3,42
-1.0000,-0.2827,-0.0410,22.866,-18.902,17.744,3,42
-0.9976,-0.2979,-0.0547,22.683,-17.683,18.902,3,42
-0.9834,-0.3281,-0.0845,21.768,-15.732,19.634,3,42
-0.9736,-0.3501,-0.0957,20.976,-14.695,20.244,3,42
-0.9658,-0.3496,-0.0986,19.451,-13.476,20.732,3,42
-0.9702,-0.3472,-0.0972,17.195,-12.256,20.610,3,42
-0.9839,-0.3379,-0.0767,14.451,-11.220,20.549,3,42
-0.9937,-0.3174,-0.0527,11.524,-10.061,20.671,3,42
-1.0137,-0.3037,-0.0469,8.232,-9.207,20.610,3,42
-1.0356,-0.2969,-0.0225,5.671,-7.927,21.280,3,42
-1.0449,-0.2939,-0.0073,2.439,-6.951,21.890,3,42
-1.0669,-0.2871,-0.0098,-1.159,-6.585,22.317,3,42
-1.0747,-0.2954,-0.0332,-4.878,-5.427,22.683,3,42
-1.0718,-0.3101,-0.0449,-8.049,-4.512,22.805,3,42
-1.0625,-0.3164,-0.0601,-11.768,-3.841,22.683,3,42
-2.6245,1.4595,2.5923,36.463,-197.866,-236.463,4,42
-2.6631,1.7559,2.6514,58.171,-193.415,-218.780,4,42
-2.7568,2.1118,2.6841,70.366,-187.805,-213.902,4,42
-2.7886,2.4854,2.6748,60.915,-184.634,-212.744,4,42
-2.8203,2.7573,2.5781,35.244,-183.049,-222.378,4,42
-2.8706,3.0215,2.4224,-6.280,-186.951,-242.439,4,42
-2.8726,3.1196,2.1777,-54.207,-197.927,-272.195,4,42
-2.8584,3.0649,1.8735,-95.427,-215.061,-305.793,4,42
-0.9629,-0.1865,-0.1934,-40.610,-3.720,15.732,3,42
-0.9536,-0.1328,-0.2109,-43.659,-4.695,15.061,3,42
-0.9517,-0.0854,-0.2407,-45.671,-5.671,14.451,3,42
-0.9478,-0.0405,-0.2529,-46.463,-6.829,14.451,3,42
-0.9478,0.0137,-0.2695,-47.439,-7.012,14.573,3,42
-0.9556,0.0601,-0.2598,-47.927,-7.500,14.512,3,42
-0.9663,0.0908,-0.2769,-47.378,-8.476,14.268,3,42
-0.9741,0.1157,-0.2769,-45.610,-8.902,14.573,3,42
-1.0005,0.1299,-0.2539,-43.841,-10.366,14.207,3,42
-1.0063,0.1338,-0.2788,-42.622,-10.732,14.085,3,42
-1.0166,0.1294,-0.2197,-41.341,-11.585,13.293,3,42
-1.0103,0.1196,-0.2334,-38.659,-12.439,12.805,3,42
-1.0044,0.1226,-0.2725,-33.720,-11.890,12.561,3,42
-1.0166,0.1294,-0.1445,-30.366,-11.402,12.439,3,42
-1.0234,0.1406,-0.1357,-28.598,-13.171,11.707,3,42
-1.0269,0.1450,-0.2339,-25.488,-13.415,10.183,3,42
-2.1650,8.2949,0.8765,125.305,-312.500,-447.561,4,42
-0.7261,6.6226,0.8242,-103.598,-322.439,-393.110,4,42
0.2847,4.7495,0.7959,-235.305,-250.427,-316.890,4,42
0.6821,3.3521,0.5786,-268.963,-151.585,-246.890,4,42
0.6187,2.5049,-0.0620,-256.524,-83.659,-203.110,4,42
0.6763,1.5972,0.3086,-207.866,-30.549,-181.768,4,42
0.5059,1.2456,0.0293,-156.098,-0.732,-165.610,4,42
0.4121,1.0996,-0.1294,-113.476,-0.366,-160.244,4,42
-0.9878,-0.0718,-0.1665,-1.890,-12.927,2.622,3,42
-0.9932,-0.0674,-0.1875,1.585,-11.707,2.439,3,42
-0.9907,-0.0688,-0.1587,2.866,-11.646,2.378,3,42
-0.9912,-0.0518,-0.1802,3.354,-12.561,2.256,3,42
-0.9854,-0.0483,-0.1943,4.817,-13.598,1.220,3,42
-0.9902,-0.0464,-0.1987,6.341,-13.780,0.976,3,42
-0.9805,-0.0688,-0.1929,7.927,-14.146,1.402,3,42
-0.9893,-0.0825,-0.1992,9.207,-14.695,1.829,3,42
-0.5464,2.9443,0.3589,286.463,-158.049,-125.671,4,42
-0.6050,3.0894,-0.2939,170.549,-107.012,-66.585,4,42
-0.4658,2.0444,-1.1880,38.415,-19.451,-44.817,4,42
-1.1250,0.9795,-2.0210,-38.171,53.232,-53.415,4,42
-1.5542,0.4717,-2.6191,-39.878,97.988,-54.024,4,42
-1.4824,0.3633,-2.7832,-7.683,80.427,-50.976,4,42
-1.4907,0.4312,-2.7222,52.256,70.000,-34.756,4,42
-1.4922,0.6987,-2.2876,123.171,50.244,-2.317,4,42
-1.5464,1.0054,-1.8892,192.683,31.768,29.634,4,42
-1.5864,1.2998,-1.4600,248.963,17.622,57.012,4,42
-1.5801,1.5679,-1.0894,287.256,7.622,75.061,4,42
-1.5381,1.7710,-0.7686,308.476,4.634,84.634,4,42
-1.4829,1.8667,-0.5742,319.817,7.378,86.341,4,42
-1.3564,1.9502,-0.2896,328.232,17.134,84.695,4,42
-1.2788,1.9810,-0.2119,330.000,32.073,79.756,4,42
-1.1899,1.9556,-0.1772,328.232,47.866,74.024,4,42
-1.1221,1.8975,-0.2148,323.720,62.439,67.927,4,42
-1.0786,1.8164,-0.2559,319.390,74.085,60.732,4,42
-1.0591,1.7100,-0.3647,319.939,84.512,54.573,4,42
-1.0405,1.5840,-0.5073,326.159,90.915,50.244,4,42
-1.0239,1.4546,-0.6582,341.098,95.244,47.561,4,42
-1.0117,1.3174,-0.7905,364.329,99.634,46.951,4,42
-1.0073,1.1689,-0.8701,394.146,103.476,47.988,4,42
-0.9961,1.0205,-0.8647,428.780,109.756,49.146,4,42
-1.0122,0.8701,-0.8037,462.378,118.659,50.183,4,42
-1.0259,0.7109,-0.6851,487.073,127.439,52.805,4,42
-1.0303,0.5356,-0.5166,499.634,136.890,56.220,4,42
-1.0425,0.3965,-0.3438,495.732,145.793,62.500,4,42
-1.0439,0.2310,-0.1714,471.402,151.280,74.268,4,42
-1.0376,0.0615,-0.0547,434.024,156.159,86.098,4,42
-0.9814,0.0083,0.0015,384.512,157.927,103.537,4,42
-0.9551,-0.1846,-0.0527,330.061,154.512,123.902,4,42
-0.9829,-0.4185,-0.1118,285.061,149.939,140.305,4,42
-0.9937,-0.6558,-0.2471,252.073,143.232,152.744,4,42
-1.0215,-0.9092,-0.3638,236.341,139.329,156.463,4,42
-1.0532,-1.1396,-0.4175,239.939,137.439,146.646,4,42
-1.0820,-1.2422,-0.4146,260.671,137.927,124.634,4,42
-1.0913,-1.1128,-0.2969,284.390,139.390,101.951,4,42
-1.0928,-0.9458,-0.1777,296.037,139.207,90.366,4,42
-1.0942,-0.7583,-0.0459,301.463,136.890,82.317,4,42
-0.9795,-0.1284,-0.0962,31.951,-16.707,13.476,3,42
-0.9888,-0.1084,-0.0776,32.256,-16.037,13.232,3,42
-0.9907,-0.0942,-0.0688,32.195,-15.610,12.805,3,42
-0.9956,-0.0845,-0.0601,32.317,-15.732,12.622,3,42
-0.9951,-0.0952,-0.0693,32.988,-15.488,12.500,3,42
-0.9976,-0.1011,-0.0674,32.683,-15.427,12.744,3,42
-1.0039,-0.1128,-0.0762,33.049,-15.061,12.744,3,42
-1.0029,-0.1226,-0.0850,33.171,-15.061,12.744,3,42
-1.0112,-0.1328,-0.1030,32.988,-15.488,11.951,3,42
-1.0161,-0.1387,-0.1074,32.622,-15.122,11.220,3,42
-1.0239,-0.1450,-0.0903,31.402,-15.183,10.488,3,42
-1.0181,-0.1641,-0.0928,30.183,-15.122,10.122,3,42
-1.0195,-0.1890,-0.0962,29.878,-15.305,9.878,3,42
-1.0142,-0.1992,-0.1230,29.573,-15.427,9.756,3,42
-1.0146,-0.2085,-0.1216,30.122,-15.610,9.817,3,42
-1.0142,-0.1948,-0.1016,29.390,-15.732,9.634,3,42
-1.0151,-0.1865,-0.0913,27.195,-15.793,9.329,3,42
-1.0103,-0.1821,-0.0825,25.305,-15.671,9.085,3,42
-1.0107,-0.1714,-0.0776,25.549,-15.793,9.268,3,42
-1.0059,-0.1597,-0.0811,26.890,-15.183,9.451,3,42
-1.0093,-0.1270,-0.0874,29.146,-15.244,9.817,3,42
-1.0054,-0.0894,-0.0903,30.122,-14.878,9.817,3,42
-1.0010,-0.0532,-0.1069,29.878,-15.061,9.939,3,42
-0.9941,-0.0249,-0.1123,29.939,-14.695,10.122,3,42
-0.9551,-0.5898,-0.1841,85.793,112.866,103.110,4,42
-1.0146,-0.5269,-0.1421,68.293,114.085,101.037,4,42
-1.0791,-0.4897,-0.1108,57.378,115.549,100.122,4,42
-1.1514,-0.4639,-0.0762,54.329,117.378,100.671,4,42
-1.2144,-0.4404,-0.0742,57.561,120.061,102.134,4,42
-1.2710,-0.4302,-0.0684,65.488,122.439,104.695,4,42
-1.3286,-0.4092,-0.0605,76.280,125.122,107.134,4,42
-1.3843,-0.4028,-0.0566,87.256,127.012,110.000,4,42
-1.3804,-0.3970,0.0493,90.183,127.866,120.610,4,42
-1.3516,-0.4116,0.0869,83.232,128.415,120.976,4,42
-1.3218,-0.4189,0.1147,75.427,129.573,121.280,4,42
-1.2983,-0.4263,0.1475,67.805,131.280,121.280,4,42
-1.2803,-0.4355,0.1626,60.244,132.744,121.280,4,42
-1.2686,-0.4404,0.1704,53.659,134.695,121.220,4,42
-1.2559,-0.4438,0.1821,47.683,136.829,121.585,4,42
-1.2549,-0.4458,0.1841,43.476,138.963,122.561,4,42
-1.3862,-0.4419,0.2695,32.683,141.037,135.671,4,42
-1.4023,-0.4414,0.2769,36.890,140.610,135.976,4,42
-1.4316,-0.4370,0.3242,43.598,139.573,136.159,4,42
-1.4736,-0.4253,0.3594,51.098,138.537,136.585,4,42
-1.5078,-0.4097,0.3960,57.439,137.378,137.988,4,42
-1.5513,-0.4199,0.4204,64.085,137.378,139.085,4,42
-1.5786,-0.4282,0.4575,68.780,137.012,140.366,4,42
-1.5928,-0.4624,0.4741,72.805,137.744,141.159,4,42
-0.9897,-0.1631,-0.1299,29.024,-17.927,6.951,3,42
-0.9907,-0.1563,-0.1152,29.573,-18.902,6.890,3,42
-1.0044,-0.1499,-0.1196,30.305,-20.061,6.646,3,42
-1.0049,-0.1348,-0.1221,31.159,-20.183,6.768,3,42
-1.0156,-0.1299,-0.1187,31.524,-20.854,6.890,3,42
-1.0195,-0.1011,-0.0972,31.707,-21.402,6.646,3,42
-1.0132,-0.0845,-0.0845,32.073,-22.073,6.768,3,42
-1.0122,-0.0566,-0.0889,33.049,-22.500,6.829,3,42
-1.0073,-0.0269,-0.0674,33.293,-22.317,7.378,3,42
-1.0142,-0.0049,-0.0532,33.354,-22.622,7.073,3,42
-1.0093,0.0059,-0.0479,33.537,-22.988,7.256,3,42
-1.0137,0.0063,-0.0308,33.354,-22.866,7.012,3,42
-1.0010,0.0005,-0.0269,33.780,-22.500,7.378,3,42
-1.0044,-0.0132,-0.0049,34.146,-22.195,7.256,3,42
-1.0020,-0.0269,-0.0020,34.817,-21.585,7.195,3,42
-1.0024,-0.0420,0.0103,36.220,-21.037,7.317,3,42
-1.1763,-0.9780,0.5947,42.927,91.341,134.268,4,42
-1.1729,-0.9771,0.5986,41.037,84.817,133.780,4,42
-1.1689,-0.9668,0.5933,38.110,79.695,132.744,4,42
-1.1499,-0.9438,0.5952,34.695,76.098,130.976,4,42
-1.1494,-0.9155,0.5879,31.890,73.720,128.415,4,42
-1.1582,-0.8843,0.5869,29.390,72.134,124.634,4,42
-1.1416,-0.8672,0.5913,28.902,71.280,121.037,4,42
-1.1431,-0.8301,0.5952,30.427,71.098,117.866,4,42
-1.0127,-0.1138,0.0034,47.683,-15.793,4.024,3,42
-1.0088,-0.1143,0.0068,48.659,-15.366,4.024,3,42
-1.0200,-0.1108,0.0093,50.915,-15.122,3.537,3,42
-1.0151,-0.1079,0.0083,53.537,-13.963,3.415,3,42
-1.0151,-0.1143,0.0098,55.305,-12.561,3.354,3,42
-1.0220,-0.1079,0.0181,57.012,-11.220,3.415,3,42
-1.0420,-0.1177,0.0718,57.866,-8.293,3.293,3,42
-1.0449,-0.1069,0.1099,55.793,-6.159,3.415,3,42
-1.2227,-0.7568,0.9224,102.866,70.549,88.476,4,42
-1.2788,-0.7534,0.9277,110.610,71.890,90.854,4,42
-1.3403,-0.7754,0.9238,118.110,73.780,94.085,4,42
-1.4111,-0.8228,0.9087,125.488,79.146,96.890,4,42
-1.4771,-0.8623,0.8623,132.256,85.854,98.598,4,42
-1.5103,-0.9165,0.8281,138.171,94.756,98.232,4,42
-1.4907,-0.9634,0.8057,142.561,105.854,95.549,4,42
-1.4370,-0.9849,0.7769,143.902,118.598,91.098,4,42
-1.3721,-0.9824,0.7637,140.549,129.390,86.829,4,42
-1.3003,-0.9805,0.7422,133.476,136.890,82.622,4,42
-1.2300,-0.9688,0.7075,124.207,140.122,78.598,4,42
-1.1660,-0.9556,0.6572,114.207,139.451,75.610,4,42
-1.0713,-0.9346,0.5781,104.024,135.549,74.634,4,42
-0.9956,-0.9155,0.4922,98.780,131.951,76.098,4,42
-0.9702,-0.9360,0.4492,99.573,125.732,80.854,4,42
-0.9438,-0.9590,0.4268,102.988,116.829,85.000,4,42
-0.9624,-0.9790,0.4043,107.317,106.341,88.780,4,42
-0.9595,-0.9307,0.3921,115.793,93.110,93.476,4,42
-0.9507,-0.8647,0.4053,130.183,79.878,97.683,4,42
-0.9521,-0.7549,0.5000,146.768,68.354,102.500,4,42
-0.9653,-0.6934,0.6299,163.293,61.280,107.622,4,42
-1.0039,-0.6265,0.7490,179.085,59.695,111.098,4,42
-1.0762,-0.5166,0.8149,195.427,65.183,113.110,4,42
-1.1748,-0.3779,0.7261,227.805,83.841,112.439,4,42
-1.3501,-0.0352,0.4868,300.061,126.585,109.695,4,42
-1.6650,0.3647,-0.1025,396.463,187.317,113.963,4,42
-2.1274,0.7827,0.7817,428.476,222.927,128.780,4,42
-2.4297,0.9653,1.9409,337.805,171.829,134.878,4,42
-2.2676,0.6528,2.4746,162.317,92.744,121.280,4,42
-1.5713,-0.5059,2.3428,-25.366,60.732,102.134,4,42
-1.1636,-1.7627,2.1294,-172.866,89.268,67.073,4,42
-1.2129,-1.9536,1.7334,-297.317,118.902,27.439,4,42
-0.9556,-3.8364,2.4912,-392.805,131.951,16.402,4,42
-0.8345,-4.5869,1.7788,-371.768,115.427,43.049,4,42
-0.6963,-4.6816,1.1807,-202.866,61.037,80.244,4,42
-0.4697,-4.2441,1.3877,55.183,-0.671,94.756,4,42
-0.2129,-3.5806,1.9141,262.805,-35.427,87.500,4,42
0.0010,-2.9668,2.4438,340.183,-51.280,69.329,4,42
0.1538,-2.6348,2.6279,318.780,-48.110,39.695,4,42
0.1958,-2.3916,2.6753,223.598,-43.049,9.573,4,42
0.2021,-2.2593,2.5659,100.671,-37.439,-19.024,4,42
0.2173,-2.1963,2.3203,-6.098,-31.707,-45.671,4,42
0.2129,-2.1367,1.9946,-61.098,-25.366,-69.634,4,42
0.2109,-2.0020,1.6821,-43.354,-18.902,-92.134,4,42
0.1880,-1.8169,1.5234,37.073,-14.939,-110.488,4,42
0.0454,-1.6113,1.5020,147.866,-13.841,-119.512,4,42
-0.1548,-1.3008,1.5444,243.171,-25.610,-119.756,4,42
-0.3574,-0.9531,1.5894,289.329,-54.878,-114.634,4,42
-0.5425,-0.6748,1.5952,287.500,-102.134,-106.220,4,42
-0.7734,-0.3569,1.4946,248.354,-164.817,-92.744,4,42
-1.0142,-0.1328,1.3286,188.841,-241.280,-77.622,4,42
-1.2622,-0.0161,1.0713,127.195,-324.268,-61.280,4,42
-1.4292,-0.4902,-0.6689,130.061,-348.232,-49.512,4,42
-2.0146,-0.8604,-4.0967,343.232,-133.049,-38.232,4,42
-4.1226,1.0396,-1.5645,414.878,12.805,-10.854,4,42
-3.4707,1.5278,0.7236,192.683,-40.183,13.659,4,42
-3.6572,1.2695,0.2988,34.573,-74.939,26.829,4,42
-3.3848,0.8311,-0.1079,-50.488,-59.146,17.012,4,42
-3.1841,0.4380,0.2915,-58.598,-25.183,2.378,4,42
-2.8755,-0.0752,0.9355,-69.939,-31.402,-7.073,4,42
-2.5151,-0.3979,1.0459,-29.085,-16.098,-9.451,4,42
-2.1323,-0.6567,0.9653,-5.610,-26.524,-12.195,4,42
-1.6489,-0.9561,0.9985,21.768,-19.634,-7.012,4,42
-1.3564,-1.0620,0.9463,38.476,-15.305,-1.037,4,42
-0.9453,0.0610,-0.1133,3.171,-18.476,30.061,3,42
-0.9375,0.0605,-0.1367,4.939,-19.390,29.573,3,42
-0.9365,0.0654,-0.1362,6.890,-21.159,28.720,3,42
-0.9302,0.0742,-0.1353,9.146,-22.805,28.110,3,42
-0.9395,0.0830,-0.1455,10.854,-24.268,27.195,3,42
-0.9512,0.0840,-0.1602,12.500,-25.854,26.524,3,42
-0.9448,0.0688,-0.1763,13.232,-27.134,25.915,3,42
-0.9414,0.0537,-0.1772,14.268,-28.171,24.939,3,42
-0.2969,-0.8052,0.0811,121.524,-56.768,-11.037,4,42
-0.4648,-0.8018,-0.0571,102.988,-51.768,-11.098,4,42
-0.7222,-0.7939,-0.2358,85.854,-42.622,-11.829,4,42
-0.9727,-0.8999,-0.4209,64.878,-38.598,-9.939,4,42
-1.0449,-0.9126,-0.4385,42.988,-36.159,-4.878,4,42
-1.3818,-0.9238,-0.5044,25.915,-32.622,-0.854,4,42
-1.2729,-0.9414,-0.3794,12.683,-27.500,0.915,4,42
-1.2969,-0.8945,-0.3276,-6.341,-29.146,1.220,4,42
-0.9478,-0.0337,-0.1123,12.012,-40.732,21.341,3,42
-0.9482,-0.0469,-0.1021,10.976,-41.646,21.220,3,42
-0.9565,-0.0498,-0.0864,10.427,-42.622,21.098,3,42
-0.9531,-0.0542,-0.0688,10.061,-43.598,20.549,3,42
-0.9614,-0.0449,-0.0684,10.671,-44.207,20.366,3,42
-0.9644,-0.0425,-0.0654,12.256,-44.878,20.244,3,42
-0.9790,-0.0366,-0.0459,13.659,-45.549,20.244,3,42
-0.9849,-0.0317,-0.0439,15.610,-46.098,20.366,3,42
-0.7817,-0.9214,0.3979,-39.634,-20.610,8.110,4,42
-0.8120,-0.9658,0.4194,-37.866,-20.976,6.768,4,42
-0.8901,-1.0366,0.4639,-34.146,-22.378,3.902,4,42
-1.0547,-1.0820,0.4727,-27.256,-25.427,-1.280,4,42
-1.1294,-1.0732,0.4321,-23.537,-27.195,-3.171,4,42
-1.1401,-1.0410,0.3975,-12.927,-29.878,-5.244,4,42
-1.3643,-0.9009,0.2388,3.171,-33.841,-3.841,4,42
-1.6436,-0.6362,0.0708,31.220,-41.341,1.159,4,42
-1.7881,-0.4805,0.0024,43.049,-47.317,6.829,4,42
-1.9014,-0.3735,-0.0313,46.220,-50.671,14.268,4,42
-1.9370,-0.3403,-0.0278,43.659,-51.037,17.561,4,42
-1.9131,-0.3071,0.0098,21.585,-45.915,25.244,4,42
-1.8042,-0.3628,0.0659,-1.890,-39.146,26.768,4,42
-1.6187,-0.4741,0.0913,-24.817,-31.280,26.341,4,42
-1.4170,-0.5889,0.0884,-41.646,-24.451,26.220,4,42
-1.2139,-0.6909,0.0552,-47.439,-21.098,27.622,4,42
-0.9912,-0.2100,0.1035,22.134,-46.829,18.415,3,42
-0.9863,-0.2090,0.1162,20.671,-46.585,18.049,3,42
-0.9800,-0.2007,0.1128,20.488,-45.671,17.805,3,42
-0.9771,-0.1963,0.1128,21.829,-44.451,17.744,3,42
-0.9868,-0.1909,0.1084,23.537,-42.683,18.720,3,42
-0.9932,-0.1846,0.1128,25.854,-41.402,19.939,3,42
-1.0088,-0.1709,0.1035,27.622,-40.061,20.915,3,42
-1.0313,-0.1616,0.1104,28.720,-38.293,22.134,3,42
-0.6904,-0.5420,0.1919,-25.427,-28.659,32.378,4,42
-0.6870,-0.5103,0.2456,-28.841,-26.890,32.073,4,42
-0.6875,-0.4600,0.2905,-29.695,-25.122,32.927,4,42
-0.6831,-0.4199,0.3301,-28.110,-23.720,35.061,4,42
-0.6719,-0.4082,0.3442,-25.366,-23.293,37.927,4,42
-0.6768,-0.3901,0.3477,-21.768,-22.439,41.707,4,42
-0.6812,-0.3760,0.3340,-19.878,-22.073,45.732,4,42
-0.6899,-0.3657,0.3247,-20.244,-21.463,50.305,4,42
-0.7148,-0.3906,0.2988,-22.195,-20.488,53.902,4,42
-0.7534,-0.4199,0.2949,-26.037,-19.512,56.341,4,42
-0.7979,-0.4473,0.2788,-30.000,-19.024,58.415,4,42
-0.8481,-0.4771,0.2764,-34.695,-18.293,59.878,4,42
-0.8931,-0.5020,0.2700,-38.110,-18.232,61.280,4,42
-0.9614,-0.5161,0.2729,-41.159,-18.110,62.683,4,42
-1.0049,-0.5269,0.2695,-43.720,-18.476,63.659,4,42
-1.0527,-0.5249,0.2651,-45.976,-18.171,64.878,4,42
-1.0913,-0.5239,0.2593,-48.659,-18.049,66.037,4,42
-1.1294,-0.5137,0.2598,-51.220,-18.171,67.012,4,42
-1.1479,-0.5010,0.2559,-54.634,-18.232,67.805,4,42
-1.1592,-0.4844,0.2471,-57.927,-18.232,67.927,4,42
-1.1670,-0.4565,0.2310,-60.915,-17.927,68.232,4,42
-1.1499,-0.4316,0.2378,-63.354,-17.317,67.561,4,42
-1.1260,-0.3896,0.2197,-63.902,-16.768,66.585,4,42
-1.0981,-0.3687,0.2021,-63.598,-16.890,65.427,4,42
-1.2134,-0.0635,0.1758,-15.366,38.841,34.634,3,42
-1.2124,-0.0547,0.1680,-14.390,40.976,34.939,3,42
-1.2217,-0.0615,0.1616,-13.537,42.805,34.695,3,42
-1.2212,-0.0684,0.1440,-12.927,44.939,34.878,3,42
-1.2188,-0.0786,0.1216,-12.744,46.890,34.451,3,42
-1.2266,-0.0889,0.0962,-12.073,48.598,33.963,3,42
-1.2393,-0.1025,0.0898,-12.500,50.305,33.354,3,42
-1.2319,-0.1079,0.0679,-12.988,51.707,32.378,3,42
-1.2412,-0.1357,0.0513,-13.902,53.659,31.037,3,42
-1.2495,-0.1411,0.0498,-14.512,54.024,30.549,3,42
-1.2578,-0.1636,0.0239,-15.061,54.878,29.207,3,42
-1.2588,-0.1753,0.0010,-16.159,56.098,27.012,3,42
-1.2578,-0.1821,-0.0186,-17.012,56.829,25.671,3,42
-1.2573,-0.2007,-0.0283,-18.110,57.378,24.268,3,42
-1.2598,-0.2041,-0.0410,-19.329,57.927,23.232,3,42
-1.2539,-0.2183,-0.0562,-20.061,58.232,21.951,3,42
-1.2607,-0.2324,-0.0806,-21.463,58.049,20.610,3,42
-1.2622,-0.2407,-0.1040,-21.402,58.598,19.512,3,42
-1.2578,-0.2319,-0.1470,-21.463,59.329,18.537,3,42
-1.2642,-0.2266,-0.2397,-22.073,61.341,17.927,3,42
-1.2891,-0.2051,-0.3818,-22.317,66.098,17.927,3,42
-1.3359,-0.1611,-0.5181,-23.293,72.805,17.927,3,42
-1.4072,-0.0952,-0.6440,-26.159,79.268,19.024,3,42
-1.4492,-0.0625,-0.7427,-31.646,85.549,21.768,3,42
-1.4702,-0.0781,-0.8022,-38.110,90.549,24.085,3,42
-1.4590,-0.1172,-0.8306,-44.329,94.085,24.878,3,42
-1.4121,-0.1890,-0.8047,-48.780,94.817,22.500,3,42
-1.3525,-0.2427,-0.7573,-50.183,94.207,18.476,3,42
-1.3140,-0.2778,-0.6724,-48.232,92.378,13.780,3,42
-1.3008,-0.2729,-0.5908,-44.573,90.915,10.061,3,42
-1.2979,-0.2690,-0.5234,-39.024,89.512,7.744,3,42
-1.3057,-0.2476,-0.4844,-31.707,89.634,7.012,3,42
-1.3047,-0.2324,-0.4766,-22.683,90.854,6.646,3,42
-1.2759,-0.2217,-0.4731,-12.866,92.378,6.768,3,42
-1.2334,-0.2148,-0.4634,-3.476,93.963,6.768,3,42
-1.1870,-0.2080,-0.4736,4.512,96.220,5.732,3,42
-1.1401,-0.2075,-0.4688,11.402,98.049,4.512,3,42
-1.1128,-0.2090,-0.4790,17.073,99.512,3.049,3,42
-1.0884,-0.2144,-0.4702,20.854,100.732,1.463,3,42
-1.0845,-0.2314,-0.4741,24.085,102.012,-0.183,3,42
-1.0977,-0.2690,-0.4614,26.951,103.598,-2.073,3,42
-1.1060,-0.2798,-0.4697,27.683,104.146,-2.866,3,42
-1.1030,-0.3179,-0.4624,29.390,105.671,-5.061,3,42
-1.1030,-0.3408,-0.4614,29.756,105.854,-6.951,3,42
-1.0898,-0.3491,-0.4458,30.854,106.707,-8.415,3,42
-1.0747,-0.3574,-0.4268,32.378,106.951,-9.817,3,42
-1.0757,-0.3442,-0.4209,33.537,107.683,-11.098,3,42
-1.0732,-0.3262,-0.4102,34.756,107.927,-12.073,3,42
-1.0659,-0.2954,-0.3999,36.220,108.232,-13.110,3,42
-1.0664,-0.2681,-0.4033,37.622,109.207,-13.720,3,42
-1.0713,-0.2397,-0.3911,39.329,109.817,-14.390,3,42
-1.0771,-0.2183,-0.4033,41.829,110.366,-14.695,3,42
-1.0674,-0.1987,-0.3960,43.841,110.549,-15.366,3,42
-1.0840,-0.1841,-0.3994,46.463,111.098,-15.732,3,42
-1.0762,-0.1777,-0.4028,49.329,111.159,-16.524,3,42
-1.0889,-0.1787,-0.4082,52.195,111.098,-17.195,3,42
-1.0752,-0.1787,-0.4175,55.671,111.402,-17.805,3,42
-1.0723,-0.1924,-0.4165,59.512,111.768,-18.232,3,42
-1.0552,-0.1963,-0.4214,63.171,111.829,-18.780,3,42
-1.0381,-0.1929,-0.4180,66.402,111.951,-19.329,3,42
-1.0259,-0.1978,-0.4019,69.085,112.256,-19.756,3,42
-1.0146,-0.1992,-0.3906,70.915,112.805,-20.488,3,42
-0.9893,-0.1934,-0.3901,73.110,112.683,-21.585,3,42
-0.9839,-0.1831,-0.3828,74.329,112.805,-22.683,3,42
-0.9795,-0.1616,-0.3657,75.732,113.537,-23.537,3,42
-0.9702,-0.1367,-0.3721,77.256,114.085,-24.573,3,42
-0.9570,-0.1104,-0.3760,78.720,114.268,-25.366,3,42
-0.9478,-0.0845,-0.3701,79.939,115.061,-26.463,3,42
-0.9438,-0.0635,-0.3828,80.793,115.488,-26.829,3,42
-0.9321,-0.0420,-0.4028,82.622,116.098,-27.073,3,42
-0.9277,-0.0273,-0.4004,84.268,116.585,-27.805,3,42
-0.9351,-0.0098,-0.3853,86.768,117.134,-28.598,3,42
-0.9434,0.0034,-0.3789,91.037,117.683,-29.451,3,42
-0.9448,0.0107,-0.3765,94.268,117.988,-30.366,3,42
-0.9443,0.0278,-0.3735,97.317,117.805,-30.854,3,42
-0.9419,0.0317,-0.3638,100.671,117.683,-31.463,3,42
-0.9229,0.0371,-0.3628,104.329,117.500,-32.317,3,42
-0.9238,0.0376,-0.3477,108.720,116.951,-32.805,3,42
-0.9126,0.0454,-0.3447,112.927,116.585,-33.537,3,42
-0.8960,0.0474,-0.3325,117.683,115.854,-34.024,3,42
-0.8853,0.0488,-0.3413,121.829,115.183,-35.244,3,42
-0.8633,0.0552,-0.3276,125.549,113.720,-35.793,3,42
-0.8496,0.0586,-0.3286,129.268,112.561,-36.646,3,42
-0.8335,0.0483,-0.3140,132.256,111.707,-37.744,3,42
-0.8335,0.0415,-0.2949,134.878,110.061,-38.659,3,42
-0.8218,0.0396,-0.2686,136.890,108.841,-39.573,3,42
-0.8169,0.0337,-0.2456,139.512,107.683,-40.854,3,42
-0.8291,0.0352,-0.2241,142.073,106.037,-41.951,3,42
-0.8145,0.0259,-0.2007,144.329,104.878,-43.171,3,42
-0.8188,0.0293,-0.1729,146.646,103.902,-44.085,3,42
-0.8169,0.0244,-0.1567,148.780,102.866,-45.000,3,42
-0.8101,0.0288,-0.1558,151.280,101.890,-45.793,3,42
-0.8042,0.0303,-0.1372,153.598,100.549,-46.341,3,42
-0.8052,0.0327,-0.1392,155.854,99.756,-47.134,3,42
-0.7837,0.0229,-0.1357,158.293,98.537,-47.866,3,42
-0.7778,0.0220,-0.1313,160.671,97.378,-48.354,3,42
-0.7681,0.0112,-0.1318,162.622,96.037,-49.268,3,42
-0.7476,0.0010,-0.1138,164.207,94.207,-49.817,3,42
-0.7363,-0.0190,-0.1187,165.854,92.744,-50.610,3,42
-0.7212,-0.0293,-0.1064,166.341,90.915,-51.463,3,42
-0.7007,-0.0352,-0.0938,167.378,89.390,-52.012,3,42
-0.6914,-0.0605,-0.0825,167.805,87.195,-52.561,3,42
-0.6699,-0.0674,-0.0728,167.683,84.939,-53.049,3,42
-0.6572,-0.0703,-0.0635,167.378,83.049,-52.988,3,42
-1.0161,-0.2920,0.1104,37.012,14.024,-8.963,4,42
-1.0259,-0.2651,0.0918,39.207,14.146,-10.061,4,42
-1.0352,-0.2427,0.0991,39.878,14.695,-10.854,4,42
-1.0537,-0.2183,0.1006,39.939,15.305,-11.890,4,42
-1.0649,-0.2026,0.1035,38.963,16.098,-12.866,4,42
-1.0659,-0.1938,0.1099,39.268,16.707,-14.024,4,42
-1.0752,-0.2026,0.1157,40.732,17.500,-14.329,4,42
-1.0732,-0.2075,0.1279,43.354,17.866,-14.878,4,42
-1.0669,-0.2241,0.1509,46.159,18.110,-15.061,4,42
-1.0596,-0.2378,0.1777,49.390,18.537,-15.427,4,42
-1.0488,-0.2622,0.1890,51.280,18.780,-15.183,4,42
-1.0283,-0.2852,0.1968,52.805,19.390,-15.610,4,42
-1.0151,-0.3120,0.1846,54.695,19.695,-15.732,4,42
-0.9961,-0.3276,0.1733,57.744,20.854,-15.976,4,42
-0.9873,-0.3447,0.1953,60.793,21.524,-16.402,4,42
-0.9692,-0.3535,0.1929,61.585,22.866,-16.829,4,42
-0.2246,0.3062,0.5093,142.805,18.841,-42.012,3,42
-0.1895,0.3477,0.5562,141.768,13.780,-39.695,3,42
-0.1372,0.3828,0.6064,140.366,7.988,-37.012,3,42
-0.0820,0.4058,0.6289,138.293,1.220,-34.085,3,42
-0.0181,0.4170,0.6396,135.854,-5.976,-30.305,3,42
0.0532,0.4077,0.6118,132.439,-13.780,-26.463,3,42
0.1143,0.3848,0.5581,127.805,-21.098,-22.073,3,42
0.1563,0.3188,0.4829,122.500,-27.927,-17.500,3,42
0.1758,0.2070,0.3906,116.280,-34.207,-12.561,3,42
0.1694,0.0845,0.2563,111.341,-39.573,-8.354,3,42
0.1621,-0.0430,0.0854,106.585,-43.659,-3.293,3,42
0.1528,-0.1470,-0.2197,101.220,-45.549,2.195,3,42
0.1602,-0.2329,-0.6982,93.902,-42.805,9.207,3,42
0.1821,-0.3301,-1.3643,85.305,-34.329,18.780,3,42
0.1260,-0.5234,-1.7354,64.329,-20.549,30.915,3,42
-0.0913,-0.6343,-2.2817,10.671,-5.549,43.171,3,42
-0.9131,0.6899,-3.0044,-92.378,3.110,50.915,3,42
-1.5078,1.4722,-3.0479,-150.244,8.537,50.061,3,42
-1.8115,2.0615,-2.7188,-182.622,9.207,56.829,3,42
-1.7139,2.3057,-2.2422,-203.171,0.305,67.561,3,42
-1.4092,2.3169,-1.8877,-214.817,-13.841,77.378,3,42
-1.0933,2.2090,-1.6982,-214.268,-30.061,81.402,3,42
-0.8276,2.0337,-1.5854,-198.720,-42.378,79.207,3,42
-0.6450,1.8232,-1.4360,-168.780,-47.744,73.598,3,42
-0.4849,1.6323,-1.0591,-127.927,-50.915,66.890,3,42
-0.3262,1.5103,-0.5869,-84.024,-57.317,61.829,3,42
-0.1504,1.4526,-0.1704,-43.415,-65.671,57.012,3,42
0.0420,1.4390,0.0708,-7.378,-73.415,52.439,3,42
0.2085,1.4038,0.1079,25.000,-79.390,48.780,3,42
0.3052,1.3472,0.0127,53.902,-82.744,46.098,3,42
0.2925,1.2803,-0.0605,72.317,-81.037,44.207,3,42
0.1831,1.1240,-0.2900,83.171,-78.598,44.085,3,42
0.0352,0.9307,-0.4609,92.256,-76.890,45.976,3,42
-0.1445,0.7412,-0.6099,98.110,-76.463,49.695,3,42
-0.3428,0.5254,-0.6973,100.732,-78.110,52.683,3,42
-0.5176,0.3179,-0.7104,97.561,-80.671,53.110,3,42
-0.6621,0.1206,-0.6436,90.000,-83.598,49.390,3,42
-0.7847,-0.0552,-0.5220,78.963,-85.122,42.378,3,42
-0.8594,-0.1738,-0.3765,64.512,-86.585,35.122,3,42
-0.8926,-0.2549,-0.2754,50.549,-89.512,29.024,3,42
-0.9258,-0.2842,-0.2368,38.171,-92.683,26.159,3,42
-0.9512,-0.2783,-0.2480,28.415,-95.305,25.244,3,42
-1.0059,-0.2583,-0.2612,22.744,-97.073,26.098,3,42
-1.0786,-0.1968,-0.2578,18.841,-98.780,27.439,3,42
-1.1763,-0.1104,-0.2358,16.524,-101.037,28.110,3,42
-1.2769,-0.0210,-0.2222,15.122,-103.598,28.049,3,42
-1.3584,0.0776,-0.2031,16.646,-105.549,27.134,3,42
-1.4644,0.2422,-0.1802,23.841,-107.866,22.744,3,42
-1.5044,0.3428,-0.1792,31.159,-109.329,18.293,3,42
-1.5132,0.4160,-0.1934,40.854,-109.634,13.354,3,42
-1.5024,0.4800,-0.1885,53.110,-109.451,8.659,3,42
-1.4834,0.4946,-0.1689,65.183,-109.695,4.390,3,42
-1.4458,0.4854,-0.1646,77.561,-108.963,1.037,3,42
-1.4063,0.4502,-0.1748,89.695,-108.354,-1.280,3,42
-1.3818,0.4355,-0.1748,101.585,-107.378,-2.317,3,42
-1.3706,0.4346,-0.1577,111.524,-106.768,-2.195,3,42
-1.3672,0.4536,-0.1265,118.049,-106.707,-1.463,3,42
-1.3745,0.4707,-0.0957,123.476,-106.280,0.427,3,42
-1.4038,0.4824,-0.0835,127.561,-105.488,2.500,3,42
-1.4194,0.4790,-0.0747,131.402,-104.939,5.000,3,42
-1.4521,0.4697,-0.0566,136.951,-103.354,6.951,3,42
-1.4746,0.4482,-0.0405,143.354,-102.073,8.902,3,42
-1.4927,0.4028,-0.0288,150.366,-101.159,10.854,3,42
-1.4946,0.3423,-0.0288,158.171,-100.244,12.561,3,42
-1.4888,0.2495,-0.0107,164.146,-98.476,13.598,3,42
-1.4829,0.1357,0.0200,169.817,-96.951,13.354,3,42
-1.4614,0.0054,0.0537,174.634,-95.915,12.500,3,42
-1.4277,-0.1567,0.0815,177.561,-95.122,10.122,3,42
-1.4082,-0.3452,0.1196,179.512,-94.756,7.378,3,42
-1.3867,-0.5522,0.1782,181.159,-94.939,2.927,3,42
-1.3779,-0.7788,0.2212,183.780,-94.939,-2.195,3,42
-1.4009,-0.9805,0.2651,187.500,-96.646,-7.988,3,42
-1.4600,-1.1777,0.2725,191.707,-97.622,-13.598,3,42
-1.5200,-1.3369,0.2544,196.341,-98.232,-19.207,3,42
-1.6118,-1.4482,0.2451,199.634,-97.988,-24.146,3,42
-1.6689,-1.4976,0.2427,200.976,-97.439,-28.537,3,42
-1.7148,-1.4736,0.1938,202.500,-97.256,-32.134,3,42
-1.7319,-1.3472,0.1650,201.768,-95.976,-32.317,3,42
-1.6172,-1.0415,0.0522,200.305,-94.573,-28.476,3,42
-1.5386,-0.7329,0.0903,197.622,-93.841,-24.817,3,42
-1.4155,-0.4561,0.0361,191.951,-91.037,-21.098,3,42
-1.3149,-0.2119,-0.0107,187.683,-90.061,-16.280,3,42
-1.2344,-0.0122,0.0117,184.207,-89.573,-11.951,3,42
-1.1836,0.1260,0.0425,180.122,-88.293,-9.207,3,42
-1.1445,0.1924,0.0620,176.037,-85.854,-8.171,3,42
-1.1338,0.2168,0.0645,173.476,-83.963,-7.744,3,42
-1.1221,0.2021,0.0645,172.195,-81.585,-8.841,3,42
-1.1094,0.1514,0.0342,170.305,-79.634,-10.122,3,42
-1.0889,0.1025,-0.0015,167.317,-77.866,-11.707,3,42
-1.0859,0.0386,-0.0415,162.500,-75.732,-13.415,3,42
-1.0591,-0.0117,-0.0605,156.159,-74.817,-14.939,3,42
-1.0630,-0.0493,-0.0718,149.451,-73.659,-16.402,3,42
-1.0576,-0.0752,-0.0708,142.805,-73.354,-17.744,3,42
-1.0405,-0.0845,-0.0669,136.951,-72.927,-18.537,3,42
-1.0298,-0.0933,-0.0371,132.134,-72.683,-19.573,3,42
-1.0190,-0.1123,-0.0093,127.195,-71.585,-20.244,3,42
-1.0093,-0.1157,0.0264,121.829,-71.280,-21.220,3,42
-0.9941,-0.1221,0.0503,114.939,-70.427,-22.317,3,42
-0.9927,-0.1299,0.0459,108.232,-70.366,-23.476,3,42
-0.9897,-0.1265,0.0449,102.378,-69.634,-24.268,3,42
-0.9897,-0.1157,0.0249,97.378,-68.537,-25.488,3,42
-1.0088,-0.0977,-0.0088,93.963,-67.561,-26.951,3,42
-1.0146,-0.0645,-0.0273,91.585,-66.463,-28.232,3,42
-1.0356,-0.0322,-0.0278,89.695,-65.854,-29.634,3,42
-1.0640,0.0244,-0.0088,87.500,-63.902,-31.707,3,42
-1.0796,0.0366,-0.0020,87.134,-63.598,-32.073,3,42
-1.1021,0.0537,-0.0034,86.829,-62.744,-33.171,3,42
-1.1157,0.0679,-0.0068,87.378,-61.585,-34.024,3,42
-1.1143,0.0547,0.0044,88.537,-60.976,-35.183,3,42
-1.1138,0.0269,0.0063,90.610,-60.061,-36.585,3,42
-1.0933,-0.0435,0.0146,94.634,-58.902,-38.049,3,42
-1.0767,-0.1123,0.0254,98.110,-58.537,-38.537,3,42
-1.0449,-0.1934,0.0264,101.585,-58.171,-38.780,3,42
-1.0259,-0.2720,0.0376,104.939,-57.683,-38.171,3,42
-1.0132,-0.3555,0.0562,108.293,-57.073,-36.829,3,42
-0.9922,-0.4277,0.0771,111.037,-55.976,-34.634,3,42
-0.9897,-0.4834,0.1021,112.439,-55.122,-32.134,3,42
-0.9995,-0.5190,0.1260,112.378,-54.817,-29.146,3,42
-1.0112,-0.5464,0.1333,109.390,-53.598,-25.793,3,42
-1.0127,-0.5684,0.1309,104.085,-52.988,-22.134,3,42
-0.9961,-0.2539,-0.2036,-37.317,12.927,44.573,4,42
-1.0396,-0.2236,-0.1719,-31.280,15.366,45.488,4,42
-1.0825,-0.2236,-0.1655,-23.659,16.646,45.244,4,42
-1.1030,-0.2456,-0.1777,-17.195,17.500,43.659,4,42
-1.1260,-0.2886,-0.2153,-12.439,18.476,41.159,4,42
-1.1245,-0.3086,-0.2612,-10.854,19.085,38.476,4,42
-1.1123,-0.3223,-0.2876,-10.854,18.293,36.159,4,42
-1.0977,-0.3184,-0.3076,-11.646,17.134,33.902,4,42
-1.0767,-0.2910,-0.2935,-13.049,15.305,32.866,4,42
-1.0518,-0.2656,-0.2871,-14.329,14.451,31.646,4,42
-1.0371,-0.2573,-0.2622,-15.793,14.085,31.037,4,42
-1.0269,-0.2441,-0.2500,-16.524,14.573,30.488,4,42
-1.0059,-0.2397,-0.2515,-16.463,15.000,30.305,4,42
-0.9912,-0.2393,-0.2402,-15.976,15.061,29.817,4,42
-0.9697,-0.2412,-0.2417,-15.915,15.000,29.085,4,42
-1.0039,-0.2554,-0.2471,-16.463,14.085,28.171,4,42
-1.0352,-0.3398,0.1069,7.561,-23.963,-0.427,3,42
-1.0425,-0.3403,0.1064,7.561,-22.805,0.061,3,42
-1.0508,-0.3428,0.1133,6.951,-21.463,1.037,3,42
-1.0532,-0.3389,0.1270,6.524,-19.573,2.012,3,42
-1.0674,-0.3433,0.1392,5.976,-17.622,2.866,3,42
-1.0708,-0.3501,0.1616,3.841,-15.061,4.451,3,42
-1.0762,-0.3535,0.1714,2.561,-13.415,5.244,3,42
-1.0596,-0.3628,0.1753,0.122,-11.585,6.159,3,42
-1.0547,-0.3589,0.1826,-2.195,-9.756,6.646,3,42
-1.0508,-0.3530,0.1924,-4.329,-8.171,7.256,3,42
-1.0425,-0.3398,0.2007,-6.159,-6.768,7.744,3,42
-1.0273,-0.3247,0.2002,-7.622,-4.939,8.232,3,42
-1.0195,-0.3154,0.1992,-8.902,-3.049,8.598,3,42
-1.0181,-0.2920,0.1802,-10.671,-1.220,8.963,3,42
-1.0225,-0.2856,0.1743,-12.683,0.610,8.841,3,42
-1.0146,-0.2764,0.1509,-14.207,2.561,8.659,3,42
-0.7993,-0.3931,-0.0313,-0.183,15.305,-1.829,4,42
-0.7827,-0.3975,-0.0454,3.354,16.768,-3.049,4,42
-0.7695,-0.3989,-0.0918,6.707,18.963,-4.085,4,42
-0.7764,-0.3940,-0.1323,10.976,21.098,-5.366,4,42
-0.7993,-0.3931,-0.1689,16.159,23.415,-7.012,4,42
-0.8193,-0.3843,-0.2188,22.012,25.366,-9.024,4,42
-0.8428,-0.3784,-0.2480,29.451,27.622,-10.732,4,42
-0.8604,-0.3687,-0.2813,36.402,29.634,-12.988,4,42
-1.0688,-0.0479,0.0405,5.183,-0.915,2.622,4,42
-1.0591,-0.0518,0.0347,5.671,-0.854,2.195,4,42
-1.0693,-0.0537,0.0352,5.976,-0.793,2.012,4,42
-1.0591,-0.0532,0.0371,6.098,-0.061,1.707,4,42
-1.0630,-0.0571,0.0337,6.220,-0.549,1.280,4,42
-1.0645,-0.0557,0.0376,6.220,-0.793,1.280,4,42
-1.0669,-0.0615,0.0474,6.524,-0.732,1.098,4,42
-1.0615,-0.0542,0.0581,6.646,-0.976,0.793,4,42
-1.0615,-0.0767,0.0854,4.451,0.732,0.122,4,42
-1.0659,-0.0771,0.0840,3.232,0.610,-0.244,4,42
-1.0591,-0.0776,0.0850,3.354,0.366,-0.427,4,42
-1.0576,-0.0635,0.0830,3.659,-0.183,-0.610,4,42
-1.0508,-0.0562,0.0747,2.195,-0.793,-0.671,4,42
-1.0562,-0.0527,0.0610,0.793,-1.341,-0.488,4,42
-1.0552,-0.0537,0.0596,0.183,-1.402,-0.488,4,42
-1.0615,-0.0620,0.0537,-0.244,-1.220,-0.305,4,42
-1.0649,-0.0645,0.0576,-2.317,-1.220,-1.890,4,42
-1.0576,-0.0659,0.0576,-1.951,-0.915,-1.829,4,42
-1.0581,-0.0576,0.0562,-2.012,-0.793,-1.768,4,42
-1.0625,-0.0615,0.0596,-2.256,-0.549,-1.768,4,42
-1.0596,-0.0610,0.0596,-2.561,-0.488,-1.890,4,42
-1.0581,-0.0625,0.0566,-2.622,-0.671,-1.951,4,42
-1.0537,-0.0571,0.0708,-3.171,-0.610,-2.195,4,42
-1.0605,-0.0591,0.0601,-3.537,-0.061,-2.622,4,42
-0.9722,0.0034,0.2241,4.268,0.671,-0.732,3,42
-0.9810,-0.0044,0.2124,4.756,0.793,-1.037,3,42
-0.9839,-0.0088,0.2178,5.854,1.037,-1.585,3,42
-0.9824,-0.0054,0.2144,6.220,1.402,-1.829,3,42
-0.9795,-0.0078,0.2158,6.463,1.707,-2.317,3,42
-0.9790,-0.0029,0.2134,6.341,1.585,-2.317,3,42
-0.9839,0.0063,0.2158,6.463,1.098,-2.012,3,42
-0.9902,0.0078,0.2290,6.098,0.854,-2.073,3,42
-1.0630,-0.0742,0.0503,-6.524,0.427,-2.988,4,42
-1.0610,-0.0708,0.0581,-7.073,0.671,-2.866,4,42
-1.0684,-0.0732,0.0586,-7.622,0.671,-2.927,4,42
-1.0688,-0.0728,0.0630,-7.805,0.610,-3.049,4,42
-1.0703,-0.0669,0.0640,-8.902,0.793,-2.988,4,42
-1.0654,-0.0737,0.0640,-9.573,0.793,-3.110,4,42
-1.0688,-0.0679,0.0615,-9.817,1.037,-3.293,4,42
-1.0654,-0.0698,0.0645,-10.305,1.220,-3.232,4,42
-1.0752,-0.0537,0.0864,-12.805,4.390,-3.963,4,42
-1.0786,-0.0601,0.0874,-12.988,4.756,-4.207,4,42
-1.0757,-0.0557,0.0864,-12.378,4.695,-5.000,4,42
-1.0698,-0.0547,0.0781,-11.220,5.061,-5.183,4,42
-1.0684,-0.0449,0.0757,-10.610,5.488,-5.305,4,42
-1.0630,-0.0454,0.0840,-10.183,6.585,-4.634,4,42
-1.0605,-0.0361,0.0869,-9.573,7.195,-3.963,4,42
-1.0645,-0.0464,0.0981,-9.085,7.988,-3.110,4,42
-1.0679,-0.0537,0.1001,-8.659,8.659,-2.561,4,42
-1.0674,-0.0664,0.0996,-8.598,9.085,-2.317,4,42
-1.0664,-0.0713,0.0942,-7.805,9.390,-2.439,4,42
-1.0742,-0.0718,0.0815,-6.768,9.634,-2.561,4,42
-1.0801,-0.0854,0.0781,-5.610,10.366,-2.378,4,42
-1.0854,-0.0781,0.0708,-3.963,11.463,-2.195,4,42
-1.0908,-0.0732,0.0688,-2.744,12.134,-2.378,4,42
-1.0933,-0.0703,0.0654,-1.402,13.415,-1.768,4,42
-1.0889,-0.0879,0.0835,2.927,20.122,0.244,4,42
-1.0898,-0.0874,0.0825,2.805,20.793,0.854,4,42
-1.0898,-0.0820,0.0820,2.988,21.585,1.220,4,42
-1.0903,-0.0879,0.0908,2.622,22.561,1.463,4,42
-1.0952,-0.0898,0.0918,1.524,23.780,1.951,4,42
-1.0942,-0.0967,0.0923,0.244,24.878,2.012,4,42
-1.0947,-0.1030,0.0942,-0.854,26.159,2.622,4,42
-1.0996,-0.1172,0.0962,-1.829,27.134,3.780,4,42
-1.0249,-0.0713,-0.0610,22.256,29.451,5.488,4,42
-1.0259,-0.0718,-0.0698,21.768,28.110,5.671,4,42
-1.0278,-0.0688,-0.0781,20.244,26.341,5.793,4,42
-1.0322,-0.0762,-0.1011,18.780,25.061,6.159,4,42
-1.0347,-0.0703,-0.1147,17.683,24.146,6.341,4,42
-1.0430,-0.0894,-0.1069,17.256,23.476,6.524,4,42
-1.0493,-0.0903,-0.1045,15.915,22.317,6.341,4,42
-1.0425,-0.0918,-0.0967,14.207,20.976,6.463,4,42
-1.0386,-0.0986,-0.1084,12.561,19.512,6.280,4,42
-1.0259,-0.0947,-0.0991,12.012,17.683,6.220,4,42
-1.0225,-0.0889,-0.1016,10.671,15.976,5.976,4,42
-1.0132,-0.0825,-0.0957,8.841,14.573,6.159,4,42
-1.0112,-0.0830,-0.0894,7.012,12.622,6.037,4,42
-1.0210,-0.0850,-0.0981,5.915,10.915,6.280,4,42
-1.0195,-0.0908,-0.0942,5.244,9.634,6.220,4,42
-1.0200,-0.0903,-0.1016,4.878,7.988,6.159,4,42
-1.0107,-0.1162,-0.1279,-1.159,-4.878,5.854,4,42
-1.0059,-0.1094,-0.1289,-2.439,-6.707,5.976,4,42
-1.0186,-0.1035,-0.1182,-3.232,-8.110,5.549,4,42
-1.0088,-0.1069,-0.1211,-3.598,-9.268,6.098,4,42
-1.0083,-0.0962,-0.1196,-4.268,-10.854,6.098,4,42
-1.0073,-0.0835,-0.1030,-4.878,-11.768,5.976,4,42
-1.0112,-0.0669,-0.0820,-6.159,-12.683,5.549,4,42
-1.0093,-0.0586,-0.0698,-7.683,-13.841,5.305,4,42
-1.0356,-0.0337,-0.0508,-11.098,-22.317,4.268,4,42
-1.0464,-0.0474,-0.0527,-11.463,-23.415,4.329,4,42
-1.0449,-0.0469,-0.0537,-12.073,-24.390,4.329,4,42
-1.0488,-0.0640,-0.0552,-11.768,-25.000,4.024,4,42
-1.0508,-0.0649,-0.0391,-11.707,-25.976,4.024,4,42
-1.0562,-0.0737,-0.0361,-11.707,-25.915,3.780,4,42
-1.0601,-0.0781,-0.0376,-11.707,-26.159,3.780,4,42
-1.0586,-0.0752,-0.0381,-12.134,-26.951,3.537,4,42
-1.0615,-0.0732,0.0024,-15.671,-32.866,4.146,4,42
-1.0708,-0.0728,0.0088,-16.402,-33.293,4.329,4,42
-1.0693,-0.0742,0.0166,-16.768,-33.476,4.207,4,42
-1.0620,-0.0713,0.0181,-17.500,-33.841,4.268,4,42
-1.0625,-0.0698,0.0234,-18.171,-34.329,4.268,4,42
-1.0679,-0.0732,0.0249,-18.841,-34.634,4.756,4,42
-1.0571,-0.0732,0.0415,-18.963,-34.390,5.061,4,42
-1.0679,-0.0732,0.0454,-19.756,-34.634,4.756,4,42
-1.0625,-0.0830,0.0425,-20.549,-34.390,5.061,4,42
-1.0703,-0.0908,0.0474,-21.951,-34.512,5.000,4,42
-1.0679,-0.0991,0.0557,-22.561,-34.878,5.305,4,42
-1.0728,-0.1021,0.0576,-23.537,-34.878,5.305,4,42
-1.0786,-0.1040,0.0732,-24.268,-34.207,6.037,4,42
-1.0781,-0.1147,0.0762,-24.939,-33.354,5.976,4,42
-1.0776,-0.1201,0.0742,-26.280,-32.988,6.280,4,42
-1.0820,-0.1147,0.0718,-26.829,-32.561,6.829,4,42
-1.0781,-0.1147,0.0762,-28.049,-32.378,7.012,4,42
-1.0933,-0.1108,0.0815,-28.902,-31.768,7.256,4,42
-1.0781,-0.1099,0.0781,-30.000,-31.707,7.988,4,42
-1.0776,-0.1074,0.0889,-30.488,-30.671,8.354,4,42
-1.0840,-0.0928,0.1001,-30.976,-29.939,8.659,4,42
-1.0854,-0.0913,0.1045,-31.951,-28.902,9.207,4,42
-1.0806,-0.0894,0.1055,-32.317,-27.988,9.207,4,42
-1.0811,-0.0806,0.1113,-32.500,-27.134,9.390,4,42
-1.0815,-0.0654,0.1255,-32.439,-25.671,9.939,4,42
-1.0815,-0.0610,0.1255,-32.500,-25.122,9.939,4,42
-1.0771,-0.0547,0.1265,-32.500,-24.268,10.122,4,42
-1.0835,-0.0415,0.1445,-32.256,-23.171,10.061,4,42
-1.0874,-0.0327,0.1533,-31.890,-22.195,10.610,4,42
-1.0884,-0.0366,0.1489,-31.707,-20.854,10.732,4,42
-1.0894,-0.0342,0.1597,-30.915,-19.390,10.732,4,42
-1.0825,-0.0313,0.1538,-30.000,-18.415,11.280,4,42
-1.0029,-0.0093,0.0908,42.805,11.159,0.244,3,42
-0.9980,-0.0244,0.0859,45.488,10.671,0.061,3,42
-0.9976,-0.0313,0.0879,47.439,10.671,-0.366,3,42
-1.0049,-0.0381,0.0737,50.122,10.671,-0.427,3,42
-1.0093,-0.0391,0.0718,52.439,11.037,-0.366,3,42
-1.0156,-0.0298,0.0737,54.817,11.159,-0.366,3,42
-1.0205,-0.0254,0.0967,55.732,11.524,-0.427,3,42
-1.0435,-0.0273,0.1328,55.488,11.646,-0.427,3,42
-1.0952,0.0151,0.1885,-13.720,-3.537,10.915,4,42
-1.0942,0.0107,0.1860,-11.951,-1.646,10.427,4,42
-1.0894,0.0137,0.1826,-10.488,-0.488,10.366,4,42
-1.0845,0.0083,0.1831,-8.415,1.037,10.427,4,42
-1.0923,0.0151,0.1738,-6.402,2.378,9.878,4,42
-1.0854,0.0181,0.1694,-4.939,3.963,9.634,4,42
-1.0791,0.0239,0.1719,-3.659,5.244,10.122,4,42
-1.0742,0.0200,0.1655,-2.561,6.402,9.573,4,42
-1.0776,0.0215,0.1616,-1.707,7.073,9.756,4,42
-1.0649,0.0151,0.1523,-0.976,7.439,9.756,4,42
-1.0820,0.0103,0.1348,-0.610,8.171,9.512,4,42
-1.0767,0.0054,0.1240,-0.427,9.146,9.390,4,42
-1.0850,0.0059,0.1123,-0.122,10.183,8.598,4,42
-1.0781,-0.0015,0.1045,0.061,11.159,8.476,4,42
-1.0786,0.0005,0.1001,0.488,12.317,8.415,4,42
-1.0742,0.0005,0.1055,0.610,13.171,8.232,4,42
-1.0503,-0.0063,0.0806,2.012,17.561,4.329,4,42
-1.0566,-0.0010,0.0742,3.476,17.378,4.390,4,42
-1.0674,0.0083,0.0571,4.695,17.561,4.634,4,42
-1.0752,0.0039,0.0498,5.732,18.293,4.878,4,42
-1.0796,-0.0107,0.0371,6.585,18.902,5.305,4,42
-1.0825,-0.0244,0.0396,6.829,19.817,5.366,4,42
-1.0869,-0.0308,0.0405,7.500,20.122,4.878,4,42
-1.0752,-0.0352,0.0454,7.500,20.366,4.146,4,42
-0.9380,0.0361,-0.0151,-2.927,-0.488,1.098,3,42
-0.9419,0.0239,-0.0054,-2.622,-1.341,1.402,3,42
-0.9443,0.0132,-0.0010,-1.890,-1.890,1.768,3,42
-0.9424,0.0039,0.0020,-1.280,-2.500,2.317,3,42
-0.9312,0.0015,0.0093,-1.098,-3.537,2.805,3,42
-0.9258,0.0059,0.0039,-1.829,-3.537,2.805,3,42
-0.9131,-0.0024,0.0068,-2.805,-3.963,2.439,3,42
-0.8970,-0.0073,0.0015,-3.415,-4.512,2.561,3,42
-0.8818,-0.1030,0.0088,-5.061,-8.963,3.171,3,42
-0.8892,-0.1016,0.0249,-5.976,-9.146,2.744,3,42
-0.9077,-0.1133,0.0146,-7.012,-9.512,2.927,3,42
-0.9014,-0.1167,0.0269,-7.805,-9.695,3.049,3,42
-0.9038,-0.1138,0.0244,-8.110,-9.817,3.659,3,42
-0.9106,-0.1211,0.0391,-7.927,-10.305,4.329,3,42
-0.9160,-0.1201,0.0313,-7.988,-10.732,4.451,3,42
-0.9258,-0.1143,0.0547,-8.476,-10.671,4.634,3,42
-1.0557,-0.0249,0.0195,-0.305,6.098,2.439,4,42
-1.0586,-0.0195,0.0176,-0.305,5.793,2.622,4,42
-1.0635,-0.0161,0.0264,-0.244,5.427,2.561,4,42
-1.0615,-0.0146,0.0273,-0.549,5.000,2.500,4,42
-1.0630,-0.0098,0.0415,-0.549,5.000,2.439,4,42
-1.0669,-0.0142,0.0391,-0.427,4.512,2.500,4,42
-1.0669,-0.0156,0.0313,-0.549,4.024,1.890,4,42
-1.0537,-0.0220,0.0352,-0.061,3.293,1.768,4,42
-1.0596,-0.0200,0.0356,1.768,2.439,-1.098,4,42
-1.0605,-0.0332,0.0381,1.402,2.500,-0.671,4,42
-1.0664,-0.0410,0.0454,1.829,2.439,-0.976,4,42
-1.0640,-0.0371,0.0552,1.463,2.378,-1.159,4,42
-1.0601,-0.0537,0.0469,1.951,2.378,-1.280,4,42
-1.0576,-0.0537,0.0464,1.890,2.073,-1.159,4,42
-1.0596,-0.0454,0.0425,2.439,2.256,-1.341,4,42
-1.0581,-0.0479,0.0278,2.927,1.890,-0.854,4,42
-1.0591,-0.0435,0.0264,3.415,1.646,-0.366,4,42
-1.0615,-0.0352,0.0220,3.598,1.890,-0.549,4,42
-1.0615,-0.0264,0.0186,3.720,1.829,-0.183,4,42
-1.0679,-0.0317,0.0195,3.476,2.134,0.000,4,42
-1.0732,-0.0264,0.0200,3.902,2.012,-0.122,4,42
-1.0659,-0.0273,0.0264,3.110,1.890,0.000,4,42
-1.0645,-0.0269,0.0259,3.354,1.829,-0.122,4,42
-1.0591,-0.0244,0.0249,3.293,1.890,-0.183,4,42
-1.0522,-0.0176,0.0254,3.049,1.585,0.183,4,42
-1.0610,-0.0103,0.0361,2.378,1.524,-0.244,4,42
-1.0640,-0.0107,0.0474,1.829,1.280,-0.061,4,42
-1.0596,-0.0127,0.0537,0.793,0.915,0.000,4,42
-1.0630,-0.0142,0.0488,0.854,0.854,-0.488,4,42
-1.0562,-0.0176,0.0469,0.549,0.915,-0.488,4,42
-1.0649,-0.0215,0.0396,1.037,0.915,-0.244,4,42
-1.0615,-0.0195,0.0366,1.341,1.341,-0.244,4,42
-1.0693,-0.0151,0.0303,1.646,1.890,-0.610,4,42
-1.0762,-0.0220,0.0249,1.829,2.195,-0.488,4,42
-1.0742,-0.0181,0.0225,1.890,2.256,-0.915,4,42
-1.0708,-0.0142,0.0366,2.012,2.317,-1.280,4,42
-1.0718,-0.0195,0.0308,2.195,2.866,-1.220,4,42
-1.0630,-0.0249,0.0396,2.439,3.537,-1.646,4,42
-1.0601,-0.0210,0.0420,3.110,3.780,-1.890,4,42
-1.0649,-0.0234,0.0454,3.902,4.512,-2.012,4,42
-1.0488,-0.0459,0.1133,-1.585,0.000,3.415,3,42
-1.0527,-0.0371,0.1245,-1.768,0.183,4.024,3,42
-1.0635,-0.0078,0.1362,-2.927,0.915,3.841,3,42
-1.0708,0.0176,0.1533,-5.915,1.890,3.598,3,42
-1.0698,0.0273,0.1592,-6.890,2.866,3.841,3,42
-1.0630,0.0195,0.1460,-6.524,3.354,3.537,3,42
-1.0620,0.0225,0.1431,-5.122,3.659,3.598,3,42
-1.0630,0.0166,0.1333,-3.476,4.024,3.232,3,42
-1.0557,-0.0313,0.0571,5.488,8.171,-4.329,4,42
-1.0508,-0.0361,0.0640,8.780,9.024,-4.817,4,42
-1.0405,-0.0342,0.0547,13.476,10.061,-5.793,4,42
-1.0444,-0.0034,0.0557,17.378,10.854,-6.098,4,42
-1.0405,0.0322,0.0347,18.110,11.220,-6.890,4,42
-1.0503,0.0508,0.0044,16.524,10.305,-7.378,4,42
-1.0518,0.0415,-0.0117,14.817,9.756,-7.195,4,42
-1.0693,0.0117,-0.0239,13.720,8.963,-6.707,4,42
-1.0859,-0.0137,-0.0288,14.390,8.902,-6.463,4,42
-1.0996,-0.0391,-0.0127,14.878,9.451,-6.159,4,42
-1.1006,-0.0601,-0.0054,15.183,10.244,-6.159,4,42
-1.1025,-0.0752,0.0024,15.122,10.000,-6.159,4,42
-1.0947,-0.0781,0.0083,14.817,10.244,-6.341,4,42
-1.0801,-0.0708,0.0166,14.878,10.305,-6.098,4,42
-1.0688,-0.0576,0.0200,13.902,10.244,-5.976,4,42
-1.0659,-0.0522,0.0205,12.195,10.061,-5.732,4,42
-1.0601,-0.0444,0.0181,10.976,9.939,-5.244,4,42
-1.0625,-0.0479,0.0249,11.159,9.939,-4.573,4,42
-1.0610,-0.0459,0.0210,10.732,10.000,-3.963,4,42
-1.0728,-0.0410,0.0317,9.329,10.061,-3.415,4,42
-1.0840,-0.0386,0.0479,8.049,10.610,-3.049,4,42
-1.0879,-0.0576,0.0586,7.439,11.220,-2.927,4,42
-1.0737,-0.0493,0.0576,8.110,11.768,-2.683,4,42
-1.0566,-0.0356,0.0659,8.963,12.439,-3.049,4,42
-1.0571,-0.0186,0.0674,8.415,12.378,-3.232,4,42
-1.0435,-0.0127,0.0508,7.500,12.195,-3.293,4,42
-1.0479,-0.0190,0.0493,6.768,12.317,-3.232,4,42
-1.0503,-0.0464,0.0420,7.439,12.866,-2.988,4,42
-1.0498,-0.0581,0.0596,8.659,13.171,-2.988,4,42
-1.0571,-0.0591,0.0557,9.939,13.354,-2.988,4,42
-1.0635,-0.0518,0.0635,10.793,13.415,-2.561,4,42
-1.0654,-0.0342,0.0791,9.756,13.049,-2.378,4,42
-1.0679,-0.1396,-0.1006,-1.829,13.110,1.402,4,42
-1.0654,-0.1201,-0.0854,-2.866,13.110,1.524,4,42
-1.0527,-0.1138,-0.0732,-4.634,12.561,1.646,4,42
-1.0513,-0.1084,-0.0771,-5.732,11.951,1.402,4,42
-1.0239,-0.1011,-0.0693,-5.976,11.280,1.890,4,42
-1.0210,-0.0884,-0.0601,-5.915,10.610,2.317,4,42
-1.0283,-0.0815,-0.0337,-6.098,10.549,2.561,4,42
-1.0190,-0.0845,-0.0391,-6.524,10.366,2.744,4,42
-1.0112,-0.0752,-0.0342,-6.585,9.939,2.622,4,42
-1.0161,-0.0654,-0.0322,-5.854,9.634,2.378,4,42
-1.0176,-0.0576,-0.0342,-6.098,9.085,2.500,4,42
-1.0176,-0.0547,-0.0498,-7.866,8.415,2.378,4,42
-1.0210,-0.0610,-0.0498,-8.415,7.988,2.317,4,42
-1.0366,-0.0547,-0.0591,-8.537,7.866,2.195,4,42
-1.0356,-0.0415,-0.0518,-8.171,7.378,2.134,4,42
-1.0342,-0.0293,-0.0552,-9.024,6.646,2.073,4,42
-1.0513,-0.0244,-0.0542,-10.366,5.549,2.439,4,42
-1.0610,-0.0210,-0.0601,-10.549,5.061,2.561,4,42
-1.0605,-0.0176,-0.0615,-10.488,4.390,2.744,4,42
-1.0649,-0.0103,-0.0649,-9.939,4.085,2.073,4,42
-1.0713,0.0024,-0.0703,-9.695,3.659,2.134,4,42
-1.0659,0.0005,-0.0771,-9.024,3.476,2.134,4,42
-1.0830,-0.0059,-0.0752,-8.841,3.232,2.256,4,42
-1.0786,-0.0132,-0.0635,-8.293,2.866,1.951,4,42
-1.0547,-0.0337,-0.0356,-6.890,-0.488,0.366,4,42
-1.0464,-0.0298,-0.0327,-7.134,-0.854,0.122,4,42
-1.0381,-0.0396,-0.0356,-7.500,-1.585,-0.061,4,42
-1.0391,-0.0410,-0.0342,-7.744,-1.768,-0.305,4,42
-1.0322,-0.0493,-0.0288,-7.927,-1.768,-0.671,4,42
-1.0283,-0.0435,-0.0327,-8.537,-2.073,-1.098,4,42
-1.0356,-0.0527,-0.0439,-9.634,-2.378,-1.280,4,42
-1.0366,-0.0557,-0.0386,-10.122,-2.988,-1.341,4,42
-1.0415,-0.0508,-0.0273,-10.183,-2.744,-1.463,4,42
-1.0483,-0.0464,-0.0293,-10.732,-2.744,-1.524,4,42
-1.0454,-0.0420,-0.0322,-11.829,-2.988,-1.463,4,42
-1.0498,-0.0474,-0.0337,-12.988,-3.476,-1.524,4,42
-1.0654,-0.0610,-0.0361,-14.573,-3.598,-1.280,4,42
-1.0679,-0.0776,-0.0469,-15.244,-3.476,-1.220,4,42
-1.0742,-0.0942,-0.0493,-15.549,-3.171,-1.890,4,42
-1.0693,-0.0859,-0.0479,-14.939,-2.439,-2.012,4,42
-0.7710,0.3203,-0.5640,-265.183,62.378,20.671,3,42
-0.7842,0.3037,-0.5757,-245.183,64.451,17.256,3,42
-0.8076,0.3003,-0.5898,-221.768,66.951,13.171,3,42
-0.8257,0.3096,-0.5938,-196.829,69.634,8.476,3,42
-0.8511,0.3306,-0.6035,-170.671,72.744,3.902,3,42
-0.8618,0.3457,-0.5728,-145.122,76.220,-0.183,3,42
-0.8638,0.3442,-0.5483,-122.195,79.085,-3.780,3,42
-0.8555,0.3120,-0.5093,-100.976,81.037,-7.866,3,42
-0.8223,0.2549,-0.4810,-81.707,82.622,-11.159,3,42
-0.7749,0.1680,-0.4951,-63.354,83.537,-14.573,3,42
-0.7261,0.0610,-0.5166,-46.768,84.695,-18.232,3,42
-0.6885,-0.0195,-0.4990,-32.500,84.817,-21.646,3,42
-0.6353,-0.1577,-0.4097,-24.268,82.927,-25.976,3,42
-0.5669,-0.2886,-0.3379,-22.317,81.463,-30.000,3,42
-0.5186,-0.3936,-0.4053,-22.744,81.768,-34.085,3,42
-0.5161,-0.5684,-0.4175,-21.585,81.829,-37.439,3,42
-0.4971,-0.7686,-0.2588,-20.488,79.146,-40.366,3,42
-0.4312,-0.9116,0.0732,-24.573,74.817,-44.695,3,42
-0.3618,-0.9053,0.6011,-31.951,68.537,-50.488,3,42
-0.3062,-0.7969,1.2422,-38.232,58.841,-56.037,3,42
-0.2939,-0.6475,1.8271,-43.476,46.829,-59.268,3,42
-0.2339,-0.5601,2.0625,-45.366,32.256,-55.915,3,42
-0.2334,-0.3994,2.2852,-44.878,21.280,-54.146,3,42
-0.1836,-0.2314,2.3433,-38.293,11.890,-45.610,3,42
-2.0527,-1.3218,0.0210,-63.171,154.878,-81.585,4,42
-1.9771,-0.6411,0.5625,-79.024,157.561,-73.354,4,42
-1.9365,-0.3423,0.7876,-100.671,150.915,-61.341,4,42
-1.9995,-0.2749,0.8423,-111.037,144.207,-47.439,4,42
-2.1943,-0.3086,0.7690,-105.366,146.524,-37.805,4,42
-2.3765,-0.2729,0.8027,-100.610,150.244,-31.768,4,42
-2.5659,-0.1870,0.8555,-98.841,152.805,-27.622,4,42
-2.7510,-0.0957,0.8970,-99.390,154.268,-23.902,4,42
-3.6821,0.3667,1.8687,-69.146,200.366,-22.012,4,42
-3.6401,0.3560,2.0479,-70.854,200.915,-16.524,4,42
-3.8252,0.1934,2.2041,-76.829,202.073,-9.268,4,42
-3.8359,-0.0078,2.2222,-83.841,206.159,-5.793,4,42
-3.8281,-0.2231,2.2803,-91.951,210.549,-0.488,4,42
-3.8037,-0.4375,2.3999,-101.159,215.427,4.207,4,42
-3.7383,-0.6479,2.5098,-115.427,219.024,6.951,4,42
-3.6455,-0.8530,2.6021,-130.183,222.378,8.659,4,42
-3.5161,-1.0449,2.6899,-144.878,222.927,9.817,4,42
-3.3794,-1.1899,2.7285,-161.402,222.012,10.732,4,42
-3.2310,-1.3062,2.7515,-181.463,220.244,11.159,4,42
-3.0708,-1.4209,2.8159,-204.817,217.805,10.915,4,42
-2.8828,-1.5078,2.9375,-223.963,215.366,10.305,4,42
-2.6694,-1.4961,3.0840,-242.744,212.683,9.146,4,42
-2.4238,-1.4067,3.2212,-264.085,207.073,5.854,4,42
-2.1519,-1.3057,3.3589,-283.415,198.780,1.646,4,42
-1.8735,-1.1958,3.5117,-298.720,188.476,-1.890,4,42
-1.6074,-1.0854,3.5942,-313.598,176.890,-4.207,4,42
-1.3516,-0.9673,3.5669,-334.634,160.854,-6.220,4,42
-1.0884,-0.8638,3.3936,-360.183,138.659,-8.537,4,42
-0.8408,-0.7500,3.0449,-391.829,108.537,-11.341,4,42
-0.6094,-0.6128,2.5420,-420.427,69.329,-14.573,4,42
-0.3940,-0.4683,1.9561,-438.415,25.610,-19.573,4,42
-0.2358,-0.4019,1.3823,-438.415,-14.268,-23.841,4,42
-0.9297,-0.3999,-0.4287,-72.378,-26.280,-46.890,3,42
-0.9648,-0.4829,-0.2939,-71.463,-29.573,-44.634,3,42
-0.9932,-0.5293,-0.2334,-66.463,-33.110,-38.537,3,42
-1.0264,-0.5049,-0.2539,-60.000,-35.122,-31.829,3,42
-1.0371,-0.4380,-0.2993,-53.232,-36.037,-27.134,3,42
-1.0352,-0.3320,-0.3604,-46.707,-37.378,-25.183,3,42
-1.0054,-0.2236,-0.4243,-39.939,-37.988,-25.488,3,42
-0.9614,-0.1304,-0.4448,-33.963,-40.183,-26.768,3,42
-1.9961,2.1724,2.9209,-197.866,11.707,-42.256,4,42
-2.3384,2.5493,3.6836,-308.049,-38.720,-43.902,4,42
-2.7090,2.5576,3.9946,-422.500,-91.768,-62.805,4,42
-2.9883,1.8960,4.0747,-517.805,-148.902,-107.073,4,42
-3.1753,0.7061,3.9561,-572.439,-211.402,-172.500,4,42
-3.1797,-0.5938,3.6758,-565.244,-271.951,-244.451,4,42
-2.8628,-1.8086,3.2549,-491.037,-314.085,-301.829,4,42
-2.1055,-2.5361,2.7539,-369.878,-314.939,-324.695,4,42
-0.9346,-0.5840,-0.2837,7.988,-53.232,-22.195,3,42
-0.9722,-0.6357,-0.2495,5.305,-55.610,-21.951,3,42
-0.9595,-0.6660,-0.2681,2.012,-58.110,-20.305,3,42
-0.9399,-0.6694,-0.2773,-2.561,-60.122,-18.171,3,42
-0.9141,-0.6528,-0.2759,-7.683,-62.378,-15.549,3,42
-0.8887,-0.6304,-0.2686,-13.232,-63.780,-12.622,3,42
-0.8696,-0.5947,-0.2573,-19.512,-65.671,-9.878,3,42
-0.8716,-0.5469,-0.2173,-25.671,-67.195,-8.110,3,42
-3.5088,0.8955,1.6880,-192.622,-346.829,-337.927,4,42
-3.5952,0.8257,1.5972,-205.976,-358.780,-340.549,4,42
-3.6392,0.7354,1.4976,-209.390,-359.390,-344.207,4,42
-3.6382,0.6592,1.4414,-203.354,-350.610,-346.768,4,42
-3.6362,0.6035,1.4097,-194.207,-336.707,-348.598,4,42
-3.6118,0.6089,1.3926,-186.402,-323.415,-350.000,4,42
-3.5708,0.6826,1.4238,-183.476,-315.366,-351.098,4,42
-3.5435,0.7808,1.4717,-185.427,-313.659,-351.402,4,42
-0.9326,-0.3623,-0.0029,-38.476,-76.768,3.232,3,42
-0.9521,-0.3647,0.0381,-41.463,-76.098,4.085,3,42
-0.9824,-0.3843,0.0537,-45.732,-75.427,5.732,3,42
-1.0039,-0.4004,0.0581,-50.244,-74.390,6.646,3,42
-1.0459,-0.4175,0.0708,-57.927,-73.171,9.146,3,42
-1.0664,-0.4180,0.0703,-62.988,-72.073,10.366,3,42
-1.0630,-0.4224,0.0737,-68.476,-70.671,11.829,3,42
-1.0649,-0.4185,0.0806,-73.354,-70.366,13.110,3,42
-3.7866,2.3516,1.3608,-290.976,-404.634,-319.573,4,42
-3.6504,2.4321,1.2305,-294.695,-403.354,-313.049,4,42
-3.5024,2.5034,1.1016,-299.024,-401.585,-302.439,4,42
-3.3413,2.5825,1.0156,-304.268,-401.402,-289.268,4,42
-3.1626,2.6606,0.9346,-310.244,-402.866,-276.585,4,42
-3.0142,2.7153,0.8779,-318.659,-404.695,-266.890,4,42
-2.9204,2.7759,0.8726,-328.537,-409.695,-259.512,4,42
-2.8662,2.8169,0.8867,-342.134,-418.720,-255.000,4,42
-2.9297,2.8613,0.9639,-358.902,-433.720,-253.049,4,42
-3.0337,2.9121,1.0059,-381.220,-456.463,-249.512,4,42
-3.1377,2.8877,0.9883,-406.098,-483.476,-247.317,4,42
-3.2305,2.8315,0.9199,-429.512,-511.768,-244.878,4,42
-3.2515,2.7754,0.8306,-447.073,-536.037,-241.951,4,42
-3.2183,2.7734,0.7461,-457.012,-551.098,-240.183,4,42
-3.2266,2.8076,0.6270,-461.220,-555.915,-244.634,4,42
-3.3315,2.9043,0.3745,-460.366,-554.512,-254.085,4,42
-3.5059,3.1138,-0.0625,-451.159,-552.927,-268.293,4,42
-3.7808,3.3042,-0.5190,-429.207,-553.841,-280.854,4,42
-4.1338,3.4785,-0.9175,-393.476,-562.927,-286.768,4,42
-4.5000,3.5737,-1.2090,-355.610,-570.244,-287.805,4,42
-4.7959,3.5645,-1.4678,-319.390,-569.390,-294.756,4,42
-4.8672,3.7202,-1.9580,-271.280,-555.610,-309.573,4,42
-4.4209,4.0259,-2.5190,-186.951,-511.159,-343.476,4,42
-3.5796,5.2681,-2.9678,-80.488,-450.732,-384.207,4,42
-3.2832,4.6758,-3.1016,38.049,-383.598,-376.829,4,42
-4.0083,1.4141,-5.6660,149.024,-310.000,-350.366,4,42
-6.6841,-0.4727,-10.7568,288.659,-42.683,-476.585,4,42
-10.3149,2.5049,-13.9771,253.720,393.293,-586.768,4,42
-8.8003,4.5322,-12.6377,442.012,726.646,-519.390,4,42
-5.8716,2.3354,-9.3052,436.951,693.720,-327.439,4,42
-5.0669,2.0288,-9.7896,126.707,357.317,-221.829,4,42
-0.6113,8.4956,-10.8433,-192.500,111.524,-272.256,4,42
-1.0615,-0.0298,0.1631,-100.427,-33.963,27.927,3,42
-1.0444,-0.0161,0.1641,-95.000,-31.646,28.415,3,42
-1.0552,-0.0015,0.1699,-87.622,-28.293,29.268,3,42
-1.0840,0.0278,0.1704,-82.439,-25.915,28.841,3,42
-1.1113,0.0293,0.1436,-80.732,-24.329,27.317,3,42
-1.0991,0.0073,0.1162,-79.573,-23.232,25.549,3,42
-1.0454,-0.0093,0.0991,-74.817,-21.037,25.000,3,42
-0.9917,0.0122,0.1060,-65.122,-18.659,25.793,3,42
-0.9624,0.0742,0.1265,-52.805,-14.695,27.439,3,42
-0.9863,0.1768,0.1631,-41.646,-10.427,27.500,3,42
-1.0649,0.2417,0.1831,-34.817,-7.622,25.854,3,42
-1.1450,0.2471,0.1704,-33.415,-5.549,23.415,3,42
-1.2231,0.1890,0.1636,-35.976,-4.817,20.793,3,42
-1.2656,0.0820,0.1733,-38.110,-4.146,17.744,3,42
-1.2847,-0.0527,0.1904,-39.085,-3.049,15.488,3,42
-1.2749,-0.1733,0.2114,-37.256,-1.402,13.354,3,42
-1.2500,-0.2676,0.2178,-33.841,0.854,11.220,3,42
-1.2178,-0.2939,0.2329,-29.878,3.841,8.963,3,42
-1.1914,-0.2720,0.2168,-27.195,6.768,8.049,3,42
-1.1777,-0.2158,0.2017,-27.378,9.451,6.951,3,42
-1.1729,-0.1353,0.1997,-30.366,11.829,6.524,3,42
-1.1616,-0.0659,0.1787,-35.793,13.232,6.037,3,42
-1.1533,-0.0200,0.1621,-42.073,14.451,5.732,3,42
-1.1216,-0.0020,0.1592,-47.866,14.878,5.061,3,42
-1.0581,-0.0317,0.1416,-52.073,17.073,4.329,3,42
-1.0283,-0.0464,0.1416,-52.134,17.805,3.902,3,42
-0.9863,-0.0527,0.1514,-50.061,19.390,3.171,3,42
-0.9546,0.0015,0.1328,-44.878,22.683,0.183,3,42
-0.9399,0.0640,0.1128,-42.134,25.305,-1.159,3,42
-0.9448,0.1348,0.1035,-40.183,27.561,-2.378,3,42
-0.9575,0.1836,0.0845,-40.305,29.329,-2.927,3,42
-0.9751,0.2041,0.0708,-40.671,31.037,-3.171,3,42
-1.0410,0.2148,0.0283,-41.707,44.878,-7.500,3,42
-1.0483,0.1646,0.0342,-39.878,45.610,-8.476,3,42
-1.0405,0.1021,0.0337,-37.561,46.037,-9.329,3,42
-1.0220,0.0503,0.0093,-34.085,46.463,-10.000,3,42
-1.0127,0.0078,0.0059,-30.671,46.768,-10.305,3,42
-1.0151,-0.0254,0.0083,-27.378,47.500,-10.732,3,42
-1.0151,-0.0488,0.0049,-23.476,48.415,-10.427,3,42
-1.0112,-0.0615,-0.0088,-19.390,48.598,-10.488,3,42
-1.0117,-0.0718,-0.0352,-14.146,49.268,-9.878,3,42
-0.9912,-0.0610,-0.0786,-8.354,50.427,-9.512,3,42
-0.9844,-0.0625,-0.0830,-2.927,50.061,-8.780,3,42
-0.9790,-0.0479,-0.0957,2.012,49.573,-8.780,3,42
-0.9707,-0.0391,-0.1025,4.756,49.268,-8.720,3,42
-0.9678,-0.0615,-0.1064,7.317,49.146,-8.537,3,42
-0.9683,-0.0903,-0.1099,10.732,49.024,-8.476,3,42
-0.9536,-0.1094,-0.0991,13.537,48.841,-8.293,3,42
-0.9487,-0.1626,-0.0957,17.378,48.232,-8.049,3,42
-0.9443,-0.1704,-0.0913,18.598,48.293,-7.988,3,42
-0.9287,-0.1890,-0.0811,22.195,47.744,-7.256,3,42
-0.9233,-0.2036,-0.0884,23.963,47.439,-6.524,3,42
-0.9155,-0.2129,-0.1055,25.122,46.646,-5.854,3,42
-0.9019,-0.2158,-0.1113,25.549,46.951,-4.329,3,42
-0.9126,-0.2012,-0.1196,25.549,47.012,-3.415,3,42
-0.9185,-0.2017,-0.1074,24.695,48.293,-2.439,3,42
-0.9404,-0.1792,-0.0708,23.598,49.024,-2.195,3,42
-0.9448,-0.1709,-0.0493,23.049,49.756,-1.524,3,42
-0.9590,-0.1665,-0.0337,24.390,50.793,-0.061,3,42
-0.9692,-0.1523,-0.0239,27.683,52.378,1.037,3,42
-0.9863,-0.1284,-0.0054,30.488,53.293,2.378,3,42
-1.0020,-0.1128,0.0254,33.537,54.756,2.561,3,42
-1.0190,-0.1040,0.0376,37.683,55.854,2.805,3,42
-1.0317,-0.1162,0.0352,42.256,57.195,2.744,3,42
-2.7837,1.0527,1.0239,244.268,265.732,187.927,4,42
-2.7637,1.0249,1.0371,244.451,264.512,187.683,4,42
-2.7319,0.9487,1.0752,243.049,262.439,186.585,4,42
-2.6924,0.8647,1.1011,240.915,261.646,184.939,4,42
-2.6416,0.7983,1.1372,237.195,262.317,182.988,4,42
-2.5430,0.7056,1.1826,229.939,263.841,179.268,4,42
-2.5093,0.6743,1.2070,227.073,264.085,178.232,4,42
-2.4678,0.6343,1.2603,220.305,264.695,176.707,4,42
-0.9468,-0.2246,-0.1689,66.829,88.110,0.366,3,42
-0.9580,-0.2666,-0.1499,67.683,88.659,1.463,3,42
-0.9619,-0.2959,-0.1367,67.805,88.780,2.866,3,42
-0.9717,-0.3311,-0.1152,68.293,89.390,3.780,3,42
-0.9648,-0.3638,-0.1084,68.049,90.061,4.817,3,42
-0.9731,-0.3774,-0.0742,66.768,91.220,5.610,3,42
-0.9722,-0.3848,-0.0303,63.902,91.707,6.585,3,42
-0.9863,-0.3813,-0.0142,59.878,92.805,7.500,3,42
-1.9966,0.1943,1.4116,148.963,227.988,169.756,4,42
-1.9546,0.1260,1.4116,141.585,223.720,168.415,4,42
-1.9297,0.0591,1.3979,135.122,218.963,166.341,4,42
-1.8926,-0.0146,1.3887,128.659,215.000,163.902,4,42
-1.8657,-0.0811,1.3828,123.476,211.220,161.463,4,42
-1.8291,-0.1396,1.3838,120.061,208.110,159.756,4,42
-1.7988,-0.1860,1.4229,116.951,205.427,158.476,4,42
-1.7666,-0.2114,1.4761,114.268,202.988,157.866,4,42
-1.1245,-0.3872,0.0024,17.561,113.476,13.476,3,42
-1.1206,-0.3936,-0.0322,13.354,115.671,13.476,3,42
-1.1104,-0.4097,-0.0801,9.817,118.780,13.232,3,42
-1.1333,-0.4434,-0.0972,6.646,121.524,12.012,3,42
-1.1494,-0.4814,-0.0879,3.963,124.695,10.915,3,42
-1.1821,-0.5239,-0.0630,1.098,127.500,9.756,3,42
-1.1963,-0.5303,0.0166,-2.378,130.366,8.537,3,42
-1.1631,-0.4980,0.0796,-6.951,132.500,8.841,3,42
-2.1553,0.6890,6.5439,-48.049,254.695,147.378,4,42
-2.4209,-1.6782,7.9683,-163.110,289.024,74.756,4,42
-1.7749,-4.5889,7.8628,-46.890,253.476,13.171,4,42
-0.7520,-6.0176,8.0654,322.439,178.598,-12.256,4,42
0.1465,-6.1230,7.7158,606.890,62.866,-19.390,4,42
0.8281,-4.8760,7.1758,653.171,-85.915,-23.415,4,42
1.3794,-4.9795,7.3242,577.500,-183.841,-52.988,4,42
1.2363,-5.6309,8.0664,471.402,-206.280,-85.244,4,42
1.0688,-6.9844,8.9795,370.610,-153.659,-110.427,4,42
1.5986,-8.3281,10.0815,321.646,-82.805,-113.415,4,42
1.4551,-8.8779,11.1250,322.866,-56.646,-112.195,4,42
1.0493,-7.2778,9.9707,351.402,-126.402,-136.159,4,42
1.1768,-4.5254,6.8643,461.280,-267.561,-157.805,4,42
0.8877,-2.0571,3.8481,514.878,-390.427,-127.317,4,42
-0.2383,-0.5679,0.6792,388.293,-487.500,-88.232,4,42
-2.3867,0.6992,-2.3169,96.341,-519.512,-44.939,4,42
-1.0981,-0.0220,-0.6333,3.841,83.659,24.756,3,42
-1.0669,0.0020,-0.6572,10.061,78.902,24.207,3,42
-0.7783,-0.0283,-0.6895,19.817,73.232,22.012,3,42
-0.3892,-0.1235,-0.7319,34.024,65.061,18.476,3,42
-0.1484,-0.2573,-0.8477,47.561,55.671,15.183,3,42
0.0015,-0.3384,-0.9648,50.549,48.963,12.805,3,42
-0.0884,-0.3335,-0.9521,45.427,41.159,12.561,3,42
-0.1782,-0.2295,-0.9292,35.000,36.280,14.756,3,42
-1.2109,0.3843,-0.6157,4.390,-9.756,17.622,3,42
-1.1753,0.2974,-0.5435,7.622,-12.561,16.646,3,42
-1.1040,0.2217,-0.4888,10.427,-15.732,15.183,3,42
-0.9893,0.1270,-0.4712,15.305,-18.841,12.439,3,42
-0.8633,0.0122,-0.4985,21.341,-22.073,8.902,3,42
-0.7437,-0.1094,-0.5498,27.988,-25.671,4.695,3,42
-0.6465,-0.2578,-0.6362,34.146,-29.817,0.488,3,42
-1.1812,0.4775,-0.6440,1.280,-6.159,17.744,3,42
-4.0923,0.4058,2.1626,-27.927,157.378,60.122,4,42
-3.9702,-0.2651,1.9517,-20.366,182.805,58.110,4,42
-3.7896,-0.8296,1.7954,-10.854,205.915,56.280,4,42
-3.6255,-1.2178,1.8320,-6.707,218.659,56.707,4,42
-3.5723,-1.4751,1.9741,-12.988,222.317,59.268,4,42
-3.5991,-1.6172,2.1260,-25.488,220.122,61.524,4,42
-3.7251,-1.8193,2.3428,-40.976,215.061,63.720,4,42
-3.8608,-2.1099,2.6172,-64.878,208.293,72.500,4,42
-0.8774,-0.0576,-0.6592,-3.232,-75.488,-14.451,3,42
-0.9644,-0.0620,-0.5483,-10.732,-77.439,-14.512,3,42
-1.0293,-0.0669,-0.4482,-19.024,-78.354,-14.146,3,42
-1.0864,-0.0771,-0.3604,-26.037,-78.293,-14.268,3,42
-1.1216,-0.0986,-0.2925,-30.122,-78.841,-14.939,3,42
-1.1489,-0.1563,-0.2461,-32.317,-79.024,-16.402,3,42
-1.1733,-0.1895,-0.1782,-36.280,-77.683,-19.634,3,42
-1.1680,-0.2500,-0.1855,-41.646,-77.744,-24.268,3,42
-1.5054,-1.5762,1.4224,-268.720,128.780,24.146,4,42
-1.3511,-0.9219,0.9922,-247.866,122.866,35.976,4,42
-1.3989,-0.3491,0.6636,-254.024,128.659,55.793,4,42
-1.5313,-0.0444,0.4023,-269.390,136.768,69.146,4,42
-1.6641,-0.0024,0.3398,-281.524,139.024,69.573,4,42
-1.7207,-0.0972,0.4819,-293.415,136.159,61.037,4,42
-1.7710,-0.1631,0.7339,-313.171,128.476,45.610,4,42
-1.7827,-0.1890,0.9824,-344.634,115.610,27.012,4,42
-1.0562,0.0454,-0.3496,-78.902,-77.561,-33.354,3,42
-1.0098,0.0093,-0.3726,-80.915,-77.927,-33.049,3,42
-0.9868,-0.0264,-0.4058,-81.159,-79.390,-33.049,3,42
-0.9648,-0.0454,-0.3843,-80.305,-80.061,-32.561,3,42
-0.9502,-0.0801,-0.3457,-80.427,-81.098,-31.768,3,42
-0.9380,-0.1226,-0.3438,-79.756,-82.500,-30.549,3,42
-0.9307,-0.1675,-0.3428,-78.293,-83.841,-29.085,3,42
-0.9385,-0.2290,-0.3335,-76.890,-85.366,-27.744,3,42
-0.9429,-0.2979,-0.3359,-75.305,-86.037,-26.159,3,42
-0.9312,-0.3716,-0.3145,-73.963,-85.976,-25.000,3,42
-0.9287,-0.4375,-0.2979,-72.866,-86.280,-23.659,3,42
-0.9351,-0.5059,-0.2822,-71.768,-86.951,-21.951,3,42
-0.9526,-0.5498,-0.2393,-71.098,-86.890,-21.524,3,42
-0.9614,-0.5820,-0.2061,-71.524,-87.012,-20.366,3,42
-0.9678,-0.6108,-0.1841,-72.012,-87.012,-18.598,3,42
-0.9829,-0.6387,-0.1880,-71.707,-86.585,-17.317,3,42
0.3188,-2.4272,3.1660,-55.244,-145.915,-218.476,4,42
0.2656,-2.3569,3.0220,-59.390,-156.402,-241.341,4,42
0.2437,-2.2988,2.8779,-70.183,-167.134,-262.988,4,42
0.0903,-2.2598,2.7310,-81.280,-178.415,-283.720,4,42
-0.0190,-2.2393,2.6030,-89.573,-191.280,-304.634,4,42
-0.1909,-2.1851,2.4673,-95.366,-205.915,-322.073,4,42
-0.3398,-2.1279,2.3423,-97.683,-223.720,-337.927,4,42
-0.5327,-2.0386,2.2495,-98.537,-242.988,-351.585,4,42
-0.9214,-0.7104,-0.1343,-91.463,-79.817,-10.366,3,42
-0.9067,-0.6982,-0.1284,-93.171,-78.537,-10.061,3,42
-0.9185,-0.6978,-0.1240,-93.720,-76.280,-9.878,3,42
-0.9253,-0.7124,-0.1196,-93.110,-74.268,-10.244,3,42
-0.9438,-0.7026,-0.0996,-91.646,-72.378,-10.549,3,42
-0.9487,-0.6826,-0.0806,-90.427,-70.244,-10.915,3,42
-0.9390,-0.6816,-0.0620,-89.024,-67.744,-11.341,3,42
-0.9429,-0.6636,-0.0576,-86.402,-65.671,-11.098,3,42
-5.8950,2.2681,1.8677,-199.329,-410.305,-444.024,4,42
-6.0342,2.6182,2.0024,-189.268,-422.500,-433.110,4,42
-6.1392,3.0498,2.1494,-176.890,-433.598,-418.171,4,42
-6.0112,3.4565,2.2524,-172.927,-440.671,-409.512,4,42
-5.6729,3.7808,2.2910,-177.500,-438.354,-410.976,4,42
-5.8101,4.0010,2.2979,-174.024,-437.622,-418.293,4,42
-5.7363,4.4531,2.2700,-160.305,-463.780,-397.317,4,42
-5.4756,4.7314,2.0166,-162.012,-477.012,-386.646,4,42
-5.3306,5.0474,1.6660,-168.902,-491.341,-370.305,4,42
-4.8218,5.2656,1.1504,-195.366,-494.634,-357.866,4,42
-4.8774,5.4087,0.7075,-227.256,-490.000,-360.122,4,42
-5.0835,5.9092,0.2720,-247.744,-521.159,-336.890,4,42
-5.9106,5.3267,-1.5176,-267.927,-553.537,-342.500,4,42
-6.2227,2.8770,-3.6528,-166.098,-523.171,-451.402,4,42
-10.3115,-9.6592,-4.1641,-584.268,-272.683,-411.341,4,42
-16.0000,-4.0483,-16.0000,-864.329,-119.024,-650.122,4,42
-14.0337,13.5327,-16.0000,-648.110,215.427,-560.549,4,42
-2.9878,15.2480,-14.9194,-86.524,503.415,-316.037,4,42
-1.1768,14.6592,-12.4316,-254.024,277.500,-296.280,4,42
1.1182,14.6167,-12.2446,-287.256,-66.524,-189.085,4,42
2.2661,15.7817,-11.5303,-198.963,-221.098,-29.024,4,42
2.3213,15.0386,-10.7842,-178.720,-214.207,67.134,4,42
2.5869,11.4214,-8.5967,-52.561,-144.817,76.524,4,42
1.8354,8.2598,-5.7998,72.500,-103.598,86.402,4,42
-1.2031,0.1753,-0.0942,-65.366,-24.695,13.720,3,42
-1.1958,0.0776,-0.1553,-68.659,-22.988,12.378,3,42
-1.1255,0.0083,-0.1309,-63.598,-20.793,12.012,3,42
-1.0220,-0.0107,-0.1030,-57.317,-19.024,11.037,3,42
-0.8916,0.0015,-0.1694,-49.573,-17.134,8.537,3,42
-0.8613,0.0454,-0.2012,-43.841,-15.549,6.220,3,42
-0.8813,0.0869,-0.1899,-39.512,-14.634,3.232,3,42
-0.9346,0.0742,-0.1416,-37.988,-14.390,-1.402,3,42
0.0947,2.1494,-0.9995,244.634,145.244,-54.634,4,42
-0.4678,2.3999,-0.5088,323.293,150.488,-5.183,4,42
-0.6362,2.3696,-0.3950,381.768,109.512,43.232,4,42
-0.7007,2.2080,-0.6445,403.963,70.793,63.841,4,42
-0.8877,1.8716,-1.1353,434.512,31.707,67.195,4,42
-0.9385,1.6475,-1.4355,450.732,9.878,64.024,4,42
-1.0342,1.4395,-1.6406,455.671,5.000,59.512,4,42
-1.1304,1.2959,-1.6924,457.134,14.634,57.317,4,42
-1.0020,0.2661,-0.0869,16.585,0.732,-19.573,3,42
-1.0352,0.3120,-0.0933,14.329,1.463,-18.049,3,42
-1.0503,0.3354,-0.0981,12.561,2.683,-16.402,3,42
-1.0679,0.3330,-0.1138,10.915,3.110,-14.756,3,42
-1.0879,0.3081,-0.1001,8.354,4.268,-13.415,3,42
-1.0542,0.2905,-0.0840,6.280,5.488,-13.171,3,42
-1.0425,0.2827,-0.0767,5.793,7.378,-13.171,3,42
-1.0264,0.3096,-0.0698,6.341,9.207,-13.232,3,42
-1.8237,2.4712,-1.7793,304.085,147.866,11.768,4,42
-1.7842,2.5649,-1.8813,305.122,157.622,17.805,4,42
-1.6626,2.5342,-1.9907,320.793,171.463,32.683,4,42
-1.4844,2.4160,-2.0400,339.939,186.646,52.317,4,42
-1.3418,2.2886,-2.0171,347.195,197.683,70.122,4,42
-1.2524,2.1084,-1.9551,333.415,200.244,83.415,4,42
-1.2358,1.8584,-1.8857,299.573,192.866,91.890,4,42
-1.2847,1.5659,-1.8281,257.317,178.780,98.354,4,42
-1.3657,1.3037,-1.7524,217.866,160.244,104.451,4,42
-1.4937,1.0532,-1.6919,187.866,143.110,113.049,4,42
-1.6221,0.8330,-1.6182,169.451,129.756,123.232,4,42
-1.7388,0.6689,-1.5527,161.768,122.927,134.146,4,42
-1.8423,0.5757,-1.4878,163.476,123.354,145.488,4,42
-1.9478,0.5400,-1.4419,173.720,129.024,155.244,4,42
-2.0249,0.5737,-1.4170,188.598,138.537,163.232,4,42
-2.0835,0.6709,-1.4131,203.780,150.671,169.329,4,42
-1.1309,0.7061,-0.0664,72.561,32.378,-4.451,3,42
-1.1211,0.7085,-0.0586,86.707,35.000,-3.720,3,42
-1.1060,0.7192,-0.0464,101.646,37.744,-4.207,3,42
-1.0835,0.7261,-0.0239,118.110,40.427,-4.695,3,42
-1.0664,0.7451,-0.0015,133.537,42.134,-5.122,3,42
-1.0366,0.7441,0.0059,148.232,43.598,-5.244,3,42
-1.0093,0.7251,0.0039,162.073,45.732,-5.305,3,42
-0.9849,0.6748,-0.0264,174.451,46.707,-5.122,3,42
-1.1768,-0.2471,0.0977,106.707,79.146,16.951,3,42
-1.2041,-0.2271,0.1265,108.049,82.439,16.585,3,42
-1.2402,-0.2217,0.1729,108.659,86.341,16.220,3,42
-1.2676,-0.2183,0.2124,108.841,90.244,15.488,3,42
-1.2935,-0.2368,0.2676,108.841,93.476,14.268,3,42
-1.3086,-0.2695,0.3110,107.988,97.195,12.805,3,42
-1.3135,-0.2954,0.3311,105.244,100.183,11.220,3,42
-1.2881,-0.3311,0.2822,100.061,102.134,8.963,3,42
-1.2412,-0.4204,0.1577,93.415,104.024,6.768,3,42
-1.1919,-0.5303,0.0439,87.866,105.915,4.817,3,42
-1.1714,-0.5757,0.0220,79.634,107.134,2.561,3,42
-1.1304,-0.5649,0.0093,65.976,106.707,0.061,3,42
-1.0371,-0.5542,-0.0298,51.098,105.549,-1.037,3,42
-0.9028,-0.5713,-0.1187,38.780,104.695,0.793,3,42
-0.7866,-0.5615,-0.2427,28.293,103.841,3.598,3,42
-0.6616,-0.5347,-0.3608,16.951,102.134,5.244,3,42
-0.5771,-0.4951,-0.4600,5.061,100.488,5.305,3,42
-0.5073,-0.4814,-0.5723,-5.488,98.780,4.451,3,42
-0.4844,-0.4565,-0.6362,-11.829,95.915,4.512,3,42
-0.4878,-0.4067,-0.6274,-16.951,92.805,5.854,3,42
-0.5103,-0.3350,-0.5581,-23.780,89.817,6.402,3,42
-0.5425,-0.2891,-0.4854,-30.366,88.171,7.195,3,42
-0.5903,-0.2710,-0.4224,-32.744,86.890,8.902,3,42
-0.6611,-0.2964,-0.3682,-31.829,85.976,10.915,3,42
-0.8384,-0.3320,-0.3096,-28.902,86.951,13.049,3,42
-0.9116,-0.3389,-0.2827,-29.207,87.256,13.902,3,42
-1.1006,-0.3530,-0.2329,-30.366,88.476,15.061,3,42
-1.3364,-0.3604,-0.1406,-33.171,90.732,18.902,3,42
-1.4360,-0.3335,-0.0728,-34.268,92.195,22.073,3,42
-1.4810,-0.3032,-0.0122,-36.220,94.512,24.939,3,42
-1.4614,-0.2744,0.0044,-37.622,97.439,26.707,3,42
-1.4209,-0.2603,-0.0005,-36.768,100.488,27.683,3,42
-1.3462,-0.2290,-0.0586,-32.988,103.232,28.110,3,42
-1.1807,-0.1602,-0.1064,-29.085,106.646,27.988,3,42
-0.9453,-0.1255,-0.1426,-25.793,109.817,27.683,3,42
-0.6641,-0.1104,-0.2031,-19.634,110.976,27.744,3,42
-0.4443,-0.0981,-0.2651,-14.146,109.878,27.378,3,42
-0.3906,-0.1431,-0.2959,-10.671,107.134,25.915,3,42
-0.3701,-0.1733,-0.3643,-5.427,104.024,24.085,3,42
-0.2905,-0.2178,-0.5366,1.341,100.000,23.354,3,42
-1.4570,-6.1543,7.6890,409.451,-45.854,-201.829,4,42
-0.6318,-3.7983,5.2495,603.049,-127.134,-185.610,4,42
-0.2705,-2.0122,3.9458,712.927,-228.841,-117.805,4,42
-0.8779,-1.0005,2.9990,596.524,-330.366,-47.866,4,42
-3.0771,-0.5073,0.9312,270.915,-446.951,28.232,4,42
-9.3799,-3.1309,-3.4219,-274.146,-456.463,89.268,4,42
-15.0557,-4.9629,-6.2515,-426.341,-287.561,86.220,4,42
-15.8613,-3.6895,-2.8599,9.817,-119.695,79.329,4,42
-10.8535,-2.0801,-0.0664,77.500,-98.049,32.012,4,42
-5.8809,-3.0591,0.9814,-80.366,-147.500,6.098,4,42
-3.2573,-4.0942,1.7017,-223.598,-146.463,7.866,4,42
-1.8574,-4.6323,0.9946,-233.049,-99.939,2.012,4,42
-1.1445,-4.7544,0.8955,-180.976,-55.976,-26.585,4,42
-0.4517,-4.2617,1.2305,-149.146,-34.573,-65.854,4,42
0.3008,-3.1875,1.8105,-141.159,-28.720,-112.439,4,42
0.5581,-1.8076,2.1777,-129.695,-18.476,-156.341,4,42
-3.2544,-1.7173,1.9883,-18.720,73.598,93.902,4,42
-3.6533,-1.2104,2.0195,0.671,108.963,75.061,4,42
-4.0938,-0.4995,2.0532,-11.951,110.061,62.500,4,42
-4.5127,0.0322,2.0386,-40.183,88.598,54.390,4,42
-4.7803,0.0571,1.9399,-62.439,75.061,45.244,4,42
-4.6006,-0.3867,1.8110,-58.963,94.024,33.780,4,42
-4.0386,-0.9902,1.7632,-33.476,139.451,25.854,4,42
-3.4004,-1.3335,1.9814,-5.244,177.439,21.098,4,42
-3.7520,-1.6929,2.9443,-85.000,169.573,90.976,4,42
-3.6738,-1.6768,3.1099,-93.598,176.951,95.366,4,42
-3.4985,-1.7695,3.3340,-108.415,181.524,99.024,4,42
-3.3140,-1.9233,3.6787,-129.756,187.073,101.585,4,42
-3.1274,-2.1177,3.9878,-156.402,193.354,100.732,4,42
-2.9063,-2.3037,3.9365,-183.659,194.817,90.366,4,42
-2.8853,-2.4448,3.5229,-198.598,179.756,78.293,4,42
-2.6143,-2.3877,3.1978,-199.329,155.915,73.110,4,42
-0.9487,-0.4722,-0.4009,-50.793,-105.427,-39.939,3,42
-0.9590,-0.4727,-0.4229,-55.549,-106.646,-37.683,3,42
-0.9717,-0.4814,-0.3877,-60.854,-106.585,-36.646,3,42
-0.9951,-0.4873,-0.3374,-66.220,-106.585,-35.915,3,42
-0.9951,-0.4629,-0.3096,-70.061,-106.829,-35.000,3,42
-1.0000,-0.4214,-0.2856,-72.378,-107.195,-33.780,3,42
-0.9941,-0.3687,-0.2500,-73.963,-107.683,-32.195,3,42
-0.9990,-0.3130,-0.2471,-75.000,-107.195,-30.244,3,42
-1.1646,-2.0493,1.6533,-341.402,-59.329,-114.207,4,42
-0.9336,-1.9238,1.7876,-328.049,-53.476,-101.768,4,42
-0.7700,-1.7842,1.9829,-331.524,-38.537,-95.671,4,42
-0.6465,-1.6660,2.1484,-342.256,-19.451,-97.256,4,42
-0.5537,-1.5420,2.2866,-352.622,1.524,-109.085,4,42
-0.5024,-1.4282,2.4380,-355.244,20.244,-130.793,4,42
-0.4707,-1.3638,2.5386,-343.049,31.768,-163.537,4,42
-0.4678,-1.3560,2.6426,-314.878,32.439,-202.622,4,42
-0.8838,-0.3770,-0.0874,-69.878,-83.659,-13.110,3,42
-0.8433,-0.3726,-0.0947,-71.037,-81.951,-11.829,3,42
-0.8154,-0.3755,-0.0854,-71.768,-80.488,-10.122,3,42
-0.7930,-0.3892,-0.0776,-72.927,-79.085,-8.476,3,42
-0.7549,-0.4209,-0.0903,-74.207,-77.744,-6.768,3,42
-0.7163,-0.4639,-0.1187,-75.915,-76.524,-4.878,3,42
-0.6782,-0.5044,-0.1284,-77.256,-74.878,-3.293,3,42
-0.6577,-0.5410,-0.1240,-78.841,-73.354,-2.317,3,42
-5.4067,-0.9927,-5.9829,311.890,-192.561,-593.598,4,42
-8.7485,-1.0337,-8.0361,423.963,-40.183,-641.220,4,42
-10.2075,0.0210,-10.8452,291.585,57.317,-622.439,4,42
-9.3857,5.0332,-14.0229,-57.866,272.317,-608.659,4,42
-5.4214,9.4102,-8.6196,-339.207,344.634,-440.122,4,42
-1.7036,7.8027,-5.0381,-608.963,214.817,-255.854,4,42
-0.9712,8.9238,-10.5815,-723.476,-16.646,-142.500,4,42
0.9253,13.9692,-14.9146,-523.171,-91.280,14.756,4,42
1.7402,13.1758,-12.0933,-307.012,32.317,113.232,4,42
1.8247,11.7832,-6.9028,-321.341,55.976,38.841,4,42
2.5107,9.7021,-4.4180,-356.037,25.366,-42.805,4,42
2.6465,7.7603,-3.0376,-329.085,-42.073,-84.390,4,42
1.9126,6.1816,-2.1587,-319.512,-128.049,-75.000,4,42
1.1528,4.7549,-1.6357,-314.695,-186.951,-44.146,4,42
0.6875,3.7285,-1.0596,-296.098,-202.195,-27.622,4,42
0.3950,3.1880,-0.6987,-282.927,-183.354,-25.427,4,42
-1.2720,0.3062,0.0420,-66.463,-33.293,36.524,3,42
-1.2212,0.2041,0.0879,-52.927,-32.256,28.476,3,42
-1.2080,0.1318,0.0596,-45.122,-31.768,20.366,3,42
-1.2124,0.0293,0.0059,-39.817,-31.159,14.146,3,42
-1.1963,-0.0972,-0.0024,-33.537,-30.610,9.390,3,42
-1.1548,-0.2495,0.0044,-24.756,-29.390,6.280,3,42
-1.0859,-0.3564,0.0029,-12.805,-27.866,4.390,3,42
-1.0059,-0.3828,-0.0049,-0.061,-26.463,2.439,3,42
3.9185,1.2349,-1.5967,-285.244,-126.585,-56.829,4,42
2.8081,1.5977,-1.3530,-123.659,-131.402,-58.110,4,42
1.2998,2.1885,-1.2388,9.817,-167.439,-54.451,4,42
0.1904,3.1338,-1.2119,82.256,-217.988,-45.976,4,42
-0.5181,3.9824,-1.6831,88.780,-251.951,-25.122,4,42
-1.3105,4.4370,-2.5947,75.854,-233.963,-2.256,4,42
-1.9521,4.4438,-3.8296,71.707,-147.134,7.500,4,42
-2.5566,4.0000,-4.0488,100.366,-21.829,-11.585,4,42
-1.0190,0.1924,0.0547,-45.610,9.878,-11.829,3,42
-1.0391,0.3193,0.0264,-44.024,12.561,-11.341,3,42
-1.0674,0.4258,-0.0313,-41.524,15.122,-10.061,3,42
-1.1133,0.5396,-0.0645,-38.293,18.963,-9.329,3,42
-1.1646,0.6348,-0.0322,-36.098,23.354,-9.573,3,42
-1.2129,0.7236,0.0327,-34.207,28.293,-10.488,3,42
-1.2510,0.7607,0.0747,-31.707,32.256,-10.976,3,42
-1.2627,0.7632,0.0742,-27.622,35.427,-10.366,3,42
-0.9863,-0.0757,-0.3794,41.159,51.951,-6.890,3,42
-0.9565,-0.1978,-0.3628,37.805,50.183,-5.854,3,42
-0.9204,-0.2661,-0.3276,33.598,48.780,-5.000,3,42
-0.8823,-0.2646,-0.2827,28.293,47.073,-3.902,3,42
-0.8511,-0.1953,-0.2637,22.256,45.549,-1.585,3,42
-0.8276,-0.1035,-0.2617,15.610,44.268,2.195,3,42
-0.8140,-0.0259,-0.2686,10.061,43.171,6.098,3,42
-0.8237,0.0298,-0.2710,7.073,42.805,9.512,3,42
-0.8276,0.0620,-0.2627,7.073,42.744,12.805,3,42
-0.8447,0.0835,-0.2520,10.183,43.049,14.512,3,42
-0.8701,0.1021,-0.2417,15.183,43.110,15.732,3,42
-0.8833,0.1426,-0.2139,21.037,43.720,16.951,3,42
-0.9004,0.1831,-0.1948,27.012,44.268,18.476,3,42
-0.9111,0.1997,-0.1768,32.561,45.305,20.244,3,42
-0.9331,0.1943,-0.1597,38.720,45.793,21.768,3,42
-0.9468,0.1743,-0.1514,44.939,46.829,22.744,3,42
-0.9619,0.1377,-0.1406,51.646,48.171,23.780,3,42
-0.9888,0.1084,-0.1450,58.841,49.634,24.451,3,42
-1.0044,0.0771,-0.1187,65.976,51.037,24.817,3,42
-1.0264,0.0566,-0.0908,72.744,53.049,25.305,3,42
-1.0376,0.0391,-0.0737,78.659,54.634,25.549,3,42
-1.0474,0.0352,-0.0386,83.537,57.012,27.073,3,42
-1.0469,0.0190,-0.0088,87.683,59.207,27.988,3,42
-1.0425,-0.0137,-0.0010,90.976,60.854,29.329,3,42
-3.5435,0.8330,0.4385,159.878,272.195,250.244,4,42
-3.5112,0.8296,0.5322,157.988,275.183,247.927,4,42
-3.4458,0.8315,0.6528,155.671,279.146,244.329,4,42
-3.3867,0.7974,0.7563,153.476,284.756,238.963,4,42
-3.3574,1.2349,0.1738,163.780,278.232,253.232,4,42
-3.1689,0.7754,0.9966,151.951,293.476,226.951,4,42
-3.0444,0.7671,1.1265,148.720,295.305,225.000,4,42
-2.9268,0.7183,1.2461,143.841,295.732,227.134,4,42
-1.1494,-1.5850,0.1650,70.122,74.024,14.817,3,42
-1.2119,-1.5913,0.2002,62.805,77.439,14.756,3,42
-1.2480,-1.5454,0.2344,55.061,81.280,15.671,3,42
-1.2603,-1.4331,0.2373,46.524,85.671,17.622,3,42
-1.2632,-1.2993,0.2090,39.024,90.305,20.122,3,42
-1.2622,-1.1299,0.1689,32.866,93.232,23.780,3,42
-1.2715,-0.9546,0.1655,21.951,100.061,25.854,3,42
-1.2251,-0.7944,0.0674,13.110,105.000,29.146,3,42
-1.3052,0.0576,1.4536,188.293,200.183,153.963,4,42
-1.4258,0.6606,0.5684,219.024,190.244,146.280,4,42
-1.5156,2.7559,-2.3389,393.415,185.061,112.256,4,42
-0.9546,3.9688,-2.8125,527.561,161.159,110.488,4,42
-1.7192,3.4741,1.3213,434.756,203.720,205.305,4,42
-2.2104,3.8062,6.6816,168.659,299.817,177.744,4,42
-2.9858,0.6016,10.1021,-229.207,401.524,69.024,4,42
-4.1504,-1.3203,10.4077,-358.415,474.146,-56.402,4,42
-1.0576,-0.1719,-0.3721,56.524,88.110,48.049,3,42
-1.1123,-0.2153,-0.3311,55.488,85.854,47.134,3,42
-1.1514,-0.2319,-0.2915,53.415,84.024,46.585,3,42
-1.1685,-0.1948,-0.2729,51.524,83.232,46.037,3,42
-1.1636,-0.1553,-0.2661,50.610,82.134,45.915,3,42
-1.1245,-0.1226,-0.2773,50.793,80.793,45.427,3,42
-1.1025,-0.0933,-0.3008,52.500,79.390,44.695,3,42
-1.0703,-0.0942,-0.3540,55.061,77.927,43.598,3,42
-10.7271,-3.7627,-5.6011,-234.085,-215.183,75.244,4,42
-11.6924,-2.7212,-3.7344,-98.415,-49.512,88.354,4,42
-11.6377,0.3159,-0.6816,54.268,54.268,104.756,4,42
-7.3613,0.7173,1.6387,-110.427,-8.476,30.427,4,42
-3.7476,-0.5000,1.4941,-324.085,-30.854,-49.451,4,42
-1.9248,-1.5933,0.7129,-376.098,-19.634,-81.098,4,42
-1.1450,-1.6885,1.2163,-315.549,-6.585,-81.768,4,42
-1.0332,-1.3569,2.5454,-245.976,9.817,-77.744,4,42
-1.3540,-0.7383,3.2681,-208.171,-5.854,-70.732,4,42
-1.5508,-0.2646,3.1230,-184.817,-46.707,-72.073,4,42
-2.0728,0.9648,2.5210,-139.207,-90.122,-62.134,4,42
-2.6240,2.4121,2.1279,-41.768,-101.463,-43.049,4,42
-2.9971,3.2666,2.0283,10.793,-57.073,-15.183,4,42
-2.7671,2.3931,1.7759,-13.476,10.854,-0.183,4,42
-2.5781,0.5327,1.3516,-31.280,59.756,20.610,4,42
-2.5054,-1.3433,1.3496,2.134,78.720,36.098,4,42
-0.8037,-0.0073,-0.5981,60.183,23.049,21.829,3,42
-0.8237,0.0088,-0.6123,62.439,19.939,19.207,3,42
-0.8296,0.0356,-0.6333,64.024,16.402,16.402,3,42
-0.8394,0.0742,-0.6328,65.061,12.195,14.024,3,42
-0.8472,0.1250,-0.6279,67.744,8.354,11.646,3,42
-0.8481,0.1792,-0.6475,70.854,4.085,8.841,3,42
-0.8545,0.2114,-0.6660,74.512,-0.122,6.098,3,42
-0.8228,0.2163,-0.6997,79.085,-4.207,3.476,3,42
-3.6597,-2.9175,2.5957,-195.305,209.024,80.061,4,42
-3.7642,-3.0518,2.9814,-219.268,215.122,81.280,4,42
-3.8184,-3.1577,3.2578,-250.366,218.354,80.610,4,42
-3.7886,-3.2573,3.2368,-283.354,215.976,78.232,4,42
-3.6143,-3.3647,3.3081,-311.037,211.280,75.061,4,42
-3.3862,-3.3984,3.7529,-340.061,214.329,73.598,4,42
-3.1841,-3.4395,4.3506,-381.768,225.000,69.451,4,42
-2.9312,-3.4424,4.8018,-422.866,235.000,56.890,4,42
-1.0166,-0.1938,-0.3931,47.561,-78.049,-16.951,3,42
-1.0132,-0.1797,-0.3682,43.354,-77.744,-16.951,3,42
-0.9966,-0.1733,-0.3701,39.268,-78.110,-17.256,3,42
-0.9937,-0.1489,-0.3677,36.463,-77.683,-17.805,3,42
-0.9941,-0.1265,-0.3701,36.037,-77.317,-18.293,3,42
-0.9985,-0.0923,-0.3730,35.488,-76.951,-18.476,3,42
-1.0205,-0.0806,-0.3369,34.146,-76.159,-19.085,3,42
-1.0396,-0.1011,-0.3066,34.878,-75.061,-19.146,3,42
-2.4229,-0.4287,1.0425,-456.707,81.524,55.244,4,42
-2.4341,-0.6416,1.7573,-473.110,116.220,34.817,4,42
-2.4912,-0.9478,2.2607,-492.683,150.976,-2.195,4,42
-2.6851,-1.2539,2.9595,-523.780,171.098,-36.829,4,42
-2.7397,-1.5605,2.9038,-542.622,183.963,-82.439,4,42
-2.7847,-1.7808,2.5176,-559.939,170.061,-135.427,4,42
-2.5200,-1.9883,2.1226,-558.110,133.415,-186.829,4,42
-2.0859,-2.2275,2.0278,-537.927,87.988,-217.683,4,42
-1.6328,-2.3623,2.0464,-507.988,53.293,-226.098,4,42
-1.2871,-2.3071,2.1675,-477.195,29.756,-211.890,4,42
-0.9893,-2.0444,2.3862,-447.378,23.659,-185.366,4,42
-0.8042,-1.6074,2.6899,-418.049,34.634,-157.927,4,42
-0.6411,-1.1152,3.0112,-381.463,58.354,-143.354,4,42
-0.4556,-0.7129,3.2920,-321.463,90.854,-155.488,4,42
-0.2300,-0.4678,3.5957,-218.110,129.512,-195.854,4,42
-0.2075,-0.4819,3.9756,-75.915,160.244,-242.622,4,42
-0.9907,-0.2305,-0.2603,32.744,-67.866,-6.341,3,42
-1.0176,-0.2500,-0.2061,32.500,-67.073,-6.402,3,42
-1.0298,-0.2920,-0.2144,33.476,-66.037,-6.159,3,42
-1.0400,-0.3374,-0.2178,36.402,-63.171,-5.000,3,42
-1.0552,-0.3447,-0.1802,38.293,-61.463,-3.963,3,42
-1.0605,-0.3638,-0.1606,39.329,-60.305,-2.988,3,42
-1.0562,-0.3896,-0.1563,38.902,-59.329,-2.256,3,42
-1.0654,-0.4243,-0.1675,39.756,-57.805,-1.159,3,42
-0.6021,-1.6406,3.0376,-192.622,-392.012,-261.341,4,42
-1.0293,-2.6152,2.0566,-212.195,-383.537,-293.963,4,42
-1.3369,-2.8770,1.6768,-206.341,-336.585,-362.866,4,42
-1.6040,-3.3491,1.5020,-206.341,-283.720,-423.354,4,42
-1.8501,-3.0425,1.4258,-205.183,-241.524,-464.207,4,42
-2.1963,-2.6372,1.4658,-207.744,-213.720,-483.293,4,42
-2.2051,-2.0811,1.6206,-220.000,-200.793,-480.854,4,42
-2.1826,-1.6719,1.7920,-235.122,-203.598,-465.793,4,42
-0.9180,-0.4907,-0.1812,15.122,-43.963,6.463,3,42
-0.8926,-0.4478,-0.2007,13.110,-42.866,7.256,3,42
-0.8579,-0.3804,-0.1631,11.098,-41.890,9.695,3,42
-0.8438,-0.3462,-0.1328,7.866,-41.829,12.439,3,42
-0.8472,-0.4072,-0.1196,4.573,-41.463,14.878,3,42
-0.8223,-0.5410,-0.1143,2.561,-40.183,14.939,3,42
-0.8018,-0.6909,-0.1113,2.927,-38.598,13.780,3,42
-0.7739,-0.7554,-0.1152,4.756,-37.622,11.402,3,42
-4.8169,1.2095,2.9673,-141.098,-534.146,-541.463,4,42
-5.1978,1.7031,2.8594,-132.500,-541.829,-542.622,4,42
-5.5225,2.0327,2.6826,-126.646,-532.500,-544.268,4,42
-5.7134,2.3008,2.4868,-120.061,-508.171,-545.427,4,42
-5.8945,2.3691,2.3008,-101.890,-476.524,-548.232,4,42
-5.9941,2.4287,2.1802,-67.439,-448.659,-554.695,4,42
-6.1465,2.5039,2.0654,-23.720,-428.780,-557.073,4,42
-6.2749,2.5723,1.9873,27.317,-420.122,-554.329,4,42
-6.5669,2.8638,1.9409,84.939,-423.537,-546.159,4,42
-6.7061,3.2139,1.9678,149.146,-439.512,-536.951,4,42
-6.6357,3.6309,1.9790,205.427,-459.329,-520.549,4,42
-6.4731,4.0430,1.9365,235.915,-468.780,-503.659,4,42
-6.5176,4.2661,1.8721,242.561,-470.549,-495.671,4,42
-6.3745,4.4033,1.6592,236.951,-482.439,-493.354,4,42
-6.1045,4.3931,1.0728,212.439,-495.854,-490.793,4,42
-5.9668,4.0581,-0.4971,177.805,-501.463,-492.561,4,42
-6.5728,0.7168,-7.7515,184.024,-409.512,-596.646,4,42
-11.2803,-3.1782,-12.8530,465.366,-158.110,-826.463,4,42
-15.3345,-1.3501,-15.6675,219.085,67.622,-776.098,4,42
-14.1226,9.1699,-15.9897,-415.549,538.293,-712.256,4,42
-0.9688,7.5947,-11.3545,-610.549,781.280,-258.720,4,42
-2.4893,-2.7163,-11.3364,-707.073,256.951,63.720,4,42
0.5093,12.1196,-16.0000,-409.634,-153.415,-54.512,4,42
3.5293,15.9995,-16.0000,-62.439,-125.610,14.573,4,42
-0.7368,2.0483,-1.7754,-126.890,-257.988,138.171,4,42
-1.4819,1.8447,-1.4731,-173.354,-273.110,143.659,4,42
-1.8760,1.6938,-1.1006,-248.293,-297.683,144.756,4,42
-1.5176,1.5801,-0.9287,-370.000,-324.817,157.378,4,42
-0.3799,1.8179,-0.8120,-512.927,-347.988,165.671,4,42
1.6323,2.4478,-1.2690,-662.622,-345.122,159.878,4,42
4.1094,3.5776,-2.0298,-834.146,-293.415,139.268,4,42
5.8540,2.6040,-3.3857,-1025.732,-174.817,132.805,4,42
-2.0488,2.8696,-1.6260,325.427,169.085,101.890,4,42
-1.6855,3.2485,-1.5205,351.829,181.341,111.707,4,42
-1.3745,3.5713,-1.4453,368.232,183.841,112.317,4,42
-1.1782,3.7866,-1.3306,376.829,178.293,104.878,4,42
-1.0464,3.8804,-1.1997,384.024,165.183,91.037,4,42
-0.9912,3.7480,-1.0405,390.122,147.073,75.488,4,42
-0.9604,3.4829,-0.8428,395.671,131.463,61.768,4,42
-0.9497,3.0933,-0.6089,399.146,122.561,55.732,4,42
-1.1143,0.3525,-0.1108,-63.963,-10.488,-9.878,3,42
-1.1392,0.4160,-0.1074,-60.488,-8.659,-8.354,3,42
-1.1704,0.4663,-0.1050,-57.378,-7.073,-6.829,3,42
-1.1772,0.4824,-0.0938,-53.841,-5.122,-5.122,3,42
-1.1958,0.4712,-0.0884,-48.049,-2.561,-3.598,3,42
-1.2056,0.4507,-0.0674,-40.793,-0.854,-2.500,3,42
-1.2021,0.4399,-0.0332,-34.146,1.098,-2.073,3,42
-1.2070,0.4082,-0.0264,-28.110,3.293,-2.012,3,42
-1.2212,1.0454,-0.2808,334.024,54.390,105.915,4,42
-1.3540,1.0000,-0.0747,348.902,61.585,119.268,4,42
-1.4897,0.9707,0.0537,372.500,68.841,132.866,4,42
-1.5884,0.9214,0.0967,394.756,71.829,145.488,4,42
-1.7134,0.8164,0.0962,414.085,70.610,156.098,4,42
-1.8950,0.6870,0.0508,429.268,69.451,164.085,4,42
-2.0439,0.5400,-0.0806,440.549,71.768,167.073,4,42
-2.2183,0.4189,-0.2793,443.780,78.841,165.061,4,42
-2.2798,-0.0957,-0.6567,341.524,264.024,116.341,4,42
-2.1055,-0.0723,-0.5796,326.463,273.415,120.244,4,42
-1.9590,-0.0181,-0.5049,310.549,279.573,125.061,4,42
-1.8301,0.0518,-0.4233,294.024,281.951,130.183,4,42
-1.7612,0.1289,-0.3418,277.134,280.732,135.366,4,42
-1.7310,0.1899,-0.2656,260.000,275.732,140.427,4,42
-1.7261,0.2324,-0.2163,244.207,269.268,144.512,4,42
-1.7798,0.2637,-0.1699,229.390,262.439,147.073,4,42
-0.8145,-0.4204,-0.0269,22.378,52.317,14.207,3,42
-0.8765,-0.4302,0.0396,17.378,55.244,13.293,3,42
-0.9194,-0.4497,0.0654,13.171,58.171,12.988,3,42
-0.9658,-0.4624,0.0410,12.378,61.280,13.293,3,42
-1.0117,-0.4731,0.0493,11.768,63.780,14.390,3,42
-1.0430,-0.4668,0.0498,9.329,65.671,15.427,3,42
-1.0737,-0.4663,0.0400,4.695,67.195,15.610,3,42
-1.1011,-0.4868,-0.0063,0.183,68.232,15.793,3,42
-1.8389,-0.0200,0.5972,66.402,254.085,130.305,4,42
-1.7466,-0.0557,0.6240,60.793,251.829,129.146,4,42
-1.8774,-0.0586,0.6660,55.183,248.720,124.878,4,42
-1.8438,-0.0527,0.7070,50.976,241.585,126.463,4,42
-1.8740,-0.0664,0.7432,44.878,236.341,125.122,4,42
-1.9556,-0.0859,0.7930,43.110,226.220,127.378,4,42
-1.9673,-0.1201,0.7993,41.402,217.317,130.732,4,42
-1.9258,-0.1655,0.8242,38.476,210.122,131.585,4,42
-1.6978,-0.2002,0.8140,33.476,210.671,127.927,4,42
-1.8130,-0.2744,0.8413,27.317,213.415,119.695,4,42
-1.8926,-0.3521,0.9307,29.512,203.354,120.854,4,42
-1.7056,-0.3633,0.9756,32.134,193.354,124.634,4,42
-1.5796,-0.3984,1.0317,30.183,187.866,125.915,4,42
-1.5659,-0.4595,1.0913,24.634,182.805,123.659,4,42
-1.5537,-0.4595,1.1587,25.732,178.598,130.122,4,42
-1.4219,-0.3828,1.1602,25.610,174.512,132.500,4,42
-1.3042,-0.0728,1.3359,42.927,174.207,135.122,4,42
-1.3594,0.1455,1.3315,54.146,175.732,143.476,4,42
-1.4067,0.3574,1.2363,66.890,170.244,150.122,4,42
-1.4907,0.6719,1.2217,93.659,163.110,151.037,4,42
-1.5396,1.0884,1.1108,132.622,148.110,147.622,4,42
-1.7168,2.3330,0.0459,197.683,120.732,144.268,4,42
-1.4541,4.8940,-4.1138,393.902,52.927,112.744,4,42
-0.4595,5.1909,-3.1807,487.744,-31.037,152.988,4,42
-1.1733,-0.3237,0.1016,-15.061,116.829,18.720,3,42
-0.9907,-0.2554,0.0366,-20.976,120.061,20.732,3,42
-0.8066,-0.1650,-0.0908,-28.415,122.378,23.659,3,42
-0.6626,-0.0903,-0.2881,-33.720,122.256,25.793,3,42
-0.5239,-0.0234,-0.4839,-37.073,120.610,26.463,3,42
-0.4219,-0.0537,-0.6719,-38.720,117.805,26.159,3,42
-0.3491,-0.1616,-0.7813,-35.366,114.207,25.427,3,42
-0.3027,-0.2329,-0.8271,-30.976,109.634,24.573,3,42
4.0601,-3.9092,8.1152,265.610,-640.000,-52.683,4,42
1.8750,-2.1567,5.4634,186.524,-616.951,-90.549,4,42
2.4756,-1.3525,3.7700,222.012,-491.037,-115.793,4,42
0.1255,-1.5151,2.4263,289.329,-388.049,-78.598,4,42
-1.2749,-1.2490,1.4097,354.634,-339.756,-50.427,4,42
-1.8643,-0.6646,0.4644,411.402,-320.671,-36.280,4,42
-2.6729,1.0112,-0.6841,335.366,-260.549,-15.549,4,42
-6.0703,1.0347,-1.9907,36.098,-94.329,56.463,4,42
-1.1069,-0.3657,-0.2734,-66.159,71.951,40.732,3,42
-1.1860,-0.3647,-0.1870,-61.463,72.378,41.951,3,42
-1.2114,-0.2881,-0.2031,-54.512,72.378,42.256,3,42
-1.1768,-0.1519,-0.3457,-47.744,72.988,40.671,3,42
-1.1406,-0.0552,-0.3696,-41.098,74.268,39.146,3,42
-1.0347,0.0024,-0.4058,-29.756,73.841,37.073,3,42
-0.9014,0.0688,-0.5161,-18.780,72.744,35.305,3,42
-0.8213,0.0972,-0.6118,-9.512,71.220,33.598,3,42
-0.6685,-0.0908,-0.7446,12.988,36.341,25.244,3,42
-0.7036,-0.1089,-0.7349,12.561,32.195,23.293,3,42
-0.7603,-0.0952,-0.6880,11.402,28.598,21.585,3,42
-0.8228,-0.0610,-0.6392,8.110,25.122,20.549,3,42
-0.8784,0.0059,-0.5649,4.085,21.768,19.146,3,42
-0.9375,0.1123,-0.5215,0.000,18.293,18.659,3,42
-0.9893,0.2373,-0.4854,-3.110,14.573,17.927,3,42
-0.9990,0.3540,-0.4858,-2.927,10.366,14.573,3,42
-5.2773,-1.0146,1.4312,-1.280,107.561,72.317,4,42
-4.6064,-1.2437,1.4717,-10.488,130.793,48.720,4,42
-3.5811,-1.5063,1.3120,-11.037,150.549,32.744,4,42
-2.7676,-1.5864,1.3701,-5.000,166.768,23.110,4,42
-2.2944,-1.5762,1.6089,-5.183,180.366,18.415,4,42
-2.1792,-1.5571,1.9004,-11.280,188.720,18.963,4,42
-2.3447,-1.5625,2.1475,-20.915,185.976,25.793,4,42
-2.7437,-1.6382,2.3330,-32.805,172.561,39.024,4,42
-0.6685,0.2690,-0.8198,33.354,-27.134,-20.000,3,42
-0.6816,0.2803,-0.8062,32.744,-33.232,-22.927,3,42
-0.6978,0.2925,-0.7852,31.280,-38.963,-25.305,3,42
-0.7378,0.2705,-0.7393,30.122,-44.939,-27.561,3,42
-0.8008,0.2261,-0.6855,29.268,-49.878,-29.512,3,42
-0.8569,0.1890,-0.6548,27.256,-54.024,-32.317,3,42
-0.8887,0.1724,-0.6064,23.598,-57.988,-35.000,3,42
-0.8936,0.1372,-0.5479,20.793,-60.915,-36.707,3,42
-0.9121,-0.2231,-0.4360,-6.402,-78.659,-50.488,3,42
-0.9175,-0.2471,-0.4038,-9.085,-79.512,-51.707,3,42
-0.9219,-0.2295,-0.3740,-12.378,-79.878,-52.683,3,42
-0.9229,-0.1792,-0.3569,-15.122,-80.366,-52.439,3,42
-0.9351,-0.1597,-0.3691,-17.866,-81.220,-52.439,3,42
-0.9595,-0.1812,-0.3901,-19.817,-81.402,-52.439,3,42
-0.9937,-0.2266,-0.3804,-21.463,-82.317,-52.683,3,42
-1.0029,-0.2305,-0.3613,-23.049,-82.805,-52.317,3,42
-1.3750,0.7446,0.6650,-406.280,-43.537,70.732,4,42
-1.5928,0.2500,0.9849,-466.768,0.610,53.720,4,42
-1.3921,-0.3970,1.4868,-512.988,42.317,17.805,4,42
-1.4414,-0.8838,2.3179,-595.732,53.171,-21.159,4,42
-1.4004,-1.5923,2.5063,-620.671,96.402,-64.024,4,42
-1.5645,-1.9863,2.6191,-659.573,93.110,-117.744,4,42
-1.9209,-2.2017,2.3574,-632.744,79.085,-174.085,4,42
-2.0137,-2.3354,2.3374,-559.085,35.549,-231.280,4,42
-0.7520,-0.3779,3.7070,-142.378,-184.207,-195.366,4,42
-0.7466,-0.4341,3.7295,-119.695,-196.402,-197.439,4,42
-0.7349,-0.4688,3.6289,-109.634,-207.012,-212.378,4,42
-0.7114,-0.4912,3.3979,-113.293,-218.049,-235.610,4,42
-0.7046,-0.5234,3.1021,-125.976,-229.634,-261.707,4,42
-0.7524,-0.5718,2.7969,-142.195,-243.110,-286.098,4,42
-0.8442,-0.6548,2.5195,-157.439,-259.634,-306.585,4,42
-0.9849,-0.7622,2.2842,-169.207,-279.207,-323.354,4,42
-1.1641,-0.8823,2.0581,-176.646,-301.890,-336.402,4,42
-1.3735,-1.0479,1.8496,-179.390,-327.378,-346.220,4,42
-1.6250,-1.2256,1.6450,-176.585,-353.659,-353.171,4,42
-1.9346,-1.5537,1.2881,-165.915,-372.378,-361.524,4,42
-2.2847,-1.8296,0.9370,-145.366,-367.500,-383.476,4,42
-2.6123,-1.7256,0.7632,-131.159,-340.732,-404.512,4,42
-3.0303,-1.4878,0.7632,-139.939,-297.561,-412.378,4,42
-3.3828,-1.3511,0.9722,-155.122,-257.439,-407.866,4,42
-3.4780,-1.1553,1.2368,-163.110,-229.878,-398.537,4,42
-3.3760,-0.8940,1.5034,-170.122,-211.463,-389.024,4,42
-3.2612,-0.5952,1.7178,-178.354,-200.366,-382.744,4,42
-3.1934,-0.2822,1.8945,-188.049,-197.744,-381.463,4,42
-3.1719,0.0122,2.0181,-195.854,-204.634,-386.159,4,42
-3.2002,0.2939,2.1060,-198.598,-218.780,-393.171,4,42
-3.3145,0.4082,2.1548,-184.085,-241.524,-410.061,4,42
-3.3613,0.7793,2.1875,-161.524,-270.000,-427.866,4,42
-1.0601,-0.0371,-0.1162,-70.549,-33.110,-1.524,3,42
-1.0454,-0.0322,-0.1113,-67.195,-30.793,-1.341,3,42
-1.0361,-0.0459,-0.0801,-63.110,-28.720,-0.488,3,42
-1.0420,-0.0620,-0.0664,-59.085,-26.951,0.244,3,42
-1.0308,-0.0649,-0.0605,-55.244,-25.061,1.463,3,42
-1.0024,-0.0864,-0.0571,-52.134,-23.476,2.073,3,42
-1.0034,-0.1309,-0.0610,-45.915,-21.402,2.927,3,42
-1.0068,-0.1440,-0.0571,-38.659,-20.854,2.622,3,42
-0.9805,-0.0815,-0.0684,-35.427,-20.000,2.378,3,42
-0.9023,-0.0176,-0.1060,-36.768,-18.415,2.439,3,42
-0.8325,-0.0249,-0.1602,-36.402,-16.280,3.537,3,42
-0.8271,-0.0703,-0.1763,-28.780,-14.390,5.793,3,42
-0.9170,-0.0703,-0.1226,-20.061,-14.390,5.976,3,42
-1.0425,-0.0137,-0.0479,-18.293,-16.890,4.268,3,42
-1.1548,-0.0273,-0.0273,-23.841,-18.659,0.671,3,42
-1.2207,-0.1641,-0.0742,-28.659,-18.720,-2.500,3,42
-1.2378,-0.3408,-0.1440,-29.634,-17.927,-3.476,3,42
-1.2114,-0.4878,-0.1968,-26.341,-17.866,-2.683,3,42
-1.1631,-0.5669,-0.2231,-24.024,-18.598,-1.220,3,42
-1.1030,-0.5825,-0.2256,-27.317,-20.610,-0.305,3,42
-1.0356,-0.5532,-0.2251,-35.915,-21.951,0.183,3,42
-0.9839,-0.5020,-0.2349,-45.793,-23.049,0.793,3,42
-0.9424,-0.4517,-0.2534,-55.061,-23.841,1.524,3,42
-0.9233,-0.3682,-0.2271,-62.622,-24.329,2.317,3,42
0.3320,0.4067,-0.9453,177.561,92.988,-24.329,4,42
-0.4575,0.8696,-0.7681,213.720,108.171,-32.195,4,42
-0.6704,0.9741,-0.8359,232.073,96.585,-36.463,4,42
-0.8872,1.7744,-1.4805,201.037,46.951,-45.366,4,42
-0.9497,2.2119,-2.1504,175.793,12.012,-31.280,4,42
-1.0576,2.3608,-2.6782,154.695,-13.537,-9.024,4,42
-1.3110,2.2314,-3.0791,146.341,-16.768,13.720,4,42
-1.6074,1.9917,-3.2881,160.976,3.415,29.451,4,42
-1.8950,1.8433,-3.2358,192.256,37.317,38.110,4,42
-2.2368,1.8872,-3.0020,216.646,73.415,44.817,4,42
-2.5630,2.0117,-2.6558,222.134,104.695,51.585,4,42
-2.7485,2.1636,-2.3320,217.622,127.866,56.341,4,42
-2.7402,2.3462,-2.0889,215.000,142.683,60.854,4,42
-2.5508,2.5303,-1.9478,220.061,149.146,66.890,4,42
-2.2202,2.7119,-1.8281,230.671,149.146,73.476,4,42
-1.8398,2.8667,-1.7056,241.280,145.793,76.159,4,42
-1.0220,0.4980,-0.1338,0.122,-5.488,-1.280,3,42
-1.0469,0.4902,-0.1284,12.256,-3.476,-2.805,3,42
-1.0635,0.4790,-0.1187,23.902,-0.976,-4.756,3,42
-1.0752,0.4629,-0.0850,34.451,2.012,-6.951,3,42
-1.0869,0.4404,-0.0171,44.207,4.634,-9.390,3,42
-1.0762,0.4028,0.0107,52.134,7.195,-11.707,3,42
-1.0781,0.3296,0.0059,60.244,9.390,-13.476,3,42
-1.0591,0.2534,-0.0068,68.902,11.402,-15.000,3,42
-0.8418,1.9097,-1.0137,241.037,151.646,59.207,4,42
-0.7832,1.9082,-0.9160,236.220,142.805,66.890,4,42
-0.7612,1.8467,-0.8184,234.573,131.098,78.293,4,42
-0.7920,1.6948,-0.7739,239.085,118.049,92.378,4,42
-0.9004,1.4771,-0.7627,247.439,105.793,107.561,4,42
-1.0371,1.2515,-0.8096,255.549,95.976,121.402,4,42
-1.2021,1.0469,-0.8896,263.415,91.707,132.195,4,42
-1.3853,0.8652,-0.9390,272.073,94.512,140.854,4,42
-1.0039,-0.0469,-0.1299,105.305,21.768,-17.073,3,42
-1.0127,-0.0391,-0.1294,102.866,21.463,-15.854,3,42
-1.0215,-0.0576,-0.1196,97.378,21.585,-13.720,3,42
-1.0210,-0.1279,-0.1260,91.585,21.524,-11.585,3,42
-1.0020,-0.2402,-0.1318,86.280,21.220,-8.963,3,42
-0.9736,-0.3711,-0.1343,82.317,21.220,-6.890,3,42
-0.9360,-0.4873,-0.1338,78.841,21.707,-4.146,3,42
-0.8960,-0.5640,-0.1284,73.902,21.829,-1.890,3,42
-0.9736,-0.2197,-0.0859,18.659,33.780,16.890,3,42
-0.9844,-0.1777,-0.1001,20.244,36.280,18.415,3,42
-0.9824,-0.1426,-0.0962,22.500,38.537,19.329,3,42
-0.9902,-0.1162,-0.0884,25.244,41.402,19.939,3,42
-0.9980,-0.0957,-0.0771,28.780,43.537,20.732,3,42
-1.0083,-0.0845,-0.0571,32.561,45.610,21.098,3,42
-1.0166,-0.0557,-0.0073,37.073,48.171,21.524,3,42
-1.0332,-0.0190,0.0142,41.890,50.183,21.829,3,42
-2.0938,0.6909,0.0313,134.207,261.585,189.390,4,42
-2.1128,0.6782,0.0776,132.317,260.305,190.549,4,42
-2.1250,0.6655,0.1211,128.841,259.573,190.488,4,42
-2.1201,0.6357,0.1523,123.110,259.024,188.902,4,42
-2.1343,0.5820,0.1948,117.500,259.390,185.305,4,42
-2.1958,0.5610,0.2407,112.439,258.232,182.744,4,42
-2.2314,0.5474,0.2832,108.049,255.427,183.354,4,42
-2.2275,0.5063,0.3203,104.207,253.110,184.268,4,42
-0.9751,-0.6694,-0.2729,78.902,75.976,9.390,3,42
-0.9897,-0.6963,-0.2510,75.793,75.732,9.512,3,42
-0.9976,-0.7383,-0.2104,68.720,75.610,10.854,3,42
-0.9932,-0.7520,-0.1694,55.244,75.427,13.476,3,42
-0.9702,-0.7461,-0.1592,46.341,76.098,15.305,3,42
-0.9551,-0.7251,-0.1621,36.037,76.707,17.073,3,42
-0.9487,-0.6777,-0.1680,26.220,78.476,18.415,3,42
-0.9673,-0.6118,-0.1445,16.646,80.061,19.024,3,42
-2.1709,-0.1934,0.9155,34.878,249.329,148.537,4,42
-2.1875,-0.1851,0.9453,39.817,246.951,150.000,4,42
-2.1440,-0.1387,0.9521,46.098,246.098,152.195,4,42
-2.2231,-0.0806,0.9790,55.732,240.427,157.866,4,42
-2.1475,0.1323,1.0347,81.890,231.585,165.854,4,42
-2.0952,0.4702,1.0117,109.573,224.817,176.768,4,42
-2.1089,0.8032,0.7949,128.232,221.463,187.988,4,42
-2.2148,1.2949,0.4839,147.683,212.073,201.098,4,42
-2.4702,2.9917,-1.4722,217.134,190.244,203.902,4,42
-3.0073,7.3359,-5.6782,562.073,158.110,188.110,4,42
-3.3647,9.7012,-4.9917,734.329,51.829,249.817,4,42
-2.8789,6.0845,4.1069,269.878,-50.305,202.622,4,42
-2.3799,0.3940,10.0376,-357.927,87.683,18.293,4,42
-2.3101,-5.0259,13.1289,-750.732,358.841,-117.378,4,42
-4.3076,-7.7153,12.1025,-295.427,734.939,-193.720,4,42
-5.1631,-8.6416,8.8828,493.110,726.646,-169.390,4,42
-2.1943,-10.1318,8.4233,921.951,418.841,-49.573,4,42
-0.8677,-10.4429,10.4277,770.488,118.537,175.488,4,42
1.0254,-10.4531,10.2690,390.244,-205.732,213.232,4,42
3.3818,-9.7598,11.1250,295.061,-392.134,182.256,4,42
4.7183,-7.5591,11.8042,231.585,-366.768,64.085,4,42
1.8252,-8.5464,12.0391,147.012,-238.110,-96.890,4,42
1.2959,-7.7808,10.1494,343.415,-144.085,-203.537,4,42
0.0576,-4.5195,7.1558,713.415,-121.159,-228.415,4,42
0.0386,-1.7354,5.1069,829.817,-165.854,-188.598,4,42
-0.2549,-0.5737,3.3501,680.000,-262.988,-130.366,4,42
-1.2378,-0.6411,1.6826,386.585,-440.427,-66.402,4,42
-5.4360,-1.2998,-1.1128,-86.463,-710.976,50.549,4,42
-13.3188,-7.1436,-5.8071,-887.805,-706.098,195.610,4,42
-15.6221,-5.3027,-7.5894,-672.988,-322.378,142.744,4,42
-15.5684,-0.0747,-0.8633,55.732,-91.646,100.732,4,42
-8.0371,0.7085,2.0942,115.976,-37.744,-6.890,4,42
-0.9185,0.1582,-0.4180,-4.817,72.500,23.354,3,42
-0.7949,0.1802,-0.5151,-0.854,70.366,20.122,3,42
-0.6992,0.1533,-0.6177,5.061,67.622,16.829,3,42
-0.6572,0.0889,-0.6709,12.866,64.695,13.963,3,42
-0.6499,0.0625,-0.7041,18.841,61.463,11.159,3,42
-0.6230,0.0742,-0.7275,22.561,57.805,9.695,3,42
-0.6152,0.0791,-0.7349,24.390,53.476,8.780,3,42
-0.6279,0.0474,-0.7158,24.512,48.841,7.866,3,42
0.0322,1.0371,2.0093,70.122,107.805,-212.744,4,42
-0.8667,1.0713,2.6670,46.890,130.061,-148.232,4,42
-1.4370,1.1265,2.6938,-7.256,124.207,-60.854,4,42
-1.8008,0.7314,2.5215,-57.378,83.232,26.037,4,42
-2.0337,-0.3423,2.8994,-82.805,30.366,94.268,4,42
-2.5688,-0.8643,3.0317,-93.720,-12.195,165.915,4,42
-2.6611,-1.4512,3.0396,-117.256,-67.927,215.610,4,42
-3.5640,-1.9834,2.3472,-120.183,-124.390,234.878,4,42
-4.4058,-2.2422,1.3052,-127.256,-164.146,212.500,4,42
-6.2075,-2.2749,0.1616,-172.622,-88.049,126.098,4,42
-8.0596,-2.1348,0.2944,-151.341,72.073,33.415,4,42
-8.2446,-1.6694,1.2612,0.793,187.927,-3.171,4,42
-6.3818,-1.5796,1.8213,93.293,233.841,14.390,4,42
-4.2417,-1.7109,2.0776,74.451,238.841,29.207,4,42
-2.8242,-1.9565,2.5630,18.720,238.537,23.232,4,42
-2.1191,-2.2173,2.9775,-35.488,246.220,14.024,4,42
-1.8057,-2.4810,3.2407,-73.720,258.415,8.537,4,42
-1.6714,-2.6743,3.4287,-108.720,266.159,11.341,4,42
-1.8984,-3.0776,3.5161,-151.707,265.061,19.390,4,42
-2.2876,-3.4536,3.5830,-178.354,240.671,29.695,4,42
-2.6543,-3.6509,3.6348,-197.561,195.732,42.439,4,42
-2.9072,-3.5898,3.6479,-219.024,140.305,54.573,4,42
-2.9731,-3.4019,3.6860,-253.171,91.037,66.402,4,42
-2.9229,-3.2319,3.8027,-303.780,62.561,78.902,4,42
-0.8867,-0.0454,-0.5210,-3.293,-76.524,-41.037,3,42
-0.8975,-0.0742,-0.4858,-5.183,-79.085,-41.037,3,42
-0.8940,-0.1079,-0.4756,-6.159,-80.732,-41.098,3,42
-0.8911,-0.1553,-0.4531,-6.463,-82.134,-40.671,3,42
-0.8999,-0.2031,-0.4453,-7.317,-84.024,-40.244,3,42
-0.9219,-0.2490,-0.4438,-8.841,-85.305,-40.000,3,42
-0.9360,-0.2715,-0.4185,-10.488,-86.890,-39.085,3,42
-0.9360,-0.2969,-0.3896,-11.829,-87.927,-37.622,3,42
-0.9419,-0.3359,-0.3750,-12.134,-88.780,-36.280,3,42
-0.9404,-0.3687,-0.3672,-11.829,-89.878,-35.000,3,42
-0.9443,-0.3877,-0.3657,-11.463,-90.610,-33.720,3,42
-0.9229,-0.3960,-0.3628,-10.549,-90.854,-31.829,3,42
-0.8975,-0.3970,-0.3853,-9.207,-91.524,-29.878,3,42
-0.8589,-0.4043,-0.4136,-7.012,-92.195,-27.866,3,42
-0.8428,-0.4067,-0.4341,-4.573,-93.415,-26.707,3,42
-0.8257,-0.3994,-0.4409,-2.012,-94.573,-24.756,3,42
-0.2378,-0.8301,3.0361,-319.878,42.134,-221.159,4,42
-0.4019,-0.8901,3.1758,-279.634,31.402,-241.890,4,42
-0.7144,-0.8789,3.3828,-236.159,7.256,-257.378,4,42
-0.9634,-0.7534,3.6499,-199.024,-30.793,-268.293,4,42
-1.1973,-0.6128,3.8530,-175.732,-78.780,-272.744,4,42
-1.3213,-0.5005,3.9512,-163.902,-129.878,-273.293,4,42
-1.4575,-0.4648,3.9307,-157.622,-172.927,-273.659,4,42
-1.5205,-0.4697,3.7417,-153.780,-203.902,-280.244,4,42
-1.0796,-0.4575,-0.1406,49.878,-87.744,2.439,3,42
-1.0791,-0.4380,-0.1196,48.537,-86.220,1.341,3,42
-1.0669,-0.4072,-0.0967,46.341,-84.329,0.122,3,42
-1.0337,-0.3984,-0.0889,44.085,-82.378,-0.793,3,42
-1.0015,-0.3848,-0.0659,42.256,-79.878,-0.915,3,42
-0.9766,-0.3672,-0.0566,41.037,-77.988,-1.463,3,42
-0.9526,-0.3579,-0.0498,39.756,-75.854,-1.829,3,42
-0.9512,-0.3237,-0.0347,37.683,-73.598,-2.378,3,42
-2.0249,-1.0801,1.5479,-124.695,-247.561,-418.598,4,42
-2.1255,-1.0171,1.3521,-114.390,-266.585,-424.024,4,42
-2.2495,-0.8525,1.2041,-107.927,-283.415,-429.451,4,42
-2.3706,-0.6299,1.0894,-106.280,-295.366,-431.280,4,42
-2.5288,-0.4058,1.0381,-107.500,-305.610,-430.976,4,42
-2.7432,-0.1787,1.0244,-108.476,-316.890,-432.012,4,42
-2.7700,0.0000,1.0801,-108.659,-330.244,-434.268,4,42
-3.1401,0.2212,1.0957,-105.427,-348.841,-437.317,4,42
-3.5005,0.4512,1.1558,-97.378,-369.573,-443.354,4,42
-3.7930,0.7041,1.2197,-85.488,-392.866,-456.159,4,42
-4.0981,1.0181,1.2759,-65.488,-415.854,-471.768,4,42
-4.2832,1.3994,1.3203,-36.220,-436.220,-488.598,4,42
-4.4404,1.8418,1.3940,5.488,-448.720,-503.902,4,42
-4.6948,2.2837,1.4629,55.183,-453.232,-511.768,4,42
-4.7051,2.9160,1.4014,115.610,-454.878,-516.951,4,42
-4.6899,3.7314,1.1836,175.061,-452.683,-519.146,4,42
-4.5093,4.6982,0.9038,219.268,-451.220,-520.793,4,42
-4.3213,5.6172,0.7056,251.524,-458.354,-515.793,4,42
-3.7451,6.4243,0.4253,284.512,-465.793,-504.756,4,42
-2.9985,6.9409,-0.0762,274.939,-470.000,-483.659,4,42
-2.2739,5.8301,-1.6475,237.134,-477.744,-470.793,4,42
-2.4785,1.8330,-6.3462,258.841,-417.866,-502.500,4,42
-3.7324,-1.7651,-9.7837,507.622,-203.171,-629.207,4,42
-6.3081,-4.4097,-10.9834,381.768,44.024,-614.451,4,42
-11.5493,-1.4663,-14.7188,-98.598,245.366,-564.878,4,42
-15.4937,2.7769,-15.9819,-304.939,462.073,-608.720,4,42
-3.5342,3.1885,-14.7783,-206.037,834.573,-436.280,4,42
0.3105,2.6538,-3.3896,-422.012,845.122,-40.610,4,42
-5.1138,-2.3794,-5.8286,-724.878,239.085,193.659,4,42
-2.0088,4.4429,-10.1108,-492.500,-133.415,-3.902,4,42
2.5513,11.8188,-11.3496,-509.268,-174.695,70.854,4,42
2.3740,11.6465,-8.7886,-404.207,-132.866,58.659,4,42
0.8936,11.5264,-5.5693,-397.378,-151.220,-55.000,4,42
-0.4468,10.9536,-3.5659,-449.024,-185.793,-132.195,4,42
-0.8452,9.3794,-2.8960,-439.634,-209.512,-164.451,4,42
-0.5596,7.8398,-2.4980,-378.720,-217.683,-155.000,4,42
-0.0762,6.5552,-2.3721,-311.585,-216.829,-109.695,4,42
0.1353,5.6987,-2.1274,-241.890,-209.817,-56.280,4,42
0.0503,5.2690,-1.6294,-184.939,-193.598,-6.707,4,42
-0.1958,5.0942,-1.2070,-170.427,-173.293,38.293,4,42
-0.3403,4.9751,-0.9580,-205.671,-164.207,85.305,4,42
-0.1870,5.0811,-0.5210,-292.927,-161.037,135.915,4,42
0.0454,5.2173,-0.4819,-427.012,-168.476,179.939,4,42
0.4800,5.4487,-0.2720,-656.402,-181.037,202.805,4,42
1.2046,5.0488,-1.6396,-952.683,-223.963,226.341,4,42
1.8740,2.3965,-3.5156,-1183.354,-268.841,265.488,4,42
2.2891,-1.5059,-4.4668,-919.085,-228.293,296.220,4,42
2.3354,-3.0513,-3.3916,-322.988,-73.110,278.293,4,42
-0.9858,0.1348,-0.2295,-1.037,-7.622,-11.159,3,42
-0.9844,0.0942,-0.2217,5.427,-7.805,-11.768,3,42
-0.9683,0.0498,-0.2236,11.524,-7.744,-11.585,3,42
-0.9429,0.0146,-0.2251,16.037,-8.171,-10.366,3,42
-0.9209,-0.0190,-0.2222,18.841,-7.805,-9.634,3,42
-0.9238,-0.0430,-0.2100,19.573,-7.866,-9.512,3,42
-0.9312,-0.0698,-0.2051,18.902,-8.110,-10.061,3,42
-0.9243,-0.0840,-0.2207,18.110,-8.232,-10.549,3,42
-0.8896,2.9487,-1.2827,301.707,-51.585,151.402,4,42
-1.1519,2.2544,-1.3818,335.915,-30.183,171.463,4,42
-1.3286,1.8413,-1.2559,372.866,12.927,162.744,4,42
-1.4404,1.6313,-0.9150,398.780,71.585,135.976,4,42
-1.5454,1.5029,-0.6733,414.573,136.159,102.073,4,42
-1.4019,1.6719,-0.2354,420.183,193.171,69.146,4,42
-1.3320,1.9771,-0.0317,414.939,237.500,37.561,4,42
-1.2598,2.1147,0.2769,414.695,276.220,11.341,4,42
-0.9897,0.0005,-0.1250,1.341,-3.902,-11.037,3,42
-1.0068,0.0015,-0.1333,3.110,-3.110,-10.976,3,42
-1.0327,-0.0088,-0.1309,5.244,-2.317,-10.793,3,42
-1.0400,-0.0308,-0.1304,6.890,-1.768,-11.463,3,42
-1.0488,-0.0737,-0.1460,9.024,-1.402,-12.439,3,42
-1.0547,-0.1011,-0.1548,12.317,-0.976,-13.171,3,42
-1.0483,-0.1284,-0.1665,15.183,-0.854,-14.329,3,42
-1.0405,-0.1465,-0.1733,17.622,-1.098,-14.695,3,42
-0.2568,1.5322,0.2832,390.671,51.220,121.220,4,42
-0.3467,1.3418,0.1626,395.793,31.341,125.793,4,42
-0.4458,1.2378,0.0508,396.220,19.207,126.524,4,42
-0.5640,1.1875,-0.0483,393.902,15.183,124.756,4,42
-0.7085,1.2051,-0.1362,387.805,18.902,121.280,4,42
-0.8379,1.2456,-0.1738,379.451,29.573,120.061,4,42
-0.9614,1.3003,-0.1509,369.451,43.293,122.317,4,42
-1.0522,1.3164,-0.1147,358.659,58.537,129.146,4,42
-1.1343,1.3003,-0.0830,348.049,71.159,139.939,4,42
-1.1978,1.2466,-0.0439,338.049,79.878,152.439,4,42
-1.2588,1.1587,-0.0234,330.244,85.122,165.732,4,42
-1.3208,1.0918,-0.0386,321.768,86.220,177.927,4,42
-1.3921,1.0288,-0.0688,311.707,82.988,187.500,4,42
-1.4727,0.9722,-0.1167,300.488,77.561,193.902,4,42
-1.5903,0.9058,-0.1592,289.207,71.098,197.378,4,42
-1.7324,0.8330,-0.2109,276.098,64.024,198.720,4,42
-0.8892,-0.0806,-0.1553,0.122,5.366,0.976,3,42
-0.8994,-0.0454,-0.1372,0.915,6.707,1.890,3,42
-0.9102,-0.0347,-0.1313,1.646,8.110,3.476,3,42
-0.9224,-0.0259,-0.1191,2.988,9.634,4.756,3,42
-0.9355,-0.0244,-0.1074,3.537,11.829,5.854,3,42
-0.9541,-0.0278,-0.1099,5.000,13.659,7.134,3,42
-0.9668,-0.0298,-0.1108,6.890,15.854,8.049,3,42
-1.0039,-0.0454,-0.0991,9.573,18.049,8.354,3,42
-1.8521,0.6436,-0.4355,220.244,139.512,168.537,4,42
-1.7271,0.6255,-0.4160,222.683,155.061,171.098,4,42
-1.6265,0.5996,-0.3911,227.073,165.854,173.293,4,42
-1.5684,0.5718,-0.3467,232.988,172.256,174.512,4,42
-1.5630,0.5688,-0.2866,237.866,173.780,175.122,4,42
-1.5840,0.5918,-0.2197,240.854,171.402,176.829,4,42
-1.6274,0.6074,-0.1504,240.671,165.305,179.146,4,42
-1.6836,0.6270,-0.0845,237.134,157.744,182.073,4,42
-1.7520,0.6270,-0.0273,231.341,148.537,184.756,4,42
-1.8315,0.5913,-0.0078,224.817,139.390,186.220,4,42
-1.9175,0.5581,-0.0132,217.439,132.073,186.768,4,42
-2.0181,0.4907,-0.0371,209.207,127.805,186.037,4,42
-2.0859,0.4185,-0.0513,201.829,128.049,184.207,4,42
-2.1338,0.3579,-0.0498,196.037,131.037,181.220,4,42
-2.1709,0.3159,-0.0332,190.305,137.012,178.293,4,42
-2.1675,0.2930,0.0015,183.659,144.756,175.610,4,42
-0.7007,-0.7520,-0.5684,-17.683,102.195,22.500,3,42
-0.8672,-0.8472,-0.4121,-24.268,99.817,21.707,3,42
-0.9512,-0.8115,-0.3140,-30.610,98.415,23.415,3,42
-0.9380,-0.7666,-0.2695,-40.061,99.390,25.610,3,42
-0.8999,-0.6997,-0.2339,-48.537,98.476,27.744,3,42
-0.8950,-0.5840,-0.2861,-56.159,96.341,30.122,3,42
-0.9321,-0.4512,-0.3433,-64.085,93.537,31.341,3,42
-0.9873,-0.3247,-0.3682,-71.646,92.744,32.439,3,42
-0.9878,-0.2266,-0.3887,-76.341,92.805,33.841,3,42
-0.9409,-0.1392,-0.4380,-78.537,92.378,34.878,3,42
-0.8955,-0.0947,-0.4673,-80.549,91.829,36.159,3,42
-0.8237,-0.0605,-0.4893,-82.500,90.061,36.646,3,42
-0.7344,-0.0337,-0.5239,-85.366,87.500,37.012,3,42
-0.6587,0.0386,-0.5703,-86.463,84.512,35.793,3,42
-0.6177,0.1255,-0.6016,-82.866,81.585,35.244,3,42
-0.6064,0.1860,-0.6265,-73.841,78.659,34.085,3,42
-2.5625,-4.2749,1.6948,-209.573,48.659,42.378,4,42
-1.1831,-4.5532,0.5396,-165.366,31.220,6.829,4,42
0.5225,-3.8765,0.7109,-40.244,43.780,-42.866,4,42
1.5693,-2.4731,1.3130,57.988,106.829,-105.549,4,42
1.8672,-0.5347,1.3564,93.902,171.890,-186.768,4,42
1.5669,0.1069,1.8066,61.098,208.476,-251.646,4,42
0.4971,1.2603,2.0020,48.293,216.829,-243.354,4,42
-0.1895,1.7910,2.4868,-7.927,187.439,-161.768,4,42
-0.5742,0.2153,-0.6660,-63.963,75.732,31.585,3,42
-0.9795,0.1211,-0.5166,-5.244,51.646,7.012,3,42
-0.9961,0.1748,-0.4937,-6.159,49.329,3.415,3,42
-1.0039,0.1924,-0.4946,-8.171,46.463,1.341,3,42
-1.0024,0.2056,-0.5195,-11.341,41.463,-3.171,3,42
-0.9941,0.2144,-0.5264,-13.841,38.293,-7.073,3,42
-0.9609,0.2222,-0.5562,-16.585,35.000,-10.671,3,42
-0.9399,0.2144,-0.5771,-18.293,30.976,-14.329,3,42
-6.8857,-1.2646,0.3115,22.134,205.610,23.354,4,42
-5.8633,-0.9282,0.7271,113.598,255.122,35.549,4,42
-3.9146,-0.8057,1.3569,157.012,294.207,54.268,4,42
-2.6440,-1.1890,2.0098,93.720,298.415,54.512,4,42
-2.0327,-1.6143,2.4121,22.683,293.171,42.866,4,42
-1.8560,-1.8911,2.4702,-29.207,284.390,26.280,4,42
-1.9883,-2.1978,2.4463,-46.463,266.402,13.415,4,42
-2.3745,-2.2944,2.5747,-32.866,231.463,15.366,4,42
-0.5181,0.1807,-0.8911,-12.317,-18.780,-41.646,3,42
-0.5601,0.1929,-0.8784,-12.744,-24.817,-43.963,3,42
-0.6274,0.2026,-0.8276,-12.256,-30.976,-45.854,3,42
-0.6816,0.1885,-0.8008,-11.646,-36.524,-48.415,3,42
-0.7559,0.1577,-0.7588,-10.915,-41.707,-50.610,3,42
-0.8091,0.1182,-0.7090,-11.280,-46.098,-52.378,3,42
-0.8403,0.0972,-0.6611,-12.683,-50.183,-54.268,3,42
-0.8740,0.0845,-0.6240,-14.634,-53.720,-55.610,3,42
-0.9067,0.0508,-0.5918,-17.622,-57.256,-57.012,3,42
-0.9136,0.0078,-0.5688,-20.427,-59.939,-58.354,3,42
-0.9058,-0.0327,-0.5464,-23.780,-62.500,-59.207,3,42
-0.8970,-0.0698,-0.5313,-27.012,-64.878,-60.305,3,42
-0.8857,-0.1152,-0.5195,-31.220,-66.890,-61.159,3,42
-0.8779,-0.1763,-0.5137,-35.183,-68.659,-61.829,3,42
-0.8921,-0.2344,-0.5171,-37.500,-70.854,-62.012,3,42
-0.9082,-0.2764,-0.5083,-40.305,-72.439,-62.256,3,42
-1.3799,-1.8818,1.6831,-174.390,108.354,30.366,4,42
-1.2578,-1.4697,1.3042,-156.402,50.610,37.622,4,42
-1.3652,-1.0161,1.0615,-170.854,-3.049,44.939,4,42
-1.5864,-0.5625,0.8325,-221.524,-42.561,51.098,4,42
-1.8799,-0.3022,0.7549,-292.866,-60.427,62.439,4,42
-2.1548,-0.3823,0.8940,-348.232,-57.561,72.439,4,42
-2.4087,-0.7007,1.1821,-371.524,-32.683,61.768,4,42
-2.5361,-0.9844,1.4185,-384.878,4.329,30.732,4,42
-2.4312,-1.3970,1.8057,-419.573,40.671,-7.073,4,42
-2.3022,-1.5928,1.8511,-457.195,89.024,-53.415,4,42
-2.4067,-1.8701,2.0020,-493.963,112.073,-100.244,4,42
-1.7637,-1.8882,1.9614,-529.878,124.024,-144.756,4,42
-1.5161,-1.8667,1.8706,-556.098,131.220,-180.183,4,42
-1.1880,-1.8218,1.7241,-550.244,134.817,-204.207,4,42
-1.0557,-1.7793,1.6592,-502.378,138.659,-221.402,4,42
-0.9897,-1.6592,1.7334,-413.354,134.634,-235.305,4,42
-0.8340,-0.4810,-0.4302,-28.720,-99.756,-33.780,3,42
-0.8340,-0.5317,-0.4082,-24.939,-99.817,-30.976,3,42
-0.8408,-0.5537,-0.3774,-21.402,-99.817,-28.049,3,42
-0.8486,-0.5654,-0.3618,-18.232,-99.878,-25.915,3,42
-0.8750,-0.5664,-0.3438,-15.427,-100.488,-23.720,3,42
-0.9077,-0.5596,-0.3149,-12.073,-100.488,-21.585,3,42
-0.9409,-0.5571,-0.2837,-9.512,-100.244,-19.451,3,42
-0.9697,-0.5576,-0.2681,-5.061,-100.061,-17.500,3,42
-0.8340,-0.5820,3.7139,-88.659,-237.683,-245.305,4,42
-0.8276,-0.6758,3.4502,-107.805,-277.683,-236.707,4,42
-0.8838,-0.7827,3.1309,-132.195,-301.585,-239.695,4,42
-1.0117,-0.9214,2.8271,-160.732,-312.500,-252.866,4,42
-1.1772,-1.1055,2.5273,-187.622,-316.220,-274.085,4,42
-1.3687,-1.3296,2.2310,-208.232,-314.695,-301.159,4,42
-1.6382,-1.6997,1.8140,-215.671,-302.683,-338.780,4,42
-1.8823,-1.9004,1.5854,-213.232,-283.598,-383.171,4,42
-2.1206,-1.9419,1.4214,-204.695,-265.549,-422.805,4,42
-2.3438,-1.8745,1.2822,-193.659,-249.817,-448.293,4,42
-2.3408,-1.6997,1.2397,-181.280,-236.220,-461.098,4,42
-2.5771,-1.5991,1.1650,-167.988,-228.537,-459.695,4,42
-2.6528,-1.4644,1.1611,-155.427,-224.695,-451.768,4,42
-2.6782,-1.3188,1.1934,-145.732,-225.183,-442.317,4,42
-2.6758,-1.1611,1.2588,-142.378,-230.183,-433.415,4,42
-2.6733,-0.9956,1.3271,-144.817,-238.720,-425.244,4,42
-0.8975,-0.2524,-0.1558,1.463,-75.061,-11.890,3,42
-0.9028,-0.2031,-0.1445,-2.012,-73.171,-11.951,3,42
-0.9058,-0.1792,-0.1333,-5.488,-70.976,-11.159,3,42
-0.9063,-0.1533,-0.1226,-8.537,-68.963,-10.549,3,42
-0.9004,-0.1328,-0.1147,-11.585,-67.195,-9.573,3,42
-0.8989,-0.1167,-0.1074,-14.695,-65.183,-7.805,3,42
-0.8833,-0.1001,-0.1099,-19.146,-63.354,-6.037,3,42
-0.8862,-0.1050,-0.1206,-23.659,-61.220,-3.963,3,42
-3.9590,1.1538,2.1753,-125.854,-377.256,-513.354,4,42
-4.1509,1.5840,2.2783,-86.890,-384.756,-505.915,4,42
-4.3193,2.0508,2.3276,-38.354,-386.829,-496.890,4,42
-4.3799,2.5464,2.3066,7.500,-384.207,-488.232,4,42
-4.4126,3.1768,1.9502,32.683,-370.793,-474.756,4,42
-4.9111,2.9141,0.3647,57.012,-349.817,-492.012,4,42
-6.1631,0.3179,-4.5620,200.976,-287.256,-586.159,4,42
-9.5957,-0.7319,-7.8013,453.476,-84.756,-765.976,4,42
-1.0171,-0.1279,-0.0840,-25.732,-42.622,8.415,3,42
-1.0503,-0.1040,-0.0757,-21.890,-40.793,8.780,3,42
-1.0854,-0.0786,-0.0806,-16.768,-39.451,9.207,3,42
-1.1118,-0.0527,-0.0933,-9.939,-38.049,10.183,3,42
-1.1250,-0.0430,-0.1187,-3.841,-36.585,11.341,3,42
-1.1348,-0.0410,-0.1250,1.341,-35.366,12.012,3,42
-1.1479,-0.0557,-0.1304,5.793,-34.329,12.195,3,42
-1.1646,-0.0811,-0.1255,9.207,-33.537,11.646,3,42
-0.4409,15.9790,-4.1377,-582.927,-168.293,-168.110,4,42
-0.9248,14.2520,-3.8740,-476.768,-129.024,-242.134,4,42
-0.9063,11.8101,-3.7827,-313.780,-134.024,-240.915,4,42
-0.1782,9.4541,-3.0601,-180.488,-147.622,-218.110,4,42
0.6284,7.5273,-2.3643,-79.573,-150.549,-203.720,4,42
1.1479,6.2793,-1.6997,-0.427,-138.963,-192.500,4,42
1.4229,5.4824,-1.1084,46.768,-129.085,-176.220,4,42
1.6851,4.7368,-0.4614,41.159,-132.317,-150.610,4,42
1.9414,4.1216,0.1807,-26.341,-147.256,-112.195,4,42
1.9189,3.7017,0.8604,-112.866,-162.439,-75.610,4,42
2.1226,3.6782,2.0947,-281.890,-173.049,-42.805,4,42
2.4097,3.6597,2.7661,-460.427,-192.988,-1.646,4,42
2.9077,4.1001,2.5835,-586.402,-239.451,33.902,4,42
2.8228,4.0786,1.2939,-665.732,-332.561,37.866,4,42
1.8311,2.9194,-0.4170,-680.549,-468.841,25.854,4,42
2.7856,1.6753,-1.5894,-630.122,-632.805,-17.744,4,42
2.5391,0.0190,-2.4307,-418.110,-744.573,5.915,4,42
1.9263,-1.1763,-4.0464,-85.305,-772.744,45.061,4,42
0.9312,-1.0420,-6.1455,209.634,-593.902,36.646,4,42
-1.0674,0.4004,-4.6455,381.890,-248.902,0.366,4,42
-0.9502,1.7544,-3.0332,412.195,-17.927,-28.476,4,42
-2.7734,2.8945,-1.8403,354.085,132.256,-78.415,4,42
-2.1724,2.9883,-1.6172,254.695,214.756,-130.915,4,42
-2.6045,3.6333,-0.9048,164.878,206.098,-165.061,4,42
-2.7637,3.0186,-1.2075,99.695,151.951,-140.488,4,42
-2.9541,2.7056,-2.1846,88.354,81.768,-77.561,4,42
-2.5278,1.8643,-2.0156,139.268,-0.488,-22.866,4,42
-2.2822,1.4897,-2.1670,270.976,-21.829,10.793,4,42
-1.9995,1.5073,-1.9497,411.585,6.707,12.012,4,42
-1.7822,2.1426,-1.4946,508.476,72.866,-1.098,4,42
-1.6211,2.8779,-1.0591,553.110,148.537,-7.561,4,42
-1.4673,3.4927,-0.5747,566.098,214.451,-18.049,4,42
-1.3794,3.9873,-0.3267,554.207,256.280,-41.707,4,42
-1.2271,4.4409,-0.1919,511.646,269.634,-67.195,4,42
-1.0391,4.7148,-0.1719,453.841,252.622,-88.537,4,42
-0.9951,4.7754,-0.3032,412.073,214.878,-102.256,4,42
-0.8848,4.6978,-0.3901,390.427,155.427,-104.207,4,42
-0.7388,4.4854,-0.4019,385.366,93.902,-84.512,4,42
-0.5703,4.0278,-0.4634,393.415,42.378,-44.451,4,42
-0.5073,3.4556,-0.6680,426.585,9.634,8.841,4,42
-2.6440,0.2266,-1.6367,336.159,173.476,171.463,4,42
-2.6265,0.3950,-1.5034,323.598,197.561,164.146,4,42
-2.5776,0.5049,-1.3716,308.354,220.244,158.780,4,42
-2.5278,0.5649,-1.2173,294.695,241.951,154.817,4,42
-2.4858,0.5859,-1.0796,283.841,262.012,151.768,4,42
-2.4448,0.5991,-0.9253,274.695,278.598,150.427,4,42
-2.3809,0.5947,-0.7935,265.976,290.976,150.000,4,42
-2.3203,0.5869,-0.6650,255.915,299.146,151.524,4,42
-2.2412,0.5923,-0.5576,245.122,304.207,154.939,4,42
-2.1753,0.6074,-0.4824,233.232,306.159,160.305,4,42
-2.1250,0.6641,-0.4292,221.098,305.915,166.463,4,42
-2.0933,0.7144,-0.3853,210.366,304.146,173.963,4,42
-2.1035,0.7764,-0.3364,199.817,301.037,180.976,4,42
-2.1440,0.8506,-0.2998,191.159,297.744,187.439,4,42
-2.1992,0.9199,-0.2769,182.744,293.963,192.744,4,42
-2.2769,0.9810,-0.2573,176.890,290.427,196.402,4,42
-2.3594,1.0356,-0.2256,173.720,287.439,199.695,4,42
-2.4375,1.0815,-0.1763,171.037,284.878,200.732,4,42
-2.4785,1.1064,-0.1240,169.756,282.805,201.707,4,42
-2.4966,1.1206,-0.0688,169.634,281.585,202.256,4,42
-2.4985,1.1069,-0.0010,171.463,280.610,203.598,4,42
-2.4995,1.0967,0.0459,173.963,279.390,205.549,4,42
-2.4478,1.0659,0.1074,175.854,278.415,208.110,4,42
-2.3774,1.0264,0.1514,175.549,277.988,209.634,4,42
-1.1143,-0.1118,-0.0356,71.585,55.000,18.598,3,42
-1.1509,-0.1396,0.0229,73.232,57.744,18.598,3,42
-1.1958,-0.1733,0.0850,73.963,59.756,18.476,3,42
-1.2349,-0.2095,0.1182,73.171,61.402,18.354,3,42
-1.2510,-0.2466,0.1128,73.049,64.207,18.354,3,42
-1.2642,-0.2773,0.0718,73.476,66.585,19.146,3,42
-1.2539,-0.2852,0.0571,73.902,70.244,19.817,3,42
-1.2637,-0.2773,0.0962,70.976,73.841,19.878,3,42
-2.4355,0.3521,0.6963,141.707,219.695,218.415,4,42
-2.4536,0.3042,0.7188,142.561,216.280,212.988,4,42
-2.4912,0.2666,0.7695,145.366,216.341,206.159,4,42
-2.5776,0.2471,0.8438,148.963,218.598,200.610,4,42
-2.6343,0.3174,0.8770,152.195,214.939,197.500,4,42
-2.6636,0.2256,1.0454,156.402,218.171,195.000,4,42
-2.6938,0.2534,1.1045,156.159,221.524,191.646,4,42
-2.7173,0.2358,1.1567,153.354,228.476,187.927,4,42
-2.6797,0.1797,1.1709,148.780,236.585,183.110,4,42
-2.7393,0.0811,1.1821,146.646,243.780,178.415,4,42
-2.7104,-0.0239,1.1943,147.866,245.488,178.963,4,42
-2.6484,-0.1499,1.1924,149.329,246.707,178.780,4,42
-2.5322,-0.2896,1.1836,146.951,249.451,176.098,4,42
-2.4238,-0.4033,1.1602,139.878,254.634,171.585,4,42
-2.3281,-0.4971,1.1274,129.512,261.037,168.293,4,42
-2.2334,-0.5610,1.0752,119.329,266.585,166.341,4,42
-1.0142,-0.3340,-0.0923,-43.354,90.915,27.439,3,42
-1.0322,-0.2764,-0.1157,-40.183,92.378,27.866,3,42
-1.0527,-0.2334,-0.1489,-38.598,93.537,27.988,3,42
-1.0527,-0.2129,-0.1641,-36.098,95.549,27.622,3,42
-1.0400,-0.2100,-0.1387,-31.951,97.683,27.622,3,42
-1.0049,-0.2319,-0.1011,-26.220,98.780,28.354,3,42
-0.9336,-0.2910,-0.1172,-19.756,99.268,29.024,3,42
-0.8188,-0.3652,-0.1958,-13.415,99.085,29.817,3,42
-0.8022,-0.3564,-0.5200,14.512,88.354,37.134,3,42
-0.8296,-0.3862,-0.5132,12.683,86.463,38.841,3,42
-0.7979,-0.4258,-0.5366,14.268,85.793,40.793,3,42
-0.8228,-0.4507,-0.5249,14.878,84.085,40.366,3,42
-0.9424,-0.4814,-0.3843,13.415,83.293,40.427,3,42
-1.0796,-0.3936,-0.3003,11.829,80.976,42.500,3,42
-1.1382,-0.2305,-0.3013,11.159,79.390,45.488,3,42
-1.1006,-0.0527,-0.3101,11.951,79.817,48.415,3,42
-1.0557,0.0024,-0.3423,16.220,78.476,48.049,3,42
-1.0195,0.0127,-0.3896,22.622,76.098,46.646,3,42
-0.9863,0.0361,-0.3994,29.085,74.207,44.451,3,42
-0.9375,0.1143,-0.4106,34.390,72.561,44.329,3,42
-0.8691,0.1470,-0.4580,39.695,70.427,43.902,3,42
-0.8169,0.1343,-0.5020,46.220,68.963,43.841,3,42
-0.7559,0.1050,-0.5356,53.476,67.195,41.951,3,42
-0.6885,0.0420,-0.6133,60.244,64.634,40.244,3,42
-10.7710,-1.0664,-2.2998,122.195,179.939,90.671,4,42
-6.1021,-1.2388,1.1968,327.744,281.707,119.756,4,42
-3.6899,-1.0444,3.7959,160.366,255.549,88.659,4,42
-2.4194,-1.6294,4.3306,-72.256,253.537,32.927,4,42
-1.6206,-1.9106,3.4409,-218.049,238.659,-25.000,4,42
-0.5718,-2.3979,2.6689,-214.878,201.890,-88.780,4,42
0.4551,-2.4165,2.3296,-109.451,156.341,-136.707,4,42
0.8477,-1.4233,2.1621,37.378,105.000,-181.768,4,42
-0.7197,-0.0352,-0.6455,67.561,29.817,25.061,3,42
-0.7861,-0.0195,-0.6289,63.171,25.549,23.720,3,42
-0.8467,-0.0103,-0.6240,59.634,22.012,21.463,3,42
-0.8682,-0.0122,-0.6333,58.659,17.927,19.024,3,42
-0.9126,0.0010,-0.6250,58.171,13.354,16.829,3,42
-0.9497,0.0117,-0.6123,57.744,8.598,14.207,3,42
-0.9468,0.0347,-0.6216,57.439,4.024,11.524,3,42
-0.9194,0.0732,-0.6382,57.988,-1.098,8.537,3,42
-4.0151,-2.9741,1.4072,-118.963,-235.976,229.573,4,42
-5.3096,-3.3853,0.4546,-120.000,-219.451,163.171,4,42
-7.7148,-3.6567,0.0449,-184.146,-64.695,44.817,4,42
-8.9531,-3.8345,0.5815,-128.232,123.720,-14.146,4,42
-8.0610,-3.1704,1.3618,37.256,240.732,7.683,4,42
-5.4448,-2.6265,2.0000,89.329,275.244,26.890,4,42
-3.4243,-2.4927,2.4512,36.341,280.610,29.024,4,42
-2.3145,-2.6284,2.8076,-37.073,280.244,26.037,4,42
-0.7593,0.2764,-0.7212,45.305,-54.085,-24.329,3,42
-0.7725,0.2451,-0.6865,44.756,-58.476,-26.341,3,42
-0.7871,0.1904,-0.6509,43.780,-62.622,-28.293,3,42
-0.8071,0.1304,-0.5991,40.732,-66.280,-30.610,3,42
-0.8149,0.0825,-0.5508,35.915,-69.634,-32.500,3,42
-0.8169,0.0591,-0.5308,30.122,-72.256,-34.634,3,42
-0.8228,0.0371,-0.4937,24.085,-75.000,-36.098,3,42
-0.8516,0.0059,-0.4648,18.841,-77.500,-37.317,3,42
-2.0596,-3.0112,3.7476,-327.500,154.024,20.793,4,42
-1.9131,-2.4365,3.3301,-336.951,132.622,21.341,4,42
-1.7471,-1.9233,2.6313,-334.268,105.000,25.183,4,42
-1.6797,-1.5161,1.7983,-319.756,57.439,32.012,4,42
-1.7817,-1.2036,1.0508,-304.390,-15.183,42.256,4,42
-2.3970,-0.6631,0.0728,-321.951,-109.634,57.561,4,42
-3.2896,0.0718,-0.9033,-451.463,-162.073,91.463,4,42
-3.8267,-0.2524,-0.6982,-589.878,-123.232,104.573,4,42
-4.8330,-0.9570,-0.6807,-603.902,-9.695,77.805,4,42
-4.7344,-1.5889,0.2319,-516.402,67.561,51.646,4,42
-4.3457,-1.7612,1.2354,-432.439,111.037,40.305,4,42
-3.4546,-2.0234,2.6172,-362.317,160.000,19.207,4,42
-2.2979,-1.6641,3.1309,-357.866,195.732,-10.854,4,42
-1.0679,-1.2686,3.2012,-456.280,253.963,-64.085,4,42
-0.9526,-1.3198,2.8711,-573.720,314.207,-119.634,4,42
-1.1782,-1.5386,2.3472,-664.939,334.817,-170.976,4,42
-0.9497,-0.2822,-0.1797,-21.524,-88.537,-19.756,3,42
-0.9331,-0.2964,-0.1558,-19.024,-86.829,-18.354,3,42
-0.9180,-0.3237,-0.1353,-15.915,-85.366,-17.683,3,42
-0.9038,-0.3496,-0.1289,-14.085,-83.537,-17.134,3,42
-0.9009,-0.3564,-0.1196,-10.915,-82.317,-17.073,3,42
-0.9053,-0.3555,-0.1172,-9.085,-80.671,-16.646,3,42
-0.9233,-0.3560,-0.1084,-7.866,-78.537,-16.524,3,42
-0.9424,-0.3618,-0.1045,-7.073,-76.829,-16.220,3,42
-1.8032,-0.5767,2.9438,-206.951,-202.622,-257.073,4,42
-1.8691,-0.8706,2.6421,-222.561,-168.598,-292.256,4,42
-1.9683,-1.1128,2.4751,-244.268,-128.720,-325.671,4,42
-1.9316,-1.1528,2.4375,-264.268,-96.585,-351.524,4,42
-1.7451,-1.1455,2.4370,-277.317,-81.829,-372.500,4,42
-1.5962,-1.2690,2.4351,-286.463,-83.537,-377.927,4,42
-1.5103,-1.4580,2.4150,-288.293,-97.195,-379.268,4,42
-1.4082,-1.5288,2.3604,-284.817,-117.134,-376.524,4,42
-0.9585,-0.5137,0.0068,-4.268,-61.037,-11.829,3,42
-0.9570,-0.5171,0.0093,-5.732,-59.085,-10.732,3,42
-0.9551,-0.5254,0.0098,-7.561,-56.524,-9.878,3,42
-0.9619,-0.5264,0.0122,-9.878,-54.024,-9.329,3,42
-0.9731,-0.5059,0.0303,-13.476,-52.195,-8.841,3,42
-0.9756,-0.4873,0.0254,-18.720,-50.793,-8.963,3,42
-0.9746,-0.4878,-0.0181,-22.927,-49.268,-8.110,3,42
-0.9731,-0.5044,-0.0781,-23.720,-47.378,-6.220,3,42
-4.1318,1.3496,1.9966,-127.012,-394.512,-527.012,4,42
-4.3833,1.5552,2.0757,-89.207,-402.683,-536.524,4,42
-4.4512,1.9370,2.2256,-43.537,-410.915,-540.488,4,42
-4.6416,2.3979,2.3584,11.707,-411.280,-533.598,4,42
-4.6948,2.9639,2.4746,75.000,-409.573,-520.671,4,42
-4.7881,3.6426,2.5806,138.476,-405.793,-496.280,4,42
-4.8599,4.5669,2.5718,173.598,-401.402,-455.488,4,42
-5.0986,5.0591,2.3965,185.915,-399.024,-410.976,4,42
-5.1572,5.4326,1.6577,178.354,-397.378,-388.171,4,42
-6.3428,4.8955,-0.3711,136.220,-369.268,-454.146,4,42
-8.1997,2.8965,-5.1104,121.402,-353.232,-538.232,4,42
-12.6494,-0.7026,-11.2998,74.817,-150.976,-812.622,4,42
-16.0000,1.0601,-16.0000,-54.817,124.878,-1003.659,4,42
-15.9487,8.8828,-15.6089,-255.000,312.500,-860.122,4,42
-1.5259,10.0068,-9.1128,-20.244,452.866,-649.024,4,42
8.9316,6.2383,-8.3354,-468.720,458.537,-210.427,4,42
5.0933,10.2798,-15.9131,-560.549,151.037,16.829,4,42
4.1660,15.4365,-15.9932,-162.134,-260.183,106.402,4,42
1.7505,15.9995,-13.1533,-77.195,-269.146,52.927,4,42
-0.3335,15.9995,-6.6802,-139.390,-117.866,-22.317,4,42
-0.8301,12.9058,-4.7759,-243.354,-32.317,-46.159,4,42
-0.9448,9.0142,-4.3818,-243.537,-41.768,-25.305,4,42
-0.7710,6.9229,-4.1040,-199.573,-131.524,-11.402,4,42
-0.3081,5.6670,-3.7827,-146.280,-222.195,17.256,4,42
-0.1567,5.2075,-3.4155,-110.549,-260.671,57.012,4,42
-0.3975,4.7256,-2.9268,-91.707,-264.390,103.902,4,42
-0.8042,4.1353,-2.4985,-65.488,-248.902,146.098,4,42
-1.4409,3.5801,-1.8101,-42.134,-237.622,177.561,4,42
-1.8115,3.4971,-0.6948,-57.927,-262.256,196.159,4,42
-1.5889,3.4937,0.2539,-116.159,-303.476,202.134,4,42
-1.1641,3.8765,0.8013,-264.207,-335.976,191.280,4,42
-0.2593,4.0332,0.3921,-492.012,-367.134,162.866,4,42
-1.1992,1.6382,-0.8032,223.232,229.451,52.073,4,42
-0.9736,1.8477,-0.7900,173.049,150.671,23.659,4,42
-0.9321,1.8726,-1.4360,151.037,91.402,14.268,4,42
-0.8423,1.8057,-1.7632,158.354,31.280,26.646,4,42
-0.9072,1.7173,-2.1348,194.268,-5.549,51.768,4,42
-1.1436,1.8345,-2.3242,247.317,-8.232,76.098,4,42
-1.5459,2.0439,-2.1191,287.073,30.427,96.829,4,42
-1.7881,2.2764,-1.5898,321.037,71.829,105.610,4,42
-1.0435,1.0425,-0.5981,378.902,86.402,122.744,4,42
-1.1782,1.1665,-0.5151,355.061,84.756,126.646,4,42
-1.3218,1.2480,-0.4609,337.805,85.549,136.524,4,42
-1.4707,1.2832,-0.3945,326.768,85.549,150.000,4,42
-1.6377,1.2720,-0.3535,322.500,84.573,163.963,4,42
-1.8242,1.2290,-0.3555,323.110,83.171,176.951,4,42
-2.0200,1.1470,-0.3789,327.012,80.793,186.463,4,42
-2.2100,1.0513,-0.4360,330.610,77.195,192.195,4,42
-2.3765,0.9404,-0.5054,333.293,73.293,194.878,4,42
-2.5327,0.8452,-0.5938,335.549,70.183,193.720,4,42
-2.6460,0.7705,-0.6836,340.061,70.122,189.695,4,42
-2.6890,0.7280,-0.7583,347.622,75.976,183.659,4,42
-2.6743,0.7207,-0.8013,356.646,87.683,177.439,4,42
-2.6226,0.7280,-0.7949,365.793,105.305,172.256,4,42
-2.5405,0.7231,-0.7563,373.598,126.585,167.927,4,42
-2.4419,0.7314,-0.6738,379.573,149.878,164.878,4,42
-0.9585,0.0645,-0.1470,-0.732,6.402,11.341,3,42
-0.9683,0.0811,-0.1328,4.634,7.622,11.524,3,42
-0.9810,0.0811,-0.1260,9.573,9.634,11.463,3,42
-0.9878,0.0776,-0.1255,15.427,11.585,12.012,3,42
-1.0000,0.0723,-0.1270,21.707,13.720,12.622,3,42
-1.0049,0.0659,-0.1104,28.293,15.915,13.354,3,42
-1.0298,0.0459,-0.0640,34.329,18.049,14.207,3,42
-1.0532,0.0435,-0.0142,39.756,20.244,14.451,3,42
-2.1001,0.6450,0.1289,370.061,243.720,157.988,4,42
-2.1499,0.6274,0.1660,358.537,241.646,158.659,4,42
-2.2065,0.6147,0.1997,344.146,237.744,157.134,4,42
-2.2705,0.5957,0.2212,328.049,232.988,155.183,4,42
-2.3350,0.5752,0.2554,309.024,227.683,152.561,4,42
-2.3823,0.5762,0.2632,290.366,222.744,149.878,4,42
-2.4126,0.5679,0.2710,272.378,218.598,147.561,4,42
-2.4302,0.5752,0.2705,256.037,216.524,146.098,4,42
-2.4443,0.0674,1.2056,221.159,201.159,94.573,4,42
-2.3711,0.0449,1.2036,214.024,208.476,92.744,4,42
-2.2427,-0.0586,1.2930,201.768,212.378,89.756,4,42
-2.1797,-0.0889,1.3242,192.195,218.780,91.951,4,42
-2.0527,-0.1465,1.3867,179.512,223.293,95.915,4,42
-1.9224,-0.1670,1.4575,166.585,227.622,101.402,4,42
-1.8066,-0.1655,1.5186,153.598,229.817,106.524,4,42
-1.7251,-0.1411,1.5918,140.488,230.427,110.244,4,42
-1.6694,-0.1118,1.6626,127.378,230.122,111.707,4,42
-1.6411,-0.0859,1.7329,115.793,227.500,111.890,4,42
-1.6157,-0.0571,1.8018,105.000,222.622,111.098,4,42
-1.6045,-0.0439,1.8423,93.598,214.756,110.183,4,42
-1.6074,-0.0684,1.7847,82.622,202.134,110.671,4,42
-1.5874,-0.1138,1.6484,77.439,184.878,111.829,4,42
-1.5801,-0.2002,1.4712,74.024,163.110,113.659,4,42
-1.5845,-0.3164,1.1631,73.720,139.634,114.390,4,42
-0.6592,-0.5693,-0.8301,51.159,118.476,18.537,3,42
-0.5684,-0.6138,-0.7744,51.646,113.537,19.451,3,42
-0.5679,-0.6030,-0.7090,46.098,107.744,23.110,3,42
-0.6538,-0.5552,-0.6616,37.256,102.256,27.866,3,42
-0.7847,-0.4751,-0.6152,28.902,97.012,31.951,3,42
-0.8916,-0.4316,-0.5430,22.073,92.256,35.244,3,42
-0.9771,-0.4404,-0.4722,18.354,89.085,36.159,3,42
-0.9951,-0.4370,-0.4097,15.549,86.951,36.159,3,42
-1.0874,-0.2769,1.8843,38.476,166.890,-72.012,4,42
-0.9111,0.3389,2.2329,73.902,134.878,-86.280,4,42
-0.7935,0.4785,2.3130,110.854,112.866,-104.634,4,42
-1.0938,0.9092,2.2109,131.280,80.793,-97.805,4,42
-1.1938,0.5737,2.2041,104.634,33.720,-56.951,4,42
-1.2124,-0.2505,2.1260,52.012,-8.232,6.037,4,42
-1.1021,-1.0703,1.9570,11.280,-47.012,67.866,4,42
-2.0952,-1.6787,1.5371,-1.524,-93.476,95.366,4,42
-2.8105,-2.6919,1.3208,4.756,-133.780,121.585,4,42
-3.7930,-3.4419,0.8169,23.659,-161.098,136.159,4,42
-5.4971,-4.0166,0.4146,19.268,-153.963,145.915,4,42
-7.6890,-4.6567,0.3418,-45.671,-62.866,130.610,4,42
-8.9648,-4.4946,0.7437,-60.183,77.439,87.317,4,42
-7.8862,-3.1768,1.1997,-3.659,179.329,53.232,4,42
-5.5898,-1.9907,1.7656,18.049,218.354,47.134,4,42
-3.7627,-1.6519,2.2231,-15.915,241.402,58.476,4,42
-2.7217,-1.8325,2.4102,-71.890,256.829,69.878,4,42
-2.1802,-2.1299,2.4761,-125.061,269.329,72.988,4,42
-2.0664,-2.5771,2.6313,-162.866,277.927,68.049,4,42
-2.1377,-3.0034,2.9985,-177.500,281.463,57.622,4,42
-2.3213,-3.3291,3.3540,-191.890,280.122,43.049,4,42
-2.6875,-3.7197,3.4717,-209.939,265.061,26.159,4,42
-2.8940,-3.8916,3.3994,-213.415,230.915,12.134,4,42
-2.8398,-3.7192,3.4595,-214.756,187.378,8.598,4,42
-0.8623,-0.1250,-0.4800,31.951,-80.000,-24.146,3,42
-0.8921,-0.1597,-0.4360,30.671,-82.195,-23.659,3,42
-0.8994,-0.2090,-0.4077,29.207,-83.354,-22.683,3,42
-0.9102,-0.2773,-0.3794,27.195,-85.000,-22.561,3,42
-0.9395,-0.3354,-0.3633,26.037,-85.549,-22.683,3,42
-0.9810,-0.3667,-0.3296,24.573,-86.280,-23.293,3,42
-0.9971,-0.3384,-0.2935,22.805,-85.305,-22.988,3,42
-0.9805,-0.2852,-0.2671,19.878,-84.756,-22.988,3,42
-1.0024,-2.0737,2.5503,-368.963,271.463,6.707,4,42
-0.8589,-1.5884,2.1670,-336.098,235.610,-14.207,4,42
-0.7300,-1.1294,1.9448,-328.598,183.415,-36.890,4,42
-0.6401,-0.7788,1.9546,-351.341,126.280,-58.963,4,42
-0.5952,-0.5781,2.0410,-394.024,74.756,-78.598,4,42
-0.5767,-0.5376,2.2471,-445.183,34.939,-93.720,4,42
-0.6504,-0.4761,2.3965,-501.646,4.207,-107.256,4,42
-0.7065,-0.6650,2.6221,-555.183,-21.098,-122.073,4,42
-0.9087,-0.2871,-0.2690,32.439,-83.780,-17.439,3,42
-0.8877,-0.3247,-0.2954,35.610,-83.232,-16.524,3,42
-0.8662,-0.3569,-0.3071,37.744,-83.293,-15.488,3,42
-0.8599,-0.3711,-0.3149,38.354,-83.232,-14.390,3,42
-0.8540,-0.3745,-0.3013,39.207,-82.866,-13.110,3,42
-0.8589,-0.3652,-0.3076,40.732,-82.317,-11.402,3,42
-0.8628,-0.3306,-0.2969,41.951,-81.463,-9.939,3,42
-0.8726,-0.3062,-0.2871,43.049,-80.183,-8.293,3,42
-1.4238,-0.1245,2.9951,-25.122,-288.354,-217.195,4,42
-1.2583,0.0854,2.9409,-53.537,-267.195,-206.524,4,42
-1.2642,-0.1064,2.7813,-135.915,-227.927,-199.207,4,42
-1.3818,-0.5947,2.7031,-228.598,-186.585,-198.293,4,42
-1.3901,-1.0713,2.6992,-310.610,-143.720,-203.293,4,42
-1.3716,-1.3540,2.8120,-374.878,-103.476,-210.915,4,42
-1.3262,-1.6313,2.9302,-418.476,-71.037,-222.622,4,42
-1.2988,-1.9238,2.9473,-441.280,-50.183,-238.841,4,42
-1.0352,-0.3257,0.0146,32.744,-62.805,-2.378,3,42
-1.0532,-0.3208,0.0620,31.890,-60.427,-2.744,3,42
-1.0581,-0.3301,0.0786,31.341,-56.829,-3.232,3,42
-1.0605,-0.3325,0.0713,32.988,-53.841,-2.622,3,42
-1.0703,-0.3267,0.0703,35.244,-50.122,-2.073,3,42
-1.0791,-0.2847,0.0830,36.159,-47.134,-1.524,3,42
-1.0684,-0.2510,0.1011,35.183,-44.024,-1.341,3,42
-1.0781,-0.2373,0.1030,32.927,-40.976,-1.463,3,42
-1.0088,-0.3184,-0.0146,12.073,-19.024,-2.744,3,42
-0.9912,-0.3481,-0.0718,8.354,-17.744,-2.317,3,42
-0.9639,-0.3823,-0.1460,4.634,-16.829,-2.073,3,42
-0.9546,-0.4131,-0.1836,1.098,-15.671,-2.378,3,42
-0.9429,-0.4243,-0.2207,-3.841,-15.671,-2.744,3,42
-0.9590,-0.4155,-0.2119,-9.146,-16.037,-2.866,3,42
-0.9668,-0.4082,-0.2109,-15.427,-16.402,-3.232,3,42
-0.9873,-0.3965,-0.2065,-21.585,-17.012,-2.805,3,42
-0.9971,-0.3867,-0.2124,-26.951,-17.134,-1.585,3,42
-1.0107,-0.3857,-0.2061,-32.195,-17.317,-0.549,3,42
-1.0254,-0.3799,-0.1958,-37.500,-17.500,0.732,3,42
-1.0215,-0.3950,-0.1841,-42.561,-18.110,1.890,3,42
-1.0137,-0.4224,-0.1777,-45.915,-18.537,2.683,3,42
-0.9971,-0.4570,-0.1797,-48.232,-18.841,3.659,3,42
-0.9780,-0.4751,-0.2144,-49.146,-19.451,4.695,3,42
-0.9609,-0.4517,-0.2578,-48.537,-20.183,4.817,3,42
-0.9404,-0.3965,-0.2939,-48.232,-20.732,5.061,3,42
-0.9419,-0.3457,-0.2998,-48.171,-21.951,4.756,3,42
-0.9502,-0.2734,-0.2886,-48.415,-22.988,4.390,3,42
-0.9731,-0.2310,-0.2588,-48.293,-23.963,3.720,3,42
-0.9922,-0.1953,-0.2480,-48.415,-25.549,3.598,3,42
-1.0068,-0.1660,-0.2290,-48.598,-26.098,3.537,3,42
-1.0156,-0.1538,-0.2192,-49.512,-26.768,3.110,3,42
-1.0313,-0.1240,-0.2007,-51.707,-27.012,3.537,3,42
-5.6577,1.5449,-7.0630,-7.256,-567.134,-403.293,4,42
-11.3174,-3.5801,-13.1938,104.451,-314.817,-652.622,4,42
-16.0000,3.9023,-16.0000,-230.732,-92.561,-514.573,4,42
-14.9307,11.0425,-16.0000,-584.512,174.817,-233.598,4,42
3.3750,5.0503,-14.0049,-89.268,701.402,-372.805,4,42
4.7041,5.2686,-11.2407,207.256,738.415,-264.024,4,42
3.4775,8.1787,-13.5542,225.671,194.024,-153.171,4,42
4.1826,12.0718,-11.9546,244.268,-283.537,-118.293,4,42
3.1836,13.8477,-9.5083,127.012,-405.732,-20.122,4,42
1.3633,12.3638,-8.2217,-68.659,-287.683,142.622,4,42
-0.7695,7.2842,-7.0981,-40.366,-106.829,247.744,4,42
-2.6592,4.6548,-5.0708,63.598,6.646,216.463,4,42
-3.5303,3.1650,-3.4434,92.256,17.744,166.159,4,42
-3.5122,2.2544,-2.5605,28.293,-32.073,133.171,4,42
-3.1421,1.5898,-2.4487,-52.561,-92.561,86.707,4,42
-2.5376,1.2544,-2.8374,-103.476,-142.012,36.463,4,42
-0.8750,0.1260,-0.1387,-105.061,-26.707,11.585,3,42
-1.0127,0.2085,0.0347,-104.329,-30.244,7.927,3,42
-1.1108,0.2095,0.0601,-105.061,-30.671,2.439,3,42
-1.1357,0.1221,-0.0205,-102.866,-29.512,-1.768,3,42
-1.0996,-0.0132,-0.1128,-95.915,-27.439,-3.232,3,42
-1.0464,-0.1392,-0.1870,-85.488,-26.402,-1.646,3,42
-0.9834,-0.2139,-0.2271,-72.683,-26.524,1.402,3,42
-0.9097,-0.1846,-0.2446,-54.451,-27.561,5.000,3,42
-0.3506,-0.0493,-1.9805,-349.268,123.598,199.939,4,42
-0.8672,-0.9028,-1.7241,-169.573,109.817,211.829,4,42
-0.8950,-0.9331,-1.2788,-17.683,83.415,207.744,4,42
-0.5688,-0.4277,-0.9131,62.866,72.256,177.378,4,42
-0.2417,0.4146,-0.6313,79.573,79.939,129.573,4,42
-0.0557,1.0176,-0.6387,47.744,95.122,90.183,4,42
-0.0791,1.4170,-0.9375,19.024,106.585,74.817,4,42
-0.1914,1.6411,-1.1953,22.622,108.476,81.829,4,42
-0.9780,0.0313,-0.2021,-31.280,-34.085,0.061,3,42
-0.9644,0.0010,-0.1851,-29.573,-34.634,0.549,3,42
-0.9590,-0.0347,-0.1729,-28.780,-35.305,0.671,3,42
-0.9570,-0.0742,-0.1841,-29.146,-35.000,1.098,3,42
-0.9399,-0.1030,-0.2012,-29.634,-35.183,2.256,3,42
-0.9175,-0.1177,-0.2222,-30.549,-35.183,2.561,3,42
-0.9014,-0.0962,-0.2344,-31.829,-34.695,3.415,3,42
-0.8857,-0.0396,-0.2451,-33.110,-34.329,4.207,3,42
-2.0723,2.0356,-0.6421,215.366,79.634,152.927,4,42
-2.0981,1.9351,-0.5718,216.768,110.915,145.732,4,42
-2.0879,1.8433,-0.5498,226.646,140.000,137.561,4,42
-2.0298,1.7686,-0.5308,243.293,163.232,128.963,4,42
-1.9209,1.6895,-0.5332,259.878,179.207,121.280,4,42
-1.7798,1.6123,-0.5742,273.232,187.439,116.402,4,42
-1.6533,1.5210,-0.6274,283.171,189.207,115.732,4,42
-1.5420,1.4355,-0.6753,288.902,185.671,118.415,4,42
-1.4526,1.3667,-0.7046,289.878,179.512,123.537,4,42
-1.4082,1.2964,-0.7290,287.561,173.354,128.171,4,42
-1.4126,1.1904,-0.7559,281.402,172.439,129.512,4,42
-1.4600,1.1255,-0.7383,270.854,177.317,126.585,4,42
-1.5000,1.1357,-0.6519,256.098,183.293,124.207,4,42
-1.5630,1.1484,-0.5737,237.561,187.561,123.537,4,42
-1.6338,1.1655,-0.5464,217.378,190.305,126.280,4,42
-1.7026,1.1646,-0.5449,200.305,190.061,130.000,4,42
-1.8511,1.2344,-0.2822,211.707,185.610,177.561,4,42
-1.8647,1.2100,-0.1934,215.549,186.220,182.927,4,42
-1.8809,1.1772,-0.1069,219.878,186.098,187.378,4,42
-1.8984,1.1533,-0.0205,224.939,184.756,190.732,4,42
-1.9165,1.1240,0.0566,230.122,183.293,193.537,4,42
-1.9390,1.1011,0.1436,236.037,182.012,195.610,4,42
-1.9639,1.0654,0.2222,241.341,181.768,197.378,4,42
-1.9912,1.0273,0.3101,245.610,181.220,198.598,4,42
-1.1245,-0.3027,0.0894,4.634,28.841,3.902,3,42
-1.1064,-0.2959,0.0840,6.280,31.402,4.634,3,42
-1.1089,-0.2808,0.0859,7.561,34.573,5.671,3,42
-1.1099,-0.2490,0.0864,8.171,37.256,6.402,3,42
-1.1094,-0.2236,0.0981,8.171,40.000,7.012,3,42
-1.1172,-0.1943,0.1030,7.744,42.805,7.073,3,42
-1.1143,-0.1763,0.1230,7.073,46.280,6.829,3,42
-1.1196,-0.1733,0.1406,6.524,50.244,7.012,3,42
-2.2510,0.4170,0.9121,187.561,169.512,182.744,4,42
-2.2612,0.3862,0.8633,184.573,169.573,180.244,4,42
-2.2432,0.3506,0.8384,182.744,166.951,175.915,4,42
-2.1948,0.3213,0.8276,182.744,164.878,171.707,4,42
-2.1401,0.2764,0.8384,184.695,165.305,169.085,4,42
-2.1035,0.2476,0.8594,188.110,168.110,168.171,4,42
-2.0981,0.2393,0.8940,192.134,172.439,165.549,4,42
-2.0801,0.2227,0.9414,195.427,177.988,163.841,4,42
-1.0952,-0.1201,0.0815,10.854,86.585,14.024,3,42
-1.0923,-0.1680,0.0513,11.829,89.024,14.390,3,42
-1.0928,-0.2295,0.0386,14.451,91.402,14.024,3,42
-1.1060,-0.2778,0.0327,16.585,94.573,12.866,3,42
-1.1079,-0.2969,0.0522,20.122,97.866,11.951,3,42
-1.1021,-0.3296,0.0732,23.293,100.671,11.463,3,42
-1.0825,-0.3481,0.0630,28.171,103.171,11.646,3,42
-1.0757,-0.3594,0.0098,34.512,105.793,13.293,3,42
-1.9370,0.1758,1.2988,170.549,169.878,154.390,4,42
-1.9355,0.1719,1.3354,164.268,165.793,158.110,4,42
-1.9272,0.1294,1.3169,154.756,160.732,159.695,4,42
-1.9443,0.0352,1.2715,146.829,155.732,158.354,4,42
-1.9468,-0.0698,1.1870,144.817,152.073,153.963,4,42
-1.9517,-0.1719,1.0923,150.122,150.244,147.073,4,42
-1.9600,-0.2534,1.0044,160.793,150.305,139.939,4,42
-1.9844,-0.3359,0.9209,173.415,151.220,133.476,4,42
-1.0796,-0.4546,-0.0391,40.976,129.207,21.280,3,42
-1.0767,-0.4536,0.0649,37.256,131.890,21.524,3,42
-1.0308,-0.4492,0.1367,33.049,134.695,21.707,3,42
-0.9570,-0.4395,0.1406,31.280,135.915,22.622,3,42
-0.8813,-0.4014,0.0864,31.098,136.951,24.085,3,42
-0.8521,-0.3433,-0.0176,32.195,136.646,25.122,3,42
-0.8696,-0.2852,-0.1367,33.720,135.915,25.854,3,42
-0.8687,-0.2515,-0.2529,37.073,135.244,25.183,3,42
-2.8857,-1.7725,11.7617,-263.354,342.317,86.037,4,42
-3.3237,-4.5044,12.4766,-282.317,599.878,-27.988,4,42
-4.3574,-7.0273,10.1387,-35.061,761.829,-75.000,4,42
-3.4287,-9.2920,5.7300,302.378,584.329,-71.707,4,42
-0.6997,-9.2153,4.8535,725.305,259.390,48.354,4,42
-0.6904,-11.5879,11.5889,684.634,99.085,224.817,4,42
-0.4082,-10.8340,12.3823,275.732,-1.037,145.244,4,42
1.9209,-11.8481,12.3828,63.171,-70.488,-49.207,4,42
-0.7329,-0.3135,-0.6460,41.098,97.561,29.085,3,42
-0.7793,-0.2554,-0.5688,37.988,91.220,33.232,3,42
-0.8970,-0.2354,-0.5371,36.524,84.085,35.671,3,42
-0.9858,-0.2847,-0.5205,33.780,79.268,36.402,3,42
-0.9897,-0.3159,-0.4517,32.012,77.683,35.671,3,42
-0.9297,-0.3057,-0.4009,31.098,76.463,34.756,3,42
-0.9072,-0.2495,-0.3735,29.695,74.573,33.537,3,42
-0.9316,-0.1240,-0.3569,27.866,72.622,33.841,3,42
-11.9634,2.0527,-6.9131,-913.780,-1021.585,273.598,4,42
-15.9888,-2.8613,-7.7739,-526.951,-418.720,180.122,4,42
-15.5591,-3.3345,1.8550,42.134,49.146,158.354,4,42
-8.6533,-1.4155,2.5776,24.024,242.866,61.768,4,42
-4.9639,-1.3833,2.3765,-100.000,215.671,-4.939,4,42
-2.9355,-2.1011,2.5298,-173.415,190.915,-16.829,4,42
-1.9819,-2.8101,2.2310,-177.500,192.927,-27.134,4,42
-1.1934,-2.1284,1.7651,-127.927,195.122,-22.561,4,42
-0.3677,-1.3203,1.6592,-43.354,211.463,-56.037,4,42
0.4644,-0.2764,1.4658,65.000,237.134,-119.512,4,42
1.0386,0.0313,1.5098,176.768,265.610,-183.780,4,42
0.4922,0.9185,1.7070,234.207,266.585,-209.451,4,42
-0.1187,1.6533,2.2813,214.390,225.915,-165.000,4,42
-0.4321,1.5664,2.8652,130.976,163.171,-71.280,4,42
-0.7905,0.6455,2.9595,23.720,90.671,37.439,4,42
-1.4365,-0.0913,2.7866,-67.683,3.049,127.805,4,42
-0.9380,-0.0249,-0.5527,50.610,25.427,14.695,3,42
-0.9883,-0.0293,-0.5210,51.280,22.927,14.024,3,42
-1.0313,-0.0186,-0.4932,53.232,18.537,11.159,3,42
-0.9844,0.0195,-0.5186,55.366,14.024,8.232,3,42
-0.8770,0.0850,-0.6353,58.171,5.488,4.390,3,42
-0.8276,0.1118,-0.7158,60.305,-0.793,2.012,3,42
-0.7803,0.1357,-0.7749,62.500,-6.646,-0.122,3,42
-0.7490,0.1533,-0.8252,64.268,-13.293,-2.134,3,42
-5.6587,-1.9780,2.3696,67.378,279.329,15.610,4,42
-3.5562,-1.9072,1.9355,20.244,269.573,9.939,4,42
-2.2529,-2.3550,1.7314,-24.573,258.476,18.354,4,42
-1.5674,-2.7358,1.8120,-50.000,253.415,39.634,4,42
-1.3638,-3.0610,1.9741,-65.427,255.244,57.561,4,42
-1.4414,-3.3657,2.2031,-83.598,257.439,64.512,4,42
-1.7051,-3.6851,2.4858,-114.756,254.085,60.732,4,42
-2.1191,-4.0146,2.7905,-158.354,239.329,53.598,4,42
-0.8125,0.0327,-0.6582,60.610,-60.427,-18.415,3,42
-0.8096,0.0952,-0.6465,56.829,-64.390,-20.183,3,42
-0.7983,0.1445,-0.6445,54.024,-67.439,-21.341,3,42
-0.8076,0.1567,-0.6128,51.159,-71.159,-22.195,3,42
-0.8262,0.1489,-0.5688,48.415,-73.780,-23.354,3,42
-0.8452,0.1255,-0.5205,43.902,-76.463,-24.939,3,42
-0.8579,0.0850,-0.4888,38.902,-78.720,-26.402,3,42
-0.8516,0.0430,-0.4438,33.354,-79.939,-27.927,3,42
-1.8271,-2.6304,2.5518,-403.354,171.585,77.561,4,42
-1.7295,-2.3999,2.2124,-383.171,174.939,68.171,4,42
-1.5186,-1.9194,1.5596,-341.707,167.683,53.659,4,42
-1.4775,-1.4336,1.0732,-308.110,141.951,46.220,4,42
-1.7339,-0.8540,0.8081,-302.073,99.634,49.878,4,42
-1.8970,-0.3408,0.7466,-338.598,53.293,63.354,4,42
-2.2275,-0.1377,0.8662,-402.683,27.683,69.451,4,42
-2.8159,-0.2656,1.1802,-455.793,14.329,83.171,4,42
-0.9580,-0.1934,-0.2886,-2.866,-86.951,-32.988,3,42
-0.9629,-0.2183,-0.2817,-3.902,-86.829,-32.683,3,42
-0.9663,-0.2705,-0.2554,-4.146,-86.402,-31.402,3,42
-0.9590,-0.3604,-0.2568,-3.537,-85.976,-29.817,3,42
-0.9399,-0.4150,-0.2573,-2.500,-85.122,-28.110,3,42
-0.9233,-0.4624,-0.2363,-1.098,-85.122,-26.463,3,42
-0.8989,-0.5063,-0.2432,-1.220,-85.427,-24.573,3,42
-0.8813,-0.5527,-0.2495,-1.098,-85.976,-22.988,3,42
-0.1416,-1.1978,0.8936,-425.915,219.329,-206.463,4,42
-0.1738,-1.2998,0.7881,-367.988,202.256,-214.695,4,42
-0.3369,-1.2383,0.9385,-227.866,172.866,-213.110,4,42
-0.4844,-0.7520,1.3999,-51.951,144.207,-212.195,4,42
-0.4429,-0.0459,1.9917,90.366,115.854,-223.354,4,42
-0.3325,0.3589,2.5439,159.756,91.585,-238.049,4,42
-0.5347,0.9565,2.8237,159.451,62.866,-247.561,4,42
-0.7334,1.3491,3.0444,106.159,21.159,-245.915,4,42
-0.9517,1.4141,3.1992,17.988,-33.415,-233.659,4,42
-1.1553,1.1211,3.2378,-80.976,-92.622,-214.878,4,42
-1.2598,0.5620,3.1450,-164.207,-150.549,-202.378,4,42
-1.4053,-0.2222,2.8384,-227.500,-192.927,-209.268,4,42
-1.4609,-0.9546,2.5488,-271.890,-206.768,-240.488,4,42
-1.5591,-1.5420,2.2456,-297.378,-199.756,-277.744,4,42
-1.6079,-1.9712,2.0039,-303.720,-179.451,-318.232,4,42
-1.5522,-2.2383,1.8442,-292.073,-154.939,-361.585,4,42
-1.5781,-2.5117,1.7939,-270.915,-135.488,-388.659,4,42
-1.6045,-2.3301,1.7646,-246.768,-129.085,-400.610,4,42
-1.5566,-2.0835,1.7256,-225.366,-132.866,-397.012,4,42
-1.5615,-1.8931,1.6821,-202.988,-145.610,-385.366,4,42
-1.6123,-1.7158,1.6421,-180.305,-163.659,-373.171,4,42
-1.6973,-1.5366,1.5713,-159.817,-182.317,-363.293,4,42
-1.7559,-1.3501,1.5190,-141.951,-198.293,-356.890,4,42
-1.8345,-1.1592,1.4580,-126.768,-210.854,-353.415,4,42
-1.9077,-0.9771,1.4053,-113.476,-220.732,-354.085,4,42
-1.9814,-0.7930,1.3560,-102.378,-228.415,-356.951,4,42
-2.0605,-0.6221,1.3120,-93.537,-235.122,-362.134,4,42
-2.1484,-0.4551,1.2827,-89.268,-242.073,-368.354,4,42
-2.2339,-0.3091,1.2529,-88.354,-249.329,-374.573,4,42
-2.3188,-0.2021,1.2495,-92.012,-257.012,-380.244,4,42
-2.4141,-0.0752,1.2534,-101.524,-264.329,-383.598,4,42
-2.5571,0.0195,1.2622,-114.329,-272.500,-388.110,4,42
-0.9639,-0.0840,-0.0503,-51.037,-73.780,2.622,3,42
-0.9292,-0.1055,-0.0703,-53.171,-72.317,2.988,3,42
-0.9219,-0.1616,-0.0703,-54.390,-70.793,3.537,3,42
-0.9336,-0.2148,-0.0610,-56.159,-69.634,3.049,3,42
-0.9438,-0.2612,-0.0420,-59.146,-69.085,2.439,3,42
-0.9624,-0.3213,-0.0469,-62.561,-68.537,2.317,3,42
-0.9873,-0.3892,-0.0615,-65.793,-67.561,2.683,3,42
-0.9902,-0.4614,-0.0869,-68.049,-67.073,3.963,3,42
-1.0093,-0.5278,-0.1079,-69.329,-66.585,5.366,3,42
-0.9292,-0.1055,-0.0703,-53.171,-72.317,2.988,3,42
-1.0205,-0.5874,-0.0786,-74.024,-65.732,7.927,3,42
-1.0288,-0.6123,-0.0566,-77.378,-65.305,8.963,3,42
-1.0347,-0.6060,-0.0366,-79.756,-64.756,10.122,3,42
-1.0503,-0.6035,-0.0103,-84.024,-64.329,11.037,3,42
-1.0566,-0.5889,0.0063,-89.512,-63.963,11.951,3,42
-1.0703,-0.5723,0.0225,-94.329,-63.476,13.293,3,42
-4.3594,2.7549,1.3496,157.683,-237.622,-378.171,4,42
-4.3301,3.1333,1.3003,156.951,-268.049,-360.854,4,42
-4.1045,3.3188,1.2124,123.049,-310.427,-352.012,4,42
-3.5513,3.2617,0.6416,52.500,-340.244,-359.939,4,42
-4.0059,1.8271,-1.2998,-13.476,-330.061,-425.915,4,42
-3.1406,-0.8560,-4.7563,61.463,-396.402,-435.793,4,42
-6.1089,3.9009,-5.4971,-28.841,-307.134,-450.305,4,42
-11.1099,1.7051,-10.3599,-542.561,-107.439,-669.207,4,42
-1.0347,-0.4634,0.0063,-137.500,-56.951,20.549,3,42
-0.9985,-0.4365,-0.0093,-138.415,-55.732,22.012,3,42
-0.9780,-0.3887,0.0098,-138.293,-55.244,22.622,3,42
-0.9756,-0.3472,0.0513,-139.573,-53.963,22.561,3,42
-0.9761,-0.2754,0.0830,-141.341,-54.207,21.402,3,42
-0.9702,-0.1929,0.0977,-143.171,-53.171,20.427,3,42
-0.9580,-0.1143,0.0991,-144.817,-52.134,19.756,3,42
-0.9521,-0.0703,0.0898,-144.512,-50.427,19.390,3,42
-1.2471,0.1392,0.1382,-133.537,-38.293,8.476,3,42
-1.2686,0.0659,0.1216,-133.659,-37.073,3.902,3,42
-1.2529,-0.0166,0.0918,-130.549,-35.915,0.671,3,42
-1.2109,-0.0913,0.0596,-122.927,-33.841,-0.793,3,42
-1.1455,-0.1279,0.0093,-112.073,-31.890,0.122,3,42
-1.0957,-0.1201,-0.0366,-98.537,-30.183,1.951,3,42
-1.0532,-0.0586,-0.0630,-85.671,-28.293,4.146,3,42
-1.0396,0.0425,-0.0669,-75.305,-26.768,5.488,3,42
-1.0356,0.1523,-0.0693,-67.195,-25.549,6.463,3,42
-1.0469,0.2588,-0.0615,-60.427,-24.085,6.159,3,42
-1.0620,0.3301,-0.0508,-54.695,-23.232,5.000,3,42
-1.0752,0.3838,-0.0381,-48.354,-22.317,3.963,3,42
-1.0820,0.3892,-0.0073,-42.317,-21.341,1.890,3,42
-1.0767,0.3564,0.0000,-34.878,-20.122,-0.427,3,42
-1.0586,0.2939,0.0059,-26.829,-18.171,-2.256,3,42
-1.0210,0.2314,0.0039,-18.293,-16.585,-4.756,3,42
-0.9624,0.1372,0.0083,-4.634,-13.293,-7.073,3,42
-0.9277,0.1064,-0.0054,4.939,-11.159,-7.622,3,42
-0.8989,0.1006,-0.0190,15.000,-9.085,-7.927,3,42
-0.8882,0.1284,-0.0313,24.329,-6.524,-7.561,3,42
-0.8965,0.1885,-0.0254,31.341,-4.451,-6.951,3,42
-0.9077,0.2544,-0.0293,36.524,-2.622,-6.585,3,42
-0.9570,0.3159,-0.0498,38.841,-0.366,-5.671,3,42
-1.0068,0.3652,-0.0552,38.780,1.280,-5.122,3,42
-1.0498,0.3950,-0.0283,34.939,2.317,-5.122,3,42
-1.0889,0.3882,-0.0029,28.598,3.476,-5.854,3,42
-1.1177,0.3564,0.0298,20.488,3.354,-7.683,3,42
-1.1123,0.2988,0.0552,12.744,3.902,-9.451,3,42
-1.0864,0.2227,0.0571,7.134,3.780,-10.915,3,42
-1.0522,0.1577,0.0503,3.415,4.634,-11.951,3,42
-1.0322,0.0913,0.0337,0.122,5.305,-12.500,3,42
-1.0166,0.0396,0.0137,-4.085,6.280,-13.293,3,42
-1.2915,4.2290,1.2744,387.805,107.439,8.232,4,42
-1.4204,4.3706,1.5142,411.646,92.256,9.268,4,42
-1.3838,4.3535,1.5522,423.232,75.061,25.427,4,42
-1.2017,4.1626,1.3657,429.573,53.232,57.866,4,42
-0.9404,3.8159,1.0195,437.134,26.585,99.634,4,42
-0.6758,3.3794,0.5898,450.427,-1.585,142.012,4,42
-0.4844,2.8906,0.1240,466.585,-28.720,175.183,4,42
-0.4189,2.3960,-0.3018,482.256,-53.293,198.780,4,42
-0.4321,1.8896,-0.6587,493.902,-67.744,211.220,4,42
-0.6543,1.2510,-1.1875,496.463,-64.451,203.049,4,42
-0.8701,0.6792,-1.4546,495.000,-42.622,176.220,4,42
-1.3457,0.2490,-1.5439,498.598,1.890,142.317,4,42
-1.7085,0.2124,-1.3936,500.610,38.720,119.695,4,42
-1.9214,0.2559,-1.0781,487.927,68.110,112.683,4,42
-2.0176,0.3218,-0.7861,468.841,94.817,115.854,4,42
-2.1177,0.4048,-0.5010,450.732,119.817,125.488,4,42
-2.1060,0.2466,-1.0112,276.646,135.244,122.317,4,42
-2.0713,0.4038,-0.9370,263.415,154.085,128.415,4,42
-2.0659,0.5737,-0.8418,256.829,177.195,137.500,4,42
-2.0845,0.7358,-0.7432,255.305,201.037,146.463,4,42
-2.1216,0.8965,-0.6455,256.037,222.134,154.329,4,42
-2.1377,1.0317,-0.5532,258.293,238.963,159.817,4,42
-2.1426,1.1582,-0.4668,260.122,251.280,162.866,4,42
-2.1255,1.2549,-0.3750,261.829,259.634,165.122,4,42
-1.0801,-0.1016,0.0142,-9.207,23.476,-5.305,3,42
-1.0864,-0.1230,0.0444,-6.890,25.244,-5.915,3,42
-1.0884,-0.1309,0.0645,-4.024,27.012,-6.280,3,42
-1.0801,-0.1426,0.0723,-0.915,28.415,-6.402,3,42
-1.0664,-0.1377,0.0288,2.927,30.427,-6.829,3,42
-1.0435,-0.1304,-0.0884,7.927,33.841,-6.768,3,42
-1.0278,-0.1304,-0.1162,12.927,37.622,-5.793,3,42
-1.0171,-0.1094,0.0239,15.183,39.329,-4.756,3,42
-2.5137,1.4946,0.0527,231.402,239.512,195.000,4,42
-2.5981,1.4873,0.0796,219.451,233.293,199.634,4,42
-2.6611,1.4624,0.1167,206.463,226.951,204.634,4,42
-2.7114,1.4443,0.1406,194.024,220.915,209.756,4,42
-2.7407,1.4072,0.1699,181.951,215.366,215.061,4,42
-2.7485,1.3628,0.1846,171.890,210.793,220.305,4,42
-2.7515,1.3193,0.2139,162.439,207.805,225.488,4,42
-2.7573,1.2695,0.2271,155.854,205.305,231.707,4,42
-2.7690,1.2173,0.2354,151.646,203.598,237.805,4,42
-2.7661,1.1543,0.2437,149.146,202.561,243.171,4,42
-2.7676,1.0796,0.2681,149.329,202.195,248.415,4,42
-2.7754,1.0156,0.3174,150.732,202.256,252.927,4,42
-2.7959,0.9194,0.3535,152.866,203.049,256.280,4,42
-2.8232,0.8340,0.4326,153.841,204.878,257.988,4,42
-2.8618,0.7422,0.5034,153.293,207.195,257.927,4,42
-2.9185,0.6548,0.5933,151.707,209.817,256.341,4,42
-1.1802,-0.5581,0.3872,57.073,88.780,2.195,3,42
-1.1885,-0.5298,0.4575,58.171,93.902,3.476,3,42
-1.1978,-0.4966,0.5190,58.720,97.744,4.939,3,42
-1.1934,-0.4585,0.5278,58.659,101.768,6.768,3,42
-1.1924,-0.4355,0.4883,59.268,105.854,8.354,3,42
-1.1768,-0.4268,0.4097,60.244,110.000,9.939,3,42
-1.1685,-0.4360,0.3027,62.561,113.780,10.793,3,42
-1.1426,-0.4688,0.1909,65.427,117.988,11.159,3,42
-1.1172,-0.4932,0.1255,67.866,122.195,10.366,3,42
-1.0884,-0.5107,0.0806,70.122,126.402,8.476,3,42
-1.0474,-0.4702,0.1074,70.671,130.122,6.341,3,42
-0.9834,-0.3994,0.1704,69.634,132.805,5.671,3,42
-0.8887,-0.3423,0.1455,69.451,133.171,6.951,3,42
-0.8057,-0.2974,-0.0093,73.293,132.561,10.000,3,42
-0.7700,-0.2363,-0.2520,78.963,129.634,12.256,3,42
-0.7896,-0.1689,-0.4688,82.134,126.707,12.866,3,42
-0.8350,-0.1455,-0.6431,82.317,125.671,12.195,3,42
-0.8555,-0.1650,-0.7334,80.793,124.329,11.524,3,42
-0.8369,-0.2036,-0.7178,76.768,122.439,10.915,3,42
-0.7686,-0.2466,-0.6831,69.756,119.024,10.915,3,42
-0.6836,-0.3037,-0.6636,62.012,114.695,11.524,3,42
-0.6465,-0.3408,-0.6719,54.817,109.634,12.378,3,42
-0.6626,-0.3174,-0.6626,47.744,104.756,12.805,3,42
-0.7388,-0.2319,-0.6157,35.793,97.805,13.659,3,42
-4.0781,-2.9546,12.2100,-375.061,474.573,-27.134,4,42
-4.1421,-7.4712,13.1699,-345.305,756.220,-26.890,4,42
-5.3066,-10.5566,6.4395,-2.256,764.573,-29.634,4,42
-3.6665,-10.9233,1.4893,609.268,329.146,3.232,4,42
-0.2446,-12.1260,7.2476,1128.293,-14.634,71.463,4,42
-0.3584,-10.6382,10.3320,878.476,-81.646,103.720,4,42
0.4297,-8.4790,11.0859,295.915,-78.598,-3.902,4,42
1.3096,-9.7910,10.0791,18.720,-25.610,-127.195,4,42
1.7847,-11.7925,10.1494,90.061,43.293,-151.463,4,42
1.7856,-11.5698,10.9331,285.854,93.598,-141.159,4,42
1.7671,-7.3667,8.7788,484.024,35.000,-198.902,4,42
1.4497,-3.0664,6.5000,551.524,-154.146,-241.646,4,42
0.8755,-0.7852,5.0098,382.073,-385.732,-214.390,4,42
-0.3213,0.0640,2.7769,134.634,-606.280,-137.988,4,42
-0.7095,0.1445,1.0034,-104.146,-840.915,-39.817,4,42
-3.8081,0.5371,-0.6831,-308.902,-1086.220,82.012,4,42
-9.3413,1.6851,-5.0186,-455.671,-1271.890,199.573,4,42
-16.0000,-2.2085,-10.0371,-92.012,-475.122,251.829,4,42
-16.0000,-2.0200,1.9658,253.354,60.915,206.646,4,42
-12.0679,-0.4053,3.3604,-173.110,197.500,18.841,4,42
-5.7749,-2.1118,0.7881,-368.598,173.232,-146.951,4,42
-2.7964,-3.9775,0.5737,-355.976,153.415,-127.866,4,42
-1.1372,-5.7251,1.4404,-256.280,175.732,-87.805,4,42
-0.8691,-5.0176,1.1553,-155.732,217.439,-9.939,4,42
-0.9336,0.0664,-0.5381,-26.037,3.110,-4.512,3,42
-0.9546,0.0049,-0.5000,-25.854,-0.915,-6.280,3,42
-0.9604,-0.0396,-0.4761,-23.537,-4.634,-8.659,3,42
-0.9541,-0.0518,-0.4424,-21.585,-8.415,-10.305,3,42
-0.9424,-0.0356,-0.4629,-20.671,-14.024,-12.561,3,42
-0.9185,-0.0415,-0.5107,-20.122,-18.171,-13.902,3,42
-0.9097,-0.0474,-0.5645,-18.659,-22.317,-15.427,3,42
-0.8848,-0.0474,-0.5923,-17.317,-27.317,-17.256,3,42
-0.8535,-0.0527,-0.6162,-16.829,-32.134,-18.537,3,42
-0.8188,-0.0771,-0.6484,-16.585,-37.317,-19.634,3,42
-0.7871,-0.0981,-0.6572,-15.427,-42.744,-20.366,3,42
-0.7769,-0.1221,-0.6831,-13.232,-48.354,-20.305,3,42
-0.7612,-0.1279,-0.6768,-10.854,-53.780,-20.671,3,42
-0.7495,-0.1587,-0.6963,-9.390,-58.841,-20.488,3,42
-0.7324,-0.1943,-0.7271,-8.171,-63.415,-20.549,3,42
-0.7104,-0.2134,-0.7607,-8.720,-68.049,-20.671,3,42
-0.7183,-0.2295,-0.7354,-11.037,-73.049,-20.183,3,42
-0.7358,-0.2588,-0.6968,-14.268,-77.805,-19.756,3,42
-0.7451,-0.2969,-0.6548,-17.927,-82.195,-19.268,3,42
-0.7588,-0.3213,-0.6133,-22.073,-86.829,-17.805,3,42
-0.7715,-0.3315,-0.5806,-27.134,-90.793,-16.159,3,42
-0.7876,-0.3281,-0.5366,-32.866,-94.817,-14.329,3,42
-0.8086,-0.3350,-0.5059,-38.171,-97.927,-12.622,3,42
-0.8223,-0.3560,-0.4805,-42.988,-100.976,-11.098,3,42
-0.8281,-0.3525,-0.4565,-47.134,-103.415,-10.183,3,42
-0.8315,-0.3398,-0.4512,-51.098,-105.854,-8.902,3,42
-0.8364,-0.3193,-0.4321,-56.220,-107.744,-7.866,3,42
-0.8530,-0.2935,-0.4028,-62.256,-109.634,-7.134,3,42
-0.8521,-0.2598,-0.3608,-69.207,-110.793,-6.463,3,42
-0.8589,-0.2222,-0.3169,-76.341,-112.012,-5.976,3,42
-0.8750,-0.1919,-0.2749,-83.415,-113.049,-5.793,3,42
-0.8931,-0.1738,-0.2383,-90.000,-113.659,-5.610,3,42
-0.5605,-0.6396,1.8716,-305.915,-3.232,39.085,4,42
-0.6304,-0.6182,1.7617,-372.195,-83.780,33.720,4,42
-0.6958,-0.7280,1.6543,-430.732,-151.524,21.280,4,42
-1.1074,-1.0498,1.4023,-473.963,-202.256,5.488,4,42
-2.2432,-1.8979,0.8730,-494.512,-220.915,-20.793,4,42
-2.5674,-2.1567,0.5254,-460.061,-221.341,-57.988,4,42
-3.3105,-2.3291,0.2207,-397.256,-203.354,-59.512,4,42
-2.9517,-1.9849,0.1650,-310.854,-164.756,-40.427,4,42
-2.1802,-0.9824,0.4155,-237.622,-111.341,-13.841,4,42
-1.7036,-0.1704,0.9805,-218.171,-35.000,-11.159,4,42
-1.5952,-0.0371,1.3496,-180.427,14.451,-39.268,4,42
-1.2866,-0.1035,1.5688,-129.634,45.915,-98.841,4,42
-1.2998,-0.3008,1.7471,-50.488,76.159,-176.037,4,42
-1.4121,-0.1567,1.9189,32.988,81.463,-241.463,4,42
-1.4058,-0.0361,2.1064,110.488,68.841,-291.707,4,42
-1.1489,0.1250,2.4478,149.817,43.659,-321.098,4,42
-1.1431,-0.2783,0.2031,-0.915,-54.878,-2.622,3,42
-1.1479,-0.2563,0.1772,7.500,-51.037,-1.220,3,42
-1.1421,-0.2363,0.1533,15.915,-47.866,0.366,3,42
-1.1519,-0.2212,0.1343,22.500,-44.573,1.524,3,42
-1.1582,-0.2007,0.1157,27.866,-41.098,2.256,3,42
-1.1772,-0.1753,0.1143,31.341,-37.866,2.683,3,42
-1.1787,-0.1611,0.1299,32.500,-34.207,2.805,3,42
-1.1807,-0.1479,0.1548,32.256,-31.220,3.049,3,42
-1.1641,-0.1426,0.1548,31.768,-28.049,2.927,3,42
-1.1543,-0.1572,0.1670,30.671,-24.390,3.293,3,42
-1.1445,-0.1851,0.1572,31.220,-21.463,3.354,3,42
-1.1392,-0.2227,0.1533,32.256,-17.927,3.598,3,42
-1.1147,-0.2783,0.1558,37.378,-13.110,3.415,3,42
-1.0957,-0.2861,0.1479,42.561,-9.451,3.110,3,42
-1.0811,-0.2729,0.1479,48.476,-5.732,3.354,3,42
-1.0791,-0.2480,0.1548,54.573,-2.439,3.232,3,42
-1.0698,-0.2173,0.1387,60.671,0.732,3.476,3,42
-1.0557,-0.1943,0.1016,67.439,3.293,4.085,3,42
-1.0220,-0.1733,0.0591,75.305,5.610,4.451,3,42
-1.0234,-0.1616,0.0454,82.744,7.561,5.610,3,42
-1.0342,-0.1484,0.0278,88.293,9.451,6.951,3,42
-1.0605,-0.1387,0.0444,91.402,11.098,8.232,3,42
-1.0908,-0.1436,0.0581,91.585,12.256,8.780,3,42
-1.1069,-0.1689,0.0723,87.622,13.598,8.902,3,42
-3.8276,-0.2144,1.6670,-232.622,-207.378,-429.085,4,42
-3.7856,-0.1260,1.7676,-208.841,-191.707,-434.024,4,42
-3.6909,-0.0581,1.8799,-186.402,-174.756,-436.037,4,42
-3.6196,-0.0093,2.0059,-164.817,-159.268,-435.305,4,42
-3.5508,0.0522,2.1250,-142.988,-148.232,-430.732,4,42
-3.5288,0.1318,2.2563,-119.512,-141.829,-425.305,4,42
-3.4473,0.3105,2.3447,-94.939,-141.463,-420.793,4,42
-3.3760,0.5513,2.4629,-73.720,-147.744,-414.207,4,42
-0.9321,-0.3047,-0.1499,69.329,16.098,8.659,3,42
-0.8999,-0.2646,-0.2275,71.829,15.427,9.451,3,42
-0.8853,-0.2168,-0.3013,73.902,13.720,11.463,3,42
-0.8926,-0.1533,-0.3364,72.927,11.951,13.720,3,42
-0.9189,-0.0981,-0.3398,68.354,9.756,15.122,3,42
-0.9619,-0.0913,-0.3247,61.951,7.500,15.488,3,42
-0.9839,-0.1084,-0.2988,55.549,5.061,15.000,3,42
-0.9790,-0.1504,-0.2954,50.122,2.744,13.902,3,42
-2.9282,3.1865,2.2134,-73.110,-438.171,-443.049,4,42
-2.9297,3.6006,2.2661,-49.207,-472.927,-454.390,4,42
-3.0337,4.4580,2.5454,-25.854,-505.366,-456.341,4,42
-3.1426,4.5137,2.4585,-125.061,-537.439,-465.854,4,42
-3.6841,5.2881,1.0967,-422.866,-658.232,-380.183,4,42
-10.1621,7.4150,-5.0034,-925.976,-647.439,-409.817,4,42
-16.0000,7.7480,-15.4004,-1398.598,-189.390,-490.915,4,42
-15.5654,8.3452,-15.6499,-1142.317,186.890,-453.476,4,42
-0.9277,0.0151,-0.3169,0.976,-22.317,14.695,3,42
-0.9297,0.0449,-0.2681,-5.976,-24.390,14.817,3,42
-0.9404,0.0801,-0.2290,-12.866,-25.610,15.061,3,42
-0.9521,0.1025,-0.1821,-19.268,-26.341,15.244,3,42
-0.9878,0.0884,-0.1187,-25.000,-26.220,14.756,3,42
-1.0376,0.0376,-0.0239,-29.390,-26.646,13.049,3,42
-1.0840,0.0166,0.0610,-34.268,-26.707,9.878,3,42
-1.0562,-0.0044,0.0688,-40.061,-27.012,7.866,3,42
-1.3286,9.6924,-0.2920,-88.537,-164.878,-130.732,4,42
-0.4604,7.9170,-0.7715,-89.756,-89.268,-125.244,4,42
0.1582,6.3989,-0.9629,-60.549,-66.707,-133.049,4,42
0.4468,5.2520,-1.0078,2.134,-85.000,-136.890,4,42
0.2261,4.7500,-1.1704,80.549,-130.610,-131.220,4,42
0.1421,4.5376,-0.9063,124.024,-233.598,-121.402,4,42
0.1016,4.5220,-0.2588,116.098,-324.512,-88.110,4,42
0.2036,4.4849,0.3799,9.695,-405.793,-46.341,4,42
-1.1318,-0.0332,0.0708,-22.927,-18.598,2.195,3,42
-1.0933,-0.0581,-0.0063,-13.841,-16.220,3.476,3,42
-1.0571,-0.1016,-0.0781,-1.220,-13.963,5.183,3,42
-1.0317,-0.1025,-0.1177,11.768,-11.159,7.256,3,42
-1.0259,-0.0820,-0.1191,23.476,-8.780,8.171,3,42
-1.0435,-0.0474,-0.1035,31.951,-7.012,7.561,3,42
-1.0625,-0.0073,-0.0708,38.232,-5.549,6.402,3,42
-1.0972,0.0112,-0.0259,42.927,-3.659,4.329,3,42
-3.1929,2.0981,-4.5181,584.634,265.427,-54.451,4,42
-2.7192,1.9160,-3.7627,594.268,306.341,-50.671,4,42
-1.9141,2.3159,-2.5947,573.354,220.671,-23.841,4,42
-1.8413,2.2998,-2.5874,522.256,171.890,26.159,4,42
-1.7422,2.5576,-1.8716,458.232,132.256,76.098,4,42
-1.7227,2.9111,-1.4248,393.476,110.610,111.402,4,42
-1.7393,3.4707,-1.1025,357.378,104.817,128.780,4,42
-1.6484,4.0039,-0.7612,354.268,108.963,137.134,4,42
-0.9727,0.0254,-0.1460,136.524,14.634,10.366,3,42
-0.9678,0.0698,-0.1509,141.585,14.573,11.707,3,42
-0.9839,0.1074,-0.1436,145.183,14.817,11.646,3,42
-1.0000,0.1191,-0.1304,149.207,15.305,9.878,3,42
-0.9961,0.1450,-0.1226,152.500,16.280,7.683,3,42
-0.9824,0.1636,-0.1211,153.354,16.098,6.341,3,42
-0.9697,0.1753,-0.1211,153.110,16.037,5.305,3,42
-0.9551,0.1694,-0.1270,150.610,15.122,5.610,3,42
-2.1836,1.8154,-0.6611,452.927,102.744,68.659,4,42
-2.1191,1.6499,-0.9150,456.037,124.695,56.768,4,42
-2.0015,1.2930,-1.2642,495.671,193.963,48.598,4,42
-1.9683,1.2070,-1.2925,513.537,212.866,53.720,4,42
-1.9180,1.0396,-1.2090,542.805,243.598,67.988,4,42
-1.9238,0.9121,-0.8555,548.232,274.390,85.976,4,42
-1.9272,0.8867,-0.7451,541.037,282.195,90.061,4,42
-1.9419,0.8086,-0.5713,512.195,291.524,101.037,4,42
-1.9038,0.7715,-0.3628,448.841,293.415,129.390,4,42
-1.9028,0.7539,-0.3047,397.195,287.988,160.061,4,42
-1.9146,0.5684,-0.2935,354.329,279.268,190.244,4,42
-1.9443,0.3813,-0.3218,325.976,270.610,215.915,4,42
-2.0366,0.0542,-0.4067,313.049,263.171,231.280,4,42
-2.1416,-0.0532,-0.4624,309.573,257.134,235.549,4,42
-2.3433,-0.2920,-0.5063,309.085,252.012,226.220,4,42
-2.5586,-0.3623,-0.4463,302.195,245.671,206.037,4,42
-2.7314,-0.2817,-0.2998,278.171,239.451,188.659,4,42
-2.7524,0.0122,-0.1445,237.561,234.024,183.720,4,42
-2.6230,0.3115,-0.0474,189.390,232.744,194.817,4,42
-2.4585,0.4893,-0.0400,155.183,237.378,212.500,4,42
-2.2900,0.6533,-0.0815,144.695,248.049,229.695,4,42
-2.1704,0.8149,-0.1426,153.232,261.402,245.183,4,42
-2.1025,0.9585,-0.1611,171.220,274.512,257.378,4,42
-2.0767,1.0723,-0.1108,190.915,285.732,265.854,4,42
-2.0918,1.1655,-0.0337,209.634,295.183,270.122,4,42
-2.1421,1.2134,0.0752,221.463,301.098,270.366,4,42
-2.2026,1.2363,0.2012,226.646,305.000,266.646,4,42
-2.1689,1.2202,0.3252,226.524,309.634,258.841,4,42
-2.2261,1.2373,0.4463,221.280,316.890,247.805,4,42
-2.2192,1.2021,0.5552,208.171,326.402,236.098,4,42
-2.4116,1.1563,0.6743,202.378,326.585,231.463,4,42
-2.3574,1.1377,0.7842,193.354,324.024,227.439,4,42
-2.6558,1.0278,0.9077,172.317,320.244,221.890,4,42
-2.6865,1.0254,1.0249,154.573,302.988,221.768,4,42
-2.9287,0.8652,1.0752,125.244,293.841,217.683,4,42
-3.1670,0.7417,1.0952,114.939,269.939,224.024,4,42
-3.2563,0.6455,1.0366,108.659,248.110,230.427,4,42
-3.1777,0.5898,0.8979,99.085,239.085,232.195,4,42
-3.1230,0.5151,0.7432,89.024,241.829,230.427,4,42
-3.0503,0.4604,0.5840,84.878,251.646,230.793,4,42
-2.9512,0.3745,0.4551,85.610,266.098,232.927,4,42
-2.8521,0.2744,0.3770,88.110,281.098,235.000,4,42
-2.7603,0.2134,0.3486,91.646,292.439,236.402,4,42
-2.6558,0.1553,0.3740,91.159,298.171,236.341,4,42
-2.5635,0.1011,0.4248,86.707,297.927,236.463,4,42
-2.4761,0.0547,0.5210,76.829,292.805,236.646,4,42
-2.3936,-0.0024,0.5957,62.988,285.671,237.927,4,42
-2.3291,-0.1025,0.6792,46.402,277.561,239.085,4,42
-1.1470,-0.5000,0.2705,4.390,107.866,11.707,3,42
-1.0933,-0.5371,0.1875,-7.134,111.402,11.646,3,42
-1.0405,-0.5791,0.1064,-18.841,114.573,10.183,3,42
-1.0000,-0.6172,0.0596,-29.939,116.829,7.683,3,42
-0.9717,-0.6196,0.0425,-40.244,118.476,5.915,3,42
-0.9141,-0.5928,0.0415,-50.549,119.756,4.756,3,42
-0.8574,-0.5527,0.0181,-59.756,119.878,5.061,3,42
-0.7935,-0.5049,-0.0288,-68.476,119.634,6.280,3,42
-0.7295,-0.4429,-0.1201,-76.707,118.720,7.866,3,42
-0.6865,-0.3916,-0.2378,-84.451,118.110,8.841,3,42
-0.6587,-0.3604,-0.3604,-90.305,116.829,9.329,3,42
-0.6841,-0.3130,-0.4536,-94.939,115.549,9.634,3,42
-0.7100,-0.2515,-0.5137,-98.598,113.720,9.024,3,42
-0.7534,-0.1973,-0.5322,-101.159,111.707,8.659,3,42
-0.7871,-0.1592,-0.5337,-102.317,109.756,9.146,3,42
-0.8252,-0.0967,-0.5098,-104.207,108.902,10.427,3,42
-0.8872,-0.0024,-0.4497,-107.256,107.317,10.488,3,42
-0.9771,0.1113,-0.3901,-111.159,106.220,11.463,3,42
-1.0854,0.2271,-0.3086,-112.134,106.159,12.683,3,42
-1.2412,0.3379,-0.2002,-111.524,106.707,14.634,3,42
-1.3413,0.3892,-0.1255,-108.598,107.622,17.622,3,42
-1.2964,0.4292,-0.1133,-106.463,112.012,19.634,3,42
-1.1860,0.4028,-0.0698,-108.354,115.915,19.695,3,42
-1.1382,0.2456,-0.0293,-111.098,118.598,18.415,3,42
-1.2207,0.1128,0.0186,-112.500,120.000,15.488,3,42
-1.3647,0.0356,0.0923,-112.988,120.061,14.634,3,42
-1.4297,0.1040,0.1157,-110.854,121.220,17.683,3,42
-1.2358,0.3081,0.0879,-106.951,125.000,22.805,3,42
-0.9722,0.3838,0.0542,-100.732,128.841,27.134,3,42
-0.6523,0.3438,-0.0601,-91.159,130.427,28.902,3,42
-0.3784,0.2070,-0.2461,-78.598,127.927,28.841,3,42
-0.2266,0.0381,-0.4634,-64.268,122.744,28.902,3,42
-0.1802,-0.2524,-0.8091,-47.012,113.720,28.232,3,42
-0.2031,-0.4707,-1.0303,-38.598,108.293,25.915,3,42
-0.1831,-0.7183,-1.2720,-32.439,102.683,22.500,3,42
-0.3086,-0.8784,-1.3779,-30.610,97.317,20.061,3,42
-0.4194,-0.9707,-1.2036,-30.427,92.744,19.878,3,42
-0.4712,-0.9238,-1.0991,-37.317,89.146,18.963,3,42
-0.4888,-0.7456,-0.9780,-36.159,83.110,19.817,3,42
-0.5801,-0.5767,-0.7539,-39.268,76.707,21.768,3,42
-0.7305,-0.3359,-0.6157,-30.915,66.463,23.354,3,42
-0.9927,-0.1416,-0.4575,-29.207,62.927,26.890,3,42
-1.1558,-0.0610,-0.3960,-29.024,60.061,29.573,3,42
-1.2705,-0.0190,-0.3579,-32.195,62.378,29.573,3,42
-1.2837,0.0063,-0.3418,-30.122,62.439,28.963,3,42
-1.2134,0.0938,-0.2417,-28.537,60.244,27.134,3,42
-1.1270,0.2715,-0.2012,-29.451,61.037,25.915,3,42
-0.9863,0.4429,-0.3130,-25.915,60.366,25.671,3,42
-1.0298,1.1865,2.8628,148.902,261.280,-95.488,4,42
-1.7827,1.1143,3.4956,71.524,207.866,3.110,4,42
-2.1436,0.5996,3.2534,-74.024,112.622,121.585,4,42
-2.3838,0.1079,3.1196,-214.390,-9.451,201.159,4,42
-2.5010,-0.9561,2.9414,-293.720,-131.037,239.146,4,42
-2.8608,-1.8237,2.4673,-292.073,-247.805,241.341,4,42
-2.7803,-2.4609,2.0117,-211.707,-367.012,215.610,4,42
-4.2817,-2.4624,1.3535,-67.866,-485.793,157.622,4,42
-5.5518,-1.9805,0.2705,69.451,-579.878,87.561,4,42
-3.9307,-3.3433,-5.8813,360.732,-430.305,60.122,4,42
-6.4927,-1.1816,0.1943,469.207,49.268,114.329,4,42
-6.1709,-1.0762,3.3506,-7.134,147.683,8.598,4,42
-4.0894,-1.4727,2.4546,-265.183,195.244,-96.951,4,42
-2.7686,-2.1719,1.3291,-281.098,254.024,-111.098,4,42
-2.3267,-2.8257,1.0249,-195.366,294.512,-68.110,4,42
-2.2529,-3.6777,0.8647,-102.073,286.159,-12.988,4,42
-0.7866,0.2686,-0.7153,30.427,-8.293,-7.744,3,42
-0.7808,0.2183,-0.7173,31.951,-14.573,-10.061,3,42
-0.7749,0.1846,-0.7476,32.988,-20.427,-12.805,3,42
-0.7803,0.1855,-0.7686,33.110,-26.341,-15.610,3,42
-0.7871,0.2007,-0.7524,33.537,-32.195,-17.988,3,42
-0.7959,0.1958,-0.7354,34.878,-37.622,-20.366,3,42
-0.8125,0.1919,-0.7080,36.768,-42.561,-22.256,3,42
-0.8130,0.1836,-0.6807,38.232,-47.744,-24.085,3,42
-3.9146,-3.0786,2.8125,-157.927,134.634,111.402,4,42
-3.8599,-3.0981,3.0513,-211.768,149.939,98.720,4,42
-3.5693,-3.2217,3.2065,-258.963,165.610,88.354,4,42
-3.1274,-3.3423,3.3164,-293.659,185.305,87.317,4,42
-2.8848,-3.5151,3.3745,-314.024,209.939,91.280,4,42
-2.5645,-3.6611,3.5210,-328.659,241.646,91.707,4,42
-2.3662,-3.8208,3.6611,-347.744,279.634,90.244,4,42
-2.1689,-3.9395,3.8149,-369.756,319.451,89.695,4,42
-0.8579,-0.1357,-0.4844,25.732,-76.829,-35.610,3,42
-0.8535,-0.1763,-0.4741,21.768,-79.085,-36.585,3,42
-0.8525,-0.1943,-0.4741,17.622,-81.890,-36.951,3,42
-0.8491,-0.2002,-0.4839,13.049,-84.817,-37.195,3,42
-0.8311,-0.1777,-0.5151,8.293,-87.500,-37.622,3,42
-0.8208,-0.1572,-0.5132,2.927,-89.939,-38.110,3,42
-0.8457,-0.1318,-0.4956,-2.805,-92.439,-38.476,3,42
-0.8892,-0.1094,-0.4844,-8.049,-95.305,-38.720,3,42
-0.7813,-0.3511,1.5781,-203.963,47.683,29.756,4,42
-0.7593,-0.1318,1.8530,-262.439,-4.146,2.378,4,42
-0.8022,-0.0146,2.0078,-330.366,-29.146,-19.695,4,42
-1.4194,0.0918,2.0024,-414.451,-35.854,-29.939,4,42
-2.0410,-0.2290,1.7886,-496.890,-45.976,-28.963,4,42
-1.9331,-0.5259,2.2500,-557.195,-45.610,-47.927,4,42
-2.3291,-1.0811,2.0859,-572.744,-37.744,-68.598,4,42
-2.3701,-1.3740,1.9609,-536.463,-48.720,-87.683,4,42
-0.8979,-0.5391,-0.2456,0.610,-113.293,-22.927,3,42
-0.9111,-0.5684,-0.2095,-0.854,-113.110,-21.280,3,42
-0.9375,-0.5801,-0.1753,-2.988,-112.378,-20.000,3,42
-0.9624,-0.5947,-0.1343,-6.890,-111.463,-19.268,3,42
-0.9731,-0.6001,-0.1255,-11.829,-110.549,-18.293,3,42
-0.9834,-0.6265,-0.1353,-14.512,-109.207,-16.829,3,42
-0.9829,-0.6392,-0.1240,-15.671,-107.927,-15.305,3,42
-0.9824,-0.6377,-0.1255,-17.561,-106.707,-13.537,3,42
-1.0947,-0.1567,-0.0391,-83.049,-77.073,-5.610,3,42
-1.0435,-0.1475,-0.0625,-83.780,-73.598,-3.780,3,42
-1.0103,-0.1279,-0.0210,-86.037,-68.963,-1.098,3,42
-0.9814,-0.1323,0.0317,-88.902,-66.463,1.220,3,42
-0.9736,-0.1362,0.0596,-89.817,-65.183,3.476,3,42
-0.9668,-0.1167,0.0640,-87.195,-64.268,4.085,3,42
-0.9717,-0.0884,0.0615,-83.171,-61.829,4.390,3,42
-0.9912,-0.0742,0.0767,-79.390,-58.841,4.817,3,42
-3.1748,0.6870,1.6475,-8.598,-309.329,-485.427,4,42
-3.3940,0.9473,1.7959,59.085,-315.122,-459.329,4,42
-3.9429,0.5947,1.2188,122.012,-303.049,-431.159,4,42
-4.5918,-0.3711,0.0601,183.293,-251.768,-491.707,4,42
-6.8892,0.2759,-0.0933,467.439,-255.244,-567.073,4,42
-11.9385,4.4023,-4.0840,462.378,-309.024,-564.207,4,42
-14.9502,4.3188,-6.4614,132.195,-144.756,-617.500,4,42
-16.0000,5.6719,-6.5542,-660.244,537.378,-764.146,4,42
-1.0425,-0.0820,-0.0249,-33.902,-40.732,9.390,3,42
-1.0239,-0.1167,-0.0122,-29.268,-38.963,9.512,3,42
-0.9985,-0.1567,-0.0088,-25.366,-37.622,9.939,3,42
-0.9722,-0.1665,-0.0088,-20.732,-36.159,10.671,3,42
-0.9487,-0.1699,-0.0439,-15.854,-34.390,11.707,3,42
-0.9575,-0.1392,-0.0752,-11.037,-32.317,12.500,3,42
-0.9819,-0.1025,-0.0811,-7.988,-30.976,12.622,3,42
-1.0444,-0.0698,-0.0747,-6.341,-30.366,11.768,3,42
-1.1133,-0.0581,-0.0654,-5.915,-29.878,10.366,3,42
-1.1357,-0.0420,-0.0337,-7.805,-29.268,8.537,3,42
-1.1025,-0.0220,-0.0464,-10.854,-28.476,7.378,3,42
-1.0352,0.0161,-0.0991,-10.488,-25.671,7.683,3,42
-1.0195,0.0483,-0.1055,-7.134,-21.829,10.183,3,42
-1.1460,0.0566,0.0566,-9.024,-19.512,13.841,3,42
-1.2744,0.0381,0.1460,-18.476,-21.585,11.890,3,42
-1.3486,-0.0308,0.1143,-29.024,-22.988,6.098,3,42
-0.9253,2.9419,0.8853,-259.939,-235.915,-10.610,4,42
-0.7813,2.5376,1.0166,-345.915,-265.427,-7.622,4,42
0.0391,2.1870,0.6890,-444.512,-308.354,-1.402,4,42
0.9634,2.0767,0.1836,-517.500,-340.549,-22.317,4,42
1.6885,1.8511,-0.5732,-476.585,-364.390,-56.341,4,42
2.1343,1.5864,-1.5278,-379.268,-405.549,-91.098,4,42
2.2134,1.6367,-2.3281,-243.659,-463.232,-111.951,4,42
2.4731,2.6875,-4.1343,-108.720,-479.512,-105.854,4,42
-1.0566,0.4189,0.0063,-6.098,-8.293,0.915,3,42
-1.0601,0.5049,-0.0337,-2.622,-5.061,-0.183,3,42
-1.0542,0.5176,-0.0503,0.122,-3.171,0.305,3,42
-1.0313,0.4814,-0.0493,4.268,-2.134,0.427,3,42
-0.9927,0.4434,-0.0776,11.707,-1.463,0.366,3,42
-0.9541,0.4229,-0.1372,21.220,0.244,0.427,3,42
-0.9321,0.4219,-0.1704,31.220,2.805,0.305,3,42
-0.9224,0.4351,-0.1636,38.780,4.756,-0.366,3,42
-1.0024,1.0586,-0.1938,574.878,113.232,143.720,4,42
-1.1279,1.2622,-0.0146,623.902,128.598,136.768,4,42
-1.2432,1.5840,0.2295,629.024,130.549,132.439,4,42
-1.3242,1.7954,0.4019,601.280,120.183,136.829,4,42
-1.4424,1.8301,0.3989,558.780,101.585,148.171,4,42
-1.5581,1.6846,0.2104,520.793,79.878,161.646,4,42
-1.6992,1.3774,-0.1147,502.988,65.061,170.793,4,42
-1.9170,1.0386,-0.4204,509.268,64.329,176.098,4,42
-2.2651,0.7817,-0.5718,530.061,77.256,177.683,4,42
-2.6904,0.6416,-0.5889,543.598,96.829,181.341,4,42
-3.1387,0.4624,-0.6250,537.805,117.195,187.866,4,42
-3.4897,0.2676,-0.6904,516.524,138.476,194.878,4,42
-3.7119,0.0313,-0.7583,481.220,164.695,201.524,4,42
-3.7949,-0.2100,-0.9985,436.402,182.012,197.378,4,42
-3.6201,-0.4253,-1.0029,384.878,192.988,187.378,4,42
-3.3481,-0.4438,-1.0830,336.890,203.902,174.634,4,42
-2.1997,0.7324,-0.1904,184.817,271.402,215.488,4,42
-2.3188,0.7334,-0.0366,182.317,276.098,220.183,4,42
-2.4565,0.7085,0.0708,181.098,281.890,225.549,4,42
-2.6069,0.6597,0.1807,179.817,287.195,230.732,4,42
-2.7441,0.6128,0.3052,177.439,290.915,235.000,4,42
-2.8828,0.5659,0.3882,169.390,292.073,236.341,4,42
-2.9741,0.5190,0.4956,154.695,289.268,233.476,4,42
-2.9937,0.4370,0.5664,134.939,284.085,230.183,4,42
-1.0542,-0.2764,-0.0537,27.744,66.463,10.366,3,42
-1.0679,-0.2759,-0.0684,30.732,67.195,9.390,3,42
-1.0586,-0.2729,-0.0820,34.085,69.024,9.756,3,42
-1.0688,-0.2568,-0.0581,36.341,70.732,9.817,3,42
-1.0913,-0.2544,-0.0493,37.622,72.744,9.207,3,42
-1.1011,-0.2588,-0.0439,37.927,74.878,9.146,3,42
-1.1250,-0.2778,-0.0371,38.415,76.707,9.390,3,42
-1.1514,-0.3188,-0.0151,37.927,79.024,9.329,3,42
-2.5483,-0.4507,0.9370,17.256,173.537,236.951,4,42
-2.6001,-0.4341,0.9414,37.805,163.354,227.134,4,42
-2.6626,-0.1890,0.9141,66.951,160.671,230.183,4,42
-2.7295,-0.0142,0.7017,78.963,160.793,240.305,4,42
-2.8242,0.5576,-0.4263,107.256,179.878,226.220,4,42
-3.1929,7.3677,-7.7432,282.012,309.756,242.500,4,42
-3.1675,5.6826,-6.4019,271.768,243.720,365.427,4,42
-2.9302,2.6973,1.1406,176.159,99.329,285.488,4,42
-0.8467,-0.2729,-0.2290,-70.427,97.500,18.354,3,42
-0.8550,-0.2397,-0.2603,-69.817,97.195,19.085,3,42
-0.8799,-0.2007,-0.3262,-65.366,97.012,19.817,3,42
-0.8364,-0.1289,-0.3486,-61.646,96.951,19.756,3,42
-0.7227,-0.1587,-0.3516,-56.159,95.976,20.366,3,42
-0.5664,-0.1504,-0.4136,-48.537,94.878,21.707,3,42
-0.4351,-0.1616,-0.4302,-44.695,92.988,20.549,3,42
-0.4346,-0.1924,-0.4790,-40.610,90.671,19.146,3,42
-2.8320,-1.7197,-0.2798,-292.561,115.305,-142.195,4,42
-1.9434,-2.6836,-0.4624,-306.098,155.061,-125.244,4,42
-1.0273,-2.8418,-0.3813,-298.780,121.585,-99.634,4,42
-0.2515,-2.7534,0.3164,-256.524,79.756,-88.293,4,42
-0.1670,-2.8765,0.4824,-170.488,76.829,-115.427,4,42
1.5112,-2.1494,0.8623,-36.829,100.793,-186.890,4,42
1.9556,-1.3877,0.9146,123.780,170.000,-245.732,4,42
1.6694,-0.4536,1.7163,214.024,188.049,-266.524,4,42
-0.4390,0.2383,-0.7197,33.293,58.110,23.476,3,42
-0.4141,0.2578,-0.7144,35.976,55.976,23.598,3,42
-0.4077,0.2153,-0.7505,40.549,50.488,22.988,3,42
-0.4653,0.0132,-0.7251,45.976,43.598,18.598,3,42
-0.5356,-0.1001,-0.6831,46.707,38.780,16.037,3,42
-0.6470,-0.1899,-0.6626,45.305,34.146,14.573,3,42
-0.7705,-0.2593,-0.6299,43.354,30.061,12.988,3,42
-0.9009,-0.2866,-0.5820,40.671,25.854,12.256,3,42
-2.0977,-2.3008,1.4307,-166.524,-286.341,174.024,4,42
-3.0366,-1.7769,0.9038,-87.805,-369.695,160.488,4,42
-2.6904,-1.7944,0.3462,-9.329,-439.207,136.768,4,42
-2.7563,-2.7573,-5.0229,358.415,-231.646,119.268,4,42
-4.8672,-0.7261,0.2402,590.671,76.280,186.829,4,42
-5.5688,-0.1411,2.3911,305.488,61.159,172.073,4,42
-4.9219,-0.4092,1.9702,27.805,39.695,95.000,4,42
-3.9351,-1.3350,1.0552,-94.146,109.878,12.134,4,42
-0.8696,0.2363,-0.6416,12.988,-1.768,-4.512,3,42
-0.8057,0.2471,-0.6968,13.171,-5.976,-7.927,3,42
-0.7734,0.2739,-0.7153,14.207,-11.280,-11.037,3,42
-0.7471,0.3022,-0.7241,15.549,-15.732,-14.024,3,42
-0.7314,0.3350,-0.7412,17.012,-21.341,-17.134,3,42
-0.7188,0.3755,-0.7227,18.476,-26.098,-19.939,3,42
-0.7065,0.4160,-0.6807,19.756,-30.366,-22.012,3,42
-0.6875,0.4355,-0.6694,22.683,-34.939,-23.171,3,42
-2.6968,-3.3516,1.7778,-50.122,134.085,105.000,4,42
-2.7144,-3.2788,1.9946,-83.902,135.305,105.061,4,42
-2.8037,-3.2598,2.2480,-123.720,145.793,101.585,4,42
-2.9331,-3.2954,2.5156,-163.476,157.744,97.561,4,42
-3.0195,-3.3882,2.7632,-199.024,165.976,94.817,4,42
-2.9233,-3.4092,3.0361,-231.768,171.037,97.744,4,42
-2.9150,-3.5981,3.1909,-271.890,172.927,113.293,4,42
-2.8916,-3.9238,3.3423,-306.646,172.561,116.402,4,42
-2.7515,-4.1465,3.4468,-339.390,172.805,110.122,4,42
-2.4902,-4.3325,3.5283,-364.512,178.598,103.963,4,42
-2.2358,-4.4253,3.5361,-381.341,195.000,101.951,4,42
-2.0586,-4.3564,3.3867,-382.744,218.780,103.537,4,42
-1.8359,-3.9561,3.0024,-369.451,242.744,105.610,4,42
-1.7314,-3.3740,2.4092,-343.902,259.085,105.488,4,42
-1.5347,-2.7241,1.7720,-320.061,263.598,102.744,4,42
-1.5801,-2.3325,1.0806,-313.049,253.232,100.488,4,42
-0.8506,-0.2769,-0.3530,-7.439,-67.073,-36.037,3,42
-0.8804,-0.2754,-0.3350,-10.854,-67.195,-35.122,3,42
-0.9263,-0.2642,-0.3125,-14.695,-67.317,-34.634,3,42
-0.9688,-0.2622,-0.3032,-18.049,-67.683,-33.780,3,42
-0.9878,-0.2720,-0.2832,-21.463,-67.195,-32.622,3,42
-0.9893,-0.2886,-0.3037,-23.293,-67.256,-31.280,3,42
-0.9795,-0.3120,-0.3110,-24.756,-67.561,-29.939,3,42
-0.9663,-0.3262,-0.3271,-26.159,-67.378,-29.024,3,42
-0.9639,-0.3325,-0.3384,-28.049,-67.988,-28.293,3,42
-0.9492,-0.3242,-0.3545,-29.573,-68.902,-27.622,3,42
-0.9370,-0.2954,-0.3589,-31.890,-69.512,-26.524,3,42
-0.9321,-0.2622,-0.3706,-33.720,-70.488,-25.732,3,42
-0.9336,-0.2329,-0.3633,-35.000,-71.220,-24.329,3,42
-0.9482,-0.2212,-0.3667,-35.427,-71.402,-22.866,3,42
-0.9526,-0.2178,-0.3647,-34.512,-71.768,-21.280,3,42
-0.9561,-0.2310,-0.3525,-33.293,-71.585,-19.207,3,42
-0.7524,0.2271,2.2300,-371.890,-106.829,-201.524,4,42
-0.9185,-0.6074,2.4346,-483.293,-56.768,-196.646,4,42
-1.1177,-1.1479,2.7866,-586.098,-23.171,-198.049,4,42
-1.3081,-2.5479,3.1221,-658.232,-21.890,-216.524,4,42
-1.7588,-3.9292,2.8750,-670.854,-56.524,-245.122,4,42
-1.7588,-5.1758,2.1128,-585.305,-115.488,-308.354,4,42
-1.3315,-5.6084,1.0977,-417.317,-172.073,-388.598,4,42
-0.9404,-3.9780,0.7358,-260.305,-193.780,-459.695,4,42
-0.9224,-0.5166,-0.2139,-68.841,-67.988,-9.756,3,42
-0.9214,-0.5005,-0.1948,-73.963,-67.317,-9.024,3,42
-0.9092,-0.4746,-0.1743,-78.354,-66.768,-8.110,3,42
-0.9058,-0.4258,-0.1567,-83.049,-65.915,-7.073,3,42
-0.9121,-0.3799,-0.1123,-86.159,-64.329,-6.037,3,42
-0.9116,-0.3369,-0.0913,-86.524,-62.561,-5.122,3,42
-0.9072,-0.2900,-0.0825,-84.268,-61.463,-4.390,3,42
-0.9102,-0.2534,-0.0947,-80.305,-59.207,-3.963,3,42
-1.9551,-0.6719,1.9751,3.659,-164.146,-510.732,4,42
-2.0513,-0.4072,1.9438,16.829,-165.122,-525.610,4,42
-2.2158,-0.1030,1.9170,25.549,-171.890,-538.780,4,42
-2.3608,0.1885,1.8896,27.256,-184.573,-548.232,4,42
-2.5483,0.4702,1.8862,20.183,-202.439,-553.963,4,42
-2.6753,0.6821,1.8755,2.317,-223.415,-551.890,4,42
-2.6519,0.8159,1.9102,-20.427,-246.098,-542.073,4,42
-3.0068,1.0229,1.8521,-42.927,-268.902,-527.500,4,42
-1.0439,0.0635,-0.0620,-23.598,-39.329,-1.951,3,42
-1.0630,0.0464,-0.0737,-17.744,-36.707,-0.488,3,42
-1.0742,0.0254,-0.0786,-13.537,-34.634,0.427,3,42
-1.0820,0.0132,-0.1001,-10.000,-32.317,1.463,3,42
-1.0981,0.0049,-0.1060,-8.293,-30.244,2.683,3,42
-1.1089,-0.0078,-0.0986,-7.683,-28.354,3.171,3,42
-1.1416,-0.0068,-0.0840,-7.378,-26.585,4.207,3,42
-1.1514,-0.0225,-0.0742,-7.927,-24.390,4.817,3,42
-4.6475,2.1733,2.4590,67.378,-341.341,-439.939,4,42
-5.0776,2.8813,2.6611,141.159,-330.549,-412.256,4,42
-6.9834,0.7539,0.7505,246.220,-201.707,-520.976,4,42
-10.2813,0.1060,-0.4888,321.585,-194.878,-640.061,4,42
-13.9761,7.9893,-3.1782,-104.024,-370.976,-610.488,4,42
-16.0000,7.9268,-12.4360,-755.000,-28.902,-613.780,4,42
-16.0000,9.6079,-15.9849,-1242.988,552.805,-595.427,4,42
-10.7090,7.6846,-15.9590,-488.415,783.537,-612.561,4,42
-0.9639,-0.0112,-0.0996,4.146,-10.183,11.402,3,42
-0.9653,0.0234,-0.0933,7.439,-9.146,11.341,3,42
-0.9692,0.0513,-0.1016,11.280,-7.622,11.463,3,42
-0.9722,0.0762,-0.1333,15.671,-7.439,11.463,3,42
-0.9839,0.0610,-0.1660,20.000,-6.951,11.159,3,42
-1.0269,0.0054,-0.2031,24.695,-6.341,10.488,3,42
-1.0864,-0.0254,-0.2329,29.085,-6.524,8.841,3,42
-1.0654,-0.0830,-0.3003,30.976,-7.195,7.622,3,42
-0.9634,-0.1836,-0.4121,33.415,-6.829,8.720,3,42
-0.8237,-0.2231,-0.4375,38.598,-7.561,10.427,3,42
-0.7754,-0.1450,-0.3184,41.220,-8.354,10.793,3,42
-0.8384,0.0029,-0.1763,37.622,-9.451,9.085,3,42
-0.9854,0.1055,-0.1128,31.585,-10.610,6.890,3,42
-1.1230,0.1094,-0.1025,28.232,-9.817,5.671,3,42
-1.2085,0.0117,-0.1284,28.659,-8.780,6.585,3,42
-1.2402,-0.1206,-0.1792,31.341,-8.902,8.110,3,42
1.0605,3.4185,2.1118,-46.402,-273.476,-2.683,4,42
0.4707,3.1660,1.6475,-246.098,-291.646,20.427,4,42
-0.1914,2.6084,0.7720,-358.354,-351.585,44.146,4,42
-0.5620,1.7129,-0.5059,-417.561,-455.427,76.098,4,42
0.2817,0.1963,-2.5063,-438.110,-609.268,100.976,4,42
1.8750,-6.0908,-14.5225,12.012,-448.780,60.976,4,42
-0.6187,-0.3477,-7.3452,555.915,1.159,14.512,4,42
-0.9380,0.2051,-2.6538,355.366,125.122,-20.000,4,42
-2.9175,2.5884,-0.9805,265.671,34.756,54.268,4,42
-2.8584,2.9048,-0.4424,261.951,43.354,57.317,4,42
-2.6831,3.1284,-0.1729,281.829,51.524,58.598,4,42
-2.5176,3.3232,-0.1968,302.134,60.366,61.829,4,42
-2.2646,3.3574,-0.3442,313.171,70.122,49.207,4,42
-1.9463,3.4053,-0.4629,311.159,90.671,33.720,4,42
-1.6099,3.4424,-0.5596,299.146,113.902,17.195,4,42
-1.3340,3.4199,-0.5942,293.415,135.732,6.890,4,42
-1.0483,-0.2554,-0.0933,73.659,0.793,-8.110,3,42
-1.0420,-0.3281,-0.0933,72.622,1.768,-6.707,3,42
-1.0479,-0.3838,-0.0889,71.463,2.378,-5.549,3,42
-1.0449,-0.4121,-0.0786,68.598,3.232,-4.329,3,42
-1.0479,-0.4419,-0.0684,65.610,3.780,-3.354,3,42
-1.0581,-0.4580,-0.0488,61.768,4.756,-2.195,3,42
-1.0635,-0.4775,-0.0317,57.683,5.427,-1.159,3,42
-1.0518,-0.4966,-0.0254,54.451,5.915,0.427,3,42
-2.2661,0.2266,-1.0161,290.305,199.329,241.402,4,42
-2.3833,0.0195,-1.0015,267.500,202.927,249.390,4,42
-2.4839,-0.0542,-0.9429,252.622,206.524,244.024,4,42
-2.5986,-0.1392,-0.8867,239.024,209.024,228.841,4,42
-2.7158,-0.1694,-0.8013,225.793,211.280,202.683,4,42
-2.7539,-0.0425,-0.7007,204.329,213.476,174.817,4,42
-2.6680,0.1846,-0.6411,171.707,218.415,161.341,4,42
-2.5488,0.2803,-0.6289,140.549,227.378,163.415,4,42
-2.4404,0.3086,-0.6035,121.890,238.476,171.159,4,42
-2.3350,0.3472,-0.5298,114.024,246.829,180.244,4,42
-2.2324,0.4004,-0.4385,112.927,251.402,189.085,4,42
-2.1289,0.4546,-0.3081,113.902,253.171,196.646,4,42
-2.0483,0.4927,-0.2178,114.756,254.024,202.195,4,42
-1.9805,0.5215,-0.1226,115.122,254.512,205.976,4,42
-1.9497,0.5503,-0.0352,115.061,255.061,208.780,4,42
-1.9541,0.5669,0.0332,114.268,255.061,210.183,4,42
-2.0029,0.5718,0.1011,112.622,253.841,211.585,4,42
-2.0532,0.5659,0.1709,109.817,252.256,212.805,4,42
-2.1299,0.5371,0.2407,106.098,249.939,213.598,4,42
-2.2163,0.4941,0.2983,101.280,247.134,214.390,4,42
-2.2896,0.4517,0.3135,95.549,243.232,215.366,4,42
-2.3706,0.3945,0.3433,90.671,239.512,216.037,4,42
-2.4351,0.3306,0.3457,87.378,237.256,216.890,4,42
-2.4668,0.2720,0.3525,85.122,236.707,218.293,4,42
-2.4741,0.2173,0.3486,84.573,237.012,220.366,4,42
-2.4414,0.1650,0.3511,84.207,238.720,222.927,4,42
-2.4077,0.1230,0.3438,83.659,240.122,225.183,4,42
-2.3320,0.1079,0.3535,82.439,240.854,228.354,4,42
-2.2168,0.1045,0.3657,80.061,243.110,234.268,4,42
-2.2466,0.0542,0.3647,77.683,244.024,239.207,4,42
-2.2217,0.0254,0.3926,75.488,243.232,239.268,4,42
-2.2217,0.0034,0.4482,71.463,241.037,238.720,4,42
-2.2285,-0.0244,0.4937,65.061,238.902,235.061,4,42
-2.2119,-0.0649,0.5381,57.866,236.890,231.037,4,42
-2.2471,-0.0874,0.5840,52.073,234.085,229.207,4,42
-2.2236,-0.1143,0.6392,47.622,229.939,227.622,4,42
-2.1934,-0.1465,0.6865,42.073,227.683,225.244,4,42
-2.1719,-0.1792,0.7295,35.793,226.341,220.732,4,42
-2.1372,-0.2075,0.7710,28.049,228.049,215.610,4,42
-2.1738,-0.2373,0.8047,22.561,228.293,211.159,4,42
-2.2983,-0.2646,0.8408,23.841,222.073,213.232,4,42
-2.2603,-0.2642,0.8887,28.293,212.500,216.341,4,42
-2.2451,-0.3052,0.9463,28.659,205.366,216.829,4,42
-2.1660,-0.3018,0.9766,23.598,201.159,215.854,4,42
-2.1191,-0.3354,1.0356,15.915,200.305,213.963,4,42
-2.0957,-0.3462,1.0474,7.866,203.232,212.500,4,42
-2.0962,-0.3799,1.0625,2.866,203.902,212.012,4,42
-2.0947,-0.3892,1.0537,3.720,202.012,212.805,4,42
-1.1318,-0.3301,-0.0664,-65.366,87.317,18.354,3,42
-1.0825,-0.3052,-0.0938,-61.829,89.390,17.927,3,42
-1.0146,-0.2656,-0.1445,-57.378,91.890,16.402,3,42
-0.9370,-0.2124,-0.1748,-52.317,92.805,15.732,3,42
-0.8569,-0.1543,-0.2500,-47.500,93.476,15.122,3,42
-0.7925,-0.1113,-0.3242,-43.110,94.024,15.061,3,42
-0.7549,-0.0776,-0.3818,-38.537,94.024,14.939,3,42
-0.7349,-0.0610,-0.4209,-33.476,93.841,14.756,3,42
-0.7285,-0.0654,-0.4243,-30.122,93.293,14.817,3,42
-0.7354,-0.0708,-0.4253,-26.585,92.622,15.427,3,42
-0.7471,-0.0820,-0.4170,-23.415,91.890,15.976,3,42
-0.7588,-0.0757,-0.3975,-21.768,91.585,16.585,3,42
-0.7715,-0.0732,-0.3784,-21.159,91.341,17.134,3,42
-0.8081,-0.0791,-0.3638,-21.402,90.976,18.110,3,42
-0.9116,-0.1133,-0.3604,-22.561,90.000,19.390,3,42
-1.0444,-0.1377,-0.3477,-24.085,89.329,19.878,3,42
-1.0771,-0.1436,-0.3086,-25.427,90.854,20.061,3,42
-1.0786,-0.1577,-0.2163,-29.207,92.439,20.427,3,42
-0.9839,-0.2104,-0.1504,-30.427,94.634,21.220,3,42
-0.8408,-0.1992,-0.1758,-31.524,95.610,21.768,3,42
-0.7588,-0.1787,-0.2158,-35.061,95.854,21.463,3,42
-0.8262,-0.1572,-0.2827,-36.098,94.634,21.220,3,42
-0.9434,-0.1064,-0.4111,-34.695,93.476,21.585,3,42
-1.0210,-0.0625,-0.5244,-29.939,92.988,22.073,3,42
3.4727,-15.2813,6.9741,-128.537,-84.512,-28.659,4,42
3.6699,-10.1470,5.8984,634.939,-13.902,-137.500,4,42
2.4033,-4.8765,4.2085,1002.561,-24.695,-277.561,4,42
0.6382,-1.5376,4.8232,910.915,-84.207,-346.280,4,42
-0.7744,-0.1719,3.9248,601.098,-226.951,-355.366,4,42
-1.3467,0.0068,2.8125,185.183,-513.841,-285.183,4,42
-3.5225,-0.9351,2.6060,-256.646,-870.732,-158.659,4,42
-6.3779,-1.8398,0.5078,-602.012,-1247.927,-14.756,4,42
-0.7383,0.0796,-0.4922,-22.134,76.585,24.207,3,42
-0.6904,0.0874,-0.5767,-20.061,73.415,22.988,3,42
-0.6548,0.0566,-0.6392,-16.098,70.305,21.037,3,42
-0.6060,0.0259,-0.6816,-12.805,67.073,18.171,3,42
-0.5337,0.0352,-0.6865,-10.671,62.988,16.707,3,42
-0.5352,0.0229,-0.6909,-8.476,58.476,15.854,3,42
-0.6191,0.0210,-0.6650,-5.854,53.720,15.915,3,42
-0.7231,0.0435,-0.6558,-2.439,49.085,15.366,3,42
-1.0107,-3.2710,0.9146,-554.878,192.195,-133.537,4,42
-0.4155,-3.1958,0.1123,-350.854,160.122,-156.220,4,42
0.6348,-2.0332,0.3955,-51.220,147.012,-186.768,4,42
0.9541,-0.9482,1.4966,193.537,156.280,-198.049,4,42
0.5562,-0.5156,1.5034,347.012,213.963,-178.902,4,42
-0.0894,0.4834,1.9966,356.463,245.793,-130.427,4,42
-0.7998,0.8589,2.6313,282.439,255.122,-56.098,4,42
-1.6694,1.5303,3.1543,107.988,227.195,39.756,4,42
-0.6865,0.1836,-0.7217,3.232,-20.000,-23.963,3,42
-0.6943,0.1763,-0.7412,3.963,-25.000,-26.159,3,42
-0.6919,0.1909,-0.7261,5.000,-30.061,-28.415,3,42
-0.6763,0.1924,-0.7280,6.707,-35.915,-30.061,3,42
-0.6616,0.1602,-0.7446,8.963,-42.073,-31.463,3,42
-0.6802,0.1353,-0.7407,10.244,-48.537,-33.232,3,42
-0.7056,0.1333,-0.7344,11.159,-54.085,-34.573,3,42
-0.7290,0.1328,-0.7065,12.500,-59.146,-36.280,3,42
-0.7427,0.1318,-0.6738,14.878,-63.659,-38.110,3,42
-0.7554,0.1162,-0.6479,17.256,-67.866,-39.451,3,42
-0.7881,0.0933,-0.6152,19.695,-71.768,-40.732,3,42
-0.8169,0.0640,-0.5938,21.280,-74.695,-41.280,3,42
-0.8467,0.0054,-0.5718,22.866,-77.439,-41.951,3,42
-0.8682,-0.0610,-0.5435,23.780,-80.122,-42.378,3,42
-0.8799,-0.1313,-0.5063,23.780,-81.951,-42.683,3,42
-0.8555,-0.1895,-0.4761,22.622,-83.598,-42.622,3,42
-2.0581,-4.1709,3.6504,-432.439,149.573,65.854,4,42
-1.7534,-3.5405,3.2188,-391.341,163.537,59.329,4,42
-1.4873,-2.7861,2.5522,-353.110,167.805,55.854,4,42
-1.2803,-2.0830,1.8389,-330.366,152.744,54.390,4,42
-1.1831,-1.8091,1.1396,-326.524,106.341,57.134,4,42
-1.1636,-1.6294,0.4551,-353.841,12.012,71.098,4,42
-1.4775,-1.4136,0.2510,-420.671,-79.268,84.085,4,42
-1.8516,-1.3438,0.3647,-510.000,-106.524,90.000,4,42
0.2573,-1.0254,2.5396,-577.073,484.146,-141.951,4,42
-0.4956,-1.0796,1.7778,-618.537,482.744,-207.012,4,42
-1.1255,-1.2324,1.4619,-550.549,419.451,-271.341,4,42
-1.3076,-1.2588,1.6206,-374.756,325.793,-336.341,4,42
-1.5845,-0.5117,1.3911,-89.695,217.744,-394.817,4,42
-1.0059,-0.2070,2.5459,185.915,116.646,-429.268,4,42
-0.5718,0.8447,3.4321,331.341,13.232,-440.122,4,42
-0.3652,1.8628,4.1948,289.756,-67.134,-429.329,4,42
-0.3823,2.3179,4.1855,132.195,-137.500,-385.122,4,42
-0.4790,2.2554,3.9116,-60.061,-198.415,-319.085,4,42
-0.6406,1.6621,3.5327,-238.110,-246.098,-250.671,4,42
-0.9219,0.8872,3.2485,-377.378,-281.768,-200.549,4,42
-1.3071,0.0771,3.1860,-487.195,-312.622,-178.841,4,42
-1.7900,-0.8809,3.1455,-575.061,-342.988,-188.049,4,42
-2.2935,-1.8950,2.9131,-621.890,-381.707,-226.463,4,42
-2.6924,-3.3101,2.0742,-605.122,-420.915,-298.720,4,42
-3.8105,-0.3154,1.5801,-152.256,-198.415,-559.817,4,42
-3.9526,-0.3066,1.4946,-183.171,-197.256,-564.024,4,42
-4.0894,-0.3286,1.4023,-210.610,-195.122,-574.146,4,42
-4.1709,-0.2759,1.3447,-230.122,-194.329,-586.585,4,42
-4.2329,-0.2554,1.3306,-237.622,-193.110,-597.500,4,42
-4.2505,-0.2285,1.3232,-227.378,-192.805,-604.390,4,42
-4.3540,-0.2256,1.3555,-191.890,-196.646,-606.585,4,42
-4.3633,-0.1519,1.4150,-131.280,-205.976,-601.585,4,42
-0.9985,-0.3799,-0.0708,-29.939,-33.659,-3.963,3,42
-0.9883,-0.3701,-0.0732,-26.037,-32.378,-4.207,3,42
-0.9849,-0.3350,-0.0879,-21.829,-31.159,-4.024,3,42
-0.9834,-0.2896,-0.0933,-18.659,-29.817,-3.415,3,42
-0.9863,-0.2559,-0.1021,-16.341,-28.476,-3.110,3,42
-0.9980,-0.2334,-0.1162,-14.756,-27.500,-2.195,3,42
-1.0195,-0.2412,-0.1099,-14.512,-26.951,-1.829,3,42
-1.0352,-0.2676,-0.1050,-14.207,-26.280,-1.402,3,42
-1.0361,-0.3501,-0.0938,-12.439,-25.549,0.000,3,42
-1.0488,-0.3672,-0.1001,-11.341,-25.610,0.488,3,42
-1.0391,-0.4082,-0.1055,-10.122,-25.732,1.159,3,42
-1.0103,-0.4565,-0.1279,-9.512,-25.061,1.951,3,42
-0.9897,-0.4824,-0.1509,-8.537,-24.573,2.012,3,42
-0.9888,-0.4746,-0.1323,-7.378,-24.146,2.378,3,42
-1.0156,-0.4546,-0.0850,-6.768,-23.841,3.232,3,42
-1.0762,-0.4268,-0.0479,-7.317,-24.573,3.354,3,42
-1.1025,-0.3823,-0.0552,-9.634,-24.146,3.293,3,42
-1.0854,-0.3340,-0.1191,-13.963,-23.415,3.354,3,42
-1.0049,-0.2974,-0.2031,-18.171,-21.768,4.573,3,42
-0.9502,-0.2593,-0.2197,-20.122,-19.634,7.073,3,42
-0.9775,-0.1611,-0.1504,-21.585,-19.817,9.573,3,42
-1.0835,-0.0479,-0.0205,-26.463,-21.524,9.329,3,42
-1.1836,-0.0254,0.0698,-35.305,-23.110,7.012,3,42
-1.2373,-0.1304,0.0303,-42.195,-23.232,4.024,3,42
-1.9385,5.7021,2.1270,527.866,59.512,26.098,4,42
-1.8169,5.7354,2.0459,546.220,89.512,50.976,4,42
-1.6445,5.3750,1.6592,546.402,107.134,97.988,4,42
-1.4780,4.3105,0.9629,541.768,107.439,137.378,4,42
-1.3452,3.3208,0.2192,541.037,86.159,171.159,4,42
-0.8286,2.5435,-0.1680,538.110,61.037,218.354,4,42
-0.8984,1.8198,-0.5127,547.561,57.134,255.000,4,42
-0.9092,1.3071,-0.6025,573.293,77.195,274.939,4,42
-1.0640,0.9849,-0.4731,601.220,105.427,277.988,4,42
-1.2251,1.0791,-0.0088,592.622,127.256,280.122,4,42
-1.3550,1.2324,0.4683,541.220,137.866,286.463,4,42
-1.4126,1.2173,0.8208,476.646,139.390,295.244,4,42
-1.4800,1.1929,0.9185,423.110,135.427,304.939,4,42
-1.6055,0.9038,1.0059,392.134,132.439,312.866,4,42
-1.7471,0.6538,0.8940,377.683,125.183,319.573,4,42
-1.9692,0.2935,0.6528,369.024,112.439,324.146,4,42
-1.0576,-0.1641,-0.0806,88.598,-3.293,-18.110,3,42
-1.0503,-0.1333,-0.1030,86.159,-2.744,-17.195,3,42
-1.0469,-0.0869,-0.1152,84.207,-1.524,-17.256,3,42
-1.0513,-0.0317,-0.1265,82.317,-0.793,-17.256,3,42
-1.0522,0.0581,-0.1045,78.537,-0.427,-16.829,3,42
-1.0679,0.1519,-0.0986,71.646,0.183,-15.854,3,42
-1.0806,0.1909,-0.0869,62.988,1.220,-13.902,3,42
-1.0811,0.1577,-0.0957,54.329,2.683,-11.402,3,42
-2.4956,0.5024,-0.3325,207.439,145.366,265.854,4,42
-2.2271,0.5991,-0.2905,198.110,153.841,272.134,4,42
-2.0889,0.7031,-0.2075,196.524,162.256,278.171,4,42
-2.0513,0.8521,-0.2490,196.463,164.756,278.659,4,42
-1.9844,0.9634,-0.2412,196.402,163.232,271.951,4,42
-2.0190,0.9399,-0.0996,193.841,162.805,265.183,4,42
-2.0786,0.8711,-0.0220,188.963,164.512,261.402,4,42
-2.2095,0.8032,0.0542,181.098,166.768,258.963,4,42
-2.3628,0.7017,0.1509,169.329,170.488,256.463,4,42
-2.5195,0.5605,0.2583,155.061,174.390,257.744,4,42
-2.6489,0.4619,0.3130,141.098,177.744,260.610,4,42
-2.7686,0.3350,0.3242,129.451,180.244,266.707,4,42
-2.8408,0.2261,0.3247,125.122,181.524,270.488,4,42
-2.8853,0.1558,0.3315,125.366,181.037,274.573,4,42
-2.8740,0.1382,0.3438,128.476,179.573,277.439,4,42
-2.7988,0.1709,0.3691,131.951,178.232,280.122,4,42
-2.6792,0.2046,0.4043,131.646,178.415,283.049,4,42
-2.6235,0.2188,0.4478,128.415,180.793,284.268,4,42
-2.5728,0.2158,0.5078,127.988,179.634,286.890,4,42
-2.5195,0.2256,0.5488,126.280,176.280,289.207,4,42
-2.4644,0.2124,0.6006,119.207,171.707,289.451,4,42
-2.4194,0.1812,0.6050,108.171,165.976,288.659,4,42
-2.3735,0.1382,0.6187,93.841,160.488,285.610,4,42
-2.3535,0.0747,0.6074,76.829,154.573,281.341,4,42
-2.3433,0.0049,0.5703,58.354,148.537,276.402,4,42
-2.3618,-0.0864,0.5176,39.878,143.720,271.341,4,42
-2.3921,-0.1709,0.4375,23.171,138.902,266.585,4,42
-2.4253,-0.2534,0.3647,11.402,135.366,262.195,4,42
-2.4878,-0.3237,0.3076,7.134,132.561,260.061,4,42
-2.5420,-0.3667,0.2808,11.402,129.390,259.634,4,42
-2.5776,-0.3867,0.3027,23.232,124.939,260.061,4,42
-2.5322,-0.3521,0.3574,36.585,121.585,260.000,4,42
-2.4702,-0.2935,0.4634,47.439,120.915,258.049,4,42
-2.4790,-0.2803,0.5356,53.963,123.232,254.390,4,42
-2.5122,-0.3052,0.6855,77.622,115.427,251.280,4,42
-2.5718,-0.2036,0.8018,114.207,103.476,252.805,4,42
-2.5557,0.0439,0.8818,147.683,94.024,257.134,4,42
-2.4917,0.1709,1.0171,171.829,94.146,260.915,4,42
-2.3496,0.4204,1.0313,199.817,97.256,263.659,4,42
-2.5396,0.8755,1.0747,256.159,97.744,271.463,4,42
-3.0635,2.4761,0.7437,363.720,108.293,282.622,4,42
-4.6699,8.3950,-1.4805,581.829,178.415,370.122,4,42
-4.7417,11.1899,-0.7466,721.585,95.122,422.195,4,42
-3.8940,8.8525,2.7393,744.329,-45.366,308.659,4,42
-3.0347,3.0283,4.8447,506.951,-55.671,152.012,4,42
-2.9673,-1.7612,5.1982,108.354,-12.988,46.098,4,42
-2.3237,-4.9019,10.0181,-396.402,164.756,16.402,4,42
-3.1270,-12.1958,12.1631,-770.366,405.366,-6.524,4,42
-0.9297,-0.4067,-0.0562,-91.768,122.500,14.817,3,42
-0.8511,-0.4155,-0.2231,-90.610,124.695,14.634,3,42
-0.8096,-0.4165,-0.3428,-86.585,126.951,14.024,3,42
-0.8135,-0.3838,-0.3672,-83.598,128.415,12.439,3,42
-0.8970,-0.3267,-0.3394,-82.683,128.780,11.524,3,42
-0.9609,-0.2588,-0.2852,-84.085,128.293,11.829,3,42
-0.9614,-0.1934,-0.2646,-87.134,126.646,15.305,3,42
-0.8896,-0.1611,-0.3579,-87.134,123.780,20.122,3,42
-0.7822,-0.1099,-0.5049,-82.866,119.939,23.354,3,42
-0.7090,-0.0586,-0.5737,-81.341,116.768,23.537,3,42
-0.6855,-0.0762,-0.5986,-82.683,113.171,21.402,3,42
-0.6758,-0.1460,-0.5981,-84.024,109.024,20.183,3,42
-0.6650,-0.2012,-0.6045,-83.780,104.329,20.061,3,42
-0.6685,-0.2305,-0.6001,-82.866,100.244,21.402,3,42
-0.6958,-0.2300,-0.6084,-79.939,96.585,23.354,3,42
-0.7397,-0.1978,-0.5825,-75.915,93.476,24.756,3,42
-0.8081,-0.1514,-0.5522,-68.720,89.024,24.878,3,42
-0.8750,-0.1294,-0.5190,-62.500,86.951,24.695,3,42
-0.9165,-0.0908,-0.4751,-55.976,84.207,24.695,3,42
-0.9312,-0.0386,-0.4272,-48.841,82.195,25.061,3,42
-0.9316,-0.0020,-0.3994,-41.829,80.671,24.756,3,42
-0.9106,0.0298,-0.3916,-34.939,78.659,24.390,3,42
-0.8867,0.0444,-0.4155,-28.354,76.402,23.537,3,42
-0.8623,0.0381,-0.4805,-21.402,74.024,21.890,3,42
-2.9126,-3.0649,0.1011,-270.244,151.646,-10.854,4,42
-1.7681,-2.1255,0.3315,-285.976,140.061,-2.805,4,42
-1.0020,-2.5957,0.8706,-321.524,119.878,-0.793,4,42
-0.8613,-2.2915,0.8604,-320.000,110.793,0.732,4,42
-0.7231,-1.9653,1.4834,-301.646,87.683,-2.012,4,42
-0.6787,-1.8623,1.8062,-227.500,98.963,-24.390,4,42
-1.0522,-1.3643,0.9761,-38.598,143.354,-79.390,4,42
-1.1943,-0.7002,2.5718,165.915,170.610,-117.256,4,42
-1.7222,0.6274,2.9819,340.854,199.085,-87.256,4,42
-2.0591,1.3691,3.4775,414.817,197.439,-32.988,4,42
-2.4844,1.8989,3.8428,313.841,154.451,40.976,4,42
-2.3560,1.5923,3.5654,65.244,77.378,102.256,4,42
-2.1021,0.6680,2.7012,-205.305,-20.549,144.573,4,42
-2.0415,-0.4077,1.8208,-384.756,-126.646,162.622,4,42
-2.1548,-1.5947,1.0938,-437.805,-229.085,165.183,4,42
-1.9590,-6.0107,-4.2666,-157.378,-200.305,128.415,4,42
-0.8169,0.2637,-0.6328,3.537,15.793,-10.000,3,42
-0.8301,0.2656,-0.6597,3.293,10.488,-12.988,3,42
-0.8164,0.2588,-0.6787,3.780,5.427,-15.976,3,42
-0.8003,0.2661,-0.7046,5.305,-0.183,-18.354,3,42
-0.7754,0.2754,-0.7520,7.439,-6.341,-20.061,3,42
-0.7773,0.2358,-0.7949,9.329,-12.988,-22.500,3,42
-0.7622,0.1592,-0.8047,12.256,-18.902,-24.451,3,42
-0.7461,0.0942,-0.7837,15.488,-24.939,-26.646,3,42
-3.7051,-2.4219,1.6201,-127.561,243.354,52.073,4,42
-3.4214,-2.5601,1.5991,-113.537,243.476,62.561,4,42
-3.2729,-2.8032,1.6382,-98.171,230.549,76.341,4,42
-3.2534,-3.0986,1.7739,-84.390,211.707,89.939,4,42
-3.3311,-3.4082,2.0195,-78.171,191.037,100.427,4,42
-3.4712,-3.6694,2.2466,-85.915,171.159,106.220,4,42
-3.5938,-3.9604,2.4370,-103.171,153.720,108.171,4,42
-3.6597,-4.2114,2.5894,-126.341,142.073,109.451,4,42
-0.8125,-0.0566,-0.5625,19.695,-70.000,-34.817,3,42
-0.8350,-0.0518,-0.5269,18.963,-72.561,-34.878,3,42
-0.8584,-0.0601,-0.4795,17.561,-74.207,-34.878,3,42
-0.8833,-0.0713,-0.4419,15.732,-75.793,-35.122,3,42
-0.9072,-0.0825,-0.3960,13.841,-76.768,-34.512,3,42
-0.9150,-0.0991,-0.3633,12.012,-76.768,-34.390,3,42
-0.9277,-0.1162,-0.3457,10.732,-77.073,-34.146,3,42
-0.9404,-0.1450,-0.3203,9.756,-77.256,-33.841,3,42
-1.4248,-3.8501,2.7427,-363.476,178.110,115.732,4,42
-1.0903,-3.0728,2.1323,-296.524,192.866,110.183,4,42
-0.8701,-2.5371,1.6514,-249.634,199.756,106.098,4,42
-0.8130,-2.2559,1.2495,-222.256,205.244,104.207,4,42
-1.0054,-2.0635,0.2075,-215.610,185.732,97.561,4,42
-1.1836,-1.6250,-0.2134,-231.037,110.488,85.915,4,42
-1.6030,-1.1587,-0.0313,-286.159,86.524,73.963,4,42
-2.1167,-0.9302,-0.1724,-400.244,70.183,71.768,4,42
-0.9780,-0.3125,-0.2383,-6.220,-73.902,-26.524,3,42
-0.9443,-0.3120,-0.2637,-9.512,-74.451,-25.122,3,42
-0.9233,-0.3208,-0.2837,-12.134,-75.000,-24.451,3,42
-0.8936,-0.3213,-0.3032,-13.841,-75.427,-23.659,3,42
-0.8726,-0.3164,-0.3130,-14.146,-76.159,-22.500,3,42
-0.8506,-0.3154,-0.3354,-12.988,-76.951,-21.280,3,42
-0.8491,-0.3037,-0.3398,-10.244,-77.805,-19.573,3,42
-0.8618,-0.2881,-0.3335,-6.463,-78.476,-17.683,3,42
-0.1543,-0.9443,1.0205,-365.732,420.976,-196.098,4,42
-0.9253,-0.6328,0.6558,-355.366,380.732,-239.146,4,42
-1.3228,-0.2983,0.7974,-270.793,312.988,-273.354,4,42
-1.3379,0.3374,1.0938,-100.915,240.000,-301.524,4,42
-1.2749,0.3711,1.7090,114.268,169.634,-326.585,4,42
-0.8584,0.6431,2.8521,267.683,85.793,-338.598,4,42
-0.9043,1.4165,3.2456,315.305,59.329,-343.902,4,42
-0.6064,1.6157,4.0669,196.524,23.110,-356.341,4,42
-1.7461,-4.2505,1.2637,-507.988,-330.671,-426.220,4,42
-1.5381,-4.0205,0.7017,-351.159,-411.585,-451.280,4,42
-1.0200,-3.2300,0.2700,-213.415,-459.390,-474.207,4,42
-1.0991,-2.1362,-0.0503,-165.915,-427.439,-484.207,4,42
-1.6289,-1.6348,0.2422,-202.622,-350.854,-477.012,4,42
-2.1655,-1.6006,0.5752,-248.049,-272.317,-473.720,4,42
-2.6260,-1.6235,0.9019,-269.390,-200.427,-471.524,4,42
-2.8706,-1.7080,1.2441,-262.500,-143.049,-477.927,4,42
-3.5186,-0.0854,2.5791,-7.500,-111.524,-624.390,4,42
-3.7207,0.1421,2.6641,-23.293,-167.683,-573.232,4,42
-3.9404,0.3540,2.7568,-44.817,-222.988,-521.707,4,42
-4.1689,0.4922,2.7949,-73.537,-270.000,-482.744,4,42
-4.3281,0.5996,2.8643,-101.768,-298.354,-471.402,4,42
-4.5352,0.8115,2.9131,-119.756,-310.610,-484.451,4,42
-4.7129,1.0737,2.9761,-125.793,-311.098,-502.378,4,42
-4.8247,1.3911,3.1304,-117.073,-303.659,-509.939,4,42
-1.0430,-0.1860,0.0171,-1.159,-33.476,7.134,3,42
-1.0513,-0.2476,0.0205,0.366,-31.829,5.427,3,42
-1.0518,-0.2773,0.0532,2.805,-30.000,4.146,3,42
-1.0586,-0.2993,0.0601,5.732,-28.598,3.537,3,42
-1.0449,-0.3022,0.0527,8.841,-27.988,3.902,3,42
-1.0313,-0.3096,0.0083,10.732,-27.195,4.695,3,42
-1.0117,-0.3169,-0.0635,11.707,-26.463,5.976,3,42
-1.0015,-0.3433,-0.1318,14.268,-25.793,6.951,3,42
-0.9956,-0.3740,-0.1987,15.976,-25.366,7.439,3,42
-1.0000,-0.4009,-0.2246,15.793,-25.793,7.622,3,42
-1.0127,-0.4131,-0.2231,14.634,-25.976,7.683,3,42
-1.0195,-0.4341,-0.2188,12.256,-26.280,7.805,3,42
-1.0313,-0.4419,-0.1934,10.000,-25.732,8.598,3,42
-1.0332,-0.4243,-0.1597,6.402,-25.671,10.305,3,42
-1.0391,-0.3765,-0.1255,2.622,-25.122,12.622,3,42
-1.0396,-0.3091,-0.0757,-4.146,-24.390,15.549,3,42
-1.0547,-0.2559,-0.0063,-11.585,-24.207,18.171,3,42
-1.0991,-0.2373,0.0381,-19.695,-23.354,20.488,3,42
-1.1187,-0.2021,0.0449,-31.524,-22.927,21.585,3,42
-1.1138,-0.1895,0.0195,-35.305,-22.622,21.707,3,42
-1.0503,-0.1660,-0.0703,-42.927,-20.671,22.683,3,42
-1.0010,-0.1777,-0.1079,-49.451,-15.610,25.122,3,42
-1.0317,-0.1772,-0.0474,-50.549,-14.268,26.341,3,42
-1.0928,-0.1475,0.0503,-51.829,-15.976,25.122,3,42
-1.1284,-0.1079,0.1030,-55.122,-18.354,22.317,3,42
-1.1294,-0.1060,0.1001,-59.695,-19.085,18.720,3,42
-1.0942,-0.1626,0.0439,-62.683,-17.256,16.402,3,42
-1.0205,-0.2358,-0.0488,-62.500,-15.488,15.488,3,42
-0.9390,-0.2671,-0.1240,-58.110,-14.695,15.854,3,42
-0.8657,-0.2139,-0.1738,-50.488,-15.183,16.890,3,42
-0.8350,-0.0850,-0.1987,-42.744,-16.037,18.232,3,42
-0.8428,0.0762,-0.2300,-37.683,-17.134,18.415,3,42
-2.8564,4.3198,-0.9985,155.305,-3.841,-14.268,4,42
-3.1318,4.5649,-1.3281,108.537,-34.207,41.341,4,42
-2.9868,3.9854,-1.8335,69.878,-6.890,92.866,4,42
-2.7964,3.5996,-1.9385,92.622,56.890,103.537,4,42
-2.5903,3.6509,-1.5532,153.476,100.061,107.500,4,42
-2.2437,3.7979,-1.1138,232.866,113.659,114.085,4,42
-1.8887,3.8945,-0.7354,313.171,109.329,119.939,4,42
-1.6016,3.8457,-0.4531,382.561,102.317,122.317,4,42
-0.9951,0.1709,-0.0928,13.720,-31.829,-5.793,3,42
-0.9907,0.1714,-0.0879,17.012,-31.524,-6.524,3,42
-0.9917,0.1729,-0.0713,20.427,-30.976,-7.317,3,42
-0.9873,0.1714,-0.0723,23.415,-30.000,-8.415,3,42
-0.9966,0.1831,-0.0547,28.354,-29.146,-10.183,3,42
-0.9932,0.1724,-0.0386,31.646,-28.110,-12.012,3,42
-1.0034,0.1602,-0.0107,34.878,-27.378,-13.171,3,42
-0.9980,0.1387,-0.0063,38.171,-26.646,-14.695,3,42
-0.9907,0.0981,0.0010,40.732,-25.122,-15.793,3,42
-0.9893,0.0645,0.0015,44.207,-23.476,-16.524,3,42
-0.9902,0.0356,0.0112,47.561,-21.951,-17.561,3,42
-0.9941,0.0210,0.0098,51.037,-20.122,-18.232,3,42
-1.0093,0.0156,0.0210,53.780,-18.598,-18.841,3,42
-1.0190,0.0273,0.0078,55.061,-17.256,-18.902,3,42
-1.0371,0.0347,0.0088,54.207,-15.854,-19.268,3,42
-1.0498,0.0303,-0.0054,52.134,-14.695,-19.207,3,42
-1.0562,0.0039,-0.0210,49.268,-13.476,-19.146,3,42
-1.0659,-0.0356,-0.0322,46.280,-12.134,-18.598,3,42
-1.0728,-0.0903,-0.0342,43.598,-11.159,-18.232,3,42
-1.0806,-0.1470,-0.0244,41.098,-10.305,-17.866,3,42
-1.0859,-0.2021,-0.0303,38.537,-9.390,-17.134,3,42
-1.0986,-0.2432,-0.0103,36.280,-8.354,-16.220,3,42
-1.0977,-0.2710,0.0112,33.659,-7.195,-15.244,3,42
-1.1104,-0.2881,0.0190,30.915,-6.341,-13.963,3,42
-1.1138,-0.3018,0.0317,28.354,-4.939,-12.744,3,42
-1.1079,-0.3164,0.0352,25.915,-3.537,-11.463,3,42
-1.1074,-0.3145,0.0420,23.902,-1.402,-10.061,3,42
-1.0972,-0.3057,0.0493,23.476,1.098,-9.024,3,42
-1.0933,-0.2974,0.0659,23.598,3.537,-7.988,3,42
-1.0801,-0.2773,0.0703,25.000,6.707,-6.890,3,42
-1.0723,-0.2529,0.0840,25.488,9.390,-6.159,3,42
-1.0669,-0.2324,0.1016,26.707,12.683,-5.915,3,42
-1.0679,-0.2002,0.1104,26.707,15.610,-5.488,3,42
-1.0649,-0.1890,0.1338,26.585,18.232,-5.366,3,42
-1.0640,-0.1782,0.1357,25.305,21.280,-5.305,3,42
-1.0615,-0.1846,0.1553,25.183,24.024,-5.671,3,42
-1.0693,-0.1943,0.1494,24.268,28.780,-5.244,3,42
-1.0825,-0.1948,0.1621,23.293,31.890,-5.000,3,42
-1.0952,-0.1943,0.1738,21.037,34.878,-4.451,3,42
-1.1069,-0.2007,0.1772,17.378,37.683,-3.659,3,42
-2.0659,0.4155,0.3628,74.390,194.390,267.805,4,42
-2.1216,0.3457,0.3877,72.256,198.110,280.000,4,42
-2.2070,0.2681,0.4419,73.171,201.280,290.183,4,42
-2.2681,0.2222,0.4839,76.341,202.378,296.768,4,42
-2.2422,0.2690,0.5518,75.671,204.329,303.232,4,42
-2.2446,0.3047,0.5869,70.976,206.768,311.524,4,42
-2.3184,0.2739,0.6060,66.585,207.683,318.232,4,42
-2.3477,0.3125,0.6079,65.183,206.402,322.378,4,42
-2.3740,0.3203,0.6055,65.610,202.866,323.780,4,42
-2.4956,0.3169,0.5615,66.159,199.756,323.537,4,42
-2.4839,0.3569,0.5400,68.354,194.085,318.841,4,42
-2.5181,0.3706,0.5142,68.476,190.549,313.476,4,42
-2.5444,0.3765,0.4868,70.244,185.732,306.585,4,42
-2.5308,0.3794,0.4927,71.341,181.524,298.171,4,42
-2.4878,0.3813,0.5107,68.598,179.329,287.988,4,42
-2.4419,0.3706,0.5347,61.890,178.110,277.744,4,42
-2.3765,0.3340,0.5698,53.293,177.805,268.720,4,42
-2.2964,0.2827,0.6118,45.366,176.402,262.378,4,42
-2.2070,0.2358,0.6455,41.098,175.549,260.000,4,42
-2.1631,0.1987,0.6963,39.451,174.756,260.610,4,42
-2.0996,0.1782,0.7417,36.524,175.488,260.976,4,42
-2.1401,0.1440,0.8032,35.732,172.500,263.476,4,42
-2.1812,0.0933,0.8677,35.366,167.439,266.463,4,42
-2.2563,0.0142,0.8999,36.402,160.793,267.805,4,42
-1.1108,-0.4663,0.0205,-22.561,92.683,24.329,3,42
-1.1187,-0.4619,0.0171,-22.927,94.207,25.427,3,42
-1.1431,-0.4370,0.0273,-24.024,97.012,26.585,3,42
-1.1758,-0.3711,0.0630,-27.805,101.037,27.073,3,42
-1.1934,-0.3203,0.0781,-30.427,103.902,27.500,3,42
-1.1958,-0.2637,0.0747,-32.805,106.463,28.171,3,42
-1.1851,-0.1973,0.0601,-34.146,109.268,29.024,3,42
-1.1704,-0.1299,0.0254,-34.878,112.500,30.061,3,42
-1.9346,-0.3623,0.5049,94.024,140.427,235.244,4,42
-1.9497,-0.1411,0.5342,114.146,141.280,249.268,4,42
-1.9482,0.0332,0.4771,124.878,145.610,258.902,4,42
-1.9272,0.4756,0.3535,145.732,154.573,261.890,4,42
-2.3218,2.5464,-2.2856,251.585,242.500,265.854,4,42
-4.3633,10.4434,-7.6372,458.110,470.671,422.439,4,42
-3.1890,8.9883,1.3276,112.439,152.256,401.768,4,42
-1.9165,4.1118,4.5171,-51.585,22.195,200.732,4,42
-0.8638,-0.0229,-0.2197,-25.976,132.500,25.305,3,42
-0.9038,-0.0044,-0.3096,-21.951,131.951,24.634,3,42
-0.8833,-0.0356,-0.4136,-14.939,130.244,23.720,3,42
-0.7979,-0.0635,-0.5454,-5.488,129.634,22.683,3,42
-0.6572,-0.1123,-0.6494,2.622,129.207,21.402,3,42
-0.5229,-0.1895,-0.7207,9.390,128.415,19.512,3,42
-0.5029,-0.2197,-0.7490,13.415,126.098,17.378,3,42
-0.6182,-0.2397,-0.6973,11.890,122.195,16.524,3,42
1.5620,-5.6636,11.1255,-158.598,-283.171,435.061,4,42
2.1206,-9.3516,7.4292,-663.110,-199.817,282.866,4,42
2.7881,-12.6382,5.1606,-501.646,-79.634,260.976,4,42
1.7012,-13.9565,4.3291,309.573,48.110,285.915,4,42
1.2720,-9.8013,4.8623,1070.915,110.488,176.402,4,42
0.8833,-5.6289,4.9399,1256.463,50.122,-83.171,4,42
0.2095,-3.2637,5.4429,964.085,-112.012,-319.085,4,42
-0.8276,-1.8823,5.3364,515.061,-329.512,-419.756,4,42
-2.5840,-1.5215,4.1650,79.756,-611.707,-386.951,4,42
-4.2065,-1.7734,2.7256,-257.378,-950.366,-280.183,4,42
-5.9644,-1.0054,1.3438,-439.634,-1289.939,-128.293,4,42
-6.9541,-4.4014,-11.6753,-183.720,-1406.280,-39.512,4,42
-13.8135,5.7983,-5.5747,1520.976,-146.280,387.317,4,42
-15.3477,-0.4624,1.0610,205.061,-201.707,363.720,4,42
-8.8267,-1.2437,-0.3408,-307.195,-178.841,102.500,4,42
-5.4976,-1.5273,0.0186,-426.524,48.354,-42.317,4,42
-3.5469,-2.4429,1.4902,-612.500,123.598,-141.707,4,42
-2.5957,-3.0547,1.0273,-711.098,212.988,-214.512,4,42
-1.6909,-4.1079,0.0669,-760.000,236.707,-243.110,4,42
-1.0054,-4.7114,-0.2080,-714.817,193.537,-208.841,4,42
-0.7061,-4.0688,-0.0742,-537.561,120.854,-156.159,4,42
0.0098,-2.6655,0.1602,-206.159,91.220,-193.415,4,42
0.5610,-0.9990,1.2896,136.585,112.073,-248.841,4,42
0.3721,0.0142,1.6187,394.939,135.854,-263.720,4,42
-0.3364,2.0815,2.5996,631.585,170.610,-204.207,4,42
-0.8628,3.1069,3.4263,633.049,162.012,-117.439,4,42
-1.1226,3.3027,3.5020,354.756,82.500,-46.098,4,42
-0.9736,2.1016,3.5034,-77.988,-26.402,36.220,4,42
-1.1523,1.1602,2.9214,-437.500,-106.280,137.073,4,42
-1.3120,-0.9922,2.8530,-636.037,-167.866,180.366,4,42
-2.4331,-2.2905,1.4497,-689.146,-243.476,221.829,4,42
-2.4673,-6.2974,-3.3252,-418.598,-252.195,191.829,4,42
-0.9746,0.3760,-0.4785,-4.878,24.512,-3.049,3,42
-0.9570,0.4834,-0.5337,-4.085,21.402,-6.646,3,42
-0.9136,0.5498,-0.5952,-1.280,17.378,-10.671,3,42
-0.8535,0.5498,-0.6548,2.317,12.866,-15.183,3,42
-0.7930,0.5269,-0.7061,6.768,8.171,-19.634,3,42
-0.7349,0.4702,-0.7607,11.098,2.500,-24.329,3,42
-0.6890,0.4126,-0.7964,13.902,-3.415,-28.415,3,42
-0.6626,0.3496,-0.8062,15.915,-9.512,-32.256,3,42
-2.8906,-2.7686,1.6680,-323.902,255.915,15.000,4,42
-3.0366,-3.1577,1.7295,-272.256,255.610,43.902,4,42
-3.2144,-3.3286,1.7378,-191.463,234.756,84.634,4,42
-3.3594,-3.2939,1.6323,-103.598,197.622,126.098,4,42
-3.4707,-3.1733,1.4766,-29.024,155.061,151.585,4,42
-3.4951,-3.0845,1.3350,17.073,125.366,156.402,4,42
-3.5625,-3.0078,1.2793,29.024,119.329,147.622,4,42
-3.6572,-2.9248,1.3862,-2.256,130.915,129.573,4,42
-3.7363,-2.8677,1.5923,-76.585,151.768,106.951,4,42
-3.7100,-2.9395,1.7856,-175.183,173.171,85.488,4,42
-3.6284,-3.1880,1.9746,-271.098,190.732,71.768,4,42
-3.5386,-3.5269,2.2671,-350.671,201.402,65.366,4,42
-3.4351,-3.9453,2.5796,-414.207,201.280,66.707,4,42
-3.3027,-4.4473,2.8271,-456.098,192.134,73.110,4,42
-3.1172,-4.6680,2.8408,-469.085,177.134,84.146,4,42
-2.6914,-4.6123,2.9673,-467.256,153.598,98.293,4,42
-2.3896,-4.7969,3.0723,-468.293,138.232,130.427,4,42
-2.1646,-5.0386,3.3521,-469.817,126.951,154.329,4,42
-2.0093,-5.1792,3.5874,-477.622,121.402,170.061,4,42
-1.8140,-4.9448,3.5234,-472.439,127.622,169.756,4,42
-1.4951,-4.3721,3.2979,-447.378,144.146,155.976,4,42
-1.2188,-3.5986,2.8105,-409.695,164.817,137.439,4,42
-0.9819,-2.7822,2.3486,-368.354,178.354,115.732,4,42
-0.8193,-2.1650,1.8242,-335.915,182.927,94.207,4,42
-0.6187,-1.5972,1.1621,-335.671,135.366,65.305,4,42
-0.7134,-1.2231,0.9609,-362.500,75.061,47.805,4,42
-0.7871,-1.1191,1.0503,-392.317,29.268,27.378,4,42
-0.8350,-1.0874,1.2100,-429.939,6.524,10.244,4,42
-0.9224,-1.0972,1.3896,-454.573,-0.610,-0.610,4,42
-1.7842,-1.5400,1.6934,-566.829,-2.744,-27.805,4,42
-2.2046,-1.8857,1.8135,-636.524,7.439,-36.098,4,42
-2.4297,-2.5127,1.8721,-677.561,27.256,-68.963,4,42
-2.6416,-2.8608,1.6787,-666.829,48.841,-108.841,4,42
-2.3789,-2.7573,1.3848,-623.232,78.354,-149.146,4,42
-2.0889,-2.2656,1.1216,-553.293,99.390,-177.683,4,42
-1.5811,-1.6499,0.9370,-482.317,107.195,-187.866,4,42
-1.2441,-1.3477,0.8535,-418.293,98.110,-191.829,4,42
-1.0747,-1.2588,0.8042,-341.341,77.195,-205.793,4,42
-0.9668,-1.2056,0.9897,-240.854,58.476,-229.146,4,42
-0.9316,-1.3027,1.3975,-133.049,52.134,-254.573,4,42
-1.0293,-1.3643,1.8892,-47.378,61.402,-271.768,4,42
-0.9912,-1.3711,2.8799,-26.707,63.780,-292.927,4,42
-1.1167,-1.3789,3.3232,-47.134,88.720,-316.341,4,42
-1.3198,-1.3691,3.5283,-117.683,110.305,-335.610,4,42
-1.5894,-1.4526,3.5034,-202.012,114.024,-356.159,4,42
-1.7031,-1.6743,3.2573,-265.549,98.963,-375.671,4,42
-1.7129,-1.9634,2.9546,-294.939,68.171,-389.390,4,42
-1.6826,-2.2534,2.6372,-293.293,25.793,-396.829,4,42
-1.6191,-2.4570,2.3159,-268.415,-24.634,-400.976,4,42
-1.5640,-2.6040,1.9912,-229.695,-80.610,-406.341,4,42
-1.5371,-2.6333,1.6851,-181.646,-138.902,-413.171,4,42
-1.5503,-2.5879,1.4155,-129.512,-197.012,-425.854,4,42
-1.5913,-2.4863,1.2227,-81.402,-253.110,-443.720,4,42
-1.6387,-2.3662,0.9209,-50.366,-290.732,-467.744,4,42
-1.8892,-2.1680,0.6484,-48.049,-294.939,-496.098,4,42
-2.3735,-2.0498,0.2158,-63.293,-264.268,-518.232,4,42
-1.0469,-0.2964,0.0254,-108.780,-92.744,-8.415,3,42
-1.0630,-0.2993,0.0112,-115.915,-90.671,-8.293,3,42
-1.0605,-0.3008,0.0083,-119.573,-87.927,-8.415,3,42
-1.0718,-0.2793,0.0381,-121.220,-84.756,-8.659,3,42
-1.0742,-0.2710,0.0757,-122.012,-81.402,-8.841,3,42
-1.0806,-0.2520,0.0908,-120.366,-78.476,-8.476,3,42
-1.0791,-0.2476,0.1113,-117.439,-75.854,-8.659,3,42
-1.0898,-0.2485,0.1240,-111.159,-72.134,-8.476,3,42
-3.5786,-1.1279,1.6162,-143.902,-128.720,-566.707,4,42
-3.5186,-1.0894,1.6826,-171.951,-136.341,-588.293,4,42
-3.5576,-1.0308,1.7100,-199.024,-142.927,-613.354,4,42
-3.6855,-0.9756,1.7358,-222.256,-152.805,-634.390,4,42
-3.8257,-0.9854,1.7197,-239.329,-167.561,-646.463,4,42
-4.1035,-0.9663,1.6821,-239.268,-183.293,-652.134,4,42
-4.4297,-0.9038,1.6714,-219.634,-199.451,-641.280,4,42
-4.8208,-0.8501,1.7354,-173.293,-215.122,-610.122,4,42
-5.2813,-0.6592,1.9390,-95.183,-230.549,-557.988,4,42
-5.6821,-0.4663,2.2998,12.500,-240.549,-489.756,4,42
-5.9790,-0.0034,2.7974,139.207,-237.012,-425.183,4,42
-7.4180,-3.2051,0.2529,280.610,-115.000,-431.402,4,42
-9.7910,-3.8911,-0.1792,815.854,272.256,-865.427,4,42
-15.4170,-1.5166,-6.0732,958.963,406.646,-934.878,4,42
-15.9858,12.9458,-3.0244,-232.561,115.000,-353.476,4,42
-16.0000,6.5591,-4.5781,-1435.976,261.646,-202.561,4,42
-10.4087,9.6182,-1.9360,-1269.695,396.463,-380.610,4,42
5.8164,14.8516,-10.7471,-1167.683,275.671,-351.098,4,42
15.0361,15.9805,-14.0620,-1193.963,269.817,-162.195,4,42
6.7705,15.2847,-4.9775,-550.671,-12.378,-124.573,4,42
0.6431,15.9980,2.7827,-14.939,-279.329,-321.951,4,42
-4.1318,15.9995,8.0215,-116.585,-344.756,-370.610,4,42
-1.4854,15.9634,6.2231,-542.683,-224.817,-188.963,4,42
-1.2256,10.9736,1.0615,-586.951,-76.768,-105.122,4,42
0.1445,7.8540,-0.6416,-427.683,-114.390,-131.829,4,42
0.7817,6.8179,-0.6333,-291.585,-130.854,-161.890,4,42
0.7051,6.0405,-0.3691,-208.902,-105.915,-153.659,4,42
1.1650,5.0269,-0.7246,-109.939,-111.646,-121.159,4,42
0.7188,4.2241,-0.4229,29.573,-117.805,-110.427,4,42
0.2568,3.6157,0.1147,140.732,-116.037,-128.841,4,42
-0.1133,2.8291,0.8354,171.585,-112.073,-151.768,4,42
-0.3774,1.7471,1.5439,70.488,-109.634,-162.866,4,42
-1.1846,-0.3428,0.1230,-21.098,-34.451,15.793,3,42
-1.0791,-0.4434,0.0244,-19.207,-31.646,15.366,3,42
-0.9849,-0.4517,-0.0342,-9.085,-28.232,16.951,3,42
-0.9160,-0.3296,0.0142,-1.707,-26.220,19.329,3,42
-0.8945,-0.1499,0.0620,-5.366,-26.098,21.280,3,42
-0.9019,-0.0044,0.0288,-19.207,-28.110,22.500,3,42
-0.9292,0.1045,-0.0645,-37.012,-29.329,23.110,3,42
-0.9497,0.1577,-0.1602,-52.012,-29.939,22.561,3,42
-0.9707,0.1934,-0.2070,-62.317,-30.427,20.793,3,42
-0.9888,0.2139,-0.2104,-67.683,-30.366,18.049,3,42
-0.9824,0.2354,-0.2065,-68.415,-30.427,15.488,3,42
-0.9756,0.2798,-0.2183,-65.915,-30.244,13.659,3,42
-0.9609,0.3325,-0.2207,-61.220,-29.329,12.805,3,42
-0.9458,0.4072,-0.2227,-56.341,-28.293,12.500,3,42
-0.9590,0.5054,-0.1914,-51.463,-27.195,11.159,3,42
-0.9688,0.5830,-0.1421,-47.195,-26.646,8.963,3,42
-0.9717,3.9795,0.3477,183.780,107.073,17.561,4,42
-0.7651,3.7622,0.3574,118.659,97.195,25.976,4,42
-0.7070,3.5181,0.3022,77.195,81.707,37.134,4,42
-0.7578,3.1914,0.2588,69.695,58.232,44.146,4,42
-0.8311,2.9766,0.3843,93.049,31.341,45.549,4,42
-0.9126,2.8452,0.5747,131.524,5.427,44.085,4,42
-0.9946,2.8071,0.7705,174.756,-15.488,39.878,4,42
-1.0571,2.8594,0.9883,213.415,-28.415,36.098,4,42
-1.0928,2.9531,1.1973,249.634,-30.000,35.427,4,42
-1.1001,3.0527,1.3418,295.854,-17.317,41.280,4,42
-0.9463,3.0547,1.6973,363.354,1.585,59.390,4,42
-1.0732,3.6270,1.6699,466.707,38.232,86.280,4,42
-1.2856,4.6265,1.7695,565.732,65.122,105.915,4,42
-1.4644,5.7979,1.6621,620.671,71.524,110.976,4,42
-1.5190,6.7310,1.4009,599.878,50.549,105.671,4,42
-1.1743,6.6616,0.9155,527.012,17.927,117.012,4,42
-1.0732,0.0430,0.1479,79.085,12.500,-23.780,3,42
-1.0669,-0.0264,0.1226,84.512,15.000,-25.183,3,42
-1.0664,-0.0981,0.1035,89.329,17.256,-25.915,3,42
-1.0728,-0.1396,0.0957,92.622,18.902,-26.341,3,42
-1.0786,-0.1650,0.0928,92.622,20.427,-27.500,3,42
-1.0942,-0.2021,0.0742,88.780,21.524,-27.927,3,42
-1.1055,-0.2690,0.0630,82.805,22.256,-27.988,3,42
-1.1094,-0.3398,0.0542,76.341,23.049,-27.683,3,42
-1.1226,0.3208,-0.0938,-40.671,41.159,-2.439,3,42
-1.1265,0.1709,-0.1074,-41.037,42.317,-0.061,3,42
-1.1406,-0.1338,-0.0459,-34.817,45.427,1.463,3,42
-1.1255,-0.4082,0.0635,-22.744,47.073,-0.122,3,42
-1.0913,-0.6167,0.1509,-10.122,48.476,-2.866,3,42
-1.0396,-0.7886,0.1577,1.341,49.939,-4.573,3,42
-0.9878,-0.8818,0.0972,20.061,52.195,-3.963,3,42
-0.9780,-0.8130,0.0874,28.415,52.622,-2.622,3,42
-0.9971,-0.7261,0.0654,31.707,52.134,-1.707,3,42
-1.0435,-0.6597,0.0000,32.561,51.524,-0.671,3,42
-1.0776,-0.6235,-0.0747,33.293,51.463,-0.366,3,42
-1.0913,-0.5938,-0.1440,34.146,51.341,0.122,3,42
-1.0815,-0.5815,-0.1602,33.598,51.829,0.549,3,42
-1.0547,-0.5850,-0.1655,31.463,51.707,0.793,3,42
-0.9980,-0.5913,-0.1587,26.463,51.220,1.524,3,42
-0.9282,-0.6104,-0.1499,20.122,51.463,2.927,3,42
-2.8091,0.7773,0.4487,197.744,183.537,307.561,4,42
-2.8086,0.7026,0.4863,187.683,182.744,309.512,4,42
-2.7886,0.6089,0.5522,176.463,181.037,311.159,4,42
-2.7686,0.5176,0.5908,163.902,179.451,311.159,4,42
-2.7417,0.4048,0.6338,151.646,178.720,310.793,4,42
-2.7207,0.3018,0.6670,140.793,178.415,310.000,4,42
-2.6807,0.2031,0.7188,130.183,178.598,308.841,4,42
-2.6548,0.1113,0.7861,116.951,179.207,305.671,4,42
-1.1128,-0.3789,0.0796,54.390,72.073,12.805,3,42
-1.1006,-0.3628,0.1089,58.171,75.671,13.659,3,42
-1.1006,-0.3491,0.1602,61.463,78.902,14.573,3,42
-1.0938,-0.3359,0.1890,63.902,82.073,16.220,3,42
-1.0366,-0.3364,0.1758,69.207,86.280,18.537,3,42
-0.9893,-0.3564,0.1069,74.939,88.963,19.390,3,42
-0.9214,-0.3428,-0.0078,82.378,91.098,20.610,3,42
-0.8589,-0.2988,-0.1816,90.183,92.500,22.256,3,42
-1.8779,-1.1772,0.9102,63.476,79.512,216.646,4,42
-1.8569,-1.1729,0.8389,109.024,70.976,202.805,4,42
-1.8096,-1.0781,0.8174,154.146,66.646,193.780,4,42
-1.8052,-0.9541,0.8374,191.707,66.280,193.232,4,42
-1.8315,-0.8882,0.6777,229.573,72.439,195.061,4,42
-1.9404,-0.7310,0.7031,270.976,78.293,199.085,4,42
-2.1191,-0.5820,0.8853,306.890,78.293,205.854,4,42
-2.2397,-0.5317,0.8965,329.939,75.549,210.915,4,42
-2.4648,-0.2500,0.7148,378.415,102.744,215.732,4,42
-2.7656,0.0581,0.6211,430.915,135.366,226.098,4,42
-2.9419,0.3076,0.1963,477.500,165.732,233.537,4,42
-4.0635,2.6479,-3.7285,723.537,386.098,261.098,4,42
-6.3145,8.3315,-1.8799,811.646,490.610,431.220,4,42
-4.4888,5.8931,4.1528,348.232,59.207,415.244,4,42
-3.6919,2.6299,4.8970,47.378,-95.610,257.866,4,42
-2.0454,-0.7876,5.9092,-181.890,-152.439,123.659,4,42
-1.1709,-0.2183,-0.1084,44.024,93.293,32.012,3,42
-1.1460,-0.2134,-0.0620,38.902,95.183,32.073,3,42
-1.0811,-0.2178,-0.0474,32.561,96.585,32.378,3,42
-0.9683,-0.2764,-0.0962,29.268,97.866,32.195,3,42
-0.9014,-0.3071,-0.1787,26.585,98.537,30.732,3,42
-0.9023,-0.3320,-0.2363,22.378,97.439,29.146,3,42
-0.9390,-0.3081,-0.3027,20.061,96.037,29.146,3,42
-0.9312,-0.2529,-0.3892,16.890,95.122,29.939,3,42
0.4326,-8.2759,6.8447,104.207,-16.098,265.061,4,42
0.2964,-7.6890,5.6729,-126.585,120.183,235.976,4,42
-1.2090,-14.5669,8.2095,-166.768,286.463,239.512,4,42
-2.1616,-16.0000,8.2847,-104.695,410.854,160.061,4,42
-0.8745,-14.3350,6.4741,162.805,400.976,-47.317,4,42
0.4106,-8.5244,5.1934,486.524,204.268,-298.110,4,42
-0.1733,-3.8169,5.9795,605.366,-67.866,-445.915,4,42
-0.7734,-0.7661,6.0630,381.646,-357.134,-443.963,4,42
-0.8535,-0.0220,-0.5645,25.244,75.976,30.427,3,42
-0.8755,-0.0703,-0.6191,30.915,73.110,29.756,3,42
-0.8965,-0.0518,-0.5547,37.378,69.634,29.024,3,42
-0.9141,-0.0635,-0.5562,39.695,66.341,28.171,3,42
-0.9082,-0.1016,-0.4634,42.744,63.293,27.256,3,42
-0.8442,-0.1230,-0.5225,45.061,60.305,25.305,3,42
-0.8247,-0.1699,-0.5425,47.805,56.768,23.537,3,42
-0.7808,-0.1367,-0.5205,47.073,53.780,22.195,3,42
-3.8452,-1.7637,1.8491,-578.963,136.890,-81.098,4,42
-2.8052,-1.8472,1.2651,-562.378,169.024,-128.598,4,42
-1.9683,-2.6821,1.4731,-545.427,165.793,-157.622,4,42
-1.1348,-3.2949,1.1826,-482.378,160.610,-148.902,4,42
-0.1172,-3.2026,0.6807,-350.793,122.744,-88.780,4,42
0.4180,-2.6597,0.7510,-141.707,82.805,-30.000,4,42
0.5791,-2.0493,1.3394,113.659,83.841,-55.244,4,42
0.3721,-1.5488,1.8867,252.073,126.280,-59.146,4,42
-0.9282,-0.0259,-0.4429,12.012,28.963,4.878,3,42
-0.9116,-0.0825,-0.4360,7.073,24.756,0.549,3,42
-0.9282,-0.0737,-0.4385,-0.244,19.695,-0.610,3,42
-0.9326,-0.0747,-0.4819,-7.683,15.488,-2.256,3,42
-0.9297,-0.0723,-0.5283,-10.488,10.183,-5.366,3,42
-0.9224,-0.0469,-0.5288,-11.951,5.061,-8.963,3,42
-0.8999,-0.0171,-0.5464,-13.780,0.366,-11.341,3,42
-0.8638,0.0542,-0.6484,-15.427,-4.573,-13.537,3,42
-6.2246,-2.3418,1.1479,165.366,99.451,131.098,4,42
-7.2939,-2.5640,1.8013,1.585,56.707,147.439,4,42
-7.6675,-2.7051,1.8926,-77.561,117.134,160.122,4,42
-7.0029,-2.1729,2.3408,-200.488,143.049,160.549,4,42
-5.2109,-1.8784,2.3403,-296.890,157.805,124.146,4,42
-3.8008,-2.0386,2.4141,-354.451,179.817,87.683,4,42
-2.9736,-2.5122,2.5142,-405.488,200.732,59.634,4,42
-2.3921,-3.2466,2.7280,-450.854,217.195,37.317,4,42
-0.7817,-0.0239,-0.6470,-3.049,-53.171,-31.098,3,42
-0.8086,-0.0615,-0.6016,-2.134,-56.524,-31.585,3,42
-0.8369,-0.0830,-0.5596,-1.768,-59.512,-32.073,3,42
-0.8550,-0.1123,-0.5342,-1.341,-62.073,-32.256,3,42
-0.8721,-0.1406,-0.4912,-2.134,-64.268,-32.622,3,42
-0.8921,-0.1797,-0.4683,-3.598,-66.159,-32.439,3,42
-0.9126,-0.2041,-0.4185,-5.183,-67.317,-32.134,3,42
-0.9326,-0.2290,-0.3818,-6.829,-67.988,-31.829,3,42
-0.9336,-0.2480,-0.3613,-8.659,-68.841,-31.037,3,42
-0.9170,-0.2524,-0.3438,-9.878,-69.390,-30.183,3,42
-0.9243,-0.2349,-0.3457,-11.220,-70.305,-29.207,3,42
-0.9351,-0.2310,-0.3364,-12.561,-70.427,-28.110,3,42
-0.9507,-0.2412,-0.3203,-13.476,-70.671,-27.012,3,42
-0.9746,-0.2480,-0.3052,-13.780,-70.610,-26.463,3,42
-0.9810,-0.2578,-0.3027,-12.805,-70.976,-25.671,3,42
-0.9824,-0.2598,-0.3047,-11.646,-71.768,-24.573,3,42
-0.9727,-0.2783,-0.3301,-10.183,-72.012,-23.171,3,42
-0.9585,-0.3154,-0.3423,-7.866,-71.890,-21.646,3,42
-0.9600,-0.3525,-0.3433,-5.671,-71.890,-20.671,3,42
-0.9546,-0.3848,-0.3257,-4.512,-71.280,-19.817,3,42
-0.9375,-0.4189,-0.3062,-3.293,-70.915,-17.988,3,42
-0.9341,-0.4282,-0.3120,-1.037,-70.610,-15.793,3,42
-0.9370,-0.3984,-0.2964,0.488,-70.732,-13.720,3,42
-0.9492,-0.3462,-0.2778,0.671,-70.976,-12.195,3,42
-1.0425,-2.0586,1.0298,-534.756,169.817,-18.902,4,42
-0.7319,-1.6387,0.6230,-529.512,143.780,-40.488,4,42
-0.5391,-1.2017,0.2427,-526.585,99.756,-68.659,4,42
-0.4780,-0.6079,0.1958,-519.451,49.634,-91.341,4,42
-0.5630,-0.6006,0.4800,-463.963,22.317,-118.171,4,42
-0.3608,-0.5923,0.7412,-307.256,22.256,-177.500,4,42
-0.5640,-0.7061,0.2485,-41.098,55.549,-235.427,4,42
-0.4731,-1.1782,1.9131,234.329,94.939,-275.305,4,42
-0.9463,-0.4092,3.1211,415.366,136.829,-289.939,4,42
-1.4189,0.2461,4.1025,428.537,176.037,-306.951,4,42
-1.7031,0.6167,5.2637,257.012,196.524,-323.415,4,42
-2.0400,0.4282,5.4390,-12.500,200.793,-327.195,4,42
-1.7822,-0.3013,4.9219,-245.366,189.695,-319.024,4,42
-1.3828,-1.4238,4.3711,-409.146,167.439,-294.756,4,42
-1.0308,-2.4561,3.7773,-506.341,138.049,-276.707,4,42
-0.7329,-3.6343,3.0581,-531.280,94.634,-266.707,4,42
-0.5220,-4.7783,2.1382,-484.512,22.378,-266.220,4,42
-0.3350,-5.6274,1.2666,-362.073,-80.122,-272.622,4,42
-0.3193,-5.7729,0.6909,-179.146,-195.488,-296.829,4,42
-0.1958,-5.3999,0.6836,-15.854,-302.195,-340.854,4,42
0.1533,-4.5806,0.3857,51.829,-341.037,-406.646,4,42
-0.1855,-3.4624,-0.5581,-0.122,-275.244,-485.793,4,42
-0.9937,-2.8936,0.1655,-117.500,-199.207,-511.707,4,42
-1.6577,-2.8364,0.5474,-226.220,-122.378,-517.805,4,42
-2.0498,-2.8340,0.9463,-271.402,-69.878,-524.451,4,42
-1.5347,-2.8330,1.5288,-268.293,-44.512,-545.793,4,42
-2.4834,-3.0063,1.3647,-237.805,-49.390,-582.439,4,42
-2.1948,-2.8516,1.6689,-178.537,-57.744,-652.561,4,42
-2.3804,-2.6572,1.8042,-110.061,-72.866,-725.183,4,42
-2.5239,-2.2925,1.8311,-58.720,-99.695,-781.280,4,42
-2.7383,-1.9316,1.8906,-19.451,-136.098,-818.780,4,42
-2.9194,-1.6328,2.0610,7.317,-176.951,-835.549,4,42
-1.0420,-0.2002,0.0391,45.915,-29.512,9.878,3,42
-1.0483,-0.1948,0.0317,45.549,-28.598,10.061,3,42
-1.0513,-0.2080,0.0244,44.512,-26.463,10.549,3,42
-1.0498,-0.2480,-0.0024,41.890,-22.561,11.768,3,42
-1.0444,-0.2739,0.0151,40.793,-20.488,12.073,3,42
-1.0435,-0.3008,0.0176,40.366,-18.232,12.073,3,42
-1.0269,-0.3237,-0.0049,39.817,-17.012,11.890,3,42
-1.0303,-0.3428,-0.0249,39.024,-14.573,12.073,3,42
-7.3706,0.0200,1.3369,-229.817,-194.207,-563.720,4,42
-7.3940,0.2769,1.3003,-135.488,-154.085,-571.768,4,42
-7.1206,0.5747,1.4668,-10.549,-140.976,-561.220,4,42
-6.7988,0.9565,1.7749,133.171,-148.293,-533.537,4,42
-6.7466,1.7349,2.3755,300.488,-166.524,-491.707,4,42
-7.0552,3.1187,3.3354,501.463,-175.488,-451.098,4,42
-7.6611,4.9722,4.2456,704.207,-167.866,-404.268,4,42
-11.1323,1.7485,-0.0508,796.220,11.707,-623.171,4,42
-16.0000,6.4243,-0.8071,701.159,137.378,-1139.939,4,42
-16.0000,1.4214,-9.3945,-143.902,-97.073,-1044.695,4,42
-16.0000,4.4341,-14.4590,-1739.451,249.512,-434.817,4,42
-11.4307,9.9316,-9.4756,-1932.683,304.085,-608.720,4,42
7.7085,14.8228,-15.5288,-1190.488,272.622,-483.780,4,42
15.9727,15.9795,-15.8184,-814.146,82.622,-182.073,4,42
8.8618,15.9990,-7.2124,-236.585,-148.049,-274.573,4,42
-1.0166,15.9995,1.2744,333.110,-335.915,-497.012,4,42
-1.0513,0.1440,-0.0508,-8.415,-7.866,11.768,3,42
-1.2026,0.1909,-0.0107,-8.110,-5.732,11.463,3,42
-1.3809,0.2788,0.0298,-9.146,-4.451,9.390,3,42
-1.4126,0.3794,0.0200,-14.268,-4.695,7.988,3,42
-1.2192,0.2974,-0.1030,-20.427,-2.195,10.244,3,42
-0.9263,0.1079,-0.2495,-19.085,1.463,15.610,3,42
-0.8267,0.0586,-0.1763,-14.329,2.317,17.805,3,42
-0.9409,0.1250,0.0005,-15.610,2.195,14.085,3,42
-0.2480,3.3120,-1.5796,-182.500,-239.268,-2.927,4,42
-0.5894,2.6553,-1.3027,-184.451,-209.085,45.854,4,42
-0.6992,2.0015,-0.6792,-176.463,-160.793,71.463,4,42
-0.7041,1.4058,0.0063,-117.073,-106.159,72.439,4,42
-0.8042,1.2593,0.6045,25.854,-46.646,43.598,4,42
-1.0664,1.9893,0.3662,208.354,-22.317,2.195,4,42
-1.1943,2.5356,1.5117,385.610,6.037,-46.402,4,42
-1.1221,4.1831,1.1260,453.476,15.488,-93.780,4,42
-1.4312,3.6348,0.8936,119.146,28.354,138.476,4,42
-1.3755,3.6099,0.9814,152.744,38.171,133.415,4,42
-1.3838,3.5586,1.0508,188.171,49.451,130.366,4,42
-1.3701,3.4033,1.1807,232.744,63.720,127.256,4,42
-1.3740,3.1309,1.1416,292.805,86.098,119.451,4,42
-1.4507,2.9360,1.1016,368.720,112.744,96.951,4,42
-1.5249,2.9434,1.0356,437.317,129.451,82.378,4,42
-1.5425,2.9722,0.9141,482.683,133.841,86.220,4,42
-0.9243,-0.3271,-0.1885,-14.329,-23.537,-5.183,3,42
-0.9067,-0.3311,-0.1958,-14.817,-24.207,-4.512,3,42
-0.9111,-0.3184,-0.2056,-15.122,-24.695,-3.537,3,42
-0.9126,-0.3096,-0.2070,-14.939,-24.817,-2.988,3,42
-0.9258,-0.2822,-0.2139,-13.659,-25.244,-2.561,3,42
-0.9302,-0.2534,-0.2295,-11.646,-25.366,-1.463,3,42
-0.9429,-0.2173,-0.2207,-9.085,-25.122,-0.488,3,42
-0.9673,-0.1831,-0.2051,-6.159,-25.183,0.244,3,42
-1.1445,0.9023,0.9790,573.354,116.098,195.061,4,42
-1.2734,0.7524,0.9839,540.244,117.988,202.988,4,42
-1.4473,0.5239,0.8960,502.195,121.220,206.707,4,42
-1.5596,0.3472,0.7905,464.634,126.402,206.707,4,42
-1.7188,0.2021,0.5454,401.341,139.756,215.793,4,42
-1.8467,0.1055,0.4468,378.780,143.354,221.037,4,42
-2.1650,-0.1943,0.2256,340.549,143.720,222.195,4,42
-2.5483,-0.5259,0.0234,313.963,135.000,211.037,4,42
-2.9795,-0.8970,-0.2246,302.317,115.610,175.549,4,42
-3.1074,-0.8677,-0.2539,304.756,104.329,154.878,4,42
-3.0713,-0.6919,-0.1128,308.537,104.451,146.951,4,42
-2.8159,-0.4790,-0.4805,295.549,96.402,154.268,4,42
-2.4590,-0.3081,-0.3384,278.720,97.012,171.768,4,42
-2.0835,-0.2095,-0.1401,265.000,105.183,189.146,4,42
-1.7832,-0.0903,-0.0625,251.585,113.720,203.537,4,42
-1.5400,0.0005,-0.0244,236.646,118.659,213.293,4,42
-1.3433,0.0649,0.0244,222.744,123.110,219.390,4,42
-1.2368,0.1333,0.0264,210.244,126.098,222.317,4,42
-1.1953,0.2017,0.0405,199.817,126.768,222.195,4,42
-1.2227,0.2373,0.0488,191.829,126.585,220.732,4,42
-1.3154,0.2612,0.0708,184.939,125.427,218.780,4,42
-1.4507,0.2642,0.0986,178.415,123.963,216.768,4,42
-1.6050,0.2393,0.1177,172.500,122.744,214.146,4,42
-1.7827,0.1987,0.1597,167.500,121.463,211.341,4,42
-1.9761,0.1470,0.1934,162.744,120.366,208.354,4,42
-2.1587,0.0923,0.2500,157.683,119.573,204.939,4,42
-2.3306,0.0410,0.3105,150.549,118.537,200.793,4,42
-2.4766,-0.0029,0.3560,141.585,118.354,196.768,4,42
-2.5659,-0.0566,0.3940,131.037,119.085,192.317,4,42
-2.6313,-0.0903,0.4146,121.098,120.488,190.061,4,42
-2.6362,-0.1099,0.4053,115.305,124.207,190.793,4,42
-2.5962,-0.1113,0.3979,112.134,128.293,194.146,4,42
-1.0576,-0.3535,-0.0171,21.098,40.793,4.146,3,42
-1.0400,-0.3730,-0.0513,16.585,42.805,3.476,3,42
-1.0342,-0.3740,-0.0591,11.463,43.841,2.622,3,42
-1.0156,-0.3472,-0.0742,7.195,45.488,2.317,3,42
-1.0127,-0.3120,-0.0698,3.598,46.585,2.378,3,42
-1.0137,-0.2632,-0.0801,0.732,47.927,3.720,3,42
-1.0166,-0.2495,-0.0718,-2.012,48.902,5.000,3,42
-1.0244,-0.2339,-0.0522,-4.512,50.183,6.341,3,42
-2.0801,-0.1353,0.4937,87.622,145.671,205.000,4,42
-2.1035,-0.1748,0.4995,74.695,143.902,203.293,4,42
-2.1406,-0.2104,0.4956,62.195,142.012,202.195,4,42
-2.1797,-0.2568,0.4912,50.366,139.634,201.707,4,42
-2.1060,-0.2612,0.4668,40.732,139.695,202.805,4,42
-1.9780,-0.2646,0.4546,32.439,144.024,208.780,4,42
-2.0010,-0.2930,0.4648,25.549,148.354,215.854,4,42
-2.0166,-0.2988,0.4775,21.098,145.000,221.951,4,42
-2.0522,-0.3193,0.4849,18.537,139.695,229.024,4,42
-2.1309,-0.3359,0.5220,19.939,129.939,234.512,4,42
-2.2471,-0.3677,0.5352,22.622,119.085,236.159,4,42
-2.3750,-0.4048,0.5615,28.293,106.768,233.963,4,42
-2.4473,-0.4292,0.5972,37.988,94.512,229.756,4,42
-2.4883,-0.4746,0.6162,51.220,85.610,224.573,4,42
-2.4609,-0.4863,0.6221,66.098,83.049,217.317,4,42
-2.3730,-0.4941,0.6768,78.476,87.134,209.085,4,42
-0.8179,-0.2363,-0.3486,-16.098,106.341,0.183,3,42
-0.7993,-0.2017,-0.4141,-17.561,105.366,1.524,3,42
-0.7935,-0.1333,-0.4668,-18.902,104.939,3.293,3,42
-0.8101,-0.1001,-0.4648,-21.037,103.720,5.000,3,42
-0.8320,-0.1104,-0.4609,-23.476,102.195,5.793,3,42
-0.8721,-0.1509,-0.5059,-26.220,100.244,6.098,3,42
-0.9248,-0.1885,-0.4790,-29.817,98.476,6.646,3,42
-0.9209,-0.2124,-0.4102,-34.634,97.317,7.927,3,42
0.6265,-14.0820,3.2471,-633.476,-112.927,400.427,4,42
1.3760,-15.3057,3.4248,-249.207,-110.793,285.305,4,42
1.3408,-14.4624,5.1143,178.598,-4.390,169.451,4,42
1.6304,-9.6470,5.3481,472.256,150.305,24.390,4,42
2.2476,-5.3662,3.4482,564.024,193.232,-194.451,4,42
1.3633,-3.3994,2.6514,486.341,54.390,-362.073,4,42
-0.0020,-1.8423,3.0063,330.427,-87.195,-432.622,4,42
-0.3213,-0.7676,2.7036,170.610,-218.780,-437.744,4,42
-0.6548,-0.1450,-0.8408,-44.390,73.232,6.037,3,42
-0.6606,-0.1582,-0.7949,-40.183,69.512,4.939,3,42
-0.7031,-0.1807,-0.7578,-34.756,64.146,2.866,3,42
-0.7764,-0.1802,-0.7061,-31.768,58.780,4.146,3,42
-0.8457,-0.2051,-0.6353,-33.354,55.122,4.817,3,42
-0.8687,-0.2139,-0.5679,-35.915,52.012,3.841,3,42
-0.8838,-0.1841,-0.5024,-39.573,48.476,3.171,3,42
-0.9146,-0.1626,-0.4814,-43.171,45.732,2.012,3,42
-4.5425,-3.1924,0.3989,-438.537,178.780,-175.427,4,42
-3.2739,-3.2891,0.2573,-373.293,142.317,-147.317,4,42
-2.2681,-3.3423,0.4614,-294.756,95.976,-65.305,4,42
-1.6001,-2.7930,0.8301,-217.988,51.463,18.780,4,42
-1.0767,-2.1284,1.1226,-142.378,21.159,65.854,4,42
-0.6714,-1.4302,1.3066,-34.817,20.793,59.817,4,42
-0.6704,-0.5674,0.9067,76.402,20.244,20.549,4,42
-0.3081,-0.3730,1.7764,165.854,24.634,-27.256,4,42
-0.7988,-0.0283,-0.5635,-30.732,23.171,-14.268,3,42
-0.7759,-0.0669,-0.5986,-24.695,19.634,-16.463,3,42
-0.7803,-0.0820,-0.6211,-19.390,16.951,-18.415,3,42
-0.7783,-0.0508,-0.6367,-15.671,13.354,-20.183,3,42
-0.7466,-0.0137,-0.6685,-12.622,8.720,-21.951,3,42
-0.7075,0.0063,-0.7207,-11.220,3.902,-23.841,3,42
-0.6880,0.0142,-0.7764,-10.610,-1.585,-25.427,3,42
-0.6846,0.0391,-0.7876,-11.341,-7.988,-26.829,3,42
-6.7334,-3.5654,0.4976,-75.610,152.073,29.451,4,42
-7.5381,-3.7764,0.3711,-83.780,127.012,40.549,4,42
-6.8452,-3.0967,0.7944,-73.963,111.646,59.085,4,42
-5.5254,-2.8149,0.9053,-77.500,105.915,87.927,4,42
-4.1431,-2.8418,1.2236,-82.195,116.463,114.817,4,42
-3.1777,-3.0396,1.5000,-111.280,127.927,123.415,4,42
-2.5176,-3.3564,1.6274,-146.463,142.622,116.341,4,42
-2.0986,-3.6523,1.7808,-184.207,158.049,103.720,4,42
-1.7695,-3.7007,2.0913,-239.146,163.841,101.585,4,42
-1.9473,-4.1431,2.2627,-318.963,160.366,127.561,4,42
-2.3184,-4.9038,2.2983,-374.390,150.671,139.390,4,42
-2.5435,-5.4385,2.2305,-391.280,135.549,136.341,4,42
-2.5557,-5.5000,2.1904,-373.963,114.024,127.561,4,42
-2.4028,-5.2471,2.3936,-356.951,86.585,121.159,4,42
-2.2461,-5.0195,2.7485,-365.732,59.817,118.537,4,42
-2.1230,-4.9058,3.0820,-400.610,38.110,116.585,4,42
-2.0513,-4.7168,3.2080,-446.280,22.073,114.024,4,42
-1.9087,-4.2744,2.9756,-473.659,8.232,106.585,4,42
-1.6069,-3.6289,2.4595,-456.829,-0.854,98.232,4,42
-1.2681,-3.0273,1.8594,-385.976,1.220,87.073,4,42
-1.0439,-2.6025,1.3228,-275.061,15.732,72.195,4,42
-1.0068,-2.2925,0.8218,-168.659,23.720,54.573,4,42
-1.1167,-1.2939,0.5420,-123.598,4.512,48.659,4,42
-1.2974,-0.4321,0.3433,-164.512,-32.988,62.927,4,42
-1.3262,-0.2666,0.2358,-246.280,-52.622,75.732,4,42
-1.4976,-0.3735,0.6445,-339.146,-35.366,68.963,4,42
-1.5142,-0.7388,1.2334,-446.951,-6.280,36.768,4,42
-1.5806,-1.1724,1.7847,-568.354,19.817,-10.915,4,42
-1.8838,-1.5654,2.0093,-694.268,37.500,-62.805,4,42
-2.2266,-2.5610,1.9468,-802.317,39.207,-124.695,4,42
-2.6392,-3.0981,1.6377,-850.732,49.573,-165.976,4,42
-2.6382,-3.4648,1.2476,-808.476,63.537,-195.854,4,42
-0.8960,-0.4038,-0.3115,1.098,-96.646,-13.415,3,42
-0.8911,-0.4053,-0.2993,1.402,-95.793,-11.768,3,42
-0.8867,-0.4023,-0.2896,2.622,-95.000,-9.024,3,42
-0.8857,-0.4048,-0.2773,4.085,-94.268,-6.341,3,42
-0.8931,-0.3804,-0.2505,6.951,-93.415,-4.207,3,42
-0.9199,-0.3472,-0.2070,12.073,-90.915,-1.585,3,42
-0.9355,-0.3149,-0.1943,16.768,-88.476,-0.122,3,42
-0.9443,-0.2837,-0.1812,22.744,-86.159,0.915,3,42
-0.8696,-0.3555,0.4551,336.707,-117.805,-165.000,4,42
-0.7217,0.1021,1.6108,446.707,-88.049,-180.549,4,42
-1.1123,0.7378,1.6904,411.524,-45.061,-177.378,4,42
-1.3931,0.5996,2.4229,271.341,0.366,-191.402,4,42
-1.6396,0.0386,2.9385,76.341,32.256,-229.268,4,42
-1.6172,-0.1636,3.2363,-126.159,63.659,-271.951,4,42
-1.7378,-0.5283,3.2563,-307.622,86.402,-293.902,4,42
-1.9194,-0.8213,3.0420,-432.256,92.439,-314.634,4,42
-1.0508,-0.2651,-0.0347,72.561,-60.305,3.659,3,42
-1.0400,-0.2510,-0.0532,74.207,-58.415,4.024,3,42
-1.0381,-0.2383,-0.0557,74.573,-55.610,3.841,3,42
-1.0215,-0.2241,-0.0547,74.451,-53.049,3.354,3,42
-1.0205,-0.2056,-0.0693,74.146,-50.549,2.439,3,42
-1.0059,-0.1802,-0.0801,73.537,-47.927,2.012,3,42
-1.0024,-0.1489,-0.0620,73.415,-45.061,1.768,3,42
-0.9956,-0.1167,-0.0479,72.134,-42.988,1.341,3,42
-0.9897,-0.0859,-0.0366,69.512,-41.280,0.915,3,42
-0.9785,-0.0630,-0.0522,66.768,-39.634,1.280,3,42
-0.9810,-0.0464,-0.0801,64.756,-37.927,1.768,3,42
-0.9941,-0.0327,-0.0913,61.951,-35.000,2.439,3,42
-1.0103,-0.0103,-0.0864,59.146,-33.293,2.317,3,42
-1.0249,-0.0034,-0.0674,54.878,-31.768,1.585,3,42
-1.0293,-0.0103,-0.0645,49.695,-30.122,1.159,3,42
-1.0273,-0.0342,-0.0776,45.732,-29.085,0.610,3,42
-1.0127,-0.0693,-0.1021,43.293,-27.561,0.793,3,42
-0.9990,-0.0889,-0.1401,41.646,-26.402,0.854,3,42
-0.9873,-0.1206,-0.1538,39.390,-25.366,1.463,3,42
-0.9771,-0.1328,-0.1567,36.402,-24.329,0.915,3,42
-0.9780,-0.1685,-0.1582,30.976,-22.866,0.549,3,42
-0.9785,-0.1919,-0.1396,27.805,-22.195,0.000,3,42
-0.9873,-0.2158,-0.1196,24.756,-21.524,-0.610,3,42
-1.0049,-0.2349,-0.0991,21.707,-20.976,-0.915,3,42
-5.3169,1.4390,1.8623,256.585,-302.683,-401.159,4,42
-6.0420,-2.4961,-0.1987,520.244,-31.098,-519.085,4,42
-10.6787,-1.0786,0.8652,638.415,393.415,-727.500,4,42
-16.0000,5.7915,-0.2437,51.524,224.756,-627.988,4,42
-16.0000,12.5913,-1.0757,-1083.049,30.976,-388.598,4,42
-14.5562,5.3071,-6.1860,-1998.049,198.171,-411.768,4,42
-7.6245,5.8496,-9.0918,-1992.073,293.110,-560.549,4,42
5.2368,9.9722,-16.0000,-1454.939,88.354,-437.805,4,42
-1.0122,-0.4238,-0.1279,-19.024,-24.390,12.866,3,42
-1.0186,-0.3481,-0.1245,-19.146,-23.841,14.024,3,42
-1.0386,-0.2607,-0.1118,-19.878,-23.415,14.451,3,42
-1.0625,-0.1812,-0.0933,-21.890,-22.683,14.695,3,42
-1.0898,-0.1133,-0.0557,-23.902,-21.829,14.695,3,42
-1.1245,-0.0537,-0.0220,-25.976,-21.341,14.756,3,42
-1.1377,0.0059,-0.0376,-28.354,-20.549,14.146,3,42
-1.1113,0.0601,-0.1016,-32.561,-19.939,14.024,3,42
-1.0288,0.0718,-0.1909,-37.378,-18.232,14.817,3,42
-0.9712,0.0396,-0.2314,-40.122,-15.610,16.341,3,42
-0.9683,0.0210,-0.1699,-40.915,-13.476,17.256,3,42
-1.0342,0.0596,-0.0283,-42.500,-15.000,16.402,3,42
-1.1040,0.1084,0.0728,-51.707,-17.927,11.890,3,42
-1.1094,0.0698,0.0088,-58.659,-17.256,9.024,3,42
-1.0752,-0.0264,-0.1133,-62.805,-14.573,7.256,3,42
-0.9995,-0.1079,-0.2056,-62.927,-13.476,5.732,3,42
0.0610,3.9282,-0.7485,295.793,-10.183,97.866,4,42
-0.2383,4.4116,-0.1807,461.524,61.463,175.244,4,42
-0.3804,3.6001,-0.1592,525.366,113.171,188.780,4,42
-0.9771,1.1855,-1.0728,367.622,115.000,122.500,4,42
-1.1147,-0.1045,-2.4824,83.354,68.293,56.768,4,42
-1.6123,0.5342,-5.0200,-135.488,37.439,2.195,4,42
-0.8711,1.2920,-4.4370,-261.768,-15.915,-14.634,4,42
-1.0537,2.2388,-2.8672,-215.793,-23.720,15.366,4,42
-1.4141,2.9194,-1.3936,-120.305,-5.854,45.610,4,42
-1.7930,3.3145,-0.5928,-42.317,27.988,68.537,4,42
-2.1675,3.5371,-0.2119,16.280,59.329,79.756,4,42
-2.4497,3.5391,0.1421,63.415,70.427,86.220,4,42
-2.2402,3.3574,0.4561,75.427,73.232,90.549,4,42
-2.2461,3.3066,0.5425,100.183,68.841,106.829,4,42
-2.1587,3.4263,0.5947,108.110,53.720,126.037,4,42
-2.0903,3.5532,0.7607,113.415,37.622,147.195,4,42
-2.0205,3.6475,0.9087,129.329,27.195,167.744,4,42
-2.0034,3.6851,1.0718,164.573,26.768,185.488,4,42
-2.0029,3.7227,1.2139,214.390,37.317,199.329,4,42
-2.0640,3.7744,1.4077,267.378,57.256,205.854,4,42
-2.1704,3.8296,1.6279,313.659,83.110,201.037,4,42
-2.2710,3.8916,1.8950,349.695,111.463,185.793,4,42
-2.3428,3.8867,2.1001,379.817,137.866,167.561,4,42
-2.3159,3.7930,2.1484,406.402,159.573,154.085,4,42
-2.2002,3.5903,1.9849,427.988,174.268,146.829,4,42
-1.9463,3.1826,1.5679,445.000,181.585,145.488,4,42
-1.6265,2.5952,1.0068,466.890,183.598,154.573,4,42
-1.3335,2.0171,0.4644,500.549,183.780,173.354,4,42
-1.1309,1.5527,0.1577,541.768,187.073,197.622,4,42
-1.0601,1.2393,0.1592,577.622,195.732,222.744,4,42
-1.1182,1.0737,0.3989,593.841,204.817,242.805,4,42
-1.2407,1.0005,0.7217,584.512,206.646,254.756,4,42
-0.9829,-0.1030,-0.1509,43.171,-19.268,-4.573,3,42
-0.9932,-0.1094,-0.1470,42.927,-18.720,-3.841,3,42
-1.0005,-0.0981,-0.1460,42.866,-18.780,-3.293,3,42
-1.0112,-0.1001,-0.1528,42.134,-18.780,-2.256,3,42
-1.0132,-0.0918,-0.1514,41.159,-18.232,-1.829,3,42
-1.0161,-0.0830,-0.1455,40.427,-17.866,-0.793,3,42
-1.0098,-0.0747,-0.1255,38.963,-17.195,-0.549,3,42
-1.0225,-0.0713,-0.0977,37.195,-16.402,-0.427,3,42
-1.6577,0.1992,-0.1240,116.585,63.110,258.293,4,42
-1.5596,0.3623,-0.0664,100.610,63.659,270.854,4,42
-1.5249,0.5059,-0.0264,83.720,61.524,277.744,4,42
-1.5518,0.6016,-0.0039,66.951,58.841,278.110,4,42
-1.6240,0.6045,0.0205,52.683,56.707,274.573,4,42
-1.7476,0.5278,0.0459,42.988,56.220,269.695,4,42
-1.8789,0.4946,0.0405,39.085,56.037,265.000,4,42
-2.0728,0.4292,0.0454,40.671,55.732,258.476,4,42
-2.5024,-0.4009,0.2612,83.476,69.268,262.317,4,42
-2.4116,-0.4507,0.2407,98.598,74.329,276.524,4,42
-2.3896,-0.4458,0.2427,112.622,75.244,290.732,4,42
-2.3579,-0.4712,0.2334,128.537,79.024,305.549,4,42
-2.3423,-0.4678,0.2314,142.561,82.378,320.915,4,42
-2.3345,-0.4541,0.2358,152.866,84.634,333.537,4,42
-2.3203,-0.4370,0.2207,159.695,86.585,342.683,4,42
-2.3262,-0.4023,0.2295,162.927,88.841,348.537,4,42
-2.3701,-0.3740,0.2607,160.183,90.305,347.927,4,42
-2.3818,-0.3301,0.2754,149.024,92.988,343.780,4,42
-2.3359,-0.2568,0.2866,130.610,97.927,338.659,4,42
-2.1582,-0.1113,0.3311,101.951,107.012,337.500,4,42
-2.1177,-0.0566,0.3667,63.049,117.256,338.720,4,42
-2.0693,-0.0474,0.3755,26.585,118.598,340.000,4,42
-1.9707,-0.0054,0.3921,-6.707,115.610,344.146,4,42
-1.9858,-0.0220,0.3750,-35.976,108.902,351.707,4,42
-4.0879,-0.6157,0.4829,110.000,118.780,311.463,4,42
-4.2505,-0.6626,0.6509,164.695,153.963,290.610,4,42
-4.2979,-0.4702,0.8018,210.793,182.012,282.256,4,42
-4.1343,-0.2222,0.6265,237.073,239.085,286.037,4,42
-3.9131,0.1558,0.5068,266.707,325.366,302.988,4,42
-3.4731,1.6143,-1.4268,295.244,472.866,322.378,4,42
-6.5996,8.5693,-9.0820,219.878,734.573,396.890,4,42
-5.4111,5.6333,2.4087,219.207,335.549,491.402,4,42
-0.9951,-0.1519,0.0518,-52.683,111.280,20.671,3,42
-0.9858,-0.1099,-0.0518,-45.854,112.927,20.854,3,42
-1.0107,-0.0503,-0.1460,-38.902,114.573,20.976,3,42
-0.9995,-0.0024,-0.2319,-30.488,114.634,20.061,3,42
-0.8862,-0.0020,-0.3071,-20.793,115.549,18.415,3,42
-0.7451,-0.0400,-0.4038,-10.488,115.671,15.549,3,42
-0.5840,-0.1548,-0.5391,1.890,114.268,12.012,3,42
-0.4927,-0.2808,-0.7295,15.488,111.463,7.622,3,42
0.0654,-10.8550,7.1782,880.427,-100.305,675.915,4,42
0.2778,-13.4287,8.5674,133.720,-228.537,658.841,4,42
3.9346,-11.9487,1.0547,-63.476,-218.293,576.585,4,42
2.6812,-11.6919,4.1709,274.146,13.049,491.768,4,42
1.1543,-16.0000,8.9321,178.293,118.659,538.841,4,42
0.5693,-14.9634,8.5615,81.280,228.232,526.402,4,42
1.1055,-13.6787,8.4395,259.512,258.902,390.000,4,42
-1.3110,-13.9570,10.0518,612.256,239.024,252.256,4,42
-0.8906,-0.3838,-0.3921,-13.780,65.976,14.512,3,42
-0.9658,-0.3984,-0.3374,-22.256,62.988,15.366,3,42
-1.0283,-0.3584,-0.3164,-28.659,60.183,16.829,3,42
-1.0918,-0.2563,-0.2905,-33.659,58.049,17.195,3,42
-1.1074,-0.1011,-0.2837,-36.341,55.732,16.646,3,42
-1.0708,0.0503,-0.3237,-35.732,54.573,15.732,3,42
-1.0327,0.1831,-0.3892,-31.829,53.780,14.024,3,42
-0.9834,0.2305,-0.4414,-24.817,52.927,11.524,3,42
-11.2217,-2.6274,1.4795,-744.451,321.768,-64.695,4,42
-8.0112,-3.9956,-0.7241,-405.732,188.049,-39.634,4,42
-5.1440,-3.5107,-0.4072,-86.890,22.561,31.524,4,42
-3.3652,-3.0962,1.3882,44.512,-20.244,62.378,4,42
-2.2432,-3.6299,0.0874,87.683,-49.878,68.537,4,42
-1.3730,-3.1802,1.0156,6.646,-35.488,71.159,4,42
-0.7788,-2.5317,1.0518,-104.695,11.220,59.573,4,42
-0.2354,-1.5229,0.9575,-204.024,49.939,43.354,4,42
-0.8848,-0.1494,-0.4209,-3.963,32.622,-5.488,3,42
-0.8545,-0.1216,-0.4351,-5.183,30.610,-7.195,3,42
-0.8184,-0.0781,-0.4751,-4.390,27.805,-8.720,3,42
-0.8198,-0.0356,-0.5532,-2.683,24.573,-10.000,3,42
-0.8550,-0.0332,-0.6216,-0.305,20.671,-11.524,3,42
-0.8916,-0.0405,-0.6470,1.768,16.768,-13.415,3,42
-0.8809,-0.0513,-0.6597,3.232,11.829,-15.549,3,42
-0.8452,-0.0469,-0.6714,3.354,5.610,-17.195,3,42
-3.8320,-2.7422,-0.0737,132.134,105.976,97.195,4,42
-5.0415,-2.5132,0.2349,-17.622,143.841,86.280,4,42
-6.5811,-2.4746,0.2124,-169.817,185.061,74.756,4,42
-7.9863,-2.6919,0.4087,-280.549,187.439,78.415,4,42
-8.2598,-2.4932,0.8945,-293.841,170.427,103.720,4,42
-6.7427,-2.1089,1.4072,-254.878,147.256,131.524,4,42
-4.8535,-2.0420,1.7192,-198.293,138.171,147.195,4,42
-3.5542,-2.3130,1.7749,-156.402,130.488,151.768,4,42
-0.7271,-0.1323,-0.7305,-6.037,-56.890,-23.110,3,42
-0.7705,-0.1265,-0.7012,-4.817,-62.805,-23.720,3,42
-0.7949,-0.1196,-0.6729,-3.232,-67.927,-24.329,3,42
-0.8071,-0.1025,-0.6396,-0.793,-72.683,-25.427,3,42
-0.8125,-0.0752,-0.6182,1.280,-76.341,-26.098,3,42
-0.8076,-0.0464,-0.5708,2.866,-79.817,-26.890,3,42
-0.8179,-0.0215,-0.5488,2.500,-82.805,-27.134,3,42
-0.8418,-0.0225,-0.5215,1.890,-85.793,-27.561,3,42
-1.9854,-3.9678,2.3281,-312.683,39.756,89.024,4,42
-1.9380,-3.9102,2.1016,-312.073,36.341,81.951,4,42
-1.7666,-3.6211,0.7729,-230.854,38.720,56.159,4,42
-1.7915,-3.4619,0.2642,-174.878,40.793,44.573,4,42
-1.9194,-2.3496,-0.3315,-67.622,30.549,26.220,4,42
-2.1260,-1.0049,-0.5571,-56.402,2.561,49.024,4,42
-2.5176,0.4048,-0.6001,-208.720,22.439,128.963,4,42
-2.6416,0.5532,-0.3062,-292.683,48.110,147.561,4,42
-0.9731,-0.2114,-0.2856,-19.695,-93.720,-28.049,3,42
-0.9478,-0.2280,-0.2861,-20.793,-94.024,-27.866,3,42
-0.9204,-0.2661,-0.2915,-20.976,-94.939,-27.195,3,42
-0.9063,-0.3032,-0.3115,-19.634,-95.427,-26.768,3,42
-0.8940,-0.3384,-0.3203,-18.232,-96.098,-25.671,3,42
-0.8828,-0.3804,-0.3125,-17.012,-96.646,-24.207,3,42
-0.8740,-0.4224,-0.2979,-16.098,-97.073,-22.439,3,42
-0.8535,-0.4668,-0.2900,-16.037,-97.744,-20.305,3,42
-2.2646,-3.1094,0.7100,-585.732,118.720,-174.512,4,42
-1.7837,-2.7720,0.4663,-554.207,98.171,-135.671,4,42
-1.5415,-2.2637,0.4277,-532.012,85.061,-95.915,4,42
-1.3345,-1.8223,0.4023,-519.634,73.354,-69.329,4,42
-1.1387,-1.3960,0.5181,-511.159,61.098,-57.622,4,42
-1.0757,-0.9043,0.6348,-507.439,46.098,-64.024,4,42
-1.0684,-0.6172,0.7197,-501.037,23.841,-83.110,4,42
-1.0259,-0.2954,0.8071,-474.085,0.305,-115.061,4,42
-0.9238,-0.3896,0.9014,-401.646,-16.829,-162.439,4,42
-0.8521,-0.7705,0.5938,-271.463,-41.707,-200.976,4,42
-0.6641,-1.2612,0.9478,-86.220,-36.220,-231.341,4,42
-0.7314,-1.1318,1.3271,147.744,-30.183,-234.024,4,42
-0.6899,-1.3003,1.8027,304.207,-17.805,-237.317,4,42
-0.7935,-1.2871,2.4731,338.293,-0.610,-229.512,4,42
-0.9800,-0.8320,3.0410,254.817,20.000,-235.976,4,42
-0.9331,-1.3252,3.6245,93.780,50.244,-251.707,4,42
-2.2104,-2.3623,-0.5513,-170.854,100.427,-509.878,4,42
-2.4580,-1.9531,-0.4302,-164.634,103.963,-462.988,4,42
-2.5479,-1.6182,-0.0503,-188.598,85.610,-436.463,4,42
-2.4932,-1.5005,0.3711,-225.305,55.671,-430.976,4,42
-2.3828,-1.4541,0.7134,-253.720,25.244,-439.268,4,42
-2.3071,-1.5161,0.7798,-256.341,-3.232,-459.756,4,42
-2.1929,-1.6968,0.8218,-220.244,-27.744,-499.207,4,42
-2.0786,-1.6548,0.9824,-165.427,-48.110,-537.317,4,42
-1.0371,-0.0151,0.0605,36.402,-53.110,9.512,3,42
-1.0596,-0.0117,0.0811,35.976,-50.793,9.268,3,42
-1.0786,-0.0039,0.0996,35.122,-48.354,10.183,3,42
-1.0801,-0.0073,0.1216,34.268,-46.098,10.732,3,42
-1.0869,-0.0166,0.1270,33.293,-43.598,11.585,3,42
-1.0791,-0.0273,0.1172,32.561,-41.037,12.073,3,42
-1.0752,-0.0532,0.1104,32.256,-38.415,12.683,3,42
-1.0737,-0.0732,0.1025,32.439,-35.610,13.110,3,42
-3.2886,-0.7568,1.4185,-127.073,-59.329,-600.732,4,42
-3.7837,-0.7007,1.3306,-110.305,-60.061,-584.024,4,42
-4.2964,-0.6694,1.2056,-93.598,-60.732,-566.524,4,42
-4.7856,-0.6587,1.0615,-82.561,-61.280,-554.451,4,42
-5.1245,-0.5996,0.9761,-84.817,-62.927,-552.805,4,42
-5.2188,-0.4922,0.9106,-91.159,-64.329,-553.780,4,42
-5.1558,-0.3369,0.8921,-86.646,-71.098,-554.878,4,42
-5.0059,-0.1689,1.0381,-71.280,-91.159,-555.488,4,42
-1.0020,-0.2695,-0.1406,25.915,-27.988,8.963,3,42
-0.9893,-0.3018,-0.1743,21.646,-28.415,8.659,3,42
-0.9751,-0.3384,-0.2319,16.707,-28.720,8.476,3,42
-0.9624,-0.3887,-0.2622,12.378,-29.024,9.024,3,42
-0.9497,-0.4189,-0.2793,7.866,-29.512,10.122,3,42
-0.9512,-0.4385,-0.2739,2.988,-29.756,11.524,3,42
-0.9707,-0.4512,-0.2651,-1.829,-30.305,13.171,3,42
-0.9829,-0.4429,-0.2188,-7.256,-30.854,14.695,3,42
-0.9980,-0.4136,-0.1797,-12.988,-31.768,16.463,3,42
-1.0132,-0.3691,-0.1328,-18.841,-32.439,18.354,3,42
-1.0225,-0.3232,-0.1094,-24.939,-32.988,20.061,3,42
-1.0317,-0.2720,-0.0981,-31.159,-32.805,22.134,3,42
-1.0332,-0.2563,-0.0552,-37.195,-32.683,23.659,3,42
-1.0581,-0.2769,0.0132,-44.329,-31.829,24.695,3,42
-1.1011,-0.3374,0.0962,-51.585,-31.707,24.512,3,42
-1.1304,-0.3921,0.1489,-58.354,-31.951,23.354,3,42
-1.0615,0.4351,-0.1797,-55.610,-26.768,12.561,3,42
-1.0732,0.3818,-0.1841,-58.598,-27.744,9.695,3,42
-1.0688,0.3193,-0.1665,-58.476,-28.232,6.951,3,42
-1.0513,0.2695,-0.1372,-55.915,-27.805,4.329,3,42
-1.0391,0.2432,-0.1084,-51.524,-27.805,1.829,3,42
-1.0229,0.2148,-0.0918,-46.585,-28.293,-0.793,3,42
-1.0151,0.2021,-0.0596,-41.524,-28.232,-2.988,3,42
-1.0132,0.1968,-0.0479,-35.793,-27.500,-5.488,3,42
-3.3374,2.9717,-0.4888,193.841,79.146,78.963,4,42
-2.9326,3.4004,0.6572,269.390,92.317,104.146,4,42
-2.4351,3.3574,0.4541,311.829,124.695,118.110,4,42
-2.1479,3.5591,0.4917,346.159,138.110,127.439,4,42
-1.9722,3.8584,0.6821,371.402,136.829,129.268,4,42
-1.8359,4.0659,0.8311,393.780,131.524,115.915,4,42
-1.8125,4.1812,1.0415,414.939,123.720,97.195,4,42
-1.8477,4.2373,1.2817,437.378,117.622,85.061,4,42
-1.0254,0.2446,-0.0713,25.061,-17.683,-18.110,3,42
-1.0103,0.2271,-0.0737,28.659,-16.951,-18.902,3,42
-0.9941,0.1948,-0.0840,32.622,-16.098,-19.939,3,42
-0.9780,0.1636,-0.0947,36.341,-15.366,-20.732,3,42
-0.9663,0.1211,-0.0771,39.634,-15.183,-22.073,3,42
-0.9556,0.0723,-0.0879,43.354,-14.939,-22.683,3,42
-0.9570,0.0308,-0.0864,46.280,-14.695,-23.780,3,42
-0.9521,-0.0103,-0.0776,48.293,-14.390,-24.085,3,42
-1.8462,1.1479,-0.1104,630.793,273.780,135.000,4,42
-1.4106,0.5962,-0.0269,710.610,312.988,170.976,4,42
-1.3379,0.4429,0.3096,764.390,348.049,209.756,4,42
-1.4272,0.5356,0.8145,762.195,357.866,231.159,4,42
-1.4917,0.6147,1.2847,709.878,340.671,234.207,4,42
-1.4536,0.5596,1.5659,640.976,307.805,231.585,4,42
-1.4194,0.4561,1.5728,582.744,271.524,233.598,4,42
-1.4321,0.3184,1.2808,543.415,239.695,236.524,4,42
-1.0371,-0.3638,-0.0347,18.293,-15.610,-18.720,3,42
-1.0293,-0.3882,-0.0205,13.537,-15.000,-17.317,3,42
-1.0269,-0.3994,-0.0107,9.024,-14.329,-15.549,3,42
-1.0259,-0.3999,-0.0093,4.939,-13.537,-13.841,3,42
-1.0215,-0.3882,-0.0010,1.524,-12.500,-12.622,3,42
-1.0103,-0.3677,0.0181,-1.098,-11.220,-11.159,3,42
-1.0083,-0.3389,0.0278,-2.744,-9.817,-9.817,3,42
-1.0000,-0.3096,0.0376,-3.780,-7.927,-8.476,3,42
-2.6953,-1.1875,0.0112,351.646,162.317,200.305,4,42
-2.0654,-0.9438,-0.0483,361.890,176.707,217.317,4,42
-1.7012,-0.6763,0.0396,355.976,176.098,234.329,4,42
-1.4897,-0.4048,0.0654,327.561,168.354,238.232,4,42
-1.4087,-0.2739,0.0962,285.244,161.402,233.780,4,42
-1.4019,-0.1689,0.0703,241.890,157.744,229.451,4,42
-1.4487,-0.0181,0.0225,201.341,152.317,223.659,4,42
-1.5356,0.0059,0.0488,166.037,148.171,218.780,4,42
-1.0415,-0.1221,0.0718,-0.305,9.329,0.915,3,42
-1.0625,-0.1289,0.0820,-1.220,10.976,1.463,3,42
-1.0796,-0.1421,0.0889,-2.622,12.683,1.890,3,42
-1.1016,-0.1582,0.0977,-4.268,14.573,2.134,3,42
-1.1152,-0.1743,0.1167,-5.183,16.463,2.439,3,42
-1.1157,-0.1899,0.1353,-5.732,19.146,2.744,3,42
-1.1289,-0.2139,0.1533,-5.732,21.646,2.744,3,42
-1.1367,-0.2310,0.1685,-4.329,24.573,2.805,3,42
-1.1396,-0.2319,0.1909,-0.976,27.622,2.866,3,42
-1.1489,-0.2324,0.2119,3.232,31.037,2.744,3,42
-1.1533,-0.2144,0.2378,7.561,34.512,3.415,3,42
-1.1636,-0.1978,0.2637,12.744,38.049,4.146,3,42
-1.1646,-0.1665,0.2593,21.463,43.841,5.061,3,42
-1.1685,-0.1533,0.2510,27.378,48.049,6.037,3,42
-1.1714,-0.1387,0.2397,32.744,52.134,6.951,3,42
-1.1714,-0.1431,0.2256,36.341,56.280,7.317,3,42
-2.7212,-0.9766,0.9604,119.451,182.500,281.037,4,42
-2.6230,-1.0850,0.9160,124.451,187.134,277.927,4,42
-2.4956,-1.1802,0.8687,125.793,189.878,275.061,4,42
-2.3604,-1.2476,0.8462,124.573,190.244,273.049,4,42
-2.2061,-1.2974,0.5322,119.756,192.683,270.671,4,42
-2.1299,-1.2402,0.4307,124.695,199.695,268.537,4,42
-2.1890,-1.0303,0.3711,141.768,205.061,269.390,4,42
-2.3081,-0.8105,0.5703,148.232,205.549,281.220,4,42
-1.0469,-0.3218,-0.2632,3.598,117.927,23.780,3,42
-1.0376,-0.3325,-0.2534,2.073,119.207,21.646,3,42
-1.0391,-0.3018,-0.2119,0.610,121.402,20.000,3,42
-1.0293,-0.2598,-0.1724,-2.195,123.232,18.780,3,42
-1.0166,-0.1758,-0.0815,-9.268,125.061,18.720,3,42
-1.0127,-0.1592,-0.0151,-15.061,126.463,19.451,3,42
-1.0244,-0.1626,0.0454,-20.305,127.073,20.610,3,42
-1.0713,-0.1919,0.1201,-23.902,127.866,21.890,3,42
-1.1143,-8.7065,2.6807,579.573,194.329,489.024,4,42
-2.8843,-9.5513,2.8311,725.061,183.354,430.488,4,42
-1.1089,-8.3682,2.0264,766.280,146.585,291.829,4,42
-0.1968,-9.7773,5.9810,611.585,143.780,248.476,4,42
1.3281,-9.7090,5.9692,197.134,58.780,305.183,4,42
2.4316,-9.5645,5.6084,47.561,11.768,310.061,4,42
3.0317,-9.3213,5.4204,73.415,25.610,266.037,4,42
3.0063,-9.3442,5.6465,143.354,38.293,219.634,4,42
-0.7368,0.0400,-0.4009,-14.085,134.634,25.732,3,42
-0.6846,0.0713,-0.7041,-3.841,131.524,25.122,3,42
-0.6343,0.0845,-0.9209,9.756,128.415,22.866,3,42
-0.5796,0.0986,-1.0361,20.000,124.634,19.268,3,42
-0.5103,0.0728,-1.0645,25.061,118.354,15.244,3,42
-0.4316,0.0327,-1.0288,23.476,112.256,13.598,3,42
-0.4219,0.0015,-0.9639,18.110,103.902,14.573,3,42
-0.4795,-0.0239,-0.9219,11.829,95.000,17.683,3,42
-0.5942,-0.0361,-0.8237,4.756,87.012,20.732,3,42
-0.7256,-0.0996,-0.7603,-1.829,80.366,22.927,3,42
-0.8140,-0.2261,-0.6777,-5.671,74.939,23.476,3,42
-0.8872,-0.3730,-0.5635,-8.293,70.427,22.683,3,42
-0.9238,-0.4946,-0.4531,-10.061,67.012,22.073,3,42
-0.9360,-0.5361,-0.3701,-11.037,63.841,21.890,3,42
-0.9404,-0.4443,-0.3110,-12.500,60.549,21.402,3,42
-0.9634,-0.2861,-0.2822,-18.110,59.634,21.585,3,42
-2.8301,-2.4219,0.4414,-55.732,-27.927,9.085,4,42
-1.9448,-3.3125,1.4155,-63.963,-26.707,-7.317,4,42
-1.4922,-2.8867,2.0918,-46.646,-31.890,-1.951,4,42
-1.2485,-2.1157,2.5723,-55.488,-39.146,-6.098,4,42
-0.9902,-0.7085,2.0112,-18.415,-33.659,-24.939,4,42
-0.7036,0.4653,1.2861,21.341,-33.354,-43.780,4,42
-0.9185,0.0581,1.0264,90.976,18.415,-32.500,4,42
-1.0757,-0.0151,0.7944,110.610,24.756,-0.122,4,42
-0.7886,-0.1196,-0.5361,-0.610,37.988,3.902,3,42
-0.7715,-0.1411,-0.4771,-2.256,34.939,2.744,3,42
-0.7671,-0.1255,-0.4458,-3.232,31.646,1.707,3,42
-0.7803,-0.0591,-0.4521,-3.659,27.805,0.061,3,42
-0.8242,0.0713,-0.4951,-3.659,23.476,-0.915,3,42
-0.8643,0.1958,-0.5386,-2.988,19.512,-2.744,3,42
-0.8647,0.2998,-0.6099,-1.707,15.732,-5.183,3,42
-0.8413,0.3647,-0.6709,0.183,10.854,-8.293,3,42
-3.0972,-2.4380,-0.3159,-143.476,125.427,90.488,4,42
-3.7568,-2.5581,-0.3369,-139.573,130.610,93.293,4,42
-4.4399,-2.8335,-0.2002,-128.415,130.549,104.451,4,42
-4.8521,-3.0825,0.0273,-116.159,129.268,121.585,4,42
-4.7222,-3.1777,-0.0005,-96.951,132.561,137.134,4,42
-4.1875,-3.0688,0.0283,-72.134,135.549,143.902,4,42
-3.5703,-3.0112,0.0967,-60.183,136.402,138.780,4,42
-3.1118,-3.2354,0.0771,-60.488,136.890,129.390,4,42
-0.7632,-0.0640,-0.7124,3.293,-45.183,-28.537,3,42
-0.7773,-0.0845,-0.6978,2.866,-51.646,-29.573,3,42
-0.7817,-0.0884,-0.6870,0.671,-57.012,-30.610,3,42
-0.7798,-0.1089,-0.6704,-0.122,-62.561,-31.646,3,42
-0.7759,-0.1323,-0.6528,-0.732,-67.073,-32.500,3,42
-0.7983,-0.1338,-0.6118,-1.646,-71.829,-33.415,3,42
-0.8042,-0.1245,-0.5786,-2.866,-75.854,-33.963,3,42
-0.8154,-0.0952,-0.5444,-3.780,-79.451,-34.695,3,42
-2.6270,-4.9116,1.7441,-272.073,88.659,128.110,4,42
-2.5308,-5.0640,1.9170,-296.341,78.537,117.317,4,42
-2.4189,-5.1279,2.1777,-324.390,68.110,103.780,4,42
-2.2759,-5.2324,2.4731,-362.378,57.134,92.866,4,42
-2.1738,-5.5254,2.6738,-397.500,44.878,82.561,4,42
-1.9766,-5.6108,2.7925,-427.561,26.951,73.415,4,42
-1.6680,-5.4272,2.5229,-448.720,4.634,61.280,4,42
-1.0996,-4.7197,1.8848,-442.317,-17.500,42.195,4,42
-0.7817,-4.1704,1.0952,-405.732,-26.951,16.463,4,42
-0.4844,-3.5659,0.5776,-351.524,-14.207,-25.061,4,42
-0.5122,-2.6655,0.4360,-332.866,12.073,-59.573,4,42
-0.8237,-1.4795,0.5498,-405.915,26.341,-57.317,4,42
-1.2329,-0.9561,0.7446,-546.768,28.171,-26.646,4,42
-1.5347,-1.0264,1.0215,-685.183,30.244,2.439,4,42
-1.5581,-1.4346,1.2495,-764.146,33.659,11.707,4,42
-1.3164,-1.7920,1.3677,-787.927,44.085,14.695,4,42
-0.9443,-0.4561,-0.2769,-32.073,-93.598,-36.707,3,42
-0.9302,-0.5146,-0.2920,-34.756,-94.146,-34.573,3,42
-0.9009,-0.5381,-0.2964,-36.341,-94.695,-32.622,3,42
-0.8735,-0.5425,-0.2979,-37.317,-95.061,-29.695,3,42
-0.8418,-0.5059,-0.2832,-38.659,-95.122,-26.707,3,42
-0.8027,-0.4712,-0.2651,-40.366,-95.793,-23.902,3,42
-0.8042,-0.4380,-0.2402,-42.317,-96.159,-20.915,3,42
-0.8286,-0.4170,-0.2339,-43.598,-96.585,-18.537,3,42
-1.3115,-1.2969,0.5249,-592.195,-28.598,-218.720,4,42
-1.3135,-0.8042,0.5146,-577.500,-24.512,-203.963,4,42
-1.3291,-0.6772,0.5381,-534.512,-18.293,-192.866,4,42
-1.0786,-0.9590,0.4517,-419.756,-12.134,-182.073,4,42
-1.2373,-0.8579,0.5625,-219.207,-21.829,-165.793,4,42
-1.3667,-0.7065,0.7578,-12.073,-63.293,-164.146,4,42
-1.4033,-0.9082,1.4980,184.268,-67.012,-161.098,4,42
-1.6133,-0.7661,1.9771,263.232,-94.268,-154.146,4,42
-0.9858,-0.3125,-0.1177,-13.110,-86.341,-5.366,3,42
-0.9912,-0.3247,-0.1118,-10.854,-85.549,-5.122,3,42
-1.0200,-0.3296,-0.0728,-6.098,-82.744,-4.207,3,42
-1.0259,-0.3276,-0.0552,-4.024,-81.646,-3.415,3,42
-1.0391,-0.3325,-0.0439,-3.659,-80.183,-2.622,3,42
-1.0381,-0.3325,-0.0244,-4.024,-79.268,-2.134,3,42
-1.0371,-0.3457,-0.0220,-4.207,-78.415,-1.220,3,42
-1.0356,-0.3496,-0.0415,-1.463,-77.073,-0.671,3,42
-1.0220,-0.3438,-0.0532,4.146,-75.122,-0.427,3,42
-1.0054,-0.3271,-0.0732,12.317,-71.890,0.000,3,42
-0.9990,-0.3120,-0.0591,20.488,-68.720,0.793,3,42
-0.9932,-0.2896,-0.0352,26.707,-65.976,1.037,3,42
-0.9966,-0.2627,0.0044,31.037,-62.927,1.159,3,42
-0.9985,-0.2266,0.0122,32.561,-60.305,1.951,3,42
-1.0078,-0.1924,0.0430,32.744,-57.439,2.317,3,42
-1.0293,-0.1406,0.0654,32.073,-54.085,2.195,3,42
-1.1025,-0.0151,0.1357,20.183,-31.037,4.329,3,42
-1.0781,-0.0508,0.0962,20.244,-28.902,4.024,3,42
-1.0728,-0.0845,0.0674,20.061,-26.707,4.085,3,42
-1.0620,-0.1167,0.0254,20.000,-25.427,3.720,3,42
-1.0557,-0.1582,-0.0093,20.305,-23.841,3.659,3,42
-1.0444,-0.1909,-0.0366,21.524,-22.256,3.110,3,42
-1.0400,-0.2236,-0.0659,23.659,-20.854,2.744,3,42
-1.0264,-0.2417,-0.0845,27.195,-19.634,2.256,3,42
-1.0151,-0.2407,-0.0928,34.634,-17.622,1.707,3,42
-1.0068,-0.2231,-0.0938,39.756,-16.220,1.707,3,42
-0.9966,-0.1909,-0.0962,44.573,-15.244,2.134,3,42
-0.9990,-0.1548,-0.1050,47.561,-13.415,2.988,3,42
-1.0171,-0.1401,-0.1040,49.512,-11.707,4.146,3,42
-1.0303,-0.1157,-0.1128,50.488,-10.183,4.817,3,42
-1.0532,-0.1069,-0.0996,50.305,-8.537,5.488,3,42
-1.0732,-0.1016,-0.0986,49.451,-7.439,6.098,3,42
-5.8833,-0.9624,2.3677,500.305,87.805,-522.378,4,42
-8.0015,-0.4634,2.9194,686.585,415.122,-745.793,4,42
-10.9697,4.2144,-1.0620,187.195,462.012,-711.890,4,42
-14.7720,13.7788,4.0205,-942.500,90.610,-589.268,4,42
-12.6592,7.9609,-2.7529,-1986.524,-119.939,-202.073,4,42
-11.7041,10.9829,-9.2915,-1991.890,-21.159,-275.183,4,42
-0.7041,15.9995,-11.9297,-1730.915,-130.427,-155.122,4,42
4.4375,10.7896,-7.1816,-1105.610,-174.451,-44.085,4,42
-0.2236,3.2212,0.2031,-711.646,-231.098,-164.939,4,42
-1.4160,4.1362,3.8950,-26.585,-113.049,-185.000,4,42
-2.9878,8.6318,6.9023,783.659,19.512,-173.902,4,42
-8.6602,15.9995,12.8579,1007.927,231.341,-248.293,4,42
-6.5020,15.9189,10.6768,578.537,337.378,-318.841,4,42
-7.5337,15.9980,6.8062,-477.134,295.183,-527.988,4,42
-1.9819,13.9277,3.6416,-1137.805,143.659,-647.439,4,42
0.0850,7.9873,1.2432,-1152.256,109.451,-684.024,4,42
-2.4482,3.6699,0.2256,167.683,40.610,74.756,4,42
-2.3589,3.6128,0.3887,197.012,50.061,94.573,4,42
-2.2925,3.4834,0.5654,232.439,65.305,107.012,4,42
-2.2813,3.3828,0.7544,268.902,83.354,113.780,4,42
-2.3135,3.3613,0.9512,298.963,100.976,117.500,4,42
-2.3765,3.4243,1.1621,319.695,116.951,119.085,4,42
-2.4082,3.5107,1.3545,332.378,130.976,118.720,4,42
-2.3335,3.4614,1.4224,344.939,144.817,120.305,4,42
-1.0552,0.2329,-0.0684,18.598,-12.927,-17.561,3,42
-1.0601,0.1958,-0.0547,23.963,-13.049,-20.183,3,42
-1.0488,0.1528,-0.0596,28.902,-13.110,-22.378,3,42
-1.0425,0.1318,-0.0649,34.085,-12.500,-24.512,3,42
-1.0342,0.1045,-0.0811,39.573,-11.768,-25.976,3,42
-1.0273,0.0884,-0.0757,45.366,-11.037,-27.012,3,42
-1.0166,0.0825,-0.0742,51.646,-10.549,-27.866,3,42
-1.0103,0.0767,-0.0728,56.829,-10.366,-28.232,3,42
-1.0098,0.0586,-0.0557,62.622,-10.122,-28.232,3,42
-1.0068,0.0396,-0.0557,64.573,-9.939,-28.659,3,42
-1.0078,0.0049,-0.0562,65.427,-9.573,-29.024,3,42
-0.9932,-0.0352,-0.0552,65.671,-9.207,-29.817,3,42
-0.9819,-0.0845,-0.0742,65.732,-8.780,-30.366,3,42
-0.9692,-0.1226,-0.0713,65.244,-8.171,-30.793,3,42
-0.9565,-0.1533,-0.0732,63.963,-7.988,-31.220,3,42
-0.9502,-0.1768,-0.0762,63.110,-7.744,-30.915,3,42
-0.9438,-0.1982,-0.0762,62.012,-7.622,-30.488,3,42
-0.9365,-0.2095,-0.0801,62.378,-7.317,-29.817,3,42
-0.9512,-0.2124,-0.0737,63.537,-6.646,-28.476,3,42
-0.9590,-0.2129,-0.0640,65.122,-5.854,-27.317,3,42
-0.9717,-0.2036,-0.0317,66.646,-5.183,-25.488,3,42
-0.9917,-0.2017,-0.0283,67.927,-4.451,-23.720,3,42
-1.0205,-0.1909,-0.0098,68.780,-3.963,-21.524,3,42
-1.0410,-0.1738,0.0020,69.573,-2.988,-19.268,3,42
-1.0610,-0.1733,0.0029,68.720,-1.646,-17.317,3,42
-1.0864,-0.1743,0.0063,65.732,-1.037,-15.244,3,42
-1.0977,-0.1782,0.0142,59.512,0.244,-12.256,3,42
-1.1099,-0.2134,0.0122,50.488,0.976,-9.634,3,42
-1.1025,-0.2676,0.0156,39.024,1.768,-7.073,3,42
-1.1104,-0.3325,0.0142,26.768,2.622,-4.146,3,42
-1.1074,-0.4263,0.0137,15.610,4.756,-2.317,3,42
-1.1025,-0.5186,0.0293,6.037,7.134,-1.402,3,42
-1.8921,0.3740,-0.0640,231.707,100.854,262.012,4,42
-1.9053,0.3584,0.0059,210.854,100.671,265.610,4,42
-1.9658,0.3071,0.0381,190.305,100.122,267.134,4,42
-2.0547,0.2480,0.0430,175.061,100.488,268.598,4,42
-2.1880,0.2021,0.0571,164.268,101.159,269.634,4,42
-2.3257,0.1436,0.0898,156.707,102.805,270.915,4,42
-2.4863,0.0767,0.1309,152.134,104.756,273.659,4,42
-2.6128,0.0015,0.1821,149.756,107.622,276.768,4,42
-2.7295,-0.0459,0.2319,148.720,110.610,279.878,4,42
-2.8198,-0.0933,0.2676,147.622,112.927,282.073,4,42
-2.8535,-0.1333,0.2915,145.305,114.268,284.756,4,42
-2.8457,-0.1372,0.3120,141.707,115.305,287.744,4,42
-2.7808,-0.1187,0.3232,139.451,117.134,291.585,4,42
-2.7021,-0.0845,0.3242,138.049,119.939,296.524,4,42
-2.6055,-0.0244,0.3223,136.646,122.744,302.622,4,42
-2.5166,0.0259,0.3022,135.488,125.915,309.512,4,42
-1.1533,-0.1753,-0.0151,-2.012,66.890,17.134,3,42
-1.1587,-0.1958,-0.0410,-1.829,68.232,16.524,3,42
-1.1504,-0.2017,-0.0610,-0.305,69.695,16.037,3,42
-1.1416,-0.1973,-0.0679,2.134,70.427,15.610,3,42
-1.1099,-0.1777,-0.0859,5.305,71.951,15.549,3,42
-1.0830,-0.1641,-0.1123,8.110,73.598,15.244,3,42
-1.0586,-0.1514,-0.1201,10.549,75.854,15.122,3,42
-1.0410,-0.1475,-0.1362,12.622,78.049,14.756,3,42
-1.0308,-0.1440,-0.1313,13.232,79.512,14.634,3,42
-1.0317,-0.1567,-0.1123,12.866,80.915,14.451,3,42
-1.0366,-0.1694,-0.0913,12.622,82.317,14.695,3,42
-1.0591,-0.2041,-0.0659,10.915,84.207,14.512,3,42
-1.0693,-0.2314,-0.0503,9.024,86.646,14.268,3,42
-1.0923,-0.2554,-0.0132,7.256,89.573,13.902,3,42
-1.1196,-0.2681,0.0186,5.915,93.537,13.659,3,42
-1.1421,-0.2515,0.0659,3.415,97.683,13.415,3,42
-1.1650,-0.2168,0.1387,-0.671,102.317,13.171,3,42
-1.1899,-0.1650,0.2432,-7.012,106.768,13.476,3,42
-1.2012,-0.1206,0.3867,-16.037,110.305,13.659,3,42
-1.1968,-0.0815,0.5195,-26.037,112.744,14.268,3,42
-1.1494,-0.0728,0.5752,-33.780,113.780,14.268,3,42
-1.0815,-0.0854,0.5122,-36.890,115.732,13.659,3,42
-1.0015,-0.1353,0.3159,-33.659,118.049,12.317,3,42
-0.9399,-0.2158,0.0361,-16.646,123.537,7.927,3,42
-1.9004,-1.0825,0.5522,4.329,36.829,276.707,4,42
-1.9346,-1.0781,0.5674,10.305,35.854,272.622,4,42
-1.9785,-1.1035,0.5732,20.122,37.195,269.634,4,42
-2.0098,-1.1069,0.3389,26.951,44.146,266.098,4,42
-2.1665,-1.0830,0.0454,34.695,56.402,261.037,4,42
-2.2710,-0.9292,0.6821,64.146,39.024,263.841,4,42
-2.3638,-0.7246,0.6582,57.805,42.073,260.427,4,42
-2.5718,0.4575,-0.7783,69.634,72.866,258.841,4,42
-4.0586,4.4688,-2.6836,128.598,125.427,324.817,4,42
-5.5396,5.2744,4.0679,362.683,163.049,470.854,4,42
-5.4346,1.6108,5.2432,445.061,206.890,390.732,4,42
-3.6816,-5.3428,1.9111,621.890,267.012,279.329,4,42
-2.9316,-8.4434,1.1733,687.134,261.585,303.110,4,42
-3.7690,-13.6553,3.2515,636.951,217.256,265.244,4,42
-3.5781,-12.7725,1.9458,454.329,135.793,220.366,4,42
-1.7954,-13.5391,1.2822,364.451,94.024,135.976,4,42
1.2778,-9.5601,6.2095,164.756,-59.024,344.146,4,42
0.0137,-7.2417,5.0825,186.098,-314.390,153.293,4,42
-0.5371,-7.8394,-0.3115,30.244,-493.293,-137.317,4,42
-2.6753,-3.0981,-8.1274,-225.366,-79.207,-428.659,4,42
-6.6230,0.1226,0.4858,-556.463,-15.488,-416.890,4,42
-7.5376,3.3389,-0.4370,-713.841,-181.280,-301.280,4,42
-9.6172,3.0352,-4.1025,-887.927,-179.573,-57.866,4,42
-10.5327,-2.3218,-3.7495,-632.439,-113.171,51.890,4,42
-9.4165,-3.1123,-1.9473,-254.817,-27.866,41.951,4,42
-7.2813,-2.7769,-1.9565,-18.963,21.220,75.610,4,42
-4.9673,-3.3936,-1.3989,72.195,40.305,76.646,4,42
-3.2266,-3.2441,0.0088,44.817,35.366,47.622,4,42
-1.7236,-2.8535,1.0293,1.220,-9.756,18.598,4,42
-0.6191,-2.2744,1.4717,-52.317,-23.110,2.439,4,42
0.1548,-0.5947,0.9419,3.841,-16.037,-13.720,4,42
0.5483,0.0522,0.9375,68.476,21.463,-12.683,4,42
-0.8452,-0.0269,-0.5825,-9.634,17.073,-0.732,3,42
-0.8262,-0.0327,-0.5688,-12.256,12.683,-3.780,3,42
-0.8325,-0.0068,-0.5605,-14.695,8.232,-6.220,3,42
-0.8530,0.0396,-0.5635,-17.378,4.268,-8.415,3,42
-0.8643,0.0879,-0.5415,-18.841,0.854,-10.915,3,42
-0.8789,0.1318,-0.5464,-19.695,-3.049,-13.720,3,42
-0.8647,0.1768,-0.5630,-19.390,-7.622,-16.159,3,42
-0.8442,0.1987,-0.5957,-18.415,-11.524,-19.146,3,42
-5.0825,-3.2788,-0.4097,-246.341,49.024,74.817,4,42
-6.1348,-3.4858,-0.4834,-247.317,46.707,78.049,4,42
-6.5781,-3.4849,-0.7168,-196.402,55.793,101.890,4,42
-5.8965,-3.4199,-0.8042,-123.232,76.951,143.902,4,42
-4.4917,-3.5156,-0.7007,-46.524,99.756,177.744,4,42
-3.1694,-3.6313,-0.3306,-5.122,108.659,192.317,4,42
-2.2642,-3.8369,-0.1865,-4.573,112.439,190.732,4,42
-1.8096,-4.0762,0.0298,-29.573,110.427,179.329,4,42
-1.6021,-4.3013,0.3530,-75.915,100.427,163.415,4,42
-1.5747,-4.6143,0.5684,-126.463,87.073,150.549,4,42
-1.7114,-5.0073,0.7563,-168.780,76.220,143.293,4,42
-1.9565,-5.3560,0.9800,-205.915,66.951,139.939,4,42
-2.2056,-5.6382,1.1138,-241.646,56.707,137.317,4,42
-2.4253,-5.8901,1.1826,-273.110,47.378,132.073,4,42
-2.5317,-5.8901,1.4736,-309.817,35.427,121.159,4,42
-2.5215,-5.8325,1.8677,-357.195,23.841,106.890,4,42
-0.8433,-0.2593,-0.5596,-32.622,-97.805,-37.988,3,42
-0.8662,-0.2290,-0.4761,-33.902,-100.122,-36.707,3,42
-0.8638,-0.2100,-0.4131,-37.195,-101.951,-34.634,3,42
-0.8433,-0.2241,-0.4043,-40.976,-102.927,-33.232,3,42
-0.8315,-0.2534,-0.3926,-43.476,-103.232,-33.171,3,42
-0.8384,-0.2817,-0.4019,-45.244,-104.268,-33.110,3,42
-0.8667,-0.2798,-0.4180,-46.890,-105.366,-32.317,3,42
-0.8911,-0.2686,-0.4204,-48.841,-105.610,-31.280,3,42
-1.2998,-0.7168,0.2163,-526.098,3.780,-29.817,4,42
-1.6230,-0.1689,0.4795,-627.256,2.561,16.829,4,42
-1.5605,-0.1987,0.6797,-716.280,-5.000,48.780,4,42
-1.5234,-0.5142,0.7866,-760.000,-4.329,57.073,4,42
-1.4785,-0.9644,0.9248,-768.171,-3.476,52.622,4,42
-1.9619,-1.6279,0.9907,-761.951,-9.390,39.573,4,42
-2.4609,-2.5405,0.9458,-760.061,-23.659,12.866,4,42
-3.1265,-3.4653,0.5322,-726.707,-32.927,-34.939,4,42
-0.8730,-0.5068,-0.2100,-55.976,-108.902,-17.683,3,42
-0.8760,-0.4932,-0.1826,-53.171,-108.415,-16.037,3,42
-0.8853,-0.4648,-0.1714,-51.098,-107.622,-13.720,3,42
-0.9048,-0.4307,-0.1665,-49.268,-106.646,-11.463,3,42
-0.9316,-0.4043,-0.1621,-47.439,-105.732,-9.573,3,42
-0.9600,-0.3799,-0.1323,-45.854,-104.573,-7.622,3,42
-0.9785,-0.3633,-0.1006,-43.415,-102.866,-5.671,3,42
-0.9800,-0.3535,-0.0620,-40.793,-102.073,-3.902,3,42
-0.9922,-0.3398,-0.0322,-37.500,-100.366,-1.951,3,42
-1.0015,-0.3359,0.0010,-34.329,-99.024,-0.122,3,42
-1.0112,-0.3550,0.0093,-30.183,-97.073,1.524,3,42
-1.0244,-0.3633,0.0156,-26.037,-94.878,2.683,3,42
-1.0342,-0.3770,0.0405,-18.049,-91.463,3.476,3,42
-1.0449,-0.3877,0.0757,-11.402,-88.780,3.841,3,42
-1.0537,-0.3687,0.1016,-5.549,-85.610,4.146,3,42
-1.0640,-0.3477,0.1201,-0.244,-82.378,4.634,3,42
-1.3428,-2.1182,-0.3726,400.671,132.012,-362.195,4,42
-1.0625,-1.9834,-0.4795,287.073,92.256,-395.915,4,42
-1.0693,-2.0376,-0.1753,161.768,81.890,-441.280,4,42
-1.4810,-2.0264,-0.2744,4.390,86.951,-499.573,4,42
-1.6392,-1.9375,-0.0264,-130.976,76.159,-542.195,4,42
-1.7808,-2.0176,0.1118,-220.976,60.610,-574.268,4,42
-1.9678,-1.9961,0.1401,-257.561,46.585,-596.646,4,42
-2.1152,-1.8955,0.1978,-265.305,39.146,-619.756,4,42
-1.0967,-0.0503,0.0752,37.378,-33.598,5.793,3,42
-1.1079,-0.0630,0.1104,38.293,-30.793,5.976,3,42
-1.1182,-0.0596,0.1304,40.244,-28.354,5.610,3,42
-1.1240,-0.0723,0.1636,42.378,-26.037,5.488,3,42
-1.1230,-0.0854,0.1880,45.610,-23.293,5.427,3,42
-1.1113,-0.0884,0.1992,50.305,-20.610,5.183,3,42
-1.1074,-0.1025,0.1997,56.159,-17.500,5.427,3,42
-1.1040,-0.1025,0.1987,62.927,-14.024,5.122,3,42
-3.8291,-2.0859,0.6431,-84.207,69.207,-909.085,4,42
-4.4580,-2.2935,0.3066,-93.780,83.232,-923.110,4,42
-5.0684,-2.4736,0.0229,-84.756,94.268,-918.659,4,42
-5.5083,-2.5220,0.0029,-52.439,89.634,-891.585,4,42
-6.0449,-2.4580,0.2764,-14.085,71.463,-854.024,4,42
-6.1538,-2.2227,0.5391,20.366,41.402,-803.659,4,42
-6.3667,-1.8901,0.7813,58.354,7.622,-747.866,4,42
-6.6777,-1.6763,1.0835,117.866,-29.573,-685.244,4,42
-6.9854,-1.1514,1.3804,233.720,-40.122,-617.561,4,42
-7.8726,-0.4355,1.8320,404.268,-9.268,-519.024,4,42
-8.9058,-3.1895,-0.8413,549.878,181.037,-485.793,4,42
-13.1304,-6.1333,6.7563,730.000,602.317,-784.573,4,42
-13.1191,-0.9414,-2.6475,92.012,354.268,-869.939,4,42
-14.3872,9.3296,1.5537,-158.963,-85.976,-665.549,4,42
-15.9819,15.3926,-2.1152,-1205.488,-255.488,191.220,4,42
-14.9453,15.8403,-8.3467,-1998.049,-104.085,173.232,4,42
-0.9219,-0.6777,-0.6074,27.622,-5.061,-6.037,3,42
-1.0200,-0.6479,-0.6318,3.293,-5.549,-1.037,3,42
-1.1167,-0.5859,-0.6162,-20.915,-5.183,3.841,3,42
-1.1890,-0.4995,-0.5195,-44.634,-5.671,8.171,3,42
-1.2500,-0.3843,-0.3848,-66.524,-6.890,12.378,3,42
-1.2646,-0.2856,-0.2217,-84.451,-7.744,15.793,3,42
-1.2827,-0.2393,-0.0952,-100.183,-8.841,18.049,3,42
-1.2451,-0.1997,-0.0410,-110.732,-9.756,18.293,3,42
-1.1313,-0.1172,-0.0645,-116.402,-13.720,19.329,3,42
-0.9844,-0.0386,-0.0879,-120.732,-17.378,22.378,3,42
-0.8823,-0.0410,-0.1108,-124.024,-17.256,27.012,3,42
-0.8726,-0.1274,-0.1123,-122.012,-13.293,30.549,3,42
-0.9458,-0.2139,-0.0264,-114.634,-8.232,30.183,3,42
-1.0161,-0.2261,0.1089,-108.232,-7.500,26.037,3,42
-1.0513,-0.1875,0.1919,-106.280,-12.622,19.573,3,42
-1.0293,-0.1514,0.1641,-106.220,-18.171,14.634,3,42
-0.9775,-0.1479,-0.0107,-106.280,-21.037,11.890,3,42
-0.9546,-0.1563,-0.0923,-105.122,-20.061,12.012,3,42
-0.9102,-0.1821,-0.1855,-100.427,-16.951,12.195,3,42
-0.8477,-0.1357,-0.2407,-88.659,-14.207,13.171,3,42
-0.8228,-0.0386,-0.2300,-80.183,-13.720,14.146,3,42
-0.8213,0.0938,-0.2358,-73.110,-14.146,15.793,3,42
-0.8608,0.2188,-0.2314,-67.256,-13.659,17.317,3,42
-0.9150,0.3257,-0.2324,-63.415,-13.049,19.085,3,42
-1.7319,2.3369,1.1860,-3.659,-9.878,91.220,4,42
-1.9766,2.7544,0.9160,40.366,29.024,110.854,4,42
-2.1436,1.8667,1.9258,74.756,54.024,132.012,4,42
-2.3442,2.5693,1.5161,132.378,68.598,132.195,4,42
-1.9839,2.7217,1.8687,148.110,42.134,135.122,4,42
-1.7480,2.9731,2.0449,176.037,38.171,135.305,4,42
-1.6973,3.1040,2.2871,204.573,42.744,120.244,4,42
-1.9146,3.1899,2.4746,236.037,46.037,114.085,4,42
-1.0127,0.4878,-0.1211,-6.402,-12.927,4.207,3,42
-1.0195,0.4902,-0.1045,1.463,-12.805,0.000,3,42
-1.0376,0.4824,-0.0869,8.841,-12.622,-3.902,3,42
-1.0522,0.4751,-0.0859,14.634,-12.134,-7.378,3,42
-1.0669,0.4380,-0.0767,21.341,-11.524,-11.220,3,42
-1.0752,0.3921,-0.0488,28.902,-10.976,-14.817,3,42
-1.0737,0.3472,-0.0161,37.866,-10.610,-18.293,3,42
-1.0615,0.2979,0.0010,46.951,-10.061,-21.646,3,42
-1.2593,2.3984,0.9961,498.720,159.512,156.159,4,42
-1.1050,2.3560,1.0220,581.829,186.098,181.341,4,42
-1.0703,2.4160,1.2397,644.451,210.671,205.366,4,42
-1.0991,2.4160,1.5430,668.171,227.195,225.122,4,42
-1.1289,2.2632,1.7773,654.756,231.890,241.463,4,42
-1.1484,1.9766,1.8833,614.695,224.573,255.488,4,42
-1.1602,1.5791,1.8501,560.610,207.012,268.598,4,42
-1.2002,1.1416,1.7070,503.902,185.000,279.817,4,42
-1.3037,0.7192,1.5488,450.793,162.134,289.939,4,42
-1.4531,0.3306,1.2993,396.341,141.037,296.829,4,42
-1.7803,-0.0884,1.3408,339.024,113.720,298.780,4,42
-2.1445,-0.4946,1.2886,278.110,80.610,288.537,4,42
-2.3892,-0.8823,0.9238,206.768,44.573,268.780,4,42
-2.5488,-0.9663,0.5571,162.378,16.463,249.329,4,42
-2.7583,-0.9092,0.2188,150.488,6.220,231.037,4,42
-2.9473,-0.7197,0.0747,157.317,8.598,222.500,4,42
-3.0396,-0.4731,0.0171,166.768,13.476,225.488,4,42
-3.0542,-0.1631,0.0010,168.293,15.732,236.341,4,42
-2.9546,0.0854,-0.0400,164.207,15.305,250.732,4,42
-2.7466,0.2822,-0.0903,158.476,12.683,265.183,4,42
-2.4976,0.4331,-0.0625,154.085,10.488,277.744,4,42
-2.2798,0.5308,0.0029,150.427,9.207,285.671,4,42
-2.1245,0.5679,0.0962,145.671,9.207,290.793,4,42
-2.0366,0.5996,0.1958,139.268,10.000,293.171,4,42
-1.0806,-0.5732,0.2642,52.195,16.768,-7.622,3,42
-1.0923,-0.5342,0.2559,54.085,21.159,-4.268,3,42
-1.0986,-0.5029,0.2490,55.732,25.427,-0.732,3,42
-1.0991,-0.4878,0.2461,55.671,29.390,3.293,3,42
-1.0923,-0.4829,0.2236,54.268,33.902,6.037,3,42
-1.0869,-0.4907,0.1919,51.646,37.927,9.390,3,42
-1.0830,-0.4976,0.1846,48.293,42.500,12.073,3,42
-1.0835,-0.5054,0.1860,43.476,47.500,14.634,3,42
-1.0854,-0.5112,0.1919,37.927,51.037,16.402,3,42
-1.0791,-0.5010,0.2007,31.220,54.695,17.866,3,42
-1.0791,-0.4790,0.2129,24.268,58.232,19.390,3,42
-1.0898,-0.4453,0.2266,16.829,61.829,20.915,3,42
-1.0840,-0.4087,0.2227,10.122,65.976,22.073,3,42
-1.0967,-0.3726,0.2275,4.024,69.573,23.110,3,42
-1.1021,-0.3408,0.2334,-0.183,73.720,23.780,3,42
-1.1040,-0.3071,0.2451,-3.232,77.378,24.451,3,42
-2.4746,-0.4658,0.4263,129.695,35.488,305.549,4,42
-2.4336,-0.4712,0.4307,122.561,33.780,307.256,4,42
-2.4180,-0.4849,0.4224,116.098,31.829,308.780,4,42
-2.4097,-0.5220,0.4072,108.049,30.061,310.183,4,42
-2.4053,-0.5771,0.3892,100.061,27.622,311.707,4,42
-2.4087,-0.6309,0.3730,91.220,24.634,313.110,4,42
-2.4170,-0.7061,0.3574,83.354,22.195,314.817,4,42
-2.4219,-0.7739,0.3560,77.988,20.061,317.012,4,42
-2.4229,-0.8623,0.3657,73.720,19.451,318.780,4,42
-2.4341,-0.9502,0.3877,69.268,19.390,321.707,4,42
-2.4341,-0.9756,0.4131,66.768,20.305,323.537,4,42
-2.4399,-1.0166,0.4253,64.695,20.427,322.622,4,42
-2.4312,-1.0962,0.4839,62.683,20.976,321.585,4,42
-2.4253,-1.1484,0.5483,61.890,22.500,321.768,4,42
-2.4297,-1.2139,0.5957,60.488,23.293,322.317,4,42
-2.4170,-1.3008,0.6338,60.000,24.573,324.085,4,42
-0.8003,-0.3306,-0.5806,-17.256,119.085,15.671,3,42
-0.7969,-0.3364,-0.6040,-23.232,117.256,18.110,3,42
-0.8081,-0.3735,-0.5977,-30.000,115.122,18.232,3,42
-0.8521,-0.4229,-0.5278,-37.317,113.293,18.354,3,42
-0.8418,-0.5186,-0.4805,-42.439,111.707,17.134,3,42
-0.8291,-0.5405,-0.4341,-48.354,111.280,17.622,3,42
-0.8101,-0.5703,-0.3525,-56.463,109.695,18.841,3,42
-0.8335,-0.6523,-0.2622,-63.720,108.659,21.037,3,42
7.8867,-12.2544,5.5640,646.890,93.598,262.073,4,42
6.3682,-13.7612,8.9639,421.768,38.171,462.256,4,42
8.4897,-12.6196,5.4570,247.500,-109.695,591.829,4,42
7.1152,-10.7676,8.9800,248.537,5.427,783.476,4,42
1.6621,-12.1646,8.2803,315.244,67.195,817.134,4,42
-1.3408,-12.3452,5.6646,246.585,-167.195,648.476,4,42
0.5269,-12.8970,0.7012,150.732,-380.854,217.744,4,42
-1.4258,-6.4824,-4.4180,218.354,-63.049,-410.549,4,42
-3.9414,-0.3154,0.2896,-205.671,-10.976,-655.610,4,42
-5.2959,3.9004,0.0405,-648.293,-98.720,-545.488,4,42
-9.8555,6.5825,-4.4624,-905.732,-106.585,-218.171,4,42
-11.0957,0.6509,-5.6782,-843.293,-72.439,47.988,4,42
-9.7734,-2.2974,-5.2817,-235.732,-14.756,57.744,4,42
-7.4414,-1.9204,-4.2524,8.293,-8.476,35.244,4,42
-5.3682,-3.1743,-3.6816,81.098,-17.927,17.378,4,42
-3.7061,-3.5366,-1.6172,117.866,-22.378,-18.659,4,42
-0.6396,-0.1714,-0.8394,15.549,81.037,18.659,3,42
-0.7178,-0.2310,-0.7744,14.512,76.402,17.561,3,42
-0.7603,-0.2393,-0.6509,9.695,71.829,17.805,3,42
-0.7949,-0.2563,-0.5840,4.146,66.829,18.232,3,42
-0.8462,-0.2666,-0.5522,2.195,61.098,18.598,3,42
-0.8857,-0.2588,-0.5034,2.683,55.427,18.293,3,42
-0.9067,-0.2437,-0.4824,0.488,51.098,16.768,3,42
-0.8901,-0.2153,-0.5249,-2.256,48.049,13.963,3,42
-1.0547,-2.9189,0.0161,11.341,41.037,17.622,4,42
-1.7534,-3.1372,-0.2109,-68.963,50.671,27.439,4,42
-2.1377,-3.0020,-0.1870,-160.732,46.524,39.573,4,42
-2.4922,-2.7168,-0.1304,-233.659,52.256,44.268,4,42
-2.8828,-2.4043,-0.4492,-262.927,52.561,54.329,4,42
-2.7129,-2.0137,-0.0884,-274.085,55.854,65.061,4,42
-3.4150,-1.6099,-0.3281,-253.659,53.780,72.012,4,42
-3.8101,-1.3677,-0.5752,-210.671,58.720,84.817,4,42
-0.9419,0.4326,-0.4487,3.902,18.476,-17.866,3,42
-0.8823,0.4502,-0.5317,5.854,14.817,-21.707,3,42
-0.7915,0.4009,-0.6445,7.439,10.183,-25.488,3,42
-0.7134,0.3022,-0.7295,9.634,5.610,-29.329,3,42
-0.6533,0.2017,-0.7866,11.037,-0.976,-32.683,3,42
-0.5947,0.1230,-0.8550,10.732,-8.110,-35.122,3,42
-0.5635,0.0513,-0.9131,8.049,-15.000,-37.317,3,42
-0.5562,-0.0020,-0.9092,5.305,-22.439,-39.146,3,42
-2.2651,-4.1489,-0.3169,-51.037,118.293,124.878,4,42
-2.5430,-4.4214,-0.0718,-89.146,116.402,125.000,4,42
-2.8945,-4.6323,0.1162,-125.854,115.244,125.549,4,42
-3.2524,-4.8066,0.2905,-153.476,111.463,128.659,4,42
-3.5454,-4.9033,0.4536,-173.537,106.829,132.317,4,42
-3.6460,-4.9385,0.5537,-186.402,100.732,132.683,4,42
-3.5366,-4.9341,0.6826,-192.988,92.561,129.085,4,42
-3.3306,-5.0112,0.8374,-194.451,85.366,123.476,4,42
-0.8887,-0.0947,-0.4878,-5.122,-66.951,-43.415,3,42
-0.9092,-0.1401,-0.4727,-3.780,-68.415,-44.024,3,42
-0.9180,-0.1997,-0.4683,-2.561,-70.000,-44.268,3,42
-0.9297,-0.2612,-0.4487,-1.890,-71.646,-44.817,3,42
-0.9336,-0.3242,-0.4448,-2.439,-73.293,-44.756,3,42
-0.9150,-0.3721,-0.4097,-3.963,-74.512,-44.634,3,42
-0.8984,-0.4185,-0.3867,-5.976,-75.976,-43.902,3,42
-0.8784,-0.4624,-0.3672,-8.415,-77.378,-42.500,3,42
-0.8984,-0.2646,-0.3105,-12.866,-87.866,-9.451,3,42
-0.9053,-0.2524,-0.2969,-4.939,-87.622,-7.317,3,42
-0.9023,-0.2485,-0.3018,2.988,-87.378,-4.512,3,42
-0.9004,-0.2466,-0.3086,9.634,-87.744,-2.317,3,42
-0.8779,-0.2495,-0.3345,16.159,-88.171,-0.183,3,42
-0.8589,-0.2622,-0.3589,21.890,-88.293,1.707,3,42
-0.8501,-0.2759,-0.3726,27.927,-87.988,3.232,3,42
-0.8359,-0.2954,-0.3613,33.110,-87.683,4.390,3,42
-0.8506,-0.2983,-0.3242,38.415,-87.317,4.939,3,42
-0.8628,-0.3091,-0.2974,42.317,-87.500,4.634,3,42
-0.8833,-0.2979,-0.2676,46.159,-87.195,4.329,3,42
-0.9028,-0.2852,-0.2456,48.293,-86.768,3.171,3,42
-0.9370,-0.2642,-0.2061,50.427,-86.220,2.561,3,42
-0.9634,-0.2466,-0.1660,51.402,-85.244,2.012,3,42
-0.9868,-0.2383,-0.1450,52.561,-84.512,1.341,3,42
-1.0083,-0.2183,-0.1172,52.500,-83.598,1.098,3,42
-1.7124,-3.8818,-0.2241,394.024,311.829,-214.146,4,42
-1.1704,-2.5840,0.8213,374.268,193.963,-203.659,4,42
-0.8022,-1.7441,0.9902,264.573,146.220,-239.207,4,42
-0.6934,-1.6235,1.0610,98.659,124.207,-282.866,4,42
-0.9385,-1.7729,0.4678,-110.427,136.463,-344.390,4,42
-1.0000,-1.9829,0.3501,-273.841,142.134,-405.366,4,42
-1.0664,-2.0977,0.3779,-373.902,136.951,-450.488,4,42
-1.1963,-2.1460,0.4844,-420.305,124.085,-484.085,4,42
-0.9951,-0.0332,-0.0742,12.439,-72.317,10.366,3,42
-0.9902,-0.0234,-0.0659,4.268,-70.610,10.854,3,42
-0.9995,-0.0146,-0.0313,-3.720,-68.415,11.098,3,42
-1.0044,-0.0088,-0.0068,-11.585,-66.585,10.671,3,42
-1.0088,-0.0044,0.0151,-18.598,-65.061,10.000,3,42
-1.0229,-0.0073,0.0313,-25.488,-63.354,9.451,3,42
-1.0396,-0.0298,0.0439,-31.524,-61.524,8.476,3,42
-1.0493,-0.0537,0.0474,-36.768,-59.817,7.500,3,42
-1.0586,-0.0942,0.0278,-41.585,-57.561,6.768,3,42
-1.0610,-0.1484,0.0200,-45.183,-55.610,5.854,3,42
-1.0693,-0.2021,0.0063,-48.171,-53.963,5.244,3,42
-1.0601,-0.2471,-0.0078,-49.817,-52.195,5.488,3,42
-1.0552,-0.2896,-0.0220,-50.793,-50.793,5.610,3,42
-1.0439,-0.3110,-0.0469,-50.549,-49.085,6.280,3,42
-1.0430,-0.3242,-0.0586,-49.878,-47.683,6.890,3,42
-1.0449,-0.3188,-0.0659,-49.268,-46.585,7.683,3,42
-1.0581,-0.3125,-0.0532,-50.000,-45.183,8.293,3,42
-1.0815,-0.3154,-0.0112,-51.098,-44.085,8.293,3,42
-1.1035,-0.3291,0.0273,-53.415,-42.805,7.988,3,42
-1.1152,-0.3340,0.0439,-55.183,-42.317,7.073,3,42
-1.1099,-0.3467,0.0488,-56.646,-41.280,7.012,3,42
-1.0977,-0.3579,0.0391,-56.829,-39.695,6.646,3,42
-1.0698,-0.3521,0.0142,-57.012,-38.659,7.500,3,42
-1.0391,-0.3403,-0.0034,-57.622,-37.805,8.110,3,42
-8.1802,15.9824,-1.9941,-954.878,313.659,370.671,4,42
-3.0293,10.0493,-0.2729,-1157.927,-174.756,-223.232,4,42
-4.9019,10.0308,4.2075,-578.780,-319.939,-557.012,4,42
-5.3184,10.2861,5.3315,127.744,-230.915,-750.366,4,42
-3.3999,7.7153,5.5771,497.195,-270.305,-844.634,4,42
-3.3228,10.4355,4.5420,449.146,-194.512,-765.305,4,42
-2.2441,9.4487,3.7920,307.134,-62.683,-625.671,4,42
-1.4170,7.6831,3.1123,224.329,75.854,-544.695,4,42
-1.1021,6.1733,2.7734,254.573,182.866,-536.585,4,42
-0.8770,5.4678,2.6704,352.073,256.037,-575.061,4,42
-0.6738,5.0903,2.5166,457.073,312.317,-633.902,4,42
-0.6206,4.6338,2.2266,525.549,354.634,-688.110,4,42
-0.4839,4.1504,2.2012,528.110,377.683,-721.646,4,42
0.2012,3.4248,2.3999,441.829,413.902,-722.622,4,42
4.4375,1.0049,0.4956,257.256,401.037,-582.866,4,42
7.1689,1.7676,0.5977,94.390,230.671,-211.707,4,42
-0.9106,-0.2900,-0.2051,-134.024,-47.622,2.805,3,42
-0.8833,-0.2124,-0.2002,-124.268,-46.524,5.000,3,42
-0.8779,-0.0815,-0.1890,-117.256,-45.366,5.793,3,42
-0.8950,0.0679,-0.1655,-114.085,-44.512,5.366,3,42
-0.9282,0.2021,-0.1543,-114.512,-44.329,4.329,3,42
-0.9673,0.3169,-0.1377,-115.915,-45.061,2.561,3,42
-1.0000,0.3896,-0.1260,-117.256,-45.732,1.646,3,42
-1.0288,0.4160,-0.1270,-116.280,-46.707,0.366,3,42
-0.8330,4.9868,-1.4648,-273.049,-520.610,-11.280,4,42
-2.6982,2.6909,-4.7285,-1004.390,-236.463,-15.793,4,42
-2.1069,1.7412,-3.6514,-721.402,-205.671,27.927,4,42
-4.1626,3.2549,-3.8438,-340.000,-139.512,77.073,4,42
-2.5063,2.5859,-1.6523,-78.598,-40.061,103.902,4,42
-3.2896,4.1714,-1.6489,186.951,43.293,92.317,4,42
-3.2773,3.5171,-0.8345,361.768,97.927,102.744,4,42
-2.8862,3.2329,-0.6450,475.915,137.439,101.098,4,42
-0.9722,0.2944,-0.0649,-54.146,-35.549,-6.585,3,42
-0.9683,0.3071,-0.0630,-43.293,-34.207,-8.232,3,42
-0.9551,0.3340,-0.0679,-32.988,-32.256,-8.902,3,42
-0.9707,0.3643,-0.0654,-22.744,-29.695,-9.939,3,42
-0.9868,0.3716,-0.0708,-10.793,-26.098,-11.768,3,42
-0.9995,0.3560,-0.0703,-2.988,-24.268,-14.024,3,42
-1.0132,0.3267,-0.0723,5.732,-21.829,-16.768,3,42
-1.0210,0.2935,-0.0605,13.841,-19.390,-19.329,3,42
-1.0264,0.2539,-0.0420,21.341,-17.317,-21.951,3,42
-1.0332,0.2158,-0.0142,27.988,-15.366,-23.841,3,42
-1.0371,0.1675,-0.0078,33.476,-13.902,-25.305,3,42
-1.0371,0.1284,0.0010,39.512,-12.500,-26.037,3,42
-1.0479,0.0933,0.0244,43.963,-10.793,-27.134,3,42
-1.0474,0.0801,0.0498,46.951,-9.451,-28.049,3,42
-1.0522,0.0649,0.0659,49.939,-7.622,-29.146,3,42
-1.0547,0.0347,0.0591,52.378,-6.341,-29.451,3,42
-1.0591,0.0220,0.0444,55.122,-4.939,-29.268,3,42
-1.0713,0.0083,0.0249,56.159,-3.780,-28.171,3,42
-1.0786,-0.0244,0.0103,55.671,-2.622,-27.866,3,42
-1.0859,-0.0669,0.0054,54.024,-1.463,-27.256,3,42
-1.0898,-0.1162,0.0073,51.707,-0.427,-27.439,3,42
-1.0781,-0.1621,0.0220,50.427,0.854,-27.561,3,42
-1.0674,-0.2036,0.0254,51.159,2.317,-27.500,3,42
-1.0508,-0.2246,0.0347,53.049,4.085,-27.317,3,42
-1.0303,-0.2314,0.0273,57.256,5.854,-26.951,3,42
-1.0186,-0.2158,0.0234,61.829,8.110,-26.890,3,42
-1.0083,-0.1865,0.0122,67.012,10.488,-25.976,3,42
-1.0059,-0.1426,0.0029,69.939,12.073,-25.061,3,42
-1.0327,-0.0952,0.0093,68.780,13.659,-24.085,3,42
-1.0454,-0.0649,0.0220,63.110,14.512,-23.171,3,42
-1.0825,-0.0737,0.0381,52.500,14.756,-21.280,3,42
-1.1016,-0.1216,0.0493,38.720,14.817,-19.146,3,42
-1.1299,-0.2202,0.0381,25.061,15.732,-17.256,3,42
-1.1353,-0.3462,0.0610,14.329,16.890,-16.220,3,42
-1.1343,-0.4707,0.0874,7.073,18.963,-15.366,3,42
-1.1230,-0.5674,0.1279,3.232,21.159,-14.756,3,42
-1.1006,-0.6484,0.1934,1.402,25.122,-13.841,3,42
-1.0859,-0.6572,0.2310,0.244,27.866,-12.073,3,42
-1.0571,-0.6421,0.2588,-0.854,30.671,-10.610,3,42
-1.0405,-0.6211,0.2886,-2.012,33.476,-8.598,3,42
-2.7695,0.5132,0.4453,127.683,70.366,326.280,4,42
-2.9570,0.4092,0.4404,110.427,67.073,329.878,4,42
-3.1367,0.3276,0.4487,98.415,65.488,333.720,4,42
-3.3022,0.2480,0.4629,91.159,66.159,338.720,4,42
-3.4219,0.2124,0.4546,88.720,71.159,343.598,4,42
-3.4946,0.1875,0.4175,91.951,80.122,350.122,4,42
-3.5430,0.1987,0.3950,100.671,91.585,357.256,4,42
-3.5366,0.2119,0.3540,113.171,104.329,364.207,4,42
-3.4937,0.2329,0.3218,127.256,115.854,369.939,4,42
-3.4507,0.2031,0.3213,141.951,126.341,373.963,4,42
-3.3906,0.1328,0.3257,154.512,134.878,377.500,4,42
-3.3379,0.0361,0.3413,163.659,139.512,380.183,4,42
-3.2827,-0.0972,0.3784,167.073,140.793,380.976,4,42
-3.2451,-0.2554,0.4355,165.488,138.537,381.829,4,42
-3.2305,-0.4468,0.4873,160.000,134.207,381.829,4,42
-3.2080,-0.6265,0.5156,153.537,130.000,381.585,4,42
-3.1812,-0.7891,0.5361,148.963,128.049,381.707,4,42
-3.1768,-0.9468,0.5762,147.744,130.366,381.037,4,42
-3.1602,-1.0791,0.6050,151.463,134.512,380.427,4,42
-3.0957,-1.1543,0.6377,157.744,139.268,378.171,4,42
-3.0396,-1.2505,0.7334,164.329,144.085,372.744,4,42
-2.9648,-1.4482,0.8896,170.671,150.427,366.768,4,42
-2.8550,-1.6250,0.9727,184.024,153.902,362.317,4,42
-2.6919,-1.8540,1.0508,201.280,150.000,361.280,4,42
-2.5581,-1.8462,1.1655,204.451,138.537,360.732,4,42
-2.4180,-1.9028,1.2939,189.085,126.341,353.110,4,42
-2.2192,-2.0361,1.3364,168.537,118.963,344.085,4,42
-2.0166,-2.1699,1.2710,157.866,119.024,337.317,4,42
-1.8604,-2.2295,1.1460,159.329,123.598,333.293,4,42
-1.7480,-2.1987,1.0591,167.439,127.256,330.488,4,42
-1.6860,-2.0933,0.9795,170.427,126.951,326.341,4,42
-1.6333,-1.9829,0.8789,161.159,118.171,320.488,4,42
-1.1089,-0.0298,0.4209,26.341,150.061,24.634,3,42
-1.0186,-0.0195,0.2705,32.683,152.866,24.329,3,42
-0.9639,-0.0024,0.1030,41.402,154.512,23.354,3,42
-0.9077,-0.0093,-0.0850,51.829,155.427,22.012,3,42
-0.8501,-0.0254,-0.2368,62.744,155.610,19.451,3,42
-0.7612,-0.0864,-0.4053,74.268,155.000,16.890,3,42
-0.6587,-0.2036,-0.6230,86.768,153.293,14.756,3,42
-0.5684,-0.3535,-0.8711,99.024,150.671,12.439,3,42
-4.1509,-6.6621,0.5596,829.024,326.280,458.598,4,42
-6.1606,-7.3491,4.6250,865.793,323.659,463.780,4,42
-5.1465,-11.5142,3.6392,570.732,220.793,335.244,4,42
-4.2280,-13.5435,2.0737,367.073,112.744,229.451,4,42
-2.1592,-14.8857,2.1392,409.146,102.500,150.488,4,42
1.4248,-14.6885,3.1841,525.610,136.768,99.817,4,42
4.6123,-12.9883,3.8008,691.463,189.268,61.890,4,42
6.2339,-11.2642,5.5796,647.622,159.756,45.549,4,42
-1.0244,-0.8442,-0.3032,-0.366,105.915,31.646,3,42
-1.0156,-0.8818,-0.0605,-17.012,104.451,36.341,3,42
-1.0015,-0.7065,0.1748,-30.488,103.841,38.171,3,42
-1.0723,-0.5420,0.2651,-44.146,103.232,42.866,3,42
-1.1592,-0.3608,0.1646,-51.890,101.829,46.707,3,42
-1.1890,-0.1602,0.0903,-51.037,102.195,48.659,3,42
-1.1411,0.0352,-0.0220,-49.085,104.085,48.415,3,42
-0.9893,0.1494,-0.1978,-43.415,105.000,46.707,3,42
-6.8398,0.4277,-0.1177,-641.280,-228.780,-349.695,4,42
-9.3042,2.7393,-1.0337,-694.207,-238.171,-239.207,4,42
-10.6797,2.9609,-1.8325,-675.000,-232.012,-146.829,4,42
-11.1372,0.2100,-3.6582,-406.646,-135.793,-63.841,4,42
-10.2949,-0.9189,-2.9492,-26.220,-13.841,-1.098,4,42
-7.2017,-2.2671,-1.8813,184.634,63.720,81.768,4,42
-4.3862,-3.3022,-0.6670,235.854,67.439,104.085,4,42
-2.1646,-4.0581,0.3955,197.378,52.500,66.646,4,42
-1.0620,-3.7925,1.3574,169.146,48.171,45.488,4,42
-0.6426,-3.5640,2.3516,99.329,20.549,5.854,4,42
-0.1216,-2.2505,1.9048,30.793,-7.439,-54.817,4,42
0.5503,-1.1216,0.9844,64.451,13.415,-94.817,4,42
0.3711,-0.5459,1.3018,109.512,51.280,-61.646,4,42
0.1362,-1.0474,1.1084,81.280,67.134,-5.549,4,42
-0.4790,-1.6104,0.5879,40.732,58.171,36.037,4,42
-1.0127,-2.8389,0.4111,-8.476,47.073,50.427,4,42
-1.3770,-3.2300,0.0942,-40.610,44.329,67.561,4,42
-1.8115,-3.3643,0.0127,-78.171,43.171,73.110,4,42
-2.1733,-3.3237,-0.1992,-108.171,44.756,71.524,4,42
-2.6006,-3.2412,-0.3564,-140.122,44.756,67.805,4,42
-3.7236,-3.2188,-0.5327,-173.415,33.293,60.549,4,42
-3.9854,-3.2021,-0.6973,-182.805,35.671,55.427,4,42
-5.0415,-3.6489,-1.2505,-157.195,43.232,60.427,4,42
-5.8296,-4.0601,-1.4468,-105.244,61.159,89.817,4,42
-0.6484,0.0947,-0.7168,77.439,-1.220,-10.366,3,42
-0.5591,0.0347,-0.8960,77.378,-7.378,-13.841,3,42
-0.5366,-0.0439,-0.9878,75.671,-14.085,-16.707,3,42
-0.5190,-0.0923,-1.0405,72.561,-22.012,-18.841,3,42
-0.5151,-0.1123,-0.9756,67.683,-29.878,-19.817,3,42
-0.5083,-0.1348,-0.9375,61.280,-36.890,-20.793,3,42
-0.5234,-0.1436,-0.8735,55.122,-44.390,-20.854,3,42
-0.5771,-0.1387,-0.8032,47.500,-51.951,-21.463,3,42
-1.3032,-5.4609,0.9224,-182.073,52.317,138.354,4,42
-1.5317,-5.6494,1.1382,-208.415,42.012,130.122,4,42
-1.7671,-5.8472,1.3398,-229.695,30.976,121.890,4,42
-1.9751,-5.9541,1.5132,-247.622,18.963,109.634,4,42
-2.1025,-5.9619,1.7979,-266.951,2.805,92.500,4,42
-2.0898,-5.9731,2.1133,-288.476,-13.659,72.439,4,42
-1.9688,-5.8447,2.2563,-303.293,-29.329,50.915,4,42
-1.7231,-5.4893,1.9663,-316.951,-40.244,28.293,4,42
-0.9907,-0.1333,-0.3281,18.780,-73.293,-31.037,3,42
-0.9658,-0.2051,-0.3154,15.122,-74.451,-32.317,3,42
-0.9526,-0.2700,-0.3066,10.366,-74.878,-33.720,3,42
-0.9395,-0.3179,-0.3032,6.524,-75.183,-34.573,3,42
-0.9492,-0.3442,-0.2710,2.439,-74.634,-35.000,3,42
-0.9653,-0.3652,-0.2446,-1.463,-74.573,-34.878,3,42
-0.9766,-0.3833,-0.2349,-4.817,-74.390,-34.085,3,42
-0.9819,-0.3911,-0.2246,-8.110,-74.390,-32.378,3,42
-2.6021,-1.5571,0.5742,-549.451,-64.268,87.805,4,42
-2.5859,-1.8774,0.8550,-562.744,-67.439,74.085,4,42
-2.8833,-2.7744,1.2021,-610.244,-80.427,56.280,4,42
-3.1187,-3.7065,1.1909,-646.890,-99.268,19.390,4,42
-2.9263,-4.1772,0.9961,-652.500,-116.890,-21.341,4,42
-2.2393,-3.9717,0.6475,-630.366,-112.500,-60.122,4,42
-1.4165,-3.4146,0.3169,-610.244,-91.220,-76.585,4,42
-0.7866,-3.0020,0.1753,-588.476,-60.488,-78.110,4,42
-0.9497,-0.3896,-0.3052,-25.000,-76.524,-17.927,3,42
-0.9521,-0.3608,-0.2935,-24.512,-76.037,-15.061,3,42
-0.9570,-0.3379,-0.2808,-23.049,-75.122,-12.500,3,42
-0.9595,-0.3208,-0.2554,-21.159,-74.329,-10.366,3,42
-0.9668,-0.3110,-0.2334,-18.598,-73.476,-8.841,3,42
-0.9663,-0.2969,-0.2109,-15.000,-72.073,-7.256,3,42
-0.9624,-0.2891,-0.1909,-10.915,-70.427,-5.671,3,42
-0.9585,-0.2622,-0.1724,-7.134,-68.476,-4.573,3,42
-1.3560,-0.9658,-0.0317,-385.915,-69.939,-209.878,4,42
-1.3110,-1.0005,0.6997,-314.512,-67.439,-213.049,4,42
-1.5356,-1.5469,0.7290,-213.110,-52.195,-217.683,4,42
-1.6289,-1.9624,0.8638,-113.902,-13.720,-212.866,4,42
-1.3838,-2.5151,1.3984,-98.902,15.427,-226.768,4,42
-1.3447,-2.5303,1.6357,-133.354,68.902,-222.622,4,42
-1.3872,-2.5342,1.6982,-205.732,109.939,-222.195,4,42
-1.4478,-2.5723,1.6084,-283.110,141.829,-227.561,4,42
-0.9443,-0.0986,-0.0190,20.122,-46.402,-3.902,3,42
-0.9355,-0.1104,-0.0483,21.707,-44.268,-5.488,3,42
-0.9248,-0.1274,-0.0986,24.207,-42.927,-6.951,3,42
-0.9067,-0.1372,-0.1294,26.098,-41.341,-8.415,3,42
-0.8945,-0.1553,-0.1694,27.378,-39.878,-9.756,3,42
-0.8984,-0.1670,-0.1895,27.195,-39.085,-11.402,3,42
-0.8945,-0.1772,-0.1982,25.122,-38.110,-12.073,3,42
-0.9097,-0.1719,-0.1914,22.134,-37.622,-12.805,3,42
-0.8154,-2.4512,0.8965,36.098,189.024,-276.341,4,42
-0.7568,-2.2275,1.0190,2.256,175.793,-295.000,4,42
-0.7100,-2.0898,1.0034,-51.524,168.598,-322.744,4,42
-0.6670,-2.0034,0.9077,-113.171,164.207,-357.927,4,42
-0.6851,-1.9814,0.8340,-170.427,158.049,-396.463,4,42
-0.7705,-2.0063,0.8105,-217.927,145.366,-432.195,4,42
-0.8901,-2.0605,0.8184,-255.427,127.012,-465.793,4,42
-1.0649,-2.0708,0.8442,-286.159,104.817,-500.305,4,42
-1.2534,-2.0732,0.8921,-312.134,81.098,-539.390,4,42
-1.4463,-2.0425,0.9224,-334.024,59.390,-582.866,4,42
-1.5757,-2.0347,0.9536,-348.598,43.232,-631.646,4,42
-1.6602,-2.0405,1.0015,-349.939,35.366,-684.268,4,42
-1.6807,-1.9912,1.1392,-327.439,38.354,-735.854,4,42
-1.8232,-2.0894,1.2813,-283.171,45.549,-783.720,4,42
-2.0391,-2.1768,1.4204,-210.183,50.488,-820.793,4,42
-2.0728,-2.1787,1.6885,-122.195,49.756,-834.146,4,42
-2.2617,-2.0947,1.9492,-46.829,43.963,-826.890,4,42
-2.4238,-1.8267,2.1060,-1.890,27.927,-798.963,4,42
-2.7500,-1.5151,2.2617,4.817,6.585,-753.720,4,42
-3.2734,-1.2031,2.4282,-31.646,-14.573,-700.244,4,42
-3.7974,-1.0703,2.6973,-94.512,-32.866,-646.037,4,42
-4.3770,-1.0796,2.9468,-154.512,-47.378,-605.061,4,42
-4.8223,-1.1338,3.3149,-186.037,-46.341,-587.683,4,42
-5.4780,-1.2661,3.6187,-181.159,-28.049,-591.768,4,42
-0.9951,-0.1333,-0.1558,-43.232,-32.378,15.427,3,42
-1.0098,0.0117,-0.1465,-41.646,-31.585,17.317,3,42
-1.0186,0.1392,-0.1411,-42.256,-31.037,19.634,3,42
-1.0449,0.2515,-0.1196,-44.512,-30.366,21.585,3,42
-1.0840,0.3179,-0.0928,-46.768,-29.756,22.500,3,42
-1.1187,0.3452,-0.0654,-50.671,-29.817,22.134,3,42
-1.1470,0.3477,-0.0425,-53.841,-29.939,21.159,3,42
-1.1538,0.3262,-0.0591,-57.134,-29.451,19.756,3,42
-1.1406,0.3032,-0.0820,-60.732,-28.780,18.171,3,42
-1.1035,0.2739,-0.1157,-66.402,-27.378,17.073,3,42
-1.0630,0.2534,-0.1201,-74.573,-26.585,16.341,3,42
-1.0420,0.2021,-0.1221,-84.756,-25.610,15.366,3,42
-1.0439,0.1240,-0.1289,-95.427,-25.244,13.293,3,42
-1.0645,0.0225,-0.1196,-105.000,-24.939,10.366,3,42
-1.0786,-0.0581,-0.0830,-112.317,-25.122,6.524,3,42
-1.0479,-0.1353,-0.0762,-116.890,-24.817,3.780,3,42
-4.2827,9.0381,1.9302,465.427,210.549,-609.024,4,42
-3.4082,7.7573,2.8291,345.549,-18.659,-519.024,4,42
-1.9219,6.7627,2.7412,230.183,-191.829,-440.854,4,42
-1.1099,5.9941,2.5239,168.537,-278.841,-425.732,4,42
-0.2485,5.1782,1.9590,125.488,-350.976,-440.183,4,42
0.1807,4.3379,1.4766,116.220,-418.293,-457.805,4,42
0.3560,3.6582,1.2319,127.439,-476.341,-472.378,4,42
0.2437,3.4097,1.3110,151.463,-508.232,-486.220,4,42
1.1040,4.3164,1.5854,96.341,-480.244,-491.341,4,42
2.5225,4.6221,0.5850,-351.341,-265.976,-414.573,4,42
2.9800,-0.1143,-2.2847,-677.439,-76.402,-203.110,4,42
2.6157,-0.1460,-3.1221,-397.866,-93.415,54.390,4,42
1.1030,-0.0449,-3.4204,-89.268,-1.646,134.451,4,42
1.4980,0.3926,-2.9771,178.415,94.878,111.280,4,42
0.2988,1.0176,-1.5215,367.073,176.098,86.524,4,42
-0.4312,1.5776,-0.5542,401.402,195.854,86.280,4,42
-0.5190,2.0815,-0.4380,305.671,137.134,87.683,4,42
-0.2300,2.2651,0.0986,114.817,46.524,87.988,4,42
-0.5420,2.2197,0.2896,-27.622,-41.646,96.707,4,42
-0.5757,2.1631,-0.0327,-138.110,-106.402,116.280,4,42
-1.0840,2.1465,-0.0898,-179.329,-112.805,142.073,4,42
-1.7656,2.2144,-0.3994,-155.976,-73.110,157.622,4,42
-2.2935,2.2979,-0.7554,-101.646,-29.329,164.085,4,42
-2.6538,2.1416,-0.9058,-34.329,10.671,165.610,4,42
-2.6533,2.0835,-0.8013,34.146,30.549,159.756,4,42
-2.8853,2.0361,-0.7983,103.659,36.037,147.378,4,42
-2.7827,2.0874,-0.6016,158.841,35.488,125.915,4,42
-2.5503,2.0439,-0.2813,205.244,35.427,103.902,4,42
-2.4507,1.9780,-0.0020,245.854,39.268,86.463,4,42
-2.3555,2.0464,0.2256,280.610,42.927,79.573,4,42
-2.3359,2.1450,0.4443,300.854,48.902,78.354,4,42
-2.1914,2.2915,0.6387,309.878,53.902,79.939,4,42
-0.9683,0.2007,-0.1841,2.378,-29.390,-8.963,3,42
-0.9937,0.1699,-0.1631,1.951,-29.207,-10.305,3,42
-1.0137,0.1426,-0.1401,0.976,-28.293,-11.646,3,42
-1.0352,0.0972,-0.1147,-0.305,-27.988,-13.415,3,42
-1.0586,0.0537,-0.0806,-1.768,-26.768,-15.000,3,42
-1.0610,0.0122,-0.0605,-2.866,-26.768,-15.793,3,42
-1.0610,-0.0225,-0.0557,-4.268,-25.793,-16.524,3,42
-1.0518,-0.0439,-0.0552,-5.732,-24.878,-17.256,3,42
-1.0347,-0.0791,-0.0444,-7.500,-23.293,-17.500,3,42
-1.0259,-0.1021,-0.0620,-8.110,-22.439,-17.805,3,42
-1.0391,-0.1255,-0.0562,-8.476,-21.585,-17.927,3,42
-1.0322,-0.1392,-0.0649,-8.171,-20.122,-18.537,3,42
-1.0269,-0.1543,-0.0723,-7.927,-19.390,-19.024,3,42
-1.0176,-0.1553,-0.0732,-7.378,-18.537,-19.329,3,42
-1.0166,-0.1616,-0.0815,-6.098,-17.439,-19.512,3,42
-0.9966,-0.1519,-0.0918,-3.902,-16.098,-19.268,3,42
-1.4927,0.9443,0.5234,336.890,105.122,202.134,4,42
-1.6602,0.9287,0.3677,313.598,101.402,203.537,4,42
-1.8442,0.8936,0.2148,296.829,100.122,207.134,4,42
-2.0796,0.8359,0.0903,288.110,101.585,211.037,4,42
-2.3394,0.7671,0.0161,288.659,103.780,214.085,4,42
-2.6006,0.6870,-0.0239,295.732,107.317,216.646,4,42
-2.8765,0.5801,-0.0259,307.134,111.890,219.756,4,42
-3.1216,0.4478,-0.0132,319.268,118.232,225.427,4,42
-1.0435,-0.0913,-0.0718,9.756,-4.329,-11.768,3,42
-1.0557,-0.1411,-0.0552,4.817,-3.537,-10.244,3,42
-1.0581,-0.2021,-0.0356,-1.341,-2.134,-9.207,3,42
-1.0591,-0.2749,-0.0288,-6.159,-0.793,-8.110,3,42
-1.0498,-0.3433,-0.0107,-9.817,1.524,-6.768,3,42
-1.0557,-0.3862,0.0303,-11.524,3.659,-6.402,3,42
-1.0605,-0.4229,0.0674,-12.378,5.305,-6.159,3,42
-1.0728,-0.4375,0.1035,-12.073,7.317,-5.610,3,42
-2.2183,0.1064,0.4194,208.476,130.549,303.049,4,42
-2.1855,0.0928,0.4370,189.817,127.988,305.854,4,42
-2.1948,0.0786,0.4526,173.780,125.915,309.146,4,42
-2.2666,0.0718,0.4609,160.305,124.695,312.073,4,42
-2.3784,0.0596,0.4580,148.232,123.171,314.207,4,42
-2.5186,0.0688,0.4595,137.073,121.707,315.122,4,42
-2.6621,0.0815,0.4531,127.561,120.610,315.793,4,42
-2.8022,0.0850,0.4360,120.122,120.061,316.585,4,42
-1.1216,-0.1504,0.0894,-0.854,35.000,2.561,3,42
-1.1265,-0.1426,0.0884,-0.854,38.110,2.866,3,42
-1.1289,-0.1509,0.0815,-0.183,40.915,3.110,3,42
-1.1167,-0.1533,0.0806,1.890,44.329,3.293,3,42
-1.1079,-0.1470,0.0864,3.780,47.805,3.902,3,42
-1.1064,-0.1416,0.0796,5.427,50.671,4.390,3,42
-1.1025,-0.1318,0.0801,6.585,53.841,4.451,3,42
-1.1006,-0.1309,0.0869,7.622,57.378,4.329,3,42
-2.8936,0.3062,0.6157,238.354,162.561,377.195,4,42
-2.8887,0.1484,0.6978,246.951,165.854,377.500,4,42
-2.8950,-0.0537,0.7808,253.049,168.659,376.037,4,42
-2.9097,-0.2910,0.8867,255.732,170.549,373.598,4,42
-2.9346,-0.5479,1.0039,255.061,171.341,369.573,4,42
-2.9287,-0.8105,1.0864,252.500,170.915,364.085,4,42
-2.8950,-1.0552,1.1191,246.402,168.537,357.866,4,42
-2.8340,-1.2632,1.1929,234.695,162.500,351.585,4,42
-2.7354,-1.4180,1.2461,215.549,155.000,345.732,4,42
-2.6099,-1.4482,1.2490,195.244,147.378,336.646,4,42
-2.4551,-1.6470,1.2783,178.902,139.939,323.415,4,42
-2.2656,-1.6973,1.2690,161.463,135.061,322.927,4,42
-2.1113,-1.6851,1.2583,145.244,130.061,321.524,4,42
-1.9756,-1.6821,1.2549,126.341,122.683,318.598,4,42
-1.8398,-1.6860,1.2256,103.902,111.159,314.451,4,42
-1.6929,-1.6880,1.1943,79.024,97.500,309.451,4,42
-1.3857,-1.3916,0.8203,19.207,29.085,271.220,4,42
-1.4634,-1.3774,0.8262,15.793,19.634,264.390,4,42
-1.5596,-1.3823,0.8403,13.720,10.366,256.646,4,42
-1.6865,-1.4189,0.8672,14.817,3.720,248.049,4,42
-1.8398,-1.4531,0.9165,21.646,3.720,239.146,4,42
-2.0142,-1.4565,0.7964,33.171,10.976,230.976,4,42
-2.2168,-1.1812,0.1216,36.037,25.854,222.073,4,42
-2.5283,-0.0498,-0.6157,37.500,20.488,216.524,4,42
-2.9824,2.8584,-0.4463,74.390,-56.951,225.427,4,42
-4.2852,3.9448,2.3691,227.805,21.646,260.671,4,42
-3.1865,-0.9497,0.9468,330.793,124.817,289.939,4,42
-3.2700,-5.8027,-0.4639,637.134,243.110,372.012,4,42
-3.8398,-7.6997,2.2666,713.963,251.098,345.305,4,42
-4.6929,-13.2061,2.3496,543.902,191.159,303.354,4,42
-4.3936,-14.6035,1.8535,365.305,122.683,249.146,4,42
-1.9600,-14.8906,1.0366,388.171,100.549,188.720,4,42
1.4829,-14.7959,1.2983,513.780,120.671,125.427,4,42
4.7788,-15.2847,2.8076,601.220,143.293,100.366,4,42
7.1084,-15.6626,4.3486,534.024,120.061,89.146,4,42
8.6831,-12.6719,5.6104,377.988,37.317,69.878,4,42
7.0005,-10.5620,9.8477,475.183,36.524,144.634,4,42
3.7939,-9.1406,7.7383,349.451,44.695,216.768,4,42
1.7451,-9.8320,6.3872,190.122,-94.817,31.829,4,42
1.4780,-8.1226,0.6177,-294.146,-140.122,-328.659,4,42
-1.1455,-2.5591,2.5498,-484.329,-134.512,-525.610,4,42
-3.6001,0.2246,1.6563,-467.500,-133.659,-484.939,4,42
-8.0469,2.2554,-0.0684,-572.744,-127.195,-341.524,4,42
-12.0088,4.7944,0.0767,-780.427,-211.159,-140.183,4,42
-13.2891,0.7290,-2.9521,-925.915,-255.793,-79.634,4,42
-12.8315,-3.6587,-5.4009,-447.500,-121.524,-65.244,4,42
-10.4390,-2.1699,-1.7583,-19.146,10.183,18.049,4,42
-6.2588,-2.8330,-0.5537,73.720,44.573,58.720,4,42
-3.4688,-3.5190,-0.8833,156.585,52.073,61.098,4,42
-1.7139,-3.3735,0.5815,132.012,40.976,22.866,4,42
-0.7246,-2.8096,1.6250,84.878,12.683,1.341,4,42
0.0864,-1.9233,1.3223,27.134,-9.451,-33.780,4,42
0.8623,-0.5068,0.6138,59.878,6.585,-72.134,4,42
1.1123,-0.1050,0.7236,117.073,44.512,-52.012,4,42
0.6016,-0.5098,0.5122,127.378,66.890,7.500,4,42
-0.1621,-1.8022,0.1318,105.366,78.232,45.122,4,42
-1.1211,-2.4409,-0.1323,76.707,65.061,39.878,4,42
-1.7451,-3.4111,-0.3506,24.390,61.402,51.585,4,42
-2.0024,-3.6382,-0.3804,-45.183,44.268,56.341,4,42
-2.3345,-3.9175,-0.7671,-96.463,39.817,58.171,4,42
-2.3091,-3.9785,-0.7129,-126.037,42.744,55.061,4,42
-4.0820,-3.9453,-0.8213,-163.415,30.244,48.232,4,42
-4.7651,-3.5034,-1.2251,-167.561,26.280,36.159,4,42
-5.6475,-3.5352,-1.5234,-138.902,28.659,37.256,4,42
-0.6865,-0.1406,-0.6860,66.707,-34.085,-20.793,3,42
-0.6724,-0.0947,-0.7393,60.732,-39.390,-22.805,3,42
-0.6846,-0.0371,-0.7803,54.085,-45.122,-25.061,3,42
-0.6987,0.0098,-0.7944,47.744,-50.793,-26.951,3,42
-0.7212,0.0371,-0.7686,41.463,-57.195,-29.146,3,42
-0.7305,0.0444,-0.7212,36.159,-63.232,-31.159,3,42
-0.7622,0.0386,-0.6807,31.159,-69.268,-32.744,3,42
-0.7813,0.0254,-0.6489,27.622,-74.146,-33.659,3,42
-0.8511,-5.6484,0.6768,-224.329,28.902,124.573,4,42
-0.9292,-5.8999,0.9253,-275.183,19.146,105.366,4,42
-1.0327,-5.9712,1.1675,-326.463,7.378,87.683,4,42
-1.1299,-5.9824,1.3901,-375.793,-3.902,69.085,4,42
-1.2554,-5.9648,1.7256,-420.549,-15.488,50.549,4,42
-1.3491,-5.8618,1.9854,-460.488,-28.476,30.366,4,42
-1.4111,-5.6006,1.8623,-491.037,-37.683,8.110,4,42
-1.4302,-4.9966,1.4404,-515.610,-42.866,-16.159,4,42
-0.9326,-0.2983,-0.3970,0.183,-101.951,-35.000,3,42
-0.9238,-0.3267,-0.3853,-2.195,-102.866,-33.720,3,42
-0.9038,-0.3516,-0.3750,-4.451,-103.476,-32.744,3,42
-0.8848,-0.3779,-0.3662,-6.768,-104.512,-31.524,3,42
-0.8750,-0.4097,-0.3540,-9.573,-104.756,-30.183,3,42
-0.8691,-0.4385,-0.3467,-12.134,-105.732,-28.902,3,42
-0.8740,-0.4639,-0.3228,-14.634,-106.220,-27.683,3,42
-0.8735,-0.4883,-0.3062,-17.683,-106.524,-26.341,3,42
-2.9897,-1.4810,0.5313,-704.573,-37.866,97.622,4,42
-3.0879,-2.1367,0.8794,-695.183,-45.854,76.037,4,42
-3.4912,-2.8667,1.0762,-684.207,-61.402,43.110,4,42
-3.3745,-3.1221,1.2007,-670.915,-81.098,5.671,4,42
-2.8384,-3.0942,1.0762,-665.183,-92.195,-25.427,4,42
-2.0962,-2.7788,0.7285,-655.122,-88.415,-41.768,4,42
-1.2646,-2.3188,0.4106,-636.280,-73.293,-51.037,4,42
-0.7041,-1.9824,0.2090,-623.171,-47.805,-56.707,4,42
-0.4639,-1.7383,0.2363,-622.744,-24.634,-58.171,4,42
-0.4976,-1.4658,0.2480,-640.427,-12.012,-53.902,4,42
-0.5693,-1.1675,0.2729,-658.659,-10.976,-49.878,4,42
-0.7300,-0.9272,0.2646,-655.366,-22.683,-58.476,4,42
-0.9634,-0.5991,0.1909,-636.402,-44.817,-80.793,4,42
-1.0039,-0.3560,0.2002,-607.500,-70.061,-106.707,4,42
-1.1890,-0.0532,0.1650,-527.439,-80.366,-134.695,4,42
-1.3882,-0.1895,0.2329,-381.341,-53.902,-135.000,4,42
-0.9629,-0.0830,-0.1167,2.256,-91.463,1.098,3,42
-0.9604,-0.0967,-0.1147,4.207,-90.305,1.280,3,42
-0.9565,-0.1240,-0.0986,8.110,-87.561,0.976,3,42
-0.9570,-0.1626,-0.0571,11.341,-85.305,0.061,3,42
-0.9619,-0.1973,-0.0176,16.037,-82.195,-1.646,3,42
-0.9741,-0.1992,0.0010,18.780,-80.488,-3.049,3,42
-0.9819,-0.1909,0.0225,19.146,-78.598,-4.268,3,42
-1.0083,-0.1758,0.0498,17.561,-76.707,-5.366,3,42
-1.0278,-0.1699,0.0762,15.000,-74.390,-6.280,3,42
-1.0542,-0.1543,0.0742,13.720,-72.561,-7.134,3,42
-1.0591,-0.1338,0.0479,14.451,-70.061,-7.683,3,42
-1.0688,-0.1055,0.0200,17.012,-67.683,-8.049,3,42
-1.0659,-0.0879,-0.0215,20.244,-65.244,-8.049,3,42
-1.0557,-0.0815,-0.0298,22.256,-62.927,-7.744,3,42
-1.0659,-0.1162,-0.0049,22.378,-60.244,-7.256,3,42
-1.0825,-0.1772,0.0107,19.390,-58.354,-6.159,3,42
-1.1016,-0.2349,0.0259,12.683,-56.951,-5.671,3,42
-1.1226,-0.2969,0.0264,4.329,-54.695,-5.732,3,42
-1.1265,-0.3462,0.0332,-5.671,-52.256,-5.549,3,42
-1.1294,-0.3672,0.0439,-15.488,-49.634,-5.549,3,42
-1.1240,-0.3770,0.0688,-24.390,-47.012,-5.183,3,42
-1.1133,-0.3647,0.0850,-32.134,-44.634,-4.573,3,42
-1.0991,-0.3555,0.0928,-39.634,-42.195,-3.476,3,42
-1.0698,-0.3540,0.1016,-46.402,-40.061,-2.256,3,42
-1.0425,-0.3735,0.0952,-51.524,-37.073,-0.976,3,42
-1.0308,-0.4224,0.0869,-54.390,-34.207,0.488,3,42
-1.0122,-0.4688,0.0576,-54.878,-32.012,1.402,3,42
-1.0078,-0.4688,0.0464,-53.780,-30.122,2.134,3,42
-1.0161,-0.4692,0.0786,-54.146,-27.927,2.073,3,42
-1.0313,-0.4639,0.1104,-54.695,-25.976,1.890,3,42
-1.0439,-0.4614,0.1270,-54.390,-24.146,1.951,3,42
-1.0542,-0.4565,0.1235,-52.500,-22.683,2.439,3,42
-1.0649,-0.4497,0.1245,-51.402,-21.280,3.293,3,42
-1.0679,-0.4438,0.0972,-50.488,-19.695,4.451,3,42
-1.0688,-0.4541,0.0498,-50.671,-18.354,5.305,3,42
-1.0654,-0.4795,-0.0352,-51.402,-16.707,7.378,3,42
-1.0635,-0.5186,-0.0776,-52.439,-15.732,7.866,3,42
-1.0576,-0.5562,-0.1235,-53.598,-15.244,8.415,3,42
-1.0405,-0.6011,-0.1431,-55.244,-14.817,8.293,3,42
-1.0352,-0.6221,-0.1367,-56.890,-14.329,8.232,3,42
-7.4546,-0.1094,2.1724,259.451,161.890,-562.378,4,42
-8.2612,0.8555,2.8564,345.610,329.695,-498.659,4,42
-8.8823,1.7188,2.9834,373.110,512.195,-443.780,4,42
-9.4502,2.6938,1.8638,371.646,641.524,-409.085,4,42
-8.9668,3.3750,-2.8062,335.427,431.829,-497.683,4,42
-5.7163,0.5547,0.6567,302.683,227.012,-573.049,4,42
-3.9482,-1.7007,-2.2661,387.378,180.915,-733.780,4,42
-1.3667,-0.1978,1.8394,234.939,45.488,-803.110,4,42
-0.9717,-0.4858,0.0181,-71.951,-11.159,9.512,3,42
-0.9902,-0.4692,0.0601,-71.707,-10.610,9.146,3,42
-1.0117,-0.4458,0.0801,-69.939,-9.451,8.476,3,42
-1.0186,-0.4082,0.0845,-67.317,-7.988,8.537,3,42
-1.0122,-0.3579,0.0825,-64.085,-6.341,8.841,3,42
-1.0210,-0.2944,0.0742,-61.402,-5.305,9.512,3,42
-1.0239,-0.2197,0.0474,-59.573,-4.207,10.671,3,42
-1.0142,-0.1333,0.0137,-57.805,-3.232,12.134,3,42
-6.3809,15.7432,4.2407,-157.195,86.463,92.805,4,42
-7.1030,15.9990,6.4946,-105.915,-53.354,-126.768,4,42
-6.2388,15.3540,4.1597,-169.390,-101.280,-234.573,4,42
-4.3945,9.8555,1.8716,-173.598,-26.037,-315.122,4,42
-2.8042,7.2969,1.2729,-139.817,33.415,-388.902,4,42
-1.5391,5.8398,1.1787,-190.183,41.220,-410.671,4,42
-1.2095,5.2358,1.3862,-221.646,10.671,-419.817,4,42
-1.0532,5.3164,1.6846,-203.293,-18.415,-448.963,4,42
-1.0562,0.0703,-0.1641,-56.220,-1.159,20.915,3,42
-1.0742,0.0762,-0.1455,-56.280,-2.683,19.268,3,42
-1.0703,0.0806,-0.1582,-56.280,-3.780,15.915,3,42
-0.9883,0.0605,-0.2705,-50.427,-4.146,14.512,3,42
-0.9248,0.0771,-0.3594,-42.256,-3.659,16.524,3,42
-0.8711,0.1265,-0.4058,-33.232,-3.415,20.000,3,42
-0.8647,0.1987,-0.4028,-24.390,-4.207,22.988,3,42
-0.8940,0.2583,-0.3628,-18.476,-5.122,24.451,3,42
-1.1104,1.6558,1.5010,99.024,15.244,128.963,4,42
-1.2876,1.6909,1.4302,136.220,16.951,124.329,4,42
-1.3794,1.7632,1.3755,162.439,18.476,119.207,4,42
-1.4238,1.7793,1.3540,178.476,17.012,117.134,4,42
-1.5171,1.7505,1.3262,185.915,12.256,119.390,4,42
-1.4346,1.7124,1.3442,188.110,7.317,121.768,4,42
-1.3599,1.5698,1.3491,187.378,4.756,122.927,4,42
-1.4556,1.4053,1.3271,190.793,2.317,125.427,4,42
-0.9180,-0.1372,-0.1450,7.683,-14.451,9.756,3,42
-0.9263,-0.1104,-0.1284,5.976,-13.902,9.756,3,42
-0.9312,-0.0747,-0.1216,4.146,-13.720,9.878,3,42
-0.9375,-0.0356,-0.1240,1.341,-13.537,9.878,3,42
-0.9546,-0.0054,-0.1123,-1.159,-12.805,9.756,3,42
-0.9590,0.0210,-0.1182,-3.110,-12.317,10.061,3,42
-0.9766,0.0410,-0.1152,-5.061,-11.951,9.695,3,42
-0.9897,0.0444,-0.1216,-6.463,-11.402,9.451,3,42
-1.1440,0.9058,1.5728,463.110,80.915,90.610,4,42
-1.0811,0.8765,1.5640,482.073,88.902,92.439,4,42
-1.0239,0.8174,1.5439,490.610,92.805,99.451,4,42
-0.9668,0.7612,1.5259,489.207,91.829,111.402,4,42
-0.9287,0.7021,1.5122,477.805,85.793,126.463,4,42
-0.9053,0.6250,1.5098,459.939,75.549,143.232,4,42
-0.9404,0.5449,1.5015,439.756,62.500,158.780,4,42
-0.9683,0.5356,1.5186,418.476,49.573,172.805,4,42
-1.0845,-0.0298,0.0034,0.793,2.317,7.439,3,42
-1.0928,-0.0352,0.0361,3.232,4.451,7.561,3,42
-1.0796,-0.0322,0.0405,5.915,6.890,7.622,3,42
-1.0864,-0.0493,0.0469,9.817,9.817,7.622,3,42
-1.0884,-0.0571,0.0498,14.878,12.439,7.744,3,42
-1.0967,-0.0547,0.0464,20.976,16.037,8.049,3,42
-1.1187,-0.0576,0.0581,26.524,18.780,8.537,3,42
-1.1401,-0.0469,0.0811,31.220,21.890,8.293,3,42
-2.3301,0.2051,0.6616,311.402,-15.610,192.744,4,42
-2.4849,0.2451,0.5581,311.890,-17.256,191.585,4,42
-2.5928,0.2939,0.4844,313.049,-17.988,192.195,4,42
-2.6138,0.3599,0.4346,316.463,-17.134,195.122,4,42
-2.5815,0.4341,0.4106,323.232,-12.988,199.756,4,42
-2.5029,0.5122,0.3994,332.073,-6.220,205.427,4,42
-2.2754,0.5879,0.4160,342.378,4.146,211.220,4,42
-2.1113,0.6094,0.4263,354.695,16.341,219.756,4,42
-2.0493,0.6187,0.4263,367.012,26.159,231.341,4,42
-2.0029,0.6416,0.4512,374.695,31.098,242.561,4,42
-1.9492,0.6636,0.5024,376.037,32.317,250.976,4,42
-1.9014,0.6758,0.5825,371.890,31.890,256.524,4,42
-1.8730,0.6719,0.6514,364.695,30.122,260.000,4,42
-1.8467,0.6460,0.7183,354.756,27.439,262.805,4,42
-1.8545,0.6138,0.7939,342.256,24.451,265.183,4,42
-1.8604,0.5928,0.8721,325.732,21.524,268.171,4,42
-1.0791,0.1069,0.0718,43.963,75.610,-0.549,3,42
-1.0942,0.1206,0.0703,46.280,79.207,-0.976,3,42
-1.1152,0.1357,0.0830,47.317,83.598,-1.463,3,42
-1.1387,0.1333,0.1377,47.195,87.805,-2.378,3,42
-1.1616,0.1270,0.2007,45.732,91.220,-3.780,3,42
-1.1914,0.1177,0.2988,41.463,94.573,-5.549,3,42
-1.1860,0.0796,0.3188,36.585,97.622,-7.622,3,42
-1.1548,-0.0107,0.2080,36.159,100.366,-8.293,3,42
-2.3115,0.1499,0.8896,167.805,-5.671,311.646,4,42
-2.4956,-0.0093,0.8501,162.744,-10.000,302.561,4,42
-2.6860,-0.1450,0.8120,158.963,-16.280,286.829,4,42
-2.7700,-0.2695,0.8130,159.024,-20.244,260.000,4,42
-2.9736,-0.4092,0.7700,163.171,-20.793,223.293,4,42
-3.1724,-0.5903,0.7241,164.085,-22.622,187.561,4,42
-3.2700,-0.7969,0.7090,164.085,-22.683,155.183,4,42
-3.2236,-0.9639,0.7095,164.573,-18.902,130.732,4,42
-1.0200,0.5996,-0.2036,40.671,111.585,-7.866,3,42
-0.9409,0.1357,-0.3345,36.098,114.207,4.329,3,42
-0.8877,-0.4072,-0.3560,40.976,117.500,8.963,3,42
-0.8779,-0.8374,-0.2432,46.585,118.720,6.341,3,42
-0.8887,-1.1172,-0.1050,45.915,117.683,0.610,3,42
-0.9033,-1.2612,-0.0737,40.427,116.159,-2.317,3,42
-0.9390,-1.3125,-0.1089,33.049,115.549,-1.098,3,42
-0.9980,-1.3218,-0.1445,25.305,115.488,2.561,3,42
-2.1919,-1.4883,0.3130,227.622,101.220,313.293,4,42
-2.0742,-1.4185,0.3760,206.890,87.622,311.463,4,42
-1.9580,-1.3848,0.3921,185.244,75.427,304.268,4,42
-1.8608,-1.3813,0.3608,167.073,66.280,292.988,4,42
-1.7705,-1.3989,0.3042,153.902,58.963,281.707,4,42
-1.7300,-1.4341,0.2490,144.268,53.415,272.195,4,42
-1.7197,-1.4634,0.2168,137.317,48.415,265.183,4,42
-1.7373,-1.4780,0.1973,130.244,43.841,261.220,4,42
-1.7852,-1.4785,0.2090,123.659,39.085,260.244,4,42
-1.8701,-1.4526,0.2354,116.951,34.695,262.439,4,42
-1.9683,-1.4204,0.2441,108.841,31.402,267.500,4,42
-2.0405,-1.3545,0.1084,98.293,29.024,274.207,4,42
-2.2026,-1.2676,0.1655,87.317,28.841,281.463,4,42
-2.4023,-1.1782,0.1147,73.415,28.110,284.695,4,42
-2.5181,-0.6641,-0.3120,68.049,25.732,291.463,4,42
-2.8652,1.5547,-1.4297,55.244,50.915,306.585,4,42
-4.7471,6.0464,-0.2681,-12.683,95.549,390.305,4,42
-5.3569,3.7837,-1.9814,-4.817,69.939,474.329,4,42
-2.9282,-2.3374,-1.2212,328.049,74.390,368.841,4,42
-2.6978,-5.9800,1.8901,719.939,109.268,350.427,4,42
-3.2778,-5.0215,3.2217,792.012,54.573,289.695,4,42
-5.2803,-7.5659,3.6465,595.915,103.110,136.646,4,42
-6.3901,-14.2881,2.7490,425.061,154.146,66.707,4,42
-4.4731,-14.6167,0.2163,290.000,153.537,86.890,4,42
-1.2251,-0.0806,-0.1523,-20.793,81.585,32.439,3,42
-1.1226,0.0425,-0.2666,-19.512,83.598,28.049,3,42
-1.0244,0.1821,-0.3066,-16.463,84.146,25.549,3,42
-0.9463,0.2690,-0.4004,-10.915,83.841,23.476,3,42
-0.8823,0.2983,-0.5356,-2.561,83.232,21.159,3,42
-0.8389,0.2720,-0.5996,5.244,82.195,19.207,3,42
-0.8188,0.1567,-0.5703,11.585,80.732,18.293,3,42
-0.7803,-0.0273,-0.5356,17.012,79.146,17.988,3,42
1.5244,-11.7231,0.7119,0.793,22.744,148.171,4,42
0.2476,-9.1084,-0.8945,-44.390,30.976,-132.256,4,42
-1.1152,-2.8535,0.4937,-77.012,45.976,-392.927,4,42
-1.9775,0.0933,0.8389,-112.012,65.244,-490.122,4,42
-3.4946,3.3281,-0.1230,-200.610,70.427,-478.720,4,42
-6.0186,6.9814,-0.6328,-473.720,7.317,-315.122,4,42
-9.1216,7.3350,-2.1279,-689.268,-112.805,-57.805,4,42
-11.5957,1.0200,-6.2622,-524.695,-108.659,166.890,4,42
-11.8857,-0.9233,-3.4609,-51.280,-47.927,155.732,4,42
-10.1860,-2.5181,-2.3184,111.159,18.598,77.012,4,42
-6.6987,-4.4507,-1.1665,145.549,41.646,32.927,4,42
-4.4917,-4.4570,-1.4443,116.707,46.220,19.573,4,42
-2.5293,-5.0845,-0.7427,58.780,68.049,3.415,4,42
-1.3643,-4.2583,-0.0884,-34.024,34.085,42.317,4,42
-0.7686,-3.9497,0.0601,-68.720,8.659,54.817,4,42
0.0732,-2.5464,0.4248,-32.195,-2.317,43.963,4,42
-0.8936,0.2456,-0.6763,54.207,6.402,3.171,3,42
-0.8154,0.1812,-0.7520,59.207,1.098,0.915,3,42
-0.7505,0.0801,-0.7949,64.085,-4.939,-1.159,3,42
-0.7119,-0.0103,-0.8218,67.683,-10.427,-2.317,3,42
-0.6978,-0.0845,-0.8394,69.146,-16.159,-3.841,3,42
-0.7124,-0.1694,-0.8218,69.268,-21.707,-4.329,3,42
-0.7314,-0.2124,-0.7944,68.415,-27.378,-5.305,3,42
-0.7422,-0.2368,-0.7690,65.793,-32.622,-6.341,3,42
-2.2183,-3.9155,-0.4434,-63.902,63.537,92.012,4,42
-3.2783,-4.0327,-0.4092,-97.073,46.951,92.256,4,42
-4.0903,-4.0591,-0.3018,-135.305,28.293,90.244,4,42
-4.9316,-4.1450,-0.2324,-167.683,8.659,83.232,4,42
-5.7612,-4.0996,-0.1641,-193.598,-11.646,72.988,4,42
-5.8398,-3.8369,-0.2520,-207.317,-19.146,66.037,4,42
-4.9912,-3.7314,-0.2173,-196.829,-11.280,69.451,4,42
-3.7915,-3.7305,-0.0938,-171.037,-0.732,75.976,4,42
-2.3306,-3.8970,0.3125,-141.280,7.744,79.329,4,42
-1.9697,-3.8936,0.3784,-143.354,8.476,75.793,4,42
-1.2588,-4.1748,0.4019,-159.268,10.122,62.439,4,42
-0.3584,-4.1260,0.1904,-175.244,20.549,36.159,4,42
-0.1328,-4.0444,0.0381,-176.341,26.585,25.732,4,42
0.2612,-3.5054,-0.2725,-171.402,43.780,4.268,4,42
0.3550,-2.9351,-0.5332,-186.707,63.476,-1.098,4,42
0.1885,-2.0078,-0.3799,-243.110,70.488,17.134,4,42
-0.6675,-1.0308,0.0815,-441.890,34.817,81.646,4,42
-1.1753,-1.1646,0.0586,-569.390,-2.195,109.329,4,42
-1.6401,-1.7192,-0.2329,-632.134,-27.744,114.817,4,42
-1.8774,-2.4419,-0.2651,-629.146,-35.061,103.780,4,42
-2.4624,-2.9878,-0.0903,-596.585,-32.256,76.890,4,42
-2.9233,-3.2832,0.3091,-585.061,-32.256,49.024,4,42
-3.2168,-3.4434,0.5435,-598.049,-33.354,18.354,4,42
-3.3354,-3.4468,0.5967,-614.756,-33.659,-7.500,4,42
-3.1128,-3.2622,0.6792,-618.598,-32.622,-21.402,4,42
-2.6572,-3.0029,0.7158,-619.268,-33.232,-22.683,4,42
-2.1353,-2.9502,0.5342,-625.183,-33.537,-21.585,4,42
-1.5605,-2.9180,0.2417,-627.256,-28.354,-21.037,4,42
-1.0020,-2.6680,0.0327,-624.634,-18.537,-22.134,4,42
-0.5566,-2.3721,-0.1665,-611.707,-3.049,-22.866,4,42
-0.3760,-2.1001,-0.3833,-580.549,17.927,-28.171,4,42
-0.3418,-1.8101,-0.5059,-542.134,36.524,-36.402,4,42
-0.3921,-1.3467,-0.4849,-506.768,47.561,-40.366,4,42
-2.6572,-3.0029,0.7158,-619.268,-33.232,-22.683,4,42
-0.7393,-0.3130,-0.4365,-473.049,41.890,-16.037,4,42
-0.8145,-0.1333,-0.5718,-438.354,39.390,0.854,4,42
-1.0918,-0.1777,-0.5327,-379.878,52.988,17.805,4,42
-1.3062,-0.3906,-0.3965,-325.793,59.634,4.817,4,42
-1.4512,-0.5073,-0.2163,-287.805,66.220,-47.622,4,42
-1.5771,-0.7451,-0.0220,-265.671,67.256,-113.659,4,42
-1.6475,-1.0239,0.1260,-249.817,72.927,-185.610,4,42
-1.5874,-1.3975,0.4487,-243.293,80.976,-252.622,4,42
-1.3364,-1.9712,0.6187,-242.256,79.024,-308.110,4,42
-1.0508,-2.5498,0.6860,-245.366,116.159,-349.939,4,42
-0.6235,-3.1235,1.2983,-223.659,165.061,-396.768,4,42
-0.8535,-3.5767,1.0234,-202.988,229.390,-398.963,4,42
-1.1572,-3.9517,0.6289,-151.037,283.415,-395.427,4,42
-1.4258,-4.2485,-0.1729,-40.793,317.073,-383.598,4,42
-1.5757,-2.2036,-0.1899,-414.817,105.244,-371.402,4,42
-1.6240,-2.1230,0.0303,-386.829,105.000,-383.354,4,42
-1.7119,-2.0420,0.2153,-346.524,113.780,-390.671,4,42
-1.8135,-1.9409,0.3745,-302.622,127.866,-395.366,4,42
-1.9336,-1.8545,0.4482,-265.427,143.537,-400.000,4,42
-2.0596,-1.7686,0.4697,-240.976,157.744,-405.610,4,42
-2.1631,-1.6631,0.4863,-229.817,167.927,-413.171,4,42
-2.1772,-1.6299,0.4800,-230.610,178.354,-427.622,4,42
-2.2217,-1.6646,0.4653,-235.305,187.805,-446.402,4,42
-2.4150,-1.6694,0.4604,-244.878,192.927,-468.476,4,42
-2.6563,-1.6387,0.4448,-259.634,193.476,-491.951,4,42
-2.9023,-1.7754,0.4312,-273.720,191.280,-518.415,4,42
-3.1069,-1.8271,0.4819,-288.171,188.841,-545.488,4,42
-3.4053,-1.8438,0.5459,-304.024,186.220,-565.061,4,42
-3.7314,-1.8564,0.5874,-318.780,183.354,-572.805,4,42
-3.8594,-1.9653,0.5854,-326.829,183.537,-570.366,4,42
-1.1182,-0.3687,-0.1206,15.793,-34.024,10.976,3,42
-1.1074,-0.3955,-0.1245,14.024,-33.780,10.610,3,42
-1.0991,-0.4199,-0.1377,12.561,-33.049,10.183,3,42
-1.0864,-0.4224,-0.1377,11.402,-32.439,10.366,3,42
-1.0835,-0.4077,-0.1240,9.329,-31.829,10.366,3,42
-1.0601,-0.3638,-0.1250,5.976,-31.159,10.976,3,42
-1.0425,-0.3325,-0.1333,3.354,-30.793,11.951,3,42
-1.0273,-0.3037,-0.1470,0.854,-30.061,13.537,3,42
-1.0142,-0.2930,-0.1504,-2.134,-29.573,14.939,3,42
-1.0073,-0.2886,-0.1514,-4.451,-29.146,16.280,3,42
-1.0044,-0.2915,-0.1440,-6.341,-28.598,16.951,3,42
-0.9951,-0.2822,-0.1509,-6.829,-28.354,17.744,3,42
-0.9854,-0.2661,-0.1523,-7.683,-28.110,18.598,3,42
-0.9673,-0.2275,-0.1567,-8.049,-27.805,19.268,3,42
-0.9512,-0.1772,-0.1606,-9.268,-27.134,19.207,3,42
-0.9438,-0.1323,-0.1787,-9.878,-26.890,19.146,3,42
-1.6519,6.9976,3.2769,-1282.683,-158.780,143.963,4,42
-2.0483,10.8765,0.8433,-765.427,-99.695,-244.207,4,42
-5.1738,13.1602,0.9351,-260.549,15.976,80.061,4,42
-1.5269,6.1294,1.7573,-209.573,-24.695,75.671,4,42
-1.5313,4.8784,2.1143,-257.012,-57.683,-160.549,4,42
-0.6187,3.9272,2.6836,-335.427,-32.622,-293.049,4,42
-0.3491,3.0117,2.8882,-449.878,13.780,-414.329,4,42
-0.1387,2.3032,2.7651,-571.951,47.744,-516.159,4,42
-1.0942,0.2124,-0.1221,23.720,-13.476,12.561,3,42
-1.1226,0.1484,-0.1240,27.805,-12.866,11.951,3,42
-1.1235,0.0537,-0.1313,32.622,-12.439,10.488,3,42
-1.1089,-0.0430,-0.1621,37.378,-12.561,8.659,3,42
-1.0264,-0.1396,-0.2134,45.549,-12.317,6.280,3,42
-0.9854,-0.1426,-0.2139,48.963,-12.500,4.695,3,42
-0.9580,-0.1147,-0.2012,49.451,-12.439,3.171,3,42
-0.9414,-0.0693,-0.1733,48.354,-12.500,1.524,3,42
1.6289,0.9067,-0.4854,283.476,146.402,172.561,4,42
1.9219,2.3301,0.7207,322.134,-91.402,289.390,4,42
0.9297,1.8633,1.6216,267.073,-219.756,387.622,4,42
0.8735,1.5649,0.8252,288.476,-247.256,469.817,4,42
0.3223,2.1982,0.4946,369.512,-212.927,479.390,4,42
0.3198,2.9902,0.9717,399.695,-157.805,391.829,4,42
0.5332,3.8379,0.8242,367.439,-108.598,262.073,4,42
0.5801,4.6260,-0.0415,188.598,-97.805,144.146,4,42
-0.9951,-0.0400,-0.1484,51.524,-9.756,2.378,3,42
-1.0039,-0.0327,-0.1509,50.488,-10.244,1.890,3,42
-1.0171,-0.0405,-0.1621,48.720,-10.000,1.585,3,42
-1.0034,-0.0488,-0.1709,47.073,-10.427,1.585,3,42
-1.0083,-0.0469,-0.1665,45.549,-10.305,1.524,3,42
-0.9966,-0.0474,-0.1553,44.329,-10.488,1.768,3,42
-0.9888,-0.0503,-0.1597,41.890,-11.037,2.134,3,42
-0.9922,-0.0674,-0.1685,39.512,-10.854,2.134,3,42
-1.2153,2.3306,1.3174,443.171,59.634,91.646,4,42
-1.2437,2.2847,1.3135,523.110,27.927,105.183,4,42
-1.2373,2.3311,1.2754,550.244,-9.085,115.793,4,42
-1.1445,2.2827,1.3013,521.037,-58.293,118.476,4,42
-1.0952,2.2129,1.2969,457.134,-105.915,112.134,4,42
-1.0161,2.0464,1.2729,375.305,-149.390,93.963,4,42
-0.8599,1.8159,1.2603,298.841,-179.085,69.207,4,42
-0.6899,1.5767,1.1885,237.195,-197.073,40.122,4,42
-0.5537,1.3198,1.0884,190.854,-204.878,5.366,4,42
-0.4482,1.0752,1.0059,162.500,-200.610,-27.988,4,42
-0.3379,0.8774,0.8989,147.378,-190.427,-58.537,4,42
-0.2671,0.6987,0.8013,144.939,-177.317,-84.085,4,42
-0.2197,0.5332,0.6992,154.085,-161.463,-104.695,4,42
-0.1763,0.4028,0.6191,171.890,-145.427,-120.366,4,42
-0.1641,0.2983,0.5503,200.000,-130.000,-131.707,4,42
-0.1392,0.2178,0.5127,238.720,-115.366,-137.866,4,42
-1.0127,-0.2563,-0.1401,35.732,-10.427,1.220,3,42
-1.0044,-0.2622,-0.1270,33.415,-10.366,1.890,3,42
-1.0024,-0.2451,-0.1162,32.134,-10.366,2.500,3,42
-0.9927,-0.2432,-0.1084,30.976,-10.549,3.841,3,42
-0.9839,-0.2373,-0.1040,29.207,-10.488,5.427,3,42
-0.9702,-0.2358,-0.1162,28.171,-10.610,6.402,3,42
-0.9653,-0.2354,-0.1172,27.866,-10.671,7.317,3,42
-0.9644,-0.2319,-0.1284,28.537,-10.183,7.561,3,42
-0.2778,0.2485,0.4429,682.073,-71.463,-42.134,4,42
-0.3213,0.3237,0.5146,711.098,-76.829,-29.451,4,42
-0.3672,0.4297,0.6382,742.805,-81.707,-17.683,4,42
-0.4390,0.6094,0.8247,789.817,-84.878,-4.390,4,42
-0.5786,1.0435,0.9951,856.037,-83.963,11.159,4,42
-0.7910,1.8120,1.0405,872.134,-46.037,40.000,4,42
-1.3018,2.6890,1.0010,767.134,45.427,98.049,4,42
-1.7529,2.6064,0.9399,584.390,154.451,157.988,4,42
-2.4663,2.5488,0.1016,426.220,205.305,154.878,4,42
-2.4092,1.7920,-0.6680,310.061,153.537,107.439,4,42
-2.2529,0.3672,-1.0942,281.402,53.415,74.756,4,42
-2.2021,-0.7085,-2.5059,337.195,-5.305,68.110,4,42
-1.8174,-0.8154,-1.8931,452.866,-75.549,45.854,4,42
-1.6045,-0.9019,-1.3145,570.976,-79.573,22.866,4,42
-1.5073,-0.7490,-0.5254,648.841,-58.415,12.317,4,42
-1.4849,-0.6816,-0.4194,664.817,-24.756,1.402,4,42
-0.9834,-0.0967,-0.1455,34.146,-13.598,13.232,3,42
-0.9810,-0.0869,-0.1416,35.122,-13.415,13.171,3,42
-0.9761,-0.0908,-0.1401,35.671,-13.049,13.232,3,42
-0.9624,-0.0811,-0.1372,37.988,-13.232,13.537,3,42
-0.9595,-0.0723,-0.1318,38.110,-12.805,14.085,3,42
-0.9502,-0.0723,-0.1069,37.744,-12.439,14.329,3,42
-0.9443,-0.0732,-0.0942,38.537,-12.073,14.817,3,42
-0.9360,-0.0737,-0.0903,40.305,-11.463,15.366,3,42
-0.9268,-0.0815,-0.0869,42.805,-11.037,15.671,3,42
-0.9116,-0.0889,-0.0967,45.183,-10.671,15.915,3,42
-0.9077,-0.0977,-0.0972,47.439,-9.756,15.549,3,42
-0.9136,-0.0996,-0.0854,48.841,-8.537,15.061,3,42
-0.9146,-0.1118,-0.0708,50.671,-8.415,13.963,3,42
-0.9316,-0.1436,-0.0698,52.439,-7.683,13.232,3,42
-0.9307,-0.1973,-0.0620,55.122,-7.256,12.683,3,42
-0.9360,-0.2559,-0.0610,58.171,-7.012,12.134,3,42
-0.9492,-0.3047,-0.0488,60.854,-6.463,11.524,3,42
-0.9590,-0.3647,-0.0513,62.622,-6.037,10.915,3,42
-0.9663,-0.4106,-0.0591,63.598,-6.341,9.878,3,42
-0.9727,-0.4507,-0.0688,63.780,-6.098,9.085,3,42
-0.9800,-0.4814,-0.0605,61.890,-5.976,8.659,3,42
-0.9839,-0.5029,-0.0635,58.293,-6.280,7.927,3,42
-0.9966,-0.5103,-0.0698,54.146,-6.463,7.744,3,42
-0.9897,-0.5020,-0.0791,49.390,-6.402,8.232,3,42
-0.9995,-0.2368,-0.1045,5.915,-8.110,18.780,3,42
-0.9980,-0.2090,-0.1133,5.610,-8.049,19.329,3,42
-1.0166,-0.1650,-0.1084,6.159,-8.232,20.610,3,42
-1.0137,-0.0962,-0.1147,5.732,-8.232,21.829,3,42
-1.0122,-0.0581,-0.1318,6.585,-8.354,21.768,3,42
-1.0190,-0.0151,-0.1348,8.354,-8.232,21.646,3,42
-1.0117,0.0054,-0.1235,10.000,-8.110,21.524,3,42
-1.0083,0.0142,-0.1099,11.585,-8.354,20.793,3,42
-1.0078,-0.0063,-0.1108,13.049,-8.293,19.878,3,42
-1.0015,-0.0405,-0.1250,15.549,-8.537,19.146,3,42
-1.0093,-0.0669,-0.1226,18.537,-8.780,17.988,3,42
-1.0107,-0.0879,-0.1157,20.488,-8.780,17.317,3,42
-1.0190,-0.1011,-0.1099,22.256,-8.963,16.280,3,42
-1.0181,-0.1143,-0.1074,21.585,-9.146,15.122,3,42
-1.0186,-0.1211,-0.1104,20.610,-9.207,14.268,3,42
-1.0210,-0.1479,-0.1157,19.451,-9.817,14.085,3,42
-1.0151,-0.1587,-0.0981,17.317,-9.512,13.963,3,42
-1.0176,-0.1826,-0.1021,15.549,-9.695,13.780,3,42
-1.0190,-0.1953,-0.1099,14.024,-10.061,14.146,3,42
-1.0151,-0.2104,-0.1006,12.866,-10.122,14.573,3,42
-1.0117,-0.2075,-0.0913,10.305,-10.610,15.305,3,42
-1.0010,-0.2163,-0.0996,7.561,-11.280,15.488,3,42
-1.0020,-0.2202,-0.1187,5.000,-11.463,16.402,3,42
-0.9961,-0.2168,-0.1299,3.841,-12.012,17.256,3,42
-2.1484,-0.5308,0.2451,304.268,142.927,172.988,4,42
-2.1128,-0.4233,0.2324,315.000,141.646,194.756,4,42
-2.0820,-0.2808,0.2842,316.037,135.732,206.768,4,42
-2.0269,-0.1885,0.3970,309.756,128.049,211.220,4,42
-1.9697,-0.1177,0.4917,301.341,122.195,212.317,4,42
-1.9263,-0.0859,0.5532,294.207,117.622,211.646,4,42
-1.8730,-0.0825,0.6006,291.402,115.183,211.951,4,42
-1.8447,-0.0801,0.6328,292.500,115.549,213.293,4,42
-1.8403,-0.0942,0.6509,295.366,116.707,215.061,4,42
-1.8374,-0.1240,0.6729,298.659,118.720,218.537,4,42
-1.8687,-0.1519,0.7061,301.341,121.159,222.073,4,42
-1.9028,-0.1885,0.7192,302.927,123.293,226.341,4,42
-1.9473,-0.2266,0.7524,303.720,125.000,231.280,4,42
-1.9917,-0.2568,0.7734,303.780,126.402,235.915,4,42
-2.0298,-0.2827,0.8052,304.756,127.805,240.976,4,42
-2.0693,-0.3057,0.8413,306.159,128.537,245.183,4,42
-1.0088,-0.0791,-0.1133,18.232,-19.634,26.829,3,42
-0.9966,-0.0688,-0.1304,20.549,-20.244,26.646,3,42
-0.9868,-0.0840,-0.1172,22.805,-20.610,26.890,3,42
-0.9805,-0.0967,-0.1313,25.793,-21.341,26.463,3,42
-0.9731,-0.1099,-0.1367,29.329,-21.768,26.890,3,42
-0.9648,-0.1138,-0.1274,32.073,-21.768,27.073,3,42
-0.9707,-0.1079,-0.0942,33.963,-21.402,26.890,3,42
-0.9727,-0.0850,-0.0723,34.817,-21.098,27.317,3,42
-2.3560,-0.4756,1.0093,295.671,156.890,256.280,4,42
-2.3184,-0.4678,0.9741,295.976,157.622,255.305,4,42
-2.4023,-0.4448,0.9233,296.463,157.500,257.195,4,42
-2.3784,-0.4614,0.8936,297.927,155.427,259.756,4,42
-2.3926,-0.4131,0.8853,301.098,152.866,262.317,4,42
-2.3896,-0.3755,0.8950,302.439,149.329,265.244,4,42
-2.3545,-0.3438,0.9170,302.256,145.610,268.598,4,42
-2.3325,-0.3174,0.9170,301.402,143.354,269.390,4,42
-2.3179,-0.2593,0.7954,299.329,142.195,270.000,4,42
-2.3291,-0.2065,0.7417,302.561,144.634,270.671,4,42
-2.4038,-0.1226,0.7612,313.537,149.573,269.512,4,42
-2.4077,-0.0454,0.8970,318.720,148.293,266.707,4,42
-2.4111,0.0454,0.8442,331.585,144.695,265.793,4,42
-2.3193,0.4019,0.8613,354.146,143.110,268.720,4,42
-2.2446,1.4404,0.6455,387.927,159.695,278.415,4,42
-2.5762,2.4624,-0.2046,351.159,192.317,283.841,4,42
-1.0352,-0.1563,-0.0503,42.866,-14.146,40.000,3,42
-1.0283,-0.1685,-0.0459,41.585,-13.780,40.915,3,42
-1.0288,-0.1943,-0.0278,38.720,-13.902,41.341,3,42
-1.0269,-0.2280,-0.0679,37.439,-13.537,41.463,3,42
-1.0234,-0.2510,-0.0435,33.780,-13.171,41.951,3,42
-1.0420,-0.2568,-0.0054,29.268,-12.317,42.439,3,42
-1.0527,-0.2495,0.0068,28.110,-11.829,44.085,3,42
-1.0439,-0.2397,0.0146,25.305,-12.134,45.854,3,42
-1.6992,-6.4551,0.7017,-1.890,60.305,74.146,4,42
-0.6055,-5.4546,0.7505,-6.707,91.463,95.671,4,42
0.1221,-4.3345,1.0151,-36.159,104.756,118.171,4,42
0.5884,-3.4487,1.2305,-70.915,97.561,133.415,4,42
0.8223,-2.7549,1.3428,-91.098,79.268,141.707,4,42
0.8638,-2.3896,1.3740,-85.427,60.549,146.280,4,42
0.7100,-2.3394,1.5088,-59.817,43.598,151.402,4,42
0.7842,-2.6328,1.6753,-29.634,31.098,151.098,4,42
-1.0352,-0.2065,0.0137,-2.134,-4.695,55.305,3,42
-1.0488,-0.1616,0.0132,-3.841,-4.329,56.585,3,42
-1.0488,-0.1167,-0.0317,-5.671,-3.476,57.378,3,42
-1.0596,-0.0791,-0.0503,-6.402,-2.744,58.598,3,42
-1.0532,-0.0493,-0.0488,-5.793,-2.683,59.878,3,42
-1.0420,-0.0347,-0.0566,-4.390,-2.622,61.098,3,42
-1.0205,-0.0415,-0.0684,-3.171,-2.012,60.854,3,42
-0.9946,-0.0601,-0.0469,-2.988,-1.463,60.183,3,42
-0.7124,-10.7666,3.2954,84.878,-139.634,-160.427,4,42
-0.9731,-8.7407,3.0571,57.317,-141.829,-210.305,4,42
-0.9263,-5.3301,1.4458,101.220,-143.780,-269.878,4,42
-0.7231,-3.0728,0.8096,198.232,-141.951,-304.695,4,42
-0.6563,-1.8945,0.7676,241.890,-124.817,-328.171,4,42
-0.6421,-1.1538,0.5786,202.744,-89.329,-341.341,4,42
-0.8647,-0.3374,0.3394,90.122,-40.305,-336.463,4,42
-1.2124,0.3311,0.5869,-36.159,-6.159,-308.171,4,42
-1.5278,1.0845,1.1094,-114.085,-9.817,-253.293,4,42
-1.8481,2.0508,1.4316,-152.866,-47.134,-174.329,4,42
-2.4067,3.6445,1.6729,-216.280,-101.341,-70.000,4,42
-2.4106,4.1543,1.8618,-330.427,-162.500,27.134,4,42
-3.0698,3.2134,1.2388,-447.744,-227.134,96.646,4,42
-2.9458,1.3975,0.3970,-490.610,-269.329,116.463,4,42
-2.8667,-0.0107,-0.4795,-485.793,-287.500,101.768,4,42
-2.7368,-1.1353,-1.2241,-421.951,-279.085,73.902,4,42
-1.2754,1.3857,-0.1860,18.354,21.037,105.671,3,42
-1.2900,1.4941,-0.1143,27.195,22.805,109.268,3,42
-1.2998,1.5674,-0.0400,36.341,23.902,112.378,3,42
-1.3232,1.5562,0.0010,46.890,25.427,114.634,3,42
-1.3408,1.4990,0.0503,57.988,27.561,115.976,3,42
-1.3662,1.3843,0.1313,69.024,29.451,115.549,3,42
-1.3979,1.1982,0.1733,79.329,30.488,113.659,3,42
-1.4429,0.9766,0.2061,88.049,32.622,110.000,3,42
0.5757,-0.0493,0.3018,86.768,35.244,10.366,4,42
0.7876,0.0010,0.0210,49.329,14.817,-7.073,4,42
0.5840,-0.3867,0.2363,-0.549,-35.488,-14.390,4,42
0.0757,-0.5073,0.4629,-30.549,-69.573,-6.524,4,42
-0.1782,-0.4756,0.4170,-37.073,-79.695,2.439,4,42
-0.4229,-0.4063,0.2666,-32.134,-73.902,13.902,4,42
-0.6948,-0.3398,0.1333,-27.134,-58.049,27.012,4,42
-0.9863,-0.3506,0.0342,-21.829,-39.878,40.122,4,42
-1.9438,0.0903,0.3047,152.073,45.122,64.878,3,42
-1.9175,0.0737,0.2891,157.378,45.610,61.341,3,42
-1.8970,0.0791,0.2852,163.171,46.280,60.122,3,42
-1.8271,0.1260,0.2944,168.659,46.951,61.098,3,42
-1.7920,0.1904,0.2764,173.293,47.805,64.756,3,42
-1.7573,0.2798,0.2808,177.012,48.537,70.183,3,42
-1.7246,0.3501,0.3032,179.817,50.000,75.854,3,42
-1.6973,0.3916,0.3271,181.890,51.280,82.195,3,42
-0.2983,-0.5786,-0.0518,71.220,18.232,67.012,4,42
-0.3037,-0.6401,-0.1606,59.878,14.146,69.085,4,42
-0.2070,-0.6470,-0.1553,37.134,1.402,71.890,4,42
-0.2793,-0.6572,-0.1909,22.561,-4.817,71.159,4,42
-0.3853,-0.6201,-0.2222,10.305,-9.573,68.902,4,42
-0.5024,-0.5869,-0.2910,1.951,-12.683,65.610,4,42
-0.6489,-0.5347,-0.3267,-4.695,-16.402,63.232,4,42
-0.7866,-0.4702,-0.3594,-9.817,-20.000,61.829,4,42
-1.3916,0.0073,0.6299,286.585,79.939,117.683,3,42
-1.3569,-0.0391,0.6348,294.573,80.366,118.659,3,42
-1.3413,-0.0952,0.6597,302.317,79.878,119.512,3,42
-1.3081,-0.1567,0.6553,308.720,79.817,120.000,3,42
-1.2749,-0.2202,0.6475,314.817,79.573,119.817,3,42
-1.2402,-0.2715,0.6255,319.024,79.024,119.756,3,42
-1.2231,-0.3228,0.6108,321.890,78.963,119.695,3,42
-1.1899,-0.3623,0.5972,323.598,77.744,120.061,3,42
-1.2012,-0.6021,-0.1455,-20.305,-27.500,82.500,4,42
-1.1172,-0.6211,-0.0854,-25.549,-26.098,83.780,4,42
-1.0098,-0.6152,-0.0234,-32.012,-25.549,83.171,4,42
-0.9082,-0.5938,0.0210,-39.451,-26.341,80.854,4,42
-0.8188,-0.5244,0.0859,-46.159,-27.378,76.829,4,42
-0.7534,-0.4556,0.1382,-52.622,-28.963,71.890,4,42
-0.7075,-0.3750,0.1631,-58.841,-30.732,66.707,4,42
-0.7002,-0.2983,0.1670,-63.780,-32.378,61.707,4,42
-1.2705,-0.8047,0.2588,297.439,113.598,128.780,3,42
-1.2075,-0.8379,0.3857,299.634,104.878,127.622,3,42
-1.1421,-0.8931,0.4722,302.073,94.939,123.537,3,42
-1.0923,-0.9468,0.5557,305.244,84.451,116.585,3,42
-0.9683,-1.0083,0.6221,309.390,73.110,107.317,3,42
-0.8843,-1.0786,0.6948,310.366,62.988,96.402,3,42
-0.7612,-1.2090,0.7280,308.598,50.427,77.439,3,42
-0.6821,-1.2900,0.7500,305.732,43.598,64.085,3,42
-0.9761,-0.3613,-0.0439,16.037,-6.037,-9.451,4,42
-1.0054,-0.3521,-0.0537,11.463,-7.866,-10.244,4,42
-1.0527,-0.3438,-0.0835,7.439,-10.305,-11.341,4,42
-1.0864,-0.3433,-0.0928,4.756,-12.317,-12.134,4,42
-1.1060,-0.3311,-0.1016,2.805,-14.085,-12.805,4,42
-1.1377,-0.3193,-0.1201,2.561,-15.610,-13.049,4,42
-1.1543,-0.3223,-0.1187,3.110,-16.402,-13.049,4,42
-1.1704,-0.3247,-0.1191,5.488,-16.829,-12.744,4,42
-1.1689,-0.3228,-0.1221,7.256,-17.134,-12.317,4,42
-1.1646,-0.3218,-0.1094,9.512,-17.073,-11.585,4,42
-1.1548,-0.3340,-0.0996,10.732,-16.951,-10.793,4,42
-1.1250,-0.3413,-0.0947,11.159,-16.524,-9.817,4,42
-1.0913,-0.3525,-0.0796,11.463,-15.976,-9.024,4,42
-1.0479,-0.3755,-0.0635,10.732,-15.793,-8.232,4,42
-1.0078,-0.3818,-0.0483,10.061,-16.220,-7.500,4,42
-0.9688,-0.3877,-0.0254,8.598,-16.402,-6.829,4,42
-0.9487,-0.4326,0.0537,-5.305,-13.537,3.293,4,42
-0.9702,-0.4351,0.0547,-5.915,-12.561,4.573,4,42
-0.9883,-0.4292,0.0640,-5.915,-11.524,6.220,4,42
-1.0015,-0.4277,0.0723,-5.915,-10.610,7.683,4,42
-1.0156,-0.4360,0.0669,-6.037,-9.451,8.841,4,42
-1.0205,-0.4385,0.0752,-6.280,-8.293,9.634,4,42
-1.0317,-0.4365,0.0747,-6.829,-7.256,10.610,4,42
-1.0347,-0.4316,0.0786,-7.317,-5.732,11.585,4,42
-1.0342,-0.4258,0.0747,-7.561,-4.390,12.378,4,42
-1.0361,-0.4126,0.0811,-7.866,-3.232,13.110,4,42
-1.0347,-0.4058,0.0762,-7.744,-1.768,13.780,4,42
-1.0317,-0.3955,0.0762,-7.500,-0.549,14.695,4,42
-1.0366,-0.3765,0.0771,-6.768,0.610,15.732,4,42
-1.0356,-0.3770,0.0840,-6.402,1.890,16.402,4,42
-1.0415,-0.3794,0.0757,-5.122,3.537,17.134,4,42
-1.0449,-0.3618,0.0688,-3.720,5.000,17.927,4,42
-1.0474,-0.3447,0.0591,-2.500,6.646,18.476,4,42
-1.0483,-0.3447,0.0513,-1.220,8.415,18.963,4,42
-1.0449,-0.3398,0.0361,0.183,9.756,18.902,4,42
-1.0464,-0.3242,0.0200,1.707,11.220,19.390,4,42
-1.0366,-0.3125,0.0024,2.927,12.500,19.390,4,42
-1.0317,-0.3125,-0.0166,4.451,13.841,19.268,4,42
-1.0278,-0.3140,-0.0117,6.463,14.451,19.512,4,42
-1.0244,-0.3125,-0.0059,8.537,15.366,19.085,4,42
-0.6499,-0.4751,0.0264,-82.378,-169.939,-58.780,3,42
-0.6763,-0.4731,0.0112,-82.256,-173.415,-62.439,3,42
-0.6919,-0.4658,0.0288,-81.159,-176.646,-66.341,3,42
-0.7153,-0.4468,0.0205,-79.024,-180.366,-70.305,3,42
-0.7642,-0.4131,0.0210,-73.841,-184.939,-76.037,3,42
-0.7979,-0.3906,0.0195,-68.476,-188.049,-80.122,3,42
-0.8193,-0.3613,0.0088,-62.561,-190.793,-83.841,3,42
-0.8374,-0.3340,-0.0005,-55.366,-193.720,-87.927,3,42
-0.8574,-0.2910,-0.0083,-48.415,-196.341,-91.463,3,42
-0.8799,-0.2632,-0.0249,-40.610,-199.024,-94.756,3,42
-0.9058,-0.2334,-0.0469,-32.866,-201.463,-98.110,3,42
-0.9272,-0.2080,-0.0596,-24.817,-203.902,-101.280,3,42
-0.9512,-0.1826,-0.0698,-17.012,-206.220,-103.902,3,42
-0.9785,-0.1685,-0.0864,-8.963,-207.988,-106.280,3,42
-1.0088,-0.1563,-0.0869,-0.549,-210.061,-108.902,3,42
-1.0288,-0.1489,-0.0972,7.744,-211.646,-111.646,3,42
-1.0630,-0.1304,-0.1108,15.854,-212.683,-114.756,3,42
-1.0991,-0.1177,-0.1235,24.878,-214.695,-117.866,3,42
-1.1133,-0.0894,-0.1406,33.476,-216.280,-121.220,3,42
-1.1348,-0.0703,-0.1587,42.805,-217.927,-124.573,3,42
-1.1519,-0.0322,-0.1812,52.256,-219.024,-127.439,3,42
-1.1577,0.0073,-0.2021,61.646,-220.122,-129.817,3,42
-1.1733,0.0444,-0.2290,70.671,-221.707,-131.951,3,42
-1.1919,0.0835,-0.2607,78.293,-223.841,-133.354,3,42
-1.4844,0.3652,-0.3945,177.378,-228.963,-140.427,3,42
-1.4907,0.3843,-0.4023,181.585,-228.963,-139.878,3,42
-1.5039,0.4087,-0.4360,188.110,-228.476,-138.476,3,42
-1.5127,0.4331,-0.4712,193.659,-228.354,-136.463,3,42
-1.5527,0.4429,-0.5386,198.780,-226.768,-132.378,3,42
-1.5859,0.4492,-0.5864,201.463,-225.183,-128.841,3,42
-1.6177,0.4648,-0.6333,202.683,-222.927,-124.512,3,42
-1.6655,0.4785,-0.6680,203.537,-220.000,-119.146,3,42
-1.9395,0.9146,-0.9473,143.598,-172.683,-56.646,3,42
-1.9604,0.9468,-0.9814,139.024,-164.573,-50.976,3,42
-1.9595,0.9766,-1.0273,137.134,-156.037,-45.671,3,42
-1.9531,1.0186,-1.0493,137.866,-146.220,-39.390,3,42
-1.9312,1.0640,-1.0610,141.220,-136.707,-31.341,3,42
-1.9048,1.1030,-1.0825,145.671,-125.976,-22.500,3,42
-1.8740,1.1372,-1.1040,151.037,-116.341,-12.561,3,42
-1.8418,1.1709,-1.1353,155.732,-106.280,-3.232,3,42
-1.8159,1.1787,-1.1758,160.671,-95.732,5.732,3,42
-1.7993,1.1772,-1.2354,166.220,-84.146,14.207,3,42
-1.7983,1.1606,-1.3237,172.805,-71.159,22.622,3,42
-1.8286,1.1362,-1.4717,179.512,-55.488,30.366,3,42
-1.8838,1.1182,-1.6655,184.451,-38.232,38.354,3,42
-1.9536,1.0850,-1.9932,188.232,-19.756,46.524,3,42
-2.1587,1.0698,-2.5537,189.390,2.073,52.683,3,42
-2.4111,1.0972,-3.0684,164.817,35.915,60.793,3,42
-2.8145,0.2231,-5.0254,134.268,91.220,61.585,3,42
-2.9146,-0.0815,-5.7153,108.963,102.988,58.415,3,42
-3.1826,-0.8408,-7.0786,54.390,134.512,43.232,3,42
-3.7090,-1.5493,-8.7998,51.524,222.439,6.829,3,42
-4.1528,-1.0034,-8.2568,140.854,315.427,-16.402,3,42
-4.4336,0.3540,-6.0977,269.573,392.134,-30.061,3,42
-3.9512,1.3101,-3.2959,375.976,360.549,-23.780,3,42
-3.0938,1.8667,-0.2539,427.622,241.829,-13.598,3,42
-2.2642,1.9624,2.0547,423.049,117.012,-24.268,3,42
-1.6147,1.6431,3.1948,398.598,35.854,-48.049,3,42
-1.3076,1.8750,3.5029,427.134,14.878,-70.366,3,42
-1.0967,2.0181,3.2773,506.768,15.488,-76.463,3,42
-0.7998,2.3794,3.0210,530.427,23.780,-72.500,3,42
-0.5137,2.1118,2.3921,420.183,37.378,-59.634,3,42
-0.2656,2.0361,2.5454,277.805,68.171,-34.512,3,42
-0.0244,0.8262,0.7627,156.220,121.951,1.463,3,42
0.3149,-0.0654,-0.0352,119.024,134.695,52.866,3,42
0.5806,-0.4585,-0.7637,128.232,120.854,105.305,3,42
0.5156,-0.3057,-1.0166,121.524,102.317,124.573,3,42
0.1040,-0.0903,-1.0425,71.951,99.268,104.451,3,42
-0.3135,-0.1182,-0.7432,7.012,103.598,67.256,3,42
-0.8418,-0.2070,-0.4619,-41.159,109.207,24.207,3,42
-1.0308,-0.3774,-0.5342,-88.780,110.061,-7.134,3,42
-0.8896,-0.6968,-0.7461,-120.549,94.512,-28.476,3,42
-0.8740,-0.9321,-0.8169,-117.561,101.768,-40.000,3,42
-1.1816,-0.8560,-0.8237,-99.939,96.037,-35.793,3,42
-1.0801,-0.7607,-0.4077,-81.402,67.500,-33.354,3,42
-1.1836,-0.4692,-0.3149,-72.195,62.439,-27.012,3,42
-1.2114,-0.4229,-0.2056,-84.451,64.695,-25.061,3,42
-1.0532,-0.4805,-0.1279,-90.183,63.598,-21.951,3,42
-0.8252,-0.5640,-0.0586,-79.146,61.098,-15.427,3,42
-0.6401,-0.5859,-0.0098,-57.561,59.146,-9.085,3,42
-1.2324,-0.2456,0.0107,84.878,54.695,58.598,4,42
-1.2261,-0.2515,0.0288,89.268,55.732,59.756,4,42
-1.2114,-0.2607,0.0352,93.598,56.402,61.098,4,42
-1.1997,-0.2920,0.0542,98.110,57.012,62.561,4,42
-1.1841,-0.3218,0.0752,102.256,57.988,64.146,4,42
-1.1611,-0.3457,0.0874,104.817,59.024,65.366,4,42
-1.1470,-0.3633,0.0991,105.427,59.634,66.159,4,42
-1.1426,-0.3809,0.0986,103.780,59.451,67.439,4,42
-1.2529,0.0342,-0.1211,174.451,50.427,-27.439,3,42
-1.4146,-0.1890,-0.1709,163.293,46.463,-20.793,3,42
-1.4980,-0.4771,-0.2188,150.854,40.976,-9.085,3,42
-1.5449,-0.7642,-0.2559,137.561,35.366,5.427,3,42
-1.5117,-0.9888,-0.2700,121.402,30.488,19.939,3,42
-1.4063,-1.1030,-0.2700,99.939,26.463,30.671,3,42
-1.2588,-1.1357,-0.2622,73.415,23.049,37.317,3,42
-1.0957,-1.0820,-0.2241,45.915,19.573,38.720,3,42
-1.2100,-0.2729,0.0537,92.622,41.341,72.988,4,42
-1.1895,-0.2612,0.1528,98.415,40.854,73.354,4,42
-1.1787,-0.2485,0.2061,102.317,40.427,73.598,4,42
-1.1772,-0.2056,0.2490,111.707,38.841,75.000,4,42
-1.1899,-0.1973,0.2231,113.659,37.988,76.037,4,42
-1.2446,-0.2520,0.0928,113.598,35.854,79.390,4,42
-1.2930,-0.3442,-0.0112,109.817,35.793,81.585,4,42
-1.3296,-0.4395,-0.1074,105.610,36.829,83.476,4,42
-0.7070,0.0083,-0.1484,-50.000,8.232,15.061,3,42
-0.7920,0.0908,-0.1250,-47.195,6.951,16.890,3,42
-0.8672,0.1646,-0.1543,-42.073,5.671,18.354,3,42
-0.9502,0.2505,-0.1665,-34.939,5.915,18.963,3,42
-1.0205,0.2993,-0.1284,-25.671,5.610,19.634,3,42
-1.0923,0.3271,-0.1123,-12.988,4.756,19.512,3,42
-1.1572,0.3662,-0.1177,2.439,4.573,18.537,3,42
-1.2207,0.3955,-0.1045,17.073,5.061,16.524,3,42
-1.0840,-0.1719,-0.0933,110.488,38.902,84.756,4,42
-1.0854,-0.1572,-0.1060,109.451,35.183,85.915,4,42
-1.0962,-0.1733,-0.1191,107.744,31.341,86.829,4,42
-1.1230,-0.2212,-0.1328,107.134,28.110,88.232,4,42
-1.1260,-0.2539,-0.1240,109.451,24.695,90.366,4,42
-1.1230,-0.2568,-0.1309,110.366,22.378,91.890,4,42
-1.1113,-0.2549,-0.1396,109.207,22.073,92.805,4,42
-1.1143,-0.2495,-0.1665,107.988,22.378,93.354,4,42
-1.1284,-0.2471,-0.1821,108.171,22.866,93.415,4,42
-1.1426,-0.2373,-0.2168,109.329,23.415,94.024,4,42
-1.1558,-0.2139,-0.2163,110.671,23.415,94.146,4,42
-1.1616,-0.1963,-0.2349,110.854,23.110,94.695,4,42
-1.1636,-0.1787,-0.2534,111.220,22.744,95.183,4,42
-1.1636,-0.1763,-0.2700,111.402,22.012,96.037,4,42
-1.1538,-0.1738,-0.2813,112.439,21.463,97.073,4,42
-1.1426,-0.1670,-0.2905,113.049,20.976,98.293,4,42
-1.1343,-0.1724,-0.3013,113.476,20.976,99.085,4,42
-1.1274,-0.1460,-0.3154,113.049,21.098,100.305,4,42
-1.1201,-0.1548,-0.3306,112.866,20.854,101.402,4,42
-1.1309,-0.1201,-0.3521,111.890,20.549,102.134,4,42
-1.1416,-0.0991,-0.4092,107.561,20.244,102.988,4,42
-1.1606,-0.1191,-0.4268,104.085,20.366,103.720,4,42
-1.1719,-0.0991,-0.4478,104.024,19.695,104.817,4,42
-1.1758,-0.0806,-0.4668,102.866,19.146,105.793,4,42
-1.1753,-0.1182,-0.4819,101.707,18.354,106.159,4,42
-1.1680,-0.2554,-0.4390,106.951,16.829,106.829,4,42
-1.1284,-0.3066,-0.3677,121.829,14.939,107.317,4,42
-1.0669,-0.3169,-0.3491,131.768,15.000,107.134,4,42
-1.0000,-0.4023,-0.3198,131.220,16.707,105.854,4,42
-0.9536,-0.4326,-0.2725,131.220,18.841,104.573,4,42
-0.9053,-0.4360,-0.2632,129.695,20.671,103.049,4,42
-0.8745,-0.4502,-0.2344,126.098,22.439,101.098,4,42
-0.9658,-0.2979,-0.0083,29.634,0.122,1.037,3,42
-0.9316,-0.3223,0.0010,26.951,0.305,2.317,3,42
-0.8955,-0.3320,-0.0039,24.573,0.488,2.439,3,42
-0.8633,-0.3247,-0.0034,21.646,0.549,2.805,3,42
-0.8535,-0.3164,0.0029,18.720,1.280,2.622,3,42
-0.8442,-0.2993,-0.0044,16.159,1.585,3.049,3,42
-0.8472,-0.2725,-0.0225,13.110,2.073,2.683,3,42
-0.8623,-0.2461,-0.0029,9.878,2.683,2.927,3,42
-1.0234,-0.1670,-0.3384,75.549,11.646,94.695,4,42
-1.0278,-0.1572,-0.3486,76.159,11.098,95.793,4,42
-1.0488,-0.1411,-0.3574,77.988,10.305,97.500,4,42
-1.0488,-0.1279,-0.3608,80.549,10.244,98.598,4,42
-1.0474,-0.1138,-0.3545,82.927,10.366,99.146,4,42
-1.0488,-0.1216,-0.3369,86.220,10.183,100.000,4,42
-1.0327,-0.1309,-0.3208,88.171,10.488,100.122,4,42
-1.0249,-0.1328,-0.2817,89.207,10.549,99.756,4,42
-0.9790,-0.1455,-0.0420,42.805,5.854,-4.634,3,42
-0.9683,-0.1689,-0.0571,43.476,6.037,-4.207,3,42
-0.9609,-0.2090,-0.0625,43.720,5.793,-4.512,3,42
-0.9575,-0.2378,-0.0688,43.354,5.366,-4.146,3,42
-0.9595,-0.2583,-0.0547,42.622,5.061,-4.451,3,42
-0.9712,-0.2695,-0.0449,41.890,4.695,-4.085,3,42
-0.9727,-0.2676,-0.0444,41.159,4.573,-2.927,3,42
-0.9814,-0.2583,-0.0342,40.244,4.634,-2.195,3,42
-0.9858,-0.2446,-0.0488,39.390,3.780,-1.037,3,42
-0.9795,-0.2407,-0.0615,39.268,3.354,-0.183,3,42
-0.9790,-0.2251,-0.0688,39.085,3.049,0.244,3,42
-0.9775,-0.2144,-0.0742,38.537,2.317,0.610,3,42
-0.9731,-0.1982,-0.0679,38.415,1.280,0.671,3,42
-0.9727,-0.1953,-0.0596,38.232,0.671,0.671,3,42
-0.9712,-0.1948,-0.0684,38.537,-0.061,0.976,3,42
-0.9766,-0.1875,-0.0635,39.756,-0.427,1.037,3,42
-0.7339,-0.2422,-0.0210,49.390,-34.512,48.841,4,42
-0.7422,-0.2476,-0.0391,56.098,-30.915,46.524,4,42
-0.7446,-0.2480,-0.0493,62.256,-26.585,43.720,4,42
-0.7485,-0.2729,-0.1006,69.207,-22.195,40.244,4,42
-0.7290,-0.2915,-0.1196,76.524,-18.171,36.402,4,42
-0.7104,-0.3291,-0.1606,84.451,-14.146,32.744,4,42
-0.6885,-0.3633,-0.1846,92.012,-11.402,28.293,4,42
-0.6577,-0.4243,-0.2026,99.268,-9.024,23.415,4,42
-0.9736,-0.1772,-0.0366,36.280,-7.378,2.439,3,42
-0.9619,-0.1680,-0.0430,36.951,-7.866,2.256,3,42
-0.9673,-0.1753,-0.0576,37.195,-8.232,2.195,3,42
-0.9697,-0.1807,-0.0513,37.378,-8.659,2.378,3,42
-0.9751,-0.1890,-0.0298,37.073,-9.268,2.073,3,42
-0.9883,-0.2061,-0.0352,36.524,-9.451,2.805,3,42
-1.0000,-0.2148,-0.0371,35.854,-9.512,2.561,3,42
-1.0098,-0.2061,-0.0112,34.573,-8.902,2.805,3,42
-1.0063,-0.2222,-0.0044,32.805,-9.451,3.720,3,42
-1.0132,-0.2363,-0.0151,32.012,-9.390,4.695,3,42
-1.0098,-0.2603,-0.0254,30.427,-9.146,4.695,3,42
-1.0151,-0.2529,-0.0132,29.268,-8.902,5.305,3,42
-1.0229,-0.2280,-0.0142,27.073,-8.598,6.463,3,42
-1.0171,-0.2241,0.0400,23.415,-9.024,7.683,3,42
-1.0166,-0.2622,0.0337,20.976,-9.512,8.354,3,42
-1.0117,-0.2856,0.0088,20.183,-9.085,8.293,3,42
-1.0181,-0.2710,0.0093,20.000,-8.293,8.598,3,42
-1.0220,-0.2212,0.0610,18.780,-7.317,9.695,3,42
-1.0078,-0.2085,0.0635,16.890,-7.561,11.220,3,42
-0.9932,-0.2378,0.0278,16.829,-7.561,11.402,3,42
-0.9927,-0.2524,0.0034,16.098,-6.890,10.488,3,42
-1.0039,-0.2310,0.0176,15.549,-6.159,10.122,3,42
-1.0146,-0.1782,0.0762,14.695,-5.793,10.854,3,42
-1.0059,-0.1855,0.0527,13.720,-6.524,11.829,3,42
-0.9966,-0.2368,0.0146,13.354,-6.098,11.341,3,42
-1.0073,-0.2607,0.0088,12.378,-5.183,9.756,3,42
-1.0278,-0.2139,0.0435,12.195,-3.841,10.000,3,42
-1.0229,-0.1899,0.1021,10.976,-4.451,11.829,3,42
-1.0054,-0.2246,0.0493,11.341,-4.573,12.927,3,42
-1.0073,-0.2686,-0.0103,11.829,-3.537,11.220,3,42
-1.0313,-0.2236,0.0103,11.220,-1.829,9.695,3,42
-1.0298,-0.1953,0.1099,9.817,-2.805,11.159,3,42
-1.0029,-0.2324,0.0581,11.280,-3.659,13.232,3,42
-0.9907,-0.2612,-0.0234,11.341,-2.500,11.890,3,42
-1.0122,-0.2344,-0.0317,9.756,-0.671,10.122,3,42
-1.0415,-0.1650,0.1055,7.500,-0.488,11.159,3,42
-1.0220,-0.1763,0.0801,7.500,-2.134,13.537,3,42
-0.9902,-0.2266,-0.0049,7.317,-0.976,13.293,3,42
-0.9922,-0.2598,-0.0313,5.366,0.793,11.402,3,42
-1.0371,-0.1499,0.1079,3.720,1.951,13.659,3,42
-0.8569,-0.5952,-0.5195,110.793,16.220,-148.598,4,42
-0.8687,-0.5942,-0.5063,109.756,16.463,-150.976,4,42
-0.8872,-0.5933,-0.4976,108.720,16.646,-153.354,4,42
-0.8950,-0.5908,-0.4932,107.439,16.890,-155.549,4,42
-0.9229,-0.5908,-0.4824,106.646,17.317,-157.927,4,42
-0.9370,-0.5928,-0.4727,105.610,17.500,-160.061,4,42
-0.9570,-0.5864,-0.4727,105.183,18.171,-162.439,4,42
-0.9756,-0.5947,-0.4609,104.634,17.988,-164.573,4,42
-1.0322,-0.0405,-0.0859,-4.817,4.207,18.049,3,42
-1.0229,0.0093,0.0601,-6.098,2.866,20.366,3,42
-0.9678,-0.0913,0.0186,-4.390,-0.122,22.195,3,42
-0.9375,-0.2393,-0.0596,-0.854,0.671,20.000,3,42
-0.9521,-0.3252,0.0068,-0.793,2.012,16.524,3,42
-0.9839,-0.3232,0.0830,-1.951,1.707,14.756,3,42
-0.9961,-0.2358,0.0415,-3.049,1.159,15.244,3,42
-1.0083,-0.1416,-0.0005,-6.098,2.500,16.341,3,42
-1.0225,-0.1064,-0.0234,-8.720,3.354,17.378,3,42
-1.0146,-0.1040,-0.0254,-8.049,2.134,18.415,3,42
-0.9951,-0.1021,-0.0332,-7.622,1.768,19.085,3,42
-0.9761,-0.1221,-0.0400,-8.902,1.829,18.963,3,42
-0.9702,-0.1528,-0.0215,-10.671,1.463,18.049,3,42
-0.9814,-0.1592,-0.0039,-10.732,1.463,17.988,3,42
-0.9941,-0.1582,-0.0137,-12.500,1.463,17.683,3,42
-0.9946,-0.1636,-0.0273,-13.598,1.768,18.171,3,42
-0.9736,-0.1553,-0.0527,-12.683,-1.646,20.549,3,42
-0.9731,-0.1543,-0.0405,-12.500,-1.951,20.793,3,42
-0.9673,-0.1460,-0.0327,-12.500,-2.622,20.915,3,42
-0.9692,-0.1504,-0.0288,-12.378,-2.561,21.098,3,42
-0.9775,-0.1494,-0.0254,-11.768,-2.866,21.098,3,42
-0.9678,-0.1558,-0.0249,-10.671,-2.988,21.159,3,42
-0.9785,-0.1504,-0.0093,-10.793,-3.293,21.585,3,42
-0.9810,-0.1519,-0.0171,-11.280,-3.598,21.890,3,42
-1.0117,-0.1367,0.0215,-17.622,-3.720,24.817,3,42
-1.0063,-0.1221,0.0151,-18.354,-3.659,25.000,3,42
-0.9971,-0.1133,0.0093,-18.902,-3.598,25.244,3,42
-0.9985,-0.1265,-0.0127,-19.268,-3.354,25.854,3,42
-1.0020,-0.1455,-0.0137,-19.695,-3.659,25.732,3,42
-1.0132,-0.1621,-0.0059,-20.671,-3.902,25.732,3,42
-1.0083,-0.1665,-0.0020,-20.671,-3.902,25.854,3,42
-1.0146,-0.1587,0.0015,-20.854,-3.720,25.915,3,42
-1.1099,0.9497,-0.1157,-65.610,-38.659,-41.098,4,42
-1.0967,0.9810,-0.1094,-64.634,-38.902,-31.280,4,42
-1.0674,1.0010,-0.1016,-63.049,-39.207,-21.768,4,42
-1.0449,1.0103,-0.0835,-61.159,-39.207,-11.280,4,42
-1.0420,1.0444,-0.0918,-58.902,-39.085,-1.524,4,42
-1.0371,1.0483,-0.0825,-56.768,-39.085,8.049,4,42
-1.0396,1.0591,-0.0737,-54.085,-39.390,17.256,4,42
-1.0464,1.0723,-0.0679,-52.622,-39.451,25.854,4,42
-1.0601,1.0913,-0.0454,-50.854,-40.427,33.963,4,42
-1.0825,1.1528,0.0107,-43.902,-41.463,44.329,4,42
-1.1294,1.2969,0.0938,-34.268,-40.610,58.780,4,42
-1.1929,1.5107,0.1504,-25.122,-35.671,76.585,4,42
-1.2949,1.7148,0.1167,-22.500,-25.305,94.451,4,42
-1.4106,1.7588,0.0425,-27.195,-9.573,106.768,4,42
-1.5576,1.6821,-0.1333,-33.293,7.805,108.232,4,42
-1.6704,1.4980,-0.3564,-39.268,20.244,92.683,4,42
-1.6943,1.1660,-0.5625,-41.829,24.939,64.695,4,42
-1.6558,0.8149,-0.7490,-36.341,20.427,36.951,4,42
-1.5278,0.5039,-0.8872,-25.366,7.012,16.341,4,42
-1.3057,0.1880,-0.8315,-15.244,-7.927,12.500,4,42
-1.2188,-0.0879,-0.8179,-2.805,-13.902,20.000,4,42
-1.0874,-0.4141,-0.9819,7.073,-27.805,33.354,4,42
-1.0200,-0.7847,-0.9639,3.659,-37.744,44.939,4,42
-0.9590,-1.3330,-1.1094,3.963,-38.659,51.402,4,42
-0.9790,-2.1377,-1.5483,13.659,-32.317,54.634,4,42
-1.0913,-2.9434,-1.5205,45.061,-25.427,52.927,4,42
-1.2168,-4.0054,-1.3047,87.195,-23.659,46.037,4,42
-1.2373,-4.1338,-0.5776,115.549,-28.598,39.085,4,42
-1.1143,-3.9502,0.2676,121.037,-24.085,26.707,4,42
-0.9941,-3.2363,0.7886,116.768,-13.659,7.134,4,42
-0.7939,-2.5059,0.9883,127.561,3.476,-17.317,4,42
-0.6890,-1.8726,0.9375,158.232,23.598,-45.061,4,42
-0.5986,-1.2603,0.8252,189.207,42.500,-70.915,4,42
-0.5288,-0.8232,0.7075,206.037,65.305,-96.890,4,42
-0.6089,-0.3203,0.5435,192.866,94.024,-114.024,4,42
-0.7373,0.2109,0.4092,148.902,114.756,-120.122,4,42
-0.8755,0.7402,0.2554,85.183,117.866,-112.683,4,42
-1.0796,1.4780,0.1074,11.646,99.939,-88.659,4,42
-1.1597,2.1245,-0.0166,-74.939,56.463,-50.183,4,42
-1.4351,2.2090,-0.3486,-158.537,1.585,-2.134,4,42
-1.5005,1.8315,-0.9839,-228.598,-81.585,39.268,4,42
-1.5024,1.1079,-1.0571,-228.720,-144.329,70.793,4,42
-1.6143,0.4922,-1.2334,-184.451,-170.976,89.756,4,42
-1.7783,-0.0186,-1.1162,-116.524,-169.146,91.951,4,42
-1.8994,-0.4097,-0.8574,-46.646,-153.110,78.720,4,42
-1.9219,-0.6675,-0.5347,9.939,-133.110,54.695,4,42
-1.8564,-0.9004,-0.4067,60.122,-112.927,26.829,4,42
-1.7549,-1.0825,-0.0879,85.671,-85.671,-1.890,4,42
-1.5977,-1.2153,-0.0078,96.037,-62.744,-26.159,4,42
-1.3882,-1.2827,0.1191,86.220,-50.854,-47.805,4,42
-1.2822,-1.1460,0.3086,83.049,-34.085,-47.012,4,42
-1.1396,-1.0776,0.2964,76.463,-21.707,-47.561,4,42
-0.9727,-1.0586,0.2891,70.854,-11.280,-37.378,4,42
-0.8311,-1.0273,0.2378,68.110,1.037,-25.427,4,42
-0.6934,-0.9873,0.1772,66.037,16.220,-13.537,4,42
-0.5513,-0.9219,0.1382,63.841,31.159,-2.561,4,42
-0.4468,-0.8359,0.1006,59.634,43.293,7.012,4,42
-0.3423,-0.7539,0.0610,53.720,49.939,15.854,4,42
-0.2729,-0.6865,0.0098,42.073,48.049,24.207,4,42
-0.2393,-0.6348,-0.0098,23.293,37.012,32.134,4,42
-0.2466,-0.6055,-0.0244,-2.317,18.415,39.512,4,42
-0.3198,-0.5679,-0.0034,-26.341,-0.610,44.207,4,42
-0.4028,-0.5654,-0.1421,-50.549,-20.000,45.793,4,42
-0.4253,-0.5864,-0.1353,-78.841,-46.585,47.012,4,42
-0.5532,-0.5879,-0.1758,-96.707,-66.402,47.439,4,42
-0.6587,-0.5952,-0.2080,-106.890,-79.634,45.976,4,42
-0.2729,-0.6865,0.0098,42.073,48.049,24.207,4,42
-0.8286,-0.5825,-0.2188,-103.354,-86.402,40.671,4,42
-0.9121,-0.5479,-0.2041,-95.061,-83.110,38.354,4,42
-0.9624,-0.5161,-0.1621,-85.732,-76.890,36.463,4,42
-1.0073,-0.4780,-0.1328,-76.829,-69.207,35.732,4,42
-1.0444,-0.4463,-0.1177,-69.329,-60.671,35.793,4,42
-1.0620,-0.4150,-0.1055,-62.012,-52.561,37.012,4,42
-1.0708,-0.3940,-0.1094,-55.793,-45.732,38.293,4,42
-1.0771,-0.3818,-0.1260,-49.268,-40.061,40.488,4,42
-1.0762,-0.3774,-0.1367,-43.293,-36.159,42.500,4,42
-1.0708,-0.3721,-0.1436,-37.622,-34.695,44.695,4,42
-1.0654,-0.3818,-0.1440,-32.500,-34.817,46.829,4,42
-1.0752,-0.4048,-0.1362,-28.110,-35.976,48.415,4,42
-1.0767,-0.4355,-0.1357,-23.720,-37.683,49.878,4,42
-1.0801,-0.4624,-0.1289,-20.427,-39.329,50.305,4,42
-1.0649,-0.4873,-0.1084,-17.317,-40.000,49.512,4,42
-1.0454,-0.5112,-0.1016,-14.451,-39.451,48.293,4,42
-1.0195,-0.5029,-0.0957,-12.317,-38.171,46.159,4,42
-1.0034,-0.5083,-0.0845,-10.854,-35.976,43.780,4,42
-0.9834,-0.4814,-0.0981,-10.183,-33.232,41.524,4,42
-0.9614,-0.4609,-0.1006,-9.451,-30.610,40.244,4,42
-0.9385,-0.4331,-0.1030,-9.268,-28.537,39.817,4,42
-0.9229,-0.3999,-0.1260,-9.390,-27.622,39.268,4,42
-0.9189,-0.3726,-0.1357,-10.000,-27.256,39.573,4,42
-0.9146,-0.3379,-0.1499,-9.634,-27.744,39.939,4,42
-0.9224,-0.3174,-0.1489,-9.207,-28.598,40.549,4,42
-0.9331,-0.2871,-0.1519,-8.049,-30.000,40.671,4,42
-0.9458,-0.2949,-0.1626,-6.220,-31.220,40.732,4,42
-0.9473,-0.2949,-0.1563,-3.963,-32.256,40.244,4,42
-0.9624,-0.3081,-0.1548,-1.463,-33.232,39.878,4,42
-0.9966,-0.0566,0.0898,-62.622,-10.244,43.415,3,42
-0.9795,-0.0439,0.0742,-62.622,-9.512,42.683,3,42
-0.9717,-0.0166,0.0649,-63.293,-8.232,42.744,3,42
-0.9673,-0.0122,0.0776,-67.378,-7.378,43.110,3,42
-0.9546,-0.0278,0.0811,-72.378,-7.561,43.537,3,42
-0.9375,-0.0620,0.0894,-77.317,-7.988,43.476,3,42
-0.9297,-0.0786,0.0845,-78.659,-7.988,43.293,3,42
-0.9175,-0.0674,0.0742,-78.902,-6.707,43.720,3,42
-1.0005,-0.0869,0.0835,-70.854,0.488,37.805,3,42
-1.0112,-0.0771,0.0557,-64.390,2.256,36.524,3,42
-1.0308,-0.0508,0.0566,-59.634,4.085,35.427,3,42
-1.0425,-0.0459,0.0601,-57.561,4.451,33.902,3,42
-1.0469,-0.0645,0.0728,-56.646,3.841,32.500,3,42
-1.0635,-0.0669,0.0430,-52.744,3.780,30.244,3,42
-1.0669,-0.0508,0.0327,-47.622,4.695,28.720,3,42
-1.0786,-0.0244,0.0137,-44.451,6.646,27.805,3,42
-1.0039,-0.3975,-0.0063,-13.780,-32.134,39.817,4,42
-1.0288,-0.3838,-0.0078,-15.000,-31.220,38.780,4,42
-1.0376,-0.3843,-0.0073,-16.280,-30.488,37.805,4,42
-1.0562,-0.3701,-0.0156,-16.463,-29.817,36.646,4,42
-1.0640,-0.3687,-0.0210,-16.707,-28.780,35.610,4,42
-1.0669,-0.3521,-0.0132,-17.317,-27.927,34.695,4,42
-1.0693,-0.3457,-0.0234,-17.134,-26.951,33.598,4,42
-1.0688,-0.3394,-0.0234,-17.073,-26.524,32.622,4,42
-1.0737,0.0537,0.0640,-37.439,11.341,22.073,3,42
-1.0679,0.0498,0.0503,-38.902,12.134,22.622,3,42
-1.0625,0.0283,0.0581,-38.841,12.439,22.256,3,42
-1.0562,0.0171,0.0581,-38.110,12.744,21.707,3,42
-1.0596,0.0146,0.0688,-37.256,12.866,21.098,3,42
-1.0586,0.0132,0.0757,-37.317,12.988,20.366,3,42
-1.0747,0.0181,0.0879,-36.585,13.415,19.634,3,42
-1.0889,0.0098,0.0981,-36.402,13.659,18.841,3,42
-1.0503,-0.3120,-0.0640,-2.195,-20.122,18.476,4,42
-1.0430,-0.3154,-0.0664,-0.732,-19.451,17.622,4,42
-1.0332,-0.3101,-0.0625,0.671,-18.780,16.951,4,42
-1.0313,-0.3110,-0.0576,1.890,-18.049,16.524,4,42
-1.0225,-0.3130,-0.0503,3.049,-17.561,16.159,4,42
-1.0220,-0.3208,-0.0591,4.146,-17.073,15.793,4,42
-1.0127,-0.3223,-0.0508,5.000,-16.524,15.366,4,42
-1.0132,-0.3301,-0.0596,5.549,-16.098,14.939,4,42
-1.1313,-0.0986,0.1812,-53.049,22.256,9.146,3,42
-1.1323,-0.0864,0.1929,-54.329,21.951,9.146,3,42
-1.1333,-0.0488,0.2280,-57.317,19.939,8.780,3,42
-1.1357,-0.0234,0.2207,-57.561,20.244,8.537,3,42
-1.1343,0.0225,0.1831,-56.463,22.500,8.902,3,42
-1.1367,0.0659,0.1646,-56.585,25.549,9.512,3,42
-1.1411,0.0723,0.1284,-57.561,27.927,10.366,3,42
-1.1367,0.0840,0.0923,-59.207,30.000,10.244,3,42
-1.1807,0.2280,0.1289,-56.951,35.549,10.061,3,42
-1.1538,0.2104,0.1182,-55.671,36.037,9.512,3,42
-1.1274,0.2095,0.1255,-53.659,36.341,9.695,3,42
-1.1099,0.2080,0.1401,-51.280,36.768,10.000,3,42
-1.0898,0.2012,0.1602,-48.110,36.646,10.122,3,42
-1.0781,0.2144,0.1714,-45.305,36.402,9.878,3,42
-1.0625,0.2402,0.1758,-42.988,36.280,9.512,3,42
-1.0703,0.2725,0.1914,-42.805,36.341,9.207,3,42
-1.0693,0.2822,0.1802,-43.537,36.585,8.841,3,42
-1.0669,0.2803,0.1704,-43.537,36.341,8.476,3,42
-1.0562,0.2710,0.1626,-42.866,36.646,8.049,3,42
-1.0547,0.2598,0.1733,-42.134,36.768,7.866,3,42
-1.0464,0.2402,0.1670,-42.500,36.098,7.805,3,42
-1.0479,0.2266,0.1602,-41.585,35.793,7.317,3,42
-1.0513,0.2158,0.1499,-41.585,35.854,7.134,3,42
-1.0483,0.2158,0.1641,-42.012,35.854,7.012,3,42
-1.0640,0.2178,0.1646,-43.841,35.793,6.463,3,42
-1.0576,0.2300,0.1494,-44.878,35.854,6.646,3,42
-1.0625,0.2500,0.1367,-44.268,36.280,7.439,3,42
-1.0713,0.2559,0.1450,-43.354,36.707,8.354,3,42
-1.0576,0.2759,0.1372,-42.988,36.646,9.390,3,42
-1.0620,0.2847,0.1260,-41.890,36.951,10.244,3,42
-1.0464,0.2905,0.1357,-40.732,37.439,10.305,3,42
-1.0376,0.2974,0.1191,-39.329,37.195,10.061,3,42
-1.0225,0.3008,0.1270,-37.561,37.683,9.634,3,42
-1.0127,0.3018,0.1265,-35.183,37.988,9.329,3,42
-0.9976,0.3032,0.1392,-32.378,38.110,9.207,3,42
-0.9971,0.3066,0.1294,-29.390,38.293,8.476,3,42
-0.9800,0.3022,0.1240,-25.732,38.598,7.988,3,42
-0.9736,0.3042,0.1167,-22.927,39.146,7.256,3,42
-0.9619,0.2866,0.1099,-20.610,39.939,7.439,3,42
-0.9463,0.2778,0.0942,-18.232,40.366,6.159,3,42
-0.9951,-0.3442,-0.0527,8.841,-5.427,8.659,4,42
-0.9990,-0.3521,-0.0518,8.232,-5.976,8.720,4,42
-1.0068,-0.3550,-0.0498,7.378,-6.402,8.841,4,42
-1.0103,-0.3555,-0.0420,6.159,-6.829,8.902,4,42
-1.0112,-0.3525,-0.0366,4.573,-6.951,8.720,4,42
-1.0107,-0.3564,-0.0347,3.293,-7.561,9.146,4,42
-1.0015,-0.3506,-0.0317,1.890,-7.744,9.268,4,42
-1.0010,-0.3521,-0.0366,0.244,-8.110,9.512,4,42
-1.0215,-0.3433,-0.0039,-12.805,-10.061,11.707,4,42
-1.0190,-0.3306,0.0005,-13.659,-9.756,11.220,4,42
-1.0181,-0.3345,-0.0088,-14.390,-9.817,11.524,4,42
-1.0161,-0.3237,-0.0117,-15.061,-9.878,11.159,4,42
-1.0146,-0.3208,-0.0244,-15.244,-9.573,11.220,4,42
-1.0137,-0.3135,-0.0229,-14.817,-10.122,11.220,4,42
-1.0127,-0.3125,-0.0278,-14.878,-10.183,11.098,4,42
-1.0112,-0.3130,-0.0249,-14.024,-9.939,10.610,4,42
-0.9404,-0.0718,-0.0635,4.817,22.561,-14.085,3,42
-0.9395,-0.0811,-0.0703,3.780,21.037,-14.695,3,42
-0.9468,-0.0952,-0.0757,2.378,19.695,-15.976,3,42
-0.9365,-0.1025,-0.0728,1.585,18.110,-16.646,3,42
-0.9253,-0.1147,-0.0801,0.000,16.585,-17.744,3,42
-0.9282,-0.1333,-0.0796,-1.220,15.793,-18.720,3,42
-0.9141,-0.1421,-0.0796,-2.500,14.817,-19.512,3,42
-0.9028,-0.1436,-0.0942,-3.476,13.841,-20.061,3,42
-1.0210,-0.3428,0.0020,-5.610,-6.768,9.451,4,42
-1.0229,-0.3325,0.0083,-5.915,-6.341,9.451,4,42
-1.0181,-0.3286,-0.0024,-6.220,-5.671,9.207,4,42
-1.0132,-0.3169,-0.0010,-6.768,-5.427,8.902,4,42
-1.0171,-0.3164,-0.0063,-7.195,-5.061,8.720,4,42
-1.0166,-0.3101,-0.0049,-7.561,-4.878,8.963,4,42
-1.0186,-0.2998,-0.0098,-7.317,-5.061,8.963,4,42
-1.0225,-0.3076,-0.0068,-6.646,-5.061,8.963,4,42
-0.8086,-0.1870,-0.0698,-15.427,4.695,-21.707,3,42
-0.7988,-0.1895,-0.0684,-17.073,3.049,-21.524,3,42
-0.7979,-0.1846,-0.0698,-18.598,1.037,-20.915,3,42
-0.7920,-0.1851,-0.0693,-20.000,-0.549,-20.549,3,42
-0.7876,-0.1821,-0.0708,-21.646,-2.256,-20.366,3,42
-0.7871,-0.1758,-0.0664,-22.683,-3.720,-19.878,3,42
-0.7954,-0.1694,-0.0728,-24.146,-5.000,-19.451,3,42
-0.7920,-0.1611,-0.0771,-25.732,-6.037,-19.146,3,42
-1.0337,-0.3184,0.0005,-7.378,-2.622,9.146,4,42
-1.0293,-0.3149,-0.0083,-8.171,-2.317,8.963,4,42
-1.0288,-0.3066,-0.0088,-8.659,-2.317,9.268,4,42
-1.0234,-0.3062,-0.0137,-9.024,-2.317,9.024,4,42
-1.0156,-0.2983,-0.0205,-9.390,-2.561,8.902,4,42
-1.0239,-0.2983,-0.0171,-9.451,-2.683,8.841,4,42
-1.0249,-0.2905,-0.0200,-9.390,-2.927,8.476,4,42
-1.0269,-0.2915,-0.0205,-9.024,-2.988,8.293,4,42
-0.8691,-0.0049,-0.1064,-36.646,-12.805,-11.951,3,42
-0.8726,0.0146,-0.1079,-36.037,-13.415,-10.854,3,42
-0.8730,0.0293,-0.1050,-35.061,-13.476,-10.000,3,42
-0.8730,0.0405,-0.0967,-33.841,-13.841,-9.329,3,42
-0.8765,0.0513,-0.0894,-32.866,-14.329,-8.963,3,42
-0.8662,0.0581,-0.0850,-31.829,-14.207,-8.354,3,42
-0.8569,0.0674,-0.0815,-30.488,-15.061,-7.866,3,42
-0.8574,0.0732,-0.0811,-29.634,-15.488,-7.683,3,42
-1.0313,-0.2993,-0.0244,-7.744,-3.415,6.646,4,42
-1.0337,-0.2871,-0.0215,-7.988,-3.293,6.280,4,42
-1.0332,-0.2944,-0.0234,-8.780,-3.476,6.220,4,42
-1.0332,-0.2944,-0.0269,-8.841,-3.841,6.098,4,42
-1.0347,-0.2964,-0.0205,-9.756,-3.841,6.159,4,42
-1.0361,-0.2939,-0.0166,-10.000,-4.024,5.915,4,42
-1.0371,-0.2983,-0.0171,-10.122,-4.146,5.732,4,42
-1.0303,-0.2949,-0.0215,-10.305,-4.207,5.854,4,42
-0.8872,0.0801,-0.1421,-26.829,-12.073,-12.683,3,42
-0.8926,0.0767,-0.1445,-24.817,-11.280,-13.780,3,42
-0.8911,0.0752,-0.1499,-22.683,-10.976,-14.451,3,42
-0.8955,0.0679,-0.1479,-19.390,-10.305,-15.610,3,42
-0.8994,0.0674,-0.1533,-16.890,-9.878,-17.073,3,42
-0.8931,0.0586,-0.1504,-13.476,-9.939,-18.293,3,42
-0.8901,0.0547,-0.1445,-10.366,-10.366,-19.939,3,42
-0.8853,0.0400,-0.1313,-7.012,-10.915,-21.585,3,42
-1.0298,-0.2954,-0.0107,-10.793,-3.780,5.732,4,42
-1.0332,-0.2964,-0.0015,-10.732,-3.841,5.854,4,42
-1.0322,-0.2974,-0.0054,-10.976,-3.598,5.610,4,42
-1.0278,-0.2974,-0.0029,-10.610,-3.293,5.671,4,42
-1.0317,-0.2920,-0.0010,-10.610,-3.171,5.732,4,42
-1.0264,-0.2876,-0.0078,-10.305,-2.683,5.610,4,42
-1.0273,-0.2988,-0.0063,-10.427,-2.683,5.793,4,42
-1.0269,-0.2935,-0.0068,-10.061,-2.378,5.610,4,42
-0.8452,-0.0518,-0.0757,22.378,-20.183,-40.671,3,42
-0.8413,-0.0566,-0.0708,25.000,-20.915,-42.378,3,42
-0.8423,-0.0708,-0.0679,27.012,-22.073,-44.085,3,42
-0.8330,-0.0742,-0.0596,29.268,-23.049,-45.854,3,42
-0.8345,-0.0835,-0.0537,31.098,-24.268,-47.012,3,42
-0.8340,-0.0854,-0.0498,32.927,-25.122,-48.659,3,42
-0.8267,-0.0908,-0.0596,35.244,-26.524,-50.244,3,42
-0.8340,-0.0884,-0.0620,36.768,-27.500,-51.402,3,42
-0.8389,-0.0845,-0.0732,38.049,-27.439,-52.317,3,42
-0.8394,-0.0806,-0.0723,39.695,-27.378,-52.805,3,42
-0.8457,-0.0747,-0.0752,40.549,-27.622,-53.476,3,42
-0.8560,-0.0698,-0.0688,41.402,-27.683,-53.720,3,42
-0.8511,-0.0693,-0.0776,42.500,-27.927,-54.634,3,42
-0.8589,-0.0640,-0.0640,43.232,-28.659,-55.183,3,42
-0.8652,-0.0596,-0.0547,43.598,-30.000,-55.793,3,42
-0.8774,-0.0581,-0.0596,44.634,-30.976,-56.585,3,42
-0.8853,-0.0449,-0.0400,45.427,-32.744,-56.768,3,42
-0.8857,-0.0366,-0.0361,46.707,-34.085,-57.073,3,42
-0.8984,-0.0151,-0.0210,49.329,-35.366,-57.439,3,42
-0.8994,0.0078,-0.0015,51.402,-36.402,-57.012,3,42
-0.9092,0.0327,-0.0029,54.207,-37.866,-56.646,3,42
-0.9204,0.0596,0.0117,57.195,-38.354,-55.793,3,42
-0.9219,0.0820,0.0215,59.756,-39.634,-55.122,3,42
-0.9229,0.1123,0.0151,62.927,-40.122,-54.512,3,42
-0.9258,0.1357,0.0122,65.732,-41.159,-53.598,3,42
-0.9355,0.1528,0.0068,67.927,-41.220,-52.866,3,42
-0.9365,0.1602,-0.0034,70.610,-41.707,-52.317,3,42
-0.9473,0.1743,-0.0244,72.500,-41.585,-51.524,3,42
-0.9434,0.1802,-0.0205,74.146,-40.976,-51.037,3,42
-0.9561,0.1836,-0.0347,75.549,-40.976,-50.915,3,42
-0.9478,0.1797,-0.0347,76.585,-41.037,-50.854,3,42
-0.9448,0.1748,-0.0386,78.415,-40.671,-50.671,3,42
-0.9761,0.2178,-0.0605,98.232,-33.537,-43.171,3,42
-0.9746,0.2056,-0.0410,99.390,-34.512,-42.256,3,42
-0.9795,0.1904,-0.0142,100.854,-35.793,-41.646,3,42
-0.9785,0.1787,0.0010,102.561,-37.134,-40.610,3,42
-0.9824,0.1748,0.0244,104.756,-38.902,-40.366,3,42
-0.9897,0.1821,0.0483,107.012,-40.000,-39.695,3,42
-0.9883,0.1768,0.0684,110.000,-40.976,-39.329,3,42
-0.9849,0.1821,0.0757,113.049,-41.890,-39.512,3,42
-0.9888,0.1816,0.0850,116.220,-42.317,-38.963,3,42
-0.9888,0.1763,0.0996,119.634,-43.232,-38.963,3,42
-0.9814,0.1729,0.1108,122.439,-43.902,-38.720,3,42
-0.9922,0.1646,0.1064,125.549,-45.061,-38.659,3,42
-0.9873,0.1597,0.1187,127.378,-45.793,-38.659,3,42
-0.9849,0.1348,0.1074,129.573,-46.829,-39.024,3,42
-0.9941,0.1113,0.1045,130.915,-47.195,-39.451,3,42
-0.9849,0.0811,0.1104,131.829,-48.293,-40.183,3,42
-0.9868,0.0649,0.1133,132.378,-48.780,-40.854,3,42
-0.9858,0.0283,0.1079,132.927,-49.634,-41.463,3,42
-0.9844,0.0005,0.1182,132.927,-50.549,-42.500,3,42
-0.9858,-0.0313,0.1162,132.988,-51.646,-43.171,3,42
-0.9775,-0.0537,0.1309,133.415,-52.866,-44.024,3,42
-0.9741,-0.0806,0.1328,133.841,-54.024,-44.390,3,42
-0.9766,-0.0947,0.1348,134.695,-54.878,-44.695,3,42
-0.9800,-0.1172,0.1338,135.183,-55.671,-44.695,3,42
-1.0347,-0.2681,-0.0195,-9.024,3.902,6.890,4,42
-1.0449,-0.2700,-0.0225,-8.841,4.146,6.890,4,42
-1.0454,-0.2632,-0.0254,-8.659,4.512,6.646,4,42
-1.0400,-0.2651,-0.0137,-8.049,4.512,6.159,4,42
-1.0435,-0.2646,-0.0176,-7.622,4.878,6.341,4,42
-1.0464,-0.2686,-0.0239,-7.500,4.634,6.037,4,42
-1.0396,-0.2671,-0.0215,-7.195,5.244,5.915,4,42
-1.0425,-0.2642,-0.0171,-7.012,5.305,5.671,4,42
-0.9468,-0.0972,0.0894,134.878,-63.780,-35.854,3,42
-0.9355,-0.0977,0.0825,134.390,-64.451,-35.854,3,42
-0.9370,-0.1035,0.0825,134.634,-65.244,-35.854,3,42
-0.9312,-0.1060,0.0776,134.329,-65.549,-35.549,3,42
-0.9224,-0.1104,0.0747,134.329,-66.159,-35.610,3,42
-0.9185,-0.1104,0.0620,134.634,-66.524,-35.427,3,42
-0.9121,-0.1147,0.0620,134.207,-66.768,-35.427,3,42
-0.9155,-0.1147,0.0625,134.146,-67.195,-35.183,3,42
-0.9175,-0.1113,0.0571,133.841,-67.866,-34.878,3,42
-0.9233,-0.1138,0.0605,133.110,-68.659,-34.390,3,42
-0.9287,-0.1274,0.0625,132.744,-69.390,-34.024,3,42
-0.9409,-0.1226,0.0625,131.463,-70.244,-33.415,3,42
-0.9468,-0.1284,0.0664,130.244,-71.159,-32.439,3,42
-0.9585,-0.1245,0.0703,129.451,-71.829,-31.402,3,42
-0.9673,-0.1201,0.0679,128.293,-72.866,-30.366,3,42
-0.9819,-0.1152,0.0723,127.012,-73.537,-29.329,3,42
-1.0361,-0.2490,-0.0396,0.671,8.232,2.561,4,42
-1.0366,-0.2476,-0.0391,0.732,8.110,2.866,4,42
-1.0317,-0.2456,-0.0449,0.976,8.354,2.561,4,42
-1.0396,-0.2437,-0.0430,1.463,8.232,2.622,4,42
-1.0386,-0.2510,-0.0479,1.829,8.293,2.134,4,42
-1.0420,-0.2520,-0.0479,2.378,8.354,2.256,4,42
-1.0479,-0.2598,-0.0415,3.049,8.354,2.195,4,42
-1.0454,-0.2612,-0.0381,3.049,8.720,2.134,4,42
-1.0386,-0.2612,-0.0293,3.049,9.024,2.012,4,42
-1.0381,-0.2651,-0.0293,3.354,9.085,2.134,4,42
-1.0444,-0.2656,-0.0298,3.110,9.146,2.012,4,42
-1.0474,-0.2632,-0.0234,3.171,9.634,1.890,4,42
-1.0347,-0.2651,-0.0220,2.805,10.122,1.951,4,42
-1.0420,-0.2622,-0.0254,2.805,10.061,1.829,4,42
-1.0405,-0.2578,-0.0342,2.439,10.488,1.768,4,42
-1.0352,-0.2559,-0.0342,2.256,10.488,1.768,4,42
-1.0366,-0.2515,-0.0425,2.683,10.610,1.829,4,42
-1.0376,-0.2563,-0.0391,2.866,11.098,1.890,4,42
-1.0352,-0.2510,-0.0532,3.537,10.976,2.134,4,42
-1.0376,-0.2510,-0.0479,4.085,10.976,2.195,4,42
-1.0366,-0.2544,-0.0498,4.512,11.037,2.073,4,42
-1.0366,-0.2480,-0.0508,5.366,11.463,2.378,4,42
-1.0308,-0.2544,-0.0430,5.793,11.220,2.073,4,42
-1.0376,-0.2529,-0.0420,6.341,11.585,2.256,4,42
-1.0371,-0.2520,-0.0464,6.646,11.524,2.012,4,42
-1.0420,-0.2559,-0.0474,6.159,11.768,1.768,4,42
-1.0425,-0.2559,-0.0430,6.646,12.134,2.073,4,42
-1.0410,-0.2559,-0.0420,6.585,12.134,2.256,4,42
-1.0449,-0.2539,-0.0435,7.073,12.317,2.195,4,42
-1.0430,-0.2583,-0.0464,6.768,12.683,2.439,4,42
-1.0430,-0.2510,-0.0308,7.500,13.049,2.683,4,42
-1.0425,-0.2461,-0.0361,7.744,13.171,2.805,4,42
-1.0449,-0.2593,-0.0381,8.415,13.841,2.988,4,42
-1.0454,-0.2563,-0.0347,8.659,14.085,3.049,4,42
-1.0439,-0.2588,-0.0430,8.841,14.512,3.049,4,42
-1.0410,-0.2676,-0.0454,9.146,15.183,2.988,4,42
-1.0420,-0.2637,-0.0415,9.146,15.305,3.293,4,42
-1.0400,-0.2642,-0.0366,9.390,15.671,3.476,4,42
-1.0425,-0.2642,-0.0322,9.146,16.037,3.720,4,42
-1.0420,-0.2622,-0.0415,9.207,16.159,4.146,4,42
-1.0435,-0.2568,-0.0352,9.085,16.585,4.085,4,42
-1.0444,-0.2461,-0.0518,8.963,16.768,4.390,4,42
-1.0444,-0.2437,-0.0576,8.841,17.073,4.573,4,42
-1.0371,-0.2495,-0.0518,9.207,17.805,4.512,4,42
-1.0410,-0.2432,-0.0542,9.390,17.988,4.695,4,42
-1.0474,-0.2373,-0.0532,9.695,18.171,4.878,4,42
-1.0464,-0.2324,-0.0552,10.366,18.232,5.122,4,42
-1.0508,-0.2417,-0.0444,10.793,18.537,5.305,4,42
-1.2007,0.2983,-0.2104,15.122,-24.939,-29.939,3,42
-1.2148,0.3438,-0.2329,12.988,-21.585,-27.378,3,42
-1.2393,0.3892,-0.2534,10.549,-18.476,-24.817,3,42
-1.2495,0.4248,-0.2813,8.293,-15.488,-22.195,3,42
-1.2593,0.4546,-0.3057,6.341,-12.317,-19.329,3,42
-1.2603,0.4976,-0.3193,4.268,-9.695,-16.768,3,42
-1.2637,0.5317,-0.3477,2.988,-6.341,-13.963,3,42
-1.2681,0.5591,-0.3579,2.012,-3.110,-11.159,3,42
-1.0542,-0.2451,-0.0503,11.707,18.780,5.244,4,42
-1.0596,-0.2476,-0.0430,12.988,19.451,5.610,4,42
-1.0562,-0.2456,-0.0449,13.537,20.000,5.305,4,42
-1.0557,-0.2568,-0.0327,14.085,20.610,5.305,4,42
-1.0596,-0.2578,-0.0313,14.329,21.585,5.183,4,42
-1.0513,-0.2632,-0.0313,14.634,22.439,5.183,4,42
-1.0469,-0.2720,-0.0356,14.390,22.744,5.549,4,42
-1.0513,-0.2627,-0.0278,14.390,23.415,5.793,4,42
-1.0488,-0.3008,-0.0410,28.171,38.354,15.854,4,42
-1.0483,-0.3018,-0.0391,27.622,38.841,16.463,4,42
-1.0527,-0.2949,-0.0488,27.012,39.512,16.646,4,42
-1.0571,-0.2959,-0.0522,27.073,39.939,17.134,4,42
-1.0610,-0.3022,-0.0464,26.768,39.939,17.683,4,42
-1.0693,-0.3066,-0.0679,26.402,40.671,18.110,4,42
-1.0757,-0.3096,-0.0640,26.524,41.280,18.720,4,42
-1.0811,-0.3169,-0.0566,25.854,42.012,19.390,4,42
-1.0981,-0.3193,-0.0537,25.427,43.171,20.366,4,42
-1.1094,-0.3379,-0.0313,25.366,43.780,21.159,4,42
-1.1089,-0.3462,-0.0132,25.671,44.329,21.951,4,42
-1.1113,-0.3330,-0.0044,25.549,45.488,22.744,4,42
-1.1157,-0.3350,-0.0010,25.183,46.890,23.293,4,42
-1.1230,-0.3330,-0.0098,25.427,48.293,23.780,4,42
-1.1172,-0.3125,-0.0098,25.549,50.427,24.634,4,42
-1.1177,-0.3169,-0.0073,25.122,52.256,25.549,4,42
-1.1035,-0.3237,-0.0239,25.854,54.268,26.463,4,42
-1.1035,-0.3364,-0.0249,27.073,55.976,27.927,4,42
-1.1143,-0.3491,-0.0249,28.720,57.561,29.329,4,42
-1.1089,-0.3530,-0.0298,29.878,58.963,30.671,4,42
-1.1128,-0.3496,-0.0308,31.037,60.793,32.012,4,42
-1.1152,-0.3491,-0.0210,32.012,62.134,32.988,4,42
-1.1230,-0.3374,-0.0112,33.293,63.780,34.085,4,42
-1.1235,-0.3281,-0.0122,35.122,65.122,34.634,4,42
