ax,ay,az,gx,gy,gz,slot,label
0.2471,0.5469,-0.1060,-2.561,13.476,-54.085,2,12
0.2524,0.5796,-0.0923,-3.841,14.024,-55.122,2,12
0.2480,0.6260,-0.0757,-4.756,13.780,-56.280,2,12
0.2554,0.6733,-0.0835,-5.427,14.085,-57.073,2,12
0.2578,0.7236,-0.0630,-6.524,13.720,-57.927,2,12
0.2676,0.7705,-0.0649,-7.256,13.780,-58.720,2,12
0.2632,0.8223,-0.0640,-8.232,13.354,-59.329,2,12
0.2656,0.8745,-0.0649,-8.780,13.232,-59.451,2,12
-0.9819,0.0317,0.1509,0.549,-4.024,-0.854,3,90
-0.9785,0.0352,0.1475,-0.732,-3.720,-0.732,3,90
-0.9810,0.0303,0.1470,-1.524,-3.598,-1.159,3,90
-0.9819,0.0317,0.1528,-2.317,-3.415,-1.220,3,90
-0.9810,0.0366,0.1567,-3.354,-2.927,-1.220,3,90
-0.9844,0.0425,0.1528,-3.902,-2.439,-0.854,3,90
-0.9873,0.0513,0.1577,-4.634,-2.256,-0.915,3,90
-0.9810,0.0488,0.1626,-4.756,-1.951,-0.976,3,90
0.3755,-0.9932,0.3945,33.171,2.439,6.829,1,12
0.3740,-1.0083,0.4033,33.720,2.866,6.098,1,12
0.3770,-1.0259,0.4097,34.634,3.841,5.244,1,12
0.3804,-1.0376,0.4209,34.573,4.329,4.146,1,12
0.3848,-1.0479,0.4243,34.329,4.695,3.049,1,12
0.3809,-1.0654,0.4316,33.902,4.939,2.256,1,12
0.3823,-1.0801,0.4424,32.683,5.488,1.280,1,12
0.3901,-1.0967,0.4468,30.732,6.159,0.244,1,12
0.2910,1.3340,-0.1001,-2.744,5.061,-54.512,2,12
0.2910,1.3818,-0.0942,-1.280,4.207,-53.110,2,12
0.2905,1.3994,-0.0947,-0.732,3.598,-52.561,2,12
0.2876,1.4297,-0.0962,1.159,2.622,-51.280,2,12
0.2842,1.4556,-0.0972,2.683,1.402,-49.695,2,12
0.2832,1.4956,-0.0938,4.695,0.183,-48.110,2,12
0.2925,1.5342,-0.0977,7.988,-1.707,-45.305,2,12
0.2798,1.5581,-0.1060,10.366,-2.500,-43.476,2,12
-0.9873,0.0498,0.1606,-7.622,1.890,-0.244,3,90
-0.9932,0.0513,0.1567,-7.622,2.378,0.000,3,90
-0.9932,0.0488,0.1558,-7.744,2.866,0.000,3,90
-0.9883,0.0527,0.1572,-7.439,3.659,-0.183,3,90
-0.9844,0.0581,0.1582,-6.524,4.268,0.122,3,90
-0.9902,0.0723,0.1621,-6.280,4.390,0.122,3,90
-0.9883,0.0771,0.1509,-5.793,4.817,0.366,3,90
-0.9824,0.0835,0.1558,-4.756,5.427,0.366,3,90
0.3687,-1.2061,0.4756,9.695,11.280,-8.232,1,12
0.3662,-1.2163,0.4717,7.744,11.768,-9.085,1,12
0.3657,-1.2085,0.4639,5.732,12.744,-9.939,1,12
0.3550,-1.2148,0.4551,3.780,13.232,-10.793,1,12
0.3535,-1.2051,0.4521,2.134,13.720,-11.890,1,12
0.3525,-1.2002,0.4409,0.610,14.390,-12.683,1,12
0.3477,-1.1948,0.4312,-0.488,14.878,-13.780,1,12
0.3389,-1.1787,0.4233,-1.829,15.549,-14.573,1,12
0.2778,1.7959,-0.1665,31.829,-12.134,-16.707,2,12
0.2686,1.8315,-0.1782,34.573,-12.927,-13.049,2,12
0.2744,1.8726,-0.1836,37.256,-14.024,-9.451,2,12
0.2729,1.9170,-0.1992,39.695,-14.512,-5.549,2,12
0.2632,1.9570,-0.2036,42.683,-15.305,-1.707,2,12
0.2715,2.0112,-0.2246,45.671,-16.280,2.073,2,12
0.2686,2.0557,-0.2358,49.268,-17.500,6.037,2,12
0.2637,2.1084,-0.2539,52.439,-18.659,10.061,2,12
-0.9707,0.0732,0.1396,2.683,8.598,1.646,3,90
-0.9775,0.0718,0.1416,3.841,8.963,1.829,3,90
-0.9771,0.0791,0.1377,3.841,9.268,1.341,3,90
-0.9722,0.0776,0.1357,4.512,9.390,1.585,3,90
-0.9741,0.0830,0.1309,4.695,9.634,1.341,3,90
-0.9727,0.0767,0.1323,5.000,9.756,1.280,3,90
-0.9653,0.0703,0.1226,5.305,9.756,1.280,3,90
-0.9731,0.0771,0.1226,5.915,9.817,0.793,3,90
0.3413,-1.0850,0.3359,1.220,23.232,-18.110,1,12
0.3452,-1.0806,0.3423,3.171,24.085,-18.049,1,12
0.3481,-1.0718,0.3447,5.427,25.122,-17.927,1,12
0.3447,-1.0610,0.3315,7.317,26.098,-18.171,1,12
0.3418,-1.0679,0.3311,9.573,27.012,-18.598,1,12
0.3521,-1.0649,0.3379,12.134,27.744,-18.598,1,12
0.3457,-1.0654,0.3340,14.939,28.110,-19.085,1,12
0.3418,-1.0688,0.3335,18.049,28.476,-19.268,1,12
0.1963,2.2070,-0.4634,79.573,-31.646,51.524,2,12
0.1846,2.1860,-0.4780,83.476,-31.829,57.134,2,12
0.1743,2.1577,-0.4878,87.622,-31.890,62.622,2,12
0.1675,2.1191,-0.5044,90.976,-31.646,68.354,2,12
0.1680,2.0713,-0.5166,94.024,-30.793,74.268,2,12
0.1729,2.0107,-0.5229,96.463,-29.939,80.305,2,12
0.1753,1.9385,-0.5371,98.841,-28.902,85.427,2,12
0.1904,1.8579,-0.5474,101.585,-27.744,90.732,2,12
-0.9702,0.0762,0.1201,7.744,10.793,-0.244,3,90
-0.9648,0.0840,0.1304,8.232,10.793,-0.244,3,90
-0.9712,0.0835,0.1333,8.415,11.341,-0.244,3,90
-0.9697,0.0835,0.1309,8.476,11.280,-0.488,3,90
-0.9673,0.0933,0.1343,8.780,11.098,-0.610,3,90
-0.9629,0.0967,0.1318,8.720,11.463,-0.915,3,90
-0.9658,0.1001,0.1294,8.780,11.402,-0.915,3,90
-0.9619,0.1079,0.1235,8.963,11.585,-1.341,3,90
0.3354,-1.1187,0.3242,42.927,25.244,-18.780,1,12
0.3330,-1.1318,0.3174,44.756,24.207,-18.780,1,12
0.3276,-1.1401,0.3110,47.317,23.659,-18.476,1,12
0.3335,-1.1411,0.2944,49.329,22.561,-17.988,1,12
0.3262,-1.1333,0.2720,50.976,21.341,-17.805,1,12
0.3184,-1.1240,0.2617,53.598,20.488,-17.866,1,12
0.3252,-1.1035,0.2539,55.732,19.268,-17.500,1,12
0.3145,-1.0850,0.2437,57.561,18.659,-17.805,1,12
0.3828,1.0093,-0.5430,129.024,-27.012,107.256,2,12
0.3950,0.9336,-0.5542,131.280,-30.671,111.159,2,12
0.3940,0.8608,-0.5615,133.171,-34.451,114.878,2,12
0.3779,0.7998,-0.5610,135.488,-38.110,118.537,2,12
0.3711,0.7334,-0.5615,136.829,-42.073,122.561,2,12
0.3594,0.6597,-0.5649,139.573,-45.305,125.732,2,12
0.3311,0.5923,-0.5674,143.476,-47.866,128.598,2,12
0.3071,0.5396,-0.5718,145.915,-50.427,131.037,2,12
-0.9565,0.1079,0.1230,13.598,11.463,-2.134,3,90
-0.9600,0.1060,0.1309,13.293,11.402,-2.317,3,90
-0.9546,0.1006,0.1299,13.415,11.402,-2.256,3,90
-0.9653,0.1030,0.1187,13.659,11.524,-2.500,3,90
-0.9595,0.1030,0.1128,14.024,11.463,-2.622,3,90
-0.9609,0.0981,0.1162,14.390,11.037,-2.683,3,90
-0.9614,0.0981,0.1162,14.207,11.220,-3.354,3,90
-0.9614,0.1011,0.1138,14.146,11.159,-3.354,3,90
0.3643,-1.0713,0.1816,53.659,13.902,-12.500,1,12
0.3569,-1.0913,0.1738,53.232,12.927,-11.829,1,12
0.3545,-1.1011,0.1665,52.683,11.585,-11.463,1,12
0.3540,-1.1201,0.1548,52.012,10.488,-11.707,1,12
0.3569,-1.1328,0.1538,51.524,9.390,-11.890,1,12
0.3555,-1.1416,0.1499,50.793,8.841,-12.134,1,12
0.3521,-1.1499,0.1484,49.207,8.293,-12.744,1,12
0.3662,-1.1548,0.1382,47.317,7.927,-13.293,1,12
0.1758,0.0483,-0.5615,151.768,-69.390,122.256,2,12
0.1743,-0.0068,-0.5518,149.878,-70.244,118.841,2,12
0.1743,-0.0562,-0.5522,146.768,-70.732,115.000,2,12
0.1753,-0.0879,-0.5469,142.866,-70.549,111.402,2,12
0.1748,-0.1235,-0.5464,137.683,-69.939,107.622,2,12
0.1763,-0.1587,-0.5327,130.732,-67.988,104.207,2,12
0.1704,-0.1904,-0.5181,123.537,-65.732,100.915,2,12
0.1851,-0.2188,-0.5200,114.695,-63.354,97.378,2,12
-0.9692,0.1084,0.1401,13.598,10.122,-4.146,3,90
-0.9609,0.1040,0.1436,13.476,9.817,-4.085,3,90
-0.9497,0.0830,0.1401,14.207,9.756,-3.476,3,90
-0.9473,0.0654,0.1353,15.915,9.878,-2.134,3,90
-0.9424,0.0439,0.1172,17.805,9.390,-1.341,3,90
-0.9443,0.0327,0.1206,18.415,9.390,-0.793,3,90
-0.9502,0.0283,0.1055,18.171,9.329,-0.549,3,90
-0.9438,0.0273,0.1089,17.683,9.268,-0.610,3,90
0.4355,-1.0781,0.1011,18.232,0.732,-10.915,1,12
0.4395,-1.0728,0.0938,15.061,-0.305,-10.122,1,12
0.4419,-1.0581,0.0898,12.073,-1.037,-9.756,1,12
0.4507,-1.0469,0.0894,9.390,-1.646,-9.268,1,12
0.4482,-1.0435,0.0850,6.951,-1.768,-8.659,1,12
0.4556,-1.0361,0.0854,4.390,-2.195,-8.293,1,12
0.4443,-1.0303,0.0811,1.768,-2.378,-7.683,1,12
0.4512,-1.0269,0.0718,-0.488,-2.500,-7.195,1,12
0.1699,-0.2529,-0.5493,28.415,-39.695,61.829,2,12
0.1733,-0.2446,-0.5615,21.220,-36.341,56.707,2,12
0.1689,-0.2261,-0.5547,14.512,-32.805,51.220,2,12
0.1709,-0.2158,-0.5498,7.073,-29.634,46.037,2,12
0.1587,-0.2065,-0.5396,-0.427,-27.134,41.037,2,12
0.1689,-0.1782,-0.5405,-8.354,-24.756,36.159,2,12
0.1577,-0.1602,-0.5356,-15.000,-23.110,31.402,2,12
0.1572,-0.1392,-0.5366,-21.585,-22.500,26.829,2,12
-0.9575,0.1021,0.0923,7.744,7.073,-4.268,3,90
-0.9541,0.1011,0.0908,7.866,6.768,-4.512,3,90
-0.9575,0.1021,0.0864,8.537,6.768,-4.878,3,90
-0.9517,0.0977,0.0820,8.354,6.280,-5.061,3,90
-0.9624,0.1060,0.0947,8.720,6.463,-5.366,3,90
-0.9585,0.1055,0.0864,8.659,6.037,-5.427,3,90
-0.9663,0.1104,0.1040,8.780,6.159,-5.549,3,90
-0.9692,0.1089,0.0967,9.268,5.976,-5.610,3,90
0.4307,-0.9893,0.1147,-15.732,-1.585,-2.134,1,12
0.4297,-0.9883,0.1221,-16.402,-1.159,-1.951,1,12
0.4238,-0.9805,0.1255,-16.951,-1.159,-2.256,1,12
0.4258,-0.9844,0.1333,-17.134,-0.305,-2.500,1,12
0.4224,-0.9761,0.1475,-16.829,0.305,-2.561,1,12
0.4277,-0.9785,0.1592,-17.195,0.854,-2.683,1,12
0.4316,-0.9717,0.1689,-16.951,1.646,-3.293,1,12
0.4336,-0.9653,0.1753,-16.585,2.012,-3.354,1,12
0.1895,0.0693,-0.4746,-41.341,-12.866,-1.829,2,12
0.1929,0.1045,-0.4736,-41.768,-11.829,-4.146,2,12
0.1978,0.1377,-0.4658,-41.402,-10.793,-6.646,2,12
0.2021,0.1714,-0.4673,-41.341,-9.512,-8.720,2,12
0.2090,0.1997,-0.4531,-40.854,-8.476,-10.671,2,12
0.2119,0.2329,-0.4541,-40.244,-7.927,-12.622,2,12
0.2124,0.2642,-0.4517,-39.268,-6.768,-14.634,2,12
0.2183,0.2983,-0.4629,-37.500,-6.280,-16.646,2,12
0.2246,0.3257,-0.4644,-35.366,-5.915,-18.171,2,12
0.2241,0.3667,-0.4707,-32.744,-5.305,-20.122,2,12
0.2305,0.4038,-0.4668,-29.878,-4.817,-21.524,2,12
0.2319,0.4326,-0.4590,-27.439,-4.329,-22.622,2,12
0.2368,0.4790,-0.4604,-25.061,-3.902,-24.207,2,12
0.2402,0.5176,-0.4546,-21.707,-3.537,-25.610,2,12
0.2466,0.5581,-0.4668,-17.561,-3.720,-26.402,2,12
0.2422,0.5957,-0.4658,-13.293,-3.354,-27.378,2,12
-0.9590,0.1089,0.0923,30.427,7.988,-8.720,3,90
-0.9561,0.1050,0.0879,32.195,8.232,-8.537,3,90
-0.9585,0.1094,0.0918,33.720,8.049,-8.659,3,90
-0.9585,0.1084,0.0791,35.061,8.110,-8.720,3,90
-0.9580,0.1113,0.0908,35.854,8.110,-8.598,3,90
-0.9644,0.1050,0.1035,36.646,8.293,-8.476,3,90
-0.9648,0.1084,0.0967,37.317,8.049,-8.659,3,90
-0.9614,0.1050,0.0967,37.134,7.927,-8.659,3,90
0.4395,-0.9375,0.2109,-17.744,4.817,-4.390,1,12
0.4297,-0.9395,0.2207,-17.561,5.610,-4.451,1,12
0.4258,-0.9424,0.2378,-16.890,5.793,-4.085,1,12
0.4194,-0.9385,0.2407,-16.341,6.463,-3.963,1,12
0.4194,-0.9487,0.2441,-15.000,7.012,-4.512,1,12
0.4111,-0.9419,0.2471,-13.659,7.439,-4.695,1,12
0.4126,-0.9438,0.2451,-12.256,7.927,-4.817,1,12
0.4175,-0.9385,0.2480,-10.610,8.293,-5.244,1,12
0.2666,0.9170,-0.4712,20.366,-8.415,-24.939,2,12
0.2661,0.9292,-0.4858,23.415,-8.902,-23.780,2,12
0.2632,0.9487,-0.4849,26.829,-9.329,-22.378,2,12
0.2729,0.9604,-0.4922,29.634,-9.817,-20.793,2,12
0.2642,0.9756,-0.4922,32.683,-9.756,-19.451,2,12
0.2676,0.9937,-0.4858,35.183,-9.817,-17.439,2,12
0.2690,0.9976,-0.4883,37.988,-9.939,-16.037,2,12
0.2676,0.9985,-0.4844,39.695,-10.244,-14.329,2,12
0.4009,-0.9517,0.3232,-3.476,12.134,-8.354,1,12
0.4019,-0.9604,0.3242,-3.049,12.012,-8.902,1,12
0.4038,-0.9614,0.3232,-2.927,12.378,-9.451,1,12
0.4033,-0.9658,0.3286,-2.378,12.561,-9.695,1,12
0.3950,-0.9858,0.3379,-2.317,12.256,-10.732,1,12
0.3970,-0.9951,0.3311,-2.378,11.951,-11.341,1,12
0.3926,-1.0005,0.3306,-2.866,11.768,-12.256,1,12
0.3862,-1.0176,0.3345,-3.720,12.317,-12.927,1,12
0.2964,0.9438,-0.4668,48.537,-10.183,0.854,2,12
0.3052,0.9243,-0.4658,48.415,-10.427,2.439,2,12
0.3105,0.9204,-0.4653,47.744,-9.878,4.451,2,12
0.3228,0.9058,-0.4683,46.951,-9.939,6.280,2,12
0.3213,0.9043,-0.4604,45.549,-9.024,8.110,2,12
0.3325,0.8779,-0.4697,43.354,-8.354,9.573,2,12
0.3315,0.8564,-0.4702,40.061,-7.073,11.280,2,12
0.3306,0.8530,-0.4844,36.280,-6.037,12.622,2,12
0.3384,0.8511,-0.4961,32.988,-5.061,14.024,2,12
0.3384,0.8530,-0.5098,30.000,-4.451,15.488,2,12
0.3379,0.8672,-0.5171,27.500,-3.049,17.012,2,12
0.3398,0.8730,-0.5166,25.061,-2.256,18.110,2,12
0.3369,0.8906,-0.5137,22.500,-1.768,20.122,2,12
0.3384,0.9087,-0.5259,19.451,-0.976,21.951,2,12
0.3379,0.9209,-0.5195,16.463,-0.732,23.720,2,12
0.3340,0.9409,-0.5166,12.744,0.000,25.610,2,12
-0.9751,0.0693,0.0986,20.488,7.378,-5.610,3,90
-0.9785,0.0659,0.0977,21.037,7.561,-5.244,3,90
-0.9741,0.0684,0.0967,21.524,8.049,-5.183,3,90
-0.9761,0.0762,0.0806,22.195,8.476,-5.122,3,90
-0.9849,0.0767,0.0869,23.354,8.780,-5.244,3,90
-0.9834,0.0752,0.0869,24.390,8.659,-5.244,3,90
-0.9810,0.0879,0.0898,25.305,9.268,-5.122,3,90
-0.9805,0.0947,0.0923,26.037,9.451,-4.939,3,90
0.3677,-1.0835,0.3877,-14.207,10.244,-27.927,1,12
0.3691,-1.0786,0.3940,-14.085,10.366,-29.085,1,12
0.3760,-1.0845,0.3931,-14.390,10.549,-30.244,1,12
0.3818,-1.0815,0.4082,-14.085,9.939,-31.463,1,12
0.3857,-1.0776,0.4023,-12.988,9.695,-32.744,1,12
0.3940,-1.0737,0.4033,-12.683,9.207,-33.841,1,12
0.3994,-1.0732,0.4097,-11.524,8.537,-34.573,1,12
0.3965,-1.0742,0.4102,-10.549,7.805,-35.488,1,12
0.3252,0.8423,-0.5137,-6.951,-1.037,39.512,2,12
0.3267,0.8193,-0.5015,-9.207,-1.098,40.549,2,12
0.3286,0.8062,-0.5073,-11.951,-1.280,42.134,2,12
0.3413,0.7729,-0.4956,-14.756,-1.159,43.293,2,12
0.3394,0.7549,-0.4932,-17.378,-1.220,44.329,2,12
0.3418,0.7275,-0.4927,-20.000,-1.280,45.183,2,12
0.3447,0.7075,-0.4868,-22.073,-1.402,46.280,2,12
0.3389,0.6816,-0.4873,-24.634,-1.463,46.402,2,12
-0.9746,0.0225,0.0894,31.463,11.402,-2.195,3,90
-0.9727,0.0098,0.0796,30.793,11.463,-1.829,3,90
-0.9766,0.0068,0.0767,30.366,11.463,-1.585,3,90
-0.9844,0.0000,0.0659,28.659,11.402,-1.646,3,90
-0.9790,-0.0049,0.0557,27.683,11.280,-1.280,3,90
-0.9819,-0.0146,0.0518,26.402,11.098,-1.037,3,90
-0.9839,-0.0156,0.0479,25.305,11.220,-0.976,3,90
-0.9761,-0.0127,0.0601,23.415,10.915,-0.610,3,90
0.3975,-1.0386,0.4014,-7.256,4.329,-43.110,1,12
0.3994,-1.0195,0.3955,-6.890,4.329,-43.659,1,12
0.3999,-1.0068,0.3857,-7.439,3.963,-44.085,1,12
0.4077,-0.9961,0.3789,-7.622,3.963,-44.939,1,12
0.4097,-0.9858,0.3730,-7.988,3.902,-44.756,1,12
0.4102,-0.9727,0.3647,-8.780,4.024,-45.183,1,12
0.4136,-0.9648,0.3633,-8.841,3.598,-45.610,1,12
0.4165,-0.9390,0.3408,-9.329,3.659,-46.159,1,12
0.3569,0.5942,-0.4614,-42.622,-3.720,46.829,2,12
0.3560,0.5889,-0.4546,-44.024,-4.573,46.829,2,12
0.3525,0.5825,-0.4512,-44.512,-5.366,46.524,2,12
0.3550,0.5742,-0.4541,-45.549,-6.463,46.646,2,12
0.3477,0.5684,-0.4619,-45.915,-7.256,46.402,2,12
0.3413,0.5562,-0.4570,-46.402,-8.171,46.098,2,12
0.3428,0.5342,-0.4502,-47.256,-9.268,45.732,2,12
0.3447,0.5229,-0.4561,-46.829,-9.817,45.061,2,12
-0.9692,-0.0488,0.0498,2.744,8.902,3.110,3,90
-0.9741,-0.0420,0.0469,0.915,8.598,3.171,3,90
-0.9702,-0.0400,0.0444,-1.402,8.780,3.963,3,90
-0.9766,-0.0449,0.0430,-3.232,8.598,4.207,3,90
-0.9805,-0.0400,0.0474,-5.000,8.476,4.573,3,90
-0.9756,-0.0313,0.0508,-6.829,8.354,5.183,3,90
-0.9790,-0.0244,0.0425,-8.415,8.049,5.244,3,90
-0.9741,-0.0215,0.0503,-10.122,8.049,5.671,3,90
0.4526,-0.7729,0.2261,-7.622,1.463,-45.488,1,12
0.4639,-0.7559,0.1982,-6.402,1.098,-44.817,1,12
0.4634,-0.7451,0.1919,-5.183,1.585,-44.024,1,12
0.4668,-0.7275,0.1865,-3.293,1.402,-42.927,1,12
0.4780,-0.7095,0.1821,-1.951,1.585,-41.768,1,12
0.4795,-0.6914,0.1802,0.061,1.463,-40.732,1,12
0.4893,-0.6782,0.1606,1.829,1.585,-39.329,1,12
0.4897,-0.6587,0.1514,3.354,1.280,-37.866,1,12
0.3145,0.3413,-0.4644,-52.988,-12.927,37.866,2,12
0.3091,0.3198,-0.4570,-54.329,-12.683,36.768,2,12
0.3120,0.2939,-0.4570,-55.549,-12.012,34.939,2,12
0.3105,0.2773,-0.4609,-57.195,-11.768,33.354,2,12
0.3071,0.2588,-0.4590,-58.720,-10.915,31.585,2,12
0.3096,0.2378,-0.4570,-60.549,-10.671,29.756,2,12
0.3037,0.2227,-0.4497,-61.585,-10.000,27.561,2,12
0.3091,0.2075,-0.4463,-62.866,-8.963,25.793,2,12
-0.9824,0.0396,0.0630,-15.915,8.293,8.963,3,90
-0.9736,0.0400,0.0576,-16.098,8.293,9.390,3,90
-0.9775,0.0371,0.0483,-15.610,8.476,9.695,3,90
-0.9756,0.0269,0.0679,-15.122,8.780,10.183,3,90
-0.9819,0.0308,0.0820,-14.573,9.268,10.488,3,90
-0.9829,0.0371,0.0796,-13.902,9.573,11.037,3,90
-0.9673,0.0278,0.0708,-13.476,9.512,11.707,3,90
-0.9692,0.0200,0.0474,-13.049,9.451,12.622,3,90
0.4976,-0.5146,0.0571,12.744,2.866,-18.293,1,12
0.5029,-0.5054,0.0381,12.927,3.354,-15.854,1,12
0.5020,-0.5039,0.0249,13.902,3.720,-13.354,1,12
0.5073,-0.4834,0.0112,14.695,4.451,-11.037,1,12
0.4995,-0.4785,-0.0039,15.061,5.000,-8.537,1,12
0.5054,-0.4707,-0.0200,15.244,5.732,-5.976,1,12
0.5122,-0.4575,-0.0308,15.488,6.341,-3.354,1,12
0.5117,-0.4458,-0.0415,15.427,7.073,-0.732,1,12
0.3105,0.1104,-0.4219,-75.610,-4.817,-1.707,2,12
0.3086,0.1074,-0.4263,-76.646,-4.573,-5.732,2,12
0.3101,0.1001,-0.4375,-77.256,-4.146,-8.537,2,12
0.3101,0.0972,-0.4238,-78.171,-3.902,-12.561,2,12
0.3032,0.0879,-0.4175,-79.268,-3.902,-16.402,2,12
0.3008,0.0854,-0.4141,-80.366,-3.659,-20.000,2,12
0.2979,0.0767,-0.4106,-81.341,-3.720,-23.780,2,12
0.2939,0.0571,-0.4043,-81.890,-4.085,-27.683,2,12
-0.9678,0.0020,0.0234,-13.659,9.451,15.732,3,90
-0.9663,-0.0059,0.0254,-13.171,9.512,15.915,3,90
-0.9741,-0.0161,0.0610,-13.232,9.512,16.463,3,90
-0.9697,-0.0127,0.0459,-14.085,9.451,17.073,3,90
-0.9624,-0.0166,0.0444,-13.902,8.902,18.232,3,90
-0.9619,-0.0205,0.0356,-15.122,8.598,18.841,3,90
-0.9614,-0.0181,0.0313,-16.220,8.232,19.329,3,90
-0.9619,-0.0171,0.0264,-17.866,7.805,19.756,3,90
0.5400,-0.3696,-0.1572,6.220,16.037,26.951,1,12
0.5352,-0.3564,-0.1738,4.817,17.073,30.305,1,12
0.5273,-0.3477,-0.1782,2.805,18.720,33.598,1,12
0.5298,-0.3433,-0.1890,1.037,20.061,37.195,1,12
0.5269,-0.3306,-0.2090,-0.915,21.524,40.854,1,12
0.5317,-0.3296,-0.2144,-3.171,23.049,44.390,1,12
0.5229,-0.3198,-0.2207,-5.061,24.695,48.415,1,12
0.5220,-0.3169,-0.2310,-7.256,26.280,52.378,1,12
0.5210,-0.3027,-0.2261,-10.366,28.720,57.744,1,12
0.5151,-0.3018,-0.2241,-12.317,30.549,61.646,1,12
0.5156,-0.2935,-0.2124,-13.902,32.378,65.427,1,12
0.5103,-0.2910,-0.1963,-15.549,34.268,69.573,1,12
0.5103,-0.2949,-0.1855,-17.073,36.220,73.049,1,12
0.5054,-0.2954,-0.1763,-18.598,37.744,77.195,1,12
0.5005,-0.3057,-0.1567,-19.695,39.573,81.220,1,12
0.4971,-0.3193,-0.1318,-20.915,41.280,85.366,1,12
0.2090,-0.0630,-0.4702,-75.854,-2.317,-106.829,2,12
0.1992,-0.0498,-0.4800,-77.744,-2.256,-111.829,2,12
0.1982,-0.0254,-0.4937,-79.756,-1.707,-117.439,2,12
0.1987,0.0117,-0.5029,-81.646,-0.976,-122.805,2,12
0.1802,0.0449,-0.5366,-83.780,0.061,-127.744,2,12
0.1743,0.1040,-0.5596,-84.268,1.402,-132.622,2,12
0.1499,0.1821,-0.5825,-84.329,3.720,-137.317,2,12
0.1426,0.2617,-0.5962,-84.512,6.707,-141.707,2,12
-0.9595,0.1191,0.0308,-45.549,0.366,16.037,3,90
-0.9590,0.1196,0.0283,-45.366,0.122,16.037,3,90
-0.9585,0.1230,0.0391,-44.207,0.183,15.610,3,90
-0.9609,0.1304,0.0352,-43.780,-0.122,15.549,3,90
-0.9585,0.1450,0.0352,-42.195,-0.366,15.244,3,90
-0.9609,0.1489,0.0288,-40.915,-0.305,15.122,3,90
-0.9575,0.1514,0.0371,-39.939,-0.488,14.451,3,90
-0.9575,0.1475,0.0391,-38.902,-0.549,14.207,3,90
0.3799,-0.6289,0.1812,-17.134,54.268,120.000,1,12
0.3564,-0.6875,0.2070,-15.244,55.854,122.988,1,12
0.3516,-0.7510,0.2368,-13.659,56.646,125.244,1,12
0.3433,-0.8228,0.2793,-11.585,57.500,127.195,1,12
0.3354,-0.8960,0.3174,-9.207,58.293,128.963,1,12
0.3281,-0.9736,0.3442,-6.341,58.476,129.512,1,12
0.3262,-1.0513,0.3706,-3.659,58.902,130.061,1,12
0.3208,-1.1348,0.3975,-0.366,58.963,129.573,1,12
0.0464,1.1860,-0.5815,-91.037,42.317,-187.012,2,12
0.0356,1.3237,-0.5664,-87.256,41.829,-188.354,2,12
0.0288,1.4771,-0.5542,-83.110,40.488,-188.171,2,12
0.0234,1.6294,-0.5454,-79.146,38.659,-186.890,2,12
0.0059,1.7876,-0.5391,-74.329,36.341,-184.268,2,12
-0.0078,1.9370,-0.5366,-69.207,33.720,-180.305,2,12
-0.0269,2.0850,-0.5361,-62.744,31.341,-175.976,2,12
-0.0415,2.2188,-0.5459,-55.976,28.902,-170.427,2,12
-0.9565,0.1602,0.0195,-28.110,-2.561,11.159,3,90
-0.9551,0.1616,0.0205,-27.317,-3.110,10.488,3,90
-0.9526,0.1592,0.0200,-26.037,-3.354,10.488,3,90
-0.9512,0.1626,0.0200,-25.427,-3.415,9.939,3,90
-0.9414,0.1631,0.0220,-24.451,-4.085,9.695,3,90
-0.9463,0.1553,0.0273,-23.659,-4.207,9.268,3,90
-0.9409,0.1572,0.0298,-23.049,-4.451,8.841,3,90
-0.9395,0.1641,0.0273,-22.439,-5.183,8.598,3,90
0.2861,-1.8618,0.6113,41.280,39.939,104.512,1,12
0.2686,-1.9326,0.6265,45.915,36.159,99.146,1,12
0.2642,-1.9648,0.6445,50.366,32.561,93.354,1,12
0.2573,-2.0249,0.6680,54.207,28.841,86.951,1,12
0.2500,-2.0640,0.6997,57.622,25.061,80.183,1,12
0.2427,-2.1191,0.7305,60.305,21.524,72.622,1,12
0.2354,-2.1543,0.7568,61.646,18.476,65.061,1,12
0.2344,-2.2007,0.8003,62.500,15.305,56.707,1,12
-0.3018,2.9819,-0.6948,31.890,12.256,-80.427,2,12
-0.3247,2.9971,-0.6797,38.049,10.793,-65.610,2,12
-0.3481,3.0010,-0.6826,41.829,9.695,-50.793,2,12
-0.3682,2.9878,-0.6792,43.841,9.634,-35.366,2,12
-0.3740,2.9517,-0.6758,43.354,10.610,-20.305,2,12
-0.3687,2.9092,-0.6807,41.402,13.049,-6.037,2,12
-0.3618,2.8389,-0.6768,37.683,17.012,7.805,2,12
-0.3394,2.7471,-0.6646,33.049,22.439,20.915,2,12
-0.9458,0.1660,0.0425,-17.195,-7.134,4.756,3,90
-0.9507,0.1646,0.0327,-16.890,-7.622,3.780,3,90
-0.9487,0.1650,0.0464,-16.280,-8.110,3.780,3,90
-0.9463,0.1606,0.0498,-15.610,-8.110,3.110,3,90
-0.9526,0.1655,0.0571,-15.610,-8.354,2.683,3,90
-0.9546,0.1606,0.0483,-14.939,-8.354,2.561,3,90
-0.9585,0.1592,0.0498,-14.634,-8.780,2.195,3,90
-0.9595,0.1543,0.0493,-13.659,-8.902,1.768,3,90
0.3496,-2.2383,0.8530,55.183,-10.061,-22.073,1,12
0.3721,-2.1914,0.8403,51.341,-12.500,-29.024,1,12
0.3877,-2.1362,0.8252,47.500,-15.183,-35.488,1,12
0.4087,-2.0786,0.8062,43.049,-17.805,-41.341,1,12
0.4258,-1.9966,0.7856,37.622,-20.366,-46.341,1,12
0.4419,-1.9297,0.7642,32.378,-23.171,-50.793,1,12
0.4448,-1.8672,0.7461,26.890,-26.098,-54.939,1,12
0.4556,-1.7881,0.7227,21.098,-28.293,-58.354,1,12
0.1675,1.8066,-0.4600,-23.720,65.122,94.939,2,12
0.2183,1.7124,-0.4473,-28.354,64.085,100.305,2,12
0.2690,1.6206,-0.4287,-31.341,62.073,105.183,2,12
0.3057,1.5342,-0.4175,-33.841,59.573,109.085,2,12
0.3354,1.4614,-0.3994,-35.732,56.707,112.256,2,12
0.3594,1.3833,-0.3911,-36.829,53.476,114.878,2,12
0.3760,1.3076,-0.3716,-38.293,50.305,116.829,2,12
0.3809,1.2480,-0.3657,-38.537,46.890,118.110,2,12
-0.9683,0.1436,0.0576,-9.756,-10.305,-2.012,3,90
-0.9717,0.1372,0.0527,-9.268,-10.793,-2.500,3,90
-0.9678,0.1357,0.0586,-8.537,-10.488,-2.988,3,90
-0.9741,0.1362,0.0605,-7.622,-10.366,-3.232,3,90
-0.9688,0.1372,0.0684,-6.829,-10.610,-3.902,3,90
-0.9600,0.1372,0.0557,-6.159,-10.671,-3.902,3,90
-0.9707,0.1401,0.0693,-5.732,-10.854,-4.085,3,90
-0.9673,0.1406,0.0762,-5.305,-10.915,-4.329,3,90
0.4658,-1.2378,0.4814,-35.915,-44.512,-72.073,1,12
0.4531,-1.1919,0.4575,-40.976,-45.122,-72.073,1,12
0.4536,-1.1489,0.4243,-46.037,-45.183,-72.012,1,12
0.4487,-1.1016,0.4121,-51.463,-44.817,-71.646,1,12
0.4404,-1.0679,0.3867,-55.366,-44.878,-70.793,1,12
0.4375,-1.0195,0.3691,-59.146,-44.146,-70.183,1,12
0.4346,-0.9746,0.3535,-61.951,-43.598,-69.146,1,12
0.4248,-0.9346,0.3281,-64.756,-42.927,-67.866,1,12
0.2959,0.7310,-0.3374,-43.293,22.073,106.098,2,12
0.2813,0.6968,-0.3452,-43.659,19.939,102.805,2,12
0.2642,0.6553,-0.3506,-44.085,18.232,99.207,2,12
0.2598,0.6055,-0.3506,-44.024,16.402,96.098,2,12
0.2471,0.5825,-0.3530,-43.963,14.695,93.232,2,12
0.2378,0.5542,-0.3662,-43.841,13.415,89.878,2,12
0.2217,0.5278,-0.3813,-43.476,12.256,86.890,2,12
0.2158,0.5049,-0.3906,-42.622,11.220,83.780,2,12
-0.9565,0.1187,0.0786,-2.439,-10.305,-5.976,3,90
-0.9634,0.1235,0.0811,-2.012,-10.305,-5.732,3,90
-0.9663,0.1172,0.0850,-1.402,-9.817,-5.976,3,90
-0.9648,0.1172,0.0771,-1.037,-10.061,-6.037,3,90
-0.9722,0.1143,0.0796,-0.061,-9.756,-6.159,3,90
-0.9712,0.1162,0.0820,0.366,-9.634,-6.280,3,90
-0.9683,0.1099,0.0732,1.220,-9.451,-6.098,3,90
-0.9697,0.1147,0.0854,2.073,-9.390,-6.402,3,90
0.3765,-0.5991,0.1953,-71.890,-31.524,-52.500,1,12
0.3735,-0.5762,0.1899,-71.159,-29.756,-50.610,1,12
0.3735,-0.5469,0.1841,-70.305,-28.110,-48.476,1,12
0.3755,-0.5298,0.1787,-68.598,-27.012,-46.890,1,12
0.3633,-0.5146,0.1606,-66.768,-25.305,-44.817,1,12
0.3638,-0.4956,0.1528,-64.939,-23.720,-42.683,1,12
0.3564,-0.4790,0.1509,-62.561,-22.317,-40.793,1,12
0.3535,-0.4629,0.1357,-59.451,-20.793,-39.512,1,12
0.3564,-0.4541,0.1226,-56.951,-19.634,-37.622,1,12
0.3481,-0.4517,0.1104,-54.024,-17.805,-35.976,1,12
0.3477,-0.4365,0.0967,-51.402,-16.341,-34.390,1,12
0.3452,-0.4424,0.0928,-48.476,-14.878,-33.232,1,12
0.3408,-0.4370,0.0879,-45.976,-12.988,-31.524,1,12
0.3442,-0.4414,0.0854,-43.232,-11.951,-29.451,1,12
0.3369,-0.4326,0.0781,-39.451,-9.695,-27.134,1,12
0.3281,-0.4185,0.0679,-36.098,-8.415,-25.915,1,12
-0.9717,0.1035,0.0928,7.744,-8.232,-6.646,3,90
-0.9678,0.0962,0.0845,7.805,-8.171,-6.646,3,90
-0.9624,0.0981,0.0938,7.805,-8.110,-6.585,3,90
-0.9663,0.1001,0.0918,7.866,-8.049,-6.646,3,90
-0.9678,0.0977,0.0840,7.866,-7.866,-6.646,3,90
-0.9702,0.0938,0.0903,7.988,-7.866,-6.951,3,90
-0.9678,0.0908,0.0957,7.561,-7.683,-6.768,3,90
-0.9766,0.0874,0.0913,7.195,-7.500,-6.951,3,90
0.3281,-0.4185,0.0723,-33.720,-7.012,-23.963,1,12
0.3247,-0.4067,0.0747,-31.037,-5.427,-22.378,1,12
0.3267,-0.4048,0.0776,-28.476,-4.207,-20.793,1,12
0.3198,-0.4131,0.0854,-26.402,-2.683,-19.085,1,12
0.3174,-0.4155,0.0962,-24.207,-0.488,-17.439,1,12
0.3179,-0.4185,0.1060,-21.707,1.341,-15.549,1,12
0.3159,-0.4248,0.1138,-19.512,2.866,-13.537,1,12
0.3169,-0.4365,0.1177,-17.073,5.061,-11.402,1,12
0.1978,0.3545,-0.3262,28.293,3.171,32.622,2,12
0.1973,0.3433,-0.3091,30.000,3.415,30.183,2,12
0.1982,0.3315,-0.3052,31.646,3.354,27.683,2,12
0.1958,0.3198,-0.3008,33.354,3.293,24.817,2,12
0.1997,0.3105,-0.2881,34.817,3.232,22.500,2,12
0.2041,0.2993,-0.2842,36.159,3.110,20.061,2,12
0.2012,0.2998,-0.2734,37.744,2.866,17.500,2,12
0.2061,0.2861,-0.2661,39.207,2.378,15.061,2,12
-0.9746,0.0698,0.1055,6.463,-5.915,-6.280,3,90
-0.9810,0.0713,0.1064,6.768,-5.610,-6.159,3,90
-0.9746,0.0664,0.1001,6.829,-5.488,-6.037,3,90
-0.9731,0.0684,0.0879,6.220,-5.305,-5.915,3,90
-0.9790,0.0674,0.0957,6.159,-4.939,-5.671,3,90
-0.9805,0.0625,0.0923,6.159,-4.817,-5.854,3,90
-0.9780,0.0693,0.0947,5.976,-4.573,-5.549,3,90
-0.9712,0.0713,0.1152,6.159,-4.329,-5.122,3,90
0.2842,-0.5532,0.2417,3.232,15.244,5.122,1,12
0.2866,-0.5713,0.2563,4.512,16.037,6.037,1,12
0.2759,-0.6050,0.2612,5.793,17.195,7.500,1,12
0.2695,-0.6235,0.2656,6.341,17.439,8.110,1,12
0.2676,-0.6479,0.2827,7.134,18.415,9.085,1,12
0.2588,-0.6748,0.2954,7.622,18.963,9.817,1,12
0.2549,-0.7026,0.2983,8.171,19.756,10.427,1,12
0.2534,-0.7251,0.3047,9.024,20.549,10.610,1,12
0.2500,-0.7515,0.3257,9.634,20.854,11.402,1,12
0.2476,-0.7729,0.3340,10.366,21.098,11.402,1,12
0.2417,-0.7881,0.3486,10.793,21.646,11.768,1,12
0.2422,-0.8091,0.3579,11.220,22.195,12.134,1,12
0.2383,-0.8335,0.3701,11.524,22.317,12.012,1,12
0.2285,-0.8521,0.3794,11.707,23.049,12.012,1,12
0.2324,-0.8608,0.3828,11.646,23.232,11.951,1,12
0.2373,-0.8857,0.3882,11.829,23.780,11.463,1,12
0.2041,0.4565,-0.1880,34.451,-0.183,-17.744,2,12
0.2046,0.4785,-0.1914,33.963,-0.244,-18.841,2,12
0.2036,0.4985,-0.1919,33.598,-0.488,-19.451,2,12
0.2109,0.5117,-0.1841,32.805,-0.183,-20.000,2,12
0.2061,0.5278,-0.1885,31.768,-0.061,-20.610,2,12
0.2109,0.5459,-0.1958,30.488,-0.183,-21.098,2,12
0.2100,0.5645,-0.1968,29.268,0.244,-21.585,2,12
0.2173,0.5723,-0.2031,27.500,0.244,-21.707,2,12
-0.9883,0.0596,0.0996,4.085,-0.488,-0.671,3,90
-0.9844,0.0571,0.0908,3.902,-0.549,-0.610,3,90
-0.9819,0.0547,0.0889,3.963,-0.122,-0.244,3,90
-0.9834,0.0527,0.0884,4.146,-0.244,-0.427,3,90
-0.9814,0.0557,0.0894,4.024,0.000,-0.122,3,90
-0.9731,0.0469,0.0874,3.902,0.183,0.122,3,90
-0.9688,0.0400,0.0884,3.902,0.549,0.366,3,90
-0.9692,0.0342,0.0981,4.512,0.427,0.976,3,90
0.2456,-1.0073,0.3633,10.183,24.756,6.280,1,12
0.2495,-1.0103,0.3535,10.976,24.634,5.366,1,12
0.2598,-1.0161,0.3564,11.585,25.122,4.451,1,12
0.2627,-1.0220,0.3560,13.049,24.878,3.659,1,12
0.2617,-1.0151,0.3691,14.573,25.061,2.683,1,12
0.2744,-1.0098,0.3760,15.610,25.549,1.890,1,12
0.2842,-1.0000,0.3794,16.341,25.549,0.549,1,12
0.2886,-0.9922,0.3965,17.134,25.427,-0.244,1,12
0.2529,0.6973,-0.2544,1.585,1.220,-21.463,2,12
0.2588,0.7100,-0.2603,0.061,1.220,-21.402,2,12
0.2622,0.7222,-0.2676,-3.293,1.829,-20.854,2,12
0.2734,0.7412,-0.2568,-6.037,2.500,-20.549,2,12
0.2681,0.7607,-0.2725,-9.024,3.293,-19.695,2,12
0.2725,0.7798,-0.2808,-12.256,3.780,-19.512,2,12
0.2783,0.8022,-0.2729,-14.756,4.939,-18.720,2,12
0.2847,0.8184,-0.2749,-17.256,5.305,-17.988,2,12
-0.9941,0.0615,0.1367,0.732,3.293,3.780,3,90
-1.0063,0.0693,0.1514,0.671,4.573,3.659,3,90
-1.0059,0.0703,0.1650,-0.061,4.939,3.902,3,90
-0.9888,0.0649,0.1499,0.122,5.122,4.268,3,90
-0.9824,0.0522,0.1304,1.220,5.671,4.939,3,90
-0.9771,0.0488,0.1108,2.195,6.159,5.061,3,90
-0.9805,0.0415,0.1138,2.012,6.341,4.756,3,90
-0.9771,0.0518,0.1157,1.585,6.829,4.634,3,90
0.3076,-0.9180,0.4248,19.512,20.854,-2.134,1,12
0.3159,-0.9121,0.4424,18.841,21.037,-2.012,1,12
0.3130,-0.9067,0.4526,18.110,21.646,-2.317,1,12
0.3179,-0.9038,0.4570,17.134,22.195,-2.134,1,12
0.3276,-0.9028,0.4604,15.549,22.744,-1.707,1,12
0.3223,-0.9043,0.4609,14.146,23.232,-1.098,1,12
0.3350,-0.9102,0.4707,11.951,23.780,0.427,1,12
0.3345,-0.9258,0.4653,10.610,24.207,1.402,1,12
0.3267,0.9619,-0.2905,-30.854,8.780,-12.988,2,12
0.3296,0.9712,-0.2993,-30.793,9.146,-12.256,2,12
0.3354,0.9829,-0.3018,-30.549,9.268,-11.707,2,12
0.3359,0.9946,-0.3047,-30.610,9.024,-11.159,2,12
0.3418,1.0024,-0.3027,-30.244,8.963,-10.427,2,12
0.3467,1.0044,-0.3037,-29.817,8.841,-9.390,2,12
0.3477,0.9985,-0.3018,-29.085,8.598,-8.902,2,12
0.3496,1.0044,-0.3105,-28.232,8.293,-7.866,2,12
-0.9497,0.1064,0.0693,-3.963,6.585,2.988,3,90
-0.9497,0.1167,0.0674,-4.756,6.524,2.561,3,90
-0.9526,0.1270,0.0684,-6.037,6.280,2.195,3,90
-0.9526,0.1235,0.0664,-6.768,6.037,1.951,3,90
-0.9580,0.1274,0.0718,-7.805,5.671,1.341,3,90
-0.9517,0.1294,0.0732,-9.146,5.671,0.915,3,90
-0.9575,0.1294,0.0869,-10.305,5.610,0.244,3,90
-0.9600,0.1299,0.0830,-11.707,5.610,-0.244,3,90
0.2896,-0.9795,0.3823,3.598,24.085,9.817,1,12
0.2959,-0.9790,0.3760,3.110,24.146,9.878,1,12
0.2925,-0.9653,0.3589,2.256,23.902,10.427,1,12
0.2817,-0.9653,0.3438,1.707,24.268,10.610,1,12
0.2822,-0.9497,0.3315,0.915,24.695,10.915,1,12
0.2842,-0.9395,0.3149,-0.061,24.817,10.915,1,12
0.2822,-0.9351,0.3086,-0.427,25.061,11.037,1,12
0.2813,-0.9194,0.3018,-0.488,25.427,10.976,1,12
0.3623,0.9731,-0.3423,-19.207,5.488,-1.951,2,12
0.3638,0.9731,-0.3501,-18.293,5.427,-1.159,2,12
0.3701,0.9658,-0.3530,-17.683,5.061,-1.220,2,12
0.3735,0.9619,-0.3511,-17.439,5.061,-0.732,2,12
0.3677,0.9497,-0.3647,-16.890,4.817,-0.122,2,12
0.3652,0.9526,-0.3643,-16.524,4.634,0.183,2,12
0.3657,0.9463,-0.3672,-16.280,4.146,0.610,2,12
0.3672,0.9419,-0.3784,-15.061,3.902,1.098,2,12
-0.9775,0.1719,0.0815,-8.720,5.854,-5.610,3,90
-0.9751,0.1797,0.0933,-7.317,6.280,-6.159,3,90
-0.9688,0.1860,0.0908,-5.549,6.585,-6.768,3,90
-0.9663,0.1924,0.0830,-3.354,6.646,-7.561,3,90
-0.9678,0.2007,0.0723,-0.976,6.768,-7.866,3,90
-0.9609,0.2095,0.0732,1.585,7.439,-8.476,3,90
-0.9634,0.2178,0.0688,4.146,7.561,-8.476,3,90
-0.9727,0.2173,0.0669,6.280,7.927,-9.146,3,90
0.3086,-0.9512,0.2417,-0.915,29.939,11.890,1,12
0.3105,-0.9604,0.2461,-0.915,29.878,12.195,1,12
0.3198,-0.9673,0.2393,-1.220,30.244,12.927,1,12
0.3115,-0.9683,0.2500,-1.585,30.122,12.805,1,12
0.3071,-0.9854,0.2539,-1.829,30.122,13.537,1,12
0.3032,-0.9883,0.2549,-2.683,30.061,14.329,1,12
0.2993,-0.9985,0.2490,-3.232,29.756,15.061,1,12
0.2905,-1.0005,0.2480,-2.683,29.695,14.939,1,12
0.3472,0.9194,-0.4053,-10.671,2.805,3.720,2,12
0.3481,0.9053,-0.4097,-9.817,2.805,4.146,2,12
0.3486,0.9009,-0.4131,-9.573,2.744,4.146,2,12
0.3560,0.8950,-0.4189,-8.659,2.927,4.695,2,12
0.3550,0.9004,-0.4146,-8.354,2.805,4.512,2,12
0.3472,0.8901,-0.4194,-7.683,2.866,4.573,2,12
0.3472,0.8823,-0.4136,-7.134,2.744,4.756,2,12
0.3447,0.8804,-0.4233,-6.646,2.439,4.939,2,12
-0.9531,0.0791,0.0601,28.354,8.780,-8.354,3,90
-0.9536,0.0747,0.0571,27.988,8.659,-8.780,3,90
-0.9585,0.0713,0.0479,27.195,8.171,-9.085,3,90
-0.9653,0.0615,0.0400,26.037,7.744,-9.390,3,90
-0.9707,0.0513,0.0308,25.671,7.744,-9.634,3,90
-0.9653,0.0430,0.0376,24.695,7.195,-10.000,3,90
-0.9751,0.0371,0.0391,24.634,7.012,-10.183,3,90
-0.9663,0.0215,0.0352,24.207,6.707,-10.488,3,90
0.3330,-0.9795,0.2769,-8.354,31.890,17.866,1,12
0.3345,-0.9888,0.2700,-9.817,31.524,18.963,1,12
0.3242,-0.9985,0.2651,-11.220,30.915,19.207,1,12
0.3315,-1.0107,0.2568,-12.134,30.488,19.817,1,12
0.3174,-1.0220,0.2505,-12.805,30.183,19.939,1,12
0.3125,-1.0313,0.2344,-13.598,29.939,20.000,1,12
0.3086,-1.0410,0.2280,-13.476,30.000,20.183,1,12
0.3101,-1.0415,0.2114,-12.927,30.732,20.061,1,12
0.3276,0.8599,-0.4365,-3.720,1.768,6.280,2,12
0.3198,0.8550,-0.4312,-2.744,1.829,6.402,2,12
0.3145,0.8604,-0.4429,-2.134,2.073,6.646,2,12
0.3252,0.8540,-0.4453,-1.402,2.256,6.707,2,12
0.3188,0.8594,-0.4395,-0.976,2.683,6.707,2,12
0.3228,0.8628,-0.4370,-0.427,2.927,6.463,2,12
0.3242,0.8633,-0.4458,0.000,3.354,6.402,2,12
0.3296,0.8613,-0.4404,0.183,3.598,6.280,2,12
-0.9688,0.0737,0.0771,21.463,5.305,-9.817,3,90
-0.9746,0.0693,0.0767,20.671,5.427,-9.573,3,90
-0.9697,0.0649,0.0669,19.268,5.244,-9.329,3,90
-0.9692,0.0503,0.0610,17.805,5.061,-9.695,3,90
-0.9663,0.0430,0.0630,16.585,4.756,-9.329,3,90
-0.9697,0.0376,0.0747,15.061,4.878,-9.207,3,90
-0.9692,0.0376,0.0596,14.146,4.390,-9.390,3,90
-0.9683,0.0273,0.0713,12.561,4.573,-9.268,3,90
0.3276,-0.9922,0.1807,-6.463,34.146,23.537,1,12
0.3306,-0.9902,0.1724,-4.268,34.573,23.841,1,12
0.3320,-0.9810,0.1724,-1.951,35.122,24.268,1,12
0.3335,-0.9810,0.1646,0.366,35.427,24.817,1,12
0.3325,-0.9834,0.1685,2.683,36.341,25.244,1,12
0.3286,-0.9839,0.1685,5.122,36.951,25.915,1,12
0.3345,-0.9834,0.1675,6.890,37.439,26.646,1,12
0.3384,-0.9937,0.1655,8.232,37.744,26.951,1,12
0.3130,0.8818,-0.4668,9.207,5.915,5.305,2,12
0.3193,0.8784,-0.4614,10.610,6.341,5.183,2,12
0.3198,0.8828,-0.4644,12.012,6.341,5.000,2,12
0.3198,0.8867,-0.4600,13.232,6.646,4.634,2,12
0.3105,0.8789,-0.4575,14.451,6.707,4.756,2,12
0.3140,0.8857,-0.4624,15.854,6.951,4.573,2,12
0.3101,0.8799,-0.4531,16.890,7.134,4.573,2,12
0.3076,0.8745,-0.4688,18.171,7.134,4.207,2,12
-0.9888,0.0166,0.0718,6.220,5.671,-5.244,3,90
-0.9912,0.0122,0.0693,5.610,5.427,-4.878,3,90
-0.9839,0.0098,0.0708,4.634,5.610,-4.878,3,90
-0.9863,0.0186,0.0698,3.598,5.610,-4.512,3,90
-0.9834,0.0220,0.0659,2.378,5.488,-4.512,3,90
-0.9761,0.0195,0.0723,1.768,5.610,-3.902,3,90
-0.9688,0.0269,0.0596,0.793,5.488,-3.720,3,90
-0.9741,0.0293,0.0640,-0.366,5.549,-3.354,3,90
0.3330,-1.1484,0.1782,13.537,42.561,29.573,1,12
0.3408,-1.1616,0.1821,13.720,43.476,29.329,1,12
0.3452,-1.1758,0.1807,13.659,44.085,29.329,1,12
0.3467,-1.1812,0.1836,13.354,44.512,29.024,1,12
0.3594,-1.1880,0.1924,12.866,44.939,29.085,1,12
0.3677,-1.1860,0.1914,12.256,45.061,28.902,1,12
0.3613,-1.1802,0.2002,11.585,45.122,28.780,1,12
0.3770,-1.1792,0.2041,10.854,44.512,28.780,1,12
0.3066,0.8569,-0.4219,25.488,11.463,1.951,2,12
0.3086,0.8550,-0.4214,25.976,11.707,1.890,2,12
0.3071,0.8516,-0.4155,26.524,12.134,1.463,2,12
0.3086,0.8560,-0.4106,26.585,12.500,1.524,2,12
0.3101,0.8535,-0.4033,27.256,13.049,1.341,2,12
0.3101,0.8604,-0.4053,26.951,13.659,0.976,2,12
0.3110,0.8633,-0.4067,27.012,13.780,1.037,2,12
0.3145,0.8608,-0.4063,26.768,14.512,0.732,2,12
-0.9810,0.0386,0.0679,-8.415,4.695,-1.829,3,90
-0.9756,0.0415,0.0698,-8.049,5.000,-1.585,3,90
-0.9785,0.0469,0.0684,-8.049,4.817,-1.402,3,90
-0.9731,0.0596,0.0742,-8.049,5.244,-1.037,3,90
-0.9761,0.0635,0.0674,-7.988,5.427,-0.671,3,90
-0.9707,0.0625,0.0664,-7.805,5.549,-0.915,3,90
-0.9771,0.0630,0.0737,-7.439,5.732,-0.610,3,90
-0.9810,0.0591,0.0576,-6.951,5.732,-0.732,3,90
0.3901,-1.1260,0.2227,7.134,40.671,32.378,1,12
0.3794,-1.1313,0.2070,6.524,40.244,32.805,1,12
0.3706,-1.1313,0.2026,6.159,40.183,33.841,1,12
0.3706,-1.1450,0.1943,5.671,39.939,34.207,1,12
0.3584,-1.1597,0.1841,5.610,39.573,34.939,1,12
0.3462,-1.1641,0.1768,5.976,39.634,35.305,1,12
0.3325,-1.1699,0.1777,6.524,39.512,35.305,1,12
0.3247,-1.1772,0.1787,6.402,39.756,35.610,1,12
0.3193,0.8623,-0.3926,27.866,19.512,-1.402,2,12
0.3237,0.8643,-0.3940,28.049,19.939,-1.646,2,12
0.3188,0.8628,-0.3892,28.293,20.305,-1.768,2,12
0.3247,0.8677,-0.3936,28.354,20.549,-1.951,2,12
0.3164,0.8687,-0.3794,28.537,21.402,-2.195,2,12
0.3135,0.8730,-0.3862,27.988,22.073,-2.439,2,12
0.3076,0.8750,-0.3735,27.744,22.439,-2.500,2,12
0.3081,0.8760,-0.3813,27.378,23.293,-2.866,2,12
-0.9863,0.0229,0.0981,-6.524,7.744,2.622,3,90
-0.9858,0.0142,0.0962,-7.439,8.598,3.049,3,90
-0.9868,0.0068,0.0977,-8.720,8.659,3.598,3,90
-0.9863,-0.0103,0.0845,-9.878,8.963,4.024,3,90
-0.9878,-0.0254,0.0840,-11.646,9.146,4.573,3,90
-0.9858,-0.0459,0.0825,-12.744,9.207,4.878,3,90
-0.9849,-0.0498,0.0864,-14.756,9.390,5.427,3,90
-0.9854,-0.0635,0.0894,-17.195,9.573,6.037,3,90
0.2832,-1.1880,0.1802,10.793,40.549,38.171,1,12
0.2773,-1.1958,0.1880,12.073,40.061,38.476,1,12
0.2764,-1.1953,0.1904,13.659,40.183,38.354,1,12
0.2793,-1.2026,0.1885,14.817,39.695,38.841,1,12
0.2661,-1.2090,0.1973,16.524,39.939,39.024,1,12
0.2603,-1.2036,0.1953,17.744,39.817,38.963,1,12
0.2578,-1.2109,0.2046,18.049,39.695,39.207,1,12
0.2583,-1.2153,0.2188,18.293,39.939,39.146,1,12
0.2925,0.8652,-0.3716,26.220,28.780,-2.805,2,12
0.2939,0.8750,-0.3604,26.220,29.146,-2.256,2,12
0.2993,0.8726,-0.3643,26.646,30.000,-2.195,2,12
0.2969,0.8779,-0.3599,26.646,30.732,-2.256,2,12
0.3018,0.8813,-0.3623,26.524,31.159,-2.012,2,12
0.3037,0.8848,-0.3550,26.646,32.195,-1.951,2,12
0.3066,0.8906,-0.3574,26.707,32.622,-2.012,2,12
0.3096,0.9014,-0.3516,26.585,33.293,-1.646,2,12
-1.0034,-0.0186,0.1064,-30.244,13.659,14.634,3,90
-1.0093,-0.0234,0.1050,-32.622,13.720,15.488,3,90
-1.0117,-0.0186,0.1064,-35.427,14.024,15.854,3,90
-1.0093,-0.0195,0.1040,-38.110,14.512,16.220,3,90
-1.0186,-0.0190,0.0962,-40.366,14.817,16.524,3,90
-1.0210,-0.0234,0.1016,-42.622,15.244,17.378,3,90
-1.0225,-0.0200,0.1021,-44.390,15.549,17.683,3,90
-1.0259,-0.0132,0.1079,-46.585,16.220,18.049,3,90
0.2656,-1.2402,0.2393,12.744,41.037,35.061,1,12
0.2690,-1.2417,0.2261,11.463,41.402,34.817,1,12
0.2720,-1.2446,0.2324,10.488,41.585,34.329,1,12
0.2715,-1.2275,0.2534,8.902,42.378,34.085,1,12
0.2813,-1.2271,0.2534,8.232,42.439,33.902,1,12
0.2866,-1.2207,0.2520,7.439,42.683,33.720,1,12
0.2876,-1.2095,0.2500,6.890,42.988,33.598,1,12
0.3032,-1.1953,0.2495,6.829,43.049,33.841,1,12
0.3672,0.9556,-0.3550,32.622,36.463,-1.037,2,12
0.3662,0.9658,-0.3564,33.963,36.280,-1.280,2,12
0.3706,0.9775,-0.3662,35.976,36.463,-1.524,2,12
0.3677,0.9868,-0.3560,38.232,36.402,-1.646,2,12
0.3691,0.9927,-0.3706,40.549,36.524,-1.890,2,12
0.3643,1.0000,-0.3770,42.744,36.280,-2.134,2,12
0.3687,1.0122,-0.3809,45.366,36.402,-2.439,2,12
0.3662,1.0200,-0.3916,48.232,36.585,-2.744,2,12
-1.0225,0.0083,0.1006,-61.524,20.732,20.000,3,90
-1.0181,0.0229,0.1064,-62.012,21.524,19.695,3,90
-1.0137,0.0352,0.1079,-61.098,22.317,19.878,3,90
-1.0078,0.0586,0.1025,-60.427,22.927,19.695,3,90
-1.0093,0.0801,0.1094,-59.390,23.720,19.817,3,90
-0.9980,0.1050,0.0957,-58.841,24.573,19.878,3,90
-1.0063,0.1167,0.1123,-57.683,25.305,19.817,3,90
-1.0098,0.1265,0.1011,-56.280,25.793,20.366,3,90
0.3901,-1.0386,0.3467,18.354,46.098,35.000,1,12
0.3989,-1.0225,0.3613,20.366,45.915,35.610,1,12
0.4146,-1.0171,0.3730,22.195,45.671,35.732,1,12
0.4385,-1.0210,0.3828,24.207,45.854,36.220,1,12
0.4468,-1.0132,0.3921,26.098,45.122,36.768,1,12
0.4756,-1.0063,0.3984,27.439,44.817,37.317,1,12
0.4941,-1.0186,0.4053,28.841,44.451,37.622,1,12
0.5166,-1.0142,0.4097,30.000,44.085,38.049,1,12
0.3384,1.1621,-0.4175,73.720,39.512,-2.744,2,12
0.3311,1.1836,-0.4189,76.037,39.939,-2.805,2,12
0.3223,1.1978,-0.4209,78.049,40.122,-2.378,2,12
0.3193,1.2061,-0.4209,80.549,40.122,-2.317,2,12
0.3149,1.2183,-0.4219,82.866,40.244,-1.890,2,12
0.3052,1.2285,-0.4238,85.305,40.305,-1.341,2,12
0.3042,1.2275,-0.4238,87.805,40.488,-0.976,2,12
0.2954,1.2339,-0.4189,90.366,41.037,-0.244,2,12
-0.9863,0.1284,0.0635,-64.756,26.463,15.671,3,90
-0.9814,0.1284,0.0635,-65.000,26.768,14.573,3,90
-0.9751,0.1333,0.0430,-64.085,26.829,13.720,3,90
-0.9575,0.1465,0.0112,-62.866,26.768,12.988,3,90
-0.9473,0.1528,0.0000,-60.793,26.402,12.317,3,90
-0.9463,0.1646,-0.0132,-59.390,25.488,11.585,3,90
-0.9370,0.1763,-0.0176,-57.622,25.671,11.402,3,90
-0.9307,0.1812,-0.0283,-55.793,24.634,10.976,3,90
0.7681,-1.1011,0.4624,25.488,31.707,35.061,1,12
0.7935,-1.1069,0.4556,25.244,30.976,34.878,1,12
0.8369,-1.1094,0.4468,24.207,28.902,34.085,1,12
0.8955,-1.1133,0.4404,23.902,26.098,33.232,1,12
0.9390,-1.1157,0.4497,22.927,24.451,32.256,1,12
0.9907,-1.1079,0.4600,22.378,22.988,31.463,1,12
1.0488,-1.1104,0.4580,21.585,21.829,30.244,1,12
1.1143,-1.0996,0.4678,19.878,21.159,28.720,1,12
0.2578,1.1328,-0.3770,106.951,44.085,4.268,2,12
0.2627,1.1240,-0.3784,108.171,44.024,4.390,2,12
0.2461,1.0889,-0.3647,108.476,44.268,4.207,2,12
0.2520,1.0781,-0.3633,109.573,44.451,4.268,2,12
0.2520,1.0591,-0.3564,109.695,44.512,4.329,2,12
0.2461,1.0342,-0.3521,110.122,44.756,4.146,2,12
0.2324,1.0098,-0.3467,109.634,44.573,3.902,2,12
0.2373,1.0000,-0.3413,109.451,45.000,3.720,2,12
-0.9009,0.1660,-0.0640,-36.890,17.927,7.195,3,90
-0.9019,0.1655,-0.0273,-34.939,16.402,6.890,3,90
-0.8975,0.1787,-0.0146,-32.866,15.366,6.402,3,90
-0.8936,0.1782,-0.0259,-31.585,15.000,6.159,3,90
-0.8975,0.1821,-0.0586,-29.939,15.000,6.524,3,90
-0.8994,0.1660,-0.0757,-28.659,14.573,6.829,3,90
-0.9111,0.1650,-0.0635,-27.317,13.780,6.829,3,90
-0.9248,0.1660,-0.0542,-26.585,12.988,6.280,3,90
2.1025,-1.0547,0.5977,1.159,6.524,-4.390,1,12
2.2402,-1.0186,0.6245,-1.341,2.317,-10.183,1,12
2.4014,-0.9878,0.6655,-4.268,-1.951,-15.854,1,12
2.5610,-0.9414,0.7065,-7.012,-8.049,-21.159,1,12
2.7173,-0.8818,0.7466,-9.512,-15.549,-26.220,1,12
2.8604,-0.8203,0.7886,-12.317,-24.024,-29.634,1,12
3.0098,-0.7378,0.8267,-13.963,-33.841,-32.256,1,12
3.1245,-0.6416,0.8618,-15.488,-43.841,-33.476,1,12
0.2036,0.8369,-0.3340,100.488,47.073,-1.524,2,12
0.1890,0.8169,-0.3271,99.085,47.500,-2.622,2,12
0.1851,0.8125,-0.3281,98.476,47.317,-3.110,2,12
0.1768,0.7856,-0.3237,97.439,47.805,-4.146,2,12
0.1733,0.7729,-0.3208,96.280,48.232,-5.122,2,12
0.1621,0.7554,-0.3154,95.000,48.476,-6.159,2,12
0.1582,0.7407,-0.3306,93.963,48.963,-7.378,2,12
0.1445,0.7134,-0.3179,91.951,49.085,-8.963,2,12
-0.9072,0.1509,-0.0303,-18.232,12.012,4.634,3,90
-0.9043,0.1509,-0.0356,-18.110,11.890,4.756,3,90
-0.9072,0.1396,-0.0249,-18.415,11.707,5.061,3,90
-0.9063,0.1406,-0.0259,-18.598,12.439,5.427,3,90
-0.9028,0.1230,-0.0205,-18.293,12.500,5.427,3,90
-0.9009,0.1191,-0.0137,-17.500,12.927,5.671,3,90
-0.8975,0.1138,-0.0068,-17.439,13.110,5.366,3,90
-0.8940,0.1104,0.0059,-16.768,13.598,5.000,3,90
3.6182,0.2661,1.1582,35.915,-133.049,-34.634,1,12
3.6221,0.3491,1.2212,48.049,-139.695,-39.939,1,12
3.6279,0.4316,1.2749,58.293,-146.402,-46.890,1,12
3.6426,0.4990,1.3252,67.866,-153.171,-55.122,1,12
3.6704,0.5889,1.3770,76.585,-161.890,-63.354,1,12
3.6860,0.6670,1.4395,83.232,-171.280,-70.549,1,12
3.7021,0.7432,1.4814,89.451,-181.646,-76.280,1,12
3.7012,0.8130,1.5078,95.793,-192.988,-79.573,1,12
0.0630,0.5205,-0.3125,79.146,53.720,-18.354,2,12
0.0586,0.4961,-0.3130,77.622,54.512,-19.085,2,12
0.0508,0.4785,-0.3071,76.646,55.427,-19.756,2,12
0.0435,0.4639,-0.3135,75.732,55.732,-20.488,2,12
0.0322,0.4453,-0.3101,74.207,56.402,-21.280,2,12
0.0352,0.4277,-0.3311,72.500,56.890,-21.951,2,12
0.0278,0.4102,-0.3232,71.402,57.134,-22.500,2,12
0.0239,0.3970,-0.3354,70.427,57.256,-23.171,2,12
-0.9561,0.1694,0.0557,-17.073,18.780,8.049,3,90
-0.9639,0.1763,0.0571,-16.585,19.512,9.085,3,90
-0.9712,0.1650,0.0425,-15.915,20.366,9.512,3,90
-0.9648,0.1577,0.0352,-15.061,20.976,10.000,3,90
-0.9736,0.1533,0.0347,-13.415,22.073,10.183,3,90
-0.9736,0.1431,0.0518,-11.280,23.659,10.610,3,90
-0.9917,0.1538,0.1064,-7.927,25.488,11.341,3,90
-1.0142,0.1411,0.1797,-2.988,27.317,12.500,3,90
3.1929,1.3379,1.8228,67.561,-275.610,-46.646,1,12
3.0400,1.3892,1.7876,51.951,-281.159,-37.866,1,12
2.9028,1.4204,1.7622,35.976,-287.073,-26.646,1,12
2.7886,1.4409,1.7095,20.549,-291.159,-15.366,1,12
2.6738,1.4746,1.6626,5.061,-291.646,-4.207,1,12
2.5654,1.5054,1.6206,-12.439,-289.573,6.829,1,12
2.4624,1.5205,1.6060,-32.805,-286.037,19.939,1,12
2.3657,1.5352,1.6108,-54.878,-280.976,34.146,1,12
-0.0474,0.2920,-0.3433,53.537,60.671,-26.890,2,12
-0.0420,0.2803,-0.3340,50.305,61.890,-27.134,2,12
-0.0430,0.2695,-0.3184,46.768,62.683,-27.378,2,12
-0.0415,0.2666,-0.2974,42.927,64.146,-27.195,2,12
-0.0366,0.2632,-0.3008,39.146,64.939,-26.707,2,12
-0.0288,0.2529,-0.2764,34.695,65.915,-26.768,2,12
-0.0239,0.2456,-0.2764,30.610,67.073,-26.220,2,12
-0.0054,0.2397,-0.2495,26.098,67.805,-26.037,2,12
-1.0752,0.0200,-0.0474,9.085,31.098,18.537,3,90
-1.0615,0.0161,-0.0435,9.024,31.037,17.805,3,90
-1.0503,0.0107,-0.0376,8.598,31.037,17.134,3,90
-1.0317,0.0352,-0.0166,7.073,30.976,16.524,3,90
-1.0200,0.0581,-0.0127,4.695,30.732,15.793,3,90
-1.0049,0.0708,0.0059,1.402,30.671,15.549,3,90
-0.9966,0.0898,0.0161,-0.732,30.183,15.610,3,90
-0.9907,0.1035,0.0107,-2.073,29.939,15.671,3,90
1.2261,1.3823,1.2754,-280.244,-239.146,230.305,1,12
0.7651,0.1836,0.1519,-310.244,-238.049,252.439,1,12
0.5688,-0.6504,-0.1504,-335.976,-252.561,293.720,1,12
0.3066,-1.7681,0.7227,-339.207,-253.232,339.024,1,12
-0.0293,-2.5103,0.6016,-330.000,-226.098,388.902,1,12
-0.6313,-2.9644,0.4282,-305.854,-211.220,433.841,1,12
-2.3613,-4.3076,0.0884,-240.854,-205.549,442.622,1,12
-5.2705,-5.1826,-0.2710,-17.927,-163.537,312.683,1,12
0.1753,0.1821,-0.1533,-8.720,76.220,-28.171,2,12
0.1963,0.1763,-0.1431,-11.341,77.012,-30.183,2,12
0.2251,0.1714,-0.1328,-14.085,77.805,-32.012,2,12
0.2573,0.1719,-0.1191,-16.220,78.232,-34.695,2,12
0.2876,0.1748,-0.1113,-18.415,78.476,-37.195,2,12
0.3154,0.1753,-0.1064,-19.512,78.963,-40.610,2,12
0.3350,0.1870,-0.0986,-20.610,79.695,-44.512,2,12
0.3667,0.1909,-0.0972,-20.854,80.122,-48.598,2,12
-0.7949,0.1792,-0.0996,7.927,24.268,16.585,3,90
-0.7622,0.1987,-0.1089,7.927,23.171,16.159,3,90
-0.7427,0.2046,-0.1167,7.927,22.134,15.366,3,90
-0.7480,0.2212,-0.1206,7.927,21.280,15.244,3,90
-0.7559,0.2300,-0.1245,7.622,20.305,14.207,3,90
-0.7729,0.2324,-0.1094,6.768,18.841,13.110,3,90
-0.8115,0.2319,-0.0854,4.756,17.134,11.646,3,90
-0.8560,0.2422,-0.0684,2.012,15.000,10.305,3,90
-4.9609,-5.9858,0.0396,-369.817,208.293,-101.707,1,12
-3.8384,-6.0220,1.7056,-303.476,93.049,-140.000,1,12
-3.5156,-5.5107,2.9038,-195.183,-19.024,-146.159,1,12
-3.6021,-5.8037,3.2075,-82.500,-98.537,-117.012,1,12
-16.0000,-6.4238,-0.2124,411.402,-156.707,330.000,1,12
-6.1982,-3.5332,2.1328,118.354,-174.756,77.500,1,12
-6.7231,-2.1460,1.9668,163.841,-147.195,152.683,1,12
-6.5903,-0.8599,1.9375,126.280,-65.915,153.354,1,12
0.5439,0.4248,-0.2549,2.500,75.122,-90.366,2,12
0.5396,0.4697,-0.2729,5.427,74.268,-94.024,2,12
0.5146,0.5127,-0.2891,8.659,73.354,-97.561,2,12
0.4927,0.5586,-0.3052,11.098,72.500,-100.305,2,12
0.4717,0.5977,-0.3257,13.354,71.951,-103.415,2,12
0.4497,0.6255,-0.3247,14.756,71.341,-105.671,2,12
0.4146,0.6582,-0.3345,15.732,70.549,-107.256,2,12
0.3828,0.6841,-0.3242,16.646,70.122,-108.841,2,12
-1.0132,0.1440,-0.0391,-34.451,3.841,3.110,3,90
-1.0815,0.0859,-0.0596,-37.134,2.866,2.744,3,90
-1.0645,0.0396,-0.0957,-37.866,1.890,0.610,3,90
-1.0415,0.0063,-0.1123,-36.768,1.159,0.244,3,90
-1.0205,-0.0063,-0.1162,-36.524,0.000,0.122,3,90
-0.9961,-0.0083,-0.1396,-36.585,-0.854,-0.183,3,90
-0.9790,-0.0010,-0.1548,-36.768,-2.439,-0.427,3,90
-0.9575,0.0259,-0.1685,-37.866,-3.780,-0.671,3,90
-1.2925,0.3369,0.5269,-72.500,43.659,-0.732,1,12
-1.1172,0.4009,0.4897,-49.939,30.854,-9.512,1,12
-0.9009,0.3623,0.4648,-32.927,20.610,-16.890,1,12
-0.8755,0.3691,0.4438,-18.780,16.951,-26.585,1,12
-0.7856,0.3320,0.4004,-4.756,14.878,-36.098,1,12
-0.6655,0.2798,0.3657,12.073,12.866,-44.451,1,12
-0.5596,0.2236,0.3257,29.329,11.646,-52.439,1,12
-0.4434,0.1636,0.2734,45.976,9.512,-58.841,1,12
0.3184,0.5518,-0.3794,27.927,60.427,-103.963,2,12
0.3267,0.5381,-0.3613,28.598,60.244,-102.561,2,12
0.3379,0.5103,-0.3511,27.256,59.207,-101.402,2,12
0.3521,0.4790,-0.3428,25.915,58.171,-100.244,2,12
0.3662,0.4546,-0.3467,24.634,57.500,-99.207,2,12
0.3774,0.4399,-0.3447,22.866,56.768,-97.622,2,12
0.3882,0.4268,-0.3418,21.037,56.159,-96.402,2,12
0.4063,0.4072,-0.3379,18.598,55.732,-94.817,2,12
-0.8774,0.1851,-0.1431,-50.915,-18.049,-2.988,3,90
-0.8926,0.1772,-0.1299,-50.671,-19.756,-3.354,3,90
-0.9077,0.1699,-0.1152,-50.000,-20.854,-3.354,3,90
-0.9199,0.1528,-0.1211,-48.415,-22.439,-3.232,3,90
-0.9312,0.1421,-0.1255,-46.159,-23.232,-3.171,3,90
-0.9390,0.1284,-0.1279,-43.232,-24.329,-3.049,3,90
-0.9395,0.1147,-0.1333,-39.268,-25.366,-3.049,3,90
-0.9438,0.1060,-0.1445,-34.756,-26.220,-2.622,3,90
0.4741,-0.8608,0.0005,100.915,55.671,-55.915,1,12
0.5513,-1.0464,-0.0542,89.939,64.146,-50.061,1,12
0.6108,-1.2251,-0.1011,77.012,69.695,-44.512,1,12
0.6504,-1.3823,-0.0898,64.024,71.707,-38.476,1,12
0.6411,-1.5195,-0.0161,53.110,69.329,-31.768,1,12
0.6025,-1.5869,0.0991,46.890,63.902,-22.927,1,12
0.5386,-1.5742,0.2197,44.024,57.500,-12.744,1,12
0.4692,-1.5166,0.3657,40.488,51.463,-4.390,1,12
0.4785,0.4268,-0.3408,-20.549,52.927,-76.585,2,12
0.4844,0.4399,-0.3423,-26.280,52.683,-75.000,2,12
0.4849,0.4414,-0.3398,-32.317,52.561,-73.415,2,12
0.4897,0.4409,-0.3408,-38.780,52.439,-71.829,2,12
0.4971,0.4463,-0.3418,-45.183,52.683,-71.037,2,12
0.5000,0.4502,-0.3467,-51.280,53.171,-70.183,2,12
0.5137,0.4492,-0.3452,-57.622,53.841,-69.268,2,12
0.5317,0.4556,-0.3403,-64.146,55.000,-69.146,2,12
-0.9907,0.0645,-0.1270,6.098,-32.988,1.341,3,90
-0.9868,0.0757,-0.1250,7.744,-33.232,1.280,3,90
-0.9575,0.1084,-0.1118,12.561,-34.329,1.402,3,90
-0.9463,0.1143,-0.1157,14.451,-34.756,1.402,3,90
-0.9341,0.1406,-0.0996,17.500,-35.000,1.280,3,90
-0.9248,0.1802,-0.0635,20.366,-36.098,1.463,3,90
-0.9189,0.2026,-0.0391,22.256,-36.646,0.915,3,90
-0.9204,0.2178,-0.0156,22.683,-36.951,0.854,3,90
-0.1499,-1.0864,0.5542,-125.427,-12.744,9.939,1,12
-0.1978,-1.0527,0.5322,-129.268,-11.646,8.659,1,12
-0.2388,-1.0229,0.5039,-130.366,-8.902,7.805,1,12
-0.2627,-1.0083,0.4736,-130.305,-3.963,7.500,1,12
-0.2803,-0.9819,0.4375,-127.683,2.622,6.890,1,12
-0.2856,-0.9585,0.3892,-122.622,9.451,6.951,1,12
-0.2920,-0.9214,0.3350,-116.463,16.951,6.951,1,12
-0.2925,-0.9058,0.2944,-108.232,24.329,6.463,1,12
0.7124,0.4233,-0.3408,-119.390,62.805,-70.305,2,12
0.7393,0.4141,-0.3364,-123.963,63.476,-71.098,2,12
0.7646,0.4121,-0.3384,-127.988,64.085,-72.683,2,12
0.7847,0.4106,-0.3374,-131.341,64.390,-75.122,2,12
0.8115,0.4209,-0.3330,-134.268,65.000,-77.439,2,12
0.8403,0.4341,-0.3286,-136.829,65.488,-80.488,2,12
0.8569,0.4536,-0.3145,-138.171,66.098,-83.537,2,12
0.8765,0.4805,-0.2949,-139.634,66.524,-86.707,2,12
-0.9619,0.1968,0.0107,21.890,-38.780,-4.268,3,90
-0.9565,0.1924,0.0088,21.646,-38.902,-5.366,3,90
-0.9541,0.1895,0.0234,20.976,-38.963,-5.915,3,90
-0.9521,0.1938,0.0298,20.732,-39.268,-6.646,3,90
-0.9502,0.1885,0.0352,19.817,-38.902,-7.439,3,90
-0.9507,0.1831,0.0400,19.634,-38.841,-7.866,3,90
-0.9482,0.1826,0.0327,19.207,-38.659,-8.902,3,90
-0.9536,0.1797,0.0366,19.451,-38.476,-9.268,3,90
0.0190,-0.7041,0.3633,-11.098,108.110,8.293,1,12
0.0913,-0.7090,0.3965,0.244,115.366,8.415,1,12
0.1724,-0.7285,0.4116,11.890,121.159,7.988,1,12
0.2437,-0.7524,0.4395,22.805,125.549,7.561,1,12
0.3159,-0.7778,0.4634,33.720,128.598,7.073,1,12
0.3779,-0.8149,0.4893,43.841,129.695,6.585,1,12
0.4336,-0.8516,0.5195,54.024,129.695,6.098,1,12
0.4868,-0.8799,0.5562,62.805,129.146,5.732,1,12
0.9429,0.8848,-0.1108,-139.085,65.793,-116.585,2,12
0.9424,0.9341,-0.0967,-137.561,64.512,-118.049,2,12
0.9458,0.9912,-0.0835,-135.671,63.415,-118.780,2,12
0.9370,1.0381,-0.0620,-133.415,61.280,-118.659,2,12
0.9448,1.0928,-0.0527,-130.549,59.329,-118.171,2,12
0.9468,1.1470,-0.0522,-127.683,56.585,-117.195,2,12
0.9492,1.1855,-0.0464,-123.598,53.780,-115.549,2,12
0.9536,1.2251,-0.0322,-119.451,50.671,-113.598,2,12
-0.9688,0.1719,0.0562,38.110,-35.122,-10.122,3,90
-0.9727,0.1685,0.0615,39.695,-34.512,-10.488,3,90
-0.9810,0.1636,0.0625,42.195,-33.415,-9.939,3,90
-0.9795,0.1626,0.0635,44.268,-32.805,-10.183,3,90
-0.9868,0.1616,0.0708,46.402,-32.073,-9.756,3,90
-0.9917,0.1558,0.0674,48.780,-31.463,-9.695,3,90
-0.9883,0.1523,0.0649,50.305,-30.671,-9.451,3,90
-0.9966,0.1543,0.0776,51.707,-30.244,-9.390,3,90
0.5854,-1.1909,0.7378,86.037,103.720,9.573,1,12
0.5713,-1.2114,0.7300,84.268,102.988,9.146,1,12
0.5654,-1.2397,0.7456,82.683,102.622,8.232,1,12
0.5498,-1.2510,0.7490,81.220,102.988,7.012,1,12
0.5337,-1.2583,0.7588,79.573,103.598,5.488,1,12
0.5249,-1.2568,0.7798,77.378,105.488,3.354,1,12
0.5137,-1.2568,0.7886,74.756,106.280,1.341,1,12
0.5029,-1.2480,0.8042,71.585,107.744,-1.037,1,12
0.8950,1.3789,-0.0942,-61.098,12.744,-83.354,2,12
0.8857,1.3662,-0.1050,-53.963,7.927,-79.329,2,12
0.8716,1.3555,-0.1138,-46.951,3.110,-75.549,2,12
0.8628,1.3428,-0.1289,-39.695,-1.341,-71.463,2,12
0.8569,1.3311,-0.1382,-32.561,-5.976,-67.073,2,12
0.8457,1.3115,-0.1494,-25.793,-10.366,-63.232,2,12
0.8369,1.2939,-0.1484,-19.756,-14.634,-59.146,2,12
0.8232,1.2769,-0.1387,-14.634,-19.146,-54.939,2,12
-0.9663,0.0957,0.1304,56.402,-25.488,-6.402,3,90
-0.9644,0.0845,0.1211,54.451,-24.146,-6.402,3,90
-0.9678,0.0781,0.1187,52.500,-24.268,-6.037,3,90
-0.9526,0.0762,0.1230,50.976,-23.659,-5.854,3,90
-0.9575,0.0684,0.1313,48.720,-23.293,-5.854,3,90
-0.9590,0.0742,0.1353,46.646,-23.232,-5.671,3,90
-0.9502,0.0737,0.1396,44.695,-23.293,-5.488,3,90
-0.9536,0.0874,0.1401,42.012,-22.927,-5.488,3,90
0.4937,-1.1401,0.7681,49.695,97.683,-21.890,1,12
0.5044,-1.1230,0.7568,49.512,95.000,-24.146,1,12
0.5083,-1.0776,0.7319,49.390,93.354,-26.280,1,12
0.5273,-1.0459,0.7222,49.268,90.976,-28.049,1,12
0.5200,-1.0122,0.7085,50.000,89.268,-30.122,1,12
0.5361,-0.9756,0.6987,50.610,87.256,-31.646,1,12
0.5444,-0.9360,0.6924,50.854,85.915,-32.988,1,12
0.5396,-0.8965,0.6846,51.829,84.207,-33.720,1,12
0.7646,1.0020,-0.1069,8.659,-59.024,-17.927,2,12
0.7554,0.9702,-0.1035,9.329,-63.171,-13.963,2,12
0.7441,0.9365,-0.1069,9.756,-67.073,-10.122,2,12
0.7354,0.8979,-0.1045,10.549,-70.793,-6.768,2,12
0.7212,0.8716,-0.1030,10.427,-74.390,-3.537,2,12
0.7144,0.8403,-0.0962,10.244,-78.171,-0.793,2,12
0.6973,0.8125,-0.0898,9.756,-81.524,1.707,2,12
0.6909,0.8066,-0.1025,8.537,-85.061,3.537,2,12
-0.9404,0.1655,0.1548,25.061,-22.073,-5.793,3,90
-0.9448,0.1704,0.1655,23.354,-22.256,-6.220,3,90
-0.9478,0.1777,0.1694,21.951,-22.134,-6.341,3,90
-0.9556,0.1802,0.1675,20.122,-22.561,-6.646,3,90
-0.9482,0.1836,0.1582,18.049,-22.927,-7.134,3,90
-0.9468,0.1836,0.1572,16.402,-22.988,-7.683,3,90
-0.9521,0.1826,0.1465,14.390,-22.988,-8.232,3,90
-0.9580,0.1880,0.1313,13.171,-22.927,-8.902,3,90
0.5723,-0.7808,0.6074,60.488,70.366,-29.268,1,12
0.5786,-0.7930,0.5879,60.122,69.024,-28.659,1,12
0.5859,-0.8047,0.5737,59.024,67.866,-27.744,1,12
0.5967,-0.8286,0.5498,57.622,66.524,-27.256,1,12
0.5942,-0.8511,0.5264,55.976,65.488,-26.951,1,12
0.5967,-0.8799,0.5229,53.902,64.512,-26.463,1,12
0.6025,-0.9048,0.5122,51.951,63.720,-26.768,1,12
0.6021,-0.9219,0.5059,49.390,62.988,-26.280,1,12
0.5498,0.8008,-0.0942,-10.854,-110.610,19.024,2,12
0.5342,0.8130,-0.0991,-12.744,-113.049,20.793,2,12
0.5234,0.8257,-0.1050,-14.390,-115.732,22.500,2,12
0.5103,0.8364,-0.1104,-15.671,-118.720,23.780,2,12
0.4966,0.8462,-0.1099,-17.317,-121.402,25.122,2,12
0.4888,0.8594,-0.1084,-18.171,-124.390,26.585,2,12
0.4731,0.8560,-0.1182,-19.451,-127.195,27.988,2,12
0.4614,0.8594,-0.1157,-20.305,-130.366,29.451,2,12
-0.9595,0.1611,0.1274,2.988,-23.598,-14.695,3,90
-0.9590,0.1519,0.1118,2.134,-23.293,-15.366,3,90
-0.9658,0.1274,0.0864,1.585,-23.415,-15.793,3,90
-0.9678,0.1221,0.0659,1.220,-23.232,-16.341,3,90
-0.9751,0.1206,0.0571,1.280,-23.415,-16.951,3,90
-0.9805,0.1123,0.0513,1.280,-23.354,-17.439,3,90
-0.9932,0.1147,0.0562,0.915,-23.293,-18.232,3,90
-0.9971,0.1099,0.0566,-0.061,-22.866,-18.476,3,90
0.6216,-1.0176,0.5225,-0.183,52.988,-30.732,1,12
0.6187,-1.0186,0.5234,-6.646,51.402,-31.463,1,12
0.6177,-1.0088,0.5225,-13.171,49.817,-32.256,1,12
0.6118,-1.0083,0.5239,-18.963,48.354,-32.927,1,12
0.6138,-0.9927,0.5264,-24.512,46.768,-33.720,1,12
0.6069,-0.9829,0.4971,-29.573,45.427,-34.329,1,12
0.6104,-0.9556,0.5039,-33.780,44.146,-34.939,1,12
0.6040,-0.9370,0.4985,-37.317,42.805,-35.549,1,12
0.3184,0.7939,-0.1611,-18.415,-156.280,39.756,2,12
0.3027,0.7910,-0.1636,-16.829,-158.049,40.671,2,12
0.2847,0.7788,-0.1646,-15.976,-159.146,41.463,2,12
0.2686,0.7852,-0.1680,-14.512,-160.488,42.256,2,12
0.2520,0.7876,-0.1660,-13.171,-161.037,42.866,2,12
0.2441,0.7847,-0.1753,-11.402,-161.341,43.598,2,12
0.2207,0.7925,-0.1821,-9.146,-161.585,44.268,2,12
0.2061,0.8057,-0.1938,-7.256,-161.585,44.695,2,12
-1.0034,0.2085,0.2188,-3.354,-16.707,-17.561,3,90
-1.0044,0.2080,0.2178,-3.720,-15.122,-17.439,3,90
-0.9966,0.1914,0.2334,-3.537,-13.354,-17.317,3,90
-0.9834,0.1895,0.2500,-2.805,-11.402,-16.890,3,90
-0.9780,0.1816,0.2480,-1.524,-9.512,-16.707,3,90
-0.9683,0.1709,0.2515,0.122,-7.317,-15.610,3,90
-0.9561,0.1577,0.2461,2.012,-5.305,-14.512,3,90
-0.9507,0.1416,0.2393,3.110,-3.049,-13.171,3,90
0.6025,-0.7310,0.4014,-38.659,40.122,-33.232,1,12
0.5962,-0.7168,0.3887,-35.305,40.427,-32.256,1,12
0.5903,-0.7192,0.3755,-31.585,41.098,-31.402,1,12
0.5962,-0.7183,0.3652,-27.195,41.951,-30.793,1,12
0.5923,-0.7100,0.3501,-22.683,43.171,-30.915,1,12
0.5947,-0.7144,0.3418,-18.049,44.390,-30.915,1,12
0.5942,-0.7188,0.3320,-13.537,45.793,-31.280,1,12
0.5996,-0.7319,0.3164,-9.085,47.195,-31.524,1,12
0.0840,0.9746,-0.2925,17.866,-154.085,47.256,2,12
0.0786,1.0024,-0.3130,21.341,-152.012,47.439,2,12
0.0654,1.0293,-0.3271,25.610,-149.695,47.744,2,12
0.0522,1.0552,-0.3452,29.817,-146.890,47.744,2,12
0.0459,1.0894,-0.3584,33.841,-143.963,47.866,2,12
0.0269,1.1182,-0.3760,37.683,-140.915,48.171,2,12
0.0283,1.1470,-0.3843,41.280,-137.744,47.866,2,12
0.0107,1.1758,-0.3882,44.329,-134.512,48.171,2,12
-1.0483,-0.2261,0.1948,-8.963,14.878,-0.671,3,90
-1.0566,-0.2339,0.1865,-9.634,15.610,0.305,3,90
-1.0586,-0.2300,0.1797,-11.098,17.622,1.890,3,90
-1.0630,-0.2349,0.1724,-12.622,19.146,3.963,3,90
-1.0713,-0.2241,0.1558,-14.634,20.793,5.793,3,90
-1.0801,-0.2222,0.1514,-17.317,22.317,7.561,3,90
-1.1021,-0.2212,0.1460,-20.793,23.537,9.573,3,90
-1.1084,-0.2285,0.1387,-24.573,24.817,11.037,3,90
0.6431,-0.8223,0.3213,20.183,58.232,-36.463,1,12
0.6406,-0.8418,0.3301,22.378,59.268,-36.524,1,12
0.6504,-0.8545,0.3340,24.695,60.427,-35.915,1,12
0.6572,-0.8721,0.3262,26.646,61.585,-35.427,1,12
0.6606,-0.8843,0.3394,28.841,63.049,-34.634,1,12
0.6763,-0.8945,0.3467,31.159,64.573,-33.963,1,12
0.6851,-0.9009,0.3481,33.293,65.610,-33.110,1,12
0.6973,-0.9072,0.3633,34.390,66.951,-32.256,1,12
0.7109,-0.9199,0.3735,35.427,67.683,-31.646,1,12
0.7256,-0.9121,0.3833,35.915,68.963,-30.427,1,12
0.7349,-0.9248,0.3979,35.976,69.451,-29.634,1,12
0.7539,-0.9229,0.4136,35.671,69.390,-28.780,1,12
0.7866,-0.9268,0.4248,35.061,69.268,-27.500,1,12
0.8203,-0.9248,0.4497,33.963,68.659,-25.366,1,12
0.8398,-0.9292,0.4673,32.988,67.866,-23.659,1,12
0.8647,-0.9341,0.4727,32.012,66.951,-22.073,1,12
-0.0659,1.3076,-0.3389,57.317,-79.939,50.610,2,12
-0.0703,1.3223,-0.3423,55.976,-76.463,50.610,2,12
-0.0713,1.3555,-0.3428,54.573,-73.354,50.427,2,12
-0.0786,1.3779,-0.3354,52.988,-69.878,49.756,2,12
-0.0825,1.4033,-0.3452,50.610,-66.463,49.634,2,12
-0.0967,1.4292,-0.3452,48.659,-63.354,49.268,2,12
-0.1143,1.4521,-0.3574,46.159,-60.183,49.146,2,12
-0.1221,1.4785,-0.3711,44.451,-57.256,49.085,2,12
-1.0195,-0.1953,0.1489,-29.512,56.341,49.390,3,90
-1.0083,-0.1606,0.1304,-25.183,57.683,52.378,3,90
-0.9922,-0.1099,0.0874,-23.232,59.207,54.939,3,90
-1.0015,-0.0649,0.0640,-22.927,61.220,56.402,3,90
-1.0259,-0.0234,0.0811,-23.963,62.805,57.500,3,90
-1.0273,0.0156,0.1294,-25.000,63.354,57.378,3,90
-1.0264,0.0527,0.1558,-26.646,63.415,57.317,3,90
-1.0176,0.0747,0.1733,-28.232,63.841,56.524,3,90
1.0527,-1.0459,0.5034,33.171,52.256,7.012,1,12
1.0781,-1.0601,0.5044,33.963,49.817,10.549,1,12
1.0918,-1.0698,0.5098,34.817,47.317,14.390,1,12
1.1050,-1.0811,0.5176,35.915,44.329,18.293,1,12
1.1113,-1.0938,0.5332,37.134,41.159,22.744,1,12
1.1260,-1.1084,0.5244,38.963,37.500,26.890,1,12
1.1436,-1.1133,0.5303,40.549,33.537,31.280,1,12
1.1455,-1.1367,0.5386,42.073,29.146,35.732,1,12
1.1528,-1.1582,0.5273,43.963,24.695,39.573,1,12
1.1646,-1.1777,0.5327,45.427,19.939,43.415,1,12
1.1636,-1.2017,0.5303,46.220,14.573,46.524,1,12
1.1694,-1.2319,0.5347,47.195,9.024,49.451,1,12
1.1655,-1.2632,0.5352,47.378,3.476,51.768,1,12
1.1689,-1.2944,0.5356,47.378,-2.012,54.207,1,12
1.1660,-1.3179,0.5410,46.646,-7.744,55.915,1,12
1.1553,-1.3398,0.5449,45.671,-14.146,57.195,1,12
-0.4771,1.7461,-0.6260,24.268,-1.341,62.500,2,12
-0.4849,1.7432,-0.6338,23.963,2.988,64.085,2,12
-0.4932,1.7461,-0.6401,24.024,7.073,65.427,2,12
-0.4946,1.7373,-0.6436,24.451,11.159,66.402,2,12
-0.4961,1.7344,-0.6582,24.817,14.878,67.683,2,12
-0.5005,1.7231,-0.6587,25.976,18.293,68.415,2,12
-0.4995,1.7080,-0.6587,27.622,21.524,69.085,2,12
-0.5029,1.6997,-0.6665,29.939,24.329,69.878,2,12
-0.9028,0.4980,-0.0557,-69.085,48.293,1.829,3,90
-0.9258,0.5229,-0.0327,-63.720,48.171,-0.488,3,90
-0.9399,0.5527,0.0132,-58.780,47.378,-2.378,3,90
-0.9302,0.5625,0.0029,-51.890,45.549,-3.902,3,90
-0.9238,0.5767,0.0098,-46.585,44.390,-5.122,3,90
-0.9097,0.6001,0.0435,-42.744,42.683,-6.280,3,90
-0.8960,0.6040,0.0591,-40.183,40.793,-7.683,3,90
-0.9023,0.5786,0.1084,-36.585,38.171,-9.634,3,90
1.1084,-1.4653,0.5063,14.085,-76.707,59.207,1,12
1.0957,-1.4624,0.4839,10.000,-82.927,57.988,1,12
1.0942,-1.4673,0.4727,4.939,-89.329,57.256,1,12
1.1021,-1.4604,0.4434,0.610,-95.366,55.610,1,12
1.1006,-1.4521,0.4175,-3.598,-100.854,54.512,1,12
1.1104,-1.4497,0.3975,-7.561,-106.585,52.988,1,12
1.1211,-1.4341,0.3662,-11.037,-111.341,51.829,1,12
1.1313,-1.4136,0.3496,-14.512,-116.098,50.122,1,12
-0.4946,1.5337,-0.6670,53.841,44.817,69.146,2,12
-0.4907,1.5161,-0.6665,57.561,46.220,68.171,2,12
-0.4990,1.4829,-0.6724,61.951,47.683,67.683,2,12
-0.4976,1.4683,-0.6694,66.341,48.659,66.463,2,12
-0.5000,1.4492,-0.6812,70.915,49.512,65.305,2,12
-0.5044,1.4277,-0.6729,75.061,50.549,64.024,2,12
-0.4995,1.4102,-0.6743,79.451,51.341,62.195,2,12
-0.5073,1.3828,-0.6787,83.049,52.317,60.366,2,12
-0.9951,0.5298,-0.1162,0.244,26.829,-11.646,3,90
-1.0439,0.4399,-0.0747,3.049,24.573,-10.732,3,90
-1.0615,0.3325,-0.0479,8.293,23.415,-9.817,3,90
-1.0586,0.2261,-0.0317,13.902,22.073,-8.963,3,90
-1.0352,0.1470,-0.0400,19.268,21.341,-8.415,3,90
-1.0088,0.0781,-0.0518,22.622,19.939,-8.171,3,90
-0.9619,0.0088,-0.0605,23.537,18.415,-8.110,3,90
-0.9248,-0.0444,-0.0742,21.951,17.195,-7.988,3,90
1.2554,-1.0674,0.4204,-38.415,-152.439,37.805,1,12
1.2681,-1.0400,0.4307,-42.073,-155.976,36.280,1,12
1.2910,-1.0117,0.4468,-46.280,-159.451,34.634,1,12
1.3120,-1.0039,0.4531,-50.732,-162.988,33.171,1,12
1.3252,-0.9824,0.4604,-55.122,-166.463,32.134,1,12
1.3394,-0.9849,0.4658,-59.268,-169.878,30.671,1,12
1.3540,-0.9819,0.4653,-63.476,-172.683,29.817,1,12
1.3735,-0.9795,0.4614,-67.134,-175.183,28.293,1,12
-0.4946,1.1416,-0.6499,108.110,65.671,41.646,2,12
-0.4736,1.1128,-0.6499,109.817,67.683,39.329,2,12
-0.4673,1.0864,-0.6255,111.402,70.000,37.134,2,12
-0.4478,1.0586,-0.6138,112.988,72.256,34.329,2,12
-0.4380,1.0317,-0.5996,113.841,73.963,31.768,2,12
-0.4043,1.0034,-0.5806,114.512,76.037,29.329,2,12
-0.3887,0.9829,-0.5571,115.427,77.622,26.646,2,12
-0.3726,0.9575,-0.5527,116.524,79.024,24.207,2,12
-0.3496,0.9297,-0.5483,116.829,80.244,21.341,2,12
-0.3228,0.9028,-0.5239,117.622,81.037,18.598,2,12
-0.3076,0.8828,-0.5273,118.720,81.768,15.793,2,12
-0.2842,0.8589,-0.5122,119.878,82.256,13.110,2,12
-0.2598,0.8423,-0.4995,120.549,82.439,10.000,2,12
-0.2568,0.8281,-0.4922,121.585,83.293,6.951,2,12
-0.2349,0.8135,-0.4844,122.195,83.171,4.024,2,12
-0.2085,0.7983,-0.4644,122.927,83.902,0.793,2,12
-0.9907,-0.0488,-0.1084,-63.963,1.220,-19.268,3,90
-1.0103,-0.0313,-0.1016,-66.585,0.183,-20.000,3,90
-1.0283,-0.0093,-0.0947,-69.146,-0.854,-20.793,3,90
-1.0283,0.0166,-0.0825,-70.610,-1.524,-21.402,3,90
-1.0210,0.0391,-0.0776,-72.134,-2.500,-22.256,3,90
-1.0088,0.0693,-0.0752,-72.500,-3.598,-23.293,3,90
-0.9912,0.1021,-0.0635,-72.988,-4.817,-23.476,3,90
-0.9727,0.1343,-0.0552,-73.415,-5.854,-24.146,3,90
2.0342,-0.4028,0.6577,-56.890,-189.512,-10.976,1,12
2.0166,-0.4058,0.6724,-57.195,-189.939,-10.549,1,12
1.9990,-0.4155,0.6616,-56.463,-190.366,-10.183,1,12
1.9893,-0.4282,0.6558,-55.244,-191.098,-10.122,1,12
1.9644,-0.4414,0.6602,-52.500,-191.402,-10.976,1,12
1.9512,-0.4360,0.6753,-48.780,-191.768,-12.378,1,12
1.9380,-0.4180,0.6797,-44.085,-192.073,-14.268,1,12
1.9248,-0.3862,0.6860,-39.573,-192.622,-17.012,1,12
-0.0991,0.6704,-0.3359,120.732,88.354,-26.829,2,12
-0.0811,0.6519,-0.3149,119.878,89.085,-29.634,2,12
-0.0605,0.6411,-0.3022,118.780,89.817,-32.195,2,12
-0.0464,0.6201,-0.2842,118.232,90.732,-34.573,2,12
-0.0259,0.6045,-0.2661,117.073,91.585,-36.524,2,12
-0.0078,0.5898,-0.2476,116.098,92.378,-39.085,2,12
0.0171,0.5737,-0.2354,114.878,92.988,-41.220,2,12
0.0332,0.5552,-0.2168,113.049,93.537,-43.171,2,12
-0.8682,0.2495,-0.0459,-77.134,-18.841,-26.220,3,90
-0.8550,0.2480,-0.0464,-76.707,-20.305,-26.037,3,90
-0.8438,0.2329,-0.0435,-75.061,-21.220,-26.280,3,90
-0.8369,0.2231,-0.0464,-73.232,-22.500,-26.463,3,90
-0.8203,0.2241,-0.0571,-71.220,-23.902,-26.768,3,90
-0.8086,0.2139,-0.0552,-70.366,-24.939,-26.707,3,90
-0.8071,0.2085,-0.0601,-68.720,-25.854,-26.890,3,90
-0.7974,0.2095,-0.0537,-67.561,-27.073,-26.829,3,90
2.0972,0.0317,0.8262,-10.122,-192.012,-45.671,1,12
2.1260,0.0513,0.8379,-10.427,-191.890,-46.402,1,12
2.1611,0.1001,0.8618,-11.890,-191.463,-47.134,1,12
2.2485,0.1924,0.8901,-16.890,-189.573,-48.293,1,12
2.2925,0.2539,0.8911,-22.073,-187.683,-48.780,1,12
2.3354,0.3086,0.8945,-29.024,-186.220,-48.537,1,12
2.3726,0.3413,0.8784,-36.524,-184.878,-47.439,1,12
2.4150,0.3760,0.8667,-44.085,-183.963,-45.488,1,12
0.2129,0.3945,-0.1079,99.085,94.512,-60.122,2,12
0.2222,0.3755,-0.1001,97.744,94.573,-61.707,2,12
0.2393,0.3652,-0.0845,96.829,94.878,-63.171,2,12
0.2554,0.3496,-0.0879,95.488,94.695,-64.451,2,12
0.2681,0.3364,-0.0649,94.146,94.207,-65.793,2,12
0.2773,0.3267,-0.0542,92.561,93.780,-67.012,2,12
0.2837,0.3101,-0.0391,90.305,93.171,-68.293,2,12
0.2969,0.2837,-0.0137,88.476,93.049,-69.268,2,12
-0.8682,0.1401,-0.0205,-52.439,-33.476,-24.024,3,90
-0.8760,0.1440,-0.0103,-49.878,-33.476,-23.720,3,90
-0.8730,0.1299,-0.0073,-46.768,-33.171,-23.598,3,90
-0.8740,0.1343,0.0049,-44.573,-33.354,-23.171,3,90
-0.8784,0.1421,0.0103,-41.646,-33.415,-22.744,3,90
-0.8823,0.1431,0.0381,-39.451,-33.537,-22.256,3,90
-0.8813,0.1465,0.0483,-37.256,-33.232,-21.829,3,90
-0.8906,0.1602,0.0679,-35.000,-33.537,-20.915,3,90
2.2500,0.9248,0.9297,-97.744,-161.402,-0.427,1,12
2.1821,1.0112,0.9814,-101.707,-157.317,8.537,1,12
2.0781,1.0835,1.0225,-104.939,-152.683,18.720,1,12
1.9580,1.1157,1.0410,-108.293,-147.683,30.610,1,12
1.8633,1.1152,1.0605,-110.732,-142.622,44.024,1,12
1.7397,1.0977,1.0620,-113.293,-136.098,57.378,1,12
1.6226,1.0488,1.0698,-116.585,-129.207,71.951,1,12
1.5054,0.9810,1.0640,-120.732,-120.549,86.951,1,12
0.4116,0.1123,0.0708,60.366,87.073,-72.744,2,12
0.4258,0.0947,0.0825,57.256,85.610,-72.378,2,12
0.4351,0.0840,0.0718,54.146,84.451,-72.500,2,12
0.4487,0.0718,0.0806,50.854,83.293,-72.378,2,12
0.4648,0.0610,0.0674,47.866,81.829,-71.951,2,12
0.4756,0.0566,0.0703,44.390,81.341,-71.524,2,12
0.4873,0.0469,0.0728,41.402,79.695,-70.854,2,12
0.4946,0.0444,0.0757,37.256,78.537,-70.488,2,12
-0.9043,0.2090,0.1040,3.659,-28.963,-10.976,3,90
-0.9019,0.2207,0.1084,7.988,-28.232,-10.122,3,90
-0.8965,0.2119,0.1138,11.646,-27.805,-9.024,3,90
-0.8955,0.2134,0.1118,15.915,-26.951,-8.171,3,90
-0.8921,0.2129,0.1147,20.183,-26.890,-7.378,3,90
-0.8818,0.2109,0.1060,23.780,-25.671,-6.829,3,90
-0.8730,0.1870,0.0801,28.354,-24.878,-5.366,3,90
-0.8809,0.1772,0.0820,32.622,-23.780,-4.634,3,90
-5.8296,-4.7236,-0.0991,-16.524,-64.573,297.866,1,12
-8.2305,-5.3442,-0.3716,134.634,-52.256,190.671,1,12
-16.0000,-7.1636,-0.1304,525.732,-103.963,-262.073,1,12
-15.9990,-9.3882,0.4883,582.012,-223.598,-401.524,1,12
-16.0000,-9.0327,0.0161,524.878,-281.159,35.061,1,12
-15.8755,-6.1035,1.4033,346.524,-99.939,381.098,1,12
-10.1284,-4.3857,0.3735,37.195,140.305,246.768,1,12
-6.1719,-5.2373,-0.5776,-220.122,236.890,47.805,1,12
0.4224,0.0967,-0.0103,12.866,71.951,-71.341,2,12
0.4111,0.1104,-0.0298,11.220,71.768,-71.951,2,12
0.3921,0.1211,-0.0435,10.122,71.768,-73.293,2,12
0.3760,0.1250,-0.0679,9.207,71.646,-74.512,2,12
0.3638,0.1343,-0.0762,8.720,71.768,-75.854,2,12
0.3442,0.1387,-0.0977,8.232,72.683,-77.134,2,12
0.3447,0.1519,-0.1040,8.049,73.659,-78.476,2,12
0.3320,0.1621,-0.1348,8.659,75.305,-80.061,2,12
-0.8857,-0.0405,-0.0054,43.841,-19.085,-1.890,3,90
-0.8882,-0.0508,-0.0146,42.073,-18.354,-2.317,3,90
-0.8955,-0.0815,-0.0068,40.549,-17.500,-2.622,3,90
-0.9033,-0.1006,0.0054,39.451,-16.890,-2.805,3,90
-0.9063,-0.1147,0.0107,38.720,-15.671,-2.561,3,90
-0.9175,-0.1362,0.0137,37.378,-14.878,-1.890,3,90
-0.9277,-0.1470,0.0459,37.439,-13.171,-0.854,3,90
-0.9434,-0.1553,0.0757,36.220,-12.195,-0.122,3,90
-6.0264,-0.8149,1.1118,99.756,-73.659,128.598,1,12
-5.7305,-0.1548,1.2983,32.988,-14.573,129.573,1,12
-5.0386,0.1685,1.2681,-55.305,48.171,104.329,1,12
-4.1733,0.2046,1.1021,-128.720,96.341,73.902,1,12
-3.3438,0.1157,0.8809,-173.841,123.415,47.683,1,12
-2.6270,-0.0059,0.7314,-191.341,131.098,28.232,1,12
-2.0186,-0.0786,0.6118,-185.122,125.793,15.366,1,12
-1.5303,-0.0664,0.5542,-161.890,114.207,8.902,1,12
0.3979,0.1733,-0.2124,7.683,85.610,-88.171,2,12
0.4097,0.1655,-0.2227,7.500,85.854,-88.476,2,12
0.4155,0.1729,-0.2158,7.561,85.915,-88.841,2,12
0.4155,0.1689,-0.2329,7.500,86.159,-88.780,2,12
0.4214,0.1797,-0.2456,7.317,86.463,-88.963,2,12
0.4248,0.1797,-0.2515,6.829,86.707,-88.902,2,12
0.4189,0.1943,-0.2515,6.220,87.134,-88.963,2,12
0.4121,0.1924,-0.2549,5.549,86.890,-88.963,2,12
-1.0298,0.0225,0.1772,19.085,-4.146,6.098,3,90
-1.0166,0.0615,0.1890,17.195,-4.207,6.890,3,90
-0.9873,0.0957,0.1909,14.512,-3.780,7.744,3,90
-0.9771,0.1348,0.2109,12.256,-3.537,8.293,3,90
-0.9497,0.1738,0.2158,9.024,-3.659,9.268,3,90
-0.9272,0.2056,0.2207,6.098,-3.841,10.183,3,90
-0.9111,0.2402,0.2368,3.720,-3.841,11.280,3,90
-0.8931,0.2642,0.2524,1.463,-3.780,12.134,3,90
0.5762,0.7100,0.2856,7.622,95.061,-157.378,1,12
0.7676,0.7886,0.2480,7.622,90.488,-172.927,1,12
0.9248,0.7646,0.2056,11.098,81.890,-181.037,1,12
1.0713,0.7412,0.1782,19.024,71.402,-180.732,1,12
1.1909,0.7031,0.1553,27.988,59.573,-172.561,1,12
1.2861,0.6113,0.1226,37.805,47.134,-157.805,1,12
1.3569,0.5029,0.0977,46.646,35.427,-137.500,1,12
1.3359,0.4087,0.0771,53.598,25.305,-113.293,1,12
0.4614,0.1694,-0.2529,-7.988,85.610,-86.890,2,12
0.4727,0.1572,-0.2505,-9.878,85.244,-86.341,2,12
0.4888,0.1475,-0.2456,-12.134,84.756,-85.854,2,12
0.4971,0.1338,-0.2505,-14.573,84.207,-85.366,2,12
0.5190,0.1240,-0.2314,-17.378,83.659,-85.122,2,12
0.5220,0.1152,-0.2402,-21.280,83.354,-84.878,2,12
0.5493,0.1079,-0.2402,-25.061,83.415,-84.878,2,12
0.5679,0.0991,-0.2261,-29.634,83.171,-84.695,2,12
-0.9443,0.3359,0.2144,-6.585,-6.524,15.366,3,90
-0.9653,0.3398,0.1709,-1.098,-6.402,15.366,3,90
-0.9844,0.3433,0.1411,4.817,-6.159,15.610,3,90
-0.9922,0.3423,0.0981,12.378,-6.280,15.976,3,90
-1.0044,0.3408,0.0605,21.037,-6.159,15.976,3,90
-1.0127,0.3276,0.0259,29.939,-6.220,16.037,3,90
-1.0093,0.3062,-0.0015,39.085,-6.037,16.402,3,90
-1.0078,0.2847,-0.0239,47.378,-6.037,16.280,3,90
0.6797,-1.4155,-0.0137,47.134,49.756,73.902,1,12
0.5996,-1.5117,0.0313,36.402,55.244,77.561,1,12
0.5410,-1.5771,0.0879,24.146,59.024,78.415,1,12
0.4985,-1.6006,0.1504,10.427,61.463,77.683,1,12
0.4590,-1.5874,0.2485,-4.085,62.683,74.878,1,12
0.3569,-1.5332,0.3711,-16.037,60.793,72.866,1,12
0.2651,-1.4448,0.4858,-28.963,56.220,74.756,1,12
0.1943,-1.3438,0.5708,-39.146,49.939,75.915,1,12
0.7090,0.1660,-0.2358,-85.000,87.988,-87.256,2,12
0.7192,0.1899,-0.2339,-92.256,89.024,-87.683,2,12
0.7422,0.2124,-0.2227,-99.329,90.183,-87.866,2,12
0.7598,0.2344,-0.2266,-107.134,90.793,-88.354,2,12
0.7808,0.2632,-0.2241,-114.756,91.585,-88.720,2,12
0.8052,0.3008,-0.2236,-122.317,91.890,-88.841,2,12
0.8320,0.3203,-0.2095,-130.610,91.951,-88.598,2,12
0.8569,0.3379,-0.2095,-137.744,91.524,-88.598,2,12
-0.8794,0.0015,-0.0127,84.390,-7.073,16.402,3,90
-0.8691,-0.0054,-0.0283,82.622,-7.683,15.671,3,90
-0.8677,-0.0181,-0.0469,80.610,-7.866,15.000,3,90
-0.8823,-0.0234,-0.0410,78.476,-7.683,14.268,3,90
-0.8965,-0.0347,-0.0591,76.098,-7.683,13.659,3,90
-0.9160,-0.0552,-0.0605,74.695,-7.744,13.659,3,90
-0.9282,-0.0698,-0.0547,74.146,-7.439,13.415,3,90
-0.9487,-0.1055,-0.0488,75.061,-6.951,13.598,3,90
-0.1729,-1.2817,0.1689,-89.756,-21.098,29.573,1,12
-0.2026,-1.3013,0.1094,-83.415,-21.220,25.122,1,12
-0.2246,-1.3110,0.0674,-74.207,-18.171,21.707,1,12
-0.2461,-1.3154,0.0605,-63.476,-12.134,18.293,1,12
-0.2344,-1.2974,0.0562,-53.537,-3.293,15.549,1,12
-0.2437,-1.2686,0.0806,-45.000,6.646,13.232,1,12
-0.2334,-1.2354,0.0962,-38.171,17.683,11.220,1,12
-0.2212,-1.2031,0.1289,-33.659,27.927,9.939,1,12
1.0811,0.5586,-0.1826,-170.000,74.756,-89.939,2,12
1.0737,0.6021,-0.1855,-169.207,72.805,-91.402,2,12
1.0879,0.6504,-0.1680,-167.988,70.793,-93.415,2,12
1.0928,0.6973,-0.1543,-166.524,69.024,-95.244,2,12
1.0771,0.7402,-0.1235,-165.366,66.585,-97.683,2,12
1.1235,0.7969,-0.1094,-162.195,65.732,-100.061,2,12
1.1079,0.8521,-0.0850,-160.854,63.415,-100.915,2,12
1.1016,0.9185,-0.0674,-159.634,60.915,-102.134,2,12
-1.0957,-0.1807,0.0454,55.915,-6.402,13.049,3,90
-1.1133,-0.1592,0.0454,49.451,-7.317,12.195,3,90
-1.1436,-0.1563,0.0332,43.780,-7.683,11.585,3,90
-1.1577,-0.1362,0.0498,38.232,-8.293,10.976,3,90
-1.1724,-0.1079,0.0771,32.378,-8.902,10.061,3,90
-1.1831,-0.0620,0.0776,27.927,-10.122,9.329,3,90
-1.1929,-0.0181,0.1001,23.537,-10.244,8.963,3,90
-1.1934,0.0361,0.1318,20.305,-10.976,8.720,3,90
0.1948,-1.0298,0.2666,-1.829,79.451,17.683,1,12
0.2544,-1.0293,0.3013,4.573,83.232,16.768,1,12
0.3066,-1.0366,0.3389,10.183,86.646,15.122,1,12
0.3579,-1.0459,0.3721,14.634,89.085,12.683,1,12
0.4160,-1.0552,0.4180,19.024,90.427,9.939,1,12
0.4575,-1.0747,0.4487,23.659,90.915,6.768,1,12
0.4917,-1.0884,0.4878,27.988,90.610,4.207,1,12
0.5234,-1.1055,0.5273,33.293,89.756,1.220,1,12
1.1157,1.3345,0.0566,-151.037,25.366,-89.573,2,12
1.1191,1.3643,0.0703,-148.598,20.915,-86.098,2,12
1.1240,1.3994,0.0791,-145.427,16.341,-82.561,2,12
1.1348,1.4224,0.0874,-142.012,11.707,-79.146,2,12
1.1392,1.4419,0.0933,-138.110,7.256,-75.427,2,12
1.1382,1.4688,0.1060,-133.537,2.256,-71.890,2,12
1.1523,1.4761,0.1167,-128.720,-2.927,-68.476,2,12
1.1582,1.4824,0.1094,-123.049,-8.537,-65.000,2,12
-1.1226,0.1748,0.1011,26.159,-12.805,5.183,3,90
-1.1084,0.1743,0.1089,27.866,-12.500,4.268,3,90
-1.0913,0.1621,0.1152,29.939,-12.256,4.024,3,90
-1.0762,0.1514,0.1255,31.220,-11.951,3.841,3,90
-1.0562,0.1509,0.1265,32.134,-11.707,3.537,3,90
-1.0464,0.1421,0.1299,32.439,-11.402,3.110,3,90
-1.0337,0.1323,0.1299,33.415,-10.976,2.744,3,90
-1.0254,0.1279,0.1338,34.573,-10.122,2.744,3,90
0.3916,-1.1982,0.7627,76.829,50.305,-9.756,1,12
0.3584,-1.2207,0.7607,80.305,47.744,-9.695,1,12
0.3354,-1.2432,0.7441,84.695,46.890,-10.061,1,12
0.3071,-1.2720,0.7354,89.085,46.829,-10.610,1,12
0.2813,-1.2944,0.7217,94.329,48.232,-11.829,1,12
0.2739,-1.3213,0.7056,99.756,50.244,-12.927,1,12
0.2593,-1.3477,0.6968,104.756,53.049,-14.268,1,12
0.2563,-1.3555,0.6743,110.305,55.976,-16.098,1,12
1.1299,1.4487,0.1343,-66.768,-70.976,-37.195,2,12
1.1172,1.4365,0.1426,-60.793,-78.171,-34.146,2,12
1.1011,1.4287,0.1377,-55.671,-85.122,-30.610,2,12
1.0879,1.4180,0.1313,-51.280,-92.561,-27.622,2,12
1.0693,1.4102,0.1216,-47.439,-99.878,-24.390,2,12
1.0435,1.3975,0.1235,-44.878,-106.524,-21.646,2,12
1.0210,1.3804,0.1211,-42.927,-113.476,-18.537,2,12
0.9971,1.3696,0.1133,-41.524,-119.756,-15.366,2,12
-1.0088,0.1548,0.1362,57.683,-3.110,5.427,3,90
-1.0117,0.1514,0.1387,60.122,-2.622,5.732,3,90
-1.0112,0.1372,0.1494,62.012,-1.829,6.280,3,90
-1.0132,0.1338,0.1572,63.476,-0.854,7.073,3,90
-1.0059,0.1289,0.1646,64.207,0.061,7.683,3,90
-1.0073,0.1187,0.1685,64.268,0.854,8.171,3,90
-1.0054,0.1094,0.1719,64.024,1.585,8.902,3,90
-1.0059,0.1055,0.1665,64.085,2.561,9.451,3,90
0.3237,-1.3716,0.6748,129.817,68.963,-36.951,1,12
0.3335,-1.3555,0.6709,129.207,67.744,-39.207,1,12
0.3486,-1.3423,0.6572,127.195,66.220,-41.463,1,12
0.3745,-1.3286,0.6509,125.732,64.390,-43.476,1,12
0.3862,-1.3096,0.6289,123.720,62.317,-45.427,1,12
0.4092,-1.3008,0.6201,121.341,60.366,-47.622,1,12
0.4194,-1.2817,0.5918,118.841,58.720,-49.146,1,12
0.4326,-1.2676,0.5859,115.793,56.585,-51.037,1,12
0.7583,1.2422,0.0933,-38.841,-167.256,20.671,2,12
0.7324,1.2388,0.0967,-38.841,-172.134,25.122,2,12
0.7061,1.2310,0.0933,-38.902,-176.159,29.329,2,12
0.6768,1.2236,0.0864,-38.963,-180.671,33.354,2,12
0.6489,1.2227,0.0815,-38.841,-185.000,37.744,2,12
0.6196,1.2231,0.0674,-38.963,-189.390,41.768,2,12
0.6001,1.2236,0.0527,-38.720,-193.476,45.549,2,12
0.5625,1.2212,0.0435,-38.780,-197.256,49.451,2,12
-1.0039,0.2285,0.1958,56.280,7.683,13.720,3,90
-0.9956,0.2314,0.1816,56.524,7.622,14.695,3,90
-0.9868,0.2427,0.1753,56.707,7.622,15.366,3,90
-0.9824,0.2451,0.2036,56.890,7.317,16.037,3,90
-0.9717,0.2617,0.2017,56.280,7.134,16.341,3,90
-0.9702,0.2783,0.1875,54.756,7.866,16.524,3,90
-0.9712,0.2783,0.1738,54.573,7.988,17.195,3,90
-0.9712,0.2764,0.1587,54.329,9.146,18.110,3,90
0.5425,-1.1035,0.4316,73.354,48.659,-61.585,1,12
0.5610,-1.0859,0.4233,67.988,47.927,-61.768,1,12
0.5625,-1.0762,0.4160,62.073,47.622,-61.768,1,12
0.5786,-1.0586,0.4106,56.037,46.585,-61.951,1,12
0.5889,-1.0405,0.4053,50.183,46.159,-61.524,1,12
0.5928,-1.0283,0.3911,43.963,45.305,-61.159,1,12
0.6030,-1.0083,0.3843,37.805,44.390,-60.549,1,12
0.6069,-0.9951,0.3784,31.646,43.232,-60.427,1,12
0.3408,1.1777,-0.0317,-46.037,-223.293,85.732,2,12
0.3184,1.1709,-0.0322,-45.793,-225.976,89.695,2,12
0.3052,1.1724,-0.0493,-45.122,-227.683,93.476,2,12
0.2979,1.1563,-0.0591,-43.720,-228.780,96.402,2,12
0.3032,1.1353,-0.0854,-41.768,-228.720,97.500,2,12
0.3096,1.1079,-0.0938,-39.756,-227.866,98.354,2,12
0.3252,1.0928,-0.0991,-37.805,-225.915,98.293,2,12
0.3359,1.0728,-0.1060,-35.854,-223.537,98.780,2,12
-0.9570,0.2427,0.1333,62.012,11.341,20.183,3,90
-0.9536,0.2427,0.1167,63.110,11.402,20.061,3,90
-0.9526,0.2397,0.1050,63.659,11.463,19.878,3,90
-0.9556,0.2373,0.1045,65.122,11.341,19.695,3,90
-0.9590,0.2314,0.0825,66.159,11.280,19.573,3,90
-0.9546,0.2275,0.0771,66.951,11.341,19.695,3,90
-0.9448,0.2197,0.0635,67.744,11.280,19.573,3,90
-0.9390,0.2080,0.0625,67.927,11.220,19.146,3,90
-0.9355,0.2017,0.0552,68.049,11.098,18.659,3,90
-0.9282,0.1846,0.0557,67.622,11.159,18.232,3,90
-0.9165,0.1836,0.0610,67.195,10.976,17.805,3,90
-0.9028,0.1748,0.0610,67.195,10.854,17.317,3,90
-0.9023,0.1738,0.0635,66.037,10.793,16.890,3,90
-0.8867,0.1792,0.0703,64.939,10.244,17.073,3,90
-0.8867,0.1851,0.0605,63.720,10.061,16.585,3,90
-0.8799,0.1860,0.0576,61.646,9.390,16.646,3,90
0.4761,-0.7153,0.1436,-21.463,36.829,-45.976,1,12
0.4644,-0.7031,0.1357,-20.915,37.927,-45.854,1,12
0.4678,-0.6860,0.1304,-19.634,38.902,-45.610,1,12
0.4688,-0.6758,0.1318,-18.171,40.122,-44.695,1,12
0.4707,-0.6621,0.1299,-16.524,41.524,-45.244,1,12
0.4712,-0.6611,0.1304,-14.634,42.683,-44.695,1,12
0.4722,-0.6538,0.1289,-11.585,45.061,-44.756,1,12
0.4766,-0.6479,0.1313,-9.695,46.585,-44.756,1,12
0.2905,0.5854,0.0146,-6.524,-228.232,89.817,2,12
0.2725,0.5625,0.0176,-5.488,-227.561,88.537,2,12
0.2690,0.5562,0.0186,-3.720,-227.012,87.256,2,12
0.2568,0.5405,0.0073,-1.585,-225.915,85.671,2,12
0.2505,0.5298,-0.0005,0.915,-224.390,83.659,2,12
0.2451,0.5186,-0.0259,3.963,-222.683,81.707,2,12
0.2393,0.5127,-0.0420,6.768,-220.915,79.268,2,12
0.2368,0.5186,-0.0815,10.976,-218.293,76.402,2,12
-0.8818,0.1328,-0.0156,57.256,8.171,13.293,3,90
-0.8789,0.1157,-0.0225,55.976,8.354,12.561,3,90
-0.8770,0.1011,-0.0225,54.573,8.537,11.829,3,90
-0.8882,0.0889,-0.0273,52.988,8.963,10.976,3,90
-0.8877,0.0815,-0.0283,50.488,8.720,10.488,3,90
-0.8911,0.0718,-0.0244,47.866,9.024,9.695,3,90
-0.8936,0.0620,-0.0205,44.634,9.268,8.963,3,90
-0.8940,0.0532,-0.0303,41.829,9.390,8.354,3,90
0.4990,-0.6870,0.1270,2.378,51.890,-42.012,1,12
0.5039,-0.6880,0.1343,3.110,52.561,-41.951,1,12
0.4956,-0.6895,0.1357,4.146,52.927,-41.463,1,12
0.5083,-0.7031,0.1382,4.512,53.049,-40.793,1,12
0.5156,-0.6880,0.1484,5.061,53.293,-40.122,1,12
0.5166,-0.6938,0.1665,5.732,53.293,-39.207,1,12
0.5151,-0.6870,0.1714,6.585,53.902,-37.805,1,12
0.5171,-0.6895,0.1797,7.317,54.329,-36.829,1,12
0.2275,0.6406,-0.3042,48.476,-200.793,49.756,2,12
0.2188,0.6289,-0.3398,52.134,-200.915,47.805,2,12
0.2241,0.6177,-0.3677,56.220,-200.732,45.976,2,12
0.2236,0.6187,-0.3984,59.390,-200.122,44.085,2,12
0.2227,0.6147,-0.4146,61.707,-198.963,42.805,2,12
0.2168,0.6060,-0.4316,64.390,-196.951,41.585,2,12
0.2173,0.6099,-0.4399,66.098,-193.902,40.061,2,12
0.2139,0.6226,-0.4551,68.963,-188.902,38.963,2,12
-0.8667,0.1001,-0.0317,17.744,12.927,3.476,3,90
-0.8643,0.0854,-0.0225,16.768,12.927,3.537,3,90
-0.8540,0.0801,-0.0269,16.280,13.293,3.659,3,90
-0.8657,0.0874,-0.0288,16.037,14.268,3.354,3,90
-0.8569,0.0645,-0.0479,15.732,14.817,3.415,3,90
-0.8657,0.0562,-0.0649,15.488,15.671,3.232,3,90
-0.8745,0.0562,-0.0752,15.732,16.524,2.927,3,90
-0.8691,0.0508,-0.0825,14.878,17.134,2.134,3,90
0.5229,-0.7310,0.2393,8.780,57.256,-26.341,1,12
0.5347,-0.7490,0.2412,8.841,57.927,-24.878,1,12
0.5322,-0.7671,0.2476,8.293,58.293,-23.841,1,12
0.5254,-0.7813,0.2554,6.890,59.024,-22.866,1,12
0.5200,-0.8096,0.2568,5.244,59.878,-21.402,1,12
0.5186,-0.8413,0.2593,1.463,60.854,-19.939,1,12
0.5181,-0.8564,0.2632,-1.524,61.159,-19.085,1,12
0.5166,-0.8789,0.2534,-4.146,61.829,-17.927,1,12
0.1968,0.7739,-0.1270,51.646,-134.634,22.256,2,12
0.1831,0.7456,-0.0723,50.976,-132.378,21.463,2,12
0.1704,0.7178,-0.0313,52.500,-131.220,20.793,2,12
0.1479,0.7031,-0.0054,56.402,-130.427,20.366,2,12
0.1289,0.7202,0.0039,61.402,-130.183,20.122,2,12
0.1152,0.7422,0.0195,66.768,-129.390,20.000,2,12
0.0898,0.7983,0.0127,70.915,-128.537,20.366,2,12
0.0659,0.8711,0.0054,73.902,-127.256,20.122,2,12
0.0352,0.9683,-0.0112,75.244,-125.793,20.549,2,12
0.0083,1.0776,-0.0313,75.732,-123.720,21.098,2,12
-0.0244,1.1963,-0.0601,75.732,-121.707,22.744,2,12
-0.0513,1.3276,-0.0854,74.634,-119.634,25.122,2,12
-0.0796,1.4634,-0.1294,72.927,-118.171,28.598,2,12
-0.1152,1.5801,-0.1772,69.268,-117.073,32.866,2,12
-0.1436,1.6909,-0.2188,64.878,-116.951,38.110,2,12
-0.1792,1.7964,-0.2510,60.488,-116.829,43.049,2,12
-0.8770,-0.0059,0.1260,-22.805,32.622,7.134,3,90
-0.9263,0.0039,0.1230,-29.207,32.988,7.256,3,90
-0.9722,0.0264,0.1147,-34.329,33.720,6.890,3,90
-1.0073,0.0498,0.0781,-38.659,34.024,6.646,3,90
-1.0542,0.0791,0.0537,-42.988,34.146,6.890,3,90
-1.0972,0.1045,0.0845,-46.341,34.512,6.951,3,90
-1.1328,0.1304,0.1318,-49.817,34.390,6.890,3,90
-1.1416,0.1665,0.1226,-53.963,34.390,7.317,3,90
0.4028,-0.9355,0.2935,-57.317,61.646,-3.049,1,12
0.4043,-0.9351,0.2949,-58.780,62.073,-2.378,1,12
0.4014,-0.9424,0.3008,-60.305,61.951,-1.402,1,12
0.4082,-0.9443,0.3071,-61.524,62.195,-0.549,1,12
0.4023,-0.9434,0.3110,-63.232,61.768,0.854,1,12
0.3984,-0.9492,0.3203,-64.146,61.707,2.500,1,12
0.4067,-0.9502,0.3135,-65.366,61.829,4.207,1,12
0.4043,-0.9570,0.3135,-65.854,61.159,5.610,1,12
-0.3813,2.5664,-0.5532,26.951,-70.854,78.598,2,12
-0.4141,2.6504,-0.5938,24.390,-63.780,85.000,2,12
-0.4146,2.7256,-0.6309,24.085,-57.622,91.890,2,12
-0.4219,2.7871,-0.6577,21.037,-50.000,99.939,2,12
-0.4146,2.8257,-0.6802,21.402,-43.354,110.061,2,12
-0.3237,2.8462,-0.6626,20.488,-35.854,120.732,2,12
-0.5645,2.8413,-0.6938,23.232,-31.646,131.829,2,12
-0.4951,2.8477,-0.7637,22.012,-24.817,140.671,2,12
-1.1646,0.2993,0.0259,-53.354,34.146,5.976,3,90
-1.1514,0.2861,0.0103,-49.512,34.207,5.427,3,90
-1.1504,0.2783,-0.0107,-46.098,34.695,5.061,3,90
-1.1494,0.2476,-0.0298,-43.415,34.695,4.634,3,90
-1.1353,0.2168,-0.0479,-40.488,34.268,4.573,3,90
-1.1299,0.1992,-0.0410,-37.927,33.963,3.902,3,90
-1.1294,0.1792,-0.0630,-35.854,33.780,3.537,3,90
-1.1299,0.1479,-0.0918,-33.902,32.927,3.110,3,90
0.4180,-0.9575,0.2734,-61.037,60.732,19.878,1,12
0.4272,-0.9487,0.2681,-58.476,60.793,21.159,1,12
0.4409,-0.9414,0.2563,-55.183,61.098,22.744,1,12
0.4492,-0.9307,0.2417,-51.829,61.524,24.146,1,12
0.4712,-0.9214,0.2285,-48.049,62.012,25.854,1,12
0.4995,-0.9087,0.2129,-43.841,62.378,27.866,1,12
0.5313,-0.9023,0.2061,-39.573,62.378,30.122,1,12
0.5605,-0.8936,0.2051,-34.268,62.927,32.744,1,12
-0.4692,2.1675,-0.7690,45.976,23.598,168.537,2,12
-0.4585,2.0903,-0.7588,48.537,28.293,166.707,2,12
-0.4531,2.0234,-0.7573,51.220,32.256,165.305,2,12
-0.4497,1.9639,-0.7461,52.866,36.220,162.866,2,12
-0.4619,1.9097,-0.7451,54.756,39.573,160.305,2,12
-0.4688,1.8472,-0.7334,55.671,42.805,157.561,2,12
-0.4741,1.7969,-0.7314,56.585,45.427,154.146,2,12
-0.4893,1.7451,-0.7368,57.134,48.476,151.098,2,12
-1.0278,-0.1069,-0.1426,-35.793,26.646,-3.476,3,90
-1.0156,-0.1187,-0.1489,-38.110,25.976,-4.085,3,90
-1.0073,-0.1294,-0.1558,-41.280,25.183,-4.024,3,90
-1.0156,-0.1299,-0.1514,-44.695,24.817,-4.695,3,90
-1.0254,-0.1084,-0.1157,-47.866,24.390,-5.793,3,90
-1.0249,-0.0903,-0.1377,-51.098,24.024,-6.585,3,90
-1.0181,-0.0732,-0.1704,-54.512,23.232,-7.317,3,90
-1.0229,-0.0659,-0.1543,-58.293,22.988,-8.415,3,90
0.8340,-0.8813,0.2588,25.793,63.476,61.707,1,12
0.8662,-0.8960,0.2646,32.378,62.561,64.146,1,12
0.9014,-0.9043,0.2769,39.329,61.341,66.951,1,12
0.9370,-0.9214,0.2764,45.305,60.305,68.963,1,12
0.9731,-0.9458,0.2856,51.341,58.902,70.976,1,12
1.0073,-0.9717,0.2939,55.854,57.378,72.866,1,12
1.0449,-1.0005,0.3047,60.671,55.732,74.329,1,12
1.0859,-1.0298,0.3027,64.939,54.146,75.732,1,12
-0.5522,1.5254,-0.7568,63.537,85.549,114.268,2,12
-0.5527,1.4980,-0.7534,64.939,89.085,109.390,2,12
-0.5400,1.4990,-0.7397,65.915,92.317,104.573,2,12
-0.5244,1.4707,-0.7397,67.317,95.610,99.451,2,12
-0.5098,1.4590,-0.7383,68.841,98.537,94.817,2,12
-0.4971,1.4307,-0.7490,70.244,101.341,89.695,2,12
-0.4844,1.4160,-0.7456,72.256,104.390,84.756,2,12
-0.4658,1.3965,-0.7329,74.085,107.073,79.817,2,12
-1.0776,0.0366,-0.0801,-85.732,15.671,-21.890,3,90
-1.0742,0.0923,-0.0566,-89.878,14.390,-23.354,3,90
-1.0659,0.1733,-0.0356,-93.902,12.988,-24.817,3,90
-1.0767,0.2432,-0.0059,-97.378,11.524,-25.610,3,90
-1.0688,0.2964,0.0059,-98.841,10.427,-25.793,3,90
-1.0703,0.3521,0.0264,-98.902,9.878,-25.732,3,90
-1.0620,0.3848,0.0117,-97.439,9.634,-25.488,3,90
-1.0547,0.4082,0.0063,-95.000,8.902,-25.183,3,90
1.5386,-1.3350,0.3794,72.195,30.793,79.085,1,12
1.5977,-1.3804,0.3770,68.415,25.671,79.695,1,12
1.6519,-1.4287,0.3516,64.451,19.695,80.305,1,12
1.7119,-1.4614,0.3262,61.341,14.207,80.976,1,12
1.7764,-1.4976,0.2930,58.841,8.232,81.707,1,12
1.8418,-1.5220,0.2466,57.439,2.256,82.134,1,12
1.9053,-1.5278,0.2124,57.256,-3.780,82.317,1,12
1.9824,-1.5146,0.1792,56.707,-9.390,81.768,1,12
-0.3188,1.1543,-0.6504,87.256,122.500,31.524,2,12
-0.2979,1.1348,-0.6206,88.659,123.720,26.159,2,12
-0.2886,1.1118,-0.6030,89.451,124.695,20.549,2,12
-0.2607,1.0864,-0.5757,90.305,125.305,15.000,2,12
-0.2583,1.0615,-0.5645,91.098,125.366,9.451,2,12
-0.2368,1.0356,-0.5444,91.829,125.244,4.024,2,12
-0.2192,1.0078,-0.5225,92.500,124.695,-1.220,2,12
-0.2056,0.9834,-0.5107,93.049,124.390,-6.463,2,12
-0.9331,0.5195,0.0342,-71.098,-1.890,-24.939,3,90
-0.9253,0.5220,0.0308,-69.207,-3.415,-24.512,3,90
-0.9141,0.5283,0.0415,-67.256,-4.146,-24.512,3,90
-0.9009,0.5430,0.0430,-65.305,-5.488,-24.878,3,90
-0.8760,0.5342,0.0195,-63.171,-6.585,-24.756,3,90
-0.8662,0.5044,0.0034,-59.695,-7.683,-24.024,3,90
-0.8628,0.4746,0.0132,-55.732,-8.476,-23.537,3,90
-0.8555,0.4556,0.0361,-52.134,-9.695,-23.049,3,90
2.7354,-0.8589,0.3906,57.988,-68.110,69.085,1,12
2.8232,-0.7944,0.4175,56.402,-75.549,68.293,1,12
2.9165,-0.7627,0.4580,54.024,-83.598,67.805,1,12
2.9897,-0.7480,0.5039,50.549,-90.793,67.439,1,12
3.0693,-0.7573,0.5532,45.549,-97.744,67.073,1,12
3.1392,-0.7651,0.5898,38.902,-104.512,66.585,1,12
3.1660,-0.8198,0.6372,32.012,-110.976,66.220,1,12
3.1978,-0.8599,0.6753,23.720,-116.159,66.037,1,12
-0.1377,0.8174,-0.3335,104.329,112.073,-53.902,2,12
-0.1304,0.7988,-0.3140,106.280,110.732,-58.659,2,12
-0.1304,0.7788,-0.2910,107.927,108.720,-63.232,2,12
-0.1143,0.7646,-0.2666,110.183,107.012,-68.171,2,12
-0.1138,0.7456,-0.2549,112.744,104.634,-72.561,2,12
-0.1006,0.7158,-0.2393,115.610,102.378,-76.646,2,12
-0.0874,0.7017,-0.2085,119.695,98.293,-80.793,2,12
-0.0713,0.6792,-0.1938,122.988,98.232,-84.939,2,12
-0.8677,0.2563,-0.0552,-35.976,-16.159,-21.951,3,90
-0.8706,0.2339,-0.0459,-34.268,-16.220,-21.402,3,90
-0.8613,0.2095,-0.0547,-32.195,-16.463,-21.280,3,90
-0.8516,0.1899,-0.0464,-31.341,-16.707,-21.159,3,90
-0.8364,0.1577,-0.0601,-30.061,-16.524,-20.732,3,90
-0.8203,0.1387,-0.0693,-29.268,-16.280,-20.671,3,90
-0.8018,0.1157,-0.0815,-29.512,-16.159,-20.488,3,90
-0.7979,0.0962,-0.0864,-30.061,-15.732,-20.427,3,90
3.4229,-0.2759,1.0547,-56.890,-204.451,19.878,1,12
3.4043,-0.1270,1.0840,-62.134,-216.829,13.110,1,12
3.3721,0.0322,1.1104,-65.793,-227.622,7.500,1,12
3.4116,0.2261,1.1089,-66.402,-238.720,1.951,1,12
3.3721,0.3667,1.1035,-65.854,-249.451,-1.890,1,12
3.3423,0.4932,1.1001,-63.415,-259.207,-4.268,1,12
3.3086,0.6084,1.0923,-59.451,-267.500,-6.098,1,12
3.2676,0.7139,1.0884,-52.927,-273.537,-7.134,1,12
0.0645,0.4385,-0.0093,161.159,80.366,-115.976,2,12
0.0864,0.4106,0.0234,164.329,78.293,-118.232,2,12
0.1094,0.3735,0.0435,167.317,76.220,-120.610,2,12
0.1333,0.3394,0.0640,169.512,74.329,-122.805,2,12
0.1572,0.3081,0.0928,171.585,72.866,-124.878,2,12
0.1743,0.2773,0.1084,172.622,71.341,-126.463,2,12
0.2163,0.2397,0.1470,173.232,70.183,-127.744,2,12
0.2510,0.1963,0.1812,172.683,68.720,-128.780,2,12
-0.8145,0.0244,-0.0137,-33.476,-11.646,-17.805,3,90
-0.8291,0.0298,-0.0088,-34.451,-11.402,-17.073,3,90
-0.8501,0.0210,-0.0098,-35.732,-11.463,-16.585,3,90
-0.8623,0.0239,-0.0161,-36.524,-11.707,-16.220,3,90
-0.8765,0.0293,-0.0142,-37.744,-11.646,-15.610,3,90
-0.8955,0.0366,-0.0264,-39.451,-11.524,-15.427,3,90
-0.9028,0.0601,-0.0317,-41.037,-12.012,-15.061,3,90
-0.9092,0.0815,-0.0435,-42.927,-11.829,-14.695,3,90
2.9775,1.2974,1.3530,-13.659,-278.171,-0.122,1,12
2.9229,1.2778,1.4644,-17.500,-273.902,2.927,1,12
2.8721,1.2349,1.5684,-24.695,-269.207,5.976,1,12
2.8237,1.1714,1.6567,-34.756,-264.207,9.756,1,12
2.7944,1.0962,1.7051,-48.902,-260.427,14.268,1,12
2.7749,1.0005,1.7373,-65.671,-257.805,19.329,1,12
2.7285,0.9102,1.7466,-84.695,-256.524,25.793,1,12
2.6558,0.8330,1.7554,-104.390,-256.037,34.451,1,12
0.5713,-0.1108,0.4150,154.390,56.829,-127.805,2,12
0.5874,-0.1357,0.4307,149.756,54.939,-125.976,2,12
0.6074,-0.1646,0.4321,145.305,52.866,-124.268,2,12
0.6211,-0.1836,0.4355,141.037,50.244,-122.561,2,12
0.6406,-0.2134,0.4424,136.037,47.805,-120.732,2,12
0.6685,-0.2314,0.4487,131.890,45.427,-118.598,2,12
0.6758,-0.2480,0.4531,126.890,42.866,-116.463,2,12
0.6875,-0.2632,0.4453,122.500,40.549,-114.573,2,12
-0.8354,0.2397,-0.0327,-29.268,-12.988,-9.878,3,90
-0.8306,0.2368,-0.0430,-25.000,-12.683,-8.963,3,90
-0.8311,0.2217,-0.0454,-20.244,-12.561,-8.232,3,90
-0.8311,0.2046,-0.0532,-14.024,-11.646,-7.561,3,90
-0.8379,0.1924,-0.0493,-8.049,-11.280,-6.341,3,90
-0.8389,0.1699,-0.0610,-2.317,-10.427,-5.427,3,90
-0.8442,0.1470,-0.0601,3.598,-9.390,-4.573,3,90
-0.8369,0.1177,-0.0664,8.659,-8.171,-3.659,3,90
0.3252,-0.7261,1.1143,-277.805,-264.268,158.963,1,12
0.1738,-1.3735,1.7383,-318.659,-266.220,231.341,1,12
-0.3516,-1.5400,1.9175,-330.976,-237.073,280.366,1,12
-1.5977,-1.4697,1.9556,-315.976,-219.756,324.390,1,12
-6.3535,-3.4316,-0.5972,-110.549,-114.756,234.451,1,12
-13.0889,-3.5444,-2.1577,201.707,7.256,-39.329,1,12
-16.0000,-3.1279,-0.8696,508.841,74.573,-379.695,1,12
-16.0000,-9.1406,1.2637,514.451,9.939,-455.549,1,12
0.7026,-0.2920,0.3491,75.610,29.634,-102.805,2,12
0.6987,-0.2969,0.3530,69.146,29.573,-102.012,2,12
0.6997,-0.3018,0.3521,62.378,29.634,-101.646,2,12
0.6958,-0.3291,0.3403,56.098,30.366,-101.098,2,12
0.6914,-0.3428,0.3379,50.000,31.220,-100.915,2,12
0.6919,-0.3540,0.3198,44.329,32.561,-101.280,2,12
0.6875,-0.3706,0.2856,39.756,33.720,-101.646,2,12
0.6812,-0.3848,0.2739,36.280,34.451,-102.500,2,12
-0.7651,-0.1152,-0.0259,26.585,5.244,3.963,3,90
-0.7749,-0.1128,-0.0366,23.415,6.159,4.390,3,90
-0.7979,-0.1143,-0.0464,19.207,7.195,4.634,3,90
-0.8291,-0.1128,-0.0298,15.976,8.537,4.939,3,90
-0.8604,-0.1230,0.0078,14.390,10.122,5.488,3,90
-0.8823,-0.1265,-0.0059,13.049,11.280,5.793,3,90
-0.9121,-0.1182,-0.0259,11.463,12.744,6.768,3,90
-0.9302,-0.1079,-0.0210,8.902,13.293,6.829,3,90
-2.6074,-5.6543,3.6802,-124.634,-67.561,-149.329,1,12
-4.1021,-4.0830,2.8369,-4.024,-102.317,-36.280,1,12
-6.1582,-2.9209,2.2803,101.341,-117.134,80.549,1,12
-7.4790,-1.6343,2.1499,135.793,-102.317,187.500,1,12
-7.6943,-0.5156,2.3804,88.049,-45.488,225.366,1,12
-7.0107,0.1294,2.4771,-27.866,29.573,193.659,1,12
-5.8550,0.2549,2.3022,-139.878,97.561,142.317,1,12
-4.5537,0.1211,1.9941,-214.207,140.366,100.671,1,12
0.6333,-0.2876,0.0947,13.171,47.073,-118.171,2,12
0.6411,-0.2637,0.0747,10.305,48.110,-118.780,2,12
0.6367,-0.2402,0.0615,7.927,48.598,-119.207,2,12
0.6362,-0.2275,0.0405,4.146,48.902,-119.268,2,12
0.6421,-0.1992,0.0215,2.073,48.720,-118.963,2,12
0.6484,-0.1865,-0.0137,-1.098,48.110,-118.415,2,12
0.6548,-0.1748,-0.0283,-3.659,47.012,-117.439,2,12
0.6597,-0.1553,-0.0532,-5.854,45.854,-116.768,2,12
-1.1069,0.1230,0.0278,-11.829,9.512,3.841,3,90
-1.0884,0.1514,0.0244,-13.841,8.659,3.720,3,90
-1.0762,0.1870,0.0244,-15.488,7.866,3.476,3,90
-1.0386,0.2192,0.0259,-16.890,7.134,3.415,3,90
-1.0103,0.2500,0.0347,-16.890,5.976,2.988,3,90
-0.9746,0.2778,0.0347,-16.951,5.305,3.293,3,90
-0.9390,0.3071,0.0454,-16.220,4.268,3.598,3,90
-0.9063,0.3345,0.0464,-15.427,3.293,3.902,3,90
-0.0806,0.4224,0.6187,-6.402,67.012,-56.646,1,12
0.0278,0.4580,0.5347,-0.549,70.915,-88.293,1,12
0.2158,0.5825,0.4434,2.622,75.488,-118.659,1,12
0.3799,0.6831,0.3604,4.573,78.598,-144.878,1,12
0.5474,0.7529,0.2803,6.707,81.037,-165.488,1,12
0.7314,0.8198,0.2212,10.122,80.915,-179.573,1,12
0.9199,0.8135,0.1646,15.305,79.329,-186.768,1,12
1.0864,0.7656,0.1055,23.049,75.305,-188.598,1,12
0.6572,0.0146,-0.3721,-14.329,33.598,-106.220,2,12
0.6484,0.0464,-0.3984,-13.232,32.378,-104.878,2,12
0.6416,0.0767,-0.4380,-12.622,31.341,-103.537,2,12
0.6260,0.1045,-0.4551,-11.707,30.244,-101.463,2,12
0.6128,0.1313,-0.4707,-11.159,29.085,-99.573,2,12
0.6084,0.1455,-0.4858,-10.671,27.561,-97.317,2,12
0.6030,0.1709,-0.4912,-9.878,26.280,-95.183,2,12
0.5913,0.1865,-0.4937,-9.390,25.183,-92.988,2,12
-0.8369,0.4854,0.1016,4.329,-5.915,9.512,3,90
-0.8760,0.4922,0.1089,6.646,-6.220,9.512,3,90
-0.9043,0.5010,0.1187,11.098,-6.768,10.549,3,90
-0.9326,0.4912,0.1113,17.744,-7.805,11.585,3,90
-0.9536,0.4775,0.1133,24.939,-8.659,13.537,3,90
-0.9854,0.4556,0.1279,31.585,-9.024,15.305,3,90
-0.9907,0.4126,0.1328,37.073,-10.183,17.012,3,90
-1.0161,0.3579,0.1167,42.256,-10.549,18.841,3,90
1.5835,-0.6455,0.0767,88.293,57.256,-42.256,1,12
1.4302,-0.8711,0.0571,79.268,62.195,-23.902,1,12
1.2412,-1.0854,0.0439,67.866,64.329,-7.744,1,12
1.0347,-1.2754,0.0142,55.183,63.049,4.878,1,12
0.8936,-1.4214,-0.0698,41.037,59.939,10.915,1,12
0.8037,-1.5234,-0.1416,24.146,57.012,11.890,1,12
0.7544,-1.5986,-0.1738,9.390,55.305,9.939,1,12
0.7148,-1.5796,-0.0581,-0.183,54.329,10.488,1,12
0.7285,-1.2881,0.2690,-4.390,58.232,11.402,1,12
0.7510,-1.0425,0.4780,-6.829,65.244,7.012,1,12
0.7080,-0.8184,0.6616,-10.427,71.098,1.037,1,12
0.6304,-0.6377,0.8027,-18.963,72.195,0.000,1,12
0.5361,-0.5361,0.8896,-30.671,68.232,4.329,1,12
0.4312,-0.5083,0.8989,-44.329,60.183,11.159,1,12
0.3633,-0.5298,0.8540,-58.354,50.000,18.537,1,12
0.2871,-0.5996,0.7842,-70.671,38.293,24.024,1,12
0.7759,0.2461,-0.3540,-64.024,13.720,-55.976,2,12
0.8027,0.2656,-0.3594,-70.488,12.622,-54.634,2,12
0.8403,0.2866,-0.3804,-77.256,11.951,-53.171,2,12
0.8574,0.3135,-0.3818,-83.841,10.854,-51.951,2,12
0.8809,0.3267,-0.4058,-90.610,10.000,-50.793,2,12
0.9009,0.3555,-0.4053,-97.988,9.573,-49.878,2,12
0.9229,0.3828,-0.4292,-104.573,8.902,-49.329,2,12
0.9355,0.4077,-0.4390,-111.159,8.110,-48.354,2,12
-1.1333,-0.2354,-0.1152,58.110,-9.329,12.988,3,90
-1.1294,-0.2188,-0.1177,53.537,-9.634,11.951,3,90
-1.1450,-0.2051,-0.1118,48.415,-10.427,11.220,3,90
-1.1348,-0.2085,-0.0981,43.659,-11.159,10.427,3,90
-1.1338,-0.2012,-0.0908,38.598,-11.463,10.305,3,90
-1.1270,-0.1816,-0.0767,33.720,-11.707,9.634,3,90
-1.1201,-0.1650,-0.0605,28.598,-12.012,9.634,3,90
-1.1099,-0.1362,-0.0435,23.232,-12.256,9.268,3,90
-0.0967,-1.2773,0.1860,-43.171,-1.829,7.012,1,12
-0.1025,-1.2676,0.1943,-34.451,4.268,3.598,1,12
-0.0957,-1.2485,0.2017,-26.098,11.280,0.854,1,12
-0.0933,-1.2290,0.2163,-18.415,19.573,-0.671,1,12
-0.0771,-1.1963,0.2305,-11.585,28.293,-1.280,1,12
-0.0630,-1.1650,0.2451,-4.939,37.439,-0.915,1,12
-0.0415,-1.1353,0.2524,1.829,46.220,-0.122,1,12
-0.0146,-1.1021,0.2627,8.415,54.573,1.585,1,12
0.8804,0.6250,-0.5361,-146.707,-3.598,-56.220,2,12
0.8496,0.6611,-0.5435,-146.524,-4.451,-58.476,2,12
0.8379,0.6772,-0.5391,-146.037,-4.695,-59.451,2,12
0.7876,0.7451,-0.5166,-145.488,-5.305,-62.988,2,12
0.7603,0.7920,-0.4873,-145.244,-5.793,-65.122,2,12
0.7378,0.8486,-0.4600,-145.549,-6.098,-67.256,2,12
0.7241,0.9023,-0.4233,-146.463,-6.341,-68.902,2,12
0.7046,0.9507,-0.3950,-148.110,-7.012,-70.427,2,12
-1.0244,0.2314,0.0366,4.695,-13.476,7.561,3,90
-1.0190,0.2690,0.0693,6.829,-13.171,7.866,3,90
-1.0171,0.3101,0.0918,9.512,-13.293,8.354,3,90
-1.0024,0.3345,0.0957,12.561,-13.049,8.659,3,90
-0.9814,0.3589,0.1030,15.366,-13.232,9.634,3,90
-0.9878,0.3672,0.1123,18.720,-13.537,10.427,3,90
-0.9854,0.3765,0.1182,21.829,-13.598,10.732,3,90
-0.9761,0.3779,0.1123,24.695,-13.537,11.463,3,90
0.4321,-1.1626,0.3892,77.683,84.634,-6.341,1,12
0.4927,-1.1992,0.4048,83.963,84.634,-11.220,1,12
0.5479,-1.2271,0.4292,90.061,84.512,-16.707,1,12
0.6055,-1.2593,0.4517,94.878,85.183,-22.134,1,12
0.6382,-1.2837,0.4775,99.939,85.366,-27.561,1,12
0.6748,-1.2881,0.5146,104.512,85.854,-33.049,1,12
0.6860,-1.2905,0.5483,108.415,85.305,-38.293,1,12
0.6865,-1.2910,0.5669,109.878,83.476,-41.707,1,12
0.7925,1.2632,-0.1514,-178.049,-19.085,-59.817,2,12
0.8086,1.2769,-0.1372,-179.939,-21.646,-56.829,2,12
0.8218,1.2891,-0.1133,-181.098,-24.329,-54.329,2,12
0.8291,1.2964,-0.0986,-181.951,-27.256,-51.829,2,12
0.8433,1.3018,-0.0908,-182.073,-30.610,-48.841,2,12
0.8457,1.2993,-0.0762,-181.707,-33.780,-46.646,2,12
0.8501,1.2920,-0.0645,-180.854,-37.561,-44.451,2,12
0.8467,1.2817,-0.0513,-179.573,-41.829,-41.951,2,12
-0.9463,0.2754,0.0845,38.902,-14.634,10.854,3,90
-0.9429,0.2578,0.0762,37.744,-15.061,10.671,3,90
-0.9434,0.2461,0.0669,35.854,-15.366,10.183,3,90
-0.9453,0.2363,0.0586,34.085,-16.098,9.939,3,90
-0.9355,0.2319,0.0483,31.768,-16.341,9.512,3,90
-0.9370,0.2261,0.0415,29.512,-16.768,9.024,3,90
-0.9272,0.2251,0.0386,27.683,-17.317,8.780,3,90
-0.9248,0.2300,0.0249,25.366,-17.805,8.049,3,90
0.2085,-1.2007,0.7749,99.329,38.110,-26.098,1,12
0.1694,-1.2036,0.7476,98.232,37.195,-26.707,1,12
0.1226,-1.1973,0.7207,98.902,36.829,-26.890,1,12
0.0972,-1.2056,0.6963,101.463,37.683,-27.561,1,12
0.0630,-1.1943,0.6685,104.390,39.390,-28.110,1,12
0.0435,-1.1880,0.6377,108.415,42.195,-29.024,1,12
0.0273,-1.1689,0.6230,112.744,44.878,-29.329,1,12
0.0283,-1.1494,0.6021,116.707,48.049,-29.939,1,12
0.7046,1.2134,-0.1167,-155.122,-83.171,-30.366,2,12
0.6865,1.2168,-0.1187,-152.378,-86.890,-28.902,2,12
0.6704,1.2109,-0.1240,-149.695,-90.793,-27.134,2,12
0.6494,1.2090,-0.1484,-147.256,-94.573,-25.427,2,12
0.6372,1.2100,-0.1621,-143.659,-98.110,-23.537,2,12
0.6250,1.2178,-0.1685,-140.305,-101.524,-21.829,2,12
0.6172,1.2314,-0.1641,-137.439,-104.573,-19.878,2,12
0.6118,1.2397,-0.1772,-134.756,-107.500,-17.805,2,12
-0.8501,0.2417,0.0078,22.134,-22.561,6.159,3,90
-0.8379,0.2324,-0.0034,21.524,-23.415,5.610,3,90
-0.8364,0.2144,0.0029,20.671,-23.780,5.427,3,90
-0.8438,0.2080,0.0376,18.293,-24.634,4.878,3,90
-0.8350,0.2158,0.0146,16.280,-25.427,4.573,3,90
-0.8276,0.2183,0.0098,14.329,-25.671,3.841,3,90
-0.8213,0.2300,-0.0068,12.622,-26.159,2.683,3,90
-0.8223,0.2358,-0.0015,10.915,-26.768,0.976,3,90
0.1978,-0.9556,0.4702,132.866,64.024,-27.134,1,12
0.2231,-0.9600,0.4644,132.866,63.415,-26.402,1,12
0.2510,-0.9619,0.4688,131.829,62.866,-25.854,1,12
0.2705,-0.9785,0.4663,130.305,61.463,-25.549,1,12
0.2842,-0.9785,0.4629,128.171,60.427,-25.305,1,12
0.3008,-0.9995,0.4595,125.854,58.902,-25.244,1,12
0.3164,-1.0205,0.4585,122.439,57.500,-25.000,1,12
0.3257,-1.0381,0.4585,118.598,56.220,-24.939,1,12
0.5552,1.2695,-0.2104,-96.280,-129.390,3.171,2,12
0.5400,1.2676,-0.2134,-90.915,-131.951,5.244,2,12
0.5229,1.2593,-0.2148,-84.939,-134.451,7.866,2,12
0.4985,1.2363,-0.2275,-79.329,-137.012,10.244,2,12
0.4800,1.2285,-0.2222,-73.659,-139.756,12.927,2,12
0.4644,1.2051,-0.2266,-67.866,-142.744,15.488,2,12
0.4438,1.1885,-0.2388,-62.134,-145.610,17.866,2,12
0.4229,1.1680,-0.2456,-56.280,-148.293,20.488,2,12
-0.7505,0.2368,-0.0708,17.866,-29.573,-3.780,3,90
-0.7422,0.2515,-0.0488,18.537,-29.817,-2.988,3,90
-0.7407,0.2671,-0.0156,19.634,-30.122,-1.890,3,90
-0.7383,0.2808,0.0103,19.756,-30.122,-1.220,3,90
-0.7354,0.2954,0.0205,20.671,-30.732,-0.732,3,90
-0.7358,0.3027,0.0107,21.402,-30.976,-0.122,3,90
-0.7368,0.3022,-0.0005,22.439,-31.341,-0.122,3,90
-0.7437,0.2979,-0.0093,22.866,-31.585,-0.122,3,90
0.3735,-1.1143,0.4131,66.524,44.939,-22.134,1,12
0.3765,-1.0928,0.4111,61.037,44.024,-21.463,1,12
0.3784,-1.0762,0.3965,55.915,43.354,-20.671,1,12
0.3696,-1.0537,0.3940,50.732,43.232,-19.878,1,12
0.3711,-1.0259,0.3921,46.524,42.256,-18.841,1,12
0.3770,-0.9990,0.3857,42.073,42.256,-17.744,1,12
0.3794,-0.9648,0.3740,37.134,41.951,-16.890,1,12
0.3711,-0.9365,0.3701,32.378,41.890,-15.915,1,12
0.3008,0.9819,-0.2515,-23.598,-162.805,28.780,2,12
0.2969,0.9585,-0.2476,-22.378,-162.866,29.573,2,12
0.2876,0.9336,-0.2319,-22.378,-162.805,30.122,2,12
0.2866,0.9111,-0.2261,-22.500,-162.866,30.061,2,12
0.2827,0.8813,-0.2202,-22.927,-162.500,30.793,2,12
0.2793,0.8564,-0.2148,-23.171,-162.439,31.220,2,12
0.2935,0.8306,-0.2109,-22.988,-161.768,31.768,2,12
0.2822,0.8101,-0.2148,-22.439,-161.890,32.012,2,12
-0.8008,0.1597,-0.0161,37.439,-31.098,-3.841,3,90
-0.8110,0.1426,-0.0063,36.159,-31.646,-5.061,3,90
-0.8169,0.1392,-0.0181,34.451,-32.012,-6.280,3,90
-0.8237,0.1196,-0.0283,33.415,-32.317,-7.378,3,90
-0.8428,0.1133,-0.0342,32.134,-32.866,-8.841,3,90
-0.8604,0.1011,-0.0410,31.951,-33.354,-10.122,3,90
-0.8608,0.0996,-0.0332,31.707,-33.537,-11.585,3,90
-0.8613,0.0981,-0.0361,31.098,-34.634,-12.866,3,90
0.3320,-0.8203,0.3013,3.720,45.122,-7.561,1,12
0.3267,-0.8135,0.2900,2.561,45.915,-7.500,1,12
0.3247,-0.8193,0.3037,1.707,47.256,-7.561,1,12
0.3218,-0.8262,0.3135,0.549,48.171,-8.171,1,12
0.3242,-0.8433,0.3247,-0.732,49.695,-8.354,1,12
0.3267,-0.8477,0.3315,-2.805,50.793,-9.329,1,12
0.3228,-0.8560,0.3301,-5.000,51.646,-10.061,1,12
0.3359,-0.8735,0.3530,-7.378,52.744,-11.524,1,12
0.1973,0.7837,-0.1606,-29.634,-163.537,33.293,2,12
0.1904,0.7876,-0.1709,-30.549,-163.415,33.171,2,12
0.1655,0.7954,-0.1870,-31.098,-163.110,33.659,2,12
0.1563,0.7944,-0.1924,-31.159,-162.622,33.476,2,12
0.1426,0.8091,-0.1963,-31.159,-161.707,33.537,2,12
0.1289,0.8149,-0.1982,-30.854,-160.793,33.598,2,12
0.1143,0.8262,-0.2144,-30.305,-159.695,33.537,2,12
0.1055,0.8306,-0.2202,-30.061,-157.988,33.659,2,12
-1.0259,0.0361,0.0718,30.549,-38.415,-23.720,3,90
-1.0547,0.0786,0.0796,30.061,-38.902,-24.756,3,90
-1.1011,0.1309,0.1050,31.585,-39.146,-26.220,3,90
-1.1421,0.2002,0.1367,33.415,-39.634,-27.683,3,90
-1.1851,0.2598,0.1592,35.122,-40.427,-29.207,3,90
-1.2329,0.3257,0.1719,36.890,-41.585,-30.305,3,90
-1.2754,0.3726,0.2007,39.085,-42.134,-31.098,3,90
-1.3120,0.4092,0.2104,42.134,-42.378,-32.195,3,90
0.3750,-0.8921,0.2988,-16.890,50.183,-25.244,1,12
0.3687,-0.8921,0.2808,-15.915,50.305,-26.037,1,12
0.3691,-0.8892,0.2559,-15.000,50.549,-26.768,1,12
0.3584,-0.8662,0.2261,-13.232,50.915,-28.354,1,12
0.3599,-0.8335,0.2236,-11.037,51.524,-30.000,1,12
0.3501,-0.7998,0.2363,-7.500,53.049,-31.951,1,12
0.3530,-0.7627,0.2617,-2.683,55.305,-33.354,1,12
0.3701,-0.7266,0.2822,2.500,57.500,-34.268,1,12
0.0811,0.9370,-0.2383,-15.671,-138.537,36.646,2,12
0.0859,0.9463,-0.2251,-14.268,-136.524,37.439,2,12
0.0918,0.9600,-0.2046,-12.683,-134.451,37.988,2,12
0.0854,0.9692,-0.1885,-12.805,-132.927,38.780,2,12
0.0879,0.9678,-0.1733,-12.805,-131.280,39.756,2,12
0.1016,0.9829,-0.1616,-12.927,-129.695,41.037,2,12
0.1055,0.9966,-0.1475,-12.378,-128.049,42.195,2,12
0.1147,1.0171,-0.1313,-11.951,-126.159,43.537,2,12
-1.1821,0.3081,0.2456,66.341,-36.341,-44.512,3,90
-1.1279,0.2900,0.2588,67.134,-35.244,-45.549,3,90
-1.0713,0.2832,0.2764,68.049,-33.841,-45.915,3,90
-1.0298,0.2876,0.2822,68.659,-32.256,-46.037,3,90
-0.9854,0.2808,0.2842,69.878,-30.610,-45.671,3,90
-0.9473,0.2896,0.2764,71.037,-29.390,-45.183,3,90
-0.9136,0.2876,0.2627,72.683,-27.988,-44.451,3,90
-0.8818,0.2783,0.2607,74.512,-26.402,-43.537,3,90
0.5073,-0.6924,0.3442,27.744,75.488,-28.232,1,12
0.4839,-0.7168,0.3823,31.951,76.220,-27.622,1,12
0.4673,-0.7383,0.4136,35.671,77.073,-27.134,1,12
0.4492,-0.7642,0.4443,38.902,78.598,-27.378,1,12
0.4546,-0.7881,0.4692,41.707,79.939,-27.683,1,12
0.4575,-0.8042,0.4966,43.659,81.646,-28.415,1,12
0.4619,-0.8267,0.5151,45.244,83.110,-29.451,1,12
0.4741,-0.8467,0.5269,46.463,84.573,-30.427,1,12
0.1172,1.2959,-0.0898,-17.195,-107.256,59.573,2,12
0.1167,1.3242,-0.0938,-16.890,-105.732,61.463,2,12
0.1221,1.3525,-0.1060,-16.341,-105.000,62.805,2,12
0.1123,1.3794,-0.1221,-16.098,-103.415,64.085,2,12
0.1172,1.3989,-0.1367,-15.366,-102.134,65.488,2,12
0.1128,1.4131,-0.1406,-14.390,-100.183,66.402,2,12
0.0962,1.4360,-0.1519,-13.476,-98.171,67.866,2,12
0.0986,1.4507,-0.1528,-12.317,-96.037,69.207,2,12
-0.8862,-0.1196,0.1514,86.402,-14.573,-28.293,3,90
-0.9136,-0.1812,0.1392,84.329,-13.780,-26.220,3,90
-0.9507,-0.2285,0.1382,81.585,-13.171,-24.268,3,90
-0.9800,-0.2734,0.1553,77.805,-12.378,-22.134,3,90
-1.0098,-0.3071,0.1533,72.256,-12.256,-20.427,3,90
-1.0239,-0.3345,0.1528,66.402,-11.829,-18.659,3,90
-1.0479,-0.3477,0.1372,59.756,-11.402,-17.073,3,90
-1.0688,-0.3628,0.1406,52.073,-11.463,-15.732,3,90
0.5425,-0.9800,0.6563,34.146,85.976,-30.244,1,12
0.5522,-1.0015,0.6489,30.366,85.061,-31.037,1,12
0.5571,-1.0229,0.6431,27.439,84.451,-31.768,1,12
0.5664,-1.0430,0.6484,24.695,83.537,-32.500,1,12
0.5635,-1.0586,0.6553,22.012,83.354,-33.232,1,12
0.5674,-1.0791,0.6641,19.573,82.683,-34.085,1,12
0.5669,-1.0854,0.6719,16.768,82.439,-34.817,1,12
0.5635,-1.0923,0.6704,14.268,82.622,-35.610,1,12
0.0679,1.5615,-0.2285,1.951,-69.268,79.634,2,12
0.0732,1.5747,-0.2388,3.780,-66.341,80.976,2,12
0.0850,1.5972,-0.2451,5.549,-63.720,82.561,2,12
0.0786,1.6050,-0.2632,7.256,-61.341,84.146,2,12
0.0747,1.6133,-0.2769,9.207,-59.024,85.488,2,12
0.0752,1.5190,-0.2065,-3.476,-78.659,76.280,2,12
0.0703,1.6289,-0.3027,12.683,-54.390,88.659,2,12
0.0601,1.6382,-0.3086,14.085,-51.951,89.817,2,12
-1.0513,-0.2896,0.2046,-20.793,-4.573,-8.598,3,90
-1.0493,-0.2646,0.2046,-24.634,-2.988,-7.073,3,90
-1.0571,-0.2354,0.2148,-28.476,-1.768,-6.037,3,90
-1.0571,-0.1958,0.2031,-31.524,0.122,-5.061,3,90
-1.0493,-0.1655,0.2031,-34.024,1.463,-3.659,3,90
-1.0552,-0.1382,0.2031,-35.671,3.110,-2.317,3,90
-1.0552,-0.1079,0.2119,-35.854,4.817,-1.098,3,90
-1.0669,-0.0728,0.2109,-34.817,6.707,0.183,3,90
0.5933,-0.9253,0.7319,0.549,79.085,-28.720,1,12
0.5962,-0.9243,0.7148,0.183,78.841,-26.341,1,12
0.5962,-0.9136,0.7026,-0.122,78.476,-24.756,1,12
0.6011,-0.9165,0.6880,-0.488,78.415,-23.171,1,12
0.6001,-0.9307,0.6782,-0.061,78.537,-21.220,1,12
0.6011,-0.9365,0.6704,-0.061,78.659,-19.390,1,12
0.5967,-0.9600,0.6650,0.244,78.780,-18.232,1,12
0.5996,-0.9810,0.6689,0.366,79.756,-16.463,1,12
-0.0356,1.5952,-0.3408,20.244,-29.146,97.317,2,12
-0.0469,1.5942,-0.3438,20.915,-26.463,97.744,2,12
-0.0513,1.5859,-0.3511,21.280,-23.902,97.988,2,12
-0.0625,1.5825,-0.3555,21.707,-21.220,97.866,2,12
-0.0713,1.5815,-0.3496,21.707,-18.354,97.561,2,12
-0.0771,1.5845,-0.3530,22.195,-15.854,97.439,2,12
-0.0830,1.5864,-0.3594,21.707,-13.232,97.134,2,12
-0.0825,1.5737,-0.3584,21.951,-10.976,96.220,2,12
-0.0981,1.5752,-0.3696,22.378,-8.720,95.854,2,12
-0.1064,1.5747,-0.3926,23.415,-6.890,94.939,2,12
-0.1128,1.5767,-0.4072,24.817,-4.878,94.024,2,12
-0.1177,1.5811,-0.4126,26.463,-2.744,93.110,2,12
-0.1323,1.5835,-0.4185,27.744,-0.610,91.890,2,12
-0.1406,1.5942,-0.4263,28.902,1.341,90.549,2,12
-0.1504,1.6064,-0.4346,29.451,3.720,89.695,2,12
-0.1714,1.6045,-0.4390,30.244,5.793,88.171,2,12
0.5732,-1.1372,0.6851,-1.890,80.854,-6.646,1,12
0.5747,-1.1323,0.6855,-0.915,80.305,-6.220,1,12
0.5811,-1.1372,0.6836,0.061,79.756,-5.732,1,12
0.5913,-1.1338,0.6758,1.280,79.573,-5.366,1,12
0.5908,-1.1338,0.6787,2.622,78.780,-5.183,1,12
0.6079,-1.1260,0.6748,3.902,78.232,-4.695,1,12
0.6211,-1.1172,0.6929,4.817,77.500,-4.085,1,12
0.6304,-1.1074,0.6885,5.854,76.220,-3.841,1,12
-0.1768,1.6133,-0.4370,30.793,7.378,87.012,2,12
-0.1899,1.6289,-0.4370,31.098,9.024,85.732,2,12
-0.2021,1.6250,-0.4453,31.768,10.793,84.634,2,12
-0.2173,1.6245,-0.4531,32.561,12.012,83.354,2,12
-0.2339,1.6309,-0.4556,33.171,13.598,82.561,2,12
-0.2412,1.6362,-0.4575,33.720,14.939,81.524,2,12
-0.2563,1.6348,-0.4678,34.451,16.585,80.244,2,12
-0.2720,1.6440,-0.4648,35.488,17.500,79.207,2,12
-1.1138,-0.0439,0.1421,-45.671,35.244,26.463,3,90
-1.1099,-0.0601,0.1250,-47.683,35.549,27.134,3,90
-1.1143,-0.0713,0.1099,-50.671,35.549,27.073,3,90
-1.1177,-0.0771,0.1162,-54.024,35.671,26.890,3,90
-1.1221,-0.0952,0.1255,-57.744,35.793,26.890,3,90
-1.1357,-0.1040,0.1533,-62.195,35.854,26.341,3,90
-1.1309,-0.1240,0.1489,-67.439,35.915,25.793,3,90
-1.1509,-0.1401,0.1504,-72.622,36.707,25.427,3,90
-0.2905,1.6377,-0.4766,35.732,18.598,78.537,2,12
-0.3037,1.6440,-0.4868,36.159,20.000,77.500,2,12
-0.3154,1.6309,-0.4927,36.829,20.793,76.402,2,12
-0.3330,1.6357,-0.5054,37.500,22.073,75.183,2,12
-0.3433,1.6284,-0.5205,38.171,23.293,74.329,2,12
-0.3569,1.6250,-0.5352,38.841,24.451,73.293,2,12
-0.3662,1.6211,-0.5493,40.427,25.671,72.317,2,12
-0.3765,1.6182,-0.5601,42.134,27.134,70.915,2,12
-0.3872,1.6182,-0.5776,44.207,28.902,69.939,2,12
-0.4023,1.6099,-0.6069,47.195,31.220,68.110,2,12
-0.4092,1.6030,-0.6152,48.110,31.829,67.317,2,12
-0.4185,1.5952,-0.6240,50.610,33.720,65.915,2,12
-0.4092,1.5879,-0.6436,52.988,36.402,64.573,2,12
-0.4082,1.5830,-0.6504,56.829,38.171,63.354,2,12
-0.3960,1.5664,-0.6680,60.610,40.427,61.768,2,12
-0.3970,1.5527,-0.6870,64.512,42.256,60.854,2,12
-1.0991,-0.1660,0.0103,-85.549,39.268,14.329,3,90
-1.1011,-0.1279,0.0220,-86.646,39.390,12.866,3,90
-1.1040,-0.0972,0.0288,-86.890,39.451,11.524,3,90
-1.1084,-0.0386,0.0601,-86.829,39.878,10.671,3,90
-1.1123,0.0195,0.0552,-86.646,40.061,10.061,3,90
-1.1206,0.0723,0.0605,-86.829,40.000,9.451,3,90
-1.1133,0.1069,0.0703,-86.890,40.244,9.207,3,90
-1.1338,0.1104,0.0635,-86.159,41.280,8.780,3,90
0.9937,-1.3994,0.4956,4.207,21.463,19.268,1,12
1.0342,-1.3706,0.5254,0.122,18.110,19.024,1,12
1.0776,-1.3301,0.5493,-5.000,14.878,18.720,1,12
1.1196,-1.2861,0.5615,-10.854,11.037,19.024,1,12
1.1650,-1.2412,0.5649,-16.829,6.890,19.573,1,12
1.2134,-1.2012,0.5684,-23.354,2.622,20.610,1,12
1.2656,-1.1792,0.5581,-29.329,-2.134,22.195,1,12
1.3257,-1.1626,0.5444,-35.000,-7.561,24.207,1,12
-0.3696,1.4414,-0.6528,106.402,59.634,40.122,2,12
-0.3613,1.4155,-0.6426,110.793,61.341,37.805,2,12
-0.3564,1.3945,-0.6050,115.427,63.232,35.244,2,12
-0.3438,1.3730,-0.5923,118.963,65.000,32.500,2,12
-0.3340,1.3477,-0.5713,122.500,66.585,29.817,2,12
-0.3062,1.3228,-0.5386,125.244,68.171,27.073,2,12
-0.3022,1.2881,-0.5059,128.049,69.451,23.963,2,12
-0.2866,1.2681,-0.4902,130.549,70.915,20.976,2,12
-1.1299,0.2603,0.2388,-95.000,38.293,7.927,3,90
-1.1147,0.2720,0.2432,-95.732,38.293,8.293,3,90
-1.0962,0.2813,0.2515,-95.122,38.841,7.805,3,90
-1.0884,0.2959,0.2534,-93.171,39.085,8.232,3,90
-1.0649,0.3140,0.2393,-90.793,39.085,8.476,3,90
-1.0571,0.3403,0.2305,-87.622,39.207,8.902,3,90
-1.0493,0.3691,0.2285,-82.866,39.146,9.207,3,90
-1.0420,0.3975,0.2207,-79.756,39.024,8.902,3,90
1.8457,-1.0298,0.3950,-64.268,-57.927,42.073,1,12
1.9155,-1.0171,0.3921,-67.378,-63.049,42.195,1,12
1.9858,-1.0020,0.3965,-70.976,-67.805,42.744,1,12
2.0767,-0.9814,0.4004,-73.598,-72.622,42.744,1,12
2.1611,-0.9619,0.4189,-76.037,-77.683,43.049,1,12
2.2593,-0.9346,0.4517,-77.683,-82.012,42.683,1,12
2.3613,-0.9092,0.4741,-79.878,-86.768,42.073,1,12
2.4688,-0.8857,0.5078,-82.744,-91.707,41.402,1,12
-0.1509,1.0410,-0.2910,143.659,77.561,-10.488,2,12
-0.1392,1.0156,-0.2710,144.146,77.988,-14.024,2,12
-0.1265,0.9839,-0.2593,144.512,78.293,-17.805,2,12
-0.1265,0.9551,-0.2856,144.878,77.805,-21.341,2,12
-0.1045,0.9331,-0.2236,144.939,78.354,-25.244,2,12
-0.0874,0.8965,-0.2075,145.000,79.634,-29.146,2,12
-0.0874,0.8662,-0.2217,144.939,79.573,-32.683,2,12
-0.0688,0.8398,-0.1826,143.720,80.000,-36.341,2,12
-0.9448,0.6274,0.2222,-43.902,33.963,11.768,3,90
-0.9375,0.6284,0.2153,-40.366,33.049,11.829,3,90
-0.9312,0.6333,0.2212,-37.012,32.134,12.012,3,90
-0.9160,0.6382,0.2266,-34.085,31.280,11.890,3,90
-0.9048,0.6333,0.2139,-31.585,30.183,11.829,3,90
-0.8867,0.6333,0.2236,-28.841,29.512,11.768,3,90
-0.8726,0.6235,0.2231,-25.854,28.780,11.890,3,90
-0.8540,0.6196,0.2090,-23.293,27.927,11.768,3,90
3.3081,-0.4775,0.7617,-113.171,-156.037,31.768,1,12
3.3257,-0.3896,0.8574,-114.451,-164.512,28.049,1,12
3.3652,-0.2788,0.9424,-117.134,-173.415,24.512,1,12
3.4258,-0.1567,1.0259,-120.000,-182.378,20.976,1,12
3.4121,-0.0854,1.0869,-122.378,-192.317,17.805,1,12
3.4580,0.0024,1.1162,-122.439,-201.951,13.720,1,12
3.5273,0.1177,1.1592,-117.927,-213.415,9.146,1,12
3.5244,0.1982,1.2075,-113.415,-225.549,5.000,1,12
0.0405,0.6240,-0.1216,133.415,79.878,-65.244,2,12
0.0537,0.6025,-0.1045,131.951,79.573,-67.439,2,12
0.0649,0.5884,-0.0986,130.183,79.146,-69.756,2,12
0.0713,0.5654,-0.0889,128.537,78.476,-71.524,2,12
0.0757,0.5503,-0.0820,127.500,78.110,-73.598,2,12
0.0820,0.5264,-0.0742,126.098,77.256,-74.878,2,12
0.0967,0.5088,-0.0518,124.390,76.707,-76.524,2,12
0.1006,0.4863,-0.0503,122.683,75.793,-77.622,2,12
3.4297,0.8750,1.5654,-65.732,-286.402,-30.366,1,12
3.4053,0.9297,1.5854,-62.561,-288.963,-31.707,1,12
3.3857,0.9956,1.6235,-60.122,-291.951,-32.439,1,12
3.3530,1.0840,1.6553,-59.268,-294.573,-32.683,1,12
3.3237,1.1631,1.6855,-59.817,-297.744,-31.890,1,12
3.2935,1.2432,1.7007,-61.402,-301.220,-30.610,1,12
3.2363,1.2852,1.6992,-62.927,-304.939,-27.683,1,12
3.1665,1.3174,1.7075,-63.415,-307.378,-23.841,1,12
-0.6772,0.3110,0.0596,8.476,22.134,8.659,3,90
-0.6724,0.3037,0.0547,6.890,21.159,8.720,3,90
-0.6631,0.3076,0.0479,5.305,19.878,9.146,3,90
-0.6533,0.3013,0.0303,3.293,18.841,9.817,3,90
-0.6411,0.3003,0.0117,1.098,17.866,10.183,3,90
-0.6362,0.2993,0.0112,-1.098,16.402,10.244,3,90
-0.6313,0.3105,0.0034,-3.476,14.878,10.183,3,90
-0.6299,0.3071,-0.0161,-6.524,13.598,10.366,3,90
-0.6274,0.3110,-0.0405,-10.183,11.829,10.549,3,90
-0.6250,0.3208,-0.0649,-13.598,10.549,9.878,3,90
-0.6265,0.3066,-0.0977,-16.524,9.085,9.817,3,90
-0.6348,0.2979,-0.1255,-18.354,7.622,9.573,3,90
-0.6353,0.2910,-0.1611,-18.537,6.402,9.146,3,90
-0.6504,0.2856,-0.1772,-16.646,5.915,9.512,3,90
-0.6665,0.2900,-0.1782,-15.000,5.488,9.268,3,90
-0.6694,0.2925,-0.1846,-12.561,5.000,9.573,3,90
2.2646,1.1055,2.2397,-92.256,-277.012,46.341,1,12
2.1680,1.0151,2.2686,-104.939,-274.329,56.951,1,12
2.0874,0.9355,2.2817,-118.415,-270.976,67.561,1,12
1.9937,0.8638,2.2803,-133.171,-268.354,78.841,1,12
1.8901,0.7905,2.2900,-148.780,-266.280,90.854,1,12
1.7451,0.7109,2.2754,-164.573,-263.537,104.024,1,12
1.5874,0.6152,2.2520,-181.098,-259.878,118.171,1,12
1.4336,0.4941,2.1821,-197.988,-255.671,133.963,1,12
0.9014,-0.1084,0.1177,40.854,48.841,-55.854,2,12
0.9131,-0.1050,0.0977,37.866,46.768,-53.720,2,12
0.9248,-0.0986,0.0713,35.793,44.756,-51.524,2,12
0.9067,-0.0850,0.0566,33.476,43.049,-49.817,2,12
0.8979,-0.0610,0.0322,32.134,41.646,-48.476,2,12
0.8657,-0.0483,0.0190,30.427,40.488,-47.622,2,12
0.8374,-0.0249,-0.0034,29.268,40.244,-46.890,2,12
0.8013,-0.0039,-0.0210,28.841,39.939,-46.585,2,12
-0.6709,0.0732,-0.3472,25.549,-4.878,8.963,3,90
-0.6680,0.0518,-0.3667,28.171,-5.366,8.720,3,90
-0.6538,0.0034,-0.4180,34.878,-5.793,7.744,3,90
-0.6343,-0.0249,-0.4478,38.963,-4.512,7.073,3,90
-0.6182,-0.0459,-0.4902,43.415,-2.988,6.524,3,90
-0.6025,-0.0649,-0.5093,46.951,-0.427,5.976,3,90
-0.5781,-0.0859,-0.5103,51.159,1.829,5.122,3,90
-0.5679,-0.0957,-0.5078,54.817,4.695,4.512,3,90
-15.9839,-4.0259,0.6104,566.646,-107.866,-286.768,1,12
-16.0000,-8.8018,1.3345,497.378,-202.073,-263.171,1,12
-16.0000,-10.3857,1.1943,462.439,-356.341,261.951,1,12
-15.5063,-6.9482,1.0327,335.488,-129.634,324.268,1,12
-8.8306,-6.2007,-0.6206,-53.780,85.244,92.683,1,12
-5.4849,-7.6021,-0.9683,-289.878,129.268,-97.439,1,12
-3.8892,-7.8350,0.2617,-374.207,87.378,-175.549,1,12
-2.6035,-7.8569,2.0601,-356.037,20.610,-189.634,1,12
0.5991,0.0547,-0.0781,36.098,49.634,-56.280,2,12
0.6011,0.0435,-0.0923,38.354,50.732,-58.171,2,12
0.6060,0.0303,-0.0991,41.341,51.280,-59.878,2,12
0.6025,0.0190,-0.1045,44.878,52.195,-61.768,2,12
0.6162,0.0068,-0.1099,49.024,53.049,-63.841,2,12
0.6235,0.0068,-0.1260,53.049,53.415,-65.793,2,12
0.6084,0.0103,-0.1353,56.585,54.024,-68.232,2,12
0.6055,0.0117,-0.1572,60.183,54.024,-70.610,2,12
-0.6509,-0.3267,-0.2305,101.707,31.098,5.183,3,90
-0.6699,-0.3428,-0.1943,93.902,26.341,5.366,3,90
-0.6899,-0.3740,-0.1831,82.012,20.854,5.061,3,90
-0.7339,-0.4043,-0.1978,68.780,15.244,5.000,3,90
-0.7905,-0.4287,-0.1875,54.573,10.915,4.939,3,90
-0.8608,-0.4312,-0.1646,37.927,7.134,3.963,3,90
-0.9414,-0.4028,-0.1113,19.878,4.939,2.012,3,90
-1.0210,-0.3467,-0.0557,1.951,3.415,-0.915,3,90
-4.8447,0.4722,1.2300,-251.890,94.634,109.634,1,12
-3.7554,0.4990,0.9766,-274.451,107.317,90.549,1,12
-2.8936,0.5391,0.8179,-267.195,104.390,77.500,1,12
-2.1841,0.6279,0.7588,-240.915,96.220,68.720,1,12
-1.5884,0.8564,0.6606,-210.732,88.780,61.951,1,12
-1.1211,1.1606,0.5942,-180.366,83.476,48.415,1,12
-0.8198,1.3516,0.5742,-159.695,77.195,30.305,1,12
-0.5938,1.5010,0.5288,-137.744,75.427,1.463,1,12
0.5366,0.0132,-0.2729,74.024,47.683,-84.573,2,12
0.5215,0.0342,-0.2783,73.841,46.768,-85.366,2,12
0.5239,0.0513,-0.3008,73.415,46.402,-85.732,2,12
0.5049,0.0630,-0.3037,72.805,45.549,-85.793,2,12
0.4971,0.0762,-0.3105,71.280,44.878,-86.220,2,12
0.4907,0.0913,-0.3140,69.024,44.207,-86.037,2,12
0.4761,0.1064,-0.3091,66.463,42.927,-85.549,2,12
0.4785,0.1201,-0.3032,62.927,41.585,-84.939,2,12
-0.8579,0.3701,0.0015,-76.951,-17.195,-13.537,3,90
-0.8232,0.4175,-0.0029,-78.476,-19.329,-13.293,3,90
-0.8062,0.4492,0.0107,-78.537,-21.585,-12.683,3,90
-0.7964,0.4683,0.0396,-77.927,-23.293,-12.134,3,90
-0.7935,0.4663,0.0620,-76.829,-25.122,-11.646,3,90
-0.7988,0.4531,0.0732,-74.329,-26.524,-11.098,3,90
-0.7979,0.4424,0.0859,-71.159,-27.866,-10.915,3,90
-0.7993,0.4253,0.1084,-68.415,-29.268,-10.671,3,90
0.8896,1.1699,-0.0659,38.659,36.585,-193.049,1,12
0.8931,0.9297,-0.0767,59.634,34.146,-169.939,1,12
0.8799,0.6812,-0.0664,81.098,34.756,-146.037,1,12
0.8408,0.4243,-0.0298,103.049,39.024,-123.963,1,12
0.7939,0.1938,0.0347,121.280,47.134,-103.720,1,12
0.7446,-0.0313,0.1128,136.951,58.171,-86.463,1,12
0.7310,-0.2373,0.1855,147.378,71.463,-71.159,1,12
0.7285,-0.4419,0.2549,151.707,86.646,-56.829,1,12
0.4717,0.1514,-0.2856,24.878,28.110,-69.634,2,12
0.4756,0.1592,-0.2778,20.305,27.256,-67.805,2,12
0.4766,0.1670,-0.2710,15.122,26.463,-65.427,2,12
0.4795,0.1719,-0.2725,9.695,26.220,-62.927,2,12
0.4829,0.1763,-0.2593,3.293,25.854,-60.610,2,12
0.4873,0.1763,-0.2520,-2.622,25.244,-58.171,2,12
0.4976,0.1787,-0.2520,-9.451,24.512,-55.915,2,12
0.4951,0.1768,-0.2510,-16.037,23.659,-53.476,2,12
-0.9360,0.5425,0.0132,-21.951,-37.439,-13.354,3,90
-0.9395,0.5464,-0.0215,-12.744,-37.744,-13.049,3,90
-0.9492,0.5459,-0.0347,-1.159,-38.293,-12.683,3,90
-0.9585,0.5220,-0.0620,12.439,-38.232,-11.951,3,90
-0.9717,0.4990,-0.0605,27.134,-38.415,-10.915,3,90
-0.9775,0.4653,-0.0669,41.951,-38.659,-9.939,3,90
-0.9858,0.4253,-0.0679,55.366,-38.598,-9.329,3,90
-0.9932,0.3755,-0.0688,68.110,-38.537,-8.659,3,90
0.6289,-1.5239,0.4365,60.244,104.817,28.902,1,12
0.5420,-1.3701,0.5435,45.305,92.622,44.817,1,12
0.4785,-1.1719,0.6904,35.671,85.549,58.354,1,12
0.4673,-0.9834,0.8418,27.866,83.963,63.841,1,12
0.4722,-0.8174,0.9668,18.963,86.890,60.183,1,12
0.4521,-0.6973,1.0620,5.122,89.024,51.646,1,12
0.4165,-0.5942,1.1450,-14.146,86.402,44.878,1,12
0.3579,-0.5400,1.1812,-37.317,79.451,41.707,1,12
0.6274,0.2139,-0.3179,-77.866,20.549,-37.439,2,12
0.6465,0.2280,-0.3218,-84.573,20.427,-36.707,2,12
0.6563,0.2456,-0.3296,-91.585,20.000,-36.280,2,12
0.6709,0.2617,-0.3340,-98.841,19.695,-35.793,2,12
0.6792,0.2847,-0.3394,-106.098,19.390,-35.671,2,12
0.6855,0.3110,-0.3398,-112.744,18.841,-35.366,2,12
0.6948,0.3296,-0.3506,-119.451,18.293,-35.366,2,12
0.7012,0.3545,-0.3594,-126.037,17.744,-35.183,2,12
-1.1021,-0.1665,0.1313,130.366,-36.280,-2.378,3,90
-1.1245,-0.2070,0.1504,128.598,-35.671,-0.915,3,90
-1.1504,-0.2520,0.1284,125.305,-35.488,1.159,3,90
-1.1948,-0.2671,0.1421,118.232,-35.976,2.073,3,90
-1.2388,-0.2822,0.1660,109.268,-36.890,2.134,3,90
-1.2866,-0.2617,0.1997,98.780,-37.561,1.768,3,90
-1.3364,-0.2256,0.2168,88.963,-38.659,1.402,3,90
-1.3794,-0.1543,0.2339,78.293,-38.720,0.915,3,90
-0.2817,-0.9883,0.4038,-70.854,-19.329,31.280,1,12
-0.3086,-0.9912,0.3770,-53.537,-16.220,26.890,1,12
-0.3237,-0.9878,0.3706,-36.890,-10.122,22.866,1,12
-0.3291,-0.9653,0.3647,-22.683,-1.341,19.939,1,12
-0.3330,-0.9429,0.3604,-10.671,9.085,17.683,1,12
-0.3188,-0.9175,0.3560,-0.732,20.305,16.341,1,12
-0.3076,-0.8901,0.3647,7.561,32.012,15.610,1,12
-0.2852,-0.8701,0.3560,15.122,44.695,15.793,1,12
0.7402,0.5073,-0.3711,-163.354,6.159,-39.024,2,12
0.7437,0.5205,-0.3691,-164.024,4.573,-40.732,2,12
0.7476,0.5308,-0.3672,-163.659,3.354,-43.354,2,12
0.7500,0.5547,-0.3491,-163.415,2.378,-45.915,2,12
0.7500,0.5786,-0.3257,-162.805,1.646,-48.537,2,12
0.7471,0.6108,-0.2964,-162.256,1.037,-51.829,2,12
0.7407,0.6489,-0.2690,-161.890,0.671,-55.549,2,12
0.7529,0.6885,-0.2197,-162.622,0.183,-59.207,2,12
-1.2856,0.2378,0.1616,21.098,-40.244,-12.073,3,90
-1.2310,0.2261,0.1475,19.756,-39.634,-13.598,3,90
-1.1943,0.2295,0.1567,18.598,-38.963,-14.878,3,90
-1.1509,0.2432,0.1528,17.805,-38.049,-16.402,3,90
-1.1182,0.2480,0.1587,17.866,-37.134,-17.622,3,90
-1.0952,0.2544,0.1577,18.659,-36.463,-18.232,3,90
-1.0747,0.2656,0.1650,18.780,-35.976,-18.476,3,90
-1.0537,0.2646,0.1616,18.598,-35.549,-18.415,3,90
0.2524,-0.9170,0.4795,79.817,116.951,24.634,1,12
0.3315,-0.9590,0.5103,82.500,119.329,24.329,1,12
0.4048,-0.9966,0.5337,84.634,120.732,22.805,1,12
0.4663,-1.0371,0.5522,86.585,120.854,21.402,1,12
0.5249,-1.0820,0.5723,87.317,120.061,19.329,1,12
0.5664,-1.1279,0.6084,87.622,118.415,16.524,1,12
0.6006,-1.1689,0.6431,86.463,115.610,13.720,1,12
0.6118,-1.1958,0.6719,84.695,112.195,10.732,1,12
0.8472,1.0635,-0.0171,-176.159,-4.817,-72.561,2,12
0.8691,1.1094,-0.0049,-177.195,-5.732,-71.768,2,12
0.8794,1.1587,-0.0039,-178.720,-7.500,-70.549,2,12
0.8960,1.2012,0.0073,-179.207,-9.085,-68.841,2,12
0.9092,1.2368,0.0151,-179.451,-11.524,-66.890,2,12
0.9155,1.2759,0.0054,-179.085,-14.329,-65.366,2,12
0.9185,1.3105,0.0078,-177.988,-17.500,-63.110,2,12
0.9209,1.3267,0.0054,-175.793,-21.585,-60.793,2,12
-0.9180,0.1509,0.1484,30.610,-26.646,-21.768,3,90
-0.9126,0.1426,0.1479,32.744,-25.366,-21.220,3,90
-0.9175,0.1362,0.1455,34.817,-24.146,-20.305,3,90
-0.9170,0.1226,0.1499,36.585,-23.171,-18.780,3,90
-0.9209,0.1030,0.1514,37.805,-22.012,-17.500,3,90
-0.9268,0.0908,0.1572,38.780,-20.671,-16.098,3,90
-0.9443,0.0762,0.1641,39.451,-19.390,-14.390,3,90
-0.9468,0.0562,0.1685,39.695,-18.232,-13.354,3,90
0.3267,-1.3647,0.7505,58.537,73.841,-16.463,1,12
0.2979,-1.3652,0.7173,57.805,72.988,-17.866,1,12
0.2593,-1.3613,0.6899,57.683,72.927,-19.146,1,12
0.2285,-1.3472,0.6646,58.232,74.329,-20.549,1,12
0.2119,-1.3374,0.6343,60.000,77.134,-21.463,1,12
0.1914,-1.3115,0.6108,62.012,81.280,-22.500,1,12
0.1836,-1.2949,0.6030,64.939,86.159,-23.780,1,12
0.1826,-1.2607,0.5981,67.439,91.341,-24.695,1,12
0.8110,1.3740,-0.1519,-131.768,-58.232,-42.927,2,12
0.7856,1.3687,-0.1689,-124.878,-61.890,-40.915,2,12
0.7788,1.3687,-0.1621,-121.463,-63.780,-40.061,2,12
0.7612,1.3589,-0.1685,-115.305,-67.195,-37.561,2,12
0.7427,1.3428,-0.1880,-109.512,-70.915,-35.610,2,12
0.7241,1.3403,-0.2017,-103.293,-74.390,-32.622,2,12
0.7061,1.3262,-0.2104,-98.354,-77.744,-30.183,2,12
0.6733,1.3193,-0.2241,-91.646,-82.073,-25.854,2,12
-0.9692,0.0723,0.1436,35.854,-7.927,-6.707,3,90
-0.9736,0.0820,0.1401,35.122,-7.012,-6.585,3,90
-0.9961,0.0776,0.1411,34.817,-5.976,-6.098,3,90
-0.9995,0.0933,0.1440,35.549,-4.695,-5.671,3,90
-1.0044,0.1001,0.1484,35.976,-3.841,-5.061,3,90
-1.0044,0.0938,0.1416,36.890,-2.927,-4.939,3,90
-0.9995,0.0967,0.1436,38.598,-1.951,-4.329,3,90
-1.0034,0.1030,0.1382,40.610,-0.854,-3.720,3,90
0.3438,-1.0977,0.5073,98.720,110.244,-34.878,1,12
0.3711,-1.0977,0.4883,101.280,107.988,-35.976,1,12
0.3896,-1.0996,0.4849,102.561,105.854,-36.768,1,12
0.4087,-1.1011,0.4565,103.476,103.232,-37.866,1,12
0.4263,-1.1113,0.4434,104.085,100.915,-38.841,1,12
0.4512,-1.1182,0.4136,103.659,98.963,-39.390,1,12
0.4604,-1.1216,0.3979,102.439,97.012,-40.000,1,12
0.4756,-1.1372,0.3721,99.878,94.939,-40.915,1,12
0.5498,1.2305,-0.1958,-59.268,-106.768,7.927,2,12
0.5361,1.2222,-0.1831,-55.732,-109.390,12.439,2,12
0.5244,1.2007,-0.1826,-52.195,-112.927,16.463,2,12
0.5000,1.1973,-0.1831,-48.598,-115.976,20.061,2,12
0.4888,1.1753,-0.1807,-44.634,-118.780,23.659,2,12
0.4805,1.1631,-0.1826,-40.793,-121.646,26.159,2,12
0.4590,1.1470,-0.1782,-37.073,-124.512,28.415,2,12
0.4507,1.1362,-0.1675,-33.415,-126.463,30.061,2,12
-1.0239,0.1055,0.2046,46.585,4.695,0.305,3,90
-1.0259,0.1084,0.2192,44.451,5.549,0.427,3,90
-1.0166,0.0918,0.1611,43.110,5.305,0.427,3,90
-0.9946,0.0713,0.0864,41.768,4.756,1.341,3,90
-1.0005,0.0625,0.0562,40.122,4.085,1.159,3,90
-1.0068,0.0684,0.0605,35.732,3.049,-0.244,3,90
-1.0005,0.0698,0.0337,30.061,1.646,-2.073,3,90
-0.9976,0.0708,-0.0088,24.573,-0.122,-3.841,3,90
0.5444,-1.1899,0.3169,56.098,85.427,-38.537,1,12
0.5498,-1.1890,0.3208,49.634,84.695,-38.232,1,12
0.5532,-1.1870,0.3159,42.500,83.537,-37.439,1,12
0.5547,-1.1821,0.3115,35.854,82.378,-36.280,1,12
0.5532,-1.1724,0.3081,29.268,81.463,-35.671,1,12
0.5508,-1.1611,0.3081,22.378,80.488,-34.878,1,12
0.5542,-1.1567,0.2983,15.305,79.451,-34.451,1,12
0.5513,-1.1401,0.2925,8.415,78.537,-33.598,1,12
0.3745,0.9556,-0.1953,-4.878,-142.927,39.634,2,12
0.3770,0.9355,-0.2021,-0.671,-143.720,40.427,2,12
0.3760,0.9263,-0.1997,3.232,-144.756,40.793,2,12
0.3682,0.9150,-0.2104,7.622,-145.793,41.280,2,12
0.3657,0.9019,-0.2227,12.317,-146.768,41.646,2,12
0.3647,0.8882,-0.2227,15.915,-147.561,41.646,2,12
0.3599,0.8838,-0.2251,19.878,-148.598,41.707,2,12
0.3525,0.8765,-0.2207,22.866,-149.512,41.585,2,12
-0.9517,0.1543,0.0454,8.049,-7.927,-13.110,3,90
-0.9478,0.1597,0.0474,10.122,-7.927,-13.720,3,90
-0.9263,0.1655,0.0474,13.171,-8.780,-13.902,3,90
-0.9146,0.1919,0.0171,15.915,-9.024,-14.695,3,90
-0.9058,0.1914,0.0249,18.720,-9.268,-15.366,3,90
-0.8916,0.1992,0.0239,21.341,-9.268,-15.976,3,90
-0.8804,0.2070,0.0239,24.451,-9.268,-16.585,3,90
-0.8799,0.2046,0.0371,27.439,-9.329,-16.768,3,90
0.5083,-1.0562,0.2231,-43.293,72.195,-30.244,1,12
0.5000,-1.0352,0.2197,-45.427,72.378,-29.451,1,12
0.4927,-1.0239,0.2227,-46.646,72.622,-28.232,1,12
0.4854,-1.0029,0.2148,-47.500,72.866,-27.195,1,12
0.4824,-0.9863,0.2065,-47.561,73.171,-25.793,1,12
0.4819,-0.9619,0.1973,-47.439,73.476,-24.756,1,12
0.4839,-0.9380,0.1812,-46.585,74.329,-23.232,1,12
0.4922,-0.9214,0.1680,-45.854,75.061,-22.073,1,12
0.2378,0.6934,-0.1987,38.780,-156.707,40.793,2,12
0.2207,0.6597,-0.1914,38.537,-156.829,39.878,2,12
0.2173,0.6450,-0.1763,37.744,-156.768,38.598,2,12
0.2031,0.6118,-0.1733,36.768,-157.073,36.890,2,12
0.2017,0.5854,-0.1787,35.427,-157.256,35.549,2,12
0.2031,0.5596,-0.1812,33.963,-156.646,33.598,2,12
0.1934,0.5371,-0.1890,32.744,-156.220,31.402,2,12
0.1909,0.5190,-0.2021,31.037,-155.000,29.634,2,12
-0.8647,0.2817,0.0859,52.988,-9.390,-13.780,3,90
-0.8628,0.2754,0.0615,53.963,-9.207,-13.780,3,90
-0.8711,0.2622,0.0752,56.524,-9.817,-14.451,3,90
-0.8799,0.2490,0.0835,59.268,-10.183,-14.390,3,90
-0.8999,0.2402,0.0811,61.707,-10.488,-14.390,3,90
-0.9106,0.2319,0.0884,63.293,-10.122,-14.268,3,90
-0.9253,0.2148,0.0703,63.902,-10.976,-13.841,3,90
-0.9229,0.1934,0.0474,65.183,-11.159,-13.293,3,90
0.5117,-0.8638,0.1655,-18.598,78.902,-21.951,1,12
0.5132,-0.8535,0.1846,-14.451,78.598,-22.012,1,12
0.5083,-0.8530,0.1958,-10.488,77.683,-22.378,1,12
0.5083,-0.8516,0.2119,-6.707,76.951,-22.500,1,12
0.5088,-0.8618,0.2344,-2.744,76.220,-22.744,1,12
0.5063,-0.8647,0.2437,0.732,75.549,-22.805,1,12
0.4990,-0.8779,0.2437,4.207,74.512,-22.988,1,12
0.4995,-0.8960,0.2656,7.439,74.146,-23.171,1,12
0.1538,0.6548,-0.4004,25.732,-126.402,6.646,2,12
0.1563,0.6958,-0.4077,25.000,-121.951,4.573,2,12
0.1577,0.7334,-0.4219,24.939,-117.622,2.866,2,12
0.1504,0.7671,-0.4209,25.244,-113.476,1.220,2,12
0.1528,0.8135,-0.4097,25.793,-109.695,0.183,2,12
0.1431,0.8643,-0.4063,25.732,-105.854,-1.463,2,12
0.1465,0.9121,-0.3784,25.793,-101.646,-2.317,2,12
0.1455,0.9629,-0.3647,25.000,-97.866,-3.232,2,12
-0.9453,0.0903,0.0962,70.427,-11.707,-12.622,3,90
-0.9395,0.0747,0.1143,69.939,-11.524,-11.890,3,90
-0.9438,0.0454,0.1182,70.610,-10.793,-11.585,3,90
-0.9478,0.0220,0.1240,70.427,-10.183,-10.732,3,90
-0.9531,0.0010,0.1362,68.780,-9.695,-10.122,3,90
-0.9673,-0.0103,0.1460,66.585,-9.390,-9.329,3,90
-0.9766,-0.0464,0.1460,63.963,-8.841,-8.598,3,90
-0.9839,-0.0830,0.1445,60.488,-8.476,-7.744,3,90
0.5391,-0.9478,0.2886,22.683,76.890,-26.829,1,12
0.5400,-0.9434,0.2886,23.293,77.317,-27.378,1,12
0.5601,-0.9502,0.2871,23.415,77.744,-27.622,1,12
0.5684,-0.9512,0.2886,23.110,77.805,-28.354,1,12
0.5796,-0.9575,0.2979,22.500,77.561,-28.293,1,12
0.5845,-0.9668,0.3066,22.195,77.439,-27.988,1,12
0.5908,-0.9746,0.3306,21.159,77.195,-27.195,1,12
0.5967,-0.9873,0.3418,21.524,76.890,-27.317,1,12
0.1465,1.1104,-0.2378,25.549,-67.012,0.915,2,12
0.1484,1.1069,-0.2134,29.024,-64.451,2.683,2,12
0.1426,1.1035,-0.2012,32.500,-62.561,4.695,2,12
0.1504,1.1099,-0.1812,35.549,-61.098,6.646,2,12
0.1426,1.1235,-0.1597,38.293,-59.146,8.598,2,12
0.1377,1.1572,-0.1465,40.549,-57.378,10.854,2,12
0.1265,1.2002,-0.1479,42.195,-55.549,13.598,2,12
0.1187,1.2563,-0.1396,43.415,-53.902,16.585,2,12
-1.1240,-0.1377,0.1655,13.841,-0.305,-2.988,3,90
-1.1235,-0.1460,0.1602,8.476,0.305,-2.622,3,90
-1.1172,-0.1333,0.1509,3.780,1.341,-2.195,3,90
-1.1104,-0.1372,0.1528,-0.183,2.195,-1.707,3,90
-1.1069,-0.1240,0.1538,-3.902,3.110,-1.463,3,90
-1.0879,-0.1074,0.1421,-7.256,3.720,-0.976,3,90
-1.0620,-0.0977,0.1411,-10.183,4.390,-0.427,3,90
-1.0386,-0.0825,0.1392,-12.500,5.122,0.000,3,90
0.6240,-1.0122,0.5005,24.085,77.805,-17.500,1,12
0.6304,-1.0029,0.5059,23.537,77.500,-16.402,1,12
0.6392,-0.9990,0.5093,22.439,76.829,-15.244,1,12
0.6523,-0.9922,0.4922,22.256,76.280,-14.451,1,12
0.6660,-0.9917,0.4878,21.524,75.610,-13.963,1,12
0.6743,-0.9917,0.4771,20.793,74.695,-12.927,1,12
0.6909,-0.9893,0.4673,20.610,73.902,-12.012,1,12
0.6909,-0.9951,0.4531,20.549,73.415,-11.037,1,12
-0.0537,1.8311,-0.2241,18.232,-41.768,58.780,2,12
-0.0698,1.8574,-0.2524,15.305,-39.268,62.927,2,12
-0.0835,1.8921,-0.2715,11.951,-36.463,66.829,2,12
-0.0806,1.9189,-0.2754,8.659,-32.744,70.366,2,12
-0.0801,1.9512,-0.2896,5.244,-28.476,73.476,2,12
-0.0879,1.9663,-0.3052,1.341,-23.476,75.732,2,12
-0.0786,2.0107,-0.3135,-2.195,-18.476,78.110,2,12
-0.0669,2.0322,-0.3184,-6.098,-13.293,79.939,2,12
-0.0596,2.0610,-0.3218,-10.427,-8.720,82.378,2,12
-0.0547,2.0811,-0.3159,-14.390,-4.146,85.122,2,12
-0.0298,2.0947,-0.3096,-18.780,-0.427,88.049,2,12
-0.0220,2.1030,-0.3003,-24.207,3.232,91.524,2,12
-0.0078,2.0918,-0.3164,-29.024,6.402,95.671,2,12
0.0039,2.0830,-0.3149,-32.988,9.207,99.939,2,12
0.0166,2.0527,-0.3325,-36.463,11.829,104.390,2,12
0.0239,2.0200,-0.3359,-39.146,14.390,108.720,2,12
-1.0088,-0.0522,0.0532,-36.951,9.512,10.854,3,90
-1.0049,-0.0488,0.0562,-39.756,9.146,11.037,3,90
-1.0024,-0.0366,0.0654,-43.293,8.841,11.463,3,90
-0.9956,-0.0205,0.0684,-46.585,8.537,11.341,3,90
-0.9937,-0.0107,0.0752,-49.512,8.293,11.890,3,90
-0.9814,0.0000,0.0684,-52.378,7.927,12.439,3,90
-0.9834,0.0059,0.0542,-55.061,7.500,13.110,3,90
-0.9810,0.0083,0.0566,-58.110,7.195,13.293,3,90
0.6440,-1.2544,0.6743,8.049,57.866,22.134,1,12
0.6328,-1.2764,0.6680,4.085,56.341,22.500,1,12
0.6328,-1.2900,0.6621,-0.061,54.268,23.171,1,12
0.6348,-1.3018,0.6631,-3.963,52.256,23.476,1,12
0.6284,-1.3022,0.6543,-7.683,50.549,24.024,1,12
0.6270,-1.3091,0.6533,-11.037,48.476,24.512,1,12
0.6187,-1.2964,0.6548,-14.329,46.463,24.817,1,12
0.6147,-1.2983,0.6558,-17.378,44.634,25.366,1,12
-0.9819,0.0151,0.0698,-61.585,6.768,13.110,3,90
-0.9829,0.0161,0.0708,-65.000,6.646,13.232,3,90
-0.9702,0.0088,0.0693,-67.256,5.671,13.049,3,90
-0.9731,0.0024,0.0664,-69.268,6.159,13.232,3,90
-0.9644,0.0151,0.0679,-70.915,5.732,12.683,3,90
-0.9595,0.0317,0.0742,-72.378,5.732,12.378,3,90
-0.9556,0.0527,0.0635,-72.866,5.488,12.134,3,90
-0.9487,0.0771,0.0796,-73.476,5.061,11.951,3,90
-0.9468,0.0972,0.0645,-73.476,4.939,11.707,3,90
-0.9434,0.1123,0.0596,-73.841,4.878,11.646,3,90
-0.9502,0.1328,0.0586,-74.024,4.695,11.585,3,90
-0.9458,0.1494,0.0610,-74.207,4.512,11.098,3,90
-0.9502,0.1597,0.0649,-74.085,4.390,11.280,3,90
-0.9497,0.1626,0.0840,-73.598,4.268,11.159,3,90
-0.9443,0.1729,0.0913,-72.866,4.146,11.280,3,90
-0.9517,0.1807,0.0972,-72.256,4.451,11.524,3,90
0.5493,-1.2285,0.5557,-31.768,25.427,28.659,1,12
0.5542,-1.2207,0.5386,-31.341,23.659,28.171,1,12
0.5508,-1.2085,0.5234,-30.976,21.646,27.561,1,12
0.5488,-1.1992,0.4995,-30.366,20.122,26.829,1,12
0.5518,-1.1938,0.4927,-29.878,18.354,25.854,1,12
0.5581,-1.1812,0.4839,-29.207,16.524,25.000,1,12
0.5645,-1.1709,0.4746,-27.866,14.573,23.963,1,12
0.5620,-1.1587,0.4683,-26.890,13.171,23.598,1,12
-0.1929,1.1367,-0.6353,26.585,30.976,107.500,2,12
-0.1973,1.1177,-0.6455,28.598,31.280,105.427,2,12
-0.2075,1.1094,-0.6597,30.915,31.890,103.354,2,12
-0.2217,1.0908,-0.6812,33.415,32.500,101.341,2,12
-0.2285,1.0801,-0.6895,35.549,33.537,99.451,2,12
-0.2334,1.0767,-0.6973,37.927,34.512,97.439,2,12
-0.2388,1.0713,-0.7061,40.000,35.610,95.732,2,12
-0.2451,1.0669,-0.7017,42.256,36.768,94.024,2,12
-0.9688,0.1099,0.1963,-68.720,12.134,15.549,3,90
-0.9761,0.0679,0.1958,-67.805,12.988,17.012,3,90
-0.9854,0.0449,0.1919,-67.500,13.720,18.354,3,90
-0.9912,0.0254,0.1733,-69.756,13.963,19.329,3,90
-1.0132,0.0088,0.1558,-72.622,13.841,19.634,3,90
-1.0190,-0.0200,0.1431,-76.463,14.024,19.512,3,90
-1.0317,-0.0396,0.1255,-80.000,13.841,19.329,3,90
-1.0454,-0.0640,0.1108,-82.683,14.390,18.841,3,90
0.6284,-1.1206,0.4741,-15.244,-5.549,19.695,1,12
0.6357,-1.1162,0.4805,-14.390,-7.744,19.268,1,12
0.6367,-1.1152,0.4814,-13.659,-10.549,18.963,1,12
0.6592,-1.1177,0.4746,-13.720,-12.805,18.780,1,12
0.6670,-1.1182,0.4844,-13.537,-15.366,18.841,1,12
0.6768,-1.1294,0.4814,-13.537,-18.049,18.963,1,12
0.6987,-1.1343,0.4824,-14.207,-20.793,18.720,1,12
0.7031,-1.1382,0.4863,-15.061,-23.232,19.085,1,12
0.7100,-1.1436,0.4893,-15.854,-25.976,18.963,1,12
0.7222,-1.1343,0.5049,-16.768,-27.927,19.024,1,12
0.7310,-1.1479,0.5093,-17.805,-30.061,19.268,1,12
0.7524,-1.1499,0.5146,-19.146,-32.622,19.451,1,12
0.7671,-1.1460,0.5098,-20.122,-35.061,19.634,1,12
0.7847,-1.1519,0.5107,-21.585,-37.561,19.512,1,12
0.8062,-1.1514,0.5000,-22.988,-40.427,19.756,1,12
0.8330,-1.1523,0.4888,-23.963,-43.780,19.634,1,12
-0.1660,1.1484,-0.6763,113.720,52.317,62.134,2,12
-0.1411,1.1499,-0.6514,120.671,53.049,57.805,2,12
-0.1416,1.1440,-0.6563,123.049,53.415,56.402,2,12
-0.1216,1.1411,-0.6431,127.561,54.329,53.780,2,12
-0.1123,1.1343,-0.6416,131.524,55.061,51.159,2,12
-0.1016,1.1240,-0.6230,135.122,56.341,48.049,2,12
-0.0874,1.1133,-0.6104,138.963,57.378,45.122,2,12
-0.0728,1.1025,-0.5854,142.195,58.476,42.439,2,12
-1.0581,-0.1377,0.0581,-73.902,16.220,13.902,3,90
-1.0635,-0.1396,0.0781,-73.963,16.951,14.268,3,90
-1.0737,-0.1338,0.1035,-74.817,17.866,14.390,3,90
-1.0747,-0.1421,0.1128,-74.817,18.902,14.573,3,90
-1.0757,-0.1270,0.1118,-76.159,19.817,14.695,3,90
-1.0781,-0.1064,0.1040,-77.439,20.854,14.573,3,90
-1.0957,-0.0991,0.1147,-78.171,21.951,14.878,3,90
-1.1069,-0.0869,0.1172,-77.805,23.354,14.634,3,90
1.0796,-1.0400,0.4653,-29.573,-75.305,13.841,1,12
1.1011,-1.0205,0.4707,-29.756,-78.963,13.780,1,12
1.1377,-1.0010,0.4644,-29.207,-82.744,13.476,1,12
1.1519,-0.9814,0.4722,-28.963,-86.829,13.902,1,12
1.2061,-0.9561,0.4727,-27.378,-92.317,14.573,1,12
1.2275,-0.9316,0.4751,-25.915,-96.037,15.244,1,12
1.2476,-0.9160,0.4834,-25.305,-99.024,15.976,1,12
1.2676,-0.9043,0.4961,-23.902,-102.561,16.707,1,12
0.0386,1.0698,-0.4624,165.427,68.841,13.963,2,12
0.0576,1.0781,-0.4351,167.561,70.183,9.451,2,12
0.0659,1.0840,-0.4341,168.110,71.037,7.805,2,12
0.0693,1.0791,-0.4170,169.451,71.768,4.756,2,12
0.0771,1.0894,-0.4102,170.122,72.134,1.829,2,12
0.0903,1.0913,-0.3843,170.976,72.866,-0.976,2,12
0.0908,1.0938,-0.3848,171.280,73.293,-3.537,2,12
0.1025,1.0879,-0.3647,171.463,74.024,-7.012,2,12
-1.1670,-0.2339,0.0127,-59.024,38.415,7.805,3,90
-1.1753,-0.1987,0.0508,-57.073,38.841,6.585,3,90
-1.1973,-0.1211,0.1143,-57.195,39.085,6.098,3,90
-1.2007,-0.0313,0.1587,-60.000,39.512,6.280,3,90
-1.2100,0.0601,0.1660,-64.085,39.451,6.829,3,90
-1.2173,0.1460,0.1831,-67.073,39.634,8.110,3,90
-1.2275,0.2197,0.2173,-69.024,40.000,9.512,3,90
-1.2334,0.2861,0.2646,-70.244,40.305,11.463,3,90
1.5229,-0.8555,0.6880,-30.305,-127.927,18.598,1,12
1.5630,-0.8604,0.6968,-31.524,-131.037,18.354,1,12
1.6104,-0.8618,0.7104,-31.890,-134.573,17.378,1,12
1.6577,-0.8647,0.7168,-32.622,-137.439,16.524,1,12
1.7266,-0.8530,0.7192,-32.805,-140.366,15.244,1,12
1.7905,-0.8330,0.7202,-33.598,-143.354,13.720,1,12
1.8643,-0.8149,0.7178,-34.634,-146.220,12.134,1,12
1.9341,-0.7939,0.7114,-36.159,-149.451,9.817,1,12
0.1611,1.0010,-0.2642,166.646,80.061,-30.549,2,12
0.1641,0.9927,-0.2505,165.244,80.854,-33.049,2,12
0.1641,0.9795,-0.2461,164.268,81.280,-34.146,2,12
0.1787,0.9634,-0.2295,162.256,82.195,-36.341,2,12
0.1738,0.9502,-0.2075,158.841,83.110,-39.329,2,12
0.1870,0.9341,-0.1973,156.220,84.207,-41.220,2,12
0.1929,0.9238,-0.1826,153.780,84.634,-43.110,2,12
0.2017,0.9009,-0.1694,151.341,85.305,-44.878,2,12
-1.1431,0.3096,0.2910,-81.280,37.866,12.500,3,90
-1.1348,0.3271,0.2778,-82.622,37.683,11.951,3,90
-1.1226,0.3833,0.2632,-85.244,36.890,10.366,3,90
-1.1079,0.4141,0.2549,-87.378,36.646,9.573,3,90
-1.1016,0.4468,0.2295,-88.293,36.341,8.841,3,90
-1.0801,0.4673,0.2407,-86.646,35.793,8.598,3,90
-1.0630,0.5088,0.2480,-83.963,35.244,8.293,3,90
-1.0410,0.5444,0.2510,-81.463,34.695,8.537,3,90
2.5396,-0.4473,0.6978,-38.841,-185.854,3.110,1,12
2.5586,-0.3960,0.7310,-35.854,-190.000,3.841,1,12
2.5820,-0.3359,0.7676,-32.256,-194.268,3.110,1,12
2.6196,-0.2891,0.8096,-29.451,-197.988,1.463,1,12
2.6719,-0.2036,0.8906,-23.780,-204.451,-2.927,1,12
2.6895,-0.1655,0.9614,-19.451,-208.963,-5.976,1,12
2.7256,-0.1143,0.9990,-16.280,-213.232,-10.122,1,12
2.7822,-0.0596,1.0386,-12.683,-217.805,-14.329,1,12
0.2813,0.7612,-0.0562,131.524,84.634,-55.488,2,12
0.2847,0.7393,-0.0444,129.634,83.963,-56.463,2,12
0.2832,0.7119,-0.0313,127.988,82.988,-57.256,2,12
0.2876,0.6880,-0.0273,126.524,82.012,-58.232,2,12
0.2930,0.6621,-0.0225,124.573,81.098,-59.085,2,12
0.2837,0.6289,-0.0254,123.476,79.817,-59.939,2,12
0.2871,0.6050,-0.0181,122.134,79.146,-61.037,2,12
0.2954,0.5747,0.0034,120.244,78.232,-62.012,2,12
-0.9004,0.6338,0.2676,-37.317,29.268,12.805,3,90
-0.8740,0.6245,0.2734,-33.720,28.720,12.622,3,90
-0.8613,0.6094,0.2944,-29.817,28.293,12.622,3,90
-0.8320,0.6021,0.3081,-26.768,26.890,11.890,3,90
-0.8062,0.5947,0.3120,-24.878,25.854,11.768,3,90
-0.7915,0.5742,0.3018,-22.866,25.366,12.073,3,90
-0.7715,0.5532,0.2964,-21.646,24.085,11.951,3,90
-0.7544,0.5313,0.2847,-19.817,22.988,11.524,3,90
3.1514,0.4282,1.2349,25.183,-263.659,-51.159,1,12
3.1650,0.4941,1.2334,26.524,-265.000,-53.171,1,12
3.1704,0.5645,1.2334,27.805,-264.695,-53.963,1,12
3.1670,0.6216,1.2476,28.963,-264.512,-54.268,1,12
3.1450,0.6846,1.2573,29.634,-263.049,-53.780,1,12
3.1089,0.7422,1.2993,30.671,-260.366,-51.951,1,12
3.0684,0.7920,1.3701,30.732,-257.012,-49.817,1,12
3.0107,0.8315,1.4521,30.244,-252.134,-47.195,1,12
0.3711,0.2739,0.0581,106.402,74.756,-69.451,2,12
0.3848,0.2422,0.0659,104.817,74.329,-69.939,2,12
0.4033,0.2178,0.0801,102.744,73.963,-70.000,2,12
0.4194,0.1826,0.0884,100.427,73.415,-70.427,2,12
0.4307,0.1567,0.1069,97.500,72.683,-70.488,2,12
0.4580,0.1240,0.1069,95.061,71.951,-70.793,2,12
0.4829,0.1016,0.1172,92.988,71.098,-70.427,2,12
0.5171,0.0718,0.1265,90.793,70.122,-70.122,2,12
0.5298,0.0444,0.1367,88.232,68.841,-69.695,2,12
0.5649,0.0239,0.1426,86.037,67.073,-69.146,2,12
0.5908,0.0054,0.1348,83.537,65.244,-68.537,2,12
0.6240,-0.0176,0.1440,81.463,63.171,-67.683,2,12
0.6499,-0.0337,0.1323,78.659,61.037,-66.951,2,12
0.6670,-0.0479,0.1304,77.073,59.207,-66.220,2,12
0.6846,-0.0552,0.1416,74.146,57.073,-65.366,2,12
0.6992,-0.0728,0.1313,70.610,55.061,-64.817,2,12
-0.6123,0.3853,-0.0889,-18.537,0.000,14.207,3,90
-0.6274,0.3799,-0.1289,-21.280,-1.707,13.171,3,90
-0.6538,0.3550,-0.1455,-23.598,-3.110,12.012,3,90
-0.6685,0.3574,-0.1572,-25.549,-4.695,11.220,3,90
-0.6885,0.3447,-0.1641,-27.805,-6.220,10.244,3,90
-0.7163,0.3379,-0.1748,-29.573,-7.683,9.207,3,90
-0.7295,0.3062,-0.1943,-28.963,-7.866,8.780,3,90
-0.7388,0.2808,-0.1929,-26.463,-8.537,8.049,3,90
1.2563,-0.4287,0.1162,-275.000,-158.841,145.061,1,12
0.4614,-0.9521,0.5269,-278.780,-172.744,186.280,1,12
-0.0132,-0.9116,1.2974,-276.280,-202.195,249.756,1,12
-0.4492,-0.5903,2.0024,-280.915,-207.927,305.671,1,12
-1.2559,-0.2661,3.1030,-265.854,-206.585,350.061,1,12
-4.1250,-0.6250,3.5703,-224.146,-212.866,388.598,1,12
-16.0000,-4.5376,-3.8564,284.878,-74.268,137.988,1,12
-16.0000,-1.5601,-0.1924,622.622,-37.744,-190.488,1,12
0.7437,-0.1479,0.0562,40.915,43.049,-62.866,2,12
0.7378,-0.1440,0.0479,38.171,42.988,-63.598,2,12
0.7339,-0.1411,0.0356,35.366,43.293,-64.573,2,12
0.7202,-0.1509,0.0317,32.866,43.415,-65.671,2,12
0.7178,-0.1436,0.0215,30.854,43.598,-67.195,2,12
0.7109,-0.1597,0.0127,29.329,43.415,-68.780,2,12
0.7119,-0.1553,0.0073,28.902,43.598,-70.915,2,12
0.7080,-0.1582,-0.0005,28.659,43.659,-73.049,2,12
-0.6982,-0.0903,-0.2163,47.073,4.695,11.707,3,90
-0.7017,-0.1284,-0.2461,53.354,6.402,12.500,3,90
-0.7148,-0.1660,-0.2583,57.683,7.622,13.598,3,90
-0.7300,-0.1973,-0.2642,60.305,8.476,14.024,3,90
-0.7598,-0.2183,-0.2856,60.305,9.390,13.841,3,90
-0.7842,-0.2354,-0.3203,58.659,10.122,13.415,3,90
-0.8213,-0.2622,-0.3232,55.671,11.098,12.256,3,90
-0.8877,-0.2920,-0.2866,51.159,13.110,11.037,3,90
-2.1030,-6.9189,2.2896,2.927,-17.866,-69.146,1,12
-3.8545,-6.1187,2.0654,82.622,-119.268,-16.037,1,12
-6.1665,-4.7856,1.6187,110.244,-202.561,40.854,1,12
-7.0752,-3.4502,1.5757,108.963,-233.598,136.220,1,12
-6.7061,-1.9854,2.0264,77.622,-175.915,176.220,1,12
-6.4829,-0.5840,2.2368,-27.744,-69.756,140.488,1,12
-5.7593,0.2192,2.3135,-147.683,34.512,84.451,1,12
-4.8628,0.6753,2.1846,-240.671,116.646,45.183,1,12
0.6616,-0.0889,-0.1274,39.817,42.744,-91.707,2,12
0.6602,-0.0874,-0.1440,40.610,41.585,-92.317,2,12
0.6514,-0.0869,-0.1641,41.524,41.037,-93.171,2,12
0.6558,-0.0806,-0.1812,42.256,39.451,-93.476,2,12
0.6504,-0.0771,-0.1968,43.293,38.720,-93.659,2,12
0.6553,-0.0703,-0.2207,44.207,37.439,-93.415,2,12
0.6528,-0.0684,-0.2388,45.183,36.829,-92.683,2,12
0.6455,-0.0615,-0.2451,45.915,35.793,-92.683,2,12
-0.9448,-0.1748,-0.2090,1.768,10.488,0.305,3,90
-0.9297,-0.1465,-0.1973,-3.841,9.451,-0.732,3,90
-0.9126,-0.1123,-0.1865,-8.598,9.329,-1.463,3,90
-0.9009,-0.0786,-0.1841,-12.195,8.963,-2.256,3,90
-0.8779,-0.0459,-0.1738,-15.000,8.598,-2.439,3,90
-0.8613,-0.0068,-0.1572,-16.524,8.171,-2.317,3,90
-0.8340,0.0322,-0.1294,-17.378,7.683,-2.439,3,90
-0.8262,0.0762,-0.1069,-17.683,7.378,-1.768,3,90
0.0615,2.0488,0.1440,-77.378,129.756,-105.427,1,12
0.3569,2.1074,-0.0581,-47.744,117.500,-172.256,1,12
0.6431,2.1753,-0.2017,-44.939,103.049,-209.024,1,12
0.9126,2.0259,-0.3291,-36.890,86.220,-231.220,1,12
1.1646,1.8745,-0.4023,-23.659,70.854,-235.793,1,12
1.3560,1.6831,-0.4321,-4.756,58.049,-226.402,1,12
1.4424,1.4751,-0.4263,22.012,48.232,-210.366,1,12
1.5190,1.2583,-0.3643,52.683,42.805,-190.061,1,12
0.6113,-0.0029,-0.2734,41.524,26.098,-89.878,2,12
0.6069,-0.0103,-0.2729,39.939,24.634,-89.146,2,12
0.5996,-0.0127,-0.2622,37.317,22.805,-88.537,2,12
0.5938,-0.0122,-0.2549,35.061,21.463,-87.683,2,12
0.5845,-0.0239,-0.2461,32.378,20.000,-86.890,2,12
0.5796,-0.0273,-0.2466,29.207,18.659,-85.671,2,12
0.5674,-0.0415,-0.2368,25.183,17.012,-84.695,2,12
0.5723,-0.0522,-0.2207,20.854,15.671,-83.598,2,12
-0.7983,0.3711,0.0366,1.524,-0.671,9.146,3,90
-0.8159,0.3843,0.0430,6.159,-1.707,10.915,3,90
-0.8345,0.3828,0.0317,11.890,-2.012,12.561,3,90
-0.8496,0.3843,0.0469,17.317,-2.195,13.720,3,90
-0.8584,0.3853,0.0518,22.256,-2.744,15.061,3,90
-0.8652,0.3882,0.0132,26.707,-3.049,15.549,3,90
-0.8652,0.3760,-0.0049,30.488,-3.415,16.037,3,90
-0.8730,0.3657,-0.0195,33.841,-3.841,16.037,3,90
1.1953,-0.9292,0.5127,196.280,148.963,-24.024,1,12
1.7505,-1.7598,0.7061,189.878,155.061,-27.195,1,12
1.2866,-1.3408,0.5122,172.256,157.866,-3.720,1,12
1.2822,-1.5518,0.5127,160.976,151.524,7.866,1,12
1.2285,-1.6484,0.5278,146.951,138.537,14.512,1,12
1.1836,-1.7451,0.4595,130.732,121.463,21.220,1,12
1.1426,-1.7358,0.3750,109.695,101.707,30.671,1,12
0.9600,-1.7124,0.2344,89.390,82.073,44.451,1,12
0.5620,-0.1382,-0.2261,-34.268,3.780,-74.024,2,12
0.5664,-0.1421,-0.2305,-41.524,2.744,-73.171,2,12
0.5757,-0.1328,-0.2383,-48.841,1.829,-72.256,2,12
0.5854,-0.1284,-0.2607,-56.585,0.976,-71.402,2,12
0.5918,-0.1226,-0.2700,-64.024,0.671,-70.488,2,12
0.5957,-0.1104,-0.2739,-71.768,0.183,-69.817,2,12
0.6069,-0.0986,-0.2861,-79.817,-0.610,-69.024,2,12
0.6084,-0.0840,-0.2993,-87.500,-1.098,-68.476,2,12
-0.8472,0.2383,0.1157,47.622,-8.659,16.707,3,90
-0.8550,0.2368,0.0986,45.183,-10.000,16.463,3,90
-0.8638,0.2290,0.0806,42.195,-11.341,17.073,3,90
-0.8892,0.2275,0.0854,38.293,-12.012,16.951,3,90
-0.9106,0.2202,0.1260,33.110,-12.744,17.012,3,90
-0.9346,0.2144,0.1074,26.463,-14.146,16.402,3,90
-0.9438,0.2104,0.0771,20.610,-15.549,15.732,3,90
-0.9575,0.2158,0.0679,16.646,-16.098,14.939,3,90
0.3877,-0.4893,0.8823,-82.561,70.061,38.415,1,12
0.3013,-0.5059,0.8638,-102.378,60.793,40.427,1,12
0.2344,-0.5718,0.8213,-117.073,49.573,42.744,1,12
0.1626,-0.6626,0.7544,-125.793,38.293,44.573,1,12
0.0923,-0.7607,0.6841,-128.598,27.500,44.390,1,12
0.0405,-0.8667,0.6108,-124.878,17.805,42.561,1,12
-0.0127,-0.9590,0.5503,-114.939,10.305,39.390,1,12
-0.0518,-1.0264,0.4897,-101.341,4.817,35.488,1,12
0.7061,0.1558,-0.4058,-145.488,-5.061,-67.073,2,12
0.7192,0.1826,-0.4146,-150.244,-5.488,-67.622,2,12
0.7212,0.2109,-0.4238,-154.207,-5.854,-67.866,2,12
0.7305,0.2402,-0.4219,-157.561,-6.037,-68.720,2,12
0.7290,0.2832,-0.4150,-160.976,-6.098,-69.756,2,12
0.7349,0.3115,-0.4126,-163.963,-6.098,-70.610,2,12
0.7402,0.3496,-0.4126,-167.195,-6.402,-71.829,2,12
0.7412,0.3857,-0.3994,-170.000,-6.524,-72.988,2,12
-1.0366,0.2720,-0.0112,16.890,-26.037,7.500,3,90
-1.0381,0.2686,-0.0210,17.378,-26.524,7.073,3,90
-1.0488,0.2500,-0.0483,18.720,-28.537,6.524,3,90
-1.0474,0.2402,-0.0576,19.390,-29.268,6.098,3,90
-1.0439,0.2300,-0.0591,19.939,-31.341,4.451,3,90
-1.0425,0.2104,-0.0752,20.305,-32.866,3.171,3,90
-1.0464,0.2012,-0.0781,20.793,-34.146,2.134,3,90
-1.0391,0.1870,-0.0659,20.549,-35.610,0.671,3,90
-0.0864,-1.1040,0.3262,-11.463,28.232,11.951,1,12
-0.0747,-1.0913,0.3315,-5.061,37.622,12.378,1,12
-0.0635,-1.0640,0.3423,1.707,47.134,12.805,1,12
-0.0430,-1.0352,0.3574,8.780,56.280,13.780,1,12
-0.0195,-1.0225,0.3828,15.793,65.061,14.817,1,12
0.0190,-1.0127,0.3999,23.110,73.049,15.366,1,12
0.0474,-1.0161,0.4106,30.183,79.512,16.037,1,12
0.0942,-1.0156,0.4297,36.768,85.305,15.915,1,12
0.7290,0.7212,-0.3086,-168.841,-8.110,-82.866,2,12
0.7227,0.7593,-0.2798,-167.500,-9.024,-83.902,2,12
0.7275,0.7983,-0.2490,-166.524,-9.756,-84.573,2,12
0.7266,0.8335,-0.2207,-165.915,-10.488,-85.427,2,12
0.7178,0.8730,-0.1909,-165.183,-12.317,-85.976,2,12
0.7144,0.9067,-0.1758,-164.878,-13.415,-86.037,2,12
0.7134,0.9360,-0.1528,-164.085,-14.939,-86.524,2,12
0.7158,0.9595,-0.1211,-163.537,-16.341,-86.280,2,12
-1.0269,0.2261,0.0029,27.378,-41.829,-8.780,3,90
-1.0366,0.2158,0.0059,30.488,-42.195,-9.268,3,90
-1.0464,0.2158,0.0229,34.756,-41.951,-9.939,3,90
-1.0430,0.2212,0.0166,39.695,-42.012,-10.671,3,90
-1.0444,0.2192,-0.0063,44.451,-42.073,-10.854,3,90
-1.0488,0.2070,-0.0039,49.756,-42.195,-11.402,3,90
-1.0508,0.1841,-0.0176,54.085,-42.073,-11.707,3,90
-1.0576,0.1611,-0.0269,59.695,-42.378,-12.256,3,90
0.5151,-1.1689,0.5688,76.951,93.537,-16.402,1,12
0.5142,-1.1650,0.6113,79.329,90.793,-20.610,1,12
0.5073,-1.1650,0.6504,81.037,87.622,-24.634,1,12
0.4839,-1.1528,0.6787,81.707,83.963,-27.866,1,12
0.4546,-1.1533,0.7080,81.341,79.390,-31.341,1,12
0.4248,-1.1494,0.7192,79.573,75.122,-34.085,1,12
0.3892,-1.1572,0.7344,77.195,70.183,-36.402,1,12
0.3501,-1.1719,0.7285,75.000,65.549,-38.598,1,12
0.7549,1.0762,-0.0078,-151.707,-38.537,-73.780,2,12
0.7720,1.0786,-0.0112,-149.756,-42.256,-72.378,2,12
0.7705,1.0786,-0.0093,-147.927,-45.305,-70.305,2,12
0.7793,1.0796,-0.0117,-146.098,-48.720,-68.415,2,12
0.7827,1.0796,-0.0151,-144.268,-52.195,-66.707,2,12
0.7852,1.0815,-0.0137,-142.134,-55.854,-65.122,2,12
0.7959,1.0913,-0.0190,-140.305,-59.329,-63.598,2,12
0.7930,1.0938,-0.0229,-137.988,-62.683,-62.073,2,12
-1.0747,0.0059,-0.0527,94.146,-37.073,-16.890,3,90
-1.0547,0.0015,-0.0571,96.220,-36.159,-16.951,3,90
-1.0435,-0.0220,-0.0454,97.805,-35.366,-17.439,3,90
-1.0376,-0.0215,-0.0229,98.963,-34.390,-17.561,3,90
-1.0190,-0.0313,-0.0010,98.659,-33.902,-18.110,3,90
-1.0093,-0.0415,0.0186,97.988,-32.622,-18.171,3,90
-0.9951,-0.0469,0.0342,96.037,-32.256,-17.866,3,90
-0.9917,-0.0664,0.0430,94.146,-31.037,-17.622,3,90
0.0767,-1.1313,0.5352,77.256,66.037,-54.573,1,12
0.0576,-1.1035,0.5151,79.634,70.122,-55.000,1,12
0.0659,-1.0752,0.5024,82.012,74.451,-55.305,1,12
0.0669,-1.0400,0.4878,83.963,79.573,-55.610,1,12
0.0776,-1.0176,0.4873,86.707,83.963,-55.610,1,12
0.0835,-0.9937,0.4722,88.171,88.293,-55.366,1,12
0.0991,-0.9736,0.4766,89.878,92.134,-54.939,1,12
0.1338,-0.9487,0.4634,91.951,96.707,-54.512,1,12
0.8052,1.1367,-0.1084,-121.768,-93.902,-49.085,2,12
0.8018,1.1514,-0.1162,-120.305,-97.195,-47.683,2,12
0.8037,1.1685,-0.1299,-117.927,-100.244,-46.463,2,12
0.7954,1.1826,-0.1411,-115.793,-103.293,-45.061,2,12
0.7822,1.1987,-0.1597,-114.024,-106.159,-43.232,2,12
0.7837,1.2129,-0.1553,-112.073,-109.146,-41.707,2,12
0.7739,1.2339,-0.1733,-109.390,-111.524,-40.061,2,12
0.7598,1.2485,-0.1733,-107.683,-113.963,-38.171,2,12
-0.8213,0.0093,0.1465,63.902,-21.585,-14.573,3,90
-0.8091,0.0366,0.1567,58.841,-20.854,-14.207,3,90
-0.8003,0.0688,0.1611,54.207,-19.878,-13.963,3,90
-0.7930,0.0903,0.1685,48.963,-19.085,-13.598,3,90
-0.7920,0.1235,0.1709,44.024,-18.720,-12.988,3,90
-0.7905,0.1426,0.1763,40.000,-17.805,-12.622,3,90
-0.7808,0.1646,0.1650,36.768,-17.256,-11.829,3,90
-0.7832,0.1846,0.1587,34.939,-16.829,-11.280,3,90
-0.7803,0.1890,0.1382,33.720,-16.463,-10.549,3,90
-0.7817,0.1929,0.1475,32.195,-15.732,-9.939,3,90
-0.7808,0.2026,0.1465,30.671,-15.488,-10.305,3,90
-0.7837,0.2075,0.1436,29.024,-15.488,-10.000,3,90
-0.7734,0.2080,0.0933,26.585,-16.280,-10.000,3,90
-0.7764,0.2090,0.0918,23.476,-17.073,-10.366,3,90
-0.7871,0.2070,0.0850,19.817,-18.476,-10.854,3,90
-0.8081,0.1929,0.0576,15.976,-19.512,-11.768,3,90
0.4033,-0.9785,0.4399,60.976,94.268,-38.049,1,12
0.4004,-0.9897,0.4443,55.610,93.293,-36.524,1,12
0.4087,-1.0161,0.4390,50.061,92.744,-34.573,1,12
0.4092,-1.0273,0.4326,44.329,91.890,-33.232,1,12
0.4077,-1.0488,0.4209,38.780,90.915,-32.073,1,12
0.4072,-1.0615,0.4160,33.598,89.634,-30.793,1,12
0.4048,-1.0742,0.4053,27.988,88.720,-29.451,1,12
0.4111,-1.0771,0.3975,22.195,87.866,-28.780,1,12
0.4019,1.1782,-0.2075,-44.512,-153.720,-6.098,2,12
0.3896,1.1650,-0.2007,-40.549,-155.244,-4.695,2,12
0.3809,1.1641,-0.2095,-36.159,-156.707,-2.561,2,12
0.3701,1.1436,-0.2124,-31.829,-158.049,-1.098,2,12
0.3555,1.1377,-0.2075,-28.171,-159.573,0.549,2,12
0.3501,1.1167,-0.2075,-24.207,-160.793,2.378,2,12
0.3320,1.1094,-0.2021,-20.610,-161.707,4.085,2,12
0.3218,1.0977,-0.2007,-16.951,-163.171,5.854,2,12
-1.0015,0.1909,-0.0527,-1.646,-32.866,-22.805,3,90
-1.0117,0.2056,-0.0371,-0.671,-33.963,-24.207,3,90
-1.0195,0.2202,-0.0342,1.768,-35.183,-25.305,3,90
-1.0205,0.2417,-0.0400,4.451,-36.037,-26.280,3,90
-1.0132,0.2520,-0.0332,8.232,-36.646,-27.073,3,90
-0.9976,0.2593,-0.0044,12.988,-37.500,-27.073,3,90
-0.9707,0.2695,0.0039,17.866,-38.537,-27.317,3,90
-0.9517,0.2754,0.0249,23.476,-38.720,-27.378,3,90
0.3301,-1.0928,0.3506,-35.793,78.293,-30.671,1,12
0.3359,-1.0732,0.3398,-38.232,76.951,-31.098,1,12
0.3301,-1.0557,0.3325,-40.122,76.098,-31.829,1,12
0.3291,-1.0454,0.3232,-41.402,75.671,-32.317,1,12
0.3262,-1.0210,0.3179,-42.927,75.000,-32.988,1,12
0.3218,-1.0010,0.3022,-43.354,75.305,-33.841,1,12
0.3291,-0.9766,0.2793,-44.146,75.671,-34.085,1,12
0.3345,-0.9468,0.2583,-44.146,76.463,-35.000,1,12
0.2256,1.0352,-0.1748,6.402,-165.549,20.610,2,12
0.2065,1.0322,-0.1582,8.476,-165.000,22.439,2,12
0.2012,1.0400,-0.1587,10.244,-164.451,23.780,2,12
0.1904,1.0562,-0.1494,11.646,-163.354,25.488,2,12
0.1694,1.0576,-0.1475,13.049,-162.439,26.951,2,12
0.1626,1.0605,-0.1465,14.390,-161.280,28.537,2,12
0.1426,1.0688,-0.1655,15.488,-160.427,30.427,2,12
0.1367,1.0728,-0.1733,16.585,-159.268,31.890,2,12
-0.8232,0.3086,0.1606,64.634,-40.000,-20.732,3,90
-0.8188,0.3330,0.1855,68.049,-39.756,-19.329,3,90
-0.8325,0.3506,0.2236,71.159,-39.390,-17.622,3,90
-0.8584,0.3770,0.2759,74.085,-39.146,-15.854,3,90
-0.8896,0.4102,0.3301,76.098,-38.963,-13.780,3,90
-0.9189,0.4331,0.3823,76.463,-38.659,-11.585,3,90
-0.9624,0.4556,0.4077,76.098,-37.927,-9.451,3,90
-1.0044,0.4648,0.4453,75.671,-37.256,-6.890,3,90
0.4414,-0.7642,0.2954,-20.366,87.744,-36.829,1,12
0.4570,-0.7622,0.3237,-17.805,88.720,-36.646,1,12
0.4702,-0.7622,0.3569,-14.878,89.817,-36.159,1,12
0.4858,-0.7778,0.3770,-12.195,90.244,-35.671,1,12
0.4956,-0.7925,0.4048,-10.061,90.915,-34.573,1,12
0.4985,-0.8071,0.4209,-7.561,91.463,-33.659,1,12
0.5186,-0.8315,0.4375,-5.000,91.829,-32.439,1,12
0.5278,-0.8447,0.4531,-2.378,91.829,-31.524,1,12
0.0742,1.1523,-0.2295,23.841,-138.598,45.122,2,12
0.0801,1.1641,-0.2319,24.451,-134.817,46.524,2,12
0.0820,1.1826,-0.2305,24.451,-131.159,47.988,2,12
0.0840,1.1997,-0.2402,25.366,-127.317,49.512,2,12
0.0942,1.2188,-0.2476,25.976,-123.841,50.488,2,12
0.0972,1.2427,-0.2349,26.707,-120.244,51.707,2,12
0.0996,1.2632,-0.2261,26.524,-117.012,52.988,2,12
0.1060,1.2783,-0.2188,26.037,-113.720,54.146,2,12
-1.5142,-0.0137,0.3633,70.305,-16.707,-3.232,3,90
-1.5161,-0.0659,0.3540,69.878,-13.537,-5.793,3,90
-1.4966,-0.1011,0.3599,69.512,-10.549,-8.232,3,90
-1.4434,-0.1099,0.3813,70.122,-7.439,-10.793,3,90
-1.3687,-0.1118,0.3828,70.976,-4.024,-11.951,3,90
-1.2930,-0.0967,0.3516,70.976,-0.976,-13.171,3,90
-1.2241,-0.0859,0.3325,71.098,2.012,-13.659,3,90
-1.1548,-0.0752,0.3374,71.646,4.939,-13.598,3,90
0.6294,-0.9985,0.5347,-1.829,92.622,-23.841,1,12
0.6318,-1.0059,0.5425,-2.744,93.171,-22.683,1,12
0.6421,-1.0200,0.5522,-3.049,93.476,-21.280,1,12
0.6421,-1.0313,0.5562,-2.988,94.268,-20.183,1,12
0.6587,-1.0313,0.5698,-1.890,95.122,-17.988,1,12
0.6738,-1.0439,0.5781,-0.488,95.549,-16.524,1,12
0.6890,-1.0459,0.5898,0.976,96.829,-14.451,1,12
0.7012,-1.0513,0.5957,2.622,97.805,-12.744,1,12
0.1006,1.4336,-0.1626,25.061,-87.805,62.439,2,12
0.1025,1.4600,-0.1606,24.756,-84.451,63.110,2,12
0.0918,1.4775,-0.1523,24.512,-81.524,63.780,2,12
0.0850,1.4907,-0.1504,24.329,-78.293,64.024,2,12
0.0820,1.5107,-0.1519,23.293,-75.122,64.512,2,12
0.0776,1.5142,-0.1509,22.988,-71.951,65.122,2,12
0.0664,1.5376,-0.1533,22.134,-68.902,65.305,2,12
0.0576,1.5518,-0.1514,21.341,-65.793,65.610,2,12
-0.9849,-0.2231,0.1558,37.683,22.134,0.122,3,90
-1.0000,-0.2480,0.1348,33.537,22.378,0.732,3,90
-1.0234,-0.3022,0.1079,19.695,21.829,2.805,3,90
-1.0337,-0.3198,0.0967,14.756,21.646,2.988,3,90
-1.0430,-0.3491,0.0664,4.329,21.402,3.598,3,90
-1.0630,-0.3872,0.0259,-9.756,20.732,4.939,3,90
-1.0527,-0.4023,0.0103,-18.049,19.939,5.793,3,90
-1.0513,-0.4116,-0.0122,-26.402,19.573,6.463,3,90
0.8887,-1.0542,0.7002,13.171,101.463,7.927,1,12
0.8970,-1.0698,0.7305,14.085,100.671,11.220,1,12
0.9067,-1.0830,0.7583,15.000,100.488,14.634,1,12
0.9170,-1.1060,0.7900,15.732,99.573,18.110,1,12
0.9233,-1.1372,0.8398,15.610,99.085,21.220,1,12
0.9204,-1.1680,0.8721,15.549,97.988,24.451,1,12
0.9189,-1.2070,0.9082,15.183,97.012,28.110,1,12
0.9224,-1.2407,0.9331,13.963,95.488,31.098,1,12
-0.0391,1.6631,-0.2490,17.073,-37.988,65.976,2,12
-0.0542,1.6846,-0.2568,15.671,-34.878,65.610,2,12
-0.0679,1.6992,-0.2686,14.146,-31.768,66.098,2,12
-0.0815,1.7095,-0.2881,12.256,-28.598,66.280,2,12
-0.0977,1.7246,-0.2969,10.183,-25.305,66.768,2,12
-0.1118,1.7363,-0.3130,8.293,-22.439,67.378,2,12
-0.1313,1.7407,-0.3237,6.524,-19.695,67.988,2,12
-0.1392,1.7402,-0.3286,4.451,-17.134,68.780,2,12
-0.9961,-0.1250,0.0376,-89.939,12.012,8.415,3,90
-0.9956,-0.1074,0.0332,-94.573,11.037,8.659,3,90
-1.0103,-0.0874,0.0435,-98.049,10.427,8.598,3,90
-1.0156,-0.0635,0.0469,-100.732,9.878,8.354,3,90
-1.0073,-0.0444,0.0498,-103.232,9.695,7.744,3,90
-1.0088,-0.0332,0.0479,-104.695,9.268,7.439,3,90
-1.0132,-0.0176,0.0435,-105.427,9.207,6.890,3,90
-1.0161,-0.0190,0.0518,-105.915,9.024,6.280,3,90
-1.0225,-0.0098,0.0518,-105.366,9.329,5.427,3,90
-1.0264,0.0005,0.0400,-104.634,9.756,4.329,3,90
-1.0337,0.0166,0.0366,-103.659,10.305,3.354,3,90
-1.0479,0.0376,0.0479,-102.866,10.854,2.317,3,90
-1.0615,0.0620,0.0649,-101.646,11.159,0.915,3,90
-1.0601,0.0820,0.0664,-99.878,11.463,0.122,3,90
-1.0664,0.1016,0.0767,-97.927,11.402,-0.793,3,90
-1.0732,0.1167,0.1001,-95.488,11.768,-1.220,3,90
-1.0781,0.1406,0.1313,-93.171,12.134,-2.195,3,90
-1.0854,0.1543,0.1494,-90.732,12.744,-2.561,3,90
-1.1001,0.1714,0.1753,-88.476,13.232,-3.171,3,90
-1.1016,0.1860,0.1724,-85.305,13.598,-3.110,3,90
-1.1128,0.2036,0.1616,-81.890,13.780,-2.927,3,90
-1.1221,0.2124,0.1660,-78.902,13.902,-2.561,3,90
-1.1299,0.2070,0.1694,-76.098,13.963,-2.317,3,90
-1.1338,0.1719,0.1743,-73.841,13.902,-1.768,3,90
0.8896,-1.3618,0.7183,-37.317,14.268,39.085,1,12
0.9077,-1.3486,0.7031,-37.500,9.878,37.988,1,12
0.9224,-1.3306,0.6885,-36.707,5.610,37.134,1,12
0.9297,-1.3159,0.6660,-35.488,1.098,36.402,1,12
0.9438,-1.2930,0.6553,-33.598,-3.902,35.976,1,12
0.9561,-1.2700,0.6372,-31.159,-7.927,35.488,1,12
0.9780,-1.2515,0.6196,-28.659,-12.317,35.000,1,12
0.9907,-1.2280,0.6060,-25.732,-16.037,35.183,1,12
-0.4321,1.5356,-0.6118,27.378,27.561,83.659,2,12
-0.4370,1.5347,-0.6323,32.988,29.329,83.293,2,12
-0.4321,1.5405,-0.6426,38.171,30.671,82.134,2,12
-0.4409,1.5425,-0.6431,44.390,32.134,81.341,2,12
-0.4443,1.5435,-0.6440,50.427,33.476,80.122,2,12
-0.4458,1.5435,-0.6479,57.073,34.817,79.207,2,12
-0.4399,1.5391,-0.6479,63.476,36.280,77.683,2,12
-0.4458,1.5283,-0.6484,70.061,37.866,76.220,2,12
-1.1250,0.0483,0.2275,-68.110,20.671,-5.122,3,90
-1.1177,0.1421,0.2490,-71.829,20.305,-3.049,3,90
-1.1104,0.2305,0.2559,-75.000,20.244,-0.671,3,90
-1.1001,0.3008,0.2476,-77.866,20.000,2.256,3,90
-1.1050,0.3438,0.2349,-80.000,20.366,4.939,3,90
-1.0972,0.3467,0.2393,-81.890,20.305,7.683,3,90
-1.0942,0.3267,0.2275,-82.805,20.854,10.000,3,90
-1.0854,0.2749,0.2061,-82.012,21.098,11.646,3,90
1.2524,-1.0981,0.5879,-20.610,-44.207,33.659,1,12
1.2944,-1.1064,0.5830,-20.183,-47.439,33.841,1,12
1.3418,-1.1265,0.5688,-19.817,-50.915,33.720,1,12
1.3911,-1.1206,0.5728,-18.110,-54.451,33.780,1,12
1.4521,-1.1260,0.5786,-16.463,-57.805,33.598,1,12
1.5078,-1.1201,0.5757,-14.878,-60.854,33.659,1,12
1.5806,-1.0996,0.5752,-13.720,-63.902,32.866,1,12
1.6499,-1.0820,0.5825,-13.049,-67.134,32.317,1,12
-0.4287,1.3779,-0.5581,129.451,55.610,56.951,2,12
-0.4131,1.3496,-0.5498,135.183,57.866,54.024,2,12
-0.3970,1.3315,-0.5195,140.000,60.061,51.280,2,12
-0.3838,1.3062,-0.5029,144.390,62.073,48.232,2,12
-0.3696,1.2808,-0.4878,148.537,64.451,45.488,2,12
-0.3569,1.2617,-0.4736,152.134,66.280,42.317,2,12
-0.3462,1.2329,-0.4644,155.305,68.049,39.512,2,12
-0.3350,1.2124,-0.4399,157.866,69.634,36.524,2,12
-0.3223,1.1802,-0.4229,160.549,71.341,33.537,2,12
-0.3101,1.1543,-0.4165,162.683,73.415,30.366,2,12
-0.3018,1.1274,-0.3950,164.512,74.634,27.073,2,12
-0.2939,1.1069,-0.3730,166.037,75.610,23.537,2,12
-0.2817,1.0747,-0.3574,166.829,77.134,20.183,2,12
-0.2788,1.0542,-0.3374,167.561,78.537,17.012,2,12
-0.2646,1.0249,-0.3276,167.561,79.939,13.415,2,12
-0.2578,0.9971,-0.2988,167.073,81.280,9.756,2,12
-1.0845,0.3623,0.2959,-61.098,29.451,14.451,3,90
-1.0786,0.3774,0.2886,-57.805,30.061,15.427,3,90
-1.0776,0.3755,0.2866,-53.780,30.366,16.280,3,90
-1.0762,0.3716,0.3032,-48.841,30.183,17.622,3,90
-1.0767,0.3755,0.3164,-43.780,30.061,18.415,3,90
-1.0596,0.3843,0.3364,-38.598,30.488,18.902,3,90
-1.0376,0.3857,0.3267,-34.146,30.305,19.756,3,90
-1.0195,0.3799,0.3291,-30.732,29.573,20.793,3,90
3.2979,-0.3135,0.9614,-16.402,-179.390,13.720,1,12
3.3213,-0.2754,0.9775,-16.951,-184.512,13.415,1,12
3.4063,-0.2012,0.9829,-17.500,-194.085,12.500,1,12
3.4585,-0.1328,0.9951,-14.817,-206.768,10.549,1,12
3.4912,-0.0811,1.0288,-10.915,-226.402,7.622,1,12
3.5103,-0.0264,1.0854,-7.866,-238.720,4.390,1,12
3.5151,0.0337,1.1416,-4.573,-248.354,0.183,1,12
3.5034,0.0933,1.2178,-1.890,-256.524,-4.695,1,12
-1.0000,0.3750,0.3330,-27.927,28.537,21.341,3,90
-0.9844,0.3740,0.3135,-25.915,28.902,21.829,3,90
-0.9692,0.3560,0.2896,-23.780,28.598,22.073,3,90
-0.9497,0.3491,0.2583,-22.134,28.476,22.073,3,90
-0.9302,0.3423,0.2573,-20.854,28.171,21.646,3,90
-0.9067,0.3481,0.2583,-19.939,27.561,21.159,3,90
-0.8857,0.3667,0.2476,-20.244,27.439,20.366,3,90
-0.8691,0.3760,0.2417,-20.671,27.561,19.939,3,90
-0.8491,0.3789,0.2354,-20.854,26.768,19.756,3,90
-0.8203,0.3931,0.2339,-20.244,26.768,19.390,3,90
-0.8022,0.4063,0.2314,-19.512,26.037,18.780,3,90
-0.7729,0.4116,0.2188,-19.146,25.915,18.780,3,90
-0.7573,0.4131,0.1895,-18.232,25.305,18.598,3,90
-0.7358,0.4180,0.1782,-17.256,24.939,18.598,3,90
-0.7197,0.4297,0.1641,-15.976,24.451,18.537,3,90
-0.6948,0.4268,0.1377,-14.512,24.268,18.232,3,90
3.2554,0.6250,1.7734,-28.293,-317.073,-50.732,1,12
3.2451,0.7051,1.8013,-33.415,-326.402,-53.598,1,12
3.2290,0.8174,1.8179,-36.951,-336.280,-54.878,1,12
3.2119,0.9297,1.8340,-40.366,-346.159,-55.183,1,12
3.1782,1.0469,1.8374,-43.841,-355.305,-53.902,1,12
3.1445,1.1489,1.8564,-46.098,-363.110,-52.317,1,12
3.0923,1.2490,1.8491,-47.195,-368.902,-49.756,1,12
3.0449,1.3413,1.8618,-46.646,-372.805,-46.402,1,12
0.0195,0.4326,-0.0298,99.390,91.402,-44.573,2,12
0.0444,0.4023,-0.0317,95.976,91.341,-45.061,2,12
0.0708,0.3838,-0.0073,92.317,90.427,-45.488,2,12
0.0898,0.3594,-0.0024,89.268,89.695,-45.915,2,12
0.1211,0.3286,0.0088,85.732,88.902,-46.037,2,12
0.1538,0.3081,0.0117,81.707,88.110,-46.159,2,12
0.1938,0.2832,0.0264,78.232,87.439,-45.915,2,12
0.2212,0.2490,0.0342,74.817,86.646,-45.488,2,12
-0.6074,0.4087,-0.0093,-1.707,23.232,14.695,3,90
-0.6006,0.4043,-0.0034,-0.366,23.902,14.695,3,90
-0.6050,0.4038,-0.0049,1.463,24.268,14.329,3,90
-0.6074,0.3999,0.0063,3.720,24.878,14.085,3,90
-0.6035,0.3916,0.0059,6.463,25.732,14.329,3,90
-0.6025,0.3901,0.0200,11.098,25.671,14.451,3,90
-0.6006,0.3945,0.0542,15.915,25.183,15.000,3,90
-0.5928,0.3979,0.0684,21.280,24.146,15.976,3,90
2.3325,1.3706,2.0444,-68.293,-353.354,20.793,1,12
2.2456,1.2876,2.0093,-79.573,-348.598,32.805,1,12
2.1631,1.2339,1.9985,-92.195,-343.963,45.244,1,12
2.0728,1.1919,1.9912,-106.707,-339.268,58.171,1,12
1.9390,1.1411,1.9653,-132.561,-332.134,78.476,1,12
1.8516,1.0962,1.9360,-153.232,-328.049,92.561,1,12
1.7339,1.0425,1.8970,-175.244,-324.451,106.951,1,12
1.5869,0.9092,1.8799,-198.659,-320.427,122.256,1,12
1.4429,0.5132,1.6685,-231.037,-318.293,148.415,1,12
0.9121,-0.6851,1.7847,-298.354,-306.159,198.476,1,12
0.4287,-1.3232,1.2144,-323.780,-295.610,256.768,1,12
-0.0015,-1.3618,1.4053,-331.524,-287.439,305.488,1,12
-0.5391,-1.1035,2.0352,-316.037,-273.720,341.646,1,12
-1.4136,-0.8325,3.1333,-286.280,-271.585,370.610,1,12
-4.9497,-2.6821,1.9795,-215.549,-260.549,382.134,1,12
-15.7646,-5.4268,-2.1553,236.585,-83.659,89.146,1,12
0.8081,0.0122,0.0327,37.988,60.122,-28.354,2,12
0.8047,0.0107,0.0313,37.134,58.110,-28.293,2,12
0.7944,0.0083,0.0430,36.646,57.317,-28.293,2,12
0.7891,0.0034,0.0464,35.000,55.427,-28.963,2,12
0.7734,0.0000,0.0488,33.049,53.780,-30.000,2,12
0.7471,-0.0029,0.0459,30.061,52.500,-31.524,2,12
0.7192,-0.0200,0.0420,26.707,50.793,-33.841,2,12
0.6860,-0.0332,0.0273,25.549,50.244,-36.098,2,12
-0.5669,0.1274,-0.4014,45.305,26.524,19.268,3,90
-0.5547,0.1294,-0.4297,46.951,27.561,18.841,3,90
-0.5581,0.1172,-0.4487,47.378,28.476,18.171,3,90
-0.5723,0.0996,-0.4443,48.293,30.244,18.049,3,90
-0.6025,0.0615,-0.3862,52.073,33.049,17.683,3,90
-0.6250,0.0151,-0.3213,58.171,35.854,17.561,3,90
-0.6465,-0.0498,-0.2637,66.951,38.963,18.049,3,90
-0.6450,-0.0879,-0.2397,75.915,40.732,18.780,3,90
-1.7173,-7.7769,2.6626,105.244,-283.659,-74.268,1,12
-3.0830,-6.0200,3.1138,104.756,-154.024,50.732,1,12
-5.1680,-5.0757,2.9570,15.915,-27.317,73.476,1,12
-6.1748,-3.8140,2.3569,-162.012,89.756,11.646,1,12
-6.4790,-2.5635,1.9937,-249.817,148.659,6.646,1,12
-6.0093,-1.4141,2.1792,-265.000,140.305,31.829,1,12
-5.6470,-0.4131,2.1758,-274.878,121.890,67.073,1,12
-4.9326,0.0713,1.8853,-391.098,163.110,42.439,1,12
0.5391,0.0098,-0.1304,35.854,57.927,-60.366,2,12
0.5410,0.0181,-0.1465,37.256,58.902,-62.927,2,12
0.5381,0.0298,-0.1396,38.476,59.329,-65.061,2,12
0.5493,0.0469,-0.1519,39.451,59.939,-66.768,2,12
0.5571,0.0518,-0.1548,40.244,60.183,-67.744,2,12
0.5703,0.0439,-0.1475,41.159,60.366,-68.537,2,12
0.5874,0.0498,-0.1519,41.951,59.451,-68.841,2,12
0.6040,0.0449,-0.1660,43.232,58.902,-68.780,2,12
0.6230,0.0405,-0.1738,45.000,57.927,-68.598,2,12
0.6362,0.0454,-0.1870,46.463,56.341,-68.110,2,12
0.6484,0.0430,-0.1973,48.598,54.939,-67.378,2,12
0.6631,0.0469,-0.2070,50.244,52.866,-67.073,2,12
0.6738,0.0503,-0.2231,51.768,50.976,-66.768,2,12
0.6748,0.0439,-0.2451,52.927,48.841,-66.768,2,12
0.6758,0.0454,-0.2393,53.841,46.646,-66.585,2,12
0.6787,0.0601,-0.2568,54.573,44.451,-66.463,2,12
-0.5518,1.4673,0.0498,-155.793,38.476,-14.451,1,12
-0.5000,2.1899,-0.2271,-138.963,49.573,-51.159,1,12
-0.2192,1.8472,-0.2373,-115.000,54.695,-115.671,1,12
0.0234,1.8198,-0.2769,-95.244,59.329,-158.293,1,12
0.2310,1.7119,-0.3013,-71.402,61.341,-185.671,1,12
0.3945,1.6040,-0.3076,-41.890,61.280,-197.622,1,12
0.5381,1.4419,-0.3037,-10.732,58.293,-198.293,1,12
0.6147,1.2910,-0.2842,19.939,53.780,-189.939,1,12
0.6782,0.0664,-0.2671,54.878,42.012,-67.012,2,12
0.6733,0.0703,-0.2759,55.061,40.122,-66.951,2,12
0.6680,0.0859,-0.2856,55.000,37.927,-67.195,2,12
0.6592,0.0981,-0.2881,54.329,35.854,-67.012,2,12
0.6499,0.1133,-0.2886,52.927,33.963,-67.134,2,12
0.6396,0.1216,-0.2998,51.341,32.439,-66.829,2,12
0.6318,0.1348,-0.3052,49.329,30.366,-66.341,2,12
0.6133,0.1421,-0.3022,47.073,28.659,-65.549,2,12
-0.9009,0.3203,-0.0132,-54.024,-3.415,-6.585,3,90
-0.9253,0.3110,-0.0195,-47.317,-4.512,-5.549,3,90
-0.9512,0.3008,-0.0176,-41.098,-5.549,-4.817,3,90
-0.9775,0.2847,-0.0132,-36.220,-6.768,-4.390,3,90
-1.0015,0.2871,-0.0107,-32.134,-7.927,-4.390,3,90
-1.0181,0.2847,0.0039,-28.537,-9.085,-4.939,3,90
-1.0425,0.2954,-0.0010,-25.244,-9.939,-5.244,3,90
-1.0449,0.3057,0.0103,-21.951,-10.305,-5.976,3,90
0.6035,0.1470,-0.3062,44.756,26.768,-64.817,2,12
0.5884,0.1563,-0.3110,41.585,25.244,-64.085,2,12
0.5815,0.1670,-0.3071,38.963,23.415,-63.049,2,12
0.5781,0.1724,-0.3066,35.427,22.134,-61.646,2,12
0.5684,0.1714,-0.3032,31.524,21.098,-60.366,2,12
0.5742,0.1689,-0.3013,27.195,20.244,-58.415,2,12
0.5845,0.1753,-0.3027,22.256,19.268,-56.524,2,12
0.5879,0.1636,-0.2969,17.317,18.659,-54.634,2,12
0.6016,0.1523,-0.2969,11.768,18.171,-52.256,2,12
0.6201,0.1440,-0.2974,6.037,17.195,-49.573,2,12
0.6426,0.1333,-0.3003,-0.305,16.829,-47.195,2,12
0.6592,0.1294,-0.2993,-5.915,16.220,-45.183,2,12
0.6841,0.1118,-0.3022,-13.049,15.671,-43.110,2,12
0.7056,0.1172,-0.3135,-19.634,15.366,-41.280,2,12
0.7217,0.1147,-0.3032,-26.585,14.756,-39.817,2,12
0.7412,0.1123,-0.2993,-34.268,13.963,-38.780,2,12
-0.9985,0.3887,0.1030,18.902,-14.756,-6.037,3,90
-1.0220,0.3735,0.1289,29.085,-14.390,-4.390,3,90
-1.0337,0.3618,0.1362,38.476,-14.390,-2.378,3,90
-1.0352,0.3369,0.1431,48.110,-15.000,0.122,3,90
-1.0381,0.3159,0.1313,56.280,-15.183,2.744,3,90
-1.0474,0.2930,0.1279,62.073,-15.183,4.390,3,90
-1.0605,0.2646,0.1279,64.756,-15.427,5.244,3,90
-1.0630,0.2344,0.1016,66.159,-15.183,5.915,3,90
0.4185,-0.4165,0.6641,-146.707,13.110,59.756,1,12
0.3252,-0.3530,0.6089,-150.366,14.451,72.012,1,12
0.2700,-0.3052,0.5327,-149.512,24.451,67.866,1,12
0.2329,-0.2612,0.4551,-149.085,36.890,55.549,1,12
0.2197,-0.2231,0.4263,-150.671,47.683,42.561,1,12
0.2056,-0.1963,0.4126,-152.988,56.098,32.500,1,12
0.1855,-0.1846,0.3862,-154.451,61.098,26.585,1,12
0.1499,-0.1904,0.3643,-153.841,63.841,24.268,1,12
0.7656,0.2700,-0.3848,-98.659,9.512,-36.585,2,12
0.7622,0.2964,-0.4067,-104.695,9.085,-36.951,2,12
0.7603,0.3271,-0.4116,-110.427,8.841,-37.195,2,12
0.7607,0.3560,-0.4141,-115.976,9.085,-37.866,2,12
0.7441,0.3926,-0.4102,-121.037,9.085,-38.720,2,12
0.7505,0.4150,-0.4053,-125.488,8.720,-39.573,2,12
0.7437,0.4487,-0.4102,-129.390,8.415,-40.671,2,12
0.7466,0.4805,-0.4072,-133.049,8.049,-41.768,2,12
-1.1802,0.0542,0.0527,50.366,-20.549,2.256,3,90
-1.1973,0.0483,0.0386,46.890,-21.098,1.829,3,90
-1.1948,0.0693,0.0313,44.024,-21.341,1.098,3,90
-1.1978,0.0791,0.0366,41.159,-21.768,0.183,3,90
-1.2046,0.0874,0.0278,38.537,-22.012,-0.610,3,90
-1.2007,0.0894,0.0410,36.829,-22.134,-1.159,3,90
-1.2017,0.1045,0.0464,35.427,-22.378,-2.012,3,90
-1.1904,0.1226,0.0537,34.085,-22.439,-2.195,3,90
-0.0732,-0.4893,0.4380,20.610,75.671,26.829,1,12
-0.0537,-0.5278,0.4761,40.244,81.280,26.890,1,12
-0.0293,-0.5801,0.4985,56.159,87.012,27.073,1,12
0.0156,-0.6426,0.5068,68.171,92.073,27.622,1,12
0.0469,-0.7104,0.5181,78.537,96.890,27.927,1,12
0.0918,-0.7832,0.5049,86.646,101.890,27.683,1,12
0.1421,-0.8579,0.5000,95.488,106.829,27.622,1,12
0.1875,-0.9287,0.4873,104.451,111.585,27.073,1,12
0.7246,0.7661,-0.3252,-137.927,1.524,-52.134,2,12
0.7251,0.8052,-0.3091,-136.524,0.549,-53.659,2,12
0.7197,0.8438,-0.2793,-135.122,-0.671,-54.878,2,12
0.7261,0.8687,-0.2661,-134.085,-1.280,-55.976,2,12
0.7246,0.9028,-0.2451,-133.659,-1.829,-56.829,2,12
0.7236,0.9258,-0.2178,-133.780,-2.622,-57.378,2,12
0.7344,0.9590,-0.1924,-134.024,-3.902,-57.500,2,12
0.7314,0.9727,-0.1763,-134.878,-5.244,-57.500,2,12
-1.0967,0.1938,0.0459,43.720,-21.890,-3.659,3,90
-1.0928,0.1909,0.0483,45.671,-21.707,-3.476,3,90
-1.0742,0.1890,0.0703,47.439,-21.524,-3.354,3,90
-1.0654,0.1934,0.0732,48.841,-21.159,-3.232,3,90
-1.0547,0.1929,0.0762,49.878,-21.098,-3.232,3,90
-1.0464,0.1860,0.0908,51.037,-20.366,-3.049,3,90
-1.0337,0.1904,0.1016,51.890,-20.366,-2.683,3,90
-1.0298,0.1914,0.1025,53.110,-19.817,-2.683,3,90
0.6074,-1.1724,0.8950,145.488,130.183,-0.427,1,12
0.6260,-1.1934,0.9312,141.890,127.073,-2.805,1,12
0.6289,-1.2109,0.9512,138.537,122.012,-5.061,1,12
0.6289,-1.2476,0.9565,134.451,115.305,-7.439,1,12
0.6152,-1.2764,0.9526,130.854,107.378,-9.451,1,12
0.5913,-1.3081,0.9370,127.988,98.537,-11.341,1,12
0.5532,-1.3384,0.9009,124.817,89.268,-12.988,1,12
0.5049,-1.3599,0.8672,123.110,79.939,-14.573,1,12
0.7900,0.9736,-0.0527,-142.439,-27.134,-41.280,2,12
0.7871,0.9556,-0.0557,-142.988,-30.305,-39.146,2,12
0.7896,0.9365,-0.0435,-143.354,-32.988,-37.134,2,12
0.7905,0.9219,-0.0557,-143.415,-36.098,-35.244,2,12
0.7915,0.8984,-0.0415,-143.049,-39.268,-33.720,2,12
0.7881,0.8853,-0.0459,-142.378,-42.439,-32.012,2,12
0.7827,0.8682,-0.0430,-141.951,-45.305,-30.610,2,12
0.7852,0.8599,-0.0552,-140.488,-48.476,-29.451,2,12
-0.9878,0.2227,0.1216,59.085,-14.695,1.159,3,90
-0.9839,0.2192,0.1172,60.427,-14.085,1.524,3,90
-0.9839,0.2153,0.1069,61.646,-13.293,2.012,3,90
-0.9819,0.2183,0.0972,63.171,-12.805,2.561,3,90
-0.9937,0.2222,0.0923,64.634,-12.561,2.866,3,90
-0.9849,0.2129,0.0903,65.854,-12.073,3.415,3,90
-0.9917,0.2202,0.0806,67.256,-11.646,3.720,3,90
-0.9849,0.2271,0.0796,67.927,-11.220,3.841,3,90
0.0889,-1.2461,0.5176,127.195,61.341,-33.110,1,12
0.0728,-1.2256,0.4961,129.268,65.976,-34.817,1,12
0.0591,-1.1802,0.4863,131.646,70.915,-36.463,1,12
0.0508,-1.1465,0.4790,134.268,76.098,-38.110,1,12
0.0601,-1.1099,0.4717,136.707,81.280,-39.817,1,12
0.0684,-1.0771,0.4658,140.244,86.098,-41.768,1,12
0.0874,-1.0513,0.4688,143.598,90.549,-43.354,1,12
0.1074,-1.0283,0.4688,146.829,93.963,-45.305,1,12
0.7598,0.8589,-0.1035,-131.646,-72.866,-23.049,2,12
0.7549,0.8638,-0.1035,-130.793,-75.000,-21.890,2,12
0.7471,0.8755,-0.1152,-130.244,-77.378,-21.037,2,12
0.7397,0.8838,-0.1226,-129.268,-79.634,-19.695,2,12
0.7368,0.8979,-0.1372,-127.866,-81.829,-18.902,2,12
0.7192,0.9063,-0.1328,-126.037,-84.939,-17.500,2,12
0.7158,0.9185,-0.1577,-124.024,-87.195,-16.890,2,12
0.6919,0.9326,-0.1533,-121.707,-90.061,-15.488,2,12
-0.9038,0.1611,0.0327,66.646,-8.232,5.244,3,90
-0.9004,0.1465,0.0356,65.915,-7.927,5.671,3,90
-0.9048,0.1387,0.0493,65.183,-7.317,5.671,3,90
-0.9009,0.1230,0.0547,64.573,-6.707,5.732,3,90
-0.8960,0.1167,0.0474,63.232,-5.732,5.732,3,90
-0.8892,0.1011,0.0342,61.951,-5.427,6.037,3,90
-0.8813,0.0894,0.0332,60.793,-4.939,6.098,3,90
-0.8774,0.0933,0.0317,59.939,-4.207,5.976,3,90
0.6860,0.9590,-0.1548,-118.902,-92.805,-14.512,2,12
0.6592,0.9731,-0.1514,-116.280,-95.366,-13.720,2,12
0.6416,0.9888,-0.1523,-113.293,-97.805,-12.378,2,12
0.6235,0.9941,-0.1465,-110.122,-100.244,-11.280,2,12
0.6084,1.0054,-0.1465,-106.037,-102.561,-10.183,2,12
0.5894,1.0190,-0.1455,-101.829,-104.695,-9.146,2,12
0.5732,1.0176,-0.1484,-97.439,-106.646,-8.049,2,12
0.5576,1.0215,-0.1470,-92.744,-108.780,-7.195,2,12
0.5381,1.0239,-0.1465,-87.622,-110.671,-6.098,2,12
0.5195,1.0293,-0.1592,-82.500,-112.622,-5.244,2,12
0.5083,1.0322,-0.1528,-77.195,-114.085,-4.329,2,12
0.5010,1.0278,-0.1509,-72.195,-115.793,-3.476,2,12
0.4844,1.0254,-0.1523,-67.256,-117.317,-2.683,2,12
0.4707,1.0176,-0.1484,-62.500,-119.085,-1.829,2,12
0.4678,1.0088,-0.1348,-59.451,-120.305,-1.402,2,12
0.4604,0.9893,-0.1406,-57.195,-122.073,-0.732,2,12
-0.8369,0.0713,-0.0205,27.805,-3.537,5.061,3,90
-0.8374,0.0767,-0.0396,23.780,-3.537,4.512,3,90
-0.8442,0.0625,-0.0586,19.817,-3.902,4.451,3,90
-0.8364,0.0669,-0.0654,16.159,-4.512,4.085,3,90
-0.8389,0.0811,-0.0654,11.829,-5.732,2.805,3,90
-0.8340,0.0928,-0.0801,8.049,-6.524,1.585,3,90
-0.8398,0.0903,-0.0996,4.695,-7.439,0.305,3,90
-0.8335,0.0962,-0.0977,1.646,-8.354,-0.915,3,90
0.4761,-1.0083,0.3735,44.146,73.780,-35.915,1,12
0.4722,-0.9839,0.3652,40.732,73.963,-34.024,1,12
0.4775,-0.9570,0.3516,37.439,74.268,-31.707,1,12
0.4771,-0.9346,0.3403,34.695,74.146,-29.390,1,12
0.4751,-0.9087,0.3350,31.951,74.329,-27.378,1,12
0.4751,-0.8931,0.3418,28.476,74.390,-25.183,1,12
0.4722,-0.8755,0.3354,25.366,74.329,-23.171,1,12
0.4688,-0.8579,0.3198,21.646,74.085,-19.878,1,12
0.4229,0.7900,-0.1582,-37.744,-132.805,0.854,2,12
0.4268,0.7749,-0.1650,-37.012,-133.476,0.305,2,12
0.4292,0.7593,-0.1543,-36.890,-133.841,-0.305,2,12
0.4253,0.7480,-0.1499,-37.073,-134.695,-1.341,2,12
0.4209,0.7407,-0.1431,-37.744,-135.122,-1.707,2,12
0.4175,0.7251,-0.1445,-38.841,-135.793,-2.195,2,12
0.4077,0.7183,-0.1313,-39.817,-136.707,-2.622,2,12
0.4014,0.6997,-0.1392,-40.976,-137.744,-3.476,2,12
-0.8330,0.1938,-0.1162,-16.829,-17.012,-12.500,3,90
-0.8340,0.2061,-0.1289,-15.854,-18.171,-13.171,3,90
-0.8369,0.2124,-0.1294,-15.549,-19.329,-14.146,3,90
-0.8320,0.2183,-0.1235,-15.366,-20.427,-15.183,3,90
-0.8467,0.2275,-0.1055,-15.183,-21.585,-15.915,3,90
-0.8413,0.2344,-0.0952,-13.537,-22.134,-17.134,3,90
-0.8389,0.2500,-0.0923,-12.012,-22.805,-18.476,3,90
-0.8457,0.2617,-0.0972,-9.512,-23.598,-20.000,3,90
0.4380,-0.9600,0.2949,5.488,71.707,-10.854,1,12
0.4287,-0.9668,0.3042,3.659,71.768,-10.305,1,12
0.4360,-0.9771,0.3081,1.524,71.646,-10.122,1,12
0.4292,-0.9844,0.3232,-1.159,71.402,-9.939,1,12
0.4287,-0.9834,0.3325,-3.963,71.037,-10.244,1,12
0.4321,-0.9946,0.3486,-6.646,70.915,-10.305,1,12
0.4355,-0.9893,0.3574,-9.634,70.610,-10.183,1,12
0.4390,-0.9893,0.3555,-11.646,69.573,-10.305,1,12
0.3037,0.8154,-0.1831,-30.976,-135.488,-12.927,2,12
0.3013,0.8594,-0.1880,-30.122,-133.354,-13.902,2,12
0.2905,0.9116,-0.1802,-29.146,-131.098,-14.512,2,12
0.2876,0.9629,-0.1733,-27.317,-128.598,-14.695,2,12
0.2773,1.0225,-0.1914,-25.671,-126.768,-14.817,2,12
0.2666,1.0840,-0.1924,-23.232,-124.878,-14.085,2,12
0.2617,1.1289,-0.2056,-20.000,-123.598,-13.171,2,12
0.2495,1.1816,-0.1934,-16.463,-122.134,-11.829,2,12
-0.8574,0.3115,-0.0010,14.329,-29.878,-29.390,3,90
-0.8560,0.3340,0.0322,15.488,-29.939,-30.244,3,90
-0.8491,0.3472,0.0435,17.012,-30.732,-31.402,3,90
-0.8550,0.3765,0.0640,18.354,-31.341,-31.951,3,90
-0.8442,0.4038,0.0742,19.939,-31.890,-32.256,3,90
-0.8540,0.4263,0.0923,21.707,-32.500,-32.866,3,90
-0.8433,0.4458,0.0879,23.841,-33.110,-32.744,3,90
-0.8472,0.4766,0.0815,26.220,-33.415,-32.927,3,90
0.4951,-0.8696,0.4160,-17.439,57.866,-5.549,1,12
0.4951,-0.8750,0.4102,-16.707,57.317,-4.817,1,12
0.4868,-0.8677,0.4058,-15.610,56.402,-3.780,1,12
0.4878,-0.8853,0.3975,-14.817,56.098,-2.927,1,12
0.4888,-0.8892,0.3882,-13.293,55.915,-2.439,1,12
0.4834,-0.9097,0.3794,-11.768,56.220,-1.829,1,12
0.4805,-0.9341,0.3555,-9.085,56.707,-1.341,1,12
0.4785,-0.9478,0.3438,-6.646,57.500,-1.159,1,12
0.1699,1.3413,-0.0649,26.951,-119.390,14.634,2,12
0.1592,1.3389,-0.0352,32.866,-120.183,18.232,2,12
0.1572,1.3257,-0.0171,38.415,-120.244,21.768,2,12
0.1563,1.3325,0.0005,43.110,-120.061,25.183,2,12
0.1548,1.3345,0.0122,47.500,-119.634,28.720,2,12
0.1509,1.3525,0.0254,51.463,-119.268,32.317,2,12
0.1548,1.3677,0.0464,54.329,-117.988,36.402,2,12
0.1514,1.4077,0.0503,56.037,-116.098,43.598,2,12
-0.9019,0.4063,0.1221,59.756,-36.951,-32.378,3,90
-0.9023,0.3813,0.1772,61.463,-38.293,-32.622,3,90
-0.9014,0.3682,0.1772,62.256,-38.598,-32.561,3,90
-0.8994,0.3594,0.1362,64.024,-38.354,-31.829,3,90
-0.8965,0.3398,0.1084,64.512,-38.537,-31.768,3,90
-0.8975,0.3062,0.1470,64.390,-39.695,-31.463,3,90
-0.8916,0.3335,0.1401,64.573,-40.366,-31.890,3,90
-0.8896,0.3389,0.1113,62.988,-40.366,-31.890,3,90
0.4883,-0.9795,0.3247,6.768,65.549,-5.610,1,12
0.4902,-0.9751,0.3413,7.073,66.159,-6.646,1,12
0.4873,-0.9746,0.3530,6.524,66.524,-7.134,1,12
0.4976,-0.9829,0.3643,5.976,67.134,-8.415,1,12
0.4966,-0.9858,0.3877,5.305,67.317,-8.902,1,12
0.4917,-0.9819,0.4019,4.756,67.378,-9.878,1,12
0.5029,-0.9878,0.4224,4.207,67.988,-10.915,1,12
0.4956,-0.9873,0.4414,3.780,67.561,-11.402,1,12
0.0928,1.6616,-0.0854,34.878,-100.244,104.329,2,12
0.0781,1.6602,-0.1060,32.866,-97.317,109.634,2,12
0.0786,1.6533,-0.1011,31.951,-96.037,111.951,2,12
0.0674,1.6465,-0.1230,31.951,-92.073,116.341,2,12
0.0586,1.6387,-0.1436,32.927,-88.963,119.878,2,12
0.0557,1.6401,-0.1743,35.366,-83.049,124.085,2,12
0.0640,1.6538,-0.1899,37.622,-79.146,126.098,2,12
0.0703,1.6543,-0.2090,39.695,-75.000,128.110,2,12
-0.9175,0.0508,0.0679,48.232,-43.293,-25.488,3,90
-0.9116,0.0015,0.0684,45.244,-43.415,-25.549,3,90
-0.9155,-0.0649,0.0933,42.866,-44.329,-24.878,3,90
-0.9297,-0.1108,0.0981,40.671,-42.988,-24.390,3,90
-0.9365,-0.1563,0.0889,37.683,-42.256,-24.390,3,90
-0.9478,-0.2349,0.1064,34.024,-40.732,-24.024,3,90
-0.9751,-0.3057,0.1465,30.915,-39.390,-23.415,3,90
-1.0029,-0.3530,0.1958,27.256,-38.598,-23.476,3,90
0.5347,-0.9976,0.5610,-13.232,61.402,-17.683,1,12
0.5259,-1.0024,0.5620,-16.098,60.061,-17.744,1,12
0.5298,-1.0063,0.5571,-18.841,58.720,-17.500,1,12
0.5391,-1.0063,0.5435,-21.524,57.256,-17.500,1,12
0.5342,-1.0083,0.5347,-23.537,56.159,-17.073,1,12
0.5391,-1.0054,0.5186,-24.695,55.366,-16.463,1,12
0.5439,-0.9976,0.5127,-26.280,54.512,-15.488,1,12
0.5479,-0.9917,0.5034,-27.134,54.207,-14.634,1,12
0.1489,1.6445,-0.3623,58.293,-43.171,150.183,2,12
0.1450,1.6255,-0.3652,60.976,-40.488,152.683,2,12
0.1445,1.6060,-0.3789,64.085,-37.378,155.061,2,12
0.1436,1.5811,-0.3892,66.829,-35.000,157.317,2,12
0.1348,1.5581,-0.4116,69.268,-32.378,158.963,2,12
0.1260,1.5156,-0.4287,71.768,-30.122,160.549,2,12
0.1064,1.4917,-0.4492,74.146,-27.195,162.073,2,12
0.1006,1.4595,-0.4717,76.220,-24.939,162.866,2,12
-1.5737,-0.0728,0.3311,-6.280,-23.963,-12.683,3,90
-1.5981,-0.0244,0.2935,-10.183,-21.951,-12.683,3,90
-1.5977,-0.0088,0.2583,-13.049,-19.390,-12.622,3,90
-1.5576,-0.0249,0.2681,-14.695,-17.439,-12.378,3,90
-1.5078,-0.0522,0.3096,-15.549,-15.061,-13.171,3,90
-1.4229,-0.0649,0.3447,-15.854,-12.805,-13.415,3,90
-1.3291,-0.0908,0.3359,-16.768,-10.183,-13.049,3,90
-1.2363,-0.1274,0.3281,-18.049,-7.073,-12.195,3,90
0.6372,-0.8623,0.4829,-38.415,60.305,-4.268,1,12
0.6440,-0.8633,0.4878,-39.024,61.280,-2.744,1,12
0.6489,-0.8511,0.4893,-39.390,61.707,-1.159,1,12
0.6694,-0.8462,0.4966,-39.878,62.256,0.244,1,12
0.6782,-0.8530,0.5005,-40.122,62.622,2.256,1,12
0.6860,-0.8481,0.5225,-40.732,63.780,4.329,1,12
0.6929,-0.8545,0.5264,-41.037,64.146,6.159,1,12
0.7026,-0.8657,0.5435,-41.402,65.183,7.988,1,12
0.0503,1.2036,-0.5405,80.976,5.305,159.146,2,12
0.0596,1.1851,-0.5493,79.878,8.598,157.683,2,12
0.0645,1.1592,-0.5508,78.659,12.317,156.037,2,12
0.0728,1.1509,-0.5474,77.012,15.793,154.268,2,12
0.0884,1.1333,-0.5640,75.122,19.268,152.378,2,12
0.1040,1.1230,-0.5645,72.927,22.622,149.939,2,12
0.1221,1.1187,-0.5654,71.098,25.061,147.317,2,12
0.1328,1.1133,-0.5830,68.720,27.927,144.207,2,12
-0.9790,-0.2153,0.2061,-34.756,16.585,-2.256,3,90
-0.9927,-0.1987,0.1851,-35.488,18.537,-0.427,3,90
-1.0205,-0.1968,0.1851,-36.707,19.329,1.402,3,90
-1.0361,-0.1855,0.1621,-38.232,20.244,3.415,3,90
-1.0547,-0.1724,0.1138,-39.817,22.378,4.634,3,90
-1.0562,-0.1807,0.0679,-42.500,22.988,6.768,3,90
-1.0649,-0.1885,0.0620,-44.695,22.744,7.744,3,90
-1.0820,-0.1841,0.0874,-47.561,22.317,8.659,3,90
0.7749,-0.9233,0.6660,-41.220,69.512,27.439,1,12
0.7910,-0.9468,0.6880,-41.037,69.268,30.122,1,12
0.7881,-0.9585,0.6973,-40.793,68.902,32.256,1,12
0.7983,-0.9775,0.7075,-40.244,68.720,35.000,1,12
0.8018,-0.9922,0.7188,-39.695,68.415,37.683,1,12
0.8081,-1.0161,0.7227,-39.268,68.415,40.427,1,12
0.8027,-1.0439,0.7349,-38.415,68.415,44.329,1,12
0.8052,-1.0586,0.7344,-37.683,68.232,47.073,1,12
0.1187,1.2422,-0.6694,53.049,42.561,112.073,2,12
0.0986,1.2603,-0.6763,51.463,43.537,108.476,2,12
0.0894,1.2856,-0.6875,50.854,44.756,104.695,2,12
0.0757,1.3027,-0.6943,50.793,45.610,100.610,2,12
0.0610,1.3252,-0.7207,51.037,46.524,97.012,2,12
0.0474,1.3447,-0.7349,51.159,47.622,93.720,2,12
0.0259,1.3540,-0.7456,51.951,48.476,90.122,2,12
0.0181,1.3774,-0.7603,52.561,49.268,86.768,2,12
-1.0347,-0.1768,0.0474,-89.878,17.439,11.159,3,90
-1.0225,-0.1694,0.0479,-93.659,16.951,10.671,3,90
-1.0205,-0.1641,0.0244,-96.890,16.220,9.878,3,90
-1.0205,-0.1558,-0.0020,-98.049,16.463,9.085,3,90
-1.0259,-0.1401,-0.0063,-98.537,17.500,8.476,3,90
-1.0342,-0.1372,0.0010,-98.110,17.988,7.317,3,90
-1.0459,-0.1187,0.0132,-97.683,18.354,6.646,3,90
-1.0620,-0.0913,0.0718,-97.195,19.207,5.549,3,90
0.8022,-1.1836,0.6724,-8.963,58.110,65.671,1,12
0.8086,-1.1797,0.6465,-2.927,55.976,66.585,1,12
0.8018,-1.1660,0.6440,3.049,53.780,67.439,1,12
0.8257,-1.1675,0.6270,9.817,51.159,67.866,1,12
0.8252,-1.1572,0.6074,16.037,48.902,68.537,1,12
0.8438,-1.1499,0.6011,21.707,46.341,68.110,1,12
0.8540,-1.1479,0.5854,27.073,43.659,67.866,1,12
0.8687,-1.1479,0.5737,31.951,41.098,67.256,1,12
-0.0957,1.4419,-0.8262,72.439,54.878,57.561,2,12
-0.1069,1.4443,-0.8359,75.732,55.183,54.695,2,12
-0.1211,1.4468,-0.8433,79.695,55.671,51.890,2,12
-0.1182,1.4404,-0.8472,83.110,56.159,48.720,2,12
-0.1182,1.4390,-0.8535,87.195,56.402,45.854,2,12
-0.1191,1.4399,-0.8525,91.220,57.012,42.866,2,12
-0.1250,1.4336,-0.8540,95.488,57.378,39.634,2,12
-0.1323,1.4326,-0.8457,100.061,57.744,36.768,2,12
-1.1201,0.1182,0.1025,-85.915,24.146,1.707,3,90
-1.1357,0.1309,0.1235,-84.024,24.085,1.829,3,90
-1.1465,0.1411,0.1479,-81.585,23.659,2.073,3,90
-1.1538,0.1367,0.1543,-78.963,23.354,2.988,3,90
-1.1655,0.1299,0.1724,-76.463,23.720,3.659,3,90
-1.1665,0.1064,0.1802,-75.061,24.024,4.695,3,90
-1.1631,0.0698,0.1948,-73.963,24.634,4.756,3,90
-1.1611,0.0122,0.1797,-72.866,25.915,5.061,3,90
1.0796,-1.4082,0.6299,49.024,17.500,56.037,1,12
1.1118,-1.4438,0.6309,47.866,14.024,54.451,1,12
1.1455,-1.4707,0.6387,46.341,9.756,53.354,1,12
1.1865,-1.4912,0.6523,43.902,5.488,51.951,1,12
1.2275,-1.5024,0.6528,40.610,0.488,50.976,1,12
1.2979,-1.4966,0.6611,34.573,-6.951,49.695,1,12
1.3403,-1.4858,0.6680,29.268,-12.744,48.902,1,12
1.3887,-1.4536,0.6611,23.780,-18.659,48.476,1,12
-0.0713,1.3105,-0.7876,138.354,60.000,7.988,2,12
-0.0625,1.2813,-0.7739,142.195,60.183,4.207,2,12
-0.0420,1.2622,-0.7563,146.037,60.122,0.732,2,12
-0.0322,1.2437,-0.7290,149.573,60.732,-2.866,2,12
-0.0156,1.2256,-0.7183,153.476,60.671,-6.220,2,12
0.0034,1.1982,-0.7046,156.890,60.915,-10.000,2,12
0.0151,1.1860,-0.6777,160.488,60.488,-13.659,2,12
0.0313,1.1670,-0.6519,163.293,60.305,-17.561,2,12
-1.1421,0.1807,0.2505,-85.305,28.598,0.793,3,90
-1.1519,0.2588,0.2412,-88.720,28.354,3.293,3,90
-1.1582,0.3140,0.2275,-91.220,28.780,5.915,3,90
-1.1650,0.3291,0.2324,-91.585,29.329,8.415,3,90
-1.1655,0.3057,0.2490,-88.780,30.122,11.037,3,90
-1.1538,0.2720,0.2422,-84.573,30.427,13.476,3,90
-1.1353,0.2358,0.2026,-81.524,30.488,15.488,3,90
-1.1353,0.1812,0.1924,-79.756,30.488,16.220,3,90
1.9243,-1.1460,0.5591,-28.537,-84.817,46.402,1,12
2.0020,-1.1006,0.5562,-31.098,-91.890,46.402,1,12
2.0767,-1.0620,0.5601,-32.622,-98.780,46.402,1,12
2.1606,-1.0283,0.5679,-33.963,-105.366,46.707,1,12
2.2461,-0.9941,0.5640,-35.061,-111.159,46.402,1,12
2.3364,-0.9648,0.5674,-37.012,-116.707,46.463,1,12
2.4219,-0.9502,0.5801,-38.720,-122.683,46.707,1,12
2.4971,-0.9292,0.5859,-40.488,-127.988,46.707,1,12
0.1367,1.0352,-0.4063,177.317,55.061,-52.012,2,12
0.1445,1.0190,-0.3730,176.829,54.390,-55.488,2,12
0.1509,1.0044,-0.3433,176.463,53.354,-59.024,2,12
0.1650,0.9893,-0.3105,175.854,52.805,-62.683,2,12
0.1738,0.9629,-0.2866,175.122,51.829,-66.280,2,12
0.1890,0.9478,-0.2720,174.390,51.524,-69.634,2,12
0.1924,0.9355,-0.2617,173.963,50.366,-72.744,2,12
0.2080,0.9204,-0.2490,173.659,49.634,-75.854,2,12
-1.1055,0.2622,0.2920,-95.305,28.598,6.585,3,90
-1.0933,0.3105,0.3018,-95.427,28.171,6.098,3,90
-1.0664,0.3579,0.3169,-94.512,27.805,6.280,3,90
-1.0347,0.3799,0.2910,-92.988,26.951,7.744,3,90
-1.0088,0.4058,0.2734,-89.756,26.646,9.207,3,90
-0.9966,0.4341,0.2798,-86.890,26.829,10.122,3,90
-0.9839,0.4561,0.2935,-83.171,26.037,10.976,3,90
-0.9629,0.4814,0.2959,-79.390,25.000,11.341,3,90
3.1650,-0.7212,0.8296,-59.268,-194.390,34.085,1,12
3.2124,-0.6748,0.8633,-63.902,-203.537,29.756,1,12
3.2622,-0.6123,0.9077,-68.598,-211.890,24.451,1,12
3.3174,-0.5298,0.9360,-72.134,-221.037,18.598,1,12
3.3999,-0.3828,1.0005,-76.890,-235.122,9.878,1,12
3.4263,-0.2881,1.0659,-79.817,-244.634,4.756,1,12
3.4385,-0.1865,1.1235,-83.110,-253.902,0.305,1,12
3.4321,-0.0947,1.1807,-85.854,-261.524,-3.232,1,12
0.2393,0.7432,-0.1040,166.159,41.463,-99.085,2,12
0.2417,0.7095,-0.0879,165.976,40.610,-100.976,2,12
0.2402,0.6846,-0.0786,165.244,40.000,-102.439,2,12
0.2534,0.6616,-0.0684,165.183,39.024,-104.024,2,12
0.2485,0.6265,-0.0562,164.390,38.415,-105.427,2,12
0.2451,0.6040,-0.0293,163.415,37.195,-106.524,2,12
0.2607,0.5713,-0.0181,162.927,36.768,-108.110,2,12
0.2549,0.5415,-0.0044,161.951,35.976,-108.841,2,12
-0.7803,0.4697,0.2495,-40.610,19.634,14.939,3,90
-0.7529,0.4619,0.2231,-40.122,19.756,15.488,3,90
-0.7329,0.4414,0.1924,-39.573,19.573,15.183,3,90
-0.7104,0.4351,0.1733,-38.720,19.085,15.305,3,90
-0.6992,0.4248,0.1489,-37.561,18.902,14.756,3,90
-0.6982,0.4180,0.1260,-36.159,18.659,15.000,3,90
-0.6929,0.4141,0.1040,-34.634,18.659,15.061,3,90
-0.6792,0.4072,0.0894,-32.439,18.841,15.061,3,90
3.4165,0.7319,1.4111,-68.415,-308.841,-40.000,1,12
3.4043,0.8213,1.4575,-64.451,-311.463,-42.134,1,12
3.3940,0.9072,1.5122,-59.756,-312.988,-43.780,1,12
3.3853,0.9814,1.5576,-55.915,-313.598,-43.902,1,12
3.3589,1.0503,1.5933,-54.268,-314.024,-43.171,1,12
3.3467,1.0874,1.5967,-53.841,-313.841,-41.585,1,12
3.3193,1.0845,1.5854,-54.817,-313.476,-39.024,1,12
3.2954,1.0796,1.5615,-56.768,-313.049,-35.732,1,12
0.4019,0.2754,0.1147,152.683,34.207,-110.732,2,12
0.4312,0.2510,0.1372,150.671,33.598,-109.878,2,12
0.4595,0.2236,0.1426,149.207,33.171,-108.780,2,12
0.4751,0.1948,0.1675,147.195,32.866,-107.805,2,12
0.5049,0.1660,0.1968,144.634,32.439,-106.280,2,12
0.5361,0.1357,0.2046,141.646,31.768,-104.878,2,12
0.5703,0.1064,0.2251,138.415,30.732,-103.232,2,12
0.6084,0.0757,0.2314,135.122,30.000,-101.341,2,12
-0.6299,0.3662,0.1104,-14.695,19.390,15.915,3,90
-0.6235,0.3848,0.1040,-12.195,17.927,16.646,3,90
-0.6226,0.4019,0.0830,-11.159,17.805,17.500,3,90
-0.6367,0.3979,0.0425,-9.512,17.622,18.110,3,90
-0.6548,0.3789,0.0005,-7.012,17.561,18.659,3,90
-0.6748,0.3628,-0.0142,-3.354,17.378,19.756,3,90
-0.6909,0.3594,-0.0410,0.244,17.500,20.305,3,90
-0.7041,0.3491,-0.0425,4.146,17.561,20.915,3,90
2.6680,1.0869,1.8076,-137.866,-277.012,22.256,1,12
2.5728,1.0630,1.8203,-153.537,-272.561,32.073,1,12
2.4829,1.0381,1.8140,-169.207,-267.561,43.232,1,12
2.3965,1.0034,1.8013,-185.732,-262.073,54.451,1,12
2.2695,0.9751,1.7886,-211.707,-251.707,72.988,1,12
2.0649,0.8247,1.8242,-232.744,-244.329,90.549,1,12
1.7754,0.2388,1.9902,-278.354,-232.988,124.573,1,12
0.7124,-0.8569,1.6826,-295.000,-221.037,171.829,1,12
0.7979,-0.1045,0.2080,105.793,23.659,-77.439,2,12
0.7969,-0.1157,0.2026,101.280,23.720,-74.207,2,12
0.7983,-0.1201,0.1914,96.280,23.659,-71.463,2,12
0.7920,-0.1270,0.2021,90.549,24.451,-69.329,2,12
0.7813,-0.1396,0.1953,84.695,25.000,-67.256,2,12
0.7686,-0.1606,0.1821,79.207,26.037,-65.488,2,12
0.7622,-0.1729,0.1758,74.756,27.561,-63.963,2,12
0.7373,-0.1724,0.1694,70.305,28.354,-62.866,2,12
-0.7505,0.1787,-0.0674,28.659,15.061,22.073,3,90
-0.7388,0.1431,-0.0459,28.110,14.207,22.744,3,90
-0.7300,0.1157,-0.0361,25.366,13.720,22.622,3,90
-0.7124,0.1001,-0.0654,21.098,12.439,22.622,3,90
-0.7012,0.0815,-0.0781,15.793,12.134,22.378,3,90
-0.7046,0.0898,-0.0811,10.610,11.829,21.463,3,90
-0.7070,0.0894,-0.0615,5.610,11.646,20.305,3,90
-0.7100,0.0815,-0.0581,1.646,10.976,19.451,3,90
-16.0000,-11.7939,2.3032,747.744,-653.537,269.756,1,12
-10.5181,-6.2876,1.0288,518.659,-423.415,136.829,1,12
-5.0171,-6.3022,-0.6030,225.915,-364.573,-80.549,1,12
-3.7246,-6.9141,0.1904,63.537,-332.927,-187.866,1,12
-2.5737,-7.9917,2.0200,-91.585,-242.439,-230.854,1,12
-2.4600,-5.5376,2.9814,-39.268,-212.561,-197.805,1,12
-1.7349,-6.7212,4.3110,44.207,-176.829,-123.293,1,12
-3.5127,-4.7754,3.6064,35.854,-63.720,2.439,1,12
0.6201,-0.3159,0.1196,28.902,39.268,-63.841,2,12
0.6270,-0.3311,0.1006,27.683,40.427,-64.268,2,12
0.6348,-0.3491,0.0840,26.951,41.890,-64.939,2,12
0.6357,-0.3589,0.0762,26.768,43.049,-65.671,2,12
0.6514,-0.3711,0.0552,26.341,44.329,-66.524,2,12
0.6606,-0.3711,0.0396,25.915,45.549,-67.500,2,12
0.6743,-0.3755,0.0229,25.793,46.585,-69.024,2,12
0.6860,-0.3823,0.0068,24.939,47.378,-70.000,2,12
-0.9243,0.0684,-0.0933,-18.598,-1.585,15.000,3,90
-0.9487,0.0576,-0.0967,-20.000,-2.988,14.268,3,90
-0.9653,0.0454,-0.0820,-22.500,-4.085,12.927,3,90
-0.9868,0.0391,-0.0781,-25.915,-5.610,10.732,3,90
-0.9941,0.0459,-0.0488,-30.183,-7.073,8.902,3,90
-1.0166,0.0503,-0.0220,-35.854,-8.537,6.646,3,90
-1.0151,0.0601,0.0044,-41.463,-10.122,4.634,3,90
-1.0195,0.0830,0.0259,-48.293,-11.829,2.927,3,90
-2.6392,0.8213,1.0869,-272.744,205.915,25.732,1,12
-2.0356,1.2207,0.9141,-210.610,156.098,34.024,1,12
-1.6489,1.5737,0.7588,-157.317,113.354,30.671,1,12
-1.0200,2.0840,0.5293,-112.988,70.793,10.244,1,12
-0.8120,2.1675,0.4053,-97.683,63.720,-10.061,1,12
-0.6499,1.5630,0.2705,-93.537,66.646,-30.976,1,12
-0.5977,2.5127,-0.0435,-87.622,76.280,-57.134,1,12
-0.2759,2.0708,-0.0962,-73.354,82.439,-121.341,1,12
-0.0615,2.1099,-0.1680,-70.000,90.000,-160.305,1,12
0.1333,2.0322,-0.1963,-60.061,95.671,-184.085,1,12
0.2690,1.8813,-0.2173,-41.463,97.073,-192.927,1,12
0.3887,1.7090,-0.2119,-16.524,94.695,-192.439,1,12
0.5029,1.5049,-0.2109,7.805,89.695,-183.232,1,12
0.5679,1.2554,-0.2095,33.780,81.707,-169.756,1,12
0.6035,0.9873,-0.1826,61.524,74.756,-154.207,1,12
0.6230,0.6885,-0.1509,87.805,68.049,-138.171,1,12
0.6421,-0.1128,-0.3301,21.707,39.207,-69.634,2,12
0.6274,-0.1104,-0.3408,22.073,37.866,-68.232,2,12
0.6104,-0.0981,-0.3477,21.646,37.256,-67.622,2,12
0.5947,-0.0908,-0.3647,21.524,35.976,-66.220,2,12
0.5732,-0.0913,-0.3652,20.854,34.695,-64.512,2,12
0.5635,-0.0947,-0.3716,20.671,33.780,-62.988,2,12
0.5493,-0.1055,-0.3809,19.390,32.622,-61.768,2,12
0.5425,-0.1235,-0.3706,17.927,31.341,-59.817,2,12
-0.7471,0.6099,0.0415,-71.159,-39.512,-1.646,3,90
-0.7422,0.6479,0.0049,-61.768,-40.549,-0.610,3,90
-0.7441,0.6597,0.0059,-50.976,-41.524,0.122,3,90
-0.7642,0.6592,-0.0117,-39.390,-43.049,0.610,3,90
-0.7759,0.6509,-0.0400,-28.354,-43.963,1.951,3,90
-0.7842,0.6431,-0.0942,-16.646,-44.878,3.232,3,90
-0.7861,0.6162,-0.1563,-3.598,-45.061,4.024,3,90
-0.7871,0.5835,-0.2134,9.451,-45.244,4.451,3,90
0.7041,-0.7383,-0.0884,157.866,108.537,-50.854,1,12
1.4395,-1.5654,0.1475,154.390,117.622,-45.366,1,12
1.4658,-1.6045,0.0649,148.963,121.646,-37.012,1,12
1.4053,-1.5181,0.1401,141.707,123.110,-26.585,1,12
1.4712,-1.5464,0.2046,128.902,122.927,-20.366,1,12
1.5405,-1.5557,0.2451,117.500,120.915,-17.134,1,12
1.6030,-1.5698,0.2485,104.756,115.976,-16.646,1,12
1.6802,-1.5850,0.2144,91.098,108.598,-18.354,1,12
0.5684,-0.2974,-0.3262,-19.207,23.659,-47.988,2,12
0.5752,-0.2998,-0.3247,-25.915,23.232,-47.378,2,12
0.5898,-0.3027,-0.3271,-33.293,23.049,-46.463,2,12
0.6104,-0.2920,-0.3315,-40.854,23.049,-45.915,2,12
0.6216,-0.2778,-0.3301,-47.866,22.622,-44.939,2,12
0.6416,-0.2632,-0.3354,-54.695,22.439,-44.512,2,12
0.6616,-0.2422,-0.3530,-61.402,22.195,-44.207,2,12
0.6709,-0.2168,-0.3594,-68.049,21.890,-43.171,2,12
-0.7964,0.1133,-0.5962,101.524,-32.073,12.683,3,90
-0.7988,0.0498,-0.6157,108.232,-29.024,13.293,3,90
-0.7998,0.0103,-0.6299,114.878,-26.585,13.720,3,90
-0.8052,-0.0273,-0.6274,120.976,-24.024,14.939,3,90
-0.8491,-0.0659,-0.6470,127.012,-21.280,15.671,3,90
-0.8828,-0.0664,-0.7710,131.524,-15.854,17.500,3,90
-0.9272,-0.0425,-0.9043,139.085,-8.963,20.061,3,90
-0.9390,-0.0015,-0.9644,149.024,-1.646,24.085,3,90
0.2339,-0.8398,0.2041,-10.366,27.805,46.463,1,12
0.2104,-0.7368,0.2129,-7.012,38.232,38.659,1,12
0.2046,-0.6382,0.2334,-7.256,48.354,28.537,1,12
0.2085,-0.5415,0.2676,-12.500,56.585,21.220,1,12
0.2222,-0.4614,0.3340,-19.756,61.707,17.744,1,12
0.2275,-0.3979,0.4023,-28.171,64.207,16.646,1,12
0.2056,-0.3677,0.4429,-35.793,65.671,17.500,1,12
0.1860,-0.3682,0.4922,-42.073,65.244,20.061,1,12
0.7695,-0.0493,-0.4297,-126.829,3.476,-44.146,2,12
0.7695,-0.0288,-0.4468,-130.854,1.037,-45.122,2,12
0.7646,-0.0132,-0.4561,-134.451,-0.915,-46.463,2,12
0.7593,0.0049,-0.4658,-137.622,-2.988,-47.988,2,12
0.7476,0.0308,-0.4683,-140.488,-4.512,-49.573,2,12
0.7456,0.0630,-0.4834,-142.927,-6.220,-51.220,2,12
0.7378,0.1035,-0.4849,-145.610,-7.439,-52.988,2,12
0.7095,0.1348,-0.4863,-147.805,-8.780,-54.878,2,12
-0.8599,-0.1333,-0.2534,160.671,62.439,56.890,3,90
-0.7793,-0.2461,-0.1670,151.341,62.683,59.512,3,90
-0.7510,-0.3955,-0.0825,137.500,65.305,60.305,3,90
-0.7441,-0.5952,0.0811,125.732,67.195,58.171,3,90
-0.7202,-0.7998,0.2593,115.854,65.732,53.659,3,90
-0.6553,-0.9688,0.4204,104.939,59.573,46.951,3,90
-0.5913,-1.0913,0.5054,90.976,51.098,38.841,3,90
-0.5547,-1.1802,0.6079,77.805,42.622,30.854,3,90
0.0112,-0.8203,0.8379,6.585,43.110,37.256,1,12
0.0161,-0.8965,0.8516,12.988,38.963,37.195,1,12
0.0239,-0.9766,0.8501,18.171,34.695,36.402,1,12
0.0181,-1.0518,0.8335,22.683,30.305,34.756,1,12
0.0176,-1.1128,0.8149,26.280,25.793,32.622,1,12
0.0244,-1.1797,0.7910,30.305,22.195,29.268,1,12
0.0439,-1.2339,0.7446,34.634,19.939,25.915,1,12
0.0454,-1.2788,0.7129,39.573,18.659,21.463,1,12
0.5615,0.4780,-0.4771,-154.573,-22.439,-70.305,2,12
0.5625,0.5083,-0.4595,-155.305,-23.902,-70.793,2,12
0.5464,0.5273,-0.4561,-155.854,-25.305,-71.646,2,12
0.5547,0.5522,-0.4370,-156.341,-27.256,-72.073,2,12
0.5527,0.5688,-0.4448,-156.585,-29.085,-72.073,2,12
0.5547,0.5830,-0.4233,-157.012,-30.610,-72.195,2,12
0.5723,0.6011,-0.4209,-156.707,-32.622,-72.561,2,12
0.5854,0.6182,-0.4043,-156.585,-34.024,-72.317,2,12
-0.6597,-1.1152,0.2764,59.878,-25.366,-33.476,3,90
-0.7563,-0.7700,0.0942,57.317,-29.085,-32.012,3,90
-0.8970,-0.4595,-0.1338,40.244,-31.829,-30.793,3,90
-1.0635,-0.2051,-0.3789,15.549,-32.256,-29.268,3,90
-1.2524,0.0210,-0.6104,-10.976,-29.329,-25.549,3,90
-1.4204,0.2202,-0.8110,-35.183,-25.122,-19.268,3,90
-1.5737,0.4106,-0.9956,-54.756,-20.305,-12.378,3,90
-1.7451,0.6094,-1.0664,-67.622,-15.610,-7.134,3,90
0.3174,-1.3506,0.6460,55.183,39.451,-14.146,1,12
0.3545,-1.3457,0.6475,53.780,41.646,-15.854,1,12
0.3911,-1.3306,0.6489,52.134,42.256,-17.012,1,12
0.4224,-1.3149,0.6528,50.122,41.890,-18.110,1,12
0.4404,-1.2920,0.6514,48.902,40.671,-19.146,1,12
0.4541,-1.2788,0.6563,48.049,38.354,-19.878,1,12
0.4614,-1.2578,0.6504,47.256,35.183,-20.305,1,12
0.4507,-1.2451,0.6587,46.768,30.976,-20.610,1,12
0.4248,-1.2227,0.6494,46.402,26.768,-20.610,1,12
0.3994,-1.2017,0.6606,46.341,22.134,-20.854,1,12
0.3618,-1.1792,0.6606,46.341,18.232,-21.646,1,12
0.3193,-1.1631,0.6519,46.280,15.183,-23.354,1,12
0.2744,-1.1450,0.6436,45.976,12.317,-25.183,1,12
0.2280,-1.1318,0.6440,45.183,10.000,-25.976,1,12
0.1880,-1.1177,0.6328,44.817,8.537,-26.341,1,12
0.1553,-1.1162,0.6353,45.122,7.988,-26.220,1,12
0.1138,-1.1021,0.6353,45.427,8.537,-25.793,1,12
0.0840,-1.1030,0.6396,46.098,10.000,-25.305,1,12
0.0591,-1.0972,0.6362,46.402,13.049,-25.000,1,12
0.0498,-1.0923,0.6382,46.890,16.829,-24.695,1,12
0.0308,-1.0889,0.6406,47.805,20.915,-24.756,1,12
0.0186,-1.0952,0.6470,49.146,26.220,-25.183,1,12
0.0161,-1.0981,0.6377,51.037,31.463,-25.732,1,12
0.0269,-1.0923,0.6499,53.110,36.402,-25.793,1,12
-0.9653,0.2661,0.3662,11.646,-19.634,-67.378,3,90
-0.9521,0.4883,0.4243,7.500,-14.756,-69.695,3,90
-0.9106,0.6743,0.4639,11.037,-9.939,-66.707,3,90
-0.8628,0.8276,0.4775,20.610,-6.463,-60.122,3,90
-0.8086,0.9326,0.4199,33.963,-3.659,-51.402,3,90
-0.7671,0.9756,0.3179,50.976,-1.829,-43.354,3,90
-0.7383,0.9644,0.2134,69.939,-1.220,-38.476,3,90
-0.7305,0.9116,0.1318,89.329,-1.280,-36.768,3,90
0.0420,-1.0913,0.6597,56.037,43.354,-25.854,1,12
0.0640,-1.0840,0.6685,58.049,47.256,-25.976,1,12
0.0830,-1.0830,0.6694,59.268,49.878,-25.366,1,12
0.1099,-1.0815,0.6646,60.549,52.439,-24.878,1,12
0.1392,-1.0776,0.6616,60.488,53.415,-24.390,1,12
0.1631,-1.0786,0.6597,60.000,53.659,-23.780,1,12
0.1792,-1.0776,0.6421,59.024,53.110,-22.866,1,12
0.2065,-1.0796,0.6162,57.500,51.890,-22.012,1,12
0.6089,1.4951,-0.1401,-117.622,-94.756,-42.134,2,12
0.6123,1.5225,-0.1265,-114.390,-96.951,-39.207,2,12
0.6055,1.5308,-0.1294,-111.220,-99.756,-36.463,2,12
0.6143,1.5498,-0.1450,-107.683,-102.622,-33.110,2,12
0.6162,1.5464,-0.1660,-103.537,-105.610,-29.878,2,12
0.6113,1.5571,-0.1719,-98.780,-108.537,-26.220,2,12
0.6113,1.5547,-0.1851,-93.841,-111.220,-22.744,2,12
0.5952,1.5605,-0.1997,-89.451,-113.659,-19.024,2,12
-0.9063,-0.4023,-0.1675,173.659,-9.878,-46.159,3,90
-0.8857,-0.5249,-0.1577,168.293,-11.402,-45.488,3,90
-0.8716,-0.5986,-0.1357,157.866,-13.110,-43.841,3,90
-0.8740,-0.6523,-0.1201,143.720,-14.756,-40.671,3,90
-0.9033,-0.6572,-0.0996,125.366,-16.951,-37.134,3,90
-0.9507,-0.6372,-0.0854,104.512,-18.598,-32.744,3,90
-1.0024,-0.5903,-0.0693,82.195,-20.610,-28.963,3,90
-1.0693,-0.5313,-0.0537,59.329,-22.561,-26.220,3,90
0.2192,-1.1670,0.3472,45.915,37.622,-15.976,1,12
0.2114,-1.1646,0.3198,43.659,37.866,-15.671,1,12
0.2046,-1.1675,0.2944,41.098,38.354,-15.488,1,12
0.2070,-1.1665,0.2725,37.927,38.902,-15.732,1,12
0.1982,-1.1675,0.2422,34.878,40.061,-15.915,1,12
0.1948,-1.1670,0.2412,30.793,41.646,-16.463,1,12
0.1978,-1.1680,0.2329,26.220,43.415,-16.829,1,12
0.1826,-1.1592,0.2393,21.707,45.244,-17.500,1,12
0.4590,1.3970,-0.2871,-61.829,-130.610,9.024,2,12
0.4414,1.3687,-0.3042,-59.634,-131.280,12.012,2,12
0.4175,1.3486,-0.3208,-57.378,-131.037,14.878,2,12
0.4048,1.3242,-0.3320,-55.671,-131.037,17.683,2,12
0.3916,1.3018,-0.3384,-54.024,-130.976,20.244,2,12
0.3794,1.2739,-0.3535,-52.744,-130.549,22.561,2,12
0.3628,1.2539,-0.3569,-51.951,-130.122,25.061,2,12
0.3535,1.2266,-0.3599,-50.610,-129.695,27.195,2,12
-0.9023,-0.0435,0.1108,-57.439,-28.537,-35.305,3,90
-0.8999,-0.0034,0.1138,-58.659,-28.537,-35.610,3,90
-0.9302,0.1440,0.1191,-63.049,-28.415,-35.854,3,90
-0.9355,0.1890,0.1265,-63.841,-28.293,-35.610,3,90
-0.9839,0.3125,0.1445,-64.146,-28.171,-35.122,3,90
-1.0186,0.3662,0.1528,-61.463,-27.927,-34.390,3,90
-1.0522,0.3887,0.1479,-56.768,-27.317,-32.988,3,90
-1.0791,0.4102,0.1377,-49.268,-26.280,-31.768,3,90
0.2520,-1.1367,0.2109,-23.049,54.268,-28.415,1,12
0.2695,-1.1206,0.2080,-27.622,54.390,-29.268,1,12
0.2783,-1.1050,0.2065,-31.707,54.634,-30.122,1,12
0.2881,-1.0825,0.2104,-35.305,55.061,-30.854,1,12
0.2998,-1.0566,0.2065,-39.024,55.244,-31.829,1,12
0.3086,-1.0356,0.1953,-42.744,55.732,-32.744,1,12
0.3081,-1.0117,0.1948,-46.098,55.976,-33.598,1,12
0.3193,-0.9873,0.2012,-49.939,56.280,-34.573,1,12
0.2725,0.9893,-0.3457,-40.183,-122.317,39.878,2,12
0.2651,0.9624,-0.3403,-39.207,-121.341,40.671,2,12
0.2617,0.9307,-0.3311,-38.049,-120.183,41.524,2,12
0.2588,0.9106,-0.3247,-37.073,-119.024,42.195,2,12
0.2549,0.8921,-0.3237,-35.488,-118.110,42.988,2,12
0.2461,0.8618,-0.3062,-34.268,-116.768,43.476,2,12
0.2456,0.8320,-0.3013,-33.171,-116.037,43.963,2,12
0.2397,0.8184,-0.2891,-31.829,-114.634,44.329,2,12
-0.8594,0.4395,0.1045,60.671,-13.110,-34.573,3,90
-0.8130,0.4238,0.1401,75.427,-11.159,-34.756,3,90
-0.7954,0.3984,0.1748,89.634,-9.207,-33.902,3,90
-0.7856,0.3638,0.2046,102.927,-7.683,-32.195,3,90
-0.8003,0.3159,0.2290,114.939,-5.488,-29.390,3,90
-0.8311,0.2642,0.2461,125.671,-3.293,-26.341,3,90
-0.8765,0.2056,0.2476,134.451,-1.402,-23.049,3,90
-0.9097,0.1357,0.2529,141.341,0.671,-19.695,3,90
0.3091,-0.8950,0.1294,-67.866,62.500,-37.805,1,12
0.3125,-0.8862,0.1338,-67.500,64.268,-37.317,1,12
0.3159,-0.8823,0.1436,-67.195,66.951,-36.585,1,12
0.3130,-0.8760,0.1606,-67.378,69.939,-36.037,1,12
0.3218,-0.8564,0.1631,-67.500,72.805,-35.244,1,12
0.3271,-0.8521,0.1685,-67.683,76.098,-34.146,1,12
0.3320,-0.8315,0.1714,-67.866,78.841,-33.293,1,12
0.3374,-0.8140,0.1738,-68.049,81.890,-32.134,1,12
0.2368,0.7002,-0.2261,-25.732,-103.720,44.695,2,12
0.2422,0.6968,-0.2256,-25.793,-102.439,44.268,2,12
0.2349,0.6885,-0.2285,-26.341,-101.280,44.268,2,12
0.2500,0.6841,-0.2305,-26.768,-100.000,44.024,2,12
0.2520,0.6855,-0.2295,-27.683,-98.171,43.659,2,12
0.2646,0.6880,-0.2256,-28.537,-96.890,42.622,2,12
0.2725,0.6812,-0.2310,-30.061,-95.183,41.768,2,12
0.2852,0.6812,-0.2378,-31.341,-93.110,40.854,2,12
-1.1060,-0.2651,0.2446,131.646,16.037,-3.110,3,90
-1.0991,-0.2617,0.2183,123.963,16.463,-3.598,3,90
-1.1870,-0.3188,0.1313,124.146,18.841,-16.951,3,90
-1.0557,-0.2412,0.2646,111.463,16.524,-23.598,3,90
-1.0679,-0.1445,0.2261,100.122,19.390,-7.134,3,90
-1.0806,-0.1221,0.1938,84.451,20.610,-2.012,3,90
-1.0542,-0.1250,0.1851,74.573,20.976,-2.927,3,90
-1.0342,-0.1011,0.1929,67.317,20.854,-4.085,3,90
0.4814,-0.7144,0.1787,-55.610,101.524,-22.683,1,12
0.4976,-0.7070,0.1895,-53.171,103.354,-21.280,1,12
0.5059,-0.7085,0.1914,-50.244,105.183,-19.573,1,12
0.5156,-0.7041,0.2217,-47.439,106.951,-17.683,1,12
0.5166,-0.7046,0.2568,-43.841,108.902,-15.671,1,12
0.5347,-0.7085,0.2959,-40.061,111.037,-13.049,1,12
0.5254,-0.7227,0.3306,-36.585,112.805,-10.305,1,12
0.5435,-0.7324,0.3560,-33.354,114.634,-7.134,1,12
0.3398,0.7617,-0.2778,-40.122,-77.561,22.561,2,12
0.3413,0.7788,-0.2681,-40.915,-75.976,20.122,2,12
0.3442,0.8022,-0.2627,-41.768,-74.451,18.232,2,12
0.3413,0.8286,-0.2578,-42.317,-73.110,16.159,2,12
0.3447,0.8560,-0.2661,-42.073,-71.890,14.268,2,12
0.3262,0.8818,-0.2603,-42.561,-71.098,12.744,2,12
0.3213,0.9033,-0.2583,-42.500,-70.122,11.159,2,12
0.3130,0.9282,-0.2607,-42.378,-69.268,10.183,2,12
-0.9570,-0.0605,0.0366,22.988,22.927,1.890,3,90
-0.9678,-0.0835,0.0229,17.378,22.866,2.073,3,90
-0.9668,-0.0913,0.0347,12.317,22.561,2.866,3,90
-0.9595,-0.1035,0.0356,6.585,21.890,3.232,3,90
-0.9624,-0.1040,0.0103,0.366,21.524,3.415,3,90
-0.9531,-0.1172,0.0020,-5.305,21.037,4.207,3,90
-0.9404,-0.1245,-0.0112,-10.427,19.939,4.939,3,90
-0.9541,-0.1211,-0.0166,-16.220,18.841,5.122,3,90
0.5815,-0.8486,0.4204,-3.415,119.268,17.195,1,12
0.5840,-0.8579,0.4009,-0.244,119.695,18.415,1,12
0.5923,-0.8755,0.3818,2.805,120.061,18.902,1,12
0.6079,-0.8911,0.3755,5.183,120.244,19.451,1,12
0.6104,-0.9136,0.3794,7.500,121.098,20.000,1,12
0.6147,-0.9253,0.3828,8.659,121.585,20.671,1,12
0.6104,-0.9429,0.3921,9.695,121.707,21.402,1,12
0.6108,-0.9604,0.4170,10.427,122.256,22.256,1,12
0.1992,1.1187,-0.2529,-39.329,-57.622,8.232,2,12
0.1885,1.1362,-0.2461,-38.963,-55.915,7.866,2,12
0.1821,1.1538,-0.2480,-38.598,-53.902,7.744,2,12
0.1777,1.1753,-0.2368,-38.659,-52.134,7.256,2,12
0.1714,1.1934,-0.2339,-38.902,-50.549,7.195,2,12
0.1655,1.2109,-0.2393,-38.963,-48.659,7.195,2,12
0.1543,1.2129,-0.2300,-39.695,-47.195,7.073,2,12
0.1396,1.2295,-0.2236,-39.939,-45.488,7.317,2,12
-0.9292,0.0288,-0.0386,-44.634,7.622,8.415,3,90
-0.9229,0.0249,-0.0444,-44.634,6.585,8.415,3,90
-0.9233,0.0317,-0.0674,-43.720,5.610,8.354,3,90
-0.9209,0.0352,-0.0811,-42.500,4.756,8.476,3,90
-0.9170,0.0225,-0.0996,-40.671,3.354,8.780,3,90
-0.9292,0.0259,-0.0801,-38.293,2.073,9.268,3,90
-0.9292,0.0322,-0.0732,-37.073,0.671,9.207,3,90
-0.9258,0.0371,-0.0742,-36.280,-0.488,9.573,3,90
0.6143,-1.1177,0.6230,13.232,121.220,32.134,1,12
0.6104,-1.1362,0.6182,11.220,119.634,32.866,1,12
0.6099,-1.1538,0.6084,9.268,117.683,32.561,1,12
0.6255,-1.1606,0.5884,6.707,116.037,32.500,1,12
0.6245,-1.1675,0.5630,4.207,114.146,31.829,1,12
0.6328,-1.1797,0.5488,1.524,112.134,31.159,1,12
0.6372,-1.1851,0.5254,-0.488,110.549,30.488,1,12
0.6333,-1.1938,0.5142,-2.561,108.780,29.634,1,12
0.0635,1.2720,-0.2222,-40.671,-33.780,16.707,2,12
0.0576,1.2739,-0.2275,-41.402,-32.988,17.805,2,12
0.0527,1.2734,-0.2266,-41.220,-32.012,18.720,2,12
0.0547,1.2695,-0.2383,-40.854,-30.671,20.366,2,12
0.0430,1.2725,-0.2451,-40.854,-29.329,21.707,2,12
0.0347,1.2729,-0.2520,-40.488,-27.805,23.354,2,12
0.0396,1.2739,-0.2603,-40.427,-26.341,25.122,2,12
0.0488,1.2798,-0.2637,-40.000,-24.878,26.646,2,12
-0.9531,0.1650,0.0332,-42.378,-8.476,8.049,3,90
-0.9590,0.1704,0.0493,-43.293,-8.902,7.439,3,90
-0.9634,0.1577,0.0547,-43.476,-8.841,7.195,3,90
-0.9595,0.1563,0.0610,-43.720,-9.146,6.768,3,90
-0.9595,0.1460,0.0596,-43.293,-9.146,6.220,3,90
-0.9639,0.1357,0.0552,-41.707,-9.085,5.732,3,90
-0.9604,0.1328,0.0679,-39.939,-9.329,5.183,3,90
-0.9707,0.1460,0.0693,-38.902,-9.451,4.695,3,90
0.5645,-1.2856,0.6128,-18.720,96.768,28.171,1,12
0.5527,-1.3027,0.6304,-19.451,95.000,28.049,1,12
0.5498,-1.3115,0.6445,-20.305,93.232,27.622,1,12
0.5396,-1.3247,0.6353,-21.037,90.915,27.134,1,12
0.5347,-1.3296,0.6489,-22.012,88.780,26.280,1,12
0.5308,-1.3354,0.6323,-22.988,86.341,25.366,1,12
0.5322,-1.3457,0.6240,-24.451,83.720,24.268,1,12
0.5215,-1.3472,0.6089,-25.244,81.220,22.866,1,12
0.5386,-1.3481,0.5825,-26.768,78.354,21.341,1,12
0.5361,-1.3574,0.5562,-27.927,76.159,19.451,1,12
0.5439,-1.3560,0.5420,-28.780,73.659,18.049,1,12
0.5439,-1.3608,0.5269,-30.000,71.646,16.280,1,12
0.5498,-1.3618,0.5176,-31.220,69.207,14.878,1,12
0.5537,-1.3594,0.4990,-32.561,67.256,13.780,1,12
0.5625,-1.3525,0.4893,-33.049,64.817,12.622,1,12
0.5688,-1.3423,0.4800,-33.171,63.049,11.768,1,12
0.0098,1.2456,-0.3916,-15.000,-3.232,46.098,2,12
0.0034,1.2339,-0.4048,-12.988,-2.195,46.524,2,12
0.0010,1.2251,-0.4028,-10.244,-0.854,46.646,2,12
0.0059,1.2100,-0.3994,-8.049,0.488,46.768,2,12
0.0015,1.1958,-0.4048,-5.915,2.317,46.463,2,12
0.0059,1.1895,-0.4116,-3.841,3.476,46.524,2,12
0.0020,1.1855,-0.4014,-2.012,5.183,45.793,2,12
0.0010,1.1826,-0.3960,-0.427,6.646,45.671,2,12
-0.9648,0.0869,0.0835,-21.890,-8.171,3.659,3,90
-0.9648,0.0845,0.0830,-23.659,-7.683,3.476,3,90
-0.9614,0.0864,0.0869,-25.305,-7.805,3.598,3,90
-0.9609,0.0879,0.0850,-27.134,-7.500,3.415,3,90
-0.9604,0.0864,0.0820,-28.659,-7.622,3.293,3,90
-0.9629,0.0820,0.0825,-30.610,-7.683,3.780,3,90
-0.9575,0.0815,0.0825,-32.317,-7.683,3.354,3,90
-0.9556,0.0806,0.0747,-34.512,-7.561,3.537,3,90
0.6318,-1.2231,0.4482,-27.622,47.378,12.378,1,12
0.6304,-1.2188,0.4326,-27.439,45.183,12.378,1,12
0.6353,-1.2056,0.4185,-27.927,43.232,11.890,1,12
0.6426,-1.2100,0.4199,-28.049,41.402,12.073,1,12
0.6504,-1.2080,0.4023,-27.988,39.939,11.890,1,12
0.6543,-1.2114,0.3906,-28.049,38.171,11.951,1,12
0.6567,-1.2134,0.3940,-27.561,36.524,11.951,1,12
0.6606,-1.2134,0.3765,-26.768,35.244,11.951,1,12
-0.0205,1.1792,-0.4082,16.402,13.963,41.951,2,12
-0.0181,1.1807,-0.4102,18.476,14.573,41.159,2,12
-0.0254,1.1895,-0.4131,20.732,15.610,40.488,2,12
-0.0322,1.1968,-0.4165,22.988,16.463,39.939,2,12
-0.0400,1.2075,-0.4204,24.939,17.500,38.963,2,12
-0.0498,1.2163,-0.4316,26.890,18.537,38.354,2,12
-0.0576,1.2168,-0.4355,29.024,19.512,37.378,2,12
-0.0669,1.2310,-0.4390,31.402,20.427,36.524,2,12
-0.9829,0.0381,0.0776,-47.988,-6.098,2.378,3,90
-0.9912,0.0420,0.0913,-48.293,-5.976,2.195,3,90
-0.9888,0.0513,0.0933,-47.378,-5.366,2.866,3,90
-0.9854,0.0640,0.1050,-46.951,-5.305,3.171,3,90
-0.9917,0.0635,0.0884,-46.098,-4.207,3.780,3,90
-0.9961,0.0645,0.0908,-45.366,-3.537,4.329,3,90
-1.0020,0.0586,0.0957,-44.390,-2.805,4.634,3,90
-1.0078,0.0649,0.0996,-43.963,-2.317,4.634,3,90
0.7207,-1.1938,0.4170,-27.927,21.951,12.988,1,12
0.7388,-1.1987,0.4141,-29.329,19.878,12.622,1,12
0.7456,-1.2007,0.4185,-31.037,17.500,12.622,1,12
0.7603,-1.1958,0.4131,-32.622,15.183,12.744,1,12
0.7798,-1.1890,0.4126,-33.841,12.317,12.500,1,12
0.8037,-1.1924,0.4033,-35.305,8.354,12.744,1,12
0.8271,-1.1797,0.4072,-35.915,5.427,13.049,1,12
0.8472,-1.1709,0.4004,-35.793,2.622,13.415,1,12
-0.1108,1.2886,-0.5098,49.817,33.659,30.610,2,12
-0.1167,1.2886,-0.5054,52.012,35.366,29.695,2,12
-0.1206,1.3071,-0.5034,54.695,37.439,28.902,2,12
-0.1191,1.3130,-0.5088,56.768,39.329,27.988,2,12
-0.1284,1.3169,-0.5039,59.085,41.402,27.073,2,12
-0.1255,1.3311,-0.5093,61.098,43.841,26.220,2,12
-0.1318,1.3457,-0.5015,63.110,45.854,25.183,2,12
-0.1367,1.3491,-0.5000,65.671,48.171,24.268,2,12
-1.0791,0.0586,0.1284,-42.927,3.720,5.976,3,90
-1.0850,0.0654,0.1230,-42.988,3.902,6.280,3,90
-1.0913,0.0562,0.1377,-42.988,4.451,6.951,3,90
-1.0947,0.0547,0.1401,-43.537,4.817,7.195,3,90
-1.0991,0.0479,0.1294,-42.805,5.244,7.622,3,90
-1.0977,0.0503,0.1255,-42.622,5.915,7.805,3,90
-1.1006,0.0415,0.1299,-43.780,6.037,7.805,3,90
-1.1060,0.0298,0.1323,-45.244,6.037,8.110,3,90
1.0010,-1.0254,0.4756,-21.220,-24.207,20.244,1,12
1.0166,-0.9893,0.4829,-18.293,-27.500,20.732,1,12
1.0449,-0.9761,0.4971,-16.220,-30.671,21.463,1,12
1.0596,-0.9585,0.4946,-14.085,-34.085,21.890,1,12
1.0879,-0.9448,0.5083,-12.622,-37.805,22.561,1,12
1.1147,-0.9404,0.5054,-11.768,-41.524,23.171,1,12
1.1372,-0.9438,0.5083,-10.976,-45.183,23.780,1,12
1.1563,-0.9580,0.5054,-10.488,-49.268,24.695,1,12
-0.1216,1.4688,-0.4375,82.622,67.134,15.915,2,12
-0.1157,1.4795,-0.4258,85.000,68.963,15.305,2,12
-0.1138,1.4941,-0.4189,87.073,70.671,14.085,2,12
-0.1191,1.5103,-0.4141,89.695,72.012,13.354,2,12
-0.1196,1.5181,-0.4067,92.134,73.232,12.256,2,12
-0.1094,1.5278,-0.3960,95.122,74.756,11.524,2,12
-0.1118,1.5391,-0.3877,97.500,75.854,10.183,2,12
-0.1147,1.5356,-0.3877,100.732,77.134,9.451,2,12
-1.1260,-0.0151,0.1646,-51.768,11.098,12.561,3,90
-1.1284,-0.0278,0.1431,-53.110,11.768,12.256,3,90
-1.1392,-0.0195,0.1445,-54.329,11.890,11.707,3,90
-1.1460,0.0034,0.1582,-55.854,12.195,11.463,3,90
-1.1597,0.0352,0.1719,-56.951,12.439,11.524,3,90
-1.1655,0.0786,0.1934,-59.146,12.683,11.951,3,90
-1.1748,0.1167,0.2017,-60.305,12.744,12.805,3,90
-1.1782,0.1401,0.2114,-61.341,12.805,14.024,3,90
1.3447,-1.0244,0.6436,4.085,-82.683,28.537,1,12
1.3735,-1.0107,0.6738,4.268,-86.524,27.500,1,12
1.3931,-0.9961,0.6948,3.476,-91.220,25.976,1,12
1.4297,-0.9814,0.7256,2.073,-95.915,24.085,1,12
1.4800,-0.9712,0.7544,0.305,-103.841,21.402,1,12
1.5249,-0.9614,0.7788,-0.427,-109.634,19.329,1,12
1.5576,-0.9541,0.7798,-0.793,-115.183,17.317,1,12
1.5967,-0.9429,0.7871,-0.122,-121.098,15.549,1,12
-0.0820,1.5049,-0.3579,125.122,89.268,1.585,2,12
-0.0723,1.4956,-0.3604,126.585,90.671,0.732,2,12
-0.0684,1.4844,-0.3535,127.866,92.134,0.061,2,12
-0.0630,1.4795,-0.3438,128.354,92.988,-0.976,2,12
-0.0454,1.4717,-0.3394,129.207,94.329,-1.829,2,12
-0.0444,1.4526,-0.3379,129.573,94.817,-2.988,2,12
-0.0327,1.4390,-0.3315,130.244,95.549,-3.963,2,12
-0.0273,1.4312,-0.3242,130.610,96.220,-4.817,2,12
-1.1226,0.1323,0.2383,-62.012,17.866,17.927,3,90
-1.1313,0.1323,0.2451,-62.683,17.805,17.988,3,90
-1.1265,0.1411,0.2456,-63.171,18.232,17.988,3,90
-1.1167,0.1597,0.2388,-63.963,18.293,17.988,3,90
-1.1016,0.1841,0.2432,-64.695,18.659,18.110,3,90
-1.0923,0.2046,0.2485,-65.366,18.780,17.927,3,90
-1.0894,0.2256,0.2383,-64.573,19.329,18.049,3,90
-1.0840,0.2407,0.2251,-64.024,19.817,18.171,3,90
2.2578,-0.6284,0.8760,37.073,-159.390,-1.951,1,12
2.3574,-0.5762,0.9194,40.305,-162.866,-4.451,1,12
2.4653,-0.5142,0.9707,42.195,-166.524,-7.561,1,12
2.5596,-0.4692,1.0244,43.659,-170.671,-10.427,1,12
2.6660,-0.4063,1.0576,43.780,-176.646,-13.476,1,12
2.8179,-0.3364,1.1001,42.500,-183.780,-16.037,1,12
2.8955,-0.3018,1.1704,41.280,-192.439,-17.317,1,12
2.9990,-0.2505,1.1934,36.646,-201.341,-18.049,1,12
0.1270,1.2627,-0.2803,128.598,108.841,-17.256,2,12
0.1411,1.2495,-0.2661,129.695,109.085,-18.049,2,12
0.1543,1.2373,-0.2593,130.366,108.537,-19.207,2,12
0.1611,1.2285,-0.2393,130.793,107.134,-20.183,2,12
0.1733,1.2065,-0.2339,131.646,105.732,-21.341,2,12
0.1855,1.1943,-0.2344,132.683,104.207,-22.134,2,12
0.1890,1.1670,-0.2300,134.085,102.988,-22.805,2,12
0.1938,1.1445,-0.2183,135.793,102.012,-23.902,2,12
-1.0151,0.2739,0.2109,-41.768,21.707,23.841,3,90
-0.9946,0.2700,0.2085,-39.634,21.829,23.963,3,90
-0.9839,0.2632,0.2158,-38.049,22.012,24.146,3,90
-0.9658,0.2505,0.2178,-36.524,22.317,24.756,3,90
-0.9429,0.2393,0.2349,-34.756,22.561,25.061,3,90
-0.9248,0.2471,0.2280,-33.902,22.439,25.427,3,90
-0.8999,0.2290,0.2275,-32.622,22.439,25.793,3,90
-0.8828,0.2207,0.2271,-30.915,22.683,26.341,3,90
3.5923,0.3716,1.5947,30.305,-303.476,-20.122,1,12
3.5938,0.3770,1.6123,28.963,-306.402,-21.098,1,12
3.5986,0.3940,1.6245,25.732,-311.890,-23.841,1,12
3.5894,0.3887,1.6196,22.622,-315.671,-27.805,1,12
3.5820,0.3940,1.6211,17.561,-320.671,-35.549,1,12
3.5737,0.4067,1.6348,15.244,-322.744,-41.341,1,12
3.5513,0.4546,1.6235,11.829,-325.610,-46.159,1,12
3.5317,0.5332,1.6162,7.561,-330.305,-50.183,1,12
0.2080,0.8335,-0.1240,140.549,94.146,-25.183,2,12
0.2148,0.7954,-0.1108,139.207,93.110,-24.451,2,12
0.2241,0.7461,-0.0864,137.256,91.585,-24.146,2,12
0.2305,0.6982,-0.0825,134.939,90.732,-23.415,2,12
0.2422,0.6582,-0.0532,132.439,90.000,-22.561,2,12
0.2534,0.6113,-0.0439,129.268,88.963,-21.220,2,12
0.2729,0.5591,-0.0225,125.915,88.232,-20.366,2,12
0.3032,0.5132,-0.0029,122.683,87.439,-18.902,2,12
-0.7534,0.2329,0.0889,-33.110,23.354,29.695,3,90
-0.7476,0.2485,0.0649,-33.354,23.476,29.512,3,90
-0.7393,0.2563,0.0586,-33.171,23.598,29.146,3,90
-0.7231,0.2700,0.0366,-33.537,23.659,28.780,3,90
-0.7095,0.2720,0.0107,-33.354,23.537,28.720,3,90
-0.6938,0.2788,0.0005,-33.049,23.780,28.598,3,90
-0.6846,0.2754,-0.0215,-32.256,23.537,28.415,3,90
-0.6807,0.2783,-0.0459,-30.793,23.171,28.415,3,90
3.0020,0.8130,1.7144,-62.561,-357.744,-14.573,1,12
2.9292,0.7632,1.6772,-72.866,-351.768,-4.573,1,12
2.8687,0.7363,1.6353,-83.537,-344.573,6.341,1,12
2.7925,0.7402,1.6099,-94.329,-337.500,18.232,1,12
2.7632,0.7920,1.5327,-106.524,-331.098,30.976,1,12
2.7534,0.4849,0.6626,-126.585,-327.744,42.134,1,12
2.1924,-0.7949,-1.9121,-189.634,-344.146,84.390,1,12
0.8062,-2.2319,-1.3589,-243.171,-379.451,165.122,1,12
0.6606,0.1514,0.1104,82.744,72.988,-4.390,2,12
0.7090,0.1162,0.1206,77.073,70.000,-2.622,2,12
0.7461,0.0981,0.1406,71.585,67.134,-0.427,2,12
0.7905,0.0649,0.1567,65.244,64.146,1.585,2,12
0.8281,0.0420,0.1533,59.268,61.098,3.354,2,12
0.8623,0.0112,0.1543,54.085,58.110,5.000,2,12
0.8794,-0.0098,0.1406,49.939,54.939,6.280,2,12
0.8994,-0.0293,0.1309,45.854,52.012,7.500,2,12
-0.6323,0.3159,-0.0767,-22.622,25.610,23.415,3,90
-0.6196,0.3042,-0.0703,-18.293,26.585,24.146,3,90
-0.6089,0.2944,-0.0625,-13.415,27.134,24.634,3,90
-0.5859,0.2842,-0.0703,-8.902,27.561,25.488,3,90
-0.5732,0.2749,-0.0835,-4.329,28.171,26.037,3,90
-0.5620,0.2734,-0.0933,0.244,28.841,26.707,3,90
-0.5474,0.2676,-0.1011,3.598,29.268,27.134,3,90
-0.5557,0.2627,-0.1113,5.854,29.695,27.500,3,90
-12.6704,-5.8779,2.9443,886.707,-839.451,315.610,1,12
-7.8115,-4.5747,2.2144,839.939,-858.963,227.988,1,12
-4.6338,-4.0679,0.8447,416.159,-742.500,-11.159,1,12
-2.2773,-5.9473,0.8398,-5.793,-428.293,-191.220,1,12
-1.9946,-5.7896,2.6841,39.268,-362.134,-156.341,1,12
-4.7158,-3.4546,5.5396,17.927,-265.976,-204.695,1,12
-1.7632,-4.2476,4.8013,-37.073,-131.220,-99.268,1,12
-1.8740,-3.4033,4.7734,21.585,-89.085,-2.805,1,12
0.7622,-0.0986,-0.0020,26.707,39.390,-1.768,2,12
0.7314,-0.0957,-0.0117,26.707,39.878,-4.451,2,12
0.7104,-0.0942,-0.0112,26.585,40.732,-6.707,2,12
0.6753,-0.0918,-0.0254,25.610,41.646,-9.207,2,12
0.6519,-0.0894,-0.0303,24.695,42.500,-11.280,2,12
0.6240,-0.0933,-0.0332,23.232,43.476,-13.110,2,12
0.6260,-0.0952,-0.0264,22.073,44.268,-14.512,2,12
0.6250,-0.1025,-0.0283,20.732,44.817,-15.366,2,12
-0.7759,0.1797,-0.0996,15.244,29.390,22.439,3,90
-0.8071,0.1626,-0.1128,17.073,28.354,21.463,3,90
-0.8311,0.1436,-0.1143,20.000,27.683,20.549,3,90
-0.8521,0.1289,-0.1230,22.134,26.159,19.573,3,90
-0.8838,0.1206,-0.1226,24.451,25.122,18.476,3,90
-0.9033,0.1211,-0.1245,26.220,24.268,17.073,3,90
-0.9341,0.1309,-0.1196,27.073,23.659,15.915,3,90
-0.9736,0.1592,-0.1016,26.280,23.110,14.329,3,90
-2.8398,-0.2422,1.8105,-436.463,392.927,-68.598,1,12
-2.4229,0.0229,1.4214,-430.000,425.061,-55.976,1,12
-2.2446,0.2803,1.2456,-375.183,423.902,-31.402,1,12
-2.0449,0.6006,1.1763,-291.280,384.390,-8.110,1,12
-1.6953,0.9282,1.0488,-206.037,323.780,5.366,1,12
-1.5884,1.1348,0.9199,-137.744,249.512,14.878,1,12
-1.3447,1.2090,0.6880,-79.512,178.232,7.439,1,12
-1.0610,1.3262,0.4326,-45.488,116.280,-2.317,1,12
0.7842,-0.1807,-0.0225,16.524,44.573,-16.280,2,12
0.7861,-0.1919,-0.0220,16.951,42.683,-16.951,2,12
0.7993,-0.1904,-0.0249,17.317,40.915,-17.561,2,12
0.7988,-0.1938,-0.0288,17.378,38.537,-18.476,2,12
0.8022,-0.1851,-0.0327,17.561,36.280,-19.146,2,12
0.7920,-0.1821,-0.0381,17.500,34.085,-19.939,2,12
0.7813,-0.1704,-0.0498,17.500,31.829,-20.793,2,12
0.7700,-0.1675,-0.0640,17.073,29.390,-21.951,2,12
-0.9277,0.1890,0.0039,10.793,13.232,6.646,3,90
-0.8901,0.1943,0.0093,7.561,11.524,5.366,3,90
-0.8677,0.1987,0.0059,2.744,9.512,4.451,3,90
-0.8452,0.2095,0.0020,-1.890,8.537,3.354,3,90
-0.8291,0.2100,0.0073,-6.829,6.646,2.012,3,90
-0.8125,0.2168,0.0063,-9.878,4.756,0.915,3,90
-0.8130,0.2251,0.0039,-13.049,3.354,0.305,3,90
-0.8130,0.2358,-0.0059,-15.732,1.646,-1.037,3,90
-0.3398,-0.2554,-0.4863,67.683,79.024,-71.646,1,12
-0.3154,-0.3677,-0.4185,78.293,81.220,-72.561,1,12
-0.2983,-0.6875,-0.2134,101.280,82.927,-71.341,1,12
-0.2734,-0.9092,-0.1001,109.878,81.220,-69.329,1,12
-0.2310,-1.1309,0.0303,112.988,78.110,-66.341,1,12
-0.1631,-1.3594,0.1255,112.866,75.671,-63.232,1,12
-0.1099,-1.5718,0.2080,111.159,73.049,-60.427,1,12
-0.0259,-1.7437,0.2739,109.329,72.439,-59.451,1,12
0.6519,-0.0835,-0.1392,9.939,8.963,-27.012,2,12
0.6387,-0.0791,-0.1396,9.634,8.293,-27.134,2,12
0.6216,-0.0688,-0.1406,9.207,6.890,-27.256,2,12
0.6104,-0.0591,-0.1494,8.476,5.610,-28.049,2,12
0.6021,-0.0400,-0.1470,7.622,4.024,-28.354,2,12
0.5962,-0.0327,-0.1548,6.220,2.988,-29.207,2,12
0.5894,-0.0171,-0.1494,4.817,1.890,-29.512,2,12
0.5747,-0.0098,-0.1445,3.049,0.793,-29.573,2,12
-0.8335,0.3311,-0.1348,-0.793,-10.732,-5.976,3,90
-0.8408,0.3188,-0.1484,3.963,-11.463,-6.280,3,90
-0.8364,0.3130,-0.1431,9.329,-12.439,-6.646,3,90
-0.8281,0.3057,-0.1372,14.390,-13.902,-6.768,3,90
-0.8193,0.2979,-0.1279,19.634,-14.695,-7.317,3,90
-0.8008,0.2891,-0.1235,23.841,-15.915,-7.561,3,90
-0.8008,0.2778,-0.1138,27.866,-16.829,-7.805,3,90
-0.7900,0.2866,-0.0991,31.037,-17.744,-7.927,3,90
1.0703,-1.8833,0.2144,65.732,102.683,-76.220,1,12
1.1958,-1.7671,0.2329,59.451,99.634,-88.476,1,12
1.3452,-1.6421,0.2764,51.707,94.939,-104.329,1,12
1.4868,-1.5137,0.3374,39.878,90.183,-121.280,1,12
1.5693,-1.3857,0.3789,24.573,83.598,-136.646,1,12
1.5479,-1.2261,0.4678,4.634,74.207,-142.866,1,12
1.4478,-1.0918,0.5161,-18.293,61.280,-136.220,1,12
1.3120,-0.9497,0.4917,-45.183,48.902,-119.756,1,12
0.5986,0.0352,-0.1772,-23.354,-10.427,-25.000,2,12
0.5981,0.0396,-0.1841,-26.768,-12.073,-24.512,2,12
0.6055,0.0439,-0.2007,-30.122,-13.537,-24.695,2,12
0.6138,0.0381,-0.2095,-33.110,-15.061,-24.329,2,12
0.6216,0.0347,-0.2095,-36.768,-16.585,-24.329,2,12
0.6265,0.0342,-0.2373,-39.878,-18.293,-24.817,2,12
0.6377,0.0400,-0.2402,-43.293,-19.939,-25.488,2,12
0.6338,0.0415,-0.2534,-46.890,-21.890,-26.463,2,12
-0.7583,0.2041,-0.1030,38.049,-27.622,-11.707,3,90
-0.7690,0.1943,-0.1108,36.829,-28.598,-12.134,3,90
-0.7847,0.1777,-0.1069,35.793,-29.268,-12.256,3,90
-0.7988,0.1714,-0.0879,35.793,-29.756,-12.561,3,90
-0.8130,0.1787,-0.0732,36.524,-30.122,-12.988,3,90
-0.8213,0.1865,-0.0576,37.256,-30.732,-13.598,3,90
-0.8257,0.1943,-0.0664,37.012,-31.159,-13.902,3,90
-0.8428,0.1899,-0.0454,36.463,-32.012,-14.085,3,90
0.4214,-0.2632,0.4722,-177.683,17.256,-41.280,1,12
0.3447,-0.1538,0.4995,-171.890,13.598,-37.195,1,12
0.2559,-0.0693,0.5039,-159.695,10.610,-33.110,1,12
0.1890,-0.0015,0.4800,-141.524,6.829,-28.537,1,12
0.1338,0.0522,0.4331,-118.963,4.146,-22.683,1,12
0.0796,0.0811,0.3911,-92.927,1.646,-16.463,1,12
0.0347,0.0850,0.3442,-65.305,0.732,-9.573,1,12
-0.0078,0.0718,0.2979,-37.012,0.854,-2.622,1,12
-0.0415,0.0342,0.2886,-9.634,3.049,3.415,1,12
-0.0654,-0.0132,0.2891,15.244,6.951,8.537,1,12
-0.0825,-0.0840,0.3232,37.073,12.073,12.256,1,12
-0.0879,-0.1567,0.3887,55.000,19.268,14.512,1,12
-0.0776,-0.2275,0.4624,69.024,28.171,15.305,1,12
-0.0679,-0.2993,0.5356,79.390,38.232,14.817,1,12
-0.0532,-0.3809,0.5864,86.220,48.720,13.780,1,12
-0.0313,-0.4731,0.6255,90.915,59.085,11.402,1,12
-0.7427,-0.1636,-0.1758,-38.232,17.500,-6.098,4,90
-0.7441,-0.1279,-0.1558,-36.951,18.659,-5.488,4,90
-0.7437,-0.0752,-0.1587,-35.305,18.963,-4.451,4,90
-0.7383,-0.0181,-0.1733,-33.902,18.476,-3.780,4,90
-0.7236,0.0273,-0.1934,-31.829,17.439,-3.171,4,90
-0.6978,0.0757,-0.2427,-30.366,15.854,-3.171,4,90
-0.6753,0.1250,-0.2817,-28.902,14.390,-3.293,4,90
-0.6553,0.1738,-0.3052,-26.098,13.902,-2.561,4,90
0.4507,0.4351,-0.2256,-105.366,-38.963,-50.427,2,12
0.4380,0.4521,-0.2168,-108.049,-39.939,-51.098,2,12
0.4395,0.4839,-0.2085,-110.244,-41.037,-51.707,2,12
0.4341,0.4941,-0.1987,-112.744,-41.768,-52.378,2,12
0.4385,0.5205,-0.1924,-114.939,-42.805,-53.049,2,12
0.4380,0.5405,-0.1802,-116.890,-43.841,-53.537,2,12
0.4390,0.5547,-0.1797,-118.293,-44.329,-53.841,2,12
0.4468,0.5742,-0.1685,-119.817,-45.671,-54.268,2,12
-0.9985,0.2588,0.0840,11.951,-42.683,-24.939,3,90
-0.9980,0.2632,0.0820,11.646,-42.683,-25.183,3,90
-1.0142,0.2920,0.0732,11.280,-43.293,-25.488,3,90
-1.0166,0.2974,0.0806,11.098,-43.720,-25.671,3,90
-1.0317,0.3125,0.0918,11.463,-44.085,-25.793,3,90
-1.0347,0.3027,0.1235,11.524,-44.146,-25.915,3,90
-1.0444,0.2881,0.1328,11.463,-45.000,-26.098,3,90
-1.0547,0.2744,0.1504,11.159,-44.939,-26.402,3,90
0.4023,-1.3516,0.3838,76.463,73.171,-26.524,1,12
0.4512,-1.3853,0.3442,76.951,67.927,-28.476,1,12
0.4985,-1.3911,0.3335,77.012,62.744,-30.122,1,12
0.5444,-1.3755,0.3140,75.183,58.354,-31.280,1,12
0.5723,-1.3521,0.3149,71.890,55.427,-32.744,1,12
0.5830,-1.3193,0.3257,65.854,52.805,-34.085,1,12
0.5869,-1.2642,0.3384,58.232,51.280,-35.183,1,12
0.5850,-1.2183,0.3330,50.122,50.061,-36.768,1,12
0.5063,0.6880,-0.1655,-122.012,-60.366,-51.890,2,12
0.5171,0.6870,-0.1670,-121.037,-62.256,-51.402,2,12
0.5117,0.6978,-0.1729,-119.451,-63.841,-50.732,2,12
0.5166,0.7090,-0.1768,-118.720,-65.793,-50.305,2,12
0.5146,0.7197,-0.1787,-117.073,-67.256,-50.122,2,12
0.5176,0.7358,-0.1851,-115.427,-69.085,-49.695,2,12
0.5156,0.7397,-0.1997,-113.476,-70.549,-49.512,2,12
0.5234,0.7544,-0.2046,-111.768,-71.829,-48.720,2,12
-1.1240,0.1650,0.1514,32.500,-42.256,-30.732,3,90
-1.1226,0.1567,0.1567,34.024,-41.646,-30.976,3,90
-1.1245,0.1484,0.1567,36.220,-41.220,-31.280,3,90
-1.1162,0.1382,0.1582,37.073,-40.793,-31.646,3,90
-1.1094,0.1323,0.1553,37.927,-40.061,-31.646,3,90
-1.1060,0.1294,0.1646,38.780,-39.512,-31.890,3,90
-1.0996,0.1421,0.1782,39.512,-39.268,-31.463,3,90
-1.0879,0.1611,0.1978,39.878,-39.146,-31.402,3,90
0.2734,-0.9717,0.3071,19.939,41.646,-35.061,1,12
0.2461,-0.9692,0.2803,21.707,41.707,-33.598,1,12
0.2256,-0.9805,0.2808,24.207,42.805,-32.317,1,12
0.1968,-0.9736,0.2583,27.500,44.695,-31.585,1,12
0.1792,-0.9731,0.2485,31.951,47.195,-31.220,1,12
0.1519,-0.9790,0.2368,35.915,50.000,-30.915,1,12
0.1401,-0.9624,0.2412,40.000,53.720,-31.341,1,12
0.1172,-0.9697,0.2412,44.390,56.768,-31.463,1,12
0.5615,0.9683,-0.2090,-97.317,-77.744,-45.488,2,12
0.5659,1.0005,-0.2158,-96.159,-78.537,-44.451,2,12
0.5728,1.0278,-0.2197,-95.122,-79.512,-43.598,2,12
0.5815,1.0405,-0.2183,-93.598,-80.061,-42.866,2,12
0.5830,1.0791,-0.2178,-92.561,-81.585,-41.585,2,12
0.5845,1.0938,-0.2231,-91.220,-82.317,-40.427,2,12
0.5835,1.1167,-0.1802,-89.939,-82.500,-38.902,2,12
0.5747,1.1318,-0.2007,-90.732,-84.512,-37.317,2,12
0.5703,1.1465,-0.1846,-90.854,-86.037,-36.037,2,12
0.5664,1.1484,-0.1787,-90.427,-87.561,-34.451,2,12
0.5654,1.1509,-0.1826,-89.817,-88.841,-32.195,2,12
0.5649,1.1660,-0.1807,-88.841,-90.061,-30.305,2,12
0.5640,1.1665,-0.1733,-87.988,-91.220,-28.537,2,12
0.5605,1.1748,-0.1699,-87.195,-92.317,-26.341,2,12
0.5596,1.1841,-0.1650,-86.098,-92.927,-24.573,2,12
0.5615,1.1880,-0.1631,-85.000,-93.537,-22.561,2,12
-1.0386,0.1338,0.2466,38.049,-31.829,-26.280,3,90
-1.0498,0.1362,0.2354,37.683,-30.549,-25.366,3,90
-1.0591,0.1260,0.2354,37.622,-29.024,-25.000,3,90
-1.0771,0.0996,0.2314,37.683,-27.866,-24.390,3,90
-1.0903,0.0874,0.2134,38.049,-26.585,-24.207,3,90
-1.1001,0.0732,0.2031,39.207,-25.061,-23.537,3,90
-1.1016,0.0601,0.1865,40.793,-22.988,-23.232,3,90
-1.1011,0.0415,0.1880,42.317,-21.220,-23.049,3,90
0.5669,1.1914,-0.1548,-83.415,-93.537,-20.549,2,12
0.5718,1.2100,-0.1509,-82.622,-94.329,-18.841,2,12
0.5640,1.2061,-0.1528,-81.951,-94.634,-17.378,2,12
0.5698,1.2090,-0.1455,-81.646,-95.549,-15.854,2,12
0.5723,1.2129,-0.1519,-81.280,-95.976,-14.268,2,12
0.5635,1.2090,-0.1514,-80.610,-96.890,-12.683,2,12
0.5601,1.2051,-0.1514,-80.122,-97.805,-11.341,2,12
0.5566,1.2139,-0.1646,-79.451,-98.720,-10.000,2,12
-0.9746,0.1030,0.2139,71.585,-5.427,-16.585,3,90
-0.9746,0.1060,0.2085,75.366,-4.268,-14.817,3,90
-0.9858,0.1055,0.2139,79.207,-2.805,-13.049,3,90
-1.0068,0.0889,0.2070,82.683,-1.280,-11.768,3,90
-1.0234,0.0752,0.2065,84.939,-0.244,-10.488,3,90
-1.0415,0.0601,0.2021,86.585,1.220,-9.390,3,90
-1.0713,0.0376,0.2344,88.110,2.683,-8.598,3,90
-1.1006,0.0396,0.2881,88.476,4.085,-7.744,3,90
-1.1089,0.0327,0.3340,87.866,4.817,-7.256,3,90
-1.1040,0.0137,0.2969,86.585,5.732,-5.793,3,90
-1.1055,-0.0273,0.2593,85.671,6.829,-3.902,3,90
-1.1133,-0.0327,0.2598,84.024,8.232,-2.561,3,90
-1.1255,-0.0381,0.2461,79.024,8.963,-2.500,3,90
-1.1289,-0.0322,0.2007,72.744,9.512,-3.598,3,90
-1.1289,-0.0259,0.1621,66.037,9.512,-5.000,3,90
-1.1123,-0.0210,0.1440,59.939,9.817,-6.341,3,90
0.3071,-1.1147,0.2686,0.671,82.134,4.207,1,12
0.3052,-1.1187,0.2759,-0.610,83.232,5.061,1,12
0.2988,-1.1343,0.2656,-2.134,84.451,6.159,1,12
0.2983,-1.1333,0.2603,-4.024,85.183,6.341,1,12
0.2935,-1.1357,0.2646,-5.732,86.402,6.829,1,12
0.2856,-1.1323,0.2627,-8.354,87.500,7.012,1,12
0.2764,-1.1396,0.2646,-10.671,88.598,7.317,1,12
0.2754,-1.1270,0.2759,-13.841,89.878,6.890,1,12
0.4385,1.2876,-0.1968,-76.829,-111.341,10.244,2,12
0.4219,1.2949,-0.1982,-76.402,-112.012,11.220,2,12
0.4136,1.2993,-0.2041,-76.037,-112.622,12.439,2,12
0.4063,1.2871,-0.2119,-74.756,-113.110,13.780,2,12
0.3906,1.2759,-0.2300,-73.598,-113.415,15.183,2,12
0.3809,1.2539,-0.2354,-73.171,-113.110,16.463,2,12
0.3682,1.2373,-0.2471,-73.354,-112.866,17.927,2,12
0.3560,1.2134,-0.2529,-74.146,-111.829,19.329,2,12
-0.9263,0.1201,0.0923,50.549,12.073,-7.622,3,90
-0.9194,0.1084,0.0830,51.585,11.951,-7.256,3,90
-0.9175,0.0942,0.0840,52.378,11.951,-6.829,3,90
-0.9150,0.0879,0.0894,52.988,12.012,-6.524,3,90
-0.9121,0.0786,0.0869,53.354,11.829,-5.854,3,90
-0.9087,0.0728,0.0835,52.927,11.402,-5.854,3,90
-0.9214,0.0771,0.0845,51.829,11.280,-5.488,3,90
-0.9141,0.0630,0.0786,50.549,10.671,-5.000,3,90
0.3354,-1.0557,0.3096,-39.390,103.415,5.244,1,12
0.3472,-1.0513,0.3184,-41.585,105.366,5.549,1,12
0.3730,-1.0493,0.3101,-43.659,107.012,5.854,1,12
0.3813,-1.0430,0.3140,-44.634,109.085,6.280,1,12
0.3989,-1.0420,0.3159,-45.976,110.488,7.073,1,12
0.4141,-1.0293,0.3242,-46.463,112.256,8.110,1,12
0.4194,-1.0195,0.3306,-46.159,112.805,9.268,1,12
0.4287,-1.0088,0.3291,-46.341,114.329,10.488,1,12
0.2480,1.1953,-0.2505,-71.890,-99.451,25.793,2,12
0.2559,1.2041,-0.2446,-70.976,-97.988,25.793,2,12
0.2437,1.2246,-0.2373,-69.939,-96.829,25.854,2,12
0.2417,1.2461,-0.2344,-67.866,-95.915,26.098,2,12
0.2422,1.2632,-0.2280,-64.268,-95.305,25.915,2,12
0.2456,1.2725,-0.2266,-60.183,-94.512,26.463,2,12
0.2383,1.2827,-0.2139,-56.402,-94.024,26.585,2,12
0.2266,1.2881,-0.2036,-52.439,-93.659,27.561,2,12
-0.9624,0.0757,0.0571,26.463,5.732,-4.024,3,90
-0.9565,0.0889,0.0620,23.293,5.122,-4.268,3,90
-0.9492,0.1099,0.0708,20.000,4.268,-4.634,3,90
-0.9497,0.1206,0.0664,17.012,3.659,-4.756,3,90
-0.9463,0.1260,0.0469,13.902,3.537,-5.061,3,90
-0.9448,0.1187,0.0522,10.366,2.683,-5.549,3,90
-0.9448,0.1221,0.0508,7.500,2.317,-5.732,3,90
-0.9453,0.1289,0.0552,5.244,1.524,-6.585,3,90
0.4604,-0.9214,0.2959,-27.927,115.488,22.073,1,12
0.4531,-0.9224,0.2998,-24.756,115.793,23.171,1,12
0.4473,-0.9180,0.3184,-21.463,116.280,24.024,1,12
0.4409,-0.9146,0.3213,-18.049,116.707,25.000,1,12
0.4355,-0.9146,0.3257,-15.061,117.378,25.244,1,12
0.4390,-0.9111,0.3286,-11.341,118.049,25.610,1,12
0.4399,-0.9082,0.3301,-7.622,118.780,25.671,1,12
0.4419,-0.9155,0.3315,-3.963,119.695,25.854,1,12
0.1143,1.1655,-0.2241,-19.756,-91.402,41.220,2,12
0.1104,1.1484,-0.2305,-16.646,-90.671,41.646,2,12
0.0894,1.1440,-0.2358,-14.207,-89.024,42.195,2,12
0.0879,1.1299,-0.2441,-11.890,-87.073,42.317,2,12
0.0752,1.1196,-0.2461,-9.756,-85.000,41.829,2,12
0.0693,1.1030,-0.2500,-8.171,-82.195,41.768,2,12
0.0757,1.0977,-0.2529,-6.220,-80.000,41.646,2,12
0.0664,1.0879,-0.2524,-4.451,-77.134,41.402,2,12
-0.9429,0.1265,0.0806,3.476,0.366,-6.524,3,90
-0.9399,0.1172,0.0737,3.780,0.366,-6.524,3,90
-0.9585,0.1196,0.0688,3.537,0.183,-6.646,3,90
-0.9688,0.1245,0.0718,3.415,-0.183,-7.256,3,90
-0.9741,0.1216,0.0771,3.171,-0.366,-7.439,3,90
-0.9727,0.1191,0.0771,3.293,-0.244,-7.500,3,90
-0.9727,0.1138,0.0762,3.537,-0.549,-7.805,3,90
-0.9746,0.1191,0.0874,3.780,-0.305,-7.683,3,90
0.4824,-0.9609,0.4536,23.598,120.793,22.927,1,12
0.4893,-0.9712,0.4736,25.793,120.366,22.683,1,12
0.5068,-0.9800,0.4951,27.134,119.695,22.134,1,12
0.5098,-0.9834,0.5151,28.537,119.085,21.768,1,12
0.5254,-0.9844,0.5273,28.598,118.537,21.768,1,12
0.5337,-0.9907,0.5527,28.598,117.317,21.341,1,12
0.5479,-1.0083,0.5664,28.171,116.463,21.402,1,12
0.5591,-1.0093,0.5640,26.951,115.427,21.280,1,12
0.0610,1.0938,-0.2559,5.915,-59.207,44.756,2,12
0.0522,1.0977,-0.2378,6.220,-57.744,45.183,2,12
0.0537,1.0972,-0.2446,6.341,-56.159,45.244,2,12
0.0488,1.1064,-0.2466,5.915,-54.695,45.793,2,12
0.0493,1.1064,-0.2334,5.305,-53.171,45.854,2,12
0.0454,1.1060,-0.2427,5.061,-51.220,45.976,2,12
0.0444,1.1030,-0.2388,4.817,-50.000,45.915,2,12
0.0415,1.1016,-0.2339,4.085,-48.110,46.341,2,12
-0.9756,0.0376,0.0898,-2.378,0.915,-6.098,3,90
-0.9761,0.0303,0.0811,-3.110,0.854,-5.915,3,90
-0.9678,0.0156,0.0908,-4.878,1.220,-5.549,3,90
-0.9648,0.0117,0.0933,-5.183,1.280,-5.488,3,90
-0.9683,0.0107,0.0884,-6.524,1.646,-4.878,3,90
-0.9756,0.0083,0.0801,-8.720,1.707,-4.756,3,90
-0.9648,0.0034,0.0767,-9.939,1.890,-4.451,3,90
-0.9697,0.0010,0.0708,-11.341,2.012,-3.537,3,90
0.6196,-1.1318,0.5674,0.000,100.122,21.220,1,12
0.6279,-1.1270,0.5688,-3.354,98.598,20.854,1,12
0.6357,-1.1235,0.5713,-7.134,96.524,20.305,1,12
0.6426,-1.1235,0.5659,-10.305,95.244,20.061,1,12
0.6567,-1.1104,0.5596,-14.146,93.476,19.756,1,12
0.6553,-1.1143,0.5718,-17.927,92.073,19.146,1,12
0.6567,-1.0942,0.5811,-21.463,90.488,18.720,1,12
0.6729,-1.0854,0.5820,-25.122,89.024,18.902,1,12
0.6841,-1.0679,0.5894,-28.537,87.500,18.841,1,12
0.6821,-1.0532,0.6025,-31.585,86.159,19.024,1,12
0.6953,-1.0454,0.6011,-34.634,84.329,19.085,1,12
0.6973,-1.0225,0.6084,-37.256,82.988,19.573,1,12
0.7012,-1.0034,0.6108,-39.329,81.159,20.183,1,12
0.7056,-0.9951,0.6113,-41.402,79.390,20.488,1,12
0.7095,-0.9717,0.6162,-43.110,76.463,21.585,1,12
0.7129,-0.9746,0.6094,-43.963,74.817,22.195,1,12
0.7163,-0.9673,0.6064,-44.756,72.622,23.293,1,12
0.7173,-0.9624,0.6099,-45.366,71.037,24.024,1,12
0.7236,-0.9639,0.6006,-46.098,69.512,24.939,1,12
0.7207,-0.9561,0.6064,-46.768,67.927,25.732,1,12
0.7202,-0.9565,0.6060,-47.073,66.280,26.829,1,12
0.7192,-0.9580,0.6055,-46.951,65.183,27.134,1,12
0.7212,-0.9629,0.6040,-47.622,63.476,28.232,1,12
0.7148,-0.9697,0.5947,-47.317,62.073,28.537,1,12
-0.0596,1.1738,-0.3384,-12.988,-10.854,32.805,2,12
-0.0732,1.1807,-0.3384,-11.707,-9.512,32.317,2,12
-0.0757,1.1909,-0.3442,-11.220,-8.659,32.012,2,12
-0.0801,1.2012,-0.3457,-9.512,-7.439,31.220,2,12
-0.0801,1.2178,-0.3452,-8.415,-6.037,30.671,2,12
-0.0869,1.2271,-0.3530,-7.073,-4.695,29.939,2,12
-0.0967,1.2363,-0.3423,-5.915,-3.476,29.390,2,12
-0.0991,1.2451,-0.3545,-4.512,-2.073,28.598,2,12
-0.9658,0.1064,0.0840,-54.817,-0.305,2.927,3,90
-0.9692,0.0981,0.0967,-55.183,-0.305,2.988,3,90
-0.9717,0.1045,0.0908,-55.671,-0.488,2.805,3,90
-0.9707,0.1157,0.0884,-56.037,-0.793,2.744,3,90
-0.9658,0.1206,0.0903,-56.402,-0.610,2.683,3,90
-0.9658,0.1172,0.0898,-56.341,-0.854,2.805,3,90
-0.9668,0.1270,0.0742,-55.732,-0.610,2.317,3,90
-0.9639,0.1284,0.0747,-55.549,0.061,2.744,3,90
0.7100,-1.0396,0.5732,-41.220,50.244,27.500,1,12
0.7104,-1.0488,0.5762,-39.512,49.207,26.524,1,12
0.7168,-1.0356,0.5894,-38.049,47.683,25.854,1,12
0.7236,-1.0317,0.5835,-36.524,47.134,25.122,1,12
0.7251,-1.0166,0.5923,-35.732,45.915,24.085,1,12
0.7373,-1.0132,0.5845,-34.024,44.878,23.415,1,12
0.7471,-1.0039,0.5938,-32.439,43.720,22.439,1,12
0.7607,-0.9995,0.5811,-30.488,42.256,22.378,1,12
-0.1592,1.2554,-0.3789,9.512,11.159,21.890,2,12
-0.1650,1.2554,-0.3779,10.976,12.805,21.098,2,12
-0.1719,1.2612,-0.3872,12.439,14.634,19.817,2,12
-0.1714,1.2583,-0.3892,14.268,16.402,19.207,2,12
-0.1895,1.2642,-0.3833,15.732,17.927,18.415,2,12
-0.1919,1.2695,-0.3892,17.805,19.512,17.317,2,12
-0.1880,1.2676,-0.3911,20.122,21.220,16.768,2,12
-0.1963,1.2773,-0.4053,22.561,22.561,15.976,2,12
-0.9829,0.1362,0.1050,-48.476,4.756,3.902,3,90
-0.9780,0.1206,0.0913,-47.805,4.878,3.841,3,90
-0.9868,0.1079,0.0830,-47.256,5.488,3.780,3,90
-0.9780,0.0918,0.0859,-46.159,6.098,3.780,3,90
-0.9854,0.0742,0.0850,-45.244,6.037,3.841,3,90
-0.9844,0.0645,0.0908,-42.988,6.646,4.207,3,90
-0.9873,0.0562,0.1084,-39.695,7.195,4.878,3,90
-0.9810,0.0586,0.1108,-37.927,7.622,5.793,3,90
0.8364,-0.9814,0.5298,0.976,28.963,25.305,1,12
0.8467,-0.9800,0.5342,3.537,27.622,25.183,1,12
0.8501,-0.9873,0.5425,5.976,26.463,25.610,1,12
0.8604,-0.9917,0.5586,7.744,25.732,25.549,1,12
0.8638,-1.0063,0.5703,8.902,24.207,25.854,1,12
0.8784,-1.0078,0.5781,9.878,22.744,25.915,1,12
0.8867,-1.0234,0.5811,10.549,20.854,25.671,1,12
0.9033,-1.0342,0.5806,11.280,18.841,25.305,1,12
-0.2095,1.3154,-0.4648,44.756,37.500,8.963,2,12
-0.2178,1.3203,-0.4722,47.744,39.329,7.927,2,12
-0.2217,1.3335,-0.4702,50.915,41.037,7.195,2,12
-0.2271,1.3315,-0.4722,53.902,42.866,6.220,2,12
-0.2305,1.3403,-0.4795,56.890,44.573,5.427,2,12
-0.2354,1.3438,-0.4785,59.512,46.402,4.634,2,12
-0.2344,1.3506,-0.4727,62.073,48.293,3.963,2,12
-0.2358,1.3574,-0.4756,64.573,49.756,2.927,2,12
-0.9785,0.0747,0.1230,-37.927,11.280,11.280,3,90
-0.9722,0.0669,0.0986,-39.390,11.463,12.073,3,90
-0.9761,0.0547,0.0835,-39.939,11.890,12.500,3,90
-0.9824,0.0430,0.0527,-41.220,12.012,12.744,3,90
-0.9912,0.0430,0.0215,-43.293,12.561,12.317,3,90
-0.9961,0.0474,0.0171,-45.549,12.744,12.256,3,90
-1.0166,0.0474,0.0098,-48.110,12.866,11.890,3,90
-1.0308,0.0190,0.0415,-48.354,13.659,12.317,3,90
1.0366,-1.1318,0.5728,9.939,-10.793,21.646,1,12
1.0400,-1.1323,0.5669,9.573,-14.573,21.220,1,12
1.0659,-1.1309,0.5688,9.268,-18.476,20.915,1,12
1.0732,-1.1284,0.5664,8.963,-22.256,20.793,1,12
1.0923,-1.1216,0.5654,7.866,-25.793,20.549,1,12
1.1108,-1.1177,0.5630,7.622,-29.512,20.366,1,12
1.1245,-1.1157,0.5630,6.402,-33.049,20.122,1,12
1.1445,-1.1123,0.5767,5.854,-36.341,20.061,1,12
-0.2554,1.3818,-0.4512,86.037,68.963,-4.695,2,12
-0.2539,1.3862,-0.4404,88.110,71.768,-5.732,2,12
-0.2559,1.3984,-0.4243,91.037,73.720,-6.951,2,12
-0.2524,1.4019,-0.4141,93.110,75.915,-8.049,2,12
-0.2407,1.4185,-0.4023,95.610,78.293,-9.085,2,12
-0.2383,1.4258,-0.3970,97.988,80.671,-10.122,2,12
-0.2290,1.4365,-0.3823,100.244,82.561,-11.402,2,12
-0.2261,1.4473,-0.3872,102.683,84.573,-12.439,2,12
-1.0576,-0.1123,0.0542,-43.902,19.939,19.878,3,90
-1.0796,-0.1108,0.0815,-46.037,20.305,19.268,3,90
-1.1011,-0.1260,0.1240,-47.439,20.305,19.512,3,90
-1.1187,-0.1274,0.1807,-48.902,20.976,20.000,3,90
-1.1191,-0.1011,0.2324,-53.720,21.646,20.122,3,90
-1.1162,-0.0879,0.2246,-61.280,22.561,20.000,3,90
-1.1074,-0.0972,0.2104,-68.720,24.085,19.878,3,90
-1.1006,-0.1064,0.1855,-75.061,25.671,19.146,3,90
1.3335,-1.0483,0.6436,11.524,-81.524,17.927,1,12
1.3555,-1.0532,0.6533,12.012,-86.890,17.134,1,12
1.3779,-1.0459,0.6582,12.012,-92.195,16.890,1,12
1.3979,-1.0508,0.6831,11.768,-97.561,16.524,1,12
1.4243,-1.0547,0.7017,11.646,-102.927,16.524,1,12
1.4453,-1.0527,0.7139,11.585,-108.110,16.037,1,12
1.4653,-1.0532,0.7314,11.220,-113.415,15.427,1,12
1.4868,-1.0552,0.7505,10.549,-118.476,14.878,1,12
-0.1338,1.4941,-0.3262,125.793,98.354,-21.159,2,12
-0.1318,1.5024,-0.3208,128.049,99.817,-22.012,2,12
-0.1235,1.5044,-0.3218,130.854,100.976,-22.927,2,12
-0.1118,1.5024,-0.3091,133.598,102.378,-23.659,2,12
-0.1060,1.5063,-0.3193,136.159,103.415,-24.390,2,12
-0.0996,1.5122,-0.3188,138.598,105.122,-25.183,2,12
-0.0928,1.5142,-0.3257,140.976,106.463,-25.732,2,12
-0.0830,1.5186,-0.3223,143.476,107.866,-26.341,2,12
-1.1611,0.0205,0.0547,-100.061,25.793,8.902,3,90
-1.1660,0.0269,0.0493,-99.085,26.098,7.561,3,90
-1.1807,0.0415,0.0596,-97.500,26.341,6.280,3,90
-1.1831,0.0566,0.0679,-95.427,26.707,5.610,3,90
-1.1860,0.0596,0.0791,-92.500,26.646,5.244,3,90
-1.1860,0.0493,0.1040,-88.659,26.646,5.610,3,90
-1.1855,0.0547,0.1421,-84.573,27.073,6.768,3,90
-1.1758,0.0591,0.1597,-81.707,27.073,6.890,3,90
1.8174,-1.0713,0.9253,-4.573,-162.439,1.037,1,12
1.8804,-1.0713,0.9219,-6.768,-167.561,-1.707,1,12
1.9521,-1.0664,0.9028,-8.171,-172.866,-4.512,1,12
2.0259,-1.0659,0.8784,-9.268,-178.293,-7.744,1,12
2.1113,-1.0371,0.8584,-9.085,-184.573,-10.305,1,12
2.1973,-1.0020,0.8447,-7.012,-191.524,-13.476,1,12
2.2935,-0.9497,0.8389,-3.780,-198.902,-16.341,1,12
2.3677,-0.8770,0.8452,-0.610,-207.012,-19.085,1,12
2.4614,-0.7939,0.8457,2.500,-215.122,-21.890,1,12
2.5801,-0.6899,0.8682,4.695,-222.927,-25.183,1,12
2.6499,-0.6089,0.8975,6.890,-230.549,-27.805,1,12
2.7041,-0.5264,0.9443,8.293,-237.439,-29.268,1,12
2.8315,-0.3774,0.9941,8.841,-246.829,-30.915,1,12
2.9321,-0.2783,1.0225,9.878,-253.963,-31.402,1,12
3.0044,-0.1831,1.0684,11.646,-261.646,-30.915,1,12
3.0562,-0.1050,1.1177,12.927,-269.939,-29.817,1,12
0.0972,1.2803,-0.1479,158.293,125.976,-34.451,2,12
0.1172,1.2524,-0.1274,157.988,126.524,-34.634,2,12
0.1367,1.2314,-0.1191,158.110,126.707,-34.878,2,12
0.1440,1.2051,-0.1016,157.561,127.012,-35.244,2,12
0.1611,1.1768,-0.0796,157.439,127.012,-35.244,2,12
0.1724,1.1479,-0.0669,157.073,126.829,-35.488,2,12
0.1904,1.1240,-0.0679,156.707,126.463,-35.488,2,12
0.2026,1.0859,-0.0508,156.280,126.159,-35.366,2,12
-0.9746,0.3101,0.1021,-93.171,22.988,6.768,3,90
-0.9585,0.2969,0.0728,-88.476,23.293,7.805,3,90
-0.9614,0.2856,0.0732,-80.915,23.171,8.354,3,90
-0.9526,0.2817,0.0718,-79.268,22.988,8.232,3,90
-0.9492,0.2778,0.0942,-75.488,23.171,7.866,3,90
-0.9316,0.2759,0.0957,-71.890,22.622,7.744,3,90
-0.9189,0.2964,0.1060,-69.634,22.683,7.683,3,90
-0.9180,0.3257,0.1323,-68.354,22.012,7.012,3,90
3.4590,0.1953,1.5205,31.890,-310.732,-25.610,1,12
3.4741,0.2017,1.5508,26.402,-313.232,-27.134,1,12
3.4858,0.2080,1.5620,18.902,-315.854,-28.841,1,12
3.4888,0.2139,1.5503,8.963,-319.146,-31.098,1,12
3.4678,0.2129,1.5425,-2.134,-322.378,-33.720,1,12
3.4380,0.2236,1.5205,-14.329,-327.195,-35.427,1,12
3.3955,0.2534,1.5015,-25.793,-330.915,-36.951,1,12
3.3462,0.3091,1.4810,-36.707,-335.366,-37.500,1,12
0.3149,0.7627,0.0420,140.976,119.390,-32.683,2,12
0.3291,0.7212,0.0518,138.049,118.354,-31.829,2,12
0.3491,0.6797,0.0796,134.878,117.988,-30.549,2,12
0.3667,0.6377,0.0859,131.402,117.195,-29.390,2,12
0.3911,0.5972,0.1021,127.622,116.707,-28.537,2,12
0.4141,0.5581,0.1250,123.720,115.976,-26.890,2,12
0.4438,0.5181,0.1431,119.573,115.610,-25.732,2,12
0.4771,0.4746,0.1777,114.878,114.939,-24.024,2,12
-0.8037,0.3647,0.0649,-57.317,20.305,9.634,3,90
-0.7881,0.3647,0.0825,-54.024,20.671,9.695,3,90
-0.7686,0.3721,0.0688,-50.549,20.488,9.573,3,90
-0.7466,0.3735,0.0762,-47.622,20.793,9.451,3,90
-0.7275,0.3716,0.0947,-45.549,20.854,9.512,3,90
-0.7163,0.3813,0.1099,-44.451,20.488,9.024,3,90
-0.7119,0.3843,0.1299,-44.146,20.305,9.268,3,90
-0.7041,0.3955,0.1509,-44.451,19.573,8.963,3,90
2.6689,0.8765,1.2002,-92.378,-319.695,27.927,1,12
2.6235,0.8784,1.1807,-92.561,-314.451,33.963,1,12
2.5430,0.8740,1.1709,-92.378,-302.805,45.915,1,12
2.4063,0.8765,1.2246,-93.110,-284.390,63.963,1,12
2.3315,0.8716,1.2954,-93.415,-271.585,76.098,1,12
2.6997,0.8354,0.6875,-98.780,-260.061,81.707,1,12
1.8423,-0.9941,-1.6836,-134.878,-264.573,113.232,1,12
0.5332,-2.5776,0.7676,-203.110,-290.549,214.573,1,12
0.8799,0.1880,0.2173,82.622,96.280,-5.549,2,12
0.9136,0.1714,0.2095,79.451,92.683,-3.476,2,12
0.9253,0.1587,0.2148,76.159,89.634,-1.524,2,12
0.9395,0.1436,0.2109,71.768,86.524,-0.122,2,12
0.9404,0.1279,0.2139,67.195,83.476,1.463,2,12
0.9429,0.1138,0.1899,63.780,80.915,2.317,2,12
0.9272,0.1011,0.1714,61.037,78.598,3.171,2,12
0.9116,0.0947,0.1533,59.085,76.890,3.476,2,12
-0.7217,0.3975,0.0742,-43.476,10.183,12.073,3,90
-0.7153,0.3882,0.0552,-42.256,9.695,11.829,3,90
-0.7104,0.3672,0.0215,-40.183,9.817,11.585,3,90
-0.7002,0.3442,-0.0151,-36.341,10.000,11.341,3,90
-0.6772,0.3242,-0.0420,-30.793,10.976,11.220,3,90
-0.6636,0.3198,-0.0620,-25.061,11.463,10.976,3,90
-0.6396,0.3120,-0.0742,-18.963,12.378,11.098,3,90
-0.6235,0.3013,-0.0737,-13.841,13.415,10.671,3,90
0.6616,0.0063,0.0483,54.512,78.415,-4.329,2,12
0.6416,-0.0005,0.0513,55.244,80.183,-5.549,2,12
0.6387,-0.0093,0.0454,55.732,81.524,-6.646,2,12
0.6221,-0.0190,0.0605,55.427,83.049,-7.439,2,12
0.6313,-0.0361,0.0762,54.512,84.329,-8.598,2,12
0.6421,-0.0562,0.0850,53.476,85.488,-8.841,2,12
0.6665,-0.0796,0.0938,52.317,86.524,-9.390,2,12
0.6899,-0.1021,0.1030,51.951,86.890,-9.329,2,12
-0.7310,0.1763,-0.0737,16.098,13.780,16.159,3,90
-0.7817,0.1646,-0.0449,17.683,14.634,15.915,3,90
-0.8394,0.1548,-0.0132,18.293,14.390,14.878,3,90
-0.8740,0.1353,-0.0439,18.598,13.293,14.146,3,90
-0.9282,0.1133,-0.0928,20.000,11.220,14.024,3,90
-0.9805,0.0898,-0.1040,20.976,10.305,13.659,3,90
-1.0376,0.0791,-0.0928,20.671,8.902,12.927,3,90
-1.0942,0.0522,-0.0820,21.463,7.317,11.524,3,90
-1.9683,0.4893,0.6870,-233.110,223.598,17.988,1,12
-1.7900,0.6953,0.6348,-190.976,181.768,35.732,1,12
-1.4063,1.7803,0.3516,-140.122,46.585,105.732,1,12
-0.9902,1.8784,0.1641,-107.195,-19.634,105.732,1,12
-0.9419,2.1177,-0.0493,-78.415,-55.793,91.402,1,12
-0.4624,2.2310,-0.2842,-74.573,-63.598,73.720,1,12
-0.2808,2.1489,-0.5400,-91.463,-53.841,57.744,1,12
-0.1963,2.4927,-0.8579,-125.793,-30.244,56.280,1,12
-0.9009,0.1411,-0.0244,0.244,-3.354,-2.378,3,90
-0.8833,0.1523,-0.0151,-0.061,-3.780,-2.622,3,90
-0.8330,0.1948,0.0229,-0.549,-4.756,-2.195,3,90
-0.8052,0.2334,0.0503,0.305,-5.610,-1.280,3,90
-0.8032,0.2563,0.0640,1.220,-6.159,-0.183,3,90
-0.7959,0.2983,0.0674,2.866,-7.195,0.976,3,90
-0.7988,0.3213,0.0557,5.061,-8.110,2.195,3,90
-0.8066,0.3325,0.0732,7.866,-9.207,3.476,3,90
0.5674,0.2202,-0.5220,124.451,10.976,-109.634,1,12
0.5210,-0.0449,-0.4346,149.146,1.220,-107.378,1,12
0.5029,-0.3086,-0.3208,164.878,-6.037,-102.683,1,12
0.4678,-0.5747,-0.2188,173.049,-8.232,-96.341,1,12
0.4341,-0.7661,-0.1152,173.232,-7.439,-90.854,1,12
0.4424,-0.9873,-0.0693,170.427,1.159,-84.939,1,12
0.5210,-1.1753,-0.0210,163.720,13.232,-76.890,1,12
0.6006,-1.3770,-0.0518,154.756,27.378,-65.671,1,12
0.7334,-0.1118,-0.1499,36.402,36.037,-4.756,2,12
0.7300,-0.1045,-0.1704,35.732,33.293,-4.085,2,12
0.7124,-0.1016,-0.1665,35.061,31.098,-2.744,2,12
0.7031,-0.0977,-0.1865,34.085,28.659,-1.524,2,12
0.6953,-0.0874,-0.1953,32.256,26.585,-0.671,2,12
0.6875,-0.0938,-0.2031,30.305,24.878,0.122,2,12
0.6636,-0.0908,-0.1963,27.805,23.049,1.341,2,12
0.6655,-0.0903,-0.2026,24.939,21.341,2.134,2,12
-0.9028,0.2593,-0.0220,43.780,-15.732,10.122,3,90
-0.9097,0.2402,-0.0313,48.232,-16.037,9.939,3,90
-0.9155,0.2300,-0.0283,52.317,-16.220,10.366,3,90
-0.9155,0.2139,-0.0288,55.610,-16.524,10.366,3,90
-0.9121,0.2085,-0.0415,58.354,-17.195,10.427,3,90
-0.9028,0.1880,-0.0439,60.976,-17.317,10.305,3,90
-0.8945,0.1753,-0.0522,63.049,-17.378,10.366,3,90
-0.8892,0.1567,-0.0415,65.366,-17.378,10.122,3,90
1.6396,-1.8032,0.3125,87.073,105.183,-16.220,1,12
1.6704,-1.7251,0.3721,69.207,93.720,-25.244,1,12
1.6504,-1.6558,0.4253,50.976,79.390,-35.183,1,12
1.6079,-1.5518,0.4722,31.585,63.720,-45.061,1,12
1.4937,-1.4619,0.4932,12.073,47.500,-53.598,1,12
1.3345,-1.3628,0.5254,-6.646,30.488,-58.171,1,12
1.1870,-1.2344,0.5601,-23.049,15.305,-58.476,1,12
0.9497,-1.1465,0.5566,-37.988,3.232,-53.659,1,12
0.7261,-0.1079,-0.2202,-13.049,7.378,13.720,2,12
0.7427,-0.1011,-0.2290,-17.683,6.280,14.390,2,12
0.7568,-0.0967,-0.2188,-22.622,5.183,15.305,2,12
0.7769,-0.0889,-0.2227,-27.683,3.720,15.915,2,12
0.7808,-0.0693,-0.2339,-32.256,2.622,15.976,2,12
0.7993,-0.0596,-0.2393,-36.707,0.793,16.098,2,12
0.8140,-0.0557,-0.2354,-41.098,-0.793,15.488,2,12
0.8208,-0.0381,-0.2451,-45.122,-2.378,14.878,2,12
-0.8867,-0.0010,0.0171,70.610,-16.402,12.805,3,90
-0.9033,-0.0063,0.0239,69.085,-16.159,12.866,3,90
-0.9146,-0.0215,0.0381,67.134,-16.463,12.927,3,90
-0.9307,-0.0278,0.0303,65.183,-16.524,13.293,3,90
-0.9414,-0.0327,0.0322,62.988,-16.341,13.354,3,90
-0.9629,-0.0317,0.0415,60.610,-16.341,13.232,3,90
-0.9683,-0.0400,0.0308,58.659,-16.037,13.659,3,90
-0.9761,-0.0396,0.0142,55.244,-15.976,13.659,3,90
0.3071,-0.6221,0.4731,-81.280,32.439,-14.512,1,12
0.3257,-0.5767,0.5498,-84.634,38.537,-20.549,1,12
0.3252,-0.5420,0.6138,-89.695,40.122,-24.268,1,12
0.3174,-0.4990,0.6665,-95.061,38.415,-25.366,1,12
0.2856,-0.4844,0.6904,-98.841,33.659,-24.085,1,12
0.2588,-0.4839,0.6992,-98.841,26.646,-22.073,1,12
0.2261,-0.5073,0.6787,-94.512,18.476,-19.512,1,12
0.1885,-0.5391,0.6514,-85.610,10.488,-17.561,1,12
0.8394,0.2178,-0.2813,-68.537,-16.951,-1.220,2,12
0.8354,0.2598,-0.2842,-70.366,-18.354,-3.537,2,12
0.8271,0.2910,-0.2852,-72.256,-20.488,-5.671,2,12
0.8184,0.3315,-0.2866,-74.207,-22.256,-8.049,2,12
0.8032,0.3657,-0.2896,-75.610,-24.634,-10.122,2,12
0.7876,0.3979,-0.2949,-77.805,-26.890,-12.195,2,12
0.7773,0.4316,-0.2910,-79.451,-29.207,-14.024,2,12
0.7627,0.4614,-0.2856,-81.341,-31.098,-16.098,2,12
-1.0483,0.0718,0.0317,32.805,-15.671,9.268,3,90
-1.0566,0.0894,0.0454,32.378,-15.305,8.780,3,90
-1.0552,0.0894,0.0410,32.378,-15.061,8.659,3,90
-1.0620,0.0967,0.0483,32.500,-15.061,8.354,3,90
-1.0630,0.1021,0.0547,33.110,-14.817,8.171,3,90
-1.0708,0.1147,0.0601,33.415,-14.512,7.744,3,90
-1.0693,0.1064,0.0713,32.866,-14.634,7.744,3,90
-1.0820,0.1123,0.0806,33.354,-14.390,7.378,3,90
-1.0854,0.1079,0.0786,33.354,-13.780,7.195,3,90
-1.0908,0.1030,0.0762,34.268,-13.415,6.646,3,90
-1.0962,0.1147,0.0659,35.671,-13.049,6.402,3,90
-1.1001,0.1191,0.0762,37.561,-12.439,5.854,3,90
-1.0996,0.1250,0.0693,40.122,-11.951,5.488,3,90
-1.1025,0.1318,0.0781,43.049,-11.159,5.244,3,90
-1.0996,0.1299,0.0820,45.244,-10.793,5.427,3,90
-1.0947,0.1255,0.0776,47.988,-10.366,5.671,3,90
0.1670,-1.2490,0.3643,42.744,33.902,-31.098,1,12
0.2070,-1.2671,0.3701,42.744,36.646,-33.049,1,12
0.2363,-1.2808,0.3804,42.195,38.841,-35.427,1,12
0.2808,-1.3003,0.3960,41.220,40.000,-37.683,1,12
0.3271,-1.3130,0.4087,40.122,40.732,-39.817,1,12
0.3735,-1.3223,0.4199,38.354,40.915,-42.134,1,12
0.4087,-1.3105,0.4419,36.524,40.549,-44.451,1,12
0.4277,-1.3042,0.4561,34.573,40.244,-47.561,1,12
0.7524,0.7896,-0.2251,-105.122,-53.354,-25.854,2,12
0.7622,0.8062,-0.2300,-105.732,-55.244,-25.488,2,12
0.7651,0.8101,-0.2358,-106.341,-57.683,-25.183,2,12
0.7568,0.8218,-0.2412,-106.463,-59.451,-24.451,2,12
0.7578,0.8296,-0.2427,-106.890,-61.585,-24.695,2,12
0.7637,0.8350,-0.2358,-107.378,-63.537,-24.085,2,12
0.7642,0.8516,-0.2451,-107.866,-65.305,-23.720,2,12
0.7642,0.8618,-0.2378,-107.927,-67.134,-23.598,2,12
-1.1421,0.1587,0.1206,61.037,-7.256,5.854,3,90
-1.1348,0.1553,0.1240,61.646,-7.073,5.793,3,90
-1.1240,0.1548,0.1152,62.439,-6.463,5.915,3,90
-1.1143,0.1504,0.1221,63.049,-6.829,5.793,3,90
-1.1060,0.1553,0.1372,62.805,-6.280,6.159,3,90
-1.1030,0.1577,0.1431,62.439,-6.037,6.159,3,90
-1.0859,0.1675,0.1475,60.854,-5.549,5.915,3,90
-1.0801,0.1685,0.1514,60.366,-5.305,5.671,3,90
0.1201,-1.1582,0.4717,22.073,4.207,-50.244,1,12
0.0820,-1.1533,0.4414,23.354,2.134,-50.061,1,12
0.0425,-1.1509,0.4229,24.939,2.134,-50.671,1,12
0.0029,-1.1406,0.3999,27.378,3.598,-51.524,1,12
-0.0239,-1.1343,0.3696,30.488,6.341,-52.500,1,12
-0.0562,-1.1323,0.3477,34.329,9.695,-53.537,1,12
-0.0679,-1.1172,0.3257,38.720,14.329,-54.207,1,12
-0.0840,-1.0962,0.3032,45.793,21.585,-55.427,1,12
0.7148,0.9624,-0.2705,-109.451,-81.037,-20.427,2,12
0.7017,0.9727,-0.2627,-109.390,-82.012,-19.695,2,12
0.6992,0.9800,-0.2603,-109.329,-82.622,-18.720,2,12
0.6816,0.9863,-0.2617,-109.878,-84.085,-17.927,2,12
0.6758,0.9917,-0.2661,-110.488,-85.061,-17.256,2,12
0.6636,0.9956,-0.2612,-110.671,-86.220,-16.159,2,12
0.6543,0.9976,-0.2632,-111.220,-87.622,-14.939,2,12
0.6406,0.9966,-0.2695,-111.159,-88.902,-13.841,2,12
-0.9570,0.2471,0.1455,45.671,-3.841,5.427,3,90
-0.9409,0.2480,0.1509,43.476,-3.598,5.183,3,90
-0.9287,0.2549,0.1460,41.768,-3.537,5.549,3,90
-0.9185,0.2583,0.1479,39.634,-3.659,5.610,3,90
-0.9087,0.2603,0.1426,37.073,-3.780,5.671,3,90
-0.9019,0.2603,0.1392,34.878,-3.780,5.793,3,90
-0.9048,0.2632,0.1455,32.988,-3.720,6.098,3,90
-0.8950,0.2759,0.1465,30.183,-3.720,6.402,3,90
0.0415,-0.9829,0.2393,72.317,53.476,-49.207,1,12
0.0708,-0.9839,0.2314,72.866,53.963,-48.476,1,12
0.0835,-0.9829,0.2388,73.415,54.146,-47.988,1,12
0.1113,-0.9927,0.2432,72.683,53.841,-48.232,1,12
0.1392,-1.0044,0.2388,71.890,53.049,-48.598,1,12
0.1489,-1.0151,0.2349,70.610,52.805,-49.146,1,12
0.1685,-1.0234,0.2344,68.841,51.280,-49.939,1,12
0.1846,-1.0371,0.2300,66.646,49.939,-50.305,1,12
0.5425,0.9976,-0.3711,-103.293,-91.829,-2.744,2,12
0.5273,0.9995,-0.3779,-101.829,-91.829,-1.951,2,12
0.5190,1.0049,-0.3755,-100.488,-91.890,-1.037,2,12
0.5059,1.0171,-0.3677,-99.573,-92.378,0.000,2,12
0.4893,1.0122,-0.3706,-98.659,-92.683,0.854,2,12
0.4800,1.0161,-0.3745,-97.317,-93.293,1.463,2,12
0.4727,1.0166,-0.3667,-95.793,-93.720,2.561,2,12
0.4536,1.0181,-0.3530,-93.841,-94.024,3.415,2,12
-0.8501,0.3369,0.1221,25.671,-1.829,9.390,3,90
-0.8589,0.3271,0.1035,26.159,-1.707,9.634,3,90
-0.8481,0.3232,0.1001,27.134,-1.585,9.817,3,90
-0.8389,0.3071,0.0820,27.805,-1.890,9.878,3,90
-0.8369,0.3018,0.0825,27.744,-2.012,10.000,3,90
-0.8389,0.2896,0.0737,27.378,-2.256,10.061,3,90
-0.8354,0.2725,0.0654,27.012,-2.317,10.061,3,90
-0.8384,0.2573,0.0630,26.585,-2.622,10.000,3,90
0.2539,-1.0459,0.1450,31.159,38.659,-49.268,1,12
0.2559,-1.0381,0.1396,26.037,38.415,-48.110,1,12
0.2437,-1.0210,0.1445,20.183,38.354,-47.317,1,12
0.2500,-1.0137,0.1279,14.512,38.659,-46.037,1,12
0.2515,-1.0005,0.1274,8.415,39.085,-45.000,1,12
0.2490,-0.9897,0.1216,2.805,39.573,-44.024,1,12
0.2480,-0.9790,0.1182,-4.878,40.976,-43.171,1,12
0.2480,-0.9756,0.1123,-8.598,42.256,-42.561,1,12
0.3726,0.9341,-0.3560,-67.622,-96.463,11.707,2,12
0.3618,0.9204,-0.3618,-63.598,-96.220,12.805,2,12
0.3628,0.9160,-0.3545,-60.244,-95.976,13.720,2,12
0.3540,0.9155,-0.3564,-56.890,-95.427,14.390,2,12
0.3486,0.9077,-0.3530,-54.573,-95.549,15.122,2,12
0.3462,0.8994,-0.3438,-52.378,-95.122,15.549,2,12
0.3418,0.8960,-0.3418,-50.183,-95.122,16.098,2,12
0.3403,0.8931,-0.3374,-48.659,-95.305,16.951,2,12
-0.8887,0.1484,0.0112,21.341,-4.207,9.085,3,90
-0.8975,0.1494,0.0220,20.732,-4.695,9.146,3,90
-0.9141,0.1553,0.0063,18.659,-3.902,7.744,3,90
-0.9102,0.1563,0.0132,18.293,-4.207,7.256,3,90
-0.9058,0.1475,-0.0020,17.317,-4.024,7.012,3,90
-0.9019,0.1392,0.0283,16.159,-4.939,6.951,3,90
-0.9053,0.1392,0.0132,15.732,-4.756,6.341,3,90
-0.9004,0.1636,-0.0088,15.793,-4.329,5.610,3,90
0.2910,-0.9365,0.1274,-33.232,55.793,-38.171,1,12
0.2988,-0.9233,0.1191,-35.122,57.256,-38.171,1,12
0.3159,-0.9155,0.1211,-38.232,58.049,-37.622,1,12
0.3213,-0.8975,0.1074,-40.671,59.390,-37.439,1,12
0.3271,-0.8921,0.1035,-43.537,59.695,-36.707,1,12
0.3335,-0.8853,0.1001,-46.159,60.427,-36.098,1,12
0.3350,-0.8765,0.1025,-48.537,61.220,-35.183,1,12
0.3350,-0.8740,0.1050,-50.488,62.256,-34.451,1,12
0.3237,0.7944,-0.2983,-53.171,-96.707,23.354,2,12
0.3262,0.7729,-0.2910,-55.000,-95.854,23.780,2,12
0.3276,0.7612,-0.2847,-56.951,-95.061,23.902,2,12
0.3301,0.7549,-0.2935,-58.293,-93.841,23.720,2,12
0.3428,0.7329,-0.2949,-60.000,-93.171,23.780,2,12
0.3442,0.7344,-0.3027,-61.707,-92.073,22.927,2,12
0.3491,0.7285,-0.2993,-63.110,-91.280,22.195,2,12
0.3462,0.7314,-0.2988,-64.634,-90.305,21.646,2,12
-0.9150,0.1201,-0.0820,14.329,-7.622,0.915,3,90
-0.9063,0.1050,-0.0776,13.293,-7.866,0.854,3,90
-0.9087,0.1040,-0.0547,12.927,-8.171,0.366,3,90
-0.9224,0.1411,-0.0342,12.378,-8.537,-0.427,3,90
-0.9204,0.1665,-0.0225,10.854,-8.902,-1.220,3,90
-0.9063,0.1807,-0.0132,11.098,-8.841,-1.646,3,90
-0.9019,0.1982,-0.0142,11.341,-9.512,-2.195,3,90
-0.8911,0.2163,-0.0083,12.378,-10.488,-2.744,3,90
0.3813,-0.7749,0.1191,-47.622,75.793,-24.268,1,12
0.3906,-0.7563,0.1133,-46.159,77.317,-22.744,1,12
0.3999,-0.7432,0.1006,-44.878,78.659,-21.220,1,12
0.4092,-0.7271,0.0967,-43.598,80.122,-20.122,1,12
0.4214,-0.7148,0.0938,-42.805,81.341,-19.085,1,12
0.4287,-0.7002,0.0874,-42.317,82.927,-17.683,1,12
0.4365,-0.6831,0.0811,-41.159,84.390,-16.341,1,12
0.4438,-0.6729,0.0884,-41.280,85.976,-15.549,1,12
0.3213,0.6953,-0.2500,-80.854,-84.024,9.939,2,12
0.3149,0.6963,-0.2598,-81.280,-82.744,8.537,2,12
0.3169,0.7017,-0.2588,-81.951,-81.524,7.073,2,12
0.3052,0.7007,-0.2710,-81.463,-79.634,5.732,2,12
0.3169,0.7168,-0.2617,-81.098,-77.622,3.963,2,12
0.3135,0.7290,-0.2637,-80.244,-75.610,2.805,2,12
0.3022,0.7529,-0.2637,-79.451,-73.780,1.159,2,12
0.3027,0.7749,-0.2651,-78.415,-71.585,0.000,2,12
0.3076,0.7954,-0.2598,-77.378,-69.817,-0.854,2,12
0.3018,0.8159,-0.2598,-76.037,-68.354,-2.378,2,12
0.3042,0.8364,-0.2568,-74.390,-67.073,-3.415,2,12
0.2954,0.8584,-0.2637,-72.500,-65.915,-4.390,2,12
0.3047,0.8867,-0.2676,-69.756,-64.939,-5.305,2,12
0.2983,0.9121,-0.2715,-66.768,-63.963,-6.280,2,12
0.3018,0.9297,-0.2583,-63.720,-63.171,-7.012,2,12
0.2925,0.9434,-0.2617,-60.366,-62.744,-7.988,2,12
-0.8643,0.2451,-0.0396,17.622,-23.598,-15.061,3,90
-0.8618,0.2578,-0.0210,18.110,-24.756,-16.341,3,90
-0.8667,0.2622,-0.0254,18.963,-25.671,-18.171,3,90
-0.8594,0.2490,-0.0391,18.720,-26.220,-19.024,3,90
-0.8608,0.2534,-0.0518,19.817,-26.951,-19.878,3,90
-0.8726,0.2622,-0.0659,20.976,-27.439,-20.854,3,90
-0.8931,0.2720,-0.0474,22.683,-27.683,-22.012,3,90
-0.9126,0.2944,-0.0371,24.756,-28.049,-23.232,3,90
0.6289,-0.6743,0.2354,-15.793,107.012,5.793,1,12
0.6367,-0.6787,0.2266,-14.268,106.890,6.890,1,12
0.6436,-0.6812,0.2207,-12.805,106.646,7.988,1,12
0.6445,-0.6885,0.2339,-11.768,106.402,9.573,1,12
0.6475,-0.6919,0.2422,-10.732,106.280,11.159,1,12
0.6382,-0.6899,0.2744,-10.549,105.671,12.378,1,12
0.6353,-0.6934,0.2783,-10.549,105.793,13.780,1,12
0.6313,-0.7061,0.2954,-10.854,105.366,14.878,1,12
0.2583,1.0439,-0.2378,-29.939,-58.720,-9.085,2,12
0.2627,1.0552,-0.2397,-27.317,-58.171,-8.476,2,12
0.2554,1.0552,-0.2383,-25.854,-57.317,-7.317,2,12
0.2466,1.0708,-0.2305,-24.756,-56.524,-6.402,2,12
0.2393,1.0688,-0.2300,-24.390,-55.549,-5.183,2,12
0.2266,1.0669,-0.2212,-24.024,-54.878,-4.024,2,12
0.2256,1.0723,-0.2217,-23.902,-54.207,-2.805,2,12
0.2139,1.0693,-0.2202,-24.268,-53.354,-1.829,2,12
-0.9985,0.2300,0.1504,39.207,-31.159,-29.268,3,90
-1.0024,0.2139,0.1616,38.902,-30.854,-30.122,3,90
-0.9976,0.1963,0.1528,38.354,-30.671,-30.610,3,90
-1.0020,0.1816,0.1479,36.646,-30.427,-30.915,3,90
-1.0044,0.1729,0.1509,34.817,-30.183,-31.220,3,90
-1.0195,0.1597,0.1577,32.500,-30.305,-31.768,3,90
-1.0195,0.1689,0.1792,30.061,-30.122,-32.195,3,90
-1.0239,0.1694,0.1689,27.073,-29.695,-32.683,3,90
0.5366,-0.8477,0.4316,-16.341,103.659,22.378,1,12
0.5376,-0.8579,0.4390,-17.683,103.354,22.378,1,12
0.5303,-0.8677,0.4365,-19.024,102.988,22.622,1,12
0.5322,-0.8647,0.4287,-20.427,102.439,22.073,1,12
0.5259,-0.8647,0.4170,-21.829,102.134,21.280,1,12
0.5430,-0.8599,0.4102,-22.866,101.646,20.366,1,12
0.5386,-0.8516,0.3970,-24.024,101.159,19.512,1,12
0.5508,-0.8442,0.3843,-25.366,100.305,18.293,1,12
0.1768,1.0645,-0.2134,-26.707,-44.024,7.256,2,12
0.1626,1.0654,-0.2139,-27.195,-42.622,7.927,2,12
0.1689,1.0659,-0.2085,-26.951,-41.524,8.476,2,12
0.1714,1.0703,-0.2100,-27.134,-40.427,9.024,2,12
0.1733,1.0791,-0.2134,-27.439,-39.268,9.634,2,12
0.1738,1.0747,-0.2168,-27.500,-38.232,10.183,2,12
0.1753,1.0752,-0.2085,-27.561,-37.500,10.854,2,12
0.1807,1.0815,-0.2183,-27.561,-36.402,11.524,2,12
-0.9883,0.1387,0.1431,30.671,-24.817,-30.854,3,90
-0.9897,0.1333,0.1377,30.793,-24.207,-30.427,3,90
-0.9902,0.1147,0.1299,31.220,-23.841,-29.756,3,90
-0.9814,0.1055,0.1372,31.220,-23.110,-29.268,3,90
-0.9912,0.0977,0.1362,30.854,-23.232,-29.024,3,90
-0.9829,0.0903,0.1411,29.634,-22.378,-28.841,3,90
-0.9766,0.0762,0.1602,28.537,-22.134,-28.415,3,90
-0.9775,0.0728,0.1670,26.768,-21.463,-27.866,3,90
0.5396,-0.8345,0.4546,-34.085,95.915,17.378,1,12
0.5386,-0.8311,0.4697,-32.866,96.037,17.866,1,12
0.5405,-0.8447,0.4736,-30.854,95.610,18.232,1,12
0.5376,-0.8423,0.4834,-29.634,95.366,18.963,1,12
0.5332,-0.8481,0.4805,-28.598,95.244,19.085,1,12
0.5347,-0.8521,0.4756,-27.927,94.939,19.268,1,12
0.5371,-0.8511,0.4761,-27.012,94.756,19.390,1,12
0.5313,-0.8477,0.4565,-27.256,94.268,18.963,1,12
0.1934,1.1138,-0.2197,-26.098,-31.159,18.659,2,12
0.1875,1.1157,-0.2251,-25.366,-30.610,19.085,2,12
0.1885,1.1064,-0.2188,-24.634,-30.366,19.573,2,12
0.1865,1.1030,-0.2251,-23.963,-29.756,20.244,2,12
0.1816,1.1016,-0.2212,-23.171,-29.451,20.427,2,12
0.1812,1.0918,-0.2295,-22.134,-28.963,20.854,2,12
0.1812,1.0874,-0.2446,-21.037,-28.659,21.280,2,12
0.1792,1.0806,-0.2617,-19.634,-28.171,21.585,2,12
-0.9546,0.0601,0.1035,4.573,-17.866,-25.366,3,90
-0.9531,0.0493,0.1079,2.927,-17.195,-24.817,3,90
-0.9521,0.0347,0.1270,1.524,-17.073,-24.695,3,90
-0.9482,0.0186,0.1382,0.244,-16.829,-23.963,3,90
-0.9517,0.0161,0.1465,-1.341,-16.159,-23.354,3,90
-0.9468,-0.0034,0.1567,-2.927,-16.220,-22.622,3,90
-0.9512,-0.0073,0.1533,-4.756,-15.427,-21.890,3,90
-0.9678,-0.0156,0.1382,-6.220,-14.451,-21.159,3,90
0.5430,-0.8833,0.4497,-28.598,94.085,15.854,1,12
0.5464,-0.8848,0.4678,-28.232,94.268,16.524,1,12
0.5498,-0.8867,0.4688,-27.378,94.085,17.195,1,12
0.5518,-0.8906,0.4800,-26.646,93.902,18.293,1,12
0.5532,-0.8921,0.4814,-25.854,93.476,18.902,1,12
0.5503,-0.9033,0.4976,-24.695,93.110,19.939,1,12
0.5630,-0.9014,0.4941,-23.354,92.500,20.488,1,12
0.5615,-0.9023,0.4795,-23.110,92.317,21.037,1,12
0.1323,1.0850,-0.3403,-8.354,-20.061,22.195,2,12
0.1343,1.0869,-0.3428,-7.744,-19.573,22.500,2,12
0.1313,1.0908,-0.3442,-5.915,-17.866,22.195,2,12
0.1279,1.0967,-0.3462,-5.305,-17.195,22.256,2,12
0.1294,1.1006,-0.3628,-3.780,-15.976,22.561,2,12
0.1299,1.0991,-0.3604,-1.768,-14.573,22.256,2,12
0.1294,1.1055,-0.3706,-0.061,-13.476,22.012,2,12
0.1221,1.1079,-0.3647,2.073,-12.317,21.768,2,12
-1.0806,-0.0132,0.1455,-14.451,-9.024,-13.841,3,90
-1.0747,-0.0264,0.1396,-14.634,-7.744,-13.110,3,90
-1.0757,-0.0313,0.1440,-13.780,-7.195,-12.805,3,90
-1.0796,-0.0347,0.1455,-14.024,-6.707,-12.195,3,90
-1.0752,-0.0439,0.1494,-13.780,-5.854,-11.890,3,90
-1.0664,-0.0430,0.1392,-13.476,-5.183,-10.976,3,90
-1.0571,-0.0483,0.1416,-13.537,-4.268,-10.305,3,90
-1.0542,-0.0576,0.1450,-13.354,-3.780,-9.512,3,90
0.6133,-0.9307,0.4595,-19.085,87.927,20.366,1,12
0.6094,-0.9253,0.4580,-17.805,87.622,20.915,1,12
0.6084,-0.9316,0.4717,-16.098,87.683,21.524,1,12
0.6177,-0.9302,0.4731,-13.902,87.256,21.768,1,12
0.6187,-0.9360,0.4688,-11.585,87.195,22.744,1,12
0.6250,-0.9355,0.4722,-8.963,87.134,23.293,1,12
0.6309,-0.9395,0.4707,-5.915,87.134,24.024,1,12
0.6406,-0.9380,0.4551,-3.293,87.256,24.512,1,12
0.0977,1.1724,-0.4004,19.207,-1.402,17.012,2,12
0.0923,1.1797,-0.4082,20.915,-0.305,16.159,2,12
0.0884,1.1899,-0.4219,22.927,1.159,15.610,2,12
0.0771,1.1938,-0.4268,24.634,2.622,14.756,2,12
0.0718,1.2095,-0.4229,26.280,3.902,14.024,2,12
0.0684,1.2271,-0.4360,27.561,5.305,13.171,2,12
0.0596,1.2222,-0.4380,29.085,6.768,12.195,2,12
0.0527,1.2275,-0.4326,30.671,8.171,11.463,2,12
-1.0078,-0.0518,0.1724,-21.159,4.451,-0.122,3,90
-1.0137,-0.0483,0.1704,-22.256,5.061,0.488,3,90
-1.0107,-0.0498,0.1655,-24.878,5.732,0.915,3,90
-1.0088,-0.0513,0.1592,-27.195,6.402,1.707,3,90
-1.0151,-0.0488,0.1558,-30.061,6.890,2.500,3,90
-1.0161,-0.0552,0.1523,-32.622,7.256,2.866,3,90
-1.0127,-0.0479,0.1528,-36.341,8.049,4.024,3,90
-1.0137,-0.0356,0.1426,-38.841,8.598,4.573,3,90
0.7480,-0.9971,0.4707,10.549,87.439,33.110,1,12
0.7622,-1.0107,0.4888,11.037,87.439,34.512,1,12
0.7778,-1.0225,0.4956,11.707,87.195,35.976,1,12
0.7852,-1.0391,0.5049,12.317,86.890,37.622,1,12
0.8076,-1.0518,0.5132,13.049,86.098,38.963,1,12
0.8184,-1.0674,0.5054,13.841,85.488,40.427,1,12
0.8457,-1.0854,0.5088,14.390,84.207,41.402,1,12
0.8501,-1.1060,0.5161,14.695,82.866,42.744,1,12
-0.0249,1.2490,-0.4502,39.329,22.988,2.134,2,12
-0.0347,1.2554,-0.4463,39.817,24.817,0.915,2,12
-0.0361,1.2612,-0.4404,39.939,26.829,-0.610,2,12
-0.0425,1.2617,-0.4302,40.061,28.780,-1.890,2,12
-0.0391,1.2773,-0.4292,39.878,31.159,-2.988,2,12
-0.0415,1.2813,-0.4282,39.634,32.988,-3.841,2,12
-0.0508,1.2866,-0.4214,38.720,34.756,-5.061,2,12
-0.0610,1.2896,-0.4229,38.537,36.585,-5.793,2,12
-1.0010,-0.0278,0.0552,-50.732,11.159,9.695,3,90
-1.0088,-0.0327,0.0474,-49.207,12.500,10.549,3,90
-1.0269,-0.0430,0.1025,-46.463,14.329,11.220,3,90
-1.0420,-0.0225,0.1655,-45.305,16.280,12.012,3,90
-1.0400,-0.0034,0.1987,-45.183,17.622,12.561,3,90
-1.0459,0.0044,0.2334,-45.183,19.695,14.085,3,90
-1.0396,0.0161,0.2441,-45.915,21.707,15.366,3,90
-1.0278,0.0200,0.2261,-48.293,23.293,16.646,3,90
1.0176,-1.2251,0.5815,8.415,65.366,47.683,1,12
1.0537,-1.2324,0.5801,8.659,61.585,48.110,1,12
1.0879,-1.2412,0.5767,9.146,58.110,48.598,1,12
1.1206,-1.2344,0.5620,10.488,54.390,49.085,1,12
1.1514,-1.2334,0.5503,11.829,50.061,49.268,1,12
1.1860,-1.2178,0.5479,13.841,45.122,49.634,1,12
1.2168,-1.1963,0.5469,15.732,40.122,49.939,1,12
1.2520,-1.1748,0.5444,17.622,35.183,50.061,1,12
-0.1216,1.4229,-0.4639,44.024,52.805,-13.902,2,12
-0.1294,1.4331,-0.4854,45.305,54.695,-14.451,2,12
-0.1387,1.4541,-0.4907,47.073,56.951,-15.122,2,12
-0.1450,1.4756,-0.4951,49.024,59.085,-15.549,2,12
-0.1504,1.4888,-0.5024,51.280,61.280,-15.793,2,12
-0.1665,1.5020,-0.4976,53.354,63.598,-16.280,2,12
-0.1724,1.5142,-0.5059,55.976,65.854,-16.646,2,12
-0.1758,1.5303,-0.5127,58.232,68.293,-17.378,2,12
-1.0654,-0.0898,0.1274,-63.476,26.829,20.488,3,90
-1.0684,-0.0977,0.1245,-66.768,27.256,19.817,3,90
-1.0762,-0.0898,0.1050,-70.976,27.561,18.902,3,90
-1.0908,-0.0952,0.0962,-75.244,27.561,17.866,3,90
-1.0972,-0.0854,0.0996,-79.268,27.988,16.829,3,90
-1.1152,-0.0776,0.1172,-83.232,28.110,15.915,3,90
-1.1069,-0.0825,0.1089,-87.195,27.744,15.000,3,90
-1.1006,-0.0923,0.0894,-89.878,28.598,14.390,3,90
1.5566,-1.0225,0.5195,40.976,-16.951,58.659,1,12
1.5811,-1.0313,0.5156,42.927,-23.354,59.634,1,12
1.6050,-1.0391,0.5205,44.756,-29.146,61.220,1,12
1.6289,-1.0620,0.5088,46.341,-35.244,62.561,1,12
1.6465,-1.0830,0.5161,47.195,-40.793,64.024,1,12
1.6680,-1.1001,0.5244,47.866,-46.098,64.878,1,12
1.6870,-1.1294,0.5420,48.171,-51.524,66.402,1,12
1.7104,-1.1504,0.5791,48.476,-56.707,66.951,1,12
-0.1826,1.5854,-0.4668,88.415,87.073,-20.610,2,12
-0.1841,1.5806,-0.4512,92.195,88.415,-20.976,2,12
-0.1685,1.5840,-0.4395,95.793,90.183,-21.463,2,12
-0.1724,1.5767,-0.4341,99.268,91.585,-21.585,2,12
-0.1636,1.5718,-0.4204,102.317,93.110,-22.317,2,12
-0.1548,1.5649,-0.4136,105.610,94.390,-22.561,2,12
-0.1475,1.5498,-0.3862,108.902,95.671,-23.354,2,12
-0.1377,1.5376,-0.3872,111.646,97.195,-23.780,2,12
-1.1084,-0.0615,-0.0381,-88.232,31.951,5.732,3,90
-1.1104,-0.0479,-0.0503,-87.683,32.317,5.244,3,90
-1.1250,-0.0425,-0.0752,-86.098,32.683,4.512,3,90
-1.1406,-0.0352,-0.0757,-83.171,33.232,3.659,3,90
-1.1592,-0.0474,-0.0410,-78.720,33.659,3.476,3,90
-1.1636,-0.0493,-0.0083,-73.902,33.963,3.293,3,90
-1.1670,-0.0645,0.0156,-69.939,34.085,2.805,3,90
-1.1680,-0.0801,0.0410,-67.500,34.756,2.195,3,90
2.2485,-1.1592,0.8813,16.159,-101.159,45.305,1,12
2.3486,-1.1318,0.9302,10.610,-108.110,40.000,1,12
2.4609,-1.0933,0.9868,5.366,-115.549,35.244,1,12
2.5835,-1.0381,1.0107,0.366,-123.476,30.610,1,12
2.7021,-0.9756,1.0396,-5.000,-132.439,26.707,1,12
2.8394,-0.9136,1.0493,-9.695,-142.134,23.354,1,12
2.9893,-0.8198,1.0630,-13.110,-152.988,20.671,1,12
3.0811,-0.7412,1.0552,-16.402,-164.878,18.537,1,12
-0.0430,1.4272,-0.2793,132.805,104.390,-29.817,2,12
-0.0254,1.4082,-0.2651,134.390,105.122,-30.427,2,12
-0.0088,1.3906,-0.2568,135.488,105.854,-31.159,2,12
0.0044,1.3745,-0.2363,136.951,106.646,-31.707,2,12
0.0220,1.3569,-0.2227,138.110,106.829,-32.683,2,12
0.0322,1.3438,-0.2134,139.451,107.317,-33.659,2,12
0.0610,1.3203,-0.2021,140.793,107.378,-34.268,2,12
0.0825,1.3062,-0.1919,141.646,107.683,-34.939,2,12
-1.0977,0.0176,0.2607,-90.122,36.159,-5.854,3,90
-1.1011,0.0459,0.2588,-93.171,35.976,-4.634,3,90
-1.0879,0.1406,0.2607,-100.366,35.488,-2.134,3,90
-1.0830,0.1865,0.2500,-104.207,35.366,-0.915,3,90
-1.0703,0.2324,0.2598,-106.890,34.451,0.610,3,90
-1.0566,0.2744,0.2505,-108.049,34.024,1.524,3,90
-1.0483,0.2954,0.2339,-108.598,33.537,2.805,3,90
-1.0381,0.3135,0.2158,-107.866,32.866,4.085,3,90
3.8350,0.2612,1.1230,8.293,-273.171,23.537,1,12
3.8472,0.3486,1.2339,17.683,-276.585,22.317,1,12
3.8545,0.4209,1.3735,25.244,-278.902,20.610,1,12
3.8613,0.4878,1.4883,30.915,-279.573,17.195,1,12
3.8677,0.5322,1.5928,35.488,-282.317,12.805,1,12
3.8726,0.5601,1.7207,38.293,-286.402,8.293,1,12
3.8638,0.5615,1.8799,40.671,-290.488,2.683,1,12
3.8154,0.5664,2.0205,42.073,-293.659,-3.293,1,12
0.1943,1.1377,-0.0942,148.171,104.512,-35.793,2,12
0.2075,1.1182,-0.0703,147.195,103.354,-35.549,2,12
0.2100,1.0840,-0.0645,146.220,102.561,-35.183,2,12
0.2144,1.0576,-0.0371,144.756,101.829,-34.512,2,12
0.2285,1.0293,-0.0273,143.110,100.976,-33.963,2,12
0.2378,0.9863,-0.0098,141.524,100.000,-33.110,2,12
0.2598,0.9502,0.0029,139.817,99.207,-32.012,2,12
0.2773,0.9048,0.0205,137.378,98.415,-31.280,2,12
-0.9673,0.5054,0.1646,-85.976,30.671,4.634,3,90
-0.9570,0.5234,0.1709,-82.439,30.366,5.183,3,90
-0.9214,0.5557,0.1807,-80.061,29.695,5.000,3,90
-0.8950,0.5840,0.1919,-77.195,29.451,5.183,3,90
-0.8784,0.6147,0.2070,-74.573,29.207,5.488,3,90
-0.8447,0.6353,0.2168,-72.073,28.659,6.159,3,90
-0.8228,0.6426,0.2368,-68.476,28.354,6.829,3,90
-0.7920,0.6509,0.2544,-65.976,27.744,7.256,3,90
3.4243,0.7412,2.6523,-18.659,-366.280,-14.756,1,12
3.3545,0.7954,2.6411,-30.427,-373.232,-8.598,1,12
3.2725,0.8364,2.5942,-42.500,-379.329,-1.159,1,12
3.1772,0.8735,2.5391,-54.268,-385.122,7.378,1,12
3.0728,0.9126,2.4580,-65.854,-389.268,16.098,1,12
2.9668,0.9609,2.3784,-75.854,-390.854,25.732,1,12
2.8452,1.0073,2.3003,-82.988,-390.244,35.854,1,12
2.7080,1.0542,2.2295,-87.134,-388.293,48.110,1,12
0.5571,0.5142,0.1157,106.159,86.585,-19.451,2,12
0.6045,0.4800,0.1226,102.378,84.329,-17.683,2,12
0.6499,0.4282,0.1274,98.293,82.378,-15.793,2,12
0.7021,0.3989,0.1211,94.085,80.122,-13.963,2,12
0.7544,0.3530,0.1265,90.122,77.500,-12.134,2,12
0.8125,0.3120,0.1191,86.280,75.000,-9.756,2,12
0.8579,0.2788,0.1108,82.439,72.195,-7.805,2,12
0.9023,0.2520,0.1001,79.207,69.817,-5.610,2,12
-0.6289,0.6558,0.3628,-38.049,21.159,13.902,3,90
-0.6479,0.6421,0.3555,-34.573,20.793,14.634,3,90
-0.6475,0.6108,0.3325,-31.707,20.122,15.183,3,90
-0.6641,0.5796,0.2910,-27.683,19.817,16.463,3,90
-0.6904,0.5503,0.2568,-23.720,19.512,16.890,3,90
-0.7192,0.5225,0.2437,-19.024,19.451,17.500,3,90
-0.7490,0.4839,0.2275,-14.634,19.817,17.561,3,90
-0.7695,0.4561,0.1880,-10.549,19.451,17.805,3,90
-0.7803,0.4111,0.1206,-6.768,18.476,18.841,3,90
-0.7939,0.3696,0.0645,-2.805,17.622,19.756,3,90
-0.8188,0.3252,0.0361,1.220,17.134,20.183,3,90
-0.8267,0.2881,0.0103,5.549,16.402,20.183,3,90
-0.8428,0.2671,-0.0244,9.634,15.610,20.366,3,90
-0.8564,0.2480,-0.0454,11.524,14.634,19.878,3,90
-0.8848,0.2217,-0.0415,12.500,14.207,19.329,3,90
-0.8945,0.1880,-0.0439,13.598,13.963,18.780,3,90
-16.0000,-5.5659,3.2368,167.866,-174.512,200.183,1,12
-13.0786,-4.5205,2.0049,1.341,1.768,263.415,1,12
-7.3823,-4.7734,0.9858,-210.793,105.610,155.854,1,12
-4.9292,-5.0024,1.1650,-362.988,139.573,45.488,1,12
-3.4507,-5.1470,1.9941,-420.000,126.768,-58.354,1,12
-3.1445,-5.0674,2.4507,-347.134,106.280,-126.829,1,12
-3.9497,-4.4336,2.1743,-263.841,53.110,-145.793,1,12
-5.9883,-2.7148,1.4404,-162.805,2.561,-159.390,1,12
-1.0425,-0.0898,-0.0981,19.634,8.902,13.598,3,90
-1.0576,-0.1035,-0.1128,17.866,8.354,12.988,3,90
-1.0728,-0.1216,-0.1040,16.341,7.683,12.317,3,90
-1.0742,-0.1343,-0.0820,14.451,7.622,11.341,3,90
-1.0723,-0.1362,-0.0771,11.220,7.378,10.488,3,90
-1.0537,-0.1421,-0.0762,7.683,6.585,9.512,3,90
-1.0488,-0.1333,-0.0361,4.024,6.220,8.780,3,90
-1.0288,-0.1050,-0.0093,-0.183,6.220,7.073,3,90
-1.4531,-0.1855,-0.6753,-36.220,38.293,137.744,1,12
-1.1367,-0.0537,-0.8462,-20.244,21.524,132.500,1,12
-0.9346,0.1484,-0.9126,-2.622,12.683,128.293,1,12
-0.9058,0.4097,-0.8999,6.768,14.024,122.805,1,12
-0.9619,0.6465,-0.8511,4.695,22.195,114.329,1,12
-1.0205,0.8740,-0.7544,-5.122,33.659,102.073,1,12
-1.0581,1.0571,-0.6899,-21.524,45.427,89.451,1,12
-1.1333,1.1543,-0.6577,-37.134,56.707,75.671,1,12
-1.0972,1.1831,-0.6406,-49.329,65.610,61.524,1,12
-1.0288,1.1362,-0.6392,-55.122,72.134,46.585,1,12
-0.9819,1.0103,-0.7085,-53.537,74.878,31.646,1,12
-0.8086,0.8647,-0.7314,-42.256,74.207,16.402,1,12
-0.6738,0.6948,-0.7871,-25.183,68.476,1.768,1,12
-0.5269,0.4668,-0.8247,-1.524,60.122,-11.280,1,12
-0.4014,0.2485,-0.8306,25.305,50.427,-22.317,1,12
-0.3369,-0.0176,-0.7832,55.976,41.829,-31.646,1,12
0.6016,0.0415,-0.2505,103.354,37.561,-21.159,2,12
0.5894,0.0454,-0.2515,102.866,35.854,-21.220,2,12
0.5684,0.0464,-0.2495,102.256,34.146,-21.707,2,12
0.5527,0.0464,-0.2480,100.671,32.744,-21.890,2,12
0.5352,0.0420,-0.2471,99.207,31.098,-22.195,2,12
0.5273,0.0400,-0.2529,96.585,29.512,-21.768,2,12
0.5142,0.0308,-0.2446,94.695,28.110,-21.585,2,12
0.5034,0.0220,-0.2505,92.012,26.463,-21.341,2,12
-0.7832,0.3267,-0.0684,13.232,-4.695,13.720,3,90
-0.7866,0.3198,-0.0732,19.390,-4.451,13.963,3,90
-0.7827,0.3135,-0.0786,24.878,-4.817,14.634,3,90
-0.7700,0.3008,-0.0820,30.976,-4.878,15.244,3,90
-0.7729,0.2852,-0.0903,36.463,-5.183,15.915,3,90
-0.7744,0.2544,-0.0898,42.439,-5.610,17.012,3,90
-0.7798,0.2212,-0.0854,48.415,-5.610,17.805,3,90
-0.7842,0.1963,-0.0801,53.963,-5.244,18.780,3,90
0.2915,-1.3013,0.8447,186.463,151.463,-74.024,1,12
0.7007,-1.5483,0.9692,182.500,179.573,-77.317,1,12
0.9629,-1.7056,1.1021,181.463,201.524,-81.037,1,12
1.2148,-1.8350,1.1577,180.122,216.098,-89.207,1,12
1.5244,-1.9673,1.2056,181.463,222.195,-100.854,1,12
1.8130,-2.0781,1.2178,185.183,219.817,-115.366,1,12
1.9316,-2.1489,1.2114,186.829,206.341,-126.280,1,12
1.9014,-2.0947,1.2310,182.561,177.744,-121.402,1,12
0.4824,-0.1099,-0.2383,51.098,14.512,-15.305,2,12
0.4839,-0.1250,-0.2471,44.390,14.451,-14.085,2,12
0.4897,-0.1450,-0.2485,37.866,13.902,-13.354,2,12
0.4980,-0.1533,-0.2476,30.061,13.659,-12.500,2,12
0.5078,-0.1670,-0.2520,22.378,13.232,-11.463,2,12
0.5210,-0.1670,-0.2476,14.634,12.927,-10.793,2,12
0.5386,-0.1675,-0.2578,5.793,12.500,-9.756,2,12
0.5576,-0.1602,-0.2690,-2.927,12.317,-9.268,2,12
-0.8428,0.0063,-0.0938,72.195,-3.598,24.390,3,90
-0.8477,0.0029,-0.0957,70.610,-3.780,24.390,3,90
-0.8447,0.0029,-0.1045,69.146,-3.659,24.451,3,90
-0.8442,0.0093,-0.1104,68.537,-2.927,24.756,3,90
-0.8442,0.0229,-0.1270,67.561,-2.378,24.634,3,90
-0.8433,0.0210,-0.1553,67.439,-1.951,24.756,3,90
-0.8442,0.0347,-0.2026,68.659,-1.159,25.000,3,90
-0.8423,0.0435,-0.2271,70.305,-0.976,25.427,3,90
0.6519,-1.0410,-0.0898,14.451,13.049,-18.720,1,12
0.5264,-0.9741,-0.0591,8.110,32.195,-28.354,1,12
0.4277,-0.8921,0.0068,-0.183,48.415,-32.927,1,12
0.3374,-0.8052,0.0762,-9.695,60.976,-33.659,1,12
0.2656,-0.7559,0.1182,-17.927,70.061,-31.159,1,12
0.2002,-0.7383,0.1479,-22.500,75.976,-27.500,1,12
0.1396,-0.7422,0.1797,-23.171,79.695,-24.573,1,12
0.0869,-0.7607,0.1978,-19.268,82.012,-22.927,1,12
0.6650,-0.0039,-0.2905,-84.390,7.073,-8.720,2,12
0.6704,0.0078,-0.2905,-92.073,5.610,-9.329,2,12
0.6743,0.0337,-0.3003,-98.780,3.963,-10.732,2,12
0.6812,0.0488,-0.3115,-105.366,2.561,-11.585,2,12
0.6802,0.0742,-0.3135,-111.402,0.854,-12.744,2,12
0.6880,0.0918,-0.3105,-116.829,-1.037,-13.598,2,12
0.6807,0.1104,-0.3091,-122.256,-2.805,-14.756,2,12
0.6870,0.1196,-0.3164,-127.073,-4.085,-16.220,2,12
-0.9165,-0.0493,-0.1045,93.841,1.341,29.634,3,90
-0.9351,-0.0669,-0.0806,92.439,1.341,29.390,3,90
-0.9556,-0.0728,-0.0713,91.098,1.037,29.207,3,90
-0.9751,-0.0679,-0.0513,88.841,1.220,28.841,3,90
-0.9976,-0.0566,-0.0142,86.707,1.402,28.841,3,90
-1.0049,-0.0503,0.0356,82.683,1.768,28.293,3,90
-1.0156,-0.0498,0.0298,77.744,1.098,28.049,3,90
-1.0215,-0.0376,0.0098,72.744,0.305,27.927,3,90
0.0474,-1.0410,0.7202,53.415,72.744,-34.634,1,12
0.0811,-1.0688,0.7466,53.841,68.841,-35.305,1,12
0.0991,-1.0903,0.7749,53.598,65.366,-35.854,1,12
0.1240,-1.1035,0.7993,52.561,62.561,-37.012,1,12
0.1411,-1.1177,0.8257,50.610,61.402,-38.049,1,12
0.1567,-1.1206,0.8452,48.293,61.951,-39.512,1,12
0.1709,-1.1294,0.8687,44.939,62.622,-42.073,1,12
0.1807,-1.1348,0.8911,39.268,64.024,-47.134,1,12
0.7241,0.3408,-0.2456,-152.988,-16.646,-28.476,2,12
0.7383,0.3774,-0.2280,-154.268,-18.049,-29.878,2,12
0.7471,0.3989,-0.2192,-156.037,-19.207,-31.524,2,12
0.7534,0.4282,-0.1982,-157.439,-20.427,-32.683,2,12
0.7617,0.4575,-0.1934,-158.598,-21.402,-33.963,2,12
0.7759,0.4868,-0.1787,-159.878,-22.683,-35.122,2,12
0.7808,0.5229,-0.1689,-160.976,-24.146,-36.220,2,12
0.7915,0.5483,-0.1519,-161.646,-24.878,-36.768,2,12
-1.0068,0.2710,0.0493,16.524,-10.244,16.463,3,90
-0.9917,0.3066,0.0605,14.207,-11.280,15.305,3,90
-0.9907,0.3408,0.0742,13.415,-12.073,14.573,3,90
-0.9858,0.3633,0.0884,13.659,-12.744,13.720,3,90
-0.9878,0.3887,0.0894,14.390,-13.720,13.232,3,90
-0.9800,0.4102,0.0884,16.220,-14.512,12.805,3,90
-0.9771,0.4243,0.0884,18.354,-15.061,12.500,3,90
-0.9751,0.4331,0.0923,21.098,-16.098,12.256,3,90
0.5845,-1.1704,0.8481,4.512,55.488,-81.768,1,12
0.6362,-1.1479,0.8306,3.537,53.963,-85.488,1,12
0.6895,-1.1133,0.8149,3.110,53.598,-88.415,1,12
0.7314,-1.0840,0.8062,3.232,52.378,-90.427,1,12
0.7495,-1.0352,0.8096,4.146,51.159,-91.707,1,12
0.7715,-0.9961,0.8013,5.427,48.720,-91.829,1,12
0.7681,-0.9478,0.8081,6.707,45.610,-90.305,1,12
0.7446,-0.9082,0.8086,8.354,41.951,-87.134,1,12
0.8730,0.7646,-0.1079,-152.988,-44.878,-37.012,2,12
0.8647,0.7900,-0.1133,-150.793,-46.890,-36.829,2,12
0.8647,0.8086,-0.1201,-148.232,-49.329,-36.585,2,12
0.8633,0.8223,-0.1309,-145.549,-51.646,-36.220,2,12
0.8643,0.8418,-0.1387,-142.439,-54.085,-35.793,2,12
0.8652,0.8657,-0.1426,-139.451,-56.402,-35.610,2,12
0.8672,0.8828,-0.1567,-135.915,-58.720,-34.939,2,12
0.8696,0.9014,-0.1514,-132.683,-60.976,-34.756,2,12
-1.0029,0.4072,0.1030,38.171,-22.195,7.317,3,90
-0.9980,0.3989,0.1069,39.756,-23.232,6.768,3,90
-0.9878,0.3872,0.0923,40.854,-23.720,6.341,3,90
-0.9839,0.3813,0.0981,41.524,-24.268,5.793,3,90
-0.9736,0.3687,0.0996,42.622,-24.878,5.366,3,90
-0.9722,0.3696,0.0947,42.988,-25.122,4.756,3,90
-0.9561,0.3569,0.0923,42.988,-25.732,4.573,3,90
-0.9565,0.3384,0.0679,43.354,-26.220,3.902,3,90
0.2456,-0.8682,0.6997,39.634,1.829,-54.695,1,12
0.1953,-0.8755,0.6855,45.488,1.768,-54.329,1,12
0.1602,-0.8872,0.6777,51.585,2.988,-54.390,1,12
0.1172,-0.8989,0.6670,57.439,5.793,-55.305,1,12
0.0806,-0.9126,0.6704,62.744,8.963,-56.280,1,12
0.0547,-0.9150,0.6660,67.195,13.476,-57.195,1,12
0.0259,-0.9302,0.6860,72.622,20.549,-59.146,1,12
0.0190,-0.9434,0.6870,75.000,25.610,-60.854,1,12
0.8389,1.0254,-0.1709,-100.671,-76.829,-24.512,2,12
0.8350,1.0405,-0.1689,-98.537,-78.415,-23.110,2,12
0.8271,1.0464,-0.1675,-96.098,-80.061,-21.646,2,12
0.8262,1.0552,-0.1538,-94.207,-81.280,-20.000,2,12
0.8193,1.0703,-0.1553,-92.134,-82.805,-18.780,2,12
0.8047,1.0830,-0.1436,-90.732,-83.841,-16.951,2,12
0.8071,1.0977,-0.1372,-90.427,-85.183,-15.122,2,12
0.7881,1.1021,-0.1470,-90.061,-86.890,-13.415,2,12
-0.9751,0.3276,0.0649,58.659,-24.939,1.707,3,90
-0.9673,0.3174,0.0693,61.220,-24.939,2.256,3,90
-0.9653,0.3149,0.0669,64.451,-24.939,2.683,3,90
-0.9595,0.3027,0.0830,65.793,-24.512,2.927,3,90
-0.9590,0.2915,0.0918,66.829,-24.085,2.988,3,90
-0.9502,0.2700,0.0923,67.683,-23.780,3.415,3,90
-0.9448,0.2603,0.1074,68.110,-23.354,3.720,3,90
-0.9365,0.2466,0.1016,68.354,-22.927,3.598,3,90
0.1846,-1.0112,0.6436,65.183,39.451,-74.207,1,12
0.2134,-1.0034,0.6372,63.110,38.354,-74.878,1,12
0.2339,-0.9912,0.6304,60.183,36.646,-75.549,1,12
0.2642,-0.9810,0.6167,56.707,35.244,-75.732,1,12
0.2852,-0.9619,0.6196,52.683,33.171,-75.915,1,12
0.3110,-0.9497,0.5996,48.232,31.341,-76.159,1,12
0.3213,-0.9292,0.5796,43.598,29.451,-75.488,1,12
0.3447,-0.9150,0.5605,39.451,26.829,-74.939,1,12
0.7085,1.0801,-0.1563,-84.329,-97.500,7.256,2,12
0.6987,1.0771,-0.1699,-83.293,-98.415,9.390,2,12
0.6914,1.0762,-0.1689,-82.561,-99.146,11.037,2,12
0.6846,1.0757,-0.1650,-81.341,-99.512,12.561,2,12
0.6777,1.0640,-0.1685,-80.427,-100.061,14.268,2,12
0.6753,1.0605,-0.1611,-79.878,-100.610,15.549,2,12
0.6675,1.0562,-0.1577,-79.451,-100.976,17.073,2,12
0.6729,1.0596,-0.1577,-79.024,-101.707,18.293,2,12
-0.8799,0.2012,0.0757,54.024,-18.659,2.378,3,90
-0.8770,0.1987,0.0728,50.976,-18.293,2.012,3,90
-0.8823,0.1953,0.0732,47.073,-17.988,1.768,3,90
-0.8682,0.1948,0.0625,44.390,-17.561,1.463,3,90
-0.8706,0.2129,0.0620,41.585,-17.256,1.220,3,90
-0.8594,0.2241,0.0625,39.512,-16.646,1.037,3,90
-0.8667,0.2295,0.0459,37.683,-16.402,1.098,3,90
-0.8628,0.2432,0.0405,36.463,-15.610,0.793,3,90
0.3721,-0.8525,0.3110,3.293,18.841,-58.780,1,12
0.3755,-0.8569,0.2798,-0.366,20.427,-57.744,1,12
0.3696,-0.8545,0.2554,-4.634,22.378,-56.890,1,12
0.3662,-0.8750,0.2388,-9.329,24.512,-55.671,1,12
0.3711,-0.8799,0.2212,-14.695,26.646,-54.512,1,12
0.3657,-0.8833,0.2119,-20.122,28.720,-53.171,1,12
0.3643,-0.8906,0.2051,-28.354,32.378,-51.829,1,12
0.3613,-0.8960,0.2031,-33.049,34.451,-51.524,1,12
0.3628,-0.8848,0.2065,-38.049,36.890,-51.341,1,12
0.3608,-0.8794,0.2192,-42.988,38.963,-51.159,1,12
0.3672,-0.8774,0.2310,-46.951,40.793,-50.732,1,12
0.3706,-0.8730,0.2461,-50.854,42.500,-50.610,1,12
0.3706,-0.8672,0.2549,-54.878,44.024,-50.305,1,12
0.3696,-0.8584,0.2720,-58.049,45.427,-49.817,1,12
0.3745,-0.8379,0.2822,-61.707,46.037,-49.451,1,12
0.3799,-0.8340,0.3003,-64.939,47.012,-48.720,1,12
0.5044,1.0361,-0.0991,-65.976,-119.268,54.756,2,12
0.4888,1.0220,-0.0962,-63.293,-120.305,56.524,2,12
0.4775,1.0088,-0.1021,-60.000,-121.463,57.927,2,12
0.4688,0.9990,-0.0923,-57.317,-122.378,59.817,2,12
0.4590,0.9941,-0.0889,-54.268,-123.232,60.671,2,12
0.4355,0.9893,-0.0903,-51.707,-124.207,62.195,2,12
0.4248,0.9917,-0.0923,-49.085,-125.061,63.232,2,12
0.4058,0.9854,-0.0972,-46.585,-125.488,64.573,2,12
-0.8589,0.0361,-0.1006,27.073,-13.841,-6.098,3,90
-0.8560,0.0200,-0.1021,25.244,-14.146,-6.585,3,90
-0.8599,0.0220,-0.0801,23.110,-14.085,-7.012,3,90
-0.8560,0.0200,-0.0859,20.305,-14.573,-7.927,3,90
-0.8535,0.0249,-0.0898,18.659,-14.939,-8.293,3,90
-0.8555,0.0386,-0.0830,16.829,-15.061,-8.841,3,90
-0.8638,0.0640,-0.0718,15.488,-14.817,-9.512,3,90
-0.8672,0.0918,-0.0801,14.390,-15.305,-10.305,3,90
0.3916,0.9810,-0.1006,-44.756,-125.671,66.037,2,12
0.3799,0.9751,-0.1050,-42.439,-125.610,67.195,2,12
0.3643,0.9658,-0.1113,-40.854,-125.549,68.659,2,12
0.3403,0.9639,-0.1084,-38.659,-124.634,70.244,2,12
0.3311,0.9580,-0.1069,-36.280,-124.268,72.012,2,12
0.3159,0.9492,-0.1216,-33.902,-123.232,73.110,2,12
0.3110,0.9487,-0.1274,-31.829,-122.439,74.451,2,12
0.2847,0.9297,-0.1294,-30.183,-121.280,75.610,2,12
0.2832,0.9248,-0.1372,-29.207,-120.061,76.585,2,12
0.2671,0.9067,-0.1475,-27.683,-119.268,77.561,2,12
0.2549,0.8896,-0.1470,-26.585,-118.598,77.988,2,12
0.2510,0.8740,-0.1538,-24.817,-117.561,78.780,2,12
0.2476,0.8579,-0.1543,-23.293,-116.829,78.841,2,12
0.2354,0.8423,-0.1626,-22.134,-116.098,78.780,2,12
0.2329,0.8164,-0.1636,-20.915,-115.427,78.415,2,12
0.2290,0.8066,-0.1782,-19.573,-114.146,77.988,2,12
-0.8628,0.1885,-0.0420,20.244,-18.110,-17.744,3,90
-0.8594,0.1792,-0.0376,18.902,-18.841,-18.720,3,90
-0.8594,0.1694,-0.0259,17.378,-19.390,-19.573,3,90
-0.8608,0.1836,-0.0342,15.488,-20.000,-20.793,3,90
-0.8721,0.2012,-0.0205,14.207,-20.244,-22.134,3,90
-0.8682,0.2168,-0.0283,12.622,-20.793,-23.171,3,90
-0.8667,0.2363,-0.0273,11.402,-21.768,-24.512,3,90
-0.8770,0.2441,-0.0293,10.915,-22.012,-25.549,3,90
0.5454,-0.4741,0.1841,-22.805,81.646,-37.378,1,12
0.5513,-0.4731,0.1899,-18.963,82.378,-36.280,1,12
0.5732,-0.4775,0.1865,-15.732,83.476,-35.061,1,12
0.5815,-0.4736,0.1919,-12.317,83.963,-33.537,1,12
0.5918,-0.4766,0.1973,-9.268,84.512,-31.951,1,12
0.5996,-0.4810,0.2036,-5.793,84.695,-30.549,1,12
0.6104,-0.4883,0.2104,-2.683,85.183,-29.085,1,12
0.6177,-0.4937,0.2173,0.854,85.732,-27.439,1,12
0.2002,0.6538,-0.2773,-10.427,-103.293,64.756,2,12
0.2007,0.6401,-0.3008,-8.598,-101.463,61.890,2,12
0.1958,0.6455,-0.3257,-6.402,-99.573,58.963,2,12
0.1992,0.6504,-0.3257,-4.817,-97.439,55.610,2,12
0.1885,0.6538,-0.3413,-4.268,-95.122,52.317,2,12
0.1880,0.6621,-0.3467,-4.268,-92.622,48.963,2,12
0.1865,0.6626,-0.3604,-4.268,-90.427,45.610,2,12
0.1846,0.6655,-0.3745,-3.963,-88.232,42.500,2,12
-0.8940,0.3696,0.0562,17.927,-24.756,-32.805,3,90
-0.9009,0.3823,0.0674,21.341,-25.122,-33.110,3,90
-0.8911,0.3926,0.0947,24.085,-25.122,-32.988,3,90
-0.8887,0.3931,0.1157,26.402,-25.549,-32.561,3,90
-0.8960,0.3936,0.1323,27.378,-25.732,-32.378,3,90
-0.8945,0.3999,0.1587,27.561,-25.854,-32.317,3,90
-0.9028,0.4067,0.1699,28.963,-25.427,-32.134,3,90
-0.9014,0.3965,0.1841,29.817,-25.610,-31.707,3,90
0.6348,-0.6206,0.3560,11.159,87.134,-16.829,1,12
0.6367,-0.6333,0.3784,10.610,87.012,-16.280,1,12
0.6382,-0.6470,0.3911,9.512,86.829,-15.793,1,12
0.6470,-0.6621,0.4043,8.232,86.524,-15.610,1,12
0.6465,-0.6704,0.4082,6.341,86.463,-15.000,1,12
0.6416,-0.6807,0.4282,4.268,86.098,-14.390,1,12
0.6387,-0.7012,0.4385,1.768,86.037,-14.329,1,12
0.6509,-0.7173,0.4399,-0.549,85.061,-13.780,1,12
0.6582,-0.7324,0.4370,-2.866,84.451,-13.476,1,12
0.6567,-0.7402,0.4429,-5.488,83.902,-12.744,1,12
0.6689,-0.7510,0.4409,-7.378,82.927,-12.317,1,12
0.6743,-0.7583,0.4341,-9.634,81.890,-11.646,1,12
0.6768,-0.7671,0.4326,-10.854,81.159,-10.854,1,12
0.6831,-0.7725,0.4185,-12.988,79.573,-9.573,1,12
0.6929,-0.7715,0.4160,-13.659,78.902,-8.720,1,12
0.6958,-0.7642,0.4053,-15.061,77.622,-7.805,1,12
-0.9551,0.3115,0.1431,43.537,-23.902,-25.122,3,90
-0.9575,0.2886,0.1445,45.183,-23.720,-24.451,3,90
-0.9614,0.2891,0.1499,46.402,-23.415,-24.268,3,90
-0.9702,0.2759,0.1479,47.744,-23.232,-23.659,3,90
-0.9619,0.2578,0.1489,49.756,-22.805,-23.415,3,90
-0.9561,0.2485,0.1367,51.220,-22.500,-22.317,3,90
-0.9497,0.2334,0.1328,52.927,-22.378,-21.890,3,90
-0.9448,0.2212,0.1304,54.512,-21.707,-21.220,3,90
0.7065,-0.7588,0.3955,-16.280,76.890,-6.707,1,12
0.7090,-0.7529,0.3984,-17.622,76.220,-6.280,1,12
0.7139,-0.7524,0.3848,-19.024,75.305,-5.610,1,12
0.7241,-0.7480,0.3872,-20.244,74.817,-4.939,1,12
0.7217,-0.7422,0.3848,-21.341,73.720,-4.268,1,12
0.7183,-0.7339,0.3848,-22.622,72.561,-3.902,1,12
0.7153,-0.7349,0.3999,-23.841,71.585,-3.598,1,12
0.7153,-0.7363,0.4043,-25.122,70.610,-2.988,1,12
0.0088,0.7783,-0.0576,-39.939,-53.232,-9.695,2,12
-0.0093,0.7935,-0.0601,-37.805,-53.354,-8.963,2,12
-0.0254,0.8145,-0.0771,-34.451,-53.110,-8.171,2,12
-0.0376,0.8359,-0.0938,-31.341,-53.232,-7.622,2,12
-0.0601,0.8779,-0.0933,-27.744,-52.927,-7.256,2,12
-0.0747,0.9185,-0.1118,-24.634,-52.561,-6.463,2,12
-0.0840,0.9590,-0.1123,-21.829,-52.378,-5.915,2,12
-0.0898,0.9971,-0.1226,-19.573,-52.317,-5.610,2,12
-0.1104,1.0337,-0.1333,-17.500,-52.683,-4.817,2,12
-0.1138,1.0923,-0.1499,-15.305,-53.049,-4.024,2,12
-0.1191,1.1025,-0.1440,-14.451,-52.988,-3.780,2,12
-0.1250,1.1226,-0.1582,-13.841,-53.354,-2.927,2,12
-0.1235,1.1362,-0.1763,-13.171,-53.720,-2.378,2,12
-0.1299,1.1533,-0.1724,-12.561,-53.902,-2.012,2,12
-0.1313,1.1577,-0.1885,-11.829,-53.354,-1.768,2,12
-0.1289,1.1641,-0.1958,-11.463,-52.683,-1.707,2,12
-0.7627,-0.0586,0.0200,66.037,-12.988,-11.829,3,90
-0.7617,-0.0830,0.0161,63.415,-12.622,-11.646,3,90
-0.7842,-0.0928,0.0107,60.183,-11.585,-11.646,3,90
-0.8022,-0.1030,0.0132,57.378,-10.793,-11.768,3,90
-0.8174,-0.1235,0.0918,55.122,-9.695,-11.768,3,90
-0.8335,-0.1221,0.1270,52.744,-8.963,-11.341,3,90
-0.8579,-0.1104,0.0986,49.756,-7.439,-10.671,3,90
-0.8740,-0.1216,0.0967,46.768,-6.646,-10.061,3,90
0.6440,-0.8140,0.5176,-35.366,48.049,-4.085,1,12
0.6401,-0.8164,0.5181,-36.585,47.378,-4.573,1,12
0.6357,-0.8218,0.5063,-37.500,46.159,-5.244,1,12
0.6323,-0.8286,0.5010,-38.415,45.122,-5.671,1,12
0.6348,-0.8320,0.4858,-40.122,43.110,-6.463,1,12
0.6265,-0.8457,0.4790,-40.732,42.256,-6.646,1,12
0.6274,-0.8555,0.4644,-41.524,41.707,-6.768,1,12
0.6289,-0.8594,0.4482,-41.829,40.549,-7.073,1,12
-0.0586,1.3384,-0.3110,-10.061,-34.939,3.841,2,12
-0.0542,1.3472,-0.3145,-10.122,-34.024,4.756,2,12
-0.0542,1.3594,-0.3335,-9.756,-32.927,6.463,2,12
-0.0547,1.3560,-0.3340,-9.512,-31.707,8.354,2,12
-0.0576,1.3477,-0.3428,-9.146,-30.549,10.122,2,12
-0.0542,1.3345,-0.3501,-8.963,-29.756,11.951,2,12
-0.0596,1.3164,-0.3413,-8.415,-28.963,13.476,2,12
-0.0649,1.2866,-0.3428,-7.744,-27.866,15.244,2,12
-1.1860,0.1646,0.3149,13.841,-11.890,-6.585,3,90
-1.2373,0.2739,0.3560,9.329,-14.146,-5.000,3,90
-1.3247,0.3838,0.3340,4.024,-15.183,-3.659,3,90
-1.3994,0.4312,0.3008,-1.585,-16.524,-2.439,3,90
-1.5044,0.4321,0.2896,-6.402,-18.537,-1.098,3,90
-1.6074,0.4517,0.2476,-11.037,-19.085,-0.610,3,90
-1.7075,0.4087,0.2271,-15.610,-19.329,-0.610,3,90
-1.7720,0.3242,0.1987,-18.780,-19.939,-1.220,3,90
0.6226,-0.8442,0.3901,-40.793,36.402,-5.793,1,12
0.6226,-0.8359,0.3799,-40.488,35.976,-5.366,1,12
0.6211,-0.8403,0.3813,-40.305,35.244,-5.061,1,12
0.6211,-0.8467,0.3716,-39.329,34.756,-5.061,1,12
0.6230,-0.8481,0.3804,-37.805,34.268,-4.573,1,12
0.6230,-0.8438,0.3740,-36.707,33.354,-4.512,1,12
0.6235,-0.8486,0.3799,-34.878,32.683,-4.268,1,12
0.6240,-0.8477,0.3818,-33.049,32.317,-3.720,1,12
0.6182,-0.8516,0.3999,-31.768,31.646,-3.537,1,12
0.6128,-0.8550,0.4063,-29.817,30.915,-3.293,1,12
0.6187,-0.8594,0.4106,-28.780,29.939,-3.537,1,12
0.6191,-0.8589,0.4072,-27.561,29.573,-3.537,1,12
0.6284,-0.8628,0.4189,-26.646,29.451,-3.598,1,12
0.6309,-0.8696,0.4253,-25.305,29.085,-3.598,1,12
0.6367,-0.8779,0.4341,-24.329,28.476,-3.537,1,12
0.6475,-0.8823,0.4399,-23.049,28.415,-3.293,1,12
0.6548,-0.8901,0.4585,-21.220,28.415,-3.110,1,12
0.6675,-0.8960,0.4663,-20.366,28.598,-2.866,1,12
0.6831,-0.8950,0.4795,-19.573,29.085,-2.439,1,12
0.7007,-0.8872,0.4946,-18.780,29.207,-1.951,1,12
0.7231,-0.8862,0.5229,-17.744,30.366,-0.671,1,12
0.7402,-0.8940,0.5391,-18.232,30.549,0.427,1,12
0.7715,-0.8853,0.5527,-18.598,30.915,1.341,1,12
0.7876,-0.8936,0.5518,-19.390,30.671,2.561,1,12
0.8169,-0.8926,0.5708,-20.732,30.549,3.963,1,12
0.8364,-0.9019,0.5635,-21.707,29.634,5.427,1,12
0.8604,-0.9072,0.5620,-22.744,28.841,7.439,1,12
0.8857,-0.9170,0.5508,-22.744,27.683,8.902,1,12
0.9092,-0.9258,0.5317,-22.622,26.585,11.037,1,12
0.9248,-0.9370,0.5225,-21.768,25.244,12.805,1,12
0.9458,-0.9390,0.5132,-20.366,24.207,15.122,1,12
0.9717,-0.9390,0.5039,-18.598,22.927,17.561,1,12
0.0205,1.4448,-0.5879,12.012,38.476,-20.732,2,12
0.0195,1.4722,-0.6064,15.549,40.244,-22.439,2,12
0.0137,1.4917,-0.6084,18.963,42.317,-24.573,2,12
0.0078,1.5142,-0.6147,22.805,44.451,-26.341,2,12
0.0078,1.5410,-0.6304,26.707,46.707,-28.232,2,12
0.0024,1.5693,-0.6411,30.305,49.024,-30.244,2,12
-0.0024,1.6006,-0.6431,34.451,50.976,-31.768,2,12
-0.0068,1.6182,-0.6440,37.988,52.927,-33.354,2,12
-1.0161,-0.3047,0.1230,-90.305,6.341,16.829,3,90
-1.0278,-0.2808,0.1318,-100.183,7.012,16.890,3,90
-1.0303,-0.2500,0.1631,-109.024,7.622,16.646,3,90
-1.0396,-0.2334,0.1533,-118.171,8.963,16.768,3,90
-1.0557,-0.2119,0.1499,-124.573,9.512,17.439,3,90
-1.0771,-0.1782,0.1670,-130.793,10.366,17.927,3,90
-1.0884,-0.1538,0.1548,-138.232,11.037,17.927,3,90
-1.0933,-0.1396,0.1270,-144.451,11.707,17.012,3,90
1.1704,-0.8174,0.4976,7.744,15.793,36.341,1,12
1.1963,-0.8081,0.5088,12.195,14.634,37.500,1,12
1.2217,-0.7959,0.5415,16.402,13.780,38.354,1,12
1.2534,-0.7959,0.5664,20.549,12.378,39.024,1,12
1.2720,-0.7915,0.5952,24.146,11.220,39.268,1,12
1.3062,-0.7944,0.6123,27.988,9.878,39.451,1,12
1.3311,-0.7988,0.6362,31.890,8.171,39.573,1,12
1.3633,-0.8081,0.6558,35.671,6.280,39.390,1,12
-0.0918,1.7847,-0.6772,72.622,67.195,-40.854,2,12
-0.0991,1.7783,-0.6787,75.732,68.537,-41.585,2,12
-0.1133,1.7773,-0.6724,78.354,70.183,-41.220,2,12
-0.1191,1.7627,-0.6729,80.366,71.951,-41.524,2,12
-0.1299,1.7480,-0.6685,82.317,73.415,-40.976,2,12
-0.1353,1.7310,-0.6602,84.085,75.488,-40.427,2,12
-0.1401,1.7246,-0.6567,85.793,77.317,-39.695,2,12
-0.1445,1.7153,-0.6353,87.744,78.841,-39.573,2,12
-1.1870,-0.0850,0.1855,-147.439,21.280,8.659,3,90
-1.1895,-0.0894,0.2017,-144.390,23.049,7.439,3,90
-1.1899,-0.0820,0.1919,-141.098,24.024,6.585,3,90
-1.1797,-0.0654,0.1938,-137.744,25.122,6.098,3,90
-1.1919,-0.0400,0.1860,-133.902,26.524,5.549,3,90
-1.1919,0.0044,0.1875,-130.122,27.744,5.366,3,90
-1.1865,0.0396,0.1875,-127.439,28.354,5.000,3,90
-1.1909,0.0718,0.1675,-126.037,29.024,5.488,3,90
2.0859,-0.7793,0.8232,70.671,-17.988,24.878,1,12
2.2153,-0.7246,0.8481,72.561,-22.744,22.866,1,12
2.3296,-0.6792,0.8901,74.451,-29.390,21.037,1,12
2.4331,-0.6440,0.9165,74.878,-36.402,19.878,1,12
2.5366,-0.6108,0.9360,74.512,-44.512,18.841,1,12
2.6758,-0.5532,0.9512,73.232,-53.780,17.561,1,12
2.8276,-0.5122,0.9673,71.707,-64.207,16.280,1,12
2.9512,-0.4668,0.9761,69.207,-75.488,15.488,1,12
-0.0894,1.6162,-0.4819,108.720,94.939,-41.098,2,12
-0.0820,1.5942,-0.4585,110.976,96.220,-41.159,2,12
-0.0649,1.5718,-0.4517,113.720,97.622,-40.976,2,12
-0.0586,1.5576,-0.4351,115.793,98.476,-40.732,2,12
-0.0439,1.5337,-0.4185,118.537,99.451,-40.793,2,12
-0.0381,1.5166,-0.4072,120.793,100.061,-40.183,2,12
-0.0264,1.4863,-0.3960,123.110,100.610,-40.366,2,12
-0.0156,1.4619,-0.3862,124.939,101.341,-40.122,2,12
-1.2095,-0.5752,-0.0146,-94.817,40.793,-9.390,3,90
-1.1860,-0.4380,0.0938,-89.573,40.244,-13.659,3,90
-1.1582,-0.1890,0.1948,-87.012,39.329,-14.512,3,90
-1.1436,0.0835,0.2700,-89.329,38.659,-12.134,3,90
-1.1294,0.3262,0.3159,-93.598,37.866,-7.317,3,90
-1.1147,0.4858,0.3423,-99.207,36.585,-2.378,3,90
-1.1064,0.5947,0.3169,-104.268,35.976,3.110,3,90
-1.0898,0.6411,0.2510,-108.232,35.793,11.402,3,90
3.6094,0.2617,1.2705,50.732,-187.805,36.646,1,12
3.6094,0.3433,1.3423,48.293,-197.683,40.122,1,12
3.6172,0.4077,1.4150,45.427,-206.220,41.402,1,12
3.6489,0.4585,1.4722,42.988,-213.780,40.122,1,12
3.6875,0.4961,1.5186,41.524,-219.390,35.854,1,12
3.7202,0.5337,1.5684,41.707,-223.537,30.061,1,12
3.7559,0.5771,1.6099,43.902,-228.659,23.415,1,12
3.7734,0.6455,1.6587,46.280,-234.268,17.744,1,12
0.0723,1.1729,-0.2544,127.683,112.622,-44.634,2,12
0.0923,1.1523,-0.2427,127.683,114.817,-45.427,2,12
0.1089,1.1299,-0.2222,127.683,116.341,-45.976,2,12
0.1182,1.1167,-0.2026,127.500,117.378,-46.585,2,12
0.1318,1.0850,-0.1816,127.134,117.805,-47.378,2,12
0.1514,1.0654,-0.1660,126.524,117.866,-47.866,2,12
0.1582,1.0430,-0.1450,125.366,117.744,-48.293,2,12
0.1650,1.0117,-0.1372,124.695,117.683,-48.720,2,12
-1.0566,0.3506,0.3130,-73.720,42.195,20.793,3,90
-1.0225,0.3735,0.3823,-71.768,41.463,20.183,3,90
-1.0020,0.4189,0.3906,-72.927,41.220,19.573,3,90
-0.9751,0.4580,0.3735,-75.183,40.793,19.756,3,90
-0.9619,0.4751,0.3506,-77.378,40.549,19.817,3,90
-0.9497,0.4980,0.3169,-78.476,40.366,20.122,3,90
-0.9463,0.5112,0.2734,-78.171,41.402,19.695,3,90
-0.9414,0.5249,0.2734,-76.159,41.524,19.146,3,90
3.4097,1.1938,1.7817,47.988,-316.707,44.451,1,12
3.3423,1.2158,1.8574,49.329,-315.305,49.085,1,12
3.2656,1.2212,1.9395,47.622,-312.805,53.476,1,12
3.1919,1.2134,2.0142,43.049,-310.305,57.683,1,12
3.1274,1.1958,2.0889,35.061,-309.512,61.890,1,12
3.0679,1.1704,2.1616,23.598,-310.061,66.280,1,12
3.0059,1.1484,2.2212,10.488,-311.707,72.317,1,12
2.9165,1.1309,2.2764,-5.305,-314.146,79.146,1,12
0.3110,0.7793,-0.0034,111.402,118.110,-48.293,2,12
0.3359,0.7471,0.0103,108.902,117.500,-47.500,2,12
0.3564,0.7104,0.0259,106.341,116.402,-47.500,2,12
0.3672,0.6816,0.0420,103.415,115.610,-46.524,2,12
0.3867,0.6519,0.0474,100.793,114.329,-46.098,2,12
0.4033,0.6143,0.0664,98.049,112.805,-45.549,2,12
0.4160,0.5796,0.0835,94.817,111.098,-44.634,2,12
0.4351,0.5596,0.0835,91.768,109.268,-44.512,2,12
-0.8320,0.6138,0.3745,-42.012,39.268,22.561,3,90
-0.8311,0.6226,0.3633,-39.024,38.841,23.110,3,90
-0.8242,0.5991,0.3145,-35.732,37.988,23.963,3,90
-0.8140,0.5669,0.2939,-31.707,37.683,24.695,3,90
-0.7974,0.5464,0.3027,-28.049,36.585,24.756,3,90
-0.7861,0.5186,0.2612,-26.463,36.402,24.756,3,90
-0.7793,0.4819,0.2261,-25.610,36.585,24.268,3,90
-0.7729,0.4580,0.2319,-24.329,36.220,24.024,3,90
1.8115,0.8237,2.3433,-155.061,-307.683,169.695,1,12
1.6465,0.7783,2.3398,-168.049,-303.049,182.927,1,12
1.4902,0.7202,2.3076,-180.610,-298.415,197.195,1,12
1.1958,0.5195,2.3813,-193.720,-293.293,214.146,1,12
0.9893,-0.2935,3.4487,-252.500,-272.927,248.963,1,12
0.3525,-3.1284,2.9946,-399.146,-219.634,342.561,1,12
0.8311,-4.8164,1.1953,-572.378,-206.585,457.500,1,12
-0.0474,-5.0322,1.2793,-597.073,-253.537,506.951,1,12
0.6543,0.2891,0.1240,61.890,90.305,-43.293,2,12
0.6807,0.2739,0.1255,58.171,88.659,-43.537,2,12
0.6997,0.2505,0.1201,54.390,86.951,-44.085,2,12
0.7241,0.2192,0.1040,52.500,85.000,-44.207,2,12
0.7515,0.2144,0.0791,51.951,83.415,-45.183,2,12
0.7607,0.2021,0.0532,51.768,82.256,-45.976,2,12
0.7710,0.1978,0.0400,51.524,80.183,-47.256,2,12
0.7813,0.1973,0.0190,50.915,78.963,-48.902,2,12
-0.7451,0.3042,0.0625,-16.341,36.341,24.939,3,90
-0.7466,0.3032,0.0405,-15.000,35.915,24.878,3,90
-0.7676,0.2822,0.0234,-14.268,35.610,24.634,3,90
-0.7798,0.2603,-0.0132,-12.622,35.427,24.085,3,90
-0.7993,0.2231,-0.0176,-9.268,35.305,23.780,3,90
-0.8242,0.1978,-0.0049,-5.244,35.549,24.268,3,90
-0.8418,0.1865,-0.0029,-2.439,35.427,24.146,3,90
-0.8599,0.1489,-0.0371,-2.012,34.573,24.268,3,90
-2.1440,-3.7461,-0.1045,-339.695,-67.866,25.244,1,12
-1.2202,-3.9961,0.2671,-287.378,37.866,-52.744,1,12
-1.1299,-4.3198,0.8164,-184.634,70.854,-102.500,1,12
-1.7388,-3.5605,0.5161,-194.939,153.171,-208.659,1,12
-2.1685,-3.7739,0.1123,-146.707,185.488,-183.537,1,12
-3.2065,-3.2871,-0.2515,-146.951,212.195,-203.902,1,12
-4.5049,-2.9233,-0.3560,-117.256,215.671,-196.463,1,12
-5.7070,-2.6011,-0.6201,-87.622,205.610,-166.829,1,12
0.6431,0.3047,-0.1904,65.915,78.415,-66.829,2,12
0.6123,0.3286,-0.1982,67.988,79.207,-67.744,2,12
0.5801,0.3447,-0.2056,70.000,79.817,-68.598,2,12
0.5649,0.3560,-0.2095,72.012,80.366,-69.207,2,12
0.5483,0.3662,-0.2153,74.329,80.549,-69.390,2,12
0.5337,0.3784,-0.2158,76.768,80.793,-69.329,2,12
0.5420,0.3760,-0.2202,79.207,81.220,-68.476,2,12
0.5498,0.3755,-0.2114,81.890,81.341,-67.439,2,12
-1.1211,-0.0410,-0.1914,-30.488,22.378,8.902,3,90
-1.1079,-0.0474,-0.1865,-33.171,21.890,7.622,3,90
-1.0688,-0.0474,-0.1895,-40.915,20.061,3.963,3,90
-1.0469,-0.0464,-0.2002,-43.293,19.451,2.927,3,90
-0.9727,-0.0352,-0.1665,-48.902,17.622,0.122,3,90
-0.9199,-0.0063,-0.1279,-52.256,15.793,-1.280,3,90
-0.8599,0.0254,-0.1255,-56.829,14.085,-2.683,3,90
-0.8120,0.0293,-0.1318,-59.817,12.561,-2.988,3,90
-1.9155,0.5063,0.0410,-56.524,73.659,9.146,1,12
-1.5215,0.6626,0.0889,-62.622,83.354,-11.159,1,12
-1.2363,0.8540,0.1406,-67.744,87.134,-26.402,1,12
-1.0122,1.0386,0.1792,-72.439,85.610,-38.293,1,12
-0.8110,1.2275,0.2007,-75.061,82.988,-47.744,1,12
-0.6279,1.4146,0.1885,-74.512,78.110,-53.354,1,12
-0.6445,1.4243,0.0918,-68.841,70.671,-54.085,1,12
-0.4004,1.3237,-0.0615,-46.890,62.256,-53.659,1,12
0.6245,0.2769,-0.1899,105.183,74.634,-60.122,2,12
0.6294,0.2715,-0.2017,108.598,73.110,-60.000,2,12
0.6138,0.2656,-0.2061,111.098,71.646,-59.756,2,12
0.5952,0.2773,-0.2104,113.659,70.122,-59.817,2,12
0.5869,0.2861,-0.2124,115.427,69.024,-60.061,2,12
0.5747,0.2969,-0.2197,117.256,67.744,-60.122,2,12
0.5522,0.3149,-0.2310,118.415,67.195,-59.939,2,12
0.5264,0.3364,-0.2446,119.573,66.341,-59.573,2,12
-0.6255,0.2065,-0.1738,-58.598,4.695,-0.671,3,90
-0.6323,0.2329,-0.1836,-55.305,3.841,-0.305,3,90
-0.6431,0.2437,-0.1938,-52.439,3.049,0.427,3,90
-0.6626,0.2515,-0.1929,-48.720,2.622,1.098,3,90
-0.6865,0.2490,-0.2031,-44.207,2.195,1.707,3,90
-0.7012,0.2383,-0.2075,-38.415,1.890,2.683,3,90
-0.7202,0.2285,-0.2227,-32.744,1.524,3.415,3,90
-0.7422,0.2305,-0.2109,-26.829,1.707,3.841,3,90
-0.7593,0.2207,-0.2056,-20.000,1.951,4.573,3,90
-0.7676,0.2227,-0.1802,-13.963,1.707,4.573,3,90
-0.7651,0.2275,-0.1704,-10.244,0.732,4.756,3,90
-0.7578,0.2202,-0.1704,-6.951,-0.244,5.549,3,90
-0.7534,0.2017,-0.1719,-5.000,-1.585,6.098,3,90
-0.7515,0.1836,-0.1616,-3.598,-2.439,7.073,3,90
-0.7520,0.1753,-0.1675,-2.744,-3.049,7.378,3,90
-0.7471,0.1694,-0.1567,-2.988,-4.207,7.683,3,90
-0.0215,-2.3384,0.4004,84.756,146.402,27.805,1,12
0.0776,-2.4819,0.4526,91.098,152.195,29.268,1,12
0.1855,-2.5469,0.5190,96.280,159.634,27.195,1,12
0.3345,-2.5566,0.6084,97.866,167.561,21.646,1,12
0.4868,-2.5205,0.6768,97.988,175.976,11.585,1,12
0.6729,-2.4360,0.7563,95.732,183.354,-4.756,1,12
0.8896,-2.3364,0.8179,92.927,189.085,-28.476,1,12
1.1338,-2.2427,0.8276,92.378,192.683,-60.244,1,12
0.6016,0.1973,-0.3291,94.695,40.915,-30.732,2,12
0.6147,0.1855,-0.3325,90.732,39.634,-28.354,2,12
0.6377,0.1714,-0.3301,85.732,37.927,-26.098,2,12
0.6577,0.1523,-0.3325,80.366,36.646,-23.659,2,12
0.6709,0.1328,-0.3335,74.634,35.549,-21.037,2,12
0.6948,0.1201,-0.3169,68.293,33.963,-18.537,2,12
0.6948,0.1143,-0.3125,61.220,32.134,-16.341,2,12
0.7051,0.1001,-0.3179,54.146,31.220,-13.598,2,12
-0.8213,0.1563,-0.1748,23.110,-5.427,12.439,3,90
-0.8447,0.1499,-0.1724,28.293,-4.451,13.171,3,90
-0.8613,0.1553,-0.1636,33.598,-4.390,13.537,3,90
-0.8657,0.1489,-0.1665,39.024,-4.390,14.207,3,90
-0.8818,0.1504,-0.1650,44.573,-4.146,14.878,3,90
-0.8916,0.1543,-0.1372,49.207,-3.476,15.366,3,90
-0.8955,0.1499,-0.1182,53.354,-3.415,15.915,3,90
-0.9023,0.1519,-0.1001,56.829,-2.866,16.646,3,90
1.2583,-0.2549,0.9106,4.268,25.061,-23.293,1,12
1.1587,-0.2642,0.8784,-2.317,20.915,-23.232,1,12
1.0176,-0.3008,0.8530,-8.354,19.085,-21.524,1,12
0.8418,-0.3389,0.8564,-14.817,16.220,-15.671,1,12
0.6406,-0.3984,0.8530,-23.171,13.841,-5.732,1,12
0.4536,-0.4868,0.8354,-30.549,12.744,3.902,1,12
0.2939,-0.5928,0.8120,-35.854,14.085,10.976,1,12
0.1660,-0.7036,0.7798,-37.195,17.378,14.817,1,12
0.7886,0.1055,-0.2900,-23.476,17.988,4.024,2,12
0.7979,0.1162,-0.2852,-31.524,16.768,5.305,2,12
0.8003,0.1187,-0.2886,-35.427,15.976,6.098,2,12
0.8154,0.1274,-0.2896,-43.110,14.451,6.951,2,12
0.8228,0.1436,-0.2837,-50.793,13.110,7.439,2,12
0.8276,0.1543,-0.2822,-57.683,11.098,8.476,2,12
0.8379,0.1616,-0.2813,-64.268,9.390,9.268,2,12
0.8359,0.1870,-0.2720,-73.171,6.098,10.000,2,12
-0.9272,0.2388,0.0581,66.707,-4.024,22.744,3,90
-0.9390,0.2275,0.0723,67.927,-4.451,23.902,3,90
-0.9507,0.2275,0.0957,68.720,-4.817,24.878,3,90
-0.9575,0.2471,0.1187,68.780,-5.244,25.122,3,90
-0.9634,0.2476,0.1143,67.988,-5.549,26.098,3,90
-0.9741,0.2710,0.1221,67.805,-5.732,26.585,3,90
-0.9829,0.2876,0.1348,67.317,-6.402,26.707,3,90
-0.9897,0.3081,0.1436,66.585,-6.402,26.402,3,90
0.0464,-1.2275,0.7510,41.159,53.720,-5.610,1,12
0.0791,-1.2373,0.7397,42.378,50.366,-9.512,1,12
0.1055,-1.2412,0.7178,40.976,46.463,-13.537,1,12
0.1465,-1.2373,0.7002,37.866,42.256,-17.927,1,12
0.1699,-1.2339,0.6826,33.354,39.085,-21.829,1,12
0.2036,-1.2207,0.6724,28.232,37.317,-25.366,1,12
0.2334,-1.2036,0.6553,22.561,37.256,-28.659,1,12
0.2686,-1.1875,0.6655,16.524,38.354,-31.829,1,12
0.8062,0.3335,-0.2300,-107.439,-13.841,16.098,2,12
0.8032,0.3413,-0.2266,-109.939,-15.793,16.768,2,12
0.7949,0.3521,-0.2222,-112.073,-17.561,17.500,2,12
0.7896,0.3623,-0.2144,-113.598,-19.451,18.171,2,12
0.7827,0.3745,-0.2075,-115.122,-21.463,18.659,2,12
0.7803,0.3853,-0.2080,-116.707,-23.780,19.451,2,12
0.7798,0.4058,-0.2017,-117.622,-25.671,19.695,2,12
0.7769,0.4126,-0.1934,-118.537,-27.500,20.427,2,12
-0.9995,0.3560,0.0830,79.939,-10.183,27.012,3,90
-0.9976,0.3467,0.0767,81.098,-10.671,26.463,3,90
-0.9946,0.3320,0.0781,82.378,-11.037,26.463,3,90
-0.9951,0.3169,0.0859,82.561,-11.707,25.915,3,90
-0.9844,0.2891,0.0879,83.598,-12.073,25.976,3,90
-0.9805,0.2847,0.1040,84.573,-12.317,25.366,3,90
-0.9775,0.2822,0.1138,83.841,-12.744,25.000,3,90
-0.9814,0.2783,0.1064,83.171,-12.988,24.817,3,90
0.5264,-0.9404,0.7002,0.732,32.134,-47.805,1,12
0.5381,-0.9194,0.7007,1.402,31.159,-48.659,1,12
0.5610,-0.8965,0.7119,2.683,30.061,-49.695,1,12
0.5752,-0.8779,0.7192,3.537,29.146,-50.976,1,12
0.5835,-0.8608,0.7407,3.902,27.927,-52.134,1,12
0.5957,-0.8516,0.7495,4.634,27.195,-52.927,1,12
0.5918,-0.8472,0.7549,4.451,25.732,-52.988,1,12
0.5874,-0.8501,0.7524,4.573,23.659,-53.415,1,12
0.7642,0.5024,-0.1543,-112.134,-44.756,21.951,2,12
0.7573,0.5112,-0.1548,-109.939,-46.890,22.256,2,12
0.7520,0.5293,-0.1641,-107.561,-48.659,22.378,2,12
0.7471,0.5386,-0.1729,-105.061,-50.854,22.317,2,12
0.7329,0.5547,-0.1763,-102.500,-52.378,22.744,2,12
0.7266,0.5757,-0.1675,-100.000,-54.207,23.049,2,12
0.7261,0.5884,-0.1709,-98.049,-55.549,23.354,2,12
0.7227,0.6030,-0.1714,-95.976,-57.317,24.024,2,12
-0.9756,0.2363,0.0601,60.854,-15.244,19.146,3,90
-0.9722,0.2334,0.0483,58.110,-15.854,18.232,3,90
-0.9756,0.2271,0.0581,55.671,-16.280,16.951,3,90
-0.9805,0.2275,0.0562,52.683,-16.220,15.854,3,90
-0.9883,0.2192,0.0557,49.939,-17.012,14.817,3,90
-0.9839,0.2212,0.0464,48.537,-16.829,13.780,3,90
-0.9917,0.2266,0.0288,47.195,-17.012,13.110,3,90
-0.9990,0.2202,0.0161,45.976,-17.134,12.317,3,90
0.3423,-0.8281,0.6558,20.305,2.134,-35.793,1,12
0.3052,-0.8115,0.6401,21.890,2.378,-34.268,1,12
0.2607,-0.8022,0.6416,23.659,3.415,-32.683,1,12
0.2339,-0.7920,0.6338,24.939,4.573,-32.012,1,12
0.2163,-0.7959,0.6167,26.402,6.463,-31.280,1,12
0.1953,-0.7910,0.6025,27.744,8.780,-31.341,1,12
0.1753,-0.7856,0.5894,29.085,10.915,-31.341,1,12
0.1572,-0.7998,0.5811,30.732,13.476,-31.585,1,12
0.7295,0.6406,-0.1665,-85.976,-72.927,31.280,2,12
0.7290,0.6416,-0.1533,-85.183,-74.268,31.890,2,12
0.7349,0.6504,-0.1475,-84.939,-75.854,32.561,2,12
0.7402,0.6514,-0.1440,-85.183,-76.951,33.232,2,12
0.7461,0.6553,-0.1606,-85.244,-78.537,33.841,2,12
0.7495,0.6572,-0.1631,-85.305,-79.573,34.695,2,12
0.7510,0.6621,-0.1655,-84.878,-80.732,35.122,2,12
0.7515,0.6602,-0.1704,-84.512,-81.829,35.549,2,12
-0.9819,0.1968,0.0776,31.829,-17.561,7.195,3,90
-0.9829,0.2139,0.0835,30.488,-17.500,7.012,3,90
-0.9717,0.2314,0.0869,28.354,-17.317,6.463,3,90
-0.9565,0.2300,0.0620,26.341,-17.317,6.280,3,90
-0.9585,0.2388,0.0547,25.000,-17.195,6.341,3,90
-0.9639,0.2461,0.0581,24.512,-16.890,6.280,3,90
-0.9678,0.2612,0.0513,23.659,-16.890,6.037,3,90
-0.9604,0.2622,0.0576,23.598,-16.890,5.427,3,90
0.1836,-0.8750,0.5522,46.037,24.573,-36.280,1,12
0.2026,-0.8818,0.5488,44.878,25.549,-36.707,1,12
0.2271,-0.8857,0.5415,43.354,26.098,-36.951,1,12
0.2378,-0.8823,0.5342,40.671,27.012,-37.073,1,12
0.2490,-0.8784,0.5200,38.049,27.073,-37.439,1,12
0.2729,-0.8813,0.5103,35.122,27.317,-36.707,1,12
0.2856,-0.8770,0.4971,32.378,27.561,-36.341,1,12
0.3047,-0.8770,0.4731,29.634,26.951,-36.220,1,12
0.7075,0.7866,-0.2388,-88.476,-88.049,37.134,2,12
0.7036,0.8208,-0.2461,-88.476,-88.720,37.439,2,12
0.6919,0.8301,-0.2539,-89.329,-89.329,37.622,2,12
0.6914,0.8486,-0.2642,-89.695,-89.512,38.110,2,12
0.6611,0.8730,-0.2603,-90.000,-90.061,38.598,2,12
0.6577,0.8818,-0.2729,-90.122,-90.366,38.841,2,12
0.6465,0.9038,-0.2798,-90.183,-90.854,39.207,2,12
0.6416,0.9194,-0.2837,-90.610,-91.341,39.329,2,12
-0.9121,0.3301,0.0713,33.659,-14.817,7.134,3,90
-0.9063,0.3359,0.0630,34.451,-14.939,7.439,3,90
-0.8989,0.3315,0.0752,37.317,-14.451,8.110,3,90
-0.9009,0.3276,0.0693,38.293,-14.146,8.171,3,90
-0.8984,0.3198,0.0571,39.817,-14.024,8.354,3,90
-0.9014,0.3193,0.0439,41.646,-13.720,8.720,3,90
-0.8975,0.3208,0.0493,42.622,-13.293,8.476,3,90
-0.8950,0.3203,0.0557,43.963,-13.415,8.232,3,90
0.3804,-0.8716,0.4277,-4.695,29.756,-29.695,1,12
0.3882,-0.8667,0.4238,-7.927,30.305,-28.415,1,12
0.3882,-0.8740,0.4204,-11.220,31.159,-27.195,1,12
0.3833,-0.8765,0.4189,-14.024,31.768,-25.610,1,12
0.3789,-0.8687,0.4238,-17.012,32.927,-24.451,1,12
0.3809,-0.8687,0.4282,-20.122,33.659,-22.927,1,12
0.3770,-0.8604,0.4180,-23.354,34.817,-20.976,1,12
0.3687,-0.8579,0.4170,-26.463,35.793,-20.061,1,12
0.5479,1.0220,-0.2900,-84.451,-93.049,40.305,2,12
0.5371,1.0425,-0.2749,-83.780,-92.927,40.244,2,12
0.5327,1.0483,-0.2744,-83.476,-92.988,40.183,2,12
0.5181,1.0552,-0.2793,-82.683,-92.927,40.488,2,12
0.5161,1.0635,-0.2808,-81.585,-92.927,41.098,2,12
0.5127,1.0688,-0.2813,-80.671,-93.293,41.707,2,12
0.4946,1.0791,-0.2905,-79.268,-93.476,42.378,2,12
0.4878,1.0776,-0.2959,-77.561,-93.720,42.561,2,12
-0.8579,0.2939,-0.0342,49.329,-12.866,6.524,3,90
-0.8594,0.2793,-0.0181,50.793,-12.500,6.524,3,90
-0.8574,0.2729,-0.0068,52.500,-12.317,6.524,3,90
-0.8438,0.2715,-0.0156,53.780,-12.012,6.951,3,90
-0.8369,0.2671,-0.0283,54.634,-12.256,7.195,3,90
-0.8267,0.2622,-0.0396,55.671,-12.378,7.378,3,90
-0.8193,0.2646,-0.0293,55.915,-12.744,7.561,3,90
-0.8218,0.2617,-0.0381,55.549,-12.866,7.134,3,90
0.4292,-0.7744,0.2861,-44.024,47.500,-17.988,1,12
0.4253,-0.7681,0.2920,-44.451,48.902,-17.988,1,12
0.4302,-0.7476,0.2935,-44.329,50.061,-17.866,1,12
0.4233,-0.7412,0.3013,-43.963,51.463,-17.927,1,12
0.4199,-0.7412,0.3037,-43.049,52.744,-17.744,1,12
0.4180,-0.7368,0.3081,-41.890,53.841,-17.439,1,12
0.4219,-0.7314,0.3179,-40.244,55.183,-16.890,1,12
0.4175,-0.7383,0.3340,-38.293,56.037,-16.220,1,12
0.3804,1.0840,-0.3389,-62.195,-93.720,49.756,2,12
0.3711,1.0732,-0.3306,-61.341,-93.232,50.366,2,12
0.3613,1.0654,-0.3408,-60.122,-93.476,50.732,2,12
0.3511,1.0586,-0.3403,-58.232,-93.293,51.646,2,12
0.3311,1.0361,-0.3486,-57.378,-93.293,52.378,2,12
0.3159,1.0313,-0.3472,-56.341,-92.744,53.110,2,12
0.2969,1.0210,-0.3413,-55.061,-92.561,54.329,2,12
0.2827,1.0181,-0.3574,-53.841,-92.378,55.671,2,12
-0.8271,0.1172,-0.1245,30.488,-15.915,1.768,3,90
-0.8384,0.1006,-0.1528,27.073,-16.037,0.610,3,90
-0.8364,0.0923,-0.1577,24.573,-16.463,-0.183,3,90
-0.8359,0.0908,-0.1553,22.378,-16.280,-0.976,3,90
-0.8335,0.0859,-0.1763,19.695,-17.073,-2.256,3,90
-0.8423,0.0752,-0.1948,16.585,-17.378,-3.171,3,90
-0.8413,0.0674,-0.1851,14.573,-17.378,-4.390,3,90
-0.8457,0.0566,-0.1714,12.195,-17.866,-5.732,3,90
0.4224,-0.7480,0.2925,-29.024,65.061,-12.744,1,12
0.4248,-0.7461,0.2783,-27.683,65.976,-13.293,1,12
0.4229,-0.7432,0.2690,-26.220,66.220,-13.963,1,12
0.4351,-0.7314,0.2778,-25.061,67.012,-15.000,1,12
0.4434,-0.7192,0.2720,-23.963,67.683,-15.427,1,12
0.4502,-0.7134,0.2686,-22.927,68.354,-16.220,1,12
0.4531,-0.7061,0.2803,-21.890,69.146,-16.829,1,12
0.4604,-0.6982,0.2754,-20.305,69.756,-17.622,1,12
0.2119,0.9678,-0.3701,-45.549,-82.317,63.476,2,12
0.2090,0.9512,-0.3770,-43.780,-79.939,64.268,2,12
0.2017,0.9487,-0.3677,-41.768,-77.866,64.024,2,12
0.1987,0.9497,-0.3711,-39.878,-75.854,64.268,2,12
0.1914,0.9434,-0.3730,-38.415,-74.634,63.902,2,12
0.1919,0.9375,-0.3535,-36.890,-72.866,63.537,2,12
0.1914,0.9390,-0.3652,-35.915,-72.012,63.232,2,12
0.1914,0.9380,-0.3550,-35.305,-71.037,62.561,2,12
-0.8389,0.1440,-0.1470,-12.256,-22.317,-17.866,3,90
-0.8477,0.1606,-0.1431,-14.695,-23.232,-18.902,3,90
-0.8506,0.1719,-0.1235,-16.829,-23.780,-20.305,3,90
-0.8472,0.1899,-0.1143,-18.659,-24.634,-21.585,3,90
-0.8501,0.1953,-0.1118,-20.122,-25.549,-23.049,3,90
-0.8447,0.1992,-0.0840,-21.707,-26.098,-24.268,3,90
-0.8428,0.2046,-0.0923,-22.378,-26.585,-25.000,3,90
-0.8491,0.2100,-0.0850,-22.378,-27.439,-26.280,3,90
0.5703,-0.6431,0.2813,-2.195,78.476,-13.171,1,12
0.5977,-0.6367,0.2637,-0.488,79.329,-12.622,1,12
0.6035,-0.6396,0.2505,0.732,80.244,-12.012,1,12
0.6182,-0.6367,0.2324,2.256,81.098,-11.585,1,12
0.6289,-0.6406,0.2334,3.354,81.159,-10.610,1,12
0.6357,-0.6416,0.2339,4.085,81.768,-9.756,1,12
0.6431,-0.6528,0.2559,5.000,82.317,-9.207,1,12
0.6489,-0.6587,0.2607,5.488,82.744,-8.293,1,12
0.1631,0.9155,-0.3706,-30.000,-62.683,57.317,2,12
0.1528,0.9146,-0.3647,-29.146,-61.463,56.402,2,12
0.1406,0.9102,-0.3745,-28.902,-59.756,55.610,2,12
0.1353,0.9146,-0.3735,-28.476,-58.476,55.000,2,12
0.1313,0.9028,-0.3770,-28.049,-56.646,54.329,2,12
0.1226,0.9072,-0.3799,-27.805,-54.939,53.293,2,12
0.1265,0.9092,-0.3662,-27.805,-53.293,52.256,2,12
0.1196,0.9033,-0.3716,-27.683,-51.524,51.280,2,12
-0.8613,0.2954,0.0137,-22.073,-29.817,-34.695,3,90
-0.8555,0.3022,0.0229,-21.098,-29.329,-35.000,3,90
-0.8579,0.3096,0.0298,-20.122,-29.329,-35.061,3,90
-0.8579,0.3086,0.0400,-19.024,-29.024,-35.366,3,90
-0.8555,0.3037,0.0479,-17.500,-28.902,-35.671,3,90
-0.8525,0.2925,0.0576,-15.732,-28.720,-35.793,3,90
-0.8545,0.2905,0.0601,-14.939,-28.537,-35.732,3,90
-0.8623,0.2759,0.0684,-14.085,-28.537,-36.341,3,90
0.6577,-0.7651,0.4370,5.671,82.561,0.122,1,12
0.6504,-0.7739,0.4282,5.183,82.073,1.098,1,12
0.6665,-0.7886,0.4478,5.305,80.793,1.890,1,12
0.6558,-0.7979,0.4399,4.512,79.634,2.683,1,12
0.6636,-0.8076,0.4346,3.537,78.780,2.988,1,12
0.6768,-0.8125,0.4136,2.683,77.805,3.232,1,12
0.6865,-0.8198,0.4067,1.646,76.707,3.963,1,12
0.6899,-0.8174,0.3857,0.976,76.037,3.841,1,12
0.1079,0.9932,-0.3530,-21.098,-35.915,42.744,2,12
0.1099,1.0156,-0.3442,-20.061,-35.000,41.646,2,12
0.1104,1.0264,-0.3418,-19.146,-34.390,41.220,2,12
0.1128,1.0479,-0.3457,-18.049,-33.720,40.488,2,12
0.1074,1.0630,-0.3530,-16.098,-32.988,39.695,2,12
0.1040,1.0698,-0.3677,-13.902,-32.622,39.024,2,12
0.1123,1.0850,-0.3647,-11.524,-32.195,38.476,2,12
0.1035,1.0908,-0.3823,-9.268,-31.829,38.110,2,12
-0.9409,0.1919,0.1133,-25.183,-26.890,-37.744,3,90
-0.9507,0.1929,0.1011,-25.671,-26.585,-37.622,3,90
-0.9478,0.1792,0.1035,-26.098,-26.280,-37.561,3,90
-0.9556,0.1704,0.0781,-26.220,-25.732,-37.622,3,90
-0.9551,0.1621,0.0776,-25.427,-25.488,-37.439,3,90
-0.9634,0.1611,0.0654,-23.902,-25.000,-37.500,3,90
-0.9712,0.1611,0.0625,-21.585,-23.963,-36.829,3,90
-0.9702,0.1646,0.0508,-18.659,-23.232,-36.768,3,90
0.6924,-0.8506,0.4780,1.220,69.146,10.183,1,12
0.6914,-0.8530,0.4878,1.098,68.110,11.280,1,12
0.6885,-0.8652,0.5020,0.854,67.073,11.951,1,12
0.6855,-0.8730,0.4995,0.854,65.183,12.744,1,12
0.6890,-0.8823,0.5093,0.488,64.146,13.110,1,12
0.6836,-0.8867,0.5005,-0.061,62.317,13.476,1,12
0.6826,-0.8999,0.4961,-1.098,60.915,13.902,1,12
0.6836,-0.9097,0.4985,-2.134,59.695,14.207,1,12
0.0708,1.1431,-0.4858,11.829,-23.841,34.085,2,12
0.0728,1.1465,-0.4868,13.659,-22.439,33.841,2,12
0.0674,1.1450,-0.5068,15.366,-21.768,33.902,2,12
0.0747,1.1519,-0.5024,16.829,-21.098,33.902,2,12
0.0723,1.1558,-0.5063,17.866,-20.122,34.329,2,12
0.0796,1.1548,-0.5117,18.171,-19.756,34.329,2,12
0.0747,1.1494,-0.5142,18.841,-18.720,34.390,2,12
0.0708,1.1499,-0.5210,19.939,-17.744,34.939,2,12
-0.9263,0.1675,0.1016,-0.854,-17.683,-31.159,3,90
-0.9214,0.1743,0.0947,-0.854,-16.829,-30.671,3,90
-0.9102,0.1846,0.0933,-0.732,-16.402,-30.244,3,90
-0.9043,0.1846,0.0879,-0.976,-15.427,-29.817,3,90
-0.8970,0.1875,0.0664,-1.524,-15.000,-29.573,3,90
-0.8926,0.1929,0.0664,-1.159,-14.390,-29.268,3,90
-0.8833,0.1855,0.0664,-0.854,-13.537,-28.659,3,90
-0.8662,0.1680,0.0474,-0.366,-12.805,-28.476,3,90
0.6519,-0.9580,0.4790,-8.171,53.659,17.134,1,12
0.6504,-0.9609,0.4824,-9.024,53.232,17.805,1,12
0.6406,-0.9609,0.4897,-10.061,52.378,18.232,1,12
0.6357,-0.9727,0.4824,-10.732,51.707,18.354,1,12
0.6343,-0.9775,0.4849,-12.256,51.037,18.415,1,12
0.6313,-0.9834,0.4849,-13.232,49.817,18.659,1,12
0.6323,-0.9961,0.4858,-14.573,49.024,18.476,1,12
0.6309,-1.0073,0.4800,-16.402,48.232,17.744,1,12
0.1050,1.1934,-0.5938,30.000,-7.012,37.927,2,12
0.1001,1.1973,-0.5991,32.256,-6.524,38.232,2,12
0.1025,1.2056,-0.6221,33.963,-5.793,38.598,2,12
0.0981,1.2148,-0.6348,36.098,-4.878,39.085,2,12
0.0859,1.2139,-0.6445,38.415,-4.146,39.390,2,12
0.0757,1.2280,-0.6548,41.037,-2.683,39.939,2,12
0.0747,1.2329,-0.6709,43.963,-1.768,40.183,2,12
0.0664,1.2422,-0.6689,46.829,-1.159,40.793,2,12
-0.8418,-0.0679,0.0073,0.305,-5.549,-20.183,3,90
-0.8589,-0.1069,0.0122,1.951,-3.902,-19.024,3,90
-0.8833,-0.1206,0.0273,3.110,-1.768,-18.171,3,90
-0.8984,-0.1270,0.0254,1.768,-1.341,-17.073,3,90
-0.8955,-0.1367,0.0298,-1.829,-1.585,-15.671,3,90
-0.9077,-0.1489,0.0645,-6.951,-1.524,-14.512,3,90
-0.9326,-0.1499,0.1226,-13.354,-0.732,-13.232,3,90
-0.9429,-0.1484,0.1523,-20.915,0.610,-13.415,3,90
0.6416,-0.9751,0.4741,-30.732,35.549,11.890,1,12
0.6509,-0.9497,0.4795,-31.829,33.476,11.463,1,12
0.6567,-0.9248,0.4854,-33.659,31.768,11.463,1,12
0.6602,-0.8999,0.4844,-35.000,29.817,11.646,1,12
0.6670,-0.8887,0.4878,-35.854,27.805,11.646,1,12
0.6768,-0.8647,0.4814,-36.768,25.488,11.829,1,12
0.6792,-0.8535,0.4829,-38.171,23.476,12.378,1,12
0.6841,-0.8481,0.4746,-38.598,21.280,12.561,1,12
0.0757,1.2554,-0.6870,85.549,10.671,46.159,2,12
0.0728,1.2520,-0.6899,90.488,11.707,46.524,2,12
0.0864,1.2466,-0.6963,93.171,12.378,47.134,2,12
0.0938,1.2466,-0.7100,98.354,13.049,47.805,2,12
0.1001,1.2490,-0.7139,106.098,14.146,49.207,2,12
0.1118,1.2363,-0.7129,110.915,15.427,50.000,2,12
0.1201,1.2407,-0.7207,115.976,16.280,50.732,2,12
0.1157,1.2368,-0.7183,120.061,17.561,51.524,2,12
-1.0122,0.0732,0.2266,-65.122,14.695,-5.610,3,90
-1.0215,0.0938,0.2183,-66.890,15.610,-4.573,3,90
-1.0161,0.1025,0.2256,-67.622,16.951,-3.415,3,90
-1.0215,0.1187,0.2319,-68.049,18.232,-2.988,3,90
-1.0195,0.1377,0.2495,-67.622,19.390,-2.256,3,90
-1.0122,0.1660,0.2593,-66.890,21.037,-1.220,3,90
-0.9985,0.1807,0.2524,-65.000,22.073,-0.366,3,90
-0.9800,0.1909,0.2485,-63.963,22.866,0.732,3,90
0.7852,-0.8604,0.4023,-31.768,9.451,13.720,1,12
0.8101,-0.8486,0.3877,-30.366,8.232,13.476,1,12
0.8398,-0.8418,0.3745,-28.780,6.951,13.110,1,12
0.8789,-0.8271,0.3667,-26.768,5.610,12.866,1,12
0.9092,-0.8091,0.3706,-25.000,4.390,12.073,1,12
0.9399,-0.7915,0.3789,-23.293,3.232,11.646,1,12
0.9800,-0.7617,0.3794,-21.768,2.195,10.732,1,12
1.0234,-0.7407,0.3862,-20.366,1.159,9.695,1,12
0.1060,1.1323,-0.7129,146.402,29.146,56.707,2,12
0.1025,1.1167,-0.7036,147.195,30.549,56.768,2,12
0.1099,1.0967,-0.6987,148.598,32.317,56.524,2,12
0.1113,1.0811,-0.6797,149.085,33.902,56.280,2,12
0.1064,1.0679,-0.6709,149.451,35.854,55.976,2,12
0.1265,1.0557,-0.6577,149.817,36.951,55.671,2,12
0.1240,1.0405,-0.6426,150.732,38.720,55.366,2,12
0.1372,1.0317,-0.6328,152.378,40.000,54.756,2,12
-1.0200,0.2456,0.2104,-26.098,33.963,11.524,3,90
-1.0313,0.2222,0.2354,-22.439,34.939,12.622,3,90
-1.0410,0.2090,0.2373,-18.841,36.524,13.476,3,90
-1.0576,0.1899,0.2515,-16.098,37.561,14.634,3,90
-1.0688,0.1812,0.2871,-12.805,38.110,15.488,3,90
-1.0884,0.2085,0.3228,-10.122,38.598,16.463,3,90
-1.1133,0.2432,0.3247,-7.195,39.878,17.988,3,90
-1.1265,0.2612,0.3354,-4.146,40.610,19.939,3,90
-1.1563,0.2759,0.3535,-1.707,41.220,22.073,3,90
-1.1997,0.3110,0.3848,0.671,41.280,23.963,3,90
-1.2290,0.3735,0.4326,3.659,41.037,25.854,3,90
-1.2603,0.4302,0.4648,6.890,40.549,28.659,3,90
-1.2856,0.4756,0.4810,9.817,40.671,31.951,3,90
-1.3359,0.4927,0.4688,12.195,41.280,35.610,3,90
-1.3882,0.4722,0.4448,14.390,42.256,38.720,3,90
-1.4478,0.4385,0.4282,16.220,43.598,40.061,3,90
2.3262,-0.2993,0.7710,9.573,-71.829,-3.902,1,12
2.4126,-0.2637,0.8110,13.415,-79.512,-5.183,1,12
2.5000,-0.2314,0.8501,15.732,-86.829,-7.073,1,12
2.6108,-0.1670,0.8911,17.805,-94.146,-9.634,1,12
2.7354,-0.0942,0.9434,19.207,-101.890,-11.646,1,12
2.8320,-0.0400,1.0161,21.220,-110.488,-13.232,1,12
2.9248,0.0093,1.0786,23.598,-119.512,-14.573,1,12
3.0195,0.0679,1.1392,26.463,-129.817,-15.976,1,12
0.2383,0.8516,-0.5308,161.463,62.622,28.354,2,12
0.2500,0.8359,-0.5371,160.915,63.902,26.585,2,12
0.2461,0.8218,-0.5229,160.183,65.305,24.207,2,12
0.2642,0.8149,-0.5190,159.085,66.524,21.829,2,12
0.2656,0.8052,-0.5166,158.049,67.805,19.512,2,12
0.2661,0.7944,-0.5151,156.524,69.085,16.951,2,12
0.2739,0.7827,-0.5059,154.939,69.817,14.878,2,12
0.2803,0.7734,-0.5010,153.049,71.037,12.195,2,12
-1.4189,-0.1992,0.1445,17.988,69.329,28.354,3,90
-1.3091,-0.1689,0.0771,14.146,69.939,27.378,3,90
-1.2080,-0.1162,0.0313,9.390,70.061,26.402,3,90
-1.1172,-0.0571,-0.0063,3.841,69.268,25.610,3,90
-1.0381,-0.0015,-0.0347,-1.951,68.049,25.488,3,90
-0.9731,0.0376,-0.0698,-7.317,67.256,25.061,3,90
-0.9307,0.0752,-0.0918,-11.280,66.159,25.488,3,90
-0.9097,0.0952,-0.1021,-14.878,64.695,25.610,3,90
3.5928,0.6865,1.2456,23.780,-246.890,-17.805,1,12
3.6099,0.7363,1.2451,24.878,-251.646,-18.963,1,12
3.6172,0.8350,1.2427,28.780,-265.000,-21.951,1,12
3.6060,0.9180,1.2729,33.354,-272.561,-23.720,1,12
3.5776,0.9922,1.3169,38.780,-278.902,-25.366,1,12
3.5259,1.0649,1.3696,44.512,-284.024,-26.646,1,12
3.4736,1.1338,1.4375,49.329,-289.024,-27.195,1,12
3.4072,1.1704,1.5054,53.720,-293.476,-27.256,1,12
0.2925,0.6860,-0.4131,134.390,79.268,-9.939,2,12
0.2993,0.6650,-0.3999,132.134,79.634,-12.622,2,12
0.3042,0.6675,-0.3862,128.963,80.244,-15.000,2,12
0.3037,0.6553,-0.3857,126.220,80.976,-16.829,2,12
0.3091,0.6528,-0.3794,123.780,81.402,-19.329,2,12
0.3179,0.6504,-0.3608,120.793,81.646,-21.402,2,12
0.3267,0.6465,-0.3491,118.110,82.012,-23.720,2,12
0.3306,0.6489,-0.3306,114.878,81.768,-25.732,2,12
-0.9766,0.2363,-0.1201,-47.378,50.183,11.463,3,90
-0.9756,0.2441,-0.1064,-49.878,49.146,10.671,3,90
-0.9771,0.2505,-0.0801,-56.463,47.073,7.744,3,90
-0.9629,0.2456,-0.0459,-61.037,45.000,5.976,3,90
-0.9556,0.2295,-0.0322,-65.183,43.232,5.122,3,90
-0.9336,0.2139,-0.0254,-68.720,41.707,3.780,3,90
-0.9170,0.2095,0.0024,-70.671,40.671,2.866,3,90
-0.9028,0.2378,0.0083,-72.683,39.268,1.037,3,90
3.1050,0.8286,2.0503,9.207,-314.268,0.793,1,12
3.0786,0.8428,2.0908,-7.805,-317.073,8.110,1,12
3.0474,0.8784,2.1084,-26.768,-320.732,16.829,1,12
3.0103,0.9321,2.1001,-47.256,-325.427,27.195,1,12
2.9678,0.9893,2.0728,-67.683,-331.402,38.110,1,12
2.8882,1.0605,2.0171,-88.780,-337.561,50.427,1,12
2.8096,1.1421,1.9590,-108.476,-342.988,63.659,1,12
2.6875,1.2266,1.9204,-125.610,-345.915,77.256,1,12
0.4146,0.5962,-0.2100,75.915,72.805,-42.500,2,12
0.4258,0.5918,-0.1978,70.244,71.098,-44.573,2,12
0.4312,0.5752,-0.1973,64.451,69.329,-45.976,2,12
0.4399,0.5767,-0.1865,58.171,67.805,-47.439,2,12
0.4458,0.5615,-0.1738,52.622,65.671,-49.268,2,12
0.4565,0.5586,-0.1758,46.768,63.415,-50.976,2,12
0.4653,0.5483,-0.1758,41.220,61.280,-52.622,2,12
0.4688,0.5444,-0.1616,35.610,58.963,-54.268,2,12
-0.9248,0.4277,-0.0405,-59.573,27.256,-3.171,3,90
-0.9253,0.4063,-0.0522,-55.366,25.732,-3.293,3,90
-0.9214,0.3823,-0.0552,-52.012,24.451,-3.720,3,90
-0.9243,0.3535,-0.0596,-48.537,22.927,-4.268,3,90
-0.9185,0.3359,-0.0762,-45.610,21.280,-5.061,3,90
-0.9204,0.3325,-0.0913,-42.622,19.939,-6.220,3,90
-0.9121,0.3228,-0.0845,-40.793,18.415,-6.585,3,90
-0.9165,0.3125,-0.0889,-39.085,17.012,-7.195,3,90
1.1870,-4.4272,-0.8442,-224.451,-344.085,382.744,1,12
0.5986,-4.7686,0.8677,-201.402,-280.488,476.463,1,12
-0.7930,-4.9351,-0.1865,-187.683,-212.012,509.634,1,12
-3.3511,-7.2612,-2.8340,-127.744,-180.915,453.049,1,12
-7.5103,-9.8413,-3.9946,167.500,-95.000,232.988,1,12
-12.8838,-10.5269,-3.4521,498.415,-4.329,-49.573,1,12
-16.0000,-11.2935,-1.5942,734.146,-13.171,-310.549,1,12
-16.0000,-10.7695,0.5864,579.390,-126.524,-189.573,1,12
0.6079,0.5063,-0.2593,2.805,39.085,-76.402,2,12
0.6089,0.5029,-0.2715,2.744,36.220,-79.695,2,12
0.6084,0.5063,-0.2891,2.805,33.537,-82.927,2,12
0.5967,0.4980,-0.3228,3.720,31.280,-86.098,2,12
0.5938,0.4917,-0.3511,5.244,28.476,-89.329,2,12
0.5947,0.4888,-0.3857,7.500,26.159,-92.500,2,12
0.5776,0.4805,-0.4004,9.878,23.841,-95.427,2,12
0.5811,0.4775,-0.4316,13.293,21.585,-98.415,2,12
-0.8696,0.1167,-0.1416,-25.915,6.159,-5.732,3,90
-0.8774,0.1025,-0.1675,-24.451,5.366,-5.488,3,90
-0.8965,0.0962,-0.1553,-22.805,4.329,-5.732,3,90
-0.9131,0.0898,-0.1460,-21.646,3.780,-5.732,3,90
-0.9258,0.0869,-0.1558,-20.305,2.866,-5.976,3,90
-0.9473,0.0845,-0.1543,-19.329,2.073,-6.524,3,90
-0.9688,0.0776,-0.1406,-19.695,1.524,-6.768,3,90
-0.9800,0.0596,-0.1533,-19.146,1.220,-6.768,3,90
-5.0820,-1.6553,4.3638,133.720,-936.890,22.744,1,12
-6.2539,-3.2808,4.6558,-42.073,-466.341,-110.732,1,12
-6.3042,-3.2690,4.8032,-38.659,-150.061,-115.000,1,12
-4.7769,-3.0449,4.6167,-63.780,96.159,-73.354,1,12
-4.5117,-2.6274,3.6768,-97.317,294.451,-39.390,1,12
-4.0449,-2.1812,2.5674,-120.610,435.671,-23.659,1,12
-3.8569,-2.0190,1.8804,-133.049,519.573,-19.329,1,12
-4.0547,-1.8311,1.5210,-143.780,557.195,-23.537,1,12
0.7026,0.4707,-0.5703,50.610,3.659,-113.354,2,12
0.7134,0.4634,-0.5781,55.061,1.402,-113.659,2,12
0.7153,0.4517,-0.5913,59.512,-1.402,-113.476,2,12
0.7173,0.4341,-0.5977,63.659,-4.085,-112.744,2,12
0.7158,0.4185,-0.5952,67.195,-6.524,-111.890,2,12
0.7090,0.4028,-0.5938,70.488,-9.024,-111.098,2,12
0.7124,0.3784,-0.5981,72.988,-11.159,-109.756,2,12
0.7095,0.3555,-0.5991,74.939,-13.354,-108.293,2,12
-0.9766,0.1025,-0.0400,-33.476,-7.378,-9.939,3,90
-0.9697,0.1279,-0.0425,-35.427,-8.232,-10.244,3,90
-0.9614,0.1553,-0.0366,-37.256,-9.207,-10.427,3,90
-0.9517,0.1846,-0.0347,-38.720,-10.366,-10.671,3,90
-0.9238,0.2061,-0.0361,-39.878,-11.037,-10.732,3,90
-0.9063,0.2085,-0.0347,-39.939,-11.707,-10.976,3,90
-0.8862,0.2192,-0.0371,-38.902,-11.829,-10.671,3,90
-0.8516,0.2290,-0.0195,-37.439,-12.317,-10.488,3,90
-1.3325,0.2573,-0.3877,-12.500,-1.890,112.073,1,12
-1.1221,0.2441,-0.4600,-31.341,50.244,101.402,1,12
-0.9580,0.2041,-0.4658,-38.049,94.146,89.634,1,12
-0.7778,0.1392,-0.4761,-37.012,124.756,79.390,1,12
-0.5952,0.0698,-0.4492,-32.622,141.951,71.159,1,12
-0.3301,-0.0806,-0.3848,-24.512,145.305,63.171,1,12
-0.1743,-0.2100,-0.3179,-12.927,139.878,53.780,1,12
-0.0103,-0.3452,-0.1909,-0.183,127.622,42.500,1,12
0.7114,0.1787,-0.5649,82.622,-25.854,-87.988,2,12
0.7036,0.1636,-0.5625,83.171,-26.829,-85.793,2,12
0.6943,0.1519,-0.5610,82.744,-27.683,-83.659,2,12
0.6831,0.1489,-0.5444,82.317,-28.902,-81.341,2,12
0.6763,0.1440,-0.5356,82.195,-30.122,-79.146,2,12
0.6572,0.1289,-0.5474,81.280,-30.915,-77.012,2,12
0.6489,0.1191,-0.5435,80.915,-31.890,-74.817,2,12
0.6357,0.1123,-0.5386,79.878,-32.378,-72.744,2,12
-0.7651,0.2671,-0.0103,-14.390,-13.720,-2.622,3,90
-0.7896,0.2583,0.0063,-10.366,-13.110,-1.829,3,90
-0.8066,0.2666,0.0361,-6.951,-12.683,-1.037,3,90
-0.8081,0.2690,0.0454,-4.085,-12.073,-0.549,3,90
-0.8008,0.2666,0.0142,-1.585,-12.317,0.061,3,90
-0.8022,0.2471,-0.0088,1.585,-12.683,1.037,3,90
-0.8096,0.2412,0.0142,5.671,-12.622,1.951,3,90
-0.8154,0.2427,0.0093,8.354,-12.378,2.744,3,90
0.8496,-1.9521,0.6528,31.402,42.622,-65.549,1,12
0.9111,-2.0757,0.6694,39.207,36.585,-62.134,1,12
0.9873,-2.1821,0.6787,53.659,30.366,-50.488,1,12
1.0498,-2.2568,0.6665,72.439,27.195,-38.476,1,12
1.1011,-2.3003,0.6553,86.829,26.220,-27.988,1,12
1.1294,-2.2925,0.5498,95.000,27.073,-22.317,1,12
1.1260,-2.2305,0.4595,99.634,25.305,-17.134,1,12
1.1558,-2.1641,0.4087,106.280,22.988,-10.427,1,12
0.5913,0.0195,-0.5420,68.963,-36.280,-57.134,2,12
0.5962,0.0161,-0.5356,67.378,-36.220,-55.915,2,12
0.6001,0.0078,-0.5381,65.305,-36.341,-54.756,2,12
0.6001,0.0005,-0.5283,62.866,-36.220,-53.780,2,12
0.6045,-0.0005,-0.5225,60.610,-35.854,-52.866,2,12
0.6123,-0.0103,-0.5229,57.256,-35.488,-52.073,2,12
0.6235,-0.0161,-0.5181,54.756,-35.244,-51.646,2,12
0.6294,-0.0264,-0.5146,51.951,-34.817,-50.915,2,12
-0.8711,0.1904,0.0112,34.451,-8.415,9.024,3,90
-0.8877,0.1929,-0.0024,35.610,-8.232,9.207,3,90
-0.8901,0.1919,-0.0059,37.073,-7.134,9.634,3,90
-0.8999,0.1968,-0.0034,39.024,-6.951,10.183,3,90
-0.9023,0.1948,0.0020,40.549,-6.829,10.244,3,90
-0.9072,0.1973,-0.0083,42.256,-6.768,10.793,3,90
-0.9155,0.1997,0.0000,44.268,-6.768,10.854,3,90
-0.9258,0.2100,0.0190,44.634,-6.829,10.915,3,90
1.2026,-1.3027,0.0718,24.085,34.451,-22.744,1,12
1.0229,-1.3159,-0.0176,5.732,28.293,-22.256,1,12
0.8809,-1.3550,-0.0171,-8.415,22.866,-21.463,1,12
0.7314,-1.3813,0.0537,-18.659,21.829,-22.439,1,12
0.6230,-1.3828,0.1279,-27.439,23.659,-25.244,1,12
0.5137,-1.3521,0.2036,-37.805,26.341,-28.963,1,12
0.4268,-1.2988,0.2798,-48.720,29.390,-32.561,1,12
0.3535,-1.2554,0.3550,-59.573,31.037,-36.098,1,12
0.6792,-0.0757,-0.4839,30.549,-33.537,-48.415,2,12
0.6802,-0.0747,-0.4795,28.171,-33.049,-48.354,2,12
0.6812,-0.0781,-0.4780,25.915,-32.988,-48.354,2,12
0.6865,-0.0835,-0.4663,23.110,-32.683,-47.561,2,12
0.6821,-0.0786,-0.4570,20.488,-32.744,-47.744,2,12
0.6777,-0.0835,-0.4458,17.500,-32.439,-47.866,2,12
0.6826,-0.0801,-0.4292,14.634,-32.256,-47.439,2,12
0.6890,-0.0791,-0.4233,11.890,-32.134,-47.134,2,12
-0.9683,0.1680,0.0415,53.415,-4.939,16.951,3,90
-0.9741,0.1577,0.0435,52.744,-5.122,17.683,3,90
-0.9761,0.1543,0.0620,51.890,-4.817,17.988,3,90
-0.9658,0.1606,0.0391,50.061,-4.878,18.110,3,90
-0.9751,0.1538,0.0200,47.683,-4.878,18.110,3,90
-0.9736,0.1572,0.0229,45.610,-4.878,17.988,3,90
-0.9966,0.1577,0.0220,43.171,-4.878,17.744,3,90
-1.0000,0.1587,0.0103,40.183,-4.756,17.195,3,90
-1.0000,0.1538,-0.0073,39.146,-5.061,16.890,3,90
-1.0117,0.1621,-0.0156,38.720,-4.756,16.768,3,90
-1.0098,0.1670,-0.0088,38.049,-5.122,16.341,3,90
-1.0088,0.1665,0.0005,37.073,-5.061,15.915,3,90
-1.0015,0.1724,-0.0068,36.646,-5.549,15.610,3,90
-0.9990,0.1670,-0.0156,35.976,-5.976,15.305,3,90
-0.9844,0.1709,-0.0161,35.366,-6.037,15.427,3,90
-0.9932,0.1855,-0.0166,34.817,-6.220,15.244,3,90
0.3364,-0.8604,0.1494,8.780,44.878,-76.646,1,12
0.3662,-0.8472,0.1533,10.610,52.683,-75.915,1,12
0.4028,-0.8335,0.1650,12.378,59.878,-74.756,1,12
0.4180,-0.8208,0.1797,14.573,66.037,-73.415,1,12
0.4419,-0.8291,0.1880,17.805,70.976,-72.012,1,12
0.4604,-0.8154,0.2051,21.341,74.024,-70.061,1,12
0.4775,-0.8052,0.2290,25.061,75.244,-68.659,1,12
0.5151,-0.7935,0.2734,28.780,73.476,-68.476,1,12
0.7578,0.0781,-0.3320,-56.341,-27.500,-32.012,2,12
0.7490,0.0942,-0.3379,-60.305,-27.134,-30.610,2,12
0.7441,0.1167,-0.3511,-64.451,-27.256,-28.963,2,12
0.7417,0.1401,-0.3472,-68.293,-27.073,-27.439,2,12
0.7344,0.1582,-0.3501,-71.951,-27.073,-25.854,2,12
0.7290,0.1743,-0.3501,-75.549,-27.378,-24.268,2,12
0.7212,0.1899,-0.3623,-78.720,-27.439,-22.561,2,12
0.7217,0.2085,-0.3569,-81.159,-27.561,-20.732,2,12
-0.9707,0.1807,-0.0684,37.744,-10.122,13.415,3,90
-0.9658,0.1777,-0.0693,38.171,-10.488,13.171,3,90
-0.9570,0.1846,-0.0635,38.598,-11.341,12.378,3,90
-0.9614,0.1753,-0.0625,38.780,-11.463,12.500,3,90
-0.9663,0.1719,-0.0376,39.756,-11.585,12.439,3,90
-0.9536,0.1685,-0.0151,41.037,-11.707,12.561,3,90
-0.9443,0.1655,-0.0391,40.915,-11.890,12.988,3,90
-0.9448,0.1738,-0.0366,40.366,-12.134,13.171,3,90
0.6274,-0.7905,0.3296,21.951,56.707,-75.793,1,12
0.6118,-0.7764,0.3384,22.073,55.549,-76.341,1,12
0.6060,-0.7617,0.3535,22.561,54.817,-77.012,1,12
0.5845,-0.7520,0.3721,23.171,54.085,-76.524,1,12
0.5586,-0.7388,0.3789,23.476,53.354,-75.976,1,12
0.5532,-0.7285,0.3936,23.841,52.439,-75.000,1,12
0.5161,-0.7070,0.3984,24.268,51.402,-73.537,1,12
0.4888,-0.7041,0.4033,24.756,50.854,-71.890,1,12
0.7251,0.3813,-0.3564,-91.341,-28.659,-4.634,2,12
0.7202,0.3911,-0.3618,-91.220,-29.146,-2.866,2,12
0.7217,0.3970,-0.3682,-90.610,-29.390,-0.854,2,12
0.7275,0.4063,-0.3740,-89.756,-29.695,0.793,2,12
0.7290,0.4204,-0.3770,-88.537,-30.427,2.805,2,12
0.7300,0.4302,-0.3755,-87.500,-30.427,4.451,2,12
0.7363,0.4453,-0.3745,-86.341,-30.732,5.976,2,12
0.7383,0.4536,-0.3896,-85.183,-31.159,7.500,2,12
-0.9609,0.1519,-0.0508,30.549,-15.915,9.268,3,90
-0.9736,0.1489,-0.0527,29.817,-16.037,8.780,3,90
-0.9722,0.1587,-0.0503,29.573,-16.280,8.232,3,90
-0.9717,0.1641,-0.0449,28.780,-16.402,7.561,3,90
-0.9736,0.1709,-0.0420,28.902,-16.829,7.317,3,90
-0.9688,0.1777,-0.0273,29.634,-16.829,7.195,3,90
-0.9683,0.1831,-0.0273,29.878,-17.439,6.951,3,90
-0.9614,0.1924,-0.0151,29.756,-17.622,6.646,3,90
0.3540,-0.7153,0.4209,33.171,58.232,-61.829,1,12
0.3491,-0.7271,0.4312,33.110,58.902,-60.366,1,12
0.3511,-0.7388,0.4233,32.988,58.293,-58.720,1,12
0.3325,-0.7505,0.4331,33.476,57.988,-57.256,1,12
0.3403,-0.7559,0.4321,33.293,57.439,-55.427,1,12
0.3369,-0.7695,0.4302,33.415,56.585,-53.780,1,12
0.3262,-0.7871,0.4292,33.232,55.305,-51.098,1,12
0.3262,-0.7988,0.4253,32.622,54.451,-49.573,1,12
0.7432,0.5234,-0.4204,-70.610,-32.378,18.598,2,12
0.7451,0.5322,-0.4238,-68.476,-32.500,19.573,2,12
0.7480,0.5459,-0.4165,-66.280,-32.683,20.610,2,12
0.7441,0.5547,-0.4185,-64.146,-32.805,21.463,2,12
0.7383,0.5649,-0.4150,-62.012,-33.110,21.951,2,12
0.7300,0.5820,-0.4170,-60.305,-32.805,22.744,2,12
0.7344,0.5957,-0.4263,-57.866,-32.927,23.415,2,12
0.7241,0.6069,-0.4185,-56.037,-32.988,24.085,2,12
-0.9517,0.2324,-0.0127,28.171,-18.963,3.415,3,90
-0.9473,0.2090,-0.0073,28.598,-18.902,3.171,3,90
-0.9590,0.2046,0.0308,27.927,-18.780,3.171,3,90
-0.9556,0.2207,0.0405,25.976,-18.963,2.561,3,90
-0.9595,0.2070,0.0430,24.695,-19.146,2.012,3,90
-0.9609,0.2090,0.0532,23.110,-18.963,2.012,3,90
-0.9565,0.2158,0.0610,21.463,-19.146,2.256,3,90
-0.9497,0.2129,0.0669,19.817,-19.451,2.317,3,90
0.2974,-0.9033,0.4458,3.902,51.585,-38.537,1,12
0.3071,-0.9131,0.4355,-0.671,51.037,-37.073,1,12
0.3047,-0.9268,0.4326,-5.122,50.610,-35.732,1,12
0.3062,-0.9307,0.4136,-9.207,49.939,-34.268,1,12
0.3135,-0.9404,0.4019,-13.232,48.963,-33.293,1,12
0.3096,-0.9434,0.3838,-17.073,48.293,-32.134,1,12
0.3135,-0.9541,0.3726,-21.707,47.561,-31.037,1,12
0.3193,-0.9604,0.3657,-25.549,47.012,-30.427,1,12
0.6738,0.7036,-0.4683,-45.244,-34.207,31.402,2,12
0.6694,0.7007,-0.4878,-44.878,-34.512,31.951,2,12
0.6685,0.7134,-0.5024,-43.780,-34.268,32.988,2,12
0.6582,0.7085,-0.5063,-43.720,-34.146,33.476,2,12
0.6587,0.7148,-0.5190,-43.659,-33.902,34.207,2,12
0.6494,0.7178,-0.5283,-43.780,-33.720,34.817,2,12
0.6465,0.7124,-0.5405,-43.780,-32.988,35.610,2,12
0.6431,0.7227,-0.5464,-43.720,-32.500,35.976,2,12
-0.9380,0.2847,0.0449,19.268,-18.780,0.488,3,90
-0.9346,0.2920,0.0410,20.183,-19.451,0.366,3,90
-0.9312,0.2910,0.0322,20.549,-19.390,0.244,3,90
-0.9243,0.2827,0.0400,22.012,-19.207,0.122,3,90
-0.9253,0.2886,0.0396,23.110,-19.207,0.000,3,90
-0.9111,0.2803,0.0298,24.268,-19.024,0.305,3,90
-0.9160,0.2739,0.0259,25.854,-18.963,0.183,3,90
-0.9087,0.2612,0.0264,26.951,-19.207,0.549,3,90
0.3350,-0.9692,0.3623,-56.341,49.756,-27.927,1,12
0.3306,-0.9619,0.3701,-58.963,50.854,-27.622,1,12
0.3267,-0.9517,0.3794,-60.976,51.768,-27.561,1,12
0.3330,-0.9453,0.3789,-63.232,52.134,-27.195,1,12
0.3364,-0.9321,0.3853,-64.695,52.744,-27.195,1,12
0.3418,-0.9248,0.3760,-65.610,53.049,-26.707,1,12
0.3486,-0.9155,0.3677,-66.890,52.561,-26.524,1,12
0.3481,-0.9077,0.3564,-67.378,51.707,-26.159,1,12
0.5786,0.7480,-0.5825,-54.085,-28.049,42.317,2,12
0.5718,0.7529,-0.5806,-55.610,-27.622,42.927,2,12
0.5669,0.7549,-0.5771,-57.683,-27.317,43.780,2,12
0.5566,0.7529,-0.5752,-59.695,-26.768,44.207,2,12
0.5518,0.7573,-0.5688,-61.890,-26.585,45.305,2,12
0.5381,0.7559,-0.5718,-63.598,-26.098,45.854,2,12
0.5415,0.7622,-0.5601,-64.939,-25.793,46.402,2,12
0.5264,0.7661,-0.5581,-65.976,-25.183,47.439,2,12
-0.9224,0.1592,0.0244,28.537,-18.049,-0.244,3,90
-0.9238,0.1538,0.0249,28.110,-17.439,-0.366,3,90
-0.9282,0.1553,0.0117,28.049,-17.195,-0.305,3,90
-0.9219,0.1543,-0.0132,27.500,-17.439,-0.305,3,90
-0.9204,0.1455,-0.0156,26.585,-17.256,-0.366,3,90
-0.9326,0.1411,-0.0103,26.098,-16.768,-0.915,3,90
-0.9380,0.1504,-0.0020,25.183,-16.951,-1.707,3,90
-0.9390,0.1558,-0.0078,23.780,-16.707,-1.951,3,90
0.3301,-0.8281,0.2432,-46.951,54.878,-23.537,1,12
0.3247,-0.8247,0.2378,-43.841,57.012,-22.866,1,12
0.3262,-0.8110,0.2388,-40.915,59.329,-22.195,1,12
0.3247,-0.7988,0.2290,-38.902,61.707,-21.524,1,12
0.3286,-0.8013,0.2241,-36.768,63.780,-20.915,1,12
0.3271,-0.7964,0.2139,-34.207,65.549,-20.244,1,12
0.3330,-0.7964,0.2246,-32.134,67.073,-19.695,1,12
0.3237,-0.8022,0.2075,-29.146,68.293,-18.902,1,12
0.4604,0.8179,-0.5376,-72.256,-23.963,52.744,2,12
0.4526,0.8208,-0.5317,-73.049,-24.390,53.171,2,12
0.4380,0.8213,-0.5176,-73.171,-24.573,53.659,2,12
0.4326,0.8174,-0.5215,-73.110,-25.061,54.451,2,12
0.4248,0.8066,-0.5142,-73.232,-25.305,54.817,2,12
0.4121,0.8130,-0.5107,-72.927,-25.488,55.366,2,12
0.4033,0.8105,-0.5020,-72.378,-25.549,55.854,2,12
0.3936,0.8066,-0.5127,-71.707,-25.549,56.037,2,12
-0.9277,0.1616,0.0034,12.134,-16.707,-5.244,3,90
-0.9258,0.1729,-0.0034,10.976,-16.768,-5.610,3,90
-0.9277,0.1802,-0.0068,10.244,-16.890,-5.854,3,90
-0.9229,0.1797,-0.0044,9.878,-16.951,-6.341,3,90
-0.9150,0.1768,-0.0054,10.000,-17.134,-6.707,3,90
-0.9194,0.1724,-0.0063,9.695,-17.317,-6.768,3,90
-0.9170,0.1689,-0.0122,9.451,-17.317,-7.256,3,90
-0.9141,0.1733,-0.0098,9.207,-17.378,-7.561,3,90
0.3525,-0.8550,0.2793,-15.976,74.878,-21.951,1,12
0.3638,-0.8584,0.2817,-15.854,76.159,-22.378,1,12
0.3687,-0.8647,0.3013,-16.280,77.012,-22.195,1,12
0.3706,-0.8652,0.3262,-16.768,78.537,-22.805,1,12
0.3896,-0.8687,0.3359,-18.049,80.000,-22.134,1,12
0.3916,-0.8721,0.3584,-19.817,81.890,-21.829,1,12
0.4106,-0.8594,0.3574,-21.220,82.683,-21.524,1,12
0.4243,-0.8569,0.3462,-21.951,83.963,-21.280,1,12
0.3203,0.8301,-0.5293,-66.951,-26.768,56.707,2,12
0.3105,0.8350,-0.5327,-66.037,-27.561,56.768,2,12
0.3032,0.8408,-0.5361,-65.427,-27.500,56.707,2,12
0.2900,0.8428,-0.5435,-64.329,-27.805,56.280,2,12
0.2754,0.8560,-0.5581,-63.354,-28.171,56.402,2,12
0.2676,0.8618,-0.5562,-62.195,-28.232,56.098,2,12
0.2524,0.8618,-0.5557,-61.951,-28.720,55.427,2,12
0.2461,0.8657,-0.5713,-60.976,-28.537,55.183,2,12
-0.8960,0.1558,0.0195,5.305,-17.683,-9.024,3,90
-0.8979,0.1655,0.0376,4.207,-17.927,-9.329,3,90
-0.8921,0.1680,0.0342,1.890,-17.927,-9.939,3,90
-0.8960,0.1709,0.0400,0.061,-17.866,-10.000,3,90
-0.9028,0.1729,0.0464,-2.256,-17.805,-10.244,3,90
-0.9087,0.1802,0.0503,-4.512,-17.805,-10.549,3,90
-0.9126,0.1787,0.0581,-5.610,-17.500,-10.915,3,90
-0.9189,0.1982,0.0713,-7.134,-17.256,-10.854,3,90
0.5464,-0.7402,0.3750,-25.915,83.659,-15.732,1,12
0.5532,-0.7261,0.3682,-25.976,82.866,-14.573,1,12
0.5645,-0.7227,0.3740,-25.244,81.829,-13.963,1,12
0.5718,-0.7109,0.3682,-23.720,81.585,-13.049,1,12
0.5811,-0.7124,0.3682,-21.890,81.037,-12.073,1,12
0.5771,-0.7021,0.3745,-20.244,80.549,-10.854,1,12
0.5972,-0.7007,0.3799,-18.415,80.732,-9.634,1,12
0.5986,-0.6953,0.3779,-16.585,80.854,-8.049,1,12
0.1807,0.8672,-0.6006,-54.207,-27.622,49.451,2,12
0.1758,0.8608,-0.5938,-52.988,-27.073,48.963,2,12
0.1699,0.8584,-0.6074,-52.317,-27.073,48.415,2,12
0.1582,0.8560,-0.5957,-51.341,-26.646,47.256,2,12
0.1553,0.8521,-0.5996,-50.305,-26.646,46.280,2,12
0.1523,0.8511,-0.5942,-49.146,-26.280,45.427,2,12
0.1465,0.8467,-0.5938,-48.110,-26.037,44.207,2,12
0.1484,0.8398,-0.5938,-46.768,-25.610,43.354,2,12
-0.9434,0.1948,0.0732,-17.683,-16.585,-11.159,3,90
-0.9478,0.1851,0.0703,-17.683,-16.220,-11.646,3,90
-0.9556,0.1865,0.0698,-17.195,-15.854,-11.463,3,90
-0.9570,0.1943,0.0635,-16.463,-15.610,-11.707,3,90
-0.9502,0.1924,0.0571,-15.488,-15.183,-11.463,3,90
-0.9565,0.1924,0.0566,-14.390,-15.061,-11.402,3,90
-0.9487,0.1846,0.0581,-12.805,-14.695,-11.220,3,90
-0.9536,0.1914,0.0581,-11.402,-14.451,-11.098,3,90
-0.9414,0.1748,0.0474,-9.390,-13.659,-10.549,3,90
-0.9458,0.1816,0.0483,-8.659,-13.537,-10.671,3,90
-0.9443,0.1772,0.0469,-6.707,-13.415,-10.610,3,90
-0.9380,0.1768,0.0347,-5.549,-12.988,-10.427,3,90
-0.9438,0.1763,0.0449,-4.634,-12.622,-10.244,3,90
-0.9390,0.1768,0.0361,-4.146,-12.256,-10.305,3,90
-0.9326,0.1655,0.0439,-3.720,-12.256,-10.366,3,90
-0.9287,0.1719,0.0596,-3.841,-11.890,-10.366,3,90
0.6587,-0.8042,0.4375,-19.695,76.768,9.817,1,12
0.6519,-0.8193,0.4521,-20.610,75.915,10.488,1,12
0.6499,-0.8306,0.4644,-21.037,74.817,11.524,1,12
0.6543,-0.8496,0.4790,-21.524,73.720,12.317,1,12
0.6475,-0.8643,0.4976,-21.951,72.500,13.232,1,12
0.6582,-0.8711,0.4995,-22.622,71.159,14.329,1,12
0.6587,-0.8750,0.5024,-23.354,70.000,14.756,1,12
0.6616,-0.8765,0.4956,-24.207,68.659,15.305,1,12
0.1338,0.7949,-0.5605,-33.659,-21.463,24.695,2,12
0.1338,0.7905,-0.5649,-32.866,-21.220,23.232,2,12
0.1323,0.7847,-0.5708,-31.890,-21.037,22.195,2,12
0.1333,0.7925,-0.5698,-31.037,-20.793,20.671,2,12
0.1348,0.7954,-0.5796,-30.000,-20.061,19.634,2,12
0.1235,0.7905,-0.5874,-29.085,-19.695,18.415,2,12
0.1221,0.7983,-0.5962,-28.049,-19.268,17.561,2,12
0.1191,0.8022,-0.6006,-27.378,-18.659,16.220,2,12
-0.9248,0.1816,0.0981,-11.098,-9.817,-9.573,3,90
-0.9272,0.1836,0.1064,-13.049,-9.634,-9.451,3,90
-0.9258,0.1738,0.0986,-15.183,-9.512,-9.451,3,90
-0.9282,0.1787,0.0991,-17.256,-8.963,-9.451,3,90
-0.9268,0.1729,0.0913,-18.841,-8.659,-9.146,3,90
-0.9365,0.1602,0.0815,-20.732,-8.720,-8.963,3,90
-0.9351,0.1484,0.0874,-21.890,-8.293,-9.207,3,90
-0.9463,0.1455,0.0913,-23.476,-7.744,-9.329,3,90
0.6577,-0.8652,0.4951,-25.183,67.744,15.671,1,12
0.6895,-0.7734,0.5117,-28.963,55.793,19.573,1,12
0.6846,-0.7734,0.5112,-28.110,55.061,20.976,1,12
0.6787,-0.7773,0.5166,-26.280,54.329,21.951,1,12
0.6763,-0.7803,0.5132,-24.085,53.476,23.171,1,12
0.6714,-0.7856,0.5190,-21.524,52.988,24.268,1,12
0.6782,-0.7905,0.5186,-18.659,52.073,25.427,1,12
0.6758,-0.8091,0.5112,-16.037,51.220,26.220,1,12
0.0762,0.7974,-0.6226,-22.256,-14.634,7.256,2,12
0.0742,0.7998,-0.6309,-21.524,-13.720,6.463,2,12
0.0679,0.8018,-0.6396,-20.122,-12.561,5.488,2,12
0.0645,0.7988,-0.6392,-19.085,-11.585,4.451,2,12
0.0645,0.8042,-0.6377,-18.354,-10.122,3.293,2,12
0.0586,0.8169,-0.6401,-17.439,-8.841,2.317,2,12
0.0620,0.8262,-0.6406,-16.646,-7.439,1.037,2,12
0.0630,0.8315,-0.6299,-15.488,-6.220,0.366,2,12
-0.9570,0.0620,0.0801,-30.610,-1.768,-6.585,3,90
-0.9590,0.0552,0.0679,-30.915,-1.524,-6.280,3,90
-0.9673,0.0488,0.0640,-31.037,-0.427,-5.854,3,90
-0.9688,0.0430,0.0688,-30.549,0.610,-5.488,3,90
-0.9780,0.0503,0.0645,-30.000,1.280,-4.939,3,90
-0.9741,0.0449,0.0537,-29.329,2.073,-4.390,3,90
-0.9717,0.0454,0.0576,-29.329,2.805,-3.841,3,90
-0.9702,0.0410,0.0571,-28.963,3.293,-3.354,3,90
0.7031,-0.9053,0.3926,-2.073,43.537,25.976,1,12
0.6997,-0.8989,0.4043,-1.951,43.110,25.610,1,12
0.7051,-0.9043,0.3994,-1.463,43.110,25.549,1,12
0.7041,-0.9028,0.4077,-1.402,42.561,25.000,1,12
0.7129,-0.9072,0.4160,-0.610,41.829,25.061,1,12
0.7095,-0.9092,0.4292,-0.671,41.463,24.878,1,12
0.7144,-0.9028,0.4526,-0.610,40.732,24.817,1,12
0.7148,-0.9102,0.4561,-0.732,39.878,24.817,1,12
0.1055,0.8560,-0.6270,-3.963,4.878,-8.780,2,12
0.0972,0.8457,-0.6318,-2.439,6.098,-9.817,2,12
0.1108,0.8472,-0.6201,-0.366,7.012,-10.671,2,12
0.1162,0.8428,-0.6240,1.768,8.537,-11.951,2,12
0.1196,0.8467,-0.6348,3.659,9.695,-13.171,2,12
0.1201,0.8477,-0.6196,5.488,10.915,-14.146,2,12
0.1211,0.8545,-0.6230,7.622,12.073,-15.366,2,12
0.1206,0.8599,-0.6201,9.329,13.537,-16.280,2,12
-0.9873,0.0654,0.0850,-41.280,7.622,-1.829,3,90
-0.9868,0.0708,0.0918,-43.110,8.415,-1.829,3,90
-1.0020,0.0732,0.0854,-44.573,8.720,-1.829,3,90
-0.9937,0.0786,0.0864,-45.854,9.207,-2.073,3,90
-0.9922,0.0708,0.0898,-47.134,9.695,-1.585,3,90
-0.9961,0.0815,0.0874,-48.110,10.061,-1.646,3,90
-0.9844,0.0903,0.0859,-48.902,11.098,-1.951,3,90
-0.9780,0.0825,0.0825,-49.512,11.463,-1.341,3,90
0.7695,-0.9263,0.5254,-4.939,28.902,22.744,1,12
0.7871,-0.9219,0.5415,-6.159,27.439,22.500,1,12
0.7910,-0.9131,0.5376,-6.463,25.549,22.134,1,12
0.8047,-0.8955,0.5376,-7.195,24.024,22.012,1,12
0.8184,-0.8926,0.5483,-8.232,22.134,21.524,1,12
0.8257,-0.8872,0.5342,-8.780,20.000,21.707,1,12
0.8442,-0.8804,0.5313,-9.268,17.805,21.768,1,12
0.8501,-0.8765,0.5127,-9.024,15.183,21.951,1,12
0.1182,0.8872,-0.6030,22.378,24.085,-24.207,2,12
0.1226,0.8765,-0.6118,23.598,25.061,-24.390,2,12
0.1221,0.8711,-0.6113,24.573,26.341,-25.366,2,12
0.1157,0.8716,-0.6025,25.976,27.866,-26.098,2,12
0.1196,0.8633,-0.5972,26.829,28.902,-26.463,2,12
0.1221,0.8555,-0.5962,28.049,30.183,-27.500,2,12
0.1196,0.8428,-0.5972,29.390,31.646,-27.927,2,12
0.1147,0.8442,-0.6011,30.549,33.171,-29.024,2,12
0.1152,0.8389,-0.5986,32.195,35.000,-29.939,2,12
0.1191,0.8374,-0.5933,32.988,35.732,-30.671,2,12
0.1128,0.8335,-0.5928,33.902,37.378,-31.280,2,12
0.1152,0.8311,-0.5923,34.939,38.537,-32.378,2,12
0.1123,0.8345,-0.5981,36.159,40.061,-33.354,2,12
0.1104,0.8306,-0.5874,36.951,41.707,-34.207,2,12
0.1128,0.8384,-0.6040,38.110,42.927,-35.183,2,12
0.1118,0.8457,-0.5869,40.183,45.183,-36.524,2,12
-0.9580,0.1587,0.1802,-42.561,27.073,5.671,3,90
-0.9507,0.1675,0.1797,-43.780,27.927,5.976,3,90
-0.9531,0.1636,0.1768,-46.220,28.720,6.646,3,90
-0.9556,0.1621,0.1904,-48.963,29.512,6.951,3,90
-0.9600,0.1714,0.1982,-52.195,30.000,7.073,3,90
-0.9541,0.1792,0.2007,-55.976,30.732,7.134,3,90
-0.9585,0.1738,0.1938,-59.329,31.280,7.683,3,90
-0.9609,0.1875,0.1914,-62.195,31.890,7.866,3,90
1.1299,-0.7051,0.3936,23.110,-23.476,34.268,1,12
1.1411,-0.7100,0.3887,25.183,-25.732,35.061,1,12
1.1523,-0.7183,0.4116,26.341,-28.232,35.854,1,12
1.1670,-0.7246,0.4150,26.890,-30.610,36.159,1,12
1.1724,-0.7422,0.4331,26.951,-33.171,36.220,1,12
1.1831,-0.7603,0.4507,26.707,-35.549,36.159,1,12
1.1978,-0.7671,0.4536,25.915,-37.927,35.915,1,12
1.2139,-0.7783,0.4600,25.366,-40.305,35.610,1,12
0.1011,0.8232,-0.5439,49.695,55.671,-44.695,2,12
0.1025,0.8130,-0.5405,50.671,56.585,-45.671,2,12
0.1016,0.8052,-0.5332,51.829,57.683,-46.402,2,12
0.0952,0.7974,-0.5220,52.256,58.720,-47.439,2,12
0.1030,0.7954,-0.5220,52.805,59.939,-48.049,2,12
0.1016,0.7764,-0.5034,53.293,60.793,-49.634,2,12
0.1069,0.7671,-0.4946,53.415,61.707,-50.122,2,12
0.1074,0.7563,-0.4893,53.415,62.744,-51.280,2,12
-1.0322,0.3481,0.1216,-42.256,38.537,9.817,3,90
-1.0303,0.3428,0.1191,-36.585,39.390,10.122,3,90
-1.0313,0.3350,0.1230,-31.829,40.122,10.244,3,90
-1.0430,0.3325,0.1255,-27.073,40.671,10.427,3,90
-1.0425,0.3223,0.1357,-22.744,41.341,10.854,3,90
-1.0386,0.3257,0.1470,-19.085,41.890,10.915,3,90
-1.0474,0.3276,0.1563,-15.610,42.378,11.159,3,90
-1.0444,0.3301,0.1567,-12.622,43.049,11.585,3,90
1.4829,-0.7856,0.5703,1.890,-75.488,22.256,1,12
1.4927,-0.7744,0.5747,0.427,-78.110,21.768,1,12
1.5156,-0.7495,0.5728,-2.073,-86.341,21.037,1,12
1.5337,-0.7261,0.5771,-2.744,-92.195,20.671,1,12
1.5527,-0.7085,0.5913,-2.500,-97.927,20.305,1,12
1.5713,-0.6816,0.5923,-2.439,-103.415,19.512,1,12
1.5859,-0.6470,0.5903,-1.159,-108.720,18.171,1,12
1.6113,-0.6235,0.5923,-0.244,-114.024,16.829,1,12
0.1064,0.6826,-0.4209,49.512,70.366,-58.780,2,12
0.1084,0.6685,-0.4155,48.780,71.098,-59.329,2,12
0.1143,0.6704,-0.4053,47.866,71.829,-60.305,2,12
0.1196,0.6631,-0.4111,46.829,72.256,-61.463,2,12
0.1226,0.6484,-0.3999,45.854,73.232,-62.195,2,12
0.1294,0.6445,-0.4063,45.183,73.902,-62.622,2,12
0.1323,0.6406,-0.4048,44.634,74.939,-63.537,2,12
0.1367,0.6411,-0.3994,43.720,75.671,-64.573,2,12
-0.9277,0.3574,0.1455,12.256,48.049,16.768,3,90
-0.9180,0.3569,0.1235,14.695,48.537,17.378,3,90
-0.9160,0.3481,0.1147,16.951,49.573,18.232,3,90
-0.9067,0.3389,0.0942,18.841,49.939,18.537,3,90
-0.9072,0.3271,0.0947,20.366,50.915,18.659,3,90
-0.8970,0.3140,0.0898,21.463,51.159,19.085,3,90
-0.8955,0.2935,0.0840,22.500,51.585,19.207,3,90
-0.8921,0.2861,0.0762,22.988,51.646,19.634,3,90
-0.8853,0.2695,0.0845,23.110,52.134,19.939,3,90
-0.8916,0.2578,0.0811,23.049,52.744,20.305,3,90
-0.8936,0.2495,0.0776,22.683,52.744,20.915,3,90
-0.8994,0.2515,0.0640,22.195,53.293,21.037,3,90
-0.9033,0.2373,0.0581,21.829,53.659,21.646,3,90
-0.9136,0.2329,0.0596,22.134,54.207,22.012,3,90
-0.9160,0.2305,0.0386,21.768,54.512,22.744,3,90
-0.9253,0.2080,0.0308,22.744,55.244,23.171,3,90
2.5225,0.0645,1.3823,26.890,-201.585,-30.549,1,12
2.5859,0.1201,1.4800,24.939,-205.671,-33.232,1,12
2.6528,0.1719,1.5654,22.683,-210.793,-35.854,1,12
2.7266,0.2314,1.6587,20.610,-216.951,-39.512,1,12
2.7969,0.3164,1.7437,18.476,-225.244,-43.171,1,12
2.8735,0.4063,1.8218,16.341,-235.305,-46.402,1,12
2.9341,0.5264,1.9097,15.000,-247.744,-49.573,1,12
3.0142,0.6841,1.9907,13.354,-261.037,-52.927,1,12
0.1992,0.5215,-0.2524,23.902,79.024,-68.841,2,12
0.2100,0.5127,-0.2329,21.768,79.329,-68.659,2,12
0.2305,0.5083,-0.2217,19.878,79.207,-68.354,2,12
0.2412,0.5015,-0.2051,17.866,79.085,-68.110,2,12
0.2651,0.4912,-0.1919,15.305,78.963,-67.927,2,12
0.2881,0.4868,-0.1846,13.049,78.537,-67.744,2,12
0.3198,0.4829,-0.1670,10.671,77.866,-67.256,2,12
0.3350,0.4795,-0.1704,8.415,77.439,-66.829,2,12
-0.8354,0.0747,-0.0068,24.939,62.500,21.768,3,90
-0.8291,0.0767,-0.0083,19.451,62.439,20.793,3,90
-0.8247,0.0903,0.0146,13.110,62.012,20.366,3,90
-0.8237,0.1060,0.0596,6.341,61.829,19.878,3,90
-0.8179,0.1221,0.0698,-1.829,61.159,19.573,3,90
-0.8140,0.1265,0.0420,-9.939,60.183,19.573,3,90
-0.8169,0.1211,-0.0015,-16.524,58.659,19.817,3,90
-0.8159,0.1099,-0.0142,-21.098,57.683,20.427,3,90
0.3633,0.4717,-0.1670,5.610,76.585,-66.341,2,12
0.3804,0.4834,-0.1558,3.110,76.098,-65.488,2,12
0.3989,0.4839,-0.1450,0.061,75.183,-64.512,2,12
0.4204,0.4800,-0.1235,-2.988,74.390,-63.598,2,12
0.4497,0.4810,-0.1240,-6.098,73.110,-62.439,2,12
0.4614,0.4854,-0.1021,-9.390,72.012,-61.037,2,12
0.4883,0.4893,-0.0874,-12.561,70.732,-59.695,2,12
0.4980,0.4922,-0.0737,-16.220,69.451,-58.293,2,12
0.5166,0.4946,-0.0630,-19.634,67.622,-56.646,2,12
0.5454,0.4966,-0.0527,-23.841,65.793,-55.122,2,12
0.5640,0.5000,-0.0376,-27.683,63.659,-53.415,2,12
0.5933,0.5049,-0.0474,-31.280,61.463,-51.707,2,12
0.5967,0.5049,-0.0488,-35.000,59.512,-50.061,2,12
0.6245,0.5122,-0.0430,-38.293,57.805,-48.293,2,12
0.6440,0.5142,-0.0430,-41.707,55.976,-46.524,2,12
0.6631,0.5161,-0.0317,-45.000,54.451,-44.634,2,12
-0.8789,0.2446,-0.1421,-34.756,50.122,19.695,3,90
-0.8921,0.2622,-0.1650,-35.671,48.963,19.390,3,90
-0.9082,0.2734,-0.1587,-35.793,47.744,19.085,3,90
-0.9263,0.2612,-0.1650,-32.988,46.951,19.451,3,90
-0.9448,0.2637,-0.1738,-29.024,46.585,20.000,3,90
-0.9419,0.2524,-0.2026,-23.841,45.854,20.488,3,90
-0.9355,0.2534,-0.2163,-17.317,45.549,20.793,3,90
-0.9351,0.2446,-0.2056,-11.220,44.756,21.098,3,90
1.3530,-3.9458,0.1958,-412.500,-335.366,358.902,1,12
0.6069,-5.8628,-0.0322,-473.598,-280.305,419.817,1,12
-0.5684,-6.2852,-0.7241,-415.305,-266.890,449.451,1,12
-1.9517,-6.4067,-0.1338,-265.244,-341.220,421.341,1,12
-4.2134,-8.1963,-0.7026,-79.207,-406.159,337.439,1,12
-9.7739,-10.0547,-2.6865,197.744,-326.524,75.793,1,12
-16.0000,-7.4653,-4.1997,434.695,-180.732,-322.927,1,12
-16.0000,-6.2495,-1.9692,465.061,-106.951,-450.671,1,12
0.7573,0.6553,-0.0591,-57.744,43.110,-37.256,2,12
0.7646,0.6753,-0.0640,-56.585,42.256,-37.927,2,12
0.7681,0.7046,-0.0806,-55.671,41.280,-38.537,2,12
0.7656,0.7207,-0.0908,-53.780,40.244,-39.573,2,12
0.7656,0.7397,-0.0938,-51.098,39.939,-40.671,2,12
0.7627,0.7544,-0.1206,-48.293,39.939,-42.073,2,12
0.7671,0.7769,-0.1387,-43.841,39.756,-43.293,2,12
0.7651,0.7983,-0.1543,-39.085,39.756,-44.634,2,12
-0.7988,0.2417,-0.2485,15.000,37.500,13.171,3,90
-0.8110,0.2612,-0.2065,16.646,37.317,12.378,3,90
-0.8115,0.2803,-0.1943,16.341,36.220,10.854,3,90
-0.8032,0.2998,-0.2275,16.037,34.085,10.061,3,90
-0.7998,0.3149,-0.2378,15.244,32.195,9.512,3,90
-0.8257,0.3223,-0.2271,13.293,29.939,8.780,3,90
-0.8486,0.3242,-0.2261,10.976,27.439,7.683,3,90
-0.8540,0.3184,-0.2227,8.720,25.427,7.012,3,90
-1.8643,-3.6084,0.9590,-93.171,11.707,-158.293,1,12
-2.5474,-3.5410,1.2769,-51.707,-51.829,-159.268,1,12
-3.0854,-3.7031,1.1958,-13.720,-97.622,-150.488,1,12
-3.9658,-3.5229,1.1787,24.878,-131.341,-129.085,1,12
-4.6963,-3.0669,1.0854,46.524,-141.463,-91.585,1,12
-5.1914,-2.4844,0.9463,55.915,-132.378,-35.732,1,12
-5.0713,-1.8643,0.8960,55.366,-104.695,27.622,1,12
-4.5439,-1.1987,0.9639,46.402,-53.110,64.756,1,12
0.7095,0.9956,-0.2310,8.598,39.512,-47.012,2,12
0.7217,1.0122,-0.2231,11.646,38.415,-45.488,2,12
0.7383,1.0083,-0.2085,13.720,37.195,-43.720,2,12
0.7529,1.0059,-0.1992,15.915,35.915,-41.768,2,12
0.7725,0.9951,-0.2007,17.012,34.573,-39.817,2,12
0.7871,0.9863,-0.1958,17.805,32.866,-37.988,2,12
0.8135,0.9609,-0.2002,18.537,31.037,-36.280,2,12
0.8276,0.9404,-0.2051,18.598,29.207,-34.695,2,12
-1.1475,0.2861,-0.0977,-8.415,7.927,0.732,3,90
-1.1938,0.2881,-0.0791,-10.671,6.890,0.244,3,90
-1.2197,0.2905,-0.0869,-11.646,5.427,-0.061,3,90
-1.2217,0.2974,-0.1040,-12.500,4.207,-0.427,3,90
-1.2319,0.2896,-0.1230,-12.988,3.110,-0.915,3,90
-1.2217,0.2920,-0.1357,-12.195,2.256,-1.037,3,90
-1.2178,0.2749,-0.1499,-11.037,1.524,-1.220,3,90
-1.2173,0.2451,-0.1479,-9.512,1.037,-1.341,3,90
-0.2622,0.1104,0.1704,-2.927,118.720,-42.317,1,12
-0.1484,0.1816,0.1514,-6.646,107.500,-35.610,1,12
0.0112,0.1260,0.1445,-9.512,99.146,-29.939,1,12
0.1016,0.1030,0.1382,-9.878,93.659,-27.439,1,12
0.1812,0.0713,0.1514,-7.866,90.671,-28.537,1,12
0.2368,0.0029,0.1880,-3.659,90.671,-31.646,1,12
0.2852,-0.0850,0.2251,5.183,92.378,-36.524,1,12
0.3389,-0.2188,0.3140,22.073,97.683,-41.037,1,12
0.8169,0.7813,-0.3584,6.463,13.415,-28.293,2,12
0.8022,0.7803,-0.3813,4.024,11.890,-27.866,2,12
0.7969,0.7705,-0.4106,1.280,10.366,-27.134,2,12
0.7881,0.7813,-0.4346,-2.073,8.902,-26.463,2,12
0.7793,0.7842,-0.4702,-5.183,7.622,-25.793,2,12
0.7827,0.7832,-0.4956,-8.537,5.732,-24.939,2,12
0.7710,0.7886,-0.5298,-12.378,3.841,-24.207,2,12
0.7720,0.7881,-0.5571,-16.159,1.707,-23.780,2,12
-1.1074,0.1587,-0.1812,1.829,-4.512,-1.280,3,90
-1.0952,0.1621,-0.1743,1.159,-5.366,-1.220,3,90
-1.0728,0.1670,-0.1777,0.915,-6.280,-1.159,3,90
-1.0640,0.1655,-0.1768,0.732,-7.317,-0.549,3,90
-1.0557,0.1709,-0.1738,0.305,-7.927,-0.549,3,90
-1.0386,0.2002,-0.1572,0.183,-8.963,-0.122,3,90
-1.0215,0.2334,-0.1523,-0.061,-10.122,0.610,3,90
-0.9980,0.2583,-0.1299,0.610,-10.915,1.585,3,90
0.9067,-1.5542,0.8960,121.341,116.585,-47.500,1,12
1.0337,-1.6855,0.9146,129.024,119.024,-54.512,1,12
1.1475,-1.7866,0.9160,135.610,120.793,-61.768,1,12
1.2485,-1.8486,0.9189,142.134,122.378,-67.866,1,12
1.2900,-1.8481,0.9009,147.988,121.585,-69.146,1,12
1.2432,-1.8047,0.8994,153.902,116.951,-61.707,1,12
1.2168,-1.6875,0.9023,159.817,108.415,-45.793,1,12
1.2251,-1.5405,0.9014,164.329,101.037,-30.366,1,12
0.7529,0.8345,-0.9033,-42.073,-10.488,-17.683,2,12
0.7529,0.8486,-0.9292,-43.598,-12.317,-16.951,2,12
0.7529,0.8428,-0.9546,-44.634,-14.146,-16.829,2,12
0.7510,0.8496,-0.9775,-44.817,-15.915,-17.012,2,12
0.7500,0.8496,-0.9922,-44.756,-17.622,-17.866,2,12
0.7456,0.8481,-0.9971,-44.146,-19.146,-19.146,2,12
0.7363,0.8530,-1.0054,-43.902,-20.549,-21.280,2,12
0.7251,0.8569,-1.0083,-43.902,-22.073,-24.146,2,12
-0.9814,0.2729,-0.0986,12.561,-16.220,5.305,3,90
-0.9683,0.2402,-0.1216,14.024,-17.805,6.159,3,90
-0.9912,0.2163,-0.0928,14.085,-18.049,6.890,3,90
-1.0083,0.2119,-0.0571,13.476,-18.598,7.317,3,90
-1.0142,0.2207,-0.0522,13.476,-19.268,7.683,3,90
-1.0176,0.2324,-0.0493,13.049,-20.061,7.805,3,90
-1.0205,0.2373,-0.0400,12.927,-20.732,8.476,3,90
-1.0103,0.2495,-0.0396,12.134,-21.585,8.720,3,90
0.9058,-1.0806,0.5010,107.927,62.988,-34.451,1,12
0.5928,-1.0400,0.4932,100.305,55.976,-12.561,1,12
0.3643,-0.9795,0.4668,91.402,48.232,19.390,1,12
0.2446,-0.9019,0.4087,82.988,47.134,45.610,1,12
0.1689,-0.8887,0.3706,78.780,52.561,58.902,1,12
0.1172,-0.8921,0.3989,78.963,62.012,61.768,1,12
0.1143,-0.8887,0.4858,78.232,80.061,53.598,1,12
0.1406,-0.8726,0.5713,72.134,91.951,43.293,1,12
0.6289,1.0713,-0.7671,-48.537,-38.963,-44.268,2,12
0.6328,1.0942,-0.7573,-48.415,-41.220,-42.744,2,12
0.6201,1.1030,-0.7358,-48.232,-43.171,-40.671,2,12
0.6250,1.1104,-0.7241,-47.012,-45.549,-38.354,2,12
0.6182,1.1201,-0.7109,-45.671,-47.683,-35.488,2,12
0.6050,1.1182,-0.6958,-43.780,-49.512,-32.561,2,12
0.5820,1.1069,-0.6772,-42.439,-51.951,-30.061,2,12
0.5723,1.0996,-0.6680,-40.549,-54.817,-27.744,2,12
-0.9863,0.3135,-0.0664,21.524,-24.878,10.976,3,90
-0.9692,0.3091,-0.0723,22.439,-25.793,10.732,3,90
-0.9653,0.2891,-0.0728,23.171,-26.037,11.220,3,90
-0.9580,0.2710,-0.0815,24.573,-26.098,11.402,3,90
-0.9541,0.2612,-0.0752,26.098,-26.341,11.341,3,90
-0.9512,0.2637,-0.0601,28.110,-26.280,11.220,3,90
-0.9414,0.2598,-0.0547,30.244,-26.402,11.037,3,90
-0.9253,0.2646,-0.0361,31.768,-26.341,11.098,3,90
0.0806,-1.0513,0.8950,-3.537,50.427,16.829,1,12
0.0820,-1.1167,0.8760,3.963,42.500,17.012,1,12
0.0820,-1.1714,0.8516,12.561,35.793,16.768,1,12
0.0864,-1.2285,0.8315,20.366,30.366,16.341,1,12
0.0952,-1.2739,0.7998,26.524,26.280,15.366,1,12
0.1035,-1.3281,0.7588,30.732,23.354,14.024,1,12
0.1372,-1.3594,0.7310,32.988,22.378,13.354,1,12
0.1685,-1.3882,0.6772,34.024,22.866,13.293,1,12
0.5137,0.9277,-0.5508,-29.939,-69.817,-14.573,2,12
0.5098,0.9082,-0.5508,-29.268,-71.585,-13.171,2,12
0.5117,0.8960,-0.5317,-28.354,-72.988,-11.768,2,12
0.5020,0.8774,-0.5220,-27.683,-74.329,-10.793,2,12
0.5015,0.8643,-0.5166,-27.012,-75.549,-9.207,2,12
0.4956,0.8535,-0.5107,-25.854,-76.768,-7.805,2,12
0.4922,0.8462,-0.4990,-24.329,-77.561,-6.220,2,12
0.4790,0.8394,-0.4941,-23.049,-78.780,-4.512,2,12
-0.8770,0.2324,-0.0469,21.890,-29.024,10.305,3,90
-0.8730,0.2173,-0.0391,21.280,-29.451,10.366,3,90
-0.8745,0.2104,-0.0566,20.427,-29.512,10.671,3,90
-0.8687,0.2119,-0.0537,19.573,-29.451,10.305,3,90
-0.8638,0.2334,-0.0503,18.110,-29.756,9.817,3,90
-0.8604,0.2529,-0.0576,16.341,-29.878,9.390,3,90
-0.8506,0.2534,-0.0757,15.549,-29.878,9.024,3,90
-0.8525,0.2588,-0.0840,15.732,-29.878,9.146,3,90
0.2002,-1.2764,0.4717,33.110,34.451,-3.659,1,12
0.2285,-1.2666,0.4629,31.037,35.061,-6.220,1,12
0.2383,-1.2544,0.4541,28.841,34.756,-8.598,1,12
0.2520,-1.2451,0.4429,27.439,33.902,-11.098,1,12
0.2593,-1.2300,0.4336,26.159,33.354,-14.024,1,12
0.2705,-1.2192,0.4233,25.366,32.683,-17.927,1,12
0.2783,-1.1982,0.4111,23.232,30.854,-23.598,1,12
0.2734,-1.1904,0.4048,21.585,28.476,-26.037,1,12
0.4131,0.8086,-0.4277,-5.671,-85.793,10.671,2,12
0.4072,0.8081,-0.4053,-2.561,-86.829,13.415,2,12
0.4028,0.8091,-0.4033,-1.463,-87.256,14.329,2,12
0.3994,0.8115,-0.3979,0.122,-87.622,16.159,2,12
0.4033,0.8037,-0.3877,2.134,-88.110,18.171,2,12
0.3994,0.7930,-0.3848,3.720,-88.232,19.756,2,12
0.4023,0.7832,-0.3735,5.000,-88.354,21.463,2,12
0.4019,0.7803,-0.3501,6.220,-88.354,23.171,2,12
-0.8301,0.3062,-0.0703,18.598,-31.098,5.976,3,90
-0.8208,0.3062,-0.1221,18.171,-31.585,4.878,3,90
-0.8008,0.2954,-0.1323,19.085,-32.134,4.573,3,90
-0.8022,0.2798,-0.0884,20.183,-32.195,4.512,3,90
-0.7993,0.2715,-0.0776,19.573,-33.049,4.817,3,90
-0.7939,0.2485,-0.1055,18.476,-34.085,4.817,3,90
-0.8013,0.2495,-0.1050,17.378,-34.451,5.244,3,90
-0.8110,0.2451,-0.0898,15.915,-34.573,5.122,3,90
0.2036,-1.0854,0.3506,9.085,14.939,-35.122,1,12
0.2036,-1.0762,0.3374,8.780,15.671,-36.159,1,12
0.1968,-1.0654,0.3374,9.268,16.646,-37.256,1,12
0.2021,-1.0581,0.3403,8.841,17.683,-38.354,1,12
0.2056,-1.0537,0.3389,8.598,18.110,-39.085,1,12
0.2036,-1.0386,0.3257,8.354,18.841,-40.000,1,12
0.2075,-1.0273,0.3130,7.439,18.902,-40.610,1,12
0.2139,-1.0127,0.2939,6.951,18.476,-40.854,1,12
0.4150,0.6372,-0.3042,9.634,-88.476,35.488,2,12
0.4146,0.6270,-0.2881,9.329,-88.598,35.915,2,12
0.4106,0.6196,-0.2798,9.451,-88.354,36.037,2,12
0.4023,0.6108,-0.2676,8.963,-88.720,36.951,2,12
0.4033,0.6113,-0.2661,8.963,-89.085,37.256,2,12
0.3989,0.6094,-0.2549,8.537,-89.512,38.049,2,12
0.3872,0.6108,-0.2422,8.476,-90.000,38.537,2,12
0.3877,0.6045,-0.2437,7.927,-90.549,39.329,2,12
-0.9106,0.1753,-0.1270,15.183,-35.671,1.951,3,90
-0.9258,0.1709,-0.1099,16.585,-35.427,1.159,3,90
-0.9189,0.1650,-0.0928,18.476,-34.695,1.280,3,90
-0.9165,0.1797,-0.0830,20.732,-34.390,1.098,3,90
-0.8984,0.1938,-0.0835,22.500,-33.780,1.037,3,90
-0.8843,0.2134,-0.0854,24.390,-33.902,1.159,3,90
-0.8770,0.2295,-0.0889,25.976,-33.841,1.280,3,90
-0.8623,0.2393,-0.0986,27.195,-33.415,1.829,3,90
0.2905,-0.8823,0.1553,0.915,17.439,-29.390,1,12
0.2998,-0.8638,0.1465,0.366,17.500,-27.500,1,12
0.3037,-0.8477,0.1401,0.305,17.622,-25.976,1,12
0.3223,-0.8281,0.1367,-0.305,18.232,-23.780,1,12
0.3159,-0.8159,0.1348,-0.488,18.354,-22.073,1,12
0.3306,-0.8101,0.1240,-0.976,18.963,-20.427,1,12
0.3379,-0.7900,0.1313,-1.829,19.573,-17.866,1,12
0.3364,-0.7886,0.1221,-2.378,20.427,-16.280,1,12
0.3472,0.5874,-0.2632,1.951,-90.549,44.085,2,12
0.3477,0.5869,-0.2651,1.402,-89.756,44.451,2,12
0.3384,0.5781,-0.2788,0.915,-89.329,44.756,2,12
0.3359,0.5815,-0.2920,0.061,-88.537,44.817,2,12
0.3418,0.5884,-0.2959,-0.122,-88.049,45.000,2,12
0.3418,0.5806,-0.2925,-0.366,-86.768,45.244,2,12
0.3413,0.5869,-0.3018,-0.854,-85.366,45.488,2,12
0.3413,0.5898,-0.2964,-1.280,-84.268,45.671,2,12
-0.8423,0.1714,-0.0562,42.195,-29.024,2.988,3,90
-0.8281,0.1631,-0.0654,42.561,-28.293,2.744,3,90
-0.8247,0.1558,-0.0835,42.012,-27.988,2.866,3,90
-0.8208,0.1475,-0.0771,40.244,-27.195,2.622,3,90
-0.8154,0.1421,-0.0981,37.805,-27.012,1.646,3,90
-0.8271,0.1333,-0.0767,35.366,-26.829,0.915,3,90
-0.8325,0.1318,-0.0776,33.293,-26.280,0.000,3,90
-0.8398,0.1494,-0.0972,31.098,-25.549,-0.488,3,90
0.3267,-0.8315,0.0972,-12.500,28.415,-6.037,1,12
0.3247,-0.8486,0.1055,-14.451,30.671,-5.122,1,12
0.3242,-0.8579,0.1094,-16.768,33.293,-4.634,1,12
0.3218,-0.8730,0.1133,-18.841,35.610,-4.512,1,12
0.3247,-0.8838,0.1240,-21.341,38.110,-4.329,1,12
0.3223,-0.8911,0.1372,-24.085,40.610,-3.902,1,12
0.3296,-0.9043,0.1460,-27.256,42.683,-4.268,1,12
0.3350,-0.9131,0.1665,-30.915,45.061,-4.634,1,12
0.3442,0.6147,-0.2935,0.488,-71.646,47.134,2,12
0.3501,0.6255,-0.2974,0.244,-70.244,47.439,2,12
0.3501,0.6226,-0.2896,0.244,-68.537,47.439,2,12
0.3569,0.6230,-0.2783,0.366,-67.073,47.500,2,12
0.3555,0.6313,-0.2881,-0.610,-65.610,47.561,2,12
0.3472,0.6396,-0.2749,-0.366,-63.902,47.683,2,12
0.3594,0.6440,-0.2822,-0.549,-62.317,47.683,2,12
0.3516,0.6533,-0.2690,-0.427,-60.305,47.378,2,12
0.3564,0.6563,-0.2720,-1.159,-58.720,47.988,2,12
0.3516,0.6665,-0.2651,-1.341,-57.256,48.232,2,12
0.3545,0.6729,-0.2622,-1.646,-55.122,48.171,2,12
0.3511,0.6763,-0.2534,-1.829,-53.720,48.232,2,12
0.3506,0.6860,-0.2588,-1.951,-51.646,48.598,2,12
0.3423,0.6846,-0.2612,-1.829,-50.183,48.293,2,12
0.3423,0.6978,-0.2651,-1.768,-48.780,48.354,2,12
0.3364,0.7095,-0.2671,-1.707,-46.890,48.476,2,12
-0.8037,0.3389,-0.0088,-7.805,-23.902,-10.549,3,90
-0.7915,0.3413,-0.0313,-9.268,-24.695,-11.220,3,90
-0.7842,0.3296,-0.0513,-9.878,-24.939,-11.585,3,90
-0.7891,0.3052,-0.0259,-9.146,-24.817,-11.402,3,90
-0.7925,0.2822,-0.0146,-8.902,-25.305,-11.524,3,90
-0.7832,0.2378,-0.0234,-9.329,-25.854,-10.976,3,90
-0.7949,0.2041,-0.0303,-10.671,-26.220,-10.549,3,90
-0.7993,0.1753,-0.0151,-13.902,-26.341,-10.366,3,90
0.4121,-0.8457,0.2100,-70.366,77.744,-17.561,1,12
0.4180,-0.8281,0.2124,-69.268,79.207,-17.622,1,12
0.4175,-0.8052,0.2236,-67.622,81.037,-18.049,1,12
0.4346,-0.7935,0.2280,-65.488,82.500,-18.171,1,12
0.4390,-0.7798,0.2256,-62.927,84.146,-18.537,1,12
0.4409,-0.7656,0.2397,-59.878,85.549,-18.659,1,12
0.4526,-0.7559,0.2451,-56.341,86.829,-18.963,1,12
0.4673,-0.7554,0.2529,-52.744,88.232,-19.268,1,12
0.2778,0.8398,-0.3076,-1.646,-32.561,50.793,2,12
0.2705,0.8589,-0.3140,-1.707,-30.610,51.280,2,12
0.2632,0.8623,-0.3135,-2.256,-29.024,52.134,2,12
0.2520,0.8804,-0.3130,-2.439,-27.256,52.927,2,12
0.2437,0.8960,-0.3252,-2.805,-25.549,53.659,2,12
0.2368,0.9023,-0.3301,-3.476,-23.963,54.268,2,12
0.2305,0.9136,-0.3198,-3.841,-22.500,55.183,2,12
0.2266,0.9229,-0.3301,-4.756,-20.915,56.280,2,12
-0.9243,0.0605,-0.0400,-50.610,-27.195,-20.427,3,90
-0.9194,0.0688,-0.0664,-52.500,-27.500,-21.159,3,90
-0.9326,0.0796,-0.0679,-53.963,-27.622,-22.317,3,90
-0.9409,0.0942,-0.0566,-55.305,-27.561,-23.476,3,90
-0.9448,0.1104,-0.0625,-55.671,-27.805,-24.024,3,90
-0.9561,0.1289,-0.0713,-54.085,-27.561,-24.939,3,90
-0.9517,0.1396,-0.0771,-52.683,-27.561,-25.305,3,90
-0.9697,0.1582,-0.0693,-51.098,-27.683,-26.037,3,90
0.5825,-0.7456,0.3203,-25.366,103.659,-20.976,1,12
0.5967,-0.7441,0.3198,-22.744,104.390,-21.037,1,12
0.6187,-0.7466,0.3184,-20.000,105.122,-21.524,1,12
0.6250,-0.7476,0.3276,-17.927,105.366,-21.402,1,12
0.6284,-0.7554,0.3374,-15.671,105.488,-21.524,1,12
0.6333,-0.7563,0.3564,-13.963,105.427,-21.280,1,12
0.6406,-0.7651,0.3721,-12.744,105.488,-21.220,1,12
0.6455,-0.7769,0.3813,-11.341,105.549,-21.037,1,12
0.1597,0.9614,-0.3765,-11.341,-8.049,65.610,2,12
0.1631,0.9629,-0.3687,-11.951,-6.646,66.646,2,12
0.1519,0.9609,-0.3745,-11.951,-5.000,67.622,2,12
0.1475,0.9585,-0.3833,-12.561,-3.902,68.476,2,12
0.1431,0.9644,-0.3857,-13.293,-2.561,69.268,2,12
0.1426,0.9546,-0.3838,-13.963,-1.463,69.573,2,12
0.1372,0.9556,-0.3911,-14.207,-0.305,70.122,2,12
0.1328,0.9585,-0.3955,-14.634,0.732,70.854,2,12
-0.9492,0.2505,0.0132,-31.159,-27.317,-29.573,3,90
-0.9521,0.2549,0.0083,-30.000,-27.195,-29.695,3,90
-0.9453,0.2676,0.0093,-29.024,-27.073,-30.793,3,90
-0.9502,0.2725,0.0317,-27.378,-26.707,-30.976,3,90
-0.9517,0.2686,0.0591,-25.305,-26.646,-31.159,3,90
-0.9492,0.2627,0.0698,-23.232,-26.524,-30.854,3,90
-0.9478,0.2656,0.1035,-20.549,-25.793,-29.756,3,90
-0.9414,0.2607,0.1084,-19.329,-25.793,-28.841,3,90
0.6885,-0.8276,0.5220,0.915,103.476,-18.598,1,12
0.6992,-0.8237,0.5225,0.915,102.683,-18.537,1,12
0.7036,-0.8257,0.5215,1.463,101.951,-18.110,1,12
0.7134,-0.8335,0.5225,1.890,101.280,-18.049,1,12
0.7144,-0.8223,0.5195,2.073,100.488,-17.927,1,12
0.7251,-0.8252,0.5117,2.500,99.573,-18.049,1,12
0.7427,-0.8208,0.5024,2.988,98.537,-17.927,1,12
0.7427,-0.8115,0.5044,3.354,97.622,-18.598,1,12
0.1021,0.9604,-0.4546,-12.134,8.598,71.829,2,12
0.1021,0.9570,-0.4614,-11.402,8.780,71.159,2,12
0.0913,0.9570,-0.4614,-10.610,9.146,70.854,2,12
0.0869,0.9531,-0.4692,-9.329,9.512,70.183,2,12
0.0879,0.9482,-0.4697,-8.476,9.512,69.817,2,12
0.0752,0.9424,-0.4756,-7.744,9.268,68.841,2,12
0.0664,0.9390,-0.4839,-6.951,9.329,68.171,2,12
0.0649,0.9272,-0.4897,-6.341,8.720,67.500,2,12
-0.9702,0.2637,0.1626,-15.244,-19.939,-23.232,3,90
-0.9814,0.2495,0.1582,-14.207,-19.329,-22.500,3,90
-0.9927,0.2563,0.1631,-12.927,-18.780,-22.012,3,90
-0.9961,0.2681,0.1475,-12.866,-18.232,-21.524,3,90
-1.0029,0.2642,0.1431,-11.768,-17.561,-20.976,3,90
-1.0073,0.2524,0.1406,-10.061,-17.500,-20.183,3,90
-0.9980,0.2437,0.1475,-8.232,-16.890,-19.634,3,90
-1.0020,0.2314,0.1318,-6.951,-16.220,-19.268,3,90
0.7837,-0.8813,0.6265,-5.854,86.707,-18.415,1,12
0.7764,-0.8877,0.6313,-6.463,84.573,-18.171,1,12
0.7925,-0.8901,0.6406,-6.890,82.134,-17.927,1,12
0.7905,-0.8901,0.6519,-7.561,80.061,-18.171,1,12
0.7920,-0.8931,0.6533,-9.085,77.195,-18.415,1,12
0.7964,-0.8916,0.6499,-10.305,74.573,-18.720,1,12
0.8037,-0.8848,0.6421,-11.524,71.768,-19.085,1,12
0.8071,-0.8774,0.6436,-13.537,68.841,-19.207,1,12
0.0088,0.8462,-0.5581,0.732,7.439,57.805,2,12
0.0171,0.8374,-0.5576,1.098,7.256,56.098,2,12
0.0083,0.8296,-0.5498,1.220,7.195,54.756,2,12
0.0063,0.8237,-0.5615,1.402,6.768,53.171,2,12
0.0044,0.8091,-0.5698,1.768,6.341,51.524,2,12
0.0010,0.7974,-0.5654,2.195,6.159,50.183,2,12
0.0005,0.7891,-0.5713,1.768,6.159,48.537,2,12
0.0073,0.7788,-0.5640,1.707,5.915,47.012,2,12
-1.0425,0.1348,0.1494,-9.207,-12.378,-15.854,3,90
-1.0425,0.1333,0.1494,-10.732,-12.256,-15.488,3,90
-1.0371,0.1294,0.1582,-12.439,-12.073,-15.549,3,90
-1.0347,0.1270,0.1509,-14.329,-11.585,-15.305,3,90
-1.0376,0.1299,0.1538,-15.793,-11.402,-15.122,3,90
-1.0249,0.1338,0.1533,-17.073,-10.976,-14.573,3,90
-1.0171,0.1343,0.1406,-18.110,-10.427,-14.634,3,90
-1.0156,0.1455,0.1274,-18.598,-10.549,-14.390,3,90
0.8350,-0.8340,0.6182,-22.439,47.134,-16.524,1,12
0.8296,-0.8208,0.6201,-21.463,45.244,-15.427,1,12
0.8330,-0.8145,0.6226,-21.098,42.805,-14.451,1,12
0.8276,-0.8062,0.6030,-20.183,41.037,-13.902,1,12
0.8374,-0.7896,0.5908,-19.146,38.720,-12.927,1,12
0.8335,-0.7910,0.5952,-18.171,36.098,-12.134,1,12
0.8369,-0.7817,0.5825,-17.195,33.476,-11.768,1,12
0.8428,-0.7739,0.5698,-16.707,30.976,-11.098,1,12
0.0146,0.7368,-0.5996,2.073,5.122,30.610,2,12
0.0127,0.7441,-0.6123,2.378,5.305,28.537,2,12
0.0161,0.7480,-0.6118,3.171,5.305,26.707,2,12
0.0254,0.7510,-0.6191,4.085,5.671,24.329,2,12
0.0278,0.7549,-0.6250,4.817,5.671,22.378,2,12
0.0396,0.7651,-0.6226,6.220,5.549,20.183,2,12
0.0435,0.7744,-0.6353,7.256,6.037,18.049,2,12
0.0498,0.7739,-0.6260,8.537,5.732,15.854,2,12
-1.0210,0.0864,0.1221,-14.451,-6.037,-8.537,3,90
-1.0264,0.0894,0.1270,-15.305,-5.732,-8.720,3,90
-1.0332,0.0918,0.1304,-17.073,-5.000,-8.963,3,90
-1.0298,0.0825,0.1387,-17.744,-4.817,-8.780,3,90
-1.0181,0.0728,0.1118,-18.171,-4.573,-8.354,3,90
-1.0215,0.0801,0.1348,-19.268,-4.329,-7.927,3,90
-1.0220,0.0869,0.1328,-21.524,-4.268,-8.049,3,90
-1.0137,0.0913,0.1396,-24.451,-4.024,-8.110,3,90
0.8169,-0.7900,0.5469,-11.707,15.915,-5.854,1,12
0.8213,-0.8027,0.5425,-10.244,14.878,-4.512,1,12
0.8237,-0.7983,0.5386,-8.171,13.537,-3.902,1,12
0.8232,-0.8042,0.5288,-6.951,12.805,-3.049,1,12
0.8271,-0.7988,0.5220,-5.549,11.646,-2.073,1,12
0.8340,-0.8018,0.5293,-4.634,10.244,-1.037,1,12
0.8354,-0.8105,0.5166,-4.268,9.085,-0.305,1,12
0.8306,-0.8066,0.5088,-4.085,7.683,0.488,1,12
0.0542,0.8369,-0.6294,24.451,7.317,-2.561,2,12
0.0493,0.8296,-0.6162,26.524,7.927,-4.695,2,12
0.0542,0.8354,-0.6216,28.232,8.537,-6.585,2,12
0.0542,0.8389,-0.6162,29.878,9.024,-8.476,2,12
0.0586,0.8433,-0.6235,31.951,9.695,-10.244,2,12
0.0586,0.8384,-0.6201,33.780,10.366,-12.012,2,12
0.0591,0.8398,-0.6201,35.976,11.341,-13.720,2,12
0.0737,0.8481,-0.6133,37.683,12.317,-15.488,2,12
-1.0132,0.1465,0.1523,-40.122,-2.195,-7.378,3,90
-1.0098,0.1533,0.1528,-40.000,-1.585,-7.012,3,90
-1.0137,0.1543,0.1421,-40.183,-1.646,-6.890,3,90
-1.0112,0.1606,0.1362,-40.122,-1.341,-7.073,3,90
-1.0044,0.1641,0.1309,-39.146,-0.854,-7.134,3,90
-1.0005,0.1768,0.1177,-37.622,-0.061,-7.500,3,90
-1.0054,0.1851,0.1206,-35.915,0.488,-7.134,3,90
-1.0020,0.1934,0.1182,-33.902,1.159,-7.073,3,90
0.8433,-0.8525,0.5234,-1.707,-6.341,7.683,1,12
0.8486,-0.8691,0.5146,-2.256,-8.232,7.866,1,12
0.8496,-0.8857,0.5068,-2.683,-10.366,7.866,1,12
0.8594,-0.9028,0.4966,-2.622,-12.134,7.927,1,12
0.8501,-0.9136,0.4902,-3.354,-14.329,7.927,1,12
0.8486,-0.9185,0.4756,-4.024,-15.549,7.073,1,12
0.8560,-0.9248,0.4683,-5.366,-17.500,7.134,1,12
0.8579,-0.9351,0.4673,-6.524,-18.780,6.585,1,12
0.0986,0.8657,-0.5908,51.890,21.951,-28.963,2,12
0.0938,0.8643,-0.5923,53.171,23.171,-30.305,2,12
0.1064,0.8594,-0.5820,54.634,23.841,-31.524,2,12
0.1016,0.8599,-0.5693,55.488,25.183,-32.683,2,12
0.1045,0.8618,-0.5728,57.134,26.585,-33.476,2,12
0.1040,0.8633,-0.5728,58.110,27.500,-34.634,2,12
0.1104,0.8623,-0.5679,59.512,28.902,-35.732,2,12
0.1069,0.8608,-0.5688,60.366,30.305,-36.524,2,12
-1.0010,0.2197,0.1494,-11.402,5.366,-4.329,3,90
-0.9937,0.2134,0.1606,-6.707,6.402,-3.537,3,90
-0.9854,0.2075,0.1694,-5.244,6.951,-2.988,3,90
-0.9893,0.2080,0.1743,-2.378,7.317,-2.195,3,90
-0.9790,0.2075,0.1807,-0.549,7.988,-1.524,3,90
-0.9771,0.1953,0.1729,1.098,8.293,-0.549,3,90
-0.9727,0.1924,0.1836,1.646,8.841,0.183,3,90
-0.9751,0.1899,0.1680,0.732,8.963,0.976,3,90
0.9165,-0.8569,0.4585,-5.671,-31.341,4.939,1,12
0.9263,-0.8398,0.4590,-4.634,-33.049,5.366,1,12
0.9360,-0.8228,0.4551,-3.415,-35.305,5.793,1,12
0.9458,-0.8149,0.4663,-1.951,-37.195,6.037,1,12
0.9502,-0.7964,0.4487,-0.854,-39.085,6.585,1,12
0.9585,-0.7881,0.4482,0.915,-41.341,6.585,1,12
0.9692,-0.7876,0.4351,2.378,-42.866,7.134,1,12
0.9844,-0.7715,0.4189,4.207,-45.061,7.622,1,12
0.1362,0.8359,-0.5527,64.756,43.598,-44.756,2,12
0.1392,0.8408,-0.5498,65.122,44.390,-45.061,2,12
0.1475,0.8384,-0.5415,65.183,46.159,-45.732,2,12
0.1479,0.8296,-0.5420,65.122,47.744,-46.524,2,12
0.1533,0.8286,-0.5317,65.244,49.451,-47.012,2,12
0.1553,0.8237,-0.5239,65.244,50.732,-47.622,2,12
0.1597,0.8247,-0.5195,64.817,52.378,-47.988,2,12
0.1655,0.8218,-0.5137,64.634,53.598,-48.780,2,12
-1.0088,0.1655,0.1338,-7.012,9.451,1.402,3,90
-1.0059,0.1631,0.1299,-7.500,9.817,1.280,3,90
-1.0098,0.1587,0.1230,-7.561,9.756,1.098,3,90
-1.0034,0.1631,0.1260,-7.805,9.146,0.915,3,90
-0.9995,0.1616,0.1284,-8.720,9.329,0.732,3,90
-0.9893,0.1621,0.1240,-9.329,9.512,0.732,3,90
-0.9878,0.1597,0.1089,-9.451,9.573,0.915,3,90
-0.9810,0.1523,0.1025,-9.512,9.512,0.915,3,90
1.0815,-0.7881,0.3335,14.146,-58.720,9.878,1,12
1.0947,-0.7822,0.3320,14.634,-59.451,9.451,1,12
1.0986,-0.7656,0.3389,14.878,-60.976,9.512,1,12
1.1182,-0.7539,0.3398,15.061,-62.134,9.268,1,12
1.1440,-0.7383,0.3511,15.488,-63.963,8.841,1,12
1.1592,-0.7222,0.3647,15.976,-65.671,9.207,1,12
1.1816,-0.7036,0.3618,15.976,-67.256,8.415,1,12
1.2080,-0.6782,0.3726,16.524,-69.390,7.683,1,12
0.2031,0.7676,-0.4497,61.220,66.402,-53.841,2,12
0.2051,0.7520,-0.4365,61.098,67.927,-54.451,2,12
0.2036,0.7461,-0.4312,60.732,68.902,-55.122,2,12
0.2026,0.7417,-0.4282,59.939,70.183,-55.549,2,12
0.2070,0.7354,-0.4136,59.329,71.280,-56.220,2,12
0.2134,0.7275,-0.4102,58.720,72.378,-57.073,2,12
0.2144,0.7144,-0.4048,57.927,73.415,-57.683,2,12
0.2207,0.7095,-0.4009,57.134,74.390,-58.232,2,12
-0.9287,0.1313,0.0669,-11.159,9.634,0.549,3,90
-0.9282,0.1265,0.0771,-11.159,9.756,0.305,3,90
-0.9224,0.1309,0.0728,-12.317,9.695,0.305,3,90
-0.9287,0.1162,0.0781,-13.232,9.634,0.244,3,90
-0.9287,0.1216,0.0791,-14.207,10.061,0.305,3,90
-0.9287,0.1104,0.0767,-15.000,10.183,0.366,3,90
-0.9331,0.1069,0.0811,-15.671,10.366,0.915,3,90
-0.9292,0.1069,0.0640,-15.976,10.427,0.854,3,90
0.2256,0.6948,-0.3887,57.012,75.488,-58.841,2,12
0.2256,0.6870,-0.3853,56.220,76.220,-59.390,2,12
0.2275,0.6797,-0.3809,55.427,77.012,-60.244,2,12
0.2349,0.6670,-0.3647,54.878,77.805,-60.915,2,12
0.2358,0.6646,-0.3643,54.390,78.476,-61.646,2,12
0.2344,0.6440,-0.3530,53.902,79.573,-62.134,2,12
0.2393,0.6348,-0.3525,53.049,80.061,-62.805,2,12
0.2437,0.6245,-0.3481,52.744,80.732,-63.537,2,12
0.2441,0.6074,-0.3408,52.500,81.646,-64.512,2,12
0.2393,0.5942,-0.3438,52.195,82.378,-65.122,2,12
0.2476,0.5845,-0.3335,51.646,82.988,-66.037,2,12
0.2417,0.5776,-0.3281,51.280,83.598,-66.890,2,12
0.2471,0.5664,-0.3198,50.549,84.390,-68.049,2,12
0.2529,0.5562,-0.3081,49.756,84.817,-68.720,2,12
0.2637,0.5513,-0.3066,49.390,85.854,-69.634,2,12
0.2607,0.5400,-0.3013,48.415,86.585,-70.549,2,12
-0.9058,0.1123,0.0298,-15.915,14.085,2.317,3,90
-0.9131,0.1133,0.0142,-16.098,14.024,2.317,3,90
-0.9097,0.1162,0.0186,-15.732,14.573,2.744,3,90
-0.9199,0.1152,0.0098,-15.000,15.122,3.110,3,90
-0.9199,0.1191,0.0078,-14.817,15.915,3.049,3,90
-0.9258,0.1152,0.0117,-13.963,16.463,2.988,3,90
-0.9287,0.1162,0.0000,-12.805,17.805,3.232,3,90
-0.9321,0.1211,0.0059,-10.915,18.659,2.988,3,90
2.1846,0.0137,0.7070,31.707,-155.122,28.537,1,12
2.2251,0.0493,0.7153,29.512,-160.061,29.634,1,12
2.2666,0.0840,0.7266,26.646,-164.939,29.817,1,12
2.3188,0.1294,0.7334,23.963,-170.732,30.122,1,12
2.3740,0.1919,0.7520,21.707,-177.317,30.122,1,12
2.4126,0.2593,0.7979,20.061,-183.293,30.610,1,12
2.4604,0.3442,0.8350,18.902,-189.268,30.427,1,12
2.5063,0.4399,0.8701,17.378,-194.268,30.183,1,12
0.3262,0.4419,-0.2476,37.744,91.646,-75.915,2,12
0.3374,0.4238,-0.2412,36.159,92.134,-76.707,2,12
0.3442,0.4102,-0.2295,34.695,92.134,-77.134,2,12
0.3486,0.4067,-0.2285,33.354,92.317,-77.317,2,12
0.3628,0.3979,-0.2178,31.098,92.378,-77.439,2,12
0.3652,0.3896,-0.2090,29.512,92.256,-77.866,2,12
0.3667,0.3711,-0.2007,27.378,92.317,-78.354,2,12
0.3774,0.3608,-0.1973,25.061,91.951,-78.659,2,12
-0.8779,0.1572,0.0449,10.427,30.610,7.195,3,90
-0.8818,0.1548,0.0518,11.280,31.402,7.378,3,90
-0.8784,0.1631,0.0620,14.207,33.659,8.476,3,90
-0.8857,0.1631,0.0708,14.756,34.573,8.780,3,90
-0.8960,0.1787,0.0820,16.463,37.012,9.634,3,90
-0.9092,0.1846,0.0947,17.134,38.720,10.000,3,90
-0.9102,0.1909,0.1196,17.683,40.244,10.488,3,90
-0.9189,0.2031,0.1279,17.866,41.646,10.732,3,90
2.7744,1.4380,1.1167,16.585,-236.646,45.671,1,12
2.7510,1.5068,1.1279,20.915,-240.244,53.049,1,12
2.7046,1.5649,1.1216,25.244,-242.317,62.134,1,12
2.6553,1.6001,1.1187,30.854,-243.841,72.012,1,12
2.5908,1.6152,1.1304,34.817,-244.085,82.866,1,12
2.5117,1.6094,1.1538,38.049,-243.598,94.268,1,12
2.4258,1.5898,1.1821,39.085,-241.463,105.976,1,12
2.3569,1.5552,1.2427,36.280,-237.927,116.951,1,12
0.4946,0.2773,-0.1108,-0.244,90.976,-78.049,2,12
0.5068,0.2720,-0.0957,-3.293,90.488,-77.683,2,12
0.5308,0.2710,-0.0864,-6.585,90.488,-76.585,2,12
0.5522,0.2695,-0.0747,-9.817,89.695,-76.220,2,12
0.5654,0.2661,-0.0610,-12.927,89.390,-75.000,2,12
0.5923,0.2744,-0.0444,-17.195,88.171,-73.780,2,12
0.6064,0.2856,-0.0376,-20.732,87.195,-72.805,2,12
0.6152,0.2900,-0.0317,-24.573,85.915,-71.585,2,12
-0.9395,0.2739,0.2563,20.305,52.744,17.744,3,90
-0.9497,0.2798,0.2524,20.122,53.476,19.390,3,90
-0.9565,0.2734,0.2461,20.183,54.207,20.122,3,90
-0.9751,0.2739,0.2456,20.793,55.305,21.098,3,90
-0.9878,0.2783,0.2363,21.646,56.463,22.012,3,90
-0.9951,0.2793,0.2437,22.622,57.378,22.500,3,90
-1.0000,0.2949,0.2227,22.866,58.476,23.171,3,90
-1.0005,0.3130,0.2153,22.622,59.512,23.598,3,90
-0.1543,-7.2793,1.0405,-409.817,-100.549,490.061,1,12
-1.9448,-8.4023,1.6807,-285.549,-208.293,471.402,1,12
-4.2607,-9.8267,2.1133,-40.122,-359.451,367.256,1,12
-7.3765,-11.7012,1.7700,228.963,-504.939,187.988,1,12
-14.8105,-14.3374,-1.9883,629.024,-533.232,-167.012,1,12
-15.9839,-11.6577,0.6870,686.890,-500.549,-421.159,1,12
-16.0000,-8.5820,2.7222,468.110,-458.963,-86.037,1,12
-14.8525,-4.6665,4.4414,669.512,-495.488,473.720,1,12
0.6646,0.3320,0.0498,-58.598,72.012,-62.256,2,12
0.6733,0.3271,0.0527,-61.402,70.854,-62.256,2,12
0.6636,0.3340,0.0562,-64.146,69.268,-61.890,2,12
0.6733,0.3325,0.0483,-64.939,68.171,-61.646,2,12
0.6650,0.3354,0.0757,-66.402,67.378,-61.646,2,12
0.6753,0.3359,0.0640,-68.537,66.220,-61.463,2,12
0.6802,0.3311,0.0659,-69.390,65.305,-61.890,2,12
0.6924,0.3345,0.0532,-69.573,64.695,-62.012,2,12
-0.7671,0.2529,0.0640,21.159,54.207,27.134,3,90
-0.7651,0.2227,0.0508,21.707,52.561,27.622,3,90
-0.7832,0.1895,0.0688,22.561,51.585,28.659,3,90
-0.7979,0.1709,0.0742,21.951,50.427,28.963,3,90
-0.8184,0.1538,0.0464,20.549,49.512,29.146,3,90
-0.8423,0.1392,0.0117,18.780,48.171,29.207,3,90
-0.8711,0.1362,-0.0220,17.134,46.829,28.720,3,90
-0.8911,0.1396,-0.0850,15.854,45.366,28.232,3,90
-0.4053,-0.5796,0.9644,-127.988,46.768,-275.000,1,12
-0.6060,-0.1787,0.6729,-71.585,31.890,-269.085,1,12
-1.0557,0.0239,0.7334,-63.415,19.756,-273.110,1,12
-1.6821,0.1157,0.6211,-97.378,15.854,-271.220,1,12
-2.1372,0.0806,0.5557,-107.073,-1.768,-256.159,1,12
-2.5146,0.1450,0.6499,-102.012,-27.805,-230.671,1,12
-2.7432,0.0874,0.6313,-120.671,-39.817,-218.902,1,12
-2.7554,0.3687,0.6538,-113.902,-34.024,-177.317,1,12
0.8389,0.4868,0.0332,-53.598,59.756,-61.220,2,12
0.8647,0.5186,0.0376,-51.341,58.598,-60.732,2,12
0.8779,0.5469,0.0527,-49.634,57.012,-59.817,2,12
0.8960,0.5771,0.0425,-47.439,54.878,-59.024,2,12
0.9072,0.5991,0.0371,-45.610,52.317,-57.622,2,12
0.9253,0.6211,0.0386,-42.805,50.183,-56.463,2,12
0.9326,0.6577,0.0405,-40.610,47.805,-55.122,2,12
0.9316,0.6943,0.0479,-38.110,45.122,-53.902,2,12
0.9331,0.7236,0.0483,-37.317,42.561,-52.500,2,12
0.9399,0.7612,0.0596,-36.402,40.427,-51.402,2,12
0.9287,0.7925,0.0693,-36.341,37.744,-50.183,2,12
0.9253,0.8296,0.0815,-36.951,35.305,-48.598,2,12
0.9131,0.8638,0.0952,-38.049,32.805,-47.439,2,12
0.9038,0.8984,0.1001,-40.000,30.610,-45.122,2,12
0.8901,0.9287,0.1060,-42.378,27.805,-43.171,2,12
0.8853,0.9521,0.1060,-44.756,25.366,-40.610,2,12
0.8755,0.9775,0.1108,-47.988,22.622,-38.110,2,12
0.8711,0.9932,0.1123,-51.098,20.244,-35.549,2,12
0.8721,1.0073,0.1113,-54.329,17.622,-32.805,2,12
0.8667,1.0151,0.0962,-57.744,14.817,-30.000,2,12
0.8647,1.0161,0.0913,-61.280,11.707,-27.439,2,12
0.8604,1.0083,0.0728,-64.207,9.390,-25.122,2,12
0.8672,1.0024,0.0532,-67.256,6.037,-22.805,2,12
0.8779,0.9956,0.0376,-70.244,3.354,-21.402,2,12
-1.0151,0.2856,-0.1089,-23.232,11.585,7.561,3,90
-1.0337,0.2993,-0.0840,-21.890,10.122,7.622,3,90
-1.0376,0.3188,-0.0557,-20.793,9.573,8.049,3,90
-1.0444,0.3354,-0.0205,-19.268,8.415,8.232,3,90
-1.0391,0.3506,-0.0225,-16.951,7.561,8.232,3,90
-1.0342,0.3599,-0.0249,-13.415,6.524,8.537,3,90
-1.0313,0.3716,-0.0352,-9.512,5.366,8.963,3,90
-1.0303,0.3618,-0.0562,-5.793,4.634,9.695,3,90
-0.3008,-1.1113,0.3062,82.622,46.037,-54.817,1,12
-0.2881,-1.1133,0.3086,81.890,52.378,-52.622,1,12
-0.2441,-1.1099,0.3179,79.573,59.756,-51.098,1,12
-0.1978,-1.0815,0.3140,76.159,66.585,-50.061,1,12
-0.1313,-1.0483,0.3091,71.585,73.415,-49.573,1,12
-0.0698,-1.0161,0.3071,65.793,79.268,-49.024,1,12
0.0156,-0.9795,0.3071,59.634,84.573,-48.415,1,12
0.1509,-0.9326,0.3101,50.244,90.366,-48.841,1,12
0.9111,1.1025,-0.1753,-95.671,-17.744,-19.451,2,12
0.9009,1.1436,-0.1895,-97.927,-20.183,-19.329,2,12
0.8843,1.1807,-0.2080,-99.939,-22.195,-19.512,2,12
0.8818,1.2324,-0.2266,-101.707,-24.573,-19.268,2,12
0.8643,1.2739,-0.2524,-103.841,-26.829,-19.085,2,12
0.8564,1.3149,-0.2681,-104.573,-29.695,-18.659,2,12
0.8379,1.3525,-0.2827,-105.488,-32.195,-17.866,2,12
0.8223,1.3916,-0.2930,-105.671,-35.183,-17.439,2,12
-1.0381,0.2070,-0.0605,26.159,0.488,10.488,3,90
-1.0347,0.2085,-0.0664,27.744,-0.122,10.488,3,90
-1.0278,0.1963,-0.0708,28.902,-0.488,10.793,3,90
-1.0239,0.1880,-0.0693,30.244,-1.159,11.341,3,90
-1.0127,0.1865,-0.0820,31.524,-1.341,11.585,3,90
-1.0098,0.1909,-0.0864,32.866,-1.646,12.073,3,90
-1.0142,0.2056,-0.0908,33.659,-2.256,12.378,3,90
-1.0156,0.2124,-0.0830,34.634,-2.622,13.110,3,90
1.1406,-0.5391,0.3950,26.524,89.268,-66.585,1,12
1.2891,-0.4712,0.3784,24.451,85.549,-69.817,1,12
1.4580,-0.3999,0.3799,21.220,79.878,-74.146,1,12
1.6392,-0.2959,0.3652,16.829,73.720,-77.927,1,12
1.7583,-0.2759,0.3486,14.268,67.073,-80.061,1,12
1.9014,-0.2588,0.3687,11.951,61.341,-82.378,1,12
2.0396,-0.2285,0.3574,8.415,55.549,-84.146,1,12
2.1113,-0.1938,0.3979,3.598,48.110,-80.549,1,12
0.6177,1.4854,-0.4092,-99.024,-67.134,-15.549,2,12
0.5840,1.4766,-0.4263,-98.537,-71.098,-15.732,2,12
0.5522,1.4575,-0.4399,-97.500,-75.000,-15.671,2,12
0.5317,1.4424,-0.4536,-96.951,-78.537,-15.854,2,12
0.5078,1.4272,-0.4702,-96.402,-82.195,-15.488,2,12
0.4800,1.4063,-0.4834,-96.280,-85.488,-15.000,2,12
0.4722,1.3853,-0.4937,-95.488,-88.171,-14.512,2,12
0.4512,1.3770,-0.5117,-95.000,-90.915,-13.598,2,12
-1.0337,0.2427,-0.0518,28.902,-10.366,16.524,3,90
-1.0439,0.2603,-0.0332,28.841,-11.037,16.768,3,90
-1.0537,0.2671,-0.0356,27.683,-11.768,16.646,3,90
-1.0762,0.2871,-0.0244,26.890,-11.890,16.098,3,90
-1.0762,0.2822,-0.0415,25.732,-12.439,15.915,3,90
-1.0776,0.2666,-0.0620,25.610,-12.927,15.732,3,90
-1.0791,0.2559,-0.0659,25.061,-12.988,15.427,3,90
-1.0928,0.2539,-0.0347,24.756,-13.293,15.000,3,90
0.3613,-0.4248,0.0952,-37.561,66.707,177.927,1,12
0.4067,-0.4160,0.1035,-40.671,86.463,175.061,1,12
0.4482,-0.3984,0.1445,-43.598,99.634,172.988,1,12
0.4668,-0.3857,0.1904,-44.390,107.073,172.012,1,12
0.4722,-0.3794,0.2607,-42.866,108.902,171.707,1,12
0.4473,-0.3916,0.3501,-40.244,107.256,173.049,1,12
0.4199,-0.4165,0.4194,-36.402,102.134,174.634,1,12
0.3398,-0.4995,0.4897,-27.317,92.195,177.805,1,12
0.3018,1.2417,-0.5884,-81.951,-116.098,-5.427,2,12
0.2808,1.2334,-0.5894,-79.329,-118.293,-5.305,2,12
0.2656,1.2314,-0.5972,-76.402,-120.732,-5.427,2,12
0.2471,1.2314,-0.6006,-74.085,-122.622,-5.183,2,12
0.2432,1.2314,-0.5933,-71.159,-123.963,-5.000,2,12
0.2358,1.2324,-0.5938,-68.049,-125.366,-4.878,2,12
0.2227,1.2407,-0.5815,-64.695,-126.707,-4.390,2,12
0.2207,1.2471,-0.5957,-60.976,-127.134,-3.049,2,12
-1.0542,0.2422,-0.0068,28.171,-15.244,12.134,3,90
-1.0508,0.2451,0.0117,28.659,-15.122,12.134,3,90
-1.0322,0.2417,0.0054,28.537,-15.549,12.195,3,90
-1.0210,0.2305,-0.0181,29.634,-15.305,12.256,3,90
-1.0239,0.2407,0.0269,29.573,-15.122,12.012,3,90
-1.0049,0.2544,0.0503,27.622,-15.732,11.220,3,90
-0.9829,0.2422,0.0107,25.488,-16.829,10.976,3,90
-0.9727,0.2373,-0.0024,22.683,-17.378,10.305,3,90
-0.0371,-1.3599,0.8330,88.841,54.817,168.415,1,12
-0.0679,-1.4697,0.8584,99.024,51.159,164.146,1,12
-0.0845,-1.5601,0.8955,107.439,47.256,159.573,1,12
-0.0996,-1.6411,0.9282,116.524,43.171,154.329,1,12
-0.1182,-1.7051,0.9409,125.366,39.207,148.963,1,12
-0.1367,-1.7568,0.9551,133.537,36.585,142.927,1,12
-0.1602,-1.7881,0.9678,140.244,36.037,136.341,1,12
-0.1812,-1.8022,0.9766,144.451,34.939,129.756,1,12
0.2637,1.1431,-0.5640,-15.427,-131.890,14.329,2,12
0.2813,1.1255,-0.5635,-10.000,-132.744,15.488,2,12
0.2905,1.0991,-0.5596,-4.268,-132.744,16.402,2,12
0.2939,1.0649,-0.5532,1.098,-132.683,17.134,2,12
0.3066,1.0313,-0.5518,6.524,-133.171,17.622,2,12
0.3086,1.0088,-0.5571,11.829,-133.171,18.171,2,12
0.3096,0.9834,-0.5439,17.073,-133.293,18.476,2,12
0.3076,0.9590,-0.5361,21.646,-133.293,18.537,2,12
-0.9097,0.2769,-0.0054,7.622,-18.841,6.707,3,90
-0.9082,0.2979,0.0088,6.280,-18.841,6.402,3,90
-0.9028,0.2993,0.0151,5.488,-18.963,5.915,3,90
-0.8960,0.2871,0.0078,6.280,-19.085,5.671,3,90
-0.8960,0.2969,-0.0054,6.524,-18.841,5.915,3,90
-0.8862,0.3101,-0.0063,6.524,-18.963,5.610,3,90
-0.8892,0.3228,-0.0083,6.890,-19.085,5.366,3,90
-0.8892,0.3359,-0.0146,6.951,-19.268,5.244,3,90
-0.1699,-2.1919,0.7915,94.207,17.500,73.659,1,12
-0.1494,-2.2412,0.7534,86.098,16.707,66.220,1,12
-0.1313,-2.2729,0.7153,79.207,16.890,58.415,1,12
-0.0957,-2.2847,0.6782,71.646,17.439,49.878,1,12
-0.0732,-2.2813,0.6675,63.171,18.902,41.768,1,12
-0.0464,-2.2539,0.6572,53.354,21.220,33.354,1,12
-0.0024,-2.1855,0.6445,35.732,24.024,21.524,1,12
0.0190,-2.1333,0.6299,22.195,25.549,14.207,1,12
0.0420,-2.0645,0.6084,8.720,26.463,7.866,1,12
0.0596,-1.9941,0.5869,-4.756,26.159,1.646,1,12
0.0884,-1.9341,0.5566,-17.500,24.878,-3.841,1,12
0.0986,-1.8618,0.5176,-29.329,23.354,-9.085,1,12
0.1094,-1.8018,0.4902,-39.695,21.280,-13.963,1,12
0.1309,-1.7422,0.4590,-47.988,19.329,-18.232,1,12
0.1450,-1.6816,0.4380,-55.183,16.951,-22.439,1,12
0.1558,-1.6289,0.4189,-61.646,15.244,-25.732,1,12
0.2134,0.7549,-0.3452,39.634,-117.500,24.024,2,12
0.2080,0.7427,-0.3345,38.171,-116.280,24.634,2,12
0.2080,0.7319,-0.3320,36.646,-115.183,25.000,2,12
0.1973,0.7261,-0.3164,34.878,-113.902,25.732,2,12
0.1982,0.7144,-0.3228,33.659,-112.744,25.793,2,12
0.1973,0.7144,-0.3086,31.768,-111.585,26.280,2,12
0.1943,0.7100,-0.3188,30.305,-110.244,26.707,2,12
0.1860,0.6987,-0.3110,28.902,-108.963,26.829,2,12
-0.7993,0.2471,-0.0454,23.110,-18.293,4.451,3,90
-0.7979,0.2441,-0.0459,22.378,-17.805,4.573,3,90
-0.7993,0.2417,-0.0513,21.585,-17.866,4.817,3,90
-0.7920,0.2310,-0.0659,20.427,-17.866,4.878,3,90
-0.7959,0.2285,-0.0737,20.183,-17.744,4.939,3,90
-0.7939,0.2207,-0.0645,19.756,-17.561,5.671,3,90
-0.8027,0.2104,-0.0645,19.634,-17.805,5.854,3,90
-0.8018,0.2012,-0.0571,19.695,-17.012,6.098,3,90
0.2383,-1.2207,0.2935,-98.232,12.988,-43.659,1,12
0.2471,-1.1758,0.2852,-99.939,13.049,-44.024,1,12
0.2520,-1.1323,0.2700,-100.366,13.354,-44.390,1,12
0.2510,-1.0845,0.2568,-99.878,13.598,-44.085,1,12
0.2505,-1.0430,0.2485,-98.476,14.085,-43.780,1,12
0.2515,-0.9985,0.2339,-96.280,14.451,-43.049,1,12
0.2441,-0.9541,0.2300,-93.963,14.817,-42.134,1,12
0.2485,-0.9072,0.2188,-90.549,15.854,-41.098,1,12
0.1743,0.6870,-0.2988,15.366,-96.951,27.195,2,12
0.1704,0.6919,-0.2881,13.963,-95.854,27.622,2,12
0.1719,0.6880,-0.2871,13.110,-94.512,27.744,2,12
0.1587,0.6865,-0.2905,11.646,-93.659,27.683,2,12
0.1616,0.6816,-0.2900,10.732,-92.561,27.805,2,12
0.1689,0.6846,-0.2813,9.329,-90.976,27.988,2,12
0.1738,0.6807,-0.2769,8.659,-89.817,28.171,2,12
0.1704,0.6738,-0.2832,7.561,-88.476,28.049,2,12
-0.8149,0.1934,-0.0850,30.976,-13.476,7.805,3,90
-0.8037,0.1904,-0.1001,31.951,-13.354,8.049,3,90
-0.8086,0.1860,-0.1045,32.744,-12.195,7.988,3,90
-0.8169,0.1826,-0.0640,33.476,-11.768,7.927,3,90
-0.8140,0.1836,-0.0571,32.439,-11.341,7.927,3,90
-0.8047,0.1714,-0.0806,30.732,-11.707,7.622,3,90
-0.8022,0.1597,-0.0991,29.268,-11.646,7.683,3,90
-0.8145,0.1484,-0.0674,28.110,-12.134,7.988,3,90
0.2188,-0.7007,0.0508,-51.829,34.634,-30.183,1,12
0.2231,-0.7104,0.0376,-47.744,37.561,-29.512,1,12
0.2217,-0.7163,0.0190,-44.146,41.220,-28.293,1,12
0.2256,-0.7295,0.0005,-40.183,44.695,-27.439,1,12
0.2256,-0.7476,-0.0005,-36.646,48.354,-26.707,1,12
0.2334,-0.7700,-0.0054,-33.049,52.561,-26.524,1,12
0.2402,-0.7896,-0.0005,-30.244,56.524,-26.159,1,12
0.2441,-0.8066,0.0059,-27.500,60.671,-26.341,1,12
0.1685,0.6938,-0.2515,4.085,-74.329,29.634,2,12
0.1641,0.7026,-0.2495,4.390,-73.110,29.878,2,12
0.1670,0.7041,-0.2471,4.390,-71.829,30.000,2,12
0.1660,0.7134,-0.2461,4.634,-70.488,30.610,2,12
0.1660,0.7192,-0.2383,4.878,-69.085,30.549,2,12
0.1699,0.7212,-0.2349,5.305,-67.927,30.732,2,12
0.1694,0.7251,-0.2319,5.488,-66.463,30.976,2,12
0.1685,0.7271,-0.2305,5.854,-65.244,31.341,2,12
-0.8784,0.1836,-0.0938,5.000,-13.415,1.220,3,90
-0.8813,0.1870,-0.0786,4.329,-13.354,0.488,3,90
-0.8833,0.1938,-0.0767,4.390,-13.720,0.183,3,90
-0.8828,0.2017,-0.0762,4.390,-13.841,-0.122,3,90
-0.8750,0.2139,-0.0542,4.146,-13.780,-0.366,3,90
-0.8765,0.2163,-0.0474,4.390,-13.537,-0.488,3,90
-0.8687,0.2217,-0.0479,4.451,-13.354,-0.488,3,90
-0.8706,0.2344,-0.0405,4.695,-13.537,-0.549,3,90
0.3696,-0.9224,0.1582,-23.049,83.598,-29.939,1,12
0.3872,-0.9272,0.1812,-24.756,84.268,-30.854,1,12
0.3916,-0.9360,0.1924,-26.159,84.878,-31.707,1,12
0.4116,-0.9331,0.2197,-28.354,85.183,-32.378,1,12
0.4189,-0.9390,0.2334,-29.512,84.817,-32.988,1,12
0.4277,-0.9312,0.2407,-31.402,84.512,-33.841,1,12
0.4375,-0.9209,0.2520,-32.378,83.902,-33.963,1,12
0.4346,-0.9072,0.2646,-33.415,83.476,-34.329,1,12
0.1655,0.7476,-0.2295,7.195,-52.256,33.537,2,12
0.1548,0.7485,-0.2363,6.524,-50.976,33.780,2,12
0.1523,0.7563,-0.2378,5.854,-49.451,34.024,2,12
0.1514,0.7559,-0.2305,4.817,-47.683,34.085,2,12
0.1528,0.7612,-0.2358,3.780,-46.220,34.207,2,12
0.1494,0.7646,-0.2383,2.988,-44.390,34.817,2,12
0.1465,0.7686,-0.2373,1.890,-42.866,34.756,2,12
0.1431,0.7681,-0.2358,0.793,-41.037,35.244,2,12
-0.8887,0.1821,-0.0488,0.427,-15.183,-2.866,3,90
-0.8906,0.1704,-0.0576,-0.915,-15.488,-4.268,3,90
-0.8984,0.1563,-0.0615,-2.073,-15.915,-4.634,3,90
-0.9014,0.1343,-0.0815,-2.256,-15.976,-5.000,3,90
-0.9019,0.1357,-0.0659,-3.659,-16.098,-5.427,3,90
-0.9136,0.1338,-0.0547,-6.159,-16.402,-6.098,3,90
-0.9150,0.1392,-0.0825,-8.232,-16.768,-7.256,3,90
-0.9131,0.1450,-0.0938,-9.817,-16.951,-8.415,3,90
0.4458,-0.7754,0.2974,-35.793,84.024,-32.683,1,12
0.4468,-0.7646,0.3018,-34.573,84.878,-32.073,1,12
0.4521,-0.7466,0.3071,-33.476,86.524,-31.341,1,12
0.4561,-0.7466,0.3164,-31.829,88.110,-30.793,1,12
0.4521,-0.7300,0.3257,-29.878,90.305,-29.634,1,12
0.4570,-0.7354,0.3398,-29.024,92.378,-28.902,1,12
0.4575,-0.7192,0.3457,-27.866,95.061,-27.744,1,12
0.4663,-0.7178,0.3486,-26.402,96.890,-27.195,1,12
0.1450,0.8125,-0.2661,-10.122,-25.610,37.317,2,12
0.1440,0.8179,-0.2676,-10.366,-23.841,37.500,2,12
0.1470,0.8276,-0.2739,-10.793,-21.829,37.683,2,12
0.1494,0.8428,-0.2842,-11.037,-19.878,37.378,2,12
0.1494,0.8521,-0.2905,-10.915,-18.537,37.439,2,12
0.1538,0.8672,-0.2974,-11.098,-16.646,37.439,2,12
0.1548,0.8843,-0.3008,-11.037,-14.573,37.195,2,12
0.1563,0.8989,-0.3008,-10.915,-12.927,37.012,2,12
-0.9019,0.2324,-0.0938,-14.268,-20.000,-15.427,3,90
-0.9004,0.2451,-0.0811,-13.720,-20.183,-15.915,3,90
-0.9082,0.2441,-0.0620,-13.232,-20.549,-16.341,3,90
-0.9092,0.2476,-0.0522,-12.866,-20.610,-16.951,3,90
-0.9038,0.2344,-0.0493,-12.561,-21.402,-17.195,3,90
-0.9102,0.2344,-0.0435,-13.659,-21.707,-17.866,3,90
-0.9146,0.2334,-0.0381,-13.841,-21.707,-18.232,3,90
-0.9297,0.2329,-0.0327,-14.329,-21.585,-18.902,3,90
0.5205,-0.7759,0.4556,-10.000,106.951,-17.256,1,12
0.5107,-0.7920,0.4634,-8.415,106.707,-16.220,1,12
0.5195,-0.8047,0.4785,-7.622,106.402,-15.488,1,12
0.5205,-0.8135,0.4912,-6.585,106.280,-14.512,1,12
0.5205,-0.8252,0.5039,-5.915,105.366,-14.512,1,12
0.5283,-0.8403,0.5176,-5.488,105.061,-13.720,1,12
0.5269,-0.8506,0.5146,-4.756,104.390,-13.720,1,12
0.5361,-0.8550,0.5103,-4.756,104.085,-13.293,1,12
0.1304,1.0415,-0.3521,-7.683,-0.976,36.037,2,12
0.1201,1.0596,-0.3628,-7.134,0.061,36.402,2,12
0.1123,1.0610,-0.3682,-6.890,0.976,36.341,2,12
0.1060,1.0693,-0.3828,-6.402,1.890,36.037,2,12
0.0967,1.0728,-0.3848,-5.854,3.049,36.707,2,12
0.0947,1.0815,-0.3916,-5.671,3.841,36.402,2,12
0.0854,1.0879,-0.3945,-4.939,4.756,36.341,2,12
0.0747,1.0923,-0.4043,-4.939,5.488,36.646,2,12
-0.9707,0.2402,0.0449,-23.537,-25.488,-23.902,3,90
-0.9756,0.2568,0.0356,-24.329,-25.793,-24.634,3,90
-0.9863,0.2651,0.0249,-24.939,-26.098,-25.366,3,90
-0.9907,0.2676,0.0361,-24.390,-26.280,-25.976,3,90
-0.9883,0.2671,0.0317,-23.720,-26.768,-26.829,3,90
-0.9893,0.2793,0.0244,-21.951,-27.134,-27.195,3,90
-0.9868,0.2871,0.0283,-20.122,-27.073,-27.500,3,90
-0.9917,0.2959,0.0327,-18.171,-27.378,-27.439,3,90
0.5840,-0.8594,0.5537,-10.915,99.024,-10.549,1,12
0.5957,-0.8496,0.5640,-12.134,98.171,-9.878,1,12
0.6016,-0.8535,0.5684,-13.415,97.500,-9.512,1,12
0.6099,-0.8584,0.5698,-14.451,97.195,-8.902,1,12
0.6182,-0.8569,0.5811,-15.793,96.463,-8.232,1,12
0.6216,-0.8525,0.5811,-17.012,95.488,-7.744,1,12
0.6309,-0.8540,0.5840,-17.988,94.695,-7.012,1,12
0.6372,-0.8564,0.5859,-19.024,93.659,-6.585,1,12
0.0059,1.0547,-0.4380,-4.207,13.963,36.829,2,12
-0.0088,1.0571,-0.4263,-4.512,15.000,37.012,2,12
-0.0059,1.0361,-0.4351,-5.244,15.610,37.073,2,12
-0.0098,1.0337,-0.4331,-5.427,16.402,36.768,2,12
-0.0103,1.0254,-0.4360,-5.793,17.134,37.073,2,12
-0.0156,1.0181,-0.4365,-5.854,17.744,36.890,2,12
-0.0195,1.0054,-0.4326,-6.098,18.415,37.012,2,12
-0.0151,0.9961,-0.4346,-6.402,18.902,36.768,2,12
-0.9561,0.2383,0.0908,-6.220,-30.305,-27.988,3,90
-0.9570,0.2241,0.0996,-6.707,-29.756,-28.049,3,90
-0.9629,0.2080,0.1147,-6.402,-30.000,-27.744,3,90
-0.9512,0.1890,0.0967,-6.951,-29.939,-27.683,3,90
-0.9478,0.1831,0.0845,-7.012,-29.695,-27.012,3,90
-0.9648,0.1694,0.0957,-7.256,-29.085,-27.012,3,90
-0.9639,0.1675,0.0991,-7.683,-28.780,-26.768,3,90
-0.9683,0.1621,0.1157,-8.171,-28.293,-26.829,3,90
0.6851,-0.8354,0.6401,-29.817,80.549,-0.915,1,12
0.6978,-0.8359,0.6514,-31.159,78.841,-0.305,1,12
0.7065,-0.8379,0.6401,-31.463,76.768,0.244,1,12
0.7041,-0.8364,0.6392,-32.256,75.000,1.037,1,12
0.7085,-0.8452,0.6372,-32.256,72.744,1.341,1,12
0.7090,-0.8394,0.6367,-32.500,70.610,2.134,1,12
0.7158,-0.8481,0.6221,-32.439,68.354,2.561,1,12
0.7134,-0.8442,0.6177,-32.073,66.280,3.110,1,12
-0.0132,0.9224,-0.4795,-5.976,21.890,33.476,2,12
-0.0068,0.9160,-0.4868,-5.000,22.073,32.805,2,12
-0.0088,0.9180,-0.4800,-4.756,22.256,31.829,2,12
-0.0059,0.9102,-0.4893,-4.390,22.317,30.915,2,12
0.0010,0.8984,-0.4795,-3.963,22.805,30.061,2,12
0.0034,0.8999,-0.4917,-3.293,22.683,29.268,2,12
0.0015,0.8931,-0.4980,-2.073,22.439,28.293,2,12
0.0122,0.8872,-0.4976,-0.793,22.439,27.683,2,12
-0.9604,0.1069,0.0850,-9.573,-22.988,-21.890,3,90
-0.9668,0.1011,0.0850,-9.573,-22.439,-21.037,3,90
-0.9614,0.0903,0.0869,-9.512,-21.951,-20.427,3,90
-0.9634,0.0898,0.1025,-9.939,-21.037,-19.634,3,90
-0.9604,0.0845,0.1060,-10.244,-20.305,-19.146,3,90
-0.9526,0.0718,0.0977,-10.915,-19.573,-18.841,3,90
-0.9551,0.0737,0.0952,-11.341,-19.085,-17.744,3,90
-0.9526,0.0684,0.0879,-12.073,-18.537,-17.012,3,90
0.7324,-0.8081,0.5747,-23.659,49.207,8.110,1,12
0.7275,-0.8018,0.5737,-22.439,47.805,9.207,1,12
0.7295,-0.7998,0.5815,-21.220,46.159,10.183,1,12
0.7261,-0.8022,0.5864,-19.756,44.207,11.098,1,12
0.7266,-0.8032,0.5908,-17.988,43.110,11.829,1,12
0.7329,-0.8174,0.5947,-16.341,41.159,12.439,1,12
0.7334,-0.8281,0.5942,-15.000,39.573,12.927,1,12
0.7349,-0.8394,0.5967,-13.415,37.744,13.780,1,12
0.0293,0.8535,-0.5151,12.073,20.854,15.854,2,12
0.0220,0.8574,-0.5166,13.110,20.793,14.268,2,12
0.0215,0.8462,-0.5186,14.634,21.220,12.988,2,12
0.0259,0.8462,-0.5039,16.402,21.159,11.341,2,12
0.0308,0.8433,-0.5200,17.927,21.341,9.878,2,12
0.0303,0.8374,-0.5186,19.573,21.707,8.720,2,12
0.0352,0.8384,-0.5156,21.159,21.768,6.829,2,12
0.0435,0.8457,-0.5039,22.622,22.256,5.427,2,12
-0.9897,0.0474,0.0737,-23.598,-12.622,-12.744,3,90
-0.9912,0.0503,0.0679,-24.268,-11.646,-12.439,3,90
-0.9858,0.0562,0.0801,-24.695,-10.976,-12.317,3,90
-0.9761,0.0635,0.0737,-24.390,-9.878,-11.829,3,90
-0.9634,0.0693,0.0830,-24.024,-8.963,-11.220,3,90
-0.9609,0.0796,0.0977,-23.841,-7.927,-10.610,3,90
-0.9609,0.0825,0.1191,-23.902,-6.890,-9.939,3,90
-0.9585,0.0996,0.1206,-24.390,-5.976,-9.390,3,90
0.7393,-0.9448,0.5859,-9.329,19.085,17.439,1,12
0.7383,-0.9561,0.5640,-9.329,16.951,18.049,1,12
0.7388,-0.9707,0.5625,-9.329,14.817,18.293,1,12
0.7295,-0.9731,0.5522,-9.451,13.171,18.598,1,12
0.7417,-0.9736,0.5469,-9.878,11.524,18.780,1,12
0.7397,-0.9790,0.5513,-10.000,9.939,19.146,1,12
0.7349,-0.9849,0.5483,-10.854,8.415,19.329,1,12
0.7417,-0.9863,0.5464,-12.012,7.195,19.268,1,12
0.0796,0.8511,-0.4873,36.524,26.098,-7.195,2,12
0.0840,0.8564,-0.4888,37.683,26.646,-8.476,2,12
0.0869,0.8545,-0.4829,39.329,27.317,-9.817,2,12
0.0947,0.8555,-0.4868,40.732,27.866,-11.220,2,12
0.0962,0.8535,-0.4868,42.134,28.902,-12.500,2,12
0.1011,0.8525,-0.4883,43.841,29.512,-13.659,2,12
0.1118,0.8579,-0.4785,44.817,30.305,-14.634,2,12
0.1191,0.8535,-0.4741,46.402,31.646,-15.915,2,12
-0.9883,0.0718,0.1484,-21.524,3.902,-0.488,3,90
-0.9912,0.0698,0.1479,-21.585,5.244,0.305,3,90
-0.9995,0.0684,0.1519,-22.622,6.524,0.854,3,90
-0.9971,0.0679,0.1489,-23.354,7.744,1.585,3,90
-1.0015,0.0615,0.1523,-24.390,8.476,2.195,3,90
-1.0054,0.0610,0.1426,-25.000,9.756,3.049,3,90
-1.0083,0.0601,0.1421,-25.610,10.610,3.659,3,90
-1.0039,0.0522,0.1362,-26.159,11.585,4.268,3,90
-1.0146,0.0542,0.1172,-25.976,13.354,5.427,3,90
-1.0254,0.0547,0.1084,-26.037,13.902,5.732,3,90
-1.0293,0.0469,0.1050,-25.122,15.610,6.524,3,90
-1.0259,0.0503,0.1011,-25.549,16.646,6.341,3,90
-1.0225,0.0518,0.1074,-25.366,17.439,6.890,3,90
-1.0249,0.0581,0.1167,-26.220,18.415,6.890,3,90
-1.0156,0.0698,0.1318,-27.866,19.573,6.585,3,90
-1.0083,0.0776,0.1460,-29.695,20.244,6.585,3,90
0.8936,-0.9463,0.4058,-22.073,-24.634,17.012,1,12
0.9141,-0.9351,0.4092,-21.220,-25.854,16.768,1,12
0.9292,-0.9292,0.4038,-20.671,-26.585,16.341,1,12
0.9341,-0.9146,0.4136,-19.146,-27.561,15.671,1,12
0.9507,-0.9063,0.4160,-18.537,-28.537,15.488,1,12
0.9629,-0.8911,0.4258,-17.805,-29.878,15.427,1,12
0.9653,-0.8784,0.4302,-17.195,-30.854,15.000,1,12
0.9829,-0.8652,0.4365,-16.037,-32.317,14.878,1,12
0.1509,0.9141,-0.4448,64.268,52.134,-32.317,2,12
0.1499,0.9199,-0.4448,65.854,53.232,-32.988,2,12
0.1504,0.9238,-0.4370,66.829,54.695,-33.841,2,12
0.1499,0.9209,-0.4316,68.049,56.098,-34.390,2,12
0.1436,0.9204,-0.4321,69.390,57.378,-35.000,2,12
0.1475,0.9194,-0.4258,70.549,58.780,-35.488,2,12
0.1440,0.9150,-0.4204,71.707,59.939,-36.159,2,12
0.1440,0.9121,-0.4160,72.561,61.402,-36.951,2,12
-0.9976,0.2490,0.1733,-56.829,22.500,6.220,3,90
-0.9966,0.2593,0.1714,-57.622,23.232,5.976,3,90
-0.9932,0.2793,0.1743,-57.683,23.415,5.793,3,90
-0.9966,0.3086,0.1758,-57.134,24.085,5.366,3,90
-0.9932,0.3252,0.1787,-56.159,24.207,5.183,3,90
-0.9858,0.3384,0.1807,-54.878,24.634,5.183,3,90
-0.9824,0.3535,0.1797,-52.500,24.939,5.183,3,90
-0.9766,0.3735,0.1870,-50.427,25.427,5.061,3,90
1.2422,-0.7334,0.3843,1.280,-51.585,8.354,1,12
1.2827,-0.7041,0.3931,3.537,-53.293,7.256,1,12
1.3345,-0.6748,0.4038,5.000,-55.366,6.402,1,12
1.3755,-0.6440,0.4248,6.951,-57.439,4.939,1,12
1.4326,-0.6182,0.4370,8.476,-59.573,4.024,1,12
1.4863,-0.5825,0.4419,10.305,-61.890,2.866,1,12
1.5352,-0.5615,0.4556,12.073,-64.695,2.195,1,12
1.6006,-0.5410,0.4482,14.451,-67.195,1.402,1,12
0.1323,0.8438,-0.3618,77.012,71.524,-41.341,2,12
0.1196,0.8276,-0.3574,76.524,72.683,-41.768,2,12
0.1235,0.8252,-0.3564,76.341,73.049,-42.134,2,12
0.1245,0.8105,-0.3462,76.098,74.085,-42.256,2,12
0.1206,0.8003,-0.3413,75.000,75.183,-42.744,2,12
0.1157,0.7773,-0.3413,74.634,76.524,-43.110,2,12
0.1216,0.7588,-0.3311,73.232,77.805,-43.902,2,12
0.1221,0.7393,-0.3159,71.768,78.598,-44.329,2,12
-0.9531,0.3740,0.2119,-25.854,28.354,6.402,3,90
-0.9692,0.3799,0.1997,-45.366,25.671,5.305,3,90
-0.9399,0.3706,0.2158,-21.707,29.024,6.402,3,90
-0.9326,0.3647,0.2163,-19.695,29.207,6.890,3,90
-0.9268,0.3555,0.2134,-17.195,30.000,7.378,3,90
-0.9165,0.3604,0.1953,-14.451,30.366,7.744,3,90
-0.9204,0.3657,0.1953,-11.646,31.037,7.988,3,90
-0.9170,0.3696,0.1909,-8.963,31.524,8.537,3,90
2.2354,-0.3677,0.4521,53.049,-112.256,-4.268,1,12
2.3145,-0.3403,0.4629,57.195,-118.720,-6.402,1,12
2.4082,-0.2993,0.4946,60.488,-125.122,-9.207,1,12
2.4849,-0.2646,0.5210,62.744,-131.768,-12.134,1,12
2.5698,-0.2217,0.5571,64.329,-138.841,-15.427,1,12
2.6323,-0.1826,0.5811,64.756,-145.854,-17.439,1,12
2.7114,-0.1450,0.6177,64.268,-153.415,-19.268,1,12
2.7773,-0.1069,0.6470,63.841,-161.829,-20.854,1,12
0.1177,0.6216,-0.2866,58.110,86.341,-47.744,2,12
0.1250,0.6108,-0.2788,56.890,87.439,-48.049,2,12
0.1216,0.5957,-0.2778,55.244,88.354,-48.171,2,12
0.1304,0.5850,-0.2690,54.024,89.390,-48.659,2,12
0.1294,0.5781,-0.2622,52.622,90.244,-49.024,2,12
0.1348,0.5635,-0.2490,50.671,90.610,-49.268,2,12
0.1348,0.5537,-0.2441,49.390,91.463,-49.451,2,12
0.1387,0.5444,-0.2402,47.683,92.012,-49.878,2,12
-0.8579,0.3398,0.0776,12.195,36.402,12.683,3,90
-0.8579,0.3384,0.0596,14.451,36.951,13.110,3,90
-0.8477,0.3330,0.0464,16.341,37.500,13.476,3,90
-0.8379,0.3218,0.0356,17.439,37.988,13.659,3,90
-0.8262,0.3110,0.0278,18.110,38.598,13.659,3,90
-0.8242,0.3071,0.0381,18.902,38.963,13.963,3,90
-0.8228,0.3037,0.0361,19.329,39.390,13.780,3,90
-0.8203,0.2979,0.0283,19.573,39.451,14.146,3,90
3.1494,0.4136,1.0737,47.317,-230.061,-28.659,1,12
3.1714,0.4849,1.0645,44.207,-235.732,-31.646,1,12
3.1846,0.5562,1.0723,40.610,-242.561,-33.049,1,12
3.1880,0.6631,1.0679,36.341,-250.122,-34.085,1,12
3.1812,0.7700,1.0459,31.585,-258.415,-33.232,1,12
3.1602,0.8926,1.0278,26.951,-267.317,-30.183,1,12
3.1250,1.0078,1.0215,22.439,-275.854,-25.854,1,12
3.0688,1.1040,1.0205,19.268,-283.476,-19.878,1,12
0.2188,0.4712,-0.1606,30.610,95.488,-47.500,2,12
0.2300,0.4556,-0.1509,28.537,95.793,-47.256,2,12
0.2534,0.4497,-0.1309,26.646,95.854,-46.341,2,12
0.2715,0.4463,-0.1274,24.512,95.854,-45.976,2,12
0.2939,0.4380,-0.1157,22.622,95.366,-45.244,2,12
0.3218,0.4287,-0.1089,20.854,95.122,-44.268,2,12
0.3389,0.4307,-0.0933,19.146,94.817,-43.415,2,12
0.3604,0.4248,-0.0894,17.500,94.268,-42.805,2,12
-0.8037,0.2261,0.0396,40.061,44.207,19.878,3,90
-0.8076,0.2021,0.0342,43.232,44.634,20.732,3,90
-0.8057,0.1831,0.0205,46.341,45.122,21.220,3,90
-0.8091,0.1597,-0.0024,49.146,45.793,21.890,3,90
-0.7930,0.1260,-0.0264,52.256,46.159,22.317,3,90
-0.7886,0.0938,-0.0513,56.220,46.829,22.500,3,90
-0.7837,0.0796,-0.0625,59.634,47.561,22.561,3,90
-0.7603,0.0605,-0.0879,63.659,48.354,22.378,3,90
2.5581,1.4336,1.3135,-20.183,-291.220,66.951,1,12
2.5146,1.3789,1.3657,-37.256,-289.573,79.146,1,12
2.4761,1.3208,1.3823,-56.707,-288.293,91.524,1,12
2.4458,1.2603,1.3877,-78.476,-287.073,104.146,1,12
2.4355,1.2114,1.3945,-102.500,-286.707,116.280,1,12
2.4277,1.1865,1.4150,-127.500,-286.707,128.659,1,12
2.3984,1.1929,1.4448,-152.256,-286.585,141.402,1,12
2.3638,1.2412,1.4702,-176.707,-286.707,154.268,1,12
0.4937,0.4731,-0.0176,1.829,82.866,-31.951,2,12
0.5044,0.4888,-0.0112,0.366,81.098,-30.305,2,12
0.5127,0.5005,-0.0146,-0.549,79.756,-28.963,2,12
0.5283,0.5132,-0.0137,-1.768,78.293,-27.439,2,12
0.5366,0.5264,-0.0083,-2.927,76.402,-26.037,2,12
0.5537,0.5415,-0.0059,-4.085,74.756,-24.573,2,12
0.5625,0.5498,0.0059,-5.732,72.805,-23.232,2,12
0.5693,0.5542,0.0186,-7.500,71.159,-22.195,2,12
-0.6724,-0.0293,-0.1694,42.561,48.049,22.073,3,90
-0.6904,-0.0278,-0.1533,33.902,47.073,20.183,3,90
-0.6812,-0.0342,-0.1577,24.573,44.878,18.902,3,90
-0.6890,-0.0366,-0.1841,14.146,42.134,17.439,3,90
-0.6938,-0.0176,-0.1670,1.768,39.085,15.793,3,90
-0.7178,-0.0054,-0.1587,-10.549,36.341,12.927,3,90
-0.7393,-0.0132,-0.1694,-20.122,33.232,10.793,3,90
-0.7554,-0.0200,-0.1924,-26.280,30.549,9.207,3,90
-15.9868,-9.2725,-0.6318,621.646,-104.329,-425.488,1,12
-16.0000,-10.7095,2.4233,598.049,-183.963,-597.805,1,12
-16.0000,-9.4854,4.2544,329.573,-189.390,-180.671,1,12
-15.5947,-5.2764,4.5049,127.195,-67.561,268.415,1,12
-9.0469,-3.1807,3.2134,-107.561,15.244,319.207,1,12
-5.1099,-3.0112,1.8716,-326.585,49.817,243.963,1,12
-2.8438,-3.3931,0.5938,-467.561,40.549,142.012,1,12
-1.3027,-3.7241,0.6304,-441.829,35.976,36.646,1,12
0.5737,0.5542,0.0103,-1.341,59.451,-25.122,2,12
0.5767,0.5562,0.0093,-0.061,58.232,-26.585,2,12
0.5791,0.5493,0.0054,1.159,57.744,-28.232,2,12
0.5771,0.5527,-0.0020,3.232,57.439,-30.000,2,12
0.5942,0.5547,-0.0068,4.939,57.561,-31.098,2,12
0.6030,0.5591,-0.0132,6.646,57.683,-32.805,2,12
0.6167,0.5659,-0.0166,8.293,58.171,-33.902,2,12
0.6201,0.5713,-0.0161,9.634,58.902,-34.939,2,12
-0.8823,0.2920,-0.1382,-47.256,13.110,-3.354,3,90
-0.9121,0.3740,-0.0557,-44.939,11.280,-2.927,3,90
-0.9546,0.4727,0.0381,-42.012,8.780,-2.073,3,90
-1.0396,0.5815,0.1201,-38.537,7.073,-0.610,3,90
-1.1738,0.7017,0.1909,-35.549,5.183,2.256,3,90
-1.3188,0.8125,0.2490,-33.232,4.085,6.524,3,90
-1.5020,0.8799,0.2827,-30.000,4.085,11.037,3,90
-1.7295,0.9063,0.3438,-25.610,4.939,14.817,3,90
-4.5894,-1.2690,-0.4932,25.305,-4.024,-6.159,1,12
-4.3989,-1.1436,-0.2085,9.817,2.195,19.878,1,12
-3.9170,-1.0400,-0.0156,-5.366,-1.220,37.683,1,12
-3.3394,-0.9492,0.0786,-14.146,-11.280,49.695,1,12
-2.7480,-0.8638,0.0991,-13.049,-19.512,55.061,1,12
-2.2388,-0.7417,0.0820,-4.573,-22.683,53.232,1,12
-1.8198,-0.6035,0.0903,6.098,-18.841,44.939,1,12
-1.5361,-0.4814,0.1289,13.049,-9.268,32.317,1,12
0.7612,0.6318,0.0269,3.293,57.927,-34.512,2,12
0.7798,0.6372,0.0098,2.439,57.073,-34.024,2,12
0.7988,0.6563,0.0112,1.585,56.159,-32.927,2,12
0.8262,0.6655,-0.0005,0.061,55.183,-32.561,2,12
0.8359,0.6768,0.0024,-1.707,54.268,-31.951,2,12
0.8457,0.6870,-0.0044,-3.902,53.537,-31.707,2,12
0.8550,0.7061,-0.0020,-6.646,52.195,-31.220,2,12
0.8633,0.7266,-0.0107,-9.207,51.037,-31.463,2,12
-1.0654,-0.1519,-0.1543,21.463,22.500,-9.878,3,90
-0.9893,-0.1099,-0.2104,21.585,22.622,-9.634,3,90
-0.9727,-0.0718,-0.2739,21.829,22.561,-8.598,3,90
-0.9722,-0.0259,-0.3130,21.829,22.256,-7.256,3,90
-0.9814,0.0093,-0.3101,20.549,22.317,-6.463,3,90
-0.9819,0.0361,-0.2993,19.207,21.707,-6.220,3,90
-0.9771,0.0537,-0.2603,17.012,21.037,-6.524,3,90
-0.9380,0.0928,-0.2227,13.598,19.634,-7.683,3,90
-0.5244,0.5435,0.1250,40.000,48.963,-39.268,1,12
-0.4697,0.5239,0.1470,61.768,51.890,-36.890,1,12
-0.4170,0.4561,0.1694,83.720,56.951,-36.220,1,12
-0.3506,0.3691,0.2119,104.390,63.049,-37.744,1,12
-0.2935,0.2466,0.2451,123.537,69.573,-41.951,1,12
-0.2012,0.1187,0.2998,138.415,77.317,-46.402,1,12
-0.0977,-0.0273,0.3291,148.537,84.878,-50.732,1,12
0.0225,-0.1738,0.3691,155.671,93.049,-53.354,1,12
0.8096,0.9014,-0.1709,-35.427,40.671,-27.744,2,12
0.8066,0.9155,-0.1953,-38.171,39.939,-27.500,2,12
0.7925,0.9312,-0.2056,-40.854,38.659,-27.317,2,12
0.7861,0.9468,-0.2319,-43.780,37.866,-27.256,2,12
0.7822,0.9561,-0.2456,-46.220,36.402,-27.012,2,12
0.7803,0.9702,-0.2646,-48.963,35.000,-26.524,2,12
0.7734,0.9746,-0.2920,-51.463,33.476,-26.646,2,12
0.7759,0.9927,-0.3022,-53.720,31.585,-26.220,2,12
-0.8188,0.2686,-0.1372,-14.634,1.585,-9.207,3,90
-0.8379,0.2886,-0.1509,-13.841,-0.244,-8.659,3,90
-0.8472,0.2715,-0.1606,-12.073,-1.646,-8.049,3,90
-0.8618,0.2651,-0.1650,-8.963,-3.232,-7.683,3,90
-0.8779,0.2549,-0.1572,-6.402,-4.329,-6.951,3,90
-0.8809,0.2188,-0.1699,-3.598,-5.610,-6.524,3,90
-0.8901,0.1987,-0.1689,-1.159,-7.134,-6.280,3,90
-0.8955,0.1733,-0.1753,0.549,-8.537,-6.220,3,90
2.0776,-2.0752,1.0820,189.451,178.171,-91.341,1,12
2.4307,-2.2729,1.1670,194.146,181.951,-117.195,1,12
2.7212,-2.4219,1.2100,196.280,181.890,-146.341,1,12
2.9126,-2.4624,1.2783,192.805,173.841,-171.890,1,12
2.8882,-2.4517,1.3745,182.439,153.963,-186.951,1,12
2.7598,-2.3174,1.4673,167.500,124.512,-186.098,1,12
2.3955,-2.0571,1.5122,145.305,85.976,-165.061,1,12
1.9097,-1.6851,1.4985,117.988,37.622,-111.829,1,12
0.7173,1.1265,-0.4858,-75.366,11.220,-26.951,2,12
0.7114,1.1465,-0.4917,-77.744,8.537,-27.195,2,12
0.7021,1.1631,-0.5010,-79.695,6.159,-27.317,2,12
0.6929,1.1841,-0.5342,-82.012,3.171,-27.561,2,12
0.6890,1.1992,-0.5449,-83.659,0.854,-27.927,2,12
0.6860,1.2134,-0.5586,-85.976,-1.646,-28.049,2,12
0.6973,1.2227,-0.5732,-87.500,-4.329,-28.110,2,12
0.6982,1.2310,-0.6050,-89.451,-6.646,-28.293,2,12
-0.9058,0.1431,-0.1357,6.402,-18.171,-3.963,3,90
-0.9058,0.1523,-0.1260,6.707,-19.329,-3.476,3,90
-0.9131,0.1499,-0.1274,7.073,-19.817,-3.293,3,90
-0.9160,0.1572,-0.1172,7.378,-20.610,-2.927,3,90
-0.9087,0.1660,-0.1138,8.171,-21.646,-2.988,3,90
-0.9141,0.1758,-0.1094,7.927,-22.500,-2.744,3,90
-0.9141,0.1855,-0.1025,8.902,-23.354,-2.195,3,90
-0.9219,0.1875,-0.1147,9.085,-23.780,-2.378,3,90
0.3945,-0.6338,0.0547,81.585,35.427,54.085,1,12
0.3633,-0.5698,0.0166,92.866,57.683,59.451,1,12
0.3589,-0.5220,0.0776,108.415,79.939,58.110,1,12
0.3838,-0.4697,0.1626,125.183,99.939,54.085,1,12
0.4092,-0.4141,0.2661,138.902,114.817,50.061,1,12
0.4326,-0.3755,0.3867,147.927,124.939,47.866,1,12
0.4653,-0.3618,0.4990,150.549,129.512,47.683,1,12
0.4888,-0.3970,0.6230,148.354,129.268,48.963,1,12
0.6660,1.2715,-0.6943,-82.256,-37.134,-27.744,2,12
0.6348,1.2578,-0.6855,-80.000,-40.793,-28.902,2,12
0.6099,1.2441,-0.6821,-77.805,-44.390,-29.634,2,12
0.5850,1.2324,-0.6699,-75.488,-47.683,-30.610,2,12
0.5620,1.2256,-0.6611,-72.561,-50.915,-31.463,2,12
0.5459,1.2231,-0.6572,-70.427,-54.451,-32.622,2,12
0.5264,1.2256,-0.6426,-67.927,-57.317,-33.293,2,12
0.5000,1.2266,-0.6323,-65.671,-60.305,-33.780,2,12
-0.9341,0.1479,-0.1182,14.329,-30.122,-0.427,3,90
-0.9512,0.1382,-0.1318,15.488,-29.939,-0.366,3,90
-0.9780,0.1455,-0.0796,16.280,-30.061,-0.244,3,90
-0.9839,0.1484,-0.0391,15.610,-30.427,-0.305,3,90
-0.9731,0.1460,-0.0498,14.451,-31.463,0.122,3,90
-0.9624,0.1411,-0.0591,12.561,-31.890,-0.183,3,90
-0.9614,0.1396,-0.0366,10.427,-31.707,-0.061,3,90
-0.9575,0.1436,-0.0259,8.049,-32.012,-0.976,3,90
0.3403,-1.3535,1.1831,77.378,68.293,51.585,1,12
0.3311,-1.4390,1.1875,73.049,58.598,48.476,1,12
0.3237,-1.5103,1.1729,68.476,48.963,45.183,1,12
0.3159,-1.5767,1.1494,63.049,39.695,41.829,1,12
0.3164,-1.6177,1.1206,57.317,31.159,38.415,1,12
0.3208,-1.6523,1.0854,50.366,23.537,35.610,1,12
0.3145,-1.6768,1.0410,42.988,17.988,33.232,1,12
0.3042,-1.6768,0.9780,35.793,13.476,30.732,1,12
0.4414,1.2158,-0.5840,-41.037,-83.780,-13.598,2,12
0.4453,1.1973,-0.5762,-36.707,-85.061,-10.305,2,12
0.4585,1.1787,-0.5835,-32.500,-86.037,-7.073,2,12
0.4653,1.1387,-0.5605,-27.744,-87.805,-4.207,2,12
0.4639,1.1157,-0.5415,-23.293,-89.390,-1.524,2,12
0.4751,1.0913,-0.5342,-18.232,-91.037,0.732,2,12
0.4746,1.0562,-0.5195,-13.415,-93.049,2.866,2,12
0.4761,1.0313,-0.5176,-9.207,-94.451,4.817,2,12
-0.9463,0.3179,0.0093,11.524,-31.220,-3.476,3,90
-0.9482,0.3193,0.0068,13.780,-31.220,-2.988,3,90
-0.9448,0.3115,0.0166,15.976,-31.402,-2.805,3,90
-0.9409,0.3096,0.0249,18.232,-30.610,-2.744,3,90
-0.9438,0.3105,0.0225,20.122,-30.244,-3.110,3,90
-0.9429,0.3086,0.0405,23.780,-29.634,-3.171,3,90
-0.9434,0.3047,0.0566,26.890,-28.659,-3.537,3,90
-0.9487,0.3179,0.0957,28.110,-27.866,-4.512,3,90
0.2363,-1.5127,0.7085,-9.085,-7.195,10.427,1,12
0.2354,-1.5112,0.6958,-11.098,-8.780,6.585,1,12
0.2290,-1.5010,0.6758,-12.439,-10.610,2.683,1,12
0.2168,-1.4883,0.6440,-14.695,-13.841,0.122,1,12
0.2148,-1.4780,0.6260,-15.854,-17.500,-1.890,1,12
0.1992,-1.4712,0.5986,-17.256,-22.500,-2.866,1,12
0.1870,-1.4570,0.5869,-18.902,-27.866,-3.598,1,12
0.1621,-1.4380,0.5532,-20.549,-33.171,-3.598,1,12
0.4458,0.8481,-0.4009,18.659,-102.927,14.817,2,12
0.4409,0.8296,-0.3945,20.061,-103.720,16.037,2,12
0.4287,0.8247,-0.3809,21.341,-103.537,17.561,2,12
0.4209,0.8101,-0.3750,22.256,-103.659,18.841,2,12
0.4043,0.7900,-0.3726,22.866,-104.329,20.000,2,12
0.3882,0.7783,-0.3584,23.841,-104.390,21.341,2,12
0.3838,0.7676,-0.3525,24.207,-104.146,22.561,2,12
0.3711,0.7471,-0.3452,24.634,-104.268,23.598,2,12
-0.9053,0.1538,0.0103,27.927,-27.195,-2.195,3,90
-0.8965,0.1382,-0.0024,25.488,-26.890,-2.439,3,90
-0.9097,0.1470,-0.0122,22.317,-26.280,-2.500,3,90
-0.9180,0.1494,-0.0215,19.878,-26.341,-2.988,3,90
-0.9463,0.1519,0.0137,17.500,-25.915,-3.049,3,90
-0.9585,0.1611,0.0449,15.671,-25.549,-2.927,3,90
-0.9653,0.1646,0.0356,13.354,-25.671,-2.866,3,90
-0.9561,0.1567,0.0200,10.793,-26.037,-2.805,3,90
-0.0957,-1.2539,0.3418,-30.732,-51.037,-20.671,1,12
-0.1128,-1.2310,0.3237,-31.037,-49.451,-23.171,1,12
-0.1191,-1.2178,0.3062,-31.585,-46.951,-25.793,1,12
-0.1250,-1.2002,0.2842,-32.866,-44.329,-27.195,1,12
-0.1147,-1.1855,0.2808,-33.110,-41.280,-29.573,1,12
-0.1108,-1.1680,0.2729,-33.354,-37.683,-30.854,1,12
-0.0981,-1.1504,0.2764,-33.171,-34.207,-31.951,1,12
-0.0845,-1.1265,0.2729,-32.744,-31.098,-32.683,1,12
0.3154,0.6299,-0.2959,24.085,-100.488,30.000,2,12
0.3076,0.6191,-0.2808,23.171,-100.061,30.793,2,12
0.3130,0.6069,-0.2856,22.622,-99.573,31.220,2,12
0.3032,0.5986,-0.2803,21.463,-99.146,32.073,2,12
0.3149,0.5913,-0.2720,20.854,-98.354,32.317,2,12
0.3140,0.5918,-0.2759,20.183,-97.561,32.744,2,12
0.3164,0.5732,-0.2778,19.695,-97.134,32.988,2,12
0.3193,0.5723,-0.2681,19.268,-96.098,33.598,2,12
-0.9849,0.2314,0.0044,12.683,-23.720,-4.146,3,90
-0.9849,0.2266,-0.0068,14.268,-23.415,-4.207,3,90
-0.9902,0.2241,0.0059,16.280,-22.744,-4.146,3,90
-0.9883,0.2280,0.0435,17.561,-22.866,-4.634,3,90
-0.9937,0.2300,0.0679,18.780,-22.927,-4.451,3,90
-0.9839,0.2246,0.0552,19.451,-22.988,-4.329,3,90
-0.9785,0.2222,0.0557,18.963,-22.866,-4.085,3,90
-0.9736,0.2168,0.0659,18.110,-22.744,-4.268,3,90
0.0952,-0.9185,0.3013,-34.878,-20.671,-28.963,1,12
0.1089,-0.8945,0.2964,-35.671,-21.829,-27.866,1,12
0.1113,-0.8750,0.2817,-35.793,-22.927,-27.134,1,12
0.1304,-0.8579,0.2798,-35.732,-24.024,-26.585,1,12
0.1377,-0.8413,0.2607,-35.366,-25.000,-25.488,1,12
0.1367,-0.8276,0.2524,-34.817,-25.610,-24.695,1,12
0.1313,-0.8164,0.2314,-33.720,-26.402,-23.537,1,12
0.1304,-0.8047,0.2134,-32.744,-26.524,-22.317,1,12
0.1216,-0.8022,0.2012,-30.976,-26.341,-20.854,1,12
0.1235,-0.7905,0.1821,-29.634,-25.610,-19.695,1,12
0.1201,-0.7842,0.1802,-28.293,-24.512,-18.476,1,12
0.1274,-0.7793,0.1646,-27.195,-22.927,-17.195,1,12
0.1113,-0.7876,0.1479,-25.915,-21.159,-15.976,1,12
0.1118,-0.7813,0.1191,-24.695,-19.146,-14.634,1,12
0.1040,-0.7876,0.1069,-22.866,-16.707,-13.476,1,12
0.1025,-0.7881,0.0991,-20.854,-14.146,-11.951,1,12
0.3062,0.5146,-0.2461,2.988,-83.415,29.146,2,12
0.2993,0.5151,-0.2480,1.037,-82.195,28.415,2,12
0.3047,0.5166,-0.2432,-0.244,-81.098,28.049,2,12
0.3032,0.5225,-0.2495,-1.646,-79.634,27.439,2,12
0.3086,0.5371,-0.2559,-2.561,-78.476,26.707,2,12
0.3037,0.5464,-0.2471,-3.293,-77.195,26.098,2,12
0.3062,0.5537,-0.2534,-4.268,-76.037,25.427,2,12
0.3125,0.5664,-0.2476,-4.878,-74.756,24.939,2,12
-0.9639,0.2026,0.0737,46.585,-15.244,-1.707,3,90
-0.9683,0.1953,0.0654,46.402,-14.695,-2.073,3,90
-0.9683,0.1816,0.0708,46.951,-13.902,-2.317,3,90
-0.9727,0.1787,0.0845,46.280,-13.476,-2.195,3,90
-0.9785,0.1826,0.1055,44.817,-12.805,-2.500,3,90
-0.9814,0.1909,0.1133,43.232,-12.195,-2.256,3,90
-0.9771,0.1982,0.1338,40.976,-11.646,-1.768,3,90
-0.9819,0.1968,0.1348,38.902,-10.976,-1.707,3,90
0.1304,-0.9312,0.1592,-20.000,14.817,-10.427,1,12
0.1396,-0.9585,0.1631,-21.768,17.439,-12.134,1,12
0.1416,-0.9766,0.1831,-24.573,19.878,-14.329,1,12
0.1563,-0.9893,0.1885,-26.768,22.561,-16.463,1,12
0.1699,-1.0078,0.2080,-31.280,25.793,-19.878,1,12
0.1836,-1.0112,0.2114,-34.329,27.561,-22.256,1,12
0.1934,-1.0215,0.2202,-37.561,29.634,-24.573,1,12
0.2075,-1.0190,0.2344,-40.610,31.646,-26.829,1,12
0.2979,0.6553,-0.2563,-7.622,-64.878,21.707,2,12
0.3022,0.6611,-0.2603,-7.439,-63.902,21.768,2,12
0.2944,0.6670,-0.2588,-7.561,-62.500,21.768,2,12
0.2949,0.6768,-0.2568,-6.707,-61.098,21.829,2,12
0.2915,0.6846,-0.2646,-6.524,-59.756,21.829,2,12
0.2905,0.6929,-0.2534,-6.463,-58.537,22.134,2,12
0.2988,0.7046,-0.2559,-6.524,-57.195,21.890,2,12
0.2949,0.7119,-0.2466,-6.707,-56.159,22.195,2,12
-1.0024,0.1812,0.0762,39.207,-4.268,3.659,3,90
-1.0029,0.1582,0.0796,40.122,-3.476,4.024,3,90
-0.9971,0.1455,0.0630,41.341,-2.744,4.939,3,90
-0.9976,0.1348,0.0732,42.073,-2.134,5.061,3,90
-0.9956,0.1304,0.0718,42.195,-1.402,5.549,3,90
-0.9883,0.1270,0.0747,41.951,-0.610,5.854,3,90
-0.9722,0.1162,0.0791,41.220,-0.183,6.646,3,90
-0.9722,0.1074,0.0918,39.817,0.183,6.585,3,90
0.2832,-0.8652,0.1846,-61.890,50.183,-39.207,1,12
0.2983,-0.8486,0.1777,-62.012,53.476,-39.085,1,12
0.2974,-0.8262,0.1592,-61.646,56.098,-39.207,1,12
0.3208,-0.8022,0.1558,-61.098,59.573,-38.902,1,12
0.3291,-0.7964,0.1445,-59.573,62.622,-38.537,1,12
0.3418,-0.7739,0.1357,-57.073,65.915,-38.110,1,12
0.3433,-0.7637,0.1338,-53.659,68.963,-37.500,1,12
0.3477,-0.7456,0.1328,-49.756,72.012,-37.317,1,12
0.2808,0.8320,-0.2554,-13.110,-45.793,25.549,2,12
0.2783,0.8477,-0.2539,-14.207,-44.878,26.524,2,12
0.2720,0.8530,-0.2612,-14.634,-44.085,26.951,2,12
0.2734,0.8599,-0.2739,-14.878,-42.927,27.622,2,12
0.2622,0.8691,-0.2739,-15.610,-41.951,28.476,2,12
0.2598,0.8804,-0.2813,-16.220,-40.915,29.024,2,12
0.2686,0.8877,-0.2705,-16.707,-40.061,29.451,2,12
0.2612,0.8926,-0.2729,-17.378,-39.024,30.061,2,12
-0.9736,0.0981,0.0645,17.317,4.573,7.134,3,90
-0.9644,0.1025,0.0625,16.341,4.451,7.317,3,90
-0.9668,0.0967,0.0703,15.183,4.634,7.256,3,90
-0.9663,0.0874,0.0767,13.780,4.817,7.256,3,90
-0.9580,0.0874,0.0610,10.671,4.268,7.744,3,90
-0.9512,0.0923,0.0332,6.890,4.024,7.805,3,90
-0.9604,0.0947,0.0322,3.232,3.598,7.683,3,90
-0.9614,0.1016,0.0161,-1.098,3.293,7.073,3,90
0.3696,-0.6851,0.3052,-4.451,93.354,-36.220,1,12
0.3682,-0.6895,0.3154,-2.561,94.329,-36.646,1,12
0.3716,-0.6938,0.3481,1.280,96.159,-37.195,1,12
0.3828,-0.7070,0.3701,4.878,97.683,-37.805,1,12
0.4072,-0.7285,0.3892,9.634,99.878,-38.720,1,12
0.4141,-0.7539,0.4063,11.768,101.098,-39.085,1,12
0.4321,-0.7656,0.4116,14.085,102.012,-39.634,1,12
0.4502,-0.7881,0.4175,15.732,103.232,-40.366,1,12
0.2476,0.9683,-0.2915,-20.244,-30.549,36.768,2,12
0.2446,0.9785,-0.2920,-19.939,-29.756,37.500,2,12
0.2524,0.9912,-0.2954,-19.695,-29.024,38.293,2,12
0.2432,1.0010,-0.2974,-19.329,-28.293,38.780,2,12
0.2324,1.0044,-0.2944,-19.695,-27.683,39.146,2,12
0.2368,1.0098,-0.2920,-19.756,-26.890,39.878,2,12
0.2280,1.0181,-0.3032,-19.695,-26.402,40.244,2,12
0.2227,1.0220,-0.2979,-19.512,-25.671,40.793,2,12
-0.9976,0.2280,-0.0039,-15.061,-0.305,2.134,3,90
-0.9868,0.2466,0.0005,-14.695,-0.305,1.524,3,90
-0.9873,0.2627,0.0029,-13.232,-0.488,1.402,3,90
-0.9839,0.2827,0.0083,-11.707,-0.732,0.854,3,90
-0.9790,0.2988,0.0293,-9.817,-1.098,0.671,3,90
-0.9819,0.3130,0.0308,-8.049,-0.915,0.549,3,90
-0.9727,0.3145,0.0347,-6.037,-1.585,0.610,3,90
-0.9736,0.3154,0.0317,-3.659,-1.037,0.793,3,90
0.5864,-0.8955,0.4199,9.634,106.951,-43.171,1,12
0.5962,-0.8979,0.4219,7.134,106.768,-43.415,1,12
0.6064,-0.8979,0.4282,5.000,106.768,-42.378,1,12
0.6094,-0.8906,0.4424,2.866,106.341,-42.134,1,12
0.6104,-0.8848,0.4380,1.280,106.098,-41.707,1,12
0.6172,-0.8794,0.4429,-0.732,105.854,-40.854,1,12
0.6191,-0.8691,0.4463,-2.622,105.000,-40.549,1,12
0.6201,-0.8618,0.4414,-4.085,104.085,-40.183,1,12
0.1821,1.0288,-0.3257,-18.476,-18.902,42.988,2,12
0.1895,1.0327,-0.3267,-18.049,-18.171,43.171,2,12
0.1909,1.0356,-0.3359,-17.927,-17.256,43.049,2,12
0.1895,1.0366,-0.3389,-18.293,-16.646,43.354,2,12
0.1855,1.0347,-0.3452,-18.232,-16.037,43.354,2,12
0.1826,1.0415,-0.3569,-18.476,-15.549,43.476,2,12
0.1802,1.0352,-0.3555,-17.927,-15.061,43.598,2,12
0.1758,1.0356,-0.3662,-17.744,-15.061,43.537,2,12
-0.9365,0.2227,0.0557,7.988,-1.585,1.220,3,90
-0.9170,0.2017,0.0522,7.500,-2.073,1.037,3,90
-0.9116,0.1909,0.0308,6.341,-1.951,1.402,3,90
-0.9209,0.1812,0.0254,5.549,-2.012,1.098,3,90
-0.9219,0.1797,0.0132,5.244,-2.073,1.037,3,90
-0.9150,0.1553,-0.0029,4.451,-2.256,0.610,3,90
-0.9204,0.1509,-0.0171,4.573,-2.256,0.610,3,90
-0.9214,0.1362,-0.0229,5.000,-2.256,0.366,3,90
0.6563,-0.7720,0.4873,-11.463,97.866,-33.902,1,12
0.6577,-0.7671,0.4961,-12.073,97.439,-33.598,1,12
0.6689,-0.7700,0.5156,-13.476,96.524,-32.927,1,12
0.6763,-0.7661,0.5220,-14.634,95.183,-32.195,1,12
0.6860,-0.7666,0.5195,-14.817,94.390,-31.890,1,12
0.7026,-0.7637,0.5200,-15.610,94.451,-31.890,1,12
0.7100,-0.7720,0.5215,-16.280,93.232,-31.829,1,12
0.7207,-0.7783,0.5127,-17.073,91.890,-31.768,1,12
0.1299,0.9844,-0.4087,-13.354,-11.463,41.768,2,12
0.1279,0.9766,-0.4189,-12.866,-11.220,41.341,2,12
0.1201,0.9741,-0.4170,-12.378,-10.671,40.976,2,12
0.1255,0.9663,-0.4131,-12.012,-10.061,40.793,2,12
0.1152,0.9653,-0.4219,-11.402,-9.573,40.610,2,12
0.1152,0.9526,-0.4248,-10.915,-8.963,40.061,2,12
0.1094,0.9517,-0.4297,-10.061,-8.963,39.817,2,12
0.1162,0.9395,-0.4297,-9.451,-8.476,39.634,2,12
-0.9331,0.1011,-0.0278,-2.988,-3.354,-1.524,3,90
-0.9370,0.1001,-0.0249,-5.793,-3.598,-1.341,3,90
-0.9399,0.0859,-0.0186,-8.293,-3.780,-1.585,3,90
-0.9448,0.0869,-0.0254,-11.098,-4.024,-1.829,3,90
-0.9517,0.0781,-0.0205,-13.476,-4.268,-2.195,3,90
-0.9561,0.0674,-0.0117,-15.366,-4.268,-2.805,3,90
-0.9648,0.0732,-0.0229,-17.500,-4.512,-3.110,3,90
-0.9639,0.0791,-0.0249,-19.390,-4.634,-3.476,3,90
0.7896,-0.7788,0.4258,-31.098,77.744,-22.622,1,12
0.7827,-0.7822,0.4180,-32.439,76.585,-20.732,1,12
0.7900,-0.7769,0.4131,-33.720,75.793,-19.207,1,12
0.7813,-0.7832,0.4043,-35.244,74.817,-17.256,1,12
0.7827,-0.7798,0.4053,-36.524,73.720,-16.341,1,12
0.7842,-0.7886,0.4067,-37.927,72.683,-14.756,1,12
0.7866,-0.7954,0.4116,-38.232,71.707,-14.146,1,12
0.7876,-0.7939,0.4082,-38.598,70.488,-12.805,1,12
0.1079,0.9072,-0.4854,-1.707,-6.341,34.268,2,12
0.0972,0.9067,-0.4868,-0.915,-5.793,33.415,2,12
0.1069,0.9072,-0.4946,0.061,-5.671,32.744,2,12
0.0996,0.9072,-0.4917,1.098,-5.244,31.890,2,12
0.0933,0.9077,-0.5044,1.951,-4.817,31.220,2,12
0.0898,0.9106,-0.4980,2.866,-4.268,30.549,2,12
0.0854,0.9111,-0.5005,3.902,-3.659,29.390,2,12
0.0850,0.9092,-0.5083,5.122,-3.354,28.293,2,12
-0.9551,0.1387,0.0215,-26.280,-4.146,-3.476,3,90
-0.9521,0.1445,0.0161,-25.488,-4.024,-3.171,3,90
-0.9473,0.1357,0.0122,-24.878,-3.720,-3.354,3,90
-0.9458,0.1377,0.0063,-24.512,-3.476,-3.049,3,90
-0.9434,0.1392,0.0269,-24.268,-2.988,-3.049,3,90
-0.9512,0.1499,0.0298,-23.902,-3.110,-2.988,3,90
-0.9487,0.1538,0.0430,-24.390,-2.805,-3.232,3,90
-0.9429,0.1597,0.0386,-24.695,-2.683,-2.988,3,90
0.8169,-0.7661,0.4194,-34.695,56.707,-5.427,1,12
0.8130,-0.7612,0.4189,-34.207,55.915,-4.817,1,12
0.8135,-0.7573,0.4106,-32.317,54.207,-3.537,1,12
0.8198,-0.7529,0.4214,-30.732,53.049,-3.171,1,12
0.8223,-0.7539,0.4136,-29.878,51.951,-2.256,1,12
0.8193,-0.7534,0.4097,-28.354,51.341,-1.585,1,12
0.8213,-0.7578,0.4053,-26.829,50.244,-0.976,1,12
0.8281,-0.7544,0.4033,-25.244,48.902,-0.305,1,12
0.0635,0.9019,-0.5205,15.549,2.744,19.878,2,12
0.0645,0.9014,-0.5156,16.829,3.598,18.598,2,12
0.0610,0.9009,-0.5132,18.171,4.939,17.622,2,12
0.0571,0.8960,-0.5151,19.756,5.915,16.768,2,12
0.0571,0.8975,-0.5142,20.915,7.195,15.366,2,12
0.0586,0.8940,-0.5107,22.378,8.354,14.573,2,12
0.0566,0.8970,-0.5000,23.415,9.695,13.476,2,12
0.0615,0.8984,-0.5049,24.756,10.732,12.500,2,12
0.8481,-0.8027,0.3833,-16.280,38.476,8.293,1,12
0.8530,-0.8115,0.3809,-15.244,37.561,9.268,1,12
0.8608,-0.8193,0.3750,-14.512,36.524,10.183,1,12
0.8647,-0.8242,0.3750,-13.049,35.915,10.793,1,12
0.8652,-0.8340,0.3833,-11.890,34.695,11.524,1,12
0.8721,-0.8374,0.3818,-10.915,33.963,11.951,1,12
0.8716,-0.8384,0.3857,-9.878,32.805,12.683,1,12
0.8755,-0.8408,0.3965,-9.207,32.012,12.988,1,12
-0.9775,0.1924,0.0669,-41.280,0.244,-2.073,3,90
-0.9683,0.1973,0.0654,-39.878,0.610,-2.195,3,90
-0.9644,0.1929,0.0620,-39.146,0.976,-2.012,3,90
-0.9585,0.1973,0.0625,-37.988,1.220,-1.768,3,90
-0.9575,0.2002,0.0659,-37.256,1.646,-1.524,3,90
-0.9536,0.2026,0.0732,-36.646,1.951,-1.220,3,90
-0.9590,0.2012,0.0718,-36.402,2.134,-1.341,3,90
-0.9634,0.1929,0.0854,-35.122,2.439,-0.549,3,90
0.0825,0.8838,-0.4175,50.305,45.122,-10.732,2,12
0.0840,0.8779,-0.4102,50.671,46.341,-11.524,2,12
0.0830,0.8789,-0.4165,50.549,47.439,-12.439,2,12
0.0938,0.8760,-0.4097,51.037,48.902,-13.293,2,12
0.0898,0.8638,-0.4072,50.793,50.427,-13.963,2,12
0.0972,0.8647,-0.3999,51.159,51.463,-15.000,2,12
0.1030,0.8584,-0.4077,51.341,52.805,-16.159,2,12
0.1108,0.8535,-0.4014,51.463,53.720,-16.646,2,12
-0.9658,0.1357,0.0337,-36.098,5.183,-0.427,3,90
-0.9600,0.1372,0.0117,-36.402,5.671,-0.793,3,90
-0.9609,0.1328,0.0132,-36.707,5.915,-1.037,3,90
-0.9565,0.1396,-0.0024,-36.585,6.646,-1.524,3,90
-0.9565,0.1406,-0.0044,-36.890,7.317,-1.585,3,90
-0.9502,0.1401,0.0083,-36.951,7.866,-1.768,3,90
-0.9521,0.1460,0.0083,-36.585,8.780,-1.951,3,90
-0.9585,0.1548,0.0078,-36.768,9.146,-2.012,3,90
1.3193,-0.7246,0.3418,3.110,-16.037,17.073,1,12
1.3511,-0.7017,0.3442,4.756,-18.354,17.439,1,12
1.3877,-0.6855,0.3403,6.585,-20.244,16.951,1,12
1.4204,-0.6694,0.3354,7.561,-22.805,17.195,1,12
1.4609,-0.6553,0.3301,9.085,-25.427,17.744,1,12
1.4878,-0.6426,0.3267,10.427,-28.720,18.537,1,12
1.5195,-0.6323,0.3022,12.683,-32.134,20.000,1,12
1.5459,-0.6035,0.3008,14.329,-35.793,21.463,1,12
0.1240,0.8374,-0.3901,52.134,63.902,-24.390,2,12
0.1206,0.8291,-0.3833,52.256,65.183,-25.366,2,12
0.1226,0.8389,-0.3882,52.500,66.098,-26.098,2,12
0.1177,0.8306,-0.3799,52.561,67.683,-26.707,2,12
0.1201,0.8306,-0.3711,53.049,68.659,-27.195,2,12
0.1216,0.8267,-0.3721,53.171,69.939,-27.866,2,12
0.1250,0.8252,-0.3672,53.354,71.098,-28.720,2,12
0.1255,0.8179,-0.3550,53.415,72.134,-29.390,2,12
-0.9438,0.2075,0.1289,-29.939,16.646,0.244,3,90
-0.9380,0.2183,0.1318,-29.573,17.073,0.549,3,90
-0.9365,0.2285,0.1367,-30.244,17.805,0.610,3,90
-0.9297,0.2324,0.1338,-30.732,18.354,1.524,3,90
-0.9277,0.2417,0.1445,-30.854,18.720,1.890,3,90
-0.9229,0.2490,0.1431,-31.159,19.024,2.317,3,90
-0.9272,0.2578,0.1416,-32.256,19.512,2.866,3,90
-0.9282,0.2681,0.1436,-33.171,20.000,2.927,3,90
1.7612,-0.4331,0.4033,22.622,-75.305,28.537,1,12
1.7905,-0.4336,0.4194,21.524,-79.634,27.988,1,12
1.8198,-0.4351,0.4336,21.159,-83.902,27.805,1,12
1.8628,-0.4375,0.4556,21.402,-88.598,27.439,1,12
1.9043,-0.4380,0.4912,22.317,-93.110,26.585,1,12
1.9453,-0.4268,0.5278,22.744,-97.256,25.610,1,12
2.0039,-0.4136,0.5669,22.744,-101.159,23.720,1,12
2.0625,-0.3916,0.6006,21.098,-105.854,21.768,1,12
0.1250,0.7124,-0.3018,53.841,81.341,-36.280,2,12
0.1230,0.6968,-0.2852,53.049,82.073,-37.134,2,12
0.1328,0.6953,-0.2852,53.293,82.744,-37.378,2,12
0.1221,0.6787,-0.2837,52.744,83.415,-38.171,2,12
0.1289,0.6489,-0.2710,51.951,84.817,-39.268,2,12
0.1284,0.6294,-0.2642,51.220,85.610,-40.305,2,12
0.1318,0.6177,-0.2681,50.427,86.707,-40.854,2,12
0.1304,0.6016,-0.2622,49.878,87.439,-41.707,2,12
-0.9316,0.2749,0.0659,-25.854,27.439,6.585,3,90
-0.9336,0.2764,0.0566,-22.805,28.415,7.012,3,90
-0.9238,0.2720,0.0439,-20.427,29.756,7.256,3,90
-0.9253,0.2593,0.0376,-18.110,30.915,7.744,3,90
-0.9126,0.2632,0.0313,-16.098,31.829,8.110,3,90
-0.9072,0.2432,0.0376,-14.512,33.293,8.476,3,90
-0.9087,0.2373,0.0425,-12.927,34.451,8.780,3,90
-0.9087,0.2314,0.0474,-11.402,36.037,9.146,3,90
2.8794,0.2617,0.9082,-4.207,-173.902,5.732,1,12
2.9438,0.3779,0.9346,-4.573,-183.659,6.463,1,12
2.9868,0.5195,0.9756,-3.720,-192.988,7.439,1,12
3.0117,0.6533,1.0005,-2.134,-201.768,7.988,1,12
3.0435,0.8062,1.0073,0.488,-208.537,8.780,1,12
3.0928,0.9731,1.0347,5.122,-215.305,9.512,1,12
3.0864,1.1196,1.0737,10.183,-221.829,11.585,1,12
3.0698,1.2378,1.1104,16.768,-225.610,15.488,1,12
0.1777,0.4565,-0.2197,35.610,91.768,-47.561,2,12
0.1846,0.4492,-0.2080,33.537,92.256,-47.439,2,12
0.2021,0.4277,-0.2026,31.646,93.049,-48.049,2,12
0.2148,0.4219,-0.1987,29.573,93.659,-47.927,2,12
0.2275,0.4092,-0.1992,27.805,93.963,-48.110,2,12
0.2461,0.3994,-0.1963,26.280,94.329,-47.866,2,12
0.2651,0.3921,-0.1899,24.634,94.695,-47.988,2,12
0.2964,0.3965,-0.1890,23.049,95.061,-47.988,2,12
-0.8550,0.3281,0.0859,20.000,48.780,16.585,3,90
-0.8511,0.3354,0.0757,22.866,49.451,17.134,3,90
-0.8247,0.3486,0.0757,30.854,51.037,19.024,3,90
-0.8105,0.3535,0.0635,33.354,51.524,19.573,3,90
-0.8047,0.3638,0.0918,38.293,52.378,21.037,3,90
-0.7979,0.3682,0.1030,40.976,52.988,21.768,3,90
-0.8057,0.3628,0.0991,42.256,53.171,23.110,3,90
-0.8125,0.3564,0.1128,43.841,53.902,23.354,3,90
2.7520,1.8354,1.5322,78.659,-237.683,83.476,1,12
2.6851,1.8242,1.6245,74.085,-240.671,93.720,1,12
2.6265,1.7734,1.6685,64.634,-242.988,104.634,1,12
2.5796,1.6919,1.6948,51.159,-245.915,115.244,1,12
2.5288,1.5996,1.7178,32.195,-249.207,127.195,1,12
2.4878,1.4883,1.7100,11.098,-251.280,140.122,1,12
2.4565,1.4023,1.6807,-11.829,-253.963,153.232,1,12
2.4448,1.3374,1.6602,-35.793,-256.463,166.646,1,12
0.4209,0.4019,-0.0938,4.024,89.390,-43.293,2,12
0.4331,0.4111,-0.0859,2.073,87.866,-42.439,2,12
0.4443,0.4111,-0.0801,0.061,86.037,-41.220,2,12
0.4595,0.4092,-0.0771,-1.707,84.573,-40.244,2,12
0.4697,0.4121,-0.0625,-3.415,83.232,-38.780,2,12
0.4878,0.4087,-0.0605,-5.000,81.829,-37.683,2,12
0.4966,0.4146,-0.0493,-6.646,80.427,-36.220,2,12
0.5127,0.4175,-0.0459,-7.256,78.659,-35.183,2,12
-0.7578,0.2490,0.1641,37.500,57.195,24.207,3,90
-0.7363,0.2661,0.1670,35.366,57.134,25.183,3,90
-0.7085,0.2607,0.1533,32.317,56.341,26.951,3,90
-0.6899,0.2495,0.1553,30.549,55.305,28.780,3,90
-0.6763,0.2236,0.1514,28.598,53.841,31.159,3,90
-0.6650,0.2192,0.1343,24.878,52.622,32.561,3,90
-0.6685,0.2314,0.1030,18.902,51.037,33.171,3,90
-0.6831,0.2412,0.0605,9.573,48.963,31.951,3,90
-0.7041,0.2515,0.0142,-3.049,46.159,30.793,3,90
-0.7305,0.2466,-0.0308,-15.122,43.171,28.963,3,90
-0.7583,0.2397,-0.0674,-25.976,40.549,27.195,3,90
-0.7881,0.2422,-0.0981,-33.049,38.232,25.549,3,90
-0.8032,0.2510,-0.1294,-38.049,36.585,23.902,3,90
-0.8062,0.2549,-0.1636,-39.329,35.671,22.378,3,90
-0.7866,0.2559,-0.2290,-38.415,35.244,20.915,3,90
-0.7529,0.2778,-0.2979,-36.463,34.878,19.695,3,90
-15.9995,-9.3828,0.1270,683.476,-94.024,-691.341,1,12
-16.0000,-4.8945,4.0439,188.841,20.793,-170.366,1,12
-15.8804,-1.3726,3.5190,-87.439,93.110,290.244,1,12
-9.3682,-0.4229,2.1099,-295.488,97.378,340.549,1,12
-4.2896,-1.4834,0.3564,-484.146,63.049,294.939,1,12
-1.8105,-2.3784,0.1987,-537.683,34.512,217.866,1,12
-0.5161,-2.7051,0.2520,-484.878,22.073,126.402,1,12
-1.1582,-1.7036,-0.6929,-291.646,-17.622,1.220,1,12
0.5425,0.5767,-0.0645,-0.976,49.024,-31.098,2,12
0.5376,0.5688,-0.0669,1.463,49.085,-32.195,2,12
0.5396,0.5718,-0.0840,4.085,49.390,-32.988,2,12
0.5488,0.5771,-0.0884,6.829,49.634,-33.720,2,12
0.5537,0.5850,-0.1040,10.183,50.793,-34.390,2,12
0.5723,0.5942,-0.1045,13.171,51.890,-35.183,2,12
0.5854,0.6099,-0.1064,15.671,53.171,-35.793,2,12
0.6089,0.6245,-0.1001,17.500,53.963,-36.037,2,12
-0.7671,0.1685,-0.3643,-13.354,23.780,2.500,3,90
-0.7710,0.1265,-0.3569,-11.220,22.134,0.732,3,90
-0.7783,0.0918,-0.3560,-9.817,20.671,-1.159,3,90
-0.7988,0.0640,-0.3257,-9.817,19.390,-3.354,3,90
-0.8066,0.0483,-0.3062,-10.915,17.927,-5.549,3,90
-0.8232,0.0430,-0.2798,-12.256,17.073,-8.049,3,90
-0.8223,0.0552,-0.2637,-14.878,15.915,-10.793,3,90
-0.8149,0.0635,-0.2637,-17.744,14.573,-13.354,3,90
-3.6323,-0.0234,-0.6040,-39.329,-8.902,29.512,1,12
-3.1694,0.0293,-0.5474,-34.390,-23.476,50.610,1,12
-2.7007,0.0391,-0.4575,-22.378,-38.293,65.305,1,12
-2.3003,0.0381,-0.3721,-6.646,-48.049,69.878,1,12
-1.9956,0.0420,-0.2930,7.195,-52.317,60.854,1,12
-1.7334,0.0210,-0.2012,14.573,-51.098,40.915,1,12
-1.5371,-0.0088,-0.1333,15.122,-45.305,14.268,1,12
-1.3647,-0.0356,-0.1050,13.232,-36.951,-15.610,1,12
0.8174,0.7134,-0.0830,25.915,51.585,-29.329,2,12
0.8369,0.7329,-0.0952,27.012,50.122,-28.476,2,12
0.8501,0.7554,-0.1074,27.012,49.146,-27.683,2,12
0.8608,0.7749,-0.0991,27.622,47.927,-27.561,2,12
0.8774,0.7964,-0.1221,27.317,46.280,-27.378,2,12
0.8809,0.8237,-0.1177,26.890,45.000,-26.829,2,12
0.8843,0.8384,-0.1299,26.098,43.476,-26.829,2,12
0.8735,0.8716,-0.1387,25.000,41.463,-26.707,2,12
-1.0068,0.4512,-0.0269,-21.524,-5.061,-12.927,3,90
-1.0947,0.5132,0.0322,-21.646,-7.317,-11.524,3,90
-1.2061,0.5693,0.0542,-21.037,-9.573,-9.939,3,90
-1.3286,0.6157,0.1089,-20.122,-10.976,-7.256,3,90
-1.4565,0.6416,0.1626,-19.268,-12.195,-5.000,3,90
-1.5825,0.6201,0.1729,-17.378,-13.841,-3.354,3,90
-1.6890,0.5493,0.1519,-14.878,-14.268,-1.585,3,90
-1.7520,0.4438,0.1387,-12.134,-13.963,-0.244,3,90
-0.4141,0.0146,-0.4292,92.256,15.244,-62.378,1,12
-0.4023,-0.0586,-0.3618,108.476,27.683,-52.256,1,12
-0.3965,-0.1436,-0.2900,125.793,43.354,-43.720,1,12
-0.3740,-0.2344,-0.1694,144.512,62.012,-37.134,1,12
-0.3848,-0.3345,-0.0220,163.659,82.500,-33.232,1,12
-0.3804,-0.4443,0.1548,183.293,103.720,-32.439,1,12
-0.3354,-0.5615,0.4346,211.829,135.854,-35.671,1,12
-0.2344,-0.6221,0.6167,227.073,157.134,-39.207,1,12
0.7891,1.0088,-0.2651,-2.012,29.756,-20.488,2,12
0.7813,1.0059,-0.2910,-6.220,28.963,-19.939,2,12
0.7729,1.0024,-0.2993,-10.854,27.561,-19.695,2,12
0.7720,0.9971,-0.3208,-14.939,26.890,-19.573,2,12
0.7661,0.9863,-0.3418,-19.390,25.549,-19.329,2,12
0.7700,0.9790,-0.3540,-24.024,24.512,-19.756,2,12
0.7603,0.9780,-0.3623,-28.415,22.927,-19.939,2,12
0.7617,0.9722,-0.3931,-32.866,21.585,-20.366,2,12
-1.1069,-0.0874,-0.2905,10.976,-10.793,-11.707,3,90
-1.0654,-0.0542,-0.2983,11.646,-11.585,-11.829,3,90
-1.0332,-0.0200,-0.2983,10.610,-12.683,-12.317,3,90
-1.0044,0.0005,-0.2729,9.634,-13.659,-12.317,3,90
-0.9683,0.0298,-0.2476,8.232,-14.939,-12.195,3,90
-0.9346,0.0522,-0.2266,6.585,-16.402,-12.317,3,90
-0.9155,0.0781,-0.2085,4.695,-17.866,-12.317,3,90
-0.8984,0.1016,-0.2017,2.744,-18.902,-12.378,3,90
1.7500,-1.5728,1.9258,234.817,245.061,-152.805,1,12
2.1533,-1.7964,1.9546,230.976,238.232,-188.293,1,12
2.5034,-1.9487,2.0146,232.317,227.012,-225.488,1,12
2.6260,-2.0649,2.0601,232.256,208.963,-256.220,1,12
2.3457,-2.0430,2.1289,221.159,177.744,-266.159,1,12
1.7925,-1.7910,2.1514,194.817,126.402,-227.195,1,12
1.1768,-1.4395,2.0820,158.902,61.037,-145.671,1,12
0.8330,-1.0991,1.9033,122.256,1.890,-55.122,1,12
0.6577,1.0537,-0.5303,-70.122,5.244,-29.085,2,12
0.6465,1.0698,-0.5322,-73.963,3.598,-30.244,2,12
0.6304,1.0811,-0.5503,-77.561,1.280,-31.463,2,12
0.6201,1.1021,-0.5576,-80.427,-0.549,-32.561,2,12
0.6025,1.1025,-0.5703,-83.110,-2.805,-33.720,2,12
0.5977,1.1123,-0.5845,-85.305,-4.878,-34.817,2,12
0.5923,1.1338,-0.5967,-87.805,-6.707,-35.915,2,12
0.5850,1.1323,-0.6001,-89.268,-8.476,-37.012,2,12
-0.9302,0.2109,-0.1147,1.098,-27.622,-10.671,3,90
-0.9414,0.1812,-0.1367,1.829,-28.537,-9.817,3,90
-0.9575,0.1499,-0.1211,2.805,-28.537,-9.451,3,90
-0.9849,0.1323,-0.0576,2.561,-28.537,-9.146,3,90
-0.9854,0.1206,-0.0513,1.768,-29.329,-9.085,3,90
-0.9824,0.0903,-0.0894,0.488,-29.939,-8.963,3,90
-0.9932,0.0830,-0.0767,-1.098,-30.122,-9.207,3,90
-1.0107,0.0791,-0.0562,-4.329,-30.488,-9.390,3,90
-1.0264,0.0771,-0.0703,-6.463,-30.671,-9.878,3,90
-1.0459,0.0938,-0.0435,-7.317,-29.817,-9.878,3,90
-1.0679,0.1104,-0.0122,-7.500,-29.268,-10.122,3,90
-1.0625,0.1221,-0.0034,-8.049,-29.634,-10.488,3,90
-1.0503,0.1396,-0.0049,-8.659,-29.451,-10.793,3,90
-1.0474,0.1479,0.0093,-9.390,-29.451,-11.341,3,90
-1.0386,0.1611,0.0181,-9.695,-30.305,-11.524,3,90
-1.0317,0.1724,0.0137,-9.207,-30.122,-11.402,3,90
0.0273,-0.8784,0.8208,167.622,151.646,11.098,1,12
0.0620,-1.0068,0.9419,170.427,150.732,10.488,1,12
0.1152,-1.1484,1.0391,170.549,147.683,11.768,1,12
0.1655,-1.2720,1.1167,167.744,141.159,13.171,1,12
0.2007,-1.4009,1.1631,162.744,132.378,14.512,1,12
0.2539,-1.5293,1.2139,156.890,121.768,14.634,1,12
0.3022,-1.6431,1.2549,149.085,109.817,14.024,1,12
0.3403,-1.7446,1.2642,140.488,98.110,12.134,1,12
0.3936,1.0391,-0.5962,-64.268,-50.366,-49.390,2,12
0.3867,1.0361,-0.5942,-61.585,-51.646,-48.902,2,12
0.3872,1.0425,-0.5835,-58.841,-53.171,-47.988,2,12
0.3877,1.0435,-0.5698,-56.159,-54.573,-47.012,2,12
0.3887,1.0391,-0.5610,-53.476,-55.671,-45.305,2,12
0.3975,1.0425,-0.5576,-50.488,-56.890,-43.598,2,12
0.4004,1.0400,-0.5498,-47.927,-57.927,-41.890,2,12
0.4106,1.0337,-0.5400,-44.878,-58.780,-40.122,2,12
-1.0454,0.0908,0.0190,-4.390,-26.829,-12.744,3,90
-1.0244,0.0957,0.0391,-4.634,-27.256,-13.049,3,90
-0.9946,0.1323,0.0757,-5.549,-27.805,-12.744,3,90
-0.9858,0.1729,0.1187,-8.232,-28.232,-12.683,3,90
-0.9688,0.2002,0.1089,-12.561,-28.598,-12.256,3,90
-0.9526,0.2129,0.0908,-16.341,-28.963,-11.220,3,90
-0.9478,0.2231,0.0918,-19.695,-28.963,-10.732,3,90
-0.9448,0.2334,0.0952,-23.232,-28.720,-10.488,3,90
0.3906,-1.7769,0.9395,19.451,45.488,-25.366,1,12
0.3730,-1.7109,0.9150,7.012,44.329,-29.390,1,12
0.3687,-1.6401,0.8970,-4.390,43.171,-33.232,1,12
0.3608,-1.5625,0.8716,-14.268,42.134,-36.280,1,12
0.3457,-1.4805,0.8491,-22.866,40.305,-39.329,1,12
0.3384,-1.4097,0.8271,-29.268,37.866,-40.366,1,12
0.3320,-1.3442,0.8169,-34.146,35.183,-40.671,1,12
0.3330,-1.2935,0.7891,-36.463,32.805,-39.878,1,12
0.3145,-1.2183,0.7686,-37.012,29.268,-38.659,1,12
0.3027,-1.1997,0.7661,-37.439,27.683,-38.293,1,12
0.2944,-1.1548,0.7437,-36.037,25.427,-37.500,1,12
0.2871,-1.1265,0.7280,-34.024,23.354,-37.012,1,12
0.2773,-1.0972,0.7153,-31.280,20.915,-36.951,1,12
0.2705,-1.0679,0.6880,-25.366,18.232,-36.890,1,12
0.2593,-1.0405,0.6714,-21.280,15.976,-37.317,1,12
0.2480,-1.0308,0.6567,-16.280,14.573,-37.256,1,12
0.4512,0.7671,-0.3345,6.341,-80.305,-18.902,2,12
0.4526,0.7588,-0.3296,7.195,-80.610,-17.744,2,12
0.4507,0.7480,-0.3223,7.805,-81.037,-17.073,2,12
0.4370,0.7456,-0.2949,7.744,-81.220,-16.159,2,12
0.4307,0.7559,-0.2896,7.683,-81.037,-15.671,2,12
0.4224,0.7412,-0.2769,6.585,-81.159,-14.756,2,12
0.4214,0.7285,-0.2788,5.793,-80.976,-13.963,2,12
0.4102,0.7266,-0.2686,5.000,-81.220,-13.049,2,12
-0.8936,0.3931,0.1255,12.744,-24.878,-0.976,3,90
-0.8784,0.3872,0.0889,15.671,-25.183,0.061,3,90
-0.8721,0.3701,0.1030,17.744,-25.122,0.854,3,90
-0.8804,0.3525,0.1216,18.659,-24.695,1.098,3,90
-0.8804,0.3389,0.1108,19.329,-24.634,1.646,3,90
-0.8965,0.3125,0.1157,21.280,-24.146,2.134,3,90
-0.9043,0.3066,0.1270,22.988,-24.634,2.439,3,90
-0.9009,0.2969,0.1265,22.439,-25.305,2.439,3,90
0.1934,-0.9375,0.5801,31.585,7.561,-37.866,1,12
0.1948,-0.9302,0.5747,35.549,7.439,-37.317,1,12
0.2056,-0.9287,0.5566,38.476,7.622,-36.402,1,12
0.2119,-0.9292,0.5425,41.463,8.110,-35.244,1,12
0.2246,-0.9360,0.5254,43.171,8.598,-34.329,1,12
0.2354,-0.9429,0.5220,44.817,8.902,-33.354,1,12
0.2539,-0.9497,0.5127,46.220,9.512,-32.561,1,12
0.2593,-0.9531,0.5161,46.524,9.756,-31.707,1,12
0.2715,-0.9565,0.4980,46.341,10.122,-30.915,1,12
0.2803,-0.9673,0.4956,45.122,10.244,-29.878,1,12
0.2969,-0.9756,0.4800,43.720,9.695,-28.780,1,12
0.3081,-0.9893,0.4604,41.341,8.720,-27.866,1,12
0.3271,-0.9990,0.4473,38.963,7.988,-27.012,1,12
0.3398,-1.0112,0.4277,35.793,6.829,-26.220,1,12
0.3477,-1.0200,0.4126,32.500,5.854,-25.427,1,12
0.3516,-1.0283,0.4014,29.451,4.390,-24.878,1,12
-0.9121,0.2402,0.0278,20.549,-23.110,5.732,3,90
-0.9087,0.2339,0.0298,23.171,-22.012,5.793,3,90
-0.9048,0.2412,0.0337,24.634,-21.707,6.037,3,90
-0.8911,0.2388,0.0127,26.524,-21.341,6.098,3,90
-0.8750,0.2275,-0.0161,28.293,-20.488,6.220,3,90
-0.8735,0.2251,-0.0146,30.061,-20.183,6.341,3,90
-0.8667,0.2290,-0.0264,32.256,-19.878,6.585,3,90
-0.8564,0.2305,-0.0474,34.085,-19.146,6.585,3,90
0.3550,-1.0337,0.3838,26.037,3.110,-24.207,1,12
0.3545,-1.0474,0.3779,22.500,2.683,-23.720,1,12
0.3574,-1.0454,0.3672,19.207,2.012,-23.110,1,12
0.3535,-1.0498,0.3540,15.244,1.829,-22.622,1,12
0.3491,-1.0464,0.3359,9.085,2.561,-21.707,1,12
0.3530,-1.0518,0.3271,4.878,2.317,-21.159,1,12
0.3521,-1.0449,0.3159,0.793,2.988,-20.610,1,12
0.3486,-1.0479,0.2915,-3.598,3.354,-20.244,1,12
0.3687,0.7134,-0.2153,1.463,-79.268,10.061,2,12
0.3784,0.7192,-0.2134,0.732,-79.024,10.732,2,12
0.3706,0.7144,-0.2148,0.488,-78.720,11.159,2,12
0.3735,0.7241,-0.2100,0.366,-78.171,12.439,2,12
0.3735,0.7129,-0.2139,-0.549,-77.744,13.293,2,12
0.3799,0.7217,-0.2144,-0.488,-77.195,14.390,2,12
0.3770,0.7183,-0.2114,-0.915,-76.707,15.549,2,12
0.3833,0.7236,-0.2070,-1.829,-76.037,16.890,2,12
-0.9038,0.1880,0.0723,51.402,-15.610,10.976,3,90
-0.9082,0.1812,0.0835,51.646,-14.634,11.220,3,90
-0.9102,0.1758,0.0693,52.439,-14.024,11.646,3,90
-0.9121,0.1685,0.0625,52.744,-13.049,11.768,3,90
-0.9224,0.1621,0.0601,52.195,-12.561,11.829,3,90
-0.9355,0.1704,0.0386,52.073,-11.829,11.524,3,90
-0.9380,0.1694,0.0566,51.220,-11.037,11.280,3,90
-0.9497,0.1670,0.0698,50.793,-10.244,11.098,3,90
0.3071,-1.0317,0.3501,-40.122,14.939,-24.024,1,12
0.3252,-1.0283,0.3564,-46.159,17.195,-25.549,1,12
0.3418,-1.0298,0.3467,-52.500,19.146,-27.317,1,12
0.3691,-1.0298,0.3423,-57.500,20.366,-28.659,1,12
0.3857,-1.0352,0.3335,-62.500,21.098,-29.878,1,12
0.3960,-1.0366,0.3340,-66.280,21.768,-30.854,1,12
0.4067,-1.0278,0.3281,-69.512,21.768,-32.317,1,12
0.4136,-1.0278,0.3281,-72.073,21.890,-32.988,1,12
0.3994,0.7710,-0.2256,0.732,-69.207,23.415,2,12
0.3994,0.7808,-0.2339,1.646,-68.476,24.390,2,12
0.3911,0.7915,-0.2393,2.134,-67.378,25.061,2,12
0.3892,0.7969,-0.2373,3.171,-66.159,25.915,2,12
0.3872,0.8096,-0.2480,3.720,-65.000,26.768,2,12
0.3799,0.8193,-0.2402,4.756,-63.963,27.927,2,12
0.3774,0.8267,-0.2441,6.159,-62.988,28.780,2,12
0.3823,0.8359,-0.2524,7.622,-61.890,29.573,2,12
-0.9604,0.2339,0.1021,33.598,-9.207,10.854,3,90
-0.9722,0.2339,0.1104,32.439,-9.329,10.488,3,90
-0.9805,0.2388,0.0942,30.610,-9.268,10.061,3,90
-0.9829,0.2217,0.0786,29.085,-9.634,10.000,3,90
-0.9868,0.2129,0.0737,28.963,-9.634,9.573,3,90
-0.9854,0.2012,0.0596,28.902,-9.573,9.512,3,90
-0.9814,0.1748,0.0361,29.146,-9.451,9.329,3,90
-0.9805,0.1558,0.0059,30.793,-9.024,8.902,3,90
0.3872,-0.8965,0.3599,-78.659,36.402,-41.098,1,12
0.3853,-0.8730,0.3730,-78.720,39.329,-41.402,1,12
0.3916,-0.8545,0.3779,-78.841,42.195,-41.585,1,12
0.3994,-0.8335,0.3618,-78.780,45.122,-41.524,1,12
0.4121,-0.8110,0.3682,-78.659,47.561,-41.402,1,12
0.4204,-0.7979,0.3604,-77.500,49.268,-41.037,1,12
0.4277,-0.7847,0.3638,-76.768,50.427,-40.671,1,12
0.4395,-0.7773,0.3516,-76.098,51.646,-40.732,1,12
0.3701,0.8740,-0.2539,14.390,-51.646,40.549,2,12
0.3706,0.8745,-0.2524,14.329,-50.854,41.829,2,12
0.3745,0.8799,-0.2612,14.085,-49.573,43.171,2,12
0.3672,0.8843,-0.2529,13.963,-48.415,44.451,2,12
0.3740,0.8877,-0.2520,13.780,-47.073,45.793,2,12
0.3691,0.8892,-0.2539,12.805,-45.732,47.073,2,12
0.3647,0.8940,-0.2568,12.195,-44.268,48.110,2,12
0.3701,0.8960,-0.2544,11.402,-43.537,49.268,2,12
-0.9189,0.0283,-0.0493,22.500,-8.049,4.024,3,90
-0.9302,0.0015,-0.0366,18.963,-7.744,3.415,3,90
-0.9229,-0.0024,-0.0420,15.000,-7.988,2.744,3,90
-0.9189,0.0020,-0.0503,10.854,-8.598,1.402,3,90
-0.9126,0.0044,-0.0581,6.524,-8.902,0.122,3,90
-0.9102,0.0122,-0.0635,2.073,-9.146,-0.854,3,90
-0.9053,0.0049,-0.0444,-3.049,-9.817,-1.646,3,90
-0.9092,0.0269,-0.0420,-7.134,-9.390,-3.171,3,90
0.4634,-0.7417,0.3018,-57.561,67.378,-41.585,1,12
0.4658,-0.7319,0.3169,-54.756,69.451,-41.707,1,12
0.4644,-0.7280,0.3281,-52.134,71.707,-41.524,1,12
0.4648,-0.7202,0.3428,-49.329,73.171,-41.098,1,12
0.4736,-0.7197,0.3550,-46.768,75.122,-40.610,1,12
0.4746,-0.7261,0.3667,-43.902,76.585,-40.305,1,12
0.4795,-0.7236,0.3794,-41.646,78.171,-39.634,1,12
0.4844,-0.7227,0.4038,-39.451,79.329,-38.902,1,12
0.3579,0.9810,-0.3052,8.963,-33.171,58.780,2,12
0.3560,0.9902,-0.3218,8.902,-32.500,59.695,2,12
0.3428,1.0103,-0.3184,8.598,-31.524,60.244,2,12
0.3389,1.0254,-0.3203,8.476,-30.549,60.915,2,12
0.3359,1.0327,-0.3223,7.866,-29.817,61.524,2,12
0.3247,1.0488,-0.3394,7.927,-29.146,62.439,2,12
0.3276,1.0620,-0.3403,8.049,-28.293,62.866,2,12
0.3115,1.0718,-0.3516,8.110,-27.622,63.659,2,12
-0.9038,0.1094,-0.0605,-19.390,-11.768,-10.549,3,90
-0.9097,0.1367,-0.0469,-20.976,-12.317,-11.646,3,90
-0.9082,0.1514,-0.0352,-22.988,-12.439,-12.683,3,90
-0.9087,0.1577,-0.0342,-24.756,-12.927,-13.537,3,90
-0.8999,0.1772,-0.0293,-26.463,-13.354,-14.634,3,90
-0.9019,0.1870,-0.0205,-28.232,-13.780,-15.366,3,90
-0.9155,0.2134,-0.0015,-30.610,-14.146,-16.280,3,90
-0.9209,0.2334,0.0044,-31.951,-14.695,-17.256,3,90
-0.9277,0.2588,0.0210,-32.561,-15.000,-17.988,3,90
-0.9380,0.2803,0.0288,-32.439,-15.793,-18.659,3,90
-0.9365,0.2915,0.0444,-32.317,-16.098,-19.024,3,90
-0.9321,0.3008,0.0522,-32.073,-16.524,-19.390,3,90
-0.9268,0.2988,0.0659,-31.037,-16.890,-19.390,3,90
-0.9282,0.3022,0.0757,-29.329,-16.402,-19.695,3,90
-0.9282,0.3062,0.0859,-27.683,-16.220,-19.756,3,90
-0.9263,0.3115,0.0967,-24.390,-15.915,-20.122,3,90
0.6274,-0.7544,0.4624,-41.037,87.988,-26.524,1,12
0.6382,-0.7568,0.4502,-42.500,88.049,-25.671,1,12
0.6445,-0.7549,0.4351,-44.512,87.927,-24.634,1,12
0.6611,-0.7534,0.4229,-46.098,88.110,-23.720,1,12
0.6606,-0.7520,0.4258,-47.744,88.171,-22.378,1,12
0.6650,-0.7529,0.4312,-48.780,88.110,-21.402,1,12
0.6714,-0.7500,0.4370,-49.695,88.598,-19.939,1,12
0.6812,-0.7456,0.4492,-51.098,89.207,-18.780,1,12
0.0996,1.2036,-0.4644,24.085,-18.171,71.890,2,12
0.0903,1.2002,-0.4702,25.305,-17.744,72.378,2,12
0.0737,1.2002,-0.4766,26.402,-17.622,72.805,2,12
0.0752,1.1938,-0.4771,27.256,-17.134,73.110,2,12
0.0566,1.1904,-0.4805,27.927,-16.341,73.537,2,12
0.0498,1.1787,-0.4795,28.659,-15.793,74.146,2,12
0.0469,1.1802,-0.4868,29.451,-15.122,74.573,2,12
0.0332,1.1694,-0.4868,30.305,-14.268,75.122,2,12
-0.9312,0.3125,0.1387,-13.841,-16.829,-17.195,3,90
-0.9429,0.2983,0.1445,-13.354,-16.585,-17.622,3,90
-0.9351,0.2886,0.1343,-13.293,-16.585,-17.378,3,90
-0.9429,0.2793,0.1245,-12.683,-16.707,-17.073,3,90
-0.9614,0.2661,0.1353,-12.866,-16.951,-17.012,3,90
-0.9639,0.2588,0.1367,-13.049,-17.012,-17.073,3,90
-0.9644,0.2529,0.1323,-12.988,-16.890,-16.768,3,90
-0.9766,0.2485,0.1245,-12.378,-17.134,-17.073,3,90
0.7183,-0.7271,0.5298,-56.159,82.439,-8.598,1,12
0.7231,-0.7295,0.5361,-55.610,80.793,-7.500,1,12
0.7339,-0.7197,0.5332,-55.305,79.146,-6.463,1,12
0.7378,-0.7158,0.5464,-55.061,77.683,-4.695,1,12
0.7441,-0.7178,0.5566,-54.512,75.915,-3.902,1,12
0.7495,-0.7075,0.5566,-53.963,74.512,-2.500,1,12
0.7500,-0.7065,0.5605,-53.598,73.049,-1.220,1,12
0.7637,-0.7109,0.5640,-53.110,70.976,0.854,1,12
0.0029,1.1118,-0.5200,33.354,-8.537,77.744,2,12
0.0049,1.1040,-0.5244,33.659,-8.415,77.561,2,12
0.0156,1.0938,-0.5225,33.232,-8.232,77.439,2,12
0.0166,1.0820,-0.5234,34.085,-7.927,77.195,2,12
0.0205,1.0806,-0.5234,34.634,-7.561,77.317,2,12
0.0210,1.0767,-0.5244,35.732,-7.256,77.256,2,12
0.0239,1.0732,-0.5244,37.134,-6.707,76.829,2,12
0.0435,1.0654,-0.5313,38.232,-6.402,76.585,2,12
-0.9736,0.1021,0.0703,-4.451,-15.915,-15.610,3,90
-0.9644,0.0825,0.0757,-5.305,-15.610,-15.244,3,90
-0.9658,0.0649,0.0859,-5.976,-15.183,-14.939,3,90
-0.9692,0.0557,0.0713,-7.500,-15.061,-14.817,3,90
-0.9639,0.0498,0.0742,-8.720,-14.451,-14.512,3,90
-0.9536,0.0405,0.0708,-10.549,-14.329,-14.024,3,90
-0.9609,0.0288,0.0610,-12.134,-13.598,-13.780,3,90
-0.9487,0.0171,0.0596,-13.841,-13.293,-13.049,3,90
0.8379,-0.7729,0.5664,-44.878,51.951,15.488,1,12
0.8389,-0.7891,0.5571,-44.207,49.695,16.524,1,12
0.8398,-0.8062,0.5527,-43.476,47.622,17.561,1,12
0.8555,-0.8174,0.5352,-42.805,45.427,18.476,1,12
0.8706,-0.8281,0.5073,-42.378,43.171,19.390,1,12
0.8701,-0.8413,0.4990,-41.951,40.671,20.305,1,12
0.8789,-0.8452,0.4814,-41.037,38.415,21.220,1,12
0.8979,-0.8525,0.4634,-41.037,36.220,22.256,1,12
0.1191,1.0337,-0.5522,55.671,-2.134,73.598,2,12
0.1245,1.0342,-0.5537,58.354,-1.646,73.110,2,12
0.1362,1.0405,-0.5601,61.951,-0.793,72.744,2,12
0.1392,1.0459,-0.5605,65.366,-0.183,72.500,2,12
0.1465,1.0454,-0.5674,68.720,0.488,71.951,2,12
0.1489,1.0469,-0.5664,71.341,1.037,71.098,2,12
0.1597,1.0488,-0.5669,74.756,1.829,70.854,2,12
0.1606,1.0581,-0.5688,78.232,2.500,70.366,2,12
-0.9336,-0.0210,0.0479,-25.183,-7.439,-8.598,3,90
-0.9453,-0.0220,0.0615,-26.280,-6.646,-7.439,3,90
-0.9453,-0.0210,0.0659,-27.378,-6.341,-6.707,3,90
-0.9443,-0.0146,0.0610,-30.000,-5.549,-6.280,3,90
-0.9546,-0.0190,0.0566,-32.256,-5.427,-6.220,3,90
-0.9521,-0.0142,0.0640,-35.671,-5.183,-5.915,3,90
-0.9556,-0.0112,0.0552,-39.268,-5.000,-6.159,3,90
-0.9463,-0.0049,0.0469,-42.500,-4.817,-6.524,3,90
0.9263,-0.8638,0.3828,-38.049,16.890,34.085,1,12
0.9331,-0.8662,0.3862,-37.805,14.817,35.244,1,12
0.9487,-0.8696,0.3867,-37.012,11.951,36.159,1,12
0.9565,-0.8750,0.3877,-35.854,9.390,36.646,1,12
0.9634,-0.8833,0.4048,-35.305,6.280,37.012,1,12
0.9805,-0.8872,0.3984,-34.756,3.354,37.744,1,12
0.9917,-0.8916,0.4053,-33.841,0.000,37.988,1,12
0.9990,-0.8975,0.4141,-33.902,-3.598,38.049,1,12
0.2183,1.0347,-0.5400,108.232,9.024,67.927,2,12
0.2251,1.0225,-0.5391,111.159,9.817,67.744,2,12
0.2300,1.0098,-0.5337,113.232,10.793,66.890,2,12
0.2358,0.9917,-0.5396,115.305,11.646,66.890,2,12
0.2412,0.9722,-0.5479,116.890,12.866,66.402,2,12
0.2480,0.9585,-0.5381,118.598,13.902,66.098,2,12
0.2461,0.9409,-0.5420,120.122,15.366,65.305,2,12
0.2451,0.9248,-0.5488,121.646,16.707,64.817,2,12
-0.9526,0.0620,0.0620,-58.415,-2.256,-6.585,3,90
-0.9424,0.0723,0.0527,-59.268,-2.256,-6.341,3,90
-0.9326,0.0635,0.0615,-61.341,-2.317,-6.463,3,90
-0.9375,0.0811,0.0967,-62.073,-2.073,-6.524,3,90
-0.9678,0.1123,0.1221,-61.402,-1.463,-6.463,3,90
-0.9800,0.1421,0.0835,-61.280,-1.463,-6.585,3,90
-0.9883,0.1279,0.0679,-60.671,-1.098,-6.646,3,90
-0.9966,0.1255,0.0771,-58.841,-0.244,-6.524,3,90
1.1392,-0.9312,0.4121,-38.293,-38.659,39.817,1,12
1.1582,-0.9395,0.4111,-37.622,-42.439,40.061,1,12
1.1753,-0.9346,0.4160,-37.744,-45.915,40.549,1,12
1.1841,-0.9253,0.4224,-37.805,-48.902,41.341,1,12
1.2104,-0.9258,0.4238,-38.232,-52.805,41.951,1,12
1.2178,-0.9243,0.4102,-38.415,-56.037,42.439,1,12
1.2354,-0.9272,0.4023,-39.146,-59.939,43.232,1,12
1.2622,-0.9238,0.3667,-39.817,-63.780,43.720,1,12
0.2642,0.8555,-0.5610,127.134,29.756,59.451,2,12
0.2705,0.8481,-0.5596,126.951,31.220,58.598,2,12
0.2632,0.8428,-0.5518,127.256,32.744,58.232,2,12
0.2686,0.8408,-0.5513,126.707,34.085,57.683,2,12
0.2627,0.8267,-0.5415,126.402,35.854,56.524,2,12
0.2622,0.8242,-0.5430,126.159,37.317,56.341,2,12
0.2676,0.8232,-0.5293,126.280,38.902,55.305,2,12
0.2568,0.8154,-0.5269,125.732,39.878,54.390,2,12
-0.9863,0.1685,0.1621,-45.305,4.817,-4.756,3,90
-0.9849,0.1704,0.1641,-45.000,4.756,-4.634,3,90
-0.9746,0.1729,0.1670,-44.146,5.183,-3.720,3,90
-0.9697,0.1821,0.1807,-43.354,5.549,-3.476,3,90
-0.9722,0.1890,0.1836,-43.476,5.793,-3.354,3,90
-0.9756,0.1978,0.2012,-44.451,6.280,-3.415,3,90
-0.9800,0.2041,0.1973,-45.244,6.768,-3.720,3,90
-0.9785,0.2070,0.1987,-46.707,6.646,-3.841,3,90
1.3940,-0.8804,0.3130,-41.524,-94.939,42.561,1,12
1.4194,-0.8662,0.3301,-41.646,-98.720,41.220,1,12
1.4360,-0.8438,0.3477,-41.524,-102.378,39.878,1,12
1.4565,-0.8184,0.3647,-40.854,-105.671,38.537,1,12
1.4790,-0.7842,0.3789,-40.671,-109.268,37.073,1,12
1.5112,-0.7563,0.3984,-40.122,-113.537,35.305,1,12
1.5479,-0.7222,0.4126,-39.573,-116.951,33.476,1,12
1.5742,-0.6855,0.4336,-39.329,-121.037,31.646,1,12
0.2749,0.7090,-0.4619,129.207,47.500,44.024,2,12
0.2617,0.6929,-0.4629,129.573,47.256,42.622,2,12
0.2627,0.6782,-0.4673,130.061,47.500,40.976,2,12
0.2505,0.6548,-0.4629,130.183,47.744,39.207,2,12
0.2515,0.6304,-0.4570,130.976,47.805,37.317,2,12
0.2407,0.6206,-0.4668,131.829,48.232,35.488,2,12
0.2314,0.6001,-0.4810,133.354,48.780,33.780,2,12
0.2202,0.5840,-0.4858,134.146,49.268,32.012,2,12
-0.9819,0.2964,0.2168,-48.902,8.780,-4.634,3,90
-0.9668,0.3096,0.2236,-47.744,9.085,-4.451,3,90
-0.9683,0.3081,0.2168,-46.585,9.634,-4.512,3,90
-0.9741,0.3096,0.2163,-44.390,9.756,-4.085,3,90
-0.9722,0.3154,0.2139,-42.378,9.817,-3.841,3,90
-0.9746,0.3159,0.1968,-39.878,10.549,-3.415,3,90
-0.9722,0.3164,0.1934,-36.646,10.854,-3.354,3,90
-0.9722,0.3145,0.1782,-33.232,11.463,-2.744,3,90
2.0928,-0.3296,0.6191,-23.963,-158.354,17.073,1,12
2.1436,-0.2925,0.6353,-22.012,-163.293,17.073,1,12
2.1963,-0.2515,0.6504,-20.366,-169.085,17.134,1,12
2.2485,-0.2207,0.6685,-18.110,-175.061,16.707,1,12
2.3008,-0.1890,0.6963,-15.854,-180.671,15.976,1,12
2.3501,-0.1558,0.7173,-13.293,-187.256,14.268,1,12
2.3965,-0.1196,0.7480,-10.183,-193.537,12.317,1,12
2.4448,-0.0791,0.7754,-7.317,-200.183,9.451,1,12
0.1582,0.4087,-0.5034,136.037,55.305,12.561,2,12
0.1504,0.3862,-0.5054,135.549,55.793,10.488,2,12
0.1470,0.3613,-0.5068,135.000,56.524,8.049,2,12
0.1401,0.3398,-0.5005,134.390,57.195,6.159,2,12
0.1450,0.3184,-0.5010,133.902,57.561,4.085,2,12
0.1445,0.2969,-0.4932,133.354,58.232,2.134,2,12
0.1484,0.2832,-0.4893,132.378,58.598,0.061,2,12
0.1396,0.2583,-0.4897,130.854,59.024,-1.524,2,12
-0.9214,0.2515,0.1157,-1.951,18.476,1.341,3,90
-0.9238,0.2529,0.1172,0.854,19.573,1.707,3,90
-0.9199,0.2476,0.1030,3.841,20.732,2.378,3,90
-0.9092,0.2402,0.0981,7.073,22.134,2.988,3,90
-0.9072,0.2441,0.0908,10.122,23.171,3.476,3,90
-0.9077,0.2393,0.0879,12.683,24.390,4.512,3,90
-0.9043,0.2466,0.0938,15.732,25.366,4.573,3,90
-0.8950,0.2480,0.0962,19.024,26.768,5.610,3,90
2.7246,0.3682,1.0166,6.402,-264.268,-11.951,1,12
2.7847,0.4556,1.0137,7.256,-270.671,-14.756,1,12
2.8442,0.5498,1.0391,8.049,-276.280,-18.171,1,12
2.8711,0.6597,1.0728,9.451,-281.463,-21.463,1,12
2.8994,0.7690,1.1069,10.793,-285.671,-24.634,1,12
2.9194,0.8604,1.1284,12.195,-289.268,-27.195,1,12
2.9487,0.9531,1.1460,13.963,-293.232,-29.573,1,12
2.9595,1.0493,1.1606,14.939,-297.439,-30.732,1,12
0.1704,0.1045,-0.3618,107.195,61.098,-15.549,2,12
0.1812,0.0811,-0.3501,104.390,61.280,-16.707,2,12
0.1865,0.0786,-0.3354,102.988,61.159,-17.317,2,12
0.2017,0.0635,-0.3257,100.427,61.280,-18.902,2,12
0.2173,0.0464,-0.3032,97.500,60.976,-19.878,2,12
0.2324,0.0313,-0.2881,94.878,61.220,-21.220,2,12
0.2466,0.0190,-0.2720,91.768,60.671,-22.500,2,12
0.2705,0.0059,-0.2534,88.232,60.549,-23.659,2,12
-0.8447,0.2559,0.1787,33.415,38.232,13.354,3,90
-0.8438,0.2764,0.1982,33.598,38.902,14.207,3,90
-0.8408,0.2856,0.2051,34.268,39.939,15.305,3,90
-0.8315,0.3086,0.2007,35.000,40.976,16.037,3,90
-0.8291,0.3252,0.2051,36.280,41.951,17.256,3,90
-0.8184,0.3311,0.1875,38.537,43.049,18.293,3,90
-0.8193,0.3408,0.1865,40.793,44.207,19.146,3,90
-0.8013,0.3423,0.1665,43.171,44.634,20.122,3,90
2.6763,1.1748,1.3936,14.207,-296.768,32.805,1,12
2.6396,1.1094,1.3457,0.061,-295.427,44.878,1,12
2.6001,1.0347,1.3188,-17.195,-293.171,57.256,1,12
2.5576,0.9854,1.2939,-33.963,-290.061,68.902,1,12
2.5220,0.9707,1.2646,-51.768,-286.402,80.488,1,12
2.4873,0.9805,1.2139,-71.341,-282.866,91.463,1,12
3.1436,1.1421,0.6416,-96.768,-280.305,94.634,1,12
2.8564,-0.7061,-2.4375,-128.171,-287.866,86.220,1,12
0.4702,-0.1045,-0.0947,52.317,54.878,-30.061,2,12
0.4863,-0.1094,-0.1035,49.146,54.146,-30.000,2,12
0.5098,-0.1118,-0.0718,45.671,52.988,-30.183,2,12
0.5361,-0.1128,-0.0386,41.890,51.829,-30.427,2,12
0.5439,-0.1138,-0.0127,37.256,51.159,-30.549,2,12
0.5576,-0.1216,0.0190,32.012,50.305,-30.488,2,12
0.5571,-0.1211,0.0273,27.805,49.390,-30.976,2,12
0.5566,-0.1230,0.0601,23.659,48.110,-31.829,2,12
-0.7622,0.3013,0.2090,59.329,50.488,20.915,3,90
-0.7700,0.2998,0.2056,52.927,51.098,20.061,3,90
-0.7729,0.2783,0.1914,47.195,51.037,19.207,3,90
-0.7690,0.2568,0.1650,43.232,51.280,18.780,3,90
-0.7646,0.2329,0.1450,40.244,50.915,18.171,3,90
-0.7510,0.2295,0.1372,37.866,50.671,17.866,3,90
-0.7568,0.2441,0.1460,37.256,50.671,17.866,3,90
-0.7573,0.2583,0.1592,37.805,50.549,17.866,3,90
0.7861,-1.9409,1.1465,-129.390,-1459.451,477.012,1,12
-2.2046,-0.0620,4.7354,-232.073,-917.805,155.061,1,12
0.5635,0.4922,6.8657,-173.537,-500.610,89.390,1,12
-4.2241,-0.3306,5.9990,-281.585,-208.232,-84.512,1,12
-2.0337,-2.5366,3.2930,-230.183,-120.610,-160.549,1,12
-1.0796,-2.3662,4.6157,-129.634,-86.280,-163.476,1,12
-2.4756,-2.8096,5.2207,-60.366,-14.512,-152.561,1,12
-1.6460,-1.4712,2.7725,-27.378,20.671,-138.963,1,12
0.3921,-0.2676,0.2451,-21.098,32.134,-40.610,2,12
0.3979,-0.2876,0.2324,-23.659,30.793,-41.768,2,12
0.4111,-0.2944,0.2231,-26.098,30.061,-42.561,2,12
0.4268,-0.3203,0.2104,-28.232,29.634,-43.598,2,12
0.4482,-0.3281,0.2026,-29.390,29.390,-45.000,2,12
0.4800,-0.3374,0.1714,-30.427,28.780,-45.915,2,12
0.5122,-0.3335,0.1567,-30.915,28.720,-47.012,2,12
0.5576,-0.3359,0.1318,-30.976,28.415,-48.049,2,12
-0.7256,0.1929,0.0146,36.463,37.561,29.695,3,90
-0.7568,0.2017,-0.0659,30.122,33.902,29.817,3,90
-0.7979,0.2134,-0.1558,22.317,31.220,28.293,3,90
-0.8481,0.2319,-0.2505,13.049,28.537,26.646,3,90
-0.9272,0.2222,-0.3018,4.634,26.220,23.598,3,90
-0.9883,0.1919,-0.3203,-0.122,24.024,20.427,3,90
-1.0391,0.1489,-0.3467,-1.159,21.768,17.500,3,90
-1.0713,0.0991,-0.3862,-0.549,19.085,15.122,3,90
-0.8276,0.7075,1.8071,-35.061,144.939,-200.427,1,12
-1.0991,0.8560,1.7251,-40.244,144.390,-192.683,1,12
-1.4063,0.8628,1.6162,-57.866,147.805,-187.195,1,12
-1.5098,0.8955,1.5908,-77.012,159.146,-186.524,1,12
-1.4360,0.8794,1.5186,-99.024,174.451,-186.159,1,12
-1.0679,0.9009,1.4429,-116.098,192.439,-187.012,1,12
-0.9126,0.8179,1.3179,-137.073,210.854,-182.012,1,12
-0.8125,0.6851,1.0806,-154.390,235.427,-178.476,1,12
0.8081,-0.0732,-0.0869,-22.866,20.732,-48.780,2,12
0.7954,-0.0352,-0.1162,-20.122,19.024,-48.598,2,12
0.7705,-0.0015,-0.1484,-17.866,16.890,-48.963,2,12
0.7505,0.0391,-0.1650,-16.098,15.305,-48.902,2,12
0.7295,0.0698,-0.1895,-14.207,13.293,-48.902,2,12
0.7090,0.0986,-0.2202,-12.500,11.159,-48.720,2,12
0.6826,0.1123,-0.2427,-10.854,9.573,-48.354,2,12
0.6665,0.1318,-0.2676,-9.451,8.110,-48.293,2,12
-0.7690,-0.1040,-0.3022,-9.085,-0.488,-4.451,3,90
-0.7417,-0.1094,-0.2910,-10.793,-2.073,-5.427,3,90
-0.7373,-0.1045,-0.2949,-11.646,-3.902,-6.037,3,90
-0.7358,-0.1040,-0.3174,-11.951,-5.000,-5.976,3,90
-0.7349,-0.1035,-0.3320,-11.037,-6.098,-5.976,3,90
-0.7378,-0.0977,-0.3579,-9.390,-7.134,-6.037,3,90
-0.7354,-0.0889,-0.3887,-6.951,-7.927,-6.098,3,90
-0.7500,-0.0903,-0.4502,-3.293,-8.049,-6.402,3,90
-0.4556,-0.3374,-0.0127,-37.561,313.415,-39.024,1,12
-0.4282,-0.5083,0.0737,-3.232,289.390,-37.500,1,12
-0.4316,-0.6543,0.2339,43.171,252.988,-35.488,1,12
-0.4102,-0.7695,0.3989,77.622,210.488,-37.256,1,12
-0.3657,-0.8745,0.5352,98.720,166.707,-41.159,1,12
-0.3003,-0.9766,0.6509,111.829,126.220,-46.280,1,12
-0.2183,-1.0933,0.6865,116.524,91.463,-51.463,1,12
-0.0811,-1.2700,0.6689,115.610,54.390,-58.780,1,12
0.7153,0.1152,-0.3252,-25.366,1.159,-44.634,2,12
0.7461,0.1152,-0.3203,-29.756,0.549,-44.878,2,12
0.7646,0.1250,-0.3247,-34.878,-0.183,-45.732,2,12
0.7827,0.1416,-0.3433,-40.061,-0.976,-46.341,2,12
0.7896,0.1616,-0.3496,-45.854,-1.890,-47.134,2,12
0.7979,0.1841,-0.3525,-52.073,-2.378,-48.232,2,12
0.7979,0.2178,-0.3701,-58.537,-3.780,-49.329,2,12
0.7915,0.2393,-0.3921,-65.366,-4.939,-50.610,2,12
-1.0181,0.2217,0.1523,31.037,-17.195,-0.915,3,90
-1.1938,0.3501,0.2119,25.427,-19.451,2.195,3,90
-1.3999,0.4995,0.3472,21.098,-20.549,6.037,3,90
-1.5991,0.6255,0.4761,17.439,-22.256,10.427,3,90
-1.7729,0.6855,0.4839,17.012,-24.756,15.488,3,90
-1.9243,0.6938,0.4478,17.195,-25.549,20.000,3,90
-2.0439,0.6172,0.4531,17.683,-24.756,23.476,3,90
-2.0825,0.4512,0.3828,19.756,-23.232,24.085,3,90
0.6230,-2.1113,0.0073,54.695,81.037,-68.598,1,12
0.6245,-2.0732,0.0161,51.159,84.634,-64.024,1,12
0.6387,-2.0054,-0.0005,47.805,87.317,-59.939,1,12
0.6699,-1.9370,-0.0542,42.317,89.085,-58.354,1,12
0.7163,-1.8438,-0.1025,36.524,88.902,-60.549,1,12
0.7817,-1.7422,-0.1450,29.573,86.646,-66.159,1,12
0.8677,-1.6313,-0.1655,21.463,82.805,-74.085,1,12
0.9302,-1.5283,-0.1802,13.415,77.988,-82.439,1,12
0.7070,0.4956,-0.5220,-125.732,-14.268,-64.207,2,12
0.7017,0.5181,-0.5361,-131.585,-15.122,-66.524,2,12
0.7070,0.5449,-0.5356,-136.646,-15.915,-68.415,2,12
0.6992,0.5664,-0.5483,-141.159,-16.890,-70.793,2,12
0.7119,0.5957,-0.5596,-145.244,-17.683,-72.805,2,12
0.7183,0.6172,-0.5645,-148.598,-18.780,-75.183,2,12
0.7129,0.6567,-0.5732,-151.524,-19.512,-77.195,2,12
0.7129,0.6885,-0.5776,-154.268,-20.671,-78.963,2,12
-1.0327,0.1040,-0.1025,43.415,-10.488,-9.329,3,90
-1.0200,0.1333,-0.0859,41.707,-10.854,-7.134,3,90
-1.0049,0.1499,-0.0708,40.244,-11.037,-6.037,3,90
-0.9741,0.1514,-0.0718,39.756,-11.951,-5.305,3,90
-0.9331,0.1602,-0.0649,39.451,-12.317,-5.549,3,90
-0.9185,0.1729,-0.0586,39.390,-13.110,-5.915,3,90
-0.9028,0.2041,-0.0581,39.817,-13.476,-6.463,3,90
-0.8887,0.2295,-0.0518,40.427,-14.451,-7.134,3,90
0.6436,-0.9146,-0.1416,-29.146,60.732,-48.293,1,12
0.5356,-0.8911,-0.2593,-28.537,65.610,-34.939,1,12
0.4312,-0.8369,-0.3584,-30.610,71.707,-22.500,1,12
0.3501,-0.8101,-0.3882,-31.159,76.098,-12.561,1,12
0.3218,-0.7832,-0.3232,-27.134,81.220,-4.695,1,12
0.3281,-0.7363,-0.2305,-23.415,86.402,0.671,1,12
0.3408,-0.6470,-0.1504,-22.927,94.512,7.134,1,12
0.3350,-0.5605,-0.1089,-27.988,97.256,11.402,1,12
0.6899,0.7964,-0.5439,-168.415,-42.073,-86.159,2,12
0.6816,0.8022,-0.5488,-167.012,-44.573,-85.610,2,12
0.6768,0.8022,-0.5518,-165.366,-46.890,-85.488,2,12
0.6660,0.8032,-0.5508,-163.232,-49.329,-85.488,2,12
0.6631,0.8062,-0.5640,-160.671,-51.524,-85.366,2,12
0.6504,0.8140,-0.5537,-157.988,-53.963,-85.244,2,12
0.6445,0.8179,-0.5522,-154.817,-56.280,-85.549,2,12
0.6382,0.8286,-0.5532,-150.854,-58.780,-85.671,2,12
-0.8896,0.2437,-0.0601,74.390,-17.805,-6.098,3,90
-0.8950,0.2051,-0.0474,78.415,-17.927,-5.183,3,90
-0.8906,0.1597,-0.0293,80.976,-17.378,-4.390,3,90
-0.9009,0.1206,-0.0063,82.439,-17.378,-3.720,3,90
-0.9150,0.0903,0.0059,81.768,-17.134,-3.598,3,90
-0.9268,0.0664,0.0103,80.854,-17.073,-3.415,3,90
-0.9272,0.0493,0.0239,78.476,-16.585,-3.780,3,90
-0.9409,0.0391,0.0151,75.732,-16.159,-3.780,3,90
-0.9512,0.0386,0.0166,72.317,-15.854,-4.451,3,90
-0.9658,0.0420,0.0225,68.780,-15.549,-4.817,3,90
-0.9775,0.0518,0.0234,64.817,-14.573,-5.427,3,90
-0.9844,0.0664,0.0278,60.671,-13.963,-5.671,3,90
-0.9873,0.0874,0.0522,56.951,-13.476,-6.341,3,90
-0.9907,0.1001,0.0737,53.049,-13.110,-6.646,3,90
-0.9736,0.0986,0.0723,50.244,-12.500,-6.159,3,90
-0.9717,0.1138,0.0776,47.683,-12.073,-5.732,3,90
0.0400,-0.7949,0.6860,102.622,106.829,74.573,1,12
0.0332,-0.8955,0.6533,105.610,105.061,75.854,1,12
0.0308,-1.0068,0.6377,108.902,102.683,77.378,1,12
0.0332,-1.1138,0.6055,112.500,100.000,78.476,1,12
0.0313,-1.2158,0.5942,116.646,97.378,78.598,1,12
0.0249,-1.3101,0.5723,121.280,95.183,78.415,1,12
0.0244,-1.3960,0.5659,126.037,93.232,77.256,1,12
0.0171,-1.4639,0.5610,130.854,91.463,75.122,1,12
0.4321,1.0078,-0.5239,-72.561,-96.341,-66.524,2,12
0.4321,1.0068,-0.5176,-69.024,-97.561,-64.512,2,12
0.4224,0.9966,-0.4980,-65.244,-99.207,-62.561,2,12
0.4219,0.9922,-0.4922,-62.195,-100.793,-60.671,2,12
0.4204,0.9810,-0.4883,-58.841,-102.378,-58.841,2,12
0.4180,0.9609,-0.4780,-55.854,-103.598,-56.524,2,12
0.4116,0.9517,-0.4761,-53.232,-104.817,-54.695,2,12
0.4165,0.9307,-0.4727,-50.732,-106.037,-52.195,2,12
-0.9424,0.2075,0.0942,28.537,-8.659,-4.146,3,90
-0.9414,0.2192,0.0962,26.707,-8.659,-3.963,3,90
-0.9287,0.2236,0.0928,24.634,-8.293,-3.598,3,90
-0.9316,0.2324,0.0830,23.293,-8.537,-3.354,3,90
-0.9287,0.2349,0.0796,22.378,-8.232,-2.988,3,90
-0.9263,0.2329,0.0586,22.195,-8.476,-2.500,3,90
-0.9390,0.2402,0.0552,22.988,-7.927,-2.744,3,90
-0.9243,0.2368,0.0322,23.537,-7.561,-2.256,3,90
0.0610,-1.5293,0.6108,132.195,71.341,52.012,1,12
0.0522,-1.5059,0.6084,125.732,66.402,49.207,1,12
0.0522,-1.4819,0.5854,118.720,61.341,46.280,1,12
0.0400,-1.4639,0.5776,111.159,56.951,43.049,1,12
0.0366,-1.4512,0.5552,103.415,52.500,39.329,1,12
0.0322,-1.4385,0.5356,95.183,48.963,35.427,1,12
0.0313,-1.4292,0.5098,86.585,46.646,31.707,1,12
0.0337,-1.4297,0.4790,78.720,45.305,27.927,1,12
0.4038,0.7837,-0.3989,-35.854,-109.939,-38.049,2,12
0.3989,0.7876,-0.4009,-34.634,-110.000,-37.012,2,12
0.3940,0.7808,-0.4023,-33.780,-109.878,-36.220,2,12
0.3926,0.7788,-0.3965,-33.476,-110.000,-35.122,2,12
0.3853,0.7783,-0.3965,-32.683,-110.183,-34.024,2,12
0.3828,0.7788,-0.4033,-31.890,-109.695,-33.232,2,12
0.3784,0.7783,-0.4111,-30.793,-109.451,-32.378,2,12
0.3770,0.7822,-0.4116,-29.817,-109.329,-31.159,2,12
-0.9189,0.2808,0.0239,59.146,-4.634,-0.366,3,90
-0.9043,0.2847,0.0459,62.744,-4.878,0.854,3,90
-0.8789,0.2568,0.0273,64.817,-4.939,1.890,3,90
-0.8638,0.2271,0.0503,65.732,-4.939,2.683,3,90
-0.8477,0.2051,0.0630,66.159,-4.939,3.110,3,90
-0.8394,0.1968,0.0640,64.756,-5.427,3.415,3,90
-0.8350,0.1860,0.0669,61.829,-5.671,3.659,3,90
-0.8315,0.1743,0.0645,58.293,-6.098,3.902,3,90
0.1504,-1.3755,0.4219,0.610,52.256,7.500,1,12
0.1733,-1.3428,0.4312,-7.683,52.683,6.768,1,12
0.1968,-1.3213,0.4561,-15.671,53.354,5.366,1,12
0.2075,-1.2891,0.4634,-24.878,54.085,4.878,1,12
0.2280,-1.2632,0.4805,-34.329,54.390,4.451,1,12
0.2549,-1.2295,0.4814,-43.537,53.902,3.598,1,12
0.2773,-1.2041,0.4751,-52.012,53.110,3.171,1,12
0.2974,-1.1875,0.4722,-59.695,52.378,3.110,1,12
0.3462,0.7930,-0.4263,-24.817,-105.732,-20.366,2,12
0.3452,0.7852,-0.4185,-24.695,-105.122,-19.207,2,12
0.3384,0.7739,-0.4194,-24.268,-104.207,-18.171,2,12
0.3394,0.7607,-0.4346,-23.720,-103.720,-17.012,2,12
0.3364,0.7524,-0.4365,-23.232,-102.622,-16.463,2,12
0.3345,0.7314,-0.4380,-23.293,-101.890,-15.671,2,12
0.3418,0.7227,-0.4380,-22.927,-100.793,-15.061,2,12
0.3389,0.7065,-0.4302,-22.500,-99.634,-14.512,2,12
-0.9131,0.1816,-0.0229,17.012,-10.488,1.098,3,90
-0.9165,0.1958,-0.0308,14.268,-11.159,0.305,3,90
-0.9209,0.2070,-0.0425,11.402,-11.280,-0.488,3,90
-0.9263,0.2378,-0.0464,9.878,-11.524,-1.220,3,90
-0.9351,0.2524,-0.0332,8.354,-11.524,-1.890,3,90
-0.9517,0.2666,-0.0142,9.146,-11.829,-2.195,3,90
-0.9580,0.2793,-0.0073,11.463,-11.585,-2.317,3,90
-0.9580,0.2910,-0.0063,15.488,-11.890,-2.378,3,90
0.3164,-0.9629,0.2793,-79.146,38.780,14.939,1,12
0.3081,-0.9326,0.2656,-77.134,39.634,16.951,1,12
0.2944,-0.9170,0.2437,-74.695,41.037,18.963,1,12
0.2847,-0.8877,0.2397,-71.585,42.744,20.488,1,12
0.2788,-0.8716,0.2290,-68.415,44.939,22.561,1,12
0.2734,-0.8418,0.2144,-64.512,47.256,24.207,1,12
0.2617,-0.8271,0.2148,-59.756,49.878,25.671,1,12
0.2515,-0.8140,0.2104,-55.915,52.622,27.622,1,12
0.3394,0.6450,-0.4141,-30.366,-87.744,-12.317,2,12
0.3394,0.6494,-0.3916,-32.073,-85.915,-12.134,2,12
0.3330,0.6421,-0.3838,-33.598,-84.756,-12.134,2,12
0.3398,0.6343,-0.3853,-34.451,-83.354,-12.134,2,12
0.3384,0.6343,-0.3662,-35.061,-81.585,-12.195,2,12
0.3301,0.6367,-0.3623,-35.732,-79.634,-12.500,2,12
0.3413,0.6353,-0.3569,-35.793,-78.537,-12.805,2,12
0.3398,0.6367,-0.3618,-35.671,-77.134,-12.927,2,12
-0.9746,0.1675,-0.0146,43.232,-12.256,-4.756,3,90
-0.9702,0.1577,-0.0122,43.354,-12.134,-5.122,3,90
-0.9678,0.1533,-0.0107,43.780,-12.195,-5.244,3,90
-0.9658,0.1450,0.0034,43.110,-12.073,-5.000,3,90
-0.9580,0.1504,-0.0010,42.927,-12.256,-4.878,3,90
-0.9604,0.1582,-0.0054,42.378,-12.012,-4.695,3,90
-0.9546,0.1626,0.0044,41.829,-12.012,-4.878,3,90
-0.9570,0.1836,0.0112,40.427,-11.829,-5.000,3,90
0.2642,-0.8257,0.2402,-8.110,75.915,31.707,1,12
0.2695,-0.8477,0.2554,-4.024,78.232,30.976,1,12
0.2793,-0.8628,0.2690,-0.732,81.037,30.244,1,12
0.2896,-0.8765,0.2847,2.195,83.293,29.024,1,12
0.3003,-0.9009,0.3027,4.329,85.671,28.415,1,12
0.3081,-0.9253,0.3184,5.305,88.049,27.134,1,12
0.3203,-0.9473,0.3506,5.244,89.878,25.854,1,12
0.3359,-0.9629,0.3613,5.366,91.707,24.329,1,12
0.3145,0.7793,-0.3628,-32.439,-66.402,-16.220,2,12
0.3135,0.7861,-0.3647,-32.073,-65.793,-16.220,2,12
0.3115,0.8081,-0.3667,-31.951,-64.573,-16.220,2,12
0.3047,0.8237,-0.3672,-32.378,-63.171,-16.159,2,12
0.3042,0.8374,-0.3589,-33.110,-61.829,-15.915,2,12
0.2881,0.8525,-0.3564,-34.085,-60.976,-15.915,2,12
0.2832,0.8589,-0.3579,-35.183,-60.488,-15.427,2,12
0.2715,0.8682,-0.3672,-36.037,-59.451,-14.817,2,12
-1.0381,0.1841,0.0181,43.171,-8.232,-4.329,3,90
-1.0483,0.1860,0.0557,43.963,-7.744,-4.695,3,90
-1.0469,0.1953,0.0708,43.476,-7.073,-5.366,3,90
-1.0303,0.1973,0.0400,43.476,-6.951,-5.427,3,90
-1.0337,0.1855,0.0410,43.963,-6.890,-5.549,3,90
-1.0298,0.1812,0.0459,44.512,-6.280,-6.098,3,90
-1.0220,0.1812,0.0220,45.732,-5.976,-6.341,3,90
-1.0166,0.1782,0.0146,47.134,-6.159,-6.829,3,90
-0.9995,0.1885,-0.0044,49.695,-5.976,-7.195,3,90
-0.9893,0.1934,-0.0117,50.427,-5.915,-7.012,3,90
-0.9761,0.1865,-0.0122,51.829,-6.463,-6.707,3,90
-0.9697,0.1768,-0.0127,52.073,-6.524,-6.890,3,90
-0.9619,0.1641,0.0000,52.866,-6.768,-6.524,3,90
-0.9600,0.1475,-0.0049,52.622,-7.134,-6.524,3,90
-0.9551,0.1196,0.0103,51.159,-7.195,-6.220,3,90
-0.9565,0.0952,0.0093,50.488,-7.134,-6.037,3,90
0.4146,-1.1426,0.4180,-40.305,111.768,-5.244,1,12
0.4180,-1.1216,0.4087,-39.817,113.171,-5.854,1,12
0.4199,-1.0957,0.3999,-39.512,114.756,-6.280,1,12
0.4253,-1.0703,0.3950,-38.841,116.098,-6.585,1,12
0.4272,-1.0479,0.3896,-38.049,117.744,-6.646,1,12
0.4326,-1.0215,0.3916,-36.463,119.207,-6.829,1,12
0.4321,-0.9951,0.3901,-35.122,120.366,-7.073,1,12
0.4346,-0.9644,0.3955,-32.500,120.976,-7.378,1,12
0.3008,1.0830,-0.4512,-40.549,-30.122,3.780,2,12
0.3042,1.0962,-0.4663,-41.646,-28.598,4.573,2,12
0.3081,1.1240,-0.4722,-42.134,-27.073,6.037,2,12
0.3022,1.1460,-0.4731,-42.317,-25.671,7.256,2,12
0.3008,1.1689,-0.4761,-42.683,-23.963,8.841,2,12
0.3008,1.1924,-0.4858,-42.561,-22.256,10.305,2,12
0.3008,1.2148,-0.4766,-42.744,-20.671,11.646,2,12
0.2915,1.2451,-0.4800,-42.805,-19.024,13.415,2,12
-0.9800,-0.0420,0.0400,25.488,-7.439,-0.915,3,90
-0.9775,-0.0542,0.0356,21.463,-7.134,0.244,3,90
-0.9717,-0.0547,0.0405,18.171,-6.524,1.159,3,90
-0.9771,-0.0518,0.0488,14.573,-6.220,1.768,3,90
-0.9795,-0.0391,0.0479,10.854,-5.488,2.927,3,90
-0.9741,-0.0327,0.0591,6.768,-4.878,3.963,3,90
-0.9829,-0.0249,0.0625,2.378,-4.573,4.878,3,90
-0.9863,-0.0215,0.0635,-2.073,-3.659,5.915,3,90
0.4180,-0.8628,0.4883,9.146,123.659,-9.146,1,12
0.4136,-0.8604,0.4800,11.585,123.354,-9.085,1,12
0.4063,-0.8662,0.5122,16.280,122.683,-9.390,1,12
0.3989,-0.8643,0.5376,23.476,121.768,-8.902,1,12
0.3975,-0.8633,0.5591,27.988,121.098,-8.963,1,12
0.3911,-0.8594,0.5781,31.707,120.366,-8.659,1,12
0.3887,-0.8574,0.6055,35.488,119.573,-8.598,1,12
0.3799,-0.8696,0.6157,38.354,119.512,-7.988,1,12
0.2383,1.3652,-0.5156,-40.244,-7.622,29.390,2,12
0.2236,1.3750,-0.5259,-39.268,-6.280,31.463,2,12
0.2241,1.3784,-0.5386,-38.232,-5.366,33.537,2,12
0.2109,1.3828,-0.5386,-37.073,-4.207,35.732,2,12
0.1943,1.3755,-0.5537,-35.854,-3.110,37.561,2,12
0.1982,1.3774,-0.5566,-35.122,-2.073,39.756,2,12
0.1890,1.3721,-0.5610,-34.329,-0.793,41.524,2,12
0.1875,1.3643,-0.5645,-33.720,0.610,43.476,2,12
-0.9990,0.0308,0.0518,-21.098,3.659,12.683,3,90
-0.9995,0.0605,0.0596,-21.098,4.634,13.780,3,90
-1.0024,0.0903,0.0605,-20.305,5.732,15.061,3,90
-0.9937,0.0977,0.0688,-19.512,6.707,15.976,3,90
-0.9917,0.1187,0.0713,-18.293,7.744,16.829,3,90
-0.9839,0.1211,0.0737,-17.988,8.659,18.049,3,90
-0.9829,0.1226,0.0791,-17.744,9.085,18.841,3,90
-0.9980,0.1216,0.0752,-18.415,10.183,19.451,3,90
0.3940,-1.0942,0.6255,46.220,118.049,-7.744,1,12
0.4014,-1.1289,0.6299,43.659,117.805,-8.232,1,12
0.4121,-1.1514,0.6284,41.159,117.073,-8.841,1,12
0.4185,-1.1748,0.6157,38.049,116.646,-9.390,1,12
0.4351,-1.1890,0.6162,34.146,116.341,-10.244,1,12
0.4478,-1.2007,0.6040,30.305,115.305,-10.915,1,12
0.4609,-1.2061,0.6030,25.610,114.268,-11.402,1,12
0.4775,-1.2075,0.6060,20.549,113.232,-11.707,1,12
0.1792,1.3140,-0.6211,-27.012,11.524,58.354,2,12
0.1763,1.3096,-0.6304,-25.915,12.500,59.573,2,12
0.1738,1.3047,-0.6362,-24.451,13.110,60.732,2,12
0.1699,1.2876,-0.6284,-23.415,13.720,61.890,2,12
0.1606,1.2817,-0.6235,-22.073,14.573,62.622,2,12
0.1621,1.2676,-0.6323,-20.854,15.122,63.232,2,12
0.1577,1.2573,-0.6353,-19.451,15.488,63.902,2,12
0.1582,1.2500,-0.6357,-18.171,15.854,64.451,2,12
-0.9873,0.1353,0.0278,-31.646,14.451,20.427,3,90
-0.9946,0.1533,0.0303,-33.232,14.878,20.305,3,90
-0.9863,0.1670,0.0410,-34.573,15.244,20.427,3,90
-0.9878,0.1782,0.0352,-35.732,15.549,20.244,3,90
-0.9888,0.1787,0.0278,-37.256,15.854,20.183,3,90
-0.9795,0.1816,0.0332,-38.049,15.976,19.817,3,90
-0.9858,0.1753,0.0220,-38.780,16.341,19.817,3,90
-0.9756,0.1719,0.0132,-39.512,16.341,19.573,3,90
0.5728,-1.0381,0.6045,-23.049,96.829,-4.451,1,12
0.5757,-1.0356,0.5986,-24.451,95.732,-3.780,1,12
0.5815,-1.0132,0.5908,-28.171,93.110,-0.915,1,12
0.5933,-1.0068,0.5884,-29.756,91.341,0.732,1,12
0.5913,-0.9985,0.5879,-30.610,89.817,3.049,1,12
0.5981,-0.9893,0.5830,-30.793,88.232,5.122,1,12
0.5938,-0.9800,0.5894,-30.915,86.341,7.378,1,12
0.5972,-0.9756,0.5840,-30.183,84.878,9.451,1,12
0.1001,1.1558,-0.6714,-6.341,19.390,64.512,2,12
0.0894,1.1509,-0.6694,-5.488,19.817,64.268,2,12
0.0854,1.1367,-0.6733,-4.756,20.488,63.659,2,12
0.0820,1.1328,-0.6797,-3.537,20.549,63.232,2,12
0.0825,1.1377,-0.6821,-2.195,20.915,62.378,2,12
0.0845,1.1274,-0.6943,-0.366,20.915,62.012,2,12
0.0615,1.1304,-0.6924,1.159,21.280,61.402,2,12
0.0659,1.1289,-0.7056,2.988,21.220,60.732,2,12
-0.9385,0.1528,-0.0439,-39.451,15.366,17.622,3,90
-0.9424,0.1519,-0.0435,-39.085,14.939,17.744,3,90
-0.9434,0.1421,-0.0483,-38.476,15.183,17.439,3,90
-0.9473,0.1450,-0.0649,-38.049,15.061,17.317,3,90
-0.9463,0.1445,-0.0649,-37.134,15.061,16.768,3,90
-0.9487,0.1470,-0.0488,-36.098,15.366,16.341,3,90
-0.9536,0.1626,-0.0166,-35.244,15.549,16.402,3,90
-0.9453,0.1655,-0.0112,-34.451,16.220,16.159,3,90
0.6191,-1.0303,0.5747,-22.317,70.366,28.049,1,12
0.6177,-1.0557,0.5698,-22.439,68.415,30.244,1,12
0.6138,-1.0815,0.5571,-23.171,66.280,32.134,1,12
0.6230,-1.1045,0.5322,-22.988,64.085,33.841,1,12
0.6270,-1.1362,0.5107,-23.171,61.280,35.915,1,12
0.6245,-1.1631,0.4819,-23.354,59.329,37.622,1,12
0.6284,-1.1943,0.4604,-22.439,56.463,39.207,1,12
0.6255,-1.2158,0.4478,-22.500,54.268,40.732,1,12
0.0000,1.1357,-0.7070,20.854,24.634,52.805,2,12
-0.0063,1.1343,-0.7100,22.439,25.305,51.890,2,12
-0.0190,1.1421,-0.7178,24.390,26.280,50.854,2,12
-0.0244,1.1489,-0.6968,26.280,27.317,50.000,2,12
-0.0186,1.1494,-0.7021,27.744,28.049,49.390,2,12
-0.0347,1.1460,-0.7124,29.451,29.207,48.598,2,12
-0.0386,1.1553,-0.7095,31.341,29.695,47.927,2,12
-0.0420,1.1572,-0.7090,33.232,30.793,47.012,2,12
-0.9819,0.2554,-0.0254,-49.390,13.354,11.098,3,90
-0.9888,0.2695,-0.0244,-51.402,12.561,10.549,3,90
-0.9893,0.2764,-0.0044,-52.683,12.317,9.939,3,90
-0.9956,0.2915,-0.0015,-55.061,11.463,8.415,3,90
-0.9785,0.2983,-0.0044,-57.378,11.159,7.134,3,90
-0.9771,0.2852,-0.0210,-56.890,10.000,6.159,3,90
-0.9736,0.2798,-0.0239,-56.220,9.512,5.183,3,90
-0.9688,0.2905,-0.0376,-55.610,8.659,3.598,3,90
0.6211,-1.2944,0.3506,-31.585,29.268,50.976,1,12
0.6206,-1.2905,0.3335,-32.439,26.220,51.524,1,12
0.6177,-1.2925,0.3311,-32.561,22.927,51.951,1,12
0.6201,-1.2959,0.3223,-32.805,19.634,52.622,1,12
0.6162,-1.2935,0.3208,-32.988,16.280,52.988,1,12
0.6182,-1.2842,0.3208,-32.622,12.805,53.720,1,12
0.6211,-1.2798,0.3345,-32.927,9.451,54.390,1,12
0.6123,-1.2725,0.3501,-32.683,6.220,55.366,1,12
0.6196,-1.2681,0.3604,-32.927,3.171,56.341,1,12
0.6152,-1.2627,0.3770,-33.780,0.427,57.622,1,12
0.6152,-1.2593,0.3926,-34.390,-2.195,58.415,1,12
0.6255,-1.2583,0.4126,-35.671,-5.000,59.390,1,12
0.6260,-1.2666,0.4243,-36.341,-7.439,60.305,1,12
0.6328,-1.2764,0.4380,-37.195,-10.000,61.402,1,12
0.6406,-1.2925,0.4531,-38.902,-12.134,62.012,1,12
0.6479,-1.3086,0.4570,-41.220,-14.939,62.439,1,12
-0.9590,0.3438,-0.0269,-41.707,2.317,-2.683,3,90
-0.9497,0.3223,-0.0313,-40.976,1.159,-3.354,3,90
-0.9434,0.2993,-0.0361,-40.122,0.122,-3.963,3,90
-0.9434,0.2817,-0.0259,-39.573,-0.610,-4.634,3,90
-0.9468,0.2593,-0.0078,-40.000,-1.707,-5.366,3,90
-0.9526,0.2544,-0.0127,-41.037,-2.378,-6.159,3,90
-0.9473,0.2397,-0.0229,-42.012,-2.866,-6.341,3,90
-0.9507,0.2095,-0.0391,-43.415,-3.659,-7.256,3,90
0.6626,-1.3311,0.4536,-43.537,-17.561,62.622,1,12
0.6709,-1.3574,0.4624,-46.463,-20.122,62.683,1,12
0.6875,-1.3862,0.4653,-49.756,-22.866,62.744,1,12
0.7026,-1.4038,0.4673,-52.927,-25.793,62.378,1,12
0.7144,-1.4229,0.4736,-56.037,-28.232,62.317,1,12
0.7334,-1.4390,0.4609,-59.817,-31.341,61.402,1,12
0.7598,-1.4385,0.4478,-63.780,-34.695,61.098,1,12
0.7793,-1.4478,0.4434,-67.439,-37.927,61.098,1,12
-0.0132,1.2651,-0.6055,88.841,64.085,28.902,2,12
-0.0093,1.2729,-0.6006,91.280,65.671,27.805,2,12
-0.0083,1.2773,-0.5864,93.720,66.890,26.280,2,12
-0.0098,1.2817,-0.5713,96.159,68.354,25.000,2,12
-0.0044,1.2876,-0.5649,98.415,70.061,23.659,2,12
-0.0117,1.2910,-0.5493,101.037,71.159,22.256,2,12
-0.0088,1.2900,-0.5386,103.232,72.561,20.610,2,12
-0.0063,1.2837,-0.5278,105.976,73.902,19.268,2,12
-1.0371,0.0669,-0.0791,-53.232,-7.012,-16.402,3,90
-1.0459,0.1074,-0.0718,-54.024,-7.317,-16.341,3,90
-1.0508,0.1270,-0.0566,-53.902,-7.073,-15.854,3,90
-1.0576,0.1406,-0.0488,-53.354,-6.951,-14.634,3,90
-1.0684,0.1313,-0.0327,-52.439,-6.585,-13.963,3,90
-1.0728,0.1333,0.0015,-51.646,-6.524,-13.841,3,90
-1.0654,0.1235,0.0005,-51.768,-6.463,-14.207,3,90
-1.0645,0.1079,-0.0088,-51.707,-6.280,-14.390,3,90
1.0239,-1.2793,0.3779,-79.268,-74.268,69.146,1,12
1.0493,-1.2642,0.3726,-78.293,-78.171,69.695,1,12
1.0859,-1.2505,0.3682,-76.951,-82.012,70.061,1,12
1.1113,-1.2466,0.3608,-75.000,-85.793,70.061,1,12
1.1289,-1.2368,0.3721,-72.927,-89.268,70.427,1,12
1.1538,-1.2388,0.3823,-70.305,-93.171,70.122,1,12
1.1709,-1.2383,0.3931,-67.805,-96.341,69.451,1,12
1.1904,-1.2515,0.4043,-65.976,-100.000,68.598,1,12
0.0400,1.2524,-0.3901,122.622,83.902,4.512,2,12
0.0474,1.2505,-0.3877,123.841,85.061,2.805,2,12
0.0576,1.2485,-0.3818,125.061,85.488,1.220,2,12
0.0586,1.2456,-0.3701,125.976,86.402,-0.488,2,12
0.0679,1.2485,-0.3608,126.341,86.646,-2.073,2,12
0.0679,1.2476,-0.3589,126.829,87.683,-3.598,2,12
0.0703,1.2378,-0.3481,127.195,87.744,-5.061,2,12
0.0713,1.2388,-0.3481,127.134,88.293,-6.646,2,12
-0.9785,0.2202,0.0864,-72.378,-7.622,-22.073,3,90
-0.9663,0.2349,0.0972,-73.720,-7.561,-22.256,3,90
-0.9736,0.2612,0.1021,-75.366,-7.744,-23.293,3,90
-0.9648,0.2837,0.1074,-76.707,-8.171,-23.902,3,90
-0.9736,0.3101,0.1025,-76.890,-8.415,-24.390,3,90
-0.9829,0.3286,0.1011,-76.707,-8.720,-24.512,3,90
-0.9795,0.3418,0.1108,-76.890,-9.207,-24.817,3,90
-0.9717,0.3560,0.1143,-76.585,-9.024,-24.939,3,90
1.4248,-1.5640,0.5420,-84.146,-126.098,44.573,1,12
1.4702,-1.5864,0.5454,-87.500,-129.451,41.341,1,12
1.5127,-1.6040,0.5469,-90.671,-132.805,38.232,1,12
1.5586,-1.6094,0.5479,-93.171,-136.402,34.634,1,12
1.6094,-1.5962,0.5474,-95.793,-139.939,30.976,1,12
1.6665,-1.5723,0.5483,-97.439,-143.841,26.890,1,12
1.7319,-1.5371,0.5498,-99.146,-147.439,22.744,1,12
1.8086,-1.4951,0.5381,-100.183,-151.280,18.354,1,12
0.1108,1.1367,-0.3369,123.963,91.280,-18.841,2,12
0.1226,1.1279,-0.3369,123.720,91.646,-20.061,2,12
0.1333,1.1172,-0.3340,123.110,91.402,-21.098,2,12
0.1348,1.0957,-0.3291,123.110,91.890,-22.134,2,12
0.1348,1.0767,-0.3306,122.866,91.646,-23.171,2,12
0.1460,1.0625,-0.3281,122.927,91.707,-23.963,2,12
0.1523,1.0435,-0.3379,123.720,91.524,-24.878,2,12
0.1577,1.0278,-0.3271,124.817,91.280,-25.976,2,12
-0.8423,0.3638,0.1475,-55.915,-9.756,-22.805,3,90
-0.8262,0.3486,0.1401,-53.537,-9.817,-21.951,3,90
-0.8218,0.3364,0.1343,-50.854,-9.512,-21.220,3,90
-0.8052,0.3232,0.1387,-48.232,-9.390,-20.244,3,90
-0.8062,0.3164,0.1318,-46.220,-8.720,-19.451,3,90
-0.8057,0.3042,0.1333,-43.476,-8.171,-18.902,3,90
-0.8008,0.2998,0.1323,-42.073,-7.927,-18.293,3,90
-0.8018,0.2900,0.1270,-40.000,-7.439,-17.378,3,90
2.6177,-0.9556,0.6680,-93.902,-200.610,-25.122,1,12
2.7114,-0.9180,0.6870,-91.890,-205.366,-29.268,1,12
2.7905,-0.8833,0.7368,-89.329,-210.366,-33.537,1,12
2.8643,-0.8442,0.7920,-87.256,-215.549,-37.439,1,12
2.9277,-0.8081,0.8516,-85.061,-221.098,-41.037,1,12
2.9863,-0.7773,0.9136,-84.024,-227.012,-44.207,1,12
3.0225,-0.7676,0.9736,-83.476,-232.622,-47.622,1,12
3.0640,-0.7402,1.0308,-83.049,-238.476,-50.183,1,12
0.1445,0.8130,-0.2715,134.512,86.463,-33.232,2,12
0.1484,0.7847,-0.2534,135.610,85.976,-33.963,2,12
0.1499,0.7568,-0.2417,137.012,85.366,-34.573,2,12
0.1567,0.7275,-0.2256,137.927,84.939,-35.244,2,12
0.1670,0.6997,-0.2085,139.207,84.512,-36.037,2,12
0.1782,0.6665,-0.1992,140.305,83.902,-36.707,2,12
0.1792,0.6396,-0.1787,141.098,82.988,-37.195,2,12
0.1860,0.6104,-0.1660,142.256,82.561,-37.622,2,12
-0.7632,0.2437,0.1055,-33.659,-1.707,-10.122,3,90
-0.7642,0.2378,0.0845,-32.927,-0.915,-9.268,3,90
-0.7646,0.2324,0.0869,-31.524,-0.549,-8.049,3,90
-0.7637,0.2412,0.0791,-30.183,0.366,-6.890,3,90
-0.7622,0.2339,0.0674,-29.207,0.610,-5.549,3,90
-0.7573,0.2168,0.0493,-27.439,0.793,-4.634,3,90
-0.7520,0.2036,0.0386,-25.976,1.829,-3.354,3,90
-0.7441,0.1934,0.0156,-24.756,2.256,-2.500,3,90
3.3965,-0.1440,1.3579,-21.402,-293.232,-98.902,1,12
3.3984,-0.0381,1.3691,-6.585,-299.878,-104.085,1,12
3.3867,0.0576,1.3916,8.293,-305.732,-107.805,1,12
3.3311,0.1240,1.4058,23.171,-310.183,-110.732,1,12
3.2749,0.1646,1.4077,39.939,-312.866,-112.500,1,12
3.2104,0.1997,1.3926,56.646,-313.841,-112.866,1,12
3.1436,0.2085,1.3701,72.988,-313.232,-111.585,1,12
3.0620,0.1938,1.3633,88.841,-310.793,-109.329,1,12
0.2832,0.3262,-0.0098,138.659,73.232,-40.366,2,12
0.3032,0.2939,-0.0020,136.341,72.195,-40.183,2,12
0.3232,0.2578,0.0146,134.268,71.159,-40.610,2,12
0.3481,0.2266,0.0225,131.524,69.878,-40.305,2,12
0.3662,0.1899,0.0342,128.171,69.085,-39.756,2,12
0.3882,0.1699,0.0615,124.146,67.866,-39.146,2,12
0.4116,0.1338,0.0693,119.939,66.280,-38.841,2,12
0.4258,0.0972,0.0874,115.549,64.939,-38.171,2,12
-0.7363,0.2021,-0.0093,-6.524,11.098,-0.854,3,90
-0.7295,0.2080,-0.0254,-5.854,11.829,-0.366,3,90
-0.7188,0.1982,-0.0205,-5.671,12.195,0.366,3,90
-0.7275,0.1938,-0.0352,-5.854,12.927,0.854,3,90
-0.7212,0.1958,-0.0400,-6.098,13.476,0.976,3,90
-0.7334,0.1782,-0.0552,-5.732,14.329,1.402,3,90
-0.7407,0.1772,-0.0605,-4.634,15.366,1.646,3,90
-0.7412,0.1636,-0.0664,-2.622,16.707,1.768,3,90
2.5723,0.0737,1.6782,65.061,-273.780,-61.829,1,12
2.5288,0.0732,1.6929,45.000,-270.793,-55.244,1,12
2.4575,0.0879,1.7251,22.927,-266.951,-48.232,1,12
2.3809,0.1104,1.7695,-0.061,-262.439,-41.159,1,12
2.2832,0.1172,1.7979,-25.793,-257.927,-33.415,1,12
2.1670,0.1128,1.8125,-52.683,-252.927,-25.305,1,12
2.0518,0.0791,1.8179,-80.305,-246.707,-16.768,1,12
1.9341,0.0361,1.8105,-107.683,-240.305,-8.537,1,12
0.6553,-0.1338,0.1816,57.805,53.902,-25.976,2,12
0.6699,-0.1563,0.1904,51.402,53.293,-24.512,2,12
0.6865,-0.1680,0.1899,45.061,52.317,-23.171,2,12
0.6997,-0.1782,0.1919,38.720,51.768,-21.951,2,12
0.7021,-0.1836,0.1792,32.500,51.524,-20.976,2,12
0.7153,-0.1924,0.1699,26.585,50.854,-20.061,2,12
0.7114,-0.1943,0.1655,21.280,50.915,-19.451,2,12
0.7148,-0.1943,0.1440,16.098,50.732,-19.024,2,12
-0.7202,-0.0068,-0.0610,9.756,21.159,1.768,3,90
-0.7144,-0.0176,-0.0615,9.573,21.646,1.463,3,90
-0.7119,-0.0225,-0.0723,9.390,21.402,1.585,3,90
-0.7036,-0.0259,-0.0728,8.232,21.341,1.829,3,90
-0.6948,-0.0293,-0.0938,6.951,20.976,1.707,3,90
-0.6953,-0.0356,-0.1035,6.037,20.183,1.829,3,90
-0.6880,-0.0503,-0.1216,5.000,19.207,1.890,3,90
-0.6895,-0.0532,-0.1284,3.841,18.537,1.890,3,90
-1.6187,-0.9824,4.6870,-554.024,59.573,225.610,1,12
-11.5186,-5.3447,1.4990,-443.293,33.354,153.780,1,12
-15.9497,-2.9224,0.4668,82.805,216.646,-281.159,1,12
-16.0000,-7.4341,-4.1133,542.805,269.512,-517.073,1,12
-16.0000,-8.2495,2.0767,1151.098,-247.317,17.988,1,12
-15.2598,-2.6846,5.7266,326.402,-577.378,-15.549,1,12
-5.4580,-1.3677,3.8628,-196.768,-513.659,108.902,1,12
-3.1519,-3.7744,3.9268,-497.073,-111.524,130.061,1,12
0.5820,-0.1953,0.1094,-18.232,52.500,-25.854,2,12
0.5620,-0.2046,0.0947,-17.927,52.317,-28.293,2,12
0.5405,-0.2041,0.0728,-15.854,52.439,-30.610,2,12
0.5190,-0.2080,0.0576,-13.049,51.768,-33.171,2,12
0.4995,-0.1909,0.0332,-9.207,51.524,-35.793,2,12
0.4858,-0.1792,0.0171,-4.939,51.037,-38.354,2,12
0.4614,-0.1670,-0.0078,-0.122,50.671,-40.732,2,12
0.4395,-0.1455,-0.0249,4.695,50.488,-43.171,2,12
-0.8330,0.8340,0.7744,-18.293,-5.671,10.854,3,90
-0.9951,1.1030,0.9531,-21.159,-10.793,17.439,3,90
-1.2495,1.3423,1.0596,-23.476,-14.756,26.159,3,90
-1.6108,1.5010,1.0220,-25.122,-15.854,36.829,3,90
-2.1040,1.4111,0.8203,-26.159,-13.415,47.805,3,90
-2.6577,1.0166,0.4683,-26.280,-7.073,55.427,3,90
-3.1548,0.3726,0.1099,-21.646,2.073,54.573,3,90
-3.3975,-0.2979,-0.1694,-10.000,11.951,41.037,3,90
-4.3643,-0.6353,-1.9209,32.988,51.768,185.427,1,12
-3.2808,-0.4277,-1.5811,10.183,28.780,198.963,1,12
-1.9502,-0.5068,-1.3843,25.610,11.280,167.500,1,12
-1.3545,-0.2988,-1.2969,45.549,12.683,127.561,1,12
-1.1216,-0.1523,-1.3516,54.756,7.561,99.512,1,12
-1.1377,-0.0586,-1.3740,53.537,5.305,83.171,1,12
-1.3018,0.1382,-1.3135,43.841,10.305,72.622,1,12
-1.5088,0.3818,-1.1567,31.646,22.256,60.305,1,12
0.4531,-0.0771,-0.0991,34.695,45.793,-49.817,2,12
0.4780,-0.0742,-0.1211,37.439,45.183,-49.024,2,12
0.5000,-0.0708,-0.1382,40.000,44.451,-48.841,2,12
0.5181,-0.0698,-0.1602,41.829,43.659,-48.354,2,12
0.5400,-0.0547,-0.1616,42.988,43.049,-47.988,2,12
0.5552,-0.0483,-0.1699,43.537,42.378,-47.744,2,12
0.5698,-0.0317,-0.1719,42.805,41.707,-47.256,2,12
0.5796,-0.0239,-0.1729,41.829,41.341,-46.890,2,12
-0.3022,0.1445,-0.1919,49.634,31.646,6.341,3,90
-0.4106,0.1250,-0.2852,43.049,27.866,13.293,3,90
-0.5225,0.1001,-0.3203,39.024,23.415,17.073,3,90
-0.6016,0.0957,-0.2993,35.122,19.634,17.195,3,90
-0.6313,0.1123,-0.2456,30.671,16.037,15.732,3,90
-0.6611,0.1240,-0.1777,26.585,12.866,13.841,3,90
-0.6870,0.1602,-0.1299,23.476,10.366,12.561,3,90
-0.7197,0.1768,-0.1025,20.000,8.110,11.341,3,90
-1.1235,0.7646,-0.8022,76.280,-81.280,-140.854,1,12
-0.9424,0.6426,-0.8701,92.134,-92.622,-140.000,1,12
-0.7397,0.5015,-0.9507,108.293,-95.488,-136.646,1,12
-0.5732,0.3530,-0.9561,127.439,-87.500,-131.037,1,12
-0.4663,0.2173,-0.8364,151.707,-68.354,-123.354,1,12
-0.4087,0.1025,-0.6064,178.354,-44.634,-116.098,1,12
-0.3833,-0.0166,-0.2949,206.402,-17.744,-112.195,1,12
-0.3682,-0.0918,0.1177,235.305,11.890,-113.780,1,12
-0.2056,-0.1548,0.5029,263.171,47.012,-118.415,1,12
-0.0913,-0.1689,0.8936,286.159,89.268,-125.854,1,12
0.1846,-0.2290,1.2725,301.646,138.476,-135.610,1,12
0.1973,-0.1333,1.5347,305.976,191.402,-145.549,1,12
0.6597,-0.5176,1.9048,301.463,243.598,-157.683,1,12
0.9263,-0.5835,2.0190,287.805,292.622,-166.280,1,12
1.5967,-0.8140,2.1973,252.744,339.756,-177.622,1,12
2.1416,-1.0859,2.2407,229.329,347.500,-183.902,1,12
2.8550,-1.3979,2.2573,217.500,333.598,-192.378,1,12
3.4087,-1.7441,2.2578,214.939,298.963,-203.232,1,12
3.3643,-2.0894,2.2383,209.817,239.085,-205.793,1,12
2.5659,-2.1895,2.2422,187.378,150.488,-170.671,1,12
2.0044,-1.8208,2.2251,141.280,46.829,-91.646,1,12
1.7192,-1.4312,2.0605,99.634,-34.146,-11.829,1,12
1.3926,-1.2012,1.8223,71.585,-82.622,44.390,1,12
1.0752,-1.0410,1.4932,51.341,-104.512,73.963,1,12
0.9609,0.0723,-0.2505,-76.159,27.439,-35.061,2,12
0.9746,0.0938,-0.2539,-80.488,26.585,-36.768,2,12
0.9839,0.1182,-0.2788,-84.268,25.732,-37.988,2,12
0.9902,0.1362,-0.3042,-87.439,24.939,-39.634,2,12
0.9814,0.1655,-0.3306,-90.122,24.085,-41.402,2,12
0.9756,0.1968,-0.3535,-92.683,23.415,-42.866,2,12
0.9653,0.2212,-0.3740,-94.634,22.561,-45.061,2,12
0.9565,0.2471,-0.3975,-96.341,21.768,-47.012,2,12
-0.9824,0.2334,-0.0146,23.171,-15.305,8.537,3,90
-0.9829,0.2412,-0.0029,25.976,-15.183,8.720,3,90
-0.9805,0.2275,-0.0039,27.988,-15.183,8.659,3,90
-0.9775,0.2236,-0.0103,29.756,-15.122,8.720,3,90
-0.9702,0.2095,-0.0225,30.183,-14.756,8.171,3,90
-0.9727,0.2007,-0.0366,30.976,-14.756,7.622,3,90
-0.9746,0.1870,-0.0518,32.256,-14.939,7.317,3,90
-0.9790,0.1909,-0.0396,33.598,-15.305,6.220,3,90
-0.1064,-0.1743,-0.4053,14.146,80.366,56.280,1,12
-0.1724,-0.2085,-0.3467,32.378,98.720,50.549,1,12
0.5098,-0.5732,0.3892,-4.024,-88.780,87.256,1,12
-0.2271,-0.3125,-0.1445,71.463,121.768,40.671,1,12
-0.2363,-0.3643,-0.0352,90.854,127.439,37.988,1,12
-0.2305,-0.4253,0.0947,108.476,131.829,36.463,1,12
-0.1973,-0.4985,0.1978,123.171,133.659,36.220,1,12
-0.1528,-0.5640,0.3218,134.634,135.488,36.890,1,12
0.8574,0.4644,-0.4019,-109.695,12.134,-62.500,2,12
0.8560,0.4800,-0.3755,-110.915,9.939,-63.780,2,12
0.8647,0.4922,-0.3672,-112.134,8.049,-65.061,2,12
0.8657,0.5010,-0.3472,-113.232,6.159,-66.220,2,12
0.8706,0.5034,-0.3379,-114.146,3.963,-67.561,2,12
0.8770,0.5103,-0.3130,-115.122,1.646,-68.780,2,12
0.8735,0.5190,-0.2988,-116.220,-0.305,-70.488,2,12
0.8794,0.5410,-0.2871,-117.195,-2.378,-72.073,2,12
-0.9375,0.2129,-0.0225,47.561,-14.451,7.500,3,90
-0.9419,0.2100,-0.0225,49.085,-13.780,7.622,3,90
-0.9482,0.2227,-0.0103,51.463,-13.354,7.744,3,90
-0.9644,0.2271,-0.0073,53.963,-12.988,7.500,3,90
-0.9756,0.2368,-0.0034,56.280,-12.195,7.195,3,90
-0.9844,0.2461,-0.0039,59.451,-11.707,7.195,3,90
-1.0005,0.2476,0.0059,62.683,-11.402,6.707,3,90
-1.0005,0.2456,0.0049,65.732,-10.305,6.402,3,90
0.2305,-1.2837,1.2144,97.439,120.122,26.951,1,12
0.2651,-1.3442,1.2563,87.195,114.573,23.110,1,12
0.2861,-1.4097,1.2651,76.159,107.195,19.695,1,12
0.3032,-1.4736,1.2412,66.098,97.805,15.793,1,12
0.3262,-1.5273,1.2065,56.341,86.951,12.744,1,12
0.3438,-1.5776,1.1514,48.659,75.061,10.305,1,12
0.3579,-1.6235,1.0825,42.622,63.110,8.354,1,12
0.3779,-1.6343,0.9961,40.061,52.134,6.890,1,12
0.8462,0.6821,-0.1084,-142.256,-22.988,-78.963,2,12
0.8379,0.7061,-0.1069,-144.512,-26.037,-78.659,2,12
0.8325,0.7192,-0.1074,-146.829,-29.085,-78.537,2,12
0.8257,0.7437,-0.1050,-147.988,-32.073,-78.232,2,12
0.8154,0.7588,-0.1021,-149.207,-35.061,-78.049,2,12
0.8115,0.7817,-0.1060,-149.817,-39.085,-77.805,2,12
0.7944,0.8076,-0.1099,-149.634,-42.073,-77.744,2,12
0.7905,0.8359,-0.1265,-148.720,-45.549,-77.378,2,12
-0.8867,0.1519,0.0928,81.951,-4.573,8.659,3,90
-0.8921,0.1382,0.0771,78.902,-4.817,8.780,3,90
-0.8979,0.1357,0.0493,74.329,-5.244,8.476,3,90
-0.9136,0.1299,0.0342,69.207,-5.671,7.500,3,90
-0.9263,0.1226,0.0278,63.963,-6.524,6.951,3,90
-0.9321,0.1196,0.0117,60.122,-7.134,6.463,3,90
-0.9419,0.1167,0.0332,56.585,-7.927,6.402,3,90
-0.9409,0.1177,0.0342,53.598,-7.988,6.646,3,90
0.3047,-1.2949,0.7412,17.256,53.902,-5.122,1,12
0.2876,-1.2559,0.7217,14.329,57.256,-6.829,1,12
0.2715,-1.2310,0.7178,12.317,59.207,-7.988,1,12
0.2471,-1.2158,0.7046,10.915,58.963,-8.293,1,12
0.2227,-1.2085,0.6934,10.122,57.073,-8.110,1,12
0.2070,-1.1963,0.6851,10.549,53.354,-7.805,1,12
0.1880,-1.1973,0.6636,11.646,48.720,-7.134,1,12
0.1621,-1.1978,0.6660,12.805,43.963,-6.585,1,12
0.6406,1.0908,-0.2383,-121.890,-76.220,-71.341,2,12
0.6255,1.1104,-0.2559,-117.927,-79.634,-69.695,2,12
0.6050,1.1147,-0.2588,-114.207,-82.195,-67.683,2,12
0.5908,1.1309,-0.2754,-109.939,-85.061,-65.610,2,12
0.5776,1.1289,-0.2837,-106.159,-87.927,-63.354,2,12
0.5684,1.1289,-0.2803,-102.439,-90.610,-61.037,2,12
0.5542,1.1201,-0.2959,-99.024,-93.049,-58.476,2,12
0.5459,1.1182,-0.3071,-95.549,-95.610,-56.220,2,12
-0.9268,0.1538,0.0645,28.049,-10.244,9.085,3,90
-0.9316,0.1553,0.0596,27.073,-10.305,8.963,3,90
-0.9448,0.1709,0.0522,24.329,-10.366,8.780,3,90
-0.9492,0.1782,0.0562,23.902,-10.671,8.659,3,90
-0.9512,0.1909,0.0347,22.683,-10.427,8.720,3,90
-0.9497,0.2012,0.0283,22.378,-9.878,8.659,3,90
-0.9697,0.2168,0.0137,22.012,-8.963,8.902,3,90
-0.9746,0.2231,0.0425,23.049,-7.988,9.268,3,90
0.0752,-1.1592,0.6021,25.915,34.451,-16.341,1,12
0.0796,-1.1519,0.5972,27.073,36.402,-16.463,1,12
0.0874,-1.1396,0.5967,27.927,37.927,-16.829,1,12
0.0815,-1.1304,0.6064,28.110,39.451,-16.707,1,12
0.0991,-1.1182,0.5952,27.439,40.000,-16.463,1,12
0.1152,-1.1221,0.5957,26.159,40.488,-15.915,1,12
0.1338,-1.1196,0.5938,24.634,40.244,-15.366,1,12
0.1489,-1.1279,0.5767,22.927,39.695,-15.000,1,12
0.5967,1.0483,-0.2808,-64.390,-110.732,-32.561,2,12
0.6021,1.0479,-0.2705,-60.976,-112.317,-30.183,2,12
0.6187,1.0552,-0.2705,-57.622,-113.598,-27.988,2,12
0.6104,1.0566,-0.2656,-54.695,-115.122,-25.976,2,12
0.6211,1.0679,-0.2612,-51.402,-116.829,-24.207,2,12
0.6108,1.0723,-0.2617,-48.963,-118.049,-22.439,2,12
0.6074,1.0850,-0.2485,-46.890,-119.878,-20.854,2,12
0.6001,1.0889,-0.2310,-45.366,-121.463,-19.329,2,12
-0.9688,0.3008,0.1260,23.780,-2.500,8.232,3,90
-0.9561,0.2930,0.0938,26.524,-1.707,8.659,3,90
-0.9502,0.2876,0.0693,30.793,-1.280,9.146,3,90
-0.9468,0.2764,0.0742,34.207,-0.732,8.841,3,90
-0.9507,0.2725,0.0874,37.378,-0.732,8.841,3,90
-0.9448,0.2578,0.1074,38.415,-0.793,8.841,3,90
-0.9404,0.2544,0.1016,38.354,-0.061,9.146,3,90
-0.9409,0.2417,0.0679,37.378,0.793,9.024,3,90
0.2686,-1.2480,0.4507,-9.573,28.171,-16.890,1,12
0.2651,-1.2578,0.4409,-14.390,26.829,-16.829,1,12
0.2637,-1.2607,0.4214,-19.024,25.793,-16.890,1,12
0.2676,-1.2671,0.3940,-24.207,25.061,-17.073,1,12
0.2661,-1.2690,0.3813,-28.963,24.634,-17.073,1,12
0.2563,-1.2612,0.3569,-34.695,25.122,-16.463,1,12
0.2515,-1.2646,0.3428,-39.817,25.488,-16.402,1,12
0.2515,-1.2549,0.3208,-45.122,26.707,-16.037,1,12
0.4839,1.0840,-0.2031,-40.793,-132.622,-3.963,2,12
0.4771,1.0698,-0.2065,-41.220,-133.537,-2.561,2,12
0.4727,1.0645,-0.2031,-41.402,-134.085,-1.646,2,12
0.4561,1.0625,-0.2031,-42.256,-134.695,-0.549,2,12
0.4434,1.0366,-0.2065,-42.683,-135.427,0.305,2,12
0.4287,1.0327,-0.2090,-42.927,-135.915,0.854,2,12
0.4248,1.0244,-0.2070,-43.293,-136.280,1.646,2,12
0.4150,1.0186,-0.2163,-43.354,-136.341,1.951,2,12
-0.9438,0.2686,0.0674,41.463,7.256,9.878,3,90
-0.9731,0.2578,0.1030,45.061,8.963,10.183,3,90
-0.9854,0.2813,0.1772,45.427,10.122,10.061,3,90
-0.9658,0.2910,0.1772,43.659,9.573,9.878,3,90
-0.9307,0.2671,0.1064,43.902,9.573,10.732,3,90
-0.9189,0.2441,0.0859,44.146,9.207,11.280,3,90
-0.9165,0.2271,0.1060,41.341,9.024,10.976,3,90
-0.9233,0.2153,0.1035,37.866,9.329,9.939,3,90
0.2495,-1.1035,0.2588,-72.622,49.207,-13.659,1,12
0.2534,-1.0918,0.2842,-73.110,52.073,-13.598,1,12
0.2563,-1.0742,0.2896,-73.049,53.780,-13.902,1,12
0.2651,-1.0615,0.3164,-72.561,56.037,-14.573,1,12
0.2739,-1.0483,0.3359,-71.707,57.805,-15.488,1,12
0.2744,-1.0435,0.3516,-71.402,59.634,-15.854,1,12
0.2788,-1.0356,0.3691,-70.976,60.976,-16.585,1,12
0.2925,-1.0361,0.3716,-70.305,62.805,-17.500,1,12
0.3550,1.0298,-0.2788,-46.768,-133.537,6.220,2,12
0.3350,1.0444,-0.2773,-47.073,-133.171,6.646,2,12
0.3267,1.0332,-0.2856,-47.500,-132.744,7.317,2,12
0.3188,1.0337,-0.2910,-47.927,-132.134,8.293,2,12
0.3076,1.0356,-0.3037,-48.598,-131.646,9.024,2,12
0.3013,1.0264,-0.2993,-48.476,-130.427,9.756,2,12
0.2910,1.0249,-0.3057,-48.720,-129.451,10.427,2,12
0.2754,1.0151,-0.3242,-48.537,-128.415,10.976,2,12
-1.0166,0.1079,0.0098,21.768,10.427,10.732,3,90
-1.0107,0.1172,0.0146,19.634,11.098,10.915,3,90
-1.0039,0.1299,0.0020,16.829,11.585,11.220,3,90
-1.0010,0.1357,-0.0303,14.268,11.524,11.037,3,90
-0.9995,0.1377,-0.0552,12.378,11.707,11.037,3,90
-1.0044,0.1572,-0.0498,11.098,11.829,10.854,3,90
-1.0068,0.1748,-0.0405,10.549,11.707,11.220,3,90
-1.0142,0.1797,-0.0347,10.427,11.951,11.585,3,90
0.3472,-1.0771,0.3975,-71.280,70.366,-25.671,1,12
0.3652,-1.0752,0.4092,-72.073,71.098,-26.707,1,12
0.3740,-1.0762,0.3994,-72.683,72.805,-27.988,1,12
0.3740,-1.0811,0.3926,-73.476,74.085,-28.841,1,12
0.3960,-1.0698,0.3853,-73.354,75.366,-29.817,1,12
0.4043,-1.0562,0.3828,-73.110,76.951,-30.122,1,12
0.4150,-1.0522,0.3896,-72.561,77.927,-30.244,1,12
0.4287,-1.0264,0.3843,-70.793,79.451,-30.244,1,12
0.2261,0.9966,-0.3228,-49.512,-115.183,18.415,2,12
0.2246,1.0029,-0.3301,-50.000,-113.415,18.780,2,12
0.2124,1.0029,-0.3271,-50.000,-112.744,19.573,2,12
0.2139,1.0083,-0.3403,-50.305,-110.610,20.122,2,12
0.2109,1.0015,-0.3267,-50.671,-109.268,20.976,2,12
0.2114,1.0010,-0.3276,-51.037,-107.378,21.341,2,12
0.2056,1.0039,-0.3267,-51.646,-105.671,22.073,2,12
0.2061,1.0122,-0.3354,-52.439,-103.415,22.744,2,12
-1.0220,0.2261,0.0332,9.268,14.146,13.780,3,90
-1.0264,0.2490,0.0352,9.207,14.329,13.841,3,90
-1.0200,0.2925,0.0493,8.537,14.573,13.963,3,90
-1.0195,0.3335,0.0513,7.256,14.695,14.024,3,90
-1.0137,0.3730,0.0625,6.951,14.695,14.268,3,90
-1.0088,0.4243,0.0713,6.524,14.817,14.695,3,90
-1.0029,0.5005,0.0938,7.622,14.695,15.610,3,90
-0.9888,0.5996,0.1230,8.780,14.268,17.317,3,90
0.4985,-0.7749,0.3672,-41.341,85.427,-22.500,1,12
0.4946,-0.7646,0.3711,-37.012,86.280,-21.220,1,12
0.4878,-0.7622,0.3647,-32.744,86.829,-20.366,1,12
0.4849,-0.7588,0.3569,-28.720,87.500,-18.780,1,12
0.4800,-0.7612,0.3604,-23.232,88.049,-17.500,1,12
0.4717,-0.7666,0.3560,-17.988,88.293,-16.463,1,12
0.4609,-0.7852,0.3560,-11.829,88.902,-15.305,1,12
0.4614,-0.7983,0.3623,-5.976,89.756,-13.963,1,12
0.1479,1.1294,-0.3345,-47.378,-89.939,27.866,2,12
0.1411,1.1294,-0.3320,-46.098,-88.537,28.232,2,12
0.1436,1.1299,-0.3237,-45.000,-86.646,28.598,2,12
0.1343,1.1294,-0.3213,-44.024,-84.939,29.207,2,12
0.1299,1.1309,-0.3223,-42.744,-83.415,29.939,2,12
0.1196,1.1260,-0.3130,-41.341,-81.890,30.610,2,12
0.1245,1.1226,-0.3091,-40.061,-80.610,31.646,2,12
0.1147,1.1221,-0.3062,-38.902,-78.902,32.256,2,12
-0.8892,0.5410,0.1958,50.671,11.768,22.866,3,90
-0.8984,0.5293,0.1812,54.268,11.951,21.037,3,90
-0.9048,0.5322,0.1621,56.890,12.012,20.000,3,90
-0.9331,0.5332,0.1460,59.024,11.707,19.146,3,90
-0.9531,0.5288,0.1465,60.061,11.585,18.476,3,90
-0.9604,0.5171,0.1362,61.463,11.524,17.927,3,90
-0.9663,0.4771,0.1143,62.988,11.707,18.110,3,90
-0.9668,0.4365,0.0962,63.841,11.220,17.683,3,90
0.4087,-0.9663,0.4575,30.732,93.841,-5.427,1,12
0.4092,-0.9922,0.4590,32.195,93.415,-5.305,1,12
0.4126,-1.0122,0.4829,33.171,92.439,-5.549,1,12
0.4102,-1.0308,0.4824,33.720,91.951,-5.854,1,12
0.4160,-1.0503,0.4946,33.537,90.976,-6.585,1,12
0.4204,-1.0708,0.5020,33.293,90.427,-7.256,1,12
0.4229,-1.0864,0.5059,31.890,89.268,-8.049,1,12
0.4307,-1.0957,0.5200,30.183,88.293,-9.024,1,12
0.0845,1.1162,-0.2935,-33.354,-65.793,38.293,2,12
0.0732,1.1133,-0.2925,-32.683,-64.268,38.963,2,12
0.0693,1.1108,-0.3022,-32.195,-62.927,39.329,2,12
0.0630,1.1152,-0.3027,-31.402,-61.768,39.634,2,12
0.0552,1.1094,-0.3081,-31.037,-60.305,39.878,2,12
0.0542,1.1206,-0.3018,-30.732,-58.720,40.366,2,12
0.0498,1.1162,-0.3091,-30.549,-57.317,40.732,2,12
0.0439,1.1118,-0.2969,-30.427,-55.915,40.976,2,12
-0.9453,0.1484,-0.0420,61.585,10.610,17.073,3,90
-0.9365,0.1299,-0.0732,60.915,10.366,17.012,3,90
-0.9316,0.0986,-0.0850,60.061,10.671,16.463,3,90
-0.9316,0.0762,-0.0996,58.902,10.732,15.671,3,90
-0.9229,0.0435,-0.1191,57.012,10.549,15.244,3,90
-0.9189,0.0181,-0.1343,55.244,10.976,14.939,3,90
-0.9023,-0.0093,-0.1494,52.927,11.098,14.329,3,90
-0.8994,-0.0327,-0.1533,50.488,11.341,13.598,3,90
0.4775,-1.0605,0.4824,5.671,71.098,-14.634,1,12
0.4824,-1.0356,0.4741,3.293,69.451,-14.756,1,12
0.4888,-1.0205,0.4570,0.366,67.988,-14.268,1,12
0.4922,-0.9980,0.4424,-1.951,66.402,-13.963,1,12
0.4980,-0.9849,0.4370,-4.329,65.671,-13.415,1,12
0.5029,-0.9668,0.4194,-6.402,64.695,-12.683,1,12
0.5073,-0.9409,0.4097,-8.171,64.329,-11.768,1,12
0.5127,-0.9355,0.4058,-9.512,63.537,-10.915,1,12
-0.0078,1.0981,-0.3101,-29.512,-43.720,44.756,2,12
-0.0088,1.0923,-0.3086,-29.329,-42.378,45.244,2,12
-0.0098,1.0835,-0.3115,-28.293,-41.402,45.244,2,12
-0.0112,1.0693,-0.3115,-27.683,-40.366,45.488,2,12
-0.0137,1.0635,-0.3105,-26.829,-39.024,45.610,2,12
-0.0181,1.0596,-0.3047,-26.098,-37.805,45.854,2,12
-0.0259,1.0449,-0.3057,-25.244,-36.524,45.732,2,12
-0.0229,1.0337,-0.3101,-24.085,-35.183,45.671,2,12
-0.8691,-0.1465,-0.2275,20.427,13.963,9.146,3,90
-0.8677,-0.1563,-0.2397,15.732,14.390,8.963,3,90
-0.8706,-0.1631,-0.2456,10.793,14.939,8.110,3,90
-0.8730,-0.1733,-0.2412,5.793,15.549,7.378,3,90
-0.8696,-0.1758,-0.2397,0.854,15.793,6.220,3,90
-0.8652,-0.1670,-0.2471,-4.207,16.280,5.122,3,90
-0.8701,-0.1680,-0.2378,-8.780,16.707,3.963,3,90
-0.8579,-0.1616,-0.2285,-13.780,17.256,3.598,3,90
0.4863,-0.9082,0.4199,-11.220,57.073,-2.866,1,12
0.4888,-0.9204,0.4229,-11.768,55.671,-2.378,1,12
0.4775,-0.9365,0.4185,-12.439,54.756,-2.073,1,12
0.4702,-0.9438,0.4116,-13.598,53.049,-1.707,1,12
0.4663,-0.9663,0.4175,-14.939,51.829,-1.890,1,12
0.4575,-0.9766,0.4097,-15.976,50.610,-1.890,1,12
0.4512,-0.9941,0.3975,-17.195,49.085,-2.256,1,12
0.4414,-1.0078,0.3975,-18.354,47.988,-2.561,1,12
-0.0513,1.0034,-0.2930,-17.866,-24.390,43.293,2,12
-0.0483,1.0093,-0.2993,-17.439,-23.293,43.232,2,12
-0.0586,1.0059,-0.2925,-17.012,-22.073,42.805,2,12
-0.0542,1.0093,-0.2935,-16.890,-21.037,42.805,2,12
-0.0552,1.0142,-0.2998,-16.707,-19.756,42.500,2,12
-0.0625,1.0151,-0.3027,-16.585,-18.720,42.012,2,12
-0.0640,1.0171,-0.3110,-16.037,-18.049,41.951,2,12
-0.0708,1.0103,-0.3086,-15.915,-17.012,41.463,2,12
-0.8652,0.0449,-0.1284,-41.280,19.268,1.768,3,90
-0.8530,0.0786,-0.1479,-40.732,19.512,1.829,3,90
-0.8589,0.1025,-0.1572,-38.963,20.000,2.378,3,90
-0.8604,0.1338,-0.1733,-36.890,19.817,2.378,3,90
-0.8730,0.1641,-0.1792,-34.878,20.061,2.317,3,90
-0.8833,0.1841,-0.1729,-33.049,19.939,2.622,3,90
-0.8794,0.2070,-0.1748,-30.854,19.634,2.500,3,90
-0.8843,0.2144,-0.1675,-29.024,19.390,2.622,3,90
0.4131,-1.0122,0.3271,-21.341,37.134,-7.561,1,12
0.4214,-0.9966,0.3130,-21.220,35.854,-7.744,1,12
0.4238,-0.9878,0.3081,-21.098,35.305,-7.988,1,12
0.4233,-0.9810,0.2949,-20.732,34.085,-8.232,1,12
0.4253,-0.9702,0.2856,-20.061,32.988,-8.232,1,12
0.4268,-0.9590,0.2803,-19.207,32.073,-8.049,1,12
0.4312,-0.9517,0.2778,-17.561,31.220,-7.622,1,12
0.4326,-0.9360,0.2744,-15.732,30.000,-7.378,1,12
-0.0908,0.9961,-0.3428,-14.939,-7.378,36.463,2,12
-0.0952,1.0078,-0.3428,-15.427,-6.280,35.549,2,12
-0.0952,1.0029,-0.3394,-15.549,-5.183,35.000,2,12
-0.0957,1.0039,-0.3438,-15.976,-4.024,34.024,2,12
-0.0928,1.0054,-0.3408,-16.037,-2.866,33.598,2,12
-0.0972,1.0029,-0.3428,-16.037,-1.524,32.866,2,12
-0.0977,1.0020,-0.3486,-15.732,-0.305,32.439,2,12
-0.0894,1.0039,-0.3521,-15.061,1.159,31.585,2,12
-0.8501,0.3301,-0.0054,-16.646,20.244,0.793,3,90
-0.8452,0.3174,-0.0234,-16.768,20.305,1.463,3,90
-0.8369,0.3066,-0.0234,-17.134,20.305,2.317,3,90
-0.8320,0.3013,-0.0308,-19.024,19.817,2.500,3,90
-0.8462,0.2969,-0.0273,-21.341,19.573,2.256,3,90
-0.8662,0.2876,-0.0322,-23.293,19.268,1.829,3,90
-0.8755,0.2876,-0.0352,-25.183,19.024,1.463,3,90
-0.8857,0.2783,-0.0298,-27.134,18.841,1.098,3,90
0.4150,-0.8813,0.2646,3.841,25.244,-1.585,1,12
0.4131,-0.8813,0.2725,5.183,25.122,-0.976,1,12
0.4116,-0.8955,0.2725,5.915,24.634,-0.610,1,12
0.4077,-0.9185,0.2739,6.768,24.573,-0.061,1,12
0.4023,-0.9321,0.2866,7.439,24.085,0.244,1,12
0.3999,-0.9570,0.2915,8.049,23.537,0.366,1,12
0.3965,-0.9868,0.2939,8.232,23.293,0.488,1,12
0.3945,-1.0039,0.3022,7.988,23.171,0.244,1,12
-0.0947,1.0845,-0.3779,-8.049,12.927,25.061,2,12
-0.0928,1.0977,-0.3848,-5.915,13.902,24.390,2,12
-0.0942,1.1079,-0.3931,-4.207,15.610,23.841,2,12
-0.0996,1.1206,-0.3921,-2.439,16.829,23.293,2,12
-0.1025,1.1313,-0.3906,-0.366,18.293,22.195,2,12
-0.1016,1.1416,-0.3950,2.256,19.207,21.829,2,12
-0.1021,1.1655,-0.4004,5.061,20.488,20.976,2,12
-0.1089,1.1738,-0.4102,7.683,21.951,20.427,2,12
-0.9292,0.3086,-0.0420,-44.451,18.354,1.037,3,90
-0.9277,0.3052,-0.0576,-43.659,18.110,0.671,3,90
-0.9194,0.3062,-0.0815,-42.378,17.744,0.610,3,90
-0.9136,0.3047,-0.1050,-40.610,17.805,0.000,3,90
-0.9141,0.3081,-0.1196,-39.146,17.866,-0.671,3,90
-0.9106,0.3115,-0.1226,-38.415,17.561,-1.707,3,90
-0.9199,0.3022,-0.1143,-37.622,16.951,-2.683,3,90
-0.9175,0.3091,-0.1211,-37.622,16.707,-3.293,3,90
0.4214,-1.2012,0.2856,-7.866,18.720,-5.000,1,12
0.4375,-1.2139,0.2710,-10.244,17.988,-5.549,1,12
0.4404,-1.2231,0.2632,-13.476,17.683,-6.402,1,12
0.4556,-1.2344,0.2485,-15.915,17.195,-6.707,1,12
0.4658,-1.2358,0.2373,-18.354,16.524,-7.012,1,12
0.4790,-1.2383,0.2397,-20.549,15.915,-7.378,1,12
0.4785,-1.2339,0.2383,-22.561,15.244,-7.256,1,12
0.4927,-1.2158,0.2397,-23.293,15.000,-6.829,1,12
-0.1118,1.2949,-0.3794,34.146,33.659,15.976,2,12
-0.1138,1.3081,-0.3735,37.317,35.122,15.610,2,12
-0.1030,1.3164,-0.3833,40.122,36.402,14.878,2,12
-0.1079,1.3330,-0.3770,42.683,37.927,14.573,2,12
-0.1016,1.3477,-0.3652,45.549,39.451,14.146,2,12
-0.1016,1.3682,-0.3735,48.110,40.915,13.415,2,12
-0.1045,1.3760,-0.3672,50.671,42.317,12.866,2,12
-0.0874,1.4028,-0.3647,52.927,43.780,12.317,2,12
-0.9600,0.3311,-0.0669,-45.732,11.951,-7.073,3,90
-0.9727,0.3306,-0.0713,-45.732,11.707,-7.256,3,90
-0.9922,0.3276,-0.0630,-44.878,11.341,-7.256,3,90
-0.9985,0.3286,-0.0537,-43.659,11.341,-7.317,3,90
-1.0044,0.3232,-0.0630,-42.988,10.793,-7.622,3,90
-1.0068,0.2983,-0.0771,-42.500,10.488,-7.622,3,90
-1.0200,0.2783,-0.0703,-43.354,9.878,-7.866,3,90
-1.0278,0.2695,-0.0737,-45.366,8.841,-8.659,3,90
0.6157,-1.0503,0.3213,-24.146,7.744,0.000,1,12
0.6226,-1.0386,0.3452,-22.195,6.159,0.183,1,12
0.6338,-1.0322,0.3560,-19.878,4.817,1.341,1,12
0.6533,-1.0361,0.3833,-16.402,3.171,2.378,1,12
0.6685,-1.0381,0.3906,-12.622,1.280,3.293,1,12
0.6763,-1.0396,0.3979,-8.476,0.549,4.512,1,12
0.6948,-1.0430,0.4097,-4.085,-1.402,5.427,1,12
0.7114,-1.0444,0.4136,1.280,-2.866,6.280,1,12
-0.0527,1.5454,-0.4229,73.963,55.671,8.049,2,12
-0.0591,1.5483,-0.4297,75.854,57.012,7.805,2,12
-0.0488,1.5576,-0.4355,78.049,58.293,6.951,2,12
-0.0518,1.5630,-0.4404,80.488,59.939,6.646,2,12
-0.0605,1.5625,-0.4443,83.232,61.463,5.732,2,12
-0.0635,1.5684,-0.4448,85.915,62.805,5.366,2,12
-0.0596,1.5796,-0.4468,88.049,64.146,4.756,2,12
-0.0664,1.5757,-0.4453,91.037,66.098,4.207,2,12
-1.1123,0.1602,-0.1387,-41.890,6.829,-12.195,3,90
-1.0874,0.1582,-0.1592,-41.341,6.220,-12.317,3,90
-1.0708,0.1611,-0.1533,-40.732,5.854,-12.744,3,90
-1.0625,0.1563,-0.1377,-41.524,5.488,-13.293,3,90
-1.0420,0.1680,-0.1382,-42.805,5.061,-14.207,3,90
-1.0283,0.1660,-0.1572,-43.841,4.451,-14.817,3,90
-1.0122,0.1724,-0.1533,-45.122,3.780,-15.915,3,90
-1.0015,0.1772,-0.1479,-46.707,3.049,-17.012,3,90
0.9375,-1.1387,0.5771,34.390,-15.549,12.317,1,12
0.9697,-1.1636,0.5879,33.841,-18.171,12.073,1,12
0.9995,-1.1816,0.6030,33.171,-20.793,11.768,1,12
1.0420,-1.1978,0.6211,32.500,-23.537,11.646,1,12
1.0840,-1.2046,0.6333,31.768,-27.012,10.976,1,12
1.1313,-1.2114,0.6421,30.915,-30.061,10.671,1,12
1.1782,-1.2095,0.6426,30.183,-33.232,9.817,1,12
1.2344,-1.2090,0.6504,29.390,-36.463,9.207,1,12
-0.0005,1.5850,-0.3984,115.000,82.317,-1.890,2,12
0.0059,1.5723,-0.3848,117.683,83.720,-2.927,2,12
0.0186,1.5703,-0.3774,120.427,85.000,-3.780,2,12
0.0151,1.5684,-0.3608,123.171,86.098,-4.878,2,12
0.0303,1.5566,-0.3579,125.976,87.317,-6.159,2,12
0.0474,1.5498,-0.3462,128.598,88.415,-7.256,2,12
0.0537,1.5352,-0.3413,131.220,89.451,-8.537,2,12
0.0728,1.5229,-0.3242,133.293,90.732,-9.573,2,12
-0.9150,0.2100,-0.2202,-56.220,-4.512,-25.366,3,90
-0.9043,0.1631,-0.2446,-57.439,-5.305,-26.829,3,90
-0.9063,0.1108,-0.2700,-58.171,-5.854,-29.024,3,90
-0.8994,0.0698,-0.2744,-59.024,-6.585,-31.524,3,90
-0.9048,0.0615,-0.2607,-60.000,-7.439,-33.780,3,90
-0.9248,0.0859,-0.2363,-61.402,-8.902,-36.280,3,90
-0.9346,0.1455,-0.1885,-63.415,-10.488,-37.561,3,90
-0.9341,0.2251,-0.1440,-65.793,-12.439,-38.293,3,90
2.1606,-0.9424,0.5752,44.756,-67.378,-7.805,1,12
2.3252,-0.8633,0.6104,48.598,-71.951,-11.524,1,12
2.5063,-0.7754,0.6411,52.073,-77.317,-15.183,1,12
2.6875,-0.6797,0.6792,53.963,-84.207,-18.415,1,12
2.8945,-0.5835,0.7012,55.488,-93.110,-20.427,1,12
3.0996,-0.4990,0.7168,57.134,-103.659,-21.463,1,12
3.3540,-0.4004,0.7539,60.976,-123.171,-18.659,1,12
3.4458,-0.3672,0.7798,64.329,-137.256,-14.634,1,12
0.1855,1.3398,-0.2661,145.976,97.439,-22.439,2,12
0.1914,1.3184,-0.2598,146.829,97.561,-23.902,2,12
0.1987,1.2930,-0.2559,146.707,97.988,-25.305,2,12
0.2036,1.2671,-0.2480,147.500,98.171,-26.585,2,12
0.2080,1.2476,-0.2354,147.317,98.232,-27.927,2,12
0.2139,1.2197,-0.2319,147.378,98.049,-29.146,2,12
0.2139,1.1899,-0.2334,147.439,97.744,-30.000,2,12
0.2139,1.1689,-0.2290,147.073,97.622,-30.793,2,12
-0.9634,0.4116,-0.0156,-58.049,-21.341,-31.402,3,90
-0.9609,0.4185,-0.0269,-55.671,-22.195,-30.671,3,90
-0.9507,0.4170,-0.0205,-52.622,-22.683,-30.000,3,90
-0.9453,0.4165,-0.0225,-49.390,-23.537,-29.756,3,90
-0.9390,0.4199,-0.0205,-46.402,-24.024,-29.451,3,90
-0.9219,0.4121,-0.0146,-42.927,-24.024,-28.659,3,90
-0.9102,0.3994,-0.0195,-39.695,-24.634,-28.049,3,90
-0.8931,0.3940,-0.0313,-36.220,-24.451,-27.378,3,90
3.9873,-0.0688,1.2603,71.037,-211.341,5.549,1,12
4.0469,-0.0083,1.3301,63.720,-214.756,2.744,1,12
4.1089,0.0278,1.3838,56.341,-218.171,-2.622,1,12
4.1675,0.0498,1.3843,50.549,-221.524,-10.305,1,12
4.2109,0.0869,1.3579,46.341,-225.915,-20.122,1,12
4.2236,0.1416,1.3242,43.537,-232.744,-29.146,1,12
4.1826,0.2051,1.3008,41.037,-240.549,-35.671,1,12
4.0947,0.2944,1.2827,39.390,-251.037,-39.024,1,12
0.2124,0.8765,-0.1606,142.378,95.366,-36.037,2,12
0.2075,0.8442,-0.1436,140.732,94.878,-36.159,2,12
0.2192,0.8057,-0.1309,139.024,94.512,-36.341,2,12
0.2280,0.7793,-0.1133,137.439,94.390,-36.159,2,12
0.2393,0.7417,-0.0967,135.671,94.024,-36.341,2,12
0.2554,0.7036,-0.0786,133.293,93.963,-35.915,2,12
0.2852,0.6685,-0.0669,131.098,93.841,-35.488,2,12
0.2979,0.6343,-0.0400,128.902,93.476,-35.183,2,12
-0.8105,0.2227,-0.0234,-9.634,-22.256,-24.207,3,90
-0.8057,0.2075,-0.0332,-8.293,-21.829,-23.780,3,90
-0.8013,0.1890,-0.0352,-6.707,-21.159,-23.171,3,90
-0.7871,0.1616,-0.0410,-5.305,-20.488,-22.988,3,90
-0.7866,0.1504,-0.0327,-4.085,-19.451,-22.683,3,90
-0.7612,0.1299,-0.0303,-3.232,-19.268,-22.622,3,90
-0.7490,0.1123,-0.0195,-3.110,-18.476,-22.622,3,90
-0.7295,0.1045,-0.0098,-3.415,-17.866,-22.683,3,90
3.2988,0.8374,1.1328,13.293,-282.256,8.415,1,12
3.2417,0.8706,1.2134,1.280,-278.049,12.500,1,12
3.2075,0.8950,1.2988,-12.683,-274.390,17.439,1,12
3.1729,0.9165,1.3828,-28.780,-272.317,22.134,1,12
3.1650,0.9395,1.4634,-45.305,-270.122,28.049,1,12
3.1313,0.9795,1.5474,-60.305,-268.780,36.037,1,12
3.0757,1.0371,1.6855,-71.829,-267.744,46.220,1,12
2.9463,1.1841,1.9121,-83.780,-265.732,64.451,1,12
2.8198,1.2983,2.0303,-91.768,-264.085,77.805,1,12
2.6831,1.3447,2.0947,-101.402,-262.256,92.805,1,12
2.5205,1.3286,2.0913,-113.720,-259.451,107.927,1,12
2.3604,1.2227,2.0342,-127.439,-255.976,123.293,1,12
2.1943,1.0894,1.9805,-141.463,-250.793,137.500,1,12
2.0298,0.9351,1.9365,-155.427,-242.561,150.671,1,12
1.8828,0.7847,1.9077,-169.451,-231.524,163.963,1,12
1.5361,0.1387,1.7549,-192.683,-219.146,183.780,1,12
0.5879,-1.2583,3.9150,-258.659,-193.354,232.012,1,12
0.3281,-2.0063,3.4136,-264.146,-138.598,289.939,1,12
0.1699,-2.3618,2.4888,-318.963,-88.049,346.463,1,12
-0.7905,-2.8022,3.7729,-418.659,-77.744,388.354,1,12
-2.0488,-3.3213,5.5566,-479.146,-112.500,403.110,1,12
-10.6235,-8.6548,0.5488,-210.976,-139.146,285.976,1,12
-16.0000,-8.4604,-3.2769,609.024,-86.341,-269.329,1,12
-16.0000,-6.9077,0.3545,1011.951,-83.537,-720.976,1,12
0.6113,0.0054,0.0264,45.976,60.671,-26.159,2,12
0.5952,0.0059,0.0254,43.720,60.793,-27.683,2,12
0.5723,0.0088,0.0190,41.768,61.098,-28.963,2,12
0.5586,0.0107,0.0073,39.939,61.402,-31.037,2,12
0.5269,0.0029,0.0010,39.268,62.378,-33.171,2,12
0.5186,-0.0103,-0.0146,39.329,62.988,-35.183,2,12
0.4951,-0.0049,-0.0381,40.000,64.024,-37.805,2,12
0.4834,-0.0029,-0.0542,41.768,64.695,-40.366,2,12
-0.7261,0.2417,0.1768,-66.768,-13.049,-22.805,3,90
-0.7388,0.3140,0.2485,-68.598,-14.329,-21.037,3,90
-0.7666,0.3940,0.3184,-70.061,-15.488,-19.390,3,90
-0.8081,0.4878,0.4087,-71.159,-17.195,-16.524,3,90
-0.8740,0.5933,0.4722,-70.976,-18.110,-13.171,3,90
-0.9722,0.6831,0.5444,-69.817,-18.902,-9.207,3,90
-1.0942,0.7676,0.6177,-67.012,-19.024,-4.878,3,90
-1.2241,0.8066,0.6602,-63.780,-18.110,-0.671,3,90
-4.9722,-2.8682,-1.3115,42.378,-72.805,-114.695,1,12
-5.8281,-2.3574,-1.2197,118.780,-68.841,-42.622,1,12
-6.7456,-1.7568,-1.1196,129.817,-36.037,57.134,1,12
-6.8516,-1.2593,-1.0708,99.146,1.585,147.683,1,12
-5.9790,-0.8394,-1.0815,56.768,32.439,208.537,1,12
-4.7612,-0.5112,-1.1753,15.366,48.659,235.305,1,12
-3.2290,-0.3252,-1.1616,-21.524,43.293,226.037,1,12
-2.4800,-0.3101,-1.0337,-27.134,28.354,201.768,1,12
0.4014,0.0269,-0.0801,62.988,71.037,-62.012,2,12
0.4106,0.0073,-0.0693,63.963,71.341,-62.683,2,12
0.4243,0.0034,-0.0601,64.085,71.524,-62.744,2,12
0.4507,-0.0146,-0.0640,64.695,71.585,-63.476,2,12
0.4790,-0.0161,-0.0674,65.305,71.280,-63.841,2,12
0.5054,-0.0210,-0.0635,65.732,70.854,-64.024,2,12
0.5322,-0.0229,-0.0581,66.098,70.244,-64.390,2,12
0.5430,-0.0195,-0.0806,66.159,69.024,-65.000,2,12
-1.4458,0.0742,0.0391,-9.146,9.329,-21.159,3,90
-1.2573,0.1045,0.0151,-6.768,10.305,-24.695,3,90
-1.0894,0.1328,0.0254,-6.829,10.976,-25.976,3,90
-0.9478,0.1563,0.0044,-8.902,10.610,-26.463,3,90
-0.8359,0.1675,-0.0215,-12.012,9.207,-25.427,3,90
-0.7656,0.1558,-0.0625,-15.671,7.744,-23.659,3,90
-0.7368,0.1416,-0.0874,-19.329,5.976,-21.646,3,90
-0.7500,0.1221,-0.1196,-23.354,4.878,-21.037,3,90
-0.5176,0.3545,-0.5728,8.049,85.000,-15.976,1,12
-0.3794,0.5029,-0.3794,27.195,97.988,-38.354,1,12
-0.2744,0.5830,-0.1167,52.622,112.805,-57.988,1,12
-0.2822,0.6680,0.1851,78.232,128.049,-71.646,1,12
-0.1372,0.7002,0.4990,102.561,149.085,-81.524,1,12
-0.0039,0.7324,0.7446,126.585,170.061,-90.244,1,12
0.1514,0.7197,1.0273,146.463,190.732,-96.220,1,12
0.3154,0.6426,1.2773,159.207,209.207,-99.634,1,12
0.6211,0.0771,-0.2061,50.976,55.976,-68.780,2,12
0.6250,0.0977,-0.2080,48.659,55.366,-68.476,2,12
0.6299,0.1147,-0.2134,46.402,54.695,-67.988,2,12
0.6362,0.1230,-0.2163,44.390,53.659,-67.134,2,12
0.6396,0.1387,-0.2212,41.646,52.866,-66.524,2,12
0.6479,0.1567,-0.2261,39.817,51.890,-65.610,2,12
0.6587,0.1729,-0.2280,36.951,50.671,-64.817,2,12
0.6729,0.1802,-0.2222,34.451,49.451,-63.780,2,12
-0.9146,-0.0396,-0.0752,-28.049,-2.744,-14.390,3,90
-0.9263,-0.0532,-0.0757,-29.085,-3.354,-14.329,3,90
-0.9658,-0.0645,-0.0864,-34.329,-4.512,-13.476,3,90
-0.9722,-0.0713,-0.1001,-36.220,-4.939,-13.171,3,90
-0.9854,-0.0757,-0.1016,-40.793,-5.732,-12.683,3,90
-0.9956,-0.0610,-0.1060,-47.256,-6.890,-12.012,3,90
-0.9888,-0.0596,-0.0874,-50.549,-7.988,-12.195,3,90
-0.9834,-0.0430,-0.0947,-53.293,-8.598,-12.317,3,90
2.2485,-2.1431,2.1802,260.488,161.524,-78.232,1,12
2.0146,-2.1284,2.1733,263.963,111.280,-20.854,1,12
1.6055,-2.0308,2.0767,257.866,69.451,49.695,1,12
1.7368,-1.7139,1.8662,249.207,47.744,109.024,1,12
1.6768,-1.6812,1.5396,240.915,48.415,137.378,1,12
1.6675,-1.5684,0.8799,211.951,60.610,143.902,1,12
1.5571,-1.4829,0.4248,176.098,68.110,134.146,1,12
1.4214,-1.4829,0.0947,143.110,73.171,112.561,1,12
0.7334,0.2212,-0.2397,-0.122,33.720,-55.915,2,12
0.7339,0.2324,-0.2427,-5.183,32.012,-55.488,2,12
0.7373,0.2432,-0.2495,-10.366,30.000,-54.756,2,12
0.7388,0.2495,-0.2573,-15.793,27.927,-54.329,2,12
0.7368,0.2578,-0.2563,-21.098,26.220,-53.780,2,12
0.7407,0.2739,-0.2686,-26.585,24.085,-53.110,2,12
0.7314,0.2827,-0.2817,-32.500,22.134,-52.683,2,12
0.7344,0.2930,-0.2871,-37.744,20.000,-52.317,2,12
-0.9819,0.1665,-0.0156,-26.951,-7.561,-5.305,3,90
-0.9893,0.1777,-0.0117,-20.366,-7.439,-4.878,3,90
-0.9956,0.1816,-0.0039,-13.963,-7.012,-3.537,3,90
-0.9971,0.1836,-0.0107,-7.317,-6.707,-2.500,3,90
-1.0127,0.1738,-0.0015,-0.915,-6.707,-1.646,3,90
-1.0161,0.1660,-0.0156,4.451,-6.463,-0.488,3,90
-1.0151,0.1650,-0.0186,9.085,-6.220,0.122,3,90
-1.0122,0.1543,-0.0186,13.415,-6.037,0.854,3,90
-0.0645,-1.2852,1.0254,36.890,115.183,-0.366,1,12
-0.1094,-1.3438,1.0938,31.768,113.720,-3.415,1,12
-0.1377,-1.4102,1.1572,28.049,109.512,-5.915,1,12
-0.1494,-1.4805,1.1753,24.512,102.073,-9.451,1,12
-0.1426,-1.5366,1.1675,21.646,91.890,-12.805,1,12
-0.1313,-1.5815,1.1230,19.695,79.939,-16.280,1,12
-0.1118,-1.6084,1.0928,19.207,67.561,-19.573,1,12
-0.0908,-1.5952,1.0420,19.878,55.732,-22.439,1,12
0.7397,0.3901,-0.3135,-79.146,3.049,-51.341,2,12
0.7471,0.4038,-0.3032,-82.866,0.671,-51.890,2,12
0.7388,0.4180,-0.3062,-85.793,-0.915,-52.073,2,12
0.7437,0.4253,-0.2974,-88.232,-2.805,-52.866,2,12
0.7456,0.4487,-0.2998,-91.098,-4.329,-53.232,2,12
0.7354,0.4668,-0.2905,-93.415,-6.280,-53.963,2,12
0.7368,0.4873,-0.2837,-95.732,-7.561,-54.329,2,12
0.7314,0.5127,-0.2729,-97.500,-9.390,-55.122,2,12
-0.9502,0.1318,-0.0342,42.317,-5.915,4.695,3,90
-0.9419,0.1396,-0.0205,44.817,-5.793,5.244,3,90
-0.9541,0.1528,-0.0083,47.500,-5.488,5.671,3,90
-0.9575,0.1626,0.0020,50.000,-5.610,6.524,3,90
-0.9634,0.1543,0.0229,52.500,-5.305,7.195,3,90
-0.9624,0.1548,0.0415,55.061,-5.366,7.805,3,90
-0.9541,0.1475,0.0430,57.561,-5.000,9.207,3,90
-0.9580,0.1479,0.0718,59.512,-5.183,9.756,3,90
-0.0366,-0.9438,1.2085,41.463,57.500,-22.927,1,12
-0.0234,-0.9180,1.2329,39.817,61.098,-21.768,1,12
-0.0103,-0.9253,1.2505,38.049,62.378,-20.976,1,12
0.0239,-0.9409,1.2471,36.951,61.890,-20.366,1,12
0.0586,-0.9722,1.2354,36.890,59.024,-20.488,1,12
0.1299,-1.0474,1.1953,38.476,50.915,-21.890,1,12
0.1797,-1.1040,1.1582,40.732,43.902,-24.085,1,12
0.2373,-1.1499,1.1172,42.988,36.220,-26.829,1,12
0.7393,0.7368,-0.2261,-106.768,-24.268,-51.585,2,12
0.7432,0.7593,-0.2363,-105.610,-26.463,-50.793,2,12
0.7383,0.7764,-0.2358,-104.085,-28.902,-49.329,2,12
0.7461,0.7925,-0.2324,-102.317,-31.098,-48.110,2,12
0.7490,0.8130,-0.2388,-100.549,-32.927,-46.951,2,12
0.7451,0.8169,-0.2437,-98.415,-35.488,-45.671,2,12
0.7534,0.8350,-0.2490,-96.280,-37.561,-44.512,2,12
0.7490,0.8394,-0.2534,-94.085,-39.573,-43.293,2,12
-0.9688,0.1470,0.0288,63.049,-4.756,12.622,3,90
-0.9751,0.1406,0.0308,62.744,-5.000,12.683,3,90
-0.9692,0.1353,0.0430,62.744,-5.122,12.988,3,90
-0.9678,0.1284,0.0371,62.439,-4.878,13.171,3,90
-0.9629,0.1289,0.0439,62.073,-4.939,13.232,3,90
-0.9580,0.1221,0.0352,62.073,-4.939,13.780,3,90
-0.9531,0.1235,0.0415,61.341,-5.122,13.659,3,90
-0.9458,0.1201,0.0420,60.366,-5.305,14.146,3,90
0.4507,-1.2793,0.9268,38.598,0.061,-52.805,1,12
0.3848,-1.2480,0.9307,36.890,-5.793,-49.939,1,12
0.3003,-1.2192,0.9365,35.122,-11.280,-46.159,1,12
0.2119,-1.1953,0.9370,32.744,-17.378,-42.744,1,12
0.1211,-1.1743,0.9209,31.585,-22.988,-40.549,1,12
0.0337,-1.1636,0.9165,29.268,-28.902,-39.146,1,12
-0.0459,-1.1528,0.8955,28.232,-34.085,-38.415,1,12
-0.1172,-1.1499,0.8779,27.805,-38.902,-37.744,1,12
0.6987,0.8970,-0.2515,-73.598,-55.000,-30.122,2,12
0.6943,0.8989,-0.2451,-72.744,-56.585,-28.232,2,12
0.6909,0.8970,-0.2397,-71.341,-57.927,-26.341,2,12
0.6919,0.8906,-0.2368,-70.000,-59.146,-24.268,2,12
0.6841,0.8979,-0.2324,-68.659,-60.793,-22.256,2,12
0.6782,0.8984,-0.2217,-67.073,-61.890,-20.183,2,12
0.6714,0.8965,-0.2114,-66.037,-63.537,-17.744,2,12
0.6646,0.8955,-0.2031,-65.488,-64.695,-15.732,2,12
-0.9126,0.1953,-0.0044,43.720,-9.085,12.378,3,90
-0.9067,0.2104,-0.0015,42.256,-10.061,11.585,3,90
-0.9116,0.2329,-0.0098,40.549,-11.159,11.037,3,90
-0.9087,0.2417,-0.0117,39.634,-11.524,10.305,3,90
-0.9092,0.2559,0.0015,38.476,-12.439,9.512,3,90
-0.9204,0.2642,0.0005,38.354,-13.659,9.024,3,90
-0.9219,0.2627,0.0049,38.171,-14.146,8.537,3,90
-0.9189,0.2637,0.0078,38.232,-14.756,8.171,3,90
-0.3853,-1.0347,0.6987,63.171,-27.866,-48.171,1,12
-0.3730,-1.0039,0.6826,67.378,-20.244,-48.963,1,12
-0.3638,-0.9971,0.6821,68.659,-17.378,-48.963,1,12
-0.3438,-0.9771,0.6782,70.915,-12.012,-49.390,1,12
-0.3032,-0.9595,0.6826,72.805,-5.549,-49.268,1,12
-0.2734,-0.9512,0.6831,73.963,-1.524,-49.390,1,12
-0.2388,-0.9468,0.7002,74.573,2.195,-48.841,1,12
-0.1963,-0.9355,0.6831,73.902,4.085,-48.598,1,12
0.6143,0.8555,-0.1587,-63.354,-78.232,2.805,2,12
0.6113,0.8408,-0.1523,-62.927,-80.000,5.183,2,12
0.6128,0.8252,-0.1499,-63.415,-81.341,7.073,2,12
0.6079,0.8154,-0.1509,-63.354,-82.622,8.476,2,12
0.6025,0.7969,-0.1499,-64.024,-83.537,10.366,2,12
0.6021,0.7920,-0.1509,-64.024,-84.878,11.646,2,12
0.6045,0.7773,-0.1606,-64.451,-85.610,13.171,2,12
0.6069,0.7598,-0.1558,-65.000,-86.707,14.268,2,12
-0.8916,0.2134,0.0259,31.463,-19.451,1.585,3,90
-0.8911,0.2065,0.0259,31.463,-19.878,0.915,3,90
-0.9067,0.1987,0.0190,31.585,-20.366,0.671,3,90
-0.9238,0.1821,0.0186,31.220,-20.671,0.366,3,90
-0.9287,0.1802,0.0176,30.793,-20.976,0.183,3,90
-0.9458,0.1787,0.0234,29.817,-21.280,0.366,3,90
-0.9556,0.1812,0.0288,29.268,-21.280,0.366,3,90
-0.9492,0.1772,0.0249,28.354,-21.707,0.305,3,90
0.1411,-0.9224,0.6006,62.561,-3.171,-44.146,1,12
0.1592,-0.9268,0.5723,59.817,-5.915,-43.720,1,12
0.1763,-0.9155,0.5640,56.829,-8.537,-42.988,1,12
0.1904,-0.9126,0.5508,54.268,-10.915,-42.256,1,12
0.1987,-0.9077,0.5391,51.463,-13.780,-41.280,1,12
0.2090,-0.9067,0.5215,48.841,-15.366,-40.061,1,12
0.2119,-0.9009,0.5142,45.305,-17.317,-38.841,1,12
0.2090,-0.8975,0.5044,42.439,-18.232,-37.866,1,12
0.5908,0.6782,-0.1685,-72.195,-93.780,22.439,2,12
0.5786,0.6641,-0.1704,-74.024,-94.756,22.744,2,12
0.5796,0.6421,-0.1714,-74.634,-95.427,23.110,2,12
0.5703,0.6401,-0.1758,-75.366,-96.341,23.659,2,12
0.5620,0.6255,-0.1797,-76.768,-97.134,23.902,2,12
0.5571,0.6206,-0.1880,-77.927,-97.500,24.390,2,12
0.5376,0.6113,-0.1875,-79.085,-98.049,24.573,2,12
0.5347,0.5928,-0.1846,-79.634,-98.659,24.817,2,12
-0.9604,0.1738,0.0605,25.549,-22.744,-0.427,3,90
-0.9629,0.1763,0.0688,25.549,-22.683,-0.183,3,90
-0.9639,0.1670,0.0625,24.756,-22.317,-0.183,3,90
-0.9707,0.1704,0.0669,24.085,-22.378,-0.244,3,90
-0.9697,0.1694,0.0698,23.780,-22.195,-0.183,3,90
-0.9707,0.1602,0.0615,23.415,-22.012,0.183,3,90
-0.9648,0.1577,0.0664,22.866,-21.951,-0.244,3,90
-0.9639,0.1650,0.0664,22.988,-21.951,-0.061,3,90
0.1479,-0.8613,0.4429,12.134,-10.549,-29.146,1,12
0.1475,-0.8413,0.4463,7.927,-8.232,-29.085,1,12
0.1553,-0.8228,0.4395,5.244,-6.585,-29.878,1,12
0.1572,-0.7983,0.4385,3.720,-5.061,-30.366,1,12
0.1636,-0.7734,0.4375,2.256,-3.293,-31.159,1,12
0.1699,-0.7515,0.4277,1.037,-2.073,-31.707,1,12
0.1763,-0.7236,0.4365,1.768,-0.366,-32.195,1,12
0.1812,-0.7002,0.4448,3.293,1.585,-32.500,1,12
0.4839,0.5620,-0.2070,-86.280,-101.463,21.341,2,12
0.4873,0.5645,-0.2061,-85.976,-101.768,20.793,2,12
0.4849,0.5679,-0.2070,-85.671,-101.341,19.634,2,12
0.4839,0.5718,-0.2021,-85.488,-101.098,18.902,2,12
0.4785,0.5815,-0.2031,-85.488,-100.732,18.049,2,12
0.4810,0.5908,-0.2021,-85.305,-100.671,16.585,2,12
0.4775,0.6001,-0.1934,-85.000,-100.427,15.915,2,12
0.4707,0.6133,-0.1875,-84.939,-100.549,14.634,2,12
-0.9795,0.1475,0.0483,22.195,-20.427,-1.098,3,90
-0.9795,0.1440,0.0518,22.866,-20.366,-1.280,3,90
-0.9785,0.1445,0.0591,22.683,-20.122,-1.463,3,90
-0.9785,0.1514,0.0586,23.049,-20.305,-1.829,3,90
-0.9731,0.1572,0.0591,23.902,-20.061,-1.890,3,90
-0.9634,0.1582,0.0581,24.146,-19.939,-1.951,3,90
-0.9644,0.1650,0.0630,24.817,-19.756,-2.012,3,90
-0.9688,0.1680,0.0679,25.854,-19.451,-1.585,3,90
0.2686,-0.5547,0.4370,21.951,16.768,-31.341,1,12
0.2900,-0.5674,0.4321,23.659,18.476,-31.098,1,12
0.3027,-0.5791,0.4253,25.366,20.854,-31.098,1,12
0.3096,-0.5996,0.4160,26.524,23.110,-30.793,1,12
0.3179,-0.6216,0.3975,28.171,24.634,-30.671,1,12
0.3242,-0.6387,0.3926,29.756,26.524,-30.976,1,12
0.3296,-0.6670,0.3872,32.439,28.354,-31.159,1,12
0.3257,-0.7012,0.3818,35.122,30.427,-31.341,1,12
0.3911,0.8198,-0.1514,-79.695,-100.732,7.012,2,12
0.3901,0.8521,-0.1484,-78.598,-100.854,6.829,2,12
0.3799,0.8955,-0.1504,-77.195,-100.427,6.890,2,12
0.3672,0.9341,-0.1382,-75.915,-100.366,6.707,2,12
0.3560,0.9668,-0.1465,-75.183,-100.305,7.195,2,12
0.3477,1.0068,-0.1479,-74.146,-100.671,7.805,2,12
0.3413,1.0376,-0.1470,-73.171,-100.793,8.171,2,12
0.3262,1.0615,-0.1538,-72.134,-101.159,9.268,2,12
-0.9370,0.1875,0.0532,23.720,-18.902,-2.378,3,90
-0.9424,0.1826,0.0464,23.598,-18.841,-2.683,3,90
-0.9507,0.1777,0.0366,24.024,-18.720,-3.293,3,90
-0.9604,0.1665,0.0225,24.451,-18.232,-3.598,3,90
-0.9673,0.1641,0.0068,25.976,-17.805,-4.329,3,90
-0.9775,0.1680,0.0229,27.439,-17.256,-5.061,3,90
-0.9805,0.1812,0.0605,27.622,-17.439,-5.915,3,90
-0.9775,0.1870,0.0820,27.256,-17.439,-6.585,3,90
0.3638,-0.7183,0.4492,47.134,52.134,-39.756,1,12
0.3662,-0.7095,0.4531,46.524,52.683,-40.244,1,12
0.3794,-0.7271,0.4717,45.793,54.329,-40.915,1,12
0.3770,-0.7324,0.4824,46.707,55.061,-41.951,1,12
0.3657,-0.7432,0.5015,47.988,55.732,-42.561,1,12
0.3579,-0.7476,0.5303,49.268,56.220,-44.085,1,12
0.3486,-0.7549,0.5591,50.549,56.890,-45.976,1,12
0.3369,-0.7568,0.5996,51.463,58.110,-47.927,1,12
0.2681,1.3086,-0.1460,-59.939,-100.305,22.256,2,12
0.2705,1.3223,-0.1382,-59.024,-99.756,24.329,2,12
0.2656,1.3364,-0.1304,-57.744,-99.756,26.646,2,12
0.2642,1.3555,-0.1338,-56.524,-99.634,28.963,2,12
0.2632,1.3682,-0.1162,-55.671,-99.329,31.402,2,12
0.2598,1.3818,-0.1064,-54.756,-99.329,33.963,2,12
0.2549,1.3901,-0.0981,-54.451,-99.207,36.646,2,12
0.2632,1.3989,-0.0840,-53.902,-99.390,39.573,2,12
-0.9624,0.1768,0.1147,33.659,-15.976,-6.463,3,90
-0.9619,0.1851,0.1113,33.720,-15.915,-6.890,3,90
-0.9609,0.1978,0.1074,33.171,-15.671,-6.768,3,90
-0.9585,0.2036,0.1064,32.378,-15.793,-7.317,3,90
-0.9561,0.2119,0.1030,31.585,-15.610,-7.805,3,90
-0.9585,0.2246,0.0972,30.793,-15.671,-8.232,3,90
-0.9521,0.2295,0.0996,30.427,-15.671,-9.085,3,90
-0.9570,0.2222,0.0884,29.695,-15.915,-9.878,3,90
0.4355,-0.8115,0.7295,36.646,64.695,-57.561,1,12
0.4502,-0.8169,0.7310,34.329,64.573,-57.378,1,12
0.4673,-0.8237,0.7124,32.317,64.390,-57.378,1,12
0.4795,-0.8389,0.7046,30.183,63.841,-57.256,1,12
0.4897,-0.8433,0.6978,28.537,63.171,-56.951,1,12
0.4902,-0.8438,0.6807,26.951,62.561,-56.341,1,12
0.4878,-0.8599,0.6875,25.915,61.890,-55.793,1,12
0.4961,-0.8608,0.6855,24.634,61.951,-54.756,1,12
0.2363,1.4521,-0.0508,-48.110,-100.000,63.049,2,12
0.2329,1.4517,-0.0596,-47.378,-99.512,65.061,2,12
0.2383,1.4570,-0.0674,-46.220,-98.963,67.073,2,12
0.2241,1.4644,-0.0630,-45.305,-98.293,68.902,2,12
0.2148,1.4570,-0.0679,-44.451,-97.866,70.305,2,12
0.2090,1.4536,-0.0669,-43.537,-97.500,71.463,2,12
0.1938,1.4473,-0.0732,-42.378,-97.073,72.866,2,12
0.1909,1.4297,-0.0732,-40.915,-96.646,73.720,2,12
-1.0225,0.1353,0.0693,32.256,-10.061,-12.927,3,90
-1.0171,0.1309,0.1069,35.793,-9.329,-12.073,3,90
-1.0171,0.1343,0.1270,38.720,-8.293,-11.463,3,90
-0.9966,0.1328,0.1328,41.524,-7.500,-10.122,3,90
-0.9805,0.1387,0.1504,43.110,-7.012,-8.841,3,90
-0.9624,0.1353,0.1572,44.024,-6.402,-8.110,3,90
-0.9517,0.1357,0.1724,44.024,-6.098,-7.317,3,90
-0.9487,0.1074,0.1743,43.476,-5.061,-6.402,3,90
0.5034,-0.9238,0.7368,-15.366,66.829,-52.866,1,12
0.5093,-0.9351,0.7495,-18.963,66.707,-52.744,1,12
0.5127,-0.9482,0.7603,-30.000,65.976,-52.866,1,12
0.5190,-0.9531,0.7642,-37.195,65.183,-53.232,1,12
0.5303,-0.9570,0.7598,-44.268,64.207,-53.537,1,12
0.5327,-0.9468,0.7466,-50.000,62.988,-54.085,1,12
0.5386,-0.9438,0.7510,-55.610,61.524,-54.817,1,12
0.5332,-0.9302,0.7515,-60.122,60.244,-55.122,1,12
0.0986,1.3101,-0.1470,-28.659,-91.402,80.122,2,12
0.0845,1.2930,-0.1689,-27.622,-90.305,80.366,2,12
0.0723,1.2725,-0.1709,-26.951,-89.268,80.183,2,12
0.0713,1.2495,-0.1821,-26.037,-87.988,80.976,2,12
0.0679,1.2378,-0.1865,-25.793,-86.768,80.610,2,12
0.0547,1.2178,-0.1987,-25.122,-85.488,80.549,2,12
0.0503,1.2002,-0.2085,-24.939,-84.146,80.610,2,12
0.0371,1.1890,-0.2139,-24.573,-82.988,80.549,2,12
0.0381,1.1797,-0.2290,-24.451,-81.159,80.244,2,12
0.0337,1.1626,-0.2446,-23.841,-79.695,80.000,2,12
0.0337,1.1436,-0.2529,-23.537,-77.805,80.183,2,12
0.0288,1.1387,-0.2583,-22.805,-76.280,79.634,2,12
0.0234,1.1353,-0.2729,-22.500,-74.695,78.963,2,12
0.0186,1.1270,-0.2734,-22.195,-72.744,78.354,2,12
0.0171,1.1221,-0.2788,-22.073,-71.098,77.988,2,12
0.0210,1.1108,-0.2842,-22.012,-69.268,77.195,2,12
-1.0078,0.0127,0.1133,1.829,6.707,4.939,3,90
-1.0132,0.0078,0.1001,1.402,7.073,5.549,3,90
-1.0088,0.0176,0.1309,1.463,8.049,7.256,3,90
-1.0093,0.0278,0.1377,0.000,8.476,8.110,3,90
-0.9956,0.0361,0.1396,-1.646,8.963,9.268,3,90
-0.9932,0.0259,0.1284,-3.232,9.695,10.366,3,90
-0.9800,0.0283,0.1113,-4.329,10.183,10.915,3,90
-0.9731,0.0239,0.1025,-5.915,10.793,11.585,3,90
0.5439,-0.6899,0.5649,-75.732,49.329,-31.585,1,12
0.5337,-0.6943,0.5586,-73.720,49.878,-29.695,1,12
0.5303,-0.7075,0.5542,-71.890,50.610,-27.744,1,12
0.5283,-0.7207,0.5552,-70.305,51.098,-26.585,1,12
0.5317,-0.7285,0.5654,-69.146,51.890,-25.427,1,12
0.5308,-0.7383,0.5645,-68.110,52.500,-24.329,1,12
0.5269,-0.7573,0.5786,-67.866,52.439,-24.329,1,12
0.5332,-0.7656,0.5845,-68.049,52.195,-23.720,1,12
-0.0229,1.1060,-0.3306,-17.561,-55.732,72.683,2,12
-0.0313,1.1060,-0.3311,-16.768,-54.329,72.500,2,12
-0.0337,1.1030,-0.3418,-15.915,-53.049,71.463,2,12
-0.0371,1.1016,-0.3462,-14.878,-51.890,70.732,2,12
-0.0459,1.0981,-0.3584,-13.720,-50.122,70.183,2,12
-0.0566,1.0933,-0.3506,-12.317,-48.720,69.146,2,12
-0.0591,1.0923,-0.3638,-10.915,-46.951,68.049,2,12
-0.0654,1.0864,-0.3799,-9.268,-45.610,67.012,2,12
-0.9717,0.0767,0.0845,-23.598,13.963,13.293,3,90
-0.9727,0.0767,0.0840,-24.146,14.573,13.902,3,90
-0.9629,0.0854,0.0835,-24.756,14.695,14.390,3,90
-0.9619,0.0947,0.0776,-25.183,15.305,14.756,3,90
-0.9600,0.1045,0.0928,-25.854,15.854,14.817,3,90
-0.9648,0.1226,0.0830,-25.976,16.280,15.244,3,90
-0.9629,0.1304,0.0918,-25.854,16.707,15.671,3,90
-0.9624,0.1353,0.0933,-25.915,17.561,16.220,3,90
0.5269,-0.8838,0.6953,-83.171,41.585,-21.220,1,12
0.5347,-0.8882,0.6875,-85.732,40.183,-20.244,1,12
0.5415,-0.8779,0.6670,-88.110,38.415,-19.390,1,12
0.5444,-0.8755,0.6440,-90.732,36.707,-18.659,1,12
0.5547,-0.8677,0.6299,-92.988,34.878,-17.744,1,12
0.5562,-0.8584,0.6240,-95.183,32.744,-17.317,1,12
0.5615,-0.8467,0.6196,-96.463,31.037,-16.646,1,12
0.5586,-0.8228,0.6040,-97.317,29.451,-16.280,1,12
-0.1064,1.0981,-0.4067,5.610,-29.512,56.463,2,12
-0.1196,1.1060,-0.4111,7.256,-27.195,55.488,2,12
-0.1177,1.1060,-0.4131,9.085,-25.305,54.451,2,12
-0.1284,1.1138,-0.4209,11.098,-23.293,53.354,2,12
-0.1274,1.1191,-0.4106,12.866,-20.915,52.195,2,12
-0.1309,1.1235,-0.4214,15.183,-18.537,51.098,2,12
-0.1338,1.1304,-0.4097,17.012,-16.280,50.183,2,12
-0.1216,1.1396,-0.4131,18.354,-14.024,48.902,2,12
-0.9785,0.1431,0.0693,-23.720,22.805,18.963,3,90
-0.9771,0.1563,0.0747,-23.110,22.866,18.902,3,90
-0.9771,0.1621,0.0840,-23.293,22.988,19.024,3,90
-0.9834,0.1582,0.0742,-23.049,23.659,19.268,3,90
-0.9683,0.1577,0.0801,-23.171,23.963,18.963,3,90
-0.9727,0.1587,0.0762,-22.744,24.085,19.024,3,90
-0.9766,0.1533,0.0933,-23.049,24.512,18.841,3,90
-0.9673,0.1597,0.0811,-23.232,24.634,18.902,3,90
0.5981,-0.6782,0.6055,-86.829,18.598,-7.317,1,12
0.6040,-0.6890,0.5947,-83.537,17.256,-5.915,1,12
0.6123,-0.6826,0.5708,-80.244,15.366,-4.085,1,12
0.6196,-0.6973,0.5474,-76.890,13.354,-2.073,1,12
0.6270,-0.7065,0.5156,-73.902,11.890,-0.122,1,12
0.6255,-0.7271,0.4819,-70.549,9.939,1.646,1,12
0.6245,-0.7412,0.4487,-67.439,8.598,3.659,1,12
0.6172,-0.7627,0.4219,-63.841,7.012,5.305,1,12
-0.1440,1.1475,-0.4214,29.329,1.037,39.695,2,12
-0.1396,1.1479,-0.4126,29.878,3.110,38.232,2,12
-0.1411,1.1455,-0.4111,30.366,5.000,37.256,2,12
-0.1455,1.1470,-0.4204,30.183,6.829,35.976,2,12
-0.1450,1.1440,-0.4204,30.244,8.659,34.756,2,12
-0.1475,1.1343,-0.4302,29.939,10.244,33.537,2,12
-0.1382,1.1323,-0.4365,30.000,12.012,32.500,2,12
-0.1348,1.1187,-0.4409,29.817,13.598,31.280,2,12
-0.9658,0.1763,0.0410,-18.963,27.378,19.512,3,90
-0.9805,0.1729,0.0469,-17.195,27.622,19.817,3,90
-0.9829,0.1670,0.0371,-16.280,27.866,19.878,3,90
-0.9883,0.1714,0.0415,-15.366,28.354,19.756,3,90
-0.9829,0.1729,0.0522,-15.244,28.476,19.695,3,90
-0.9775,0.1768,0.0474,-14.878,28.841,19.390,3,90
-0.9717,0.1777,0.0557,-14.451,29.268,19.024,3,90
-0.9707,0.1831,0.0542,-14.268,29.390,19.024,3,90
0.5664,-0.8994,0.3936,-48.720,5.366,7.256,1,12
0.5718,-0.9087,0.4028,-47.927,4.756,6.524,1,12
0.5786,-0.9229,0.4053,-48.476,3.598,6.646,1,12
0.5815,-0.9297,0.4219,-48.415,2.500,6.829,1,12
0.5898,-0.9395,0.4341,-49.817,0.610,7.134,1,12
0.5933,-0.9341,0.4497,-50.610,-0.854,7.988,1,12
0.5962,-0.9346,0.4604,-51.402,-2.805,8.720,1,12
0.5972,-0.9346,0.4624,-51.159,-4.939,9.146,1,12
-0.1382,1.0977,-0.4512,30.732,29.451,18.476,2,12
-0.1333,1.1069,-0.4414,31.098,30.915,16.768,2,12
-0.1323,1.1123,-0.4443,31.585,33.049,15.366,2,12
-0.1226,1.1157,-0.4468,32.683,34.695,13.476,2,12
-0.1250,1.1260,-0.4409,33.415,36.341,12.317,2,12
-0.1196,1.1362,-0.4385,34.390,38.171,10.610,2,12
-0.1099,1.1431,-0.4287,35.427,39.512,9.573,2,12
-0.1113,1.1455,-0.4214,36.646,40.854,7.866,2,12
-1.0273,0.0869,0.1694,-13.720,35.976,20.244,3,90
-1.0059,0.0977,0.1685,-13.537,36.890,21.159,3,90
-0.9790,0.0859,0.1470,-14.512,37.622,22.622,3,90
-0.9536,0.0835,0.1094,-15.549,37.744,23.841,3,90
-0.9312,0.0830,0.0566,-16.829,37.805,24.512,3,90
-0.9243,0.1045,0.0293,-18.537,37.439,24.207,3,90
-0.9346,0.1338,0.0122,-22.561,37.500,23.720,3,90
-0.9424,0.1572,-0.0156,-27.744,37.073,22.500,3,90
0.6572,-0.8496,0.4849,-58.171,-22.317,9.512,1,12
0.6729,-0.8486,0.4761,-60.061,-24.085,8.780,1,12
0.6870,-0.8652,0.4609,-61.402,-26.159,7.439,1,12
0.7036,-0.8789,0.4517,-62.317,-27.927,6.951,1,12
0.7119,-0.8921,0.4341,-62.500,-30.061,6.646,1,12
0.7251,-0.8936,0.4248,-62.378,-32.500,6.646,1,12
0.7314,-0.8945,0.4067,-61.159,-34.573,6.890,1,12
0.7505,-0.8843,0.3774,-58.720,-37.683,8.354,1,12
-0.0811,1.2017,-0.4116,56.463,48.780,-5.366,2,12
-0.0781,1.1992,-0.4204,58.841,49.939,-6.768,2,12
-0.0732,1.2090,-0.4155,61.646,50.610,-8.171,2,12
-0.0664,1.2192,-0.4204,64.756,52.195,-9.939,2,12
-0.0674,1.2246,-0.4229,67.988,53.049,-11.463,2,12
-0.0581,1.2354,-0.4253,70.976,53.963,-13.476,2,12
-0.0479,1.2427,-0.4238,73.659,55.183,-15.122,2,12
-0.0488,1.2529,-0.4346,76.890,55.793,-16.707,2,12
-0.9531,0.2300,0.0029,-46.037,32.866,15.732,3,90
-0.9404,0.2476,-0.0054,-48.720,32.500,13.659,3,90
-0.9229,0.2681,-0.0244,-51.220,31.463,11.951,3,90
-0.9033,0.2705,-0.0352,-53.841,30.488,10.427,3,90
-0.8955,0.2808,-0.0522,-55.732,29.329,8.354,3,90
-0.8735,0.2847,-0.0620,-57.439,28.476,6.463,3,90
-0.8687,0.2959,-0.0708,-58.537,27.195,4.878,3,90
-0.8579,0.3008,-0.0752,-59.695,26.220,3.293,3,90
-0.8569,0.3091,-0.0767,-61.220,25.427,1.707,3,90
-0.8477,0.3066,-0.0679,-62.134,23.963,0.488,3,90
-0.8496,0.2993,-0.0703,-63.659,22.927,-1.280,3,90
-0.8472,0.2949,-0.0664,-65.244,21.829,-2.500,3,90
-0.8530,0.2813,-0.0723,-66.098,20.976,-3.963,3,90
-0.8613,0.2739,-0.0854,-66.707,20.061,-5.671,3,90
-0.8691,0.2769,-0.0952,-66.951,19.207,-7.012,3,90
-0.8823,0.2729,-0.1138,-66.707,18.415,-8.537,3,90
0.9351,-0.7925,0.4971,-9.695,-54.939,34.695,1,12
0.9565,-0.8232,0.4961,-9.329,-56.280,34.390,1,12
0.9878,-0.8496,0.5093,-9.512,-58.659,34.329,1,12
1.0010,-0.8721,0.5000,-9.695,-60.610,34.451,1,12
1.0381,-0.8940,0.5073,-9.756,-62.866,34.329,1,12
1.0552,-0.9160,0.5137,-8.598,-64.695,34.207,1,12
1.0801,-0.9233,0.5132,-6.951,-66.280,34.329,1,12
1.1172,-0.9185,0.5273,-4.878,-67.683,34.451,1,12
0.0679,1.5415,-0.3452,135.305,78.415,-40.061,2,12
0.0801,1.5586,-0.3442,137.927,79.329,-40.732,2,12
0.0947,1.5776,-0.3105,140.244,80.244,-41.524,2,12
0.1045,1.5933,-0.3081,142.500,80.854,-41.585,2,12
0.1074,1.5981,-0.2949,145.000,81.707,-42.134,2,12
0.1196,1.6030,-0.2871,147.622,82.378,-42.195,2,12
0.1328,1.6060,-0.2749,149.634,82.622,-42.500,2,12
0.1436,1.5967,-0.2529,151.280,82.805,-42.805,2,12
-0.9263,0.2925,-0.0327,-59.451,11.585,-17.927,3,90
-0.9175,0.2803,-0.0332,-58.659,11.098,-18.354,3,90
-0.9141,0.2715,-0.0254,-57.500,10.610,-19.268,3,90
-0.9097,0.2700,-0.0371,-55.854,9.939,-19.390,3,90
-0.9009,0.2559,-0.0430,-53.841,9.451,-20.000,3,90
-0.9004,0.2490,-0.0435,-52.134,9.024,-19.756,3,90
-0.9082,0.2451,-0.0459,-49.634,8.659,-19.695,3,90
-0.8970,0.2437,-0.0439,-48.720,7.866,-19.451,3,90
1.5913,-0.6875,0.5864,3.841,-81.829,35.122,1,12
1.6772,-0.6797,0.5889,4.634,-84.451,34.512,1,12
1.7627,-0.6787,0.5884,5.549,-86.890,33.598,1,12
1.8716,-0.6777,0.5864,5.427,-89.573,32.561,1,12
1.9727,-0.6704,0.5923,5.976,-92.134,31.098,1,12
2.0884,-0.6729,0.5825,6.159,-95.793,29.756,1,12
2.2139,-0.6826,0.5806,6.159,-98.963,28.720,1,12
2.3267,-0.6855,0.5850,6.585,-102.805,27.866,1,12
0.2539,1.4326,-0.2124,160.427,85.915,-45.610,2,12
0.2695,1.4126,-0.2036,160.488,86.402,-45.976,2,12
0.2842,1.3896,-0.1973,159.451,86.585,-46.220,2,12
0.2930,1.3574,-0.1846,158.659,87.012,-46.585,2,12
0.3066,1.3301,-0.1890,157.622,86.951,-46.402,2,12
0.3188,1.3008,-0.1699,156.402,87.073,-46.463,2,12
0.3345,1.2734,-0.1694,155.000,86.829,-46.341,2,12
0.3433,1.2393,-0.1650,153.720,86.707,-46.585,2,12
-0.9092,0.1855,-0.0513,-52.622,0.305,-21.280,3,90
-0.9102,0.1763,-0.0537,-52.195,0.183,-21.280,3,90
-0.8994,0.1772,-0.0547,-51.951,-0.915,-21.463,3,90
-0.9023,0.1685,-0.0537,-51.829,-1.402,-21.585,3,90
-0.8916,0.1816,-0.0610,-50.915,-2.012,-21.463,3,90
-0.8789,0.1890,-0.0620,-49.817,-3.354,-21.707,3,90
-0.8760,0.2051,-0.0723,-49.024,-3.720,-21.098,3,90
-0.8647,0.2026,-0.0679,-48.598,-4.756,-21.220,3,90
3.6699,-0.2529,1.1646,18.963,-161.098,14.756,1,12
3.8423,-0.1646,1.2690,21.159,-174.695,12.927,1,12
3.9761,-0.1011,1.3613,22.988,-191.524,11.463,1,12
4.0874,-0.0327,1.4448,25.854,-210.000,10.183,1,12
4.1646,0.0454,1.5479,29.085,-227.317,9.085,1,12
4.2056,0.1489,1.6211,32.317,-240.732,10.061,1,12
4.2139,0.2441,1.6606,33.232,-250.427,12.683,1,12
4.2168,0.3135,1.6880,32.622,-256.280,16.280,1,12
0.3862,0.9512,-0.1440,144.634,79.573,-45.671,2,12
0.3687,0.9160,-0.1523,143.841,78.232,-45.671,2,12
0.3711,0.8979,-0.1431,143.415,77.927,-45.427,2,12
0.3677,0.8657,-0.1406,142.439,76.890,-45.610,2,12
0.3613,0.8340,-0.1367,140.793,76.037,-45.488,2,12
0.3643,0.7964,-0.1338,139.268,75.061,-45.305,2,12
0.3652,0.7607,-0.1182,136.890,74.695,-45.244,2,12
0.3667,0.7197,-0.1074,134.634,74.024,-44.634,2,12
-0.8491,0.2051,-0.0415,-34.451,-9.146,-16.402,3,90
-0.8398,0.2095,-0.0269,-32.805,-9.329,-15.793,3,90
-0.8423,0.2168,-0.0220,-32.012,-9.512,-15.366,3,90
-0.8267,0.2300,0.0020,-30.915,-9.939,-15.061,3,90
-0.8188,0.2378,0.0264,-29.878,-9.756,-14.512,3,90
-0.8013,0.2490,0.0488,-28.232,-10.000,-13.598,3,90
-0.7939,0.2593,0.0630,-27.378,-9.756,-13.415,3,90
-0.7881,0.2725,0.0747,-26.341,-9.878,-12.988,3,90
3.6138,0.6431,1.7412,23.963,-278.232,20.976,1,12
3.5444,0.6221,1.7271,19.146,-285.122,27.927,1,12
3.4688,0.5771,1.7065,15.183,-288.963,35.000,1,12
3.4126,0.5508,1.6948,11.220,-289.146,42.622,1,12
3.3569,0.5313,1.6890,6.159,-286.829,50.244,1,12
3.3018,0.5273,1.6846,-2.500,-283.659,58.171,1,12
3.2627,0.5098,1.6890,-14.268,-280.488,66.159,1,12
3.2012,0.5063,1.7310,-29.085,-277.378,74.146,1,12
0.6758,0.3071,0.0659,103.598,70.061,-34.939,2,12
0.7300,0.2637,0.0767,100.732,68.598,-32.744,2,12
0.7988,0.2192,0.0835,98.232,67.012,-30.793,2,12
0.8574,0.1816,0.0874,96.037,64.878,-28.354,2,12
0.9116,0.1460,0.0840,93.720,62.683,-26.098,2,12
0.9614,0.1123,0.0854,91.768,60.122,-23.415,2,12
1.0132,0.0762,0.0776,89.817,57.317,-21.890,2,12
1.0449,0.0498,0.0708,87.561,54.207,-19.695,2,12
1.0640,0.0317,0.0615,85.610,51.341,-17.988,2,12
1.0737,0.0112,0.0430,83.476,48.110,-16.768,2,12
1.0679,0.0049,0.0352,82.012,45.305,-15.915,2,12
1.0615,-0.0020,0.0278,79.390,42.988,-15.915,2,12
1.0337,-0.0024,0.0234,76.220,40.549,-15.732,2,12
0.9980,-0.0024,0.0156,72.317,39.390,-16.220,2,12
0.9478,-0.0132,0.0049,68.598,38.415,-16.951,2,12
0.9038,-0.0151,-0.0024,65.305,38.537,-17.988,2,12
-1.0435,0.4238,0.2285,0.061,-8.476,-3.598,3,90
-1.0679,0.3931,0.2114,2.805,-7.866,-3.598,3,90
-1.0845,0.3604,0.1987,4.634,-6.951,-3.841,3,90
-1.0913,0.3325,0.1763,6.220,-6.585,-4.451,3,90
-1.0977,0.3042,0.1567,6.646,-5.915,-5.122,3,90
-1.0972,0.2710,0.1362,7.012,-5.122,-6.585,3,90
-1.0952,0.2441,0.1221,6.890,-4.756,-7.622,3,90
-1.0747,0.2163,0.1040,6.951,-3.902,-8.476,3,90
-1.0625,0.1919,0.0869,7.927,-3.293,-9.329,3,90
-1.0518,0.1685,0.0820,8.720,-2.378,-10.122,3,90
-1.0493,0.1318,0.0576,9.451,-1.646,-10.427,3,90
-1.0498,0.0947,0.0396,10.000,-0.732,-10.854,3,90
-1.0542,0.0635,0.0273,10.854,0.061,-11.220,3,90
-1.0586,0.0234,0.0137,11.768,1.159,-11.280,3,90
-1.0610,-0.0166,0.0107,12.744,1.646,-11.768,3,90
-1.0708,-0.0435,-0.0005,13.354,2.195,-11.585,3,90
-5.1367,-1.4297,3.6460,-160.732,-57.866,-183.841,1,12
-5.7798,-1.5059,3.1943,-28.537,-147.927,-79.207,1,12
-6.8779,-0.9087,2.2773,68.598,-210.061,34.085,1,12
-7.7349,-0.6182,1.8057,117.012,-245.793,161.646,1,12
-6.6450,-0.3442,1.7881,141.768,-190.793,227.012,1,12
-5.1626,-0.1685,1.7085,109.573,-72.439,202.561,1,12
-3.8828,-0.1987,1.4229,39.451,42.683,141.037,1,12
-2.8428,-0.3335,1.0898,-16.220,121.463,85.366,1,12
0.5830,-0.1270,-0.1353,52.866,60.854,-31.098,2,12
0.6021,-0.1328,-0.1392,54.512,60.732,-30.976,2,12
0.6382,-0.1416,-0.1621,55.976,60.610,-30.671,2,12
0.6621,-0.1445,-0.1465,57.744,60.366,-30.732,2,12
0.6816,-0.1445,-0.1455,58.049,60.000,-30.610,2,12
0.6992,-0.1450,-0.1558,58.049,59.451,-30.976,2,12
0.7197,-0.1538,-0.1577,58.537,58.537,-31.524,2,12
0.7290,-0.1558,-0.1592,58.415,57.317,-32.683,2,12
-1.0361,-0.0957,-0.0059,-4.939,4.634,-13.232,3,90
-0.9995,-0.0576,0.0024,-8.841,4.024,-12.805,3,90
-0.9653,-0.0161,0.0005,-12.744,3.415,-12.256,3,90
-0.9429,0.0234,-0.0039,-17.500,2.561,-11.768,3,90
-0.9238,0.0767,-0.0073,-21.646,1.890,-11.585,3,90
-0.9067,0.1113,-0.0127,-25.549,1.159,-11.037,3,90
-0.9102,0.1479,0.0000,-28.537,0.732,-10.854,3,90
-0.9092,0.1714,0.0229,-30.305,0.183,-10.610,3,90
-0.9111,0.1987,0.0293,-31.341,-0.671,-10.610,3,90
-0.9023,0.1987,0.0156,-31.829,-1.220,-10.305,3,90
-0.8994,0.2017,0.0073,-29.939,-1.098,-10.000,3,90
-0.9058,0.2134,0.0317,-27.744,-1.280,-9.878,3,90
-0.9058,0.2295,0.0762,-27.439,-1.524,-10.366,3,90
-0.8857,0.2549,0.0542,-26.890,-2.317,-10.610,3,90
-0.8765,0.2700,-0.0073,-26.524,-3.232,-11.037,3,90
-0.8657,0.2676,-0.0352,-25.061,-4.634,-11.341,3,90
0.1948,-0.4824,-0.2734,80.305,31.768,-29.512,1,12
0.1719,-0.7534,-0.2495,103.232,35.488,-24.024,1,12
0.1392,-0.9629,-0.2041,125.488,41.037,-21.890,1,12
0.2007,-1.2690,-0.0845,144.634,47.866,-22.134,1,12
0.2529,-1.5234,0.0288,158.171,56.829,-23.171,1,12
0.3921,-1.8813,0.2070,170.854,71.524,-28.902,1,12
0.5010,-2.1157,0.3521,175.366,81.159,-35.427,1,12
0.6289,-2.3262,0.4810,177.866,90.122,-43.720,1,12
0.8457,-0.0762,-0.1978,30.427,30.305,-37.073,2,12
0.8525,-0.0767,-0.2061,27.561,28.902,-36.341,2,12
0.8599,-0.0693,-0.2021,24.146,26.829,-35.732,2,12
0.8579,-0.0703,-0.2007,20.610,25.244,-34.451,2,12
0.8706,-0.0630,-0.2080,16.524,23.293,-34.268,2,12
0.8579,-0.0615,-0.1987,12.256,21.402,-33.537,2,12
0.8438,-0.0547,-0.2061,7.439,19.451,-32.866,2,12
0.8457,-0.0522,-0.2100,2.012,17.378,-32.561,2,12
-0.9409,0.1333,-0.0859,-5.549,-15.244,-12.866,3,90
-0.9438,0.1216,-0.0757,-2.927,-15.976,-12.378,3,90
-0.9502,0.1099,-0.0811,0.122,-16.829,-12.500,3,90
-0.9468,0.1060,-0.0801,3.476,-17.744,-11.890,3,90
-0.9453,0.0991,-0.0757,6.524,-18.659,-11.768,3,90
-0.9438,0.1045,-0.0620,9.512,-19.268,-11.037,3,90
-0.9380,0.1016,-0.0542,12.134,-20.183,-10.549,3,90
-0.9351,0.0996,-0.0493,14.817,-20.854,-9.695,3,90
-0.9351,0.1040,-0.0366,17.439,-21.402,-9.451,3,90
-0.9390,0.1079,-0.0376,19.451,-22.195,-8.659,3,90
-0.9253,0.1104,-0.0327,21.280,-22.622,-8.049,3,90
-0.9272,0.1172,-0.0332,23.110,-23.902,-7.561,3,90
-0.9282,0.1226,-0.0332,24.573,-23.963,-6.829,3,90
-0.9229,0.1235,-0.0220,25.610,-24.878,-6.463,3,90
-0.9341,0.1221,-0.0161,26.890,-25.854,-5.915,3,90
-0.9321,0.1157,-0.0161,28.537,-26.341,-5.122,3,90
0.3955,-1.4751,0.2222,-5.366,-21.890,-109.634,1,12
0.2505,-1.3403,0.1357,-17.683,-19.390,-90.915,1,12
0.1782,-1.2266,0.0879,-27.683,-11.098,-80.915,1,12
0.1265,-1.1592,0.1104,-33.659,0.976,-78.049,1,12
0.1196,-1.0811,0.1919,-36.341,15.000,-80.732,1,12
0.1362,-0.9902,0.2939,-40.305,28.476,-86.037,1,12
0.1587,-0.8965,0.3589,-47.988,39.939,-92.195,1,12
0.1826,-0.8076,0.4258,-58.963,47.012,-97.866,1,12
0.8276,0.2207,-0.2881,-102.073,-10.549,-29.512,2,12
0.8242,0.2427,-0.2822,-106.951,-12.378,-30.061,2,12
0.8232,0.2749,-0.2729,-110.732,-14.390,-31.280,2,12
0.8149,0.3003,-0.2876,-114.634,-16.220,-32.500,2,12
0.8135,0.3335,-0.2773,-117.561,-18.049,-33.902,2,12
0.8047,0.3613,-0.2788,-120.183,-19.878,-35.122,2,12
0.7881,0.3984,-0.2798,-122.195,-21.463,-36.341,2,12
0.7832,0.4341,-0.2725,-123.963,-23.415,-37.134,2,12
-0.9834,0.1362,0.0068,42.500,-29.695,-1.646,3,90
-0.9941,0.1338,0.0161,43.354,-29.634,-1.768,3,90
-0.9985,0.1362,0.0054,44.390,-29.329,-1.646,3,90
-1.0039,0.1245,0.0078,46.463,-29.268,-1.524,3,90
-1.0205,0.1245,0.0117,49.695,-28.841,-1.280,3,90
-1.0161,0.1372,0.0171,52.256,-28.780,-1.463,3,90
-1.0210,0.1582,0.0156,53.780,-28.780,-1.280,3,90
-1.0176,0.1641,-0.0039,55.122,-28.232,-1.524,3,90
-0.0244,-0.4424,0.4102,-54.390,-9.878,-86.402,1,12
-0.0503,-0.4331,0.3662,-41.402,-14.573,-82.561,1,12
-0.0649,-0.4370,0.3345,-27.988,-17.866,-79.146,1,12
-0.0718,-0.4429,0.2891,-15.610,-18.902,-75.915,1,12
-0.0771,-0.4463,0.2466,-4.512,-17.622,-72.744,1,12
-0.0874,-0.4634,0.2085,5.488,-15.244,-69.573,1,12
-0.0947,-0.4731,0.1792,14.634,-10.305,-66.829,1,12
-0.1045,-0.5005,0.1636,22.805,-3.659,-64.512,1,12
0.6987,0.7168,-0.2485,-129.146,-37.988,-40.183,2,12
0.6885,0.7539,-0.2402,-128.720,-40.061,-39.634,2,12
0.6787,0.7754,-0.2251,-128.415,-41.524,-38.902,2,12
0.6763,0.7964,-0.2251,-127.317,-43.537,-38.171,2,12
0.6694,0.8135,-0.2349,-126.402,-45.305,-37.500,2,12
0.6641,0.8335,-0.2212,-124.817,-47.134,-36.402,2,12
0.6738,0.8594,-0.2202,-122.866,-48.720,-35.732,2,12
0.6694,0.8789,-0.2271,-120.793,-50.244,-34.207,2,12
-0.9941,0.1504,0.1514,75.549,-21.402,-0.305,3,90
-0.9795,0.1328,0.1548,76.524,-20.549,-0.061,3,90
-0.9678,0.1172,0.1543,76.829,-19.573,0.122,3,90
-0.9658,0.0942,0.1553,76.220,-18.841,0.183,3,90
-0.9609,0.0898,0.1519,75.732,-18.049,0.549,3,90
-0.9556,0.0859,0.1484,74.146,-17.012,0.366,3,90
-0.9600,0.0830,0.1431,72.927,-16.585,0.061,3,90
-0.9668,0.0791,0.1431,71.159,-15.732,0.000,3,90
0.0493,-0.7700,0.2646,69.268,61.037,-53.537,1,12
0.0991,-0.8071,0.2788,69.939,66.280,-51.585,1,12
0.1416,-0.8359,0.2856,71.951,69.207,-50.183,1,12
0.1719,-0.8491,0.3032,73.902,70.488,-49.817,1,12
0.2207,-0.8623,0.3545,72.683,70.061,-50.122,1,12
0.2681,-0.8774,0.3975,69.756,68.963,-50.610,1,12
0.2939,-0.8931,0.4116,65.488,67.561,-50.732,1,12
0.3115,-0.9019,0.4355,62.012,65.305,-50.061,1,12
0.6792,0.9780,-0.2305,-96.341,-66.341,-19.024,2,12
0.6875,0.9785,-0.2319,-93.720,-68.354,-17.378,2,12
0.6865,0.9678,-0.2407,-91.280,-70.061,-15.183,2,12
0.6870,0.9668,-0.2515,-88.171,-72.012,-12.927,2,12
0.6914,0.9614,-0.2705,-84.756,-74.024,-10.976,2,12
0.6816,0.9580,-0.2632,-80.915,-75.244,-8.963,2,12
0.6807,0.9619,-0.2661,-77.378,-76.707,-6.463,2,12
0.6724,0.9668,-0.2671,-74.146,-78.049,-4.939,2,12
-0.9946,0.1284,0.1265,60.183,-10.671,0.549,3,90
-0.9927,0.1392,0.1216,58.780,-9.878,0.793,3,90
-0.9990,0.1377,0.1230,57.927,-9.695,0.549,3,90
-1.0005,0.1289,0.1260,56.585,-9.207,0.427,3,90
-1.0024,0.1265,0.1113,55.549,-8.902,0.854,3,90
-1.0000,0.1167,0.1094,55.244,-8.415,1.037,3,90
-1.0010,0.1001,0.1177,54.146,-8.171,1.098,3,90
-0.9951,0.0884,0.1113,53.659,-8.049,1.037,3,90
0.1982,-0.8354,0.5996,40.610,40.732,-43.171,1,12
0.1699,-0.8218,0.5933,38.659,38.476,-39.878,1,12
0.1392,-0.8130,0.5669,36.768,36.890,-36.159,1,12
0.3193,-0.8970,0.5635,53.110,51.280,-48.598,1,12
0.0776,-0.8037,0.5249,34.268,35.183,-28.598,1,12
0.0557,-0.8003,0.4966,33.537,35.305,-25.122,1,12
0.0298,-0.7954,0.4741,33.293,36.463,-22.012,1,12
0.0112,-0.7915,0.4497,33.537,38.720,-19.207,1,12
0.5752,0.9966,-0.2856,-49.451,-88.659,13.659,2,12
0.5518,1.0000,-0.2876,-46.951,-89.573,16.341,2,12
0.5459,1.0005,-0.2944,-43.902,-89.756,18.659,2,12
0.5386,0.9927,-0.2998,-41.463,-90.610,20.732,2,12
0.5322,0.9849,-0.3003,-38.537,-90.976,23.354,2,12
0.5200,0.9819,-0.3027,-35.732,-91.585,25.854,2,12
0.5195,0.9629,-0.3081,-32.805,-92.012,28.354,2,12
0.5156,0.9531,-0.3135,-30.244,-92.744,30.305,2,12
-0.9419,0.0713,0.1318,37.073,-4.024,4.451,3,90
-0.9248,0.0767,0.1245,34.695,-3.963,4.634,3,90
-0.9253,0.0801,0.1318,32.256,-3.720,5.061,3,90
-0.9214,0.1006,0.1211,30.305,-3.354,5.366,3,90
-0.9185,0.1064,0.1226,28.110,-3.293,5.793,3,90
-0.9253,0.1206,0.1357,25.854,-2.988,6.098,3,90
-0.9185,0.1392,0.1436,23.841,-3.232,6.463,3,90
-0.9072,0.1421,0.1455,21.768,-3.476,6.585,3,90
0.0317,-0.7192,0.4380,44.024,60.854,-2.439,1,12
0.0498,-0.7241,0.4355,44.024,61.037,-1.280,1,12
0.0679,-0.7178,0.4404,43.476,60.488,0.122,1,12
0.0864,-0.7222,0.4443,42.927,59.207,1.768,1,12
0.0996,-0.7290,0.4404,41.768,57.622,2.378,1,12
0.1250,-0.7407,0.4380,41.220,56.402,3.415,1,12
0.1401,-0.7471,0.4292,40.488,55.122,3.963,1,12
0.1519,-0.7441,0.4336,38.963,53.354,4.634,1,12
0.4746,0.7495,-0.3242,-16.098,-98.659,45.549,2,12
0.4688,0.7212,-0.3062,-16.585,-99.085,46.890,2,12
0.4658,0.6812,-0.3174,-17.866,-99.207,47.988,2,12
0.4595,0.6528,-0.3188,-19.390,-99.756,49.268,2,12
0.4512,0.6294,-0.3188,-21.280,-99.817,50.000,2,12
0.4429,0.6016,-0.3252,-23.659,-100.000,50.976,2,12
0.4312,0.5864,-0.3218,-25.549,-100.000,51.524,2,12
0.4238,0.5581,-0.3188,-29.024,-99.817,51.890,2,12
-0.9189,0.1567,0.0957,6.402,-5.488,7.866,3,90
-0.9155,0.1748,0.0820,3.049,-6.098,7.317,3,90
-0.9199,0.1846,0.0713,-0.549,-6.707,6.646,3,90
-0.9233,0.1997,0.0566,-3.841,-7.500,5.488,3,90
-0.9268,0.2036,0.0488,-6.890,-8.110,4.512,3,90
-0.9385,0.2114,0.0439,-9.695,-8.780,3.476,3,90
-0.9414,0.2183,0.0386,-11.646,-9.451,2.256,3,90
-0.9448,0.2129,0.0332,-13.171,-10.244,1.524,3,90
0.2451,-0.7852,0.4272,12.195,47.744,12.866,1,12
0.2417,-0.7949,0.4189,9.085,47.805,14.329,1,12
0.2554,-0.8022,0.4116,5.976,47.866,16.280,1,12
0.2466,-0.8135,0.3994,3.232,48.354,17.683,1,12
0.2490,-0.8291,0.3955,-0.061,49.085,19.024,1,12
0.2534,-0.8306,0.3960,-3.171,49.817,20.183,1,12
0.2559,-0.8335,0.3843,-6.402,51.037,21.220,1,12
0.2603,-0.8291,0.3794,-9.451,52.439,22.134,1,12
0.3774,0.4121,-0.3516,-58.476,-93.537,46.951,2,12
0.3662,0.4077,-0.3560,-61.890,-92.439,45.549,2,12
0.3721,0.4072,-0.3447,-64.756,-91.463,44.512,2,12
0.3594,0.4063,-0.3511,-68.171,-90.366,42.866,2,12
0.3530,0.4116,-0.3501,-71.098,-88.963,41.524,2,12
0.3398,0.4141,-0.3555,-73.841,-88.110,39.939,2,12
0.3306,0.4160,-0.3589,-76.098,-87.012,38.537,2,12
0.3218,0.4204,-0.3496,-77.988,-86.037,36.890,2,12
-0.9790,-0.2729,-0.0122,25.549,51.768,20.976,4,90
-0.9717,-0.2764,-0.0347,26.646,52.805,20.854,4,90
-0.9634,-0.2803,-0.0591,27.744,53.720,20.610,4,90
-0.9517,-0.2764,-0.0781,28.780,54.695,20.610,4,90
-0.9536,-0.2773,-0.0791,29.146,55.366,20.366,4,90
-0.9502,-0.2705,-0.0562,28.780,55.976,19.573,4,90
-0.9429,-0.2803,-0.0605,28.598,56.037,18.598,4,90
-0.9336,-0.2759,-0.0654,29.024,55.854,17.683,4,90
0.3208,0.4307,-0.3467,-79.634,-84.329,35.549,2,12
0.3096,0.4502,-0.3345,-81.159,-82.866,33.659,2,12
0.2993,0.4639,-0.3320,-82.561,-81.524,32.256,2,12
0.2915,0.4771,-0.3179,-84.024,-79.573,30.854,2,12
0.2773,0.4927,-0.3174,-84.573,-77.683,28.537,2,12
0.2715,0.5098,-0.3188,-84.329,-76.220,27.012,2,12
0.2627,0.5386,-0.3105,-84.085,-74.573,25.427,2,12
0.2607,0.5649,-0.3076,-82.927,-73.171,23.841,2,12
-0.9360,0.2524,0.0713,-5.671,-18.415,-8.232,3,90
-0.9360,0.2451,0.0747,-5.366,-18.598,-9.268,3,90
-0.9404,0.2544,0.0713,-4.390,-18.902,-10.000,3,90
-0.9385,0.2446,0.0732,-3.780,-19.024,-10.671,3,90
-0.9380,0.2510,0.0654,-2.317,-19.268,-11.341,3,90
-0.9390,0.2451,0.0732,-1.341,-19.695,-11.890,3,90
-0.9419,0.2510,0.0640,0.305,-19.939,-12.744,3,90
-0.9429,0.2534,0.0601,2.622,-20.000,-13.232,3,90
0.2529,0.6094,-0.3032,-82.012,-70.549,21.768,2,12
0.2417,0.6426,-0.2866,-81.524,-69.024,20.427,2,12
0.2358,0.6558,-0.2847,-81.220,-68.780,19.939,2,12
0.2329,0.6807,-0.2734,-80.244,-67.378,18.537,2,12
0.2231,0.7168,-0.2788,-78.902,-66.220,17.622,2,12
0.2168,0.7485,-0.2739,-77.378,-65.122,16.585,2,12
0.2129,0.7861,-0.2729,-75.671,-64.085,15.732,2,12
0.1973,0.8325,-0.2559,-73.720,-62.683,14.939,2,12
0.1978,0.8608,-0.2524,-72.500,-61.220,14.573,2,12
0.1797,0.8911,-0.2554,-71.829,-60.610,14.207,2,12
0.1694,0.9121,-0.2539,-71.159,-59.451,14.329,2,12
0.1699,0.9385,-0.2520,-70.183,-58.902,14.573,2,12
0.1538,0.9517,-0.2520,-68.841,-57.805,14.939,2,12
0.1523,0.9805,-0.2573,-67.744,-56.646,15.671,2,12
0.1484,1.0039,-0.2642,-66.585,-55.549,16.341,2,12
0.1396,1.0269,-0.2607,-65.549,-54.207,17.256,2,12
-0.9810,0.2378,0.0649,30.915,-19.024,-16.098,3,90
-0.9751,0.2290,0.0757,34.451,-18.354,-16.280,3,90
-0.9658,0.2168,0.0859,37.805,-18.476,-16.646,3,90
-0.9663,0.2173,0.1084,40.000,-18.415,-16.585,3,90
-0.9639,0.2031,0.1123,42.256,-18.415,-16.585,3,90
-0.9624,0.1978,0.1260,43.415,-17.927,-16.951,3,90
-0.9639,0.1851,0.1162,43.841,-17.500,-17.134,3,90
-0.9600,0.1655,0.1147,43.720,-17.500,-17.256,3,90
0.4956,-0.7949,0.5005,-28.049,101.524,15.183,1,12
0.5068,-0.8076,0.5215,-26.098,102.317,13.780,1,12
0.5088,-0.8169,0.5381,-24.695,102.744,12.378,1,12
0.5186,-0.8281,0.5454,-23.232,103.720,10.793,1,12
0.5298,-0.8325,0.5527,-21.890,104.390,9.512,1,12
0.5347,-0.8354,0.5718,-20.793,105.244,7.866,1,12
0.5493,-0.8462,0.5776,-19.634,106.037,6.707,1,12
0.5542,-0.8545,0.5776,-18.171,107.073,5.549,1,12
0.1313,1.1670,-0.2383,-61.524,-39.573,27.012,2,12
0.1353,1.1826,-0.2334,-60.976,-37.927,28.293,2,12
0.1362,1.1875,-0.2280,-60.488,-35.976,29.817,2,12
0.1465,1.1958,-0.2202,-59.695,-34.024,30.793,2,12
0.1509,1.2183,-0.2266,-58.415,-32.256,32.134,2,12
0.1582,1.2383,-0.2168,-57.378,-30.549,33.354,2,12
0.1597,1.2534,-0.2222,-56.280,-28.659,34.451,2,12
0.1733,1.2666,-0.2124,-55.061,-27.073,35.610,2,12
0.1709,1.2847,-0.2031,-53.841,-25.549,36.524,2,12
0.1860,1.2979,-0.2114,-52.561,-24.512,37.500,2,12
0.1812,1.3145,-0.2129,-51.098,-22.927,38.354,2,12
0.1899,1.3291,-0.2227,-49.817,-22.012,39.329,2,12
0.1816,1.3389,-0.2119,-48.720,-20.793,40.305,2,12
0.1841,1.3423,-0.2188,-47.012,-19.817,41.341,2,12
0.1792,1.3516,-0.2271,-45.061,-18.720,42.073,2,12
0.1733,1.3501,-0.2412,-43.049,-17.439,42.927,2,12
-1.0010,0.0254,0.1602,50.976,-6.890,-11.463,3,90
-1.0000,0.0288,0.1626,51.341,-6.280,-10.488,3,90
-1.0000,0.0112,0.1685,51.220,-5.366,-9.024,3,90
-1.0039,0.0063,0.1763,50.732,-4.451,-8.232,3,90
-1.0000,-0.0059,0.1880,48.841,-3.780,-6.585,3,90
-1.0024,-0.0171,0.1875,46.159,-3.110,-6.037,3,90
-1.0098,-0.0249,0.1880,42.683,-2.378,-5.061,3,90
-1.0093,-0.0322,0.1943,37.439,-1.463,-3.659,3,90
0.5854,-0.9907,0.6846,-18.780,111.037,6.890,1,12
0.5811,-1.0073,0.6919,-18.963,111.768,6.463,1,12
0.5854,-1.0176,0.7085,-19.451,112.378,5.488,1,12
0.5903,-1.0288,0.7236,-20.366,112.622,3.963,1,12
0.6040,-1.0313,0.7314,-21.890,112.988,2.439,1,12
0.6040,-1.0352,0.7432,-23.537,112.500,0.488,1,12
0.6172,-1.0254,0.7432,-25.671,111.768,-1.098,1,12
0.6328,-1.0264,0.7529,-27.988,110.305,-2.622,1,12
0.1646,1.3047,-0.2554,-28.720,-4.329,43.902,2,12
0.1704,1.2900,-0.2632,-27.439,-2.988,44.146,2,12
0.1597,1.2852,-0.2573,-26.524,-1.341,43.293,2,12
0.1577,1.2759,-0.2646,-25.488,-0.244,42.988,2,12
0.1685,1.2646,-0.2671,-25.671,0.793,42.622,2,12
0.1626,1.2607,-0.2563,-25.915,1.707,42.195,2,12
0.1660,1.2402,-0.2646,-26.829,2.866,41.402,2,12
0.1680,1.2314,-0.2739,-27.866,3.598,40.854,2,12
-1.0127,-0.0303,0.2109,-5.610,7.866,3.841,3,90
-1.0112,-0.0283,0.2061,-10.000,8.659,4.634,3,90
-1.0117,-0.0156,0.1938,-13.902,10.122,5.122,3,90
-1.0063,-0.0049,0.1978,-18.476,11.402,5.549,3,90
-1.0049,-0.0034,0.1914,-22.561,12.866,6.585,3,90
-1.0127,-0.0024,0.1831,-25.915,13.659,7.439,3,90
-1.0107,0.0024,0.1675,-28.354,15.183,8.232,3,90
-1.0132,-0.0020,0.1646,-29.146,16.341,9.451,3,90
0.7109,-0.8823,0.7490,-37.012,93.963,-3.720,1,12
0.7183,-0.8672,0.7427,-36.341,92.744,-2.317,1,12
0.7256,-0.8643,0.7388,-35.366,91.646,-1.524,1,12
0.7305,-0.8633,0.7173,-33.963,90.732,-0.061,1,12
0.7441,-0.8633,0.7227,-32.561,89.695,1.037,1,12
0.7397,-0.8687,0.7158,-31.280,88.598,2.378,1,12
0.7500,-0.8794,0.7012,-30.122,87.683,4.085,1,12
0.7456,-0.8867,0.6865,-29.817,86.585,5.244,1,12
0.1279,1.1479,-0.3579,-40.061,9.573,32.988,2,12
0.1318,1.1426,-0.3535,-41.037,10.488,31.768,2,12
0.1196,1.1494,-0.3721,-41.890,11.524,30.976,2,12
0.1162,1.1514,-0.3711,-42.866,12.378,30.000,2,12
0.1177,1.1592,-0.3784,-43.780,12.988,28.902,2,12
0.1221,1.1543,-0.4023,-44.207,13.537,27.622,2,12
0.1133,1.1636,-0.4097,-44.390,13.720,26.585,2,12
0.1133,1.1680,-0.4160,-44.207,13.902,25.549,2,12
-1.0024,-0.1211,0.1470,-17.134,26.890,24.268,3,90
-1.0010,-0.1191,0.1479,-16.829,27.988,26.220,3,90
-1.0093,-0.1133,0.1460,-17.866,29.146,27.622,3,90
-1.0176,-0.0996,0.1387,-19.573,30.122,28.963,3,90
-1.0273,-0.0874,0.1426,-20.854,31.159,30.366,3,90
-1.0156,-0.0645,0.1333,-23.049,32.073,31.280,3,90
-1.0186,-0.0410,0.1289,-24.817,33.232,32.073,3,90
-1.0117,-0.0234,0.1318,-25.976,34.085,32.866,3,90
0.7529,-1.0405,0.6353,-36.829,74.512,10.000,1,12
0.7544,-1.0396,0.6270,-37.012,72.622,9.390,1,12
0.7568,-1.0337,0.6230,-37.073,70.915,8.963,1,12
0.7544,-1.0356,0.6274,-36.524,68.902,8.476,1,12
0.7500,-1.0210,0.6294,-35.854,66.829,8.354,1,12
0.7666,-1.0107,0.6411,-34.634,64.634,8.049,1,12
0.7607,-1.0112,0.6387,-33.354,62.256,8.049,1,12
0.7666,-0.9922,0.6411,-31.220,60.183,8.232,1,12
0.0747,1.2334,-0.4653,-35.915,13.659,16.220,2,12
0.0718,1.2363,-0.4810,-33.171,13.598,14.939,2,12
0.0703,1.2412,-0.4824,-30.610,13.354,14.024,2,12
0.0596,1.2529,-0.4897,-27.988,12.988,13.049,2,12
0.0459,1.2578,-0.4854,-25.061,12.988,11.951,2,12
0.0361,1.2681,-0.5020,-22.561,13.049,10.793,2,12
0.0356,1.2808,-0.5054,-19.268,12.927,9.512,2,12
0.0142,1.2876,-0.5210,-16.098,12.744,8.232,2,12
-0.9883,0.0332,0.1284,-37.683,40.183,40.183,3,90
-0.9844,0.0566,0.1128,-40.793,40.427,40.244,3,90
-0.9917,0.0688,0.1001,-43.171,40.366,40.305,3,90
-0.9980,0.0835,0.0835,-44.512,41.098,40.366,3,90
-1.0103,0.0996,0.0728,-45.061,41.463,40.183,3,90
-1.0093,0.1138,0.0718,-45.610,42.134,39.695,3,90
-1.0068,0.1348,0.0552,-45.244,42.500,39.451,3,90
-1.0005,0.1523,0.0479,-45.061,42.805,39.207,3,90
0.7925,-0.9590,0.5776,-3.110,37.134,14.512,1,12
0.7896,-0.9746,0.5674,-0.793,34.817,15.793,1,12
0.8008,-0.9844,0.5596,1.463,32.134,16.768,1,12
0.7944,-1.0034,0.5649,3.171,29.207,17.866,1,12
0.7900,-1.0156,0.5566,4.512,25.976,19.085,1,12
0.7910,-1.0356,0.5630,5.427,22.988,19.878,1,12
0.7817,-1.0581,0.5630,6.768,18.171,20.915,1,12
0.7700,-1.0762,0.5713,7.561,14.878,21.463,1,12
-0.0396,1.3687,-0.5610,13.963,15.366,-0.671,2,12
-0.0547,1.3677,-0.5571,18.049,15.976,-1.463,2,12
-0.0522,1.3730,-0.5664,22.073,16.524,-1.585,2,12
-0.0586,1.3730,-0.5703,26.646,17.500,-2.012,2,12
-0.0508,1.3735,-0.5732,30.488,18.354,-2.622,2,12
-0.0566,1.3667,-0.5781,34.207,18.963,-3.049,2,12
-0.0659,1.3574,-0.5723,37.927,20.061,-3.415,2,12
-0.0645,1.3521,-0.5723,41.402,21.402,-3.841,2,12
-0.9883,0.2876,0.0586,-46.646,41.951,31.159,3,90
-0.9766,0.2886,0.0605,-46.707,42.134,30.427,3,90
-0.9653,0.3018,0.0762,-46.280,41.585,28.232,3,90
-0.9561,0.3071,0.0830,-46.341,41.463,27.500,3,90
-0.9443,0.3164,0.0776,-45.854,41.402,26.280,3,90
-0.9302,0.3203,0.0596,-45.183,41.341,25.000,3,90
-0.9209,0.3203,0.0415,-44.695,41.037,24.207,3,90
-0.9233,0.3276,0.0645,-44.634,41.402,22.622,3,90
0.7974,-1.2534,0.5537,-2.134,-16.037,13.902,1,12
0.7969,-1.2627,0.5342,-4.756,-19.817,12.805,1,12
0.8062,-1.2646,0.5239,-7.744,-23.841,12.256,1,12
0.8047,-1.2661,0.5122,-10.915,-27.927,11.402,1,12
0.8101,-1.2700,0.5010,-13.963,-32.256,10.854,1,12
0.8135,-1.2646,0.4814,-16.890,-36.524,10.244,1,12
0.8154,-1.2441,0.4756,-19.451,-41.280,9.634,1,12
0.8203,-1.2251,0.4580,-22.256,-45.366,9.268,1,12
-0.0693,1.3062,-0.5259,67.927,32.622,-7.744,2,12
-0.0732,1.3066,-0.5166,70.000,33.841,-8.171,2,12
-0.0703,1.3135,-0.5073,72.012,35.671,-8.598,2,12
-0.0752,1.3149,-0.4946,73.598,37.134,-9.085,2,12
-0.0669,1.3086,-0.4814,75.000,38.354,-9.024,2,12
-0.0625,1.3135,-0.4785,76.829,40.000,-9.451,2,12
-0.0664,1.3062,-0.4673,78.354,41.159,-10.000,2,12
-0.0654,1.3027,-0.4561,80.366,42.256,-10.488,2,12
-0.8335,0.3037,-0.0435,-36.585,37.866,16.524,3,90
-0.8418,0.3003,-0.0674,-35.793,37.195,15.244,3,90
-0.8613,0.2944,-0.0967,-35.671,36.890,14.207,3,90
-0.8804,0.2910,-0.1172,-34.695,36.585,12.988,3,90
-0.9077,0.2871,-0.0889,-34.268,36.402,11.829,3,90
-0.9272,0.2808,-0.0591,-34.207,35.854,11.159,3,90
-0.9302,0.2705,-0.0420,-35.061,34.390,10.427,3,90
-0.9219,0.2539,-0.0449,-36.951,33.049,10.122,3,90
0.8608,-0.9634,0.5649,-47.073,-74.390,5.671,1,12
0.8799,-0.9458,0.5894,-50.671,-77.012,5.549,1,12
0.9072,-0.9263,0.6050,-53.415,-79.390,4.939,1,12
0.9263,-0.9209,0.6367,-55.793,-82.866,4.329,1,12
0.9458,-0.9214,0.6470,-57.561,-86.280,4.268,1,12
0.9780,-0.9126,0.6523,-59.756,-89.756,4.085,1,12
1.0210,-0.9033,0.6411,-61.159,-96.341,4.878,1,12
1.0449,-0.8862,0.6182,-60.549,-101.341,5.488,1,12
-0.0396,1.3066,-0.4019,96.951,55.000,-15.793,2,12
-0.0273,1.2983,-0.4116,98.720,56.463,-16.707,2,12
-0.0166,1.3042,-0.4033,100.366,57.988,-17.317,2,12
-0.0117,1.3101,-0.4072,102.256,59.634,-18.476,2,12
-0.0010,1.3047,-0.4023,104.512,61.098,-18.963,2,12
0.0068,1.3101,-0.4014,106.037,62.866,-19.878,2,12
0.0117,1.3159,-0.3950,108.232,64.451,-20.671,2,12
0.0273,1.3101,-0.3984,110.061,65.915,-21.768,2,12
-0.9390,0.1665,-0.0117,-65.854,22.561,-0.427,3,90
-0.9336,0.1807,-0.0239,-67.256,21.646,-1.402,3,90
-0.9277,0.2012,-0.0283,-67.805,20.793,-2.500,3,90
-0.9204,0.2202,-0.0474,-68.476,20.000,-3.354,3,90
-0.9224,0.2256,-0.0527,-68.293,19.146,-4.024,3,90
-0.9180,0.2261,-0.0581,-67.073,18.476,-4.695,3,90
-0.9180,0.2212,-0.0698,-65.488,17.683,-5.000,3,90
-0.9243,0.2271,-0.0771,-64.024,17.256,-5.732,3,90
1.4224,-0.6016,0.5088,-32.195,-129.939,10.488,1,12
1.4951,-0.5723,0.5137,-28.780,-131.280,10.488,1,12
1.5820,-0.5366,0.5171,-25.488,-132.683,10.793,1,12
1.6685,-0.5229,0.5391,-22.012,-134.024,10.549,1,12
1.7720,-0.4961,0.5664,-17.683,-135.793,10.366,1,12
1.8828,-0.4634,0.6030,-12.683,-137.866,9.451,1,12
1.9932,-0.4385,0.6421,-7.317,-139.573,8.232,1,12
2.1182,-0.3965,0.6875,-1.829,-142.744,6.829,1,12
0.1372,1.2788,-0.2900,124.207,79.268,-30.915,2,12
0.1519,1.2734,-0.2764,125.366,80.366,-32.256,2,12
0.1675,1.2632,-0.2651,126.524,82.012,-33.354,2,12
0.1816,1.2549,-0.2593,127.622,83.476,-34.756,2,12
0.2100,1.2563,-0.2373,128.110,84.451,-35.732,2,12
0.2231,1.2520,-0.2168,129.695,85.671,-36.890,2,12
0.2485,1.2578,-0.2144,130.549,86.951,-38.171,2,12
0.2700,1.2539,-0.1904,131.280,87.988,-39.146,2,12
-1.0195,0.2988,-0.0234,-48.415,11.280,-10.427,3,90
-1.0298,0.3027,-0.0117,-47.622,10.305,-11.341,3,90
-1.0303,0.2871,-0.0205,-46.890,9.207,-11.463,3,90
-1.0356,0.2754,-0.0171,-45.122,8.415,-11.402,3,90
-1.0356,0.2563,-0.0132,-43.049,7.927,-11.341,3,90
-1.0273,0.2139,-0.0215,-41.220,7.378,-11.890,3,90
-1.0249,0.1719,-0.0586,-40.366,7.256,-12.439,3,90
-1.0283,0.1240,-0.0649,-39.817,6.341,-13.110,3,90
3.5454,-0.0288,1.1050,21.646,-203.537,-8.841,1,12
3.6846,-0.0020,1.1387,21.829,-212.195,-7.927,1,12
3.7832,0.0161,1.1958,22.683,-220.671,-5.610,1,12
3.8638,0.0313,1.2612,24.146,-228.293,-2.134,1,12
3.9165,0.0547,1.3101,25.671,-235.183,1.890,1,12
3.9736,0.0859,1.3652,27.805,-241.220,5.061,1,12
4.0503,0.1685,1.4404,30.244,-248.841,8.841,1,12
4.1147,0.2295,1.4829,30.427,-252.744,9.695,1,12
0.3618,1.1904,-0.0752,135.488,84.634,-47.012,2,12
0.3628,1.1646,-0.0703,135.793,83.415,-47.439,2,12
0.3691,1.1353,-0.0640,135.854,82.378,-47.622,2,12
0.3750,1.1060,-0.0571,135.305,81.402,-48.232,2,12
0.3730,1.0684,-0.0557,134.390,80.427,-48.963,2,12
0.3809,1.0239,-0.0513,133.415,79.451,-49.512,2,12
0.3838,0.9941,-0.0493,132.622,78.598,-49.817,2,12
0.3975,0.9531,-0.0713,131.951,77.927,-50.610,2,12
-1.0156,0.1602,0.0283,-53.659,-2.561,-8.598,3,90
-1.0146,0.1626,0.0229,-53.659,-3.537,-8.598,3,90
-1.0083,0.1636,0.0059,-52.988,-3.841,-8.598,3,90
-0.9966,0.1680,-0.0103,-51.890,-4.756,-8.841,3,90
-0.9937,0.1743,-0.0068,-51.280,-5.305,-8.659,3,90
-0.9785,0.1826,-0.0044,-50.732,-5.915,-8.780,3,90
-0.9653,0.2002,-0.0156,-50.854,-6.829,-8.841,3,90
-0.9619,0.2002,-0.0229,-50.671,-7.561,-9.085,3,90
3.7373,0.6968,1.8677,57.988,-274.512,-2.500,1,12
3.6655,0.6875,1.8877,66.341,-279.329,3.963,1,12
3.6206,0.6636,1.9141,75.793,-282.378,10.427,1,12
3.5605,0.6206,1.9541,84.085,-282.805,17.927,1,12
3.5190,0.5718,1.9785,90.793,-281.463,25.427,1,12
3.4810,0.5078,2.0112,95.244,-278.963,33.659,1,12
3.4316,0.4185,2.0435,96.585,-276.159,42.134,1,12
3.3799,0.3149,2.0742,94.939,-272.439,51.098,1,12
0.5767,0.6748,-0.0957,121.037,71.829,-55.000,2,12
0.6104,0.6431,-0.1006,118.963,69.451,-55.366,2,12
0.6235,0.6313,-0.0996,118.537,68.659,-55.671,2,12
0.6455,0.6050,-0.1050,116.829,66.646,-56.098,2,12
0.6699,0.5786,-0.1177,116.037,64.756,-55.976,2,12
0.6860,0.5527,-0.1299,115.488,62.805,-56.585,2,12
0.7080,0.5405,-0.1426,114.695,60.610,-56.890,2,12
0.7202,0.5205,-0.1465,114.146,58.110,-57.378,2,12
-0.7930,0.2905,0.0176,-36.524,-8.415,-8.780,3,90
-0.7676,0.2969,0.0249,-33.537,-8.049,-8.598,3,90
-0.7480,0.3018,0.0146,-29.878,-8.049,-8.293,3,90
-0.7231,0.3027,0.0205,-26.159,-7.927,-7.500,3,90
-0.7090,0.3101,0.0356,-22.195,-7.683,-7.012,3,90
-0.7021,0.3149,0.0757,-19.024,-7.439,-6.463,3,90
-0.6880,0.3135,0.1074,-16.463,-7.073,-5.976,3,90
-0.6855,0.3188,0.1157,-15.000,-6.890,-5.671,3,90
2.0239,-1.6846,1.9331,-46.037,-230.427,150.488,1,12
0.9487,-3.4839,4.3926,-169.024,-186.707,231.037,1,12
0.4707,-3.5088,3.4858,-287.195,-128.171,313.841,1,12
-0.1372,-2.9429,2.4692,-378.110,-124.512,345.122,1,12
-1.1792,-2.7998,3.4214,-367.622,-150.488,330.305,1,12
-2.8442,-3.4077,5.7583,-209.085,-250.793,329.878,1,12
-15.0806,-8.8716,-1.4287,118.232,-339.146,263.415,1,12
-15.9731,-5.6157,-6.1426,917.866,-252.439,-306.463,1,12
0.6929,0.4116,-0.2212,106.463,35.549,-61.646,2,12
0.6665,0.4087,-0.2173,105.549,32.927,-62.500,2,12
0.6377,0.3975,-0.2158,103.720,30.366,-63.902,2,12
0.6079,0.3843,-0.2222,101.585,28.110,-65.000,2,12
0.5615,0.3662,-0.2207,99.207,26.098,-66.280,2,12
0.5259,0.3530,-0.2271,97.256,24.390,-67.256,2,12
0.4995,0.3301,-0.2388,95.305,22.927,-67.622,2,12
0.4854,0.2983,-0.2354,93.049,21.707,-68.049,2,12
-0.6797,0.3110,0.1782,-11.159,-1.341,-2.256,3,90
-0.7061,0.3120,0.1768,-11.159,-0.732,-1.524,3,90
-0.7290,0.3169,0.1753,-11.768,-0.305,-0.915,3,90
-0.7651,0.3223,0.1753,-11.220,0.000,-0.427,3,90
-0.8145,0.3252,0.1909,-10.305,0.854,0.549,3,90
-0.8564,0.3364,0.2051,-9.024,1.951,1.037,3,90
-0.8950,0.3467,0.1836,-7.622,2.561,1.524,3,90
-0.9336,0.3521,0.1680,-5.610,3.293,2.256,3,90
-2.0825,-2.3501,2.4780,-194.329,143.110,-143.110,1,12
-3.3970,-2.4683,3.0225,-163.171,-5.122,-229.390,1,12
-4.7876,-2.8975,2.7632,-112.317,-162.256,-274.451,1,12
-5.5732,-2.6929,1.3564,12.317,-275.610,-268.598,1,12
-6.1802,-2.9194,0.6309,137.744,-323.110,-174.024,1,12
-6.9917,-2.7798,-0.0059,188.171,-310.305,-50.366,1,12
-6.9854,-2.1807,-0.1885,169.817,-240.305,90.244,1,12
-5.9175,-1.4565,-0.1714,134.756,-126.402,172.622,1,12
0.4917,0.1392,-0.3154,78.659,22.378,-61.829,2,12
0.5098,0.1304,-0.3271,78.598,22.439,-60.976,2,12
0.5317,0.1182,-0.3394,77.988,22.561,-59.817,2,12
0.5508,0.1201,-0.3350,77.744,22.866,-58.841,2,12
0.5630,0.1260,-0.3433,76.707,23.171,-57.805,2,12
0.5806,0.1221,-0.3408,75.915,23.293,-56.463,2,12
0.6060,0.1245,-0.3442,75.122,23.659,-55.427,2,12
0.6187,0.1265,-0.3506,74.451,23.841,-54.085,2,12
0.6318,0.1289,-0.3472,74.024,24.085,-52.744,2,12
0.6509,0.1289,-0.3579,74.085,24.329,-51.768,2,12
0.6665,0.1382,-0.3560,74.512,24.573,-50.000,2,12
0.6821,0.1460,-0.3501,74.573,25.000,-48.354,2,12
0.6968,0.1509,-0.3486,75.061,25.671,-47.073,2,12
0.7056,0.1567,-0.3638,75.610,25.854,-45.488,2,12
0.7148,0.1636,-0.3491,77.073,26.341,-44.512,2,12
0.7134,0.1768,-0.3452,77.744,26.037,-42.988,2,12
-0.9917,0.1372,0.1079,21.585,10.122,5.305,3,90
-0.9897,0.1426,0.0996,20.244,10.061,5.427,3,90
-1.0029,0.1592,0.1016,15.854,9.268,5.671,3,90
-1.0142,0.1611,0.0879,14.817,8.780,5.732,3,90
-1.0352,0.1699,0.0820,13.049,8.415,6.098,3,90
-1.0596,0.1782,0.0723,11.707,7.561,6.341,3,90
-1.0693,0.1870,0.0605,11.585,7.256,6.402,3,90
-1.0894,0.1973,0.0464,12.622,6.524,6.951,3,90
0.1646,0.2817,-0.0991,49.817,71.524,-10.000,1,12
0.1851,0.1348,0.0615,64.878,79.451,-15.549,1,12
0.2070,-0.0596,0.2134,75.793,86.098,-18.232,1,12
0.2217,-0.2720,0.3599,83.598,91.524,-19.512,1,12
0.2495,-0.5132,0.5068,88.110,96.524,-20.366,1,12
0.3340,-0.7881,0.6592,88.902,101.707,-19.024,1,12
0.3877,-1.0518,0.8042,86.768,105.915,-17.073,1,12
-0.0225,-0.9131,0.8359,83.354,107.988,-24.634,1,12
0.6362,0.1914,-0.2866,81.159,21.646,-30.244,2,12
0.6299,0.1797,-0.2715,80.854,21.159,-28.720,2,12
0.6182,0.1782,-0.2710,80.061,20.610,-26.951,2,12
0.6167,0.1616,-0.2578,78.537,20.549,-25.671,2,12
0.6108,0.1479,-0.2466,76.524,20.366,-24.024,2,12
0.5947,0.1304,-0.2378,73.171,20.244,-22.927,2,12
0.5913,0.1187,-0.2305,70.061,19.512,-21.585,2,12
0.5747,0.1104,-0.2168,65.671,19.329,-20.488,2,12
-0.9585,0.1816,-0.0415,25.427,1.037,7.622,3,90
-0.9404,0.1616,-0.0317,26.037,0.244,7.500,3,90
-0.9111,0.1470,-0.0298,26.585,-0.549,7.744,3,90
-0.9067,0.1182,-0.0332,27.195,-0.732,8.110,3,90
-0.9023,0.1006,-0.0308,27.134,-1.159,8.598,3,90
-0.8940,0.0918,-0.0371,27.012,-1.280,8.720,3,90
-0.8979,0.0693,-0.0601,27.256,-1.829,9.329,3,90
-0.8984,0.0571,-0.0620,27.622,-2.256,9.268,3,90
1.5532,-3.2441,1.2085,99.207,88.293,-40.122,1,12
1.6611,-3.0972,1.1797,92.744,84.756,-46.220,1,12
1.7148,-2.9126,1.1392,82.500,81.159,-59.085,1,12
1.7002,-2.6968,1.0747,67.805,73.598,-76.402,1,12
1.6260,-2.4746,0.9941,49.268,61.037,-95.854,1,12
1.5195,-2.2266,0.9326,29.207,45.488,-114.268,1,12
1.3750,-2.0020,0.8867,11.829,29.268,-129.451,1,12
1.2192,-1.8145,0.8569,-1.646,16.402,-139.695,1,12
0.5708,-0.0234,-0.1733,2.500,14.817,-12.378,2,12
0.5811,-0.0122,-0.1680,-6.220,14.573,-12.073,2,12
0.5859,-0.0229,-0.1567,-14.756,14.634,-11.646,2,12
0.5923,-0.0112,-0.1626,-23.720,14.573,-11.646,2,12
0.6060,-0.0010,-0.1650,-32.683,14.329,-11.341,2,12
0.6104,0.0068,-0.1670,-41.768,14.451,-11.707,2,12
0.6230,0.0225,-0.1621,-50.366,14.207,-11.098,2,12
0.6387,0.0483,-0.1699,-58.780,13.598,-11.463,2,12
-0.8662,0.0596,-0.1050,25.976,-4.390,7.500,3,90
-0.8677,0.0811,-0.1030,26.037,-5.000,7.378,3,90
-0.8447,0.0894,-0.0986,25.915,-5.488,7.378,3,90
-0.8413,0.0889,-0.0820,25.183,-6.280,7.195,3,90
-0.8315,0.0874,-0.0898,24.451,-7.012,7.439,3,90
-0.8257,0.0815,-0.0884,24.390,-7.378,7.805,3,90
-0.8423,0.0933,-0.0894,24.329,-8.049,7.988,3,90
-0.8511,0.0996,-0.0840,24.085,-8.232,7.744,3,90
-0.0605,-1.0034,0.3169,27.988,15.671,-85.366,1,12
-0.1299,-0.9941,0.2983,36.585,24.390,-82.256,1,12
-0.1353,-0.9639,0.2949,43.476,33.537,-82.622,1,12
-0.1265,-0.9683,0.2788,48.841,42.988,-87.500,1,12
-0.1372,-0.9854,0.2808,52.073,52.073,-93.720,1,12
-0.1538,-0.9849,0.2983,54.939,57.378,-97.256,1,12
-0.1528,-0.9521,0.3726,56.585,60.549,-99.573,1,12
-0.1572,-0.9258,0.4595,58.780,62.866,-100.976,1,12
-0.1455,-0.8950,0.5532,60.488,64.634,-102.622,1,12
-0.1230,-0.8672,0.6577,59.451,65.732,-105.244,1,12
-0.0898,-0.8369,0.7490,54.878,66.646,-108.354,1,12
-0.0605,-0.8296,0.8076,46.768,66.098,-113.049,1,12
-0.0342,-0.8286,0.8423,36.098,62.927,-116.951,1,12
-0.0288,-0.8315,0.8491,25.305,56.768,-120.732,1,12
-0.0278,-0.8428,0.8296,15.671,47.622,-122.683,1,12
-0.0444,-0.8550,0.8022,8.720,36.768,-124.207,1,12
0.6636,0.5581,-0.2603,-119.085,-1.341,-4.085,2,12
0.6611,0.5771,-0.2573,-117.683,-2.500,-2.561,2,12
0.6523,0.6011,-0.2500,-115.610,-3.902,-1.402,2,12
0.6357,0.6250,-0.2485,-113.537,-5.244,0.183,2,12
0.6416,0.6523,-0.2373,-111.159,-6.159,1.707,2,12
0.6343,0.6650,-0.2212,-108.902,-7.561,3.476,2,12
0.6294,0.6812,-0.2144,-106.341,-8.963,5.122,2,12
0.6279,0.6948,-0.2129,-103.476,-10.183,7.134,2,12
-0.9302,0.1968,-0.0259,49.268,-16.280,10.427,3,90
-0.9312,0.2002,-0.0332,49.634,-16.951,10.610,3,90
-0.9424,0.1973,-0.0234,50.671,-17.012,10.183,3,90
-0.9546,0.1885,-0.0215,51.707,-17.012,10.244,3,90
-0.9688,0.1904,-0.0234,52.988,-17.134,9.939,3,90
-0.9722,0.1860,-0.0098,54.756,-17.012,9.695,3,90
-0.9775,0.1738,-0.0005,56.402,-17.256,9.756,3,90
-0.9888,0.1753,0.0015,58.049,-17.256,9.695,3,90
-0.0317,-0.8364,0.4971,17.866,10.732,-119.024,1,12
-0.0171,-0.8174,0.4932,16.646,14.329,-117.683,1,12
0.0098,-0.7881,0.4849,14.695,22.195,-114.451,1,12
0.0430,-0.7476,0.4824,10.488,34.756,-108.963,1,12
0.0615,-0.7173,0.4844,9.390,41.890,-104.695,1,12
0.0874,-0.6904,0.4824,9.329,48.354,-100.427,1,12
0.0996,-0.6724,0.5015,9.573,51.646,-96.098,1,12
0.1040,-0.6499,0.5249,9.878,53.354,-91.768,1,12
0.6802,0.6953,-0.1753,-79.268,-24.024,17.805,2,12
0.6890,0.6851,-0.1738,-77.683,-24.939,18.110,2,12
0.7002,0.6763,-0.1631,-76.524,-25.915,18.720,2,12
0.7095,0.6714,-0.1685,-75.000,-27.073,18.902,2,12
0.7168,0.6689,-0.1621,-73.720,-27.866,19.085,2,12
0.7314,0.6763,-0.1558,-73.232,-28.537,19.268,2,12
0.7344,0.6812,-0.1523,-72.073,-29.695,19.756,2,12
0.7339,0.6880,-0.1572,-71.829,-30.671,20.122,2,12
-1.0625,0.1807,0.0356,52.805,-20.000,5.305,3,90
-1.0581,0.1924,0.0391,50.732,-20.122,4.085,3,90
-1.0547,0.2017,0.0479,48.110,-20.671,2.927,3,90
-1.0586,0.2124,0.0542,45.122,-21.159,1.707,3,90
-1.0576,0.2104,0.0430,42.439,-21.707,0.732,3,90
-1.0542,0.2207,0.0557,40.427,-21.585,0.000,3,90
-1.0503,0.2217,0.0591,38.720,-22.256,-0.915,3,90
-1.0542,0.2314,0.0596,37.195,-22.805,-1.402,3,90
0.0322,-0.7207,0.5635,3.780,28.902,-67.500,1,12
0.0044,-0.7266,0.5479,5.793,27.683,-66.951,1,12
-0.0254,-0.7251,0.5308,8.049,27.073,-66.098,1,12
-0.0420,-0.7349,0.5396,10.000,26.768,-64.268,1,12
-0.0693,-0.7368,0.5269,12.561,26.890,-61.890,1,12
-0.0840,-0.7378,0.5229,15.061,26.280,-58.720,1,12
-0.1050,-0.7397,0.5093,17.622,26.585,-55.427,1,12
-0.1318,-0.7441,0.4917,20.122,26.768,-51.402,1,12
0.6387,0.7520,-0.2173,-70.183,-45.488,22.317,2,12
0.6255,0.7603,-0.2295,-70.183,-46.829,22.256,2,12
0.6113,0.7632,-0.2324,-70.427,-48.049,22.134,2,12
0.5972,0.7583,-0.2358,-70.244,-49.146,22.195,2,12
0.5801,0.7715,-0.2319,-70.427,-49.878,22.134,2,12
0.5581,0.7700,-0.2471,-70.610,-50.122,22.195,2,12
0.5522,0.7715,-0.2456,-70.915,-50.915,22.317,2,12
0.5366,0.7686,-0.2432,-71.890,-51.463,22.988,2,12
-1.0181,0.3472,0.1616,27.317,-24.573,-6.341,3,90
-1.0112,0.3687,0.1768,27.683,-24.512,-6.402,3,90
-0.9917,0.3750,0.1851,27.988,-24.268,-6.037,3,90
-0.9834,0.3901,0.1973,29.085,-24.512,-5.976,3,90
-0.9697,0.4028,0.2114,30.061,-24.329,-5.244,3,90
-0.9600,0.4038,0.2070,31.402,-24.268,-4.756,3,90
-0.9561,0.4077,0.2031,33.110,-23.841,-4.329,3,90
-0.9443,0.4175,0.2051,34.146,-24.024,-4.024,3,90
-0.1543,-0.7651,0.4541,48.415,44.207,-21.280,1,12
-0.1440,-0.7671,0.4658,49.329,45.122,-20.244,1,12
-0.1084,-0.7661,0.4634,51.280,48.049,-17.561,1,12
-0.0796,-0.7637,0.4521,52.012,49.451,-15.915,1,12
-0.0483,-0.7588,0.4556,52.744,49.878,-14.451,1,12
-0.0137,-0.7598,0.4453,52.500,50.366,-12.561,1,12
0.0220,-0.7598,0.4355,52.561,49.939,-10.915,1,12
0.0474,-0.7632,0.4185,51.890,49.085,-9.024,1,12
0.4912,0.8228,-0.2920,-80.610,-54.817,28.841,2,12
0.4805,0.8276,-0.2944,-82.866,-55.122,29.329,2,12
0.4824,0.8286,-0.3179,-84.695,-55.549,30.061,2,12
0.4873,0.8311,-0.3086,-86.280,-56.220,30.976,2,12
0.4849,0.8374,-0.3223,-87.073,-56.707,31.402,2,12
0.4829,0.8413,-0.3228,-88.720,-57.378,32.012,2,12
0.4775,0.8472,-0.3379,-89.695,-58.293,32.561,2,12
0.4810,0.8467,-0.3340,-90.854,-58.902,33.354,2,12
-0.9023,0.3223,0.1636,49.024,-20.061,-0.671,3,90
-0.8911,0.3062,0.1577,49.634,-19.512,-0.183,3,90
-0.8872,0.2900,0.1460,50.366,-19.268,0.732,3,90
-0.8818,0.2739,0.1426,51.402,-18.841,1.402,3,90
-0.8804,0.2671,0.1445,51.951,-18.110,1.829,3,90
-0.8779,0.2559,0.1313,52.073,-17.622,2.073,3,90
-0.8794,0.2515,0.1157,51.707,-17.256,2.439,3,90
-0.8804,0.2441,0.1133,50.732,-16.829,3.171,3,90
0.1973,-0.9150,0.2881,27.622,32.439,13.963,1,12
0.1958,-0.9404,0.2798,24.024,31.402,16.646,1,12
0.1846,-0.9600,0.2612,20.793,30.793,19.024,1,12
0.1836,-0.9800,0.2456,17.439,30.671,21.524,1,12
0.1753,-0.9985,0.2476,13.354,30.793,23.354,1,12
0.1807,-1.0117,0.2393,8.963,31.646,25.000,1,12
0.1655,-1.0142,0.2393,4.085,32.439,26.524,1,12
0.1729,-1.0229,0.2368,-1.037,33.537,27.561,1,12
0.4434,0.8818,-0.3647,-95.976,-66.646,35.366,2,12
0.4302,0.8867,-0.3667,-95.976,-67.500,35.305,2,12
0.4224,0.8906,-0.3564,-95.244,-68.415,35.610,2,12
0.4116,0.8999,-0.3623,-94.512,-69.207,35.427,2,12
0.4048,0.9038,-0.3696,-94.085,-70.183,35.732,2,12
0.3960,0.9082,-0.3545,-93.293,-71.037,35.549,2,12
0.3887,0.9082,-0.3584,-92.012,-72.134,35.671,2,12
0.3794,0.9106,-0.3574,-90.854,-73.110,35.854,2,12
-0.8608,0.1641,0.0078,55.305,-11.707,6.524,3,90
-0.8584,0.1504,-0.0044,55.976,-11.098,6.585,3,90
-0.8550,0.1372,-0.0205,56.463,-10.610,7.134,3,90
-0.8472,0.1260,-0.0220,57.317,-9.878,7.134,3,90
-0.8428,0.1201,-0.0391,57.317,-9.512,7.256,3,90
-0.8320,0.1206,-0.0391,57.012,-9.207,7.073,3,90
-0.8301,0.1172,-0.0537,55.488,-8.841,6.829,3,90
-0.8237,0.1089,-0.0703,54.268,-8.293,6.220,3,90
0.2153,-0.9292,0.3096,-51.463,41.951,30.305,1,12
0.2227,-0.9253,0.3188,-53.293,42.378,29.878,1,12
0.2383,-0.9043,0.3242,-57.866,42.805,29.695,1,12
0.2607,-0.8979,0.3296,-60.610,43.415,29.756,1,12
0.2666,-0.8965,0.3311,-63.476,44.024,29.817,1,12
0.2803,-0.8940,0.3364,-65.366,45.000,30.000,1,12
0.2944,-0.8818,0.3335,-67.805,46.098,30.061,1,12
0.3091,-0.8735,0.3325,-69.451,47.317,30.305,1,12
0.2573,0.9082,-0.3740,-76.951,-78.171,37.378,2,12
0.2480,0.9131,-0.3740,-75.427,-78.171,37.500,2,12
0.2334,0.9082,-0.3696,-73.902,-77.866,37.500,2,12
0.2261,0.9048,-0.3716,-72.378,-77.317,37.256,2,12
0.2251,0.8989,-0.3716,-70.732,-76.524,37.622,2,12
0.2129,0.8940,-0.3804,-69.207,-76.280,37.439,2,12
0.2026,0.8896,-0.3862,-67.561,-75.000,37.561,2,12
0.2012,0.8901,-0.3931,-66.037,-74.085,37.439,2,12
-0.8740,0.0249,-0.0396,58.659,-1.585,6.280,3,90
-0.8633,0.0293,-0.0386,57.988,-1.037,6.402,3,90
-0.8687,0.0151,-0.0254,55.671,-0.671,6.341,3,90
-0.8696,0.0156,-0.0127,52.561,-0.305,6.159,3,90
-0.8721,0.0044,0.0024,47.683,0.366,5.610,3,90
-0.8613,0.0000,-0.0107,42.134,0.366,5.305,3,90
-0.8716,0.0083,-0.0181,36.220,0.732,4.756,3,90
-0.8813,0.0308,-0.0073,31.220,1.159,3.720,3,90
0.3823,-0.8096,0.2212,-68.354,58.049,33.780,1,12
0.3955,-0.8008,0.2305,-67.012,59.512,34.329,1,12
0.3916,-0.7803,0.2251,-65.610,61.524,34.939,1,12
0.3906,-0.7754,0.2383,-64.146,63.110,35.305,1,12
0.3936,-0.7593,0.2446,-62.866,65.366,35.244,1,12
0.4053,-0.7446,0.2515,-61.037,67.256,35.488,1,12
0.4033,-0.7373,0.2603,-59.512,69.512,35.488,1,12
0.4136,-0.7339,0.2778,-57.500,71.341,35.305,1,12
0.1860,0.8955,-0.3647,-53.049,-66.402,37.317,2,12
0.1875,0.9014,-0.3564,-50.793,-64.878,36.890,2,12
0.1943,0.9004,-0.3486,-50.061,-64.146,36.707,2,12
0.2012,0.8979,-0.3491,-49.207,-62.622,35.915,2,12
0.2075,0.8936,-0.3477,-48.171,-61.890,35.183,2,12
0.2095,0.8931,-0.3379,-47.988,-61.341,34.817,2,12
0.2056,0.8999,-0.3359,-46.829,-60.305,34.268,2,12
0.2158,0.8999,-0.3359,-45.793,-59.207,33.659,2,12
-0.9258,0.2300,0.0103,9.329,-0.610,-0.915,3,90
-0.9272,0.2510,0.0093,9.390,-0.610,-1.341,3,90
-0.9238,0.2725,0.0103,10.305,-0.732,-1.707,3,90
-0.9180,0.2935,0.0083,12.073,-0.610,-1.707,3,90
-0.9180,0.3032,0.0220,13.720,-1.220,-1.951,3,90
-0.9126,0.3096,0.0342,15.305,-1.159,-1.890,3,90
-0.9150,0.3145,0.0483,17.134,-1.402,-1.829,3,90
-0.9116,0.3110,0.0547,18.415,-1.280,-2.256,3,90
0.4512,-0.7832,0.4009,-35.183,85.610,33.232,1,12
0.4536,-0.7900,0.4141,-33.354,86.463,32.988,1,12
0.4556,-0.8057,0.4204,-32.195,86.951,32.805,1,12
0.4541,-0.8110,0.4272,-29.878,87.622,32.683,1,12
0.4570,-0.8188,0.4248,-28.232,87.805,32.622,1,12
0.4561,-0.8345,0.4297,-26.646,88.049,32.622,1,12
0.4624,-0.8433,0.4248,-24.878,88.598,32.622,1,12
0.4521,-0.8501,0.4380,-23.780,89.207,32.500,1,12
0.2505,0.9316,-0.2788,-41.402,-53.415,28.963,2,12
0.2544,0.9336,-0.2739,-41.463,-52.256,28.720,2,12
0.2441,0.9312,-0.2676,-41.341,-51.951,28.415,2,12
0.2471,0.9399,-0.2666,-40.976,-51.524,28.476,2,12
0.2388,0.9390,-0.2637,-40.549,-51.280,28.415,2,12
0.2295,0.9346,-0.2656,-40.854,-51.341,28.171,2,12
0.2256,0.9380,-0.2627,-40.305,-51.341,28.171,2,12
0.2163,0.9419,-0.2690,-40.122,-50.671,28.293,2,12
-0.9487,0.2935,0.0815,22.439,-2.195,-4.878,3,90
-0.9346,0.2983,0.0664,20.671,-2.195,-5.122,3,90
-0.9263,0.2788,0.0830,18.841,-2.683,-5.244,3,90
-0.9160,0.2676,0.0693,18.049,-3.171,-5.366,3,90
-0.9189,0.2700,0.0474,17.012,-3.110,-6.159,3,90
-0.9199,0.2466,0.0576,15.183,-3.415,-6.463,3,90
-0.9189,0.2368,0.0405,15.122,-3.171,-6.524,3,90
-0.9268,0.2236,0.0239,14.878,-3.171,-7.134,3,90
0.4263,-0.9351,0.4604,-10.793,90.061,27.500,1,12
0.4287,-0.9463,0.4639,-9.878,90.549,26.768,1,12
0.4341,-0.9521,0.4814,-9.512,90.854,25.976,1,12
0.4272,-0.9556,0.4912,-8.963,91.341,24.878,1,12
0.4341,-0.9580,0.5161,-8.720,91.829,23.902,1,12
0.4307,-0.9609,0.5254,-9.024,92.012,22.866,1,12
0.4341,-0.9546,0.5337,-9.451,92.317,21.890,1,12
0.4341,-0.9551,0.5430,-9.939,92.378,21.098,1,12
0.1416,0.9287,-0.2759,-42.073,-41.037,27.927,2,12
0.1445,0.9351,-0.2695,-42.805,-39.390,27.195,2,12
0.1431,0.9429,-0.2749,-43.293,-37.622,26.768,2,12
0.1401,0.9565,-0.2764,-44.268,-35.732,26.463,2,12
0.1431,0.9634,-0.2700,-45.061,-33.659,25.854,2,12
0.1455,0.9673,-0.2695,-45.793,-31.707,25.610,2,12
0.1533,0.9805,-0.2720,-46.159,-30.244,24.878,2,12
0.1484,0.9863,-0.2739,-46.220,-28.415,24.512,2,12
-0.9365,0.0830,0.0313,7.805,-1.951,-7.012,3,90
-0.9375,0.0825,0.0244,7.317,-1.951,-7.012,3,90
-0.9424,0.0718,0.0049,5.366,-0.610,-6.463,3,90
-0.9360,0.0396,0.0063,2.744,-0.366,-6.159,3,90
-0.9165,0.0166,0.0171,1.524,-0.244,-5.427,3,90
-0.9282,0.0200,-0.0269,0.549,1.341,-5.305,3,90
-0.9238,-0.0024,-0.0376,-0.732,2.195,-5.122,3,90
-0.9160,-0.0259,-0.0444,-1.280,3.110,-4.268,3,90
0.4893,-0.8882,0.6489,-15.488,90.061,15.000,1,12
0.4995,-0.8833,0.6621,-16.585,89.573,14.634,1,12
0.5059,-0.8774,0.6694,-17.500,88.963,14.451,1,12
0.5181,-0.8750,0.6572,-18.293,87.988,14.085,1,12
0.5142,-0.8765,0.6689,-18.476,87.256,14.451,1,12
0.5190,-0.8760,0.6680,-18.232,86.463,14.268,1,12
0.5288,-0.8848,0.6709,-17.805,85.366,14.268,1,12
0.5278,-0.8960,0.6660,-16.951,84.451,14.329,1,12
0.1733,1.0610,-0.3032,-38.537,-18.232,22.256,2,12
0.1704,1.0620,-0.3018,-36.890,-17.012,22.317,2,12
0.1768,1.0679,-0.3101,-34.878,-16.220,22.195,2,12
0.1704,1.0708,-0.3032,-33.354,-15.549,22.134,2,12
0.1655,1.0732,-0.3174,-31.524,-14.573,22.195,2,12
0.1626,1.0752,-0.3218,-29.756,-13.902,22.134,2,12
0.1665,1.0708,-0.3262,-27.744,-12.805,21.951,2,12
0.1577,1.0723,-0.3252,-25.976,-12.012,22.012,2,12
-0.9009,-0.0923,-0.0405,-6.768,12.195,-0.976,3,90
-0.9019,-0.0864,-0.0181,-8.171,13.598,-0.793,3,90
-0.9004,-0.0859,-0.0273,-9.451,14.329,-0.366,3,90
-0.8940,-0.0752,-0.0156,-11.402,15.122,-0.305,3,90
-0.8970,-0.0625,-0.0142,-13.537,15.976,0.000,3,90
-0.8887,-0.0522,-0.0088,-15.061,16.890,0.488,3,90
-0.8970,-0.0303,-0.0005,-16.768,17.744,1.037,3,90
-0.9009,-0.0068,0.0225,-18.902,18.720,1.159,3,90
0.5093,-0.9775,0.5293,-12.073,77.195,13.659,1,12
0.5073,-0.9731,0.5161,-10.549,77.256,13.415,1,12
0.4985,-0.9741,0.4980,-9.329,77.012,13.720,1,12
0.4927,-0.9746,0.5049,-7.866,77.378,13.415,1,12
0.4893,-0.9741,0.5010,-7.012,77.866,13.476,1,12
0.4878,-0.9780,0.5122,-5.854,77.744,13.110,1,12
0.4819,-0.9756,0.5259,-5.488,78.171,12.988,1,12
0.4849,-0.9888,0.5298,-5.305,77.988,12.317,1,12
0.1255,1.0669,-0.3403,-11.037,-3.171,19.390,2,12
0.1152,1.0718,-0.3330,-9.878,-1.890,18.720,2,12
0.1079,1.0703,-0.3350,-8.902,-0.488,18.293,2,12
0.1069,1.0713,-0.3350,-7.622,0.732,17.866,2,12
0.1064,1.0679,-0.3379,-6.829,1.768,17.439,2,12
0.0996,1.0635,-0.3394,-6.280,2.866,16.585,2,12
0.0918,1.0674,-0.3354,-5.305,4.390,16.524,2,12
0.0928,1.0752,-0.3423,-4.573,5.488,15.976,2,12
-0.9727,0.0708,0.1147,-64.146,19.878,10.488,3,90
-0.9971,0.0874,0.1162,-73.537,19.268,8.659,3,90
-1.0215,0.1099,0.1147,-81.341,18.780,6.829,3,90
-1.0322,0.1436,0.1069,-86.829,19.024,5.427,3,90
-1.0391,0.1758,0.0957,-90.122,18.354,4.329,3,90
-1.0537,0.2080,0.0781,-90.915,18.415,3.841,3,90
-1.0469,0.2412,0.0649,-90.061,18.354,3.598,3,90
-1.0474,0.2676,0.0601,-88.354,18.415,3.171,3,90
0.4985,-1.0586,0.5957,-2.378,69.268,8.293,1,12
0.5127,-1.0688,0.5977,-2.805,68.354,7.622,1,12
0.5151,-1.0635,0.6055,-3.415,66.768,6.951,1,12
0.5190,-1.0615,0.6118,-3.598,65.244,6.707,1,12
0.5273,-1.0586,0.6084,-4.512,63.780,5.976,1,12
0.5430,-1.0669,0.6177,-5.549,62.134,6.280,1,12
0.5454,-1.0688,0.6216,-7.073,60.732,5.549,1,12
0.5537,-1.0708,0.6274,-8.598,59.268,5.732,1,12
0.0635,1.0933,-0.3794,1.646,17.317,10.000,2,12
0.0527,1.1006,-0.3809,2.256,18.780,9.329,2,12
0.0576,1.1035,-0.3809,3.110,20.122,8.780,2,12
0.0547,1.1143,-0.3877,4.207,21.524,8.110,2,12
0.0527,1.1265,-0.3926,4.817,23.354,7.195,2,12
0.0454,1.1338,-0.3901,5.671,24.939,6.646,2,12
0.0381,1.1436,-0.3857,6.524,26.646,6.159,2,12
0.0405,1.1484,-0.3901,7.256,28.232,5.488,2,12
-1.0498,0.5210,0.1548,-51.037,17.500,8.354,3,90
-1.0640,0.5029,0.1567,-46.585,17.805,8.902,3,90
-1.0713,0.4941,0.1719,-41.707,18.354,9.085,3,90
-1.0986,0.4795,0.1855,-36.341,19.146,9.634,3,90
-1.1187,0.4717,0.1934,-30.793,20.427,10.000,3,90
-1.1284,0.4556,0.1953,-26.524,21.220,10.183,3,90
-1.1401,0.4497,0.1895,-22.988,22.195,10.183,3,90
-1.1470,0.4263,0.1909,-19.939,22.988,10.122,3,90
0.6279,-1.1621,0.5576,-20.610,42.195,6.402,1,12
0.6348,-1.1626,0.5591,-21.280,40.427,6.402,1,12
0.6431,-1.1621,0.5498,-22.012,37.927,6.037,1,12
0.6489,-1.1558,0.5503,-23.049,35.854,6.098,1,12
0.6592,-1.1509,0.5591,-23.659,33.780,6.159,1,12
0.6680,-1.1426,0.5513,-24.451,31.220,6.037,1,12
0.6826,-1.1255,0.5625,-25.122,28.780,6.098,1,12
0.6958,-1.1084,0.5708,-24.878,26.159,6.159,1,12
0.0142,1.2383,-0.4243,20.183,41.098,0.061,2,12
0.0200,1.2461,-0.4370,22.622,42.500,-0.549,2,12
0.0117,1.2505,-0.4429,24.146,43.841,-1.159,2,12
0.0068,1.2607,-0.4375,26.159,44.695,-2.012,2,12
0.0010,1.2651,-0.4507,28.354,45.854,-2.805,2,12
-0.0098,1.2671,-0.4507,30.122,47.256,-3.354,2,12
-0.0112,1.2656,-0.4502,32.378,48.171,-4.085,2,12
-0.0107,1.2769,-0.4531,34.146,49.146,-4.878,2,12
-1.1006,0.1763,0.0942,0.793,34.512,12.195,3,90
-1.0693,0.1396,0.0278,-0.244,33.841,12.744,3,90
-1.0679,0.1265,0.0117,-2.561,33.659,12.317,3,90
-1.0615,0.1206,0.0000,-6.585,33.780,10.854,3,90
-1.0498,0.1006,-0.0381,-10.793,33.537,9.146,3,90
-1.0425,0.0869,-0.0566,-14.512,33.537,7.866,3,90
-1.0298,0.0771,-0.0723,-17.561,32.866,6.098,3,90
-1.0254,0.0796,-0.0684,-20.549,32.683,4.939,3,90
0.8584,-1.0479,0.6348,-10.976,-6.829,9.207,1,12
0.8760,-1.0576,0.6333,-8.476,-10.915,9.390,1,12
0.8960,-1.0684,0.6348,-6.341,-14.634,9.878,1,12
0.9126,-1.0767,0.6362,-4.329,-18.902,10.061,1,12
0.9209,-1.0806,0.6489,-2.378,-22.744,10.671,1,12
0.9355,-1.0947,0.6450,-0.915,-26.768,10.793,1,12
0.9521,-1.0972,0.6509,-0.488,-30.915,10.976,1,12
0.9678,-1.1064,0.6548,-0.122,-34.512,10.976,1,12
-0.0234,1.2720,-0.4189,48.659,61.159,-11.159,2,12
-0.0181,1.2666,-0.4116,50.366,62.683,-11.707,2,12
-0.0112,1.2725,-0.4121,51.707,63.902,-12.683,2,12
-0.0088,1.2725,-0.3999,53.171,65.244,-13.232,2,12
0.0005,1.2773,-0.3926,54.390,66.037,-14.451,2,12
0.0059,1.2822,-0.3823,56.280,66.707,-15.061,2,12
0.0142,1.2910,-0.3765,57.561,68.110,-15.976,2,12
0.0225,1.2974,-0.3750,59.329,68.720,-17.012,2,12
-0.9746,0.1265,-0.0728,-46.951,27.073,-1.402,3,90
-0.9629,0.1196,-0.0669,-48.598,26.341,-2.317,3,90
-0.9688,0.1172,-0.0640,-49.878,26.280,-3.293,3,90
-0.9727,0.1201,-0.0566,-51.829,25.793,-4.451,3,90
-0.9785,0.1230,-0.0552,-54.085,25.427,-5.488,3,90
-0.9814,0.1382,-0.0464,-56.098,25.122,-6.280,3,90
-0.9878,0.1504,-0.0386,-58.293,24.939,-6.890,3,90
-0.9849,0.1655,-0.0283,-60.549,24.390,-7.683,3,90
1.1987,-1.0854,0.6392,-14.695,-70.793,9.634,1,12
1.2559,-1.0610,0.6187,-17.134,-74.146,8.598,1,12
1.3066,-1.0454,0.6123,-19.451,-77.622,7.439,1,12
1.3740,-1.0176,0.5977,-21.098,-80.976,6.037,1,12
1.4536,-0.9893,0.5923,-22.988,-84.390,3.963,1,12
1.5405,-0.9468,0.5869,-24.329,-88.110,1.829,1,12
1.6338,-0.9048,0.5825,-25.061,-91.951,-0.183,1,12
1.7510,-0.8638,0.6001,-26.037,-95.305,-2.866,1,12
0.0649,1.3936,-0.3345,78.963,74.756,-23.720,2,12
0.0723,1.3979,-0.3271,81.402,75.000,-24.634,2,12
0.0747,1.4150,-0.3237,83.659,75.671,-24.512,2,12
0.0806,1.4248,-0.3228,86.037,76.220,-25.183,2,12
0.0933,1.4346,-0.3105,88.598,77.073,-25.488,2,12
0.0952,1.4399,-0.3071,90.854,78.171,-25.549,2,12
0.1025,1.4497,-0.3066,93.415,78.902,-25.915,2,12
0.1147,1.4502,-0.2881,95.305,80.000,-25.793,2,12
-0.8345,0.2476,-0.0654,-65.122,19.756,-11.341,3,90
-0.8340,0.2290,-0.0952,-66.585,19.024,-11.829,3,90
-0.8311,0.1982,-0.1255,-67.622,18.354,-12.378,3,90
-0.8462,0.1543,-0.1455,-67.866,18.171,-13.110,3,90
-0.8628,0.1113,-0.1582,-68.232,17.500,-14.878,3,90
-0.8745,0.0869,-0.1841,-69.512,16.280,-16.951,3,90
-0.8906,0.0918,-0.1694,-71.585,15.000,-19.146,3,90
-0.9014,0.1035,-0.1450,-74.390,13.720,-20.671,3,90
3.2500,-0.3560,1.0591,-19.268,-144.878,-49.451,1,12
3.4521,-0.2710,1.1187,-15.976,-154.573,-55.671,1,12
3.6040,-0.2144,1.1904,-14.512,-165.671,-59.207,1,12
3.7964,-0.1284,1.2656,-13.171,-177.744,-59.573,1,12
3.9292,-0.0688,1.3784,-8.232,-191.280,-56.646,1,12
4.0093,0.0005,1.4668,-4.329,-205.732,-50.427,1,12
4.0537,0.0679,1.5557,-0.305,-219.695,-42.561,1,12
4.0835,0.1055,1.6079,3.598,-232.134,-35.671,1,12
0.2266,1.3921,-0.2207,115.122,86.037,-22.927,2,12
0.2373,1.3750,-0.2173,117.317,86.463,-22.317,2,12
0.2559,1.3618,-0.2148,119.268,86.951,-21.707,2,12
0.2734,1.3403,-0.2129,121.402,87.439,-21.159,2,12
0.2690,1.3237,-0.2017,122.988,88.110,-20.793,2,12
0.2803,1.3066,-0.2017,124.390,88.476,-20.244,2,12
0.2954,1.2803,-0.1768,125.488,88.841,-19.573,2,12
0.3022,1.2524,-0.1689,126.280,89.146,-19.085,2,12
-0.9561,0.2871,-0.1030,-90.854,2.805,-20.305,3,90
-0.9697,0.2749,-0.1221,-90.061,1.402,-20.549,3,90
-0.9678,0.2827,-0.1167,-88.780,0.732,-20.732,3,90
-0.9766,0.2905,-0.1055,-87.134,-0.183,-21.098,3,90
-0.9712,0.2964,-0.0825,-85.427,-1.768,-21.646,3,90
-0.9609,0.3062,-0.0718,-83.354,-2.622,-22.012,3,90
-0.9546,0.3052,-0.0635,-81.037,-3.659,-22.561,3,90
-0.9331,0.3071,-0.0562,-78.171,-4.390,-22.744,3,90
3.8511,0.3740,1.6455,87.927,-288.476,-64.024,1,12
3.7402,0.4731,1.6724,98.293,-299.878,-67.134,1,12
3.6484,0.5327,1.6826,107.805,-311.951,-68.354,1,12
3.5557,0.5693,1.6855,118.720,-322.561,-68.232,1,12
3.4722,0.5781,1.7070,131.220,-331.280,-66.280,1,12
3.4028,0.5708,1.7021,144.268,-337.195,-63.902,1,12
3.3545,0.5625,1.7266,156.646,-339.085,-60.671,1,12
3.2939,0.5435,1.7534,166.585,-336.890,-55.976,1,12
0.3867,0.9878,-0.0498,120.244,88.232,-12.927,2,12
0.4038,0.9253,-0.0366,117.134,86.768,-11.890,2,12
0.4092,0.9097,-0.0264,115.793,86.159,-11.768,2,12
0.4155,0.8691,-0.0210,113.110,84.634,-11.280,2,12
0.4263,0.8228,-0.0156,109.878,83.415,-10.610,2,12
0.4453,0.7861,-0.0142,107.073,81.463,-10.305,2,12
0.4517,0.7471,-0.0156,104.085,79.756,-10.061,2,12
0.4609,0.7046,-0.0225,100.732,77.988,-10.183,2,12
-0.8281,0.3076,-0.0034,-33.963,-9.695,-18.720,3,90
-0.8315,0.2944,-0.0020,-30.854,-10.244,-17.866,3,90
-0.8198,0.2617,0.0146,-27.561,-10.976,-17.134,3,90
-0.8228,0.2441,0.0293,-25.915,-11.220,-16.402,3,90
-0.8130,0.2231,0.0425,-24.390,-11.890,-15.854,3,90
-0.8188,0.2100,0.0317,-23.902,-12.317,-15.244,3,90
-0.8169,0.1929,0.0439,-23.049,-12.683,-14.451,3,90
-0.8291,0.1968,0.0630,-23.354,-12.805,-13.841,3,90
2.6626,0.0557,2.1665,45.732,-280.854,43.476,1,12
2.5420,0.0400,2.1821,11.341,-278.537,54.695,1,12
2.3657,-0.0117,2.1880,-22.805,-275.732,66.585,1,12
2.2012,-0.0801,2.2168,-57.500,-272.439,77.744,1,12
2.0415,-0.1416,2.2524,-91.951,-266.280,88.476,1,12
1.9014,-0.1899,2.2866,-128.049,-256.829,99.451,1,12
1.7598,-0.2588,2.2993,-165.122,-245.610,110.915,1,12
1.6230,-0.3311,2.3105,-201.341,-233.415,123.841,1,12
0.6035,0.4443,-0.1436,69.390,65.183,-15.732,2,12
0.6216,0.4243,-0.1602,67.195,64.817,-16.829,2,12
0.6489,0.4224,-0.1641,64.573,64.268,-17.927,2,12
0.6743,0.4146,-0.1699,63.171,63.902,-19.207,2,12
0.6987,0.4048,-0.1748,61.341,63.902,-20.305,2,12
0.7236,0.3999,-0.1748,59.695,63.476,-21.646,2,12
0.7520,0.3901,-0.1714,58.293,63.171,-22.744,2,12
0.7749,0.3931,-0.1694,56.829,63.049,-24.268,2,12
-0.9482,0.2183,0.0723,-13.841,-13.354,-6.159,3,90
-0.9644,0.2266,0.0767,-12.073,-12.500,-6.037,3,90
-0.9766,0.2266,0.0542,-9.878,-12.195,-6.037,3,90
-0.9756,0.2188,0.0405,-6.341,-12.012,-5.610,3,90
-0.9810,0.2085,0.0425,-2.561,-11.890,-4.939,3,90
-0.9922,0.1973,0.0708,-0.244,-11.646,-4.268,3,90
-1.0020,0.1909,0.0864,2.073,-11.098,-4.085,3,90
-1.0151,0.1851,0.0991,3.780,-10.732,-3.659,3,90
-16.0000,-2.9766,-6.8677,786.585,-14.512,-407.683,1,12
-16.0000,-3.2363,-3.0952,604.939,-70.549,-251.220,1,12
-16.0000,-1.5151,0.1167,299.695,-54.268,232.927,1,12
-14.7871,-1.5469,-0.3252,75.793,72.195,346.341,1,12
-7.9209,-2.1030,-0.9351,-80.183,165.549,243.293,1,12
-5.1387,-2.8901,-0.3979,-243.232,225.488,153.171,1,12
-3.5786,-3.5049,0.9722,-322.073,241.220,47.134,1,12
-3.1934,-4.1528,1.8496,-310.305,203.537,-52.317,1,12
0.7568,0.3735,-0.2275,72.500,52.683,-45.183,2,12
0.7368,0.3760,-0.2461,75.488,51.646,-47.256,2,12
0.7266,0.3740,-0.2534,76.890,51.585,-48.476,2,12
0.7065,0.3789,-0.2656,79.817,51.280,-50.183,2,12
0.6816,0.3765,-0.2695,82.561,51.524,-52.500,2,12
0.6479,0.3862,-0.2871,84.329,51.829,-53.841,2,12
0.6289,0.3833,-0.2798,85.854,52.012,-55.671,2,12
0.6094,0.3774,-0.2837,86.829,52.561,-56.646,2,12
-1.0825,0.1489,0.1470,1.585,-3.415,-3.780,3,90
-1.0830,0.1475,0.1587,-0.366,-2.561,-3.780,3,90
-1.1104,0.1558,0.1978,-2.866,-1.890,-3.720,3,90
-1.1245,0.1597,0.1958,-5.915,-1.463,-3.598,3,90
-1.1323,0.1758,0.2134,-7.683,-0.366,-3.293,3,90
-1.1455,0.1855,0.2402,-9.634,0.549,-2.683,3,90
-1.1348,0.1943,0.2495,-11.159,1.098,-2.134,3,90
-1.1128,0.2056,0.2178,-13.659,0.915,-1.280,3,90
-3.8511,-0.2637,0.5444,-67.378,88.110,173.841,1,12
-3.0850,-0.2637,0.4888,-87.500,94.085,144.634,1,12
-2.4556,-0.2910,0.3784,-79.817,80.610,118.841,1,12
-1.9468,-0.3037,0.2495,-50.671,57.134,98.049,1,12
-1.5415,-0.2852,0.1543,-11.890,34.268,80.854,1,12
-1.2490,-0.2241,0.1191,25.793,14.268,65.854,1,12
-0.9775,-0.0981,0.0449,52.683,-0.976,52.012,1,12
-0.7827,0.0293,-0.0527,67.561,-9.573,42.256,1,12
0.6304,0.2358,-0.2124,83.293,46.768,-53.841,2,12
0.6416,0.2178,-0.2124,82.073,45.610,-52.134,2,12
0.6514,0.2070,-0.1978,81.037,44.512,-50.793,2,12
0.6558,0.1938,-0.1948,79.329,42.927,-49.451,2,12
0.6743,0.1807,-0.1870,77.134,41.524,-47.744,2,12
0.6792,0.1719,-0.1787,75.061,40.305,-45.976,2,12
0.6924,0.1636,-0.1855,73.049,39.024,-43.902,2,12
0.6987,0.1567,-0.1797,70.976,38.171,-42.256,2,12
0.7139,0.1606,-0.1763,68.963,37.195,-40.122,2,12
0.7168,0.1641,-0.1782,66.341,36.280,-38.171,2,12
0.7251,0.1724,-0.1851,63.232,35.671,-36.220,2,12
0.7349,0.1831,-0.1885,60.305,35.305,-34.146,2,12
0.7422,0.1851,-0.2158,57.744,34.756,-31.829,2,12
0.7329,0.1919,-0.2144,56.341,34.207,-29.817,2,12
0.7427,0.2104,-0.2075,53.232,33.780,-27.805,2,12
0.7310,0.2261,-0.2192,49.878,32.683,-25.854,2,12
0.7261,0.2397,-0.2153,46.829,31.829,-23.720,2,12
0.7178,0.2402,-0.2251,43.780,30.793,-21.768,2,12
0.7051,0.2417,-0.2354,40.793,29.634,-19.573,2,12
0.6924,0.2607,-0.2363,38.110,28.841,-17.378,2,12
0.6777,0.2490,-0.2456,34.939,27.378,-15.122,2,12
0.6694,0.2593,-0.2476,32.073,26.585,-12.927,2,12
0.6626,0.2559,-0.2554,28.963,25.427,-10.732,2,12
0.6509,0.2563,-0.2397,26.341,24.756,-8.902,2,12
0.6489,0.2495,-0.2505,22.378,23.963,-6.829,2,12
0.6445,0.2373,-0.2485,18.659,23.537,-4.512,2,12
0.6411,0.2275,-0.2339,15.183,23.049,-2.622,2,12
0.6426,0.2158,-0.2246,11.463,23.049,-0.793,2,12
0.6519,0.2021,-0.2139,7.073,22.012,0.854,2,12
0.6563,0.1865,-0.1963,2.378,21.707,2.622,2,12
0.6724,0.1694,-0.1841,-2.805,20.732,3.902,2,12
0.6865,0.1519,-0.1689,-8.232,19.939,5.366,2,12
-0.8926,0.1206,0.0083,29.451,0.854,13.659,3,90
-0.8960,0.1143,-0.0059,29.939,0.732,14.085,3,90
-0.9014,0.1050,-0.0195,29.878,1.037,14.512,3,90
-0.9058,0.0835,-0.0308,31.159,1.098,15.000,3,90
-0.9160,0.0801,-0.0215,32.378,1.463,15.549,3,90
-0.9185,0.0713,-0.0166,33.171,1.890,15.915,3,90
-0.9116,0.0591,-0.0190,35.000,2.683,16.159,3,90
-0.9067,0.0610,-0.0264,36.098,3.049,17.073,3,90
0.3779,-1.1055,0.0845,-16.951,4.329,41.585,1,12
0.2949,-1.0854,0.0303,-17.927,12.500,36.890,1,12
0.2363,-1.0693,0.0527,-13.476,23.415,25.854,1,12
0.2065,-1.0405,0.1089,-9.817,35.122,12.073,1,12
0.1685,-0.9966,0.1855,-9.207,45.366,-0.427,1,12
0.1362,-0.9390,0.2661,-11.402,53.780,-9.817,1,12
0.0996,-0.8994,0.3525,-15.854,59.390,-16.159,1,12
0.0688,-0.8623,0.4219,-19.878,61.951,-20.122,1,12
0.8379,0.0264,-0.1050,-53.293,10.854,9.512,2,12
0.8521,0.0322,-0.0981,-57.439,9.390,8.598,2,12
0.8608,0.0366,-0.0923,-61.159,7.988,7.561,2,12
0.8677,0.0488,-0.0923,-64.756,6.646,6.220,2,12
0.8682,0.0723,-0.0898,-68.293,5.427,4.512,2,12
0.8760,0.0928,-0.0815,-71.768,4.207,3.171,2,12
0.8657,0.1074,-0.0723,-74.939,2.561,1.646,2,12
0.8706,0.1387,-0.0566,-78.598,1.463,-0.061,2,12
-0.8638,0.0835,-0.0854,26.707,1.159,19.024,3,90
-0.8706,0.0815,-0.0894,27.256,0.671,19.268,3,90
-0.8838,0.0913,-0.0723,27.927,0.061,19.390,3,90
-0.8887,0.1113,-0.0879,27.561,-0.305,19.207,3,90
-0.8936,0.1143,-0.1030,28.659,-0.488,18.963,3,90
-0.9019,0.1157,-0.1069,29.451,-0.732,19.146,3,90
-0.9136,0.1279,-0.0952,30.122,-1.220,19.146,3,90
-0.9102,0.1235,-0.0796,29.756,-1.707,18.841,3,90
-0.0322,-0.9375,0.9502,4.268,40.732,-38.354,1,12
-0.0283,-0.9429,0.9551,4.756,39.085,-39.146,1,12
0.0049,-0.9561,0.9634,5.305,35.427,-40.671,1,12
0.0288,-0.9790,0.9312,4.512,30.061,-43.537,1,12
0.0620,-0.9976,0.8931,3.293,27.683,-45.183,1,12
0.0830,-1.0078,0.8691,3.293,25.244,-47.073,1,12
0.1055,-1.0054,0.8369,4.146,22.622,-48.963,1,12
0.1079,-0.9995,0.7881,5.671,20.366,-50.976,1,12
0.8765,0.3716,-0.0264,-98.354,-16.159,-4.024,2,12
0.8857,0.4111,-0.0220,-98.476,-18.841,-3.415,2,12
0.8936,0.4355,-0.0264,-98.415,-21.098,-2.988,2,12
0.9009,0.4565,-0.0229,-98.049,-23.780,-2.683,2,12
0.9043,0.4858,-0.0220,-98.171,-26.220,-2.134,2,12
0.9111,0.5122,-0.0249,-97.439,-28.780,-1.707,2,12
0.9102,0.5396,-0.0225,-96.707,-31.585,-1.098,2,12
0.9043,0.5518,-0.0278,-95.427,-34.512,-0.122,2,12
-0.9707,0.1221,-0.0347,20.061,-7.683,15.549,3,90
-0.9731,0.1396,-0.0317,20.122,-7.927,15.183,3,90
-0.9722,0.1509,-0.0332,19.878,-8.476,14.878,3,90
-0.9653,0.1748,-0.0347,19.573,-8.659,14.878,3,90
-0.9570,0.1816,-0.0283,18.232,-9.573,14.634,3,90
-0.9541,0.1738,-0.0273,16.768,-9.939,14.512,3,90
-0.9517,0.1831,-0.0430,16.524,-10.732,14.512,3,90
-0.9507,0.1895,-0.0415,16.341,-11.220,14.085,3,90
0.3076,-0.8589,0.6704,28.415,36.341,-59.207,1,12
0.3467,-0.8413,0.6729,31.585,40.549,-59.085,1,12
0.3716,-0.8267,0.6753,34.634,43.415,-59.207,1,12
0.4028,-0.8174,0.6821,37.012,44.939,-59.756,1,12
0.4268,-0.8052,0.7041,38.476,45.000,-60.488,1,12
0.4478,-0.7988,0.7036,39.268,44.146,-61.402,1,12
0.4590,-0.8018,0.7158,39.085,42.439,-62.256,1,12
0.4697,-0.8105,0.7124,39.085,39.573,-62.927,1,12
0.8779,0.6367,-0.1094,-75.488,-61.463,7.012,2,12
0.8755,0.6445,-0.1123,-72.683,-64.268,7.439,2,12
0.8804,0.6382,-0.1084,-69.512,-66.585,8.110,2,12
0.8804,0.6504,-0.1250,-66.707,-68.841,8.232,2,12
0.8716,0.6538,-0.1167,-64.146,-70.915,8.293,2,12
0.8711,0.6641,-0.1348,-61.220,-72.988,8.720,2,12
0.8716,0.6812,-0.1294,-58.659,-74.878,9.085,2,12
0.8599,0.6938,-0.1235,-56.159,-76.585,9.451,2,12
-0.9517,0.2466,-0.0049,21.707,-13.780,11.280,3,90
-0.9512,0.2427,-0.0244,22.256,-14.207,10.915,3,90
-0.9517,0.2456,-0.0225,22.256,-15.122,10.671,3,90
-0.9565,0.2456,-0.0269,22.195,-15.671,10.366,3,90
-0.9609,0.2480,-0.0137,21.646,-16.037,9.939,3,90
-0.9697,0.2480,-0.0200,21.646,-16.768,9.024,3,90
-0.9756,0.2490,-0.0234,21.280,-17.134,8.598,3,90
-0.9800,0.2495,-0.0215,21.463,-17.683,7.805,3,90
0.2305,-0.9126,0.7158,42.378,12.073,-70.549,1,12
0.2075,-0.9121,0.7129,42.500,11.951,-70.854,1,12
0.1738,-0.9116,0.7100,43.476,12.561,-72.195,1,12
0.1499,-0.9077,0.7095,44.695,13.598,-72.866,1,12
0.1294,-0.9014,0.7036,45.549,15.000,-73.110,1,12
0.0942,-0.8970,0.6997,47.439,16.402,-73.049,1,12
0.0781,-0.8892,0.7026,48.476,18.293,-72.622,1,12
0.0635,-0.8823,0.7026,49.573,19.573,-71.951,1,12
0.0527,-0.8735,0.6978,50.793,21.524,-70.976,1,12
0.0513,-0.8765,0.7002,51.829,22.866,-70.244,1,12
0.0449,-0.8794,0.6890,52.256,24.329,-69.634,1,12
0.0386,-0.8755,0.6860,52.378,25.549,-69.024,1,12
0.0430,-0.8799,0.6836,51.768,26.524,-67.805,1,12
0.0444,-0.8906,0.6758,50.915,27.256,-67.378,1,12
0.0630,-0.8989,0.6606,49.817,27.439,-66.646,1,12
0.0654,-0.9131,0.6401,48.902,27.927,-66.280,1,12
0.7529,0.9731,-0.1758,-28.171,-102.439,24.512,2,12
0.7363,0.9712,-0.1826,-27.073,-103.780,26.220,2,12
0.7251,0.9751,-0.1851,-26.524,-105.366,27.073,2,12
0.7197,0.9712,-0.1924,-25.610,-106.707,28.171,2,12
0.7090,0.9697,-0.2017,-24.634,-107.622,29.573,2,12
0.7036,0.9688,-0.2041,-24.146,-108.963,30.793,2,12
0.6904,0.9624,-0.2041,-23.476,-109.512,32.073,2,12
0.6836,0.9614,-0.2075,-23.415,-110.549,33.293,2,12
-0.9419,0.3223,0.1162,22.561,-22.561,0.244,3,90
-0.9414,0.3135,0.1426,22.927,-23.110,0.122,3,90
-0.9395,0.3242,0.1533,22.378,-22.866,-0.366,3,90
-0.9253,0.3169,0.1494,21.402,-23.171,-0.244,3,90
-0.9072,0.3149,0.1479,20.671,-24.024,-0.061,3,90
-0.9019,0.3125,0.1436,19.512,-24.573,0.183,3,90
-0.9004,0.3262,0.1396,16.585,-24.634,-0.488,3,90
-0.8926,0.3320,0.1274,14.451,-24.817,-1.159,3,90
0.2090,-0.9243,0.4995,35.000,28.476,-65.244,1,12
0.2217,-0.9126,0.4717,32.378,28.415,-64.817,1,12
0.2373,-0.9067,0.4585,29.695,28.171,-64.451,1,12
0.2593,-0.8926,0.4443,26.585,28.049,-63.354,1,12
0.2715,-0.8862,0.4209,23.354,28.537,-62.378,1,12
0.2881,-0.8833,0.4067,20.488,29.085,-61.463,1,12
0.2979,-0.8765,0.3921,17.439,29.695,-60.244,1,12
0.3130,-0.8735,0.3799,14.451,30.549,-59.268,1,12
0.6250,0.9302,-0.2744,-34.512,-114.939,45.610,2,12
0.6191,0.9141,-0.2915,-37.866,-115.488,46.707,2,12
0.6079,0.9170,-0.2891,-41.585,-116.220,47.988,2,12
0.6060,0.9067,-0.3081,-45.061,-116.524,48.902,2,12
0.5908,0.9009,-0.3174,-48.720,-116.463,50.061,2,12
0.5840,0.8901,-0.3223,-52.378,-116.890,50.915,2,12
0.5649,0.8877,-0.3301,-56.463,-116.890,52.012,2,12
0.5586,0.8774,-0.3345,-60.793,-116.524,53.110,2,12
-0.8745,0.2969,0.0513,20.976,-26.341,-3.110,3,90
-0.8652,0.2876,0.0488,22.073,-26.159,-3.598,3,90
-0.8608,0.2778,0.0474,22.927,-26.098,-3.598,3,90
-0.8618,0.2681,0.0532,23.659,-26.280,-3.902,3,90
-0.8599,0.2529,0.0459,24.634,-26.159,-4.146,3,90
-0.8579,0.2378,0.0498,25.183,-25.915,-3.841,3,90
-0.8604,0.2202,0.0566,25.549,-25.671,-3.720,3,90
-0.8511,0.2104,0.0464,25.488,-25.854,-4.085,3,90
0.3672,-0.8638,0.3560,-17.317,44.390,-48.659,1,12
0.3735,-0.8740,0.3633,-21.341,45.366,-48.049,1,12
0.3799,-0.8804,0.3613,-25.915,46.159,-47.073,1,12
0.3867,-0.8848,0.3716,-30.549,47.012,-47.134,1,12
0.3799,-0.8931,0.3599,-35.427,47.378,-46.280,1,12
0.3809,-0.8960,0.3618,-40.488,47.988,-46.159,1,12
0.3872,-0.9087,0.3584,-45.915,48.232,-45.671,1,12
0.3809,-0.9189,0.3433,-50.549,48.720,-45.793,1,12
0.4585,0.8115,-0.3481,-95.244,-113.171,58.659,2,12
0.4473,0.7979,-0.3394,-98.780,-112.988,58.841,2,12
0.4438,0.7905,-0.3374,-102.073,-113.171,58.841,2,12
0.4326,0.7837,-0.3320,-105.305,-112.866,59.329,2,12
0.4243,0.7749,-0.3320,-108.476,-112.622,59.512,2,12
0.4121,0.7622,-0.3213,-111.646,-112.500,59.878,2,12
0.3975,0.7432,-0.3188,-114.207,-111.951,59.939,2,12
0.3911,0.7319,-0.3242,-116.220,-111.463,60.610,2,12
-0.7720,0.1685,-0.0581,23.902,-23.963,-4.939,3,90
-0.7788,0.1689,-0.0703,23.963,-24.024,-4.878,3,90
-0.7671,0.1558,-0.0986,23.598,-24.207,-4.878,3,90
-0.7695,0.1470,-0.1196,23.354,-24.207,-5.488,3,90
-0.7754,0.1362,-0.1357,23.780,-24.024,-5.366,3,90
-0.7881,0.1260,-0.1519,23.902,-23.720,-6.098,3,90
-0.8096,0.1147,-0.1675,25.122,-22.927,-6.768,3,90
-0.8276,0.1040,-0.1567,26.402,-21.951,-7.195,3,90
0.3901,-0.8833,0.2207,-77.500,61.037,-43.354,1,12
0.4004,-0.8638,0.2183,-79.512,63.780,-43.354,1,12
0.4058,-0.8354,0.2148,-81.585,66.098,-42.927,1,12
0.4233,-0.8091,0.2036,-83.476,68.659,-43.049,1,12
0.4346,-0.7969,0.1987,-85.183,70.732,-42.866,1,12
0.4473,-0.7749,0.1943,-87.012,72.378,-42.500,1,12
0.4648,-0.7598,0.2026,-88.841,73.415,-42.317,1,12
0.4707,-0.7422,0.2173,-90.488,74.268,-41.585,1,12
0.2266,0.6543,-0.3579,-103.720,-104.939,61.220,2,12
0.2095,0.6689,-0.3623,-100.183,-104.390,60.183,2,12
0.1895,0.6729,-0.3589,-96.585,-103.537,59.390,2,12
0.1743,0.6846,-0.3540,-92.805,-102.500,58.476,2,12
0.1558,0.6987,-0.3481,-88.171,-100.610,57.683,2,12
0.1392,0.7065,-0.3481,-83.963,-98.659,56.524,2,12
0.1270,0.7207,-0.3408,-79.817,-96.402,55.610,2,12
0.1172,0.7314,-0.3374,-75.976,-94.146,54.573,2,12
-0.8467,0.0977,0.0088,38.293,-11.463,-4.878,3,90
-0.8369,0.0898,0.0278,37.134,-9.878,-4.146,3,90
-0.8213,0.0913,0.0503,35.610,-8.841,-3.171,3,90
-0.8198,0.0864,0.0728,33.232,-7.683,-2.195,3,90
-0.8228,0.0830,0.0791,30.122,-6.585,-1.159,3,90
-0.8247,0.0728,0.0977,27.195,-5.000,-0.183,3,90
-0.8228,0.0684,0.1216,23.476,-3.293,0.488,3,90
-0.8179,0.0649,0.1328,19.695,-1.890,0.915,3,90
0.5176,-0.7021,0.2871,-99.268,73.720,-33.049,1,12
0.5142,-0.6997,0.3008,-98.415,73.659,-31.341,1,12
0.5190,-0.6934,0.3120,-97.683,73.659,-29.329,1,12
0.5200,-0.6777,0.3013,-96.585,73.720,-27.500,1,12
0.5098,-0.6650,0.3042,-96.037,73.780,-25.915,1,12
0.5146,-0.6406,0.3022,-95.061,73.659,-24.329,1,12
0.5259,-0.6182,0.2959,-94.146,73.476,-23.049,1,12
0.5405,-0.6045,0.2832,-92.317,73.720,-21.890,1,12
0.1162,0.7905,-0.2720,-42.439,-75.305,47.012,2,12
0.1143,0.8022,-0.2651,-38.415,-74.573,46.037,2,12
0.1216,0.8145,-0.2612,-33.598,-73.963,45.061,2,12
0.1157,0.8198,-0.2554,-29.390,-73.171,43.841,2,12
0.1162,0.8325,-0.2520,-24.634,-72.195,42.805,2,12
0.1064,0.8496,-0.2466,-19.695,-71.463,41.951,2,12
0.1030,0.8638,-0.2490,-15.427,-70.549,40.915,2,12
0.1074,0.8750,-0.2559,-10.976,-70.183,40.061,2,12
-0.8774,0.1846,0.1543,4.817,12.500,1.829,3,90
-0.8940,0.2061,0.1523,6.524,14.329,2.927,3,90
-0.9116,0.2065,0.1519,8.659,15.671,4.207,3,90
-0.9204,0.2231,0.1509,11.037,17.195,5.610,3,90
-0.9258,0.2314,0.1509,12.988,18.476,6.768,3,90
-0.9351,0.2383,0.1636,15.000,19.878,7.927,3,90
-0.9468,0.2417,0.1563,17.012,20.732,9.024,3,90
-0.9536,0.2471,0.1543,17.805,22.012,9.756,3,90
0.5723,-0.5718,0.2246,-62.073,68.049,-11.280,1,12
0.5630,-0.5732,0.2432,-55.549,67.561,-9.817,1,12
0.5664,-0.5830,0.2520,-47.927,67.134,-8.476,1,12
0.5591,-0.5898,0.2593,-40.793,67.195,-7.012,1,12
0.5640,-0.5952,0.2700,-33.659,67.134,-5.915,1,12
0.5605,-0.6011,0.2920,-27.439,67.378,-4.878,1,12
0.5664,-0.6084,0.2866,-19.146,67.927,-3.171,1,12
0.5747,-0.6055,0.2905,-17.256,67.805,-2.683,1,12
0.0088,0.9521,-0.2939,22.744,-65.244,42.134,2,12
0.0049,0.9565,-0.2954,25.671,-64.512,43.232,2,12
-0.0122,0.9561,-0.2939,27.378,-64.024,43.780,2,12
-0.0347,0.9600,-0.2959,31.402,-61.829,45.000,2,12
-0.0444,0.9731,-0.3105,34.146,-60.122,45.976,2,12
-0.0557,0.9766,-0.3228,36.402,-58.354,46.585,2,12
-0.0664,0.9761,-0.3364,38.659,-56.280,47.561,2,12
-0.0645,0.9863,-0.3413,39.634,-53.780,48.171,2,12
-0.9424,0.2524,0.1646,25.793,27.927,13.171,3,90
-0.9429,0.2314,0.1416,26.159,28.354,13.963,3,90
-0.9414,0.2041,0.1313,26.463,28.476,14.817,3,90
-0.9492,0.1870,0.1338,25.183,28.659,15.549,3,90
-0.9648,0.1621,0.1338,23.049,29.024,16.098,3,90
-0.9849,0.1323,0.1367,21.098,29.695,16.829,3,90
-1.0059,0.1050,0.1357,18.415,30.854,17.378,3,90
-1.0317,0.0815,0.1753,16.341,32.073,17.683,3,90
0.6343,-0.7300,0.2041,0.793,67.866,-0.183,1,12
0.6367,-0.7393,0.2314,1.768,67.927,0.244,1,12
0.6367,-0.7510,0.2593,2.622,67.866,0.488,1,12
0.6382,-0.7554,0.2891,2.927,67.805,1.037,1,12
0.6382,-0.7598,0.3203,3.232,67.012,1.707,1,12
0.6367,-0.7661,0.3452,3.476,66.646,2.866,1,12
0.6465,-0.7827,0.3647,2.866,65.793,3.476,1,12
0.6450,-0.7842,0.3779,1.707,65.183,4.451,1,12
-0.0298,1.0264,-0.4287,30.610,-25.244,52.378,2,12
-0.0127,1.0464,-0.4297,28.720,-22.134,52.866,2,12
-0.0083,1.0449,-0.4312,26.829,-19.146,53.537,2,12
-0.0005,1.0552,-0.4365,24.451,-16.646,53.902,2,12
0.0190,1.0693,-0.4404,22.134,-14.024,54.390,2,12
0.0254,1.0854,-0.4385,20.488,-11.829,55.366,2,12
0.0259,1.0874,-0.4438,19.146,-9.695,55.854,2,12
0.0259,1.0977,-0.4526,18.049,-7.805,56.646,2,12
-1.1270,0.1948,0.1729,-34.146,37.256,20.549,3,90
-1.1523,0.2446,0.1699,-38.476,36.585,20.305,3,90
-1.1670,0.2964,0.1606,-42.073,35.915,19.634,3,90
-1.1816,0.3384,0.1577,-43.415,35.549,19.695,3,90
-1.1909,0.3716,0.1504,-42.866,35.549,19.939,3,90
-1.1973,0.4004,0.1489,-40.732,35.610,20.244,3,90
-1.1997,0.4185,0.1445,-37.683,35.488,20.366,3,90
-1.2031,0.4346,0.1465,-33.963,36.159,20.366,3,90
0.7061,-0.8267,0.4082,-21.890,56.890,8.354,1,12
0.7100,-0.8457,0.3970,-25.183,55.732,8.354,1,12
0.7197,-0.8564,0.3862,-28.110,54.573,8.415,1,12
0.7236,-0.8633,0.3770,-31.037,53.354,8.963,1,12
0.7271,-0.8813,0.3848,-33.293,52.195,9.207,1,12
0.7212,-0.8926,0.3989,-34.756,50.915,9.695,1,12
0.7236,-0.9097,0.4087,-36.463,49.756,11.341,1,12
0.7168,-0.9165,0.4292,-37.012,49.451,12.378,1,12
0.0552,1.1646,-0.5161,20.976,7.378,58.902,2,12
0.0586,1.1777,-0.5303,21.402,9.512,58.720,2,12
0.0605,1.1860,-0.5342,21.829,11.707,57.988,2,12
0.0601,1.1904,-0.5449,22.622,14.207,57.744,2,12
0.0693,1.1968,-0.5400,22.805,16.463,57.256,2,12
0.0757,1.2021,-0.5547,23.476,18.415,56.463,2,12
0.0757,1.2139,-0.5537,23.293,20.488,55.915,2,12
0.0767,1.2246,-0.5762,23.293,22.622,54.939,2,12
-1.2173,0.1826,0.0229,3.110,42.683,12.866,3,90
-1.1934,0.1533,0.0239,5.610,43.659,11.768,3,90
-1.1641,0.1387,0.0083,7.317,44.268,10.305,3,90
-1.1221,0.1094,-0.0068,8.537,45.000,9.512,3,90
-1.0898,0.1045,-0.0103,9.024,45.427,8.598,3,90
-1.0566,0.1011,-0.0049,9.207,45.671,7.988,3,90
-1.0176,0.1060,-0.0132,9.451,45.976,7.439,3,90
-0.9854,0.1250,-0.0273,9.329,45.976,7.073,3,90
0.7886,-0.8779,0.5532,-40.976,43.537,24.451,1,12
0.7998,-0.8691,0.5596,-41.280,42.683,25.305,1,12
0.8125,-0.8682,0.5322,-41.646,41.159,26.280,1,12
0.8350,-0.8672,0.5293,-41.829,39.817,27.134,1,12
0.8584,-0.8721,0.5122,-41.829,38.598,27.561,1,12
0.8696,-0.8823,0.5137,-41.768,37.195,28.476,1,12
0.8804,-0.9009,0.5098,-41.890,35.549,29.390,1,12
0.8950,-0.9136,0.5156,-41.585,33.780,30.549,1,12
0.0762,1.2612,-0.6499,28.049,40.183,48.232,2,12
0.0752,1.2603,-0.6523,28.780,41.890,47.012,2,12
0.0752,1.2646,-0.6611,29.817,43.537,45.915,2,12
0.0767,1.2524,-0.6509,30.793,45.244,44.512,2,12
0.0791,1.2568,-0.6655,31.585,46.768,43.232,2,12
0.0825,1.2515,-0.6504,33.171,47.988,42.134,2,12
0.0811,1.2490,-0.6626,34.817,49.634,40.610,2,12
0.0864,1.2471,-0.6606,36.220,50.610,39.390,2,12
-0.8301,0.2920,-0.0918,-3.110,40.122,3.902,3,90
-0.8179,0.3071,-0.0796,-8.293,38.415,2.500,3,90
-0.8066,0.3066,-0.0635,-12.439,36.707,1.159,3,90
-0.7817,0.3325,-0.0752,-16.829,35.427,-0.854,3,90
-0.7632,0.3599,-0.0894,-20.244,33.963,-2.622,3,90
-0.7461,0.3687,-0.1021,-23.659,32.500,-3.720,3,90
-0.7388,0.3921,-0.0977,-26.829,30.610,-5.183,3,90
-0.7427,0.4058,-0.1162,-28.598,29.085,-5.976,3,90
0.8340,-1.0542,0.5811,-31.890,15.244,44.329,1,12
0.8232,-1.0679,0.5771,-30.488,13.110,45.183,1,12
0.8301,-1.0742,0.5708,-29.146,10.305,45.366,1,12
0.8184,-1.0747,0.5601,-27.561,7.866,45.244,1,12
0.8164,-1.0737,0.5464,-26.280,5.061,44.573,1,12
0.8218,-1.0703,0.5332,-25.244,2.927,43.415,1,12
0.8242,-1.0669,0.4990,-24.085,-1.341,40.732,1,12
0.8345,-1.0654,0.4795,-23.110,-3.963,39.024,1,12
0.0767,1.2651,-0.6777,52.134,56.280,23.293,2,12
0.0806,1.2695,-0.6792,53.720,56.524,21.768,2,12
0.0718,1.2759,-0.6929,56.098,57.073,19.878,2,12
0.0645,1.2739,-0.6958,57.805,57.195,17.805,2,12
0.0684,1.2778,-0.6963,59.756,57.622,15.610,2,12
0.0625,1.2764,-0.7051,61.768,57.256,13.171,2,12
0.0610,1.2759,-0.6948,62.927,57.500,10.976,2,12
0.0571,1.2788,-0.7046,64.146,57.561,8.537,2,12
-0.8135,0.3936,-0.1021,-38.476,16.707,-13.841,3,90
-0.8350,0.4048,-0.0840,-40.000,15.244,-15.366,3,90
-0.8643,0.4038,-0.0688,-41.890,14.085,-16.280,3,90
-0.8833,0.3960,-0.0479,-43.902,12.561,-17.134,3,90
-0.8945,0.3848,-0.0498,-45.915,11.402,-18.293,3,90
-0.8994,0.3564,-0.0762,-46.524,10.427,-19.268,3,90
-0.9053,0.3320,-0.0967,-46.037,9.512,-20.244,3,90
-0.9229,0.3271,-0.0947,-45.488,8.720,-21.585,3,90
0.9268,-1.0713,0.4170,2.988,-22.927,31.280,1,12
0.9458,-1.0640,0.4170,6.402,-24.146,30.793,1,12
0.9722,-1.0674,0.4146,9.756,-25.549,29.939,1,12
0.9912,-1.0605,0.4111,12.317,-26.829,29.207,1,12
1.0234,-1.0620,0.4077,13.963,-27.866,28.232,1,12
1.0415,-1.0566,0.4116,15.122,-30.000,28.171,1,12
1.0728,-1.0601,0.4243,15.427,-31.768,27.195,1,12
1.1021,-1.0537,0.4209,15.305,-34.146,26.524,1,12
0.0713,1.2646,-0.7241,73.720,61.707,-15.427,2,12
0.0762,1.2632,-0.7119,74.939,61.890,-17.805,2,12
0.0820,1.2690,-0.7139,76.402,62.195,-20.915,2,12
0.0898,1.2646,-0.7241,77.866,62.317,-23.354,2,12
0.0977,1.2671,-0.7104,79.695,62.500,-26.220,2,12
0.1172,1.2700,-0.7197,81.707,62.622,-29.085,2,12
0.1265,1.2720,-0.7061,83.537,62.744,-31.707,2,12
0.1514,1.2671,-0.7046,85.793,62.622,-34.878,2,12
-0.9829,0.1431,-0.1646,-37.012,1.280,-30.427,3,90
-0.9810,0.1343,-0.1606,-37.500,0.732,-30.976,3,90
-0.9800,0.1250,-0.1470,-37.622,-0.061,-31.463,3,90
-0.9761,0.1157,-0.1187,-38.232,-0.549,-31.341,3,90
-0.9585,0.1128,-0.1069,-40.854,-1.159,-31.646,3,90
-0.9497,0.1074,-0.1162,-43.720,-1.829,-31.951,3,90
-0.9473,0.0918,-0.1079,-44.939,-2.134,-32.073,3,90
-0.9556,0.0996,-0.0620,-44.634,-2.439,-32.012,3,90
1.2910,-1.0879,0.4688,3.110,-60.915,22.317,1,12
1.3110,-1.1045,0.4775,0.183,-64.512,21.098,1,12
1.3311,-1.1167,0.4800,-2.744,-68.171,20.732,1,12
1.3535,-1.1309,0.4785,-5.549,-71.768,20.122,1,12
1.3809,-1.1367,0.4746,-8.293,-75.610,19.146,1,12
1.3989,-1.1431,0.4702,-10.488,-79.390,18.780,1,12
1.4390,-1.1411,0.4639,-12.622,-84.756,17.622,1,12
1.4775,-1.1289,0.4517,-13.902,-88.293,16.768,1,12
0.2539,1.3486,-0.6992,114.573,61.524,-60.793,2,12
0.2617,1.3633,-0.6934,119.390,61.524,-63.110,2,12
0.2559,1.3770,-0.6958,124.207,61.402,-65.976,2,12
0.2583,1.3931,-0.6816,129.329,61.159,-68.354,2,12
0.2607,1.4160,-0.6831,133.963,60.610,-70.915,2,12
0.2690,1.4312,-0.6714,138.841,60.549,-73.598,2,12
0.2544,1.4370,-0.6641,143.354,60.244,-75.854,2,12
0.2520,1.4395,-0.6572,147.866,60.427,-78.110,2,12
-0.9785,0.1338,-0.0747,-68.110,-6.951,-33.415,3,90
-0.9922,0.1299,-0.0625,-68.963,-7.500,-34.329,3,90
-0.9980,0.1152,-0.0737,-68.293,-7.683,-35.000,3,90
-0.9990,0.1055,-0.1001,-66.341,-8.293,-35.427,3,90
-0.9995,0.0884,-0.1172,-64.634,-8.720,-35.915,3,90
-0.9951,0.0737,-0.1270,-64.024,-9.512,-35.976,3,90
-0.9956,0.0552,-0.1553,-63.841,-10.244,-36.280,3,90
-0.9961,0.0430,-0.1606,-63.902,-10.915,-36.341,3,90
2.0244,-0.8833,0.3564,-6.585,-118.659,4.512,1,12
2.0889,-0.8608,0.3462,-3.293,-123.720,3.293,1,12
2.1514,-0.8330,0.3481,1.159,-128.598,2.134,1,12
2.2324,-0.8018,0.3511,5.488,-133.476,0.915,1,12
2.2935,-0.7661,0.3569,10.305,-138.110,-0.122,1,12
2.3740,-0.7266,0.3687,15.305,-142.866,-1.159,1,12
2.4443,-0.6846,0.3940,20.793,-148.110,-2.134,1,12
2.5215,-0.6416,0.4370,25.854,-153.476,-2.439,1,12
0.3164,1.3809,-0.4829,174.695,63.963,-92.866,2,12
0.3301,1.3696,-0.4634,176.341,64.573,-93.780,2,12
0.3452,1.3638,-0.4424,177.561,65.366,-94.817,2,12
0.3682,1.3481,-0.4199,179.085,66.037,-95.854,2,12
0.3828,1.3335,-0.4067,180.366,66.768,-96.646,2,12
0.3862,1.3174,-0.3799,181.098,67.134,-97.683,2,12
0.3975,1.3110,-0.3477,181.829,67.683,-98.171,2,12
0.4121,1.2930,-0.3296,182.561,68.171,-98.780,2,12
-1.0640,0.0342,-0.0684,-64.939,-16.280,-36.585,3,90
-1.0679,0.0425,-0.0757,-65.183,-16.220,-36.280,3,90
-1.0693,0.0449,-0.0977,-65.488,-15.854,-35.732,3,90
-1.0732,0.0508,-0.0952,-63.476,-15.488,-35.671,3,90
-1.0703,0.0659,-0.0815,-62.378,-15.732,-35.610,3,90
-1.0649,0.0718,-0.0820,-62.378,-16.829,-35.183,3,90
-1.0732,0.0693,-0.0977,-63.598,-18.293,-34.512,3,90
-1.0850,0.0586,-0.0840,-64.939,-18.841,-33.841,3,90
3.3350,-0.5854,1.1533,29.756,-184.695,-19.878,1,12
3.3926,-0.5811,1.1953,26.463,-186.646,-21.890,1,12
3.5015,-0.5630,1.2896,18.720,-191.341,-26.402,1,12
3.6162,-0.5313,1.3540,9.512,-197.500,-31.463,1,12
3.7607,-0.4883,1.4072,-0.793,-205.793,-36.402,1,12
3.9141,-0.4380,1.4634,-12.439,-215.488,-41.707,1,12
4.0444,-0.3271,1.6030,-30.854,-231.463,-46.829,1,12
4.0649,-0.2446,1.6846,-43.841,-240.244,-48.049,1,12
0.5044,1.0527,-0.1523,181.890,66.890,-103.841,2,12
0.5137,1.0127,-0.1294,180.732,66.707,-104.207,2,12
0.5288,0.9771,-0.1079,179.573,66.463,-104.451,2,12
0.5371,0.9380,-0.1025,178.537,66.585,-104.695,2,12
0.5537,0.9077,-0.0840,177.073,66.280,-104.695,2,12
0.5728,0.8677,-0.0649,175.366,66.646,-104.695,2,12
0.5840,0.8315,-0.0464,173.841,66.280,-104.695,2,12
0.5972,0.7964,-0.0425,171.463,66.402,-104.085,2,12
-1.0522,-0.1118,-0.1392,-76.768,-18.659,-47.805,3,90
-1.0449,0.0049,-0.0835,-79.634,-19.634,-47.378,3,90
-1.0376,0.1177,-0.0298,-82.439,-20.488,-46.463,3,90
-1.0283,0.2109,0.0083,-84.573,-21.037,-44.695,3,90
-1.0156,0.2720,0.0356,-85.061,-21.646,-42.988,3,90
-0.9941,0.3198,0.0454,-84.512,-21.707,-41.280,3,90
-0.9707,0.3486,0.0640,-82.561,-21.890,-39.512,3,90
-0.9453,0.3706,0.0791,-79.512,-22.317,-37.805,3,90
0.6123,0.7637,-0.0264,169.573,65.732,-103.780,2,12
0.6411,0.7227,-0.0073,166.951,65.610,-103.598,2,12
0.6538,0.6782,0.0176,164.329,64.756,-103.293,2,12
0.6724,0.6445,0.0366,161.280,63.598,-102.500,2,12
0.6934,0.6074,0.0547,157.866,62.683,-101.463,2,12
0.7197,0.5693,0.0732,154.817,61.463,-100.732,2,12
0.7446,0.5161,0.0918,151.280,59.939,-99.207,2,12
0.7773,0.4731,0.1167,147.622,58.780,-97.927,2,12
0.8184,0.4307,0.1157,144.329,57.561,-96.280,2,12
0.8560,0.3877,0.1211,141.524,56.524,-94.512,2,12
0.9009,0.3491,0.1089,139.695,55.671,-92.256,2,12
0.9453,0.3174,0.1050,137.927,54.817,-89.817,2,12
0.9941,0.2783,0.0981,135.610,54.207,-87.500,2,12
1.0396,0.2476,0.1050,132.744,53.780,-84.573,2,12
1.0801,0.2144,0.0884,130.183,52.988,-82.195,2,12
1.1235,0.1836,0.0952,127.134,52.012,-79.512,2,12
-0.8647,0.2749,0.2310,-63.841,-21.829,-36.829,3,90
-0.8604,0.2783,0.2534,-64.817,-21.402,-36.402,3,90
-0.8472,0.2876,0.2622,-65.671,-21.037,-36.402,3,90
-0.8330,0.2974,0.2808,-66.646,-20.793,-35.915,3,90
-0.8140,0.3203,0.3052,-68.171,-20.793,-35.366,3,90
-0.8008,0.3442,0.3066,-69.817,-20.976,-34.817,3,90
-0.7827,0.3730,0.3184,-71.402,-21.037,-34.085,3,90
-0.7725,0.3999,0.3213,-73.902,-21.463,-32.988,3,90
2.3755,0.3906,2.0923,-82.927,-202.622,123.659,1,12
2.2583,0.3018,2.0444,-82.500,-198.476,138.780,1,12
2.1064,0.2393,2.0005,-78.110,-192.805,153.537,1,12
1.9497,0.1675,1.9902,-71.341,-185.793,168.659,1,12
1.7695,0.0703,2.0410,-64.085,-176.159,184.695,1,12
1.1724,0.1113,5.1816,-73.293,-139.207,220.122,1,12
0.6846,-1.0527,5.5283,-127.866,-38.476,253.720,1,12
-0.1602,-1.7217,2.5474,-236.768,-7.744,330.488,1,12
1.2998,0.0181,0.0845,106.890,42.012,-56.402,2,12
1.2822,0.0044,0.0879,104.329,41.037,-54.207,2,12
1.2627,-0.0142,0.0962,100.671,39.878,-52.439,2,12
1.2402,-0.0356,0.0952,96.768,38.476,-50.732,2,12
1.2124,-0.0586,0.0713,94.817,37.256,-49.329,2,12
1.1792,-0.0728,0.0684,93.780,35.976,-47.927,2,12
1.1431,-0.0806,0.0537,92.073,35.122,-46.707,2,12
1.0884,-0.0859,0.0625,89.268,34.451,-45.915,2,12
-0.7788,0.5225,0.2383,-48.232,-22.561,-20.061,3,90
-0.7720,0.5107,0.2178,-42.805,-22.439,-18.476,3,90
-0.7705,0.4854,0.1841,-37.317,-22.134,-17.439,3,90
-0.7651,0.4663,0.1543,-32.683,-21.463,-16.037,3,90
-0.7676,0.4404,0.1348,-26.951,-20.793,-15.549,3,90
-0.7695,0.4155,0.1177,-21.159,-20.183,-15.244,3,90
-0.7817,0.3828,0.0815,-15.183,-19.634,-14.756,3,90
-0.8018,0.3413,0.0620,-8.354,-18.720,-14.329,3,90
-1.5811,-2.9302,1.3730,-404.451,-210.854,152.927,1,12
-1.6704,-4.4634,0.6016,-534.695,33.415,93.354,1,12
-2.3647,-5.6577,-0.3589,-444.878,192.988,-29.817,1,12
-2.3716,-7.3931,-1.5762,-333.659,293.232,-171.768,1,12
-3.6201,-5.7661,-2.3052,-248.415,310.061,-189.939,1,12
-5.4351,-5.1865,-1.9336,-166.829,283.537,-178.110,1,12
-5.9868,-4.4629,-1.3350,-96.037,212.866,-89.451,1,12
-6.1914,-3.4351,-0.6938,-25.549,68.720,-11.646,1,12
0.6802,-0.2266,-0.0527,72.256,30.244,-34.939,2,12
0.6401,-0.2407,-0.0654,70.305,30.610,-32.561,2,12
0.6226,-0.2651,-0.0776,68.232,29.939,-30.671,2,12
0.6084,-0.2852,-0.0942,65.793,28.841,-28.598,2,12
0.6064,-0.3223,-0.1035,63.415,27.378,-26.159,2,12
0.6133,-0.3501,-0.1245,61.098,25.610,-23.720,2,12
0.6294,-0.3823,-0.1411,59.756,24.085,-21.280,2,12
0.6504,-0.4106,-0.1704,58.537,22.622,-18.537,2,12
-0.7930,-0.0034,0.0088,58.720,-6.220,-7.378,3,90
-0.7891,-0.0327,0.0308,65.000,-4.024,-6.159,3,90
-0.7935,-0.0542,0.0181,69.512,-1.829,-4.756,3,90
-0.8022,-0.0835,0.0054,72.866,-0.549,-3.537,3,90
-0.8184,-0.0972,0.0078,75.793,-0.427,-2.012,3,90
-0.8433,-0.0928,0.0347,77.378,-1.768,-0.305,3,90
-0.8789,-0.0811,0.0527,75.549,-2.744,1.463,3,90
-0.9185,-0.0791,0.0874,71.585,-2.927,3.049,3,90
-1.7114,0.4590,-0.6494,-86.829,7.988,156.707,1,12
-1.6318,0.8164,-0.3789,-99.878,20.732,109.329,1,12
-1.4277,1.2124,-0.2153,-111.037,29.390,55.244,1,12
-1.2568,1.4360,-0.1489,-109.634,29.695,0.427,1,12
-0.9883,1.7280,-0.2334,-97.073,17.317,-66.646,1,12
-0.7197,1.7412,-0.2544,-75.610,6.098,-94.024,1,12
-0.6138,1.4863,-0.3052,-45.000,-9.512,-112.500,1,12
-0.5410,1.2085,-0.3350,5.427,-26.463,-137.012,1,12
0.7344,-0.4966,-0.4146,41.159,13.963,-9.756,2,12
0.7217,-0.4902,-0.4155,37.866,13.537,-10.305,2,12
0.7129,-0.4795,-0.4312,33.720,13.720,-9.939,2,12
0.6968,-0.4756,-0.4395,30.610,14.085,-9.756,2,12
0.6909,-0.4604,-0.4531,27.439,14.695,-8.171,2,12
0.6738,-0.4492,-0.4414,24.146,15.549,-6.585,2,12
0.6685,-0.4365,-0.4565,21.341,16.159,-4.268,2,12
0.6646,-0.4238,-0.4517,18.110,16.402,-1.768,2,12
-1.1016,-0.0669,0.1392,51.951,-7.500,7.988,3,90
-1.1016,-0.0547,0.1372,49.390,-8.415,7.500,3,90
-1.1118,-0.0439,0.1265,43.963,-9.329,7.195,3,90
-1.1211,-0.0371,0.1152,38.902,-10.183,7.683,3,90
-1.1284,-0.0342,0.0859,34.939,-10.732,7.866,3,90
-1.1147,-0.0342,0.0547,32.073,-10.793,8.354,3,90
-1.1069,-0.0112,0.0273,28.720,-10.915,8.476,3,90
-1.0879,0.0054,-0.0005,27.378,-11.159,7.927,3,90
0.3418,0.3940,0.8359,284.817,58.476,-117.805,1,12
0.4624,0.2065,0.8872,285.732,86.280,-103.476,1,12
0.5898,0.0010,0.8838,280.427,109.756,-89.817,1,12
0.6890,-0.2310,0.9927,273.476,126.951,-76.098,1,12
0.7813,-0.4224,1.0513,269.085,136.341,-62.317,1,12
0.9697,-0.6978,1.0542,267.073,139.878,-50.427,1,12
1.1606,-1.0073,1.0303,265.183,135.854,-39.207,1,12
0.2822,-0.2651,0.8032,264.939,120.610,-40.366,1,12
0.6714,-0.4180,-0.3096,-7.073,4.878,18.110,2,12
0.6636,-0.4302,-0.2920,-11.159,2.500,19.695,2,12
0.6709,-0.4492,-0.2764,-15.549,0.366,20.549,2,12
0.6655,-0.4639,-0.2598,-19.024,-1.829,21.463,2,12
0.6631,-0.4746,-0.2500,-22.866,-4.146,22.073,2,12
0.6602,-0.4790,-0.2388,-27.744,-6.402,22.805,2,12
0.6577,-0.4839,-0.2192,-32.500,-8.659,23.476,2,12
0.6567,-0.4751,-0.2070,-38.415,-10.793,23.963,2,12
-0.9248,0.1270,0.0693,42.317,-12.256,9.085,3,90
-0.9331,0.1294,0.0767,44.939,-12.256,9.634,3,90
-0.9326,0.1309,0.0737,47.805,-12.561,10.244,3,90
-0.9316,0.1353,0.0747,50.976,-12.256,11.037,3,90
-0.9390,0.1362,0.0825,54.207,-12.073,11.585,3,90
-0.9468,0.1338,0.1113,56.280,-11.707,12.195,3,90
-0.9463,0.1309,0.1172,57.805,-12.256,12.805,3,90
-0.9546,0.1299,0.1094,59.329,-12.378,13.354,3,90
1.0498,-2.3408,1.1782,100.671,-27.622,-85.366,1,12
0.9570,-2.2485,1.0957,75.000,-35.610,-84.207,1,12
0.7461,-2.0840,0.9253,23.902,-51.098,-80.854,1,12
0.4600,-1.8467,0.6729,-40.061,-70.610,-75.793,1,12
0.2661,-1.7080,0.5244,-71.341,-78.476,-73.354,1,12
0.1069,-1.5757,0.3989,-93.232,-82.134,-71.585,1,12
-0.0444,-1.4673,0.3057,-106.402,-81.768,-71.220,1,12
-0.1768,-1.3599,0.2271,-112.134,-78.415,-71.707,1,12
0.7402,-0.3345,-0.2031,-107.622,-20.915,9.756,2,12
0.7593,-0.2944,-0.2168,-114.695,-21.707,7.561,2,12
0.7681,-0.2544,-0.2290,-120.732,-22.683,5.183,2,12
0.7739,-0.2012,-0.2588,-125.793,-23.659,2.744,2,12
0.7969,-0.1494,-0.2676,-129.512,-24.512,-0.183,2,12
0.7993,-0.0874,-0.2832,-132.744,-25.671,-2.988,2,12
0.8149,-0.0366,-0.2856,-135.793,-27.256,-5.793,2,12
0.8184,0.0249,-0.2983,-138.354,-28.841,-8.354,2,12
-1.0474,0.0947,0.1240,48.598,-10.549,15.244,3,90
-1.0566,0.0981,0.1162,46.402,-10.122,14.817,3,90
-1.0659,0.0962,0.0908,44.634,-10.244,14.878,3,90
-1.0771,0.1113,0.0859,42.561,-10.549,14.512,3,90
-1.0879,0.1167,0.0806,40.122,-10.610,13.415,3,90
-1.0957,0.1230,0.1074,37.805,-10.549,13.049,3,90
-1.0942,0.1240,0.0967,35.671,-11.037,11.951,3,90
-1.0688,0.1191,0.0732,36.098,-11.524,12.012,3,90
0.8213,0.0889,-0.3032,-140.427,-30.366,-10.976,2,12
0.8135,0.1396,-0.3188,-142.134,-32.744,-13.293,2,12
0.8145,0.1899,-0.3213,-142.927,-35.183,-15.793,2,12
0.8101,0.2246,-0.3296,-143.110,-37.439,-18.049,2,12
0.7988,0.2646,-0.3354,-142.073,-40.427,-19.756,2,12
0.7974,0.3071,-0.3545,-140.427,-43.110,-21.341,2,12
0.7905,0.3472,-0.3594,-138.841,-45.244,-22.805,2,12
0.7700,0.3872,-0.3569,-136.951,-46.890,-24.146,2,12
0.7651,0.4238,-0.3545,-135.732,-48.354,-25.000,2,12
0.7544,0.4551,-0.3496,-134.939,-49.695,-26.037,2,12
0.7412,0.4805,-0.3442,-134.268,-50.305,-26.768,2,12
0.7378,0.5103,-0.3394,-133.476,-51.402,-27.073,2,12
0.7363,0.5386,-0.3325,-133.476,-51.707,-27.256,2,12
0.7310,0.5620,-0.3179,-133.171,-52.134,-27.622,2,12
0.7290,0.5869,-0.3008,-133.476,-52.317,-27.622,2,12
0.7324,0.6060,-0.2891,-133.354,-53.110,-27.683,2,12
-0.9985,0.0952,0.0151,44.329,-13.354,11.159,3,90
-0.9985,0.0933,0.0273,45.427,-13.537,11.159,3,90
-0.9893,0.0874,0.0195,46.037,-13.537,11.037,3,90
-0.9805,0.0835,0.0161,46.220,-13.476,10.610,3,90
-0.9849,0.0815,0.0210,46.220,-14.024,10.305,3,90
-0.9810,0.0767,0.0308,45.976,-13.963,10.061,3,90
-0.9868,0.0728,0.0425,45.671,-14.329,9.634,3,90
-0.9980,0.0674,0.0449,45.122,-14.268,9.268,3,90
0.2446,-0.7524,0.3979,-33.232,49.756,-92.927,1,12
0.2598,-0.7510,0.4033,-33.537,50.976,-93.171,1,12
0.3184,-0.7441,0.4204,-34.268,54.268,-91.402,1,12
0.3550,-0.7266,0.4399,-34.390,56.707,-89.634,1,12
0.3862,-0.7090,0.4448,-34.268,58.963,-87.439,1,12
0.4180,-0.6860,0.4604,-33.659,61.098,-84.695,1,12
0.4316,-0.6577,0.4653,-33.171,62.317,-81.098,1,12
0.4448,-0.6294,0.4678,-32.134,63.537,-76.951,1,12
0.7153,0.7178,-0.2451,-133.049,-64.878,-27.439,2,12
0.7295,0.7212,-0.2471,-133.293,-65.976,-27.622,2,12
0.7378,0.7261,-0.2529,-133.598,-67.073,-28.049,2,12
0.7490,0.7300,-0.2495,-134.390,-67.683,-28.293,2,12
0.7627,0.7358,-0.2422,-135.244,-68.171,-28.354,2,12
0.7827,0.7417,-0.2319,-136.220,-68.354,-28.659,2,12
0.8013,0.7485,-0.2485,-136.463,-68.537,-28.659,2,12
0.8057,0.7598,-0.2358,-136.037,-68.963,-29.024,2,12
-1.1187,0.0913,0.0859,36.646,-16.646,4.512,3,90
-1.1079,0.1079,0.0928,35.122,-17.683,3.720,3,90
-1.0913,0.1064,0.0815,33.780,-18.293,3.293,3,90
-1.0688,0.1006,0.0820,32.500,-18.720,2.683,3,90
-1.0537,0.1177,0.0933,30.122,-19.024,2.500,3,90
-1.0352,0.1235,0.1079,27.378,-19.207,1.341,3,90
-1.0083,0.1299,0.1118,24.634,-19.451,0.793,3,90
-0.9932,0.1284,0.1099,22.683,-19.390,0.244,3,90
0.3218,-0.5527,0.3120,-24.329,58.476,-39.756,1,12
0.2993,-0.5708,0.2778,-22.073,60.610,-38.780,1,12
0.2861,-0.5786,0.2578,-18.720,63.598,-37.744,1,12
0.2769,-0.5776,0.2334,-14.024,67.927,-37.500,1,12
0.2666,-0.5757,0.2236,-8.963,72.683,-37.134,1,12
0.2573,-0.5688,0.2178,-2.805,78.476,-36.402,1,12
0.2637,-0.5674,0.2300,3.659,83.720,-35.122,1,12
0.2607,-0.5547,0.2310,10.732,89.024,-33.293,1,12
0.2671,-0.5317,0.2466,17.805,93.841,-30.976,1,12
0.2759,-0.5127,0.2637,25.976,98.049,-28.110,1,12
0.2778,-0.4980,0.2729,33.354,101.707,-24.939,1,12
0.2969,-0.4849,0.2939,41.280,104.756,-21.402,1,12
0.2925,-0.4692,0.3008,49.573,106.646,-17.378,1,12
0.3047,-0.4629,0.3164,57.195,107.744,-13.415,1,12
0.3208,-0.4580,0.3208,65.183,108.415,-9.390,1,12
0.3296,-0.4507,0.3276,72.744,108.780,-5.793,1,12
-0.9189,0.2642,0.2100,14.512,-18.537,-1.280,3,90
-0.9038,0.2793,0.2056,14.756,-17.988,-0.671,3,90
-0.8999,0.2915,0.1938,15.488,-17.561,-0.305,3,90
-0.8945,0.3013,0.1846,16.585,-17.195,-0.061,3,90
-0.8921,0.3018,0.1704,18.232,-16.768,0.244,3,90
-0.8794,0.3149,0.1699,20.549,-16.341,0.854,3,90
-0.8667,0.3091,0.1543,22.927,-15.549,1.341,3,90
-0.8633,0.3179,0.1602,25.671,-15.061,1.463,3,90
0.3345,-0.4668,0.3159,83.049,108.476,-1.220,1,12
0.3467,-0.4829,0.3115,88.720,108.293,1.341,1,12
0.3540,-0.4956,0.3018,94.451,108.476,3.110,1,12
0.3560,-0.5151,0.2876,98.841,107.927,4.146,1,12
0.3633,-0.5498,0.2866,103.659,107.561,5.366,1,12
0.3701,-0.5757,0.2876,107.073,107.195,6.037,1,12
0.3750,-0.6035,0.2822,109.939,106.585,6.524,1,12
0.3784,-0.6304,0.2866,112.317,105.915,7.683,1,12
0.3760,1.1665,-0.4136,-108.476,-89.512,2.683,2,12
0.3745,1.1660,-0.4092,-106.524,-89.146,5.244,2,12
0.3730,1.1768,-0.4155,-105.244,-89.268,7.683,2,12
0.3652,1.1743,-0.4355,-103.963,-88.780,10.427,2,12
0.3613,1.1743,-0.4341,-102.805,-88.780,12.927,2,12
0.3569,1.1675,-0.4473,-101.220,-88.963,15.305,2,12
0.3560,1.1616,-0.4487,-100.122,-88.902,17.683,2,12
0.3467,1.1519,-0.4556,-99.268,-88.902,19.939,2,12
-0.7852,0.2358,0.1592,40.854,-10.549,6.585,3,90
-0.7817,0.2217,0.1479,40.549,-10.061,7.134,3,90
-0.7876,0.2158,0.1357,39.024,-9.878,7.134,3,90
-0.7817,0.2026,0.1113,37.805,-9.695,7.378,3,90
-0.7988,0.1924,0.1016,36.220,-9.390,7.378,3,90
-0.8003,0.1763,0.0938,35.732,-8.780,7.500,3,90
-0.8125,0.1714,0.0859,36.220,-8.293,7.683,3,90
-0.8281,0.1660,0.0967,36.402,-7.805,8.537,3,90
0.3862,-0.9360,0.2383,100.061,98.537,16.037,1,12
0.3940,-0.9595,0.2402,95.061,97.805,17.012,1,12
0.3960,-0.9805,0.2363,89.390,97.622,17.622,1,12
0.3931,-1.0098,0.2329,82.927,97.500,18.415,1,12
0.3931,-1.0381,0.2275,75.000,97.561,19.024,1,12
0.3999,-1.0610,0.2241,65.854,97.195,19.573,1,12
0.3984,-1.0889,0.2222,55.854,97.561,20.244,1,12
0.4048,-1.1152,0.2129,46.220,97.317,20.854,1,12
0.3076,1.0601,-0.4829,-91.585,-83.171,36.707,2,12
0.2959,1.0518,-0.4722,-90.671,-81.707,37.988,2,12
0.2949,1.0396,-0.4795,-90.244,-80.915,39.329,2,12
0.3008,1.0337,-0.4775,-89.390,-79.817,40.427,2,12
0.3027,1.0229,-0.4658,-89.024,-78.780,41.768,2,12
0.2964,1.0127,-0.4580,-87.866,-77.805,42.744,2,12
0.2925,1.0093,-0.4531,-87.317,-77.134,44.085,2,12
0.2949,0.9980,-0.4492,-86.037,-76.463,44.878,2,12
-0.9116,0.0410,0.0889,32.622,-0.671,16.037,3,90
-0.9233,0.0283,0.0762,29.939,-0.366,15.061,3,90
-0.9307,0.0332,0.0557,27.500,0.000,14.329,3,90
-0.9409,0.0283,0.0493,25.244,0.549,13.659,3,90
-0.9512,0.0288,0.0273,23.841,1.159,12.744,3,90
-0.9629,0.0386,0.0376,22.744,1.768,11.707,3,90
-0.9629,0.0444,0.0327,21.707,1.951,11.159,3,90
-0.9600,0.0337,0.0244,21.646,2.134,11.037,3,90
0.4155,-1.2197,0.2915,-48.841,95.854,20.793,1,12
0.4263,-1.2119,0.2822,-56.646,96.341,20.244,1,12
0.4316,-1.1982,0.2827,-63.476,96.280,19.146,1,12
0.4307,-1.1772,0.2832,-69.024,96.768,18.476,1,12
0.4478,-1.1606,0.2773,-74.390,97.256,18.171,1,12
0.4565,-1.1348,0.2749,-78.415,97.805,17.439,1,12
0.4727,-1.1108,0.2632,-81.646,98.841,16.829,1,12
0.4893,-1.0786,0.2612,-84.024,99.451,16.524,1,12
0.2886,0.9116,-0.3989,-77.866,-69.512,50.549,2,12
0.2749,0.9053,-0.4019,-76.341,-68.598,51.098,2,12
0.2759,0.9038,-0.4019,-74.085,-67.439,51.341,2,12
0.2690,0.8970,-0.3955,-72.195,-66.463,51.768,2,12
0.2651,0.8921,-0.4116,-70.549,-65.793,51.524,2,12
0.2588,0.8911,-0.4097,-68.415,-65.061,51.463,2,12
0.2534,0.8931,-0.4102,-66.524,-64.268,51.280,2,12
0.2515,0.8965,-0.4136,-64.878,-63.476,50.915,2,12
-0.9795,0.1235,0.0688,21.890,4.695,7.683,3,90
-0.9785,0.1304,0.0815,24.146,4.695,7.439,3,90
-0.9829,0.1479,0.0869,26.159,4.878,7.622,3,90
-0.9741,0.1616,0.0918,26.646,4.573,7.439,3,90
-0.9668,0.1646,0.0942,26.829,4.573,7.012,3,90
-0.9639,0.1782,0.1089,26.768,4.207,6.585,3,90
-0.9614,0.1924,0.1079,26.220,3.841,6.159,3,90
-0.9551,0.2041,0.1177,25.183,3.720,5.427,3,90
0.6660,-0.8208,0.2671,-71.037,109.390,20.732,1,12
0.6733,-0.7998,0.2822,-67.073,110.488,21.890,1,12
0.6924,-0.7920,0.2822,-61.646,111.280,23.110,1,12
0.7036,-0.7769,0.3120,-56.707,112.256,24.024,1,12
0.7075,-0.7749,0.3237,-51.646,113.415,25.000,1,12
0.7163,-0.7861,0.3359,-46.280,114.573,25.549,1,12
0.7207,-0.7832,0.3560,-40.976,115.610,26.159,1,12
0.7354,-0.7891,0.3657,-35.610,116.829,26.341,1,12
0.1899,0.9038,-0.4580,-51.159,-56.037,48.232,2,12
0.1787,0.8965,-0.4556,-50.061,-54.878,47.866,2,12
0.1758,0.8911,-0.4497,-48.841,-54.024,47.744,2,12
0.1729,0.8809,-0.4463,-47.683,-53.110,46.890,2,12
0.1665,0.8789,-0.4565,-46.951,-52.195,46.341,2,12
0.1582,0.8638,-0.4502,-45.976,-50.610,45.793,2,12
0.1611,0.8525,-0.4404,-45.061,-50.000,45.061,2,12
0.1577,0.8447,-0.4497,-44.146,-48.476,44.573,2,12
-0.9692,0.2939,0.1084,27.622,1.159,0.061,3,90
-0.9785,0.2886,0.1030,29.085,0.732,-0.488,3,90
-0.9834,0.2954,0.1113,30.244,0.610,-0.976,3,90
-0.9897,0.2866,0.1108,32.012,0.244,-1.402,3,90
-0.9927,0.2808,0.1157,32.744,-0.122,-2.073,3,90
-1.0034,0.2676,0.1128,34.207,-0.305,-2.500,3,90
-1.0024,0.2529,0.1040,34.634,-0.610,-3.354,3,90
-1.0161,0.2461,0.1104,35.366,-0.793,-4.146,3,90
0.8354,-0.9209,0.4521,2.927,118.537,19.390,1,12
0.8462,-0.9360,0.4521,6.220,117.866,18.049,1,12
0.8608,-0.9448,0.4531,9.024,117.195,16.768,1,12
0.8657,-0.9517,0.4395,12.134,116.402,15.793,1,12
0.8740,-0.9644,0.4634,14.024,115.793,15.000,1,12
0.8843,-0.9678,0.4707,16.341,115.305,13.902,1,12
0.8789,-0.9688,0.4731,18.780,114.390,12.927,1,12
0.8828,-0.9751,0.4858,20.061,113.720,12.134,1,12
0.1294,0.8735,-0.4292,-41.280,-37.866,35.793,2,12
0.1299,0.8857,-0.4258,-41.159,-36.890,35.061,2,12
0.1201,0.8931,-0.4307,-41.280,-35.488,33.780,2,12
0.1055,0.9077,-0.4277,-40.610,-34.634,33.171,2,12
0.0986,0.9116,-0.4150,-40.122,-33.720,32.439,2,12
0.0840,0.9282,-0.4209,-39.939,-32.622,31.280,2,12
0.0791,0.9331,-0.4131,-39.634,-31.707,30.549,2,12
0.0757,0.9429,-0.4209,-39.268,-30.671,29.024,2,12
-1.0083,0.1333,0.1421,31.402,-0.244,-6.768,3,90
-1.0024,0.1240,0.1313,30.610,0.061,-6.768,3,90
-0.9941,0.1104,0.1353,29.817,0.671,-6.829,3,90
-0.9917,0.1128,0.1294,29.024,0.976,-6.707,3,90
-0.9771,0.1016,0.1396,28.110,0.976,-6.524,3,90
-0.9668,0.0933,0.1396,27.134,1.402,-6.341,3,90
-0.9688,0.0923,0.1089,25.793,2.134,-6.280,3,90
-0.9712,0.0806,0.0859,24.512,2.866,-5.793,3,90
0.8521,-1.0054,0.5762,16.951,103.110,7.317,1,12
0.8496,-1.0088,0.5728,15.793,101.037,6.585,1,12
0.8472,-1.0176,0.5781,13.841,99.695,5.610,1,12
0.8379,-1.0176,0.5898,11.890,97.500,4.756,1,12
0.8276,-1.0264,0.5894,9.451,96.037,3.659,1,12
0.8237,-1.0273,0.5938,8.171,94.207,2.927,1,12
0.8101,-1.0259,0.6011,6.646,92.073,2.073,1,12
0.8047,-1.0220,0.6021,4.878,90.122,1.280,1,12
0.0059,0.9482,-0.3750,-39.878,-21.768,21.402,2,12
0.0049,0.9443,-0.3740,-40.732,-20.427,20.671,2,12
0.0010,0.9463,-0.3608,-41.037,-19.939,20.366,2,12
0.0137,0.9326,-0.3667,-42.012,-18.780,19.756,2,12
0.0132,0.9321,-0.3604,-43.110,-17.561,19.146,2,12
0.0171,0.9233,-0.3628,-43.354,-16.524,18.780,2,12
0.0283,0.9248,-0.3574,-43.476,-14.878,18.537,2,12
0.0386,0.9150,-0.3643,-43.841,-13.720,18.476,2,12
-0.9482,-0.0156,0.0884,7.744,5.427,-3.354,3,90
-0.9600,-0.0059,0.0972,5.061,5.793,-2.988,3,90
-0.9551,-0.0103,0.0996,2.012,6.159,-2.744,3,90
-0.9624,-0.0044,0.0884,-0.366,6.341,-2.195,3,90
-0.9678,0.0029,0.0908,-3.659,6.646,-1.402,3,90
-0.9751,0.0083,0.0981,-6.280,6.890,-1.098,3,90
-0.9810,0.0063,0.0986,-8.780,7.500,-0.488,3,90
-0.9858,0.0151,0.0933,-10.732,7.927,0.122,3,90
0.7290,-0.9800,0.5806,1.829,71.037,-3.354,1,12
0.7241,-0.9702,0.5801,2.805,69.024,-4.024,1,12
0.7148,-0.9595,0.5806,3.049,67.256,-4.512,1,12
0.7065,-0.9565,0.5908,3.476,65.488,-5.244,1,12
0.7026,-0.9590,0.6050,3.841,63.902,-5.915,1,12
0.6992,-0.9561,0.6191,3.780,62.256,-6.524,1,12
0.6953,-0.9551,0.6260,3.171,61.037,-7.073,1,12
0.6938,-0.9565,0.6226,2.439,59.512,-7.256,1,12
0.1055,0.9502,-0.4194,-39.085,-6.768,13.841,2,12
0.1094,0.9648,-0.4263,-37.683,-6.159,13.415,2,12
0.1060,0.9658,-0.4365,-36.159,-5.305,12.805,2,12
0.1055,0.9775,-0.4351,-34.878,-4.390,12.134,2,12
0.1025,0.9819,-0.4414,-33.598,-3.415,11.646,2,12
0.1089,0.9839,-0.4448,-32.317,-2.317,10.488,2,12
0.1060,0.9937,-0.4600,-31.220,-1.402,9.695,2,12
0.1118,1.0015,-0.4595,-30.000,-0.854,8.659,2,12
-1.0190,0.1235,0.1611,-21.524,12.622,4.817,3,90
-1.0244,0.1235,0.1587,-22.561,13.415,5.366,3,90
-1.0195,0.1191,0.1509,-23.171,14.146,5.488,3,90
-1.0239,0.1152,0.1563,-23.232,15.061,6.037,3,90
-1.0156,0.1245,0.1548,-23.841,16.037,6.037,3,90
-1.0034,0.1226,0.1563,-24.329,16.829,6.402,3,90
-0.9946,0.1348,0.1572,-24.878,17.622,6.951,3,90
-0.9849,0.1318,0.1523,-25.305,18.293,7.195,3,90
0.7104,-0.9844,0.5493,-1.829,40.183,-7.744,1,12
0.7114,-0.9766,0.5459,-2.683,38.171,-7.195,1,12
0.7144,-0.9746,0.5459,-4.024,36.646,-6.951,1,12
0.7168,-0.9780,0.5469,-5.976,35.549,-6.524,1,12
0.7051,-0.9717,0.5874,0.122,48.293,-8.110,1,12
0.7300,-0.9683,0.5488,-9.695,32.256,-5.366,1,12
0.7285,-0.9731,0.5503,-11.890,30.549,-4.878,1,12
0.7368,-0.9785,0.5405,-13.232,28.537,-3.963,1,12
0.0884,1.0425,-0.4780,-11.402,9.146,2.073,2,12
0.0820,1.0488,-0.4683,-9.695,10.488,1.402,2,12
0.0732,1.0425,-0.4688,-7.866,11.890,0.671,2,12
0.0698,1.0547,-0.4683,-6.220,13.476,0.305,2,12
0.0669,1.0601,-0.4673,-4.573,14.756,-0.366,2,12
0.0586,1.0581,-0.4692,-2.805,16.585,-0.915,2,12
0.0562,1.0586,-0.4648,-1.341,17.988,-1.037,2,12
0.0547,1.0688,-0.4727,0.244,19.756,-1.585,2,12
0.0498,1.0596,-0.4541,1.768,21.098,-1.890,2,12
0.0405,1.0601,-0.4556,3.171,22.500,-2.195,2,12
0.0347,1.0562,-0.4507,4.756,24.329,-2.927,2,12
0.0308,1.0630,-0.4551,6.585,26.098,-2.622,2,12
0.0190,1.0630,-0.4478,8.049,27.805,-3.293,2,12
0.0244,1.0664,-0.4463,9.329,29.573,-3.537,2,12
0.0210,1.0728,-0.4370,10.732,31.220,-3.720,2,12
0.0127,1.0806,-0.4336,11.707,32.988,-4.390,2,12
-1.0132,0.1123,0.1509,-30.366,28.841,17.439,3,90
-1.0020,0.1123,0.1348,-29.085,30.000,19.024,3,90
-0.9907,0.1001,0.1357,-27.561,30.854,20.366,3,90
-0.9873,0.0991,0.1177,-26.402,31.280,21.524,3,90
-0.9863,0.1084,0.1191,-27.134,31.585,22.195,3,90
-0.9834,0.1064,0.0938,-28.293,32.256,22.317,3,90
-0.9814,0.1108,0.0747,-29.085,32.805,22.256,3,90
-0.9824,0.1084,0.0669,-29.390,33.232,21.402,3,90
0.7090,-0.9624,0.4946,-20.854,-14.695,-0.366,1,12
0.7026,-0.9590,0.4873,-19.207,-17.805,0.244,1,12
0.7046,-0.9604,0.4644,-17.378,-20.427,0.183,1,12
0.7017,-0.9556,0.4478,-15.549,-22.927,1.098,1,12
0.7104,-0.9458,0.4424,-13.049,-25.732,1.646,1,12
0.7070,-0.9434,0.4214,-11.037,-27.561,2.195,1,12
0.7129,-0.9302,0.4097,-7.988,-29.451,3.293,1,12
0.7168,-0.9209,0.3965,-5.244,-31.037,4.085,1,12
0.0156,1.1279,-0.4829,21.037,49.024,-7.988,2,12
0.0190,1.1426,-0.4824,22.744,51.341,-8.902,2,12
0.0132,1.1489,-0.4839,23.902,53.476,-9.329,2,12
0.0171,1.1626,-0.4868,25.061,55.305,-9.817,2,12
0.0156,1.1753,-0.4941,26.098,57.073,-10.488,2,12
0.0190,1.1870,-0.5059,26.951,59.085,-11.341,2,12
0.0186,1.2061,-0.5098,28.110,60.915,-11.768,2,12
0.0195,1.2114,-0.5088,29.329,62.439,-12.561,2,12
-1.0386,0.1426,-0.0010,-30.976,35.610,17.256,3,90
-1.0352,0.1372,0.0117,-30.610,36.585,16.646,3,90
-1.0352,0.1450,0.0342,-29.878,37.317,15.793,3,90
-1.0205,0.1426,0.0371,-30.244,38.049,14.512,3,90
-1.0059,0.1563,0.0435,-31.037,38.232,13.415,3,90
-0.9937,0.1724,0.0386,-32.744,38.171,12.317,3,90
-0.9878,0.1875,0.0449,-35.549,38.049,10.671,3,90
-0.9775,0.1968,0.0469,-37.561,38.415,9.329,3,90
0.7778,-0.8828,0.3120,11.220,-45.000,13.293,1,12
0.7930,-0.8955,0.3130,12.073,-46.098,14.268,1,12
0.7964,-0.9048,0.3066,12.134,-47.866,14.939,1,12
0.8188,-0.9087,0.3071,12.256,-49.085,15.732,1,12
0.8267,-0.9097,0.3105,12.012,-50.488,16.159,1,12
0.8428,-0.9185,0.3198,11.585,-52.378,16.646,1,12
0.8691,-0.9214,0.3408,10.000,-54.695,17.439,1,12
0.8901,-0.9233,0.3657,8.293,-56.524,18.232,1,12
0.0024,1.2446,-0.5220,44.268,76.280,-18.415,2,12
0.0034,1.2437,-0.5186,46.220,77.622,-19.329,2,12
0.0107,1.2461,-0.5107,48.780,78.841,-20.061,2,12
0.0083,1.2480,-0.5103,51.159,80.305,-20.610,2,12
0.0107,1.2573,-0.5068,53.902,81.707,-21.829,2,12
0.0229,1.2690,-0.5059,56.280,82.744,-22.439,2,12
0.0220,1.2749,-0.5034,59.024,84.085,-23.293,2,12
0.0366,1.2856,-0.5054,61.951,85.305,-24.146,2,12
-0.8652,0.3184,-0.0645,-39.268,36.524,0.732,3,90
-0.8667,0.3340,-0.0801,-41.463,35.549,-0.244,3,90
-0.8926,0.3364,-0.0850,-42.561,35.549,-1.098,3,90
-0.9224,0.3105,-0.0562,-41.341,34.817,-1.707,3,90
-0.9360,0.2915,-0.0249,-37.500,34.573,-1.951,3,90
-0.9380,0.2637,0.0161,-33.902,34.146,-1.707,3,90
-0.9219,0.2432,0.0220,-31.951,33.902,-1.829,3,90
-0.9048,0.2139,0.0029,-32.195,32.500,-2.073,3,90
1.1582,-0.9136,0.4766,-6.402,-82.195,16.707,1,12
1.1909,-0.9038,0.4854,-7.073,-86.159,16.768,1,12
1.2520,-0.8901,0.4829,-7.866,-89.756,17.073,1,12
1.2944,-0.8818,0.4829,-8.354,-93.354,17.134,1,12
1.3413,-0.8662,0.4902,-8.659,-96.280,17.561,1,12
1.3994,-0.8560,0.4932,-8.902,-99.756,18.110,1,12
1.4624,-0.8384,0.4937,-9.085,-102.195,18.110,1,12
1.5244,-0.8330,0.4858,-9.573,-104.878,18.598,1,12
-0.0103,1.3975,-0.4976,94.878,90.732,-31.220,2,12
-0.0127,1.4058,-0.5015,98.415,91.829,-31.768,2,12
-0.0190,1.4160,-0.4995,102.622,92.500,-32.622,2,12
-0.0171,1.4282,-0.5020,105.976,93.415,-33.171,2,12
-0.0327,1.4302,-0.4971,109.634,94.146,-33.476,2,12
-0.0288,1.4321,-0.4976,113.293,95.305,-34.146,2,12
-0.0229,1.4414,-0.4951,116.951,96.341,-34.512,2,12
-0.0298,1.4419,-0.5010,120.549,97.622,-35.122,2,12
-0.8755,0.1611,0.0127,-59.024,22.256,-6.463,3,90
-0.8657,0.1221,-0.0244,-65.610,20.183,-7.012,3,90
-0.8726,0.0967,-0.0313,-71.098,18.841,-7.988,3,90
-0.9028,0.0903,-0.0137,-76.585,17.561,-9.756,3,90
-0.9189,0.0996,-0.0195,-81.280,16.951,-12.073,3,90
-0.9321,0.1104,-0.0488,-84.817,16.341,-14.024,3,90
-0.9414,0.1289,-0.0854,-85.793,15.854,-15.610,3,90
-0.9487,0.1484,-0.1157,-84.573,15.122,-16.951,3,90
2.0981,-0.8037,0.4888,7.500,-136.159,19.817,1,12
2.1777,-0.7949,0.4854,9.634,-140.244,17.012,1,12
2.2617,-0.7817,0.5015,11.951,-144.024,14.024,1,12
2.3403,-0.7700,0.5381,14.207,-148.537,9.756,1,12
2.4307,-0.7407,0.5728,16.890,-153.110,5.488,1,12
2.5693,-0.6934,0.6191,20.915,-161.646,-0.732,1,12
2.6807,-0.6519,0.6733,24.085,-168.780,-5.061,1,12
2.7856,-0.6089,0.7295,27.317,-176.646,-8.354,1,12
0.0625,1.3848,-0.3887,143.232,107.866,-42.500,2,12
0.0811,1.3750,-0.3735,144.207,108.659,-43.476,2,12
0.0972,1.3540,-0.3569,145.000,110.000,-44.634,2,12
0.1177,1.3364,-0.3472,146.098,110.854,-45.244,2,12
0.1450,1.3169,-0.3384,146.280,111.037,-46.890,2,12
0.1577,1.3027,-0.3145,146.829,111.280,-47.744,2,12
0.1704,1.2837,-0.2998,146.829,111.463,-48.598,2,12
0.1909,1.2632,-0.2803,146.829,110.793,-50.183,2,12
-1.0103,0.2798,-0.1050,-64.085,8.110,-17.622,3,90
-1.0313,0.2607,-0.0913,-60.732,7.744,-17.866,3,90
-1.0464,0.2373,-0.0806,-57.317,7.134,-17.683,3,90
-1.0410,0.2095,-0.0845,-53.476,7.073,-17.134,3,90
-1.0479,0.1777,-0.1118,-50.854,6.829,-17.012,3,90
-1.0557,0.1328,-0.1250,-48.354,7.561,-16.768,3,90
-1.0610,0.0708,-0.1157,-45.122,9.207,-16.707,3,90
-1.0742,0.0020,-0.1270,-42.744,10.305,-16.829,3,90
3.5190,-0.3662,1.4063,32.866,-215.915,-15.122,1,12
3.5630,-0.3877,1.4316,30.427,-220.000,-14.390,1,12
3.6035,-0.4063,1.4473,27.988,-224.146,-15.549,1,12
3.6519,-0.4077,1.4595,25.427,-228.598,-18.720,1,12
3.6890,-0.3779,1.4648,21.768,-232.561,-23.476,1,12
3.7222,-0.3359,1.4595,17.256,-236.585,-29.329,1,12
3.7378,-0.2651,1.4580,12.683,-241.037,-35.427,1,12
3.7378,-0.1743,1.4438,9.512,-245.793,-40.915,1,12
0.3330,1.0361,-0.1250,126.037,106.098,-57.683,2,12
0.3623,1.0088,-0.1152,122.256,105.244,-58.232,2,12
0.3770,0.9771,-0.1001,118.659,104.024,-58.841,2,12
0.3960,0.9409,-0.0835,114.451,102.683,-59.268,2,12
0.4121,0.9150,-0.0796,110.183,101.220,-59.695,2,12
0.4395,0.8838,-0.0537,105.854,100.000,-60.122,2,12
0.4653,0.8599,-0.0459,101.098,98.537,-60.061,2,12
0.4902,0.8271,-0.0444,96.890,97.134,-60.305,2,12
-1.0317,0.1069,0.1211,-58.354,7.805,-20.183,3,90
-1.0171,0.1533,0.1104,-60.610,7.317,-18.780,3,90
-0.9971,0.1875,0.1108,-61.707,6.463,-16.585,3,90
-0.9731,0.2051,0.1245,-62.317,5.976,-15.183,3,90
-0.9629,0.2178,0.1089,-61.646,5.000,-13.902,3,90
-0.9365,0.2183,0.1030,-60.549,4.512,-12.988,3,90
-0.9297,0.2441,0.1157,-61.220,3.659,-12.439,3,90
-0.9258,0.2632,0.1445,-62.744,2.805,-12.378,3,90
3.2480,0.5884,1.4561,68.659,-255.183,-23.049,1,12
3.2158,0.5874,1.4487,75.915,-248.720,-17.256,1,12
3.1865,0.5679,1.4712,80.427,-241.280,-10.488,1,12
3.1494,0.5469,1.5269,81.463,-232.866,-3.415,1,12
3.1099,0.5068,1.6084,77.988,-224.756,5.061,1,12
3.0122,0.4297,1.7231,62.317,-213.171,18.841,1,12
2.9346,0.3447,1.7686,45.366,-206.646,28.659,1,12
2.8315,0.2485,1.7998,23.537,-199.634,38.171,1,12
0.8120,0.6138,-0.0459,68.354,85.366,-56.829,2,12
0.8579,0.5952,-0.0430,66.220,83.415,-56.037,2,12
0.8950,0.5708,-0.0391,64.939,82.073,-55.427,2,12
0.9360,0.5479,-0.0386,63.963,80.305,-54.573,2,12
0.9678,0.5327,-0.0469,64.085,78.415,-53.902,2,12
1.0005,0.5161,-0.0518,65.122,76.463,-53.293,2,12
1.0225,0.5005,-0.0532,66.159,74.573,-52.622,2,12
1.0576,0.4927,-0.0596,67.500,72.500,-51.829,2,12
-0.9111,0.2769,0.1245,-72.378,-1.585,-15.305,3,90
-0.9219,0.2969,0.1250,-72.195,-2.012,-15.732,3,90
-0.9224,0.3193,0.1357,-70.854,-2.378,-16.402,3,90
-0.9253,0.3267,0.1431,-70.305,-3.171,-16.463,3,90
-0.9321,0.3325,0.1592,-69.512,-4.146,-15.915,3,90
-0.9346,0.3345,0.1802,-68.537,-4.390,-15.488,3,90
-0.9277,0.3394,0.1899,-67.988,-4.756,-14.817,3,90
-0.9229,0.3306,0.1870,-68.537,-5.000,-14.329,3,90
1.9644,-0.1455,2.1909,-285.427,-140.427,136.585,1,12
1.8555,-0.2339,2.0317,-320.610,-140.366,154.451,1,12
2.1870,-0.2856,1.3735,-352.927,-142.134,168.720,1,12
2.0664,-2.1719,-1.3052,-410.854,-146.646,185.366,1,12
1.1367,-3.6816,1.0449,-505.915,-178.110,284.695,1,12
0.5044,-3.0342,3.2305,-556.829,-167.744,376.402,1,12
-0.1108,-2.0146,1.8657,-557.134,-120.793,407.378,1,12
-1.5122,-1.2173,3.6851,-495.061,-121.890,387.256,1,12
-6.5522,-2.4526,4.6099,-346.829,-120.915,376.646,1,12
-16.0000,-6.4424,-3.6782,353.598,24.878,19.756,1,12
-16.0000,-4.8633,-2.3257,854.024,-3.293,-213.293,1,12
-16.0000,-4.7402,0.2485,798.963,-548.171,416.159,1,12
-15.4932,-2.5928,0.8345,748.598,-754.146,332.805,1,12
-6.5522,-2.9399,1.2534,602.805,-848.537,108.354,1,12
-2.7227,-4.7153,1.7012,304.634,-778.171,-17.561,1,12
-1.4033,-6.2539,2.0005,205.244,-531.829,-80.610,1,12
0.6870,0.4688,-0.1177,82.256,45.854,-62.073,2,12
0.6543,0.4644,-0.1377,82.866,45.427,-62.073,2,12
0.6245,0.4619,-0.1597,85.061,44.451,-61.646,2,12
0.5903,0.4683,-0.1772,87.256,43.902,-60.793,2,12
0.5688,0.4702,-0.1938,89.512,43.659,-59.878,2,12
0.5513,0.4844,-0.2080,90.854,43.415,-58.963,2,12
0.5366,0.5015,-0.2080,91.768,43.049,-57.561,2,12
0.5229,0.5000,-0.2129,91.707,42.805,-56.341,2,12
-0.9717,0.2715,0.1353,-24.390,-0.305,1.951,3,90
-0.9751,0.2783,0.1489,-21.829,-0.488,2.744,3,90
-0.9805,0.2681,0.1309,-19.451,-0.366,3.598,3,90
-0.9775,0.2598,0.1064,-17.134,-0.366,4.451,3,90
-0.9751,0.2549,0.1143,-14.024,-0.305,5.122,3,90
-0.9609,0.2598,0.1079,-11.768,0.000,6.037,3,90
-0.9482,0.2617,0.1016,-9.634,-0.427,6.951,3,90
-0.9429,0.2544,0.0830,-6.463,-0.305,7.988,3,90
-3.9048,-1.0874,1.0200,-172.927,74.024,-37.805,1,12
-3.3169,-0.8359,0.9248,-188.720,85.976,-27.622,1,12
-2.8467,-0.6221,0.8169,-204.573,100.183,-17.500,1,12
-2.4805,-0.3735,0.7388,-226.890,125.183,-13.415,1,12
-1.9810,0.0103,0.5820,-231.890,150.122,-16.159,1,12
-1.6768,0.2861,0.5435,-220.366,160.915,-26.707,1,12
-1.3984,0.6821,0.4834,-205.671,156.220,-43.659,1,12
-1.3599,0.8965,0.5142,-197.439,151.646,-54.634,1,12
0.5605,0.4004,-0.3013,88.963,34.390,-31.646,2,12
0.5742,0.3848,-0.3022,87.927,33.476,-28.476,2,12
0.5820,0.3647,-0.3071,87.012,32.683,-25.061,2,12
0.6011,0.3491,-0.3071,86.341,31.402,-21.402,2,12
0.6030,0.3359,-0.2964,85.366,30.488,-17.683,2,12
0.6177,0.3198,-0.2798,84.024,29.512,-14.207,2,12
0.6289,0.3027,-0.2896,82.439,28.354,-10.610,2,12
0.6509,0.2935,-0.2817,80.488,27.378,-6.951,2,12
-0.8525,0.1592,-0.0493,30.000,-0.366,15.793,3,90
-0.8398,0.1523,-0.0742,34.329,0.122,16.524,3,90
-0.8271,0.1196,-0.0796,38.902,0.244,16.829,3,90
-0.8232,0.1079,-0.1035,42.683,0.793,17.439,3,90
-0.8164,0.1025,-0.1099,46.098,0.854,17.195,3,90
-0.8125,0.0933,-0.1348,48.110,1.280,17.500,3,90
-0.8135,0.0752,-0.1401,50.122,1.280,17.622,3,90
-0.8242,0.0659,-0.1431,52.073,1.280,17.439,3,90
0.2261,0.4912,-0.6372,-34.146,110.427,-70.427,1,12
0.3462,0.3159,-0.6650,24.390,101.951,-87.683,1,12
0.4785,0.1040,-0.6543,76.585,88.963,-101.402,1,12
0.6440,-0.0444,-0.6104,116.402,73.354,-109.451,1,12
0.7285,-0.2676,-0.5664,144.817,57.622,-111.463,1,12
0.7490,-0.5356,-0.5625,167.622,44.634,-116.646,1,12
0.7720,-0.7949,-0.5293,183.902,38.293,-124.146,1,12
0.9419,-0.9067,-0.4229,191.707,37.378,-127.805,1,12
0.7290,0.2534,-0.3022,54.207,21.037,23.354,2,12
0.7241,0.2559,-0.3057,50.976,20.122,25.610,2,12
0.7266,0.2583,-0.3042,49.817,19.756,26.646,2,12
0.7080,0.2505,-0.3218,47.195,18.720,28.963,2,12
0.6929,0.2480,-0.3267,43.780,17.744,31.646,2,12
0.6880,0.2539,-0.3398,41.280,16.890,33.110,2,12
0.6602,0.2417,-0.3442,38.659,16.463,35.000,2,12
0.6504,0.2373,-0.3354,35.793,15.915,36.098,2,12
-0.9351,-0.0537,-0.0034,59.329,3.720,21.037,3,90
-0.9248,-0.0601,0.0142,55.488,3.659,21.037,3,90
-0.9077,-0.0728,-0.0024,51.951,2.256,21.585,3,90
-0.9014,-0.0835,-0.0068,47.744,1.768,22.012,3,90
-0.9014,-0.0591,0.0103,42.805,0.976,22.012,3,90
-0.9067,-0.0264,0.0161,36.280,-0.061,21.524,3,90
-0.9194,0.0073,0.0034,30.488,-1.280,21.098,3,90
-0.9326,0.0405,-0.0068,24.756,-2.012,20.488,3,90
1.1821,-1.3330,0.4121,93.537,69.817,-26.585,1,12
1.2202,-1.2939,0.5684,75.610,69.024,-25.854,1,12
1.2588,-1.2329,0.7026,57.378,67.805,-28.293,1,12
1.2598,-1.1777,0.8027,37.500,65.305,-33.171,1,12
1.2432,-1.0967,0.8242,13.963,61.037,-36.829,1,12
1.2002,-1.0728,0.7861,-11.098,55.061,-41.037,1,12
1.1392,-1.0981,0.7290,-33.354,46.463,-45.061,1,12
1.0776,-1.1475,0.6641,-49.878,37.012,-49.024,1,12
0.6304,0.0845,-0.3208,3.476,13.537,44.695,2,12
0.6353,0.0708,-0.3179,-0.549,13.110,44.939,2,12
0.6445,0.0498,-0.3125,-4.512,12.805,45.427,2,12
0.6533,0.0386,-0.3066,-8.537,12.195,45.549,2,12
0.6592,0.0269,-0.3071,-12.195,12.012,45.610,2,12
0.6763,0.0112,-0.2983,-16.463,11.280,44.939,2,12
0.6733,0.0088,-0.2969,-20.671,10.671,44.756,2,12
0.6831,-0.0015,-0.2920,-24.573,10.061,44.268,2,12
-0.9658,0.1895,-0.0693,28.110,-8.476,18.902,3,90
-0.9521,0.1982,-0.0781,30.305,-8.963,18.659,3,90
-0.9307,0.2061,-0.0786,31.951,-9.695,18.598,3,90
-0.9297,0.2148,-0.0742,32.927,-10.610,18.110,3,90
-0.9233,0.2217,-0.0703,33.720,-11.098,17.317,3,90
-0.9111,0.2217,-0.0674,34.634,-11.707,16.646,3,90
-0.9009,0.2144,-0.0576,35.000,-12.683,16.524,3,90
-0.9038,0.2090,-0.0449,36.524,-13.354,16.402,3,90
0.1436,-1.1299,0.1167,-109.573,20.427,-19.024,1,12
0.1064,-1.0625,0.1792,-105.061,29.817,-23.354,1,12
0.0747,-0.9741,0.2290,-101.220,37.683,-27.317,1,12
0.0317,-0.8848,0.2900,-97.683,42.988,-29.390,1,12
-0.0093,-0.7964,0.3262,-92.500,45.122,-30.122,1,12
-0.0425,-0.7295,0.3516,-85.183,45.488,-30.244,1,12
-0.0742,-0.6699,0.3579,-75.488,43.841,-30.671,1,12
-0.1006,-0.6235,0.3652,-63.476,41.707,-31.159,1,12
0.7236,0.0596,-0.2480,-62.866,2.378,34.939,2,12
0.7271,0.0693,-0.2471,-66.402,1.463,33.963,2,12
0.7388,0.0908,-0.2490,-69.451,0.427,32.927,2,12
0.7412,0.1118,-0.2612,-71.707,-0.976,32.012,2,12
0.7456,0.1294,-0.2510,-73.720,-2.195,30.976,2,12
0.7539,0.1548,-0.2559,-75.305,-3.720,30.183,2,12
0.7593,0.1792,-0.2505,-77.195,-5.000,28.841,2,12
0.7646,0.2012,-0.2681,-78.598,-6.707,28.110,2,12
-0.8882,0.1958,-0.0430,44.329,-17.500,14.512,3,90
-0.8828,0.1997,-0.0396,45.549,-17.927,14.451,3,90
-0.8916,0.1963,-0.0181,46.646,-18.537,14.451,3,90
-0.8984,0.1924,0.0288,47.439,-18.232,14.451,3,90
-0.8862,0.1924,0.0327,48.049,-18.659,14.390,3,90
-0.8730,0.1846,0.0161,47.805,-19.268,14.756,3,90
-0.8662,0.1929,-0.0059,47.134,-19.817,15.366,3,90
-0.8770,0.1924,-0.0029,46.341,-20.183,15.427,3,90
-0.1255,-0.6123,0.4575,70.732,41.524,-46.220,1,12
-0.1084,-0.6519,0.4648,79.024,43.780,-47.500,1,12
-0.0933,-0.6851,0.4731,86.585,45.610,-48.720,1,12
-0.0737,-0.7144,0.4761,93.598,48.171,-49.939,1,12
-0.0474,-0.7461,0.4868,99.878,49.939,-51.341,1,12
-0.0127,-0.7837,0.4907,105.305,52.439,-52.805,1,12
0.0166,-0.8115,0.5107,109.939,54.878,-54.634,1,12
0.0596,-0.8408,0.5283,112.988,58.354,-56.037,1,12
0.7725,0.3623,-0.2969,-77.927,-22.317,23.415,2,12
0.7744,0.3662,-0.2925,-77.073,-23.841,23.293,2,12
0.7769,0.3740,-0.2959,-76.463,-25.732,22.866,2,12
0.7720,0.3848,-0.3145,-75.671,-27.744,22.683,2,12
0.7715,0.3911,-0.3145,-73.902,-29.573,22.500,2,12
0.7686,0.3994,-0.3281,-72.317,-31.341,22.317,2,12
0.7651,0.4038,-0.3379,-70.122,-33.232,21.829,2,12
0.7627,0.4087,-0.3467,-68.293,-34.695,21.585,2,12
-0.9727,0.1758,0.0405,36.951,-24.695,13.049,3,90
-0.9819,0.1938,0.0371,36.402,-24.756,12.561,3,90
-0.9824,0.2080,0.0273,36.768,-25.122,11.951,3,90
-0.9893,0.2129,0.0166,36.707,-25.366,11.646,3,90
-0.9902,0.2236,0.0156,38.049,-25.549,11.098,3,90
-0.9883,0.2202,0.0127,38.598,-25.854,10.732,3,90
-0.9922,0.2202,0.0122,40.000,-26.098,10.366,3,90
-1.0010,0.2178,0.0112,41.098,-26.280,10.061,3,90
0.5957,-0.9331,0.7231,89.268,79.573,-74.573,1,12
0.6177,-0.9297,0.7349,82.317,76.220,-75.488,1,12
0.6240,-0.9268,0.7510,75.305,70.488,-74.756,1,12
0.6235,-0.9282,0.7617,67.988,63.659,-72.378,1,12
0.6074,-0.9258,0.7690,61.341,55.061,-69.329,1,12
0.5918,-0.9277,0.7583,55.305,46.402,-65.732,1,12
0.5581,-0.9180,0.7559,49.878,37.378,-62.439,1,12
0.5229,-0.9175,0.7471,44.878,29.695,-59.695,1,12
0.7393,0.4761,-0.3223,-57.683,-46.524,15.244,2,12
0.7495,0.4873,-0.3022,-57.500,-46.829,14.878,2,12
0.7598,0.4907,-0.2930,-58.537,-47.622,14.451,2,12
0.7656,0.5044,-0.2915,-58.354,-48.659,13.902,2,12
0.7729,0.5132,-0.2827,-59.085,-49.451,13.659,2,12
0.7793,0.5205,-0.2876,-59.329,-50.610,13.476,2,12
0.7808,0.5278,-0.2866,-59.756,-51.707,13.049,2,12
0.7783,0.5366,-0.2871,-60.793,-53.110,12.378,2,12
-1.0615,0.1743,0.0708,35.061,-29.695,4.573,3,90
-1.0693,0.1665,0.0684,34.085,-29.939,4.146,3,90
-1.0737,0.1768,0.0708,32.378,-30.793,3.354,3,90
-1.0742,0.1738,0.0610,30.732,-30.915,2.073,3,90
-1.0771,0.1660,0.0449,29.268,-31.037,1.402,3,90
-1.0811,0.1636,0.0308,28.902,-31.463,0.061,3,90
-1.0786,0.1685,0.0425,28.049,-31.220,-0.610,3,90
-1.0806,0.1729,0.0415,27.500,-31.646,-1.585,3,90
0.2139,-0.8237,0.5269,26.524,19.085,-52.927,1,12
0.1968,-0.8188,0.5005,26.524,22.561,-51.951,1,12
0.1802,-0.8081,0.4824,27.012,26.037,-51.159,1,12
0.1738,-0.8081,0.4722,27.561,29.695,-50.061,1,12
0.1631,-0.8125,0.4678,28.780,33.476,-49.024,1,12
0.1646,-0.8091,0.4629,29.756,36.829,-48.110,1,12
0.1704,-0.8062,0.4648,31.159,40.000,-47.683,1,12
0.1816,-0.8125,0.4639,31.768,43.293,-47.256,1,12
0.6719,0.6499,-0.3320,-74.451,-66.037,3.293,2,12
0.6519,0.6621,-0.3384,-76.829,-66.890,2.073,2,12
0.6333,0.6772,-0.3472,-79.634,-66.768,1.524,2,12
0.6167,0.6943,-0.3369,-82.561,-67.317,0.305,2,12
0.5967,0.7100,-0.3560,-85.793,-67.134,0.244,2,12
0.5923,0.7290,-0.3643,-88.780,-67.378,-0.244,2,12
0.5767,0.7393,-0.3682,-91.463,-67.256,-0.366,2,12
0.5728,0.7505,-0.3608,-94.146,-67.439,-0.427,2,12
-0.9932,0.1904,0.1353,16.890,-30.061,-6.646,3,90
-0.9883,0.2031,0.1548,15.427,-29.756,-6.951,3,90
-0.9814,0.2207,0.1587,14.451,-29.756,-7.134,3,90
-0.9673,0.2310,0.1538,12.500,-29.329,-7.439,3,90
-0.9570,0.2271,0.1592,12.317,-28.902,-7.195,3,90
-0.9453,0.2393,0.1646,11.829,-28.110,-7.378,3,90
-0.9336,0.2456,0.1538,11.159,-27.744,-7.500,3,90
-0.9219,0.2568,0.1587,11.341,-27.134,-7.195,3,90
0.3975,-0.7900,0.3765,25.183,51.890,-46.890,1,12
0.4150,-0.7964,0.3755,23.841,51.037,-45.976,1,12
0.4326,-0.7900,0.3701,21.463,49.329,-44.695,1,12
0.4399,-0.7886,0.3594,19.573,48.354,-43.598,1,12
0.4507,-0.7959,0.3418,16.890,47.988,-41.707,1,12
0.4648,-0.7964,0.3481,13.232,47.500,-39.878,1,12
0.4678,-0.8022,0.3491,10.488,47.927,-38.110,1,12
0.4751,-0.8135,0.3433,6.463,48.171,-36.220,1,12
0.5537,0.9121,-0.4243,-106.341,-68.598,1.585,2,12
0.5483,0.9136,-0.4312,-106.098,-69.085,2.012,2,12
0.5522,0.9282,-0.4429,-105.854,-69.756,2.195,2,12
0.5493,0.9365,-0.4619,-104.878,-70.305,2.378,2,12
0.5400,0.9399,-0.4590,-103.476,-70.976,2.805,2,12
0.5352,0.9585,-0.4580,-101.646,-71.585,3.415,2,12
0.5356,0.9595,-0.4624,-100.305,-72.195,3.902,2,12
0.5249,0.9600,-0.4600,-98.049,-72.805,4.329,2,12
-0.8223,0.2500,0.1558,11.098,-23.476,-3.537,3,90
-0.8169,0.2432,0.1445,11.159,-22.988,-2.805,3,90
-0.8193,0.2476,0.1519,9.817,-22.378,-2.805,3,90
-0.8174,0.2520,0.1411,8.537,-22.317,-2.500,3,90
-0.8130,0.2466,0.1426,7.500,-21.829,-2.500,3,90
-0.8105,0.2427,0.1392,6.159,-21.646,-2.622,3,90
-0.8159,0.2305,0.1284,4.939,-21.159,-2.683,3,90
-0.8174,0.2329,0.1230,3.963,-21.159,-2.622,3,90
0.5249,-0.8257,0.2661,-21.463,62.378,-18.293,1,12
0.5283,-0.8369,0.2583,-24.634,62.744,-17.073,1,12
0.5420,-0.8433,0.2456,-27.927,63.293,-16.280,1,12
0.5322,-0.8413,0.2446,-30.976,63.780,-15.183,1,12
0.5293,-0.8413,0.2236,-33.720,64.390,-14.390,1,12
0.5259,-0.8384,0.2212,-35.671,65.183,-13.415,1,12
0.5161,-0.8286,0.2153,-37.561,65.915,-12.866,1,12
0.5103,-0.8330,0.2124,-38.110,67.012,-12.378,1,12
0.4443,0.9639,-0.4292,-78.293,-78.537,12.744,2,12
0.4355,0.9585,-0.4336,-75.549,-79.573,14.024,2,12
0.4258,0.9561,-0.4170,-73.415,-80.000,15.366,2,12
0.4141,0.9487,-0.4224,-71.341,-80.854,16.585,2,12
0.3975,0.9380,-0.4170,-68.659,-81.768,17.927,2,12
0.3936,0.9385,-0.4106,-66.524,-82.317,19.085,2,12
0.3838,0.9155,-0.4180,-64.268,-82.561,20.244,2,12
0.3784,0.9087,-0.4106,-62.622,-82.683,21.524,2,12
-0.8516,0.2588,0.0693,9.695,-16.890,-0.854,3,90
-0.8452,0.2559,0.0542,12.683,-16.585,-0.366,3,90
-0.8438,0.2563,0.0562,15.671,-15.854,0.183,3,90
-0.8350,0.2446,0.0444,18.841,-15.488,0.549,3,90
-0.8276,0.2329,0.0215,21.463,-14.756,0.793,3,90
-0.8223,0.2251,-0.0049,23.902,-14.573,0.915,3,90
-0.8208,0.2178,-0.0088,25.183,-14.146,0.671,3,90
-0.8159,0.2114,-0.0132,26.098,-14.207,0.549,3,90
0.5649,-0.6846,0.2524,-34.939,84.512,-5.061,1,12
0.5830,-0.6587,0.2437,-34.085,85.915,-4.634,1,12
0.5996,-0.6392,0.2334,-33.232,86.951,-4.085,1,12
0.6128,-0.6255,0.2310,-32.012,87.622,-4.085,1,12
0.6260,-0.6089,0.2358,-31.037,88.171,-3.354,1,12
0.6299,-0.6055,0.2412,-29.939,88.598,-2.805,1,12
0.6353,-0.5957,0.2397,-28.841,89.085,-2.683,1,12
0.6440,-0.5811,0.2671,-27.317,89.817,-1.829,1,12
0.2959,0.9316,-0.3687,-47.866,-83.110,32.866,2,12
0.2920,0.9336,-0.3604,-46.707,-82.744,34.207,2,12
0.2866,0.9341,-0.3604,-45.061,-82.866,35.244,2,12
0.2891,0.9287,-0.3501,-42.988,-82.317,36.402,2,12
0.2793,0.9199,-0.3486,-41.098,-81.829,37.622,2,12
0.2632,0.9194,-0.3408,-38.720,-80.976,38.293,2,12
0.2725,0.9121,-0.3481,-36.768,-80.610,38.598,2,12
0.2656,0.9126,-0.3452,-34.390,-80.122,38.963,2,12
-0.8340,0.1299,0.1230,35.671,-6.402,2.439,3,90
-0.8369,0.1035,0.1108,33.598,-6.707,3.415,3,90
-0.8359,0.0757,0.1143,31.768,-6.585,4.268,3,90
-0.8384,0.0796,0.1167,28.598,-6.341,4.207,3,90
-0.8467,0.0864,0.1113,24.573,-6.098,3.659,3,90
-0.8579,0.0928,0.1060,19.390,-6.220,2.988,3,90
-0.8745,0.1182,0.1230,14.085,-6.463,2.012,3,90
-0.8809,0.1299,0.1089,9.512,-6.829,1.098,3,90
0.6816,-0.6011,0.3535,0.671,93.598,8.110,1,12
0.6978,-0.6074,0.3423,2.500,93.415,9.878,1,12
0.7061,-0.6089,0.3325,4.695,93.293,11.585,1,12
0.7100,-0.6138,0.3154,6.037,92.988,12.866,1,12
0.7168,-0.6255,0.2993,7.683,92.439,14.146,1,12
0.7241,-0.6245,0.2827,9.268,92.256,15.000,1,12
0.7402,-0.6211,0.2681,11.037,92.012,15.488,1,12
0.7476,-0.6201,0.2451,13.110,91.951,16.585,1,12
0.2793,0.8389,-0.3281,-21.220,-72.500,43.232,2,12
0.2798,0.8350,-0.3301,-20.000,-71.646,43.902,2,12
0.2720,0.8247,-0.3325,-18.354,-71.220,44.817,2,12
0.2676,0.8311,-0.3354,-16.341,-70.793,45.732,2,12
0.2637,0.8267,-0.3320,-14.817,-70.488,46.341,2,12
0.2646,0.8335,-0.3276,-13.171,-69.939,46.951,2,12
0.2681,0.8252,-0.3164,-12.134,-69.390,47.744,2,12
0.2598,0.8345,-0.3311,-10.305,-68.841,47.500,2,12
-0.8994,0.3291,0.0601,-6.829,-12.683,-4.512,3,90
-0.8984,0.3501,0.0620,-5.244,-13.232,-5.366,3,90
-0.8994,0.3604,0.0630,-2.866,-13.720,-6.280,3,90
-0.8975,0.3643,0.0581,0.061,-14.634,-6.768,3,90
-0.8911,0.3647,0.0591,3.415,-14.756,-7.195,3,90
-0.8843,0.3711,0.0493,7.134,-15.732,-7.683,3,90
-0.8896,0.3667,0.0352,11.280,-16.159,-8.476,3,90
-0.8911,0.3750,0.0439,15.183,-16.951,-8.476,3,90
0.7998,-0.6729,0.3354,10.732,94.573,23.415,1,12
0.7969,-0.6904,0.3735,9.878,95.183,24.573,1,12
0.8052,-0.7075,0.3955,9.329,95.671,25.671,1,12
0.8091,-0.7310,0.4131,8.415,95.488,26.524,1,12
0.8105,-0.7432,0.4448,7.500,95.610,27.561,1,12
0.8154,-0.7490,0.4536,5.732,95.488,28.598,1,12
0.8140,-0.7603,0.4604,4.268,95.122,29.390,1,12
0.8213,-0.7754,0.4609,1.524,93.841,30.671,1,12
0.2886,0.8066,-0.3354,3.354,-57.805,48.293,2,12
0.2778,0.8071,-0.3335,5.000,-56.585,47.866,2,12
0.2822,0.7959,-0.3335,6.707,-55.610,48.049,2,12
0.2900,0.7959,-0.3267,8.232,-54.268,47.988,2,12
0.2886,0.7900,-0.3311,9.207,-53.415,47.744,2,12
0.2896,0.7920,-0.3311,10.366,-52.378,47.500,2,12
0.2886,0.7900,-0.3330,10.854,-51.524,47.317,2,12
0.2944,0.7944,-0.3257,10.915,-50.427,47.073,2,12
-0.9185,0.2305,0.1060,42.195,-18.293,-12.134,3,90
-0.9106,0.2163,0.1299,42.195,-18.232,-12.561,3,90
-0.9082,0.2144,0.1387,41.585,-18.354,-12.439,3,90
-0.9102,0.2061,0.1431,40.793,-18.110,-12.744,3,90
-0.9082,0.2056,0.1504,40.183,-18.049,-12.744,3,90
-0.9102,0.2051,0.1558,38.659,-18.354,-13.049,3,90
-0.9102,0.2085,0.1533,38.354,-17.988,-13.293,3,90
-0.9180,0.2007,0.1558,37.317,-18.171,-13.232,3,90
0.8457,-0.7310,0.4419,-13.537,80.549,32.744,1,12
0.8394,-0.7300,0.4648,-15.427,80.122,32.927,1,12
0.8193,-0.7383,0.4805,-16.220,79.512,33.232,1,12
0.7998,-0.7319,0.4990,-16.829,78.963,34.146,1,12
0.7915,-0.7500,0.5234,-16.524,78.293,34.634,1,12
0.7729,-0.7607,0.5479,-15.915,77.561,35.305,1,12
0.7607,-0.7729,0.5635,-14.817,76.829,36.098,1,12
0.7524,-0.7866,0.5854,-13.293,76.159,36.159,1,12
0.3140,0.8062,-0.3335,10.061,-41.402,44.329,2,12
0.3145,0.8032,-0.3408,8.354,-40.305,44.146,2,12
0.3013,0.8037,-0.3467,7.805,-40.061,44.390,2,12
0.3115,0.8062,-0.3574,6.159,-39.512,44.146,2,12
0.3179,0.7979,-0.3584,5.854,-38.841,44.390,2,12
0.3218,0.8066,-0.3735,5.183,-38.476,44.756,2,12
0.3286,0.8037,-0.3809,6.280,-37.866,45.000,2,12
0.3384,0.8140,-0.4019,7.317,-37.378,44.939,2,12
-0.9404,0.1528,0.1426,28.780,-15.976,-13.659,3,90
-0.9321,0.1523,0.1392,27.378,-15.366,-13.902,3,90
-0.9248,0.1602,0.1401,25.671,-15.061,-13.476,3,90
-0.9199,0.1567,0.1392,23.476,-14.451,-13.232,3,90
-0.9199,0.1533,0.1372,21.768,-13.537,-12.988,3,90
-0.9126,0.1440,0.1406,19.939,-12.805,-12.317,3,90
-0.9121,0.1382,0.1431,18.720,-12.195,-12.073,3,90
-0.9131,0.1240,0.1338,17.866,-11.646,-11.585,3,90
0.7363,-0.8198,0.5918,-10.305,62.256,28.841,1,12
0.7466,-0.8135,0.5674,-10.793,60.854,27.073,1,12
0.7456,-0.8198,0.5581,-11.463,58.780,25.366,1,12
0.7471,-0.8354,0.5376,-11.951,56.768,23.902,1,12
0.7554,-0.8477,0.5220,-13.049,54.756,23.476,1,12
0.7422,-0.8687,0.5220,-13.171,52.744,23.110,1,12
0.7363,-0.8901,0.5361,-13.780,50.732,22.744,1,12
0.7236,-0.9092,0.5430,-13.537,49.878,22.500,1,12
0.3438,0.9307,-0.6362,14.939,-31.524,49.573,2,12
0.3398,0.9277,-0.6606,13.963,-31.098,50.610,2,12
0.3447,0.9165,-0.6748,13.293,-30.732,51.646,2,12
0.3438,0.9053,-0.6948,12.317,-29.878,52.988,2,12
0.3301,0.8931,-0.6938,11.707,-28.415,54.512,2,12
0.3325,0.8843,-0.7065,10.671,-26.951,55.793,2,12
0.3306,0.8770,-0.7095,9.878,-25.305,57.622,2,12
0.3301,0.8643,-0.7163,9.634,-23.598,59.573,2,12
-0.9507,0.0527,0.1401,3.963,-2.561,-7.805,3,90
-0.9517,0.0640,0.1436,1.220,-1.890,-7.317,3,90
-0.9482,0.0771,0.1450,-1.098,-0.854,-7.317,3,90
-0.9414,0.0894,0.1431,-2.866,-0.244,-7.073,3,90
-0.9355,0.1045,0.1445,-4.329,0.183,-6.890,3,90
-0.9341,0.1167,0.1499,-5.732,0.915,-7.073,3,90
-0.9248,0.1304,0.1396,-7.195,1.585,-6.829,3,90
-0.9111,0.1372,0.1357,-7.805,2.378,-6.524,3,90
0.6943,-0.9976,0.6021,-7.561,44.451,20.854,1,12
0.6938,-0.9971,0.5884,-8.780,42.683,19.878,1,12
0.6870,-0.9932,0.5771,-9.878,40.793,18.415,1,12
0.7007,-0.9932,0.5713,-11.524,38.171,16.951,1,12
0.6982,-0.9844,0.5532,-13.049,36.037,15.244,1,12
0.7012,-0.9800,0.5361,-14.329,33.720,13.902,1,12
0.7007,-0.9707,0.5298,-15.488,31.524,12.317,1,12
0.7031,-0.9668,0.5186,-16.402,29.695,10.976,1,12
0.3213,0.8750,-0.7305,2.500,-6.341,72.378,2,12
0.3120,0.8843,-0.7271,2.500,-4.207,73.110,2,12
0.3115,0.8945,-0.7271,2.622,-2.256,73.963,2,12
0.3164,0.9033,-0.7173,2.500,-0.427,74.817,2,12
0.3242,0.9092,-0.7026,2.744,1.341,75.549,2,12
0.3247,0.9150,-0.6968,2.866,2.988,76.402,2,12
0.3286,0.9297,-0.6924,3.780,4.207,77.195,2,12
0.3359,0.9385,-0.6694,4.939,5.732,78.232,2,12
-0.8931,0.1650,0.2144,14.573,8.720,0.732,3,90
-0.8911,0.1738,0.2407,18.415,10.000,3.171,3,90
-0.8896,0.1714,0.2354,21.341,10.549,5.061,3,90
-0.8882,0.1421,0.2407,22.500,10.244,7.195,3,90
-0.8970,0.1426,0.2529,21.646,8.720,9.207,3,90
-0.9219,0.1646,0.2813,17.744,6.707,10.244,3,90
-0.9648,0.1929,0.3013,10.732,5.183,10.732,3,90
-1.0137,0.2236,0.3101,2.866,3.963,11.037,3,90
0.6401,-0.9272,0.5366,-18.720,20.244,11.098,1,12
0.6353,-0.9277,0.5337,-19.024,20.000,11.463,1,12
0.6333,-0.9292,0.5278,-18.659,19.451,12.561,1,12
0.6309,-0.9346,0.5347,-18.720,18.476,13.049,1,12
0.6230,-0.9360,0.5259,-19.024,17.988,14.024,1,12
0.6196,-0.9399,0.5039,-19.817,17.073,14.695,1,12
0.6162,-0.9492,0.4775,-21.341,16.341,15.000,1,12
0.6162,-0.9536,0.4648,-21.829,15.976,15.183,1,12
0.3784,0.9839,-0.5503,17.256,10.305,85.366,2,12
0.3838,0.9863,-0.5479,19.024,10.244,85.915,2,12
0.3794,0.9927,-0.5596,20.610,10.244,86.646,2,12
0.3730,0.9878,-0.5630,22.378,10.244,87.195,2,12
0.3667,0.9839,-0.5850,24.329,9.817,87.439,2,12
0.3496,0.9844,-0.5972,26.341,9.817,87.378,2,12
0.3345,0.9785,-0.6206,28.354,9.390,87.622,2,12
0.3164,0.9883,-0.6318,30.488,9.573,87.805,2,12
-1.3945,0.2036,0.2432,-44.268,0.427,4.695,3,90
-1.3799,0.1904,0.2354,-46.037,0.976,3.354,3,90
-1.3540,0.1670,0.2349,-48.659,2.195,1.341,3,90
-1.3149,0.1270,0.2227,-50.000,2.622,-0.793,3,90
-1.2676,0.1089,0.1875,-50.000,4.268,-3.171,3,90
-1.2197,0.0991,0.1587,-48.720,5.854,-4.268,3,90
-1.1685,0.0840,0.1313,-47.622,6.829,-5.244,3,90
-1.1240,0.0630,0.1367,-45.061,7.073,-5.488,3,90
0.5815,-1.0264,0.4863,-33.354,10.549,14.146,1,12
0.5835,-1.0244,0.4780,-33.841,10.122,14.390,1,12
0.5840,-1.0176,0.4756,-33.720,9.695,14.390,1,12
0.5952,-1.0103,0.4834,-33.963,9.451,14.695,1,12
0.6079,-1.0059,0.4863,-33.902,8.537,15.488,1,12
0.6157,-0.9956,0.4858,-34.390,8.232,15.976,1,12
0.6260,-0.9824,0.4878,-35.000,7.561,16.646,1,12
0.6387,-0.9688,0.4790,-35.793,7.317,16.890,1,12
0.1655,0.9619,-0.7241,40.854,21.951,84.512,2,12
0.1543,0.9604,-0.7378,41.402,24.451,83.720,2,12
0.1479,0.9648,-0.7349,42.073,27.134,83.049,2,12
0.1470,0.9683,-0.7383,42.622,29.756,82.317,2,12
0.1377,0.9658,-0.7461,43.171,32.134,81.341,2,12
0.1475,0.9722,-0.7373,44.390,34.573,80.488,2,12
0.1411,0.9795,-0.7280,45.915,37.012,79.695,2,12
0.1436,0.9971,-0.7168,47.683,39.085,78.841,2,12
-0.9971,-0.0938,0.0127,-22.195,13.659,-3.537,3,90
-0.9961,-0.0884,0.0073,-20.671,14.024,-3.232,3,90
-1.0039,-0.0889,0.0283,-17.073,15.244,-2.012,3,90
-1.0151,-0.0835,0.0513,-16.524,15.244,-1.463,3,90
-1.0190,-0.0757,0.0742,-16.280,16.098,-0.183,3,90
-1.0391,-0.0737,0.1074,-17.500,17.256,1.768,3,90
-1.0435,-0.0942,0.1016,-19.207,18.049,3.049,3,90
-1.0596,-0.1157,0.1069,-21.829,18.598,4.085,3,90
0.7939,-0.7793,0.4917,-22.317,-0.671,26.159,1,12
0.8179,-0.7554,0.4922,-18.171,-1.951,28.720,1,12
0.8340,-0.7310,0.5044,-13.476,-3.354,31.341,1,12
0.8462,-0.7197,0.5010,-8.659,-5.061,34.207,1,12
0.8706,-0.7148,0.5063,-3.293,-6.829,36.951,1,12
0.8784,-0.7007,0.4941,1.646,-8.598,40.000,1,12
0.9058,-0.7026,0.4819,9.451,-11.037,44.512,1,12
0.9165,-0.7100,0.4819,14.695,-12.805,47.744,1,12
0.1260,1.0703,-0.6670,66.280,52.317,66.585,2,12
0.1323,1.0742,-0.6641,68.232,53.841,64.695,2,12
0.1304,1.0664,-0.6660,70.427,55.061,62.378,2,12
0.1387,1.0718,-0.6602,72.195,56.768,60.305,2,12
0.1401,1.0815,-0.6636,74.085,57.866,58.110,2,12
0.1519,1.0732,-0.6523,75.183,59.085,55.854,2,12
0.1606,1.0757,-0.6509,76.402,59.756,53.598,2,12
0.1724,1.0801,-0.6519,77.988,61.037,51.037,2,12
-1.1489,-0.1924,0.1689,-56.707,29.817,3.537,3,90
-1.1323,-0.2109,0.1411,-59.146,30.793,3.476,3,90
-1.1279,-0.2012,0.1206,-60.305,31.951,2.744,3,90
-1.1245,-0.1831,0.0947,-62.500,32.988,1.768,3,90
-1.1201,-0.1509,0.0732,-63.902,34.146,0.610,3,90
-1.1392,-0.1196,0.0913,-65.000,35.244,-0.732,3,90
-1.1333,-0.0781,0.1216,-66.707,36.037,-1.159,3,90
-1.1226,-0.0527,0.1313,-69.329,35.793,-0.671,3,90
0.9990,-0.8853,0.4175,47.500,-27.012,67.988,1,12
1.0049,-0.9136,0.4214,48.537,-28.476,69.024,1,12
1.0200,-0.9448,0.4370,48.354,-29.451,70.000,1,12
1.0410,-0.9692,0.4526,47.622,-31.098,70.366,1,12
1.0581,-0.9980,0.4692,45.793,-32.073,70.366,1,12
1.0757,-1.0269,0.4795,42.317,-33.659,70.427,1,12
1.0952,-1.0532,0.4814,38.049,-35.244,70.488,1,12
1.1162,-1.0806,0.4858,33.476,-37.256,70.000,1,12
0.2651,1.1636,-0.6670,87.805,64.451,28.415,2,12
0.2729,1.1865,-0.6812,89.390,65.000,25.976,2,12
0.2866,1.1982,-0.6924,90.854,64.939,23.537,2,12
0.2915,1.2148,-0.7061,92.500,65.061,20.549,2,12
0.3047,1.2271,-0.7021,94.268,65.610,17.561,2,12
0.3135,1.2510,-0.7075,95.793,65.915,15.000,2,12
0.3325,1.2686,-0.7056,97.927,66.341,11.524,2,12
0.3413,1.2886,-0.7139,99.939,66.524,8.293,2,12
-1.1899,0.0542,0.0366,-99.878,34.024,-5.244,3,90
-1.1948,-0.0352,-0.0503,-99.451,35.610,-7.805,3,90
-1.1860,-0.1255,-0.1118,-99.390,37.378,-11.951,3,90
-1.1641,-0.1855,-0.1489,-100.122,38.598,-16.829,3,90
-1.1333,-0.1909,-0.1333,-99.756,38.780,-21.220,3,90
-1.1064,-0.1045,-0.0776,-98.232,38.171,-24.329,3,90
-1.0923,0.0654,0.0122,-97.317,37.134,-25.000,3,90
-1.0903,0.2773,0.1206,-97.744,36.159,-24.268,3,90
1.4956,-1.1733,0.2793,-13.049,-63.049,63.110,1,12
1.5615,-1.1353,0.2500,-16.890,-65.671,60.915,1,12
1.6357,-1.0996,0.2461,-20.793,-68.415,58.963,1,12
1.7173,-1.0527,0.2148,-23.841,-71.524,56.707,1,12
1.8027,-1.0063,0.2031,-26.707,-74.695,55.000,1,12
1.9395,-0.9443,0.1729,-29.756,-80.427,52.866,1,12
2.0298,-0.8994,0.1475,-30.732,-84.268,51.341,1,12
2.1294,-0.8628,0.1211,-29.939,-89.268,49.695,1,12
0.4937,1.4502,-0.6724,127.988,60.366,-20.793,2,12
0.5132,1.4443,-0.6724,131.524,58.598,-24.695,2,12
0.5269,1.4468,-0.6753,135.549,56.890,-27.805,2,12
0.5444,1.4380,-0.6758,139.146,55.061,-31.159,2,12
0.5615,1.4399,-0.6660,142.256,53.354,-34.512,2,12
0.5752,1.4277,-0.6455,144.634,51.768,-37.805,2,12
0.5825,1.4121,-0.6377,146.280,49.878,-41.463,2,12
0.5942,1.3955,-0.6191,147.012,47.744,-44.451,2,12
-0.9990,0.5991,0.4023,-71.463,26.890,0.976,3,90
-0.9873,0.5532,0.3745,-66.098,26.585,-0.244,3,90
-0.9834,0.5229,0.3574,-61.159,26.402,-1.280,3,90
-0.9893,0.5156,0.3545,-57.012,26.707,-2.500,3,90
-0.9976,0.5322,0.3691,-53.476,26.280,-4.146,3,90
-1.0049,0.5601,0.3833,-50.244,25.915,-5.549,3,90
-1.0000,0.5811,0.3799,-47.439,25.671,-6.159,3,90
-1.0044,0.6001,0.3965,-45.183,25.244,-6.524,3,90
2.7246,-0.7676,0.2144,23.049,-119.085,73.354,1,12
2.7871,-0.7617,0.3130,28.720,-118.780,75.610,1,12
2.8398,-0.7744,0.4302,31.159,-119.024,76.159,1,12
2.8970,-0.7803,0.5610,30.122,-119.207,74.817,1,12
2.9712,-0.7998,0.7051,24.390,-119.451,71.890,1,12
3.0566,-0.8188,0.8428,15.671,-120.854,66.768,1,12
3.1787,-0.8374,0.9961,4.390,-124.207,59.329,1,12
3.3037,-0.8354,1.1602,-9.146,-129.268,51.402,1,12
0.5684,1.2651,-0.6675,169.451,24.512,-67.927,2,12
0.5522,1.2437,-0.6592,172.256,22.500,-69.878,2,12
0.5381,1.2310,-0.6699,176.098,19.939,-71.707,2,12
0.5337,1.2070,-0.6611,179.573,17.622,-73.720,2,12
0.5303,1.1807,-0.6675,184.024,15.427,-75.183,2,12
0.5293,1.1479,-0.6494,188.659,13.537,-76.585,2,12
0.5356,1.1270,-0.6445,193.598,11.829,-77.744,2,12
0.5479,1.0903,-0.6377,197.866,10.183,-79.268,2,12
-0.9121,0.4570,0.3057,-1.037,25.793,-0.488,3,90
-0.8784,0.4282,0.3008,1.707,25.671,-0.610,3,90
-0.8599,0.4072,0.3013,3.476,25.122,-0.244,3,90
-0.8232,0.3760,0.2886,4.512,24.573,-0.549,3,90
-0.8037,0.3462,0.2778,4.146,23.720,-0.488,3,90
-0.7827,0.3101,0.2422,3.049,22.744,0.000,3,90
-0.7622,0.2705,0.2373,-0.244,21.890,0.244,3,90
-0.7559,0.2290,0.2124,-3.293,21.524,0.244,3,90
4.3623,0.2334,1.6382,-91.707,-227.012,-11.707,1,12
4.3306,0.4985,1.6050,-81.829,-240.122,-10.732,1,12
4.2661,0.7671,1.5684,-67.195,-250.854,-7.622,1,12
4.1772,1.0259,1.5518,-48.720,-259.329,-3.354,1,12
3.9927,1.3428,1.5156,-14.573,-265.671,4.512,1,12
3.8545,1.4751,1.4971,10.122,-265.549,10.854,1,12
3.6958,1.5347,1.4771,35.427,-262.622,16.951,1,12
3.5322,1.5190,1.4482,60.366,-256.890,22.988,1,12
0.9922,0.5898,-0.3267,201.037,0.366,-70.854,2,12
1.0879,0.5298,-0.3062,200.915,-0.671,-67.439,2,12
1.1919,0.4775,-0.2935,200.854,-1.585,-63.720,2,12
1.3032,0.4131,-0.2715,200.000,-2.500,-59.634,2,12
1.4033,0.3579,-0.2446,198.780,-3.232,-54.817,2,12
1.4897,0.3071,-0.2329,197.622,-3.659,-49.817,2,12
1.5718,0.2554,-0.2324,196.220,-4.329,-44.695,2,12
1.6470,0.2104,-0.2075,194.939,-4.573,-39.390,2,12
-0.7144,0.0249,0.0264,-26.402,25.305,0.976,3,90
-0.7339,0.0093,0.0171,-29.695,26.098,1.402,3,90
-0.7529,-0.0083,0.0137,-33.049,26.829,0.854,3,90
-0.7793,-0.0225,0.0039,-36.524,27.866,0.976,3,90
-0.8027,-0.0449,-0.0054,-40.854,27.927,0.915,3,90
-0.8140,-0.0703,-0.0303,-44.634,28.415,1.524,3,90
-0.8335,-0.0869,-0.0303,-48.476,28.659,1.646,3,90
-0.8604,-0.0850,-0.0176,-52.805,29.207,1.707,3,90
3.0034,0.0454,2.2827,26.463,-167.073,58.232,1,12
2.9575,-0.0732,2.4033,-17.988,-166.951,62.744,1,12
2.8789,-0.1333,2.5142,-65.244,-166.829,68.354,1,12
2.8032,-0.1289,2.5820,-115.549,-167.805,74.268,1,12
2.8135,-0.0479,2.5386,-168.720,-170.061,80.732,1,12
2.9395,-0.6240,1.3267,-230.427,-176.768,84.451,1,12
1.3818,-2.5635,-0.1821,-349.207,-209.207,147.317,1,12
0.7505,-2.3252,3.9727,-446.524,-246.585,237.317,1,12
1.2412,0.0078,0.0039,161.280,1.341,-10.427,2,12
1.1611,-0.0029,0.0439,155.915,3.598,-7.744,2,12
1.0859,-0.0234,0.1138,148.659,6.098,-5.244,2,12
1.0059,-0.0635,0.1802,140.488,8.537,-2.378,2,12
0.9224,-0.1060,0.2344,132.012,11.463,0.183,2,12
0.8623,-0.1611,0.2837,124.817,14.268,2.805,2,12
0.7920,-0.2065,0.3447,118.476,17.134,5.976,2,12
0.7368,-0.2539,0.3945,111.524,19.939,9.451,2,12
-0.9297,0.0239,0.0303,-77.134,27.195,7.866,3,90
-0.9316,0.0557,0.0054,-76.098,27.073,8.902,3,90
-0.9326,0.0879,-0.0215,-75.427,26.402,9.939,3,90
-0.9419,0.1001,-0.0454,-73.598,25.976,11.220,3,90
-0.9443,0.1118,-0.0469,-71.524,26.098,11.707,3,90
-0.9473,0.1289,-0.0649,-70.305,25.915,12.012,3,90
-0.9507,0.1333,-0.0825,-68.476,26.037,11.646,3,90
-0.9458,0.1279,-0.0908,-65.915,25.976,11.890,3,90
-5.0635,-2.7720,1.7803,14.329,-354.878,132.988,1,12
-2.9463,-2.6938,1.1895,39.024,-499.573,117.317,1,12
-1.5562,-2.7202,0.2642,-154.695,-420.000,64.329,1,12
-1.6953,-3.2393,1.7891,-298.902,-99.756,-95.671,1,12
-2.3003,-2.7856,1.9736,-206.341,-110.610,-99.268,1,12
-4.2354,-2.3413,2.1816,-66.524,-127.988,-118.841,1,12
-6.4712,-2.2520,1.7222,-10.793,-23.537,-67.683,1,12
-6.4878,-2.6123,2.0747,-15.549,138.902,-64.878,1,12
0.3013,-0.8926,0.5723,62.256,37.744,34.451,2,12
0.2690,-0.9282,0.5820,65.183,37.195,35.061,2,12
0.2344,-0.9780,0.6187,66.463,37.378,35.305,2,12
0.2012,-1.0166,0.6353,66.220,37.317,35.244,2,12
0.1816,-1.0581,0.6333,64.634,37.195,34.634,2,12
0.1660,-1.1035,0.6025,63.293,36.159,34.329,2,12
0.1729,-1.1387,0.5591,62.866,34.634,34.146,2,12
0.1714,-1.1660,0.5400,62.866,32.988,33.841,2,12
0.1846,-1.1846,0.4990,62.622,31.707,33.841,2,12
0.1953,-1.1963,0.4658,60.488,30.915,33.780,2,12
0.2134,-1.2080,0.4233,58.232,30.244,33.598,2,12
0.2319,-1.2158,0.3774,55.854,29.756,33.293,2,12
0.2383,-1.2109,0.3408,54.268,28.720,32.622,2,12
0.2510,-1.2002,0.2925,52.500,27.561,32.195,2,12
0.2588,-1.1909,0.2573,50.549,25.488,31.280,2,12
0.2632,-1.1792,0.2021,48.049,23.354,29.817,2,12
-0.7964,0.2373,-0.0054,-5.183,17.988,11.341,3,90
-0.7783,0.2373,-0.0010,-4.024,17.439,11.646,3,90
-0.7671,0.2427,0.0015,-1.341,16.341,12.805,3,90
-0.7446,0.2544,-0.0244,0.671,15.000,13.841,3,90
-0.7373,0.2681,-0.0396,2.622,13.598,14.878,3,90
-0.7349,0.2969,-0.0586,5.366,12.317,15.549,3,90
-0.7295,0.3198,-0.0752,10.854,10.427,16.280,3,90
-0.7256,0.3418,-0.0732,14.451,9.756,16.707,3,90
-0.7173,0.3501,-0.0786,18.598,8.963,17.683,3,90
-0.7036,0.3486,-0.1162,21.890,7.622,18.293,3,90
-0.6772,0.3438,-0.1450,25.000,6.098,19.146,3,90
-0.6616,0.3301,-0.1758,27.927,4.268,19.939,3,90
-0.6479,0.3301,-0.1797,30.915,2.866,19.939,3,90
-0.6338,0.3271,-0.2002,32.683,1.037,19.634,3,90
-0.6216,0.3237,-0.1978,35.427,-0.732,19.390,3,90
-0.6230,0.3130,-0.2168,37.561,-2.134,19.146,3,90
0.4961,-0.9443,-0.0034,150.427,59.085,-48.476,1,12
0.4858,-1.0571,0.0068,154.939,58.902,-47.134,1,12
0.5063,-1.2793,0.0308,159.878,61.280,-43.841,1,12
0.4775,-1.5278,0.0620,158.049,67.866,-37.073,1,12
1.1152,-2.3350,0.2803,156.402,73.293,-48.537,1,12
0.7192,-2.1274,0.2129,146.768,82.988,-36.341,1,12
0.6694,-2.3315,0.2876,137.317,88.902,-29.756,1,12
0.6104,-2.4619,0.3901,124.085,93.415,-26.341,1,12
0.1763,-1.0591,-0.2485,-37.256,-14.634,-2.256,2,12
0.1621,-1.0728,-0.2900,-55.000,-13.537,-6.646,2,12
0.1655,-1.0908,-0.3306,-68.963,-13.049,-10.671,2,12
0.1997,-1.0913,-0.3901,-78.902,-12.805,-14.085,2,12
0.2227,-1.0664,-0.4277,-87.134,-13.232,-17.500,2,12
0.2739,-1.0352,-0.4536,-94.390,-13.720,-20.183,2,12
0.3252,-0.9985,-0.4590,-101.646,-13.963,-23.049,2,12
0.3584,-0.9580,-0.4692,-109.695,-14.512,-26.220,2,12
-0.7334,0.1333,-0.2471,80.244,-10.671,21.585,3,90
-0.7529,0.0928,-0.2549,83.476,-11.159,22.256,3,90
-0.7710,0.0615,-0.2432,86.463,-11.159,22.683,3,90
-0.7866,0.0322,-0.2378,88.841,-11.707,23.171,3,90
-0.7993,0.0049,-0.2437,90.976,-11.524,23.659,3,90
-0.8086,-0.0088,-0.2549,92.561,-11.829,24.207,3,90
-0.8286,-0.0278,-0.2402,93.537,-11.707,25.122,3,90
-0.8335,-0.0205,-0.2412,94.085,-11.646,25.732,3,90
0.4932,-2.0698,0.5591,7.561,62.439,20.488,1,12
0.4575,-1.9214,0.5552,1.890,51.524,9.817,1,12
0.4111,-1.8013,0.4858,-7.988,43.598,-3.780,1,12
0.3252,-1.6953,0.4194,-17.988,37.073,-17.012,1,12
0.2329,-1.6460,0.3765,-25.610,31.341,-26.402,1,12
0.1431,-1.6313,0.3149,-29.756,28.780,-31.768,1,12
0.0542,-1.6182,0.2871,-33.293,29.268,-34.756,1,12
-0.0093,-1.6318,0.2817,-38.354,32.500,-36.280,1,12
0.5830,-0.4287,-0.4067,-161.585,-18.963,-66.524,2,12
0.6079,-0.3691,-0.3926,-165.549,-19.634,-72.012,2,12
0.6250,-0.3149,-0.3765,-168.354,-20.122,-76.890,2,12
0.6509,-0.2583,-0.3735,-170.427,-21.037,-82.012,2,12
0.6650,-0.2090,-0.3569,-171.220,-21.646,-86.646,2,12
0.6772,-0.1431,-0.3521,-171.646,-22.866,-91.585,2,12
0.6782,-0.0884,-0.3525,-170.732,-23.902,-96.585,2,12
0.6821,-0.0244,-0.3545,-169.939,-24.939,-101.402,2,12
-0.9858,0.0386,-0.0010,87.195,-11.585,30.122,3,90
-1.0073,0.0591,0.0039,85.366,-11.280,30.061,3,90
-1.0249,0.0923,0.0430,84.634,-10.915,29.939,3,90
-1.0386,0.1187,0.0610,83.110,-11.341,29.939,3,90
-1.0508,0.1509,0.0767,81.037,-11.890,29.878,3,90
-1.0625,0.1738,0.0913,78.598,-12.439,29.634,3,90
-1.0767,0.1909,0.1182,75.793,-13.598,29.512,3,90
-1.0801,0.2134,0.1362,72.805,-14.207,28.902,3,90
-0.3408,-1.4312,1.0161,-114.634,27.866,-36.829,1,12
-0.3569,-1.4043,1.0024,-110.915,21.829,-37.256,1,12
-0.4072,-1.3281,0.9370,-92.378,3.537,-39.329,1,12
-0.4351,-1.2700,0.8813,-77.195,-7.805,-40.183,1,12
-0.4585,-1.2256,0.8223,-61.220,-17.744,-41.341,1,12
-0.4888,-1.1816,0.7642,-45.915,-27.134,-42.012,1,12
-0.5215,-1.1475,0.6909,-32.134,-34.390,-43.232,1,12
-0.5405,-1.1284,0.6245,-21.341,-39.329,-44.268,1,12
0.5137,0.5352,-0.2417,-172.439,-35.671,-132.195,2,12
0.5063,0.5864,-0.2368,-174.024,-37.317,-132.195,2,12
0.4976,0.6265,-0.2222,-175.976,-38.780,-131.890,2,12
0.4907,0.6655,-0.2168,-178.232,-40.061,-131.280,2,12
0.4912,0.7012,-0.2178,-180.061,-41.524,-130.183,2,12
0.4937,0.7256,-0.2183,-181.159,-42.866,-129.329,2,12
0.5049,0.7529,-0.2124,-182.012,-45.061,-127.683,2,12
0.5073,0.7720,-0.2095,-183.232,-47.317,-126.463,2,12
-1.0371,0.4390,0.2578,56.402,-17.134,22.622,3,90
-1.0249,0.4629,0.2661,56.280,-17.134,21.707,3,90
-1.0059,0.4604,0.2617,55.793,-17.439,21.951,3,90
-0.9946,0.4565,0.2578,56.098,-17.805,21.951,3,90
-0.9912,0.4600,0.2539,56.098,-17.988,21.890,3,90
-0.9937,0.4609,0.2524,56.037,-18.049,21.707,3,90
-1.0054,0.4634,0.2671,55.732,-18.049,20.915,3,90
-1.0103,0.4575,0.2788,54.634,-18.232,20.305,3,90
-0.3232,-1.1309,0.4702,13.049,35.549,-37.988,1,12
-0.2607,-1.1343,0.4990,14.085,45.732,-37.622,1,12
-0.1997,-1.1240,0.5308,13.902,53.780,-37.439,1,12
-0.1519,-1.1211,0.5479,13.293,59.512,-37.561,1,12
-0.1094,-1.1094,0.5752,11.707,62.561,-38.049,1,12
-0.0693,-1.1123,0.6001,10.305,63.293,-38.293,1,12
-0.0327,-1.1064,0.6201,7.866,61.402,-38.659,1,12
-0.0093,-1.0947,0.6313,6.280,57.805,-38.963,1,12
0.5386,0.6992,-0.2520,-173.293,-66.463,-116.829,2,12
0.5371,0.6826,-0.2583,-170.915,-67.256,-115.671,2,12
0.5474,0.6665,-0.2588,-169.268,-67.683,-114.878,2,12
0.5693,0.6450,-0.2471,-167.988,-67.622,-114.207,2,12
0.5796,0.6396,-0.2446,-167.622,-67.866,-113.415,2,12
0.6025,0.6270,-0.2407,-167.134,-67.317,-113.110,2,12
0.6118,0.6274,-0.2266,-167.012,-67.073,-112.500,2,12
0.6123,0.6313,-0.2134,-167.134,-66.463,-111.890,2,12
-1.2017,0.2310,0.1523,43.293,-20.915,12.927,3,90
-1.1973,0.2212,0.1357,42.378,-20.976,11.585,3,90
-1.1934,0.2080,0.1196,41.524,-20.854,10.671,3,90
-1.1924,0.1963,0.1113,40.549,-21.220,9.573,3,90
-1.1807,0.1826,0.0913,39.390,-21.341,8.171,3,90
-1.1694,0.1758,0.0796,38.293,-21.707,7.195,3,90
-1.1499,0.1631,0.0620,37.134,-21.768,6.037,3,90
-1.1411,0.1646,0.0513,35.976,-22.134,5.366,3,90
-0.0171,-0.9067,0.6104,-5.854,17.988,-37.317,1,12
-0.0327,-0.8745,0.6104,-4.756,19.024,-35.793,1,12
-0.0483,-0.8540,0.6074,-3.354,20.366,-33.902,1,12
-0.0586,-0.8276,0.6045,-0.854,22.500,-31.585,1,12
-0.0723,-0.8062,0.6060,1.646,25.183,-28.537,1,12
-0.0796,-0.7974,0.5840,5.366,27.500,-25.305,1,12
-0.0928,-0.7871,0.5767,8.720,30.427,-21.890,1,12
-0.0962,-0.7900,0.5640,12.195,32.378,-18.415,1,12
0.5498,0.7183,-0.1367,-172.012,-67.805,-110.366,2,12
0.5396,0.7329,-0.1289,-171.280,-67.439,-110.610,2,12
0.5337,0.7476,-0.1201,-170.000,-67.195,-110.854,2,12
0.5249,0.7603,-0.1250,-168.720,-67.256,-111.098,2,12
0.5259,0.7749,-0.1250,-167.256,-66.768,-111.402,2,12
0.5176,0.7866,-0.1138,-166.037,-66.341,-111.951,2,12
0.5132,0.7993,-0.1235,-164.451,-66.341,-112.012,2,12
0.5107,0.8081,-0.1309,-162.866,-66.341,-112.927,2,12
-1.0171,0.2065,0.0444,37.866,-22.012,1.707,3,90
-1.0083,0.2051,0.0449,38.963,-22.134,1.890,3,90
-0.9951,0.1978,0.0527,40.610,-22.134,2.012,3,90
-0.9780,0.2026,0.0684,41.768,-21.829,2.683,3,90
-0.9604,0.2002,0.0781,41.768,-21.585,2.744,3,90
-0.9468,0.2017,0.0796,41.159,-21.463,3.476,3,90
-0.9238,0.2012,0.0649,40.488,-21.402,3.537,3,90
-0.9180,0.2109,0.0693,40.610,-21.037,4.024,3,90
-0.0439,-0.8687,0.4448,45.427,55.732,-2.256,1,12
-0.0186,-0.8726,0.4331,48.598,58.110,-2.317,1,12
0.0107,-0.8740,0.4180,51.159,59.817,-2.683,1,12
0.0347,-0.8701,0.4063,52.866,61.280,-2.378,1,12
0.0576,-0.8667,0.3994,54.207,62.500,-2.622,1,12
0.0815,-0.8799,0.3911,54.695,63.293,-2.012,1,12
0.1035,-0.8784,0.3828,55.122,63.659,-2.012,1,12
0.1250,-0.8887,0.3818,55.183,63.963,-1.646,1,12
0.4795,0.8569,-0.1152,-140.610,-64.695,-115.244,2,12
0.4746,0.8564,-0.1211,-136.890,-64.268,-115.854,2,12
0.4731,0.8604,-0.1143,-133.110,-64.817,-115.732,2,12
0.4683,0.8701,-0.1270,-129.268,-65.000,-115.732,2,12
0.4570,0.8726,-0.1440,-124.268,-65.976,-115.976,2,12
0.4551,0.8867,-0.1543,-119.634,-66.341,-115.671,2,12
0.4409,0.8984,-0.1724,-115.183,-67.195,-115.488,2,12
0.4341,0.9058,-0.1748,-110.915,-68.415,-115.488,2,12
-0.8477,0.3179,0.0439,48.537,-17.622,7.195,3,90
-0.8408,0.3271,0.0308,50.488,-17.256,7.561,3,90
-0.8325,0.3447,0.0273,52.927,-17.012,8.171,3,90
-0.8247,0.3457,0.0356,55.854,-16.341,8.841,3,90
-0.8208,0.3438,0.0288,58.415,-16.280,9.268,3,90
-0.8145,0.3477,0.0034,60.732,-16.037,9.634,3,90
-0.8037,0.3472,0.0103,63.598,-15.915,10.000,3,90
-0.8140,0.3408,-0.0039,66.524,-15.549,10.671,3,90
0.2319,-1.0112,0.3413,39.512,64.146,2.012,1,12
0.2539,-1.0205,0.3398,35.183,65.061,1.707,1,12
0.2573,-1.0327,0.3364,30.000,66.159,1.037,1,12
0.2710,-1.0449,0.3374,24.268,67.561,0.427,1,12
0.2769,-1.0649,0.3418,18.354,69.146,-0.610,1,12
0.2915,-1.0654,0.3433,11.768,71.463,-1.890,1,12
0.3003,-1.0640,0.3506,5.427,73.537,-3.232,1,12
0.3213,-1.0640,0.3662,-1.280,75.793,-4.573,1,12
0.3340,-1.0659,0.3828,-8.354,78.232,-6.159,1,12
0.3545,-1.0610,0.3975,-15.793,80.671,-7.561,1,12
0.3809,-1.0581,0.3965,-22.927,82.988,-9.085,1,12
0.4028,-1.0444,0.3965,-29.268,84.939,-10.305,1,12
0.4341,-1.0327,0.3862,-35.671,86.585,-11.829,1,12
0.4512,-1.0234,0.3809,-40.671,87.927,-12.927,1,12
0.4736,-1.0059,0.3765,-44.756,89.146,-14.085,1,12
0.5049,-0.9873,0.3726,-48.171,89.817,-14.695,1,12
0.3711,0.9956,-0.3896,-39.390,-85.915,-94.695,2,12
0.3750,1.0215,-0.4004,-36.037,-86.463,-93.476,2,12
0.3750,1.0464,-0.4033,-33.841,-87.622,-92.012,2,12
0.3652,1.0625,-0.4185,-31.524,-89.146,-90.061,2,12
0.3579,1.0938,-0.4336,-30.000,-90.244,-87.805,2,12
0.3442,1.1167,-0.4609,-28.110,-91.829,-85.549,2,12
0.3374,1.1279,-0.4834,-27.256,-92.927,-82.683,2,12
0.3179,1.1431,-0.5078,-26.220,-93.841,-79.634,2,12
-0.7778,0.2217,-0.0215,77.927,-10.122,14.512,3,90
-0.7681,0.2368,-0.0439,77.256,-10.244,14.573,3,90
-0.7739,0.2368,-0.0742,76.037,-10.244,14.329,3,90
-0.7725,0.2344,-0.1021,75.366,-9.817,14.512,3,90
-0.7739,0.2227,-0.1304,75.183,-9.817,14.268,3,90
-0.7827,0.2271,-0.1299,75.488,-9.695,13.720,3,90
-0.7788,0.2349,-0.1353,75.488,-9.512,12.561,3,90
-0.7866,0.2432,-0.1299,74.939,-9.878,12.134,3,90
0.6338,-0.7988,0.3809,-55.061,97.378,-11.220,1,12
0.6528,-0.7803,0.3833,-52.744,98.171,-10.610,1,12
0.6641,-0.7627,0.3721,-49.512,99.817,-9.817,1,12
0.6772,-0.7505,0.3828,-45.671,101.159,-9.146,1,12
0.6763,-0.7417,0.3828,-41.890,102.927,-8.720,1,12
0.6875,-0.7368,0.3828,-37.744,104.268,-8.537,1,12
0.7002,-0.7285,0.3901,-33.902,105.610,-8.598,1,12
0.7061,-0.7305,0.4160,-27.378,107.622,-8.780,1,12
0.1978,1.2412,-0.6533,-15.732,-92.866,-52.805,2,12
0.1812,1.2441,-0.6812,-14.085,-92.805,-49.512,2,12
0.1665,1.2334,-0.6895,-11.707,-92.317,-46.159,2,12
0.1538,1.2153,-0.7148,-9.268,-91.829,-42.927,2,12
0.1382,1.2153,-0.7100,-6.707,-90.793,-39.756,2,12
0.1445,1.2021,-0.7114,-4.329,-89.817,-36.768,2,12
0.1284,1.1943,-0.7026,-2.134,-88.537,-34.268,2,12
0.1255,1.1816,-0.6968,-0.122,-87.012,-31.768,2,12
0.1221,1.1704,-0.6865,1.463,-85.671,-29.329,2,12
0.1187,1.1655,-0.6855,3.476,-84.146,-26.768,2,12
0.1182,1.1606,-0.6694,5.732,-82.500,-24.024,2,12
0.1123,1.1592,-0.6724,7.378,-80.732,-21.707,2,12
0.1143,1.1675,-0.6636,8.841,-79.329,-18.963,2,12
0.1187,1.1685,-0.6372,9.817,-77.927,-16.341,2,12
0.1265,1.1538,-0.6128,10.000,-77.012,-13.232,2,12
0.1250,1.1509,-0.5894,9.695,-76.646,-10.976,2,12
-0.7842,0.1660,-0.1167,34.634,-12.744,-5.244,3,90
-0.7930,0.1938,-0.1035,32.927,-12.134,-6.768,3,90
-0.7969,0.2217,-0.0913,31.707,-12.256,-7.561,3,90
-0.8032,0.2520,-0.0796,31.280,-12.439,-8.171,3,90
-0.7979,0.2690,-0.0723,31.159,-12.683,-8.780,3,90
-0.8032,0.2837,-0.0688,31.585,-13.537,-9.085,3,90
-0.8076,0.2822,-0.0708,31.951,-13.841,-9.268,3,90
-0.8125,0.2773,-0.0591,32.073,-14.085,-9.817,3,90
0.7769,-1.0479,0.4771,17.927,115.122,-31.890,1,12
0.7734,-1.0542,0.4819,16.890,113.841,-33.963,1,12
0.7817,-1.0518,0.4907,15.732,112.744,-35.244,1,12
0.7803,-1.0420,0.5049,14.390,110.732,-37.561,1,12
0.7715,-1.0347,0.5220,12.683,109.024,-38.780,1,12
0.7808,-1.0156,0.5215,10.427,106.951,-40.488,1,12
0.7729,-1.0088,0.5283,8.232,104.817,-41.524,1,12
0.7813,-0.9912,0.5171,5.915,102.683,-43.110,1,12
0.1270,1.1592,-0.5776,-2.439,-71.402,10.061,2,12
0.1230,1.1631,-0.5923,-5.305,-71.220,11.890,2,12
0.1123,1.1592,-0.6089,-8.049,-70.976,13.232,2,12
0.1157,1.1528,-0.6147,-11.098,-71.159,14.512,2,12
0.1011,1.1455,-0.6382,-13.659,-71.585,15.305,2,12
0.0859,1.1353,-0.6641,-16.220,-72.073,16.707,2,12
0.0732,1.1226,-0.6772,-17.866,-72.317,17.561,2,12
0.0625,1.1060,-0.7061,-19.939,-72.561,18.598,2,12
-0.8921,0.2349,0.0000,26.585,-16.951,-19.329,3,90
-0.8936,0.2319,-0.0010,25.244,-17.195,-20.610,3,90
-0.8862,0.2446,-0.0020,23.780,-17.378,-22.012,3,90
-0.8823,0.2573,-0.0049,22.744,-17.866,-23.293,3,90
-0.8818,0.2646,-0.0093,21.890,-18.232,-24.207,3,90
-0.8765,0.2803,0.0117,20.793,-19.268,-25.183,3,90
-0.8750,0.2837,0.0259,20.305,-19.939,-25.610,3,90
-0.8711,0.3027,0.0283,20.061,-20.549,-25.793,3,90
0.7407,-0.8530,0.5171,-2.012,89.390,-48.537,1,12
0.7407,-0.8354,0.5200,-1.829,88.415,-48.171,1,12
0.7231,-0.8267,0.5327,-1.280,87.439,-47.805,1,12
0.7192,-0.8154,0.5444,-0.061,86.402,-47.561,1,12
0.7192,-0.8027,0.5435,0.610,84.878,-46.768,1,12
0.7124,-0.7930,0.5464,1.280,83.720,-46.646,1,12
0.7041,-0.7861,0.5483,2.805,81.890,-46.524,1,12
0.7041,-0.7783,0.5415,3.598,80.366,-46.220,1,12
-0.0693,0.9624,-0.7222,-23.415,-57.500,24.817,2,12
-0.0732,0.9355,-0.6831,-23.476,-52.256,24.573,2,12
-0.0781,0.9316,-0.6738,-22.927,-50.915,24.817,2,12
-0.0796,0.9185,-0.6436,-22.439,-47.439,24.573,2,12
-0.0859,0.9019,-0.6025,-21.829,-44.451,24.573,2,12
-0.0806,0.8828,-0.5610,-21.280,-41.829,24.268,2,12
-0.0884,0.8823,-0.5063,-20.854,-39.390,23.841,2,12
-0.0825,0.8628,-0.4741,-20.915,-37.683,23.841,2,12
-0.8574,0.3081,0.1021,17.866,-23.841,-25.915,3,90
-0.8594,0.2998,0.0977,16.524,-24.024,-26.341,3,90
-0.8584,0.2715,0.0322,12.012,-25.549,-27.195,3,90
-0.8682,0.2563,0.0112,10.793,-25.793,-27.744,3,90
-0.9072,0.2305,0.0068,8.232,-25.793,-29.390,3,90
-0.9312,0.2183,0.0181,7.500,-26.098,-30.549,3,90
-0.9272,0.2090,-0.0151,6.098,-26.890,-31.159,3,90
-0.9336,0.1948,-0.0225,2.744,-28.415,-31.402,3,90
