ax,ay,az,gx,gy,gz,slot,label
0.5059,0.6655,-0.4141,-7.805,-9.695,13.780,2,90
0.5049,0.6733,-0.4189,-5.854,-9.207,13.780,2,90
0.5063,0.6699,-0.4009,-3.659,-8.841,13.841,2,90
0.5078,0.6807,-0.4077,-1.646,-8.476,13.902,2,90
0.5127,0.6753,-0.4136,0.854,-7.683,14.024,2,90
0.5093,0.6719,-0.4028,3.841,-7.378,14.390,2,90
0.5029,0.6694,-0.3975,6.402,-6.768,14.268,2,90
0.5132,0.6802,-0.3970,9.390,-5.976,14.390,2,90
-0.9053,-0.4541,0.1289,14.207,-13.537,-33.841,3,41
-0.9009,-0.4658,0.1147,12.988,-13.780,-33.537,3,41
-0.9116,-0.4834,0.1143,11.890,-13.780,-32.744,3,41
-0.9180,-0.4951,0.1108,10.854,-14.329,-32.012,3,41
-0.9243,-0.5073,0.1089,9.146,-14.634,-31.463,3,41
-0.9199,-0.5103,0.1050,8.232,-15.122,-30.549,3,41
-0.9189,-0.5107,0.1040,6.037,-15.610,-29.817,3,41
-0.9180,-0.5166,0.1001,5.000,-15.793,-28.841,3,41
0.6367,-0.9268,-0.3721,1.585,4.268,-7.439,1,90
0.6382,-0.9243,-0.3760,0.061,4.390,-7.317,1,90
0.6416,-0.9297,-0.3672,-0.915,4.634,-7.256,1,90
0.6455,-0.9326,-0.3701,-2.317,4.756,-7.195,1,90
0.6475,-0.9312,-0.3643,-3.293,4.939,-6.646,1,90
0.6436,-0.9336,-0.3569,-3.841,5.305,-6.646,1,90
0.6514,-0.9321,-0.3560,-4.512,5.610,-6.280,1,90
0.6499,-0.9253,-0.3604,-5.183,5.854,-6.220,1,90
0.5391,0.7012,-0.3633,27.317,-0.122,13.780,2,90
0.5410,0.6968,-0.3608,28.232,0.366,13.780,2,90
0.5381,0.6973,-0.3530,29.329,0.366,14.085,2,90
0.5410,0.6875,-0.3433,30.122,0.854,14.512,2,90
0.5435,0.6768,-0.3540,31.280,0.732,14.573,2,90
0.5405,0.6777,-0.3442,32.378,0.976,14.634,2,90
0.5439,0.6729,-0.3389,33.537,1.402,14.512,2,90
0.5449,0.6641,-0.3374,34.390,1.707,15.000,2,90
-0.8857,-0.5112,0.1245,-3.354,-16.463,-19.329,3,41
-0.8882,-0.5054,0.1270,-3.476,-16.280,-18.902,3,41
-0.8877,-0.4897,0.1304,-3.963,-16.098,-17.866,3,41
-0.8921,-0.4888,0.1392,-3.659,-15.366,-16.646,3,41
-0.8989,-0.4785,0.1445,-3.659,-14.756,-15.610,3,41
-0.9053,-0.4766,0.1426,-2.744,-13.537,-14.268,3,41
-0.9131,-0.4771,0.1416,-1.341,-11.280,-12.805,3,41
-0.9185,-0.4800,0.1411,0.732,-9.817,-11.524,3,41
0.6724,-0.9731,-0.3384,-6.463,8.720,-0.793,1,90
0.6670,-0.9834,-0.3398,-6.341,8.659,-0.427,1,90
0.6655,-0.9878,-0.3335,-5.976,9.329,0.061,1,90
0.6660,-1.0029,-0.3296,-5.793,9.451,0.732,1,90
0.6567,-1.0161,-0.3291,-5.915,9.512,1.402,1,90
0.6499,-1.0283,-0.3252,-5.488,9.817,1.524,1,90
0.6548,-1.0396,-0.3198,-5.244,10.244,2.134,1,90
0.6470,-1.0483,-0.3247,-5.183,10.366,1.951,1,90
0.5742,0.6528,-0.3262,37.622,6.524,13.780,2,90
0.5679,0.6475,-0.3281,37.134,6.890,13.232,2,90
0.5693,0.6484,-0.3232,36.402,7.134,13.537,2,90
0.5791,0.6450,-0.3306,35.732,7.317,13.415,2,90
0.5767,0.6372,-0.3315,35.183,7.378,13.232,2,90
0.5728,0.6245,-0.3325,35.000,7.195,13.537,2,90
0.5723,0.6289,-0.3345,34.634,7.744,13.293,2,90
0.5654,0.6299,-0.3311,33.902,7.744,13.110,2,90
-0.9370,-0.5195,0.1514,7.744,3.049,-1.524,3,41
-0.9360,-0.5103,0.1582,7.317,4.207,-0.671,3,41
-0.9365,-0.5059,0.1489,7.622,5.183,0.183,3,41
-0.9263,-0.5049,0.1523,7.927,5.976,1.280,3,41
-0.9316,-0.5059,0.1602,7.622,7.195,1.707,3,41
-0.9346,-0.4937,0.1504,7.988,7.927,2.622,3,41
-0.9282,-0.4863,0.1509,8.110,8.720,3.232,3,41
-0.9277,-0.4790,0.1523,8.049,9.512,4.329,3,41
0.6079,-1.0923,-0.3032,-8.780,10.366,-0.122,1,90
0.6123,-1.0923,-0.3096,-9.390,10.122,-0.976,1,90
0.6030,-1.0898,-0.3037,-9.817,10.000,-1.463,1,90
0.6089,-1.0918,-0.2915,-10.244,9.756,-2.195,1,90
0.6060,-1.0889,-0.2954,-10.915,9.695,-2.500,1,90
0.6050,-1.0791,-0.2935,-11.159,9.512,-3.476,1,90
0.6045,-1.0762,-0.2969,-11.463,9.329,-4.024,1,90
0.6104,-1.0732,-0.2915,-11.890,8.902,-4.634,1,90
0.5371,0.6411,-0.3511,24.451,11.707,12.561,2,90
0.5400,0.6431,-0.3540,22.500,12.195,12.561,2,90
0.5396,0.6514,-0.3472,21.280,12.256,12.439,2,90
0.5298,0.6519,-0.3506,19.634,12.622,12.500,2,90
0.5356,0.6499,-0.3535,17.622,13.049,12.500,2,90
0.5317,0.6475,-0.3574,16.341,13.049,12.683,2,90
0.5220,0.6460,-0.3662,15.000,13.476,12.683,2,90
0.5210,0.6440,-0.3701,13.841,13.415,12.744,2,90
-0.9434,-0.4180,0.1304,13.598,19.146,7.378,3,41
-0.9375,-0.4150,0.1172,14.634,20.122,7.683,3,41
-0.9370,-0.4150,0.1201,15.976,20.915,7.439,3,41
-0.9292,-0.4131,0.1128,16.402,22.134,7.805,3,41
-0.9341,-0.4155,0.1045,17.256,22.866,7.805,3,41
-0.9263,-0.4106,0.1084,18.171,23.415,7.683,3,41
-0.9238,-0.4121,0.1021,18.720,24.207,7.927,3,41
-0.9243,-0.4170,0.0938,19.451,24.390,7.683,3,41
0.6230,-1.0020,-0.2773,-13.049,5.061,-10.244,1,90
0.6255,-0.9883,-0.2861,-12.805,4.573,-10.549,1,90
0.6353,-0.9800,-0.2822,-12.744,4.024,-10.610,1,90
0.6260,-0.9722,-0.2754,-12.378,3.293,-10.610,1,90
0.6221,-1.0269,-0.2827,-12.805,7.012,-8.659,1,90
0.6299,-0.9609,-0.2769,-12.378,2.012,-11.159,1,90
0.6304,-0.9487,-0.2847,-12.012,1.280,-11.098,1,90
0.6362,-0.9414,-0.2788,-11.585,0.610,-11.280,1,90
0.4951,0.6299,-0.3989,3.659,15.488,13.110,2,90
0.4863,0.6348,-0.4009,2.744,15.610,13.049,2,90
0.4863,0.6313,-0.4048,1.890,15.976,13.171,2,90
0.4795,0.6235,-0.4033,0.366,16.037,13.354,2,90
0.4766,0.6270,-0.4077,-0.732,16.098,13.293,2,90
0.4756,0.6240,-0.4033,-1.890,16.037,13.598,2,90
0.4678,0.6143,-0.4097,-2.683,15.793,13.841,2,90
0.4707,0.6201,-0.4106,-3.293,15.732,13.780,2,90
-0.8936,-0.4575,0.0776,15.549,21.524,8.902,3,41
-0.8901,-0.4629,0.0840,15.244,21.463,9.207,3,41
-0.8892,-0.4653,0.0723,14.756,20.732,9.512,3,41
-0.8848,-0.4658,0.0684,14.085,20.366,10.000,3,41
-0.8784,-0.4639,0.0615,13.476,19.573,10.244,3,41
-0.8745,-0.4653,0.0518,12.317,18.841,10.305,3,41
-0.8682,-0.4746,0.0503,11.220,17.317,10.915,3,41
-0.8662,-0.4727,0.0454,10.366,16.402,11.098,3,41
0.6147,-0.8774,-0.2813,-8.780,-4.939,-10.427,1,90
0.6147,-0.8677,-0.2900,-8.720,-4.939,-10.183,1,90
0.6123,-0.8638,-0.2915,-8.293,-5.488,-9.939,1,90
0.6050,-0.8623,-0.2881,-8.110,-6.098,-9.756,1,90
0.6050,-0.8647,-0.2861,-8.293,-6.341,-9.573,1,90
0.6099,-0.8579,-0.2861,-7.988,-6.646,-9.573,1,90
0.6060,-0.8472,-0.2856,-7.988,-7.012,-9.207,1,90
0.6006,-0.8501,-0.2803,-7.744,-7.622,-9.085,1,90
0.4609,0.6167,-0.4370,-7.256,16.585,16.037,2,90
0.4595,0.6157,-0.4336,-7.256,16.585,16.524,2,90
0.4556,0.6182,-0.4258,-6.585,16.402,16.585,2,90
0.4609,0.6250,-0.4282,-6.768,16.280,17.256,2,90
0.4590,0.6206,-0.4282,-6.585,16.463,17.439,2,90
0.4546,0.6270,-0.4224,-7.012,15.915,17.683,2,90
0.4521,0.6201,-0.4160,-7.012,15.366,18.171,2,90
0.4541,0.6118,-0.4233,-6.707,15.183,18.659,2,90
-0.8667,-0.4673,0.0493,-3.110,4.024,15.854,3,41
-0.8662,-0.4604,0.0518,-4.085,2.988,16.098,3,41
-0.8599,-0.4521,0.0493,-6.829,1.402,16.341,3,41
-0.8643,-0.4595,0.0576,-10.854,-1.037,16.585,3,41
-0.8799,-0.4624,0.0566,-12.439,-2.378,16.707,3,41
-0.8784,-0.4546,0.0596,-13.963,-3.659,16.524,3,41
-0.8882,-0.4487,0.0605,-14.817,-4.878,16.585,3,41
-0.8931,-0.4458,0.0537,-15.854,-5.732,16.463,3,41
0.5957,-0.8472,-0.2876,-12.622,-12.256,-9.268,1,90
0.5967,-0.8442,-0.2847,-13.354,-12.378,-9.268,1,90
0.5996,-0.8345,-0.2866,-14.085,-13.232,-9.390,1,90
0.5898,-0.8384,-0.2891,-14.634,-13.232,-9.024,1,90
0.6016,-0.8354,-0.2827,-15.488,-14.207,-9.390,1,90
0.5884,-0.8291,-0.2793,-16.098,-14.268,-9.207,1,90
0.5942,-0.8301,-0.2822,-16.890,-15.244,-8.902,1,90
0.5967,-0.8276,-0.2832,-17.134,-15.549,-9.207,1,90
0.4639,0.5845,-0.4360,1.220,13.171,20.976,2,90
0.4644,0.5884,-0.4443,1.829,13.049,20.610,2,90
0.4624,0.5884,-0.4312,3.110,12.988,20.671,2,90
0.4639,0.5957,-0.4341,3.659,13.171,20.549,2,90
0.4673,0.5977,-0.4351,4.390,12.927,20.366,2,90
0.4707,0.5938,-0.4399,4.756,12.683,20.488,2,90
0.4697,0.5933,-0.4390,5.061,12.256,20.183,2,90
0.4736,0.5933,-0.4438,5.366,12.317,20.061,2,90
-0.8994,-0.4043,0.0786,-19.207,-11.220,16.159,3,41
-0.9194,-0.3994,0.0898,-19.695,-11.524,15.976,3,41
-0.9146,-0.4004,0.0889,-20.549,-12.500,15.732,3,41
-0.9233,-0.3931,0.0991,-20.854,-12.683,15.671,3,41
-0.9204,-0.3809,0.0972,-21.585,-13.232,15.427,3,41
-0.9312,-0.3838,0.1006,-22.134,-13.415,15.183,3,41
-0.9292,-0.3809,0.1118,-22.134,-13.841,15.183,3,41
-0.9336,-0.3818,0.1133,-22.134,-13.171,14.756,3,41
0.5850,-0.8042,-0.2954,-18.171,-18.780,-7.683,1,90
0.5923,-0.8008,-0.3062,-17.561,-18.415,-7.744,1,90
0.5913,-0.8062,-0.3037,-17.439,-19.085,-7.683,1,90
0.5938,-0.8091,-0.3096,-17.256,-19.146,-7.317,1,90
0.5991,-0.7954,-0.2983,-16.890,-19.390,-6.707,1,90
0.5918,-0.8086,-0.3071,-16.463,-19.268,-6.768,1,90
0.5996,-0.8076,-0.2930,-15.732,-19.634,-6.220,1,90
0.6025,-0.8096,-0.2939,-15.488,-19.817,-6.159,1,90
0.4849,0.5840,-0.4497,7.439,10.976,20.366,2,90
0.4824,0.5747,-0.4604,7.500,11.220,20.366,2,90
0.4868,0.5801,-0.4634,7.927,11.463,20.244,2,90
0.4878,0.5859,-0.4595,8.293,11.646,20.122,2,90
0.4956,0.5918,-0.4521,8.293,11.646,19.817,2,90
0.4922,0.5850,-0.4546,8.659,11.768,19.512,2,90
0.4937,0.5918,-0.4502,8.963,11.890,19.329,2,90
0.5049,0.6011,-0.4565,9.268,11.951,19.268,2,90
-0.9414,-0.3394,0.0938,-12.927,-8.598,14.268,3,41
-0.9399,-0.3379,0.0850,-13.415,-8.537,13.598,3,41
-0.9385,-0.3398,0.0962,-14.573,-9.146,13.049,3,41
-0.9395,-0.3423,0.0986,-14.512,-9.634,12.134,3,41
-0.9331,-0.3530,0.1011,-15.366,-10.183,11.280,3,41
-0.9292,-0.3511,0.0986,-16.463,-10.610,10.671,3,41
-0.9238,-0.3657,0.0991,-16.890,-11.341,10.366,3,41
-0.9238,-0.3696,0.1025,-17.073,-11.951,10.061,3,41
0.6138,-0.8413,-0.2949,-13.780,-21.402,-4.756,1,90
0.6084,-0.8564,-0.2925,-13.537,-21.768,-4.573,1,90
0.6147,-0.8516,-0.2915,-13.841,-22.256,-4.512,1,90
0.6104,-0.8540,-0.2910,-13.780,-22.439,-4.390,1,90
0.6118,-0.8511,-0.2964,-13.963,-22.561,-4.451,1,90
0.6133,-0.8599,-0.2964,-14.268,-22.927,-4.268,1,90
0.6055,-0.8638,-0.2920,-14.024,-23.049,-4.207,1,90
0.6118,-0.8687,-0.2891,-14.085,-23.293,-4.146,1,90
0.5254,0.5767,-0.4487,7.622,9.939,18.902,2,90
0.5327,0.5654,-0.4429,7.683,10.000,19.024,2,90
0.5396,0.5615,-0.4370,7.805,10.305,18.598,2,90
0.5400,0.5669,-0.4399,8.049,10.488,18.476,2,90
0.5405,0.5610,-0.4463,8.049,10.732,17.927,2,90
0.5459,0.5645,-0.4512,8.598,11.220,17.866,2,90
0.5493,0.5713,-0.4551,8.720,11.585,17.256,2,90
0.5479,0.5757,-0.4561,8.780,12.012,16.646,2,90
-0.9263,-0.3652,0.1030,-17.805,-12.744,8.049,3,41
-0.9272,-0.3633,0.0933,-16.585,-12.195,8.232,3,41
-0.9355,-0.3613,0.0830,-14.878,-11.707,7.988,3,41
-0.9346,-0.3667,0.0879,-13.902,-11.159,8.110,3,41
-0.9351,-0.3730,0.0869,-12.805,-10.610,8.110,3,41
-0.9375,-0.3774,0.0933,-11.829,-10.122,7.988,3,41
-0.9351,-0.3872,0.0903,-11.280,-9.756,8.293,3,41
-0.9360,-0.3901,0.0962,-10.793,-9.024,8.232,3,41
0.5864,-0.8970,-0.3018,-16.890,-23.963,-4.451,1,90
0.5967,-0.8984,-0.3081,-17.073,-23.963,-4.573,1,90
0.5830,-0.9082,-0.2930,-17.073,-23.780,-4.939,1,90
0.5869,-0.9150,-0.2935,-17.683,-23.902,-5.427,1,90
0.5898,-0.9038,-0.3008,-18.110,-24.024,-5.915,1,90
0.5850,-0.9106,-0.2983,-18.232,-23.902,-6.037,1,90
0.5977,-0.9136,-0.2998,-18.354,-24.207,-6.402,1,90
0.5957,-0.9170,-0.2974,-18.598,-23.780,-6.707,1,90
0.5454,0.6367,-0.4780,9.573,12.561,13.598,2,90
0.5464,0.6382,-0.4775,9.268,12.317,13.476,2,90
0.5493,0.6270,-0.4897,9.024,12.317,13.659,2,90
0.5420,0.6216,-0.4824,8.841,12.378,13.415,2,90
0.5454,0.6201,-0.4824,9.207,12.256,13.841,2,90
0.5449,0.6143,-0.4937,9.146,12.622,13.415,2,90
0.5337,0.6113,-0.4941,9.024,12.988,13.293,2,90
0.5405,0.6152,-0.4961,9.390,13.415,13.110,2,90
-0.9463,-0.4253,0.1035,-11.890,-7.195,9.146,3,41
-0.9419,-0.4229,0.1167,-12.988,-7.195,9.268,3,41
-0.9443,-0.4287,0.1230,-13.171,-6.585,10.061,3,41
-0.9531,-0.4253,0.1270,-13.354,-6.159,10.488,3,41
-0.9487,-0.4219,0.1279,-13.232,-5.793,10.854,3,41
-0.9448,-0.4180,0.1313,-14.024,-5.427,11.280,3,41
-0.9482,-0.4194,0.1318,-13.841,-5.061,11.402,3,41
-0.9414,-0.4185,0.1226,-13.720,-4.390,11.524,3,41
0.5806,-0.9204,-0.3003,-17.988,-24.207,-10.732,1,90
0.5854,-0.9277,-0.2944,-17.622,-24.146,-11.220,1,90
0.5903,-0.9229,-0.2910,-17.500,-24.329,-11.646,1,90
0.5879,-0.9214,-0.2939,-17.195,-24.146,-12.012,1,90
0.5894,-0.9180,-0.2900,-17.317,-23.963,-12.317,1,90
0.5938,-0.9185,-0.2939,-17.134,-23.841,-12.500,1,90
0.5850,-0.9170,-0.2861,-17.439,-23.537,-13.110,1,90
0.5933,-0.9102,-0.2847,-16.829,-23.720,-13.232,1,90
0.5483,0.6353,-0.5063,7.622,16.890,10.061,2,90
0.5513,0.6299,-0.5176,7.439,17.073,10.122,2,90
0.5459,0.6387,-0.5117,7.317,16.890,10.122,2,90
0.5469,0.6387,-0.5220,7.439,16.829,10.183,2,90
0.5454,0.6401,-0.5195,7.317,16.646,10.305,2,90
0.5469,0.6372,-0.5244,7.378,16.524,10.244,2,90
0.5483,0.6299,-0.5186,7.439,16.524,10.122,2,90
0.5498,0.6299,-0.5190,6.951,16.585,10.305,2,90
-0.9370,-0.4370,0.1377,-16.341,-0.732,16.159,3,41
-0.9385,-0.4336,0.1362,-17.805,-0.427,16.768,3,41
-0.9395,-0.4478,0.1289,-19.085,-0.732,17.500,3,41
-0.9282,-0.4551,0.1357,-20.732,-0.793,17.744,3,41
-0.9316,-0.4536,0.1343,-22.012,-0.854,18.476,3,41
-0.9224,-0.4658,0.1387,-23.841,-1.341,19.146,3,41
-0.9263,-0.4668,0.1421,-25.671,-1.707,20.183,3,41
-0.9297,-0.4678,0.1362,-27.866,-2.134,20.915,3,41
0.5986,-0.8999,-0.2959,-14.146,-23.476,-16.037,1,90
0.6045,-0.8960,-0.2852,-13.537,-23.537,-16.524,1,90
0.6001,-0.8901,-0.2910,-13.659,-23.598,-16.707,1,90
0.6050,-0.8926,-0.2920,-13.415,-23.415,-16.890,1,90
0.6030,-0.8979,-0.2891,-13.110,-23.110,-17.439,1,90
0.6074,-0.8896,-0.2930,-13.110,-23.354,-17.500,1,90
0.6128,-0.8936,-0.2944,-12.500,-23.232,-17.561,1,90
0.6108,-0.8877,-0.2896,-12.256,-23.110,-17.927,1,90
0.5596,0.6484,-0.5273,4.573,17.134,9.146,2,90
0.5552,0.6616,-0.5366,5.000,17.195,9.207,2,90
0.5571,0.6689,-0.5376,5.366,17.195,9.329,2,90
0.5562,0.6719,-0.5474,5.732,17.073,9.390,2,90
0.5571,0.6792,-0.5386,6.463,17.317,9.573,2,90
0.5630,0.6797,-0.5513,7.317,16.890,9.756,2,90
0.5464,0.6851,-0.5498,8.415,16.463,10.061,2,90
0.5444,0.6758,-0.5469,9.390,16.280,11.037,2,90
-0.9707,-0.5137,0.1348,-51.220,-6.098,26.646,3,41
-0.9722,-0.5166,0.1401,-52.622,-6.098,27.500,3,41
-0.9795,-0.5176,0.1392,-54.329,-5.488,28.354,3,41
-0.9829,-0.5146,0.1348,-55.732,-4.817,29.329,3,41
-0.9888,-0.5161,0.1396,-56.646,-4.024,30.061,3,41
-0.9902,-0.5176,0.1362,-57.927,-3.110,31.037,3,41
-1.0024,-0.5205,0.1279,-58.171,-1.829,31.768,3,41
-0.9980,-0.5225,0.1118,-58.720,-0.671,32.378,3,41
0.6299,-0.8423,-0.2744,-8.232,-23.354,-18.902,1,90
0.6289,-0.8350,-0.2686,-7.500,-23.537,-18.780,1,90
0.6367,-0.8359,-0.2725,-7.256,-23.659,-18.780,1,90
0.6372,-0.8306,-0.2759,-6.707,-23.537,-18.598,1,90
0.6406,-0.8252,-0.2671,-6.463,-23.598,-18.841,1,90
0.6489,-0.8120,-0.2627,-5.793,-23.598,-18.902,1,90
0.6543,-0.8193,-0.2666,-5.366,-23.841,-18.659,1,90
0.6563,-0.8154,-0.2656,-5.183,-24.146,-18.537,1,90
0.5259,0.6172,-0.5767,19.390,14.085,14.390,2,90
0.5298,0.6099,-0.5767,20.488,14.146,15.000,2,90
0.5264,0.6021,-0.5781,20.793,14.146,15.000,2,90
0.5273,0.6025,-0.5723,21.341,13.902,15.610,2,90
0.5205,0.5923,-0.5830,21.829,13.841,15.671,2,90
0.5186,0.5903,-0.5815,22.073,14.085,16.159,2,90
0.5254,0.5884,-0.5693,22.683,14.085,16.402,2,90
0.5181,0.5908,-0.5728,22.805,14.085,16.646,2,90
-1.0107,-0.5195,0.1040,-54.878,15.488,37.195,3,41
-1.0117,-0.5088,0.1172,-54.939,17.012,37.561,3,41
-1.0137,-0.5039,0.1396,-55.061,18.659,37.927,3,41
-1.0220,-0.4995,0.1523,-55.915,19.573,38.415,3,41
-1.0327,-0.4849,0.1670,-57.378,20.671,38.354,3,41
-1.0356,-0.4814,0.1719,-58.110,21.829,38.110,3,41
-1.0410,-0.4766,0.1650,-58.598,22.866,37.988,3,41
-1.0400,-0.4658,0.1567,-59.329,24.451,37.317,3,41
0.6968,-0.8262,-0.2695,-4.268,-26.890,-18.415,1,90
0.6890,-0.8345,-0.2612,-4.695,-27.195,-18.354,1,90
0.6934,-0.8379,-0.2715,-5.061,-27.378,-18.537,1,90
0.6895,-0.8379,-0.2661,-5.244,-28.171,-18.598,1,90
0.6899,-0.8521,-0.2725,-5.976,-28.293,-18.720,1,90
0.6821,-0.8535,-0.2764,-6.524,-28.963,-18.963,1,90
0.6841,-0.8560,-0.2754,-7.317,-29.573,-19.512,1,90
0.6748,-0.8564,-0.2808,-7.988,-30.061,-19.756,1,90
0.4907,0.5581,-0.5747,25.305,13.354,21.280,2,90
0.4917,0.5493,-0.5742,25.305,13.110,22.012,2,90
0.4907,0.5361,-0.5850,25.854,12.866,22.317,2,90
0.4912,0.5361,-0.5889,25.976,12.866,22.866,2,90
0.4917,0.5220,-0.5923,25.976,12.927,23.293,2,90
0.4951,0.5186,-0.5918,26.159,12.744,23.598,2,90
0.4917,0.5166,-0.5918,26.280,12.744,23.780,2,90
0.4976,0.5151,-0.5942,26.220,12.805,24.085,2,90
-0.9883,-0.5342,0.1079,-57.927,40.061,27.866,3,41
-0.9668,-0.5405,0.0762,-61.402,40.183,26.098,3,41
-0.9429,-0.5356,0.0190,-63.963,40.427,23.841,3,41
-0.9253,-0.5332,-0.0679,-67.317,41.524,21.341,3,41
-0.9097,-0.5410,-0.1362,-69.512,43.232,17.866,3,41
-0.8926,-0.5786,-0.1982,-70.122,46.098,14.634,3,41
-0.8843,-0.6250,-0.2539,-71.951,48.902,10.427,3,41
-0.8730,-0.6812,-0.2773,-73.720,51.037,6.463,3,41
0.7012,-0.8779,-0.2578,-16.890,-35.122,-27.744,1,90
0.7104,-0.8794,-0.2583,-17.805,-35.915,-28.598,1,90
0.7134,-0.8774,-0.2544,-18.902,-37.073,-29.817,1,90
0.7217,-0.8730,-0.2461,-19.512,-37.744,-30.732,1,90
0.7290,-0.8740,-0.2524,-20.427,-38.415,-31.707,1,90
0.7290,-0.8721,-0.2441,-20.671,-39.512,-32.317,1,90
0.7422,-0.8711,-0.2383,-20.854,-39.939,-33.415,1,90
0.7559,-0.8643,-0.2314,-21.341,-40.671,-34.085,1,90
0.4941,0.5127,-0.6201,24.878,16.341,24.573,2,90
0.4990,0.5176,-0.6118,24.634,16.463,24.512,2,90
0.5039,0.5176,-0.6138,24.329,16.951,24.817,2,90
0.4966,0.5283,-0.6157,23.963,17.073,24.817,2,90
0.5020,0.5254,-0.6162,24.207,17.805,25.183,2,90
0.5049,0.5303,-0.6187,24.451,17.744,25.488,2,90
0.5044,0.5303,-0.6201,24.024,17.683,25.427,2,90
0.5044,0.5298,-0.6187,24.085,17.805,25.671,2,90
-0.8599,-0.3140,-0.2505,-105.976,22.744,7.134,3,41
-0.9048,-0.2690,-0.2852,-102.866,22.744,9.329,3,41
-0.9429,-0.2397,-0.3032,-98.537,24.146,11.037,3,41
-0.9712,-0.2197,-0.3135,-93.598,25.854,11.707,3,41
-0.9863,-0.2109,-0.3081,-88.171,27.439,12.561,3,41
-0.9907,-0.2168,-0.3105,-84.817,29.085,12.561,3,41
-0.9951,-0.2354,-0.3140,-82.012,30.671,11.707,3,41
-0.9819,-0.2573,-0.3042,-79.878,31.707,10.671,3,41
0.8369,-0.8584,-0.2109,-13.293,-45.183,-39.024,1,90
0.8491,-0.8589,-0.2168,-11.463,-46.037,-39.390,1,90
0.8569,-0.8555,-0.2119,-9.146,-46.463,-40.183,1,90
0.8706,-0.8643,-0.2192,-7.622,-46.951,-40.427,1,90
0.8838,-0.8579,-0.2144,-5.732,-47.378,-41.037,1,90
0.9009,-0.8706,-0.2241,-4.024,-47.683,-41.585,1,90
0.9058,-0.8804,-0.2173,-2.378,-48.354,-42.134,1,90
0.9277,-0.8887,-0.2261,-0.793,-49.390,-42.866,1,90
0.5107,0.5591,-0.6675,28.780,19.085,25.366,2,90
0.5010,0.5586,-0.6655,29.268,19.390,25.488,2,90
0.5063,0.5615,-0.6675,29.817,19.268,25.244,2,90
0.5034,0.5728,-0.6748,30.488,19.451,25.061,2,90
0.4976,0.5786,-0.6826,30.854,19.878,24.939,2,90
0.4951,0.5791,-0.6812,30.976,19.939,24.756,2,90
0.4990,0.5884,-0.6841,31.159,19.878,24.817,2,90
0.4927,0.5938,-0.7002,31.341,20.488,24.817,2,90
-0.8076,-0.3491,-0.1646,-85.976,29.939,6.220,3,41
-0.7876,-0.3555,-0.1465,-87.500,28.841,5.976,3,41
-0.7778,-0.3643,-0.1323,-88.720,28.110,6.037,3,41
-0.7769,-0.3701,-0.1499,-89.634,26.829,6.341,3,41
-0.7710,-0.3750,-0.1631,-90.183,26.951,6.098,3,41
-0.7666,-0.3887,-0.1631,-89.878,27.134,6.037,3,41
-0.7651,-0.4023,-0.1836,-89.268,27.988,5.305,3,41
-0.7578,-0.4214,-0.1855,-88.720,28.293,4.817,3,41
1.0127,-1.0234,-0.2334,4.939,-56.951,-48.232,1,90
1.0210,-1.0400,-0.2314,4.085,-57.195,-49.146,1,90
1.0103,-1.0479,-0.2358,2.805,-56.768,-50.305,1,90
1.0117,-1.0664,-0.2339,0.671,-56.585,-51.524,1,90
1.0151,-1.0864,-0.2275,-1.829,-55.671,-52.927,1,90
1.0142,-1.0942,-0.2217,-4.817,-55.061,-54.695,1,90
1.0205,-1.1138,-0.2236,-7.683,-53.841,-56.098,1,90
1.0303,-1.1255,-0.2285,-11.098,-52.683,-58.171,1,90
0.4897,0.6563,-0.7515,35.488,21.707,25.488,2,90
0.5010,0.6689,-0.7520,36.463,22.073,26.220,2,90
0.4995,0.6733,-0.7583,37.195,22.256,26.585,2,90
0.4985,0.6782,-0.7656,38.171,22.195,26.890,2,90
0.5000,0.6768,-0.7690,39.024,22.195,27.317,2,90
0.4927,0.6826,-0.7793,39.573,22.439,27.866,2,90
0.4932,0.6885,-0.7856,40.427,22.317,28.293,2,90
0.4897,0.6943,-0.7778,41.098,22.256,28.537,2,90
-0.6973,-0.5127,-0.1216,-107.683,18.720,-6.829,3,41
-0.7021,-0.5107,-0.1245,-108.902,17.927,-6.951,3,41
-0.7100,-0.5112,-0.1211,-111.463,16.646,-7.561,3,41
-0.7158,-0.5078,-0.1299,-113.902,15.122,-7.683,3,41
-0.7349,-0.5166,-0.1465,-116.220,14.268,-9.024,3,41
-0.7490,-0.5269,-0.1313,-117.927,13.659,-9.634,3,41
-0.7510,-0.5337,-0.1118,-119.451,13.232,-10.244,3,41
-0.7627,-0.5293,-0.0815,-120.976,13.049,-10.610,3,41
1.1543,-1.1514,-0.2827,-45.366,-50.610,-78.902,1,90
1.1787,-1.1523,-0.2959,-49.634,-51.646,-81.098,1,90
1.1968,-1.1489,-0.3042,-53.415,-52.195,-83.293,1,90
1.2134,-1.1465,-0.3110,-57.927,-53.049,-85.061,1,90
1.2212,-1.1382,-0.3232,-61.890,-53.841,-87.378,1,90
1.2266,-1.1284,-0.3384,-65.793,-54.573,-89.329,1,90
1.2212,-1.1108,-0.3564,-69.512,-55.488,-91.037,1,90
1.2178,-1.0972,-0.3604,-72.988,-56.463,-92.988,1,90
0.4585,0.7393,-0.8018,48.110,22.012,30.488,2,90
0.4561,0.7573,-0.7983,48.476,22.256,30.793,2,90
0.4507,0.7520,-0.7993,49.024,21.646,31.280,2,90
0.4478,0.7651,-0.8008,50.061,21.707,31.768,2,90
0.4370,0.7759,-0.7925,50.305,21.159,32.256,2,90
0.4321,0.7754,-0.7964,51.402,21.037,33.171,2,90
0.4341,0.7793,-0.7915,51.951,20.122,33.841,2,90
0.4326,0.7769,-0.7920,52.561,19.512,34.512,2,90
-0.7847,-0.5581,-0.0957,-125.854,10.061,-14.207,3,41
-0.7905,-0.5806,-0.0664,-125.915,10.061,-14.817,3,41
-0.7881,-0.5850,-0.0337,-126.524,10.366,-15.122,3,41
-0.7759,-0.5908,-0.0156,-128.293,9.512,-15.427,3,41
-0.7642,-0.5918,-0.0142,-129.695,8.415,-16.098,3,41
-0.7651,-0.5884,0.0020,-131.707,7.256,-16.402,3,41
-0.7598,-0.5811,0.0205,-133.720,6.037,-16.707,3,41
-0.7773,-0.5806,0.0469,-135.427,4.817,-17.439,3,41
1.1050,-0.8960,-0.5728,-110.183,-62.317,-101.585,1,90
1.0825,-0.8696,-0.5967,-114.817,-62.317,-101.646,1,90
1.0552,-0.8345,-0.6060,-118.780,-62.317,-100.976,1,90
1.0225,-0.7861,-0.6284,-123.232,-62.256,-100.183,1,90
0.9888,-0.7378,-0.6421,-126.829,-62.561,-99.329,1,90
0.9619,-0.6748,-0.6528,-130.610,-62.744,-98.232,1,90
0.9224,-0.6172,-0.6592,-134.756,-63.232,-96.280,1,90
0.8779,-0.5469,-0.6680,-137.866,-63.841,-94.512,1,90
0.4360,0.7710,-0.7769,60.793,13.780,41.768,2,90
0.4531,0.7622,-0.7725,62.012,12.927,42.866,2,90
0.4536,0.7773,-0.7720,62.927,12.317,43.232,2,90
0.4517,0.7603,-0.7764,63.841,11.220,43.720,2,90
0.4609,0.7612,-0.7710,65.061,10.000,44.085,2,90
0.4570,0.7617,-0.7739,66.280,8.902,44.573,2,90
0.4688,0.7593,-0.7715,67.012,8.049,45.000,2,90
0.4702,0.7539,-0.7754,67.866,7.012,45.671,2,90
-0.8960,-0.2412,0.2134,-130.244,-5.915,-9.024,3,41
-0.9268,-0.1890,0.2114,-125.732,-5.610,-6.951,3,41
-0.9629,-0.1313,0.2178,-120.793,-4.756,-4.756,3,41
-0.9873,-0.0776,0.2310,-114.451,-3.415,-2.378,3,41
-1.0234,-0.0210,0.2451,-107.134,-1.524,0.366,3,41
-1.0586,0.0591,0.2749,-99.573,0.305,3.232,3,41
-1.1099,0.1499,0.3208,-91.463,2.622,7.317,3,41
-1.1553,0.2368,0.3843,-83.476,4.268,11.524,3,41
0.5527,0.1479,-0.7104,-161.220,-75.183,-52.195,1,90
0.5176,0.2207,-0.7207,-161.768,-77.134,-44.573,1,90
0.4814,0.3154,-0.7349,-162.561,-79.390,-36.037,1,90
0.4497,0.3853,-0.7480,-162.256,-82.134,-26.890,1,90
0.4087,0.4639,-0.7856,-162.439,-84.756,-16.524,1,90
0.3755,0.5522,-0.7993,-162.378,-88.110,-5.488,1,90
0.3374,0.6309,-0.8408,-162.500,-91.463,6.159,1,90
0.2852,0.7148,-0.8735,-163.720,-95.000,18.659,1,90
0.5249,0.7471,-0.7505,74.207,-1.524,50.122,2,90
0.5366,0.7495,-0.7349,75.549,-3.049,50.305,2,90
0.5410,0.7515,-0.7256,76.341,-4.451,50.610,2,90
0.5503,0.7588,-0.7246,77.134,-5.305,50.793,2,90
0.5571,0.7539,-0.7090,78.049,-6.707,50.854,2,90
0.5669,0.7539,-0.7036,78.232,-8.476,50.793,2,90
0.5713,0.7593,-0.6870,78.720,-9.695,50.793,2,90
0.5850,0.7554,-0.6787,79.207,-11.463,50.915,2,90
-2.0732,1.0029,0.8120,39.634,29.329,66.707,3,41
-1.9976,0.8169,0.6846,52.866,38.354,64.817,3,41
-1.8223,0.6157,0.6104,68.476,47.500,61.890,3,41
-1.6104,0.4839,0.5972,80.244,54.207,58.598,3,41
-1.3979,0.3794,0.5957,87.317,59.024,56.463,3,41
-1.2124,0.2979,0.6123,92.683,62.012,55.488,3,41
-1.0645,0.2646,0.5825,97.866,64.451,55.244,3,41
-0.9629,0.2754,0.5840,103.780,65.427,56.402,3,41
-0.4800,1.3677,-0.8740,-171.768,-100.671,182.805,1,90
-0.5820,1.4297,-0.8311,-172.622,-98.902,203.415,1,90
-0.6807,1.4932,-0.7881,-173.232,-97.500,223.841,1,90
-0.7866,1.5400,-0.7529,-174.695,-96.280,244.451,1,90
-0.8838,1.5854,-0.7070,-176.707,-95.854,265.793,1,90
-1.0112,1.6475,-0.6694,-178.963,-95.915,287.256,1,90
-1.1455,1.6919,-0.6416,-181.159,-96.402,308.537,1,90
-1.2822,1.7251,-0.6250,-182.500,-97.073,330.061,1,90
0.6255,0.7017,-0.6616,91.037,-29.268,55.305,2,90
0.6353,0.6855,-0.6592,92.744,-31.524,56.341,2,90
0.6387,0.6787,-0.6548,94.634,-33.720,57.195,2,90
0.6436,0.6626,-0.6587,96.037,-36.098,57.805,2,90
0.6440,0.6460,-0.6592,97.683,-38.780,59.085,2,90
0.6372,0.6299,-0.6592,98.902,-41.524,60.061,2,90
0.6309,0.6045,-0.6641,100.610,-44.390,61.098,2,90
0.6274,0.5791,-0.6729,101.402,-47.195,62.500,2,90
-1.0410,-0.4595,-0.5161,195.610,108.963,68.963,3,41
-1.0513,-0.6558,-0.6606,194.146,113.902,66.951,3,41
-1.0146,-0.9614,-0.8076,190.610,121.098,61.098,3,41
-0.7861,-1.3237,-1.0049,166.646,118.354,51.829,3,41
-0.5811,-1.5186,-1.1045,145.732,111.890,45.854,3,41
-0.4111,-1.6831,-1.1367,127.073,105.915,42.439,3,41
-0.3154,-1.7681,-1.1104,111.037,100.854,40.244,3,41
-0.2856,-1.7676,-1.0571,93.598,94.878,38.720,3,41
-3.2441,1.8779,-0.6963,-138.841,-9.573,469.451,1,90
-3.5000,1.8682,-0.6807,-126.890,4.634,475.793,1,90
-3.7124,1.8745,-0.6777,-113.415,15.732,476.768,1,90
-3.8062,1.8154,-0.6270,-99.207,23.963,476.098,1,90
-3.8208,1.7573,-0.6021,-82.744,28.415,474.878,1,90
-3.8301,1.6592,-0.5503,-62.988,28.110,474.085,1,90
-3.8086,1.6401,-0.4482,-29.207,22.805,471.646,1,90
-3.6758,1.5425,-0.3706,-7.012,17.927,469.939,1,90
0.5396,0.2632,-0.6313,93.963,-67.195,76.037,2,90
0.5459,0.2207,-0.6245,90.549,-68.293,77.927,2,90
0.5630,0.1660,-0.6074,86.707,-69.024,80.366,2,90
0.5825,0.1201,-0.5957,82.927,-68.476,82.622,2,90
0.6021,0.0791,-0.5601,78.476,-67.622,85.000,2,90
0.6357,0.0303,-0.5410,74.085,-66.220,88.110,2,90
0.6797,-0.0156,-0.5078,69.146,-64.634,90.427,2,90
0.7358,-0.0518,-0.4883,64.024,-62.744,93.354,2,90
-3.5620,1.4502,-0.2710,13.476,13.171,472.561,1,90
-3.4497,1.3687,-0.1782,32.256,9.085,479.024,1,90
-3.3774,1.3047,-0.1182,48.415,5.061,488.415,1,90
-3.3335,1.2476,-0.0508,59.756,2.073,499.939,1,90
-3.3242,1.1943,0.0303,69.268,0.793,513.354,1,90
-3.3345,1.1382,0.0947,79.634,1.829,528.171,1,90
-3.3594,1.0986,0.1650,90.854,5.122,543.415,1,90
-3.4097,1.0513,0.2144,102.622,9.939,559.634,1,90
0.8213,-0.1079,-0.4521,55.549,-60.061,97.744,2,90
0.8608,-0.1206,-0.4434,53.110,-58.537,99.146,2,90
0.9219,-0.1611,-0.4395,47.622,-56.829,102.195,2,90
1.0171,-0.2021,-0.3955,39.939,-53.354,106.159,2,90
1.0488,-0.2192,-0.4019,37.012,-52.317,107.439,2,90
1.1123,-0.2471,-0.3794,32.073,-50.427,109.878,2,90
1.1563,-0.2637,-0.3647,27.622,-49.329,111.402,2,90
1.1890,-0.2871,-0.3291,22.134,-48.537,112.805,2,90
-3.4639,1.0098,0.2803,113.232,15.305,574.634,1,90
-3.5176,0.9683,0.3276,123.232,21.037,587.683,1,90
-3.5674,0.9155,0.3838,131.707,26.220,599.085,1,90
-3.6157,0.8530,0.4116,139.878,30.366,608.110,1,90
-3.6514,0.7803,0.4517,148.537,34.146,614.939,1,90
-3.6792,0.6895,0.4785,157.195,36.951,619.695,1,90
-3.7012,0.5957,0.5137,165.488,38.537,622.500,1,90
-3.7036,0.4795,0.5366,173.963,39.512,623.902,1,90
1.2217,-0.3096,-0.2983,13.780,-48.780,113.049,2,90
1.2300,-0.3242,-0.2778,7.561,-49.634,112.073,2,90
1.2231,-0.3491,-0.2666,2.378,-49.817,110.488,2,90
1.1982,-0.3623,-0.2749,-2.439,-50.549,108.476,2,90
1.1787,-0.3701,-0.2842,-5.915,-50.854,105.610,2,90
1.1533,-0.3740,-0.3091,-8.476,-49.939,103.598,2,90
1.1187,-0.3638,-0.3198,-10.061,-47.744,101.220,2,90
1.0767,-0.3667,-0.3296,-11.402,-44.695,99.329,2,90
-3.7129,0.3511,0.5542,181.829,39.634,624.146,1,90
-3.7129,0.1963,0.5693,190.122,39.695,622.927,1,90
-3.7227,0.0352,0.5728,198.415,39.634,620.854,1,90
-3.7461,-0.1421,0.5806,206.280,40.183,617.195,1,90
-3.7612,-0.3423,0.5972,213.110,40.366,612.500,1,90
-3.7808,-0.5425,0.6045,219.207,41.220,606.707,1,90
-3.8057,-0.7583,0.6152,224.634,43.232,600.122,1,90
-3.8271,-0.9683,0.6577,228.841,45.976,591.829,1,90
1.0249,-0.3511,-0.3350,-12.683,-41.280,97.988,2,90
0.9785,-0.3438,-0.3354,-13.415,-36.951,96.890,2,90
0.9497,-0.3330,-0.3301,-14.329,-32.683,96.646,2,90
0.9165,-0.3369,-0.3140,-15.000,-28.537,96.402,2,90
0.8926,-0.3301,-0.2891,-15.183,-25.244,96.463,2,90
0.8555,-0.3398,-0.2651,-15.488,-22.683,96.463,2,90
0.8516,-0.3442,-0.2720,-15.122,-20.305,96.768,2,90
0.8491,-0.3564,-0.2490,-14.268,-19.085,97.317,2,90
-0.7837,-0.3052,-0.5679,-25.061,15.061,-24.634,3,41
-0.7686,-0.3384,-0.5610,-29.268,8.902,-24.695,3,41
-0.7705,-0.3853,-0.5796,-33.659,2.256,-24.756,3,41
-0.7681,-0.4141,-0.5659,-37.805,-3.841,-25.122,3,41
-0.7554,-0.3867,-0.5464,-41.280,-9.756,-24.939,3,41
-0.7734,-0.3477,-0.5430,-45.122,-15.793,-24.512,3,41
-0.8213,-0.3218,-0.5264,-47.073,-21.037,-24.695,3,41
-0.8613,-0.2983,-0.4980,-48.659,-25.488,-24.756,3,41
-3.1011,-0.9800,-0.1938,83.049,80.488,-120.610,4,41
-2.2202,-1.1616,-0.3716,96.768,71.098,-140.000,4,41
-1.6909,-0.9902,-0.5381,92.317,67.500,-197.988,4,41
-0.9185,-0.7500,-1.1416,82.439,73.537,-216.341,4,41
-1.6655,0.5669,-1.2256,56.402,83.232,-228.293,4,41
-3.3481,2.4019,-1.5693,-37.195,78.476,-202.317,4,41
-3.0742,2.3345,-2.3105,-124.146,126.890,-166.098,4,41
-2.9316,2.0000,-2.4741,-153.598,176.951,-121.280,4,41
-0.8701,-0.2725,-0.4990,-49.329,-29.634,-25.061,3,41
-0.8687,-0.2520,-0.5044,-49.329,-33.110,-25.793,3,41
-0.8760,-0.2471,-0.5068,-48.598,-35.549,-26.463,3,41
-0.8853,-0.2422,-0.4907,-46.829,-38.293,-27.561,3,41
-0.8862,-0.2329,-0.4526,-46.220,-40.854,-28.110,3,41
-0.8813,-0.2212,-0.4316,-45.122,-43.232,-28.720,3,41
-0.8711,-0.2095,-0.4438,-44.268,-46.098,-29.390,3,41
-0.8716,-0.1929,-0.4795,-42.256,-48.354,-29.695,3,41
-2.6548,-1.4146,0.3525,199.939,127.439,471.402,1,90
-2.6797,-1.4419,0.3164,206.159,126.829,469.878,1,90
-2.7124,-1.4795,0.2642,213.110,126.159,467.805,1,90
-2.7539,-1.5337,0.2217,219.695,125.854,465.610,1,90
-2.8022,-1.6260,0.1919,225.488,125.610,463.049,1,90
-2.8511,-1.7217,0.1763,230.793,126.341,460.000,1,90
-2.8921,-1.8408,0.1567,234.085,127.378,456.341,1,90
-2.9243,-1.9814,0.1421,234.207,129.329,452.073,1,90
1.0366,-0.6450,-0.1084,-15.000,8.415,100.244,2,90
1.0488,-0.6597,-0.0942,-17.439,11.341,99.390,2,90
1.0669,-0.6655,-0.0947,-19.878,14.085,98.598,2,90
1.0820,-0.6738,-0.0796,-22.073,16.159,97.500,2,90
1.1011,-0.6768,-0.0718,-24.146,18.720,96.341,2,90
1.1108,-0.6631,-0.0757,-25.915,20.915,95.183,2,90
1.1187,-0.6660,-0.0796,-27.500,23.171,92.988,2,90
1.1284,-0.6548,-0.0830,-28.598,25.366,90.793,2,90
-0.8228,-0.5244,-0.5283,-25.427,-59.695,-32.927,3,41
-0.8325,-0.5269,-0.4937,-28.110,-60.671,-33.110,3,41
-0.8564,-0.5259,-0.4502,-30.854,-62.134,-33.171,3,41
-0.8774,-0.5132,-0.4121,-33.476,-63.171,-33.720,3,41
-0.8936,-0.4810,-0.3521,-35.976,-64.024,-34.329,3,41
-0.9102,-0.4370,-0.2847,-38.659,-65.000,-34.207,3,41
-0.9355,-0.3906,-0.2524,-41.768,-66.037,-34.634,3,41
-0.9468,-0.3677,-0.2407,-43.902,-66.951,-35.000,3,41
-2.2056,-3.1768,0.1646,155.183,158.963,379.695,1,90
-2.0400,-3.2188,0.1587,142.134,161.585,371.280,1,90
-1.8755,-3.2407,0.1509,128.963,163.598,363.902,1,90
-1.7310,-3.2612,0.1455,116.220,164.695,357.744,1,90
-1.5874,-3.2793,0.1362,104.024,164.878,352.500,1,90
-1.4609,-3.2969,0.1382,92.866,163.354,348.963,1,90
-1.3271,-3.3032,0.1304,79.756,159.390,345.610,1,90
-1.2583,-3.3057,0.1016,72.744,155.061,344.573,1,90
0.8750,-0.4556,-0.1973,-23.902,35.732,60.854,2,90
0.8438,-0.4292,-0.2100,-22.866,35.854,58.171,2,90
0.8174,-0.4131,-0.2202,-22.256,35.427,55.305,2,90
0.7979,-0.3979,-0.2339,-21.341,34.878,52.683,2,90
0.7729,-0.3853,-0.2520,-20.122,34.756,50.366,2,90
0.7690,-0.3701,-0.2739,-18.780,33.841,47.988,2,90
0.7476,-0.3608,-0.2827,-16.829,33.171,45.854,2,90
0.7422,-0.3545,-0.2998,-14.817,32.927,43.415,2,90
-1.2114,-3.3164,0.0776,67.195,149.756,344.207,1,90
-1.1904,-3.3267,0.0381,63.232,144.329,344.146,1,90
-1.1655,-3.3311,-0.0083,60.854,138.598,344.329,1,90
-1.1685,-3.3389,-0.0547,59.573,134.085,343.902,1,90
-1.1636,-3.3545,-0.0977,60.427,129.512,342.988,1,90
-1.1655,-3.3809,-0.1455,61.646,125.915,341.280,1,90
-1.1665,-3.4009,-0.1826,63.720,123.293,338.598,1,90
-1.1406,-3.4287,-0.2446,66.890,121.402,335.427,1,90
0.7407,-0.3379,-0.3188,-12.683,31.524,40.610,2,90
0.7290,-0.3320,-0.3330,-10.793,30.610,38.415,2,90
0.7305,-0.3208,-0.3418,-8.659,29.817,35.915,2,90
0.7402,-0.3130,-0.3584,-6.585,28.841,34.268,2,90
0.7495,-0.3096,-0.3716,-4.268,27.805,32.073,2,90
0.7607,-0.3008,-0.3813,-2.134,27.073,31.280,2,90
0.7734,-0.2910,-0.4009,0.366,26.098,29.756,2,90
0.7900,-0.2871,-0.4087,2.317,25.305,28.902,2,90
-1.1045,-3.4678,-0.3140,69.878,120.366,331.159,1,90
-1.0566,-3.4971,-0.3779,72.805,120.061,326.220,1,90
-0.9873,-3.5347,-0.4336,75.488,120.732,320.854,1,90
-0.9082,-3.5693,-0.4902,78.171,121.707,314.634,1,90
-0.8198,-3.5806,-0.5557,79.939,122.683,309.146,1,90
-0.7388,-3.6050,-0.6074,81.098,123.659,302.988,1,90
-0.6611,-3.6147,-0.6519,81.768,124.878,296.646,1,90
-0.5801,-3.6074,-0.6953,81.890,125.549,290.305,1,90
0.8076,-0.2827,-0.4204,4.085,24.268,28.049,2,90
0.8262,-0.2646,-0.4429,5.366,23.049,26.707,2,90
0.8359,-0.2578,-0.4512,6.098,21.646,25.793,2,90
0.8447,-0.2363,-0.4697,6.585,20.183,24.695,2,90
0.8540,-0.2080,-0.4868,6.585,19.085,23.659,2,90
0.8423,-0.1792,-0.4888,5.610,17.561,22.439,2,90
0.8345,-0.1484,-0.4927,2.866,15.915,21.646,2,90
0.8062,-0.1206,-0.4849,-0.793,13.598,20.671,2,90
-0.5190,-3.5938,-0.7354,81.098,125.915,283.720,1,90
-0.4531,-3.5942,-0.7803,80.427,126.890,276.829,1,90
-0.3975,-3.5645,-0.8237,79.207,128.476,269.146,1,90
-0.3477,-3.5313,-0.8257,77.988,130.488,261.280,1,90
-0.3027,-3.5146,-0.8296,75.122,130.549,252.744,1,90
-0.2373,-3.4766,-0.8374,72.073,130.305,242.927,1,90
-0.1992,-3.4424,-0.8481,68.293,130.915,232.927,1,90
-0.1489,-3.4067,-0.8374,64.146,130.305,222.500,1,90
0.7822,-0.0938,-0.4990,-5.427,11.463,19.817,2,90
0.7661,-0.0830,-0.5005,-10.549,8.232,19.573,2,90
0.7515,-0.0757,-0.5259,-15.366,5.000,19.817,2,90
0.7290,-0.0757,-0.5366,-19.573,1.768,20.427,2,90
0.7095,-0.0767,-0.5586,-23.476,-1.098,21.646,2,90
0.6802,-0.0791,-0.5688,-26.463,-3.354,23.780,2,90
0.6646,-0.0864,-0.5962,-29.329,-5.610,25.976,2,90
0.6553,-0.0898,-0.6035,-32.073,-7.622,28.476,2,90
-0.1025,-3.3818,-0.8145,60.488,129.329,210.854,1,90
-0.0718,-3.3594,-0.7969,56.951,127.988,198.476,1,90
-0.0293,-3.3467,-0.7832,53.963,126.646,185.549,1,90
-0.0112,-3.3291,-0.7607,51.585,125.244,171.890,1,90
0.0244,-3.3154,-0.7324,48.476,122.866,150.854,1,90
0.0439,-3.3022,-0.6924,47.073,120.854,136.829,1,90
0.0615,-3.2954,-0.6704,45.122,119.207,123.110,1,90
0.0659,-3.2925,-0.6372,43.415,116.646,109.939,1,90
0.6465,-0.0913,-0.6113,-35.244,-9.146,31.402,2,90
0.6353,-0.0977,-0.6284,-38.902,-10.000,33.902,2,90
0.6294,-0.0952,-0.6274,-42.805,-11.159,36.524,2,90
0.6201,-0.1021,-0.6318,-47.317,-11.463,39.329,2,90
0.6123,-0.1060,-0.6138,-51.768,-11.524,41.463,2,90
0.6035,-0.1074,-0.6182,-56.159,-11.768,43.720,2,90
0.6016,-0.1250,-0.6055,-60.122,-11.829,45.305,2,90
0.6055,-0.1157,-0.6074,-64.085,-11.646,47.134,2,90
-0.8359,-0.3462,-0.1968,-29.390,-56.524,-23.841,3,41
-0.8633,-0.3218,-0.1909,-31.098,-57.866,-22.927,3,41
-0.8857,-0.3223,-0.1616,-32.561,-58.780,-22.744,3,41
-0.8936,-0.2539,-0.0654,-34.085,-58.963,-22.256,3,41
-0.8721,-0.1973,-0.0361,-35.122,-60.000,-21.585,3,41
-0.8779,-0.1343,-0.0073,-35.061,-60.732,-20.976,3,41
-0.9033,-0.1240,0.0015,-34.695,-61.159,-20.305,3,41
-0.9126,-0.1187,0.0039,-33.354,-60.244,-20.183,3,41
0.0386,-3.1948,-0.4697,18.963,85.183,12.866,1,90
0.0283,-3.1553,-0.4668,15.610,81.768,4.085,1,90
0.0205,-3.1128,-0.4624,11.951,77.927,-4.573,1,90
0.0103,-3.0571,-0.4717,9.207,74.817,-13.049,1,90
-0.0063,-2.9985,-0.4702,6.402,71.646,-21.098,1,90
-0.0098,-2.9395,-0.4702,4.390,69.207,-29.207,1,90
-0.0083,-2.8711,-0.4639,2.439,67.195,-37.134,1,90
-0.0190,-2.7954,-0.4609,1.463,65.549,-44.085,1,90
0.6245,0.0356,-0.5557,-85.854,-3.902,55.549,2,90
0.6235,0.0728,-0.5571,-85.488,-2.805,55.427,2,90
0.6284,0.1177,-0.5640,-84.146,-1.890,55.427,2,90
0.6191,0.1577,-0.5532,-82.988,-0.854,55.488,2,90
0.6128,0.1968,-0.5518,-80.854,-0.122,55.427,2,90
0.6045,0.2427,-0.5552,-78.415,0.427,55.488,2,90
0.5981,0.2754,-0.5503,-76.220,0.793,55.244,2,90
0.5869,0.3037,-0.5542,-72.866,0.793,55.488,2,90
-0.0244,-2.7275,-0.4565,0.976,63.720,-50.854,1,90
-0.0234,-2.6455,-0.4502,0.549,62.622,-57.561,1,90
-0.0347,-2.5771,-0.4370,0.549,61.098,-63.963,1,90
-0.0337,-2.5000,-0.4199,1.037,60.244,-69.207,1,90
-0.0381,-2.4375,-0.4155,1.890,58.963,-75.305,1,90
-0.0386,-2.3643,-0.3950,2.927,58.293,-80.488,1,90
-0.0410,-2.3052,-0.3901,3.659,56.951,-85.610,1,90
-0.0415,-2.2461,-0.3730,5.366,56.220,-90.671,1,90
0.5781,0.3340,-0.5596,-69.573,0.732,56.159,2,90
0.5649,0.3589,-0.5630,-65.854,0.671,56.585,2,90
0.5562,0.3716,-0.5669,-61.524,0.122,57.256,2,90
0.5459,0.3774,-0.5781,-56.890,-0.305,57.866,2,90
0.5430,0.3857,-0.5762,-51.768,-0.488,58.963,2,90
0.5410,0.3950,-0.5889,-46.585,-0.915,60.000,2,90
0.5352,0.3804,-0.5859,-41.220,-0.671,60.793,2,90
0.5396,0.3774,-0.5928,-35.366,-0.854,61.463,2,90
-0.0430,-2.1860,-0.3647,6.220,55.061,-95.305,1,90
-0.0459,-2.1270,-0.3462,7.866,53.720,-99.573,1,90
-0.0420,-2.0835,-0.3335,9.024,52.866,-103.963,1,90
-0.0488,-2.0239,-0.3203,10.671,51.890,-107.805,1,90
-0.0542,-1.9536,-0.3047,12.805,50.427,-113.354,1,90
-0.0576,-1.9189,-0.2939,14.390,49.817,-116.524,1,90
-0.0713,-1.8726,-0.2876,15.793,49.085,-119.390,1,90
-0.0820,-1.8408,-0.2637,17.439,47.805,-121.951,1,90
1.9546,6.1240,-16.0000,-1116.463,-167.195,-445.183,4,41
1.4863,10.8447,-16.0000,-1085.671,-559.329,-300.305,4,41
-0.1987,13.1694,-15.9448,-905.671,-324.573,-341.220,4,41
-1.4316,11.4844,-14.9097,-542.622,-224.085,-281.280,4,41
-1.3354,12.8462,-13.8218,-130.061,-150.732,-239.024,4,41
0.4146,13.1240,-13.6895,-91.098,-123.902,-235.183,4,41
2.0767,10.3247,-11.5449,-133.659,-105.305,-265.427,4,41
2.6973,8.0205,-9.5845,-144.085,-118.659,-283.354,4,41
-0.7080,0.0552,0.1382,-17.988,-33.963,-0.427,3,41
-0.8281,0.0576,0.1592,-9.573,-27.866,2.500,3,41
-0.9751,-0.0356,0.2515,-4.085,-24.756,6.098,3,41
-1.1021,-0.1382,0.2490,0.183,-20.305,8.354,3,41
-1.1206,-0.2314,0.1685,7.500,-13.232,8.963,3,41
-1.0640,-0.2505,0.0601,16.585,-6.341,7.866,3,41
-0.9917,-0.2192,-0.0024,24.390,-2.317,7.134,3,41
-0.9824,-0.1851,0.0132,31.890,1.829,8.293,3,41
2.7314,6.4268,-7.0762,-102.195,-111.890,-243.780,4,41
2.8735,5.6128,-4.4727,-113.415,-105.366,-168.902,4,41
2.6226,5.4604,-2.8896,-126.707,-129.390,-74.268,4,41
1.8984,5.2070,-1.7344,-115.671,-184.512,15.183,4,41
1.1655,5.0767,-0.8115,-109.695,-257.073,77.683,4,41
0.9907,4.8335,-0.1055,-134.756,-333.902,116.098,4,41
1.2422,4.4355,0.3521,-197.500,-390.671,131.768,4,41
1.7397,3.9150,0.6680,-260.183,-412.866,128.232,4,41
-1.0205,-0.1860,0.0562,38.293,7.195,10.183,3,41
-1.0952,-0.2319,0.1221,43.598,11.829,11.524,3,41
-1.1777,-0.2773,0.1631,47.439,16.829,12.561,3,41
-1.2378,-0.3242,0.1719,50.915,22.012,12.866,3,41
-1.2412,-0.3604,0.1387,53.232,26.341,11.220,3,41
-1.2192,-0.3804,0.0903,53.963,29.695,8.902,3,41
-1.1948,-0.4004,0.0571,52.988,32.012,6.098,3,41
-1.1851,-0.4448,0.0396,51.098,34.634,3.415,3,41
2.8667,3.2529,0.7500,-307.500,-418.902,113.354,4,41
3.9097,2.5542,0.0801,-272.134,-382.561,106.768,4,41
3.3433,3.0103,-1.3896,-153.598,-244.634,147.012,4,41
2.2563,2.9048,-2.0923,-78.780,-114.817,189.573,4,41
1.4941,2.8721,-2.9834,-9.817,-36.768,164.024,4,41
1.1426,2.6245,-3.4463,35.732,11.829,94.024,4,41
1.1353,2.5557,-3.5200,92.927,17.805,18.841,4,41
1.0518,2.6143,-3.4746,158.232,-5.305,-35.976,4,41
-1.1919,-0.4863,0.0444,48.110,37.073,1.646,3,41
-1.2095,-0.5288,0.0518,45.305,39.634,-0.427,3,41
-1.2178,-0.5508,0.0610,43.171,42.195,-2.256,3,41
-1.1963,-0.5313,0.0625,40.915,44.390,-3.659,3,41
-1.1528,-0.4575,0.1123,38.963,45.854,-4.207,3,41
-1.0996,-0.3818,0.1382,36.707,46.646,-4.939,3,41
-1.0518,-0.3145,0.1245,34.329,46.951,-5.793,3,41
-1.0181,-0.2686,0.1284,32.256,47.012,-6.646,3,41
0.7700,2.6206,-3.5166,208.659,-32.500,-64.756,4,41
0.3965,2.3906,-3.6919,243.841,-46.890,-72.988,4,41
0.1982,1.9321,-3.8784,274.390,-49.573,-65.000,4,41
0.2070,1.4063,-3.8965,303.293,-46.402,-46.098,4,41
0.3149,0.9023,-3.7495,331.220,-45.488,-21.159,4,41
0.3794,0.5732,-3.5645,356.463,-49.878,5.244,4,41
0.4028,0.4209,-3.3521,374.939,-57.439,28.354,4,41
0.3887,0.4375,-3.1563,384.390,-66.646,44.085,4,41
-0.9956,-0.2407,0.1240,29.268,46.951,-7.744,3,41
-0.9878,-0.2339,0.1309,26.341,47.256,-8.110,3,41
-0.9976,-0.2573,0.1147,23.720,47.866,-8.293,3,41
-0.9937,-0.2949,0.0698,21.341,48.598,-8.537,3,41
-0.9785,-0.3271,0.0366,19.695,48.415,-8.476,3,41
-0.9658,-0.3438,0.0034,19.329,49.451,-8.232,3,41
-0.9487,-0.3530,-0.0142,18.171,49.512,-7.805,3,41
-0.9487,-0.3726,-0.0215,18.293,49.939,-7.195,3,41
0.3628,0.5903,-2.9902,384.146,-75.305,51.829,4,41
0.2817,0.8525,-2.8174,378.537,-83.354,49.817,4,41
0.0708,1.1890,-2.6382,372.988,-92.561,35.976,4,41
-0.3560,1.5298,-2.4229,371.768,-111.037,5.793,4,41
-0.4717,2.0234,-2.2393,372.195,-141.524,-44.268,4,41
-0.0913,2.9731,-2.2012,355.732,-153.902,-91.037,4,41
0.0615,3.8706,-2.1353,303.232,-123.963,-114.329,4,41
0.1240,4.2769,-2.0669,253.537,-64.024,-108.354,4,41
-0.9639,-0.4072,-0.0459,16.951,50.366,-6.890,3,41
-0.9683,-0.4136,-0.0459,16.341,50.427,-6.951,3,41
-0.9712,-0.4204,-0.0576,15.000,50.244,-6.707,3,41
-0.9741,-0.4194,-0.0317,13.659,50.000,-6.159,3,41
-0.9702,-0.4067,-0.0054,10.671,48.902,-6.098,3,41
-0.9736,-0.3789,0.0176,7.683,48.232,-5.549,3,41
-0.9634,-0.3560,0.0356,4.329,46.524,-5.610,3,41
-0.9595,-0.3237,0.0342,0.976,45.244,-5.732,3,41
0.2861,4.2900,-2.0347,213.659,11.463,-77.744,4,41
0.3921,3.8823,-2.1797,191.280,85.305,-27.866,4,41
0.5396,3.2559,-2.7241,183.415,164.146,37.683,4,41
0.1133,2.1323,-3.4409,187.561,265.854,93.963,4,41
-0.6909,1.2129,-3.4341,213.110,336.585,127.744,4,41
-1.3740,0.6025,-2.6567,201.220,309.024,144.390,4,41
-1.8613,0.4199,-1.6323,133.720,175.671,171.585,4,41
-1.2700,-0.8506,-1.8130,92.317,27.439,202.378,4,41
-0.9404,-0.2856,0.0186,-3.171,43.415,-6.463,3,41
-0.9321,-0.2720,0.0171,-5.671,42.134,-6.890,3,41
-0.9346,-0.2617,0.0151,-8.598,40.671,-7.195,3,41
-0.9473,-0.2524,0.0288,-11.098,39.512,-7.134,3,41
-0.9453,-0.2495,0.0415,-13.293,38.720,-6.585,3,41
-0.9473,-0.2319,0.0581,-15.549,37.927,-6.707,3,41
-0.9390,-0.2217,0.0537,-15.915,37.927,-6.585,3,41
-0.9370,-0.2173,0.0083,-15.244,38.537,-6.402,3,41
-1.0015,-2.1411,-2.3633,134.939,-35.183,189.878,4,41
-1.2783,-2.2642,-1.9990,223.720,-31.402,185.122,4,41
-1.6729,-1.7876,-1.2759,262.683,-0.183,198.537,4,41
-2.0244,-1.3843,-0.6982,238.171,35.915,207.134,4,41
-2.1602,-1.0786,-0.4751,180.732,65.427,203.659,4,41
-2.1045,-0.8462,-0.5581,119.085,83.902,187.073,4,41
-2.0791,-0.6553,-0.6265,67.317,92.500,163.537,4,41
-2.1021,-0.5508,-0.7500,36.280,93.598,133.841,4,41
-0.9277,-0.2207,-0.0059,-13.537,38.780,-6.220,3,41
-0.9180,-0.2202,-0.0244,-12.012,39.024,-6.098,3,41
-0.9067,-0.2183,-0.0293,-11.524,38.902,-5.854,3,41
-0.8916,-0.2207,-0.0273,-11.402,38.049,-5.488,3,41
-0.8789,-0.2266,-0.0444,-11.829,37.256,-5.061,3,41
-0.8843,-0.2275,-0.0454,-11.829,36.341,-4.146,3,41
-0.8838,-0.2212,-0.0337,-11.829,35.549,-3.598,3,41
-0.8989,-0.2314,-0.0249,-12.439,34.634,-3.232,3,41
-1.2803,-0.3374,-1.0986,28.902,111.220,90.732,4,41
-1.3105,-0.3491,-0.9434,49.512,122.622,83.902,4,41
-1.5132,-0.4897,-0.8955,82.622,125.122,86.280,4,41
-1.6479,-0.5586,-0.8960,101.037,125.549,85.854,4,41
-1.5693,-0.4004,-1.0859,141.463,144.878,79.451,4,41
-1.7144,-0.3071,-1.0977,160.671,168.232,83.354,4,41
-1.9287,-0.2427,-1.1543,183.537,189.024,88.537,4,41
-2.0991,-0.1211,-1.2529,203.293,207.866,88.841,4,41
-0.8970,-0.2505,-0.0103,-12.195,34.634,-2.683,3,41
-0.9067,-0.2725,-0.0078,-12.073,34.573,-1.707,3,41
-0.9077,-0.2939,0.0093,-11.768,34.756,-1.159,3,41
-0.9136,-0.3076,0.0381,-12.500,34.756,-0.183,3,41
-0.9219,-0.3149,0.0488,-14.329,34.268,0.793,3,41
-0.9385,-0.3276,0.0474,-17.256,33.171,1.037,3,41
-0.9600,-0.3350,0.0396,-21.037,32.012,1.341,3,41
-0.9751,-0.3423,0.0088,-24.878,30.183,1.463,3,41
-2.2275,-0.0049,-1.2939,209.756,227.439,85.183,4,41
-2.2837,0.0923,-1.2881,209.573,245.854,79.268,4,41
-2.2661,0.1846,-1.3159,212.500,262.866,74.024,4,41
-2.2236,0.2925,-1.3618,220.061,277.073,70.427,4,41
-2.1519,0.4004,-1.3970,228.537,289.268,67.561,4,41
-2.0981,0.5005,-1.4185,235.671,299.573,66.098,4,41
-2.0801,0.5679,-1.4126,242.012,308.659,65.549,4,41
-2.0879,0.6045,-1.3862,247.012,317.073,65.000,4,41
-0.9907,-0.3535,-0.0356,-28.963,28.902,1.341,3,41
-1.0010,-0.3467,-0.1021,-32.073,27.866,0.976,3,41
-0.9980,-0.3325,-0.1504,-33.659,27.012,0.366,3,41
-0.9951,-0.3159,-0.1914,-34.329,26.463,-0.061,3,41
-0.9941,-0.2900,-0.2178,-33.902,26.463,-0.122,3,41
-0.9897,-0.2559,-0.2573,-32.256,26.220,-0.366,3,41
-0.9761,-0.2197,-0.2852,-29.756,26.341,-0.854,3,41
-0.9609,-0.2017,-0.3267,-27.256,25.671,-1.037,3,41
-2.1147,0.6528,-1.3306,251.707,324.878,65.305,4,41
-2.1436,0.6929,-1.2622,254.451,330.427,67.317,4,41
-2.1914,0.7485,-1.1743,255.061,334.207,70.610,4,41
-2.2285,0.7900,-1.1045,255.000,337.561,75.488,4,41
-2.2822,0.8418,-1.0420,254.268,339.939,82.134,4,41
-2.3550,0.8921,-0.9937,254.634,343.232,88.598,4,41
-2.4346,0.9277,-0.9429,256.159,346.646,96.463,4,41
-2.5215,0.9399,-0.8867,260.305,350.183,103.415,4,41
-0.9458,-0.1934,-0.3628,-23.232,25.732,-1.585,3,41
-0.9355,-0.1968,-0.3755,-19.451,25.061,-2.073,3,41
-0.9229,-0.2085,-0.3950,-15.671,25.793,-2.195,3,41
-0.9106,-0.2393,-0.4028,-11.707,26.098,-2.134,3,41
-0.8936,-0.2681,-0.4180,-8.049,26.098,-2.317,3,41
-0.8716,-0.3105,-0.4185,-4.207,26.585,-2.317,3,41
-0.8413,-0.3394,-0.3989,-1.341,26.951,-2.683,3,41
-0.8291,-0.3638,-0.3765,1.159,26.524,-2.256,3,41
-2.6245,0.9482,-0.8271,265.427,354.512,109.634,4,41
-2.7153,0.9263,-0.7637,271.402,360.183,114.939,4,41
-2.7939,0.8794,-0.6841,277.195,366.890,118.780,4,41
-2.8604,0.8257,-0.6035,280.610,374.390,121.463,4,41
-2.9121,0.7612,-0.5220,280.366,384.024,123.110,4,41
-2.9761,0.6797,-0.4580,277.195,394.573,123.598,4,41
-3.0303,0.5923,-0.3921,272.500,405.000,122.683,4,41
-3.0503,0.5103,-0.3174,266.280,414.390,120.610,4,41
-0.8179,-0.3857,-0.3521,3.293,26.768,-1.890,3,41
-0.8179,-0.3936,-0.3188,4.512,26.341,-1.280,3,41
-0.8208,-0.3804,-0.2998,5.183,25.915,-0.549,3,41
-0.8457,-0.3721,-0.2925,5.244,25.061,-0.366,3,41
-0.8633,-0.3726,-0.2905,6.159,24.634,0.000,3,41
-0.8833,-0.3662,-0.2900,7.683,24.756,0.610,3,41
-0.8916,-0.3687,-0.2954,9.695,25.305,1.098,3,41
-0.8945,-0.3887,-0.2900,12.195,26.220,1.829,3,41
-3.0864,0.4419,-0.2676,259.573,423.171,118.354,4,41
-3.1245,0.3960,-0.2100,252.256,431.768,115.122,4,41
-3.1636,0.3628,-0.1729,244.146,439.451,111.341,4,41
-3.2007,0.3179,-0.1479,237.012,446.220,107.439,4,41
-3.2524,0.2930,-0.1538,232.988,450.976,103.293,4,41
-3.3018,0.2510,-0.1870,235.122,453.476,98.293,4,41
-3.3374,0.2231,-0.2388,244.451,452.500,93.537,4,41
-3.3608,0.2500,-0.2588,258.354,450.061,89.024,4,41
-0.8994,-0.4038,-0.2832,15.061,27.500,2.317,3,41
-0.9058,-0.4380,-0.2681,17.805,28.476,2.683,3,41
-0.9028,-0.4673,-0.2827,20.915,29.695,3.415,3,41
-0.9019,-0.5044,-0.2769,23.049,30.976,3.963,3,41
-0.8906,-0.5259,-0.2896,25.244,31.585,4.695,3,41
-0.8809,-0.5293,-0.2861,27.195,32.439,5.061,3,41
-0.8682,-0.5269,-0.2866,27.622,32.622,5.732,3,41
-0.8687,-0.5239,-0.2783,28.049,32.317,5.976,3,41
-3.4077,0.3140,-0.2173,268.293,448.293,85.976,4,41
-3.4927,0.3970,-0.1509,270.244,448.415,84.146,4,41
-3.5928,0.4775,-0.0601,263.171,449.451,81.890,4,41
-3.6987,0.5444,0.0264,248.354,452.744,79.146,4,41
-3.8086,0.5625,0.0938,229.268,458.232,76.159,4,41
-3.8843,0.5239,0.1450,209.939,463.476,74.207,4,41
-3.9409,0.4521,0.1704,194.695,468.841,73.293,4,41
-3.9478,0.3755,0.1836,187.683,472.622,73.537,4,41
-0.8667,-0.4971,-0.2651,27.805,31.402,7.134,3,41
-0.8721,-0.4873,-0.2554,26.951,30.793,7.439,3,41
-0.8794,-0.4688,-0.2324,25.366,29.512,8.415,3,41
-0.8975,-0.4463,-0.2178,22.866,27.988,8.780,3,41
-0.9160,-0.4224,-0.2207,20.122,26.402,9.573,3,41
-0.9321,-0.4165,-0.2051,17.866,25.122,10.549,3,41
-0.9434,-0.4097,-0.1802,15.427,23.780,11.159,3,41
-0.9395,-0.4214,-0.1758,12.561,21.890,12.622,3,41
-3.9175,0.3159,0.1934,185.732,474.024,74.756,4,41
-3.8726,0.2607,0.2095,190.488,473.841,76.585,4,41
-3.8110,0.2344,0.2202,198.720,471.585,78.537,4,41
-3.7568,0.2300,0.2407,207.317,468.963,80.244,4,41
-3.7197,0.2202,0.2798,215.183,465.549,81.951,4,41
-3.6973,0.2212,0.3228,221.707,462.012,83.476,4,41
-3.6924,0.2163,0.3784,226.159,458.171,84.756,4,41
-3.7012,0.2012,0.4297,230.610,454.939,85.122,4,41
-0.9204,-0.4263,-0.1768,11.707,21.402,13.476,3,41
-0.9180,-0.4155,-0.1519,10.671,20.732,14.451,3,41
-0.9229,-0.4043,-0.1401,8.415,19.817,15.488,3,41
-0.9248,-0.3823,-0.1318,7.012,19.268,16.280,3,41
-0.9453,-0.3618,-0.1343,5.183,18.598,17.134,3,41
-0.9526,-0.3223,-0.1533,4.390,18.110,17.073,3,41
-0.9688,-0.3125,-0.1670,4.695,18.780,17.927,3,41
-0.9810,-0.2964,-0.1665,5.671,19.634,19.024,3,41
-3.7173,0.1758,0.5024,233.841,451.463,84.573,4,41
-3.7192,0.1519,0.5596,237.378,448.598,82.378,4,41
-3.6943,0.1284,0.6060,240.854,446.037,79.451,4,41
-3.6499,0.1064,0.6455,244.207,443.476,75.671,4,41
-3.6035,0.0752,0.7031,246.768,440.976,72.134,4,41
-3.5547,0.0420,0.7251,248.354,436.951,68.049,4,41
-3.4990,0.0059,0.7344,248.598,433.537,63.049,4,41
-3.4443,-0.0171,0.7617,245.000,429.695,57.256,4,41
-0.9585,-0.3262,-0.1519,8.049,20.854,19.756,3,41
-0.9424,-0.3350,-0.1538,10.122,21.951,20.976,3,41
-0.9409,-0.3706,-0.1807,12.622,23.720,22.134,3,41
-0.9395,-0.4131,-0.2036,14.573,25.000,22.988,3,41
-0.9233,-0.4414,-0.2104,15.671,25.793,23.841,3,41
-0.8965,-0.4487,-0.2002,16.159,26.463,24.390,3,41
-0.8877,-0.4312,-0.1807,15.732,26.463,25.488,3,41
-0.8735,-0.4043,-0.1572,14.695,26.159,26.402,3,41
-0.5054,-0.9023,-0.1445,27.073,-168.049,-307.561,1,90
-0.4990,-0.8965,-0.1528,28.720,-169.085,-307.073,1,90
-0.4971,-0.8931,-0.1572,30.305,-170.671,-306.402,1,90
-0.4946,-0.8853,-0.1641,31.951,-172.683,-305.488,1,90
-0.4922,-0.8823,-0.1763,33.598,-173.659,-304.390,1,90
-0.4893,-0.8833,-0.1885,34.878,-174.634,-302.927,1,90
-0.4858,-0.8726,-0.2012,36.524,-175.793,-302.195,1,90
-0.4863,-0.8770,-0.2246,37.866,-177.134,-300.976,1,90
0.4932,0.0327,-0.3877,49.207,18.171,-153.476,2,90
0.4956,0.0566,-0.3896,46.341,20.061,-155.000,2,90
0.5083,0.0669,-0.3823,43.232,22.195,-156.890,2,90
0.5220,0.0913,-0.3730,39.573,24.024,-158.659,2,90
0.5396,0.1094,-0.3613,35.793,25.549,-160.061,2,90
0.5488,0.1230,-0.3638,32.012,27.439,-161.707,2,90
0.5703,0.1387,-0.3569,28.110,29.024,-162.866,2,90
0.5840,0.1514,-0.3647,24.329,30.488,-163.902,2,90
-0.8145,-0.3955,-0.3511,19.512,27.317,31.341,3,41
-0.8164,-0.3779,-0.3315,17.683,25.793,31.402,3,41
-0.8306,-0.3491,-0.2998,15.793,23.720,32.256,3,41
-0.8452,-0.3223,-0.2881,13.963,21.951,32.500,3,41
-0.8589,-0.2939,-0.2788,12.744,20.366,33.293,3,41
-0.8682,-0.2695,-0.2383,12.134,20.244,33.659,3,41
-0.8813,-0.2529,-0.2349,12.195,19.512,33.841,3,41
-0.9121,-0.2500,-0.2163,13.171,19.756,34.573,3,41
-0.4556,-0.9038,-0.3315,51.037,-183.963,-291.524,1,90
-0.4497,-0.9194,-0.3540,51.951,-184.146,-290.122,1,90
-0.4492,-0.9258,-0.3716,52.744,-184.817,-289.024,1,90
-0.4429,-0.9302,-0.3892,52.805,-185.000,-287.744,1,90
-0.4365,-0.9409,-0.3906,53.110,-184.939,-286.159,1,90
-0.4346,-0.9502,-0.4028,52.805,-185.244,-284.939,1,90
-0.4375,-0.9531,-0.4121,52.073,-185.244,-283.415,1,90
-0.4229,-0.9507,-0.4287,50.732,-185.366,-281.829,1,90
0.6104,0.2002,-0.3330,-6.585,42.073,-171.524,2,90
0.6133,0.2002,-0.3311,-8.963,43.415,-172.805,2,90
0.6084,0.2002,-0.3350,-11.037,45.244,-173.659,2,90
0.5981,0.2012,-0.3374,-12.744,47.195,-174.573,2,90
0.5869,0.2090,-0.3516,-14.390,49.390,-175.427,2,90
0.5845,0.2207,-0.3569,-15.366,51.524,-176.463,2,90
0.5796,0.2339,-0.3535,-16.220,54.146,-177.317,2,90
0.5684,0.2461,-0.3618,-16.707,57.012,-178.293,2,90
-0.9766,-0.4141,-0.1235,27.866,27.622,42.073,3,41
-0.9717,-0.4556,-0.1479,29.634,28.780,43.476,3,41
-0.9595,-0.4707,-0.1831,31.646,30.549,44.756,3,41
-0.9409,-0.4561,-0.2329,33.841,32.256,45.732,3,41
-0.9253,-0.4297,-0.2666,36.159,33.780,47.012,3,41
-0.9097,-0.4058,-0.2798,37.256,34.451,48.049,3,41
-0.9082,-0.3906,-0.2725,37.134,34.390,49.512,3,41
-0.8892,-0.3906,-0.2495,36.402,34.329,50.915,3,41
-2.2749,0.4116,0.6128,-42.073,310.488,68.354,4,41
-2.2715,0.3618,0.6528,-51.159,309.207,63.780,4,41
-2.2637,0.3022,0.7026,-59.390,305.000,58.232,4,41
-2.2407,0.2524,0.7520,-65.000,297.683,52.256,4,41
-2.2231,0.1895,0.7935,-67.317,288.598,47.012,4,41
-2.1831,0.1636,0.8203,-68.780,278.780,42.622,4,41
-2.1479,0.1470,0.8418,-70.000,269.878,39.756,4,41
-2.1113,0.1479,0.8198,-73.659,263.110,38.720,4,41
-0.8760,-0.4165,-0.1934,34.573,34.146,53.110,3,41
-0.8740,-0.4316,-0.1899,33.720,34.146,53.963,3,41
-0.8623,-0.4204,-0.1821,33.110,34.451,55.488,3,41
-0.8726,-0.3970,-0.2061,33.415,35.488,57.073,3,41
-0.8872,-0.3613,-0.2329,34.756,36.463,58.841,3,41
-0.9106,-0.3325,-0.2671,37.988,38.598,60.427,3,41
-0.9253,-0.3247,-0.2847,41.341,40.610,62.012,3,41
-0.9282,-0.3242,-0.2949,43.841,42.500,63.232,3,41
-2.0850,0.1558,0.8145,-79.573,259.390,40.061,4,41
-2.0708,0.1538,0.8091,-85.366,257.500,42.683,4,41
-2.0645,0.1367,0.8491,-88.415,255.244,45.671,4,41
-2.0513,0.0898,0.9302,-86.280,251.768,47.744,4,41
-2.0093,0.0313,1.0293,-79.939,245.244,47.317,4,41
-1.9473,-0.0435,1.1025,-69.268,236.220,44.817,4,41
-1.8423,-0.1016,1.1401,-57.317,226.585,40.549,4,41
-1.7363,-0.1499,1.1436,-45.000,217.561,35.671,4,41
-0.9067,-0.3369,-0.2720,45.976,43.659,64.878,3,41
-0.9077,-0.3379,-0.2686,46.037,43.841,65.183,3,41
-0.9004,-0.3311,-0.2427,45.915,44.024,66.402,3,41
-0.9004,-0.3203,-0.2534,44.756,43.902,68.232,3,41
-0.9204,-0.3188,-0.2593,43.659,43.780,69.695,3,41
-0.9326,-0.3345,-0.2832,42.622,43.780,70.915,3,41
-0.9287,-0.3672,-0.2817,41.463,43.902,72.622,3,41
-0.9116,-0.4077,-0.2690,39.695,44.268,74.207,3,41
-0.3906,-1.1255,-0.8535,-23.110,-171.707,-247.439,1,90
-0.3945,-1.1328,-0.8682,-27.866,-171.159,-245.671,1,90
-0.3984,-1.1406,-0.8838,-32.317,-170.244,-243.963,1,90
-0.4072,-1.1426,-0.9082,-36.707,-170.122,-242.256,1,90
-0.4116,-1.1382,-0.9292,-41.402,-170.122,-241.280,1,90
-0.4170,-1.1318,-0.9546,-45.854,-170.122,-239.939,1,90
-0.4243,-1.1240,-0.9966,-50.976,-170.366,-239.329,1,90
-0.4360,-1.1104,-1.0332,-56.524,-170.488,-238.537,1,90
0.7173,0.9604,-0.4404,58.354,102.927,-144.268,2,90
0.7183,0.9639,-0.4399,61.829,102.683,-141.585,2,90
0.7158,0.9663,-0.4351,64.512,102.500,-139.451,2,90
0.7153,0.9639,-0.4380,66.951,102.073,-136.402,2,90
0.7251,0.9614,-0.4331,69.512,101.890,-133.476,2,90
0.7271,0.9609,-0.4282,71.585,102.378,-130.671,2,90
0.7412,0.9683,-0.4326,73.049,102.073,-127.256,2,90
0.7578,0.9629,-0.4243,74.573,101.951,-124.207,2,90
-0.4360,-1.1006,-1.0649,-62.012,-170.549,-237.439,1,90
-0.4526,-1.0874,-1.1108,-67.195,-170.915,-236.280,1,90
-0.4619,-1.0742,-1.1675,-72.439,-171.159,-234.451,1,90
-0.4810,-1.0552,-1.2319,-78.232,-171.280,-232.500,1,90
-0.4941,-1.0303,-1.3032,-84.573,-171.707,-229.939,1,90
-0.5190,-1.0103,-1.3765,-90.915,-171.524,-226.768,1,90
-0.5532,-0.9922,-1.4419,-97.378,-171.037,-223.171,1,90
-0.5815,-0.9658,-1.4854,-102.622,-170.183,-218.902,1,90
0.7671,0.9702,-0.4189,74.329,101.037,-121.220,2,90
0.7788,0.9756,-0.4111,74.878,100.244,-117.439,2,90
0.8076,0.9824,-0.4219,75.000,99.390,-114.329,2,90
0.8281,1.0010,-0.4189,75.427,98.171,-110.366,2,90
0.8535,0.9980,-0.4248,75.610,96.646,-106.707,2,90
0.8804,1.0166,-0.4209,75.549,95.000,-103.110,2,90
0.9146,1.0205,-0.4253,74.451,93.598,-99.512,2,90
0.9443,1.0327,-0.4316,73.476,91.280,-95.427,2,90
-1.0010,-0.1089,-0.2725,-3.476,37.012,95.610,3,41
-0.9561,-0.1318,-0.2393,-4.146,37.134,96.341,3,41
-0.9229,-0.1514,-0.2310,-2.988,37.439,96.768,3,41
-0.8755,-0.1597,-0.2637,-5.976,35.488,93.720,3,41
-0.8477,-0.1611,-0.3486,-6.951,34.878,92.195,3,41
-0.8413,-0.1284,-0.3950,-4.390,36.220,92.134,3,41
-0.8818,-0.0859,-0.4116,-3.537,35.854,90.732,3,41
-0.8853,-0.0610,-0.4233,-4.817,33.415,88.049,3,41
-1.0605,-0.6138,-1.5161,-137.134,-157.073,-164.756,1,90
-1.1182,-0.5806,-1.5474,-140.305,-156.098,-158.598,1,90
-1.1709,-0.5283,-1.5791,-143.293,-154.878,-152.500,1,90
-1.2339,-0.4639,-1.5957,-145.549,-153.232,-145.854,1,90
-1.2979,-0.3940,-1.6104,-148.780,-151.220,-139.085,1,90
-1.3657,-0.3179,-1.6455,-151.402,-148.720,-131.768,1,90
-1.4399,-0.2271,-1.6523,-154.268,-144.329,-124.329,1,90
-1.5132,-0.1343,-1.6646,-157.561,-139.451,-116.341,1,90
1.3398,1.1294,-0.6211,56.280,75.183,-57.683,2,90
1.3901,1.1318,-0.6455,54.268,73.963,-52.866,2,90
1.4287,1.1406,-0.6719,51.524,72.317,-47.866,2,90
1.4683,1.1440,-0.6909,48.902,70.915,-43.293,2,90
1.5132,1.1514,-0.7085,46.220,68.963,-38.293,2,90
1.5498,1.1582,-0.7383,43.354,67.256,-33.476,2,90
1.5845,1.1597,-0.7729,41.463,65.000,-28.537,2,90
1.6191,1.1621,-0.7930,39.329,63.110,-23.537,2,90
-1.0190,0.0698,-0.3271,6.402,27.866,71.951,3,41
-0.9829,0.0630,-0.3311,10.671,28.354,69.207,3,41
-0.9468,0.0688,-0.3398,14.878,28.537,66.341,3,41
-0.9341,0.0688,-0.3857,18.049,28.049,62.988,3,41
-0.9453,0.0776,-0.4160,21.890,27.683,59.146,3,41
-0.9219,0.1187,-0.4468,25.183,26.585,54.390,3,41
-0.8809,0.1553,-0.4795,28.049,25.854,49.512,3,41
-0.7974,0.2192,-0.5205,30.610,24.634,43.963,3,41
-2.2256,0.8120,-1.7427,-164.512,-49.146,-19.878,1,90
-2.3086,0.9341,-1.7134,-160.061,-34.878,-7.927,1,90
-2.3716,1.0620,-1.6655,-154.268,-20.610,3.963,1,90
-2.4292,1.1831,-1.6230,-150.000,-7.317,15.488,1,90
-2.4717,1.2930,-1.5796,-140.183,6.768,26.585,1,90
-2.5107,1.4165,-1.5195,-129.146,20.671,37.561,1,90
-2.5723,1.5918,-1.4517,-118.841,37.866,54.085,1,90
-2.5962,1.6846,-1.4292,-113.232,48.049,65.061,1,90
1.8262,1.0938,-0.9058,8.171,50.061,19.756,2,90
1.8599,1.0640,-0.8955,3.354,49.634,25.427,2,90
1.8960,1.0337,-0.8857,-0.732,49.268,31.341,2,90
1.9263,1.0073,-0.8818,-5.305,49.695,37.317,2,90
1.9595,0.9800,-0.8765,-10.305,49.207,43.598,2,90
1.9971,0.9478,-0.8525,-14.878,48.841,49.390,2,90
2.0400,0.9175,-0.8301,-19.390,47.805,55.671,2,90
2.0825,0.8867,-0.8091,-23.476,46.220,61.220,2,90
-1.2017,-0.0571,-0.0703,39.024,27.744,8.598,3,41
-1.1777,-0.0352,-0.0371,38.476,28.110,7.378,3,41
-1.1265,0.0229,-0.0161,36.646,28.841,4.268,3,41
-1.1245,0.1006,-0.0342,36.341,29.756,1.707,3,41
-1.1431,0.1743,-0.0708,37.256,30.854,-1.524,3,41
-1.1260,0.2061,-0.1274,38.171,32.073,-5.976,3,41
-1.0513,0.2026,-0.2070,39.573,32.134,-10.183,3,41
-0.9810,0.1997,-0.2651,40.000,31.829,-14.695,3,41
-2.5225,1.5566,-1.4214,-34.268,92.927,182.317,1,90
-2.5444,1.5293,-1.3999,-25.976,96.159,197.683,1,90
-2.5737,1.4941,-1.3965,-17.866,98.476,213.598,1,90
-2.6304,1.4453,-1.3916,-11.402,100.976,229.329,1,90
-2.6768,1.3989,-1.3882,-6.280,102.988,244.878,1,90
-2.7256,1.3403,-1.3931,-1.890,105.976,259.512,1,90
-2.7686,1.2700,-1.3799,2.561,109.085,272.927,1,90
-2.7837,1.2041,-1.3467,6.341,113.049,285.183,1,90
2.3828,0.8213,-0.6479,-46.220,19.878,110.488,2,90
2.3984,0.8091,-0.6436,-47.988,15.488,114.756,2,90
2.4028,0.8120,-0.6548,-48.476,11.159,119.268,2,90
2.3989,0.8086,-0.6592,-48.049,7.500,123.537,2,90
2.3862,0.8076,-0.6685,-48.049,3.841,127.195,2,90
2.3652,0.8110,-0.6792,-47.317,0.122,131.341,2,90
2.3379,0.8115,-0.6821,-46.098,-2.805,134.634,2,90
2.3032,0.8115,-0.6948,-44.573,-5.549,138.354,2,90
-0.9395,-0.1333,-0.3477,18.232,9.329,-41.463,3,41
-0.9199,-0.1851,-0.3462,18.476,9.024,-42.378,3,41
-0.9170,-0.2300,-0.3584,17.622,8.659,-42.683,3,41
-0.9102,-0.2603,-0.3745,16.829,8.049,-43.110,3,41
-0.9092,-0.2856,-0.3779,16.890,8.232,-43.049,3,41
-0.9014,-0.2739,-0.3574,15.854,7.988,-43.110,3,41
-0.9072,-0.2583,-0.3545,14.268,7.683,-42.866,3,41
-0.9121,-0.2451,-0.3325,12.134,6.951,-42.744,3,41
-2.4277,0.6357,-1.0146,33.110,142.500,360.915,1,90
-2.3896,0.5718,-0.9829,35.915,144.878,369.939,1,90
-2.3521,0.5098,-0.9360,39.695,147.134,379.939,1,90
-2.3267,0.4502,-0.8770,43.110,149.451,389.085,1,90
-2.3071,0.3896,-0.8335,46.768,151.646,398.537,1,90
-2.3062,0.3481,-0.7998,50.000,154.024,407.378,1,90
-2.2896,0.2583,-0.7637,51.768,155.610,419.390,1,90
-2.2944,0.2251,-0.6997,50.671,156.890,425.976,1,90
1.7554,0.8799,-0.7979,-9.939,-23.841,159.573,2,90
1.7271,0.8765,-0.7935,-8.171,-24.756,160.305,2,90
1.6738,0.8696,-0.7847,-3.720,-25.793,162.744,2,90
1.6255,0.8623,-0.7671,0.061,-26.768,165.183,2,90
1.5840,0.8452,-0.7363,3.232,-27.744,168.171,2,90
1.5449,0.8179,-0.6890,5.305,-28.476,171.585,2,90
1.5229,0.7827,-0.6411,6.402,-28.659,176.280,2,90
1.4990,0.7349,-0.6055,6.890,-29.268,181.220,2,90
-2.2979,0.1914,-0.6602,46.768,158.780,431.890,1,90
-2.2979,0.1235,-0.6323,38.841,159.329,437.500,1,90
-2.2783,0.0356,-0.6328,30.854,158.963,441.768,1,90
-2.2500,-0.0747,-0.6377,25.793,158.720,445.305,1,90
-2.2271,-0.1758,-0.6162,22.744,158.963,448.110,1,90
-2.1934,-0.2793,-0.5840,21.890,160.000,450.610,1,90
-2.1787,-0.3833,-0.5386,21.463,161.524,452.256,1,90
-2.1387,-0.4922,-0.4863,21.159,164.024,453.110,1,90
1.5029,0.6436,-0.5254,6.280,-29.939,189.390,2,90
1.5010,0.5771,-0.4736,5.488,-30.000,195.000,2,90
1.5205,0.5093,-0.4287,3.963,-29.573,201.463,2,90
1.5283,0.4370,-0.3711,1.951,-29.207,207.378,2,90
1.5488,0.4033,-0.3433,0.915,-28.720,210.549,2,90
1.5708,0.2852,-0.2593,-4.024,-28.171,219.024,2,90
1.5752,0.2100,-0.1860,-7.561,-27.500,223.659,2,90
1.5737,0.1338,-0.1318,-11.646,-27.439,227.683,2,90
-2.1128,-0.5913,-0.4058,20.732,166.646,453.659,1,90
-2.0952,-0.6958,-0.3286,20.244,169.451,453.415,1,90
-2.0747,-0.8013,-0.2437,19.451,172.683,452.439,1,90
-2.0591,-0.9004,-0.1514,18.780,174.939,451.220,1,90
-2.0522,-0.9956,-0.0723,17.927,176.951,449.146,1,90
-2.0488,-1.0977,0.0088,16.463,177.744,446.037,1,90
-2.0503,-1.2041,0.0840,15.183,178.476,442.378,1,90
-2.0483,-1.3052,0.1245,14.024,178.293,438.049,1,90
1.5566,0.0698,-0.0684,-15.610,-27.500,230.915,2,90
1.5337,0.0073,-0.0225,-19.329,-27.561,233.232,2,90
1.4912,-0.0449,0.0356,-23.171,-27.988,234.451,2,90
1.4575,-0.0898,0.0801,-27.927,-28.598,235.305,2,90
1.4072,-0.1147,0.1240,-33.780,-29.390,235.366,2,90
1.3579,-0.1484,0.1655,-39.695,-30.305,235.366,2,90
1.3110,-0.1733,0.2007,-46.402,-31.098,235.183,2,90
1.2578,-0.1973,0.2261,-52.683,-31.829,235.305,2,90
-0.8374,-0.3379,-0.4941,-23.659,-31.341,-56.585,3,41
-0.8379,-0.3569,-0.5093,-24.329,-33.780,-56.585,3,41
-0.8228,-0.3613,-0.5078,-25.183,-36.585,-56.159,3,41
-0.8228,-0.3296,-0.5078,-24.878,-39.146,-55.610,3,41
-0.8335,-0.3013,-0.5117,-24.390,-40.854,-54.878,3,41
-0.8364,-0.2529,-0.5186,-23.780,-43.476,-54.756,3,41
-0.8545,-0.2109,-0.5259,-22.927,-46.341,-54.024,3,41
-0.8784,-0.1875,-0.5269,-22.256,-48.232,-53.902,3,41
-1.8086,-2.0020,0.1226,13.476,192.012,377.195,1,90
-1.7397,-1.9893,0.1348,11.341,193.415,372.256,1,90
-1.6533,-1.9644,0.1450,8.598,194.329,368.659,1,90
-1.5605,-1.9429,0.1323,4.756,193.415,366.768,1,90
-1.4629,-1.9224,0.1191,0.732,190.488,366.585,1,90
-1.3755,-1.9082,0.0977,-4.146,187.012,367.744,1,90
-1.2539,-1.9146,0.0938,-11.098,179.695,371.037,1,90
-1.1846,-1.9395,0.0947,-14.573,174.634,374.268,1,90
0.8076,-0.2324,0.2720,-93.415,-28.841,242.744,2,90
0.7749,-0.2490,0.2646,-95.183,-29.390,242.805,2,90
0.7510,-0.2656,0.2295,-95.915,-30.122,242.561,2,90
0.7153,-0.2803,0.2070,-94.939,-31.098,242.561,2,90
0.6958,-0.2891,0.1948,-93.110,-31.280,241.829,2,90
0.6865,-0.2983,0.1772,-91.037,-30.976,240.793,2,90
0.6655,-0.3062,0.1299,-88.049,-30.183,239.512,2,90
0.6353,-0.3062,0.1167,-84.146,-29.024,237.866,2,90
-0.8994,-0.2437,-0.4058,-4.146,-60.732,-48.963,3,41
-0.9009,-0.2441,-0.3955,-3.171,-60.793,-48.720,3,41
-0.9038,-0.2495,-0.3721,-1.220,-60.915,-47.561,3,41
-0.9277,-0.2529,-0.3418,0.061,-61.707,-45.610,3,41
-0.9434,-0.2559,-0.3477,2.256,-61.890,-43.902,3,41
-0.9565,-0.2500,-0.3496,4.756,-61.280,-42.256,3,41
-0.9619,-0.2559,-0.3398,6.646,-61.951,-40.244,3,41
-0.9585,-0.2607,-0.3486,8.354,-61.890,-38.963,3,41
-0.9160,-2.6265,0.2363,41.768,164.756,383.780,1,90
-0.8564,-2.7261,0.2456,54.268,167.744,374.573,1,90
-0.7939,-2.8110,0.2495,65.183,169.451,363.232,1,90
-0.7021,-2.8799,0.2617,73.354,169.573,350.732,1,90
-0.6055,-2.9556,0.2583,78.902,168.537,338.720,1,90
-0.4878,-3.0103,0.2734,82.500,165.793,326.341,1,90
-0.3789,-3.0693,0.3066,83.902,162.439,315.183,1,90
-0.2632,-3.1304,0.3164,82.866,158.598,305.000,1,90
0.4302,-0.1475,0.0205,-49.817,-23.963,197.500,2,90
0.3965,-0.1304,0.0112,-47.195,-23.598,192.134,2,90
0.3643,-0.1191,0.0093,-43.963,-23.780,186.707,2,90
0.3228,-0.1172,-0.0059,-42.134,-23.720,180.854,2,90
0.2847,-0.1099,-0.0142,-39.756,-24.207,175.183,2,90
0.2349,-0.1118,-0.0166,-37.744,-24.634,169.146,2,90
0.1987,-0.1040,-0.0288,-36.768,-24.878,163.110,2,90
0.1611,-0.1060,-0.0327,-35.244,-25.549,157.134,2,90
-0.8750,-0.3428,-0.2827,7.683,-67.988,-31.220,3,41
-0.8955,-0.3354,-0.2417,4.939,-68.902,-30.244,3,41
-0.9219,-0.3359,-0.2085,1.402,-69.634,-29.207,3,41
-0.9321,-0.3506,-0.2017,-1.585,-69.634,-27.744,3,41
-0.9463,-0.3481,-0.1855,-3.476,-70.244,-27.012,3,41
-0.9521,-0.3516,-0.1763,-5.671,-70.732,-26.463,3,41
-0.9487,-0.3564,-0.1772,-6.829,-70.183,-25.732,3,41
-0.9448,-0.3545,-0.1841,-6.159,-69.085,-25.366,3,41
0.9033,-3.5674,0.1841,49.695,114.878,229.817,1,90
1.0220,-3.5454,0.1587,45.671,108.293,217.378,1,90
1.1416,-3.5020,0.1245,41.037,100.854,204.268,1,90
1.2412,-3.4395,0.0820,36.585,92.805,190.793,1,90
1.3750,-3.3325,0.0200,29.207,79.695,171.159,1,90
1.4482,-3.2480,-0.0337,23.415,70.793,159.024,1,90
1.4883,-3.1665,-0.0918,18.049,61.829,147.195,1,90
1.5210,-3.0713,-0.1577,12.195,53.293,136.341,1,90
-0.0513,-0.2222,-0.1084,-39.146,-31.585,113.415,2,90
-0.0625,-0.2319,-0.1123,-40.305,-32.256,109.695,2,90
-0.0649,-0.2456,-0.1055,-42.134,-32.866,106.159,2,90
-0.0713,-0.2617,-0.0991,-44.390,-33.720,102.622,2,90
-0.0713,-0.2739,-0.0903,-46.951,-34.817,99.146,2,90
-0.0645,-0.2837,-0.0835,-49.329,-35.915,95.427,2,90
-0.0537,-0.2871,-0.0776,-52.012,-37.317,91.585,2,90
-0.0488,-0.3008,-0.0649,-54.939,-38.841,88.110,2,90
1.5386,-2.9834,-0.2231,6.768,45.549,126.098,1,90
1.5381,-2.8936,-0.2939,1.768,38.415,116.951,1,90
1.5259,-2.8091,-0.3530,-2.500,32.561,108.537,1,90
1.4897,-2.7300,-0.4194,-6.280,28.110,101.280,1,90
1.4634,-2.6567,-0.4746,-7.988,24.878,94.573,1,90
1.4326,-2.5967,-0.5298,-9.451,23.049,88.902,1,90
1.4019,-2.5493,-0.5786,-9.695,22.073,83.293,1,90
1.3711,-2.5054,-0.6128,-8.659,22.256,77.622,1,90
-0.0269,-0.3066,-0.0703,-57.927,-40.915,84.573,2,90
-0.0190,-0.3091,-0.0640,-60.854,-42.988,81.037,2,90
-0.0015,-0.3071,-0.0620,-64.329,-45.061,77.622,2,90
0.0088,-0.3071,-0.0669,-67.683,-47.134,74.512,2,90
0.0361,-0.3159,-0.0767,-71.037,-49.207,71.951,2,90
0.0483,-0.3145,-0.0913,-73.659,-50.610,69.146,2,90
0.0679,-0.3003,-0.1157,-75.244,-52.073,67.134,2,90
0.0889,-0.2866,-0.1313,-76.951,-53.171,65.061,2,90
1.3423,-2.4727,-0.6460,-6.951,22.866,72.622,1,90
1.3101,-2.4561,-0.6660,-4.329,23.720,66.829,1,90
1.2764,-2.4404,-0.6772,-2.073,24.695,60.671,1,90
1.2388,-2.4365,-0.6816,1.037,25.366,53.902,1,90
1.2119,-2.4321,-0.6812,4.024,25.915,47.134,1,90
1.1704,-2.4189,-0.6831,6.585,25.732,39.756,1,90
1.1411,-2.4067,-0.6797,8.720,25.671,32.073,1,90
1.1162,-2.4067,-0.6738,10.000,25.061,24.268,1,90
0.1138,-0.2598,-0.1597,-79.085,-53.293,63.415,2,90
0.1353,-0.2300,-0.1748,-80.854,-53.354,61.463,2,90
0.1704,-0.1948,-0.2051,-83.110,-53.537,60.244,2,90
0.1899,-0.1494,-0.2378,-84.451,-52.378,58.354,2,90
0.2080,-0.1045,-0.2612,-85.183,-51.280,57.012,2,90
0.2310,-0.0527,-0.2666,-86.463,-49.512,55.366,2,90
0.2563,0.0068,-0.2715,-87.622,-47.744,53.476,2,90
0.2622,0.0684,-0.2695,-89.024,-46.280,51.037,2,90
1.0991,-2.3984,-0.6714,10.671,24.329,16.159,1,90
1.0708,-2.3838,-0.6572,11.037,23.598,8.354,1,90
1.0615,-2.3687,-0.6543,10.549,23.232,0.793,1,90
1.0439,-2.3462,-0.6382,9.512,22.866,-6.524,1,90
1.0435,-2.3169,-0.6260,8.659,22.378,-13.841,1,90
1.0371,-2.2827,-0.6069,6.829,22.073,-20.488,1,90
1.0552,-2.2358,-0.5820,4.817,21.524,-26.646,1,90
1.0630,-2.1987,-0.5615,1.707,20.671,-32.317,1,90
0.2793,0.1304,-0.2808,-90.854,-45.244,47.927,2,90
0.2827,0.1958,-0.2764,-91.768,-44.512,44.695,2,90
0.2983,0.2627,-0.2969,-92.012,-44.329,41.037,2,90
0.3091,0.3232,-0.3057,-91.341,-44.268,37.256,2,90
0.3086,0.3843,-0.3208,-90.610,-44.512,33.171,2,90
0.3188,0.4404,-0.3433,-88.293,-44.390,28.659,2,90
0.3145,0.4902,-0.3496,-85.793,-44.207,25.366,2,90
0.3262,0.5479,-0.3550,-82.622,-43.902,21.951,2,90
1.0747,-2.1602,-0.5400,-1.463,20.244,-37.744,1,90
1.0791,-2.1099,-0.5303,-4.756,19.634,-42.988,1,90
1.0884,-2.0625,-0.5190,-8.476,19.085,-47.622,1,90
1.0933,-2.0142,-0.5078,-11.829,18.537,-52.195,1,90
1.1011,-1.9360,-0.4995,-16.951,17.317,-57.927,1,90
1.0967,-1.8896,-0.4922,-20.610,17.317,-61.402,1,90
1.0923,-1.8379,-0.5015,-24.390,16.524,-64.390,1,90
1.0791,-1.7954,-0.4829,-27.744,16.098,-67.012,1,90
0.3320,0.5918,-0.3740,-78.902,-43.598,19.024,2,90
0.3354,0.6367,-0.3804,-74.817,-43.659,16.280,2,90
0.3320,0.6665,-0.3901,-70.488,-43.537,13.720,2,90
0.3413,0.6875,-0.3906,-65.366,-43.720,11.951,2,90
0.3477,0.7095,-0.3979,-60.366,-44.146,9.634,2,90
0.3584,0.7324,-0.4106,-54.939,-44.512,7.561,2,90
0.3604,0.7363,-0.4263,-48.598,-45.244,5.427,2,90
0.3613,0.7334,-0.4243,-42.439,-45.610,3.415,2,90
1.0640,-1.7446,-0.4761,-31.646,16.341,-69.573,1,90
1.0410,-1.7026,-0.4629,-35.061,16.280,-71.768,1,90
1.0137,-1.6650,-0.4609,-38.659,16.159,-73.537,1,90
0.9858,-1.6211,-0.4556,-41.220,15.915,-75.549,1,90
0.9590,-1.5781,-0.4448,-43.780,16.037,-77.256,1,90
0.9365,-1.5396,-0.4287,-46.646,15.488,-78.902,1,90
0.9087,-1.4956,-0.4224,-48.720,15.488,-80.000,1,90
0.8848,-1.4585,-0.4014,-50.732,15.122,-81.646,1,90
0.3604,0.7373,-0.4355,-36.646,-45.976,1.280,2,90
0.3740,0.7202,-0.4424,-30.732,-46.402,-1.159,2,90
0.3691,0.7124,-0.4487,-24.695,-46.524,-4.085,2,90
0.3647,0.7012,-0.4585,-18.659,-46.159,-7.012,2,90
0.3672,0.7002,-0.4580,-13.232,-45.671,-10.000,2,90
0.3706,0.7036,-0.4580,-8.293,-45.000,-13.232,2,90
0.3643,0.7075,-0.4526,-4.268,-43.841,-16.280,2,90
0.3633,0.7158,-0.4385,-1.646,-42.195,-19.146,2,90
0.8408,-1.4204,-0.3882,-52.622,14.573,-83.049,1,90
0.8052,-1.3857,-0.3794,-54.207,14.390,-85.000,1,90
0.7778,-1.3413,-0.3540,-55.366,13.902,-86.646,1,90
0.7417,-1.3032,-0.3335,-56.707,13.659,-88.354,1,90
0.7153,-1.2754,-0.3101,-57.744,13.232,-90.305,1,90
0.6943,-1.2280,-0.2896,-58.537,12.500,-91.890,1,90
0.6714,-1.2017,-0.2671,-59.024,12.256,-93.780,1,90
0.6323,-1.1680,-0.2441,-59.390,11.890,-94.878,1,90
0.3721,0.7236,-0.4263,-0.122,-40.793,-21.829,2,90
0.3643,0.7383,-0.4165,0.488,-39.939,-24.207,2,90
0.3701,0.7476,-0.4126,0.976,-38.293,-25.854,2,90
0.3691,0.7637,-0.4224,1.220,-37.256,-27.683,2,90
0.3755,0.7773,-0.4321,0.793,-36.280,-28.598,2,90
0.3770,0.7915,-0.4434,0.305,-35.122,-29.085,2,90
0.3784,0.8047,-0.4468,-0.671,-34.207,-29.390,2,90
0.3730,0.8247,-0.4614,-2.134,-32.744,-29.024,2,90
0.6226,-1.1372,-0.2129,-59.634,11.220,-95.976,1,90
0.5977,-1.1167,-0.2012,-59.817,10.732,-96.951,1,90
0.5688,-1.0869,-0.1802,-59.695,10.549,-97.927,1,90
0.5479,-1.0723,-0.1621,-59.207,10.183,-98.780,1,90
0.5303,-1.0596,-0.1299,-58.415,9.695,-99.268,1,90
0.5132,-1.0381,-0.1191,-57.012,9.390,-99.695,1,90
0.4868,-1.0308,-0.1045,-55.061,8.415,-100.183,1,90
0.4702,-1.0146,-0.0854,-52.866,7.866,-100.122,1,90
0.3745,0.8267,-0.4741,-5.061,-32.256,-28.659,2,90
0.3652,0.8330,-0.4863,-7.500,-31.220,-28.049,2,90
0.3574,0.8359,-0.5010,-10.488,-30.427,-27.256,2,90
0.3555,0.8369,-0.5244,-14.024,-29.573,-26.341,2,90
0.3447,0.8354,-0.5361,-17.683,-28.537,-25.610,2,90
0.3418,0.8257,-0.5513,-20.671,-27.195,-24.512,2,90
0.3340,0.8159,-0.5649,-24.207,-25.061,-23.841,2,90
0.3257,0.8066,-0.5708,-27.561,-23.354,-23.232,2,90
-1.1025,-0.4946,-0.0815,21.341,32.317,6.646,3,41
-1.0835,-0.4717,-0.0610,17.073,32.439,6.098,3,41
-1.0347,-0.4707,-0.0835,11.463,31.646,5.793,3,41
-1.0288,-0.4692,-0.0952,5.183,30.793,4.817,3,41
-1.0313,-0.4756,-0.1099,-1.707,29.512,3.720,3,41
-1.0420,-0.4590,-0.0986,-9.024,27.561,2.866,3,41
-1.0410,-0.4243,-0.0713,-17.927,24.756,2.378,3,41
-1.0327,-0.4238,-0.1147,-26.159,21.890,2.195,3,41
0.0444,4.0957,-3.6851,-413.902,300.427,164.695,4,41
-0.4409,3.7642,-3.7993,-536.220,444.878,222.439,4,41
-0.8560,2.4751,-3.2339,-485.122,512.195,198.476,4,41
-0.4712,1.3374,-1.9561,-352.378,473.963,74.085,4,41
-0.3223,-0.0122,-0.8145,-263.841,340.976,-30.549,4,41
0.9224,-1.3916,-0.9478,-190.610,200.366,-70.122,4,41
1.3843,-2.1787,-0.9106,-105.732,100.854,-73.659,4,41
1.7075,-2.1812,-1.1558,-45.610,41.768,-48.841,4,41
-1.0146,-0.4707,-0.1968,-31.707,21.463,1.159,3,41
-0.9824,-0.5332,-0.3042,-36.585,21.402,-1.402,3,41
-1.0098,-0.6294,-0.5049,-41.159,23.293,-3.537,3,41
-1.1758,-1.0181,-1.0845,-46.890,30.915,-4.329,3,41
-0.9912,-1.8960,-1.8286,-35.854,50.793,-16.646,3,41
-0.4429,-2.2466,-1.7656,-22.500,65.427,-45.610,3,41
0.0264,-1.9453,-1.1963,-40.915,55.915,-61.951,3,41
0.0664,-1.6162,-0.8838,-70.183,40.671,-56.098,3,41
1.3887,-1.4810,-1.4795,-29.756,37.134,-11.098,4,41
0.7573,-0.5425,-1.5132,-50.244,52.866,30.305,4,41
0.1113,0.1055,-1.4229,-88.232,63.476,56.280,4,41
-0.3960,0.4019,-1.3511,-113.963,64.024,69.939,4,41
-0.7339,0.4551,-1.2886,-107.866,60.183,83.720,4,41
-1.0112,0.4497,-1.2319,-73.232,59.329,102.439,4,41
-1.2622,0.4985,-1.2056,-29.512,66.585,121.463,4,41
-1.4507,0.6450,-1.3027,13.963,84.390,134.451,4,41
-0.1313,-1.3252,-0.6968,-94.756,27.927,-45.427,3,41
-0.3716,-1.1240,-0.5225,-115.305,16.341,-35.732,3,41
-0.6270,-0.9375,-0.3877,-131.890,6.829,-27.622,3,41
-0.7559,-0.8091,-0.3008,-148.537,-5.183,-22.866,3,41
-0.7549,-0.7710,-0.2856,-165.366,-17.195,-21.524,3,41
-0.7344,-0.8042,-0.3179,-180.915,-26.280,-20.976,3,41
-0.7051,-0.8569,-0.3818,-192.500,-31.646,-21.890,3,41
-0.6812,-0.8784,-0.4326,-202.134,-35.244,-23.598,3,41
-1.6060,0.8281,-1.5127,54.939,109.878,138.963,4,41
-1.6655,0.8979,-1.7261,95.305,141.098,135.671,4,41
-1.8311,0.9888,-1.8823,136.220,173.171,125.000,4,41
-1.9141,0.9854,-1.9556,173.780,202.744,108.476,4,41
-1.9058,0.9448,-1.9868,203.537,225.000,90.488,4,41
-1.8057,0.8862,-1.9956,224.695,241.524,74.207,4,41
-1.6318,0.8711,-1.9854,237.805,254.390,60.793,4,41
-1.4639,0.8945,-1.9429,242.500,264.390,52.317,4,41
-0.6782,-0.8628,-0.4355,-210.793,-37.622,-26.220,3,41
-0.6948,-0.8154,-0.4263,-217.256,-39.756,-27.683,3,41
-0.7075,-0.7188,-0.4121,-221.098,-40.305,-29.268,3,41
-0.7275,-0.6123,-0.3916,-221.159,-39.085,-29.878,3,41
-0.7515,-0.5317,-0.3516,-217.012,-36.707,-30.732,3,41
-0.7720,-0.4302,-0.2671,-211.341,-34.085,-31.768,3,41
-0.7944,-0.3433,-0.1919,-206.220,-32.256,-31.402,3,41
-0.8428,-0.2188,-0.0806,-200.305,-31.463,-32.012,3,41
-1.3208,0.9380,-1.8965,240.000,270.976,47.378,4,41
-1.2329,0.9517,-1.8804,232.378,275.732,46.585,4,41
-1.1963,0.9277,-1.8936,221.463,279.512,49.024,4,41
-1.1997,0.9150,-1.9326,209.756,282.439,53.659,4,41
-1.2500,0.9067,-1.9780,197.866,285.671,60.671,4,41
-1.3354,0.9165,-2.0093,186.829,288.415,69.085,4,41
-1.4302,0.9214,-2.0029,175.976,290.122,78.293,4,41
-1.5356,0.9209,-1.9673,167.561,291.402,87.378,4,41
-0.8774,-0.1519,-0.0430,-197.500,-30.976,-31.890,3,41
-0.8984,-0.1221,-0.0269,-195.488,-30.732,-32.012,3,41
-0.9312,-0.0537,0.0293,-190.732,-29.512,-31.707,3,41
-0.9595,0.0259,0.1646,-181.280,-27.134,-30.976,3,41
-0.9658,0.1016,0.2583,-172.866,-24.756,-29.817,3,41
-0.9458,0.1460,0.2910,-164.939,-23.293,-28.110,3,41
-0.9463,0.1919,0.3428,-157.500,-21.890,-26.707,3,41
-0.9629,0.2217,0.3784,-150.915,-20.732,-24.817,3,41
-1.6401,0.9131,-1.9224,161.890,292.439,97.073,4,41
-1.7402,0.9146,-1.8521,159.207,293.780,105.915,4,41
-1.8394,0.9243,-1.7412,158.476,294.451,114.085,4,41
-1.9160,0.9097,-1.6401,159.634,295.305,120.915,4,41
-1.9829,0.8818,-1.5308,161.585,296.585,126.341,4,41
-1.3354,0.9165,-2.0093,186.829,288.415,69.085,4,41
-2.0796,0.7822,-1.3843,170.244,302.927,133.780,4,41
-2.1138,0.7202,-1.3291,176.768,307.378,136.768,4,41
-0.9819,0.2744,0.3936,-145.305,-19.573,-23.598,3,41
-1.0083,0.3179,0.3833,-140.488,-18.780,-22.683,3,41
-1.0444,0.3477,0.3740,-134.085,-17.744,-21.402,3,41
-1.0815,0.3740,0.3828,-126.402,-16.037,-19.085,3,41
-1.1216,0.4189,0.4243,-117.988,-13.354,-17.195,3,41
-1.1230,0.4448,0.4736,-109.207,-11.402,-15.122,3,41
-1.1099,0.4604,0.5244,-100.610,-9.573,-13.537,3,41
-1.1074,0.4912,0.5669,-93.049,-8.293,-11.524,3,41
-2.1304,0.6660,-1.2866,185.244,312.256,138.963,4,41
-2.1646,0.6133,-1.2363,194.512,318.171,140.793,4,41
-2.1909,0.5576,-1.1997,204.146,325.183,141.341,4,41
-2.2310,0.4985,-1.1514,212.622,333.415,141.159,4,41
-2.2661,0.4429,-1.1006,221.098,341.280,140.610,4,41
-2.3286,0.3726,-1.0474,227.012,349.878,139.207,4,41
-2.4019,0.2974,-1.0107,230.610,358.476,137.256,4,41
-2.4795,0.2290,-0.9810,230.915,366.951,134.512,4,41
-1.1113,0.5229,0.5845,-85.671,-7.195,-9.512,3,41
-1.1162,0.5659,0.6167,-79.268,-7.134,-7.317,3,41
-1.1323,0.6172,0.6177,-73.232,-6.890,-4.939,3,41
-1.1367,0.6719,0.6138,-66.098,-6.768,-2.622,3,41
-1.1533,0.7334,0.6133,-58.293,-5.854,0.122,3,41
-1.1582,0.7651,0.6040,-49.451,-4.512,2.561,3,41
-1.1704,0.7813,0.6226,-38.720,-2.439,4.939,3,41
-1.1821,0.7935,0.6348,-28.293,-0.427,7.195,3,41
-2.5649,0.1621,-0.9580,228.110,375.244,131.402,4,41
-2.6611,0.1025,-0.9204,222.988,382.622,128.049,4,41
-2.7554,0.0576,-0.8828,216.890,388.049,125.000,4,41
-2.8457,0.0308,-0.8384,209.512,393.659,122.317,4,41
-2.9321,0.0283,-0.7959,200.427,398.049,119.451,4,41
-3.0039,0.0322,-0.7451,190.671,401.829,117.134,4,41
-3.0625,0.0386,-0.6909,180.671,404.512,114.878,4,41
-3.0859,0.0493,-0.6182,171.098,406.037,112.561,4,41
-1.1763,0.7803,0.6484,-17.927,1.707,9.695,3,41
-1.2026,0.7451,0.6157,-8.354,3.841,12.683,3,41
-1.2241,0.6851,0.5488,0.915,6.159,15.244,3,41
-1.2129,0.5732,0.4434,10.244,9.695,16.341,3,41
-1.1724,0.4688,0.3428,18.171,12.988,15.793,3,41
-1.1406,0.3730,0.2461,24.329,15.427,15.366,3,41
-1.1030,0.2822,0.1934,29.878,17.439,15.244,3,41
-1.0698,0.2046,0.1567,34.207,19.085,15.366,3,41
-3.0903,0.0591,-0.5684,162.622,406.402,110.671,4,41
-3.0747,0.0864,-0.5151,156.037,406.707,109.390,4,41
-3.0527,0.1211,-0.4834,150.244,406.829,109.024,4,41
-3.0425,0.1558,-0.4365,144.146,406.890,109.573,4,41
-3.0503,0.1782,-0.3940,139.024,407.378,110.732,4,41
-3.0913,0.2046,-0.3369,135.183,408.659,112.195,4,41
-3.1519,0.2466,-0.2817,132.439,410.061,114.817,4,41
-3.2183,0.2778,-0.2593,131.037,411.707,117.134,4,41
-1.0298,0.1353,0.1069,37.012,19.878,15.732,3,41
-1.0059,0.0620,0.0674,39.268,20.427,16.220,3,41
-0.9941,0.0054,0.0229,41.646,21.646,16.341,3,41
-0.9751,-0.0654,-0.0234,43.232,21.585,16.890,3,41
-0.9570,-0.1494,-0.0737,43.293,20.976,17.256,3,41
-0.9473,-0.2393,-0.1260,41.768,19.878,17.256,3,41
-0.9351,-0.3350,-0.1978,38.902,18.110,16.951,3,41
-0.9180,-0.4375,-0.2642,35.305,15.915,16.768,3,41
-3.2993,0.3203,-0.2441,130.427,413.780,120.122,4,41
-3.3779,0.3613,-0.2188,130.183,415.793,122.683,4,41
-3.4385,0.4106,-0.2109,130.366,417.744,124.634,4,41
-3.4976,0.4521,-0.1904,129.817,419.329,126.402,4,41
-3.5288,0.4956,-0.1665,129.390,420.061,127.439,4,41
-3.5264,0.5332,-0.1494,130.122,419.390,128.841,4,41
-3.5151,0.5732,-0.1313,132.134,417.744,130.366,4,41
-3.5054,0.5991,-0.0933,135.732,415.122,132.378,4,41
-0.9243,-0.5693,-0.3799,31.646,14.878,16.037,3,41
-0.9438,-0.7075,-0.4897,28.598,13.598,15.366,3,41
-0.9614,-0.8457,-0.5986,26.402,14.024,14.451,3,41
-0.9780,-0.9727,-0.6606,24.878,13.659,13.598,3,41
-0.9927,-1.0562,-0.7051,22.988,13.537,13.598,3,41
-0.9961,-1.1035,-0.6978,20.976,13.171,14.390,3,41
-1.0034,-1.0952,-0.6685,18.232,11.463,15.793,3,41
-1.0029,-1.0601,-0.6152,13.232,8.659,17.561,3,41
-3.4736,0.6211,-0.0581,141.585,412.500,134.085,4,41
-3.4707,0.6367,0.0112,150.366,410.122,135.793,4,41
-3.4702,0.6538,0.0815,162.378,406.768,137.805,4,41
-3.4507,0.6523,0.1323,176.707,402.988,140.061,4,41
-3.4307,0.6743,0.1724,191.280,398.232,141.341,4,41
-3.4316,0.7246,0.1748,205.427,393.659,142.683,4,41
-3.4595,0.7822,0.1797,217.927,389.817,144.817,4,41
-3.5034,0.8501,0.2217,227.866,386.159,148.049,4,41
-0.9961,-1.0127,-0.5791,9.207,5.793,19.695,3,41
-0.9819,-0.9473,-0.5488,5.366,3.598,22.195,3,41
-0.9648,-0.8833,-0.5186,3.354,1.646,24.085,3,41
-0.9531,-0.8096,-0.4761,2.683,0.793,26.829,3,41
-0.9512,-0.7300,-0.4277,2.683,0.183,29.146,3,41
-0.9541,-0.6582,-0.3716,2.622,-0.183,31.463,3,41
-0.9780,-0.5840,-0.3193,3.354,0.610,34.512,3,41
-0.9990,-0.5298,-0.2783,4.573,1.890,37.378,3,41
-3.5547,0.8784,0.2778,233.841,382.317,151.220,4,41
-3.5771,0.8716,0.3545,237.073,377.805,154.024,4,41
-3.5688,0.8516,0.4409,238.110,372.683,155.915,4,41
-3.5537,0.8135,0.5308,238.110,367.378,156.951,4,41
-3.5146,0.7813,0.6450,236.951,360.793,157.866,4,41
-3.4355,0.7485,0.7593,234.634,353.293,158.171,4,41
-3.3413,0.7119,0.8730,230.366,345.854,159.085,4,41
-3.2446,0.6631,0.9941,225.671,338.415,158.720,4,41
-1.0347,-0.4673,-0.1831,7.439,5.610,41.098,3,41
-1.0430,-0.4429,-0.1338,9.268,7.683,42.134,3,41
-1.0752,-0.3804,-0.0430,13.780,11.890,44.756,3,41
-1.0747,-0.3169,-0.0205,18.902,15.244,47.561,3,41
-1.0762,-0.2285,0.0103,23.110,18.049,50.244,3,41
-1.0859,-0.1553,0.0381,26.707,20.488,52.195,3,41
-1.1006,-0.0972,0.0215,28.110,21.951,53.110,3,41
-1.1060,-0.0464,0.0239,29.451,23.049,52.744,3,41
0.1968,-1.0054,-0.0146,113.720,-125.671,-220.061,1,90
0.1880,-1.0254,-0.0161,115.915,-126.951,-219.085,1,90
0.1587,-1.0459,-0.0132,118.171,-128.720,-217.866,1,90
0.1558,-1.0679,-0.0122,119.878,-129.817,-216.768,1,90
0.1475,-1.0957,-0.0083,121.951,-131.463,-215.610,1,90
0.1362,-1.1235,-0.0088,123.171,-133.415,-214.390,1,90
0.1216,-1.1611,-0.0151,124.695,-135.427,-213.171,1,90
0.1152,-1.1885,-0.0215,125.427,-137.866,-212.134,1,90
0.7173,0.1626,-0.1914,51.280,45.915,-174.512,2,90
0.7148,0.1592,-0.1826,52.866,47.012,-175.793,2,90
0.7041,0.1577,-0.1768,53.598,48.354,-176.951,2,90
0.6934,0.1685,-0.1753,54.939,49.817,-178.049,2,90
0.6816,0.1782,-0.1680,54.695,51.341,-179.146,2,90
0.6641,0.1841,-0.1758,54.268,53.415,-180.122,2,90
0.6519,0.1938,-0.1831,53.476,56.098,-180.671,2,90
0.6343,0.2104,-0.1865,51.829,58.659,-181.098,2,90
-0.9819,-0.0190,-0.0103,34.756,27.012,60.122,3,41
-0.9688,-0.0396,-0.0215,35.427,27.622,60.366,3,41
-0.9575,-0.0684,-0.0073,35.610,27.866,61.098,3,41
-0.9312,-0.0742,0.0054,34.756,27.317,62.378,3,41
-0.9038,-0.0786,0.0215,33.598,26.159,62.744,3,41
-0.8760,-0.0464,0.0234,31.220,24.085,62.988,3,41
-0.8721,0.0010,0.0190,27.500,21.585,63.415,3,41
-0.9248,0.1367,0.0610,24.329,17.378,65.061,3,41
-1.9204,0.0566,1.1567,-17.073,274.024,88.720,4,41
-1.8569,0.1353,1.1040,-18.232,272.805,92.927,4,41
-1.8164,0.1938,1.1201,-18.293,270.244,96.951,4,41
-1.8306,0.2334,1.1377,-18.659,266.220,99.573,4,41
-1.8403,0.2817,1.1777,-18.659,260.305,100.671,4,41
-1.8452,0.3433,1.2197,-19.512,254.085,101.341,4,41
-1.8560,0.4004,1.2603,-23.598,247.012,101.646,4,41
-1.8672,0.4375,1.2847,-29.329,239.756,100.793,4,41
-0.9575,0.3569,0.1372,21.829,13.354,70.000,3,41
-0.9712,0.4619,0.1948,21.402,10.732,74.451,3,41
-0.9575,0.4902,0.2271,23.963,9.024,74.756,3,41
-0.9468,0.4766,0.2104,27.073,8.598,74.939,3,41
-0.9360,0.3916,0.1748,31.280,8.476,75.183,3,41
-0.9297,0.2827,0.1392,35.915,9.268,75.061,3,41
-0.9058,0.1636,0.0659,41.768,11.707,74.268,3,41
-0.8765,0.0215,-0.0156,47.622,14.512,72.378,3,41
-0.2383,-1.7334,-0.2349,90.610,-194.756,-202.622,1,90
-0.2739,-1.7583,-0.2739,86.524,-198.293,-202.683,1,90
-0.3032,-1.7871,-0.2979,82.256,-201.768,-202.927,1,90
-0.3364,-1.8154,-0.3262,78.293,-205.244,-203.659,1,90
-0.3677,-1.8320,-0.3550,73.720,-208.293,-204.451,1,90
-0.3955,-1.8594,-0.3994,69.085,-211.098,-205.488,1,90
-0.4272,-1.8784,-0.4302,64.329,-213.598,-207.073,1,90
-0.4556,-1.8916,-0.4756,59.634,-215.549,-208.415,1,90
0.7324,0.4468,-0.2773,53.476,100.000,-160.854,2,90
0.7334,0.4600,-0.2866,57.378,100.793,-159.329,2,90
0.7388,0.4810,-0.2915,61.280,101.463,-158.110,2,90
0.7393,0.4966,-0.3037,65.061,101.951,-157.012,2,90
0.7319,0.5200,-0.2998,69.268,102.500,-155.915,2,90
0.7300,0.5293,-0.3076,73.293,103.293,-154.756,2,90
0.7310,0.5498,-0.3013,77.073,104.024,-153.476,2,90
0.7251,0.5664,-0.2969,80.793,104.634,-152.744,2,90
-0.8247,-0.7495,-0.4604,8.293,8.537,55.305,3,41
-0.8394,-0.8433,-0.5176,-2.134,6.768,55.244,3,41
-0.8501,-0.9189,-0.5435,-12.256,5.183,54.634,3,41
-0.8599,-0.9878,-0.5527,-23.780,3.110,55.122,3,41
-0.8818,-1.0625,-0.5337,-37.073,0.610,55.915,3,41
-0.9424,-1.1357,-0.4961,-51.280,-2.378,57.683,3,41
-1.0728,-1.2153,-0.4487,-65.122,-5.854,60.732,3,41
-1.1680,-1.1499,-0.3521,-78.780,-10.122,65.061,3,41
-0.7324,-1.8799,-0.6479,12.439,-219.085,-225.061,1,90
-0.7500,-1.8623,-0.6475,6.890,-219.573,-226.951,1,90
-0.7661,-1.8486,-0.6626,1.646,-220.061,-228.659,1,90
-0.7773,-1.8350,-0.6572,-3.354,-221.220,-229.939,1,90
-0.7930,-1.8223,-0.6670,-8.110,-221.951,-231.037,1,90
-0.8154,-1.8076,-0.6763,-12.927,-222.805,-232.073,1,90
-0.8408,-1.8052,-0.6924,-17.561,-223.780,-232.622,1,90
-0.8599,-1.7998,-0.7017,-22.195,-224.634,-232.927,1,90
0.7681,0.7964,-0.2964,93.780,110.366,-142.195,2,90
0.7769,0.8359,-0.2935,92.805,110.244,-140.305,2,90
0.7832,0.8657,-0.2988,90.549,109.634,-138.476,2,90
0.7974,0.8936,-0.2949,88.415,108.902,-136.098,2,90
0.8105,0.9185,-0.2974,85.244,107.561,-133.537,2,90
0.8345,0.9355,-0.3037,82.683,106.585,-131.220,2,90
0.8599,0.9585,-0.3115,79.451,105.305,-128.110,2,90
0.9009,0.9829,-0.3311,76.159,104.146,-125.366,2,90
-1.2217,0.3906,0.1841,-74.939,-13.841,97.439,3,41
-1.2427,0.4287,0.1465,-65.244,-10.122,97.256,3,41
-1.2700,0.4531,0.0962,-54.329,-5.427,96.524,3,41
-1.2695,0.4497,0.0317,-43.476,-0.610,95.183,3,41
-1.2803,0.4116,-0.0254,-32.805,4.268,93.902,3,41
-1.2886,0.3540,-0.0938,-23.963,7.805,92.805,3,41
-1.2793,0.2827,-0.1455,-17.134,11.037,91.585,3,41
-1.2793,0.1968,-0.2017,-12.805,13.780,89.817,3,41
-3.4702,-2.9019,1.5850,24.329,-136.890,48.354,4,41
-4.3955,-2.8354,1.7568,-11.890,-116.646,31.159,4,41
-4.6392,-2.7896,1.2754,-52.805,-112.561,17.012,4,41
-3.8848,-2.6958,0.5679,-64.207,-120.732,20.793,4,41
-2.7915,-2.2388,0.4448,-60.610,-127.744,25.244,4,41
-1.9639,-1.3960,0.6997,-67.195,-128.354,12.012,4,41
-1.8545,-0.8418,0.8872,-68.780,-128.476,-2.134,4,41
-1.4146,-0.5928,0.8408,-65.915,-141.037,-9.512,4,41
-1.2300,0.0874,-0.2505,-10.000,16.037,87.500,3,41
-1.2124,0.0493,-0.2764,-9.512,16.585,86.402,3,41
-1.1694,-0.0161,-0.3276,-9.207,18.049,83.902,3,41
-1.1123,-0.0801,-0.3818,-9.146,18.963,81.463,3,41
-1.0615,-0.1655,-0.4565,-9.634,20.427,78.537,3,41
-1.0132,-0.2998,-0.5762,-12.988,21.768,73.963,3,41
-0.9985,-0.4019,-0.6372,-16.951,22.805,70.366,3,41
-0.9839,-0.5181,-0.6816,-21.951,23.415,66.585,3,41
-1.7080,-1.5020,-1.0903,-88.049,-200.854,-190.000,1,90
-1.7568,-1.4565,-1.1284,-91.707,-197.500,-185.244,1,90
-1.8071,-1.3994,-1.1606,-95.244,-194.817,-180.061,1,90
-1.8535,-1.3447,-1.1890,-98.537,-192.317,-174.512,1,90
-1.9033,-1.2930,-1.2183,-101.220,-189.207,-169.329,1,90
-1.9526,-1.2271,-1.2383,-103.659,-186.524,-163.537,1,90
-2.0161,-1.1577,-1.2510,-105.061,-183.902,-158.293,1,90
-2.0508,-1.0918,-1.2720,-106.524,-181.280,-152.866,1,90
1.4658,1.5166,-1.0063,-4.207,97.378,-74.756,2,90
1.4653,1.5806,-1.0752,-5.305,96.829,-69.329,2,90
1.4673,1.6284,-1.1167,-6.280,95.915,-62.866,2,90
1.4614,1.6772,-1.1558,-7.073,95.305,-56.951,2,90
1.4585,1.7236,-1.1934,-7.866,94.756,-50.000,2,90
1.4697,1.7651,-1.2271,-8.537,93.780,-43.415,2,90
1.4766,1.7915,-1.2534,-9.085,93.110,-36.037,2,90
1.4917,1.8086,-1.2891,-9.512,92.927,-28.598,2,90
-0.8833,-0.9556,-1.0093,-66.829,28.049,23.415,3,41
-0.7520,-0.9209,-1.0664,-70.793,28.171,16.402,3,41
-0.6294,-0.8877,-1.0679,-74.817,28.171,9.878,3,41
-0.5259,-0.8521,-1.0703,-81.707,27.317,4.390,3,41
-0.4580,-0.7632,-1.0308,-89.939,24.878,-0.488,3,41
-0.4346,-0.6665,-1.0210,-99.512,22.134,-5.122,3,41
-0.4526,-0.5591,-0.9932,-106.585,19.878,-9.512,3,41
-0.4561,-0.4375,-0.9561,-112.500,17.988,-13.902,3,41
-0.7085,-2.0923,-0.0923,-53.537,-46.159,66.646,4,41
-1.2842,-1.5693,-0.0293,-68.659,-40.061,62.256,4,41
-1.6904,-0.8999,0.0840,-63.415,-30.915,47.744,4,41
-1.7256,-0.3218,0.2627,-47.012,-19.634,33.110,4,41
-1.4102,-0.0005,0.4316,-28.537,-8.780,24.390,4,41
-1.1123,0.0649,0.6802,-12.256,0.488,18.476,4,41
-0.8340,0.0010,0.7729,-6.646,11.951,15.610,4,41
-0.7627,-0.1118,0.8687,-9.451,24.817,19.451,4,41
-0.4614,-0.3560,-0.9199,-117.134,16.707,-18.780,3,41
-0.4258,-0.3066,-0.8750,-119.634,17.012,-24.024,3,41
-0.3760,-0.2456,-0.8184,-122.073,16.585,-29.207,3,41
-0.3179,-0.1821,-0.7314,-123.293,16.220,-34.817,3,41
-0.2886,-0.1323,-0.6719,-124.024,16.037,-40.976,3,41
-0.2642,-0.0938,-0.6138,-123.293,16.037,-47.073,3,41
-0.2524,-0.0674,-0.5474,-122.927,15.122,-53.049,3,41
-0.2520,-0.0425,-0.4780,-123.841,13.415,-58.659,3,41
-0.9414,-0.2842,0.8530,-19.512,38.963,24.573,4,41
-1.2153,-0.3857,0.8037,-32.866,49.207,26.829,4,41
-1.4463,-0.4204,0.7114,-47.500,55.610,24.085,4,41
-1.6055,-0.3662,0.6494,-55.854,61.463,19.573,4,41
-1.7417,-0.3247,0.5757,-59.756,68.780,14.695,4,41
-1.9385,-0.3652,0.5249,-57.317,75.549,7.073,4,41
-2.1621,-0.5459,0.3765,-51.037,83.354,-2.439,4,41
-2.4106,-1.2363,-0.0098,-44.573,96.220,-13.841,4,41
-0.2490,0.0127,-0.3882,-125.610,11.037,-63.780,3,41
-0.2505,0.1001,-0.2896,-128.232,7.988,-68.110,3,41
-0.2456,0.2139,-0.1865,-129.512,5.183,-72.134,3,41
-0.2144,0.3789,-0.0732,-129.146,2.866,-76.037,3,41
-0.1738,0.5562,0.0210,-126.341,1.220,-78.780,3,41
-0.1494,0.7236,0.1289,-120.732,-0.244,-80.854,3,41
-0.1772,0.8975,0.2549,-112.500,-1.402,-81.280,3,41
-0.1870,1.0723,0.3472,-105.000,-4.207,-80.244,3,41
-2.7134,-2.6982,-0.1377,-37.500,111.341,-30.061,4,41
-2.6743,-3.0820,0.1782,-34.573,112.500,-49.085,4,41
-2.4106,-1.7432,0.5273,-48.598,102.683,-63.841,4,41
-2.4033,-0.2212,0.7192,-63.354,96.159,-63.171,4,41
-2.6753,0.4209,0.7905,-57.988,97.744,-51.829,4,41
-2.9692,0.4453,1.1323,-39.024,102.134,-39.756,4,41
-3.0454,0.2949,1.5889,-26.890,104.878,-31.220,4,41
-2.8389,0.1167,1.7437,-28.598,105.549,-24.939,4,41
-0.1841,1.2222,0.4028,-97.561,-7.012,-79.390,3,41
-0.1899,1.3525,0.4331,-89.268,-9.634,-77.744,3,41
-0.2021,1.4761,0.4858,-78.902,-10.732,-76.463,3,41
-0.2104,1.5942,0.5718,-67.744,-11.402,-75.366,3,41
-0.2251,1.6465,0.6616,-57.500,-12.622,-74.817,3,41
-0.2607,1.6978,0.7832,-45.671,-13.841,-72.866,3,41
-0.3267,1.7871,0.9185,-32.744,-14.817,-69.451,3,41
-0.4463,1.8721,1.0117,-20.732,-16.707,-65.671,3,41
-2.5366,-0.0459,1.7441,-33.841,105.427,-16.220,4,41
-2.4248,-0.3213,1.7041,-40.122,106.646,-5.183,4,41
-2.5874,-0.6265,1.6807,-44.634,110.915,1.951,4,41
-2.9233,-0.9790,1.6421,-50.122,117.927,0.976,4,41
-3.1475,-1.1348,1.4956,-50.610,124.817,-5.183,4,41
-3.2314,-1.2261,1.4487,-50.671,130.610,-15.122,4,41
-3.2168,-1.2349,1.5381,-44.756,137.561,-24.024,4,41
-3.1729,-1.2920,1.6963,-38.110,143.171,-30.976,4,41
-0.5972,1.9487,1.0513,-6.402,-19.329,-61.402,3,41
-0.7480,1.9902,1.0747,11.159,-20.549,-57.439,3,41
-0.8877,1.9990,1.1021,33.049,-19.756,-53.659,3,41
-1.0278,2.0234,1.1333,58.354,-16.585,-49.329,3,41
-1.0723,2.0654,1.1294,83.963,-12.744,-43.659,3,41
-1.4316,1.8950,1.0635,116.159,-4.512,-36.280,3,41
-1.4873,1.7085,0.8740,134.207,-1.220,-46.098,3,41
-1.5137,1.4541,0.4849,151.951,5.915,-49.085,3,41
-3.1748,-1.3369,1.8530,-33.780,148.780,-35.671,4,41
-3.1782,-1.3862,2.0566,-35.000,152.561,-39.451,4,41
-3.1812,-1.4023,2.3091,-38.720,155.549,-41.585,4,41
-3.1738,-1.3970,2.5659,-46.585,157.317,-41.524,4,41
-3.1704,-1.3442,2.8813,-56.646,157.439,-40.061,4,41
-3.1582,-1.3325,3.2046,-65.793,156.707,-37.317,4,41
-3.1812,-1.3159,3.5112,-72.622,154.451,-33.598,4,41
-3.2520,-1.4063,3.7827,-77.927,151.341,-30.244,4,41
-2.4199,0.7900,-0.3340,167.195,18.902,-51.159,3,41
-2.8447,0.4150,-0.8076,166.463,26.829,-51.890,3,41
-4.1646,-1.0049,-1.8418,165.183,45.854,-57.378,3,41
-5.1890,-2.7349,-2.4639,168.110,68.537,-64.207,3,41
-4.6470,-4.1172,-1.9604,176.463,87.561,-74.451,3,41
-2.2593,-4.6426,-0.6104,176.037,85.244,-86.768,3,41
-0.0669,-4.3833,0.4658,150.244,60.671,-89.329,3,41
0.4385,-3.4102,0.5640,106.768,31.585,-75.671,3,41
-3.2461,-1.1084,4.6396,-77.439,136.951,-23.598,4,41
-3.2134,-0.7192,4.9756,-85.915,123.659,-15.427,4,41
-3.2031,-0.6089,5.2842,-83.232,114.695,-2.378,4,41
-3.2109,-0.6362,5.4023,-67.683,104.024,9.634,4,41
-3.2197,-0.6147,5.3735,-42.195,93.841,21.159,4,41
-3.3965,-0.6631,4.7046,-19.451,92.500,29.695,4,41
-3.8203,-0.6743,3.0376,-5.305,104.695,33.476,4,41
-4.4634,-0.4824,1.0054,0.061,125.732,29.573,4,41
-0.7241,-1.2422,-0.1885,53.963,11.037,-35.488,3,41
-1.0771,-0.5967,-0.3657,48.415,11.159,-23.537,3,41
-1.3950,0.4932,-0.3716,71.951,29.085,-7.683,3,41
-1.1606,0.6475,-0.2173,91.890,43.171,-11.098,3,41
-0.9146,0.5259,-0.1719,93.963,46.463,-16.646,3,41
-0.8193,0.2905,-0.2207,78.963,41.037,-21.037,3,41
-0.7451,-0.0215,-0.3130,57.378,31.585,-25.061,3,41
-0.6509,-0.2866,-0.3628,38.049,22.866,-26.646,3,41
-2.6699,1.0952,-0.3335,167.988,58.780,555.000,1,90
-2.6582,1.0366,-0.3184,170.610,62.012,564.573,1,90
-2.6460,0.9819,-0.3203,173.902,65.854,573.415,1,90
-2.6377,0.9248,-0.3149,175.610,68.963,580.976,1,90
-2.6294,0.8564,-0.3257,176.402,71.463,587.927,1,90
-2.6104,0.7920,-0.3276,177.012,72.988,594.390,1,90
-2.6128,0.7119,-0.3467,177.500,74.329,600.122,1,90
-2.6050,0.6289,-0.3574,178.354,75.732,605.732,1,90
1.3491,-0.2402,0.2227,28.110,-132.012,208.293,2,90
1.3027,-0.2617,0.2397,22.927,-132.134,207.500,2,90
1.2480,-0.2744,0.2681,16.829,-131.768,206.829,2,90
1.1909,-0.2847,0.2744,10.366,-130.305,206.646,2,90
1.1392,-0.2964,0.2910,3.293,-128.415,206.829,2,90
1.0796,-0.3062,0.3179,-4.634,-126.402,207.317,2,90
1.0283,-0.3188,0.3394,-13.415,-123.963,208.537,2,90
0.9810,-0.3364,0.3452,-22.561,-121.890,209.268,2,90
-2.6055,0.5396,-0.3672,179.329,76.951,610.793,1,90
-2.6172,0.4365,-0.3584,180.854,79.024,615.732,1,90
-2.6255,0.3350,-0.3511,183.293,81.220,619.878,1,90
-2.6602,0.2192,-0.3296,186.159,84.390,623.598,1,90
-2.6943,0.0918,-0.3032,188.354,87.256,627.256,1,90
-2.7354,-0.0439,-0.2827,190.488,90.000,629.573,1,90
-2.8105,-0.1982,-0.2334,192.073,92.805,631.159,1,90
-2.8672,-0.3579,-0.1875,192.561,96.280,631.890,1,90
0.9336,-0.3530,0.3413,-31.402,-119.390,210.854,2,90
0.8887,-0.3706,0.3184,-38.659,-117.256,211.707,2,90
0.8535,-0.3813,0.2827,-45.061,-114.695,212.805,2,90
0.8120,-0.3926,0.2646,-50.732,-111.341,213.902,2,90
0.7813,-0.3906,0.2495,-55.488,-107.683,214.939,2,90
0.7515,-0.3960,0.2334,-59.634,-103.293,216.280,2,90
0.7207,-0.3994,0.2134,-62.134,-98.780,216.951,2,90
0.7104,-0.4082,0.1953,-63.537,-94.146,218.232,2,90
-0.8799,-0.3647,-0.3862,-3.415,-18.232,-43.720,3,41
-0.9146,-0.2617,-0.3887,-9.512,-22.622,-44.024,3,41
-0.9233,-0.1528,-0.3887,-13.171,-26.585,-44.207,3,41
-0.9458,-0.0547,-0.3774,-13.841,-29.329,-44.695,3,41
-0.9624,0.0010,-0.3564,-13.171,-31.037,-45.122,3,41
-0.9741,0.0186,-0.3564,-11.463,-31.585,-46.220,3,41
-0.9805,-0.0068,-0.3335,-8.232,-31.159,-47.317,3,41
-0.9839,-0.0483,-0.3081,-3.841,-30.366,-47.988,3,41
-1.8018,-0.5107,1.8979,-203.232,-29.390,-198.049,4,41
-1.7314,-0.6260,1.9937,-234.878,-37.744,-198.476,4,41
-1.7070,-0.6953,2.0776,-261.646,-47.073,-190.549,4,41
-1.7124,-0.7188,2.1436,-278.780,-59.573,-180.488,4,41
-1.7612,-0.6787,2.1733,-280.000,-72.988,-171.402,4,41
-1.8721,-0.6147,2.1787,-259.451,-86.707,-164.268,4,41
-2.0552,-0.5288,2.1694,-220.122,-99.451,-159.695,4,41
-2.2744,-0.4238,2.1699,-167.439,-110.427,-157.012,4,41
-0.9785,-0.0957,-0.2793,-0.244,-29.390,-48.537,3,41
-0.9805,-0.1553,-0.2520,4.024,-28.232,-48.171,3,41
-0.9883,-0.2124,-0.2383,6.646,-27.134,-47.256,3,41
-0.9736,-0.2729,-0.2578,7.195,-27.073,-46.220,3,41
-0.9673,-0.3213,-0.2637,5.732,-27.927,-45.305,3,41
-0.9663,-0.3472,-0.2617,2.500,-29.146,-44.634,3,41
-0.9683,-0.3555,-0.2407,-2.073,-30.488,-44.085,3,41
-0.9434,-0.3447,-0.2119,-7.500,-31.890,-43.902,3,41
-3.2124,-2.4141,0.0747,95.915,127.927,576.829,1,90
-3.2207,-2.3750,-0.0425,93.171,120.183,577.256,1,90
-3.2505,-2.3481,-0.1519,93.476,111.951,577.683,1,90
-3.3188,-2.3325,-0.2393,98.720,105.122,577.439,1,90
-3.4170,-2.3066,-0.3154,108.476,100.000,575.976,1,90
-3.5376,-2.2959,-0.3613,122.195,97.805,572.683,1,90
-3.6616,-2.3057,-0.3887,138.902,98.963,566.402,1,90
-3.7715,-2.3350,-0.4116,158.293,104.451,556.890,1,90
0.5542,-0.4692,0.0020,-37.622,-59.207,194.024,2,90
0.5396,-0.4863,-0.0215,-36.890,-56.524,188.720,2,90
0.5313,-0.4839,-0.0527,-35.061,-54.878,182.805,2,90
0.4995,-0.4839,-0.0708,-32.195,-52.866,176.646,2,90
0.4741,-0.4819,-0.0723,-29.634,-51.159,170.061,2,90
0.4497,-0.4771,-0.0884,-26.890,-50.000,163.476,2,90
0.4126,-0.4702,-0.0942,-24.329,-48.415,156.768,2,90
0.3828,-0.4634,-0.1099,-21.890,-47.439,149.817,2,90
-1.0474,-0.3496,-0.1104,-37.622,-34.634,-34.451,3,41
-1.0649,-0.3271,-0.0894,-37.195,-33.110,-33.110,3,41
-1.0605,-0.3242,-0.0825,-37.561,-32.073,-32.317,3,41
-1.0571,-0.3228,-0.0962,-38.232,-31.098,-31.341,3,41
-1.0552,-0.3071,-0.1016,-39.817,-30.610,-30.854,3,41
-1.0562,-0.3115,-0.1118,-42.561,-30.976,-30.427,3,41
-1.0708,-0.3101,-0.1465,-44.512,-30.488,-30.000,3,41
-1.0771,-0.2993,-0.1528,-45.122,-30.000,-30.244,3,41
-3.0430,-3.1045,-0.1567,321.646,219.451,397.744,1,90
-2.8296,-3.2485,-0.1162,324.756,227.317,381.707,1,90
-2.6177,-3.3828,-0.0410,324.146,233.902,365.000,1,90
-2.4272,-3.5171,0.0259,320.854,240.000,349.268,1,90
-2.2271,-3.6270,0.0947,315.549,245.610,333.902,1,90
-2.0449,-3.7114,0.1621,309.024,250.366,319.695,1,90
-1.8428,-3.7671,0.2324,300.671,254.207,306.951,1,90
-1.6631,-3.7949,0.3052,291.524,255.915,295.854,1,90
0.1152,-0.2461,-0.3115,1.098,-38.598,87.561,2,90
0.0850,-0.2197,-0.3291,2.134,-37.256,81.829,2,90
0.0669,-0.1904,-0.3428,2.622,-36.037,75.610,2,90
0.0444,-0.1670,-0.3418,2.134,-35.122,70.427,2,90
0.0176,-0.1489,-0.3403,1.220,-34.390,64.756,2,90
-0.0005,-0.1260,-0.3535,-0.122,-34.207,59.817,2,90
-0.0103,-0.1099,-0.3569,-2.500,-33.963,54.756,2,90
-0.0356,-0.0918,-0.3691,-4.085,-34.207,50.061,2,90
-1.0049,-0.2451,-0.1860,-22.866,-16.646,-20.976,3,41
-1.0020,-0.2686,-0.1836,-22.134,-15.793,-19.634,3,41
-1.0132,-0.2925,-0.2012,-21.768,-15.305,-18.659,3,41
-1.0103,-0.3164,-0.2212,-21.768,-15.854,-17.378,3,41
-1.0308,-0.3394,-0.2085,-21.524,-16.159,-16.524,3,41
-1.0352,-0.3301,-0.1714,-20.793,-16.524,-15.610,3,41
-1.0396,-0.2866,-0.1465,-21.768,-17.317,-14.573,3,41
-1.0269,-0.2637,-0.1689,-23.232,-18.598,-13.659,3,41
-3.2134,0.5708,2.4497,-78.963,-499.573,-295.122,4,41
-3.3071,0.6421,2.4458,-61.220,-513.476,-300.183,4,41
-3.4248,0.6875,2.4414,-41.951,-526.646,-306.220,4,41
-3.5342,0.7002,2.4521,-23.232,-540.183,-312.988,4,41
-3.6289,0.6792,2.4512,-6.159,-553.049,-319.878,4,41
-3.6953,0.6348,2.4546,7.317,-566.585,-325.671,4,41
-3.7725,0.5605,2.4468,17.988,-579.512,-329.024,4,41
-3.8550,0.4771,2.4165,26.890,-593.171,-330.000,4,41
-1.0068,-0.2798,-0.2451,-24.268,-18.841,-13.659,3,41
-1.0024,-0.3135,-0.3057,-23.659,-17.988,-14.695,3,41
-0.9971,-0.3545,-0.3247,-21.463,-17.256,-15.610,3,41
-0.9873,-0.3931,-0.3374,-18.841,-15.610,-16.463,3,41
-0.9663,-0.4238,-0.3330,-16.524,-14.329,-17.073,3,41
-0.9404,-0.4448,-0.3223,-16.098,-13.659,-17.744,3,41
-0.9141,-0.4595,-0.3091,-15.854,-13.780,-17.744,3,41
-0.8896,-0.4570,-0.2979,-17.622,-14.451,-17.683,3,41
-3.9551,0.4170,2.3589,32.927,-606.890,-328.293,4,41
-4.0684,0.3745,2.2720,35.610,-620.244,-324.207,4,41
-4.1997,0.3525,2.1768,35.915,-634.146,-319.268,4,41
-4.3618,0.3599,2.0684,33.171,-648.049,-313.293,4,41
-4.5264,0.3853,1.9292,27.744,-661.098,-307.561,4,41
-4.7334,0.4307,1.7627,19.573,-672.134,-302.866,4,41
-4.9487,0.5156,1.5552,10.427,-681.341,-298.780,4,41
-5.1924,0.6064,1.3267,2.561,-690.732,-294.390,4,41
-0.8833,-0.4536,-0.3057,-20.061,-15.244,-17.378,3,41
-0.8799,-0.4429,-0.2983,-21.768,-15.976,-16.951,3,41
-0.8647,-0.4312,-0.3081,-23.780,-16.524,-16.524,3,41
-0.8281,-0.4746,-0.2886,-24.512,-16.585,-16.402,3,41
-0.8936,-0.4146,-0.2871,-21.707,-16.463,-15.366,3,41
-0.9092,-0.3486,-0.3867,-28.354,-18.476,-15.122,3,41
-0.8604,-0.3267,-0.3726,-26.524,-17.073,-13.780,3,41
-0.8047,-0.3208,-0.3325,-28.537,-18.841,-14.390,3,41
-5.4507,0.7183,1.1294,-3.841,-702.378,-289.817,4,41
-5.7061,0.8535,0.9868,-12.500,-716.098,-286.098,4,41
-5.9658,0.9644,0.9268,-24.146,-733.110,-285.122,4,41
-6.2393,1.0742,0.9214,-39.268,-752.317,-287.073,4,41
-6.5010,1.1738,0.9282,-56.463,-772.500,-290.305,4,41
-6.7695,1.2485,0.9541,-72.927,-792.134,-293.293,4,41
-6.9585,1.2876,0.9067,-83.293,-809.695,-295.793,4,41
-7.1543,1.3018,0.8247,-80.122,-828.780,-292.988,4,41
-0.7891,-0.3149,-0.2534,-32.317,-19.817,-15.122,3,41
-0.7983,-0.3477,-0.2344,-31.280,-17.866,-13.963,3,41
-0.8208,-0.3540,-0.2539,-26.585,-15.244,-11.280,3,41
-0.8145,-0.2998,-0.2070,-25.915,-16.037,-11.220,3,41
-0.7915,-0.2568,-0.1733,-28.720,-16.951,-11.524,3,41
-0.7700,-0.2344,-0.1563,-31.280,-18.354,-10.244,3,41
-0.7695,-0.2036,-0.1538,-32.561,-18.232,-8.720,3,41
-0.7847,-0.1709,-0.1465,-31.951,-17.378,-7.927,3,41
-7.5239,1.3232,0.7441,-65.915,-848.659,-288.598,4,41
-7.6670,1.3833,0.6846,-41.280,-869.634,-280.671,4,41
-7.7930,1.4561,0.6597,-9.939,-892.378,-269.207,4,41
-7.9072,1.5249,0.5771,25.488,-914.207,-255.244,4,41
-8.0005,1.5977,0.4639,55.183,-936.037,-242.927,4,41
-8.3516,1.7441,0.2930,72.561,-958.902,-230.122,4,41
-16.0000,-1.2471,-4.5835,30.000,-903.963,-150.610,4,41
-16.0000,-2.4038,-7.9253,3.232,-722.317,-83.476,4,41
-0.7935,-0.1353,-0.1626,-31.341,-16.707,-7.256,3,41
-0.7871,-0.1138,-0.1748,-30.305,-16.829,-7.256,3,41
-0.7739,-0.1021,-0.1729,-27.866,-16.768,-5.976,3,41
-0.7769,-0.0811,-0.1689,-24.939,-15.915,-4.451,3,41
-0.7734,-0.0791,-0.1860,-22.866,-15.183,-4.146,3,41
-0.7700,-0.0835,-0.2109,-20.793,-14.756,-4.085,3,41
-0.7422,-0.1167,-0.1411,-17.805,-13.780,-3.354,3,41
-0.6943,-0.0659,-0.1968,-15.671,-14.085,-2.805,3,41
-16.0000,-11.3511,-8.9380,-448.841,-145.183,-292.073,4,41
8.7739,6.4077,-15.9453,-143.354,-61.037,-549.695,4,41
9.0132,1.5552,-16.0000,-110.610,76.280,-264.207,4,41
5.1582,3.2007,-16.0000,-582.927,-235.183,-189.146,4,41
3.6523,6.2871,-14.5933,-714.756,-379.329,-195.061,4,41
-6.8018,9.9575,-15.7295,-854.207,-266.341,-196.707,4,41
-5.5972,8.9951,-15.9956,-462.439,-61.524,-108.171,4,41
-1.1787,10.8052,-15.9785,-45.122,131.341,-48.171,4,41
-0.6299,-0.0718,-0.2480,-13.780,-15.061,-2.683,3,41
-0.6040,-0.0698,-0.3784,-11.280,-13.720,-2.134,3,41
-0.5767,-0.1284,-0.4829,-6.098,-11.280,-3.354,3,41
-0.6226,-0.1079,-0.3828,-0.427,-6.829,-4.146,3,41
-0.6416,-0.1245,-0.3228,0.976,-6.159,-4.207,3,41
-0.6724,-0.1177,-0.3086,6.890,-1.951,-2.378,3,41
-0.6704,-0.1611,-0.3540,13.354,2.378,-1.159,3,41
-0.7012,-0.1914,-0.3979,20.854,6.098,-0.549,3,41
0.6089,-1.9453,-0.1118,8.354,80.976,-20.549,1,90
0.6265,-1.9028,-0.1021,0.610,77.927,-22.622,1,90
0.6338,-1.8643,-0.0869,-6.220,75.427,-24.207,1,90
0.6523,-1.8232,-0.0840,-12.744,72.988,-25.793,1,90
0.6665,-1.7793,-0.0718,-18.598,70.000,-27.256,1,90
0.6831,-1.7407,-0.0669,-23.780,67.378,-28.110,1,90
0.6875,-1.7051,-0.0679,-28.963,64.268,-28.902,1,90
0.7080,-1.6655,-0.0571,-33.659,61.524,-29.329,1,90
0.2598,0.8794,-0.5786,-59.878,15.488,8.354,2,90
0.2471,0.8804,-0.5864,-56.159,13.963,7.805,2,90
0.2480,0.8735,-0.5737,-52.561,12.622,7.195,2,90
0.2349,0.8682,-0.5811,-49.024,11.768,6.890,2,90
0.2285,0.8521,-0.5889,-46.098,11.098,7.012,2,90
0.2295,0.8364,-0.5864,-43.963,10.671,6.890,2,90
0.2344,0.8145,-0.5942,-42.012,10.671,7.378,2,90
0.2349,0.7876,-0.5898,-40.976,11.159,7.439,2,90
0.7148,-1.6323,-0.0601,-37.622,58.963,-29.268,1,90
0.7251,-1.6079,-0.0420,-41.220,56.402,-29.329,1,90
0.7261,-1.5820,-0.0562,-44.451,53.780,-29.207,1,90
0.7236,-1.5674,-0.0454,-46.890,51.524,-28.537,1,90
0.7324,-1.5527,-0.0342,-49.695,49.634,-28.171,1,90
0.7183,-1.5498,-0.0190,-52.134,47.866,-27.866,1,90
0.7129,-1.5557,-0.0122,-53.902,46.098,-27.805,1,90
0.7100,-1.5610,-0.0186,-56.037,44.695,-27.500,1,90
0.2388,0.7534,-0.5835,-40.610,12.073,8.049,2,90
0.2471,0.7290,-0.5815,-40.854,13.171,8.659,2,90
0.2539,0.6987,-0.5688,-41.768,14.024,8.963,2,90
0.2666,0.6641,-0.5552,-43.049,15.793,9.451,2,90
0.2832,0.6318,-0.5444,-44.939,17.012,9.573,2,90
0.2954,0.5962,-0.5405,-46.768,18.293,9.756,2,90
0.3135,0.5698,-0.5298,-48.537,19.573,10.122,2,90
0.3345,0.5464,-0.5220,-50.854,20.671,10.366,2,90
0.6992,-1.5757,-0.0117,-57.805,42.683,-27.622,1,90
0.6909,-1.5913,-0.0083,-59.817,41.220,-27.256,1,90
0.6748,-1.6211,-0.0107,-61.402,39.268,-27.561,1,90
0.6631,-1.6470,-0.0054,-63.110,37.805,-27.744,1,90
0.6440,-1.7012,0.0024,-65.000,34.939,-28.720,1,90
0.6274,-1.7329,0.0049,-65.915,32.500,-29.573,1,90
0.6206,-1.7690,0.0142,-66.829,29.817,-30.915,1,90
0.6040,-1.7969,0.0029,-67.561,27.134,-32.561,1,90
0.3608,0.5195,-0.5205,-52.683,21.890,10.244,2,90
0.3721,0.5020,-0.5039,-54.451,23.415,10.488,2,90
0.3906,0.4917,-0.4946,-56.768,24.390,10.671,2,90
0.4121,0.4897,-0.4922,-58.415,25.061,10.854,2,90
0.4272,0.4751,-0.4834,-60.610,25.671,10.793,2,90
0.4375,0.4697,-0.4897,-62.500,26.037,10.671,2,90
0.4536,0.4697,-0.4756,-63.720,26.220,10.244,2,90
0.4595,0.4746,-0.4683,-64.634,26.159,9.878,2,90
0.5957,-1.8223,-0.0098,-67.866,24.451,-34.329,1,90
0.5762,-1.8481,-0.0127,-67.317,21.829,-36.890,1,90
0.5610,-1.8608,-0.0181,-66.646,19.024,-39.512,1,90
0.5464,-1.8706,-0.0186,-65.122,16.220,-42.500,1,90
0.5376,-1.8687,-0.0156,-63.354,13.415,-45.671,1,90
0.5342,-1.8638,-0.0356,-61.159,11.159,-49.024,1,90
0.5313,-1.8579,-0.0264,-58.598,8.354,-52.805,1,90
0.5376,-1.8486,-0.0176,-56.037,5.915,-56.646,1,90
0.4673,0.4692,-0.4673,-64.939,26.280,8.841,2,90
0.4692,0.4746,-0.4565,-65.244,26.098,8.049,2,90
0.4756,0.4790,-0.4468,-65.854,25.976,6.890,2,90
0.4761,0.4780,-0.4233,-65.915,25.610,5.549,2,90
0.4722,0.4814,-0.4229,-66.037,24.939,3.963,2,90
0.4668,0.4873,-0.4175,-65.976,24.512,1.951,2,90
0.4668,0.4810,-0.4116,-65.549,23.902,0.366,2,90
0.4609,0.4761,-0.4043,-64.573,22.927,-1.707,2,90
0.5400,-1.8252,-0.0093,-53.476,3.659,-60.610,1,90
0.5498,-1.8066,-0.0146,-50.183,1.341,-64.939,1,90
0.5615,-1.7837,-0.0088,-46.829,-1.159,-68.902,1,90
0.5874,-1.7583,-0.0044,-43.720,-3.537,-73.476,1,90
0.5996,-1.7354,0.0059,-40.549,-6.646,-78.049,1,90
0.6162,-1.7065,0.0103,-37.073,-9.573,-82.317,1,90
0.6318,-1.6855,0.0210,-33.354,-12.744,-86.585,1,90
0.6416,-1.6655,0.0176,-29.878,-15.122,-90.549,1,90
0.4521,0.4727,-0.3887,-63.110,22.378,-3.841,2,90
0.4395,0.4741,-0.3877,-62.134,21.646,-6.037,2,90
0.4399,0.4653,-0.3818,-60.488,21.280,-8.232,2,90
0.4282,0.4639,-0.3760,-58.598,21.037,-10.366,2,90
0.4292,0.4526,-0.3647,-57.317,20.488,-12.927,2,90
0.4189,0.4546,-0.3535,-55.488,20.610,-15.244,2,90
0.4175,0.4380,-0.3530,-53.659,20.305,-17.622,2,90
0.4092,0.4292,-0.3462,-52.439,20.366,-20.122,2,90
0.6592,-1.6577,0.0137,-26.463,-17.927,-94.390,1,90
0.6631,-1.6387,0.0308,-22.927,-20.976,-98.415,1,90
0.6704,-1.6313,0.0132,-18.598,-23.598,-102.195,1,90
0.6699,-1.6211,0.0078,-13.963,-26.707,-105.671,1,90
0.6792,-1.6143,0.0024,-9.207,-29.451,-109.573,1,90
0.6714,-1.6050,-0.0083,-4.573,-32.195,-113.354,1,90
0.6626,-1.5913,-0.0142,0.122,-35.122,-117.439,1,90
0.6548,-1.5850,-0.0186,4.024,-37.927,-121.280,1,90
-1.2188,-0.4731,-1.0771,54.939,75.244,140.732,4,41
-1.3306,-0.1621,-1.2236,91.037,117.317,167.317,4,41
-1.4858,0.1665,-1.3032,116.280,152.317,183.415,4,41
-1.6118,0.4360,-1.3789,131.037,179.024,179.573,4,41
-1.7554,0.5532,-1.4614,146.037,196.646,161.890,4,41
-2.2026,0.3550,-1.5571,181.524,195.854,137.439,4,41
-1.6025,0.5449,-1.7559,220.610,195.000,110.000,4,41
-1.5850,0.4668,-1.7690,256.098,212.622,107.500,4,41
-1.0757,-0.2588,-0.1455,-13.963,-2.256,-13.780,3,41
-1.0684,-0.2734,-0.1523,-12.683,-1.098,-13.537,3,41
-1.0674,-0.2710,-0.1460,-11.220,-0.427,-13.293,3,41
-1.0605,-0.2798,-0.1416,-9.512,1.220,-12.744,3,41
-1.0518,-0.2822,-0.1484,-7.378,2.744,-12.256,3,41
-1.0405,-0.2969,-0.1528,-4.573,4.268,-11.951,3,41
-1.0249,-0.3037,-0.1636,-1.951,5.915,-11.402,3,41
-1.0161,-0.3291,-0.1733,0.305,6.951,-11.220,3,41
-1.7813,0.3267,-1.6953,298.293,223.293,113.354,4,41
-1.9160,0.2310,-1.6450,333.902,231.402,114.634,4,41
-2.0039,0.1978,-1.6455,353.780,244.756,111.402,4,41
-2.0195,0.2109,-1.6396,357.012,263.354,107.012,4,41
-2.0112,0.2437,-1.6558,352.683,285.183,103.049,4,41
-1.9639,0.2949,-1.6714,344.756,305.549,99.329,4,41
-1.9219,0.3467,-1.7026,334.085,321.585,94.573,4,41
-1.8740,0.3936,-1.7612,320.183,332.622,89.390,4,41
-1.0107,-0.3374,-0.1714,1.524,7.988,-11.402,3,41
-1.0024,-0.3501,-0.1929,0.793,7.683,-11.463,3,41
-1.0049,-0.3672,-0.1909,-0.549,7.073,-11.402,3,41
-1.0220,-0.3691,-0.2061,-3.232,5.976,-11.768,3,41
-1.0176,-0.3550,-0.1880,-6.159,4.512,-11.524,3,41
-1.0234,-0.3281,-0.1885,-8.902,3.476,-10.732,3,41
-1.0264,-0.2817,-0.1719,-10.915,2.073,-9.634,3,41
-1.0181,-0.2314,-0.1533,-10.854,1.829,-8.598,3,41
-1.8438,0.4258,-1.8047,305.122,340.976,83.293,4,41
-1.8501,0.4307,-1.8032,291.402,347.378,77.927,4,41
-1.8701,0.4492,-1.7808,278.415,353.232,73.110,4,41
-1.9019,0.4702,-1.7363,264.329,359.268,70.183,4,41
-1.9609,0.5054,-1.6821,247.195,365.610,68.780,4,41
-2.0244,0.5630,-1.6206,229.512,371.951,70.122,4,41
-2.1006,0.6328,-1.5581,212.866,377.378,74.085,4,41
-2.1821,0.7349,-1.4985,199.756,382.439,80.183,4,41
-0.9966,-0.1450,-0.1519,-8.171,1.890,-7.012,3,41
-0.9854,-0.1211,-0.1509,-6.707,2.134,-6.220,3,41
-0.9707,-0.0928,-0.1548,-2.927,2.683,-4.695,3,41
-0.9526,-0.0791,-0.1567,1.951,3.841,-2.927,3,41
-0.9502,-0.0742,-0.1499,6.646,5.427,-1.220,3,41
-0.9438,-0.0894,-0.1479,12.073,6.463,0.610,3,41
-0.9302,-0.1138,-0.1797,17.134,7.683,2.561,3,41
-0.9165,-0.1577,-0.1997,22.988,9.573,3.537,3,41
-2.2769,0.8315,-1.4331,191.524,386.829,88.354,4,41
-2.3735,0.9380,-1.3521,186.524,390.305,96.585,4,41
-2.4639,1.0337,-1.2646,184.390,393.293,104.878,4,41
-2.5415,1.1094,-1.1743,182.622,395.976,112.439,4,41
-2.6128,1.1885,-1.0742,180.671,400.244,118.841,4,41
-2.6909,1.2393,-0.9814,178.232,405.976,124.878,4,41
-2.7588,1.2500,-0.8545,175.549,410.061,130.122,4,41
-2.8096,1.2344,-0.7163,174.817,412.256,135.305,4,41
-0.8857,-0.2109,-0.1733,32.622,13.293,6.463,3,41
-0.8691,-0.2646,-0.1909,39.939,16.159,8.537,3,41
-0.8589,-0.2788,-0.1763,47.195,19.207,10.427,3,41
-0.8535,-0.3066,-0.1743,51.890,21.341,11.341,3,41
-0.8315,-0.3374,-0.1675,56.524,23.476,12.622,3,41
-0.8335,-0.3608,-0.1807,60.244,25.732,13.963,3,41
-0.8252,-0.3755,-0.1943,62.744,26.890,14.939,3,41
-0.8203,-0.3794,-0.2271,64.634,28.110,15.671,3,41
-2.8496,1.1899,-0.6128,173.963,414.146,139.207,4,41
-2.8745,1.1470,-0.5303,174.268,415.122,142.988,4,41
-2.9102,1.1094,-0.4673,174.451,415.244,146.951,4,41
-2.9307,1.0791,-0.4204,174.878,413.841,150.610,4,41
-2.9619,1.0488,-0.3560,176.037,411.524,154.146,4,41
-2.9941,1.0322,-0.3140,176.402,408.354,157.744,4,41
-3.0308,1.0356,-0.2783,176.768,405.183,161.037,4,41
-3.0767,1.0303,-0.2266,176.159,402.378,163.659,4,41
-0.7979,-0.3936,-0.2461,64.878,28.415,15.854,3,41
-0.7793,-0.3965,-0.2817,65.061,28.720,15.854,3,41
-0.7729,-0.3877,-0.2935,64.207,28.720,15.915,3,41
-0.7676,-0.3843,-0.3164,64.268,28.720,16.280,3,41
-0.7661,-0.3770,-0.3198,63.659,28.659,16.098,3,41
-0.7568,-0.3672,-0.3203,62.622,28.354,16.463,3,41
-0.7681,-0.3613,-0.3071,61.707,28.110,16.707,3,41
-0.7632,-0.3506,-0.2979,60.183,27.805,17.683,3,41
-3.1216,1.0376,-0.1885,175.793,399.573,166.524,4,41
-3.1689,1.0381,-0.1382,175.549,397.622,169.024,4,41
-3.1953,1.0327,-0.1079,175.366,395.915,171.280,4,41
-3.2305,1.0239,-0.0879,174.756,395.122,172.866,4,41
-3.2705,1.0093,-0.0645,173.902,395.610,173.720,4,41
-3.3062,0.9883,-0.0732,172.622,396.951,174.146,4,41
-3.3496,0.9521,-0.0640,172.256,399.512,173.963,4,41
-3.3779,0.9111,-0.0361,174.512,402.866,172.988,4,41
-0.7681,-0.3413,-0.2998,59.512,27.195,18.354,3,41
-0.7744,-0.3281,-0.2725,58.720,26.951,19.634,3,41
-0.7700,-0.3145,-0.2612,58.232,26.768,20.732,3,41
-0.7734,-0.3130,-0.2422,57.866,26.829,22.622,3,41
-0.7686,-0.3203,-0.2344,58.171,26.768,25.122,3,41
-0.7788,-0.3145,-0.2295,58.659,27.561,27.073,3,41
-0.8013,-0.3018,-0.2217,61.402,28.537,28.780,3,41
-0.8203,-0.2876,-0.2202,64.878,31.037,30.671,3,41
-3.4072,0.8516,0.0137,180.061,406.220,171.280,4,41
-3.4180,0.8022,0.0703,187.073,408.841,169.329,4,41
-3.4165,0.7695,0.1191,193.963,411.890,167.439,4,41
-3.4038,0.7261,0.1484,199.634,414.329,165.122,4,41
-3.3726,0.6968,0.1563,204.634,416.524,162.561,4,41
-3.3589,0.6714,0.1621,209.573,418.110,159.451,4,41
-3.3496,0.6646,0.1499,215.061,420.305,157.012,4,41
-3.3452,0.6416,0.1440,220.183,421.707,154.512,4,41
-0.8359,-0.2754,-0.2163,71.463,35.122,32.195,3,41
-0.8525,-0.2476,-0.2251,78.720,38.780,33.659,3,41
-0.8491,-0.2197,-0.2344,84.451,41.585,34.939,3,41
-0.8491,-0.2275,-0.2339,89.817,44.695,35.976,3,41
-0.8545,-0.2495,-0.2358,95.488,47.927,37.073,3,41
-0.8643,-0.2974,-0.2393,99.817,50.244,38.537,3,41
-0.8818,-0.3691,-0.2173,104.451,53.171,40.732,3,41
-0.8838,-0.4321,-0.1865,107.500,55.793,43.537,3,41
-3.3525,0.6040,0.1509,227.195,422.317,150.610,4,41
-3.3506,0.5869,0.1519,229.817,422.378,149.512,4,41
-3.3311,0.5469,0.1802,237.927,421.585,145.244,4,41
-3.3135,0.5454,0.1899,239.878,421.585,142.805,4,41
-3.2700,0.5186,0.2036,241.341,421.829,139.390,4,41
-3.2388,0.5020,0.2148,241.707,421.585,136.220,4,41
-3.1997,0.4722,0.1968,241.951,420.305,133.963,4,41
-3.1704,0.4595,0.1895,242.134,418.963,132.012,4,41
-0.8672,-0.5098,-0.1836,106.646,56.463,46.159,3,41
-0.8711,-0.5967,-0.1812,103.354,57.012,48.659,3,41
-0.8813,-0.6509,-0.2207,98.293,56.890,50.061,3,41
-0.8906,-0.6987,-0.2891,90.732,55.000,50.732,3,41
-0.9043,-0.7373,-0.3345,83.110,52.439,50.976,3,41
-0.9175,-0.7671,-0.3818,77.134,51.159,50.549,3,41
-0.9219,-0.7871,-0.4009,71.768,50.671,50.976,3,41
-0.9136,-0.8096,-0.3701,67.439,50.000,50.854,3,41
-3.1445,0.4551,0.1982,241.524,416.646,129.146,4,41
-3.1069,0.4565,0.2095,238.963,414.024,126.463,4,41
-3.0522,0.4512,0.2222,234.512,411.037,122.744,4,41
-2.9990,0.4458,0.2109,229.634,407.500,118.476,4,41
-2.9565,0.4482,0.1821,225.732,403.720,114.207,4,41
-2.9214,0.4565,0.1987,223.476,399.207,110.427,4,41
-2.8926,0.4727,0.2441,221.037,394.329,105.854,4,41
-2.8735,0.4849,0.3408,216.951,389.268,101.280,4,41
-0.8901,-0.8052,-0.3857,62.683,48.841,51.220,3,41
-0.8452,-0.8218,-0.4238,56.159,46.341,51.829,3,41
-0.8340,-0.8164,-0.4419,49.268,43.780,51.768,3,41
-0.8467,-0.7822,-0.4385,42.134,41.646,51.402,3,41
-0.8491,-0.6978,-0.4429,34.390,38.049,50.549,3,41
-0.8589,-0.5933,-0.4043,26.585,34.329,50.000,3,41
-0.8657,-0.4478,-0.3320,19.390,30.244,50.366,3,41
-0.8794,-0.2886,-0.2554,13.659,26.646,51.463,3,41
-2.8594,0.5005,0.4180,208.902,383.415,97.012,4,41
-2.8657,0.5112,0.4814,198.902,378.354,93.293,4,41
-2.8838,0.5361,0.5151,185.122,373.415,90.488,4,41
-2.9019,0.5752,0.5430,167.622,368.476,88.476,4,41
-2.9146,0.6187,0.5542,146.646,363.110,88.537,4,41
-2.8955,0.6372,0.5620,124.756,356.707,89.268,4,41
-2.8262,0.6377,0.5562,103.720,349.878,90.549,4,41
-2.7358,0.6328,0.5571,85.854,342.622,92.561,4,41
-0.8960,-0.1279,-0.2139,10.305,24.024,52.866,3,41
-0.9199,-0.0068,-0.1841,8.963,22.012,54.024,3,41
-0.9395,0.0615,-0.1685,10.244,21.524,54.817,3,41
-0.9712,0.1055,-0.1421,13.598,21.951,56.098,3,41
-0.9922,0.1323,-0.1177,16.402,22.073,57.622,3,41
-0.9907,0.1313,-0.0898,20.000,22.866,59.024,3,41
-0.9922,0.1304,-0.0728,23.171,23.415,60.000,3,41
-0.9814,0.1304,-0.0542,26.646,23.963,60.732,3,41
-2.6396,0.6108,0.5630,73.110,335.915,94.390,4,41
-2.5459,0.5845,0.5601,64.329,329.695,95.671,4,41
-2.4858,0.5625,0.5337,61.524,324.695,97.683,4,41
-2.4424,0.5566,0.5103,62.134,320.793,100.122,4,41
-2.4292,0.5498,0.4785,65.061,317.683,103.537,4,41
-2.4404,0.5605,0.4673,69.878,313.354,107.256,4,41
-2.4531,0.5771,0.4409,76.159,306.890,110.122,4,41
-2.4556,0.6055,0.4507,84.756,299.085,112.439,4,41
-0.9404,0.1333,0.0024,31.768,25.915,62.073,3,41
-0.9180,0.1206,0.0757,35.854,27.073,63.415,3,41
-0.8994,0.1362,0.1313,37.927,27.622,64.390,3,41
-0.8647,-0.0210,0.0015,43.780,31.280,67.317,3,41
-0.8569,-0.0708,0.0024,51.524,35.366,67.866,3,41
-0.8242,-0.1426,-0.0640,54.878,37.317,68.415,3,41
-0.8257,-0.2119,-0.1655,58.902,40.549,68.293,3,41
-0.8281,-0.2603,-0.2124,60.915,42.988,67.012,3,41
-1.1807,-2.3232,-0.5054,21.951,-182.317,-473.354,1,90
-1.2080,-2.3052,-0.5298,20.427,-181.646,-477.317,1,90
-1.2354,-2.2793,-0.5698,19.390,-181.646,-481.037,1,90
-1.2656,-2.2446,-0.5923,18.476,-180.427,-484.817,1,90
-1.2935,-2.2192,-0.6265,17.561,-179.817,-488.171,1,90
-1.3193,-2.1836,-0.6475,16.585,-178.537,-491.220,1,90
-1.3413,-2.1489,-0.6577,15.915,-177.012,-493.841,1,90
-1.3730,-2.1001,-0.6592,15.061,-175.854,-495.671,1,90
0.7646,1.0850,-0.4746,86.829,135.305,-135.915,2,90
0.7695,1.1099,-0.4644,89.268,137.134,-133.171,2,90
0.7837,1.1245,-0.4424,92.195,138.780,-130.183,2,90
0.7939,1.1401,-0.4370,95.549,139.695,-126.768,2,90
0.7983,1.1519,-0.4058,98.476,140.915,-123.659,2,90
0.8110,1.1636,-0.3926,101.646,141.768,-120.366,2,90
0.8262,1.1626,-0.3745,105.427,142.805,-116.951,2,90
0.8457,1.1587,-0.3662,109.024,143.171,-113.963,2,90
-0.9834,-0.9072,-0.3857,20.244,48.110,76.524,3,41
-1.0156,-0.8828,-0.3027,9.085,46.280,80.732,3,41
-1.0454,-0.8481,-0.2476,-0.549,44.878,85.183,3,41
-1.0884,-0.7598,-0.1924,-7.622,45.000,89.939,3,41
-1.1030,-0.6318,-0.1230,-12.622,45.610,94.207,3,41
-1.1030,-0.4404,-0.0986,-17.744,45.793,97.561,3,41
-1.1035,-0.2813,-0.1357,-25.366,42.622,100.122,3,41
-1.1270,-0.1602,-0.1611,-30.061,40.549,101.585,3,41
-1.4487,-0.0127,-0.4604,20.610,170.427,94.878,4,41
-1.6338,-0.4634,-2.5220,123.171,211.463,54.085,4,41
-1.1514,0.8726,-2.5845,109.817,267.866,27.866,4,41
-0.5752,0.7676,-1.8999,1.402,280.732,-5.305,4,41
0.0034,1.0171,-1.7061,-144.207,248.110,-75.244,4,41
0.9658,0.0781,-7.4858,-342.500,196.707,-166.829,4,41
1.1133,-2.7471,-3.3013,-161.524,120.671,-214.695,4,41
-2.1694,-4.4658,15.8516,335.488,-315.854,-163.659,4,41
-1.1353,-0.0669,-0.1890,-31.098,40.854,102.927,3,41
-1.1470,-0.0591,-0.2632,-28.902,41.890,102.927,3,41
-1.1260,-0.0366,-0.3389,-24.817,43.232,102.500,3,41
-0.9658,0.0620,-0.3174,-22.500,43.415,101.402,3,41
-0.8779,0.1206,-0.4116,-23.841,41.829,100.061,3,41
-0.8198,0.1372,-0.5889,-19.939,42.866,98.293,3,41
-0.8174,0.0581,-0.5513,-16.707,43.963,96.159,3,41
-0.8330,-0.0225,-0.5459,-17.317,43.049,95.976,3,41
-5.0884,-0.3931,15.9888,275.610,-398.841,-339.756,4,41
-7.4546,1.3022,14.2617,-400.915,-435.976,-355.671,4,41
-11.3022,-5.8721,1.3105,-315.061,-91.402,-193.780,4,41
-7.4551,-5.3457,15.9995,315.976,-321.463,38.110,4,41
-4.0977,-3.8809,15.7539,93.902,-282.256,68.171,4,41
0.2021,-3.0889,15.5542,109.207,-245.122,10.732,4,41
2.0674,-0.1055,13.5796,142.744,-219.634,-87.561,4,41
1.0361,-0.1123,8.4102,150.305,-172.683,-71.280,4,41
-0.8853,0.0186,-0.4263,-20.915,39.878,96.646,3,41
-0.9058,0.0264,-0.3481,-27.012,36.646,96.463,3,41
-0.9053,0.0112,-0.3506,-30.488,34.207,95.549,3,41
-0.9287,-0.0278,-0.3818,-32.073,31.524,95.061,3,41
-0.9316,-0.0850,-0.3975,-32.927,31.098,95.366,3,41
-0.9121,-0.1069,-0.3823,-33.110,31.159,94.756,3,41
-0.8726,-0.1167,-0.3989,-33.659,30.366,93.963,3,41
-0.7793,-0.1284,-0.4517,-31.646,30.061,92.317,3,41
-1.8560,-0.9219,-1.0752,-54.451,-171.829,-415.915,1,90
-1.9155,-0.8672,-1.0806,-61.951,-171.037,-405.061,1,90
-1.9751,-0.8145,-1.0840,-69.756,-169.878,-393.171,1,90
-2.0464,-0.7480,-1.0977,-77.561,-168.720,-381.037,1,90
-2.1172,-0.6870,-1.1147,-85.366,-166.951,-368.049,1,90
-2.1865,-0.6177,-1.1206,-93.232,-164.939,-354.939,1,90
-2.2529,-0.5371,-1.1348,-101.159,-162.561,-341.098,1,90
-2.3105,-0.4517,-1.1323,-108.841,-160.000,-327.683,1,90
1.2788,0.9131,-0.2021,81.220,141.890,-23.720,2,90
1.3501,0.8989,-0.2031,73.902,141.707,-20.000,2,90
1.4214,0.8760,-0.2080,66.341,141.402,-16.280,2,90
1.4951,0.8623,-0.2251,59.390,140.549,-12.500,2,90
1.5825,0.8452,-0.2334,52.500,139.573,-9.146,2,90
1.6543,0.8350,-0.2441,45.366,137.927,-5.793,2,90
1.7280,0.8164,-0.2603,39.390,136.220,-2.500,2,90
1.8013,0.8120,-0.2915,33.049,133.720,0.549,2,90
-1.0376,0.3540,-0.3340,0.244,17.744,61.768,3,41
-1.1318,0.3501,-0.3086,3.659,17.378,60.061,3,41
-1.1787,0.2515,-0.3374,10.366,18.171,56.890,3,41
-1.1836,0.1045,-0.3628,17.317,20.061,53.232,3,41
-1.1846,-0.0337,-0.3857,22.134,21.280,49.695,3,41
-1.2109,-0.1177,-0.3979,25.061,21.524,46.220,3,41
-1.2056,-0.1079,-0.3867,25.976,21.524,43.110,3,41
-1.1660,-0.0430,-0.3516,26.890,21.220,39.512,3,41
-4.0137,-2.7139,1.0498,-1.402,-35.183,-73.780,4,41
-3.5928,-2.0278,1.1338,-16.159,-38.902,-65.793,4,41
-3.4092,-1.3472,1.0776,-22.561,-24.573,-40.671,4,41
-3.1567,-0.9194,1.2339,-19.329,-6.402,-7.256,4,41
-3.1904,-0.6934,1.4478,-22.866,11.159,15.122,4,41
-3.4399,-1.0337,0.9829,-39.390,18.049,16.890,4,41
-3.6201,-1.3628,0.8477,-31.707,27.683,15.122,4,41
-3.2354,-1.2666,1.1118,-39.634,37.744,15.244,4,41
-1.1001,0.0488,-0.2866,28.902,20.976,34.024,3,41
-1.0845,0.0869,-0.2813,28.293,20.671,32.073,3,41
-1.0894,0.1602,-0.2563,26.707,20.305,28.476,3,41
-1.0762,0.2080,-0.2563,26.280,21.341,24.329,3,41
-1.0454,0.2773,-0.2070,26.585,21.402,20.610,3,41
-1.0513,0.2603,-0.1924,27.744,22.744,17.012,3,41
-1.0518,0.2495,-0.1719,28.963,24.939,12.805,3,41
-1.0703,0.2813,-0.1470,28.780,26.098,8.110,3,41
-3.3804,1.6904,-0.8306,-206.585,-52.500,1.159,1,90
-3.4399,1.7656,-0.8506,-200.427,-45.305,23.049,1,90
-3.4453,1.8125,-0.8647,-188.110,-37.988,42.012,1,90
-3.4365,1.8823,-0.8887,-176.524,-31.402,57.744,1,90
-3.3950,1.9390,-0.8921,-168.049,-26.524,74.146,1,90
-3.3418,1.9844,-0.8872,-162.317,-24.268,92.744,1,90
-3.2847,2.0103,-0.8857,-155.122,-22.439,111.890,1,90
-3.2432,2.0264,-0.8618,-147.500,-22.256,132.866,1,90
2.6748,0.6621,-0.4102,-80.610,86.159,51.951,2,90
2.7446,0.6748,-0.3926,-85.732,81.098,55.793,2,90
2.7979,0.6802,-0.3950,-90.610,75.427,59.756,2,90
2.8403,0.6880,-0.3926,-94.390,69.390,63.902,2,90
2.8901,0.7026,-0.3906,-97.561,62.744,67.317,2,90
2.9170,0.7129,-0.4019,-99.695,56.037,70.976,2,90
2.9458,0.7295,-0.4053,-101.280,48.902,74.024,2,90
2.9375,0.7427,-0.4253,-101.951,40.488,76.646,2,90
-1.0454,0.5054,-0.0796,22.134,26.829,-47.012,3,41
-1.0327,0.4072,-0.0713,17.927,24.329,-50.976,3,41
-1.0396,0.2969,-0.0996,12.500,21.829,-54.817,3,41
-1.0498,0.1987,-0.1812,7.683,20.305,-58.902,3,41
-1.0605,0.1099,-0.2500,5.610,20.061,-62.195,3,41
-1.0645,0.0259,-0.2715,3.171,20.610,-65.122,3,41
-1.0483,-0.0308,-0.2612,-0.549,20.000,-67.561,3,41
-1.0264,-0.0566,-0.2568,-5.976,18.293,-70.610,3,41
-4.2451,-1.6768,2.9902,-68.476,223.110,-16.402,4,41
-4.0439,-1.7402,3.1909,-82.805,227.866,-12.012,4,41
-3.8677,-1.7861,3.4277,-100.244,230.305,-5.488,4,41
-3.7593,-1.8394,3.7178,-120.427,228.293,0.976,4,41
-3.7163,-1.8271,4.0674,-141.220,223.171,7.134,4,41
-3.6499,-1.8682,4.3057,-165.976,215.549,12.500,4,41
-3.5581,-2.0093,4.3452,-189.573,206.341,17.927,4,41
-3.4517,-2.0522,4.8149,-206.707,191.463,24.329,4,41
-1.0117,-0.0664,-0.2749,-11.037,17.500,-72.866,3,41
-0.9927,-0.0889,-0.3130,-15.061,16.829,-74.939,3,41
-0.9565,-0.1206,-0.3276,-20.183,15.671,-76.829,3,41
-0.9458,-0.1465,-0.3262,-25.915,14.207,-78.598,3,41
-0.9414,-0.1602,-0.3267,-32.073,12.561,-80.183,3,41
-0.9302,-0.1787,-0.3154,-38.780,10.976,-81.037,3,41
-0.9385,-0.1821,-0.3242,-45.793,8.841,-82.439,3,41
-0.9624,-0.1973,-0.3452,-52.256,7.134,-83.841,3,41
-3.0498,1.3882,-1.0742,15.183,-51.829,517.561,1,90
-3.0815,1.2886,-1.1104,21.341,-55.610,535.915,1,90
-3.1099,1.1914,-1.1470,26.402,-59.207,553.476,1,90
-3.1514,1.1011,-1.1709,32.134,-62.500,570.793,1,90
-3.2065,1.0078,-1.2012,37.500,-66.280,587.500,1,90
-3.2437,0.9209,-1.2212,42.561,-70.183,603.354,1,90
-3.2881,0.8301,-1.2334,48.476,-73.476,618.476,1,90
-3.3311,0.7637,-1.2339,54.756,-76.037,632.195,1,90
1.7031,1.0259,-0.7490,-28.537,-107.073,120.427,2,90
1.6328,0.9951,-0.7529,-22.561,-112.744,123.963,2,90
1.5605,0.9746,-0.7412,-17.500,-117.683,128.171,2,90
1.4951,0.9541,-0.7148,-12.683,-122.378,132.256,2,90
1.4341,0.9312,-0.7051,-8.720,-126.463,136.768,2,90
1.3926,0.9048,-0.6709,-6.220,-129.695,141.585,2,90
1.3486,0.8706,-0.6309,-4.573,-133.476,146.707,2,90
1.3252,0.8242,-0.5942,-4.207,-136.402,152.256,2,90
-3.3721,0.7007,-1.2144,60.976,-77.561,645.671,1,90
-3.4102,0.6382,-1.2051,67.683,-78.049,658.537,1,90
-3.4438,0.5913,-1.1787,73.963,-78.171,669.756,1,90
-3.4683,0.5259,-1.1602,79.756,-77.439,680.366,1,90
-3.4814,0.4604,-1.1128,85.549,-75.854,690.366,1,90
-3.4790,0.4072,-1.0674,92.500,-72.988,699.329,1,90
-3.4541,0.3633,-1.0303,98.171,-70.427,707.317,1,90
-3.4331,0.3164,-0.9863,103.110,-67.073,713.841,1,90
1.3101,0.7871,-0.5586,-4.390,-139.329,158.537,2,90
1.3008,0.7349,-0.5264,-3.598,-141.220,164.878,2,90
1.2954,0.6909,-0.5005,-3.659,-143.415,171.768,2,90
1.3057,0.5967,-0.4663,-3.720,-144.573,178.902,2,90
1.2856,0.5010,-0.4126,-8.720,-145.854,184.939,2,90
1.2480,0.4287,-0.3745,-18.049,-147.622,188.476,2,90
1.2427,0.3979,-0.3760,-21.890,-148.354,192.561,2,90
1.2476,0.4219,-0.3452,-20.671,-147.744,198.354,2,90
-1.0132,-0.0791,-0.4785,-105.427,-29.634,-90.854,3,41
-0.9839,-0.0771,-0.4780,-107.622,-32.927,-90.244,3,41
-0.9521,-0.0942,-0.4663,-108.476,-36.159,-89.085,3,41
-0.9204,-0.1064,-0.4443,-109.207,-38.354,-87.744,3,41
-0.8926,-0.1289,-0.4297,-110.061,-41.098,-86.037,3,41
-0.8662,-0.1587,-0.4307,-111.037,-43.598,-84.878,3,41
-0.8931,-0.1777,-0.4683,-111.037,-45.732,-83.720,3,41
-0.9419,-0.1885,-0.5137,-109.695,-47.012,-82.195,3,41
-1.7148,2.3062,0.9585,110.732,30.366,-60.976,4,41
-1.7466,2.1167,1.4868,155.305,9.695,-47.622,4,41
-2.0776,1.9746,2.3306,196.646,-32.561,-30.244,4,41
-2.1157,1.5859,2.9536,214.939,-75.244,-34.756,4,41
-1.9692,1.0625,3.3159,211.646,-103.171,-63.110,4,41
-2.0044,0.5142,3.4595,184.512,-123.598,-105.427,4,41
-1.8247,-0.0542,3.2769,137.927,-135.366,-152.683,4,41
-1.6401,-0.4941,3.0293,86.646,-135.976,-193.841,4,41
-0.9536,-0.2051,-0.5342,-107.012,-47.683,-81.402,3,41
-0.9585,-0.2407,-0.5215,-103.720,-48.049,-80.671,3,41
-0.9722,-0.2544,-0.4912,-101.829,-48.902,-79.146,3,41
-0.9746,-0.2515,-0.4692,-100.732,-50.976,-77.561,3,41
-0.9922,-0.2617,-0.4805,-101.098,-52.500,-75.366,3,41
-1.0098,-0.2695,-0.4438,-100.915,-53.902,-73.293,3,41
-1.0337,-0.2593,-0.3906,-100.549,-55.488,-70.854,3,41
-1.0552,-0.2686,-0.3613,-100.061,-56.220,-67.988,3,41
-4.3320,-1.8091,-0.1187,181.585,56.646,680.915,1,90
-4.3291,-1.9448,-0.1392,184.756,70.122,673.354,1,90
-4.3091,-2.0684,-0.1270,185.915,85.732,666.098,1,90
-4.2773,-2.1787,-0.1016,183.902,101.159,659.085,1,90
-4.2612,-2.2705,-0.0337,178.232,115.122,651.098,1,90
-4.2168,-2.3809,0.0234,171.220,125.427,642.805,1,90
-4.1729,-2.4507,0.0361,161.768,131.829,635.244,1,90
-4.1021,-2.4868,0.0010,152.439,133.354,627.500,1,90
-2.0483,-1.1064,1.8804,-101.585,-217.317,-238.354,4,41
-2.0933,-1.0415,1.8809,-101.220,-229.268,-236.829,4,41
-2.2231,-0.8525,1.9058,-95.305,-265.549,-232.866,4,41
-2.2822,-0.7944,1.9136,-92.988,-277.317,-231.524,4,41
-2.4087,-0.6670,1.9321,-88.049,-300.427,-229.756,4,41
-2.5913,-0.4912,1.9346,-82.134,-331.341,-227.073,4,41
-2.7148,-0.4058,1.9336,-78.598,-348.963,-225.793,4,41
-2.8325,-0.3311,1.9404,-77.439,-364.939,-225.854,4,41
0.8506,0.0947,0.0854,-20.366,-125.732,217.805,2,90
0.8232,0.0820,0.0854,-22.195,-122.317,217.317,2,90
0.7876,0.0723,0.0776,-23.476,-119.024,216.646,2,90
0.7666,0.0684,0.0713,-25.061,-115.244,215.366,2,90
0.7441,0.0615,0.0620,-25.976,-111.768,213.659,2,90
0.7178,0.0581,0.0410,-26.707,-107.988,211.585,2,90
0.6904,0.0493,0.0229,-26.768,-104.146,209.573,2,90
0.6631,0.0454,0.0093,-25.793,-100.488,207.439,2,90
0.6333,0.0352,-0.0039,-24.939,-96.280,205.122,2,90
0.6021,0.0371,-0.0249,-23.232,-92.439,203.171,2,90
0.5747,0.0298,-0.0410,-21.220,-88.110,200.732,2,90
0.5488,0.0254,-0.0605,-18.171,-83.902,198.780,2,90
0.5293,0.0303,-0.0659,-15.488,-79.573,196.402,2,90
0.5005,0.0322,-0.0796,-12.134,-75.305,193.963,2,90
0.4829,0.0332,-0.0933,-8.841,-70.976,190.976,2,90
0.4595,0.0269,-0.0903,-5.122,-66.951,187.500,2,90
-0.7744,-0.4053,-0.4893,-45.549,-47.561,-34.268,3,41
-0.7759,-0.4282,-0.5132,-44.573,-47.317,-33.537,3,41
-0.7827,-0.4458,-0.4893,-43.415,-46.220,-32.256,3,41
-0.7876,-0.4531,-0.4570,-42.561,-45.549,-30.366,3,41
-0.7964,-0.4580,-0.4609,-42.439,-45.366,-28.476,3,41
-0.8105,-0.4546,-0.4312,-42.500,-45.427,-26.585,3,41
-0.8345,-0.4468,-0.4092,-43.659,-45.488,-24.329,3,41
-0.8496,-0.4375,-0.4116,-45.488,-46.646,-22.561,3,41
-3.1479,-4.0957,-0.2271,201.463,234.939,468.293,1,90
-2.9526,-4.0859,-0.2036,189.817,237.073,458.963,1,90
-2.7656,-4.0620,-0.1865,178.780,238.415,451.524,1,90
-2.6113,-4.0313,-0.1709,169.634,239.817,445.122,1,90
-2.4624,-3.9849,-0.1479,162.195,239.939,438.963,1,90
-2.3335,-3.9600,-0.1211,155.732,239.939,433.171,1,90
-2.2139,-3.9165,-0.1030,150.671,240.000,426.768,1,90
-2.1138,-3.8647,-0.0737,147.073,240.183,419.207,1,90
0.2163,0.0708,-0.1626,20.854,-44.878,148.659,2,90
0.1938,0.0737,-0.1650,23.110,-44.207,144.878,2,90
0.1655,0.0757,-0.1826,25.244,-44.207,141.524,2,90
0.1392,0.0796,-0.1914,26.341,-43.476,138.171,2,90
0.1157,0.0693,-0.1958,27.317,-43.110,134.634,2,90
0.0854,0.0752,-0.2100,27.744,-42.500,131.890,2,90
0.0615,0.0679,-0.2212,27.683,-42.073,128.841,2,90
0.0400,0.0640,-0.2251,27.439,-41.524,125.976,2,90
-2.0249,-3.7959,-0.0562,144.878,240.305,410.671,1,90
-1.9336,-3.7153,-0.0381,143.598,239.695,400.976,1,90
-1.8447,-3.6113,-0.0146,143.415,238.780,390.305,1,90
-1.7573,-3.5034,-0.0054,144.329,237.317,378.902,1,90
-1.6787,-3.3779,0.0229,145.366,234.939,366.707,1,90
-1.5889,-3.2778,0.0425,147.439,232.805,354.329,1,90
-1.5176,-3.1738,0.0796,150.793,230.915,342.500,1,90
-1.4341,-3.0796,0.1069,155.305,228.780,330.488,1,90
0.0156,0.0483,-0.2319,26.341,-41.220,123.049,2,90
-0.0073,0.0576,-0.2319,25.000,-40.549,120.244,2,90
-0.0249,0.0376,-0.2246,23.232,-40.488,117.622,2,90
-0.0464,0.0259,-0.2329,21.098,-40.488,114.817,2,90
-0.0645,0.0088,-0.2207,17.988,-40.549,111.829,2,90
-0.0791,-0.0112,-0.2212,15.000,-40.915,109.268,2,90
-0.0972,-0.0225,-0.2144,11.829,-40.976,106.463,2,90
-0.1069,-0.0420,-0.2148,8.720,-41.159,103.902,2,90
-0.8579,-0.1758,-0.3213,-13.598,-36.768,-11.585,3,41
-0.8281,-0.1841,-0.3530,-10.610,-35.732,-11.585,3,41
-0.7964,-0.2090,-0.3569,-9.207,-35.793,-12.500,3,41
-0.7720,-0.2485,-0.3203,-7.500,-34.817,-13.171,3,41
-0.7651,-0.2734,-0.3159,-5.854,-33.354,-13.293,3,41
-0.7515,-0.2861,-0.3315,-6.463,-33.354,-14.024,3,41
-0.7397,-0.3008,-0.3223,-7.866,-33.598,-15.122,3,41
-0.7437,-0.2964,-0.3223,-9.817,-33.659,-16.646,3,41
-0.5947,-2.6538,0.0835,202.744,204.024,238.171,1,90
-0.5010,-2.6582,0.0327,204.451,200.366,229.390,1,90
-0.4253,-2.6699,0.0283,205.854,197.012,220.915,1,90
-0.3472,-2.6943,-0.0112,205.854,192.744,213.293,1,90
-0.2256,-2.7490,-0.0835,204.512,186.707,202.073,1,90
-0.2017,-2.7671,-0.0967,203.780,185.061,198.415,1,90
-0.1245,-2.8247,-0.1416,200.549,179.207,187.012,1,90
-0.0859,-2.8550,-0.1597,196.341,175.915,179.695,1,90
-0.1426,-0.1416,-0.2939,-19.207,-21.890,83.963,2,90
-0.1401,-0.1479,-0.3013,-20.427,-20.366,82.744,2,90
-0.1353,-0.1333,-0.3232,-22.439,-16.707,80.915,2,90
-0.1240,-0.1270,-0.3540,-25.183,-11.768,77.683,2,90
-0.1191,-0.1162,-0.3604,-25.488,-9.756,76.951,2,90
-0.1074,-0.0830,-0.3872,-26.524,-4.939,73.720,2,90
-0.0977,-0.0601,-0.4067,-26.768,-1.585,71.829,2,90
-0.0830,-0.0425,-0.4092,-27.256,1.951,69.756,2,90
-0.0659,-2.8789,-0.1870,191.220,172.195,172.195,1,90
-0.0317,-2.9009,-0.2188,184.756,169.390,164.451,1,90
-0.0264,-2.9199,-0.2310,178.049,166.220,157.195,1,90
-0.0049,-2.9287,-0.2495,170.549,163.841,149.634,1,90
-0.0103,-2.9307,-0.2544,163.659,161.585,142.866,1,90
-0.0024,-2.9243,-0.2710,156.463,159.695,135.915,1,90
0.0107,-2.9019,-0.2764,148.841,158.537,129.878,1,90
0.0225,-2.8828,-0.2666,141.463,157.683,123.476,1,90
-0.0703,-0.0107,-0.4131,-27.866,5.793,67.500,2,90
-0.0449,0.0146,-0.4229,-28.720,8.841,65.061,2,90
-0.0342,0.0454,-0.4160,-29.146,12.134,63.476,2,90
-0.0127,0.0737,-0.4214,-28.902,14.817,61.280,2,90
0.0005,0.1040,-0.4292,-28.232,17.500,59.085,2,90
0.0249,0.1338,-0.4272,-26.890,19.695,57.073,2,90
0.0420,0.1436,-0.4248,-24.939,21.280,55.305,2,90
0.0688,0.1738,-0.4282,-22.012,23.171,53.232,2,90
0.0425,-2.8472,-0.2646,134.268,156.890,117.500,1,90
0.0601,-2.8198,-0.2607,127.195,156.707,112.073,1,90
0.0845,-2.7827,-0.2578,120.610,155.854,107.012,1,90
0.1226,-2.7388,-0.2534,114.634,155.366,101.524,1,90
0.1479,-2.6978,-0.2422,108.659,155.183,96.585,1,90
0.1875,-2.6685,-0.2300,102.866,155.305,91.585,1,90
0.2241,-2.6372,-0.2075,97.683,155.183,86.341,1,90
0.2676,-2.6094,-0.1797,92.439,154.817,81.524,1,90
0.0854,0.1924,-0.4282,-18.598,24.756,51.220,2,90
0.1108,0.2173,-0.4268,-14.817,26.159,49.268,2,90
0.1279,0.2363,-0.4194,-11.463,27.439,46.951,2,90
0.1450,0.2480,-0.4233,-7.195,28.598,44.695,2,90
0.1631,0.2646,-0.4238,-3.354,29.512,42.317,2,90
0.1792,0.2749,-0.4072,0.976,30.000,40.122,2,90
0.1831,0.2939,-0.3872,4.451,30.244,37.134,2,90
0.1890,0.3013,-0.3843,8.415,30.915,34.146,2,90
0.3081,-2.5718,-0.1597,87.622,154.939,75.915,1,90
0.3521,-2.5381,-0.1367,82.317,154.329,70.305,1,90
0.3882,-2.5010,-0.0986,77.561,153.841,64.634,1,90
0.4233,-2.4658,-0.0752,71.951,152.439,58.293,1,90
0.4775,-2.4365,-0.0488,66.341,150.976,52.012,1,90
0.5190,-2.4004,-0.0127,60.793,148.963,45.610,1,90
0.5620,-2.3687,0.0049,55.366,147.805,39.573,1,90
0.5840,-2.3286,0.0352,50.000,145.488,33.171,1,90
0.1899,0.3052,-0.3691,11.646,31.220,31.159,2,90
0.1880,0.3130,-0.3491,14.817,31.463,28.232,2,90
0.1758,0.3115,-0.3408,17.195,31.280,25.244,2,90
0.1768,0.3135,-0.3257,19.573,31.159,22.073,2,90
0.1670,0.3159,-0.3110,21.524,31.280,18.841,2,90
0.1587,0.3052,-0.3022,22.439,31.280,15.549,2,90
0.1470,0.2954,-0.2939,23.171,30.976,12.317,2,90
0.1396,0.2788,-0.2798,22.805,31.098,9.329,2,90
0.6348,-2.2959,0.0698,45.244,143.780,27.378,1,90
0.6631,-2.2524,0.0938,40.244,141.220,21.890,1,90
0.7012,-2.2173,0.1182,34.939,138.110,16.220,1,90
0.7144,-2.1826,0.1455,29.695,135.427,10.915,1,90
0.7349,-2.1377,0.1968,21.585,129.634,3.415,1,90
0.7578,-2.1060,0.2261,16.463,125.427,-1.220,1,90
0.7720,-2.0806,0.2539,11.220,120.976,-5.000,1,90
0.7764,-2.0576,0.2612,7.134,117.012,-8.537,1,90
0.1343,0.2666,-0.2769,21.707,30.915,6.829,2,90
0.1255,0.2549,-0.2710,19.817,31.280,4.512,2,90
0.1113,0.2373,-0.2754,18.110,31.585,1.768,2,90
0.1187,0.2104,-0.2700,15.000,32.378,0.122,2,90
0.1099,0.1958,-0.2788,11.951,32.805,-1.646,2,90
0.1211,0.1763,-0.2798,8.293,34.146,-3.293,2,90
0.1172,0.1514,-0.2861,4.451,35.671,-4.756,2,90
0.1245,0.1396,-0.2861,-0.244,36.829,-6.829,2,90
0.7690,-2.0342,0.2856,2.683,112.927,-11.524,1,90
0.7520,-2.0132,0.3086,-1.402,108.902,-14.878,1,90
0.7432,-1.9941,0.3213,-5.549,105.122,-17.256,1,90
0.7188,-1.9771,0.3301,-9.512,101.707,-19.390,1,90
0.7065,-1.9673,0.3389,-13.415,98.537,-21.646,1,90
0.6865,-1.9634,0.3418,-16.585,95.549,-23.415,1,90
0.6646,-1.9707,0.3442,-20.061,92.439,-24.695,1,90
0.6401,-1.9717,0.3457,-23.293,89.878,-26.585,1,90
0.1362,0.1240,-0.2925,-4.817,38.476,-8.415,2,90
0.1411,0.1108,-0.2949,-9.756,40.366,-10.305,2,90
0.1538,0.1074,-0.2910,-15.122,42.439,-12.012,2,90
0.1704,0.1021,-0.2944,-20.183,44.390,-13.963,2,90
0.1870,0.1030,-0.2905,-25.366,46.402,-15.915,2,90
0.2085,0.1118,-0.2935,-30.915,48.963,-17.927,2,90
0.2266,0.1201,-0.2900,-36.524,50.793,-19.939,2,90
0.2622,0.1299,-0.2734,-42.988,53.171,-21.829,2,90
0.6201,-1.9785,0.3501,-25.915,87.683,-27.744,1,90
0.5962,-1.9912,0.3501,-28.049,84.939,-29.451,1,90
0.5771,-1.9937,0.3384,-30.732,82.256,-31.098,1,90
0.5591,-2.0005,0.3389,-33.232,79.634,-32.805,1,90
0.5317,-2.0146,0.3369,-35.061,77.317,-34.817,1,90
0.5151,-2.0225,0.3408,-37.378,75.061,-36.951,1,90
0.5034,-2.0366,0.3379,-39.390,72.134,-39.573,1,90
0.4907,-2.0522,0.3545,-40.854,70.244,-42.134,1,90
0.2822,0.1455,-0.2832,-48.415,54.634,-24.024,2,90
0.3120,0.1626,-0.2651,-53.902,55.915,-26.524,2,90
0.3325,0.1865,-0.2676,-60.000,56.463,-28.476,2,90
0.3530,0.1968,-0.2656,-64.817,57.073,-30.061,2,90
0.3706,0.2168,-0.2744,-69.329,57.073,-32.256,2,90
0.3843,0.2305,-0.2734,-72.866,56.768,-33.841,2,90
0.3984,0.2510,-0.2700,-75.671,56.159,-35.549,2,90
0.4111,0.2695,-0.2598,-78.476,55.061,-37.622,2,90
0.4893,-2.0654,0.3613,-42.256,68.049,-45.488,1,90
0.4937,-2.0713,0.3745,-43.293,66.159,-48.598,1,90
0.4893,-2.0713,0.3774,-44.146,62.683,-52.134,1,90
0.4854,-2.0688,0.3701,-44.451,60.183,-55.793,1,90
0.4956,-2.0640,0.3823,-44.695,57.134,-59.695,1,90
0.4956,-2.0547,0.3843,-44.512,53.841,-63.841,1,90
0.5039,-2.0439,0.3784,-44.268,51.098,-67.927,1,90
0.5073,-2.0186,0.3774,-43.476,47.744,-72.500,1,90
0.4175,0.2910,-0.2695,-80.488,53.780,-38.902,2,90
0.4287,0.3184,-0.2729,-82.073,52.622,-40.854,2,90
0.4302,0.3325,-0.2729,-82.683,51.402,-42.256,2,90
0.4355,0.3550,-0.2944,-83.171,49.695,-43.659,2,90
0.4351,0.3789,-0.3013,-82.683,48.293,-45.549,2,90
0.4326,0.4019,-0.2974,-81.951,46.890,-47.073,2,90
0.4297,0.4189,-0.3135,-80.793,45.549,-48.963,2,90
0.4263,0.4307,-0.3154,-79.451,44.146,-50.854,2,90
0.5107,-1.9912,0.3765,-42.500,44.573,-76.951,1,90
0.5127,-1.9604,0.3730,-41.524,41.524,-81.524,1,90
0.5249,-1.9346,0.3574,-40.122,38.598,-85.549,1,90
0.5210,-1.8960,0.3525,-38.780,34.939,-89.695,1,90
0.5317,-1.8452,0.3335,-35.854,30.305,-95.488,1,90
0.5342,-1.8047,0.3247,-33.841,27.866,-99.451,1,90
0.5420,-1.7803,0.3052,-31.402,25.305,-103.110,1,90
0.5547,-1.7524,0.2959,-29.085,23.110,-106.707,1,90
0.4238,0.4502,-0.3228,-78.110,42.805,-52.866,2,90
0.4180,0.4561,-0.3340,-75.976,41.646,-55.244,2,90
0.4155,0.4639,-0.3345,-73.720,40.366,-57.744,2,90
0.4121,0.4717,-0.3530,-71.341,38.598,-60.183,2,90
0.4072,0.4854,-0.3486,-68.415,37.195,-63.171,2,90
0.3945,0.4932,-0.3540,-65.854,36.037,-65.793,2,90
0.3887,0.5010,-0.3447,-63.232,34.878,-68.415,2,90
0.3784,0.5083,-0.3477,-60.793,34.390,-71.220,2,90
0.5615,-1.7305,0.2783,-26.585,20.488,-110.122,1,90
0.5640,-1.7041,0.2856,-23.963,18.354,-113.963,1,90
0.5679,-1.6904,0.2847,-21.341,15.854,-117.683,1,90
0.5698,-1.6724,0.2798,-18.720,13.232,-121.402,1,90
0.5781,-1.6670,0.2773,-15.488,10.122,-124.878,1,90
0.5815,-1.6489,0.2783,-13.354,6.768,-128.293,1,90
0.5874,-1.6431,0.2705,-10.061,3.110,-132.134,1,90
0.5850,-1.6382,0.2510,-7.378,-0.244,-135.427,1,90
0.3662,0.5176,-0.3350,-58.476,33.049,-74.024,2,90
0.3589,0.5225,-0.3315,-57.195,32.317,-76.768,2,90
0.3384,0.5220,-0.3159,-56.037,31.524,-79.146,2,90
0.3354,0.5200,-0.3037,-55.061,30.610,-81.220,2,90
0.3179,0.5195,-0.2856,-54.451,29.756,-83.354,2,90
0.3149,0.5171,-0.2666,-54.512,28.841,-85.244,2,90
0.3096,0.5137,-0.2607,-54.451,28.110,-87.012,2,90
0.3042,0.5083,-0.2476,-54.756,27.683,-88.476,2,90
0.5806,-1.6372,0.2529,-4.939,-4.451,-139.268,1,90
0.5820,-1.6309,0.2256,-2.256,-8.110,-142.927,1,90
0.5757,-1.6313,0.2222,0.366,-12.195,-146.707,1,90
0.5684,-1.6313,0.2153,2.134,-15.610,-150.549,1,90
0.5640,-1.6348,0.2075,3.902,-19.207,-154.390,1,90
0.5459,-1.6460,0.1968,5.610,-22.378,-158.293,1,90
0.5376,-1.6450,0.1938,7.439,-25.549,-162.195,1,90
0.5249,-1.6494,0.1885,9.695,-28.720,-166.220,1,90
0.3052,0.4971,-0.2339,-55.610,26.951,-89.634,2,90
0.3037,0.4893,-0.2109,-56.280,26.707,-90.915,2,90
0.3052,0.4761,-0.2080,-56.951,26.585,-92.012,2,90
0.3125,0.4717,-0.1914,-58.476,25.976,-92.622,2,90
0.3184,0.4492,-0.1953,-59.573,25.549,-93.841,2,90
0.3208,0.4321,-0.1816,-60.366,25.061,-95.061,2,90
0.3301,0.4199,-0.1802,-61.585,24.329,-95.793,2,90
0.3379,0.3945,-0.1714,-62.195,23.902,-97.622,2,90
0.5107,-1.6523,0.1860,10.427,-31.402,-169.573,1,90
0.4932,-1.6499,0.1812,12.012,-34.329,-173.659,1,90
0.4761,-1.6543,0.1729,13.049,-36.890,-177.134,1,90
0.4673,-1.6538,0.1704,14.695,-39.573,-180.549,1,90
0.4473,-1.6577,0.1670,15.671,-42.805,-183.963,1,90
0.4302,-1.6675,0.1641,17.256,-45.488,-187.378,1,90
0.4097,-1.6616,0.1650,18.476,-47.927,-190.854,1,90
0.3970,-1.6597,0.1665,19.695,-50.610,-194.634,1,90
0.3369,0.3833,-0.1787,-62.561,23.049,-98.841,2,90
0.3506,0.3623,-0.1821,-62.561,22.866,-100.793,2,90
0.3579,0.3506,-0.1919,-61.707,22.317,-102.561,2,90
0.3574,0.3447,-0.2080,-61.280,21.768,-104.756,2,90
0.3569,0.3428,-0.2246,-60.732,21.524,-106.768,2,90
0.3511,0.3325,-0.2231,-60.915,21.402,-109.207,2,90
0.3525,0.3350,-0.2344,-60.610,21.402,-111.402,2,90
0.3472,0.3291,-0.2378,-60.305,21.524,-113.476,2,90
0.3711,-1.6523,0.1567,20.732,-52.988,-197.988,1,90
0.3462,-1.6431,0.1641,21.524,-55.854,-201.707,1,90
0.3291,-1.6440,0.1724,22.988,-58.232,-205.671,1,90
0.2988,-1.6406,0.1763,24.085,-62.195,-211.159,1,90
0.2720,-1.6362,0.1758,25.427,-65.427,-214.695,1,90
0.2554,-1.6299,0.1880,26.037,-67.927,-217.988,1,90
0.2422,-1.6245,0.1948,26.707,-70.854,-221.220,1,90
0.2139,-1.6182,0.2124,26.768,-73.476,-224.146,1,90
0.3501,0.3320,-0.2515,-59.878,21.768,-115.610,2,90
0.3481,0.3369,-0.2544,-59.512,22.012,-117.439,2,90
0.3545,0.3447,-0.2578,-58.963,22.500,-119.207,2,90
0.3564,0.3438,-0.2588,-59.085,22.622,-121.098,2,90
0.3677,0.3472,-0.2568,-58.110,22.927,-122.500,2,90
0.3726,0.3472,-0.2588,-57.683,23.171,-123.720,2,90
0.3823,0.3394,-0.2549,-56.585,23.171,-124.878,2,90
0.3896,0.3428,-0.2578,-54.878,23.110,-125.671,2,90
0.1924,-1.6206,0.2148,26.768,-76.402,-227.500,1,90
0.1777,-1.6104,0.2188,26.646,-79.146,-230.244,1,90
0.1543,-1.6074,0.2295,26.463,-82.500,-232.927,1,90
0.1357,-1.6084,0.2456,26.341,-85.793,-235.793,1,90
0.1099,-1.5986,0.2603,25.854,-88.537,-238.171,1,90
0.0776,-1.5913,0.2549,25.427,-92.195,-241.159,1,90
0.0625,-1.5986,0.2656,25.000,-95.671,-243.049,1,90
0.0371,-1.6001,0.2725,24.390,-99.390,-245.854,1,90
0.4053,0.3315,-0.2632,-52.927,22.866,-126.402,2,90
0.4209,0.3291,-0.2622,-50.427,22.744,-127.256,2,90
0.4365,0.3271,-0.2417,-47.439,22.622,-128.110,2,90
0.4507,0.3262,-0.2310,-44.512,22.500,-128.780,2,90
0.4619,0.3257,-0.2246,-42.195,22.500,-129.817,2,90
0.4731,0.3257,-0.2222,-39.817,22.012,-130.732,2,90
0.4888,0.3203,-0.2065,-37.073,21.159,-131.890,2,90
0.5127,0.3203,-0.1909,-34.756,20.305,-132.561,2,90
0.0156,-1.5991,0.2798,23.780,-102.988,-248.232,1,90
-0.0151,-1.6113,0.2925,22.805,-107.012,-250.610,1,90
-0.0366,-1.6128,0.3008,21.585,-109.939,-252.988,1,90
-0.0688,-1.6157,0.3149,20.671,-113.841,-255.427,1,90
-0.0898,-1.6245,0.3164,19.756,-117.500,-257.988,1,90
-0.1206,-1.6309,0.3301,18.232,-121.463,-260.183,1,90
-0.1455,-1.6343,0.3208,16.707,-125.549,-262.866,1,90
-0.1772,-1.6431,0.3159,15.549,-129.756,-265.427,1,90
0.5205,0.3188,-0.1899,-32.378,19.024,-133.659,2,90
0.5352,0.3042,-0.1948,-30.061,17.500,-134.817,2,90
0.5483,0.2979,-0.1826,-27.683,15.793,-135.427,2,90
0.5610,0.2959,-0.1914,-25.610,14.024,-136.341,2,90
0.5757,0.2876,-0.1938,-22.866,12.073,-137.500,2,90
0.5825,0.2676,-0.2100,-20.793,10.488,-137.866,2,90
0.5894,0.2671,-0.2109,-18.841,8.354,-139.451,2,90
0.5786,0.2529,-0.2158,-17.561,6.585,-140.671,2,90
-0.2051,-1.6484,0.3120,14.024,-133.537,-268.049,1,90
-0.2368,-1.6597,0.3149,11.951,-137.073,-270.854,1,90
-0.2646,-1.6631,0.3101,10.305,-140.976,-273.476,1,90
-0.3037,-1.6768,0.2896,8.720,-144.573,-276.341,1,90
-0.3213,-1.6797,0.2793,7.927,-147.805,-279.329,1,90
-0.3477,-1.6934,0.2769,6.524,-151.402,-282.805,1,90
-0.3760,-1.6968,0.2539,5.549,-154.146,-285.976,1,90
-0.3999,-1.7021,0.2441,5.305,-157.256,-289.756,1,90
0.5801,0.2476,-0.2256,-16.402,5.305,-141.707,2,90
0.5762,0.2378,-0.2319,-15.793,3.963,-142.866,2,90
0.5669,0.2212,-0.2397,-15.732,2.988,-144.024,2,90
0.5571,0.2114,-0.2373,-15.061,2.439,-144.756,2,90
0.5449,0.2041,-0.2505,-14.817,2.073,-145.793,2,90
0.5317,0.2017,-0.2588,-14.146,1.829,-147.012,2,90
0.5195,0.1973,-0.2817,-13.110,2.195,-148.232,2,90
0.5039,0.1909,-0.2896,-12.683,2.622,-149.634,2,90
-0.4287,-1.7100,0.2324,4.695,-161.707,-295.427,1,90
-0.4312,-1.7173,0.2148,4.817,-163.537,-297.744,1,90
-0.4468,-1.7144,0.2090,4.573,-166.707,-302.134,1,90
-0.4678,-1.7236,0.1846,4.756,-170.915,-308.963,1,90
-0.4795,-1.7124,0.1812,5.366,-173.537,-313.902,1,90
-0.4941,-1.7090,0.1650,5.915,-176.220,-318.415,1,90
-0.5029,-1.7026,0.1572,6.524,-178.720,-323.110,1,90
-0.5093,-1.6890,0.1260,7.317,-181.768,-327.561,1,90
0.4951,0.2041,-0.2925,-12.256,3.232,-150.793,2,90
0.4814,0.2080,-0.2910,-12.012,4.634,-152.500,2,90
0.4775,0.2212,-0.2949,-13.049,5.793,-154.146,2,90
0.4775,0.2261,-0.2959,-13.780,7.744,-155.610,2,90
0.4810,0.2246,-0.2935,-14.878,9.512,-157.256,2,90
0.4990,0.2437,-0.2964,-16.707,11.585,-158.293,2,90
0.5142,0.2471,-0.2964,-18.171,13.537,-159.146,2,90
0.5361,0.2563,-0.2813,-20.305,16.037,-159.512,2,90
-0.9937,-0.6567,-0.2065,46.220,23.476,42.012,3,41
-0.9790,-0.6240,-0.2388,36.037,19.756,41.829,3,41
-0.9741,-0.5952,-0.2534,31.524,18.171,42.195,3,41
-0.9873,-0.4346,-0.2407,21.524,14.390,42.988,3,41
-1.0029,-0.2988,-0.2080,16.829,12.012,44.512,3,41
-1.0190,-0.1748,-0.1860,15.366,11.402,45.854,3,41
-1.0195,-0.1006,-0.1851,17.744,11.707,47.317,3,41
-1.0127,-0.0693,-0.1855,23.293,13.049,48.902,3,41
-1.0127,-0.0723,-0.1890,30.305,15.244,50.610,3,41
-1.0166,-0.1050,-0.1909,37.195,17.988,52.561,3,41
-1.0220,-0.1421,-0.1865,42.683,20.061,53.415,3,41
-1.0083,-0.1816,-0.1938,46.463,21.890,54.634,3,41
-0.9961,-0.2324,-0.2246,47.927,22.744,54.207,3,41
-0.9751,-0.2749,-0.2275,48.720,23.598,54.024,3,41
-0.9526,-0.3076,-0.1997,47.683,23.293,53.171,3,41
-0.9219,-0.3301,-0.2383,44.573,22.805,53.232,3,41
-0.8735,-1.7646,-0.2095,51.829,-213.232,-391.037,1,90
-0.9028,-1.7578,-0.2134,54.146,-215.549,-394.573,1,90
-0.9185,-1.7544,-0.2183,56.341,-217.744,-397.805,1,90
-0.9468,-1.7622,-0.2178,58.780,-219.756,-401.037,1,90
-0.9673,-1.7612,-0.2227,60.488,-221.402,-404.573,1,90
-0.9868,-1.7651,-0.2095,62.744,-222.744,-408.049,1,90
-1.0078,-1.7798,-0.2100,65.000,-223.841,-411.463,1,90
-1.0210,-1.7856,-0.2090,67.378,-225.122,-414.939,1,90
0.9946,0.4414,-0.2471,-25.183,66.402,-151.585,2,90
0.9775,0.4600,-0.2349,-22.744,68.171,-152.012,2,90
0.9663,0.4844,-0.2349,-20.000,69.878,-152.134,2,90
0.9580,0.5083,-0.2319,-16.951,71.402,-152.622,2,90
0.9404,0.5317,-0.2271,-13.780,73.232,-152.805,2,90
0.9272,0.5615,-0.2231,-10.366,75.183,-152.683,2,90
0.9097,0.5835,-0.2153,-6.890,76.463,-152.561,2,90
0.8960,0.6113,-0.2139,-3.659,78.171,-151.890,2,90
-0.8257,-0.2222,-0.2178,31.463,23.720,62.195,3,41
-0.8384,-0.2520,-0.1831,35.183,27.012,64.878,3,41
-0.8657,-0.2500,-0.1069,39.512,29.451,67.927,3,41
-0.8853,-0.2622,-0.0942,43.171,32.805,71.768,3,41
-0.8901,-0.2988,-0.0947,49.085,36.890,74.512,3,41
-0.8901,-0.2852,-0.1392,56.585,41.646,76.402,3,41
-0.8989,-0.2466,-0.1685,64.573,47.012,77.988,3,41
-0.9072,-0.2173,-0.1816,73.415,53.780,79.390,3,41
-1.2158,-1.9551,-0.3936,89.451,-230.244,-453.232,1,90
-1.2490,-1.9634,-0.4077,91.280,-229.939,-457.195,1,90
-1.2749,-1.9629,-0.4277,92.927,-230.122,-460.976,1,90
-1.2920,-1.9707,-0.4561,94.268,-230.244,-464.512,1,90
-1.3159,-1.9771,-0.4956,94.329,-230.549,-467.500,1,90
-1.3374,-1.9858,-0.5220,93.171,-230.610,-470.000,1,90
-1.3486,-2.0010,-0.5410,92.378,-229.756,-472.317,1,90
-1.3711,-2.0010,-0.5669,91.707,-228.780,-473.780,1,90
-2.0254,0.5117,0.4473,47.988,327.073,45.000,4,41
-2.0317,0.5767,0.3965,28.841,318.415,52.195,4,41
-2.3145,0.5991,0.2202,10.793,310.366,57.317,4,41
-2.4487,0.5879,0.0186,-7.927,311.585,57.256,4,41
-2.4307,0.5522,-0.1050,-18.293,317.683,54.268,4,41
-2.2944,0.5371,-0.1772,-16.768,320.000,52.500,4,41
-2.1602,0.5479,-0.2163,-7.805,317.561,53.598,4,41
-2.1665,0.5532,-0.2231,1.524,311.951,55.244,4,41
-0.6890,-0.1597,-0.2754,82.866,74.695,87.134,3,41
-0.6997,-0.1274,-0.3003,80.061,76.829,86.890,3,41
-0.6885,-0.1250,-0.3657,74.207,77.195,87.439,3,41
-0.6758,-0.1509,-0.4072,66.768,76.098,86.646,3,41
-0.6357,-0.1851,-0.4453,59.878,75.000,85.549,3,41
-0.5889,-0.2153,-0.4917,54.634,73.963,83.780,3,41
-0.5317,-0.2349,-0.5293,51.037,73.110,81.768,3,41
-0.4854,-0.2412,-0.5552,48.110,72.134,80.427,3,41
-1.5107,-1.8218,-0.8442,86.768,-230.366,-477.622,1,90
-1.5381,-1.7832,-0.8994,87.317,-229.634,-477.927,1,90
-1.5483,-1.7593,-0.9404,88.232,-228.110,-478.293,1,90
-1.5718,-1.7319,-0.9775,88.537,-226.707,-478.537,1,90
-1.5884,-1.7075,-0.9966,89.024,-224.085,-478.720,1,90
-1.6094,-1.6860,-1.0200,89.695,-222.134,-478.232,1,90
-1.6221,-1.6631,-1.0400,90.000,-219.939,-477.988,1,90
-1.6343,-1.6250,-1.0552,90.122,-217.805,-477.134,1,90
1.0034,1.1973,-0.4033,129.512,102.073,-75.854,2,90
0.9980,1.1865,-0.4004,132.378,101.768,-72.988,2,90
0.9971,1.1709,-0.4111,137.439,100.671,-68.110,2,90
0.9951,1.1543,-0.4082,141.829,100.122,-63.354,2,90
0.9941,1.1509,-0.4136,145.549,100.183,-58.841,2,90
0.9883,1.1382,-0.4014,148.902,100.244,-54.451,2,90
0.9971,1.1313,-0.3882,150.793,100.671,-48.110,2,90
0.9971,1.1230,-0.3726,150.854,100.549,-44.085,2,90
-0.5957,-0.1880,-0.6240,8.780,45.854,80.427,3,41
-0.5996,-0.1743,-0.6553,11.646,45.610,79.024,3,41
-0.6348,-0.1743,-0.6851,17.012,45.549,76.707,3,41
-0.7275,-0.1787,-0.7183,21.220,45.488,74.024,3,41
-0.7456,-0.1392,-0.6577,21.890,43.598,71.280,3,41
-0.6807,-0.0332,-0.6182,19.939,40.305,67.195,3,41
-0.5435,0.0381,-0.7056,17.317,35.549,63.293,3,41
-0.4307,0.0732,-0.6250,16.463,30.366,56.890,3,41
-2.5601,-1.4727,15.9995,236.829,-280.061,-154.085,4,41
-5.2861,4.8154,15.9995,158.659,-371.463,-181.524,4,41
-5.8599,4.7925,12.3208,-407.683,-355.549,-215.732,4,41
-8.9414,-2.7397,2.4658,-257.927,-66.220,-106.159,4,41
-6.1094,-4.8398,14.0703,283.659,-287.012,29.939,4,41
-3.0005,-5.0483,13.9873,275.183,-271.951,37.744,4,41
-0.1597,-3.0283,15.6030,340.671,-205.854,37.561,4,41
1.9702,-0.2876,15.9937,293.232,-200.427,-27.988,4,41
-0.4170,0.1421,-0.6235,16.524,26.159,55.305,3,41
-0.4556,0.2324,-0.5664,19.146,24.024,55.305,3,41
-0.4873,0.2466,-0.6001,22.622,22.927,54.207,3,41
-0.4629,0.2480,-0.6011,26.402,21.524,51.098,3,41
-0.4336,0.2480,-0.5747,30.671,21.098,49.451,3,41
-0.4087,0.2490,-0.5386,31.707,19.024,47.622,3,41
-0.3970,0.2344,-0.5200,31.646,16.951,45.000,3,41
-0.3960,0.2427,-0.5039,32.012,15.915,42.866,3,41
-2.0425,-0.9863,-1.5869,-3.780,-194.878,-402.622,1,90
-2.0786,-0.9287,-1.6060,-13.537,-193.171,-393.963,1,90
-2.1191,-0.8774,-1.6367,-24.634,-191.768,-384.634,1,90
-2.1826,-0.8174,-1.6694,-36.524,-190.305,-374.695,1,90
-2.2397,-0.7529,-1.7051,-48.902,-188.659,-363.841,1,90
-2.2939,-0.6885,-1.7505,-61.768,-186.098,-352.500,1,90
-2.3496,-0.6211,-1.7974,-74.451,-183.110,-340.976,1,90
-2.4019,-0.5244,-1.8447,-87.744,-178.476,-329.329,1,90
1.4731,1.0244,-0.3462,110.915,88.232,18.720,2,90
1.5293,1.0464,-0.3711,108.476,87.744,20.488,2,90
1.5923,1.0698,-0.3843,105.427,87.622,22.378,2,90
1.6470,1.0957,-0.4043,101.707,86.280,23.720,2,90
1.6943,1.1206,-0.4292,98.293,85.305,25.427,2,90
1.7329,1.1333,-0.4556,94.268,83.537,26.585,2,90
1.7603,1.1523,-0.4839,91.037,81.646,27.988,2,90
1.7778,1.1611,-0.5142,87.805,78.963,29.146,2,90
-1.1201,0.0342,-0.5898,67.683,11.585,39.268,3,41
-1.1196,-0.0098,-0.5786,69.878,9.329,36.159,3,41
-1.1665,-0.0903,-0.5449,72.744,8.110,33.293,3,41
-1.2129,-0.1094,-0.4771,75.488,8.354,31.037,3,41
-1.2485,-0.1245,-0.4653,75.732,7.744,29.390,3,41
-1.2666,-0.1592,-0.4756,76.341,6.707,28.171,3,41
-1.2759,-0.1729,-0.4614,77.012,5.976,26.890,3,41
-1.2769,-0.1646,-0.4629,76.463,5.244,25.000,3,41
-2.3325,1.1323,-1.2852,-177.073,-102.378,-202.744,1,90
-2.3262,1.3643,-1.2202,-188.841,-94.756,-184.817,1,90
-2.3125,1.5527,-1.2065,-197.439,-85.854,-165.488,1,90
-2.2993,1.7275,-1.2231,-198.902,-75.732,-145.305,1,90
-2.2983,1.8999,-1.2144,-197.073,-66.159,-124.146,1,90
-2.3130,2.0532,-1.2051,-187.439,-55.854,-101.098,1,90
-2.3604,2.2173,-1.1812,-179.390,-46.280,-75.732,1,90
-2.4258,2.3809,-1.1431,-171.768,-38.415,-47.805,1,90
1.8613,1.0347,-0.6772,41.829,53.232,48.232,2,90
1.9038,0.9858,-0.6777,35.915,50.061,52.012,2,90
1.9541,0.9517,-0.6704,30.183,46.463,55.549,2,90
1.9990,0.9082,-0.6455,23.902,42.805,59.085,2,90
2.0654,0.8682,-0.6313,17.073,38.354,62.805,2,90
2.1191,0.8369,-0.6069,10.122,33.841,66.220,2,90
2.1699,0.8066,-0.5742,2.744,29.390,69.207,2,90
2.2271,0.7754,-0.5498,-4.939,24.756,71.707,2,90
-1.7080,0.0308,-0.2188,45.427,-0.366,1.707,3,41
-1.8018,0.0215,-0.1465,49.207,4.329,-3.841,3,41
-1.7456,0.1128,-0.0557,43.963,4.329,-4.085,3,41
-1.7988,0.1421,-0.0386,39.085,2.622,-7.683,3,41
-1.8345,0.2529,-0.0420,37.500,4.573,-9.207,3,41
-1.8481,0.3027,-0.0483,36.951,5.366,-11.890,3,41
-1.8325,0.3652,-0.0288,37.805,8.171,-14.207,3,41
-1.7866,0.3921,-0.0293,37.317,9.207,-16.707,3,41
-3.0503,3.0186,-1.2578,-98.537,10.061,210.549,1,90
-3.0879,3.0088,-1.2686,-90.183,15.671,236.280,1,90
-3.1196,2.9980,-1.2534,-78.780,21.707,261.463,1,90
-3.1533,2.9971,-1.2100,-65.122,27.805,288.110,1,90
-3.1938,2.9893,-1.1333,-51.280,32.866,315.488,1,90
-3.2231,2.9771,-1.0537,-37.683,36.402,344.085,1,90
-3.2466,2.9512,-0.9805,-23.963,38.415,372.927,1,90
-3.2744,2.9224,-0.9316,-11.524,38.476,401.037,1,90
-3.2925,2.8535,-0.8579,-0.244,37.256,427.988,1,90
-3.3149,2.7671,-0.8228,10.915,35.000,453.720,1,90
-3.3340,2.6636,-0.7871,22.744,32.744,478.537,1,90
-3.3638,2.5386,-0.7593,36.159,30.488,502.500,1,90
-3.4077,2.4175,-0.7329,50.671,27.134,526.463,1,90
-3.4570,2.2827,-0.6855,65.976,24.207,550.305,1,90
-3.5254,2.1509,-0.6626,82.500,20.610,574.146,1,90
-3.6025,2.0117,-0.6348,99.451,17.622,598.293,1,90
1.6943,1.1387,-0.6904,-54.878,-73.902,96.159,2,90
1.6289,1.1660,-0.7090,-48.293,-78.171,96.098,2,90
1.5640,1.1919,-0.7256,-40.854,-82.439,96.098,2,90
1.4888,1.2061,-0.7378,-32.378,-86.768,96.463,2,90
1.4229,1.2119,-0.7446,-23.476,-91.098,97.012,2,90
1.3472,1.1997,-0.7500,-14.207,-95.183,98.659,2,90
1.2837,1.1758,-0.7642,-4.817,-99.390,101.037,2,90
1.2275,1.1450,-0.7666,4.939,-103.232,104.329,2,90
-3.7329,1.8145,-0.5815,126.037,13.537,632.256,1,90
-3.8262,1.6724,-0.5435,144.329,11.220,653.232,1,90
-3.9033,1.5410,-0.5015,163.476,9.207,672.927,1,90
-3.9785,1.4131,-0.4531,184.390,7.561,691.037,1,90
-4.0439,1.3008,-0.4204,207.500,6.341,707.378,1,90
-4.0962,1.1924,-0.3887,227.195,5.183,722.439,1,90
-4.1313,1.0723,-0.3530,245.854,4.268,735.000,1,90
-4.1665,0.9614,-0.3076,264.024,3.963,746.463,1,90
1.1665,1.1113,-0.7729,14.268,-106.524,108.293,2,90
1.1152,1.0718,-0.7568,22.561,-109.634,112.988,2,90
1.0698,1.0059,-0.7295,29.390,-112.317,118.415,2,90
1.0400,0.9331,-0.7036,34.817,-114.512,124.146,2,90
1.0137,0.8540,-0.6680,39.024,-116.585,130.244,2,90
0.9946,0.7759,-0.6328,43.049,-118.720,136.707,2,90
0.9824,0.6924,-0.5957,45.793,-120.244,143.232,2,90
0.9834,0.6074,-0.5400,47.439,-121.463,149.817,2,90
-1.0713,-0.2373,-0.4917,-81.341,7.256,-67.500,3,41
-1.1187,-0.2583,-0.5039,-85.244,6.524,-68.049,3,41
-1.1504,-0.2769,-0.5200,-87.683,5.671,-68.598,3,41
-1.1772,-0.2910,-0.5044,-90.915,4.756,-69.146,3,41
-1.2183,-0.3052,-0.4834,-93.780,3.720,-69.146,3,41
-1.2441,-0.2749,-0.4600,-97.317,1.890,-68.902,3,41
-1.3159,-0.2803,-0.4609,-101.524,0.000,-67.622,3,41
-1.3843,-0.2827,-0.4507,-103.476,-0.610,-66.829,3,41
-1.6880,-1.3887,-0.6714,-68.841,171.646,-85.976,4,41
0.3013,-1.0391,-0.5352,-40.183,174.573,-87.012,4,41
-0.8384,-0.6201,-0.5190,-5.000,130.244,-73.110,4,41
-3.3027,-0.2661,-1.0229,41.890,61.524,-71.829,4,41
-3.8813,0.8906,-2.0957,108.720,41.280,-70.488,4,41
-4.0303,1.9692,-1.9355,129.817,94.573,-66.280,4,41
-3.1167,2.8052,-1.4653,143.476,146.890,-51.829,4,41
-1.5166,2.7593,-0.8813,133.354,180.061,-59.756,4,41
-1.4189,-0.2456,-0.4155,-104.817,-1.280,-65.671,3,41
-1.4307,-0.2363,-0.3999,-105.610,-2.134,-63.902,3,41
-1.4487,-0.2290,-0.3779,-106.037,-2.439,-62.378,3,41
-1.4419,-0.2383,-0.3530,-105.732,-3.110,-61.037,3,41
-1.4326,-0.1934,-0.3184,-107.439,-3.963,-58.232,3,41
-1.4438,-0.2100,-0.3540,-110.183,-5.915,-55.549,3,41
-1.4448,-0.2061,-0.3525,-110.488,-6.524,-53.110,3,41
-1.4331,-0.2134,-0.3682,-110.793,-7.134,-50.183,3,41
-1.2529,2.2163,-0.2549,137.073,186.402,-85.732,4,41
-1.5952,1.9819,0.3711,175.244,137.317,-100.122,4,41
-1.2959,1.4648,0.8276,193.293,89.817,-120.610,4,41
-1.8467,1.1484,1.5352,180.793,48.293,-147.012,4,41
-2.3804,0.7378,1.8076,155.915,2.134,-162.500,4,41
-2.2813,0.1880,1.8389,118.476,-25.610,-183.171,4,41
-1.9180,-0.2417,1.8491,76.159,-31.280,-206.768,4,41
-1.5752,-0.5674,1.8828,31.098,-29.207,-224.634,4,41
-1.4072,-0.2544,-0.3770,-109.695,-7.561,-46.890,3,41
-1.3994,-0.2563,-0.3691,-106.951,-7.256,-43.902,3,41
-1.3730,-0.2891,-0.3540,-105.488,-7.622,-40.244,3,41
-1.3564,-0.3276,-0.3560,-102.866,-7.439,-36.829,3,41
-1.3125,-0.3691,-0.3608,-99.878,-7.073,-33.720,3,41
-1.2544,-0.4131,-0.3965,-97.744,-7.622,-30.793,3,41
-1.2002,-0.4634,-0.4326,-95.610,-7.500,-28.293,3,41
-1.1250,-0.5034,-0.4604,-93.780,-7.744,-26.463,3,41
-1.3647,-0.6875,1.9180,-8.659,-28.293,-234.756,4,41
-1.2896,-0.8291,1.9189,-40.305,-30.366,-238.780,4,41
-1.3457,-0.8398,1.9326,-62.439,-34.634,-236.707,4,41
-1.4302,-0.8086,1.9121,-72.866,-41.402,-233.537,4,41
-1.5479,-0.7563,1.8926,-70.915,-50.122,-228.171,4,41
-1.6582,-0.6924,1.8774,-59.329,-60.549,-222.988,4,41
-1.7617,-0.6123,1.8823,-42.439,-71.524,-218.537,4,41
-1.8486,-0.5342,1.8955,-25.366,-83.415,-215.793,4,41
-1.0229,-0.5454,-0.5020,-92.317,-8.293,-25.427,3,41
-0.9155,-0.5596,-0.5132,-89.878,-7.988,-24.390,3,41
-0.8262,-0.5347,-0.5269,-89.207,-8.293,-23.171,3,41
-0.7144,-0.4858,-0.5752,-91.037,-11.524,-23.780,3,41
-0.6074,-0.4370,-0.6040,-93.293,-14.878,-25.488,3,41
-0.5420,-0.3726,-0.6431,-96.524,-19.085,-26.280,3,41
-0.4854,-0.3022,-0.6533,-99.878,-23.415,-26.768,3,41
-0.4487,-0.2256,-0.6416,-102.500,-27.561,-27.256,3,41
-4.9194,-2.4624,0.2876,179.451,37.134,655.976,1,90
-4.8208,-2.4346,0.2222,188.659,41.707,649.329,1,90
-4.7104,-2.3906,0.1748,197.927,46.037,643.598,1,90
-4.6196,-2.3423,0.1289,207.744,50.793,638.963,1,90
-4.5479,-2.3037,0.0908,218.720,54.329,634.878,1,90
-4.4951,-2.2822,0.0781,230.000,58.293,630.549,1,90
-4.4746,-2.2866,0.0591,241.768,62.073,625.671,1,90
-4.4683,-2.3203,0.0566,254.268,65.976,619.451,1,90
0.8857,-0.2847,0.3208,-1.341,-69.634,206.280,2,90
0.8613,-0.2910,0.2886,5.549,-67.988,204.695,2,90
0.8276,-0.3013,0.2847,11.829,-66.220,203.110,2,90
0.7988,-0.3076,0.2495,17.500,-63.598,201.098,2,90
0.7720,-0.3193,0.2251,23.293,-60.549,199.390,2,90
0.7427,-0.3325,0.1992,28.476,-57.256,197.317,2,90
0.7207,-0.3452,0.1973,33.720,-53.232,195.122,2,90
0.6909,-0.3525,0.1724,37.500,-49.451,192.622,2,90
-0.3794,0.3530,-0.5015,-102.927,-62.378,-40.244,3,41
-0.4307,0.3638,-0.4775,-101.402,-65.610,-41.524,3,41
-0.4785,0.3472,-0.4512,-98.902,-68.537,-41.707,3,41
-0.5503,0.2983,-0.4189,-96.646,-70.976,-41.524,3,41
-0.6182,0.2402,-0.3950,-93.720,-72.988,-40.976,3,41
-0.6870,0.1572,-0.3677,-91.280,-74.390,-40.610,3,41
-0.7485,0.0674,-0.3638,-89.085,-75.427,-40.549,3,41
-0.8130,-0.0078,-0.3467,-88.476,-75.915,-40.488,3,41
-0.6680,0.2227,-0.1885,12.622,-22.073,-26.341,3,41
-0.6470,0.2905,-0.0791,15.854,-22.439,-24.634,3,41
-0.6074,0.4004,-0.0830,13.049,-25.122,-21.463,3,41
-0.5405,0.4028,-0.1611,14.817,-25.061,-17.805,3,41
-0.5610,0.3872,-0.2573,18.720,-22.622,-14.085,3,41
-0.6177,0.2773,-0.3711,33.049,-15.915,-10.366,3,41
-0.7114,0.2607,-0.2891,47.683,-9.268,-6.768,3,41
-0.7310,0.1807,-0.2769,56.037,-6.280,-3.720,3,41
-4.3345,8.5503,-16.0000,-611.646,-668.354,-282.134,4,41
3.8188,15.9995,-14.6968,-39.024,-325.976,-50.000,4,41
3.3921,15.9995,-12.7197,-39.024,-206.585,53.902,4,41
4.0381,15.9995,-12.1089,-5.305,-130.000,70.488,4,41
1.3511,9.7354,-9.8804,99.756,-66.707,70.244,4,41
-0.0410,3.5859,-7.0088,263.293,-44.756,29.695,4,41
-1.4131,-0.3950,-4.2202,429.207,-46.768,4.695,4,41
-1.7437,-1.7114,-2.9199,591.463,-66.951,-7.317,4,41
-0.7480,0.0938,-0.2930,66.890,-1.037,-0.061,3,41
-0.7910,0.0015,-0.3042,73.293,1.646,2.805,3,41
-0.8384,-0.1201,-0.3730,78.780,4.085,4.756,3,41
-0.8828,-0.1855,-0.4248,85.183,7.561,5.915,3,41
-0.8467,-0.2021,-0.4893,88.659,9.512,5.061,3,41
-0.7617,-0.1948,-0.6040,90.366,10.793,3.232,3,41
-0.6616,-0.1934,-0.6992,91.098,11.585,0.854,3,41
-0.5625,-0.2051,-0.7383,91.829,13.232,-2.256,3,41
-0.8618,-1.5825,-1.2578,641.707,-116.585,9.207,4,41
0.4834,-2.8584,-0.5537,514.939,-209.695,25.610,4,41
1.9629,-2.9722,-0.5439,269.756,-281.524,43.720,4,41
2.7822,-3.4722,-1.6675,20.549,-354.024,123.537,4,41
2.2876,-4.0962,-2.8442,-116.707,-405.793,148.354,4,41
1.3276,-2.9590,-3.2749,-156.585,-425.000,144.268,4,41
0.9927,-1.3081,-3.1631,-137.317,-413.780,169.817,4,41
1.3052,0.2827,-2.9702,-133.232,-355.427,175.732,4,41
-0.5381,-0.2007,-0.6431,88.537,13.780,-5.122,3,41
-0.5532,-0.2212,-0.6299,86.341,13.841,-5.915,3,41
-0.6138,-0.2939,-0.6016,81.707,14.024,-7.195,3,41
-0.7764,-0.3506,-0.4946,76.768,14.878,-8.659,3,41
-0.8940,-0.3574,-0.4575,69.817,13.720,-9.451,3,41
-0.9561,-0.3457,-0.4297,62.561,11.341,-10.488,3,41
-0.9946,-0.3374,-0.3760,55.976,9.024,-11.524,3,41
-1.0039,-0.2983,-0.3169,50.244,7.073,-12.683,3,41
1.2764,1.4028,-3.0933,-155.305,-253.537,145.122,4,41
0.6841,2.1079,-3.2876,-166.524,-141.402,91.707,4,41
-0.0728,2.5645,-3.5229,-117.378,-58.659,30.427,4,41
-0.6035,2.7158,-3.5796,-20.549,-13.232,-14.085,4,41
-0.9648,2.7300,-3.4561,98.110,-8.963,-40.305,4,41
-1.0879,2.5698,-3.4175,197.683,-29.634,-48.415,4,41
-0.9951,2.3564,-3.5654,268.537,-51.585,-47.134,4,41
-0.7524,2.1152,-3.6763,311.220,-66.402,-41.280,4,41
-0.9966,-0.2427,-0.2817,42.500,3.659,-14.817,3,41
-0.9512,-0.1982,-0.2388,34.756,0.061,-16.463,3,41
-0.9365,-0.1514,-0.1768,28.902,-1.768,-17.439,3,41
-0.9507,-0.0933,-0.0908,22.988,-3.476,-17.500,3,41
-0.9678,-0.0610,-0.0459,18.415,-4.207,-17.256,3,41
-0.9839,-0.0483,0.0078,15.854,-4.512,-16.220,3,41
-1.0269,-0.0317,0.0728,14.329,-5.427,-14.451,3,41
-1.0698,-0.0371,0.1294,12.378,-5.732,-12.683,3,41
-0.4429,1.9629,-3.6958,325.915,-75.976,-38.476,4,41
-0.1982,1.8843,-3.6094,317.195,-82.927,-40.305,4,41
-0.0527,1.8779,-3.4331,292.134,-89.512,-45.671,4,41
-0.0264,1.8892,-3.2334,261.402,-95.671,-51.463,4,41
-0.0708,1.9854,-3.0376,237.012,-102.500,-57.439,4,41
-0.1943,2.1597,-2.8472,222.134,-108.659,-65.427,4,41
-0.3921,2.3242,-2.6763,216.402,-116.585,-76.524,4,41
-0.6025,2.4351,-2.5044,221.951,-128.293,-91.280,4,41
-1.1226,-0.0537,0.1509,10.793,-6.463,-10.854,3,41
-1.1670,-0.0801,0.1841,8.902,-7.378,-9.817,3,41
-1.2021,-0.0786,0.2124,5.915,-9.390,-8.720,3,41
-1.2119,-0.0898,0.2104,3.963,-9.512,-8.415,3,41
-1.2114,-0.0557,0.2041,4.634,-10.305,-7.256,3,41
-1.1924,-0.0303,0.1699,4.939,-11.951,-6.341,3,41
-1.1680,-0.0356,0.1421,6.463,-12.439,-5.366,3,41
-1.1670,-0.0522,0.0913,10.305,-10.427,-3.841,3,41
-0.3062,2.7910,-2.6729,223.476,-124.939,-99.573,4,41
-0.1899,3.1206,-3.0776,212.317,-89.939,-85.000,4,41
-0.2021,3.2910,-3.5586,201.524,-33.537,-42.378,4,41
-0.4272,3.2852,-4.8608,155.061,74.024,29.268,4,41
-1.1274,2.3857,-6.7285,42.866,273.049,112.500,4,41
-1.9146,0.5371,-6.1885,23.415,442.683,171.463,4,41
-2.4858,0.2822,-3.6738,81.768,411.220,189.329,4,41
-1.8652,0.1826,-2.2822,-4.634,201.707,198.293,4,41
-1.1489,-0.0645,0.0269,14.756,-7.988,-3.598,3,41
-1.1304,-0.0479,-0.0078,19.817,-5.732,-3.232,3,41
-1.1050,-0.0659,-0.0518,23.720,-3.780,-3.354,3,41
-1.0903,-0.0762,-0.0967,29.329,-0.671,-2.988,3,41
-1.0859,-0.0664,-0.0879,34.634,2.195,-2.927,3,41
-1.0815,-0.0420,-0.0674,37.744,5.122,-2.378,3,41
-1.0815,-0.0117,-0.0493,39.207,6.037,-2.500,3,41
-1.0605,0.0083,-0.0352,39.207,6.646,-3.232,3,41
-0.1890,-1.1758,-1.9287,-70.183,-45.549,173.780,4,41
0.4351,-1.3398,-1.8799,-33.293,-79.634,153.476,4,41
0.9126,-1.0752,-1.4692,100.305,-77.866,101.037,4,41
1.1118,-0.8291,-1.6333,117.561,-55.732,100.488,4,41
0.4258,-0.5547,-1.5269,115.732,10.488,120.610,4,41
-0.7407,-0.2856,-1.3940,78.537,91.768,167.683,4,41
-1.1763,-0.2231,-1.3936,65.000,115.427,175.366,4,41
-2.2520,-0.2183,-1.1948,43.415,163.232,160.976,4,41
-1.0586,0.0166,-0.0166,39.268,6.037,-3.537,3,41
-1.0620,0.0308,-0.0005,39.268,6.341,-3.476,3,41
-1.0610,0.0459,0.0044,37.927,5.000,-3.598,3,41
-1.0503,0.0459,-0.0024,36.768,3.659,-3.476,3,41
-1.0405,0.0498,-0.0039,35.244,2.500,-3.232,3,41
-1.0366,0.0464,-0.0239,35.732,2.195,-2.439,3,41
-1.0254,0.0439,-0.0493,35.854,2.317,-2.195,3,41
-0.9917,0.0376,-0.0396,36.037,2.500,-1.951,3,41
-1.9570,-0.1235,-1.3052,35.366,178.841,131.829,4,41
-2.3647,-0.3105,-1.1553,35.244,198.780,95.000,4,41
-2.2642,-0.5381,-0.8022,62.195,165.732,60.854,4,41
-1.2778,-0.3560,-1.2280,71.585,162.012,35.610,4,41
-1.3755,-0.4390,-1.0732,103.110,183.415,43.049,4,41
-1.6113,-0.5181,-0.8447,152.683,193.841,56.463,4,41
-1.7686,-0.5718,-0.6709,195.000,201.037,56.098,4,41
-1.3423,-0.2939,-0.5020,224.146,202.500,45.122,4,41
-0.9556,0.0313,-0.0630,35.305,2.866,-1.463,3,41
-0.9360,0.0308,-0.0547,36.037,3.841,-0.549,3,41
-0.9253,0.0332,-0.0576,36.402,4.878,0.122,3,41
-0.9033,0.0317,-0.0723,36.159,5.305,0.244,3,41
-0.8867,0.0000,-0.1182,36.829,5.976,0.732,3,41
-0.9043,-0.0254,-0.1313,39.756,7.866,1.829,3,41
-0.8999,-0.0591,-0.1694,42.683,9.329,2.317,3,41
-0.8911,-0.0933,-0.1655,43.963,9.329,3.780,3,41
0.0435,-1.3770,0.0176,14.146,97.988,-210.976,1,90
0.0342,-1.3716,0.0317,17.500,96.463,-213.841,1,90
0.0293,-1.3667,0.0337,20.366,94.756,-216.646,1,90
0.0220,-1.3643,0.0449,23.171,92.866,-219.329,1,90
0.0176,-1.3711,0.0483,26.646,91.220,-222.012,1,90
0.0151,-1.3809,0.0552,29.268,89.207,-224.878,1,90
0.0239,-1.3901,0.0557,32.195,87.256,-227.988,1,90
0.0259,-1.3965,0.0645,34.024,85.244,-230.915,1,90
0.5308,0.2104,-0.3828,-3.049,7.805,-44.817,2,90
0.5225,0.2036,-0.3911,0.610,7.500,-46.829,2,90
0.5225,0.1963,-0.3979,4.817,7.683,-49.329,2,90
0.5161,0.1992,-0.4131,8.537,7.805,-51.646,2,90
0.5088,0.2017,-0.4204,12.683,8.476,-54.207,2,90
0.5020,0.2100,-0.4268,16.585,8.598,-56.768,2,90
0.4995,0.2109,-0.4326,19.634,9.268,-59.024,2,90
0.4785,0.2178,-0.4341,22.805,10.122,-61.463,2,90
0.0303,-1.4238,0.0586,35.732,83.049,-234.329,1,90
0.0332,-1.4438,0.0771,36.768,80.854,-237.500,1,90
0.0322,-1.4722,0.0840,38.232,78.720,-240.610,1,90
0.0425,-1.4834,0.0825,38.720,76.646,-243.963,1,90
0.0449,-1.5103,0.0884,39.085,73.780,-247.073,1,90
0.0327,-1.5293,0.0845,39.146,70.610,-249.878,1,90
0.0449,-1.5586,0.0757,38.598,67.561,-252.866,1,90
0.0317,-1.5742,0.0791,37.012,63.780,-255.671,1,90
0.4746,0.2290,-0.4292,25.427,11.159,-63.963,2,90
0.4702,0.2432,-0.4302,27.500,11.768,-66.341,2,90
0.4585,0.2593,-0.4097,29.512,12.256,-68.415,2,90
0.4590,0.2676,-0.4082,31.098,12.988,-70.549,2,90
0.4565,0.2837,-0.3960,31.768,13.415,-72.561,2,90
0.4561,0.2935,-0.3774,32.134,13.598,-74.207,2,90
0.4556,0.2896,-0.3540,31.890,13.780,-76.037,2,90
0.4683,0.2925,-0.3428,31.098,13.415,-77.134,2,90
0.0181,-1.5981,0.0835,35.610,60.854,-258.720,1,90
-0.0020,-1.6143,0.0825,33.049,57.988,-261.890,1,90
-0.0151,-1.6230,0.0850,30.000,54.817,-264.512,1,90
-0.0317,-1.6372,0.0923,26.829,51.341,-267.866,1,90
-0.0718,-1.6514,0.0967,22.073,46.159,-271.646,1,90
-0.0894,-1.6465,0.1045,18.537,42.378,-273.841,1,90
-0.1118,-1.6421,0.1016,15.366,38.232,-276.280,1,90
-0.1426,-1.6289,0.0947,12.134,34.146,-278.110,1,90
0.4731,0.2856,-0.3301,30.366,13.354,-77.805,2,90
0.4878,0.2793,-0.3306,30.061,13.232,-78.354,2,90
0.5103,0.2710,-0.3218,29.634,13.171,-78.780,2,90
0.5332,0.2524,-0.3105,29.207,13.110,-79.024,2,90
0.5479,0.2520,-0.3013,28.841,13.415,-79.390,2,90
0.5698,0.2397,-0.2988,27.927,13.476,-79.268,2,90
0.5806,0.2261,-0.2935,26.524,13.780,-79.756,2,90
0.6011,0.2144,-0.2900,25.671,13.780,-80.366,2,90
-0.1636,-1.6143,0.1006,8.841,30.915,-280.305,1,90
-0.1841,-1.5962,0.1011,5.488,27.378,-282.317,1,90
-0.2100,-1.5825,0.1094,2.378,24.329,-284.207,1,90
-0.2290,-1.5625,0.1152,-0.427,21.220,-286.220,1,90
-0.2500,-1.5391,0.1221,-2.805,18.232,-288.232,1,90
-0.2612,-1.5210,0.1211,-4.512,15.244,-290.427,1,90
-0.2827,-1.4956,0.1309,-5.732,12.317,-292.439,1,90
-0.2954,-1.4668,0.1299,-6.890,9.390,-294.329,1,90
0.6201,0.2007,-0.2847,24.634,13.902,-80.671,2,90
0.6270,0.1855,-0.2871,24.085,14.146,-80.793,2,90
0.6348,0.1748,-0.2827,23.841,14.329,-80.976,2,90
0.6289,0.1709,-0.2881,23.232,14.390,-81.402,2,90
0.6348,0.1616,-0.2925,22.805,14.207,-81.768,2,90
0.6362,0.1558,-0.2979,22.073,14.207,-82.073,2,90
0.6367,0.1440,-0.2964,21.220,14.329,-82.561,2,90
0.6260,0.1382,-0.2861,20.122,14.451,-83.049,2,90
-0.2969,-1.4385,0.1392,-7.439,6.890,-296.707,1,90
-0.3096,-1.4053,0.1362,-6.768,3.841,-299.207,1,90
-0.3120,-1.3784,0.1367,-6.707,1.463,-301.707,1,90
-0.3198,-1.3442,0.1387,-5.793,-0.793,-304.207,1,90
-0.3218,-1.3130,0.1543,-4.512,-3.780,-306.890,1,90
-0.3271,-1.2866,0.1484,-3.110,-6.463,-309.573,1,90
-0.3174,-1.2485,0.1455,-1.768,-9.146,-311.829,1,90
-0.3115,-1.2173,0.1479,0.061,-11.402,-314.573,1,90
0.6299,0.1304,-0.2949,19.939,14.451,-83.354,2,90
0.6245,0.1201,-0.3066,19.634,14.878,-83.293,2,90
0.6128,0.1211,-0.3154,19.390,15.244,-83.171,2,90
0.6157,0.1128,-0.3047,19.695,15.671,-82.988,2,90
0.6123,0.1108,-0.3115,19.512,16.159,-82.683,2,90
0.6118,0.1118,-0.3188,19.634,16.159,-82.561,2,90
0.6118,0.1064,-0.3271,20.549,16.585,-82.195,2,90
0.6143,0.1162,-0.3423,21.037,17.012,-81.829,2,90
-0.2949,-1.1982,0.1450,1.951,-14.146,-317.195,1,90
-0.2856,-1.1782,0.1367,4.268,-16.707,-319.512,1,90
-0.2764,-1.1577,0.1299,7.073,-19.329,-322.073,1,90
-0.2568,-1.1563,0.1245,9.939,-21.890,-324.634,1,90
-0.2319,-1.1504,0.1265,13.171,-24.085,-327.439,1,90
-0.2188,-1.1509,0.1201,16.646,-26.646,-330.122,1,90
-0.1958,-1.1445,0.1094,19.817,-29.390,-332.866,1,90
-0.1753,-1.1377,0.1064,23.354,-32.622,-335.610,1,90
0.6216,0.1299,-0.3359,22.439,18.110,-80.976,2,90
0.6260,0.1475,-0.3301,22.439,19.207,-80.610,2,90
0.6362,0.1543,-0.3223,21.280,20.122,-80.061,2,90
0.6392,0.1665,-0.3062,19.817,21.159,-79.390,2,90
0.6626,0.1821,-0.2881,17.256,22.012,-78.293,2,90
0.6807,0.1865,-0.2837,14.390,22.378,-77.195,2,90
0.7056,0.1880,-0.2676,11.768,23.171,-75.549,2,90
0.7310,0.1919,-0.2627,9.817,24.451,-73.171,2,90
-0.1558,-1.1338,0.1050,28.780,-37.927,-339.512,1,90
-0.1567,-1.1245,0.0957,30.610,-39.817,-341.220,1,90
-0.1479,-1.1187,0.0908,34.573,-43.841,-343.841,1,90
-0.1353,-1.1016,0.0762,39.451,-50.549,-347.256,1,90
-0.1377,-1.0981,0.0571,42.012,-55.488,-349.207,1,90
-0.1362,-1.0830,0.0352,44.512,-59.878,-351.037,1,90
-0.1514,-1.0708,0.0190,46.951,-64.329,-353.049,1,90
-0.1548,-1.0620,-0.0171,49.573,-68.415,-354.329,1,90
0.7695,0.1914,-0.2593,7.988,26.280,-70.854,2,90
0.8105,0.1953,-0.2402,5.793,27.988,-68.293,2,90
0.8569,0.2031,-0.2368,4.207,29.634,-65.549,2,90
0.9087,0.2070,-0.2227,2.866,31.159,-62.256,2,90
0.9517,0.2075,-0.2275,1.463,33.354,-59.390,2,90
0.9985,0.2041,-0.2217,0.183,34.756,-56.280,2,90
1.0415,0.2134,-0.2129,-0.183,35.793,-53.720,2,90
1.0659,0.2100,-0.2207,-0.793,36.646,-50.976,2,90
-0.8687,-0.2153,-0.2275,30.549,1.585,10.122,3,41
-0.8569,-0.1978,-0.2554,29.390,2.256,10.183,3,41
-0.8521,-0.1929,-0.2686,29.939,2.744,10.915,3,41
-0.8467,-0.1870,-0.2725,31.098,4.207,11.402,3,41
-0.8447,-0.1973,-0.2749,33.171,6.037,12.317,3,41
-0.8301,-0.2163,-0.2769,35.427,8.049,12.744,3,41
-0.8110,-0.2314,-0.2886,36.890,9.634,13.171,3,41
-0.7998,-0.2432,-0.2856,37.744,10.915,13.415,3,41
-0.3037,-1.0288,-0.1826,62.561,-94.390,-361.280,1,90
-0.3169,-1.0342,-0.2002,63.963,-96.707,-362.195,1,90
-0.3394,-1.0361,-0.2109,65.976,-99.146,-362.805,1,90
-0.3613,-1.0449,-0.2324,67.866,-101.159,-363.841,1,90
-0.3784,-1.0537,-0.2490,70.488,-103.354,-365.183,1,90
-0.3960,-1.0601,-0.2534,73.659,-105.488,-366.829,1,90
-0.4121,-1.0654,-0.2827,76.646,-107.622,-368.293,1,90
-0.4399,-1.0562,-0.2939,79.390,-110.122,-370.244,1,90
1.0010,0.1694,-0.2446,17.195,35.183,-43.232,2,90
0.9731,0.1763,-0.2471,20.305,35.732,-43.598,2,90
0.9370,0.1777,-0.2476,22.561,36.585,-43.598,2,90
0.9209,0.1895,-0.2642,25.000,37.744,-43.354,2,90
0.8989,0.1992,-0.2563,27.927,39.024,-43.232,2,90
0.8833,0.2114,-0.2583,31.037,40.183,-42.683,2,90
0.8760,0.2231,-0.2559,34.451,41.890,-41.951,2,90
0.8833,0.2422,-0.2578,37.866,43.720,-41.037,2,90
-0.4551,-1.0552,-0.3057,82.439,-112.317,-372.012,1,90
-0.4780,-1.0459,-0.3198,84.573,-115.244,-374.207,1,90
-0.4844,-1.0371,-0.3506,86.707,-117.561,-376.098,1,90
-0.5044,-1.0298,-0.3633,88.598,-119.939,-378.232,1,90
-0.5142,-1.0210,-0.3804,90.427,-122.256,-380.061,1,90
-0.5313,-1.0107,-0.4004,92.256,-124.756,-382.012,1,90
-0.5308,-1.0039,-0.4126,94.024,-126.768,-383.902,1,90
-0.5386,-0.9814,-0.4199,95.671,-129.207,-385.061,1,90
0.8989,0.2666,-0.2559,41.037,45.366,-39.573,2,90
0.9102,0.2803,-0.2373,43.841,46.829,-37.744,2,90
0.9404,0.2988,-0.2495,46.890,48.415,-35.854,2,90
0.9707,0.3140,-0.2378,49.573,49.756,-33.720,2,90
1.0054,0.3232,-0.2393,53.780,50.854,-31.402,2,90
1.0376,0.3281,-0.2378,57.683,52.317,-28.537,2,90
1.0718,0.3291,-0.2397,62.134,53.476,-25.854,2,90
1.1011,0.3340,-0.2388,66.707,54.634,-23.171,2,90
-0.7520,-0.2188,0.0049,-13.659,-4.329,26.280,3,41
-0.6987,-0.1914,0.1118,-26.341,-10.366,29.756,3,41
-0.6670,-0.1846,0.1226,-37.073,-15.549,33.171,3,41
-0.6719,-0.1333,0.0498,-40.732,-16.585,36.220,3,41
-0.7173,-0.1006,-0.0557,-33.902,-12.317,38.476,3,41
-0.7944,-0.1313,-0.1558,-15.305,-0.549,40.610,3,41
-0.9199,-0.1069,-0.1636,12.317,16.280,43.171,3,41
-0.9976,-0.0386,-0.1787,35.488,28.354,46.098,3,41
-0.5381,-0.8643,-0.5938,104.451,-147.317,-386.890,1,90
-0.5342,-0.8623,-0.6089,105.427,-147.988,-385.671,1,90
-0.5317,-0.8638,-0.6211,106.524,-148.720,-384.939,1,90
-0.5269,-0.8608,-0.6436,107.378,-149.390,-383.598,1,90
-0.5278,-0.8657,-0.6509,109.085,-150.183,-383.110,1,90
-0.5269,-0.8594,-0.6665,109.817,-150.549,-382.012,1,90
-0.5220,-0.8555,-0.6831,110.488,-151.890,-380.976,1,90
-0.5327,-0.8555,-0.6895,110.305,-153.049,-379.817,1,90
1.1733,0.2905,-0.2300,105.549,54.451,-5.793,2,90
1.1621,0.2744,-0.2412,109.207,54.268,-4.390,2,90
1.1465,0.2651,-0.2437,111.890,53.354,-3.232,2,90
1.1362,0.2520,-0.2383,114.939,52.439,-1.829,2,90
1.1191,0.2407,-0.2393,117.195,51.768,-0.732,2,90
1.1089,0.2402,-0.2422,119.512,51.037,0.610,2,90
1.0874,0.2339,-0.2456,121.341,50.183,2.317,2,90
1.0757,0.2329,-0.2339,122.622,49.268,3.537,2,90
1.0664,0.2344,-0.2363,123.780,48.293,5.061,2,90
1.0596,0.2295,-0.2271,124.817,46.829,6.890,2,90
1.0635,0.2236,-0.2266,125.854,45.183,8.171,2,90
1.0542,0.2222,-0.2173,127.134,43.171,10.061,2,90
1.0547,0.2163,-0.2222,128.171,41.220,11.402,2,90
1.0645,0.2275,-0.2227,129.390,39.268,12.561,2,90
1.0703,0.2339,-0.2495,131.098,37.317,14.085,2,90
1.0796,0.2437,-0.2524,132.561,35.976,15.122,2,90
-0.5884,-0.8726,-0.9370,80.061,-163.415,-362.683,1,90
-0.5981,-0.8657,-0.9707,74.878,-163.110,-360.183,1,90
-0.5991,-0.8760,-0.9888,69.268,-162.744,-357.683,1,90
-0.6118,-0.8633,-1.0146,63.963,-162.012,-355.183,1,90
-0.6216,-0.8550,-1.0366,58.720,-160.915,-352.744,1,90
-0.6196,-0.8389,-1.0527,53.720,-159.573,-350.122,1,90
-0.6245,-0.8125,-1.0684,48.902,-158.537,-347.622,1,90
-0.6240,-0.7900,-1.0771,43.537,-157.561,-345.427,1,90
1.0889,0.2700,-0.2808,134.878,34.512,16.341,2,90
1.0903,0.2920,-0.2944,136.098,33.780,17.439,2,90
1.0923,0.3110,-0.3115,136.768,33.171,18.354,2,90
1.0938,0.3364,-0.3047,136.890,32.073,19.695,2,90
1.1006,0.3457,-0.3120,136.646,30.732,20.488,2,90
1.1094,0.3545,-0.3267,137.683,29.085,21.768,2,90
1.1084,0.3506,-0.3442,138.476,26.951,22.744,2,90
1.1265,0.3525,-0.3525,139.451,25.122,23.841,2,90
-1.5630,-0.8989,0.0732,-21.646,22.134,64.817,3,41
-1.6250,-0.8145,-0.0596,-21.159,25.427,68.659,3,41
-1.6074,-0.7017,-0.2500,-20.305,27.622,68.354,3,41
-1.6079,-0.6709,-0.4453,-17.561,30.305,65.427,3,41
-1.6929,-0.6553,-0.5371,-14.695,32.439,64.024,3,41
-1.8203,-0.6895,-0.5479,-13.476,34.756,66.280,3,41
-1.9136,-0.7441,-0.4956,-12.866,38.720,71.402,3,41
-1.9604,-0.7832,-0.3979,-13.537,42.622,76.768,3,41
-0.5767,-0.5498,-1.2700,9.329,-148.659,-318.780,1,90
-0.5938,-0.5186,-1.2915,6.585,-147.134,-314.634,1,90
-0.5967,-0.4883,-1.3140,3.720,-145.915,-309.634,1,90
-0.6079,-0.4478,-1.3511,1.280,-144.085,-304.817,1,90
-0.6206,-0.4087,-1.3608,-1.524,-141.768,-298.841,1,90
-0.6396,-0.3691,-1.3804,-3.476,-139.573,-292.561,1,90
-0.6553,-0.3340,-1.3877,-4.756,-136.768,-285.549,1,90
-0.6743,-0.2979,-1.4048,-6.341,-133.537,-277.988,1,90
1.3638,0.2192,-0.5044,129.329,14.573,30.000,2,90
1.3896,0.2124,-0.5259,126.890,13.476,29.695,2,90
1.4180,0.1968,-0.5571,123.963,12.378,29.939,2,90
1.4346,0.1821,-0.5894,121.402,10.732,29.634,2,90
1.4502,0.1685,-0.6177,118.171,9.207,29.817,2,90
1.4492,0.1606,-0.6475,115.244,7.500,29.939,2,90
1.4468,0.1416,-0.6592,112.134,5.610,29.573,2,90
1.4448,0.1343,-0.6841,108.537,3.415,29.268,2,90
-2.6982,-0.8979,0.0078,-124.451,42.988,107.195,3,41
-2.6909,-0.8506,0.0410,-128.476,44.207,107.744,3,41
-2.6846,-0.7485,0.0664,-134.146,47.134,109.146,3,41
-2.7012,-0.6567,0.1006,-136.524,51.037,110.061,3,41
-2.7422,-0.5605,0.1348,-135.732,56.159,112.012,3,41
-2.7822,-0.4731,0.1782,-132.744,61.402,114.024,3,41
-2.7974,-0.3799,0.2490,-127.683,67.195,115.549,3,41
-2.7632,-0.2866,0.3276,-122.073,71.890,116.402,3,41
-0.7119,-0.0391,-1.3311,-11.768,-93.293,-209.085,1,90
-0.6968,-0.0034,-1.3027,-10.671,-88.659,-203.780,1,90
-0.6646,0.0332,-1.2686,-9.451,-84.573,-198.476,1,90
-0.6304,0.0806,-1.2402,-9.451,-81.341,-193.780,1,90
-0.5879,0.1367,-1.2192,-9.939,-78.659,-189.268,1,90
-0.5396,0.1851,-1.2148,-12.439,-77.073,-184.390,1,90
-0.5029,0.2246,-1.2339,-15.732,-76.402,-179.207,1,90
-0.4448,0.2705,-1.2412,-19.451,-76.463,-173.415,1,90
1.4976,-0.0405,-0.7944,48.720,-12.073,29.695,2,90
1.5176,-0.0493,-0.7886,40.000,-12.256,30.549,2,90
1.5444,-0.0659,-0.7930,31.829,-12.134,31.463,2,90
1.5757,-0.0767,-0.7925,24.756,-11.951,33.232,2,90
1.5957,-0.0835,-0.8057,18.354,-11.646,34.390,2,90
1.6147,-0.0786,-0.8105,13.171,-11.280,36.220,2,90
1.6289,-0.0674,-0.8179,8.598,-10.915,37.195,2,90
1.6284,-0.0430,-0.8374,4.878,-10.854,38.171,2,90
-1.4741,-0.0879,0.3433,-63.415,99.512,101.098,3,41
-1.3086,-0.0630,0.3721,-62.134,96.646,97.744,3,41
-1.1313,0.0127,0.4277,-60.488,92.561,94.939,3,41
-0.9629,0.0840,0.6289,-55.244,86.768,92.195,3,41
-0.7539,0.1929,0.7461,-48.902,80.915,88.598,3,41
-0.6611,0.2554,0.7725,-43.232,76.646,87.317,3,41
-0.5889,0.2661,0.7070,-34.817,72.561,83.171,3,41
-0.4731,0.2402,0.7158,-21.280,70.061,77.622,3,41
-0.3042,0.5493,-1.4321,-54.085,-78.841,-82.439,1,90
-0.3438,0.5723,-1.4463,-59.024,-78.780,-69.939,1,90
-0.3940,0.5825,-1.4736,-63.110,-78.232,-56.768,1,90
-0.4492,0.5918,-1.4717,-66.951,-77.378,-43.598,1,90
-0.5132,0.6074,-1.4683,-70.366,-76.220,-30.305,1,90
-0.5811,0.6206,-1.4614,-73.476,-74.451,-16.890,1,90
-0.6592,0.6357,-1.4629,-76.829,-72.378,-3.841,1,90
-0.7271,0.6543,-1.4561,-80.122,-70.244,8.720,1,90
1.3237,0.2915,-0.8643,-6.037,-13.720,35.854,2,90
1.2891,0.3120,-0.8511,-2.866,-13.841,36.463,2,90
1.2642,0.3345,-0.8491,1.098,-14.451,37.378,2,90
1.2329,0.3525,-0.8330,6.098,-14.695,38.049,2,90
1.1987,0.3657,-0.8359,11.463,-15.305,39.024,2,90
1.1675,0.3760,-0.8213,17.439,-15.976,39.695,2,90
1.1475,0.3838,-0.8027,23.354,-17.073,40.427,2,90
1.1196,0.3828,-0.7949,29.329,-18.415,41.585,2,90
-0.1934,-1.9805,0.5093,73.841,41.463,-7.866,3,41
0.4937,-2.2930,0.9019,114.329,54.329,-36.463,3,41
1.1123,-2.1895,1.2383,119.451,44.207,-55.732,3,41
1.4390,-2.2183,1.0347,92.195,17.378,-67.439,3,41
1.4023,-2.3242,0.7021,68.902,-5.671,-76.707,3,41
1.2031,-2.4063,0.5894,54.695,-19.634,-83.659,3,41
1.0605,-2.3257,0.7646,41.220,-30.793,-89.268,3,41
1.0332,-2.1201,1.0142,24.939,-44.085,-94.817,3,41
-1.1089,0.7417,-1.3218,-91.098,-40.610,89.695,1,90
-1.1108,0.7529,-1.2910,-88.415,-36.341,94.329,1,90
-1.1006,0.7612,-1.2524,-84.573,-32.744,98.963,1,90
-1.0835,0.7861,-1.2090,-80.305,-28.841,103.110,1,90
-1.0410,0.7979,-1.1626,-75.610,-25.061,107.378,1,90
-0.9976,0.8125,-1.1216,-70.854,-21.951,110.854,1,90
-0.9697,0.8252,-1.0747,-65.488,-18.720,115.244,1,90
-0.9214,0.8354,-1.0220,-58.415,-14.878,119.512,1,90
0.7500,0.1929,-0.6792,75.427,-32.988,47.988,2,90
0.7114,0.1694,-0.6675,78.293,-34.451,49.024,2,90
0.6655,0.1304,-0.6670,80.549,-35.915,49.695,2,90
0.6279,0.1089,-0.6572,83.171,-36.829,50.366,2,90
0.5864,0.0869,-0.6528,84.634,-38.415,51.220,2,90
0.5371,0.0601,-0.6494,85.000,-39.207,52.012,2,90
0.5024,0.0337,-0.6240,84.817,-40.000,52.561,2,90
0.4717,0.0024,-0.6118,83.659,-40.366,52.866,2,90
0.4854,-1.2119,0.8120,-77.012,-151.341,-152.195,3,41
0.4414,-1.1836,0.7891,-80.915,-157.683,-158.476,3,41
0.4194,-1.1685,0.7852,-83.598,-163.110,-164.817,3,41
0.4214,-1.1372,0.7671,-86.159,-168.780,-171.098,3,41
0.4360,-1.0928,0.7734,-88.415,-174.207,-177.256,3,41
0.4395,-1.0454,0.7642,-89.024,-178.232,-183.415,3,41
0.4316,-1.0024,0.7554,-89.024,-182.195,-189.817,3,41
0.4341,-0.9712,0.7373,-86.585,-184.939,-197.012,3,41
-0.6709,1.0293,-0.3979,34.024,20.366,187.012,1,90
-0.6880,1.0566,-0.3481,46.037,23.841,197.256,1,90
-0.7144,1.0752,-0.3047,58.537,27.134,207.378,1,90
-0.7529,1.0996,-0.2480,72.012,31.098,217.561,1,90
-0.8052,1.1401,-0.2153,85.061,35.671,228.110,1,90
-0.8638,1.1621,-0.1636,97.378,40.061,238.720,1,90
-0.9316,1.1948,-0.1143,108.963,44.634,248.963,1,90
-0.9912,1.2144,-0.0747,121.890,50.610,258.963,1,90
0.2988,-0.2349,-0.4639,48.354,-33.537,54.512,2,90
0.3008,-0.2632,-0.4419,42.073,-31.951,54.024,2,90
0.3105,-0.2827,-0.4365,35.793,-30.366,53.598,2,90
0.3242,-0.2974,-0.4170,29.634,-28.720,52.805,2,90
0.3354,-0.3193,-0.3955,23.415,-26.951,52.012,2,90
0.3525,-0.3369,-0.3818,16.951,-25.488,51.280,2,90
0.3740,-0.3462,-0.3682,10.549,-23.963,50.183,2,90
0.4004,-0.3467,-0.3462,3.902,-22.866,48.902,2,90
-0.5161,1.4790,-3.6089,-77.927,-173.963,-238.659,3,41
-1.1553,1.6973,-4.0420,-77.988,-171.159,-233.110,3,41
-2.7827,1.2261,-3.0029,-72.439,-152.500,-223.354,3,41
-3.0962,1.5752,-2.9238,-55.366,-131.402,-213.963,3,41
-3.6328,3.4341,-3.9634,-33.841,-92.317,-191.098,3,41
-4.7432,4.8477,-5.3237,-141.829,-120.854,-168.354,3,41
-5.7773,5.6606,-6.4663,-155.000,-113.232,-130.366,3,41
-7.5439,7.0122,-7.3047,-166.220,-71.646,-90.549,3,41
-1.5908,1.1108,0.1934,116.707,64.878,318.232,1,90
-1.6631,1.0669,0.1978,121.280,68.293,322.561,1,90
-1.7310,1.0264,0.1987,123.476,70.854,326.951,1,90
-1.7949,0.9834,0.2041,125.000,74.207,331.402,1,90
-1.8643,0.9395,0.2227,126.341,77.866,335.915,1,90
-1.9292,0.9121,0.2314,126.524,81.159,340.671,1,90
-2.0288,0.8521,0.2725,127.134,86.524,347.927,1,90
-2.0747,0.8169,0.3081,127.317,89.817,353.171,1,90
0.6118,-0.2578,-0.1553,-58.049,-25.488,30.000,2,90
0.6265,-0.2271,-0.1289,-65.488,-26.402,27.500,2,90
0.6494,-0.2021,-0.1284,-72.256,-27.866,25.366,2,90
0.6655,-0.1724,-0.1426,-78.476,-29.451,23.415,2,90
0.6831,-0.1484,-0.1479,-82.866,-31.037,21.220,2,90
0.6826,-0.1289,-0.1587,-86.098,-32.500,19.146,2,90
0.7002,-0.0928,-0.1436,-89.939,-33.598,17.012,2,90
0.7036,-0.0601,-0.1284,-94.756,-34.756,15.122,2,90
4.2690,-3.0366,4.3979,165.488,88.720,-68.720,3,41
3.4014,-3.0454,4.3789,110.427,40.244,-73.293,3,41
2.3223,-1.4878,3.7031,44.329,4.878,-34.634,3,41
0.1021,-0.0527,2.3774,-22.256,-17.622,6.890,3,41
-0.7114,1.2241,0.4736,-56.037,-29.939,10.732,3,41
-1.2891,2.2729,-0.6582,-26.829,-1.951,28.293,3,41
-2.4468,2.4844,-1.0186,11.220,30.793,42.561,3,41
-3.2402,2.4863,-1.1235,34.329,56.951,47.561,3,41
-3.1016,-1.3896,4.3311,-5.793,131.951,-2.500,4,41
-2.9995,-1.4468,4.3457,-1.280,124.756,2.866,4,41
-2.8955,-1.4722,4.1523,10.671,120.061,11.524,4,41
-2.8452,-1.5308,3.5835,23.476,122.012,21.098,4,41
-2.9585,-1.6333,2.4282,31.890,129.451,29.878,4,41
-3.3047,-1.8501,0.7256,32.317,150.488,32.744,4,41
-3.8062,-2.4048,-1.1055,29.207,179.512,21.341,4,41
-4.2383,-3.5713,-2.6294,44.268,213.841,-15.122,4,41
-3.2930,1.7310,-1.0859,58.841,74.756,44.024,3,41
-3.4321,0.4658,-0.8809,120.793,105.610,41.707,3,41
-3.8682,-0.9180,-1.1187,191.037,137.439,36.707,3,41
-3.9795,-2.6392,-1.5000,227.317,152.744,17.500,3,41
-3.5098,-4.2417,-1.2363,242.317,160.183,-16.159,3,41
-2.0781,-4.5869,-0.5640,210.000,142.622,-39.268,3,41
-0.4478,-3.9614,-0.0132,133.232,101.037,-38.293,3,41
0.2334,-2.9531,-0.1191,59.817,62.378,-22.256,3,41
-4.1714,-3.9546,-2.7139,93.354,238.232,-65.610,4,41
-3.7759,-3.0229,-1.3916,127.439,236.585,-93.354,4,41
-3.7021,-1.9932,0.0864,122.744,224.573,-97.988,4,41
-3.6323,-1.5322,1.0630,102.012,210.427,-98.049,4,41
-2.4111,-1.3110,1.5254,68.171,199.329,-107.500,4,41
-0.1079,-0.7788,2.2720,19.939,173.537,-103.354,4,41
-0.5366,-0.5591,2.6230,-32.378,99.451,-87.500,4,41
-4.5093,-1.2041,1.9414,-58.354,-3.537,-77.378,4,41
-0.1250,-1.8188,-0.4155,8.110,38.841,-2.988,3,41
-0.6992,-0.7588,-0.5840,-14.573,32.927,14.085,3,41
-0.9478,0.0698,-0.6289,-13.354,37.683,23.841,3,41
-0.8540,0.5396,-0.6426,-6.402,38.171,22.622,3,41
-0.7583,0.7021,-0.6304,-7.073,31.341,16.220,3,41
-0.7769,0.6650,-0.6025,-14.756,21.707,10.732,3,41
-0.7598,0.5273,-0.5518,-20.732,15.183,6.098,3,41
-0.6025,0.3047,-0.5269,-25.915,8.354,1.098,3,41
-5.0972,-0.9888,0.4541,-57.073,-27.683,-100.000,4,41
-5.1279,-0.3784,0.3687,-41.220,-4.878,-122.561,4,41
-3.7681,0.5474,0.2061,-4.634,-7.195,-115.854,4,41
-1.7773,0.9595,-0.1558,20.915,-11.220,-102.805,4,41
-0.1069,0.9063,-0.8477,34.146,-10.305,-94.695,4,41
0.4619,0.6924,-1.8540,37.622,1.159,-93.780,4,41
-0.2778,0.6567,-3.0083,46.280,18.780,-101.463,4,41
-1.1113,1.1465,-3.7944,49.573,48.293,-114.024,4,41
-0.4873,0.0640,-0.5239,-25.610,3.293,-0.976,3,41
-0.5967,-0.1035,-0.5234,-24.268,-0.793,0.488,3,41
-0.8584,-0.1606,-0.4233,-19.756,-2.439,2.256,3,41
-1.1406,-0.0884,-0.3081,-15.427,-2.012,2.439,3,41
-1.2998,-0.0005,-0.3066,-13.902,-3.293,-0.061,3,41
-1.2974,0.0068,-0.3379,-10.000,-4.695,-2.805,3,41
-1.2314,-0.0649,-0.3525,-4.451,-5.854,-5.305,3,41
-1.1343,-0.1533,-0.3242,2.317,-6.220,-6.159,3,41
-1.0596,-0.2026,-0.2949,6.463,-6.768,-7.622,3,41
-1.0127,-0.2266,-0.2910,6.159,-8.902,-8.780,3,41
-0.9956,-0.2422,-0.3438,3.902,-11.463,-9.268,3,41
-0.9761,-0.2476,-0.4063,1.768,-15.000,-9.146,3,41
-0.9448,-0.2661,-0.4863,-0.305,-19.268,-7.866,3,41
-0.9204,-0.2866,-0.5459,-0.244,-21.951,-6.707,3,41
-0.9165,-0.2539,-0.5503,-1.037,-24.878,-6.341,3,41
-0.9199,-0.1953,-0.5391,-3.049,-28.293,-7.012,3,41
-0.9536,-0.0684,-0.5146,-2.500,-31.890,-8.110,3,41
-0.9722,-0.0366,-0.5000,-0.793,-32.439,-7.927,3,41
-1.0176,-0.0005,-0.4746,4.756,-32.134,-7.988,3,41
-1.0518,-0.0088,-0.4604,12.195,-31.524,-8.049,3,41
-1.0654,-0.0557,-0.4561,19.939,-30.000,-8.232,3,41
-1.0786,-0.1431,-0.4624,25.793,-29.268,-8.476,3,41
-1.0581,-0.2207,-0.4614,29.329,-29.024,-9.207,3,41
-1.0488,-0.2778,-0.4600,31.159,-28.780,-9.939,3,41
1.2988,-0.1182,-0.0942,-102.500,-26.159,10.427,2,90
1.3115,-0.1313,-0.1084,-103.537,-26.829,8.232,2,90
1.3193,-0.1421,-0.1372,-103.841,-27.378,5.488,2,90
1.3218,-0.1440,-0.1543,-104.207,-28.415,3.110,2,90
1.3286,-0.1509,-0.1816,-104.146,-29.024,0.122,2,90
1.3193,-0.1563,-0.2061,-104.207,-30.854,-2.927,2,90
1.3105,-0.1558,-0.2461,-103.537,-32.378,-6.159,2,90
1.2925,-0.1558,-0.2783,-102.927,-33.841,-9.451,2,90
-2.0537,-2.6230,0.0283,228.110,-72.866,486.524,1,90
-2.0137,-2.6763,-0.0332,228.232,-76.037,478.171,1,90
-1.9883,-2.7017,-0.1025,228.171,-79.695,470.915,1,90
-1.9751,-2.7236,-0.1626,227.378,-82.866,465.427,1,90
-1.9810,-2.7344,-0.2988,227.195,-86.524,458.354,1,90
-1.9873,-2.7373,-0.3379,227.500,-87.683,456.220,1,90
-2.0010,-2.7485,-0.4800,229.024,-89.695,450.549,1,90
-1.9961,-2.7671,-0.5801,231.524,-89.939,446.341,1,90
1.2671,-0.1465,-0.3057,-101.890,-36.159,-13.232,2,90
1.2378,-0.1396,-0.3398,-101.220,-37.866,-16.890,2,90
1.1938,-0.1260,-0.3721,-100.305,-40.183,-20.854,2,90
1.1641,-0.1172,-0.4082,-98.780,-42.805,-24.268,2,90
1.1250,-0.1060,-0.4438,-97.683,-45.366,-27.866,2,90
1.0913,-0.0835,-0.4775,-96.280,-48.232,-31.220,2,90
1.0435,-0.0659,-0.5020,-95.000,-51.037,-34.817,2,90
1.0059,-0.0449,-0.5327,-94.085,-53.537,-37.927,2,90
-1.9902,-2.7998,-0.6699,234.512,-89.390,441.707,1,90
-1.9673,-2.8359,-0.7485,239.390,-87.683,436.890,1,90
-1.9326,-2.8833,-0.8125,244.329,-86.098,431.951,1,90
-1.8965,-2.9443,-0.8779,249.207,-82.988,427.134,1,90
-1.8506,-3.0239,-0.9458,253.720,-80.427,422.378,1,90
-1.8145,-3.1152,-1.0151,256.524,-76.585,417.744,1,90
-1.7598,-3.2231,-1.0464,257.988,-72.683,413.537,1,90
-1.7266,-3.3442,-1.0674,257.134,-68.049,408.963,1,90
0.9634,-0.0244,-0.5630,-92.866,-56.220,-40.854,2,90
0.9326,-0.0200,-0.5933,-92.439,-58.537,-43.293,2,90
0.9004,-0.0049,-0.6021,-91.768,-60.976,-45.488,2,90
0.8589,0.0107,-0.6216,-90.915,-62.988,-47.378,2,90
0.8369,0.0132,-0.6245,-90.366,-65.305,-48.598,2,90
0.8032,0.0225,-0.6323,-90.305,-67.744,-49.695,2,90
0.7764,0.0278,-0.6387,-90.000,-69.939,-50.061,2,90
0.7524,0.0327,-0.6494,-89.756,-72.744,-50.244,2,90
-0.9341,-0.3066,-0.3398,14.878,-35.976,-30.732,3,41
-0.9023,-0.3584,-0.3447,17.012,-33.598,-32.134,3,41
-0.8584,-0.3823,-0.3125,19.329,-32.134,-33.841,3,41
-0.8276,-0.3760,-0.2905,18.841,-31.463,-35.610,3,41
-0.8271,-0.3711,-0.2896,15.915,-32.195,-36.280,3,41
-0.8555,-0.3706,-0.2813,12.256,-32.744,-36.585,3,41
-0.8784,-0.3530,-0.2632,8.902,-33.232,-36.829,3,41
-0.8892,-0.3618,-0.2412,6.037,-33.171,-37.134,3,41
-2.8457,-0.3091,0.8335,25.061,-358.720,-198.659,4,41
-2.8579,-0.3955,0.8320,28.659,-359.756,-203.110,4,41
-2.8774,-0.4932,0.8384,34.085,-362.805,-205.305,4,41
-2.8862,-0.6035,0.8301,41.524,-367.561,-204.451,4,41
-2.9102,-0.7402,0.8281,49.451,-375.366,-201.280,4,41
-2.9243,-0.8794,0.7900,57.988,-385.854,-195.854,4,41
-2.9438,-0.9985,0.7490,65.671,-398.415,-189.085,4,41
-2.9692,-1.0933,0.7422,69.756,-414.207,-180.915,4,41
-0.8901,-0.3687,-0.2271,3.476,-33.537,-37.927,3,41
-0.8940,-0.3564,-0.1997,1.463,-33.354,-38.110,3,41
-0.9023,-0.3198,-0.1523,-1.463,-33.841,-38.902,3,41
-0.9043,-0.2729,-0.1123,-5.183,-35.427,-39.268,3,41
-0.9194,-0.2446,-0.1226,-7.683,-35.915,-39.085,3,41
-0.9233,-0.2236,-0.0952,-7.927,-35.549,-38.841,3,41
-0.9448,-0.1641,-0.0425,-7.195,-35.244,-38.902,3,41
-0.9536,-0.1030,-0.0054,-8.537,-35.366,-38.293,3,41
-2.9868,-1.1680,0.7241,70.244,-432.561,-173.171,4,41
-3.0098,-1.1846,0.6895,65.915,-452.561,-166.280,4,41
-3.0435,-1.1655,0.6699,56.341,-472.378,-159.756,4,41
-3.0786,-1.1406,0.6699,40.793,-491.220,-154.512,4,41
-3.1143,-1.1016,0.6885,21.768,-509.878,-150.549,4,41
-3.1431,-1.0845,0.7144,0.671,-528.841,-147.988,4,41
-3.1738,-1.0796,0.7598,-19.024,-548.232,-147.500,4,41
-3.2241,-1.0630,0.7949,-36.829,-565.549,-148.598,4,41
-0.9458,-0.1230,-0.0630,-8.598,-34.939,-37.256,3,41
-0.9590,-0.1450,-0.0688,-4.207,-32.622,-36.524,3,41
-0.9683,-0.1396,-0.0361,-2.134,-31.098,-36.280,3,41
-0.9683,-0.1611,-0.0381,-1.890,-29.817,-36.585,3,41
-0.9727,-0.1567,-0.0103,-1.585,-28.354,-36.585,3,41
-0.9727,-0.1558,0.0166,-1.829,-27.012,-37.134,3,41
-0.9595,-0.1489,0.0171,-3.598,-27.317,-36.951,3,41
-0.9580,-0.1382,0.0439,-6.585,-27.805,-36.829,3,41
-0.2510,-3.5767,-1.8281,79.329,18.232,113.171,1,90
-0.1948,-3.5557,-1.8369,78.354,20.122,103.232,1,90
-0.1499,-3.5264,-1.8306,77.317,21.585,92.927,1,90
-0.1084,-3.4893,-1.8354,75.915,23.415,82.927,1,90
-0.0698,-3.4658,-1.8423,74.085,25.122,72.439,1,90
-0.0459,-3.4292,-1.8354,72.256,26.341,62.317,1,90
-0.0298,-3.3999,-1.8325,70.610,27.866,52.195,1,90
-0.0176,-3.3677,-1.8154,68.841,29.207,42.012,1,90
0.4751,0.2451,-0.6914,-13.841,-85.549,-32.683,2,90
0.4678,0.2720,-0.6841,-8.110,-84.390,-32.744,2,90
0.4619,0.2979,-0.6904,-2.866,-83.902,-32.439,2,90
0.4453,0.3193,-0.6816,2.378,-83.476,-31.890,2,90
0.4404,0.3403,-0.6797,7.500,-83.537,-31.646,2,90
0.4238,0.3604,-0.6685,11.341,-83.171,-30.793,2,90
0.4131,0.3638,-0.6655,15.427,-82.805,-29.878,2,90
0.4019,0.3730,-0.6646,18.720,-83.110,-29.146,2,90
-0.0049,-3.3335,-1.8091,66.951,30.915,32.256,1,90
-0.0015,-3.2925,-1.7803,65.122,32.622,22.500,1,90
0.0000,-3.2437,-1.7739,63.110,34.695,13.110,1,90
0.0117,-3.1953,-1.7529,60.793,36.890,3.476,1,90
0.0073,-3.1465,-1.7466,58.902,38.598,-5.732,1,90
0.0059,-3.0942,-1.7241,56.707,40.610,-14.512,1,90
0.0122,-3.0396,-1.7061,54.634,42.866,-23.476,1,90
0.0137,-2.9834,-1.6890,52.561,45.610,-31.951,1,90
0.3892,0.3677,-0.6660,21.463,-82.927,-28.049,2,90
0.3784,0.3628,-0.6538,24.024,-82.988,-27.256,2,90
0.3643,0.3540,-0.6533,25.854,-82.500,-26.829,2,90
0.3608,0.3335,-0.6577,27.012,-82.073,-25.976,2,90
0.3481,0.3188,-0.6587,28.171,-80.915,-25.305,2,90
0.3472,0.2979,-0.6606,28.476,-80.183,-25.488,2,90
0.3452,0.2773,-0.6650,28.293,-78.415,-25.061,2,90
0.3525,0.2598,-0.6602,27.805,-76.829,-25.183,2,90
0.0142,-2.9238,-1.6699,50.000,47.561,-39.695,1,90
0.0181,-2.8770,-1.6519,47.256,49.390,-47.317,1,90
0.0195,-2.8218,-1.6323,44.573,51.463,-54.451,1,90
0.0225,-2.7778,-1.6050,40.854,54.085,-61.220,1,90
0.0288,-2.7339,-1.5884,37.805,55.915,-67.561,1,90
0.0225,-2.6909,-1.5728,34.024,58.049,-73.537,1,90
0.0186,-2.6504,-1.5327,30.854,60.488,-79.634,1,90
0.0181,-2.5991,-1.5078,26.463,62.805,-84.817,1,90
0.3486,0.2305,-0.6587,26.341,-74.085,-25.000,2,90
0.3569,0.2202,-0.6577,25.793,-73.049,-25.366,2,90
0.3667,0.2075,-0.6606,25.122,-70.671,-25.427,2,90
0.3711,0.1934,-0.6494,22.683,-67.439,-26.341,2,90
0.3735,0.1943,-0.6484,22.012,-66.220,-26.524,2,90
0.3867,0.1851,-0.6396,19.207,-62.866,-26.585,2,90
0.3896,0.1846,-0.6240,17.256,-60.732,-26.768,2,90
0.3994,0.1914,-0.6157,15.793,-59.024,-26.890,2,90
0.0103,-2.5542,-1.4849,22.805,64.634,-90.366,1,90
0.0000,-2.5146,-1.4473,18.476,67.195,-95.549,1,90
-0.0103,-2.4717,-1.4141,13.780,69.390,-100.549,1,90
-0.0254,-2.4399,-1.3711,9.268,71.768,-105.183,1,90
-0.0474,-2.3896,-1.2979,1.768,75.061,-111.646,1,90
-0.0664,-2.3584,-1.2549,-2.927,77.195,-115.427,1,90
-0.0811,-2.3428,-1.1929,-7.439,79.756,-119.207,1,90
-0.1050,-2.3159,-1.1509,-11.768,81.524,-122.622,1,90
0.4014,0.1987,-0.6084,15.000,-56.829,-26.951,2,90
0.4072,0.2100,-0.5938,13.720,-54.878,-26.829,2,90
0.4082,0.2295,-0.5718,12.622,-53.049,-26.707,2,90
0.4160,0.2466,-0.5752,11.280,-51.524,-26.159,2,90
0.4165,0.2676,-0.5586,10.244,-50.244,-25.976,2,90
0.4185,0.2852,-0.5513,9.268,-49.085,-25.366,2,90
0.4229,0.3052,-0.5361,8.720,-47.866,-24.634,2,90
0.4219,0.3218,-0.5332,8.963,-46.402,-23.598,2,90
-0.1162,-2.2896,-1.1079,-16.646,83.476,-126.037,1,90
-0.1396,-2.2681,-1.0522,-21.585,84.939,-129.268,1,90
-0.1621,-2.2441,-1.0234,-26.463,86.220,-132.500,1,90
-0.1836,-2.2261,-0.9727,-31.951,87.317,-135.244,1,90
-0.2129,-2.2036,-0.9385,-37.134,88.110,-138.293,1,90
-0.2422,-2.1855,-0.8970,-41.951,89.268,-141.159,1,90
-0.2563,-2.1621,-0.8564,-46.646,90.366,-143.841,1,90
-0.2891,-2.1299,-0.8135,-50.854,91.098,-146.524,1,90
0.4175,0.3369,-0.5283,8.963,-44.878,-22.500,2,90
0.4126,0.3545,-0.5132,9.512,-43.171,-20.854,2,90
0.4111,0.3740,-0.4985,10.366,-41.768,-19.390,2,90
0.4165,0.3906,-0.4951,11.463,-40.000,-17.866,2,90
0.4106,0.4082,-0.4849,12.988,-38.720,-16.402,2,90
0.4150,0.4219,-0.4639,14.146,-37.256,-15.122,2,90
0.4180,0.4272,-0.4658,15.183,-35.549,-13.841,2,90
0.4229,0.4312,-0.4419,16.280,-34.634,-12.012,2,90
-0.3032,-2.0991,-0.7842,-55.061,92.256,-148.963,1,90
-0.3286,-2.0723,-0.7510,-58.659,92.927,-151.646,1,90
-0.3467,-2.0400,-0.7129,-62.378,93.293,-153.963,1,90
-0.3618,-2.0068,-0.6699,-65.610,93.537,-156.646,1,90
-0.3799,-1.9712,-0.6519,-68.598,94.207,-158.720,1,90
-0.3960,-1.9390,-0.6230,-71.280,94.207,-160.976,1,90
-0.4058,-1.9043,-0.5977,-73.537,94.817,-163.232,1,90
-0.4204,-1.8643,-0.5659,-75.183,95.000,-165.427,1,90
0.4277,0.4419,-0.4375,17.622,-33.232,-10.793,2,90
0.4263,0.4395,-0.4287,18.293,-32.378,-9.329,2,90
0.4385,0.4434,-0.4219,19.512,-31.463,-8.110,2,90
0.4497,0.4346,-0.4204,20.183,-30.366,-6.646,2,90
0.4478,0.4341,-0.4092,21.159,-29.268,-5.427,2,90
0.4639,0.4248,-0.4150,21.768,-27.805,-4.268,2,90
0.4658,0.4155,-0.4067,22.378,-25.976,-3.293,2,90
0.4746,0.4126,-0.4043,22.744,-24.512,-2.378,2,90
-0.4380,-1.8325,-0.5410,-76.707,95.366,-167.439,1,90
-0.4502,-1.7974,-0.5205,-77.561,95.549,-169.451,1,90
-0.4639,-1.7534,-0.4878,-78.110,95.610,-170.793,1,90
-0.4736,-1.7271,-0.4624,-78.293,95.610,-172.378,1,90
-0.4863,-1.6978,-0.4351,-78.171,95.976,-174.146,1,90
-0.4976,-1.6650,-0.4136,-77.744,95.793,-175.854,1,90
-0.5103,-1.6372,-0.3838,-76.829,96.098,-177.378,1,90
-0.5137,-1.6138,-0.3599,-76.280,95.427,-178.720,1,90
-1.1592,0.9028,-3.5259,422.195,26.768,-157.073,4,41
-1.0166,0.7681,-3.7842,425.488,34.390,-174.329,4,41
-0.6870,0.7539,-3.9570,442.317,44.390,-177.927,4,41
-0.2021,0.4849,-4.0288,447.012,52.622,-169.390,4,41
0.2065,0.3535,-3.9541,426.524,57.439,-150.000,4,41
0.4731,0.5693,-3.7715,419.817,54.268,-125.793,4,41
0.7979,0.2163,-3.6470,425.732,43.293,-96.707,4,41
0.7036,0.9336,-3.1558,383.415,23.902,-64.268,4,41
-1.0874,-0.1572,-0.0098,8.537,32.622,11.341,3,41
-1.0684,-0.1147,0.0127,10.305,33.232,13.598,3,41
-1.0645,-0.0933,0.0527,10.671,33.780,16.037,3,41
-1.0991,-0.0986,0.0776,11.524,34.817,18.415,3,41
-1.1440,-0.0854,0.0801,11.524,35.000,19.939,3,41
-1.1733,-0.0918,0.0786,11.829,35.183,21.463,3,41
-1.1982,-0.0933,0.0674,13.232,35.915,23.049,3,41
-1.2227,-0.1001,0.0488,14.695,36.159,24.512,3,41
0.8066,0.7227,-3.0776,372.134,2.500,-34.207,4,41
0.5352,1.4902,-2.6230,313.659,-19.207,-8.598,4,41
0.3540,1.7900,-2.5264,303.293,-41.524,13.841,4,41
0.0464,2.4551,-2.1802,285.671,-57.012,26.280,4,41
-0.1411,2.7876,-1.8955,256.951,-64.024,32.683,4,41
-0.2549,3.0117,-1.8169,236.341,-47.500,29.329,4,41
-0.2700,2.8809,-1.7944,195.366,-3.659,28.780,4,41
-0.2520,2.7490,-1.9761,165.488,62.195,26.463,4,41
-1.2402,-0.1069,0.0493,16.098,36.951,25.671,3,41
-1.2495,-0.1563,-0.0049,19.634,38.537,26.280,3,41
-1.2642,-0.1597,0.0083,22.683,39.695,26.341,3,41
-1.2656,-0.1621,-0.0132,22.744,39.451,26.037,3,41
-1.2388,-0.2002,-0.0815,24.085,39.207,25.610,3,41
-1.2383,-0.2139,-0.0718,25.488,39.573,24.878,3,41
-1.2139,-0.2256,-0.0845,24.207,38.537,24.146,3,41
-1.1953,-0.2568,-0.1138,22.378,37.500,23.171,3,41
-0.1626,2.9160,-1.8501,165.854,141.524,24.329,4,41
0.2124,2.0532,-2.1743,172.927,205.610,41.220,4,41
0.2217,1.2212,-2.2290,150.854,226.280,70.732,4,41
0.2617,0.9966,-2.0396,56.524,206.220,93.171,4,41
0.3755,-0.0605,-2.3374,-35.427,150.427,97.622,4,41
-0.3252,0.9795,-1.9927,-113.232,57.256,112.988,4,41
0.0806,0.3550,-2.1968,-132.927,-37.317,127.927,4,41
-0.0435,-0.1968,-2.3135,-144.695,-73.354,115.549,4,41
0.4404,0.3740,-0.4214,-0.976,17.988,-9.512,2,90
0.4414,0.3706,-0.4189,-2.195,19.817,-10.427,2,90
0.4346,0.3799,-0.4116,-2.988,21.951,-11.463,2,90
0.4351,0.3730,-0.4185,-4.146,23.659,-12.134,2,90
0.4326,0.3745,-0.4077,-5.122,25.671,-12.988,2,90
0.4370,0.3789,-0.4009,-6.037,27.256,-14.390,2,90
0.4385,0.3804,-0.3989,-6.646,28.659,-15.427,2,90
0.4385,0.3877,-0.3994,-7.927,30.427,-16.768,2,90
-0.4077,-1.3545,-0.0132,-53.171,53.171,-204.634,1,90
-0.4063,-1.3521,0.0112,-53.415,50.732,-205.183,1,90
-0.3911,-1.3403,0.0103,-54.451,48.598,-205.488,1,90
-0.3818,-1.3320,0.0342,-55.122,46.463,-205.488,1,90
-0.3711,-1.3320,0.0371,-55.976,44.146,-206.220,1,90
-0.3647,-1.3271,0.0654,-57.195,41.646,-206.280,1,90
-0.3550,-1.3242,0.0635,-58.780,39.024,-206.463,1,90
-0.3501,-1.3154,0.0762,-60.183,36.280,-207.317,1,90
0.4414,0.3945,-0.3975,-8.598,31.951,-18.354,2,90
0.4399,0.4077,-0.4053,-9.756,33.780,-19.756,2,90
0.4409,0.4121,-0.3984,-10.915,35.244,-21.402,2,90
0.4404,0.4233,-0.4082,-12.622,37.012,-22.866,2,90
0.4346,0.4268,-0.4141,-13.598,38.598,-23.963,2,90
0.4312,0.4302,-0.4126,-14.817,40.366,-25.366,2,90
0.4292,0.4385,-0.4204,-15.671,41.890,-26.524,2,90
0.4209,0.4419,-0.4287,-16.402,43.293,-27.805,2,90
-0.3384,-1.2993,0.0942,-62.317,32.317,-207.988,1,90
-0.3379,-1.2939,0.0913,-63.049,30.976,-208.171,1,90
-0.3311,-1.2871,0.1094,-65.305,28.354,-208.720,1,90
-0.3198,-1.2676,0.1226,-68.049,24.817,-209.512,1,90
-0.3203,-1.2617,0.1313,-70.183,22.500,-209.634,1,90
-0.3184,-1.2515,0.1411,-72.500,20.488,-210.000,1,90
-0.3096,-1.2451,0.1660,-74.756,18.171,-210.671,1,90
-0.3086,-1.2412,0.1694,-76.524,16.159,-210.854,1,90
0.4146,0.4521,-0.4478,-16.890,44.756,-28.415,2,90
0.4028,0.4561,-0.4492,-17.622,45.915,-29.939,2,90
0.3979,0.4561,-0.4575,-17.805,47.134,-30.793,2,90
0.3857,0.4556,-0.4644,-18.049,48.659,-32.195,2,90
0.3794,0.4478,-0.4683,-18.354,49.634,-33.049,2,90
0.3735,0.4512,-0.4795,-18.780,51.037,-34.390,2,90
0.3662,0.4399,-0.4893,-18.476,52.683,-35.610,2,90
0.3579,0.4331,-0.4844,-18.659,54.085,-36.463,2,90
-0.3013,-1.2397,0.1689,-78.720,13.720,-211.159,1,90
-0.2959,-1.2358,0.1646,-80.427,11.098,-211.524,1,90
-0.2939,-1.2275,0.1616,-82.256,8.415,-211.707,1,90
-0.2935,-1.2188,0.1616,-83.110,5.671,-212.317,1,90
-0.2886,-1.2017,0.1606,-83.963,2.622,-212.866,1,90
-0.2764,-1.1948,0.1514,-84.573,0.183,-213.780,1,90
-0.2681,-1.1777,0.1396,-84.268,-2.805,-214.634,1,90
-0.2617,-1.1675,0.1304,-83.598,-5.183,-215.671,1,90
0.3638,0.4277,-0.4907,-18.415,55.427,-37.805,2,90
0.3530,0.4165,-0.4917,-18.476,57.195,-38.841,2,90
0.3447,0.4141,-0.4888,-18.232,58.720,-39.756,2,90
0.3438,0.4019,-0.4922,-18.171,60.244,-40.671,2,90
0.3433,0.3965,-0.4907,-18.415,61.768,-41.646,2,90
0.3340,0.3916,-0.4839,-18.293,63.293,-42.073,2,90
0.3398,0.3750,-0.4790,-18.110,64.451,-42.805,2,90
0.3418,0.3691,-0.4731,-18.049,66.037,-43.415,2,90
-0.2539,-1.1514,0.1104,-82.317,-7.256,-216.585,1,90
-0.2402,-1.1367,0.1035,-81.280,-9.695,-218.110,1,90
-0.2354,-1.1250,0.0918,-79.451,-11.524,-219.268,1,90
-0.2275,-1.1172,0.0859,-77.378,-13.598,-220.793,1,90
-0.2192,-1.0972,0.0811,-75.183,-15.122,-222.439,1,90
-0.2119,-1.0928,0.0747,-72.561,-16.829,-224.268,1,90
-0.2046,-1.0747,0.0737,-69.695,-18.537,-225.610,1,90
-0.1904,-1.0508,0.0737,-67.500,-20.488,-227.561,1,90
0.3374,0.3613,-0.4766,-17.805,67.378,-44.146,2,90
0.3472,0.3555,-0.4717,-17.805,68.841,-44.634,2,90
0.3535,0.3511,-0.4619,-17.866,70.061,-45.122,2,90
0.3516,0.3467,-0.4619,-17.927,71.220,-45.793,2,90
0.3550,0.3457,-0.4526,-18.171,72.317,-46.463,2,90
0.3550,0.3369,-0.4482,-18.110,72.988,-46.585,2,90
0.3540,0.3354,-0.4434,-17.439,74.268,-47.134,2,90
0.3550,0.3325,-0.4473,-17.500,75.000,-47.805,2,90
-0.8623,-0.2480,-0.3335,8.963,24.878,14.634,3,41
-0.8550,-0.2671,-0.3281,7.988,23.963,13.598,3,41
-0.8530,-0.2876,-0.3149,6.220,22.866,12.683,3,41
-0.8438,-0.2993,-0.3091,4.024,21.951,11.890,3,41
-0.8335,-0.3149,-0.3125,1.829,20.488,11.098,3,41
-0.8218,-0.3042,-0.3247,-0.732,18.780,10.610,3,41
-0.8101,-0.3013,-0.3325,-3.171,17.195,9.756,3,41
-0.8042,-0.2832,-0.3442,-5.854,15.366,8.720,3,41
-1.9214,0.8149,-0.5796,103.415,323.537,103.720,4,41
-1.9219,0.8394,-0.5264,101.646,327.622,107.134,4,41
-1.9380,0.8628,-0.4839,98.232,332.500,110.549,4,41
-1.9814,0.8813,-0.4443,93.171,339.268,113.476,4,41
-2.0645,0.9053,-0.4058,85.793,346.646,116.280,4,41
-2.1626,0.9028,-0.3809,76.951,354.634,118.537,4,41
-2.2681,0.8857,-0.3252,70.061,360.915,120.061,4,41
-2.3735,0.8579,-0.2520,65.854,366.280,120.732,4,41
-0.8008,-0.2612,-0.3535,-8.232,13.963,7.500,3,41
-0.8071,-0.2236,-0.3545,-10.000,12.378,6.463,3,41
-0.8057,-0.1938,-0.3394,-11.402,10.915,6.098,3,41
-0.8105,-0.1694,-0.3267,-12.256,9.756,5.610,3,41
-0.8120,-0.1479,-0.2944,-12.866,8.476,5.061,3,41
-0.8174,-0.1172,-0.2764,-13.659,7.317,4.634,3,41
-0.8213,-0.0806,-0.2559,-13.659,6.098,4.756,3,41
-0.8291,-0.0435,-0.2246,-13.232,5.122,4.329,3,41
-2.5142,0.7803,-0.1494,65.732,371.829,121.707,4,41
-2.5625,0.7500,-0.1094,67.317,372.866,121.951,4,41
-2.6406,0.6743,-0.0439,70.915,374.390,122.561,4,41
-2.6870,0.5981,-0.0044,76.037,374.390,123.293,4,41
-2.7163,0.5088,0.0220,82.622,373.415,125.305,4,41
-2.7314,0.4473,0.0269,89.268,371.951,127.317,4,41
-2.7358,0.3921,0.0161,101.524,369.695,131.159,4,41
-2.7368,0.3813,0.0024,105.671,369.268,132.500,4,41
-0.8320,0.0010,-0.2061,-12.378,4.085,4.512,3,41
-0.8364,0.0386,-0.1934,-11.585,3.415,3.902,3,41
-0.8325,0.0713,-0.1802,-9.695,2.988,4.085,3,41
-0.8364,0.0889,-0.1597,-8.476,2.317,4.085,3,41
-0.8496,0.1138,-0.1313,-7.256,1.463,4.146,3,41
-0.8535,0.1348,-0.1001,-7.195,0.610,4.695,3,41
-0.8677,0.1460,-0.0610,-6.646,-0.549,5.793,3,41
-0.8770,0.1538,-0.0527,-5.244,-0.671,6.707,3,41
-0.0581,-0.9380,-0.0205,-31.585,-71.829,-261.037,1,90
-0.0557,-0.9487,-0.0273,-31.829,-72.866,-262.378,1,90
-0.0679,-0.9453,-0.0181,-31.524,-74.024,-263.780,1,90
-0.0771,-0.9453,-0.0215,-31.159,-75.122,-265.183,1,90
-0.0864,-0.9429,-0.0298,-30.671,-76.463,-266.890,1,90
-0.0977,-0.9355,-0.0317,-29.878,-77.439,-268.110,1,90
-0.1035,-0.9263,-0.0371,-29.085,-78.902,-269.512,1,90
-0.1167,-0.9097,-0.0293,-27.622,-80.244,-271.463,1,90
0.5078,0.2031,-0.3320,-10.671,79.268,-72.988,2,90
0.5283,0.2012,-0.3169,-11.463,78.841,-74.024,2,90
0.5483,0.1929,-0.3091,-11.037,78.720,-75.122,2,90
0.5615,0.1899,-0.3076,-11.159,78.598,-76.402,2,90
0.5796,0.1787,-0.3022,-10.976,78.110,-77.805,2,90
0.5840,0.1899,-0.3018,-10.671,77.805,-79.451,2,90
0.5933,0.1875,-0.2988,-10.610,77.378,-80.976,2,90
0.6133,0.1943,-0.3076,-10.305,76.768,-82.622,2,90
-0.1279,-0.8950,-0.0386,-26.220,-81.341,-272.866,1,90
-0.1357,-0.8706,-0.0537,-25.244,-82.866,-274.390,1,90
-0.1392,-0.8550,-0.0630,-23.841,-84.085,-276.220,1,90
-0.1455,-0.8389,-0.0649,-22.744,-85.732,-277.866,1,90
-0.1475,-0.8184,-0.0776,-21.037,-86.646,-279.268,1,90
-0.1572,-0.8071,-0.0801,-19.634,-87.866,-280.305,1,90
-0.1572,-0.7939,-0.0825,-17.622,-88.963,-281.707,1,90
-0.1572,-0.7915,-0.0825,-16.341,-89.329,-282.805,1,90
0.6191,0.1914,-0.3057,-10.122,76.159,-84.207,2,90
0.6182,0.1895,-0.3096,-9.756,75.610,-86.280,2,90
0.6240,0.1968,-0.3164,-9.329,75.122,-87.744,2,90
0.6162,0.1924,-0.3286,-8.720,74.512,-89.146,2,90
0.6182,0.1948,-0.3315,-8.232,74.390,-90.915,2,90
0.6055,0.1895,-0.3398,-7.500,74.512,-92.317,2,90
0.6147,0.1973,-0.3467,-6.341,74.634,-93.720,2,90
0.6035,0.1982,-0.3452,-5.000,75.061,-95.122,2,90
-0.9585,-0.2803,-0.2666,48.110,10.244,22.134,3,41
-0.9526,-0.3027,-0.2720,48.476,11.098,22.988,3,41
-0.9507,-0.3369,-0.2837,48.354,11.037,24.268,3,41
-0.9585,-0.3721,-0.2729,47.744,11.341,25.183,3,41
-0.9556,-0.3945,-0.2646,47.012,12.195,26.220,3,41
-0.9424,-0.4160,-0.2612,46.280,12.439,26.768,3,41
-0.9180,-0.4229,-0.2646,45.793,12.988,27.439,3,41
-0.8931,-0.4111,-0.2671,44.756,13.537,28.110,3,41
-3.0674,0.0054,0.2417,121.585,382.561,132.622,4,41
-3.0156,-0.0342,0.2427,112.744,383.902,128.659,4,41
-3.0059,-0.0591,0.2446,103.171,385.793,125.244,4,41
-2.9971,-0.0845,0.2393,93.049,388.171,122.805,4,41
-2.9629,-0.0957,0.2368,81.098,392.195,120.915,4,41
-2.9800,-0.1445,0.2749,70.061,395.366,118.232,4,41
-2.9663,-0.1733,0.3115,60.976,395.915,116.220,4,41
-3.0107,-0.2109,0.3740,52.927,394.146,114.329,4,41
-0.8682,-0.3838,-0.2959,43.476,13.537,28.902,3,41
-0.8569,-0.3721,-0.3057,42.439,14.329,29.451,3,41
-0.8555,-0.3613,-0.3096,41.159,15.183,30.366,3,41
-0.8545,-0.3687,-0.3135,40.915,16.341,31.768,3,41
-0.8438,-0.3892,-0.3276,39.878,17.622,33.049,3,41
-0.8232,-0.4292,-0.3364,39.634,18.902,34.878,3,41
-0.8008,-0.4531,-0.3364,38.659,20.122,36.098,3,41
-0.7622,-0.4702,-0.3369,36.463,20.976,37.012,3,41
-0.7349,-0.4678,-0.3398,33.720,21.341,37.744,3,41
-0.7173,-0.4707,-0.3472,29.451,21.707,38.537,3,41
-0.7295,-0.4751,-0.3496,25.366,22.134,39.207,3,41
-0.7568,-0.4624,-0.3438,20.793,22.317,40.000,3,41
-0.7759,-0.4561,-0.3262,16.280,22.561,40.671,3,41
-0.8042,-0.4507,-0.3125,11.220,22.683,41.402,3,41
-0.8174,-0.4331,-0.2837,6.280,22.500,42.195,3,41
-0.8276,-0.4473,-0.2407,1.220,22.500,43.171,3,41
-2.4829,-0.4160,0.7285,29.573,345.549,78.415,4,41
-2.3340,-0.4106,0.7046,17.012,346.402,75.610,4,41
-2.2300,-0.4102,0.6782,5.122,345.549,71.890,4,41
-2.0918,-0.3491,0.6265,-5.488,346.951,68.537,4,41
-2.4053,-0.3389,0.6333,-16.951,338.841,64.146,4,41
-2.4751,-0.2515,0.5396,-27.744,326.768,60.610,4,41
-2.3281,-0.1665,0.5225,-42.927,322.256,60.061,4,41
-2.1323,-0.1064,0.5620,-58.415,318.476,61.220,4,41
-0.8296,-0.4570,-0.1968,-3.415,22.805,44.756,3,41
-0.8140,-0.4561,-0.1704,-7.195,22.622,46.829,3,41
-0.7983,-0.4351,-0.1621,-10.305,22.805,48.049,3,41
-0.7847,-0.4023,-0.1729,-12.805,23.354,48.841,3,41
-0.7754,-0.3589,-0.1694,-16.220,23.293,48.902,3,41
-0.7681,-0.3057,-0.1577,-20.061,22.744,48.963,3,41
-0.7681,-0.2695,-0.1162,-25.732,20.915,49.512,3,41
-0.7754,-0.2134,-0.0820,-31.220,18.476,51.585,3,41
-1.9482,-0.0386,0.5840,-74.207,312.439,63.659,4,41
-1.7544,0.0239,0.5635,-89.573,303.902,68.720,4,41
-1.7036,0.0972,0.5103,-102.805,294.817,76.402,4,41
-1.7681,0.1328,0.5024,-114.634,283.171,83.902,4,41
-1.7451,0.1865,0.5010,-125.793,272.256,88.232,4,41
-1.6616,0.2363,0.5508,-134.207,262.805,91.890,4,41
-1.6055,0.2915,0.6079,-138.293,253.171,97.500,4,41
-1.6250,0.3335,0.6655,-139.695,242.988,103.232,4,41
-0.7935,-0.1445,-0.0669,-35.122,18.049,53.780,3,41
-0.8193,-0.0981,-0.0908,-32.622,20.000,55.610,3,41
-0.8486,-0.0752,-0.1626,-24.695,24.878,57.561,3,41
-0.8877,-0.0942,-0.2285,-15.183,30.366,58.354,3,41
-0.9136,-0.1294,-0.2661,-6.463,34.573,59.634,3,41
-0.9561,-0.1968,-0.3115,0.183,38.354,60.732,3,41
-1.0000,-0.2676,-0.3115,2.866,40.793,61.280,3,41
-1.0337,-0.3208,-0.3057,3.354,41.402,62.195,3,41
-1.6475,0.3687,0.6948,-139.878,232.134,108.476,4,41
-1.6504,0.3979,0.7070,-137.561,221.768,112.134,4,41
-1.6211,0.4224,0.6943,-132.378,211.951,115.915,4,41
-1.6040,0.4302,0.6748,-124.146,202.927,119.207,4,41
-1.6167,0.4102,0.6938,-114.207,194.756,120.732,4,41
-1.6685,0.3589,0.7134,-105.183,187.439,120.061,4,41
-1.7227,0.2808,0.7427,-98.780,181.220,116.829,4,41
-1.3223,0.1934,0.6265,-99.085,174.085,110.427,4,41
-1.0474,-0.3726,-0.2998,0.549,40.549,62.561,3,41
-1.0493,-0.3853,-0.2900,-0.610,40.122,62.378,3,41
-1.0586,-0.3931,-0.2759,-1.951,38.841,62.683,3,41
-1.0435,-0.4072,-0.2549,-3.049,38.110,63.476,3,41
-1.0293,-0.3926,-0.2568,-2.744,37.500,63.902,3,41
-0.9761,-0.4253,-0.3096,-3.537,36.524,64.085,3,41
-0.9414,-0.3057,-0.2671,-2.561,37.561,63.841,3,41
-0.8340,-0.3433,-0.4341,-5.061,34.817,63.110,3,41
-0.2158,-0.7598,-0.9355,-6.890,-123.720,-301.402,1,90
-0.2153,-0.7568,-0.9521,-12.195,-123.293,-300.732,1,90
-0.2202,-0.7446,-0.9795,-17.561,-122.927,-299.451,1,90
-0.2227,-0.7407,-0.9912,-23.049,-122.378,-297.988,1,90
-0.2388,-0.7290,-1.0215,-28.476,-121.159,-296.341,1,90
-0.2432,-0.7227,-1.0469,-33.963,-119.878,-294.573,1,90
-0.2529,-0.7046,-1.0698,-39.878,-118.415,-292.805,1,90
-0.2617,-0.6924,-1.1230,-45.366,-116.890,-290.610,1,90
0.6567,0.8882,-0.4214,115.854,66.280,-57.988,2,90
0.6680,0.8965,-0.4370,117.866,65.061,-54.939,2,90
0.6777,0.8936,-0.4409,118.841,64.390,-53.110,2,90
0.6978,0.9019,-0.4297,121.829,62.378,-48.110,2,90
0.7002,0.9111,-0.4258,122.622,61.768,-46.463,2,90
0.7056,0.9150,-0.4175,123.354,60.305,-43.049,2,90
0.7275,0.9077,-0.3994,123.963,57.744,-37.744,2,90
0.7417,0.9048,-0.3901,124.207,55.793,-34.634,2,90
-0.6973,-0.1489,-0.6196,-22.317,32.378,60.366,3,41
-0.8159,-0.2153,-0.6196,-17.805,37.012,60.671,3,41
-0.9336,-0.1523,-0.4790,-12.744,43.963,63.659,3,41
-0.9238,-0.0449,-0.4790,-16.585,43.659,65.000,3,41
-0.8042,-0.0884,-0.5474,-25.305,36.585,64.817,3,41
-0.7114,-0.1543,-0.4321,-32.012,30.793,64.634,3,41
-0.6870,-0.0830,-0.3208,-42.256,24.756,65.488,3,41
-0.6743,0.0103,-0.3174,-53.659,16.951,63.902,3,41
-0.5156,-0.3735,-1.1738,-84.329,-94.878,-255.732,1,90
-0.5469,-0.3271,-1.1675,-86.585,-91.890,-250.854,1,90
-0.5625,-0.2808,-1.1460,-88.537,-89.329,-245.122,1,90
-0.5869,-0.2383,-1.1455,-90.183,-86.646,-239.878,1,90
-0.6147,-0.1792,-1.1431,-91.463,-83.415,-234.268,1,90
-0.6304,-0.1230,-1.1382,-92.683,-80.183,-227.805,1,90
-0.6494,-0.0703,-1.1396,-93.598,-76.463,-221.341,1,90
-0.6675,-0.0015,-1.1328,-93.720,-72.744,-214.390,1,90
1.0205,0.7920,-0.2935,111.585,36.280,-8.415,2,90
1.0732,0.7686,-0.2905,107.805,34.390,-6.646,2,90
1.1406,0.7534,-0.2900,103.902,32.317,-5.122,2,90
1.2012,0.7266,-0.2954,99.329,30.366,-3.598,2,90
1.2671,0.7075,-0.3145,95.000,28.780,-2.134,2,90
1.3330,0.6987,-0.3184,89.817,27.317,-0.915,2,90
1.3955,0.6802,-0.3364,84.756,25.732,0.000,2,90
1.4458,0.6685,-0.3564,79.634,24.756,1.098,2,90
-0.7183,0.2939,-0.4448,12.561,23.232,53.110,3,41
-0.7358,0.2231,-0.4370,19.939,23.476,51.890,3,41
-0.7393,0.1821,-0.4600,25.793,24.085,51.098,3,41
-0.7959,0.1187,-0.4810,32.561,25.427,51.341,3,41
-0.8369,0.0103,-0.4951,33.171,23.293,45.000,3,41
-0.8423,-0.0762,-0.5430,34.451,22.012,40.183,3,41
-0.9102,-0.1533,-0.5591,36.280,22.561,37.988,3,41
-0.9619,-0.2100,-0.5767,36.768,21.646,34.817,3,41
-0.9810,0.6699,-1.0444,-94.817,-35.366,-118.780,1,90
-1.0420,0.7627,-1.0264,-96.524,-31.463,-103.720,1,90
-1.1226,0.8408,-1.0117,-99.817,-26.829,-87.805,1,90
-1.1963,0.9043,-1.0205,-99.268,-21.402,-71.890,1,90
-1.2881,0.9697,-0.9995,-95.549,-13.598,-55.915,1,90
-1.3887,1.0415,-0.9712,-90.427,-5.244,-40.122,1,90
-1.4839,1.1338,-0.9146,-85.122,3.049,-24.512,1,90
-1.5889,1.2202,-0.8506,-79.817,11.098,-8.476,1,90
1.5698,0.7017,-0.6143,30.183,23.232,1.768,2,90
1.5669,0.7158,-0.6401,23.780,24.573,2.134,2,90
1.5747,0.7148,-0.6519,17.378,25.549,3.171,2,90
1.5942,0.7188,-0.6611,11.280,26.402,4.451,2,90
1.5981,0.7114,-0.6724,4.451,26.707,6.220,2,90
1.6128,0.6934,-0.6709,-1.585,26.463,8.598,2,90
1.6284,0.6592,-0.6763,-8.415,25.976,10.793,2,90
1.6489,0.6313,-0.6675,-15.122,24.695,13.171,2,90
-1.0669,-0.3374,-0.5903,-1.585,-2.805,-6.220,3,41
-1.0288,-0.2852,-0.5527,-6.585,-5.000,-11.768,3,41
-1.0171,-0.2104,-0.4780,-10.671,-6.890,-17.256,3,41
-1.0430,-0.0879,-0.4111,-15.183,-9.573,-21.402,3,41
-1.0669,0.0649,-0.3345,-17.378,-11.037,-25.488,3,41
-1.1187,0.2290,-0.2554,-18.476,-13.293,-28.659,3,41
-1.1421,0.3701,-0.1738,-16.159,-14.695,-31.707,3,41
-1.2007,0.5376,-0.0859,-12.378,-16.159,-34.268,3,41
-1.8198,-1.0884,1.0425,-23.659,76.646,-13.354,4,41
-2.1216,-1.3364,0.9946,-28.720,92.073,-12.805,4,41
-2.5054,-1.9482,0.7886,-35.366,112.012,-14.817,4,41
-2.7964,-2.5493,0.8511,-35.610,129.207,-19.085,4,41
-2.8350,-2.2920,1.2764,-38.476,137.378,-22.988,4,41
-2.7832,-1.4873,1.5938,-46.341,140.061,-22.134,4,41
-2.9224,-0.9209,1.6895,-50.854,146.098,-15.854,4,41
-3.2080,-0.7539,1.7046,-45.610,155.854,-7.866,4,41
-1.2925,0.7441,-0.0322,-4.634,-17.988,-37.683,3,41
-1.3184,0.7969,-0.0132,-1.341,-18.293,-38.659,3,41
-1.3569,0.8706,0.0142,5.427,-18.354,-41.220,3,41
-1.3511,0.9111,0.0635,12.744,-17.561,-44.268,3,41
-1.3354,0.9604,0.0991,19.024,-17.439,-46.159,3,41
-1.3154,0.9849,0.1401,24.878,-18.354,-46.646,3,41
-1.3066,0.9453,0.1572,31.341,-18.476,-48.049,3,41
-1.2651,0.8618,0.1489,37.500,-18.232,-49.878,3,41
-3.4741,-0.7544,1.8032,-34.878,165.854,1.646,4,41
-3.6436,-0.7300,1.9292,-28.232,172.622,9.390,4,41
-3.7100,-0.7832,1.9663,-28.780,177.622,15.427,4,41
-3.7207,-1.0059,1.9458,-32.439,182.073,20.854,4,41
-3.7427,-1.3096,1.9531,-37.561,186.829,22.622,4,41
-3.7959,-1.5825,2.0210,-43.659,191.524,19.634,4,41
-3.8696,-1.7559,2.1069,-51.646,197.439,13.110,4,41
-3.9429,-1.8105,2.2134,-58.780,203.780,7.012,4,41
-1.1753,0.6855,0.0737,44.695,-17.988,-52.927,3,41
-1.1455,0.5635,0.0078,47.073,-18.049,-55.183,3,41
-1.1260,0.4648,-0.0679,49.024,-17.256,-58.110,3,41
-1.1323,0.3760,-0.1436,50.061,-16.768,-60.732,3,41
-1.1543,0.2856,-0.2158,50.854,-16.280,-63.415,3,41
-1.1807,0.1758,-0.2578,50.793,-15.732,-65.427,3,41
-1.2104,0.0815,-0.2969,49.695,-15.427,-67.439,3,41
-1.2212,-0.0327,-0.3120,48.232,-14.939,-69.512,3,41
-2.0820,0.9907,-0.8789,55.610,-7.561,300.366,1,90
-2.0840,0.9272,-0.8794,58.354,-9.817,316.037,1,90
-2.1011,0.8623,-0.9072,60.671,-12.805,330.244,1,90
-2.1113,0.8022,-0.9194,62.866,-16.037,344.085,1,90
-2.1304,0.7510,-0.9556,65.549,-19.512,356.037,1,90
-2.1387,0.6895,-0.9834,67.744,-22.866,367.317,1,90
-2.1533,0.6348,-1.0181,70.366,-26.707,378.232,1,90
-2.1694,0.5830,-1.0352,73.780,-29.939,387.988,1,90
1.7603,0.5933,-0.6270,-135.305,-34.024,39.451,2,90
1.7153,0.6172,-0.6426,-132.439,-37.622,39.756,2,90
1.6714,0.6367,-0.6499,-128.232,-40.854,40.183,2,90
1.6245,0.6553,-0.6699,-123.049,-44.329,40.976,2,90
1.5669,0.6763,-0.6714,-117.378,-47.195,41.768,2,90
1.5273,0.6826,-0.6646,-110.854,-50.732,42.683,2,90
1.4756,0.6958,-0.6597,-104.573,-54.268,43.598,2,90
1.4331,0.6948,-0.6670,-97.927,-57.927,44.878,2,90
-0.9639,-0.5977,-0.4087,0.671,-15.061,-82.012,3,41
-0.9385,-0.5854,-0.3857,-7.195,-16.098,-82.012,3,41
-0.9463,-0.5518,-0.3521,-15.244,-16.951,-81.768,3,41
-0.9468,-0.5132,-0.3291,-22.988,-18.354,-81.463,3,41
-0.9453,-0.4521,-0.3164,-30.244,-19.573,-81.098,3,41
-0.9541,-0.4004,-0.3286,-35.244,-20.549,-81.098,3,41
-0.9648,-0.3657,-0.3203,-39.634,-20.976,-81.280,3,41
-0.9639,-0.3096,-0.3125,-43.049,-21.463,-81.524,3,41
-4.7563,-1.4922,-1.2930,79.756,236.463,18.537,4,41
-4.2002,-0.9077,-0.3481,100.305,245.244,5.000,4,41
-3.6943,-0.7700,-0.0083,101.280,245.854,1.768,4,41
-3.3779,-0.8608,0.6089,101.585,219.939,-6.829,4,41
-3.4092,-1.0547,0.6025,99.207,203.415,-9.390,4,41
-2.8364,-1.4956,1.0078,75.732,181.524,-20.610,4,41
-3.3989,-1.6758,1.3145,58.720,146.524,-32.866,4,41
-4.3838,-1.9370,0.7007,66.402,85.488,-48.659,4,41
-0.9668,-0.2559,-0.2974,-46.220,-22.012,-81.951,3,41
-0.9658,-0.2070,-0.2983,-48.963,-22.927,-82.317,3,41
-0.9790,-0.1606,-0.2905,-52.195,-24.024,-82.622,3,41
-0.9819,-0.1265,-0.2739,-55.610,-25.549,-82.378,3,41
-0.9727,-0.0806,-0.2739,-58.537,-27.439,-82.500,3,41
-0.9624,-0.0508,-0.2944,-60.732,-29.207,-82.805,3,41
-0.9644,-0.0352,-0.3140,-60.854,-30.000,-83.354,3,41
-0.9629,-0.0068,-0.3193,-60.122,-30.244,-83.232,3,41
-2.1938,-0.0059,-0.5020,100.366,7.683,495.305,1,90
-2.1699,-0.1133,-0.5347,95.793,7.622,495.244,1,90
-2.1528,-0.2310,-0.5454,95.549,9.390,494.512,1,90
-2.1328,-0.3262,-0.5410,97.927,11.951,493.659,1,90
-2.1274,-0.4302,-0.5142,101.159,16.707,491.768,1,90
-2.1333,-0.5386,-0.4678,104.268,22.866,490.244,1,90
-2.1436,-0.6504,-0.4229,105.976,29.024,488.415,1,90
-2.1465,-0.7739,-0.3794,107.439,34.146,487.134,1,90
-2.1758,-0.9102,-0.3638,107.195,38.415,485.854,1,90
-2.2080,-1.0527,-0.3516,106.220,41.341,484.512,1,90
-2.2476,-1.2085,-0.3452,103.963,43.476,483.049,1,90
-2.2837,-1.3740,-0.3584,101.585,44.146,481.524,1,90
-2.3291,-1.5347,-0.3716,99.085,45.366,479.573,1,90
-2.3774,-1.6812,-0.3887,96.402,47.683,476.524,1,90
-2.4272,-1.8213,-0.4229,92.988,50.976,473.232,1,90
-2.4600,-1.9443,-0.4517,88.963,55.305,468.902,1,90
-1.4731,-0.5640,2.0952,-113.232,-64.329,-208.110,4,41
-1.3823,-0.5820,2.1411,-117.927,-74.512,-213.963,4,41
-1.4023,-0.5850,2.1841,-129.207,-86.220,-216.037,4,41
-1.4736,-0.5664,2.1724,-139.878,-101.951,-215.427,4,41
-1.5557,-0.5449,2.1221,-144.878,-120.366,-212.927,4,41
-1.6265,-0.5327,2.0586,-141.463,-138.963,-209.695,4,41
-1.7749,-0.5337,1.9951,-129.024,-157.317,-206.829,4,41
-1.9458,-0.5308,1.9316,-109.390,-175.549,-202.012,4,41
-2.4692,-2.0322,-0.4839,84.573,61.341,463.902,1,90
-2.4531,-2.1006,-0.5034,79.390,67.866,458.598,1,90
-2.4321,-2.1270,-0.5054,73.171,74.939,454.085,1,90
-2.3740,-2.1265,-0.5137,65.549,81.829,449.573,1,90
-2.3018,-2.1118,-0.5293,56.890,87.561,446.280,1,90
-2.2085,-2.1025,-0.5444,47.134,91.707,444.573,1,90
-2.0723,-2.1094,-0.5947,31.951,92.622,444.085,1,90
-1.9897,-2.1226,-0.5981,23.171,90.915,445.000,1,90
0.8477,-0.0796,-0.0811,-8.415,-99.939,126.098,2,90
0.8218,-0.0840,-0.0723,-11.951,-98.354,126.037,2,90
0.7930,-0.0884,-0.0630,-16.220,-96.890,125.793,2,90
0.7749,-0.0942,-0.0645,-20.183,-94.878,125.732,2,90
0.7505,-0.0933,-0.0601,-24.207,-92.866,125.610,2,90
0.7246,-0.0923,-0.0605,-27.256,-90.244,125.183,2,90
0.7056,-0.0957,-0.0820,-30.366,-87.561,125.244,2,90
0.6938,-0.0894,-0.0806,-32.195,-84.939,124.878,2,90
-0.8999,-0.3418,-0.3633,-55.549,-76.402,-70.000,3,41
-0.9092,-0.3550,-0.3569,-55.610,-76.463,-69.634,3,41
-0.9204,-0.3691,-0.3306,-55.854,-76.890,-69.146,3,41
-0.9121,-0.3887,-0.3047,-56.951,-77.622,-68.537,3,41
-0.9014,-0.4004,-0.3047,-57.927,-78.476,-68.598,3,41
-0.8833,-0.4282,-0.3105,-59.512,-79.329,-67.439,3,41
-0.8760,-0.4258,-0.2847,-60.793,-80.000,-66.829,3,41
-0.8784,-0.4150,-0.2822,-62.439,-80.793,-65.854,3,41
-1.9092,-2.1226,-0.4214,51.951,69.512,434.085,1,90
-1.9214,-2.1362,-0.4043,65.732,72.866,425.427,1,90
-1.9150,-2.1548,-0.3716,79.207,78.537,415.915,1,90
-1.9043,-2.1821,-0.3540,92.134,84.085,405.793,1,90
-1.8677,-2.2114,-0.3481,103.902,89.512,395.061,1,90
-1.8242,-2.2480,-0.3350,113.354,94.268,385.122,1,90
-1.7676,-2.2974,-0.3252,121.585,98.049,375.793,1,90
-1.7021,-2.3501,-0.3315,127.866,101.463,366.829,1,90
0.5923,0.0635,-0.1484,-33.659,-59.329,119.817,2,90
0.5850,0.0723,-0.1621,-31.829,-57.500,119.329,2,90
0.5913,0.0957,-0.1733,-29.756,-55.305,118.720,2,90
0.5811,0.1133,-0.1826,-27.439,-53.293,118.293,2,90
0.5757,0.1338,-0.1860,-25.183,-51.341,117.744,2,90
0.5752,0.1372,-0.1865,-23.171,-49.329,117.622,2,90
0.5732,0.1533,-0.2031,-21.341,-47.134,116.890,2,90
0.5605,0.1606,-0.2017,-19.085,-45.244,116.463,2,90
-1.6387,-2.4058,-0.3330,132.988,104.634,358.902,1,90
-1.5659,-2.4648,-0.3291,137.683,106.951,351.890,1,90
-1.5034,-2.5244,-0.3340,140.793,109.329,345.122,1,90
-1.4351,-2.5767,-0.3281,143.476,111.463,339.085,1,90
-1.3657,-2.6172,-0.3335,145.305,113.720,333.841,1,90
-1.3105,-2.6631,-0.3320,146.890,115.671,328.659,1,90
-1.2612,-2.6958,-0.3374,147.927,117.561,324.024,1,90
-1.1973,-2.7285,-0.3413,148.598,119.207,319.817,1,90
-1.1475,-2.7402,-0.3408,149.268,121.280,315.366,1,90
-1.1001,-2.7583,-0.3301,149.268,123.049,311.220,1,90
-1.0474,-2.7700,-0.3301,149.573,125.732,306.341,1,90
-0.9995,-2.7681,-0.3247,148.780,128.049,300.915,1,90
-0.9155,-2.7461,-0.3120,147.805,131.037,293.171,1,90
-0.8633,-2.7349,-0.3179,147.073,132.500,287.378,1,90
-0.8047,-2.7104,-0.2983,145.671,133.720,281.646,1,90
-0.7280,-2.6919,-0.2837,143.537,134.878,275.366,1,90
0.5205,0.1274,-0.2773,3.110,-36.037,106.646,2,90
0.5088,0.1245,-0.2856,5.366,-35.549,105.122,2,90
0.4937,0.1270,-0.2944,7.622,-35.305,103.354,2,90
0.4907,0.1182,-0.2979,8.902,-34.573,101.524,2,90
0.4785,0.1196,-0.2954,9.878,-34.329,99.756,2,90
0.4673,0.1226,-0.2949,10.061,-33.780,98.171,2,90
0.4536,0.1235,-0.2988,10.549,-33.415,96.220,2,90
0.4512,0.1167,-0.3081,10.488,-32.988,94.817,2,90
-0.6606,-2.6563,-0.2534,140.976,135.488,268.598,1,90
-0.5923,-2.6152,-0.2319,137.622,135.549,262.378,1,90
-0.5093,-2.5869,-0.2192,134.146,135.000,255.488,1,90
-0.4272,-2.5620,-0.1997,129.573,133.780,248.415,1,90
-0.3579,-2.5288,-0.1816,125.305,131.829,242.012,1,90
-0.2822,-2.5083,-0.1670,120.488,129.878,235.488,1,90
-0.2036,-2.4873,-0.1709,115.793,126.402,229.207,1,90
-0.1294,-2.4741,-0.1787,111.159,122.500,223.537,1,90
0.4458,0.1201,-0.3184,10.305,-32.500,93.476,2,90
0.4395,0.1338,-0.3320,10.671,-31.890,92.256,2,90
0.4326,0.1328,-0.3271,10.610,-31.159,91.159,2,90
0.4150,0.1489,-0.3350,9.878,-30.610,90.000,2,90
0.4067,0.1602,-0.3442,9.085,-29.817,89.390,2,90
0.3965,0.1743,-0.3530,7.866,-28.902,88.232,2,90
0.3862,0.1792,-0.3521,6.585,-27.378,87.561,2,90
0.3789,0.1943,-0.3628,5.854,-26.707,86.890,2,90
-0.0649,-2.4497,-0.2002,106.280,118.902,218.110,1,90
-0.0059,-2.4434,-0.2271,101.768,114.451,213.293,1,90
0.0552,-2.4355,-0.2617,97.317,109.512,208.537,1,90
0.0933,-2.4287,-0.2837,93.780,105.305,204.085,1,90
0.1250,-2.4268,-0.3135,90.610,101.524,200.061,1,90
0.1382,-2.4287,-0.3501,87.866,98.293,195.793,1,90
0.1543,-2.4375,-0.3730,85.976,95.366,191.402,1,90
0.1631,-2.4380,-0.4009,84.146,92.805,186.890,1,90
0.3682,0.2007,-0.3564,4.451,-25.488,85.854,2,90
0.3594,0.2192,-0.3623,3.049,-24.329,85.610,2,90
0.3516,0.2339,-0.3579,1.890,-23.476,85.000,2,90
0.3452,0.2495,-0.3604,0.549,-22.195,84.817,2,90
0.3345,0.2642,-0.3652,-0.671,-21.524,83.780,2,90
0.3345,0.2734,-0.3652,-1.646,-20.671,83.659,2,90
0.3262,0.2866,-0.3687,-2.805,-20.183,83.049,2,90
0.3247,0.2998,-0.3789,-3.902,-19.390,82.927,2,90
-0.9458,-0.4233,-0.1685,-54.451,-53.963,-24.329,3,41
-0.9404,-0.3857,-0.1851,-56.159,-53.415,-22.317,3,41
-0.8730,-0.3643,-0.1577,-55.610,-52.683,-22.500,3,41
-0.8379,-0.3438,-0.1401,-56.890,-53.841,-23.598,3,41
-0.8525,-0.3535,-0.0967,-60.183,-54.817,-23.720,3,41
-0.8872,-0.3638,-0.1050,-61.159,-53.537,-22.622,3,41
-0.8857,-0.3657,-0.1396,-59.695,-52.439,-21.341,3,41
-0.8975,-0.3428,-0.1245,-58.841,-52.134,-20.427,3,41
-4.6938,1.0293,0.4829,-44.512,-659.085,-293.841,4,41
-4.7246,1.1353,0.4155,-55.549,-664.817,-292.927,4,41
-4.7476,1.2417,0.3374,-68.171,-670.244,-293.049,4,41
-4.7402,1.3506,0.2241,-82.073,-675.549,-293.537,4,41
-4.7402,1.4644,0.1084,-96.829,-682.134,-293.354,4,41
-4.7407,1.5786,-0.0381,-111.402,-690.183,-292.256,4,41
-4.7563,1.6865,-0.1899,-123.902,-699.695,-290.183,4,41
-4.7822,1.7935,-0.3042,-133.110,-711.402,-285.732,4,41
-0.9346,-0.3315,-0.0933,-61.098,-52.378,-18.476,3,41
-0.9360,-0.3462,-0.0771,-62.195,-52.561,-18.049,3,41
-0.9463,-0.3521,-0.0645,-63.476,-52.500,-16.951,3,41
-0.9409,-0.3677,-0.0674,-63.415,-51.829,-16.159,3,41
-0.9370,-0.3730,-0.0962,-62.134,-50.488,-15.427,3,41
-0.9390,-0.3760,-0.1196,-60.183,-49.512,-14.512,3,41
-0.9331,-0.3608,-0.1343,-58.110,-47.927,-14.146,3,41
-0.9380,-0.3525,-0.1270,-55.610,-46.524,-12.988,3,41
-4.8203,1.9072,-0.4351,-140.183,-725.549,-279.512,4,41
-4.9473,2.1147,-0.5791,-147.744,-741.098,-270.061,4,41
-8.5913,2.7979,-1.6680,-220.061,-735.488,-193.415,4,41
-16.0000,-5.8735,-2.2300,19.268,-706.402,-560.000,4,41
-16.0000,-3.7485,-3.5913,204.634,-724.329,-713.415,4,41
-15.8208,-8.2979,-5.7554,231.341,-365.122,-748.720,4,41
0.8887,-4.0981,-8.7681,-561.646,138.232,-703.720,4,41
7.0391,-0.0806,-16.0000,-848.476,427.317,-491.707,4,41
-0.9482,-0.3423,-0.1079,-52.500,-43.963,-10.732,3,41
-0.9634,-0.3184,-0.0908,-49.817,-41.768,-8.841,3,41
-0.9473,-0.3276,-0.0732,-47.012,-40.305,-7.256,3,41
-0.9229,-0.3286,-0.0864,-43.659,-38.537,-5.976,3,41
-0.9365,-0.3647,-0.1265,-39.878,-36.037,-4.024,3,41
-0.9370,-0.4028,-0.1558,-34.451,-33.659,-1.890,3,41
-0.9351,-0.4321,-0.1748,-29.817,-31.463,-0.183,3,41
-0.9507,-0.4609,-0.2192,-24.207,-27.927,1.402,3,41
5.8047,10.0088,-16.0000,-667.744,320.488,-261.098,4,41
5.6729,12.9136,-15.0854,-777.805,-36.585,-121.098,4,41
-1.8789,14.7280,-11.1729,-822.561,-467.805,-104.573,4,41
-5.4507,13.8794,-11.9614,-586.220,-566.646,22.927,4,41
-2.1777,13.1064,-9.9868,-302.927,-281.646,-64.085,4,41
0.0386,14.0684,-9.2505,-92.744,-84.512,-117.439,4,41
0.5464,13.2788,-8.8159,142.378,48.598,-117.195,4,41
0.9253,10.6704,-8.3613,278.415,104.207,-113.415,4,41
-0.9702,-0.5317,-0.2617,-18.659,-23.415,2.866,3,41
-0.9805,-0.5527,-0.2295,-13.720,-20.976,4.146,3,41
-0.9819,-0.5605,-0.1729,-11.463,-19.756,5.915,3,41
-0.9663,-0.5571,-0.1250,-8.841,-18.110,7.500,3,41
-0.9619,-0.5332,-0.1616,-4.878,-16.037,8.720,3,41
-0.9438,-0.4995,-0.2041,-3.232,-15.732,9.329,3,41
-0.9463,-0.4604,-0.2144,-2.012,-15.427,9.085,3,41
-0.9775,-0.4238,-0.2324,-0.671,-14.512,8.963,3,41
1.3203,7.1313,-7.1284,325.793,92.622,-102.683,4,41
2.0444,4.6279,-5.3325,268.598,51.646,-67.378,4,41
1.6064,3.4692,-3.8320,174.756,-16.585,-13.841,4,41
1.1563,2.6860,-2.6504,114.512,-105.061,36.037,4,41
0.7822,2.5830,-1.7007,46.646,-195.427,85.610,4,41
0.7046,2.5889,-1.2236,-19.451,-269.451,127.927,4,41
0.8672,2.4873,-1.1943,-77.012,-325.122,150.427,4,41
1.3271,1.7832,-1.2949,-144.390,-365.305,151.829,4,41
-1.0068,-0.3799,-0.2183,0.793,-13.110,8.780,3,41
-1.0103,-0.2993,-0.1753,1.646,-12.561,8.476,3,41
-1.0034,-0.2285,-0.1416,2.744,-12.317,8.171,3,41
-1.0015,-0.1753,-0.1211,2.927,-12.195,7.683,3,41
-1.0005,-0.1440,-0.1113,2.988,-12.134,6.707,3,41
-1.0234,-0.1216,-0.0815,3.780,-11.646,5.671,3,41
-1.0396,-0.1187,-0.0493,5.488,-10.549,4.756,3,41
-1.0566,-0.1289,-0.0464,8.171,-9.268,3.598,3,41
1.7739,1.2236,-1.5537,-177.622,-372.134,141.829,4,41
1.9644,0.6558,-1.7910,-130.427,-330.976,141.280,4,41
1.6045,0.3755,-2.3853,-44.390,-241.707,141.524,4,41
0.9390,0.1880,-2.5684,61.341,-143.841,137.378,4,41
0.4072,0.2798,-2.7793,146.341,-59.695,120.610,4,41
0.1128,0.3047,-2.9346,215.610,8.720,83.720,4,41
0.1074,0.3584,-2.8193,265.183,45.000,28.598,4,41
0.1665,0.3208,-2.5859,306.220,57.195,-26.829,4,41
-1.0601,-0.1577,-0.0361,11.037,-7.378,1.768,3,41
-1.0576,-0.1875,-0.0405,13.293,-7.134,-2.073,3,41
-0.9751,-0.2002,-0.0864,15.793,-5.305,-2.561,3,41
-0.9668,-0.2070,-0.0771,17.683,-4.085,-0.976,3,41
-0.9531,-0.2241,-0.0679,16.341,-4.756,-2.073,3,41
-0.9331,-0.2153,-0.0688,15.183,-5.976,-3.963,3,41
-0.9307,-0.2061,-0.0537,13.415,-6.768,-5.000,3,41
-0.9385,-0.1846,-0.0288,11.524,-7.927,-5.793,3,41
0.2388,0.2583,-2.3477,329.695,51.707,-65.732,4,41
0.2178,0.2788,-2.1929,341.402,38.049,-86.524,4,41
0.1421,0.3506,-2.0952,349.268,25.854,-92.134,4,41
0.0771,0.4395,-2.0391,350.488,19.146,-85.976,4,41
0.0454,0.4512,-2.0073,346.037,20.915,-72.439,4,41
0.0923,0.3804,-1.9878,342.012,28.537,-56.829,4,41
0.2100,0.3442,-1.9688,336.646,37.378,-40.000,4,41
0.3384,0.3403,-1.9736,330.915,42.683,-22.195,4,41
-0.9424,-0.1675,0.0015,10.061,-8.598,-6.402,3,41
-0.9473,-0.1475,0.0386,8.354,-9.512,-6.890,3,41
-0.9673,-0.1309,0.0840,5.976,-10.610,-7.439,3,41
-0.9873,-0.1226,0.1021,3.537,-11.890,-8.598,3,41
-0.9995,-0.1289,0.1060,0.915,-12.744,-9.573,3,41
-1.0146,-0.1284,0.1064,-2.012,-13.659,-10.915,3,41
-1.0283,-0.1440,0.0967,-4.573,-14.512,-12.500,3,41
-1.0278,-0.1572,0.0591,-6.280,-14.634,-14.268,3,41
0.6465,-2.0845,-0.1416,-17.012,42.134,-53.293,1,90
0.6367,-2.0791,-0.1548,-15.854,41.098,-56.890,1,90
0.6348,-2.0728,-0.1519,-14.695,40.488,-60.854,1,90
0.6323,-2.0640,-0.1445,-12.866,39.451,-64.695,1,90
0.6299,-2.0474,-0.1392,-10.854,38.598,-68.354,1,90
0.6304,-2.0356,-0.1504,-9.207,37.561,-72.378,1,90
0.6270,-2.0215,-0.1523,-6.951,36.524,-75.854,1,90
0.6279,-2.0024,-0.1553,-4.512,35.610,-79.573,1,90
0.4629,0.2944,-0.4277,-85.183,21.402,5.976,2,90
0.4741,0.3008,-0.4375,-85.549,21.220,4.268,2,90
0.4731,0.3208,-0.4468,-85.915,20.366,2.378,2,90
0.4858,0.3359,-0.4487,-85.305,19.634,0.244,2,90
0.4844,0.3501,-0.4546,-83.963,18.902,-2.195,2,90
0.4922,0.3643,-0.4580,-82.012,18.049,-4.268,2,90
0.4893,0.3877,-0.4624,-78.841,17.317,-6.829,2,90
0.4902,0.4048,-0.4751,-75.610,16.402,-8.963,2,90
0.6270,-1.9854,-0.1514,-2.195,34.390,-83.049,1,90
0.6338,-1.9663,-0.1543,-0.427,33.110,-87.073,1,90
0.6362,-1.9502,-0.1694,1.951,31.768,-90.610,1,90
0.6367,-1.9385,-0.1597,4.268,29.573,-94.634,1,90
0.6406,-1.9233,-0.1567,6.707,28.720,-98.476,1,90
0.6396,-1.9053,-0.1523,9.024,27.012,-102.195,1,90
0.6489,-1.8901,-0.1523,11.402,25.549,-106.463,1,90
0.6450,-1.8774,-0.1357,13.415,23.780,-110.183,1,90
0.4932,0.4180,-0.4746,-71.402,15.183,-11.341,2,90
0.4937,0.4346,-0.4902,-67.012,14.207,-14.024,2,90
0.4927,0.4487,-0.4966,-62.134,13.354,-16.585,2,90
0.4800,0.4590,-0.5000,-57.134,12.378,-18.902,2,90
0.4756,0.4722,-0.5112,-51.829,11.220,-21.341,2,90
0.4683,0.4727,-0.5103,-46.463,10.122,-24.146,2,90
0.4600,0.4839,-0.5122,-40.549,9.268,-26.220,2,90
0.4561,0.4814,-0.5210,-35.305,7.927,-29.024,2,90
0.6455,-1.8579,-0.1270,15.549,22.439,-114.268,1,90
0.6484,-1.8486,-0.1133,16.890,20.915,-118.171,1,90
0.6543,-1.8315,-0.1030,19.085,18.110,-124.146,1,90
0.6548,-1.8374,-0.0928,20.183,15.732,-127.744,1,90
0.6538,-1.8311,-0.0786,20.976,13.415,-131.585,1,90
0.6519,-1.8252,-0.0615,21.585,10.549,-134.634,1,90
0.6431,-1.8232,-0.0527,21.829,8.293,-138.841,1,90
0.6396,-1.8252,-0.0405,21.768,5.610,-142.317,1,90
0.4341,0.4795,-0.5166,-29.390,7.500,-30.976,2,90
0.4199,0.4824,-0.5083,-24.268,6.220,-33.354,2,90
0.4106,0.4771,-0.5078,-19.146,5.671,-35.671,2,90
0.4038,0.4751,-0.4980,-14.817,4.695,-38.171,2,90
0.3999,0.4585,-0.4917,-10.732,3.780,-40.061,2,90
0.3901,0.4502,-0.4741,-7.744,2.866,-41.829,2,90
0.3901,0.4355,-0.4644,-5.183,2.134,-43.720,2,90
0.3906,0.4155,-0.4551,-2.683,1.280,-45.427,2,90
0.6357,-1.8179,-0.0249,21.402,2.622,-145.854,1,90
0.6289,-1.8203,-0.0239,21.463,0.000,-149.634,1,90
0.6250,-1.8169,-0.0166,21.341,-3.232,-153.049,1,90
0.6094,-1.8130,-0.0098,20.915,-6.646,-156.829,1,90
0.6050,-1.8008,0.0049,20.610,-10.122,-160.183,1,90
0.5908,-1.7915,0.0215,19.878,-13.476,-163.659,1,90
0.5659,-1.7813,0.0264,18.720,-16.890,-167.195,1,90
0.5503,-1.7744,0.0278,17.805,-20.061,-170.244,1,90
0.3916,0.3999,-0.4365,-0.732,0.488,-46.707,2,90
0.3911,0.3745,-0.4233,0.549,-0.061,-47.988,2,90
0.3892,0.3467,-0.4053,1.341,-0.976,-49.268,2,90
0.4058,0.3213,-0.4023,2.439,-2.012,-49.878,2,90
0.4053,0.2896,-0.3882,2.866,-2.866,-51.220,2,90
0.4160,0.2622,-0.3687,3.354,-3.780,-52.378,2,90
0.4229,0.2402,-0.3564,2.683,-4.939,-53.537,2,90
0.4331,0.2090,-0.3457,2.744,-6.829,-54.573,2,90
0.5293,-1.7666,0.0420,17.195,-23.171,-173.293,1,90
0.5186,-1.7520,0.0439,16.524,-26.585,-176.463,1,90
0.5005,-1.7402,0.0571,15.854,-29.451,-179.390,1,90
0.4844,-1.7397,0.0659,14.878,-31.890,-182.073,1,90
0.4707,-1.7368,0.0820,14.085,-35.061,-184.939,1,90
0.4448,-1.7310,0.0869,13.537,-37.927,-187.744,1,90
0.4341,-1.7310,0.0928,12.683,-41.037,-190.244,1,90
0.4116,-1.7207,0.0869,12.073,-44.207,-192.744,1,90
0.4404,0.1865,-0.3442,2.561,-7.744,-55.549,2,90
0.4443,0.1606,-0.3521,3.110,-9.085,-57.012,2,90
0.4609,0.1440,-0.3564,3.720,-10.122,-57.866,2,90
0.4565,0.1206,-0.3608,4.085,-11.646,-58.780,2,90
0.4590,0.1152,-0.3599,4.146,-12.256,-60.427,2,90
0.4688,0.0991,-0.3652,4.024,-12.805,-61.707,2,90
0.4702,0.0933,-0.3687,4.024,-13.415,-62.866,2,90
0.4722,0.0889,-0.3652,3.659,-13.232,-64.207,2,90
0.3965,-1.7197,0.0903,11.524,-47.195,-195.305,1,90
0.3818,-1.7119,0.1006,10.488,-50.488,-197.622,1,90
0.3545,-1.7036,0.1045,9.756,-53.780,-200.305,1,90
0.3296,-1.7036,0.1064,9.207,-57.012,-202.439,1,90
0.3101,-1.6943,0.1084,8.476,-60.549,-204.817,1,90
0.2939,-1.6978,0.1133,7.622,-63.963,-207.073,1,90
0.2710,-1.6904,0.1147,6.646,-67.134,-209.390,1,90
0.2524,-1.6890,0.1177,6.159,-70.366,-211.707,1,90
0.4697,0.0879,-0.3657,2.927,-13.110,-65.427,2,90
0.4702,0.0913,-0.3604,2.195,-12.561,-66.585,2,90
0.4697,0.0957,-0.3574,1.707,-12.256,-67.805,2,90
0.4727,0.0977,-0.3613,1.220,-11.707,-68.902,2,90
0.4771,0.1084,-0.3667,1.280,-11.037,-69.939,2,90
0.4844,0.1201,-0.3760,1.768,-9.695,-71.037,2,90
0.4868,0.1348,-0.3770,2.378,-8.780,-71.707,2,90
0.4888,0.1509,-0.3760,3.232,-7.439,-72.561,2,90
0.2134,-1.6948,0.1240,4.878,-75.244,-215.183,1,90
0.2041,-1.7002,0.1250,4.451,-76.768,-216.159,1,90
0.1792,-1.6968,0.1313,3.902,-81.707,-219.207,1,90
0.1563,-1.7002,0.1436,2.866,-85.366,-221.646,1,90
0.1309,-1.7036,0.1450,2.195,-88.476,-223.963,1,90
0.1152,-1.6968,0.1602,1.159,-92.378,-226.220,1,90
0.0786,-1.7036,0.1567,-0.183,-95.488,-228.415,1,90
0.0664,-1.6978,0.1533,-1.159,-99.024,-231.341,1,90
0.4917,0.1772,-0.3853,3.598,-6.037,-73.476,2,90
0.4937,0.1885,-0.3896,4.512,-4.634,-74.146,2,90
0.5015,0.2070,-0.3809,5.366,-3.110,-74.634,2,90
0.5024,0.2158,-0.3828,6.280,-2.256,-75.244,2,90
0.5151,0.2349,-0.3750,7.561,-1.037,-76.159,2,90
0.5122,0.2378,-0.3564,8.598,0.366,-76.402,2,90
0.5137,0.2456,-0.3525,10.000,1.463,-76.951,2,90
0.5337,0.2544,-0.3472,11.220,2.683,-77.622,2,90
0.0439,-1.7002,0.1587,-1.707,-102.256,-233.659,1,90
0.0195,-1.6973,0.1587,-2.744,-106.037,-235.976,1,90
0.0000,-1.6914,0.1499,-3.110,-109.207,-238.598,1,90
-0.0239,-1.6860,0.1533,-4.024,-112.561,-240.915,1,90
-0.0542,-1.6865,0.1431,-4.329,-115.793,-243.415,1,90
-0.0679,-1.6846,0.1406,-4.878,-118.841,-245.854,1,90
-0.0898,-1.6880,0.1318,-5.427,-122.317,-248.476,1,90
-0.0991,-1.6826,0.1216,-5.366,-124.634,-251.037,1,90
0.5557,0.2559,-0.3359,12.134,3.841,-77.988,2,90
0.5601,0.2480,-0.3223,12.988,5.061,-78.110,2,90
0.5747,0.2490,-0.3120,13.598,6.098,-78.476,2,90
0.5933,0.2412,-0.3057,14.634,7.500,-78.537,2,90
0.5952,0.2275,-0.2905,15.610,8.841,-78.110,2,90
0.6211,0.2363,-0.2778,16.463,10.061,-78.720,2,90
0.6367,0.2212,-0.2578,17.073,11.646,-78.902,2,90
0.6489,0.2139,-0.2607,17.195,12.805,-79.390,2,90
-0.1279,-1.6831,0.1079,-5.976,-127.378,-253.902,1,90
-0.1401,-1.6875,0.1060,-6.098,-129.878,-256.402,1,90
-0.1743,-1.6821,0.0923,-5.427,-132.317,-259.268,1,90
-0.1885,-1.6855,0.0923,-4.695,-134.451,-261.707,1,90
-0.2134,-1.6802,0.0923,-4.695,-136.768,-264.207,1,90
-0.2314,-1.6812,0.0845,-3.780,-138.415,-266.890,1,90
-0.2520,-1.6812,0.0859,-3.415,-140.671,-269.207,1,90
-0.2739,-1.6851,0.0791,-2.805,-142.073,-271.463,1,90
0.6597,0.2031,-0.2397,17.134,14.085,-79.756,2,90
0.6719,0.1870,-0.2261,16.524,14.817,-80.366,2,90
0.6763,0.1768,-0.2144,16.098,15.427,-81.159,2,90
0.6870,0.1548,-0.2046,15.610,16.524,-81.890,2,90
0.6982,0.1450,-0.1909,15.366,16.951,-82.988,2,90
0.6958,0.1274,-0.1880,14.573,17.500,-83.720,2,90
0.6934,0.1152,-0.1914,14.146,17.927,-84.939,2,90
0.7017,0.1040,-0.1851,13.963,18.476,-86.159,2,90
-0.9619,-0.4443,-0.0444,52.622,43.598,17.073,3,41
-0.9561,-0.4644,-0.0537,52.073,44.207,17.439,3,41
-0.9419,-0.4873,-0.0635,51.280,44.512,17.561,3,41
-0.9277,-0.4995,-0.0596,51.037,45.183,18.049,3,41
-0.9063,-0.4971,-0.0610,50.732,45.732,18.841,3,41
-0.8945,-0.4849,-0.0605,50.671,45.976,19.939,3,41
-0.8862,-0.4614,-0.0591,50.427,46.037,21.037,3,41
-0.8882,-0.4478,-0.0874,50.366,46.037,22.622,3,41
-3.1563,0.6089,-0.0054,224.939,412.622,168.415,4,41
-3.1523,0.6152,0.0015,227.134,413.902,166.524,4,41
-3.1465,0.6191,0.0068,228.963,414.817,164.756,4,41
-3.1514,0.6255,-0.0088,229.329,415.854,162.378,4,41
-3.1436,0.6348,-0.0176,229.207,416.890,160.000,4,41
-3.1475,0.6479,-0.0171,228.841,417.134,157.988,4,41
-3.1333,0.6489,-0.0332,228.232,416.890,155.610,4,41
-3.1133,0.6670,-0.0352,227.012,416.220,153.049,4,41
-0.9023,-0.4478,-0.1162,50.427,46.037,25.122,3,41
-0.9126,-0.4507,-0.1367,49.939,46.159,26.220,3,41
-0.9136,-0.4517,-0.1465,49.756,46.159,26.646,3,41
-0.9170,-0.4736,-0.1621,49.146,45.732,27.744,3,41
-0.9146,-0.4912,-0.1563,48.963,45.976,28.476,3,41
-0.9136,-0.5020,-0.1372,48.720,45.732,29.207,3,41
-0.9043,-0.5093,-0.1011,48.049,45.244,30.122,3,41
-0.8853,-0.5093,-0.0854,48.049,45.061,31.037,3,41
-3.0908,0.6924,-0.0376,225.732,415.000,150.671,4,41
-3.0771,0.7129,-0.0547,223.720,413.293,148.171,4,41
-3.0610,0.7363,-0.0605,221.707,411.463,145.732,4,41
-3.0400,0.7593,-0.0557,219.634,409.268,143.415,4,41
-3.0220,0.7749,-0.0596,217.805,407.317,140.549,4,41
-3.0024,0.7939,-0.0356,216.768,405.122,137.866,4,41
-2.9897,0.8037,-0.0225,215.793,402.683,134.573,4,41
-2.9702,0.8047,-0.0010,215.122,399.756,131.341,4,41
-0.8740,-0.5010,-0.1069,47.683,44.512,31.646,3,41
-0.8667,-0.4761,-0.1445,48.171,44.329,32.622,3,41
-0.8677,-0.4434,-0.1831,49.146,44.451,33.537,3,41
-0.8760,-0.4106,-0.2080,50.305,44.573,34.024,3,41
-0.8916,-0.3799,-0.2021,50.732,44.207,34.695,3,41
-0.9043,-0.3506,-0.1963,51.646,43.598,35.366,3,41
-0.9019,-0.3267,-0.1772,51.280,42.561,35.610,3,41
-0.9150,-0.3110,-0.1460,49.390,40.671,35.793,3,41
-0.6372,-1.6406,-0.1763,45.366,-182.012,-332.744,1,90
-0.6558,-1.6421,-0.2002,46.585,-182.622,-335.183,1,90
-0.6738,-1.6392,-0.1997,48.171,-183.537,-338.049,1,90
-0.6919,-1.6489,-0.2134,49.451,-183.780,-340.000,1,90
-0.7119,-1.6460,-0.2314,50.915,-184.756,-342.561,1,90
-0.7275,-1.6455,-0.2285,52.012,-185.427,-345.122,1,90
-0.7432,-1.6362,-0.2554,53.110,-186.159,-347.195,1,90
-0.7549,-1.6255,-0.2793,54.024,-186.524,-349.268,1,90
0.7217,0.1997,-0.2295,7.134,58.841,-98.354,2,90
0.7388,0.1953,-0.2358,8.537,60.732,-98.537,2,90
0.7534,0.1943,-0.2271,9.512,62.561,-98.415,2,90
0.7612,0.1929,-0.2354,10.732,63.902,-98.171,2,90
0.7754,0.1855,-0.2383,12.256,65.122,-98.049,2,90
0.7744,0.1831,-0.2417,14.085,66.280,-97.988,2,90
0.7827,0.1821,-0.2563,17.012,67.561,-97.744,2,90
0.7856,0.1748,-0.2720,20.305,68.780,-98.232,2,90
-0.9263,-0.4014,-0.1855,36.463,35.488,37.195,3,41
-0.9331,-0.3994,-0.1748,37.134,36.037,38.232,3,41
-0.9312,-0.4033,-0.1636,37.805,37.134,39.268,3,41
-0.9365,-0.4126,-0.1343,38.110,37.744,40.732,3,41
-0.9414,-0.4170,-0.1230,38.537,38.963,41.707,3,41
-0.9448,-0.4243,-0.1069,38.963,40.671,43.171,3,41
-0.9492,-0.4351,-0.0605,40.000,42.622,45.000,3,41
-0.9536,-0.4526,0.0015,41.341,44.756,46.829,3,41
-2.5864,0.2422,0.2720,126.402,339.085,100.061,4,41
-2.5439,0.2666,0.2554,127.317,331.524,99.939,4,41
-2.5195,0.3032,0.2622,128.354,323.963,99.329,4,41
-2.4951,0.3438,0.2759,127.500,316.768,98.720,4,41
-2.4668,0.3931,0.3076,123.841,310.122,97.683,4,41
-2.4556,0.4336,0.3423,118.293,303.780,96.341,4,41
-2.4312,0.4443,0.3804,111.890,297.134,94.329,4,41
-2.4189,0.4639,0.4009,105.000,290.183,92.012,4,41
-0.9663,-0.4683,0.0405,42.622,47.073,48.780,3,41
-0.9648,-0.4941,0.0435,45.122,49.756,50.671,3,41
-0.9595,-0.5000,-0.0132,49.512,53.415,52.195,3,41
-0.9639,-0.4966,-0.0918,55.976,58.110,53.415,3,41
-0.9556,-0.4688,-0.1699,63.537,62.866,54.390,3,41
-0.9438,-0.4307,-0.2183,70.061,67.500,55.427,3,41
-0.9326,-0.3862,-0.2212,75.305,70.732,57.317,3,41
-0.9199,-0.3433,-0.2139,77.744,72.073,58.902,3,41
-2.4063,0.4692,0.4224,97.866,282.561,89.634,4,41
-2.3994,0.4722,0.4395,90.610,275.854,86.402,4,41
-2.4028,0.4663,0.4448,80.671,268.598,83.354,4,41
-2.4077,0.4512,0.4487,70.854,262.073,80.183,4,41
-2.3857,0.4282,0.4419,60.427,255.671,77.439,4,41
-2.3477,0.4106,0.4253,50.671,249.756,75.000,4,41
-2.3047,0.3989,0.4048,40.854,244.329,73.049,4,41
-2.2471,0.3760,0.3696,31.768,239.634,71.646,4,41
-0.9243,-0.3247,-0.2007,78.049,73.110,60.549,3,41
-0.9272,-0.3262,-0.2104,77.805,73.963,62.073,3,41
-0.9346,-0.3428,-0.2158,78.354,75.183,62.866,3,41
-0.9287,-0.3540,-0.2070,79.024,76.037,63.720,3,41
-0.9194,-0.3579,-0.1802,77.988,75.488,65.122,3,41
-0.9180,-0.3501,-0.1489,74.146,73.537,66.280,3,41
-0.9219,-0.3589,-0.1372,67.195,70.671,67.561,3,41
-0.9268,-0.3921,-0.1450,60.305,67.927,68.963,3,41
-0.7832,-1.3843,-0.6421,97.195,-186.829,-381.524,1,90
-0.7813,-1.3726,-0.6631,98.232,-186.890,-381.585,1,90
-0.7876,-1.3535,-0.6836,98.659,-186.524,-380.915,1,90
-0.7974,-1.3374,-0.7085,99.268,-186.646,-380.000,1,90
-0.7983,-1.3247,-0.7183,99.512,-186.829,-379.146,1,90
-0.7988,-1.3091,-0.7266,100.305,-187.317,-378.232,1,90
-0.8047,-1.2896,-0.7432,100.305,-188.293,-377.195,1,90
-0.8008,-1.2666,-0.7534,100.122,-189.024,-375.366,1,90
0.5898,0.3979,-0.4575,89.329,89.451,-91.646,2,90
0.5942,0.4077,-0.4487,90.427,89.268,-91.037,2,90
0.5991,0.4204,-0.4429,91.585,89.573,-90.671,2,90
0.6021,0.4282,-0.4341,92.073,89.268,-89.939,2,90
0.6104,0.4404,-0.4346,92.744,89.085,-88.902,2,90
0.6250,0.4512,-0.4336,93.415,88.598,-87.317,2,90
0.6367,0.4614,-0.4507,94.329,88.537,-85.915,2,90
0.6670,0.4741,-0.4731,95.976,88.293,-84.268,2,90
-0.9917,-0.4844,-0.0615,52.073,80.000,92.256,3,41
-0.9756,-0.4873,-0.0776,52.439,81.037,93.476,3,41
-0.9419,-0.4810,-0.1060,53.720,83.049,95.549,3,41
-0.8926,-0.4463,-0.1558,55.366,84.390,97.073,3,41
-0.9126,-0.4141,-0.2153,55.976,84.695,98.963,3,41
-1.0034,-0.3984,-0.2759,57.744,84.817,101.402,3,41
-0.9336,-0.3164,-0.3071,58.415,85.549,102.744,3,41
-0.8945,-0.1831,-0.2158,57.195,83.293,104.146,3,41
0.7051,1.9863,-4.9775,-327.744,177.256,-71.037,4,41
1.2280,-2.3047,-10.1113,-170.488,126.098,-121.463,4,41
-1.5024,-1.1367,5.0161,321.707,-27.744,-87.500,4,41
-6.3301,-2.7646,15.9995,335.061,-263.110,-245.183,4,41
-6.3857,3.1104,15.9995,-29.390,-365.061,-493.659,4,41
-3.3647,0.9141,10.6470,-524.451,-681.098,-423.780,4,41
-7.8848,-9.7305,-2.3052,-556.524,-174.390,-199.939,4,41
-5.2661,-8.5708,12.7354,381.585,-309.573,89.939,4,41
-0.8281,-0.1426,-0.3389,55.061,81.768,103.780,3,41
-0.8706,-0.1479,-0.3384,54.878,81.341,103.902,3,41
-0.9321,-0.0996,-0.3491,49.268,76.707,105.183,3,41
-0.9517,-0.1187,-0.3906,47.439,72.988,105.122,3,41
-0.9536,-0.1089,-0.3740,45.732,70.305,104.329,3,41
-0.9219,-0.1050,-0.4087,41.890,66.280,102.805,3,41
-0.8994,-0.1455,-0.4536,37.500,62.866,100.549,3,41
-0.8521,-0.1704,-0.4688,33.049,58.963,99.573,3,41
-2.7866,-3.7227,15.9995,59.817,-310.000,47.988,4,41
1.6040,-2.1147,14.6890,-130.732,-244.695,-55.488,4,41
3.3784,-0.9819,9.9438,-96.951,-231.768,-93.415,4,41
1.1479,-0.3145,6.3101,69.085,-183.232,-34.085,4,41
-1.5293,-0.3965,4.8335,150.671,-139.207,-8.415,4,41
-2.5547,0.5171,3.4448,110.976,-125.793,-49.451,4,41
-2.8867,2.4561,1.1997,-36.951,-182.988,-80.305,4,41
-5.5068,2.5972,-1.2637,-214.390,-200.366,-49.024,4,41
-0.7759,-0.1802,-0.4668,27.134,54.268,98.720,3,41
-0.7651,-0.2139,-0.4604,21.524,48.963,98.598,3,41
-0.7856,-0.2153,-0.4429,17.683,45.671,98.415,3,41
-0.7842,-0.1772,-0.4023,15.061,43.232,98.598,3,41
-0.7949,-0.1299,-0.3691,12.195,40.244,98.902,3,41
-0.8188,-0.1143,-0.3770,11.402,38.354,98.598,3,41
-0.7949,-0.1118,-0.3711,12.195,38.110,97.561,3,41
-0.7358,-0.0967,-0.3672,13.720,37.805,96.402,3,41
-12.0122,2.1455,-1.2881,-202.988,-235.610,55.610,4,41
-13.1650,1.9985,-0.2817,-213.659,-259.817,67.927,4,41
-12.2759,1.1094,2.4248,-201.829,-291.829,42.744,4,41
-8.4761,0.3228,3.6973,-218.537,-309.085,-36.159,4,41
-3.5693,0.3433,3.5400,-164.085,-306.890,-44.512,4,41
0.2104,1.1099,2.8096,-89.207,-270.854,-4.146,4,41
2.0000,0.0679,2.1885,-19.817,-258.598,30.244,4,41
-0.5342,-4.4980,-0.3569,-57.805,-183.720,43.598,4,41
-0.7339,-0.0308,-0.3413,16.220,37.500,95.488,3,41
-0.7622,0.0205,-0.3574,19.878,37.866,94.451,3,41
-0.8125,0.0762,-0.3813,24.878,38.902,92.378,3,41
-0.9087,0.0845,-0.4258,32.195,40.671,89.695,3,41
-1.0601,0.0405,-0.4663,40.671,43.049,86.524,3,41
-1.1709,0.0298,-0.4702,48.354,44.146,82.378,3,41
-1.1582,0.0503,-0.4541,53.902,43.232,76.951,3,41
-1.0073,0.1299,-0.4287,57.439,41.280,70.366,3,41
-1.6274,-0.5898,-1.3135,-83.293,-167.866,-217.805,1,90
-1.6460,-0.5073,-1.3208,-89.451,-161.402,-209.817,1,90
-1.6621,-0.4170,-1.3423,-96.037,-154.939,-201.463,1,90
-1.6807,-0.3208,-1.3486,-101.890,-148.598,-193.110,1,90
-1.6787,-0.2109,-1.3516,-107.317,-142.012,-184.207,1,90
-1.6831,-0.0972,-1.3457,-111.037,-135.061,-175.000,1,90
-1.6807,0.0215,-1.3433,-114.817,-128.171,-165.122,1,90
-1.6797,0.1421,-1.3325,-117.256,-121.098,-154.146,1,90
1.6226,0.5508,-0.5889,36.707,53.598,-28.780,2,90
1.7070,0.5469,-0.6011,27.378,52.378,-27.988,2,90
1.7935,0.5352,-0.6333,18.415,50.793,-27.500,2,90
1.8940,0.5332,-0.6499,9.634,49.817,-26.037,2,90
2.0088,0.5254,-0.6885,1.524,48.415,-24.085,2,90
2.1260,0.5239,-0.7197,-6.707,47.256,-22.378,2,90
2.2256,0.5176,-0.7510,-14.390,46.159,-20.244,2,90
2.3091,0.5156,-0.7876,-21.768,44.268,-18.232,2,90
-1.1401,-0.2144,-0.1348,49.451,26.280,40.305,3,41
-1.0942,-0.1138,-0.1177,47.683,25.427,37.317,3,41
-1.0659,-0.0171,-0.1113,45.244,24.512,34.451,3,41
-1.0752,0.0791,-0.1016,42.805,24.207,32.622,3,41
-1.1230,0.1587,-0.0806,42.500,23.902,31.341,3,41
-1.1733,0.2148,-0.0825,45.305,25.183,28.537,3,41
-1.1841,0.2617,-0.1113,50.183,27.134,24.634,3,41
-1.1543,0.3022,-0.1660,55.854,28.902,19.512,3,41
-1.9312,1.2881,-0.9727,-102.256,-47.134,1.037,1,90
-2.0078,1.3799,-0.9336,-90.976,-39.390,21.768,1,90
-2.0786,1.4717,-0.8960,-84.817,-32.500,42.317,1,90
-2.1787,1.5249,-0.8735,-82.500,-27.744,63.415,1,90
-2.2578,1.5659,-0.8477,-81.768,-24.024,85.244,1,90
-2.3374,1.5796,-0.8623,-82.988,-21.280,105.976,1,90
-2.3892,1.5625,-0.8789,-81.585,-18.293,125.732,1,90
-2.4238,1.5210,-0.9072,-76.951,-13.659,143.720,1,90
2.5659,0.5947,-1.0537,-86.341,2.622,-26.098,2,90
2.5557,0.6450,-1.0815,-95.244,0.732,-26.220,2,90
2.5464,0.7090,-1.1074,-104.268,-0.549,-25.976,2,90
2.5117,0.7808,-1.1484,-111.402,-1.524,-24.390,2,90
2.4653,0.8560,-1.1680,-117.866,-2.622,-22.317,2,90
2.3882,0.9541,-1.2065,-122.073,-4.268,-19.573,2,90
2.3164,1.0322,-1.2388,-124.756,-6.707,-15.976,2,90
2.2251,1.1274,-1.2764,-126.037,-10.122,-12.378,2,90
-2.4385,1.4790,-0.9458,-70.915,-9.390,159.085,1,90
-2.4360,1.4272,-0.9883,-65.366,-4.512,171.829,1,90
-2.4111,1.3774,-1.0142,-60.183,-0.183,182.683,1,90
-2.3706,1.3438,-1.0220,-56.341,4.268,192.256,1,90
-2.3188,1.3174,-1.0181,-52.378,8.537,201.037,1,90
-2.2588,1.3003,-1.0039,-49.207,13.720,210.488,1,90
-2.2056,1.3052,-0.9756,-46.220,18.476,220.305,1,90
-2.1494,1.3242,-0.9663,-44.146,22.744,231.951,1,90
2.1440,1.2075,-1.3013,-125.488,-14.512,-8.537,2,90
2.0669,1.2817,-1.3208,-123.354,-19.878,-4.512,2,90
1.9951,1.3486,-1.3457,-120.183,-25.854,-0.671,2,90
1.9214,1.4072,-1.3608,-115.854,-31.768,2.866,2,90
1.8525,1.4458,-1.3628,-111.037,-37.866,6.402,2,90
1.7905,1.4795,-1.3516,-105.183,-43.902,10.183,2,90
1.7358,1.5034,-1.3208,-99.085,-49.573,13.659,2,90
1.6665,1.4971,-1.2939,-91.829,-55.488,17.378,2,90
-2.0913,1.3442,-0.9438,-42.378,27.012,245.183,1,90
-2.0415,1.3672,-0.9336,-40.915,30.183,259.878,1,90
-1.9941,1.3770,-0.9165,-40.000,33.659,275.854,1,90
-1.9419,1.3789,-0.8857,-38.171,36.524,292.561,1,90
-1.8989,1.3833,-0.8647,-36.037,39.512,309.695,1,90
-1.8696,1.3740,-0.8433,-32.317,42.500,327.012,1,90
-1.8491,1.3325,-0.7910,-24.695,46.159,352.561,1,90
-1.8369,1.2949,-0.7485,-18.659,47.988,368.902,1,90
1.6167,1.4917,-1.2349,-84.512,-60.732,22.073,2,90
1.5610,1.4546,-1.1934,-76.524,-66.463,26.646,2,90
1.5190,1.4209,-1.1445,-67.805,-72.317,31.768,2,90
1.4844,1.3647,-1.0850,-59.146,-77.927,37.317,2,90
1.4502,1.2964,-1.0347,-50.305,-83.780,42.927,2,90
1.4365,1.2256,-0.9858,-41.646,-89.329,48.780,2,90
1.4248,1.1563,-0.9453,-32.927,-94.817,54.634,2,90
1.4185,1.0757,-0.8940,-25.061,-99.451,60.366,2,90
-0.9927,-0.2017,-0.1182,19.451,-1.768,-55.793,3,41
-1.0078,-0.1875,-0.1577,15.976,-1.280,-55.854,3,41
-1.0073,-0.1528,-0.1572,12.805,-0.732,-56.707,3,41
-0.9961,-0.1318,-0.1699,9.268,-0.244,-57.378,3,41
-0.9912,-0.1333,-0.1675,6.280,0.854,-58.659,3,41
-0.9863,-0.1353,-0.1689,3.780,2.134,-59.390,3,41
-0.9971,-0.1348,-0.1309,2.500,4.146,-60.061,3,41
-0.9839,-0.1274,-0.1016,-0.366,5.549,-60.610,3,41
-2.0479,0.6724,-0.4756,66.098,39.085,480.915,1,90
-2.0928,0.5977,-0.4668,76.463,37.195,490.305,1,90
-2.1182,0.5107,-0.4453,86.890,36.098,499.573,1,90
-2.1660,0.4326,-0.4307,97.988,35.305,507.988,1,90
-2.1958,0.3657,-0.4194,109.329,34.939,515.915,1,90
-2.2134,0.3110,-0.4150,120.610,35.549,523.415,1,90
-2.2344,0.2495,-0.4058,130.427,35.183,530.427,1,90
-2.2534,0.1914,-0.4004,139.146,35.549,537.134,1,90
1.3442,0.5342,-0.5728,21.829,-132.195,107.805,2,90
1.3271,0.4941,-0.5371,23.841,-133.963,112.439,2,90
1.3101,0.4609,-0.5000,24.878,-135.732,117.134,2,90
1.2905,0.4434,-0.4663,25.793,-137.134,121.646,2,90
1.2773,0.4058,-0.4189,25.244,-138.537,125.854,2,90
1.2490,0.3926,-0.3813,24.695,-139.695,130.610,2,90
1.2261,0.3604,-0.3574,24.390,-140.732,134.573,2,90
1.1924,0.3384,-0.3301,24.268,-142.134,138.598,2,90
-0.9590,-0.2773,-0.3223,-42.805,-10.427,-66.341,3,41
-0.9023,-0.3330,-0.3486,-45.854,-12.683,-66.890,3,41
-0.8726,-0.3633,-0.3540,-51.280,-15.488,-67.744,3,41
-0.8452,-0.3745,-0.3550,-56.463,-18.232,-67.378,3,41
-0.8232,-0.3550,-0.3691,-61.707,-22.378,-67.256,3,41
-0.8354,-0.3579,-0.3799,-67.195,-26.098,-66.646,3,41
-0.8613,-0.3511,-0.3940,-71.159,-28.476,-66.280,3,41
-0.8755,-0.3364,-0.3804,-75.122,-31.524,-66.341,3,41
-2.3120,-0.2944,-0.1367,125.000,51.341,579.390,1,90
-2.3066,-0.3989,-0.1064,127.195,56.037,581.768,1,90
-2.3003,-0.5181,-0.0649,128.963,60.305,583.780,1,90
-2.2974,-0.6299,-0.0298,127.744,64.390,585.488,1,90
-2.3008,-0.7529,0.0156,123.232,67.866,586.098,1,90
-2.3115,-0.8721,0.0571,116.646,70.366,586.341,1,90
-2.3330,-1.0615,0.1040,103.110,70.732,585.610,1,90
-2.3423,-1.1787,0.1372,93.354,69.329,585.366,1,90
0.8921,0.0962,-0.0552,12.805,-144.512,170.671,2,90
0.8682,0.0693,-0.0239,9.817,-142.988,173.841,2,90
0.8574,0.0557,-0.0015,6.463,-141.341,176.646,2,90
0.8389,0.0288,0.0220,2.805,-139.756,179.146,2,90
0.8335,0.0005,0.0430,-1.159,-137.988,181.341,2,90
0.8354,-0.0156,0.0596,-5.122,-135.671,183.598,2,90
0.8345,-0.0405,0.0669,-9.329,-133.110,185.732,2,90
0.8364,-0.0586,0.0762,-13.537,-129.817,187.988,2,90
-0.8843,-0.3032,-0.3945,-81.707,-51.890,-64.451,3,41
-0.8691,-0.3188,-0.4111,-81.463,-54.390,-64.146,3,41
-0.8726,-0.3169,-0.4409,-82.317,-55.793,-63.720,3,41
-0.8706,-0.3047,-0.4619,-81.707,-57.866,-63.171,3,41
-0.8809,-0.3110,-0.4561,-81.524,-59.512,-62.988,3,41
-0.8804,-0.3179,-0.4438,-81.341,-61.159,-62.622,3,41
-0.8750,-0.3281,-0.4307,-80.854,-62.317,-62.439,3,41
-0.8794,-0.3389,-0.4170,-81.220,-63.354,-62.012,3,41
-2.3701,-1.4697,0.3667,20.793,39.634,573.415,1,90
-2.3857,-1.4805,0.3374,19.329,35.793,570.671,1,90
-2.4204,-1.4946,0.3164,17.134,33.598,567.683,1,90
-2.4570,-1.5190,0.2900,15.549,32.500,564.146,1,90
-2.5098,-1.5610,0.2695,12.927,31.585,560.610,1,90
-2.5439,-1.6187,0.2524,10.061,31.159,556.768,1,90
-2.5767,-1.6860,0.2324,7.195,31.402,553.293,1,90
-2.6191,-1.7676,0.2124,3.293,31.463,549.878,1,90
0.7119,-0.1147,0.1572,-33.476,-98.659,200.732,2,90
0.6895,-0.1123,0.1616,-31.707,-96.098,201.037,2,90
0.6714,-0.1025,0.1621,-28.963,-93.171,201.646,2,90
0.6489,-0.0972,0.1528,-25.610,-90.366,201.524,2,90
0.6196,-0.0830,0.1631,-20.793,-87.134,201.768,2,90
0.6016,-0.0625,0.1558,-14.573,-84.085,201.220,2,90
0.5718,-0.0376,0.1494,-8.537,-81.159,200.549,2,90
0.5405,-0.0122,0.1499,-1.890,-78.293,199.939,2,90
-0.8999,-0.4185,-0.3066,-82.866,-67.012,-55.793,3,41
-0.8794,-0.4194,-0.3018,-82.866,-66.890,-54.512,3,41
-0.8667,-0.4185,-0.2842,-82.866,-66.280,-53.293,3,41
-0.8525,-0.4307,-0.2876,-81.402,-65.122,-52.134,3,41
-0.8457,-0.4097,-0.2852,-80.366,-64.207,-51.646,3,41
-0.8306,-0.4004,-0.2993,-79.268,-63.659,-50.671,3,41
-0.8242,-0.3784,-0.2964,-77.500,-62.622,-49.817,3,41
-0.8276,-0.3438,-0.3076,-75.854,-61.402,-47.683,3,41
-2.5776,-2.2026,0.4126,-27.500,34.329,503.232,1,90
-2.5313,-2.2095,0.4141,-28.902,31.829,496.646,1,90
-2.4883,-2.2090,0.4082,-28.902,28.902,489.512,1,90
-2.4331,-2.1973,0.3921,-27.866,25.305,482.256,1,90
-2.3599,-2.1689,0.3765,-23.110,19.268,471.341,1,90
-2.3057,-2.1494,0.3555,-18.354,14.695,464.268,1,90
-2.2622,-2.1372,0.3398,-11.829,9.390,457.744,1,90
-2.2178,-2.1323,0.3306,-3.963,5.061,451.220,1,90
0.3193,0.0449,0.1357,54.817,-63.293,187.683,2,90
0.3032,0.0288,0.1177,60.244,-61.341,185.366,2,90
0.2861,0.0059,0.1050,65.183,-59.146,182.561,2,90
0.2695,-0.0020,0.0938,70.000,-56.463,179.878,2,90
0.2622,-0.0142,0.0806,74.695,-53.171,176.524,2,90
0.2485,-0.0205,0.0552,79.512,-49.817,173.110,2,90
0.2285,-0.0322,0.0449,83.598,-45.732,169.451,2,90
0.2100,-0.0410,0.0498,87.561,-41.646,166.220,2,90
-0.8726,-0.3838,-0.2368,-69.024,-56.402,-39.146,3,41
-0.8872,-0.3667,-0.2417,-68.780,-56.524,-38.659,3,41
-0.9033,-0.3643,-0.2495,-68.110,-56.463,-37.805,3,41
-0.9258,-0.3535,-0.2412,-67.073,-55.854,-37.256,3,41
-0.9453,-0.3472,-0.2256,-65.549,-54.634,-36.220,3,41
-0.9526,-0.3423,-0.2007,-63.902,-53.415,-35.061,3,41
-0.9517,-0.3398,-0.2036,-62.073,-52.744,-33.963,3,41
-0.9609,-0.3511,-0.2017,-59.817,-51.524,-33.110,3,41
-1.8823,-2.4155,0.2700,107.073,-27.622,392.683,1,90
-1.8374,-2.4585,0.2495,120.427,-28.780,384.878,1,90
-1.7979,-2.5068,0.2539,133.415,-29.573,377.012,1,90
-1.7505,-2.5513,0.2266,145.915,-30.915,369.268,1,90
-1.7275,-2.6021,0.3237,159.329,-29.573,360.976,1,90
-1.6631,-2.6426,0.2520,171.341,-31.890,353.659,1,90
-1.5972,-2.6978,0.2412,181.951,-32.866,346.037,1,90
-1.5444,-2.7451,0.1997,193.110,-33.780,338.110,1,90
0.0142,-0.0952,0.0010,91.524,-18.598,131.768,2,90
-0.0059,-0.1279,-0.0020,89.756,-18.963,128.171,2,90
-0.0205,-0.1719,-0.0195,87.622,-19.512,123.963,2,90
-0.0420,-0.2236,-0.0410,85.000,-20.244,119.207,2,90
-0.0479,-0.2700,-0.0938,80.488,-20.671,114.268,2,90
-0.0527,-0.3228,-0.1221,75.427,-21.280,108.476,2,90
-0.0508,-0.3730,-0.1655,69.146,-21.524,103.415,2,90
-0.0601,-0.4365,-0.1855,61.037,-21.159,98.049,2,90
-0.9463,-0.4424,-0.2466,-44.024,-42.927,-25.305,3,41
-0.9351,-0.4419,-0.2397,-42.134,-41.646,-24.451,3,41
-0.9077,-0.4312,-0.2490,-40.061,-40.610,-23.171,3,41
-0.8872,-0.4312,-0.2510,-37.073,-39.085,-22.073,3,41
-0.8691,-0.4180,-0.2339,-35.122,-38.171,-20.549,3,41
-0.8682,-0.4185,-0.2363,-33.720,-36.951,-19.207,3,41
-0.8706,-0.4307,-0.2300,-32.073,-35.427,-17.317,3,41
-0.8931,-0.4414,-0.2231,-28.537,-32.561,-15.488,3,41
-3.8291,0.2593,0.3564,-124.695,-520.610,-260.183,4,41
-3.8706,0.1680,0.2246,-128.110,-527.378,-249.939,4,41
-3.9609,0.0825,0.0923,-130.671,-536.524,-240.793,4,41
-4.0610,0.0054,0.0015,-135.549,-548.476,-232.439,4,41
-4.1172,-0.0591,-0.0776,-140.549,-563.598,-225.671,4,41
-4.1953,-0.1191,-0.0972,-147.500,-580.549,-219.817,4,41
-4.2656,-0.1665,-0.1187,-156.890,-599.756,-216.220,4,41
-4.3345,-0.2124,-0.1255,-168.841,-617.683,-214.207,4,41
-0.8945,-0.4346,-0.2266,-25.671,-30.366,-13.415,3,41
-0.8970,-0.4258,-0.2295,-24.268,-29.573,-11.890,3,41
-0.8965,-0.4224,-0.2217,-23.293,-28.780,-10.671,3,41
-0.9106,-0.4165,-0.2305,-22.134,-27.744,-9.268,3,41
-0.9180,-0.4141,-0.2622,-21.159,-26.585,-7.988,3,41
-0.9341,-0.4199,-0.2837,-19.207,-25.366,-7.012,3,41
-0.9277,-0.4292,-0.2959,-15.854,-23.293,-6.280,3,41
-0.9224,-0.4312,-0.3086,-11.280,-21.037,-5.549,3,41
-4.4497,-0.2236,-0.1479,-182.744,-632.073,-214.695,4,41
-4.5684,-0.2012,-0.1533,-197.744,-641.037,-216.829,4,41
-4.6958,-0.1973,-0.1333,-211.768,-645.976,-221.890,4,41
-4.8296,-0.1938,-0.1079,-226.463,-648.354,-230.488,4,41
-4.9277,-0.1938,-0.1128,-239.207,-648.049,-241.768,4,41
-5.0029,-0.1880,-0.1489,-248.537,-644.024,-255.122,4,41
-5.0918,-0.1899,-0.1455,-254.512,-639.634,-269.573,4,41
-5.1665,-0.1807,-0.1460,-256.951,-636.098,-285.061,4,41
-0.9004,-0.4326,-0.3057,-6.707,-18.720,-4.817,3,41
-0.8730,-0.4160,-0.2954,-2.256,-16.951,-4.634,3,41
-0.8408,-0.3818,-0.2720,1.829,-15.610,-4.634,3,41
-0.8335,-0.3311,-0.2529,5.000,-14.451,-4.024,3,41
-0.8247,-0.2749,-0.2285,7.073,-13.902,-3.293,3,41
-0.8379,-0.2256,-0.1826,8.841,-13.659,-2.927,3,41
-0.8730,-0.1636,-0.1753,9.512,-13.476,-1.646,3,41
-0.8989,-0.0991,-0.1113,10.793,-13.415,-0.305,3,41
-5.3198,-0.0952,-0.1348,-255.732,-631.037,-307.195,4,41
-5.3545,-0.0654,-0.1147,-254.451,-630.122,-314.146,4,41
-5.4805,0.0742,-0.1045,-247.256,-629.085,-332.256,4,41
-5.5342,0.1260,-0.1313,-244.695,-628.415,-337.012,4,41
-5.6563,0.2515,-0.1782,-237.927,-625.976,-345.366,4,41
-5.7271,0.4727,-0.2280,-226.524,-625.244,-354.878,4,41
-5.7524,0.6665,-0.3501,-220.183,-624.329,-358.720,4,41
-5.6655,1.0488,-0.8394,-210.854,-624.756,-362.866,4,41
-0.9204,-0.0435,-0.0889,11.341,-13.293,0.488,3,41
-0.9341,-0.0020,-0.0854,13.110,-12.988,1.280,3,41
-0.9434,0.0034,-0.0972,16.159,-11.951,2.317,3,41
-0.9575,0.0039,-0.0820,19.878,-10.671,3.049,3,41
-0.9746,-0.0146,-0.0684,22.683,-9.939,3.415,3,41
-0.9946,-0.0313,-0.0503,24.939,-9.085,4.024,3,41
-1.0107,-0.0664,-0.0503,26.890,-8.049,4.878,3,41
-0.9995,-0.1035,-0.0532,28.841,-7.378,4.756,3,41
-0.0645,-2.6787,-0.9082,233.476,-11.159,117.317,1,90
-0.0107,-2.7090,-0.9072,225.976,-10.244,111.220,1,90
0.0386,-2.7388,-0.8906,217.500,-10.732,105.671,1,90
0.0781,-2.7646,-0.8745,208.293,-11.037,99.939,1,90
0.1084,-2.7983,-0.8481,198.110,-12.073,93.780,1,90
0.1436,-2.8320,-0.8447,186.829,-13.110,88.171,1,90
0.1821,-2.8677,-0.8384,175.244,-14.695,82.073,1,90
0.1973,-2.9043,-0.8452,163.110,-15.793,76.159,1,90
0.3027,0.0605,-0.4531,-17.927,25.549,21.280,2,90
0.3105,0.0591,-0.4556,-18.598,26.159,17.561,2,90
0.3130,0.0732,-0.4653,-19.939,27.134,14.268,2,90
0.3174,0.0894,-0.4697,-21.707,28.110,10.854,2,90
0.3125,0.1162,-0.4678,-23.659,29.146,7.805,2,90
0.3208,0.1460,-0.4590,-26.524,29.939,4.390,2,90
0.3164,0.1782,-0.4570,-29.756,30.549,1.890,2,90
0.3174,0.2075,-0.4536,-34.146,31.037,-0.671,2,90
0.2090,-2.9424,-0.8447,150.915,-17.256,70.305,1,90
0.2212,-2.9751,-0.8555,138.537,-18.780,63.902,1,90
0.2275,-2.9893,-0.8560,125.488,-19.939,57.500,1,90
0.2310,-3.0132,-0.8706,111.890,-21.098,51.098,1,90
0.2266,-3.0278,-0.8877,91.524,-22.622,41.159,1,90
0.2139,-3.0171,-0.9038,78.720,-23.841,34.451,1,90
0.2158,-2.9976,-0.9004,65.976,-25.305,27.988,1,90
0.2104,-2.9741,-0.9160,54.573,-26.890,21.646,1,90
0.3184,0.2461,-0.4434,-38.354,31.220,-2.866,2,90
0.3232,0.2617,-0.4414,-42.622,31.829,-4.207,2,90
0.3364,0.2900,-0.4351,-47.073,31.463,-5.244,2,90
0.3408,0.3032,-0.4399,-51.463,31.280,-5.793,2,90
0.3579,0.3193,-0.4297,-55.549,30.915,-6.098,2,90
0.3701,0.3203,-0.4351,-59.390,30.488,-6.037,2,90
0.3857,0.3110,-0.4463,-62.805,29.634,-6.037,2,90
0.4097,0.3081,-0.4487,-65.488,28.598,-5.854,2,90
-0.9443,-0.2729,-0.0991,30.488,5.061,-0.488,3,41
-0.9507,-0.2715,-0.0518,29.207,6.037,-0.915,3,41
-0.9844,-0.2822,-0.0186,28.171,6.707,-0.366,3,41
-1.0244,-0.2935,0.0347,25.183,6.951,0.549,3,41
-1.0503,-0.3262,0.0586,21.890,6.707,1.037,3,41
-1.0630,-0.3511,0.0420,17.744,6.402,0.976,3,41
-1.0684,-0.3750,-0.0161,13.598,5.915,-0.122,3,41
-1.0732,-0.3896,-0.0381,10.976,6.037,-1.951,3,41
0.4453,-0.3208,-2.1089,245.000,-146.220,-160.183,4,41
1.3418,-2.0879,-2.6265,18.659,-116.280,-153.720,4,41
2.5698,-2.7432,-2.1016,-106.159,-77.927,-91.585,4,41
2.9478,-2.7300,-0.6475,-116.585,-59.878,10.122,4,41
2.7124,-2.4268,0.7637,-84.085,-100.244,71.890,4,41
2.3203,-1.8804,1.1685,-105.854,-172.988,76.159,4,41
2.0620,-0.6816,0.9800,-150.122,-237.622,50.122,4,41
1.9512,0.4092,0.5864,-187.500,-289.207,26.890,4,41
-1.0620,-0.3950,-0.0371,8.902,6.829,-3.841,3,41
-1.0723,-0.3916,-0.0117,5.793,7.439,-5.488,3,41
-1.0757,-0.3647,0.0024,2.744,7.073,-7.012,3,41
-1.0684,-0.3403,0.0005,-1.524,5.976,-8.232,3,41
-1.0776,-0.3247,0.0220,-5.427,5.366,-9.268,3,41
-1.0771,-0.3071,0.0205,-8.841,5.305,-9.939,3,41
-1.0664,-0.2896,0.0098,-12.622,4.451,-11.341,3,41
-1.0591,-0.2798,-0.0112,-16.463,3.415,-12.988,3,41
1.9072,1.2515,0.2002,-192.317,-323.780,-0.061,4,41
1.9639,1.9224,-0.2773,-166.463,-338.902,-25.244,4,41
2.0771,2.1924,-0.6724,-174.512,-334.207,-50.732,4,41
1.9053,2.4180,-1.0513,-136.585,-310.732,-76.037,4,41
1.4893,2.4419,-1.2041,-97.317,-273.598,-86.341,4,41
1.2588,2.3262,-1.2749,-66.585,-232.622,-80.732,4,41
0.7896,2.0801,-1.2944,-57.561,-177.805,-62.012,4,41
0.1563,1.7300,-1.1841,-30.000,-131.341,-37.927,4,41
-1.0469,-0.3003,-0.0298,-18.537,4.024,-14.512,3,41
-1.0508,-0.3057,-0.0537,-19.085,5.244,-15.549,3,41
-1.0317,-0.3208,-0.0845,-19.817,5.610,-16.220,3,41
-1.0161,-0.3301,-0.0752,-20.305,5.671,-16.402,3,41
-1.0054,-0.3296,-0.0527,-20.915,6.159,-17.012,3,41
-0.9863,-0.3306,-0.0508,-22.500,6.220,-17.317,3,41
-0.9697,-0.3281,-0.0674,-23.659,5.488,-17.317,3,41
-0.9448,-0.3125,-0.0762,-25.610,4.390,-17.500,3,41
-0.4556,1.2065,-1.1875,16.951,-92.317,-24.634,4,41
-0.8818,0.7378,-1.2427,72.500,-62.500,-34.146,4,41
-1.0947,0.4365,-1.3521,125.061,-32.622,-62.195,4,41
-1.1934,0.2524,-1.5781,178.476,4.512,-94.878,4,41
-1.2139,0.2061,-1.8955,230.732,47.439,-125.244,4,41
-1.2534,0.2925,-2.2085,274.878,81.646,-150.000,4,41
-1.1846,0.4507,-2.4780,301.524,97.866,-164.573,4,41
-1.0498,0.5996,-2.6694,318.841,100.427,-162.256,4,41
-0.9326,-0.2969,-0.0820,-27.622,3.476,-17.866,3,41
-0.9365,-0.2759,-0.0981,-29.207,2.805,-17.744,3,41
-0.9277,-0.2627,-0.1191,-30.183,2.195,-17.805,3,41
-0.9272,-0.2578,-0.1348,-31.159,1.524,-17.378,3,41
-0.9204,-0.2671,-0.1494,-31.341,1.768,-17.195,3,41
-0.9224,-0.2856,-0.1299,-30.976,1.341,-16.768,3,41
-0.9082,-0.3110,-0.1421,-31.768,1.220,-16.159,3,41
-0.8896,-0.3267,-0.1406,-32.073,-0.061,-15.244,3,41
-0.9023,0.8208,-2.7686,342.195,99.390,-140.671,4,41
-0.8301,1.1807,-2.7959,366.829,99.512,-106.951,4,41
-0.8218,1.6123,-2.7373,380.915,98.171,-70.122,4,41
-0.8008,1.9912,-2.5977,382.256,95.183,-32.378,4,41
-0.7495,2.2520,-2.3877,370.305,88.476,6.159,4,41
-0.6353,2.4634,-2.2095,345.061,72.256,41.220,4,41
-0.4463,2.5962,-2.0864,308.049,50.061,69.573,4,41
-0.2041,2.5693,-2.0151,263.049,24.756,92.561,4,41
-0.8779,-0.3472,-0.1577,-32.866,-0.549,-14.512,3,41
-0.8765,-0.3574,-0.1807,-32.805,-0.610,-13.841,3,41
-0.8857,-0.3730,-0.1880,-32.988,-0.549,-13.476,3,41
-0.8901,-0.3789,-0.1953,-32.805,-0.732,-12.988,3,41
-0.9063,-0.3906,-0.1929,-32.927,-0.915,-12.317,3,41
-0.9302,-0.3730,-0.1729,-33.780,-0.793,-11.951,3,41
-0.9512,-0.3604,-0.1548,-34.146,-1.280,-11.098,3,41
-0.9600,-0.3687,-0.1665,-35.488,-1.951,-10.488,3,41
-0.0244,2.3691,-1.9697,216.707,0.000,114.939,4,41
0.0234,2.1001,-1.9336,176.220,-18.841,140.244,4,41
-0.0166,1.7744,-1.9478,150.793,-25.366,164.146,4,41
-0.0640,1.4180,-1.9658,146.098,-23.293,183.354,4,41
-0.1162,1.0996,-1.9922,155.976,-19.939,197.744,4,41
-0.1919,0.7983,-2.1030,170.122,-15.610,206.159,4,41
-0.2861,0.5435,-2.2476,178.110,-8.171,207.134,4,41
-0.4634,0.3301,-2.3418,178.232,1.037,203.598,4,41
-0.9697,-0.3579,-0.1650,-34.085,-1.646,-9.268,3,41
-0.9746,-0.3589,-0.1724,-33.476,-0.793,-9.390,3,41
-0.9736,-0.3589,-0.2012,-31.220,-0.122,-9.024,3,41
-0.9678,-0.3589,-0.2397,-28.537,0.732,-9.085,3,41
-0.9614,-0.3525,-0.2476,-25.183,1.707,-9.512,3,41
-0.9590,-0.3179,-0.2471,-22.256,2.866,-9.695,3,41
-0.9443,-0.3125,-0.2295,-19.878,3.537,-9.756,3,41
-0.9526,-0.2842,-0.2178,-18.049,4.573,-9.085,3,41
-0.6362,0.1631,-2.3154,173.171,9.146,199.146,4,41
-0.8008,0.0161,-2.2871,164.024,18.963,194.085,4,41
-0.9331,-0.1187,-2.1943,154.634,34.146,187.622,4,41
-1.0571,-0.2285,-2.0640,150.305,53.232,180.854,4,41
-1.1572,-0.3623,-1.9619,151.220,75.732,171.951,4,41
-1.2310,-0.4917,-1.9468,153.171,103.171,160.976,4,41
-1.3232,-0.6230,-2.0215,152.073,134.085,149.268,4,41
-1.3960,-0.7036,-2.1426,149.817,167.805,137.256,4,41
-0.9517,-0.2515,-0.1777,-15.183,5.610,-8.902,3,41
-0.9438,-0.2505,-0.1699,-12.256,6.524,-8.659,3,41
-0.9448,-0.2471,-0.1694,-9.268,7.683,-7.622,3,41
-0.9370,-0.2505,-0.1621,-5.366,9.268,-7.744,3,41
-0.9180,-0.2642,-0.1646,-1.646,10.183,-7.439,3,41
-0.9131,-0.2793,-0.1807,1.524,11.341,-7.073,3,41
-0.8989,-0.2925,-0.1841,4.634,12.073,-7.012,3,41
-0.8843,-0.2915,-0.2007,6.585,12.317,-6.768,3,41
-0.4390,-1.5586,-0.6782,-45.549,15.793,-200.244,1,90
-0.4395,-1.5522,-0.6763,-46.341,15.976,-201.463,1,90
-0.4395,-1.5298,-0.6538,-47.683,16.220,-203.537,1,90
-0.4438,-1.5161,-0.6318,-50.000,16.463,-206.280,1,90
-0.4517,-1.5107,-0.6094,-51.585,16.768,-207.378,1,90
-0.4551,-1.4907,-0.5967,-52.561,16.463,-209.146,1,90
-0.4653,-1.4873,-0.5762,-54.451,16.463,-209.817,1,90
-0.4702,-1.4844,-0.5649,-55.915,16.280,-211.220,1,90
0.5981,0.3198,-0.6411,4.268,-6.402,-73.598,2,90
0.5972,0.3247,-0.6313,3.537,-6.585,-74.207,2,90
0.5874,0.3198,-0.6147,2.683,-6.463,-74.268,2,90
0.5762,0.3101,-0.5996,1.829,-6.646,-75.061,2,90
0.5615,0.3145,-0.6021,0.122,-6.280,-75.427,2,90
0.5547,0.3027,-0.5781,-1.524,-6.646,-75.732,2,90
0.5469,0.2930,-0.5591,-2.988,-6.646,-75.854,2,90
0.5332,0.2915,-0.5605,-3.841,-6.524,-75.915,2,90
-0.4795,-1.4673,-0.5532,-57.195,15.793,-212.134,1,90
-0.4824,-1.4595,-0.5332,-58.780,15.305,-213.171,1,90
-0.4893,-1.4512,-0.5220,-60.122,14.939,-214.329,1,90
-0.4976,-1.4434,-0.5029,-61.402,15.061,-215.183,1,90
-0.5034,-1.4346,-0.5068,-63.049,13.963,-216.280,1,90
-0.5127,-1.4341,-0.4946,-64.024,14.085,-217.195,1,90
-0.5210,-1.4297,-0.4712,-64.695,13.780,-217.683,1,90
-0.5327,-1.4194,-0.4683,-65.122,13.598,-218.537,1,90
0.5229,0.2842,-0.5449,-4.939,-6.646,-75.732,2,90
0.5137,0.2886,-0.5449,-5.427,-7.012,-76.220,2,90
0.4966,0.2793,-0.5449,-5.854,-7.195,-75.671,2,90
0.4951,0.2808,-0.5410,-5.854,-7.134,-75.793,2,90
0.4854,0.2852,-0.5381,-5.732,-7.866,-75.732,2,90
0.4736,0.2837,-0.5410,-5.488,-7.988,-75.854,2,90
0.4639,0.2856,-0.5371,-5.244,-8.354,-76.098,2,90
0.4546,0.2847,-0.5356,-5.244,-8.232,-75.915,2,90
-0.5317,-1.4155,-0.4482,-65.366,12.866,-219.573,1,90
-0.5327,-1.4072,-0.4404,-65.732,12.439,-220.061,1,90
-0.5381,-1.4048,-0.4287,-66.037,11.768,-220.976,1,90
-0.5435,-1.4097,-0.4102,-66.524,11.220,-221.585,1,90
-0.5396,-1.4121,-0.3901,-66.463,10.000,-222.256,1,90
-0.5400,-1.4063,-0.3672,-67.073,8.841,-223.171,1,90
-0.5430,-1.4058,-0.3550,-67.927,7.683,-223.598,1,90
-0.5454,-1.4087,-0.3438,-69.329,6.585,-224.512,1,90
0.4463,0.2915,-0.5410,-4.573,-8.171,-76.098,2,90
0.4390,0.2959,-0.5342,-4.207,-8.049,-75.976,2,90
0.4268,0.3076,-0.5391,-3.598,-8.049,-76.098,2,90
0.4170,0.3101,-0.5239,-3.110,-8.232,-76.037,2,90
0.4058,0.3047,-0.5215,-2.866,-7.988,-76.098,2,90
0.4004,0.3149,-0.5166,-2.073,-7.927,-75.915,2,90
0.3936,0.3154,-0.5010,-1.585,-7.866,-75.915,2,90
0.3887,0.3179,-0.4980,-0.976,-7.866,-75.854,2,90
-0.5449,-1.4180,-0.3364,-70.915,6.220,-225.305,1,90
-0.5522,-1.4141,-0.3066,-72.073,5.183,-225.671,1,90
-0.5562,-1.4150,-0.2949,-73.232,4.390,-226.524,1,90
-0.5605,-1.4131,-0.2905,-74.268,3.232,-227.073,1,90
-0.5698,-1.4102,-0.2876,-75.183,2.439,-227.805,1,90
-0.5698,-1.3994,-0.2788,-76.707,1.585,-228.476,1,90
-0.5679,-1.3940,-0.2754,-77.683,1.098,-229.268,1,90
-0.5708,-1.3872,-0.2686,-78.476,0.366,-230.244,1,90
0.3857,0.3140,-0.5000,-0.305,-8.049,-75.610,2,90
0.3784,0.3135,-0.4932,1.402,-8.232,-75.732,2,90
0.3784,0.3120,-0.4985,2.256,-8.293,-75.549,2,90
0.3740,0.3125,-0.4868,3.659,-8.171,-75.549,2,90
0.3823,0.3125,-0.4902,5.244,-8.110,-75.366,2,90
0.3784,0.3164,-0.4912,7.073,-7.866,-75.549,2,90
0.3867,0.3125,-0.4902,8.476,-7.256,-75.488,2,90
0.3877,0.3228,-0.4956,10.061,-6.463,-75.793,2,90
-0.8071,-0.6377,-0.2749,32.317,20.976,2.195,3,41
-0.8237,-0.5981,-0.2407,25.854,18.293,2.622,3,41
-0.8418,-0.5542,-0.2148,19.878,15.854,3.476,3,41
-0.8638,-0.5073,-0.2080,14.695,13.598,4.329,3,41
-0.8896,-0.4629,-0.2065,9.878,11.402,5.427,3,41
-0.9116,-0.4438,-0.2041,6.524,10.183,5.976,3,41
-0.9360,-0.4292,-0.2075,5.610,9.939,7.256,3,41
-0.9541,-0.4146,-0.1982,5.305,10.061,8.293,3,41
-0.5229,-1.3384,-0.2251,-76.524,-4.573,-238.720,1,90
-0.5132,-1.3413,-0.2188,-75.549,-5.610,-239.146,1,90
-0.5073,-1.3350,-0.2026,-75.244,-6.341,-239.634,1,90
-0.5068,-1.3345,-0.1929,-75.000,-7.073,-240.122,1,90
-0.4946,-1.3428,-0.1870,-75.061,-8.354,-240.793,1,90
-0.4927,-1.3462,-0.1831,-75.610,-8.720,-241.402,1,90
-0.4883,-1.3491,-0.1685,-75.854,-10.183,-241.890,1,90
-0.4873,-1.3623,-0.1504,-76.463,-11.524,-242.561,1,90
0.4844,0.3301,-0.4351,23.598,0.854,-79.207,2,90
0.4976,0.3237,-0.4297,25.488,1.220,-80.061,2,90
0.5098,0.3247,-0.4341,27.805,1.768,-80.976,2,90
0.5273,0.3145,-0.4282,29.756,2.317,-81.951,2,90
0.5273,0.3086,-0.4355,31.951,2.866,-83.232,2,90
0.5396,0.3130,-0.4102,34.085,3.659,-84.268,2,90
0.5444,0.3042,-0.4146,35.976,4.329,-85.305,2,90
0.5513,0.2959,-0.4116,37.927,5.000,-87.073,2,90
-0.4819,-1.3701,-0.1509,-77.439,-12.622,-243.720,1,90
-0.4722,-1.3843,-0.1455,-78.110,-14.024,-244.268,1,90
-0.4702,-1.3882,-0.1470,-79.207,-15.976,-245.122,1,90
-0.4624,-1.3975,-0.1387,-79.512,-17.744,-245.732,1,90
-0.4512,-1.4058,-0.1421,-80.366,-19.695,-246.707,1,90
-0.4551,-1.4136,-0.1455,-80.854,-20.915,-247.561,1,90
-0.4487,-1.4214,-0.1465,-81.341,-23.232,-248.232,1,90
-0.4487,-1.4351,-0.1572,-81.524,-24.451,-249.573,1,90
0.5591,0.2935,-0.4102,39.817,5.488,-88.476,2,90
0.5532,0.2900,-0.3945,41.585,6.159,-90.427,2,90
0.5576,0.2861,-0.4004,43.049,6.524,-91.890,2,90
0.5576,0.2783,-0.3950,44.878,6.890,-93.537,2,90
0.5522,0.2695,-0.4038,47.012,7.500,-95.366,2,90
0.5552,0.2646,-0.4136,49.390,7.744,-97.195,2,90
0.5610,0.2637,-0.4287,51.646,8.780,-98.780,2,90
0.5532,0.2798,-0.4331,53.354,9.817,-100.976,2,90
-0.4434,-1.4307,-0.1631,-82.073,-26.402,-250.427,1,90
-0.4429,-1.4414,-0.1694,-82.012,-27.988,-251.280,1,90
-0.4438,-1.4478,-0.1963,-81.951,-29.512,-252.317,1,90
-0.4399,-1.4448,-0.2007,-81.037,-30.854,-253.415,1,90
-0.4380,-1.4395,-0.2197,-80.610,-32.134,-254.695,1,90
-0.4365,-1.4326,-0.2339,-78.902,-33.171,-256.159,1,90
-0.4346,-1.4331,-0.2441,-77.439,-33.902,-257.378,1,90
-0.4385,-1.4258,-0.2471,-76.098,-34.695,-258.963,1,90
0.5552,0.2749,-0.4253,55.183,10.915,-102.500,2,90
0.5474,0.2852,-0.4375,56.037,12.439,-104.512,2,90
0.5483,0.2817,-0.4326,56.646,14.085,-106.646,2,90
0.5522,0.2896,-0.4370,56.890,15.427,-108.049,2,90
0.5532,0.2910,-0.4253,57.012,17.256,-109.939,2,90
0.5640,0.2979,-0.4380,56.585,18.598,-111.463,2,90
0.5669,0.3052,-0.4297,56.159,20.366,-112.683,2,90
0.5845,0.3159,-0.4316,56.159,21.707,-113.659,2,90
-0.4331,-1.4087,-0.2744,-73.171,-35.793,-260.488,1,90
-0.4312,-1.4028,-0.2822,-70.793,-36.951,-261.890,1,90
-0.4155,-1.3979,-0.2993,-68.476,-37.683,-262.988,1,90
-0.4053,-1.3887,-0.3096,-65.549,-38.841,-264.268,1,90
-0.3965,-1.3872,-0.3237,-63.049,-39.573,-265.427,1,90
-0.3887,-1.3843,-0.3242,-59.939,-39.939,-266.585,1,90
-0.3755,-1.3843,-0.3501,-56.829,-40.854,-268.049,1,90
-0.3691,-1.3745,-0.3467,-54.085,-41.768,-269.451,1,90
0.6021,0.3315,-0.4404,55.610,23.963,-114.695,2,90
0.6230,0.3413,-0.4253,55.061,25.793,-115.000,2,90
0.6367,0.3545,-0.4170,54.085,27.561,-115.854,2,90
0.6523,0.3696,-0.4038,52.622,29.390,-116.341,2,90
0.6816,0.3765,-0.4092,51.707,30.854,-116.829,2,90
0.6855,0.3770,-0.4077,51.037,32.012,-116.829,2,90
0.7090,0.3931,-0.4067,50.854,33.232,-117.134,2,90
0.7139,0.3955,-0.4155,50.061,34.024,-117.195,2,90
-0.3594,-1.3745,-0.3555,-50.976,-43.171,-270.610,1,90
-0.3467,-1.3711,-0.3740,-48.232,-44.207,-271.646,1,90
-0.3384,-1.3691,-0.3809,-45.671,-45.488,-272.927,1,90
-0.3379,-1.3721,-0.3887,-43.110,-46.463,-274.268,1,90
-0.3257,-1.3735,-0.4087,-40.549,-47.744,-275.427,1,90
-0.3188,-1.3726,-0.4160,-38.171,-48.780,-276.646,1,90
-0.3091,-1.3750,-0.4336,-35.854,-50.305,-277.622,1,90
-0.2954,-1.3765,-0.4434,-34.268,-50.915,-278.780,1,90
0.7295,0.3999,-0.4136,49.878,35.000,-117.683,2,90
0.7314,0.4116,-0.4150,49.390,35.732,-117.866,2,90
0.7383,0.4136,-0.4204,49.207,36.707,-117.622,2,90
0.7466,0.4189,-0.4268,48.720,37.866,-117.744,2,90
0.7393,0.4224,-0.4316,48.476,38.598,-117.805,2,90
0.7432,0.4321,-0.4424,47.927,40.000,-118.049,2,90
0.7388,0.4272,-0.4419,47.927,41.280,-117.988,2,90
0.7329,0.4321,-0.4502,47.500,42.378,-118.171,2,90
-0.3027,-1.3853,-0.4517,-31.951,-52.134,-279.817,1,90
-0.2974,-1.3838,-0.4751,-30.488,-53.110,-280.976,1,90
-0.2910,-1.3892,-0.4795,-29.085,-53.963,-281.524,1,90
-0.2725,-1.4028,-0.4780,-27.866,-55.122,-282.744,1,90
-0.2744,-1.4087,-0.4834,-27.195,-55.366,-283.476,1,90
-0.2739,-1.4087,-0.4878,-26.402,-56.402,-284.390,1,90
-0.2632,-1.4116,-0.5015,-25.854,-57.439,-285.366,1,90
-0.2529,-1.4229,-0.5210,-25.976,-58.415,-286.159,1,90
0.7266,0.4321,-0.4458,47.317,43.293,-118.476,2,90
0.7266,0.4419,-0.4639,47.256,44.390,-118.476,2,90
0.7144,0.4429,-0.4619,46.768,45.305,-118.598,2,90
0.7090,0.4443,-0.4678,46.829,46.829,-118.476,2,90
0.7041,0.4380,-0.4692,46.524,47.988,-118.354,2,90
0.7075,0.4448,-0.4629,45.854,49.512,-117.927,2,90
0.7080,0.4561,-0.4683,45.610,50.793,-117.683,2,90
0.7056,0.4639,-0.4683,45.305,51.829,-116.768,2,90
-0.9839,-0.4575,-0.0410,32.622,28.780,36.402,3,41
-0.9951,-0.4834,0.0000,32.012,30.671,38.720,3,41
-1.0005,-0.5117,0.0225,31.463,32.561,41.037,3,41
-0.9956,-0.5425,0.0078,31.463,34.512,43.110,3,41
-0.9922,-0.5552,-0.0254,32.622,37.439,44.817,3,41
-0.9849,-0.5449,-0.0483,34.390,40.610,46.646,3,41
-0.9785,-0.5122,-0.0479,36.037,43.476,48.598,3,41
-0.9707,-0.4722,-0.0308,38.171,46.098,50.610,3,41
-2.5601,0.1553,-0.0723,-15.488,263.841,96.159,4,41
-2.5313,0.1455,-0.0244,-17.317,259.024,94.756,4,41
-2.5024,0.1563,-0.0083,-17.195,254.390,93.659,4,41
-2.4746,0.1831,0.0029,-14.756,249.939,92.744,4,41
-2.4688,0.2354,0.0024,-10.183,246.037,91.159,4,41
-2.4800,0.2881,0.0146,-5.122,243.354,89.146,4,41
-2.4912,0.3359,0.0098,-0.427,240.732,86.585,4,41
-2.5273,0.3550,-0.0107,5.610,239.085,83.049,4,41
-0.9722,-0.4155,-0.0010,38.354,47.866,53.110,3,41
-0.9766,-0.3755,0.0083,36.768,48.902,56.280,3,41
-0.9883,-0.3687,-0.0083,33.902,49.939,58.476,3,41
-1.0039,-0.3730,-0.0415,31.037,51.098,60.488,3,41
-1.0112,-0.3862,-0.0752,29.695,52.500,62.500,3,41
-1.0112,-0.4175,-0.0815,28.049,54.695,64.817,3,41
-0.9946,-0.4468,-0.0786,26.341,56.585,67.378,3,41
-0.9668,-0.4766,-0.0752,24.207,57.500,70.732,3,41
-0.3184,-1.4614,-0.7974,-75.793,-71.402,-293.963,1,90
-0.3359,-1.4438,-0.8140,-80.366,-71.768,-293.476,1,90
-0.3560,-1.4292,-0.8389,-84.451,-72.256,-293.049,1,90
-0.3730,-1.4116,-0.8564,-89.451,-72.012,-292.500,1,90
-0.3848,-1.3955,-0.8750,-93.476,-72.012,-291.524,1,90
-0.4038,-1.3750,-0.9009,-97.500,-71.768,-290.244,1,90
-0.4199,-1.3657,-0.9097,-101.585,-71.463,-289.146,1,90
-0.4297,-1.3491,-0.9434,-105.610,-70.915,-287.561,1,90
-2.4185,0.4717,-0.2798,72.988,154.329,64.817,4,41
-2.5864,0.8735,-1.3975,75.305,166.098,66.098,4,41
-2.4766,2.0127,-0.5532,80.488,143.476,69.329,4,41
-1.4619,3.7842,-2.4961,46.463,62.683,63.049,4,41
-1.5190,1.6240,-4.7783,156.768,-7.012,90.305,4,41
-5.2036,1.9736,3.0503,370.061,9.939,168.110,4,41
-6.2422,-0.4033,15.9429,244.512,-210.549,87.195,4,41
-4.4512,-1.3364,15.9932,158.963,-295.671,-103.171,4,41
-0.9761,-0.6118,0.0439,-9.451,58.537,108.537,3,41
-0.9199,-0.5352,-0.0596,-10.732,60.244,110.122,3,41
-0.9487,-0.4849,-0.1118,-8.354,62.012,111.220,3,41
-0.9878,-0.4512,-0.3403,-5.427,65.061,112.378,3,41
-0.9331,-0.4492,-0.4409,3.537,71.463,111.646,3,41
-0.8403,-0.3623,-0.4194,7.988,73.537,111.280,3,41
-0.7998,-0.3350,-0.5093,10.549,75.183,110.976,3,41
-0.7612,-0.2397,-0.5767,14.451,77.073,109.085,3,41
-0.7593,-1.1616,-1.2793,-152.134,-57.195,-266.829,1,90
-0.8188,-1.1392,-1.2900,-157.683,-54.451,-262.134,1,90
-0.8735,-1.1089,-1.2998,-162.683,-52.134,-257.134,1,90
-0.9238,-1.0791,-1.3140,-168.171,-50.244,-252.073,1,90
-0.9878,-1.0454,-1.3413,-173.537,-48.537,-246.220,1,90
-1.0479,-1.0132,-1.3643,-178.720,-46.646,-240.305,1,90
-1.1196,-0.9849,-1.3877,-184.146,-44.878,-234.024,1,90
-1.1826,-0.9502,-1.4092,-188.963,-42.866,-227.622,1,90
0.9063,0.4829,-0.4780,141.890,15.854,-32.927,2,90
0.9336,0.4663,-0.4541,142.012,13.232,-31.037,2,90
0.9600,0.4541,-0.4229,141.098,10.549,-29.085,2,90
0.9951,0.4331,-0.4009,139.329,7.500,-27.805,2,90
1.0322,0.4199,-0.3726,137.195,4.024,-26.402,2,90
1.0776,0.4077,-0.3623,134.451,1.159,-25.366,2,90
1.1226,0.3877,-0.3418,131.159,-2.317,-24.695,2,90
1.1787,0.3677,-0.3486,127.500,-5.427,-23.963,2,90
-0.8633,0.2324,-0.4722,-3.841,43.415,73.049,3,41
-0.9570,0.0693,-0.4194,-2.622,41.341,69.878,3,41
-1.0220,-0.0942,-0.3818,-1.890,39.146,67.500,3,41
-1.0630,-0.2363,-0.3584,-1.829,36.524,64.634,3,41
-1.0957,-0.3486,-0.3501,-2.195,35.000,62.073,3,41
-1.1006,-0.3735,-0.3013,-2.500,33.354,60.122,3,41
-1.0923,-0.3257,-0.2622,-2.012,32.866,57.683,3,41
-1.0688,-0.2119,-0.2202,-0.122,32.683,56.098,3,41
-2.2207,0.0459,-1.0894,-238.293,-6.829,-143.537,1,90
-2.3647,0.2256,-1.0215,-244.329,0.488,-131.098,1,90
-2.5054,0.3960,-0.9448,-250.122,9.146,-117.866,1,90
-2.6431,0.5688,-0.8774,-253.720,19.695,-104.329,1,90
-2.7798,0.7573,-0.8120,-255.549,32.500,-90.305,1,90
-2.9033,0.9355,-0.7622,-254.695,46.280,-77.317,1,90
-2.9888,1.1211,-0.7095,-251.646,61.463,-65.366,1,90
-3.0576,1.3105,-0.6616,-246.585,77.134,-53.659,1,90
1.5713,0.1558,-0.6113,82.317,-23.902,-14.695,2,90
1.5815,0.1455,-0.6313,79.512,-23.902,-14.268,2,90
1.6333,0.1025,-0.6963,70.854,-23.415,-14.085,2,90
1.6533,0.0908,-0.7148,67.866,-22.988,-14.024,2,90
1.6904,0.0586,-0.7529,61.585,-21.159,-14.085,2,90
1.7427,0.0259,-0.7817,55.488,-19.207,-13.841,2,90
1.8081,-0.0195,-0.8159,46.280,-14.634,-13.537,2,90
1.8501,-0.0459,-0.8335,40.732,-11.463,-12.561,2,90
-0.8403,0.3335,-0.3174,12.073,38.354,7.378,3,41
-0.9707,0.2944,-0.2495,9.817,37.561,2.500,3,41
-1.1343,0.2231,-0.1792,7.500,37.317,-2.988,3,41
-1.2881,0.1182,-0.1226,5.549,36.707,-8.354,3,41
-1.4067,0.0435,-0.0171,2.622,37.134,-13.293,3,41
-1.4282,0.0190,0.0845,-2.744,36.280,-18.171,3,41
-1.3496,0.0313,0.1079,-8.110,32.500,-23.232,3,41
-1.2739,0.0610,0.0713,-13.293,29.878,-28.659,3,41
-3.1079,2.2231,-0.6123,-135.671,150.305,25.122,1,90
-3.1211,2.1631,-0.5879,-115.976,150.244,35.122,1,90
-3.1333,2.0918,-0.5552,-96.220,150.061,45.122,1,90
-3.1470,2.0044,-0.5566,-77.622,148.598,54.878,1,90
-3.1543,1.9053,-0.5439,-61.402,147.195,63.354,1,90
-3.1631,1.7983,-0.5244,-46.768,145.244,71.890,1,90
-3.1904,1.6587,-0.4878,-25.854,143.902,86.646,1,90
-3.2017,1.5801,-0.4727,-12.805,142.012,96.646,1,90
1.8022,-0.0679,-0.9380,-18.476,-2.134,-10.244,2,90
1.8022,-0.0571,-0.9507,-25.305,-2.622,-7.195,2,90
1.8105,-0.0405,-0.9448,-33.171,-2.988,-2.988,2,90
1.8154,-0.0303,-0.9263,-41.890,-3.171,2.073,2,90
1.8330,-0.0269,-0.9043,-51.585,-3.841,7.927,2,90
1.8750,-0.0303,-0.8843,-61.402,-4.695,14.268,2,90
1.9180,-0.0444,-0.8442,-70.610,-5.915,21.037,2,90
1.9629,-0.0649,-0.8262,-79.634,-7.744,28.354,2,90
-0.6167,-0.1162,-0.5884,3.598,14.634,-68.598,3,41
-0.6724,-0.1504,-0.5762,-0.732,9.329,-70.305,3,41
-0.6973,-0.1934,-0.5625,-4.878,4.085,-71.829,3,41
-0.7114,-0.2651,-0.5386,-9.451,-0.976,-73.049,3,41
-0.7319,-0.3242,-0.5249,-14.329,-6.037,-73.415,3,41
-0.7451,-0.3550,-0.5298,-19.207,-10.793,-73.780,3,41
-0.7759,-0.3726,-0.5454,-22.988,-14.634,-73.232,3,41
-0.7847,-0.4238,-0.5498,-25.366,-17.561,-72.378,3,41
-2.3760,1.0356,-0.6602,24.512,102.683,190.488,1,90
-2.2324,0.9702,-0.6753,26.646,99.451,198.598,1,90
-2.0986,0.9233,-0.6982,29.268,97.927,206.402,1,90
-1.9785,0.8833,-0.7041,31.707,96.280,214.207,1,90
-1.8584,0.8403,-0.7026,33.415,96.402,222.012,1,90
-1.7603,0.8140,-0.6929,34.573,96.768,229.695,1,90
-1.6558,0.7930,-0.6802,34.024,97.195,237.500,1,90
-1.5693,0.7700,-0.6660,31.585,97.927,245.061,1,90
2.1548,-0.2402,-0.8506,-125.183,-32.561,68.598,2,90
2.1084,-0.2173,-0.8799,-127.012,-34.573,66.829,2,90
2.0513,-0.1650,-0.8833,-128.537,-35.488,64.268,2,90
1.9741,-0.0977,-0.8945,-130.793,-36.341,61.280,2,90
1.8936,-0.0273,-0.8892,-131.890,-36.646,57.988,2,90
1.8110,0.0454,-0.8901,-133.049,-37.012,55.305,2,90
1.7339,0.1362,-0.8823,-133.232,-37.012,53.049,2,90
1.6489,0.2188,-0.8774,-132.500,-37.134,51.463,2,90
-1.4810,0.7500,-0.6641,26.951,98.415,252.622,1,90
-1.4009,0.7266,-0.6455,20.732,98.963,259.878,1,90
-1.3330,0.7070,-0.6323,14.756,99.207,266.890,1,90
-1.2705,0.6797,-0.6021,9.512,99.390,273.476,1,90
-1.2080,0.6514,-0.5752,4.939,99.329,280.244,1,90
-1.1563,0.6294,-0.5459,0.427,98.780,286.524,1,90
-1.1128,0.6089,-0.5122,-3.902,98.110,292.378,1,90
-1.0610,0.5776,-0.4810,-9.390,97.012,298.049,1,90
1.5791,0.2979,-0.8726,-131.098,-37.012,51.220,2,90
1.5146,0.3696,-0.8623,-129.512,-36.951,51.402,2,90
1.4624,0.4341,-0.8447,-126.463,-37.256,52.866,2,90
1.4141,0.5020,-0.8311,-122.500,-37.683,55.427,2,90
1.3750,0.5415,-0.8145,-117.988,-38.415,58.354,2,90
1.3389,0.5786,-0.8115,-112.744,-39.329,62.683,2,90
1.3042,0.5962,-0.7930,-106.463,-40.549,67.378,2,90
1.2661,0.6143,-0.7798,-100.244,-41.707,72.866,2,90
-0.8535,-0.1206,-0.4111,-27.805,-38.963,-49.695,3,41
-0.8335,-0.1411,-0.4253,-24.939,-39.878,-49.024,3,41
-0.8311,-0.1812,-0.4658,-21.159,-40.183,-47.866,3,41
-0.8379,-0.2407,-0.4736,-16.402,-40.061,-47.012,3,41
-0.8433,-0.2993,-0.4604,-11.037,-39.573,-45.671,3,41
-0.8228,-0.3364,-0.4458,-5.671,-38.902,-44.024,3,41
-0.7983,-0.3521,-0.4395,-2.866,-40.488,-42.073,3,41
-0.7778,-0.3701,-0.4658,-0.854,-41.829,-40.183,3,41
-0.7314,0.0742,-0.0073,-21.220,80.732,333.415,1,90
-0.6938,0.0142,0.0215,-21.220,77.500,334.878,1,90
-0.6675,-0.0518,0.0474,-22.256,74.085,335.854,1,90
-0.6357,-0.1367,0.0513,-23.963,71.341,336.463,1,90
-0.6050,-0.2202,0.0654,-26.098,68.476,337.866,1,90
-0.5752,-0.3223,0.0693,-27.622,65.732,338.963,1,90
-0.5649,-0.4292,0.0796,-29.451,63.598,340.305,1,90
-0.5498,-0.5557,0.0796,-31.037,62.073,341.341,1,90
1.0371,0.3657,-0.5732,-50.610,-52.439,114.817,2,90
1.0039,0.3105,-0.5303,-47.256,-52.683,118.110,2,90
0.9736,0.2583,-0.4971,-44.756,-52.988,121.037,2,90
0.9482,0.2114,-0.4585,-42.988,-53.049,123.598,2,90
0.9087,0.1714,-0.4053,-41.159,-52.805,125.671,2,90
0.8794,0.1362,-0.3604,-40.366,-52.378,127.988,2,90
0.8496,0.0938,-0.3130,-40.244,-52.012,129.390,2,90
0.8232,0.0679,-0.2656,-40.244,-51.768,131.037,2,90
-0.8198,-0.3848,-0.4844,13.354,-54.451,-24.878,3,41
-0.8320,-0.3457,-0.4873,15.122,-54.939,-24.085,3,41
-0.8555,-0.2910,-0.4614,17.256,-55.488,-22.988,3,41
-0.8701,-0.2227,-0.4170,18.537,-56.220,-22.073,3,41
-0.8960,-0.1694,-0.3848,19.817,-56.829,-21.159,3,41
-0.9219,-0.1299,-0.3496,21.341,-57.439,-20.610,3,41
-0.9351,-0.1172,-0.3276,23.110,-57.988,-20.427,3,41
-0.9331,-0.1118,-0.3159,24.878,-57.866,-20.366,3,41
-0.9419,-0.1118,-0.2930,26.585,-57.927,-19.939,3,41
-0.9492,-0.1226,-0.2842,28.110,-58.110,-19.634,3,41
-0.9614,-0.1538,-0.2925,28.963,-58.415,-19.207,3,41
-0.9663,-0.2036,-0.2886,30.427,-58.415,-18.780,3,41
-0.9639,-0.2637,-0.3105,32.012,-58.049,-18.232,3,41
-0.9512,-0.3120,-0.3179,34.146,-57.866,-17.988,3,41
-0.9312,-0.3555,-0.3286,35.488,-57.500,-18.049,3,41
-0.9160,-0.3945,-0.3457,35.976,-57.500,-17.988,3,41
-2.8584,-0.1987,0.7197,35.976,-302.866,-290.671,4,41
-2.9126,-0.1284,0.6006,64.451,-311.951,-300.854,4,41
-2.9272,-0.1025,0.5303,83.171,-317.866,-308.780,4,41
-2.9277,-0.1284,0.5210,89.329,-322.134,-315.061,4,41
-2.9497,-0.1934,0.5073,85.793,-327.317,-321.280,4,41
-2.9946,-0.2764,0.4951,74.817,-334.085,-327.744,4,41
-3.0581,-0.3843,0.4561,61.585,-342.195,-334.207,4,41
-3.1255,-0.4976,0.3979,48.171,-350.488,-341.280,4,41
-0.8931,-0.4141,-0.3379,36.220,-57.622,-18.171,3,41
-0.8818,-0.4165,-0.3306,35.793,-57.500,-17.683,3,41
-0.8848,-0.4141,-0.3047,34.573,-57.317,-17.256,3,41
-0.9004,-0.4111,-0.2871,33.659,-56.768,-16.402,3,41
-0.9160,-0.4185,-0.2617,32.195,-55.793,-16.098,3,41
-0.9233,-0.4253,-0.2158,31.220,-54.695,-15.732,3,41
-0.9316,-0.4189,-0.1597,29.878,-53.720,-14.817,3,41
-0.9473,-0.3984,-0.1265,28.110,-53.049,-14.512,3,41
-0.6475,-2.6436,-0.2695,-58.232,42.195,367.195,1,90
-0.5581,-2.7295,-0.2632,-50.061,43.841,354.390,1,90
-0.4487,-2.8086,-0.2813,-42.134,43.963,340.549,1,90
-0.3413,-2.8789,-0.2793,-34.878,44.024,326.463,1,90
-0.2241,-2.9292,-0.2900,-28.171,42.927,312.195,1,90
-0.1201,-2.9653,-0.2998,-22.073,41.280,298.354,1,90
-0.0010,-2.9971,-0.3242,-16.341,39.024,284.756,1,90
0.1104,-3.0083,-0.3398,-11.402,36.159,271.890,1,90
0.0938,0.4170,-0.3613,13.720,-29.939,112.866,2,90
0.0908,0.4141,-0.3750,18.110,-28.841,112.622,2,90
0.0776,0.4038,-0.3843,22.012,-28.232,112.256,2,90
0.0718,0.3784,-0.3662,25.244,-27.256,112.134,2,90
0.0728,0.3687,-0.3687,27.988,-27.256,111.585,2,90
0.0742,0.3433,-0.3491,29.756,-27.622,110.732,2,90
0.0708,0.3188,-0.3525,31.585,-27.805,110.000,2,90
0.0801,0.2900,-0.3677,33.293,-29.024,109.146,2,90
0.2056,-3.0088,-0.3770,-6.768,33.476,259.451,1,90
0.3027,-3.0127,-0.4229,-2.805,30.732,247.256,1,90
0.3906,-3.0190,-0.4531,0.671,28.537,235.366,1,90
0.4634,-3.0181,-0.4912,3.780,26.585,224.329,1,90
0.5361,-3.0093,-0.5205,6.768,24.268,213.476,1,90
0.6064,-3.0005,-0.5439,8.780,23.171,204.268,1,90
0.6426,-2.9907,-0.5576,9.939,21.707,195.427,1,90
0.6948,-2.9766,-0.5728,11.402,20.183,187.866,1,90
0.0874,0.2607,-0.3774,34.756,-30.488,108.232,2,90
0.0928,0.2344,-0.3765,36.098,-31.402,107.561,2,90
0.1108,0.2075,-0.3887,36.890,-32.195,106.585,2,90
0.1182,0.1895,-0.3862,37.012,-32.683,106.098,2,90
0.1343,0.1650,-0.3936,36.220,-32.805,105.488,2,90
0.1519,0.1436,-0.3999,35.061,-32.500,104.695,2,90
0.1616,0.1196,-0.4043,33.720,-32.134,104.085,2,90
0.1748,0.0981,-0.4165,32.073,-31.098,103.415,2,90
0.7300,-2.9565,-0.5923,11.707,19.146,180.366,1,90
0.7754,-2.9365,-0.5933,12.927,17.561,173.598,1,90
0.8340,-2.9106,-0.6104,14.085,16.951,166.524,1,90
0.8823,-2.8877,-0.6118,15.305,16.463,159.024,1,90
0.9341,-2.8618,-0.6040,16.463,15.061,151.768,1,90
0.9897,-2.8193,-0.6001,17.134,13.598,143.720,1,90
1.0444,-2.7788,-0.5884,18.049,11.402,135.244,1,90
1.0991,-2.7280,-0.5864,17.805,8.720,126.890,1,90
0.1934,0.0830,-0.4229,30.061,-30.305,102.805,2,90
0.2031,0.0728,-0.4199,28.293,-29.390,101.951,2,90
0.2124,0.0591,-0.4404,26.585,-28.598,101.159,2,90
0.2314,0.0562,-0.4380,24.451,-27.439,100.610,2,90
0.2617,0.0649,-0.4419,22.439,-26.646,99.451,2,90
0.2681,0.0566,-0.4482,20.305,-25.610,98.537,2,90
0.2827,0.0562,-0.4507,18.049,-24.695,97.744,2,90
0.2930,0.0625,-0.4604,16.037,-23.537,97.134,2,90
1.1665,-2.6782,-0.5757,17.561,5.976,117.988,1,90
1.2144,-2.6226,-0.5874,17.439,3.049,109.695,1,90
1.2539,-2.5552,-0.5889,16.951,-0.732,101.341,1,90
1.2905,-2.4844,-0.5962,16.524,-3.537,93.537,1,90
1.3237,-2.3687,-0.6172,16.585,-7.317,82.683,1,90
1.3359,-2.2915,-0.6348,17.622,-9.695,76.280,1,90
1.3394,-2.2168,-0.6519,18.232,-10.976,70.488,1,90
1.3442,-2.1465,-0.6660,19.756,-11.768,65.305,1,90
0.3018,0.0737,-0.4736,14.756,-22.683,96.037,2,90
0.3008,0.0859,-0.4810,13.841,-21.768,95.122,2,90
0.3032,0.1045,-0.5020,12.988,-20.610,94.085,2,90
0.3032,0.1235,-0.5098,12.256,-19.329,93.171,2,90
0.3032,0.1465,-0.5254,11.646,-17.866,91.707,2,90
0.2793,0.1538,-0.5298,10.488,-16.463,90.488,2,90
0.2788,0.1660,-0.5415,9.939,-14.329,88.963,2,90
0.2588,0.1753,-0.5439,9.817,-12.744,87.195,2,90
1.3384,-2.0801,-0.6787,21.768,-11.220,60.122,1,90
1.3301,-2.0151,-0.6938,23.476,-10.549,56.098,1,90
1.3125,-1.9521,-0.6943,26.159,-9.634,51.646,1,90
1.2886,-1.8970,-0.7031,28.476,-7.866,47.866,1,90
1.2715,-1.8560,-0.7036,30.549,-6.037,43.841,1,90
1.2505,-1.8115,-0.7090,32.500,-3.476,40.549,1,90
1.2173,-1.7852,-0.7090,34.451,-1.890,37.012,1,90
1.1973,-1.7490,-0.7104,36.341,0.183,33.902,1,90
0.2578,0.1846,-0.5605,10.244,-10.610,85.427,2,90
0.2329,0.1885,-0.5693,10.915,-8.598,83.354,2,90
0.2197,0.1987,-0.5825,11.585,-5.976,81.220,2,90
0.2070,0.2026,-0.5776,12.073,-4.268,78.598,2,90
0.1997,0.2031,-0.5728,12.866,-1.646,75.793,2,90
0.1797,0.2075,-0.5806,12.805,0.427,73.232,2,90
0.1836,0.2061,-0.5840,13.110,2.805,70.549,2,90
0.1680,0.1982,-0.5918,13.963,4.573,67.683,2,90
-0.8369,-0.5269,-0.3687,3.171,-20.793,-16.646,3,41
-0.8394,-0.5186,-0.3594,0.427,-23.110,-15.854,3,41
-0.8496,-0.5186,-0.3516,-2.744,-25.305,-14.634,3,41
-0.8618,-0.5366,-0.3340,-5.854,-27.683,-13.841,3,41
-0.9160,-0.5620,-0.3027,-10.000,-30.488,-15.427,3,41
-0.7803,-0.5381,-0.3218,-13.598,-32.988,-14.939,3,41
-0.8164,-0.5234,-0.2578,-13.902,-32.317,-8.841,3,41
-0.8711,-0.4971,-0.2466,-17.195,-34.390,-7.012,3,41
0.1719,0.1963,-0.6006,14.329,6.951,65.305,2,90
0.1636,0.1846,-0.6113,15.549,9.085,62.622,2,90
0.1509,0.1831,-0.6074,16.585,10.793,60.122,2,90
0.1445,0.1812,-0.6128,16.768,13.476,57.561,2,90
0.1445,0.1758,-0.6045,17.134,15.488,55.183,2,90
0.1440,0.1772,-0.6030,17.073,17.927,52.439,2,90
0.1489,0.1777,-0.6108,16.585,20.244,49.390,2,90
0.1489,0.1836,-0.5986,16.463,22.378,46.707,2,90
1.0576,-1.5127,-0.5708,47.866,12.683,5.671,1,90
1.0591,-1.4824,-0.5464,47.927,13.232,3.415,1,90
1.0669,-1.4668,-0.5195,47.439,13.232,1.341,1,90
1.0630,-1.4351,-0.4985,46.890,13.476,-0.732,1,90
1.0679,-1.4111,-0.4756,45.732,13.354,-2.744,1,90
1.0786,-1.3906,-0.4541,44.634,12.683,-4.634,1,90
1.0781,-1.3672,-0.4185,43.232,11.402,-6.768,1,90
1.0703,-1.3467,-0.4082,41.951,10.366,-8.537,1,90
0.1543,0.1816,-0.5947,15.976,24.573,43.720,2,90
0.1489,0.1919,-0.5786,14.817,27.134,40.671,2,90
0.1694,0.2007,-0.5757,12.927,29.329,37.988,2,90
0.1733,0.2090,-0.5659,10.915,31.890,35.000,2,90
0.1797,0.2139,-0.5591,8.110,33.720,32.683,2,90
0.1919,0.2158,-0.5483,5.305,35.488,29.817,2,90
0.1963,0.2192,-0.5425,3.110,37.500,27.500,2,90
0.2056,0.2188,-0.5479,0.915,38.963,25.732,2,90
-3.0093,15.5000,-13.3843,339.085,235.732,-271.951,4,41
8.9746,15.9961,-14.4238,76.402,147.317,-104.878,4,41
7.9199,15.9995,-14.6841,-189.390,-73.841,156.524,4,41
4.9014,15.9995,-8.3804,-98.354,-184.512,300.305,4,41
3.0835,15.0542,-4.8174,24.085,-204.085,329.634,4,41
2.3281,11.5723,-3.1509,140.427,-118.537,285.915,4,41
1.7178,8.1694,-1.3369,321.585,-39.146,190.183,4,41
1.1016,5.7920,0.1353,487.256,-16.402,138.659,4,41
0.2041,0.2173,-0.5435,-1.220,40.854,23.171,2,90
0.2158,0.2163,-0.5342,-3.720,42.134,21.159,2,90
0.2202,0.2139,-0.5278,-6.280,43.598,19.024,2,90
0.2280,0.2129,-0.5239,-9.573,44.817,16.951,2,90
0.2285,0.2139,-0.5249,-12.988,46.159,14.512,2,90
0.2368,0.2056,-0.5249,-16.768,47.561,12.317,2,90
0.2407,0.2012,-0.5269,-19.695,49.085,10.427,2,90
0.2407,0.2002,-0.5259,-22.622,50.305,8.110,2,90
-1.0146,-0.0913,0.0288,3.354,-16.707,-8.841,3,41
-1.0234,-0.0918,0.0190,3.780,-15.732,-9.207,3,41
-1.0596,-0.0981,0.0229,5.305,-14.024,-10.915,3,41
-1.0688,-0.0947,0.0205,6.524,-12.134,-12.866,3,41
-1.0776,-0.0977,0.0195,7.500,-9.939,-15.488,3,41
-1.0664,-0.1104,0.0200,8.537,-7.805,-18.476,3,41
-1.0586,-0.0996,0.0293,9.390,-6.098,-21.463,3,41
-1.0601,-0.0884,0.0615,9.451,-5.244,-23.354,3,41
0.2476,0.2144,-0.5225,-25.793,51.768,5.976,2,90
0.2500,0.2129,-0.5176,-29.451,53.476,4.146,2,90
0.2471,0.2285,-0.5186,-33.415,55.305,1.646,2,90
0.2568,0.2393,-0.5098,-37.927,56.829,0.061,2,90
0.2510,0.2510,-0.5010,-43.354,57.927,-2.317,2,90
0.2632,0.2612,-0.4995,-48.537,59.451,-4.146,2,90
0.2642,0.2783,-0.4907,-54.329,60.183,-5.549,2,90
0.2759,0.2852,-0.4951,-59.573,61.037,-7.073,2,90
0.2856,0.2954,-0.4878,-64.756,61.707,-8.293,2,90
0.3037,0.3057,-0.4917,-69.329,62.378,-9.146,2,90
0.3062,0.3232,-0.4829,-74.634,63.232,-9.878,2,90
0.3296,0.3335,-0.4810,-79.634,64.146,-10.610,2,90
0.3403,0.3452,-0.4707,-84.634,64.817,-11.646,2,90
0.3574,0.3638,-0.4697,-89.634,65.183,-12.134,2,90
0.3682,0.3623,-0.4624,-94.512,65.488,-12.744,2,90
0.3843,0.3643,-0.4409,-98.659,65.549,-13.293,2,90
0.6245,-1.1304,-0.3604,14.024,-22.744,-36.768,1,90
0.6191,-1.1309,-0.3643,13.598,-24.939,-37.988,1,90
0.6143,-1.1221,-0.3550,12.805,-26.707,-39.329,1,90
0.6084,-1.1216,-0.3545,12.073,-28.720,-40.793,1,90
0.6001,-1.1260,-0.3604,11.585,-30.427,-42.378,1,90
0.6001,-1.1250,-0.3589,11.585,-32.378,-43.963,1,90
0.5840,-1.1250,-0.3652,11.707,-34.390,-45.305,1,90
0.5786,-1.1313,-0.3730,12.195,-36.402,-46.890,1,90
0.3984,0.3535,-0.4370,-102.988,65.305,-14.207,2,90
0.4102,0.3560,-0.4360,-106.220,65.305,-14.756,2,90
0.4302,0.3540,-0.4355,-109.207,65.061,-15.915,2,90
0.4536,0.3477,-0.4204,-111.707,64.390,-16.951,2,90
0.4609,0.3530,-0.4238,-113.598,63.902,-18.049,2,90
0.4751,0.3477,-0.4102,-115.244,63.049,-19.512,2,90
0.4907,0.3530,-0.4116,-116.707,62.683,-21.159,2,90
0.5020,0.3579,-0.4180,-116.768,61.890,-22.622,2,90
0.5718,-1.1255,-0.3662,12.500,-38.354,-48.232,1,90
0.5649,-1.1309,-0.3765,13.110,-40.610,-50.000,1,90
0.5645,-1.1328,-0.3755,13.476,-42.500,-51.524,1,90
0.5659,-1.1274,-0.3853,13.720,-44.329,-53.354,1,90
0.5601,-1.1382,-0.4038,14.329,-47.378,-56.098,1,90
0.5586,-1.1387,-0.4063,15.183,-49.207,-57.988,1,90
0.5527,-1.1440,-0.4160,15.976,-51.037,-59.878,1,90
0.5493,-1.1470,-0.4238,17.012,-52.622,-62.012,1,90
0.5156,0.3657,-0.4185,-116.829,61.585,-24.512,2,90
0.5215,0.3784,-0.4199,-115.671,60.671,-26.646,2,90
0.5371,0.3975,-0.4224,-112.927,59.695,-29.634,2,90
0.5391,0.4033,-0.4268,-111.524,59.573,-30.732,2,90
0.5459,0.4185,-0.4292,-108.659,58.659,-32.988,2,90
0.5474,0.4453,-0.4390,-105.000,58.171,-35.305,2,90
0.5498,0.4663,-0.4336,-100.793,57.378,-37.744,2,90
0.5459,0.4771,-0.4434,-95.732,56.159,-40.244,2,90
0.5420,-1.1523,-0.4341,18.110,-54.085,-63.659,1,90
0.5371,-1.1523,-0.4404,19.390,-55.305,-65.732,1,90
0.5415,-1.1572,-0.4438,20.610,-56.890,-68.110,1,90
0.5498,-1.1538,-0.4468,22.317,-58.415,-70.366,1,90
0.5405,-1.1553,-0.4580,22.866,-59.695,-72.561,1,90
0.5479,-1.1548,-0.4536,24.268,-60.671,-75.244,1,90
0.5566,-1.1509,-0.4595,25.244,-61.890,-77.927,1,90
0.5625,-1.1387,-0.4473,26.280,-63.049,-80.305,1,90
0.5420,0.5107,-0.4619,-87.134,54.207,-43.902,2,90
0.5449,0.5200,-0.4736,-83.598,53.476,-45.061,2,90
0.5347,0.5347,-0.4790,-76.707,52.439,-47.500,2,90
0.5249,0.5747,-0.4932,-65.915,50.366,-51.463,2,90
0.5254,0.5854,-0.5015,-62.317,49.817,-52.622,2,90
0.5107,0.6118,-0.5059,-55.427,48.720,-55.488,2,90
0.5059,0.6313,-0.5137,-48.659,47.439,-57.927,2,90
0.4902,0.6465,-0.5127,-42.622,46.098,-60.244,2,90
0.4731,0.6509,-0.5063,-33.171,43.841,-63.902,2,90
0.4600,0.6572,-0.5039,-26.646,42.317,-66.220,2,90
0.4502,0.6621,-0.5098,-20.305,40.305,-68.049,2,90
0.4380,0.6563,-0.5020,-14.329,38.720,-69.756,2,90
0.4243,0.6465,-0.5078,-8.902,36.890,-71.707,2,90
0.4170,0.6392,-0.4941,-3.659,34.878,-73.171,2,90
0.4150,0.6206,-0.4902,0.061,33.110,-74.695,2,90
0.4170,0.6064,-0.4741,3.354,31.341,-76.159,2,90
0.5947,-1.0879,-0.4238,34.512,-71.890,-104.756,1,90
0.6055,-1.0908,-0.4136,33.537,-72.500,-107.073,1,90
0.5991,-1.0996,-0.4033,32.988,-73.110,-109.634,1,90
0.5967,-1.1118,-0.4009,32.256,-74.024,-112.134,1,90
0.5996,-1.1265,-0.3960,31.585,-74.939,-114.085,1,90
0.5986,-1.1367,-0.3921,30.122,-75.854,-116.037,1,90
0.5913,-1.1509,-0.3950,29.024,-76.768,-118.415,1,90
0.5796,-1.1626,-0.4043,27.439,-78.110,-120.366,1,90
0.4214,0.5791,-0.4707,6.159,29.146,-77.439,2,90
0.4204,0.5576,-0.4624,8.293,27.012,-78.232,2,90
0.4180,0.5283,-0.4487,10.244,24.939,-79.207,2,90
0.4268,0.5044,-0.4419,11.524,22.927,-79.756,2,90
0.4297,0.4771,-0.4473,12.683,21.037,-80.122,2,90
0.4438,0.4492,-0.4395,13.537,18.902,-80.671,2,90
0.4395,0.4258,-0.4316,13.902,16.646,-80.793,2,90
0.4419,0.4072,-0.4297,14.329,15.000,-81.280,2,90
0.5723,-1.1772,-0.3950,26.037,-79.024,-122.256,1,90
0.5537,-1.1943,-0.3975,24.268,-79.695,-124.329,1,90
0.5391,-1.2031,-0.3926,22.683,-80.244,-126.402,1,90
0.5093,-1.2134,-0.3955,20.122,-80.793,-129.146,1,90
0.4873,-1.2129,-0.4053,18.780,-81.402,-131.037,1,90
0.4683,-1.2192,-0.3955,17.012,-81.829,-132.988,1,90
0.4473,-1.2192,-0.3979,15.610,-82.195,-134.939,1,90
0.4375,-1.2231,-0.4009,14.085,-82.378,-136.768,1,90
0.4448,0.3916,-0.4180,13.780,13.232,-81.524,2,90
0.4370,0.3740,-0.4258,13.354,11.341,-81.768,2,90
0.4390,0.3569,-0.4189,12.195,9.268,-81.951,2,90
0.4443,0.3486,-0.4111,11.220,7.744,-81.890,2,90
0.4331,0.3413,-0.4199,9.817,5.854,-81.951,2,90
0.4307,0.3340,-0.4175,8.841,3.963,-81.951,2,90
0.4316,0.3262,-0.4170,7.317,1.890,-82.134,2,90
0.4204,0.3315,-0.4180,6.463,0.549,-82.378,2,90
0.4233,-1.2236,-0.3882,12.317,-82.378,-139.024,1,90
0.4053,-1.2241,-0.3936,10.732,-82.317,-140.854,1,90
0.3999,-1.2310,-0.3911,8.963,-82.195,-142.622,1,90
0.3862,-1.2354,-0.3853,8.049,-82.195,-144.390,1,90
0.3848,-1.2319,-0.3833,7.134,-82.683,-145.854,1,90
0.3608,-1.2207,-0.3818,6.280,-83.110,-147.439,1,90
0.3506,-1.2114,-0.3711,5.793,-83.293,-149.207,1,90
0.3472,-1.2046,-0.3667,5.366,-84.085,-150.793,1,90
0.4009,0.3276,-0.4199,5.244,-0.976,-82.561,2,90
0.3979,0.3296,-0.4263,4.024,-2.683,-82.439,2,90
0.3906,0.3350,-0.4316,3.049,-4.207,-82.317,2,90
0.3867,0.3408,-0.4307,2.195,-5.671,-82.317,2,90
0.3818,0.3511,-0.4390,1.280,-6.951,-82.561,2,90
0.3730,0.3564,-0.4458,0.732,-8.049,-82.500,2,90
0.3662,0.3643,-0.4429,0.244,-9.207,-82.561,2,90
0.3613,0.3726,-0.4497,-0.244,-10.000,-82.683,2,90
0.3398,-1.1919,-0.3721,4.817,-84.512,-152.317,1,90
0.3281,-1.1729,-0.3682,4.939,-85.122,-153.902,1,90
0.3208,-1.1631,-0.3716,5.122,-85.549,-155.183,1,90
0.3125,-1.1646,-0.3696,5.427,-85.610,-156.585,1,90
0.3042,-1.1514,-0.3760,6.341,-86.037,-157.744,1,90
0.2949,-1.1489,-0.3892,6.829,-85.793,-158.841,1,90
0.2896,-1.1558,-0.3926,8.232,-85.976,-159.329,1,90
0.2837,-1.1606,-0.3940,10.305,-85.427,-160.671,1,90
0.3511,0.3892,-0.4517,-0.305,-10.305,-82.561,2,90
0.3472,0.3960,-0.4644,0.183,-11.159,-82.561,2,90
0.3501,0.4106,-0.4619,0.732,-11.646,-82.439,2,90
0.3481,0.4175,-0.4673,1.707,-12.195,-82.195,2,90
0.3525,0.4253,-0.4712,2.866,-12.866,-82.073,2,90
0.3584,0.4292,-0.4766,4.268,-13.415,-81.768,2,90
0.3613,0.4370,-0.4849,6.037,-14.390,-81.585,2,90
0.3652,0.4424,-0.4839,7.805,-15.122,-81.585,2,90
-0.9224,-0.4014,-0.1704,64.878,50.000,31.890,3,41
-0.9224,-0.4028,-0.1577,63.659,48.963,32.927,3,41
-0.9233,-0.4067,-0.1440,61.280,48.110,33.780,3,41
-0.9268,-0.4258,-0.1382,59.573,47.134,33.963,3,41
-0.9082,-0.4404,-0.1401,57.500,46.707,34.146,3,41
-0.8955,-0.4355,-0.1484,56.707,45.732,34.695,3,41
-0.8887,-0.4219,-0.1470,55.305,44.939,35.183,3,41
-0.8936,-0.4038,-0.1494,53.963,43.963,36.463,3,41
0.2095,-1.1934,-0.4346,33.415,-84.207,-172.378,1,90
0.2070,-1.1914,-0.4272,36.159,-84.451,-173.963,1,90
0.2017,-1.1899,-0.4326,38.232,-85.000,-175.549,1,90
0.2021,-1.1880,-0.4277,40.183,-84.939,-177.378,1,90
0.2021,-1.1909,-0.4160,42.073,-85.244,-179.085,1,90
0.1987,-1.1948,-0.4087,43.232,-85.366,-180.915,1,90
0.2007,-1.1958,-0.4048,44.390,-85.671,-182.683,1,90
0.2031,-1.1982,-0.4058,45.244,-85.854,-184.451,1,90
0.4453,0.3916,-0.5010,26.585,-16.768,-82.561,2,90
0.4585,0.3726,-0.5098,28.902,-16.402,-82.805,2,90
0.4785,0.3667,-0.5005,30.366,-16.098,-83.171,2,90
0.4932,0.3540,-0.5024,32.927,-15.671,-83.537,2,90
0.5181,0.3457,-0.5039,35.549,-15.061,-83.963,2,90
0.5376,0.3389,-0.4985,37.866,-14.573,-84.146,2,90
0.5493,0.3428,-0.4829,40.427,-14.146,-84.817,2,90
0.5640,0.3369,-0.4844,41.951,-13.293,-84.878,2,90
0.2134,-1.2124,-0.3911,46.463,-85.854,-186.402,1,90
0.2114,-1.2148,-0.3901,47.073,-86.402,-187.805,1,90
0.2153,-1.2305,-0.4038,47.622,-86.890,-189.451,1,90
0.2275,-1.2285,-0.4009,48.293,-87.561,-191.341,1,90
0.2271,-1.2344,-0.4067,48.598,-88.659,-192.561,1,90
0.2290,-1.2417,-0.4194,49.024,-89.939,-194.817,1,90
0.2324,-1.2446,-0.4229,49.329,-90.854,-196.341,1,90
0.2285,-1.2559,-0.4438,49.817,-91.768,-198.171,1,90
0.5894,0.3345,-0.4873,44.146,-12.744,-85.610,2,90
0.6001,0.3457,-0.4663,45.610,-11.463,-85.671,2,90
0.6108,0.3438,-0.4575,47.866,-11.159,-85.976,2,90
0.6187,0.3481,-0.4512,49.085,-10.183,-86.524,2,90
0.6187,0.3501,-0.4453,51.098,-9.695,-87.195,2,90
0.6196,0.3535,-0.4355,53.171,-8.963,-87.256,2,90
0.6152,0.3569,-0.4438,55.854,-8.293,-87.561,2,90
0.6147,0.3638,-0.4458,58.780,-7.378,-87.927,2,90
-0.9507,-0.4644,-0.0337,36.585,38.780,54.329,3,41
-0.9385,-0.5146,-0.0308,36.829,40.183,55.610,3,41
-0.9063,-0.5444,-0.0181,37.378,40.915,56.402,3,41
-0.8794,-0.5610,-0.0239,38.354,41.951,57.561,3,41
-0.8599,-0.5513,-0.0659,38.110,42.195,58.110,3,41
-0.8569,-0.5181,-0.0972,37.195,42.073,59.146,3,41
-0.8662,-0.4536,-0.1123,35.366,40.854,59.878,3,41
-0.8843,-0.3921,-0.1226,32.195,38.902,60.915,3,41
0.2061,-1.2803,-0.6035,54.939,-101.037,-214.878,1,90
0.2080,-1.2759,-0.6187,55.854,-101.951,-216.890,1,90
0.2021,-1.2729,-0.6465,57.012,-102.561,-219.085,1,90
0.1987,-1.2671,-0.6514,57.988,-103.171,-220.488,1,90
0.1958,-1.2583,-0.6660,58.659,-104.085,-222.744,1,90
0.1958,-1.2534,-0.6714,59.024,-104.878,-224.390,1,90
0.1958,-1.2573,-0.6821,59.024,-105.915,-226.341,1,90
0.2070,-1.2617,-0.6997,58.354,-106.890,-227.988,1,90
0.5845,0.4463,-0.5347,82.683,2.927,-87.683,2,90
0.5908,0.4580,-0.5444,84.390,4.939,-86.890,2,90
0.6055,0.4536,-0.5493,85.793,7.134,-85.793,2,90
0.6309,0.4595,-0.5483,87.073,10.000,-84.695,2,90
0.6455,0.4648,-0.5552,88.354,12.683,-83.232,2,90
0.6685,0.4609,-0.5522,89.146,14.695,-81.585,2,90
0.6890,0.4590,-0.5498,90.244,17.073,-80.488,2,90
0.7085,0.4561,-0.5439,91.098,19.268,-78.902,2,90
-0.9482,-0.3530,-0.0986,-24.878,22.805,69.451,3,41
-0.9595,-0.3721,-0.1055,-27.866,22.195,70.000,3,41
-0.9790,-0.4116,-0.1289,-32.378,22.256,71.159,3,41
-0.9946,-0.4570,-0.1504,-34.756,22.317,72.073,3,41
-0.9785,-0.4849,-0.1543,-34.573,23.902,73.476,3,41
-0.9766,-0.5151,-0.1284,-32.927,25.976,75.366,3,41
-0.9731,-0.5459,-0.0811,-30.305,28.354,77.744,3,41
-0.9575,-0.5879,-0.0308,-29.207,30.244,80.671,3,41
0.1475,-1.3921,-0.8862,48.171,-114.756,-245.793,1,90
0.1382,-1.3999,-0.9092,46.646,-114.695,-248.354,1,90
0.1274,-1.3940,-0.9336,45.366,-115.854,-251.098,1,90
0.1094,-1.3911,-0.9546,43.171,-116.159,-253.598,1,90
0.1011,-1.3921,-0.9775,40.915,-116.402,-256.585,1,90
0.0952,-1.3857,-1.0020,38.293,-116.463,-258.902,1,90
0.0835,-1.3853,-1.0195,36.280,-116.585,-261.524,1,90
0.0835,-1.3848,-1.0469,32.927,-116.280,-264.146,1,90
0.7979,0.3940,-0.4775,102.378,28.415,-65.549,2,90
0.8013,0.3892,-0.4790,103.841,28.354,-64.451,2,90
0.7891,0.3945,-0.4717,105.671,28.841,-63.293,2,90
0.7783,0.3916,-0.4810,106.890,29.451,-61.890,2,90
0.7671,0.3984,-0.4673,108.354,29.939,-60.671,2,90
0.7529,0.4019,-0.4688,109.573,30.183,-59.390,2,90
0.7363,0.4116,-0.4600,111.098,30.793,-57.805,2,90
0.7212,0.4175,-0.4692,112.561,31.220,-56.098,2,90
-0.8984,-0.2202,-0.4937,-7.622,48.659,93.902,3,41
-0.9014,-0.2158,-0.4897,-5.061,49.695,94.268,3,41
-0.8906,-0.2446,-0.4478,-5.793,50.244,94.085,3,41
-0.8652,-0.2910,-0.3989,-8.598,49.268,94.024,3,41
-0.8350,-0.3174,-0.3452,-13.841,46.585,94.451,3,41
-0.8066,-0.3389,-0.3140,-20.488,43.720,95.061,3,41
-0.8403,-0.3418,-0.2983,-28.415,39.573,96.402,3,41
-0.8848,-0.3423,-0.2935,-35.732,36.220,98.293,3,41
0.0078,-1.4082,-1.1558,-3.780,-110.061,-281.037,1,90
-0.0044,-1.4092,-1.1836,-9.512,-109.268,-282.378,1,90
-0.0122,-1.4072,-1.1909,-15.488,-108.171,-283.537,1,90
-0.0313,-1.4194,-1.2056,-21.402,-106.951,-284.939,1,90
-0.0459,-1.4146,-1.2256,-27.866,-105.427,-285.488,1,90
-0.0679,-1.4111,-1.2524,-34.634,-104.390,-286.646,1,90
-0.0854,-1.4063,-1.2690,-41.524,-102.744,-287.744,1,90
-0.1099,-1.3877,-1.2769,-48.232,-101.280,-288.415,1,90
0.7417,0.4746,-0.4375,132.195,31.159,-36.951,2,90
0.7480,0.4673,-0.4351,134.451,30.061,-34.146,2,90
0.7666,0.4502,-0.4082,136.585,28.232,-31.524,2,90
0.7798,0.4385,-0.4131,138.780,26.768,-29.573,2,90
0.7949,0.4253,-0.4072,141.280,24.817,-27.073,2,90
0.8081,0.4053,-0.4102,143.902,22.988,-25.000,2,90
0.8223,0.3906,-0.4272,146.829,20.915,-22.988,2,90
0.8325,0.3774,-0.4321,149.512,18.963,-20.732,2,90
-0.1499,-1.3516,-1.2964,-58.171,-98.780,-289.146,1,90
-0.1729,-1.3232,-1.3213,-64.756,-97.195,-289.207,1,90
-0.1924,-1.2920,-1.3247,-71.220,-95.183,-288.780,1,90
-0.2178,-1.2500,-1.3369,-77.134,-93.415,-288.476,1,90
-0.2388,-1.2085,-1.3491,-82.439,-91.159,-287.500,1,90
-0.2686,-1.1577,-1.3613,-87.561,-88.659,-286.646,1,90
-0.2886,-1.1099,-1.3750,-91.585,-85.915,-285.000,1,90
-0.3140,-1.0493,-1.3721,-95.061,-82.622,-283.110,1,90
0.8369,0.3696,-0.4331,151.829,17.256,-19.695,2,90
0.8530,0.3564,-0.4448,153.049,15.549,-18.171,2,90
0.8535,0.3516,-0.4438,153.354,13.963,-16.829,2,90
0.8462,0.3364,-0.4424,152.439,12.439,-15.854,2,90
0.8428,0.3203,-0.4468,151.280,11.159,-14.939,2,90
0.8467,0.3091,-0.4570,149.268,10.183,-14.146,2,90
0.8545,0.2920,-0.4429,147.378,9.634,-13.415,2,90
0.8638,0.2935,-0.4473,144.817,9.451,-12.378,2,90
-0.6567,0.2358,-0.6040,-22.378,33.963,95.793,3,41
-0.6948,0.2061,-0.6841,-16.768,33.476,92.927,3,41
-0.7437,0.1240,-0.7051,-12.622,32.439,88.963,3,41
-0.7549,0.0190,-0.6479,-11.159,29.756,85.549,3,41
-0.8105,-0.0967,-0.5615,-11.646,26.159,83.537,3,41
-0.9150,-0.1851,-0.4238,-13.476,23.049,82.866,3,41
-1.0054,-0.2075,-0.2593,-17.988,20.000,83.476,3,41
-1.0854,-0.2046,-0.1616,-23.171,15.671,83.780,3,41
-4.3906,-0.9194,2.5469,-17.256,-311.463,8.232,4,41
-1.9063,-1.8872,2.6875,-19.695,-290.427,11.341,4,41
-0.0273,-2.8623,2.1274,-32.317,-265.671,22.866,4,41
0.6235,-3.5146,1.9321,9.573,-218.171,33.049,4,41
0.2021,-3.9834,1.6729,6.768,-180.793,8.780,4,41
-0.1543,-4.4028,0.3413,-27.866,-152.317,-46.402,4,41
-0.9712,-3.7490,-0.3579,-8.232,-104.634,-97.866,4,41
-2.1255,-3.7144,0.3223,15.488,-66.037,-111.037,4,41
-1.1279,-0.2173,-0.1304,-27.683,12.073,84.085,3,41
-1.1641,-0.2129,-0.1436,-29.939,10.488,85.244,3,41
-1.1875,-0.2080,-0.1953,-29.817,10.427,86.829,3,41
-1.2510,-0.2056,-0.2729,-25.671,12.500,88.293,3,41
-1.2988,-0.1963,-0.3311,-19.878,14.756,88.293,3,41
-1.3296,-0.1289,-0.3618,-12.927,17.683,88.476,3,41
-1.3198,-0.0610,-0.3867,-5.976,20.427,87.805,3,41
-1.2837,0.0522,-0.4326,2.622,22.195,86.280,3,41
-0.7261,-0.1533,-1.3926,-101.037,-22.195,-169.878,1,90
-0.7847,-0.0942,-1.3643,-102.561,-18.171,-158.476,1,90
-0.8374,-0.0415,-1.3208,-103.720,-14.207,-146.341,1,90
-0.8950,0.0176,-1.2583,-105.305,-9.695,-134.146,1,90
-0.9570,0.0947,-1.2031,-107.256,-6.098,-121.524,1,90
-1.0112,0.1616,-1.1343,-109.268,-2.988,-108.354,1,90
-1.0649,0.2358,-1.0723,-111.707,-0.488,-95.488,1,90
-1.1270,0.3193,-1.0225,-114.207,2.073,-82.012,1,90
1.3599,0.1465,-0.7310,67.500,16.220,0.183,2,90
1.3940,0.1182,-0.7690,62.561,17.866,0.793,2,90
1.4263,0.0864,-0.7930,57.134,19.329,1.280,2,90
1.4604,0.0542,-0.8276,52.500,21.402,1.646,2,90
1.4937,0.0166,-0.8716,48.049,23.537,1.829,2,90
1.5210,-0.0186,-0.9106,43.537,25.671,1.829,2,90
1.5449,-0.0381,-0.9438,39.939,27.744,1.585,2,90
1.5659,-0.0586,-0.9697,35.793,29.939,0.915,2,90
-0.5317,0.6460,-0.0112,99.756,42.866,58.354,3,41
-0.4805,0.4614,-0.0859,102.805,43.902,52.500,3,41
-0.4946,0.0933,-0.3091,104.146,44.329,41.890,3,41
-0.6328,-0.1719,-0.5747,98.232,43.110,28.841,3,41
-0.7803,-0.2524,-0.6860,92.256,40.671,20.183,3,41
-0.8604,-0.3027,-0.7358,89.329,39.756,12.317,3,41
-0.9360,-0.3330,-0.7456,86.829,38.171,4.939,3,41
-0.9565,-0.3662,-0.7310,85.183,35.976,-2.195,3,41
-1.7944,-0.2671,1.3662,-13.110,109.268,17.195,4,41
-1.3809,-0.2876,1.3643,-9.817,126.524,24.695,4,41
-1.1587,-0.4985,1.1377,-8.841,142.866,33.720,4,41
-1.3438,-0.7773,0.9121,-11.890,152.805,34.207,4,41
-1.7246,-0.9141,0.7700,-20.244,157.744,25.000,4,41
-2.1670,-1.0513,0.6509,-22.805,160.854,12.622,4,41
-2.6016,-1.0688,0.7139,-23.598,166.829,0.732,4,41
-2.9082,-1.2319,0.6260,-29.146,174.268,-12.500,4,41
-0.9619,-0.3911,-0.6499,84.329,33.415,-8.049,3,41
-0.9902,-0.3340,-0.5459,80.549,30.061,-13.232,3,41
-1.0205,-0.2402,-0.3999,74.695,25.854,-17.683,3,41
-1.0859,-0.0771,-0.2397,67.683,21.280,-20.732,3,41
-1.1768,0.0645,-0.1504,61.280,17.500,-23.354,3,41
-1.2466,0.1826,-0.0605,57.317,15.610,-26.037,3,41
-1.2656,0.2739,0.0063,54.695,13.902,-28.110,3,41
-1.2402,0.3267,0.0679,52.561,12.561,-30.793,3,41
-2.9224,1.6436,-0.7383,-130.976,6.220,181.524,1,90
-2.9194,1.6514,-0.7485,-117.134,10.488,185.000,1,90
-2.8799,1.6475,-0.7505,-102.866,13.841,185.915,1,90
-2.8037,1.6294,-0.7485,-89.939,16.037,185.244,1,90
-2.7109,1.5986,-0.7476,-77.683,16.951,184.085,1,90
-2.5874,1.5742,-0.7334,-65.061,17.256,183.598,1,90
-2.4897,1.5386,-0.7207,-51.463,16.768,185.549,1,90
-2.3789,1.5020,-0.6978,-37.195,16.829,189.573,1,90
2.1729,-0.1924,-1.0586,-107.195,27.439,21.159,2,90
2.1577,-0.1851,-1.0835,-113.780,23.415,22.866,2,90
2.1401,-0.1631,-1.1138,-119.390,19.695,24.146,2,90
2.1055,-0.1357,-1.1616,-124.085,15.915,24.695,2,90
2.0630,-0.1108,-1.1792,-128.232,12.134,24.512,2,90
1.9980,-0.0786,-1.1929,-132.439,8.720,24.146,2,90
1.9385,-0.0479,-1.2070,-135.915,5.244,23.293,2,90
1.8755,-0.0034,-1.2158,-138.841,2.134,22.317,2,90
-2.2876,1.4844,-0.6724,-23.659,16.829,196.707,1,90
-2.2104,1.4692,-0.6392,-12.561,16.585,206.402,1,90
-2.1494,1.4512,-0.6230,-2.805,15.854,218.598,1,90
-2.1196,1.4272,-0.5791,5.122,14.512,232.134,1,90
-2.0894,1.4072,-0.5361,14.573,14.512,246.646,1,90
-2.0811,1.4121,-0.5015,24.085,14.390,261.707,1,90
-2.0776,1.4263,-0.4570,32.439,14.085,276.890,1,90
-2.0986,1.4448,-0.4072,42.866,12.988,298.720,1,90
1.8120,0.0537,-1.2227,-140.915,-0.305,21.280,2,90
1.7627,0.1152,-1.2295,-142.134,-2.744,20.671,2,90
1.7036,0.1689,-1.2192,-141.890,-5.000,19.756,2,90
1.6558,0.2344,-1.2070,-141.341,-7.134,19.756,2,90
1.6108,0.3037,-1.1919,-139.268,-9.329,19.939,2,90
1.5557,0.3706,-1.1694,-136.524,-12.256,20.671,2,90
1.5029,0.4326,-1.1621,-132.134,-15.549,21.768,2,90
1.4541,0.4756,-1.1475,-126.402,-19.512,23.354,2,90
-1.0571,-0.0986,-0.1230,17.134,6.585,-69.939,3,41
-1.0435,-0.1323,-0.1411,12.927,7.073,-70.610,3,41
-1.0225,-0.1553,-0.1489,8.537,7.622,-71.037,3,41
-1.0264,-0.1680,-0.1567,4.268,7.866,-70.671,3,41
-1.0361,-0.1929,-0.1616,0.671,8.537,-70.549,3,41
-1.0225,-0.1694,-0.1729,-3.476,9.329,-70.305,3,41
-1.0181,-0.1548,-0.1636,-6.646,9.512,-70.183,3,41
-1.0234,-0.1279,-0.1699,-9.390,9.634,-70.244,3,41
-2.3193,1.5449,0.0425,108.293,6.341,427.622,1,90
-2.3540,1.5288,0.0796,109.451,4.024,441.707,1,90
-2.4004,1.5532,0.1685,108.232,0.854,454.573,1,90
-2.4482,1.5791,0.2056,97.500,-5.061,466.890,1,90
-2.4668,1.5210,0.2192,81.220,-13.720,477.317,1,90
-2.4741,1.4224,0.2402,71.280,-20.549,486.159,1,90
-2.4790,1.3208,0.2861,73.171,-23.110,495.061,1,90
-2.4995,1.2407,0.3130,79.695,-23.659,502.988,1,90
0.9419,0.4805,-0.9619,-48.841,-60.488,43.659,2,90
0.9019,0.4507,-0.9287,-41.402,-63.232,46.402,2,90
0.8672,0.4165,-0.8955,-34.695,-65.671,49.146,2,90
0.8530,0.3813,-0.8608,-28.841,-67.317,52.561,2,90
0.8438,0.3447,-0.8389,-23.232,-69.512,55.488,2,90
0.8403,0.3091,-0.7915,-18.354,-71.037,59.390,2,90
0.8364,0.2656,-0.7573,-14.207,-72.195,62.805,2,90
0.8423,0.2261,-0.7202,-10.305,-72.927,66.768,2,90
-2.5093,1.1782,0.3276,84.878,-23.720,510.549,1,90
-2.5283,1.1040,0.3369,86.402,-25.366,517.988,1,90
-2.5332,1.0200,0.3354,86.402,-26.646,525.244,1,90
-2.5405,0.9355,0.3394,85.183,-27.866,531.890,1,90
-2.5483,0.8477,0.3271,83.537,-28.110,538.598,1,90
-2.5527,0.7358,0.3003,82.378,-28.537,544.451,1,90
-2.5522,0.6245,0.2832,81.646,-28.537,550.000,1,90
-2.5591,0.4990,0.2559,80.854,-28.415,555.122,1,90
0.8550,0.1914,-0.6763,-7.195,-73.659,70.671,2,90
0.8770,0.1450,-0.6338,-4.634,-73.963,74.512,2,90
0.8926,0.1118,-0.5913,-2.866,-74.146,78.232,2,90
0.9180,0.0630,-0.5439,-1.524,-74.329,81.890,2,90
0.9443,0.0161,-0.5112,0.000,-74.085,85.244,2,90
0.9785,-0.0049,-0.4771,0.793,-73.659,88.171,2,90
1.0034,-0.0371,-0.4351,1.890,-73.415,91.037,2,90
1.0156,-0.0708,-0.4087,2.683,-72.805,93.110,2,90
-0.8247,-0.3408,-0.5010,-26.707,-17.683,-63.720,3,41
-0.8159,-0.3350,-0.5000,-26.159,-18.780,-63.232,3,41
-0.7720,-0.3330,-0.5039,-26.220,-21.037,-62.317,3,41
-0.7578,-0.3052,-0.5161,-25.366,-24.085,-60.976,3,41
-0.7520,-0.2769,-0.5542,-24.817,-26.768,-59.878,3,41
-0.7461,-0.2646,-0.5830,-22.378,-28.659,-59.207,3,41
-0.7476,-0.2373,-0.5913,-20.183,-30.488,-58.171,3,41
-0.7407,-0.2314,-0.6074,-17.927,-32.317,-57.256,3,41
-1.4800,3.1445,0.1377,-65.122,26.159,-35.671,4,41
-1.5532,2.7163,1.1006,-77.927,-15.305,-56.524,4,41
-1.5308,2.0928,1.6382,-70.488,-55.488,-83.537,4,41
-1.4678,1.4434,1.8525,-56.890,-89.878,-105.793,4,41
-1.4556,0.9063,1.8940,-51.280,-111.768,-119.939,4,41
-1.4307,0.5000,1.9058,-57.988,-121.098,-122.988,4,41
-1.4482,0.1538,1.9541,-76.707,-120.976,-122.744,4,41
-1.5171,-0.2329,1.9858,-91.524,-118.476,-123.354,4,41
-0.7368,-0.2334,-0.5845,-14.085,-35.061,-56.585,3,41
-0.7334,-0.2363,-0.5737,-12.622,-37.012,-56.037,3,41
-0.7407,-0.2568,-0.5674,-11.037,-39.146,-55.488,3,41
-0.7446,-0.2739,-0.5586,-9.756,-41.280,-55.061,3,41
-0.7666,-0.2764,-0.5537,-8.780,-43.049,-54.939,3,41
-0.7773,-0.2695,-0.5332,-7.866,-44.817,-54.329,3,41
-0.7910,-0.2520,-0.5068,-7.561,-47.378,-53.841,3,41
-0.8291,-0.2388,-0.4941,-7.683,-49.573,-53.293,3,41
-3.0859,-2.0254,0.2998,55.366,-70.488,507.378,1,90
-3.0337,-2.0122,0.2842,52.622,-61.280,505.305,1,90
-2.9438,-1.9800,0.2256,48.902,-54.329,505.610,1,90
-2.8486,-1.9414,0.1743,43.110,-51.768,508.232,1,90
-2.7656,-1.9175,0.1436,36.341,-50.793,512.256,1,90
-2.6719,-1.9048,0.1279,30.000,-50.793,516.402,1,90
-2.6050,-1.9072,0.1313,23.537,-52.683,520.122,1,90
-2.5659,-1.9224,0.1436,18.720,-55.183,522.378,1,90
0.5859,-0.0625,-0.1992,-15.610,-50.061,90.000,2,90
0.5728,-0.0449,-0.1646,-18.476,-47.805,90.305,2,90
0.5576,-0.0264,-0.1445,-22.622,-46.220,90.122,2,90
0.5518,-0.0073,-0.1172,-27.073,-44.146,89.939,2,90
0.5439,-0.0005,-0.0996,-31.463,-43.476,89.634,2,90
0.5356,0.0083,-0.0874,-36.341,-42.988,89.573,2,90
0.5269,0.0020,-0.0713,-40.061,-42.622,89.695,2,90
0.5210,-0.0034,-0.0732,-43.354,-42.561,90.305,2,90
-0.8926,-0.2646,-0.3838,18.659,-54.878,-45.427,3,41
-0.8657,-0.2905,-0.3838,21.646,-54.329,-44.573,3,41
-0.8398,-0.3062,-0.3779,24.695,-54.268,-43.720,3,41
-0.8374,-0.3179,-0.3579,26.098,-53.841,-42.744,3,41
-0.8340,-0.3398,-0.3501,27.195,-53.720,-42.134,3,41
-0.8345,-0.3486,-0.3462,27.134,-54.329,-41.585,3,41
-0.8428,-0.3594,-0.3374,27.317,-54.512,-41.159,3,41
-0.8403,-0.3799,-0.3271,26.524,-54.512,-40.549,3,41
-2.8350,-2.0796,0.1592,20.427,-105.915,479.695,1,90
-2.8574,-2.1118,0.0864,26.585,-106.829,471.220,1,90
-2.8584,-2.1519,0.0151,34.268,-106.098,463.049,1,90
-2.8364,-2.1885,-0.0767,43.232,-104.695,454.146,1,90
-2.7920,-2.2300,-0.1494,53.537,-102.073,445.366,1,90
-2.7109,-2.2607,-0.2329,66.159,-99.695,436.768,1,90
-2.5742,-2.3545,-0.3389,86.585,-95.976,423.780,1,90
-2.4673,-2.4297,-0.3984,100.366,-92.805,415.000,1,90
0.5806,-0.1118,-0.1768,-44.634,-33.598,87.805,2,90
0.5718,-0.1104,-0.1738,-43.232,-31.829,85.915,2,90
0.5635,-0.1006,-0.1782,-42.256,-30.549,83.963,2,90
0.5474,-0.0859,-0.1914,-40.793,-29.268,81.524,2,90
0.5376,-0.0830,-0.2002,-39.268,-28.902,79.451,2,90
0.5181,-0.0615,-0.2129,-37.378,-28.841,77.073,2,90
0.5039,-0.0361,-0.2266,-35.000,-28.354,74.939,2,90
0.4917,-0.0127,-0.2349,-33.232,-28.902,72.622,2,90
-2.3442,-2.5166,-0.4302,114.268,-89.939,406.402,1,90
-2.2319,-2.6108,-0.4570,126.646,-87.256,397.805,1,90
-2.0972,-2.7041,-0.4795,137.622,-85.122,389.756,1,90
-1.9849,-2.8018,-0.5093,147.927,-83.415,382.134,1,90
-1.8560,-2.8950,-0.5371,155.488,-83.049,375.427,1,90
-1.7520,-2.9834,-0.5845,161.646,-83.293,370.488,1,90
-1.6714,-3.0620,-0.6152,166.524,-83.537,366.098,1,90
-1.6157,-3.1514,-0.6577,170.061,-83.841,363.415,1,90
0.4829,0.0049,-0.2324,-31.829,-28.720,70.671,2,90
0.4658,0.0283,-0.2329,-30.915,-29.085,68.841,2,90
0.4497,0.0454,-0.2417,-30.610,-29.573,67.012,2,90
0.4438,0.0562,-0.2505,-29.695,-30.488,65.488,2,90
0.4229,0.0669,-0.2441,-28.476,-31.402,64.085,2,90
0.4185,0.0776,-0.2559,-27.805,-32.256,62.988,2,90
0.4028,0.0786,-0.2529,-26.951,-33.476,61.646,2,90
0.4014,0.0796,-0.2490,-25.549,-34.695,60.793,2,90
-1.5806,-3.2314,-0.6812,172.683,-83.598,360.976,1,90
-1.5610,-3.2959,-0.7100,174.756,-82.866,359.146,1,90
-1.5527,-3.3491,-0.7275,175.427,-81.463,357.134,1,90
-1.5454,-3.3794,-0.7500,175.122,-79.268,354.268,1,90
-1.5249,-3.4019,-0.7627,173.841,-77.073,350.122,1,90
-1.5063,-3.4067,-0.7793,171.829,-74.268,344.390,1,90
-1.4858,-3.3892,-0.7856,169.207,-70.915,338.232,1,90
-1.4453,-3.3628,-0.8062,167.439,-67.439,330.976,1,90
0.3833,0.0781,-0.2612,-23.476,-36.037,59.512,2,90
0.3794,0.0718,-0.2734,-22.073,-36.768,58.476,2,90
0.3667,0.0737,-0.2954,-19.939,-37.317,57.378,2,90
0.3623,0.0645,-0.3022,-17.744,-37.622,56.220,2,90
0.3623,0.0698,-0.3193,-15.183,-37.866,55.366,2,90
0.3560,0.0645,-0.3433,-12.805,-37.622,54.085,2,90
0.3462,0.0630,-0.3623,-10.000,-37.195,52.805,2,90
0.3418,0.0645,-0.3896,-6.707,-36.890,51.646,2,90
-1.3887,-3.3359,-0.8252,165.366,-63.963,322.622,1,90
-1.3433,-3.2939,-0.8325,163.780,-61.098,314.390,1,90
-1.2817,-3.2646,-0.8447,162.256,-57.805,305.793,1,90
-1.2192,-3.2349,-0.8618,160.671,-54.390,297.378,1,90
-1.1577,-3.2183,-0.8701,159.756,-51.098,289.268,1,90
-1.0991,-3.2036,-0.8799,158.354,-48.232,280.671,1,90
-1.0444,-3.1938,-0.8857,157.195,-45.366,272.622,1,90
-0.9878,-3.1758,-0.8965,156.098,-42.500,264.329,1,90
0.3379,0.0718,-0.4058,-3.415,-35.854,50.427,2,90
0.3340,0.0757,-0.4268,-0.427,-34.939,48.902,2,90
0.3237,0.0864,-0.4473,1.951,-34.024,47.378,2,90
0.3188,0.1011,-0.4629,4.146,-33.049,46.098,2,90
0.3105,0.1128,-0.4756,5.305,-31.829,44.817,2,90
0.3008,0.1260,-0.4971,6.707,-30.915,44.024,2,90
0.2876,0.1343,-0.5078,7.927,-29.329,42.744,2,90
0.2808,0.1455,-0.5278,9.085,-27.561,41.951,2,90
-0.9395,-3.1538,-0.8975,155.183,-40.671,255.976,1,90
-0.8960,-3.1250,-0.9102,153.963,-38.537,247.622,1,90
-0.8569,-3.0801,-0.8901,152.561,-36.707,239.634,1,90
-0.7983,-3.0483,-0.9233,150.549,-35.549,231.220,1,90
-0.7261,-2.9951,-0.9307,148.537,-34.024,218.902,1,90
-0.6655,-2.9575,-0.9502,147.012,-33.110,210.976,1,90
-0.6157,-2.9336,-0.9736,145.854,-32.012,203.232,1,90
-0.5586,-2.9067,-0.9897,144.756,-30.915,195.732,1,90
0.2686,0.1606,-0.5361,10.122,-25.549,41.220,2,90
0.2681,0.1802,-0.5474,10.793,-23.598,40.671,2,90
0.2568,0.1904,-0.5537,11.159,-21.646,39.512,2,90
0.2422,0.2041,-0.5771,11.524,-19.878,38.963,2,90
0.2461,0.2109,-0.5884,11.768,-18.110,38.232,2,90
0.2397,0.2261,-0.5996,11.402,-16.524,37.622,2,90
0.2334,0.2290,-0.6089,11.037,-14.634,37.134,2,90
0.2271,0.2310,-0.6211,10.427,-13.293,36.402,2,90
-0.5068,-2.8833,-0.9951,143.780,-29.878,188.171,1,90
-0.4443,-2.8652,-1.0171,142.927,-29.207,180.915,1,90
-0.3950,-2.8540,-1.0195,141.585,-28.110,173.659,1,90
-0.3530,-2.8579,-1.0332,140.671,-27.378,166.524,1,90
-0.3062,-2.8555,-1.0527,139.695,-26.280,159.451,1,90
-0.2695,-2.8594,-1.0581,138.598,-25.549,151.951,1,90
-0.2202,-2.8604,-1.0591,137.378,-25.061,144.024,1,90
-0.1953,-2.8701,-1.0591,136.098,-25.000,136.220,1,90
0.2271,0.2300,-0.6362,9.634,-11.951,36.098,2,90
0.2271,0.2300,-0.6265,8.537,-10.671,35.366,2,90
0.2163,0.2271,-0.6240,7.378,-9.573,34.756,2,90
0.2139,0.2192,-0.6270,5.854,-8.354,34.451,2,90
0.2017,0.2100,-0.6323,4.512,-7.073,33.720,2,90
0.2026,0.2041,-0.6353,2.805,-5.305,32.988,2,90
0.1982,0.1958,-0.6182,1.463,-4.024,32.073,2,90
0.1924,0.1890,-0.6255,-0.427,-2.195,31.159,2,90
-0.1763,-2.8696,-1.0718,134.817,-24.695,127.988,1,90
-0.1436,-2.8794,-1.0620,133.049,-24.573,120.061,1,90
-0.1392,-2.8857,-1.0562,131.098,-24.756,111.280,1,90
-0.1143,-2.8882,-1.0610,128.902,-24.878,102.927,1,90
-0.1021,-2.8867,-1.0698,126.524,-24.939,94.451,1,90
-0.0972,-2.8862,-1.0767,123.293,-25.183,85.915,1,90
-0.0820,-2.8965,-1.0825,119.817,-26.159,77.195,1,90
-0.0811,-2.9038,-1.1074,115.610,-26.280,68.902,1,90
0.1846,0.1875,-0.6226,-2.744,-0.610,30.427,2,90
0.1792,0.1860,-0.6128,-5.610,1.220,29.329,2,90
0.1763,0.1812,-0.6128,-8.476,3.049,28.415,2,90
0.1733,0.1802,-0.6064,-11.646,4.573,27.317,2,90
0.1758,0.1782,-0.6021,-15.061,6.037,26.585,2,90
0.1782,0.1704,-0.5957,-18.354,7.622,25.793,2,90
0.1758,0.1694,-0.6001,-21.402,9.512,25.122,2,90
0.1807,0.1641,-0.5952,-24.939,11.220,23.963,2,90
-0.0737,-2.9004,-1.1265,111.159,-26.707,60.305,1,90
-0.0713,-2.9038,-1.1563,106.463,-27.073,52.439,1,90
-0.0713,-2.8862,-1.1748,101.768,-27.073,44.329,1,90
-0.0718,-2.8716,-1.2036,96.280,-27.012,36.402,1,90
-0.0835,-2.8540,-1.2280,90.732,-26.402,29.207,1,90
-0.0840,-2.8369,-1.2622,85.366,-26.402,22.195,1,90
-0.0967,-2.8096,-1.2891,79.573,-25.366,15.488,1,90
-0.1099,-2.7739,-1.3071,74.390,-24.207,9.085,1,90
0.1899,0.1685,-0.5938,-28.110,12.744,23.171,2,90
0.2046,0.1753,-0.5986,-32.195,14.817,22.012,2,90
0.2148,0.1753,-0.5986,-35.549,16.829,21.098,2,90
0.2178,0.1846,-0.6069,-38.720,18.963,20.610,2,90
0.2451,0.2002,-0.6167,-42.256,21.402,19.695,2,90
0.2593,0.2314,-0.6240,-45.793,23.598,18.415,2,90
0.2788,0.2505,-0.6348,-48.841,25.915,17.561,2,90
0.2822,0.2773,-0.6401,-52.195,28.049,16.585,2,90
-0.1250,-2.7388,-1.3257,69.756,-23.232,3.049,1,90
-0.1255,-2.7017,-1.3398,65.305,-21.463,-3.049,1,90
-0.1318,-2.6616,-1.3511,60.549,-19.878,-8.720,1,90
-0.1362,-2.6245,-1.3511,56.037,-18.780,-14.390,1,90
-0.1255,-2.5630,-1.3496,49.939,-16.707,-22.378,1,90
-0.1260,-2.5269,-1.3550,45.854,-15.305,-27.744,1,90
-0.1104,-2.4907,-1.3501,41.524,-13.415,-32.866,1,90
-0.1094,-2.4561,-1.3438,37.378,-12.622,-37.561,1,90
0.3062,0.3037,-0.6387,-55.488,30.061,15.732,2,90
0.3271,0.3262,-0.6274,-59.085,31.646,14.878,2,90
0.3398,0.3594,-0.6484,-61.707,32.561,13.720,2,90
0.3623,0.3740,-0.6431,-64.390,33.902,13.049,2,90
0.3687,0.4019,-0.6465,-66.524,34.878,12.195,2,90
0.3813,0.4243,-0.6489,-68.598,35.427,11.037,2,90
0.3940,0.4478,-0.6440,-70.549,36.098,10.061,2,90
0.3979,0.4678,-0.6450,-71.768,36.463,9.085,2,90
-0.1055,-2.4253,-1.3242,33.171,-11.098,-42.134,1,90
-0.0952,-2.3975,-1.3052,28.476,-10.183,-46.098,1,90
-0.0986,-2.3789,-1.2896,23.415,-8.841,-50.244,1,90
-0.0967,-2.3535,-1.2661,18.659,-7.683,-53.902,1,90
-0.1050,-2.3340,-1.2480,13.659,-6.646,-57.195,1,90
-0.1094,-2.3125,-1.2285,8.537,-5.732,-60.671,1,90
-0.1182,-2.2910,-1.2119,3.720,-4.451,-64.329,1,90
-0.1333,-2.2681,-1.1919,-1.159,-3.963,-67.195,1,90
0.4092,0.4844,-0.6465,-72.683,37.195,7.988,2,90
0.4067,0.4961,-0.6514,-73.659,37.134,6.951,2,90
0.4175,0.5073,-0.6582,-73.963,37.378,6.707,2,90
0.4116,0.5151,-0.6602,-73.537,37.195,6.159,2,90
0.4126,0.5205,-0.6709,-73.293,37.317,5.183,2,90
0.4146,0.5259,-0.6694,-72.561,36.890,4.756,2,90
0.4058,0.5225,-0.6631,-71.890,37.134,4.207,2,90
0.4028,0.5171,-0.6738,-71.463,36.890,3.476,2,90
-0.1387,-2.2471,-1.1685,-5.915,-3.049,-70.793,1,90
-0.1582,-2.2256,-1.1494,-10.427,-2.622,-73.780,1,90
-0.1772,-2.2046,-1.1255,-15.488,-1.768,-77.439,1,90
-0.1953,-2.1851,-1.1064,-20.061,-0.610,-80.671,1,90
-0.2056,-2.1616,-1.0967,-24.451,0.610,-84.390,1,90
-0.2256,-2.1460,-1.0762,-28.476,1.951,-87.317,1,90
-0.2466,-2.1299,-1.0664,-32.805,3.110,-90.854,1,90
-0.2554,-2.1094,-1.0547,-36.220,4.085,-94.512,1,90
0.3911,0.5176,-0.6655,-70.732,36.951,2.744,2,90
0.3887,0.5063,-0.6592,-70.854,36.951,2.012,2,90
0.3877,0.4927,-0.6567,-70.366,36.585,1.707,2,90
0.3838,0.4878,-0.6602,-69.939,36.524,1.220,2,90
0.3823,0.4678,-0.6592,-69.634,36.220,0.854,2,90
0.3877,0.4629,-0.6504,-69.207,35.976,0.488,2,90
0.3857,0.4512,-0.6616,-68.110,35.671,0.122,2,90
0.3887,0.4482,-0.6714,-67.561,36.098,-0.305,2,90
-0.2739,-2.0908,-1.0459,-39.573,5.244,-97.744,1,90
-0.2837,-2.0737,-1.0391,-42.927,7.073,-100.915,1,90
-0.3003,-2.0610,-1.0337,-45.244,8.476,-104.512,1,90
-0.3037,-2.0386,-1.0410,-47.683,9.878,-107.805,1,90
-0.3193,-2.0156,-1.0342,-49.878,11.829,-111.280,1,90
-0.3315,-2.0005,-1.0396,-51.524,12.988,-114.817,1,90
-0.3306,-1.9727,-1.0430,-52.622,14.573,-118.110,1,90
-0.3516,-1.9463,-1.0410,-53.415,16.524,-121.951,1,90
0.3936,0.4463,-0.6719,-66.463,36.220,-0.488,2,90
0.4048,0.4468,-0.6729,-65.366,36.768,-0.732,2,90
0.4116,0.4487,-0.6665,-64.573,37.317,-1.524,2,90
0.4170,0.4521,-0.6606,-63.780,37.378,-2.012,2,90
0.4263,0.4644,-0.6611,-63.354,38.110,-2.622,2,90
0.4282,0.4658,-0.6563,-62.134,37.927,-3.354,2,90
0.4468,0.4722,-0.6533,-60.732,38.049,-4.146,2,90
0.4604,0.4844,-0.6543,-58.841,37.927,-4.878,2,90
-0.3540,-1.9194,-1.0420,-53.902,18.659,-125.244,1,90
-0.3613,-1.8896,-1.0259,-54.024,20.732,-128.659,1,90
-0.3682,-1.8560,-1.0205,-53.598,22.866,-131.890,1,90
-0.3657,-1.8188,-1.0161,-52.683,24.451,-135.122,1,90
-0.3618,-1.7588,-0.9927,-50.488,27.622,-140.244,1,90
-0.3545,-1.7383,-0.9805,-49.024,29.756,-142.866,1,90
-0.3452,-1.7056,-0.9551,-46.585,31.524,-146.220,1,90
-0.3374,-1.6860,-0.9370,-44.451,33.171,-149.207,1,90
0.4683,0.4917,-0.6519,-56.280,37.744,-5.793,2,90
0.4712,0.5078,-0.6641,-53.110,37.805,-6.890,2,90
0.4824,0.5151,-0.6606,-50.183,38.049,-7.805,2,90
0.4844,0.5176,-0.6699,-46.159,37.683,-9.329,2,90
0.4863,0.5371,-0.6626,-42.805,37.866,-10.671,2,90
0.4902,0.5469,-0.6675,-38.902,37.744,-11.951,2,90
0.4897,0.5542,-0.6660,-34.512,37.439,-13.354,2,90
0.4868,0.5532,-0.6704,-30.122,37.134,-14.573,2,90
-0.3276,-1.6523,-0.9063,-41.707,34.817,-152.012,1,90
-0.3145,-1.6411,-0.8760,-39.146,36.220,-154.939,1,90
-0.2974,-1.6245,-0.8506,-36.341,36.707,-157.744,1,90
-0.2769,-1.6133,-0.8311,-33.720,37.866,-160.366,1,90
-0.2715,-1.6060,-0.8076,-31.707,38.415,-163.110,1,90
-0.2549,-1.5957,-0.7749,-29.390,38.841,-166.037,1,90
-0.2451,-1.6025,-0.7505,-27.927,38.902,-168.110,1,90
-0.2407,-1.6069,-0.7197,-26.402,38.415,-170.549,1,90
0.4810,0.5586,-0.6802,-25.000,36.341,-15.671,2,90
0.4697,0.5508,-0.6699,-19.878,35.915,-17.012,2,90
0.4653,0.5522,-0.6875,-14.024,35.427,-18.293,2,90
0.4595,0.5503,-0.6816,-8.354,35.122,-19.695,2,90
0.4390,0.5376,-0.6836,-2.622,34.512,-21.159,2,90
0.4243,0.5269,-0.6768,2.866,34.329,-23.049,2,90
0.4136,0.5234,-0.6733,7.561,34.329,-24.756,2,90
0.3989,0.5039,-0.6768,12.195,33.902,-27.073,2,90
-0.2334,-1.6104,-0.7046,-25.305,37.378,-172.927,1,90
-0.2261,-1.6147,-0.6743,-24.878,36.341,-174.878,1,90
-0.2207,-1.6255,-0.6455,-25.183,35.305,-177.195,1,90
-0.2295,-1.6396,-0.6255,-26.341,34.512,-179.634,1,90
-0.2373,-1.6465,-0.6040,-27.805,33.902,-181.463,1,90
-0.2407,-1.6680,-0.5830,-29.207,33.354,-183.232,1,90
-0.2637,-1.6729,-0.5620,-31.037,32.561,-185.122,1,90
-0.2661,-1.6836,-0.5581,-33.110,31.585,-186.951,1,90
0.3877,0.4897,-0.6934,16.951,33.841,-29.329,2,90
0.3789,0.4771,-0.6841,21.463,33.780,-31.585,2,90
0.3706,0.4775,-0.6899,26.037,33.963,-33.476,2,90
0.3594,0.4761,-0.6948,30.000,34.146,-35.427,2,90
0.3506,0.4609,-0.6890,33.963,34.634,-37.256,2,90
0.3398,0.4570,-0.6831,37.805,34.817,-39.573,2,90
0.3335,0.4561,-0.6807,40.732,35.366,-41.098,2,90
0.3135,0.4424,-0.6802,43.902,35.549,-43.049,2,90
-0.2739,-1.6797,-0.5444,-35.366,30.427,-188.537,1,90
-0.2905,-1.6719,-0.5337,-37.805,29.207,-190.427,1,90
-0.3037,-1.6738,-0.5288,-40.366,28.049,-192.561,1,90
-0.3228,-1.6670,-0.5166,-42.988,26.585,-194.268,1,90
-0.3315,-1.6548,-0.5073,-45.610,25.488,-196.280,1,90
-0.3481,-1.6489,-0.4951,-48.232,24.756,-198.110,1,90
-0.3613,-1.6396,-0.4795,-51.341,24.085,-199.939,1,90
-0.3740,-1.6323,-0.4673,-53.476,23.537,-201.585,1,90
0.3179,0.4448,-0.6646,46.402,35.427,-44.817,2,90
0.3022,0.4346,-0.6533,48.659,35.000,-46.585,2,90
0.2896,0.4185,-0.6509,50.427,34.329,-48.293,2,90
0.2856,0.4067,-0.6377,51.829,33.659,-49.878,2,90
0.2715,0.3901,-0.6240,52.927,32.683,-51.463,2,90
0.2676,0.3701,-0.6064,53.841,31.768,-52.561,2,90
0.2666,0.3579,-0.6055,54.207,31.159,-53.902,2,90
0.2642,0.3398,-0.5923,53.780,30.305,-55.183,2,90
-0.3813,-1.6128,-0.4575,-57.378,22.317,-204.024,1,90
-0.3896,-1.6152,-0.4541,-58.476,22.317,-204.817,1,90
-0.3960,-1.6060,-0.4360,-60.854,21.646,-206.646,1,90
-0.4004,-1.5850,-0.4199,-64.146,20.244,-209.085,1,90
-0.4058,-1.5806,-0.4004,-66.463,19.939,-210.854,1,90
-0.4058,-1.5747,-0.3979,-68.171,19.085,-212.622,1,90
-0.4131,-1.5698,-0.3862,-70.305,18.110,-214.085,1,90
-0.4111,-1.5625,-0.3794,-71.524,17.317,-215.976,1,90
0.2607,0.3188,-0.5820,53.537,29.878,-56.280,2,90
0.2524,0.2969,-0.5669,52.378,29.573,-57.317,2,90
0.2529,0.2749,-0.5527,50.732,29.024,-58.537,2,90
0.2510,0.2607,-0.5361,48.171,28.232,-59.695,2,90
0.2642,0.2397,-0.5239,45.915,27.805,-60.732,2,90
0.2490,0.2275,-0.5024,42.622,27.134,-61.951,2,90
0.2559,0.2070,-0.4922,38.963,26.646,-62.927,2,90
0.2437,0.1909,-0.4727,35.244,25.915,-64.512,2,90
-0.4175,-1.5684,-0.3696,-73.415,16.707,-217.195,1,90
-0.4214,-1.5669,-0.3506,-74.634,15.610,-219.146,1,90
-0.4263,-1.5645,-0.3486,-75.671,14.634,-220.549,1,90
-0.4365,-1.5615,-0.3535,-77.500,13.780,-222.073,1,90
-0.4458,-1.5620,-0.3423,-78.110,12.805,-223.415,1,90
-0.4536,-1.5596,-0.3374,-79.146,11.829,-225.122,1,90
-0.4658,-1.5610,-0.3364,-80.122,10.610,-226.585,1,90
-0.4780,-1.5640,-0.3267,-80.549,10.061,-228.476,1,90
0.2520,0.1777,-0.4644,30.976,25.000,-65.793,2,90
0.2476,0.1602,-0.4546,25.427,24.329,-67.622,2,90
0.2451,0.1543,-0.4604,23.293,24.024,-68.171,2,90
0.2402,0.1455,-0.4478,17.988,23.476,-69.756,2,90
0.2329,0.1455,-0.4521,16.524,23.232,-70.305,2,90
0.2290,0.1479,-0.4502,10.915,22.988,-71.951,2,90
0.2290,0.1553,-0.4365,7.317,22.988,-73.232,2,90
0.2236,0.1533,-0.4380,4.268,22.866,-74.207,2,90
-0.4912,-1.5591,-0.3242,-81.585,9.024,-229.695,1,90
-0.5029,-1.5664,-0.3198,-81.707,8.171,-231.341,1,90
-0.5122,-1.5640,-0.3110,-81.951,7.073,-232.927,1,90
-0.5171,-1.5576,-0.3022,-81.829,5.854,-234.573,1,90
-0.5288,-1.5684,-0.3013,-81.585,4.756,-236.280,1,90
-0.5430,-1.5601,-0.2974,-81.280,3.537,-237.927,1,90
-0.5518,-1.5518,-0.2974,-80.915,2.439,-239.817,1,90
-0.5645,-1.5415,-0.2886,-80.183,1.463,-242.073,1,90
0.2271,0.1646,-0.4414,1.829,22.805,-75.305,2,90
0.2290,0.1826,-0.4443,-0.671,22.988,-76.341,2,90
0.2407,0.1899,-0.4385,-2.683,23.049,-77.683,2,90
0.2437,0.2012,-0.4370,-4.878,22.988,-78.902,2,90
0.2505,0.2163,-0.4341,-6.585,22.927,-79.695,2,90
0.2637,0.2266,-0.4214,-7.927,22.683,-80.915,2,90
0.2813,0.2334,-0.4272,-8.476,22.744,-82.073,2,90
0.2920,0.2529,-0.4199,-8.476,22.866,-82.927,2,90
-0.5684,-1.5352,-0.2842,-79.024,0.244,-243.841,1,90
-0.5708,-1.5298,-0.2808,-78.110,-0.671,-246.159,1,90
-0.5723,-1.5200,-0.2700,-76.280,-1.585,-248.171,1,90
-0.5767,-1.5137,-0.2690,-75.366,-2.927,-250.488,1,90
-0.5776,-1.5073,-0.2583,-73.720,-3.720,-252.683,1,90
-0.5781,-1.5068,-0.2461,-72.622,-4.268,-254.695,1,90
-0.5796,-1.5034,-0.2373,-71.524,-4.817,-256.951,1,90
-0.5815,-1.5088,-0.2446,-70.610,-5.488,-259.085,1,90
0.3096,0.2612,-0.4121,-8.049,22.866,-84.024,2,90
0.3267,0.2671,-0.4131,-7.378,22.622,-85.000,2,90
0.3379,0.2808,-0.4009,-6.159,22.622,-86.402,2,90
0.3540,0.2803,-0.4028,-5.000,22.317,-87.561,2,90
0.3745,0.2866,-0.3853,-3.354,22.195,-89.146,2,90
0.3843,0.2900,-0.3779,-1.707,22.073,-90.732,2,90
0.3994,0.2939,-0.3696,0.366,21.768,-91.829,2,90
0.4150,0.2939,-0.3555,2.195,21.646,-93.659,2,90
-0.8779,-0.4761,-0.2646,37.744,32.927,29.146,3,41
-0.8755,-0.4624,-0.2671,40.854,34.695,30.793,3,41
-0.8770,-0.4707,-0.2563,44.756,36.463,32.622,3,41
-0.8862,-0.4702,-0.2446,49.207,39.329,34.573,3,41
-0.8989,-0.4673,-0.2173,53.659,41.646,36.341,3,41
-0.9082,-0.4585,-0.2349,58.110,44.207,37.988,3,41
-0.9116,-0.4463,-0.2515,62.927,47.134,39.024,3,41
-0.9243,-0.4297,-0.2544,69.390,49.939,39.512,3,41
-2.9180,0.6021,-0.1987,327.744,351.098,213.049,4,41
-2.9116,0.5815,-0.1904,328.659,352.195,211.829,4,41
-2.9199,0.5781,-0.1895,327.927,353.293,210.549,4,41
-2.9233,0.5776,-0.1807,325.244,354.085,209.146,4,41
-2.9141,0.5806,-0.1812,321.280,354.512,207.561,4,41
-2.9146,0.5796,-0.1777,315.427,354.939,205.793,4,41
-2.9165,0.5835,-0.1733,309.634,355.732,203.476,4,41
-2.9116,0.5908,-0.1704,303.780,356.768,201.951,4,41
-0.9365,-0.3994,-0.2549,75.000,53.171,40.305,3,41
-0.9346,-0.3652,-0.2295,80.732,55.488,40.732,3,41
-0.9385,-0.3296,-0.1812,84.268,57.195,41.646,3,41
-0.9414,-0.3047,-0.1519,87.317,58.171,42.256,3,41
-0.9414,-0.2695,-0.1431,89.634,59.390,43.293,3,41
-0.9482,-0.2456,-0.1226,91.220,60.061,44.207,3,41
-0.9624,-0.2217,-0.1040,91.585,59.695,44.268,3,41
-0.9824,-0.2153,-0.0923,91.159,60.061,44.512,3,41
-2.9077,0.5854,-0.1768,298.232,358.293,199.817,4,41
-2.9038,0.5796,-0.1816,292.317,359.695,197.317,4,41
-2.8970,0.5679,-0.1807,287.317,360.488,194.756,4,41
-2.8784,0.5532,-0.1875,283.171,360.854,191.524,4,41
-2.8633,0.5420,-0.1919,279.634,360.854,188.354,4,41
-2.8550,0.5239,-0.1846,276.402,360.549,185.427,4,41
-2.8345,0.5059,-0.2002,273.841,359.756,182.256,4,41
-2.8159,0.4878,-0.1807,271.098,359.146,179.329,4,41
-0.9873,-0.2197,-0.1021,90.915,60.183,44.146,3,41
-1.0073,-0.2397,-0.1064,91.402,60.915,43.963,3,41
-1.0112,-0.2446,-0.0947,92.073,61.402,43.415,3,41
-1.0083,-0.2500,-0.0942,90.610,61.037,43.293,3,41
-0.9927,-0.2622,-0.0957,87.439,59.756,42.561,3,41
-0.9873,-0.2900,-0.0933,83.415,58.780,42.256,3,41
-0.9766,-0.3135,-0.0957,80.488,57.866,41.951,3,41
-0.9692,-0.3291,-0.0688,76.524,57.256,41.951,3,41
-0.6436,-1.5361,-0.2104,-67.134,-31.280,-304.451,1,90
-0.6392,-1.5229,-0.2271,-67.683,-32.256,-305.976,1,90
-0.6445,-1.5205,-0.2427,-68.110,-33.415,-307.561,1,90
-0.6494,-1.5083,-0.2515,-68.354,-34.329,-309.268,1,90
-0.6479,-1.5054,-0.2729,-68.171,-35.122,-310.793,1,90
-0.6514,-1.4966,-0.3032,-67.561,-35.915,-312.378,1,90
-0.6523,-1.4873,-0.3086,-67.134,-36.829,-313.780,1,90
-0.6597,-1.4751,-0.3379,-65.976,-37.744,-315.366,1,90
-2.8027,0.4033,-0.1753,234.695,341.463,151.951,4,41
-2.8276,0.3711,-0.1650,225.305,339.207,148.720,4,41
-2.8398,0.3599,-0.1421,215.732,336.341,145.427,4,41
-2.8589,0.3379,-0.1289,205.549,333.232,142.012,4,41
-2.8970,0.3164,-0.1157,194.878,330.244,139.207,4,41
-2.9131,0.3159,-0.1074,182.744,327.378,136.585,4,41
-2.9194,0.2983,-0.0913,171.463,323.902,133.598,4,41
-2.9111,0.2842,-0.0566,162.134,319.634,130.610,4,41
-0.9092,-0.5791,-0.0762,45.061,55.915,52.134,3,41
-0.8965,-0.5894,-0.1187,45.732,56.829,53.720,3,41
-0.8926,-0.5947,-0.1655,45.122,57.866,56.037,3,41
-0.8911,-0.5933,-0.1763,44.634,57.561,58.415,3,41
-0.8755,-0.6113,-0.1665,44.085,57.866,61.402,3,41
-0.8486,-0.5972,-0.1943,43.841,57.988,63.902,3,41
-0.8218,-0.5786,-0.2241,43.293,57.927,66.159,3,41
-0.7993,-0.5444,-0.2612,42.134,57.256,68.171,3,41
-2.9033,0.2798,-0.0229,154.878,313.720,127.622,4,41
-2.8887,0.2749,-0.0190,149.390,307.927,124.512,4,41
-2.8701,0.2896,-0.0176,145.671,301.707,121.585,4,41
-2.8613,0.2988,-0.0166,144.634,295.732,119.329,4,41
-2.8428,0.3120,0.0063,145.427,289.939,116.524,4,41
-2.8291,0.3262,0.0591,145.976,284.573,112.988,4,41
-2.8115,0.3457,0.0972,145.000,279.634,109.146,4,41
-2.7749,0.3677,0.1221,142.134,275.000,105.183,4,41
-0.7939,-0.5034,-0.3018,40.305,56.220,70.244,3,41
-0.8066,-0.4590,-0.3174,37.439,54.878,71.768,3,41
-0.8228,-0.4253,-0.3096,35.183,53.659,73.537,3,41
-0.8359,-0.3877,-0.3013,32.256,52.866,75.122,3,41
-0.8325,-0.3550,-0.2930,30.122,51.890,76.524,3,41
-0.8330,-0.3311,-0.2954,28.110,50.915,77.622,3,41
-0.8423,-0.3140,-0.2954,25.671,50.244,78.598,3,41
-0.8486,-0.3110,-0.3159,24.024,49.146,79.268,3,41
-2.7456,0.3857,0.1372,136.707,271.463,101.585,4,41
-2.7192,0.4160,0.1489,129.390,268.232,98.110,4,41
-2.6963,0.4355,0.1548,119.573,266.159,94.756,4,41
-2.6641,0.4468,0.1533,108.476,263.171,91.037,4,41
-2.6504,0.4673,0.1392,99.146,260.122,87.500,4,41
-2.6338,0.4971,0.1113,92.561,255.305,84.512,4,41
-2.6323,0.5557,0.0903,87.134,250.305,82.134,4,41
-2.6377,0.6440,0.0532,80.244,245.366,80.549,4,41
-0.8887,-0.3120,-0.3335,21.037,48.537,81.098,3,41
-0.9019,-0.3115,-0.3379,19.817,47.927,81.463,3,41
-0.9204,-0.3140,-0.3096,18.293,47.500,82.683,3,41
-0.9370,-0.3086,-0.2729,16.341,47.073,84.024,3,41
-0.9473,-0.3213,-0.2119,13.293,46.585,85.549,3,41
-0.9648,-0.3447,-0.1611,10.549,45.915,86.768,3,41
-0.9824,-0.3726,-0.1240,8.720,46.341,88.476,3,41
-1.0024,-0.3887,-0.0942,7.378,47.073,90.305,3,41
-0.6538,-1.2856,-0.7407,-52.195,-41.707,-338.902,1,90
-0.6567,-1.2661,-0.7520,-53.841,-42.317,-338.841,1,90
-0.6631,-1.2500,-0.7583,-55.732,-42.500,-337.866,1,90
-0.6660,-1.2363,-0.7739,-57.500,-42.927,-337.622,1,90
-0.6885,-1.2134,-0.7979,-59.512,-42.988,-336.646,1,90
-0.6909,-1.1924,-0.8037,-62.134,-42.622,-335.488,1,90
-0.7026,-1.1675,-0.8218,-64.085,-42.378,-334.146,1,90
-0.7163,-1.1440,-0.8442,-66.159,-41.951,-332.622,1,90
1.8481,0.0454,-0.9546,-35.366,3.415,28.110,2,90
1.8438,0.0400,-0.9824,-41.646,3.232,29.390,2,90
1.8447,0.0513,-1.0156,-48.598,3.902,31.402,2,90
1.8511,0.0659,-1.0239,-55.549,4.451,33.841,2,90
1.8599,0.0864,-1.0454,-62.622,4.817,36.890,2,90
1.8696,0.0952,-1.0435,-69.756,5.427,39.695,2,90
1.8936,0.1216,-1.0596,-75.793,5.488,42.683,2,90
1.9121,0.1270,-1.0635,-81.646,4.634,46.098,2,90
-0.9976,0.1050,-0.2363,21.646,11.585,-46.890,3,41
-1.0015,0.0850,-0.2407,19.146,10.549,-48.598,3,41
-0.9858,0.0586,-0.2383,14.634,7.622,-52.500,3,41
-0.9546,0.0063,-0.2422,10.000,4.695,-55.854,3,41
-0.9141,-0.0410,-0.2417,5.305,2.195,-58.720,3,41
-0.8838,-0.0605,-0.2261,-1.037,-1.220,-61.159,3,41
-0.8911,-0.0728,-0.2485,-8.049,-4.939,-63.780,3,41
-0.8999,-0.0869,-0.2847,-14.756,-8.232,-66.159,3,41
-2.1196,1.4277,-0.5566,15.549,32.622,115.244,1,90
-2.0469,1.4497,-0.5615,18.049,30.427,125.610,1,90
-1.9658,1.4922,-0.5708,18.902,28.110,136.220,1,90
-1.8975,1.5474,-0.5781,18.415,25.244,147.317,1,90
-1.8384,1.5928,-0.5898,17.439,22.744,158.354,1,90
-1.7822,1.6284,-0.5996,15.976,19.146,170.061,1,90
-1.7261,1.6748,-0.6011,15.244,15.793,181.646,1,90
-1.6523,1.7148,-0.6304,14.390,10.183,199.390,1,90
1.9165,0.2886,-1.1123,-96.707,-20.610,64.634,2,90
1.8872,0.3101,-1.1138,-95.488,-23.902,65.244,2,90
1.8481,0.3291,-1.1172,-94.024,-27.500,65.915,2,90
1.8013,0.3428,-1.1035,-92.317,-30.549,66.037,2,90
1.7529,0.3574,-1.0962,-90.854,-33.720,66.402,2,90
1.7012,0.3774,-1.0845,-88.963,-36.646,66.646,2,90
1.6558,0.3853,-1.0811,-87.012,-39.512,67.195,2,90
1.6064,0.4009,-1.0708,-84.573,-41.646,68.232,2,90
-1.6113,1.7251,-0.6484,13.598,6.524,211.037,1,90
-1.5664,1.7261,-0.6694,13.232,3.293,222.012,1,90
-1.5337,1.7178,-0.6875,12.988,1.402,232.805,1,90
-1.4966,1.6953,-0.7031,13.780,0.122,242.927,1,90
-1.4507,1.6655,-0.7280,14.634,-0.793,253.171,1,90
-1.4258,1.6270,-0.7373,16.646,-1.159,263.232,1,90
-1.3906,1.5791,-0.7310,19.878,-1.341,273.537,1,90
-1.3613,1.5244,-0.7427,24.390,-1.037,283.720,1,90
-1.3433,1.4668,-0.7388,28.841,-0.305,293.415,1,90
-1.3345,1.3975,-0.7217,33.476,0.549,302.744,1,90
-1.3184,1.3374,-0.7119,37.256,1.463,312.378,1,90
-1.3066,1.2739,-0.6973,40.427,2.317,321.341,1,90
-1.3003,1.2070,-0.6777,43.780,3.476,330.244,1,90
-1.2954,1.1406,-0.6528,47.195,3.841,338.780,1,90
-1.2920,1.0674,-0.6392,50.610,5.183,346.707,1,90
-1.2896,1.0034,-0.6157,53.415,5.610,354.634,1,90
1.2480,0.4531,-0.9111,-50.244,-58.963,83.476,2,90
1.2236,0.4404,-0.8760,-47.073,-60.366,86.280,2,90
1.2065,0.4336,-0.8281,-44.207,-61.524,89.329,2,90
1.1958,0.4106,-0.8062,-41.463,-62.439,92.439,2,90
1.1812,0.3979,-0.7656,-38.780,-62.988,95.915,2,90
1.1816,0.3774,-0.7271,-36.463,-63.537,99.878,2,90
1.1768,0.3564,-0.6846,-34.634,-63.598,103.902,2,90
1.1616,0.3320,-0.6353,-32.927,-63.476,107.744,2,90
-1.2900,0.9297,-0.6123,56.707,7.439,361.768,1,90
-1.2891,0.8618,-0.5845,60.305,8.659,368.780,1,90
-1.2939,0.7856,-0.5605,63.415,10.488,375.061,1,90
-1.2959,0.7192,-0.5396,66.524,11.768,381.220,1,90
-1.2959,0.6387,-0.5132,70.000,12.988,387.134,1,90
-1.3096,0.5688,-0.5122,72.988,14.573,392.378,1,90
-1.3101,0.4883,-0.4766,76.951,16.037,397.744,1,90
-1.3096,0.4028,-0.4629,80.671,18.232,402.500,1,90
1.1548,0.3052,-0.5898,-31.890,-63.780,111.829,2,90
1.1421,0.2788,-0.5386,-31.037,-63.659,115.244,2,90
1.1118,0.2563,-0.4829,-30.366,-64.390,118.476,2,90
1.0903,0.2280,-0.4434,-30.366,-64.451,120.915,2,90
1.0649,0.2051,-0.3931,-30.000,-65.488,123.110,2,90
1.0352,0.1841,-0.3477,-30.488,-66.037,124.634,2,90
1.0107,0.1597,-0.3032,-29.451,-67.073,126.098,2,90
0.9702,0.1494,-0.2764,-29.451,-67.256,127.439,2,90
-1.3218,0.3198,-0.4268,85.000,19.939,406.707,1,90
-1.3325,0.2446,-0.3975,87.622,22.378,410.976,1,90
-1.3867,0.2222,-0.2725,84.634,25.732,414.451,1,90
-1.4287,0.1455,-0.2837,70.793,27.500,418.415,1,90
-1.4395,-0.0190,-0.3071,56.098,27.561,421.829,1,90
-1.4619,-0.2271,-0.3154,49.451,28.902,424.146,1,90
-1.5005,-0.5054,-0.3101,55.427,33.720,427.012,1,90
-1.5459,-0.6821,-0.2969,62.256,38.841,427.805,1,90
0.9468,0.1387,-0.2393,-28.902,-67.134,128.659,2,90
0.9121,0.1392,-0.2139,-28.902,-67.378,129.512,2,90
0.8770,0.1318,-0.1885,-29.146,-67.012,130.488,2,90
0.8325,0.1318,-0.1680,-29.207,-66.159,131.524,2,90
0.8086,0.1333,-0.1431,-29.634,-65.732,132.195,2,90
0.7710,0.1445,-0.1216,-29.817,-65.122,132.683,2,90
0.7480,0.1470,-0.0996,-30.000,-64.634,133.110,2,90
0.7207,0.1606,-0.0845,-30.000,-64.024,133.841,2,90
-0.9575,-0.1191,-0.2334,-32.866,-58.049,-48.720,3,41
-0.9648,-0.0918,-0.2241,-30.122,-57.622,-48.476,3,41
-0.9692,-0.0781,-0.2344,-27.683,-57.317,-48.110,3,41
-0.9639,-0.0869,-0.2520,-24.573,-56.524,-47.561,3,41
-0.9561,-0.1001,-0.2808,-21.159,-55.976,-47.744,3,41
-0.9478,-0.1372,-0.3276,-18.049,-55.122,-47.927,3,41
-0.9136,-0.1890,-0.3564,-13.841,-54.268,-47.439,3,41
-0.8862,-0.2437,-0.3730,-10.976,-53.659,-47.134,3,41
-1.7285,-0.9980,1.4214,-13.659,-134.207,-189.146,4,41
-1.8325,-0.9019,1.4209,-17.012,-154.512,-190.976,4,41
-1.8916,-0.8242,1.4189,-20.854,-171.768,-196.098,4,41
-1.9209,-0.7744,1.4102,-23.598,-186.159,-203.902,4,41
-1.9224,-0.7656,1.3667,-22.073,-198.415,-213.476,4,41
-1.9321,-0.7490,1.3120,-18.110,-208.354,-223.780,4,41
-1.9326,-0.7466,1.2515,-12.073,-215.976,-233.476,4,41
-1.9375,-0.7490,1.1899,-7.073,-221.890,-241.829,4,41
-0.8579,-0.2861,-0.3799,-7.927,-52.927,-47.073,3,41
-0.8389,-0.3389,-0.3872,-5.427,-52.805,-46.280,3,41
-0.8169,-0.3711,-0.3809,-3.476,-52.622,-45.366,3,41
-0.8081,-0.3877,-0.3511,-1.951,-52.805,-44.329,3,41
-0.8228,-0.3887,-0.3389,-1.463,-53.171,-43.110,3,41
-0.8228,-0.3721,-0.3247,-0.671,-53.780,-41.402,3,41
-0.8384,-0.3491,-0.3013,0.183,-53.841,-40.183,3,41
-0.8721,-0.3062,-0.2827,0.671,-54.024,-38.476,3,41
-1.4927,-1.7627,-0.2769,-57.988,57.012,407.195,1,90
-1.4868,-1.7720,-0.2866,-62.866,47.500,409.024,1,90
-1.4937,-1.7837,-0.2817,-65.610,38.232,410.427,1,90
-1.5186,-1.8081,-0.2847,-64.634,30.061,411.280,1,90
-1.5488,-1.8296,-0.2793,-61.829,23.598,410.976,1,90
-1.5796,-1.8584,-0.2710,-54.878,19.024,409.024,1,90
-1.6187,-1.8779,-0.2705,-45.061,16.159,405.732,1,90
-1.6348,-1.8965,-0.2798,-32.500,15.122,400.549,1,90
0.4331,0.1348,-0.1680,-25.732,-53.841,136.402,2,90
0.4272,0.1294,-0.1880,-24.695,-51.159,135.549,2,90
0.4053,0.1387,-0.1792,-23.902,-48.171,134.207,2,90
0.3975,0.1416,-0.1875,-24.329,-45.793,132.988,2,90
0.3887,0.1426,-0.2065,-23.902,-42.866,131.768,2,90
0.3848,0.1411,-0.2026,-23.476,-41.037,130.610,2,90
0.3735,0.1489,-0.2153,-22.683,-38.963,129.146,2,90
0.3638,0.1533,-0.2188,-21.585,-37.195,127.744,2,90
-1.6567,-1.9238,-0.2949,-18.354,15.915,393.780,1,90
-1.6479,-1.9551,-0.3145,-1.524,18.780,385.671,1,90
-1.6250,-1.9844,-0.3306,16.159,22.744,376.707,1,90
-1.5889,-2.0215,-0.3638,33.963,27.744,367.256,1,90
-1.5356,-2.0605,-0.3979,51.707,33.415,357.988,1,90
-1.4790,-2.1069,-0.4258,69.512,38.841,348.963,1,90
-1.3643,-2.1895,-0.4453,94.817,44.390,336.463,1,90
-1.2905,-2.2529,-0.4438,109.085,47.256,328.902,1,90
0.3511,0.1548,-0.2080,-20.976,-36.037,126.280,2,90
0.3418,0.1621,-0.2202,-19.817,-35.000,125.244,2,90
0.3247,0.1641,-0.2212,-18.354,-33.902,124.329,2,90
0.3120,0.1621,-0.2261,-16.768,-33.841,122.622,2,90
0.2993,0.1699,-0.2393,-14.939,-33.415,121.463,2,90
0.2822,0.1675,-0.2520,-13.110,-33.537,120.122,2,90
0.2681,0.1758,-0.2549,-11.402,-33.537,118.902,2,90
0.2388,0.1655,-0.2583,-10.000,-33.902,117.561,2,90
-0.9116,-0.4136,-0.1968,8.293,-43.963,-25.183,3,41
-0.9136,-0.3887,-0.1768,8.476,-43.476,-24.634,3,41
-0.9292,-0.3701,-0.1890,7.866,-42.683,-23.659,3,41
-0.9473,-0.3857,-0.1919,7.500,-41.646,-22.683,3,41
-0.9609,-0.4106,-0.1914,8.902,-39.878,-22.256,3,41
-0.9619,-0.4243,-0.1694,9.573,-38.415,-22.500,3,41
-0.9404,-0.4189,-0.1631,10.305,-37.073,-22.195,3,41
-0.9302,-0.4092,-0.1416,10.915,-35.549,-20.427,3,41
-0.5186,-2.9233,-0.2612,157.500,61.341,280.915,1,90
-0.4351,-2.9766,-0.2222,152.866,60.122,277.439,1,90
-0.3604,-3.0298,-0.2007,147.073,58.598,273.598,1,90
-0.2759,-3.0576,-0.1865,140.122,56.463,269.695,1,90
-0.1929,-3.0815,-0.1787,132.256,53.232,265.183,1,90
-0.1128,-3.0791,-0.1851,124.451,49.878,260.305,1,90
-0.0518,-3.0762,-0.1880,115.671,46.524,254.329,1,90
0.0107,-3.0674,-0.2139,106.951,43.415,247.988,1,90
0.1216,0.0947,-0.3936,4.268,-36.402,106.768,2,90
0.1187,0.0811,-0.4063,4.329,-36.159,105.549,2,90
0.1055,0.0757,-0.4106,3.963,-35.183,104.146,2,90
0.1050,0.0703,-0.4243,3.354,-33.963,102.500,2,90
0.0977,0.0635,-0.4297,2.744,-32.744,101.098,2,90
0.1021,0.0557,-0.4434,1.646,-31.159,99.817,2,90
0.1069,0.0615,-0.4600,1.037,-29.451,98.232,2,90
0.1069,0.0566,-0.4766,-0.122,-27.500,97.256,2,90
0.0776,-3.0386,-0.2461,98.537,39.756,241.037,1,90
0.1382,-3.0181,-0.2861,90.793,35.793,234.085,1,90
0.1807,-2.9800,-0.3281,83.415,32.256,226.829,1,90
0.2256,-2.9512,-0.3555,76.402,29.146,219.634,1,90
0.2603,-2.9141,-0.3979,70.671,26.341,212.866,1,90
0.2900,-2.8760,-0.4243,65.122,23.963,206.220,1,90
0.3198,-2.8423,-0.4658,60.671,21.890,200.000,1,90
0.3364,-2.8076,-0.5054,56.707,19.634,193.902,1,90
0.1157,0.0537,-0.4907,-0.427,-25.671,95.976,2,90
0.1221,0.0605,-0.5073,-1.585,-24.085,94.695,2,90
0.1284,0.0610,-0.5142,-2.683,-22.439,93.232,2,90
0.1323,0.0703,-0.5239,-3.049,-20.366,91.646,2,90
0.1465,0.0684,-0.5254,-4.146,-18.232,90.000,2,90
0.1445,0.0801,-0.5376,-4.756,-16.280,88.293,2,90
0.1499,0.0776,-0.5488,-4.939,-14.268,86.646,2,90
0.1577,0.0869,-0.5596,-4.512,-12.378,84.939,2,90
-0.9326,-0.2373,-0.0869,-10.549,-36.463,-10.610,3,41
-0.9409,-0.2280,-0.0933,-12.012,-36.159,-10.122,3,41
-0.9658,-0.2373,-0.0854,-12.622,-35.488,-10.122,3,41
-0.9775,-0.2417,-0.0835,-12.988,-34.634,-9.939,3,41
-0.9873,-0.2422,-0.0825,-12.866,-33.780,-10.122,3,41
-0.9922,-0.2480,-0.0762,-12.683,-32.805,-9.939,3,41
-0.9844,-0.2607,-0.0859,-12.683,-31.890,-10.183,3,41
-0.9868,-0.2827,-0.1011,-12.500,-30.488,-10.183,3,41
-5.3003,0.9829,-0.1377,-101.159,-603.537,-390.305,4,41
-5.3423,1.1152,-0.1553,-97.500,-606.341,-390.366,4,41
-5.3887,1.2651,-0.1772,-93.537,-609.085,-389.329,4,41
-5.4277,1.4189,-0.1909,-90.366,-612.561,-387.195,4,41
-5.4248,1.5610,-0.2266,-87.378,-616.768,-384.939,4,41
-5.4072,1.7070,-0.2520,-84.878,-621.768,-381.159,4,41
-5.3599,1.8384,-0.2969,-82.439,-626.829,-377.012,4,41
-5.2969,1.9468,-0.3418,-79.024,-632.195,-372.256,4,41
-0.9873,-0.3066,-0.1143,-11.646,-29.329,-10.671,3,41
-0.9893,-0.3286,-0.1377,-10.610,-27.744,-10.427,3,41
-0.9751,-0.3389,-0.1455,-8.720,-26.646,-10.366,3,41
-0.9717,-0.3560,-0.1675,-7.378,-25.305,-10.061,3,41
-0.9707,-0.3779,-0.1841,-5.549,-23.415,-9.817,3,41
-0.9688,-0.4023,-0.1860,-2.500,-21.707,-9.207,3,41
-0.9517,-0.4253,-0.1782,0.610,-19.512,-8.537,3,41
-0.9473,-0.4365,-0.1899,5.122,-17.439,-7.805,3,41
-5.2158,2.0547,-0.3906,-74.573,-638.354,-366.159,4,41
-5.1206,2.1367,-0.4326,-69.390,-645.244,-359.024,4,41
-5.0205,2.1875,-0.4736,-63.049,-652.866,-350.183,4,41
-7.0635,0.3174,-1.5508,-45.244,-653.598,-355.793,4,41
-12.3374,-12.7915,0.3804,161.220,-671.768,-747.988,4,41
-13.5117,-2.7603,-12.4048,-738.049,-698.415,-546.220,4,41
-4.8530,13.0249,-15.9355,-177.134,-266.585,-353.293,4,41
-0.9072,13.3359,-15.9990,147.134,80.000,-335.854,4,41
-0.9346,-0.4312,-0.2002,11.646,-13.476,-6.098,3,41
-0.9312,-0.4204,-0.1885,13.963,-12.622,-5.610,3,41
-0.9590,-0.3857,-0.1968,16.585,-10.854,-4.451,3,41
-0.9575,-0.3799,-0.1938,18.415,-9.390,-3.415,3,41
-0.9336,-0.3379,-0.0830,21.463,-9.512,-3.110,3,41
-0.9365,-0.2651,-0.0459,21.768,-10.122,-2.134,3,41
-0.9844,-0.2866,-0.1479,18.171,-8.476,-0.488,3,41
-1.0254,-0.3760,-0.1631,21.829,-6.463,0.244,3,41
0.7974,-2.2412,-0.5171,85.305,17.378,56.829,1,90
0.8086,-2.2441,-0.5015,82.805,16.463,52.439,1,90
0.7998,-2.2432,-0.4761,78.902,15.976,48.110,1,90
0.7944,-2.2495,-0.4497,74.634,15.488,43.720,1,90
0.7886,-2.2427,-0.4458,70.305,15.000,39.451,1,90
0.7822,-2.2480,-0.4346,65.671,14.207,35.305,1,90
0.7651,-2.2412,-0.4258,60.244,13.598,31.646,1,90
0.7549,-2.2339,-0.4165,56.037,12.744,28.171,1,90
0.1455,0.2139,-0.5469,3.963,34.878,21.524,2,90
0.1567,0.1982,-0.5386,-0.427,35.671,19.634,2,90
0.1768,0.1909,-0.5371,-5.061,36.098,17.439,2,90
0.1895,0.1709,-0.5273,-10.061,36.646,15.732,2,90
0.2012,0.1563,-0.5293,-15.427,37.439,13.659,2,90
0.2314,0.1455,-0.5327,-21.098,38.720,11.890,2,90
0.2500,0.1309,-0.5371,-26.829,39.451,9.878,2,90
0.2842,0.1226,-0.5425,-32.988,40.671,8.049,2,90
0.7329,-2.2256,-0.4038,51.037,11.890,24.390,1,90
0.7144,-2.2192,-0.4048,46.646,10.549,21.037,1,90
0.7031,-2.2046,-0.4004,41.829,9.146,17.561,1,90
0.6782,-2.1909,-0.3960,36.890,8.110,13.963,1,90
0.6294,-2.1641,-0.3926,30.549,5.732,8.780,1,90
0.6104,-2.1348,-0.3950,26.280,4.451,5.427,1,90
0.5737,-2.1143,-0.3931,22.439,3.293,2.134,1,90
0.5459,-2.0903,-0.3926,18.902,2.073,-1.037,1,90
0.2983,0.1182,-0.5425,-38.780,42.012,6.098,2,90
0.3208,0.1177,-0.5303,-45.061,43.354,4.329,2,90
0.3408,0.1230,-0.5356,-51.341,44.573,2.378,2,90
0.3633,0.1235,-0.5229,-58.293,46.159,0.366,2,90
0.3760,0.1401,-0.5220,-65.122,47.073,-1.585,2,90
0.3833,0.1392,-0.5063,-72.073,47.988,-3.720,2,90
0.3916,0.1548,-0.5156,-78.171,48.720,-5.122,2,90
0.4038,0.1621,-0.5181,-84.024,48.659,-6.768,2,90
0.5161,-2.0649,-0.3848,15.000,1.098,-3.780,1,90
0.4897,-2.0527,-0.3809,11.463,0.183,-6.951,1,90
0.4575,-2.0400,-0.3857,7.988,-0.915,-9.695,1,90
0.4307,-2.0259,-0.3726,5.122,-1.707,-12.317,1,90
0.4141,-2.0054,-0.3726,2.134,-2.744,-15.061,1,90
0.4004,-1.9932,-0.3628,-0.122,-3.598,-17.622,1,90
0.3809,-1.9766,-0.3643,-2.866,-4.939,-20.244,1,90
0.3706,-1.9629,-0.3574,-4.878,-6.220,-22.988,1,90
0.4116,0.1831,-0.5381,-89.512,49.329,-8.720,2,90
0.4209,0.2051,-0.5347,-94.634,49.390,-10.488,2,90
0.4248,0.2261,-0.5469,-99.024,49.573,-11.646,2,90
0.4307,0.2612,-0.5493,-103.720,50.488,-12.866,2,90
0.4365,0.2827,-0.5537,-107.927,51.037,-14.390,2,90
0.4395,0.3081,-0.5483,-112.378,51.951,-15.244,2,90
0.4546,0.3379,-0.5542,-115.488,52.195,-16.098,2,90
0.4565,0.3604,-0.5566,-118.354,52.927,-16.646,2,90
0.3555,-1.9580,-0.3647,-6.768,-7.744,-25.366,1,90
0.3320,-1.9438,-0.3716,-8.415,-9.146,-28.110,1,90
0.3188,-1.9326,-0.3672,-9.512,-10.549,-30.915,1,90
0.3149,-1.9175,-0.3726,-10.732,-11.707,-33.841,1,90
0.3062,-1.9048,-0.3750,-10.976,-12.988,-36.585,1,90
0.2930,-1.8906,-0.3784,-11.585,-14.390,-39.390,1,90
0.2891,-1.8765,-0.3760,-11.646,-15.488,-42.195,1,90
0.2793,-1.8730,-0.3882,-11.524,-16.402,-45.122,1,90
0.4673,0.3882,-0.5630,-120.000,53.232,-17.195,2,90
0.4775,0.4038,-0.5781,-121.098,53.537,-17.988,2,90
0.4951,0.4331,-0.5747,-121.646,53.659,-18.293,2,90
0.5024,0.4546,-0.5718,-121.220,53.598,-18.902,2,90
0.5239,0.4756,-0.5693,-120.854,53.232,-19.451,2,90
0.5361,0.4976,-0.5645,-119.268,52.988,-20.305,2,90
0.5493,0.5088,-0.5640,-117.439,52.073,-20.976,2,90
0.5635,0.5215,-0.5659,-114.817,51.341,-22.012,2,90
0.2773,-1.8604,-0.3853,-11.098,-17.866,-47.866,1,90
0.2754,-1.8550,-0.3906,-10.244,-18.476,-50.610,1,90
0.2778,-1.8506,-0.3965,-9.390,-20.000,-53.720,1,90
0.2803,-1.8369,-0.3916,-8.720,-21.280,-56.524,1,90
0.2822,-1.8252,-0.3872,-7.866,-22.134,-59.817,1,90
0.2881,-1.8232,-0.3774,-7.073,-23.598,-62.927,1,90
0.2959,-1.8101,-0.3838,-6.402,-25.061,-66.524,1,90
0.3008,-1.8062,-0.3701,-6.341,-25.915,-69.451,1,90
0.5762,0.5376,-0.5562,-111.402,50.061,-22.927,2,90
0.5835,0.5459,-0.5542,-107.927,49.146,-24.329,2,90
0.5972,0.5508,-0.5581,-103.232,47.683,-25.549,2,90
0.6001,0.5654,-0.5615,-97.683,46.341,-27.256,2,90
0.6016,0.5679,-0.5601,-91.646,45.366,-28.963,2,90
0.6045,0.5923,-0.5659,-85.183,44.085,-30.427,2,90
0.5981,0.5923,-0.5688,-78.598,42.866,-31.951,2,90
0.6011,0.6084,-0.5723,-72.073,41.951,-33.598,2,90
0.3037,-1.8022,-0.3755,-5.488,-27.439,-72.866,1,90
0.3154,-1.7949,-0.3677,-4.573,-29.085,-75.793,1,90
0.3286,-1.7837,-0.3682,-3.963,-30.854,-78.902,1,90
0.3403,-1.7686,-0.3623,-3.354,-32.683,-82.378,1,90
0.3418,-1.7554,-0.3574,-3.049,-35.732,-87.378,1,90
0.3486,-1.7456,-0.3569,-2.744,-37.988,-90.244,1,90
0.3608,-1.7310,-0.3545,-2.622,-39.817,-93.659,1,90
0.3564,-1.7183,-0.3472,-2.439,-41.341,-96.890,1,90
0.5854,0.6245,-0.5649,-65.976,40.671,-35.488,2,90
0.5850,0.6353,-0.5728,-59.512,39.756,-37.073,2,90
0.5732,0.6416,-0.5654,-53.476,38.598,-38.659,2,90
0.5571,0.6465,-0.5728,-47.012,37.561,-40.183,2,90
0.5586,0.6475,-0.5776,-40.427,36.463,-41.402,2,90
0.5474,0.6592,-0.5801,-33.659,35.488,-42.805,2,90
0.5298,0.6582,-0.5957,-27.378,34.329,-43.841,2,90
0.5288,0.6577,-0.5894,-21.341,32.988,-44.939,2,90
0.3643,-1.6973,-0.3652,-2.500,-43.476,-99.878,1,90
0.3574,-1.6880,-0.3774,-2.256,-45.000,-102.988,1,90
0.3599,-1.6724,-0.3896,-2.439,-46.829,-105.793,1,90
0.3608,-1.6631,-0.3989,-1.890,-48.110,-108.659,1,90
0.3564,-1.6479,-0.4072,-1.707,-49.329,-111.646,1,90
0.3535,-1.6289,-0.4243,-1.463,-50.610,-114.268,1,90
0.3496,-1.6152,-0.4321,-1.098,-51.707,-117.134,1,90
0.3350,-1.5986,-0.4229,-0.915,-53.110,-119.695,1,90
0.5137,0.6523,-0.5889,-15.366,31.829,-45.976,2,90
0.5083,0.6470,-0.5889,-9.695,30.549,-46.890,2,90
0.5073,0.6377,-0.5933,-4.451,29.207,-47.805,2,90
0.4956,0.6230,-0.5986,0.305,27.927,-48.537,2,90
0.4932,0.6108,-0.5962,4.756,26.585,-49.817,2,90
0.4941,0.5942,-0.5957,8.963,25.183,-50.610,2,90
0.4756,0.5654,-0.5879,12.378,23.963,-51.341,2,90
0.4741,0.5527,-0.5825,15.793,22.561,-52.256,2,90
0.3345,-1.5747,-0.4346,-1.037,-54.451,-122.195,1,90
0.3228,-1.5571,-0.4355,-0.488,-54.878,-124.634,1,90
0.3271,-1.5400,-0.4453,-0.427,-55.915,-126.707,1,90
0.3242,-1.5146,-0.4404,0.122,-56.646,-129.085,1,90
0.3184,-1.5020,-0.4375,0.488,-57.683,-131.159,1,90
0.3164,-1.4795,-0.4321,0.549,-58.049,-133.476,1,90
0.3164,-1.4697,-0.4248,1.280,-58.841,-135.366,1,90
0.3140,-1.4565,-0.4097,1.890,-59.146,-137.622,1,90
0.4717,0.5239,-0.5820,18.354,21.585,-53.171,2,90
0.4648,0.4995,-0.5708,20.793,20.122,-53.780,2,90
0.4590,0.4722,-0.5601,22.805,18.720,-54.939,2,90
0.4551,0.4546,-0.5635,23.902,17.561,-55.366,2,90
0.4404,0.4189,-0.5464,24.573,16.463,-56.524,2,90
0.4380,0.3950,-0.5381,24.939,15.122,-57.134,2,90
0.4331,0.3745,-0.5220,24.268,13.780,-58.354,2,90
0.4316,0.3442,-0.5195,23.415,12.317,-59.146,2,90
-0.9517,-0.4194,-0.1782,-4.634,4.695,-10.427,3,41
-0.9565,-0.4360,-0.1685,-2.500,6.280,-9.695,3,41
-0.9517,-0.4561,-0.1558,0.427,8.415,-8.902,3,41
-0.9399,-0.4634,-0.1436,3.110,10.000,-7.927,3,41
-0.9355,-0.4688,-0.1250,5.305,11.585,-7.500,3,41
-0.9370,-0.4717,-0.1318,6.402,12.683,-7.012,3,41
-0.9282,-0.4697,-0.1553,8.293,14.085,-6.890,3,41
-0.9219,-0.4644,-0.1528,10.366,14.817,-6.341,3,41
-1.7075,0.7671,-1.4307,307.805,253.963,107.195,4,41
-1.7485,0.7969,-1.4233,304.024,263.598,107.561,4,41
-1.8081,0.8013,-1.3784,299.451,273.232,109.207,4,41
-1.8628,0.7778,-1.3296,295.000,282.439,112.073,4,41
-1.9321,0.7793,-1.2642,289.634,292.073,115.854,4,41
-1.9863,0.7749,-1.2007,282.927,300.183,119.756,4,41
-2.0229,0.7915,-1.1582,275.671,306.341,122.988,4,41
-2.0425,0.8315,-1.1245,269.756,311.768,126.159,4,41
-0.9268,-0.4438,-0.1694,11.829,15.854,-5.793,3,41
-0.9307,-0.4351,-0.1709,13.780,16.646,-5.183,3,41
-0.9370,-0.4204,-0.1724,15.427,17.195,-4.268,3,41
-0.9351,-0.4092,-0.1563,16.524,17.744,-3.537,3,41
-0.9395,-0.4009,-0.1621,16.524,17.866,-2.866,3,41
-0.9360,-0.3955,-0.1631,17.195,18.232,-2.500,3,41
-0.9292,-0.3848,-0.1743,16.829,18.537,-2.317,3,41
-0.9292,-0.3730,-0.1870,17.927,18.780,-2.012,3,41
-2.0586,0.8843,-1.0830,266.220,316.829,128.415,4,41
-2.0791,0.9556,-1.0708,262.744,322.378,130.488,4,41
-2.0859,1.0234,-1.0400,260.366,328.720,131.524,4,41
-2.1074,1.0762,-1.0093,258.293,335.061,132.317,4,41
-2.1187,1.0952,-0.9780,257.378,341.707,133.110,4,41
-2.1523,1.1313,-0.9229,257.073,348.049,134.817,4,41
-2.1841,1.1396,-0.8721,257.134,354.207,136.098,4,41
-2.2383,1.1367,-0.8032,257.622,360.000,137.134,4,41
-0.9189,-0.3442,-0.1714,18.841,19.268,-2.134,3,41
-0.9229,-0.3076,-0.1689,19.451,19.146,-1.463,3,41
-0.9287,-0.2861,-0.1602,18.963,19.512,-0.427,3,41
-0.9409,-0.2866,-0.1553,18.780,19.573,0.061,3,41
-0.9443,-0.2954,-0.1538,18.902,20.366,0.366,3,41
-0.9458,-0.3364,-0.1494,18.659,21.159,0.610,3,41
-0.9424,-0.3696,-0.1680,18.780,22.317,0.793,3,41
-0.9336,-0.4067,-0.1812,18.841,23.293,0.732,3,41
-2.2993,1.1411,-0.7549,257.744,365.000,138.476,4,41
-2.3496,1.1494,-0.6992,256.829,370.427,139.146,4,41
-2.4512,1.1514,-0.6411,255.122,375.549,139.512,4,41
-2.5469,1.1680,-0.5850,254.146,378.963,140.427,4,41
-2.6685,1.1689,-0.5327,252.439,381.585,141.829,4,41
-2.7720,1.1567,-0.4746,250.854,382.866,143.598,4,41
-2.8677,1.1528,-0.4116,249.817,383.415,144.939,4,41
-2.9355,1.1460,-0.3354,250.000,383.841,145.732,4,41
-0.9214,-0.4375,-0.1953,19.451,24.024,0.488,3,41
-0.9102,-0.4517,-0.1997,21.341,25.122,0.549,3,41
-0.9092,-0.4434,-0.1968,22.500,25.488,1.037,3,41
-0.8984,-0.4277,-0.2007,23.780,26.159,2.012,3,41
-0.9082,-0.4219,-0.1929,24.390,26.037,2.866,3,41
-0.9141,-0.4224,-0.1987,25.183,25.915,3.963,3,41
-0.9189,-0.4331,-0.1948,25.061,25.793,5.061,3,41
-0.9253,-0.4512,-0.1914,25.305,25.610,6.037,3,41
-2.9790,1.1279,-0.2715,250.610,384.512,146.402,4,41
-3.0039,1.1201,-0.2388,252.378,385.000,147.012,4,41
-3.0674,1.1011,-0.1821,253.780,385.976,146.951,4,41
-3.1123,1.0938,-0.1572,256.098,387.561,147.012,4,41
-3.1587,1.0830,-0.1167,258.902,388.720,147.134,4,41
-3.1909,1.0752,-0.0757,261.646,390.366,147.317,4,41
-3.2461,1.0786,-0.0425,264.329,392.134,147.561,4,41
-3.3032,1.0781,0.0078,266.402,394.146,148.110,4,41
-0.9214,-0.4634,-0.1802,25.671,25.915,6.829,3,41
-0.9160,-0.4707,-0.1709,25.427,25.671,7.683,3,41
-0.9141,-0.4741,-0.1714,25.122,25.122,8.963,3,41
-0.9082,-0.4814,-0.1650,24.756,24.756,10.000,3,41
-0.8994,-0.4873,-0.1641,23.841,23.902,10.732,3,41
-0.9009,-0.4937,-0.1865,23.841,23.537,11.890,3,41
-0.8906,-0.4922,-0.1963,23.293,23.415,12.866,3,41
-0.8896,-0.4868,-0.2041,23.354,23.354,13.841,3,41
-0.1362,-1.3706,-0.2188,-25.549,-100.122,-209.512,1,90
-0.1377,-1.3667,-0.2114,-24.878,-100.854,-210.244,1,90
-0.1382,-1.3604,-0.2012,-23.780,-101.890,-211.890,1,90
-0.1470,-1.3535,-0.2080,-21.646,-103.415,-214.390,1,90
-0.1475,-1.3550,-0.2085,-20.122,-104.634,-216.220,1,90
-0.1465,-1.3564,-0.2144,-19.024,-105.854,-217.988,1,90
-0.1489,-1.3647,-0.2285,-18.049,-107.073,-219.634,1,90
-0.1592,-1.3760,-0.2407,-17.439,-108.171,-221.098,1,90
0.5615,0.2461,-0.3359,20.183,2.256,-95.244,2,90
0.5664,0.2417,-0.3228,20.305,2.378,-95.854,2,90
0.5845,0.2349,-0.3110,20.488,2.500,-97.256,2,90
0.6016,0.2344,-0.3018,20.732,2.805,-98.476,2,90
0.6079,0.2275,-0.2988,21.037,2.805,-98.841,2,90
0.6177,0.2207,-0.3032,21.646,3.049,-99.878,2,90
0.6362,0.2114,-0.3037,22.622,3.110,-100.488,2,90
0.6519,0.2168,-0.3174,23.659,3.415,-101.341,2,90
-0.1362,-1.3706,-0.2188,-25.549,-100.122,-209.512,1,90
-0.1738,-1.3970,-0.2461,-16.585,-110.122,-224.329,1,90
-0.1782,-1.4106,-0.2646,-16.524,-110.915,-226.037,1,90
-0.1904,-1.4121,-0.2671,-15.976,-112.439,-227.561,1,90
-0.1968,-1.4194,-0.2861,-15.976,-113.720,-228.659,1,90
-0.2017,-1.4302,-0.3062,-15.915,-114.878,-230.427,1,90
-0.2026,-1.4336,-0.3125,-16.402,-115.915,-231.829,1,90
-0.2153,-1.4419,-0.3198,-16.585,-117.256,-233.354,1,90
0.6758,0.2124,-0.3340,25.671,4.207,-102.866,2,90
0.6963,0.2168,-0.3579,27.561,4.512,-103.598,2,90
0.7026,0.2227,-0.3853,29.512,5.366,-104.451,2,90
0.7046,0.2349,-0.3950,31.220,6.646,-105.549,2,90
0.7109,0.2432,-0.4072,32.012,7.927,-106.768,2,90
0.7134,0.2642,-0.4194,32.927,9.085,-107.866,2,90
0.7080,0.2744,-0.4233,34.024,10.732,-109.146,2,90
0.7114,0.2832,-0.4429,35.061,12.012,-110.549,2,90
-0.9141,-0.3999,-0.1123,15.976,19.817,25.122,3,41
-0.9150,-0.3848,-0.0845,14.878,19.085,26.037,3,41
-0.9238,-0.3740,-0.0532,13.476,19.146,26.829,3,41
-0.9380,-0.3677,-0.0503,12.988,19.939,27.561,3,41
-0.9473,-0.3882,-0.0771,13.171,21.341,27.744,3,41
-0.9492,-0.4053,-0.1172,13.963,22.866,27.561,3,41
-0.9517,-0.4141,-0.1528,14.634,24.207,26.951,3,41
-0.9351,-0.4009,-0.1812,15.671,24.939,26.585,3,41
-3.3818,0.6523,0.0488,294.207,396.585,101.159,4,41
-3.3638,0.6172,0.0391,277.317,397.195,95.732,4,41
-3.3486,0.5742,0.0405,260.427,397.988,90.244,4,41
-3.3188,0.5220,0.0503,243.841,398.537,84.817,4,41
-3.2827,0.4673,0.0557,228.720,398.171,80.488,4,41
-3.2632,0.4390,0.0410,216.098,396.768,76.463,4,41
-3.2568,0.4277,0.0371,205.671,394.268,73.598,4,41
-3.2456,0.4263,0.0308,197.378,390.915,71.280,4,41
-0.9258,-0.3848,-0.1963,15.488,25.305,26.768,3,41
-0.9150,-0.3730,-0.1924,14.390,24.939,27.256,3,41
-0.9180,-0.3618,-0.1787,12.561,24.390,28.049,3,41
-0.9243,-0.3735,-0.1772,10.732,23.902,29.085,3,41
-0.9233,-0.4048,-0.1685,8.720,23.659,29.756,3,41
-0.9229,-0.4351,-0.1499,6.890,23.293,30.854,3,41
-0.9023,-0.4609,-0.1377,5.549,23.354,31.951,3,41
-0.8862,-0.4746,-0.1392,4.085,22.805,33.293,3,41
-3.2451,0.4478,0.0137,190.976,387.134,69.268,4,41
-3.2495,0.4907,-0.0015,186.341,382.927,67.378,4,41
-3.2451,0.5488,-0.0156,182.866,377.927,65.488,4,41
-3.2539,0.6157,-0.0176,179.085,372.866,63.476,4,41
-3.2534,0.6831,-0.0225,175.976,368.049,61.341,4,41
-3.2368,0.7549,-0.0083,169.939,363.963,58.841,4,41
-3.2305,0.8066,0.0239,159.573,360.976,56.159,4,41
-3.2109,0.8271,0.0630,145.244,358.780,53.171,4,41
-0.8721,-0.4766,-0.1494,4.268,23.049,34.756,3,41
-0.8657,-0.4565,-0.1841,4.024,23.293,36.098,3,41
-0.8701,-0.4463,-0.2285,4.512,23.171,37.988,3,41
-0.8848,-0.4370,-0.2539,5.061,22.988,39.634,3,41
-0.8901,-0.4370,-0.2700,4.573,22.805,40.976,3,41
-0.8843,-0.4580,-0.2651,3.780,22.622,42.134,3,41
-0.8716,-0.4849,-0.2578,1.341,21.951,43.476,3,41
-0.8486,-0.5088,-0.2461,-1.280,21.402,45.000,3,41
-3.1831,0.8188,0.0796,130.915,356.341,50.610,4,41
-3.1660,0.7925,0.0967,118.049,353.476,48.232,4,41
-3.1182,0.7656,0.0981,106.890,350.366,46.463,4,41
-3.0942,0.7246,0.0894,98.354,346.220,45.488,4,41
-3.0635,0.6855,0.0654,92.378,341.829,44.756,4,41
-3.0474,0.6597,0.0439,87.927,338.049,44.817,4,41
-3.0322,0.6514,0.0059,84.146,334.695,45.061,4,41
-3.0493,0.6582,-0.0352,78.902,332.073,46.402,4,41
-0.8369,-0.5347,-0.2432,-4.512,20.244,47.439,3,41
-0.8408,-0.5488,-0.2334,-8.232,19.146,49.817,3,41
-0.8438,-0.5566,-0.2183,-11.037,18.476,53.110,3,41
-0.8457,-0.5830,-0.1538,-13.537,18.171,56.768,3,41
-0.8589,-0.5981,-0.0571,-16.159,18.171,60.488,3,41
-0.8560,-0.6304,0.0161,-17.988,18.780,64.695,3,41
-0.8574,-0.6470,0.0469,-17.683,20.488,68.049,3,41
-0.8779,-0.6118,-0.0278,-14.390,22.988,70.610,3,41
-0.4092,-1.3325,-0.7949,-18.902,-118.476,-280.976,1,90
-0.4243,-1.3306,-0.8086,-19.329,-118.049,-281.524,1,90
-0.4282,-1.3345,-0.8218,-20.915,-117.744,-282.012,1,90
-0.4429,-1.3281,-0.8428,-22.317,-117.317,-282.500,1,90
-0.4531,-1.3350,-0.8740,-25.000,-117.195,-282.622,1,90
-0.4692,-1.3306,-0.8984,-27.317,-116.220,-282.439,1,90
-0.4834,-1.3418,-0.9263,-30.000,-115.366,-281.951,1,90
-0.5020,-1.3433,-0.9644,-33.232,-114.939,-281.707,1,90
0.7554,0.4312,-0.4937,73.537,34.634,-90.488,2,90
0.7495,0.4473,-0.5059,73.902,34.512,-89.451,2,90
0.7446,0.4580,-0.5186,74.146,34.268,-88.232,2,90
0.7407,0.4668,-0.5142,74.451,34.207,-86.890,2,90
0.7500,0.4790,-0.5381,75.000,34.146,-85.671,2,90
0.7461,0.4932,-0.5425,75.244,34.329,-84.146,2,90
0.7549,0.5044,-0.5356,76.280,35.061,-82.561,2,90
0.7603,0.5171,-0.5498,77.195,35.122,-80.976,2,90
-0.5229,-1.3389,-1.0132,-36.890,-113.963,-280.915,1,90
-0.5459,-1.3345,-1.0386,-40.854,-112.561,-280.122,1,90
-0.5747,-1.3306,-1.0659,-45.000,-110.854,-279.817,1,90
-0.5898,-1.3228,-1.1011,-49.085,-108.780,-278.354,1,90
-0.6235,-1.3145,-1.1328,-53.476,-107.134,-277.073,1,90
-0.6450,-1.2939,-1.1650,-57.805,-104.878,-275.732,1,90
-0.6680,-1.2793,-1.2070,-62.012,-103.049,-274.207,1,90
-0.6885,-1.2515,-1.2466,-67.317,-100.915,-272.134,1,90
0.7764,0.5366,-0.5552,77.988,35.488,-79.390,2,90
0.7881,0.5508,-0.5459,79.024,35.427,-77.744,2,90
0.7959,0.5532,-0.5537,80.122,34.878,-75.732,2,90
0.8242,0.5718,-0.5459,81.646,34.268,-74.146,2,90
0.8433,0.5840,-0.5391,82.622,33.476,-72.317,2,90
0.8540,0.6069,-0.5405,83.476,31.890,-70.976,2,90
0.8691,0.6235,-0.5342,84.878,30.610,-68.902,2,90
0.8799,0.6396,-0.5283,85.793,28.659,-67.134,2,90
-0.8223,-0.3423,-0.3369,-0.610,48.598,88.902,3,41
-0.8960,-0.2466,-0.2417,-0.183,48.293,89.390,3,41
-0.9126,-0.2305,-0.3574,-4.451,45.488,89.634,3,41
-0.9116,-0.1465,-0.3262,1.159,46.524,88.354,3,41
-0.9370,0.0303,-0.2793,-1.037,44.146,87.744,3,41
-0.9492,0.0415,-0.4102,-4.695,42.012,84.512,3,41
-0.9033,0.0415,-0.5127,-3.049,42.500,80.610,3,41
-0.8550,0.0825,-0.5283,-3.354,40.793,78.659,3,41
-1.0303,-0.8916,-1.5156,-108.232,-71.220,-242.622,1,90
-1.0718,-0.8369,-1.5313,-110.915,-66.524,-238.293,1,90
-1.1104,-0.7813,-1.5337,-112.927,-62.378,-233.659,1,90
-1.1470,-0.7188,-1.5249,-114.695,-57.866,-228.841,1,90
-1.1719,-0.6548,-1.5176,-115.366,-53.476,-223.720,1,90
-1.2129,-0.5898,-1.5039,-116.585,-48.659,-218.354,1,90
-1.2524,-0.5195,-1.4985,-117.317,-44.451,-212.500,1,90
-1.2896,-0.4609,-1.4917,-118.537,-40.122,-206.402,1,90
1.0171,0.6011,-0.5767,82.866,13.841,-47.500,2,90
1.0386,0.5850,-0.6089,82.256,13.049,-46.280,2,90
1.0640,0.5820,-0.6187,81.463,12.134,-44.634,2,90
1.0840,0.5684,-0.6304,79.878,11.829,-43.720,2,90
1.0977,0.5645,-0.6367,77.561,11.341,-42.744,2,90
1.1099,0.5513,-0.6470,74.024,10.549,-42.256,2,90
1.1152,0.5332,-0.6572,70.488,9.878,-41.768,2,90
1.1265,0.5176,-0.6763,66.646,9.207,-40.854,2,90
-0.8677,-0.0781,-0.3877,-6.951,21.220,65.366,3,41
-0.9126,0.0205,-0.3872,-3.841,21.707,63.171,3,41
-0.9653,0.1025,-0.3457,0.122,22.805,60.488,3,41
-0.9995,0.1274,-0.2827,2.439,23.232,57.195,3,41
-1.0044,0.1147,-0.2397,3.476,23.476,53.171,3,41
-0.9995,0.1055,-0.2236,3.293,22.439,48.293,3,41
-1.0112,0.1104,-0.2373,2.317,22.256,44.207,3,41
-1.0322,0.1118,-0.2769,2.073,22.134,40.305,3,41
-1.8149,0.2349,-1.2930,-112.500,4.695,-131.220,1,90
-1.8921,0.3354,-1.2622,-110.122,11.707,-121.768,1,90
-1.9766,0.4312,-1.2310,-107.256,18.963,-113.049,1,90
-2.0459,0.5322,-1.1924,-105.244,25.854,-103.780,1,90
-2.1025,0.6396,-1.1631,-103.293,33.110,-95.183,1,90
-2.1685,0.7417,-1.1533,-101.585,40.000,-86.159,1,90
-2.2207,0.8379,-1.1333,-100.366,46.646,-77.317,1,90
-2.2622,0.9312,-1.1133,-97.988,53.110,-67.805,1,90
1.2788,0.4175,-0.7559,22.500,8.598,-26.402,2,90
1.3242,0.3945,-0.7656,17.012,9.085,-23.415,2,90
1.3550,0.3770,-0.7686,12.561,9.634,-20.183,2,90
1.4009,0.3672,-0.7686,6.951,10.244,-17.256,2,90
1.4482,0.3560,-0.7690,1.707,10.366,-14.146,2,90
1.4907,0.3481,-0.7627,-3.963,10.549,-10.976,2,90
1.5405,0.3413,-0.7568,-9.268,10.854,-7.988,2,90
1.5928,0.3208,-0.7339,-15.366,10.488,-4.878,2,90
-1.1313,0.1260,-0.0737,-5.061,30.244,4.390,3,41
-1.1567,0.1387,-0.0771,-6.768,31.098,-0.610,3,41
-1.1392,0.1523,-0.0679,-8.780,31.585,-5.671,3,41
-1.1162,0.1606,-0.0859,-11.341,31.585,-11.098,3,41
-1.0967,0.1572,-0.1191,-12.988,32.012,-16.585,3,41
-1.0938,0.1509,-0.1377,-14.268,31.951,-21.585,3,41
-1.0874,0.1221,-0.1538,-15.366,31.646,-26.098,3,41
-1.0815,0.0830,-0.1748,-16.829,31.159,-31.463,3,41
-2.6138,1.4326,-1.0825,-86.402,87.683,27.256,1,90
-2.6636,1.4189,-1.1040,-86.707,87.744,37.134,1,90
-2.7124,1.3921,-1.1211,-85.732,87.866,46.768,1,90
-2.7476,1.3472,-1.1182,-83.110,88.415,56.159,1,90
-2.7700,1.2959,-1.1230,-80.549,89.207,64.756,1,90
-2.7651,1.2466,-1.1265,-76.951,90.244,72.683,1,90
-2.7471,1.1914,-1.1089,-72.256,91.280,80.000,1,90
-2.7148,1.1431,-1.0898,-67.866,92.134,87.195,1,90
1.9375,0.2100,-0.8003,-60.793,-3.720,20.244,2,90
1.9404,0.2085,-0.8101,-64.878,-6.280,23.537,2,90
1.9463,0.2158,-0.8223,-69.268,-8.537,25.061,2,90
1.9526,0.2173,-0.8408,-73.415,-11.220,27.622,2,90
1.9438,0.2319,-0.8530,-77.256,-13.293,29.817,2,90
1.9331,0.2505,-0.8687,-81.829,-15.671,31.890,2,90
1.9209,0.2598,-0.8818,-85.305,-17.500,33.720,2,90
1.9087,0.2886,-0.9009,-88.537,-19.207,35.976,2,90
-0.9272,0.0474,-0.3213,-50.610,2.439,-75.732,3,41
-0.9292,0.0117,-0.3228,-55.305,-0.793,-79.085,3,41
-0.9224,-0.0117,-0.3257,-60.671,-4.024,-82.195,3,41
-0.9346,-0.0449,-0.3330,-66.280,-7.622,-84.939,3,41
-0.9346,-0.0801,-0.3403,-71.402,-10.671,-87.195,3,41
-0.9292,-0.1084,-0.3462,-76.220,-14.268,-89.207,3,41
-0.9185,-0.1270,-0.3462,-81.341,-17.561,-90.427,3,41
-0.9165,-0.1401,-0.3491,-86.524,-21.159,-91.402,3,41
-3.6787,-1.4131,2.6826,-117.561,246.707,-12.256,4,41
-3.6367,-1.4473,2.9058,-128.659,249.756,-9.146,4,41
-3.6021,-1.4702,3.1206,-141.829,250.305,-3.780,4,41
-3.5869,-1.5088,3.3237,-157.012,248.049,1.768,4,41
-3.5396,-1.5107,3.5625,-171.585,242.561,7.073,4,41
-3.4404,-1.4570,3.8062,-188.110,233.659,13.171,4,41
-3.3271,-1.3892,4.0283,-204.634,222.988,20.000,4,41
-3.2056,-1.1880,4.2197,-216.220,214.878,25.976,4,41
-0.9155,-0.1567,-0.3501,-91.280,-23.963,-91.829,3,41
-0.9214,-0.1733,-0.3525,-94.146,-26.220,-92.134,3,41
-0.9023,-0.1851,-0.3457,-97.256,-27.866,-91.768,3,41
-0.9033,-0.2046,-0.3486,-101.341,-30.793,-91.341,3,41
-0.9116,-0.2310,-0.3574,-105.000,-33.110,-91.159,3,41
-0.9141,-0.2700,-0.3716,-108.293,-34.573,-90.244,3,41
-0.9116,-0.3086,-0.3530,-110.183,-35.549,-89.085,3,41
-0.8940,-0.3462,-0.3018,-112.683,-37.134,-87.317,3,41
-1.4438,0.5811,-1.0137,-16.707,79.695,237.439,1,90
-1.4092,0.5503,-1.0171,-11.585,80.671,244.817,1,90
-1.3682,0.5254,-0.9917,-5.976,81.890,251.951,1,90
-1.3281,0.4888,-0.9805,-1.463,84.329,258.902,1,90
-1.2949,0.4697,-0.9619,2.805,86.890,265.732,1,90
-1.2651,0.4453,-0.9453,6.341,89.390,272.073,1,90
-1.2271,0.4121,-0.9331,9.756,92.317,278.354,1,90
-1.2036,0.3882,-0.9263,12.561,95.000,284.512,1,90
1.3320,0.6641,-0.8408,-59.024,-60.915,66.707,2,90
1.2969,0.6699,-0.8208,-55.000,-63.720,68.841,2,90
1.2739,0.6558,-0.8013,-51.098,-66.585,71.707,2,90
1.2266,0.6406,-0.7954,-47.256,-69.207,74.695,2,90
1.1929,0.6328,-0.7817,-43.415,-71.829,77.317,2,90
1.1626,0.6172,-0.7788,-40.183,-73.902,80.610,2,90
1.1367,0.5942,-0.7627,-38.049,-75.915,84.085,2,90
1.1167,0.5820,-0.7344,-36.463,-77.744,87.378,2,90
-1.1670,0.3623,-0.9087,15.061,97.317,290.061,1,90
-1.1323,0.3394,-0.9019,18.171,100.122,295.854,1,90
-1.1016,0.3198,-0.8804,20.610,102.744,301.159,1,90
-1.0693,0.3037,-0.8516,23.110,105.976,306.402,1,90
-1.0474,0.2988,-0.8130,24.878,109.268,311.463,1,90
-1.0234,0.2935,-0.7573,25.061,113.598,316.098,1,90
-1.0015,0.3081,-0.7007,22.622,117.561,320.671,1,90
-0.9775,0.2915,-0.6846,17.256,120.488,325.488,1,90
1.0938,0.5630,-0.7168,-35.854,-78.537,91.159,2,90
1.0708,0.5366,-0.6816,-35.793,-79.207,95.183,2,90
1.0742,0.5107,-0.6621,-36.159,-79.207,100.000,2,90
1.0713,0.4673,-0.6206,-36.402,-79.207,105.000,2,90
1.0684,0.4346,-0.5908,-37.073,-78.902,110.061,2,90
1.0708,0.4053,-0.5557,-37.439,-78.902,115.305,2,90
1.0679,0.3711,-0.5454,-37.927,-78.415,120.671,2,90
1.0674,0.3394,-0.5073,-38.476,-78.171,125.305,2,90
-0.8667,-0.2974,-0.3198,-109.085,-62.622,-57.439,3,41
-0.8774,-0.2661,-0.2725,-108.476,-63.659,-55.854,3,41
-0.9053,-0.2109,-0.2280,-109.390,-65.000,-54.817,3,41
-0.9463,-0.1841,-0.2231,-109.756,-65.976,-53.415,3,41
-0.9717,-0.1523,-0.2144,-107.744,-65.793,-52.805,3,41
-0.9834,-0.1270,-0.2192,-104.390,-65.427,-52.500,3,41
-0.9800,-0.1230,-0.2524,-100.122,-64.451,-52.500,3,41
-0.9771,-0.1494,-0.2822,-93.963,-62.134,-51.646,3,41
-0.6929,-0.2466,-0.6108,18.049,140.732,352.195,1,90
-0.6792,-0.3286,-0.5903,19.817,142.988,354.024,1,90
-0.6704,-0.4175,-0.5679,21.524,144.451,356.037,1,90
-0.6592,-0.5039,-0.5435,22.805,146.646,357.805,1,90
-0.6563,-0.6064,-0.4893,24.939,148.476,359.573,1,90
-0.6733,-0.6948,-0.4541,27.012,150.549,361.220,1,90
-0.6934,-0.8389,-0.4009,28.415,152.866,363.232,1,90
-0.7100,-0.9487,-0.3755,28.049,154.268,364.756,1,90
0.9531,0.1846,-0.3086,-40.061,-74.268,152.744,2,90
0.9434,0.1831,-0.2983,-40.366,-73.171,154.268,2,90
0.9126,0.1943,-0.2803,-40.610,-72.012,155.610,2,90
0.9014,0.2026,-0.2700,-41.037,-70.793,156.890,2,90
0.8784,0.2139,-0.2646,-41.341,-69.390,158.110,2,90
0.8511,0.2134,-0.2505,-41.098,-68.049,159.207,2,90
0.8369,0.2246,-0.2451,-41.037,-66.829,160.366,2,90
0.8281,0.2310,-0.2412,-41.098,-65.488,161.463,2,90
-0.8687,-0.4531,-0.3501,-42.683,-42.866,-40.305,3,41
-0.8560,-0.4951,-0.3882,-38.293,-41.951,-38.476,3,41
-0.8203,-0.5200,-0.4194,-34.085,-40.854,-37.195,3,41
-0.8086,-0.5229,-0.4302,-31.890,-40.671,-35.488,3,41
-0.7949,-0.5166,-0.4453,-30.976,-41.524,-34.085,3,41
-0.7998,-0.5249,-0.4463,-30.000,-41.768,-32.439,3,41
-0.7988,-0.5361,-0.4312,-28.963,-41.829,-30.671,3,41
-0.7935,-0.5425,-0.4141,-28.415,-42.073,-29.146,3,41
-0.9297,-1.1543,0.7471,-65.427,13.720,-294.024,4,41
-0.9814,-1.0571,0.8091,-87.683,-17.866,-288.476,4,41
-1.0645,-0.9399,0.9155,-108.110,-53.963,-279.695,4,41
-1.1646,-0.7866,1.0215,-125.549,-91.220,-268.841,4,41
-1.2822,-0.6323,1.1406,-138.049,-126.159,-257.439,4,41
-1.4023,-0.4814,1.2373,-145.671,-158.720,-247.744,4,41
-1.5303,-0.3340,1.3071,-147.988,-186.768,-240.244,4,41
-1.6772,-0.2129,1.3706,-145.549,-209.512,-235.671,4,41
-0.7847,-0.5649,-0.4111,-27.805,-42.439,-27.439,3,41
-0.7827,-0.5640,-0.4082,-27.439,-42.561,-26.341,3,41
-0.7734,-0.5625,-0.4053,-27.134,-42.561,-25.000,3,41
-0.7754,-0.5400,-0.4063,-25.854,-42.500,-23.171,3,41
-0.7847,-0.5020,-0.3945,-24.817,-41.951,-21.463,3,41
-0.7905,-0.4653,-0.3525,-24.390,-42.256,-19.756,3,41
-0.8213,-0.4155,-0.3130,-25.610,-42.561,-18.476,3,41
-0.8516,-0.4058,-0.2891,-26.768,-43.049,-17.134,3,41
-0.6899,-2.1821,-0.4116,-86.280,122.866,388.110,1,90
-0.6787,-2.1992,-0.4199,-89.634,120.732,389.390,1,90
-0.6851,-2.2061,-0.4102,-90.732,119.451,390.122,1,90
-0.6816,-2.2285,-0.4014,-87.439,119.695,389.634,1,90
-0.6670,-2.2578,-0.3975,-81.280,121.463,387.988,1,90
-0.6392,-2.2993,-0.3950,-72.378,123.537,384.451,1,90
-0.5923,-2.3569,-0.3779,-61.280,126.646,378.720,1,90
-0.5376,-2.4092,-0.3755,-49.756,129.573,371.890,1,90
0.5313,0.2139,-0.3442,12.073,-46.951,140.671,2,90
0.5190,0.2100,-0.3623,14.573,-45.000,137.683,2,90
0.5093,0.2139,-0.3774,17.683,-41.646,132.988,2,90
0.5000,0.2080,-0.3818,18.659,-40.671,131.524,2,90
0.4878,0.2056,-0.3955,19.573,-38.598,128.293,2,90
0.4775,0.2109,-0.4063,20.854,-36.159,125.427,2,90
0.4683,0.2026,-0.4072,21.646,-34.085,122.256,2,90
0.4463,0.1997,-0.4170,22.561,-32.256,119.634,2,90
-0.4766,-2.4663,-0.3608,-37.256,132.683,363.049,1,90
-0.4126,-2.5225,-0.3481,-25.671,134.878,353.415,1,90
-0.3394,-2.5825,-0.3257,-14.817,136.707,343.049,1,90
-0.2715,-2.6318,-0.2881,-5.915,137.317,331.951,1,90
-0.2021,-2.6841,-0.2471,1.463,137.744,320.915,1,90
-0.1543,-2.7231,-0.2070,7.317,136.646,310.244,1,90
-0.0659,-2.7627,-0.1304,14.268,134.634,294.878,1,90
-0.0156,-2.7827,-0.1064,17.012,132.927,284.695,1,90
0.4277,0.2021,-0.4248,23.171,-30.427,117.012,2,90
0.4097,0.2080,-0.4302,23.171,-29.085,114.878,2,90
0.3760,0.2061,-0.4424,22.500,-27.866,111.402,2,90
0.3711,0.2104,-0.4375,22.134,-27.500,110.671,2,90
0.3550,0.2021,-0.4365,21.402,-27.256,108.902,2,90
0.3408,0.1992,-0.4312,19.695,-27.012,107.439,2,90
0.3232,0.1899,-0.4351,18.110,-27.134,105.854,2,90
0.3062,0.1836,-0.4424,16.280,-27.256,104.695,2,90
-0.9214,-0.3613,-0.2373,-0.671,-27.012,-10.366,3,41
-0.9268,-0.3613,-0.2256,-0.183,-26.707,-10.061,3,41
-0.9292,-0.3452,-0.1826,-0.305,-26.646,-9.634,3,41
-0.9375,-0.3276,-0.1353,-2.439,-27.744,-9.085,3,41
-0.9536,-0.3076,-0.0938,-5.549,-28.476,-8.659,3,41
-0.9673,-0.2832,-0.0532,-8.902,-29.573,-8.537,3,41
-0.9688,-0.2705,-0.0454,-11.707,-30.366,-8.354,3,41
-0.9585,-0.2544,-0.0527,-14.268,-31.890,-8.902,3,41
0.4595,-2.8931,0.0869,7.256,107.378,215.854,1,90
0.5259,-2.8892,0.0835,5.610,103.720,208.110,1,90
0.5859,-2.8604,0.0688,4.268,99.634,200.610,1,90
0.6289,-2.8320,0.0508,3.415,95.488,192.561,1,90
0.6768,-2.8013,0.0278,2.561,91.280,184.695,1,90
0.7124,-2.7598,-0.0151,2.134,87.012,176.524,1,90
0.7495,-2.7207,-0.0630,1.646,82.988,168.354,1,90
0.7817,-2.6777,-0.1069,1.829,79.024,160.610,1,90
0.2324,0.1045,-0.4741,-3.659,-19.756,95.976,2,90
0.2363,0.1143,-0.4761,-5.488,-18.354,94.878,2,90
0.2363,0.1050,-0.4907,-6.829,-16.524,94.146,2,90
0.2407,0.1089,-0.4995,-8.780,-15.366,93.110,2,90
0.2485,0.1084,-0.5034,-10.122,-12.744,92.256,2,90
0.2549,0.1064,-0.5049,-11.220,-10.793,91.159,2,90
0.2642,0.1250,-0.5083,-12.500,-8.537,90.427,2,90
0.2661,0.1328,-0.5210,-13.659,-6.768,89.573,2,90
0.8091,-2.6338,-0.1597,2.134,75.793,152.500,1,90
0.8198,-2.5933,-0.2007,3.049,72.561,145.061,1,90
0.8291,-2.5537,-0.2466,4.268,69.817,137.683,1,90
0.8320,-2.5142,-0.2729,5.732,67.805,130.549,1,90
0.8325,-2.4780,-0.3159,7.988,66.646,123.720,1,90
0.8296,-2.4419,-0.3354,10.122,65.610,116.768,1,90
0.8403,-2.4189,-0.3467,12.561,65.061,110.305,1,90
0.8330,-2.3853,-0.3765,15.366,64.878,104.085,1,90
0.2744,0.1338,-0.5161,-14.817,-4.512,88.720,2,90
0.2720,0.1509,-0.5186,-15.793,-2.683,87.988,2,90
0.2744,0.1626,-0.5195,-16.585,-0.915,87.073,2,90
0.2842,0.1675,-0.5127,-17.439,0.488,85.915,2,90
0.2739,0.1807,-0.5293,-17.500,2.256,85.183,2,90
0.2749,0.1973,-0.5430,-17.073,3.598,84.085,2,90
0.2813,0.2017,-0.5439,-16.524,4.878,83.598,2,90
0.2598,0.2202,-0.5645,-14.878,6.098,82.744,2,90
0.8311,-2.3613,-0.3887,18.537,64.878,97.500,1,90
0.8271,-2.3398,-0.3921,21.585,65.061,91.402,1,90
0.8320,-2.3081,-0.3872,25.488,65.427,84.756,1,90
0.8384,-2.2866,-0.3857,28.476,66.098,78.232,1,90
0.8564,-2.2500,-0.3789,33.963,65.976,68.476,1,90
0.8540,-2.2393,-0.3701,36.220,65.915,65.244,1,90
0.8721,-2.1982,-0.3613,41.220,65.976,55.305,1,90
0.8706,-2.1665,-0.3535,45.244,65.854,49.085,1,90
0.2603,0.2236,-0.5698,-13.171,7.622,81.585,2,90
0.2529,0.2402,-0.5933,-11.341,8.537,80.366,2,90
0.2363,0.2529,-0.5991,-9.939,10.061,79.329,2,90
0.2207,0.2612,-0.6206,-7.927,11.402,77.622,2,90
0.2202,0.2661,-0.6401,-6.341,12.439,76.402,2,90
0.2036,0.2725,-0.6582,-4.207,13.902,74.451,2,90
0.1924,0.2788,-0.6714,-1.768,15.061,72.622,2,90
0.1792,0.2871,-0.6851,0.122,16.585,70.549,2,90
0.8750,-2.1367,-0.3262,48.902,65.488,43.232,1,90
0.8838,-2.1016,-0.3135,52.134,65.122,36.768,1,90
0.8921,-2.0654,-0.2954,54.695,65.122,30.793,1,90
0.8999,-2.0425,-0.2710,56.402,65.366,25.122,1,90
0.8901,-2.0142,-0.2363,57.195,65.915,19.573,1,90
0.8975,-2.0059,-0.1963,57.927,66.768,14.390,1,90
0.9058,-1.9858,-0.1616,58.659,66.829,9.451,1,90
0.9165,-1.9692,-0.1313,59.085,66.890,5.366,1,90
0.1631,0.2925,-0.6846,2.073,18.293,68.110,2,90
0.1567,0.2969,-0.7041,2.744,19.756,66.220,2,90
0.1406,0.2886,-0.6890,3.415,21.707,63.902,2,90
0.1328,0.2891,-0.6958,4.024,23.720,61.768,2,90
0.1226,0.2808,-0.6958,4.695,25.610,59.573,2,90
0.1230,0.2720,-0.6870,4.878,27.256,57.378,2,90
0.1152,0.2734,-0.6870,5.122,29.390,55.305,2,90
0.1128,0.2573,-0.6885,5.427,30.854,53.293,2,90
0.9258,-1.9487,-0.1069,59.573,66.707,1.524,1,90
0.9243,-1.9409,-0.0605,59.390,66.402,-2.500,1,90
0.9434,-1.9336,-0.0415,58.293,65.793,-6.037,1,90
0.9473,-1.9160,-0.0166,56.768,65.122,-9.573,1,90
0.9575,-1.9004,0.0210,54.878,64.329,-12.805,1,90
0.9565,-1.8877,0.0503,52.195,63.354,-16.280,1,90
0.9614,-1.8735,0.0693,49.329,62.012,-19.451,1,90
0.9541,-1.8564,0.0771,46.341,60.366,-22.622,1,90
0.1201,0.2520,-0.6865,5.732,32.378,51.159,2,90
0.1255,0.2407,-0.6885,5.549,34.024,48.659,2,90
0.1250,0.2314,-0.6689,4.939,35.122,46.768,2,90
0.1323,0.2285,-0.6606,3.841,36.463,44.817,2,90
0.1348,0.2168,-0.6475,2.622,37.622,42.744,2,90
0.1426,0.2056,-0.6396,1.098,38.476,40.671,2,90
0.1445,0.2002,-0.6279,-0.183,38.902,38.780,2,90
0.1494,0.1816,-0.6348,-1.280,39.451,37.012,2,90
0.9531,-1.8291,0.0952,43.415,58.659,-25.305,1,90
0.9561,-1.8105,0.1064,39.634,56.768,-27.927,1,90
0.9409,-1.7856,0.1157,36.585,54.573,-30.793,1,90
0.9307,-1.7588,0.1152,32.744,52.134,-33.354,1,90
0.9238,-1.7368,0.1069,29.146,50.000,-35.793,1,90
0.9023,-1.7046,0.1016,25.427,47.378,-38.049,1,90
0.8843,-1.6758,0.1011,22.134,45.122,-40.366,1,90
0.8599,-1.6411,0.0957,18.780,42.805,-42.744,1,90
0.1543,0.1831,-0.6294,-2.622,40.000,34.939,2,90
0.1621,0.1777,-0.6216,-3.841,40.000,33.293,2,90
0.1719,0.1792,-0.6318,-5.732,40.366,31.402,2,90
0.1826,0.1646,-0.6289,-8.049,40.488,29.512,2,90
0.1890,0.1753,-0.6113,-10.488,40.793,27.500,2,90
0.1860,0.1738,-0.6108,-12.988,41.220,25.976,2,90
0.1938,0.1729,-0.6089,-15.488,41.341,24.329,2,90
0.1919,0.1787,-0.5957,-18.659,41.829,22.561,2,90
0.8350,-1.6021,0.0933,15.244,40.671,-44.512,1,90
0.8032,-1.5767,0.0977,12.622,38.720,-46.402,1,90
0.7715,-1.5449,0.0889,10.183,36.646,-48.293,1,90
0.7373,-1.5107,0.0835,8.110,33.902,-50.061,1,90
0.7002,-1.4692,0.0708,5.427,31.402,-52.256,1,90
0.6729,-1.4399,0.0688,4.085,29.329,-53.902,1,90
0.6445,-1.4087,0.0684,2.988,27.195,-55.183,1,90
0.6304,-1.3755,0.0674,2.439,25.000,-56.768,1,90
0.1914,0.1797,-0.5957,-21.585,41.829,20.976,2,90
0.1880,0.1807,-0.5854,-24.939,42.500,19.146,2,90
0.1934,0.1758,-0.5825,-28.354,42.439,17.622,2,90
0.1948,0.1772,-0.5728,-31.707,42.561,16.463,2,90
0.1958,0.1743,-0.5713,-34.695,43.110,15.061,2,90
0.1914,0.1758,-0.5635,-37.988,43.354,13.720,2,90
0.1929,0.1797,-0.5635,-40.915,43.598,12.988,2,90
0.2021,0.1763,-0.5586,-43.659,43.902,11.768,2,90
0.6030,-1.3589,0.0669,2.134,22.744,-57.927,1,90
0.5737,-1.3335,0.0537,2.073,20.671,-59.085,1,90
0.5503,-1.3120,0.0557,1.829,18.171,-59.878,1,90
0.5234,-1.2969,0.0537,2.866,15.915,-61.098,1,90
0.4985,-1.2837,0.0532,3.598,13.476,-62.317,1,90
0.4756,-1.2607,0.0400,5.000,10.976,-63.110,1,90
0.4575,-1.2539,0.0352,6.280,8.720,-64.268,1,90
0.4404,-1.2407,0.0298,7.744,6.280,-65.244,1,90
0.1982,0.1753,-0.5532,-45.976,43.841,10.610,2,90
0.2095,0.1772,-0.5581,-48.049,43.841,8.963,2,90
0.2153,0.1743,-0.5571,-50.122,44.329,7.988,2,90
0.2251,0.1792,-0.5508,-51.768,44.207,6.768,2,90
0.2446,0.1841,-0.5488,-53.110,44.390,5.305,2,90
0.2534,0.1895,-0.5547,-54.024,44.024,3.415,2,90
0.2739,0.1909,-0.5498,-54.573,44.085,2.439,2,90
0.2905,0.1934,-0.5586,-54.390,43.720,0.488,2,90
0.4219,-1.2363,0.0273,8.902,3.780,-66.585,1,90
0.4028,-1.2432,0.0215,9.634,1.463,-67.683,1,90
0.3931,-1.2456,0.0239,10.793,-1.159,-68.963,1,90
0.3833,-1.2485,0.0229,12.012,-3.293,-70.244,1,90
0.3623,-1.2622,0.0225,12.988,-5.732,-71.463,1,90
0.3535,-1.2710,0.0156,14.085,-8.232,-72.683,1,90
0.3472,-1.2861,0.0142,14.878,-10.488,-74.268,1,90
0.3452,-1.2920,0.0142,15.183,-13.049,-76.341,1,90
0.3062,0.2061,-0.5625,-54.146,43.293,-0.915,2,90
0.3105,0.2129,-0.5610,-53.476,42.744,-2.988,2,90
0.3306,0.2227,-0.5571,-52.195,42.500,-4.756,2,90
0.3481,0.2290,-0.5552,-50.610,42.012,-6.707,2,90
0.3613,0.2388,-0.5518,-48.537,42.134,-9.085,2,90
0.3711,0.2520,-0.5537,-45.976,41.829,-11.098,2,90
0.3774,0.2681,-0.5342,-43.598,41.402,-13.476,2,90
0.3833,0.2847,-0.5220,-40.793,41.768,-15.976,2,90
0.3335,-1.3066,0.0127,15.000,-15.610,-78.598,1,90
0.3306,-1.3086,0.0195,14.817,-17.683,-80.793,1,90
0.3301,-1.3135,0.0142,14.512,-20.793,-83.049,1,90
0.3296,-1.3193,0.0151,14.207,-23.780,-85.366,1,90
0.3271,-1.3120,0.0127,13.598,-27.012,-87.744,1,90
0.3325,-1.3120,0.0176,12.927,-30.366,-89.878,1,90
0.3379,-1.3081,0.0073,12.134,-33.841,-91.890,1,90
0.3330,-1.2881,0.0044,11.341,-36.951,-94.451,1,90
0.3921,0.2896,-0.5024,-38.780,41.037,-18.902,2,90
0.3994,0.3115,-0.4966,-36.098,40.488,-21.220,2,90
0.4126,0.3159,-0.4829,-33.354,39.939,-23.780,2,90
0.4175,0.3208,-0.4751,-30.610,38.841,-26.220,2,90
0.4238,0.3267,-0.4702,-27.134,37.805,-28.780,2,90
0.4360,0.3301,-0.4541,-23.415,36.768,-31.037,2,90
0.4424,0.3413,-0.4478,-19.634,35.122,-33.537,2,90
0.4517,0.3359,-0.4448,-15.671,34.024,-35.915,2,90
0.3472,-1.2822,-0.0088,10.305,-40.061,-96.524,1,90
0.3467,-1.2651,-0.0229,9.329,-43.110,-98.537,1,90
0.3423,-1.2520,-0.0347,8.537,-45.915,-100.488,1,90
0.3481,-1.2314,-0.0503,7.866,-48.476,-102.500,1,90
0.3428,-1.2017,-0.0542,7.195,-52.378,-105.549,1,90
0.3564,-1.1846,-0.0698,7.012,-55.000,-107.012,1,90
0.3535,-1.1646,-0.0713,6.890,-57.561,-108.902,1,90
0.3545,-1.1416,-0.0791,6.707,-60.000,-110.305,1,90
0.4575,0.3408,-0.4365,-11.524,32.500,-38.354,2,90
0.4624,0.3394,-0.4238,-7.500,31.341,-40.793,2,90
0.4673,0.3379,-0.4248,-3.902,30.000,-43.293,2,90
0.4819,0.3325,-0.4229,-0.244,28.476,-45.976,2,90
0.4824,0.3311,-0.4116,2.988,27.134,-48.598,2,90
0.4878,0.3164,-0.4009,5.854,25.427,-51.402,2,90
0.4888,0.3071,-0.4053,9.085,23.902,-54.146,2,90
0.5049,0.3018,-0.3936,12.134,22.744,-57.378,2,90
-0.8965,-0.4102,-0.1694,-7.683,-11.402,-19.512,3,41
-0.8872,-0.3882,-0.1450,-5.610,-10.732,-18.659,3,41
-0.8901,-0.3730,-0.1343,-5.061,-10.549,-17.256,3,41
-0.8999,-0.3706,-0.1299,-4.390,-10.671,-16.402,3,41
-0.9082,-0.3760,-0.1201,-3.659,-10.305,-15.671,3,41
-0.9229,-0.3755,-0.1187,-1.585,-9.329,-14.817,3,41
-0.9224,-0.3867,-0.1099,-0.915,-8.963,-14.207,3,41
-0.9263,-0.3945,-0.1113,-0.305,-7.805,-13.659,3,41
-1.0332,-0.0308,-1.4521,79.634,-43.841,203.415,4,41
-1.2813,-0.4268,-1.4614,100.915,-42.256,209.512,4,41
-1.4087,-0.6084,-1.4287,126.220,-39.207,206.646,4,41
-1.3706,-0.5806,-1.4683,150.366,-32.012,200.366,4,41
-1.3037,-0.4473,-1.5742,166.768,-17.805,194.451,4,41
-1.2231,-0.2881,-1.6748,179.817,-0.854,187.378,4,41
-1.2061,-0.1958,-1.7993,190.915,20.305,176.890,4,41
-1.2354,-0.1719,-1.8779,198.415,48.780,162.073,4,41
-0.9375,-0.4028,-0.1006,0.854,-7.134,-13.110,3,41
-0.9380,-0.4072,-0.1099,1.951,-5.671,-12.561,3,41
-0.9414,-0.4253,-0.1167,3.659,-4.634,-12.195,3,41
-0.9365,-0.4438,-0.1157,5.183,-3.415,-11.159,3,41
-0.9409,-0.4438,-0.1084,7.012,-1.890,-10.610,3,41
-0.9351,-0.4512,-0.1235,8.049,-0.854,-10.122,3,41
-0.9292,-0.4575,-0.1074,9.634,0.244,-9.268,3,41
-0.9248,-0.4658,-0.1069,10.610,1.220,-9.146,3,41
-1.2969,-0.2070,-1.9131,202.561,80.610,144.756,4,41
-1.3345,-0.2803,-1.8965,202.378,110.183,127.805,4,41
-1.3320,-0.3374,-1.9087,199.268,136.768,111.524,4,41
-1.2944,-0.3657,-1.9092,193.476,160.976,97.500,4,41
-1.2368,-0.3091,-1.8979,186.280,182.866,87.134,4,41
-1.1699,-0.1851,-1.8779,178.049,201.341,80.061,4,41
-1.1235,-0.0151,-1.8525,168.171,216.220,74.939,4,41
-1.0957,0.1489,-1.8320,155.427,227.988,70.549,4,41
-0.9297,-0.4614,-0.0923,11.280,1.646,-8.720,3,41
-0.9263,-0.4434,-0.0864,11.159,1.951,-7.805,3,41
-0.9331,-0.4429,-0.0752,10.610,2.073,-7.622,3,41
-0.9331,-0.4297,-0.0728,10.488,2.439,-7.073,3,41
-0.9419,-0.4185,-0.0654,10.427,2.622,-6.463,3,41
-0.9424,-0.4019,-0.0728,10.183,3.354,-5.793,3,41
-0.9448,-0.3906,-0.0645,11.220,4.146,-5.183,3,41
-0.9463,-0.3843,-0.0674,12.012,5.488,-4.817,3,41
-1.0854,0.2949,-1.7905,141.585,237.134,66.037,4,41
-1.0879,0.4229,-1.7583,128.293,243.293,61.707,4,41
-1.0928,0.5391,-1.7217,116.951,247.866,58.476,4,41
-1.1040,0.6401,-1.6660,107.134,251.707,57.073,4,41
-1.1284,0.7358,-1.6211,98.232,255.305,57.378,4,41
-1.1548,0.8228,-1.5566,90.671,259.024,60.549,4,41
-1.2061,0.8955,-1.5024,84.085,261.890,65.793,4,41
-1.2407,0.9575,-1.4351,80.488,263.720,72.744,4,41
-0.9492,-0.3716,-0.0654,15.061,7.683,-3.659,3,41
-0.9463,-0.3682,-0.0674,16.341,8.598,-3.354,3,41
-0.9526,-0.3672,-0.0747,17.866,10.427,-2.622,3,41
-0.9497,-0.3853,-0.0791,19.634,12.378,-2.012,3,41
-0.9507,-0.3955,-0.0771,21.829,14.329,-1.463,3,41
-0.9590,-0.4111,-0.0796,24.329,16.463,-0.488,3,41
-0.9546,-0.4292,-0.0698,26.829,18.476,0.061,3,41
-0.9551,-0.4434,-0.0664,29.024,20.732,0.976,3,41
-1.2788,1.0112,-1.3945,79.451,263.963,81.707,4,41
-1.3203,1.0684,-1.3506,80.732,262.866,91.037,4,41
-1.3633,1.1313,-1.3237,84.085,260.305,101.951,4,41
-1.3955,1.2012,-1.3203,88.476,257.012,113.476,4,41
-1.4341,1.2588,-1.3164,93.841,253.902,124.939,4,41
-1.4575,1.3232,-1.3447,99.085,251.707,136.768,4,41
-1.4849,1.3584,-1.3765,104.512,251.707,147.805,4,41
-1.5166,1.3887,-1.3921,110.061,253.354,158.232,4,41
-0.9370,-0.4653,-0.0742,31.585,22.866,1.585,3,41
-0.9414,-0.4858,-0.0908,32.988,24.512,1.768,3,41
-0.9287,-0.4790,-0.1094,34.207,25.732,2.378,3,41
-0.9263,-0.4722,-0.1309,36.280,27.012,2.744,3,41
-0.9170,-0.4521,-0.1392,37.378,27.988,3.476,3,41
-0.9233,-0.4375,-0.1357,37.927,28.476,3.780,3,41
-0.9243,-0.4272,-0.1440,38.049,28.354,4.451,3,41
-0.9209,-0.4375,-0.1265,37.256,28.476,5.061,3,41
-1.5479,1.3896,-1.3940,115.000,256.159,168.232,4,41
-1.5737,1.3818,-1.3809,120.488,259.573,176.890,4,41
-1.6025,1.3574,-1.3350,124.634,263.537,184.207,4,41
-1.6514,1.3149,-1.2944,127.622,268.049,190.427,4,41
-1.6992,1.2588,-1.2515,130.000,272.378,195.915,4,41
-1.7593,1.1919,-1.1973,132.927,276.098,200.793,4,41
-1.8457,1.1328,-1.1455,135.976,278.963,204.573,4,41
-1.9175,1.0649,-1.0713,138.293,281.524,207.805,4,41
-0.9155,-0.4448,-0.1367,36.829,28.415,5.488,3,41
-0.9126,-0.4482,-0.1426,35.305,28.110,6.280,3,41
-0.9067,-0.4790,-0.1387,34.512,28.049,6.646,3,41
-0.8950,-0.4980,-0.1406,33.537,27.866,7.500,3,41
-0.8828,-0.5215,-0.1509,32.866,27.744,8.476,3,41
-0.8838,-0.5337,-0.1470,32.805,27.927,10.000,3,41
-0.8740,-0.5400,-0.1646,33.476,28.598,11.829,3,41
-0.8691,-0.5483,-0.2090,35.183,30.122,13.171,3,41
-2.0068,0.9976,-1.0210,140.427,283.659,209.817,4,41
-2.0933,0.9355,-0.9600,142.195,285.305,210.915,4,41
-2.1870,0.8799,-0.8799,145.488,286.524,211.585,4,41
-2.2622,0.8384,-0.8179,150.122,287.927,211.768,4,41
-2.3354,0.7949,-0.7568,157.439,288.659,211.951,4,41
-2.4111,0.7490,-0.6997,167.378,288.902,211.951,4,41
-2.4634,0.7065,-0.6460,178.598,289.146,212.256,4,41
-2.4956,0.6650,-0.6206,191.646,290.671,212.012,4,41
-0.8672,-0.5449,-0.2129,38.841,32.256,14.634,3,41
-0.8589,-0.5244,-0.2153,42.500,34.451,16.159,3,41
-0.8638,-0.5059,-0.1792,45.061,35.793,18.110,3,41
-0.8789,-0.4800,-0.1587,47.805,37.195,20.122,3,41
-0.8882,-0.4668,-0.1318,49.451,38.049,22.683,3,41
-0.9180,-0.4565,-0.1152,50.915,39.634,24.756,3,41
-0.9316,-0.4478,-0.1157,52.927,40.610,26.463,3,41
-0.9507,-0.4458,-0.1167,55.427,42.683,27.805,3,41
-2.5132,0.6333,-0.6201,205.488,293.293,212.500,4,41
-2.5244,0.6016,-0.6255,219.573,296.829,212.744,4,41
-2.5200,0.5786,-0.6226,233.598,300.305,212.744,4,41
-2.5142,0.5654,-0.6333,245.915,304.573,211.890,4,41
-2.5220,0.5435,-0.6333,256.463,308.780,210.427,4,41
-2.5225,0.5146,-0.6289,265.488,313.232,207.683,4,41
-2.5205,0.4868,-0.6240,272.012,318.232,204.390,4,41
-2.5249,0.4458,-0.6309,276.280,323.537,200.366,4,41
-0.9658,-0.4355,-0.1128,58.415,44.817,29.207,3,41
-0.9766,-0.4331,-0.0977,61.890,47.317,30.061,3,41
-0.9854,-0.4243,-0.0854,64.878,49.939,31.341,3,41
-0.9932,-0.4307,-0.0591,67.134,51.707,32.683,3,41
-0.9878,-0.4414,-0.0264,68.415,53.963,33.659,3,41
-0.9917,-0.4619,-0.0083,69.634,55.549,34.634,3,41
-0.9785,-0.4829,-0.0010,70.366,57.439,35.305,3,41
-0.9722,-0.4902,0.0063,70.549,58.963,36.159,3,41
-2.5449,0.4023,-0.6465,277.988,332.378,192.622,4,41
-2.5454,0.4009,-0.6392,277.683,335.915,189.634,4,41
-2.5669,0.3418,-0.6387,274.207,344.085,180.854,4,41
-2.5864,0.3320,-0.6387,272.378,346.098,178.293,4,41
-2.6064,0.3135,-0.6299,267.378,350.732,172.683,4,41
-2.6484,0.3022,-0.6040,258.476,357.073,164.451,4,41
-2.6797,0.3066,-0.5830,252.073,359.756,159.451,4,41
-2.7114,0.3091,-0.5391,245.305,361.341,154.939,4,41
-0.9668,-0.4883,0.0210,71.220,60.671,36.585,3,41
-0.9585,-0.4688,0.0093,71.524,62.256,37.073,3,41
-0.9448,-0.4585,-0.0039,71.707,63.598,37.927,3,41
-0.9351,-0.4287,-0.0190,71.890,64.512,38.841,3,41
-0.9351,-0.4028,-0.0425,72.561,65.976,39.634,3,41
-0.9380,-0.3857,-0.0601,72.988,66.768,40.732,3,41
-0.9434,-0.3750,-0.0771,72.744,67.500,41.646,3,41
-0.9458,-0.3853,-0.0703,72.500,68.659,42.256,3,41
-2.7349,0.3296,-0.5142,239.146,362.805,150.305,4,41
-2.7646,0.3452,-0.4990,233.415,363.293,147.500,4,41
-2.7861,0.3604,-0.4814,229.451,363.476,144.634,4,41
-2.8022,0.3809,-0.4600,225.061,363.293,142.500,4,41
-2.8091,0.4043,-0.4526,221.463,362.561,141.098,4,41
-2.8174,0.4287,-0.4341,217.988,361.646,140.671,4,41
-2.8076,0.4399,-0.4028,214.573,360.122,140.183,4,41
-2.8047,0.4395,-0.3975,211.707,357.988,139.878,4,41
-0.9482,-0.4111,-0.0571,71.829,69.390,43.110,3,41
-0.9395,-0.4424,-0.0386,70.061,69.756,43.659,3,41
-0.9165,-0.4927,-0.0459,68.537,70.488,43.780,3,41
-0.9028,-0.4976,-0.0728,67.256,70.671,43.841,3,41
-0.8838,-0.4868,-0.0928,65.915,71.402,44.756,3,41
-0.8784,-0.4702,-0.1025,65.427,71.524,46.220,3,41
-0.8887,-0.4697,-0.1045,63.293,71.220,47.927,3,41
-0.8945,-0.4580,-0.1133,61.220,70.915,49.329,3,41
-2.7852,0.4443,-0.3887,208.171,355.122,139.634,4,41
-2.7578,0.4634,-0.3706,205.000,352.073,139.207,4,41
-2.7324,0.4727,-0.3857,200.549,349.207,138.659,4,41
-2.7153,0.4639,-0.3857,196.341,346.037,138.232,4,41
-2.7056,0.4634,-0.3979,192.256,343.049,137.744,4,41
-2.6982,0.4536,-0.3950,187.988,340.427,136.829,4,41
-2.6943,0.4429,-0.3999,183.720,337.500,136.280,4,41
-2.7095,0.4385,-0.4067,179.634,334.390,136.159,4,41
-0.9141,-0.4497,-0.1152,60.061,71.524,51.098,3,41
-0.9248,-0.4321,-0.1377,59.878,71.829,52.561,3,41
-0.9331,-0.4150,-0.1465,60.122,72.561,54.146,3,41
-0.9482,-0.4116,-0.1646,60.793,73.780,55.671,3,41
-0.9585,-0.4111,-0.1489,61.098,74.695,56.951,3,41
-0.9668,-0.4165,-0.1279,62.195,75.793,58.232,3,41
-0.9653,-0.4209,-0.1016,62.256,76.646,59.634,3,41
-0.9629,-0.4219,-0.0962,62.256,77.683,61.341,3,41
0.0850,-1.1680,-0.6079,52.012,-124.695,-219.146,1,90
0.0801,-1.1650,-0.6030,52.561,-125.244,-219.634,1,90
0.0889,-1.1714,-0.6377,55.183,-126.280,-221.280,1,90
0.0869,-1.1758,-0.6465,56.037,-126.646,-222.256,1,90
0.0962,-1.1846,-0.6709,57.622,-127.073,-223.354,1,90
0.0908,-1.1992,-0.6973,58.598,-127.988,-224.695,1,90
0.0825,-1.2207,-0.7188,59.024,-128.293,-226.037,1,90
0.0879,-1.2417,-0.7388,59.329,-127.805,-227.134,1,90
0.7754,0.5703,-0.4058,60.976,55.793,-101.585,2,90
0.7871,0.5742,-0.4082,63.293,56.585,-100.122,2,90
0.8052,0.5771,-0.4023,64.939,57.317,-98.841,2,90
0.8193,0.5757,-0.4072,66.037,57.744,-98.415,2,90
0.8340,0.5757,-0.3950,67.622,58.293,-96.585,2,90
0.8564,0.5854,-0.3970,69.146,58.354,-94.756,2,90
0.8779,0.5874,-0.3945,72.073,58.293,-91.890,2,90
0.9019,0.5918,-0.3960,74.756,57.683,-89.878,2,90
-0.9507,-0.4272,-0.0752,56.524,90.427,77.256,3,41
-0.9585,-0.4224,-0.0923,57.378,92.561,79.329,3,41
-0.9775,-0.4170,-0.0845,58.232,95.305,81.037,3,41
-0.9858,-0.4531,-0.0581,58.110,97.744,82.988,3,41
-0.9775,-0.5078,0.0220,57.378,100.732,84.451,3,41
-0.9453,-0.5771,0.0928,56.951,103.049,85.732,3,41
-0.8828,-0.6128,0.1362,56.524,104.817,86.707,3,41
-0.8252,-0.6011,0.1167,54.756,105.000,88.354,3,41
-2.9180,0.2119,-0.2603,128.110,295.976,107.073,4,41
-2.9014,0.2212,-0.2324,121.341,295.976,103.659,4,41
-2.8960,0.2134,-0.1934,114.085,295.854,99.695,4,41
-2.8853,0.1997,-0.1475,107.378,294.512,95.244,4,41
-2.8662,0.1699,-0.0825,102.500,292.073,91.829,4,41
-2.8462,0.1328,-0.0293,101.463,289.451,87.988,4,41
-2.8145,0.1055,-0.0059,103.110,287.134,84.878,4,41
-2.7817,0.0898,-0.0020,105.732,285.549,81.159,4,41
-0.8164,-0.5498,0.0244,51.829,103.537,89.817,3,41
-0.8550,-0.4780,-0.0957,49.207,102.256,92.073,3,41
-0.9175,-0.4009,-0.1855,46.829,101.646,92.927,3,41
-0.9399,-0.3232,-0.2246,44.634,101.159,93.354,3,41
-0.9106,-0.2695,-0.2163,43.598,100.915,93.049,3,41
-0.8560,-0.2192,-0.2393,42.927,100.061,92.622,3,41
-0.8115,-0.1714,-0.3066,42.378,98.659,91.768,3,41
-0.8145,-0.1343,-0.3901,41.159,96.890,91.463,3,41
-0.0117,-1.4395,-1.1079,19.024,-124.146,-247.744,1,90
-0.0229,-1.4385,-1.1416,14.207,-123.293,-248.537,1,90
-0.0420,-1.4287,-1.1689,8.598,-122.256,-249.817,1,90
-0.0581,-1.4248,-1.1963,2.622,-121.280,-250.732,1,90
-0.0674,-1.4131,-1.2266,-3.598,-119.939,-251.341,1,90
-0.0879,-1.3955,-1.2520,-9.512,-118.354,-251.890,1,90
-0.1089,-1.3711,-1.2866,-16.341,-116.829,-252.378,1,90
-0.1348,-1.3525,-1.3105,-22.500,-115.000,-252.439,1,90
0.9307,0.5381,-0.6577,143.110,24.817,-43.780,2,90
0.9341,0.5347,-0.6636,146.524,22.683,-41.341,2,90
0.9419,0.5249,-0.6792,149.939,20.366,-38.659,2,90
0.9434,0.5215,-0.6895,153.780,18.537,-36.341,2,90
0.9429,0.5234,-0.6836,157.683,17.073,-33.902,2,90
0.9482,0.5225,-0.6855,161.098,16.037,-31.463,2,90
0.9565,0.5244,-0.6655,163.963,15.305,-29.024,2,90
0.9653,0.5283,-0.6641,166.341,14.390,-27.012,2,90
-0.8223,-0.1177,-0.4849,-3.293,61.402,89.329,3,41
-0.8516,-0.1968,-0.4751,-5.915,59.146,90.000,3,41
-0.9263,-0.3257,-0.4219,-8.537,56.646,90.488,3,41
-0.9741,-0.3711,-0.3809,-10.427,53.720,91.524,3,41
-0.8364,-0.3579,-0.2612,-12.988,53.963,92.073,3,41
-0.9995,-0.3457,-0.1733,-18.537,48.415,96.159,3,41
-1.0244,-0.4102,-0.3003,-22.317,46.280,96.341,3,41
-0.9902,-0.4185,-0.2500,-20.549,47.866,95.793,3,41
-1.3623,3.2178,5.7090,483.415,-43.537,111.524,4,41
-6.5552,-1.9219,15.9995,162.683,-151.951,-35.183,4,41
-8.8447,-0.3804,15.9995,173.171,-176.646,-307.988,4,41
-4.2144,-4.5942,12.0161,-431.890,-774.451,-298.841,4,41
-9.4365,-16.0000,-1.2637,-474.024,-161.951,-233.293,4,41
-5.8877,-10.1582,15.9995,337.866,-151.707,3.537,4,41
-0.8408,-4.6553,15.9985,-159.207,-309.756,-76.707,4,41
3.3599,-5.1528,15.9995,-250.122,-228.293,-137.195,4,41
-1.0332,-0.4448,-0.1743,-24.268,45.976,98.171,3,41
-1.0347,-0.4775,-0.1704,-26.341,44.085,96.768,3,41
-0.9385,-0.4141,-0.1738,-26.646,43.963,97.195,3,41
-0.8486,-0.3149,-0.1963,-23.415,44.939,100.183,3,41
-0.8174,-0.2388,-0.2075,-22.195,45.244,99.878,3,41
-0.7246,-0.1455,-0.3599,-21.220,44.695,96.220,3,41
-0.6616,-0.0547,-0.5571,-13.476,47.012,95.183,3,41
-0.6626,0.0474,-0.6406,-3.902,49.817,94.695,3,41
4.1260,-2.4443,15.9995,-69.024,-222.378,-140.854,4,41
2.3096,0.5078,15.1216,-7.256,-268.598,-147.317,4,41
0.7671,1.5347,9.0137,-27.195,-243.476,-94.085,4,41
-2.6426,1.6006,5.0103,-63.293,-162.012,-43.354,4,41
-5.0229,3.6089,1.5605,-158.232,-159.146,15.732,4,41
-8.6465,4.5913,-2.5386,-329.024,-166.341,108.720,4,41
-12.6143,3.9258,-5.0200,-359.207,-167.561,185.549,4,41
-13.5024,1.4702,-3.3188,-285.000,-181.524,153.598,4,41
-0.7173,0.1440,-0.6885,1.890,49.329,90.976,3,41
-0.7700,0.1919,-0.7280,7.866,48.232,86.220,3,41
-0.7754,0.2017,-0.7168,13.354,47.012,81.951,3,41
-0.7866,0.1455,-0.6523,16.402,43.354,78.110,3,41
-0.7788,0.0640,-0.6074,16.890,38.902,74.329,3,41
-0.8213,-0.0381,-0.5557,16.159,34.085,71.341,3,41
-0.8828,-0.1294,-0.5010,13.415,29.695,68.415,3,41
-0.9355,-0.1826,-0.4438,11.159,26.037,66.402,3,41
-11.8813,-1.2251,0.3403,-193.415,-208.780,57.622,4,41
-9.4033,-2.5371,2.1758,-209.329,-222.805,-9.634,4,41
-4.9106,-2.6182,2.2754,-218.537,-226.280,-55.732,4,41
-1.3872,-2.9785,2.9126,-194.024,-197.073,-72.622,4,41
-0.0186,-3.1196,3.1768,-164.146,-145.305,-77.622,4,41
-1.0840,-3.4438,2.3931,-173.354,-123.902,-84.024,4,41
-2.3423,-1.0776,0.9565,-105.732,-142.988,-106.159,4,41
-2.8813,2.7432,1.2988,33.476,-103.902,-126.341,4,41
-0.9619,-0.1836,-0.4067,9.573,22.866,63.902,3,41
-1.0020,-0.1396,-0.4033,8.963,20.244,61.463,3,41
-1.0298,-0.0693,-0.4004,9.329,18.841,58.049,3,41
-1.0352,0.0205,-0.4146,11.280,18.171,54.512,3,41
-1.0352,0.1060,-0.4053,13.293,17.988,49.878,3,41
-1.0371,0.2031,-0.3774,15.671,17.927,44.878,3,41
-1.0386,0.2593,-0.3481,17.683,17.805,40.244,3,41
-1.0586,0.2690,-0.3071,19.756,17.805,35.244,3,41
-3.7437,4.0015,1.9233,65.854,-62.927,-84.573,4,41
-3.5479,1.5420,1.9385,73.232,-45.305,-45.854,4,41
-3.1816,-0.2544,2.6367,108.171,-26.159,-11.951,4,41
-2.7920,-1.0498,2.9355,64.634,-14.146,-6.707,4,41
-2.4131,-1.7119,2.0278,1.037,-6.341,-10.915,4,41
-2.3091,-2.1675,0.8911,-14.085,4.512,-7.073,4,41
-2.4399,-2.1934,0.7104,-10.671,17.195,-0.549,4,41
-2.6255,-1.8823,1.3315,-17.134,32.561,-1.768,4,41
-1.0596,0.2168,-0.2114,21.646,17.927,28.293,3,41
-1.0796,0.1948,-0.1567,21.159,17.744,24.085,3,41
-1.0977,0.1826,-0.1504,20.854,17.866,19.573,3,41
-1.1016,0.1196,-0.1714,21.098,18.476,14.878,3,41
-1.0947,0.0649,-0.1772,21.159,18.720,10.854,3,41
-1.0654,0.0459,-0.1318,21.280,18.841,7.256,3,41
-1.0278,0.0850,-0.1274,22.317,18.598,3.171,3,41
-0.9707,0.2241,-0.1328,24.756,18.293,-0.732,3,41
-3.0713,2.5576,-0.8970,-136.159,43.659,7.622,1,90
-2.9136,2.6050,-0.9277,-127.378,39.390,11.280,1,90
-2.7583,2.5859,-0.9565,-118.476,36.646,18.537,1,90
-2.6021,2.5327,-0.9634,-106.159,35.183,28.963,1,90
-2.4897,2.4478,-0.9536,-90.793,35.122,43.110,1,90
-2.4028,2.3750,-0.9331,-73.963,34.756,59.207,1,90
-2.3540,2.3169,-0.9004,-59.024,34.634,76.890,1,90
-2.3354,2.2432,-0.8779,-47.317,33.110,96.159,1,90
1.7148,-0.3813,-0.7715,-21.159,18.171,22.073,2,90
1.6777,-0.3750,-0.8032,-30.488,18.720,23.415,2,90
1.6494,-0.3550,-0.8252,-40.610,19.634,25.610,2,90
1.6294,-0.3481,-0.8569,-50.976,20.549,29.634,2,90
1.6323,-0.3354,-0.8711,-61.646,21.829,34.695,2,90
1.6699,-0.3345,-0.9043,-71.646,22.378,40.793,2,90
1.7148,-0.3340,-0.9302,-81.646,23.354,47.500,2,90
1.7739,-0.3433,-0.9326,-91.768,24.207,54.329,2,90
-0.9053,0.0127,-0.4536,31.463,-1.646,-45.915,3,41
-0.9131,0.0181,-0.4624,29.268,-5.183,-49.512,3,41
-0.9253,0.0200,-0.4512,28.902,-7.500,-52.927,3,41
-0.9331,0.0059,-0.4346,28.659,-10.000,-55.976,3,41
-0.9243,-0.0444,-0.4287,28.659,-11.463,-58.537,3,41
-0.9312,-0.0752,-0.4131,29.024,-13.476,-61.037,3,41
-0.9233,-0.1011,-0.4111,28.293,-15.793,-62.866,3,41
-0.9087,-0.1084,-0.4004,26.890,-17.561,-64.756,3,41
-2.3198,1.6733,-0.6870,42.134,7.317,238.963,1,90
-2.2666,1.6392,-0.6401,51.646,7.317,251.829,1,90
-2.2046,1.6182,-0.5767,61.098,7.317,265.183,1,90
-2.1528,1.5918,-0.5132,70.183,6.707,278.963,1,90
-2.0962,1.5757,-0.4458,77.805,5.427,293.110,1,90
-2.0518,1.5615,-0.3809,85.183,3.963,307.378,1,90
-2.0034,1.5352,-0.3066,92.927,1.890,321.707,1,90
-1.9585,1.4985,-0.2476,100.305,0.488,335.366,1,90
2.0649,-0.4365,-0.9326,-152.805,9.512,79.573,2,90
2.0156,-0.3955,-0.9243,-157.622,7.744,77.073,2,90
1.9355,-0.3398,-0.9092,-163.720,6.463,74.085,2,90
1.8662,-0.2803,-0.8804,-168.963,4.878,71.037,2,90
1.7793,-0.2134,-0.8604,-173.415,3.841,68.354,2,90
1.7046,-0.1416,-0.8521,-177.012,2.561,66.159,2,90
1.6265,-0.0679,-0.8325,-179.024,1.524,64.939,2,90
1.5649,0.0015,-0.8237,-180.000,0.366,64.695,2,90
-0.9395,-0.3438,-0.3379,6.159,-34.207,-64.634,3,41
-0.9575,-0.3242,-0.3257,6.341,-34.146,-63.720,3,41
-0.9521,-0.2861,-0.3125,8.720,-33.902,-62.988,3,41
-0.9404,-0.2476,-0.3101,10.549,-34.634,-62.744,3,41
-0.9258,-0.2188,-0.3340,12.683,-35.122,-61.646,3,41
-0.9165,-0.1934,-0.3613,12.561,-35.793,-60.854,3,41
-0.8882,-0.1846,-0.3906,12.195,-37.256,-60.183,3,41
-0.8608,-0.1870,-0.4082,11.098,-38.963,-59.817,3,41
-3.5054,-1.4390,-0.1709,-277.927,268.110,-31.890,4,41
-3.1104,-0.8223,0.7456,-277.866,266.829,-39.756,4,41
-2.7324,-0.7485,1.0664,-291.159,263.110,-45.793,4,41
-1.6938,-0.8159,1.7622,-289.329,240.610,-59.207,4,41
-1.9106,-0.9722,1.7822,-287.134,209.573,-77.500,4,41
-4.0581,-1.3105,1.2891,-270.122,177.439,-88.049,4,41
-6.7935,-1.5894,0.7295,-225.915,135.610,-94.695,4,41
-6.1387,-1.4326,0.2949,-202.256,166.159,-126.402,4,41
-0.8374,-0.2036,-0.4312,10.305,-40.610,-58.720,3,41
-0.8389,-0.2290,-0.4434,9.390,-41.707,-57.256,3,41
-0.8354,-0.2583,-0.4614,7.378,-43.110,-55.488,3,41
-0.8306,-0.3008,-0.4619,6.951,-43.720,-54.268,3,41
-0.8179,-0.3257,-0.4351,8.293,-44.451,-52.927,3,41
-0.8154,-0.3242,-0.4351,9.268,-44.878,-51.159,3,41
-0.8130,-0.3252,-0.4019,11.098,-45.793,-49.878,3,41
-0.8477,-0.3179,-0.3965,12.622,-46.524,-48.293,3,41
-1.7349,0.4907,0.1440,105.183,-42.073,493.902,1,90
-1.7554,0.3652,0.1514,107.439,-44.329,498.659,1,90
-1.7876,0.2461,0.1538,108.232,-47.500,503.232,1,90
-1.8237,0.0991,0.1528,107.866,-51.037,507.195,1,90
-1.8599,-0.0313,0.1509,106.585,-54.451,510.610,1,90
-1.9121,-0.1924,0.1528,104.451,-58.110,512.683,1,90
-1.9805,-0.3691,0.1567,102.317,-61.463,514.146,1,90
-2.0439,-0.5630,0.1602,101.463,-64.390,514.817,1,90
0.7158,0.5034,-0.7222,-84.756,-43.415,91.159,2,90
0.6792,0.4585,-0.6870,-78.476,-45.305,94.573,2,90
0.6650,0.4136,-0.6572,-72.988,-47.073,97.561,2,90
0.6660,0.3643,-0.6343,-67.134,-47.988,101.098,2,90
0.6636,0.3218,-0.6030,-62.378,-48.598,105.305,2,90
0.6680,0.2876,-0.5850,-58.171,-48.354,109.573,2,90
0.6650,0.2441,-0.5527,-54.146,-48.110,113.415,2,90
0.6685,0.2202,-0.5342,-50.305,-47.988,116.829,2,90
-2.1167,-0.7646,0.1621,100.610,-67.683,514.512,1,90
-2.1914,-0.9839,0.1743,99.207,-70.183,513.415,1,90
-2.2871,-1.2012,0.1865,96.707,-72.073,510.915,1,90
-2.3745,-1.4404,0.1953,94.146,-73.415,506.768,1,90
-2.4595,-1.6685,0.2178,91.463,-72.439,502.012,1,90
-2.5381,-1.8721,0.2412,88.963,-68.476,495.427,1,90
-2.6050,-2.0801,0.2690,84.268,-57.317,484.451,1,90
-2.6113,-2.1772,0.2520,78.537,-48.963,477.744,1,90
0.6743,0.1792,-0.5054,-46.768,-48.659,119.146,2,90
0.6665,0.1523,-0.4717,-42.866,-49.695,120.122,2,90
0.6621,0.1211,-0.4443,-38.780,-51.280,120.366,2,90
0.6475,0.0928,-0.4214,-34.695,-53.049,120.061,2,90
0.6489,0.0693,-0.3921,-30.183,-54.634,118.780,2,90
0.6353,0.0449,-0.3657,-26.341,-55.549,117.134,2,90
0.6372,0.0259,-0.3442,-23.780,-56.951,115.366,2,90
0.6245,0.0088,-0.3159,-21.159,-56.829,113.720,2,90
-2.5771,-2.2129,0.2217,70.671,-41.463,472.866,1,90
-2.5444,-2.2241,0.2026,59.268,-35.488,470.000,1,90
-2.4761,-2.2358,0.2207,46.037,-31.280,469.207,1,90
-2.4014,-2.2026,0.2466,31.463,-28.841,469.756,1,90
-2.3267,-2.1753,0.2568,16.463,-28.598,471.585,1,90
-2.2383,-2.1279,0.2461,1.524,-30.305,474.085,1,90
-2.1421,-2.0762,0.2686,-12.256,-34.268,476.951,1,90
-2.0620,-2.0112,0.2710,-24.512,-39.207,480.305,1,90
0.6084,0.0005,-0.3042,-19.695,-57.195,112.134,2,90
0.5918,-0.0142,-0.2876,-18.049,-56.646,110.427,2,90
0.5737,-0.0190,-0.2637,-17.195,-56.585,108.902,2,90
0.5581,-0.0229,-0.2456,-15.488,-56.463,107.378,2,90
0.5293,-0.0244,-0.2319,-13.415,-56.341,105.366,2,90
0.5137,-0.0083,-0.2148,-10.793,-56.220,103.354,2,90
0.4902,0.0200,-0.2100,-8.476,-56.098,100.671,2,90
0.4717,0.0454,-0.1821,-6.585,-55.854,97.561,2,90
-0.8848,-0.3569,-0.2075,28.598,-50.488,-28.354,3,41
-0.8916,-0.3916,-0.2397,29.085,-50.000,-27.805,3,41
-0.8989,-0.4272,-0.2803,30.305,-48.537,-27.927,3,41
-0.8867,-0.4507,-0.2993,31.585,-47.683,-27.683,3,41
-0.8687,-0.4727,-0.3296,32.988,-45.854,-27.439,3,41
-0.8643,-0.4634,-0.3086,35.549,-44.634,-27.500,3,41
-0.8594,-0.4048,-0.2471,35.305,-44.512,-26.646,3,41
-0.8730,-0.3745,-0.1943,32.439,-45.549,-24.634,3,41
-1.6650,-0.8174,0.7720,146.646,-261.646,-221.463,4,41
-1.7261,-0.9136,0.7456,136.768,-270.000,-224.085,4,41
-1.8105,-1.0005,0.7065,128.598,-277.866,-226.768,4,41
-1.8896,-1.0679,0.6528,122.561,-284.085,-229.085,4,41
-1.9648,-1.1084,0.6143,119.024,-289.024,-230.183,4,41
-2.0527,-1.1172,0.5708,116.646,-292.744,-230.427,4,41
-2.1348,-1.0996,0.5205,114.390,-295.854,-229.207,4,41
-2.2119,-1.0547,0.4956,111.280,-299.146,-226.829,4,41
-0.8955,-0.3843,-0.2134,30.427,-45.244,-23.232,3,41
-0.9038,-0.4219,-0.1782,31.037,-44.390,-22.561,3,41
-0.9048,-0.3960,-0.1284,29.695,-44.695,-21.829,3,41
-0.8984,-0.4185,-0.1538,27.317,-43.963,-20.976,3,41
-0.9028,-0.4321,-0.1729,26.890,-43.171,-20.122,3,41
-0.8999,-0.4438,-0.1851,27.317,-42.012,-19.817,3,41
-0.9180,-0.4321,-0.1606,28.720,-40.793,-18.963,3,41
-0.9272,-0.4131,-0.1592,29.207,-39.573,-18.415,3,41
-2.2993,-0.9824,0.4531,108.720,-303.902,-224.024,4,41
-2.3945,-0.8789,0.4375,104.817,-310.671,-220.549,4,41
-2.4966,-0.7554,0.4248,99.085,-319.634,-217.134,4,41
-2.6167,-0.6421,0.3916,93.232,-330.976,-214.634,4,41
-2.7266,-0.5420,0.3804,88.659,-343.963,-213.963,4,41
-2.8066,-0.4448,0.3608,86.829,-358.659,-215.061,4,41
-2.8589,-0.3501,0.3384,87.988,-374.756,-217.561,4,41
-2.9155,-0.2573,0.3154,93.232,-390.122,-220.610,4,41
-0.9321,-0.4121,-0.1777,30.183,-38.415,-17.439,3,41
-0.9448,-0.4043,-0.1821,31.098,-36.951,-17.073,3,41
-0.9448,-0.4302,-0.2046,32.256,-35.488,-16.829,3,41
-0.9253,-0.4595,-0.2148,33.963,-33.476,-17.378,3,41
-0.9136,-0.4648,-0.1826,35.549,-32.073,-17.256,3,41
-0.9033,-0.4380,-0.1855,34.024,-31.768,-16.890,3,41
-0.9043,-0.4263,-0.1953,31.707,-31.220,-16.402,3,41
-0.9326,-0.3784,-0.1675,29.573,-31.524,-15.915,3,41
-1.4331,-3.1323,-0.3359,142.073,-112.561,338.720,1,90
-1.3540,-3.1543,-0.3325,142.500,-114.817,333.720,1,90
-1.2983,-3.1572,-0.3252,142.561,-116.951,329.146,1,90
-1.2446,-3.1489,-0.3403,141.890,-119.390,324.573,1,90
-1.1963,-3.1445,-0.3643,140.732,-121.585,320.122,1,90
-1.1577,-3.1353,-0.3999,138.902,-122.683,315.427,1,90
-1.1250,-3.1250,-0.4414,137.561,-123.902,310.366,1,90
-1.0923,-3.1157,-0.4902,136.037,-123.598,305.305,1,90
0.5601,-0.0063,-0.2446,-36.768,-63.841,46.341,2,90
0.5640,-0.0010,-0.2646,-40.061,-64.756,45.915,2,90
0.5649,0.0088,-0.3062,-45.305,-65.122,44.878,2,90
0.5610,0.0205,-0.3042,-46.646,-65.366,44.512,2,90
0.5479,0.0400,-0.3413,-49.024,-65.610,44.207,2,90
0.5386,0.0698,-0.3647,-51.098,-65.305,43.963,2,90
0.5347,0.1060,-0.3774,-52.439,-64.573,43.780,2,90
0.5234,0.1372,-0.4058,-54.329,-63.293,43.720,2,90
-1.0791,-3.1030,-0.5469,135.305,-123.476,299.939,1,90
-1.0591,-3.1016,-0.6011,134.512,-122.561,294.207,1,90
-1.0527,-3.0928,-0.5864,134.390,-119.451,288.720,1,90
-1.0176,-3.0815,-0.6362,134.634,-117.378,282.988,1,90
-0.9932,-3.0771,-0.6538,135.061,-114.878,277.805,1,90
-0.9634,-3.0688,-0.6558,135.854,-111.951,272.744,1,90
-0.9219,-3.0522,-0.6714,136.646,-109.024,266.951,1,90
-0.8857,-3.0381,-0.6738,137.561,-106.524,261.768,1,90
0.5005,0.1724,-0.4219,-55.122,-62.439,44.146,2,90
0.4922,0.1973,-0.4600,-56.037,-61.159,44.268,2,90
0.4702,0.2378,-0.4888,-55.488,-59.695,44.939,2,90
0.4678,0.2456,-0.4995,-55.061,-59.024,45.122,2,90
0.4580,0.2637,-0.5317,-53.659,-57.805,45.549,2,90
0.4336,0.2822,-0.5527,-51.646,-56.280,46.098,2,90
0.4199,0.3052,-0.5674,-49.451,-55.183,46.585,2,90
0.4097,0.3105,-0.5732,-47.744,-53.293,46.707,2,90
-0.8438,-3.0298,-0.6719,138.476,-104.024,256.220,1,90
-0.8003,-3.0195,-0.6899,139.390,-101.524,250.793,1,90
-0.7612,-3.0054,-0.6880,140.976,-99.634,245.122,1,90
-0.7183,-2.9907,-0.6821,142.683,-98.415,239.451,1,90
-0.6753,-2.9727,-0.6743,144.573,-97.073,233.780,1,90
-0.6406,-2.9546,-0.6553,146.159,-95.854,227.744,1,90
-0.6060,-2.9253,-0.6470,147.988,-95.000,221.585,1,90
-0.5708,-2.8950,-0.6299,149.878,-94.817,215.610,1,90
0.3984,0.3179,-0.5879,-45.244,-51.402,46.890,2,90
0.3921,0.3267,-0.5820,-43.476,-49.634,47.073,2,90
0.3779,0.3286,-0.5957,-39.939,-46.341,47.256,2,90
0.3789,0.3242,-0.5938,-38.659,-45.366,47.378,2,90
0.3726,0.3267,-0.6001,-35.549,-42.988,47.195,2,90
0.3691,0.3208,-0.6025,-32.012,-40.854,47.378,2,90
0.3633,0.3203,-0.6074,-27.927,-38.293,47.012,2,90
0.3530,0.3232,-0.6152,-24.207,-35.610,47.012,2,90
-0.5464,-2.8550,-0.6118,152.134,-95.183,209.451,1,90
-0.5151,-2.8188,-0.6113,155.061,-95.244,203.415,1,90
-0.4873,-2.7744,-0.6074,157.744,-95.915,197.439,1,90
-0.4634,-2.7378,-0.6230,161.402,-96.402,191.341,1,90
-0.4390,-2.7046,-0.6514,165.854,-96.646,185.610,1,90
-0.4321,-2.6655,-0.6782,170.427,-97.073,179.878,1,90
-0.4023,-2.6382,-0.7373,177.988,-96.524,171.280,1,90
-0.3877,-2.6138,-0.7876,183.780,-95.305,165.549,1,90
0.3511,0.3154,-0.6118,-18.049,-32.378,46.341,2,90
0.3359,0.3198,-0.6094,-16.402,-31.220,45.915,2,90
0.3262,0.3052,-0.6113,-10.427,-28.049,44.939,2,90
0.3140,0.3013,-0.6128,-8.659,-26.829,44.634,2,90
0.3066,0.2993,-0.6050,-4.756,-24.756,43.720,2,90
0.2954,0.2954,-0.6113,-0.305,-22.927,42.866,2,90
0.2861,0.2856,-0.6157,6.037,-19.573,41.402,2,90
0.2617,0.2930,-0.6147,9.390,-16.951,40.793,2,90
-0.3789,-2.6011,-0.8232,188.902,-93.720,159.939,1,90
-0.3677,-2.5884,-0.8623,194.451,-91.829,154.329,1,90
-0.3599,-2.5874,-0.9043,200.488,-89.573,148.598,1,90
-0.3501,-2.5840,-0.9336,205.854,-87.012,142.805,1,90
-0.3428,-2.5874,-0.9570,210.305,-84.878,136.829,1,90
-0.3350,-2.5864,-0.9697,213.476,-82.500,131.037,1,90
-0.3315,-2.6016,-0.9717,215.610,-80.122,125.122,1,90
-0.3306,-2.6128,-0.9619,216.341,-77.256,119.146,1,90
0.2598,0.2861,-0.6211,12.378,-14.512,39.573,2,90
0.2495,0.2900,-0.6235,14.634,-12.134,38.841,2,90
0.2500,0.2798,-0.6221,17.012,-9.634,38.354,2,90
0.2456,0.2749,-0.6255,18.720,-7.134,37.439,2,90
0.2573,0.2612,-0.6367,20.976,-4.878,36.829,2,90
0.2573,0.2539,-0.6357,22.866,-2.256,36.220,2,90
0.2720,0.2515,-0.6392,23.902,0.061,35.122,2,90
0.2778,0.2539,-0.6372,24.573,2.622,34.085,2,90
-0.3228,-2.6299,-0.9565,215.976,-74.756,113.659,1,90
-0.3154,-2.6553,-0.9639,214.695,-72.378,108.110,1,90
-0.3257,-2.6631,-0.9609,212.012,-70.000,102.073,1,90
-0.3291,-2.6997,-0.9463,208.049,-68.354,96.341,1,90
-0.3364,-2.7290,-0.9434,202.622,-66.341,90.488,1,90
-0.3403,-2.7710,-0.9307,195.610,-64.817,84.756,1,90
-0.3535,-2.8105,-0.9238,187.927,-63.171,78.902,1,90
-0.3716,-2.8506,-0.9214,178.902,-61.890,72.988,1,90
0.2896,0.2480,-0.6338,24.451,5.061,32.744,2,90
0.2935,0.2407,-0.6313,23.963,6.951,31.646,2,90
0.3032,0.2412,-0.6260,22.988,8.780,30.183,2,90
0.3130,0.2305,-0.6206,21.524,10.488,29.024,2,90
0.3247,0.2207,-0.6162,19.695,12.134,27.500,2,90
0.3364,0.2153,-0.6250,17.012,13.720,26.341,2,90
0.3511,0.2070,-0.6196,14.268,15.427,24.695,2,90
0.3530,0.1968,-0.6240,11.280,16.951,23.110,2,90
-0.3848,-2.8789,-0.9082,168.720,-60.549,66.890,1,90
-0.4014,-2.9063,-0.9053,158.232,-59.573,60.671,1,90
-0.4165,-2.9331,-0.8994,147.012,-58.415,54.329,1,90
-0.4399,-2.9424,-0.8936,135.610,-58.232,48.354,1,90
-0.4429,-2.9458,-0.8970,123.902,-57.988,42.195,1,90
-0.4497,-2.9390,-0.9165,112.256,-58.232,36.159,1,90
-0.4590,-2.9375,-0.9272,100.732,-58.293,29.939,1,90
-0.4614,-2.9229,-0.9526,89.268,-58.110,23.171,1,90
0.3657,0.2031,-0.6240,7.988,18.659,21.646,2,90
0.3745,0.1973,-0.6206,3.720,20.305,20.000,2,90
0.3794,0.1997,-0.6377,-0.793,22.195,18.293,2,90
0.3862,0.2056,-0.6357,-6.341,23.780,16.707,2,90
0.3960,0.2085,-0.6357,-12.378,25.244,14.756,2,90
0.4067,0.2124,-0.6357,-18.171,26.951,13.354,2,90
0.4082,0.2153,-0.6382,-24.817,28.293,11.341,2,90
0.4116,0.2227,-0.6431,-30.610,29.451,9.817,2,90
-0.4692,-2.8979,-0.9746,77.988,-58.110,17.073,1,90
-0.4653,-2.8662,-0.9893,67.195,-58.902,10.488,1,90
-0.4702,-2.8262,-1.0088,56.829,-58.780,3.902,1,90
-0.4697,-2.7856,-1.0303,46.829,-59.146,-2.622,1,90
-0.4702,-2.7236,-1.0586,33.049,-59.329,-12.012,1,90
-0.4644,-2.6782,-1.0610,24.512,-59.512,-18.171,1,90
-0.4712,-2.6377,-1.0845,16.402,-59.634,-24.207,1,90
-0.4834,-2.6001,-1.0850,9.146,-59.329,-29.817,1,90
0.4160,0.2178,-0.6475,-36.463,30.671,8.354,2,90
0.4165,0.2319,-0.6489,-42.012,31.951,7.012,2,90
0.4268,0.2334,-0.6528,-47.683,33.415,5.549,2,90
0.4312,0.2397,-0.6519,-53.171,34.512,4.207,2,90
0.4360,0.2544,-0.6357,-59.085,35.671,2.622,2,90
0.4380,0.2651,-0.6436,-64.756,36.707,1.402,2,90
0.4404,0.2681,-0.6260,-70.000,37.439,0.000,2,90
0.4458,0.2842,-0.6279,-74.329,38.232,-1.524,2,90
-0.4858,-2.5679,-1.1055,1.951,-59.146,-35.244,1,90
-0.4917,-2.5308,-1.1177,-4.817,-58.780,-40.549,1,90
-0.5000,-2.4961,-1.1392,-10.976,-58.293,-46.280,1,90
-0.5151,-2.4624,-1.1504,-16.341,-57.134,-51.707,1,90
-0.5190,-2.4258,-1.1548,-21.037,-56.402,-56.951,1,90
-0.5278,-2.3970,-1.1616,-25.000,-55.122,-62.317,1,90
-0.5396,-2.3584,-1.1597,-29.390,-53.659,-67.744,1,90
-0.5483,-2.3247,-1.1616,-32.073,-52.195,-73.354,1,90
0.4517,0.3086,-0.6323,-78.354,38.659,-2.866,2,90
0.4634,0.3188,-0.6216,-82.256,39.329,-4.451,2,90
0.4604,0.3354,-0.6333,-85.549,39.451,-5.488,2,90
0.4609,0.3633,-0.6367,-88.354,39.756,-6.585,2,90
0.4619,0.3730,-0.6294,-90.549,40.122,-7.500,2,90
0.4551,0.3896,-0.6357,-91.220,40.244,-7.988,2,90
0.4580,0.4106,-0.6421,-91.707,40.610,-8.720,2,90
0.4570,0.4316,-0.6440,-91.646,40.732,-9.512,2,90
-0.5576,-2.2871,-1.1655,-35.244,-50.183,-78.659,1,90
-0.5654,-2.2607,-1.1714,-37.988,-48.049,-83.902,1,90
-0.5801,-2.2261,-1.1587,-40.122,-45.915,-89.451,1,90
-0.5771,-2.1978,-1.1377,-42.073,-43.293,-94.634,1,90
-0.5796,-2.1670,-1.1411,-43.720,-40.976,-99.207,1,90
-0.5815,-2.1431,-1.1260,-45.671,-38.171,-104.573,1,90
-0.5811,-2.1138,-1.1157,-46.890,-35.976,-109.451,1,90
-0.5811,-2.0933,-1.1084,-47.927,-33.049,-114.085,1,90
0.4556,0.4492,-0.6470,-90.671,40.854,-10.061,2,90
0.4580,0.4688,-0.6465,-89.329,40.793,-10.854,2,90
0.4512,0.4873,-0.6533,-87.561,40.610,-12.012,2,90
0.4556,0.4995,-0.6479,-85.305,40.671,-12.988,2,90
0.4507,0.5142,-0.6348,-83.110,40.915,-13.963,2,90
0.4414,0.5303,-0.6343,-80.915,40.915,-15.000,2,90
0.4409,0.5371,-0.6333,-78.171,40.793,-15.976,2,90
0.4365,0.5542,-0.6245,-75.366,40.000,-17.073,2,90
-0.5767,-2.0645,-1.0908,-49.329,-30.732,-118.659,1,90
-0.5786,-2.0459,-1.0903,-50.122,-28.110,-123.049,1,90
-0.5854,-2.0215,-1.0732,-51.463,-25.915,-127.317,1,90
-0.5898,-1.9907,-1.0649,-52.866,-23.598,-131.280,1,90
-0.5796,-1.9648,-1.0605,-54.512,-21.159,-135.305,1,90
-0.5869,-1.9409,-1.0464,-56.341,-19.024,-139.329,1,90
-0.5913,-1.9346,-1.0278,-57.988,-16.524,-142.561,1,90
-0.5864,-1.9126,-1.0088,-60.244,-14.390,-146.220,1,90
0.4336,0.5532,-0.6226,-72.500,39.573,-17.683,2,90
0.4375,0.5645,-0.6167,-69.390,39.024,-18.841,2,90
0.4370,0.5576,-0.6245,-66.037,37.988,-19.695,2,90
0.4414,0.5688,-0.6226,-62.927,37.378,-20.549,2,90
0.4453,0.5640,-0.6177,-59.451,36.280,-21.159,2,90
0.4551,0.5737,-0.6299,-55.976,36.098,-21.707,2,90
0.4531,0.5718,-0.6377,-52.622,35.549,-22.378,2,90
0.4556,0.5801,-0.6343,-48.963,34.939,-23.110,2,90
-0.5938,-1.9019,-0.9927,-62.134,-12.561,-149.024,1,90
-0.5972,-1.8799,-0.9766,-64.878,-10.061,-152.134,1,90
-0.5967,-1.8599,-0.9648,-66.463,-8.293,-154.939,1,90
-0.5991,-1.8379,-0.9546,-69.024,-6.037,-157.744,1,90
-0.6045,-1.8008,-0.9302,-71.768,-3.049,-161.707,1,90
-0.6152,-1.7734,-0.9126,-73.659,-1.463,-164.390,1,90
-0.6172,-1.7451,-0.9033,-75.244,-0.122,-166.829,1,90
-0.6289,-1.7119,-0.8789,-76.890,1.280,-168.902,1,90
0.4624,0.5850,-0.6445,-45.366,34.268,-23.476,2,90
0.4658,0.5786,-0.6401,-42.012,33.902,-23.720,2,90
0.4609,0.5850,-0.6406,-38.293,33.232,-24.634,2,90
0.4604,0.5835,-0.6401,-34.695,32.683,-24.756,2,90
0.4604,0.5859,-0.6367,-30.854,31.402,-25.610,2,90
0.4409,0.5825,-0.6304,-26.890,30.366,-25.915,2,90
0.4443,0.5796,-0.6245,-23.232,29.512,-26.768,2,90
0.4336,0.5781,-0.6201,-19.390,27.805,-27.195,2,90
-0.6392,-1.6855,-0.8613,-78.780,3.049,-171.098,1,90
-0.6509,-1.6616,-0.8481,-80.122,4.817,-173.293,1,90
-0.6538,-1.6255,-0.8340,-81.280,6.951,-175.305,1,90
-0.6670,-1.5991,-0.8228,-82.256,8.841,-176.951,1,90
-0.6821,-1.5742,-0.8018,-83.293,11.037,-178.902,1,90
-0.6895,-1.5425,-0.7832,-83.415,12.561,-180.488,1,90
-0.6982,-1.5156,-0.7607,-83.963,14.878,-182.073,1,90
-0.7104,-1.4932,-0.7461,-83.902,17.073,-183.537,1,90
0.4224,0.5688,-0.6177,-15.854,26.220,-27.683,2,90
0.4111,0.5566,-0.6216,-11.951,24.817,-28.476,2,90
0.4004,0.5547,-0.6104,-8.537,23.476,-29.085,2,90
0.3936,0.5420,-0.6157,-5.427,22.134,-29.939,2,90
0.3784,0.5313,-0.6118,-2.134,20.854,-30.671,2,90
0.3745,0.5161,-0.6152,1.098,19.207,-31.159,2,90
0.3691,0.5034,-0.6089,3.537,17.439,-31.890,2,90
0.3647,0.5005,-0.5991,6.524,16.341,-32.439,2,90
-0.7192,-1.4722,-0.7295,-83.720,18.902,-185.000,1,90
-0.7354,-1.4497,-0.7163,-83.354,21.098,-186.646,1,90
-0.7490,-1.4268,-0.6929,-82.683,22.866,-187.927,1,90
-0.7578,-1.4072,-0.6733,-81.890,24.939,-189.512,1,90
-0.7568,-1.3882,-0.6465,-80.854,26.707,-190.732,1,90
-0.7729,-1.3721,-0.6152,-80.000,28.415,-191.951,1,90
-0.7764,-1.3545,-0.5879,-78.841,30.183,-193.110,1,90
-0.7881,-1.3438,-0.5664,-77.988,31.646,-194.390,1,90
0.3682,0.4834,-0.6025,9.085,14.329,-33.171,2,90
0.3550,0.4707,-0.5908,10.732,13.049,-33.963,2,90
0.3521,0.4658,-0.5923,12.683,11.280,-34.939,2,90
0.3550,0.4404,-0.5879,14.817,9.512,-35.610,2,90
0.3442,0.4331,-0.5713,16.829,8.110,-36.585,2,90
0.3438,0.4326,-0.5845,18.476,6.768,-37.256,2,90
0.3335,0.4229,-0.5659,19.817,5.427,-38.293,2,90
0.3169,0.4146,-0.5684,20.732,4.024,-39.146,2,90
-0.7900,-1.3315,-0.5273,-76.707,32.744,-195.366,1,90
-0.7920,-1.3145,-0.4980,-75.427,34.268,-196.463,1,90
-0.7900,-1.3076,-0.4844,-74.024,34.878,-197.439,1,90
-0.7813,-1.2998,-0.4619,-72.927,36.341,-198.780,1,90
-0.7759,-1.2891,-0.4414,-71.585,36.951,-199.390,1,90
-0.7686,-1.2861,-0.4106,-70.488,37.805,-200.671,1,90
-0.7725,-1.2871,-0.3906,-69.268,38.598,-201.159,1,90
-0.7598,-1.2832,-0.3555,-67.988,39.268,-202.012,1,90
0.3169,0.4146,-0.5605,21.585,2.683,-40.122,2,90
0.3081,0.4043,-0.5542,21.585,1.463,-41.280,2,90
0.3022,0.4043,-0.5464,21.829,-0.183,-41.585,2,90
0.3013,0.4009,-0.5483,22.195,-1.463,-42.378,2,90
0.2856,0.3994,-0.5430,22.561,-2.866,-43.354,2,90
0.2803,0.3955,-0.5376,22.134,-4.024,-44.085,2,90
0.2695,0.3887,-0.5459,22.012,-5.000,-44.756,2,90
0.2637,0.3823,-0.5435,21.951,-6.341,-45.549,2,90
-0.7554,-1.2788,-0.3262,-67.378,39.268,-202.683,1,90
-0.7437,-1.2866,-0.3076,-66.341,39.207,-203.110,1,90
-0.7358,-1.2827,-0.2827,-65.732,38.720,-203.110,1,90
-0.7241,-1.2881,-0.2720,-65.488,38.232,-203.659,1,90
-0.7085,-1.2935,-0.2441,-65.915,36.829,-203.841,1,90
-0.6929,-1.3071,-0.2363,-66.037,36.341,-203.963,1,90
-0.6914,-1.3159,-0.2261,-67.012,35.549,-203.902,1,90
-0.6875,-1.3389,-0.2183,-67.683,35.488,-204.268,1,90
0.2573,0.3691,-0.5337,21.829,-7.744,-46.280,2,90
0.2500,0.3677,-0.5366,21.463,-8.963,-47.195,2,90
0.2383,0.3516,-0.5366,21.220,-10.122,-48.110,2,90
0.2363,0.3511,-0.5464,21.037,-11.159,-49.024,2,90
0.2222,0.3413,-0.5425,20.610,-12.012,-50.122,2,90
0.2266,0.3291,-0.5444,20.000,-12.805,-51.220,2,90
0.2202,0.3228,-0.5425,19.817,-13.354,-52.195,2,90
0.2070,0.3179,-0.5527,19.390,-14.207,-53.293,2,90
-0.6816,-1.3584,-0.2075,-68.963,34.939,-204.512,1,90
-0.6870,-1.3828,-0.1978,-70.305,34.329,-204.817,1,90
-0.6733,-1.4106,-0.1992,-71.585,33.720,-205.000,1,90
-0.6772,-1.4199,-0.1978,-72.378,32.927,-205.305,1,90
-0.6714,-1.4419,-0.1992,-73.902,32.073,-206.159,1,90
-0.6758,-1.4531,-0.1997,-74.817,31.341,-206.646,1,90
-0.6772,-1.4624,-0.1997,-75.854,30.244,-207.683,1,90
-0.6768,-1.4673,-0.2012,-76.585,29.146,-208.659,1,90
0.2095,0.3130,-0.5493,18.780,-14.573,-54.512,2,90
0.2100,0.3066,-0.5498,18.780,-14.573,-55.488,2,90
0.2100,0.2969,-0.5454,18.415,-15.244,-57.073,2,90
0.1973,0.3008,-0.5488,17.927,-15.183,-57.927,2,90
0.2031,0.3022,-0.5469,17.622,-15.671,-59.390,2,90
0.2002,0.2988,-0.5444,17.500,-15.732,-60.793,2,90
0.1978,0.2969,-0.5464,18.232,-15.976,-61.646,2,90
0.1968,0.2905,-0.5479,18.780,-16.585,-62.500,2,90
-0.9185,-0.4360,-0.1084,11.707,30.488,4.146,3,41
-0.9258,-0.4341,-0.1294,9.878,30.122,4.207,3,41
-0.9326,-0.4321,-0.1646,7.561,29.817,4.878,3,41
-0.9331,-0.4238,-0.1665,5.244,29.024,5.305,3,41
-0.9414,-0.4126,-0.1787,2.866,28.415,5.793,3,41
-0.9468,-0.4136,-0.1904,-0.183,27.195,6.402,3,41
-0.9478,-0.4219,-0.2080,-1.890,26.646,7.256,3,41
-0.9502,-0.4355,-0.2158,-3.354,26.524,7.744,3,41
-0.9287,-0.4619,-0.2422,-5.183,25.915,8.293,3,41
-0.9209,-0.4795,-0.2476,-6.646,25.427,9.085,3,41
-0.9053,-0.4995,-0.2437,-7.561,25.183,9.451,3,41
-0.8848,-0.5518,-0.2363,-10.000,24.146,10.732,3,41
-0.8594,-0.5669,-0.2192,-11.402,23.171,11.768,3,41
-0.8398,-0.5771,-0.2300,-13.049,21.585,12.805,3,41
-0.8315,-0.5527,-0.2695,-14.085,20.732,13.841,3,41
-0.8276,-0.5317,-0.3223,-14.024,19.512,14.573,3,41
-0.6099,-1.3120,-0.1104,-59.939,9.329,-221.829,1,90
-0.6035,-1.3174,-0.1074,-58.659,8.415,-222.195,1,90
-0.5913,-1.3330,-0.0996,-56.341,6.524,-223.354,1,90
-0.5796,-1.3662,-0.0957,-53.049,3.780,-225.183,1,90
-0.5762,-1.3848,-0.0938,-51.585,2.134,-226.159,1,90
-0.5654,-1.4111,-0.0928,-49.878,-0.122,-227.256,1,90
-0.5679,-1.4263,-0.0864,-48.841,-2.134,-228.476,1,90
-0.5654,-1.4521,-0.0801,-48.110,-4.085,-229.390,1,90
0.3438,0.2451,-0.5405,37.988,-12.683,-85.671,2,90
0.3530,0.2427,-0.5576,40.366,-12.317,-86.890,2,90
0.3618,0.2495,-0.5757,43.171,-11.463,-88.598,2,90
0.3594,0.2607,-0.5894,45.854,-10.915,-90.061,2,90
0.3618,0.2651,-0.6011,48.049,-10.122,-91.768,2,90
0.3638,0.2783,-0.6162,50.000,-9.024,-93.598,2,90
0.3652,0.2866,-0.6138,52.134,-7.805,-95.061,2,90
0.3701,0.2881,-0.6274,54.024,-6.402,-96.585,2,90
-0.5693,-1.4668,-0.0806,-47.988,-6.037,-230.854,1,90
-0.5664,-1.4785,-0.0767,-48.780,-7.378,-231.829,1,90
-0.5757,-1.4878,-0.0791,-49.146,-9.390,-233.537,1,90
-0.5786,-1.4980,-0.0791,-49.817,-11.037,-234.451,1,90
-0.5747,-1.5039,-0.0835,-50.793,-12.439,-235.488,1,90
-0.5732,-1.5049,-0.0820,-51.280,-13.963,-236.402,1,90
-0.5732,-1.5068,-0.1001,-52.500,-15.366,-237.439,1,90
-0.5674,-1.5063,-0.1084,-52.927,-17.378,-238.659,1,90
0.3652,0.3052,-0.6367,56.159,-5.000,-98.415,2,90
0.3730,0.3120,-0.6406,57.683,-3.415,-99.878,2,90
0.3691,0.3188,-0.6426,59.268,-2.073,-101.341,2,90
0.3721,0.3267,-0.6431,60.671,-0.549,-102.683,2,90
0.3750,0.3330,-0.6367,62.134,1.280,-103.841,2,90
0.3921,0.3438,-0.6436,62.988,3.049,-105.061,2,90
0.3989,0.3521,-0.6475,64.024,5.244,-105.915,2,90
0.4111,0.3550,-0.6475,65.305,7.744,-106.829,2,90
-0.9077,-0.5210,-0.1646,-17.439,11.951,43.841,3,41
-0.9082,-0.5396,-0.1797,-17.439,12.927,45.854,3,41
-0.9146,-0.5601,-0.1772,-16.890,14.573,47.500,3,41
-0.9058,-0.5801,-0.1689,-15.976,16.037,49.146,3,41
-0.9019,-0.5898,-0.1372,-14.756,17.805,51.524,3,41
-0.8843,-0.6094,-0.1064,-14.024,19.268,53.963,3,41
-0.8784,-0.6108,-0.0957,-12.622,21.159,56.220,3,41
-0.8608,-0.6162,-0.1118,-10.183,23.659,57.866,3,41
-0.4717,-1.4453,-0.2935,-52.378,-31.280,-252.500,1,90
-0.4604,-1.4409,-0.3140,-52.073,-32.378,-254.085,1,90
-0.4438,-1.4287,-0.3335,-50.976,-33.963,-255.427,1,90
-0.4302,-1.4277,-0.3506,-49.817,-35.610,-256.829,1,90
-0.4238,-1.4185,-0.3677,-48.780,-36.707,-258.171,1,90
-0.4014,-1.4170,-0.3853,-47.500,-38.659,-259.329,1,90
-0.3936,-1.4209,-0.4111,-46.585,-39.878,-260.549,1,90
-0.3809,-1.4277,-0.4395,-45.732,-41.341,-262.012,1,90
0.5557,0.3989,-0.5835,74.756,22.073,-110.915,2,90
0.5762,0.3960,-0.5859,76.037,23.232,-111.037,2,90
0.5884,0.4175,-0.5811,77.134,24.329,-111.220,2,90
0.5977,0.4248,-0.5742,78.780,25.183,-111.402,2,90
0.6074,0.4355,-0.5698,80.244,25.976,-111.341,2,90
0.6025,0.4507,-0.5732,81.951,26.707,-111.280,2,90
0.6055,0.4663,-0.5718,83.354,27.378,-111.463,2,90
0.6064,0.4814,-0.5698,84.512,27.622,-111.098,2,90
-0.9155,-0.2100,-0.2759,8.171,36.951,70.122,3,41
-0.9292,-0.2236,-0.2900,6.037,37.256,70.854,3,41
-0.9194,-0.2559,-0.2852,3.354,37.134,71.220,3,41
-0.9097,-0.3008,-0.2778,0.549,37.622,71.768,3,41
-0.8979,-0.3423,-0.2559,-2.256,37.378,72.927,3,41
-0.8833,-0.3823,-0.2124,-6.220,36.768,74.817,3,41
-0.8999,-0.4185,-0.1606,-10.061,35.671,77.073,3,41
-0.9048,-0.4634,-0.1309,-14.146,35.061,79.329,3,41
-3.3516,0.2319,-0.3213,221.280,295.122,140.427,4,41
-3.5518,0.0596,-0.4131,219.695,294.939,135.976,4,41
-3.8540,-0.1187,-0.4912,219.695,292.988,127.988,4,41
-3.9648,-0.2319,-0.5928,219.085,291.402,117.683,4,41
-3.7769,-0.2876,-0.6587,209.451,297.927,107.500,4,41
-3.5718,-0.4063,-0.6421,195.793,303.659,98.232,4,41
-2.7109,-0.3003,-1.0430,166.220,314.512,83.780,4,41
-2.7222,-0.0684,-0.2368,158.902,271.402,113.049,4,41
-0.9282,-0.4980,-0.1006,-18.171,34.939,81.890,3,41
-0.9434,-0.5137,-0.0913,-20.671,35.244,83.963,3,41
-0.9585,-0.5356,-0.1118,-22.134,36.037,86.280,3,41
-0.9619,-0.5273,-0.1313,-21.220,37.805,87.927,3,41
-0.9609,-0.4932,-0.1514,-20.122,40.000,89.878,3,41
-0.9619,-0.4429,-0.1724,-17.988,41.707,91.524,3,41
-0.9961,-0.4194,-0.2085,-15.610,44.207,93.598,3,41
-1.0615,-0.4546,-0.2202,-12.561,46.707,94.695,3,41
-0.3901,-1.4585,-0.7065,-73.720,-54.878,-278.780,1,90
-0.3882,-1.4565,-0.7397,-78.659,-55.305,-279.085,1,90
-0.4014,-1.4526,-0.7559,-83.476,-55.366,-280.061,1,90
-0.4214,-1.4438,-0.7773,-88.659,-54.634,-280.061,1,90
-0.4492,-1.4238,-0.7969,-93.841,-54.024,-280.305,1,90
-0.4712,-1.4165,-0.8188,-99.390,-53.232,-280.427,1,90
-0.4932,-1.3975,-0.8462,-104.939,-51.951,-279.817,1,90
-0.5317,-1.3716,-0.8828,-111.037,-50.732,-279.085,1,90
0.7202,0.6025,-0.6313,105.122,19.756,-83.415,2,90
0.7266,0.5918,-0.6362,105.366,18.598,-81.159,2,90
0.7485,0.5830,-0.6279,105.976,17.195,-77.439,2,90
0.7583,0.5894,-0.6245,106.341,16.341,-76.098,2,90
0.7725,0.5801,-0.6260,106.829,15.061,-73.354,2,90
0.7959,0.5811,-0.6240,107.256,14.268,-70.732,2,90
0.8159,0.5698,-0.6265,107.012,12.927,-67.683,2,90
0.8403,0.5679,-0.6104,105.915,11.585,-65.488,2,90
-0.5610,-1.3472,-0.9150,-117.744,-49.390,-278.110,1,90
-0.5996,-1.3184,-0.9707,-123.659,-47.134,-276.768,1,90
-0.6436,-1.2905,-0.9922,-129.939,-44.512,-274.878,1,90
-0.6924,-1.2549,-1.0161,-135.854,-41.037,-272.683,1,90
-0.7437,-1.2173,-1.0303,-140.793,-37.561,-269.756,1,90
-0.7935,-1.1709,-1.0293,-146.341,-33.963,-266.646,1,90
-0.8486,-1.1211,-1.0288,-150.915,-29.634,-263.049,1,90
-0.8975,-1.0830,-1.0190,-155.488,-25.915,-259.085,1,90
0.8735,0.5469,-0.5928,102.866,9.817,-61.646,2,90
0.8984,0.5264,-0.5820,100.671,8.780,-58.963,2,90
0.9229,0.5078,-0.5654,98.476,7.378,-56.524,2,90
0.9438,0.4946,-0.5684,97.439,6.890,-55.183,2,90
0.9673,0.4707,-0.5581,95.488,6.037,-52.805,2,90
1.0024,0.4497,-0.5645,94.329,4.878,-50.244,2,90
1.0332,0.4351,-0.5645,92.256,4.024,-48.171,2,90
1.0684,0.4243,-0.5742,90.122,3.171,-46.220,2,90
-0.9058,0.0146,-0.5176,-1.037,22.683,79.573,3,41
-0.9360,0.0063,-0.5166,2.317,21.402,76.890,3,41
-0.9585,-0.0112,-0.4790,6.098,20.549,74.451,3,41
-0.9756,-0.0322,-0.4282,7.195,19.268,72.317,3,41
-1.0107,-0.0723,-0.3511,7.805,18.354,70.427,3,41
-1.0591,-0.1094,-0.2515,6.646,17.561,68.415,3,41
-1.0938,-0.1509,-0.1436,4.634,16.829,67.256,3,41
-1.1113,-0.1704,-0.0820,2.500,16.037,65.732,3,41
-6.2852,-1.2280,-0.1763,48.780,-220.732,32.805,4,41
-3.6113,-2.4502,1.8120,25.976,-204.390,-20.854,4,41
-0.8193,-3.5845,2.6279,-38.049,-169.634,-71.829,4,41
1.0635,-4.7383,2.7227,-70.610,-136.951,-98.659,4,41
1.3145,-4.8506,2.3096,-80.427,-125.183,-106.463,4,41
0.1318,-3.4116,1.8525,-82.256,-121.829,-96.585,4,41
-1.1221,-0.3267,1.8667,-61.463,-113.780,-76.159,4,41
-2.1968,2.1997,2.2646,-11.646,-75.427,-52.988,4,41
-1.1167,-0.1660,-0.0820,0.610,16.159,64.146,3,41
-1.1187,-0.1489,-0.1313,1.098,17.500,61.951,3,41
-1.1094,-0.1406,-0.2021,3.415,20.000,59.573,3,41
-1.0610,-0.1016,-0.2480,7.134,22.744,56.037,3,41
-1.0078,-0.0308,-0.2681,10.610,25.000,51.951,3,41
-0.9434,0.0601,-0.2979,12.500,26.524,47.805,3,41
-0.9438,0.1304,-0.3540,14.146,27.988,43.598,3,41
-0.9785,0.1592,-0.3613,16.402,29.512,39.146,3,41
-2.7188,2.4502,2.4614,24.390,-37.683,-17.195,4,41
-2.4326,1.5210,2.5151,57.866,-6.341,-1.707,4,41
-1.8477,0.6929,2.4331,55.488,13.720,11.890,4,41
-1.7847,-0.0518,1.8994,10.488,24.085,20.732,4,41
-2.0020,-0.9771,1.0684,-40.366,24.207,21.829,4,41
-2.2769,-1.6226,0.6860,-64.512,25.183,25.305,4,41
-2.5327,-1.6436,0.9131,-72.744,25.305,29.817,4,41
-2.8149,-1.1294,1.3267,-78.780,32.073,32.988,4,41
-0.9634,0.1987,-0.2891,17.988,32.073,34.634,3,41
-0.9116,0.2334,-0.1943,17.927,32.317,30.122,3,41
-0.8862,0.2769,-0.1426,16.707,31.220,26.220,3,41
-0.9482,0.2788,-0.1680,15.122,29.329,22.195,3,41
-1.0415,0.2637,-0.2227,13.293,29.085,16.829,3,41
-1.1045,0.2002,-0.2573,11.524,28.110,10.854,3,41
-1.0962,0.1255,-0.2461,9.451,27.561,5.183,3,41
-1.1099,0.1006,-0.2124,7.317,25.549,-0.488,3,41
-2.9839,-0.3179,1.4570,-76.951,48.415,34.207,4,41
-2.9189,0.3799,1.4019,-68.537,66.707,32.988,4,41
-2.6978,0.6240,1.1826,-49.268,82.439,25.000,4,41
-2.4990,0.3936,0.9160,-22.561,94.390,14.817,4,41
-2.4639,-0.3018,0.9023,4.329,104.695,11.524,4,41
-2.5132,-1.1455,1.1543,15.244,117.744,12.622,4,41
-2.5508,-1.8042,1.4087,6.341,131.098,10.976,4,41
-2.5103,-2.0811,1.4683,-10.915,143.171,4.451,4,41
-1.1138,0.1313,-0.1992,5.244,23.659,-6.280,3,41
-1.1211,0.1714,-0.2036,3.780,21.524,-11.890,3,41
-1.1079,0.2109,-0.2183,2.988,20.061,-17.805,3,41
-1.0815,0.2324,-0.2363,3.293,18.780,-23.171,3,41
-1.0635,0.2383,-0.2500,3.841,18.171,-28.841,3,41
-1.0361,0.2290,-0.2588,5.244,17.744,-34.207,3,41
-0.9976,0.2305,-0.2720,4.268,16.098,-39.878,3,41
-0.9702,0.2080,-0.2993,2.256,12.622,-45.915,3,41
-2.4844,-1.9897,1.4844,-27.927,153.476,-2.744,4,41
-2.5728,-1.6001,1.4678,-40.915,162.927,-6.951,4,41
-2.7959,-1.2036,1.3862,-48.720,172.622,-6.402,4,41
-3.0967,-1.1606,1.4565,-46.341,181.159,-1.402,4,41
-3.3652,-1.3247,1.5439,-40.366,189.085,1.829,4,41
-3.5625,-1.3232,1.4839,-34.573,195.915,-0.427,4,41
-3.7007,-1.0918,1.5728,-25.549,202.317,-1.829,4,41
-3.7939,-0.9756,1.6064,-24.207,210.000,-0.854,4,41
-0.9600,0.1714,-0.3052,-1.951,8.841,-50.854,3,41
-0.9570,0.1372,-0.2881,-7.073,5.000,-55.610,3,41
-0.9692,0.0981,-0.2715,-12.683,1.037,-60.122,3,41
-0.9712,0.0488,-0.2764,-17.134,-2.256,-64.207,3,41
-0.9609,0.0088,-0.2588,-22.805,-5.915,-67.927,3,41
-0.9463,0.0088,-0.2290,-30.183,-9.939,-71.463,3,41
-0.9497,-0.0098,-0.2285,-36.768,-13.963,-74.390,3,41
-0.9487,-0.0288,-0.2617,-42.561,-17.256,-76.585,3,41
-2.2866,1.3213,-0.4556,49.268,75.671,108.476,1,90
-2.1914,1.2373,-0.4624,61.220,74.817,114.817,1,90
-2.0933,1.1890,-0.4668,68.780,73.841,122.256,1,90
-2.0034,1.1284,-0.4663,72.378,72.378,130.305,1,90
-1.9102,1.1006,-0.4800,74.024,71.341,139.390,1,90
-1.8301,1.0596,-0.4971,73.902,70.610,148.780,1,90
-1.7524,1.0371,-0.4932,72.073,69.451,158.293,1,90
-1.6846,1.0361,-0.4971,69.146,68.841,168.232,1,90
1.7930,0.1519,-0.9980,-95.183,6.098,51.037,2,90
1.7720,0.1641,-1.0054,-96.341,3.293,53.354,2,90
1.7280,0.1846,-1.0054,-97.500,0.549,54.817,2,90
1.6807,0.2090,-0.9985,-98.720,-2.134,56.646,2,90
1.6348,0.2314,-1.0063,-99.939,-4.634,57.805,2,90
1.5796,0.2617,-0.9976,-101.159,-7.134,59.329,2,90
1.5464,0.2905,-1.0024,-101.829,-9.268,61.280,2,90
1.5010,0.3154,-1.0049,-102.256,-11.402,62.744,2,90
-1.6318,1.0361,-0.4873,65.244,68.232,177.805,1,90
-1.5801,1.0459,-0.4854,60.793,68.232,187.378,1,90
-1.5239,1.0605,-0.4858,55.671,67.744,196.646,1,90
-1.4697,1.0815,-0.4878,50.732,67.500,205.488,1,90
-1.4199,1.0957,-0.4800,45.976,66.585,214.573,1,90
-1.3604,1.1206,-0.4902,41.524,65.610,222.988,1,90
-1.3188,1.1294,-0.4888,36.524,64.756,230.976,1,90
-1.2632,1.1377,-0.4941,32.866,64.085,238.659,1,90
1.4565,0.3447,-1.0034,-101.524,-13.415,64.817,2,90
1.4219,0.3643,-0.9878,-100.305,-15.488,66.768,2,90
1.3813,0.3862,-0.9844,-98.171,-17.866,68.537,2,90
1.3330,0.4053,-0.9785,-95.305,-20.061,70.671,2,90
1.2974,0.4258,-0.9761,-92.012,-22.134,72.073,2,90
1.2617,0.4438,-0.9658,-88.171,-24.634,73.720,2,90
1.2207,0.4565,-0.9478,-84.085,-26.890,74.817,2,90
1.1826,0.4736,-0.9224,-79.756,-29.085,76.159,2,90
-1.2061,1.1353,-0.5000,30.183,63.902,245.976,1,90
-1.1577,1.1201,-0.5005,29.024,63.720,252.988,1,90
-1.1079,1.1021,-0.5068,27.744,63.841,259.207,1,90
-1.0679,1.0850,-0.4941,27.012,63.476,265.671,1,90
-1.0093,1.0605,-0.4761,27.256,62.561,271.951,1,90
-0.9746,1.0317,-0.4604,28.598,61.524,278.171,1,90
-0.9385,0.9976,-0.4590,29.817,60.854,284.878,1,90
-0.9077,0.9580,-0.4458,30.244,60.061,290.854,1,90
1.1582,0.4741,-0.9023,-75.244,-31.159,77.256,2,90
1.1152,0.4761,-0.8887,-70.000,-32.866,78.354,2,90
1.0903,0.4756,-0.8618,-65.793,-34.451,80.061,2,90
1.0635,0.4795,-0.8354,-61.037,-36.037,81.646,2,90
1.0400,0.4663,-0.8096,-57.073,-37.744,83.963,2,90
1.0269,0.4565,-0.7695,-53.171,-39.329,86.463,2,90
1.0156,0.4370,-0.7554,-49.634,-40.793,89.146,2,90
1.0010,0.4263,-0.7290,-46.341,-42.378,92.134,2,90
-0.8145,-0.3335,-0.4028,-97.866,-65.793,-65.732,3,41
-0.8301,-0.3223,-0.3584,-98.293,-67.439,-64.024,3,41
-0.8457,-0.3169,-0.3140,-97.683,-68.659,-62.561,3,41
-0.8564,-0.2925,-0.3037,-96.524,-69.634,-61.280,3,41
-0.8721,-0.2642,-0.2847,-93.659,-69.939,-60.000,3,41
-0.8921,-0.2065,-0.2583,-91.890,-70.854,-58.841,3,41
-0.9023,-0.1577,-0.2617,-90.549,-71.768,-58.171,3,41
-0.9180,-0.1362,-0.2842,-88.659,-72.378,-57.561,3,41
-0.8218,0.2593,-0.3472,29.817,57.622,339.085,1,90
-0.8213,0.1758,-0.3369,30.366,58.415,341.951,1,90
-0.8379,0.0801,-0.3203,30.549,59.451,344.939,1,90
-0.8496,-0.0059,-0.3120,31.098,60.488,347.866,1,90
-0.8716,-0.1025,-0.3027,31.768,62.256,350.061,1,90
-0.8843,-0.2046,-0.2930,32.134,63.841,352.195,1,90
-0.9131,-0.3008,-0.2817,32.500,65.366,354.024,1,90
-0.9336,-0.3940,-0.2783,32.866,66.768,355.610,1,90
0.9619,0.1226,-0.4976,-30.976,-50.000,118.110,2,90
0.9492,0.0835,-0.4795,-30.671,-50.549,119.878,2,90
0.9316,0.0547,-0.4590,-30.671,-50.671,121.280,2,90
0.9077,0.0190,-0.4434,-30.671,-50.915,122.439,2,90
0.8809,-0.0010,-0.4204,-31.524,-50.793,122.866,2,90
0.8545,-0.0283,-0.4136,-32.683,-50.305,123.780,2,90
0.8198,-0.0361,-0.3877,-34.329,-49.085,124.207,2,90
0.7847,-0.0562,-0.3721,-36.951,-48.232,124.451,2,90
-0.9360,-0.2666,-0.2842,-56.402,-64.268,-50.427,3,41
-0.9453,-0.2900,-0.2910,-52.439,-62.622,-49.634,3,41
-0.9316,-0.3047,-0.2910,-47.927,-61.341,-48.476,3,41
-0.9150,-0.3037,-0.2920,-43.720,-60.122,-47.012,3,41
-0.9067,-0.3271,-0.2646,-42.378,-59.695,-45.427,3,41
-0.8979,-0.3638,-0.2910,-39.024,-59.268,-44.573,3,41
-0.8833,-0.3926,-0.3149,-34.451,-56.890,-44.817,3,41
-0.8506,-0.4141,-0.3511,-32.622,-56.402,-44.512,3,41
-1.2119,-1.2979,1.6880,-26.280,-81.280,-244.817,4,41
-1.3091,-1.3062,1.6631,-66.402,-94.329,-239.573,4,41
-1.4390,-1.2646,1.6260,-97.622,-118.354,-232.622,4,41
-1.6016,-1.1797,1.6045,-118.354,-149.207,-225.305,4,41
-1.7402,-1.0557,1.5874,-130.976,-182.439,-216.768,4,41
-1.8604,-0.8970,1.5869,-137.805,-215.427,-206.951,4,41
-1.9399,-0.7114,1.6050,-140.793,-245.549,-197.439,4,41
-2.0005,-0.5210,1.5854,-140.671,-272.073,-188.720,4,41
-0.8101,-0.4233,-0.3535,-30.244,-55.488,-43.537,3,41
-0.7886,-0.4033,-0.3623,-28.659,-55.061,-42.134,3,41
-0.7896,-0.4038,-0.3462,-27.683,-54.390,-41.220,3,41
-0.7886,-0.3965,-0.3081,-26.890,-54.390,-39.695,3,41
-0.7988,-0.3862,-0.3037,-26.463,-53.963,-38.293,3,41
-0.8184,-0.3809,-0.2998,-26.220,-52.927,-36.341,3,41
-0.8301,-0.3613,-0.2886,-24.512,-52.317,-34.146,3,41
-0.8555,-0.3506,-0.2515,-23.293,-51.159,-31.890,3,41
-1.3052,-1.8203,-0.4438,-34.634,76.951,383.415,1,90
-1.3101,-1.8618,-0.4805,-44.695,73.537,383.110,1,90
-1.3262,-1.9038,-0.5098,-53.780,69.695,381.829,1,90
-1.3340,-1.9482,-0.5254,-62.073,67.195,379.634,1,90
-1.3521,-1.9814,-0.5366,-68.720,64.085,376.220,1,90
-1.3647,-2.0205,-0.5474,-73.841,62.866,372.256,1,90
-1.3828,-2.0479,-0.5347,-76.341,61.890,367.134,1,90
-1.3833,-2.0664,-0.5225,-76.768,61.768,360.854,1,90
0.4785,0.0688,-0.2002,-69.573,-22.012,120.793,2,90
0.4487,0.0869,-0.2178,-67.805,-21.768,119.451,2,90
0.4214,0.1064,-0.2505,-64.817,-22.012,118.293,2,90
0.3970,0.1240,-0.2622,-61.829,-22.195,117.439,2,90
0.3774,0.1504,-0.2876,-57.988,-22.378,116.585,2,90
0.3594,0.1704,-0.2979,-54.756,-22.683,115.549,2,90
0.3477,0.1860,-0.3018,-51.402,-23.110,114.939,2,90
0.3340,0.1963,-0.3208,-47.988,-22.744,114.390,2,90
-0.8911,-0.5386,-0.2212,-10.793,-37.866,-17.378,3,41
-0.8940,-0.5313,-0.2310,-10.244,-37.256,-16.402,3,41
-0.9097,-0.5200,-0.2227,-9.390,-36.646,-14.817,3,41
-0.9136,-0.5068,-0.2183,-8.476,-35.366,-12.927,3,41
-0.9014,-0.4912,-0.2280,-7.744,-34.634,-11.707,3,41
-0.8970,-0.4756,-0.2412,-6.951,-33.598,-10.366,3,41
-0.9019,-0.4409,-0.2485,-6.098,-33.293,-8.476,3,41
-0.9009,-0.4131,-0.2417,-5.732,-33.293,-7.439,3,41
-3.0068,-0.5898,0.4570,-84.146,-329.207,-346.402,4,41
-3.1274,-0.5796,0.4243,-89.695,-335.366,-350.854,4,41
-3.2368,-0.5439,0.3853,-93.293,-340.610,-354.085,4,41
-3.3838,-0.4688,0.3613,-94.512,-346.037,-356.402,4,41
-3.5146,-0.3584,0.3345,-97.622,-352.378,-357.378,4,41
-3.6387,-0.2285,0.3208,-102.988,-358.476,-357.195,4,41
-3.7324,-0.1201,0.3096,-107.866,-364.268,-357.256,4,41
-3.8291,-0.0317,0.3203,-112.439,-372.134,-357.927,4,41
-0.9097,-0.4033,-0.2529,-5.061,-32.744,-5.000,3,41
-0.9063,-0.4087,-0.2622,-3.720,-32.012,-3.780,3,41
-0.9023,-0.4233,-0.2759,-2.378,-31.280,-2.439,3,41
-0.8940,-0.4453,-0.3003,-0.244,-30.183,-1.646,3,41
-0.8813,-0.4556,-0.3008,2.073,-28.720,-0.366,3,41
-0.8770,-0.4473,-0.2832,4.756,-27.378,0.793,3,41
-0.8823,-0.4243,-0.2520,6.951,-25.976,2.439,3,41
-0.8906,-0.4199,-0.2339,9.268,-24.573,3.902,3,41
-0.3340,-2.7046,-0.4634,44.573,89.024,216.402,1,90
-0.2388,-2.7324,-0.4468,47.317,89.512,211.037,1,90
-0.1387,-2.7471,-0.4238,49.512,89.268,205.854,1,90
-0.0474,-2.7637,-0.3994,51.159,88.780,201.402,1,90
0.0566,-2.7661,-0.3774,52.073,87.073,196.707,1,90
0.1479,-2.7598,-0.3628,51.951,84.878,192.500,1,90
0.2173,-2.7554,-0.3506,51.098,82.256,187.683,1,90
0.3198,-2.7241,-0.3374,48.476,76.585,180.183,1,90
0.4551,0.0947,-0.3760,-7.988,-21.341,108.354,2,90
0.4453,0.0835,-0.3804,-9.146,-20.915,106.890,2,90
0.4297,0.0762,-0.3911,-10.305,-20.244,105.915,2,90
0.4292,0.0615,-0.4048,-11.341,-19.329,104.817,2,90
0.4229,0.0649,-0.4111,-12.073,-18.354,103.659,2,90
0.4248,0.0532,-0.4224,-12.561,-16.951,102.500,2,90
0.4263,0.0498,-0.4282,-13.171,-15.244,101.463,2,90
0.4146,0.0513,-0.4375,-14.085,-13.110,100.427,2,90
0.3657,-2.6987,-0.3281,46.280,73.049,175.122,1,90
0.3984,-2.6680,-0.3276,44.024,68.841,169.756,1,90
0.4277,-2.6445,-0.3335,42.256,64.756,163.902,1,90
0.4385,-2.6060,-0.3354,40.549,61.098,158.780,1,90
0.4395,-2.5698,-0.3428,39.207,57.439,153.720,1,90
0.4414,-2.5347,-0.3477,38.659,54.512,148.537,1,90
0.4370,-2.5044,-0.3579,38.293,52.012,144.024,1,90
0.4243,-2.4873,-0.3760,38.537,50.122,139.695,1,90
0.4131,0.0542,-0.4375,-15.122,-11.585,98.963,2,90
0.4063,0.0552,-0.4434,-16.280,-9.512,97.317,2,90
0.4087,0.0547,-0.4463,-16.829,-7.561,96.220,2,90
0.4014,0.0605,-0.4541,-17.622,-5.976,94.390,2,90
0.3945,0.0596,-0.4585,-17.683,-4.390,92.805,2,90
0.3921,0.0669,-0.4561,-17.988,-2.805,91.341,2,90
0.3872,0.0742,-0.4658,-18.537,-1.220,89.451,2,90
0.3765,0.0879,-0.4541,-19.268,-0.122,87.500,2,90
-0.9272,-0.2393,-0.1611,31.098,3.476,4.695,3,41
-0.9341,-0.2266,-0.1665,31.098,4.512,4.756,3,41
-0.9424,-0.2124,-0.1670,31.890,5.732,5.549,3,41
-0.9624,-0.1968,-0.1812,32.744,6.646,5.854,3,41
-0.9722,-0.1973,-0.1724,34.451,8.110,6.463,3,41
-0.9805,-0.1953,-0.1689,36.646,10.427,6.707,3,41
-0.9668,-0.2002,-0.1685,39.512,11.951,7.073,3,41
-0.9624,-0.2148,-0.1597,41.890,13.720,7.012,3,41
-4.7090,0.8350,-0.2959,-160.244,-521.280,-392.012,4,41
-4.7451,0.9072,-0.2681,-147.866,-525.549,-390.061,4,41
-4.7524,1.0229,-0.2339,-135.793,-530.671,-386.524,4,41
-4.7578,1.1338,-0.2246,-124.878,-535.549,-382.134,4,41
-4.7656,1.2563,-0.2397,-115.732,-539.451,-377.683,4,41
-4.7896,1.3848,-0.2598,-107.012,-542.683,-373.293,4,41
-4.8071,1.4946,-0.2886,-100.732,-545.549,-369.695,4,41
-4.8179,1.6250,-0.3335,-96.402,-548.476,-366.159,4,41
-0.9634,-0.2144,-0.1450,42.988,15.305,7.012,3,41
-0.9580,-0.2368,-0.1538,43.476,15.366,7.195,3,41
-0.9707,-0.2583,-0.1729,43.720,15.610,7.073,3,41
-0.9688,-0.2842,-0.1953,44.512,15.854,6.524,3,41
-0.9644,-0.3037,-0.1924,46.037,16.159,7.073,3,41
-0.9492,-0.3169,-0.1851,45.915,15.854,6.951,3,41
-0.9390,-0.3447,-0.2188,45.305,15.610,7.561,3,41
-0.9175,-0.3843,-0.2651,45.488,15.244,8.171,3,41
-4.8037,1.7476,-0.3794,-92.012,-551.890,-361.707,4,41
-4.7319,1.8657,-0.4268,-88.476,-555.854,-356.159,4,41
-4.6343,1.9639,-0.4507,-83.354,-560.366,-349.878,4,41
-4.5342,2.0728,-0.4946,-75.305,-565.183,-342.378,4,41
-4.4404,2.1592,-0.5151,-65.671,-569.451,-334.634,4,41
-4.3584,2.2324,-0.5078,-52.866,-573.659,-325.427,4,41
-4.3198,2.2939,-0.5552,-38.537,-576.951,-316.402,4,41
-6.1499,-11.8267,-0.7964,89.817,-566.280,-456.890,4,41
-0.9175,-0.4165,-0.2998,47.866,16.280,7.927,3,41
-0.9033,-0.4409,-0.3301,51.098,17.805,8.232,3,41
-0.8813,-0.4551,-0.3447,54.939,19.817,8.720,3,41
-0.8745,-0.4395,-0.3457,59.390,21.524,9.573,3,41
-0.8779,-0.4072,-0.3228,62.439,22.622,11.341,3,41
-0.9297,-0.3706,-0.2627,65.427,22.927,13.171,3,41
-0.9741,-0.3408,-0.2983,66.037,22.683,14.695,3,41
-0.9434,-0.2988,-0.1958,69.939,23.659,14.390,3,41
-2.5942,-15.9380,9.1855,-767.134,-657.927,-298.598,4,41
-15.0737,15.9995,-16.0000,-601.098,-334.817,-144.756,4,41
-0.6729,15.9492,-16.0000,253.841,-8.841,39.390,4,41
4.2314,14.2764,-8.1143,-430.976,87.866,-309.451,4,41
-0.6353,10.8701,-2.6982,-1204.695,-286.829,-594.146,4,41
-11.8125,9.5894,-7.4902,-678.902,-256.951,-659.451,4,41
-10.9248,8.7847,-15.2935,-77.195,62.195,-410.000,4,41
1.5620,14.9326,-15.9858,411.341,241.951,83.049,4,41
-0.9180,-0.1904,-0.0684,71.768,23.171,13.293,3,41
-0.9492,-0.1660,-0.1440,66.220,20.305,15.366,3,41
-0.9775,-0.2417,-0.2173,65.244,19.878,16.707,3,41
-0.9805,-0.2295,-0.1489,66.829,20.610,15.122,3,41
-0.9663,-0.1899,-0.1426,65.122,19.451,13.537,3,41
-0.9438,-0.1948,-0.1665,62.256,18.963,13.537,3,41
-0.9150,-0.1826,-0.1216,60.671,18.659,12.439,3,41
-0.9233,-0.1494,-0.0962,56.890,16.768,12.378,3,41
4.6709,15.9849,-12.0728,113.110,228.902,280.610,4,41
4.0073,15.6465,-9.0464,-271.585,-71.402,302.439,4,41
3.7861,12.0864,-5.3237,-161.951,-268.659,278.476,4,41
4.0420,11.0034,-0.7056,0.793,-304.573,229.329,4,41
5.0059,8.8550,1.5747,287.439,-237.317,161.707,4,41
4.7686,6.1445,2.4487,597.805,-134.878,115.427,4,41
2.7578,3.8882,1.6553,735.549,-53.841,56.707,4,41
0.3438,1.9795,0.5479,715.305,-5.854,-5.671,4,41
-0.9849,-0.2354,-0.2144,51.220,15.366,14.268,3,41
-1.0039,-0.2749,-0.2319,51.159,16.585,13.598,3,41
-1.0103,-0.3091,-0.2275,55.610,19.695,12.378,3,41
-0.9883,-0.2813,-0.1934,61.463,23.049,10.915,3,41
-0.9937,-0.2588,-0.1670,64.512,24.451,11.037,3,41
-1.0156,-0.2222,-0.1055,67.256,25.366,10.915,3,41
-1.0308,-0.1992,-0.0693,66.951,25.122,9.817,3,41
-1.0439,-0.1934,-0.0747,65.305,24.634,8.232,3,41
-0.0317,0.1182,0.3809,615.305,-19.207,-43.049,4,41
1.2876,-1.7456,0.5356,485.915,-79.817,-30.305,4,41
3.3574,-3.6294,0.5215,392.073,-119.756,11.402,4,41
5.2798,-4.3125,1.2393,391.707,-129.939,43.110,4,41
5.8315,-3.5161,2.0479,451.037,-126.951,29.451,4,41
4.7900,-3.5317,2.2031,474.207,-105.000,-17.439,4,41
3.1177,-1.5615,1.7334,462.073,-92.073,-75.366,4,41
2.6626,-1.2368,1.1450,423.537,-88.171,-100.183,4,41
-1.0591,-0.2173,-0.0776,64.207,25.427,5.976,3,41
-1.0767,-0.2139,-0.0747,64.634,27.012,3.110,3,41
-1.0850,-0.2139,-0.0581,64.207,27.622,0.183,3,41
-1.0996,-0.1885,-0.0166,62.866,27.988,-2.317,3,41
-1.0957,-0.1719,-0.0073,61.585,28.598,-4.817,3,41
-1.0928,-0.1406,0.0029,59.878,28.780,-7.378,3,41
-1.0811,-0.1230,0.0078,58.171,29.146,-10.000,3,41
-1.0674,-0.1123,-0.0117,56.037,29.024,-12.561,3,41
1.6694,-0.4644,0.4458,419.390,-94.512,-90.671,4,41
0.9497,-0.3994,-0.3223,445.488,-94.146,-103.537,4,41
0.9658,-0.6641,-0.7075,476.098,-82.683,-115.366,4,41
1.1494,-1.0967,-0.9595,494.085,-60.549,-122.622,4,41
1.3110,-1.5288,-1.1958,500.732,-37.561,-124.024,4,41
1.4336,-1.9819,-1.4468,505.549,-21.646,-120.610,4,41
1.4531,-2.2104,-1.6685,495.488,-17.378,-112.439,4,41
1.3320,-2.0796,-1.8516,462.622,-24.390,-97.134,4,41
-1.0591,-0.1089,-0.0107,52.988,28.659,-15.488,3,41
-1.0503,-0.1172,0.0000,50.366,28.598,-17.988,3,41
-1.0503,-0.1235,0.0293,48.049,29.268,-19.878,3,41
-1.0327,-0.1338,0.0459,46.463,29.207,-20.915,3,41
-1.0029,-0.1362,0.0337,43.598,28.598,-22.012,3,41
-0.9795,-0.1548,-0.0054,39.939,26.463,-23.232,3,41
-0.9673,-0.1763,-0.0269,34.756,23.659,-24.878,3,41
-0.9673,-0.2075,-0.0444,30.610,21.585,-26.341,3,41
1.0063,-1.5127,-2.0732,377.866,-52.561,-62.134,4,41
0.8677,-1.3643,-2.1372,343.659,-65.244,-51.646,4,41
0.5459,-1.1719,-2.2705,270.427,-93.049,-42.134,4,41
0.2715,-0.9937,-2.3735,201.463,-120.793,-50.183,4,41
0.0400,-0.6255,-2.3975,140.366,-145.183,-66.707,4,41
-0.1245,-0.0732,-2.4116,89.146,-163.110,-78.354,4,41
-0.2505,0.4355,-2.3896,53.780,-173.841,-79.878,4,41
-0.3032,0.8643,-2.3477,33.110,-181.341,-77.744,4,41
-0.2803,1.3223,-2.0884,-21.280,-179.085,-68.598,4,41
-0.2754,1.5859,-1.8975,-73.659,-156.037,-54.573,4,41
-0.3403,1.6304,-1.7314,-128.963,-117.073,-24.756,4,41
-0.3154,1.4985,-1.6963,-166.220,-76.768,18.902,4,41
-0.3066,1.2295,-1.8359,-181.098,-45.854,73.659,4,41
-0.3418,1.0708,-1.9604,-183.598,-31.098,129.695,4,41
-0.3354,1.2856,-1.9888,-167.988,-31.220,174.146,4,41
-0.2681,1.6094,-1.9722,-155.732,-40.305,202.927,4,41
-0.8320,-0.4014,-0.1704,-7.683,-3.537,-30.976,3,41
-0.8320,-0.4209,-0.1777,-14.268,-7.317,-30.793,3,41
-0.8442,-0.4561,-0.1899,-21.037,-10.732,-30.732,3,41
-0.8423,-0.4888,-0.2114,-26.585,-12.500,-30.366,3,41
-0.8301,-0.5215,-0.2490,-30.488,-14.573,-29.878,3,41
-0.8198,-0.5435,-0.2588,-32.317,-16.037,-28.902,3,41
-0.8159,-0.5396,-0.2588,-34.268,-17.683,-27.744,3,41
-0.8179,-0.5195,-0.2476,-35.549,-18.537,-26.768,3,41
-0.2227,1.8550,-1.9438,-159.207,-59.390,213.841,4,41
-0.3496,1.9521,-1.9849,-189.878,-92.378,209.573,4,41
-0.0933,1.7866,-2.1685,-250.427,-145.793,196.098,4,41
0.1948,1.0781,-2.6890,-331.829,-172.256,161.890,4,41
0.1782,0.2813,-2.8066,-353.598,-198.049,138.780,4,41
0.1548,-0.4199,-2.7822,-315.122,-204.878,129.512,4,41
0.0747,-0.9150,-2.6240,-260.793,-178.049,120.793,4,41
-0.5566,-1.1909,-2.2231,-221.280,-126.829,119.024,4,41
-0.8291,-0.4858,-0.2285,-37.927,-20.244,-25.549,3,41
-0.8394,-0.4565,-0.2314,-40.671,-21.585,-24.390,3,41
-0.8584,-0.4282,-0.2358,-42.378,-22.927,-23.293,3,41
-0.8779,-0.4058,-0.2275,-42.317,-22.988,-22.805,3,41
-0.8936,-0.3721,-0.2085,-42.073,-22.744,-21.707,3,41
-0.9067,-0.3384,-0.1792,-41.341,-22.439,-21.037,3,41
-0.9219,-0.3101,-0.1626,-42.256,-22.439,-20.244,3,41
-0.9448,-0.2905,-0.1426,-42.256,-21.951,-19.207,3,41
-1.1860,-1.3486,-1.8667,-215.610,-86.524,131.098,4,41
-1.5439,-1.5088,-1.7983,-221.585,-56.280,146.585,4,41
-1.8296,-1.5366,-1.8784,-204.756,-27.927,158.780,4,41
-1.9102,-1.3311,-1.9351,-167.012,0.793,156.463,4,41
-1.8564,-0.9653,-1.9224,-127.195,28.659,144.756,4,41
-1.8926,-0.5493,-1.8110,-100.976,59.329,127.317,4,41
-1.9028,-0.0962,-1.7231,-94.634,87.561,100.610,4,41
-1.8721,0.1914,-1.8428,-87.561,113.293,78.110,4,41
-0.9575,-0.2700,-0.1392,-42.561,-21.463,-18.841,3,41
-0.9746,-0.2749,-0.1450,-40.915,-20.488,-18.598,3,41
-0.9775,-0.2861,-0.1636,-38.293,-19.146,-18.171,3,41
-0.9707,-0.2910,-0.1821,-34.268,-16.829,-17.866,3,41
-0.9790,-0.2847,-0.1992,-29.390,-14.329,-18.110,3,41
-0.9712,-0.2847,-0.2090,-25.061,-12.134,-17.988,3,41
-0.9663,-0.2817,-0.1968,-20.976,-10.061,-17.927,3,41
-0.9653,-0.2905,-0.1973,-16.402,-7.805,-17.439,3,41
-1.7705,0.3809,-1.9604,-71.768,137.378,66.341,4,41
-1.7393,0.4570,-2.0322,-44.817,154.939,65.732,4,41
-1.7090,0.4839,-2.0103,-9.512,165.610,71.280,4,41
-1.7202,0.5864,-1.9253,27.439,172.927,80.061,4,41
-1.7451,0.7920,-1.8013,59.146,180.488,88.293,4,41
-1.7441,1.0903,-1.6831,83.476,187.805,94.268,4,41
-1.6890,1.4453,-1.5815,102.622,196.341,96.951,4,41
-1.5527,1.7759,-1.5269,118.171,205.854,95.976,4,41
-0.9629,-0.3066,-0.1987,-10.061,-4.085,-16.463,3,41
-0.9673,-0.3022,-0.2051,-7.561,-2.500,-16.037,3,41
-0.9688,-0.3135,-0.1914,-3.902,0.122,-15.061,3,41
-0.9678,-0.3252,-0.1841,0.305,2.317,-14.024,3,41
-0.9595,-0.3320,-0.1875,3.720,4.634,-13.049,3,41
-0.9546,-0.3389,-0.1758,7.561,7.012,-11.829,3,41
-0.9556,-0.3457,-0.1841,10.671,8.354,-11.098,3,41
-0.9502,-0.3540,-0.1958,13.720,10.305,-10.122,3,41
0.1855,-1.3574,-0.3677,-21.037,-91.220,-138.963,1,90
0.1792,-1.3560,-0.3564,-22.195,-91.159,-141.280,1,90
0.1641,-1.3535,-0.3354,-22.866,-90.915,-143.232,1,90
0.1543,-1.3442,-0.3276,-24.024,-90.915,-145.366,1,90
0.1577,-1.3442,-0.3198,-24.817,-91.220,-147.622,1,90
0.1377,-1.3433,-0.3096,-26.220,-91.768,-149.878,1,90
0.1406,-1.3403,-0.2925,-27.561,-91.829,-152.134,1,90
0.1201,-1.3423,-0.2896,-28.354,-92.744,-154.512,1,90
0.3086,0.4067,-0.4805,11.646,2.988,-82.378,2,90
0.3145,0.3970,-0.4683,10.732,2.378,-83.171,2,90
0.3081,0.3853,-0.4546,9.390,2.195,-83.415,2,90
0.3091,0.3828,-0.4424,8.232,2.073,-84.146,2,90
0.3096,0.3799,-0.4219,7.317,2.073,-84.817,2,90
0.3120,0.3779,-0.4072,6.463,2.317,-85.366,2,90
0.3066,0.3818,-0.4023,5.427,2.073,-86.220,2,90
0.3115,0.3843,-0.3901,4.878,1.829,-86.768,2,90
0.1128,-1.3477,-0.2871,-29.573,-93.110,-156.768,1,90
0.1025,-1.3472,-0.2852,-30.610,-93.171,-158.537,1,90
0.0825,-1.3521,-0.2886,-31.524,-93.780,-160.976,1,90
0.0737,-1.3628,-0.2886,-32.317,-94.390,-163.232,1,90
0.0537,-1.3774,-0.2808,-33.049,-94.512,-164.939,1,90
0.0381,-1.3794,-0.2798,-33.780,-94.451,-167.012,1,90
0.0171,-1.3862,-0.2773,-34.695,-94.207,-169.268,1,90
-0.0015,-1.3921,-0.2793,-35.915,-94.024,-171.098,1,90
0.3135,0.3940,-0.3823,4.451,1.829,-87.073,2,90
0.3120,0.4014,-0.3633,4.512,1.341,-87.988,2,90
0.3213,0.4048,-0.3511,4.573,0.915,-88.415,2,90
0.3135,0.4180,-0.3433,5.061,0.732,-89.207,2,90
0.3188,0.4312,-0.3301,5.488,0.305,-89.451,2,90
0.3237,0.4375,-0.3315,6.524,-0.061,-90.305,2,90
0.3135,0.4497,-0.3149,7.622,-0.305,-90.854,2,90
0.3198,0.4604,-0.3237,9.085,-1.159,-91.585,2,90
-0.0181,-1.3901,-0.2798,-36.585,-93.963,-173.293,1,90
-0.0405,-1.3940,-0.2808,-37.744,-94.512,-175.366,1,90
-0.0581,-1.3999,-0.2881,-38.354,-94.939,-177.256,1,90
-0.0693,-1.4019,-0.2915,-39.329,-95.061,-179.268,1,90
-0.0933,-1.3896,-0.3052,-40.305,-95.671,-181.951,1,90
-0.1011,-1.3926,-0.3145,-40.976,-95.732,-183.659,1,90
-0.1265,-1.4033,-0.3345,-41.646,-95.732,-185.671,1,90
-0.1362,-1.4067,-0.3467,-42.561,-95.427,-187.866,1,90
0.3140,0.4634,-0.3306,10.854,-1.646,-92.012,2,90
0.3047,0.4644,-0.3369,12.927,-2.439,-92.561,2,90
0.3013,0.4717,-0.3506,15.122,-3.598,-92.744,2,90
0.2969,0.4692,-0.3481,17.073,-4.451,-92.988,2,90
0.2896,0.4590,-0.3623,19.146,-5.000,-93.293,2,90
0.2813,0.4575,-0.3584,20.854,-5.671,-93.902,2,90
0.2749,0.4497,-0.3564,22.317,-5.732,-94.329,2,90
0.2773,0.4404,-0.3530,23.780,-5.488,-95.061,2,90
-0.8457,-0.4448,-0.3281,44.634,22.744,12.378,3,41
-0.8545,-0.4292,-0.3135,43.963,21.402,13.293,3,41
-0.8682,-0.4155,-0.2915,43.476,20.305,14.329,3,41
-0.8701,-0.4175,-0.2759,42.988,19.695,15.305,3,41
-0.8823,-0.4126,-0.2612,42.744,19.512,15.549,3,41
-0.8896,-0.4131,-0.2446,42.317,18.902,16.707,3,41
-0.8989,-0.4111,-0.2163,41.037,18.232,17.012,3,41
-0.9063,-0.4053,-0.2017,39.512,17.805,17.927,3,41
-0.2524,-1.4141,-0.3818,-37.134,-92.500,-208.415,1,90
-0.2632,-1.4189,-0.3774,-36.220,-92.134,-211.037,1,90
-0.2739,-1.4131,-0.3745,-34.329,-91.707,-213.354,1,90
-0.2832,-1.4072,-0.3765,-32.317,-91.585,-215.793,1,90
-0.2930,-1.4048,-0.3770,-30.244,-91.524,-218.293,1,90
-0.2939,-1.3887,-0.3750,-27.378,-91.341,-221.159,1,90
-0.3032,-1.3857,-0.3760,-24.817,-91.463,-224.085,1,90
-0.3081,-1.3706,-0.3794,-21.768,-91.463,-226.463,1,90
0.3857,0.3691,-0.2983,30.610,2.744,-100.854,2,90
0.4121,0.3652,-0.2837,31.098,3.720,-101.463,2,90
0.4199,0.3740,-0.2627,31.159,4.451,-102.195,2,90
0.4463,0.3770,-0.2612,31.524,5.122,-102.805,2,90
0.4644,0.3901,-0.2456,31.402,5.610,-103.415,2,90
0.4766,0.3892,-0.2373,31.402,6.280,-103.902,2,90
0.4814,0.3970,-0.2275,32.195,6.646,-104.268,2,90
0.5024,0.4082,-0.2324,32.927,7.256,-104.451,2,90
-0.3052,-1.3623,-0.3916,-19.207,-91.280,-229.573,1,90
-0.3062,-1.3550,-0.4053,-16.220,-91.280,-232.256,1,90
-0.3120,-1.3540,-0.4058,-13.659,-90.976,-235.061,1,90
-0.3149,-1.3574,-0.4116,-10.915,-90.976,-237.683,1,90
-0.3096,-1.3652,-0.4121,-8.537,-90.244,-240.305,1,90
-0.3193,-1.3569,-0.4194,-5.793,-90.549,-242.683,1,90
-0.3164,-1.3599,-0.4302,-3.720,-90.854,-245.183,1,90
-0.3140,-1.3594,-0.4321,-1.220,-90.610,-247.561,1,90
0.5098,0.4189,-0.2271,33.537,7.805,-104.817,2,90
0.5137,0.4224,-0.2178,34.146,8.415,-105.305,2,90
0.5332,0.4272,-0.2300,34.573,8.659,-105.427,2,90
0.5405,0.4316,-0.2290,35.061,8.720,-105.549,2,90
0.5386,0.4429,-0.2246,36.037,9.268,-105.793,2,90
0.5449,0.4458,-0.2397,36.890,9.146,-106.280,2,90
0.5439,0.4438,-0.2495,38.232,9.390,-106.280,2,90
0.5483,0.4453,-0.2720,40.854,9.756,-106.768,2,90
-0.3140,-1.3560,-0.4521,1.951,-91.524,-250.854,1,90
-0.3120,-1.3574,-0.4658,2.988,-91.890,-252.073,1,90
-0.3047,-1.3574,-0.4741,5.061,-92.012,-254.207,1,90
-0.2974,-1.3652,-0.5005,8.415,-92.683,-257.866,1,90
-0.2954,-1.3721,-0.5063,10.122,-92.805,-260.183,1,90
-0.2837,-1.3740,-0.5283,11.890,-93.293,-262.439,1,90
-0.2676,-1.3721,-0.5400,13.720,-93.841,-265.061,1,90
-0.2676,-1.3745,-0.5669,15.244,-94.756,-267.683,1,90
0.5474,0.4512,-0.3042,43.598,9.695,-107.073,2,90
0.5527,0.4639,-0.3340,46.829,10.549,-107.744,2,90
0.5513,0.4780,-0.3706,50.488,11.159,-108.354,2,90
0.5454,0.4888,-0.4019,53.293,12.439,-108.902,2,90
0.5493,0.5063,-0.4155,55.732,13.780,-109.512,2,90
0.5386,0.5156,-0.4370,57.683,15.732,-109.817,2,90
0.5449,0.5215,-0.4429,59.817,18.110,-110.549,2,90
0.5483,0.5371,-0.4585,61.402,20.671,-110.549,2,90
-0.2603,-1.3784,-0.5859,16.646,-95.183,-270.061,1,90
-0.2480,-1.3862,-0.6040,17.988,-96.159,-272.561,1,90
-0.2397,-1.3872,-0.6313,18.963,-96.585,-275.122,1,90
-0.2339,-1.3828,-0.6406,20.183,-97.195,-277.744,1,90
-0.2310,-1.3765,-0.6509,21.037,-97.744,-280.000,1,90
-0.2212,-1.3701,-0.6665,22.195,-98.293,-282.256,1,90
-0.2183,-1.3721,-0.6802,22.744,-98.720,-284.268,1,90
-0.2139,-1.3496,-0.6841,23.354,-99.268,-286.037,1,90
0.5537,0.5508,-0.4526,63.476,23.293,-111.037,2,90
0.5771,0.5601,-0.4697,66.159,25.793,-110.793,2,90
0.5889,0.5767,-0.4824,68.963,28.841,-110.793,2,90
0.6074,0.5869,-0.4834,71.646,31.829,-110.305,2,90
0.6436,0.6040,-0.4741,74.512,34.878,-109.756,2,90
0.6494,0.6108,-0.4551,76.646,37.439,-109.207,2,90
0.6641,0.6152,-0.4370,78.598,39.878,-108.354,2,90
0.6851,0.6245,-0.4390,81.341,41.524,-107.500,2,90
-0.2070,-1.3472,-0.6914,23.841,-99.573,-288.049,1,90
-0.2031,-1.3340,-0.6909,24.451,-100.488,-289.756,1,90
-0.1934,-1.3169,-0.7017,24.634,-101.220,-291.585,1,90
-0.1802,-1.3052,-0.7100,24.634,-102.012,-292.927,1,90
-0.1714,-1.2964,-0.7217,24.085,-103.293,-294.451,1,90
-0.1621,-1.2935,-0.7432,22.927,-104.573,-295.610,1,90
-0.1611,-1.2969,-0.7573,21.951,-105.122,-296.768,1,90
-0.1489,-1.2944,-0.7734,20.854,-105.976,-297.744,1,90
0.6997,0.6250,-0.4316,83.720,43.415,-106.585,2,90
0.7085,0.6299,-0.4180,87.012,44.512,-105.488,2,90
0.7271,0.6377,-0.4165,89.695,45.488,-104.207,2,90
0.7358,0.6323,-0.4092,93.293,46.646,-103.049,2,90
0.7466,0.6357,-0.4146,95.854,46.951,-101.707,2,90
0.7510,0.6348,-0.4077,98.293,47.378,-100.427,2,90
0.7588,0.6348,-0.4082,100.976,47.988,-98.902,2,90
0.7612,0.6230,-0.4033,102.744,47.988,-97.561,2,90
-0.1504,-1.3008,-0.7905,19.512,-106.829,-298.780,1,90
-0.1416,-1.3047,-0.8027,19.085,-107.744,-299.817,1,90
-0.1426,-1.3154,-0.8164,18.171,-108.049,-300.549,1,90
-0.1436,-1.3267,-0.8315,17.195,-108.415,-301.768,1,90
-0.1484,-1.3301,-0.8423,16.280,-108.841,-302.683,1,90
-0.1597,-1.3311,-0.8657,15.305,-109.085,-303.659,1,90
-0.1626,-1.3286,-0.8799,14.085,-110.000,-304.817,1,90
-0.1670,-1.3320,-0.9082,12.622,-110.915,-305.732,1,90
0.7568,0.6265,-0.4072,104.085,48.110,-96.159,2,90
0.7568,0.6133,-0.4072,105.854,48.354,-94.817,2,90
0.7598,0.6138,-0.4121,106.829,47.866,-93.598,2,90
0.7466,0.6016,-0.4165,108.537,47.805,-92.012,2,90
0.7407,0.6025,-0.4233,110.549,47.988,-90.976,2,90
0.7378,0.6035,-0.4487,112.134,48.415,-89.329,2,90
0.7388,0.6016,-0.4546,113.354,48.780,-88.049,2,90
0.7329,0.5996,-0.4688,114.024,48.902,-86.585,2,90
-0.1768,-1.3330,-0.9365,10.183,-111.829,-307.317,1,90
-0.1787,-1.3335,-0.9521,9.451,-111.707,-307.622,1,90
-0.1924,-1.3262,-0.9897,7.195,-112.073,-308.841,1,90
-0.1929,-1.3296,-1.0137,5.671,-112.378,-309.878,1,90
-0.2080,-1.3252,-1.0405,3.902,-112.744,-310.366,1,90
-0.2183,-1.3188,-1.0576,2.317,-113.171,-310.915,1,90
-0.2261,-1.3169,-1.0898,-0.061,-113.110,-311.646,1,90
-0.2383,-1.3022,-1.1191,-2.805,-112.927,-311.951,1,90
0.7393,0.6069,-0.4702,114.329,49.451,-85.183,2,90
0.7378,0.6040,-0.4780,115.122,49.695,-83.476,2,90
0.7437,0.6074,-0.4839,115.976,49.695,-81.707,2,90
0.7515,0.6055,-0.4873,116.220,49.390,-79.695,2,90
0.7524,0.6143,-0.4912,117.439,49.390,-77.805,2,90
0.7622,0.6118,-0.4854,118.232,49.268,-75.732,2,90
0.7734,0.6201,-0.4829,118.415,48.476,-73.720,2,90
0.7788,0.6089,-0.4844,118.902,47.988,-71.463,2,90
-0.2583,-1.3047,-1.1606,-5.854,-112.744,-312.012,1,90
-0.2847,-1.2935,-1.1831,-9.024,-112.012,-312.012,1,90
-0.2993,-1.2920,-1.2275,-12.256,-111.220,-311.768,1,90
-0.3179,-1.2915,-1.2583,-16.037,-110.244,-311.220,1,90
-0.3477,-1.2793,-1.2905,-19.939,-109.207,-310.427,1,90
-0.3550,-1.2720,-1.3169,-23.232,-107.683,-310.122,1,90
-0.3911,-1.2485,-1.3501,-27.378,-105.976,-309.207,1,90
-0.4087,-1.2231,-1.3828,-31.037,-104.329,-308.293,1,90
0.7827,0.6055,-0.4878,119.451,46.707,-69.024,2,90
0.7891,0.6016,-0.4819,119.939,45.976,-66.829,2,90
0.8047,0.5962,-0.4814,120.793,44.695,-64.390,2,90
0.8203,0.5879,-0.4844,120.915,43.659,-61.585,2,90
0.8276,0.5825,-0.4741,120.854,42.561,-58.963,2,90
0.8418,0.5669,-0.4746,120.732,41.524,-56.159,2,90
0.8569,0.5571,-0.4751,120.427,40.183,-53.354,2,90
0.8774,0.5488,-0.4800,120.427,38.598,-50.854,2,90
-0.5728,-0.2852,-0.6245,-39.329,54.451,108.110,3,41
-0.5068,-0.1182,-0.5957,-31.463,57.561,104.024,3,41
-0.4980,-0.0181,-0.6538,-33.720,53.963,104.268,3,41
-0.5767,0.0791,-0.7007,-27.927,54.573,101.524,3,41
-0.6313,0.2393,-0.6357,-27.683,51.768,98.049,3,41
-0.6040,0.2256,-0.6514,-28.110,48.232,93.537,3,41
-0.5806,0.1914,-0.6436,-28.171,45.427,88.720,3,41
-0.5620,0.1768,-0.5874,-31.707,40.244,85.488,3,41
-0.6294,-0.8457,-1.5063,-74.329,-81.707,-290.915,1,90
-0.6538,-0.8013,-1.5132,-79.146,-78.902,-286.341,1,90
-0.6812,-0.7485,-1.5083,-83.720,-76.037,-281.707,1,90
-0.7075,-0.6904,-1.4932,-89.146,-72.500,-276.341,1,90
-0.7495,-0.6372,-1.4956,-94.085,-68.780,-270.671,1,90
-0.7856,-0.5776,-1.4990,-98.902,-64.512,-263.841,1,90
-0.8325,-0.5146,-1.4761,-102.988,-60.488,-256.463,1,90
-0.8730,-0.4512,-1.4629,-106.829,-55.976,-248.476,1,90
1.1738,0.5747,-0.4883,103.659,31.890,-29.390,2,90
1.2246,0.5879,-0.4927,100.793,31.646,-27.073,2,90
1.2783,0.6069,-0.5137,97.134,31.037,-25.061,2,90
1.3276,0.6138,-0.5239,93.537,30.183,-23.171,2,90
1.3750,0.6230,-0.5381,89.146,29.390,-21.524,2,90
1.4116,0.6323,-0.5459,84.695,28.049,-19.268,2,90
1.4541,0.6284,-0.5703,80.488,26.768,-17.195,2,90
1.4995,0.6318,-0.5977,76.829,25.366,-15.183,2,90
-1.0820,-0.1899,-0.2817,-13.537,20.366,68.780,3,41
-1.1104,-0.1606,-0.2476,-13.110,20.244,68.841,3,41
-1.1685,-0.0928,-0.1724,-11.829,20.427,69.207,3,41
-1.1948,-0.0508,-0.1563,-10.793,20.305,68.598,3,41
-1.1377,-0.0400,-0.2031,-9.085,20.244,66.707,3,41
-1.0444,-0.0581,-0.2803,-6.098,21.220,65.244,3,41
-0.9297,-0.0615,-0.3447,-3.110,22.134,63.110,3,41
-0.8223,-0.0278,-0.3750,-0.610,22.988,60.854,3,41
-1.6411,0.4082,-1.2573,-140.610,-10.610,-122.988,1,90
-1.7861,0.5127,-1.2271,-143.049,-4.268,-105.000,1,90
-1.9414,0.6401,-1.1963,-145.610,3.232,-86.463,1,90
-2.1030,0.7676,-1.1763,-147.988,10.976,-69.146,1,90
-2.2739,0.9043,-1.1406,-150.244,20.244,-52.622,1,90
-2.4214,1.0273,-1.0991,-151.159,29.695,-38.232,1,90
-2.5537,1.1724,-1.0454,-151.220,40.427,-25.183,1,90
-2.6563,1.3354,-0.9868,-152.439,50.732,-14.695,1,90
1.8101,0.5229,-0.9243,55.244,25.854,1.220,2,90
1.8164,0.4922,-0.9746,52.439,27.622,4.329,2,90
1.8188,0.4893,-0.9810,51.463,28.171,5.183,2,90
1.8198,0.4785,-1.0010,49.024,29.329,6.646,2,90
1.8213,0.4648,-1.0273,46.524,30.793,8.598,2,90
1.8110,0.4438,-1.0371,43.110,31.098,10.427,2,90
1.8042,0.4282,-1.0498,39.573,32.256,12.317,2,90
1.7744,0.4048,-1.0396,35.000,32.988,14.146,2,90
-0.9575,0.0381,-0.3389,27.256,32.256,26.646,3,41
-1.0127,0.1030,-0.2686,24.146,30.976,22.805,3,41
-1.0923,0.1724,-0.1865,20.183,29.207,17.866,3,41
-1.1406,0.2393,-0.1377,17.439,27.134,12.744,3,41
-1.1538,0.2944,-0.1113,15.976,26.402,7.256,3,41
-1.1479,0.3423,-0.1104,16.768,25.915,1.341,3,41
-1.1489,0.3931,-0.1680,18.841,25.671,-4.817,3,41
-1.1431,0.4189,-0.2051,22.378,26.463,-11.220,3,41
-2.6758,2.2227,-0.7954,-139.634,69.756,60.366,1,90
-2.6816,2.2461,-0.7808,-129.390,67.622,73.841,1,90
-2.6890,2.2661,-0.7754,-120.183,65.244,88.537,1,90
-2.7153,2.2495,-0.7754,-111.220,62.683,102.439,1,90
-2.7588,2.2085,-0.7925,-101.341,60.488,116.280,1,90
-2.8110,2.1494,-0.7974,-90.854,57.988,129.390,1,90
-2.8809,2.0171,-0.8047,-70.854,55.610,147.500,1,90
-2.8965,1.9771,-0.8057,-63.232,54.878,153.293,1,90
1.8154,0.1426,-0.9883,-28.780,23.415,53.963,2,90
1.8608,0.1152,-0.9888,-36.341,22.012,59.390,2,90
1.9180,0.0806,-0.9878,-43.841,20.305,64.756,2,90
1.9336,0.0703,-0.9927,-47.561,19.573,67.378,2,90
1.9785,0.0435,-0.9932,-54.878,17.500,72.195,2,90
2.0176,0.0293,-0.9829,-62.500,14.817,76.951,2,90
2.0620,-0.0068,-0.9785,-73.110,10.183,82.805,2,90
2.0791,-0.0181,-0.9800,-80.183,6.707,86.037,2,90
-0.9751,0.0859,-0.2402,14.695,9.573,-60.610,3,41
-0.9619,0.0313,-0.2515,10.427,7.317,-64.573,3,41
-0.9790,0.0220,-0.2280,4.085,4.024,-67.561,3,41
-1.0024,0.0132,-0.2290,-2.988,0.061,-70.915,3,41
-1.0142,-0.0039,-0.2480,-8.720,-3.110,-73.780,3,41
-1.0005,-0.0469,-0.2783,-12.317,-4.756,-76.341,3,41
-0.9917,-0.0864,-0.2861,-15.854,-6.463,-78.232,3,41
-0.9727,-0.1631,-0.3022,-18.598,-7.378,-80.000,3,41
-2.5220,1.2534,-0.4810,72.195,47.988,256.768,1,90
-2.4473,1.2295,-0.4175,82.805,49.024,267.622,1,90
-2.3721,1.2109,-0.3628,91.159,49.878,278.354,1,90
-2.3081,1.2056,-0.3130,98.902,50.732,289.390,1,90
-2.2402,1.2051,-0.2871,104.207,51.159,301.159,1,90
-2.1836,1.2114,-0.2397,108.293,50.366,312.805,1,90
-2.1230,1.2109,-0.2251,110.793,49.085,324.207,1,90
-2.0820,1.2339,-0.1836,111.524,47.683,334.939,1,90
1.9487,0.0532,-0.9561,-118.476,-21.646,96.524,2,90
1.9146,0.0830,-0.9468,-119.207,-23.720,96.098,2,90
1.8784,0.1265,-0.9336,-118.659,-26.037,95.549,2,90
1.8276,0.1719,-0.9312,-116.524,-28.232,95.305,2,90
1.7866,0.2261,-0.9111,-113.780,-29.756,94.817,2,90
1.7378,0.2715,-0.8872,-109.695,-31.585,94.573,2,90
1.6831,0.3179,-0.8726,-106.402,-33.415,94.512,2,90
1.6318,0.3574,-0.8442,-101.768,-35.488,95.244,2,90
-0.8877,-0.2695,-0.4194,-55.183,-28.110,-84.268,3,41
-0.8784,-0.2578,-0.4399,-56.951,-30.122,-84.756,3,41
-0.8633,-0.2358,-0.4438,-57.805,-31.768,-85.183,3,41
-0.8516,-0.2236,-0.4624,-57.683,-33.415,-85.427,3,41
-0.8535,-0.2188,-0.4785,-58.171,-35.427,-85.732,3,41
-0.8726,-0.2275,-0.4912,-58.049,-37.317,-85.610,3,41
-0.8770,-0.2544,-0.4980,-57.866,-39.451,-85.488,3,41
-0.8779,-0.2598,-0.5015,-58.171,-42.073,-85.671,3,41
-3.7744,-0.1406,0.0625,-130.610,254.329,20.610,4,41
-2.6563,-0.1484,0.5620,-133.415,270.366,-5.610,4,41
-3.0991,-0.5210,0.7197,-120.427,234.695,-18.049,4,41
-2.8525,-0.8711,0.7744,-107.866,210.732,-27.927,4,41
-5.0679,-1.4194,0.7222,-86.159,170.610,-33.049,4,41
-5.1704,-1.7144,0.1235,-69.451,159.451,-60.732,4,41
-4.6855,-1.7236,0.4351,-63.841,180.976,-95.244,4,41
-4.5947,-1.7769,0.5127,-46.890,160.000,-121.646,4,41
-0.8643,-0.2788,-0.4985,-58.659,-44.573,-85.549,3,41
-0.8462,-0.3032,-0.5044,-59.512,-47.622,-85.183,3,41
-0.8330,-0.3125,-0.5078,-60.549,-50.610,-85.000,3,41
-0.8281,-0.3105,-0.4937,-61.280,-52.866,-83.659,3,41
-0.8228,-0.2910,-0.4795,-61.159,-55.122,-82.683,3,41
-0.8286,-0.2764,-0.4648,-60.854,-57.805,-81.829,3,41
-0.8369,-0.2598,-0.4678,-60.915,-59.939,-80.732,3,41
-0.8433,-0.2349,-0.4697,-60.000,-62.439,-79.573,3,41
-1.6963,0.0513,0.0723,102.927,20.671,448.354,1,90
-1.7109,-0.0859,0.0859,102.683,19.817,450.976,1,90
-1.7275,-0.2446,0.1240,102.805,19.756,452.744,1,90
-1.7402,-0.4116,0.1621,102.805,19.024,453.720,1,90
-1.7607,-0.5854,0.2129,102.561,18.110,454.146,1,90
-1.7939,-0.7705,0.2798,101.707,16.890,453.476,1,90
-1.8218,-0.9673,0.3384,98.963,15.732,451.829,1,90
-1.8730,-1.1768,0.3853,95.854,15.549,448.598,1,90
1.0923,0.1636,-0.3979,-44.085,-54.207,134.634,2,90
1.0703,0.1431,-0.3540,-43.476,-53.598,136.098,2,90
1.0420,0.1064,-0.3345,-43.049,-53.049,137.134,2,90
1.0249,0.0815,-0.3062,-42.866,-52.805,138.415,2,90
0.9956,0.0605,-0.2759,-42.378,-51.646,138.902,2,90
0.9678,0.0396,-0.2529,-42.622,-51.037,139.390,2,90
0.9312,0.0308,-0.2358,-43.171,-50.000,139.390,2,90
0.8857,0.0313,-0.1958,-44.024,-49.146,138.963,2,90
-0.8828,-0.2637,-0.3740,-44.695,-70.671,-66.159,3,41
-0.8901,-0.2705,-0.3843,-41.159,-70.427,-65.183,3,41
-0.8955,-0.2822,-0.3809,-38.415,-69.939,-64.390,3,41
-0.9004,-0.2939,-0.3721,-35.610,-69.512,-63.293,3,41
-0.9043,-0.3003,-0.3438,-33.110,-68.720,-62.317,3,41
-0.8984,-0.2979,-0.3159,-30.366,-68.110,-61.280,3,41
-0.8877,-0.2700,-0.2769,-28.659,-67.866,-59.878,3,41
-0.8843,-0.2378,-0.2461,-28.415,-68.171,-58.902,3,41
-1.8447,-2.0156,0.3853,12.195,58.841,397.134,1,90
-1.7676,-1.9712,0.3794,-2.439,58.598,398.537,1,90
-1.6758,-1.9204,0.3574,-18.171,55.549,402.744,1,90
-1.5967,-1.8833,0.3086,-34.268,49.695,409.024,1,90
-1.5166,-1.8545,0.2349,-50.366,42.134,415.671,1,90
-1.4473,-1.8359,0.1548,-64.939,32.439,423.293,1,90
-1.3945,-1.8184,0.0811,-77.378,22.744,431.220,1,90
-1.3730,-1.8120,0.0132,-86.280,12.988,439.146,1,90
0.4854,0.0591,0.0137,-64.390,-50.915,131.220,2,90
0.4629,0.0718,0.0073,-66.829,-50.793,130.915,2,90
0.4316,0.0752,0.0093,-69.268,-51.585,130.793,2,90
0.4063,0.0840,-0.0103,-70.915,-51.768,130.427,2,90
0.3813,0.0938,-0.0239,-71.280,-51.524,130.488,2,90
0.3677,0.1147,-0.0439,-70.488,-51.159,130.793,2,90
0.3501,0.1284,-0.0615,-69.390,-50.183,131.037,2,90
0.3252,0.1475,-0.0703,-68.232,-49.146,131.220,2,90
-0.8296,-0.3164,-0.3687,-3.110,-63.963,-49.939,3,41
-0.8369,-0.3257,-0.3442,1.829,-62.012,-48.354,3,41
-0.8408,-0.3403,-0.3203,4.939,-60.915,-45.732,3,41
-0.8555,-0.3540,-0.2979,8.415,-59.329,-43.841,3,41
-0.8765,-0.3638,-0.2651,11.951,-57.378,-41.280,3,41
-0.8921,-0.3701,-0.2324,15.671,-55.427,-38.537,3,41
-0.8857,-0.3706,-0.2134,18.354,-54.085,-35.549,3,41
-0.8901,-0.3799,-0.1963,20.366,-52.683,-32.439,3,41
-1.6401,-1.9365,-0.1772,-11.768,-36.098,427.134,1,90
-1.6372,-1.9570,-0.2363,6.402,-33.659,415.854,1,90
-1.6284,-1.9922,-0.2949,24.146,-30.305,404.634,1,90
-1.5996,-2.0303,-0.3315,41.951,-26.280,392.561,1,90
-1.5483,-2.0801,-0.3677,59.329,-22.683,380.915,1,90
-1.4946,-2.1382,-0.4014,74.268,-18.720,369.756,1,90
-1.4146,-2.2241,-0.4146,86.646,-15.000,358.780,1,90
-1.3398,-2.3320,-0.4204,96.159,-11.280,348.963,1,90
0.3599,0.2646,-0.2207,-46.159,-38.598,126.341,2,90
0.3687,0.2695,-0.2344,-40.610,-38.232,125.122,2,90
0.3623,0.2773,-0.2559,-34.695,-38.598,124.085,2,90
0.3574,0.2778,-0.2632,-28.963,-38.963,122.561,2,90
0.3599,0.2910,-0.2905,-22.683,-39.756,121.280,2,90
0.3354,0.2866,-0.2979,-15.976,-40.549,119.817,2,90
0.3213,0.2886,-0.3198,-9.695,-41.707,118.293,2,90
0.2979,0.2876,-0.3428,-2.927,-42.805,116.585,2,90
-1.2451,-2.4546,-0.3936,103.110,-8.537,340.366,1,90
-1.1392,-2.5903,-0.3931,108.293,-6.524,333.049,1,90
-1.0161,-2.7236,-0.3828,110.549,-5.183,326.646,1,90
-0.8862,-2.8687,-0.4102,111.402,-5.183,320.793,1,90
-0.7563,-2.9961,-0.4395,111.037,-5.671,315.976,1,90
-0.6260,-3.1128,-0.4819,109.634,-7.012,311.646,1,90
-0.4976,-3.2090,-0.5181,107.073,-9.512,307.195,1,90
-0.3931,-3.2969,-0.5649,103.598,-12.012,303.415,1,90
0.2681,0.2881,-0.3560,3.415,-43.659,115.244,2,90
0.2432,0.2842,-0.3745,9.512,-44.634,113.780,2,90
0.2129,0.2725,-0.3799,15.854,-45.366,112.195,2,90
0.1958,0.2715,-0.3970,21.220,-45.793,110.793,2,90
0.1611,0.2622,-0.4092,27.012,-46.463,109.329,2,90
0.1348,0.2520,-0.4199,31.159,-46.890,107.744,2,90
0.1084,0.2329,-0.4199,35.549,-47.073,106.098,2,90
0.0923,0.2202,-0.4292,38.720,-47.134,104.451,2,90
-0.2998,-3.3701,-0.5918,100.305,-14.817,299.695,1,90
-0.2183,-3.4077,-0.6479,95.915,-18.232,296.037,1,90
-0.1519,-3.4482,-0.6743,90.610,-20.976,292.134,1,90
-0.0991,-3.4731,-0.7217,84.878,-22.439,287.927,1,90
-0.0513,-3.4858,-0.7676,78.963,-23.963,283.415,1,90
-0.0137,-3.4917,-0.7993,73.171,-24.390,278.293,1,90
0.0244,-3.5005,-0.8496,67.073,-24.634,272.683,1,90
0.0469,-3.4907,-0.8906,61.463,-24.878,266.524,1,90
0.0806,0.1948,-0.4370,42.012,-46.951,102.622,2,90
0.0669,0.1812,-0.4453,45.061,-46.280,101.280,2,90
0.0610,0.1597,-0.4507,47.378,-45.427,99.329,2,90
0.0610,0.1387,-0.4580,49.634,-44.085,97.561,2,90
0.0542,0.1240,-0.4634,51.037,-42.622,95.427,2,90
0.0518,0.1162,-0.4795,52.256,-41.159,93.659,2,90
0.0542,0.1089,-0.4819,53.232,-39.146,91.159,2,90
0.0493,0.1001,-0.4873,52.988,-37.500,88.598,2,90
0.0845,-3.4775,-0.9189,55.854,-24.817,259.756,1,90
0.1035,-3.4502,-0.9448,50.732,-24.817,251.951,1,90
0.1260,-3.4150,-0.9575,46.159,-25.183,244.207,1,90
0.1396,-3.3618,-0.9619,42.927,-25.366,235.854,1,90
0.1582,-3.2915,-0.9570,40.488,-25.976,227.622,1,90
0.1641,-3.2192,-0.9541,39.451,-26.829,219.390,1,90
0.1787,-3.1030,-0.9517,39.817,-27.744,206.890,1,90
0.1807,-3.0356,-0.9478,41.220,-27.744,198.049,1,90
-4.3037,-0.3052,-0.2612,-92.805,-584.512,-324.085,4,41
-4.4155,-0.2349,-0.2656,-104.817,-599.390,-323.293,4,41
-4.4585,-0.2002,-0.2710,-109.085,-602.195,-323.841,4,41
-4.5542,-0.1284,-0.2617,-120.000,-606.646,-326.463,4,41
-4.6445,-0.0801,-0.2637,-133.780,-608.476,-332.622,4,41
-4.7432,-0.0508,-0.2734,-146.524,-608.171,-341.220,4,41
-4.8281,-0.0283,-0.2866,-154.817,-607.073,-350.915,4,41
-4.8989,0.0200,-0.2993,-160.305,-606.037,-361.341,4,41
-0.9604,-0.2861,0.0576,5.000,-20.305,-7.744,3,41
-0.9683,-0.2637,0.0581,1.524,-21.098,-8.049,3,41
-0.9756,-0.2407,0.0356,-4.878,-23.293,-8.841,3,41
-0.9829,-0.2109,0.0327,-13.780,-25.061,-9.817,3,41
-0.9829,-0.1978,0.0313,-20.244,-26.585,-10.488,3,41
-0.9790,-0.1782,0.0356,-26.768,-28.171,-11.707,3,41
-0.9854,-0.1733,0.0552,-33.110,-30.183,-12.195,3,41
-0.9897,-0.1689,0.0459,-39.695,-32.317,-12.622,3,41
-4.9800,0.0669,-0.2905,-163.659,-605.610,-370.366,4,41
-5.0498,0.1284,-0.2969,-165.488,-605.061,-378.659,4,41
-5.1196,0.2070,-0.3062,-166.890,-604.146,-385.610,4,41
-5.1934,0.2954,-0.3291,-167.622,-602.805,-391.159,4,41
-5.2612,0.4292,-0.3535,-168.110,-602.378,-394.634,4,41
-5.3062,0.6074,-0.3457,-168.110,-603.049,-396.707,4,41
-5.3438,0.7998,-0.3530,-169.329,-605.427,-397.195,4,41
-5.3760,1.0239,-0.3647,-170.183,-608.293,-396.280,4,41
-0.9878,-0.1782,0.0547,-46.402,-34.207,-13.293,3,41
-1.0083,-0.1899,0.0356,-52.744,-36.159,-14.024,3,41
-1.0186,-0.2070,0.0059,-57.683,-37.195,-14.756,3,41
-1.0132,-0.2163,-0.0479,-61.159,-37.805,-15.671,3,41
-1.0146,-0.2402,-0.1104,-62.988,-37.622,-17.012,3,41
-1.0039,-0.2656,-0.1655,-62.988,-37.134,-18.415,3,41
-0.9849,-0.2935,-0.2012,-61.159,-36.220,-19.390,3,41
-0.9775,-0.3105,-0.2412,-57.744,-34.512,-19.390,3,41
-5.3989,1.2520,-0.3862,-171.159,-611.707,-394.634,4,41
-5.3770,1.5029,-0.4063,-171.646,-615.793,-391.037,4,41
-5.3081,1.7583,-0.4614,-171.890,-621.098,-385.793,4,41
-5.2070,1.9683,-0.5107,-171.037,-627.256,-378.780,4,41
-5.0830,2.1709,-0.5962,-170.244,-633.171,-372.256,4,41
-4.9160,2.3418,-0.6626,-167.500,-638.476,-364.817,4,41
-4.7378,2.4746,-0.7339,-162.439,-644.512,-356.707,4,41
-4.5781,2.5503,-0.8359,-152.561,-650.366,-347.134,4,41
-0.9697,-0.3301,-0.2573,-53.476,-32.256,-19.390,3,41
-0.9614,-0.3613,-0.2646,-49.024,-30.732,-19.207,3,41
-0.9502,-0.3945,-0.2720,-45.366,-29.085,-18.780,3,41
-0.9517,-0.4248,-0.2607,-41.768,-27.866,-18.354,3,41
-0.9346,-0.4341,-0.2329,-38.232,-26.524,-17.744,3,41
-0.9233,-0.4517,-0.2339,-36.768,-26.280,-17.195,3,41
-0.9380,-0.4673,-0.2061,-35.854,-26.037,-15.793,3,41
-0.9736,-0.4922,-0.3213,-36.707,-25.366,-15.671,3,41
-8.3101,-8.0786,-2.3364,-84.329,-640.427,-422.256,4,41
-7.0059,-16.0000,3.3618,-208.110,-640.976,-613.049,4,41
-10.9302,15.9995,-15.9116,-429.634,-486.524,-385.793,4,41
-5.4375,14.8242,-16.0000,-102.866,-237.805,-81.890,4,41
4.2202,12.1025,-15.5923,-59.695,30.061,-192.927,4,41
-3.7808,15.9995,-8.4990,-1500.488,-103.049,-585.793,4,41
-14.9497,12.7202,-12.2368,-833.537,-16.524,-539.512,4,41
-5.9199,11.3525,-13.2676,-246.098,108.902,-262.195,4,41
-0.9326,-0.5605,-0.1914,-33.415,-24.207,-15.427,3,41
-0.9219,-0.4009,-0.0908,-28.476,-25.305,-15.183,3,41
-0.9395,-0.3682,-0.2124,-33.780,-26.220,-13.232,3,41
-0.9458,-0.4082,-0.2202,-31.037,-25.244,-12.317,3,41
-0.9766,-0.3984,-0.1899,-28.232,-23.841,-12.927,3,41
-0.9863,-0.3784,-0.1777,-26.220,-22.439,-12.927,3,41
-0.9590,-0.3657,-0.1514,-23.780,-22.256,-12.561,3,41
-0.9019,-0.3110,-0.0977,-24.939,-23.598,-12.988,3,41
3.9917,11.1870,-9.3711,51.463,112.561,-39.695,4,41
5.8589,11.2153,-9.3169,-0.549,-16.829,111.890,4,41
5.2207,12.2617,-9.2944,79.573,-159.695,223.659,4,41
4.2441,12.2622,-6.8179,274.024,-146.768,246.890,4,41
3.2983,10.6191,-4.6167,351.402,-119.939,189.146,4,41
3.1143,8.8252,-2.8730,322.744,-130.915,87.561,4,41
3.2012,6.7119,-1.7329,372.927,-114.512,12.561,4,41
2.8896,5.2402,-1.3667,445.061,-88.049,-24.390,4,41
-0.8696,-0.2422,-0.0840,-26.220,-25.122,-12.195,3,41
-0.8701,-0.2061,-0.0933,-27.744,-26.646,-11.037,3,41
-0.8936,-0.1968,-0.1426,-28.780,-27.744,-10.061,3,41
-0.9351,-0.2222,-0.1875,-28.171,-27.134,-9.817,3,41
-0.9634,-0.2524,-0.1929,-25.549,-25.000,-10.366,3,41
-0.9810,-0.2598,-0.1714,-22.378,-22.866,-10.976,3,41
-0.9941,-0.2559,-0.1260,-19.207,-21.341,-11.951,3,41
-1.0039,-0.2378,-0.0923,-16.890,-19.512,-12.500,3,41
1.6714,3.9268,-1.0996,470.732,-103.841,-3.415,4,41
0.5620,3.1255,-1.0493,337.195,-155.793,60.488,4,41
0.0869,2.3110,-1.0913,133.720,-186.220,130.244,4,41
0.0566,1.0264,-1.1943,-61.402,-170.366,183.232,4,41
0.4727,-0.6313,-1.2358,-171.646,-108.780,188.902,4,41
1.5601,-1.5264,-0.9536,-148.476,-40.915,140.732,4,41
3.2109,-1.3037,-0.6064,-48.598,-24.756,65.671,4,41
4.4463,-1.1055,-0.8076,49.146,-26.524,-36.159,4,41
-1.0103,-0.2285,-0.0625,-14.207,-17.622,-12.622,3,41
-1.0269,-0.2217,-0.0327,-11.524,-15.305,-13.232,3,41
-1.0371,-0.2061,-0.0249,-9.451,-13.476,-14.207,3,41
-1.0581,-0.1855,-0.0176,-6.768,-11.646,-15.549,3,41
-1.0645,-0.1797,0.0098,-5.000,-10.000,-17.805,3,41
-1.0679,-0.1577,0.0181,-3.720,-8.110,-19.695,3,41
-1.0835,-0.1523,0.0352,-1.768,-5.854,-22.195,3,41
-1.0815,-0.1387,0.0513,-0.366,-4.085,-24.268,3,41
4.7007,-0.1421,-0.9907,124.329,-49.451,-114.817,4,41
3.9287,1.0400,-1.4150,132.256,-61.341,-158.049,4,41
2.6294,1.8691,-1.7202,125.244,-65.000,-151.220,4,41
2.0425,2.3062,-1.8154,139.878,-64.146,-117.012,4,41
1.2095,2.5498,-1.8032,155.793,-53.841,-72.866,4,41
0.9800,2.5864,-1.7876,157.073,-17.195,-30.061,4,41
0.5410,2.2520,-1.5000,158.598,34.329,8.232,4,41
0.1973,1.7461,-0.9639,187.866,63.659,38.841,4,41
-1.0840,-0.1382,0.0513,1.524,-2.683,-26.159,3,41
-1.0840,-0.1294,0.0474,2.866,-1.220,-27.927,3,41
-1.0693,-0.1260,0.0518,4.085,0.305,-29.817,3,41
-1.0581,-0.1177,0.0493,4.451,1.341,-31.951,3,41
-1.0459,-0.1147,0.0542,4.756,2.500,-33.537,3,41
-1.0376,-0.1216,0.0518,4.817,3.232,-34.878,3,41
-1.0347,-0.1304,0.0571,4.756,4.085,-36.707,3,41
-1.0181,-0.1509,0.0630,4.695,5.061,-37.561,3,41
-0.1958,-1.8618,-0.6338,-34.512,-18.841,-131.707,1,90
-0.2017,-1.8511,-0.6069,-37.927,-18.902,-133.110,1,90
-0.1968,-1.8369,-0.5938,-41.341,-19.146,-134.451,1,90
-0.1943,-1.8311,-0.5840,-44.390,-19.329,-136.037,1,90
-0.1929,-1.8159,-0.5708,-48.963,-19.878,-137.805,1,90
-0.1860,-1.8013,-0.5679,-51.646,-20.732,-139.390,1,90
-0.1860,-1.7778,-0.5625,-54.085,-21.159,-140.915,1,90
-0.1763,-1.7622,-0.5576,-56.220,-22.439,-142.744,1,90
0.5322,0.7290,-0.5835,-94.146,30.244,-22.439,2,90
0.5493,0.7310,-0.5903,-87.378,29.146,-22.988,2,90
0.5479,0.7339,-0.5908,-85.183,28.659,-23.537,2,90
0.5454,0.7368,-0.5806,-80.427,28.110,-23.902,2,90
0.5371,0.7466,-0.5762,-75.793,27.195,-24.390,2,90
0.5234,0.7461,-0.5669,-71.037,27.134,-24.390,2,90
0.5205,0.7510,-0.5610,-66.220,26.829,-24.573,2,90
0.5234,0.7573,-0.5503,-60.366,26.037,-24.390,2,90
-0.1777,-1.7378,-0.5586,-58.415,-22.866,-144.695,1,90
-0.1772,-1.7119,-0.5698,-60.366,-24.024,-146.646,1,90
-0.1802,-1.6831,-0.5713,-61.341,-24.939,-148.841,1,90
-0.1865,-1.6528,-0.5820,-62.500,-26.220,-150.427,1,90
-0.1851,-1.6226,-0.5864,-62.988,-26.707,-152.256,1,90
-0.1909,-1.5967,-0.5908,-63.659,-27.378,-154.329,1,90
-0.1919,-1.5542,-0.5854,-64.207,-27.439,-155.854,1,90
-0.1914,-1.5327,-0.5859,-64.573,-27.927,-158.049,1,90
0.5112,0.7544,-0.5410,-55.183,25.610,-24.390,2,90
0.5010,0.7568,-0.5303,-46.402,24.146,-24.146,2,90
0.4956,0.7534,-0.5244,-43.841,23.780,-23.963,2,90
0.4961,0.7495,-0.5088,-38.110,22.683,-23.841,2,90
0.4888,0.7354,-0.4956,-32.500,21.646,-23.598,2,90
0.4878,0.7314,-0.4976,-26.585,20.305,-23.110,2,90
0.4883,0.7144,-0.4897,-20.732,18.902,-22.744,2,90
0.4849,0.6978,-0.4839,-14.390,18.049,-22.561,2,90
-0.2046,-1.5063,-0.5757,-64.817,-28.841,-159.695,1,90
-0.2104,-1.4819,-0.5723,-65.366,-29.085,-161.585,1,90
-0.2070,-1.4546,-0.5620,-66.585,-28.963,-163.293,1,90
-0.2119,-1.4370,-0.5498,-67.195,-28.720,-165.305,1,90
-0.2158,-1.4209,-0.5313,-67.866,-28.110,-167.195,1,90
-0.2197,-1.4092,-0.5278,-68.720,-27.988,-169.024,1,90
-0.2236,-1.3950,-0.5127,-69.024,-28.049,-170.671,1,90
-0.2217,-1.3740,-0.5059,-70.183,-27.561,-172.500,1,90
0.4746,0.6748,-0.4766,-9.207,17.134,-22.622,2,90
0.4702,0.6611,-0.4673,-4.390,15.854,-22.805,2,90
0.4585,0.6201,-0.4517,2.683,14.268,-22.927,2,90
0.4585,0.6079,-0.4473,4.817,13.598,-23.293,2,90
0.4463,0.5747,-0.4521,9.634,12.561,-23.963,2,90
0.4297,0.5493,-0.4492,14.085,11.585,-24.573,2,90
0.4258,0.5210,-0.4404,17.988,10.915,-25.305,2,90
0.4116,0.4932,-0.4390,21.463,10.061,-26.220,2,90
-0.2212,-1.3667,-0.4912,-70.915,-27.439,-174.512,1,90
-0.2207,-1.3711,-0.4692,-72.927,-26.951,-176.463,1,90
-0.2202,-1.3735,-0.4404,-74.146,-26.524,-177.988,1,90
-0.2280,-1.3877,-0.4248,-75.854,-26.220,-179.695,1,90
-0.2285,-1.4009,-0.4048,-77.744,-26.220,-181.159,1,90
-0.2246,-1.4150,-0.3975,-79.268,-26.402,-182.500,1,90
-0.2373,-1.4375,-0.3799,-81.220,-26.585,-184.390,1,90
-0.2427,-1.4541,-0.3628,-83.598,-26.707,-185.549,1,90
0.3965,0.4512,-0.4307,25.671,9.207,-27.805,2,90
0.3872,0.4419,-0.4233,26.585,8.780,-28.415,2,90
0.3740,0.3911,-0.4102,29.817,7.744,-29.878,2,90
0.3755,0.3794,-0.4082,30.488,7.378,-30.366,2,90
0.3652,0.3491,-0.4004,32.195,6.220,-31.524,2,90
0.3608,0.3159,-0.3950,33.110,5.427,-32.927,2,90
0.3394,0.2832,-0.3916,34.268,4.634,-34.634,2,90
0.3379,0.2573,-0.3789,34.512,4.024,-35.793,2,90
-0.2495,-1.4790,-0.3540,-85.488,-26.829,-187.256,1,90
-0.2720,-1.4922,-0.3359,-87.561,-27.500,-189.085,1,90
-0.2881,-1.5171,-0.3232,-88.963,-27.866,-191.037,1,90
-0.3018,-1.5127,-0.3218,-90.671,-28.171,-193.232,1,90
-0.3291,-1.5200,-0.3018,-93.902,-29.085,-196.463,1,90
-0.3413,-1.5356,-0.2910,-95.671,-28.963,-198.476,1,90
-0.3628,-1.5410,-0.2891,-97.866,-28.902,-201.098,1,90
-0.3813,-1.5488,-0.2676,-99.878,-28.902,-203.110,1,90
0.3237,0.2363,-0.3726,33.902,3.415,-37.012,2,90
0.3247,0.2061,-0.3584,32.256,2.866,-38.354,2,90
0.3208,0.1787,-0.3555,30.305,1.951,-39.634,2,90
0.3125,0.1514,-0.3521,28.110,1.280,-41.159,2,90
0.3105,0.1152,-0.3413,25.732,0.488,-42.439,2,90
0.3052,0.0981,-0.3389,23.537,-0.183,-43.293,2,90
0.3066,0.0640,-0.3384,20.915,-0.671,-44.634,2,90
0.2998,0.0483,-0.3369,18.476,-0.793,-45.854,2,90
-0.3989,-1.5542,-0.2578,-101.463,-28.476,-205.366,1,90
-0.4097,-1.5601,-0.2480,-102.683,-27.927,-207.500,1,90
-0.4233,-1.5635,-0.2495,-104.207,-27.988,-209.451,1,90
-0.4302,-1.5669,-0.2427,-105.732,-27.866,-211.829,1,90
-0.4341,-1.5781,-0.2388,-106.829,-28.171,-213.902,1,90
-0.4443,-1.5732,-0.2383,-107.561,-27.866,-215.976,1,90
-0.4497,-1.5757,-0.2397,-107.988,-27.744,-218.354,1,90
-0.4575,-1.5786,-0.2402,-108.049,-27.744,-220.793,1,90
0.2983,0.0254,-0.3330,15.427,-1.220,-47.378,2,90
0.3022,0.0093,-0.3354,12.500,-1.463,-48.902,2,90
0.3037,0.0000,-0.3247,9.268,-1.402,-50.488,2,90
0.3037,-0.0127,-0.3315,6.524,-1.220,-52.378,2,90
0.3022,-0.0146,-0.3296,3.049,-1.098,-54.207,2,90
0.3110,-0.0186,-0.3354,-0.427,-0.976,-56.646,2,90
0.3018,-0.0137,-0.3335,-3.720,-0.366,-58.293,2,90
0.3135,-0.0195,-0.3301,-7.378,0.122,-60.305,2,90
-0.4697,-1.5693,-0.2524,-107.439,-27.866,-223.171,1,90
-0.4805,-1.5630,-0.2607,-106.402,-27.195,-225.488,1,90
-0.4893,-1.5669,-0.2651,-105.305,-27.073,-228.049,1,90
-0.5010,-1.5605,-0.2793,-102.988,-26.951,-230.854,1,90
-0.5073,-1.5566,-0.2905,-100.976,-26.707,-233.049,1,90
-0.5156,-1.5601,-0.2915,-97.927,-26.768,-235.671,1,90
-0.5215,-1.5547,-0.2915,-95.488,-26.280,-238.415,1,90
-0.5337,-1.5659,-0.3008,-92.866,-25.732,-241.159,1,90
0.3071,-0.0093,-0.3315,-11.341,0.061,-62.256,2,90
0.3120,-0.0112,-0.3345,-15.366,0.061,-64.024,2,90
0.3184,-0.0107,-0.3442,-19.085,0.000,-65.366,2,90
0.3188,-0.0181,-0.3384,-22.256,-0.183,-67.073,2,90
0.3198,-0.0205,-0.3413,-25.183,-0.366,-68.354,2,90
0.3271,-0.0132,-0.3477,-27.622,-0.549,-69.878,2,90
0.3301,-0.0166,-0.3452,-29.817,-1.037,-71.707,2,90
0.3306,-0.0112,-0.3428,-31.707,-1.159,-73.598,2,90
-0.5435,-1.5762,-0.2939,-90.122,-24.817,-243.902,1,90
-0.5488,-1.5811,-0.2935,-87.561,-24.573,-246.646,1,90
-0.5645,-1.5850,-0.2788,-85.305,-23.963,-249.268,1,90
-0.5791,-1.5933,-0.2720,-83.476,-23.293,-252.317,1,90
-0.5923,-1.5986,-0.2642,-81.463,-22.744,-254.817,1,90
-0.5991,-1.5977,-0.2554,-79.024,-22.500,-257.500,1,90
-0.6079,-1.5928,-0.2314,-77.866,-22.378,-260.000,1,90
-0.6147,-1.5913,-0.2344,-76.098,-22.805,-262.744,1,90
0.3335,-0.0068,-0.3291,-34.024,-1.341,-75.610,2,90
0.3369,-0.0034,-0.3306,-36.159,-1.585,-77.805,2,90
0.3335,0.0015,-0.3257,-38.293,-1.829,-80.061,2,90
0.3330,0.0107,-0.3242,-39.695,-2.134,-82.012,2,90
0.3340,0.0127,-0.3413,-40.122,-2.500,-83.902,2,90
0.3442,0.0161,-0.3564,-39.329,-3.110,-85.732,2,90
0.3374,0.0137,-0.3843,-37.561,-3.780,-86.707,2,90
0.3354,0.0146,-0.4087,-35.427,-4.207,-88.293,2,90
-0.9126,-0.4282,-0.1953,47.134,46.951,26.280,3,41
-0.9199,-0.4312,-0.1909,47.805,47.683,26.280,3,41
-0.9111,-0.4429,-0.1924,48.354,47.988,26.768,3,41
-0.9038,-0.4619,-0.1875,47.378,47.866,26.768,3,41
-0.8853,-0.4624,-0.1904,46.951,47.134,26.707,3,41
-0.8721,-0.4326,-0.1880,45.427,45.854,26.951,3,41
-0.8706,-0.4111,-0.2183,42.866,43.780,27.134,3,41
-0.8770,-0.3765,-0.2271,40.000,41.585,27.744,3,41
-0.5967,-1.4951,-0.2061,-50.671,-27.256,-294.512,1,90
-0.5889,-1.4775,-0.2061,-46.951,-28.171,-298.171,1,90
-0.5732,-1.4561,-0.1992,-43.476,-29.085,-302.012,1,90
-0.5659,-1.4414,-0.1797,-39.329,-29.939,-305.305,1,90
-0.5449,-1.4238,-0.1909,-35.610,-31.159,-308.537,1,90
-0.5386,-1.4219,-0.1782,-31.707,-32.622,-311.951,1,90
-0.5186,-1.4082,-0.1797,-27.927,-33.902,-314.634,1,90
-0.5015,-1.3975,-0.1704,-24.878,-35.122,-317.744,1,90
0.4302,0.0850,-0.5137,-20.427,1.890,-101.098,2,90
0.4595,0.0972,-0.5132,-19.024,3.415,-102.378,2,90
0.4829,0.1011,-0.5078,-17.805,5.305,-103.476,2,90
0.5239,0.1226,-0.5029,-16.098,7.073,-104.390,2,90
0.5762,0.1387,-0.4956,-14.329,9.939,-105.122,2,90
0.6206,0.1514,-0.4971,-12.988,12.988,-105.366,2,90
0.6587,0.1724,-0.4824,-11.098,15.793,-105.305,2,90
0.7104,0.1934,-0.4771,-9.268,18.841,-105.061,2,90
-0.4819,-1.3999,-0.1680,-21.890,-36.585,-320.488,1,90
-0.4663,-1.4033,-0.1572,-18.841,-37.683,-322.866,1,90
-0.4458,-1.4155,-0.1372,-16.341,-39.146,-325.427,1,90
-0.4395,-1.4229,-0.1382,-13.598,-41.341,-328.049,1,90
-0.4297,-1.4355,-0.1309,-11.341,-43.293,-330.305,1,90
-0.4194,-1.4429,-0.1265,-8.293,-45.732,-332.439,1,90
-0.4150,-1.4438,-0.1245,-5.793,-48.232,-334.390,1,90
-0.4092,-1.4531,-0.1260,-3.415,-50.976,-336.585,1,90
0.7676,0.2041,-0.4639,-6.951,20.854,-104.695,2,90
0.8154,0.2197,-0.4624,-4.634,22.866,-103.902,2,90
0.8770,0.2344,-0.4492,-1.524,24.878,-103.110,2,90
0.9307,0.2417,-0.4688,2.012,26.585,-101.890,2,90
0.9756,0.2554,-0.4653,6.463,27.683,-100.366,2,90
1.0186,0.2642,-0.4678,11.951,28.841,-98.963,2,90
1.0430,0.2778,-0.4863,18.110,30.061,-97.744,2,90
1.0703,0.2852,-0.4922,24.756,30.610,-96.646,2,90
-0.4058,-1.4595,-0.1401,-1.463,-53.902,-338.780,1,90
-0.4126,-1.4673,-0.1445,0.793,-56.646,-340.488,1,90
-0.4175,-1.4722,-0.1567,2.134,-59.817,-342.378,1,90
-0.4053,-1.4888,-0.1655,3.902,-62.927,-344.512,1,90
-0.4185,-1.5093,-0.1753,5.244,-65.915,-346.159,1,90
-0.4189,-1.5171,-0.1743,5.732,-68.293,-348.110,1,90
-0.4307,-1.5298,-0.1870,6.646,-70.976,-350.244,1,90
-0.4385,-1.5239,-0.1851,6.585,-73.415,-352.012,1,90
1.0835,0.2959,-0.4951,31.524,31.220,-95.549,2,90
1.0840,0.3022,-0.4995,38.476,31.707,-95.305,2,90
1.0874,0.3037,-0.5063,45.366,31.829,-95.122,2,90
1.0850,0.3218,-0.5151,52.378,31.890,-95.427,2,90
1.0713,0.3242,-0.5249,59.268,32.378,-96.402,2,90
1.0625,0.3345,-0.5225,65.488,33.171,-97.439,2,90
1.0586,0.3535,-0.5264,71.341,34.390,-99.024,2,90
1.0415,0.3721,-0.5381,76.159,35.732,-100.488,2,90
-0.4409,-1.5234,-0.2065,6.829,-76.402,-353.963,1,90
-0.4414,-1.5132,-0.2285,7.195,-79.207,-356.098,1,90
-0.4458,-1.4932,-0.2646,6.707,-82.622,-357.683,1,90
-0.4443,-1.4648,-0.2891,6.707,-86.951,-360.427,1,90
-0.4526,-1.4404,-0.3052,6.524,-89.390,-361.951,1,90
-0.4614,-1.4209,-0.3281,7.195,-92.012,-363.232,1,90
-0.4551,-1.3950,-0.3394,7.195,-94.512,-364.634,1,90
-0.4521,-1.3726,-0.3584,7.805,-96.585,-365.976,1,90
1.0386,0.3877,-0.5210,79.024,37.622,-102.012,2,90
1.0283,0.4160,-0.5156,80.549,39.390,-103.598,2,90
1.0317,0.4385,-0.5195,80.976,42.012,-104.024,2,90
1.0254,0.4663,-0.5098,80.793,44.085,-104.512,2,90
1.0278,0.4902,-0.4956,79.390,46.829,-103.720,2,90
1.0342,0.5122,-0.4990,77.317,49.329,-102.195,2,90
1.0444,0.5405,-0.4917,74.512,51.768,-100.305,2,90
1.0591,0.5557,-0.4932,71.768,54.390,-97.073,2,90
-0.4517,-1.3633,-0.3677,8.537,-98.902,-367.012,1,90
-0.4512,-1.3433,-0.3872,8.598,-101.159,-368.110,1,90
-0.4463,-1.3306,-0.3989,9.146,-103.049,-369.207,1,90
-0.4473,-1.3193,-0.4097,10.061,-105.305,-369.695,1,90
-0.4419,-1.3110,-0.4189,10.854,-107.378,-370.671,1,90
-0.4473,-1.2993,-0.4282,11.220,-109.756,-371.402,1,90
-0.4531,-1.2783,-0.4326,11.951,-112.012,-372.378,1,90
-0.4614,-1.2734,-0.4448,12.439,-114.329,-373.110,1,90
1.0703,0.5684,-0.4795,68.415,56.402,-93.598,2,90
1.0894,0.5762,-0.4976,65.366,58.232,-89.634,2,90
1.1152,0.5801,-0.5063,62.622,59.329,-85.488,2,90
1.1299,0.5664,-0.5269,60.366,61.037,-80.976,2,90
1.1440,0.5664,-0.5400,58.232,61.707,-77.012,2,90
1.1602,0.5522,-0.5742,57.317,62.134,-72.866,2,90
1.1709,0.5254,-0.5996,56.890,63.720,-68.780,2,90
1.1743,0.5034,-0.6343,57.134,64.329,-65.549,2,90
-0.4683,-1.2480,-0.4482,13.110,-116.220,-373.902,1,90
-0.4800,-1.2417,-0.4502,13.537,-118.232,-374.512,1,90
-0.4941,-1.2256,-0.4644,13.841,-120.671,-375.061,1,90
-0.4995,-1.2144,-0.4756,14.146,-122.439,-375.549,1,90
-0.5127,-1.2041,-0.4702,14.817,-124.268,-375.610,1,90
-0.5269,-1.2012,-0.4702,14.695,-126.037,-376.159,1,90
-0.5322,-1.2041,-0.4741,15.183,-128.171,-376.220,1,90
-0.5439,-1.1978,-0.4780,15.000,-129.878,-376.159,1,90
1.1724,0.4893,-0.6616,58.293,65.183,-62.317,2,90
1.1631,0.4712,-0.6807,59.756,65.854,-59.390,2,90
1.1592,0.4561,-0.7129,61.768,66.951,-56.585,2,90
1.1519,0.4395,-0.7461,64.146,68.232,-54.024,2,90
1.1406,0.4253,-0.7661,67.195,68.902,-51.463,2,90
1.1309,0.4180,-0.7710,70.427,70.366,-49.024,2,90
1.1050,0.4106,-0.7856,73.780,71.220,-46.585,2,90
1.0874,0.4009,-0.7759,77.500,72.195,-44.512,2,90
-0.5566,-1.2007,-0.4829,14.573,-132.073,-376.280,1,90
-0.5640,-1.1953,-0.5088,13.354,-134.146,-376.341,1,90
-0.5688,-1.1890,-0.5264,12.134,-136.585,-375.976,1,90
-0.5757,-1.1880,-0.5518,9.939,-139.146,-376.159,1,90
-0.5952,-1.1953,-0.5723,7.805,-141.280,-375.549,1,90
-0.5972,-1.1909,-0.5918,5.366,-143.598,-375.488,1,90
-0.6118,-1.1895,-0.6035,2.744,-146.159,-374.817,1,90
-0.6304,-1.1929,-0.6187,-0.366,-147.866,-374.390,1,90
1.0776,0.3926,-0.7700,81.220,72.927,-41.646,2,90
1.0654,0.3936,-0.7515,84.939,73.171,-39.695,2,90
1.0518,0.3945,-0.7422,89.146,73.171,-37.195,2,90
1.0415,0.3950,-0.7275,92.988,72.927,-34.695,2,90
1.0244,0.4155,-0.7075,96.890,72.500,-31.646,2,90
1.0098,0.4131,-0.6831,100.488,71.768,-28.780,2,90
0.9873,0.4253,-0.6670,103.537,70.793,-24.817,2,90
0.9775,0.4292,-0.6460,106.524,69.878,-21.037,2,90
-0.9023,-0.2534,-0.6782,50.366,80.671,104.451,3,41
-0.9634,-0.1821,-0.6611,55.366,80.610,104.390,3,41
-0.8667,-0.0981,-0.7100,54.024,76.829,102.866,3,41
-0.6836,-0.0879,-0.6172,48.476,72.744,98.841,3,41
-0.7793,-0.0503,-0.5708,36.707,63.476,98.841,3,41
-0.7251,-0.1011,-0.7046,27.256,58.415,96.707,3,41
-0.6548,-0.0469,-0.4697,21.707,51.341,95.488,3,41
-0.6812,-0.0093,-0.3579,5.610,38.171,96.098,3,41
-0.9185,-0.9561,-0.8096,-48.659,-172.256,-345.793,1,90
-0.9585,-0.9199,-0.7886,-55.549,-175.000,-339.329,1,90
-1.0127,-0.8711,-0.7769,-61.646,-177.683,-332.256,1,90
-1.0659,-0.8286,-0.7637,-67.988,-180.488,-324.451,1,90
-1.1211,-0.7876,-0.7642,-74.634,-183.780,-316.951,1,90
-1.1699,-0.7456,-0.7603,-81.524,-186.768,-308.720,1,90
-1.2329,-0.7012,-0.7617,-87.805,-189.573,-300.244,1,90
-1.2905,-0.6436,-0.7715,-94.634,-192.378,-291.951,1,90
0.9443,0.3149,-0.5415,118.110,46.037,14.634,2,90
0.9619,0.2905,-0.5483,117.378,42.744,17.317,2,90
0.9795,0.2759,-0.5664,115.793,39.268,20.305,2,90
1.0020,0.2534,-0.5977,113.049,36.707,22.561,2,90
1.0088,0.2354,-0.6133,109.573,33.902,24.512,2,90
1.0342,0.2178,-0.6362,105.488,31.951,26.098,2,90
1.0557,0.2031,-0.6509,100.793,30.305,27.439,2,90
1.0879,0.1899,-0.6797,94.634,29.268,28.232,2,90
-0.9800,-0.0288,-0.2397,-0.244,27.622,92.927,3,41
-1.0220,0.0908,-0.2324,5.366,29.512,90.915,3,41
-1.0566,0.1616,-0.2969,13.293,31.829,88.171,3,41
-1.0439,0.1831,-0.3745,21.341,35.122,83.720,3,41
-1.0088,0.1758,-0.4526,29.329,37.805,79.146,3,41
-1.0044,0.1411,-0.4824,36.646,39.512,75.854,3,41
-0.9990,0.0547,-0.4624,41.524,41.402,72.317,3,41
-0.9985,-0.0264,-0.3594,43.049,41.951,69.634,3,41
-10.1831,5.0718,-4.2598,-79.756,-105.061,43.415,4,41
-8.9580,1.0645,-1.9927,31.037,-129.268,43.537,4,41
-6.5371,-2.0396,1.1104,87.378,-136.707,18.598,4,41
-2.8584,-3.7847,2.5298,-12.378,-116.890,-53.110,4,41
0.3267,-5.3945,2.5952,-91.037,-103.659,-105.671,4,41
1.6182,-5.3545,2.8145,-107.683,-86.037,-122.561,4,41
0.9292,-3.6421,2.7256,-117.683,-69.939,-111.890,4,41
-0.7959,-1.1816,1.9248,-124.024,-49.939,-75.305,4,41
-1.0005,-0.0723,-0.2324,41.768,42.012,67.378,3,41
-0.9995,-0.0747,-0.1602,37.744,40.366,65.122,3,41
-1.0093,-0.0308,-0.1792,33.720,38.598,62.317,3,41
-1.0439,0.0391,-0.2305,31.890,37.927,59.512,3,41
-1.0928,0.0928,-0.2827,31.890,39.329,55.305,3,41
-1.0869,0.1108,-0.3159,34.695,41.037,50.549,3,41
-1.0571,0.1235,-0.3081,36.707,42.317,45.061,3,41
-1.0527,0.1362,-0.2729,35.793,42.195,39.878,3,41
-1.9351,1.3242,1.9844,-81.707,-17.988,-46.524,4,41
-2.8052,2.5190,2.3091,-37.500,11.890,-23.902,4,41
-3.1548,2.1807,2.0171,-15.061,27.317,0.793,4,41
-3.0859,0.9565,1.8706,3.780,41.646,9.756,4,41
-3.0181,-0.2456,1.8359,6.159,56.402,11.524,4,41
-3.1113,-1.1016,1.7041,-1.890,70.488,10.488,4,41
-3.1104,-1.7515,1.7622,-22.683,77.805,12.622,4,41
-3.2441,-2.1938,1.6880,-53.476,82.683,20.122,4,41
-1.0601,0.1445,-0.2236,33.780,41.159,34.695,3,41
-1.0835,0.1543,-0.1411,30.488,40.610,29.390,3,41
-1.0869,0.1772,-0.0698,25.793,38.841,24.085,3,41
-1.0762,0.2261,-0.0371,21.768,37.622,18.963,3,41
-1.0776,0.2622,-0.0674,20.305,37.073,13.902,3,41
-1.0684,0.2852,-0.1074,20.732,37.134,8.598,3,41
-1.0679,0.2856,-0.1694,21.280,36.951,2.927,3,41
-1.0635,0.2754,-0.2222,21.402,36.585,-3.476,3,41
-3.2495,-2.0313,1.6060,-77.012,86.951,16.463,4,41
-3.3730,-1.3848,1.4473,-88.598,96.341,8.841,4,41
-3.5845,-0.6753,1.3159,-78.476,109.390,4.329,4,41
-3.8179,-0.3770,1.1743,-54.085,125.732,-0.488,4,41
-3.9019,-0.5073,1.0801,-24.512,138.232,-7.073,4,41
-3.8301,-0.8354,1.2134,-4.085,147.378,-14.817,4,41
-3.6016,-1.3081,1.4663,0.732,158.476,-19.634,4,41
-3.3633,-1.8457,1.6636,-5.671,172.683,-20.793,4,41
-1.0454,0.2510,-0.2822,20.732,35.000,-10.427,3,41
-1.0088,0.2109,-0.3159,18.720,32.988,-17.378,3,41
-0.9824,0.1709,-0.3350,16.707,29.939,-23.902,3,41
-0.9424,0.1313,-0.3398,13.110,25.854,-30.793,3,41
-0.9248,0.1196,-0.3267,7.317,20.915,-36.951,3,41
-0.9136,0.1274,-0.3149,-0.061,14.756,-43.293,3,41
-0.9111,0.1411,-0.3179,-7.683,9.390,-49.268,3,41
-0.9263,0.1431,-0.3384,-13.476,4.634,-54.573,3,41
-3.3472,2.8643,-0.8506,-46.280,20.122,196.463,1,90
-3.3271,2.8286,-0.8242,-31.159,24.268,216.463,1,90
-3.3076,2.7808,-0.7847,-16.585,27.988,237.500,1,90
-3.2568,2.7183,-0.7441,-2.378,32.073,258.598,1,90
-3.1943,2.6563,-0.7012,11.341,35.671,280.488,1,90
-3.1265,2.5947,-0.6733,23.537,38.049,302.500,1,90
-3.0688,2.5327,-0.6416,33.780,40.244,325.366,1,90
-3.0132,2.4658,-0.6113,42.317,41.402,347.805,1,90
1.8813,-0.0195,-0.8477,-75.366,-9.573,48.598,2,90
1.9082,-0.0244,-0.8511,-79.634,-14.207,50.366,2,90
1.9229,-0.0229,-0.8428,-83.963,-18.293,51.402,2,90
1.9248,-0.0103,-0.8403,-88.171,-22.622,52.622,2,90
1.9141,0.0103,-0.8379,-92.195,-26.524,53.902,2,90
1.9019,0.0293,-0.8418,-96.463,-30.427,54.756,2,90
1.8647,0.0576,-0.8408,-100.183,-34.207,55.305,2,90
1.8179,0.0957,-0.8374,-103.049,-37.683,55.610,2,90
-2.9658,2.3843,-0.5840,50.183,42.134,370.366,1,90
-2.9375,2.3154,-0.5562,56.159,41.707,393.354,1,90
-2.9116,2.2202,-0.4956,63.841,42.439,415.244,1,90
-2.9116,2.1523,-0.4624,73.110,42.866,436.707,1,90
-2.9194,2.0796,-0.4424,79.817,42.439,456.951,1,90
-2.9297,1.9966,-0.4072,85.854,40.732,476.037,1,90
-2.9556,1.8813,-0.3560,96.402,39.329,502.622,1,90
-2.9580,1.8447,-0.3589,100.427,39.329,510.671,1,90
1.7759,0.1313,-0.8301,-105.366,-41.463,55.488,2,90
1.6802,0.1909,-0.8320,-107.256,-46.646,55.000,2,90
1.6489,0.2026,-0.8335,-107.378,-48.293,54.329,2,90
1.5742,0.2251,-0.8306,-107.317,-51.646,53.171,2,90
1.5044,0.2651,-0.8301,-105.854,-54.817,52.317,2,90
1.4453,0.2939,-0.8071,-103.720,-57.744,51.585,2,90
1.3848,0.3296,-0.8110,-101.037,-60.244,51.159,2,90
1.3262,0.3584,-0.8101,-97.744,-62.195,50.671,2,90
-0.9321,-0.2949,-0.4473,-91.037,-29.939,-94.573,3,41
-0.9165,-0.2744,-0.4458,-92.439,-32.317,-94.207,3,41
-0.8896,-0.2646,-0.4468,-95.183,-35.610,-94.268,3,41
-0.8506,-0.2622,-0.4619,-97.805,-39.085,-93.902,3,41
-0.8101,-0.2720,-0.4932,-100.854,-43.049,-93.110,3,41
-0.7769,-0.2788,-0.5361,-103.659,-47.012,-92.378,3,41
-0.7627,-0.2749,-0.5669,-105.366,-50.671,-90.793,3,41
-0.7505,-0.2681,-0.5781,-106.524,-54.207,-89.512,3,41
-3.0107,1.1069,0.0146,114.268,34.390,621.159,1,90
-3.0146,0.9790,0.0601,116.585,36.098,628.049,1,90
-3.0107,0.8560,0.1050,116.829,37.439,634.512,1,90
-3.0288,0.7368,0.1436,115.915,38.537,640.305,1,90
-3.0337,0.6099,0.1768,113.537,39.512,645.366,1,90
-3.0454,0.4717,0.2124,111.098,40.427,650.183,1,90
-3.0605,0.3442,0.2256,108.659,41.341,654.451,1,90
-3.0781,0.2197,0.2383,106.524,41.524,657.561,1,90
1.0405,0.3062,-0.6147,-73.720,-72.622,69.756,2,90
1.0161,0.2905,-0.5942,-70.366,-72.744,76.768,2,90
0.9683,0.2856,-0.5415,-64.207,-74.817,84.573,2,90
0.9453,0.2754,-0.5239,-61.768,-75.793,86.037,2,90
0.8882,0.2700,-0.4878,-57.439,-78.537,88.171,2,90
0.8320,0.2656,-0.4604,-52.927,-81.951,87.805,2,90
0.7944,0.2539,-0.4263,-49.024,-84.756,85.793,2,90
0.7559,0.2559,-0.3901,-45.244,-86.951,83.354,2,90
-0.8462,-0.2886,-0.3550,-102.317,-74.817,-74.207,3,41
-0.8472,-0.2705,-0.3447,-99.024,-76.037,-72.988,3,41
-0.8501,-0.2520,-0.3555,-97.012,-76.768,-71.829,3,41
-0.8760,-0.2456,-0.3799,-93.902,-77.134,-70.549,3,41
-0.8867,-0.2344,-0.3804,-89.329,-76.951,-69.573,3,41
-0.8965,-0.2261,-0.3672,-85.366,-76.402,-68.293,3,41
-0.8911,-0.2266,-0.3467,-82.134,-76.768,-67.317,3,41
-0.9028,-0.2261,-0.3335,-79.207,-76.646,-66.220,3,41
-3.2563,-1.1177,0.2402,86.646,6.159,643.232,1,90
-3.2817,-1.2441,0.2383,85.366,3.171,637.317,1,90
-3.2871,-1.3535,0.2485,83.963,1.463,630.915,1,90
-3.3003,-1.4380,0.2539,82.988,1.341,624.451,1,90
-3.3105,-1.4985,0.2544,81.951,1.951,618.049,1,90
-3.3154,-1.5337,0.2603,81.280,3.841,613.110,1,90
-3.3325,-1.5547,0.3076,81.829,9.024,609.024,1,90
-3.3423,-1.5522,0.3213,82.744,11.098,608.537,1,90
0.6997,0.0059,-0.0610,-18.902,-85.427,88.841,2,90
0.6807,-0.0063,-0.0537,-13.841,-86.829,90.000,2,90
0.6592,-0.0176,-0.0522,-8.780,-88.415,91.341,2,90
0.6387,-0.0205,-0.0415,-3.841,-89.756,92.134,2,90
0.6104,-0.0195,-0.0571,0.854,-90.915,92.927,2,90
0.5903,-0.0210,-0.0615,5.549,-91.341,93.537,2,90
0.5703,-0.0166,-0.0737,9.390,-91.280,93.476,2,90
0.5449,-0.0063,-0.0840,12.744,-90.732,93.720,2,90
-3.3843,-1.5400,0.3105,84.085,16.280,609.329,1,90
-3.3975,-1.5308,0.2964,82.012,17.988,610.549,1,90
-3.4170,-1.5117,0.2949,76.585,17.500,613.659,1,90
-3.4419,-1.5264,0.2793,69.573,15.671,618.110,1,90
-3.4805,-1.5947,0.2778,60.854,13.902,624.451,1,90
-3.5327,-1.7290,0.2720,53.171,11.159,629.268,1,90
-3.6021,-1.8857,0.3066,45.549,8.720,633.171,1,90
-3.6963,-2.0430,0.3589,38.598,6.524,634.207,1,90
0.5303,0.0010,-0.0957,15.610,-89.390,93.963,2,90
0.5049,0.0073,-0.1118,18.476,-87.988,93.780,2,90
0.4927,0.0181,-0.1299,20.305,-85.488,93.171,2,90
0.4775,0.0317,-0.1543,22.012,-83.110,92.805,2,90
0.4702,0.0293,-0.1646,23.537,-80.549,92.683,2,90
0.4663,0.0508,-0.1685,24.695,-77.622,91.585,2,90
0.4478,0.0542,-0.1743,25.305,-74.390,91.098,2,90
0.4390,0.0596,-0.1621,25.061,-71.341,90.244,2,90
-0.8325,-0.4219,-0.3613,-34.451,-65.915,-51.463,3,41
-0.8335,-0.4668,-0.3540,-31.098,-64.329,-49.512,3,41
-0.8350,-0.4937,-0.3262,-28.354,-62.500,-47.256,3,41
-0.8521,-0.5220,-0.3081,-25.610,-60.610,-44.390,3,41
-0.8682,-0.5420,-0.2944,-22.988,-58.659,-41.646,3,41
-0.8750,-0.5688,-0.2798,-20.976,-56.098,-38.963,3,41
-0.8716,-0.5698,-0.2388,-18.963,-54.268,-36.341,3,41
-0.8809,-0.5718,-0.2188,-17.744,-52.744,-33.476,3,41
-3.9351,-2.4209,0.7461,41.646,-5.366,562.988,1,90
-3.8569,-2.4180,0.7368,53.293,-4.695,554.146,1,90
-3.7754,-2.4180,0.7222,66.524,-4.817,546.220,1,90
-3.6909,-2.4326,0.7070,80.305,-4.695,538.780,1,90
-3.5889,-2.4575,0.7119,93.963,-5.732,531.341,1,90
-3.4980,-2.4854,0.6646,108.232,-7.744,524.268,1,90
-3.3989,-2.5308,0.7227,122.073,-8.171,518.049,1,90
-3.3008,-2.5469,0.6982,138.537,-11.524,512.012,1,90
0.4458,0.0337,-0.2021,24.878,-52.317,83.110,2,90
0.4404,0.0278,-0.2231,25.061,-50.915,81.402,2,90
0.4316,0.0259,-0.2432,24.756,-49.573,79.085,2,90
0.4160,0.0273,-0.2632,23.537,-48.598,76.768,2,90
0.3979,0.0103,-0.2686,22.256,-47.927,74.207,2,90
0.3750,-0.0034,-0.2832,20.671,-47.256,71.585,2,90
0.3613,-0.0249,-0.2964,19.390,-46.646,68.841,2,90
0.3452,-0.0391,-0.3096,18.476,-46.524,66.037,2,90
-0.8574,-0.4741,-0.3232,-1.524,-36.646,-11.768,3,41
-0.8652,-0.4897,-0.3306,3.841,-33.780,-10.183,3,41
-0.8662,-0.4985,-0.3008,8.537,-30.793,-8.171,3,41
-0.8687,-0.4829,-0.2573,11.037,-28.354,-6.280,3,41
-0.8721,-0.4722,-0.2134,11.829,-26.768,-4.146,3,41
-0.8901,-0.4600,-0.1748,12.317,-25.671,-2.500,3,41
-0.9131,-0.4326,-0.1538,13.110,-23.841,-0.488,3,41
-0.9336,-0.4038,-0.1357,13.841,-21.646,1.280,3,41
-2.7310,-3.0083,0.5908,229.817,-18.720,460.610,1,90
-2.6909,-3.0488,0.5938,231.280,-19.146,453.537,1,90
-2.6372,-3.0713,0.5767,230.732,-19.695,445.915,1,90
-2.5601,-3.0850,0.5444,228.720,-22.866,438.902,1,90
-2.5039,-3.0864,0.5127,226.524,-25.488,431.463,1,90
-2.4302,-3.0835,0.4658,223.293,-28.415,424.878,1,90
-2.3511,-3.0728,0.4238,220.793,-31.890,418.049,1,90
-2.2725,-3.0640,0.3735,218.780,-34.329,411.829,1,90
0.2754,-0.1113,-0.4131,-1.890,-34.085,44.817,2,90
0.2778,-0.1055,-0.4248,-3.415,-31.707,43.049,2,90
0.2886,-0.0845,-0.4390,-4.634,-29.451,41.524,2,90
0.2979,-0.0645,-0.4492,-5.488,-26.890,39.817,2,90
0.3042,-0.0327,-0.4639,-6.037,-24.207,38.598,2,90
0.3096,-0.0039,-0.4688,-6.220,-21.585,37.134,2,90
0.3301,0.0400,-0.4722,-7.073,-18.720,35.915,2,90
0.3271,0.0806,-0.4697,-8.232,-16.220,34.573,2,90
-2.1899,-3.0625,0.2900,218.049,-37.561,405.671,1,90
-2.0986,-3.0596,0.1899,218.232,-41.585,399.573,1,90
-2.0122,-3.0625,0.1152,218.476,-45.183,392.744,1,90
-1.9180,-3.0669,0.0566,218.841,-48.537,385.976,1,90
-1.8350,-3.0796,-0.0146,219.024,-51.463,379.329,1,90
-1.7583,-3.0928,-0.0767,218.293,-54.146,373.476,1,90
-1.6831,-3.1084,-0.1426,217.561,-56.524,367.500,1,90
-1.6055,-3.1240,-0.1982,216.463,-58.476,362.378,1,90
0.3379,0.1211,-0.4727,-9.207,-13.780,33.598,2,90
0.3389,0.1494,-0.4800,-9.634,-11.463,32.744,2,90
0.3379,0.1870,-0.4854,-9.451,-10.000,32.439,2,90
0.3330,0.2095,-0.4912,-8.171,-8.049,31.707,2,90
0.3296,0.2451,-0.4922,-6.768,-6.890,31.220,2,90
0.3281,0.2671,-0.4927,-5.488,-5.793,31.159,2,90
0.3164,0.2905,-0.5000,-4.268,-4.390,30.976,2,90
0.3086,0.3047,-0.5039,-2.683,-3.963,30.854,2,90
-1.5356,-3.1592,-0.2451,214.573,-60.793,357.195,1,90
-1.4785,-3.1826,-0.2920,212.561,-63.232,352.805,1,90
-1.4375,-3.2080,-0.3369,210.061,-65.915,347.866,1,90
-1.4019,-3.2212,-0.3701,207.317,-67.805,343.110,1,90
-1.3950,-3.2354,-0.3950,204.329,-70.244,337.744,1,90
-1.3784,-3.2412,-0.4268,201.159,-72.195,331.646,1,90
-1.3696,-3.2358,-0.4517,198.841,-74.024,325.183,1,90
-1.3574,-3.2207,-0.4668,197.317,-76.098,317.927,1,90
0.2983,0.3145,-0.5239,-1.098,-2.622,31.098,2,90
0.2930,0.3276,-0.5313,0.427,-1.707,30.915,2,90
0.2817,0.3252,-0.5474,2.378,-0.671,30.732,2,90
0.2739,0.3296,-0.5596,4.085,1.037,30.854,2,90
0.2725,0.3281,-0.5723,5.854,2.866,30.732,2,90
0.2690,0.3311,-0.5859,7.805,5.122,30.244,2,90
0.2681,0.3247,-0.6011,9.878,7.683,30.305,2,90
0.2778,0.3218,-0.6089,10.732,10.549,29.878,2,90
-1.3384,-3.1934,-0.4746,196.768,-77.378,310.732,1,90
-1.3101,-3.1631,-0.4736,196.829,-78.049,303.110,1,90
-1.2764,-3.1255,-0.4829,198.232,-78.232,295.366,1,90
-1.2334,-3.0967,-0.4932,200.427,-77.744,286.951,1,90
-1.1689,-3.0474,-0.4814,204.085,-76.524,278.963,1,90
-1.1152,-3.0127,-0.4712,208.537,-75.122,270.244,1,90
-1.0352,-2.9478,-0.4287,217.012,-72.195,257.317,1,90
-0.9790,-2.9146,-0.4038,222.256,-70.549,248.415,1,90
0.2822,0.3174,-0.6084,12.073,13.537,29.329,2,90
0.2896,0.3135,-0.6177,12.866,16.646,28.720,2,90
0.3018,0.3135,-0.6206,13.659,19.512,28.110,2,90
0.3066,0.3042,-0.6113,14.451,22.378,27.744,2,90
0.3101,0.3032,-0.6162,15.427,25.305,26.585,2,90
0.3223,0.3057,-0.5996,15.976,27.500,25.671,2,90
0.3340,0.2930,-0.5859,16.463,29.939,24.451,2,90
0.3364,0.3096,-0.5786,16.707,31.829,23.232,2,90
-0.9209,-2.8828,-0.3706,227.073,-68.780,239.634,1,90
-0.8696,-2.8760,-0.3486,231.585,-66.951,231.037,1,90
-0.8115,-2.8911,-0.3262,234.512,-65.244,222.317,1,90
-0.7720,-2.9116,-0.3154,235.671,-63.049,214.085,1,90
-0.7227,-2.9702,-0.3047,235.549,-61.159,205.976,1,90
-0.6797,-3.0371,-0.2974,234.329,-59.695,197.988,1,90
-0.6519,-3.1230,-0.2964,231.707,-58.049,190.732,1,90
-0.6279,-3.2144,-0.3154,227.988,-57.012,182.927,1,90
0.3491,0.3149,-0.5757,17.195,34.024,21.951,2,90
0.3477,0.3345,-0.5674,17.378,35.915,20.671,2,90
0.3540,0.3477,-0.5542,17.073,37.622,19.329,2,90
0.3584,0.3628,-0.5322,15.549,38.963,18.232,2,90
0.3618,0.3701,-0.5142,13.780,40.061,17.012,2,90
0.3623,0.3721,-0.5049,11.585,40.732,16.037,2,90
0.3662,0.3716,-0.5029,9.024,41.159,15.976,2,90
0.3633,0.3657,-0.5000,7.927,40.671,15.549,2,90
-0.5962,-3.3057,-0.3223,222.195,-57.195,175.854,1,90
-0.5796,-3.4038,-0.3340,213.659,-57.073,168.232,1,90
-0.5635,-3.5049,-0.3511,203.171,-56.037,160.488,1,90
-0.5488,-3.5952,-0.3750,191.402,-55.244,152.622,1,90
-0.5376,-3.6689,-0.3965,178.902,-54.817,144.512,1,90
-0.5186,-3.7363,-0.4351,166.646,-54.390,135.732,1,90
-0.5020,-3.7896,-0.4688,153.598,-54.817,126.646,1,90
-0.4868,-3.8184,-0.4912,140.549,-55.000,116.707,1,90
0.3740,0.3721,-0.5186,6.707,40.427,15.183,2,90
0.3735,0.3682,-0.5220,5.732,40.366,15.000,2,90
0.3799,0.3652,-0.5181,4.634,40.061,14.390,2,90
0.3916,0.3584,-0.5220,3.415,39.878,14.207,2,90
0.4019,0.3525,-0.5200,1.341,40.366,13.537,2,90
0.4014,0.3457,-0.5278,-1.280,39.939,12.927,2,90
0.4067,0.3462,-0.5146,-3.293,40.549,12.134,2,90
0.4136,0.3306,-0.5244,-5.732,40.061,11.280,2,90
-0.4590,-3.8335,-0.5200,127.317,-55.488,107.195,1,90
-0.4414,-3.8320,-0.5542,113.293,-57.134,96.524,1,90
-0.4194,-3.8130,-0.5908,99.024,-58.415,85.732,1,90
-0.3936,-3.7881,-0.6318,85.305,-60.061,74.512,1,90
-0.3774,-3.7524,-0.6704,72.256,-61.341,64.085,1,90
-0.3579,-3.7153,-0.7075,60.244,-63.049,53.476,1,90
-0.3354,-3.6543,-0.7412,48.841,-64.695,43.171,1,90
-0.3135,-3.6006,-0.7769,38.293,-66.463,32.866,1,90
0.4189,0.3169,-0.5181,-7.805,40.610,10.122,2,90
0.4292,0.3052,-0.5303,-9.817,40.793,9.207,2,90
0.4375,0.2900,-0.5244,-12.134,40.732,8.232,2,90
0.4512,0.2827,-0.5298,-14.451,40.549,7.256,2,90
0.4658,0.2622,-0.5376,-16.341,40.366,5.976,2,90
0.4722,0.2549,-0.5332,-18.902,40.244,5.122,2,90
0.4883,0.2422,-0.5420,-21.098,40.183,4.329,2,90
0.5034,0.2256,-0.5322,-23.598,40.122,3.110,2,90
-0.2896,-3.5420,-0.8169,28.354,-68.171,23.415,1,90
-0.2681,-3.4883,-0.8574,18.659,-69.573,14.390,1,90
-0.2388,-3.4414,-0.9082,10.244,-71.098,5.061,1,90
-0.2358,-3.3984,-0.9380,2.134,-72.134,-3.049,1,90
-0.2241,-3.3530,-0.9844,-5.915,-73.476,-11.341,1,90
-0.2085,-3.3262,-1.0107,-12.683,-74.207,-19.329,1,90
-0.1909,-3.2817,-1.0796,-22.073,-74.756,-30.366,1,90
-0.1870,-3.2598,-1.1265,-27.134,-75.183,-37.317,1,90
0.5186,0.2158,-0.5410,-25.793,40.122,2.195,2,90
0.5459,0.2129,-0.5425,-27.805,40.427,1.220,2,90
0.5674,0.2163,-0.5439,-30.061,40.427,0.183,2,90
0.5820,0.2124,-0.5400,-32.378,40.915,-1.037,2,90
0.6030,0.2207,-0.5352,-35.000,41.037,-2.012,2,90
0.6221,0.2256,-0.5254,-38.415,41.037,-3.049,2,90
0.6367,0.2373,-0.5366,-41.159,41.159,-4.146,2,90
0.6587,0.2485,-0.5278,-44.268,40.671,-4.817,2,90
-0.1890,-3.2290,-1.1699,-31.585,-74.878,-44.512,1,90
-0.1821,-3.2090,-1.2075,-35.549,-74.573,-51.220,1,90
-0.1812,-3.1846,-1.2412,-39.634,-73.963,-57.744,1,90
-0.1904,-3.1577,-1.2568,-43.232,-73.598,-64.451,1,90
-0.1943,-3.1270,-1.2686,-46.098,-72.622,-71.159,1,90
-0.1968,-3.1040,-1.2725,-49.390,-71.463,-77.378,1,90
-0.2012,-3.0688,-1.2856,-52.195,-70.549,-83.659,1,90
-0.2158,-3.0386,-1.2964,-55.488,-69.146,-89.451,1,90
0.6680,0.2578,-0.5303,-47.439,40.122,-5.732,2,90
0.6812,0.2617,-0.5278,-50.732,39.146,-6.037,2,90
0.6934,0.2725,-0.5229,-53.780,38.476,-6.402,2,90
0.6963,0.2773,-0.5396,-56.159,37.195,-6.220,2,90
0.7017,0.2788,-0.5586,-57.927,36.159,-5.976,2,90
0.6992,0.2881,-0.5767,-58.354,34.817,-5.732,2,90
0.7100,0.3057,-0.6001,-58.963,33.659,-5.427,2,90
0.7100,0.3159,-0.6108,-59.268,32.744,-5.183,2,90
-0.2368,-3.0122,-1.2866,-57.622,-67.805,-95.366,1,90
-0.2490,-2.9824,-1.2671,-60.061,-66.463,-101.220,1,90
-0.2642,-2.9448,-1.2651,-62.256,-64.878,-106.463,1,90
-0.2876,-2.9160,-1.2412,-64.268,-63.659,-112.195,1,90
-0.3052,-2.8828,-1.2217,-66.159,-62.683,-117.683,1,90
-0.3237,-2.8535,-1.1870,-68.476,-61.280,-123.232,1,90
-0.3501,-2.8345,-1.1680,-70.854,-59.268,-128.902,1,90
-0.3755,-2.8052,-1.1406,-72.866,-57.866,-134.329,1,90
0.7109,0.3193,-0.6294,-58.963,31.585,-5.000,2,90
0.7090,0.3418,-0.6294,-58.415,30.793,-5.183,2,90
0.7041,0.3564,-0.6533,-57.561,30.549,-5.366,2,90
0.7065,0.3721,-0.6528,-56.951,30.305,-6.098,2,90
0.7065,0.3882,-0.6499,-56.341,29.939,-6.646,2,90
0.7104,0.3945,-0.6558,-55.732,30.000,-7.744,2,90
0.7026,0.4028,-0.6489,-54.207,29.512,-8.537,2,90
0.7061,0.4038,-0.6470,-52.683,29.024,-9.329,2,90
-0.4004,-2.7935,-1.1123,-75.000,-56.037,-139.573,1,90
-0.4243,-2.7788,-1.0938,-76.341,-54.451,-145.244,1,90
-0.4438,-2.7681,-1.0688,-77.805,-53.232,-150.366,1,90
-0.4727,-2.7539,-1.0596,-80.000,-52.134,-155.793,1,90
-0.4951,-2.7490,-1.0493,-81.829,-50.915,-161.707,1,90
-0.5234,-2.7422,-1.0254,-83.537,-49.756,-167.500,1,90
-0.5503,-2.7412,-1.0029,-86.098,-48.415,-173.293,1,90
-0.5845,-2.7334,-0.9893,-88.598,-46.341,-179.268,1,90
0.7070,0.4058,-0.6265,-49.939,28.598,-10.122,2,90
0.7090,0.4189,-0.6260,-47.256,27.988,-11.341,2,90
0.7104,0.4170,-0.6313,-43.659,27.378,-12.256,2,90
0.7173,0.4209,-0.6226,-40.122,26.524,-13.049,2,90
0.7168,0.4229,-0.6128,-36.280,25.854,-13.963,2,90
0.7134,0.4297,-0.6035,-32.134,25.000,-15.183,2,90
0.7168,0.4253,-0.6025,-27.378,23.902,-15.976,2,90
0.7114,0.4253,-0.5903,-23.110,23.171,-16.646,2,90
-0.6201,-2.7285,-0.9736,-91.280,-44.329,-185.427,1,90
-0.6357,-2.7173,-0.9619,-94.085,-42.500,-191.159,1,90
-0.6636,-2.7090,-0.9448,-96.524,-40.854,-196.707,1,90
-0.6895,-2.6870,-0.9292,-98.841,-38.963,-202.317,1,90
-0.7158,-2.6685,-0.9268,-101.646,-37.134,-208.049,1,90
-0.7373,-2.6387,-0.9209,-103.659,-35.427,-213.720,1,90
-0.7822,-2.5903,-0.9146,-107.134,-33.232,-221.951,1,90
-0.7969,-2.5605,-0.9175,-108.780,-31.220,-227.744,1,90
0.7021,0.4263,-0.5854,-18.354,21.829,-17.500,2,90
0.6948,0.4209,-0.5796,-13.415,20.854,-17.988,2,90
0.6802,0.4136,-0.5732,-8.720,19.390,-18.902,2,90
0.6611,0.4009,-0.5771,-3.841,18.171,-19.512,2,90
0.6479,0.3843,-0.5684,1.159,16.707,-19.939,2,90
0.6279,0.3730,-0.5781,5.976,15.244,-20.610,2,90
0.6123,0.3691,-0.5859,11.098,14.329,-21.341,2,90
0.5903,0.3589,-0.5908,15.976,12.805,-21.707,2,90
-0.8086,-2.5254,-0.9082,-110.549,-29.451,-233.476,1,90
-0.8408,-2.4795,-0.8994,-111.768,-27.012,-238.659,1,90
-0.8535,-2.4385,-0.8916,-112.805,-25.244,-243.963,1,90
-0.8770,-2.3979,-0.8843,-113.476,-22.988,-248.902,1,90
-0.8921,-2.3501,-0.8613,-113.659,-21.098,-254.024,1,90
-0.9058,-2.3140,-0.8491,-113.598,-18.780,-258.598,1,90
-0.9233,-2.2666,-0.8428,-113.232,-16.280,-263.354,1,90
-0.9385,-2.2246,-0.8257,-113.049,-14.268,-267.622,1,90
0.5762,0.3506,-0.6084,20.671,11.890,-22.561,2,90
0.5562,0.3418,-0.6104,25.122,10.976,-23.293,2,90
0.5381,0.3398,-0.5977,28.659,10.305,-24.390,2,90
0.5215,0.3330,-0.6025,31.280,9.634,-25.000,2,90
0.5142,0.3213,-0.6060,33.171,8.902,-25.976,2,90
0.5005,0.3018,-0.6006,35.000,8.415,-26.829,2,90
0.4907,0.2920,-0.5981,35.915,7.439,-27.622,2,90
0.4800,0.2754,-0.5884,36.890,7.012,-27.866,2,90
-0.9570,-2.1919,-0.8101,-112.378,-12.073,-271.585,1,90
-0.9717,-2.1567,-0.7856,-111.524,-9.634,-275.427,1,90
-0.9873,-2.1216,-0.7646,-110.854,-7.683,-278.598,1,90
-1.0068,-2.0913,-0.7510,-109.817,-5.854,-281.890,1,90
-1.0205,-2.0552,-0.7241,-108.659,-4.268,-284.939,1,90
-1.0396,-2.0278,-0.7095,-107.561,-2.439,-287.378,1,90
-1.0566,-2.0015,-0.6870,-106.220,-0.671,-290.061,1,90
-1.0840,-1.9731,-0.6709,-104.756,0.854,-292.256,1,90
0.4741,0.2559,-0.5908,38.232,6.402,-28.659,2,90
0.4736,0.2358,-0.5830,38.841,5.854,-29.207,2,90
0.4663,0.2114,-0.5654,38.963,5.488,-29.512,2,90
0.4702,0.1919,-0.5601,39.024,4.939,-30.366,2,90
0.4668,0.1680,-0.5498,39.268,4.573,-30.793,2,90
0.4697,0.1504,-0.5532,38.476,4.268,-31.768,2,90
0.4644,0.1274,-0.5322,37.744,4.329,-32.439,2,90
0.4712,0.1108,-0.5161,36.585,4.207,-33.232,2,90
-1.1050,-1.9536,-0.6563,-103.415,2.134,-294.695,1,90
-1.1270,-1.9360,-0.6338,-102.317,3.659,-296.707,1,90
-1.1499,-1.9297,-0.6108,-101.280,4.878,-298.598,1,90
-1.1709,-1.9233,-0.5869,-100.549,6.220,-300.610,1,90
-1.2144,-1.9150,-0.5640,-100.488,7.317,-302.622,1,90
-1.2349,-1.9058,-0.5259,-100.671,8.902,-304.573,1,90
-1.2666,-1.9097,-0.4995,-101.280,10.183,-306.159,1,90
-1.2959,-1.9038,-0.4673,-102.134,10.854,-307.805,1,90
0.4712,0.0923,-0.5112,35.610,3.902,-34.451,2,90
0.4712,0.0688,-0.5078,33.902,3.963,-35.610,2,90
0.4663,0.0552,-0.4971,32.134,3.659,-36.524,2,90
0.4624,0.0327,-0.4902,30.610,3.537,-37.744,2,90
0.4673,0.0254,-0.4854,28.232,3.354,-38.841,2,90
0.4619,0.0137,-0.4800,25.854,3.171,-40.183,2,90
0.4482,-0.0010,-0.4795,23.902,2.988,-41.707,2,90
0.4434,-0.0088,-0.4688,21.402,3.171,-42.866,2,90
-1.3218,-1.8999,-0.4585,-102.439,11.646,-309.512,1,90
-1.3481,-1.9023,-0.4390,-103.780,12.439,-310.671,1,90
-1.3711,-1.8979,-0.4248,-105.122,13.171,-312.561,1,90
-1.3921,-1.9082,-0.4077,-107.012,13.963,-313.902,1,90
-1.4258,-1.9092,-0.3838,-109.024,15.183,-316.524,1,90
-1.4448,-1.9072,-0.3711,-111.159,15.915,-318.354,1,90
-1.4648,-1.8999,-0.3555,-113.049,17.195,-320.305,1,90
-1.4780,-1.8882,-0.3354,-114.756,18.902,-322.134,1,90
0.4395,-0.0161,-0.4653,19.512,3.049,-44.390,2,90
0.4321,-0.0171,-0.4673,17.500,3.293,-46.280,2,90
0.4155,-0.0200,-0.4565,13.963,3.659,-48.780,2,90
0.4106,-0.0137,-0.4458,12.744,4.085,-49.573,2,90
0.4019,-0.0068,-0.4380,10.366,4.390,-51.646,2,90
0.3877,-0.0029,-0.4248,7.988,5.061,-53.598,2,90
0.3828,0.0034,-0.4204,5.793,5.366,-55.549,2,90
0.3730,0.0225,-0.4185,4.024,5.915,-57.622,2,90
-1.4902,-1.8760,-0.3105,-116.585,20.061,-324.207,1,90
-1.4995,-1.8657,-0.2847,-118.841,21.890,-326.341,1,90
-1.4941,-1.8516,-0.2607,-120.671,23.110,-328.171,1,90
-1.4971,-1.8403,-0.2368,-122.683,24.756,-330.366,1,90
-1.4946,-1.8213,-0.2207,-124.268,25.610,-331.707,1,90
-1.4922,-1.8096,-0.1978,-125.915,26.890,-332.927,1,90
-1.4893,-1.7861,-0.1860,-127.439,27.561,-334.634,1,90
-1.4727,-1.7754,-0.1914,-128.659,27.988,-335.793,1,90
0.3657,0.0288,-0.4136,2.744,6.463,-59.451,2,90
0.3560,0.0513,-0.4067,0.610,6.951,-62.378,2,90
0.3545,0.0547,-0.3994,0.061,7.317,-63.354,2,90
0.3457,0.0713,-0.3887,-0.976,7.683,-65.244,2,90
0.3374,0.0835,-0.3906,-1.463,7.805,-67.378,2,90
0.3320,0.1016,-0.3916,-2.195,8.232,-69.451,2,90
0.3242,0.1133,-0.3901,-1.768,8.415,-71.341,2,90
0.3188,0.1323,-0.3882,-1.220,8.841,-73.110,2,90
-0.9214,-0.2368,-0.1270,44.634,26.037,7.134,3,41
-0.9214,-0.2417,-0.1299,46.037,26.707,7.439,3,41
-0.9209,-0.2427,-0.1509,47.561,27.134,7.317,3,41
-0.9277,-0.2383,-0.1440,48.049,27.195,7.622,3,41
-0.9204,-0.2451,-0.1382,48.537,27.378,7.317,3,41
-0.9214,-0.2495,-0.1221,49.024,27.805,7.988,3,41
-0.9243,-0.2593,-0.1328,49.695,28.354,8.780,3,41
-0.9224,-0.2827,-0.1294,50.183,29.268,9.695,3,41
-1.3892,-1.7227,-0.1841,-128.415,29.146,-344.268,1,90
-1.3970,-1.7202,-0.1870,-127.988,29.451,-345.427,1,90
-1.3887,-1.7271,-0.1797,-127.744,29.634,-346.220,1,90
-1.3906,-1.7241,-0.1758,-127.500,30.000,-346.890,1,90
-1.3848,-1.7178,-0.1738,-126.890,29.817,-347.378,1,90
-1.3804,-1.7109,-0.1748,-126.585,29.451,-347.988,1,90
-1.3828,-1.6929,-0.1680,-125.732,28.963,-348.780,1,90
-1.3740,-1.6802,-0.1646,-125.366,28.293,-348.902,1,90
0.3281,0.2466,-0.4844,14.390,14.146,-87.927,2,90
0.3335,0.2432,-0.4961,17.195,15.000,-89.268,2,90
0.3379,0.2490,-0.4917,18.537,15.854,-89.817,2,90
0.3418,0.2549,-0.4932,21.098,17.012,-91.341,2,90
0.3579,0.2651,-0.4941,25.671,18.902,-93.598,2,90
0.3662,0.2690,-0.4888,28.232,19.939,-95.244,2,90
0.3706,0.2744,-0.4858,31.220,20.976,-96.646,2,90
0.3701,0.2749,-0.4785,34.024,22.012,-97.927,2,90
-0.9673,-0.4180,-0.1348,41.402,30.183,16.890,3,41
-0.9858,-0.4067,-0.1528,41.463,31.220,18.049,3,41
-0.9956,-0.3926,-0.1470,42.866,32.622,19.451,3,41
-1.0029,-0.3838,-0.1377,45.488,35.183,21.098,3,41
-1.0137,-0.3911,-0.1187,49.268,38.415,22.988,3,41
-1.0063,-0.4072,-0.0938,53.841,41.585,24.390,3,41
-0.9946,-0.4170,-0.0659,57.439,44.756,26.402,3,41
-0.9854,-0.4170,-0.0605,61.037,47.378,28.049,3,41
-1.3271,-1.5010,-0.1997,-111.159,24.085,-353.780,1,90
-1.3145,-1.4888,-0.2031,-108.598,24.085,-354.390,1,90
-1.3003,-1.4897,-0.2202,-106.037,23.780,-354.268,1,90
-1.2852,-1.4858,-0.2349,-102.744,23.598,-354.817,1,90
-1.2734,-1.4805,-0.2485,-99.634,22.988,-355.000,1,90
-1.2588,-1.4819,-0.2578,-96.951,22.500,-355.366,1,90
-1.2402,-1.4766,-0.2627,-93.659,21.707,-355.671,1,90
-1.2285,-1.4731,-0.2729,-91.220,21.037,-355.793,1,90
0.3760,0.3179,-0.4248,55.305,27.927,-108.232,2,90
0.3828,0.3242,-0.4326,56.646,28.232,-109.085,2,90
0.3794,0.3384,-0.4307,58.598,28.598,-109.878,2,90
0.3789,0.3364,-0.4385,59.939,28.902,-110.732,2,90
0.3823,0.3530,-0.4453,61.524,29.512,-111.280,2,90
0.3838,0.3579,-0.4458,63.232,30.061,-112.012,2,90
0.3799,0.3652,-0.4609,64.512,31.159,-112.683,2,90
0.3921,0.3784,-0.4731,66.220,31.829,-113.232,2,90
-1.0264,-0.5254,-0.0151,74.695,73.049,48.232,3,41
-1.0171,-0.5459,-0.0283,78.171,77.561,51.707,3,41
-1.0161,-0.5474,-0.0288,81.463,81.707,55.061,3,41
-1.0068,-0.5420,-0.0522,83.049,84.390,58.293,3,41
-1.0161,-0.5479,-0.0967,82.805,86.280,60.732,3,41
-1.0273,-0.5693,-0.1230,82.134,89.329,63.963,3,41
-1.0361,-0.5771,-0.1250,82.073,91.037,65.061,3,41
-1.0225,-0.5962,-0.1016,80.366,94.573,70.061,3,41
-2.2236,0.5410,-0.7495,241.585,264.390,162.317,4,41
-2.2310,0.5225,-0.7563,244.146,258.963,160.854,4,41
-2.2451,0.5059,-0.7622,245.854,253.841,159.573,4,41
-2.2505,0.4995,-0.7544,245.854,248.476,157.866,4,41
-2.2651,0.4824,-0.7417,244.878,242.744,156.707,4,41
-2.2798,0.4653,-0.7139,241.524,236.829,155.488,4,41
-2.3018,0.4468,-0.6904,236.951,230.732,154.329,4,41
-2.3125,0.4321,-0.6626,230.732,224.573,154.024,4,41
-1.0161,-0.6108,-0.0864,77.500,96.402,73.720,3,41
-1.0381,-0.6431,-0.0552,77.256,99.939,78.476,3,41
-1.0513,-0.6567,-0.0781,78.780,104.085,84.329,3,41
-1.0552,-0.6494,-0.0781,77.256,105.549,89.207,3,41
-1.0776,-0.6724,-0.0200,73.537,106.646,93.659,3,41
-1.1089,-0.6973,0.0088,69.024,107.195,97.744,3,41
-1.1064,-0.7148,0.0259,63.902,106.463,101.159,3,41
-1.0898,-0.6929,0.0288,58.720,105.732,104.329,3,41
-1.2271,-1.3828,-0.4194,-76.707,5.366,-345.976,1,90
-1.2168,-1.3721,-0.4224,-77.073,4.451,-344.695,1,90
-1.2178,-1.3677,-0.4331,-78.171,3.598,-343.354,1,90
-1.2217,-1.3506,-0.4360,-78.659,2.073,-342.012,1,90
-1.2178,-1.3418,-0.4619,-80.671,0.122,-339.878,1,90
-1.2251,-1.3340,-0.4888,-82.134,-1.098,-338.354,1,90
-1.2275,-1.3296,-0.5122,-84.085,-2.500,-337.073,1,90
-1.2363,-1.3242,-0.5308,-85.488,-3.171,-335.244,1,90
0.4575,0.4507,-0.5630,101.829,48.720,-113.537,2,90
0.4585,0.4546,-0.5449,103.780,49.329,-113.293,2,90
0.4600,0.4419,-0.5361,106.341,49.939,-112.866,2,90
0.4521,0.4414,-0.5254,108.902,50.549,-112.317,2,90
0.4556,0.4277,-0.5176,110.488,51.098,-112.134,2,90
0.4604,0.4277,-0.5059,112.744,51.463,-111.829,2,90
0.4536,0.4272,-0.4858,114.207,52.134,-111.280,2,90
0.4609,0.4238,-0.4624,115.427,52.805,-110.610,2,90
-0.7207,-0.1758,-0.4619,46.280,101.707,108.110,3,41
-0.6431,-0.1006,-0.5127,44.756,99.634,105.915,3,41
-0.5796,-0.0366,-0.5845,43.049,97.134,103.293,3,41
-0.5220,0.0278,-0.6240,40.854,93.902,100.671,3,41
-0.4497,0.1021,-0.6533,39.268,90.854,98.415,3,41
-0.4023,0.1499,-0.6646,38.293,88.171,95.488,3,41
-0.3643,0.2051,-0.6367,38.293,85.610,93.293,3,41
-0.3555,0.2476,-0.6104,38.963,82.744,91.280,3,41
-3.1875,0.4346,-0.7256,153.354,167.805,125.183,4,41
-3.3047,0.4502,-0.7510,133.354,180.244,119.634,4,41
-3.4282,0.4580,-0.8013,109.207,195.366,113.110,4,41
-3.5400,0.3755,-0.8896,82.561,210.366,105.000,4,41
-3.6426,0.1558,-0.9502,58.293,221.341,94.146,4,41
-3.7134,-0.1895,-1.0181,39.573,226.220,80.549,4,41
-3.8018,-0.6387,-1.1172,27.500,225.427,63.598,4,41
-3.8662,-1.1655,-1.3047,23.171,226.829,44.390,4,41
-0.3823,0.2329,-0.6304,40.854,80.061,89.329,3,41
-0.4585,0.2017,-0.6406,45.366,79.146,88.537,3,41
-0.5229,0.1567,-0.6323,49.878,78.171,88.415,3,41
-0.6079,0.0381,-0.6504,54.756,76.951,88.171,3,41
-0.7046,-0.1328,-0.6382,58.841,76.646,88.171,3,41
-0.7900,-0.3115,-0.6064,61.280,74.878,86.890,3,41
-0.8516,-0.4731,-0.5552,60.793,73.049,85.976,3,41
-0.9233,-0.5718,-0.4526,57.256,70.000,86.037,3,41
-3.7725,-1.7783,-1.6704,22.805,242.073,19.146,4,41
-3.5400,-1.7739,-1.0010,50.793,218.354,13.049,4,41
-3.7671,-1.9199,-1.9873,50.610,197.561,12.988,4,41
-3.7930,-1.9546,-2.7363,26.098,229.756,-18.780,4,41
-3.3584,-1.1743,-2.2539,-24.756,226.585,-39.085,4,41
-2.9448,0.4258,-4.3140,-196.829,156.341,-63.598,4,41
-1.9619,-1.5767,-10.3564,-456.829,-2.927,-96.951,4,41
-3.6250,-2.1670,-2.2705,178.476,-25.183,-45.305,4,41
-1.0112,-0.6143,-0.3799,52.927,67.012,86.707,3,41
-1.0713,-0.5806,-0.3242,49.451,63.963,87.744,3,41
-1.1616,-0.5571,-0.2915,47.805,61.951,90.122,3,41
-1.0884,-0.4170,-0.2944,48.171,60.915,92.561,3,41
-1.0132,-0.3345,-0.2290,51.585,60.732,95.732,3,41
-1.0454,-0.3613,-0.3828,53.963,59.329,95.976,3,41
-0.8877,-0.3042,-0.4287,60.122,59.085,94.695,3,41
-0.7510,-0.2427,-0.4385,62.378,57.988,94.085,3,41
-5.0664,0.1519,14.8984,113.110,-208.537,-40.549,4,41
-5.1841,-0.9399,15.9707,-65.915,-286.098,-120.793,4,41
-4.2671,-2.8184,13.7397,-266.402,-248.415,-179.878,4,41
-5.4561,-7.2544,4.6196,-386.098,-13.415,-203.110,4,41
-5.2725,-9.0425,8.4268,-58.598,-74.573,-95.183,4,41
-4.3345,-5.9561,11.3521,82.378,-145.732,-100.854,4,41
-3.4277,-2.8921,14.1997,4.085,-71.524,-159.634,4,41
-0.9038,-2.1816,15.8369,4.146,-69.817,-175.610,4,41
-0.5947,-0.2017,-0.5737,64.146,54.085,92.622,3,41
-0.5137,-0.1426,-0.6011,65.915,50.549,90.549,3,41
-0.5166,-0.1372,-0.7095,63.415,44.817,88.415,3,41
-0.4150,-0.0845,-0.7769,62.927,39.878,84.512,3,41
-0.3721,-0.0171,-0.8105,63.232,35.122,80.976,3,41
-0.3384,0.0225,-0.8042,62.256,30.671,76.524,3,41
-0.3018,0.1084,-0.7876,63.780,25.549,72.561,3,41
-0.3940,0.1577,-0.7261,63.537,20.549,68.902,3,41
-2.6704,0.4160,-0.3877,-166.280,30.000,-225.976,1,90
-2.7935,0.6045,-0.3242,-171.037,36.280,-216.220,1,90
-2.9087,0.8086,-0.2583,-174.268,44.878,-206.524,1,90
-3.0215,1.0210,-0.1885,-177.134,55.671,-197.317,1,90
-3.1182,1.2451,-0.1440,-179.817,68.293,-187.805,1,90
-3.2104,1.4746,-0.1279,-183.841,80.366,-179.390,1,90
-3.2646,1.6797,-0.0898,-185.427,93.720,-172.134,1,90
-3.2998,1.8862,-0.0757,-182.622,107.683,-166.159,1,90
1.5684,0.2422,-0.2090,29.512,25.122,-88.415,2,90
1.6299,0.2456,-0.2002,25.915,27.073,-87.012,2,90
1.7041,0.2393,-0.1924,22.256,28.659,-85.427,2,90
1.7773,0.2456,-0.1851,18.415,30.427,-83.171,2,90
1.8535,0.2490,-0.1821,14.512,31.829,-80.915,2,90
1.9380,0.2407,-0.1855,11.037,32.744,-78.476,2,90
2.0225,0.2476,-0.1895,7.561,33.659,-75.183,2,90
2.1035,0.2505,-0.1943,4.329,34.085,-71.341,2,90
-1.5508,0.0361,-0.0273,43.902,-1.220,36.341,3,41
-1.5884,0.0474,0.0117,43.902,-0.732,35.061,3,41
-1.6104,0.0884,0.0566,44.390,0.915,31.463,3,41
-1.5386,0.1064,0.0234,44.573,2.988,24.695,3,41
-1.4473,0.0659,0.0142,44.451,3.841,20.122,3,41
-1.3257,0.0679,-0.0127,41.646,4.024,15.183,3,41
-1.2202,0.0752,-0.0957,37.988,3.720,9.634,3,41
-1.0977,0.0669,-0.1909,33.537,2.866,4.085,3,41
-0.9741,0.0469,-0.2847,28.963,1.280,-1.951,3,41
-0.8862,0.0605,-0.3232,23.476,-0.244,-7.561,3,41
-0.8643,0.1172,-0.3257,17.073,-2.988,-12.439,3,41
-0.8726,0.1426,-0.3252,13.354,-4.390,-17.744,3,41
-0.8608,0.1538,-0.3037,8.720,-6.829,-22.683,3,41
-0.8857,0.1143,-0.3140,3.963,-9.695,-27.988,3,41
-0.9180,0.0591,-0.3486,-0.976,-12.988,-32.378,3,41
-0.9434,0.0249,-0.3779,-4.695,-15.671,-37.134,3,41
-2.4766,1.8721,-0.3501,-3.415,66.768,-82.683,1,90
-2.4692,1.9155,-0.3701,-8.537,63.171,-74.390,1,90
-2.4741,2.0654,-0.4526,-26.707,52.622,-48.293,1,90
-2.4673,2.1885,-0.5171,-39.390,46.646,-29.085,1,90
-2.4761,2.3062,-0.5854,-52.012,42.256,-9.451,1,90
-2.4590,2.4116,-0.6509,-62.439,38.841,10.122,1,90
-2.4414,2.5098,-0.6987,-71.890,36.646,28.537,1,90
-2.3921,2.5972,-0.7310,-80.488,35.000,45.671,1,90
2.4185,0.3594,-0.6133,-89.573,22.012,-2.134,2,90
2.4463,0.3511,-0.6250,-97.622,20.549,6.037,2,90
2.4873,0.3301,-0.6299,-105.915,18.476,14.451,2,90
2.5244,0.3091,-0.6421,-114.146,15.732,22.500,2,90
2.5703,0.2759,-0.6475,-121.341,12.439,29.756,2,90
2.5986,0.2334,-0.6553,-127.683,8.720,37.195,2,90
2.6392,0.2017,-0.6890,-132.622,4.085,43.476,2,90
2.6460,0.1738,-0.7114,-136.951,-0.610,49.085,2,90
-2.3262,2.6826,-0.7451,-89.146,32.683,61.037,1,90
-2.2295,2.7422,-0.7510,-97.866,30.793,74.939,1,90
-2.1162,2.7734,-0.7720,-105.610,27.378,88.293,1,90
-1.9888,2.7886,-0.7690,-111.402,24.512,101.159,1,90
-1.8569,2.7866,-0.7744,-114.817,21.585,114.024,1,90
-1.7275,2.7734,-0.7793,-116.402,19.085,127.439,1,90
-1.6021,2.7505,-0.7920,-117.744,16.585,141.829,1,90
-1.4912,2.6973,-0.7964,-118.232,14.634,157.134,1,90
2.6411,0.1470,-0.7544,-140.183,-5.244,53.902,2,90
2.5991,0.1362,-0.7803,-143.780,-9.817,57.134,2,90
2.5474,0.1533,-0.8076,-146.829,-13.537,59.390,2,90
2.4800,0.1694,-0.8335,-150.488,-16.951,60.366,2,90
2.3950,0.2061,-0.8506,-154.390,-19.207,61.524,2,90
2.3062,0.2505,-0.8569,-157.561,-20.915,62.134,2,90
2.2261,0.3149,-0.8745,-160.427,-22.134,62.927,2,90
2.1499,0.3901,-0.8828,-162.866,-22.378,63.963,2,90
-0.9688,-0.2080,-0.3159,-52.744,-54.817,-79.085,3,41
-0.9727,-0.2310,-0.3223,-53.659,-54.878,-78.537,3,41
-0.9766,-0.2661,-0.3105,-54.085,-55.061,-77.561,3,41
-0.9683,-0.2974,-0.3164,-54.939,-55.183,-76.463,3,41
-0.9609,-0.3242,-0.3262,-56.341,-55.366,-75.427,3,41
-0.9482,-0.3408,-0.3491,-56.951,-55.793,-73.780,3,41
-0.9316,-0.3716,-0.3823,-55.549,-55.244,-72.927,3,41
-0.9121,-0.4106,-0.4082,-54.817,-54.634,-71.037,3,41
-0.8955,-0.4390,-0.4204,-54.085,-54.390,-69.268,3,41
-0.8838,-0.4639,-0.4473,-54.085,-53.963,-67.683,3,41
-0.8613,-0.4746,-0.4570,-53.963,-53.780,-66.280,3,41
-0.8228,-0.4702,-0.4346,-54.451,-53.902,-64.329,3,41
-0.7949,-0.4502,-0.3965,-55.610,-54.268,-61.890,3,41
-0.8125,-0.4390,-0.3662,-57.195,-54.451,-59.024,3,41
-0.8555,-0.4131,-0.3564,-57.012,-53.963,-55.671,3,41
-0.9038,-0.4316,-0.3496,-55.183,-52.256,-52.683,3,41
-0.9277,1.0205,-0.1992,-2.134,-17.500,407.927,1,90
-0.9419,0.9482,-0.1851,2.256,-21.402,417.622,1,90
-0.9517,0.8628,-0.1748,8.720,-25.915,426.951,1,90
-0.9570,0.7925,-0.1826,17.317,-30.183,435.854,1,90
-0.9668,0.7061,-0.1709,25.976,-34.329,444.268,1,90
-0.9854,0.6133,-0.1787,34.085,-38.720,452.439,1,90
-0.9912,0.5103,-0.1855,41.463,-42.195,459.878,1,90
-1.0034,0.4229,-0.1646,49.146,-44.756,466.341,1,90
1.4375,0.8691,-0.5815,-81.098,-62.866,140.061,2,90
1.3662,0.8306,-0.5513,-73.232,-65.305,143.049,2,90
1.2915,0.7866,-0.5269,-66.098,-67.012,145.854,2,90
1.2129,0.7588,-0.4956,-59.756,-68.963,148.659,2,90
1.1436,0.7100,-0.4619,-53.963,-71.220,150.427,2,90
1.0737,0.6660,-0.4253,-48.476,-73.598,152.317,2,90
1.0024,0.6260,-0.3936,-43.354,-75.793,153.963,2,90
0.9268,0.5854,-0.3647,-38.720,-77.988,155.671,2,90
-0.8042,-0.2759,-0.1914,-20.732,-33.659,-32.988,3,41
-0.7915,-0.2607,-0.1914,-19.329,-33.293,-32.134,3,41
-0.7617,-0.2109,-0.2266,-15.305,-32.622,-31.341,3,41
-0.7354,-0.1572,-0.2690,-11.585,-31.951,-30.305,3,41
-0.7168,-0.0933,-0.3213,-6.524,-31.280,-30.183,3,41
-0.6943,-0.0210,-0.3745,-1.037,-30.854,-30.427,3,41
-0.6836,0.0684,-0.3877,4.024,-30.671,-30.549,3,41
-0.6807,0.1519,-0.4082,8.110,-31.402,-30.305,3,41
-1.3877,-1.3394,-0.2988,122.622,-5.976,474.268,1,90
-1.4209,-1.5820,-0.3252,127.073,0.915,465.671,1,90
-1.4409,-1.8096,-0.3486,129.207,8.902,455.244,1,90
-1.4272,-2.0112,-0.3750,128.963,17.744,445.183,1,90
-1.3965,-2.1670,-0.4214,126.829,26.402,436.829,1,90
-1.3501,-2.2798,-0.4497,121.524,34.268,429.390,1,90
-1.2822,-2.3354,-0.4463,112.073,40.610,423.110,1,90
-1.1934,-2.3589,-0.4194,98.902,43.659,419.817,1,90
0.4233,0.3213,-0.0635,-17.500,-94.329,166.585,2,90
0.3779,0.2686,-0.0347,-17.378,-96.220,167.622,2,90
0.3745,0.2578,-0.0303,-17.134,-97.012,167.866,2,90
0.3545,0.2280,-0.0278,-16.524,-98.232,168.659,2,90
0.3320,0.1968,-0.0273,-16.280,-99.207,168.720,2,90
0.3086,0.1719,-0.0356,-16.159,-100.061,168.659,2,90
0.2920,0.1499,-0.0527,-16.220,-100.915,168.537,2,90
0.2749,0.1255,-0.0591,-16.951,-100.976,167.439,2,90
-1.0938,-2.3237,-0.4561,80.183,40.122,418.476,1,90
-0.9639,-2.4209,-0.5195,57.500,32.439,416.768,1,90
-0.8174,-2.5181,-0.5884,31.463,22.256,419.085,1,90
-0.7471,-2.6367,-0.6226,6.524,11.098,420.061,1,90
-0.6904,-2.7598,-0.6699,-18.171,-0.549,419.573,1,90
-0.6602,-2.8721,-0.7163,-41.829,-11.037,417.988,1,90
-0.6636,-2.9756,-0.7495,-67.500,-23.049,416.098,1,90
-0.6714,-2.9780,-0.7485,-72.744,-26.037,414.939,1,90
0.2520,0.0977,-0.0713,-18.232,-100.976,166.646,2,90
0.2373,0.0835,-0.0859,-19.268,-100.732,164.939,2,90
0.2163,0.0513,-0.1050,-22.073,-99.146,161.768,2,90
0.2012,0.0400,-0.1055,-22.988,-98.354,160.732,2,90
0.1880,0.0269,-0.1270,-25.671,-96.402,158.415,2,90
0.1763,0.0142,-0.1411,-28.171,-94.512,155.793,2,90
0.1675,0.0117,-0.1670,-31.280,-91.890,153.415,2,90
0.1563,0.0020,-0.1685,-34.451,-88.963,151.159,2,90
-0.9980,-0.4624,-0.3911,65.976,-30.122,-2.378,3,41
-1.0020,-0.4224,-0.3677,71.829,-27.683,0.366,3,41
-0.9995,-0.3906,-0.3398,76.463,-25.549,2.622,3,41
-0.9980,-0.3506,-0.3159,80.122,-23.841,4.085,3,41
-0.9863,-0.3154,-0.2915,83.171,-22.622,5.488,3,41
-0.9941,-0.2910,-0.2642,85.366,-21.951,6.341,3,41
-0.9844,-0.2754,-0.2554,85.915,-21.646,6.890,3,41
-0.9834,-0.2715,-0.2539,87.561,-21.768,7.256,3,41
-2.2246,-0.1411,0.9253,-35.976,-340.793,-306.341,4,41
-2.3203,-0.1016,0.8906,-30.183,-355.488,-314.756,4,41
-2.3916,-0.0615,0.8535,-21.463,-370.427,-322.744,4,41
-2.4707,-0.0283,0.8203,-11.646,-384.207,-331.220,4,41
-2.5547,0.0117,0.8003,-2.134,-396.524,-338.598,4,41
-2.6396,0.0430,0.7773,7.622,-407.012,-345.061,4,41
-2.7217,0.0757,0.7720,16.890,-416.098,-350.183,4,41
-2.8110,0.0879,0.7607,25.793,-424.695,-353.598,4,41
-0.9727,-0.2739,-0.2671,89.390,-21.646,7.378,3,41
-0.9692,-0.2593,-0.2725,92.439,-20.854,7.073,3,41
-0.9668,-0.2500,-0.2915,95.732,-19.573,6.646,3,41
-0.9502,-0.2339,-0.2949,99.451,-18.354,6.037,3,41
-0.9453,-0.2178,-0.3018,102.561,-17.439,5.183,3,41
-0.9570,-0.2183,-0.2930,106.280,-16.098,4.573,3,41
-0.9658,-0.2183,-0.2578,108.963,-14.573,3.902,3,41
-0.9580,-0.2207,-0.2129,112.805,-12.805,2.805,3,41
-2.8975,0.1006,0.7378,34.451,-434.451,-355.915,4,41
-2.9893,0.0981,0.6987,41.159,-444.451,-356.220,4,41
-3.0859,0.0933,0.6675,45.488,-454.573,-355.366,4,41
-3.1758,0.0898,0.6050,46.768,-464.207,-353.232,4,41
-3.2407,0.0684,0.5381,44.451,-474.207,-350.244,4,41
-3.3359,0.0444,0.4756,38.780,-484.573,-346.707,4,41
-3.4131,-0.0098,0.3838,29.268,-495.183,-342.683,4,41
-3.4893,-0.0596,0.2842,17.744,-505.610,-338.598,4,41
-0.9487,-0.2002,-0.1440,115.732,-11.768,2.134,3,41
-0.9414,-0.2593,-0.2124,115.244,-10.061,1.220,3,41
-0.9399,-0.2764,-0.1401,118.841,-7.683,-0.244,3,41
-0.9575,-0.2480,-0.0859,118.232,-7.561,-1.402,3,41
-0.9663,-0.2476,-0.0830,115.061,-8.049,-1.341,3,41
-0.9741,-0.2534,-0.0923,111.280,-8.171,-2.256,3,41
-0.9766,-0.2856,-0.0923,108.841,-7.500,-4.024,3,41
-0.9736,-0.2871,-0.0752,106.220,-7.134,-6.402,3,41
-3.5845,-0.1455,0.2012,4.573,-515.976,-334.817,4,41
-3.7065,-0.2749,0.1465,-10.000,-528.110,-332.927,4,41
-3.8223,-0.4126,0.0815,-25.183,-542.256,-333.110,4,41
-3.9355,-0.5288,0.0098,-42.439,-557.622,-334.817,4,41
-4.0449,-0.6440,-0.0435,-61.707,-573.415,-337.317,4,41
-4.1318,-0.7725,-0.0688,-82.805,-588.598,-340.610,4,41
-4.1440,-0.8374,-0.0771,-100.793,-603.902,-344.573,4,41
-4.3223,-0.9746,-0.0454,-115.549,-621.463,-348.171,4,41
-0.9814,-0.2847,-0.1191,100.732,-7.744,-7.500,3,41
-0.9893,-0.3335,-0.0552,97.866,-7.988,-8.537,3,41
-1.0010,-0.3237,-0.0625,92.988,-8.354,-10.549,3,41
-1.0034,-0.3086,0.0269,94.024,-6.951,-10.915,3,41
-1.0107,-0.2300,0.0728,86.890,-8.841,-11.768,3,41
-1.0073,-0.2490,-0.0049,79.268,-10.366,-11.951,3,41
-1.0068,-0.2822,0.0161,74.939,-11.220,-14.207,3,41
-1.0313,-0.2568,0.0928,66.768,-13.476,-15.183,3,41
-4.4102,-0.9976,-0.0020,-125.061,-635.305,-349.939,4,41
-4.5449,-0.9951,0.0586,-127.866,-645.671,-350.915,4,41
-4.7012,-0.9331,0.0952,-126.220,-653.293,-351.829,4,41
-4.8755,-0.8193,0.1045,-121.159,-657.317,-353.171,4,41
-5.0479,-0.6885,0.0972,-114.695,-657.927,-355.915,4,41
-5.2207,-0.5361,0.0605,-106.585,-656.341,-360.610,4,41
-5.4019,-0.3608,0.0264,-99.451,-655.915,-367.378,4,41
-5.5737,-0.2026,-0.0303,-94.329,-655.122,-375.183,4,41
-1.0195,-0.2490,0.1064,56.646,-16.646,-15.854,3,41
-1.0059,-0.2393,0.1089,46.707,-19.207,-16.585,3,41
-0.9893,-0.2104,0.1211,37.439,-21.951,-17.378,3,41
-0.9834,-0.1772,0.1343,28.720,-24.451,-16.646,3,41
-0.9863,-0.1445,0.1318,20.610,-26.402,-16.280,3,41
-1.0015,-0.1304,0.1177,14.451,-27.561,-15.610,3,41
-1.0112,-0.1157,0.1182,9.634,-27.744,-15.915,3,41
-1.0288,-0.1133,0.1011,5.671,-27.927,-15.854,3,41
-5.7119,-0.0811,-0.0659,-89.573,-654.695,-384.390,4,41
-5.7993,0.0542,-0.1030,-87.134,-655.305,-392.927,4,41
-5.8589,0.1670,-0.1675,-85.976,-656.402,-400.671,4,41
-5.9189,0.2773,-0.2534,-84.268,-658.232,-407.012,4,41
-5.9507,0.4053,-0.3281,-81.829,-660.427,-411.707,4,41
-5.9878,0.5542,-0.4238,-79.268,-663.171,-414.451,4,41
-6.0298,0.7300,-0.5112,-75.854,-666.341,-415.549,4,41
-6.0723,0.8911,-0.5972,-72.683,-670.000,-415.915,4,41
-1.0435,-0.1128,0.0581,1.037,-27.073,-16.341,3,41
-1.0425,-0.1182,0.0337,-0.183,-26.524,-16.768,3,41
-1.0405,-0.1719,-0.0269,-2.317,-24.817,-18.293,3,41
-1.0225,-0.2271,0.0234,1.098,-22.256,-21.037,3,41
-1.0288,-0.2358,0.0532,0.915,-20.793,-20.732,3,41
-1.0249,-0.2637,0.0107,-1.220,-20.061,-20.488,3,41
-1.0117,-0.3184,-0.0464,-3.293,-19.451,-22.073,3,41
-1.0000,-0.3408,-0.0718,-4.329,-19.085,-23.598,3,41
-6.0942,1.0908,-0.6797,-67.988,-674.329,-415.427,4,41
-6.1108,1.2686,-0.7295,-61.159,-679.085,-414.146,4,41
-6.1060,1.4424,-0.7666,-53.780,-685.427,-412.012,4,41
-6.0796,1.6099,-0.8096,-44.512,-692.683,-408.720,4,41
-6.0332,1.7515,-0.8506,-34.085,-700.000,-404.878,4,41
-5.9507,1.8887,-0.8989,-23.841,-709.512,-400.000,4,41
-5.8579,2.0190,-0.9824,-14.329,-720.915,-393.110,4,41
-5.7617,2.1494,-1.0498,-8.415,-734.878,-384.878,4,41
-1.0020,-0.3369,-0.0859,-4.207,-17.683,-24.390,3,41
-0.9912,-0.3213,-0.1001,-4.146,-16.890,-24.268,3,41
-0.9888,-0.3281,-0.1143,-4.451,-15.854,-24.146,3,41
-0.9746,-0.3354,-0.1328,-4.024,-15.000,-23.963,3,41
-0.9736,-0.3589,-0.1426,-3.354,-14.085,-24.024,3,41
-0.9648,-0.3750,-0.1538,-2.744,-13.049,-23.780,3,41
-0.9604,-0.3921,-0.1636,-2.439,-12.256,-23.415,3,41
-0.9404,-0.4028,-0.1704,-2.988,-11.951,-22.927,3,41
-5.6792,2.2905,-1.1260,-7.805,-751.524,-375.244,4,41
-5.6230,2.4136,-1.2261,-14.024,-769.817,-364.451,4,41
-5.6504,2.5967,-1.3574,-23.720,-786.707,-353.720,4,41
-11.8418,-9.0366,-5.5532,98.049,-735.183,-573.232,4,41
-12.3442,-11.3188,3.1772,101.463,-786.280,-831.585,4,41
-16.0000,-13.5913,-15.5083,-1092.866,-324.512,-274.817,4,41
-9.5547,15.6294,-15.9741,-495.183,36.707,-605.549,4,41
9.0425,14.7842,-15.9995,300.732,24.756,-434.390,4,41
-0.9351,-0.4150,-0.1680,-3.415,-12.561,-22.256,3,41
-0.9521,-0.4302,-0.1904,-4.756,-12.439,-21.585,3,41
-0.9419,-0.4800,-0.2661,-6.037,-12.073,-20.549,3,41
-0.9219,-0.5215,-0.1934,-5.244,-11.280,-20.427,3,41
-0.9331,-0.4790,-0.1836,-8.598,-13.659,-19.512,3,41
-0.9434,-0.4907,-0.1924,-14.329,-17.012,-17.561,3,41
-0.9312,-0.5073,-0.2280,-16.159,-17.073,-16.707,3,41
-0.8926,-0.4995,-0.2358,-14.085,-15.793,-15.915,3,41
6.3574,11.6719,-11.4526,-332.317,54.634,-276.037,4,41
-1.3110,11.5396,-8.1270,-1126.585,-284.085,-305.427,4,41
-6.3184,9.0620,-8.6016,-731.037,-437.500,-250.488,4,41
-7.8315,8.2744,-7.5986,-361.585,-324.451,-115.732,4,41
-4.3140,14.1133,-12.3594,-250.000,73.537,-35.488,4,41
1.5498,14.7056,-14.6196,-15.366,304.512,4.634,4,41
4.2544,13.2856,-9.8164,20.610,186.524,69.024,4,41
2.6465,11.4756,-5.4609,-61.707,4.695,160.488,4,41
-0.8657,-0.4512,-0.2549,-12.500,-15.549,-15.000,3,41
-0.8828,-0.4243,-0.2583,-11.646,-15.366,-13.780,3,41
-0.9253,-0.4233,-0.1992,-10.427,-14.390,-11.890,3,41
-0.9678,-0.4595,-0.1343,-11.280,-14.512,-9.817,3,41
-0.9746,-0.4810,-0.1025,-12.683,-14.451,-7.988,3,41
-0.9263,-0.5083,-0.1470,-12.378,-13.415,-7.195,3,41
-0.9019,-0.5269,-0.2236,-10.183,-11.220,-7.988,3,41
-0.9009,-0.5146,-0.2622,-7.134,-9.268,-9.085,3,41
2.0659,9.5981,-4.2852,-92.500,-137.317,200.915,4,41
2.2563,9.4336,-3.7681,-0.122,-209.085,216.463,4,41
2.3188,9.3232,-3.4146,211.951,-213.598,218.659,4,41
2.4429,8.6167,-2.4507,428.293,-182.988,209.146,4,41
2.0313,7.1865,-1.2842,551.890,-131.768,192.012,4,41
0.9365,5.7114,-0.5410,546.829,-106.402,153.537,4,41
0.0264,4.0317,-0.3110,404.695,-166.707,126.768,4,41
-0.4634,2.7559,-0.2593,248.476,-217.134,182.561,4,41
-0.9043,-0.4502,-0.2314,-3.841,-8.293,-9.817,3,41
-0.9116,-0.3550,-0.1846,-2.927,-7.622,-9.634,3,41
-0.9233,-0.2925,-0.1597,-2.500,-7.195,-9.390,3,41
-0.9453,-0.2466,-0.1494,-1.890,-6.768,-8.659,3,41
-0.9648,-0.2080,-0.1538,-1.280,-6.280,-9.268,3,41
-0.9883,-0.1826,-0.1348,-0.488,-6.280,-9.939,3,41
-1.0010,-0.1621,-0.1377,0.305,-6.037,-11.037,3,41
-0.9990,-0.1294,-0.1284,0.488,-5.793,-12.988,3,41
-0.3008,1.6147,-0.3340,97.439,-194.756,282.866,4,41
0.1689,0.2358,-0.5483,-16.159,-103.841,339.695,4,41
0.8164,-0.8862,-1.1665,-70.000,1.829,353.720,4,41
1.6499,-1.4785,-2.1157,-52.439,100.183,303.902,4,41
1.9102,-1.4253,-2.8423,13.598,162.500,209.207,4,41
2.0298,-1.0122,-3.1265,128.171,180.915,106.951,4,41
2.1265,-0.4697,-3.1094,227.622,174.939,20.915,4,41
2.2388,0.0952,-2.7979,281.951,156.646,-34.329,4,41
-0.9980,-0.1152,-0.1060,0.244,-5.976,-15.061,3,41
-1.0068,-0.0942,-0.0918,0.183,-5.732,-16.768,3,41
-1.0166,-0.0840,-0.0630,-0.122,-5.915,-18.171,3,41
-1.0244,-0.0869,-0.0400,-0.122,-5.549,-19.512,3,41
-1.0317,-0.1055,-0.0317,-0.061,-4.878,-20.610,3,41
-1.0254,-0.1226,-0.0322,0.671,-4.512,-21.829,3,41
-1.0156,-0.1416,-0.0259,1.220,-4.024,-23.659,3,41
-1.0127,-0.1484,-0.0234,0.915,-3.902,-25.305,3,41
2.2314,0.5405,-2.4102,299.878,137.256,-52.744,4,41
2.0234,0.9053,-2.0718,301.707,113.049,-39.573,4,41
1.7500,1.1250,-1.7036,299.939,81.159,-13.415,4,41
1.6729,1.3599,-1.4077,284.817,60.305,10.854,4,41
1.4585,1.4165,-1.2422,245.366,69.024,31.524,4,41
1.0098,1.2637,-0.9668,212.073,83.841,46.829,4,41
0.8140,1.1089,-0.9077,186.890,99.939,53.293,4,41
0.5347,0.8594,-0.8965,172.012,121.098,55.366,4,41
-1.0181,-0.1377,-0.0439,-0.854,-4.756,-26.890,3,41
-1.0146,-0.1587,-0.0518,-2.683,-5.549,-27.805,3,41
-1.0093,-0.1860,-0.0718,-3.476,-4.878,-29.146,3,41
-0.9854,-0.2124,-0.0635,-2.683,-3.476,-29.939,3,41
-0.9629,-0.2363,-0.0869,-0.976,-3.049,-30.305,3,41
-0.9463,-0.2368,-0.0918,0.488,-2.866,-30.427,3,41
-0.9434,-0.2393,-0.0874,0.732,-3.049,-30.549,3,41
-0.9365,-0.2539,-0.0947,-0.244,-3.841,-30.854,3,41
0.3896,0.6934,-0.8306,186.524,127.500,54.390,4,41
0.3623,0.6216,-0.7842,210.854,125.854,47.378,4,41
0.4097,0.6768,-0.6968,235.183,113.780,39.146,4,41
0.5581,0.8281,-0.6973,239.939,103.780,29.085,4,41
0.4990,0.8823,-0.6094,233.537,91.585,21.707,4,41
0.6670,0.9609,-0.5410,226.220,77.439,15.671,4,41
0.7603,0.9233,-0.6133,213.110,79.390,9.939,4,41
0.6528,0.8501,-0.5894,215.732,83.049,7.744,4,41
-0.9170,-0.2832,-0.1235,-1.524,-4.207,-30.793,3,41
-0.9004,-0.2871,-0.1230,-2.256,-4.695,-31.159,3,41
-0.8945,-0.3022,-0.1274,-4.207,-5.793,-31.280,3,41
-0.8872,-0.3140,-0.1431,-5.671,-6.524,-31.280,3,41
-0.8960,-0.3149,-0.1294,-7.195,-7.134,-30.305,3,41
-0.8931,-0.3320,-0.1387,-8.232,-7.561,-29.451,3,41
-0.8921,-0.3398,-0.1523,-9.451,-8.049,-28.293,3,41
-0.8911,-0.3462,-0.1489,-10.793,-9.024,-27.927,3,41
0.5435,0.8320,-0.5674,231.402,83.659,6.768,4,41
0.3789,0.8311,-0.5464,251.159,85.305,10.915,4,41
0.1587,0.8237,-0.4766,268.110,93.171,19.878,4,41
-0.0664,0.7231,-0.3975,276.037,103.963,32.927,4,41
-0.2422,0.5625,-0.2988,278.415,109.329,50.305,4,41
-0.3179,0.4277,-0.2085,279.451,106.524,67.622,4,41
-0.3608,0.3223,-0.1514,273.841,101.159,80.549,4,41
-0.4048,0.2109,-0.2300,256.463,89.207,89.329,4,41
-0.8794,-0.3828,-0.1748,-12.805,-9.878,-27.256,3,41
-0.8730,-0.4111,-0.1821,-13.415,-10.366,-26.646,3,41
-0.8745,-0.4209,-0.1699,-12.927,-11.037,-25.915,3,41
-0.8765,-0.4204,-0.1621,-13.476,-11.707,-25.061,3,41
-0.8794,-0.4160,-0.1665,-14.146,-12.134,-24.329,3,41
-0.8906,-0.4160,-0.1641,-15.000,-12.927,-23.476,3,41
-0.9087,-0.4087,-0.1650,-14.939,-13.232,-22.561,3,41
-0.9106,-0.3940,-0.1641,-16.220,-13.720,-21.341,3,41
-0.4360,0.0962,-0.3652,228.415,66.463,95.671,4,41
-0.5225,-0.0288,-0.5186,202.012,49.207,103.415,4,41
-0.6807,-0.1226,-0.6753,188.841,43.841,114.024,4,41
-0.8560,-0.1528,-0.7861,188.049,48.293,126.646,4,41
-1.0234,-0.1641,-0.8608,189.146,55.732,140.427,4,41
-1.1309,-0.1851,-0.9321,186.890,63.110,153.110,4,41
-1.2026,-0.2471,-1.0000,182.378,68.537,160.976,4,41
-1.2368,-0.3188,-1.0542,171.707,72.988,166.220,4,41
-0.9185,-0.3833,-0.1719,-17.622,-14.329,-20.427,3,41
-0.9248,-0.3945,-0.1846,-19.451,-14.756,-19.024,3,41
-0.9414,-0.3975,-0.1621,-19.329,-14.695,-17.988,3,41
-0.9341,-0.4097,-0.1606,-18.171,-14.146,-16.646,3,41
-0.9185,-0.4180,-0.1504,-15.976,-13.415,-15.244,3,41
-0.8999,-0.4111,-0.1133,-14.085,-13.110,-14.207,3,41
-0.8945,-0.4019,-0.0933,-13.232,-12.927,-12.439,3,41
-0.8896,-0.3984,-0.0869,-13.293,-12.866,-11.280,3,41
-1.2598,-0.3418,-1.1343,161.463,76.707,167.073,4,41
-1.2593,-0.3115,-1.1777,152.439,81.220,165.671,4,41
-1.2432,-0.2227,-1.2422,144.024,88.232,161.829,4,41
-1.2354,-0.1021,-1.3149,134.756,97.744,157.012,4,41
-1.2251,0.0186,-1.3906,125.854,108.720,150.732,4,41
-1.2329,0.1377,-1.4526,118.537,120.976,144.085,4,41
-1.2451,0.2607,-1.4829,110.061,134.329,138.415,4,41
-1.2759,0.3501,-1.4951,100.427,149.146,133.049,4,41
-0.9087,-0.4023,-0.1025,-13.537,-12.439,-9.573,3,41
-0.9170,-0.4199,-0.1294,-12.805,-11.280,-8.293,3,41
-0.9336,-0.4355,-0.1519,-11.890,-10.061,-7.195,3,41
-0.9575,-0.4370,-0.1387,-9.756,-7.805,-5.183,3,41
-0.9614,-0.4209,-0.1187,-7.439,-6.159,-3.659,3,41
-0.9570,-0.3989,-0.0854,-4.085,-3.963,-1.524,3,41
-0.9468,-0.3828,-0.0732,-1.585,-2.012,0.122,3,41
-0.9360,-0.3911,-0.0776,1.829,0.000,1.159,3,41
-1.3320,0.4053,-1.4932,89.390,165.183,129.207,4,41
-1.3970,0.4229,-1.4780,77.988,181.707,126.098,4,41
-1.4741,0.4092,-1.4365,66.159,198.415,123.780,4,41
-1.5684,0.3613,-1.4146,53.659,214.817,121.159,4,41
-1.6714,0.3086,-1.3877,43.598,229.512,119.390,4,41
-1.7476,0.2583,-1.3672,36.829,242.317,118.598,4,41
-1.8237,0.2417,-1.3584,31.402,253.171,118.537,4,41
-1.8975,0.2373,-1.3398,26.220,262.134,119.695,4,41
-0.9365,-0.4102,-0.0923,6.341,2.866,2.683,3,41
-0.9453,-0.4272,-0.0903,11.402,5.976,4.146,3,41
-0.9526,-0.4336,-0.0952,14.939,8.720,5.793,3,41
-0.9565,-0.4355,-0.0957,17.378,10.671,7.622,3,41
-0.9736,-0.4248,-0.0791,18.659,12.500,9.390,3,41
-0.9854,-0.4106,-0.0483,18.415,13.659,11.220,3,41
-0.9922,-0.4077,-0.0225,18.476,15.305,12.683,3,41
-1.0063,-0.3975,-0.0127,19.390,17.622,14.390,3,41
-1.9551,0.2578,-1.3232,21.220,269.207,121.829,4,41
-1.9819,0.2871,-1.2891,16.768,274.268,125.305,4,41
-1.9927,0.3369,-1.2510,12.622,277.256,128.537,4,41
-2.0010,0.3877,-1.2324,7.744,278.476,131.768,4,41
-1.9956,0.4546,-1.2095,2.927,279.634,134.695,4,41
-1.9946,0.5386,-1.2280,0.549,280.793,137.927,4,41
-1.9946,0.6211,-1.2480,-1.585,282.866,140.915,4,41
-1.9907,0.6987,-1.2480,-1.524,285.732,144.451,4,41
-1.0142,-0.3809,0.0122,20.793,20.061,15.915,3,41
-1.0098,-0.3765,-0.0054,22.256,22.805,17.378,3,41
-0.9907,-0.3936,-0.0239,23.720,24.512,18.598,3,41
-0.9775,-0.4170,-0.0537,25.976,26.220,20.061,3,41
-0.9673,-0.4517,-0.0786,28.659,28.720,21.037,3,41
-0.9663,-0.4854,-0.1045,31.524,31.768,22.195,3,41
-0.9580,-0.5205,-0.1470,34.573,34.756,23.476,3,41
-0.9380,-0.5444,-0.1704,37.012,37.073,24.634,3,41
0.3066,-0.9434,-0.3740,25.305,-105.427,-102.439,1,90
0.3076,-0.9551,-0.3643,24.939,-105.793,-102.866,1,90
0.2944,-0.9751,-0.3652,25.122,-106.463,-103.232,1,90
0.2866,-0.9893,-0.3628,24.939,-106.890,-103.415,1,90
0.2837,-1.0078,-0.3696,24.268,-107.378,-104.024,1,90
0.2832,-1.0200,-0.3706,23.354,-108.415,-104.207,1,90
0.2773,-1.0347,-0.3667,22.256,-108.659,-104.817,1,90
0.2642,-1.0449,-0.3716,20.854,-109.512,-105.427,1,90
0.2368,0.3418,-0.5103,5.305,-1.159,-87.622,2,90
0.2231,0.3447,-0.5122,5.000,-0.915,-88.598,2,90
0.2012,0.3472,-0.5059,4.817,-0.610,-89.634,2,90
0.1855,0.3521,-0.5107,4.756,-0.183,-90.610,2,90
0.1816,0.3486,-0.4995,5.122,-0.183,-91.463,2,90
0.1709,0.3467,-0.4932,5.732,0.244,-92.195,2,90
0.1553,0.3569,-0.5088,6.829,0.183,-93.354,2,90
0.1582,0.3462,-0.5020,8.659,0.305,-94.634,2,90
-0.9512,-0.4897,-0.1255,37.317,46.768,40.183,3,41
-0.9673,-0.4951,-0.1328,38.049,48.537,42.195,3,41
-0.9707,-0.5049,-0.1138,38.598,50.732,43.902,3,41
-0.9766,-0.5127,-0.0874,39.390,53.354,45.793,3,41
-0.9707,-0.5122,-0.0557,38.841,54.878,47.683,3,41
-0.9741,-0.5259,-0.0308,38.171,56.037,50.000,3,41
-0.9448,-0.5322,-0.0391,37.744,57.195,51.098,3,41
-0.9458,-0.5264,-0.0522,37.439,58.415,52.378,3,41
-2.4146,0.8867,-0.9692,91.768,296.768,192.134,4,41
-2.5029,0.8574,-0.9956,95.610,300.915,191.159,4,41
-2.6123,0.8159,-0.9795,99.085,305.244,190.366,4,41
-2.7178,0.7588,-0.9414,102.561,310.976,188.476,4,41
-2.7813,0.6978,-0.8857,106.341,318.171,186.220,4,41
-2.6807,0.6499,-0.8467,109.268,329.390,182.195,4,41
-2.4478,0.6411,-0.7041,111.890,338.780,179.695,4,41
-2.6621,0.5962,-0.6699,114.512,337.378,181.220,4,41
0.2051,0.3887,-0.5679,31.951,0.427,-103.049,2,90
0.2021,0.3945,-0.5762,35.000,0.366,-103.841,2,90
0.2188,0.4028,-0.5811,38.598,0.061,-104.878,2,90
0.2256,0.4102,-0.5830,42.073,0.671,-105.793,2,90
0.2295,0.4126,-0.5947,45.366,0.610,-106.890,2,90
0.2334,0.4194,-0.6001,48.841,0.854,-107.927,2,90
0.2544,0.4331,-0.6133,53.049,0.854,-109.146,2,90
0.2490,0.4414,-0.6221,57.195,1.402,-110.122,2,90
0.2798,-1.0645,-0.5225,18.354,-122.134,-125.976,1,90
0.2900,-1.0635,-0.5376,19.512,-122.622,-127.683,1,90
0.2993,-1.0605,-0.5601,20.244,-122.805,-129.390,1,90
0.3105,-1.0562,-0.5835,21.524,-123.415,-130.793,1,90
0.3169,-1.0591,-0.6035,22.866,-123.963,-132.439,1,90
0.3286,-1.0576,-0.6187,24.085,-124.146,-133.902,1,90
0.3286,-1.0610,-0.6343,26.098,-124.268,-135.488,1,90
0.3296,-1.0718,-0.6479,27.866,-124.268,-136.890,1,90
0.2646,0.4526,-0.6240,61.646,1.646,-111.220,2,90
0.2671,0.4673,-0.6221,65.915,2.134,-112.256,2,90
0.2773,0.4766,-0.6201,69.756,2.683,-113.293,2,90
0.2783,0.4927,-0.6196,73.598,3.171,-114.634,2,90
0.2808,0.4941,-0.6104,77.378,3.293,-115.610,2,90
0.2881,0.4985,-0.6069,81.037,3.537,-116.524,2,90
0.2935,0.5137,-0.6035,84.817,3.476,-117.927,2,90
0.2954,0.5044,-0.5830,88.598,3.841,-118.720,2,90
0.3384,-1.0703,-0.6689,30.061,-123.963,-138.293,1,90
0.3374,-1.0815,-0.6826,32.256,-123.659,-139.634,1,90
0.3408,-1.0840,-0.6909,34.329,-123.110,-140.854,1,90
0.3433,-1.0908,-0.7046,36.585,-123.293,-142.134,1,90
0.3442,-1.0938,-0.7124,38.720,-122.927,-143.415,1,90
0.3501,-1.0967,-0.7222,40.732,-122.683,-144.451,1,90
0.3511,-1.1177,-0.7329,42.561,-122.622,-145.854,1,90
0.3447,-1.1191,-0.7524,44.146,-122.744,-147.012,1,90
0.2866,0.5156,-0.5684,92.500,4.207,-119.512,2,90
0.2920,0.5195,-0.5571,96.280,4.268,-120.427,2,90
0.2866,0.5190,-0.5488,101.220,4.207,-121.280,2,90
0.2915,0.5186,-0.5474,103.049,4.329,-121.707,2,90
0.2969,0.5229,-0.5347,106.707,4.207,-122.256,2,90
0.2881,0.5225,-0.5327,109.939,4.024,-122.866,2,90
0.2979,0.5200,-0.5210,113.171,3.537,-123.537,2,90
0.2998,0.5093,-0.5308,116.341,3.049,-123.902,2,90
0.3423,-1.1353,-0.7651,45.244,-122.683,-148.415,1,90
0.3423,-1.1470,-0.7720,46.280,-122.561,-149.573,1,90
0.3472,-1.1626,-0.7793,46.098,-122.805,-150.793,1,90
0.3369,-1.1729,-0.7852,46.037,-123.110,-152.317,1,90
0.3340,-1.1914,-0.7778,45.061,-123.232,-154.024,1,90
0.3335,-1.2090,-0.7949,43.902,-123.537,-155.488,1,90
0.3330,-1.2183,-0.8071,42.317,-123.963,-156.951,1,90
0.3296,-1.2344,-0.8174,40.244,-124.085,-157.988,1,90
0.2988,0.5176,-0.5376,119.207,2.683,-124.390,2,90
0.3081,0.5122,-0.5698,124.024,1.951,-124.817,2,90
0.3130,0.5059,-0.5703,127.439,1.890,-125.000,2,90
0.3179,0.5024,-0.5815,128.780,1.768,-125.061,2,90
0.3213,0.5068,-0.5894,131.037,2.012,-125.488,2,90
0.3223,0.5034,-0.5894,133.354,2.439,-125.976,2,90
0.3242,0.5112,-0.6040,135.610,2.988,-126.280,2,90
0.3335,0.5078,-0.6162,137.988,3.780,-126.280,2,90
-0.6875,-0.1626,-0.5708,-16.707,45.366,71.159,3,41
-0.6753,-0.1812,-0.6050,-21.098,42.012,70.671,3,41
-0.6841,-0.2188,-0.6167,-24.939,38.415,70.427,3,41
-0.7046,-0.2651,-0.5942,-28.476,34.634,70.488,3,41
-0.7529,-0.3145,-0.5415,-32.683,31.159,70.366,3,41
-0.8096,-0.3774,-0.5044,-37.744,27.317,69.756,3,41
-0.8501,-0.4038,-0.4395,-42.439,23.841,69.817,3,41
-0.8882,-0.4038,-0.3799,-47.012,21.524,70.244,3,41
0.2583,-1.2964,-0.9795,13.659,-123.659,-169.878,1,90
0.2461,-1.3027,-0.9985,9.817,-122.744,-171.159,1,90
0.2349,-1.2993,-1.0181,5.732,-122.073,-172.317,1,90
0.2183,-1.2988,-1.0391,1.951,-121.402,-173.659,1,90
0.2026,-1.3013,-1.0664,-2.012,-120.244,-174.451,1,90
0.1943,-1.3052,-1.0742,-5.976,-119.390,-175.366,1,90
0.1895,-1.3096,-1.0996,-9.085,-117.683,-176.098,1,90
0.1724,-1.3213,-1.1147,-13.476,-116.159,-176.341,1,90
0.1636,-1.3198,-1.1323,-16.951,-114.390,-176.768,1,90
0.1455,-1.3286,-1.1548,-20.427,-112.256,-177.134,1,90
0.1343,-1.3340,-1.1665,-24.207,-110.610,-177.805,1,90
0.1230,-1.3394,-1.1768,-27.866,-108.659,-177.744,1,90
0.1104,-1.3486,-1.1841,-32.317,-106.890,-177.866,1,90
0.0952,-1.3516,-1.2256,-36.402,-104.512,-178.110,1,90
0.0806,-1.3584,-1.2456,-41.098,-102.378,-178.293,1,90
0.0571,-1.3716,-1.2632,-45.549,-99.695,-178.171,1,90
-1.1963,-0.3267,-0.1304,-77.439,12.195,81.402,3,41
-1.1948,-0.3345,-0.0762,-81.890,12.378,83.171,3,41
-1.2114,-0.3931,0.0469,-89.207,10.915,85.244,3,41
-1.3154,-0.5269,0.0889,-95.305,9.695,87.866,3,41
-1.0054,-0.3950,0.2061,-103.110,10.427,87.988,3,41
-0.7954,-0.2461,0.3989,-108.476,5.549,89.878,3,41
-0.6069,-0.1460,-0.0093,-114.451,4.695,91.280,3,41
-0.6191,0.0142,-0.0415,-103.476,7.744,89.756,3,41
0.0361,-1.3823,-1.2847,-49.756,-96.585,-177.927,1,90
0.0132,-1.3828,-1.2959,-53.415,-93.659,-177.805,1,90
-0.0215,-1.3774,-1.3169,-56.768,-90.427,-177.317,1,90
-0.0527,-1.3735,-1.3276,-60.061,-86.829,-177.073,1,90
-0.0942,-1.3584,-1.3394,-64.817,-82.256,-176.159,1,90
-0.1265,-1.3462,-1.3442,-68.415,-78.963,-175.183,1,90
-0.1597,-1.3286,-1.3447,-70.061,-75.183,-174.146,1,90
-0.1953,-1.3003,-1.3457,-72.988,-72.073,-172.866,1,90
0.8735,0.7529,-0.5078,160.793,-5.976,-111.768,2,90
0.8838,0.7451,-0.5156,157.866,-8.598,-111.220,2,90
0.9082,0.7295,-0.5132,154.512,-10.671,-110.610,2,90
0.9331,0.7168,-0.5269,149.634,-12.927,-110.061,2,90
0.9551,0.6929,-0.5420,145.000,-14.146,-109.878,2,90
0.9746,0.6772,-0.5679,140.122,-14.939,-109.329,2,90
1.0083,0.6587,-0.5840,135.244,-15.122,-108.780,2,90
1.0308,0.6421,-0.6089,129.146,-15.000,-108.415,2,90
-0.7275,-0.1880,-0.5620,-72.195,5.244,67.195,3,41
-0.8696,-0.0981,-0.5869,-68.780,4.268,67.256,3,41
-0.9609,-0.0410,-0.5884,-60.488,6.220,67.561,3,41
-0.9854,-0.0137,-0.5229,-51.768,8.476,67.012,3,41
-1.0435,-0.0459,-0.4624,-45.061,9.451,66.707,3,41
-1.1250,-0.0942,-0.3989,-39.939,9.939,66.524,3,41
-1.2139,-0.1465,-0.3076,-37.195,10.122,66.524,3,41
-1.3071,-0.1924,-0.2603,-36.768,9.268,66.646,3,41
-0.5518,-1.0430,-1.3760,-77.866,-32.500,-146.524,1,90
-0.6001,-1.0098,-1.3955,-77.439,-27.317,-141.951,1,90
-0.6479,-0.9780,-1.3950,-76.402,-22.317,-136.646,1,90
-0.6963,-0.9453,-1.4033,-75.793,-17.378,-132.134,1,90
-0.7563,-0.9189,-1.4102,-74.695,-13.110,-127.256,1,90
-0.7891,-0.8862,-1.4067,-73.902,-8.354,-122.256,1,90
-0.8467,-0.8398,-1.3857,-72.927,-3.720,-117.439,1,90
-0.8882,-0.7969,-1.3926,-72.134,1.585,-112.561,1,90
1.2441,0.5928,-0.7505,70.549,-1.707,-106.341,2,90
1.2710,0.6064,-0.7783,63.963,0.122,-106.098,2,90
1.2891,0.6309,-0.7944,57.622,2.012,-106.159,2,90
1.3179,0.6455,-0.8213,51.463,3.963,-105.427,2,90
1.3418,0.6660,-0.8491,45.427,6.585,-104.695,2,90
1.3589,0.6855,-0.8770,39.634,9.207,-103.110,2,90
1.3867,0.7036,-0.9033,34.146,12.622,-101.402,2,90
1.4067,0.7183,-0.9302,29.451,16.585,-99.329,2,90
-1.0308,0.2988,-0.3667,-5.366,10.610,57.500,3,41
-0.9727,0.2744,-0.2793,-5.183,9.207,57.439,3,41
-0.9272,0.2798,-0.2261,-5.366,6.829,58.476,3,41
-1.1831,0.1978,-0.2349,-1.829,4.634,61.463,3,41
-0.6924,1.3931,0.0190,-5.732,1.220,74.695,3,41
-0.9712,1.5811,0.3218,6.159,-8.841,83.110,3,41
-1.1831,1.1094,0.2993,34.695,3.902,73.354,3,41
-0.6919,0.6631,0.3848,56.524,12.134,60.671,3,41
-1.2993,-0.0884,-1.2256,-61.951,52.805,-61.341,1,90
-1.3169,-0.0288,-1.1821,-61.159,56.220,-57.622,1,90
-1.3745,0.1152,-1.1035,-59.939,62.134,-50.366,1,90
-1.4683,0.3203,-0.9761,-59.085,69.573,-37.561,1,90
-1.5405,0.4575,-0.9097,-57.927,74.085,-28.293,1,90
-1.6055,0.6079,-0.8403,-57.134,76.951,-18.598,1,90
-1.6821,0.7227,-0.8042,-57.317,79.146,-7.683,1,90
-1.7500,0.8242,-0.7871,-54.207,81.341,3.354,1,90
1.3057,0.8057,-1.0005,0.793,51.402,-76.159,2,90
1.2480,0.7871,-1.0288,0.488,49.939,-74.451,2,90
1.1899,0.7778,-1.0488,0.793,47.805,-72.134,2,90
1.1538,0.7544,-1.0625,0.488,45.305,-69.573,2,90
1.1230,0.7305,-1.0640,-1.220,43.293,-66.220,2,90
1.1025,0.6943,-1.0698,-4.512,41.890,-61.768,2,90
1.0981,0.6567,-1.0713,-9.024,40.915,-56.585,2,90
1.1265,0.6060,-1.0708,-13.841,40.000,-50.244,2,90
-0.4946,-0.1465,-0.7969,89.573,2.317,7.866,3,41
-0.4473,-0.3105,-0.8076,85.671,-0.366,0.427,3,41
-0.4331,-0.4370,-0.8184,79.146,-4.024,-6.768,3,41
-0.4609,-0.5068,-0.8550,71.341,-7.683,-13.232,3,41
-0.5054,-0.5244,-0.8706,64.329,-11.402,-18.598,3,41
-0.5776,-0.5029,-0.8442,58.110,-14.878,-23.659,3,41
-0.6597,-0.4429,-0.7588,51.585,-18.293,-27.805,3,41
-0.7383,-0.3823,-0.6699,44.817,-21.524,-31.768,3,41
-2.1924,1.1318,-0.9658,-17.439,87.988,74.085,1,90
-2.1582,1.0781,-0.9985,-12.256,88.354,75.854,1,90
-2.1123,1.0264,-1.0210,-7.561,88.354,77.744,1,90
-2.0615,0.9639,-1.0410,-3.780,88.537,79.024,1,90
-2.0000,0.9087,-1.0376,-0.732,88.293,81.159,1,90
-1.9277,0.8550,-1.0352,1.524,87.927,83.963,1,90
-1.8740,0.8071,-1.0244,3.232,87.195,87.012,1,90
-1.8184,0.7642,-1.0078,4.451,86.951,91.524,1,90
1.9287,0.1636,-0.9819,-66.098,21.220,13.963,2,90
1.9976,0.1426,-1.0044,-69.390,15.671,17.134,2,90
2.0347,0.1411,-1.0366,-72.073,9.695,19.024,2,90
2.0469,0.1636,-1.0732,-74.085,2.744,19.573,2,90
2.0117,0.1963,-1.1050,-75.976,-4.024,19.695,2,90
1.9541,0.2422,-1.1333,-78.232,-10.183,19.573,2,90
1.8813,0.3047,-1.1636,-80.122,-15.671,19.268,2,90
1.7852,0.3682,-1.1953,-81.951,-20.854,19.634,2,90
-1.7778,0.7349,-1.0034,4.512,87.012,97.195,1,90
-1.7495,0.7251,-1.0103,3.902,87.378,103.963,1,90
-1.7192,0.7119,-1.0088,1.463,87.500,111.768,1,90
-1.7095,0.6982,-0.9712,0.061,89.146,120.061,1,90
-1.7036,0.7231,-0.9507,1.280,92.378,129.024,1,90
-1.6904,0.7432,-0.9541,0.610,95.366,138.841,1,90
-1.6548,0.7598,-0.9575,-0.610,97.012,148.354,1,90
-1.6230,0.7778,-0.9526,-1.646,98.780,158.476,1,90
1.6924,0.4297,-1.2192,-83.476,-24.451,20.732,2,90
1.5981,0.4985,-1.2349,-84.878,-27.561,23.110,2,90
1.5205,0.5693,-1.2559,-85.488,-30.000,25.732,2,90
1.4600,0.6138,-1.2759,-85.915,-32.561,29.390,2,90
1.4033,0.6743,-1.2808,-85.732,-34.390,33.415,2,90
1.3662,0.7134,-1.2837,-85.122,-36.890,37.378,2,90
1.3330,0.7378,-1.2661,-83.171,-39.024,42.073,2,90
1.3027,0.7676,-1.2417,-80.366,-41.829,46.463,2,90
-1.1465,-0.0615,-0.0986,72.622,5.122,-52.683,3,41
-1.1133,-0.0879,-0.1221,73.232,7.012,-53.720,3,41
-1.0762,-0.1455,-0.1729,72.500,9.695,-54.756,3,41
-1.0308,-0.2202,-0.2344,69.695,11.890,-56.768,3,41
-0.9873,-0.2822,-0.2485,65.488,13.841,-57.866,3,41
-0.9258,-0.3623,-0.2202,56.037,15.122,-59.207,3,41
-0.9019,-0.3618,-0.2002,47.927,14.939,-60.183,3,41
-0.9092,-0.3145,-0.1660,39.695,14.390,-60.793,3,41
-2.7280,-1.4258,3.6841,0.793,160.366,33.780,4,41
-2.7480,-1.5303,3.9697,-1.402,150.671,44.024,4,41
-2.7627,-1.6025,4.1987,-3.049,139.878,54.451,4,41
-2.8384,-1.6919,4.2939,-4.085,130.732,64.817,4,41
-2.9590,-1.8115,3.9727,-6.707,127.378,73.293,4,41
-3.1909,-1.9868,3.1313,-11.524,134.573,75.976,4,41
-3.5098,-2.1025,1.8647,-22.805,148.598,71.037,4,41
-3.6851,-2.1655,0.4785,-37.622,159.756,55.000,4,41
-0.9517,-0.2607,-0.1421,31.951,13.720,-61.098,3,41
-1.0273,-0.2246,-0.1128,23.110,12.866,-61.585,3,41
-1.0996,-0.1953,-0.0845,15.488,11.707,-62.561,3,41
-1.1421,-0.1909,-0.0649,8.537,11.220,-64.573,3,41
-1.1260,-0.1924,-0.0449,3.293,10.915,-66.463,3,41
-1.0972,-0.1533,-0.0220,-2.683,9.451,-68.049,3,41
-1.0703,-0.1138,-0.0239,-10.061,6.829,-69.451,3,41
-1.0415,-0.0840,-0.0747,-16.829,4.451,-71.037,3,41
-1.2524,0.7109,-0.5435,52.683,111.098,310.427,1,90
-1.2212,0.6768,-0.5308,53.354,111.646,315.061,1,90
-1.2012,0.6421,-0.5015,53.415,112.439,318.598,1,90
-1.1650,0.5962,-0.4932,52.439,114.268,321.768,1,90
-1.1387,0.5347,-0.4795,52.073,115.549,324.329,1,90
-1.1035,0.4712,-0.4741,53.049,118.049,326.646,1,90
-1.0820,0.3892,-0.4668,56.463,120.488,329.268,1,90
-1.0435,0.3232,-0.4614,60.244,123.415,331.159,1,90
1.5532,0.1733,-0.4541,-20.305,-93.598,124.939,2,90
1.5254,0.1372,-0.4292,-20.549,-95.244,127.317,2,90
1.4976,0.1006,-0.3970,-21.159,-96.707,128.963,2,90
1.4536,0.0713,-0.3687,-23.354,-97.561,130.488,2,90
1.4116,0.0488,-0.3350,-26.159,-98.293,131.280,2,90
1.3604,0.0259,-0.3188,-29.390,-98.354,131.951,2,90
1.3101,0.0078,-0.2891,-32.683,-97.927,132.439,2,90
1.2607,-0.0083,-0.2710,-35.915,-97.439,133.049,2,90
-1.0156,0.2261,-0.4468,64.634,126.037,333.537,1,90
-0.9858,0.1387,-0.4292,69.329,128.171,335.305,1,90
-0.9580,0.0303,-0.4004,73.659,131.098,337.134,1,90
-0.9390,-0.0718,-0.3701,77.927,133.232,338.720,1,90
-0.9277,-0.1890,-0.3125,82.317,135.427,339.512,1,90
-0.9238,-0.3066,-0.2632,86.768,137.500,340.000,1,90
-0.9204,-0.4365,-0.2021,90.366,138.963,340.183,1,90
-0.9229,-0.5674,-0.1641,92.805,140.305,339.085,1,90
-0.9316,-0.7646,-0.0972,93.476,141.280,336.402,1,90
-0.9409,-0.9033,-0.0693,91.220,140.976,333.963,1,90
-0.9595,-1.0449,-0.0498,87.561,139.756,331.037,1,90
-0.9756,-1.1841,-0.0425,82.683,138.476,328.354,1,90
-0.9829,-1.3271,-0.0542,76.585,136.402,325.854,1,90
-0.9912,-1.4541,-0.0732,69.939,134.024,324.146,1,90
-1.0176,-1.5488,-0.0991,62.561,131.098,323.354,1,90
-1.0137,-1.6704,-0.1284,55.305,128.415,322.744,1,90
-0.8467,-0.3413,-0.5220,-73.780,-46.890,-79.756,3,41
-0.8218,-0.3721,-0.5713,-73.537,-50.000,-79.390,3,41
-0.8018,-0.4087,-0.5981,-75.488,-53.841,-77.744,3,41
-0.7842,-0.4214,-0.6157,-77.134,-58.293,-76.341,3,41
-0.7954,-0.4053,-0.5996,-79.146,-62.012,-74.817,3,41
-0.7788,-0.3794,-0.5659,-81.098,-66.037,-73.841,3,41
-0.7837,-0.3521,-0.5317,-82.988,-68.720,-72.195,3,41
-0.7949,-0.3208,-0.4927,-85.000,-72.134,-69.939,3,41
0.9600,-0.0103,-0.0938,-61.159,-79.756,144.756,2,90
0.9590,-0.0059,-0.0854,-62.988,-77.195,147.012,2,90
0.9507,0.0083,-0.0869,-63.537,-74.695,149.329,2,90
0.9585,0.0166,-0.0630,-64.268,-72.622,151.463,2,90
0.9648,0.0269,-0.0688,-64.573,-70.549,153.537,2,90
0.9707,0.0405,-0.0747,-64.634,-68.598,155.488,2,90
0.9775,0.0503,-0.0894,-63.841,-66.585,157.256,2,90
0.9785,0.0723,-0.1030,-62.988,-64.573,158.476,2,90
-0.8569,-2.0601,-0.4063,-27.195,113.232,351.524,1,90
-0.8350,-2.0645,-0.4238,-31.768,111.829,355.183,1,90
-0.8052,-2.0879,-0.4551,-35.122,110.183,357.744,1,90
-0.7759,-2.1060,-0.4688,-36.951,108.537,358.963,1,90
-0.7529,-2.1235,-0.4775,-37.317,106.951,358.354,1,90
-0.7344,-2.1519,-0.4629,-35.976,105.183,355.488,1,90
-0.7041,-2.1748,-0.4463,-34.024,103.841,351.037,1,90
-0.6733,-2.1963,-0.4106,-31.280,102.073,344.451,1,90
-0.8950,-0.3662,-0.2744,-86.707,-75.488,-53.354,3,41
-0.9214,-0.3374,-0.2778,-85.854,-74.939,-51.524,3,41
-0.9385,-0.3208,-0.2954,-85.610,-73.720,-50.183,3,41
-0.9595,-0.3091,-0.2925,-83.720,-71.524,-48.476,3,41
-0.9795,-0.3081,-0.2734,-80.122,-68.841,-46.890,3,41
-1.0039,-0.3032,-0.2227,-75.793,-65.244,-45.122,3,41
-1.0107,-0.3242,-0.1963,-70.793,-61.768,-44.024,3,41
-0.9907,-0.3481,-0.2036,-65.793,-59.146,-43.171,3,41
-2.0273,-0.7896,1.0942,80.305,-233.720,-216.707,4,41
-2.0864,-0.7915,1.0938,70.915,-243.537,-217.744,4,41
-2.1523,-0.8066,1.0752,58.354,-253.171,-218.780,4,41
-2.2339,-0.8125,1.0654,43.902,-263.049,-219.329,4,41
-2.3140,-0.8018,1.0298,26.890,-273.537,-219.024,4,41
-2.3984,-0.7686,0.9878,8.049,-282.378,-217.378,4,41
-2.4800,-0.7168,0.9351,-11.524,-289.939,-215.305,4,41
-2.5449,-0.6470,0.8838,-31.341,-295.427,-212.683,4,41
-0.9717,-0.3921,-0.2188,-53.415,-52.744,-41.707,3,41
-0.9668,-0.3892,-0.2231,-49.085,-50.366,-40.671,3,41
-0.9663,-0.3784,-0.2422,-42.744,-46.768,-38.963,3,41
-0.9614,-0.3779,-0.2476,-38.171,-44.146,-37.805,3,41
-0.9722,-0.3706,-0.2524,-35.366,-41.951,-36.768,3,41
-0.9736,-0.3779,-0.2402,-33.110,-39.817,-35.610,3,41
-0.9727,-0.3730,-0.2114,-30.671,-37.439,-34.329,3,41
-0.9727,-0.3745,-0.1797,-29.512,-35.427,-32.378,3,41
-2.6196,-0.5605,0.8364,-50.427,-299.939,-209.756,4,41
-2.6875,-0.4673,0.7905,-68.415,-303.415,-207.012,4,41
-2.7720,-0.3677,0.7305,-86.707,-306.463,-204.939,4,41
-2.8579,-0.2783,0.6704,-102.134,-308.476,-203.963,4,41
-2.9375,-0.1953,0.6108,-114.695,-309.939,-204.146,4,41
-3.0107,-0.1094,0.5483,-122.561,-311.220,-205.854,4,41
-3.0840,-0.0396,0.4946,-125.549,-312.561,-209.024,4,41
-3.1577,0.0249,0.4438,-123.902,-314.817,-212.805,4,41
-0.9775,-0.3921,-0.1519,-27.073,-31.951,-29.573,3,41
-0.9790,-0.4141,-0.1392,-24.695,-29.146,-27.744,3,41
-0.9751,-0.4272,-0.1182,-21.890,-25.915,-26.098,3,41
-0.9463,-0.4194,-0.1196,-18.659,-22.500,-23.598,3,41
-0.9443,-0.4072,-0.1157,-16.402,-19.634,-20.061,3,41
-0.9517,-0.4248,-0.1338,-15.549,-17.744,-17.683,3,41
-0.9692,-0.4409,-0.1396,-14.024,-15.549,-16.037,3,41
-0.9727,-0.4453,-0.1753,-12.683,-12.988,-14.146,3,41
-3.2134,0.0913,0.3975,-117.988,-316.890,-218.415,4,41
-3.2783,0.1563,0.3403,-108.598,-319.390,-224.207,4,41
-3.3379,0.2188,0.2969,-99.085,-322.378,-230.244,4,41
-3.3833,0.2603,0.2480,-90.000,-325.854,-237.073,4,41
-3.4473,0.2944,0.2056,-82.805,-328.780,-244.695,4,41
-3.5078,0.3130,0.1484,-76.951,-332.683,-252.561,4,41
-3.5405,0.3208,0.0854,-72.439,-336.159,-260.488,4,41
-3.5820,0.3086,0.0356,-68.841,-339.390,-266.768,4,41
-0.9766,-0.4478,-0.1812,-11.890,-10.976,-12.866,3,41
-0.9717,-0.4580,-0.1748,-10.732,-8.963,-11.280,3,41
-0.9678,-0.4624,-0.1880,-8.902,-6.585,-9.878,3,41
-0.9668,-0.4712,-0.2002,-7.256,-4.451,-9.146,3,41
-0.9526,-0.4629,-0.1934,-4.817,-2.195,-7.805,3,41
-0.9463,-0.4580,-0.1831,-2.683,0.305,-6.707,3,41
-0.9438,-0.4468,-0.1533,-0.671,2.927,-5.305,3,41
-0.9419,-0.4468,-0.1436,1.463,5.488,-3.598,3,41
0.4609,-2.9058,-0.3838,44.024,72.927,161.341,1,90
0.4683,-2.8906,-0.3945,41.524,73.293,156.524,1,90
0.4702,-2.8745,-0.3970,38.598,73.354,151.463,1,90
0.4683,-2.8516,-0.3853,36.037,73.110,145.549,1,90
0.4668,-2.8130,-0.3789,33.293,72.927,139.268,1,90
0.4653,-2.7661,-0.3667,30.793,72.317,131.890,1,90
0.4600,-2.7212,-0.3716,28.720,71.951,124.207,1,90
0.4575,-2.6611,-0.3491,27.195,71.098,116.098,1,90
0.0405,0.2017,-0.6567,14.451,-34.329,130.366,2,90
0.0508,0.2124,-0.6587,15.244,-30.793,129.268,2,90
0.0503,0.2183,-0.6621,16.220,-27.866,128.598,2,90
0.0591,0.2256,-0.6675,16.585,-24.390,127.683,2,90
0.0728,0.2354,-0.6670,17.378,-20.976,126.951,2,90
0.0942,0.2354,-0.6675,17.866,-18.598,125.671,2,90
0.0947,0.2485,-0.6641,18.171,-15.671,124.756,2,90
0.1104,0.2515,-0.6631,18.720,-13.415,123.232,2,90
0.4482,-2.6108,-0.3354,26.890,70.976,108.293,1,90
0.4443,-2.5479,-0.3276,26.707,70.244,100.183,1,90
0.4448,-2.4858,-0.3105,26.951,69.756,92.439,1,90
0.4463,-2.4390,-0.2891,27.744,69.329,84.695,1,90
0.4434,-2.3809,-0.2822,29.085,68.841,77.317,1,90
0.4502,-2.3306,-0.2622,30.610,68.354,70.305,1,90
0.4570,-2.2896,-0.2520,32.500,67.439,63.780,1,90
0.4526,-2.2466,-0.2222,34.451,66.341,56.951,1,90
0.1147,0.2554,-0.6787,19.146,-11.280,121.585,2,90
0.1294,0.2622,-0.6724,19.390,-9.146,120.122,2,90
0.1240,0.2734,-0.6606,18.354,-6.159,117.805,2,90
0.1274,0.2754,-0.6626,17.805,-5.000,116.463,2,90
0.1255,0.2739,-0.6484,16.707,-3.232,115.183,2,90
0.1226,0.2744,-0.6489,15.244,-0.915,113.415,2,90
0.1157,0.2778,-0.6460,13.415,0.732,111.341,2,90
0.0986,0.2808,-0.6367,11.280,2.866,109.451,2,90
0.4536,-2.1875,-0.1904,36.646,65.061,47.622,1,90
0.4600,-2.1484,-0.1802,37.927,63.720,41.098,1,90
0.4771,-2.1113,-0.1626,39.390,62.256,35.549,1,90
0.4736,-2.0879,-0.1533,39.634,60.793,30.061,1,90
0.4785,-2.0596,-0.1401,39.878,58.841,24.573,1,90
0.4858,-2.0376,-0.1323,39.573,57.256,19.695,1,90
0.4863,-2.0107,-0.1226,38.963,55.488,14.878,1,90
0.4932,-1.9985,-0.1226,38.415,53.537,10.366,1,90
0.0898,0.2817,-0.6387,7.744,4.207,107.256,2,90
0.0649,0.2622,-0.6279,1.890,5.915,104.268,2,90
0.0474,0.2520,-0.6191,-0.366,6.585,103.049,2,90
0.0425,0.2349,-0.6147,-4.878,7.500,100.854,2,90
0.0264,0.2158,-0.6133,-9.817,8.110,98.720,2,90
0.0127,0.1875,-0.6211,-14.756,9.085,96.220,2,90
-0.0029,0.1729,-0.6118,-19.512,10.183,93.720,2,90
-0.0181,0.1455,-0.6338,-24.207,11.098,91.524,2,90
0.4946,-1.9722,-0.1230,37.500,51.402,5.793,1,90
0.4985,-1.9512,-0.1206,35.976,49.512,1.707,1,90
0.4951,-1.9307,-0.1133,34.329,48.232,-2.439,1,90
0.5015,-1.9048,-0.1138,32.561,45.915,-6.524,1,90
0.5029,-1.8813,-0.1128,30.915,44.024,-10.671,1,90
0.5078,-1.8564,-0.1035,28.659,42.256,-14.268,1,90
0.5244,-1.8306,-0.1074,26.463,40.549,-18.232,1,90
0.5313,-1.8042,-0.1133,24.085,38.476,-21.768,1,90
-0.0313,0.1104,-0.6538,-31.402,13.659,87.622,2,90
-0.0444,0.0942,-0.6514,-35.915,15.427,85.183,2,90
-0.0522,0.0962,-0.6519,-38.049,16.707,84.329,2,90
-0.0493,0.0723,-0.6597,-42.134,19.085,81.220,2,90
-0.0513,0.0708,-0.6631,-46.951,22.073,78.841,2,90
-0.0620,0.0688,-0.6743,-51.280,25.000,76.159,2,90
-0.0527,0.0776,-0.6831,-56.037,28.171,73.232,2,90
-0.0483,0.0825,-0.6836,-60.183,31.341,70.671,2,90
-0.8911,-0.2065,-0.2856,45.976,16.280,-3.354,3,41
-0.8901,-0.1807,-0.2773,49.268,17.012,-2.622,3,41
-0.8960,-0.1655,-0.2803,52.256,17.805,-1.585,3,41
-0.8950,-0.1699,-0.2690,55.671,18.902,-0.549,3,41
-0.9019,-0.1846,-0.2637,58.537,20.122,0.366,3,41
-0.8896,-0.2173,-0.2573,60.183,20.366,1.159,3,41
-0.8970,-0.2642,-0.2632,61.159,20.732,1.890,3,41
-0.8999,-0.3013,-0.2617,61.098,20.549,2.378,3,41
-2.4580,1.4966,-0.3579,-118.659,-463.476,-230.244,4,41
-2.3813,1.5693,-0.3442,-106.951,-472.805,-223.841,4,41
-2.3193,1.6460,-0.3486,-95.732,-483.902,-216.159,4,41
-2.2632,1.7290,-0.4141,-84.573,-495.915,-208.598,4,41
-2.4326,2.2290,-0.8359,-78.659,-503.171,-199.390,4,41
-7.6431,-14.2627,-0.8003,-90.366,-439.756,-334.939,4,41
-11.0103,-1.9199,-13.6450,-506.646,-551.951,-601.402,4,41
-3.6885,13.1465,-15.9448,-123.171,-83.476,-189.085,4,41
-0.8999,-0.3638,-0.2632,59.329,19.634,2.683,3,41
-0.8994,-0.3604,-0.2495,57.805,18.841,2.927,3,41
-0.9185,-0.3896,-0.2490,54.756,17.134,3.415,3,41
-0.9795,-0.4155,-0.3286,52.073,16.524,3.232,3,41
-1.0200,-0.4517,-0.3018,51.280,15.854,3.354,3,41
-0.9902,-0.3701,-0.1665,52.500,16.098,1.829,3,41
-0.9897,-0.3252,-0.2495,46.463,13.293,1.463,3,41
-1.0425,-0.3696,-0.2349,43.963,12.683,1.951,3,41
3.6118,8.8662,-15.9990,256.646,302.744,-66.220,4,41
-0.9893,12.1187,-7.6113,-605.854,211.890,-383.537,4,41
-2.4521,15.2998,-8.1206,-1127.744,-28.354,-451.098,4,41
-3.0957,12.5503,-10.3584,-730.976,-4.756,-279.207,4,41
-2.0156,7.7012,-9.9312,-167.744,63.902,-53.963,4,41
0.2222,6.9512,-8.9897,142.256,181.890,98.476,4,41
1.0933,7.5537,-10.4790,158.598,237.317,174.268,4,41
1.8716,6.3716,-9.6118,206.890,224.634,167.988,4,41
-1.0200,-0.3545,-0.1992,43.537,11.402,0.244,3,41
-0.9585,-0.3076,-0.1875,41.951,10.366,-1.037,3,41
-0.9077,-0.2432,-0.1826,39.817,9.146,-1.646,3,41
-0.8530,-0.1655,-0.1489,35.488,6.829,-2.866,3,41
-0.8379,-0.0830,-0.0928,29.695,3.232,-3.659,3,41
-0.9185,-0.0938,-0.1226,22.317,0.793,-1.707,3,41
-1.0576,-0.1978,-0.1104,19.329,1.402,-0.061,3,41
-1.1460,-0.2700,0.0059,22.622,6.341,0.915,3,41
2.5767,3.6934,-5.4307,185.549,171.280,105.732,4,41
2.6948,3.4956,-2.3496,110.366,47.866,42.073,4,41
3.1968,3.6777,-1.9272,192.561,-77.256,22.500,4,41
3.6436,3.6685,-1.6777,400.854,-119.573,51.402,4,41
3.5479,4.0146,-1.9370,533.598,-74.329,78.415,4,41
3.0801,3.5532,-2.0327,573.476,-9.756,82.622,4,41
2.6333,2.8813,-1.3970,544.817,25.854,60.549,4,41
2.1309,2.2925,-0.4204,479.939,28.110,26.463,4,41
-1.1191,-0.2778,0.0508,25.915,9.451,0.610,3,41
-1.0068,-0.2920,-0.0342,24.390,8.293,0.549,3,41
-0.9385,-0.3228,-0.0928,22.683,6.463,-0.183,3,41
-0.9521,-0.3311,-0.0737,22.500,6.768,-0.732,3,41
-0.9971,-0.3022,-0.0522,19.024,5.427,-1.402,3,41
-1.0156,-0.2832,-0.0845,12.622,2.073,-2.988,3,41
-1.0083,-0.2803,-0.1504,7.561,-0.732,-5.488,3,41
-0.9980,-0.2729,-0.1768,4.817,-2.561,-7.317,3,41
0.2393,-1.3062,-0.0371,-17.744,-19.268,-55.732,1,90
0.2393,-1.2969,-0.0376,-18.354,-20.793,-55.122,1,90
0.2266,-1.2949,-0.0327,-19.024,-22.561,-54.512,1,90
0.2227,-1.2852,-0.0308,-19.634,-24.268,-54.146,1,90
0.2144,-1.2729,-0.0415,-20.305,-26.037,-53.902,1,90
0.2051,-1.2671,-0.0430,-20.671,-27.622,-53.293,1,90
0.2080,-1.2578,-0.0498,-21.220,-28.963,-52.744,1,90
0.2061,-1.2500,-0.0508,-20.915,-30.549,-52.195,1,90
0.2930,0.5156,-0.5273,-105.671,46.341,24.085,2,90
0.3008,0.5190,-0.5386,-104.817,46.037,22.500,2,90
0.3140,0.5186,-0.5381,-103.476,45.122,20.793,2,90
0.3140,0.5225,-0.5513,-102.073,44.756,18.902,2,90
0.3242,0.5225,-0.5513,-99.939,44.268,17.012,2,90
0.3276,0.5352,-0.5571,-97.439,43.415,14.878,2,90
0.3535,0.5474,-0.5635,-94.390,42.683,12.927,2,90
0.3618,0.5571,-0.5654,-90.671,42.317,10.549,2,90
0.2056,-1.2407,-0.0679,-20.488,-32.195,-51.646,1,90
0.2090,-1.2378,-0.0625,-19.268,-33.598,-51.037,1,90
0.2119,-1.2280,-0.0811,-18.049,-35.122,-50.854,1,90
0.2158,-1.2217,-0.0835,-16.524,-36.585,-50.366,1,90
0.2246,-1.2246,-0.0923,-14.634,-37.744,-50.427,1,90
0.2363,-1.2207,-0.0947,-12.378,-39.024,-50.305,1,90
0.2388,-1.2173,-0.1050,-9.024,-41.037,-50.793,1,90
0.2432,-1.2163,-0.1152,-6.159,-42.134,-51.098,1,90
0.3740,0.5762,-0.5776,-86.951,42.256,8.293,2,90
0.3740,0.5933,-0.5762,-82.744,41.951,6.280,2,90
0.3779,0.6069,-0.5591,-79.024,42.073,3.780,2,90
0.3887,0.6201,-0.5581,-74.878,42.195,1.646,2,90
0.3940,0.6401,-0.5488,-70.244,42.500,-0.549,2,90
0.3926,0.6563,-0.5410,-65.549,42.256,-2.683,2,90
0.4077,0.6704,-0.5347,-60.305,42.256,-5.183,2,90
0.3994,0.6865,-0.5400,-54.878,42.012,-7.439,2,90
0.2559,-1.2236,-0.1304,-3.841,-43.537,-51.585,1,90
0.2686,-1.2275,-0.1387,-1.159,-45.305,-52.012,1,90
0.2788,-1.2437,-0.1406,0.976,-46.585,-52.805,1,90
0.2827,-1.2437,-0.1523,3.415,-48.415,-53.415,1,90
0.2939,-1.2559,-0.1616,5.244,-49.939,-54.024,1,90
0.3066,-1.2725,-0.1772,7.317,-51.707,-54.817,1,90
0.3271,-1.2837,-0.1797,8.902,-53.171,-55.793,1,90
0.3320,-1.3027,-0.1846,11.159,-54.634,-56.524,1,90
0.3994,0.6914,-0.5439,-49.268,41.402,-9.756,2,90
0.4058,0.7007,-0.5439,-43.415,40.793,-11.890,2,90
0.4141,0.7056,-0.5454,-36.829,40.122,-14.085,2,90
0.4155,0.7031,-0.5674,-29.939,38.963,-16.402,2,90
0.4092,0.7100,-0.5688,-22.378,38.476,-18.963,2,90
0.4043,0.7017,-0.5776,-14.207,37.805,-21.341,2,90
0.4067,0.7046,-0.5928,-7.378,37.561,-24.085,2,90
0.3926,0.7031,-0.6079,0.061,36.951,-27.317,2,90
0.3428,-1.3110,-0.1895,12.866,-56.098,-57.500,1,90
0.3491,-1.3169,-0.2095,15.000,-57.439,-58.598,1,90
0.3569,-1.3252,-0.2100,16.159,-59.329,-59.634,1,90
0.3745,-1.3335,-0.2290,17.073,-60.732,-60.671,1,90
0.3760,-1.3359,-0.2246,17.561,-62.378,-62.256,1,90
0.3896,-1.3452,-0.2310,17.683,-63.841,-63.415,1,90
0.3989,-1.3584,-0.2441,17.378,-65.183,-64.329,1,90
0.3975,-1.3594,-0.2544,17.195,-66.768,-65.488,1,90
0.3901,0.6997,-0.6191,7.256,36.585,-30.366,2,90
0.3838,0.6890,-0.6274,13.841,36.037,-33.780,2,90
0.3730,0.6807,-0.6440,20.122,35.427,-37.134,2,90
0.3706,0.6685,-0.6587,26.280,34.756,-40.732,2,90
0.3599,0.6636,-0.6543,31.524,34.939,-43.902,2,90
0.3501,0.6509,-0.6606,35.854,34.695,-47.073,2,90
0.3413,0.6445,-0.6587,39.512,35.000,-50.671,2,90
0.3330,0.6274,-0.6519,42.500,34.756,-53.293,2,90
0.4067,-1.3726,-0.2715,16.768,-67.988,-66.646,1,90
0.4053,-1.3887,-0.2871,15.793,-69.573,-67.683,1,90
0.4126,-1.3931,-0.2866,15.000,-71.037,-69.085,1,90
0.4189,-1.4063,-0.2993,13.963,-72.134,-70.610,1,90
0.4136,-1.4111,-0.3008,12.744,-73.720,-71.951,1,90
0.4155,-1.4136,-0.3184,11.402,-74.878,-73.537,1,90
0.4136,-1.4297,-0.3320,10.305,-76.098,-75.244,1,90
0.4229,-1.4438,-0.3389,9.024,-77.439,-77.500,1,90
0.3223,0.6050,-0.6450,44.634,35.122,-55.854,2,90
0.3110,0.5967,-0.6479,46.280,34.695,-58.537,2,90
0.3066,0.5801,-0.6313,47.195,34.451,-60.793,2,90
0.3003,0.5581,-0.6230,47.683,34.024,-62.744,2,90
0.2979,0.5483,-0.6270,47.439,33.476,-64.634,2,90
0.2847,0.5249,-0.6235,46.707,32.378,-66.159,2,90
0.2827,0.4956,-0.6123,45.610,31.585,-67.622,2,90
0.2813,0.4780,-0.6187,44.146,30.488,-69.268,2,90
0.4238,-1.4434,-0.3486,8.171,-78.476,-79.085,1,90
0.4287,-1.4429,-0.3525,7.195,-79.512,-81.768,1,90
0.4136,-1.4438,-0.3701,6.159,-80.793,-83.110,1,90
0.4219,-1.4463,-0.3730,5.549,-81.829,-85.488,1,90
0.4243,-1.4390,-0.3696,5.183,-82.561,-87.744,1,90
0.4121,-1.4331,-0.3706,4.695,-83.720,-89.817,1,90
0.4067,-1.4141,-0.3633,3.537,-84.451,-93.354,1,90
0.3984,-1.4121,-0.3643,2.988,-85.427,-95.671,1,90
0.2725,0.4648,-0.6162,42.134,29.695,-70.488,2,90
0.2695,0.4487,-0.6255,39.451,29.085,-71.829,2,90
0.2598,0.4312,-0.6235,37.195,28.232,-72.622,2,90
0.2554,0.4204,-0.6187,34.390,27.866,-74.268,2,90
0.2441,0.4087,-0.6143,30.854,27.378,-75.854,2,90
0.2363,0.4048,-0.6108,26.829,27.195,-76.829,2,90
0.2358,0.3945,-0.6138,23.049,27.073,-78.110,2,90
0.2271,0.3823,-0.6074,18.659,27.073,-79.451,2,90
0.3970,-1.4077,-0.3643,2.012,-86.220,-97.988,1,90
0.3872,-1.3975,-0.3589,1.159,-86.768,-100.000,1,90
0.3877,-1.3984,-0.3506,0.549,-87.317,-102.561,1,90
0.3833,-1.3975,-0.3442,0.061,-87.927,-104.634,1,90
0.3750,-1.3999,-0.3550,-0.427,-88.659,-106.524,1,90
0.3813,-1.4063,-0.3594,-1.220,-89.451,-108.902,1,90
0.3760,-1.4126,-0.3594,-2.073,-90.183,-111.037,1,90
0.3672,-1.4141,-0.3643,-2.988,-91.220,-113.049,1,90
0.2256,0.3721,-0.6055,14.390,27.195,-80.610,2,90
0.2227,0.3735,-0.6094,10.610,26.951,-81.768,2,90
0.2188,0.3706,-0.5991,6.951,26.951,-82.866,2,90
0.2173,0.3643,-0.5991,3.354,26.768,-83.659,2,90
0.2124,0.3672,-0.5981,0.244,27.073,-84.878,2,90
0.2056,0.3740,-0.5884,-3.110,27.378,-85.976,2,90
0.2114,0.3867,-0.5850,-6.159,27.561,-87.012,2,90
0.2085,0.3940,-0.5747,-9.085,28.171,-88.110,2,90
0.3706,-1.4199,-0.3726,-3.293,-91.890,-115.183,1,90
0.3599,-1.4263,-0.3784,-4.146,-92.744,-117.439,1,90
0.3564,-1.4429,-0.3931,-5.183,-93.293,-120.183,1,90
0.3472,-1.4473,-0.4023,-6.463,-93.841,-122.012,1,90
0.3394,-1.4497,-0.4058,-7.622,-94.512,-124.878,1,90
0.3330,-1.4565,-0.4272,-9.024,-94.695,-126.646,1,90
0.3188,-1.4600,-0.4272,-10.244,-95.122,-129.146,1,90
0.3101,-1.4653,-0.4272,-11.768,-94.756,-131.098,1,90
0.2095,0.4043,-0.5566,-12.256,28.598,-89.085,2,90
0.2119,0.4175,-0.5420,-15.671,29.329,-90.427,2,90
0.2051,0.4219,-0.5151,-18.598,30.000,-91.341,2,90
0.2051,0.4409,-0.5103,-21.220,30.671,-92.195,2,90
0.2119,0.4497,-0.5020,-23.659,31.037,-92.866,2,90
0.2158,0.4565,-0.4858,-24.756,31.585,-93.232,2,90
0.2212,0.4678,-0.4727,-25.366,32.195,-93.780,2,90
0.2285,0.4688,-0.4702,-25.366,32.988,-94.329,2,90
0.3066,-1.4697,-0.4307,-13.232,-94.756,-133.293,1,90
0.3086,-1.4761,-0.4370,-15.305,-94.268,-135.427,1,90
0.2935,-1.4810,-0.4341,-17.134,-94.512,-137.378,1,90
0.2905,-1.4814,-0.4346,-19.146,-94.268,-139.268,1,90
0.2910,-1.4839,-0.4360,-20.732,-94.268,-141.402,1,90
0.2754,-1.4946,-0.4307,-22.622,-94.024,-143.354,1,90
0.2710,-1.4946,-0.4409,-24.817,-93.659,-145.061,1,90
0.2656,-1.5005,-0.4395,-26.707,-93.415,-147.805,1,90
0.2378,0.4785,-0.4570,-24.329,33.415,-94.817,2,90
0.2480,0.4888,-0.4468,-22.866,34.146,-95.122,2,90
0.2534,0.4951,-0.4531,-20.366,34.817,-95.793,2,90
0.2612,0.5054,-0.4580,-16.768,35.183,-96.707,2,90
0.2749,0.5117,-0.4424,-12.927,35.793,-97.256,2,90
0.2847,0.5210,-0.4453,-8.659,36.220,-98.171,2,90
0.2881,0.5249,-0.4482,-4.085,36.280,-99.024,2,90
0.2935,0.5352,-0.4536,0.610,36.585,-100.061,2,90
0.2515,-1.4946,-0.4380,-28.902,-92.988,-149.878,1,90
0.2446,-1.4902,-0.4355,-31.402,-92.622,-152.073,1,90
0.2368,-1.4868,-0.4341,-33.780,-92.195,-154.085,1,90
0.2227,-1.4814,-0.4243,-35.305,-91.707,-156.341,1,90
0.2095,-1.4795,-0.4297,-38.171,-91.159,-159.573,1,90
0.2007,-1.4673,-0.4229,-39.939,-90.488,-161.524,1,90
0.1948,-1.4595,-0.4170,-41.280,-90.305,-163.963,1,90
0.1934,-1.4448,-0.4009,-42.561,-90.122,-165.854,1,90
0.2964,0.5405,-0.4463,5.610,36.768,-101.037,2,90
0.2988,0.5396,-0.4497,11.220,37.012,-102.317,2,90
0.2998,0.5493,-0.4619,17.317,37.378,-103.354,2,90
0.2979,0.5537,-0.4624,23.963,37.561,-104.512,2,90
0.3037,0.5571,-0.4761,30.915,37.988,-105.427,2,90
0.3125,0.5601,-0.4780,37.073,38.354,-106.098,2,90
0.3198,0.5557,-0.4766,43.963,39.329,-107.134,2,90
0.3198,0.5610,-0.4824,50.183,40.000,-107.988,2,90
0.1890,-1.4316,-0.4048,-44.512,-89.573,-168.049,1,90
0.1729,-1.4150,-0.3970,-45.122,-89.329,-170.183,1,90
0.1802,-1.4014,-0.3950,-46.159,-89.085,-172.073,1,90
0.1729,-1.3911,-0.3965,-47.195,-88.780,-174.085,1,90
0.1724,-1.3618,-0.3940,-47.622,-88.720,-176.402,1,90
0.1738,-1.3462,-0.4087,-47.561,-88.110,-178.232,1,90
0.1680,-1.3291,-0.4023,-47.683,-88.537,-180.305,1,90
0.1724,-1.3047,-0.4092,-47.195,-87.927,-182.073,1,90
0.3208,0.5625,-0.4741,56.463,40.854,-108.476,2,90
0.3276,0.5635,-0.4761,62.134,42.073,-109.329,2,90
0.3394,0.5645,-0.4570,67.866,43.049,-110.122,2,90
0.3506,0.5542,-0.4541,73.171,44.695,-110.732,2,90
0.3647,0.5532,-0.4331,78.171,46.341,-111.220,2,90
0.3799,0.5562,-0.4126,82.561,47.866,-111.646,2,90
0.3848,0.5542,-0.3853,86.463,49.329,-111.829,2,90
0.4072,0.5474,-0.3643,89.573,50.671,-112.134,2,90
0.1748,-1.2925,-0.4136,-46.402,-87.805,-183.598,1,90
0.1694,-1.2676,-0.4248,-45.305,-87.622,-185.366,1,90
0.1675,-1.2500,-0.4277,-44.390,-87.012,-187.073,1,90
0.1733,-1.2305,-0.4429,-43.110,-86.585,-188.963,1,90
0.1719,-1.2207,-0.4463,-41.707,-86.037,-190.610,1,90
0.1636,-1.2061,-0.4512,-39.939,-85.427,-191.951,1,90
0.1655,-1.2012,-0.4585,-38.171,-84.817,-193.415,1,90
0.1606,-1.1929,-0.4683,-35.549,-84.085,-194.756,1,90
0.4238,0.5371,-0.3350,92.195,51.707,-112.195,2,90
0.4424,0.5293,-0.3232,94.268,53.110,-111.951,2,90
0.4673,0.5220,-0.3101,96.098,54.207,-111.890,2,90
0.4883,0.5073,-0.2881,97.317,54.817,-111.402,2,90
0.5083,0.4883,-0.2842,98.598,55.793,-111.159,2,90
0.5337,0.4814,-0.2593,99.451,56.707,-110.549,2,90
0.5601,0.4629,-0.2554,100.122,57.439,-110.366,2,90
0.5820,0.4541,-0.2402,100.549,58.354,-109.878,2,90
-0.9517,-0.4082,-0.1543,42.012,34.085,21.524,3,41
-0.9463,-0.4053,-0.1548,41.768,34.146,21.890,3,41
-0.9385,-0.4131,-0.1499,41.463,34.756,23.293,3,41
-0.9370,-0.4048,-0.1563,41.280,35.183,24.634,3,41
-0.9419,-0.4067,-0.1768,41.280,35.915,26.037,3,41
-0.9478,-0.4058,-0.1968,41.585,37.012,27.439,3,41
-0.9590,-0.4331,-0.1938,43.902,39.573,28.720,3,41
-0.9658,-0.4526,-0.1816,48.354,43.415,30.915,3,41
0.1011,-1.2720,-0.4409,-25.366,-79.451,-208.902,1,90
0.0947,-1.2803,-0.4419,-24.817,-79.756,-210.183,1,90
0.0933,-1.2856,-0.4434,-24.268,-79.939,-212.073,1,90
0.0913,-1.2876,-0.4478,-24.146,-80.305,-213.659,1,90
0.0898,-1.2925,-0.4556,-24.146,-80.671,-215.976,1,90
0.0835,-1.3022,-0.4487,-24.390,-80.915,-218.354,1,90
0.0933,-1.2983,-0.4688,-24.756,-81.341,-220.366,1,90
0.0962,-1.2993,-0.4702,-24.939,-81.768,-222.256,1,90
0.6699,0.3955,-0.1792,90.854,64.085,-116.037,2,90
0.6616,0.3901,-0.1831,88.659,64.573,-117.500,2,90
0.6592,0.3975,-0.1846,86.402,65.305,-119.329,2,90
0.6519,0.4028,-0.1953,84.573,66.220,-120.976,2,90
0.6348,0.4097,-0.1992,82.378,67.195,-122.378,2,90
0.6353,0.4185,-0.2114,80.915,68.110,-123.963,2,90
0.6230,0.4272,-0.2212,79.390,69.268,-125.366,2,90
0.6162,0.4419,-0.2314,77.805,71.037,-126.463,2,90
0.0889,-1.2944,-0.4780,-25.183,-82.439,-224.329,1,90
0.0908,-1.2905,-0.4810,-25.610,-83.049,-226.098,1,90
0.1025,-1.2778,-0.4912,-25.549,-83.415,-227.683,1,90
0.1035,-1.2739,-0.5054,-25.915,-84.207,-229.634,1,90
0.1064,-1.2637,-0.5122,-25.793,-84.268,-231.098,1,90
0.1118,-1.2490,-0.5156,-25.793,-85.183,-232.683,1,90
0.1216,-1.2461,-0.5313,-25.793,-85.610,-233.963,1,90
0.1196,-1.2397,-0.5376,-25.671,-86.402,-235.366,1,90
0.6147,0.4521,-0.2305,76.524,72.622,-127.317,2,90
0.6255,0.4668,-0.2490,75.732,74.573,-128.293,2,90
0.6309,0.4854,-0.2651,75.427,76.951,-129.024,2,90
0.6460,0.5039,-0.2847,74.756,79.085,-129.451,2,90
0.6699,0.5313,-0.3091,74.634,81.585,-130.000,2,90
0.6904,0.5493,-0.3076,74.451,83.780,-129.939,2,90
0.7017,0.5703,-0.3252,74.939,86.220,-129.756,2,90
0.7241,0.5894,-0.3394,76.341,88.415,-129.451,2,90
-0.9487,-0.3477,-0.1450,53.049,53.902,44.939,3,41
-0.9399,-0.3486,-0.1641,50.610,54.085,45.122,3,41
-0.9302,-0.3345,-0.1924,48.598,53.476,45.305,3,41
-0.9258,-0.3164,-0.2036,46.280,52.744,45.549,3,41
-0.9346,-0.3052,-0.1758,43.780,52.683,46.037,3,41
-0.9307,-0.3101,-0.1440,41.402,52.805,46.890,3,41
-0.9351,-0.3257,-0.1006,39.756,53.110,48.171,3,41
-0.9189,-0.3545,-0.0688,38.598,53.537,49.634,3,41
0.1074,-1.1797,-0.6665,-26.280,-90.915,-245.610,1,90
0.0967,-1.1709,-0.6743,-25.732,-91.220,-246.646,1,90
0.0928,-1.1592,-0.6792,-25.671,-91.098,-247.134,1,90
0.0879,-1.1504,-0.6855,-25.244,-91.220,-248.110,1,90
0.0854,-1.1406,-0.6938,-25.366,-91.951,-248.780,1,90
0.0771,-1.1377,-0.7007,-25.183,-91.890,-249.146,1,90
0.0811,-1.1226,-0.7056,-25.244,-92.744,-250.000,1,90
0.0771,-1.1113,-0.7183,-25.427,-92.927,-250.427,1,90
0.7354,0.7593,-0.3726,95.427,99.024,-125.488,2,90
0.7197,0.7749,-0.3906,98.110,99.024,-124.085,2,90
0.7090,0.7905,-0.3926,102.256,99.390,-122.134,2,90
0.7017,0.7905,-0.3901,103.598,99.573,-121.646,2,90
0.6924,0.7974,-0.3809,105.732,100.183,-120.000,2,90
0.6782,0.7979,-0.3799,107.256,100.732,-118.659,2,90
0.6660,0.8013,-0.3745,108.049,101.707,-116.768,2,90
0.6626,0.7964,-0.3613,109.207,102.378,-115.061,2,90
-0.9043,-0.2031,-0.2583,19.329,47.988,54.634,3,41
-0.9009,-0.1855,-0.2471,18.598,47.500,55.549,3,41
-0.9180,-0.1787,-0.2290,16.768,47.134,56.768,3,41
-0.9438,-0.1836,-0.2095,13.963,46.159,57.927,3,41
-0.9629,-0.2007,-0.1841,9.573,44.268,59.085,3,41
-0.9785,-0.2363,-0.1802,3.659,42.134,60.305,3,41
-0.9795,-0.2710,-0.1748,-0.549,40.976,61.463,3,41
-0.9712,-0.3125,-0.1606,-3.110,40.915,62.256,3,41
0.0317,-1.0210,-0.7842,-31.707,-94.878,-257.073,1,90
0.0244,-1.0146,-0.7944,-33.780,-94.695,-257.561,1,90
0.0156,-1.0083,-0.8120,-35.915,-94.024,-257.500,1,90
0.0029,-0.9980,-0.8301,-37.683,-93.476,-257.439,1,90
-0.0161,-0.9907,-0.8477,-39.878,-92.744,-256.768,1,90
-0.0356,-0.9839,-0.8765,-42.378,-91.768,-256.585,1,90
-0.0459,-0.9761,-0.8936,-45.000,-90.854,-255.793,1,90
-0.0654,-0.9629,-0.9219,-48.232,-89.573,-254.756,1,90
0.7598,0.7637,-0.2871,118.476,107.927,-96.768,2,90
0.7813,0.7666,-0.2642,118.354,107.683,-94.695,2,90
0.8022,0.7583,-0.2510,117.439,106.707,-92.317,2,90
0.8242,0.7573,-0.2393,116.220,105.488,-90.061,2,90
0.8564,0.7441,-0.2373,115.427,103.841,-87.134,2,90
0.8765,0.7290,-0.2275,115.000,101.890,-84.268,2,90
0.9160,0.7197,-0.2402,116.098,99.024,-79.268,2,90
0.9297,0.7148,-0.2466,116.585,98.110,-77.988,2,90
-0.0869,-0.9619,-0.9482,-50.854,-88.354,-253.780,1,90
-0.1138,-0.9507,-0.9692,-54.268,-86.524,-252.561,1,90
-0.1445,-0.9385,-0.9946,-57.378,-84.695,-250.732,1,90
-0.1597,-0.9248,-1.0054,-60.427,-82.866,-249.024,1,90
-0.1909,-0.9116,-1.0361,-63.537,-80.976,-246.890,1,90
-0.2095,-0.8955,-1.0459,-66.402,-78.354,-244.939,1,90
-0.2368,-0.8696,-1.0654,-70.000,-76.402,-242.744,1,90
-0.2646,-0.8535,-1.0815,-73.232,-73.963,-240.305,1,90
0.9692,0.7153,-0.2568,118.232,95.305,-72.988,2,90
0.9873,0.7124,-0.2690,118.049,93.415,-69.878,2,90
1.0054,0.7207,-0.2832,118.476,91.585,-66.951,2,90
1.0200,0.7271,-0.3003,118.415,90.000,-64.024,2,90
1.0244,0.7378,-0.3022,119.024,87.744,-61.159,2,90
1.0347,0.7427,-0.3096,117.866,85.915,-58.902,2,90
1.0479,0.7397,-0.3091,116.646,84.085,-56.159,2,90
1.0552,0.7407,-0.3105,115.244,81.829,-53.415,2,90
-0.2969,-0.8359,-1.0942,-76.646,-71.524,-237.927,1,90
-0.3193,-0.8105,-1.1011,-79.756,-69.146,-235.549,1,90
-0.3491,-0.7935,-1.1016,-82.744,-66.341,-232.927,1,90
-0.3774,-0.7710,-1.0991,-85.610,-63.354,-230.122,1,90
-0.4077,-0.7329,-1.0938,-88.476,-60.976,-227.256,1,90
-0.4326,-0.7017,-1.0942,-91.341,-58.598,-224.268,1,90
-0.4580,-0.6650,-1.0874,-94.329,-56.707,-221.280,1,90
-0.4888,-0.6265,-1.0786,-97.683,-54.146,-217.927,1,90
1.0571,0.7363,-0.3105,114.451,80.183,-50.610,2,90
1.0659,0.7417,-0.3154,112.805,78.232,-47.439,2,90
1.0845,0.7393,-0.3184,111.524,76.037,-43.963,2,90
1.0977,0.7329,-0.3076,110.061,73.963,-40.671,2,90
1.1147,0.7275,-0.2969,107.439,72.012,-37.439,2,90
1.1426,0.7178,-0.2935,104.939,70.122,-33.598,2,90
1.1738,0.6987,-0.2905,102.683,68.476,-30.732,2,90
1.2036,0.6753,-0.2739,100.488,66.829,-27.256,2,90
-0.5264,-0.5625,-1.0908,-102.988,-51.220,-212.500,1,90
-0.5396,-0.5376,-1.0840,-104.512,-50.305,-210.732,1,90
-0.5640,-0.4897,-1.0801,-108.476,-47.866,-206.524,1,90
-0.6157,-0.4092,-1.0679,-113.537,-44.756,-199.512,1,90
-0.6470,-0.3521,-1.0601,-116.585,-42.683,-194.390,1,90
-0.6851,-0.2944,-1.0557,-119.512,-40.671,-188.415,1,90
-0.7129,-0.2300,-1.0356,-122.744,-38.110,-181.890,1,90
-0.7588,-0.1606,-1.0142,-125.854,-35.793,-175.183,1,90
-7.9429,0.7500,-4.9512,-420.122,-182.378,147.561,4,41
-11.6597,2.2778,-7.9316,-325.427,-168.720,204.085,4,41
-13.2104,3.6768,-6.3384,-206.341,-154.268,130.732,4,41
-11.4370,4.2593,-4.7876,-144.878,-182.622,17.012,4,41
-9.1816,0.5264,-2.4956,-58.293,-218.598,22.805,4,41
-5.2935,-2.5688,0.0659,4.756,-245.366,11.341,4,41
-1.6782,-3.7695,2.8311,-74.695,-242.256,-29.268,4,41
0.9966,-5.8789,3.5200,-162.195,-191.280,-81.951,4,41
-0.8105,-0.0005,-0.4600,-13.963,21.951,63.963,3,41
-0.8252,0.0073,-0.4780,-10.732,21.524,61.768,3,41
-0.8643,0.0132,-0.4658,-8.110,21.159,59.878,3,41
-0.9233,-0.0005,-0.4380,-4.695,20.976,57.927,3,41
-0.9614,0.0005,-0.3818,-2.683,20.549,55.549,3,41
-0.9956,0.0029,-0.3516,-1.159,19.634,52.256,3,41
-0.9941,0.0220,-0.3403,-0.305,19.024,48.537,3,41
-0.9678,0.0645,-0.3247,1.098,18.598,44.451,3,41
-1.4780,0.6572,-0.7793,-163.110,-10.366,-75.122,1,90
-1.6255,0.7769,-0.7529,-166.402,-5.061,-58.963,1,90
-1.7861,0.9229,-0.7197,-169.329,2.134,-42.683,1,90
-1.9756,1.0703,-0.6880,-173.841,10.244,-25.549,1,90
-2.1611,1.1978,-0.6685,-175.976,20.366,-8.232,1,90
-2.3691,1.3413,-0.6074,-174.817,31.707,8.780,1,90
-2.5732,1.4956,-0.5825,-173.476,42.683,24.695,1,90
-2.7813,1.6533,-0.5601,-172.622,52.439,38.841,1,90
1.9272,0.2866,-0.6094,63.476,19.878,11.585,2,90
1.9575,0.2666,-0.6528,59.451,18.659,13.963,2,90
1.9878,0.2358,-0.6973,54.878,18.232,16.220,2,90
2.0190,0.2065,-0.7603,50.305,18.171,18.720,2,90
2.0552,0.1826,-0.8047,46.098,18.537,21.463,2,90
2.0762,0.1709,-0.8320,40.915,20.305,23.841,2,90
2.0967,0.1528,-0.8804,35.671,21.524,26.341,2,90
2.0923,0.1333,-0.9019,29.695,22.439,28.110,2,90
-2.9434,1.8105,-0.5654,-173.963,59.817,50.366,1,90
-3.0903,1.9155,-0.5645,-177.561,64.512,60.183,1,90
-3.2007,2.0063,-0.5850,-178.354,67.256,67.439,1,90
-3.2695,2.0664,-0.6147,-174.024,68.659,70.610,1,90
-3.2773,2.0732,-0.6421,-165.305,68.049,72.378,1,90
-3.2456,2.0537,-0.6489,-156.829,65.122,73.841,1,90
-3.1836,2.0356,-0.6763,-145.671,61.829,73.841,1,90
-3.0869,1.9956,-0.6758,-131.585,59.207,72.134,1,90
2.0615,0.1152,-0.9209,23.476,23.171,29.146,2,90
2.0283,0.0952,-0.9258,16.098,23.171,29.939,2,90
1.9927,0.0732,-0.9268,8.171,21.524,30.793,2,90
1.9561,0.0552,-0.9170,-0.122,19.695,31.341,2,90
1.9512,0.0356,-0.9229,-8.293,17.134,33.537,2,90
1.9502,0.0107,-0.9277,-17.256,14.207,35.854,2,90
1.9561,-0.0137,-0.9253,-26.463,11.585,40.122,2,90
1.9805,-0.0474,-0.9375,-35.671,8.598,44.817,2,90
-2.9033,1.8818,-0.6641,-108.720,55.000,72.622,1,90
-2.8467,1.8447,-0.6582,-101.646,53.780,73.902,1,90
-2.7056,1.7368,-0.6240,-81.768,49.512,84.573,1,90
-2.6426,1.6875,-0.5967,-72.439,46.341,96.646,1,90
-2.6133,1.6475,-0.5713,-66.037,42.317,112.439,1,90
-2.6143,1.6167,-0.5503,-62.317,38.354,130.000,1,90
-2.6187,1.5742,-0.5674,-60.183,34.329,148.049,1,90
-2.6309,1.5400,-0.5542,-56.951,30.793,165.793,1,90
2.0176,-0.0728,-0.9282,-44.878,5.366,50.549,2,90
2.0435,-0.1069,-0.9346,-54.573,2.256,56.524,2,90
2.1021,-0.1304,-0.9238,-64.085,-1.098,62.439,2,90
2.1460,-0.1699,-0.9199,-73.171,-4.634,68.476,2,90
2.1870,-0.2075,-0.9214,-82.073,-7.866,73.537,2,90
2.2524,-0.2319,-0.9131,-90.061,-11.585,78.415,2,90
2.2935,-0.2598,-0.9170,-98.110,-14.878,81.890,2,90
2.3267,-0.2715,-0.9248,-105.244,-18.415,84.634,2,90
-2.6372,1.5205,-0.5742,-52.988,27.683,183.110,1,90
-2.6206,1.4966,-0.5933,-47.683,24.268,199.878,1,90
-2.5981,1.4683,-0.6191,-40.915,21.402,214.512,1,90
-2.5757,1.4604,-0.6343,-33.963,18.720,229.024,1,90
-2.5386,1.4546,-0.6553,-27.012,16.890,241.829,1,90
-2.4858,1.4502,-0.6440,-18.780,15.610,254.573,1,90
-2.4473,1.4492,-0.6304,-9.085,15.732,267.561,1,90
-2.3984,1.4438,-0.6045,2.073,16.159,280.671,1,90
2.3525,-0.2808,-0.9238,-111.524,-21.829,86.707,2,90
2.3726,-0.2881,-0.9272,-117.805,-25.061,87.500,2,90
2.3667,-0.2725,-0.9346,-123.963,-28.354,87.561,2,90
2.3672,-0.2529,-0.9253,-129.756,-32.256,87.683,2,90
2.3418,-0.2280,-0.9272,-135.488,-35.793,87.134,2,90
2.3188,-0.1904,-0.9121,-140.732,-39.146,86.463,2,90
2.2842,-0.1421,-0.9082,-144.634,-42.195,85.915,2,90
2.2432,-0.0796,-0.8955,-148.720,-44.878,85.305,2,90
-0.8911,-0.0972,-0.4370,-16.646,-10.671,-92.805,3,41
-0.8833,-0.1196,-0.4521,-17.927,-12.317,-93.415,3,41
-0.8530,-0.1709,-0.4893,-19.878,-15.183,-94.756,3,41
-0.8247,-0.2451,-0.5049,-22.805,-18.232,-95.061,3,41
-0.8018,-0.2861,-0.4971,-26.951,-21.951,-95.244,3,41
-0.7983,-0.3320,-0.4932,-31.280,-26.220,-94.878,3,41
-0.8013,-0.3716,-0.5034,-36.159,-30.061,-94.390,3,41
-0.8057,-0.4053,-0.4946,-40.061,-33.537,-93.476,3,41
-2.0884,1.3364,-0.0103,104.939,29.878,406.220,1,90
-2.0762,1.3066,0.0693,114.085,31.280,420.610,1,90
-2.0698,1.2676,0.1484,122.805,32.744,434.024,1,90
-2.0718,1.2285,0.2207,130.915,32.744,447.134,1,90
-2.0830,1.1812,0.2920,138.780,32.866,459.939,1,90
-2.0840,1.1108,0.3496,146.524,32.134,471.646,1,90
-2.1011,1.0293,0.4038,155.671,31.220,482.622,1,90
-2.1172,0.9399,0.4453,165.976,30.610,493.171,1,90
1.8335,0.6733,-0.7222,-150.305,-62.805,90.793,2,90
1.7842,0.7490,-0.6895,-146.951,-64.634,93.354,2,90
1.7412,0.8174,-0.6655,-143.841,-66.098,96.402,2,90
1.6982,0.8638,-0.6128,-139.878,-67.805,100.000,2,90
1.6528,0.9067,-0.5811,-135.366,-69.634,103.720,2,90
1.6055,0.9404,-0.5503,-130.305,-71.341,107.866,2,90
1.5688,0.9561,-0.5146,-124.207,-73.354,112.683,2,90
1.5293,0.9717,-0.4893,-117.683,-75.305,117.500,2,90
-2.1416,0.8052,0.5063,184.634,31.524,507.012,1,90
-2.2217,0.8628,0.7861,194.390,35.488,515.122,1,90
-2.2764,0.8789,0.8130,173.659,31.463,520.061,1,90
-2.2422,0.7363,0.7217,136.951,12.866,520.976,1,90
-2.2173,0.5181,0.7534,108.232,-5.427,521.402,1,90
-2.2324,0.3140,0.8008,98.963,-16.463,522.805,1,90
-2.2515,0.1436,0.8218,101.585,-21.463,525.244,1,90
-2.2568,-0.0171,0.8169,108.171,-25.915,527.073,1,90
1.4692,0.9556,-0.4521,-110.671,-77.073,122.317,2,90
1.4268,0.9644,-0.4263,-103.232,-78.720,126.890,2,90
1.3677,0.9482,-0.3906,-96.341,-80.732,131.646,2,90
1.3105,0.9199,-0.3633,-88.720,-82.561,136.280,2,90
1.2505,0.8867,-0.3257,-81.463,-84.634,139.878,2,90
1.1895,0.8569,-0.3003,-74.634,-86.951,143.659,2,90
1.1309,0.8149,-0.2734,-66.829,-89.024,146.768,2,90
1.0688,0.7744,-0.2412,-60.854,-91.159,150.000,2,90
-2.2627,-0.1753,0.7778,114.146,-30.244,528.293,1,90
-2.2788,-0.3511,0.7427,116.768,-35.183,529.085,1,90
-2.3022,-0.5195,0.7144,115.061,-42.134,530.061,1,90
-2.3198,-0.6851,0.6968,110.549,-49.878,530.793,1,90
-2.3340,-0.8633,0.6802,104.451,-58.293,531.707,1,90
-2.3521,-1.0366,0.6626,97.622,-68.171,532.866,1,90
-2.3716,-1.2031,0.6401,90.488,-78.293,533.598,1,90
-2.3867,-1.3794,0.6030,82.866,-88.841,533.415,1,90
1.0068,0.7305,-0.2090,-54.268,-92.988,152.500,2,90
0.9448,0.6943,-0.1851,-49.207,-94.817,155.183,2,90
0.8818,0.6465,-0.1597,-43.841,-96.098,157.439,2,90
0.8228,0.5947,-0.1177,-39.390,-97.561,159.268,2,90
0.7603,0.5625,-0.0942,-35.488,-98.537,161.585,2,90
0.7109,0.5195,-0.0791,-31.098,-99.573,162.988,2,90
0.6567,0.4761,-0.0625,-27.500,-100.671,164.695,2,90
0.6079,0.4434,-0.0352,-23.902,-101.585,165.793,2,90
-2.4194,-1.5625,0.5752,74.085,-98.232,532.439,1,90
-2.4580,-1.7314,0.5562,65.122,-104.939,530.732,1,90
-2.5112,-1.8901,0.5352,56.037,-108.598,527.134,1,90
-2.5581,-2.0249,0.5288,48.049,-108.110,522.866,1,90
-2.6025,-2.1167,0.5303,42.256,-103.354,518.171,1,90
-2.6250,-2.1587,0.5239,39.268,-96.402,513.902,1,90
-2.6250,-2.1616,0.4590,38.110,-91.463,510.854,1,90
-2.6001,-2.1230,0.3550,36.098,-90.610,509.512,1,90
0.5562,0.4111,-0.0171,-21.585,-102.927,166.585,2,90
0.5049,0.3848,-0.0103,-19.207,-104.146,166.829,2,90
0.4639,0.3452,0.0020,-17.805,-105.427,166.951,2,90
0.4204,0.3213,0.0078,-16.280,-106.707,166.524,2,90
0.3828,0.2988,0.0210,-15.000,-108.110,165.793,2,90
0.3433,0.2852,0.0293,-14.085,-109.024,164.817,2,90
0.2983,0.2671,0.0361,-13.841,-109.878,163.841,2,90
0.2583,0.2427,0.0366,-13.110,-110.610,162.012,2,90
-2.5630,-2.0708,0.2515,31.098,-93.780,510.793,1,90
-2.5264,-2.0259,0.2041,23.780,-98.720,513.110,1,90
-2.5073,-2.0103,0.1958,16.037,-104.024,515.122,1,90
-2.4751,-2.0024,0.2017,7.927,-109.634,517.134,1,90
-2.4492,-2.0029,0.1963,1.524,-115.061,518.293,1,90
-2.4150,-2.0103,0.2085,-2.439,-121.829,517.866,1,90
-2.3936,-2.0098,0.2271,-5.488,-128.780,515.976,1,90
-2.3940,-2.0220,0.2583,-7.866,-136.402,512.195,1,90
0.2188,0.2319,0.0337,-12.988,-110.976,160.671,2,90
0.1812,0.2231,0.0269,-12.378,-111.646,158.415,2,90
0.1499,0.2163,0.0171,-11.829,-111.829,156.402,2,90
0.1230,0.2158,0.0098,-10.976,-111.890,154.024,2,90
0.0962,0.2222,-0.0029,-10.427,-111.159,151.585,2,90
0.0703,0.2319,0.0015,-10.366,-110.122,148.537,2,90
0.0459,0.2485,-0.0010,-11.220,-109.329,145.793,2,90
0.0327,0.2583,-0.0034,-12.622,-108.171,143.171,2,90
-0.8521,-0.3804,-0.2075,-7.988,-62.439,-42.073,3,41
-0.8428,-0.3838,-0.2148,-5.000,-60.671,-39.878,3,41
-0.8223,-0.3818,-0.2173,-3.354,-59.451,-37.927,3,41
-0.8242,-0.3921,-0.2065,-2.073,-57.622,-35.854,3,41
-0.8408,-0.3882,-0.1914,-0.427,-55.000,-33.841,3,41
-0.8604,-0.3794,-0.1733,0.366,-53.293,-31.646,3,41
-0.8730,-0.3765,-0.1802,-0.122,-52.134,-30.183,3,41
-0.8857,-0.3813,-0.1763,-0.854,-51.159,-28.841,3,41
-1.4736,-1.1387,0.8013,49.512,-160.793,-283.354,4,41
-1.4644,-1.1587,0.7559,41.159,-172.805,-287.256,4,41
-1.4707,-1.1621,0.7104,32.195,-184.817,-289.634,4,41
-1.4937,-1.1626,0.6846,23.110,-197.805,-291.402,4,41
-1.5254,-1.1382,0.6514,14.085,-211.707,-292.683,4,41
-1.5518,-1.1006,0.6338,4.390,-226.098,-293.232,4,41
-1.5981,-1.0439,0.6118,-5.183,-240.061,-294.207,4,41
-1.6655,-0.9624,0.5981,-15.549,-254.329,-295.244,4,41
-0.0947,0.3223,-0.0049,-36.037,-97.195,119.573,2,90
-0.0981,0.3037,-0.0029,-38.476,-96.341,117.256,2,90
-0.1006,0.2935,-0.0059,-40.732,-95.793,115.000,2,90
-0.0981,0.2651,-0.0020,-42.744,-95.061,112.805,2,90
-0.0947,0.2461,-0.0054,-45.061,-94.390,110.488,2,90
-0.0903,0.2261,-0.0063,-47.561,-93.902,108.171,2,90
-0.0771,0.2021,-0.0137,-49.756,-93.476,105.976,2,90
-0.0674,0.1851,-0.0151,-52.561,-92.927,103.659,2,90
-0.9341,-0.4917,-0.2324,-2.561,-37.500,-18.049,3,41
-0.9355,-0.4883,-0.2241,-1.098,-36.037,-17.073,3,41
-0.9468,-0.4688,-0.2100,1.037,-33.537,-15.854,3,41
-0.9507,-0.4282,-0.1758,4.573,-30.732,-13.720,3,41
-0.9644,-0.3921,-0.1567,6.341,-28.780,-12.744,3,41
-0.9780,-0.3828,-0.1250,7.256,-27.134,-11.524,3,41
-0.9863,-0.3794,-0.1084,7.988,-25.122,-10.549,3,41
-0.9927,-0.3877,-0.0972,8.232,-23.415,-9.207,3,41
-2.3711,-0.0073,0.3604,-42.439,-375.000,-319.939,4,41
-2.4512,0.1226,0.3594,-32.927,-383.720,-326.159,4,41
-2.5229,0.2251,0.3423,-21.402,-389.756,-332.927,4,41
-2.5820,0.3105,0.3389,-9.329,-392.134,-340.305,4,41
-2.6196,0.3496,0.3394,3.354,-392.988,-348.720,4,41
-2.6445,0.3574,0.3374,17.134,-393.354,-356.585,4,41
-2.6670,0.3369,0.3252,30.000,-393.476,-363.780,4,41
-2.6772,0.2793,0.3184,41.646,-394.939,-368.720,4,41
-0.9937,-0.3955,-0.0928,8.902,-21.585,-8.415,3,41
-0.9824,-0.4092,-0.0825,8.171,-20.183,-7.622,3,41
-0.9766,-0.3975,-0.0742,7.378,-19.024,-6.768,3,41
-0.9644,-0.3887,-0.0718,5.854,-18.720,-6.037,3,41
-0.9487,-0.3726,-0.0630,3.110,-18.537,-5.305,3,41
-0.9473,-0.3496,-0.0552,0.488,-18.476,-4.573,3,41
-0.9409,-0.3062,-0.0400,-2.805,-19.085,-3.841,3,41
-0.9478,-0.2686,-0.0244,-7.134,-20.122,-3.110,3,41
-2.6655,0.1978,0.2871,50.305,-397.500,-369.573,4,41
-2.6636,0.1079,0.2339,53.841,-401.585,-365.854,4,41
-2.6826,-0.0093,0.1909,51.646,-407.866,-358.841,4,41
-2.7090,-0.1348,0.1523,45.000,-417.683,-349.756,4,41
-2.7534,-0.2456,0.1206,33.537,-430.183,-340.305,4,41
-2.8335,-0.3433,0.0645,15.915,-445.976,-330.000,4,41
-2.9121,-0.4019,0.0029,-6.707,-463.963,-318.415,4,41
-2.9912,-0.4521,-0.0327,-35.854,-483.415,-307.744,4,41
-0.9692,-0.2358,0.0000,-12.134,-20.732,-2.683,3,41
-0.9829,-0.2041,0.0132,-16.402,-20.732,-2.317,3,41
-0.9932,-0.1914,0.0151,-19.756,-20.122,-2.012,3,41
-0.9902,-0.1865,-0.0010,-20.610,-19.939,-2.073,3,41
-0.9927,-0.1699,-0.0161,-21.037,-18.902,-2.317,3,41
-0.9985,-0.1509,-0.0142,-21.646,-17.988,-2.988,3,41
-0.9980,-0.1211,0.0020,-23.171,-17.805,-4.024,3,41
-1.0005,-0.0884,0.0098,-26.463,-18.293,-4.329,3,41
-3.0547,-0.4727,-0.0396,-68.354,-504.390,-298.780,4,41
-3.1138,-0.4941,-0.0283,-100.244,-525.000,-293.110,4,41
-3.1802,-0.4946,0.0122,-128.476,-545.000,-289.146,4,41
-3.2437,-0.4409,0.0723,-151.280,-563.659,-287.988,4,41
-3.3345,-0.3906,0.1313,-169.085,-579.756,-288.537,4,41
-3.4351,-0.3335,0.1782,-178.963,-591.524,-291.159,4,41
-3.5347,-0.2720,0.2075,-181.585,-598.598,-295.183,4,41
-3.6548,-0.2080,0.1987,-176.890,-600.244,-300.427,4,41
-1.0078,-0.0703,0.0078,-30.183,-19.756,-4.939,3,41
-1.0044,-0.0557,0.0103,-33.963,-20.732,-5.610,3,41
-1.0254,-0.0396,-0.0093,-36.585,-20.732,-6.159,3,41
-1.0332,-0.0425,-0.0366,-37.317,-20.610,-7.012,3,41
-1.0386,-0.0640,-0.0293,-36.037,-18.780,-7.683,3,41
-1.0254,-0.0830,-0.0098,-34.390,-17.256,-8.476,3,41
-1.0112,-0.1196,0.0313,-34.146,-16.951,-8.354,3,41
-0.9893,-0.1401,0.0762,-37.988,-18.415,-7.805,3,41
-3.8281,-0.0767,0.2319,-159.024,-594.085,-310.488,4,41
-3.8823,-0.0327,0.2354,-151.890,-591.951,-314.146,4,41
-3.9800,0.0630,0.2275,-138.476,-586.768,-322.805,4,41
-4.0498,0.1685,0.1567,-124.878,-581.707,-331.220,4,41
-4.1274,0.2832,0.1104,-111.098,-577.134,-338.598,4,41
-4.1431,0.4238,0.0679,-97.805,-574.390,-345.061,4,41
-4.1724,0.5337,0.0034,-87.378,-575.671,-349.146,4,41
-4.2607,0.6563,-0.0601,-78.232,-577.378,-352.378,4,41
-0.9829,-0.1504,0.0752,-45.244,-22.500,-6.768,3,41
-0.9810,-0.1665,-0.0254,-52.256,-26.098,-6.341,3,41
-0.9917,-0.1768,-0.1411,-55.000,-27.317,-7.012,3,41
-0.9976,-0.2002,-0.2466,-51.341,-24.207,-8.476,3,41
-0.9951,-0.2290,-0.3057,-42.378,-19.390,-9.268,3,41
-0.9805,-0.2544,-0.2837,-33.232,-14.573,-9.390,3,41
-0.9717,-0.2637,-0.2515,-26.280,-11.341,-8.598,3,41
-0.9629,-0.2866,-0.2261,-22.256,-10.122,-7.988,3,41
-4.2822,0.8647,-0.0908,-68.476,-582.561,-353.720,4,41
-4.2793,1.0044,-0.1123,-65.854,-588.232,-353.171,4,41
-4.2847,1.1553,-0.1353,-65.122,-595.183,-351.402,4,41
-4.2769,1.2285,-0.1504,-65.061,-598.902,-350.122,4,41
-4.2817,1.3716,-0.1646,-66.341,-607.500,-347.073,4,41
-4.2666,1.5752,-0.1875,-68.110,-621.524,-340.427,4,41
-4.2583,1.6938,-0.2217,-69.207,-631.951,-335.122,4,41
-4.2529,1.8096,-0.2295,-70.793,-643.780,-328.659,4,41
-0.9614,-0.3091,-0.2173,-19.451,-9.146,-8.049,3,41
-0.9624,-0.3496,-0.2119,-16.890,-7.683,-8.110,3,41
-0.9512,-0.3794,-0.2114,-14.146,-6.098,-7.561,3,41
-0.9263,-0.4063,-0.2256,-12.378,-5.854,-7.378,3,41
-0.8989,-0.4253,-0.2451,-11.159,-5.793,-6.951,3,41
-0.8926,-0.4287,-0.2515,-11.829,-6.768,-6.341,3,41
-0.8906,-0.4375,-0.2417,-13.415,-7.927,-6.280,3,41
-0.8857,-0.4316,-0.2349,-16.402,-10.122,-6.463,3,41
-4.2422,1.8975,-0.2563,-72.195,-656.646,-321.220,4,41
-4.2383,1.9658,-0.2529,-72.988,-669.207,-313.598,4,41
-4.2480,2.0278,-0.2388,-72.805,-682.866,-305.061,4,41
-4.2852,2.0728,-0.2412,-73.659,-697.744,-295.610,4,41
-4.3623,2.1265,-0.2666,-74.512,-712.012,-285.427,4,41
-4.8398,2.6035,-0.6011,-88.110,-718.476,-268.902,4,41
-8.9072,-1.4043,-3.0049,-32.683,-667.622,-312.866,4,41
-14.9839,-16.0000,0.9746,-516.951,-537.195,-491.159,4,41
-0.9014,-0.4136,-0.2236,-18.902,-11.768,-6.037,3,41
-0.9102,-0.3970,-0.2183,-21.890,-13.415,-5.122,3,41
-0.9121,-0.3735,-0.2065,-24.878,-15.671,-4.573,3,41
-0.9282,-0.3579,-0.1914,-27.805,-17.012,-3.598,3,41
-0.9487,-0.3745,-0.1460,-30.061,-18.049,-2.866,3,41
-0.9995,-0.3755,-0.2446,-32.561,-19.085,-2.439,3,41
-0.9766,-0.3882,-0.1504,-33.415,-20.000,-2.378,3,41
-0.9082,-0.2544,0.0000,-31.646,-21.098,-3.293,3,41
-13.2896,9.8267,-16.0000,-792.500,-499.085,-671.829,4,41
-5.5322,11.0229,-16.0000,-443.659,-92.927,-317.317,4,41
-5.8164,11.2676,-16.0000,-368.537,88.963,-337.683,4,41
-7.6392,11.3970,-15.8569,-715.427,265.610,-274.573,4,41
-4.3657,9.7339,-10.6758,-894.329,138.841,-327.927,4,41
3.1450,12.2632,-6.8618,-672.378,-179.512,-364.146,4,41
3.8550,13.2568,-6.7271,-162.439,-369.817,-303.476,4,41
7.0088,15.9995,-6.3115,230.000,-358.232,-111.951,4,41
-0.8672,-0.2368,-0.2290,-40.244,-24.817,-1.402,3,41
-0.8994,-0.2808,-0.2949,-40.183,-24.207,-0.793,3,41
-0.9756,-0.2998,-0.2168,-33.537,-21.524,-1.524,3,41
-1.0127,-0.2188,-0.0630,-30.366,-20.732,-2.195,3,41
-0.9956,-0.1997,-0.0942,-30.366,-20.610,-0.549,3,41
-0.9712,-0.2422,-0.2144,-27.134,-17.927,0.793,3,41
-0.9683,-0.2632,-0.2495,-22.683,-15.915,-0.366,3,41
-0.9521,-0.2607,-0.2085,-18.110,-15.549,-1.341,3,41
7.4351,15.9995,-7.0713,362.866,-193.902,126.159,4,41
4.6992,15.5356,-6.6567,430.610,-42.012,285.000,4,41
0.7954,9.6094,-6.5562,546.280,-8.171,214.695,4,41
-0.8193,6.1123,-5.9038,531.585,-53.354,74.817,4,41
-1.0049,4.3804,-4.5210,428.659,-74.817,-32.012,4,41
-0.2280,3.1982,-3.3750,352.256,-87.439,-92.744,4,41
0.2358,1.9282,-2.5005,308.110,-131.707,-94.268,4,41
0.1685,1.2173,-1.6997,272.561,-198.537,-39.329,4,41
-0.9692,-0.3257,-0.2153,-13.598,-12.378,0.122,3,41
-0.9844,-0.3784,-0.2432,-8.476,-7.866,0.366,3,41
-0.9790,-0.3760,-0.1919,-3.598,-4.695,-0.915,3,41
-0.9561,-0.3350,-0.1279,-1.524,-3.780,-1.707,3,41
-0.9678,-0.2974,-0.0898,-1.951,-3.537,-0.976,3,41
-0.9961,-0.2578,-0.0679,-1.098,-2.439,-0.488,3,41
-1.0273,-0.2212,-0.0464,-0.366,-1.402,-0.183,3,41
-1.0581,-0.1992,-0.0566,0.366,0.061,-1.037,3,41
0.2002,0.7676,-1.3237,228.476,-286.890,47.012,4,41
0.5254,0.1904,-1.2539,195.549,-375.183,126.402,4,41
0.6860,0.2456,-1.4932,220.732,-374.695,194.695,4,41
0.7427,-0.0762,-1.8867,211.341,-320.549,225.793,4,41
1.0063,-0.6753,-2.3496,168.841,-225.549,194.878,4,41
1.3540,-1.0991,-2.3149,130.122,-114.939,122.256,4,41
2.0156,-0.7759,-1.5889,160.976,-45.122,62.622,4,41
3.2266,-0.8657,-1.1602,229.939,-8.354,11.829,4,41
-1.0854,-0.1846,-0.0542,0.671,1.159,-2.195,3,41
-1.0898,-0.1880,-0.0581,0.671,2.134,-3.902,3,41
-1.0791,-0.1958,-0.0688,0.183,2.439,-5.976,3,41
-1.0684,-0.2017,-0.0859,0.549,2.866,-7.561,3,41
-1.0386,-0.2041,-0.0933,-0.915,2.378,-9.695,3,41
-1.0127,-0.1924,-0.0962,-2.683,1.707,-11.098,3,41
-0.9985,-0.1924,-0.1152,-5.061,0.732,-12.195,3,41
-1.0005,-0.2080,-0.1021,-7.866,0.244,-13.598,3,41
3.1880,-0.8647,-0.7378,283.232,9.939,-56.768,4,41
2.7051,-0.4551,-0.7231,294.695,-10.549,-101.037,4,41
1.8569,-0.1826,-1.2666,281.707,-29.695,-124.878,4,41
0.9507,0.2285,-1.8643,251.524,-27.805,-130.732,4,41
0.1875,0.6235,-2.3911,212.439,6.037,-117.439,4,41
-0.2554,0.9053,-2.6299,184.573,62.988,-93.780,4,41
-0.5640,0.9219,-2.5205,178.841,118.354,-62.805,4,41
-0.5977,0.8188,-2.1226,193.963,157.317,-33.171,4,41
-1.0010,-0.2295,-0.0889,-9.573,0.549,-14.146,3,41
-1.0024,-0.2310,-0.0723,-10.976,0.610,-14.817,3,41
-1.0073,-0.2266,-0.0522,-12.805,0.854,-15.244,3,41
-1.0088,-0.2236,-0.0391,-14.817,1.220,-15.671,3,41
-1.0083,-0.2192,-0.0303,-16.524,1.524,-16.402,3,41
-1.0142,-0.2144,-0.0356,-18.171,1.524,-16.463,3,41
-1.0146,-0.2275,-0.0552,-20.000,1.159,-17.134,3,41
-1.0234,-0.2490,-0.0518,-20.610,2.012,-17.378,3,41
-0.4912,0.6475,-1.6577,218.415,173.354,-12.378,4,41
-0.2993,0.4565,-1.3618,238.354,168.476,-0.183,4,41
-0.1021,0.2705,-1.2856,253.049,150.305,4.634,4,41
0.0713,0.1250,-1.3369,267.683,125.488,9.451,4,41
0.1479,0.0703,-1.4180,281.951,102.805,15.000,4,41
0.1021,0.1138,-1.4370,290.549,82.805,20.244,4,41
0.0107,0.2393,-1.3818,291.402,63.841,25.488,4,41
-0.1514,0.4077,-1.2559,284.268,45.549,30.793,4,41
-1.0176,-0.2534,-0.0508,-20.061,2.805,-17.439,3,41
-0.9961,-0.2632,-0.0693,-21.220,2.927,-17.927,3,41
-0.9722,-0.2671,-0.0796,-21.341,2.439,-18.476,3,41
-0.9517,-0.2764,-0.0845,-21.402,2.805,-19.024,3,41
-0.9370,-0.2847,-0.1123,-21.341,3.232,-19.268,3,41
-0.9326,-0.2847,-0.1362,-21.463,2.866,-19.207,3,41
-0.9258,-0.2842,-0.1445,-22.622,2.439,-19.146,3,41
-0.9351,-0.2783,-0.1489,-23.049,1.890,-18.720,3,41
-0.3496,0.5454,-1.0688,269.695,30.793,35.183,4,41
-0.5605,0.6367,-0.8911,250.427,24.634,37.805,4,41
-0.7319,0.6816,-0.7603,231.585,25.427,37.622,4,41
-0.8418,0.6816,-0.7300,216.707,31.098,37.622,4,41
-0.8750,0.6401,-0.7686,205.549,37.622,39.207,4,41
-0.8491,0.5459,-0.8726,194.817,42.378,44.634,4,41
-0.7788,0.4175,-1.0034,184.878,43.841,53.720,4,41
-0.7388,0.2969,-1.1260,175.244,41.098,64.634,4,41
-0.9292,-0.2788,-0.1455,-24.207,1.220,-18.476,3,41
-0.9155,-0.2817,-0.1396,-26.463,0.061,-18.354,3,41
-0.9141,-0.2896,-0.1460,-28.293,-1.098,-17.866,3,41
-0.9043,-0.3081,-0.1450,-29.573,-1.768,-17.500,3,41
-0.9043,-0.3110,-0.1484,-29.695,-2.439,-16.585,3,41
-0.9043,-0.3047,-0.1421,-30.244,-3.171,-16.098,3,41
-0.9019,-0.2954,-0.1533,-30.610,-3.293,-14.939,3,41
-0.8989,-0.2939,-0.1675,-29.817,-4.146,-14.573,3,41
-0.7217,0.2129,-1.2070,166.585,33.902,76.098,4,41
-0.7158,0.1523,-1.2378,159.024,24.817,86.768,4,41
-0.7271,0.1294,-1.2217,150.244,16.646,96.098,4,41
-0.7729,0.0991,-1.1978,140.000,11.524,104.268,4,41
-0.8628,0.0317,-1.1772,129.573,9.024,110.549,4,41
-0.9639,-0.0562,-1.1880,120.976,9.329,115.854,4,41
-1.0728,-0.1592,-1.2241,114.573,14.268,118.110,4,41
-1.0947,-0.2598,-1.2886,109.878,24.207,115.732,4,41
-0.9038,-0.2925,-0.1733,-29.024,-4.268,-13.659,3,41
-0.8979,-0.2803,-0.1909,-27.561,-3.902,-12.866,3,41
-0.9092,-0.2808,-0.2178,-26.341,-4.024,-12.378,3,41
-0.9131,-0.2891,-0.2319,-25.000,-3.598,-11.463,3,41
-0.9077,-0.3008,-0.2383,-23.476,-2.927,-11.098,3,41
-0.9116,-0.2920,-0.2261,-21.585,-2.561,-10.427,3,41
-0.9087,-0.2861,-0.2134,-20.183,-2.317,-9.146,3,41
-0.9121,-0.3013,-0.2275,-17.866,-1.159,-7.866,3,41
-0.9658,-1.8335,-0.3442,-110.793,47.378,-240.976,1,90
-0.9746,-1.8154,-0.3315,-111.220,47.683,-242.927,1,90
-0.9673,-1.7886,-0.3066,-111.890,48.110,-244.695,1,90
-0.9722,-1.7773,-0.2891,-112.561,48.476,-246.463,1,90
-0.9785,-1.7554,-0.2637,-113.232,49.024,-247.988,1,90
-0.9775,-1.7441,-0.2363,-114.695,49.695,-249.390,1,90
-0.9731,-1.7246,-0.2153,-115.732,50.427,-250.854,1,90
-0.9771,-1.7070,-0.2031,-116.707,50.793,-252.134,1,90
0.5635,0.4414,-0.6538,56.585,13.598,-34.390,2,90
0.5591,0.4150,-0.6392,55.183,11.768,-34.024,2,90
0.5566,0.3989,-0.6250,53.720,10.305,-33.780,2,90
0.5493,0.3804,-0.6143,52.866,8.598,-33.537,2,90
0.5439,0.3662,-0.5996,51.402,7.012,-33.232,2,90
0.5366,0.3555,-0.5854,49.512,6.037,-33.232,2,90
0.5313,0.3403,-0.5684,47.927,4.146,-33.415,2,90
0.5225,0.3267,-0.5479,45.732,3.354,-33.659,2,90
-0.9766,-1.6968,-0.1787,-117.744,51.098,-252.683,1,90
-0.9766,-1.6846,-0.1597,-118.659,51.707,-253.780,1,90
-0.9819,-1.6724,-0.1377,-119.512,51.951,-254.268,1,90
-0.9888,-1.6572,-0.1182,-120.732,51.951,-254.756,1,90
-0.9839,-1.6440,-0.1006,-121.524,52.500,-255.183,1,90
-0.9810,-1.6245,-0.0752,-122.744,52.866,-255.488,1,90
-0.9844,-1.6162,-0.0527,-123.476,53.415,-256.098,1,90
-0.9873,-1.6030,-0.0278,-124.268,53.720,-256.220,1,90
-1.6138,0.4175,-0.9761,137.927,246.524,75.915,4,41
-1.6465,0.5010,-0.9448,140.122,252.073,72.683,4,41
-1.6646,0.5972,-0.9160,143.110,257.378,70.061,4,41
-1.6577,0.7046,-0.8960,147.439,263.659,67.683,4,41
-1.6309,0.8252,-0.8721,152.988,270.427,66.829,4,41
-1.6162,0.9556,-0.8359,159.817,277.683,66.829,4,41
-1.5879,1.0659,-0.8115,167.500,285.732,68.720,4,41
-1.5742,1.1484,-0.7832,175.427,293.659,70.854,4,41
-0.9502,-0.4355,-0.1855,56.220,46.402,16.463,3,41
-0.9282,-0.4209,-0.2197,61.341,48.720,18.415,3,41
-0.8979,-0.4375,-0.2695,65.305,50.488,20.427,3,41
-0.8711,-0.4756,-0.2979,71.524,53.293,22.073,3,41
-0.8550,-0.4912,-0.2998,77.866,56.951,24.085,3,41
-0.8467,-0.4814,-0.2910,81.037,57.988,25.366,3,41
-0.8374,-0.4478,-0.2813,82.256,58.110,26.768,3,41
-0.8428,-0.4097,-0.2754,83.780,57.988,28.232,3,41
-1.5835,1.2026,-0.7725,184.085,301.829,73.841,4,41
-1.6011,1.2451,-0.7539,194.268,309.329,77.561,4,41
-1.6460,1.2793,-0.7324,206.402,315.915,82.134,4,41
-1.6978,1.3267,-0.7305,218.598,321.829,87.805,4,41
-1.7603,1.3789,-0.7241,229.634,327.622,93.659,4,41
-1.8496,1.4136,-0.7114,238.598,333.476,99.573,4,41
-1.9390,1.4321,-0.6704,245.305,337.744,105.305,4,41
-2.0205,1.4365,-0.6318,250.793,339.817,110.122,4,41
-0.8525,-0.3682,-0.2939,84.634,58.720,29.085,3,41
-0.8750,-0.3467,-0.2900,86.463,59.695,29.573,3,41
-0.8892,-0.3315,-0.2881,89.268,61.159,31.220,3,41
-0.9150,-0.3101,-0.2896,92.561,62.988,32.866,3,41
-0.9287,-0.2856,-0.2637,95.915,63.780,33.537,3,41
-0.9438,-0.2793,-0.2690,99.878,65.244,34.207,3,41
-0.9526,-0.2959,-0.2769,105.854,67.744,34.878,3,41
-0.9546,-0.3164,-0.2993,112.744,70.183,35.610,3,41
-2.1006,1.4219,-0.5752,255.793,340.366,114.024,4,41
-2.1650,1.3818,-0.5117,261.220,339.512,117.744,4,41
-2.1934,1.3320,-0.4365,267.988,337.622,121.707,4,41
-2.2036,1.2788,-0.3862,275.610,335.000,125.122,4,41
-2.1948,1.2358,-0.3335,285.000,332.561,128.476,4,41
-2.1836,1.2090,-0.3076,293.720,331.768,130.671,4,41
-2.1704,1.1963,-0.3091,300.549,333.232,133.049,4,41
-2.1787,1.1807,-0.3188,306.341,336.951,134.085,4,41
-0.9526,-0.3384,-0.3037,118.963,72.683,35.915,3,41
-0.9526,-0.3379,-0.2954,124.573,75.244,36.159,3,41
-0.9546,-0.3208,-0.2856,128.537,76.646,36.341,3,41
-0.9580,-0.3052,-0.2578,131.646,77.317,36.463,3,41
-0.9648,-0.2817,-0.2393,133.537,77.561,36.585,3,41
-0.9629,-0.2686,-0.2124,134.756,77.256,36.159,3,41
-0.9551,-0.2451,-0.2051,136.646,76.890,35.976,3,41
-0.9380,-0.2231,-0.1982,137.439,75.732,35.915,3,41
-2.1968,1.1646,-0.3281,310.488,342.683,134.390,4,41
-2.2305,1.1333,-0.3228,313.476,349.573,134.756,4,41
-2.2769,1.0762,-0.3066,314.939,357.134,132.988,4,41
-2.3506,1.0137,-0.2661,316.585,364.085,130.488,4,41
-2.4287,0.9409,-0.2544,317.073,369.451,127.744,4,41
-2.5132,0.8721,-0.2275,314.939,373.963,124.024,4,41
-2.5781,0.8159,-0.2192,311.951,376.646,121.159,4,41
-2.6577,0.7495,-0.2051,307.439,378.293,117.683,4,41
-0.9434,-0.2090,-0.1943,137.012,74.390,35.854,3,41
-0.9497,-0.1929,-0.1978,134.573,71.829,35.427,3,41
-0.9595,-0.2148,-0.1997,130.122,69.085,35.366,3,41
-0.9629,-0.2524,-0.2075,127.439,67.378,35.000,3,41
-0.9443,-0.2759,-0.2017,125.366,66.220,34.268,3,41
-0.9219,-0.2925,-0.1602,123.963,64.695,33.841,3,41
-0.9141,-0.2686,-0.1299,119.634,61.524,33.476,3,41
-0.9087,-0.2520,-0.1094,111.646,56.829,32.744,3,41
-2.7114,0.7158,-0.2080,301.890,379.817,114.207,4,41
-2.7583,0.6714,-0.1904,295.671,380.671,111.829,4,41
-2.8042,0.6284,-0.1821,288.476,381.585,109.634,4,41
-2.8501,0.5645,-0.1782,280.793,382.744,107.378,4,41
-2.8633,0.5088,-0.1963,271.524,383.902,105.366,4,41
-2.8911,0.4512,-0.2339,261.585,384.573,104.451,4,41
-2.9819,0.3828,-0.2808,249.939,385.793,103.537,4,41
-3.0801,0.3052,-0.3330,236.220,388.841,102.012,4,41
0.5557,0.1426,-0.3042,64.756,13.293,-46.402,2,90
0.5649,0.1387,-0.3047,66.280,14.451,-47.378,2,90
0.5771,0.1313,-0.3003,67.561,15.488,-48.354,2,90
0.5806,0.1260,-0.2944,68.720,16.646,-49.512,2,90
0.5933,0.1191,-0.3018,69.390,18.049,-50.671,2,90
0.5977,0.1138,-0.2920,69.634,19.390,-51.890,2,90
0.5928,0.1167,-0.2876,69.756,20.305,-53.476,2,90
0.6050,0.1162,-0.2876,69.024,21.951,-54.451,2,90
-0.7446,-1.1401,0.2012,-42.500,18.110,-253.415,1,90
-0.7188,-1.1372,0.2021,-40.915,16.280,-253.293,1,90
-0.7080,-1.1260,0.1953,-39.878,14.207,-253.171,1,90
-0.6807,-1.1245,0.1870,-38.780,11.829,-252.988,1,90
-0.6597,-1.1089,0.1890,-37.317,8.293,-252.317,1,90
-0.6367,-1.1035,0.1963,-36.585,5.732,-251.768,1,90
-0.6255,-1.1064,0.1787,-36.402,3.720,-251.280,1,90
-0.6060,-1.1016,0.1680,-36.280,0.915,-251.098,1,90
0.6011,0.1157,-0.2788,68.598,22.866,-55.915,2,90
0.5947,0.1123,-0.2759,67.866,23.963,-57.073,2,90
0.6006,0.1074,-0.2700,67.683,25.122,-57.561,2,90
0.6094,0.1064,-0.2734,67.317,26.220,-58.902,2,90
0.6060,0.0938,-0.2827,67.073,27.378,-59.573,2,90
0.6113,0.0952,-0.2817,67.134,28.720,-60.488,2,90
0.6064,0.0986,-0.2847,67.073,29.573,-61.524,2,90
0.6001,0.0942,-0.2935,67.561,30.366,-62.744,2,90
-0.5908,-1.1055,0.1426,-36.524,-1.341,-250.549,1,90
-0.5703,-1.1094,0.1270,-36.829,-4.146,-250.183,1,90
-0.5596,-1.1177,0.0928,-36.890,-6.341,-249.695,1,90
-0.5464,-1.1206,0.0854,-37.683,-8.902,-249.634,1,90
-0.5420,-1.1270,0.0728,-38.720,-10.854,-249.329,1,90
-0.5327,-1.1304,0.0557,-38.902,-12.805,-249.085,1,90
-0.5244,-1.1255,0.0342,-39.756,-14.634,-248.720,1,90
-0.5303,-1.1201,0.0327,-40.244,-16.220,-248.232,1,90
0.6045,0.0938,-0.3071,67.317,31.463,-63.598,2,90
0.6079,0.0898,-0.3096,67.988,32.500,-64.817,2,90
0.6064,0.0967,-0.3052,67.927,33.293,-65.610,2,90
0.6118,0.0972,-0.3027,67.622,34.268,-66.646,2,90
0.6108,0.0918,-0.2998,67.561,35.061,-67.439,2,90
0.6079,0.0923,-0.3052,67.561,35.793,-68.537,2,90
0.6133,0.0913,-0.3145,67.073,36.463,-69.268,2,90
0.6216,0.0879,-0.3228,67.195,37.134,-70.183,2,90
-0.8799,-0.4023,-0.2788,58.110,43.720,36.646,3,41
-0.8848,-0.3857,-0.3350,57.439,42.866,37.012,3,41
-0.8887,-0.3828,-0.3574,56.951,42.317,37.073,3,41
-0.8838,-0.3569,-0.3794,56.829,42.378,37.622,3,41
-0.8667,-0.3550,-0.3799,56.890,42.439,38.110,3,41
-0.8584,-0.3560,-0.3462,56.951,42.439,38.537,3,41
-0.8442,-0.3613,-0.3384,56.524,42.622,39.024,3,41
-0.8325,-0.3667,-0.3291,55.000,41.890,39.939,3,41
-0.5083,-1.0225,-0.0693,-40.671,-30.061,-243.171,1,90
-0.5044,-1.0083,-0.0781,-39.634,-31.646,-243.049,1,90
-0.5103,-1.0010,-0.0830,-38.171,-32.866,-242.134,1,90
-0.4956,-0.9810,-0.1021,-36.646,-34.268,-241.951,1,90
-0.4966,-0.9771,-0.1074,-35.366,-35.244,-241.341,1,90
-0.4775,-0.9663,-0.1182,-34.207,-36.402,-241.159,1,90
-0.4800,-0.9604,-0.1367,-32.805,-37.500,-240.671,1,90
-0.4697,-0.9531,-0.1523,-30.854,-38.415,-240.427,1,90
0.6563,0.0835,-0.3281,63.476,43.110,-76.220,2,90
0.6636,0.0859,-0.3291,63.232,43.598,-76.890,2,90
0.6709,0.0957,-0.3335,62.927,44.085,-77.073,2,90
0.6709,0.0967,-0.3408,62.683,44.634,-77.500,2,90
0.6763,0.1045,-0.3516,62.378,44.939,-77.378,2,90
0.6851,0.1133,-0.3516,61.829,45.305,-77.683,2,90
0.6812,0.1128,-0.3755,61.463,45.915,-77.805,2,90
0.6885,0.1245,-0.3726,61.220,46.463,-77.927,2,90
-0.4580,-0.9536,-0.1641,-29.634,-39.939,-239.817,1,90
-0.4482,-0.9521,-0.1821,-28.293,-40.976,-239.329,1,90
-0.4375,-0.9512,-0.2007,-27.134,-42.439,-238.963,1,90
-0.4282,-0.9507,-0.2065,-26.341,-43.354,-238.354,1,90
-0.4194,-0.9565,-0.2241,-25.244,-44.939,-237.744,1,90
-0.4058,-0.9600,-0.2549,-24.451,-45.854,-237.073,1,90
-0.4067,-0.9556,-0.2710,-23.841,-46.890,-236.463,1,90
-0.3931,-0.9604,-0.2876,-23.415,-47.256,-235.671,1,90
0.6924,0.1309,-0.3833,60.305,46.951,-78.354,2,90
0.6943,0.1387,-0.3726,59.695,47.378,-78.354,2,90
0.7070,0.1479,-0.3989,58.841,48.293,-78.415,2,90
0.7124,0.1465,-0.3970,58.293,48.354,-78.720,2,90
0.7163,0.1548,-0.3970,57.683,49.085,-78.659,2,90
0.7310,0.1616,-0.4053,57.256,49.207,-78.476,2,90
0.7358,0.1680,-0.4063,56.829,49.817,-78.476,2,90
0.7432,0.1792,-0.4053,56.280,50.122,-78.232,2,90
-0.9434,-0.3369,-0.2075,9.146,31.098,58.232,3,41
-0.9390,-0.3472,-0.1587,5.671,30.488,59.817,3,41
-0.9434,-0.3525,-0.1724,0.427,29.573,61.768,3,41
-0.9702,-0.3677,-0.1978,-1.951,29.634,62.927,3,41
-0.9873,-0.3774,-0.1870,-2.439,31.220,64.756,3,41
-0.9814,-0.3843,-0.1479,-2.988,32.927,67.012,3,41
-0.9868,-0.4038,-0.1045,-4.817,33.659,69.390,3,41
-0.9717,-0.3838,-0.0947,-5.793,34.878,71.463,3,41
-2.7490,-0.1494,0.1802,97.134,321.220,64.878,4,41
-2.3735,-0.2446,0.1948,93.293,318.415,57.012,4,41
-1.7383,1.1948,0.0747,52.561,316.524,65.610,4,41
-2.6216,-0.2319,-0.5425,59.451,306.707,85.915,4,41
-2.0825,-0.8696,-2.1377,96.402,340.732,53.841,4,41
-1.4717,0.4243,-1.9653,88.841,392.561,2.195,4,41
-0.5127,1.0156,-1.9854,-68.232,394.695,-51.402,4,41
1.3330,4.0068,-8.9487,-434.756,315.000,-102.317,4,41
-0.9526,-0.3633,-0.0952,-7.134,35.793,73.963,3,41
-0.9575,-0.3633,-0.1621,-9.146,36.280,75.549,3,41
-0.9810,-0.3696,-0.2437,-9.390,37.317,76.951,3,41
-0.9956,-0.3530,-0.3022,-9.207,38.110,78.110,3,41
-1.0991,-0.4033,-0.3584,-7.073,38.841,79.268,3,41
-0.8667,-0.2568,-0.4038,-7.317,40.427,78.659,3,41
-0.8994,-0.2646,-0.3223,-6.524,38.354,78.354,3,41
-0.7583,-0.2695,-0.5454,-10.305,38.232,77.378,3,41
1.9604,-3.9409,-14.8735,-539.451,545.610,-270.854,4,41
-2.0298,-2.2139,10.3608,-177.561,262.683,-324.939,4,41
-4.3218,-5.4941,15.9292,269.329,-148.171,-221.280,4,41
-6.7139,3.5933,15.9990,-93.415,-425.610,-201.524,4,41
-4.0903,3.2275,8.9849,-783.232,-889.329,-170.305,4,41
-11.5381,-11.5537,-5.0547,-771.280,46.768,-150.244,4,41
-5.7275,-11.3857,12.6104,376.768,-221.646,70.000,4,41
-2.8218,-5.2837,15.9995,86.280,-318.598,56.890,4,41
-0.6807,-0.2075,-0.4199,-5.366,39.756,74.634,3,41
-0.7480,-0.2007,-0.3281,-15.122,34.329,75.000,3,41
-0.8076,-0.2031,-0.4556,-14.756,33.780,74.024,3,41
-0.8086,-0.0132,-0.2939,-16.280,30.915,73.049,3,41
-0.7959,-0.0044,-0.3218,-21.829,27.256,71.280,3,41
-0.7485,-0.0010,-0.4658,-22.073,25.915,67.256,3,41
-0.7056,-0.0171,-0.5527,-22.073,23.659,64.390,3,41
-0.7021,-0.0581,-0.5664,-21.280,22.988,61.402,3,41
3.3291,-2.1816,15.9995,27.988,-234.573,-52.500,4,41
5.6558,-2.1431,15.9995,16.829,-202.622,-111.829,4,41
4.3198,-2.1055,15.9995,176.037,-251.890,-108.598,4,41
1.2153,-3.7705,10.6968,59.695,-261.463,-129.817,4,41
-2.1362,-3.0845,6.6094,31.768,-159.451,-140.122,4,41
-3.3086,-1.4634,4.8760,-87.866,-175.000,-118.293,4,41
-5.7051,0.6064,0.7271,-278.537,-134.695,-76.463,4,41
-9.6348,2.0654,-2.5186,-388.841,-145.915,29.512,4,41
-0.7114,-0.0620,-0.5405,-21.829,21.037,58.902,3,41
-0.7686,-0.0659,-0.5132,-22.378,18.963,57.073,3,41
-0.8613,-0.0869,-0.4829,-22.073,17.500,55.671,3,41
-0.9346,-0.0801,-0.4595,-21.890,15.732,53.598,3,41
-0.9907,-0.1011,-0.4409,-21.280,13.415,51.646,3,41
-1.0083,-0.0894,-0.3916,-20.976,11.951,49.268,3,41
-1.0288,-0.0728,-0.3794,-19.695,10.183,46.768,3,41
-1.0313,-0.0396,-0.3540,-18.598,9.207,44.268,3,41
-1.1030,-0.1978,-0.9292,-73.902,-25.488,-147.683,1,90
-1.1421,-0.1143,-0.8901,-76.402,-23.537,-142.073,1,90
-1.2036,-0.0229,-0.8838,-79.207,-21.890,-135.793,1,90
-1.2578,0.0718,-0.8696,-83.659,-20.305,-129.451,1,90
-1.3164,0.1772,-0.8804,-88.171,-18.720,-122.012,1,90
-1.3813,0.2690,-0.8911,-94.146,-17.622,-113.537,1,90
-1.4565,0.3848,-0.9155,-100.488,-16.402,-104.634,1,90
-1.5483,0.4893,-0.9238,-107.073,-14.573,-94.451,1,90
1.1367,0.2603,-0.7227,32.500,-0.549,-50.183,2,90
1.1421,0.2524,-0.7256,30.183,-1.829,-49.329,2,90
1.1494,0.2275,-0.7437,23.354,-5.976,-47.195,2,90
1.1611,0.2241,-0.7495,20.732,-7.073,-46.646,2,90
1.1821,0.2090,-0.7573,15.305,-9.085,-44.695,2,90
1.1968,0.1973,-0.7754,9.268,-10.854,-42.439,2,90
1.2505,0.1860,-0.7959,0.732,-12.622,-38.720,2,90
1.2661,0.1851,-0.7979,-2.195,-13.232,-37.561,2,90
-0.9897,-0.0371,-0.2451,-15.305,9.451,21.341,3,41
-0.9917,-0.0557,-0.2729,-14.756,10.793,18.720,3,41
-0.9883,-0.0464,-0.2842,-14.024,12.378,15.671,3,41
-0.9995,-0.0146,-0.2822,-13.963,13.659,12.500,3,41
-1.0112,0.0195,-0.2490,-14.634,14.573,9.207,3,41
-1.0220,0.0752,-0.1855,-15.366,15.793,5.427,3,41
-1.0381,0.1250,-0.1416,-17.561,16.220,2.012,3,41
-1.0508,0.1777,-0.1206,-19.146,16.707,-1.463,3,41
-1.0581,0.2104,-0.1187,-19.817,17.744,-4.878,3,41
-1.0698,0.2134,-0.1387,-19.512,19.085,-8.963,3,41
-1.0894,0.2002,-0.1660,-18.963,20.488,-12.927,3,41
-1.0874,0.1875,-0.1855,-16.646,22.073,-16.768,3,41
-1.0767,0.1885,-0.2192,-15.427,23.415,-20.549,3,41
-1.0732,0.1470,-0.2534,-13.232,24.024,-25.549,3,41
-1.0688,0.1206,-0.2837,-11.951,24.024,-29.390,3,41
-1.0366,0.0781,-0.3047,-11.037,23.659,-34.451,3,41
-1.9316,1.5249,-1.0415,-86.098,40.488,27.439,1,90
-1.8638,1.4814,-1.0649,-84.085,38.171,34.207,1,90
-1.8203,1.4253,-1.0757,-84.329,35.793,42.927,1,90
-1.7983,1.3735,-1.0874,-85.671,33.598,53.232,1,90
-1.8062,1.3159,-1.1016,-86.402,32.500,65.122,1,90
-1.8188,1.2778,-1.1104,-86.463,32.256,78.293,1,90
-1.8496,1.2407,-1.1172,-85.244,32.805,91.707,1,90
-1.8848,1.2334,-1.1118,-83.841,34.512,105.671,1,90
1.7964,0.1899,-1.1128,-71.829,-35.488,0.427,2,90
1.7754,0.2168,-1.1182,-73.659,-35.915,1.402,2,90
1.7593,0.2510,-1.1162,-75.915,-36.220,2.683,2,90
1.7393,0.2813,-1.1138,-78.780,-36.707,3.841,2,90
1.7251,0.3184,-1.1118,-81.585,-37.073,5.305,2,90
1.7148,0.3413,-1.1035,-83.476,-38.049,7.134,2,90
1.7080,0.3784,-1.0981,-84.573,-39.329,9.634,2,90
1.7065,0.4053,-1.0879,-85.366,-40.061,11.707,2,90
-0.9375,0.0552,-0.3481,-29.756,-4.573,-73.659,3,41
-0.9131,0.0581,-0.3521,-34.329,-9.268,-77.195,3,41
-0.9067,0.0635,-0.3496,-38.598,-13.841,-80.366,3,41
-0.9126,0.0581,-0.3770,-42.317,-17.256,-82.927,3,41
-0.9092,0.0332,-0.4067,-44.634,-20.793,-85.488,3,41
-0.9141,-0.0015,-0.4248,-46.951,-23.902,-88.232,3,41
-0.9033,-0.0640,-0.4375,-49.268,-27.134,-90.671,3,41
-0.8892,-0.1064,-0.4409,-52.439,-30.183,-92.439,3,41
-3.1558,-1.4893,2.1318,-136.524,209.024,-22.073,4,41
-3.1616,-1.4463,2.4409,-142.744,213.049,-20.610,4,41
-3.1489,-1.4873,2.6128,-151.098,217.805,-17.683,4,41
-3.1445,-1.5479,2.7817,-156.829,222.439,-14.146,4,41
-3.1255,-1.5381,3.0356,-160.915,225.122,-10.976,4,41
-3.1133,-1.4902,3.2588,-169.024,225.854,-8.354,4,41
-3.0869,-1.4658,3.4341,-179.756,226.159,-6.402,4,41
-3.1333,-1.5625,3.8267,-190.183,224.817,-5.000,4,41
-0.8706,-0.1475,-0.4263,-56.524,-34.207,-93.476,3,41
-0.8662,-0.1694,-0.4067,-60.732,-37.500,-94.451,3,41
-0.8721,-0.1743,-0.4082,-64.512,-40.488,-94.573,3,41
-0.8711,-0.1748,-0.4004,-67.683,-43.171,-94.634,3,41
-0.8833,-0.1768,-0.4116,-70.061,-45.122,-94.573,3,41
-0.8804,-0.1851,-0.4092,-71.585,-47.073,-94.146,3,41
-0.8745,-0.2080,-0.4395,-72.073,-48.598,-93.720,3,41
-0.8579,-0.2319,-0.4609,-72.378,-50.000,-92.561,3,41
-1.3496,0.9268,-0.8071,-3.598,48.415,289.817,1,90
-1.3330,0.8779,-0.7651,5.122,49.512,298.659,1,90
-1.3193,0.8184,-0.7280,13.049,49.817,307.073,1,90
-1.2935,0.7524,-0.6968,20.244,49.634,315.000,1,90
-1.2622,0.6797,-0.6719,27.439,49.634,322.500,1,90
-1.2471,0.6064,-0.6597,34.451,49.268,329.573,1,90
-1.2290,0.5259,-0.6470,42.500,49.207,336.341,1,90
-1.2026,0.4380,-0.6294,51.463,49.695,342.622,1,90
1.3706,0.5479,-0.8013,-55.915,-76.098,47.622,2,90
1.3633,0.5381,-0.7793,-54.146,-76.524,50.488,2,90
1.3506,0.5342,-0.7598,-52.561,-77.012,53.354,2,90
1.3345,0.5200,-0.7476,-50.976,-77.561,55.793,2,90
1.3232,0.5098,-0.7124,-48.902,-78.354,58.598,2,90
1.3003,0.4995,-0.6963,-46.890,-78.902,60.854,2,90
1.2793,0.4907,-0.6724,-45.061,-78.720,62.927,2,90
1.2456,0.4814,-0.6465,-43.415,-78.902,65.305,2,90
-0.8105,-0.5205,-0.4600,-67.927,-57.988,-72.317,3,41
-0.8096,-0.5171,-0.4614,-66.280,-58.232,-69.207,3,41
-0.8130,-0.5176,-0.4434,-64.085,-57.988,-65.854,3,41
-0.8120,-0.5288,-0.4229,-61.646,-57.378,-62.500,3,41
-0.8213,-0.5425,-0.4116,-58.537,-56.463,-59.390,3,41
-0.8154,-0.5547,-0.4131,-55.976,-55.732,-56.585,3,41
-0.7939,-0.5547,-0.4307,-53.476,-55.305,-54.207,3,41
-0.8032,-0.5366,-0.4199,-51.098,-54.573,-51.524,3,41
-1.2412,-0.3701,-0.3364,76.402,70.061,369.878,1,90
-1.2407,-0.4868,-0.3569,77.805,71.463,369.939,1,90
-1.2485,-0.5977,-0.3369,78.110,73.354,369.512,1,90
-1.2505,-0.7065,-0.3413,77.988,75.976,369.390,1,90
-1.2544,-0.8076,-0.3101,76.646,79.451,368.720,1,90
-1.2466,-0.9111,-0.3008,74.329,83.171,367.927,1,90
-1.2383,-1.0063,-0.2856,71.280,86.829,366.646,1,90
-1.2368,-1.1001,-0.2646,67.744,90.061,365.549,1,90
0.9189,0.3735,-0.4663,-32.073,-74.512,85.732,2,90
0.8867,0.3516,-0.4434,-31.280,-73.720,87.805,2,90
0.8496,0.3403,-0.4253,-30.976,-72.988,90.366,2,90
0.8218,0.3232,-0.3994,-30.366,-71.951,92.622,2,90
0.7935,0.3022,-0.3765,-30.427,-70.793,95.305,2,90
0.7671,0.2847,-0.3506,-30.183,-69.634,97.744,2,90
0.7432,0.2661,-0.3403,-30.732,-68.537,100.366,2,90
0.7222,0.2461,-0.3179,-30.610,-67.439,102.500,2,90
-0.9048,-0.2393,-0.3354,-22.683,-48.354,-31.098,3,41
-0.9092,-0.2236,-0.3086,-17.622,-47.317,-29.939,3,41
-0.9136,-0.2041,-0.3042,-12.439,-45.488,-29.207,3,41
-0.9146,-0.1729,-0.3169,-7.256,-44.268,-28.354,3,41
-0.9268,-0.1567,-0.3267,-2.195,-43.598,-27.012,3,41
-0.9395,-0.1362,-0.3281,2.927,-42.500,-26.402,3,41
-0.9473,-0.1484,-0.3330,8.232,-41.037,-25.366,3,41
-0.9453,-0.1284,-0.3452,13.049,-40.183,-24.878,3,41
-1.0005,-1.5850,-0.2432,7.805,87.378,359.695,1,90
-0.9795,-1.6333,-0.2456,-0.122,84.329,362.378,1,90
-0.9678,-1.6948,-0.2422,-7.805,82.073,365.000,1,90
-0.9585,-1.7441,-0.2417,-15.244,78.963,368.537,1,90
-0.9551,-1.8101,-0.2495,-21.463,76.402,371.890,1,90
-0.9692,-1.8779,-0.2544,-26.951,73.476,374.634,1,90
-0.9746,-1.9414,-0.2471,-30.976,71.280,377.256,1,90
-0.9810,-2.0020,-0.2690,-34.146,69.329,378.354,1,90
0.5195,0.1245,-0.2207,-28.841,-57.744,115.427,2,90
0.5020,0.1108,-0.1987,-28.963,-56.524,115.732,2,90
0.4863,0.0864,-0.1934,-29.817,-55.305,115.915,2,90
0.4746,0.0825,-0.1826,-30.244,-54.268,116.402,2,90
0.4619,0.0645,-0.1934,-29.939,-52.866,116.463,2,90
0.4629,0.0474,-0.1880,-29.207,-51.220,116.707,2,90
0.4556,0.0396,-0.1934,-28.963,-49.939,116.768,2,90
0.4404,0.0327,-0.1792,-28.415,-48.293,116.707,2,90
-0.9966,-2.1035,-0.2808,-36.585,67.012,378.110,1,90
-1.0176,-2.1689,-0.2813,-37.317,66.402,376.220,1,90
-1.0239,-2.2339,-0.2886,-36.890,65.976,372.866,1,90
-1.0137,-2.2920,-0.2935,-36.463,66.220,368.537,1,90
-1.0005,-2.3530,-0.3013,-35.610,66.585,363.049,1,90
-0.9751,-2.4165,-0.3105,-34.024,66.890,357.073,1,90
-0.9443,-2.4741,-0.3262,-33.110,66.890,350.854,1,90
-0.8896,-2.5327,-0.3428,-31.585,67.439,344.756,1,90
0.4336,0.0210,-0.1787,-27.683,-46.585,115.976,2,90
0.4360,0.0200,-0.1714,-27.866,-45.183,115.610,2,90
0.4146,0.0117,-0.1694,-27.866,-44.024,114.939,2,90
0.4155,0.0083,-0.1597,-27.927,-42.866,114.146,2,90
0.4028,-0.0015,-0.1602,-27.866,-41.890,112.927,2,90
0.4058,-0.0010,-0.1553,-27.744,-41.037,112.195,2,90
0.3984,-0.0078,-0.1704,-27.500,-40.244,111.098,2,90
0.4087,-0.0044,-0.1802,-26.341,-39.390,110.488,2,90
-0.9307,-0.3203,-0.1680,23.354,-35.000,-10.427,3,41
-0.9429,-0.3213,-0.1475,20.488,-34.878,-9.573,3,41
-0.9634,-0.3081,-0.1162,17.744,-34.695,-8.720,3,41
-0.9824,-0.2920,-0.0923,15.122,-34.634,-8.354,3,41
-0.9980,-0.2925,-0.0747,12.744,-34.146,-8.110,3,41
-1.0132,-0.2886,-0.0547,10.305,-33.598,-8.049,3,41
-1.0122,-0.3062,-0.0527,8.171,-33.049,-8.110,3,41
-1.0215,-0.3306,-0.0547,6.890,-31.463,-8.232,3,41
-0.3584,-2.8662,-0.4229,-25.549,74.329,299.390,1,90
-0.2983,-2.8979,-0.4346,-25.915,75.000,293.780,1,90
-0.2393,-2.9312,-0.4209,-25.427,75.976,288.598,1,90
-0.1870,-2.9688,-0.4077,-25.061,76.707,282.988,1,90
-0.1289,-2.9961,-0.4058,-24.390,77.378,276.280,1,90
-0.0796,-3.0269,-0.3901,-23.415,77.622,269.512,1,90
-0.0317,-3.0376,-0.3794,-22.256,78.232,262.317,1,90
0.0132,-3.0469,-0.3604,-21.037,77.927,254.695,1,90
0.3823,-0.0259,-0.2627,-26.037,-32.378,103.902,2,90
0.3760,-0.0293,-0.2749,-26.463,-31.951,102.561,2,90
0.3711,-0.0234,-0.2837,-26.890,-31.524,101.037,2,90
0.3682,-0.0273,-0.2861,-27.317,-30.793,99.939,2,90
0.3691,-0.0322,-0.3027,-27.683,-29.878,98.354,2,90
0.3628,-0.0288,-0.3047,-27.988,-28.720,97.012,2,90
0.3628,-0.0337,-0.3174,-28.476,-27.805,95.488,2,90
0.3574,-0.0332,-0.3252,-28.780,-26.341,94.329,2,90
0.0640,-3.0459,-0.3594,-19.695,77.378,247.195,1,90
0.1113,-3.0303,-0.3579,-18.354,76.220,239.512,1,90
0.1514,-3.0171,-0.3496,-17.561,75.061,232.378,1,90
0.1890,-2.9873,-0.3545,-15.976,74.207,225.549,1,90
0.2285,-2.9668,-0.3613,-15.061,72.805,218.780,1,90
0.2485,-2.9385,-0.3711,-13.659,71.707,212.317,1,90
0.2832,-2.9058,-0.3721,-11.463,70.549,206.341,1,90
0.3096,-2.8726,-0.3813,-8.659,69.512,200.244,1,90
0.3560,-0.0361,-0.3325,-28.780,-25.427,93.171,2,90
0.3613,-0.0347,-0.3442,-28.537,-24.146,91.707,2,90
0.3574,-0.0430,-0.3579,-28.232,-23.232,90.488,2,90
0.3486,-0.0425,-0.3716,-27.317,-22.378,89.146,2,90
0.3540,-0.0474,-0.3828,-26.646,-21.463,87.683,2,90
0.3403,-0.0435,-0.4067,-25.366,-20.549,86.159,2,90
0.3335,-0.0430,-0.4141,-24.146,-19.573,84.573,2,90
0.3286,-0.0376,-0.4409,-22.866,-18.659,83.110,2,90
-0.9766,-0.2471,-0.0703,-8.476,-15.915,-8.659,3,41
-0.9736,-0.2397,-0.0781,-9.573,-15.488,-9.146,3,41
-0.9658,-0.2271,-0.0840,-10.061,-15.244,-10.061,3,41
-0.9604,-0.2207,-0.0981,-11.402,-15.244,-10.366,3,41
-0.9565,-0.2075,-0.0996,-12.561,-15.000,-10.549,3,41
-0.9600,-0.1934,-0.1035,-13.354,-14.512,-10.732,3,41
-0.9609,-0.1777,-0.1064,-14.146,-14.634,-10.915,3,41
-0.9614,-0.1748,-0.1172,-15.305,-14.573,-11.159,3,41
-2.9033,0.0620,0.3555,26.220,-445.610,-344.207,4,41
-2.9492,0.0601,0.3252,27.439,-449.268,-343.963,4,41
-3.0146,0.0508,0.2993,27.256,-454.024,-342.866,4,41
-3.0840,0.0249,0.2700,24.695,-460.305,-339.695,4,41
-3.1563,-0.0039,0.2217,18.598,-468.659,-334.756,4,41
-3.1987,-0.0273,0.1636,8.110,-478.110,-327.378,4,41
-3.2793,-0.0342,0.1211,-6.768,-488.110,-317.622,4,41
-3.3467,-0.0601,0.0684,-27.256,-499.024,-307.012,4,41
-0.9634,-0.1782,-0.1426,-16.951,-15.000,-11.159,3,41
-0.9619,-0.1934,-0.1519,-17.378,-14.939,-11.098,3,41
-0.9644,-0.1958,-0.1680,-17.622,-14.939,-11.524,3,41
-0.9531,-0.2075,-0.1919,-17.500,-15.183,-11.402,3,41
-0.9570,-0.2104,-0.2070,-17.500,-15.427,-12.195,3,41
-0.9551,-0.2173,-0.2295,-16.646,-15.732,-12.866,3,41
-0.9492,-0.2358,-0.2593,-15.549,-15.122,-13.598,3,41
-0.9326,-0.2529,-0.2676,-13.537,-14.146,-13.841,3,41
-3.4414,-0.0938,0.0391,-52.988,-511.463,-297.134,4,41
-3.5313,-0.1719,0.0151,-82.622,-526.159,-289.329,4,41
-3.6050,-0.2578,0.0161,-111.585,-542.073,-285.488,4,41
-3.6597,-0.3574,0.0396,-137.988,-559.268,-284.878,4,41
-3.7012,-0.4360,0.0718,-156.829,-576.890,-286.951,4,41
-3.7739,-0.4854,0.1787,-168.780,-595.061,-288.780,4,41
-3.8096,-0.4453,0.2329,-172.805,-612.988,-290.976,4,41
-3.9692,-0.4380,0.2466,-172.439,-626.402,-292.683,4,41
-0.9302,-0.2686,-0.2607,-11.585,-13.780,-13.598,3,41
-0.9312,-0.2822,-0.2500,-10.000,-13.293,-13.232,3,41
-0.9297,-0.2813,-0.2310,-8.720,-12.866,-12.988,3,41
-0.9292,-0.2920,-0.2183,-7.622,-12.866,-12.317,3,41
-0.9194,-0.2993,-0.2109,-7.317,-12.866,-11.951,3,41
-0.9282,-0.3032,-0.2178,-6.402,-12.561,-11.037,3,41
-0.9302,-0.3149,-0.2075,-5.854,-12.378,-10.793,3,41
-0.9375,-0.3311,-0.1934,-5.244,-11.829,-10.366,3,41
-4.0918,-0.3335,0.2593,-166.341,-632.378,-293.841,4,41
-4.1890,-0.2041,0.2417,-156.220,-631.890,-295.488,4,41
-4.2944,-0.0396,0.2432,-144.756,-627.439,-297.256,4,41
-4.3818,0.1255,0.2080,-133.171,-622.317,-300.488,4,41
-4.4585,0.2866,0.1143,-122.317,-616.707,-304.817,4,41
-4.5215,0.4229,0.0103,-111.037,-610.671,-310.976,4,41
-4.5518,0.5518,-0.1377,-99.024,-605.732,-318.171,4,41
-4.5723,0.6460,-0.2607,-85.488,-601.402,-325.305,4,41
-0.9438,-0.3438,-0.1870,-4.756,-11.768,-10.061,3,41
-0.9453,-0.3496,-0.1929,-4.573,-11.402,-9.939,3,41
-0.9409,-0.3525,-0.1924,-3.963,-11.037,-9.878,3,41
-0.9492,-0.3462,-0.1899,-3.598,-10.976,-9.695,3,41
-0.9658,-0.3442,-0.1895,-3.171,-10.610,-10.183,3,41
-0.9785,-0.3408,-0.1846,-4.024,-11.768,-12.195,3,41
-0.9185,-0.3271,-0.2168,-3.293,-10.854,-11.037,3,41
-0.9351,-0.3286,-0.2021,-2.195,-9.207,-7.805,3,41
-4.5942,0.7700,-0.3545,-72.195,-598.902,-331.829,4,41
-4.5986,0.8809,-0.4468,-62.439,-598.171,-336.890,4,41
-4.5747,1.0127,-0.5264,-55.732,-598.902,-339.207,4,41
-4.5479,1.1372,-0.6021,-53.110,-600.061,-340.427,4,41
-4.5127,1.2744,-0.6396,-55.244,-601.463,-340.305,4,41
-4.4653,1.4033,-0.7075,-61.341,-602.805,-339.512,4,41
-4.4282,1.5347,-0.7407,-68.415,-604.817,-337.622,4,41
-4.4014,1.6465,-0.7856,-75.915,-608.293,-334.634,4,41
-0.9507,-0.3311,-0.1963,-2.317,-9.390,-7.073,3,41
-0.9526,-0.3477,-0.1895,-1.768,-9.268,-7.866,3,41
-0.9517,-0.3506,-0.1992,-1.524,-8.841,-7.317,3,41
-0.9448,-0.3657,-0.1958,-1.524,-8.841,-7.256,3,41
-0.9370,-0.3721,-0.2051,-1.098,-8.780,-7.195,3,41
-0.9272,-0.3750,-0.2085,-0.854,-8.659,-6.646,3,41
-0.9189,-0.3779,-0.2202,-1.402,-8.415,-6.402,3,41
-0.9331,-0.3931,-0.2202,-0.549,-8.659,-6.159,3,41
-4.3940,1.7573,-0.8413,-81.402,-613.049,-331.585,4,41
-9.1753,-7.3032,-5.2793,68.720,-586.524,-552.195,4,41
4.1670,-16.0000,13.1821,-455.366,-604.634,-328.110,4,41
-16.0000,7.2783,-16.0000,-1042.561,-522.744,-404.085,4,41
-4.9297,15.8423,-16.0000,144.756,-214.146,-348.963,4,41
5.5034,15.2935,-15.3848,540.427,9.817,-226.829,4,41
4.3252,10.8584,-6.1733,-476.463,-86.402,-162.256,4,41
0.1431,10.0352,-3.0200,-1062.622,-272.134,-252.561,4,41
-0.9639,-0.4141,-0.2837,-0.854,-8.598,-5.915,3,41
-0.9385,-0.4214,-0.2217,2.317,-8.110,-5.854,3,41
-0.9043,-0.3281,-0.1328,3.110,-8.780,-6.098,3,41
-0.9038,-0.2739,-0.1523,-1.220,-11.768,-4.695,3,41
-0.9355,-0.3311,-0.2666,-5.732,-12.988,-3.354,3,41
-0.9443,-0.3896,-0.3057,-2.500,-12.195,-3.963,3,41
-0.9165,-0.3711,-0.3008,2.439,-10.183,-4.817,3,41
-0.8813,-0.3149,-0.2944,5.366,-9.146,-5.366,3,41
-3.3315,8.9707,-5.1904,-629.268,-467.866,-278.902,4,41
-6.3452,8.3862,-8.1509,-138.293,-454.512,-136.159,4,41
-3.1694,9.5415,-12.8721,121.707,-214.817,13.841,4,41
0.9092,11.4189,-11.2861,194.207,-34.085,89.939,4,41
2.2671,11.7881,-8.8833,43.780,-45.671,138.659,4,41
1.6548,10.3872,-4.9111,-73.171,-144.817,153.171,4,41
0.9346,8.7061,-1.8994,-91.159,-205.854,143.171,4,41
0.2666,7.3301,-0.8564,-26.585,-209.878,126.829,4,41
-0.8760,-0.2915,-0.3125,6.768,-9.085,-4.085,3,41
-0.8887,-0.3105,-0.3164,7.622,-9.573,-2.988,3,41
-0.9106,-0.3184,-0.2705,11.646,-9.207,-1.829,3,41
-0.9199,-0.3145,-0.2393,14.634,-7.683,-0.427,3,41
-0.9263,-0.3032,-0.2485,17.561,-5.732,-0.244,3,41
-0.9282,-0.2964,-0.2554,21.402,-4.146,-0.549,3,41
-0.9482,-0.2695,-0.2319,25.671,-2.439,-0.915,3,41
-0.9761,-0.2397,-0.1772,29.512,-0.732,-0.427,3,41
-0.0308,5.9600,-1.1968,78.902,-180.671,118.415,4,41
0.2305,4.7881,-2.1113,210.061,-131.463,110.183,4,41
0.5073,3.7979,-2.5156,340.061,-85.488,120.549,4,41
0.6846,2.7739,-2.6494,442.744,-56.707,133.293,4,41
0.7153,1.9487,-2.4727,494.146,-40.915,137.561,4,41
0.6514,1.1807,-2.2012,485.915,-27.012,139.268,4,41
0.4683,0.5332,-1.7881,441.585,-17.134,131.768,4,41
0.3984,0.0898,-1.5459,380.854,-18.171,114.939,4,41
-0.9937,-0.2021,-0.1245,32.683,1.220,-0.427,3,41
-1.0063,-0.1694,-0.0967,35.671,3.354,-0.488,3,41
-1.0044,-0.1738,-0.1006,38.232,5.549,-0.549,3,41
-1.0063,-0.1807,-0.1060,40.854,7.805,-1.037,3,41
-1.0181,-0.1855,-0.1006,42.927,9.756,-2.134,3,41
-1.0264,-0.1875,-0.1025,43.720,10.915,-3.476,3,41
-1.0239,-0.2148,-0.1104,44.268,11.524,-4.939,3,41
-1.0034,-0.2241,-0.0962,45.976,12.500,-6.220,3,41
0.5747,-0.2495,-1.4937,330.122,-21.159,88.293,4,41
0.8945,-0.5923,-1.5664,295.427,-21.890,54.756,4,41
1.2153,-0.8765,-1.6787,280.732,-19.756,15.915,4,41
1.5527,-1.1074,-1.7368,284.268,-10.793,-20.671,4,41
1.7407,-1.2637,-1.6704,296.098,6.707,-48.598,4,41
1.8809,-1.4150,-1.4805,305.366,27.012,-68.598,4,41
1.9883,-1.4277,-1.1870,302.683,43.415,-80.854,4,41
2.1304,-1.3350,-0.8848,279.695,50.854,-81.890,4,41
-0.9878,-0.2080,-0.0854,47.378,14.207,-8.354,3,41
-0.9819,-0.1924,-0.0859,47.012,14.512,-9.085,3,41
-0.9873,-0.1743,-0.0986,44.817,13.841,-10.366,3,41
-0.9800,-0.1802,-0.1294,42.439,13.049,-12.744,3,41
-0.9824,-0.1748,-0.1294,41.037,12.805,-13.598,3,41
-0.9878,-0.1831,-0.1318,40.061,12.805,-14.573,3,41
-0.9946,-0.1948,-0.1392,38.963,13.354,-15.732,3,41
-0.9941,-0.2075,-0.1489,38.537,13.476,-17.256,3,41
2.2852,-1.2104,-0.7603,249.024,51.829,-67.988,4,41
2.2573,-1.0308,-0.7612,224.207,45.976,-41.829,4,41
2.0718,-0.7998,-0.7905,207.744,30.366,-12.500,4,41
1.7964,-0.5171,-0.7681,191.341,11.159,11.646,4,41
1.5034,-0.2935,-0.7637,169.939,-5.671,27.805,4,41
1.2417,-0.0894,-0.6514,150.183,-19.634,37.317,4,41
1.2095,0.0786,-0.5557,127.317,-25.366,40.488,4,41
1.1152,0.2441,-0.3638,96.159,-19.756,36.463,4,41
-0.9902,-0.2119,-0.1509,38.659,13.780,-18.902,3,41
-0.9878,-0.2241,-0.1431,38.537,14.085,-20.000,3,41
-0.9839,-0.2441,-0.1445,38.354,14.695,-20.854,3,41
-0.9868,-0.2627,-0.1367,37.927,14.634,-22.012,3,41
-0.9932,-0.2637,-0.1187,37.439,14.634,-22.988,3,41
-0.9897,-0.2578,-0.1074,36.585,14.695,-24.329,3,41
-0.9893,-0.2622,-0.1030,34.817,13.963,-25.549,3,41
-0.9858,-0.2695,-0.0933,32.500,13.232,-26.159,3,41
0.9810,0.3794,-0.1865,69.634,-13.171,32.988,4,41
0.8589,0.4106,0.0186,58.049,-14.451,28.537,4,41
1.2515,0.6465,-0.0449,45.915,-8.720,19.695,4,41
1.0928,0.5762,0.0898,36.768,-1.707,8.963,4,41
1.3608,0.7422,0.0391,39.207,-4.939,-5.610,4,41
1.2925,0.7178,-0.0127,34.329,-8.598,-18.598,4,41
1.2661,0.7456,-0.1270,37.744,-27.561,-26.524,4,41
1.2744,0.7305,-0.3926,30.671,-48.659,-28.476,4,41
-0.9761,-0.2749,-0.1011,29.634,12.256,-27.317,3,41
-0.9795,-0.2896,-0.1001,26.768,11.159,-28.110,3,41
-0.9751,-0.3003,-0.1128,23.841,10.488,-28.841,3,41
-0.9717,-0.2988,-0.1113,20.671,9.634,-29.390,3,41
-0.9707,-0.3140,-0.1089,17.683,8.780,-29.390,3,41
-0.9629,-0.3271,-0.1035,14.329,7.622,-29.695,3,41
-0.9565,-0.3379,-0.0933,10.854,6.402,-29.817,3,41
-0.9443,-0.3506,-0.0938,7.561,5.305,-30.244,3,41
1.0679,0.5889,-0.5674,29.024,-67.744,-23.171,4,41
0.8359,0.4897,-0.6675,38.110,-85.000,-15.610,4,41
0.6797,0.5771,-0.7529,44.085,-91.890,-10.305,4,41
0.5151,0.6733,-0.7915,48.720,-88.537,-5.305,4,41
0.3208,0.7275,-0.7378,53.963,-79.634,3.841,4,41
0.0991,0.6797,-0.6616,63.659,-70.244,19.024,4,41
-0.1606,0.5171,-0.5996,78.293,-62.561,41.220,4,41
-0.3921,0.3501,-0.5840,94.085,-56.220,65.366,4,41
-0.9277,-0.3657,-0.1011,4.878,4.024,-29.695,3,41
-0.9063,-0.3872,-0.1333,2.439,2.744,-30.122,3,41
-0.8945,-0.4087,-0.1470,0.000,1.890,-29.878,3,41
-0.9028,-0.4302,-0.1460,-1.890,0.915,-29.695,3,41
-0.9072,-0.4404,-0.1470,-4.451,-0.244,-29.207,3,41
-0.8975,-0.4438,-0.1577,-7.439,-1.463,-29.268,3,41
-0.8955,-0.4507,-0.1704,-9.512,-2.622,-28.963,3,41
-0.8906,-0.4463,-0.1777,-11.829,-3.659,-28.354,3,41
-0.5220,0.2476,-0.6245,100.122,-49.634,86.220,4,41
-0.6353,0.1309,-0.6499,92.561,-44.451,100.915,4,41
-0.7422,-0.0391,-0.5127,76.768,-48.049,106.463,4,41
-0.7949,-0.1309,-0.2886,57.256,-64.085,105.427,4,41
-0.7983,-0.0898,-0.1274,37.500,-89.329,103.232,4,41
-0.6475,-0.0034,-0.2549,9.573,-105.305,102.744,4,41
-0.7476,-0.0435,-0.5444,-27.988,-98.902,106.220,4,41
-0.9199,-0.2285,-0.7954,-61.098,-77.927,113.659,4,41
-0.8916,-0.4390,-0.2051,-13.780,-4.268,-27.744,3,41
-0.9023,-0.4126,-0.2021,-16.159,-5.793,-26.524,3,41
-0.9111,-0.3931,-0.1948,-18.354,-7.073,-25.244,3,41
-0.9199,-0.3779,-0.1914,-20.793,-8.171,-24.268,3,41
-0.9253,-0.3721,-0.2085,-21.402,-8.415,-23.232,3,41
-0.9233,-0.3721,-0.2168,-21.159,-8.415,-22.500,3,41
-0.9263,-0.3618,-0.2295,-20.488,-7.988,-21.585,3,41
-0.9268,-0.3608,-0.2124,-19.939,-7.561,-21.220,3,41
-1.0649,-0.4819,-0.8960,-80.061,-56.585,121.463,4,41
-1.1372,-0.7388,-0.8228,-81.585,-46.341,127.866,4,41
-1.1270,-0.9395,-0.7202,-74.390,-48.171,132.622,4,41
-1.1079,-1.0239,-0.6572,-61.280,-56.341,134.024,4,41
-1.1172,-0.9893,-0.6421,-47.927,-61.220,135.244,4,41
-1.1245,-0.8101,-0.7119,-34.512,-59.817,135.244,4,41
-1.1338,-0.5718,-0.8164,-22.500,-52.073,133.963,4,41
-1.1436,-0.3462,-0.9277,-11.890,-38.720,131.829,4,41
-0.9189,-0.3677,-0.2031,-18.963,-7.622,-20.549,3,41
-0.9058,-0.3921,-0.2173,-17.256,-7.134,-20.244,3,41
-0.9028,-0.4077,-0.2090,-14.878,-6.463,-19.390,3,41
-0.8960,-0.4219,-0.2026,-12.195,-5.122,-18.171,3,41
-0.8911,-0.4219,-0.2031,-9.817,-4.024,-17.317,3,41
-0.8882,-0.4146,-0.2158,-7.317,-3.110,-16.646,3,41
-0.8779,-0.4199,-0.2144,-5.488,-2.256,-15.915,3,41
-0.8823,-0.4141,-0.2178,-3.354,-1.341,-14.939,3,41
-1.1733,-0.1699,-1.0396,-1.768,-22.256,127.988,4,41
-1.2207,-0.0356,-1.1099,7.317,-4.329,123.354,4,41
-1.2700,0.0640,-1.1909,13.293,14.390,118.354,4,41
-1.3408,0.1362,-1.2563,16.524,32.378,113.415,4,41
-1.4370,0.2119,-1.3174,18.963,51.402,108.902,4,41
-1.5581,0.2944,-1.3506,22.378,70.244,104.817,4,41
-1.6938,0.3687,-1.3867,26.037,88.598,101.524,4,41
-1.8096,0.4302,-1.4238,30.671,105.976,98.415,4,41
-0.8872,-0.4116,-0.2246,-1.585,-0.244,-13.354,3,41
-0.8838,-0.4033,-0.2090,-0.244,0.366,-12.500,3,41
-0.8862,-0.3862,-0.1924,0.732,0.854,-11.098,3,41
-0.9028,-0.3784,-0.1816,1.524,1.646,-9.878,3,41
-0.9058,-0.3770,-0.1753,2.927,2.317,-8.659,3,41
-0.9170,-0.3843,-0.1768,4.390,3.415,-7.561,3,41
-0.9238,-0.3789,-0.1763,6.098,4.695,-6.585,3,41
-0.9277,-0.3813,-0.1787,7.561,5.549,-6.220,3,41
0.1357,-1.1650,-0.2134,-14.512,-88.598,-145.122,1,90
0.1323,-1.1758,-0.1987,-16.463,-89.024,-146.341,1,90
0.1245,-1.1685,-0.1987,-17.866,-89.634,-147.866,1,90
0.1250,-1.1694,-0.1929,-20.183,-90.366,-149.024,1,90
0.1167,-1.1777,-0.1821,-23.232,-91.524,-150.244,1,90
0.1089,-1.1802,-0.1895,-25.610,-92.134,-151.341,1,90
0.1045,-1.1870,-0.1914,-27.744,-92.317,-152.256,1,90
0.1069,-1.1987,-0.1885,-29.878,-93.171,-153.293,1,90
0.4004,0.4458,-0.4019,-3.110,16.951,-80.305,2,90
0.3960,0.4360,-0.4131,-2.378,15.915,-81.463,2,90
0.3872,0.4331,-0.3960,-1.890,15.488,-82.683,2,90
0.3853,0.4321,-0.3955,-1.280,14.451,-83.659,2,90
0.3794,0.4282,-0.3921,-0.427,13.780,-84.695,2,90
0.3750,0.4321,-0.3872,0.122,13.171,-85.671,2,90
0.3726,0.4365,-0.3906,0.915,12.500,-86.707,2,90
0.3682,0.4351,-0.3896,2.012,11.707,-87.866,2,90
0.0933,-1.1943,-0.1846,-31.890,-93.963,-154.329,1,90
0.0869,-1.1919,-0.1924,-33.902,-94.512,-155.305,1,90
0.0796,-1.1870,-0.1899,-35.793,-95.183,-156.585,1,90
0.0688,-1.1846,-0.2017,-38.110,-96.037,-157.744,1,90
0.0659,-1.1714,-0.1909,-39.390,-96.159,-158.963,1,90
0.0552,-1.1631,-0.1919,-41.220,-96.890,-160.305,1,90
0.0532,-1.1626,-0.1987,-42.195,-97.561,-161.463,1,90
0.0527,-1.1470,-0.1958,-42.866,-98.171,-162.439,1,90
0.3633,0.4307,-0.3931,2.927,10.793,-88.720,2,90
0.3584,0.4468,-0.3955,3.902,10.305,-89.756,2,90
0.3550,0.4507,-0.3906,4.939,9.512,-90.732,2,90
0.3501,0.4482,-0.3999,6.037,8.902,-91.341,2,90
0.3506,0.4492,-0.4004,7.500,7.866,-92.622,2,90
0.3472,0.4556,-0.3960,8.902,7.012,-93.537,2,90
0.3394,0.4575,-0.4033,10.854,6.280,-93.841,2,90
0.3398,0.4614,-0.4072,12.805,5.610,-95.183,2,90
0.0513,-1.1367,-0.2095,-43.293,-98.598,-163.659,1,90
0.0444,-1.1318,-0.2173,-43.293,-98.963,-164.634,1,90
0.0439,-1.1187,-0.2114,-43.537,-99.573,-165.427,1,90
0.0425,-1.1084,-0.2134,-42.927,-99.695,-166.890,1,90
0.0479,-1.1084,-0.2041,-42.500,-99.939,-167.988,1,90
0.0469,-1.0972,-0.2070,-41.768,-100.000,-169.268,1,90
0.0513,-1.0938,-0.2070,-40.976,-100.549,-170.671,1,90
0.0527,-1.0874,-0.2075,-39.695,-100.976,-171.829,1,90
0.3364,0.4609,-0.4258,15.732,4.878,-95.915,2,90
0.3306,0.4702,-0.4351,18.415,4.207,-96.829,2,90
0.3330,0.4766,-0.4443,21.159,3.476,-97.744,2,90
0.3438,0.4780,-0.4478,23.354,2.988,-98.841,2,90
0.3403,0.4790,-0.4653,25.488,2.256,-99.634,2,90
0.3447,0.4878,-0.4717,28.293,1.951,-100.000,2,90
0.3442,0.4893,-0.4761,30.610,1.341,-100.671,2,90
0.3472,0.4805,-0.4863,33.659,1.280,-101.098,2,90
0.0469,-1.0811,-0.1992,-38.049,-101.463,-173.232,1,90
0.0449,-1.0781,-0.2080,-36.829,-102.134,-174.878,1,90
0.0532,-1.0776,-0.2144,-34.817,-102.683,-176.220,1,90
0.0532,-1.0757,-0.2114,-33.171,-103.232,-177.683,1,90
0.0503,-1.0786,-0.2090,-31.341,-103.720,-178.780,1,90
0.0479,-1.0791,-0.2129,-29.634,-104.207,-180.366,1,90
0.0508,-1.0864,-0.2017,-27.744,-105.000,-180.976,1,90
0.0552,-1.0991,-0.2046,-26.098,-105.244,-182.561,1,90
0.3511,0.4766,-0.4858,36.829,1.220,-101.768,2,90
0.3594,0.4746,-0.4927,39.695,0.732,-102.744,2,90
0.3711,0.4741,-0.4902,43.049,0.671,-103.537,2,90
0.3838,0.4585,-0.5073,46.159,0.793,-104.207,2,90
0.3921,0.4639,-0.5010,49.756,0.793,-105.122,2,90
0.4023,0.4614,-0.5122,53.293,1.402,-105.915,2,90
0.4146,0.4526,-0.5088,57.012,1.768,-107.012,2,90
0.4355,0.4521,-0.5039,61.037,2.744,-107.744,2,90
0.0571,-1.1089,-0.2017,-24.634,-105.366,-183.902,1,90
0.0562,-1.1123,-0.1924,-23.110,-105.427,-185.061,1,90
0.0596,-1.1304,-0.1914,-21.402,-105.549,-186.220,1,90
0.0605,-1.1357,-0.2036,-20.122,-106.280,-187.744,1,90
0.0708,-1.1523,-0.2153,-18.110,-106.829,-190.061,1,90
0.0762,-1.1719,-0.2129,-17.012,-107.927,-191.280,1,90
0.0723,-1.1768,-0.2202,-16.098,-108.841,-192.927,1,90
0.0698,-1.1895,-0.2324,-15.549,-109.512,-194.146,1,90
0.4541,0.4561,-0.5039,64.390,3.171,-108.780,2,90
0.4590,0.4707,-0.4824,68.232,4.146,-110.000,2,90
0.4688,0.4800,-0.4678,70.671,4.695,-111.463,2,90
0.4731,0.4912,-0.4565,73.049,5.366,-112.195,2,90
0.4907,0.4927,-0.4463,75.305,5.915,-113.354,2,90
0.4946,0.5029,-0.4336,76.829,6.037,-114.024,2,90
0.5044,0.5068,-0.4346,79.390,5.854,-114.695,2,90
0.5103,0.5107,-0.4199,81.220,5.915,-115.305,2,90
0.0674,-1.1963,-0.2358,-15.122,-110.244,-195.671,1,90
0.0615,-1.2061,-0.2363,-14.451,-110.732,-197.256,1,90
0.0732,-1.2075,-0.2480,-13.841,-111.341,-198.354,1,90
0.0659,-1.2227,-0.2646,-13.354,-111.951,-199.817,1,90
0.0625,-1.2261,-0.2598,-12.988,-112.622,-200.976,1,90
0.0635,-1.2295,-0.2876,-12.317,-112.622,-202.805,1,90
0.0659,-1.2314,-0.2988,-12.256,-113.232,-204.451,1,90
0.0591,-1.2427,-0.3086,-12.195,-113.902,-205.793,1,90
0.5205,0.5171,-0.4146,84.207,5.915,-115.244,2,90
0.5264,0.5205,-0.4077,86.646,5.793,-115.671,2,90
0.5410,0.5229,-0.4048,89.024,5.793,-115.915,2,90
0.5459,0.5229,-0.4097,91.159,6.037,-116.463,2,90
0.5469,0.5278,-0.3999,93.293,5.793,-116.829,2,90
0.5610,0.5190,-0.3916,95.122,5.671,-117.317,2,90
0.5615,0.5186,-0.3867,96.280,5.610,-118.049,2,90
0.5688,0.5210,-0.3818,97.317,5.427,-118.841,2,90
-0.8867,-0.5356,-0.1406,29.573,60.610,62.683,3,41
-0.8853,-0.5225,-0.1313,29.573,62.012,65.061,3,41
-0.8818,-0.5054,-0.1328,29.939,63.049,67.317,3,41
-0.8945,-0.4883,-0.1138,30.427,64.512,68.963,3,41
-0.9248,-0.4482,-0.0776,29.634,65.671,70.915,3,41
-0.9482,-0.4346,-0.1436,27.439,68.232,72.561,3,41
-0.9404,-0.4160,-0.1089,32.012,70.549,73.720,3,41
-0.9199,-0.3428,-0.1167,33.476,71.037,74.878,3,41
-3.9766,0.2495,-0.4575,309.390,390.366,102.256,4,41
-3.9868,0.1870,-0.4048,300.671,389.512,99.695,4,41
-3.9561,0.1357,-0.3613,293.780,387.744,97.500,4,41
-3.9321,0.0962,-0.3550,290.244,385.671,96.037,4,41
-3.9482,0.0884,-0.3457,287.134,385.671,94.573,4,41
-3.9375,0.0625,-0.3350,282.744,387.744,92.866,4,41
-3.9248,0.0283,-0.3115,277.561,390.854,91.037,4,41
-3.9370,-0.0137,-0.2983,270.915,393.537,88.171,4,41
-0.8823,-0.2876,-0.1753,32.317,70.610,76.280,3,41
-0.8818,-0.2734,-0.2622,31.341,70.244,76.951,3,41
-0.8872,-0.2407,-0.3208,31.463,69.817,76.707,3,41
-0.8984,-0.2085,-0.3638,30.244,69.207,75.976,3,41
-0.8965,-0.2012,-0.3926,29.207,68.720,76.098,3,41
-0.8735,-0.1987,-0.3970,28.780,68.171,75.732,3,41
-0.8438,-0.2139,-0.4033,28.841,67.500,75.732,3,41
-0.8271,-0.2192,-0.3892,27.683,66.463,75.610,3,41
0.0732,-1.2202,-0.6519,0.610,-121.037,-233.780,1,90
0.0767,-1.2329,-0.6675,1.646,-120.915,-235.671,1,90
0.0791,-1.2329,-0.6763,2.073,-120.671,-237.317,1,90
0.0845,-1.2358,-0.6973,3.232,-120.366,-239.146,1,90
0.0781,-1.2251,-0.7100,3.354,-119.878,-241.280,1,90
0.0752,-1.2271,-0.7236,3.476,-120.061,-242.805,1,90
0.0684,-1.2271,-0.7456,3.415,-120.183,-244.268,1,90
0.0708,-1.2310,-0.7607,3.537,-119.634,-245.732,1,90
0.5854,0.6587,-0.5552,112.439,9.390,-125.854,2,90
0.5903,0.6646,-0.5552,114.024,10.122,-124.695,2,90
0.5947,0.6797,-0.5713,114.878,10.549,-123.659,2,90
0.6152,0.6797,-0.5718,115.976,10.793,-122.439,2,90
0.6294,0.6855,-0.5679,116.890,11.585,-120.854,2,90
0.6416,0.6880,-0.5654,118.049,11.524,-119.634,2,90
0.6533,0.6841,-0.5669,119.573,11.341,-117.683,2,90
0.6802,0.6880,-0.5718,121.280,11.220,-116.341,2,90
0.0596,-1.2285,-0.7773,3.354,-119.207,-247.073,1,90
0.0586,-1.2393,-0.7925,2.744,-118.598,-248.049,1,90
0.0498,-1.2495,-0.8164,2.622,-117.622,-249.451,1,90
0.0449,-1.2598,-0.8247,2.683,-116.341,-250.427,1,90
0.0415,-1.2617,-0.8374,2.500,-115.183,-251.341,1,90
0.0303,-1.2715,-0.8506,1.951,-113.780,-252.256,1,90
0.0225,-1.2764,-0.8789,0.610,-112.805,-253.110,1,90
0.0078,-1.2783,-0.8921,-0.488,-110.976,-253.963,1,90
-4.1978,-0.4097,-0.5146,27.012,441.220,22.988,4,41
-4.1938,-0.3862,-0.4902,10.549,443.049,22.439,4,41
-4.2051,-0.3501,-0.4956,-6.220,445.488,22.073,4,41
-4.2168,-0.3027,-0.5054,-24.390,448.902,22.256,4,41
-4.2285,-0.2734,-0.4097,-44.939,452.622,22.073,4,41
-3.1934,0.4810,-0.5718,-84.146,469.146,19.024,4,41
-3.2607,0.4219,-0.4399,-114.695,432.683,66.341,4,41
-2.6333,0.3052,-3.2080,-59.878,429.695,53.171,4,41
-0.7231,-0.2139,-0.1875,-37.622,52.805,97.439,3,41
-0.7529,-0.1255,-0.3813,-39.878,52.195,95.976,3,41
-0.7637,-0.0718,-0.5103,-38.476,53.110,94.817,3,41
-0.7588,-0.0825,-0.5732,-36.463,54.085,92.866,3,41
-0.7822,-0.1836,-0.6255,-35.671,53.354,91.463,3,41
-0.7603,-0.2241,-0.6992,-34.146,51.951,89.817,3,41
-0.6060,-0.2607,-0.5415,-38.598,49.695,86.341,3,41
-0.6255,-0.1714,-0.4912,-49.634,39.878,86.280,3,41
-0.1348,-1.2656,-1.1577,-25.305,-95.488,-252.256,1,90
-0.1616,-1.2480,-1.2002,-29.146,-92.683,-250.976,1,90
-0.1948,-1.2305,-1.2441,-33.110,-90.000,-249.817,1,90
-0.2207,-1.2070,-1.2842,-37.073,-86.829,-247.927,1,90
-0.2520,-1.1777,-1.3267,-40.915,-83.232,-246.341,1,90
-0.2881,-1.1543,-1.3608,-44.695,-79.634,-244.085,1,90
-0.3228,-1.1187,-1.3838,-48.293,-75.610,-241.646,1,90
-0.3569,-1.0811,-1.4067,-51.341,-70.915,-238.720,1,90
0.9067,0.7603,-0.6108,140.122,-17.683,-81.951,2,90
0.9170,0.7500,-0.6167,139.878,-19.634,-79.939,2,90
0.9380,0.7397,-0.6318,139.451,-21.829,-77.195,2,90
0.9644,0.7363,-0.6445,138.720,-23.780,-75.305,2,90
0.9849,0.7280,-0.6528,137.256,-25.610,-72.866,2,90
1.0010,0.7192,-0.6514,134.268,-27.256,-71.220,2,90
1.0327,0.7017,-0.6592,131.159,-28.293,-69.024,2,90
1.0684,0.6846,-0.6606,127.439,-29.451,-67.012,2,90
-0.9692,-0.1973,-0.3594,-65.427,20.122,81.280,3,41
-0.8838,-0.2002,-0.3486,-69.756,16.768,76.707,3,41
-0.9551,-0.1846,-0.3389,-68.841,17.805,76.524,3,41
-0.9644,-0.0903,-0.2773,-67.866,18.841,75.366,3,41
-0.9790,0.0146,-0.2222,-67.012,18.354,74.085,3,41
-1.0161,0.1104,-0.2427,-64.207,19.085,72.073,3,41
-0.9912,0.1689,-0.2759,-60.549,20.427,68.720,3,41
-0.9619,0.2046,-0.3286,-56.098,21.037,65.427,3,41
-0.6802,-0.6099,-1.5073,-64.939,-22.866,-193.110,1,90
-0.7261,-0.5581,-1.4849,-65.183,-17.500,-185.671,1,90
-0.7637,-0.4912,-1.4756,-65.122,-11.280,-177.683,1,90
-0.8140,-0.4297,-1.4604,-66.220,-6.524,-169.268,1,90
-0.8652,-0.3687,-1.4360,-67.561,-1.280,-160.488,1,90
-0.9160,-0.3008,-1.4277,-69.146,2.683,-151.280,1,90
-0.9697,-0.2334,-1.4072,-71.159,6.890,-141.402,1,90
-1.0288,-0.1694,-1.3950,-73.659,10.793,-131.402,1,90
1.4399,0.5420,-0.7886,90.000,-34.085,-51.463,2,90
1.4688,0.5308,-0.8052,86.280,-33.171,-49.878,2,90
1.4971,0.5186,-0.8296,81.768,-32.012,-48.476,2,90
1.5239,0.5117,-0.8306,76.951,-30.793,-47.378,2,90
1.5474,0.5088,-0.8340,72.378,-29.268,-46.646,2,90
1.5654,0.4941,-0.8545,67.317,-27.500,-45.854,2,90
1.5820,0.4849,-0.8633,62.683,-25.854,-44.756,2,90
1.6040,0.4810,-0.8989,58.415,-24.146,-43.902,2,90
-1.0884,-0.0977,-1.3906,-75.915,14.939,-121.098,1,90
-1.1533,-0.0161,-1.3892,-78.232,18.841,-110.488,1,90
-1.2368,0.0684,-1.3657,-80.671,23.476,-99.390,1,90
-1.3242,0.1699,-1.3550,-83.415,28.293,-88.354,1,90
-1.4165,0.2813,-1.3408,-85.610,33.293,-76.768,1,90
-1.5161,0.3965,-1.3091,-88.476,39.085,-64.817,1,90
-1.6245,0.5205,-1.2778,-91.402,45.000,-52.561,1,90
-1.7349,0.6440,-1.2432,-93.902,51.585,-40.427,1,90
1.6113,0.4771,-0.9067,54.878,-22.683,-42.866,2,90
1.6074,0.4746,-0.9146,51.341,-21.280,-41.402,2,90
1.6069,0.4683,-0.9258,47.439,-19.756,-40.061,2,90
1.5908,0.4614,-0.9102,43.049,-18.537,-38.720,2,90
1.5767,0.4639,-0.8979,38.049,-18.049,-36.951,2,90
1.5542,0.4453,-0.8911,33.354,-17.500,-35.488,2,90
1.5220,0.4395,-0.8823,28.110,-17.073,-33.598,2,90
1.4980,0.4238,-0.8818,23.232,-17.012,-32.073,2,90
-1.8296,0.7886,-1.2017,-96.707,58.598,-27.927,1,90
-1.9282,0.9150,-1.1719,-97.561,66.341,-16.341,1,90
-2.0405,1.0444,-1.1235,-96.768,74.451,-3.963,1,90
-2.1318,1.1855,-1.1094,-98.354,80.610,7.317,1,90
-2.2188,1.3013,-1.0947,-101.829,85.122,18.720,1,90
-2.3022,1.4204,-1.0918,-104.024,87.927,29.939,1,90
-2.3701,1.5244,-1.1035,-107.805,89.817,41.098,1,90
-2.4385,1.6050,-1.1045,-108.598,91.768,51.402,1,90
1.4575,0.4053,-0.8745,18.293,-17.317,-29.756,2,90
1.4478,0.3794,-0.8730,13.293,-17.988,-27.195,2,90
1.4307,0.3535,-0.8755,5.976,-18.110,-21.524,2,90
1.4370,0.3438,-0.8638,3.659,-18.598,-19.329,2,90
1.4414,0.3213,-0.8545,-2.134,-18.598,-14.329,2,90
1.4634,0.2896,-0.8457,-8.415,-18.598,-8.841,2,90
1.4980,0.2578,-0.8340,-14.207,-18.659,-2.927,2,90
1.5356,0.2222,-0.8359,-20.000,-18.841,3.659,2,90
-2.5020,1.6753,-1.1289,-104.756,94.756,65.183,1,90
-2.5103,1.6851,-1.1304,-102.012,95.732,69.390,1,90
-2.5288,1.7134,-1.1436,-96.341,98.720,80.549,1,90
-2.5005,1.6826,-1.1563,-96.463,98.476,86.951,1,90
-2.4688,1.6206,-1.1782,-96.402,97.988,92.683,1,90
-2.4028,1.5356,-1.1992,-95.549,97.561,97.683,1,90
-2.3433,1.4565,-1.2183,-92.256,97.622,102.927,1,90
-2.2808,1.3818,-1.2231,-87.988,98.049,109.146,1,90
1.6221,0.1743,-0.8232,-29.024,-19.817,13.598,2,90
1.6567,0.1602,-0.8232,-32.134,-20.366,17.012,2,90
1.7583,0.1045,-0.8149,-41.159,-22.134,27.134,2,90
1.7832,0.0894,-0.8110,-44.207,-22.927,30.061,2,90
1.8599,0.0542,-0.8169,-50.122,-24.268,36.463,2,90
1.9292,0.0220,-0.8169,-56.037,-25.793,42.500,2,90
1.9868,-0.0034,-0.8057,-61.951,-27.073,47.988,2,90
2.0356,-0.0244,-0.8091,-67.622,-28.110,52.561,2,90
-2.2275,1.3193,-1.2261,-82.988,98.049,116.585,1,90
-2.1777,1.2739,-1.2266,-78.537,98.293,126.159,1,90
-2.1299,1.2285,-1.2417,-74.329,98.171,136.585,1,90
-2.0913,1.1934,-1.2549,-68.841,97.683,148.598,1,90
-2.0630,1.1558,-1.2588,-64.146,97.378,161.890,1,90
-2.0371,1.1377,-1.2881,-61.829,95.976,175.610,1,90
-2.0127,1.1050,-1.3062,-59.390,95.366,189.817,1,90
-1.9858,1.0737,-1.3135,-56.646,94.817,203.902,1,90
2.0923,-0.0361,-0.8218,-75.000,-29.512,58.841,2,90
2.1084,-0.0239,-0.8291,-79.390,-30.488,61.463,2,90
2.1025,-0.0205,-0.8442,-83.902,-31.951,63.720,2,90
2.0688,0.0059,-0.8467,-88.354,-32.866,65.549,2,90
2.0522,0.0186,-0.8589,-90.671,-33.659,66.159,2,90
1.9624,0.0645,-0.8789,-97.195,-35.854,67.378,2,90
1.8931,0.1025,-0.8682,-101.280,-37.439,67.988,2,90
1.8149,0.1387,-0.8706,-104.878,-39.146,68.963,2,90
-0.9316,-0.1558,-0.4077,-29.024,-32.744,-92.317,3,41
-0.8994,-0.2124,-0.4360,-32.012,-34.939,-93.293,3,41
-0.8682,-0.2441,-0.4644,-35.793,-36.768,-94.085,3,41
-0.8491,-0.2666,-0.4756,-39.268,-39.085,-94.512,3,41
-0.8359,-0.2793,-0.4800,-43.293,-41.768,-94.390,3,41
-0.8374,-0.2778,-0.4751,-46.585,-43.963,-94.085,3,41
-0.8521,-0.2974,-0.4727,-50.061,-46.402,-93.659,3,41
-0.8701,-0.3066,-0.4624,-53.476,-49.207,-92.622,3,41
-1.5947,0.9365,-1.2178,-5.305,88.415,292.561,1,90
-1.5464,0.9302,-1.1826,2.561,87.622,299.634,1,90
-1.5044,0.9150,-1.1563,10.671,87.012,306.280,1,90
-1.4634,0.8994,-1.1265,19.390,86.768,313.293,1,90
-1.4380,0.8701,-1.0859,28.537,87.012,320.305,1,90
-1.3950,0.8398,-1.0469,37.134,87.378,327.134,1,90
-1.3682,0.7920,-1.0181,46.463,88.476,333.902,1,90
-1.3472,0.7563,-0.9575,56.280,89.512,340.793,1,90
1.4429,0.4790,-0.7021,-117.683,-47.073,93.110,2,90
1.4331,0.5034,-0.6709,-115.732,-48.110,96.890,2,90
1.4307,0.5288,-0.6431,-112.744,-49.512,100.305,2,90
1.4189,0.5381,-0.6201,-108.476,-51.037,103.354,2,90
1.4209,0.5527,-0.6060,-103.415,-52.500,105.976,2,90
1.3999,0.5513,-0.5791,-97.683,-53.354,108.415,2,90
1.3872,0.5527,-0.5557,-91.098,-55.000,110.305,2,90
1.3628,0.5542,-0.5322,-84.695,-56.280,111.829,2,90
1.3306,0.5508,-0.5166,-77.988,-57.378,113.110,2,90
1.2896,0.5454,-0.4961,-71.585,-58.110,114.268,2,90
1.2490,0.5405,-0.4595,-65.793,-59.146,115.305,2,90
1.1987,0.5273,-0.4365,-60.976,-59.939,116.037,2,90
1.1499,0.5083,-0.4111,-56.768,-60.732,116.890,2,90
1.1055,0.4941,-0.4053,-52.744,-61.585,117.988,2,90
1.0645,0.4722,-0.3906,-48.780,-62.317,118.902,2,90
1.0073,0.4604,-0.3677,-45.183,-62.622,120.122,2,90
-0.9175,-0.2217,-0.3633,-70.244,-83.841,-76.037,3,41
-0.9146,-0.2041,-0.3345,-68.110,-83.720,-74.695,3,41
-0.9067,-0.2056,-0.3179,-65.915,-83.476,-73.415,3,41
-0.8906,-0.2021,-0.3125,-63.659,-83.537,-72.317,3,41
-0.8799,-0.1943,-0.3145,-61.463,-83.659,-70.488,3,41
-0.8721,-0.2168,-0.3281,-58.902,-82.927,-69.512,3,41
-0.8765,-0.2363,-0.3477,-55.488,-81.951,-67.805,3,41
-0.8716,-0.2637,-0.3506,-51.402,-79.817,-66.646,3,41
-1.5107,1.7808,-0.2344,-1.829,100.244,-49.085,4,41
-1.4199,1.9121,0.2476,-13.720,89.878,-25.488,4,41
-1.1157,1.7622,0.7788,-22.622,77.073,-25.244,4,41
-0.4663,1.4863,1.2905,-20.549,67.073,-48.659,4,41
-1.0557,1.2539,1.7773,-21.341,49.756,-82.134,4,41
-2.2827,1.1421,2.2549,-1.829,-0.610,-91.829,4,41
-2.7339,0.6362,2.2676,16.280,-63.902,-85.488,4,41
-2.2261,0.1177,2.0083,32.683,-86.098,-101.707,4,41
-0.8706,-0.2988,-0.3511,-47.012,-77.866,-65.427,3,41
-0.8657,-0.3398,-0.3335,-40.488,-74.695,-62.622,3,41
-0.8682,-0.3516,-0.3306,-38.232,-73.720,-61.768,3,41
-0.8618,-0.3687,-0.3281,-34.634,-71.463,-60.000,3,41
-0.8604,-0.3662,-0.3003,-31.524,-69.939,-58.415,3,41
-0.8872,-0.3647,-0.2822,-30.122,-68.780,-56.646,3,41
-0.9150,-0.3643,-0.2505,-28.659,-67.012,-55.183,3,41
-0.9424,-0.3740,-0.2363,-27.073,-64.451,-53.171,3,41
-1.3652,-1.5693,-0.1606,48.780,124.390,336.585,1,90
-1.3296,-1.5947,-0.1821,37.561,124.634,334.756,1,90
-1.2974,-1.6016,-0.1802,26.341,125.183,333.841,1,90
-1.2666,-1.6226,-0.1787,14.939,125.305,333.902,1,90
-1.2266,-1.6323,-0.1724,2.805,125.549,334.451,1,90
-1.1880,-1.6621,-0.1587,-9.756,124.451,336.037,1,90
-1.1450,-1.6841,-0.1592,-22.988,121.768,337.927,1,90
-1.1187,-1.7183,-0.1709,-36.890,118.598,340.244,1,90
0.4575,0.3276,-0.2319,-18.841,-43.841,155.122,2,90
0.4185,0.3140,-0.2446,-17.561,-43.415,156.220,2,90
0.3867,0.3076,-0.2412,-16.524,-42.683,156.768,2,90
0.3584,0.2910,-0.2515,-15.854,-42.134,157.195,2,90
0.3188,0.2827,-0.2456,-15.427,-41.585,157.256,2,90
0.2764,0.2739,-0.2520,-14.390,-41.463,157.378,2,90
0.2358,0.2646,-0.2666,-13.354,-41.098,157.256,2,90
0.1919,0.2656,-0.2778,-12.195,-40.183,156.585,2,90
-1.0898,-1.7959,-0.2056,-57.256,111.159,344.573,1,90
-1.0757,-1.8369,-0.2256,-69.939,105.793,347.500,1,90
-1.0820,-1.8750,-0.2407,-80.854,100.976,350.244,1,90
-1.0903,-1.8994,-0.2397,-89.878,97.256,352.073,1,90
-1.1060,-1.9336,-0.2368,-97.622,94.207,353.293,1,90
-1.1255,-1.9468,-0.2212,-102.866,91.768,353.537,1,90
-1.1270,-1.9663,-0.1865,-107.195,89.756,352.439,1,90
-1.1226,-1.9897,-0.1636,-109.756,88.110,350.244,1,90
0.1587,0.2705,-0.3042,-10.793,-39.207,156.524,2,90
0.1294,0.2764,-0.3242,-9.329,-37.561,156.098,2,90
0.0923,0.2803,-0.3535,-7.866,-35.000,155.915,2,90
0.0654,0.2954,-0.3677,-6.037,-31.829,155.488,2,90
0.0303,0.3022,-0.3872,-4.268,-28.171,155.427,2,90
-0.0044,0.3115,-0.3994,-2.134,-23.780,155.305,2,90
-0.0181,0.3350,-0.3965,-0.183,-18.902,154.451,2,90
-0.0430,0.3389,-0.3838,1.280,-14.878,154.512,2,90
-1.1167,-2.0186,-0.1187,-111.280,86.463,347.012,1,90
-1.0908,-2.0439,-0.0791,-111.341,84.695,342.439,1,90
-1.0527,-2.0762,-0.0503,-110.915,83.537,336.951,1,90
-1.0029,-2.0977,-0.0146,-109.207,81.280,330.183,1,90
-0.9487,-2.1201,0.0132,-106.951,79.451,323.171,1,90
-0.8848,-2.1294,0.0195,-103.841,76.829,316.280,1,90
-0.8140,-2.1465,0.0171,-100.488,74.207,309.024,1,90
-0.7646,-2.1489,0.0190,-96.098,71.159,301.768,1,90
-0.0693,0.3447,-0.3906,2.012,-11.220,154.146,2,90
-0.0776,0.3452,-0.3745,2.378,-7.988,153.110,2,90
-0.0728,0.3350,-0.3677,2.866,-5.854,152.927,2,90
-0.0864,0.3203,-0.3662,3.598,-4.268,152.561,2,90
-0.0737,0.3037,-0.3726,3.963,-3.171,152.256,2,90
-0.0713,0.2871,-0.3926,5.061,-2.744,152.073,2,90
-0.0649,0.2559,-0.4097,6.402,-1.768,152.256,2,90
-0.0562,0.2412,-0.4106,7.744,-1.341,151.585,2,90
-0.7051,-2.1499,0.0234,-91.890,68.598,295.000,1,90
-0.6494,-2.1558,0.0161,-87.378,65.488,288.293,1,90
-0.5981,-2.1699,0.0142,-82.378,62.927,281.768,1,90
-0.5571,-2.1685,0.0215,-77.195,60.610,276.098,1,90
-0.5063,-2.1738,0.0239,-72.073,58.963,270.366,1,90
-0.4697,-2.1792,0.0464,-66.402,56.890,265.427,1,90
-0.4370,-2.1787,0.0464,-61.280,55.122,260.549,1,90
-0.3872,-2.1831,0.0522,-55.793,53.415,256.159,1,90
-0.0513,0.2163,-0.4224,8.659,-0.427,151.524,2,90
-0.0405,0.1963,-0.4395,9.573,0.793,150.305,2,90
-0.0308,0.1758,-0.4341,10.122,2.256,149.268,2,90
-0.0190,0.1538,-0.4575,10.122,3.902,147.439,2,90
-0.0132,0.1396,-0.4683,10.488,5.610,146.159,2,90
0.0044,0.1387,-0.4692,10.915,7.744,144.207,2,90
0.0088,0.1191,-0.4800,10.671,9.939,142.134,2,90
0.0142,0.1201,-0.4961,10.671,12.012,140.122,2,90
-0.3550,-2.1816,0.0542,-50.061,52.134,252.500,1,90
-0.3149,-2.1860,0.0625,-44.878,50.610,249.085,1,90
-0.2754,-2.1860,0.0635,-39.146,49.024,246.341,1,90
-0.2446,-2.1919,0.0649,-33.354,47.622,243.415,1,90
-0.2056,-2.1982,0.0737,-27.134,46.159,240.854,1,90
-0.1724,-2.2090,0.0762,-20.793,45.244,238.171,1,90
-0.1348,-2.2251,0.0757,-14.024,44.085,235.854,1,90
-0.1040,-2.2324,0.0747,-7.622,43.110,233.171,1,90
0.0186,0.1221,-0.5039,10.427,13.598,138.049,2,90
0.0259,0.1313,-0.5127,10.183,15.671,136.098,2,90
0.0254,0.1338,-0.5278,10.122,17.317,134.268,2,90
0.0269,0.1392,-0.5391,9.756,19.024,132.256,2,90
0.0332,0.1387,-0.5474,9.268,20.427,130.732,2,90
0.0303,0.1436,-0.5474,9.146,21.829,128.902,2,90
0.0347,0.1445,-0.5488,9.634,23.780,127.256,2,90
0.0376,0.1563,-0.5581,10.061,25.122,125.122,2,90
-0.0601,-2.2583,0.0781,2.012,42.500,229.268,1,90
-0.0220,-2.2749,0.0879,7.378,41.951,226.524,1,90
-0.0015,-2.2988,0.1006,13.171,41.402,223.293,1,90
0.0269,-2.3164,0.1094,17.988,40.427,219.939,1,90
0.0415,-2.3286,0.1191,22.256,39.634,216.463,1,90
0.0586,-2.3330,0.1279,25.915,38.537,212.378,1,90
0.0742,-2.3452,0.1455,28.598,36.585,208.537,1,90
0.0908,-2.3472,0.1597,31.159,35.244,204.451,1,90
0.0332,0.1602,-0.5522,10.793,26.829,123.049,2,90
0.0464,0.1704,-0.5581,11.220,28.659,120.732,2,90
0.0479,0.1792,-0.5503,11.159,30.061,118.415,2,90
0.0449,0.1714,-0.5444,11.037,32.012,115.671,2,90
0.0449,0.1694,-0.5513,11.098,33.293,113.415,2,90
0.0493,0.1685,-0.5483,11.280,34.817,110.671,2,90
0.0566,0.1655,-0.5488,11.951,36.220,107.805,2,90
0.0571,0.1729,-0.5601,12.805,37.439,104.817,2,90
0.1108,-2.3564,0.1665,32.927,33.476,200.000,1,90
0.1362,-2.3506,0.1753,34.024,31.341,195.915,1,90
0.1548,-2.3608,0.1846,35.183,29.207,191.463,1,90
0.1689,-2.3589,0.1978,36.280,27.256,187.134,1,90
0.1870,-2.3545,0.1992,36.951,24.451,182.988,1,90
0.1978,-2.3442,0.2051,37.683,22.317,178.902,1,90
0.2090,-2.3330,0.2090,37.866,20.183,174.634,1,90
0.2197,-2.3208,0.2007,38.293,16.890,170.671,1,90
0.0576,0.1660,-0.5649,14.085,39.024,101.585,2,90
0.0620,0.1665,-0.5742,15.000,40.610,97.866,2,90
0.0591,0.1665,-0.5747,15.366,41.890,94.695,2,90
0.0664,0.1792,-0.5894,16.220,43.659,91.280,2,90
0.0649,0.1938,-0.6040,16.646,44.817,87.561,2,90
0.0723,0.2080,-0.6191,17.012,46.829,84.268,2,90
0.0791,0.2305,-0.6206,17.256,48.659,80.610,2,90
0.0801,0.2520,-0.6387,17.378,50.915,77.439,2,90
0.2373,-2.3125,0.2075,38.476,13.902,166.159,1,90
0.2451,-2.2920,0.1987,38.720,11.402,162.012,1,90
0.2524,-2.2720,0.1919,38.780,8.720,157.683,1,90
0.2495,-2.2568,0.1865,39.024,6.585,153.171,1,90
0.2529,-2.2314,0.1782,39.878,3.963,148.598,1,90
0.2520,-2.2095,0.1714,40.610,1.707,143.780,1,90
0.2485,-2.1772,0.1768,41.768,-0.976,139.268,1,90
0.2451,-2.1499,0.1719,43.049,-2.927,134.573,1,90
0.0771,0.2817,-0.6367,17.317,52.927,74.085,2,90
0.0845,0.3130,-0.6611,17.622,54.817,71.220,2,90
0.0796,0.3413,-0.6646,17.500,56.829,68.780,2,90
0.0752,0.3560,-0.6753,17.622,58.537,66.463,2,90
0.0840,0.3706,-0.6792,18.354,60.549,64.085,2,90
0.0742,0.3867,-0.6958,19.634,62.256,61.890,2,90
0.0811,0.3936,-0.7158,21.768,63.598,60.122,2,90
0.0776,0.4014,-0.7324,24.390,64.939,58.232,2,90
0.2310,-2.1196,0.1689,44.390,-5.549,129.817,1,90
0.2407,-2.0806,0.1782,45.793,-7.866,125.122,1,90
0.2319,-2.0479,0.1763,47.256,-10.732,120.183,1,90
0.2178,-2.0151,0.1826,49.329,-13.293,115.610,1,90
0.2192,-1.9795,0.1851,50.366,-16.220,111.159,1,90
0.2134,-1.9409,0.1885,51.768,-18.720,106.829,1,90
0.2158,-1.9180,0.1973,53.354,-21.341,102.622,1,90
0.2109,-1.8643,0.2065,55.610,-25.488,97.012,1,90
0.0723,0.4009,-0.7378,27.500,66.159,56.707,2,90
0.0713,0.3984,-0.7505,29.939,67.622,54.756,2,90
0.0654,0.3926,-0.7529,32.439,68.841,53.293,2,90
0.0684,0.3838,-0.7612,34.756,69.939,51.341,2,90
0.0654,0.3604,-0.7622,36.707,71.098,49.573,2,90
0.0693,0.3550,-0.7676,38.476,71.829,47.805,2,90
0.0708,0.3398,-0.7563,39.695,73.354,45.610,2,90
0.0688,0.3247,-0.7603,41.037,74.512,43.598,2,90
-0.8906,-0.2891,-0.2944,13.171,10.854,5.488,3,41
-0.9199,-0.3296,-0.2769,12.317,10.366,5.671,3,41
-0.9590,-0.3784,-0.2822,12.195,10.122,5.915,3,41
-0.9526,-0.3828,-0.2588,10.427,9.451,5.915,3,41
-0.9048,-0.3374,-0.1167,10.000,8.110,4.573,3,41
-0.9170,-0.2925,-0.1890,2.805,5.610,5.122,3,41
-0.9712,-0.3677,-0.2212,-0.793,5.061,6.585,3,41
-1.0244,-0.3750,-0.1689,2.073,7.256,5.976,3,41
-2.0249,14.2876,-13.9355,-579.939,7.805,-145.793,4,41
-6.2700,14.3735,-9.0015,-1181.585,48.232,-407.439,4,41
-7.4312,13.0586,-10.3579,-797.439,-2.073,-525.976,4,41
-8.1406,9.0151,-12.7290,-108.780,126.829,-437.622,4,41
-4.0693,9.4004,-11.9751,170.427,183.841,-282.744,4,41
1.4150,10.6553,-8.7163,-25.793,155.366,-55.244,4,41
3.1484,9.3433,-7.4751,-177.561,76.220,84.756,4,41
1.5098,7.9941,-4.9937,-146.280,-38.780,178.780,4,41
-1.0112,-0.3286,-0.1445,2.073,6.646,5.305,3,41
-0.9341,-0.2373,-0.0864,0.488,4.939,4.634,3,41
-0.8862,-0.1665,-0.1050,-1.768,3.963,4.329,3,41
-0.8804,-0.1230,-0.1362,-4.207,2.622,3.963,3,41
-0.9326,-0.1372,-0.1826,-7.073,1.463,4.146,3,41
-0.9922,-0.1909,-0.2104,-6.220,1.341,4.329,3,41
-1.0078,-0.1963,-0.2017,-4.085,1.341,3.841,3,41
-0.9697,-0.1934,-0.2451,-1.829,2.439,3.659,3,41
1.0254,7.4321,-3.3135,11.341,-129.878,228.902,4,41
1.7485,8.3384,-2.1245,191.768,-151.768,238.110,4,41
2.8652,8.5586,-1.3301,340.427,-126.280,240.061,4,41
3.6953,7.9438,-1.4673,456.829,-94.939,234.756,4,41
3.8423,7.3896,-1.6362,572.744,-77.683,201.951,4,41
3.1870,6.0410,-1.7930,645.610,-76.524,167.256,4,41
1.8999,4.5015,-1.8013,618.415,-62.744,141.463,4,41
0.5547,3.2046,-1.6821,469.024,-53.415,147.683,4,41
-0.9292,-0.2075,-0.2935,0.854,3.049,2.378,3,41
-0.9126,-0.1924,-0.2881,2.683,2.012,0.671,3,41
-0.9390,-0.1572,-0.2686,3.171,1.098,0.244,3,41
-0.9805,-0.1372,-0.2754,3.720,0.915,0.488,3,41
-1.0010,-0.1436,-0.2651,6.463,1.829,-0.061,3,41
-0.9883,-0.1304,-0.2725,9.939,2.805,-1.524,3,41
-0.9634,-0.1284,-0.2954,12.805,2.561,-2.683,3,41
-0.9482,-0.1499,-0.2944,15.366,2.622,-3.841,3,41
-0.3506,2.0249,-1.5103,263.537,-56.829,176.341,4,41
-0.7173,0.9517,-1.4429,80.732,-57.378,199.329,4,41
-0.5791,-0.2256,-1.5576,-46.768,-36.585,205.000,4,41
-0.0283,-0.9937,-1.1597,-63.537,-11.829,187.073,4,41
1.2285,-1.0835,-0.7134,12.195,-8.963,139.207,4,41
2.5347,-0.6685,-0.2754,85.183,-14.512,61.585,4,41
3.1953,-0.0532,0.2778,129.817,-33.598,-0.305,4,41
3.9199,0.3652,0.2178,142.561,-36.341,-41.524,4,41
-0.9595,-0.1724,-0.2803,18.049,3.537,-4.573,3,41
-0.9624,-0.1958,-0.2725,20.183,4.024,-5.366,3,41
-0.9585,-0.2310,-0.2700,21.890,3.780,-6.402,3,41
-0.9419,-0.2539,-0.2632,23.537,3.598,-7.195,3,41
-0.9409,-0.2588,-0.2554,23.902,2.805,-8.110,3,41
-0.9360,-0.2646,-0.2568,22.866,1.585,-8.415,3,41
-0.9546,-0.2700,-0.2461,21.707,0.671,-9.207,3,41
-0.9639,-0.2686,-0.2412,20.793,-0.244,-9.878,3,41
3.5718,0.7437,0.2754,158.476,-29.268,-52.439,4,41
3.1040,1.2070,0.0649,172.195,-21.280,-39.085,4,41
2.1641,1.4912,-0.1055,180.061,-10.244,-7.744,4,41
1.3740,1.5488,-0.2905,199.939,-9.085,29.817,4,41
0.9917,1.4126,-0.6411,218.476,7.012,57.866,4,41
0.5098,1.1460,-0.6357,259.024,28.354,79.878,4,41
0.2437,0.8809,-0.5107,311.280,46.220,97.866,4,41
0.1670,0.7163,-0.2510,355.854,53.963,108.415,4,41
-0.9683,-0.2637,-0.2202,19.390,-0.976,-10.732,3,41
-0.9761,-0.2583,-0.2017,18.171,-1.951,-11.829,3,41
-0.9780,-0.2515,-0.1836,17.012,-3.232,-12.561,3,41
-0.9761,-0.2524,-0.1675,15.915,-4.512,-13.293,3,41
-0.9785,-0.2441,-0.1558,13.171,-6.220,-14.207,3,41
-0.9805,-0.2554,-0.1611,9.634,-8.354,-15.976,3,41
-0.9580,-0.2744,-0.1694,5.305,-10.244,-17.439,3,41
-0.9424,-0.2822,-0.1777,2.195,-12.195,-18.720,3,41
0.2993,0.5693,-0.1011,384.451,54.451,108.780,4,41
0.5557,0.4463,0.0234,390.427,44.207,97.622,4,41
0.8296,0.3018,-0.1392,373.476,40.549,76.220,4,41
0.9165,0.2397,-0.2383,363.415,38.963,62.317,4,41
0.8325,0.1973,-0.3159,360.488,33.598,61.098,4,41
0.9863,0.0879,-0.5259,349.634,33.537,61.159,4,41
0.7695,-0.0693,-0.5737,340.122,39.878,61.646,4,41
0.5059,-0.2285,-0.4966,339.451,40.610,64.390,4,41
-0.9219,-0.2788,-0.1772,-1.098,-14.146,-20.244,3,41
-0.9258,-0.2578,-0.1611,-5.366,-16.280,-20.732,3,41
-0.9331,-0.2432,-0.1577,-9.268,-18.171,-21.585,3,41
-0.9424,-0.2344,-0.1680,-12.622,-19.817,-22.378,3,41
-0.9395,-0.2280,-0.1763,-14.390,-20.732,-22.927,3,41
-0.9365,-0.2261,-0.1821,-15.061,-20.854,-23.354,3,41
-0.9336,-0.2231,-0.1743,-15.549,-21.341,-23.720,3,41
-0.9312,-0.2227,-0.1733,-16.098,-21.707,-24.024,3,41
0.2368,-0.3140,-0.2954,342.500,39.695,63.415,4,41
0.1660,-0.3076,-0.2368,342.195,39.878,61.585,4,41
-0.1079,-0.2197,-0.0776,333.659,46.220,58.476,4,41
-0.2271,-0.1426,-0.0298,331.280,52.866,57.317,4,41
-0.4399,0.0244,-0.0142,327.622,70.488,57.195,4,41
-0.6440,0.1367,-0.1089,323.720,89.878,59.390,4,41
-0.6982,0.1108,-0.1855,321.402,101.463,61.707,4,41
-0.6890,0.0034,-0.3184,319.268,113.780,62.744,4,41
-0.9248,-0.2251,-0.1836,-16.890,-22.256,-24.512,3,41
-0.9238,-0.2285,-0.1880,-16.890,-22.683,-24.573,3,41
-0.9180,-0.2334,-0.2012,-16.951,-22.988,-24.939,3,41
-0.9102,-0.2388,-0.2163,-17.439,-23.659,-25.183,3,41
-0.9053,-0.2378,-0.2202,-17.195,-23.720,-25.244,3,41
-0.9053,-0.2490,-0.2119,-16.890,-24.085,-25.000,3,41
-0.9023,-0.2510,-0.2227,-16.829,-23.841,-24.939,3,41
-0.9131,-0.2744,-0.2178,-15.915,-23.476,-24.634,3,41
-0.6479,-0.1304,-0.5137,317.134,123.476,63.537,4,41
-0.5679,-0.2222,-0.6855,315.854,129.451,64.939,4,41
-0.5015,-0.2593,-0.8037,314.146,130.366,66.768,4,41
-0.4253,-0.2642,-0.9102,309.512,129.817,69.146,4,41
-0.3501,-0.2451,-1.0176,300.183,127.317,71.037,4,41
-0.2910,-0.2354,-1.1333,287.256,122.805,72.866,4,41
-0.2422,-0.2202,-1.2607,276.098,116.463,77.012,4,41
-0.2437,-0.1641,-1.3730,269.390,110.427,84.756,4,41
-0.9146,-0.2876,-0.2261,-15.305,-23.598,-24.329,3,41
-0.9194,-0.2920,-0.2251,-15.549,-23.720,-23.780,3,41
-0.9189,-0.3013,-0.2339,-14.939,-23.354,-23.659,3,41
-0.9253,-0.3184,-0.2314,-14.085,-22.805,-22.927,3,41
-0.9282,-0.3286,-0.2397,-13.476,-22.439,-22.866,3,41
-0.9316,-0.3276,-0.2305,-12.683,-21.829,-22.561,3,41
-0.9395,-0.3208,-0.2173,-12.500,-21.707,-21.951,3,41
-0.9512,-0.3242,-0.2070,-12.378,-21.280,-21.524,3,41
-0.2754,-0.0698,-1.4663,265.122,106.037,95.061,4,41
-0.3110,0.0039,-1.5391,258.902,104.878,106.524,4,41
-0.3457,0.0654,-1.5962,247.195,107.073,116.585,4,41
-0.3721,0.0859,-1.6646,227.561,110.793,124.390,4,41
-0.4321,0.0625,-1.7407,201.707,114.207,129.817,4,41
-0.4883,0.0229,-1.8257,171.768,115.732,134.695,4,41
-0.5918,-0.0215,-1.9063,142.134,117.012,139.573,4,41
-0.7295,-0.0571,-1.9712,115.671,119.268,145.122,4,41
0.6514,0.1978,-0.4194,10.732,-26.585,-65.976,2,90
0.6577,0.1997,-0.4272,10.427,-27.561,-66.707,2,90
0.6396,0.1855,-0.4204,9.634,-30.488,-69.329,2,90
0.6387,0.1826,-0.4204,9.451,-31.341,-70.183,2,90
0.6240,0.1714,-0.4097,9.268,-32.988,-71.951,2,90
0.6143,0.1714,-0.4111,8.902,-34.634,-73.232,2,90
0.6006,0.1665,-0.4043,8.598,-36.524,-74.939,2,90
0.5801,0.1650,-0.3872,8.232,-38.659,-77.561,2,90
-0.3418,-2.3110,-0.6362,51.402,-192.988,-81.463,1,90
-0.3267,-2.3208,-0.6724,51.159,-192.073,-87.256,1,90
-0.3008,-2.3354,-0.7021,51.098,-192.012,-93.537,1,90
-0.2788,-2.3579,-0.7432,50.549,-190.366,-99.024,1,90
-0.2490,-2.3711,-0.7686,49.817,-189.085,-105.183,1,90
-0.2300,-2.3872,-0.7876,49.695,-187.439,-110.854,1,90
-0.2246,-2.4082,-0.7954,48.780,-185.183,-116.646,1,90
-0.2041,-2.4263,-0.8145,48.049,-183.171,-122.439,1,90
0.5620,0.1670,-0.3804,8.049,-39.939,-79.268,2,90
0.5376,0.1636,-0.3735,7.744,-40.732,-80.732,2,90
0.5186,0.1636,-0.3770,7.683,-42.134,-82.561,2,90
0.5049,0.1689,-0.3691,7.317,-43.293,-84.329,2,90
0.4810,0.1777,-0.3647,7.317,-44.024,-85.915,2,90
0.4731,0.1787,-0.3545,6.585,-44.878,-87.439,2,90
0.4497,0.1865,-0.3457,5.488,-45.854,-88.598,2,90
0.4297,0.1836,-0.3291,4.817,-46.768,-90.244,2,90
-0.1938,-2.4321,-0.8091,47.317,-180.610,-128.415,1,90
-0.1768,-2.4463,-0.7983,45.854,-178.415,-134.268,1,90
-0.1616,-2.4531,-0.7930,44.329,-175.976,-140.000,1,90
-0.1548,-2.4565,-0.7793,42.134,-173.720,-145.915,1,90
-0.1387,-2.4609,-0.7646,39.512,-171.829,-151.402,1,90
-0.1240,-2.4746,-0.7563,35.793,-169.939,-157.317,1,90
-0.1045,-2.4990,-0.7373,30.915,-167.927,-162.500,1,90
-0.0869,-2.5249,-0.7183,25.488,-166.037,-168.415,1,90
0.4038,0.1953,-0.3188,4.451,-47.378,-91.402,2,90
0.3926,0.2065,-0.3164,3.232,-47.866,-92.683,2,90
0.3784,0.2056,-0.3013,2.805,-48.293,-93.720,2,90
0.3691,0.2168,-0.2983,2.439,-48.780,-95.061,2,90
0.3564,0.2246,-0.2837,2.012,-49.268,-96.098,2,90
0.3369,0.2397,-0.2827,1.341,-49.146,-96.951,2,90
0.3218,0.2490,-0.2881,0.915,-49.390,-97.988,2,90
0.3262,0.2632,-0.2954,1.098,-49.756,-98.659,2,90
-0.0713,-2.5513,-0.6895,19.817,-164.207,-173.841,1,90
-0.0605,-2.5840,-0.6733,13.659,-162.256,-178.902,1,90
-0.0469,-2.6064,-0.6602,7.317,-161.220,-183.780,1,90
-0.0381,-2.6333,-0.6436,0.427,-160.061,-188.537,1,90
-0.0269,-2.6519,-0.6313,-11.341,-158.232,-195.915,1,90
-0.0303,-2.6548,-0.6230,-15.305,-158.049,-198.537,1,90
-0.0298,-2.6577,-0.6289,-28.049,-156.524,-205.732,1,90
-0.0449,-2.6528,-0.6260,-36.463,-155.854,-210.061,1,90
0.3135,0.2788,-0.3086,1.463,-50.061,-99.146,2,90
0.3164,0.2925,-0.3184,2.073,-50.183,-99.695,2,90
0.3066,0.3071,-0.3545,3.902,-50.122,-99.878,2,90
0.3032,0.3281,-0.3735,5.854,-50.122,-100.061,2,90
0.2988,0.3452,-0.4072,7.805,-49.512,-100.061,2,90
0.2896,0.3682,-0.4292,9.573,-48.902,-100.854,2,90
0.2788,0.3916,-0.4370,10.854,-48.476,-100.854,2,90
0.2705,0.4063,-0.4468,11.463,-47.622,-101.402,2,90
-0.0571,-2.6465,-0.6313,-45.000,-155.000,-214.512,1,90
-0.0659,-2.6201,-0.6440,-52.378,-154.390,-218.720,1,90
-0.0747,-2.5977,-0.6455,-59.878,-153.659,-222.744,1,90
-0.0977,-2.5669,-0.6738,-66.646,-152.744,-226.463,1,90
-0.1123,-2.5337,-0.6812,-72.439,-151.768,-230.427,1,90
-0.1240,-2.4932,-0.7036,-77.317,-150.671,-234.207,1,90
-0.1411,-2.4531,-0.7183,-82.012,-149.695,-238.537,1,90
-0.1533,-2.4141,-0.7363,-85.732,-148.354,-242.134,1,90
0.2588,0.4131,-0.4546,11.768,-47.195,-101.463,2,90
0.2583,0.4238,-0.4644,12.439,-46.463,-101.220,2,90
0.2617,0.4248,-0.4644,12.988,-45.793,-101.037,2,90
0.2681,0.4253,-0.4805,14.573,-45.122,-100.610,2,90
0.2759,0.4180,-0.4824,15.610,-43.841,-99.939,2,90
0.2856,0.4165,-0.4941,16.768,-42.744,-99.085,2,90
0.3057,0.4141,-0.4922,18.049,-41.037,-98.415,2,90
0.3218,0.4087,-0.4907,19.024,-39.329,-97.683,2,90
-0.9336,-0.4111,-0.1997,9.634,15.671,10.305,3,41
-0.9253,-0.4053,-0.2080,10.244,16.159,11.037,3,41
-0.9331,-0.3862,-0.2114,10.854,17.500,12.195,3,41
-0.9429,-0.3770,-0.2061,11.829,18.720,13.476,3,41
-0.9434,-0.3633,-0.1836,12.500,20.244,14.268,3,41
-0.9390,-0.3589,-0.1694,13.963,21.707,16.159,3,41
-0.9429,-0.3604,-0.1606,14.451,22.561,17.622,3,41
-0.9536,-0.3726,-0.1475,15.183,24.207,18.780,3,41
-2.3389,0.8506,-0.9331,97.012,320.854,171.098,4,41
-2.3481,0.8369,-0.9287,110.488,320.915,172.195,4,41
-2.3730,0.8281,-0.9238,122.805,322.622,172.317,4,41
-2.3896,0.8120,-0.9375,135.122,324.085,173.232,4,41
-2.3716,0.8003,-0.9380,146.524,327.195,173.720,4,41
-2.4326,0.7861,-0.9409,156.220,330.061,173.720,4,41
-2.4824,0.7534,-0.9253,164.756,332.195,173.720,4,41
-2.5347,0.7295,-0.9116,172.256,333.110,172.439,4,41
-0.9639,-0.3926,-0.1299,16.220,26.037,20.854,3,41
-0.9624,-0.3960,-0.1191,15.732,26.646,21.402,3,41
-0.9570,-0.4014,-0.1177,15.854,27.744,22.561,3,41
-0.9658,-0.4048,-0.1069,15.122,28.780,24.573,3,41
-0.9663,-0.3970,-0.1079,14.878,29.878,25.793,3,41
-0.9790,-0.3970,-0.1235,15.122,31.098,26.890,3,41
-0.9717,-0.3887,-0.1304,16.037,32.805,27.805,3,41
-0.9834,-0.3799,-0.1460,17.256,34.512,28.780,3,41
-2.5557,0.7065,-0.9023,178.659,333.780,171.768,4,41
-2.6040,0.6724,-0.8979,182.866,334.573,170.366,4,41
-2.6064,0.6523,-0.8701,185.549,335.183,168.476,4,41
-2.6191,0.6294,-0.8584,189.390,335.122,166.829,4,41
-2.6226,0.6089,-0.8521,191.890,334.329,166.098,4,41
-2.6431,0.6016,-0.8335,193.232,332.622,165.976,4,41
-2.6621,0.5752,-0.8247,192.683,330.793,164.390,4,41
-2.6772,0.5557,-0.8022,189.695,329.024,162.378,4,41
-0.9780,-0.3721,-0.1533,19.085,36.585,29.878,3,41
-0.9736,-0.3716,-0.1519,20.488,38.110,30.976,3,41
-0.9668,-0.3774,-0.1470,22.073,40.122,31.646,3,41
-0.9526,-0.3989,-0.1294,23.049,41.829,33.232,3,41
-0.9380,-0.4248,-0.0859,22.683,42.866,34.817,3,41
-0.9141,-0.4468,-0.0737,20.915,42.561,36.341,3,41
-0.8931,-0.4277,-0.0952,17.439,41.890,37.927,3,41
-0.8896,-0.4023,-0.1494,14.695,41.524,39.573,3,41
-2.6846,0.5244,-0.7861,186.768,327.073,160.244,4,41
-2.6880,0.5029,-0.7646,183.354,324.634,158.293,4,41
-2.6938,0.4736,-0.7349,179.817,321.646,156.646,4,41
-2.7056,0.4404,-0.6987,177.012,318.476,155.366,4,41
-2.7119,0.4136,-0.6548,175.610,314.207,154.329,4,41
-2.7275,0.3906,-0.6206,175.427,310.305,153.476,4,41
-2.7515,0.3677,-0.5928,176.098,305.976,152.927,4,41
-2.7642,0.3486,-0.5698,177.134,301.280,152.622,4,41
-0.9028,-0.3848,-0.2065,13.902,41.829,40.854,3,41
-0.9141,-0.3613,-0.2427,14.939,43.354,42.744,3,41
-0.9194,-0.3442,-0.2446,16.463,45.183,44.207,3,41
-0.9248,-0.3281,-0.2246,17.988,46.463,45.671,3,41
-0.9272,-0.3086,-0.2017,19.573,47.927,47.134,3,41
-0.9243,-0.3130,-0.1895,21.098,49.512,48.354,3,41
-0.9209,-0.3252,-0.1787,22.622,51.280,49.756,3,41
-0.9272,-0.3228,-0.1997,23.171,52.561,50.915,3,41
-2.7700,0.3384,-0.5596,180.244,297.012,152.378,4,41
-2.7939,0.3271,-0.5303,183.720,291.951,152.622,4,41
-2.8145,0.3281,-0.5176,188.293,287.561,152.561,4,41
-2.8345,0.3145,-0.5034,193.293,283.049,152.683,4,41
-2.8521,0.3213,-0.4902,199.085,278.841,151.951,4,41
-2.8833,0.3145,-0.4736,205.488,274.817,150.976,4,41
-2.9180,0.3076,-0.4619,210.671,271.585,149.512,4,41
-2.9502,0.3101,-0.4473,214.756,268.902,147.134,4,41
-0.9341,-0.3188,-0.2188,23.537,53.354,52.256,3,41
-0.9531,-0.3188,-0.2183,22.866,54.085,53.293,3,41
-0.9673,-0.3232,-0.2197,22.317,54.878,54.268,3,41
-0.9766,-0.3628,-0.1982,22.073,56.646,55.793,3,41
-0.9746,-0.4302,-0.1431,22.988,60.244,57.439,3,41
-0.9648,-0.4927,-0.0557,26.890,64.512,59.817,3,41
-0.9189,-0.5083,-0.0176,28.659,67.378,62.134,3,41
-0.8716,-0.4951,-0.0493,26.280,66.646,63.659,3,41
-0.5991,-2.2681,-0.3091,-160.671,-134.634,-371.159,1,90
-0.6050,-2.2593,-0.2998,-161.646,-133.902,-374.146,1,90
-0.6055,-2.2554,-0.2944,-162.256,-133.293,-377.500,1,90
-0.6104,-2.2402,-0.2925,-162.866,-132.317,-380.427,1,90
-0.6206,-2.2358,-0.2959,-163.537,-131.159,-383.415,1,90
-0.6265,-2.2290,-0.2910,-164.024,-130.488,-386.646,1,90
-0.6255,-2.2100,-0.2837,-164.268,-129.390,-389.451,1,90
-0.6333,-2.1924,-0.2764,-165.000,-128.659,-392.073,1,90
-0.6372,-2.1680,-0.2817,-165.000,-127.805,-394.939,1,90
-0.6440,-2.1440,-0.2861,-166.098,-127.317,-397.622,1,90
-0.6489,-2.1274,-0.2788,-166.890,-126.646,-400.061,1,90
-0.6484,-2.0933,-0.2920,-167.866,-125.732,-402.134,1,90
-0.6592,-2.0498,-0.2964,-169.817,-124.329,-404.939,1,90
-0.6655,-2.0273,-0.3027,-171.402,-123.415,-406.098,1,90
-0.6641,-2.0015,-0.3184,-173.110,-122.134,-407.805,1,90
-0.6670,-1.9810,-0.3188,-175.122,-120.610,-408.049,1,90
-0.8652,-0.2080,-0.3687,19.512,64.207,69.085,3,41
-0.8696,-0.2051,-0.3389,16.890,62.988,70.000,3,41
-0.8740,-0.2129,-0.3110,14.512,61.585,70.366,3,41
-0.8691,-0.2280,-0.2783,11.220,60.000,70.915,3,41
-0.8511,-0.2422,-0.2515,8.780,58.171,72.073,3,41
-0.8428,-0.2515,-0.2437,5.854,57.378,72.683,3,41
-0.8491,-0.2563,-0.2905,4.634,55.915,73.171,3,41
-0.8687,-0.2686,-0.3447,3.293,55.183,73.537,3,41
-3.2939,-0.1929,-0.5234,224.512,279.268,60.366,4,41
-3.2021,-0.2549,-0.5557,220.366,284.634,52.561,4,41
-3.1719,-0.3184,-0.5220,215.366,289.634,47.561,4,41
-3.3452,-0.4946,-0.5737,208.415,289.024,43.110,4,41
-3.6348,-0.7524,-0.7256,198.780,293.415,35.488,4,41
-3.6875,-1.0254,-1.1089,183.963,302.805,20.000,4,41
-2.8872,-0.7876,-0.7100,164.939,315.976,6.890,4,41
-3.4189,-1.1084,-1.6401,183.354,287.439,18.537,4,41
-0.8823,-0.2583,-0.3945,2.988,55.000,73.780,3,41
-0.8965,-0.2554,-0.4326,3.598,55.183,73.780,3,41
-0.8999,-0.2568,-0.4541,5.976,55.915,74.146,3,41
-0.8794,-0.2554,-0.4341,7.683,56.768,74.817,3,41
-0.8667,-0.2461,-0.4009,9.512,56.768,75.610,3,41
-0.8843,-0.2520,-0.3867,9.085,56.585,77.012,3,41
-0.9102,-0.2627,-0.3623,8.293,55.610,78.598,3,41
-0.9814,-0.3228,-0.3325,7.134,53.902,79.329,3,41
-0.7056,-1.8003,-0.3237,-205.061,-109.939,-401.768,1,90
-0.7124,-1.7759,-0.3438,-210.793,-108.902,-399.512,1,90
-0.7222,-1.7534,-0.3579,-216.646,-108.415,-396.951,1,90
-0.7456,-1.7310,-0.3599,-223.293,-107.622,-393.841,1,90
-0.7651,-1.7051,-0.3843,-230.366,-106.768,-390.610,1,90
-0.7866,-1.6758,-0.4063,-238.171,-106.098,-386.707,1,90
-0.8169,-1.6372,-0.4326,-246.159,-105.549,-382.195,1,90
-0.8452,-1.6025,-0.4497,-255.000,-104.573,-377.073,1,90
1.0229,0.1997,-0.4805,87.195,35.610,-13.354,2,90
1.0244,0.1860,-0.4927,88.720,32.012,-12.195,2,90
1.0249,0.1748,-0.5034,89.817,28.963,-11.463,2,90
1.0356,0.1533,-0.5186,90.305,25.976,-10.183,2,90
1.0479,0.1353,-0.5371,90.915,23.049,-9.451,2,90
1.0630,0.1123,-0.5498,91.159,20.610,-8.476,2,90
1.0815,0.1025,-0.5664,91.402,17.988,-7.561,2,90
1.1035,0.0811,-0.5903,91.463,15.610,-6.951,2,90
-0.7808,-0.1377,-0.4395,5.976,47.134,85.976,3,41
-0.7617,-0.0542,-0.5156,8.963,46.524,83.720,3,41
-0.7471,-0.0259,-0.6147,14.390,46.524,82.317,3,41
-0.7383,0.0034,-0.6353,20.793,46.768,81.098,3,41
-0.7891,0.0083,-0.6030,24.573,45.244,80.122,3,41
-0.8325,-0.0171,-0.5864,26.890,43.110,77.805,3,41
-0.8081,-0.0420,-0.5488,29.085,40.915,75.366,3,41
-0.8140,-0.0811,-0.5337,29.390,38.049,73.354,3,41
-1.2646,-0.9653,-0.5669,-332.012,-93.780,-300.549,1,90
-1.3213,-0.8730,-0.5322,-339.573,-91.829,-288.780,1,90
-1.3823,-0.7627,-0.4922,-345.610,-89.329,-275.732,1,90
-1.4692,-0.5698,-0.3931,-352.439,-85.732,-255.610,1,90
-1.5269,-0.4224,-0.3076,-355.854,-82.561,-242.134,1,90
-1.5752,-0.2661,-0.1968,-358.354,-78.598,-227.561,1,90
-1.6147,-0.0825,-0.0669,-359.329,-74.329,-213.415,1,90
-1.6479,0.1060,0.0674,-359.512,-69.329,-197.988,1,90
1.2910,0.0229,-0.7026,68.049,8.841,-2.805,2,90
1.3237,0.0103,-0.7041,64.024,9.512,-1.768,2,90
1.3618,-0.0015,-0.7036,60.305,10.305,0.061,2,90
1.4082,-0.0103,-0.7148,56.463,10.793,1.341,2,90
1.4497,-0.0298,-0.7251,52.744,11.646,2.683,2,90
1.5210,-0.0405,-0.7227,49.024,12.500,4.146,2,90
1.5674,-0.0508,-0.7349,45.061,13.598,5.183,2,90
1.6338,-0.0659,-0.7495,42.073,14.695,6.585,2,90
-1.1050,-0.0635,-0.2769,28.720,25.427,56.524,3,41
-1.1157,-0.0176,-0.3027,30.061,26.402,52.744,3,41
-1.0986,0.0625,-0.3003,31.646,26.646,47.805,3,41
-1.0586,0.1514,-0.3047,33.293,27.134,42.988,3,41
-1.0181,0.2358,-0.3037,35.244,27.500,37.561,3,41
-0.9780,0.2866,-0.3062,37.073,27.195,31.585,3,41
-0.9365,0.2939,-0.2974,37.561,26.524,25.854,3,41
-0.9038,0.2944,-0.2627,36.220,24.695,20.305,3,41
-2.4731,2.3345,0.5659,-346.707,-18.110,-3.902,1,90
-2.7300,2.5381,0.5269,-343.049,-11.890,30.488,1,90
-3.0635,2.7222,0.4844,-337.622,-4.878,66.524,1,90
-3.4028,2.8672,0.4302,-329.512,3.537,101.829,1,90
-3.7427,2.8950,0.3354,-317.805,12.805,132.927,1,90
-4.0566,2.8999,0.2461,-301.585,22.927,157.622,1,90
-4.3032,2.8501,0.1387,-281.524,33.354,173.232,1,90
-4.4868,2.8486,0.0181,-256.220,41.159,177.073,1,90
1.7471,-0.0776,-0.9795,25.488,22.439,2.439,2,90
1.7031,-0.0601,-0.9888,22.744,23.354,0.122,2,90
1.6465,-0.0420,-1.0093,18.780,24.817,-1.829,2,90
1.6094,-0.0249,-1.0288,14.390,25.915,-2.866,2,90
1.5864,-0.0059,-1.0122,10.183,27.134,-2.988,2,90
1.5566,0.0171,-1.0151,5.122,28.476,-1.951,2,90
1.5518,0.0244,-1.0034,-0.610,29.390,-0.122,2,90
1.5605,0.0308,-0.9863,-7.073,30.000,2.927,2,90
-1.0352,0.1694,-0.3677,27.805,7.012,-29.634,3,41
-1.0146,0.1523,-0.3530,25.793,3.415,-35.610,3,41
-1.0132,0.1348,-0.3418,22.866,-0.183,-41.341,3,41
-0.9966,0.1533,-0.3169,19.207,-4.756,-46.646,3,41
-0.9912,0.1650,-0.3208,15.122,-8.841,-52.012,3,41
-0.9854,0.1987,-0.3110,11.707,-12.927,-57.378,3,41
-1.0078,0.2109,-0.3120,8.598,-16.341,-61.890,3,41
-1.0127,0.2109,-0.3008,6.768,-18.963,-66.890,3,41
-2.9614,2.1792,0.3472,15.549,-6.463,224.756,1,90
-2.8955,2.1348,0.3647,21.037,-8.049,236.463,1,90
-2.7876,2.0679,0.4341,28.171,-10.000,258.293,1,90
-2.6802,2.0059,0.5327,29.695,-13.293,287.927,1,90
-2.6597,1.9927,0.5864,25.061,-16.037,305.122,1,90
-2.6509,1.9932,0.6436,17.866,-19.939,322.073,1,90
-2.6743,2.0078,0.6953,9.512,-24.207,339.024,1,90
-2.7046,2.0361,0.7393,1.220,-29.390,356.585,1,90
1.6948,-0.1221,-0.9624,-64.817,9.146,27.805,2,90
1.6812,-0.1250,-0.9810,-69.451,6.220,28.476,2,90
1.6460,-0.1367,-1.0000,-74.634,3.110,28.415,2,90
1.6030,-0.1392,-1.0122,-79.634,0.244,28.293,2,90
1.5737,-0.1362,-1.0444,-84.695,-2.012,27.378,2,90
1.5308,-0.1260,-1.0469,-89.817,-4.390,26.585,2,90
1.4712,-0.1235,-1.0664,-94.329,-6.341,25.610,2,90
1.4277,-0.1060,-1.0835,-98.659,-7.622,24.878,2,90
-2.7437,2.0737,0.7876,-6.220,-34.634,374.512,1,90
-2.7837,2.1167,0.8276,-12.073,-39.512,392.866,1,90
-2.8013,2.1592,0.8706,-16.280,-43.232,410.549,1,90
-2.8022,2.2002,0.9043,-18.171,-45.976,427.805,1,90
-2.8057,2.2114,0.9590,-18.354,-47.866,444.390,1,90
-2.7739,2.2114,1.0186,-16.829,-49.817,459.329,1,90
-2.7378,2.1963,1.0791,-13.902,-51.951,473.963,1,90
-2.6987,2.1606,1.1450,-9.756,-55.366,487.805,1,90
1.3755,-0.0830,-1.0825,-101.220,-8.720,23.902,2,90
1.3257,-0.0571,-1.0845,-104.329,-9.573,23.293,2,90
1.2710,-0.0205,-1.0820,-106.524,-10.549,22.866,2,90
1.2168,0.0078,-1.0752,-108.110,-11.463,22.317,2,90
1.1602,0.0405,-1.0576,-109.024,-12.134,21.829,2,90
1.1045,0.0815,-1.0444,-109.085,-12.683,21.707,2,90
1.0576,0.1279,-1.0283,-107.866,-13.841,21.829,2,90
1.0142,0.1650,-0.9941,-105.976,-14.695,22.195,2,90
-0.8623,-0.3384,-0.3911,-40.000,-57.439,-94.451,3,41
-0.8516,-0.3477,-0.4067,-41.159,-58.293,-94.085,3,41
-0.8389,-0.3613,-0.4409,-42.439,-59.817,-92.927,3,41
-0.8169,-0.4072,-0.5239,-42.805,-62.012,-91.159,3,41
-0.7979,-0.4453,-0.5757,-42.866,-63.598,-90.122,3,41
-0.7822,-0.4731,-0.5820,-43.720,-65.488,-88.537,3,41
-0.7690,-0.5029,-0.5767,-44.756,-67.683,-86.646,3,41
-0.7554,-0.5029,-0.5669,-46.402,-69.939,-84.695,3,41
-2.7329,1.5879,1.4995,36.098,-131.646,596.159,1,90
-2.7886,1.5054,1.5220,41.220,-140.427,606.524,1,90
-2.8618,1.4224,1.5322,46.951,-147.805,616.585,1,90
-2.9395,1.3193,1.5322,53.049,-155.000,625.915,1,90
-3.0313,1.1963,1.5366,58.232,-161.768,634.390,1,90
-3.1240,1.0415,1.5435,64.146,-167.500,641.768,1,90
-3.2236,0.8740,1.5391,70.671,-172.683,648.110,1,90
-3.3262,0.6753,1.5342,78.720,-176.890,652.744,1,90
0.8843,0.4478,-0.6567,-88.354,-23.049,33.537,2,90
0.8804,0.4600,-0.6030,-83.598,-26.037,36.951,2,90
0.8745,0.4575,-0.5825,-81.951,-27.012,37.866,2,90
0.8652,0.4629,-0.5493,-78.476,-29.451,40.061,2,90
0.8511,0.4629,-0.5293,-75.366,-30.854,42.622,2,90
0.8228,0.4546,-0.5103,-72.866,-32.866,44.817,2,90
0.7949,0.4463,-0.4907,-70.061,-34.329,47.073,2,90
0.7568,0.4404,-0.4702,-68.110,-35.671,48.354,2,90
-3.5015,0.3652,1.5488,91.646,-182.439,656.402,1,90
-3.5566,0.2461,1.5273,95.671,-183.902,656.707,1,90
-3.7183,-0.1221,1.4868,107.134,-189.268,655.488,1,90
-3.8081,-0.3774,1.4897,114.085,-192.622,652.073,1,90
-3.8901,-0.6338,1.5068,120.488,-194.573,647.195,1,90
-3.9409,-0.8726,1.5068,125.732,-196.341,641.768,1,90
-3.9800,-1.1128,1.4941,128.963,-198.049,635.671,1,90
-3.9956,-1.3208,1.4756,130.915,-199.878,628.049,1,90
0.6992,0.4194,-0.4492,-64.268,-38.110,49.939,2,90
0.6826,0.4155,-0.4424,-62.988,-39.024,50.061,2,90
0.6289,0.4014,-0.4111,-60.610,-40.488,50.732,2,90
0.5635,0.3745,-0.3896,-57.561,-42.439,50.488,2,90
0.5508,0.3716,-0.3813,-56.463,-43.110,50.549,2,90
0.5132,0.3521,-0.3638,-55.000,-43.476,50.854,2,90
0.4834,0.3340,-0.3501,-53.415,-44.634,50.976,2,90
0.4497,0.3037,-0.3306,-51.280,-45.305,51.768,2,90
-3.9810,-1.4941,1.4980,130.976,-201.585,620.793,1,90
-3.9736,-1.6377,1.5396,128.963,-203.293,612.805,1,90
-3.9312,-1.7368,1.5747,124.146,-205.915,605.732,1,90
-3.9189,-1.8125,1.6460,117.317,-208.780,597.622,1,90
-3.8979,-1.8550,1.7070,109.024,-211.098,589.024,1,90
-3.8862,-1.8662,1.8018,98.720,-212.439,582.744,1,90
-3.8984,-1.8960,1.8740,88.232,-212.500,578.354,1,90
-3.8877,-1.8887,1.9399,77.988,-211.890,576.890,1,90
0.4321,0.2827,-0.3086,-50.305,-45.671,52.256,2,90
0.4116,0.2671,-0.2949,-49.207,-45.183,52.683,2,90
0.4033,0.2588,-0.2720,-48.354,-45.305,53.415,2,90
0.3853,0.2466,-0.2563,-47.500,-44.390,53.780,2,90
0.3799,0.2388,-0.2368,-46.646,-44.085,54.268,2,90
0.3721,0.2354,-0.2139,-45.793,-43.780,54.329,2,90
0.3584,0.2368,-0.1973,-45.061,-43.293,54.756,2,90
0.3467,0.2417,-0.1919,-43.902,-43.293,54.756,2,90
-0.9390,-0.2290,-0.1875,-26.951,-69.695,-47.134,3,41
-0.9302,-0.2446,-0.2085,-23.171,-67.317,-46.585,3,41
-0.9194,-0.2676,-0.2334,-19.878,-65.305,-46.098,3,41
-0.9204,-0.2622,-0.2227,-17.256,-63.171,-45.305,3,41
-0.9048,-0.2637,-0.2319,-14.878,-61.463,-44.695,3,41
-0.8994,-0.2866,-0.2441,-12.134,-59.329,-43.293,3,41
-0.8921,-0.3057,-0.2344,-8.354,-56.280,-41.585,3,41
-0.8809,-0.3105,-0.2183,-5.549,-53.232,-40.000,3,41
-1.5156,-1.4512,1.2148,31.707,-78.476,-207.073,4,41
-1.5308,-1.3647,1.1699,32.256,-91.220,-218.415,4,41
-1.5190,-1.3037,1.1147,31.768,-103.598,-231.098,4,41
-1.5000,-1.2612,1.0713,30.000,-114.817,-243.232,4,41
-1.4736,-1.2407,1.0342,27.134,-126.159,-255.244,4,41
-1.4497,-1.2378,1.0068,24.390,-137.622,-265.793,4,41
-1.4180,-1.2446,0.9868,19.512,-150.183,-275.061,4,41
-1.4033,-1.2676,0.9624,14.695,-162.744,-282.744,4,41
-0.8618,-0.3311,-0.2261,-3.354,-51.646,-38.354,3,41
-0.8535,-0.3589,-0.2212,-3.171,-50.854,-36.280,3,41
-0.8467,-0.3994,-0.2075,-1.646,-49.329,-34.390,3,41
-0.8638,-0.4199,-0.1992,-0.244,-47.012,-32.134,3,41
-0.8818,-0.4209,-0.1821,0.549,-45.366,-30.183,3,41
-0.8882,-0.4380,-0.1738,0.793,-44.024,-27.927,3,41
-0.9033,-0.4375,-0.1587,1.098,-42.622,-26.159,3,41
-0.9048,-0.4316,-0.1504,1.585,-41.341,-24.085,3,41
-4.1978,-2.7920,1.3071,149.695,-291.524,449.939,1,90
-4.1191,-2.8271,1.2764,155.549,-293.780,443.171,1,90
-4.0444,-2.8726,1.2583,159.939,-297.317,436.402,1,90
-3.9663,-2.9194,1.2271,162.500,-301.280,429.817,1,90
-3.8843,-2.9849,1.2012,163.841,-305.732,423.171,1,90
-3.8174,-3.0503,1.1733,164.695,-310.793,416.524,1,90
-3.7417,-3.1133,1.1313,164.024,-315.915,408.841,1,90
-3.6675,-3.1675,1.0918,163.841,-320.915,401.646,1,90
0.2749,0.1890,-0.2388,0.000,-40.671,66.768,2,90
0.2930,0.1660,-0.2324,2.744,-40.061,66.524,2,90
0.3218,0.1465,-0.2324,5.244,-39.268,66.646,2,90
0.3428,0.1206,-0.2222,7.622,-38.415,66.220,2,90
0.3672,0.1094,-0.2173,9.756,-37.805,66.220,2,90
0.3901,0.0967,-0.2148,11.829,-36.890,66.585,2,90
0.4121,0.0752,-0.2065,13.232,-36.707,66.098,2,90
0.4307,0.0654,-0.1909,14.451,-36.159,65.793,2,90
-3.5986,-3.1855,1.0410,163.110,-326.098,394.207,1,90
-3.5156,-3.1997,0.9790,163.354,-329.939,386.159,1,90
-3.4189,-3.2036,0.9058,164.390,-333.902,378.476,1,90
-3.3145,-3.1899,0.8511,167.744,-336.829,371.220,1,90
-3.2363,-3.1460,0.7505,172.622,-340.488,363.841,1,90
-3.1226,-3.1030,0.6592,176.890,-344.390,357.622,1,90
-3.0298,-3.0581,0.5313,181.280,-349.085,352.988,1,90
-2.9951,-2.9902,0.4248,186.220,-354.146,349.634,1,90
0.4434,0.0532,-0.1821,15.061,-35.732,65.183,2,90
0.4556,0.0391,-0.1680,15.732,-35.427,64.634,2,90
0.4775,0.0400,-0.1602,15.976,-35.427,64.146,2,90
0.4766,0.0249,-0.1704,15.854,-35.305,63.598,2,90
0.4795,0.0195,-0.1675,15.427,-35.732,62.805,2,90
0.4932,0.0229,-0.1597,14.634,-35.793,62.073,2,90
0.4912,0.0264,-0.1782,13.720,-35.549,61.220,2,90
0.5000,0.0215,-0.1792,12.866,-35.061,60.366,2,90
-2.9902,-2.9287,0.3350,191.707,-358.780,347.317,1,90
-3.0293,-2.8711,0.2368,198.049,-362.561,346.463,1,90
-3.0894,-2.8203,0.1782,205.427,-365.122,347.439,1,90
-3.1611,-2.7568,0.1484,213.354,-366.280,349.085,1,90
-3.2319,-2.6948,0.1265,222.683,-365.671,351.585,1,90
-3.3062,-2.6357,0.1304,232.622,-363.293,353.354,1,90
-3.3560,-2.5933,0.1328,242.744,-360.244,355.122,1,90
-3.4082,-2.5391,0.1396,254.024,-356.220,355.793,1,90
0.4976,0.0288,-0.1904,10.854,-35.183,59.207,2,90
0.5020,0.0405,-0.1968,9.268,-34.390,57.866,2,90
0.4951,0.0566,-0.2119,7.561,-34.268,56.402,2,90
0.4858,0.0757,-0.2349,5.610,-34.329,55.000,2,90
0.4883,0.0815,-0.2632,3.780,-33.963,53.780,2,90
0.4756,0.1084,-0.2734,2.195,-33.598,52.195,2,90
0.4712,0.1274,-0.3003,0.244,-33.049,50.244,2,90
0.4624,0.1445,-0.3267,-0.854,-32.805,48.720,2,90
-3.4434,-2.4956,0.1533,265.000,-351.463,355.915,1,90
-3.4785,-2.4619,0.1665,276.829,-345.915,356.280,1,90
-3.5112,-2.4292,0.1846,289.085,-340.793,356.220,1,90
-3.5464,-2.4038,0.2021,301.768,-335.671,356.829,1,90
-3.5894,-2.3984,0.2476,315.305,-330.549,357.439,1,90
-3.6421,-2.3833,0.2905,329.146,-324.695,357.988,1,90
-3.6938,-2.3872,0.3408,342.744,-318.598,358.659,1,90
-3.7466,-2.3911,0.3711,355.793,-312.561,358.659,1,90
0.4604,0.1606,-0.3496,-2.988,-32.378,47.134,2,90
0.4556,0.1655,-0.3779,-3.659,-31.585,45.488,2,90
0.4517,0.1885,-0.3960,-4.573,-30.671,44.085,2,90
0.4512,0.1978,-0.4131,-4.939,-29.878,42.256,2,90
0.4507,0.2046,-0.4351,-5.671,-28.720,40.671,2,90
0.4434,0.2065,-0.4604,-5.366,-27.378,39.207,2,90
0.4575,0.2080,-0.4775,-5.122,-25.793,37.622,2,90
0.4419,0.2051,-0.5039,-4.451,-24.390,35.915,2,90
-3.8374,-2.4434,0.3979,374.085,-302.927,358.415,1,90
-3.8809,-2.4897,0.4048,385.061,-296.220,357.256,1,90
-3.9268,-2.5420,0.4121,395.061,-288.841,355.732,1,90
-3.9531,-2.6074,0.3931,403.293,-281.159,353.537,1,90
-3.9590,-2.6846,0.3857,410.793,-273.049,351.768,1,90
-3.9414,-2.7671,0.3545,416.098,-265.122,349.512,1,90
-3.9175,-2.8555,0.2778,419.512,-257.866,347.134,1,90
-3.8901,-2.9697,0.1724,419.573,-251.463,345.366,1,90
0.4531,0.2090,-0.5103,-2.805,-22.500,34.695,2,90
0.4546,0.1968,-0.5278,-0.976,-20.915,32.805,2,90
0.4473,0.2056,-0.5415,1.280,-19.024,30.854,2,90
0.4478,0.2065,-0.5444,3.537,-17.012,29.329,2,90
0.4463,0.2080,-0.5415,5.488,-15.000,27.378,2,90
0.4438,0.2134,-0.5508,6.768,-12.744,25.244,2,90
0.4292,0.2104,-0.5435,8.720,-10.488,23.537,2,90
0.4189,0.2090,-0.5508,10.610,-8.537,21.829,2,90
-3.8643,-3.0913,0.0801,417.439,-246.341,343.598,1,90
-3.8569,-3.2217,-0.0366,413.476,-241.402,341.768,1,90
-3.8701,-3.3452,-0.1450,409.634,-236.220,340.122,1,90
-3.8901,-3.4746,-0.2583,403.780,-230.366,337.927,1,90
-3.9229,-3.5923,-0.3701,397.134,-223.659,334.634,1,90
-3.9487,-3.7163,-0.4658,388.841,-215.793,330.915,1,90
-3.9604,-3.8252,-0.5850,380.488,-207.744,325.793,1,90
-3.9409,-3.9238,-0.6875,371.402,-199.024,318.963,1,90
0.4131,0.2114,-0.5581,12.683,-6.280,20.244,2,90
0.4155,0.2173,-0.5630,15.000,-4.207,19.024,2,90
0.3950,0.2285,-0.5630,16.829,-1.951,17.683,2,90
0.3896,0.2368,-0.5654,19.451,0.549,16.341,2,90
0.3799,0.2456,-0.5674,21.463,2.927,15.000,2,90
0.3716,0.2603,-0.5674,23.110,5.305,13.841,2,90
0.3623,0.2720,-0.5576,24.451,7.927,12.500,2,90
0.3555,0.2866,-0.5376,24.939,10.305,11.585,2,90
-3.8745,-3.9985,-0.7690,364.817,-190.000,311.098,1,90
-3.7754,-4.0498,-0.8809,359.634,-180.671,301.768,1,90
-3.6582,-4.1084,-1.0259,351.159,-173.049,292.317,1,90
-3.5371,-4.1953,-1.1919,340.610,-167.805,282.317,1,90
-3.3906,-4.3057,-1.3682,328.659,-164.329,273.598,1,90
-3.2573,-4.4438,-1.5493,315.366,-162.195,265.793,1,90
-3.1206,-4.5664,-1.7305,301.768,-161.098,257.927,1,90
-2.9668,-4.7334,-1.8853,287.012,-159.756,250.427,1,90
0.3496,0.2954,-0.5366,24.634,12.561,10.976,2,90
0.3569,0.2998,-0.5288,24.085,14.756,10.183,2,90
0.3618,0.3008,-0.5298,22.683,16.768,9.756,2,90
0.3647,0.3008,-0.5142,21.829,18.780,9.939,2,90
0.3789,0.2915,-0.5054,20.610,20.976,10.244,2,90
0.3921,0.2954,-0.5054,19.268,23.171,10.427,2,90
0.4175,0.2866,-0.5142,17.683,24.573,10.732,2,90
0.4414,0.2822,-0.5107,16.280,26.829,10.854,2,90
-2.9380,-4.8354,-2.0581,273.720,-159.695,235.793,1,90
-2.7109,-4.9453,-2.2319,254.878,-157.317,230.610,1,90
-2.5938,-5.0859,-2.3384,236.159,-156.585,221.829,1,90
-2.4658,-5.1875,-2.4463,217.195,-155.000,210.427,1,90
-2.3354,-5.2446,-2.5190,197.683,-152.683,197.500,1,90
-2.2153,-5.2891,-2.5938,177.439,-150.915,182.378,1,90
-2.1030,-5.3086,-2.6787,156.707,-149.573,165.488,1,90
-1.9580,-5.3164,-2.8062,127.683,-148.110,136.829,1,90
0.4629,0.2695,-0.5054,14.268,28.598,10.610,2,90
0.4810,0.2568,-0.5059,12.378,30.305,10.366,2,90
0.5039,0.2573,-0.4932,9.268,32.134,9.634,2,90
0.5273,0.2485,-0.4868,6.463,33.902,8.780,2,90
0.5596,0.2515,-0.4814,2.927,35.427,7.988,2,90
0.5732,0.2441,-0.4849,-0.366,36.463,7.134,2,90
0.5874,0.2471,-0.4854,-4.207,37.622,6.341,2,90
0.5952,0.2402,-0.4790,-7.927,38.476,5.610,2,90
-1.8911,-5.2959,-2.8828,109.756,-146.768,115.671,1,90
-1.8408,-5.2397,-2.9438,94.878,-144.573,93.293,1,90
-1.8081,-5.1328,-3.0181,81.768,-141.463,69.756,1,90
-1.7866,-4.9995,-3.0688,69.512,-137.805,46.159,1,90
-1.7656,-4.8403,-3.1206,58.780,-133.537,22.317,1,90
-1.7539,-4.6514,-3.1577,48.232,-128.780,-0.366,1,90
-1.7505,-4.4604,-3.1978,39.207,-123.902,-21.951,1,90
-1.7446,-4.2661,-3.2495,30.732,-118.354,-41.829,1,90
0.6191,0.2490,-0.4912,-11.890,39.634,4.756,2,90
0.6104,0.2451,-0.4946,-16.037,40.488,4.207,2,90
0.6230,0.2437,-0.4985,-19.695,41.220,3.841,2,90
0.6172,0.2559,-0.5142,-23.354,42.439,3.049,2,90
0.6152,0.2612,-0.5352,-26.646,43.476,2.805,2,90
0.6060,0.2749,-0.5454,-30.000,44.512,2.622,2,90
0.6074,0.2930,-0.5596,-33.476,45.671,2.134,2,90
0.5913,0.3057,-0.5864,-36.524,46.098,2.195,2,90
-1.7246,-4.0830,-3.2769,23.293,-112.500,-60.244,1,90
-1.7065,-3.9194,-3.3076,17.988,-105.122,-77.134,1,90
-1.6841,-3.7661,-3.3291,12.927,-96.829,-92.927,1,90
-1.6582,-3.6118,-3.3232,9.695,-87.073,-107.439,1,90
-1.6099,-3.4756,-3.3008,7.622,-76.524,-120.976,1,90
-1.5542,-3.3442,-3.2603,5.915,-65.244,-133.841,1,90
-1.4858,-3.2261,-3.1885,4.024,-53.780,-145.488,1,90
-1.4097,-3.1187,-3.1426,2.256,-42.073,-156.890,1,90
0.5869,0.3154,-0.6201,-39.146,46.951,2.317,2,90
0.5820,0.3242,-0.6519,-41.341,47.561,2.866,2,90
0.5718,0.3369,-0.6865,-42.561,47.927,3.171,2,90
0.5654,0.3481,-0.7129,-43.415,48.476,3.841,2,90
0.5620,0.3569,-0.7280,-44.085,48.598,4.512,2,90
0.5576,0.3784,-0.7554,-44.634,49.329,5.549,2,90
0.5527,0.3887,-0.7744,-45.183,49.390,5.671,2,90
0.5576,0.4102,-0.7817,-45.183,50.061,6.707,2,90
-1.3315,-3.0249,-3.0581,-0.854,-30.915,-167.134,1,90
-1.2505,-2.9429,-2.9561,-3.780,-19.512,-176.707,1,90
-1.1724,-2.8760,-2.8608,-7.561,-8.232,-185.671,1,90
-1.0894,-2.8105,-2.7368,-11.402,2.500,-193.720,1,90
-1.0225,-2.7549,-2.6182,-15.244,13.415,-201.341,1,90
-0.9688,-2.6992,-2.4985,-19.024,24.329,-207.744,1,90
-0.9224,-2.6465,-2.3672,-22.683,34.756,-213.902,1,90
-0.8877,-2.5942,-2.2354,-26.829,44.817,-219.268,1,90
0.5591,0.4067,-0.7993,-44.817,50.488,7.256,2,90
0.5664,0.4199,-0.8076,-44.451,50.915,7.866,2,90
0.5654,0.4258,-0.8086,-43.902,51.524,8.720,2,90
0.5747,0.4351,-0.8076,-42.561,52.195,9.390,2,90
0.5874,0.4390,-0.8145,-41.159,52.439,10.305,2,90
0.5894,0.4414,-0.8125,-39.695,52.317,11.463,2,90
0.6035,0.4443,-0.8052,-38.049,52.317,11.890,2,90
0.6167,0.4619,-0.7979,-36.646,52.134,12.988,2,90
-0.8657,-2.5410,-2.1006,-30.305,54.634,-223.780,1,90
-0.8550,-2.4849,-1.9790,-32.683,64.512,-228.171,1,90
-0.8486,-2.4272,-1.8560,-35.549,74.451,-231.768,1,90
-0.8599,-2.3638,-1.7095,-36.768,83.598,-235.122,1,90
-0.8696,-2.2744,-1.5693,-35.122,92.256,-237.988,1,90
-0.8823,-2.1675,-1.4741,-33.780,100.671,-240.122,1,90
-0.8955,-2.0752,-1.3911,-34.939,109.451,-242.256,1,90
-0.9404,-1.9736,-1.2935,-38.476,121.159,-244.634,1,90
0.6196,0.4546,-0.7773,-34.878,52.073,13.841,2,90
0.6372,0.4634,-0.7671,-33.902,51.524,14.939,2,90
0.6489,0.4541,-0.7568,-32.988,51.098,15.915,2,90
0.6675,0.4521,-0.7412,-32.073,50.488,17.012,2,90
0.6792,0.4443,-0.7246,-30.732,49.634,18.049,2,90
0.6821,0.4434,-0.7065,-29.329,48.780,18.963,2,90
0.6943,0.4297,-0.6870,-28.232,47.439,19.756,2,90
0.7104,0.4258,-0.6704,-26.768,46.463,20.122,2,90
-0.9399,-0.2944,-0.1543,-17.988,-19.085,-34.939,3,41
-0.9272,-0.2935,-0.1611,-20.000,-20.488,-35.427,3,41
-0.9253,-0.2886,-0.1567,-22.439,-21.098,-35.732,3,41
-0.9248,-0.2915,-0.1680,-24.512,-22.134,-36.220,3,41
-0.9146,-0.2993,-0.1772,-26.463,-23.232,-35.732,3,41
-0.9219,-0.3130,-0.1782,-28.476,-23.963,-36.037,3,41
-0.9155,-0.3213,-0.1875,-30.610,-24.817,-35.915,3,41
-0.9150,-0.3379,-0.1802,-32.500,-25.671,-35.976,3,41
-0.0503,0.5308,-0.6611,215.610,85.061,58.902,4,41
-0.1606,0.5659,-0.6191,230.000,82.622,60.000,4,41
-0.2754,0.5718,-0.5688,243.841,84.756,61.646,4,41
-0.4463,0.5713,-0.4727,257.378,92.195,64.695,4,41
-0.6089,0.5713,-0.3906,269.085,99.573,70.122,4,41
-0.6992,0.5649,-0.3433,274.024,106.402,77.500,4,41
-0.7354,0.5254,-0.3281,273.415,115.061,86.341,4,41
-0.7456,0.4570,-0.3354,268.902,126.646,94.634,4,41
0.7383,0.3765,-0.5293,-20.366,30.000,15.976,2,90
0.7441,0.3853,-0.5215,-20.061,28.171,14.878,2,90
0.7417,0.3818,-0.5078,-20.000,26.098,14.146,2,90
0.7334,0.3838,-0.5142,-20.061,24.634,13.354,2,90
0.7275,0.3882,-0.5059,-20.305,22.805,12.805,2,90
0.7207,0.3896,-0.4946,-20.488,21.098,12.195,2,90
0.7051,0.3901,-0.5020,-20.732,19.268,11.890,2,90
0.6982,0.3760,-0.5034,-20.183,17.378,11.585,2,90
-1.5825,-1.6392,-0.2388,14.024,202.561,-240.000,1,90
-1.6255,-1.6548,-0.1758,18.293,203.476,-239.695,1,90
-1.6665,-1.6841,-0.1016,22.439,204.024,-240.305,1,90
-1.7192,-1.7188,-0.0381,25.488,203.902,-241.341,1,90
-1.7607,-1.7520,0.0322,27.744,203.049,-243.293,1,90
-1.8037,-1.7773,0.0830,28.780,201.646,-246.402,1,90
-1.8403,-1.8242,0.1304,28.110,199.146,-251.037,1,90
-1.8721,-1.8584,0.1660,25.610,195.793,-256.524,1,90
0.6924,0.3774,-0.5107,-19.512,15.793,11.220,2,90
0.6743,0.3657,-0.5117,-18.537,14.024,11.220,2,90
0.6636,0.3574,-0.5229,-17.500,12.317,10.976,2,90
0.6592,0.3511,-0.5317,-16.280,10.610,11.037,2,90
0.6514,0.3408,-0.5322,-15.183,9.146,10.915,2,90
0.6406,0.3247,-0.5288,-13.780,7.744,10.793,2,90
0.6357,0.3101,-0.5410,-12.561,6.524,10.427,2,90
0.6274,0.2974,-0.5322,-11.098,5.244,10.305,2,90
-0.9287,-0.3823,-0.1475,-53.110,-33.841,-27.195,3,41
-0.9346,-0.3745,-0.1606,-52.317,-33.171,-26.768,3,41
-0.9429,-0.3652,-0.1694,-50.732,-31.829,-25.976,3,41
-0.9492,-0.3613,-0.1689,-48.354,-30.549,-25.183,3,41
-0.9595,-0.3560,-0.1777,-45.915,-28.780,-24.268,3,41
-0.9551,-0.3550,-0.1670,-43.293,-27.317,-23.354,3,41
-0.9492,-0.3589,-0.1763,-39.817,-24.878,-22.378,3,41
-0.9517,-0.3638,-0.1738,-36.280,-22.622,-21.341,3,41
-0.7910,0.0059,-0.6333,180.122,89.268,173.232,4,41
-0.8301,0.0020,-0.6733,174.451,91.829,173.659,4,41
-0.8491,-0.0063,-0.6816,167.988,94.207,172.561,4,41
-0.8662,-0.0176,-0.7158,160.305,95.488,171.341,4,41
-0.8955,-0.0220,-0.7476,153.049,97.561,170.366,4,41
-0.9121,-0.0215,-0.7822,145.732,99.878,169.512,4,41
-0.9355,-0.0176,-0.8140,138.659,102.988,168.902,4,41
-0.9766,-0.0039,-0.8452,131.646,107.805,168.537,4,41
-0.9556,-0.3716,-0.1665,-30.976,-18.841,-19.634,3,41
-0.9580,-0.3730,-0.1743,-28.780,-17.744,-19.024,3,41
-0.9497,-0.3892,-0.1680,-25.671,-15.549,-17.500,3,41
-0.9497,-0.4111,-0.1631,-22.012,-12.988,-16.524,3,41
-0.9443,-0.4175,-0.1484,-18.780,-10.793,-15.610,3,41
-0.9419,-0.4399,-0.1465,-15.915,-8.902,-14.268,3,41
-0.9390,-0.4380,-0.1558,-13.598,-7.134,-13.293,3,41
-0.9341,-0.4478,-0.1660,-11.524,-5.549,-12.683,3,41
-1.0210,0.0054,-0.8760,124.207,113.415,168.902,4,41
-1.0723,0.0220,-0.9082,116.280,120.793,168.780,4,41
-1.1289,0.0347,-0.9321,107.927,129.573,168.780,4,41
-1.1875,0.0513,-0.9663,99.146,139.207,169.085,4,41
-1.2617,0.0527,-0.9888,90.244,149.085,168.780,4,41
-1.3418,0.0498,-1.0049,81.463,158.780,168.232,4,41
-1.4189,0.0649,-1.0137,73.232,167.622,167.500,4,41
-1.4907,0.0610,-1.0195,65.915,176.098,166.280,4,41
-0.9336,-0.4512,-0.1543,-8.415,-3.293,-11.159,3,41
-0.9370,-0.4424,-0.1611,-6.220,-2.073,-10.244,3,41
-0.9395,-0.4434,-0.1558,-4.451,-0.549,-9.207,3,41
-0.9326,-0.4312,-0.1597,-2.378,1.098,-8.049,3,41
-0.9424,-0.4165,-0.1504,-0.671,2.561,-6.890,3,41
-0.9424,-0.3911,-0.1563,0.732,3.598,-5.915,3,41
-0.9468,-0.3789,-0.1411,2.195,5.122,-5.122,3,41
-0.9492,-0.3760,-0.1299,3.415,6.402,-3.963,3,41
-1.5547,0.0640,-1.0513,59.146,183.049,165.122,4,41
-1.6328,0.0620,-1.0605,54.512,188.476,163.171,4,41
-1.6704,0.0903,-1.0850,51.951,192.866,161.402,4,41
-1.7100,0.1255,-1.0977,49.512,196.951,159.695,4,41
-1.7417,0.1694,-1.1167,46.890,200.976,157.622,4,41
-1.7642,0.2402,-1.1333,44.207,205.671,156.220,4,41
-1.7896,0.3110,-1.1426,40.244,211.280,154.695,4,41
-1.8027,0.3745,-1.1328,35.976,217.256,152.744,4,41
-0.9502,-0.3794,-0.1196,4.146,7.439,-2.988,3,41
-0.9526,-0.3789,-0.1060,4.512,8.354,-1.646,3,41
-0.9521,-0.3877,-0.1055,3.720,9.085,-0.854,3,41
-0.9419,-0.3975,-0.1157,3.598,9.573,-0.244,3,41
-0.9399,-0.4053,-0.1123,2.317,10.061,0.549,3,41
-0.9448,-0.3960,-0.1055,2.317,10.793,1.463,3,41
-0.9409,-0.3945,-0.0913,1.890,11.280,2.378,3,41
-0.9443,-0.3809,-0.0977,1.463,11.890,3.841,3,41
-1.8276,0.4331,-1.1089,30.549,223.354,150.366,4,41
-1.8613,0.4863,-1.0977,23.659,231.098,148.293,4,41
-1.8970,0.5288,-1.0649,16.280,239.512,146.646,4,41
-1.9307,0.5669,-1.0459,7.073,248.963,145.122,4,41
-1.9634,0.5938,-1.0029,-2.317,258.902,143.049,4,41
-1.9912,0.6309,-0.9731,-11.829,268.902,141.280,4,41
-2.0083,0.6396,-0.9600,-21.341,278.537,139.268,4,41
-1.9990,0.6333,-0.9771,-29.024,287.012,137.439,4,41
-0.9478,-0.3755,-0.0977,0.915,12.317,5.183,3,41
-0.9561,-0.3687,-0.1069,0.793,13.171,5.976,3,41
-0.9600,-0.3760,-0.1055,1.402,14.634,7.500,3,41
-0.9658,-0.3779,-0.1064,2.256,15.549,8.415,3,41
-0.9795,-0.3779,-0.1162,3.537,17.378,9.268,3,41
-0.9834,-0.3813,-0.1152,4.207,18.780,10.671,3,41
-0.9868,-0.3823,-0.0991,5.549,20.305,11.951,3,41
-0.9917,-0.3896,-0.0928,6.585,22.012,13.415,3,41
-1.9502,-1.8076,0.7095,-138.841,45.366,-374.329,1,90
-1.9302,-1.8047,0.6987,-135.671,43.049,-374.451,1,90
-1.9009,-1.7979,0.6851,-133.232,41.037,-374.573,1,90
-1.8813,-1.7935,0.6841,-130.915,39.390,-375.427,1,90
-1.8530,-1.7847,0.6685,-129.146,37.500,-376.402,1,90
-1.8438,-1.7925,0.6538,-127.439,35.976,-377.195,1,90
-1.8208,-1.7886,0.6582,-126.280,34.573,-378.354,1,90
-1.8105,-1.7798,0.6504,-125.000,33.476,-378.902,1,90
0.5352,0.2446,-0.4043,23.293,7.256,-35.488,2,90
0.5337,0.2476,-0.4141,25.488,7.988,-37.073,2,90
0.5342,0.2485,-0.4219,26.463,8.354,-37.683,2,90
0.5386,0.2529,-0.4141,29.756,9.451,-39.695,2,90
0.5308,0.2622,-0.4102,31.829,10.183,-41.037,2,90
0.5400,0.2651,-0.4111,34.024,11.037,-42.439,2,90
0.5366,0.2686,-0.4106,35.671,11.585,-43.720,2,90
0.5317,0.2705,-0.4053,37.622,12.805,-44.756,2,90
-0.9556,-0.4219,-0.1167,22.927,40.427,22.683,3,41
-0.9575,-0.3955,-0.1455,24.512,41.707,23.354,3,41
-0.9463,-0.3779,-0.1685,25.488,42.683,23.720,3,41
-0.9478,-0.3677,-0.1758,26.768,44.207,24.329,3,41
-0.9482,-0.3599,-0.1748,27.317,45.183,24.878,3,41
-0.9468,-0.3604,-0.1689,27.805,45.915,25.427,3,41
-0.9424,-0.3535,-0.1577,26.890,46.341,26.463,3,41
-0.9399,-0.3545,-0.1436,25.366,46.524,27.073,3,41
-2.5298,0.7861,-0.8794,161.585,268.171,195.183,4,41
-2.5493,0.7451,-0.8774,168.598,268.476,195.610,4,41
-2.5342,0.7183,-0.8823,175.000,269.695,195.671,4,41
-2.5366,0.6860,-0.8848,181.098,271.037,195.610,4,41
-2.5420,0.6631,-0.8887,185.488,272.683,195.305,4,41
-2.5581,0.6426,-0.9121,189.634,274.512,194.512,4,41
-2.5879,0.6099,-0.9360,192.744,276.707,193.902,4,41
-2.6133,0.5850,-0.9458,195.000,278.902,192.683,4,41
-0.9219,-0.3608,-0.1392,23.415,46.159,27.988,3,41
-0.9253,-0.3633,-0.1284,21.341,46.037,28.963,3,41
-0.9204,-0.3584,-0.1123,19.634,45.732,29.939,3,41
-0.9243,-0.3442,-0.0996,17.378,45.549,31.159,3,41
-0.9390,-0.3291,-0.1001,15.000,45.122,32.622,3,41
-0.9404,-0.3267,-0.1064,13.720,44.939,34.207,3,41
-0.9712,-0.3228,-0.1211,12.195,45.183,35.305,3,41
-0.9722,-0.3403,-0.1333,11.341,45.915,36.159,3,41
-2.6377,0.5542,-0.9565,197.195,280.671,191.402,4,41
-2.6626,0.5186,-0.9722,198.659,282.256,189.329,4,41
-2.6826,0.4634,-0.9702,200.061,282.866,187.622,4,41
-2.7036,0.4106,-0.9604,201.341,283.232,185.549,4,41
-2.7231,0.3594,-0.9297,202.622,283.049,184.146,4,41
-2.7637,0.3154,-0.9185,203.720,282.561,182.744,4,41
-2.8110,0.2656,-0.9048,205.427,282.439,182.012,4,41
-2.8726,0.2324,-0.8916,206.098,282.561,181.646,4,41
-0.9785,-0.3560,-0.1382,10.854,46.585,37.256,3,41
-0.9775,-0.3667,-0.1548,10.671,47.805,38.171,3,41
-0.9590,-0.3882,-0.1538,11.585,49.390,39.634,3,41
-0.9541,-0.4165,-0.1338,12.561,51.098,41.341,3,41
-0.9492,-0.4453,-0.1323,13.537,52.561,43.049,3,41
-0.9497,-0.4722,-0.1079,14.207,54.451,45.122,3,41
-0.9478,-0.5044,-0.0986,15.732,56.220,46.951,3,41
-0.9326,-0.5293,-0.0977,16.951,58.780,48.841,3,41
-1.2002,-1.3589,0.1689,-124.878,5.732,-387.195,1,90
-1.1875,-1.3579,0.1533,-125.915,4.634,-386.463,1,90
-1.1611,-1.3418,0.1377,-126.951,3.902,-385.549,1,90
-1.1460,-1.3364,0.1245,-127.988,2.927,-384.634,1,90
-1.1294,-1.3228,0.1055,-128.415,2.439,-383.232,1,90
-1.1230,-1.3271,0.0957,-129.512,1.524,-382.134,1,90
-1.1030,-1.3247,0.0864,-129.817,1.220,-380.915,1,90
-1.0942,-1.3213,0.0732,-130.244,0.732,-379.695,1,90
0.6792,0.2935,-0.4072,68.476,30.366,-47.439,2,90
0.6841,0.2842,-0.3960,67.988,30.183,-46.890,2,90
0.6938,0.2666,-0.3979,68.171,30.488,-46.341,2,90
0.6870,0.2529,-0.3804,67.683,30.427,-45.427,2,90
0.6943,0.2417,-0.3892,67.500,30.366,-45.000,2,90
0.6909,0.2290,-0.3848,67.683,30.427,-44.329,2,90
0.6870,0.2202,-0.3911,67.256,30.427,-43.963,2,90
0.6948,0.2095,-0.3936,67.744,30.549,-43.780,2,90
-1.0854,-1.3164,0.0562,-130.183,0.488,-378.049,1,90
-1.0820,-1.3115,0.0503,-130.061,-0.183,-376.829,1,90
-1.0728,-1.3091,0.0200,-129.939,0.000,-375.793,1,90
-1.0796,-1.2954,0.0103,-130.061,-0.610,-374.451,1,90
-1.0747,-1.2881,0.0088,-130.488,-1.098,-372.866,1,90
-1.0688,-1.2695,0.0005,-130.549,-0.793,-371.585,1,90
-1.0635,-1.2661,-0.0010,-130.732,-0.915,-370.122,1,90
-1.0581,-1.2544,-0.0146,-130.976,-1.159,-368.537,1,90
0.6851,0.2021,-0.4014,67.683,30.427,-43.415,2,90
0.6890,0.1997,-0.3979,67.439,30.244,-43.232,2,90
0.6875,0.1968,-0.4028,67.683,29.817,-43.354,2,90
0.6816,0.1924,-0.4116,67.988,29.817,-42.988,2,90
0.6963,0.1860,-0.4224,68.171,29.695,-42.622,2,90
0.6938,0.1836,-0.4121,68.476,29.146,-42.378,2,90
0.6929,0.1860,-0.4224,69.085,29.268,-42.134,2,90
0.6973,0.1738,-0.4253,69.390,29.085,-41.890,2,90
-1.0513,-1.2314,-0.0229,-131.402,-0.915,-366.829,1,90
-1.0498,-1.2217,-0.0391,-131.890,-0.671,-365.000,1,90
-1.0415,-1.2144,-0.0483,-131.951,-0.244,-363.354,1,90
-1.0405,-1.2007,-0.0684,-132.683,-0.671,-361.280,1,90
-1.0303,-1.1968,-0.0830,-133.659,-0.488,-359.756,1,90
-1.0156,-1.1836,-0.0850,-134.573,-0.549,-357.866,1,90
-1.0103,-1.1714,-0.0908,-134.695,-0.549,-356.037,1,90
-1.0054,-1.1626,-0.0933,-135.915,-0.671,-353.902,1,90
0.7070,0.1836,-0.4204,69.573,28.720,-41.402,2,90
0.7041,0.1782,-0.4321,69.939,28.415,-40.976,2,90
0.7090,0.1880,-0.4224,70.427,27.866,-40.549,2,90
0.7212,0.1826,-0.4092,70.549,27.500,-39.878,2,90
0.7314,0.1816,-0.4058,71.646,27.134,-39.085,2,90
0.7437,0.1787,-0.4028,72.012,26.463,-38.659,2,90
0.7607,0.1768,-0.3979,72.744,26.098,-38.049,2,90
0.7705,0.1807,-0.3936,73.476,25.366,-37.317,2,90
-0.8813,-0.3218,-0.3779,9.451,64.878,71.524,3,41
-0.9077,-0.3203,-0.3755,7.561,63.963,73.110,3,41
-0.9487,-0.3311,-0.3413,6.220,63.720,74.939,3,41
-0.9575,-0.3154,-0.2837,5.976,63.963,76.951,3,41
-0.9512,-0.2896,-0.2451,4.573,63.232,78.598,3,41
-0.9541,-0.3140,-0.2134,1.463,61.341,79.695,3,41
-0.9355,-0.3491,-0.2041,-1.159,60.976,80.793,3,41
-0.9165,-0.3896,-0.1860,-3.841,60.793,82.622,3,41
-0.9946,-1.0122,-0.2837,-159.573,-7.073,-325.915,1,90
-1.0181,-0.9854,-0.3179,-163.415,-7.683,-320.976,1,90
-1.0381,-0.9551,-0.3501,-167.378,-7.744,-315.854,1,90
-1.0581,-0.9106,-0.3833,-171.890,-7.866,-310.366,1,90
-1.0864,-0.8701,-0.4077,-176.402,-7.439,-304.817,1,90
-1.1274,-0.8145,-0.4087,-181.280,-7.439,-298.780,1,90
-1.1514,-0.7617,-0.4150,-185.793,-6.951,-292.378,1,90
-1.1812,-0.7158,-0.4321,-191.037,-6.220,-285.366,1,90
0.8926,0.1704,-0.3813,88.659,2.561,-32.683,2,90
0.9097,0.1655,-0.3965,90.610,-1.463,-32.378,2,90
0.9087,0.1572,-0.4097,93.110,-4.878,-32.256,2,90
0.9146,0.1475,-0.4189,95.183,-8.659,-31.829,2,90
0.9263,0.1401,-0.4380,97.622,-12.195,-31.707,2,90
0.9204,0.1304,-0.4585,100.122,-15.610,-31.280,2,90
0.9297,0.1260,-0.4819,103.049,-18.963,-30.793,2,90
0.9375,0.1162,-0.4966,105.549,-22.073,-30.610,2,90
-1.2148,-0.6577,-0.4355,-197.134,-5.915,-277.988,1,90
-1.2529,-0.6182,-0.4492,-203.171,-5.366,-270.427,1,90
-1.2866,-0.5620,-0.4429,-209.512,-4.512,-262.622,1,90
-1.3301,-0.5161,-0.4302,-215.610,-3.293,-254.756,1,90
-1.3623,-0.4575,-0.4150,-220.854,-1.890,-246.768,1,90
-1.4106,-0.3818,-0.3794,-226.280,0.000,-239.085,1,90
-1.4658,-0.2881,-0.3169,-231.280,1.890,-230.671,1,90
-1.5259,-0.1787,-0.2529,-235.854,3.110,-222.195,1,90
-1.5879,-0.0454,-0.1626,-241.159,4.329,-213.232,1,90
-1.6548,0.1255,-0.0630,-246.768,5.610,-203.354,1,90
-1.7339,0.3149,0.0396,-253.598,7.073,-192.622,1,90
-1.8154,0.5352,0.1479,-261.220,8.780,-180.488,1,90
-1.9160,0.7681,0.2681,-269.207,11.829,-166.890,1,90
-2.0264,1.0283,0.4033,-275.610,15.610,-152.988,1,90
-2.1313,1.2998,0.4937,-279.939,21.098,-137.988,1,90
-2.2471,1.6104,0.5674,-284.024,26.890,-120.671,1,90
1.1221,-0.0137,-0.5811,112.439,-34.573,-31.159,2,90
1.1465,-0.0278,-0.5776,110.244,-34.268,-30.915,2,90
1.1738,-0.0454,-0.5723,107.012,-33.110,-30.976,2,90
1.2114,-0.0659,-0.5605,103.232,-32.073,-30.610,2,90
1.2432,-0.0854,-0.5596,99.695,-30.671,-29.817,2,90
1.2861,-0.1030,-0.5581,95.854,-29.146,-28.476,2,90
1.3315,-0.1177,-0.5586,91.646,-27.195,-27.317,2,90
1.3716,-0.1377,-0.5620,87.622,-25.122,-25.793,2,90
-1.1396,0.1943,-0.2329,13.293,26.829,46.341,3,41
-1.1416,0.2246,-0.1934,15.183,27.805,44.817,3,41
-1.1304,0.2686,-0.1636,20.000,29.451,41.890,3,41
-1.1162,0.2490,-0.1904,25.793,31.402,37.866,3,41
-1.1040,0.1831,-0.2407,30.244,32.683,33.598,3,41
-1.0527,0.1182,-0.2607,33.963,33.659,28.598,3,41
-0.9907,0.0737,-0.3052,34.939,33.110,24.390,3,41
-0.9473,0.0259,-0.3291,35.366,32.317,20.122,3,41
-3.2998,3.1914,-0.0093,-191.098,88.476,33.354,1,90
-3.2764,3.0503,-0.0630,-153.720,82.561,25.854,1,90
-3.2178,2.9224,-0.0908,-116.098,74.390,17.500,1,90
-3.1382,2.7759,-0.0923,-77.256,65.549,6.463,1,90
-3.0190,2.6411,-0.0542,-40.183,57.317,-3.841,1,90
-2.8838,2.5063,-0.0010,-6.829,49.878,-11.159,1,90
-2.7427,2.3975,0.0728,21.341,43.415,-12.988,1,90
-2.5894,2.3145,0.1509,43.415,36.463,-8.720,1,90
1.5005,-0.0859,-0.7798,42.073,-9.085,-27.500,2,90
1.4668,-0.0762,-0.8052,36.220,-8.780,-29.024,2,90
1.4482,-0.0659,-0.8354,29.939,-9.207,-30.549,2,90
1.4346,-0.0679,-0.8784,23.841,-9.634,-31.037,2,90
1.4341,-0.0742,-0.9268,19.268,-10.122,-30.976,2,90
1.4233,-0.0908,-0.9805,15.183,-10.183,-29.085,2,90
1.4268,-0.0903,-1.0068,11.768,-10.061,-26.768,2,90
1.4292,-0.0879,-1.0435,7.683,-9.390,-23.659,2,90
-0.9438,0.1787,-0.4780,35.427,7.195,-24.695,3,41
-0.9077,0.1523,-0.4795,35.305,2.622,-29.573,3,41
-0.8809,0.1353,-0.4785,34.146,-2.134,-35.183,3,41
-0.8628,0.1191,-0.5015,33.110,-7.256,-40.122,3,41
-0.8535,0.1050,-0.5264,31.707,-12.012,-45.183,3,41
-0.8472,0.0786,-0.5195,30.610,-16.524,-49.329,3,41
-0.8555,0.0635,-0.4946,28.841,-20.610,-53.537,3,41
-0.8657,0.0454,-0.4819,26.829,-24.939,-57.256,3,41
-2.0947,3.3667,0.6519,27.927,-4.573,165.976,1,90
-2.0552,3.4927,0.6074,19.451,-8.902,186.341,1,90
-2.0181,3.5903,0.5708,12.866,-14.146,205.610,1,90
-1.9663,3.6553,0.5151,8.963,-19.512,223.537,1,90
-1.9185,3.6973,0.4805,6.159,-25.000,240.915,1,90
-1.8750,3.7139,0.4448,5.000,-30.732,257.500,1,90
-1.8423,3.6851,0.4141,4.695,-36.220,273.110,1,90
-1.8145,3.6191,0.4121,6.220,-41.707,289.207,1,90
1.6836,-0.1738,-0.9507,-64.451,-6.037,16.220,2,90
1.7344,-0.1802,-0.9238,-74.512,-6.951,19.695,2,90
1.7681,-0.1855,-0.9048,-84.634,-8.232,22.866,2,90
1.7866,-0.1792,-0.9014,-94.817,-10.061,23.902,2,90
1.8008,-0.1724,-0.8789,-105.000,-12.012,24.756,2,90
1.7856,-0.1533,-0.8809,-114.817,-14.268,24.268,2,90
1.7456,-0.1245,-0.8838,-123.720,-16.524,23.232,2,90
1.6934,-0.0967,-0.8896,-132.439,-18.902,21.890,2,90
-1.7871,3.4463,0.4263,10.427,-50.366,314.207,1,90
-1.7778,3.3794,0.4458,12.134,-53.232,322.622,1,90
-1.7656,3.2231,0.4834,16.829,-60.122,340.122,1,90
-1.7598,2.9722,0.5654,22.927,-70.976,367.988,1,90
-1.7686,2.7964,0.6284,27.622,-79.085,387.317,1,90
-1.7803,2.6265,0.6953,32.073,-87.439,406.829,1,90
-1.8013,2.4683,0.7529,36.707,-95.915,426.646,1,90
-1.8257,2.2993,0.8052,41.646,-105.244,445.671,1,90
1.6245,-0.0552,-0.8960,-140.671,-20.793,20.366,2,90
1.5547,-0.0151,-0.8848,-147.927,-22.622,19.085,2,90
1.4717,0.0298,-0.8804,-154.939,-24.024,18.354,2,90
1.3970,0.0781,-0.8857,-161.402,-25.366,17.744,2,90
1.3223,0.1147,-0.8838,-167.195,-25.976,17.744,2,90
1.2549,0.1621,-0.8691,-172.927,-26.829,17.988,2,90
1.1938,0.1992,-0.8447,-178.110,-27.683,19.207,2,90
1.1553,0.2266,-0.8140,-183.171,-28.537,20.305,2,90
-0.8726,-0.3838,-0.4214,-17.134,-60.610,-64.878,3,41
-0.8486,-0.3716,-0.4331,-16.524,-61.951,-63.049,3,41
-0.8340,-0.3599,-0.4448,-17.744,-63.537,-61.585,3,41
-0.8315,-0.3545,-0.4575,-18.780,-65.183,-60.244,3,41
-0.8188,-0.3525,-0.4648,-19.878,-67.012,-58.902,3,41
-0.7993,-0.3457,-0.4712,-20.976,-69.024,-57.744,3,41
-0.7798,-0.3545,-0.4741,-21.768,-71.037,-56.341,3,41
-0.7822,-0.3564,-0.4722,-21.768,-72.622,-55.244,3,41
-6.2725,-1.9233,0.8521,-207.012,222.439,-72.012,4,41
-6.5088,-1.7539,0.2969,-195.915,213.841,-91.159,4,41
-5.3062,-1.4136,0.6650,-199.573,215.610,-105.488,4,41
-5.0366,-0.9736,1.1216,-182.317,175.366,-108.598,4,41
-3.9678,-0.6831,0.7754,-171.646,130.000,-119.207,4,41
-2.6948,-0.6841,0.2554,-161.280,104.939,-136.890,4,41
-1.5605,-0.7959,-0.3574,-127.622,96.159,-140.671,4,41
-1.4146,-0.4727,-0.9126,-54.207,70.000,-114.756,4,41
-0.7754,-0.3384,-0.4771,-21.524,-74.268,-53.232,3,41
-0.7837,-0.3218,-0.4839,-21.646,-75.854,-51.829,3,41
-0.7935,-0.3135,-0.4805,-21.768,-77.134,-50.000,3,41
-0.8130,-0.3057,-0.4834,-20.427,-78.110,-48.537,3,41
-0.8584,-0.2749,-0.4380,-17.744,-77.927,-46.829,3,41
-0.8872,-0.2427,-0.3877,-14.695,-77.744,-45.061,3,41
-0.8931,-0.2158,-0.3491,-11.280,-77.439,-43.841,3,41
-0.8828,-0.2061,-0.3330,-7.256,-76.829,-43.293,3,41
-0.9883,0.4717,-1.7183,15.610,45.732,-82.317,4,41
-1.1167,1.8916,-2.3311,40.854,74.512,-60.610,4,41
-2.3828,3.4956,-2.5308,40.427,127.744,-28.110,4,41
-1.4541,4.1367,-2.5483,13.780,192.561,-35.488,4,41
-1.9072,4.1001,-2.2729,15.244,242.744,-49.024,4,41
-2.5049,3.8799,-1.2817,42.256,236.890,-47.073,4,41
-2.7661,3.1528,-0.0195,59.939,196.402,-51.341,4,41
-2.9971,2.1792,0.7979,78.110,146.890,-85.366,4,41
-0.8872,-0.1895,-0.3174,-3.902,-76.646,-42.439,3,41
-0.8862,-0.1753,-0.2983,-0.549,-76.463,-41.646,3,41
-0.8960,-0.1792,-0.2866,1.341,-76.098,-40.854,3,41
-0.9063,-0.1772,-0.2886,3.659,-75.427,-40.244,3,41
-0.9160,-0.2007,-0.2803,5.488,-75.244,-39.695,3,41
-0.9263,-0.2095,-0.2637,6.890,-74.817,-39.573,3,41
-0.9268,-0.2095,-0.2407,7.805,-74.207,-39.085,3,41
-0.9272,-0.1978,-0.2114,8.659,-73.659,-38.598,3,41
-3.1479,-1.0151,0.8560,64.207,-167.744,455.366,1,90
-3.1143,-1.0293,0.8628,61.463,-166.951,452.988,1,90
-3.0298,-1.0596,0.8784,53.415,-167.683,449.024,1,90
-3.0083,-1.0845,0.8916,47.622,-170.488,449.207,1,90
-3.0205,-1.1240,0.9126,43.841,-174.695,449.207,1,90
-3.0552,-1.1582,0.9258,40.183,-180.427,449.207,1,90
-3.1084,-1.2041,0.9360,37.622,-186.524,448.659,1,90
-3.1543,-1.2319,0.9268,35.610,-193.171,447.317,1,90
0.5708,0.0640,-0.3237,-112.378,-60.549,54.390,2,90
0.5410,0.0469,-0.2871,-104.207,-60.427,53.780,2,90
0.5400,0.0322,-0.2578,-95.915,-60.549,53.110,2,90
0.5308,0.0195,-0.2275,-87.378,-60.488,52.805,2,90
0.5273,0.0127,-0.2056,-78.598,-60.671,52.378,2,90
0.5200,0.0024,-0.1699,-70.061,-61.280,52.500,2,90
0.5132,-0.0059,-0.1455,-62.561,-61.159,52.500,2,90
0.5137,-0.0098,-0.1118,-55.671,-61.646,52.744,2,90
-3.2139,-1.2915,0.9189,34.268,-199.573,445.915,1,90
-3.2744,-1.3711,0.8838,33.902,-205.122,442.378,1,90
-3.3320,-1.4253,0.8711,35.488,-210.183,438.049,1,90
-3.3721,-1.4834,0.8325,37.988,-215.000,433.415,1,90
-3.4272,-1.5293,0.8027,41.524,-219.146,428.659,1,90
-3.4663,-1.5674,0.7739,46.098,-223.354,423.963,1,90
-3.5078,-1.6123,0.7329,51.707,-227.134,419.817,1,90
-3.5469,-1.6431,0.6768,57.866,-230.976,415.549,1,90
0.4941,-0.0181,-0.0879,-49.146,-62.378,52.378,2,90
0.4883,-0.0298,-0.0571,-40.000,-63.232,52.744,2,90
0.4849,-0.0352,-0.0649,-36.707,-63.720,53.110,2,90
0.4683,-0.0493,-0.0518,-29.939,-64.695,53.354,2,90
0.4585,-0.0552,-0.0381,-22.988,-65.549,53.720,2,90
0.4492,-0.0625,-0.0425,-15.549,-66.585,54.329,2,90
0.4360,-0.0610,-0.0469,-8.598,-67.622,54.512,2,90
0.4272,-0.0522,-0.0444,-2.012,-68.354,55.244,2,90
-0.8823,-0.2993,-0.2363,-0.427,-73.049,-35.610,3,41
-0.8779,-0.3286,-0.2305,-0.915,-73.232,-35.305,3,41
-0.8784,-0.3569,-0.2271,-1.098,-72.927,-34.817,3,41
-0.8799,-0.3628,-0.2168,-1.159,-73.171,-34.146,3,41
-0.8804,-0.3770,-0.2007,-1.098,-72.622,-33.171,3,41
-0.8984,-0.3945,-0.1826,-1.341,-72.378,-32.134,3,41
-0.9019,-0.4038,-0.1870,-1.280,-72.012,-31.220,3,41
-0.9141,-0.4155,-0.1909,-1.646,-72.256,-30.793,3,41
-1.4858,-1.3511,0.6040,90.854,-125.793,-335.427,4,41
-1.5190,-1.3330,0.5898,74.329,-141.829,-337.561,4,41
-1.5791,-1.3047,0.5547,59.512,-158.720,-338.780,4,41
-1.6401,-1.2539,0.5376,45.000,-175.976,-340.488,4,41
-1.7026,-1.1738,0.5190,32.866,-193.537,-342.134,4,41
-1.7632,-1.0874,0.5054,22.073,-212.256,-343.537,4,41
-1.8369,-0.9883,0.5020,13.537,-231.524,-345.427,4,41
-1.9131,-0.8838,0.4834,7.195,-251.646,-346.768,4,41
-0.9092,-0.4341,-0.2104,-2.134,-72.439,-30.671,3,41
-0.9146,-0.4507,-0.2202,-2.683,-72.195,-30.244,3,41
-0.9175,-0.4604,-0.2178,-2.866,-72.012,-30.183,3,41
-0.9185,-0.4692,-0.2148,-2.805,-71.951,-29.512,3,41
-0.9121,-0.4751,-0.2197,-3.293,-71.341,-28.598,3,41
-0.9058,-0.5049,-0.2134,-2.927,-70.549,-27.256,3,41
-0.9111,-0.5156,-0.2144,-2.988,-69.512,-25.427,3,41
-0.9180,-0.5259,-0.2017,-2.256,-68.110,-24.329,3,41
-1.9956,-0.7754,0.4429,3.171,-272.134,-347.866,4,41
-2.0913,-0.6636,0.4131,1.890,-292.134,-349.085,4,41
-2.1802,-0.5347,0.3818,4.634,-310.915,-349.939,4,41
-2.2681,-0.4019,0.3589,11.280,-329.329,-350.793,4,41
-2.3579,-0.2681,0.3682,20.976,-345.793,-351.585,4,41
-2.4414,-0.1611,0.3687,33.598,-361.037,-352.866,4,41
-2.5186,-0.0508,0.3677,47.866,-373.293,-354.695,4,41
-2.5879,0.0283,0.3936,62.622,-383.293,-356.463,4,41
-0.9224,-0.5117,-0.1807,-2.195,-67.561,-22.805,3,41
-0.9380,-0.5107,-0.1719,-3.110,-66.707,-21.341,3,41
-0.9438,-0.5244,-0.1606,-2.988,-65.671,-20.000,3,41
-0.9551,-0.5308,-0.1431,-3.354,-64.207,-19.024,3,41
-0.9604,-0.5459,-0.1270,-3.598,-63.049,-17.988,3,41
-0.9561,-0.5625,-0.1348,-4.207,-62.012,-17.622,3,41
-0.9536,-0.5786,-0.1348,-4.390,-60.610,-16.524,3,41
-0.9404,-0.5728,-0.1450,-4.878,-58.963,-15.793,3,41
-3.3042,-2.7959,-0.3018,130.854,-302.073,373.293,1,90
-3.4829,-2.7476,-0.3687,135.427,-302.195,373.049,1,90
-3.6431,-2.6938,-0.3921,144.512,-298.354,370.976,1,90
-3.7651,-2.6367,-0.3936,156.829,-291.280,367.012,1,90
-3.8340,-2.5723,-0.3843,170.915,-281.585,361.951,1,90
-3.8408,-2.5166,-0.3550,186.768,-269.451,356.341,1,90
-3.7881,-2.4609,-0.3267,204.146,-256.890,350.427,1,90
-3.6802,-2.4160,-0.3076,221.220,-245.305,344.939,1,90
0.7119,-0.1582,-0.2983,-15.488,-61.220,38.293,2,90
0.7109,-0.1572,-0.3271,-21.341,-60.427,37.073,2,90
0.7095,-0.1421,-0.3452,-26.646,-59.329,35.671,2,90
0.6982,-0.1260,-0.3628,-32.866,-57.805,33.659,2,90
0.6890,-0.0981,-0.3726,-38.963,-56.037,32.256,2,90
0.6680,-0.0693,-0.4082,-45.244,-54.024,30.183,2,90
0.6499,-0.0444,-0.4209,-50.976,-51.951,28.963,2,90
0.6294,-0.0122,-0.4541,-55.610,-49.695,27.622,2,90
-3.5415,-2.3770,-0.2847,237.866,-235.183,339.573,1,90
-3.4028,-2.3564,-0.2637,252.561,-228.537,334.939,1,90
-3.2734,-2.3447,-0.2549,264.695,-223.841,331.098,1,90
-3.1606,-2.3613,-0.2554,275.000,-221.524,328.841,1,90
-3.0703,-2.3848,-0.2871,283.110,-220.244,328.354,1,90
-3.0078,-2.4370,-0.3096,288.659,-219.390,329.085,1,90
-2.9751,-2.5278,-0.3701,292.744,-218.902,330.427,1,90
-2.9727,-2.6230,-0.4370,294.634,-218.049,332.988,1,90
0.6089,0.0195,-0.4834,-58.780,-47.073,26.280,2,90
0.5781,0.0610,-0.5083,-60.976,-44.390,25.427,2,90
0.5527,0.1099,-0.5479,-62.683,-41.402,24.817,2,90
0.5317,0.1563,-0.5684,-63.963,-38.171,24.634,2,90
0.5103,0.1938,-0.5938,-64.939,-34.878,24.390,2,90
0.4985,0.2451,-0.6157,-66.159,-31.646,24.146,2,90
0.4761,0.2739,-0.6367,-67.378,-28.232,24.207,2,90
0.4717,0.3037,-0.6465,-68.720,-24.878,24.268,2,90
-1.0586,-0.1919,0.0776,-13.598,-27.317,2.805,3,41
-1.0625,-0.1997,0.0313,-11.341,-24.146,2.134,3,41
-1.0791,-0.2017,0.0313,-8.780,-20.305,1.159,3,41
-1.0918,-0.1919,0.0674,-5.610,-16.951,1.220,3,41
-1.1025,-0.1938,0.0728,-2.744,-13.476,1.220,3,41
-1.0962,-0.2085,0.0698,-0.488,-9.817,1.220,3,41
-1.0938,-0.2324,0.0273,2.256,-6.402,-0.122,3,41
-1.0811,-0.2607,-0.0029,5.854,-2.927,-1.707,3,41
-4.9956,-0.1128,0.0615,-156.707,-575.305,-401.280,4,41
-5.1113,0.0234,-0.0156,-148.354,-570.366,-415.305,4,41
-5.2021,0.1338,-0.1289,-137.683,-566.524,-428.476,4,41
-5.2920,0.2427,-0.2524,-124.756,-561.585,-441.951,4,41
-5.3677,0.3721,-0.3140,-109.634,-558.293,-453.171,4,41
-5.4121,0.5107,-0.3569,-92.988,-558.476,-460.549,4,41
-5.4609,0.6729,-0.3643,-78.780,-563.110,-463.537,4,41
-5.5361,0.8276,-0.4248,-69.878,-570.122,-463.232,4,41
-1.1240,-0.2676,0.0020,11.402,0.732,-6.220,3,41
-1.1211,-0.2651,0.0034,11.463,0.915,-9.573,3,41
-0.9546,-0.2388,-0.0547,14.695,3.354,-9.756,3,41
-0.9888,-0.2134,-0.0352,19.390,8.537,-4.939,3,41
-0.9902,-0.2231,-0.0566,20.061,9.024,-5.915,3,41
-0.9858,-0.2329,-0.0767,22.683,11.220,-7.134,3,41
-0.9932,-0.2251,-0.0625,24.878,12.805,-7.073,3,41
-0.9873,-0.2266,-0.0464,25.976,14.085,-6.951,3,41
-5.5835,0.9756,-0.4995,-65.976,-575.915,-462.500,4,41
-5.5859,1.1436,-0.5469,-69.451,-581.463,-460.488,4,41
-5.5649,1.3115,-0.5732,-75.000,-587.744,-455.915,4,41
-5.5391,1.4766,-0.6001,-81.951,-594.878,-450.610,4,41
-5.5190,1.6289,-0.6123,-88.659,-603.232,-443.659,4,41
-5.4585,1.7603,-0.5898,-94.390,-612.622,-434.878,4,41
-5.3789,1.8398,-0.5771,-96.768,-621.220,-424.634,4,41
-5.2979,1.9292,-0.5684,-96.463,-627.256,-413.537,4,41
0.4536,0.4233,-0.6411,-76.768,35.488,46.524,2,90
0.4712,0.4346,-0.6304,-78.049,38.963,47.561,2,90
0.4897,0.4419,-0.6177,-79.085,42.134,47.561,2,90
0.5103,0.4570,-0.5942,-79.756,44.939,48.415,2,90
0.5298,0.4639,-0.5835,-80.427,47.439,48.354,2,90
0.5449,0.4858,-0.5737,-80.671,49.268,48.537,2,90
0.5596,0.5078,-0.5659,-80.610,51.585,48.354,2,90
0.5698,0.5337,-0.5684,-80.427,53.110,48.171,2,90
-1.2969,-4.4375,-4.1460,-113.720,-108.049,125.854,1,90
-1.2896,-4.2803,-4.1533,-122.439,-99.817,106.159,1,90
-1.2754,-4.1221,-4.1597,-127.561,-91.463,86.707,1,90
-1.2778,-3.9473,-4.1338,-130.244,-81.829,67.256,1,90
-1.2720,-3.7778,-4.1226,-129.573,-71.829,48.171,1,90
-1.2676,-3.6001,-4.0659,-126.829,-60.671,29.878,1,90
-1.2539,-3.4385,-4.0239,-121.463,-49.390,12.439,1,90
-1.2427,-3.2715,-3.9570,-113.598,-37.744,-4.268,1,90
0.5811,0.5586,-0.5659,-79.634,54.512,47.378,2,90
0.5967,0.5913,-0.5698,-78.659,55.793,47.256,2,90
0.5933,0.6157,-0.5591,-77.805,56.585,46.463,2,90
0.5894,0.6426,-0.5723,-76.707,56.829,46.220,2,90
0.5840,0.6694,-0.5889,-75.183,57.134,45.976,2,90
0.5728,0.6890,-0.6040,-73.476,56.951,45.610,2,90
0.5576,0.7090,-0.6191,-70.671,56.524,45.854,2,90
0.5454,0.7036,-0.6431,-67.439,56.402,45.610,2,90
-1.2266,-3.1133,-3.8774,-104.878,-26.159,-19.878,1,90
-1.2124,-2.9668,-3.7905,-95.549,-14.451,-34.695,1,90
-1.1860,-2.8320,-3.6938,-85.183,-2.195,-47.988,1,90
-1.1577,-2.7144,-3.5874,-72.988,10.122,-60.366,1,90
-1.1440,-2.6040,-3.4536,-60.305,22.439,-70.976,1,90
-1.1235,-2.5107,-3.2959,-45.854,34.695,-81.159,1,90
-1.1011,-2.4253,-3.1045,-29.451,47.012,-89.878,1,90
-1.0645,-2.2529,-2.7930,-2.134,64.207,-102.012,1,90
0.5313,0.7129,-0.6592,-63.476,55.671,45.610,2,90
0.5127,0.7231,-0.6650,-59.634,55.488,45.915,2,90
0.5063,0.7241,-0.6768,-55.671,55.122,45.976,2,90
0.4858,0.7207,-0.7007,-51.768,55.305,46.159,2,90
0.4800,0.7158,-0.7046,-47.256,55.488,46.220,2,90
0.4722,0.7070,-0.7227,-43.049,55.122,46.341,2,90
0.4653,0.7036,-0.7197,-38.780,55.244,46.524,2,90
0.4536,0.6929,-0.7363,-34.024,55.244,46.159,2,90
-0.8911,-0.3623,-0.2588,33.171,16.402,-20.061,3,41
-0.8594,-0.3179,-0.2344,34.695,15.610,-19.939,3,41
-0.8594,-0.2871,-0.1973,34.695,14.573,-19.573,3,41
-0.8687,-0.2778,-0.1685,34.085,13.415,-18.598,3,41
-0.8970,-0.2837,-0.1475,33.598,12.744,-18.110,3,41
-0.9141,-0.3066,-0.1196,32.927,12.195,-17.988,3,41
-0.9351,-0.3203,-0.1030,32.927,12.805,-18.354,3,41
-0.9521,-0.3237,-0.0835,32.744,12.622,-19.268,3,41
0.8252,0.0781,-0.4678,190.305,-59.085,58.598,4,41
1.7222,0.1982,-0.6069,176.280,-87.500,22.378,4,41
2.4717,0.3433,-0.7231,202.744,-98.354,-17.073,4,41
2.9551,0.4604,-0.9805,261.707,-87.683,-45.549,4,41
2.9619,0.5405,-1.2622,328.720,-57.073,-53.293,4,41
2.5698,0.6138,-1.4614,381.341,-21.159,-35.915,4,41
1.9951,0.7529,-1.5176,406.646,6.951,0.549,4,41
1.4468,0.8799,-1.4482,400.549,24.329,40.244,4,41
-0.9629,-0.3105,-0.0493,31.463,12.378,-19.756,3,41
-0.9741,-0.2944,-0.0303,29.085,11.098,-20.061,3,41
-0.9849,-0.2822,-0.0039,25.793,10.000,-20.793,3,41
-0.9912,-0.2896,-0.0010,22.866,9.512,-21.890,3,41
-0.9971,-0.2886,-0.0005,20.000,8.963,-22.988,3,41
-1.0059,-0.2822,-0.0005,17.561,8.537,-24.146,3,41
-1.0122,-0.2705,0.0034,15.732,8.902,-25.427,3,41
-1.0166,-0.2578,-0.0098,13.415,8.780,-26.280,3,41
0.9849,0.9595,-1.2720,373.659,30.854,72.927,4,41
0.6709,1.0005,-1.0244,338.049,31.951,92.744,4,41
0.3984,1.0229,-0.7656,298.659,30.183,101.951,4,41
0.4136,1.0278,-0.5762,258.476,25.854,105.244,4,41
0.8320,0.8955,-0.8984,201.524,54.390,84.573,4,41
0.5889,0.8374,-0.7500,157.317,82.195,57.012,4,41
0.2026,0.9009,-0.4771,139.207,72.866,45.976,4,41
0.5293,0.9888,-0.5264,123.110,51.220,32.561,4,41
-1.0220,-0.2515,-0.0161,11.951,9.146,-27.744,3,41
-1.0195,-0.2476,-0.0112,10.366,9.817,-28.902,3,41
-1.0210,-0.2437,-0.0029,9.146,10.061,-29.573,3,41
-1.0112,-0.2437,0.0098,7.927,10.793,-30.671,3,41
-1.0034,-0.2471,0.0278,6.951,11.463,-31.341,3,41
-1.0044,-0.2373,0.0298,5.732,12.134,-32.073,3,41
-0.9907,-0.2295,0.0361,4.451,12.561,-32.500,3,41
-0.9834,-0.2261,0.0386,2.988,13.232,-33.171,3,41
0.5176,0.9961,-0.5415,102.134,45.061,8.780,4,41
0.4458,1.1240,-0.3535,102.073,26.280,-8.171,4,41
0.6328,1.2881,-0.3340,95.183,7.256,-19.451,4,41
0.5947,1.2813,-0.4258,79.939,0.183,-24.329,4,41
0.3892,1.2114,-0.3735,91.463,-15.488,-18.232,4,41
0.3340,1.2388,-0.3711,123.476,-33.232,-6.707,4,41
0.2471,1.2759,-0.3872,158.049,-33.659,8.232,4,41
-0.0537,1.2686,-0.3057,190.061,-17.439,28.049,4,41
-0.9790,-0.2363,0.0107,2.134,14.756,-34.207,3,41
-0.9751,-0.2505,0.0088,2.012,15.366,-34.390,3,41
-0.9658,-0.2593,-0.0059,2.439,16.524,-35.122,3,41
-0.9595,-0.2710,-0.0146,3.354,18.232,-35.122,3,41
-0.9473,-0.2920,-0.0054,4.573,19.756,-35.610,3,41
-0.9487,-0.3032,-0.0239,5.122,21.341,-35.488,3,41
-0.9443,-0.3130,-0.0151,5.671,22.500,-34.939,3,41
-0.9585,-0.2983,0.0352,2.866,22.683,-34.573,3,41
-0.3374,1.2510,-0.2236,214.024,0.488,52.927,4,41
-0.5313,1.1826,-0.1587,224.573,11.463,80.305,4,41
-0.6265,1.1079,-0.1528,227.256,12.805,105.976,4,41
-0.6426,1.0942,-0.1855,225.488,1.585,125.976,4,41
-0.6484,1.1001,-0.2471,221.524,-15.549,140.305,4,41
-0.6699,1.0732,-0.2891,216.341,-32.439,151.402,4,41
-0.7554,1.0073,-0.2949,210.732,-47.317,162.927,4,41
-0.8560,0.9141,-0.2935,207.988,-60.305,175.793,4,41
-0.9727,-0.2773,0.0728,-2.195,20.854,-33.841,3,41
-0.9854,-0.2607,0.1182,-9.817,18.415,-32.744,3,41
-0.9878,-0.2749,0.1123,-16.341,15.488,-31.646,3,41
-0.9673,-0.3125,0.0483,-20.610,14.024,-31.341,3,41
-0.9468,-0.3687,-0.0342,-21.280,14.024,-30.793,3,41
-0.9277,-0.4106,-0.1108,-19.512,15.366,-31.341,3,41
-0.9038,-0.4556,-0.1670,-16.402,16.646,-31.341,3,41
-0.8770,-0.4873,-0.2109,-13.171,17.622,-30.915,3,41
-0.9644,0.8018,-0.2910,210.000,-73.232,190.244,4,41
-1.0605,0.6934,-0.3135,218.232,-84.756,205.000,4,41
-1.1641,0.5767,-0.4033,230.366,-91.585,217.012,4,41
-1.2344,0.5142,-0.5313,245.122,-92.805,225.183,4,41
-1.3828,0.4165,-0.6660,257.927,-92.012,228.841,4,41
-1.5210,0.3408,-0.8076,266.768,-88.049,230.976,4,41
-1.6475,0.2300,-0.9341,274.756,-81.280,229.512,4,41
-1.7729,0.0635,-1.0352,284.146,-70.732,225.549,4,41
-0.8442,-0.5156,-0.2305,-11.098,17.561,-29.878,3,41
-0.8228,-0.5386,-0.2456,-10.366,16.463,-28.598,3,41
-0.8052,-0.5659,-0.2563,-11.037,14.634,-26.829,3,41
-0.7939,-0.5952,-0.2598,-12.622,12.439,-24.939,3,41
-0.7876,-0.6196,-0.2617,-15.671,10.000,-23.049,3,41
-0.7974,-0.6411,-0.2690,-19.085,7.317,-20.854,3,41
-0.8096,-0.6396,-0.2603,-22.988,4.695,-18.659,3,41
-0.8262,-0.6387,-0.2451,-27.256,1.524,-16.463,3,41
-1.8740,-0.1245,-1.1221,295.793,-53.902,217.744,4,41
-1.9761,-0.3271,-1.1919,304.878,-32.073,205.000,4,41
-2.0513,-0.5024,-1.2412,307.378,-5.854,187.561,4,41
-2.0620,-0.6074,-1.2603,303.963,21.098,167.988,4,41
-2.0259,-0.7100,-1.2842,296.707,45.000,148.963,4,41
-1.9751,-0.7861,-1.3384,285.061,68.110,130.488,4,41
-1.9150,-0.8350,-1.3994,271.524,91.585,114.268,4,41
-1.8638,-0.8315,-1.4385,257.561,115.488,100.183,4,41
-0.8506,-0.6069,-0.2188,-32.378,-1.463,-14.512,3,41
-0.8711,-0.5752,-0.1855,-38.780,-4.817,-12.012,3,41
-0.8853,-0.5488,-0.1646,-42.622,-7.378,-9.573,3,41
-0.8999,-0.5361,-0.1704,-45.549,-8.780,-7.317,3,41
-0.8940,-0.5352,-0.1704,-44.024,-8.598,-5.549,3,41
-0.8862,-0.5313,-0.1689,-40.366,-6.707,-3.659,3,41
-0.8970,-0.5088,-0.1665,-34.573,-4.207,-2.866,3,41
-0.8882,-0.4844,-0.1519,-29.695,-2.073,-1.829,3,41
-1.8164,-0.7759,-1.4766,243.049,139.451,88.902,4,41
-1.7651,-0.6919,-1.4897,228.232,161.951,80.183,4,41
-1.7427,-0.5854,-1.5142,214.207,182.500,73.415,4,41
-1.7256,-0.4561,-1.5376,201.768,200.732,68.171,4,41
-1.7197,-0.3232,-1.5391,191.341,216.707,64.268,4,41
-1.7207,-0.1733,-1.5229,182.927,229.573,62.561,4,41
-1.7188,0.0020,-1.5015,175.244,238.171,61.829,4,41
-1.7402,0.1865,-1.4395,167.744,243.537,62.866,4,41
-0.8877,-0.4731,-0.1582,-25.488,-0.549,-0.732,3,41
-0.8848,-0.4692,-0.1646,-21.463,1.037,0.610,3,41
-0.8882,-0.4663,-0.1768,-18.476,2.744,1.829,3,41
-0.8931,-0.4619,-0.1724,-15.732,4.024,2.866,3,41
-0.9175,-0.4463,-0.1680,-14.573,4.817,4.024,3,41
-0.9341,-0.4346,-0.1313,-13.171,5.915,5.610,3,41
-0.9448,-0.4282,-0.1172,-12.012,7.378,6.890,3,41
-0.9443,-0.4185,-0.0889,-11.098,9.085,7.988,3,41
-1.7471,0.3770,-1.4082,161.280,246.220,65.000,4,41
-1.7612,0.5562,-1.3911,153.902,249.207,67.683,4,41
-1.7617,0.7192,-1.3340,148.780,251.768,71.768,4,41
-1.7500,0.8857,-1.2700,147.439,252.866,78.232,4,41
-1.7324,1.0186,-1.2222,148.232,253.293,86.280,4,41
-1.7192,1.1372,-1.1733,150.915,254.024,96.280,4,41
-1.7129,1.2222,-1.1489,155.793,255.427,106.707,4,41
-1.7114,1.2852,-1.1157,163.171,257.744,117.988,4,41
-0.9575,-0.4136,-0.0762,-9.878,10.854,8.537,3,41
-0.9614,-0.4116,-0.0571,-8.232,13.049,8.659,3,41
-0.9663,-0.3877,-0.0625,-6.463,14.756,8.598,3,41
-0.9629,-0.3560,-0.0679,-5.488,16.524,8.537,3,41
-0.9663,-0.3413,-0.0757,-3.659,18.476,8.598,3,41
-0.9741,-0.3213,-0.0903,-1.707,20.488,9.268,3,41
-0.9824,-0.3169,-0.0762,0.366,22.073,10.122,3,41
-0.9873,-0.3232,-0.0674,3.293,24.512,10.915,3,41
-1.7104,1.3325,-1.0649,172.561,260.305,129.207,4,41
-1.7402,1.3638,-1.0117,183.841,262.988,139.268,4,41
-1.7974,1.3662,-0.9727,193.963,265.427,149.085,4,41
-1.8721,1.3652,-0.9204,202.378,268.171,157.744,4,41
-1.9619,1.3447,-0.8848,206.768,270.488,165.061,4,41
-2.0708,1.3003,-0.8408,210.366,272.927,170.915,4,41
-2.1709,1.2456,-0.7954,212.988,275.732,175.366,4,41
-2.2656,1.1924,-0.7339,217.866,278.598,178.902,4,41
-0.9883,-0.3149,-0.0410,6.159,26.402,11.707,3,41
-0.9868,-0.3252,-0.0229,7.439,28.110,12.622,3,41
-0.9878,-0.3418,-0.0215,8.415,29.695,13.171,3,41
-0.9751,-0.3604,-0.0322,9.878,31.829,13.598,3,41
-0.9746,-0.3687,-0.0464,11.890,33.659,13.841,3,41
-0.9810,-0.3667,-0.0464,13.963,35.915,14.512,3,41
-0.9844,-0.3711,-0.0674,15.427,37.683,14.878,3,41
-0.9863,-0.3799,-0.0791,16.951,39.756,15.610,3,41
-1.5269,-1.3267,0.3496,-159.085,29.695,-305.549,1,90
-1.5288,-1.3408,0.3535,-154.939,30.000,-307.622,1,90
-1.5200,-1.3472,0.3550,-151.098,30.183,-309.695,1,90
-1.5151,-1.3594,0.3613,-146.341,30.488,-311.646,1,90
-1.5073,-1.3691,0.3672,-142.683,30.732,-313.720,1,90
-1.5054,-1.3862,0.3726,-138.841,31.159,-315.915,1,90
-1.5020,-1.4033,0.3765,-135.244,31.524,-317.805,1,90
-1.4951,-1.4194,0.3745,-131.707,31.463,-320.122,1,90
0.3198,0.3154,-0.3345,23.171,9.939,-78.659,2,90
0.3340,0.3164,-0.3335,24.634,10.549,-79.512,2,90
0.3389,0.3228,-0.3359,26.402,11.098,-80.061,2,90
0.3516,0.3252,-0.3418,28.476,11.402,-81.159,2,90
0.3599,0.3335,-0.3340,30.488,11.585,-81.524,2,90
0.3628,0.3286,-0.3374,32.439,11.890,-82.744,2,90
0.3721,0.3140,-0.3320,34.512,11.951,-83.476,2,90
0.3633,0.3120,-0.3340,36.585,12.256,-84.512,2,90
-1.4863,-1.4297,0.3760,-128.415,31.646,-322.439,1,90
-1.4756,-1.4448,0.3696,-124.634,31.463,-324.817,1,90
-1.4600,-1.4482,0.3745,-121.037,31.280,-327.073,1,90
-1.4478,-1.4473,0.3711,-117.134,31.402,-329.634,1,90
-1.4346,-1.4512,0.3604,-113.415,30.732,-332.195,1,90
-1.4102,-1.4473,0.3467,-109.573,30.183,-334.878,1,90
-1.3828,-1.4502,0.3154,-103.780,27.988,-338.841,1,90
-1.3730,-1.4453,0.2988,-99.512,26.646,-341.341,1,90
0.3721,0.3086,-0.3281,39.085,12.561,-85.549,2,90
0.3726,0.3022,-0.3379,41.098,12.927,-86.585,2,90
0.3804,0.2954,-0.3301,42.683,13.232,-87.439,2,90
0.3799,0.2930,-0.3325,44.878,14.146,-88.293,2,90
0.3755,0.2939,-0.3311,46.280,14.878,-89.512,2,90
0.3872,0.2832,-0.3267,47.927,15.915,-90.671,2,90
0.3906,0.2925,-0.3174,49.207,16.951,-91.585,2,90
0.3853,0.2930,-0.3120,49.695,17.561,-92.866,2,90
-1.3564,-1.4355,0.2739,-95.671,25.915,-343.780,1,90
-1.3438,-1.4282,0.2407,-89.878,24.939,-346.585,1,90
-1.3354,-1.4131,0.2119,-84.085,23.963,-349.146,1,90
-1.3237,-1.3970,0.1914,-77.561,23.110,-351.768,1,90
-1.3105,-1.3750,0.1694,-70.793,22.012,-354.390,1,90
-1.2974,-1.3501,0.1514,-63.841,21.524,-357.073,1,90
-1.2896,-1.3335,0.1411,-57.744,20.549,-359.329,1,90
-1.2715,-1.3232,0.1338,-51.768,19.878,-361.951,1,90
0.3960,0.2954,-0.3042,50.671,18.659,-93.598,2,90
0.4014,0.3022,-0.2905,50.549,19.817,-94.817,2,90
0.4092,0.3022,-0.2905,50.366,20.000,-95.976,2,90
0.4175,0.3027,-0.2876,50.427,20.915,-97.195,2,90
0.4282,0.2915,-0.2900,50.793,21.524,-97.744,2,90
0.4390,0.3003,-0.2891,51.037,21.951,-98.841,2,90
0.4517,0.3003,-0.2905,52.012,23.293,-99.329,2,90
0.4668,0.2998,-0.2954,52.378,24.085,-100.183,2,90
-1.2593,-1.3164,0.1045,-45.976,19.146,-364.024,1,90
-1.2427,-1.3120,0.1016,-40.366,18.354,-366.402,1,90
-1.2295,-1.3125,0.0918,-34.878,17.256,-368.415,1,90
-1.1968,-1.3149,0.0894,-29.207,15.793,-370.427,1,90
-1.1777,-1.3311,0.0806,-24.512,14.390,-372.195,1,90
-1.1504,-1.3462,0.0723,-20.122,12.561,-373.963,1,90
-1.1304,-1.3623,0.0601,-16.890,10.549,-376.037,1,90
-1.1152,-1.3999,0.0557,-14.451,8.902,-377.622,1,90
0.4844,0.3140,-0.3096,52.988,24.878,-100.793,2,90
0.5054,0.3120,-0.3120,53.902,25.915,-101.951,2,90
0.5195,0.3193,-0.3306,55.122,27.134,-102.317,2,90
0.5449,0.3369,-0.3423,56.220,28.293,-102.927,2,90
0.5581,0.3447,-0.3535,57.805,29.268,-103.598,2,90
0.5688,0.3516,-0.3623,59.390,30.488,-104.146,2,90
0.5732,0.3691,-0.3701,60.854,31.341,-104.634,2,90
0.5771,0.3799,-0.3813,62.439,32.317,-105.061,2,90
-0.8901,-0.4243,-0.2783,-42.378,17.134,53.963,3,41
-0.8804,-0.4502,-0.2544,-40.183,18.354,55.183,3,41
-0.8818,-0.4653,-0.2324,-38.232,19.451,56.707,3,41
-0.8804,-0.4819,-0.2080,-37.683,20.122,58.537,3,41
-0.8789,-0.4922,-0.2109,-36.707,21.280,59.512,3,41
-0.8838,-0.4922,-0.2324,-35.000,22.561,61.463,3,41
-0.8872,-0.5034,-0.2554,-31.829,25.061,62.256,3,41
-0.8940,-0.5020,-0.2856,-26.951,27.988,64.085,3,41
-1.0454,-1.6348,-0.0845,-15.488,-12.622,-395.549,1,90
-1.0459,-1.6426,-0.1108,-17.805,-15.610,-397.744,1,90
-1.0483,-1.6484,-0.1357,-20.244,-17.988,-400.000,1,90
-1.0439,-1.6509,-0.1611,-22.683,-20.061,-402.073,1,90
-1.0435,-1.6587,-0.2173,-25.915,-23.171,-405.061,1,90
-1.0352,-1.6563,-0.2500,-27.683,-24.451,-406.890,1,90
-1.0435,-1.6479,-0.2871,-29.207,-25.671,-408.720,1,90
-1.0381,-1.6416,-0.3184,-30.671,-27.073,-411.098,1,90
0.6772,0.4902,-0.4341,79.146,46.646,-102.683,2,90
0.6890,0.4976,-0.4312,81.159,48.232,-102.073,2,90
0.6919,0.5063,-0.4253,82.195,48.659,-101.646,2,90
0.7031,0.5142,-0.4229,83.841,49.390,-100.549,2,90
0.7061,0.5132,-0.4204,86.463,49.939,-99.695,2,90
0.7192,0.5249,-0.4116,88.902,49.695,-98.841,2,90
0.7144,0.5273,-0.4058,91.707,49.695,-97.012,2,90
0.7168,0.5356,-0.4087,93.110,49.512,-96.220,2,90
-0.9722,-0.3745,-0.1094,5.915,54.695,82.561,3,41
-0.9688,-0.3882,-0.1265,8.659,57.744,84.085,3,41
-0.9551,-0.3911,-0.1626,11.220,60.793,85.000,3,41
-0.9331,-0.3989,-0.2021,14.268,63.598,85.732,3,41
-0.9146,-0.3945,-0.2642,17.683,66.402,87.012,3,41
-0.8999,-0.3696,-0.2993,21.341,68.537,88.110,3,41
-0.8960,-0.3184,-0.3301,24.756,70.305,89.390,3,41
-0.8931,-0.2739,-0.3496,27.134,71.890,90.671,3,41
-1.0288,-1.6284,-0.6382,-37.012,-30.488,-429.024,1,90
-1.0283,-1.6304,-0.6597,-37.561,-30.549,-431.402,1,90
-1.0366,-1.6265,-0.6699,-38.476,-29.756,-433.415,1,90
-1.0410,-1.6167,-0.6748,-39.756,-29.329,-434.817,1,90
-1.0493,-1.6055,-0.6870,-41.037,-28.902,-436.463,1,90
-1.0498,-1.5938,-0.6963,-42.988,-29.024,-437.378,1,90
-1.0537,-1.5762,-0.7021,-44.634,-29.207,-438.598,1,90
-1.0493,-1.5625,-0.7178,-46.220,-29.207,-439.329,1,90
0.6958,0.5059,-0.3999,105.305,45.915,-83.293,2,90
0.7061,0.5083,-0.4180,107.378,45.366,-81.829,2,90
0.6973,0.5029,-0.4302,108.963,44.268,-80.244,2,90
0.7168,0.5039,-0.4443,110.732,43.293,-78.780,2,90
0.7310,0.5005,-0.4624,112.256,42.195,-77.134,2,90
0.7407,0.5000,-0.4624,113.780,41.098,-76.220,2,90
0.7544,0.4961,-0.4839,114.939,39.939,-74.939,2,90
0.7686,0.4927,-0.4980,116.280,38.537,-73.720,2,90
-0.7222,-0.2583,-0.3110,17.378,65.122,93.049,3,41
-0.7197,-0.1118,-0.2573,14.695,60.732,94.024,3,41
-0.8198,-0.2144,-0.5234,1.524,53.049,95.183,3,41
-0.8154,-0.3228,-0.5981,8.902,57.744,91.890,3,41
-0.7720,-0.1685,-0.4043,2.805,53.293,92.988,3,41
-0.8237,-0.2744,-0.3921,-2.622,48.171,93.232,3,41
-0.8877,-0.2671,-0.3267,-4.329,47.073,92.805,3,41
-0.9111,-0.2202,-0.3062,-9.268,42.744,93.720,3,41
-11.4658,-10.3320,-8.7358,-962.683,-264.817,-140.976,4,41
-8.4932,-11.6519,7.1338,476.463,44.451,180.854,4,41
-4.5659,-5.5396,15.9995,496.159,-62.866,345.488,4,41
2.9453,-4.6064,15.9980,-129.451,-78.293,94.268,4,41
7.3911,-7.0815,15.9995,-128.171,-74.329,-72.927,4,41
6.3789,-8.8169,15.9995,55.793,-112.378,-113.902,4,41
1.0591,-8.4468,15.9995,165.427,-162.988,-144.390,4,41
0.9404,-5.6846,15.9995,163.110,-254.146,-164.634,4,41
-0.8750,-0.1753,-0.3750,-11.341,40.061,90.305,3,41
-0.8638,-0.1362,-0.4565,-12.866,37.744,88.841,3,41
-0.8589,-0.1279,-0.4990,-9.878,38.476,87.500,3,41
-0.8506,-0.0435,-0.4116,-7.622,37.683,87.134,3,41
-0.9033,0.0073,-0.3481,-7.805,35.000,87.256,3,41
-1.0034,-0.0225,-0.3345,-6.829,33.841,86.524,3,41
-1.0190,-0.0327,-0.3252,-4.695,33.476,85.793,3,41
-0.9858,-0.0566,-0.3354,-3.232,32.439,83.841,3,41
2.4326,-1.9453,15.9995,37.195,-319.695,-169.268,4,41
1.1479,2.4546,15.3018,-194.634,-418.476,-107.561,4,41
-2.8452,2.3423,0.9014,-387.683,-286.768,18.720,4,41
-5.0947,1.4746,-3.4053,-138.841,-125.244,131.280,4,41
-5.6743,3.3823,-4.4761,49.451,-135.610,171.524,4,41
-7.5493,3.2100,-5.9209,-7.927,-67.927,167.561,4,41
-8.9268,2.9976,-7.3213,-38.537,-15.793,170.244,4,41
-7.5547,0.2485,-6.4556,39.878,-14.085,59.146,4,41
-0.9624,-0.0771,-0.3560,-2.683,30.305,81.707,3,41
-0.9365,-0.1479,-0.4033,-2.012,28.902,80.122,3,41
-0.9014,-0.2056,-0.4111,-0.915,28.110,78.476,3,41
-0.8857,-0.2402,-0.3887,-1.402,26.646,77.683,3,41
-0.8833,-0.2427,-0.3555,-2.927,25.427,76.890,3,41
-0.8770,-0.2007,-0.3228,-5.061,24.024,75.915,3,41
-0.9004,-0.1431,-0.3242,-6.829,22.805,74.756,3,41
-0.9375,-0.0713,-0.3359,-6.890,21.646,73.110,3,41
-5.8022,-1.4937,-3.1460,80.915,-11.890,22.988,4,41
-3.3706,-4.1079,-0.1074,31.829,-27.805,-29.390,4,41
-0.8623,-5.5269,1.6055,-89.207,-47.866,-66.646,4,41
0.8389,-5.7988,3.1748,-161.280,-51.829,-74.756,4,41
1.2925,-4.0688,4.0161,-195.244,-51.220,-87.683,4,41
0.7886,-1.5669,3.5088,-229.451,-42.805,-90.366,4,41
-0.4341,0.8403,2.9170,-215.610,-27.073,-43.415,4,41
-2.1167,2.8901,3.1255,-151.707,-19.634,20.488,4,41
-0.9692,-0.0015,-0.3545,-5.610,21.646,71.220,3,41
-1.0083,0.0791,-0.3677,-2.622,21.098,68.476,3,41
-1.0107,0.1265,-0.3765,1.037,21.585,65.427,3,41
-0.9790,0.1494,-0.3828,5.854,21.646,62.561,3,41
-0.9595,0.1333,-0.3862,10.366,21.829,59.695,3,41
-0.9331,0.1060,-0.4063,15.671,22.317,56.402,3,41
-0.8931,0.0708,-0.4512,20.671,22.744,52.866,3,41
-0.8657,0.0161,-0.5068,25.793,23.354,48.780,3,41
-3.0288,4.7036,2.9678,-91.829,-24.939,51.341,4,41
-3.6079,4.1460,1.8569,-86.098,-13.110,55.671,4,41
-3.6963,2.5972,1.0137,-50.183,6.159,50.610,4,41
-3.5117,1.9795,0.6118,-13.354,12.256,20.488,4,41
-3.3662,0.6323,0.7998,-9.268,16.280,7.927,4,41
-3.3735,-1.0479,1.2070,3.841,20.610,17.561,4,41
-3.0522,-1.9072,1.5679,15.305,26.098,10.061,4,41
-2.5024,-1.6299,1.6167,3.659,26.463,-6.280,4,41
-0.8540,-0.0186,-0.5283,29.573,23.537,43.841,3,41
-0.8560,-0.0137,-0.5039,32.317,23.049,39.329,3,41
-0.8599,0.0059,-0.4932,32.866,21.951,34.451,3,41
-0.8745,0.0522,-0.4214,31.890,20.610,30.488,3,41
-0.8936,0.0928,-0.3569,29.207,18.354,25.915,3,41
-0.9028,0.1289,-0.2788,25.732,16.280,21.402,3,41
-0.9170,0.1943,-0.1909,21.646,13.049,16.646,3,41
-0.9531,0.2661,-0.1572,17.378,10.366,12.439,3,41
-1.9438,-0.4673,1.2798,-8.720,35.000,-16.585,4,41
-1.6558,0.4136,1.0586,-2.500,50.061,-20.732,4,41
-1.7031,0.7549,1.0508,17.988,68.780,-11.098,4,41
-1.7910,0.6128,1.1147,34.634,78.537,-4.939,4,41
-2.0054,0.0298,1.0781,43.049,83.780,-0.061,4,41
-2.2139,-0.6089,1.0947,52.988,89.207,3.293,4,41
-2.3008,-1.0664,1.1938,59.756,98.110,5.488,4,41
-2.2720,-1.3389,1.3301,51.768,107.439,5.061,4,41
-1.0313,0.3081,-0.1846,17.500,9.451,8.171,3,41
-1.0850,0.3481,-0.1948,19.512,8.963,3.293,3,41
-1.1235,0.3545,-0.2310,23.659,8.659,-2.195,3,41
-1.1060,0.3330,-0.2549,27.012,8.415,-8.293,3,41
-1.0762,0.2979,-0.2544,29.512,7.439,-14.939,3,41
-1.0415,0.2915,-0.2529,30.366,5.488,-20.854,3,41
-1.0293,0.3018,-0.2549,30.305,3.415,-26.646,3,41
-1.0234,0.3223,-0.2412,29.695,0.549,-32.378,3,41
-2.1484,2.4497,-0.6338,-85.793,64.268,32.378,1,90
-2.1929,2.4395,-0.6733,-79.085,59.939,46.159,1,90
-2.1904,2.4063,-0.7021,-68.415,56.585,58.232,1,90
-2.1680,2.3848,-0.7246,-53.659,54.634,70.244,1,90
-2.1377,2.3589,-0.7549,-39.390,51.341,81.037,1,90
-2.0723,2.3413,-0.7651,-27.866,47.439,92.317,1,90
-2.0127,2.3354,-0.7710,-18.963,42.866,103.841,1,90
-1.9360,2.3311,-0.7686,-13.963,37.378,116.646,1,90
2.1436,0.2119,-0.8091,-44.817,12.012,23.415,2,90
2.1509,0.2056,-0.8345,-49.695,7.134,26.768,2,90
2.1504,0.2153,-0.8604,-53.963,2.439,30.183,2,90
2.1260,0.2163,-0.8828,-58.232,-2.866,32.317,2,90
2.0845,0.2280,-0.9023,-62.683,-8.110,34.085,2,90
2.0352,0.2432,-0.9453,-66.463,-12.866,35.732,2,90
1.9849,0.2583,-0.9702,-70.915,-17.683,37.378,2,90
1.9248,0.2793,-0.9995,-74.085,-21.707,39.024,2,90
-1.8677,2.3428,-0.7646,-13.415,32.195,129.878,1,90
-1.8135,2.3579,-0.7593,-15.732,26.951,144.634,1,90
-1.7598,2.3691,-0.7593,-21.341,22.073,160.305,1,90
-1.7114,2.3823,-0.7607,-27.927,17.866,176.707,1,90
-1.6694,2.3838,-0.7637,-34.573,13.841,193.598,1,90
-1.6489,2.3984,-0.7515,-40.915,10.671,210.793,1,90
-1.6201,2.3955,-0.7441,-46.585,8.110,227.683,1,90
-1.5962,2.3813,-0.7354,-50.854,5.732,244.268,1,90
1.8677,0.3027,-1.0200,-77.805,-25.366,41.037,2,90
1.8105,0.3218,-1.0386,-81.402,-28.780,43.902,2,90
1.7583,0.3447,-1.0464,-85.305,-32.012,46.402,2,90
1.7173,0.3677,-1.0571,-89.268,-34.939,49.878,2,90
1.6670,0.3872,-1.0469,-92.561,-37.500,53.415,2,90
1.6294,0.3975,-1.0352,-95.610,-40.549,56.890,2,90
1.5928,0.4165,-1.0259,-97.988,-43.171,60.610,2,90
1.5688,0.4272,-1.0034,-99.634,-45.854,64.024,2,90
-0.8979,-0.2524,-0.3027,-10.122,-23.780,-90.000,3,41
-0.8931,-0.2466,-0.3057,-12.683,-24.207,-90.366,3,41
-0.9180,-0.2373,-0.3091,-17.134,-25.427,-90.488,3,41
-0.9414,-0.2407,-0.3047,-21.220,-26.463,-90.854,3,41
-0.9375,-0.2412,-0.2915,-24.512,-27.317,-91.280,3,41
-0.9287,-0.2402,-0.2568,-30.427,-29.512,-91.159,3,41
-0.9395,-0.2485,-0.2417,-35.305,-30.976,-90.488,3,41
-0.9448,-0.2554,-0.2524,-39.451,-32.378,-90.488,3,41
-2.8701,-1.8735,4.1714,-170.549,176.220,33.415,4,41
-2.8174,-1.7979,4.1807,-185.366,170.305,41.402,4,41
-2.8662,-1.7524,3.7969,-199.512,172.805,48.598,4,41
-2.9805,-1.7544,2.8135,-214.878,183.902,51.402,4,41
-3.1650,-1.6821,1.4868,-229.939,198.171,48.780,4,41
-3.3809,-1.6855,0.1538,-239.878,212.012,41.707,4,41
-3.5288,-1.6489,-0.6128,-231.341,215.793,29.512,4,41
-3.5732,-1.5088,-0.8555,-208.720,218.415,18.598,4,41
-0.9375,-0.2715,-0.2739,-41.951,-33.110,-90.183,3,41
-0.9302,-0.2866,-0.2900,-44.085,-33.780,-89.939,3,41
-0.9146,-0.3018,-0.3188,-45.366,-34.512,-89.390,3,41
-0.8965,-0.3081,-0.3486,-46.341,-35.366,-89.024,3,41
-0.8804,-0.3135,-0.3711,-47.439,-36.280,-88.232,3,41
-0.8613,-0.3237,-0.4004,-48.110,-37.500,-87.744,3,41
-0.8506,-0.3140,-0.4214,-48.293,-38.415,-86.768,3,41
-0.8433,-0.3154,-0.4224,-47.866,-39.451,-85.549,3,41
-1.6177,0.9268,-0.4521,31.890,-30.366,455.244,1,90
-1.6504,0.8374,-0.4209,38.659,-34.939,461.707,1,90
-1.6919,0.7852,-0.3716,43.720,-37.988,467.378,1,90
-1.7617,0.7388,-0.3364,41.829,-41.402,472.195,1,90
-1.8125,0.6411,-0.3262,34.878,-45.549,475.976,1,90
-1.8638,0.5190,-0.3018,29.207,-48.171,478.537,1,90
-1.9199,0.3818,-0.2710,30.061,-48.476,480.061,1,90
-1.9775,0.2710,-0.2202,36.220,-46.646,480.549,1,90
1.1772,0.2842,-0.6533,-57.012,-80.793,99.878,2,90
1.1309,0.2671,-0.6235,-54.573,-80.671,100.976,2,90
1.0728,0.2559,-0.5977,-52.378,-80.610,102.256,2,90
1.0278,0.2363,-0.5669,-50.305,-80.122,103.780,2,90
0.9736,0.2153,-0.5327,-48.659,-79.878,105.610,2,90
0.9395,0.1963,-0.5054,-46.890,-79.329,107.195,2,90
0.9063,0.1777,-0.4878,-45.976,-78.902,108.476,2,90
0.8667,0.1460,-0.4609,-44.817,-78.232,110.427,2,90
-0.8052,-0.3403,-0.3896,-60.793,-63.354,-77.073,3,41
-0.8232,-0.3096,-0.3530,-63.537,-66.890,-75.976,3,41
-0.8330,-0.2827,-0.3301,-67.744,-70.854,-75.366,3,41
-0.8389,-0.2832,-0.3345,-72.500,-74.390,-74.634,3,41
-0.8320,-0.2852,-0.3555,-75.427,-76.890,-73.841,3,41
-0.8433,-0.2788,-0.3320,-77.378,-78.780,-72.744,3,41
-0.8618,-0.2588,-0.2964,-78.537,-80.488,-70.671,3,41
-0.8760,-0.2578,-0.2915,-80.000,-82.195,-68.902,3,41
-1.6680,2.4414,-1.1714,34.024,109.329,-72.317,4,41
-1.9268,2.7861,-0.6177,28.537,135.427,-57.927,4,41
-1.5723,2.6382,0.0215,16.098,139.024,-59.451,4,41
-0.8765,2.1655,0.7241,8.720,142.317,-92.439,4,41
-1.0898,1.7368,1.2583,8.232,124.512,-127.988,4,41
-2.7803,1.6284,1.9673,11.890,65.183,-139.085,4,41
-3.1235,0.8281,1.8755,16.402,-1.951,-143.902,4,41
-2.3247,0.1831,1.6021,20.061,-23.780,-168.720,4,41
-0.8828,-0.2666,-0.2983,-81.098,-84.512,-67.744,3,41
-0.8892,-0.2695,-0.3169,-82.012,-86.220,-66.707,3,41
-0.9028,-0.2788,-0.3096,-81.890,-86.707,-65.976,3,41
-0.9268,-0.2930,-0.2930,-80.610,-85.915,-64.756,3,41
-0.9546,-0.2891,-0.2358,-78.110,-84.451,-63.232,3,41
-0.9536,-0.2778,-0.2090,-75.793,-84.024,-62.378,3,41
-0.9375,-0.2832,-0.2275,-73.841,-84.207,-61.646,3,41
-0.9312,-0.2837,-0.2402,-72.683,-84.512,-61.098,3,41
-1.4775,-0.1973,1.4727,11.402,-22.073,-191.646,4,41
-1.0000,-0.4175,1.3916,-5.061,-21.646,-199.451,4,41
-0.8726,-0.6016,1.3003,-25.915,-22.622,-200.183,4,41
-0.9150,-0.8120,1.2285,-47.256,-26.341,-196.707,4,41
-1.0259,-0.9521,1.1963,-60.854,-31.646,-194.207,4,41
-1.1123,-1.0625,1.2007,-63.902,-40.244,-195.244,4,41
-1.2139,-1.1221,1.2090,-59.268,-50.793,-198.963,4,41
-1.3096,-1.1167,1.2236,-50.122,-62.866,-205.610,4,41
-0.9312,-0.2827,-0.2451,-71.220,-84.329,-60.610,3,41
-0.9316,-0.2891,-0.2490,-70.061,-84.390,-60.427,3,41
-0.9365,-0.3037,-0.2500,-68.110,-84.390,-60.366,3,41
-0.9189,-0.3086,-0.2803,-68.110,-84.695,-60.427,3,41
-0.9004,-0.3301,-0.3057,-67.073,-84.512,-60.427,3,41
-0.8794,-0.3379,-0.3286,-66.159,-84.451,-59.695,3,41
-0.8740,-0.3496,-0.3096,-66.463,-84.695,-58.963,3,41
-0.8765,-0.3594,-0.2837,-67.256,-84.573,-57.805,3,41
-2.0947,-1.7852,-0.2773,45.122,68.110,394.695,1,90
-2.0762,-1.8149,-0.2847,40.244,66.829,395.854,1,90
-2.0625,-1.8320,-0.2827,35.366,65.732,397.805,1,90
-2.0532,-1.8486,-0.2871,31.098,64.085,399.512,1,90
-2.0415,-1.8521,-0.2876,27.683,62.866,401.220,1,90
-2.0210,-1.8560,-0.2876,26.098,61.585,402.683,1,90
-2.0117,-1.8535,-0.2764,26.341,61.585,403.354,1,90
-1.9995,-1.8530,-0.2441,29.390,62.378,402.744,1,90
0.3975,0.0449,-0.2734,-71.585,-42.256,103.659,2,90
0.4204,0.0762,-0.2759,-70.183,-39.451,102.805,2,90
0.4380,0.0854,-0.2891,-68.841,-37.622,101.463,2,90
0.4648,0.1006,-0.2910,-66.524,-35.305,100.183,2,90
0.4707,0.1230,-0.2979,-63.720,-34.329,98.476,2,90
0.4800,0.1426,-0.2935,-59.939,-32.988,96.463,2,90
0.4761,0.1528,-0.3037,-55.854,-32.378,94.634,2,90
0.4746,0.1768,-0.3130,-51.341,-31.951,92.622,2,90
-0.9131,-0.3750,-0.1567,-67.317,-77.927,-48.476,3,41
-0.9175,-0.3721,-0.1655,-68.780,-78.659,-47.744,3,41
-0.9185,-0.3872,-0.1875,-71.890,-79.817,-46.524,3,41
-0.9277,-0.4229,-0.1924,-73.110,-79.512,-45.183,3,41
-0.9395,-0.4600,-0.1689,-73.354,-77.927,-44.512,3,41
-0.9277,-0.4814,-0.1367,-74.634,-76.402,-43.476,3,41
-0.9248,-0.5044,-0.1250,-76.585,-76.220,-42.378,3,41
-0.9121,-0.5117,-0.0977,-78.354,-76.280,-41.463,3,41
-1.5547,-1.9189,0.1406,89.817,86.341,359.695,1,90
-1.4614,-1.9175,0.1855,93.171,87.378,352.988,1,90
-1.3730,-1.9258,0.2368,94.878,87.927,347.134,1,90
-1.2837,-1.9175,0.2832,96.159,87.317,341.768,1,90
-1.1738,-1.9019,0.3379,96.463,86.463,337.134,1,90
-1.0679,-1.9033,0.3716,95.793,84.573,333.537,1,90
-0.9717,-1.9019,0.4067,94.390,81.463,330.549,1,90
-0.8721,-1.8970,0.4204,92.073,77.195,328.902,1,90
0.2476,0.2729,-0.3311,-11.829,-26.646,74.207,2,90
0.2222,0.2871,-0.3208,-8.780,-25.488,72.500,2,90
0.2041,0.2896,-0.3135,-6.707,-24.451,70.915,2,90
0.1914,0.2905,-0.2935,-5.732,-23.415,69.756,2,90
0.1733,0.2988,-0.2793,-5.122,-22.805,68.415,2,90
0.1797,0.3013,-0.2710,-5.366,-21.890,67.744,2,90
0.1675,0.2871,-0.2651,-5.549,-21.585,67.378,2,90
0.1704,0.2852,-0.2598,-5.915,-21.037,67.195,2,90
-0.7451,-1.8833,0.4380,87.378,68.659,328.659,1,90
-0.6665,-1.8711,0.4463,82.561,61.768,329.268,1,90
-0.6221,-1.8569,0.4414,76.707,54.268,331.159,1,90
-0.5850,-1.8433,0.4429,68.841,47.378,334.207,1,90
-0.5752,-1.8213,0.4458,59.817,39.878,338.049,1,90
-0.5942,-1.8032,0.4473,50.488,33.171,342.317,1,90
-0.6279,-1.7710,0.4634,40.671,26.402,347.561,1,90
-0.6641,-1.7388,0.4683,30.671,20.244,352.988,1,90
0.1758,0.2783,-0.2612,-6.402,-20.122,67.195,2,90
0.1807,0.2725,-0.2612,-7.012,-19.695,67.256,2,90
0.1904,0.2617,-0.2612,-7.805,-18.171,67.439,2,90
0.1997,0.2637,-0.2690,-9.146,-17.195,67.317,2,90
0.2090,0.2607,-0.2676,-10.488,-15.671,66.829,2,90
0.2251,0.2603,-0.2769,-12.927,-13.963,66.707,2,90
0.2280,0.2622,-0.2925,-14.512,-12.256,65.915,2,90
0.2319,0.2710,-0.3101,-17.195,-10.854,65.000,2,90
-0.9497,-0.4365,-0.0781,-54.207,-42.134,-15.549,3,41
-0.9521,-0.4346,-0.0776,-52.988,-39.817,-14.512,3,41
-0.9688,-0.4380,-0.0659,-52.073,-37.378,-13.537,3,41
-0.9858,-0.4365,-0.0308,-50.122,-33.780,-11.890,3,41
-0.9990,-0.4292,-0.0015,-47.866,-29.634,-10.671,3,41
-0.9932,-0.4150,-0.0195,-45.549,-27.439,-9.146,3,41
-0.9805,-0.4082,-0.0737,-45.305,-26.829,-8.598,3,41
-0.9722,-0.4131,-0.0952,-44.695,-25.244,-8.659,3,41
-3.5381,-0.3730,-0.0386,-54.512,-391.524,-421.707,4,41
-3.6367,-0.4238,-0.0444,-64.451,-405.915,-416.890,4,41
-3.6177,-0.4375,-0.0317,-75.610,-423.354,-411.402,4,41
-3.7212,-0.4985,0.0098,-89.085,-443.354,-405.610,4,41
-3.7690,-0.5034,0.0630,-102.561,-462.317,-399.085,4,41
-3.8086,-0.4941,0.1318,-115.427,-480.061,-393.659,4,41
-3.8667,-0.4404,0.2002,-125.549,-495.183,-388.354,4,41
-3.9478,-0.3760,0.2471,-132.317,-506.829,-384.390,4,41
-0.9761,-0.4126,-0.1167,-42.927,-22.805,-8.354,3,41
-0.9702,-0.3906,-0.1387,-40.793,-21.098,-8.415,3,41
-0.9614,-0.3662,-0.1294,-39.451,-20.183,-8.780,3,41
-0.9561,-0.3418,-0.1240,-38.476,-18.902,-8.963,3,41
-0.9526,-0.3179,-0.1104,-37.378,-17.805,-8.720,3,41
-0.9531,-0.3027,-0.1089,-37.561,-16.768,-8.476,3,41
-0.9580,-0.3071,-0.1084,-35.915,-15.244,-8.110,3,41
-0.9688,-0.3115,-0.0933,-33.171,-12.500,-7.744,3,41
-4.0317,-0.2852,0.2749,-135.427,-515.183,-380.671,4,41
-4.1226,-0.1738,0.3013,-134.817,-520.244,-376.890,4,41
-4.2065,-0.0229,0.3286,-132.683,-523.110,-373.537,4,41
-4.2798,0.1118,0.3291,-129.451,-524.085,-371.341,4,41
-4.3428,0.2778,0.3174,-125.183,-523.902,-370.488,4,41
-4.3877,0.4185,0.3071,-120.427,-523.293,-370.427,4,41
-4.4253,0.5454,0.2837,-113.293,-522.805,-371.463,4,41
-4.4541,0.6694,0.2520,-104.024,-522.805,-373.049,4,41
-0.9722,-0.3013,-0.0938,-30.305,-10.183,-7.378,3,41
-0.9570,-0.2969,-0.1099,-28.780,-8.963,-7.195,3,41
-0.9517,-0.2964,-0.1465,-27.500,-8.171,-7.561,3,41
-0.9438,-0.2905,-0.1680,-25.427,-6.890,-7.805,3,41
-0.9517,-0.2783,-0.1738,-23.841,-6.098,-8.415,3,41
-0.9434,-0.2583,-0.1714,-22.073,-5.854,-8.293,3,41
-0.9468,-0.2568,-0.1821,-21.829,-6.220,-8.293,3,41
-0.9429,-0.2607,-0.1943,-21.951,-6.646,-8.476,3,41
-4.4795,0.7729,0.2378,-92.561,-523.902,-374.939,4,41
-4.5200,0.8906,0.2134,-81.402,-525.854,-377.073,4,41
-4.5493,1.0010,0.1963,-70.976,-528.232,-379.634,4,41
-4.5293,1.0874,0.1694,-63.049,-531.646,-381.951,4,41
-4.5688,1.1929,0.1470,-57.805,-534.451,-385.000,4,41
-4.5371,1.2588,0.1152,-56.646,-537.744,-388.720,4,41
-4.5044,1.3208,0.0913,-60.122,-541.951,-391.402,4,41
-4.4409,1.3882,0.0527,-66.402,-546.707,-393.171,4,41
-0.9429,-0.2729,-0.1938,-21.341,-7.561,-7.988,3,41
-0.9424,-0.2900,-0.2031,-21.159,-7.500,-7.744,3,41
-0.9453,-0.3042,-0.2012,-20.854,-8.293,-7.622,3,41
-0.9385,-0.3330,-0.2129,-19.817,-8.720,-7.256,3,41
-0.9448,-0.3579,-0.2095,-18.963,-9.268,-6.524,3,41
-0.9351,-0.3813,-0.2070,-17.927,-9.756,-6.524,3,41
-0.9302,-0.4067,-0.2109,-16.646,-10.000,-5.915,3,41
-0.9287,-0.4312,-0.2148,-15.732,-10.244,-5.671,3,41
-4.4067,1.4438,0.0112,-73.659,-552.317,-393.110,4,41
-4.3945,1.5264,-0.0313,-81.280,-558.354,-391.829,4,41
-4.3755,1.6128,-0.0488,-87.256,-566.585,-388.902,4,41
-4.3647,1.7158,-0.0322,-92.866,-576.646,-385.000,4,41
-4.3296,1.7861,-0.0249,-97.988,-589.085,-380.244,4,41
-4.2666,1.8730,-0.0039,-101.951,-602.561,-373.598,4,41
-4.1724,1.9629,0.0063,-103.963,-616.037,-364.085,4,41
-4.0830,2.0806,0.0303,-103.841,-628.841,-352.622,4,41
-0.9219,-0.4575,-0.2036,-14.939,-10.793,-5.183,3,41
-0.9146,-0.4639,-0.2217,-14.390,-11.280,-4.756,3,41
-0.9048,-0.4790,-0.2344,-14.024,-12.073,-4.207,3,41
-0.8926,-0.4834,-0.2383,-13.293,-12.622,-3.659,3,41
-0.8862,-0.4771,-0.2461,-13.293,-13.110,-3.049,3,41
-0.8813,-0.4751,-0.2534,-12.195,-13.659,-2.378,3,41
-0.8716,-0.4673,-0.2559,-11.951,-13.841,-1.707,3,41
-0.8672,-0.4727,-0.2456,-10.793,-13.963,-0.854,3,41
-4.0151,2.2266,0.0298,-101.280,-642.866,-339.390,4,41
-6.1187,-0.4429,-1.4536,-84.390,-635.244,-347.195,4,41
-9.5210,-8.1362,3.2075,-44.451,-548.659,-719.390,4,41
-9.3140,-4.8149,-1.4580,-1472.439,-675.061,-405.671,4,41
-5.4658,15.1401,-16.0000,-772.866,-444.329,-417.500,4,41
0.8667,15.9995,-16.0000,295.854,-196.159,-141.159,4,41
4.4365,15.4521,-11.5791,265.610,-217.866,-85.061,4,41
-0.4932,12.7607,0.5820,-687.012,-241.646,-195.427,4,41
-0.8779,-0.4429,-0.2783,-9.146,-13.841,0.122,3,41
-0.8770,-0.4385,-0.2563,-7.744,-13.171,0.671,3,41
-0.8540,-0.4102,-0.1519,-2.439,-11.951,1.402,3,41
-0.8755,-0.3330,-0.1348,-0.732,-12.012,2.866,3,41
-0.9033,-0.3296,-0.1597,-2.500,-13.476,5.488,3,41
-0.9434,-0.3564,-0.1855,1.341,-11.890,7.439,3,41
-0.9595,-0.3862,-0.2397,5.427,-9.512,6.829,3,41
-0.9502,-0.3481,-0.1753,13.659,-7.744,5.915,3,41
-4.2041,14.1294,0.4878,-840.976,-332.561,-408.841,4,41
-4.8120,13.3008,-4.8818,-238.171,-497.134,-277.012,4,41
-2.4434,15.9995,-10.6934,210.854,-548.841,-40.488,4,41
0.6699,15.9976,-11.8589,467.683,-319.146,194.817,4,41
2.0693,15.5557,-6.1387,357.866,-73.049,329.634,4,41
2.1328,10.4409,-3.2061,194.268,-27.073,280.122,4,41
1.6235,6.9111,-1.4414,203.049,-113.841,218.415,4,41
0.8965,4.4063,-0.8271,202.378,-215.305,178.659,4,41
-0.9443,-0.3301,-0.1758,15.488,-6.585,5.976,3,41
-0.9424,-0.3320,-0.1987,17.439,-6.951,5.366,3,41
-0.9453,-0.3179,-0.1938,19.939,-6.768,4.756,3,41
-0.9868,-0.3096,-0.1826,22.134,-6.524,1.646,3,41
-0.9180,-0.2847,-0.2241,23.659,-5.549,0.244,3,41
-0.9370,-0.2495,-0.1973,27.561,-3.354,2.683,3,41
-0.9468,-0.1987,-0.1484,29.146,-3.720,2.683,3,41
-0.9458,-0.1499,-0.1069,30.305,-4.573,1.280,3,41
-0.2329,2.3032,-1.4766,227.317,-276.159,114.878,4,41
-1.0781,1.2563,-2.2944,271.037,-285.244,60.976,4,41
-1.5386,0.3955,-3.0737,329.878,-251.463,48.171,4,41
-1.4897,-0.0928,-3.3828,429.268,-200.610,46.037,4,41
-1.0356,0.0542,-3.4131,542.561,-146.768,51.890,4,41
-0.4346,0.4517,-3.2583,644.268,-96.829,42.317,4,41
0.3184,0.8096,-2.9795,685.915,-56.463,11.463,4,41
0.9609,1.0156,-2.8379,656.890,-29.512,-30.183,4,41
-0.9409,-0.0889,-0.1040,31.463,-5.244,0.488,3,41
-0.9346,-0.0264,-0.0884,32.927,-5.671,-0.183,3,41
-0.9272,0.0469,-0.0649,34.695,-6.220,-1.098,3,41
-0.9292,0.1050,-0.0557,37.683,-5.915,-1.463,3,41
-0.9282,0.1426,-0.0669,41.220,-5.000,-2.073,3,41
-0.9355,0.1460,-0.0474,46.829,-3.232,-2.561,3,41
-0.9429,0.1567,-0.0142,53.598,-0.732,-2.683,3,41
-0.9424,0.1592,0.0562,61.341,1.585,-2.988,3,41
1.3003,0.9473,-2.8022,605.305,-14.085,-72.683,4,41
1.4297,0.7144,-2.7212,580.122,-5.854,-106.951,4,41
1.4438,0.5459,-2.4927,582.439,-5.183,-127.988,4,41
1.3486,0.5229,-2.2422,593.476,-5.488,-129.329,4,41
1.1494,0.5693,-2.0649,591.159,-1.037,-112.378,4,41
0.8687,0.5952,-1.9839,564.146,10.244,-84.512,4,41
0.5835,0.5459,-1.9121,519.451,24.085,-53.476,4,41
0.3623,0.4355,-1.8193,449.939,34.756,-23.659,4,41
-0.9390,0.1631,0.1123,67.256,3.232,-3.049,3,41
-0.9365,0.1479,0.1436,69.634,3.720,-2.561,3,41
-0.9512,0.1001,0.1636,68.902,3.415,-2.622,3,41
-0.9702,0.0234,0.1489,66.646,3.171,-3.049,3,41
-0.9858,-0.0542,0.1387,65.671,4.390,-3.780,3,41
-1.0078,-0.1147,0.1333,67.195,6.646,-4.695,3,41
-1.0322,-0.1724,0.1465,68.659,9.268,-5.427,3,41
-1.0400,-0.2197,0.1646,69.939,11.402,-5.671,3,41
0.1650,0.3525,-1.7681,375.061,39.024,-1.037,4,41
0.0840,0.4180,-1.7163,317.073,37.683,18.720,4,41
0.0522,0.5835,-1.6992,269.024,36.098,37.500,4,41
0.0625,0.8735,-1.6978,223.232,40.427,58.841,4,41
0.0181,1.2114,-1.6670,181.037,52.073,81.646,4,41
-0.0273,1.5566,-1.5430,147.134,66.463,100.915,4,41
-0.0854,1.8779,-1.3838,118.780,81.829,112.256,4,41
-0.1436,2.1191,-1.1382,99.329,90.915,115.427,4,41
-1.0508,-0.2671,0.1704,69.512,13.354,-6.098,3,41
-1.0513,-0.3154,0.1748,68.659,14.207,-7.134,3,41
-1.0381,-0.3696,0.1533,67.134,14.878,-7.622,3,41
-1.0269,-0.3999,0.1377,64.695,15.061,-8.902,3,41
-1.0215,-0.4385,0.0977,61.341,14.817,-10.122,3,41
-1.0171,-0.4648,0.0596,56.098,13.963,-11.463,3,41
-1.0156,-0.4878,0.0171,51.098,12.805,-12.866,3,41
-1.0220,-0.5093,-0.0132,46.220,11.951,-13.963,3,41
-0.1973,2.2627,-0.8398,84.939,87.500,115.000,4,41
-0.3589,2.2754,-0.4043,81.098,60.061,122.134,4,41
-0.5225,1.9995,-0.0313,90.183,11.280,134.329,4,41
0.1558,1.5464,-0.3687,90.915,-12.683,125.854,4,41
-0.0796,1.0088,-0.1631,119.390,-27.866,113.476,4,41
0.2329,0.4116,-0.5073,162.622,-37.805,110.305,4,41
-0.2554,-0.0664,-0.5835,209.878,-32.500,106.159,4,41
-0.7837,-0.1665,-0.5864,255.549,-50.427,124.939,4,41
-1.0244,-0.5151,-0.0332,41.524,11.098,-15.122,3,41
-1.0288,-0.5190,-0.0386,37.256,10.183,-15.915,3,41
-1.0200,-0.5020,-0.0532,33.232,9.390,-16.220,3,41
-1.0107,-0.4966,-0.0581,29.756,8.780,-15.854,3,41
-0.9971,-0.4805,-0.0713,25.671,8.049,-15.549,3,41
-0.9819,-0.4863,-0.0830,22.683,7.561,-14.695,3,41
-0.9741,-0.4771,-0.0728,20.061,7.500,-14.146,3,41
-0.9688,-0.4858,-0.0786,17.378,7.683,-12.866,3,41
-1.2559,-0.2524,-0.6655,269.634,-75.976,148.963,4,41
-1.5420,-0.3242,-0.7510,269.634,-99.939,166.280,4,41
-1.8999,-0.4380,-0.7144,273.659,-114.024,183.780,4,41
-2.2075,-0.4092,-0.6777,294.634,-113.110,202.012,4,41
-2.5327,-0.2905,-0.7070,322.805,-96.768,216.463,4,41
-2.8130,-0.2163,-0.8726,341.098,-73.902,223.415,4,41
-2.9438,-0.2734,-1.1294,345.000,-56.951,218.659,4,41
-2.8428,-0.4614,-1.3008,342.439,-45.244,203.659,4,41
-0.9604,-0.5010,-0.0879,15.610,7.866,-11.890,3,41
-0.9468,-0.5142,-0.0923,14.085,8.598,-10.671,3,41
-0.9331,-0.5308,-0.0869,12.622,9.085,-10.122,3,41
-0.9170,-0.5493,-0.0977,11.098,9.146,-8.537,3,41
-0.9155,-0.5718,-0.0952,9.634,9.512,-7.988,3,41
-0.9058,-0.5864,-0.1040,8.293,10.122,-6.463,3,41
-0.9033,-0.5903,-0.1108,6.463,10.549,-4.939,3,41
-0.9072,-0.6055,-0.1191,5.305,10.854,-4.024,3,41
-2.5732,-0.7715,-1.4326,346.890,-29.268,183.110,4,41
-2.0483,-1.2329,-1.5244,362.622,8.659,156.341,4,41
-1.9136,-1.3667,-1.5684,364.695,23.720,149.512,4,41
-1.7310,-1.5605,-1.6528,359.695,54.695,137.317,4,41
-1.6450,-1.6660,-1.7412,346.159,86.280,123.476,4,41
-1.6445,-1.7290,-1.8149,326.707,118.963,109.207,4,41
-1.6865,-1.7002,-1.8901,304.573,153.963,95.732,4,41
-1.7383,-1.5923,-1.9414,283.598,189.634,83.537,4,41
-0.9106,-0.5986,-0.1147,4.024,11.829,-1.524,3,41
-0.9150,-0.6021,-0.1118,3.841,12.195,-0.488,3,41
-0.9146,-0.5869,-0.1055,3.293,12.988,0.976,3,41
-0.9141,-0.5771,-0.1040,2.805,13.841,2.317,3,41
-0.9131,-0.5610,-0.0811,2.927,14.878,4.756,3,41
-0.9131,-0.5518,-0.0732,2.439,15.976,6.037,3,41
-0.9209,-0.5361,-0.0547,2.744,17.134,7.805,3,41
-0.9243,-0.5293,-0.0425,2.561,18.415,9.695,3,41
-1.7642,-1.4033,-1.9448,263.720,221.951,73.537,4,41
-1.7686,-1.1719,-1.9590,242.134,249.268,64.390,4,41
-1.7334,-0.9214,-1.9741,220.000,271.951,56.220,4,41
-1.7100,-0.6587,-1.9492,199.756,290.061,49.085,4,41
-1.6953,-0.4229,-1.9131,182.683,303.720,43.720,4,41
-1.6899,-0.1831,-1.8086,167.683,313.415,39.512,4,41
-1.7231,0.0273,-1.6685,152.134,319.512,36.951,4,41
-1.7583,0.1978,-1.5342,136.098,323.232,35.732,4,41
-0.9302,-0.5190,-0.0386,2.744,20.793,11.585,3,41
-0.9346,-0.5107,-0.0283,3.110,22.622,12.378,3,41
-0.9287,-0.5029,-0.0142,3.598,23.537,12.988,3,41
-0.9438,-0.4512,-0.0146,3.841,25.793,14.268,3,41
-0.9526,-0.4146,-0.0156,3.171,27.744,15.183,3,41
-0.9634,-0.3730,0.0000,3.171,29.512,15.915,3,41
-0.9873,-0.3486,0.0293,4.390,32.927,17.256,3,41
-0.9844,-0.3457,0.0088,7.500,36.890,18.293,3,41
-1.8193,0.3604,-1.4111,120.610,325.488,35.427,4,41
-1.8931,0.4854,-1.3413,106.646,328.232,36.585,4,41
-1.9644,0.6074,-1.2397,96.159,330.671,39.817,4,41
-2.0151,0.6934,-1.1563,87.805,333.354,44.695,4,41
-2.0376,0.7666,-1.1147,83.232,335.915,50.854,4,41
-2.0249,0.8330,-1.1255,82.134,339.207,58.232,4,41
-2.0005,0.8828,-1.1436,87.317,342.683,67.561,4,41
-1.9844,0.9243,-1.1582,96.951,346.280,76.707,4,41
-0.9565,-0.3579,-0.0376,11.341,39.878,19.695,3,41
-0.9351,-0.3613,-0.0879,14.878,41.768,20.122,3,41
-0.9253,-0.3677,-0.1357,16.829,42.988,20.488,3,41
-0.9214,-0.3618,-0.1455,17.683,43.841,20.305,3,41
-0.9336,-0.3423,-0.1353,17.317,44.695,19.695,3,41
-0.9531,-0.3398,-0.1177,15.183,45.000,19.146,3,41
-0.9688,-0.3218,-0.1025,12.500,45.366,19.268,3,41
-0.9829,-0.3184,-0.0786,9.939,45.305,19.451,3,41
-2.0679,-2.1758,-1.4351,-67.744,127.378,-333.049,1,90
-2.0640,-2.1494,-1.3809,-73.110,131.037,-334.756,1,90
-2.0786,-2.1445,-1.3247,-78.049,134.329,-336.341,1,90
-2.0908,-2.1455,-1.2642,-82.622,138.049,-337.561,1,90
-2.1123,-2.1465,-1.2144,-87.500,140.732,-338.476,1,90
-2.1279,-2.1567,-1.1426,-92.805,144.146,-339.695,1,90
-2.1543,-2.1582,-1.0728,-97.561,147.012,-340.183,1,90
-2.1777,-2.1499,-0.9717,-101.402,150.183,-340.915,1,90
0.6846,0.1968,-0.5176,24.146,-23.963,-60.610,2,90
0.6699,0.2109,-0.5298,24.573,-24.268,-60.854,2,90
0.6616,0.2256,-0.5244,25.305,-24.390,-60.732,2,90
0.6523,0.2334,-0.5225,26.646,-24.634,-61.220,2,90
0.6392,0.2373,-0.5249,28.293,-24.939,-61.463,2,90
0.6372,0.2505,-0.5151,30.610,-25.000,-61.951,2,90
0.6245,0.2563,-0.5107,32.805,-24.573,-62.256,2,90
0.6113,0.2632,-0.5098,35.732,-24.939,-62.927,2,90
-2.1929,-2.1338,-0.8643,-104.634,153.841,-341.585,1,90
-2.1978,-2.1040,-0.7583,-107.500,157.378,-342.866,1,90
-2.2012,-2.0713,-0.6543,-110.305,160.244,-343.963,1,90
-2.2031,-2.0313,-0.5581,-113.171,162.622,-345.183,1,90
-2.1919,-1.9990,-0.4746,-116.280,164.207,-346.707,1,90
-2.1768,-1.9868,-0.3887,-118.841,165.244,-348.232,1,90
-2.1680,-1.9697,-0.3247,-120.854,166.098,-349.268,1,90
-2.1592,-1.9600,-0.2505,-122.622,166.768,-350.549,1,90
0.5972,0.2656,-0.4980,38.415,-24.451,-63.476,2,90
0.5967,0.2681,-0.4976,40.793,-24.451,-64.085,2,90
0.5884,0.2788,-0.4883,43.659,-24.451,-64.756,2,90
0.5791,0.2803,-0.4741,46.220,-24.146,-65.793,2,90
0.5781,0.2754,-0.4766,48.780,-23.841,-66.646,2,90
0.5693,0.2803,-0.4590,51.220,-23.415,-67.500,2,90
0.5684,0.2832,-0.4370,53.171,-22.927,-67.927,2,90
0.5659,0.2842,-0.4258,54.512,-22.561,-69.024,2,90
-2.1489,-1.9702,-0.1987,-123.780,166.829,-351.768,1,90
-2.1563,-1.9771,-0.1455,-124.451,166.829,-352.683,1,90
-2.1582,-1.9990,-0.0913,-125.122,166.951,-353.780,1,90
-2.1636,-2.0269,-0.0327,-125.061,167.195,-354.329,1,90
-2.1787,-2.0522,0.0220,-124.634,167.378,-355.305,1,90
-2.1880,-2.0737,0.0732,-124.024,167.683,-355.915,1,90
-2.2017,-2.0996,0.1060,-122.744,167.805,-357.134,1,90
-2.2202,-2.1133,0.1387,-121.585,167.256,-358.780,1,90
0.5864,0.2798,-0.4180,56.037,-22.378,-69.512,2,90
0.5889,0.2744,-0.4155,57.317,-21.585,-70.061,2,90
0.6113,0.2744,-0.4072,58.476,-21.159,-70.549,2,90
0.6245,0.2588,-0.4063,60.061,-20.244,-70.732,2,90
0.6455,0.2593,-0.4092,61.280,-19.268,-71.037,2,90
0.6621,0.2598,-0.3906,62.500,-18.354,-70.976,2,90
0.6733,0.2578,-0.3872,63.171,-17.744,-71.098,2,90
0.6899,0.2471,-0.3848,64.329,-17.134,-71.768,2,90
-2.2236,-2.1377,0.1724,-120.061,166.585,-360.915,1,90
-2.2480,-2.1455,0.1963,-118.476,165.732,-363.537,1,90
-2.2651,-2.1602,0.2212,-116.585,164.451,-366.463,1,90
-2.2813,-2.1592,0.2319,-114.878,163.537,-369.878,1,90
-2.2954,-2.1689,0.2378,-112.744,162.073,-373.537,1,90
-2.3096,-2.1699,0.2549,-109.451,159.573,-379.451,1,90
-2.3223,-2.1606,0.2676,-107.256,157.683,-383.415,1,90
-2.3398,-2.1606,0.2661,-104.695,155.427,-387.378,1,90
0.6943,0.2441,-0.3882,65.793,-16.890,-71.890,2,90
0.7017,0.2368,-0.3896,66.951,-16.524,-72.561,2,90
0.7075,0.2354,-0.3848,68.171,-16.280,-72.988,2,90
0.7090,0.2319,-0.4019,69.878,-16.402,-73.598,2,90
0.7021,0.2246,-0.4019,71.402,-16.220,-74.085,2,90
0.7017,0.2261,-0.4258,74.024,-15.976,-74.756,2,90
0.6899,0.2319,-0.4321,76.341,-15.915,-75.061,2,90
0.6782,0.2261,-0.4346,78.354,-15.732,-75.549,2,90
-0.9063,-0.4004,-0.2373,8.902,35.061,32.073,3,41
-0.9004,-0.3877,-0.2363,10.610,35.366,33.537,3,41
-0.9165,-0.3711,-0.2339,12.256,36.098,34.634,3,41
-0.9219,-0.3647,-0.2500,13.841,37.012,36.585,3,41
-0.9297,-0.3843,-0.2544,16.341,38.841,38.415,3,41
-0.9438,-0.4053,-0.2227,21.463,42.073,40.854,3,41
-0.9492,-0.4224,-0.1797,28.537,46.829,43.293,3,41
-0.9370,-0.4165,-0.1543,34.085,50.671,45.122,3,41
-3.4136,0.2671,-0.1563,196.890,378.293,57.622,4,41
-3.4238,0.3047,-0.1538,197.500,376.646,56.951,4,41
-3.4351,0.3403,-0.1494,199.085,374.268,56.524,4,41
-3.4468,0.3662,-0.1396,201.037,370.793,56.768,4,41
-3.4722,0.3896,-0.1172,204.207,366.829,57.012,4,41
-3.4883,0.4146,-0.0977,207.622,362.805,57.012,4,41
-3.5044,0.4443,-0.0757,210.976,358.354,57.195,4,41
-3.5195,0.4585,-0.0581,213.841,353.720,57.927,4,41
-0.9131,-0.4204,-0.1636,35.915,52.012,47.378,3,41
-0.9136,-0.4272,-0.1670,35.183,52.073,47.561,3,41
-0.9185,-0.4385,-0.1743,36.098,52.744,47.927,3,41
-0.9253,-0.4209,-0.1890,37.805,53.841,48.171,3,41
-0.9194,-0.3862,-0.1943,38.902,54.695,48.659,3,41
-0.9375,-0.3433,-0.2158,39.451,54.695,49.451,3,41
-0.9521,-0.3013,-0.2158,39.451,55.183,50.610,3,41
-0.9678,-0.2642,-0.2188,40.305,55.671,51.280,3,41
-3.5332,0.4775,-0.0625,215.671,349.085,58.537,4,41
-3.5249,0.4883,-0.0566,217.073,345.122,59.146,4,41
-3.5186,0.4976,-0.0547,217.927,340.976,59.817,4,41
-3.5044,0.4990,-0.0469,217.744,336.768,60.183,4,41
-3.4937,0.4893,-0.0381,217.439,332.683,60.244,4,41
-3.4805,0.4839,-0.0210,215.915,328.598,60.366,4,41
-3.4629,0.4717,-0.0063,213.780,323.841,59.512,4,41
-3.4609,0.4590,-0.0034,211.280,319.573,58.476,4,41
-0.9839,-0.2378,-0.2266,41.220,57.073,52.378,3,41
-0.9858,-0.2397,-0.2368,41.890,58.049,52.744,3,41
-0.9814,-0.2534,-0.2466,42.744,59.268,53.049,3,41
-0.9678,-0.2671,-0.2256,43.537,60.000,53.476,3,41
-0.9536,-0.2910,-0.2012,43.476,60.854,54.207,3,41
-0.9419,-0.3110,-0.1699,42.744,61.463,54.878,3,41
-0.9365,-0.3286,-0.1465,42.256,62.012,55.610,3,41
-0.9331,-0.3291,-0.1318,40.854,62.378,56.951,3,41
-2.2441,-2.0132,0.3506,-100.793,86.037,-455.793,1,90
-2.2290,-1.9893,0.3521,-100.671,84.939,-456.829,1,90
-2.2188,-1.9600,0.3418,-100.671,83.232,-458.049,1,90
-2.2070,-1.9316,0.3379,-100.183,81.707,-458.780,1,90
-2.1851,-1.8965,0.3369,-99.268,79.878,-460.061,1,90
-2.1729,-1.8594,0.3286,-99.268,78.415,-460.488,1,90
-2.1553,-1.8301,0.3110,-98.598,77.317,-461.280,1,90
-2.1372,-1.8003,0.2935,-97.927,75.976,-461.098,1,90
0.7222,0.2876,-0.3989,101.646,-2.317,-68.780,2,90
0.7358,0.2842,-0.3853,101.585,-2.683,-68.049,2,90
0.7432,0.2773,-0.3945,102.134,-3.232,-67.439,2,90
0.7510,0.2656,-0.3779,102.561,-4.207,-67.134,2,90
0.7603,0.2686,-0.3872,103.110,-5.061,-66.768,2,90
0.7656,0.2607,-0.3892,103.841,-6.280,-66.280,2,90
0.7646,0.2568,-0.4023,104.695,-7.744,-66.341,2,90
0.7725,0.2563,-0.4102,105.793,-9.329,-66.463,2,90
-2.1182,-1.7837,0.2725,-97.195,74.390,-460.854,1,90
-2.1079,-1.7637,0.2397,-96.402,73.110,-460.549,1,90
-2.0840,-1.7534,0.2109,-95.488,72.134,-460.122,1,90
-2.0659,-1.7407,0.1909,-94.024,71.402,-460.244,1,90
-2.0552,-1.7256,0.1812,-93.354,70.671,-460.122,1,90
-2.0483,-1.7114,0.1724,-92.927,70.305,-459.817,1,90
-2.0361,-1.7012,0.1660,-93.110,69.329,-459.146,1,90
-2.0190,-1.6992,0.1465,-93.780,68.780,-458.476,1,90
0.7642,0.2563,-0.4326,107.073,-10.488,-66.220,2,90
0.7588,0.2637,-0.4536,108.902,-11.768,-66.524,2,90
0.7456,0.2666,-0.4668,109.817,-12.805,-66.585,2,90
0.7446,0.2808,-0.4775,110.854,-13.780,-66.585,2,90
0.7251,0.2856,-0.4897,110.732,-15.000,-66.829,2,90
0.7148,0.2896,-0.4971,111.098,-15.610,-67.195,2,90
0.7007,0.2979,-0.5112,111.220,-16.890,-66.707,2,90
0.6973,0.3008,-0.5151,111.402,-18.232,-66.463,2,90
-0.8237,-0.3105,-0.3086,59.512,98.415,93.110,3,41
-0.8120,-0.2817,-0.3760,60.915,99.268,93.963,3,41
-0.8003,-0.2563,-0.4355,62.500,99.573,93.720,3,41
-0.7837,-0.2466,-0.4595,63.110,99.939,93.902,3,41
-0.8311,-0.2554,-0.4526,62.988,99.146,94.024,3,41
-0.8384,-0.1987,-0.4570,61.829,97.317,94.634,3,41
-0.7168,-0.1123,-0.3623,55.000,93.780,93.476,3,41
-0.7686,-0.0542,-0.3960,47.256,87.500,95.183,3,41
-2.5742,4.8687,-8.5293,-360.244,432.500,24.573,4,41
-2.1797,-0.2300,-5.3262,50.000,314.390,116.707,4,41
-2.3657,2.8062,-0.6841,188.841,284.024,153.963,4,41
-6.6187,1.0674,12.4902,-49.756,186.341,9.817,4,41
-5.3809,0.1113,15.9624,-80.427,28.049,-232.378,4,41
-3.7280,1.5200,15.9995,-84.024,-187.012,-272.317,4,41
-2.9141,-2.7817,10.0586,-384.207,-295.244,-138.171,4,41
-3.4219,-8.6831,5.7427,-128.476,22.317,-28.780,4,41
-0.8218,-0.1196,-0.5679,43.293,85.915,96.280,3,41
-0.7773,-0.0903,-0.4688,42.439,85.549,95.793,3,41
-0.8052,-0.1323,-0.4077,35.244,79.878,97.744,3,41
-0.9326,-0.3193,-0.5063,30.488,76.402,98.110,3,41
-0.9497,-0.3994,-0.4390,27.622,75.427,98.232,3,41
-0.9507,-0.4585,-0.3955,22.744,71.585,99.695,3,41
-0.9990,-0.4971,-0.3755,16.768,68.110,100.183,3,41
-1.0039,-0.4756,-0.3955,10.427,64.756,99.085,3,41
-1.9810,-1.2192,-0.4180,-159.146,54.756,-416.220,1,90
-2.0029,-1.1660,-0.4463,-165.061,55.732,-411.037,1,90
-2.0190,-1.1016,-0.4648,-170.366,56.768,-405.305,1,90
-2.0449,-1.0308,-0.4922,-175.976,57.927,-398.963,1,90
-2.0684,-0.9204,-0.5171,-182.988,60.122,-389.085,1,90
-2.0767,-0.8354,-0.5283,-187.561,61.951,-381.768,1,90
-2.1021,-0.7456,-0.5151,-191.220,63.841,-374.329,1,90
-2.1289,-0.6372,-0.5161,-193.902,65.488,-366.402,1,90
0.9229,0.2148,-0.5073,101.098,-47.866,-58.354,2,90
0.9487,0.1953,-0.4897,97.378,-48.780,-58.171,2,90
0.9844,0.1777,-0.4731,92.927,-49.878,-57.927,2,90
1.0283,0.1548,-0.4614,88.720,-50.793,-57.561,2,90
1.0840,0.1396,-0.4600,84.634,-51.951,-57.073,2,90
1.1304,0.1172,-0.4424,80.122,-53.415,-56.829,2,90
1.1885,0.0952,-0.4531,75.549,-55.366,-56.341,2,90
1.2495,0.0728,-0.4629,71.098,-56.829,-55.915,2,90
-0.7065,0.2212,-0.4053,16.646,52.683,88.171,3,41
-0.6553,0.2407,-0.4771,22.805,52.134,84.817,3,41
-0.6719,0.2305,-0.5034,28.963,52.439,81.463,3,41
-0.6895,0.1685,-0.5415,32.622,51.098,75.244,3,41
-0.6709,0.1025,-0.5596,35.976,49.146,69.634,3,41
-0.7183,0.0835,-0.5557,37.866,46.585,65.000,3,41
-0.7622,0.0981,-0.5698,38.720,42.927,59.817,3,41
-0.7627,0.1387,-0.6147,40.854,40.244,54.085,3,41
-2.4673,0.6846,0.0972,-212.012,94.878,-273.902,1,90
-2.5259,0.9141,0.1934,-212.683,99.939,-260.793,1,90
-2.5703,1.1548,0.2910,-212.500,104.085,-246.280,1,90
-2.6396,1.4248,0.3447,-213.720,106.707,-229.817,1,90
-2.7197,1.6704,0.3501,-215.732,109.207,-212.073,1,90
-2.7959,1.9136,0.3120,-216.829,110.915,-192.683,1,90
-2.8813,2.1235,0.2510,-218.659,112.744,-172.317,1,90
-2.9609,2.3125,0.1807,-218.780,115.061,-152.317,1,90
-3.0420,2.4395,0.1260,-214.390,118.659,-132.805,1,90
-3.1216,2.5264,0.0781,-203.110,122.622,-114.878,1,90
-3.1831,2.5986,0.0391,-187.317,125.915,-98.841,1,90
-3.2236,2.6489,0.0103,-170.183,127.378,-85.000,1,90
-3.2441,2.6660,-0.0103,-151.646,126.220,-73.963,1,90
-3.2539,2.6338,-0.0205,-131.768,123.293,-65.671,1,90
-3.2324,2.5923,-0.0073,-109.939,119.268,-59.573,1,90
-3.2026,2.5322,0.0288,-86.646,114.268,-55.122,1,90
1.4819,-0.0259,-1.1821,17.195,-41.220,-50.610,2,90
1.4512,-0.0190,-1.2393,17.073,-40.671,-48.780,2,90
1.4253,-0.0078,-1.2725,17.134,-40.854,-46.280,2,90
1.4136,-0.0034,-1.3296,16.707,-40.976,-42.500,2,90
1.4092,0.0005,-1.3511,16.159,-41.707,-37.683,2,90
1.4106,0.0010,-1.3604,14.634,-42.134,-32.012,2,90
1.4194,0.0083,-1.3423,11.951,-42.744,-25.305,2,90
1.4536,-0.0063,-1.3179,7.683,-43.171,-17.500,2,90
-0.9102,0.0171,-0.4434,53.049,6.037,-26.829,3,41
-0.8472,-0.0400,-0.4736,53.598,3.780,-31.463,3,41
-0.7998,-0.0796,-0.4995,52.561,0.549,-35.854,3,41
-0.7876,-0.0806,-0.4995,49.756,-4.207,-40.183,3,41
-0.7827,-0.0659,-0.5103,44.939,-9.085,-44.085,3,41
-0.8105,-0.0410,-0.5103,40.244,-14.451,-48.110,3,41
-0.8633,-0.0156,-0.4839,35.671,-19.268,-52.256,3,41
-0.9121,0.0015,-0.4619,31.585,-22.988,-55.732,3,41
-2.0742,2.4453,0.0786,10.732,35.305,68.415,1,90
-2.0532,2.5186,0.0171,4.817,25.488,88.354,1,90
-2.0396,2.5918,-0.0454,-1.098,16.829,107.073,1,90
-2.0298,2.6748,-0.1060,-8.720,9.390,124.817,1,90
-2.0122,2.7490,-0.1646,-15.244,3.598,141.220,1,90
-1.9756,2.8101,-0.2197,-21.585,-0.549,156.402,1,90
-1.9414,2.8647,-0.2598,-26.037,-3.537,170.793,1,90
-1.8828,2.8721,-0.2993,-28.902,-4.695,185.000,1,90
1.7832,-0.3545,-1.1489,-32.134,-54.024,52.012,2,90
1.7681,-0.3628,-1.1577,-36.707,-55.732,54.390,2,90
1.7158,-0.3579,-1.1763,-41.585,-57.195,55.671,2,90
1.6626,-0.3428,-1.1899,-47.195,-57.805,55.915,2,90
1.5928,-0.3237,-1.1880,-54.329,-58.354,55.793,2,90
1.5186,-0.2979,-1.1904,-62.134,-58.537,55.305,2,90
1.4438,-0.2632,-1.1929,-70.305,-58.354,55.244,2,90
1.3828,-0.2358,-1.1948,-79.024,-57.805,55.244,2,90
-1.8149,2.8589,-0.3057,-31.646,-5.000,200.183,1,90
-1.7163,2.8149,-0.3188,-33.415,-5.915,215.793,1,90
-1.6392,2.7534,-0.2773,-31.402,-4.451,230.671,1,90
-1.6016,2.7119,-0.2896,-33.293,-4.146,246.220,1,90
-1.5063,2.6738,-0.2832,-32.500,-4.817,259.634,1,90
-1.4326,2.5981,-0.2773,-32.378,-6.159,271.890,1,90
-1.3696,2.5225,-0.2598,-32.683,-8.232,285.549,1,90
-1.3174,2.4316,-0.2583,-33.049,-11.159,299.024,1,90
1.3335,-0.1914,-1.1816,-86.951,-57.195,56.341,2,90
1.2842,-0.1460,-1.1626,-95.427,-56.524,57.988,2,90
1.2544,-0.1069,-1.1470,-103.476,-55.854,60.366,2,90
1.2246,-0.0688,-1.1167,-110.854,-55.122,63.293,2,90
1.2046,-0.0249,-1.0884,-118.232,-54.756,66.768,2,90
1.1987,0.0083,-1.0620,-124.390,-54.695,70.549,2,90
1.1968,0.0435,-1.0376,-129.207,-54.329,74.146,2,90
1.1919,0.0742,-0.9922,-133.293,-54.085,77.683,2,90
-0.8354,-0.2983,-0.3994,-7.744,-43.902,-75.915,3,41
-0.8242,-0.2788,-0.3862,-11.951,-45.183,-75.244,3,41
-0.8262,-0.2749,-0.3770,-15.427,-46.402,-74.390,3,41
-0.8311,-0.2886,-0.3740,-19.329,-47.622,-73.232,3,41
-0.8486,-0.3062,-0.3892,-22.012,-48.476,-72.073,3,41
-0.8530,-0.3252,-0.3730,-24.451,-49.512,-70.610,3,41
-0.8433,-0.3521,-0.3750,-27.195,-51.037,-69.329,3,41
-0.8291,-0.3916,-0.3843,-29.817,-52.256,-68.293,3,41
-3.5571,-2.1724,-1.1484,-266.037,258.293,8.293,4,41
-3.4771,-2.0845,-1.3755,-243.232,270.793,-6.524,4,41
-2.8657,-1.7202,-1.0068,-230.488,286.585,-23.110,4,41
-1.7603,-1.0610,-0.3252,-240.366,311.524,-42.439,4,41
-1.6978,-0.8960,0.7954,-245.793,291.890,-32.805,4,41
-2.6396,-1.0894,0.3042,-251.524,247.805,-32.317,4,41
-3.8047,-1.6035,-0.1406,-269.817,252.073,-45.366,4,41
-3.8550,-1.7412,0.0068,-265.183,278.841,-62.988,4,41
-0.8120,-0.4185,-0.3911,-32.561,-53.293,-67.195,3,41
-0.8008,-0.4443,-0.4106,-35.671,-55.122,-65.671,3,41
-0.7900,-0.4624,-0.4004,-38.780,-56.646,-64.146,3,41
-0.8032,-0.4688,-0.3940,-41.524,-57.500,-62.317,3,41
-0.8149,-0.4688,-0.3828,-44.451,-58.720,-59.939,3,41
-0.8262,-0.4712,-0.3950,-48.415,-60.122,-57.866,3,41
-0.8408,-0.4663,-0.3892,-52.195,-62.378,-56.220,3,41
-0.8643,-0.4785,-0.4067,-55.366,-63.232,-54.146,3,41
-1.6694,0.3687,-0.0967,59.878,-81.585,471.890,1,90
-1.7070,0.2300,-0.1060,64.756,-83.598,471.829,1,90
-1.7378,0.0723,-0.1162,68.841,-84.024,470.671,1,90
-1.7788,-0.0977,-0.1230,73.537,-83.110,468.049,1,90
-1.8096,-0.2910,-0.1099,78.476,-80.610,465.000,1,90
-1.8516,-0.4663,-0.0986,82.500,-77.317,460.793,1,90
-1.9028,-0.6514,-0.0825,85.976,-72.683,455.671,1,90
-1.9536,-0.8359,-0.0674,89.634,-66.037,449.817,1,90
0.8330,0.0781,-0.5928,-119.024,-59.146,101.524,2,90
0.7715,0.0645,-0.5835,-117.927,-58.232,101.707,2,90
0.7314,0.0630,-0.5557,-117.378,-56.707,102.073,2,90
0.6904,0.0503,-0.5366,-117.073,-55.366,102.134,2,90
0.6577,0.0391,-0.5151,-116.890,-54.085,103.232,2,90
0.6152,0.0259,-0.4956,-116.829,-52.439,104.146,2,90
0.5806,0.0151,-0.4673,-116.220,-51.037,104.573,2,90
0.5532,0.0059,-0.4521,-115.732,-49.390,105.732,2,90
-0.9111,-0.3779,-0.2397,-58.232,-61.220,-36.585,3,41
-0.8809,-0.3667,-0.2158,-58.049,-61.280,-36.402,3,41
-0.8433,-0.3433,-0.2412,-57.500,-60.976,-35.610,3,41
-0.8022,-0.3291,-0.2622,-55.488,-60.000,-34.695,3,41
-0.7788,-0.2935,-0.2871,-51.890,-58.476,-34.573,3,41
-0.7632,-0.2319,-0.2983,-49.329,-57.378,-34.512,3,41
-0.7637,-0.1772,-0.3076,-46.951,-57.195,-34.695,3,41
-0.7612,-0.1318,-0.3193,-44.634,-56.829,-34.207,3,41
-3.2158,1.8818,1.0771,27.805,80.427,-70.915,4,41
-2.5146,0.9258,0.9502,42.256,39.329,-106.220,4,41
-1.6567,0.2632,0.7085,45.915,17.500,-139.573,4,41
-1.1670,-0.1919,0.5430,41.646,8.780,-160.305,4,41
-0.9580,-0.5127,0.4561,25.366,11.402,-168.110,4,41
-0.9282,-0.7896,0.4683,5.915,18.780,-169.573,4,41
-0.9746,-1.0728,0.5488,-6.159,23.049,-171.159,4,41
-1.0337,-1.3276,0.6372,-7.683,21.402,-174.207,4,41
-0.7598,-0.1060,-0.3218,-41.220,-56.159,-33.354,3,41
-0.7485,-0.0967,-0.3237,-37.317,-55.549,-32.500,3,41
-0.7397,-0.1030,-0.3418,-33.659,-55.000,-32.073,3,41
-0.7212,-0.1343,-0.3599,-29.878,-54.390,-31.829,3,41
-0.6987,-0.1636,-0.3774,-26.768,-54.085,-32.134,3,41
-0.6924,-0.2100,-0.4043,-23.720,-53.780,-32.012,3,41
-0.6724,-0.2510,-0.4009,-20.671,-53.598,-32.561,3,41
-0.6655,-0.2769,-0.3940,-18.598,-52.866,-32.683,3,41
-1.5220,-1.8887,-0.5742,-21.707,19.085,376.220,1,90
-1.5063,-1.9355,-0.5928,-24.146,16.037,376.037,1,90
-1.4741,-2.0469,-0.6694,-30.122,8.537,375.976,1,90
-1.4780,-2.1177,-0.7183,-31.890,4.573,375.427,1,90
-1.4863,-2.1855,-0.7729,-30.854,1.402,373.780,1,90
-1.4956,-2.2598,-0.8193,-28.476,-0.549,371.098,1,90
-1.5078,-2.3311,-0.8682,-23.537,-1.037,366.951,1,90
-1.5005,-2.4233,-0.9268,-16.280,0.732,361.220,1,90
0.3633,0.0430,-0.2061,-119.573,-30.122,103.171,2,90
0.3628,0.0596,-0.2070,-118.415,-28.415,101.037,2,90
0.3511,0.0630,-0.2070,-117.500,-27.012,98.598,2,90
0.3447,0.0708,-0.2080,-115.976,-25.061,96.037,2,90
0.3345,0.0850,-0.2090,-114.024,-23.720,92.988,2,90
0.3276,0.0977,-0.2183,-112.134,-22.378,90.122,2,90
0.3237,0.1206,-0.2148,-109.390,-21.098,87.012,2,90
0.3086,0.1333,-0.2314,-106.707,-20.061,83.598,2,90
-1.4907,-2.5044,-0.9800,-7.134,4.939,352.927,1,90
-1.4487,-2.6050,-1.0293,2.683,10.488,343.598,1,90
-1.3853,-2.6958,-1.0757,12.622,18.110,333.415,1,90
-1.3208,-2.8052,-1.1099,22.683,26.159,323.354,1,90
-1.2158,-2.9116,-1.1558,31.463,34.451,313.354,1,90
-1.1060,-3.0073,-1.2021,38.598,42.439,303.598,1,90
-0.9741,-3.1035,-1.2192,43.841,49.573,294.512,1,90
-0.9570,-2.9243,-1.2705,49.939,55.488,278.293,1,90
0.2930,0.1587,-0.2314,-103.293,-18.963,80.427,2,90
0.2876,0.1787,-0.2427,-100.244,-17.927,77.500,2,90
0.2754,0.1973,-0.2412,-97.073,-17.195,74.024,2,90
0.2559,0.2139,-0.2583,-93.780,-16.341,71.280,2,90
0.2451,0.2280,-0.2632,-90.061,-15.732,68.354,2,90
0.2324,0.2388,-0.2754,-86.402,-15.122,65.915,2,90
0.2236,0.2500,-0.2837,-82.256,-14.634,63.598,2,90
0.2114,0.2671,-0.2764,-78.598,-14.268,61.463,2,90
-1.2075,-0.3477,-0.0142,-34.573,-51.524,-18.659,3,41
-1.2285,-0.3325,-0.0103,-35.488,-49.024,-17.012,3,41
-1.2378,-0.3213,-0.0161,-33.963,-46.402,-15.244,3,41
-1.2295,-0.3281,-0.0298,-30.244,-42.866,-14.085,3,41
-1.2021,-0.3486,-0.0391,-25.427,-38.232,-12.988,3,41
-1.1777,-0.3530,-0.0430,-20.366,-33.049,-12.134,3,41
-1.1494,-0.3584,-0.0381,-16.280,-28.537,-11.463,3,41
-1.1323,-0.3750,-0.0396,-12.439,-23.841,-10.488,3,41
-1.7358,-0.5024,0.5566,134.512,-282.927,-266.037,4,41
-1.7783,-0.4077,0.5562,132.500,-298.110,-267.622,4,41
-1.8364,-0.3130,0.5449,131.890,-313.049,-268.963,4,41
-1.8848,-0.2344,0.5220,133.293,-326.341,-270.976,4,41
-1.9429,-0.1680,0.4907,136.524,-337.317,-272.683,4,41
-1.9854,-0.1348,0.4692,141.524,-345.671,-274.756,4,41
-2.0386,-0.1289,0.4663,148.354,-352.500,-275.732,4,41
-2.0654,-0.1440,0.4644,155.915,-357.683,-275.183,4,41
-1.1396,-0.3872,0.0059,-8.841,-18.049,-9.146,3,41
-1.1357,-0.3794,0.0322,-6.463,-13.415,-7.561,3,41
-1.1079,-0.3882,0.0200,-5.732,-10.671,-5.793,3,41
-1.0664,-0.4150,-0.0112,-5.671,-8.293,-3.841,3,41
-1.0444,-0.4360,-0.0098,-4.451,-4.573,-1.890,3,41
-1.0259,-0.4453,-0.0435,-3.598,-1.463,-0.366,3,41
-1.0034,-0.4229,-0.0645,-2.744,1.585,0.488,3,41
-0.9741,-0.3911,-0.0742,-1.768,4.085,2.012,3,41
0.9390,-2.8667,-1.0742,-54.573,15.183,174.756,1,90
0.9443,-2.7871,-1.1255,-54.817,13.476,173.780,1,90
0.9209,-2.7119,-1.1743,-54.451,12.927,174.268,1,90
0.9067,-2.6582,-1.2109,-53.232,13.415,174.634,1,90
0.8833,-2.6162,-1.2378,-51.098,14.390,175.488,1,90
0.8560,-2.5825,-1.2661,-47.866,16.098,175.671,1,90
0.8423,-2.5649,-1.2871,-44.329,18.415,175.610,1,90
0.8174,-2.5503,-1.2847,-40.183,21.159,175.000,1,90
0.4429,0.2124,-0.4004,-47.378,-12.378,40.854,2,90
0.4375,0.2192,-0.4165,-47.866,-12.195,39.573,2,90
0.4409,0.2290,-0.4346,-48.537,-11.768,38.110,2,90
0.4404,0.2446,-0.4385,-49.085,-11.280,36.280,2,90
0.4346,0.2603,-0.4688,-49.634,-10.671,34.756,2,90
0.4185,0.2793,-0.4863,-50.244,-9.817,33.354,2,90
0.4116,0.3022,-0.4961,-50.488,-8.598,31.890,2,90
0.3950,0.3232,-0.5176,-50.610,-7.561,30.915,2,90
0.8008,-2.5298,-1.2705,-35.122,23.720,173.293,1,90
0.7773,-2.5254,-1.2480,-29.573,26.463,171.159,1,90
0.7549,-2.5259,-1.2051,-24.573,28.598,168.476,1,90
0.7188,-2.5225,-1.1611,-20.244,30.305,165.488,1,90
0.6968,-2.5171,-1.1055,-14.939,31.951,162.439,1,90
0.6631,-2.5327,-1.0498,-10.793,32.805,158.780,1,90
0.6211,-2.5215,-0.9946,-6.220,33.049,154.756,1,90
0.5771,-2.5225,-0.9468,-2.195,33.415,150.732,1,90
0.3823,0.3511,-0.5317,-50.549,-5.915,29.878,2,90
0.3643,0.3833,-0.5454,-49.756,-4.207,28.902,2,90
0.3516,0.4043,-0.5605,-49.451,-2.439,28.171,2,90
0.3330,0.4219,-0.5859,-48.659,-0.610,27.439,2,90
0.3208,0.4497,-0.5942,-47.927,1.707,26.768,2,90
0.3008,0.4678,-0.6006,-46.463,3.659,26.646,2,90
0.2896,0.4844,-0.6021,-44.939,5.610,25.793,2,90
0.2705,0.5063,-0.6060,-43.598,7.805,25.610,2,90
0.5171,-2.5239,-0.8911,1.585,32.988,145.915,1,90
0.4727,-2.5171,-0.8403,5.305,32.073,140.915,1,90
0.4209,-2.5034,-0.7974,9.451,30.854,135.366,1,90
0.3765,-2.4858,-0.7847,12.927,29.878,129.817,1,90
0.3276,-2.4653,-0.7485,16.707,29.024,123.415,1,90
0.2954,-2.4512,-0.7349,21.098,28.293,116.341,1,90
0.2490,-2.4224,-0.7104,25.305,27.988,109.268,1,90
0.2231,-2.4028,-0.6978,30.244,28.232,101.951,1,90
0.2627,0.5210,-0.6094,-41.890,9.512,25.244,2,90
0.2456,0.5425,-0.6138,-40.427,11.524,25.000,2,90
0.2422,0.5596,-0.6123,-38.598,13.659,25.000,2,90
0.2241,0.5732,-0.6235,-36.951,15.610,25.488,2,90
0.2148,0.5879,-0.6133,-34.817,17.439,25.671,2,90
0.2148,0.6045,-0.6216,-33.049,19.329,26.037,2,90
0.1948,0.6104,-0.6177,-31.585,20.976,26.707,2,90
0.1890,0.6265,-0.6157,-30.305,22.622,27.500,2,90
0.1963,-2.3730,-0.6909,35.732,28.841,93.902,1,90
0.1797,-2.3467,-0.6899,41.098,29.329,86.159,1,90
0.1685,-2.3184,-0.6792,46.341,30.549,78.049,1,90
0.1504,-2.2910,-0.6592,51.768,31.707,69.878,1,90
0.1567,-2.2695,-0.6533,56.707,32.927,61.890,1,90
0.1602,-2.2388,-0.6455,61.890,34.085,54.146,1,90
0.1572,-2.2231,-0.6221,66.890,35.183,46.646,1,90
0.1641,-2.2065,-0.6108,71.402,36.037,39.390,1,90
0.1875,0.6304,-0.6050,-29.268,24.268,28.354,2,90
0.1807,0.6396,-0.6016,-28.293,25.671,28.963,2,90
0.1797,0.6450,-0.5898,-26.890,27.378,30.000,2,90
0.1821,0.6499,-0.5938,-25.549,28.902,30.549,2,90
0.1797,0.6572,-0.5791,-24.573,30.427,31.646,2,90
0.1860,0.6602,-0.5835,-23.720,31.951,32.439,2,90
0.1885,0.6621,-0.5737,-22.744,33.598,32.866,2,90
0.2085,0.6636,-0.5713,-22.073,34.939,33.780,2,90
0.1655,-2.1772,-0.5732,77.866,36.524,29.085,1,90
0.1543,-2.1592,-0.5620,80.732,36.280,22.439,1,90
0.1523,-2.1416,-0.5347,83.598,35.305,15.976,1,90
0.1489,-2.1299,-0.5195,85.610,33.659,10.244,1,90
0.1313,-2.1167,-0.5156,85.976,31.524,3.963,1,90
0.1187,-2.1030,-0.5010,85.976,29.207,-1.829,1,90
0.0933,-2.0923,-0.4902,85.305,27.073,-7.561,1,90
0.0825,-2.0796,-0.4717,84.085,25.671,-12.866,1,90
0.2144,0.6636,-0.5610,-21.280,36.463,34.390,2,90
0.2231,0.6587,-0.5596,-21.463,37.927,34.573,2,90
0.2441,0.6587,-0.5518,-21.463,39.573,35.244,2,90
0.2563,0.6440,-0.5479,-21.890,40.671,35.488,2,90
0.2666,0.6421,-0.5444,-22.256,41.829,35.976,2,90
0.2798,0.6323,-0.5439,-23.232,43.293,36.402,2,90
0.2905,0.6147,-0.5386,-24.085,44.573,36.463,2,90
0.2954,0.5962,-0.5361,-25.183,45.427,36.890,2,90
0.0518,-2.0630,-0.4644,82.683,23.415,-18.476,1,90
0.0269,-2.0522,-0.4580,81.280,21.463,-23.902,1,90
0.0000,-2.0381,-0.4502,79.207,19.329,-29.390,1,90
-0.0215,-2.0225,-0.4390,76.829,17.012,-34.695,1,90
-0.0352,-2.0029,-0.4424,74.939,15.061,-40.305,1,90
-0.0513,-1.9683,-0.4312,72.195,13.049,-45.610,1,90
-0.0703,-1.9492,-0.4351,69.695,11.159,-50.732,1,90
-0.0781,-1.9199,-0.4414,66.707,9.756,-55.976,1,90
0.3003,0.5845,-0.5283,-26.646,46.585,37.317,2,90
0.3037,0.5625,-0.5303,-28.415,48.232,37.744,2,90
0.3003,0.5518,-0.5244,-29.085,48.476,37.744,2,90
0.2959,0.5474,-0.5239,-30.549,49.756,37.744,2,90
0.2974,0.5366,-0.5273,-32.134,50.427,37.744,2,90
0.2998,0.5327,-0.5239,-33.841,51.402,37.744,2,90
0.3022,0.5303,-0.5254,-35.793,52.195,37.561,2,90
0.3081,0.5166,-0.5313,-38.232,52.744,37.561,2,90
-0.0869,-1.8921,-0.4365,64.146,8.598,-61.280,1,90
-0.0962,-1.8633,-0.4341,61.524,7.256,-65.732,1,90
-0.1001,-1.8257,-0.4395,59.329,5.915,-70.488,1,90
-0.1128,-1.7827,-0.4292,56.890,4.512,-74.512,1,90
-0.1196,-1.7446,-0.4263,54.878,3.049,-78.537,1,90
-0.1167,-1.7041,-0.4282,52.317,1.585,-82.256,1,90
-0.1167,-1.6670,-0.4292,49.817,-0.244,-85.488,1,90
-0.1147,-1.6406,-0.4209,47.439,-1.524,-88.232,1,90
0.3110,0.5249,-0.5269,-40.549,53.293,37.256,2,90
0.3101,0.5166,-0.5342,-42.744,54.329,37.134,2,90
0.3105,0.5181,-0.5376,-44.939,55.305,37.012,2,90
0.3198,0.5137,-0.5435,-47.073,55.854,36.768,2,90
0.3262,0.5205,-0.5439,-48.598,56.280,36.524,2,90
0.3286,0.5225,-0.5576,-49.634,56.829,36.037,2,90
0.3330,0.5225,-0.5674,-49.939,57.073,35.732,2,90
0.3501,0.5342,-0.5825,-50.366,57.561,35.244,2,90
-0.1182,-1.6094,-0.4316,45.488,-2.927,-91.159,1,90
-0.1045,-1.5806,-0.4238,43.232,-4.146,-93.780,1,90
-0.1162,-1.5439,-0.4209,41.280,-5.183,-95.976,1,90
-0.1045,-1.5234,-0.4165,39.573,-6.280,-98.293,1,90
-0.1099,-1.5020,-0.4155,37.805,-7.622,-100.488,1,90
-0.0972,-1.4858,-0.4058,36.402,-8.476,-102.317,1,90
-0.0913,-1.4668,-0.3975,34.817,-10.305,-104.268,1,90
-0.0908,-1.4458,-0.3901,32.805,-11.280,-106.098,1,90
0.3496,0.5449,-0.5947,-50.305,57.866,34.756,2,90
0.3535,0.5518,-0.6079,-50.244,57.927,34.268,2,90
0.3521,0.5601,-0.6118,-50.061,58.171,33.720,2,90
0.3433,0.5649,-0.6074,-49.573,58.293,33.841,2,90
0.3438,0.5693,-0.6221,-49.085,58.598,33.537,2,90
0.3325,0.5737,-0.6265,-47.378,58.171,33.354,2,90
0.3237,0.5669,-0.6250,-45.854,57.988,32.988,2,90
0.3203,0.5664,-0.6270,-44.634,57.622,32.683,2,90
-0.0928,-1.4126,-0.3916,29.695,-13.415,-108.415,1,90
-0.0864,-1.3979,-0.3877,27.500,-14.756,-110.427,1,90
-0.0918,-1.3765,-0.3828,25.305,-16.402,-111.768,1,90
-0.0884,-1.3530,-0.3745,23.232,-17.561,-113.415,1,90
-0.0947,-1.3447,-0.3770,20.671,-19.695,-114.939,1,90
-0.1011,-1.3242,-0.3647,17.866,-21.098,-115.915,1,90
-0.1016,-1.3086,-0.3608,15.549,-22.988,-117.439,1,90
-0.1035,-1.2896,-0.3569,12.805,-24.207,-118.415,1,90
0.3179,0.5581,-0.6240,-42.927,57.134,32.500,2,90
0.3145,0.5439,-0.6138,-41.037,56.524,32.256,2,90
0.3154,0.5317,-0.6147,-39.146,56.159,32.012,2,90
0.3125,0.5249,-0.6138,-36.707,55.366,31.707,2,90
0.3213,0.5107,-0.6074,-34.512,55.244,31.341,2,90
0.3345,0.4976,-0.6045,-31.707,54.390,30.732,2,90
0.3379,0.4868,-0.5996,-29.817,53.659,29.878,2,90
0.3574,0.4746,-0.5918,-27.012,53.049,29.085,2,90
-0.1138,-1.2759,-0.3574,9.817,-26.098,-119.390,1,90
-0.1172,-1.2578,-0.3613,6.585,-27.317,-120.122,1,90
-0.1299,-1.2510,-0.3589,3.902,-28.902,-120.732,1,90
-0.1274,-1.2368,-0.3604,0.793,-30.427,-121.280,1,90
-0.1411,-1.2212,-0.3564,-2.195,-31.707,-122.073,1,90
-0.1421,-1.2080,-0.3667,-4.756,-32.866,-122.378,1,90
-0.1484,-1.2075,-0.3545,-7.195,-34.268,-122.805,1,90
-0.1533,-1.1934,-0.3569,-9.329,-35.244,-123.415,1,90
0.3589,0.4644,-0.5942,-24.695,52.378,28.049,2,90
0.3662,0.4487,-0.5630,-21.524,51.524,27.134,2,90
0.3804,0.4424,-0.5557,-19.085,51.098,25.854,2,90
0.3926,0.4399,-0.5444,-16.585,49.878,24.634,2,90
0.4082,0.4258,-0.5327,-13.659,49.085,23.110,2,90
0.4209,0.4272,-0.5259,-11.585,47.988,21.280,2,90
0.4365,0.4238,-0.5181,-8.963,46.890,19.573,2,90
0.4438,0.4141,-0.5107,-5.732,46.098,17.500,2,90
-0.1670,-1.1777,-0.3599,-11.220,-35.976,-123.902,1,90
-0.1729,-1.1621,-0.3608,-13.354,-36.768,-124.329,1,90
-0.1719,-1.1533,-0.3633,-14.207,-37.561,-125.000,1,90
-0.1719,-1.1426,-0.3662,-15.671,-38.110,-125.549,1,90
-0.1709,-1.1240,-0.3701,-15.976,-38.659,-126.341,1,90
-0.1616,-1.1069,-0.3711,-16.707,-39.085,-127.134,1,90
-0.1587,-1.0898,-0.3750,-16.890,-39.878,-127.988,1,90
-0.1504,-1.0659,-0.3779,-16.646,-39.878,-128.598,1,90
0.4648,0.4087,-0.5103,-2.683,44.817,15.732,2,90
0.4727,0.4106,-0.5024,1.098,43.780,13.720,2,90
0.4810,0.4185,-0.5107,4.695,42.439,11.646,2,90
0.4868,0.4180,-0.5112,8.598,41.280,9.451,2,90
0.4937,0.4199,-0.5142,12.988,40.183,7.134,2,90
0.5020,0.4248,-0.5234,17.500,39.024,4.939,2,90
0.5005,0.4292,-0.5166,21.707,37.988,2.744,2,90
0.5142,0.4331,-0.5283,26.341,37.012,0.366,2,90
-0.1548,-1.0508,-0.3706,-16.037,-40.244,-129.756,1,90
-0.1465,-1.0356,-0.3804,-16.037,-40.549,-130.732,1,90
-0.1445,-1.0151,-0.3804,-14.878,-41.280,-131.341,1,90
-0.1338,-1.0029,-0.3789,-14.207,-41.646,-132.561,1,90
-0.1182,-0.9795,-0.3711,-13.354,-41.646,-133.049,1,90
-0.1279,-0.9653,-0.3662,-12.134,-41.768,-133.963,1,90
-0.1123,-0.9526,-0.3735,-11.402,-42.195,-134.512,1,90
-0.0981,-0.9297,-0.3584,-9.817,-42.317,-135.610,1,90
0.5049,0.4370,-0.5288,30.305,36.037,-2.073,2,90
0.5083,0.4419,-0.5293,34.390,35.000,-4.573,2,90
0.5034,0.4414,-0.5361,38.354,33.841,-6.829,2,90
0.5103,0.4409,-0.5439,42.744,32.744,-9.268,2,90
0.5117,0.4341,-0.5459,47.378,31.829,-11.524,2,90
0.5098,0.4370,-0.5601,51.646,30.671,-13.659,2,90
0.5005,0.4292,-0.5508,55.732,29.634,-16.098,2,90
0.4985,0.4282,-0.5566,59.390,28.537,-18.110,2,90
-0.0967,-0.9185,-0.3589,-8.659,-42.500,-136.280,1,90
-0.0811,-0.9038,-0.3550,-7.500,-42.744,-137.073,1,90
-0.0723,-0.8965,-0.3384,-6.159,-43.171,-137.683,1,90
-0.0679,-0.8813,-0.3423,-4.390,-43.598,-137.805,1,90
-0.0552,-0.8770,-0.3335,-2.500,-44.085,-138.780,1,90
-0.0439,-0.8667,-0.3257,-0.915,-44.634,-138.659,1,90
-0.0396,-0.8652,-0.3281,0.732,-44.756,-139.390,1,90
-0.0225,-0.8491,-0.3154,2.378,-45.549,-139.329,1,90
0.4937,0.4189,-0.5620,63.171,27.622,-20.488,2,90
0.4932,0.4253,-0.5596,65.976,26.707,-22.622,2,90
0.4956,0.4204,-0.5542,68.780,25.854,-24.756,2,90
0.4922,0.4141,-0.5586,71.159,24.695,-26.951,2,90
0.4912,0.4126,-0.5518,73.293,23.841,-29.207,2,90
0.4902,0.4121,-0.5435,74.390,22.866,-30.915,2,90
0.4858,0.4106,-0.5396,75.244,21.768,-33.049,2,90
0.4951,0.4038,-0.5342,75.549,20.732,-34.756,2,90
-0.0220,-0.8472,-0.3110,4.207,-45.671,-139.756,1,90
-0.0068,-0.8516,-0.2998,6.037,-45.732,-139.939,1,90
-0.0122,-0.8491,-0.3037,7.683,-46.341,-140.244,1,90
0.0049,-0.8501,-0.2983,9.451,-46.768,-139.939,1,90
0.0020,-0.8501,-0.3052,11.220,-47.378,-140.000,1,90
0.0098,-0.8535,-0.3101,12.500,-47.866,-139.756,1,90
0.0083,-0.8550,-0.3013,13.780,-48.537,-139.512,1,90
0.0093,-0.8682,-0.2944,15.061,-48.841,-139.146,1,90
0.4912,0.4067,-0.5278,75.244,19.939,-36.768,2,90
0.4878,0.4023,-0.5239,74.878,19.024,-38.171,2,90
0.4819,0.3999,-0.5288,74.024,17.744,-39.207,2,90
0.4854,0.3916,-0.5293,73.415,17.073,-40.305,2,90
0.4810,0.3955,-0.5264,72.500,16.220,-41.585,2,90
0.4722,0.3936,-0.5127,71.524,14.756,-42.744,2,90
0.4712,0.3916,-0.5239,70.366,14.085,-43.293,2,90
0.4692,0.3818,-0.5210,68.963,12.988,-44.634,2,90
0.0024,-0.8716,-0.2900,16.220,-49.878,-139.390,1,90
-0.0005,-0.8755,-0.2837,16.768,-50.671,-139.207,1,90
0.0024,-0.8809,-0.2729,18.049,-51.280,-138.598,1,90
-0.0122,-0.8892,-0.2661,18.720,-52.378,-138.293,1,90
-0.0190,-0.9009,-0.2598,19.146,-53.293,-137.866,1,90
-0.0259,-0.9102,-0.2603,19.573,-54.512,-137.500,1,90
-0.0337,-0.9204,-0.2476,19.512,-55.427,-137.500,1,90
-0.0405,-0.9346,-0.2534,19.634,-55.976,-137.317,1,90
0.4668,0.3882,-0.5137,67.317,11.951,-45.366,2,90
0.4595,0.3794,-0.5137,65.976,10.915,-46.098,2,90
0.4536,0.3765,-0.5171,63.659,9.878,-47.012,2,90
0.4468,0.3594,-0.5103,61.646,8.841,-47.256,2,90
0.4365,0.3618,-0.5098,59.817,7.744,-47.927,2,90
0.4277,0.3457,-0.5107,57.256,6.890,-48.659,2,90
0.4248,0.3364,-0.5088,55.854,6.220,-49.329,2,90
0.4170,0.3335,-0.5044,53.841,5.305,-49.939,2,90
-0.0444,-0.9463,-0.2529,19.573,-56.768,-137.622,1,90
-0.0513,-0.9521,-0.2578,19.634,-57.622,-137.927,1,90
-0.0596,-0.9609,-0.2534,19.024,-58.720,-137.988,1,90
-0.0571,-0.9731,-0.2593,18.780,-59.817,-138.537,1,90
-0.0679,-0.9775,-0.2583,17.988,-61.098,-139.024,1,90
-0.0615,-0.9834,-0.2607,17.134,-62.866,-139.451,1,90
-0.0591,-0.9971,-0.2725,17.012,-63.720,-140.061,1,90
-0.0684,-1.0015,-0.2808,15.671,-65.610,-141.098,1,90
0.4146,0.3267,-0.5122,52.134,4.573,-50.366,2,90
0.4038,0.3140,-0.5127,50.488,3.902,-51.220,2,90
0.4106,0.3047,-0.5146,48.902,3.293,-51.585,2,90
0.4038,0.3066,-0.5195,47.439,2.744,-52.378,2,90
0.4019,0.3032,-0.5107,45.976,2.378,-52.866,2,90
0.4033,0.2979,-0.5254,44.817,1.951,-53.598,2,90
0.3936,0.2935,-0.5059,43.415,1.585,-54.390,2,90
0.3892,0.2930,-0.5103,42.561,1.159,-54.878,2,90
-0.0693,-0.9932,-0.2808,14.390,-66.585,-141.829,1,90
-0.0698,-1.0063,-0.2866,13.720,-67.500,-142.500,1,90
-0.0674,-1.0024,-0.3003,13.293,-68.171,-143.354,1,90
-0.0747,-1.0020,-0.2925,12.683,-69.390,-144.146,1,90
-0.0674,-0.9922,-0.2979,12.866,-70.000,-145.183,1,90
-0.0635,-0.9897,-0.3154,12.195,-71.220,-145.732,1,90
-0.0669,-0.9829,-0.3228,12.622,-72.195,-146.707,1,90
-0.0630,-0.9766,-0.3423,12.256,-73.232,-147.378,1,90
0.3862,0.2939,-0.5098,41.463,0.793,-55.488,2,90
0.3901,0.2896,-0.5000,40.183,0.671,-56.159,2,90
0.3804,0.2910,-0.4917,38.476,0.244,-56.524,2,90
0.3745,0.2891,-0.4810,37.805,-0.122,-57.317,2,90
0.3721,0.2832,-0.4702,36.829,-0.427,-57.927,2,90
0.3667,0.2695,-0.4692,36.341,-0.671,-58.659,2,90
0.3701,0.2700,-0.4678,35.549,-0.915,-59.512,2,90
0.3604,0.2725,-0.4585,35.305,-1.220,-60.549,2,90
-0.0508,-0.9707,-0.3467,12.988,-74.329,-148.232,1,90
-0.0483,-0.9697,-0.3579,13.232,-74.878,-148.476,1,90
-0.0459,-0.9595,-0.3560,13.841,-75.671,-149.451,1,90
-0.0415,-0.9609,-0.3687,14.939,-76.646,-149.939,1,90
-0.0415,-0.9570,-0.3691,15.671,-77.439,-150.549,1,90
-0.0400,-0.9468,-0.3735,16.585,-77.866,-151.341,1,90
-0.0288,-0.9409,-0.3706,17.683,-78.902,-151.585,1,90
-0.0225,-0.9297,-0.3682,18.720,-79.695,-152.439,1,90
