ax,ay,az,gx,gy,gz,slot,label
-0.5615,1.1992,0.2109,-42.988,79.390,7.683,1,13
-0.5493,1.1792,0.2285,-41.707,77.866,11.646,1,13
-0.5381,1.1533,0.2319,-40.671,75.488,16.037,1,13
-0.5264,1.1230,0.2383,-40.000,72.378,19.756,1,13
-0.5127,1.0986,0.2397,-39.207,68.963,23.598,1,13
-0.5151,1.0679,0.2388,-38.415,64.146,27.317,1,13
-0.5215,1.0508,0.2461,-39.024,59.207,30.427,1,13
-0.5225,1.0293,0.2490,-40.732,53.902,33.049,1,13
-0.6958,1.0806,0.2417,-71.402,6.829,58.902,1,13
-0.7100,1.0874,0.2583,-71.951,4.329,60.488,1,13
-0.7329,1.1099,0.2979,-72.317,-0.549,63.537,1,13
-0.7432,1.1152,0.3193,-71.341,-5.671,66.646,1,13
-0.7559,1.1069,0.3403,-68.963,-12.988,71.951,1,13
-0.7749,1.1030,0.3696,-67.439,-17.927,75.671,1,13
-0.7896,1.0933,0.3853,-66.524,-22.317,78.841,1,13
-0.8066,1.0674,0.3965,-66.341,-26.890,81.646,1,13
-0.5518,1.1118,0.4717,-28.171,-61.585,103.110,1,13
-0.5293,1.1177,0.4438,-18.720,-64.207,103.902,1,13
-0.4922,1.1147,0.4063,-9.817,-66.585,104.695,1,13
-0.4775,1.1187,0.3750,-0.915,-68.780,105.000,1,13
-0.4370,1.1543,0.3604,8.659,-72.683,104.939,1,13
-0.4175,1.2598,0.2700,16.829,-76.707,103.720,1,13
-0.3872,1.4287,0.1611,30.488,-80.000,102.317,1,13
-0.3994,1.6055,0.2568,42.500,-85.793,101.037,1,13
-0.4097,1.6499,0.3135,48.293,-91.646,100.061,1,13
-0.4092,1.5879,0.2847,57.195,-97.439,101.524,1,13
-0.4160,1.4644,0.1509,72.622,-101.951,103.963,1,13
-0.4409,1.3330,-0.0786,97.622,-105.366,105.732,1,13
-0.5054,1.2432,-0.1655,127.622,-108.171,104.085,1,13
-0.5747,1.1919,-0.1470,154.390,-110.305,97.744,1,13
-0.6104,1.1890,-0.0508,177.378,-112.256,88.171,1,13
-0.6284,1.1787,0.0938,197.134,-113.537,78.171,1,13
-0.4253,-0.9185,-0.4761,166.646,-47.927,19.329,1,13
-0.3970,-0.8257,-0.6709,134.817,-29.085,13.598,1,13
-0.3374,-0.6689,-0.7949,99.695,-10.671,10.671,1,13
-0.2554,-0.4741,-0.8579,63.110,3.841,11.159,1,13
-0.1592,-0.2441,-0.9092,31.159,13.171,15.488,1,13
-0.0742,0.0396,-0.8818,6.646,15.305,23.049,1,13
-0.0098,0.3247,-0.7729,-10.854,11.646,32.683,1,13
0.0156,0.5454,-0.5957,-22.744,3.659,42.866,1,13
0.0313,0.7095,-0.3247,-30.854,-9.451,55.671,1,13
0.0259,0.7373,-0.2568,-31.585,-13.293,58.963,1,13
0.0186,0.7554,-0.1250,-33.049,-19.878,63.110,1,13
0.0034,0.7646,-0.0303,-35.671,-25.183,64.390,1,13
-0.0039,0.7515,0.0317,-40.061,-28.110,62.561,1,13
-0.0098,0.7563,0.0742,-46.646,-28.902,58.902,1,13
-0.0107,0.7632,0.0840,-53.841,-26.951,54.390,1,13
0.0171,0.7656,0.0928,-61.768,-22.744,49.390,1,13
0.5396,1.6060,0.0015,-63.415,-6.402,53.537,1,13
0.5752,1.7012,0.0176,-55.244,-7.378,55.305,1,13
0.5928,1.7710,0.0430,-47.073,-9.085,57.256,1,13
0.5977,1.8071,0.0493,-37.927,-10.488,58.293,1,13
0.5952,1.8130,0.0708,-28.841,-12.439,59.329,1,13
0.5737,1.7983,0.1069,-20.915,-14.329,59.390,1,13
0.5342,1.7471,0.1299,-15.183,-16.585,58.902,1,13
0.4907,1.6509,0.1675,-10.671,-18.902,57.256,1,13
0.0908,0.8389,0.0967,-62.988,-19.024,30.183,1,13
0.0986,0.8579,0.1011,-73.476,-18.415,31.585,1,13
0.1099,0.9043,0.1045,-83.476,-18.415,33.720,1,13
0.1255,0.9609,0.1108,-91.341,-18.902,36.768,1,13
0.1353,1.0181,0.1050,-96.707,-19.085,40.061,1,13
0.1401,1.0845,0.0889,-99.268,-19.207,43.415,1,13
0.1450,1.1440,0.0791,-99.573,-19.695,46.585,1,13
0.1416,1.1924,0.0601,-97.195,-19.878,49.207,1,13
0.5532,-1.2505,0.2822,36.768,-38.293,-12.805,2,13
0.5474,-1.2671,0.2295,36.524,-37.866,-13.659,2,13
0.5439,-1.2905,0.1938,36.524,-37.073,-15.183,2,13
0.5234,-1.3013,0.1543,37.134,-36.098,-17.012,2,13
0.5283,-1.3115,0.1348,37.927,-35.366,-18.537,2,13
0.5259,-1.3198,0.1084,38.659,-34.390,-20.488,2,13
0.5322,-1.3262,0.0903,38.537,-33.598,-22.195,2,13
0.5371,-1.3325,0.0781,39.146,-32.256,-24.390,2,13
0.5469,-1.3208,0.0776,39.573,-31.280,-26.037,2,13
0.5371,-1.3237,0.0801,39.817,-30.122,-28.171,2,13
0.5615,-1.3081,0.0811,39.085,-29.085,-29.695,2,13
0.5669,-1.2935,0.0928,38.476,-27.988,-31.829,2,13
0.5845,-1.2754,0.0908,37.256,-26.585,-33.476,2,13
0.5928,-1.2524,0.1006,35.427,-25.366,-35.244,2,13
0.6050,-1.2202,0.1206,34.085,-24.085,-36.646,2,13
0.6230,-1.1890,0.1362,32.561,-22.744,-38.293,2,13
0.6343,-1.1436,0.1445,30.244,-22.134,-39.573,2,13
0.6401,-1.1128,0.1729,28.415,-21.585,-40.732,2,13
0.6494,-1.0742,0.1890,26.280,-20.793,-41.951,2,13
0.6523,-1.0483,0.2134,23.110,-20.305,-43.171,2,13
0.6538,-1.0317,0.2490,20.183,-19.817,-43.354,2,13
0.6592,-1.0225,0.2612,17.256,-19.268,-43.780,2,13
0.6621,-1.0083,0.2700,14.817,-18.720,-43.720,2,13
0.6587,-1.0024,0.2817,12.439,-18.171,-43.720,2,13
0.6572,-0.9834,0.2983,10.488,-18.049,-43.537,2,13
0.6655,-0.9624,0.3052,8.598,-17.622,-43.049,2,13
0.6665,-0.9458,0.3003,5.610,-17.500,-43.110,2,13
0.6699,-0.9224,0.3130,3.476,-17.256,-42.866,2,13
0.6714,-0.9165,0.3281,1.341,-17.195,-42.561,2,13
0.6709,-0.9063,0.3384,-0.122,-17.012,-41.890,2,13
0.6714,-0.9053,0.3647,-1.890,-16.524,-41.098,2,13
0.6743,-0.8916,0.3730,-1.646,-16.463,-40.305,2,13
0.3232,0.8452,-0.1523,24.268,-13.232,34.146,1,13
0.3286,0.8481,-0.1646,26.402,-11.890,34.451,1,13
0.3232,0.8545,-0.1763,29.390,-10.793,34.146,1,13
0.3257,0.8569,-0.1860,31.829,-9.939,34.634,1,13
0.3262,0.8574,-0.1880,34.939,-9.024,34.207,1,13
0.3247,0.8467,-0.1816,37.256,-7.988,34.390,1,13
0.3208,0.8418,-0.1807,39.146,-6.646,34.085,1,13
0.3232,0.8359,-0.1685,41.463,-5.244,33.720,1,13
0.3525,0.6196,0.0552,30.549,4.024,27.134,1,13
0.3613,0.5903,0.0908,25.061,4.512,25.915,1,13
0.3623,0.5664,0.1274,18.720,5.549,24.268,1,13
0.3662,0.5366,0.1377,11.524,6.037,22.988,1,13
0.3755,0.5200,0.1338,4.512,6.463,21.220,1,13
0.3799,0.5142,0.1230,-2.866,7.378,19.695,1,13
0.3745,0.5093,0.1177,-8.963,8.293,18.110,1,13
0.3755,0.5220,0.1162,-14.268,8.963,16.524,1,13
0.3745,0.5498,0.1187,-19.024,8.963,14.817,1,13
0.3662,0.5771,0.1133,-21.585,9.512,13.232,1,13
0.3521,0.6152,0.1016,-23.293,10.122,11.585,1,13
0.3491,0.6440,0.0825,-23.171,10.610,10.610,1,13
0.3374,0.6763,0.0732,-22.134,10.854,9.573,1,13
0.3320,0.7041,0.0601,-20.061,11.280,8.537,1,13
0.3281,0.7217,0.0322,-17.073,11.402,7.683,1,13
0.3218,0.7349,0.0239,-14.024,11.341,7.317,1,13
0.4858,-0.7559,0.2651,-13.293,-14.939,3.780,2,13
0.4863,-0.8032,0.2988,-14.695,-14.695,4.451,2,13
0.4912,-0.8384,0.3232,-17.134,-14.573,4.512,2,13
0.4985,-0.8735,0.3506,-20.061,-14.512,4.573,2,13
0.4971,-0.9072,0.3691,-23.110,-14.756,4.573,2,13
0.5000,-0.9292,0.3770,-25.671,-15.000,4.451,2,13
0.5088,-0.9385,0.3730,-27.622,-15.549,4.451,2,13
0.5054,-0.9517,0.3623,-28.720,-15.915,4.085,2,13
0.3174,0.6763,0.0273,14.512,10.305,-6.402,1,13
0.3174,0.6953,0.0288,9.695,10.183,-6.402,1,13
0.3242,0.7153,0.0356,5.793,10.427,-5.732,1,13
0.3330,0.7441,0.0327,2.378,10.610,-5.366,1,13
0.3276,0.7769,0.0371,-0.671,10.854,-4.817,1,13
0.3296,0.8135,0.0566,-2.927,10.976,-4.268,1,13
0.3418,0.8369,0.0645,-5.183,10.793,-3.232,1,13
0.3423,0.8643,0.0786,-6.402,10.305,-2.683,1,13
0.4214,1.1143,0.1934,-6.280,15.854,13.659,1,13
0.4224,1.1025,0.1997,-5.549,15.854,14.390,1,13
0.4282,1.0864,0.2134,-5.366,15.793,14.939,1,13
0.4385,1.0698,0.2144,-5.122,15.732,15.488,1,13
0.4360,1.0605,0.2100,-4.878,15.610,16.280,1,13
0.4453,1.0503,0.2012,-5.366,15.061,16.524,1,13
0.4438,1.0327,0.1948,-5.122,15.488,16.768,1,13
0.4492,1.0264,0.1919,-4.451,14.939,16.646,1,13
0.3447,0.9824,0.0151,12.866,14.451,11.524,1,13
0.3237,0.9775,-0.0059,15.000,14.268,10.427,1,13
0.3130,0.9600,-0.0244,16.768,14.390,9.634,1,13
0.2974,0.9512,-0.0562,18.841,14.390,8.659,1,13
0.2866,0.9438,-0.0713,20.671,14.573,8.049,1,13
0.2749,0.9326,-0.0864,22.256,14.329,7.317,1,13
0.2710,0.9219,-0.1147,23.415,14.512,6.768,1,13
0.2739,0.9077,-0.1323,24.634,15.000,6.524,1,13
0.2588,0.6211,0.0278,11.585,21.280,-2.012,1,13
0.2578,0.6128,0.0503,10.793,21.341,-2.134,1,13
0.2676,0.6206,0.0742,10.366,21.341,-3.110,1,13
0.2715,0.6235,0.0781,10.061,21.037,-4.451,1,13
0.2788,0.6304,0.0903,10.244,20.793,-5.488,1,13
0.2832,0.6382,0.0806,9.939,20.671,-6.220,1,13
0.2856,0.6523,0.0986,10.671,20.366,-7.378,1,13
0.2847,0.6733,0.0869,10.854,19.939,-8.354,1,13
0.2852,0.6982,0.0908,12.012,19.939,-9.939,1,13
0.2783,0.7202,0.1089,12.561,19.329,-10.976,1,13
0.2749,0.7329,0.1094,12.927,18.963,-11.829,1,13
0.2793,0.7485,0.1030,14.085,18.476,-12.805,1,13
0.2705,0.7705,0.1011,14.695,17.683,-13.720,1,13
0.2686,0.7813,0.0889,16.098,17.317,-14.329,1,13
0.2588,0.7915,0.0825,17.622,16.829,-15.366,1,13
0.2446,0.7983,0.0791,18.902,15.854,-16.037,1,13
0.2251,0.7954,0.0698,20.366,15.610,-16.768,1,13
0.2134,0.7886,0.0596,21.646,15.244,-17.683,1,13
0.1992,0.7793,0.0566,23.049,14.451,-18.780,1,13
0.1846,0.7788,0.0449,24.695,14.024,-19.695,1,13
0.1689,0.7661,0.0430,25.061,13.720,-20.244,1,13
0.1528,0.7500,0.0273,25.976,13.354,-21.098,1,13
0.1367,0.7471,0.0059,26.890,13.415,-21.402,1,13
0.1343,0.7397,0.0010,27.622,12.927,-21.951,1,13
0.2290,-0.7061,0.1533,13.598,19.878,7.012,2,13
0.2271,-0.7158,0.1431,13.841,20.793,7.256,2,13
0.2178,-0.7246,0.1523,14.329,21.585,7.500,2,13
0.2114,-0.7217,0.1606,14.207,22.378,7.927,2,13
0.2065,-0.7241,0.1592,13.902,23.354,8.354,2,13
0.1890,-0.7178,0.1611,13.902,24.085,8.902,2,13
0.1738,-0.7173,0.1660,13.476,24.939,9.085,2,13
0.1743,-0.7144,0.1772,13.415,25.122,9.756,2,13
-0.0132,0.6382,-0.0430,74.024,8.476,-28.293,1,13
-0.0122,0.6411,-0.0259,76.951,8.049,-28.659,1,13
-0.0181,0.6338,-0.0044,78.902,7.378,-28.963,1,13
-0.0166,0.6362,0.0137,80.000,6.768,-29.329,1,13
-0.0234,0.6436,0.0273,79.878,6.280,-30.061,1,13
-0.0244,0.6504,0.0454,79.207,5.976,-29.939,1,13
-0.0400,0.6616,0.0596,77.561,5.183,-30.183,1,13
-0.0483,0.6768,0.0645,76.220,4.634,-29.817,1,13
-0.0581,0.6953,0.0850,73.659,3.780,-29.695,1,13
-0.0728,0.7192,0.1055,70.427,2.805,-29.634,1,13
-0.0869,0.7500,0.1099,67.317,2.073,-29.146,1,13
-0.0938,0.7808,0.0796,65.488,2.378,-28.110,1,13
-0.1016,0.8032,0.0713,63.902,3.171,-26.646,1,13
-0.1274,0.8394,0.0815,62.073,3.598,-25.366,1,13
-0.1367,0.8525,0.0894,61.159,3.110,-24.146,1,13
-0.1636,0.8657,0.1182,61.524,2.256,-23.293,1,13
-0.1763,0.8843,0.1323,62.744,0.488,-22.073,1,13
-0.1748,0.9043,0.1382,65.244,-1.280,-20.976,1,13
-0.1860,0.9146,0.1470,67.988,-2.683,-19.146,1,13
-0.1875,0.9351,0.1616,70.732,-4.085,-17.378,1,13
-0.2021,0.9512,0.1826,73.902,-5.427,-14.878,1,13
-0.2065,0.9639,0.2021,76.951,-6.402,-13.049,1,13
-0.2124,0.9648,0.1997,80.732,-7.195,-10.732,1,13
-0.2236,0.9951,0.2109,85.122,-7.988,-8.293,1,13
-0.3120,1.3091,0.3408,149.390,-19.390,21.890,1,13
-0.3101,1.3379,0.3384,159.085,-20.061,26.768,1,13
-0.3184,1.3496,0.3374,169.146,-20.915,31.524,1,13
-0.3247,1.3540,0.3428,178.720,-21.768,36.463,1,13
-0.3193,1.3521,0.3247,188.110,-22.927,41.402,1,13
-0.3267,1.3501,0.3013,197.439,-24.573,45.915,1,13
-0.3335,1.3423,0.3013,206.951,-25.976,50.976,1,13
-0.3394,1.3330,0.2896,216.341,-27.378,55.183,1,13
-0.1465,-0.7690,0.5586,-56.890,-14.451,-28.720,2,13
-0.1572,-0.7671,0.5654,-59.268,-16.098,-30.183,2,13
-0.1431,-0.7637,0.5679,-62.134,-17.744,-31.646,2,13
-0.1338,-0.7646,0.5762,-64.817,-19.085,-32.866,2,13
-0.1338,-0.7686,0.5854,-66.646,-19.939,-34.024,2,13
-0.1299,-0.7866,0.5908,-68.476,-21.402,-34.939,2,13
-0.1157,-0.8013,0.5830,-69.329,-22.500,-36.768,2,13
-0.1167,-0.8159,0.5806,-69.085,-23.232,-38.841,2,13
-0.1079,-0.8384,0.5703,-67.500,-23.963,-41.159,2,13
-0.0986,-0.8413,0.5576,-65.427,-24.634,-43.354,2,13
-0.1084,-0.8438,0.5474,-63.049,-25.061,-45.732,2,13
-0.1128,-0.8472,0.5239,-60.915,-25.366,-47.866,2,13
-0.1138,-0.8389,0.5166,-58.720,-25.671,-49.695,2,13
-0.1064,-0.8267,0.4990,-56.280,-25.732,-50.915,2,13
-0.1094,-0.8076,0.4951,-54.512,-25.610,-51.341,2,13
-0.0894,-0.7856,0.4834,-52.683,-25.549,-51.463,2,13
-0.1489,0.7114,0.1147,125.549,-51.829,149.634,1,13
-0.1177,0.7139,0.0918,113.902,-53.780,153.232,1,13
-0.0815,0.7168,0.0620,101.768,-55.671,156.280,1,13
-0.0493,0.7236,0.0396,89.451,-57.439,159.329,1,13
-0.0225,0.7222,0.0039,77.500,-59.756,161.951,1,13
0.0000,0.7231,-0.0244,65.305,-61.890,164.878,1,13
0.0332,0.7305,-0.0439,53.720,-64.329,167.134,1,13
0.0474,0.7285,-0.0801,42.561,-66.280,169.451,1,13
0.2227,0.8618,-0.3018,-26.220,-78.049,173.537,1,13
0.2461,0.8755,-0.3218,-31.220,-78.780,172.805,1,13
0.2676,0.8730,-0.3413,-35.915,-78.963,172.256,1,13
0.2881,0.8843,-0.3691,-40.244,-78.841,171.951,1,13
0.3081,0.8848,-0.3882,-43.171,-78.537,171.707,1,13
0.3350,0.8921,-0.4146,-46.037,-77.561,171.890,1,13
0.3608,0.8931,-0.4131,-47.744,-77.195,171.646,1,13
0.3931,0.8936,-0.4160,-48.354,-76.463,170.793,1,13
0.4292,0.8887,-0.4170,-47.744,-76.159,169.085,1,13
0.4624,0.8784,-0.4116,-45.549,-76.524,166.829,1,13
0.5020,0.8711,-0.4116,-42.134,-76.280,164.634,1,13
0.5400,0.8604,-0.4170,-38.537,-75.854,162.317,1,13
0.5840,0.8398,-0.4199,-34.329,-75.610,159.634,1,13
0.6221,0.8228,-0.4277,-30.122,-75.061,156.951,1,13
0.6689,0.8096,-0.4297,-25.610,-74.268,154.512,1,13
0.7100,0.8018,-0.4502,-21.890,-73.537,152.866,1,13
0.9170,0.6372,-0.5098,12.683,-74.085,126.524,1,13
0.9180,0.6309,-0.5425,15.854,-73.659,123.049,1,13
0.9175,0.6265,-0.5654,18.598,-73.354,120.549,1,13
0.9146,0.6235,-0.5972,20.854,-72.866,117.744,1,13
0.9038,0.6040,-0.6196,22.744,-71.768,114.634,1,13
0.8867,0.6050,-0.6284,23.963,-70.488,112.012,1,13
0.8857,0.5962,-0.6333,24.939,-69.573,109.817,1,13
0.8721,0.5728,-0.6396,26.220,-68.476,107.561,1,13
0.8569,0.5605,-0.6401,27.195,-67.256,105.122,1,13
0.8462,0.5576,-0.6465,27.988,-66.220,102.805,1,13
0.8486,0.5464,-0.6421,28.902,-64.634,100.610,1,13
0.8511,0.5303,-0.6362,29.146,-63.171,98.780,1,13
0.8560,0.5142,-0.6309,29.573,-61.220,96.585,1,13
0.8652,0.4849,-0.6265,29.573,-59.512,95.305,1,13
0.8682,0.4644,-0.6289,30.671,-58.171,93.293,1,13
0.8823,0.4355,-0.6313,31.585,-57.317,91.707,1,13
0.8911,0.4150,-0.6450,32.012,-56.524,90.244,1,13
0.9116,0.3970,-0.6489,31.524,-56.098,88.598,1,13
0.9219,0.3813,-0.6499,30.244,-55.549,87.195,1,13
0.9316,0.3569,-0.6421,28.537,-54.573,86.159,1,13
0.9468,0.3418,-0.6416,26.646,-54.024,84.451,1,13
0.9644,0.3301,-0.6245,24.329,-53.537,83.049,1,13
0.9722,0.3115,-0.6133,21.707,-52.988,82.134,1,13
0.9854,0.2954,-0.5986,18.963,-52.378,80.610,1,13
1.0010,0.2729,-0.5771,15.671,-52.012,79.756,1,13
1.0151,0.2480,-0.5693,12.683,-51.463,78.720,1,13
1.0259,0.2241,-0.5659,9.085,-51.402,78.049,1,13
1.0425,0.2012,-0.5547,6.463,-51.707,76.768,1,13
1.0537,0.1694,-0.5713,4.207,-51.829,76.524,1,13
1.0635,0.1377,-0.5635,1.585,-52.256,75.183,1,13
1.0806,0.1133,-0.5757,-0.366,-52.378,74.085,1,13
1.0854,0.0923,-0.5874,-2.744,-52.988,72.500,1,13
0.9141,-0.9121,0.3252,95.366,24.207,17.683,2,13
0.9258,-0.9048,0.3403,94.451,24.756,18.293,2,13
0.9351,-0.8950,0.3599,92.805,26.037,19.024,2,13
0.9521,-0.8921,0.3550,91.159,26.951,19.390,2,13
0.9692,-0.8809,0.3770,89.329,27.561,20.122,2,13
0.9917,-0.8877,0.3774,87.012,28.354,20.793,2,13
1.0000,-0.8809,0.3838,85.610,29.146,21.707,2,13
1.0200,-0.8794,0.3789,84.390,29.695,22.927,2,13
1.0166,0.0161,-0.7319,-11.951,-58.171,50.061,1,13
1.0034,0.0083,-0.7446,-13.232,-59.329,47.622,1,13
0.9873,0.0132,-0.7646,-14.207,-60.000,45.061,1,13
0.9736,0.0142,-0.7891,-15.793,-60.305,43.049,1,13
0.9473,0.0146,-0.8218,-19.451,-60.305,40.793,1,13
0.9351,0.0122,-0.8330,-20.793,-59.817,40.000,1,13
0.9165,0.0142,-0.8574,-25.000,-58.841,37.561,1,13
0.8955,0.0063,-0.8726,-28.232,-58.049,36.037,1,13
0.8462,0.0073,-0.8638,-49.878,-48.598,20.976,1,13
0.8452,0.0068,-0.8550,-52.134,-48.476,19.878,1,13
0.8423,0.0034,-0.8374,-54.329,-47.500,18.841,1,13
0.8462,-0.0059,-0.8232,-56.159,-47.805,17.805,1,13
0.8394,-0.0117,-0.8052,-57.683,-47.256,16.402,1,13
0.8379,-0.0176,-0.7900,-59.573,-47.439,15.427,1,13
0.8364,-0.0283,-0.7803,-60.549,-47.317,14.207,1,13
0.8447,-0.0391,-0.7632,-61.829,-47.439,13.293,1,13
0.8501,-0.0542,-0.7622,-62.988,-47.195,12.073,1,13
0.8535,-0.0659,-0.7598,-63.902,-47.256,10.305,1,13
0.8608,-0.0742,-0.7539,-64.878,-47.134,9.085,1,13
0.8633,-0.0825,-0.7646,-66.037,-46.768,7.378,1,13
0.8691,-0.0884,-0.7651,-66.829,-46.524,5.366,1,13
0.8677,-0.0854,-0.7607,-67.927,-45.793,3.293,1,13
0.8774,-0.0757,-0.7588,-68.963,-45.427,0.915,1,13
0.8691,-0.0708,-0.7700,-70.183,-45.000,-2.012,1,13
0.8652,-0.0610,-0.7617,-70.915,-44.756,-4.512,1,13
0.8633,-0.0488,-0.7622,-71.646,-44.329,-7.622,1,13
0.8564,-0.0308,-0.7666,-72.866,-44.146,-10.488,1,13
0.8521,-0.0054,-0.7612,-73.232,-44.024,-13.171,1,13
0.8486,0.0156,-0.7754,-73.780,-43.659,-15.854,1,13
0.8340,0.0396,-0.7700,-74.512,-43.232,-18.476,1,13
0.8267,0.0542,-0.7725,-73.902,-42.683,-20.427,1,13
0.8149,0.0811,-0.7896,-73.476,-42.256,-22.744,1,13
0.8135,0.1030,-0.7930,-72.439,-41.707,-24.573,1,13
0.8101,0.1299,-0.8027,-71.707,-40.793,-26.220,1,13
0.8027,0.1602,-0.8081,-71.037,-39.451,-27.866,1,13
0.7900,0.1812,-0.8115,-69.817,-38.902,-29.390,1,13
0.7769,0.2021,-0.8237,-68.110,-37.744,-31.037,1,13
0.7754,0.2197,-0.8271,-66.524,-36.707,-32.683,1,13
0.7744,0.2432,-0.8232,-64.573,-36.098,-34.085,1,13
0.7612,0.2593,-0.8291,-62.805,-35.244,-35.793,1,13
0.7251,-0.9927,0.0630,104.573,61.585,66.463,2,13
0.7256,-0.9912,0.0703,100.854,62.073,64.573,2,13
0.7188,-0.9824,0.0840,96.341,62.866,62.622,2,13
0.7158,-0.9761,0.0923,90.915,63.537,61.037,2,13
0.7061,-0.9658,0.1035,85.427,63.780,59.451,2,13
0.6968,-0.9517,0.1333,79.939,64.268,58.232,2,13
0.6924,-0.9321,0.1538,74.390,65.061,57.195,2,13
0.6768,-0.9126,0.1768,69.817,65.732,56.037,2,13
0.6650,-0.8916,0.1938,66.159,66.707,55.244,2,13
0.6465,-0.8599,0.2163,63.537,67.866,54.390,2,13
0.6440,-0.8413,0.2383,61.402,68.841,53.537,2,13
0.6318,-0.8154,0.2651,60.915,69.695,52.561,2,13
0.6240,-0.7949,0.2822,60.976,70.671,51.768,2,13
0.6235,-0.7568,0.3057,61.524,71.280,51.341,2,13
0.6235,-0.7314,0.3306,62.866,71.646,50.305,2,13
0.6235,-0.7041,0.3413,64.939,71.890,49.817,2,13
0.6191,-0.6753,0.3662,66.585,72.439,49.634,2,13
0.6147,-0.6577,0.3799,68.537,72.561,49.329,2,13
0.6128,-0.6392,0.3799,70.610,72.500,49.573,2,13
0.6099,-0.6240,0.3809,72.073,72.195,50.305,2,13
0.6094,-0.6206,0.3911,73.841,71.585,51.402,2,13
0.6064,-0.6235,0.3755,75.366,70.671,52.500,2,13
0.5996,-0.6304,0.3604,76.829,69.695,54.451,2,13
0.5898,-0.6436,0.3530,78.720,68.841,55.549,2,13
0.5732,-0.6704,0.3325,80.671,68.110,57.622,2,13
0.5688,-0.6978,0.3237,82.988,67.744,59.207,2,13
0.5532,-0.7285,0.3145,84.390,68.110,60.427,2,13
0.5498,-0.7646,0.2988,85.610,68.537,61.646,2,13
0.5391,-0.7993,0.2969,86.951,69.634,62.256,2,13
0.5352,-0.8330,0.3022,87.317,71.402,62.256,2,13
0.5332,-0.8696,0.2988,86.829,73.171,61.463,2,13
0.5366,-0.8970,0.3037,85.976,75.427,60.671,2,13
0.5381,-0.9248,0.3110,84.329,77.622,58.902,2,13
0.5474,-0.9521,0.3174,81.890,79.695,56.646,2,13
0.5493,-0.9751,0.3364,77.805,81.768,54.207,2,13
0.5537,-0.9912,0.3555,73.598,83.476,51.951,2,13
0.5566,-1.0122,0.3765,68.659,84.756,49.451,2,13
0.5659,-1.0190,0.4092,63.902,85.488,47.012,2,13
0.5771,-1.0337,0.4365,59.268,86.098,44.634,2,13
0.5776,-1.0332,0.4590,54.634,85.854,42.256,2,13
0.5918,-1.0376,0.4897,51.524,85.610,39.817,2,13
0.5903,-1.0200,0.5083,48.659,85.000,37.378,2,13
0.6001,-1.0054,0.5264,47.134,84.512,34.634,2,13
0.6113,-0.9810,0.5244,45.000,83.537,32.439,2,13
0.6211,-0.9580,0.5381,44.268,82.622,30.244,2,13
0.6343,-0.9233,0.5337,43.963,80.976,28.841,2,13
0.6577,-0.8994,0.5342,43.354,79.695,27.622,2,13
0.6641,-0.8643,0.5352,43.537,78.171,27.073,2,13
0.6787,1.1011,-0.6919,-1.159,-11.341,-37.256,1,13
0.6724,1.1299,-0.6938,-0.427,-11.768,-36.524,1,13
0.6646,1.1631,-0.7036,0.366,-11.646,-35.793,1,13
0.6611,1.1963,-0.6924,1.646,-11.768,-35.061,1,13
0.6494,1.2227,-0.6953,2.866,-11.524,-34.024,1,13
0.6421,1.2471,-0.6938,3.780,-11.463,-33.293,1,13
0.6318,1.2734,-0.6875,5.366,-11.220,-32.622,1,13
0.6211,1.3018,-0.6787,6.768,-10.793,-31.524,1,13
0.5347,1.5034,-0.7207,37.683,-12.073,-23.110,1,13
0.5093,1.5137,-0.7188,42.134,-12.805,-22.927,1,13
0.4897,1.5303,-0.7266,47.317,-13.780,-22.500,1,13
0.4634,1.5483,-0.7192,51.890,-14.939,-22.439,1,13
0.4443,1.5620,-0.7095,56.829,-15.976,-21.890,1,13
0.4087,1.5781,-0.6978,61.646,-16.159,-21.341,1,13
0.3730,1.5908,-0.6899,66.585,-16.463,-20.793,1,13
0.3452,1.5986,-0.6919,71.646,-16.585,-19.878,1,13
0.3003,1.6157,-0.6782,79.451,-16.585,-18.659,1,13
0.2827,1.6279,-0.6758,81.890,-16.402,-18.293,1,13
0.2510,1.6426,-0.6792,86.585,-16.280,-17.683,1,13
0.2129,1.6494,-0.6665,90.610,-15.305,-17.195,1,13
0.1729,1.6528,-0.6479,93.902,-13.659,-16.585,1,13
0.1309,1.6509,-0.6621,98.293,-12.134,-15.671,1,13
0.0884,1.6406,-0.6597,102.073,-9.512,-14.695,1,13
0.0586,1.6362,-0.6655,106.220,-6.402,-13.963,1,13
-0.1953,1.4580,-0.6743,140.244,44.146,-12.439,1,13
-0.2026,1.4390,-0.6768,143.720,49.817,-12.073,1,13
-0.2090,1.4180,-0.6821,146.159,55.976,-12.012,1,13
-0.2065,1.3760,-0.7007,149.573,61.707,-11.585,1,13
-0.2139,1.3433,-0.6948,152.317,67.317,-12.073,1,13
-0.2119,1.3062,-0.7061,155.183,73.049,-12.073,1,13
-0.2061,1.2642,-0.7080,157.805,78.598,-12.988,1,13
-0.2061,1.2236,-0.6899,160.854,83.659,-13.841,1,13
-0.1318,0.8022,-0.5479,183.415,120.549,-34.207,1,13
-0.1294,0.7568,-0.5215,184.329,124.085,-37.134,1,13
-0.1221,0.7100,-0.4868,184.817,127.500,-39.878,1,13
-0.1191,0.6621,-0.4590,184.939,131.220,-42.439,1,13
-0.1074,0.6270,-0.4185,184.512,135.366,-44.756,1,13
-0.0908,0.5771,-0.3721,183.171,139.451,-47.317,1,13
-0.0879,0.5259,-0.3232,181.402,143.354,-49.695,1,13
-0.0762,0.4805,-0.2861,179.024,147.439,-52.195,1,13
-0.0537,0.4292,-0.2397,175.793,152.012,-53.415,1,13
-0.0400,0.3799,-0.1919,171.829,156.585,-55.061,1,13
-0.0234,0.3252,-0.1558,167.561,161.037,-56.280,1,13
-0.0088,0.2651,-0.0903,161.768,165.488,-57.744,1,13
0.0103,0.2056,-0.0601,156.341,169.390,-59.024,1,13
0.0405,0.1548,-0.0063,149.512,173.415,-60.061,1,13
0.0703,0.0850,0.0376,142.317,177.012,-60.915,1,13
0.1021,0.0249,0.0913,134.207,180.610,-61.646,1,13
2.1094,0.3315,1.9814,-91.341,-236.585,-177.073,2,13
2.0210,0.3394,1.8208,-77.866,-216.098,-164.939,2,13
1.9316,0.3179,1.6479,-68.963,-194.146,-151.341,2,13
1.8618,0.2617,1.4448,-65.305,-170.854,-135.915,2,13
1.7637,0.1787,1.2383,-66.280,-147.317,-118.841,2,13
1.6885,0.0693,1.0527,-71.037,-122.927,-100.305,2,13
1.5835,-0.0293,0.9336,-76.280,-96.280,-80.732,2,13
1.4565,-0.1079,0.9253,-82.256,-65.549,-60.244,2,13
0.8042,-0.3550,0.4541,-60.488,155.183,-45.061,1,13
0.7930,-0.3501,0.4150,-63.841,152.134,-45.122,1,13
0.7866,-0.3550,0.3477,-67.500,146.524,-44.146,1,13
0.7798,-0.3564,0.2939,-68.476,140.488,-42.744,1,13
0.7729,-0.3364,0.2563,-69.695,132.561,-40.793,1,13
0.7803,-0.3276,0.2124,-69.146,127.195,-39.817,1,13
0.7861,-0.3032,0.1704,-67.012,122.195,-39.573,1,13
0.7939,-0.2754,0.1509,-63.110,117.012,-39.756,1,13
0.7900,-0.2495,0.1123,-58.049,112.073,-41.220,1,13
0.7905,-0.2197,0.0742,-51.768,107.561,-42.927,1,13
0.7749,-0.1821,0.0352,-44.512,103.902,-45.732,1,13
0.7515,-0.1475,0.0034,-36.220,100.976,-48.537,1,13
0.7139,-0.1123,-0.0552,-27.439,98.354,-51.829,1,13
0.6929,-0.0684,-0.0903,-18.232,96.098,-55.183,1,13
0.6650,-0.0400,-0.1133,-9.085,94.329,-57.927,1,13
0.6309,-0.0117,-0.1284,-1.037,92.683,-60.305,1,13
-2.2578,-2.1470,3.9814,78.232,-107.012,-32.378,2,13
-2.3496,-1.6626,4.3037,76.159,-144.146,-57.683,2,13
-2.6396,-1.3447,4.6646,62.927,-170.305,-75.305,2,13
-3.0171,-1.2178,4.9106,29.939,-195.671,-84.146,2,13
-3.3555,-1.3701,4.8716,-17.378,-223.780,-88.171,2,13
-3.6318,-1.6953,4.4448,-53.171,-251.098,-88.902,2,13
-3.7861,-1.8428,3.6953,-57.622,-272.561,-77.622,2,13
-3.7886,-1.6938,2.7046,-22.744,-281.829,-46.707,2,13
0.3833,0.1719,-0.4180,66.646,74.207,-87.317,1,13
0.3809,0.1909,-0.4253,65.671,73.110,-89.268,1,13
0.3848,0.2065,-0.4243,64.817,72.256,-90.427,1,13
0.3936,0.2236,-0.4233,63.963,71.220,-91.585,1,13
0.3940,0.2363,-0.4351,61.951,70.671,-92.134,1,13
0.3945,0.2466,-0.4390,59.634,69.939,-91.646,1,13
0.4058,0.2446,-0.4424,57.439,69.390,-90.793,1,13
0.4102,0.2485,-0.4473,54.512,68.415,-89.207,1,13
-0.9946,-0.2070,0.0630,-89.878,-207.561,6.463,2,13
-0.9824,-0.0205,0.0391,-85.732,-199.939,12.317,2,13
-1.0225,0.1563,-0.0078,-84.573,-191.524,18.659,2,13
-1.0830,0.2910,-0.0835,-84.024,-182.561,24.329,2,13
-1.1831,0.3828,-0.1841,-80.671,-172.866,27.988,2,13
-1.3286,0.4189,-0.3008,-75.854,-163.476,27.439,2,13
-1.4648,0.4038,-0.4292,-71.098,-155.793,21.890,2,13
-1.5649,0.3638,-0.5151,-65.732,-151.159,10.488,2,13
-1.6216,0.2813,-0.5503,-61.159,-149.512,-12.134,2,13
-1.6118,0.2495,-0.5425,-60.854,-150.061,-19.878,2,13
-1.5493,0.1860,-0.5161,-60.671,-152.988,-33.537,2,13
-1.4609,0.1235,-0.4692,-61.280,-156.585,-44.573,2,13
-1.3442,0.0693,-0.4219,-61.524,-161.707,-52.378,2,13
-1.2173,0.0039,-0.3643,-60.488,-166.220,-57.927,2,13
-1.0986,-0.0518,-0.3481,-59.085,-170.183,-62.378,2,13
-0.9150,-0.1470,-0.3418,-54.756,-173.780,-68.049,2,13
-0.8115,-0.2124,-0.3496,-51.341,-174.085,-71.280,2,13
-0.7212,-0.2705,-0.3545,-47.805,-172.073,-74.634,2,13
-0.6807,-0.2954,-0.3516,-46.341,-170.427,-76.037,2,13
-0.5571,-0.3696,-0.3506,-41.341,-163.476,-79.451,2,13
-0.4961,-0.4238,-0.3438,-37.622,-156.768,-80.671,2,13
-0.4185,-0.4580,-0.3208,-34.146,-148.354,-81.341,2,13
-0.3477,-0.4697,-0.3047,-32.134,-139.146,-80.488,2,13
-0.2847,-0.4888,-0.2808,-29.939,-128.415,-77.805,2,13
-0.2212,-0.5063,-0.2676,-29.207,-116.951,-73.293,2,13
-0.1621,-0.5156,-0.2534,-27.500,-105.122,-68.659,2,13
-0.1016,-0.5371,-0.2383,-25.671,-93.049,-63.659,2,13
-0.0605,-0.5508,-0.2178,-22.866,-80.976,-58.537,2,13
-0.0205,-0.5767,-0.2046,-18.415,-69.390,-54.390,2,13
0.0405,-0.5928,-0.1870,-11.220,-57.622,-51.341,2,13
0.1025,-0.5825,-0.1924,-2.561,-45.427,-49.878,2,13
0.1802,-0.5713,-0.1890,7.317,-32.378,-47.988,2,13
0.8022,0.4502,-0.4668,-35.488,13.720,-60.000,1,13
0.8291,0.4668,-0.4458,-35.671,11.646,-62.500,1,13
0.8428,0.4766,-0.4204,-35.854,9.756,-65.305,1,13
0.8677,0.4922,-0.3994,-35.488,6.768,-67.439,1,13
0.8804,0.4995,-0.3789,-34.573,4.268,-68.963,1,13
0.8926,0.5127,-0.3804,-33.720,1.585,-70.793,1,13
0.9067,0.5112,-0.3809,-32.073,-1.524,-71.524,1,13
0.9224,0.5195,-0.3730,-31.463,-4.451,-72.500,1,13
0.9272,0.5283,-0.3662,-30.305,-7.012,-73.354,1,13
0.9355,0.5381,-0.3623,-30.122,-9.329,-73.841,1,13
0.9380,0.5396,-0.3643,-31.402,-11.646,-74.451,1,13
0.9448,0.5503,-0.3604,-31.585,-13.841,-75.183,1,13
0.9478,0.5664,-0.3579,-32.439,-15.732,-75.732,1,13
0.9463,0.5869,-0.3633,-33.659,-17.683,-76.098,1,13
0.9473,0.6069,-0.3711,-35.488,-19.390,-76.951,1,13
0.9429,0.6411,-0.3721,-37.134,-21.037,-77.317,1,13
0.9429,0.6719,-0.3735,-39.329,-22.073,-77.561,1,13
0.9424,0.7031,-0.3809,-41.585,-23.232,-77.927,1,13
0.9424,0.7363,-0.3828,-43.659,-24.451,-77.988,1,13
0.9360,0.7646,-0.3970,-45.488,-25.366,-77.744,1,13
0.9419,0.8003,-0.3940,-47.378,-26.768,-76.951,1,13
0.9424,0.8315,-0.4087,-49.329,-27.561,-76.037,1,13
0.9492,0.8564,-0.4238,-50.671,-28.415,-74.878,1,13
0.9644,0.8843,-0.4351,-52.439,-29.573,-74.085,1,13
1.0317,1.0293,-0.4302,-62.805,-45.122,-59.024,1,13
1.0386,1.0391,-0.4204,-63.598,-47.866,-56.707,1,13
1.0469,1.0488,-0.4185,-64.878,-50.366,-54.207,1,13
1.0396,1.0586,-0.4023,-66.524,-53.415,-51.524,1,13
1.0435,1.0664,-0.4155,-67.805,-55.488,-48.841,1,13
1.0381,1.0811,-0.4087,-69.512,-58.049,-46.037,1,13
1.0366,1.0908,-0.4048,-71.220,-60.305,-43.049,1,13
1.0283,1.1094,-0.3936,-72.988,-62.439,-40.183,1,13
1.0176,1.1431,-0.3721,-76.280,-65.000,-35.915,1,13
1.0103,1.1528,-0.3613,-77.805,-65.915,-34.573,1,13
1.0029,1.1680,-0.3403,-80.549,-67.744,-32.134,1,13
0.9966,1.1851,-0.3232,-82.622,-69.573,-29.329,1,13
0.9717,1.2061,-0.3135,-85.671,-72.134,-24.939,1,13
0.9590,1.2236,-0.2925,-86.707,-73.780,-21.768,1,13
0.9463,1.2495,-0.2705,-88.293,-75.671,-18.537,1,13
0.9341,1.2734,-0.2568,-89.878,-77.134,-15.183,1,13
0.8091,1.5288,-0.1211,-92.622,-82.622,20.366,1,13
0.8135,1.5439,-0.1069,-90.610,-82.744,25.000,1,13
0.8188,1.5713,-0.1084,-88.963,-82.866,30.000,1,13
0.8213,1.6060,-0.0933,-87.134,-83.049,34.695,1,13
0.8218,1.6221,-0.0840,-85.671,-83.110,39.146,1,13
0.8301,1.6479,-0.0815,-84.451,-83.720,43.537,1,13
0.8374,1.6587,-0.0791,-83.171,-84.878,47.927,1,13
0.8403,1.6782,-0.0840,-81.524,-85.732,52.561,1,13
0.8374,1.6855,-0.0879,-79.878,-87.012,56.890,1,13
0.8335,1.6968,-0.0981,-77.927,-88.232,61.402,1,13
0.8315,1.7100,-0.1123,-75.549,-89.634,65.793,1,13
0.8223,1.7109,-0.1211,-72.988,-90.854,70.000,1,13
0.8135,1.7119,-0.1250,-70.000,-92.195,74.268,1,13
0.8076,1.7114,-0.1279,-67.073,-93.720,78.354,1,13
0.7974,1.7192,-0.1230,-63.537,-95.061,82.439,1,13
0.7798,1.7119,-0.1167,-60.976,-96.890,86.524,1,13
1.1558,-1.0112,0.1650,65.305,-1.951,-38.841,2,13
1.1440,-1.0117,0.1592,68.963,-0.366,-40.122,2,13
1.1445,-1.0142,0.1460,71.402,0.671,-42.012,2,13
1.1401,-1.0171,0.1450,73.963,1.646,-43.902,2,13
1.1411,-1.0234,0.1372,75.793,2.012,-46.829,2,13
1.1440,-1.0215,0.1260,77.134,2.134,-50.000,2,13
1.1475,-1.0244,0.1133,77.561,1.524,-53.293,2,13
1.1538,-1.0205,0.1089,77.439,0.488,-56.890,2,13
0.6177,1.3931,-0.1025,-22.988,-102.500,169.512,1,13
0.6226,1.3320,-0.0991,-18.963,-102.012,174.268,1,13
0.6201,1.2715,-0.1226,-15.427,-101.707,179.329,1,13
0.6177,1.2119,-0.1323,-11.585,-100.976,183.354,1,13
0.6230,1.1719,-0.1592,-8.232,-100.244,187.012,1,13
0.6250,1.1206,-0.1670,-5.244,-99.390,190.732,1,13
0.6265,1.0684,-0.1826,-3.293,-98.232,193.780,1,13
0.6230,1.0210,-0.1973,-1.280,-97.195,196.707,1,13
0.6118,0.9600,-0.2197,0.244,-96.159,199.390,1,13
0.6069,0.9165,-0.2212,1.768,-95.305,201.890,1,13
0.5894,0.8501,-0.2251,3.293,-94.817,203.780,1,13
0.5903,0.7954,-0.2329,4.817,-94.573,205.793,1,13
0.5737,0.7412,-0.2314,6.098,-94.817,206.707,1,13
0.5596,0.6792,-0.2227,6.951,-95.000,207.805,1,13
0.5381,0.6182,-0.2266,7.988,-95.732,208.110,1,13
0.5322,0.5610,-0.2329,8.841,-95.976,208.171,1,13
0.5127,0.4766,-0.2373,9.512,-97.012,207.744,1,13
0.5005,0.4429,-0.2432,9.268,-97.378,207.683,1,13
0.4907,0.3960,-0.2446,9.268,-97.622,207.073,1,13
0.4722,0.3267,-0.2539,7.317,-98.293,205.366,1,13
0.4644,0.2803,-0.2617,5.793,-97.805,204.329,1,13
0.4487,0.2275,-0.2656,3.841,-97.927,202.988,1,13
0.4448,0.1924,-0.2832,1.890,-97.378,201.524,1,13
0.4331,0.1519,-0.2891,-0.671,-96.768,199.878,1,13
0.4199,0.1104,-0.2983,-3.780,-96.159,198.537,1,13
0.4106,0.0791,-0.3052,-6.646,-95.305,196.890,1,13
0.4023,0.0391,-0.3237,-9.329,-94.329,195.000,1,13
0.3955,0.0093,-0.3325,-12.378,-93.049,192.805,1,13
0.3794,-0.0195,-0.3398,-15.305,-91.890,191.037,1,13
0.3711,-0.0552,-0.3428,-18.293,-90.793,188.537,1,13
0.3667,-0.0845,-0.3506,-21.341,-89.085,186.098,1,13
0.3560,-0.1157,-0.3643,-24.329,-87.744,183.354,1,13
0.3535,-0.1460,-0.3687,-26.951,-86.341,180.732,1,13
0.3438,-0.1704,-0.3745,-29.573,-84.756,177.805,1,13
0.3486,-0.2007,-0.3721,-32.561,-83.354,174.634,1,13
0.3457,-0.2344,-0.3623,-36.098,-82.012,171.890,1,13
0.3462,-0.2695,-0.3716,-39.573,-80.671,168.659,1,13
0.3423,-0.3018,-0.3901,-42.988,-79.268,165.244,1,13
0.3438,-0.3184,-0.4067,-46.280,-77.927,161.890,1,13
0.3394,-0.3413,-0.4165,-49.634,-74.451,158.354,1,13
0.3311,-0.3623,-0.4189,-54.451,-70.000,155.122,1,13
0.3237,-0.3877,-0.4219,-58.902,-65.061,151.463,1,13
0.3081,-0.4248,-0.4189,-63.598,-60.549,147.073,1,13
0.3062,-0.4531,-0.4102,-67.073,-56.585,142.256,1,13
0.3008,-0.4844,-0.4180,-70.488,-53.720,136.951,1,13
0.3081,-0.5034,-0.4185,-72.561,-52.195,131.707,1,13
0.3115,-0.5269,-0.4243,-73.598,-51.951,125.671,1,13
0.3174,-0.5439,-0.4292,-73.902,-51.829,119.268,1,13
0.6279,-0.6011,-0.0742,40.549,4.451,-25.427,2,13
0.6147,-0.5693,-0.0615,37.988,4.939,-26.890,2,13
0.6094,-0.5449,-0.0552,35.488,4.634,-28.415,2,13
0.6021,-0.5063,-0.0430,33.659,4.329,-29.878,2,13
0.5991,-0.4604,-0.0410,32.500,4.268,-30.976,2,13
0.5923,-0.4204,-0.0322,31.037,3.902,-32.073,2,13
0.5923,-0.3691,-0.0200,29.939,3.537,-32.683,2,13
0.6011,-0.3262,-0.0137,29.207,3.720,-33.232,2,13
0.6006,-0.2778,-0.0073,28.598,3.902,-33.537,2,13
0.5957,-0.2329,0.0107,27.500,4.695,-33.293,2,13
0.6040,-0.2070,0.0122,26.037,5.122,-33.049,2,13
0.6104,-0.1636,0.0176,24.329,5.915,-31.951,2,13
0.6060,-0.1382,0.0063,22.012,6.524,-30.244,2,13
0.6021,-0.1240,-0.0132,19.573,6.402,-27.683,2,13
0.5996,-0.1201,-0.0498,17.622,6.585,-24.695,2,13
0.5967,-0.1177,-0.0635,16.585,6.524,-21.646,2,13
0.5903,-0.1274,-0.1025,16.341,6.707,-18.110,2,13
0.5845,-0.1494,-0.1401,16.890,7.134,-14.634,2,13
0.5698,-0.1631,-0.1724,17.988,8.110,-11.585,2,13
0.5742,-0.1929,-0.1938,20.000,10.122,-8.659,2,13
0.5649,-0.2114,-0.2144,22.866,12.744,-5.366,2,13
0.5659,-0.2314,-0.2324,26.220,16.220,-2.988,2,13
0.5669,-0.2563,-0.2500,29.390,20.122,-0.793,2,13
0.5708,-0.2759,-0.2437,32.988,24.939,1.037,2,13
0.2588,-0.0630,-0.7954,-85.305,-36.829,-132.866,1,13
0.2729,-0.0464,-0.7563,-89.634,-31.951,-135.427,1,13
0.2842,-0.0400,-0.7246,-94.878,-26.402,-137.561,1,13
0.3003,-0.0303,-0.7002,-99.329,-20.732,-138.171,1,13
0.3149,-0.0430,-0.6895,-101.037,-14.024,-138.354,1,13
0.3267,-0.0396,-0.6792,-101.524,-7.256,-137.500,1,13
0.3525,-0.0273,-0.6235,-100.915,-1.585,-136.707,1,13
0.3735,0.0029,-0.5757,-99.756,2.195,-135.244,1,13
0.4067,0.0435,-0.5127,-98.902,4.390,-133.293,1,13
0.4375,0.1216,-0.4614,-96.890,5.854,-131.159,1,13
0.4678,0.2129,-0.3896,-94.268,5.793,-128.110,1,13
0.4976,0.3428,-0.3247,-91.524,5.793,-124.756,1,13
0.5176,0.4790,-0.2646,-89.146,3.963,-121.220,1,13
0.5400,0.6338,-0.2080,-85.854,1.707,-116.951,1,13
0.5557,0.7988,-0.1943,-81.037,-1.951,-112.561,1,13
0.5679,0.9683,-0.2358,-74.207,-6.585,-107.622,1,13
0.5298,-0.3276,0.0239,65.671,56.402,28.171,2,13
0.5146,-0.3354,0.0576,65.488,57.317,29.756,2,13
0.4917,-0.3438,0.0771,65.122,58.598,31.098,2,13
0.4849,-0.3555,0.0938,64.024,59.390,33.049,2,13
0.4746,-0.3730,0.1245,62.927,60.061,34.756,2,13
0.4648,-0.3931,0.1323,60.976,60.732,37.378,2,13
0.4438,-0.4209,0.1421,59.512,61.098,39.207,2,13
0.4268,-0.4434,0.1411,57.561,61.280,41.159,2,13
0.4219,-0.4678,0.1455,55.061,61.463,42.988,2,13
0.4063,-0.4897,0.1440,52.805,61.585,45.000,2,13
0.3994,-0.5215,0.1440,50.671,61.768,46.585,2,13
0.3901,-0.5522,0.1196,48.537,62.073,48.415,2,13
0.3740,-0.5742,0.1016,45.183,62.500,50.061,2,13
0.3687,-0.6079,0.0757,42.378,62.866,51.402,2,13
0.3584,-0.6421,0.0527,39.146,64.085,52.500,2,13
0.3550,-0.6724,0.0308,36.463,65.122,53.293,2,13
0.3491,-0.7090,0.0210,34.146,67.134,53.659,2,13
0.3418,-0.7378,0.0063,32.378,69.695,53.598,2,13
0.3354,-0.7695,0.0020,31.585,73.110,53.476,2,13
0.3252,-0.7930,-0.0103,30.915,77.073,52.195,2,13
0.3198,-0.8013,0.0059,30.549,81.402,51.402,2,13
0.3291,-0.8154,0.0215,30.061,85.915,50.244,2,13
0.3242,-0.8208,0.0415,29.146,90.793,48.659,2,13
0.3350,-0.8354,0.0615,27.683,95.488,47.134,2,13
1.0552,2.6128,-0.7197,118.415,9.878,142.561,1,13
1.0044,2.5449,-0.7153,122.561,6.829,142.744,1,13
0.9590,2.4854,-0.7310,126.646,4.329,141.951,1,13
0.9111,2.4429,-0.7412,130.244,2.378,140.122,1,13
0.8530,2.4116,-0.7437,133.476,1.037,138.232,1,13
0.7920,2.3916,-0.7422,136.524,0.610,135.610,1,13
0.7285,2.3750,-0.7329,140.061,0.183,133.293,1,13
0.6772,2.3496,-0.7178,143.780,-0.427,131.463,1,13
0.5957,2.3145,-0.6836,150.427,-0.793,130.305,1,13
0.5645,2.3003,-0.6743,152.988,-0.793,130.549,1,13
0.5083,2.2856,-0.6323,158.537,-0.671,131.037,1,13
0.4580,2.2476,-0.6396,163.780,-1.098,131.341,1,13
0.4253,2.2295,-0.6050,171.098,-0.732,132.744,1,13
0.3594,2.1802,-0.5840,180.183,0.793,134.329,1,13
0.3247,2.1509,-0.5576,186.707,3.354,135.000,1,13
0.2954,2.1025,-0.5283,193.537,6.829,135.000,1,13
2.9951,-1.3384,-0.1479,-53.780,185.000,73.293,2,13
3.2681,-1.4814,-0.1987,-58.049,186.585,94.207,2,13
3.5264,-1.6616,-0.2461,-59.512,189.390,115.488,2,13
3.7607,-1.8511,-0.2715,-59.573,192.561,135.976,2,13
3.9653,-2.0469,-0.2764,-58.963,196.159,154.329,2,13
4.1226,-2.2549,-0.2524,-60.183,199.451,169.451,2,13
4.2319,-2.4575,-0.2109,-63.963,200.854,181.220,2,13
4.3286,-2.6641,-0.1235,-69.573,199.634,189.207,2,13
4.4233,-2.8574,0.0054,-77.927,196.646,191.646,2,13
4.5073,-3.0576,0.1548,-88.171,191.646,187.927,2,13
4.6069,-3.2520,0.3086,-98.963,185.061,178.232,2,13
4.7563,-3.4253,0.4858,-109.024,177.317,164.329,2,13
4.9434,-3.5620,0.6523,-116.646,168.841,145.854,2,13
5.1680,-3.6460,0.8394,-120.000,158.963,123.659,2,13
5.4053,-3.6733,1.0508,-119.939,148.293,98.476,2,13
5.6533,-3.6230,1.2441,-116.524,135.610,71.037,2,13
5.8867,-3.5093,1.4409,-111.768,118.963,44.024,2,13
6.1133,-3.3462,1.6079,-106.159,97.256,18.902,2,13
6.3159,-3.1357,1.7368,-99.573,69.878,-3.049,2,13
6.4878,-2.8745,1.8179,-90.061,36.951,-20.671,2,13
6.6128,-2.6099,1.8413,-78.537,0.305,-32.439,2,13
6.6860,-2.3813,1.8105,-61.585,-37.988,-39.207,2,13
6.6919,-2.1719,1.7798,-41.402,-74.146,-43.171,2,13
6.6250,-2.0049,1.7305,-19.878,-105.244,-43.963,2,13
6.5161,-1.8892,1.6587,0.976,-130.732,-44.756,2,13
6.3799,-1.8232,1.5977,17.500,-150.427,-47.500,2,13
6.2427,-1.8296,1.5791,30.976,-162.134,-53.232,2,13
6.0908,-1.9043,1.5820,40.122,-166.402,-62.317,2,13
5.9673,-1.9854,1.6377,44.939,-163.902,-75.122,2,13
5.8501,-2.0601,1.7090,44.634,-158.720,-89.390,2,13
5.7559,-2.1245,1.8237,41.280,-152.927,-104.024,2,13
5.6396,-2.1362,2.0068,34.634,-147.805,-117.866,2,13
0.5811,0.4907,0.0854,316.951,54.146,-30.671,1,13
0.6582,0.4419,0.1479,313.902,53.293,-31.585,1,13
0.7163,0.3940,0.1826,311.280,51.890,-31.768,1,13
0.7871,0.3452,0.2349,308.780,50.244,-31.220,1,13
0.8423,0.2998,0.2773,305.732,47.500,-30.671,1,13
0.8853,0.2471,0.3423,303.110,45.122,-29.390,1,13
0.9199,0.1870,0.3955,299.695,42.256,-28.171,1,13
0.9438,0.1255,0.4683,296.341,39.390,-27.012,1,13
0.9570,0.0474,0.5366,292.256,36.768,-25.427,1,13
0.9629,-0.0356,0.5879,288.476,34.329,-24.024,1,13
0.9653,-0.1182,0.6323,285.183,32.317,-22.378,1,13
0.9624,-0.2085,0.6772,282.683,30.488,-20.061,1,13
0.9609,-0.2769,0.7300,281.402,28.232,-18.415,1,13
0.9561,-0.3496,0.7949,278.780,25.976,-16.768,1,13
0.9419,-0.4229,0.8662,276.402,23.659,-15.366,1,13
0.9316,-0.4746,0.9360,274.024,21.463,-14.146,1,13
0.9209,-0.5332,0.9907,271.524,19.390,-12.866,1,13
0.8979,-0.5625,1.0479,270.366,17.622,-10.915,1,13
0.8672,-0.6021,1.0918,268.537,15.793,-8.780,1,13
0.8223,-0.6201,1.1221,267.561,13.780,-6.280,1,13
0.7900,-0.6460,1.1763,265.976,11.037,-4.024,1,13
0.7432,-0.6631,1.2085,265.183,7.439,-1.341,1,13
0.6987,-0.6826,1.2144,265.854,2.927,0.732,1,13
0.6523,-0.7041,1.2417,266.707,-2.256,2.988,1,13
-16.0000,4.9541,-2.6377,74.939,59.451,947.012,2,13
-16.0000,0.0376,2.5435,51.707,-209.146,1127.378,2,13
-16.0000,-6.0420,2.6191,186.524,-351.037,683.110,2,13
-11.6147,-8.0166,2.7593,310.427,-288.537,-17.134,2,13
-4.2954,-4.9712,2.3569,222.134,-90.061,-370.732,2,13
-2.3979,-3.8999,2.7437,92.500,91.707,-402.256,2,13
-1.9614,-3.6519,3.6958,12.683,201.463,-364.756,2,13
-1.6182,-3.8159,3.9434,-4.573,256.098,-318.780,2,13
-0.4453,-1.5723,2.7637,27.805,146.829,-33.171,2,13
-0.5479,-1.1904,2.7598,40.915,77.256,-59.268,2,13
-0.7349,-0.8145,2.8403,56.951,1.768,-86.768,2,13
-1.0181,-0.5083,2.9028,62.744,-80.427,-108.354,2,13
-1.3931,-0.2798,2.8374,55.854,-173.110,-117.622,2,13
-1.7515,-0.1157,2.6592,44.695,-273.537,-111.768,2,13
-2.0835,-0.0044,2.3315,38.049,-369.573,-92.561,2,13
-2.3843,0.0762,1.9585,37.012,-446.646,-61.890,2,13
-0.3315,-1.2168,-1.3691,-0.976,77.744,-61.585,1,13
-0.1729,-1.1660,-1.3452,-11.585,82.317,-54.329,1,13
-0.0239,-1.1060,-1.3237,-22.317,84.268,-46.463,1,13
0.0771,-1.0391,-1.2998,-32.805,84.756,-38.537,1,13
0.1382,-0.9683,-1.2905,-42.256,84.451,-31.098,1,13
0.1807,-0.8862,-1.2729,-49.756,84.573,-24.268,1,13
0.1934,-0.8037,-1.2534,-55.854,84.146,-19.512,1,13
0.1953,-0.7266,-1.2388,-60.366,84.756,-16.159,1,13
0.1958,-0.6504,-1.2041,-62.927,86.280,-14.756,1,13
0.1890,-0.5977,-1.1885,-63.780,87.805,-14.146,1,13
0.2085,-0.5542,-1.1680,-63.293,90.610,-14.939,1,13
0.2339,-0.5054,-1.1470,-61.829,93.415,-15.915,1,13
0.2632,-0.4590,-1.1060,-60.671,96.280,-17.378,1,13
0.2842,-0.4321,-1.0537,-59.817,99.268,-19.390,1,13
0.3174,-0.4160,-1.0034,-59.085,102.012,-21.402,1,13
0.3442,-0.4014,-0.9673,-58.598,104.024,-23.476,1,13
0.3765,-0.3989,-0.9170,-56.890,105.610,-25.671,1,13
0.4121,-0.3960,-0.8701,-56.280,106.707,-27.683,1,13
0.4463,-0.3979,-0.8149,-55.549,107.439,-28.963,1,13
0.4897,-0.4004,-0.7759,-55.915,108.232,-29.390,1,13
0.5288,-0.4019,-0.7451,-56.585,109.634,-29.329,1,13
0.5718,-0.4014,-0.7100,-57.195,110.061,-28.354,1,13
0.6006,-0.3882,-0.6582,-58.963,110.976,-27.500,1,13
0.6289,-0.3765,-0.6143,-62.073,110.915,-26.098,1,13
-0.8486,0.7661,-0.1509,35.122,-148.293,65.976,2,13
-0.9829,0.4600,-0.2446,63.171,-154.451,49.634,2,13
-1.0884,0.1699,-0.3369,79.390,-159.756,28.476,2,13
-1.1333,-0.0894,-0.3770,83.232,-163.720,7.317,2,13
-1.1528,-0.3008,-0.3442,76.220,-168.293,-9.695,2,13
-1.1538,-0.4536,-0.2676,64.512,-173.049,-21.341,2,13
-1.1299,-0.5723,-0.1890,50.427,-178.293,-28.780,2,13
-1.0981,-0.6533,-0.1094,39.512,-183.354,-32.500,2,13
-1.0625,-0.7197,-0.0479,34.573,-186.951,-33.171,2,13
-1.0288,-0.7729,-0.0220,36.098,-188.354,-31.646,2,13
-0.9717,-0.8174,-0.0117,43.476,-186.524,-27.866,2,13
-0.9336,-0.8750,-0.0234,54.634,-181.829,-22.927,2,13
-0.8872,-0.9058,-0.0308,67.073,-173.780,-17.439,2,13
-0.8413,-0.9448,-0.0439,78.232,-164.451,-11.768,2,13
-0.7886,-0.9795,-0.0234,86.524,-153.963,-6.646,2,13
-0.7393,-1.0210,0.0015,92.195,-143.049,-2.134,2,13
0.8491,-0.1230,-0.2632,-73.171,71.768,3.598,1,13
0.8413,-0.1479,-0.2832,-73.659,67.988,3.049,1,13
0.8481,-0.1777,-0.2891,-75.000,64.512,2.561,1,13
0.8379,-0.2095,-0.3159,-78.171,61.890,0.976,1,13
0.8350,-0.2285,-0.3208,-83.110,60.488,-1.159,1,13
0.8208,-0.2603,-0.3403,-89.085,59.695,-3.659,1,13
0.8164,-0.2798,-0.3481,-95.305,58.780,-7.195,1,13
0.8101,-0.2852,-0.3594,-102.256,58.232,-10.244,1,13
0.1157,-1.2729,0.3330,65.976,-74.268,-33.841,2,13
0.1499,-1.2632,0.3604,61.341,-72.744,-40.122,2,13
0.1855,-1.2573,0.3745,57.012,-72.378,-45.061,2,13
0.2285,-1.2349,0.4019,53.598,-72.988,-48.902,2,13
0.2480,-1.2222,0.4131,51.402,-73.780,-52.012,2,13
0.2813,-1.2041,0.4263,49.451,-74.939,-54.085,2,13
0.2900,-1.1885,0.4448,48.110,-75.549,-55.122,2,13
0.3022,-1.1621,0.4360,46.280,-76.402,-55.244,2,13
0.3232,-1.1431,0.4316,44.878,-76.829,-55.549,2,13
0.3345,-1.1309,0.4258,42.744,-76.829,-54.329,2,13
0.3398,-1.1147,0.4121,40.061,-76.524,-52.927,2,13
0.3521,-1.0996,0.3950,37.134,-76.463,-51.463,2,13
0.3638,-1.0874,0.3721,34.085,-75.854,-49.207,2,13
0.3682,-1.0835,0.3628,30.976,-74.695,-47.195,2,13
0.3774,-1.0693,0.3408,28.354,-72.988,-45.305,2,13
0.3882,-1.0581,0.3257,25.610,-71.341,-43.171,2,13
0.7222,-0.1060,-0.1519,-206.768,10.976,-63.598,1,13
0.7451,-0.0996,-0.1558,-206.585,11.280,-64.817,1,13
0.7720,-0.0913,-0.1470,-206.524,11.280,-66.159,1,13
0.7969,-0.0825,-0.1494,-206.585,12.012,-67.744,1,13
0.8125,-0.0786,-0.1318,-206.341,12.561,-69.817,1,13
0.8228,-0.0693,-0.1274,-206.159,13.598,-71.524,1,13
0.8516,-0.0581,-0.1279,-205.732,14.756,-73.537,1,13
0.8696,-0.0469,-0.1172,-204.939,15.854,-75.793,1,13
0.8848,-0.0205,-0.1001,-203.963,17.073,-79.390,1,13
0.8862,-0.0200,-0.0996,-203.537,17.317,-80.671,1,13
0.8960,-0.0049,-0.0981,-202.988,17.622,-83.293,1,13
0.8975,0.0093,-0.0981,-200.488,17.439,-87.683,1,13
0.8901,0.0254,-0.0981,-198.537,17.134,-90.427,1,13
0.8862,0.0435,-0.1016,-196.280,16.768,-93.720,1,13
0.8833,0.0469,-0.1118,-193.780,15.976,-96.646,1,13
0.8789,0.0708,-0.1147,-191.585,15.488,-100.183,1,13
1.0083,-0.9355,0.2676,9.085,30.915,-39.024,2,13
1.0151,-0.9229,0.2651,9.390,30.732,-39.146,2,13
1.0342,-0.8931,0.2544,10.610,29.939,-39.451,2,13
1.0581,-0.8291,0.2422,12.561,27.317,-40.305,2,13
1.0620,-0.8008,0.2383,13.171,25.915,-40.305,2,13
1.0742,-0.7637,0.2295,14.451,23.049,-41.524,2,13
1.1011,-0.6978,0.2300,16.220,19.878,-41.463,2,13
1.1089,-0.6143,0.2231,17.134,15.427,-40.976,2,13
0.7656,0.6328,-0.2085,-106.098,3.598,-159.451,1,13
0.7642,0.6680,-0.1904,-99.878,3.720,-162.439,1,13
0.7612,0.7144,-0.1792,-93.232,4.390,-165.671,1,13
0.7661,0.7759,-0.1626,-86.646,4.451,-169.085,1,13
0.7759,0.8271,-0.1475,-80.122,4.329,-171.951,1,13
0.7852,0.8887,-0.1309,-73.354,4.573,-174.146,1,13
0.8003,0.9521,-0.1147,-67.134,4.634,-176.707,1,13
0.8252,1.0229,-0.1162,-59.878,4.878,-177.805,1,13
1.0835,-0.3633,0.0977,40.610,3.659,-20.061,2,13
1.0820,-0.3901,0.0737,43.415,5.122,-16.829,2,13
1.0684,-0.4199,0.0493,46.768,7.439,-14.146,2,13
1.0645,-0.4663,0.0278,49.024,10.854,-11.585,2,13
1.0557,-0.5142,0.0190,51.524,14.634,-9.329,2,13
1.0532,-0.5645,0.0151,53.293,18.720,-7.744,2,13
1.0435,-0.6079,0.0112,54.817,22.683,-6.707,2,13
1.0391,-0.6519,0.0059,55.488,27.012,-5.732,2,13
1.0308,-0.6885,-0.0020,54.817,30.549,-5.244,2,13
1.0278,-0.7310,-0.0122,52.622,33.902,-5.122,2,13
1.0342,-0.7583,-0.0142,49.756,36.951,-5.915,2,13
1.0356,-0.7847,-0.0181,45.488,40.488,-7.927,2,13
1.0415,-0.8228,-0.0234,39.878,42.988,-10.000,2,13
1.0474,-0.8477,-0.0288,34.085,45.122,-12.317,2,13
1.0513,-0.8711,-0.0303,27.012,46.768,-14.146,2,13
1.0571,-0.8887,-0.0298,18.293,48.232,-16.280,2,13
0.9434,1.2861,0.2632,62.195,-41.098,-147.561,1,13
0.9316,1.1846,0.2656,67.927,-48.476,-142.561,1,13
0.9082,1.0967,0.2617,73.537,-56.768,-137.256,1,13
0.8965,1.0088,0.2466,79.024,-65.061,-132.683,1,13
0.8760,0.9546,0.2354,85.000,-73.476,-129.024,1,13
0.8569,0.9224,0.2188,89.207,-81.159,-126.524,1,13
0.8311,0.8994,0.2261,91.951,-88.841,-124.207,1,13
0.8057,0.8882,0.2319,92.866,-96.524,-123.171,1,13
0.7813,0.8960,0.1982,92.378,-107.134,-121.037,1,13
0.7817,0.9014,0.1904,91.524,-110.427,-120.122,1,13
0.7773,0.9331,0.1519,89.268,-115.793,-117.805,1,13
0.7681,0.9878,0.1196,86.463,-120.488,-114.451,1,13
0.7764,1.0605,0.1040,82.500,-123.902,-109.695,1,13
0.7720,1.1416,0.0864,77.866,-126.707,-104.817,1,13
0.7739,1.2729,0.0742,70.915,-130.488,-94.634,1,13
0.7690,1.3271,0.0752,68.902,-131.524,-90.854,1,13
1.1943,-0.0977,-0.1602,-12.805,54.634,-2.866,2,13
1.1909,-0.0674,-0.1782,-5.549,54.634,2.561,2,13
1.1934,-0.0576,-0.2041,2.805,55.427,8.354,2,13
1.1792,-0.0688,-0.2271,11.341,57.134,14.268,2,13
1.1646,-0.0840,-0.2461,20.244,59.573,20.427,2,13
1.1484,-0.1089,-0.2676,28.659,62.988,26.463,2,13
1.1362,-0.1475,-0.2734,36.829,67.439,31.524,2,13
1.1055,-0.2134,-0.2769,44.451,73.049,35.549,2,13
1.0952,-0.2773,-0.2627,51.098,79.268,38.780,2,13
1.0801,-0.3613,-0.2529,56.280,85.549,40.976,2,13
1.0684,-0.4414,-0.2461,59.695,91.707,42.927,2,13
1.0581,-0.5171,-0.2261,61.037,97.134,44.329,2,13
1.0547,-0.6050,-0.2119,60.427,102.012,45.549,2,13
1.0522,-0.6719,-0.1904,58.476,105.549,46.707,2,13
1.0464,-0.7432,-0.1768,54.756,108.110,47.683,2,13
1.0493,-0.8042,-0.1597,49.024,109.512,48.415,2,13
0.6753,1.0068,-0.4063,95.488,-118.415,88.537,1,13
0.6895,0.8784,-0.4204,86.037,-112.927,87.256,1,13
0.7119,0.7588,-0.4326,75.915,-108.110,83.659,1,13
0.7427,0.6577,-0.4331,64.939,-104.573,79.756,1,13
0.7686,0.5659,-0.4326,52.561,-102.927,76.098,1,13
0.8018,0.4844,-0.4351,39.756,-102.988,72.500,1,13
0.8232,0.4155,-0.4526,26.463,-106.220,69.756,1,13
0.8379,0.3521,-0.4814,12.683,-110.549,67.744,1,13
0.8452,0.3130,-0.5015,-2.256,-115.793,66.159,1,13
0.8433,0.2632,-0.5327,-17.927,-121.463,65.366,1,13
0.8257,0.2217,-0.5708,-34.024,-127.317,64.146,1,13
0.7915,0.1841,-0.6113,-49.939,-132.317,62.805,1,13
0.7646,0.1538,-0.6528,-64.573,-136.890,60.793,1,13
0.7222,0.1265,-0.7002,-78.537,-140.732,57.622,1,13
0.7036,0.1128,-0.7505,-91.890,-142.500,54.573,1,13
0.6836,0.1045,-0.8018,-104.695,-143.537,50.427,1,13
0.6577,0.1074,-0.8560,-118.049,-143.415,45.732,1,13
0.6416,0.1152,-0.9048,-131.037,-143.598,40.427,1,13
0.6294,0.1304,-0.9663,-143.659,-143.780,35.061,1,13
0.6187,0.1401,-1.0352,-155.427,-143.902,29.939,1,13
0.6113,0.1465,-1.1182,-165.549,-144.329,25.122,1,13
0.6138,0.1621,-1.2256,-173.659,-144.878,20.610,1,13
0.6094,0.1934,-1.3081,-181.646,-144.878,16.524,1,13
0.6074,0.2241,-1.3877,-189.268,-144.146,11.890,1,13
0.6045,0.2417,-1.4727,-196.341,-143.598,7.256,1,13
0.6079,0.2656,-1.5625,-201.585,-142.378,2.744,1,13
0.6147,0.2866,-1.6523,-204.817,-140.427,-2.012,1,13
0.6201,0.2905,-1.7275,-206.768,-138.049,-6.585,1,13
0.6392,0.2954,-1.7891,-208.049,-134.756,-10.732,1,13
0.6567,0.2964,-1.8540,-207.927,-131.524,-15.305,1,13
0.6670,0.2969,-1.9116,-206.402,-127.683,-19.939,1,13
0.6846,0.2856,-1.9644,-203.293,-123.720,-23.841,1,13
0.6924,0.2798,-2.0200,-198.720,-119.939,-28.171,1,13
0.7134,0.2856,-2.0503,-193.598,-116.585,-32.317,1,13
0.7314,0.2822,-2.0747,-189.390,-113.537,-36.159,1,13
0.7417,0.2876,-2.0640,-186.463,-110.549,-40.305,1,13
0.7476,0.2778,-2.0342,-183.841,-108.171,-44.085,1,13
0.7568,0.2764,-2.0142,-181.951,-105.427,-47.988,1,13
0.7583,0.2822,-1.9673,-179.939,-102.988,-51.341,1,13
0.7671,0.2695,-1.9180,-178.293,-99.329,-54.634,1,13
0.7544,0.2300,-1.8042,-175.976,-92.988,-58.841,1,13
0.7446,0.2119,-1.7544,-175.671,-90.915,-59.695,1,13
0.7397,0.1577,-1.6558,-174.634,-85.244,-61.341,1,13
0.7192,0.0903,-1.5571,-172.927,-79.756,-62.622,1,13
0.7183,0.0249,-1.4312,-169.512,-71.159,-62.988,1,13
0.7275,0.0210,-1.3730,-166.341,-65.000,-62.073,1,13
0.7275,0.0679,-1.2935,-163.963,-57.927,-60.122,1,13
0.7451,0.1719,-1.2295,-163.476,-49.817,-57.012,1,13
0.7646,0.3169,-1.1621,-163.841,-40.305,-51.585,1,13
0.7925,0.5059,-1.0659,-165.671,-30.427,-43.963,1,13
0.8174,0.7261,-0.9893,-166.463,-21.524,-34.024,1,13
0.8472,0.9668,-0.9141,-165.610,-14.634,-22.317,1,13
0.8779,1.2075,-0.8403,-162.927,-11.037,-9.695,1,13
0.9038,1.4692,-0.7813,-159.451,-10.610,3.171,1,13
0.9155,1.7280,-0.7529,-155.305,-12.805,15.671,1,13
0.9219,1.9863,-0.7617,-150.976,-16.829,26.585,1,13
0.0933,-0.6270,-0.0195,-31.829,113.110,84.695,2,13
0.0698,-0.6465,-0.0190,-26.951,118.902,85.854,2,13
0.0439,-0.6445,0.0015,-21.402,125.488,86.646,2,13
0.0249,-0.6406,0.0137,-15.976,132.561,87.073,2,13
0.0132,-0.6221,0.0396,-11.159,139.817,86.707,2,13
0.0117,-0.6108,0.0566,-6.220,147.256,86.463,2,13
0.0117,-0.5825,0.0894,-1.280,155.549,85.488,2,13
0.0337,-0.5586,0.1123,3.659,164.085,84.085,2,13
1.1118,3.6382,-0.7192,-6.768,3.841,86.951,1,13
1.0391,3.7637,-0.6636,-3.598,-0.183,100.244,1,13
0.9634,3.8672,-0.6216,2.988,-3.476,114.634,1,13
0.8774,3.9321,-0.5811,12.012,-6.037,128.049,1,13
0.7827,3.9741,-0.5439,23.841,-8.049,142.073,1,13
0.6846,3.9790,-0.5029,38.049,-10.305,155.183,1,13
0.5884,3.9468,-0.4585,54.146,-12.439,167.439,1,13
0.4863,3.8950,-0.4214,71.220,-15.549,178.598,1,13
0.8628,-0.3877,0.2739,90.915,250.183,33.049,2,13
1.0869,-0.3979,0.3105,105.061,260.793,19.878,2,13
1.3628,-0.4238,0.3462,117.622,270.854,3.841,2,13
1.7158,-0.4775,0.3931,128.110,277.988,-14.085,2,13
2.1313,-0.5283,0.4453,137.256,280.549,-30.000,2,13
2.6597,-0.5835,0.5464,144.573,278.841,-41.098,2,13
3.2949,-0.5996,0.6602,149.268,275.427,-45.732,2,13
3.9639,-0.6265,0.7886,149.451,270.244,-38.659,2,13
4.9834,-0.7056,0.9429,142.134,256.402,-0.732,2,13
5.6504,-0.8677,0.9946,135.549,243.354,40.793,2,13
5.9604,-0.9922,1.0034,132.256,236.280,64.573,2,13
6.7690,-1.4160,0.9854,118.537,216.463,142.134,2,13
7.0078,-1.8276,0.9673,103.598,205.610,193.049,2,13
6.9438,-2.3135,0.9741,81.951,193.537,236.524,2,13
6.6357,-2.8882,1.0078,55.427,176.768,267.622,2,13
6.2598,-3.4600,1.0806,25.610,154.390,282.134,2,13
-1.1753,2.1016,0.1274,207.134,69.573,196.463,1,13
-1.1978,2.0518,0.1519,209.085,80.427,193.476,1,13
-1.2207,1.9648,0.2036,214.512,98.720,186.159,1,13
-1.2222,1.8892,0.2651,220.366,113.598,177.500,1,13
-1.2026,1.8257,0.3350,226.890,125.000,168.537,1,13
-1.1650,1.7573,0.4004,233.537,133.354,160.000,1,13
-1.0996,1.6948,0.4390,239.573,139.451,152.500,1,13
-1.0361,1.6162,0.4902,245.549,144.268,145.610,1,13
-0.9507,1.5054,0.5425,252.988,149.451,136.341,1,13
-0.8994,1.4312,0.5581,257.256,151.707,130.244,1,13
-0.8569,1.3516,0.5767,261.037,153.110,123.598,1,13
-0.8096,1.2715,0.6006,264.329,153.354,116.402,1,13
-0.7847,1.1895,0.5952,267.683,152.317,107.805,1,13
-0.7510,1.1123,0.5986,271.829,150.244,98.232,1,13
-0.7412,1.0288,0.5962,275.793,148.049,88.415,1,13
-0.7202,0.9590,0.5952,280.976,145.122,78.171,1,13
-0.7036,0.8892,0.5801,286.829,142.134,67.012,1,13
-0.6929,0.8164,0.5718,293.720,138.476,56.220,1,13
-0.6846,0.7627,0.5474,301.524,135.610,45.244,1,13
-0.6748,0.6924,0.5200,309.634,132.622,34.634,1,13
-0.6563,0.6392,0.5020,319.085,129.024,24.634,1,13
-0.6377,0.5762,0.4946,328.415,125.854,14.329,1,13
-0.6240,0.5190,0.5039,336.951,122.744,4.939,1,13
-0.5991,0.4526,0.5063,345.549,119.817,-4.085,1,13
-0.5762,0.3999,0.5210,354.756,117.256,-12.378,1,13
-0.5400,0.3457,0.5376,363.902,114.268,-19.939,1,13
-0.5020,0.2954,0.5718,372.378,111.646,-26.890,1,13
-0.4585,0.2471,0.6138,379.817,108.720,-33.232,1,13
-0.4160,0.1816,0.6563,384.573,105.976,-38.780,1,13
-0.3682,0.1128,0.7090,388.232,102.988,-44.146,1,13
-0.3267,0.0444,0.7681,388.902,100.549,-48.963,1,13
-0.2891,-0.0327,0.8262,387.927,97.439,-53.171,1,13
-0.2432,-0.1187,0.8682,385.305,94.390,-56.585,1,13
-0.2163,-0.2095,0.9219,381.402,90.793,-59.817,1,13
-0.1904,-0.3013,0.9668,375.305,88.049,-61.463,1,13
-0.1660,-0.4102,0.9756,367.683,85.732,-62.988,1,13
-0.1509,-0.5166,0.9863,360.915,83.232,-63.354,1,13
-0.1494,-0.6157,0.9897,353.841,81.402,-63.293,1,13
-0.1431,-0.7095,1.0166,345.549,80.549,-63.110,1,13
-0.1470,-0.8125,1.0576,337.256,80.061,-62.500,1,13
1.1094,-0.6929,2.7002,-65.915,-243.841,-250.793,2,13
1.5225,1.3940,5.0854,58.780,-158.902,-274.146,2,13
0.7212,3.9248,4.7002,194.573,-67.805,-287.195,2,13
-0.8989,4.7578,5.0317,115.061,-97.195,-200.793,2,13
-2.2256,6.2734,5.8838,11.829,-146.098,-60.488,2,13
-12.7173,6.6733,-0.2212,-72.195,-63.171,65.366,2,13
-15.9634,5.8862,-4.0249,-152.561,298.659,52.866,2,13
-16.0000,7.5664,-5.0498,44.085,598.232,-3.659,2,13
0.2969,-1.6113,1.3311,267.134,97.805,-46.159,1,13
0.3892,-1.6724,1.2861,257.195,94.634,-45.915,1,13
0.4629,-1.7212,1.2334,247.500,89.207,-46.707,1,13
0.5259,-1.7637,1.1875,237.439,82.927,-48.415,1,13
0.5635,-1.7930,1.1226,227.622,76.220,-51.463,1,13
0.5684,-1.8022,1.0654,217.195,70.061,-55.976,1,13
0.5352,-1.8110,0.9951,207.927,64.512,-61.890,1,13
0.4785,-1.8008,0.9287,200.305,59.939,-68.720,1,13
0.3950,-1.7817,0.8569,194.085,56.463,-75.976,1,13
0.2935,-1.7534,0.7817,189.146,55.183,-84.634,1,13
0.1899,-1.7139,0.7188,185.244,54.939,-93.415,1,13
0.0903,-1.6831,0.6699,182.317,56.585,-101.707,1,13
0.0332,-1.6450,0.6045,178.598,59.939,-108.780,1,13
-0.0054,-1.6050,0.5391,175.732,64.634,-114.451,1,13
-0.0054,-1.5737,0.5073,171.707,69.817,-118.293,1,13
0.0239,-1.5479,0.4707,167.195,75.488,-119.268,1,13
0.1011,-1.5317,0.4063,158.293,83.049,-118.415,1,13
0.1323,-1.5234,0.3804,154.939,84.878,-117.500,1,13
0.2100,-1.5210,0.3203,148.110,87.073,-116.037,1,13
0.2861,-1.5171,0.2622,141.159,87.317,-114.817,1,13
0.3765,-1.4980,0.1592,129.573,85.000,-115.549,1,13
0.4248,-1.4912,0.1113,120.000,81.951,-117.866,1,13
0.4644,-1.4751,0.0337,110.854,78.293,-121.768,1,13
0.4766,-1.4585,-0.0332,100.488,74.817,-126.524,1,13
0.5010,-1.4360,-0.1016,91.159,71.524,-132.134,1,13
0.5068,-1.4033,-0.1802,81.707,68.598,-137.805,1,13
0.5034,-1.3672,-0.2422,74.024,65.610,-143.476,1,13
0.5107,-1.3179,-0.3120,67.134,62.500,-148.415,1,13
0.5161,-1.2622,-0.3823,61.707,59.939,-152.744,1,13
0.5151,-1.1948,-0.4277,55.793,56.341,-155.610,1,13
0.5210,-1.1230,-0.4648,49.939,53.476,-157.439,1,13
0.5244,-1.0488,-0.4912,43.232,51.402,-158.354,1,13
0.5313,-0.9756,-0.4937,35.427,50.427,-158.171,1,13
0.5298,-0.8999,-0.4819,25.244,50.671,-157.256,1,13
0.5220,-0.8140,-0.4536,12.988,52.073,-155.488,1,13
0.5171,-0.7461,-0.4395,-0.488,55.366,-153.354,1,13
0.5220,-0.6943,-0.4600,-13.598,60.000,-150.549,1,13
0.5239,-0.6465,-0.5083,-23.841,64.817,-146.585,1,13
0.5444,-0.5830,-0.5688,-31.463,69.207,-142.317,1,13
0.5723,-0.5269,-0.6084,-38.110,72.500,-137.500,1,13
0.6089,-0.4805,-0.6392,-45.183,74.634,-131.951,1,13
0.6606,-0.4292,-0.6528,-52.378,75.244,-126.707,1,13
0.7075,-0.3896,-0.6704,-60.305,75.366,-121.037,1,13
0.7686,-0.3604,-0.6899,-67.134,75.549,-115.183,1,13
0.8223,-0.3369,-0.6987,-74.390,75.244,-109.573,1,13
0.8735,-0.3096,-0.7100,-81.585,75.488,-104.024,1,13
0.9165,-0.2852,-0.7134,-88.902,75.488,-98.963,1,13
0.9707,-0.2651,-0.7329,-97.256,76.098,-93.415,1,13
-0.8306,0.2627,-0.4038,-20.976,-112.012,83.720,2,13
-0.8335,0.1953,-0.4951,-8.720,-105.915,94.634,2,13
-0.8560,0.0625,-0.5488,4.634,-102.439,102.927,2,13
-0.8774,-0.1255,-0.5615,20.488,-102.622,108.476,2,13
-0.8789,-0.3389,-0.5234,36.890,-105.183,110.305,2,13
-0.8530,-0.5513,-0.4546,51.768,-110.061,108.720,2,13
-0.8101,-0.7593,-0.3628,62.256,-115.061,106.037,2,13
-0.7744,-0.9541,-0.2520,68.780,-120.122,102.256,2,13
1.1982,0.0815,-0.8071,-152.378,60.610,-60.488,1,13
1.2100,0.1372,-0.8081,-156.402,59.390,-58.720,1,13
1.2134,0.1875,-0.8164,-159.329,58.049,-56.829,1,13
1.2300,0.2354,-0.8130,-162.744,57.073,-55.549,1,13
1.2446,0.2690,-0.8018,-165.000,55.854,-54.085,1,13
1.2666,0.3013,-0.7969,-166.829,54.756,-52.988,1,13
1.2969,0.3267,-0.7954,-168.720,53.232,-51.951,1,13
1.3164,0.3545,-0.7856,-169.207,52.134,-51.220,1,13
1.3472,0.3779,-0.8022,-169.573,50.488,-50.915,1,13
1.3735,0.4019,-0.7793,-169.756,48.720,-50.671,1,13
1.3999,0.4272,-0.7568,-169.817,47.378,-50.976,1,13
1.4214,0.4536,-0.7432,-169.695,45.488,-51.280,1,13
1.4360,0.4648,-0.7158,-168.902,43.354,-51.585,1,13
1.4570,0.4873,-0.6929,-167.744,40.549,-51.951,1,13
1.4648,0.5088,-0.6704,-165.854,37.439,-52.439,1,13
1.4893,0.5396,-0.6484,-163.293,34.085,-52.927,1,13
-0.1362,-1.6323,0.1860,18.354,-72.683,-25.915,2,13
-0.0649,-1.6187,0.1567,25.793,-67.134,-25.915,2,13
0.0015,-1.5913,0.1646,34.695,-61.829,-24.878,2,13
0.0742,-1.5552,0.1885,43.841,-56.098,-23.537,2,13
0.1460,-1.5122,0.2227,52.927,-51.037,-22.439,2,13
0.2065,-1.4629,0.2524,60.976,-46.341,-22.134,2,13
0.2637,-1.4175,0.2793,68.293,-42.561,-22.622,2,13
0.3140,-1.3701,0.2988,74.817,-40.061,-23.110,2,13
1.4160,0.7866,-0.4531,-133.171,-7.744,-47.012,1,13
1.4043,0.7837,-0.4463,-131.829,-10.549,-45.732,1,13
1.3950,0.7813,-0.4238,-127.134,-17.012,-41.768,1,13
1.3896,0.7666,-0.4180,-124.573,-21.829,-38.902,1,13
1.3867,0.7520,-0.4072,-121.829,-26.037,-35.366,1,13
1.3774,0.7417,-0.3916,-119.268,-29.939,-32.744,1,13
1.3740,0.7222,-0.3975,-117.073,-34.024,-29.512,1,13
1.3555,0.7070,-0.3867,-115.000,-37.683,-26.524,1,13
1.3540,0.6826,-0.3838,-113.659,-41.280,-24.024,1,13
1.3403,0.6719,-0.3726,-112.500,-44.817,-21.341,1,13
1.3276,0.6621,-0.3540,-111.707,-47.988,-19.573,1,13
1.3154,0.6465,-0.3428,-111.585,-50.854,-17.622,1,13
1.3057,0.6304,-0.3271,-111.280,-52.805,-15.793,1,13
1.2896,0.6104,-0.3154,-110.793,-55.427,-14.329,1,13
1.2837,0.5991,-0.3066,-110.854,-57.317,-12.012,1,13
1.2700,0.5933,-0.2832,-110.427,-59.390,-10.915,1,13
1.2593,0.5884,-0.2661,-111.280,-61.220,-9.085,1,13
1.2534,0.5815,-0.2520,-112.134,-63.110,-7.561,1,13
1.2446,0.5708,-0.2417,-112.988,-65.061,-5.976,1,13
1.2285,0.5703,-0.2266,-114.085,-67.195,-4.329,1,13
1.2158,0.5571,-0.2246,-115.183,-69.390,-3.171,1,13
1.2070,0.5547,-0.2046,-116.159,-71.707,-1.951,1,13
1.1963,0.5435,-0.1865,-117.439,-73.902,-0.549,1,13
1.1797,0.5288,-0.1865,-118.476,-75.976,0.366,1,13
0.5308,-1.3975,0.3379,-16.585,-16.037,-43.049,2,13
0.5752,-1.3857,0.3130,-21.098,-12.927,-44.451,2,13
0.6201,-1.3613,0.2876,-24.573,-8.963,-46.463,2,13
0.6733,-1.3364,0.2676,-27.866,-5.488,-47.927,2,13
0.7183,-1.3027,0.2407,-29.817,-2.073,-49.024,2,13
0.7549,-1.2651,0.2256,-31.890,1.646,-49.756,2,13
0.7998,-1.2261,0.2173,-34.451,4.878,-50.671,2,13
0.8408,-1.1772,0.2256,-36.220,7.805,-51.220,2,13
0.8745,-1.1157,0.2422,-37.866,11.098,-51.829,2,13
0.9121,-1.0605,0.2446,-39.207,14.024,-52.073,2,13
0.9419,-1.0010,0.2568,-40.000,16.220,-52.561,2,13
0.9771,-0.9429,0.2769,-40.122,18.232,-52.927,2,13
1.0176,-0.8853,0.2881,-40.244,19.756,-53.171,2,13
1.0415,-0.8311,0.2969,-39.573,20.976,-52.927,2,13
1.0771,-0.7827,0.3018,-38.415,21.768,-51.890,2,13
1.0962,-0.7412,0.3081,-36.951,22.134,-50.976,2,13
1.1187,-0.7046,0.2998,-35.366,21.402,-49.878,2,13
1.1421,-0.6675,0.2881,-33.049,20.427,-47.622,2,13
1.1665,-0.6323,0.2661,-30.122,18.476,-46.098,2,13
1.1924,-0.6006,0.2471,-27.622,16.280,-43.598,2,13
1.2075,-0.5732,0.2134,-24.207,14.329,-41.402,2,13
1.2310,-0.5459,0.1768,-20.427,11.768,-38.963,2,13
1.2461,-0.5278,0.1421,-15.732,9.634,-36.646,2,13
1.2744,-0.5181,0.1147,-10.732,8.049,-33.110,2,13
1.0083,0.4644,-0.0283,-130.549,-103.476,-15.488,1,13
0.9883,0.4707,-0.0225,-132.927,-103.902,-16.098,1,13
0.9702,0.4810,-0.0347,-135.610,-104.573,-16.646,1,13
0.9463,0.4927,-0.0356,-137.805,-105.122,-17.073,1,13
0.9287,0.5044,-0.0449,-139.451,-105.549,-17.622,1,13
0.9160,0.5098,-0.0498,-141.402,-105.793,-18.171,1,13
0.8955,0.5190,-0.0493,-143.293,-105.549,-18.659,1,13
0.8804,0.5396,-0.0469,-144.756,-105.671,-19.451,1,13
0.8545,0.5605,-0.0435,-146.829,-105.183,-20.854,1,13
0.8384,0.5708,-0.0430,-147.561,-105.305,-21.220,1,13
0.8315,0.5903,-0.0332,-148.537,-104.878,-22.439,1,13
0.8125,0.6118,-0.0317,-149.329,-104.817,-23.293,1,13
0.7969,0.6372,-0.0337,-149.024,-104.939,-24.451,1,13
0.7905,0.6470,-0.0288,-149.024,-105.061,-24.878,1,13
0.7695,0.6846,-0.0273,-148.232,-105.061,-25.488,1,13
0.7534,0.7031,-0.0239,-147.073,-105.183,-25.793,1,13
0.7383,0.7202,-0.0376,-145.183,-105.732,-26.098,1,13
0.7314,0.7388,-0.0415,-142.561,-105.610,-26.037,1,13
0.7212,0.7715,-0.0464,-139.695,-105.549,-26.037,1,13
0.7124,0.7837,-0.0601,-136.646,-106.159,-25.854,1,13
0.7051,0.8013,-0.0674,-133.171,-106.341,-25.427,1,13
0.6934,0.8203,-0.0664,-129.268,-106.524,-25.061,1,13
0.6841,0.8315,-0.0791,-125.183,-106.463,-24.573,1,13
0.6738,0.8447,-0.0894,-120.732,-106.646,-24.268,1,13
0.6597,0.8525,-0.0859,-115.915,-106.951,-23.720,1,13
0.6543,0.8638,-0.1138,-110.366,-107.317,-23.537,1,13
0.6450,0.8657,-0.1143,-104.695,-107.317,-22.744,1,13
0.6343,0.8691,-0.1079,-99.573,-107.561,-22.683,1,13
0.6240,0.8701,-0.0874,-94.817,-107.866,-22.073,1,13
0.6206,0.8672,-0.0610,-90.305,-108.537,-21.890,1,13
0.6123,0.8569,-0.0503,-85.976,-108.963,-21.220,1,13
0.6113,0.8398,-0.0190,-82.317,-109.512,-20.061,1,13
1.0200,-0.7974,-0.0342,-100.549,62.561,-16.159,2,13
1.0063,-0.7490,-0.0166,-106.768,61.829,-18.110,2,13
0.9995,-0.6743,-0.0029,-111.829,60.427,-19.329,2,13
0.9902,-0.6133,-0.0039,-115.549,58.659,-20.488,2,13
0.9795,-0.5371,0.0098,-117.988,56.768,-20.976,2,13
0.9688,-0.4702,0.0015,-119.207,54.451,-20.488,2,13
0.9565,-0.3999,0.0068,-117.927,52.073,-19.695,2,13
0.9414,-0.3384,-0.0078,-116.402,50.183,-17.866,2,13
0.6084,0.7139,0.0015,-56.829,-120.854,-3.415,1,13
0.6074,0.7290,-0.0034,-56.707,-121.768,-1.585,1,13
0.5986,0.7441,-0.0005,-56.341,-122.622,0.183,1,13
0.5986,0.7505,-0.0142,-56.220,-123.780,1.829,1,13
0.5884,0.7769,-0.0186,-55.610,-124.878,3.354,1,13
0.5767,0.7939,-0.0181,-55.854,-126.098,4.756,1,13
0.5732,0.8071,-0.0117,-55.732,-127.439,5.732,1,13
0.5532,0.8188,-0.0186,-55.915,-129.085,6.707,1,13
0.8086,-0.1987,-0.0933,9.146,111.890,20.000,2,13
0.7993,-0.2354,-0.0703,14.512,116.220,20.000,2,13
0.8096,-0.2720,-0.0513,18.354,119.756,19.512,2,13
0.8203,-0.3057,-0.0332,20.671,122.927,18.415,2,13
0.8223,-0.3389,-0.0107,22.256,125.000,17.805,2,13
0.8262,-0.3608,-0.0020,22.134,126.220,16.646,2,13
0.8315,-0.3818,0.0132,21.768,126.951,15.000,2,13
0.8462,-0.4023,0.0303,20.488,127.317,13.537,2,13
0.4297,0.8423,-0.2114,-28.293,-123.598,22.317,1,13
0.4355,0.8257,-0.2246,-26.463,-122.500,23.902,1,13
0.4312,0.8096,-0.2393,-24.390,-121.098,25.854,1,13
0.4351,0.7939,-0.2500,-23.232,-119.573,27.500,1,13
0.4370,0.7744,-0.2441,-22.439,-118.598,29.451,1,13
0.4351,0.7505,-0.2515,-21.646,-117.744,31.341,1,13
0.4360,0.7271,-0.2646,-21.524,-116.951,32.866,1,13
0.4385,0.7002,-0.2695,-21.159,-116.951,34.451,1,13
0.4473,0.6572,-0.2847,-21.768,-116.220,36.463,1,13
0.4399,0.6401,-0.2974,-22.195,-116.159,37.073,1,13
0.4341,0.6060,-0.3066,-23.110,-115.732,38.537,1,13
0.4404,0.5854,-0.3130,-25.488,-115.671,39.512,1,13
0.4321,0.5356,-0.3208,-28.720,-115.183,40.488,1,13
0.4404,0.5088,-0.3320,-31.829,-114.268,41.098,1,13
0.4243,0.4780,-0.3218,-35.854,-114.085,41.098,1,13
0.4165,0.4458,-0.3403,-39.451,-113.537,40.732,1,13
0.7549,-0.2227,0.1284,-31.463,127.439,3.720,2,13
0.7490,-0.1963,0.1377,-30.976,127.805,3.902,2,13
0.7349,-0.1816,0.1401,-29.268,128.232,4.756,2,13
0.7314,-0.1660,0.1489,-26.707,128.720,5.366,2,13
0.7173,-0.1436,0.1611,-23.476,129.756,6.402,2,13
0.7056,-0.1196,0.1748,-19.634,130.854,7.561,2,13
0.7065,-0.1099,0.1914,-15.061,132.073,8.841,2,13
0.6973,-0.1021,0.2031,-10.244,133.963,9.939,2,13
0.6909,-0.0889,0.2183,-6.402,136.037,10.976,2,13
0.6797,-0.0894,0.2261,-2.378,138.171,11.646,2,13
0.6743,-0.0962,0.2412,1.098,140.000,13.110,2,13
0.6733,-0.1079,0.2441,4.146,141.890,14.207,2,13
0.6606,-0.1230,0.2573,6.829,143.537,15.366,2,13
0.6558,-0.1470,0.2598,9.268,145.061,16.463,2,13
0.6436,-0.1567,0.2505,11.341,146.402,17.561,2,13
0.6426,-0.1812,0.2490,12.866,147.012,18.415,2,13
0.4238,0.3623,-0.4834,-105.122,-87.988,10.915,1,13
0.4302,0.3809,-0.4985,-105.671,-87.012,7.988,1,13
0.4248,0.3945,-0.5239,-105.732,-85.854,4.939,1,13
0.4263,0.4209,-0.5225,-106.098,-84.756,1.951,1,13
0.4258,0.4434,-0.5234,-106.402,-83.780,-0.854,1,13
0.4297,0.4512,-0.5220,-106.707,-83.110,-3.476,1,13
0.4331,0.4600,-0.5415,-107.134,-82.561,-5.915,1,13
0.4341,0.4771,-0.5557,-107.195,-81.402,-7.927,1,13
0.4346,0.4868,-0.5737,-106.890,-80.732,-10.000,1,13
0.4375,0.5063,-0.5850,-107.073,-79.207,-11.829,1,13
0.4453,0.5264,-0.5869,-107.622,-78.049,-13.476,1,13
0.4409,0.5386,-0.5996,-108.232,-76.220,-15.244,1,13
0.4443,0.5518,-0.6206,-109.085,-74.634,-16.524,1,13
0.4478,0.5601,-0.6372,-109.268,-73.110,-18.354,1,13
0.4526,0.5718,-0.6504,-109.268,-71.707,-19.817,1,13
0.4580,0.5791,-0.6689,-109.573,-70.061,-21.280,1,13
0.4614,0.5913,-0.6919,-110.671,-68.293,-23.171,1,13
0.4644,0.6045,-0.7085,-111.402,-66.341,-24.695,1,13
0.4663,0.6084,-0.7207,-111.890,-64.451,-26.463,1,13
0.4761,0.6294,-0.7437,-112.378,-62.622,-28.354,1,13
0.4868,0.6509,-0.7637,-112.622,-60.488,-29.817,1,13
0.4922,0.6807,-0.7856,-112.866,-58.902,-31.890,1,13
0.4883,0.7153,-0.8022,-113.354,-57.073,-34.146,1,13
0.4946,0.7661,-0.8232,-113.902,-55.671,-35.915,1,13
0.3818,1.8833,-0.8477,-115.976,-42.988,-58.049,1,13
0.3613,1.9463,-0.8364,-114.817,-43.659,-58.293,1,13
0.3223,2.0679,-0.8286,-110.793,-45.122,-58.171,1,13
0.2856,2.1797,-0.8350,-105.244,-46.585,-57.744,1,13
0.2393,2.2808,-0.8491,-98.476,-47.988,-56.341,1,13
0.1885,2.3857,-0.8657,-89.756,-48.720,-54.634,1,13
0.1172,2.4824,-0.8887,-80.488,-47.805,-52.561,1,13
0.0479,2.5674,-0.9028,-70.305,-45.793,-50.000,1,13
-0.0859,2.6719,-0.9268,-55.305,-40.122,-45.793,1,13
-0.1797,2.7266,-0.9233,-43.963,-33.963,-42.683,1,13
-0.2813,2.7710,-0.9058,-33.110,-26.220,-39.756,1,13
-0.3804,2.8003,-0.8857,-21.585,-17.134,-36.768,1,13
-0.4810,2.8306,-0.8716,-9.878,-6.890,-33.354,1,13
-0.5845,2.8496,-0.8604,2.195,4.207,-30.122,1,13
-0.6870,2.8745,-0.8408,14.146,15.427,-26.463,1,13
-0.7803,2.8882,-0.8389,26.037,27.073,-22.927,1,13
-0.8755,2.9087,-0.8291,37.683,38.049,-19.207,1,13
-0.9512,2.9224,-0.8242,48.902,49.146,-15.549,1,13
-1.0303,2.9438,-0.8286,59.756,59.512,-11.890,1,13
-1.0947,2.9741,-0.8149,70.305,69.268,-8.659,1,13
-1.1553,3.0029,-0.8062,80.976,78.780,-6.524,1,13
-1.2148,3.0313,-0.7925,90.488,87.866,-4.146,1,13
-1.2466,3.0581,-0.7900,99.268,96.098,-2.500,1,13
-1.2842,3.0801,-0.7744,107.744,104.146,-1.585,1,13
3.8574,-1.0356,1.0693,83.171,156.037,103.415,2,13
4.1538,-1.1899,1.0278,77.195,146.463,112.622,2,13
4.4507,-1.3623,0.9722,70.366,135.976,121.524,2,13
4.7441,-1.5591,0.9053,62.744,125.000,129.207,2,13
5.0337,-1.7622,0.8374,53.415,112.988,135.488,2,13
5.3135,-2.0039,0.7832,41.463,101.341,138.780,2,13
5.6006,-2.2603,0.7212,25.610,89.268,139.390,2,13
5.8745,-2.5337,0.6729,6.159,77.500,133.537,2,13
6.1465,-2.7827,0.6362,-14.817,66.037,122.012,2,13
6.3491,-2.9922,0.6543,-37.561,54.329,105.549,2,13
6.4824,-3.1079,0.7124,-60.976,40.732,86.707,2,13
6.5225,-3.1235,0.8081,-85.061,24.329,67.134,2,13
6.5000,-3.0444,0.9170,-109.512,4.878,48.354,2,13
6.4453,-2.8940,1.0229,-133.841,-17.500,29.695,2,13
6.4263,-2.7012,1.1187,-155.122,-41.341,9.634,2,13
6.4790,-2.5166,1.1655,-171.402,-64.939,-13.476,2,13
-0.8789,2.1279,-0.3203,182.866,194.024,-57.378,1,13
-0.8472,2.0347,-0.3101,182.744,196.098,-60.183,1,13
-0.8198,1.9468,-0.2827,182.500,197.317,-62.866,1,13
-0.7935,1.8633,-0.2563,182.012,199.329,-65.793,1,13
-0.7710,1.7939,-0.2529,182.561,200.915,-68.476,1,13
-0.7437,1.7314,-0.2451,183.720,202.256,-71.280,1,13
-0.7056,1.6812,-0.2158,185.000,203.841,-74.573,1,13
-0.6768,1.6382,-0.1816,186.463,205.000,-77.683,1,13
-0.6401,1.5952,-0.1553,188.963,206.098,-81.159,1,13
-0.5986,1.5728,-0.1206,191.037,207.073,-84.634,1,13
-0.5342,1.5498,-0.0918,193.232,208.049,-87.988,1,13
-0.4873,1.5366,-0.0693,197.073,208.841,-91.463,1,13
-0.4302,1.5225,-0.0410,200.488,209.390,-94.817,1,13
-0.3599,1.5063,0.0010,204.207,210.488,-98.293,1,13
-0.2935,1.4980,0.0396,208.841,211.341,-101.585,1,13
-0.2256,1.4927,0.0825,214.573,212.500,-104.817,1,13
0.6992,1.1343,0.6343,300.549,235.244,-105.732,1,13
0.7671,1.0977,0.6572,304.756,236.707,-103.598,1,13
0.8999,1.0220,0.7114,311.768,239.268,-97.378,1,13
1.0317,0.9487,0.7866,316.098,241.707,-89.878,1,13
1.1606,0.8608,0.8696,318.415,243.537,-81.159,1,13
1.3550,0.6963,0.9985,317.012,244.329,-66.037,1,13
1.4741,0.5635,1.0942,312.927,241.890,-54.573,1,13
1.5869,0.4316,1.1826,307.866,238.171,-42.561,1,13
1.2886,-0.7485,1.4106,250.854,126.890,-8.963,1,13
1.0908,-0.7524,1.3408,242.866,120.061,-17.988,1,13
0.9448,-0.7344,1.2354,234.329,119.939,-25.183,1,13
0.8403,-0.7051,1.1431,225.976,125.366,-27.988,1,13
0.7856,-0.6460,1.0703,217.195,133.963,-26.341,1,13
0.7529,-0.6099,1.0337,209.756,142.378,-20.793,1,13
0.7441,-0.5859,0.9941,204.329,149.024,-12.500,1,13
0.7417,-0.5801,0.9678,202.073,152.561,-3.415,1,13
0.6523,-0.9917,0.6011,214.329,145.061,22.317,1,13
0.6440,-1.0498,0.5620,208.232,146.280,22.317,1,13
0.6353,-1.0933,0.5273,200.793,147.256,21.463,1,13
0.6289,-1.1265,0.4961,191.463,147.866,19.085,1,13
0.6196,-1.1587,0.4678,180.854,147.195,15.732,1,13
0.5991,-1.1738,0.4360,169.390,145.671,11.829,1,13
0.5820,-1.1714,0.4048,157.927,143.841,6.890,1,13
0.5659,-1.1592,0.3584,145.488,141.098,1.707,1,13
-1.3887,0.3901,-0.5332,156.585,-69.085,-33.902,2,13
-1.3799,0.1851,-0.1904,143.110,-26.646,-54.390,2,13
-1.3550,0.0562,0.1694,133.598,-7.134,-59.878,2,13
-1.3477,0.0146,0.5000,125.000,-5.061,-46.707,2,13
-1.4438,-0.0815,0.7739,117.744,-16.159,-15.183,2,13
-1.5356,-0.2227,1.0264,109.695,-34.634,23.598,2,13
-1.5815,-0.3906,1.2930,91.220,-58.476,62.866,2,13
-1.5811,-0.5630,1.5767,52.073,-85.732,99.085,2,13
0.5718,-0.8320,-0.2544,-33.963,98.537,-52.256,1,13
0.5713,-0.7964,-0.2852,-37.622,98.537,-52.317,1,13
0.5830,-0.7310,-0.3506,-43.902,97.439,-51.463,1,13
0.5991,-0.6606,-0.3989,-50.061,95.427,-50.183,1,13
0.6152,-0.5835,-0.4482,-55.366,92.744,-48.598,1,13
0.6328,-0.5215,-0.4961,-59.573,89.695,-47.012,1,13
0.6514,-0.4570,-0.5479,-62.805,86.402,-45.488,1,13
0.6782,-0.3931,-0.5889,-64.390,83.049,-43.354,1,13
-0.9170,0.2910,-0.2300,-247.988,-21.280,171.524,2,13
-0.7412,0.2764,-0.1685,-216.037,-45.122,157.805,2,13
-0.5898,0.2349,-0.0889,-179.695,-70.183,133.598,2,13
-0.4805,0.1982,0.0024,-143.780,-94.390,102.988,2,13
-0.4175,0.1328,0.0527,-113.841,-116.829,73.780,2,13
-0.4058,0.0063,0.0869,-90.488,-137.134,49.634,2,13
-0.4282,-0.1206,0.1279,-73.110,-154.756,31.829,2,13
-0.4888,-0.2598,0.2124,-61.159,-170.122,22.012,2,13
-0.5566,-0.3862,0.3169,-51.524,-183.415,18.415,2,13
-0.6338,-0.4917,0.4316,-44.207,-193.902,17.500,2,13
-0.7056,-0.5767,0.5571,-37.683,-203.171,17.378,2,13
-0.7832,-0.6567,0.6587,-31.829,-210.488,16.768,2,13
-0.8462,-0.7090,0.7246,-27.256,-216.220,14.451,2,13
-0.9170,-0.7666,0.7417,-22.195,-218.902,12.256,2,13
-0.9761,-0.8154,0.7300,-16.890,-219.268,10.305,2,13
-1.0254,-0.8696,0.6938,-11.829,-216.280,8.659,2,13
1.1167,0.2495,-0.5605,-129.085,1.280,-88.476,1,13
1.0923,0.2935,-0.5518,-132.134,-4.756,-92.805,1,13
1.0684,0.3384,-0.5479,-134.939,-10.061,-97.073,1,13
1.0405,0.3784,-0.5376,-138.415,-15.061,-100.671,1,13
1.0117,0.4229,-0.5376,-141.951,-19.695,-103.476,1,13
0.9961,0.4688,-0.5366,-144.390,-23.354,-105.671,1,13
0.9868,0.4995,-0.5210,-147.195,-26.829,-106.890,1,13
0.9756,0.5396,-0.5234,-150.061,-29.268,-107.256,1,13
0.9688,0.5742,-0.5317,-152.439,-31.707,-107.378,1,13
0.9697,0.6030,-0.5269,-154.512,-33.598,-106.707,1,13
0.9746,0.6299,-0.5327,-155.671,-35.061,-105.549,1,13
0.9839,0.6582,-0.5293,-157.317,-36.768,-104.451,1,13
1.0034,0.6846,-0.5347,-157.927,-38.293,-103.110,1,13
1.0215,0.7090,-0.5327,-158.232,-39.878,-101.768,1,13
1.0308,0.7329,-0.5396,-157.683,-42.012,-100.671,1,13
1.0527,0.7607,-0.5508,-156.829,-44.451,-99.390,1,13
1.0742,0.7920,-0.5469,-155.305,-46.707,-97.988,1,13
1.0918,0.8154,-0.5562,-152.866,-49.817,-97.073,1,13
1.1094,0.8364,-0.5547,-151.280,-52.988,-95.976,1,13
1.1235,0.8555,-0.5586,-148.049,-55.915,-94.573,1,13
1.1426,0.8735,-0.5605,-145.122,-59.207,-93.354,1,13
1.1465,0.9102,-0.5762,-141.037,-62.439,-91.524,1,13
1.1660,0.9429,-0.5840,-136.707,-65.488,-89.756,1,13
1.1665,0.9663,-0.5869,-132.317,-68.476,-87.927,1,13
1.1699,0.9966,-0.5889,-128.110,-71.829,-86.159,1,13
1.1587,1.0288,-0.5884,-123.232,-74.878,-83.780,1,13
1.1611,1.0552,-0.5928,-118.720,-77.561,-81.402,1,13
1.1572,1.0742,-0.5742,-113.659,-80.427,-78.720,1,13
1.1558,1.0986,-0.5605,-108.780,-83.293,-76.037,1,13
1.1553,1.1235,-0.5513,-104.146,-85.366,-72.988,1,13
1.1563,1.1484,-0.5420,-99.512,-87.622,-70.366,1,13
1.1543,1.1665,-0.5269,-95.488,-89.390,-67.683,1,13
1.1499,1.1948,-0.5020,-89.451,-92.378,-63.780,1,13
1.1519,1.2051,-0.4980,-87.683,-93.354,-62.317,1,13
1.1470,1.2222,-0.4775,-84.024,-95.244,-59.390,1,13
1.1406,1.2471,-0.4609,-81.037,-97.073,-56.585,1,13
1.1294,1.2744,-0.4312,-78.171,-99.634,-52.439,1,13
1.1191,1.2930,-0.4004,-76.098,-101.890,-49.817,1,13
1.1152,1.3003,-0.3994,-74.756,-102.805,-48.415,1,13
1.0903,1.3096,-0.3706,-72.378,-106.159,-43.537,1,13
0.7749,-1.1348,0.3193,-22.317,3.476,3.902,2,13
0.8311,-1.1074,0.3154,-27.988,3.841,0.610,2,13
0.8867,-1.0806,0.3188,-32.927,3.659,-4.024,2,13
0.9292,-1.0518,0.3252,-37.439,2.439,-8.049,2,13
0.9561,-1.0298,0.3154,-41.159,0.061,-12.927,2,13
1.0005,-0.9907,0.3271,-43.902,-3.171,-17.744,2,13
1.0435,-0.9443,0.3276,-45.427,-6.768,-21.524,2,13
1.0610,-0.9009,0.3408,-45.549,-10.244,-24.939,2,13
1.0850,-0.8359,0.3525,-43.841,-14.146,-27.256,2,13
1.0913,-0.7764,0.3701,-41.280,-18.232,-29.146,2,13
1.1108,-0.7090,0.3823,-37.073,-23.171,-29.085,2,13
1.1187,-0.6479,0.3882,-32.744,-27.927,-28.415,2,13
1.1221,-0.5850,0.3682,-28.354,-32.622,-26.524,2,13
1.1343,-0.5332,0.3574,-23.598,-37.134,-23.780,2,13
1.1523,-0.4790,0.3086,-18.415,-41.220,-20.549,2,13
1.1694,-0.4443,0.2690,-13.293,-44.939,-16.037,2,13
1.1904,-0.4253,0.2100,-7.073,-47.683,-10.976,2,13
1.2012,-0.4136,0.1479,-0.122,-48.720,-5.000,2,13
1.2046,-0.4194,0.0874,7.805,-48.598,1.707,2,13
1.2134,-0.4307,0.0454,16.280,-46.098,8.354,2,13
1.2183,-0.4541,0.0083,25.915,-41.280,15.122,2,13
1.2119,-0.4883,-0.0293,35.427,-34.573,21.220,2,13
1.2129,-0.5313,-0.0659,44.756,-25.488,26.463,2,13
1.2104,-0.5767,-0.0845,52.378,-15.732,30.915,2,13
1.2061,-0.6348,-0.1138,59.634,-5.061,35.061,2,13
1.2080,-0.7080,-0.1387,64.695,5.427,38.841,2,13
1.1968,-0.7754,-0.1494,69.329,14.756,42.805,2,13
1.1963,-0.8516,-0.1563,72.622,22.866,45.671,2,13
1.1953,-0.9277,-0.1602,74.878,30.000,47.805,2,13
1.1914,-1.0000,-0.1514,76.341,35.427,49.268,2,13
1.1948,-1.0659,-0.1499,77.378,39.695,49.268,2,13
1.1851,-1.1196,-0.1323,77.378,42.988,48.110,2,13
0.8140,1.2173,-0.0835,-67.622,-117.744,84.451,1,13
0.7998,1.2046,-0.0723,-64.207,-117.988,86.220,1,13
0.7856,1.1973,-0.0835,-60.732,-117.927,88.902,1,13
0.7642,1.1880,-0.0801,-56.768,-117.805,91.037,1,13
0.7466,1.1709,-0.0776,-53.598,-118.049,93.049,1,13
0.7280,1.1567,-0.0747,-50.549,-118.171,95.122,1,13
0.7095,1.1362,-0.0674,-47.500,-117.866,97.317,1,13
0.6953,1.1104,-0.0659,-44.390,-117.744,99.207,1,13
0.6782,1.0854,-0.0625,-42.195,-117.683,101.402,1,13
0.6709,1.0635,-0.0615,-39.207,-117.317,103.293,1,13
0.6504,1.0322,-0.0532,-36.159,-117.012,105.488,1,13
0.6426,1.0039,-0.0435,-34.146,-116.463,107.195,1,13
0.6245,0.9541,-0.0327,-31.707,-115.732,110.000,1,13
0.6216,0.9341,-0.0273,-30.427,-115.366,111.098,1,13
0.6113,0.9106,-0.0215,-28.537,-115.305,112.683,1,13
0.5991,0.8779,-0.0229,-27.378,-114.878,114.695,1,13
1.1338,-0.8354,-0.1475,22.378,51.890,-13.598,2,13
1.1235,-0.8442,-0.1460,22.561,54.878,-13.354,2,13
1.1196,-0.8501,-0.1440,22.927,57.744,-13.354,2,13
1.1128,-0.8623,-0.1328,23.049,60.183,-13.232,2,13
1.1050,-0.8716,-0.1221,23.415,62.378,-13.415,2,13
1.0981,-0.8687,-0.1001,23.659,63.963,-13.110,2,13
1.0791,-0.8711,-0.0903,24.878,65.976,-13.293,2,13
1.0601,-0.8516,-0.0659,25.732,67.256,-13.049,2,13
1.0557,-0.8438,-0.0410,26.646,68.659,-13.902,2,13
1.0464,-0.8179,-0.0234,27.439,69.878,-14.329,2,13
1.0391,-0.7949,-0.0117,28.598,70.671,-15.183,2,13
1.0454,-0.7710,0.0112,29.268,71.402,-15.427,2,13
1.0342,-0.7363,0.0264,30.000,71.768,-15.610,2,13
1.0303,-0.7065,0.0298,30.427,72.012,-15.854,2,13
1.0303,-0.6704,0.0332,31.037,71.829,-15.183,2,13
1.0293,-0.6274,0.0410,31.037,71.646,-14.695,2,13
1.0371,-0.5840,0.0229,31.098,71.768,-13.049,2,13
1.0396,-0.5630,0.0127,31.280,71.585,-12.134,2,13
1.0400,-0.5342,-0.0034,32.317,71.829,-10.976,2,13
1.0479,-0.5049,-0.0298,32.866,72.012,-9.878,2,13
1.0552,-0.4810,-0.0532,33.780,72.500,-8.293,2,13
1.0601,-0.4580,-0.0723,34.878,73.293,-6.646,2,13
1.0591,-0.4487,-0.0942,35.915,74.024,-4.085,2,13
1.0503,-0.4463,-0.1152,37.195,75.610,0.122,2,13
1.0337,-0.4463,-0.1318,37.866,77.256,3.415,2,13
1.0249,-0.4595,-0.1450,39.024,78.720,6.524,2,13
1.0088,-0.4775,-0.1401,39.634,79.695,7.927,2,13
0.9922,-0.5127,-0.1538,42.012,83.232,11.524,2,13
0.9697,-0.5376,-0.1426,43.598,85.671,13.476,2,13
0.9585,-0.5698,-0.1323,45.366,89.146,15.000,2,13
0.9517,-0.6016,-0.1099,46.768,92.439,15.854,2,13
0.9346,-0.6294,-0.0776,47.317,95.854,16.524,2,13
0.9292,-0.6416,-0.0396,47.195,99.756,16.707,2,13
0.9160,-0.6563,-0.0112,45.793,102.744,16.220,2,13
0.9185,-0.6733,0.0063,42.988,105.427,15.183,2,13
0.9180,-0.6763,0.0200,38.537,107.439,13.476,2,13
0.9233,-0.6973,0.0396,32.805,108.415,11.098,2,13
0.9321,-0.7144,0.0474,26.463,108.598,9.268,2,13
0.9336,-0.7251,0.0444,20.427,107.378,7.683,2,13
0.9292,-0.7412,0.0493,14.451,105.488,6.402,2,13
0.9277,-0.7466,0.0508,9.451,102.317,5.915,2,13
0.9150,-0.7510,0.0498,4.573,99.207,5.244,2,13
0.8994,-0.7485,0.0645,1.585,96.341,5.244,2,13
0.8818,-0.7236,0.0767,-0.366,93.537,5.122,2,13
0.8667,-0.7090,0.0913,-1.768,91.524,5.305,2,13
0.8511,-0.6738,0.1011,-2.073,90.244,5.305,2,13
0.8452,-0.6372,0.1182,-2.195,89.817,6.341,2,13
0.8276,-0.5977,0.1357,-1.890,89.939,7.378,2,13
0.2261,0.2744,-0.4985,-67.744,-54.390,34.756,1,13
0.2280,0.2793,-0.4956,-68.049,-53.537,32.561,1,13
0.2280,0.2930,-0.5078,-67.927,-51.402,28.354,1,13
0.2266,0.3096,-0.5088,-67.988,-49.878,24.268,1,13
0.2251,0.3232,-0.5151,-67.195,-47.988,20.183,1,13
0.2251,0.3354,-0.5229,-66.280,-46.768,16.463,1,13
0.2349,0.3433,-0.5356,-65.244,-44.634,12.561,1,13
0.2363,0.3560,-0.5396,-64.146,-42.988,8.841,1,13
0.2373,0.3618,-0.5420,-62.256,-40.671,2.988,1,13
0.2466,0.3755,-0.5435,-60.854,-39.329,-0.732,1,13
0.2476,0.3770,-0.5376,-59.268,-38.171,-4.695,1,13
0.2485,0.3784,-0.5488,-57.805,-37.012,-8.049,1,13
0.2510,0.3813,-0.5493,-56.220,-36.037,-11.585,1,13
0.2603,0.3853,-0.5518,-55.000,-35.305,-14.939,1,13
0.2642,0.3867,-0.5493,-53.171,-34.573,-18.293,1,13
0.2739,0.3916,-0.5659,-52.439,-33.659,-21.463,1,13
0.7705,-0.6943,0.3291,72.622,98.659,44.390,2,13
0.7744,-0.7227,0.3394,69.573,97.012,46.220,2,13
0.7676,-0.7397,0.3408,66.707,95.976,48.354,2,13
0.7715,-0.7666,0.3413,63.171,95.732,50.305,2,13
0.7676,-0.7935,0.3311,59.451,95.366,53.110,2,13
0.7695,-0.8130,0.3281,55.671,94.817,55.427,2,13
0.7705,-0.8340,0.3086,52.378,94.207,57.683,2,13
0.7705,-0.8613,0.3022,48.659,93.659,60.244,2,13
0.7856,-0.8740,0.2969,45.000,93.049,62.195,2,13
0.7988,-0.8936,0.2783,41.585,92.622,63.049,2,13
0.8125,-0.9111,0.2559,37.927,91.707,63.354,2,13
0.8374,-0.9282,0.2422,33.659,91.037,63.293,2,13
0.8647,-0.9419,0.2441,29.451,90.183,62.500,2,13
0.8984,-0.9580,0.2378,24.268,89.695,61.585,2,13
0.9199,-0.9639,0.2310,19.573,88.720,60.427,2,13
0.9561,-0.9580,0.2231,14.146,88.049,58.354,2,13
0.9888,-0.9658,0.2153,7.805,87.317,56.524,2,13
1.0308,-0.9736,0.1958,2.195,86.402,53.963,2,13
1.0903,-0.9819,0.1855,-3.720,85.732,51.585,2,13
1.1494,-0.9946,0.1729,-8.476,85.610,48.659,2,13
1.2261,-1.0063,0.1582,-11.341,85.549,45.000,2,13
1.3057,-1.0156,0.1538,-12.805,86.220,41.159,2,13
1.4019,-1.0234,0.1494,-13.293,87.927,36.098,2,13
1.5107,-1.0273,0.1719,-12.012,90.122,30.427,2,13
1.6230,-1.0259,0.2031,-10.183,93.415,24.634,2,13
1.7612,-1.0137,0.2437,-7.927,97.073,18.780,2,13
1.8945,-1.0010,0.2915,-6.707,100.427,13.598,2,13
2.0454,-0.9766,0.3403,-6.341,103.720,9.878,2,13
2.2061,-0.9556,0.3872,-5.244,105.305,7.561,2,13
2.3760,-0.9199,0.4233,-4.329,105.732,7.439,2,13
2.5537,-0.8916,0.4609,-2.134,104.878,9.390,2,13
2.7339,-0.8882,0.5010,0.305,101.951,13.232,2,13
4.4956,-1.6094,0.4707,6.890,30.366,62.805,2,13
4.6992,-1.8047,0.4551,2.134,20.915,66.280,2,13
4.9082,-2.0151,0.4609,-3.598,12.805,67.683,2,13
5.1230,-2.2358,0.4844,-10.793,6.220,65.305,2,13
5.3213,-2.4580,0.5215,-17.378,2.012,58.415,2,13
5.4697,-2.6479,0.5869,-27.195,-3.110,48.659,2,13
5.5898,-2.8057,0.6865,-40.427,-10.427,37.988,2,13
5.6470,-2.9194,0.7852,-56.341,-21.890,28.293,2,13
-0.4780,1.7480,-0.4839,77.317,111.646,-72.439,1,13
-0.4741,1.7280,-0.4712,78.902,117.561,-74.146,1,13
-0.4595,1.6943,-0.4487,79.817,123.171,-75.549,1,13
-0.4512,1.6714,-0.4238,80.305,128.841,-76.890,1,13
-0.4292,1.6372,-0.4004,79.451,133.841,-78.171,1,13
-0.4058,1.5991,-0.3770,78.476,138.537,-79.024,1,13
-0.3794,1.5659,-0.3574,77.073,142.622,-79.878,1,13
-0.3521,1.5313,-0.3447,75.610,145.488,-80.488,1,13
-0.3320,1.4878,-0.3354,73.902,147.988,-81.037,1,13
-0.3105,1.4355,-0.3154,71.829,149.634,-81.585,1,13
-0.2944,1.3984,-0.3110,69.939,151.341,-82.500,1,13
-0.2871,1.3535,-0.3071,67.805,152.012,-83.415,1,13
-0.2739,1.3135,-0.3149,65.671,152.927,-84.573,1,13
-0.2583,1.2798,-0.3320,64.573,152.988,-85.915,1,13
-0.2441,1.2476,-0.3506,64.085,153.110,-87.622,1,13
-0.2441,1.2236,-0.3447,63.293,153.537,-89.756,1,13
-0.2319,1.1982,-0.3457,62.012,154.146,-92.561,1,13
-0.2319,1.1768,-0.3447,61.220,155.000,-95.183,1,13
-0.2217,1.1475,-0.3281,59.939,156.463,-97.988,1,13
-0.2061,1.1304,-0.3257,59.390,157.622,-100.488,1,13
-0.1851,1.1118,-0.3154,59.207,159.390,-103.171,1,13
-0.1650,1.0923,-0.3164,59.573,161.037,-105.671,1,13
-0.1460,1.0659,-0.3105,60.854,162.073,-107.439,1,13
-0.1079,1.0596,-0.3066,62.256,163.659,-109.146,1,13
1.1138,-2.2212,1.4258,-52.805,-13.659,-101.768,2,13
1.0825,-2.0640,1.5688,-58.049,-7.073,-99.817,2,13
0.8706,-1.4497,2.6787,-2.683,32.683,-115.000,2,13
0.2827,0.1895,3.8638,142.683,154.207,-131.951,2,13
-0.0156,0.9507,4.2148,124.329,176.890,-120.488,2,13
-0.8027,2.4888,5.2012,3.293,194.329,-76.646,2,13
-2.0562,4.3955,6.8511,-138.171,186.220,6.220,2,13
-11.9912,5.1919,3.4189,-405.366,221.646,176.402,2,13
-16.0000,1.7334,-6.2905,-372.622,420.000,280.488,2,13
-16.0000,3.1997,-3.3711,-180.671,352.805,344.756,2,13
-16.0000,-1.6748,0.1587,-42.378,37.073,482.134,2,13
-15.6323,-3.4614,3.0649,127.500,-131.707,165.671,2,13
-5.7407,-3.3340,2.0562,-24.451,-73.841,-120.427,2,13
-1.1895,-4.3638,0.0747,-140.000,65.793,-112.012,2,13
-0.2188,-4.2891,-0.9600,-121.098,135.732,-34.024,2,13
0.0327,-4.2744,-1.2324,-56.037,64.817,38.659,2,13
0.5171,-4.0674,-0.6367,54.207,-31.220,88.598,2,13
0.6548,-3.5576,-0.0332,135.549,-88.598,102.256,2,13
0.4009,-3.0620,0.6318,144.939,-108.659,75.549,2,13
0.0225,-2.8057,0.9263,96.585,-105.427,31.098,2,13
-0.4810,-2.7471,0.9834,24.329,-90.000,-12.927,2,13
-1.1841,-2.7075,0.9961,-52.256,-75.488,-52.439,2,13
-1.9175,-2.5278,0.9868,-124.817,-74.939,-84.085,2,13
-2.4175,-2.2393,1.0239,-185.610,-91.341,-103.476,2,13
0.4355,0.1123,0.2441,76.768,150.427,-76.585,1,13
0.4551,0.1035,0.2334,75.976,148.415,-73.841,1,13
0.4658,0.0972,0.2212,75.305,146.098,-71.768,1,13
0.4683,0.0884,0.2134,73.963,143.110,-69.695,1,13
0.4644,0.0864,0.1919,72.134,140.000,-68.293,1,13
0.4644,0.0879,0.1738,70.488,136.829,-67.439,1,13
0.4546,0.0933,0.1616,68.354,134.451,-66.646,1,13
0.4463,0.0903,0.1436,65.793,131.951,-66.524,1,13
-1.1499,0.4624,-0.2373,4.390,-103.780,-19.268,2,13
-1.0732,0.4189,-0.2607,6.524,-99.451,-6.951,2,13
-1.0073,0.3706,-0.2881,6.768,-92.927,5.000,2,13
-0.9375,0.3130,-0.3467,5.976,-86.463,14.512,2,13
-0.8657,0.2700,-0.3271,3.963,-80.305,22.683,2,13
-0.8120,0.2178,-0.2827,1.707,-75.549,30.183,2,13
-0.7529,0.1924,-0.2612,0.244,-72.134,37.073,2,13
-0.6846,0.1606,-0.2319,-2.195,-71.037,43.598,2,13
0.6846,0.2827,-0.2153,-36.402,77.927,-36.646,1,13
0.6763,0.2993,-0.2393,-38.659,74.146,-35.488,1,13
0.6748,0.3130,-0.2534,-40.671,70.183,-34.085,1,13
0.6826,0.3247,-0.2676,-43.049,66.402,-32.927,1,13
0.6846,0.3354,-0.2764,-45.000,62.622,-32.195,1,13
0.6914,0.3477,-0.2896,-47.012,59.329,-31.280,1,13
0.6851,0.3682,-0.2969,-48.476,56.098,-30.610,1,13
0.6924,0.3896,-0.3037,-50.427,53.232,-29.878,1,13
0.7065,0.4126,-0.3086,-53.110,49.146,-28.902,1,13
0.7026,0.4214,-0.3105,-53.780,48.049,-28.720,1,13
0.7183,0.4341,-0.3086,-55.061,45.427,-27.988,1,13
0.7300,0.4492,-0.3169,-56.341,43.293,-27.256,1,13
0.7671,0.4580,-0.2974,-57.866,39.756,-26.829,1,13
0.7910,0.4629,-0.3037,-58.841,36.951,-26.280,1,13
0.8140,0.4634,-0.2979,-59.390,34.268,-26.280,1,13
0.8530,0.4707,-0.2930,-60.061,31.341,-26.524,1,13
0.8862,0.4648,-0.2998,-60.183,28.171,-26.341,1,13
0.9185,0.4580,-0.3032,-60.183,24.634,-27.134,1,13
0.9575,0.4551,-0.3105,-60.183,20.854,-27.805,1,13
0.9849,0.4517,-0.3164,-60.244,16.768,-28.720,1,13
1.0186,0.4639,-0.3218,-59.756,12.927,-29.817,1,13
1.0454,0.4702,-0.3213,-59.878,8.780,-31.707,1,13
1.0645,0.4712,-0.3223,-59.146,4.390,-33.841,1,13
1.0967,0.4951,-0.3218,-58.537,-0.122,-36.037,1,13
0.6768,-0.9321,0.3525,81.646,4.878,94.817,2,13
0.6978,-0.9609,0.4058,83.780,9.817,96.402,2,13
0.7026,-0.9951,0.4502,84.817,13.902,97.866,2,13
0.6973,-1.0205,0.5073,85.000,16.585,99.085,2,13
0.6885,-1.0396,0.5640,84.085,17.744,100.976,2,13
0.6733,-1.0747,0.5996,82.561,17.439,102.012,2,13
0.6577,-1.0977,0.6313,80.610,15.976,103.110,2,13
0.6396,-1.1304,0.6597,78.537,13.659,104.024,2,13
0.6387,-1.1631,0.6831,76.037,10.122,104.512,2,13
0.6211,-1.2036,0.6812,73.720,5.793,105.000,2,13
0.6143,-1.2490,0.6743,71.585,0.915,104.390,2,13
0.6191,-1.2969,0.6729,70.976,-4.390,103.476,2,13
0.6123,-1.3384,0.6489,70.793,-8.780,101.829,2,13
0.6260,-1.3809,0.6318,72.073,-12.195,99.024,2,13
0.6265,-1.4087,0.6221,72.988,-14.146,95.366,2,13
0.6440,-1.4385,0.6016,73.232,-14.756,91.585,2,13
0.6509,-1.4551,0.5898,72.256,-13.354,87.378,2,13
0.6714,-1.4810,0.5698,69.573,-10.732,83.293,2,13
0.6943,-1.5020,0.5576,65.976,-6.463,78.963,2,13
0.7158,-1.5200,0.5537,61.402,-1.220,75.305,2,13
0.7407,-1.5298,0.5430,56.646,4.817,71.646,2,13
0.7671,-1.5459,0.5195,52.439,11.220,68.537,2,13
0.7876,-1.5498,0.5195,49.817,17.500,65.305,2,13
0.8096,-1.5566,0.4995,49.329,23.110,61.768,2,13
1.0723,1.0771,-0.1157,-20.122,-96.585,-37.622,1,13
1.0708,1.0903,-0.1030,-22.378,-98.963,-34.817,1,13
1.0659,1.0957,-0.0957,-25.305,-101.098,-32.073,1,13
1.0698,1.0957,-0.1050,-28.232,-103.415,-29.024,1,13
1.0640,1.0972,-0.1025,-31.037,-105.976,-26.037,1,13
1.0552,1.0962,-0.1030,-34.207,-108.598,-22.927,1,13
1.0425,1.0981,-0.1016,-36.951,-111.280,-20.122,1,13
1.0327,1.0879,-0.1191,-39.512,-114.146,-17.195,1,13
1.0171,1.0850,-0.1250,-42.195,-116.707,-13.963,1,13
1.0034,1.0840,-0.1387,-43.902,-118.720,-11.159,1,13
0.9937,1.0791,-0.1270,-45.732,-120.915,-8.415,1,13
0.9761,1.0952,-0.1221,-47.378,-122.866,-5.488,1,13
0.9580,1.1011,-0.1260,-48.659,-124.268,-2.561,1,13
0.9497,1.1162,-0.1226,-49.207,-125.427,0.244,1,13
0.9404,1.1323,-0.1211,-49.512,-126.098,2.927,1,13
0.9365,1.1533,-0.1064,-49.451,-127.012,5.671,1,13
0.9180,1.1816,-0.0996,-48.598,-127.988,9.939,1,13
0.9165,1.1885,-0.0947,-48.171,-128.049,11.402,1,13
0.9121,1.2085,-0.0781,-47.683,-128.598,14.573,1,13
0.9038,1.2432,-0.0752,-46.037,-129.268,19.451,1,13
0.9067,1.2510,-0.0557,-45.183,-130.183,22.500,1,13
0.8994,1.2725,-0.0527,-44.146,-130.793,26.159,1,13
0.8945,1.2871,-0.0449,-42.988,-131.524,29.207,1,13
0.8896,1.3042,-0.0366,-42.195,-132.012,32.683,1,13
1.1914,-1.6816,0.2578,48.049,39.756,-3.476,2,13
1.2012,-1.6904,0.2515,43.232,39.451,-5.183,2,13
1.2119,-1.7100,0.2285,33.902,39.146,-9.024,2,13
1.2217,-1.7085,0.2212,25.488,38.720,-12.378,2,13
1.2256,-1.7075,0.2109,17.683,38.598,-15.671,2,13
1.2319,-1.6924,0.1958,10.122,38.598,-19.512,2,13
1.2178,-1.6699,0.1992,3.476,38.415,-22.744,2,13
1.2080,-1.6323,0.1973,-3.049,38.537,-26.402,2,13
1.1875,-1.5693,0.1890,-11.890,38.537,-31.159,2,13
1.1821,-1.5122,0.1895,-17.317,38.049,-34.817,2,13
1.1738,-1.4878,0.1860,-19.573,37.805,-36.402,2,13
1.1538,-1.4077,0.1875,-25.244,36.463,-40.732,2,13
1.1270,-1.3481,0.1782,-27.012,35.427,-43.110,2,13
1.1162,-1.2842,0.1831,-27.683,34.634,-45.427,2,13
1.0981,-1.2197,0.1724,-27.317,33.537,-47.561,2,13
1.0796,-1.1553,0.1626,-26.220,32.927,-49.390,2,13
1.0737,-1.0952,0.1641,-24.634,32.134,-51.037,2,13
1.0664,-1.0342,0.1484,-22.195,31.280,-52.012,2,13
1.0522,-0.9854,0.1396,-19.329,30.732,-52.561,2,13
1.0532,-0.9409,0.1226,-16.098,29.939,-52.073,2,13
1.0342,-0.8994,0.1147,-11.463,29.695,-51.646,2,13
1.0259,-0.8613,0.0972,-6.768,29.146,-49.939,2,13
1.0137,-0.8364,0.0845,-1.585,28.902,-48.171,2,13
0.9980,-0.8071,0.0654,3.841,28.963,-46.037,2,13
0.9849,-0.7871,0.0464,9.268,29.573,-44.329,2,13
0.9785,-0.7798,0.0308,14.451,30.305,-41.890,2,13
0.9585,-0.7734,0.0063,19.512,31.646,-40.000,2,13
0.9434,-0.7832,-0.0200,24.451,33.171,-38.049,2,13
0.9336,-0.7910,-0.0439,28.780,35.000,-36.220,2,13
0.9277,-0.8057,-0.0684,32.561,37.073,-34.756,2,13
0.9141,-0.8218,-0.0879,35.671,39.512,-33.476,2,13
0.8901,-0.8442,-0.0981,38.598,42.378,-32.439,2,13
0.8711,-0.8604,-0.0947,41.220,44.878,-31.707,2,13
0.8618,-0.8633,-0.1021,43.598,47.988,-31.463,2,13
0.8481,-0.8726,-0.0952,45.366,50.915,-31.524,2,13
0.8364,-0.8696,-0.0708,46.646,53.963,-31.951,2,13
0.8228,-0.8604,-0.0571,47.378,57.073,-32.317,2,13
0.8149,-0.8457,-0.0293,47.195,60.183,-32.866,2,13
0.8052,-0.8369,0.0024,45.976,62.805,-33.171,2,13
0.7964,-0.8164,0.0220,44.390,64.939,-34.085,2,13
0.7856,-0.7969,0.0469,42.012,66.402,-34.512,2,13
0.7803,-0.7778,0.0796,38.780,67.317,-34.329,2,13
0.7808,-0.7490,0.1006,35.854,67.866,-34.756,2,13
0.7656,-0.7261,0.1221,32.500,67.378,-34.329,2,13
0.7666,-0.7012,0.1519,28.598,66.768,-33.902,2,13
0.7651,-0.6772,0.1685,24.756,65.366,-33.293,2,13
0.7583,-0.6528,0.1938,21.402,64.573,-32.805,2,13
0.7446,-0.6235,0.2080,17.866,62.500,-31.646,2,13
0.7544,-0.6011,0.2168,14.390,61.341,-30.854,2,13
0.7456,-0.5747,0.2271,10.854,59.451,-29.512,2,13
0.7471,-0.5439,0.2373,7.500,57.561,-28.232,2,13
0.7456,-0.5146,0.2461,4.024,56.037,-26.524,2,13
0.7339,-0.4927,0.2642,1.159,54.512,-24.695,2,13
0.7236,-0.4663,0.2690,-1.707,52.988,-22.744,2,13
0.7148,-0.4390,0.2827,-4.085,51.829,-20.061,2,13
0.7070,-0.4185,0.2813,-6.220,50.427,-17.134,2,13
0.3760,0.7310,-0.2314,27.805,-121.829,173.415,1,13
0.3662,0.6973,-0.2388,29.146,-121.280,173.902,1,13
0.3560,0.6606,-0.2388,30.366,-120.976,174.878,1,13
0.3594,0.6216,-0.2568,31.159,-120.427,174.939,1,13
0.3555,0.5938,-0.2676,31.585,-119.695,175.488,1,13
0.3535,0.5625,-0.2827,31.951,-119.024,175.122,1,13
0.3418,0.5317,-0.2969,31.951,-117.805,174.512,1,13
0.3389,0.4946,-0.3149,30.854,-116.220,174.146,1,13
0.5825,-0.3237,0.1826,4.085,60.976,13.171,2,13
0.5645,-0.3164,0.2007,5.793,63.841,15.061,2,13
0.5552,-0.3237,0.2271,7.439,66.707,16.280,2,13
0.5396,-0.3154,0.2505,7.988,69.451,18.232,2,13
0.5264,-0.3213,0.2744,8.537,72.439,19.634,2,13
0.5098,-0.3276,0.3013,8.110,74.939,21.463,2,13
0.4834,-0.3315,0.3198,7.195,77.500,23.171,2,13
0.4722,-0.3398,0.3325,5.732,79.451,24.634,2,13
0.4580,-0.3511,0.3613,3.780,81.402,26.037,2,13
0.4414,-0.3574,0.3799,2.317,82.866,27.317,2,13
0.4331,-0.3735,0.3867,0.244,84.451,28.598,2,13
0.4302,-0.3887,0.4126,-1.220,85.732,29.451,2,13
0.4150,-0.4004,0.4268,-2.256,87.012,30.427,2,13
0.4053,-0.4160,0.4478,-3.354,88.171,31.159,2,13
0.4023,-0.4263,0.4556,-4.817,89.268,32.012,2,13
0.3994,-0.4360,0.4639,-5.793,89.939,32.195,2,13
0.4692,0.5215,-0.7085,-12.988,-81.159,123.049,1,13
0.4873,0.5571,-0.7451,-13.720,-79.390,120.915,1,13
0.4995,0.5938,-0.7671,-14.695,-77.744,117.988,1,13
0.5068,0.6177,-0.7720,-15.183,-76.098,114.817,1,13
0.5225,0.6377,-0.7935,-14.634,-74.146,111.829,1,13
0.5293,0.6587,-0.7920,-13.293,-72.500,108.476,1,13
0.5391,0.6719,-0.7847,-11.280,-70.793,104.878,1,13
0.5396,0.6738,-0.7769,-9.390,-69.695,101.524,1,13
0.5415,0.6816,-0.7651,-7.195,-67.988,97.927,1,13
0.5400,0.6831,-0.7578,-5.427,-67.195,95.000,1,13
0.5576,0.6792,-0.7617,-3.476,-66.037,92.561,1,13
0.5562,0.6787,-0.7461,-2.256,-64.817,90.854,1,13
0.5571,0.6743,-0.7471,-2.317,-63.476,89.390,1,13
0.5640,0.6660,-0.7368,-2.134,-62.012,88.841,1,13
0.5830,0.6675,-0.7236,-3.415,-60.122,88.963,1,13
0.5908,0.6650,-0.7178,-4.329,-57.927,89.207,1,13
0.5078,1.8003,-0.7910,-1.829,-55.122,80.915,1,13
0.4717,1.8906,-0.7759,3.232,-54.451,80.732,1,13
0.4302,1.9663,-0.7612,8.354,-53.171,80.427,1,13
0.3916,2.0415,-0.7500,14.878,-51.463,80.427,1,13
0.3540,2.1104,-0.7524,21.402,-49.573,80.549,1,13
0.3174,2.1626,-0.7622,28.110,-47.195,81.402,1,13
0.2876,2.2090,-0.7651,35.793,-44.634,81.890,1,13
0.2505,2.2515,-0.7783,44.085,-41.585,82.988,1,13
0.2168,2.2813,-0.8018,51.829,-38.476,84.329,1,13
0.1719,2.3164,-0.8232,60.732,-34.756,85.244,1,13
0.1338,2.3315,-0.8403,69.451,-30.427,86.159,1,13
0.0981,2.3389,-0.8540,78.110,-25.061,87.256,1,13
0.0703,2.3638,-0.8555,86.341,-19.878,87.988,1,13
0.0400,2.3711,-0.8730,94.512,-13.354,88.780,1,13
-0.0005,2.3804,-0.8643,102.622,-7.012,89.512,1,13
-0.0342,2.3989,-0.8647,110.610,-0.793,89.573,1,13
1.9888,-0.7847,1.0972,-19.390,144.512,64.756,2,13
2.2129,-0.7896,1.1191,-11.951,142.927,67.500,2,13
2.4326,-0.8018,1.1299,-4.268,140.671,73.293,2,13
2.6538,-0.8047,1.1401,1.951,136.829,82.073,2,13
2.8755,-0.8340,1.1343,6.646,130.671,94.329,2,13
3.0991,-0.8828,1.1045,10.854,122.256,109.512,2,13
3.3232,-0.9756,1.0342,13.049,110.793,126.890,2,13
3.5425,-1.1064,0.9336,14.146,97.195,145.183,2,13
-0.0669,2.4380,-0.8677,118.415,5.488,89.573,1,13
-0.1240,2.4517,-0.8604,124.695,12.683,89.573,1,13
-0.1729,2.4595,-0.8457,131.402,20.427,89.207,1,13
-0.2290,2.4658,-0.8384,139.878,26.402,88.415,1,13
-0.2808,2.4829,-0.8354,149.390,31.037,86.585,1,13
-0.3340,2.5063,-0.8369,159.085,35.122,84.329,1,13
-0.3843,2.5103,-0.8296,168.293,39.085,81.280,1,13
-0.4316,2.5073,-0.8125,177.927,43.110,77.561,1,13
-0.4941,2.4922,-0.8081,187.500,47.988,73.537,1,13
-0.5474,2.4653,-0.7832,197.988,52.622,68.780,1,13
-0.6021,2.4375,-0.7559,208.232,58.171,63.598,1,13
-0.6626,2.3867,-0.7134,218.537,63.902,57.622,1,13
-0.7012,2.3389,-0.6689,228.780,70.427,51.707,1,13
-0.7324,2.2837,-0.6357,238.659,77.378,45.000,1,13
-0.7598,2.2139,-0.5918,248.110,84.451,38.659,1,13
-0.7744,2.1431,-0.5547,256.829,91.220,31.646,1,13
-0.7739,2.0737,-0.5054,265.000,98.110,24.878,1,13
-0.7681,1.9902,-0.4683,272.317,104.085,18.537,1,13
-0.7510,1.9180,-0.4321,278.720,109.634,11.768,1,13
-0.7363,1.8472,-0.4038,284.878,114.634,5.122,1,13
-0.6968,1.7671,-0.3848,289.878,118.171,-1.646,1,13
-0.6670,1.7061,-0.3696,294.207,121.098,-8.049,1,13
-0.6167,1.6519,-0.3687,297.988,122.744,-15.183,1,13
-0.5854,1.6050,-0.3599,300.854,123.659,-22.561,1,13
-0.5415,1.5620,-0.3530,303.902,123.598,-29.878,1,13
-0.5039,1.5195,-0.3618,306.280,122.988,-37.378,1,13
-0.4673,1.4775,-0.3657,309.024,121.829,-44.512,1,13
-0.4399,1.4302,-0.3745,310.854,120.000,-51.829,1,13
-0.4214,1.3901,-0.3823,313.293,118.110,-58.537,1,13
-0.3911,1.3560,-0.3882,315.610,115.549,-65.671,1,13
-0.3677,1.3145,-0.3784,317.866,113.171,-72.500,1,13
-0.3535,1.2852,-0.3853,320.366,110.793,-79.268,1,13
4.1602,-2.3193,0.9937,-89.695,-246.220,-238.415,2,13
4.0283,-2.1719,1.0869,-98.963,-241.646,-251.890,2,13
3.8794,-1.9971,1.2129,-102.744,-233.232,-263.659,2,13
3.7290,-1.7700,1.3428,-102.012,-220.488,-273.720,2,13
3.5889,-1.5420,1.5073,-97.378,-203.537,-281.402,2,13
3.4409,-1.3091,1.6016,-97.134,-185.549,-286.585,2,13
3.2891,-1.1392,1.6694,-100.305,-168.598,-287.256,2,13
3.1382,-1.0112,1.7339,-103.720,-153.354,-283.415,2,13
0.4966,0.3970,0.5806,337.134,113.293,-148.659,1,13
0.5586,0.3320,0.6206,335.183,114.207,-148.841,1,13
0.6196,0.2695,0.7139,332.500,115.183,-148.354,1,13
0.6606,0.1938,0.8149,328.049,116.098,-147.744,1,13
0.6904,0.1074,0.8838,322.805,117.561,-146.402,1,13
0.7168,0.0186,0.9629,317.805,118.293,-144.146,1,13
0.7344,-0.0615,1.0444,312.134,118.598,-141.829,1,13
0.7480,-0.1470,1.1206,305.000,118.232,-139.024,1,13
0.7485,-0.2261,1.2012,296.829,118.049,-135.915,1,13
0.7554,-0.3169,1.2983,286.951,118.232,-132.744,1,13
0.7539,-0.4004,1.3716,275.122,119.146,-129.512,1,13
0.7563,-0.4897,1.4238,263.293,120.122,-125.915,1,13
0.7583,-0.5635,1.4688,251.890,119.939,-122.195,1,13
0.7720,-0.6323,1.5205,240.061,119.390,-118.293,1,13
0.7915,-0.6909,1.5522,227.622,116.768,-114.268,1,13
0.8110,-0.7471,1.6069,213.963,112.195,-111.585,1,13
0.4355,-1.0454,1.3643,70.854,65.793,-106.220,1,13
0.3936,-1.0425,1.2520,60.061,63.537,-106.707,1,13
0.3618,-1.0459,1.1226,50.427,61.341,-106.951,1,13
0.3516,-1.0356,0.9980,41.829,59.756,-106.951,1,13
0.3374,-1.0269,0.8799,34.512,59.329,-106.707,1,13
0.3477,-1.0059,0.7837,27.866,59.573,-106.524,1,13
0.3535,-0.9849,0.6953,21.768,60.488,-106.768,1,13
0.3735,-0.9727,0.6128,16.707,61.829,-107.012,1,13
0.6948,-0.4722,-0.5938,-25.915,48.415,-113.232,1,13
0.7319,-0.4648,-0.6084,-29.695,51.280,-109.756,1,13
0.7788,-0.4570,-0.6167,-32.378,53.780,-106.402,1,13
0.8208,-0.4438,-0.6372,-36.159,55.854,-102.927,1,13
0.8784,-0.4443,-0.6548,-40.122,57.683,-99.878,1,13
0.9175,-0.4209,-0.6738,-44.512,58.841,-97.073,1,13
0.9561,-0.4043,-0.6982,-49.085,60.244,-94.451,1,13
0.9863,-0.4004,-0.7144,-54.939,62.988,-92.317,1,13
-1.0977,-0.4609,-0.5313,-56.707,-183.476,115.427,2,13
-1.1328,-0.5879,-0.5156,-77.622,-177.073,106.341,2,13
-1.1606,-0.7407,-0.4580,-101.829,-172.683,93.110,2,13
-1.1631,-0.8872,-0.3550,-124.756,-171.220,75.854,2,13
-1.1538,-1.0063,-0.2642,-146.768,-172.256,55.976,2,13
-1.1494,-1.0835,-0.1616,-167.012,-176.037,35.122,2,13
-1.1431,-1.1284,-0.0645,-184.146,-182.134,14.390,2,13
-1.1313,-1.1357,0.0410,-195.854,-190.122,-4.207,2,13
-1.1064,-1.1221,0.1162,-200.549,-199.024,-19.390,2,13
-1.0732,-1.0869,0.1660,-198.171,-208.171,-30.915,2,13
-1.0449,-1.0298,0.1924,-188.720,-216.159,-38.415,2,13
-1.0029,-0.9595,0.1665,-174.329,-221.098,-42.805,2,13
-0.9570,-0.8877,0.1187,-156.098,-222.622,-43.841,2,13
-0.9312,-0.8047,0.0576,-135.061,-220.488,-42.866,2,13
-0.9082,-0.7305,-0.0298,-113.598,-214.695,-40.305,2,13
-0.8818,-0.6514,-0.1274,-92.805,-206.037,-36.524,2,13
1.2090,0.2080,-0.6382,-90.915,-11.341,-91.707,1,13
1.2056,0.2578,-0.6099,-91.646,-12.622,-91.585,1,13
1.2056,0.2964,-0.5801,-92.622,-13.841,-91.159,1,13
1.2046,0.3350,-0.5513,-94.024,-14.695,-90.488,1,13
1.2129,0.3633,-0.5356,-95.915,-16.037,-89.390,1,13
1.2153,0.3877,-0.4961,-98.110,-16.890,-87.805,1,13
1.2295,0.4136,-0.4902,-99.817,-18.171,-86.159,1,13
1.2388,0.4263,-0.4561,-102.256,-19.512,-83.780,1,13
0.0186,-1.1313,-0.2661,52.317,-105.061,-57.744,2,13
0.0825,-1.1299,-0.2544,57.195,-98.902,-62.439,2,13
0.1992,-1.1216,-0.2881,62.134,-91.220,-67.622,2,13
0.3096,-1.1011,-0.2944,66.829,-79.573,-71.524,2,13
0.3877,-1.0771,-0.2676,68.902,-69.024,-74.817,2,13
0.4438,-1.0518,-0.2505,69.329,-61.646,-77.500,2,13
0.5220,-1.0205,-0.2222,68.841,-55.366,-78.659,2,13
0.5610,-0.9990,-0.1665,67.622,-51.159,-77.988,2,13
0.5825,-0.9839,-0.1382,66.463,-47.927,-76.524,2,13
0.5825,-0.9702,-0.0791,64.939,-45.915,-74.451,2,13
0.6045,-0.9512,-0.0317,62.744,-44.268,-72.866,2,13
0.6138,-0.9292,0.0171,58.049,-43.171,-70.305,2,13
0.6206,-0.9194,0.0601,52.622,-42.317,-68.049,2,13
0.6245,-0.9038,0.0796,46.037,-41.890,-65.793,2,13
0.6187,-0.8975,0.1074,39.268,-41.037,-63.415,2,13
0.6021,-0.8862,0.1343,32.866,-40.488,-61.037,2,13
1.3882,0.7715,-0.2056,-138.293,-43.720,-57.744,1,13
1.3955,0.8071,-0.1865,-138.171,-45.915,-57.317,1,13
1.3906,0.8374,-0.1777,-138.171,-47.683,-56.524,1,13
1.4019,0.8682,-0.1616,-137.927,-49.634,-55.305,1,13
1.4033,0.8989,-0.1519,-137.439,-51.098,-54.390,1,13
1.4097,0.9170,-0.1367,-137.439,-53.110,-53.171,1,13
1.4141,0.9429,-0.1187,-137.134,-55.000,-51.402,1,13
1.4204,0.9556,-0.1128,-136.585,-57.134,-49.634,1,13
0.9521,-0.6265,0.0854,109.207,46.037,-0.976,2,13
0.9854,-0.5967,0.1099,117.866,49.634,1.463,2,13
1.0127,-0.5840,0.1182,121.585,50.854,2.378,2,13
1.0415,-0.5786,0.1299,128.598,53.415,4.329,2,13
1.0957,-0.5811,0.1445,136.463,55.671,7.134,2,13
1.1265,-0.6147,0.1563,140.366,56.037,9.085,2,13
1.1553,-0.6499,0.1680,142.988,56.585,10.671,2,13
1.1787,-0.7026,0.1787,144.878,57.134,12.927,2,13
1.2803,1.1182,-0.0806,-120.366,-92.012,-12.134,1,13
1.2622,1.0967,-0.0845,-120.061,-94.390,-10.366,1,13
1.2456,1.0879,-0.0923,-119.085,-96.280,-7.988,1,13
1.2280,1.0742,-0.0928,-119.329,-98.293,-5.915,1,13
1.2114,1.0615,-0.0947,-119.268,-100.122,-4.085,1,13
1.1938,1.0576,-0.0942,-119.512,-101.280,-2.378,1,13
1.1685,1.0522,-0.0884,-120.427,-102.988,-1.037,1,13
1.1611,1.0522,-0.0854,-121.220,-104.573,0.671,1,13
1.2202,-1.2637,0.3262,133.780,64.817,12.805,2,13
1.2314,-1.3198,0.3242,128.293,64.573,11.280,2,13
1.2559,-1.3755,0.3218,122.317,63.902,10.000,2,13
1.2554,-1.4180,0.3203,115.427,63.110,8.598,2,13
1.2637,-1.4561,0.3213,108.354,61.585,7.439,2,13
1.2695,-1.5122,0.3120,100.305,59.573,6.037,2,13
1.2769,-1.5283,0.3052,91.646,57.195,4.512,2,13
1.2813,-1.5615,0.3022,82.866,54.634,3.293,2,13
0.9814,1.0786,-0.0850,-126.402,-123.780,15.854,1,13
0.9663,1.0815,-0.0889,-125.793,-125.854,18.415,1,13
0.9414,1.0869,-0.0991,-125.244,-127.805,20.671,1,13
0.9282,1.0884,-0.1021,-124.573,-129.878,23.171,1,13
0.9146,1.0830,-0.1187,-123.780,-131.951,25.549,1,13
0.8936,1.0713,-0.1245,-122.073,-133.841,27.927,1,13
0.8823,1.0640,-0.1504,-121.280,-135.671,30.488,1,13
0.8604,1.0464,-0.1641,-118.841,-137.378,32.561,1,13
0.8501,1.0459,-0.1689,-116.768,-139.085,35.305,1,13
0.8335,1.0415,-0.1689,-114.390,-140.305,37.012,1,13
0.8164,1.0361,-0.1719,-112.805,-141.768,39.146,1,13
0.7998,1.0210,-0.1895,-110.549,-142.866,41.037,1,13
0.7998,1.0020,-0.1914,-108.476,-144.573,42.805,1,13
0.7837,0.9985,-0.2002,-105.915,-146.220,44.878,1,13
0.7764,0.9854,-0.2227,-103.415,-147.195,47.073,1,13
0.7578,0.9766,-0.2300,-101.220,-148.598,49.817,1,13
0.7354,0.9570,-0.2510,-97.866,-149.573,53.476,1,13
0.7349,0.9492,-0.2520,-96.463,-149.817,55.305,1,13
0.7217,0.9282,-0.2681,-94.146,-149.878,57.927,1,13
0.7148,0.9023,-0.2720,-91.341,-149.878,61.098,1,13
0.7046,0.8770,-0.2974,-86.341,-149.573,65.366,1,13
0.7090,0.8696,-0.3018,-84.024,-149.085,67.073,1,13
0.6997,0.8379,-0.3086,-79.146,-148.354,71.159,1,13
0.7026,0.8315,-0.2993,-76.098,-147.378,73.720,1,13
0.7061,0.8125,-0.3096,-72.500,-146.463,76.037,1,13
0.7007,0.8062,-0.3013,-68.902,-145.671,78.171,1,13
0.7065,0.7856,-0.3125,-65.366,-145.061,80.122,1,13
0.7192,0.7793,-0.3154,-61.463,-144.512,82.134,1,13
0.7158,0.7656,-0.3184,-57.439,-143.963,84.207,1,13
0.7202,0.7632,-0.3179,-53.659,-143.537,86.280,1,13
0.7324,0.7588,-0.3257,-50.244,-143.232,88.293,1,13
0.7310,0.7529,-0.3159,-47.378,-142.561,90.000,1,13
0.7378,0.7520,-0.3091,-45.061,-141.890,91.524,1,13
0.7358,0.7632,-0.3105,-43.171,-140.915,93.232,1,13
0.7354,0.7651,-0.2998,-41.098,-139.817,94.390,1,13
0.7261,0.7681,-0.2964,-39.878,-139.085,95.488,1,13
0.7256,0.7778,-0.2832,-38.659,-137.927,96.463,1,13
0.7251,0.7881,-0.2744,-38.049,-137.195,97.500,1,13
0.7173,0.7861,-0.2690,-36.707,-136.402,98.415,1,13
0.7119,0.8003,-0.2617,-35.976,-135.366,99.207,1,13
0.6997,0.7998,-0.2583,-35.610,-134.573,100.000,1,13
0.6953,0.7930,-0.2627,-35.488,-133.415,100.793,1,13
0.6816,0.7920,-0.2407,-35.610,-131.829,101.341,1,13
0.6821,0.7813,-0.2217,-36.951,-130.305,102.195,1,13
0.6694,0.7588,-0.2041,-37.927,-128.780,102.622,1,13
0.6621,0.7437,-0.1836,-38.598,-127.500,103.110,1,13
0.6641,0.7212,-0.1694,-39.207,-125.854,103.476,1,13
0.6636,0.7017,-0.1401,-40.061,-124.512,103.902,1,13
0.6519,0.6665,-0.1030,-41.585,-123.110,103.963,1,13
0.6577,0.6396,-0.0488,-44.024,-122.073,104.085,1,13
0.6572,0.6006,-0.0132,-47.378,-121.768,104.451,1,13
0.6631,0.5566,0.0308,-50.244,-121.402,105.000,1,13
0.6631,0.5059,0.0830,-53.780,-121.463,106.037,1,13
0.6831,0.4570,0.1294,-57.134,-121.463,106.890,1,13
0.6895,0.4224,0.1665,-61.159,-121.768,108.293,1,13
0.7021,0.3931,0.1978,-65.061,-121.890,109.390,1,13
0.7134,0.3745,0.2290,-69.634,-122.195,110.366,1,13
0.7314,0.3594,0.2300,-73.232,-122.256,111.341,1,13
0.7451,0.3569,0.2271,-77.012,-122.561,112.317,1,13
0.7578,0.3857,0.2183,-80.183,-122.744,113.720,1,13
0.7690,0.4219,0.1899,-83.415,-122.683,114.329,1,13
0.7612,0.4653,0.1763,-86.707,-122.622,114.878,1,13
0.7598,0.5181,0.1460,-91.341,-121.829,115.061,1,13
0.7441,0.5771,0.0938,-95.305,-121.890,115.061,1,13
0.7275,0.6357,0.0303,-98.963,-120.305,115.732,1,13
0.6968,0.7661,-0.1064,-103.780,-113.720,117.195,1,13
0.6348,0.8867,-0.2051,-114.207,-97.195,121.951,1,13
0.5513,0.9639,-0.2603,-127.622,-75.366,127.500,1,13
0.4814,0.9937,-0.2856,-138.049,-55.427,129.878,1,13
0.4458,1.0347,-0.3423,-142.561,-40.244,130.488,1,13
0.4199,1.0957,-0.3843,-142.561,-27.805,130.793,1,13
0.4053,1.1577,-0.4209,-140.427,-17.317,131.098,1,13
0.4126,1.2188,-0.4551,-135.610,-9.268,131.829,1,13
0.4277,1.2783,-0.4917,-129.817,-4.146,133.049,1,13
0.4487,1.3320,-0.5264,-122.866,-1.463,134.390,1,13
0.4438,1.3828,-0.5518,-116.646,-0.854,138.232,1,13
0.4946,1.4102,-0.5923,-110.061,-1.524,141.646,1,13
0.5283,1.4238,-0.6304,-101.890,-1.951,141.037,1,13
0.5400,1.4258,-0.6826,-94.207,-3.476,140.000,1,13
0.5591,1.4185,-0.7295,-85.488,-5.183,137.622,1,13
0.6470,0.1572,0.1392,30.732,69.207,3.598,2,13
0.6187,0.1484,0.1313,41.829,73.293,9.695,2,13
0.5962,0.1177,0.1367,52.073,77.744,15.427,2,13
0.5654,0.0781,0.1362,62.134,82.500,20.549,2,13
0.5352,0.0181,0.1514,70.976,87.134,25.305,2,13
0.5117,-0.0503,0.1646,78.415,92.561,29.512,2,13
0.4873,-0.1177,0.1758,84.634,97.805,32.439,2,13
0.4678,-0.1953,0.1982,89.329,103.293,34.878,2,13
0.5264,-0.6636,0.2778,67.744,135.427,38.780,2,13
0.5361,-0.6743,0.2827,61.463,136.768,39.085,2,13
0.5532,-0.6904,0.2935,55.427,137.805,39.024,2,13
0.5708,-0.6895,0.2993,48.354,138.780,38.841,2,13
0.5830,-0.6855,0.3037,41.463,139.390,38.963,2,13
0.5933,-0.6670,0.3105,34.024,140.183,38.598,2,13
0.6104,-0.6475,0.3140,26.037,140.854,39.146,2,13
0.6250,-0.6162,0.3350,17.927,141.585,39.390,2,13
0.5254,0.9854,-0.7285,71.524,-58.902,49.695,1,13
0.5059,1.0073,-0.7310,72.439,-56.463,49.573,1,13
0.4751,1.0269,-0.7173,72.622,-54.024,48.963,1,13
0.4614,1.0493,-0.7095,72.195,-51.402,48.354,1,13
0.4360,1.0645,-0.7090,72.317,-48.415,47.805,1,13
0.4170,1.0791,-0.7158,72.561,-45.793,46.951,1,13
0.4004,1.1025,-0.7144,73.841,-43.049,45.732,1,13
0.3862,1.1304,-0.7124,75.061,-40.000,44.695,1,13
0.7764,-0.1680,0.6348,-15.122,149.268,65.793,2,13
0.7852,-0.1509,0.6519,-15.183,149.207,69.146,2,13
0.8008,-0.1196,0.6758,-13.598,148.659,75.854,2,13
0.8296,-0.0938,0.6865,-9.878,147.256,87.317,2,13
0.8457,-0.0913,0.6875,-7.988,146.890,91.463,2,13
0.8657,-0.0996,0.6855,-3.902,145.610,99.817,2,13
0.8921,-0.1211,0.6851,1.402,145.000,107.805,2,13
0.9302,-0.1797,0.6816,10.183,145.061,119.878,2,13
0.3325,1.3604,-0.6348,93.598,-22.378,24.756,1,13
0.3208,1.4077,-0.6240,96.463,-21.220,22.561,1,13
0.3052,1.4595,-0.6152,99.207,-19.878,19.878,1,13
0.2852,1.5142,-0.6001,102.134,-18.476,17.256,1,13
0.2686,1.5669,-0.5742,105.244,-17.012,14.146,1,13
0.2534,1.6406,-0.5376,109.024,-15.000,10.854,1,13
0.2271,1.6982,-0.5112,112.683,-12.561,7.744,1,13
0.2061,1.7671,-0.4731,116.646,-9.695,4.634,1,13
1.4219,-1.0830,0.7285,19.756,184.573,181.220,2,13
1.5239,-1.2271,0.7642,17.988,189.817,185.305,2,13
1.6499,-1.3877,0.8188,16.829,195.366,188.110,2,13
1.8057,-1.5557,0.8745,14.451,200.305,189.512,2,13
1.9746,-1.7236,0.9287,11.646,204.268,189.573,2,13
2.1865,-1.9136,0.9917,6.280,206.585,187.500,2,13
2.4331,-2.1104,1.0254,0.854,205.854,183.415,2,13
2.6978,-2.3145,1.0649,-4.024,202.012,177.500,2,13
0.1792,1.8379,-0.4292,121.280,-6.098,2.256,1,13
0.1431,1.9009,-0.3931,125.427,-2.500,-0.366,1,13
0.1089,1.9600,-0.3672,130.122,1.707,-2.378,1,13
0.0747,2.0156,-0.3438,135.000,6.159,-4.146,1,13
0.0356,2.0654,-0.3179,140.793,10.915,-5.976,1,13
0.0024,2.1045,-0.2988,146.220,16.768,-7.805,1,13
-0.0308,2.1519,-0.2681,151.402,22.012,-9.939,1,13
-0.0708,2.1885,-0.2485,157.500,28.049,-12.134,1,13
-0.1074,2.2505,-0.2324,166.646,36.768,-15.366,1,13
-0.1226,2.2988,-0.2319,172.866,42.073,-17.866,1,13
-0.1328,2.3516,-0.2417,179.268,47.866,-20.549,1,13
-0.1328,2.4150,-0.2466,185.427,52.500,-23.841,1,13
-0.1211,2.4927,-0.2539,190.793,56.951,-26.951,1,13
-0.1118,2.5645,-0.2383,195.854,61.463,-30.427,1,13
-0.0942,2.6343,-0.2222,199.695,65.488,-34.146,1,13
-0.0747,2.6982,-0.1938,203.841,69.634,-37.500,1,13
-0.0557,2.7559,-0.1646,207.683,73.598,-40.305,1,13
-0.0454,2.8003,-0.1265,211.585,77.317,-42.744,1,13
-0.0176,2.8193,-0.0713,216.646,80.549,-44.512,1,13
0.0024,2.8252,-0.0308,222.317,84.207,-45.549,1,13
0.0288,2.8223,0.0063,229.146,86.890,-45.244,1,13
0.0620,2.8003,0.0337,237.683,89.634,-44.024,1,13
0.0830,2.7744,0.0508,246.951,92.378,-42.195,1,13
0.1157,2.7339,0.0640,256.707,94.451,-40.183,1,13
0.1304,2.6714,0.0654,267.378,96.280,-37.805,1,13
0.1670,2.5942,0.0439,279.939,97.622,-35.427,1,13
0.1826,2.5063,0.0210,293.780,98.476,-33.049,1,13
0.2129,2.4165,0.0137,309.390,98.841,-31.280,1,13
0.2427,2.3125,0.0112,325.915,99.573,-29.268,1,13
0.2705,2.1870,0.0195,341.646,99.878,-27.500,1,13
0.3018,2.0454,0.0537,357.195,100.488,-26.341,1,13
0.3325,1.8906,0.0815,371.524,100.976,-24.817,1,13
0.3672,1.7222,0.1284,384.817,101.524,-23.415,1,13
0.4048,1.5376,0.1665,396.951,101.829,-22.378,1,13
0.4536,1.3486,0.2305,407.439,101.707,-21.524,1,13
0.4907,1.1499,0.3062,415.610,101.524,-20.915,1,13
0.5537,0.9341,0.3740,422.561,100.976,-20.793,1,13
0.6211,0.7290,0.4692,427.073,99.878,-21.159,1,13
0.7026,0.5107,0.5366,430.671,98.293,-21.341,1,13
0.7974,0.3042,0.6240,432.439,96.159,-21.585,1,13
0.9106,0.0957,0.7168,431.951,93.415,-21.402,1,13
1.0112,-0.1060,0.7915,428.415,90.488,-21.707,1,13
1.1016,-0.3052,0.8687,422.500,87.805,-20.976,1,13
1.1895,-0.5068,0.9307,413.780,84.817,-20.366,1,13
1.2466,-0.7051,0.9980,402.744,82.622,-19.573,1,13
1.2764,-0.8955,1.0723,389.573,80.061,-19.573,1,13
1.2637,-1.0605,1.1553,374.146,78.537,-20.427,1,13
1.2163,-1.2148,1.2397,357.317,78.598,-22.866,1,13
1.1284,-1.3418,1.3232,338.902,80.488,-25.732,1,13
1.0122,-1.4624,1.3862,320.488,84.329,-29.573,1,13
0.8877,-1.5615,1.4268,303.537,88.720,-33.720,1,13
0.7715,-1.6226,1.4507,288.841,92.805,-37.622,1,13
0.6553,-1.6655,1.4644,275.244,96.341,-41.280,1,13
0.5747,-1.6865,1.4761,261.463,97.683,-44.390,1,13
0.5195,-1.7036,1.5215,246.707,97.134,-46.341,1,13
0.4907,-1.7300,1.5610,231.524,94.390,-46.707,1,13
2.4907,-0.3706,2.2773,-66.524,-40.122,-199.756,2,13
2.3901,-0.6567,2.1221,-79.939,-21.585,-191.768,2,13
2.2974,-0.8989,1.9727,-93.659,-2.195,-185.000,2,13
2.2031,-1.0571,1.8628,-107.622,19.451,-179.024,2,13
2.0923,-1.1626,1.8018,-122.744,44.146,-173.902,2,13
1.9546,-1.2100,1.7705,-137.927,70.610,-169.268,2,13
1.7627,-1.2168,1.7837,-152.988,97.195,-162.927,2,13
1.5386,-1.1807,1.8608,-167.195,123.110,-153.598,2,13
-15.9756,-7.6416,-14.5942,81.463,-234.817,350.000,2,13
-16.0000,-4.8120,-13.5991,1082.622,-351.585,115.183,2,13
-16.0000,0.3257,3.1880,655.000,-187.622,197.073,2,13
-8.4512,-0.7715,2.1602,-134.878,227.622,122.561,2,13
-2.6592,-3.9980,-0.6074,-437.866,428.537,138.354,2,13
-1.6064,-5.2300,-2.1294,-387.012,471.280,201.524,2,13
-1.5210,-5.3110,-1.6821,-186.402,376.159,178.110,2,13
-0.7764,-4.9956,-0.4678,52.683,260.305,136.159,2,13
0.3535,-1.5234,-0.3608,31.890,59.756,-92.439,1,13
0.3647,-1.3755,-0.5039,34.939,55.549,-99.939,1,13
0.3638,-1.2324,-0.6240,39.634,50.000,-108.171,1,13
0.3447,-1.0991,-0.7358,45.915,42.256,-117.683,1,13
0.3257,-0.9912,-0.8125,53.659,33.720,-127.073,1,13
0.2666,-0.8838,-0.8257,57.683,26.951,-136.707,1,13
0.1694,-0.7588,-0.7598,48.293,27.073,-147.805,1,13
0.0630,-0.6865,-0.7905,26.646,33.963,-160.366,1,13
-0.0015,-0.6626,-0.9512,8.598,40.366,-172.744,1,13
0.0210,-0.6758,-1.1563,5.976,40.915,-181.220,1,13
0.0923,-0.6504,-1.2285,13.354,36.463,-185.610,1,13
0.1719,-0.6025,-1.2300,12.256,32.317,-187.683,1,13
0.2559,-0.5977,-1.2397,3.902,29.573,-189.451,1,13
0.3223,-0.5898,-1.2686,-8.415,27.622,-190.183,1,13
0.3887,-0.5723,-1.3110,-20.976,27.012,-190.671,1,13
0.4346,-0.5454,-1.3555,-33.293,27.195,-190.427,1,13
0.4766,-0.5190,-1.3608,-44.207,28.415,-189.024,1,13
0.4971,-0.4863,-1.3535,-54.146,30.427,-186.707,1,13
0.5122,-0.4624,-1.3452,-63.659,32.744,-183.293,1,13
0.5298,-0.4297,-1.3457,-70.976,35.793,-179.573,1,13
0.5459,-0.3833,-1.3320,-77.439,38.293,-175.000,1,13
0.5571,-0.3315,-1.3154,-82.195,40.366,-170.061,1,13
0.5752,-0.2764,-1.2959,-87.012,41.585,-165.427,1,13
0.5986,-0.2256,-1.2642,-91.463,42.500,-160.671,1,13
0.9121,0.5239,-0.6484,-134.024,36.098,-126.890,1,13
0.9189,0.5610,-0.6226,-134.207,34.329,-127.927,1,13
0.9326,0.5796,-0.6021,-133.659,32.012,-129.329,1,13
0.9478,0.6113,-0.6055,-131.341,29.268,-130.183,1,13
0.9595,0.6245,-0.5938,-127.561,26.098,-131.463,1,13
0.9629,0.6509,-0.5991,-123.720,22.134,-133.415,1,13
0.9595,0.6748,-0.6055,-119.756,18.232,-135.366,1,13
0.9536,0.6924,-0.6152,-116.159,15.061,-137.439,1,13
-0.3965,-0.7661,-0.2041,64.390,-127.927,-64.512,2,13
-0.3203,-0.7754,-0.1880,65.854,-121.098,-66.037,2,13
-0.2910,-0.7876,-0.1846,66.707,-118.110,-66.951,2,13
-0.1602,-0.8018,-0.1587,70.000,-108.110,-70.061,2,13
-0.0527,-0.7959,-0.1431,72.195,-101.585,-70.732,2,13
0.0200,-0.8105,-0.1426,74.207,-94.878,-71.341,2,13
0.0947,-0.8218,-0.1353,77.073,-88.354,-73.354,2,13
0.1577,-0.8477,-0.1494,79.329,-82.012,-75.854,2,13
0.2222,-0.8706,-0.1548,81.524,-75.305,-80.671,2,13
0.3149,-0.9067,-0.1753,83.720,-68.598,-86.463,2,13
0.4336,-0.9385,-0.2148,84.756,-59.085,-92.927,2,13
0.5640,-0.9556,-0.2480,85.793,-46.220,-98.598,2,13
0.6714,-0.9531,-0.2559,85.915,-34.085,-102.988,2,13
0.7695,-0.9600,-0.2202,82.561,-24.146,-104.390,2,13
0.8286,-0.9600,-0.1768,79.207,-16.098,-102.439,2,13
0.8696,-0.9551,-0.1055,76.220,-9.512,-98.293,2,13
0.9292,-0.9419,-0.0322,71.463,-3.780,-92.317,2,13
0.9629,-0.9263,0.0503,64.329,1.585,-84.878,2,13
0.9805,-0.9106,0.1372,53.537,6.402,-76.220,2,13
0.9907,-0.9014,0.2236,41.280,10.854,-66.463,2,13
0.9629,-0.9072,0.2827,28.720,13.780,-56.829,2,13
0.9521,-0.8999,0.3335,18.415,14.878,-46.829,2,13
0.9224,-0.8926,0.3657,9.329,13.902,-37.500,2,13
0.9077,-0.8657,0.3882,3.049,11.585,-28.963,2,13
1.3828,0.6592,-0.2461,-34.695,-47.927,-76.037,1,13
1.3750,0.6777,-0.2471,-31.463,-50.000,-76.280,1,13
1.3667,0.6938,-0.2554,-28.476,-51.768,-76.646,1,13
1.3511,0.7173,-0.2476,-25.610,-53.720,-77.195,1,13
1.3379,0.7393,-0.2363,-23.415,-55.366,-77.561,1,13
1.3267,0.7622,-0.2266,-21.829,-57.439,-78.171,1,13
1.3110,0.7725,-0.2095,-20.793,-59.390,-78.232,1,13
1.2993,0.7847,-0.2056,-19.573,-61.220,-78.049,1,13
1.2754,0.7915,-0.1963,-19.756,-63.232,-77.622,1,13
1.2651,0.7910,-0.1870,-20.488,-64.695,-76.646,1,13
1.2456,0.7881,-0.1694,-22.683,-67.012,-75.488,1,13
1.2310,0.7744,-0.1616,-24.695,-68.537,-74.390,1,13
1.2124,0.7603,-0.1523,-27.744,-70.244,-73.537,1,13
1.1958,0.7466,-0.1382,-32.195,-72.195,-72.256,1,13
1.1797,0.7363,-0.1270,-37.622,-73.902,-71.341,1,13
1.1768,0.7617,-0.1201,-45.244,-74.146,-69.512,1,13
1.1250,0.7046,-0.1250,-54.573,-72.195,-65.732,1,13
1.1035,0.6372,-0.0850,-60.000,-73.171,-65.793,1,13
1.1055,0.6055,-0.0942,-63.354,-76.463,-66.707,1,13
1.1069,0.6128,-0.0938,-67.561,-79.756,-67.317,1,13
1.1016,0.6133,-0.0986,-73.415,-81.585,-67.012,1,13
1.0859,0.6147,-0.0918,-79.939,-82.561,-66.524,1,13
1.0645,0.6294,-0.0972,-87.683,-83.110,-65.976,1,13
1.0454,0.6406,-0.1006,-94.207,-83.841,-64.939,1,13
1.4922,-1.3413,0.1987,50.427,118.780,52.012,2,13
1.5322,-1.3604,0.2339,49.512,116.159,49.268,2,13
1.5513,-1.3813,0.2563,48.537,111.829,45.854,2,13
1.5708,-1.3911,0.2866,47.988,105.183,41.890,2,13
1.5879,-1.3857,0.3115,47.866,96.707,37.988,2,13
1.6016,-1.3828,0.3413,48.354,87.805,34.085,2,13
1.6074,-1.3643,0.3721,49.085,78.232,30.366,2,13
1.6055,-1.3438,0.3926,48.841,69.146,27.134,2,13
1.6035,-1.3188,0.4082,49.573,61.463,24.146,2,13
1.5859,-1.2910,0.4116,49.329,54.695,21.707,2,13
1.5835,-1.2656,0.3940,49.268,49.085,19.512,2,13
1.5898,-1.2363,0.3657,49.756,44.451,17.805,2,13
1.5850,-1.2222,0.3354,50.732,41.037,16.524,2,13
1.5693,-1.2139,0.2871,52.744,37.561,15.915,2,13
1.5654,-1.2100,0.2490,55.671,35.305,15.488,2,13
1.5527,-1.2100,0.2139,59.878,33.110,15.000,2,13
1.5337,-1.2212,0.1704,64.695,31.463,14.695,2,13
1.5190,-1.2241,0.1494,69.329,30.671,14.329,2,13
1.4941,-1.2300,0.1299,73.598,30.671,13.963,2,13
1.4814,-1.2344,0.1167,77.378,31.707,13.293,2,13
1.4561,-1.2417,0.1128,80.244,33.293,11.951,2,13
1.4409,-1.2432,0.1133,82.134,35.305,11.280,2,13
1.4272,-1.2520,0.1118,82.195,37.622,10.183,2,13
1.4209,-1.2622,0.1284,81.037,39.695,9.878,2,13
0.6909,1.1787,-0.3921,-92.988,-101.402,-9.451,1,13
0.6733,1.1831,-0.4028,-89.390,-102.073,-6.159,1,13
0.6729,1.1812,-0.3994,-85.427,-102.134,-3.232,1,13
0.6592,1.1821,-0.3955,-80.244,-102.073,0.183,1,13
0.6514,1.1802,-0.3838,-75.427,-102.439,3.293,1,13
0.6377,1.1724,-0.3647,-70.671,-102.683,6.646,1,13
0.6255,1.1680,-0.3584,-66.159,-103.293,9.756,1,13
0.6157,1.1553,-0.3428,-61.951,-103.780,13.354,1,13
0.6050,1.1401,-0.3262,-57.866,-104.634,16.829,1,13
0.6045,1.1118,-0.3062,-54.146,-105.305,20.671,1,13
0.5845,1.1084,-0.2954,-49.878,-106.159,24.695,1,13
0.5835,1.0815,-0.2808,-46.585,-106.646,28.415,1,13
0.5776,1.0610,-0.2720,-43.232,-107.134,32.561,1,13
0.5688,1.0361,-0.2656,-39.939,-107.988,36.646,1,13
0.5596,1.0078,-0.2568,-37.073,-108.171,40.915,1,13
0.5562,0.9790,-0.2451,-34.085,-108.659,44.817,1,13
0.5469,0.9565,-0.2471,-32.195,-109.146,48.598,1,13
0.5430,0.9233,-0.2314,-30.061,-109.268,52.561,1,13
0.5391,0.9058,-0.2280,-27.988,-109.573,56.037,1,13
0.5391,0.8960,-0.2246,-26.829,-109.390,59.329,1,13
0.5352,0.8833,-0.2134,-25.488,-109.207,62.561,1,13
0.5283,0.8696,-0.2061,-24.512,-108.780,65.732,1,13
0.5376,0.8652,-0.1914,-24.085,-108.354,68.598,1,13
0.5308,0.8579,-0.1958,-23.110,-107.622,71.829,1,13
0.5410,0.8672,-0.1768,-22.683,-107.073,74.390,1,13
0.5444,0.8853,-0.1680,-22.317,-106.280,77.622,1,13
0.5464,0.8970,-0.1494,-22.927,-105.305,80.183,1,13
0.5522,0.9165,-0.1328,-23.293,-104.512,82.866,1,13
0.5527,0.9399,-0.1265,-23.354,-103.780,85.854,1,13
0.5557,0.9712,-0.1006,-23.963,-102.866,88.476,1,13
0.5576,0.9849,-0.0986,-24.573,-102.195,91.463,1,13
0.5586,1.0151,-0.0742,-25.000,-101.220,94.085,1,13
0.5562,1.0537,-0.0449,-25.915,-100.061,98.415,1,13
0.5522,1.0615,-0.0361,-26.098,-99.695,99.756,1,13
0.5679,1.0850,-0.0449,-26.098,-99.268,103.049,1,13
0.5664,1.0874,-0.0493,-25.427,-98.902,105.854,1,13
0.5674,1.0952,-0.0518,-24.451,-97.927,108.902,1,13
0.5693,1.0977,-0.0537,-24.268,-96.890,111.768,1,13
0.5718,1.0908,-0.0674,-23.598,-96.280,114.756,1,13
0.5737,1.0752,-0.0767,-23.171,-95.366,117.256,1,13
0.5791,1.0308,-0.0957,-21.646,-93.537,120.366,1,13
0.5840,1.0200,-0.1064,-21.159,-92.866,121.280,1,13
0.5874,0.9810,-0.1167,-19.878,-91.707,122.744,1,13
0.5996,0.9331,-0.1284,-17.744,-88.902,124.024,1,13
0.6050,0.9009,-0.1362,-15.976,-87.317,124.207,1,13
0.6108,0.8672,-0.1460,-14.329,-85.427,124.390,1,13
0.6206,0.8286,-0.1558,-12.683,-83.659,124.268,1,13
0.6392,0.7964,-0.1401,-11.402,-81.890,123.841,1,13
0.7944,-0.5835,0.0815,-44.451,16.037,-58.049,2,13
0.7964,-0.5620,0.0903,-45.061,18.415,-58.049,2,13
0.7881,-0.5332,0.1001,-44.390,20.488,-57.683,2,13
0.7813,-0.5093,0.1123,-43.720,22.195,-56.707,2,13
0.7754,-0.4917,0.1299,-41.829,23.780,-55.610,2,13
0.7764,-0.4688,0.1279,-38.902,25.427,-53.659,2,13
0.7725,-0.4438,0.1372,-34.817,26.829,-51.707,2,13
0.7720,-0.4165,0.1348,-30.244,28.963,-48.720,2,13
0.7124,0.5332,-0.1460,-8.537,-76.402,119.756,1,13
0.7036,0.5146,-0.1426,-9.939,-76.768,119.634,1,13
0.7036,0.4961,-0.1289,-11.159,-77.073,118.963,1,13
0.6890,0.4717,-0.1367,-12.317,-77.744,118.659,1,13
0.6802,0.4531,-0.1255,-13.293,-78.415,118.049,1,13
0.6709,0.4360,-0.1406,-13.963,-79.146,117.622,1,13
0.6655,0.4194,-0.1382,-14.390,-79.756,117.378,1,13
0.6631,0.3979,-0.1484,-15.000,-79.878,117.317,1,13
0.8184,-0.2222,0.0239,4.573,53.110,-24.207,2,13
0.8198,-0.2114,0.0044,8.537,55.183,-22.561,2,13
0.8198,-0.1982,0.0039,13.537,56.829,-20.061,2,13
0.8130,-0.1875,-0.0078,18.415,58.963,-17.012,2,13
0.8013,-0.1772,0.0015,24.268,61.402,-14.207,2,13
0.7852,-0.1758,0.0254,29.634,64.390,-11.037,2,13
0.7720,-0.1641,0.0410,35.122,67.439,-7.683,2,13
0.7461,-0.1563,0.0674,40.122,70.915,-4.207,2,13
0.7124,-0.1563,0.1006,46.646,76.463,0.793,2,13
0.7046,-0.1577,0.1187,48.902,78.537,2.378,2,13
0.6807,-0.1655,0.1499,52.927,82.317,5.976,2,13
0.6611,-0.1787,0.1924,58.415,88.476,11.402,2,13
0.6470,-0.1792,0.2129,60.000,90.427,13.171,2,13
0.6279,-0.1958,0.2285,62.500,93.902,16.829,2,13
0.6143,-0.2168,0.2529,64.390,97.317,20.122,2,13
0.5898,-0.2412,0.2661,66.707,101.585,25.000,2,13
0.5747,-0.2539,0.2676,67.195,104.024,27.744,2,13
0.5767,-0.2749,0.2754,67.500,105.793,29.939,2,13
0.5732,-0.2798,0.2515,67.012,106.829,31.341,2,13
0.5659,-0.2910,0.2402,65.976,107.866,32.317,2,13
0.5674,-0.3027,0.2285,65.000,108.476,32.683,2,13
0.5806,-0.3154,0.1909,64.573,108.720,32.988,2,13
0.5737,-0.3340,0.1738,63.659,108.720,32.744,2,13
0.5762,-0.3457,0.1685,62.683,109.085,33.110,2,13
0.4854,0.0068,-0.6323,-75.549,-55.305,66.098,1,13
0.4795,-0.0010,-0.6533,-76.768,-53.537,62.256,1,13
0.4795,-0.0034,-0.6709,-77.561,-52.073,58.598,1,13
0.4678,0.0000,-0.6816,-79.024,-50.488,55.061,1,13
0.4678,0.0029,-0.7119,-79.817,-48.963,51.220,1,13
0.4634,0.0146,-0.7305,-80.610,-47.744,47.622,1,13
0.4526,0.0269,-0.7393,-81.098,-45.732,43.659,1,13
0.4521,0.0410,-0.7407,-82.256,-44.695,39.939,1,13
0.4570,-0.4385,0.2681,74.207,119.268,46.890,2,13
0.4497,-0.4502,0.2725,76.037,121.341,49.146,2,13
0.4448,-0.4604,0.2920,77.134,123.415,50.610,2,13
0.4395,-0.4731,0.3032,77.439,125.305,52.500,2,13
0.4370,-0.4897,0.3042,77.500,126.524,53.598,2,13
0.4370,-0.4922,0.3057,76.098,127.378,54.695,2,13
0.4414,-0.5039,0.2969,74.207,127.500,55.061,2,13
0.4541,-0.5049,0.2710,71.707,127.256,55.183,2,13
0.4097,0.1401,-0.7954,-81.341,-35.122,7.256,1,13
0.4121,0.1563,-0.7944,-80.793,-33.232,4.024,1,13
0.4121,0.1807,-0.7964,-80.000,-31.280,1.037,1,13
0.4194,0.2085,-0.7808,-78.902,-29.329,-2.134,1,13
0.4199,0.2358,-0.7813,-78.293,-27.683,-5.366,1,13
0.4224,0.2622,-0.7715,-77.683,-25.732,-8.720,1,13
0.4238,0.2988,-0.7700,-77.012,-24.024,-11.768,1,13
0.4326,0.3330,-0.7642,-76.037,-22.439,-14.939,1,13
0.4487,0.3687,-0.7583,-75.183,-21.402,-17.683,1,13
0.4385,0.3921,-0.7485,-74.390,-20.427,-20.122,1,13
0.4468,0.4229,-0.7495,-73.232,-20.000,-22.683,1,13
0.4541,0.4517,-0.7422,-71.951,-20.000,-25.244,1,13
0.4551,0.4868,-0.7388,-70.061,-20.183,-27.317,1,13
0.4575,0.5313,-0.7388,-68.902,-20.061,-29.451,1,13
0.4639,0.5688,-0.7466,-67.378,-20.488,-31.768,1,13
0.4604,0.6079,-0.7441,-66.402,-20.305,-34.085,1,13
0.4551,0.6479,-0.7480,-65.305,-20.671,-36.220,1,13
0.4458,0.6899,-0.7471,-63.963,-21.280,-38.354,1,13
0.4434,0.7319,-0.7510,-62.744,-21.463,-40.427,1,13
0.4253,0.7773,-0.7632,-61.098,-22.073,-42.317,1,13
0.4141,0.8159,-0.7563,-60.183,-22.378,-44.573,1,13
0.3940,0.8604,-0.7642,-59.085,-22.317,-46.951,1,13
0.3774,0.9004,-0.7725,-57.988,-22.134,-48.963,1,13
0.3447,0.9316,-0.7632,-56.890,-21.524,-51.037,1,13
0.3213,0.9629,-0.7505,-55.610,-21.220,-52.927,1,13
0.2959,0.9834,-0.7334,-54.512,-19.756,-54.390,1,13
0.2778,1.0054,-0.6997,-53.049,-18.232,-56.098,1,13
0.2456,1.0166,-0.6675,-51.646,-15.915,-57.012,1,13
0.2285,1.0322,-0.6504,-48.659,-13.780,-57.622,1,13
0.2183,1.0522,-0.6392,-46.159,-10.488,-58.232,1,13
0.2100,1.0728,-0.6191,-42.988,-7.134,-58.293,1,13
0.2061,1.0986,-0.5972,-40.488,-3.354,-57.927,1,13
0.7900,-0.8887,0.2891,9.695,103.841,67.439,2,13
0.8320,-0.8706,0.3052,9.512,106.037,67.500,2,13
0.8750,-0.8364,0.3213,9.085,107.317,67.622,2,13
0.9233,-0.8105,0.3457,9.451,108.476,67.866,2,13
0.9585,-0.7788,0.3677,10.610,108.537,68.598,2,13
0.9883,-0.7578,0.3945,12.561,107.988,69.939,2,13
1.0415,-0.7280,0.4238,14.146,107.378,72.439,2,13
1.0776,-0.7056,0.4424,16.159,105.732,75.122,2,13
0.3154,1.4580,-0.4170,-36.768,26.951,-51.951,1,13
0.3281,1.5010,-0.4277,-36.768,26.585,-50.549,1,13
0.3262,1.5518,-0.4297,-35.976,26.037,-49.024,1,13
0.3262,1.5981,-0.4404,-34.817,24.695,-47.683,1,13
0.3164,1.6504,-0.4404,-33.232,22.683,-46.402,1,13
0.2964,1.6948,-0.4507,-31.159,20.976,-44.939,1,13
0.2705,1.7549,-0.4648,-28.293,18.537,-43.902,1,13
0.2393,1.8091,-0.4761,-24.512,16.159,-43.110,1,13
2.3750,-2.1777,0.2676,50.183,118.293,109.207,2,13
2.5376,-2.2817,0.3506,48.232,128.049,102.805,2,13
2.6763,-2.3657,0.4541,43.293,135.854,96.524,2,13
2.8433,-2.4375,0.5596,35.915,141.524,90.427,2,13
2.9995,-2.4897,0.6982,23.659,142.683,85.427,2,13
3.1704,-2.5356,0.7949,8.171,138.354,81.707,2,13
3.3442,-2.5977,0.8828,-10.183,129.085,79.207,2,13
3.5474,-2.6714,0.9604,-30.183,114.634,77.317,2,13
-0.2480,2.0352,-0.4175,18.598,43.598,-38.963,1,13
-0.2930,2.0425,-0.3955,24.207,50.732,-39.024,1,13
-0.3271,2.0493,-0.3950,29.329,58.354,-38.902,1,13
-0.3521,2.0503,-0.3735,34.939,65.610,-39.085,1,13
-0.3696,2.0542,-0.3521,40.427,73.171,-39.634,1,13
-0.3818,2.0522,-0.3667,49.024,83.415,-40.732,1,13
-0.3857,2.0630,-0.3467,55.488,90.061,-42.073,1,13
-0.3862,2.0649,-0.3330,60.671,96.220,-43.780,1,13
-0.3369,2.1621,-0.3408,92.866,134.085,-66.463,1,13
-0.3296,2.1460,-0.3457,95.610,136.829,-68.720,1,13
-0.3403,2.1260,-0.3511,98.537,139.268,-70.183,1,13
-0.3345,2.0894,-0.3726,101.707,141.524,-71.890,1,13
-0.3301,2.0542,-0.3745,104.695,143.049,-73.110,1,13
-0.3350,2.0059,-0.3784,107.622,145.305,-74.573,1,13
-0.3311,1.9590,-0.3608,110.000,147.073,-75.488,1,13
-0.3315,1.8916,-0.3662,112.073,148.598,-76.768,1,13
-0.2505,1.2656,-0.2817,110.366,159.634,-80.671,1,13
-0.2397,1.2012,-0.2681,108.841,160.305,-80.854,1,13
-0.2358,1.1362,-0.2510,106.524,161.098,-80.549,1,13
-0.2188,1.0786,-0.2183,104.573,162.073,-80.915,1,13
-0.1963,1.0146,-0.1919,102.439,163.476,-81.098,1,13
-0.1729,0.9678,-0.1606,100.183,164.695,-81.220,1,13
-0.1421,0.9165,-0.1240,97.622,166.280,-81.341,1,13
-0.1021,0.8784,-0.0996,95.122,167.988,-81.341,1,13
-0.0601,0.8369,-0.0767,92.744,169.512,-80.976,1,13
-0.0122,0.8042,-0.0518,89.756,170.671,-81.037,1,13
0.0298,0.7720,-0.0396,86.951,171.585,-80.732,1,13
0.0811,0.7402,-0.0166,83.476,171.951,-80.793,1,13
0.1396,0.7163,0.0127,80.183,172.134,-80.854,1,13
0.2124,0.6792,0.0317,76.098,172.073,-81.280,1,13
0.2744,0.6460,0.0552,72.378,172.134,-81.037,1,13
0.3408,0.6060,0.0811,68.476,172.195,-80.793,1,13
2.6602,-1.1943,1.6548,21.707,-177.073,-209.695,2,13
2.5410,-1.1938,1.6719,38.659,-169.024,-206.829,2,13
2.4063,-1.1763,1.7148,54.085,-158.902,-206.829,2,13
2.2769,-1.1733,1.7451,63.293,-147.378,-208.476,2,13
2.1621,-1.2026,1.7476,63.963,-135.610,-210.183,2,13
2.0635,-1.2808,1.6807,56.159,-125.366,-209.634,2,13
1.9702,-1.3711,1.5586,42.805,-116.890,-205.610,2,13
1.8945,-1.4810,1.3662,25.610,-109.878,-198.171,2,13
1.8442,-1.5649,1.0430,-1.280,-98.354,-183.110,2,13
1.9521,-1.4556,0.7915,-6.707,-93.171,-182.866,2,13
1.5952,-1.0366,2.0337,20.549,-73.354,-188.537,2,13
0.9854,0.1763,3.6064,124.024,11.402,-181.707,2,13
0.3306,2.0298,4.1040,186.768,83.598,-141.707,2,13
-0.5752,4.1650,5.4863,114.268,126.829,-82.378,2,13
-1.9004,6.6440,7.1807,-7.073,152.439,16.341,2,13
-13.0703,9.3423,4.6118,-227.439,195.549,210.122,2,13
1.1021,0.1094,0.3022,51.341,136.951,-54.268,1,13
1.0391,0.0981,0.3218,54.756,134.207,-56.037,1,13
0.9585,0.0796,0.3232,58.476,130.976,-57.866,1,13
0.8857,0.0654,0.3257,61.646,128.171,-59.268,1,13
0.8115,0.0464,0.3286,65.183,125.793,-59.634,1,13
0.7373,0.0234,0.3315,67.378,124.085,-59.451,1,13
0.6768,-0.0044,0.3394,68.902,123.049,-57.866,1,13
0.6377,-0.0234,0.3394,69.634,123.049,-55.427,1,13
-3.8608,1.3687,3.9971,218.232,-211.159,-217.012,2,13
-4.0654,1.3047,3.9663,332.561,-399.939,-64.939,2,13
-3.9443,0.9390,2.1191,402.683,-514.512,30.854,2,13
-4.4692,0.9058,1.6924,368.598,-437.866,4.146,2,13
-4.4844,0.9697,1.4795,342.073,-314.817,-35.122,2,13
-4.0474,1.2007,1.5957,343.171,-210.305,-62.012,2,13
-3.6563,1.3345,1.8506,294.756,-135.732,-85.671,2,13
-3.0952,1.3311,1.9834,204.939,-86.707,-104.634,2,13
-2.5654,1.2197,1.8955,103.537,-59.146,-117.317,2,13
-2.1489,1.0034,1.6602,9.390,-42.439,-121.646,2,13
-1.8726,0.7881,1.3770,-72.012,-32.073,-120.732,2,13
-1.6978,0.6123,1.0752,-142.439,-19.512,-114.573,2,13
-1.5610,0.4805,0.7964,-194.085,-2.561,-100.000,2,13
-1.5391,0.4033,0.5762,-225.976,14.573,-78.232,2,13
-1.5303,0.4521,0.3809,-242.500,33.049,-48.171,2,13
-1.5415,0.4746,0.2939,-240.854,45.061,-8.171,2,13
-1.5591,0.5093,0.2490,-217.561,36.341,29.207,2,13
-1.5811,0.5688,0.2271,-190.244,12.317,58.841,2,13
-1.6055,0.5845,0.1738,-166.463,-19.939,75.610,2,13
-1.6196,0.6089,0.1289,-147.927,-55.000,81.890,2,13
-1.6597,0.6440,0.0557,-134.085,-88.293,77.195,2,13
-1.6753,0.7271,-0.0278,-122.866,-115.793,66.037,2,13
-1.6733,0.8306,-0.1548,-113.293,-134.329,52.073,2,13
-1.6758,0.9590,-0.2739,-102.683,-142.439,39.390,2,13
-1.6543,1.0762,-0.3877,-87.866,-140.305,31.402,2,13
-1.6147,1.1416,-0.4712,-69.146,-131.524,27.195,2,13
-1.5474,1.1592,-0.5000,-47.378,-119.512,25.427,2,13
-1.4487,1.1128,-0.4653,-24.512,-108.354,25.915,2,13
-1.3569,1.0044,-0.4126,-2.317,-100.305,27.317,2,13
-1.2456,0.8496,-0.3320,17.988,-97.073,29.207,2,13
-1.1377,0.6558,-0.2612,34.939,-98.902,30.488,2,13
-1.0347,0.4517,-0.1997,49.329,-103.293,30.732,2,13
-0.9258,0.2559,-0.1411,59.878,-109.878,30.427,2,13
-0.8242,0.0630,-0.0957,65.732,-116.524,29.573,2,13
-0.7388,-0.0991,-0.0278,67.622,-122.561,27.683,2,13
-0.6572,-0.2520,0.0298,65.305,-127.317,25.915,2,13
-0.5850,-0.3765,0.0698,61.341,-129.329,23.537,2,13
-0.5083,-0.4839,0.1108,55.732,-130.122,21.646,2,13
-0.4438,-0.5718,0.1313,48.841,-128.354,19.939,2,13
-0.3794,-0.6431,0.1250,41.768,-124.878,18.963,2,13
-0.3257,-0.6963,0.1089,34.817,-118.354,18.232,2,13
-0.2451,-0.7451,0.0771,27.561,-108.354,18.841,2,13
-0.1631,-0.8013,0.0376,22.012,-95.244,20.000,2,13
-0.0640,-0.8687,0.0146,18.963,-80.244,21.037,2,13
0.0093,-0.9009,0.0054,17.195,-65.427,21.280,2,13
0.0869,-0.9399,0.0039,17.500,-51.463,21.524,2,13
0.1724,-0.9722,-0.0054,20.061,-38.476,22.561,2,13
0.2476,-0.9819,0.0000,24.939,-26.159,24.512,2,13
0.3345,-1.0015,0.0015,31.524,-14.695,26.402,2,13
0.4204,-1.0137,-0.0049,38.841,-4.695,29.329,2,13
0.5044,-1.0142,-0.0068,46.402,4.085,31.585,2,13
0.6055,-1.0127,-0.0220,53.415,10.671,33.841,2,13
0.6904,-1.0146,-0.0210,60.183,15.793,36.037,2,13
0.7695,-1.0132,-0.0220,66.402,19.329,38.415,2,13
0.8486,-1.0142,-0.0073,72.866,21.098,40.366,2,13
0.9063,-1.0049,0.0249,79.207,21.646,42.805,2,13
1.0723,-1.0479,0.2793,112.256,5.732,74.695,2,13
1.0439,-1.0776,0.2764,111.829,2.134,80.488,2,13
1.0146,-1.1187,0.2778,111.159,-0.793,85.427,2,13
0.9805,-1.1484,0.2837,110.549,-2.012,89.207,2,13
0.9463,-1.1890,0.2900,109.695,-1.098,91.098,2,13
0.9131,-1.2246,0.2920,108.537,1.951,91.220,2,13
0.9014,-1.2607,0.3062,107.378,7.256,89.573,2,13
0.8848,-1.2939,0.3105,105.183,14.390,86.220,2,13
0.8760,-1.3325,0.3130,101.463,22.134,82.805,2,13
0.8936,-1.3657,0.3096,96.768,30.732,78.537,2,13
0.9087,-1.4087,0.2871,90.793,38.902,75.122,2,13
0.9307,-1.4531,0.2666,85.244,46.524,72.012,2,13
0.9536,-1.5146,0.2617,80.671,52.805,70.000,2,13
0.9824,-1.5571,0.2402,77.561,58.415,69.451,2,13
1.0225,-1.6108,0.2271,76.220,63.537,68.780,2,13
1.0562,-1.6509,0.2207,76.585,68.232,68.841,2,13
1.1006,-1.6802,0.2124,78.171,73.476,68.659,2,13
1.1504,-1.7070,0.2236,80.915,78.659,68.598,2,13
1.1938,-1.7139,0.2324,84.329,84.268,68.110,2,13
1.2383,-1.7236,0.2456,87.439,89.878,67.622,2,13
1.2837,-1.7241,0.2598,90.305,95.000,66.829,2,13
1.3218,-1.7222,0.2861,92.256,100.061,65.366,2,13
1.3613,-1.7153,0.3018,93.659,103.537,63.841,2,13
1.3945,-1.7026,0.3296,94.817,106.585,61.402,2,13
1.4146,-1.6904,0.3652,94.817,108.110,58.293,2,13
1.4424,-1.6768,0.3857,93.354,107.866,53.963,2,13
1.4648,-1.6841,0.4180,90.183,106.098,48.720,2,13
1.4707,-1.6851,0.4414,85.061,102.378,43.415,2,13
1.4746,-1.6978,0.4482,79.146,96.707,37.561,2,13
1.4829,-1.7158,0.4434,73.232,89.268,32.683,2,13
1.4712,-1.7290,0.4316,67.561,79.878,27.805,2,13
1.4785,-1.7500,0.3960,63.720,69.756,23.171,2,13
1.3511,-1.7598,0.0854,21.890,29.451,-13.232,2,13
1.3384,-1.7539,0.0508,13.354,30.732,-17.805,2,13
1.3345,-1.7407,0.0322,5.244,32.317,-22.500,2,13
1.3223,-1.7295,0.0098,-2.622,33.049,-27.073,2,13
1.3125,-1.7173,-0.0024,-10.488,33.171,-31.524,2,13
1.2998,-1.7046,-0.0078,-17.683,32.683,-35.793,2,13
1.2817,-1.6787,-0.0049,-24.024,31.890,-39.878,2,13
1.2598,-1.6475,-0.0044,-30.244,30.183,-44.085,2,13
1.2466,-1.6118,-0.0068,-35.427,28.598,-48.049,2,13
1.2212,-1.5693,0.0000,-41.159,26.890,-51.341,2,13
1.1987,-1.5132,-0.0024,-47.134,25.610,-54.329,2,13
1.1812,-1.4624,0.0054,-53.171,24.207,-56.646,2,13
1.1616,-1.4131,0.0000,-59.146,23.049,-58.537,2,13
1.1323,-1.3569,0.0073,-64.085,22.378,-59.634,2,13
1.1123,-1.2988,0.0005,-68.720,21.159,-60.915,2,13
1.0908,-1.2319,-0.0073,-72.927,20.061,-61.646,2,13
0.5151,0.7983,-0.1787,-52.012,-116.463,95.244,1,13
0.5073,0.7729,-0.1753,-50.366,-116.524,97.317,1,13
0.5103,0.7627,-0.1758,-48.720,-116.463,98.902,1,13
0.5005,0.7510,-0.1665,-47.378,-116.220,100.122,1,13
0.5005,0.7466,-0.1777,-46.524,-115.915,101.098,1,13
0.4951,0.7231,-0.1807,-45.183,-115.244,102.256,1,13
0.4912,0.7129,-0.1855,-44.329,-115.061,102.805,1,13
0.4868,0.7095,-0.1729,-43.537,-114.817,103.110,1,13
0.4800,0.6958,-0.1680,-42.378,-114.024,103.659,1,13
0.4692,0.6812,-0.1670,-41.890,-113.659,103.720,1,13
0.4722,0.6846,-0.1694,-40.305,-112.866,103.841,1,13
0.4697,0.6738,-0.1719,-39.268,-111.829,103.780,1,13
0.4663,0.6689,-0.1714,-37.683,-111.159,103.537,1,13
0.4639,0.6733,-0.1626,-35.793,-109.756,103.476,1,13
0.4697,0.6606,-0.1704,-33.171,-108.841,102.805,1,13
0.4648,0.6670,-0.1650,-31.037,-107.805,102.622,1,13
0.4717,0.6611,-0.1704,-28.110,-106.768,102.073,1,13
0.4819,0.6665,-0.1602,-25.366,-105.427,101.768,1,13
0.4736,0.6572,-0.1719,-22.805,-104.146,100.915,1,13
0.4839,0.6606,-0.1665,-19.451,-103.171,100.671,1,13
0.4888,0.6499,-0.1680,-17.012,-102.134,100.122,1,13
0.4844,0.6445,-0.1533,-13.841,-101.098,99.207,1,13
0.4893,0.6387,-0.1582,-11.280,-100.366,98.415,1,13
0.4976,0.6235,-0.1519,-8.049,-99.756,97.622,1,13
0.7661,-0.2319,-0.1357,15.671,58.110,-19.329,2,13
0.7607,-0.2549,-0.1436,18.963,60.976,-18.659,2,13
0.7563,-0.2876,-0.1260,22.378,63.720,-17.744,2,13
0.7417,-0.3213,-0.1152,25.854,66.524,-17.134,2,13
0.7417,-0.3408,-0.0957,28.720,69.390,-16.707,2,13
0.7227,-0.3730,-0.0620,30.854,72.317,-16.159,2,13
0.7266,-0.3945,-0.0332,32.073,75.000,-15.549,2,13
0.7280,-0.4126,0.0024,32.073,78.354,-14.756,2,13
0.7241,-0.4385,0.0254,30.488,81.220,-14.390,2,13
0.7227,-0.4541,0.0547,27.622,83.598,-13.354,2,13
0.7217,-0.4746,0.0801,23.780,85.793,-12.378,2,13
0.7295,-0.4946,0.1123,19.207,87.805,-11.768,2,13
0.7295,-0.5093,0.1294,14.146,88.659,-10.244,2,13
0.7266,-0.5146,0.1631,8.780,90.000,-9.146,2,13
0.7280,-0.5068,0.1772,3.780,90.061,-7.622,2,13
0.7222,-0.5024,0.2007,-1.646,90.061,-6.402,2,13
0.7241,-0.4985,0.2017,-6.707,89.329,-5.000,2,13
0.7314,-0.4790,0.2119,-12.317,88.354,-4.268,2,13
0.7300,-0.4551,0.2026,-17.683,86.890,-2.805,2,13
0.7271,-0.4326,0.2144,-22.439,85.366,-1.463,2,13
0.7236,-0.4214,0.2095,-27.195,83.537,0.244,2,13
0.7119,-0.3994,0.2095,-30.671,81.768,2.744,2,13
0.6987,-0.3838,0.2148,-32.988,80.244,5.671,2,13
0.6680,-0.3687,0.2051,-34.512,79.024,8.659,2,13
0.6484,-0.3462,0.2168,-34.268,77.866,12.256,2,13
0.6123,-0.3315,0.2222,-32.988,77.439,15.610,2,13
0.5825,-0.3110,0.2310,-30.610,77.683,19.085,2,13
0.5586,-0.2993,0.2397,-27.134,78.232,23.049,2,13
0.5405,-0.2695,0.2510,-23.354,79.573,26.220,2,13
0.5210,-0.2544,0.2524,-19.634,81.585,29.817,2,13
0.4990,-0.2373,0.2573,-15.488,84.207,32.683,2,13
0.4785,-0.2266,0.2520,-11.098,87.073,35.976,2,13
0.4668,-0.2007,0.2388,-6.524,89.939,38.963,2,13
0.4517,-0.1919,0.2261,-2.256,92.866,41.524,2,13
0.4331,-0.1841,0.2188,2.073,95.671,43.720,2,13
0.4204,-0.1733,0.2021,7.012,98.415,45.610,2,13
0.4014,-0.1768,0.2021,13.232,101.037,47.866,2,13
0.3828,-0.1685,0.1992,19.695,103.963,49.573,2,13
0.3657,-0.1738,0.1929,26.646,106.646,51.341,2,13
0.3379,-0.1802,0.1997,34.634,109.512,52.805,2,13
0.1479,-0.5615,0.3994,66.220,158.232,62.866,2,13
0.1553,-0.5610,0.4380,64.024,162.256,63.232,2,13
0.1494,-0.5542,0.4722,61.829,167.012,62.988,2,13
0.1533,-0.5493,0.5142,58.354,171.463,63.659,2,13
0.1494,-0.5303,0.5542,54.024,175.976,64.207,2,13
0.1455,-0.5112,0.5933,48.780,179.695,65.793,2,13
0.1465,-0.4937,0.6348,43.415,183.171,67.073,2,13
0.1587,-0.4751,0.6787,37.866,186.159,69.512,2,13
0.3560,0.8628,-0.5649,-60.793,-9.512,-27.500,1,13
0.3457,0.9097,-0.5698,-60.366,-9.085,-30.488,1,13
0.3394,0.9712,-0.5693,-58.720,-8.902,-33.963,1,13
0.3208,1.0288,-0.5649,-58.354,-8.659,-37.439,1,13
0.3081,1.1040,-0.5356,-57.744,-8.354,-40.915,1,13
0.2974,1.1616,-0.5229,-58.049,-8.537,-44.329,1,13
0.2715,1.2324,-0.4917,-57.866,-8.659,-47.195,1,13
0.2485,1.3066,-0.4692,-58.110,-9.451,-50.488,1,13
0.1831,-0.3525,0.7607,12.500,187.988,105.488,2,13
0.2026,-0.3354,0.7324,13.598,186.951,110.610,2,13
0.2139,-0.3257,0.7354,16.402,187.073,115.366,2,13
0.2310,-0.3145,0.7324,19.878,188.415,120.122,2,13
0.2578,-0.3027,0.7344,23.841,191.463,124.573,2,13
0.2847,-0.2925,0.7500,28.232,195.854,128.720,2,13
0.3022,-0.2847,0.7588,32.073,201.585,132.439,2,13
0.3350,-0.2788,0.7783,36.280,208.659,135.305,2,13
0.3848,-0.2852,0.7959,39.146,216.585,137.561,2,13
0.4282,-0.2993,0.8086,41.280,224.695,138.963,2,13
0.4893,-0.3169,0.8311,42.622,232.927,139.207,2,13
0.5527,-0.3564,0.8594,43.293,241.341,139.268,2,13
0.6313,-0.3926,0.8887,43.659,249.207,137.927,2,13
0.7129,-0.4541,0.9365,44.268,257.500,135.610,2,13
0.8203,-0.5088,1.0000,44.817,265.976,131.890,2,13
0.9312,-0.5645,1.0728,45.793,274.634,127.500,2,13
-0.5410,2.1831,-0.7617,0.915,27.134,-55.915,1,13
-0.5923,2.2446,-0.7920,9.573,32.744,-56.707,1,13
-0.6426,2.3018,-0.7881,18.110,38.232,-57.134,1,13
-0.6865,2.3472,-0.7920,27.561,44.756,-57.317,1,13
-0.7271,2.3926,-0.7783,37.195,51.402,-57.805,1,13
-0.7607,2.4399,-0.7671,47.561,57.866,-57.866,1,13
-0.7930,2.4814,-0.7407,58.354,65.244,-57.866,1,13
-0.8203,2.5093,-0.7168,69.329,72.622,-57.988,1,13
-0.8433,2.5464,-0.6797,80.732,80.000,-57.927,1,13
-0.8677,2.5630,-0.6489,91.524,87.744,-57.500,1,13
-0.8750,2.5820,-0.6255,102.073,95.183,-57.622,1,13
-0.8818,2.5898,-0.5771,112.439,102.439,-57.683,1,13
-0.8862,2.5889,-0.5386,121.707,109.817,-58.841,1,13
-0.8813,2.5854,-0.4927,131.037,116.402,-60.000,1,13
-0.8799,2.5737,-0.4575,138.841,123.171,-61.341,1,13
-0.8657,2.5532,-0.4229,146.098,129.207,-63.232,1,13
-0.7539,2.0347,-0.2021,167.805,163.415,-81.463,1,13
-0.7402,1.9722,-0.2080,166.890,165.000,-82.988,1,13
-0.7217,1.9023,-0.2129,165.366,165.854,-84.207,1,13
-0.7031,1.8345,-0.2163,163.720,166.768,-85.000,1,13
-0.6748,1.7690,-0.2217,162.195,168.110,-85.244,1,13
-0.6450,1.6997,-0.2427,160.793,169.390,-85.793,1,13
-0.6050,1.6436,-0.2446,159.756,171.646,-85.732,1,13
-0.5615,1.5811,-0.2568,159.512,173.476,-85.671,1,13
5.8125,-4.5898,2.9775,-171.768,-390.000,-178.963,2,13
5.6455,-4.5254,2.9648,-189.512,-402.439,-195.488,2,13
5.3267,-4.3428,2.9595,-220.976,-423.476,-227.439,2,13
4.9771,-4.0615,3.0625,-245.549,-436.585,-255.854,2,13
4.6201,-3.7354,3.1763,-265.854,-440.305,-281.280,2,13
4.2646,-3.4248,3.2886,-285.671,-439.085,-302.744,2,13
3.9478,-3.1787,3.3613,-306.220,-435.427,-320.427,2,13
3.6558,-3.0039,3.3711,-325.732,-432.195,-335.366,2,13
3.3042,-2.8267,3.2827,-348.049,-432.195,-356.037,2,13
3.1079,-2.6938,3.1763,-355.122,-433.598,-369.939,2,13
3.0137,-2.6138,3.1226,-355.732,-434.695,-376.890,2,13
2.7295,-2.3135,2.9775,-349.451,-437.195,-397.622,2,13
2.5688,-2.0562,2.8550,-341.646,-437.561,-410.854,2,13
2.4194,-1.7832,2.7397,-335.183,-438.293,-423.232,2,13
2.3091,-1.5190,2.6001,-331.646,-438.110,-433.293,2,13
2.2363,-1.2769,2.4287,-330.244,-438.110,-440.244,2,13
1.3281,0.7046,0.5073,210.244,258.963,-11.220,1,13
1.5244,0.6074,0.5825,204.634,262.805,1.707,1,13
1.7163,0.5088,0.6621,194.634,265.854,16.402,1,13
1.9355,0.3613,0.7651,182.439,263.963,32.378,1,13
2.1626,0.1816,0.8677,171.646,255.793,46.890,1,13
2.3521,0.0220,0.9648,163.415,240.427,60.000,1,13
2.4653,-0.1348,1.0439,157.866,220.671,70.305,1,13
2.4565,-0.2700,1.1021,154.573,197.317,75.305,1,13
1.9707,0.3511,0.8696,-285.854,-306.402,-349.451,2,13
1.9854,0.4668,0.7739,-274.634,-267.866,-331.037,2,13
2.0225,0.5718,0.7261,-259.329,-224.878,-311.951,2,13
2.0591,0.6865,0.6973,-237.317,-179.512,-290.671,2,13
2.0591,0.8164,0.7500,-208.720,-133.780,-266.524,2,13
2.0034,0.9565,0.8232,-174.939,-90.427,-238.537,2,13
1.8940,1.0566,0.9121,-140.244,-51.037,-206.707,2,13
1.6187,1.1191,1.5107,-102.744,-16.768,-168.232,2,13
0.5537,-0.9517,0.2378,141.037,112.500,22.012,1,13
0.5146,-0.9214,0.1841,136.402,110.915,18.963,1,13
0.4878,-0.8779,0.1372,131.280,108.659,16.829,1,13
0.4585,-0.8428,0.1025,125.183,106.159,14.573,1,13
0.4399,-0.7964,0.0854,117.866,103.659,12.683,1,13
0.4111,-0.7588,0.0654,110.122,101.829,10.732,1,13
0.3955,-0.7397,0.0532,102.195,100.427,8.963,1,13
0.3901,-0.7251,0.0405,93.963,99.634,6.707,1,13
0.4097,-0.7183,0.0249,85.854,100.000,5.183,1,13
0.4380,-0.7261,-0.0088,78.171,101.037,4.329,1,13
0.4819,-0.7275,-0.0288,70.244,102.134,3.537,1,13
0.5527,-0.7275,-0.0562,61.829,103.171,2.866,1,13
0.6460,-0.7378,-0.0864,52.927,103.720,2.866,1,13
0.7236,-0.7363,-0.1274,43.537,103.720,2.500,1,13
0.8247,-0.7300,-0.1733,33.841,103.110,1.341,1,13
0.9087,-0.7031,-0.2427,23.415,101.768,0.305,1,13
0.9878,-0.6685,-0.2930,12.805,99.512,-1.402,1,13
1.0469,-0.6221,-0.3545,2.134,96.524,-3.415,1,13
1.0938,-0.5615,-0.4194,-8.902,92.927,-5.366,1,13
1.1211,-0.4917,-0.4922,-19.024,88.354,-7.744,1,13
1.1431,-0.3999,-0.5542,-27.439,83.354,-10.183,1,13
1.1396,-0.3101,-0.6084,-35.183,78.110,-12.317,1,13
1.1196,-0.2261,-0.6577,-42.439,72.378,-14.695,1,13
1.1050,-0.1470,-0.7188,-47.683,66.402,-16.890,1,13
1.0767,-0.0327,-0.7988,-52.317,57.134,-18.963,1,13
1.0659,0.0010,-0.8276,-53.598,53.841,-19.573,1,13
1.0649,0.0649,-0.8760,-56.341,47.500,-19.634,1,13
1.0571,0.1196,-0.9170,-58.780,41.463,-19.939,1,13
1.0801,0.1729,-1.0020,-61.159,32.195,-19.024,1,13
1.0933,0.1997,-1.0605,-61.707,26.951,-17.500,1,13
1.1201,0.2256,-1.1079,-61.524,21.646,-16.098,1,13
1.1479,0.2607,-1.1553,-62.256,17.500,-14.268,1,13
1.1636,0.2832,-1.1763,-63.963,13.963,-12.988,1,13
1.1816,0.3091,-1.1851,-65.427,10.061,-11.829,1,13
1.1987,0.3325,-1.1987,-67.012,6.159,-11.402,1,13
1.2173,0.3540,-1.1831,-67.134,1.951,-11.159,1,13
1.2114,0.3794,-1.1665,-67.683,-1.585,-11.159,1,13
1.2261,0.4087,-1.1318,-68.171,-5.244,-10.976,1,13
1.2368,0.4409,-1.1069,-68.537,-8.659,-10.915,1,13
1.2397,0.4629,-1.0410,-69.024,-12.012,-10.610,1,13
1.3369,0.6113,-0.8018,-78.049,-50.671,-10.732,1,13
1.3330,0.6421,-0.7622,-78.902,-53.293,-12.988,1,13
1.3354,0.6724,-0.7227,-79.573,-56.402,-15.549,1,13
1.3350,0.7026,-0.6870,-79.085,-58.902,-17.866,1,13
1.3374,0.7544,-0.6514,-77.622,-61.524,-19.817,1,13
1.3457,0.7964,-0.6089,-76.768,-64.146,-20.976,1,13
1.3545,0.8467,-0.5635,-75.122,-66.646,-22.012,1,13
1.3594,0.8745,-0.5313,-72.439,-69.207,-21.707,1,13
0.4224,-1.1099,0.3145,72.988,21.280,-80.061,2,13
0.5361,-1.1265,0.3262,71.341,36.098,-88.780,2,13
0.6396,-1.1353,0.3496,71.951,47.988,-98.902,2,13
0.7593,-1.1138,0.3433,75.488,56.707,-107.561,2,13
0.9058,-1.0830,0.3643,80.000,63.293,-114.451,2,13
1.0415,-1.0352,0.3887,84.939,68.963,-117.988,2,13
1.1494,-0.9946,0.4253,88.476,72.622,-119.756,2,13
1.2173,-0.9941,0.4727,92.744,73.841,-119.451,2,13
1.3286,-0.9502,0.5073,95.427,73.598,-118.659,2,13
1.4092,-0.9180,0.5513,96.890,72.195,-116.585,2,13
1.4863,-0.8555,0.6265,95.305,69.573,-112.683,2,13
1.5244,-0.8062,0.6851,90.244,64.939,-105.305,2,13
1.5591,-0.7310,0.7310,84.024,57.378,-95.610,2,13
1.5542,-0.6816,0.7642,75.793,47.805,-82.805,2,13
1.5356,-0.6475,0.7773,68.476,36.463,-68.537,2,13
1.5220,-0.5942,0.7905,62.134,24.634,-54.024,2,13
1.4966,-0.5713,0.7739,55.549,13.720,-39.756,2,13
1.4712,-0.5605,0.7397,49.939,3.171,-26.890,2,13
1.4419,-0.5601,0.6890,45.671,-6.220,-14.939,2,13
1.4072,-0.5850,0.6226,41.098,-13.902,-3.963,2,13
1.3589,-0.6240,0.5522,38.293,-20.000,4.695,2,13
1.3115,-0.6689,0.4727,36.280,-24.024,11.829,2,13
1.2676,-0.7158,0.4058,35.549,-25.976,16.585,2,13
1.2212,-0.7588,0.3345,37.134,-25.305,19.878,2,13
1.1772,-0.7886,0.2773,39.512,-22.378,20.610,2,13
1.1421,-0.8062,0.2510,43.598,-16.585,20.305,2,13
1.1089,-0.8159,0.2319,48.963,-8.537,18.049,2,13
1.0996,-0.8237,0.2241,53.720,1.341,16.037,2,13
1.0923,-0.8159,0.2349,57.134,12.317,12.561,2,13
1.1025,-0.8174,0.2461,58.049,23.110,10.000,2,13
1.1104,-0.8267,0.2524,57.012,33.598,7.805,2,13
1.1421,-0.8428,0.2764,54.451,42.683,6.402,2,13
1.1685,-0.8579,0.2905,49.817,50.427,5.732,2,13
1.1987,-0.8809,0.3037,44.939,56.037,5.610,2,13
1.2197,-0.9102,0.3242,40.061,60.122,5.915,2,13
1.2529,-0.9292,0.3511,35.976,63.049,5.549,2,13
1.2827,-0.9517,0.3633,32.866,64.512,5.854,2,13
1.3223,-0.9492,0.3945,30.488,65.305,5.671,2,13
1.3516,-0.9531,0.4268,28.659,65.122,5.122,2,13
1.3682,-0.9497,0.4561,26.951,63.963,4.878,2,13
1.3872,-0.9165,0.4702,25.732,62.439,5.000,2,13
1.4058,-0.9028,0.4956,23.780,59.878,5.305,2,13
1.4131,-0.8667,0.5029,21.585,56.707,6.098,2,13
1.4272,-0.8340,0.4956,19.146,52.378,7.317,2,13
1.4326,-0.8003,0.4824,17.012,47.500,8.963,2,13
1.4443,-0.7632,0.4565,15.244,41.829,10.488,2,13
1.4492,-0.7446,0.4170,14.207,35.427,11.951,2,13
1.4600,-0.7236,0.3716,14.207,29.146,12.988,2,13
1.4609,-0.7100,0.3105,15.244,20.488,15.061,2,13
1.4531,-0.7046,0.2886,15.732,18.049,16.037,2,13
1.4443,-0.6978,0.2407,18.232,13.963,17.744,2,13
1.4106,-0.7056,0.1655,23.354,10.305,21.098,2,13
1.4048,-0.7095,0.1465,25.732,10.000,21.951,2,13
1.3950,-0.7144,0.1055,30.183,9.695,24.024,2,13
1.3716,-0.7197,0.0718,35.366,11.280,25.488,2,13
1.3564,-0.7349,0.0464,40.732,13.598,26.768,2,13
0.5762,0.2681,-0.0259,-47.988,-93.171,103.049,1,13
0.5684,0.2563,-0.0190,-54.268,-91.951,104.146,1,13
0.5591,0.2412,-0.0029,-61.463,-90.366,105.122,1,13
0.5488,0.2354,0.0103,-68.841,-89.024,105.793,1,13
0.5425,0.2236,0.0327,-76.463,-87.439,106.098,1,13
0.5205,0.2207,0.0371,-84.573,-85.854,106.280,1,13
0.5049,0.2183,0.0498,-92.378,-84.024,106.829,1,13
0.4897,0.2104,0.0674,-99.756,-81.951,107.073,1,13
0.4741,0.2036,0.0630,-107.073,-80.000,107.317,1,13
0.4556,0.2070,0.0752,-113.963,-77.683,107.378,1,13
0.4233,0.2026,0.0703,-120.549,-75.671,107.317,1,13
0.4067,0.2012,0.0640,-127.073,-73.841,107.073,1,13
0.3862,0.1948,0.0703,-133.049,-72.439,106.585,1,13
0.3687,0.1987,0.0708,-139.085,-70.671,106.402,1,13
0.3467,0.1948,0.0684,-144.817,-68.720,106.159,1,13
0.3276,0.1973,0.0679,-149.695,-66.829,105.427,1,13
0.3057,0.1978,0.0518,-154.451,-64.207,105.610,1,13
0.2871,0.2007,0.0498,-158.598,-62.134,105.122,1,13
0.2681,0.1943,0.0352,-161.768,-59.939,103.963,1,13
0.2485,0.2085,0.0288,-164.817,-58.049,102.805,1,13
0.2354,0.2104,0.0195,-166.585,-56.280,101.585,1,13
0.2144,0.2061,-0.0005,-167.866,-54.268,99.939,1,13
0.2065,0.2100,0.0034,-168.841,-52.500,97.683,1,13
0.1890,0.2046,-0.0034,-169.451,-50.854,95.366,1,13
0.1812,0.2051,-0.0054,-170.000,-49.329,92.622,1,13
0.1694,0.1997,-0.0156,-169.939,-47.805,89.756,1,13
0.1582,0.1860,-0.0288,-168.902,-46.829,87.012,1,13
0.1597,0.1797,-0.0298,-168.476,-45.732,83.902,1,13
0.1484,0.1704,-0.0283,-167.134,-44.390,80.610,1,13
0.1489,0.1660,-0.0259,-165.854,-43.780,77.500,1,13
0.1450,0.1655,-0.0220,-164.573,-42.622,74.146,1,13
0.1450,0.1538,-0.0254,-163.415,-41.707,70.915,1,13
0.1440,0.1440,-0.0313,-161.037,-40.488,66.037,1,13
0.1421,0.1357,-0.0293,-159.878,-40.061,64.756,1,13
0.1543,0.1250,-0.0371,-157.744,-39.756,60.854,1,13
0.1455,0.1260,-0.0410,-155.305,-39.390,57.073,1,13
0.1572,0.1211,-0.0449,-151.463,-39.817,50.854,1,13
0.1592,0.1274,-0.0435,-150.000,-40.122,48.720,1,13
0.1646,0.1211,-0.0693,-145.549,-41.402,41.524,1,13
0.1685,0.1245,-0.0762,-142.744,-42.378,36.402,1,13
0.1714,0.1211,-0.0874,-140.122,-43.171,30.732,1,13
0.1802,0.1255,-0.1055,-137.134,-44.512,25.305,1,13
0.1797,0.1313,-0.1255,-133.780,-45.854,19.390,1,13
0.1865,0.1377,-0.1353,-130.915,-47.073,12.988,1,13
0.1860,0.1440,-0.1465,-128.598,-48.476,6.646,1,13
0.1846,0.1470,-0.1538,-126.341,-49.939,-0.244,1,13
0.1851,0.1514,-0.1665,-124.024,-52.439,-7.683,1,13
0.1948,0.1577,-0.1870,-121.341,-55.488,-14.878,1,13
0.1963,0.1733,-0.2002,-118.171,-59.390,-22.744,1,13
0.1987,0.1865,-0.2104,-115.732,-63.415,-30.427,1,13
0.2031,0.2031,-0.2241,-113.171,-67.866,-38.110,1,13
0.2114,0.2192,-0.2456,-111.646,-72.012,-45.854,1,13
0.2290,0.2349,-0.2646,-109.634,-76.402,-53.415,1,13
0.2446,0.2529,-0.3091,-107.073,-80.854,-60.976,1,13
0.2529,0.2788,-0.3472,-104.329,-85.305,-68.476,1,13
0.2700,0.3110,-0.3848,-100.915,-90.915,-76.037,1,13
0.5615,-0.6523,0.1836,-25.427,53.415,6.098,2,13
0.5439,-0.6284,0.1797,-31.768,50.854,5.366,2,13
0.5356,-0.5923,0.1787,-36.829,49.268,5.122,2,13
0.5229,-0.5498,0.1641,-41.037,48.476,5.244,2,13
0.4976,-0.5059,0.1650,-44.390,48.415,5.549,2,13
0.4854,-0.4521,0.1572,-46.463,49.390,6.646,2,13
0.4736,-0.4014,0.1621,-47.378,50.976,8.293,2,13
0.4570,-0.3516,0.1563,-47.683,53.354,10.427,2,13
0.4551,-0.2944,0.1538,-46.829,56.768,12.988,2,13
0.4409,-0.2446,0.1450,-45.427,60.000,16.037,2,13
0.4292,-0.1958,0.1519,-42.866,63.841,19.268,2,13
0.4136,-0.1523,0.1455,-39.207,67.683,23.476,2,13
0.3970,-0.1250,0.1440,-34.878,71.585,27.927,2,13
0.3843,-0.0884,0.1333,-28.902,75.488,32.500,2,13
0.3574,-0.0669,0.1445,-22.683,79.573,37.866,2,13
0.3320,-0.0483,0.1484,-15.854,83.415,43.110,2,13
0.0898,-0.1543,0.3330,34.268,127.012,87.805,2,13
0.0552,-0.1836,0.3618,35.549,131.646,91.951,2,13
0.0249,-0.2173,0.3809,35.732,135.671,95.610,2,13
0.0059,-0.2451,0.4146,35.610,139.390,99.207,2,13
-0.0161,-0.2793,0.4375,33.902,142.683,102.561,2,13
-0.0264,-0.3105,0.4419,32.195,145.122,105.915,2,13
-0.0459,-0.3506,0.4517,29.756,147.073,109.390,2,13
-0.0601,-0.3857,0.4634,26.890,148.537,111.890,2,13
-0.0874,-0.4116,0.4648,23.780,149.024,114.634,2,13
-0.0947,-0.4492,0.4609,21.402,149.939,116.951,2,13
-0.1060,-0.4712,0.4668,19.695,150.732,119.085,2,13
-0.1172,-0.4814,0.4653,18.720,151.768,120.793,2,13
-0.1123,-0.4868,0.4702,19.085,153.415,122.073,2,13
-0.1084,-0.4873,0.4697,20.244,155.976,122.805,2,13
-0.0918,-0.4727,0.4658,22.073,159.268,123.963,2,13
-0.0835,-0.4482,0.4570,23.720,163.780,124.756,2,13
-0.0400,-0.4097,0.4473,26.098,169.024,125.366,2,13
-0.0005,-0.3633,0.4282,28.659,175.244,125.610,2,13
0.0493,-0.3213,0.4155,31.037,183.049,125.610,2,13
0.1211,-0.2651,0.3999,34.146,192.012,125.244,2,13
0.1958,-0.2173,0.3906,37.866,202.256,123.841,2,13
0.2939,-0.1689,0.3867,43.293,214.268,121.829,2,13
0.4077,-0.1328,0.3901,49.695,228.049,118.293,2,13
0.5537,-0.1055,0.4092,56.646,243.598,111.768,2,13
0.7627,-0.0869,0.4219,62.622,261.463,101.829,2,13
1.0186,-0.0879,0.4297,68.110,280.976,86.890,2,13
1.3364,-0.1060,0.4258,71.098,300.122,66.159,2,13
1.7437,-0.1367,0.4307,70.732,315.122,41.220,2,13
2.2603,-0.2158,0.4438,70.122,323.780,18.232,2,13
2.8936,-0.2852,0.5190,73.659,324.695,2.073,2,13
3.5625,-0.3662,0.6763,79.451,321.890,1.280,2,13
4.1719,-0.4878,0.8423,84.756,318.415,18.293,2,13
-0.2104,2.3428,-0.6895,209.451,80.549,120.305,1,13
-0.2119,2.2759,-0.6494,217.134,82.073,113.476,1,13
-0.2114,2.2153,-0.6128,225.244,82.378,105.732,1,13
-0.2056,2.1333,-0.5820,233.293,81.646,97.500,1,13
-0.2017,2.0571,-0.5435,241.829,80.000,89.024,1,13
-0.2026,1.9839,-0.5220,251.159,77.378,80.427,1,13
-0.2061,1.9155,-0.4761,260.488,74.573,71.707,1,13
-0.2100,1.8560,-0.4595,269.268,71.341,63.598,1,13
-0.2197,1.7866,-0.4375,277.317,68.110,55.549,1,13
-0.2295,1.7197,-0.4238,285.305,65.427,48.171,1,13
-0.2417,1.6450,-0.4155,293.598,63.354,41.707,1,13
-0.2598,1.5845,-0.3994,302.378,62.134,35.122,1,13
-0.2793,1.5337,-0.3823,311.037,62.378,28.841,1,13
-0.3057,1.4702,-0.3516,319.451,63.232,22.134,1,13
-0.3267,1.4028,-0.3271,327.927,65.244,15.427,1,13
-0.3442,1.3208,-0.3042,336.341,68.720,8.659,1,13
-0.3564,1.2329,-0.2954,344.573,72.866,1.402,1,13
-0.3628,1.1372,-0.2627,352.683,77.805,-5.732,1,13
-0.3501,1.0361,-0.2251,360.732,83.963,-13.293,1,13
-0.3418,0.9360,-0.1611,368.354,91.585,-21.646,1,13
-0.3149,0.8442,-0.0898,375.854,99.451,-30.244,1,13
-0.2739,0.7632,-0.0156,382.927,107.927,-38.537,1,13
-0.2256,0.6865,0.1064,389.939,117.012,-45.793,1,13
-0.1641,0.6191,0.2100,396.829,126.159,-52.927,1,13
-0.0488,0.5313,0.4272,405.915,138.963,-61.829,1,13
-0.0103,0.5063,0.5024,408.720,143.293,-64.146,1,13
0.0552,0.4385,0.6499,412.439,150.732,-68.598,1,13
0.1470,0.3706,0.7974,415.488,157.195,-72.134,1,13
0.2515,0.2998,0.9438,416.768,161.890,-75.061,1,13
0.3389,0.2158,1.0522,417.927,164.024,-77.256,1,13
0.4443,0.1475,1.1421,420.183,162.134,-79.146,1,13
0.5420,0.0962,1.2432,422.317,156.646,-81.159,1,13
0.6479,0.0449,1.3604,423.963,140.793,-85.061,1,13
0.6768,0.0229,1.4561,424.573,125.854,-87.866,1,13
0.6880,0.0073,1.5059,425.732,109.512,-90.000,1,13
0.6782,0.0005,1.5308,429.329,91.951,-91.646,1,13
0.6431,0.0078,1.5649,433.902,75.244,-92.195,1,13
0.5903,0.0005,1.6421,437.012,61.220,-92.012,1,13
0.5132,-0.0205,1.7075,436.341,51.159,-90.671,1,13
0.4316,-0.0850,1.7422,435.427,44.817,-88.232,1,13
0.8696,-1.7896,4.6489,-102.195,22.256,-224.634,2,13
0.8428,-0.8394,6.3560,11.768,178.537,-248.598,2,13
0.0859,1.0034,7.1440,152.378,325.854,-282.561,2,13
-1.5137,3.3589,9.5239,170.732,371.768,-246.280,2,13
-3.6968,6.1045,13.0405,-2.134,359.817,-144.756,2,13
-8.5024,9.6348,15.9380,-410.671,192.317,69.756,2,13
-13.1313,8.0903,13.5210,-947.805,-318.232,382.012,2,13
-16.0000,-8.6108,-16.0000,-366.402,-647.073,407.927,2,13
-16.0000,4.5342,-15.9980,357.805,-187.866,64.207,2,13
-16.0000,2.1777,-3.9619,267.134,141.524,-68.354,2,13
-7.9321,-1.4473,-0.2593,-164.512,177.317,-212.988,2,13
-2.7119,-3.8711,-2.2363,-261.890,199.085,-160.427,2,13
-0.8828,-4.9912,-3.5347,-222.988,215.732,-57.866,2,13
-0.9487,-4.9131,-2.8140,-118.598,150.244,11.707,2,13
-0.6553,-3.8418,-1.0288,-52.988,43.537,30.244,2,13
-0.4849,-2.9316,0.4951,7.439,-2.134,15.732,2,13
-0.5225,-2.3066,1.4985,29.024,-17.439,-9.268,2,13
-0.7632,-1.8149,2.0005,40.732,-17.988,-40.854,2,13
-1.0313,-1.5024,2.3354,46.159,-26.463,-77.439,2,13
-1.2319,-1.3271,2.5845,58.537,-43.415,-118.720,2,13
-1.3364,-1.1035,2.8022,79.146,-60.000,-162.927,2,13
-1.3765,-0.8389,3.0869,101.280,-70.427,-208.598,2,13
-1.4717,-0.5649,3.3159,129.207,-75.183,-249.146,2,13
-1.5308,-0.1924,3.5024,165.976,-77.195,-280.061,2,13
0.6929,-1.6353,0.3511,87.500,71.280,-100.244,1,13
0.7861,-1.6084,0.2168,66.280,69.024,-100.366,1,13
0.8623,-1.5820,0.0908,45.000,66.280,-100.488,1,13
0.9238,-1.5273,-0.0420,24.390,64.634,-100.915,1,13
0.9541,-1.4668,-0.2109,4.695,64.573,-101.402,1,13
0.9619,-1.3853,-0.3931,-12.378,65.732,-102.683,1,13
0.9487,-1.2817,-0.6060,-26.646,67.988,-103.720,1,13
0.9365,-1.1597,-0.7983,-37.683,70.366,-103.902,1,13
0.9302,-1.0415,-0.9541,-47.561,72.012,-103.902,1,13
0.9248,-0.9321,-1.0654,-56.098,74.085,-103.232,1,13
0.9287,-0.8477,-1.1484,-62.378,76.220,-101.220,1,13
0.9453,-0.7803,-1.1919,-66.341,79.024,-98.780,1,13
1.0049,-0.7075,-1.2461,-69.085,82.866,-92.500,1,13
1.0273,-0.6914,-1.2588,-69.024,84.085,-89.939,1,13
1.0879,-0.6729,-1.2603,-69.634,86.098,-84.451,1,13
1.1489,-0.6646,-1.2578,-69.939,88.598,-78.049,1,13
1.2007,-0.6670,-1.2729,-70.122,90.732,-71.707,1,13
1.2505,-0.6816,-1.2817,-69.146,90.793,-65.427,1,13
1.3042,-0.6836,-1.2979,-67.500,88.598,-59.268,1,13
1.3418,-0.6855,-1.3120,-66.585,86.037,-54.512,1,13
1.3525,-0.6816,-1.3472,-65.488,79.939,-48.963,1,13
1.3564,-0.6763,-1.3647,-64.695,75.671,-45.976,1,13
1.3281,-0.6685,-1.3608,-63.598,71.707,-44.085,1,13
1.3022,-0.6631,-1.3755,-61.707,67.988,-42.805,1,13
1.2656,-0.6494,-1.3760,-58.598,64.695,-41.829,1,13
1.2324,-0.6284,-1.3789,-55.122,61.707,-41.463,1,13
1.2041,-0.6050,-1.3735,-51.159,58.780,-40.671,1,13
1.1738,-0.5913,-1.3452,-46.524,56.341,-40.671,1,13
1.1431,-0.5723,-1.3242,-42.256,54.207,-40.488,1,13
1.1128,-0.5537,-1.2900,-36.220,51.585,-40.976,1,13
1.0859,-0.5356,-1.2559,-30.366,48.902,-41.159,1,13
1.0620,-0.5186,-1.2236,-23.232,46.220,-41.402,1,13
1.0396,-0.5020,-1.1831,-16.402,43.171,-42.195,1,13
1.0068,-0.4814,-1.1436,-10.183,40.183,-42.683,1,13
0.9868,-0.4766,-1.0830,-4.329,37.805,-44.024,1,13
0.9634,-0.4795,-1.0317,0.976,36.280,-44.878,1,13
0.9434,-0.4927,-0.9839,5.061,35.000,-46.463,1,13
0.9326,-0.5034,-0.9404,8.232,34.268,-47.683,1,13
0.9204,-0.5151,-0.8906,10.122,34.512,-49.085,1,13
0.9092,-0.5239,-0.8496,10.122,35.122,-50.793,1,13
1.0078,-0.4307,-0.5723,-36.951,43.049,-58.354,1,13
1.0210,-0.4102,-0.5483,-43.659,42.256,-57.988,1,13
1.0342,-0.3848,-0.5269,-49.878,40.549,-58.232,1,13
1.0327,-0.3628,-0.5034,-55.854,39.085,-57.805,1,13
1.0483,-0.3472,-0.4868,-61.463,36.707,-57.622,1,13
1.0498,-0.3330,-0.4727,-67.012,33.720,-56.890,1,13
1.0532,-0.3228,-0.4707,-72.500,30.854,-56.341,1,13
1.0425,-0.3096,-0.4634,-78.110,27.927,-55.671,1,13
1.0322,-0.2959,-0.4380,-84.207,25.427,-55.305,1,13
1.0234,-0.2871,-0.4370,-89.817,22.927,-55.000,1,13
1.0093,-0.2827,-0.4253,-95.488,20.610,-54.695,1,13
0.9976,-0.2676,-0.4043,-100.915,18.720,-54.268,1,13
0.9819,-0.2524,-0.3936,-106.646,16.707,-54.451,1,13
0.9648,-0.2305,-0.3823,-112.561,15.061,-54.085,1,13
0.9487,-0.2139,-0.3623,-117.805,13.476,-54.085,1,13
0.9277,-0.1904,-0.3472,-122.622,11.585,-53.841,1,13
0.0410,-1.0078,0.3027,17.744,-167.195,-25.671,2,13
0.0181,-0.9888,0.2900,22.805,-168.171,-26.768,2,13
-0.0005,-0.9795,0.2617,27.927,-168.415,-27.744,2,13
-0.0215,-0.9810,0.2339,33.232,-168.598,-29.024,2,13
-0.0332,-0.9834,0.1973,37.012,-168.049,-30.671,2,13
-0.0464,-0.9980,0.1768,40.671,-166.037,-32.988,2,13
-0.0425,-1.0103,0.1558,43.841,-163.659,-35.915,2,13
-0.0391,-1.0215,0.1357,46.890,-160.671,-39.024,2,13
0.9229,-0.1665,-0.3403,-127.012,9.817,-53.537,1,13
0.9097,-0.1416,-0.3174,-131.463,8.171,-53.415,1,13
0.9102,-0.1260,-0.3159,-134.939,6.220,-52.927,1,13
0.9038,-0.1147,-0.3140,-137.317,4.939,-52.134,1,13
0.9028,-0.0864,-0.3140,-139.329,3.171,-51.159,1,13
0.9150,-0.0610,-0.3105,-141.402,2.134,-50.122,1,13
0.9146,-0.0249,-0.3125,-142.927,1.220,-49.085,1,13
0.9160,0.0034,-0.2944,-144.268,0.671,-48.415,1,13
0.9321,0.0518,-0.2871,-146.098,0.122,-46.951,1,13
0.9316,0.0728,-0.2764,-146.280,-0.305,-46.524,1,13
0.9395,0.1030,-0.2783,-146.524,-1.159,-46.159,1,13
0.9482,0.1279,-0.2715,-146.159,-1.951,-45.305,1,13
0.9575,0.1660,-0.2603,-145.732,-2.988,-44.634,1,13
0.9707,0.1943,-0.2520,-144.756,-3.780,-43.598,1,13
0.9849,0.2163,-0.2637,-144.634,-4.573,-42.439,1,13
1.0005,0.2476,-0.2822,-143.354,-5.671,-41.890,1,13
1.0229,0.3042,-0.2832,-141.280,-6.646,-40.366,1,13
1.0396,0.3311,-0.2900,-140.366,-7.866,-39.512,1,13
1.0557,0.3657,-0.3057,-138.293,-8.537,-38.293,1,13
1.0630,0.3989,-0.3032,-136.524,-9.268,-37.622,1,13
1.0713,0.4331,-0.3003,-134.024,-10.427,-36.829,1,13
1.0713,0.4634,-0.3022,-132.134,-11.463,-36.220,1,13
1.0747,0.4883,-0.3071,-129.451,-12.866,-35.854,1,13
1.0708,0.5210,-0.3184,-126.341,-14.695,-35.549,1,13
0.7876,-0.7134,-0.1206,30.366,-61.402,-63.293,2,13
0.8062,-0.7051,-0.1465,31.280,-59.146,-61.098,2,13
0.8232,-0.6948,-0.1694,32.927,-56.524,-59.756,2,13
0.8403,-0.6890,-0.1792,34.817,-54.207,-58.293,2,13
0.8555,-0.6699,-0.1987,37.439,-51.646,-56.829,2,13
0.8696,-0.6582,-0.2124,39.878,-48.841,-55.610,2,13
0.8892,-0.6367,-0.2246,41.524,-46.098,-54.146,2,13
0.9058,-0.6299,-0.2285,43.841,-43.171,-53.110,2,13
0.9102,-0.6206,-0.2334,45.488,-40.183,-51.951,2,13
0.9248,-0.6138,-0.2363,47.317,-37.256,-50.793,2,13
0.9365,-0.6069,-0.2319,48.293,-34.024,-50.000,2,13
0.9492,-0.6025,-0.2373,48.841,-30.793,-50.000,2,13
0.9663,-0.6030,-0.2388,48.476,-27.683,-49.939,2,13
0.9834,-0.6045,-0.2280,47.927,-24.451,-50.061,2,13
1.0088,-0.6094,-0.2231,47.256,-21.951,-49.939,2,13
1.0239,-0.6113,-0.2090,46.646,-19.512,-49.329,2,13
1.0322,-0.6133,-0.1943,45.427,-17.195,-49.146,2,13
1.0508,-0.6167,-0.1851,44.207,-15.488,-48.354,2,13
1.0645,-0.6152,-0.1768,43.110,-14.207,-47.744,2,13
1.0728,-0.6191,-0.1675,41.220,-13.049,-46.707,2,13
1.0898,-0.6270,-0.1606,39.024,-12.317,-45.854,2,13
1.1055,-0.6343,-0.1558,34.878,-12.195,-44.512,2,13
1.1118,-0.6489,-0.1631,30.549,-12.378,-42.805,2,13
1.1191,-0.6597,-0.1792,25.305,-12.622,-41.220,2,13
1.1372,-0.6797,-0.1938,19.573,-13.902,-38.902,2,13
1.1426,-0.7070,-0.2192,13.354,-14.817,-36.524,2,13
1.1519,-0.7290,-0.2437,7.439,-15.854,-34.207,2,13
1.1592,-0.7451,-0.2573,2.195,-16.341,-32.195,2,13
1.1626,-0.7563,-0.2725,-2.195,-16.524,-30.549,2,13
1.1724,-0.7627,-0.2861,-6.159,-16.768,-29.451,2,13
1.1914,-0.7490,-0.2891,-9.512,-16.220,-29.024,2,13
1.2046,-0.7402,-0.2935,-13.171,-15.427,-29.390,2,13
1.2114,-0.7178,-0.2939,-15.793,-14.573,-30.488,2,13
1.2266,-0.7036,-0.2817,-18.659,-13.415,-31.402,2,13
1.2324,-0.6621,-0.2754,-20.671,-12.439,-32.134,2,13
1.2295,-0.6323,-0.2651,-21.890,-12.256,-32.378,2,13
1.2134,-0.5952,-0.2524,-22.012,-12.561,-31.707,2,13
1.2041,-0.5464,-0.2441,-21.159,-13.415,-30.793,2,13
1.1938,-0.4990,-0.2373,-18.841,-13.902,-29.512,2,13
1.1772,-0.4570,-0.2314,-16.159,-14.878,-27.866,2,13
1.1563,-0.4224,-0.2285,-12.866,-15.305,-25.793,2,13
1.1445,-0.3887,-0.2280,-9.146,-15.610,-23.720,2,13
1.1196,-0.3618,-0.2402,-5.427,-15.183,-21.402,2,13
1.1123,-0.3389,-0.2529,-1.646,-14.512,-19.146,2,13
1.0991,-0.3237,-0.2617,2.317,-13.232,-16.768,2,13
1.0859,-0.3120,-0.2686,6.463,-11.341,-15.244,2,13
1.0757,-0.3130,-0.2808,10.671,-8.598,-14.207,2,13
1.0786,-0.3179,-0.2861,15.122,-4.817,-13.476,2,13
1.0630,-0.3374,-0.2993,19.024,-0.915,-13.659,2,13
1.0591,-0.3672,-0.3037,21.951,3.720,-13.720,2,13
1.0645,-0.4033,-0.3154,24.695,8.415,-13.720,2,13
1.0576,-0.4521,-0.3174,25.915,12.622,-13.232,2,13
1.0635,-0.5044,-0.3369,26.890,17.195,-12.683,2,13
1.0635,-0.5547,-0.3203,28.537,20.854,-12.561,2,13
1.0591,-0.6089,-0.3262,30.366,24.695,-12.317,2,13
1.0762,-0.6455,-0.3120,32.378,28.171,-12.622,2,13
1.0962,-0.6724,-0.2974,34.390,31.280,-13.293,2,13
1.1152,-0.6919,-0.2896,35.610,34.146,-14.451,2,13
1.1504,-0.7061,-0.2808,35.915,36.768,-15.244,2,13
1.1689,-0.7070,-0.2627,34.573,38.415,-16.098,2,13
1.1987,-0.7134,-0.2588,32.439,39.268,-16.402,2,13
1.2256,-0.7085,-0.2505,28.841,39.329,-17.195,2,13
1.2466,-0.7056,-0.2417,24.634,37.988,-17.927,2,13
1.2769,-0.6929,-0.2500,20.061,35.854,-18.354,2,13
0.8887,0.6455,-0.4629,-72.744,-30.671,50.976,1,13
0.8970,0.6421,-0.4600,-72.073,-30.122,50.854,1,13
0.9019,0.6387,-0.4595,-70.427,-29.634,50.793,1,13
0.9053,0.6333,-0.4492,-69.085,-29.512,50.854,1,13
0.9131,0.6294,-0.4521,-67.683,-29.268,50.244,1,13
0.9185,0.6274,-0.4570,-65.793,-28.963,50.061,1,13
0.9268,0.6177,-0.4521,-64.451,-28.780,49.268,1,13
0.9258,0.6074,-0.4634,-62.378,-28.963,48.963,1,13
1.2529,-0.6450,-0.3232,-2.378,11.463,-12.805,2,13
1.2310,-0.6382,-0.3369,-3.476,12.622,-10.793,2,13
1.2100,-0.6343,-0.3262,-4.451,14.939,-9.451,2,13
1.1880,-0.6265,-0.3350,-4.878,17.683,-7.683,2,13
1.1655,-0.6187,-0.3223,-5.122,20.671,-6.768,2,13
1.1602,-0.6069,-0.3203,-6.280,24.268,-6.159,2,13
1.1504,-0.5986,-0.3076,-7.256,27.500,-6.463,2,13
1.1558,-0.5874,-0.3081,-8.902,30.427,-7.195,2,13
1.1484,-0.5806,-0.3052,-12.134,33.232,-8.354,2,13
1.1479,-0.5825,-0.3003,-16.037,35.305,-9.268,2,13
1.1509,-0.5928,-0.3076,-20.854,35.976,-9.878,2,13
1.1606,-0.6030,-0.3149,-24.756,36.402,-10.366,2,13
1.1611,-0.6177,-0.3218,-27.988,36.463,-10.427,2,13
1.1592,-0.6240,-0.3154,-30.610,36.341,-10.427,2,13
1.1606,-0.6362,-0.3291,-32.988,36.159,-10.427,2,13
1.1543,-0.6377,-0.3228,-35.000,36.280,-10.000,2,13
1.0986,-0.3311,-0.2705,-45.122,47.073,3.110,2,13
1.0991,-0.2974,-0.2710,-41.220,45.793,3.659,2,13
1.0972,-0.2769,-0.2793,-36.463,44.146,5.244,2,13
1.0879,-0.2510,-0.2900,-30.854,42.195,6.768,2,13
1.0654,-0.2363,-0.2837,-24.390,40.610,9.024,2,13
1.0498,-0.2241,-0.2979,-17.317,39.512,11.280,2,13
1.0342,-0.1987,-0.3071,-10.488,38.293,13.720,2,13
1.0166,-0.1968,-0.3130,-2.866,38.049,16.159,2,13
0.6851,0.3735,-0.6294,-41.280,-17.256,-34.390,1,13
0.6650,0.3955,-0.6221,-39.390,-16.890,-35.488,1,13
0.6567,0.4141,-0.6123,-37.439,-16.707,-36.768,1,13
0.6416,0.4229,-0.6045,-35.671,-16.098,-37.927,1,13
0.6250,0.4346,-0.5942,-33.232,-16.098,-38.659,1,13
0.6138,0.4517,-0.5791,-31.220,-15.793,-39.390,1,13
0.6040,0.4683,-0.5718,-28.598,-15.671,-39.878,1,13
0.5923,0.4790,-0.5605,-26.037,-15.366,-40.427,1,13
0.7822,-0.5732,-0.0728,-1.524,28.537,13.963,2,13
0.7827,-0.5552,-0.0684,-2.805,27.866,12.927,2,13
0.7783,-0.5332,-0.0713,-6.402,26.159,12.134,2,13
0.7788,-0.5000,-0.0684,-9.146,25.183,11.463,2,13
0.7642,-0.4741,-0.0679,-11.524,23.963,10.976,2,13
0.7627,-0.4473,-0.0630,-14.329,23.354,10.671,2,13
0.7627,-0.4248,-0.0610,-15.915,22.805,10.427,2,13
0.7681,-0.3887,-0.0566,-17.500,21.768,10.610,2,13
